local_path,local_basename,size_bytes,sha256,error
C:\Users\tyler\Desktop\GitHub\HUNT-BUILDER\data_truth\draw_results_truth\raw_pdfs\2019_PERMITS=2020_MODEL\2019_PERMITS=2020_MODEL_L.E. COUGAR DRAW RESULTS.pdf,2019_PERMITS=2020_MODEL_L.E. COUGAR DRAW RESULTS.pdf,162480,ef23cd88492b9f1093909f2e1b1df69d9c057bc175b3768c1aa9fc1f565715cd,
C:\Users\tyler\Desktop\GitHub\HUNT-BUILDER\data_truth\draw_results_truth\raw_pdfs\2019_PERMITS=2020_MODEL\2019_PERMITS=2020_MODEL__0.I.L MOUNTAIN GOAT DRAW RESULTS.pdf,2019_PERMITS=2020_MODEL__0.I.L MOUNTAIN GOAT DRAW RESULTS.pdf,135408,c23b83e42146e817760d4d4ee443e1345a4463cc0f712d6eed1c5957be654b9c,
C:\Users\tyler\Desktop\GitHub\HUNT-BUILDER\data_truth\draw_results_truth\raw_pdfs\2019_PERMITS=2020_MODEL\2019_PERMITS=2020_MODEL__ANTLERLESS DEER DRAW RESULTS.pdf,2019_PERMITS=2020_MODEL__ANTLERLESS DEER DRAW RESULTS.pdf,195324,b33dbc30a2d55a1ea501130ecfe7a3e391d58f359a6f6cdab1411f3d20f54ffd,
C:\Users\tyler\Desktop\GitHub\HUNT-BUILDER\data_truth\draw_results_truth\raw_pdfs\2019_PERMITS=2020_MODEL\2019_PERMITS=2020_MODEL__ANTLERLESS ELK DRAW RESULTS.pdf,2019_PERMITS=2020_MODEL__ANTLERLESS ELK DRAW RESULTS.pdf,638827,33876590904848a89d634886fc193d436f28084a93ce2d99b36e41c6b559ce85,
C:\Users\tyler\Desktop\GitHub\HUNT-BUILDER\data_truth\draw_results_truth\raw_pdfs\2019_PERMITS=2020_MODEL\2019_PERMITS=2020_MODEL__ANTLERLESS MOOSE DRAW RESULTS.pdf,2019_PERMITS=2020_MODEL__ANTLERLESS MOOSE DRAW RESULTS.pdf,89999,74537d23c211334d2c299a8ce281c3cb8dc493a5decfd180b6546935277fb8a1,
C:\Users\tyler\Desktop\GitHub\HUNT-BUILDER\data_truth\draw_results_truth\raw_pdfs\2019_PERMITS=2020_MODEL\2019_PERMITS=2020_MODEL__ANTLERLESS PRONGHORN DRAW RESULTS.pdf,2019_PERMITS=2020_MODEL__ANTLERLESS PRONGHORN DRAW RESULTS.pdf,199182,71187f0bd515837602296c4a29af5a49e5d9f8f8b5c51b71f08c0c6142de1d50,
C:\Users\tyler\Desktop\GitHub\HUNT-BUILDER\data_truth\draw_results_truth\raw_pdfs\2019_PERMITS=2020_MODEL\2019_PERMITS=2020_MODEL__ANTLERLESS SUMMARY AND PURCHASE PAGES.pdf,2019_PERMITS=2020_MODEL__ANTLERLESS SUMMARY AND PURCHASE PAGES.pdf,102101,13c3731641151574d6755bb434458daba1df71c39cc54370f212fdfd22438214,
C:\Users\tyler\Desktop\GitHub\HUNT-BUILDER\data_truth\draw_results_truth\raw_pdfs\2019_PERMITS=2020_MODEL\2019_PERMITS=2020_MODEL__BLACK BEAR DRAW RESULTS.pdf,2019_PERMITS=2020_MODEL__BLACK BEAR DRAW RESULTS.pdf,396452,497ea326c1a9d10f0baa946a59c0ad120bc95ac6214e6d40e3439225ed09f2e8,
C:\Users\tyler\Desktop\GitHub\HUNT-BUILDER\data_truth\draw_results_truth\raw_pdfs\2019_PERMITS=2020_MODEL\2019_PERMITS=2020_MODEL__BLACK BEAR SUMMARY AND PURCHASE PAGES.pdf,2019_PERMITS=2020_MODEL__BLACK BEAR SUMMARY AND PURCHASE PAGES.pdf,73374,0de4e9cdf43054135f7d35d92d8f208a56a3ff6967291d36e4b8898cfa6eb65f,
C:\Users\tyler\Desktop\GitHub\HUNT-BUILDER\data_truth\draw_results_truth\raw_pdfs\2019_PERMITS=2020_MODEL\2019_PERMITS=2020_MODEL__D.H. DEER DRAW RESULTS.pdf,2019_PERMITS=2020_MODEL__D.H. DEER DRAW RESULTS.pdf,180565,7aee1718249bff1ca448be61ec184def74142dd444d5794353ac883756fd0126,
C:\Users\tyler\Desktop\GitHub\HUNT-BUILDER\data_truth\draw_results_truth\raw_pdfs\2019_PERMITS=2020_MODEL\2019_PERMITS=2020_MODEL__G.S. DEER DEER DRAW RESULTS.pdf,2019_PERMITS=2020_MODEL__G.S. DEER DEER DRAW RESULTS.pdf,384703,58c951104d141d80a09960e93a6e5433426ca6896e44e91e5c9c19866f746015,
C:\Users\tyler\Desktop\GitHub\HUNT-BUILDER\data_truth\draw_results_truth\raw_pdfs\2019_PERMITS=2020_MODEL\2019_PERMITS=2020_MODEL__G.S. DEER SUMMARY AND PURCHASE PAGES.pdf,2019_PERMITS=2020_MODEL__G.S. DEER SUMMARY AND PURCHASE PAGES.pdf,78584,62913d74b85a1f5929fa8d4ca9d2739ff58d6c9dabe059b0c0b4ffd8115e098e,
C:\Users\tyler\Desktop\GitHub\HUNT-BUILDER\data_truth\draw_results_truth\raw_pdfs\2019_PERMITS=2020_MODEL\2019_PERMITS=2020_MODEL__L.E. DEER DRAW RESULTS.pdf,2019_PERMITS=2020_MODEL__L.E. DEER DRAW RESULTS.pdf,624157,491c01c97372edc813dd1193f2ebdb7490294d78b5d46b7f3cc2b6ae627185dc,
C:\Users\tyler\Desktop\GitHub\HUNT-BUILDER\data_truth\draw_results_truth\raw_pdfs\2019_PERMITS=2020_MODEL\2019_PERMITS=2020_MODEL__L.E. ELK DRAW RESULTS.pdf,2019_PERMITS=2020_MODEL__L.E. ELK DRAW RESULTS.pdf,730348,063a69e1c15978d1182a7da233c23c627efd1835007b7b594163cf5a60ff70f3,
C:\Users\tyler\Desktop\GitHub\HUNT-BUILDER\data_truth\draw_results_truth\raw_pdfs\2019_PERMITS=2020_MODEL\2019_PERMITS=2020_MODEL__L.E. PROGHORN DRAW RESULTS.pdf,2019_PERMITS=2020_MODEL__L.E. PROGHORN DRAW RESULTS.pdf,347073,531576697db0b10733b8ae058793db79ebe8338a566ffc71e270ae823a8974c7,
C:\Users\tyler\Desktop\GitHub\HUNT-BUILDER\data_truth\draw_results_truth\raw_pdfs\2019_PERMITS=2020_MODEL\2019_PERMITS=2020_MODEL__L.E. TURKEY DRAW RESULTS.pdf,2019_PERMITS=2020_MODEL__L.E. TURKEY DRAW RESULTS.pdf,88072,5c2b858f1b765ddf7eb5e55464eb7df0e43200fc8c1b7a5d31b94e8255ef8d21,
C:\Users\tyler\Desktop\GitHub\HUNT-BUILDER\data_truth\draw_results_truth\raw_pdfs\2019_PERMITS=2020_MODEL\2019_PERMITS=2020_MODEL__O.I.L - BISON DRAW RESULTS.pdf,2019_PERMITS=2020_MODEL__O.I.L - BISON DRAW RESULTS.pdf,126325,5a584bf6f90c8ba57668a7315e084468972fdccdb791a9cd93545963beabf2d1,
C:\Users\tyler\Desktop\GitHub\HUNT-BUILDER\data_truth\draw_results_truth\raw_pdfs\2019_PERMITS=2020_MODEL\2019_PERMITS=2020_MODEL__O.I.L. - DESERT BIGHORN SHEEP DRAW RESULTS.pdf,2019_PERMITS=2020_MODEL__O.I.L. - DESERT BIGHORN SHEEP DRAW RESULTS.pdf,118809,2b5c03c12a018d5a2b805b75fecc92a58509c3219f84070693a81d80473019ec,
C:\Users\tyler\Desktop\GitHub\HUNT-BUILDER\data_truth\draw_results_truth\raw_pdfs\2019_PERMITS=2020_MODEL\2019_PERMITS=2020_MODEL__O.I.L. - ROCKY MOUNTAIN BIGHORN SHEEP DRAW RESULTS.pdf,2019_PERMITS=2020_MODEL__O.I.L. - ROCKY MOUNTAIN BIGHORN SHEEP DRAW RESULTS.pdf,105345,5d25ca5cbbc80b224c3683766481f804372483e46d86d133070ab7099be05b0e,
C:\Users\tyler\Desktop\GitHub\HUNT-BUILDER\data_truth\draw_results_truth\raw_pdfs\2019_PERMITS=2020_MODEL\2019_PERMITS=2020_MODEL__O.I.L. MOOSE DRAW RESULTS.pdf,2019_PERMITS=2020_MODEL__O.I.L. MOOSE DRAW RESULTS.pdf,200972,15f01835c71fed5e8a6498c5c719c45e9cdb41f0fceb7e23850ffb5d54cca6e6,
C:\Users\tyler\Desktop\GitHub\HUNT-BUILDER\data_truth\draw_results_truth\raw_pdfs\2019_PERMITS=2020_MODEL\2019_PERMITS=2020_MODEL__SPORTSMAN DRAW RESULTS.pdf,2019_PERMITS=2020_MODEL__SPORTSMAN DRAW RESULTS.pdf,134697,b22bd967afe597ed90e32303f7d04ea59932218cde28ba3a5a1456d2749eeab9,
C:\Users\tyler\Desktop\GitHub\HUNT-BUILDER\data_truth\draw_results_truth\raw_pdfs\2019_PERMITS=2020_MODEL\2019_PERMITS=2020_MODEL__YOUTH ANTLERLESS DEER DRAW RESULTS.pdf,2019_PERMITS=2020_MODEL__YOUTH ANTLERLESS DEER DRAW RESULTS.pdf,188181,5d50f976b29aaf96fb627dfcdcae814e68e7aef68b09e8b26ccd016bacbdbbdc,
C:\Users\tyler\Desktop\GitHub\HUNT-BUILDER\data_truth\draw_results_truth\raw_pdfs\2019_PERMITS=2020_MODEL\2019_PERMITS=2020_MODEL__YOUTH ANTLERLESS ELK DRAW RESULTS.pdf,2019_PERMITS=2020_MODEL__YOUTH ANTLERLESS ELK DRAW RESULTS.pdf,584526,5668de34268dcb509f52ae6e5c04e4bf3c005740c217600fb3445ae0ee6c0496,
C:\Users\tyler\Desktop\GitHub\HUNT-BUILDER\data_truth\draw_results_truth\raw_pdfs\2019_PERMITS=2020_MODEL\2019_PERMITS=2020_MODEL__YOUTH ANTLERLESS PRONGHORN DRAW RESULTS.pdf,2019_PERMITS=2020_MODEL__YOUTH ANTLERLESS PRONGHORN DRAW RESULTS.pdf,182684,759dcdd37002f2a24578b6190311b625313ddd7b39cb5c03d907a172b61c0db4,
C:\Users\tyler\Desktop\GitHub\HUNT-BUILDER\data_truth\draw_results_truth\raw_pdfs\2019_PERMITS=2020_MODEL\2019_PERMITS=2020_MODEL__YOUTH ANTLERLESS SUMMARY AND PURCHASE PAGES.pdf,2019_PERMITS=2020_MODEL__YOUTH ANTLERLESS SUMMARY AND PURCHASE PAGES.pdf,82619,df56100f1a9c493e26892cb2e53adecb709def957ba1ca1ebd5ac832d76766e8,
C:\Users\tyler\Desktop\GitHub\HUNT-BUILDER\data_truth\draw_results_truth\raw_pdfs\2019_PERMITS=2020_MODEL\2019_PERMITS=2020_MODEL__YOUTH BULL ELK ELK DRAW RESULTS.pdf,2019_PERMITS=2020_MODEL__YOUTH BULL ELK ELK DRAW RESULTS.pdf,69692,dd83f4e623ca54e97fb6d46b2e4e9527af3bb321b0e358c0c740d0657dbc4293,
C:\Users\tyler\Desktop\GitHub\HUNT-BUILDER\data_truth\draw_results_truth\raw_pdfs\2019_PERMITS=2020_MODEL\2019_PERMITS=2020_MODEL__YOUTH D.H. DEER DRAW RESULTS.pdf,2019_PERMITS=2020_MODEL__YOUTH D.H. DEER DRAW RESULTS.pdf,140661,3cefea6dc6741731e075629f39b19b83b5fe8ab6090ae59a8b4141e31664978c,
C:\Users\tyler\Desktop\GitHub\HUNT-BUILDER\data_truth\draw_results_truth\raw_pdfs\2019_PERMITS=2020_MODEL\2019_PERMITS=2020_MODEL__YOUTH D.H. SUMMARY AND PURCHASE PAGES.pdf,2019_PERMITS=2020_MODEL__YOUTH D.H. SUMMARY AND PURCHASE PAGES.pdf,70888,51086acbd1c59199858e170a9a91db60ac0347b1b8ac12c0781fd4fe080c8432,
C:\Users\tyler\Desktop\GitHub\HUNT-BUILDER\data_truth\draw_results_truth\raw_pdfs\2019_PERMITS=2020_MODEL\2019_PERMITS=2020_MODEL__YOUTH DEER DEER DRAW RESULTS.pdf,2019_PERMITS=2020_MODEL__YOUTH DEER DEER DRAW RESULTS.pdf,376475,830dd1609f5548c73fb3e3f7f431cc33be1082821dc21dc34b26fc53e200c103,
C:\Users\tyler\Desktop\GitHub\HUNT-BUILDER\data_truth\draw_results_truth\raw_pdfs\2019_PERMITS=2020_MODEL\2019_PERMITS=2020_MODEL__YOUTH DEER SUMMARY AND PURCHASE PAGES.pdf,2019_PERMITS=2020_MODEL__YOUTH DEER SUMMARY AND PURCHASE PAGES.pdf,71377,613f6e7c2f26cfa4ebf66411ad1847a2b744beb9ab1bf0afc50e69120c4200fa,
C:\Users\tyler\Desktop\GitHub\HUNT-BUILDER\data_truth\draw_results_truth\raw_pdfs\2019_PERMITS=2020_MODEL\2019_PERMITS=2020_MODEL__YOUTH L.E. TURKEY DRAW RESULTS.pdf,2019_PERMITS=2020_MODEL__YOUTH L.E. TURKEY DRAW RESULTS.pdf,163447,24f420ce7ca56ea1b7f30019df21c566e845482a459913b3d52a72a93edf1a3b,
C:\Users\tyler\Desktop\GitHub\HUNT-BUILDER\data_truth\draw_results_truth\raw_pdfs\2020_PERMITS=2021_MODEL\2020_PERMITS=2021_MODEL__ANTLERLESS DRAW RESULTS.pdf,2020_PERMITS=2021_MODEL__ANTLERLESS DRAW RESULTS.pdf,2961988,2efb7b6dcb5c2ef996feddf442ea7f2ba15f42b168c85e371843512564dc7d04,
C:\Users\tyler\Desktop\GitHub\HUNT-BUILDER\data_truth\draw_results_truth\raw_pdfs\2020_PERMITS=2021_MODEL\2020_PERMITS=2021_MODEL__ANTLERLESS_DEER_DRAW_RESULTS.pdf,2020_PERMITS=2021_MODEL__ANTLERLESS_DEER_DRAW_RESULTS.pdf,210890,86fb86222fc5984487454143d8c51bda989c83a659fd38badfb6cceb897f1bbb,
C:\Users\tyler\Desktop\GitHub\HUNT-BUILDER\data_truth\draw_results_truth\raw_pdfs\2020_PERMITS=2021_MODEL\2020_PERMITS=2021_MODEL__ANTLERLESS_ELK_DRAW_RESULTS.pdf,2020_PERMITS=2021_MODEL__ANTLERLESS_ELK_DRAW_RESULTS.pdf,785054,319b4997f40b828687b6de60453fdb5da0ddfdd828641127e9c42639c39a173b,
C:\Users\tyler\Desktop\GitHub\HUNT-BUILDER\data_truth\draw_results_truth\raw_pdfs\2020_PERMITS=2021_MODEL\2020_PERMITS=2021_MODEL__ANTLERLESS_MOOSE_DRAW_RESULTS.pdf,2020_PERMITS=2021_MODEL__ANTLERLESS_MOOSE_DRAW_RESULTS.pdf,109960,93011dc9a81b88f8a4ba72ced50061e7c6101aa6417b6ba8f94badc207498798,
C:\Users\tyler\Desktop\GitHub\HUNT-BUILDER\data_truth\draw_results_truth\raw_pdfs\2020_PERMITS=2021_MODEL\2020_PERMITS=2021_MODEL__ANTLERLESS_PRONGHORN_DRAW_RESULTS.pdf,2020_PERMITS=2021_MODEL__ANTLERLESS_PRONGHORN_DRAW_RESULTS.pdf,236427,49f994c254d2f271152a4926df32aaf79d2269d36417bb7fe605af1b799efbb8,
C:\Users\tyler\Desktop\GitHub\HUNT-BUILDER\data_truth\draw_results_truth\raw_pdfs\2020_PERMITS=2021_MODEL\2020_PERMITS=2021_MODEL__ANTLERLESS_ROCKY_MTN_SHEEP_EWE_DRAW_RESULTS.pdf,2020_PERMITS=2021_MODEL__ANTLERLESS_ROCKY_MTN_SHEEP_EWE_DRAW_RESULTS.pdf,90261,21fb02f85c218b19f07fe0c5a87bf42f012ff229a01224e679fa96bc8571e251,
C:\Users\tyler\Desktop\GitHub\HUNT-BUILDER\data_truth\draw_results_truth\raw_pdfs\2020_PERMITS=2021_MODEL\2020_PERMITS=2021_MODEL__BEAR DRAW RESULTS.pdf,2020_PERMITS=2021_MODEL__BEAR DRAW RESULTS.pdf,415735,6a9aadf664bc7383fbd8b371e280d895cadae32a8fd29dd6ee1e143222d89ea6,
C:\Users\tyler\Desktop\GitHub\HUNT-BUILDER\data_truth\draw_results_truth\raw_pdfs\2020_PERMITS=2021_MODEL\2020_PERMITS=2021_MODEL__COUGAR DRAW RESULTS.pdf,2020_PERMITS=2021_MODEL__COUGAR DRAW RESULTS.pdf,126818,67c960e2cf7750f0f42cf771f9f6ee56b3d66438a9ab1347751a1a17961432ca,
C:\Users\tyler\Desktop\GitHub\HUNT-BUILDER\data_truth\draw_results_truth\raw_pdfs\2020_PERMITS=2021_MODEL\2020_PERMITS=2021_MODEL__D.H. DEER DRAW RESULTS.pdf,2020_PERMITS=2021_MODEL__D.H. DEER DRAW RESULTS.pdf,493484,a4467e998c6baa97722784dd1fdbc9e5e82dbec2ea972ccb37397e9460142771,
C:\Users\tyler\Desktop\GitHub\HUNT-BUILDER\data_truth\draw_results_truth\raw_pdfs\2020_PERMITS=2021_MODEL\2020_PERMITS=2021_MODEL__G.S. BUCK DEER DRAW RESULTS.pdf,2020_PERMITS=2021_MODEL__G.S. BUCK DEER DRAW RESULTS.pdf,1368790,3172d5b67a5385346a28f713b90f1d37698eb2a3ca0d99bf9f796e2ce3164a68,
C:\Users\tyler\Desktop\GitHub\HUNT-BUILDER\data_truth\draw_results_truth\raw_pdfs\2020_PERMITS=2021_MODEL\2020_PERMITS=2021_MODEL__L.E DRAW RESULTS.pdf,2020_PERMITS=2021_MODEL__L.E DRAW RESULTS.pdf,2924945,adf6dba9daa4dc6890ceab2c665f37e8e3db2b5072c86e4b744bb2af4c0878b0,
C:\Users\tyler\Desktop\GitHub\HUNT-BUILDER\data_truth\draw_results_truth\raw_pdfs\2020_PERMITS=2021_MODEL\2020_PERMITS=2021_MODEL__L.E. BIG GAME DRAW RESULTS.pdf,2020_PERMITS=2021_MODEL__L.E. BIG GAME DRAW RESULTS.pdf,10158873,707d2e7f874e784dcc9076cafc61e339317eed4ae86466cb8516cc0eeabbeaef,
C:\Users\tyler\Desktop\GitHub\HUNT-BUILDER\data_truth\draw_results_truth\raw_pdfs\2020_PERMITS=2021_MODEL\2020_PERMITS=2021_MODEL__L.E. DEER DRAW RESULTS.pdf,2020_PERMITS=2021_MODEL__L.E. DEER DRAW RESULTS.pdf,1145481,dea2d94c41ef548692b4fe6a078a39102d99521dff90972013aebcc3b8687136,
C:\Users\tyler\Desktop\GitHub\HUNT-BUILDER\data_truth\draw_results_truth\raw_pdfs\2020_PERMITS=2021_MODEL\2020_PERMITS=2021_MODEL__L.E. ELK DRAW RESULTS.pdf,2020_PERMITS=2021_MODEL__L.E. ELK DRAW RESULTS.pdf,1212253,ea3b9de43ad92b0eecc9f532b50b99e02f49af47cc27a1c051b9f15f37964568,
C:\Users\tyler\Desktop\GitHub\HUNT-BUILDER\data_truth\draw_results_truth\raw_pdfs\2020_PERMITS=2021_MODEL\2020_PERMITS=2021_MODEL__L.E. PRONGHORN DRAW RESULTS.pdf,2020_PERMITS=2021_MODEL__L.E. PRONGHORN DRAW RESULTS.pdf,565225,2462dcedc49c512361f5b3e16d39f5273246111621ee431ba20aa71f07b9c2b1,
C:\Users\tyler\Desktop\GitHub\HUNT-BUILDER\data_truth\draw_results_truth\raw_pdfs\2020_PERMITS=2021_MODEL\2020_PERMITS=2021_MODEL__LIFETIME G.S. DEER DRAW RESULTS.pdf,2020_PERMITS=2021_MODEL__LIFETIME G.S. DEER DRAW RESULTS.pdf,1354217,e21172f8e14bf73fea1907a0af99f8cb8b3e8a27926f7a1814cef838b4f17a08,
C:\Users\tyler\Desktop\GitHub\HUNT-BUILDER\data_truth\draw_results_truth\raw_pdfs\2020_PERMITS=2021_MODEL\2020_PERMITS=2021_MODEL__O.I.L. BISON DRAW RESULTS.pdf,2020_PERMITS=2021_MODEL__O.I.L. BISON DRAW RESULTS.pdf,195184,9a58b311d562f7031003d5fa990f98f5df9a1655c3085fcdbc0753b5095fd759,
C:\Users\tyler\Desktop\GitHub\HUNT-BUILDER\data_truth\draw_results_truth\raw_pdfs\2020_PERMITS=2021_MODEL\2020_PERMITS=2021_MODEL__O.I.L. BULL MOOSE DRAW RESULTS.pdf,2020_PERMITS=2021_MODEL__O.I.L. BULL MOOSE DRAW RESULTS.pdf,263899,a3a4dd8c3d98461e699e1c9e1269b8b81898fe2562aa2fdebdd5fcbe666d3bf4,
C:\Users\tyler\Desktop\GitHub\HUNT-BUILDER\data_truth\draw_results_truth\raw_pdfs\2020_PERMITS=2021_MODEL\2020_PERMITS=2021_MODEL__O.I.L. DESERT BIGHORN SHEEP DRAW RESULTS.pdf,2020_PERMITS=2021_MODEL__O.I.L. DESERT BIGHORN SHEEP DRAW RESULTS.pdf,201050,c8b567039288616669d18accdbc4c60cfa85ca9390d7f61805b7fc30bbdab893,
C:\Users\tyler\Desktop\GitHub\HUNT-BUILDER\data_truth\draw_results_truth\raw_pdfs\2020_PERMITS=2021_MODEL\2020_PERMITS=2021_MODEL__O.I.L. DESERT BIGHORN SHEEP.pdf,2020_PERMITS=2021_MODEL__O.I.L. DESERT BIGHORN SHEEP.pdf,201050,c8b567039288616669d18accdbc4c60cfa85ca9390d7f61805b7fc30bbdab893,
C:\Users\tyler\Desktop\GitHub\HUNT-BUILDER\data_truth\draw_results_truth\raw_pdfs\2020_PERMITS=2021_MODEL\2020_PERMITS=2021_MODEL__O.I.L. DRAW RESULTS.pdf,2020_PERMITS=2021_MODEL__O.I.L. DRAW RESULTS.pdf,1037233,89b226c690c5c07ecdef4f07d7f8601b55d9ac3fbc2909748821405a0e79186d,
C:\Users\tyler\Desktop\GitHub\HUNT-BUILDER\data_truth\draw_results_truth\raw_pdfs\2020_PERMITS=2021_MODEL\2020_PERMITS=2021_MODEL__O.I.L. MTN GOAT DRAW RESULTS.pdf,2020_PERMITS=2021_MODEL__O.I.L. MTN GOAT DRAW RESULTS.pdf,193349,35094355357e0bc8e0aa4534a94619ea5fd6e6f5cea1a75bc1f8720b1723cef3,
C:\Users\tyler\Desktop\GitHub\HUNT-BUILDER\data_truth\draw_results_truth\raw_pdfs\2020_PERMITS=2021_MODEL\2020_PERMITS=2021_MODEL__O.I.L. ROCKY MTN SHEEP DRAW RESULTS.pdf,2020_PERMITS=2021_MODEL__O.I.L. ROCKY MTN SHEEP DRAW RESULTS.pdf,183942,1eb4c30d5473efd4b4faa7ff99ce1e28b3c7056ea6b2547fb5d8ac4a9976c846,
C:\Users\tyler\Desktop\GitHub\HUNT-BUILDER\data_truth\draw_results_truth\raw_pdfs\2020_PERMITS=2021_MODEL\2020_PERMITS=2021_MODEL__SPORTSMAN DRAW RESULTS.pdf,2020_PERMITS=2021_MODEL__SPORTSMAN DRAW RESULTS.pdf,133936,3c4056bbd3952a4dfb6ce80326f94a58bba0d2262ff4cc008b613c76c50d4b15,
C:\Users\tyler\Desktop\GitHub\HUNT-BUILDER\data_truth\draw_results_truth\raw_pdfs\2020_PERMITS=2021_MODEL\2020_PERMITS=2021_MODEL__TURKEY DRAW RESULTS.pdf,2020_PERMITS=2021_MODEL__TURKEY DRAW RESULTS.pdf,106685,da4a587f233baa1e15eedfe57ccec92b8fb53011e9b9a58a357431325e7a2d10,
C:\Users\tyler\Desktop\GitHub\HUNT-BUILDER\data_truth\draw_results_truth\raw_pdfs\2020_PERMITS=2021_MODEL\2020_PERMITS=2021_MODEL__YOUTH ANTLERLESS DRAW RESULTS.pdf,2020_PERMITS=2021_MODEL__YOUTH ANTLERLESS DRAW RESULTS.pdf,2710371,f88f0b41e96cfcbf758a8661eaa65847e844202f8097a63ca061b40c0bc4c6a2,
C:\Users\tyler\Desktop\GitHub\HUNT-BUILDER\data_truth\draw_results_truth\raw_pdfs\2020_PERMITS=2021_MODEL\2020_PERMITS=2021_MODEL__YOUTH D.H. DEER DRAW RESULTS.pdf,2020_PERMITS=2021_MODEL__YOUTH D.H. DEER DRAW RESULTS.pdf,396792,830174af465b1b07dbf734f06205d5abbcdd63ad7e6383a764caf98f2cea344b,
C:\Users\tyler\Desktop\GitHub\HUNT-BUILDER\data_truth\draw_results_truth\raw_pdfs\2020_PERMITS=2021_MODEL\2020_PERMITS=2021_MODEL__YOUTH ELK DRAW RESULTS.pdf,2020_PERMITS=2021_MODEL__YOUTH ELK DRAW RESULTS.pdf,91787,2a7590e1caab9640764a26e9af2f71cc0519d71c98889352713af98b08ce0367,
C:\Users\tyler\Desktop\GitHub\HUNT-BUILDER\data_truth\draw_results_truth\raw_pdfs\2020_PERMITS=2021_MODEL\2020_PERMITS=2021_MODEL__YOUTH G.S. DEER DRAW RESULTS.pdf,2020_PERMITS=2021_MODEL__YOUTH G.S. DEER DRAW RESULTS.pdf,1341859,ceac587ed5dd11fc547e98c6ed3f68692cfa4f04e911eed3362fb548eded769b,
C:\Users\tyler\Desktop\GitHub\HUNT-BUILDER\data_truth\draw_results_truth\raw_pdfs\2020_PERMITS=2021_MODEL\2020_PERMITS=2021_MODEL__YOUTH TURKEY DRAW RESULTS.pdf,2020_PERMITS=2021_MODEL__YOUTH TURKEY DRAW RESULTS.pdf,91992,54fd5fec03839d0fb8931596aa1299de18d87ad0fbadc2d7ba4279664d59f7d3,
C:\Users\tyler\Desktop\GitHub\HUNT-BUILDER\data_truth\draw_results_truth\raw_pdfs\2020_PERMITS=2021_MODEL\2020_PERMITS=2021_MODEL__YOUTH_ANTLERLESS_DEER_DRAW_RESULTS.pdf,2020_PERMITS=2021_MODEL__YOUTH_ANTLERLESS_DEER_DRAW_RESULTS.pdf,195999,cd0c7d71c765e4b16915bab9bd8f30700555f4b62b12d0f3a0fdd2452cf382a9,
C:\Users\tyler\Desktop\GitHub\HUNT-BUILDER\data_truth\draw_results_truth\raw_pdfs\2020_PERMITS=2021_MODEL\2020_PERMITS=2021_MODEL__YOUTH_ANTLERLESS_ELK_DRAW_RESULTS.pdf,2020_PERMITS=2021_MODEL__YOUTH_ANTLERLESS_ELK_DRAW_RESULTS.pdf,732294,b7cf6b848f8f03012d847c2e83b3dc2f6e3bdad08862f3195e47cd970fd99619,
C:\Users\tyler\Desktop\GitHub\HUNT-BUILDER\data_truth\draw_results_truth\raw_pdfs\2020_PERMITS=2021_MODEL\2020_PERMITS=2021_MODEL__YOUTH_ANTLERLESS_PRONGHORN_DRAW_RESULTS.pdf,2020_PERMITS=2021_MODEL__YOUTH_ANTLERLESS_PRONGHORN_DRAW_RESULTS.pdf,224076,f349f12c30f6cf6eed8d5a874ee90aad6841f92e28779798104d80eaa46bae86,
C:\Users\tyler\Desktop\GitHub\HUNT-BUILDER\data_truth\draw_results_truth\raw_pdfs\2021_PERMITS=2022_MODEL\2021_PERMITS=2022_MODEL__ANTLERLESS DEER DRAW RESULTS.pdf,2021_PERMITS=2022_MODEL__ANTLERLESS DEER DRAW RESULTS.pdf,205034,1767802b1b04be231d2f3157d0c403ecf805895e2306f060f816d170ed96a4e2,
C:\Users\tyler\Desktop\GitHub\HUNT-BUILDER\data_truth\draw_results_truth\raw_pdfs\2021_PERMITS=2022_MODEL\2021_PERMITS=2022_MODEL__ANTLERLESS DRAW RESULTS.pdf,2021_PERMITS=2022_MODEL__ANTLERLESS DRAW RESULTS.pdf,2872574,a701e8c4c410c76b6588bdf856ec9d096e6d9661f3588824cd4a62728eb613da,
C:\Users\tyler\Desktop\GitHub\HUNT-BUILDER\data_truth\draw_results_truth\raw_pdfs\2021_PERMITS=2022_MODEL\2021_PERMITS=2022_MODEL__ANTLERLESS ELK DRAW RESULTS.pdf,2021_PERMITS=2022_MODEL__ANTLERLESS ELK DRAW RESULTS.pdf,763800,15a82532bf7d701ada746b6ff2cb18f7b392d443eb9a1233c49491816888ff36,
C:\Users\tyler\Desktop\GitHub\HUNT-BUILDER\data_truth\draw_results_truth\raw_pdfs\2021_PERMITS=2022_MODEL\2021_PERMITS=2022_MODEL__ANTLERLESS MOOSE DRAW RESULTS.pdf,2021_PERMITS=2022_MODEL__ANTLERLESS MOOSE DRAW RESULTS.pdf,104512,5f86dbec75a4ce9c65c6b79c86f2ac922bb645092123866f69216d337e764280,
C:\Users\tyler\Desktop\GitHub\HUNT-BUILDER\data_truth\draw_results_truth\raw_pdfs\2021_PERMITS=2022_MODEL\2021_PERMITS=2022_MODEL__ANTLERLESS PRONGHORN DRAW RESULTS.pdf,2021_PERMITS=2022_MODEL__ANTLERLESS PRONGHORN DRAW RESULTS.pdf,221823,13b04d686e3ce9557107dd7b5c05017c4dc31c6b0313e4044cb6ba37dec997e8,
C:\Users\tyler\Desktop\GitHub\HUNT-BUILDER\data_truth\draw_results_truth\raw_pdfs\2021_PERMITS=2022_MODEL\2021_PERMITS=2022_MODEL__ANTLERLESS ROCKY MOUNTAIN BIGHORN SHEEP DRAW RESULTS.pdf,2021_PERMITS=2022_MODEL__ANTLERLESS ROCKY MOUNTAIN BIGHORN SHEEP DRAW RESULTS.pdf,89967,9104e52a69abaf2442a670974d2ba986ba074583e42c2b6ef905da840ba29367,
C:\Users\tyler\Desktop\GitHub\HUNT-BUILDER\data_truth\draw_results_truth\raw_pdfs\2021_PERMITS=2022_MODEL\2021_PERMITS=2022_MODEL__BEAR DRAW RESULTS.pdf,2021_PERMITS=2022_MODEL__BEAR DRAW RESULTS.pdf,412627,286602b4504003ff871a9560092b94842e0df06f662c30bbeefc67db9149bc3b,
C:\Users\tyler\Desktop\GitHub\HUNT-BUILDER\data_truth\draw_results_truth\raw_pdfs\2021_PERMITS=2022_MODEL\2021_PERMITS=2022_MODEL__COUGAR DRAW RESULTS.pdf,2021_PERMITS=2022_MODEL__COUGAR DRAW RESULTS.pdf,112876,49e82f3c79146e1139ee44c8252210740d3961499f94bcbac8941651fa455e55,
C:\Users\tyler\Desktop\GitHub\HUNT-BUILDER\data_truth\draw_results_truth\raw_pdfs\2021_PERMITS=2022_MODEL\2021_PERMITS=2022_MODEL__D.H. DEER DRAW RESULTS.pdf,2021_PERMITS=2022_MODEL__D.H. DEER DRAW RESULTS.pdf,531895,5243be59fe26f4523f9d741d010bea30d881adbc18ef230cf25b54d5ef2e4f02,
C:\Users\tyler\Desktop\GitHub\HUNT-BUILDER\data_truth\draw_results_truth\raw_pdfs\2021_PERMITS=2022_MODEL\2021_PERMITS=2022_MODEL__G.S. BUCK DEER DRAW RESULTS.pdf,2021_PERMITS=2022_MODEL__G.S. BUCK DEER DRAW RESULTS.pdf,1455208,62242a4ec4388fad44a7d11c8a2f83ba0990e43200ca1a5acb14cd2922367b12,
C:\Users\tyler\Desktop\GitHub\HUNT-BUILDER\data_truth\draw_results_truth\raw_pdfs\2021_PERMITS=2022_MODEL\2021_PERMITS=2022_MODEL__L.E. DEER DRAW RESULTS.pdf,2021_PERMITS=2022_MODEL__L.E. DEER DRAW RESULTS.pdf,1166076,be213d2da8fd43da5d11f0e200731fd0f2957eba8ace8341ae186d276bc0e028,
C:\Users\tyler\Desktop\GitHub\HUNT-BUILDER\data_truth\draw_results_truth\raw_pdfs\2021_PERMITS=2022_MODEL\2021_PERMITS=2022_MODEL__L.E. DRAW RESULTS.pdf,2021_PERMITS=2022_MODEL__L.E. DRAW RESULTS.pdf,2987568,3ff698f190f7fd3f32525c7bd52713be70e676e51c0f2fb49476fe8410f0465c,
C:\Users\tyler\Desktop\GitHub\HUNT-BUILDER\data_truth\draw_results_truth\raw_pdfs\2021_PERMITS=2022_MODEL\2021_PERMITS=2022_MODEL__L.E. ELK DRAW RESULTS.pdf,2021_PERMITS=2022_MODEL__L.E. ELK DRAW RESULTS.pdf,1222681,1ff3559f648f8a26d7d4359f4585be869873b772a2bc2acec3dbc8970393d8b7,
C:\Users\tyler\Desktop\GitHub\HUNT-BUILDER\data_truth\draw_results_truth\raw_pdfs\2021_PERMITS=2022_MODEL\2021_PERMITS=2022_MODEL__L.E. PRONGHORN DRAW RESULTS.pdf,2021_PERMITS=2022_MODEL__L.E. PRONGHORN DRAW RESULTS.pdf,596839,cb88b4cbaff15f64c94da10f77827001b94043dbd9e5977d61f378c14294f401,
C:\Users\tyler\Desktop\GitHub\HUNT-BUILDER\data_truth\draw_results_truth\raw_pdfs\2021_PERMITS=2022_MODEL\2021_PERMITS=2022_MODEL__LIFETIME G.S. DEER DRAW RESULTS.pdf,2021_PERMITS=2022_MODEL__LIFETIME G.S. DEER DRAW RESULTS.pdf,1340616,dccae526f74f9ca351886caee7c33e58a91d42c080e921f039b32dfb27b30d52,
C:\Users\tyler\Desktop\GitHub\HUNT-BUILDER\data_truth\draw_results_truth\raw_pdfs\2021_PERMITS=2022_MODEL\2021_PERMITS=2022_MODEL__O.I.L. BISON DRAW RESULTS.pdf,2021_PERMITS=2022_MODEL__O.I.L. BISON DRAW RESULTS.pdf,171786,6013c977bd0d890d3a74a37c5a71a266008cb38946797b7bc1d3f67a940d62c4,
C:\Users\tyler\Desktop\GitHub\HUNT-BUILDER\data_truth\draw_results_truth\raw_pdfs\2021_PERMITS=2022_MODEL\2021_PERMITS=2022_MODEL__O.I.L. BULL MOOSE DRAW RESULTS.pdf,2021_PERMITS=2022_MODEL__O.I.L. BULL MOOSE DRAW RESULTS.pdf,312847,2466fb2af965dda1e86072eae5cb3c57d38f9bb9dc7fac44d2a52a8c68e3b27f,
C:\Users\tyler\Desktop\GitHub\HUNT-BUILDER\data_truth\draw_results_truth\raw_pdfs\2021_PERMITS=2022_MODEL\2021_PERMITS=2022_MODEL__O.I.L. DESERT BIGHORN SHEEP DRAW RESULTS.pdf,2021_PERMITS=2022_MODEL__O.I.L. DESERT BIGHORN SHEEP DRAW RESULTS.pdf,188927,e980976955b45adb53ac80dfd6b164fc2f7f7df812d7def3500a900378975338,
C:\Users\tyler\Desktop\GitHub\HUNT-BUILDER\data_truth\draw_results_truth\raw_pdfs\2021_PERMITS=2022_MODEL\2021_PERMITS=2022_MODEL__O.I.L. DRAW RESULTS.pdf,2021_PERMITS=2022_MODEL__O.I.L. DRAW RESULTS.pdf,1024040,f9600ac67256ed886b9c50f0d8aa1211aea62fcccd9319a8681372df8e1fd15f,
C:\Users\tyler\Desktop\GitHub\HUNT-BUILDER\data_truth\draw_results_truth\raw_pdfs\2021_PERMITS=2022_MODEL\2021_PERMITS=2022_MODEL__O.I.L. MTN GOAT DRAW RESULTS.pdf,2021_PERMITS=2022_MODEL__O.I.L. MTN GOAT DRAW RESULTS.pdf,180259,1e315eece5fe63cfb892365301e5c914bb7312949dc000e98d82d35010239ead,
C:\Users\tyler\Desktop\GitHub\HUNT-BUILDER\data_truth\draw_results_truth\raw_pdfs\2021_PERMITS=2022_MODEL\2021_PERMITS=2022_MODEL__O.I.L. ROCKY MTN SHEEP DRAW RESULTS.pdf,2021_PERMITS=2022_MODEL__O.I.L. ROCKY MTN SHEEP DRAW RESULTS.pdf,170389,100b8571dfeb3384b444f38720ea2947006287dc4adf1baaebe3e0e6e809b7e8,
C:\Users\tyler\Desktop\GitHub\HUNT-BUILDER\data_truth\draw_results_truth\raw_pdfs\2021_PERMITS=2022_MODEL\2021_PERMITS=2022_MODEL__SPORTSMAN DRAW RESULTS.pdf,2021_PERMITS=2022_MODEL__SPORTSMAN DRAW RESULTS.pdf,156728,eee029761d004686212ac7735dec6be3df7f8d2f0e299e132afd2b32ca4339fd,
C:\Users\tyler\Desktop\GitHub\HUNT-BUILDER\data_truth\draw_results_truth\raw_pdfs\2021_PERMITS=2022_MODEL\2021_PERMITS=2022_MODEL__TURKEY DRAW RESULTS.pdf,2021_PERMITS=2022_MODEL__TURKEY DRAW RESULTS.pdf,96040,05bbf1a79d5148b454faeee707919b62b6771a3bdf30f5b90f9916b41661bba3,
C:\Users\tyler\Desktop\GitHub\HUNT-BUILDER\data_truth\draw_results_truth\raw_pdfs\2021_PERMITS=2022_MODEL\2021_PERMITS=2022_MODEL__YOUTH ANTLERLESS DEER DRAW RESULTS.pdf,2021_PERMITS=2022_MODEL__YOUTH ANTLERLESS DEER DRAW RESULTS.pdf,190184,c31df81245a03fa4e940f110e84353b37499d6c1c89a2db970ee9462d4a14866,
C:\Users\tyler\Desktop\GitHub\HUNT-BUILDER\data_truth\draw_results_truth\raw_pdfs\2021_PERMITS=2022_MODEL\2021_PERMITS=2022_MODEL__YOUTH ANTLERLESS DRAW RESULTS.pdf,2021_PERMITS=2022_MODEL__YOUTH ANTLERLESS DRAW RESULTS.pdf,2600042,b8dbb516e97fb2acbad1dec86197f47e9b37e616d856cea576ded8eb16f59a73,
C:\Users\tyler\Desktop\GitHub\HUNT-BUILDER\data_truth\draw_results_truth\raw_pdfs\2021_PERMITS=2022_MODEL\2021_PERMITS=2022_MODEL__YOUTH ANTLERLESS ELK DRAW RESULTS.pdf,2021_PERMITS=2022_MODEL__YOUTH ANTLERLESS ELK DRAW RESULTS.pdf,707861,7416e28aa619085eb619a0bcdef826caae41f57ca249a1e994aec7b131ef5bcd,
C:\Users\tyler\Desktop\GitHub\HUNT-BUILDER\data_truth\draw_results_truth\raw_pdfs\2021_PERMITS=2022_MODEL\2021_PERMITS=2022_MODEL__YOUTH ANTLERLESS PRONGHORN DRAW RESULTS.pdf,2021_PERMITS=2022_MODEL__YOUTH ANTLERLESS PRONGHORN DRAW RESULTS.pdf,205056,e59976de2f7159c50d68121fe46babb2af6aeb2d8a168745e94f8ad7de7fa113,
C:\Users\tyler\Desktop\GitHub\HUNT-BUILDER\data_truth\draw_results_truth\raw_pdfs\2021_PERMITS=2022_MODEL\2021_PERMITS=2022_MODEL__YOUTH D.H. DEER DRAW RESULTS.pdf,2021_PERMITS=2022_MODEL__YOUTH D.H. DEER DRAW RESULTS.pdf,342992,d09bdd2f48683313888f2e2c8a4f86d5837ca1255faf8db408978ac198d59df0,
C:\Users\tyler\Desktop\GitHub\HUNT-BUILDER\data_truth\draw_results_truth\raw_pdfs\2021_PERMITS=2022_MODEL\2021_PERMITS=2022_MODEL__YOUTH ELK DRAW RESULTS.pdf,2021_PERMITS=2022_MODEL__YOUTH ELK DRAW RESULTS.pdf,88950,cd8113b3723fa82e291cff1d9e5ebdfd4a02afdb4604d3d95cacfc6ed10de341,
C:\Users\tyler\Desktop\GitHub\HUNT-BUILDER\data_truth\draw_results_truth\raw_pdfs\2021_PERMITS=2022_MODEL\2021_PERMITS=2022_MODEL__YOUTH G.S. DEER DRAW RESULTS.pdf,2021_PERMITS=2022_MODEL__YOUTH G.S. DEER DRAW RESULTS.pdf,1400527,2ed8ce58ca60c1d17aa691f1d299501346e2deb8f709b9ce7349e4f57369d282,
C:\Users\tyler\Desktop\GitHub\HUNT-BUILDER\data_truth\draw_results_truth\raw_pdfs\2021_PERMITS=2022_MODEL\2021_PERMITS=2022_MODEL__YOUTH TURKEY DRAW RESULTS.pdf,2021_PERMITS=2022_MODEL__YOUTH TURKEY DRAW RESULTS.pdf,87868,3d1ee00b6c14f0204b025a963f90cf30f4712e888814907c9c8738e42886df8c,
C:\Users\tyler\Desktop\GitHub\HUNT-BUILDER\data_truth\draw_results_truth\raw_pdfs\2022_PERMITS=2023_MODEL\2022_PERMITS=2023_MODEL__ANTLERLESS BIG GAME DRAW RESULTS.pdf,2022_PERMITS=2023_MODEL__ANTLERLESS BIG GAME DRAW RESULTS.pdf,2907550,adbca8506e33738ac7dda4514adc9e43ead36219bc0d7f4ee19b1088b3e1ce9d,
C:\Users\tyler\Desktop\GitHub\HUNT-BUILDER\data_truth\draw_results_truth\raw_pdfs\2022_PERMITS=2023_MODEL\2022_PERMITS=2023_MODEL__ANTLERLESS DEER DRAW RESULTS.pdf,2022_PERMITS=2023_MODEL__ANTLERLESS DEER DRAW RESULTS.pdf,1950523,9cc8802e3181647c35e46e288a8cfa324107b5b0773a693466ab2463cfcc2fad,
C:\Users\tyler\Desktop\GitHub\HUNT-BUILDER\data_truth\draw_results_truth\raw_pdfs\2022_PERMITS=2023_MODEL\2022_PERMITS=2023_MODEL__ANTLERLESS ELK DRAW RESULTS.pdf,2022_PERMITS=2023_MODEL__ANTLERLESS ELK DRAW RESULTS.pdf,12641743,1a31a27c8dce3dd83c6dde231369391d649aeb17e74890cebfcf6b4fcb0afd2b,
C:\Users\tyler\Desktop\GitHub\HUNT-BUILDER\data_truth\draw_results_truth\raw_pdfs\2022_PERMITS=2023_MODEL\2022_PERMITS=2023_MODEL__ANTLERLESS MOOSE DRAW RESULTS.pdf,2022_PERMITS=2023_MODEL__ANTLERLESS MOOSE DRAW RESULTS.pdf,389480,a843f291dcbd8f88273160febc547ad350c27d100097ab388a7ca1193c962e4e,
C:\Users\tyler\Desktop\GitHub\HUNT-BUILDER\data_truth\draw_results_truth\raw_pdfs\2022_PERMITS=2023_MODEL\2022_PERMITS=2023_MODEL__ANTLERLESS PRONGHORN DRAW RESULTS.pdf,2022_PERMITS=2023_MODEL__ANTLERLESS PRONGHORN DRAW RESULTS.pdf,2105843,930ddc8a78bc0e93bb3a600692b4916611b1934f54b6e4ebb476041676f8e3bf,
C:\Users\tyler\Desktop\GitHub\HUNT-BUILDER\data_truth\draw_results_truth\raw_pdfs\2022_PERMITS=2023_MODEL\2022_PERMITS=2023_MODEL__ANTLERLESS ROCKY MOUNTAIN BIGHORN SHEEP DRAW RESULTS.pdf,2022_PERMITS=2023_MODEL__ANTLERLESS ROCKY MOUNTAIN BIGHORN SHEEP DRAW RESULTS.pdf,232237,22215b01a3186a4c61d4f5454e0a8cb39c25db24384209b663e033a6d6d3e0b4,
C:\Users\tyler\Desktop\GitHub\HUNT-BUILDER\data_truth\draw_results_truth\raw_pdfs\2022_PERMITS=2023_MODEL\2022_PERMITS=2023_MODEL__BLACK BEAR DRAW RESULTS.pdf,2022_PERMITS=2023_MODEL__BLACK BEAR DRAW RESULTS.pdf,409277,4d8c0ae1ee5bc644eb8433000fd5804c0acf6d24bae7a12eab3d093e5c1f7b6b,
C:\Users\tyler\Desktop\GitHub\HUNT-BUILDER\data_truth\draw_results_truth\raw_pdfs\2022_PERMITS=2023_MODEL\2022_PERMITS=2023_MODEL__COUGAR DRAW RESULTS.pdf,2022_PERMITS=2023_MODEL__COUGAR DRAW RESULTS.pdf,135475,b7296b69abc2622f8418ea97da29b80341117c62216b70f9b612fb74943f0807,
C:\Users\tyler\Desktop\GitHub\HUNT-BUILDER\data_truth\draw_results_truth\raw_pdfs\2022_PERMITS=2023_MODEL\2022_PERMITS=2023_MODEL__D.H. DEER DRAW RESULTS.pdf,2022_PERMITS=2023_MODEL__D.H. DEER DRAW RESULTS.pdf,532488,610d6af098d9d680aaa1a168a9ea427b86dfd49224e0bd9f34da583988b3d0e1,
C:\Users\tyler\Desktop\GitHub\HUNT-BUILDER\data_truth\draw_results_truth\raw_pdfs\2022_PERMITS=2023_MODEL\2022_PERMITS=2023_MODEL__G.S. BUCK DEER DRAW RESULTS.pdf,2022_PERMITS=2023_MODEL__G.S. BUCK DEER DRAW RESULTS.pdf,1500660,cfdb6bed1a28fc84d3ab5ae39f5160f08f6159f68c77a7c71e30b76cf9093f17,
C:\Users\tyler\Desktop\GitHub\HUNT-BUILDER\data_truth\draw_results_truth\raw_pdfs\2022_PERMITS=2023_MODEL\2022_PERMITS=2023_MODEL__GS_DEER_DRAW_RESULTS.pdf,2022_PERMITS=2023_MODEL__GS_DEER_DRAW_RESULTS.pdf,1500660,cfdb6bed1a28fc84d3ab5ae39f5160f08f6159f68c77a7c71e30b76cf9093f17,
C:\Users\tyler\Desktop\GitHub\HUNT-BUILDER\data_truth\draw_results_truth\raw_pdfs\2022_PERMITS=2023_MODEL\2022_PERMITS=2023_MODEL__L.E. DEER DRAW RESULTS.pdf,2022_PERMITS=2023_MODEL__L.E. DEER DRAW RESULTS.pdf,13513213,b645262b1be012352d25c7260ab4abbf77246e4c3ee45375fcc3bf1fc397e350,
C:\Users\tyler\Desktop\GitHub\HUNT-BUILDER\data_truth\draw_results_truth\raw_pdfs\2022_PERMITS=2023_MODEL\2022_PERMITS=2023_MODEL__L.E. ELK DRAW RESULTS.pdf,2022_PERMITS=2023_MODEL__L.E. ELK DRAW RESULTS.pdf,13603823,91bab8f5d49af2953b6e3f1e33ee37a22c1fe843e35d3fcacd00d7ee11bdc66b,
C:\Users\tyler\Desktop\GitHub\HUNT-BUILDER\data_truth\draw_results_truth\raw_pdfs\2022_PERMITS=2023_MODEL\2022_PERMITS=2023_MODEL__L.E. PRONGHORN DRAW RESULTS.pdf,2022_PERMITS=2023_MODEL__L.E. PRONGHORN DRAW RESULTS.pdf,6363876,bcfe3135daab9565f19d77b75ccbb36194764f35a932d1d0ebb8560825ce9d43,
C:\Users\tyler\Desktop\GitHub\HUNT-BUILDER\data_truth\draw_results_truth\raw_pdfs\2022_PERMITS=2023_MODEL\2022_PERMITS=2023_MODEL__LIFETIME G.S. DEER DRAW RESULTS.pdf,2022_PERMITS=2023_MODEL__LIFETIME G.S. DEER DRAW RESULTS.pdf,1354334,23e8778e70b4adb9a88a1828d9a1c6eed6aaf38ce4f382fac46837ba8092edb2,
C:\Users\tyler\Desktop\GitHub\HUNT-BUILDER\data_truth\draw_results_truth\raw_pdfs\2022_PERMITS=2023_MODEL\2022_PERMITS=2023_MODEL__O.I.L. BISON DRAW RESULTS.pdf,2022_PERMITS=2023_MODEL__O.I.L. BISON DRAW RESULTS.pdf,1291514,bc581f61fc805e0f39a19d652a2cbc6be4aeb448c6a3780f9f90955eef6e4fbc,
C:\Users\tyler\Desktop\GitHub\HUNT-BUILDER\data_truth\draw_results_truth\raw_pdfs\2022_PERMITS=2023_MODEL\2022_PERMITS=2023_MODEL__O.I.L. BULL MOOSE DRAW RESULTS.pdf,2022_PERMITS=2023_MODEL__O.I.L. BULL MOOSE DRAW RESULTS.pdf,2574135,9aeb38f4072f92b53f41d1a5958d52ee552efb487c5ce4d0247ba03c902c1636,
C:\Users\tyler\Desktop\GitHub\HUNT-BUILDER\data_truth\draw_results_truth\raw_pdfs\2022_PERMITS=2023_MODEL\2022_PERMITS=2023_MODEL__O.I.L. DESERT BIGHORN SHEEP DRAW RESULTS.pdf,2022_PERMITS=2023_MODEL__O.I.L. DESERT BIGHORN SHEEP DRAW RESULTS.pdf,1288609,3fa9fe1a0465370a5c020ab7352155a133f858db19661c914c03314050d8726e,
C:\Users\tyler\Desktop\GitHub\HUNT-BUILDER\data_truth\draw_results_truth\raw_pdfs\2022_PERMITS=2023_MODEL\2022_PERMITS=2023_MODEL__O.I.L. MTN GOAT DRAW RESULTS.pdf,2022_PERMITS=2023_MODEL__O.I.L. MTN GOAT DRAW RESULTS.pdf,1358726,c29669ddc0df0a88284f5f4e00b62bb39b8ff7ffa90a3ed44399d8d088442eec,
C:\Users\tyler\Desktop\GitHub\HUNT-BUILDER\data_truth\draw_results_truth\raw_pdfs\2022_PERMITS=2023_MODEL\2022_PERMITS=2023_MODEL__O.I.L. ROCKY MTN SHEEP DRAW RESULTS.pdf,2022_PERMITS=2023_MODEL__O.I.L. ROCKY MTN SHEEP DRAW RESULTS.pdf,1145604,3925a6b5e2aed29516278023534db27ae789da2a3e82a29bdb12121ad8a0b150,
C:\Users\tyler\Desktop\GitHub\HUNT-BUILDER\data_truth\draw_results_truth\raw_pdfs\2022_PERMITS=2023_MODEL\2022_PERMITS=2023_MODEL__SPORTSMAN DRAW RESULTS.pdf,2022_PERMITS=2023_MODEL__SPORTSMAN DRAW RESULTS.pdf,123222,fc7c64978355dfaa859b884dcb66ab67c3c9daefa595d2e5cdbf3a5917a2000a,
C:\Users\tyler\Desktop\GitHub\HUNT-BUILDER\data_truth\draw_results_truth\raw_pdfs\2022_PERMITS=2023_MODEL\2022_PERMITS=2023_MODEL__TURKEY DRAW RESULTS.pdf,2022_PERMITS=2023_MODEL__TURKEY DRAW RESULTS.pdf,100200,531934482bb5f581f25ac1aaeb94e162db0787dfc0fa5263670c17bf2444c68c,
C:\Users\tyler\Desktop\GitHub\HUNT-BUILDER\data_truth\draw_results_truth\raw_pdfs\2022_PERMITS=2023_MODEL\2022_PERMITS=2023_MODEL__YOUTH ANTLERLESS DEER DRAW RESULTS.pdf,2022_PERMITS=2023_MODEL__YOUTH ANTLERLESS DEER DRAW RESULTS.pdf,1822900,b368aa8a1a2ca3a3f279e253657b20b3be3883609d8d84b288185986928d0cd2,
C:\Users\tyler\Desktop\GitHub\HUNT-BUILDER\data_truth\draw_results_truth\raw_pdfs\2022_PERMITS=2023_MODEL\2022_PERMITS=2023_MODEL__YOUTH ANTLERLESS PRONGHORN DRAW RESULTS.pdf,2022_PERMITS=2023_MODEL__YOUTH ANTLERLESS PRONGHORN DRAW RESULTS.pdf,1972820,52801311067187a86575b1c3e54555ed9ec4242c897641dcb533c513b7e2b8d2,
C:\Users\tyler\Desktop\GitHub\HUNT-BUILDER\data_truth\draw_results_truth\raw_pdfs\2022_PERMITS=2023_MODEL\2022_PERMITS=2023_MODEL__YOUTH BULL ELK DRAW RESULTS.pdf,2022_PERMITS=2023_MODEL__YOUTH BULL ELK DRAW RESULTS.pdf,89441,beb5123415ccda77a2a8100937b1d35a36c07eeee01167991fb60b63abb8cd2a,
C:\Users\tyler\Desktop\GitHub\HUNT-BUILDER\data_truth\draw_results_truth\raw_pdfs\2022_PERMITS=2023_MODEL\2022_PERMITS=2023_MODEL__YOUTH D.H. DEER DRAW RESULTS.pdf,2022_PERMITS=2023_MODEL__YOUTH D.H. DEER DRAW RESULTS.pdf,369713,98d0744a0edcee59b1c4fc3e1d650f507be4a43a366fb799b2ba56b104b92013,
C:\Users\tyler\Desktop\GitHub\HUNT-BUILDER\data_truth\draw_results_truth\raw_pdfs\2022_PERMITS=2023_MODEL\2022_PERMITS=2023_MODEL__YOUTH G.S. DEER DRAW RESULTS.pdf,2022_PERMITS=2023_MODEL__YOUTH G.S. DEER DRAW RESULTS.pdf,1428906,55a1561fb7778ebdb1291099042a147c8fed1a3c9b567066c2700ce767a86e6f,
C:\Users\tyler\Desktop\GitHub\HUNT-BUILDER\data_truth\draw_results_truth\raw_pdfs\2022_PERMITS=2023_MODEL\2022_PERMITS=2023_MODEL__YOUTH TURKEY DRAW RESULTS.pdf,2022_PERMITS=2023_MODEL__YOUTH TURKEY DRAW RESULTS.pdf,92188,9e3f20b103d29d97ab872593e89bcfc30e3cf4055e92b4829968b23cb25f4bb1,
C:\Users\tyler\Desktop\GitHub\HUNT-BUILDER\data_truth\draw_results_truth\raw_pdfs\2023_PERMITS=2024_MODEL\2023_PERMITS=2024_MODEL__ANTLERLESS BIG GAME DRAW RESULTS.pdf,2023_PERMITS=2024_MODEL__ANTLERLESS BIG GAME DRAW RESULTS.pdf,770790,bf701616eee76380516e6a86d56517657740ab61b38c86860044d31712ce139f,
C:\Users\tyler\Desktop\GitHub\HUNT-BUILDER\data_truth\draw_results_truth\raw_pdfs\2023_PERMITS=2024_MODEL\2023_PERMITS=2024_MODEL__ANTLERLESS DEER DRAW RESULTS.pdf,2023_PERMITS=2024_MODEL__ANTLERLESS DEER DRAW RESULTS.pdf,1545839,504ed4efa69640e501de275fc110f900603cd23dd4f5bb1c407b9b0d1a5f3d33,
C:\Users\tyler\Desktop\GitHub\HUNT-BUILDER\data_truth\draw_results_truth\raw_pdfs\2023_PERMITS=2024_MODEL\2023_PERMITS=2024_MODEL__ANTLERLESS ELK DRAW RESULTS.pdf,2023_PERMITS=2024_MODEL__ANTLERLESS ELK DRAW RESULTS.pdf,11969618,0cddd4fcc0cc405a9151e9c97dccdb08fca63143c1310145558d120ed22bf6ce,
C:\Users\tyler\Desktop\GitHub\HUNT-BUILDER\data_truth\draw_results_truth\raw_pdfs\2023_PERMITS=2024_MODEL\2023_PERMITS=2024_MODEL__ANTLERLESS MOOSE DRAW RESULTS.pdf,2023_PERMITS=2024_MODEL__ANTLERLESS MOOSE DRAW RESULTS.pdf,296559,36c22acc04f6be2012fbd36810cca6d81fb8f723ba8466444e7765dd385725d7,
C:\Users\tyler\Desktop\GitHub\HUNT-BUILDER\data_truth\draw_results_truth\raw_pdfs\2023_PERMITS=2024_MODEL\2023_PERMITS=2024_MODEL__ANTLERLESS MOOSE SOURCE REVIEW.pdf,2023_PERMITS=2024_MODEL__ANTLERLESS MOOSE SOURCE REVIEW.pdf,86661,11433aadc5ce5c46ef9bc211da9298c3ee2e9cf1aa12ed0389401b2023471e2d,
C:\Users\tyler\Desktop\GitHub\HUNT-BUILDER\data_truth\draw_results_truth\raw_pdfs\2023_PERMITS=2024_MODEL\2023_PERMITS=2024_MODEL__ANTLERLESS PRONGHORN DRAW RESULTS.pdf,2023_PERMITS=2024_MODEL__ANTLERLESS PRONGHORN DRAW RESULTS.pdf,1395814,032cd7be2d105318952a0c5c06eac1431bb277c3c9a5e51e932c23154d0aff10,
C:\Users\tyler\Desktop\GitHub\HUNT-BUILDER\data_truth\draw_results_truth\raw_pdfs\2023_PERMITS=2024_MODEL\2023_PERMITS=2024_MODEL__ANTLERLESS ROCKY MOUNTAIN BIGHORN SHEEP DRAW RESULTS.pdf,2023_PERMITS=2024_MODEL__ANTLERLESS ROCKY MOUNTAIN BIGHORN SHEEP DRAW RESULTS.pdf,147262,d7526b35fa54045bc53f20552d25c6ecb1569d5d76112039f90c0a0978dcd057,
C:\Users\tyler\Desktop\GitHub\HUNT-BUILDER\data_truth\draw_results_truth\raw_pdfs\2023_PERMITS=2024_MODEL\2023_PERMITS=2024_MODEL__BIG GAME DEER SECTION DRAW RESULTS.pdf,2023_PERMITS=2024_MODEL__BIG GAME DEER SECTION DRAW RESULTS.pdf,1028367,4188e4c1b712ec1c4973b735b6cb06e489680f15a1b2011857046b49707efabf,
C:\Users\tyler\Desktop\GitHub\HUNT-BUILDER\data_truth\draw_results_truth\raw_pdfs\2023_PERMITS=2024_MODEL\2023_PERMITS=2024_MODEL__BIG GAME DRAW RESULTS.pdf,2023_PERMITS=2024_MODEL__BIG GAME DRAW RESULTS.pdf,3041049,37a416f119c6cc24abbfd8ffc5c0bb65a9245212928033eaadf5b2dab93c3f51,
C:\Users\tyler\Desktop\GitHub\HUNT-BUILDER\data_truth\draw_results_truth\raw_pdfs\2023_PERMITS=2024_MODEL\2023_PERMITS=2024_MODEL__BIG GAME ELK OTHER SECTION DRAW RESULTS.pdf,2023_PERMITS=2024_MODEL__BIG GAME ELK OTHER SECTION DRAW RESULTS.pdf,2111606,66a38f69c535fe4e9128ada6c0f8253db58581ca4e924837b086c9f176249a6d,
C:\Users\tyler\Desktop\GitHub\HUNT-BUILDER\data_truth\draw_results_truth\raw_pdfs\2023_PERMITS=2024_MODEL\2023_PERMITS=2024_MODEL__BLACK BEAR DRAW RESULTS.pdf,2023_PERMITS=2024_MODEL__BLACK BEAR DRAW RESULTS.pdf,444780,9726e78747de7634cb3d4038c3daf3665e142285ef7ecbdd342d0ac929cb0de3,
C:\Users\tyler\Desktop\GitHub\HUNT-BUILDER\data_truth\draw_results_truth\raw_pdfs\2023_PERMITS=2024_MODEL\2023_PERMITS=2024_MODEL__BULL MOOSE SOURCE REVIEW.pdf,2023_PERMITS=2024_MODEL__BULL MOOSE SOURCE REVIEW.pdf,284295,0308c5016f024ac205a5a382f67ee464fb0a4246fce9f082354448f006df9a6d,
C:\Users\tyler\Desktop\GitHub\HUNT-BUILDER\data_truth\draw_results_truth\raw_pdfs\2023_PERMITS=2024_MODEL\2023_PERMITS=2024_MODEL__COUGAR DRAW RESULTS.pdf,2023_PERMITS=2024_MODEL__COUGAR DRAW RESULTS.pdf,135475,b7296b69abc2622f8418ea97da29b80341117c62216b70f9b612fb74943f0807,
C:\Users\tyler\Desktop\GitHub\HUNT-BUILDER\data_truth\draw_results_truth\raw_pdfs\2023_PERMITS=2024_MODEL\2023_PERMITS=2024_MODEL__D.H. DEER DRAW RESULTS.pdf,2023_PERMITS=2024_MODEL__D.H. DEER DRAW RESULTS.pdf,179888,b11dc4329853871aa145b01db3c3843354796f0b7a9b82be84ece0cb0eeae68c,
C:\Users\tyler\Desktop\GitHub\HUNT-BUILDER\data_truth\draw_results_truth\raw_pdfs\2023_PERMITS=2024_MODEL\2023_PERMITS=2024_MODEL__G.S. BUCK DEER DRAW RESULTS.pdf,2023_PERMITS=2024_MODEL__G.S. BUCK DEER DRAW RESULTS.pdf,463470,3ef46bf75fb105f6deeb76f70ebfe9b911a868fec81dec0ad7947f4fab905896,
C:\Users\tyler\Desktop\GitHub\HUNT-BUILDER\data_truth\draw_results_truth\raw_pdfs\2023_PERMITS=2024_MODEL\2023_PERMITS=2024_MODEL__G.S. DEER DRAW RESULTS.pdf,2023_PERMITS=2024_MODEL__G.S. DEER DRAW RESULTS.pdf,464211,b59c00f36a5e3f66f0de435e194ca0ac708ef0795380035925598c5275cffd40,
C:\Users\tyler\Desktop\GitHub\HUNT-BUILDER\data_truth\draw_results_truth\raw_pdfs\2023_PERMITS=2024_MODEL\2023_PERMITS=2024_MODEL__L.E. DEER DRAW RESULTS.pdf,2023_PERMITS=2024_MODEL__L.E. DEER DRAW RESULTS.pdf,13335248,7771d967f1da0702c6576a2deb99ca9f3483c508225611f4b7d605582e45bd8c,
C:\Users\tyler\Desktop\GitHub\HUNT-BUILDER\data_truth\draw_results_truth\raw_pdfs\2023_PERMITS=2024_MODEL\2023_PERMITS=2024_MODEL__L.E. ELK DRAW RESULTS.pdf,2023_PERMITS=2024_MODEL__L.E. ELK DRAW RESULTS.pdf,14911651,42442a0fbfc34b0947eb542e05d406d5f01e3c86decf45d62f1bbd80cf32a4f0,
C:\Users\tyler\Desktop\GitHub\HUNT-BUILDER\data_truth\draw_results_truth\raw_pdfs\2023_PERMITS=2024_MODEL\2023_PERMITS=2024_MODEL__L.E. PRONGHORN DRAW RESULTS.pdf,2023_PERMITS=2024_MODEL__L.E. PRONGHORN DRAW RESULTS.pdf,6070278,9413f365c3bf95949ef21c40a177064ca70b50d7d0ccadb859dc12bea2a7f30f,
C:\Users\tyler\Desktop\GitHub\HUNT-BUILDER\data_truth\draw_results_truth\raw_pdfs\2023_PERMITS=2024_MODEL\2023_PERMITS=2024_MODEL__LIFETIME G.S. DEER DRAW RESULTS.pdf,2023_PERMITS=2024_MODEL__LIFETIME G.S. DEER DRAW RESULTS.pdf,412919,3a6dbf9f7f3b1b8f995a2685521812027effc7a92067609311107e80d6933c19,
C:\Users\tyler\Desktop\GitHub\HUNT-BUILDER\data_truth\draw_results_truth\raw_pdfs\2023_PERMITS=2024_MODEL\2023_PERMITS=2024_MODEL__O.I.L. BISON DRAW RESULTS.pdf,2023_PERMITS=2024_MODEL__O.I.L. BISON DRAW RESULTS.pdf,1203818,c03897387d00c20824e7f306770d7b49ac667b8094186a819ec3651a7c9bc7fd,
C:\Users\tyler\Desktop\GitHub\HUNT-BUILDER\data_truth\draw_results_truth\raw_pdfs\2023_PERMITS=2024_MODEL\2023_PERMITS=2024_MODEL__O.I.L. BULL MOOSE DRAW RESULTS.pdf,2023_PERMITS=2024_MODEL__O.I.L. BULL MOOSE DRAW RESULTS.pdf,2118846,3a3ee40d82118002bd3c5a0e456915d57e1aa227fe8d506acf36469fd1732ea9,
C:\Users\tyler\Desktop\GitHub\HUNT-BUILDER\data_truth\draw_results_truth\raw_pdfs\2023_PERMITS=2024_MODEL\2023_PERMITS=2024_MODEL__O.I.L. DESERT BIGHORN SHEEP DRAW RESULTS.pdf,2023_PERMITS=2024_MODEL__O.I.L. DESERT BIGHORN SHEEP DRAW RESULTS.pdf,1132205,4e0892423bc7255260e40473b57047592956c2328338739ba94b823379063f20,
C:\Users\tyler\Desktop\GitHub\HUNT-BUILDER\data_truth\draw_results_truth\raw_pdfs\2023_PERMITS=2024_MODEL\2023_PERMITS=2024_MODEL__O.I.L. MTN GOAT DRAW RESULTS.pdf,2023_PERMITS=2024_MODEL__O.I.L. MTN GOAT DRAW RESULTS.pdf,1201343,e34d8e7b32032424f5297fbf632a12ab0720a1cdad8ac736300e872367d04554,
C:\Users\tyler\Desktop\GitHub\HUNT-BUILDER\data_truth\draw_results_truth\raw_pdfs\2023_PERMITS=2024_MODEL\2023_PERMITS=2024_MODEL__O.I.L. ROCKY MTN SHEEP DRAW RESULTS.pdf,2023_PERMITS=2024_MODEL__O.I.L. ROCKY MTN SHEEP DRAW RESULTS.pdf,990928,6fb9d37508a896a94a1e66e7b963eba510fe6d8627348c721a9c04713fef2966,
C:\Users\tyler\Desktop\GitHub\HUNT-BUILDER\data_truth\draw_results_truth\raw_pdfs\2023_PERMITS=2024_MODEL\2023_PERMITS=2024_MODEL__SPORTSMAN DRAW RESULTS.pdf,2023_PERMITS=2024_MODEL__SPORTSMAN DRAW RESULTS.pdf,123222,fc7c64978355dfaa859b884dcb66ab67c3c9daefa595d2e5cdbf3a5917a2000a,
C:\Users\tyler\Desktop\GitHub\HUNT-BUILDER\data_truth\draw_results_truth\raw_pdfs\2023_PERMITS=2024_MODEL\2023_PERMITS=2024_MODEL__TURKEY DRAW RESULTS.pdf,2023_PERMITS=2024_MODEL__TURKEY DRAW RESULTS.pdf,131980,173678409a659135eff98438a06bbd1bda558d73b0b76d911ce28434bc529300,
C:\Users\tyler\Desktop\GitHub\HUNT-BUILDER\data_truth\draw_results_truth\raw_pdfs\2023_PERMITS=2024_MODEL\2023_PERMITS=2024_MODEL__YOUTH ANTLERLESS DEER DRAW RESULTS.pdf,2023_PERMITS=2024_MODEL__YOUTH ANTLERLESS DEER DRAW RESULTS.pdf,1542644,3104805fa4c2ed423a6ef626fc77352cfeea3973c2b2e4aa3d8df4f944dc1e30,
C:\Users\tyler\Desktop\GitHub\HUNT-BUILDER\data_truth\draw_results_truth\raw_pdfs\2023_PERMITS=2024_MODEL\2023_PERMITS=2024_MODEL__YOUTH ANTLERLESS ELK DRAW RESULTS.pdf,2023_PERMITS=2024_MODEL__YOUTH ANTLERLESS ELK DRAW RESULTS.pdf,11214960,c57f46e69fd9524199ce203ae2b50685835830d659225d47c959153673e6a633,
C:\Users\tyler\Desktop\GitHub\HUNT-BUILDER\data_truth\draw_results_truth\raw_pdfs\2023_PERMITS=2024_MODEL\2023_PERMITS=2024_MODEL__YOUTH ANTLERLESS PRONGHORN DRAW RESULTS.pdf,2023_PERMITS=2024_MODEL__YOUTH ANTLERLESS PRONGHORN DRAW RESULTS.pdf,1392736,ab62ab3c583c371ac202f593fbf52810796ccf3369ac4bdb15761bce4bdebd1d,
C:\Users\tyler\Desktop\GitHub\HUNT-BUILDER\data_truth\draw_results_truth\raw_pdfs\2023_PERMITS=2024_MODEL\2023_PERMITS=2024_MODEL__YOUTH D.H. DEER DRAW RESULTS.pdf,2023_PERMITS=2024_MODEL__YOUTH D.H. DEER DRAW RESULTS.pdf,148486,3375f3a323f061d4c91260df5ad858394bc1c46d31fb789af9f9961aeadd95cc,
C:\Users\tyler\Desktop\GitHub\HUNT-BUILDER\data_truth\draw_results_truth\raw_pdfs\2023_PERMITS=2024_MODEL\2023_PERMITS=2024_MODEL__YOUTH ELK DRAW RESULTS.pdf,2023_PERMITS=2024_MODEL__YOUTH ELK DRAW RESULTS.pdf,76712,6766808ae7fe09786635cdeac27cefecda216df0ec3a05cc22609f5d0ec3da5e,
C:\Users\tyler\Desktop\GitHub\HUNT-BUILDER\data_truth\draw_results_truth\raw_pdfs\2023_PERMITS=2024_MODEL\2023_PERMITS=2024_MODEL__YOUTH G.S. DEER DRAW RESULTS.pdf,2023_PERMITS=2024_MODEL__YOUTH G.S. DEER DRAW RESULTS.pdf,689163,adff51c9d620fd88c5bed4a1253293183db9563a2f292c3ec0bc9c0694218670,
C:\Users\tyler\Desktop\GitHub\HUNT-BUILDER\data_truth\draw_results_truth\raw_pdfs\2023_PERMITS=2024_MODEL\2023_PERMITS=2024_MODEL__YOUTH TURKEY DRAW RESULTS.pdf,2023_PERMITS=2024_MODEL__YOUTH TURKEY DRAW RESULTS.pdf,126549,9dad81e22386d3692e9fe8ab856a4994137641ba4c13ba6fc725708259092dbd,
C:\Users\tyler\Desktop\GitHub\HUNT-BUILDER\data_truth\draw_results_truth\raw_pdfs\2024_PERMITS=2025_MODEL\2024_PERMITS=2025_MODEL__ANTLERLESS_DEER_DRAW_RESULTS.pdf,2024_PERMITS=2025_MODEL__ANTLERLESS_DEER_DRAW_RESULTS.pdf,138324,1aeef61c0f599c5f978ca0961f09908fb5b8b5e3878cf3c936f5b5c1ecd815b5,
C:\Users\tyler\Desktop\GitHub\HUNT-BUILDER\data_truth\draw_results_truth\raw_pdfs\2024_PERMITS=2025_MODEL\2024_PERMITS=2025_MODEL__ANTLERLESS_ELK_DRAW_RESULTS.pdf,2024_PERMITS=2025_MODEL__ANTLERLESS_ELK_DRAW_RESULTS.pdf,563414,d746ebbbd2f652886c5cf34e1306b00f50b05e2510aa6dbc7fc49039c645777f,
C:\Users\tyler\Desktop\GitHub\HUNT-BUILDER\data_truth\draw_results_truth\raw_pdfs\2024_PERMITS=2025_MODEL\2024_PERMITS=2025_MODEL__ANTLERLESS_MOOSE_DRAW_RESULTS.pdf,2024_PERMITS=2025_MODEL__ANTLERLESS_MOOSE_DRAW_RESULTS.pdf,77521,c0fbdda256ec7d662d5957777a73ef12210769644cbf5636d81964c2383023e4,
C:\Users\tyler\Desktop\GitHub\HUNT-BUILDER\data_truth\draw_results_truth\raw_pdfs\2024_PERMITS=2025_MODEL\2024_PERMITS=2025_MODEL__ANTLERLESS_PRONGHORN_DRAW_RESULTS.pdf,2024_PERMITS=2025_MODEL__ANTLERLESS_PRONGHORN_DRAW_RESULTS.pdf,121458,62b4fdaf22091881b627a874f00bc36b67b352197de7cb5885eb052a28ba8e67,
C:\Users\tyler\Desktop\GitHub\HUNT-BUILDER\data_truth\draw_results_truth\raw_pdfs\2024_PERMITS=2025_MODEL\2024_PERMITS=2025_MODEL__ANTLERLESS_ROCKY_MOUNTAIN_BIGHORN_SHEEP_DRAW_RESULTS.pdf,2024_PERMITS=2025_MODEL__ANTLERLESS_ROCKY_MOUNTAIN_BIGHORN_SHEEP_DRAW_RESULTS.pdf,74063,459b6558cf61199b33698fdef4c2405b97f79ad0158d1f809e2a7332fd1d5e4f,
C:\Users\tyler\Desktop\GitHub\HUNT-BUILDER\data_truth\draw_results_truth\raw_pdfs\2024_PERMITS=2025_MODEL\2024_PERMITS=2025_MODEL__BEAR DRAW RESULTS.pdf,2024_PERMITS=2025_MODEL__BEAR DRAW RESULTS.pdf,428653,50a7d2a6b7278e4bd526746655a560567f4bd7f0cc77bab844025956a5f32299,
C:\Users\tyler\Desktop\GitHub\HUNT-BUILDER\data_truth\draw_results_truth\raw_pdfs\2024_PERMITS=2025_MODEL\2024_PERMITS=2025_MODEL__D.H. DEER DRAW RESULTS.pdf,2024_PERMITS=2025_MODEL__D.H. DEER DRAW RESULTS.pdf,201098,13aa1539a3d350bbaeb3012275dde5767bed69d5c4ad4e94e8cef57e021a2c7d,
C:\Users\tyler\Desktop\GitHub\HUNT-BUILDER\data_truth\draw_results_truth\raw_pdfs\2024_PERMITS=2025_MODEL\2024_PERMITS=2025_MODEL__G.S. BUCK DEER DRAW RESULTS.pdf,2024_PERMITS=2025_MODEL__G.S. BUCK DEER DRAW RESULTS.pdf,459740,6a994a6e4d6b2d3ea1eb5b49d29936433efe5a2903af4278def8b5418cc0d945,
C:\Users\tyler\Desktop\GitHub\HUNT-BUILDER\data_truth\draw_results_truth\raw_pdfs\2024_PERMITS=2025_MODEL\2024_PERMITS=2025_MODEL__L.E. DEER DRAW RESULTS.pdf,2024_PERMITS=2025_MODEL__L.E. DEER DRAW RESULTS.pdf,1051004,d4ffca080fb72396ab91c58bd658e4a5180a56b17b6387226d6ad1d68415aa15,
C:\Users\tyler\Desktop\GitHub\HUNT-BUILDER\data_truth\draw_results_truth\raw_pdfs\2024_PERMITS=2025_MODEL\2024_PERMITS=2025_MODEL__L.E. ELK DRAW RESULTS.pdf,2024_PERMITS=2025_MODEL__L.E. ELK DRAW RESULTS.pdf,1179837,d0a3c80d39027dc3a73c885b50d0321b62d4cd6d5c82a984d52568170c32f37a,
C:\Users\tyler\Desktop\GitHub\HUNT-BUILDER\data_truth\draw_results_truth\raw_pdfs\2024_PERMITS=2025_MODEL\2024_PERMITS=2025_MODEL__L.E. PRONGHORN DRAW RESULTS.pdf,2024_PERMITS=2025_MODEL__L.E. PRONGHORN DRAW RESULTS.pdf,539927,34508b3455c66eb8c9e8ac8f4f7ec18db6ea9a523c0001ee14d53ae656186521,
C:\Users\tyler\Desktop\GitHub\HUNT-BUILDER\data_truth\draw_results_truth\raw_pdfs\2024_PERMITS=2025_MODEL\2024_PERMITS=2025_MODEL__LIFETIME G.S. DEER DRAW RESULTS.pdf,2024_PERMITS=2025_MODEL__LIFETIME G.S. DEER DRAW RESULTS.pdf,437601,13c119ae2038952854ed61e70d204397869b3db13cf60a6a0b12adeb095154af,
C:\Users\tyler\Desktop\GitHub\HUNT-BUILDER\data_truth\draw_results_truth\raw_pdfs\2024_PERMITS=2025_MODEL\2024_PERMITS=2025_MODEL__O.I.L. BISON DRAW RESULTS.pdf,2024_PERMITS=2025_MODEL__O.I.L. BISON DRAW RESULTS.pdf,196123,f1ad7f560ead6febbecb1c7c7a339616ffefa722e4399a32a1808e17585a381c,
C:\Users\tyler\Desktop\GitHub\HUNT-BUILDER\data_truth\draw_results_truth\raw_pdfs\2024_PERMITS=2025_MODEL\2024_PERMITS=2025_MODEL__O.I.L. BULL MOOSE DRAW RESULTS.pdf,2024_PERMITS=2025_MODEL__O.I.L. BULL MOOSE DRAW RESULTS.pdf,289704,4499dcbc640b1fcaec2e61e42ca5ce406a324eb9eb0b6abcbb1aa4e4579979e9,
C:\Users\tyler\Desktop\GitHub\HUNT-BUILDER\data_truth\draw_results_truth\raw_pdfs\2024_PERMITS=2025_MODEL\2024_PERMITS=2025_MODEL__O.I.L. DESERT BIGHORN SHEEP DRAW RESULTS.pdf,2024_PERMITS=2025_MODEL__O.I.L. DESERT BIGHORN SHEEP DRAW RESULTS.pdf,200718,47fd25984a7e73cd9c64be209661dec02e77def3dbdd4887494db4bbb485151f,
C:\Users\tyler\Desktop\GitHub\HUNT-BUILDER\data_truth\draw_results_truth\raw_pdfs\2024_PERMITS=2025_MODEL\2024_PERMITS=2025_MODEL__O.I.L. MTN GOAT DRAW RESULTS.pdf,2024_PERMITS=2025_MODEL__O.I.L. MTN GOAT DRAW RESULTS.pdf,198933,8612ee314a311ffad5737a302fa49fd5e18450920722bf9cc43049732e1e85e2,
C:\Users\tyler\Desktop\GitHub\HUNT-BUILDER\data_truth\draw_results_truth\raw_pdfs\2024_PERMITS=2025_MODEL\2024_PERMITS=2025_MODEL__O.I.L. ROCKY MTN SHEEP DRAW RESULTS.pdf,2024_PERMITS=2025_MODEL__O.I.L. ROCKY MTN SHEEP DRAW RESULTS.pdf,185390,b795a9b7f9e4ee4b72956f095ce3aa1f515e005eb5ad9614f087dce6846209a8,
C:\Users\tyler\Desktop\GitHub\HUNT-BUILDER\data_truth\draw_results_truth\raw_pdfs\2024_PERMITS=2025_MODEL\2024_PERMITS=2025_MODEL__SPORTSMAN DRAW RESULTS.pdf,2024_PERMITS=2025_MODEL__SPORTSMAN DRAW RESULTS.pdf,102242,7899bf807dd1320f11b65aa568230f4e3c4120f5be7719b2d1376b6d3d7f4679,
C:\Users\tyler\Desktop\GitHub\HUNT-BUILDER\data_truth\draw_results_truth\raw_pdfs\2024_PERMITS=2025_MODEL\2024_PERMITS=2025_MODEL__TURKEY DRAW RESULTS.pdf,2024_PERMITS=2025_MODEL__TURKEY DRAW RESULTS.pdf,127013,0c94483fe4320609d0bde37e6e4420e870b66c7b2eacd6493b2845fd9cca7ec9,
C:\Users\tyler\Desktop\GitHub\HUNT-BUILDER\data_truth\draw_results_truth\raw_pdfs\2024_PERMITS=2025_MODEL\2024_PERMITS=2025_MODEL__YOUTH D.H. DEER DRAW RESULTS.pdf,2024_PERMITS=2025_MODEL__YOUTH D.H. DEER DRAW RESULTS.pdf,181643,99d15b1e0e99fa7e0b27622bbb80fb23e5480b98c4ec1bcd4a8deafd8ee44efa,
C:\Users\tyler\Desktop\GitHub\HUNT-BUILDER\data_truth\draw_results_truth\raw_pdfs\2024_PERMITS=2025_MODEL\2024_PERMITS=2025_MODEL__YOUTH ELK DRAW RESULTS.pdf,2024_PERMITS=2025_MODEL__YOUTH ELK DRAW RESULTS.pdf,76091,d5b3ff4564427fe3461f5292ee0bbc533a436eb3930e7b4f825d717de2f6c504,
C:\Users\tyler\Desktop\GitHub\HUNT-BUILDER\data_truth\draw_results_truth\raw_pdfs\2024_PERMITS=2025_MODEL\2024_PERMITS=2025_MODEL__YOUTH G.S. DEER DRAW RESULTS.pdf,2024_PERMITS=2025_MODEL__YOUTH G.S. DEER DRAW RESULTS.pdf,442269,1bc67dac4af0f8f846061689a9d66f48c0973d3da39a1417f215bacb30179c8c,
C:\Users\tyler\Desktop\GitHub\HUNT-BUILDER\data_truth\draw_results_truth\raw_pdfs\2024_PERMITS=2025_MODEL\2024_PERMITS=2025_MODEL__YOUTH TURKEY DRAW RESULTS.pdf,2024_PERMITS=2025_MODEL__YOUTH TURKEY DRAW RESULTS.pdf,122906,63e698dc23d9e01bc22a9e66ec46fe31cfacac235dc81ca01c2f7de8352b1492,
C:\Users\tyler\Desktop\GitHub\HUNT-BUILDER\data_truth\draw_results_truth\raw_pdfs\2024_PERMITS=2025_MODEL\2024_PERMITS=2025_MODEL__YOUTH_ANTLERLESS_DEER_DRAW_RESULTS.pdf,2024_PERMITS=2025_MODEL__YOUTH_ANTLERLESS_DEER_DRAW_RESULTS.pdf,177964,4374d09d63dee0571e128a0c82da98345099e710e430cf14d567db9310ae4bfa,
C:\Users\tyler\Desktop\GitHub\HUNT-BUILDER\data_truth\draw_results_truth\raw_pdfs\2024_PERMITS=2025_MODEL\2024_PERMITS=2025_MODEL__YOUTH_ANTLERLESS_ELK_DRAW_RESULTS.pdf,2024_PERMITS=2025_MODEL__YOUTH_ANTLERLESS_ELK_DRAW_RESULTS.pdf,549157,2c3edb941565a0da6f612f55575a8a0dbdc749a65b045b4105ab8d3d13e9e42c,
C:\Users\tyler\Desktop\GitHub\HUNT-BUILDER\data_truth\draw_results_truth\raw_pdfs\2024_PERMITS=2025_MODEL\2024_PERMITS=2025_MODEL__YOUTH_ANTLERLESS_PRONGHORN_DRAW_RESULTS.pdf,2024_PERMITS=2025_MODEL__YOUTH_ANTLERLESS_PRONGHORN_DRAW_RESULTS.pdf,159875,d6df469b2f34764240cc7b3dda4bafc4abea79dbb90d9994563ba07b2c4f7e1e,
C:\Users\tyler\Desktop\GitHub\HUNT-BUILDER\data_truth\draw_results_truth\raw_pdfs\2025_PERMITS=2026_MODEL\2025_PERMITS=2026_MODEL__BEAR DRAW RESULTS.pdf,2025_PERMITS=2026_MODEL__BEAR DRAW RESULTS.pdf,1596390,d123fe89987f373c246e1d5879f1c5e80f925909b25909c47ab64f29c3ae2797,
C:\Users\tyler\Desktop\GitHub\HUNT-BUILDER\data_truth\draw_results_truth\raw_pdfs\2025_PERMITS=2026_MODEL\2025_PERMITS=2026_MODEL__D.H. DEER DRAW RESULTS.pdf,2025_PERMITS=2026_MODEL__D.H. DEER DRAW RESULTS.pdf,550654,c3de7e642912a30e795c26746d6541ed537204d5d8ac0fa789eadca3383ca762,
C:\Users\tyler\Desktop\GitHub\HUNT-BUILDER\data_truth\draw_results_truth\raw_pdfs\2025_PERMITS=2026_MODEL\2025_PERMITS=2026_MODEL__G.S. BUCK DEER DRAW RESULTS.pdf,2025_PERMITS=2026_MODEL__G.S. BUCK DEER DRAW RESULTS.pdf,1685706,2fa7bcb01458b7f86c4beb801d3d866aded4f9fc841ab19c1fce180ae57f35cd,
C:\Users\tyler\Desktop\GitHub\HUNT-BUILDER\data_truth\draw_results_truth\raw_pdfs\2025_PERMITS=2026_MODEL\2025_PERMITS=2026_MODEL__L.E. BUCK DEER DRAW RESULTS.pdf,2025_PERMITS=2026_MODEL__L.E. BUCK DEER DRAW RESULTS.pdf,14477869,13f7f580adc58c3760cd7e43806b0c9a96f8fca8acdfea6dfd1e4923b7d81d4f,
C:\Users\tyler\Desktop\GitHub\HUNT-BUILDER\data_truth\draw_results_truth\raw_pdfs\2025_PERMITS=2026_MODEL\2025_PERMITS=2026_MODEL__L.E. BUCK PRONGHORN DRAW RESULTS.pdf,2025_PERMITS=2026_MODEL__L.E. BUCK PRONGHORN DRAW RESULTS.pdf,6596052,56a458b11857eaee9837a570e192e2767ae8c1870bed17643910e8f939ad21f3,
C:\Users\tyler\Desktop\GitHub\HUNT-BUILDER\data_truth\draw_results_truth\raw_pdfs\2025_PERMITS=2026_MODEL\2025_PERMITS=2026_MODEL__L.E. BULL ELK DRAW RESULTS.pdf,2025_PERMITS=2026_MODEL__L.E. BULL ELK DRAW RESULTS.pdf,15610955,0b9e1e81bcc3c00178ab9976a7a2f06c27f96e508d258509bfc73ed2c7c12c53,
C:\Users\tyler\Desktop\GitHub\HUNT-BUILDER\data_truth\draw_results_truth\raw_pdfs\2025_PERMITS=2026_MODEL\2025_PERMITS=2026_MODEL__LIFETIME G.S. DEER DRAW RESULTS.pdf,2025_PERMITS=2026_MODEL__LIFETIME G.S. DEER DRAW RESULTS.pdf,1461319,c9b7637159809cb52aafc06504a50fedccd1d6bec1f203f4c65af6ec737f70b6,
C:\Users\tyler\Desktop\GitHub\HUNT-BUILDER\data_truth\draw_results_truth\raw_pdfs\2025_PERMITS=2026_MODEL\2025_PERMITS=2026_MODEL__O.I.L. BISON DRAW RESULTS.pdf,2025_PERMITS=2026_MODEL__O.I.L. BISON DRAW RESULTS.pdf,1254099,52c71444e4d7fa355453ec535830214a517f3c41ae1ebc20f020451f49faf010,
C:\Users\tyler\Desktop\GitHub\HUNT-BUILDER\data_truth\draw_results_truth\raw_pdfs\2025_PERMITS=2026_MODEL\2025_PERMITS=2026_MODEL__O.I.L. BULL MOOSE DRAW RESULTS.pdf,2025_PERMITS=2026_MODEL__O.I.L. BULL MOOSE DRAW RESULTS.pdf,2763687,c99bc8bf27ec41ba7c0216339feba560e67fc6e6b45e4d4c80ba9704109f1bee,
C:\Users\tyler\Desktop\GitHub\HUNT-BUILDER\data_truth\draw_results_truth\raw_pdfs\2025_PERMITS=2026_MODEL\2025_PERMITS=2026_MODEL__O.I.L. DESERT BIGHORN SHEEP DRAW RESULTS.pdf,2025_PERMITS=2026_MODEL__O.I.L. DESERT BIGHORN SHEEP DRAW RESULTS.pdf,1476167,d93826fb4face7666669386eb2831ff088cdebcd63aa65924d8ba62d2b62c29f,
C:\Users\tyler\Desktop\GitHub\HUNT-BUILDER\data_truth\draw_results_truth\raw_pdfs\2025_PERMITS=2026_MODEL\2025_PERMITS=2026_MODEL__O.I.L. MTN GOAT DRAW RESULTS.pdf,2025_PERMITS=2026_MODEL__O.I.L. MTN GOAT DRAW RESULTS.pdf,1399358,f6f7caf96c519e0ccf4dfd24db0ba83c9e0aa0e18a194c6e891bf6d41fbc09b3,
C:\Users\tyler\Desktop\GitHub\HUNT-BUILDER\data_truth\draw_results_truth\raw_pdfs\2025_PERMITS=2026_MODEL\2025_PERMITS=2026_MODEL__O.I.L. ROCKY MTN SHEEP DRAW RESULTS.pdf,2025_PERMITS=2026_MODEL__O.I.L. ROCKY MTN SHEEP DRAW RESULTS.pdf,1254792,10578ad72f5e8d4de62162c476cc2fc3304219887dc5c0299ca5fe9e9e7a19aa,
C:\Users\tyler\Desktop\GitHub\HUNT-BUILDER\data_truth\draw_results_truth\raw_pdfs\2025_PERMITS=2026_MODEL\2025_PERMITS=2026_MODEL__SPORTSMAN PERMITS DRAW RESULTS.pdf,2025_PERMITS=2026_MODEL__SPORTSMAN PERMITS DRAW RESULTS.pdf,150744,30f5ae7018be65917d4b057b7df9a426008ffb899d7ee96b020964a1e78f2193,
C:\Users\tyler\Desktop\GitHub\HUNT-BUILDER\data_truth\draw_results_truth\raw_pdfs\2025_PERMITS=2026_MODEL\2025_PERMITS=2026_MODEL__TURKEY DRAW RESULTS.pdf,2025_PERMITS=2026_MODEL__TURKEY DRAW RESULTS.pdf,228604,24db62fb6252f0184505aa2c0245470a880ecc3a511a12afd14c3fb32510bb87,
C:\Users\tyler\Desktop\GitHub\HUNT-BUILDER\data_truth\draw_results_truth\raw_pdfs\2025_PERMITS=2026_MODEL\2025_PERMITS=2026_MODEL__YOUTH D.H. DEER DRAW RESULTS.pdf,2025_PERMITS=2026_MODEL__YOUTH D.H. DEER DRAW RESULTS.pdf,436482,a6c2421da6c32e7edacbbc551c9f4ca3c411fa772b980a5ba8fecfedc73147de,
C:\Users\tyler\Desktop\GitHub\HUNT-BUILDER\data_truth\draw_results_truth\raw_pdfs\2025_PERMITS=2026_MODEL\2025_PERMITS=2026_MODEL__YOUTH ELK DRAW RESULTS.pdf,2025_PERMITS=2026_MODEL__YOUTH ELK DRAW RESULTS.pdf,93296,1eba782b446b20eb5d3a53ad32f940c8638bc1a005a11248dbf255388ea64228,
C:\Users\tyler\Desktop\GitHub\HUNT-BUILDER\data_truth\draw_results_truth\raw_pdfs\2025_PERMITS=2026_MODEL\2025_PERMITS=2026_MODEL__YOUTH G.S. DEER DRAW RESULTS.pdf,2025_PERMITS=2026_MODEL__YOUTH G.S. DEER DRAW RESULTS.pdf,1658599,e85076f9c7b1bf86dad4f74ea8038e89d05004b075aeba2a3f53eef329c6bb72,
C:\Users\tyler\Desktop\GitHub\HUNT-BUILDER\data_truth\draw_results_truth\raw_pdfs\2025_PERMITS=2026_MODEL\2025_PERMITS=2026_MODEL__YOUTH TURKEY DRAW RESULTS.pdf,2025_PERMITS=2026_MODEL__YOUTH TURKEY DRAW RESULTS.pdf,228604,24db62fb6252f0184505aa2c0245470a880ecc3a511a12afd14c3fb32510bb87,
C:\Users\tyler\Desktop\GitHub\HUNT-BUILDER\data_truth\draw_results_truth\raw_pdfs\2025_PERMITS=2026_MODEL\2025_PERMITS=2026_MODEL__YOUTH_ANTLERLESS_DEER_DRAW_RESULTS.pdf,2025_PERMITS=2026_MODEL__YOUTH_ANTLERLESS_DEER_DRAW_RESULTS.pdf,316635,9f3260293ddcb6ee87470acf02962e63d2ee4e62881d9dc95d2571faf9d9ada2,
C:\Users\tyler\Desktop\GitHub\HUNT-BUILDER\data_truth\draw_results_truth\raw_pdfs\2025_PERMITS=2026_MODEL\2025_PERMITS=2026_MODEL__YOUTH_ANTLERLESS_ELK_DRAW_RESULTS.pdf,2025_PERMITS=2026_MODEL__YOUTH_ANTLERLESS_ELK_DRAW_RESULTS.pdf,989483,e0901b6986d328412622885e77e181c35a4e2544d921157705f7fbb1caaad041,
C:\Users\tyler\Desktop\GitHub\HUNT-BUILDER\data_truth\draw_results_truth\raw_pdfs\2025_PERMITS=2026_MODEL\2025_PERMITS=2026_MODEL__YOUTH_ANTLERLESS_PRONGHORN_DRAW_RESULTS.pdf,2025_PERMITS=2026_MODEL__YOUTH_ANTLERLESS_PRONGHORN_DRAW_RESULTS.pdf,291714,96efe5fe9611c5894dbaa39a143534eed9826e2b08cb0aedc3f12a3d3017d249,
C:\Users\tyler\Desktop\GitHub\HUNT-BUILDER\data_truth\draw_results_truth\raw_pdfs\2026_PERMITS=2027_MODEL\utahdraws_2026_UOGA_DESIGN_STYLE__Big_Game__Bison.pdf,utahdraws_2026_UOGA_DESIGN_STYLE__Big_Game__Bison.pdf,674611,29eb95b202d76a0bb851e3bedee65937f9b0d4bff6b36c70d5927f4332ce8a41,
C:\Users\tyler\Desktop\GitHub\HUNT-BUILDER\data_truth\draw_results_truth\raw_pdfs\2026_PERMITS=2027_MODEL\utahdraws_2026_UOGA_DESIGN_STYLE__Big_Game__Bull_Moose.pdf,utahdraws_2026_UOGA_DESIGN_STYLE__Big_Game__Bull_Moose.pdf,507114,f3a04ffc23557eed689d7a8aec859557b3d27af5a0495bd135bef1f37a1d3e47,
C:\Users\tyler\Desktop\GitHub\HUNT-BUILDER\data_truth\draw_results_truth\raw_pdfs\2026_PERMITS=2027_MODEL\utahdraws_2026_UOGA_DESIGN_STYLE__Big_Game__Dedicated_Hunter_Buck_Deer.pdf,utahdraws_2026_UOGA_DESIGN_STYLE__Big_Game__Dedicated_Hunter_Buck_Deer.pdf,542781,bb1c1e7046f169bcb9a31d5ace40022501372526e5a8bb0584314ca133a6b696,
C:\Users\tyler\Desktop\GitHub\HUNT-BUILDER\data_truth\draw_results_truth\raw_pdfs\2026_PERMITS=2027_MODEL\utahdraws_2026_UOGA_DESIGN_STYLE__Big_Game__Desert_Bighorn_Sheep.pdf,utahdraws_2026_UOGA_DESIGN_STYLE__Big_Game__Desert_Bighorn_Sheep.pdf,934732,6dc6f8627e63b7252aa80d3e609bae823a4bf9022d29a2487ffded30a84ebdf8,
C:\Users\tyler\Desktop\GitHub\HUNT-BUILDER\data_truth\draw_results_truth\raw_pdfs\2026_PERMITS=2027_MODEL\utahdraws_2026_UOGA_DESIGN_STYLE__Big_Game__Draw-only_Youth_Elk.pdf,utahdraws_2026_UOGA_DESIGN_STYLE__Big_Game__Draw-only_Youth_Elk.pdf,597386,e780ee77fef6292ac27e38691cd5aee7560484aa69c07456094411da2468dadb,
C:\Users\tyler\Desktop\GitHub\HUNT-BUILDER\data_truth\draw_results_truth\raw_pdfs\2026_PERMITS=2027_MODEL\utahdraws_2026_UOGA_DESIGN_STYLE__Big_Game__General-Season_Buck_Deer.pdf,utahdraws_2026_UOGA_DESIGN_STYLE__Big_Game__General-Season_Buck_Deer.pdf,893497,d37adda2d87ad6783280c7c74d664fb21cb9ede300e19a1388c87245b67c8f45,
C:\Users\tyler\Desktop\GitHub\HUNT-BUILDER\data_truth\draw_results_truth\raw_pdfs\2026_PERMITS=2027_MODEL\utahdraws_2026_UOGA_DESIGN_STYLE__Big_Game__Limited-Entry_Buck_Deer.pdf,utahdraws_2026_UOGA_DESIGN_STYLE__Big_Game__Limited-Entry_Buck_Deer.pdf,1842806,0fae47d77086993022d0a208ca24705877f4b3f784a325d2bd60acb2126360b1,
C:\Users\tyler\Desktop\GitHub\HUNT-BUILDER\data_truth\draw_results_truth\raw_pdfs\2026_PERMITS=2027_MODEL\utahdraws_2026_UOGA_DESIGN_STYLE__Big_Game__Limited-Entry_Buck_Pronghorn.pdf,utahdraws_2026_UOGA_DESIGN_STYLE__Big_Game__Limited-Entry_Buck_Pronghorn.pdf,794220,670f7ca26cb2e0a8d1295b0a91a2984e5924ec998e1c9e8cc4e2eecb1503535a,
C:\Users\tyler\Desktop\GitHub\HUNT-BUILDER\data_truth\draw_results_truth\raw_pdfs\2026_PERMITS=2027_MODEL\utahdraws_2026_UOGA_DESIGN_STYLE__Big_Game__Limited-Entry_Bull_Elk.pdf,utahdraws_2026_UOGA_DESIGN_STYLE__Big_Game__Limited-Entry_Bull_Elk.pdf,2001659,3b3429b9fb07a1cfd7a065eea9f60ea009051e123e5d467fcff7068d0c95f5bd,
C:\Users\tyler\Desktop\GitHub\HUNT-BUILDER\data_truth\draw_results_truth\raw_pdfs\2026_PERMITS=2027_MODEL\utahdraws_2026_UOGA_DESIGN_STYLE__Big_Game__Mountain_Goat.pdf,utahdraws_2026_UOGA_DESIGN_STYLE__Big_Game__Mountain_Goat.pdf,1467835,28ce855cb07033d099bad847ab60e28c1e625e350a3c2e55459c6e47d88b7185,
C:\Users\tyler\Desktop\GitHub\HUNT-BUILDER\data_truth\draw_results_truth\raw_pdfs\2026_PERMITS=2027_MODEL\utahdraws_2026_UOGA_DESIGN_STYLE__Big_Game__Rocky_Mtn_Bighorn_Sheep.pdf,utahdraws_2026_UOGA_DESIGN_STYLE__Big_Game__Rocky_Mtn_Bighorn_Sheep.pdf,905381,10acaf616dcd33cd23e55e2dec42c876e2501fa79a7a927981708b34ca69ef9a,
C:\Users\tyler\Desktop\GitHub\HUNT-BUILDER\data_truth\draw_results_truth\raw_pdfs\2026_PERMITS=2027_MODEL\utahdraws_2026_UOGA_DESIGN_STYLE__Black_Bear__Black_Bear.pdf,utahdraws_2026_UOGA_DESIGN_STYLE__Black_Bear__Black_Bear.pdf,886155,a231b7c23f7ac2209e81082b96aa964f100051602342e565f3ad2f78cbc7157e,
C:\Users\tyler\Desktop\GitHub\HUNT-BUILDER\data_truth\draw_results_truth\raw_pdfs\2026_PERMITS=2027_MODEL\utahdraws_2026_UOGA_DESIGN_STYLE__Black_Bear__Black_Bear_Restricted_Pursuit.pdf,utahdraws_2026_UOGA_DESIGN_STYLE__Black_Bear__Black_Bear_Restricted_Pursuit.pdf,452029,a73a71d1ae113361af07dcc84491046e532aa8cd7780b880fa32788aad1f1c89,
C:\Users\tyler\Desktop\GitHub\HUNT-BUILDER\data_truth\draw_results_truth\raw_pdfs\2026_PERMITS=2027_MODEL\utahdraws_2026_UOGA_DESIGN_STYLE__Sportsman__Sportsman_Bison.pdf,utahdraws_2026_UOGA_DESIGN_STYLE__Sportsman__Sportsman_Bison.pdf,559690,09cb5bcb2c0ac5a90e3ea26ca3090a9c2c9bb070216a5af78a9e454e6df60516,
C:\Users\tyler\Desktop\GitHub\HUNT-BUILDER\data_truth\draw_results_truth\raw_pdfs\2026_PERMITS=2027_MODEL\utahdraws_2026_UOGA_DESIGN_STYLE__Sportsman__Sportsman_Black_Bear.pdf,utahdraws_2026_UOGA_DESIGN_STYLE__Sportsman__Sportsman_Black_Bear.pdf,413461,e60751abe7bc8f8e23eb69d935e650c4570906d4bf09a4f58aca941b3e710df8,
C:\Users\tyler\Desktop\GitHub\HUNT-BUILDER\data_truth\draw_results_truth\raw_pdfs\2026_PERMITS=2027_MODEL\utahdraws_2026_UOGA_DESIGN_STYLE__Sportsman__Sportsman_Deer.pdf,utahdraws_2026_UOGA_DESIGN_STYLE__Sportsman__Sportsman_Deer.pdf,415861,dae5273a0003a94f9e1dc005fb367b6224421166faed1008e7205f2bd80bbeed,
C:\Users\tyler\Desktop\GitHub\HUNT-BUILDER\data_truth\draw_results_truth\raw_pdfs\2026_PERMITS=2027_MODEL\utahdraws_2026_UOGA_DESIGN_STYLE__Sportsman__Sportsman_Desert_Bighorn_Sheep.pdf,utahdraws_2026_UOGA_DESIGN_STYLE__Sportsman__Sportsman_Desert_Bighorn_Sheep.pdf,798124,2d296f21f2a35f3f87c688d4c914f07072c9e9d41fdfc504bdadfd514fca2d8d,
C:\Users\tyler\Desktop\GitHub\HUNT-BUILDER\data_truth\draw_results_truth\raw_pdfs\2026_PERMITS=2027_MODEL\utahdraws_2026_UOGA_DESIGN_STYLE__Sportsman__Sportsman_Elk.pdf,utahdraws_2026_UOGA_DESIGN_STYLE__Sportsman__Sportsman_Elk.pdf,597378,6513f6ca9445843ef160bbe272b59b4b3d652287b7fb2d16c96a1411916f010a,
C:\Users\tyler\Desktop\GitHub\HUNT-BUILDER\data_truth\draw_results_truth\raw_pdfs\2026_PERMITS=2027_MODEL\utahdraws_2026_UOGA_DESIGN_STYLE__Sportsman__Sportsman_Moose.pdf,utahdraws_2026_UOGA_DESIGN_STYLE__Sportsman__Sportsman_Moose.pdf,315774,9cf1738b6c1c5bae8897ab16c15f4e3d3de42f99cecd411a424eb22a80b42976,
C:\Users\tyler\Desktop\GitHub\HUNT-BUILDER\data_truth\draw_results_truth\raw_pdfs\2026_PERMITS=2027_MODEL\utahdraws_2026_UOGA_DESIGN_STYLE__Sportsman__Sportsman_Mountain_Goat.pdf,utahdraws_2026_UOGA_DESIGN_STYLE__Sportsman__Sportsman_Mountain_Goat.pdf,1350402,24956444f492fab1fd8e7a281483be4fa05a40db57ea3d63d794a87d562edf37,
C:\Users\tyler\Desktop\GitHub\HUNT-BUILDER\data_truth\draw_results_truth\raw_pdfs\2026_PERMITS=2027_MODEL\utahdraws_2026_UOGA_DESIGN_STYLE__Sportsman__Sportsman_Pronghorn.pdf,utahdraws_2026_UOGA_DESIGN_STYLE__Sportsman__Sportsman_Pronghorn.pdf,354783,96c961d1e37bd758342b9e0ba656f57665e6209976656c94866c893128fc08d5,
C:\Users\tyler\Desktop\GitHub\HUNT-BUILDER\data_truth\draw_results_truth\raw_pdfs\2026_PERMITS=2027_MODEL\utahdraws_2026_UOGA_DESIGN_STYLE__Sportsman__Sportsman_Rocky_Mtn_Bighorn_Sheep.pdf,utahdraws_2026_UOGA_DESIGN_STYLE__Sportsman__Sportsman_Rocky_Mtn_Bighorn_Sheep.pdf,798138,98bbfa3942f778c2a7cfd42b57054ce84547beb3113d9ac788b035503c0967f3,
C:\Users\tyler\Desktop\GitHub\HUNT-BUILDER\data_truth\draw_results_truth\raw_pdfs\2026_PERMITS=2027_MODEL\utahdraws_2026_UOGA_DESIGN_STYLE__Sportsman__Sportsman_Turkey.pdf,utahdraws_2026_UOGA_DESIGN_STYLE__Sportsman__Sportsman_Turkey.pdf,413468,ee6d2bc13f6e90d1961968eedff57cd4494f4804f8af565fd2215879874e0de2,
C:\Users\tyler\Desktop\GitHub\HUNT-BUILDER\data_truth\draw_results_truth\raw_pdfs\2023_PERMITS=2024_MODEL\_duplicate_archive\2022-23 Sportsman draw odds report.pdf,2022-23 Sportsman draw odds report.pdf,123222,fc7c64978355dfaa859b884dcb66ab67c3c9daefa595d2e5cdbf3a5917a2000a,
C:\Users\tyler\Desktop\GitHub\HUNT-BUILDER\data_truth\draw_results_truth\raw_pdfs\2023_PERMITS=2024_MODEL\_duplicate_archive\2023 Antlerless big game draw results.pdf,2023 Antlerless big game draw results.pdf,770790,bf701616eee76380516e6a86d56517657740ab61b38c86860044d31712ce139f,
C:\Users\tyler\Desktop\GitHub\HUNT-BUILDER\data_truth\draw_results_truth\raw_pdfs\2023_PERMITS=2024_MODEL\_duplicate_archive\2023 DEER ODDS.pdf,2023 DEER ODDS.pdf,1028367,4188e4c1b712ec1c4973b735b6cb06e489680f15a1b2011857046b49707efabf,
C:\Users\tyler\Desktop\GitHub\HUNT-BUILDER\data_truth\draw_results_truth\raw_pdfs\2023_PERMITS=2024_MODEL\_duplicate_archive\2023 draw results General Season Deer Draw Odds.pdf,2023 draw results General Season Deer Draw Odds.pdf,464211,b59c00f36a5e3f66f0de435e194ca0ac708ef0795380035925598c5275cffd40,
C:\Users\tyler\Desktop\GitHub\HUNT-BUILDER\data_truth\draw_results_truth\raw_pdfs\2023_PERMITS=2024_MODEL\_duplicate_archive\2023 ELK + OTHER BIG GAME.pdf,2023 ELK + OTHER BIG GAME.pdf,2111606,66a38f69c535fe4e9128ada6c0f8253db58581ca4e924837b086c9f176249a6d,
C:\Users\tyler\Desktop\GitHub\HUNT-BUILDER\data_truth\draw_results_truth\raw_pdfs\2023_PERMITS=2024_MODEL\_duplicate_archive\2023 Lifetime general-season deer draw results.pdf,2023 Lifetime general-season deer draw results.pdf,412919,3a6dbf9f7f3b1b8f995a2685521812027effc7a92067609311107e80d6933c19,
C:\Users\tyler\Desktop\GitHub\HUNT-BUILDER\data_truth\draw_results_truth\raw_pdfs\2023_PERMITS=2024_MODEL\_duplicate_archive\2023 turkey_2023_youth_turkey_draw_results.pdf,2023 turkey_2023_youth_turkey_draw_results.pdf,126549,9dad81e22386d3692e9fe8ab856a4994137641ba4c13ba6fc725708259092dbd,
C:\Users\tyler\Desktop\GitHub\HUNT-BUILDER\data_truth\draw_results_truth\raw_pdfs\2023_PERMITS=2024_MODEL\_duplicate_archive\2023 Youth antlerless big game draw results.pdf,2023 Youth antlerless big game draw results.pdf,689163,adff51c9d620fd88c5bed4a1253293183db9563a2f292c3ec0bc9c0694218670,
C:\Users\tyler\Desktop\GitHub\HUNT-BUILDER\data_truth\draw_results_truth\raw_pdfs\2023_PERMITS=2024_MODEL\_duplicate_archive\2023 Youth draw-only elk bonus point draw results.pdf,2023 Youth draw-only elk bonus point draw results.pdf,76712,6766808ae7fe09786635cdeac27cefecda216df0ec3a05cc22609f5d0ec3da5e,
C:\Users\tyler\Desktop\GitHub\HUNT-BUILDER\data_truth\draw_results_truth\raw_pdfs\2023_PERMITS=2024_MODEL\_duplicate_archive\2023 _Dedicated Hunter deer draw results.pdf,2023 _Dedicated Hunter deer draw results.pdf,179888,b11dc4329853871aa145b01db3c3843354796f0b7a9b82be84ece0cb0eeae68c,
C:\Users\tyler\Desktop\GitHub\HUNT-BUILDER\data_truth\draw_results_truth\raw_pdfs\2023_PERMITS=2024_MODEL\_duplicate_archive\2023 _turkey_2023_turkey_bonus_points_draw_results.pdf,2023 _turkey_2023_turkey_bonus_points_draw_results.pdf,131980,173678409a659135eff98438a06bbd1bda558d73b0b76d911ce28434bc529300,
C:\Users\tyler\Desktop\GitHub\HUNT-BUILDER\data_truth\draw_results_truth\raw_pdfs\2023_PERMITS=2024_MODEL\_duplicate_archive\2023_PERMITS=2024_MODEL__ANTLERLESS DRAW RESULTS.pdf,2023_PERMITS=2024_MODEL__ANTLERLESS DRAW RESULTS.pdf,770790,bf701616eee76380516e6a86d56517657740ab61b38c86860044d31712ce139f,
C:\Users\tyler\Desktop\GitHub\HUNT-BUILDER\data_truth\draw_results_truth\raw_pdfs\2023_PERMITS=2024_MODEL\_duplicate_archive\2023_PERMITS=2024_MODEL__BEAR DRAW RESULTS.pdf,2023_PERMITS=2024_MODEL__BEAR DRAW RESULTS.pdf,444780,9726e78747de7634cb3d4038c3daf3665e142285ef7ecbdd342d0ac929cb0de3,
C:\Users\tyler\Desktop\GitHub\HUNT-BUILDER\data_truth\draw_results_truth\raw_pdfs\2023_PERMITS=2024_MODEL\_duplicate_archive\2023_PERMITS=2024_MODEL__L.E. BIG GAME DRAW RESULTS.pdf,2023_PERMITS=2024_MODEL__L.E. BIG GAME DRAW RESULTS.pdf,3041049,37a416f119c6cc24abbfd8ffc5c0bb65a9245212928033eaadf5b2dab93c3f51,
C:\Users\tyler\Desktop\GitHub\HUNT-BUILDER\data_truth\draw_results_truth\raw_pdfs\2023_PERMITS=2024_MODEL\_duplicate_archive\2023_PERMITS=2024_MODEL__SPORTSMAN DRAW RESULTS REVIEW.pdf,2023_PERMITS=2024_MODEL__SPORTSMAN DRAW RESULTS REVIEW.pdf,123222,fc7c64978355dfaa859b884dcb66ab67c3c9daefa595d2e5cdbf3a5917a2000a,
C:\Users\tyler\Desktop\GitHub\HUNT-BUILDER\data_truth\draw_results_truth\raw_pdfs\2023_PERMITS=2024_MODEL\_duplicate_archive\2023_PERMITS=2024_MODEL__YOUTH BULL ELK DRAW RESULTS.pdf,2023_PERMITS=2024_MODEL__YOUTH BULL ELK DRAW RESULTS.pdf,76712,6766808ae7fe09786635cdeac27cefecda216df0ec3a05cc22609f5d0ec3da5e,
C:\Users\tyler\Desktop\GitHub\HUNT-BUILDER\data_truth\draw_results_truth\raw_pdfs\2023_PERMITS=2024_MODEL\_duplicate_archive\23_bg-odds.pdf,23_bg-odds.pdf,3041049,37a416f119c6cc24abbfd8ffc5c0bb65a9245212928033eaadf5b2dab93c3f51,
C:\Users\tyler\Desktop\GitHub\HUNT-BUILDER\data_truth\draw_results_truth\raw_pdfs\2023_PERMITS=2024_MODEL\_duplicate_archive\23_drawing_odds.pdf,23_drawing_odds.pdf,444780,9726e78747de7634cb3d4038c3daf3665e142285ef7ecbdd342d0ac929cb0de3,
C:\Users\tyler\Desktop\GitHub\HUNT-BUILDER\data_truth\draw_results_truth\raw_pdfs\2023_PERMITS=2024_MODEL\_duplicate_archive\23_youth_dh_odds.pdf,23_youth_dh_odds.pdf,148486,3375f3a323f061d4c91260df5ad858394bc1c46d31fb789af9f9961aeadd95cc,
C:\Users\tyler\Desktop\GitHub\HUNT-BUILDER\pipeline\RAW\hunt_unit_database\2020A1B2__conservation_permit_report_2023.pdf,2020A1B2__conservation_permit_report_2023.pdf,5009299,5500159728d67e84e360f360807594c8cc3ff26542443bf295a634e648fac0e0,
C:\Users\tyler\Desktop\GitHub\HUNT-BUILDER\pipeline\RAW\hunt_unit_database\elk_plan.pdf,elk_plan.pdf,3067874,0dd34cd70f7a137cb23d009aebd74a1add35ebf5999324e67e88c3c44943f2e7,
C:\Users\tyler\Desktop\GitHub\HUNT-BUILDER\pipeline\RAW\hunt_unit_database\mule_deer_plan.pdf,mule_deer_plan.pdf,7436821,5d830a3c42b818fbf6a4dc58f96a770ab6149fc9e5cc3876146d0f39e22ce3f3,
C:\Users\tyler\Desktop\GitHub\HUNT-BUILDER\pipeline\RAW\hunt_unit_database\deer management plans\deer_01_2023.pdf,deer_01_2023.pdf,216487,bb48784aa744d2f8e7e4340c9a70ea20ce75ff2916e0aee498a79405ccbd4526,
C:\Users\tyler\Desktop\GitHub\HUNT-BUILDER\pipeline\RAW\hunt_unit_database\deer management plans\deer_02_2023.pdf,deer_02_2023.pdf,606399,2b9caad3dd565f8c397727205481c69e7785466029fca24d6e6137f7ecf42c97,
C:\Users\tyler\Desktop\GitHub\HUNT-BUILDER\pipeline\RAW\hunt_unit_database\deer management plans\deer_03_2023.pdf,deer_03_2023.pdf,225723,03dd3e199ef8d7d3e4f2ea902c873f6c9becae91e4050266770805bd600120f3,
C:\Users\tyler\Desktop\GitHub\HUNT-BUILDER\pipeline\RAW\hunt_unit_database\deer management plans\deer_04_2023.pdf,deer_04_2023.pdf,775473,7a478946995e6c80197234fa2d7252dc4f9cea1a05ea230fb83786cb5a8c4ba6,
C:\Users\tyler\Desktop\GitHub\HUNT-BUILDER\pipeline\RAW\hunt_unit_database\deer management plans\deer_05_2023.pdf,deer_05_2023.pdf,685486,b2df02c71ef85bf6408f912bee23774e5b9031430b80bedadf639715b1e9ca6a,
C:\Users\tyler\Desktop\GitHub\HUNT-BUILDER\pipeline\RAW\hunt_unit_database\deer management plans\deer_06_2023.pdf,deer_06_2023.pdf,225460,1a45e28853cb1955b0a5a7447a21525908c3bf7ac09c960fd95f8eff9fc3e3da,
C:\Users\tyler\Desktop\GitHub\HUNT-BUILDER\pipeline\RAW\hunt_unit_database\deer management plans\deer_07_2023.pdf,deer_07_2023.pdf,228675,8649e5fa64e7fbb0901c66dd480a63258e72d3c4613b6a083234eee6b946f894,
C:\Users\tyler\Desktop\GitHub\HUNT-BUILDER\pipeline\RAW\hunt_unit_database\deer management plans\deer_08_2020.pdf,deer_08_2020.pdf,400202,f5a8027412d5a4e88ef0fc9b3f21ce358de5ef1edbd0975eeaf879e3c4cb9268,
C:\Users\tyler\Desktop\GitHub\HUNT-BUILDER\pipeline\RAW\hunt_unit_database\deer management plans\deer_09_2020.pdf,deer_09_2020.pdf,472587,0a6e335bea9e9a305c9d89e7c4bed9f18b0444e75eb488878e7f07722e7eeae2,
C:\Users\tyler\Desktop\GitHub\HUNT-BUILDER\pipeline\RAW\hunt_unit_database\deer management plans\deer_10_2020.pdf,deer_10_2020.pdf,217728,7014434937bc550fc4c663d425c30fc7152e31b0f8aea1b8271fce692a90e689,
C:\Users\tyler\Desktop\GitHub\HUNT-BUILDER\pipeline\RAW\hunt_unit_database\deer management plans\deer_11_2020.pdf,deer_11_2020.pdf,280896,97782f34bc27e70d1a727a163063e989091fc518940b439c2e7b31792f5802ce,
C:\Users\tyler\Desktop\GitHub\HUNT-BUILDER\pipeline\RAW\hunt_unit_database\deer management plans\deer_12_deer_16_2020_cr (1).pdf,deer_12_deer_16_2020_cr (1).pdf,3836786,014fc96b599fe9b7138761378adfb89abe1e99e8d9b35e736d5fc322e3f085b4,
C:\Users\tyler\Desktop\GitHub\HUNT-BUILDER\pipeline\RAW\hunt_unit_database\deer management plans\deer_12_deer_16_2020_cr.pdf,deer_12_deer_16_2020_cr.pdf,3836786,014fc96b599fe9b7138761378adfb89abe1e99e8d9b35e736d5fc322e3f085b4,
C:\Users\tyler\Desktop\GitHub\HUNT-BUILDER\pipeline\RAW\hunt_unit_database\deer management plans\deer_12_deer_16_2025 (1).pdf,deer_12_deer_16_2025 (1).pdf,919731,4ce8bb3dafc3153f76f9a5119c6b863235fcd8c281337cee86cae5550e5bd2ac,
C:\Users\tyler\Desktop\GitHub\HUNT-BUILDER\pipeline\RAW\hunt_unit_database\deer management plans\deer_12_deer_16_2025.pdf,deer_12_deer_16_2025.pdf,919731,4ce8bb3dafc3153f76f9a5119c6b863235fcd8c281337cee86cae5550e5bd2ac,
C:\Users\tyler\Desktop\GitHub\HUNT-BUILDER\pipeline\RAW\hunt_unit_database\deer management plans\deer_13a_2025.pdf,deer_13a_2025.pdf,941424,41314b0e0e39e2448541fdd7eb5ee13302285bc5f8e9da64d11faaa99db8a45e,
C:\Users\tyler\Desktop\GitHub\HUNT-BUILDER\pipeline\RAW\hunt_unit_database\deer management plans\deer_13b_2025.pdf,deer_13b_2025.pdf,511636,3a76ccee2db149f2d7b2f35ad48fdd05217f8ecf61117fc8bda81ab0e36fc423,
C:\Users\tyler\Desktop\GitHub\HUNT-BUILDER\pipeline\RAW\hunt_unit_database\deer management plans\deer_14_2025.pdf,deer_14_2025.pdf,723696,75a4856579ab64737fb00fd63b5b1fd9b83638e26d794c787ed6d330bd9207ab,
C:\Users\tyler\Desktop\GitHub\HUNT-BUILDER\pipeline\RAW\hunt_unit_database\deer management plans\deer_15_2025.pdf,deer_15_2025.pdf,1169562,5d87a0133d0fcaa1fc053b86f1ac9a8b2aedefe0bd0acae5f5f15be3ffed3ac0,
C:\Users\tyler\Desktop\GitHub\HUNT-BUILDER\pipeline\RAW\hunt_unit_database\deer management plans\deer_17_2023.pdf,deer_17_2023.pdf,428239,dda3373831c04ed418d2ab3d079cf3e9a4472837065742b8e9165725060b9b7f,
C:\Users\tyler\Desktop\GitHub\HUNT-BUILDER\pipeline\RAW\hunt_unit_database\deer management plans\deer_18_19.pdf,deer_18_19.pdf,2344516,c9f9a8948a5bbbe5f4ce890dcac12e36062d2890864cb943b108cf55185a6307,
C:\Users\tyler\Desktop\GitHub\HUNT-BUILDER\pipeline\RAW\hunt_unit_database\deer management plans\deer_20_2020.pdf,deer_20_2020.pdf,2099092,3a233756cbd7495d381ec3212898da7c23710bc4394b3d7f879ee21c3af3b012,
C:\Users\tyler\Desktop\GitHub\HUNT-BUILDER\pipeline\RAW\hunt_unit_database\deer management plans\deer_21_2020 (1).pdf,deer_21_2020 (1).pdf,1090086,e51b10d3acd42b2dd2169d5d5af0ed82575499386aac5f02deac6e1dffd50101,
C:\Users\tyler\Desktop\GitHub\HUNT-BUILDER\pipeline\RAW\hunt_unit_database\deer management plans\deer_21_2020.pdf,deer_21_2020.pdf,1090086,e51b10d3acd42b2dd2169d5d5af0ed82575499386aac5f02deac6e1dffd50101,
C:\Users\tyler\Desktop\GitHub\HUNT-BUILDER\pipeline\RAW\hunt_unit_database\deer management plans\deer_22_2020.pdf,deer_22_2020.pdf,548750,bb3c8f50e8f3437be134afba6e6dfcd8ced20ed78bcb2dd3ecfee76fb99df3d4,
C:\Users\tyler\Desktop\GitHub\HUNT-BUILDER\pipeline\RAW\hunt_unit_database\deer management plans\deer_23_2020.pdf,deer_23_2020.pdf,889234,2ca902ff4293ca469fd7a070241312c65558529f6054c99f05b10a483493f2ff,
C:\Users\tyler\Desktop\GitHub\HUNT-BUILDER\pipeline\RAW\hunt_unit_database\deer management plans\deer_24_2020.pdf,deer_24_2020.pdf,531761,ef583314b9d2b3a8e979b5ef65b63ce5b7465be377ea67f6b81e393872d2c6ce,
C:\Users\tyler\Desktop\GitHub\HUNT-BUILDER\pipeline\RAW\hunt_unit_database\deer management plans\deer_25_deer_26_2020 (1).pdf,deer_25_deer_26_2020 (1).pdf,3320863,8de6a986cfed0bc17f0702173abc2a9d79a77aa4481068911335db1600e6d836,
C:\Users\tyler\Desktop\GitHub\HUNT-BUILDER\pipeline\RAW\hunt_unit_database\deer management plans\deer_25_deer_26_2020.pdf,deer_25_deer_26_2020.pdf,3320863,8de6a986cfed0bc17f0702173abc2a9d79a77aa4481068911335db1600e6d836,
C:\Users\tyler\Desktop\GitHub\HUNT-BUILDER\pipeline\RAW\hunt_unit_database\deer management plans\deer_27_2020.pdf,deer_27_2020.pdf,582600,ee550217037f49eb99fbb74cbd6365ab5454e0dd6e7573094b44834e95685054,
C:\Users\tyler\Desktop\GitHub\HUNT-BUILDER\pipeline\RAW\hunt_unit_database\deer management plans\deer_28_2020.pdf,deer_28_2020.pdf,528010,99bd17d89a3bd168d29312b98307cdf7b6225126471df91ca0560b7a57d7e372,
C:\Users\tyler\Desktop\GitHub\HUNT-BUILDER\pipeline\RAW\hunt_unit_database\deer management plans\deer_29_2020.pdf,deer_29_2020.pdf,1815720,8089f89a7fdc6574a17502bb569f3ba457ec12c71ad750d8ebf898516cd2d9d3,
C:\Users\tyler\Desktop\GitHub\HUNT-BUILDER\pipeline\RAW\hunt_unit_database\deer management plans\deer_30_2020.pdf,deer_30_2020.pdf,1238387,4f0f6e96d957e487b8ae1508ac594d8c6a4768d523e4fe9118b187582bc1edd5,
C:\Users\tyler\Desktop\GitHub\HUNT-BUILDER\pipeline\RAW\hunt_unit_database\2013\pdf\harvest_report\04F508BD__2013_all_species_hr.pdf,04F508BD__2013_all_species_hr.pdf,123547,4f057c9514c0d883c9374a23392ad3b71e304b21117ebec43323ad143e578bd2,
C:\Users\tyler\Desktop\GitHub\HUNT-BUILDER\pipeline\RAW\hunt_unit_database\2013\pdf\harvest_report\1400385D__2013_moose_hr.pdf,1400385D__2013_moose_hr.pdf,27835,019c4dfef9adaacc1cab5c6c8def5332ffc73c649843665ad8452d17feb214a0,
C:\Users\tyler\Desktop\GitHub\HUNT-BUILDER\pipeline\RAW\hunt_unit_database\2013\pdf\harvest_report\31B5012A__2013_mg_hr.pdf,31B5012A__2013_mg_hr.pdf,14975,914ff2990b1252cfde833e4d79bc4ad96968941df05534193357bf0c1b0d9faf,
C:\Users\tyler\Desktop\GitHub\HUNT-BUILDER\pipeline\RAW\hunt_unit_database\2013\pdf\harvest_report\3C5A3350__2013_rmbs_hr.pdf,3C5A3350__2013_rmbs_hr.pdf,13617,74009a0daf697b6906c93360828c8188433588fd30d13d5546f498ca5e5d8785,
C:\Users\tyler\Desktop\GitHub\HUNT-BUILDER\pipeline\RAW\hunt_unit_database\2013\pdf\harvest_report\58DF2D11__2013_gs_deer_hr.pdf,58DF2D11__2013_gs_deer_hr.pdf,48461,9c1aeb78c2f0d67eef6ed12888450948de84451a8d9f4c029bdcc363fafc18d4,
C:\Users\tyler\Desktop\GitHub\HUNT-BUILDER\pipeline\RAW\hunt_unit_database\2013\pdf\harvest_report\8949AE45__2013_le_elk_hr.pdf,8949AE45__2013_le_elk_hr.pdf,66974,2111a8f283a038e269b6c2b282c18233ce8c3810d8008af7f5953018c984ac04,
C:\Users\tyler\Desktop\GitHub\HUNT-BUILDER\pipeline\RAW\hunt_unit_database\2013\pdf\harvest_report\8995B15E__2013_bison_hr.pdf,8995B15E__2013_bison_hr.pdf,13266,d0942da4e361244e6e468c64fb7b6b72c8cd8132219c8b50d04cfdf6a071dfd7,
C:\Users\tyler\Desktop\GitHub\HUNT-BUILDER\pipeline\RAW\hunt_unit_database\2013\pdf\harvest_report\BA46974B__2013_le_pronghorn_hr.pdf,BA46974B__2013_le_pronghorn_hr.pdf,32339,815cfa5795074ebd856575ac4416217af38c074bf964a10c035497d8fb54bda7,
C:\Users\tyler\Desktop\GitHub\HUNT-BUILDER\pipeline\RAW\hunt_unit_database\2013\pdf\harvest_report\FA55B0D7__2013_le_deer_hr.pdf,FA55B0D7__2013_le_deer_hr.pdf,51732,d3f5a06b5610117c78dfbcf34bc45522784e014f95d272ab390c27c64cff4dbf,
C:\Users\tyler\Desktop\GitHub\HUNT-BUILDER\pipeline\RAW\hunt_unit_database\2013\pdf\harvest_report\FB91F4A9__2013_dbs_hr.pdf,FB91F4A9__2013_dbs_hr.pdf,14290,6b38331886867e29a1d2e7634a056a59b3af8cc6abd446fe5914b8b6b192658d,
C:\Users\tyler\Desktop\GitHub\HUNT-BUILDER\pipeline\RAW\hunt_unit_database\2014\pdf\harvest_report\0AD0E19F__escalante_bighorn_2014.pdf,0AD0E19F__escalante_bighorn_2014.pdf,7800,fe37cd4abc97dab69cad2630419b0945d2a35faa92d9bead50c45a8a9958138f,
C:\Users\tyler\Desktop\GitHub\HUNT-BUILDER\pipeline\RAW\hunt_unit_database\2014\pdf\harvest_report\0B284939__baretop_bighorn_2014.pdf,0B284939__baretop_bighorn_2014.pdf,6767,99dc68ae7df3e39434ee0e66efc0945150fc643ff7238412ea8b0223205b477a,
C:\Users\tyler\Desktop\GitHub\HUNT-BUILDER\pipeline\RAW\hunt_unit_database\2014\pdf\harvest_report\20175C2A__dirtydevil_bighorn_2014.pdf,20175C2A__dirtydevil_bighorn_2014.pdf,9365,fe6d6614234c7d9448e07835d6b5ac04f01ff5a1e796089124c13a4265116ca1,
C:\Users\tyler\Desktop\GitHub\HUNT-BUILDER\pipeline\RAW\hunt_unit_database\2014\pdf\harvest_report\3A23A26F__2014_gs_deer_hr.pdf,3A23A26F__2014_gs_deer_hr.pdf,44175,550a26349948d5ca84d4535e5e51cbefda58d0151c7ec3eeb25f734c76710b24,
C:\Users\tyler\Desktop\GitHub\HUNT-BUILDER\pipeline\RAW\hunt_unit_database\2014\pdf\harvest_report\586D15F7__sheepcreek_bighorn_2014.pdf,586D15F7__sheepcreek_bighorn_2014.pdf,7008,e04a51266ff67f15c8f79ae42ffa9c459166cceb57303a9cdf564450658ee1dd,
C:\Users\tyler\Desktop\GitHub\HUNT-BUILDER\pipeline\RAW\hunt_unit_database\2014\pdf\harvest_report\5C01A46D__westdaggett_redcanyon_bighorn_2014.pdf,5C01A46D__westdaggett_redcanyon_bighorn_2014.pdf,6679,673b4c39fa2405cfacaae1e2ba0d45d563340dd5a84e7c75d72a8bc32d9ade5e,
C:\Users\tyler\Desktop\GitHub\HUNT-BUILDER\pipeline\RAW\hunt_unit_database\2014\pdf\harvest_report\5DAFBD36__southsanjuan_bighorn_2014.pdf,5DAFBD36__southsanjuan_bighorn_2014.pdf,7413,85e4201c08efbf34f088cc1c8aeee1749926e5abf903d2055a8ccc808d4ec3b8,
C:\Users\tyler\Desktop\GitHub\HUNT-BUILDER\pipeline\RAW\hunt_unit_database\2014\pdf\harvest_report\5E74FC14__avintaquin_bighorn_2014.pdf,5E74FC14__avintaquin_bighorn_2014.pdf,6996,c5d302c47bdcbf02fded073ab310e4a09d0819378c74538f21ff9bdc6e780960,
C:\Users\tyler\Desktop\GitHub\HUNT-BUILDER\pipeline\RAW\hunt_unit_database\2014\pdf\harvest_report\62B883FF__2014_all_species_hr.pdf,62B883FF__2014_all_species_hr.pdf,137331,a757f9bf26a08a9ea80aa6ec30b9dc6bda72d9dac70bb542f094756253fdd94d,
C:\Users\tyler\Desktop\GitHub\HUNT-BUILDER\pipeline\RAW\hunt_unit_database\2014\pdf\harvest_report\6A5A0322__northsanjuan_bighorn_2014.pdf,6A5A0322__northsanjuan_bighorn_2014.pdf,6860,76d9b66c545bb367fce25e20c8f4691009aae137fabc4386df74684d3276198a,
C:\Users\tyler\Desktop\GitHub\HUNT-BUILDER\pipeline\RAW\hunt_unit_database\2014\pdf\harvest_report\6AE90682__sanjuanriver_bighorn_2014.pdf,6AE90682__sanjuanriver_bighorn_2014.pdf,7034,f6563609c57f3a9d84e9981c18359e66e24098cfc643508e46765ac83b4a7dd2,
C:\Users\tyler\Desktop\GitHub\HUNT-BUILDER\pipeline\RAW\hunt_unit_database\2014\pdf\harvest_report\737D4E27__pinevalley_bighorn_2014.pdf,737D4E27__pinevalley_bighorn_2014.pdf,24084,5e13238103e7b9fadbeae2e6b47a8f7097e4cf5780cbdca139ac6345fc1d19a8,
C:\Users\tyler\Desktop\GitHub\HUNT-BUILDER\pipeline\RAW\hunt_unit_database\2014\pdf\harvest_report\94140BEF__pilotmtn_bighorn_2014.pdf,94140BEF__pilotmtn_bighorn_2014.pdf,39716,8298d4f25aefbd5bde820b49f761e5f0638d663ad70c77b1d98d5367f6472415,
C:\Users\tyler\Desktop\GitHub\HUNT-BUILDER\pipeline\RAW\hunt_unit_database\2014\pdf\harvest_report\9DBED702__2014_antlerless_hr.pdf,9DBED702__2014_antlerless_hr.pdf,59501,8c00c4684f3dac7f78926e003bae3b3f25d9896eeac9576bea545ded69cbd033,
C:\Users\tyler\Desktop\GitHub\HUNT-BUILDER\pipeline\RAW\hunt_unit_database\2014\pdf\harvest_report\A5C79130__lasalpotash_bighorn_2014.pdf,A5C79130__lasalpotash_bighorn_2014.pdf,7377,8941b0238b5e73e9b34ec40a534de01badedba115cabaee4d1175788e63fe356,
C:\Users\tyler\Desktop\GitHub\HUNT-BUILDER\pipeline\RAW\hunt_unit_database\2014\pdf\harvest_report\A72F6F1C__lockhart_bighorn_2014.pdf,A72F6F1C__lockhart_bighorn_2014.pdf,7584,2065d8b282baf06f6b2b16771e5e2180c37db92def960dbdc32d3585e5af9f7c,
C:\Users\tyler\Desktop\GitHub\HUNT-BUILDER\pipeline\RAW\hunt_unit_database\2014\pdf\harvest_report\B1FCCFD7__henrys_littlerockies_bighorn_2014.pdf,B1FCCFD7__henrys_littlerockies_bighorn_2014.pdf,9586,51eef80a8fce5141e9f8df4e9f6a6f2adc249b8d3a76d5bf9aae2e09e28e8d9d,
C:\Users\tyler\Desktop\GitHub\HUNT-BUILDER\pipeline\RAW\hunt_unit_database\2014\pdf\harvest_report\B41D81A1__newfoundland_bighorn_2014.pdf,B41D81A1__newfoundland_bighorn_2014.pdf,7671,06a6902afcb9bebd6fb8dd236cf81cb8b1f1c74e932f8c479acb194efeb178ad,
C:\Users\tyler\Desktop\GitHub\HUNT-BUILDER\pipeline\RAW\hunt_unit_database\2014\pdf\harvest_report\D04E792F__2014_bhs_data.pdf,D04E792F__2014_bhs_data.pdf,77134,13ecda9ea9c1fae1077e5feb33611ea1e799d611623734eb5421f19813c05408,
C:\Users\tyler\Desktop\GitHub\HUNT-BUILDER\pipeline\RAW\hunt_unit_database\2014\pdf\harvest_report\DB693FA5__goslinmtn_bighorn_2014.pdf,DB693FA5__goslinmtn_bighorn_2014.pdf,6709,9d3e0603419e4a02aabe7a13522ebd9454e4da849147b0d4b9b42146aee1f618,
C:\Users\tyler\Desktop\GitHub\HUNT-BUILDER\pipeline\RAW\hunt_unit_database\2015\pdf\harvest_report\1592232F__NorthSlopeBaretop_bighorn_2015.pdf,1592232F__NorthSlopeBaretop_bighorn_2015.pdf,35334,534d970dcfed9d27c2e714f858262233a769456d19f5ae1f998524b47da6b1ca,
C:\Users\tyler\Desktop\GitHub\HUNT-BUILDER\pipeline\RAW\hunt_unit_database\2015\pdf\harvest_report\20569E3D__SouthSanRafael_bighorn_2015.pdf,20569E3D__SouthSanRafael_bighorn_2015.pdf,8502,4dd7628d43dd132c083ea98cfcf506dc9b85357c5c715666a21afd5c8cc5567c,
C:\Users\tyler\Desktop\GitHub\HUNT-BUILDER\pipeline\RAW\hunt_unit_database\2015\pdf\harvest_report\23C2211D__2015_antlerless_hr.pdf,23C2211D__2015_antlerless_hr.pdf,23362,7d4cfcbf81279a08924876cec1c1e93e464e7e8e5414c38d9e36715e11bf92b2,
C:\Users\tyler\Desktop\GitHub\HUNT-BUILDER\pipeline\RAW\hunt_unit_database\2015\pdf\harvest_report\251794EF__2015_gs_deer_hr.pdf,251794EF__2015_gs_deer_hr.pdf,14653,4b1cab3f14b7747ff03dc1b6d03f86e9d5e545be302d61f695e1e38d7c0917a5,
C:\Users\tyler\Desktop\GitHub\HUNT-BUILDER\pipeline\RAW\hunt_unit_database\2015\pdf\harvest_report\2CB58436__2015_BHS_Data.pdf,2CB58436__2015_BHS_Data.pdf,64585,f5f38faa84272a50a771f79fc30ea73b3a1f821f7019883153a214a541b2c8fe,
C:\Users\tyler\Desktop\GitHub\HUNT-BUILDER\pipeline\RAW\hunt_unit_database\2015\pdf\harvest_report\4F8E24C8__OquirrhStansburyBighorn_2015.pdf,4F8E24C8__OquirrhStansburyBighorn_2015.pdf,7080,c0a6cb2396e0d4f067a55c24178472af9fe4494850cea15ea497fedff79f1c5d,
C:\Users\tyler\Desktop\GitHub\HUNT-BUILDER\pipeline\RAW\hunt_unit_database\2015\pdf\harvest_report\60DAB81C__NorthSlopeSheepCreek_bighorn_2015.pdf,60DAB81C__NorthSlopeSheepCreek_bighorn_2015.pdf,7669,4944fc42c5314d25a0a811f2995f190e5dedd6a28f166b8cf1f86ff70413db80,
C:\Users\tyler\Desktop\GitHub\HUNT-BUILDER\pipeline\RAW\hunt_unit_database\2015\pdf\harvest_report\6744AEA9__NorthSanRafael_bighorn_2015.pdf,6744AEA9__NorthSanRafael_bighorn_2015.pdf,8081,3728d62e336447f947a89766284864ef3d34fe2663702291657d9210db29547b,
C:\Users\tyler\Desktop\GitHub\HUNT-BUILDER\pipeline\RAW\hunt_unit_database\2015\pdf\harvest_report\8CD72257__WasatchMtnsWest_bighorn_2015.pdf,8CD72257__WasatchMtnsWest_bighorn_2015.pdf,7591,66168b83ad622d9b49f54d350cf00ee275e3996c5a9b8d2b3f0ebd95f79a6113,
C:\Users\tyler\Desktop\GitHub\HUNT-BUILDER\pipeline\RAW\hunt_unit_database\2015\pdf\harvest_report\94CBE76A__CentralMtnsNebo_bighorn_2015.pdf,94CBE76A__CentralMtnsNebo_bighorn_2015.pdf,6662,69c05077a0d7fe8b5c20e9c2f480a84df52af64c985bedc6fc4b1a6d6cad282a,
C:\Users\tyler\Desktop\GitHub\HUNT-BUILDER\pipeline\RAW\hunt_unit_database\2015\pdf\harvest_report\9D3EBB50__Zion_bighorn_2015.pdf,9D3EBB50__Zion_bighorn_2015.pdf,26355,33aa1c459e1847cbd7025706289158ffad7eddd063a80c068f829cd7df1b6c0f,
C:\Users\tyler\Desktop\GitHub\HUNT-BUILDER\pipeline\RAW\hunt_unit_database\2015\pdf\harvest_report\9FB2707A__NorthSlopeGoslinMtn_bighorn_2015.pdf,9FB2707A__NorthSlopeGoslinMtn_bighorn_2015.pdf,6774,be78812aa1a8053c90ab09aa2eb34443a5d7c9183037ed9df93ef148546ec3a1,
C:\Users\tyler\Desktop\GitHub\HUNT-BUILDER\pipeline\RAW\hunt_unit_database\2015\pdf\harvest_report\D8032F87__NorthSlopeRedCanyon_bighorn_2015.pdf,D8032F87__NorthSlopeRedCanyon_bighorn_2015.pdf,6773,b74b4e71235fdb8a160843f193397bef3d791cf937e320bfd87d94d211e20697,
C:\Users\tyler\Desktop\GitHub\HUNT-BUILDER\pipeline\RAW\hunt_unit_database\2015\pdf\harvest_report\E8CF3BEA__2015_le_oial_hr.pdf,E8CF3BEA__2015_le_oial_hr.pdf,98063,e30dc2376881e63fe505b077cc71767cc95dcea8ed9d040dca1093d5bc02b2db,
C:\Users\tyler\Desktop\GitHub\HUNT-BUILDER\pipeline\RAW\hunt_unit_database\2015\pdf\harvest_report\EA6B4005__KaiparowitsEastWest_bighorn_2015.pdf,EA6B4005__KaiparowitsEastWest_bighorn_2015.pdf,23403,83d4e38578567754e4f25393b7b65a53b0d2c241a4371c62b84f7dbb4fb0c732,
C:\Users\tyler\Desktop\GitHub\HUNT-BUILDER\pipeline\RAW\hunt_unit_database\2016\pdf\harvest_report\11D93CAD__2016_n_slope_w_daggett_sheep_creek_bh.pdf,11D93CAD__2016_n_slope_w_daggett_sheep_creek_bh.pdf,7471,5edebfc27cb77deb35c5f9fbc58bfa361b530254e238c7bdc2cf3e5a6d1cf764,
C:\Users\tyler\Desktop\GitHub\HUNT-BUILDER\pipeline\RAW\hunt_unit_database\2016\pdf\harvest_report\1414A3B6__2016_san_rafael_dirty_devil_bg.pdf,1414A3B6__2016_san_rafael_dirty_devil_bg.pdf,7176,e4aaf6be59c868a3849dc3924af81927f87917f67ee45d73d175f67d9a3a0cab,
C:\Users\tyler\Desktop\GitHub\HUNT-BUILDER\pipeline\RAW\hunt_unit_database\2016\pdf\harvest_report\25AAAC37__2016_box_elder_newfoundlands_bh.pdf,25AAAC37__2016_box_elder_newfoundlands_bh.pdf,7023,f825a76443832d4cc7e08a2e079221b00a2a51e032cdef8625206ece4ec5be90,
C:\Users\tyler\Desktop\GitHub\HUNT-BUILDER\pipeline\RAW\hunt_unit_database\2016\pdf\harvest_report\2B13F427__2016_pine_valley_bighorn.pdf,2B13F427__2016_pine_valley_bighorn.pdf,24042,f4b30ebdd8bce123a1bfb53235fa9ec9b3543219180c47c0b91e4ffe6b38d28e,
C:\Users\tyler\Desktop\GitHub\HUNT-BUILDER\pipeline\RAW\hunt_unit_database\2016\pdf\harvest_report\4B2B58E6__Box_Elder_Newfoundland_bighorn_2016.pdf,4B2B58E6__Box_Elder_Newfoundland_bighorn_2016.pdf,6994,cc5182bccbdd48fd9881c966185030d99da592672a2cbfdcc238979f88ab3b2d,
C:\Users\tyler\Desktop\GitHub\HUNT-BUILDER\pipeline\RAW\hunt_unit_database\2016\pdf\harvest_report\4B871A48__2016_le_oial_hr.pdf,4B871A48__2016_le_oial_hr.pdf,54326,4e331e4b19ef81c81e963efe2a2ad7f9829f6cd25522760566d7f7dfeb421d2b,
C:\Users\tyler\Desktop\GitHub\HUNT-BUILDER\pipeline\RAW\hunt_unit_database\2016\pdf\harvest_report\6B279CB4__2016_henrys_little_rockies_rattlesnake_bh.pdf,6B279CB4__2016_henrys_little_rockies_rattlesnake_bh.pdf,7184,5fed1a284e53294a4eecc5eb430d7dab416c9fb8513efd59ce12d1009ef0f6a7,
C:\Users\tyler\Desktop\GitHub\HUNT-BUILDER\pipeline\RAW\hunt_unit_database\2016\pdf\harvest_report\82A75C66__2016_gs_deer_hr.pdf,82A75C66__2016_gs_deer_hr.pdf,14628,ddae23b88467089e6a6cf2420121e25e3fee7cf87fc715892c6dbdc9b25fc3fd,
C:\Users\tyler\Desktop\GitHub\HUNT-BUILDER\pipeline\RAW\hunt_unit_database\2016\pdf\harvest_report\942386DD__2016_n_slope_three_corners_bh.pdf,942386DD__2016_n_slope_three_corners_bh.pdf,6857,ba3f80a5d1e3df0a2e34ed53c4e548fda65edef3527d97f914a2cf65210ee0f8,
C:\Users\tyler\Desktop\GitHub\HUNT-BUILDER\pipeline\RAW\hunt_unit_database\2016\pdf\harvest_report\B21D6549__2016_bhs_harvest_data.pdf,B21D6549__2016_bhs_harvest_data.pdf,479366,29d3795579b52d99c2bbe66e4ad7a6e67579ee2943b3bce9f6ab404e7bc09442,
C:\Users\tyler\Desktop\GitHub\HUNT-BUILDER\pipeline\RAW\hunt_unit_database\2016\pdf\harvest_report\B564C9EC__2016_book_cliffs_rattlesnake_bh.pdf,B564C9EC__2016_book_cliffs_rattlesnake_bh.pdf,23980,e18fe57f6f0613421cb759520b930190d53c7bcc3ee47d625f2209a5d48a48a8,
C:\Users\tyler\Desktop\GitHub\HUNT-BUILDER\pipeline\RAW\hunt_unit_database\2016\pdf\harvest_report\CA218DB8__2016_n_slope_w_daggett_red_canyon_bh.pdf,CA218DB8__2016_n_slope_w_daggett_red_canyon_bh.pdf,7655,8934a54c00248a0b1abb7ff0e06b424c9a40982b033b6131fc0d9e14a339b1f0,
C:\Users\tyler\Desktop\GitHub\HUNT-BUILDER\pipeline\RAW\hunt_unit_database\2016\pdf\harvest_report\CBEBFE8C__2016_nine_mile_range_creek_bh.pdf,CBEBFE8C__2016_nine_mile_range_creek_bh.pdf,26954,15350b33cc96957255aa192556481117804c77b3ee984862368172166bf8892e,
C:\Users\tyler\Desktop\GitHub\HUNT-BUILDER\pipeline\RAW\hunt_unit_database\2016\pdf\harvest_report\F6DB57FB__2016_antlerless_hr.pdf,F6DB57FB__2016_antlerless_hr.pdf,24809,faa36deab5750f1869882e54792eeb4ed92f8fc7e7d6f010974b7cc15bd188dc,
C:\Users\tyler\Desktop\GitHub\HUNT-BUILDER\pipeline\RAW\hunt_unit_database\2016\pdf\harvest_report\FD22B2D9__2016_n_slope_three_corners_goslin_bh.pdf,FD22B2D9__2016_n_slope_three_corners_goslin_bh.pdf,6780,0592c6cdbeea2e39c882d7e68b83f2a9ba77ae7f24bdce3fca491d70cafc1f7b,
C:\Users\tyler\Desktop\GitHub\HUNT-BUILDER\pipeline\RAW\hunt_unit_database\2017\pdf\harvest_report\043488DC__2017_le_oial_hr.pdf,043488DC__2017_le_oial_hr.pdf,287282,e0ed2da0bc76074f08730ade80e320028385d93ccc5dcff4f0b2f640f59fc215,
C:\Users\tyler\Desktop\GitHub\HUNT-BUILDER\pipeline\RAW\hunt_unit_database\2017\pdf\harvest_report\0FE6BFCA__2017_gs_deer_hr.pdf,0FE6BFCA__2017_gs_deer_hr.pdf,70617,2562270c88a4aa2f36777bbb3536e05be2278a39841571e6dd3c5d5c800816e4,
C:\Users\tyler\Desktop\GitHub\HUNT-BUILDER\pipeline\RAW\hunt_unit_database\2017\pdf\harvest_report\17E33C4D__2017-LaSalPotash_bighorn.pdf,17E33C4D__2017-LaSalPotash_bighorn.pdf,106064,cf42ed8ea29a02dd9f076a9b9160acdae0998d9550c955ed106f56cb44a1e71f,
C:\Users\tyler\Desktop\GitHub\HUNT-BUILDER\pipeline\RAW\hunt_unit_database\2017\pdf\harvest_report\50D4A2A1__2017-OakCreek_bighorn.pdf,50D4A2A1__2017-OakCreek_bighorn.pdf,70511,aa978272b935bff29a36732f73a1029b54b16a94c222a9581a5a18e320d8d6fe,
C:\Users\tyler\Desktop\GitHub\HUNT-BUILDER\pipeline\RAW\hunt_unit_database\2017\pdf\harvest_report\6AECF376__2017-bighorn_harvest.pdf,6AECF376__2017-bighorn_harvest.pdf,426812,2998b5d70e28e0fa8e80c18cc9fc3b7eb385d7d7d844be6bb50d0f0426e2beaa,
C:\Users\tyler\Desktop\GitHub\HUNT-BUILDER\pipeline\RAW\hunt_unit_database\2017\pdf\harvest_report\9C65D960__2017-SanJuanLockhart_bighorn.pdf,9C65D960__2017-SanJuanLockhart_bighorn.pdf,41064,e098c3bd2bb2c3a1338cc153d99efa827b50a59d5cd24128efc7b315f751de78,
C:\Users\tyler\Desktop\GitHub\HUNT-BUILDER\pipeline\RAW\hunt_unit_database\2017\pdf\harvest_report\B37EDE43__2017-KaiparowitsEscalante_bighorn.pdf,B37EDE43__2017-KaiparowitsEscalante_bighorn.pdf,216787,d7e024bffb00af9cd5778319d887dd9e3e6547416423243ea3fb6c5c490b2235,
C:\Users\tyler\Desktop\GitHub\HUNT-BUILDER\pipeline\RAW\hunt_unit_database\2017\pdf\harvest_report\DA57FA0D__2017_antlerless_hr.pdf,DA57FA0D__2017_antlerless_hr.pdf,106268,5c044926794c607436a483261f45dbae23c4a657b26d061fe2d62395d9853839,
C:\Users\tyler\Desktop\GitHub\HUNT-BUILDER\pipeline\RAW\hunt_unit_database\2017\pdf\harvest_report\E0B518C9__2017-SanJuanNorth_bighorn.pdf,E0B518C9__2017-SanJuanNorth_bighorn.pdf,38913,0c769c7db844a331829041cda1cf753f2cf60c87e60be2933917700ddcfb3b0a,
C:\Users\tyler\Desktop\GitHub\HUNT-BUILDER\pipeline\RAW\hunt_unit_database\2017\pdf\harvest_report\E58C632D__2017-SanJuanSouth_bighorn.pdf,E58C632D__2017-SanJuanSouth_bighorn.pdf,50799,fbcf7fa9ff964ca36b53fc2fac3254d7bcbb8045ced81e7d17ae347056850d17,
C:\Users\tyler\Desktop\GitHub\HUNT-BUILDER\pipeline\RAW\hunt_unit_database\2017\pdf\harvest_report\E6D3F0AB__2017-SanJuanRiver_bighorn.pdf,E6D3F0AB__2017-SanJuanRiver_bighorn.pdf,48812,6bba9a31bac267ae50955b5a328cb04274cd5ada55ec7ca5a77f259319272148,
C:\Users\tyler\Desktop\GitHub\HUNT-BUILDER\pipeline\RAW\hunt_unit_database\2018\pdf\harvest_report\11339B18__2018-kaiparowits.pdf,11339B18__2018-kaiparowits.pdf,70822,e994afa9a1afab09b5278b95b9b301b42ad62cca48a0d1bd093e6e6571bb1416,
C:\Users\tyler\Desktop\GitHub\HUNT-BUILDER\pipeline\RAW\hunt_unit_database\2018\pdf\harvest_report\17C7BBEA__2018-zion.pdf,17C7BBEA__2018-zion.pdf,260618,b0bb5ffdc881e4f4f6b7986be43eb41c4e652cb20dfce106d9699d7aa0441d5a,
C:\Users\tyler\Desktop\GitHub\HUNT-BUILDER\pipeline\RAW\hunt_unit_database\2018\pdf\harvest_report\2BBB0C1A__2018-north-slope-red-canyon.pdf,2BBB0C1A__2018-north-slope-red-canyon.pdf,121973,a43d4634aa6d207b5af4126b0acda93bcf6b48f93efc9796830c63f4aabacdfc,
C:\Users\tyler\Desktop\GitHub\HUNT-BUILDER\pipeline\RAW\hunt_unit_database\2018\pdf\harvest_report\2DC08B69__2018-north-slope-sheep-creek.pdf,2DC08B69__2018-north-slope-sheep-creek.pdf,71335,fbc5e404d72977a3001d40142c63be4f4a84d9726d6459fad6caf466fc32dcba,
C:\Users\tyler\Desktop\GitHub\HUNT-BUILDER\pipeline\RAW\hunt_unit_database\2018\pdf\harvest_report\39C8D045__2018-north-slope-bare-top.pdf,39C8D045__2018-north-slope-bare-top.pdf,122940,77ff2129c3886407de6200c83f1e9f9683281e8bf123de8034977dee735c7099,
C:\Users\tyler\Desktop\GitHub\HUNT-BUILDER\pipeline\RAW\hunt_unit_database\2018\pdf\harvest_report\5362D4A1__2018-san-rafael-south.pdf,5362D4A1__2018-san-rafael-south.pdf,221378,f2d9e24b0f1383f08378c2f62538ebc395abe9cb185e1b68f6dafae98c5d39ee,
C:\Users\tyler\Desktop\GitHub\HUNT-BUILDER\pipeline\RAW\hunt_unit_database\2018\pdf\harvest_report\58B665E2__2018-wasatch-west.pdf,58B665E2__2018-wasatch-west.pdf,116550,b237e56ce20f4890c60eb8c620fbb15db49d12f75be116f5d2b632d4e0309855,
C:\Users\tyler\Desktop\GitHub\HUNT-BUILDER\pipeline\RAW\hunt_unit_database\2018\pdf\harvest_report\714AD5F1__2018-north-slope-hoop-lake.pdf,714AD5F1__2018-north-slope-hoop-lake.pdf,115125,94f941123ffa2ca65b38dc64bf2ff3321d5d4df42ccc4a6803028ae7748d186d,
C:\Users\tyler\Desktop\GitHub\HUNT-BUILDER\pipeline\RAW\hunt_unit_database\2018\pdf\harvest_report\998F5948__2018-harvest-data.pdf,998F5948__2018-harvest-data.pdf,117312,706d31a020c0031c201b237409027b7725334b16b1b18726bac91e5cfcc76ac1,
C:\Users\tyler\Desktop\GitHub\HUNT-BUILDER\pipeline\RAW\hunt_unit_database\2018\pdf\harvest_report\9AA76DD4__2018-central-mtns-nebo.pdf,9AA76DD4__2018-central-mtns-nebo.pdf,124037,013be1e40ae9e0bdc83f94adfca5dd1069b9c3b458f8bf3160f1364fcb0941e7,
C:\Users\tyler\Desktop\GitHub\HUNT-BUILDER\pipeline\RAW\hunt_unit_database\2018\pdf\harvest_report\9F5340DF__2018-north-slope-goslin.pdf,9F5340DF__2018-north-slope-goslin.pdf,117161,234771b17470c13e2c5e9d2724a5e2e430ee88a0db3725127b90180f66977c8b,
C:\Users\tyler\Desktop\GitHub\HUNT-BUILDER\pipeline\RAW\hunt_unit_database\2018\pdf\harvest_report\ECDA0F1D__2018_le_oial_hr.pdf,ECDA0F1D__2018_le_oial_hr.pdf,1359331,c368bb2ed985e0c9725129f6c726cb227fe7c2ed0e21fc1c2fdd850fea7a7292,
C:\Users\tyler\Desktop\GitHub\HUNT-BUILDER\pipeline\RAW\hunt_unit_database\2018\pdf\harvest_report\F157C927__2018-san-rafael-north.pdf,F157C927__2018-san-rafael-north.pdf,155706,c376a4ef89245b6a02b44a17cd733be5646b22583aa6d063974270a516fb8e89,
C:\Users\tyler\Desktop\GitHub\HUNT-BUILDER\pipeline\RAW\hunt_unit_database\2018\pdf\harvest_report\F3F82840__2018_gs_deer_hr.pdf,F3F82840__2018_gs_deer_hr.pdf,431310,bf3f4786524b6fc95ca3e928a3c9cc9d78205f201de20c671c9aa2d83d13d8dc,
C:\Users\tyler\Desktop\GitHub\HUNT-BUILDER\pipeline\RAW\hunt_unit_database\2018\pdf\harvest_report\F5CE0D15__2018_antlerless_hr.pdf,F5CE0D15__2018_antlerless_hr.pdf,626112,5b40fa191573b2c7a8c3e698eb28f2598017742c8581b9086ccd03db60e5ab9e,
C:\Users\tyler\Desktop\GitHub\HUNT-BUILDER\pipeline\RAW\hunt_unit_database\2019\pdf\draw_results\2019_PERMITS=2020_MODEL - BISON DRAW RESULTS.pdf,2019_PERMITS=2020_MODEL - BISON DRAW RESULTS.pdf,126325,5a584bf6f90c8ba57668a7315e084468972fdccdb791a9cd93545963beabf2d1,
C:\Users\tyler\Desktop\GitHub\HUNT-BUILDER\pipeline\RAW\hunt_unit_database\2019\pdf\draw_results\2019_PERMITS=2020_MODEL_ - MOUNTAIN GOAT DRAW RESULTS.pdf,2019_PERMITS=2020_MODEL_ - MOUNTAIN GOAT DRAW RESULTS.pdf,135408,c23b83e42146e817760d4d4ee443e1345a4463cc0f712d6eed1c5957be654b9c,
C:\Users\tyler\Desktop\GitHub\HUNT-BUILDER\pipeline\RAW\hunt_unit_database\2019\pdf\draw_results\2019_PERMITS=2020_MODEL__ - DEER DRAW RESULTS.pdf,2019_PERMITS=2020_MODEL__ - DEER DRAW RESULTS.pdf,624157,491c01c97372edc813dd1193f2ebdb7490294d78b5d46b7f3cc2b6ae627185dc,
C:\Users\tyler\Desktop\GitHub\HUNT-BUILDER\pipeline\RAW\hunt_unit_database\2019\pdf\draw_results\2019_PERMITS=2020_MODEL__ - MOOSE DRAW RESULTS.pdf,2019_PERMITS=2020_MODEL__ - MOOSE DRAW RESULTS.pdf,200972,15f01835c71fed5e8a6498c5c719c45e9cdb41f0fceb7e23850ffb5d54cca6e6,
C:\Users\tyler\Desktop\GitHub\HUNT-BUILDER\pipeline\RAW\hunt_unit_database\2019\pdf\draw_results\2019_PERMITS=2020_MODEL__ - PRONGHORN DRAW RESULTS.pdf,2019_PERMITS=2020_MODEL__ - PRONGHORN DRAW RESULTS.pdf,347073,531576697db0b10733b8ae058793db79ebe8338a566ffc71e270ae823a8974c7,
C:\Users\tyler\Desktop\GitHub\HUNT-BUILDER\pipeline\RAW\hunt_unit_database\2019\pdf\draw_results\2019_PERMITS=2020_MODEL__ - ROCKY MOUNTAIN BIGHORN SHEEP DRAW RESULTS.pdf,2019_PERMITS=2020_MODEL__ - ROCKY MOUNTAIN BIGHORN SHEEP DRAW RESULTS.pdf,105345,5d25ca5cbbc80b224c3683766481f804372483e46d86d133070ab7099be05b0e,
C:\Users\tyler\Desktop\GitHub\HUNT-BUILDER\pipeline\RAW\hunt_unit_database\2019\pdf\draw_results\2019_PERMITS=2020_MODEL__ ELK DRAW RESULTS.pdf,2019_PERMITS=2020_MODEL__ ELK DRAW RESULTS.pdf,730348,063a69e1c15978d1182a7da233c23c627efd1835007b7b594163cf5a60ff70f3,
C:\Users\tyler\Desktop\GitHub\HUNT-BUILDER\pipeline\RAW\hunt_unit_database\2019\pdf\draw_results\2019_PERMITS=2020_MODEL__ SUMMARY AND PURCHASE PAGES.pdf,2019_PERMITS=2020_MODEL__ SUMMARY AND PURCHASE PAGES.pdf,165450,b4cf9c178e21e6f31629671d8778df06a25496e5e697526417547b92f68c6f25,
C:\Users\tyler\Desktop\GitHub\HUNT-BUILDER\pipeline\RAW\hunt_unit_database\2019\pdf\draw_results\2019_PERMITS=2020_MODEL__- DESERT BIGHORN SHEEP DRAW RESULTS.pdf,2019_PERMITS=2020_MODEL__- DESERT BIGHORN SHEEP DRAW RESULTS.pdf,118809,2b5c03c12a018d5a2b805b75fecc92a58509c3219f84070693a81d80473019ec,
C:\Users\tyler\Desktop\GitHub\HUNT-BUILDER\pipeline\RAW\hunt_unit_database\2019\pdf\draw_results\2019_PERMITS=2020_MODEL__ANTLERLESS DEER DRAW RESULTS.pdf,2019_PERMITS=2020_MODEL__ANTLERLESS DEER DRAW RESULTS.pdf,195324,b33dbc30a2d55a1ea501130ecfe7a3e391d58f359a6f6cdab1411f3d20f54ffd,
C:\Users\tyler\Desktop\GitHub\HUNT-BUILDER\pipeline\RAW\hunt_unit_database\2019\pdf\draw_results\2019_PERMITS=2020_MODEL__ANTLERLESS ELK DRAW RESULTS.pdf,2019_PERMITS=2020_MODEL__ANTLERLESS ELK DRAW RESULTS.pdf,638827,33876590904848a89d634886fc193d436f28084a93ce2d99b36e41c6b559ce85,
C:\Users\tyler\Desktop\GitHub\HUNT-BUILDER\pipeline\RAW\hunt_unit_database\2019\pdf\draw_results\2019_PERMITS=2020_MODEL__ANTLERLESS MOOSE DRAW RESULTS.pdf,2019_PERMITS=2020_MODEL__ANTLERLESS MOOSE DRAW RESULTS.pdf,89999,74537d23c211334d2c299a8ce281c3cb8dc493a5decfd180b6546935277fb8a1,
C:\Users\tyler\Desktop\GitHub\HUNT-BUILDER\pipeline\RAW\hunt_unit_database\2019\pdf\draw_results\2019_PERMITS=2020_MODEL__ANTLERLESS PRONGHORN DRAW RESULTS.pdf,2019_PERMITS=2020_MODEL__ANTLERLESS PRONGHORN DRAW RESULTS.pdf,199182,71187f0bd515837602296c4a29af5a49e5d9f8f8b5c51b71f08c0c6142de1d50,
C:\Users\tyler\Desktop\GitHub\HUNT-BUILDER\pipeline\RAW\hunt_unit_database\2019\pdf\draw_results\2019_PERMITS=2020_MODEL__ANTLERLESS SUMMARY AND PURCHASE PAGES.pdf,2019_PERMITS=2020_MODEL__ANTLERLESS SUMMARY AND PURCHASE PAGES.pdf,102101,13c3731641151574d6755bb434458daba1df71c39cc54370f212fdfd22438214,
C:\Users\tyler\Desktop\GitHub\HUNT-BUILDER\pipeline\RAW\hunt_unit_database\2019\pdf\draw_results\2019_PERMITS=2020_MODEL__ANTLERLESS_DEER_DRAW_RESULTS.pdf,2019_PERMITS=2020_MODEL__ANTLERLESS_DEER_DRAW_RESULTS.pdf,195324,b33dbc30a2d55a1ea501130ecfe7a3e391d58f359a6f6cdab1411f3d20f54ffd,
C:\Users\tyler\Desktop\GitHub\HUNT-BUILDER\pipeline\RAW\hunt_unit_database\2019\pdf\draw_results\2019_PERMITS=2020_MODEL__ANTLERLESS_ELK_DRAW_RESULTS.pdf,2019_PERMITS=2020_MODEL__ANTLERLESS_ELK_DRAW_RESULTS.pdf,638827,33876590904848a89d634886fc193d436f28084a93ce2d99b36e41c6b559ce85,
C:\Users\tyler\Desktop\GitHub\HUNT-BUILDER\pipeline\RAW\hunt_unit_database\2019\pdf\draw_results\2019_PERMITS=2020_MODEL__ANTLERLESS_MOOSE_DRAW_RESULTS.pdf,2019_PERMITS=2020_MODEL__ANTLERLESS_MOOSE_DRAW_RESULTS.pdf,89999,74537d23c211334d2c299a8ce281c3cb8dc493a5decfd180b6546935277fb8a1,
C:\Users\tyler\Desktop\GitHub\HUNT-BUILDER\pipeline\RAW\hunt_unit_database\2019\pdf\draw_results\2019_PERMITS=2020_MODEL__ANTLERLESS_PRONGHORN_DRAW_RESULTS.pdf,2019_PERMITS=2020_MODEL__ANTLERLESS_PRONGHORN_DRAW_RESULTS.pdf,199182,71187f0bd515837602296c4a29af5a49e5d9f8f8b5c51b71f08c0c6142de1d50,
C:\Users\tyler\Desktop\GitHub\HUNT-BUILDER\pipeline\RAW\hunt_unit_database\2019\pdf\draw_results\2019_PERMITS=2020_MODEL__BLACK BEAR DRAW RESULTS.pdf,2019_PERMITS=2020_MODEL__BLACK BEAR DRAW RESULTS.pdf,396452,497ea326c1a9d10f0baa946a59c0ad120bc95ac6214e6d40e3439225ed09f2e8,
C:\Users\tyler\Desktop\GitHub\HUNT-BUILDER\pipeline\RAW\hunt_unit_database\2019\pdf\draw_results\2019_PERMITS=2020_MODEL__BLACK BEAR SUMMARY AND PURCHASE PAGES.pdf,2019_PERMITS=2020_MODEL__BLACK BEAR SUMMARY AND PURCHASE PAGES.pdf,73374,0de4e9cdf43054135f7d35d92d8f208a56a3ff6967291d36e4b8898cfa6eb65f,
C:\Users\tyler\Desktop\GitHub\HUNT-BUILDER\pipeline\RAW\hunt_unit_database\2019\pdf\draw_results\2019_PERMITS=2020_MODEL__BLACK_BEAR_DRAW_RESULTS.pdf,2019_PERMITS=2020_MODEL__BLACK_BEAR_DRAW_RESULTS.pdf,396452,497ea326c1a9d10f0baa946a59c0ad120bc95ac6214e6d40e3439225ed09f2e8,
C:\Users\tyler\Desktop\GitHub\HUNT-BUILDER\pipeline\RAW\hunt_unit_database\2019\pdf\draw_results\2019_PERMITS=2020_MODEL__D.H. DEER DRAW RESULTS.pdf,2019_PERMITS=2020_MODEL__D.H. DEER DRAW RESULTS.pdf,180565,7aee1718249bff1ca448be61ec184def74142dd444d5794353ac883756fd0126,
C:\Users\tyler\Desktop\GitHub\HUNT-BUILDER\pipeline\RAW\hunt_unit_database\2019\pdf\draw_results\2019_PERMITS=2020_MODEL__G.S. DEER DEER DRAW RESULTS.pdf,2019_PERMITS=2020_MODEL__G.S. DEER DEER DRAW RESULTS.pdf,384703,58c951104d141d80a09960e93a6e5433426ca6896e44e91e5c9c19866f746015,
C:\Users\tyler\Desktop\GitHub\HUNT-BUILDER\pipeline\RAW\hunt_unit_database\2019\pdf\draw_results\2019_PERMITS=2020_MODEL__G.S. DEER SUMMARY AND PURCHASE PAGES.pdf,2019_PERMITS=2020_MODEL__G.S. DEER SUMMARY AND PURCHASE PAGES.pdf,78584,62913d74b85a1f5929fa8d4ca9d2739ff58d6c9dabe059b0c0b4ffd8115e098e,
C:\Users\tyler\Desktop\GitHub\HUNT-BUILDER\pipeline\RAW\hunt_unit_database\2019\pdf\draw_results\2019_PERMITS=2020_MODEL__G.S.DEER_DEER_DRAW_RESULTS.pdf,2019_PERMITS=2020_MODEL__G.S.DEER_DEER_DRAW_RESULTS.pdf,384703,58c951104d141d80a09960e93a6e5433426ca6896e44e91e5c9c19866f746015,
C:\Users\tyler\Desktop\GitHub\HUNT-BUILDER\pipeline\RAW\hunt_unit_database\2019\pdf\draw_results\2019_PERMITS=2020_MODEL__L.E.COUGAR_DRAW_RESULTS.pdf,2019_PERMITS=2020_MODEL__L.E.COUGAR_DRAW_RESULTS.pdf,162480,ef23cd88492b9f1093909f2e1b1df69d9c057bc175b3768c1aa9fc1f565715cd,
C:\Users\tyler\Desktop\GitHub\HUNT-BUILDER\pipeline\RAW\hunt_unit_database\2019\pdf\draw_results\2019_PERMITS=2020_MODEL__L.E.DEER_DRAW_RESULTS.pdf,2019_PERMITS=2020_MODEL__L.E.DEER_DRAW_RESULTS.pdf,624157,491c01c97372edc813dd1193f2ebdb7490294d78b5d46b7f3cc2b6ae627185dc,
C:\Users\tyler\Desktop\GitHub\HUNT-BUILDER\pipeline\RAW\hunt_unit_database\2019\pdf\draw_results\2019_PERMITS=2020_MODEL__L.E.ELK_DRAW_RESULTS.pdf,2019_PERMITS=2020_MODEL__L.E.ELK_DRAW_RESULTS.pdf,730348,063a69e1c15978d1182a7da233c23c627efd1835007b7b594163cf5a60ff70f3,
C:\Users\tyler\Desktop\GitHub\HUNT-BUILDER\pipeline\RAW\hunt_unit_database\2019\pdf\draw_results\2019_PERMITS=2020_MODEL__L.E.PRONGHORN_DRAW_RESULTS.pdf,2019_PERMITS=2020_MODEL__L.E.PRONGHORN_DRAW_RESULTS.pdf,347073,531576697db0b10733b8ae058793db79ebe8338a566ffc71e270ae823a8974c7,
C:\Users\tyler\Desktop\GitHub\HUNT-BUILDER\pipeline\RAW\hunt_unit_database\2019\pdf\draw_results\2019_PERMITS=2020_MODEL__L.E.TURKEY_DRAW_RESULTS.pdf,2019_PERMITS=2020_MODEL__L.E.TURKEY_DRAW_RESULTS.pdf,88072,5c2b858f1b765ddf7eb5e55464eb7df0e43200fc8c1b7a5d31b94e8255ef8d21,
C:\Users\tyler\Desktop\GitHub\HUNT-BUILDER\pipeline\RAW\hunt_unit_database\2019\pdf\draw_results\2019_PERMITS=2020_MODEL__O.I.L.DESERT_BIGHORN_SHEEP_DRAW_RESULTS.pdf,2019_PERMITS=2020_MODEL__O.I.L.DESERT_BIGHORN_SHEEP_DRAW_RESULTS.pdf,118809,2b5c03c12a018d5a2b805b75fecc92a58509c3219f84070693a81d80473019ec,
C:\Users\tyler\Desktop\GitHub\HUNT-BUILDER\pipeline\RAW\hunt_unit_database\2019\pdf\draw_results\2019_PERMITS=2020_MODEL__O.I.L.MOOSE_DRAW_RESULTS.pdf,2019_PERMITS=2020_MODEL__O.I.L.MOOSE_DRAW_RESULTS.pdf,200972,15f01835c71fed5e8a6498c5c719c45e9cdb41f0fceb7e23850ffb5d54cca6e6,
C:\Users\tyler\Desktop\GitHub\HUNT-BUILDER\pipeline\RAW\hunt_unit_database\2019\pdf\draw_results\2019_PERMITS=2020_MODEL__O.I.L.ROCKY_MOUNTAIN_BIGHORN_SHEEP_DRAW_RESULTS.pdf,2019_PERMITS=2020_MODEL__O.I.L.ROCKY_MOUNTAIN_BIGHORN_SHEEP_DRAW_RESULTS.pdf,105345,5d25ca5cbbc80b224c3683766481f804372483e46d86d133070ab7099be05b0e,
C:\Users\tyler\Desktop\GitHub\HUNT-BUILDER\pipeline\RAW\hunt_unit_database\2019\pdf\draw_results\2019_PERMITS=2020_MODEL__O.I.L_BISON_DRAW_RESULTS.pdf,2019_PERMITS=2020_MODEL__O.I.L_BISON_DRAW_RESULTS.pdf,126325,5a584bf6f90c8ba57668a7315e084468972fdccdb791a9cd93545963beabf2d1,
C:\Users\tyler\Desktop\GitHub\HUNT-BUILDER\pipeline\RAW\hunt_unit_database\2019\pdf\draw_results\2019_PERMITS=2020_MODEL__O.I.L_MOUNTAIN_GOAT_DRAW_RESULTS.pdf,2019_PERMITS=2020_MODEL__O.I.L_MOUNTAIN_GOAT_DRAW_RESULTS.pdf,135408,c23b83e42146e817760d4d4ee443e1345a4463cc0f712d6eed1c5957be654b9c,
C:\Users\tyler\Desktop\GitHub\HUNT-BUILDER\pipeline\RAW\hunt_unit_database\2019\pdf\draw_results\2019_PERMITS=2020_MODEL__SPORTSMAN DRAW RESULTS.pdf,2019_PERMITS=2020_MODEL__SPORTSMAN DRAW RESULTS.pdf,134697,b22bd967afe597ed90e32303f7d04ea59932218cde28ba3a5a1456d2749eeab9,
C:\Users\tyler\Desktop\GitHub\HUNT-BUILDER\pipeline\RAW\hunt_unit_database\2019\pdf\draw_results\2019_PERMITS=2020_MODEL__SPORTSMAN SUMMARY AND PURCHASE PAGES.pdf,2019_PERMITS=2020_MODEL__SPORTSMAN SUMMARY AND PURCHASE PAGES.pdf,134697,b22bd967afe597ed90e32303f7d04ea59932218cde28ba3a5a1456d2749eeab9,
C:\Users\tyler\Desktop\GitHub\HUNT-BUILDER\pipeline\RAW\hunt_unit_database\2019\pdf\draw_results\2019_PERMITS=2020_MODEL__SPORTSMAN_DRAW_RESULTS.pdf,2019_PERMITS=2020_MODEL__SPORTSMAN_DRAW_RESULTS.pdf,134697,b22bd967afe597ed90e32303f7d04ea59932218cde28ba3a5a1456d2749eeab9,
C:\Users\tyler\Desktop\GitHub\HUNT-BUILDER\pipeline\RAW\hunt_unit_database\2019\pdf\draw_results\2019_PERMITS=2020_MODEL__YOUTH ANTLERLESS DEER DRAW RESULTS.pdf,2019_PERMITS=2020_MODEL__YOUTH ANTLERLESS DEER DRAW RESULTS.pdf,188181,5d50f976b29aaf96fb627dfcdcae814e68e7aef68b09e8b26ccd016bacbdbbdc,
C:\Users\tyler\Desktop\GitHub\HUNT-BUILDER\pipeline\RAW\hunt_unit_database\2019\pdf\draw_results\2019_PERMITS=2020_MODEL__YOUTH ANTLERLESS ELK DRAW RESULTS.pdf,2019_PERMITS=2020_MODEL__YOUTH ANTLERLESS ELK DRAW RESULTS.pdf,584526,5668de34268dcb509f52ae6e5c04e4bf3c005740c217600fb3445ae0ee6c0496,
C:\Users\tyler\Desktop\GitHub\HUNT-BUILDER\pipeline\RAW\hunt_unit_database\2019\pdf\draw_results\2019_PERMITS=2020_MODEL__YOUTH ANTLERLESS PRONGHORN DRAW RESULTS.pdf,2019_PERMITS=2020_MODEL__YOUTH ANTLERLESS PRONGHORN DRAW RESULTS.pdf,182684,759dcdd37002f2a24578b6190311b625313ddd7b39cb5c03d907a172b61c0db4,
C:\Users\tyler\Desktop\GitHub\HUNT-BUILDER\pipeline\RAW\hunt_unit_database\2019\pdf\draw_results\2019_PERMITS=2020_MODEL__YOUTH ANTLERLESS SUMMARY AND PURCHASE PAGES.pdf,2019_PERMITS=2020_MODEL__YOUTH ANTLERLESS SUMMARY AND PURCHASE PAGES.pdf,82619,df56100f1a9c493e26892cb2e53adecb709def957ba1ca1ebd5ac832d76766e8,
C:\Users\tyler\Desktop\GitHub\HUNT-BUILDER\pipeline\RAW\hunt_unit_database\2019\pdf\draw_results\2019_PERMITS=2020_MODEL__YOUTH BULL ELK ELK DRAW RESULTS.pdf,2019_PERMITS=2020_MODEL__YOUTH BULL ELK ELK DRAW RESULTS.pdf,69692,dd83f4e623ca54e97fb6d46b2e4e9527af3bb321b0e358c0c740d0657dbc4293,
C:\Users\tyler\Desktop\GitHub\HUNT-BUILDER\pipeline\RAW\hunt_unit_database\2019\pdf\draw_results\2019_PERMITS=2020_MODEL__YOUTH D.H. DEER DRAW RESULTS.pdf,2019_PERMITS=2020_MODEL__YOUTH D.H. DEER DRAW RESULTS.pdf,140661,3cefea6dc6741731e075629f39b19b83b5fe8ab6090ae59a8b4141e31664978c,
C:\Users\tyler\Desktop\GitHub\HUNT-BUILDER\pipeline\RAW\hunt_unit_database\2019\pdf\draw_results\2019_PERMITS=2020_MODEL__YOUTH D.H. SUMMARY AND PURCHASE PAGES.pdf,2019_PERMITS=2020_MODEL__YOUTH D.H. SUMMARY AND PURCHASE PAGES.pdf,70888,51086acbd1c59199858e170a9a91db60ac0347b1b8ac12c0781fd4fe080c8432,
C:\Users\tyler\Desktop\GitHub\HUNT-BUILDER\pipeline\RAW\hunt_unit_database\2019\pdf\draw_results\2019_PERMITS=2020_MODEL__YOUTH DEER DEER DRAW RESULTS.pdf,2019_PERMITS=2020_MODEL__YOUTH DEER DEER DRAW RESULTS.pdf,376475,830dd1609f5548c73fb3e3f7f431cc33be1082821dc21dc34b26fc53e200c103,
C:\Users\tyler\Desktop\GitHub\HUNT-BUILDER\pipeline\RAW\hunt_unit_database\2019\pdf\draw_results\2019_PERMITS=2020_MODEL__YOUTH DEER SUMMARY AND PURCHASE PAGES.pdf,2019_PERMITS=2020_MODEL__YOUTH DEER SUMMARY AND PURCHASE PAGES.pdf,71377,613f6e7c2f26cfa4ebf66411ad1847a2b744beb9ab1bf0afc50e69120c4200fa,
C:\Users\tyler\Desktop\GitHub\HUNT-BUILDER\pipeline\RAW\hunt_unit_database\2019\pdf\draw_results\2019_PERMITS=2020_MODEL__YOUTH_ANTLERLESS_DEER_DRAW_RESULTS.pdf,2019_PERMITS=2020_MODEL__YOUTH_ANTLERLESS_DEER_DRAW_RESULTS.pdf,188181,5d50f976b29aaf96fb627dfcdcae814e68e7aef68b09e8b26ccd016bacbdbbdc,
C:\Users\tyler\Desktop\GitHub\HUNT-BUILDER\pipeline\RAW\hunt_unit_database\2019\pdf\draw_results\2019_PERMITS=2020_MODEL__YOUTH_ANTLERLESS_ELK_DRAW_RESULTS.pdf,2019_PERMITS=2020_MODEL__YOUTH_ANTLERLESS_ELK_DRAW_RESULTS.pdf,584526,5668de34268dcb509f52ae6e5c04e4bf3c005740c217600fb3445ae0ee6c0496,
C:\Users\tyler\Desktop\GitHub\HUNT-BUILDER\pipeline\RAW\hunt_unit_database\2019\pdf\draw_results\2019_PERMITS=2020_MODEL__YOUTH_ANTLERLESS_PRONGHORN_DRAW_RESULTS.pdf,2019_PERMITS=2020_MODEL__YOUTH_ANTLERLESS_PRONGHORN_DRAW_RESULTS.pdf,182684,759dcdd37002f2a24578b6190311b625313ddd7b39cb5c03d907a172b61c0db4,
C:\Users\tyler\Desktop\GitHub\HUNT-BUILDER\pipeline\RAW\hunt_unit_database\2019\pdf\draw_results\2019_PERMITS=2020_MODEL__YOUTH_BULL_ELK_ELK_DRAW_RESULTS.pdf,2019_PERMITS=2020_MODEL__YOUTH_BULL_ELK_ELK_DRAW_RESULTS.pdf,69692,dd83f4e623ca54e97fb6d46b2e4e9527af3bb321b0e358c0c740d0657dbc4293,
C:\Users\tyler\Desktop\GitHub\HUNT-BUILDER\pipeline\RAW\hunt_unit_database\2019\pdf\draw_results\2019_PERMITS=2020_MODEL__YOUTH_D.H.DEER_DRAW_RESULTS.pdf,2019_PERMITS=2020_MODEL__YOUTH_D.H.DEER_DRAW_RESULTS.pdf,140661,3cefea6dc6741731e075629f39b19b83b5fe8ab6090ae59a8b4141e31664978c,
C:\Users\tyler\Desktop\GitHub\HUNT-BUILDER\pipeline\RAW\hunt_unit_database\2019\pdf\draw_results\2019_PERMITS=2020_MODEL__YOUTH_DEER_DEER_DRAW_RESULTS.pdf,2019_PERMITS=2020_MODEL__YOUTH_DEER_DEER_DRAW_RESULTS.pdf,376475,830dd1609f5548c73fb3e3f7f431cc33be1082821dc21dc34b26fc53e200c103,
C:\Users\tyler\Desktop\GitHub\HUNT-BUILDER\pipeline\RAW\hunt_unit_database\2019\pdf\draw_results\2019_PERMITS=2020_MODEL__YOUTH_L.E.TURKEY_DRAW_RESULTS.pdf,2019_PERMITS=2020_MODEL__YOUTH_L.E.TURKEY_DRAW_RESULTS.pdf,163447,24f420ce7ca56ea1b7f30019df21c566e845482a459913b3d52a72a93edf1a3b,
C:\Users\tyler\Desktop\GitHub\HUNT-BUILDER\pipeline\RAW\hunt_unit_database\2019\pdf\harvest_report\21F05C54__2019-nine-mile-range-creek.pdf,21F05C54__2019-nine-mile-range-creek.pdf,69851,883dad7545048b1b0e4e1457aefb722a3582a4449ca75dc7feb4a623db193fe2,
C:\Users\tyler\Desktop\GitHub\HUNT-BUILDER\pipeline\RAW\hunt_unit_database\2019\pdf\harvest_report\494E8D81__2019_antlerless_hr.pdf,494E8D81__2019_antlerless_hr.pdf,193126,42aaea4a3d72502a65b07d7044337bb3e41b84b4f9c1f87459c607f17a8b895f,
C:\Users\tyler\Desktop\GitHub\HUNT-BUILDER\pipeline\RAW\hunt_unit_database\2019\pdf\harvest_report\4B03444B__2019-book-cliffs-rattlesnake.pdf,4B03444B__2019-book-cliffs-rattlesnake.pdf,72856,82ceec3dc9419f399829d554f48f811cd443fdffc54fbb31ab7fc2938746456c,
C:\Users\tyler\Desktop\GitHub\HUNT-BUILDER\pipeline\RAW\hunt_unit_database\2019\pdf\harvest_report\53131416__2019-oquirrh-stansbury.pdf,53131416__2019-oquirrh-stansbury.pdf,58634,699c1afd79eaf29985c0a6a006d433a35086d0b37cc2398b5790309ab5057731,
C:\Users\tyler\Desktop\GitHub\HUNT-BUILDER\pipeline\RAW\hunt_unit_database\2019\pdf\harvest_report\9AB7DD4C__2019-san-juan-north.pdf,9AB7DD4C__2019-san-juan-north.pdf,69398,f194f8c79eb07d2b3edcd1e7f5531c47be890c2219fb51664e2bdb5538c3b8d7,
C:\Users\tyler\Desktop\GitHub\HUNT-BUILDER\pipeline\RAW\hunt_unit_database\2019\pdf\harvest_report\AF2F3783__2019-san-rafael-dirty-devil.pdf,AF2F3783__2019-san-rafael-dirty-devil.pdf,386047,050ed3afd20c7462c0cf0d5ab6d9788df199ce364e35ee1c6cb4a2a131cf26cf,
C:\Users\tyler\Desktop\GitHub\HUNT-BUILDER\pipeline\RAW\hunt_unit_database\2019\pdf\harvest_report\CB027DE6__2019-henry-mountains.pdf,CB027DE6__2019-henry-mountains.pdf,71354,d9764fd8578c721a8ba4c9b34eba950807f302e6bb72c957f22015589ea3bb0e,
C:\Users\tyler\Desktop\GitHub\HUNT-BUILDER\pipeline\RAW\hunt_unit_database\2019\pdf\harvest_report\D0579D88__2019-harvest-data.pdf,D0579D88__2019-harvest-data.pdf,141480,7923fe17212ac63159e6015d002a181c2d76d442922d038da32ede6202444916,
C:\Users\tyler\Desktop\GitHub\HUNT-BUILDER\pipeline\RAW\hunt_unit_database\2019\pdf\harvest_report\E3B82D73__2019_gs_deer_hr.pdf,E3B82D73__2019_gs_deer_hr.pdf,157131,1b51cf58ae0aae011836e0759bc503da6ddf044c8524fe2f69bfea0e9a29522d,
C:\Users\tyler\Desktop\GitHub\HUNT-BUILDER\pipeline\RAW\hunt_unit_database\2019\pdf\harvest_report\F4D5A08B__2019-box-elder-newfoundland.pdf,F4D5A08B__2019-box-elder-newfoundland.pdf,68722,8db03541d516ecf317b397098f62f173834ea18dbb3202b3d64cf82b786be6bf,
C:\Users\tyler\Desktop\GitHub\HUNT-BUILDER\pipeline\RAW\hunt_unit_database\2019\pdf\harvest_report\F64065F0__2019-fillmore-oak-creek.pdf,F64065F0__2019-fillmore-oak-creek.pdf,70819,b470e2f90f32b4e6fab388a6b76ae25f2a237f2f61f9a72a30a59822814c3ae9,
C:\Users\tyler\Desktop\GitHub\HUNT-BUILDER\pipeline\RAW\hunt_unit_database\2019\pdf\harvest_report\F9A1C29D__2019_le_oial_all.pdf,F9A1C29D__2019_le_oial_all.pdf,380720,e3a994ebda7026af38fc22691034a0efc0ecab21f923a79921846d8c95312796,
C:\Users\tyler\Desktop\GitHub\HUNT-BUILDER\pipeline\RAW\hunt_unit_database\2019\pdf\harvest_report\FF6C99FD__2019-pine-valley.pdf,FF6C99FD__2019-pine-valley.pdf,190921,12a10239bbe6f8cbe9baa177cf6263704d82c858f0e057e0813f95cae2479c24,
C:\Users\tyler\Desktop\GitHub\HUNT-BUILDER\pipeline\RAW\hunt_unit_database\2019\pdf\Parent Files\2019_PERMITS=2020_MODEL__ANTLERLESS DEER DRAW RESULTS.pdf,2019_PERMITS=2020_MODEL__ANTLERLESS DEER DRAW RESULTS.pdf,197929,5e23face6ac29bca1f511423b918a623f0aba5d015185b8f030538664945454e,
C:\Users\tyler\Desktop\GitHub\HUNT-BUILDER\pipeline\RAW\hunt_unit_database\2019\pdf\Parent Files\2019_PERMITS=2020_MODEL__ANTLERLESS DRAW RESULTS.pdf,2019_PERMITS=2020_MODEL__ANTLERLESS DRAW RESULTS.pdf,931713,7b5104325efad86b09da63827648b570138383439f1fae1d25f00f4c99b615f5,
C:\Users\tyler\Desktop\GitHub\HUNT-BUILDER\pipeline\RAW\hunt_unit_database\2019\pdf\Parent Files\2019_PERMITS=2020_MODEL__ANTLERLESS__GENERAL_SEASON_DEER_ANTLERLESS_DEER__HUNT_PAGES_ONLY.pdf,2019_PERMITS=2020_MODEL__ANTLERLESS__GENERAL_SEASON_DEER_ANTLERLESS_DEER__HUNT_PAGES_ONLY.pdf,2343833,d1923238b99c25c1c26fb651dda3a57157c862d3da92ecfebf367d47f9241ee4,
C:\Users\tyler\Desktop\GitHub\HUNT-BUILDER\pipeline\RAW\hunt_unit_database\2019\pdf\Parent Files\2019_PERMITS=2020_MODEL__ANTLERLESS__GENERAL_SEASON_DEER_CWMU_ANTLERLESS_DEER__HUNT_PAGES_ONLY.pdf,2019_PERMITS=2020_MODEL__ANTLERLESS__GENERAL_SEASON_DEER_CWMU_ANTLERLESS_DEER__HUNT_PAGES_ONLY.pdf,151275,1233f64d13062006f66d6063884f3d02bf8c458ae7d308bfa582a3d369ef98a1,
C:\Users\tyler\Desktop\GitHub\HUNT-BUILDER\pipeline\RAW\hunt_unit_database\2019\pdf\Parent Files\2019_PERMITS=2020_MODEL__ANTLERLESS__GENERAL_SEASON_DEER_CWMU_TWO_DOE_ANTLERLESS_DEER__HUNT_PAGES_ONLY.pdf,2019_PERMITS=2020_MODEL__ANTLERLESS__GENERAL_SEASON_DEER_CWMU_TWO_DOE_ANTLERLESS_DEER__HUNT_PAGES_ONLY.pdf,75890,2d7fd00e8169ef187a38f025d20954202489609bfe9e5b6cf0095123834e55b4,
C:\Users\tyler\Desktop\GitHub\HUNT-BUILDER\pipeline\RAW\hunt_unit_database\2019\pdf\Parent Files\2019_PERMITS=2020_MODEL__ANTLERLESS__GENERAL_SEASON_DEER_TWO_DOE_ANTLERLESS_DEER__HUNT_PAGES_ONLY.pdf,2019_PERMITS=2020_MODEL__ANTLERLESS__GENERAL_SEASON_DEER_TWO_DOE_ANTLERLESS_DEER__HUNT_PAGES_ONLY.pdf,226779,765b7d346b8bbe62410ed4b75d546dd6556ce46e168d8158bfba890d88a3f5db,
C:\Users\tyler\Desktop\GitHub\HUNT-BUILDER\pipeline\RAW\hunt_unit_database\2019\pdf\Parent Files\2019_PERMITS=2020_MODEL__ANTLERLESS__GENERAL_SEASON_DEER__HUNT_PAGES_ONLY.pdf,2019_PERMITS=2020_MODEL__ANTLERLESS__GENERAL_SEASON_DEER__HUNT_PAGES_ONLY.pdf,2797127,edf7bcad0e504357855bb5d65bdd5dd20d395494fa62840acc4fc34b878d618c,
C:\Users\tyler\Desktop\GitHub\HUNT-BUILDER\pipeline\RAW\hunt_unit_database\2019\pdf\Parent Files\2019_PERMITS=2020_MODEL__ANTLERLESS__GENERAL_SEASON_ELK_ANTLERLESS_ELK__HUNT_PAGES_ONLY.pdf,2019_PERMITS=2020_MODEL__ANTLERLESS__GENERAL_SEASON_ELK_ANTLERLESS_ELK__HUNT_PAGES_ONLY.pdf,8991058,9121d33b81608a4fbd561bb139ccf9f3230aa36f706ec22da5c06fee025f1064,
C:\Users\tyler\Desktop\GitHub\HUNT-BUILDER\pipeline\RAW\hunt_unit_database\2019\pdf\Parent Files\2019_PERMITS=2020_MODEL__ANTLERLESS__GENERAL_SEASON_ELK_CWMU_ANTLERLESS_ELK__HUNT_PAGES_ONLY.pdf,2019_PERMITS=2020_MODEL__ANTLERLESS__GENERAL_SEASON_ELK_CWMU_ANTLERLESS_ELK__HUNT_PAGES_ONLY.pdf,4227489,de5773beb3acc591a501c65e3a578c4dbde892e35e822fcb118588db6f43dd64,
C:\Users\tyler\Desktop\GitHub\HUNT-BUILDER\pipeline\RAW\hunt_unit_database\2019\pdf\Parent Files\2019_PERMITS=2020_MODEL__ANTLERLESS__GENERAL_SEASON_ELK__HUNT_PAGES_ONLY.pdf,2019_PERMITS=2020_MODEL__ANTLERLESS__GENERAL_SEASON_ELK__HUNT_PAGES_ONLY.pdf,13220437,741e79e902016209c9acb370dcb2dbd78cbd17b447fe9037e8bbcdc72874d595,
C:\Users\tyler\Desktop\GitHub\HUNT-BUILDER\pipeline\RAW\hunt_unit_database\2019\pdf\Parent Files\2019_PERMITS=2020_MODEL__ANTLERLESS__GENERAL_SEASON_PRONGHORN_CWMU_DOE_PRONGHORN__HUNT_PAGES_ONLY.pdf,2019_PERMITS=2020_MODEL__ANTLERLESS__GENERAL_SEASON_PRONGHORN_CWMU_DOE_PRONGHORN__HUNT_PAGES_ONLY.pdf,906118,add216244af1cadfe9e6a45c242d9c7b99372cb54b6b9a652a644c0fdd07f802,
C:\Users\tyler\Desktop\GitHub\HUNT-BUILDER\pipeline\RAW\hunt_unit_database\2019\pdf\Parent Files\2019_PERMITS=2020_MODEL__ANTLERLESS__GENERAL_SEASON_PRONGHORN_CWMU_TWO_DOE_PRONGHORN__HUNT_PAGES_ONLY.pdf,2019_PERMITS=2020_MODEL__ANTLERLESS__GENERAL_SEASON_PRONGHORN_CWMU_TWO_DOE_PRONGHORN__HUNT_PAGES_ONLY.pdf,75783,d78b598df9c15c9e2d5c7ccfc5c69864061aa85fc283f44eb0b461c1ee304b20,
C:\Users\tyler\Desktop\GitHub\HUNT-BUILDER\pipeline\RAW\hunt_unit_database\2019\pdf\Parent Files\2019_PERMITS=2020_MODEL__ANTLERLESS__GENERAL_SEASON_PRONGHORN_DOE_PRONGHORN__HUNT_PAGES_ONLY.pdf,2019_PERMITS=2020_MODEL__ANTLERLESS__GENERAL_SEASON_PRONGHORN_DOE_PRONGHORN__HUNT_PAGES_ONLY.pdf,1737349,8f8a72d1648f69dabd991fd464329dcd1cf9ed160678a883babe1aa2e2f2848d,
C:\Users\tyler\Desktop\GitHub\HUNT-BUILDER\pipeline\RAW\hunt_unit_database\2019\pdf\Parent Files\2019_PERMITS=2020_MODEL__ANTLERLESS__GENERAL_SEASON_PRONGHORN_TWO_DOE_PRONGHORN__HUNT_PAGES_ONLY.pdf,2019_PERMITS=2020_MODEL__ANTLERLESS__GENERAL_SEASON_PRONGHORN_TWO_DOE_PRONGHORN__HUNT_PAGES_ONLY.pdf,226930,5b0edfc250dbe29aa98091348bfa9068c6091a5d19fe624a2d0aa49c5f4f91e2,
C:\Users\tyler\Desktop\GitHub\HUNT-BUILDER\pipeline\RAW\hunt_unit_database\2019\pdf\Parent Files\2019_PERMITS=2020_MODEL__ANTLERLESS__GENERAL_SEASON_PRONGHORN__HUNT_PAGES_ONLY.pdf,2019_PERMITS=2020_MODEL__ANTLERLESS__GENERAL_SEASON_PRONGHORN__HUNT_PAGES_ONLY.pdf,2945645,1ac55460cd1006b83cf79530f60a57ef4e6c14e837af5ca0e36ce4619ef1a46a,
C:\Users\tyler\Desktop\GitHub\HUNT-BUILDER\pipeline\RAW\hunt_unit_database\2019\pdf\Parent Files\2019_PERMITS=2020_MODEL__ANTLERLESS__LIMITED_ENTRY_MOOSE_LIMITED_ENTRY_ANTLERLESS_MOOSE__HUNT_PAGES_ONLY.pdf,2019_PERMITS=2020_MODEL__ANTLERLESS__LIMITED_ENTRY_MOOSE_LIMITED_ENTRY_ANTLERLESS_MOOSE__HUNT_PAGES_ONLY.pdf,378714,188d7ad945d9a0ae3671e5d5fc4ab2f5bd30ec4552f4279dc667fb5108431e05,
C:\Users\tyler\Desktop\GitHub\HUNT-BUILDER\pipeline\RAW\hunt_unit_database\2019\pdf\Parent Files\2019_PERMITS=2020_MODEL__BIG GAME DRAW RESULTS.pdf,2019_PERMITS=2020_MODEL__BIG GAME DRAW RESULTS.pdf,2006015,0acdc1f714b4effc238f30ea0729d8470107dd68d8947ba74b685372ff49e789,
C:\Users\tyler\Desktop\GitHub\HUNT-BUILDER\pipeline\RAW\hunt_unit_database\2019\pdf\Parent Files\2019_PERMITS=2020_MODEL__BLACK BEAR DRAW RESULTS.pdf,2019_PERMITS=2020_MODEL__BLACK BEAR DRAW RESULTS.pdf,404916,79f6c6f06e460eb1da7aba34b7d404f5c0f255d1a78d0f22c796d664bdc2f17f,
C:\Users\tyler\Desktop\GitHub\HUNT-BUILDER\pipeline\RAW\hunt_unit_database\2019\pdf\Parent Files\2019_PERMITS=2020_MODEL__D.H. DEER DRAW RESULTS.pdf,2019_PERMITS=2020_MODEL__D.H. DEER DRAW RESULTS.pdf,180565,7aee1718249bff1ca448be61ec184def74142dd444d5794353ac883756fd0126,
C:\Users\tyler\Desktop\GitHub\HUNT-BUILDER\pipeline\RAW\hunt_unit_database\2019\pdf\Parent Files\2019_PERMITS=2020_MODEL__DEER DRAW RESULTS.pdf,2019_PERMITS=2020_MODEL__DEER DRAW RESULTS.pdf,397391,c76bfc68a1a78b5cb594ff1be174d150fcb8f9e44244f1ca280aedd6b891a964,
C:\Users\tyler\Desktop\GitHub\HUNT-BUILDER\pipeline\RAW\hunt_unit_database\2019\pdf\Parent Files\2019_PERMITS=2020_MODEL__L.E. COUGAR DRAW RESULTS.pdf,2019_PERMITS=2020_MODEL__L.E. COUGAR DRAW RESULTS.pdf,162480,ef23cd88492b9f1093909f2e1b1df69d9c057bc175b3768c1aa9fc1f565715cd,
C:\Users\tyler\Desktop\GitHub\HUNT-BUILDER\pipeline\RAW\hunt_unit_database\2019\pdf\Parent Files\2019_PERMITS=2020_MODEL__LIFETIME G.S. DEER DRAW RESULTS.pdf,2019_PERMITS=2020_MODEL__LIFETIME G.S. DEER DRAW RESULTS.pdf,387963,4f76e50ba31c938cc317b19b85c283aad2783f8f245e8e1dca336f42896df079,
C:\Users\tyler\Desktop\GitHub\HUNT-BUILDER\pipeline\RAW\hunt_unit_database\2019\pdf\Parent Files\2019_PERMITS=2020_MODEL__SPORTSMAN DRAW RESULTS.pdf,2019_PERMITS=2020_MODEL__SPORTSMAN DRAW RESULTS.pdf,134182,63065d978f2f1d101dda427b1bd0cfea462b77cf6aa3e668d7ceaec98fd460f8,
C:\Users\tyler\Desktop\GitHub\HUNT-BUILDER\pipeline\RAW\hunt_unit_database\2019\pdf\Parent Files\2019_PERMITS=2020_MODEL__TURKEY DRAW RESULTS.pdf,2019_PERMITS=2020_MODEL__TURKEY DRAW RESULTS.pdf,163447,24f420ce7ca56ea1b7f30019df21c566e845482a459913b3d52a72a93edf1a3b,
C:\Users\tyler\Desktop\GitHub\HUNT-BUILDER\pipeline\RAW\hunt_unit_database\2019\pdf\Parent Files\2019_PERMITS=2020_MODEL__YOUTH ANTLERLESS DRAW RESULTS.pdf,2019_PERMITS=2020_MODEL__YOUTH ANTLERLESS DRAW RESULTS.pdf,822988,b2769ecdd0aae7faf5d1e86876e6fffec71987673c4478c8a2caf880af077015,
C:\Users\tyler\Desktop\GitHub\HUNT-BUILDER\pipeline\RAW\hunt_unit_database\2019\pdf\Parent Files\2019_PERMITS=2020_MODEL__YOUTH D.H. DEER DRAW RESULTS.pdf,2019_PERMITS=2020_MODEL__YOUTH D.H. DEER DRAW RESULTS.pdf,148775,52565f2ff51d51f397bf15b14b4432dd549eca5e9c77315b052810246da948d0,
C:\Users\tyler\Desktop\GitHub\HUNT-BUILDER\pipeline\RAW\hunt_unit_database\2019\pdf\Parent Files\2019_PERMITS=2020_MODEL__YOUTH ELK DRAW RESULTS.pdf,2019_PERMITS=2020_MODEL__YOUTH ELK DRAW RESULTS.pdf,72444,b64e5b92a91267bb7bf86a9673779911c6ad56e79cab8f69922c0b0be0ee7f43,
C:\Users\tyler\Desktop\GitHub\HUNT-BUILDER\pipeline\RAW\hunt_unit_database\2019\pdf\Parent Files\2019_PERMITS=2020_MODEL__YOUTH G.S. DEER DRAW RESULTS.pdf,2019_PERMITS=2020_MODEL__YOUTH G.S. DEER DRAW RESULTS.pdf,383036,025213b37d6d9fdbd28e9f5f5db0d7dcb032fbe2a5252d0386c4e55be14b144f,
C:\Users\tyler\Desktop\GitHub\HUNT-BUILDER\pipeline\RAW\hunt_unit_database\2019\pdf\Parent Files\2019_PERMITS=2020_MODEL__YOUTH TURKEY DRAW RESULTS.pdf,2019_PERMITS=2020_MODEL__YOUTH TURKEY DRAW RESULTS.pdf,88072,5c2b858f1b765ddf7eb5e55464eb7df0e43200fc8c1b7a5d31b94e8255ef8d21,
C:\Users\tyler\Desktop\GitHub\HUNT-BUILDER\pipeline\RAW\hunt_unit_database\2019\pdf\bible_truth\pdf\2019_PERMITS=2020_MODEL__0.I.L MOUNTAIN GOAT DRAW RESULTS.pdf,2019_PERMITS=2020_MODEL__0.I.L MOUNTAIN GOAT DRAW RESULTS.pdf,135408,c23b83e42146e817760d4d4ee443e1345a4463cc0f712d6eed1c5957be654b9c,
C:\Users\tyler\Desktop\GitHub\HUNT-BUILDER\pipeline\RAW\hunt_unit_database\2019\pdf\bible_truth\pdf\2019_PERMITS=2020_MODEL__8 SPECIES BIG GAME SUMMARY AND PURCHASE PAGES.pdf,2019_PERMITS=2020_MODEL__8 SPECIES BIG GAME SUMMARY AND PURCHASE PAGES.pdf,165450,b4cf9c178e21e6f31629671d8778df06a25496e5e697526417547b92f68c6f25,
C:\Users\tyler\Desktop\GitHub\HUNT-BUILDER\pipeline\RAW\hunt_unit_database\2019\pdf\bible_truth\pdf\2019_PERMITS=2020_MODEL__ANTLERLESS DEER DRAW RESULTS.pdf,2019_PERMITS=2020_MODEL__ANTLERLESS DEER DRAW RESULTS.pdf,195324,b33dbc30a2d55a1ea501130ecfe7a3e391d58f359a6f6cdab1411f3d20f54ffd,
C:\Users\tyler\Desktop\GitHub\HUNT-BUILDER\pipeline\RAW\hunt_unit_database\2019\pdf\bible_truth\pdf\2019_PERMITS=2020_MODEL__ANTLERLESS DRAW RESULTS.pdf,2019_PERMITS=2020_MODEL__ANTLERLESS DRAW RESULTS.pdf,931713,7b5104325efad86b09da63827648b570138383439f1fae1d25f00f4c99b615f5,
C:\Users\tyler\Desktop\GitHub\HUNT-BUILDER\pipeline\RAW\hunt_unit_database\2019\pdf\bible_truth\pdf\2019_PERMITS=2020_MODEL__ANTLERLESS ELK DRAW RESULTS.pdf,2019_PERMITS=2020_MODEL__ANTLERLESS ELK DRAW RESULTS.pdf,638827,33876590904848a89d634886fc193d436f28084a93ce2d99b36e41c6b559ce85,
C:\Users\tyler\Desktop\GitHub\HUNT-BUILDER\pipeline\RAW\hunt_unit_database\2019\pdf\bible_truth\pdf\2019_PERMITS=2020_MODEL__ANTLERLESS MOOSE DRAW RESULTS.pdf,2019_PERMITS=2020_MODEL__ANTLERLESS MOOSE DRAW RESULTS.pdf,89999,74537d23c211334d2c299a8ce281c3cb8dc493a5decfd180b6546935277fb8a1,
C:\Users\tyler\Desktop\GitHub\HUNT-BUILDER\pipeline\RAW\hunt_unit_database\2019\pdf\bible_truth\pdf\2019_PERMITS=2020_MODEL__ANTLERLESS PRONGHORN DRAW RESULTS.pdf,2019_PERMITS=2020_MODEL__ANTLERLESS PRONGHORN DRAW RESULTS.pdf,199182,71187f0bd515837602296c4a29af5a49e5d9f8f8b5c51b71f08c0c6142de1d50,
C:\Users\tyler\Desktop\GitHub\HUNT-BUILDER\pipeline\RAW\hunt_unit_database\2019\pdf\bible_truth\pdf\2019_PERMITS=2020_MODEL__ANTLERLESS SUMMARY AND PURCHASE PAGES.pdf,2019_PERMITS=2020_MODEL__ANTLERLESS SUMMARY AND PURCHASE PAGES.pdf,102101,13c3731641151574d6755bb434458daba1df71c39cc54370f212fdfd22438214,
C:\Users\tyler\Desktop\GitHub\HUNT-BUILDER\pipeline\RAW\hunt_unit_database\2019\pdf\bible_truth\pdf\2019_PERMITS=2020_MODEL__BIG GAME DRAW RESULTS.pdf,2019_PERMITS=2020_MODEL__BIG GAME DRAW RESULTS.pdf,2006015,0acdc1f714b4effc238f30ea0729d8470107dd68d8947ba74b685372ff49e789,
C:\Users\tyler\Desktop\GitHub\HUNT-BUILDER\pipeline\RAW\hunt_unit_database\2019\pdf\bible_truth\pdf\2019_PERMITS=2020_MODEL__BLACK BEAR DRAW RESULTS.pdf,2019_PERMITS=2020_MODEL__BLACK BEAR DRAW RESULTS.pdf,396452,497ea326c1a9d10f0baa946a59c0ad120bc95ac6214e6d40e3439225ed09f2e8,
C:\Users\tyler\Desktop\GitHub\HUNT-BUILDER\pipeline\RAW\hunt_unit_database\2019\pdf\bible_truth\pdf\2019_PERMITS=2020_MODEL__BLACK BEAR SUMMARY AND PURCHASE PAGES.pdf,2019_PERMITS=2020_MODEL__BLACK BEAR SUMMARY AND PURCHASE PAGES.pdf,73374,0de4e9cdf43054135f7d35d92d8f208a56a3ff6967291d36e4b8898cfa6eb65f,
C:\Users\tyler\Desktop\GitHub\HUNT-BUILDER\pipeline\RAW\hunt_unit_database\2019\pdf\bible_truth\pdf\2019_PERMITS=2020_MODEL__D.H. DEER DRAW RESULTS.pdf,2019_PERMITS=2020_MODEL__D.H. DEER DRAW RESULTS.pdf,180565,7aee1718249bff1ca448be61ec184def74142dd444d5794353ac883756fd0126,
C:\Users\tyler\Desktop\GitHub\HUNT-BUILDER\pipeline\RAW\hunt_unit_database\2019\pdf\bible_truth\pdf\2019_PERMITS=2020_MODEL__DEER DRAW RESULTS.pdf,2019_PERMITS=2020_MODEL__DEER DRAW RESULTS.pdf,397391,c76bfc68a1a78b5cb594ff1be174d150fcb8f9e44244f1ca280aedd6b891a964,
C:\Users\tyler\Desktop\GitHub\HUNT-BUILDER\pipeline\RAW\hunt_unit_database\2019\pdf\bible_truth\pdf\2019_PERMITS=2020_MODEL__G.S. DEER DEER DRAW RESULTS.pdf,2019_PERMITS=2020_MODEL__G.S. DEER DEER DRAW RESULTS.pdf,384703,58c951104d141d80a09960e93a6e5433426ca6896e44e91e5c9c19866f746015,
C:\Users\tyler\Desktop\GitHub\HUNT-BUILDER\pipeline\RAW\hunt_unit_database\2019\pdf\bible_truth\pdf\2019_PERMITS=2020_MODEL__G.S. DEER SUMMARY AND PURCHASE PAGES.pdf,2019_PERMITS=2020_MODEL__G.S. DEER SUMMARY AND PURCHASE PAGES.pdf,78584,62913d74b85a1f5929fa8d4ca9d2739ff58d6c9dabe059b0c0b4ffd8115e098e,
C:\Users\tyler\Desktop\GitHub\HUNT-BUILDER\pipeline\RAW\hunt_unit_database\2019\pdf\bible_truth\pdf\2019_PERMITS=2020_MODEL__L.E. COUGAR DRAW RESULTS.pdf,2019_PERMITS=2020_MODEL__L.E. COUGAR DRAW RESULTS.pdf,162480,ef23cd88492b9f1093909f2e1b1df69d9c057bc175b3768c1aa9fc1f565715cd,
C:\Users\tyler\Desktop\GitHub\HUNT-BUILDER\pipeline\RAW\hunt_unit_database\2019\pdf\bible_truth\pdf\2019_PERMITS=2020_MODEL__L.E. DEER DRAW RESULTS.pdf,2019_PERMITS=2020_MODEL__L.E. DEER DRAW RESULTS.pdf,624157,491c01c97372edc813dd1193f2ebdb7490294d78b5d46b7f3cc2b6ae627185dc,
C:\Users\tyler\Desktop\GitHub\HUNT-BUILDER\pipeline\RAW\hunt_unit_database\2019\pdf\bible_truth\pdf\2019_PERMITS=2020_MODEL__L.E. ELK DRAW RESULTS.pdf,2019_PERMITS=2020_MODEL__L.E. ELK DRAW RESULTS.pdf,730348,063a69e1c15978d1182a7da233c23c627efd1835007b7b594163cf5a60ff70f3,
C:\Users\tyler\Desktop\GitHub\HUNT-BUILDER\pipeline\RAW\hunt_unit_database\2019\pdf\bible_truth\pdf\2019_PERMITS=2020_MODEL__L.E. PROGHORN DRAW RESULTS.pdf,2019_PERMITS=2020_MODEL__L.E. PROGHORN DRAW RESULTS.pdf,347073,531576697db0b10733b8ae058793db79ebe8338a566ffc71e270ae823a8974c7,
C:\Users\tyler\Desktop\GitHub\HUNT-BUILDER\pipeline\RAW\hunt_unit_database\2019\pdf\bible_truth\pdf\2019_PERMITS=2020_MODEL__LIFETIME G.S. DEER DRAW RESULTS.pdf,2019_PERMITS=2020_MODEL__LIFETIME G.S. DEER DRAW RESULTS.pdf,387963,4f76e50ba31c938cc317b19b85c283aad2783f8f245e8e1dca336f42896df079,
C:\Users\tyler\Desktop\GitHub\HUNT-BUILDER\pipeline\RAW\hunt_unit_database\2019\pdf\bible_truth\pdf\2019_PERMITS=2020_MODEL__O.I.L - BISON DRAW RESULTS.pdf,2019_PERMITS=2020_MODEL__O.I.L - BISON DRAW RESULTS.pdf,126325,5a584bf6f90c8ba57668a7315e084468972fdccdb791a9cd93545963beabf2d1,
C:\Users\tyler\Desktop\GitHub\HUNT-BUILDER\pipeline\RAW\hunt_unit_database\2019\pdf\bible_truth\pdf\2019_PERMITS=2020_MODEL__O.I.L. - DESERT BIGHORN SHEEP DRAW RESULTS.pdf,2019_PERMITS=2020_MODEL__O.I.L. - DESERT BIGHORN SHEEP DRAW RESULTS.pdf,118809,2b5c03c12a018d5a2b805b75fecc92a58509c3219f84070693a81d80473019ec,
C:\Users\tyler\Desktop\GitHub\HUNT-BUILDER\pipeline\RAW\hunt_unit_database\2019\pdf\bible_truth\pdf\2019_PERMITS=2020_MODEL__O.I.L. - ROCKY MOUNTAIN BIGHORN SHEEP DRAW RESULTS.pdf,2019_PERMITS=2020_MODEL__O.I.L. - ROCKY MOUNTAIN BIGHORN SHEEP DRAW RESULTS.pdf,105345,5d25ca5cbbc80b224c3683766481f804372483e46d86d133070ab7099be05b0e,
C:\Users\tyler\Desktop\GitHub\HUNT-BUILDER\pipeline\RAW\hunt_unit_database\2019\pdf\bible_truth\pdf\2019_PERMITS=2020_MODEL__O.I.L. MOOSE DRAW RESULTS.pdf,2019_PERMITS=2020_MODEL__O.I.L. MOOSE DRAW RESULTS.pdf,200972,15f01835c71fed5e8a6498c5c719c45e9cdb41f0fceb7e23850ffb5d54cca6e6,
C:\Users\tyler\Desktop\GitHub\HUNT-BUILDER\pipeline\RAW\hunt_unit_database\2019\pdf\bible_truth\pdf\2019_PERMITS=2020_MODEL__SPORTSMAN DRAW RESULTS.pdf,2019_PERMITS=2020_MODEL__SPORTSMAN DRAW RESULTS.pdf,134697,b22bd967afe597ed90e32303f7d04ea59932218cde28ba3a5a1456d2749eeab9,
C:\Users\tyler\Desktop\GitHub\HUNT-BUILDER\pipeline\RAW\hunt_unit_database\2019\pdf\bible_truth\pdf\2019_PERMITS=2020_MODEL__SPORTSMAN SUMMARY AND PURCHASE PAGES.pdf,2019_PERMITS=2020_MODEL__SPORTSMAN SUMMARY AND PURCHASE PAGES.pdf,134697,b22bd967afe597ed90e32303f7d04ea59932218cde28ba3a5a1456d2749eeab9,
C:\Users\tyler\Desktop\GitHub\HUNT-BUILDER\pipeline\RAW\hunt_unit_database\2019\pdf\bible_truth\pdf\2019_PERMITS=2020_MODEL__TURKEY DRAW RESULTS.pdf,2019_PERMITS=2020_MODEL__TURKEY DRAW RESULTS.pdf,163447,24f420ce7ca56ea1b7f30019df21c566e845482a459913b3d52a72a93edf1a3b,
C:\Users\tyler\Desktop\GitHub\HUNT-BUILDER\pipeline\RAW\hunt_unit_database\2019\pdf\bible_truth\pdf\2019_PERMITS=2020_MODEL__YOUTH ANTLERLESS DEER DRAW RESULTS.pdf,2019_PERMITS=2020_MODEL__YOUTH ANTLERLESS DEER DRAW RESULTS.pdf,188181,5d50f976b29aaf96fb627dfcdcae814e68e7aef68b09e8b26ccd016bacbdbbdc,
C:\Users\tyler\Desktop\GitHub\HUNT-BUILDER\pipeline\RAW\hunt_unit_database\2019\pdf\bible_truth\pdf\2019_PERMITS=2020_MODEL__YOUTH ANTLERLESS DRAW RESULTS.pdf,2019_PERMITS=2020_MODEL__YOUTH ANTLERLESS DRAW RESULTS.pdf,822988,b2769ecdd0aae7faf5d1e86876e6fffec71987673c4478c8a2caf880af077015,
C:\Users\tyler\Desktop\GitHub\HUNT-BUILDER\pipeline\RAW\hunt_unit_database\2019\pdf\bible_truth\pdf\2019_PERMITS=2020_MODEL__YOUTH ANTLERLESS ELK DRAW RESULTS.pdf,2019_PERMITS=2020_MODEL__YOUTH ANTLERLESS ELK DRAW RESULTS.pdf,584526,5668de34268dcb509f52ae6e5c04e4bf3c005740c217600fb3445ae0ee6c0496,
C:\Users\tyler\Desktop\GitHub\HUNT-BUILDER\pipeline\RAW\hunt_unit_database\2019\pdf\bible_truth\pdf\2019_PERMITS=2020_MODEL__YOUTH ANTLERLESS PRONGHORN DRAW RESULTS.pdf,2019_PERMITS=2020_MODEL__YOUTH ANTLERLESS PRONGHORN DRAW RESULTS.pdf,182684,759dcdd37002f2a24578b6190311b625313ddd7b39cb5c03d907a172b61c0db4,
C:\Users\tyler\Desktop\GitHub\HUNT-BUILDER\pipeline\RAW\hunt_unit_database\2019\pdf\bible_truth\pdf\2019_PERMITS=2020_MODEL__YOUTH ANTLERLESS SUMMARY AND PURCHASE PAGES.pdf,2019_PERMITS=2020_MODEL__YOUTH ANTLERLESS SUMMARY AND PURCHASE PAGES.pdf,82619,df56100f1a9c493e26892cb2e53adecb709def957ba1ca1ebd5ac832d76766e8,
C:\Users\tyler\Desktop\GitHub\HUNT-BUILDER\pipeline\RAW\hunt_unit_database\2019\pdf\bible_truth\pdf\2019_PERMITS=2020_MODEL__YOUTH BULL ELK ELK DRAW RESULTS.pdf,2019_PERMITS=2020_MODEL__YOUTH BULL ELK ELK DRAW RESULTS.pdf,69692,dd83f4e623ca54e97fb6d46b2e4e9527af3bb321b0e358c0c740d0657dbc4293,
C:\Users\tyler\Desktop\GitHub\HUNT-BUILDER\pipeline\RAW\hunt_unit_database\2019\pdf\bible_truth\pdf\2019_PERMITS=2020_MODEL__YOUTH D.H. DEER DRAW RESULTS.pdf,2019_PERMITS=2020_MODEL__YOUTH D.H. DEER DRAW RESULTS.pdf,140661,3cefea6dc6741731e075629f39b19b83b5fe8ab6090ae59a8b4141e31664978c,
C:\Users\tyler\Desktop\GitHub\HUNT-BUILDER\pipeline\RAW\hunt_unit_database\2019\pdf\bible_truth\pdf\2019_PERMITS=2020_MODEL__YOUTH D.H. SUMMARY AND PURCHASE PAGES.pdf,2019_PERMITS=2020_MODEL__YOUTH D.H. SUMMARY AND PURCHASE PAGES.pdf,70888,51086acbd1c59199858e170a9a91db60ac0347b1b8ac12c0781fd4fe080c8432,
C:\Users\tyler\Desktop\GitHub\HUNT-BUILDER\pipeline\RAW\hunt_unit_database\2019\pdf\bible_truth\pdf\2019_PERMITS=2020_MODEL__YOUTH DEER DEER DRAW RESULTS.pdf,2019_PERMITS=2020_MODEL__YOUTH DEER DEER DRAW RESULTS.pdf,376475,830dd1609f5548c73fb3e3f7f431cc33be1082821dc21dc34b26fc53e200c103,
C:\Users\tyler\Desktop\GitHub\HUNT-BUILDER\pipeline\RAW\hunt_unit_database\2019\pdf\bible_truth\pdf\2019_PERMITS=2020_MODEL__YOUTH DEER SUMMARY AND PURCHASE PAGES.pdf,2019_PERMITS=2020_MODEL__YOUTH DEER SUMMARY AND PURCHASE PAGES.pdf,71377,613f6e7c2f26cfa4ebf66411ad1847a2b744beb9ab1bf0afc50e69120c4200fa,
C:\Users\tyler\Desktop\GitHub\HUNT-BUILDER\pipeline\RAW\hunt_unit_database\2019\pdf\bible_truth\pdf\2019_PERMITS=2020_MODEL__YOUTH ELK DRAW RESULTS.pdf,2019_PERMITS=2020_MODEL__YOUTH ELK DRAW RESULTS.pdf,72444,b64e5b92a91267bb7bf86a9673779911c6ad56e79cab8f69922c0b0be0ee7f43,
C:\Users\tyler\Desktop\GitHub\HUNT-BUILDER\pipeline\RAW\hunt_unit_database\2019\pdf\bible_truth\pdf\2019_PERMITS=2020_MODEL__YOUTH G.S. DEER DRAW RESULTS.pdf,2019_PERMITS=2020_MODEL__YOUTH G.S. DEER DRAW RESULTS.pdf,383036,025213b37d6d9fdbd28e9f5f5db0d7dcb032fbe2a5252d0386c4e55be14b144f,
C:\Users\tyler\Desktop\GitHub\HUNT-BUILDER\pipeline\RAW\hunt_unit_database\2019\pdf\bible_truth\pdf\2019_PERMITS=2020_MODEL__YOUTH TURKEY DRAW RESULTS.pdf,2019_PERMITS=2020_MODEL__YOUTH TURKEY DRAW RESULTS.pdf,88072,5c2b858f1b765ddf7eb5e55464eb7df0e43200fc8c1b7a5d31b94e8255ef8d21,
C:\Users\tyler\Desktop\GitHub\HUNT-BUILDER\pipeline\RAW\hunt_unit_database\2020\Parent Files\2020_PERMITS=2021_MODEL__ANTLERLESS DRAW RESULTS.pdf,2020_PERMITS=2021_MODEL__ANTLERLESS DRAW RESULTS.pdf,2961988,2efb7b6dcb5c2ef996feddf442ea7f2ba15f42b168c85e371843512564dc7d04,
C:\Users\tyler\Desktop\GitHub\HUNT-BUILDER\pipeline\RAW\hunt_unit_database\2020\Parent Files\2020_PERMITS=2021_MODEL__BEAR DRAW RESULTS.pdf,2020_PERMITS=2021_MODEL__BEAR DRAW RESULTS.pdf,415735,6a9aadf664bc7383fbd8b371e280d895cadae32a8fd29dd6ee1e143222d89ea6,
C:\Users\tyler\Desktop\GitHub\HUNT-BUILDER\pipeline\RAW\hunt_unit_database\2020\Parent Files\2020_PERMITS=2021_MODEL__BIG GAME DRAW RESULTS.pdf,2020_PERMITS=2021_MODEL__BIG GAME DRAW RESULTS.pdf,10158873,707d2e7f874e784dcc9076cafc61e339317eed4ae86466cb8516cc0eeabbeaef,
C:\Users\tyler\Desktop\GitHub\HUNT-BUILDER\pipeline\RAW\hunt_unit_database\2020\Parent Files\2020_PERMITS=2021_MODEL__COUGAR DRAW RESULTS.pdf,2020_PERMITS=2021_MODEL__COUGAR DRAW RESULTS.pdf,126818,67c960e2cf7750f0f42cf771f9f6ee56b3d66438a9ab1347751a1a17961432ca,
C:\Users\tyler\Desktop\GitHub\HUNT-BUILDER\pipeline\RAW\hunt_unit_database\2020\Parent Files\2020_PERMITS=2021_MODEL__D.H. DEER DRAW RESULTS.pdf,2020_PERMITS=2021_MODEL__D.H. DEER DRAW RESULTS.pdf,493484,a4467e998c6baa97722784dd1fdbc9e5e82dbec2ea972ccb37397e9460142771,
C:\Users\tyler\Desktop\GitHub\HUNT-BUILDER\pipeline\RAW\hunt_unit_database\2020\Parent Files\2020_PERMITS=2021_MODEL__DEER DRAW RESULTS.pdf,2020_PERMITS=2021_MODEL__DEER DRAW RESULTS.pdf,1368790,3172d5b67a5385346a28f713b90f1d37698eb2a3ca0d99bf9f796e2ce3164a68,
C:\Users\tyler\Desktop\GitHub\HUNT-BUILDER\pipeline\RAW\hunt_unit_database\2020\Parent Files\2020_PERMITS=2021_MODEL__LIFETIME G.S. DEER DRAW RESULTS.pdf,2020_PERMITS=2021_MODEL__LIFETIME G.S. DEER DRAW RESULTS.pdf,1354217,e21172f8e14bf73fea1907a0af99f8cb8b3e8a27926f7a1814cef838b4f17a08,
C:\Users\tyler\Desktop\GitHub\HUNT-BUILDER\pipeline\RAW\hunt_unit_database\2020\Parent Files\2020_PERMITS=2021_MODEL__SPORTSMAN DRAW RESULTS.pdf,2020_PERMITS=2021_MODEL__SPORTSMAN DRAW RESULTS.pdf,133936,3c4056bbd3952a4dfb6ce80326f94a58bba0d2262ff4cc008b613c76c50d4b15,
C:\Users\tyler\Desktop\GitHub\HUNT-BUILDER\pipeline\RAW\hunt_unit_database\2020\Parent Files\2020_PERMITS=2021_MODEL__TURKEY DRAW RESULTS.pdf,2020_PERMITS=2021_MODEL__TURKEY DRAW RESULTS.pdf,106685,da4a587f233baa1e15eedfe57ccec92b8fb53011e9b9a58a357431325e7a2d10,
C:\Users\tyler\Desktop\GitHub\HUNT-BUILDER\pipeline\RAW\hunt_unit_database\2020\Parent Files\2020_PERMITS=2021_MODEL__YOUTH ANTLERLESS DRAW RESULTS.pdf,2020_PERMITS=2021_MODEL__YOUTH ANTLERLESS DRAW RESULTS.pdf,2710371,f88f0b41e96cfcbf758a8661eaa65847e844202f8097a63ca061b40c0bc4c6a2,
C:\Users\tyler\Desktop\GitHub\HUNT-BUILDER\pipeline\RAW\hunt_unit_database\2020\Parent Files\2020_PERMITS=2021_MODEL__YOUTH D.H. DEER DRAW RESULTS.pdf,2020_PERMITS=2021_MODEL__YOUTH D.H. DEER DRAW RESULTS.pdf,396792,830174af465b1b07dbf734f06205d5abbcdd63ad7e6383a764caf98f2cea344b,
C:\Users\tyler\Desktop\GitHub\HUNT-BUILDER\pipeline\RAW\hunt_unit_database\2020\Parent Files\2020_PERMITS=2021_MODEL__YOUTH ELK DRAW RESULTS.pdf,2020_PERMITS=2021_MODEL__YOUTH ELK DRAW RESULTS.pdf,91787,2a7590e1caab9640764a26e9af2f71cc0519d71c98889352713af98b08ce0367,
C:\Users\tyler\Desktop\GitHub\HUNT-BUILDER\pipeline\RAW\hunt_unit_database\2020\Parent Files\2020_PERMITS=2021_MODEL__YOUTH G.S. DEER DRAW RESULTS.pdf,2020_PERMITS=2021_MODEL__YOUTH G.S. DEER DRAW RESULTS.pdf,1341859,ceac587ed5dd11fc547e98c6ed3f68692cfa4f04e911eed3362fb548eded769b,
C:\Users\tyler\Desktop\GitHub\HUNT-BUILDER\pipeline\RAW\hunt_unit_database\2020\Parent Files\2020_PERMITS=2021_MODEL__YOUTH TURKEY DRAW RESULTS.pdf,2020_PERMITS=2021_MODEL__YOUTH TURKEY DRAW RESULTS.pdf,91992,54fd5fec03839d0fb8931596aa1299de18d87ad0fbadc2d7ba4279664d59f7d3,
C:\Users\tyler\Desktop\GitHub\HUNT-BUILDER\pipeline\RAW\hunt_unit_database\2020\pdf\draw_odds\2020_PERMITS=2021_MODEL__ANTLERLESS DRAW RESULTS.pdf,2020_PERMITS=2021_MODEL__ANTLERLESS DRAW RESULTS.pdf,2961988,2efb7b6dcb5c2ef996feddf442ea7f2ba15f42b168c85e371843512564dc7d04,
C:\Users\tyler\Desktop\GitHub\HUNT-BUILDER\pipeline\RAW\hunt_unit_database\2020\pdf\draw_odds\2020_PERMITS=2021_MODEL__ANTLERLESS_DEER_DRAW_RESULTS.pdf,2020_PERMITS=2021_MODEL__ANTLERLESS_DEER_DRAW_RESULTS.pdf,210313,1bbd93e9103ba7596be6ae292685c2638ef5cb015a731cebf4860a1c02bb2f8d,
C:\Users\tyler\Desktop\GitHub\HUNT-BUILDER\pipeline\RAW\hunt_unit_database\2020\pdf\draw_odds\2020_PERMITS=2021_MODEL__ANTLERLESS_ELK_DRAW_RESULTS.pdf,2020_PERMITS=2021_MODEL__ANTLERLESS_ELK_DRAW_RESULTS.pdf,785054,319b4997f40b828687b6de60453fdb5da0ddfdd828641127e9c42639c39a173b,
C:\Users\tyler\Desktop\GitHub\HUNT-BUILDER\pipeline\RAW\hunt_unit_database\2020\pdf\draw_odds\2020_PERMITS=2021_MODEL__ANTLERLESS_MOOSE_DRAW_RESULTS.pdf,2020_PERMITS=2021_MODEL__ANTLERLESS_MOOSE_DRAW_RESULTS.pdf,109960,93011dc9a81b88f8a4ba72ced50061e7c6101aa6417b6ba8f94badc207498798,
C:\Users\tyler\Desktop\GitHub\HUNT-BUILDER\pipeline\RAW\hunt_unit_database\2020\pdf\draw_odds\2020_PERMITS=2021_MODEL__ANTLERLESS_PRONGHORN_DRAW_RESULTS.pdf,2020_PERMITS=2021_MODEL__ANTLERLESS_PRONGHORN_DRAW_RESULTS.pdf,236427,49f994c254d2f271152a4926df32aaf79d2269d36417bb7fe605af1b799efbb8,
C:\Users\tyler\Desktop\GitHub\HUNT-BUILDER\pipeline\RAW\hunt_unit_database\2020\pdf\draw_odds\2020_PERMITS=2021_MODEL__ANTLERLESS_ROCKY_MTN_SHEEP_EWE_DRAW_RESULTS.pdf,2020_PERMITS=2021_MODEL__ANTLERLESS_ROCKY_MTN_SHEEP_EWE_DRAW_RESULTS.pdf,90261,21fb02f85c218b19f07fe0c5a87bf42f012ff229a01224e679fa96bc8571e251,
C:\Users\tyler\Desktop\GitHub\HUNT-BUILDER\pipeline\RAW\hunt_unit_database\2020\pdf\draw_odds\2020_PERMITS=2021_MODEL__BEAR DRAW RESULTS.pdf,2020_PERMITS=2021_MODEL__BEAR DRAW RESULTS.pdf,415735,6a9aadf664bc7383fbd8b371e280d895cadae32a8fd29dd6ee1e143222d89ea6,
C:\Users\tyler\Desktop\GitHub\HUNT-BUILDER\pipeline\RAW\hunt_unit_database\2020\pdf\draw_odds\2020_PERMITS=2021_MODEL__COUGAR DRAW RESULTS.pdf,2020_PERMITS=2021_MODEL__COUGAR DRAW RESULTS.pdf,126818,67c960e2cf7750f0f42cf771f9f6ee56b3d66438a9ab1347751a1a17961432ca,
C:\Users\tyler\Desktop\GitHub\HUNT-BUILDER\pipeline\RAW\hunt_unit_database\2020\pdf\draw_odds\2020_PERMITS=2021_MODEL__D.H. DEER DRAW RESULTS.pdf,2020_PERMITS=2021_MODEL__D.H. DEER DRAW RESULTS.pdf,493484,a4467e998c6baa97722784dd1fdbc9e5e82dbec2ea972ccb37397e9460142771,
C:\Users\tyler\Desktop\GitHub\HUNT-BUILDER\pipeline\RAW\hunt_unit_database\2020\pdf\draw_odds\2020_PERMITS=2021_MODEL__G.S. BUCK DEER DRAW RESULTS.pdf,2020_PERMITS=2021_MODEL__G.S. BUCK DEER DRAW RESULTS.pdf,1368790,3172d5b67a5385346a28f713b90f1d37698eb2a3ca0d99bf9f796e2ce3164a68,
C:\Users\tyler\Desktop\GitHub\HUNT-BUILDER\pipeline\RAW\hunt_unit_database\2020\pdf\draw_odds\2020_PERMITS=2021_MODEL__L.E DRAW RESULTS.pdf,2020_PERMITS=2021_MODEL__L.E DRAW RESULTS.pdf,2924945,adf6dba9daa4dc6890ceab2c665f37e8e3db2b5072c86e4b744bb2af4c0878b0,
C:\Users\tyler\Desktop\GitHub\HUNT-BUILDER\pipeline\RAW\hunt_unit_database\2020\pdf\draw_odds\2020_PERMITS=2021_MODEL__L.E. BIG GAME DRAW RESULTS.pdf,2020_PERMITS=2021_MODEL__L.E. BIG GAME DRAW RESULTS.pdf,10158873,707d2e7f874e784dcc9076cafc61e339317eed4ae86466cb8516cc0eeabbeaef,
C:\Users\tyler\Desktop\GitHub\HUNT-BUILDER\pipeline\RAW\hunt_unit_database\2020\pdf\draw_odds\2020_PERMITS=2021_MODEL__L.E. DEER DRAW RESULTS.pdf,2020_PERMITS=2021_MODEL__L.E. DEER DRAW RESULTS.pdf,1145481,dea2d94c41ef548692b4fe6a078a39102d99521dff90972013aebcc3b8687136,
C:\Users\tyler\Desktop\GitHub\HUNT-BUILDER\pipeline\RAW\hunt_unit_database\2020\pdf\draw_odds\2020_PERMITS=2021_MODEL__L.E. ELK DRAW RESULTS.pdf,2020_PERMITS=2021_MODEL__L.E. ELK DRAW RESULTS.pdf,1212253,ea3b9de43ad92b0eecc9f532b50b99e02f49af47cc27a1c051b9f15f37964568,
C:\Users\tyler\Desktop\GitHub\HUNT-BUILDER\pipeline\RAW\hunt_unit_database\2020\pdf\draw_odds\2020_PERMITS=2021_MODEL__L.E. PRONGHORN DRAW RESULTS.pdf,2020_PERMITS=2021_MODEL__L.E. PRONGHORN DRAW RESULTS.pdf,565225,2462dcedc49c512361f5b3e16d39f5273246111621ee431ba20aa71f07b9c2b1,
C:\Users\tyler\Desktop\GitHub\HUNT-BUILDER\pipeline\RAW\hunt_unit_database\2020\pdf\draw_odds\2020_PERMITS=2021_MODEL__LIFETIME G.S. DEER DRAW RESULTS.pdf,2020_PERMITS=2021_MODEL__LIFETIME G.S. DEER DRAW RESULTS.pdf,1354217,e21172f8e14bf73fea1907a0af99f8cb8b3e8a27926f7a1814cef838b4f17a08,
C:\Users\tyler\Desktop\GitHub\HUNT-BUILDER\pipeline\RAW\hunt_unit_database\2020\pdf\draw_odds\2020_PERMITS=2021_MODEL__O.I.L. BISON DRAW RESULTS.pdf,2020_PERMITS=2021_MODEL__O.I.L. BISON DRAW RESULTS.pdf,195184,9a58b311d562f7031003d5fa990f98f5df9a1655c3085fcdbc0753b5095fd759,
C:\Users\tyler\Desktop\GitHub\HUNT-BUILDER\pipeline\RAW\hunt_unit_database\2020\pdf\draw_odds\2020_PERMITS=2021_MODEL__O.I.L. BULL MOOSE DRAW RESULTS.pdf,2020_PERMITS=2021_MODEL__O.I.L. BULL MOOSE DRAW RESULTS.pdf,263899,a3a4dd8c3d98461e699e1c9e1269b8b81898fe2562aa2fdebdd5fcbe666d3bf4,
C:\Users\tyler\Desktop\GitHub\HUNT-BUILDER\pipeline\RAW\hunt_unit_database\2020\pdf\draw_odds\2020_PERMITS=2021_MODEL__O.I.L. DESERT BIGHORN SHEEP DRAW RESULTS.pdf,2020_PERMITS=2021_MODEL__O.I.L. DESERT BIGHORN SHEEP DRAW RESULTS.pdf,201050,c8b567039288616669d18accdbc4c60cfa85ca9390d7f61805b7fc30bbdab893,
C:\Users\tyler\Desktop\GitHub\HUNT-BUILDER\pipeline\RAW\hunt_unit_database\2020\pdf\draw_odds\2020_PERMITS=2021_MODEL__O.I.L. DESERT BIGHORN SHEEP.pdf,2020_PERMITS=2021_MODEL__O.I.L. DESERT BIGHORN SHEEP.pdf,201050,c8b567039288616669d18accdbc4c60cfa85ca9390d7f61805b7fc30bbdab893,
C:\Users\tyler\Desktop\GitHub\HUNT-BUILDER\pipeline\RAW\hunt_unit_database\2020\pdf\draw_odds\2020_PERMITS=2021_MODEL__O.I.L. DRAW RESULTS.pdf,2020_PERMITS=2021_MODEL__O.I.L. DRAW RESULTS.pdf,1037233,89b226c690c5c07ecdef4f07d7f8601b55d9ac3fbc2909748821405a0e79186d,
C:\Users\tyler\Desktop\GitHub\HUNT-BUILDER\pipeline\RAW\hunt_unit_database\2020\pdf\draw_odds\2020_PERMITS=2021_MODEL__O.I.L. MTN GOAT DRAW RESULTS.pdf,2020_PERMITS=2021_MODEL__O.I.L. MTN GOAT DRAW RESULTS.pdf,193349,35094355357e0bc8e0aa4534a94619ea5fd6e6f5cea1a75bc1f8720b1723cef3,
C:\Users\tyler\Desktop\GitHub\HUNT-BUILDER\pipeline\RAW\hunt_unit_database\2020\pdf\draw_odds\2020_PERMITS=2021_MODEL__O.I.L. ROCKY MTN SHEEP DRAW RESULTS.pdf,2020_PERMITS=2021_MODEL__O.I.L. ROCKY MTN SHEEP DRAW RESULTS.pdf,183942,1eb4c30d5473efd4b4faa7ff99ce1e28b3c7056ea6b2547fb5d8ac4a9976c846,
C:\Users\tyler\Desktop\GitHub\HUNT-BUILDER\pipeline\RAW\hunt_unit_database\2020\pdf\draw_odds\2020_PERMITS=2021_MODEL__SPORTSMAN DRAW RESULTS.pdf,2020_PERMITS=2021_MODEL__SPORTSMAN DRAW RESULTS.pdf,133936,3c4056bbd3952a4dfb6ce80326f94a58bba0d2262ff4cc008b613c76c50d4b15,
C:\Users\tyler\Desktop\GitHub\HUNT-BUILDER\pipeline\RAW\hunt_unit_database\2020\pdf\draw_odds\2020_PERMITS=2021_MODEL__TURKEY DRAW RESULTS.pdf,2020_PERMITS=2021_MODEL__TURKEY DRAW RESULTS.pdf,106685,da4a587f233baa1e15eedfe57ccec92b8fb53011e9b9a58a357431325e7a2d10,
C:\Users\tyler\Desktop\GitHub\HUNT-BUILDER\pipeline\RAW\hunt_unit_database\2020\pdf\draw_odds\2020_PERMITS=2021_MODEL__YOUTH ANTLERLESS DRAW RESULTS.pdf,2020_PERMITS=2021_MODEL__YOUTH ANTLERLESS DRAW RESULTS.pdf,2710371,f88f0b41e96cfcbf758a8661eaa65847e844202f8097a63ca061b40c0bc4c6a2,
C:\Users\tyler\Desktop\GitHub\HUNT-BUILDER\pipeline\RAW\hunt_unit_database\2020\pdf\draw_odds\2020_PERMITS=2021_MODEL__YOUTH D.H. DEER DRAW RESULTS.pdf,2020_PERMITS=2021_MODEL__YOUTH D.H. DEER DRAW RESULTS.pdf,396792,830174af465b1b07dbf734f06205d5abbcdd63ad7e6383a764caf98f2cea344b,
C:\Users\tyler\Desktop\GitHub\HUNT-BUILDER\pipeline\RAW\hunt_unit_database\2020\pdf\draw_odds\2020_PERMITS=2021_MODEL__YOUTH ELK DRAW RESULTS.pdf,2020_PERMITS=2021_MODEL__YOUTH ELK DRAW RESULTS.pdf,91787,2a7590e1caab9640764a26e9af2f71cc0519d71c98889352713af98b08ce0367,
C:\Users\tyler\Desktop\GitHub\HUNT-BUILDER\pipeline\RAW\hunt_unit_database\2020\pdf\draw_odds\2020_PERMITS=2021_MODEL__YOUTH G.S. DEER DRAW RESULTS.pdf,2020_PERMITS=2021_MODEL__YOUTH G.S. DEER DRAW RESULTS.pdf,1341859,ceac587ed5dd11fc547e98c6ed3f68692cfa4f04e911eed3362fb548eded769b,
C:\Users\tyler\Desktop\GitHub\HUNT-BUILDER\pipeline\RAW\hunt_unit_database\2020\pdf\draw_odds\2020_PERMITS=2021_MODEL__YOUTH TURKEY DRAW RESULTS.pdf,2020_PERMITS=2021_MODEL__YOUTH TURKEY DRAW RESULTS.pdf,91992,54fd5fec03839d0fb8931596aa1299de18d87ad0fbadc2d7ba4279664d59f7d3,
C:\Users\tyler\Desktop\GitHub\HUNT-BUILDER\pipeline\RAW\hunt_unit_database\2020\pdf\draw_odds\2020_PERMITS=2021_MODEL__YOUTH_ANTLERLESS_DEER_DRAW_RESULTS.pdf,2020_PERMITS=2021_MODEL__YOUTH_ANTLERLESS_DEER_DRAW_RESULTS.pdf,195999,cd0c7d71c765e4b16915bab9bd8f30700555f4b62b12d0f3a0fdd2452cf382a9,
C:\Users\tyler\Desktop\GitHub\HUNT-BUILDER\pipeline\RAW\hunt_unit_database\2020\pdf\draw_odds\2020_PERMITS=2021_MODEL__YOUTH_ANTLERLESS_ELK_DRAW_RESULTS.pdf,2020_PERMITS=2021_MODEL__YOUTH_ANTLERLESS_ELK_DRAW_RESULTS.pdf,732294,b7cf6b848f8f03012d847c2e83b3dc2f6e3bdad08862f3195e47cd970fd99619,
C:\Users\tyler\Desktop\GitHub\HUNT-BUILDER\pipeline\RAW\hunt_unit_database\2020\pdf\draw_odds\2020_PERMITS=2021_MODEL__YOUTH_ANTLERLESS_PRONGHORN_DRAW_RESULTS.pdf,2020_PERMITS=2021_MODEL__YOUTH_ANTLERLESS_PRONGHORN_DRAW_RESULTS.pdf,224076,f349f12c30f6cf6eed8d5a874ee90aad6841f92e28779798104d80eaa46bae86,
C:\Users\tyler\Desktop\GitHub\HUNT-BUILDER\pipeline\RAW\hunt_unit_database\2020\pdf\harvest_report\0461C97A__2020_le_oial_all.pdf,0461C97A__2020_le_oial_all.pdf,357706,33b7071b5af63f0b6c0c027b0be3a294eac2667648feeb79ee55a1d7e25c9cfa,
C:\Users\tyler\Desktop\GitHub\HUNT-BUILDER\pipeline\RAW\hunt_unit_database\2020\pdf\harvest_report\0B112A6A__2020_antlerless_hr.pdf,0B112A6A__2020_antlerless_hr.pdf,171841,8600b92f638ae176e3836db97c40c607db22cc1fc311fbef5ccefa3616f0976f,
C:\Users\tyler\Desktop\GitHub\HUNT-BUILDER\pipeline\RAW\hunt_unit_database\2020\pdf\harvest_report\0b5ca51c__Limited-entry and once-in-a-lifetime species.pdf,0b5ca51c__Limited-entry and once-in-a-lifetime species.pdf,357706,33b7071b5af63f0b6c0c027b0be3a294eac2667648feeb79ee55a1d7e25c9cfa,
C:\Users\tyler\Desktop\GitHub\HUNT-BUILDER\pipeline\RAW\hunt_unit_database\2020\pdf\harvest_report\2020 harvest report.pdf,2020 harvest report.pdf,5452040,0b3ac314f67bcd229c2a67fc8cd99b5342d522de51aa5addb1b76267421a1db4,
C:\Users\tyler\Desktop\GitHub\HUNT-BUILDER\pipeline\RAW\hunt_unit_database\2020\pdf\harvest_report\2020-harvest-data.pdf,2020-harvest-data.pdf,164160,9c144c4fe3469ea827483b187a2886aef1ba20a9499099b1abfd3b3dae4f43f8,
C:\Users\tyler\Desktop\GitHub\HUNT-BUILDER\pipeline\RAW\hunt_unit_database\2020\pdf\harvest_report\2020A1B2__conservation_permit_report_2023.pdf,2020A1B2__conservation_permit_report_2023.pdf,5009299,5500159728d67e84e360f360807594c8cc3ff26542443bf295a634e648fac0e0,
C:\Users\tyler\Desktop\GitHub\HUNT-BUILDER\pipeline\RAW\hunt_unit_database\2020\pdf\harvest_report\2020_antlerless_hr.pdf,2020_antlerless_hr.pdf,171841,8600b92f638ae176e3836db97c40c607db22cc1fc311fbef5ccefa3616f0976f,
C:\Users\tyler\Desktop\GitHub\HUNT-BUILDER\pipeline\RAW\hunt_unit_database\2020\pdf\harvest_report\2020_le_oial_all.pdf,2020_le_oial_all.pdf,357706,33b7071b5af63f0b6c0c027b0be3a294eac2667648feeb79ee55a1d7e25c9cfa,
C:\Users\tyler\Desktop\GitHub\HUNT-BUILDER\pipeline\RAW\hunt_unit_database\2020\pdf\harvest_report\3D2221CC__2020-central-mtns-nebo.pdf,3D2221CC__2020-central-mtns-nebo.pdf,69195,b019b976d68a0bb03a7f379f842f2134cac902d7a0959bbf93712e5bfa8a401c,
C:\Users\tyler\Desktop\GitHub\HUNT-BUILDER\pipeline\RAW\hunt_unit_database\2020\pdf\harvest_report\4275246d__Antlerless big game.pdf,4275246d__Antlerless big game.pdf,171841,8600b92f638ae176e3836db97c40c607db22cc1fc311fbef5ccefa3616f0976f,
C:\Users\tyler\Desktop\GitHub\HUNT-BUILDER\pipeline\RAW\hunt_unit_database\2020\pdf\harvest_report\4C032162__2020-harvest-data.pdf,4C032162__2020-harvest-data.pdf,164160,9c144c4fe3469ea827483b187a2886aef1ba20a9499099b1abfd3b3dae4f43f8,
C:\Users\tyler\Desktop\GitHub\HUNT-BUILDER\pipeline\RAW\hunt_unit_database\2020\pdf\harvest_report\71A9E811__2020-north-slope-red-canyon.pdf,71A9E811__2020-north-slope-red-canyon.pdf,66806,bce16b73d1449c8b2adb86b571f3c5c1c0c7029ba903265cd72576eb68695b8b,
C:\Users\tyler\Desktop\GitHub\HUNT-BUILDER\pipeline\RAW\hunt_unit_database\2020\pdf\harvest_report\847a57a8__mixed_2020-21.pdf,847a57a8__mixed_2020-21.pdf,1883488,9b1f1738aa9f75adf61b7efde7a992fc26bff16c1a11aa3d8373e05d2fa32eb6,
C:\Users\tyler\Desktop\GitHub\HUNT-BUILDER\pipeline\RAW\hunt_unit_database\2020\pdf\harvest_report\8D421406__2020_gs_buck_deer_hr.pdf,8D421406__2020_gs_buck_deer_hr.pdf,142439,97e4da029a3070bcf60478c07090064e392f43cfc00c3ad35e5d9864eb06a062,
C:\Users\tyler\Desktop\GitHub\HUNT-BUILDER\pipeline\RAW\hunt_unit_database\2020\pdf\harvest_report\8EA9424D__2020-la-sal-potash.pdf,8EA9424D__2020-la-sal-potash.pdf,76859,2461cd3fd8819cf08314c3e87456444ad29c6a2c59294251a2a2f8537a108dc9,
C:\Users\tyler\Desktop\GitHub\HUNT-BUILDER\pipeline\RAW\hunt_unit_database\2020\pdf\harvest_report\97AF213E__2020-north-slope-goslin-mtn.pdf,97AF213E__2020-north-slope-goslin-mtn.pdf,63411,316d847dcc8d7beeeb2ee95bfe3856f0a8f969b943d6874a5db33bc26463dc0d,
C:\Users\tyler\Desktop\GitHub\HUNT-BUILDER\pipeline\RAW\hunt_unit_database\2020\pdf\harvest_report\a34306f2__bear_2020.pdf,a34306f2__bear_2020.pdf,997046,f8b683d6fd62d3144bcfda67db69ae9b5838ac02a4ae7f82a387e35d71b17760,
C:\Users\tyler\Desktop\GitHub\HUNT-BUILDER\pipeline\RAW\hunt_unit_database\2020\pdf\harvest_report\a7d1d7ba__cougar_2020.pdf,a7d1d7ba__cougar_2020.pdf,769673,43ed751e561a1c70c2032c5895873b69bf2287a3b3da1c4566bf3f7fa4da93e5,
C:\Users\tyler\Desktop\GitHub\HUNT-BUILDER\pipeline\RAW\hunt_unit_database\2020\pdf\harvest_report\ABA2F9C3__2020-san-juan-north.pdf,ABA2F9C3__2020-san-juan-north.pdf,74018,56c7170bb2180ea6410ac3aa56c2b16eb695c967f8bb93bbba7e6292a6217d75,
C:\Users\tyler\Desktop\GitHub\HUNT-BUILDER\pipeline\RAW\hunt_unit_database\2020\pdf\harvest_report\AD0B9A6E__2020-kaiparowits-escalante.pdf,AD0B9A6E__2020-kaiparowits-escalante.pdf,78115,a7665594fcae568c897a8f9694f8d18293bf43e6ff9bccfc913b42c34211aa0a,
C:\Users\tyler\Desktop\GitHub\HUNT-BUILDER\pipeline\RAW\hunt_unit_database\2020\pdf\harvest_report\AEF83DEF__2020-wasatch-mtns-west.pdf,AEF83DEF__2020-wasatch-mtns-west.pdf,70606,bdbaed16f009b6cc3a0692bbfd86197e5cda63b037eb55fcd7dc6f50bab0372f,
C:\Users\tyler\Desktop\GitHub\HUNT-BUILDER\pipeline\RAW\hunt_unit_database\2020\pdf\harvest_report\bd5fef65__2020.pdf,bd5fef65__2020.pdf,5452040,0b3ac314f67bcd229c2a67fc8cd99b5342d522de51aa5addb1b76267421a1db4,
C:\Users\tyler\Desktop\GitHub\HUNT-BUILDER\pipeline\RAW\hunt_unit_database\2020\pdf\harvest_report\bear_2020.pdf,bear_2020.pdf,997046,f8b683d6fd62d3144bcfda67db69ae9b5838ac02a4ae7f82a387e35d71b17760,
C:\Users\tyler\Desktop\GitHub\HUNT-BUILDER\pipeline\RAW\hunt_unit_database\2020\pdf\harvest_report\C939DB7B__2020-north-slope-bare-top.pdf,C939DB7B__2020-north-slope-bare-top.pdf,68338,036a315cc88fe2bce2f1657303e21eef32cda41cadcd97ba7748663a6a271120,
C:\Users\tyler\Desktop\GitHub\HUNT-BUILDER\pipeline\RAW\hunt_unit_database\2020\pdf\harvest_report\cougar_2020.pdf,cougar_2020.pdf,769673,43ed751e561a1c70c2032c5895873b69bf2287a3b3da1c4566bf3f7fa4da93e5,
C:\Users\tyler\Desktop\GitHub\HUNT-BUILDER\pipeline\RAW\hunt_unit_database\2020\pdf\harvest_report\D4C661D9__2020-san-juan-south.pdf,D4C661D9__2020-san-juan-south.pdf,74681,5509df3880d5df3d36bd15af8dc47409a62598eb4668ef564582483f93bb4652,
C:\Users\tyler\Desktop\GitHub\HUNT-BUILDER\pipeline\RAW\hunt_unit_database\2020\pdf\harvest_report\DED44DA9__2020-san-juan-river.pdf,DED44DA9__2020-san-juan-river.pdf,74103,b5769ff7ecdfd88e832363d47f686a35f008c791ab6729a5f3f3108092f89da5,
C:\Users\tyler\Desktop\GitHub\HUNT-BUILDER\pipeline\RAW\hunt_unit_database\2020\pdf\harvest_report\e38eeb18__General-season buck deer.pdf,e38eeb18__General-season buck deer.pdf,142439,97e4da029a3070bcf60478c07090064e392f43cfc00c3ad35e5d9864eb06a062,
C:\Users\tyler\Desktop\GitHub\HUNT-BUILDER\pipeline\RAW\hunt_unit_database\2020\pdf\harvest_report\EC6B4470__2020-san-juan-lockhart.pdf,EC6B4470__2020-san-juan-lockhart.pdf,73129,cf4d6a78cb959bce5e08be5bfbc048257e3d05cc69a47002dea7dfea9210580b,
C:\Users\tyler\Desktop\GitHub\HUNT-BUILDER\pipeline\RAW\hunt_unit_database\2020\pdf\harvest_report\F30B053D__2020-north-slope-sheep-creek.pdf,F30B053D__2020-north-slope-sheep-creek.pdf,62804,6f03f9e6d108b574934f80d89a15126ef0fdf8a6c42366fef8620569d6832efe,
C:\Users\tyler\Desktop\GitHub\HUNT-BUILDER\pipeline\RAW\hunt_unit_database\2020\pdf\harvest_report\General-season buck deer.pdf,General-season buck deer.pdf,142439,97e4da029a3070bcf60478c07090064e392f43cfc00c3ad35e5d9864eb06a062,
C:\Users\tyler\Desktop\GitHub\HUNT-BUILDER\pipeline\RAW\hunt_unit_database\2021\bible_truth\pdf\2021_PERMITS=2022_MODEL__ANTLERLESS DRAW RESULTS.pdf,2021_PERMITS=2022_MODEL__ANTLERLESS DRAW RESULTS.pdf,2872574,a701e8c4c410c76b6588bdf856ec9d096e6d9661f3588824cd4a62728eb613da,
C:\Users\tyler\Desktop\GitHub\HUNT-BUILDER\pipeline\RAW\hunt_unit_database\2021\bible_truth\pdf\2021_PERMITS=2022_MODEL__BEAR DRAW RESULTS.pdf,2021_PERMITS=2022_MODEL__BEAR DRAW RESULTS.pdf,412627,286602b4504003ff871a9560092b94842e0df06f662c30bbeefc67db9149bc3b,
C:\Users\tyler\Desktop\GitHub\HUNT-BUILDER\pipeline\RAW\hunt_unit_database\2021\bible_truth\pdf\2021_PERMITS=2022_MODEL__COUGAR DRAW RESULTS.pdf,2021_PERMITS=2022_MODEL__COUGAR DRAW RESULTS.pdf,112876,49e82f3c79146e1139ee44c8252210740d3961499f94bcbac8941651fa455e55,
C:\Users\tyler\Desktop\GitHub\HUNT-BUILDER\pipeline\RAW\hunt_unit_database\2021\bible_truth\pdf\2021_PERMITS=2022_MODEL__D.H. DEER DRAW RESULTS.pdf,2021_PERMITS=2022_MODEL__D.H. DEER DRAW RESULTS.pdf,531895,5243be59fe26f4523f9d741d010bea30d881adbc18ef230cf25b54d5ef2e4f02,
C:\Users\tyler\Desktop\GitHub\HUNT-BUILDER\pipeline\RAW\hunt_unit_database\2021\bible_truth\pdf\2021_PERMITS=2022_MODEL__G.S. BUCK DEER DRAW RESULTS.pdf,2021_PERMITS=2022_MODEL__G.S. BUCK DEER DRAW RESULTS.pdf,1455208,62242a4ec4388fad44a7d11c8a2f83ba0990e43200ca1a5acb14cd2922367b12,
C:\Users\tyler\Desktop\GitHub\HUNT-BUILDER\pipeline\RAW\hunt_unit_database\2021\bible_truth\pdf\2021_PERMITS=2022_MODEL__L.E. BIG GAME DRAW RESULTS.pdf,2021_PERMITS=2022_MODEL__L.E. BIG GAME DRAW RESULTS.pdf,10570345,2d4a5927fcb8b6ff4daf13ee551eb3c343edf4c0464d4541ea670cab8c5200f2,
C:\Users\tyler\Desktop\GitHub\HUNT-BUILDER\pipeline\RAW\hunt_unit_database\2021\bible_truth\pdf\2021_PERMITS=2022_MODEL__L.E. DEER DRAW RESULTS.pdf,2021_PERMITS=2022_MODEL__L.E. DEER DRAW RESULTS.pdf,1166076,be213d2da8fd43da5d11f0e200731fd0f2957eba8ace8341ae186d276bc0e028,
C:\Users\tyler\Desktop\GitHub\HUNT-BUILDER\pipeline\RAW\hunt_unit_database\2021\bible_truth\pdf\2021_PERMITS=2022_MODEL__L.E. DRAW RESULTS.pdf,2021_PERMITS=2022_MODEL__L.E. DRAW RESULTS.pdf,2987568,3ff698f190f7fd3f32525c7bd52713be70e676e51c0f2fb49476fe8410f0465c,
C:\Users\tyler\Desktop\GitHub\HUNT-BUILDER\pipeline\RAW\hunt_unit_database\2021\bible_truth\pdf\2021_PERMITS=2022_MODEL__L.E. ELK DRAW RESULTS.pdf,2021_PERMITS=2022_MODEL__L.E. ELK DRAW RESULTS.pdf,1222681,1ff3559f648f8a26d7d4359f4585be869873b772a2bc2acec3dbc8970393d8b7,
C:\Users\tyler\Desktop\GitHub\HUNT-BUILDER\pipeline\RAW\hunt_unit_database\2021\bible_truth\pdf\2021_PERMITS=2022_MODEL__L.E. PRONGHORN DRAW RESULTS.pdf,2021_PERMITS=2022_MODEL__L.E. PRONGHORN DRAW RESULTS.pdf,596839,cb88b4cbaff15f64c94da10f77827001b94043dbd9e5977d61f378c14294f401,
C:\Users\tyler\Desktop\GitHub\HUNT-BUILDER\pipeline\RAW\hunt_unit_database\2021\bible_truth\pdf\2021_PERMITS=2022_MODEL__LIFETIME G.S. DEER DRAW RESULTS.pdf,2021_PERMITS=2022_MODEL__LIFETIME G.S. DEER DRAW RESULTS.pdf,1340616,dccae526f74f9ca351886caee7c33e58a91d42c080e921f039b32dfb27b30d52,
C:\Users\tyler\Desktop\GitHub\HUNT-BUILDER\pipeline\RAW\hunt_unit_database\2021\bible_truth\pdf\2021_PERMITS=2022_MODEL__O.I.L. BISON DRAW RESULTS.pdf,2021_PERMITS=2022_MODEL__O.I.L. BISON DRAW RESULTS.pdf,171786,6013c977bd0d890d3a74a37c5a71a266008cb38946797b7bc1d3f67a940d62c4,
C:\Users\tyler\Desktop\GitHub\HUNT-BUILDER\pipeline\RAW\hunt_unit_database\2021\bible_truth\pdf\2021_PERMITS=2022_MODEL__O.I.L. BULL MOOSE DRAW RESULTS.pdf,2021_PERMITS=2022_MODEL__O.I.L. BULL MOOSE DRAW RESULTS.pdf,312847,2466fb2af965dda1e86072eae5cb3c57d38f9bb9dc7fac44d2a52a8c68e3b27f,
C:\Users\tyler\Desktop\GitHub\HUNT-BUILDER\pipeline\RAW\hunt_unit_database\2021\bible_truth\pdf\2021_PERMITS=2022_MODEL__O.I.L. DESERT BIGHORN SHEEP DRAW RESULTS.pdf,2021_PERMITS=2022_MODEL__O.I.L. DESERT BIGHORN SHEEP DRAW RESULTS.pdf,188927,e980976955b45adb53ac80dfd6b164fc2f7f7df812d7def3500a900378975338,
C:\Users\tyler\Desktop\GitHub\HUNT-BUILDER\pipeline\RAW\hunt_unit_database\2021\bible_truth\pdf\2021_PERMITS=2022_MODEL__O.I.L. DRAW RESULTS.pdf,2021_PERMITS=2022_MODEL__O.I.L. DRAW RESULTS.pdf,1024040,f9600ac67256ed886b9c50f0d8aa1211aea62fcccd9319a8681372df8e1fd15f,
C:\Users\tyler\Desktop\GitHub\HUNT-BUILDER\pipeline\RAW\hunt_unit_database\2021\bible_truth\pdf\2021_PERMITS=2022_MODEL__O.I.L. MTN GOAT DRAW RESULTS.pdf,2021_PERMITS=2022_MODEL__O.I.L. MTN GOAT DRAW RESULTS.pdf,180259,1e315eece5fe63cfb892365301e5c914bb7312949dc000e98d82d35010239ead,
C:\Users\tyler\Desktop\GitHub\HUNT-BUILDER\pipeline\RAW\hunt_unit_database\2021\bible_truth\pdf\2021_PERMITS=2022_MODEL__O.I.L. ROCKY MTN SHEEP DRAW RESULTS.pdf,2021_PERMITS=2022_MODEL__O.I.L. ROCKY MTN SHEEP DRAW RESULTS.pdf,170389,100b8571dfeb3384b444f38720ea2947006287dc4adf1baaebe3e0e6e809b7e8,
C:\Users\tyler\Desktop\GitHub\HUNT-BUILDER\pipeline\RAW\hunt_unit_database\2021\bible_truth\pdf\2021_PERMITS=2022_MODEL__SPORTSMAN DRAW RESULTS.pdf,2021_PERMITS=2022_MODEL__SPORTSMAN DRAW RESULTS.pdf,156728,eee029761d004686212ac7735dec6be3df7f8d2f0e299e132afd2b32ca4339fd,
C:\Users\tyler\Desktop\GitHub\HUNT-BUILDER\pipeline\RAW\hunt_unit_database\2021\bible_truth\pdf\2021_PERMITS=2022_MODEL__TURKEY DRAW RESULTS.pdf,2021_PERMITS=2022_MODEL__TURKEY DRAW RESULTS.pdf,96040,05bbf1a79d5148b454faeee707919b62b6771a3bdf30f5b90f9916b41661bba3,
C:\Users\tyler\Desktop\GitHub\HUNT-BUILDER\pipeline\RAW\hunt_unit_database\2021\bible_truth\pdf\2021_PERMITS=2022_MODEL__YOUTH ANTLERLESS DRAW RESULTS.pdf,2021_PERMITS=2022_MODEL__YOUTH ANTLERLESS DRAW RESULTS.pdf,2600042,b8dbb516e97fb2acbad1dec86197f47e9b37e616d856cea576ded8eb16f59a73,
C:\Users\tyler\Desktop\GitHub\HUNT-BUILDER\pipeline\RAW\hunt_unit_database\2021\bible_truth\pdf\2021_PERMITS=2022_MODEL__YOUTH D.H. DEER DRAW RESULTS.pdf,2021_PERMITS=2022_MODEL__YOUTH D.H. DEER DRAW RESULTS.pdf,342992,d09bdd2f48683313888f2e2c8a4f86d5837ca1255faf8db408978ac198d59df0,
C:\Users\tyler\Desktop\GitHub\HUNT-BUILDER\pipeline\RAW\hunt_unit_database\2021\bible_truth\pdf\2021_PERMITS=2022_MODEL__YOUTH ELK DRAW RESULTS.pdf,2021_PERMITS=2022_MODEL__YOUTH ELK DRAW RESULTS.pdf,88950,cd8113b3723fa82e291cff1d9e5ebdfd4a02afdb4604d3d95cacfc6ed10de341,
C:\Users\tyler\Desktop\GitHub\HUNT-BUILDER\pipeline\RAW\hunt_unit_database\2021\bible_truth\pdf\2021_PERMITS=2022_MODEL__YOUTH G.S. DEER DRAW RESULTS.pdf,2021_PERMITS=2022_MODEL__YOUTH G.S. DEER DRAW RESULTS.pdf,1400527,2ed8ce58ca60c1d17aa691f1d299501346e2deb8f709b9ce7349e4f57369d282,
C:\Users\tyler\Desktop\GitHub\HUNT-BUILDER\pipeline\RAW\hunt_unit_database\2021\bible_truth\pdf\2021_PERMITS=2022_MODEL__YOUTH TURKEY DRAW RESULTS.pdf,2021_PERMITS=2022_MODEL__YOUTH TURKEY DRAW RESULTS.pdf,87868,3d1ee00b6c14f0204b025a963f90cf30f4712e888814907c9c8738e42886df8c,
C:\Users\tyler\Desktop\GitHub\HUNT-BUILDER\pipeline\RAW\hunt_unit_database\2021\pdf\draw_odds\20-21_sportsman_odds.pdf,20-21_sportsman_odds.pdf,133936,3c4056bbd3952a4dfb6ce80326f94a58bba0d2262ff4cc008b613c76c50d4b15,
C:\Users\tyler\Desktop\GitHub\HUNT-BUILDER\pipeline\RAW\hunt_unit_database\2021\pdf\draw_odds\20_antlerless_drawing_odds_report.pdf,20_antlerless_drawing_odds_report.pdf,2961988,2efb7b6dcb5c2ef996feddf442ea7f2ba15f42b168c85e371843512564dc7d04,
C:\Users\tyler\Desktop\GitHub\HUNT-BUILDER\pipeline\RAW\hunt_unit_database\2021\pdf\draw_odds\20_bg-odds.pdf,20_bg-odds.pdf,10158873,707d2e7f874e784dcc9076cafc61e339317eed4ae86466cb8516cc0eeabbeaef,
C:\Users\tyler\Desktop\GitHub\HUNT-BUILDER\pipeline\RAW\hunt_unit_database\2021\pdf\draw_odds\20_deer_odds.pdf,20_deer_odds.pdf,1368790,3172d5b67a5385346a28f713b90f1d37698eb2a3ca0d99bf9f796e2ce3164a68,
C:\Users\tyler\Desktop\GitHub\HUNT-BUILDER\pipeline\RAW\hunt_unit_database\2021\pdf\draw_odds\20_dh_odds.pdf,20_dh_odds.pdf,493484,a4467e998c6baa97722784dd1fdbc9e5e82dbec2ea972ccb37397e9460142771,
C:\Users\tyler\Desktop\GitHub\HUNT-BUILDER\pipeline\RAW\hunt_unit_database\2021\pdf\draw_odds\20_drawing_odds.pdf,20_drawing_odds.pdf,415735,6a9aadf664bc7383fbd8b371e280d895cadae32a8fd29dd6ee1e143222d89ea6,
C:\Users\tyler\Desktop\GitHub\HUNT-BUILDER\pipeline\RAW\hunt_unit_database\2021\pdf\draw_odds\20_lifetime_deer.pdf,20_lifetime_deer.pdf,1354217,e21172f8e14bf73fea1907a0af99f8cb8b3e8a27926f7a1814cef838b4f17a08,
C:\Users\tyler\Desktop\GitHub\HUNT-BUILDER\pipeline\RAW\hunt_unit_database\2021\pdf\draw_odds\20_youth_antlerless_drawing_odds_report.pdf,20_youth_antlerless_drawing_odds_report.pdf,2710371,f88f0b41e96cfcbf758a8661eaa65847e844202f8097a63ca061b40c0bc4c6a2,
C:\Users\tyler\Desktop\GitHub\HUNT-BUILDER\pipeline\RAW\hunt_unit_database\2021\pdf\draw_odds\20_youth_bull_elk.pdf,20_youth_bull_elk.pdf,91787,2a7590e1caab9640764a26e9af2f71cc0519d71c98889352713af98b08ce0367,
C:\Users\tyler\Desktop\GitHub\HUNT-BUILDER\pipeline\RAW\hunt_unit_database\2021\pdf\draw_odds\20_youth_deer.pdf,20_youth_deer.pdf,1341859,ceac587ed5dd11fc547e98c6ed3f68692cfa4f04e911eed3362fb548eded769b,
C:\Users\tyler\Desktop\GitHub\HUNT-BUILDER\pipeline\RAW\hunt_unit_database\2021\pdf\draw_odds\20_youth_dh_odds.pdf,20_youth_dh_odds.pdf,396792,830174af465b1b07dbf734f06205d5abbcdd63ad7e6383a764caf98f2cea344b,
C:\Users\tyler\Desktop\GitHub\HUNT-BUILDER\pipeline\RAW\hunt_unit_database\2021\pdf\draw_odds\2a192910__Lifetime general-season deer draw results.pdf,2a192910__Lifetime general-season deer draw results.pdf,1340616,dccae526f74f9ca351886caee7c33e58a91d42c080e921f039b32dfb27b30d52,
C:\Users\tyler\Desktop\GitHub\HUNT-BUILDER\pipeline\RAW\hunt_unit_database\2021\pdf\draw_odds\3b691218__Youth Dedicated Hunter deer draw results.pdf,3b691218__Youth Dedicated Hunter deer draw results.pdf,342992,d09bdd2f48683313888f2e2c8a4f86d5837ca1255faf8db408978ac198d59df0,
C:\Users\tyler\Desktop\GitHub\HUNT-BUILDER\pipeline\RAW\hunt_unit_database\2021\pdf\draw_odds\3deb930b__turkey_2021_youth_turkey_draw_results.pdf,3deb930b__turkey_2021_youth_turkey_draw_results.pdf,87868,3d1ee00b6c14f0204b025a963f90cf30f4712e888814907c9c8738e42886df8c,
C:\Users\tyler\Desktop\GitHub\HUNT-BUILDER\pipeline\RAW\hunt_unit_database\2021\pdf\draw_odds\615cbcd5__Big game limited-entry &amp; once-in-a-lifetime draw results.pdf,615cbcd5__Big game limited-entry &amp; once-in-a-lifetime draw results.pdf,10570345,2d4a5927fcb8b6ff4daf13ee551eb3c343edf4c0464d4541ea670cab8c5200f2,
C:\Users\tyler\Desktop\GitHub\HUNT-BUILDER\pipeline\RAW\hunt_unit_database\2021\pdf\draw_odds\80165f60__cougar_Drawing odds.pdf,80165f60__cougar_Drawing odds.pdf,126818,67c960e2cf7750f0f42cf771f9f6ee56b3d66438a9ab1347751a1a17961432ca,
C:\Users\tyler\Desktop\GitHub\HUNT-BUILDER\pipeline\RAW\hunt_unit_database\2021\pdf\draw_odds\85bae871__Dedicated Hunter deer draw results.pdf,85bae871__Dedicated Hunter deer draw results.pdf,531895,5243be59fe26f4523f9d741d010bea30d881adbc18ef230cf25b54d5ef2e4f02,
C:\Users\tyler\Desktop\GitHub\HUNT-BUILDER\pipeline\RAW\hunt_unit_database\2021\pdf\draw_odds\897696d1__Youth antlerless big game draw results.pdf,897696d1__Youth antlerless big game draw results.pdf,2600042,b8dbb516e97fb2acbad1dec86197f47e9b37e616d856cea576ded8eb16f59a73,
C:\Users\tyler\Desktop\GitHub\HUNT-BUILDER\pipeline\RAW\hunt_unit_database\2021\pdf\draw_odds\97ffae94__black_bear_20_drawing_odds.pdf,97ffae94__black_bear_20_drawing_odds.pdf,415735,6a9aadf664bc7383fbd8b371e280d895cadae32a8fd29dd6ee1e143222d89ea6,
C:\Users\tyler\Desktop\GitHub\HUNT-BUILDER\pipeline\RAW\hunt_unit_database\2021\pdf\draw_odds\98e761bc__Youth general-season deer draw results.pdf,98e761bc__Youth general-season deer draw results.pdf,1400527,2ed8ce58ca60c1d17aa691f1d299501346e2deb8f709b9ce7349e4f57369d282,
C:\Users\tyler\Desktop\GitHub\HUNT-BUILDER\pipeline\RAW\hunt_unit_database\2021\pdf\draw_odds\9a7a35aa__Youth draw-only elk bonus point draw results.pdf,9a7a35aa__Youth draw-only elk bonus point draw results.pdf,88950,cd8113b3723fa82e291cff1d9e5ebdfd4a02afdb4604d3d95cacfc6ed10de341,
C:\Users\tyler\Desktop\GitHub\HUNT-BUILDER\pipeline\RAW\hunt_unit_database\2021\pdf\draw_odds\b4710a7f__black_bear_21_drawing_odds.pdf,b4710a7f__black_bear_21_drawing_odds.pdf,412627,286602b4504003ff871a9560092b94842e0df06f662c30bbeefc67db9149bc3b,
C:\Users\tyler\Desktop\GitHub\HUNT-BUILDER\pipeline\RAW\hunt_unit_database\2021\pdf\draw_odds\baa2fb5d__turkey_2021_turkey_bonus_points_draw_results.pdf,baa2fb5d__turkey_2021_turkey_bonus_points_draw_results.pdf,96040,05bbf1a79d5148b454faeee707919b62b6771a3bdf30f5b90f9916b41661bba3,
C:\Users\tyler\Desktop\GitHub\HUNT-BUILDER\pipeline\RAW\hunt_unit_database\2021\pdf\draw_odds\c4618029__General-season buck deer draw results.pdf,c4618029__General-season buck deer draw results.pdf,1455208,62242a4ec4388fad44a7d11c8a2f83ba0990e43200ca1a5acb14cd2922367b12,
C:\Users\tyler\Desktop\GitHub\HUNT-BUILDER\pipeline\RAW\hunt_unit_database\2021\pdf\draw_odds\ea19f723__Antlerless big game draw results.pdf,ea19f723__Antlerless big game draw results.pdf,2872574,a701e8c4c410c76b6588bdf856ec9d096e6d9661f3588824cd4a62728eb613da,
C:\Users\tyler\Desktop\GitHub\HUNT-BUILDER\pipeline\RAW\hunt_unit_database\2021\pdf\draw_odds\ffa5e57f__Sportsman draw odds report.pdf,ffa5e57f__Sportsman draw odds report.pdf,156728,eee029761d004686212ac7735dec6be3df7f8d2f0e299e132afd2b32ca4339fd,
C:\Users\tyler\Desktop\GitHub\HUNT-BUILDER\pipeline\RAW\hunt_unit_database\2021\pdf\harvest_report\03E16E00__2021-north-slope-red-canyon.pdf,03E16E00__2021-north-slope-red-canyon.pdf,84600,6d73501e1f206709f2ba8dc3678c74c81e455de974be27a89bdf5b33024c2fa8,
C:\Users\tyler\Desktop\GitHub\HUNT-BUILDER\pipeline\RAW\hunt_unit_database\2021\pdf\harvest_report\043E31A3__2021-north-slope-bare-top.pdf,043E31A3__2021-north-slope-bare-top.pdf,88491,60d6079ecb54fc0f1c14dea90e0ab3a35f7c09fcf18325d511b1bbbbebf52b8f,
C:\Users\tyler\Desktop\GitHub\HUNT-BUILDER\pipeline\RAW\hunt_unit_database\2021\pdf\harvest_report\1AAF42C7__2021-san-rafael-north.pdf,1AAF42C7__2021-san-rafael-north.pdf,190355,c60c8caf010bdf8420459d8368520155ce5388adf633625e83ea4ff098395ad2,
C:\Users\tyler\Desktop\GitHub\HUNT-BUILDER\pipeline\RAW\hunt_unit_database\2021\pdf\harvest_report\20_bg_harvest_report.pdf,20_bg_harvest_report.pdf,5961123,1553c2f74659f718c8ed0a5c943bed9e29495fb4de6e71794474e9bf03453458,
C:\Users\tyler\Desktop\GitHub\HUNT-BUILDER\pipeline\RAW\hunt_unit_database\2021\pdf\harvest_report\20_bg_report.pdf,20_bg_report.pdf,5452040,0b3ac314f67bcd229c2a67fc8cd99b5342d522de51aa5addb1b76267421a1db4,
C:\Users\tyler\Desktop\GitHub\HUNT-BUILDER\pipeline\RAW\hunt_unit_database\2021\pdf\harvest_report\20_black_bear_report.pdf,20_black_bear_report.pdf,997046,f8b683d6fd62d3144bcfda67db69ae9b5838ac02a4ae7f82a387e35d71b17760,
C:\Users\tyler\Desktop\GitHub\HUNT-BUILDER\pipeline\RAW\hunt_unit_database\2021\pdf\harvest_report\22_bg_harvest_report.pdf,22_bg_harvest_report.pdf,10336886,d3c268a6aa3ccb8bf1d8633fc07bb9c5aaf842cbf1bd81ce8144a845c91561ae,
C:\Users\tyler\Desktop\GitHub\HUNT-BUILDER\pipeline\RAW\hunt_unit_database\2021\pdf\harvest_report\22_black_bear_report.pdf,22_black_bear_report.pdf,2767514,f3791c6d9a53b91273150ed5285f68649e8218d75ffd0649ff92e10e6c7dbeec,
C:\Users\tyler\Desktop\GitHub\HUNT-BUILDER\pipeline\RAW\hunt_unit_database\2021\pdf\harvest_report\2795C467__2021_gs_buck_deer_hr.pdf,2795C467__2021_gs_buck_deer_hr.pdf,279305,1c34a51eed56a54363a32bc2e9514902b4ed61396ec3099846e2bd846c80d1bf,
C:\Users\tyler\Desktop\GitHub\HUNT-BUILDER\pipeline\RAW\hunt_unit_database\2021\pdf\harvest_report\2A5894B9__2021_antlerless_hr.pdf,2A5894B9__2021_antlerless_hr.pdf,553401,2dbcbcf5f97bbf26286bfef855c95ad14e1ba45aed20eeea6682ac7f6a3118b6,
C:\Users\tyler\Desktop\GitHub\HUNT-BUILDER\pipeline\RAW\hunt_unit_database\2021\pdf\harvest_report\5a118f11__General-season buck deer.pdf,5a118f11__General-season buck deer.pdf,279305,1c34a51eed56a54363a32bc2e9514902b4ed61396ec3099846e2bd846c80d1bf,
C:\Users\tyler\Desktop\GitHub\HUNT-BUILDER\pipeline\RAW\hunt_unit_database\2021\pdf\harvest_report\5a24be8c__Limited-entry and once-in-a-lifetime species.pdf,5a24be8c__Limited-entry and once-in-a-lifetime species.pdf,364332,610bbece4bbf1229e8950b1a883492e06e4402b3ceb4068302a4e488879efc46,
C:\Users\tyler\Desktop\GitHub\HUNT-BUILDER\pipeline\RAW\hunt_unit_database\2021\pdf\harvest_report\62474ddf__bear_2021.pdf,62474ddf__bear_2021.pdf,1822298,cf3d10ad60d1bfcd0bb508c78aec78ac6273c7207a577c1348b3f1ff8e5bbfb4,
C:\Users\tyler\Desktop\GitHub\HUNT-BUILDER\pipeline\RAW\hunt_unit_database\2021\pdf\harvest_report\670BA679__2021-north-slope-sheep-creek.pdf,670BA679__2021-north-slope-sheep-creek.pdf,84862,09873550b2325b3ee1d0c84cba07ed3b813df8c37942bccd599a587f7d0b03b4,
C:\Users\tyler\Desktop\GitHub\HUNT-BUILDER\pipeline\RAW\hunt_unit_database\2021\pdf\harvest_report\6ACC2AEA__2021_le_oial_all.pdf,6ACC2AEA__2021_le_oial_all.pdf,364332,610bbece4bbf1229e8950b1a883492e06e4402b3ceb4068302a4e488879efc46,
C:\Users\tyler\Desktop\GitHub\HUNT-BUILDER\pipeline\RAW\hunt_unit_database\2021\pdf\harvest_report\77105EC4__2021-box-elder-newfoundland-mtn.pdf,77105EC4__2021-box-elder-newfoundland-mtn.pdf,187020,f5640758ecdca0189be6271d9e86380ef8e0da1a2f20ee2ca9c15e4f77b614e8,
C:\Users\tyler\Desktop\GitHub\HUNT-BUILDER\pipeline\RAW\hunt_unit_database\2021\pdf\harvest_report\7AA56ADB__2021-north-slope-goslin-mtn.pdf,7AA56ADB__2021-north-slope-goslin-mtn.pdf,58064,027438c74adad93b8958f65e78abcbacf92b7093bf79dbc67dc5c8b119b87959,
C:\Users\tyler\Desktop\GitHub\HUNT-BUILDER\pipeline\RAW\hunt_unit_database\2021\pdf\harvest_report\84EA3C5A__2021_antlerless_hr.pdf,84EA3C5A__2021_antlerless_hr.pdf,553401,2dbcbcf5f97bbf26286bfef855c95ad14e1ba45aed20eeea6682ac7f6a3118b6,
C:\Users\tyler\Desktop\GitHub\HUNT-BUILDER\pipeline\RAW\hunt_unit_database\2021\pdf\harvest_report\86C2219B__2021-stansbury.pdf,86C2219B__2021-stansbury.pdf,187652,c7dc120d6c1cbbed39551ad03256bb21be942d0f6aa0e372070c0962b11fa62f,
C:\Users\tyler\Desktop\GitHub\HUNT-BUILDER\pipeline\RAW\hunt_unit_database\2021\pdf\harvest_report\8817544e__cougar_2021.pdf,8817544e__cougar_2021.pdf,1575065,fb6750ad5f56e266c103dca47e9098fa26d1dcf379962b581ee12c9147ac7f65,
C:\Users\tyler\Desktop\GitHub\HUNT-BUILDER\pipeline\RAW\hunt_unit_database\2021\pdf\harvest_report\9F8E4D0B__2021-kaiparowits-east-west.pdf,9F8E4D0B__2021-kaiparowits-east-west.pdf,195705,09374ffc774776d5d35490a90b9f13090501a25bea1ea3d498c3cac782bc5acb,
C:\Users\tyler\Desktop\GitHub\HUNT-BUILDER\pipeline\RAW\hunt_unit_database\2021\pdf\harvest_report\a62a6cbd__mixed_2021-22.pdf,a62a6cbd__mixed_2021-22.pdf,5451399,29c11d3f3cd8420e7f4fdd9b628d502850c138aa277b1a0f7bcacc7f66e5356d,
C:\Users\tyler\Desktop\GitHub\HUNT-BUILDER\pipeline\RAW\hunt_unit_database\2021\pdf\harvest_report\ABB95D60__2021-harvest-data.pdf,ABB95D60__2021-harvest-data.pdf,192358,7de95f6b45bb42a1698613b982b6bf73ba1cd4485737488da172f01d0ddbd7d4,
C:\Users\tyler\Desktop\GitHub\HUNT-BUILDER\pipeline\RAW\hunt_unit_database\2021\pdf\harvest_report\b03e968a__2021.pdf,b03e968a__2021.pdf,5961123,1553c2f74659f718c8ed0a5c943bed9e29495fb4de6e71794474e9bf03453458,
C:\Users\tyler\Desktop\GitHub\HUNT-BUILDER\pipeline\RAW\hunt_unit_database\2021\pdf\harvest_report\B7C6169F__2021-box-elder-pilot-mtn.pdf,B7C6169F__2021-box-elder-pilot-mtn.pdf,184393,1b7a15724126874273fb1e9e6bc9482da7dca8051e82bdd9506adeb3cbb8643c,
C:\Users\tyler\Desktop\GitHub\HUNT-BUILDER\pipeline\RAW\hunt_unit_database\2021\pdf\harvest_report\D014E894__2021-san-rafael-south.pdf,D014E894__2021-san-rafael-south.pdf,190341,e74bebfb0ae5d493a16422f86beb77bc761cec1b52806a9b795d615b542ce830,
C:\Users\tyler\Desktop\GitHub\HUNT-BUILDER\pipeline\RAW\hunt_unit_database\2021\pdf\harvest_report\E8ECB6F8__2021-zion.pdf,E8ECB6F8__2021-zion.pdf,194102,26f3a1b82015930e8c4652fd56e166ed20a464c09bbeba96232b84a3e7797943,
C:\Users\tyler\Desktop\GitHub\HUNT-BUILDER\pipeline\RAW\hunt_unit_database\2021\pdf\harvest_report\e8ee2db2__Antlerless big game.pdf,e8ee2db2__Antlerless big game.pdf,553401,2dbcbcf5f97bbf26286bfef855c95ad14e1ba45aed20eeea6682ac7f6a3118b6,
C:\Users\tyler\Desktop\GitHub\HUNT-BUILDER\pipeline\RAW\hunt_unit_database\2022\bible_truth\pdf\2022_PERMITS=2023_MODEL__ANTLERLESS DRAW RESULTS.pdf,2022_PERMITS=2023_MODEL__ANTLERLESS DRAW RESULTS.pdf,2903402,090ba19e450f95fcb01e6a00d0d24ba75dcced764065a80b23a01d8b0e8b4195,
C:\Users\tyler\Desktop\GitHub\HUNT-BUILDER\pipeline\RAW\hunt_unit_database\2022\bible_truth\pdf\2022_PERMITS=2023_MODEL__BEAR DRAW RESULTS.pdf,2022_PERMITS=2023_MODEL__BEAR DRAW RESULTS.pdf,409277,4d8c0ae1ee5bc644eb8433000fd5804c0acf6d24bae7a12eab3d093e5c1f7b6b,
C:\Users\tyler\Desktop\GitHub\HUNT-BUILDER\pipeline\RAW\hunt_unit_database\2022\bible_truth\pdf\2022_PERMITS=2023_MODEL__COUGAR DRAW RESULTS.pdf,2022_PERMITS=2023_MODEL__COUGAR DRAW RESULTS.pdf,135475,b7296b69abc2622f8418ea97da29b80341117c62216b70f9b612fb74943f0807,
C:\Users\tyler\Desktop\GitHub\HUNT-BUILDER\pipeline\RAW\hunt_unit_database\2022\bible_truth\pdf\2022_PERMITS=2023_MODEL__D.H. DEER DRAW RESULTS.pdf,2022_PERMITS=2023_MODEL__D.H. DEER DRAW RESULTS.pdf,532488,610d6af098d9d680aaa1a168a9ea427b86dfd49224e0bd9f34da583988b3d0e1,
C:\Users\tyler\Desktop\GitHub\HUNT-BUILDER\pipeline\RAW\hunt_unit_database\2022\bible_truth\pdf\2022_PERMITS=2023_MODEL__G.S. BUCK DEER DRAW RESULTS.pdf,2022_PERMITS=2023_MODEL__G.S. BUCK DEER DRAW RESULTS.pdf,1500660,cfdb6bed1a28fc84d3ab5ae39f5160f08f6159f68c77a7c71e30b76cf9093f17,
C:\Users\tyler\Desktop\GitHub\HUNT-BUILDER\pipeline\RAW\hunt_unit_database\2022\bible_truth\pdf\2022_PERMITS=2023_MODEL__L.E. AND ONCE-IN-A-LIFETIME DRAW RESULTS.pdf,2022_PERMITS=2023_MODEL__L.E. AND ONCE-IN-A-LIFETIME DRAW RESULTS.pdf,2858441,c968a1effccb63a71d04e3bd507273a413b8dcea938fa6184798fd0a60ae3de7,
C:\Users\tyler\Desktop\GitHub\HUNT-BUILDER\pipeline\RAW\hunt_unit_database\2022\bible_truth\pdf\2022_PERMITS=2023_MODEL__L.E. DEER DRAW RESULTS.pdf,2022_PERMITS=2023_MODEL__L.E. DEER DRAW RESULTS.pdf,984836,60610ce7a18ca8c4d4f1e7f403157a1aaaded317f17f23bb607a243155562484,
C:\Users\tyler\Desktop\GitHub\HUNT-BUILDER\pipeline\RAW\hunt_unit_database\2022\bible_truth\pdf\2022_PERMITS=2023_MODEL__L.E. DRAW RESULTS.pdf,2022_PERMITS=2023_MODEL__L.E. DRAW RESULTS.pdf,2571298,bd15d4f747bac2844fa29c20651e595447870ac1703d8af9d8425438b16f5be7,
C:\Users\tyler\Desktop\GitHub\HUNT-BUILDER\pipeline\RAW\hunt_unit_database\2022\bible_truth\pdf\2022_PERMITS=2023_MODEL__L.E. ELK DRAW RESULTS.pdf,2022_PERMITS=2023_MODEL__L.E. ELK DRAW RESULTS.pdf,1090860,cad6663e75cb483df1d463968d200961891691a01f87d77b4b6162cc41081e22,
C:\Users\tyler\Desktop\GitHub\HUNT-BUILDER\pipeline\RAW\hunt_unit_database\2022\bible_truth\pdf\2022_PERMITS=2023_MODEL__L.E. PRONGHORN DRAW RESULTS.pdf,2022_PERMITS=2023_MODEL__L.E. PRONGHORN DRAW RESULTS.pdf,491918,7764fc7847cf0d540ee741b598559d06d3f15005eb2f8d979986e792581689df,
C:\Users\tyler\Desktop\GitHub\HUNT-BUILDER\pipeline\RAW\hunt_unit_database\2022\bible_truth\pdf\2022_PERMITS=2023_MODEL__LIFETIME G.S. DEER DRAW RESULTS.pdf,2022_PERMITS=2023_MODEL__LIFETIME G.S. DEER DRAW RESULTS.pdf,1354334,23e8778e70b4adb9a88a1828d9a1c6eed6aaf38ce4f382fac46837ba8092edb2,
C:\Users\tyler\Desktop\GitHub\HUNT-BUILDER\pipeline\RAW\hunt_unit_database\2022\bible_truth\pdf\2022_PERMITS=2023_MODEL__O.I.L DRAW RESULTS.pdf,2022_PERMITS=2023_MODEL__O.I.L DRAW RESULTS.pdf,773489,07e23150b0e857a8f0ec434a0a2929256bc2caad3e2c772fa9755d89143a59cd,
C:\Users\tyler\Desktop\GitHub\HUNT-BUILDER\pipeline\RAW\hunt_unit_database\2022\bible_truth\pdf\2022_PERMITS=2023_MODEL__O.I.L. BISON DRAW RESULTS.pdf,2022_PERMITS=2023_MODEL__O.I.L. BISON DRAW RESULTS.pdf,158131,f10fe37a9006e419903c02f3a353d46a8f1fc40ab33d95530f1c82035a36ec4a,
C:\Users\tyler\Desktop\GitHub\HUNT-BUILDER\pipeline\RAW\hunt_unit_database\2022\bible_truth\pdf\2022_PERMITS=2023_MODEL__O.I.L. BULL MOOSE DRAW RESULTS.pdf,2022_PERMITS=2023_MODEL__O.I.L. BULL MOOSE DRAW RESULTS.pdf,223359,3c883b5cd4593e768aa9a3ae3fab3d087d017ea9dffc35b13bb36bf7197ba748,
C:\Users\tyler\Desktop\GitHub\HUNT-BUILDER\pipeline\RAW\hunt_unit_database\2022\bible_truth\pdf\2022_PERMITS=2023_MODEL__O.I.L. DESERT BIGHORN SHEEP DRAW RESULTS.pdf,2022_PERMITS=2023_MODEL__O.I.L. DESERT BIGHORN SHEEP DRAW RESULTS.pdf,155659,6034e42019006ecbb1333cec87e43393bd03353020c654426898ba791281dcbd,
C:\Users\tyler\Desktop\GitHub\HUNT-BUILDER\pipeline\RAW\hunt_unit_database\2022\bible_truth\pdf\2022_PERMITS=2023_MODEL__O.I.L. DRAW RESULTS.pdf,2022_PERMITS=2023_MODEL__O.I.L. DRAW RESULTS.pdf,773489,07e23150b0e857a8f0ec434a0a2929256bc2caad3e2c772fa9755d89143a59cd,
C:\Users\tyler\Desktop\GitHub\HUNT-BUILDER\pipeline\RAW\hunt_unit_database\2022\bible_truth\pdf\2022_PERMITS=2023_MODEL__O.I.L. MTN GOAT DRAW RESULTS.pdf,2022_PERMITS=2023_MODEL__O.I.L. MTN GOAT DRAW RESULTS.pdf,159822,f07537536630c3070cf9bdd08d1cd4f8d4b35336261c6396709535d1e92e9710,
C:\Users\tyler\Desktop\GitHub\HUNT-BUILDER\pipeline\RAW\hunt_unit_database\2022\bible_truth\pdf\2022_PERMITS=2023_MODEL__O.I.L. ROCKY MTN SHEEP DRAW RESULTS.pdf,2022_PERMITS=2023_MODEL__O.I.L. ROCKY MTN SHEEP DRAW RESULTS.pdf,76703,06e1c224b5599df6a5f44274cdc5446c89efc88bd7a56fa294472fa65f2cfb9c,
C:\Users\tyler\Desktop\GitHub\HUNT-BUILDER\pipeline\RAW\hunt_unit_database\2022\bible_truth\pdf\2022_PERMITS=2023_MODEL__SPORTSMAN DRAW RESULTS.pdf,2022_PERMITS=2023_MODEL__SPORTSMAN DRAW RESULTS.pdf,123222,fc7c64978355dfaa859b884dcb66ab67c3c9daefa595d2e5cdbf3a5917a2000a,
C:\Users\tyler\Desktop\GitHub\HUNT-BUILDER\pipeline\RAW\hunt_unit_database\2022\bible_truth\pdf\2022_PERMITS=2023_MODEL__TURKEY DRAW RESULTS.pdf,2022_PERMITS=2023_MODEL__TURKEY DRAW RESULTS.pdf,100200,531934482bb5f581f25ac1aaeb94e162db0787dfc0fa5263670c17bf2444c68c,
C:\Users\tyler\Desktop\GitHub\HUNT-BUILDER\pipeline\RAW\hunt_unit_database\2022\bible_truth\pdf\2022_PERMITS=2023_MODEL__YOUTH ANTLERLESS DRAW RESULTS.pdf,2022_PERMITS=2023_MODEL__YOUTH ANTLERLESS DRAW RESULTS.pdf,2454255,dec85a133d57b0053474a184b719faa3111088afe51957bfa61d8cf414f3c897,
C:\Users\tyler\Desktop\GitHub\HUNT-BUILDER\pipeline\RAW\hunt_unit_database\2022\bible_truth\pdf\2022_PERMITS=2023_MODEL__YOUTH D.H. DEER DRAW RESULTS.pdf,2022_PERMITS=2023_MODEL__YOUTH D.H. DEER DRAW RESULTS.pdf,369713,98d0744a0edcee59b1c4fc3e1d650f507be4a43a366fb799b2ba56b104b92013,
C:\Users\tyler\Desktop\GitHub\HUNT-BUILDER\pipeline\RAW\hunt_unit_database\2022\bible_truth\pdf\2022_PERMITS=2023_MODEL__YOUTH ELK DRAW RESULTS.pdf,2022_PERMITS=2023_MODEL__YOUTH ELK DRAW RESULTS.pdf,89441,beb5123415ccda77a2a8100937b1d35a36c07eeee01167991fb60b63abb8cd2a,
C:\Users\tyler\Desktop\GitHub\HUNT-BUILDER\pipeline\RAW\hunt_unit_database\2022\bible_truth\pdf\2022_PERMITS=2023_MODEL__YOUTH G.S. DEER DRAW RESULTS.pdf,2022_PERMITS=2023_MODEL__YOUTH G.S. DEER DRAW RESULTS.pdf,1428906,55a1561fb7778ebdb1291099042a147c8fed1a3c9b567066c2700ce767a86e6f,
C:\Users\tyler\Desktop\GitHub\HUNT-BUILDER\pipeline\RAW\hunt_unit_database\2022\bible_truth\pdf\2022_PERMITS=2023_MODEL__YOUTH TURKEY DRAW RESULTS.pdf,2022_PERMITS=2023_MODEL__YOUTH TURKEY DRAW RESULTS.pdf,92188,9e3f20b103d29d97ab872593e89bcfc30e3cf4055e92b4829968b23cb25f4bb1,
C:\Users\tyler\Desktop\GitHub\HUNT-BUILDER\pipeline\RAW\hunt_unit_database\2022\pdf\draw_odds\2021 Antlerless Draw Results.pdf,2021 Antlerless Draw Results.pdf,2875149,0b0fdf81c965f50aafad58f22d58bb75095f995f1a0c19cd87a6024a3923b1fd,
C:\Users\tyler\Desktop\GitHub\HUNT-BUILDER\pipeline\RAW\hunt_unit_database\2022\pdf\draw_odds\2021 Bear Draw Results.pdf,2021 Bear Draw Results.pdf,406055,cd4bb02a409bc0acbca5c6cc6412250a32a956156215da27a6cf4155fb558f66,
C:\Users\tyler\Desktop\GitHub\HUNT-BUILDER\pipeline\RAW\hunt_unit_database\2022\pdf\draw_odds\2021 Big game limited-entry once-in-a-lifetime draw results.pdf,2021 Big game limited-entry once-in-a-lifetime draw results.pdf,2858441,c968a1effccb63a71d04e3bd507273a413b8dcea938fa6184798fd0a60ae3de7,
C:\Users\tyler\Desktop\GitHub\HUNT-BUILDER\pipeline\RAW\hunt_unit_database\2022\pdf\draw_odds\2021 General-season buck deer draw results.pdf,2021 General-season buck deer draw results.pdf,1500660,cfdb6bed1a28fc84d3ab5ae39f5160f08f6159f68c77a7c71e30b76cf9093f17,
C:\Users\tyler\Desktop\GitHub\HUNT-BUILDER\pipeline\RAW\hunt_unit_database\2022\pdf\draw_odds\2021 Lifetime general-season deer draw results.pdf,2021 Lifetime general-season deer draw results.pdf,1354334,23e8778e70b4adb9a88a1828d9a1c6eed6aaf38ce4f382fac46837ba8092edb2,
C:\Users\tyler\Desktop\GitHub\HUNT-BUILDER\pipeline\RAW\hunt_unit_database\2022\pdf\draw_odds\2021 Youth Dedicated Hunter deer draw results.pdf,2021 Youth Dedicated Hunter deer draw results.pdf,369713,98d0744a0edcee59b1c4fc3e1d650f507be4a43a366fb799b2ba56b104b92013,
C:\Users\tyler\Desktop\GitHub\HUNT-BUILDER\pipeline\RAW\hunt_unit_database\2022\pdf\draw_odds\2021 Youth general-season deer draw results.pdf,2021 Youth general-season deer draw results.pdf,1428906,55a1561fb7778ebdb1291099042a147c8fed1a3c9b567066c2700ce767a86e6f,
C:\Users\tyler\Desktop\GitHub\HUNT-BUILDER\pipeline\RAW\hunt_unit_database\2022\pdf\draw_odds\21-22_sportsman_odds.pdf,21-22_sportsman_odds.pdf,156728,eee029761d004686212ac7735dec6be3df7f8d2f0e299e132afd2b32ca4339fd,
C:\Users\tyler\Desktop\GitHub\HUNT-BUILDER\pipeline\RAW\hunt_unit_database\2022\pdf\draw_odds\21_bg-odds.pdf,21_bg-odds.pdf,10570345,2d4a5927fcb8b6ff4daf13ee551eb3c343edf4c0464d4541ea670cab8c5200f2,
C:\Users\tyler\Desktop\GitHub\HUNT-BUILDER\pipeline\RAW\hunt_unit_database\2022\pdf\draw_odds\21_deer_odds.pdf,21_deer_odds.pdf,1455208,62242a4ec4388fad44a7d11c8a2f83ba0990e43200ca1a5acb14cd2922367b12,
C:\Users\tyler\Desktop\GitHub\HUNT-BUILDER\pipeline\RAW\hunt_unit_database\2022\pdf\draw_odds\21_dh_odds.pdf,21_dh_odds.pdf,531895,5243be59fe26f4523f9d741d010bea30d881adbc18ef230cf25b54d5ef2e4f02,
C:\Users\tyler\Desktop\GitHub\HUNT-BUILDER\pipeline\RAW\hunt_unit_database\2022\pdf\draw_odds\21_lifetime_deer.pdf,21_lifetime_deer.pdf,1340616,dccae526f74f9ca351886caee7c33e58a91d42c080e921f039b32dfb27b30d52,
C:\Users\tyler\Desktop\GitHub\HUNT-BUILDER\pipeline\RAW\hunt_unit_database\2022\pdf\draw_odds\21_youth_antlerless_drawing_odds_report.pdf,21_youth_antlerless_drawing_odds_report.pdf,2600620,87431fccf2c9792b2a8cb2df8ce9d80fd7e6ad596c34dfbbc5862ebf22551336,
C:\Users\tyler\Desktop\GitHub\HUNT-BUILDER\pipeline\RAW\hunt_unit_database\2022\pdf\draw_odds\21_youth_bull_elk.pdf,21_youth_bull_elk.pdf,88950,cd8113b3723fa82e291cff1d9e5ebdfd4a02afdb4604d3d95cacfc6ed10de341,
C:\Users\tyler\Desktop\GitHub\HUNT-BUILDER\pipeline\RAW\hunt_unit_database\2022\pdf\draw_odds\21_youth_deer.pdf,21_youth_deer.pdf,1400527,2ed8ce58ca60c1d17aa691f1d299501346e2deb8f709b9ce7349e4f57369d282,
C:\Users\tyler\Desktop\GitHub\HUNT-BUILDER\pipeline\RAW\hunt_unit_database\2022\pdf\draw_odds\21_youth_dh_odds.pdf,21_youth_dh_odds.pdf,342992,d09bdd2f48683313888f2e2c8a4f86d5837ca1255faf8db408978ac198d59df0,
C:\Users\tyler\Desktop\GitHub\HUNT-BUILDER\pipeline\RAW\hunt_unit_database\2022\pdf\harvest_report\21_bg_report.pdf,21_bg_report.pdf,5961123,1553c2f74659f718c8ed0a5c943bed9e29495fb4de6e71794474e9bf03453458,
C:\Users\tyler\Desktop\GitHub\HUNT-BUILDER\pipeline\RAW\hunt_unit_database\2022\pdf\harvest_report\21_black_bear_report.pdf,21_black_bear_report.pdf,1822298,cf3d10ad60d1bfcd0bb508c78aec78ac6273c7207a577c1348b3f1ff8e5bbfb4,
C:\Users\tyler\Desktop\GitHub\HUNT-BUILDER\pipeline\RAW\hunt_unit_database\2022\pdf\regulations\guidebook_2022-23_cougar.pdf,guidebook_2022-23_cougar.pdf,5831658,fcb1db061fac534f4448264d8965116533723f5df3836e2f76f86c714fd16ce4,
C:\Users\tyler\Desktop\GitHub\HUNT-BUILDER\pipeline\RAW\hunt_unit_database\2023\bible_truth\pdf\2023_PERMITS=2024_MODEL__ANTLERLESS DRAW RESULTS.pdf,2023_PERMITS=2024_MODEL__ANTLERLESS DRAW RESULTS.pdf,770790,bf701616eee76380516e6a86d56517657740ab61b38c86860044d31712ce139f,
C:\Users\tyler\Desktop\GitHub\HUNT-BUILDER\pipeline\RAW\hunt_unit_database\2023\bible_truth\pdf\2023_PERMITS=2024_MODEL__BEAR DRAW RESULTS.pdf,2023_PERMITS=2024_MODEL__BEAR DRAW RESULTS.pdf,444780,9726e78747de7634cb3d4038c3daf3665e142285ef7ecbdd342d0ac929cb0de3,
C:\Users\tyler\Desktop\GitHub\HUNT-BUILDER\pipeline\RAW\hunt_unit_database\2023\bible_truth\pdf\2023_PERMITS=2024_MODEL__D.H. DEER DRAW RESULTS.pdf,2023_PERMITS=2024_MODEL__D.H. DEER DRAW RESULTS.pdf,179888,b11dc4329853871aa145b01db3c3843354796f0b7a9b82be84ece0cb0eeae68c,
C:\Users\tyler\Desktop\GitHub\HUNT-BUILDER\pipeline\RAW\hunt_unit_database\2023\bible_truth\pdf\2023_PERMITS=2024_MODEL__G.S. BUCK DEER DRAW RESULTS.pdf,2023_PERMITS=2024_MODEL__G.S. BUCK DEER DRAW RESULTS.pdf,463470,3ef46bf75fb105f6deeb76f70ebfe9b911a868fec81dec0ad7947f4fab905896,
C:\Users\tyler\Desktop\GitHub\HUNT-BUILDER\pipeline\RAW\hunt_unit_database\2023\bible_truth\pdf\2023_PERMITS=2024_MODEL__L.E. BIG GAME DRAW RESULTS.pdf,2023_PERMITS=2024_MODEL__L.E. BIG GAME DRAW RESULTS.pdf,3041049,37a416f119c6cc24abbfd8ffc5c0bb65a9245212928033eaadf5b2dab93c3f51,
C:\Users\tyler\Desktop\GitHub\HUNT-BUILDER\pipeline\RAW\hunt_unit_database\2023\bible_truth\pdf\2023_PERMITS=2024_MODEL__L.E. DEER DRAW RESULTS.pdf,2023_PERMITS=2024_MODEL__L.E. DEER DRAW RESULTS.pdf,1035675,28fa5044b223d223e734157f7001449ed7455c9f18d5d0e8fd0c75b93e489192,
C:\Users\tyler\Desktop\GitHub\HUNT-BUILDER\pipeline\RAW\hunt_unit_database\2023\bible_truth\pdf\2023_PERMITS=2024_MODEL__L.E. ELK DRAW RESULTS.pdf,2023_PERMITS=2024_MODEL__L.E. ELK DRAW RESULTS.pdf,1164755,8e9c186d8ab21a71126105ad317e2d82aa44ca54716cb62af87fe4b8a7722fc5,
C:\Users\tyler\Desktop\GitHub\HUNT-BUILDER\pipeline\RAW\hunt_unit_database\2023\bible_truth\pdf\2023_PERMITS=2024_MODEL__L.E. PRONGHORN DRAW RESULTS.pdf,2023_PERMITS=2024_MODEL__L.E. PRONGHORN DRAW RESULTS.pdf,533191,d163a090d9f2a53174b4c297ec6781c8be60cf2d8853c507e4e127685a44f8ce,
C:\Users\tyler\Desktop\GitHub\HUNT-BUILDER\pipeline\RAW\hunt_unit_database\2023\bible_truth\pdf\2023_PERMITS=2024_MODEL__LIFETIME G.S. DEER DRAW RESULTS.pdf,2023_PERMITS=2024_MODEL__LIFETIME G.S. DEER DRAW RESULTS.pdf,412919,3a6dbf9f7f3b1b8f995a2685521812027effc7a92067609311107e80d6933c19,
C:\Users\tyler\Desktop\GitHub\HUNT-BUILDER\pipeline\RAW\hunt_unit_database\2023\bible_truth\pdf\2023_PERMITS=2024_MODEL__O.I.L. BISON DRAW RESULTS.pdf,2023_PERMITS=2024_MODEL__O.I.L. BISON DRAW RESULTS.pdf,197604,b40d5bac75acac76e6f13e2fccf0149062f046e7e7c0025e7fca193bbb72262e,
C:\Users\tyler\Desktop\GitHub\HUNT-BUILDER\pipeline\RAW\hunt_unit_database\2023\bible_truth\pdf\2023_PERMITS=2024_MODEL__O.I.L. BULL MOOSE DRAW RESULTS.pdf,2023_PERMITS=2024_MODEL__O.I.L. BULL MOOSE DRAW RESULTS.pdf,259825,cadaf4ff921aace01052f6ac2b3bb85702a76854e46abce42f93b5fc274ad23a,
C:\Users\tyler\Desktop\GitHub\HUNT-BUILDER\pipeline\RAW\hunt_unit_database\2023\bible_truth\pdf\2023_PERMITS=2024_MODEL__O.I.L. DESERT BIGHORN SHEEP DRAW RESULTS.pdf,2023_PERMITS=2024_MODEL__O.I.L. DESERT BIGHORN SHEEP DRAW RESULTS.pdf,191672,d9e11b3b2434191b65d4fbfdb90c74e150079de5082512695cfacebe17d58710,
C:\Users\tyler\Desktop\GitHub\HUNT-BUILDER\pipeline\RAW\hunt_unit_database\2023\bible_truth\pdf\2023_PERMITS=2024_MODEL__O.I.L. MTN GOAT DRAW RESULTS.pdf,2023_PERMITS=2024_MODEL__O.I.L. MTN GOAT DRAW RESULTS.pdf,195011,64f9383b76b5d3ecd2580e80412c59aa3146da68eca169938d50a78b0e914672,
C:\Users\tyler\Desktop\GitHub\HUNT-BUILDER\pipeline\RAW\hunt_unit_database\2023\bible_truth\pdf\2023_PERMITS=2024_MODEL__O.I.L. ROCKY MTN SHEEP DRAW RESULTS.pdf,2023_PERMITS=2024_MODEL__O.I.L. ROCKY MTN SHEEP DRAW RESULTS.pdf,181676,a84819fe39058bbe895d53874fb4aa9d847b35eec8dfdcde87384c3c07ee1dd7,
C:\Users\tyler\Desktop\GitHub\HUNT-BUILDER\pipeline\RAW\hunt_unit_database\2023\bible_truth\pdf\2023_PERMITS=2024_MODEL__SPORTSMAN DRAW RESULTS.pdf,2023_PERMITS=2024_MODEL__SPORTSMAN DRAW RESULTS.pdf,102242,7899bf807dd1320f11b65aa568230f4e3c4120f5be7719b2d1376b6d3d7f4679,
C:\Users\tyler\Desktop\GitHub\HUNT-BUILDER\pipeline\RAW\hunt_unit_database\2023\bible_truth\pdf\2023_PERMITS=2024_MODEL__TURKEY DRAW RESULTS.pdf,2023_PERMITS=2024_MODEL__TURKEY DRAW RESULTS.pdf,131980,173678409a659135eff98438a06bbd1bda558d73b0b76d911ce28434bc529300,
C:\Users\tyler\Desktop\GitHub\HUNT-BUILDER\pipeline\RAW\hunt_unit_database\2023\bible_truth\pdf\2023_PERMITS=2024_MODEL__YOUTH ANTLERLESS DRAW RESULTS.pdf,2023_PERMITS=2024_MODEL__YOUTH ANTLERLESS DRAW RESULTS.pdf,689163,adff51c9d620fd88c5bed4a1253293183db9563a2f292c3ec0bc9c0694218670,
C:\Users\tyler\Desktop\GitHub\HUNT-BUILDER\pipeline\RAW\hunt_unit_database\2023\bible_truth\pdf\2023_PERMITS=2024_MODEL__YOUTH D.H. DEER DRAW RESULTS.pdf,2023_PERMITS=2024_MODEL__YOUTH D.H. DEER DRAW RESULTS.pdf,148486,3375f3a323f061d4c91260df5ad858394bc1c46d31fb789af9f9961aeadd95cc,
C:\Users\tyler\Desktop\GitHub\HUNT-BUILDER\pipeline\RAW\hunt_unit_database\2023\bible_truth\pdf\2023_PERMITS=2024_MODEL__YOUTH ELK DRAW RESULTS.pdf,2023_PERMITS=2024_MODEL__YOUTH ELK DRAW RESULTS.pdf,76712,6766808ae7fe09786635cdeac27cefecda216df0ec3a05cc22609f5d0ec3da5e,
C:\Users\tyler\Desktop\GitHub\HUNT-BUILDER\pipeline\RAW\hunt_unit_database\2023\bible_truth\pdf\2023_PERMITS=2024_MODEL__YOUTH G.S. DEER DRAW RESULTS.pdf,2023_PERMITS=2024_MODEL__YOUTH G.S. DEER DRAW RESULTS.pdf,439421,5ad3362cc56651f423c09bb0454492a5a4c08ddd28aaa012ee2791451bd489f1,
C:\Users\tyler\Desktop\GitHub\HUNT-BUILDER\pipeline\RAW\hunt_unit_database\2023\bible_truth\pdf\2023_PERMITS=2024_MODEL__YOUTH TURKEY DRAW RESULTS.pdf,2023_PERMITS=2024_MODEL__YOUTH TURKEY DRAW RESULTS.pdf,126549,9dad81e22386d3692e9fe8ab856a4994137641ba4c13ba6fc725708259092dbd,
C:\Users\tyler\Desktop\GitHub\HUNT-BUILDER\pipeline\RAW\hunt_unit_database\2023\pdf\draw_odds\2022 Antlerless big game draw results.pdf,2022 Antlerless big game draw results.pdf,2907550,adbca8506e33738ac7dda4514adc9e43ead36219bc0d7f4ee19b1088b3e1ce9d,
C:\Users\tyler\Desktop\GitHub\HUNT-BUILDER\pipeline\RAW\hunt_unit_database\2023\pdf\draw_odds\2022 cougar_Drawing odds.pdf,2022 cougar_Drawing odds.pdf,112876,49e82f3c79146e1139ee44c8252210740d3961499f94bcbac8941651fa455e55,
C:\Users\tyler\Desktop\GitHub\HUNT-BUILDER\pipeline\RAW\hunt_unit_database\2023\pdf\draw_odds\2022 Dedicated Hunter deer draw results.pdf,2022 Dedicated Hunter deer draw results.pdf,532488,610d6af098d9d680aaa1a168a9ea427b86dfd49224e0bd9f34da583988b3d0e1,
C:\Users\tyler\Desktop\GitHub\HUNT-BUILDER\pipeline\RAW\hunt_unit_database\2023\pdf\draw_odds\2022 turkey_2022_turkey_bonus_points_draw_results.pdf,2022 turkey_2022_turkey_bonus_points_draw_results.pdf,100200,531934482bb5f581f25ac1aaeb94e162db0787dfc0fa5263670c17bf2444c68c,
C:\Users\tyler\Desktop\GitHub\HUNT-BUILDER\pipeline\RAW\hunt_unit_database\2023\pdf\draw_odds\2022 turkey_2022_youth_turkey_draw_results.pdf,2022 turkey_2022_youth_turkey_draw_results.pdf,92188,9e3f20b103d29d97ab872593e89bcfc30e3cf4055e92b4829968b23cb25f4bb1,
C:\Users\tyler\Desktop\GitHub\HUNT-BUILDER\pipeline\RAW\hunt_unit_database\2023\pdf\draw_odds\2022 Youth draw-only elk bonus point draw results.pdf,2022 Youth draw-only elk bonus point draw results.pdf,89441,beb5123415ccda77a2a8100937b1d35a36c07eeee01167991fb60b63abb8cd2a,
C:\Users\tyler\Desktop\GitHub\HUNT-BUILDER\pipeline\RAW\hunt_unit_database\2023\pdf\draw_odds\2022 _black_bear_22_drawing_odds.pdf,2022 _black_bear_22_drawing_odds.pdf,409277,4d8c0ae1ee5bc644eb8433000fd5804c0acf6d24bae7a12eab3d093e5c1f7b6b,
C:\Users\tyler\Desktop\GitHub\HUNT-BUILDER\pipeline\RAW\hunt_unit_database\2023\pdf\draw_odds\2022 _Youth antlerless big game draw results.pdf,2022 _Youth antlerless big game draw results.pdf,2454255,dec85a133d57b0053474a184b719faa3111088afe51957bfa61d8cf414f3c897,
C:\Users\tyler\Desktop\GitHub\HUNT-BUILDER\pipeline\RAW\hunt_unit_database\2023\pdf\draw_odds\22_bg-odds.pdf,22_bg-odds.pdf,2858441,c968a1effccb63a71d04e3bd507273a413b8dcea938fa6184798fd0a60ae3de7,
C:\Users\tyler\Desktop\GitHub\HUNT-BUILDER\pipeline\RAW\hunt_unit_database\2023\pdf\draw_odds\22_deer_odds.pdf,22_deer_odds.pdf,1500660,cfdb6bed1a28fc84d3ab5ae39f5160f08f6159f68c77a7c71e30b76cf9093f17,
C:\Users\tyler\Desktop\GitHub\HUNT-BUILDER\pipeline\RAW\hunt_unit_database\2023\pdf\draw_odds\22_dh_odds.pdf,22_dh_odds.pdf,532488,610d6af098d9d680aaa1a168a9ea427b86dfd49224e0bd9f34da583988b3d0e1,
C:\Users\tyler\Desktop\GitHub\HUNT-BUILDER\pipeline\RAW\hunt_unit_database\2023\pdf\draw_odds\22_lifetime_deer.pdf,22_lifetime_deer.pdf,1354334,23e8778e70b4adb9a88a1828d9a1c6eed6aaf38ce4f382fac46837ba8092edb2,
C:\Users\tyler\Desktop\GitHub\HUNT-BUILDER\pipeline\RAW\hunt_unit_database\2023\pdf\draw_odds\22_youth_antlerless_drawing_odds_report.pdf,22_youth_antlerless_drawing_odds_report.pdf,2454255,dec85a133d57b0053474a184b719faa3111088afe51957bfa61d8cf414f3c897,
C:\Users\tyler\Desktop\GitHub\HUNT-BUILDER\pipeline\RAW\hunt_unit_database\2023\pdf\draw_odds\22_youth_bull_elk.pdf,22_youth_bull_elk.pdf,89441,beb5123415ccda77a2a8100937b1d35a36c07eeee01167991fb60b63abb8cd2a,
C:\Users\tyler\Desktop\GitHub\HUNT-BUILDER\pipeline\RAW\hunt_unit_database\2023\pdf\draw_odds\22_youth_deer.pdf,22_youth_deer.pdf,1428906,55a1561fb7778ebdb1291099042a147c8fed1a3c9b567066c2700ce767a86e6f,
C:\Users\tyler\Desktop\GitHub\HUNT-BUILDER\pipeline\RAW\hunt_unit_database\2023\pdf\draw_odds\22_youth_dh_odds.pdf,22_youth_dh_odds.pdf,369713,98d0744a0edcee59b1c4fc3e1d650f507be4a43a366fb799b2ba56b104b92013,
C:\Users\tyler\Desktop\GitHub\HUNT-BUILDER\pipeline\RAW\hunt_unit_database\2023\pdf\harvest_report\22_bg_report.pdf,22_bg_report.pdf,8749206,0f02100dc8407e54f0da240cef7cc716be6434377c3cbb12e0068c1e2719175a,
C:\Users\tyler\Desktop\GitHub\HUNT-BUILDER\pipeline\RAW\hunt_unit_database\2023\pdf\harvest_report\22_black_bear_report.pdf,22_black_bear_report.pdf,1163235,aa90fcb5456db4373d25c982542dcc680ecb86d61e0ac49730455c54c9c12df3,
C:\Users\tyler\Desktop\GitHub\HUNT-BUILDER\pipeline\RAW\hunt_unit_database\2023\pdf\harvest_report\442a70d8__General-season buck deer.pdf,442a70d8__General-season buck deer.pdf,131918,89a227f30eb2ef433c1b0389617359291552b9a8b872db4043e9046b16402aec,
C:\Users\tyler\Desktop\GitHub\HUNT-BUILDER\pipeline\RAW\hunt_unit_database\2023\pdf\harvest_report\5E321DA5__2022-harvest-data.pdf,5E321DA5__2022-harvest-data.pdf,193163,9fe7d975c2f4c84d0d39078c55b8995bed3a314b00f5d50ad13dbafbc0d86f41,
C:\Users\tyler\Desktop\GitHub\HUNT-BUILDER\pipeline\RAW\hunt_unit_database\2023\pdf\harvest_report\884746C2__2022-henry-mountains.pdf,884746C2__2022-henry-mountains.pdf,89575,6df1627246a584fb8932ba8ef21a7c4c3ee0eaf1c7ddecbe6376888f0bb244ab,
C:\Users\tyler\Desktop\GitHub\HUNT-BUILDER\pipeline\RAW\hunt_unit_database\2023\pdf\harvest_report\968EFF87__2022_le_oial_all.pdf,968EFF87__2022_le_oial_all.pdf,986285,0702a54e809448d49b9d6a4b21a8af957ce8b361d103f765484bbdd3ae1d5b5a,
C:\Users\tyler\Desktop\GitHub\HUNT-BUILDER\pipeline\RAW\hunt_unit_database\2023\pdf\harvest_report\9cb7bd59__cougar_2022.pdf,9cb7bd59__cougar_2022.pdf,1845471,01a5685cba9cd0d5ee7bae701685c8fa32e192442878cc9c02c807da4ef7a880,
C:\Users\tyler\Desktop\GitHub\HUNT-BUILDER\pipeline\RAW\hunt_unit_database\2023\pdf\harvest_report\C9789032__2022-mineral-mtns.pdf,C9789032__2022-mineral-mtns.pdf,180055,2a0d1e00ccd1b6bef83259979029b64ae8d4aba67879df9b7a14492d7661e783,
C:\Users\tyler\Desktop\GitHub\HUNT-BUILDER\pipeline\RAW\hunt_unit_database\2023\pdf\harvest_report\D09A33C9__2022-oak-creek.pdf,D09A33C9__2022-oak-creek.pdf,180828,c588f759a1387fb6cef5f435bd1b44863ccb16fc9ee6e75971db88e901491be2,
C:\Users\tyler\Desktop\GitHub\HUNT-BUILDER\pipeline\RAW\hunt_unit_database\2023\pdf\harvest_report\D3E39E3F__2022-nine-mile-gray-canyon.pdf,D3E39E3F__2022-nine-mile-gray-canyon.pdf,97921,8c65cb11f4b55df694e0dd961d4e289a700505d3f9684c5cb4d035bb9b990a2c,
C:\Users\tyler\Desktop\GitHub\HUNT-BUILDER\pipeline\RAW\hunt_unit_database\2023\pdf\harvest_report\ECBBF5FB__2022-san-rafael-dirty-devil.pdf,ECBBF5FB__2022-san-rafael-dirty-devil.pdf,75005,e81914ee00bcb4c7f051fa6bafe9bc8b76b9f33d8f0dd2536aea70ca27b8e703,
C:\Users\tyler\Desktop\GitHub\HUNT-BUILDER\pipeline\RAW\hunt_unit_database\2023\pdf\harvest_report\FF6D4B3D__2022_antlerless_hr.pdf,FF6D4B3D__2022_antlerless_hr.pdf,215731,269b7fda3567b0d2d371a48e99b2841bd8fe585c863333af03a7ffb6ef61dab2,
C:\Users\tyler\Desktop\GitHub\HUNT-BUILDER\pipeline\RAW\hunt_unit_database\2023\pdf\regulation\2023_biggameapp.pdf,2023_biggameapp.pdf,2880571,7357df71939b084d5e6807a1bc01670bb6f1c04369e550946b1363c57ed2082b,
C:\Users\tyler\Desktop\GitHub\HUNT-BUILDER\pipeline\RAW\hunt_unit_database\2023\pdf\regulation\2023_field_regs.pdf,2023_field_regs.pdf,5784679,c68a0ef12e09e810449e2a5f569bcf445709249c9354036bc1ef17086477284f,
C:\Users\tyler\Desktop\GitHub\HUNT-BUILDER\pipeline\RAW\hunt_unit_database\2023\pdf\regulation\9E134C35__2022-24_conservation_permits.pdf,9E134C35__2022-24_conservation_permits.pdf,292968,a282526cd55ed21cf23c91a06e06203ca0306a888b0a1a9d71edf6a8c4e43964,
C:\Users\tyler\Desktop\GitHub\HUNT-BUILDER\pipeline\RAW\hunt_unit_database\2023\pdf\regulations\2022-23_upland_turkey.pdf,2022-23_upland_turkey.pdf,7995365,03bcf0e8f1daf61b17f8c03148f5df0a5fd4cf84881a0a6a43c33320caf17b21,
C:\Users\tyler\Desktop\GitHub\HUNT-BUILDER\pipeline\RAW\hunt_unit_database\2024\bible_truth\pdf\2024_PERMITS=2025_MODEL__ANTLERLESS DRAW RESULTS.pdf,2024_PERMITS=2025_MODEL__ANTLERLESS DRAW RESULTS.pdf,732713,21ea12abd24abb29b074520eccae1ab1b689d6e969d622803f220c0ca4664789,
C:\Users\tyler\Desktop\GitHub\HUNT-BUILDER\pipeline\RAW\hunt_unit_database\2024\bible_truth\pdf\2024_PERMITS=2025_MODEL__BEAR DRAW RESULTS.pdf,2024_PERMITS=2025_MODEL__BEAR DRAW RESULTS.pdf,428653,50a7d2a6b7278e4bd526746655a560567f4bd7f0cc77bab844025956a5f32299,
C:\Users\tyler\Desktop\GitHub\HUNT-BUILDER\pipeline\RAW\hunt_unit_database\2024\bible_truth\pdf\2024_PERMITS=2025_MODEL__D.H. DEER DRAW RESULTS.pdf,2024_PERMITS=2025_MODEL__D.H. DEER DRAW RESULTS.pdf,201098,13aa1539a3d350bbaeb3012275dde5767bed69d5c4ad4e94e8cef57e021a2c7d,
C:\Users\tyler\Desktop\GitHub\HUNT-BUILDER\pipeline\RAW\hunt_unit_database\2024\bible_truth\pdf\2024_PERMITS=2025_MODEL__G.S. BUCK DEER DRAW RESULTS.pdf,2024_PERMITS=2025_MODEL__G.S. BUCK DEER DRAW RESULTS.pdf,459740,6a994a6e4d6b2d3ea1eb5b49d29936433efe5a2903af4278def8b5418cc0d945,
C:\Users\tyler\Desktop\GitHub\HUNT-BUILDER\pipeline\RAW\hunt_unit_database\2024\bible_truth\pdf\2024_PERMITS=2025_MODEL__L.E. BIG GAME DRAW RESULTS.pdf,2024_PERMITS=2025_MODEL__L.E. BIG GAME DRAW RESULTS.pdf,3028384,130228f912b83a9810f5fa12cf9cace9a255c06bb159cfbb7d66fe2526f26834,
C:\Users\tyler\Desktop\GitHub\HUNT-BUILDER\pipeline\RAW\hunt_unit_database\2024\bible_truth\pdf\2024_PERMITS=2025_MODEL__L.E. DEER DRAW RESULTS.pdf,2024_PERMITS=2025_MODEL__L.E. DEER DRAW RESULTS.pdf,1051004,d4ffca080fb72396ab91c58bd658e4a5180a56b17b6387226d6ad1d68415aa15,
C:\Users\tyler\Desktop\GitHub\HUNT-BUILDER\pipeline\RAW\hunt_unit_database\2024\bible_truth\pdf\2024_PERMITS=2025_MODEL__L.E. ELK DRAW RESULTS.pdf,2024_PERMITS=2025_MODEL__L.E. ELK DRAW RESULTS.pdf,1179837,d0a3c80d39027dc3a73c885b50d0321b62d4cd6d5c82a984d52568170c32f37a,
C:\Users\tyler\Desktop\GitHub\HUNT-BUILDER\pipeline\RAW\hunt_unit_database\2024\bible_truth\pdf\2024_PERMITS=2025_MODEL__L.E. PRONGHORN DRAW RESULTS.pdf,2024_PERMITS=2025_MODEL__L.E. PRONGHORN DRAW RESULTS.pdf,539927,34508b3455c66eb8c9e8ac8f4f7ec18db6ea9a523c0001ee14d53ae656186521,
C:\Users\tyler\Desktop\GitHub\HUNT-BUILDER\pipeline\RAW\hunt_unit_database\2024\bible_truth\pdf\2024_PERMITS=2025_MODEL__LIFETIME G.S. DEER DRAW RESULTS.pdf,2024_PERMITS=2025_MODEL__LIFETIME G.S. DEER DRAW RESULTS.pdf,437601,13c119ae2038952854ed61e70d204397869b3db13cf60a6a0b12adeb095154af,
C:\Users\tyler\Desktop\GitHub\HUNT-BUILDER\pipeline\RAW\hunt_unit_database\2024\bible_truth\pdf\2024_PERMITS=2025_MODEL__O.I.L. BISON DRAW RESULTS.pdf,2024_PERMITS=2025_MODEL__O.I.L. BISON DRAW RESULTS.pdf,196123,f1ad7f560ead6febbecb1c7c7a339616ffefa722e4399a32a1808e17585a381c,
C:\Users\tyler\Desktop\GitHub\HUNT-BUILDER\pipeline\RAW\hunt_unit_database\2024\bible_truth\pdf\2024_PERMITS=2025_MODEL__O.I.L. BULL MOOSE DRAW RESULTS.pdf,2024_PERMITS=2025_MODEL__O.I.L. BULL MOOSE DRAW RESULTS.pdf,289704,4499dcbc640b1fcaec2e61e42ca5ce406a324eb9eb0b6abcbb1aa4e4579979e9,
C:\Users\tyler\Desktop\GitHub\HUNT-BUILDER\pipeline\RAW\hunt_unit_database\2024\bible_truth\pdf\2024_PERMITS=2025_MODEL__O.I.L. DESERT BIGHORN SHEEP DRAW RESULTS.pdf,2024_PERMITS=2025_MODEL__O.I.L. DESERT BIGHORN SHEEP DRAW RESULTS.pdf,200718,47fd25984a7e73cd9c64be209661dec02e77def3dbdd4887494db4bbb485151f,
C:\Users\tyler\Desktop\GitHub\HUNT-BUILDER\pipeline\RAW\hunt_unit_database\2024\bible_truth\pdf\2024_PERMITS=2025_MODEL__O.I.L. MTN GOAT DRAW RESULTS.pdf,2024_PERMITS=2025_MODEL__O.I.L. MTN GOAT DRAW RESULTS.pdf,198933,8612ee314a311ffad5737a302fa49fd5e18450920722bf9cc43049732e1e85e2,
C:\Users\tyler\Desktop\GitHub\HUNT-BUILDER\pipeline\RAW\hunt_unit_database\2024\bible_truth\pdf\2024_PERMITS=2025_MODEL__O.I.L. ROCKY MTN SHEEP DRAW RESULTS.pdf,2024_PERMITS=2025_MODEL__O.I.L. ROCKY MTN SHEEP DRAW RESULTS.pdf,185390,b795a9b7f9e4ee4b72956f095ce3aa1f515e005eb5ad9614f087dce6846209a8,
C:\Users\tyler\Desktop\GitHub\HUNT-BUILDER\pipeline\RAW\hunt_unit_database\2024\bible_truth\pdf\2024_PERMITS=2025_MODEL__SPORTSMAN DRAW RESULTS edit.pdf,2024_PERMITS=2025_MODEL__SPORTSMAN DRAW RESULTS edit.pdf,38213,f4abb15c3324560e59b784fdceaf01bbdc9a986f7805050ab3dc110a9921af13,
C:\Users\tyler\Desktop\GitHub\HUNT-BUILDER\pipeline\RAW\hunt_unit_database\2024\bible_truth\pdf\2024_PERMITS=2025_MODEL__SPORTSMAN DRAW RESULTS.pdf,2024_PERMITS=2025_MODEL__SPORTSMAN DRAW RESULTS.pdf,102242,7899bf807dd1320f11b65aa568230f4e3c4120f5be7719b2d1376b6d3d7f4679,
C:\Users\tyler\Desktop\GitHub\HUNT-BUILDER\pipeline\RAW\hunt_unit_database\2024\bible_truth\pdf\2024_PERMITS=2025_MODEL__TURKEY DRAW RESULTS.pdf,2024_PERMITS=2025_MODEL__TURKEY DRAW RESULTS.pdf,127013,0c94483fe4320609d0bde37e6e4420e870b66c7b2eacd6493b2845fd9cca7ec9,
C:\Users\tyler\Desktop\GitHub\HUNT-BUILDER\pipeline\RAW\hunt_unit_database\2024\bible_truth\pdf\2024_PERMITS=2025_MODEL__YOUTH ANTLERLESS DRAW RESULTS.pdf,2024_PERMITS=2025_MODEL__YOUTH ANTLERLESS DRAW RESULTS.pdf,693897,448cf4dfbf7c7b3ca9de48b93f0e5758ccb022b356f759a48d47d8c692ab5d8a,
C:\Users\tyler\Desktop\GitHub\HUNT-BUILDER\pipeline\RAW\hunt_unit_database\2024\bible_truth\pdf\2024_PERMITS=2025_MODEL__YOUTH D.H. DEER DRAW RESULTS.pdf,2024_PERMITS=2025_MODEL__YOUTH D.H. DEER DRAW RESULTS.pdf,181643,99d15b1e0e99fa7e0b27622bbb80fb23e5480b98c4ec1bcd4a8deafd8ee44efa,
C:\Users\tyler\Desktop\GitHub\HUNT-BUILDER\pipeline\RAW\hunt_unit_database\2024\bible_truth\pdf\2024_PERMITS=2025_MODEL__YOUTH ELK DRAW RESULTS.pdf,2024_PERMITS=2025_MODEL__YOUTH ELK DRAW RESULTS.pdf,76091,d5b3ff4564427fe3461f5292ee0bbc533a436eb3930e7b4f825d717de2f6c504,
C:\Users\tyler\Desktop\GitHub\HUNT-BUILDER\pipeline\RAW\hunt_unit_database\2024\bible_truth\pdf\2024_PERMITS=2025_MODEL__YOUTH G.S. DEER DRAW RESULTS.pdf,2024_PERMITS=2025_MODEL__YOUTH G.S. DEER DRAW RESULTS.pdf,442269,1bc67dac4af0f8f846061689a9d66f48c0973d3da39a1417f215bacb30179c8c,
C:\Users\tyler\Desktop\GitHub\HUNT-BUILDER\pipeline\RAW\hunt_unit_database\2024\bible_truth\pdf\2024_PERMITS=2025_MODEL__YOUTH TURKEY DRAW RESULTS.pdf,2024_PERMITS=2025_MODEL__YOUTH TURKEY DRAW RESULTS.pdf,122906,63e698dc23d9e01bc22a9e66ec46fe31cfacac235dc81ca01c2f7de8352b1492,
C:\Users\tyler\Desktop\GitHub\HUNT-BUILDER\pipeline\RAW\hunt_unit_database\2024\pdf\draw_odds\2022-23 Sportsman draw odds report.pdf,2022-23 Sportsman draw odds report.pdf,123222,fc7c64978355dfaa859b884dcb66ab67c3c9daefa595d2e5cdbf3a5917a2000a,
C:\Users\tyler\Desktop\GitHub\HUNT-BUILDER\pipeline\RAW\hunt_unit_database\2024\pdf\draw_odds\2023 Antlerless big game draw results.pdf,2023 Antlerless big game draw results.pdf,770790,bf701616eee76380516e6a86d56517657740ab61b38c86860044d31712ce139f,
C:\Users\tyler\Desktop\GitHub\HUNT-BUILDER\pipeline\RAW\hunt_unit_database\2024\pdf\draw_odds\2023 DEER ODDS.pdf,2023 DEER ODDS.pdf,1028367,4188e4c1b712ec1c4973b735b6cb06e489680f15a1b2011857046b49707efabf,
C:\Users\tyler\Desktop\GitHub\HUNT-BUILDER\pipeline\RAW\hunt_unit_database\2024\pdf\draw_odds\2023 draw results General Season Deer Draw Odds.pdf,2023 draw results General Season Deer Draw Odds.pdf,464211,b59c00f36a5e3f66f0de435e194ca0ac708ef0795380035925598c5275cffd40,
C:\Users\tyler\Desktop\GitHub\HUNT-BUILDER\pipeline\RAW\hunt_unit_database\2024\pdf\draw_odds\2023 ELK + OTHER BIG GAME.pdf,2023 ELK + OTHER BIG GAME.pdf,2111606,66a38f69c535fe4e9128ada6c0f8253db58581ca4e924837b086c9f176249a6d,
C:\Users\tyler\Desktop\GitHub\HUNT-BUILDER\pipeline\RAW\hunt_unit_database\2024\pdf\draw_odds\2023 Lifetime general-season deer draw results.pdf,2023 Lifetime general-season deer draw results.pdf,412919,3a6dbf9f7f3b1b8f995a2685521812027effc7a92067609311107e80d6933c19,
C:\Users\tyler\Desktop\GitHub\HUNT-BUILDER\pipeline\RAW\hunt_unit_database\2024\pdf\draw_odds\2023 turkey_2023_youth_turkey_draw_results.pdf,2023 turkey_2023_youth_turkey_draw_results.pdf,126549,9dad81e22386d3692e9fe8ab856a4994137641ba4c13ba6fc725708259092dbd,
C:\Users\tyler\Desktop\GitHub\HUNT-BUILDER\pipeline\RAW\hunt_unit_database\2024\pdf\draw_odds\2023 Youth antlerless big game draw results.pdf,2023 Youth antlerless big game draw results.pdf,689163,adff51c9d620fd88c5bed4a1253293183db9563a2f292c3ec0bc9c0694218670,
C:\Users\tyler\Desktop\GitHub\HUNT-BUILDER\pipeline\RAW\hunt_unit_database\2024\pdf\draw_odds\2023 Youth draw-only elk bonus point draw results.pdf,2023 Youth draw-only elk bonus point draw results.pdf,76712,6766808ae7fe09786635cdeac27cefecda216df0ec3a05cc22609f5d0ec3da5e,
C:\Users\tyler\Desktop\GitHub\HUNT-BUILDER\pipeline\RAW\hunt_unit_database\2024\pdf\draw_odds\2023 Youth general-season deer draw results.pdf,2023 Youth general-season deer draw results.pdf,439421,5ad3362cc56651f423c09bb0454492a5a4c08ddd28aaa012ee2791451bd489f1,
C:\Users\tyler\Desktop\GitHub\HUNT-BUILDER\pipeline\RAW\hunt_unit_database\2024\pdf\draw_odds\2023 _Big game and antlerless bonus and preference point purchase results.pdf,2023 _Big game and antlerless bonus and preference point purchase results.pdf,94525,03f051776d8eba49d782694d7e868f630266326d576f3f836b2ea5e30d005c78,
C:\Users\tyler\Desktop\GitHub\HUNT-BUILDER\pipeline\RAW\hunt_unit_database\2024\pdf\draw_odds\2023 _Dedicated Hunter deer draw results.pdf,2023 _Dedicated Hunter deer draw results.pdf,179888,b11dc4329853871aa145b01db3c3843354796f0b7a9b82be84ece0cb0eeae68c,
C:\Users\tyler\Desktop\GitHub\HUNT-BUILDER\pipeline\RAW\hunt_unit_database\2024\pdf\draw_odds\2023 _turkey_2023_turkey_bonus_points_draw_results.pdf,2023 _turkey_2023_turkey_bonus_points_draw_results.pdf,131980,173678409a659135eff98438a06bbd1bda558d73b0b76d911ce28434bc529300,
C:\Users\tyler\Desktop\GitHub\HUNT-BUILDER\pipeline\RAW\hunt_unit_database\2024\pdf\draw_odds\2023_cougar_odds_report.pdf,2023_cougar_odds_report.pdf,135475,b7296b69abc2622f8418ea97da29b80341117c62216b70f9b612fb74943f0807,
C:\Users\tyler\Desktop\GitHub\HUNT-BUILDER\pipeline\RAW\hunt_unit_database\2024\pdf\draw_odds\23_bg-odds.pdf,23_bg-odds.pdf,3041049,37a416f119c6cc24abbfd8ffc5c0bb65a9245212928033eaadf5b2dab93c3f51,
C:\Users\tyler\Desktop\GitHub\HUNT-BUILDER\pipeline\RAW\hunt_unit_database\2024\pdf\draw_odds\23_drawing_odds.pdf,23_drawing_odds.pdf,444780,9726e78747de7634cb3d4038c3daf3665e142285ef7ecbdd342d0ac929cb0de3,
C:\Users\tyler\Desktop\GitHub\HUNT-BUILDER\pipeline\RAW\hunt_unit_database\2024\pdf\draw_odds\23_youth_dh_odds.pdf,23_youth_dh_odds.pdf,148486,3375f3a323f061d4c91260df5ad858394bc1c46d31fb789af9f9961aeadd95cc,
C:\Users\tyler\Desktop\GitHub\HUNT-BUILDER\pipeline\RAW\hunt_unit_database\2024\pdf\draw_odds\antlerless moose.pdf,antlerless moose.pdf,86661,11433aadc5ce5c46ef9bc211da9298c3ee2e9cf1aa12ed0389401b2023471e2d,
C:\Users\tyler\Desktop\GitHub\HUNT-BUILDER\pipeline\RAW\hunt_unit_database\2024\pdf\draw_odds\bull moose.pdf,bull moose.pdf,284295,0308c5016f024ac205a5a382f67ee464fb0a4246fce9f082354448f006df9a6d,
C:\Users\tyler\Desktop\GitHub\HUNT-BUILDER\pipeline\RAW\hunt_unit_database\2024\pdf\harvest_report\2023 desert bighorn harvest report unit not number.pdf,2023 desert bighorn harvest report unit not number.pdf,107945,fa075607ffb87174f2ac13e42e498bd668f429ce47af5e339d1e7c28c155b07a,
C:\Users\tyler\Desktop\GitHub\HUNT-BUILDER\pipeline\RAW\hunt_unit_database\2024\pdf\harvest_report\2023 Hunt Success.pdf,2023 Hunt Success.pdf,170545,e956b40760fe0d96125d628100dc499ea88696989dd3bafa755e477b769ddb5f,
C:\Users\tyler\Desktop\GitHub\HUNT-BUILDER\pipeline\RAW\hunt_unit_database\2024\pdf\harvest_report\2023-24 turkey.pdf,2023-24 turkey.pdf,1428305,622ab95958d6702401f3b86b29407bf5622ca98e3f8ddda5200141a3fc9cbe83,
C:\Users\tyler\Desktop\GitHub\HUNT-BUILDER\pipeline\RAW\hunt_unit_database\2024\pdf\harvest_report\2023_le_oial_all.pdf,2023_le_oial_all.pdf,416955,1cb35a2ab84395975ef4f20f1c21ab158cd3e14f9362f01e3c967112ec2addce,
C:\Users\tyler\Desktop\GitHub\HUNT-BUILDER\pipeline\RAW\hunt_unit_database\2024\pdf\harvest_report\23_bg_report.pdf,23_bg_report.pdf,10336886,d3c268a6aa3ccb8bf1d8633fc07bb9c5aaf842cbf1bd81ce8144a845c91561ae,
C:\Users\tyler\Desktop\GitHub\HUNT-BUILDER\pipeline\RAW\hunt_unit_database\2024\pdf\harvest_report\23_black_bear_report.pdf,23_black_bear_report.pdf,2767514,f3791c6d9a53b91273150ed5285f68649e8218d75ffd0649ff92e10e6c7dbeec,
C:\Users\tyler\Desktop\GitHub\HUNT-BUILDER\pipeline\RAW\hunt_unit_database\2024\pdf\harvest_report\A96251BE__2023_antlerless_hr.pdf,A96251BE__2023_antlerless_hr.pdf,207839,d36241a87154bc84a86863858fb24380145a288c8a654f6e22e626bbd4dbd71f,
C:\Users\tyler\Desktop\GitHub\HUNT-BUILDER\pipeline\RAW\hunt_unit_database\2024\pdf\harvest_report\BIGHORN SHEEP 2023-harvest-data.pdf,BIGHORN SHEEP 2023-harvest-data.pdf,138130,09db24334e9a2aeeb67b4f41a4d0afb4a9106b504da6f974a28219d845357bfc,
C:\Users\tyler\Desktop\GitHub\HUNT-BUILDER\pipeline\RAW\hunt_unit_database\2024\pdf\harvest_report\dbd8a659__cougar_2023.pdf,dbd8a659__cougar_2023.pdf,1293478,130c67192d5addd2296d1cc22bc612ecc84bad765b5d862de45324be1e5d87a7,
C:\Users\tyler\Desktop\GitHub\HUNT-BUILDER\pipeline\RAW\hunt_unit_database\2024\pdf\harvest_report\dc965eb4__General-season buck deer.pdf,dc965eb4__General-season buck deer.pdf,154279,5282c7ecfd3a17ab5fbd15ed26d2ba99b8fd3523719d01407f1b6433d0bb40fc,
C:\Users\tyler\Desktop\GitHub\HUNT-BUILDER\pipeline\RAW\hunt_unit_database\2024\pdf\regulation\2023-24_upland_turkey.pdf,2023-24_upland_turkey.pdf,6917375,f7bf02378bc8c1fab16e6a26424093687e20dda83dbfcfcd7dbb4e2fe1651398,
C:\Users\tyler\Desktop\GitHub\HUNT-BUILDER\pipeline\RAW\hunt_unit_database\2024\pdf\regulation\2024_bear.pdf,2024_bear.pdf,1182171,0dd6ac7f752352fef15b4746a601b9c79fc81c0529c03b02900c7c369a13c5e7,
C:\Users\tyler\Desktop\GitHub\HUNT-BUILDER\pipeline\RAW\hunt_unit_database\2024\pdf\regulation\2024_biggameapp.pdf,2024_biggameapp.pdf,3151143,977d557a862c8f6c573c0af6f633bbc7441a9a4b0b95909bac3be281f8671e7e,
C:\Users\tyler\Desktop\GitHub\HUNT-BUILDER\pipeline\RAW\hunt_unit_database\2024\pdf\regulation\2024_cougar.pdf,2024_cougar.pdf,5065984,f389922446121f9c5b3fa78fe8c78d8609ab265c23bee22171140a2c7cf62bc5,
C:\Users\tyler\Desktop\GitHub\HUNT-BUILDER\pipeline\RAW\hunt_unit_database\2024\pdf\regulation\2024_field_regs.pdf,2024_field_regs.pdf,1891172,079ab19b89d1f7e7870ec6eba79bf563ae74059dd153a37250c39c03e8ddaadd,
"C:\Users\tyler\Desktop\GitHub\HUNT-BUILDER\pipeline\RAW\hunt_unit_database\2024\pdf\regulation\76E828EE__Hunting Guide and Outfitter Definition, Rules and Regulations..pdf","76E828EE__Hunting Guide and Outfitter Definition, Rules and Regulations..pdf",28178,6d61d89054a4dfffc0eb9249e0d75f90b1a1d5199d07c4000f14a083965e4001,
C:\Users\tyler\Desktop\GitHub\HUNT-BUILDER\pipeline\RAW\hunt_unit_database\2025\bible_truth\pdf\2025_PERMITS=2026_MODEL__ANTLERLESS DRAW RESULTS.pdf,2025_PERMITS=2026_MODEL__ANTLERLESS DRAW RESULTS.pdf,3534025,c212777c5326dc1145d3941765b92dbda75a830a73a771c42c13ccd78c760cfd,
C:\Users\tyler\Desktop\GitHub\HUNT-BUILDER\pipeline\RAW\hunt_unit_database\2025\bible_truth\pdf\2025_PERMITS=2026_MODEL__BEAR DRAW RESULTS.pdf,2025_PERMITS=2026_MODEL__BEAR DRAW RESULTS.pdf,1596390,d123fe89987f373c246e1d5879f1c5e80f925909b25909c47ab64f29c3ae2797,
C:\Users\tyler\Desktop\GitHub\HUNT-BUILDER\pipeline\RAW\hunt_unit_database\2025\bible_truth\pdf\2025_PERMITS=2026_MODEL__D.H. DEER DRAW RESULTS.pdf,2025_PERMITS=2026_MODEL__D.H. DEER DRAW RESULTS.pdf,550654,c3de7e642912a30e795c26746d6541ed537204d5d8ac0fa789eadca3383ca762,
C:\Users\tyler\Desktop\GitHub\HUNT-BUILDER\pipeline\RAW\hunt_unit_database\2025\bible_truth\pdf\2025_PERMITS=2026_MODEL__G.S. BUCK DEER DRAW RESULTS.pdf,2025_PERMITS=2026_MODEL__G.S. BUCK DEER DRAW RESULTS.pdf,1685706,2fa7bcb01458b7f86c4beb801d3d866aded4f9fc841ab19c1fce180ae57f35cd,
C:\Users\tyler\Desktop\GitHub\HUNT-BUILDER\pipeline\RAW\hunt_unit_database\2025\bible_truth\pdf\2025_PERMITS=2026_MODEL__HUNT EXPO DRAW RESULTS.pdf,2025_PERMITS=2026_MODEL__HUNT EXPO DRAW RESULTS.pdf,199445,3a735eb778c0947dcc6e8fac95c8eab08b70a868db722ae07415094fd954cd82,
C:\Users\tyler\Desktop\GitHub\HUNT-BUILDER\pipeline\RAW\hunt_unit_database\2025\bible_truth\pdf\2025_PERMITS=2026_MODEL__L.E. BIG GAME DRAW RESULTS.pdf,2025_PERMITS=2026_MODEL__L.E. BIG GAME DRAW RESULTS.pdf,12732089,65af3f1861d258fe272013db929a8a661f3059372c0bb259e1b5f90545538ef9,
C:\Users\tyler\Desktop\GitHub\HUNT-BUILDER\pipeline\RAW\hunt_unit_database\2025\bible_truth\pdf\2025_PERMITS=2026_MODEL__L.E. DEER DRAW RESULTS.pdf,2025_PERMITS=2026_MODEL__L.E. DEER DRAW RESULTS.pdf,1373678,49d1a3a742f99a2517432e9a361059371ed6833bb77be3ff1564b1f97653e692,
C:\Users\tyler\Desktop\GitHub\HUNT-BUILDER\pipeline\RAW\hunt_unit_database\2025\bible_truth\pdf\2025_PERMITS=2026_MODEL__L.E. ELK DRAW RESULTS.pdf,2025_PERMITS=2026_MODEL__L.E. ELK DRAW RESULTS.pdf,1517917,fa5cee82a3eae8f9c3d1641d094d401a5469a898dddf055db8154e254cd8119c,
C:\Users\tyler\Desktop\GitHub\HUNT-BUILDER\pipeline\RAW\hunt_unit_database\2025\bible_truth\pdf\2025_PERMITS=2026_MODEL__L.E. PRONGHORN DRAW RESULTS.pdf,2025_PERMITS=2026_MODEL__L.E. PRONGHORN DRAW RESULTS.pdf,2930657,e7ce1d4070e503bbd8f96c991fa4b7b196d998a45878537986e7ee906c309c9f,
C:\Users\tyler\Desktop\GitHub\HUNT-BUILDER\pipeline\RAW\hunt_unit_database\2025\bible_truth\pdf\2025_PERMITS=2026_MODEL__LIFETIME G.S. DEER DRAW RESULTS.pdf,2025_PERMITS=2026_MODEL__LIFETIME G.S. DEER DRAW RESULTS.pdf,1461319,c9b7637159809cb52aafc06504a50fedccd1d6bec1f203f4c65af6ec737f70b6,
C:\Users\tyler\Desktop\GitHub\HUNT-BUILDER\pipeline\RAW\hunt_unit_database\2025\bible_truth\pdf\2025_PERMITS=2026_MODEL__O.I.L. BISON DRAW RESULTS.pdf,2025_PERMITS=2026_MODEL__O.I.L. BISON DRAW RESULTS.pdf,180575,20af34534f7b61f6f828e6ebee79a58914b687f323bae34842fe73f5e332f757,
C:\Users\tyler\Desktop\GitHub\HUNT-BUILDER\pipeline\RAW\hunt_unit_database\2025\bible_truth\pdf\2025_PERMITS=2026_MODEL__O.I.L. BULL MOOSE DRAW RESULTS.pdf,2025_PERMITS=2026_MODEL__O.I.L. BULL MOOSE DRAW RESULTS.pdf,384630,381cf386442d76f4492cf6ae2db902a4ac7119495422d0bb4377487639f2ccfb,
C:\Users\tyler\Desktop\GitHub\HUNT-BUILDER\pipeline\RAW\hunt_unit_database\2025\bible_truth\pdf\2025_PERMITS=2026_MODEL__O.I.L. DESERT BIGHORN SHEEP DRAW RESULTS.pdf,2025_PERMITS=2026_MODEL__O.I.L. DESERT BIGHORN SHEEP DRAW RESULTS.pdf,183652,0ed286c95bdd0dbeb1c62a4390c0f461a04dafd790339f207059634c13187b1e,
C:\Users\tyler\Desktop\GitHub\HUNT-BUILDER\pipeline\RAW\hunt_unit_database\2025\bible_truth\pdf\2025_PERMITS=2026_MODEL__O.I.L. DRAW RESULTS.pdf,2025_PERMITS=2026_MODEL__O.I.L. DRAW RESULTS.pdf,3145046,0bbc66fe743968bdb896a905ebb6dcc32cc685522fc9b2f70cf5f76332926fbe,
C:\Users\tyler\Desktop\GitHub\HUNT-BUILDER\pipeline\RAW\hunt_unit_database\2025\bible_truth\pdf\2025_PERMITS=2026_MODEL__O.I.L. MTN GOAT DRAW RESULTS.pdf,2025_PERMITS=2026_MODEL__O.I.L. MTN GOAT DRAW RESULTS.pdf,263629,bb7355665f3b67642b38db163f77bf1b69de33d763364fc7486e5a9b3cecf91d,
C:\Users\tyler\Desktop\GitHub\HUNT-BUILDER\pipeline\RAW\hunt_unit_database\2025\bible_truth\pdf\2025_PERMITS=2026_MODEL__O.I.L. ROCKY MTN SHEEP DRAW RESULTS.pdf,2025_PERMITS=2026_MODEL__O.I.L. ROCKY MTN SHEEP DRAW RESULTS.pdf,169878,d5e937ba7a4e770529abdb86c9746003130e435bf92dd07e5e9f7dd8bf09e8b0,
C:\Users\tyler\Desktop\GitHub\HUNT-BUILDER\pipeline\RAW\hunt_unit_database\2025\bible_truth\pdf\2025_PERMITS=2026_MODEL__OIL DRAW RESULTS.pdf,2025_PERMITS=2026_MODEL__OIL DRAW RESULTS.pdf,3145046,0bbc66fe743968bdb896a905ebb6dcc32cc685522fc9b2f70cf5f76332926fbe,
C:\Users\tyler\Desktop\GitHub\HUNT-BUILDER\pipeline\RAW\hunt_unit_database\2025\bible_truth\pdf\2025_PERMITS=2026_MODEL__TURKEY DRAW RESULTS.pdf,2025_PERMITS=2026_MODEL__TURKEY DRAW RESULTS.pdf,228604,24db62fb6252f0184505aa2c0245470a880ecc3a511a12afd14c3fb32510bb87,
C:\Users\tyler\Desktop\GitHub\HUNT-BUILDER\pipeline\RAW\hunt_unit_database\2025\bible_truth\pdf\2025_PERMITS=2026_MODEL__YOUTH ANTLERLESS DRAW RESULTS.pdf,2025_PERMITS=2026_MODEL__YOUTH ANTLERLESS DRAW RESULTS.pdf,2780967,9c5a3883330a44d36dc1c151473f2028292c027b9834af835b2b74a8049da8f9,
C:\Users\tyler\Desktop\GitHub\HUNT-BUILDER\pipeline\RAW\hunt_unit_database\2025\bible_truth\pdf\2025_PERMITS=2026_MODEL__YOUTH D.H. DEER DRAW RESULTS.pdf,2025_PERMITS=2026_MODEL__YOUTH D.H. DEER DRAW RESULTS.pdf,436482,a6c2421da6c32e7edacbbc551c9f4ca3c411fa772b980a5ba8fecfedc73147de,
C:\Users\tyler\Desktop\GitHub\HUNT-BUILDER\pipeline\RAW\hunt_unit_database\2025\bible_truth\pdf\2025_PERMITS=2026_MODEL__YOUTH ELK DRAW RESULTS.pdf,2025_PERMITS=2026_MODEL__YOUTH ELK DRAW RESULTS.pdf,93296,1eba782b446b20eb5d3a53ad32f940c8638bc1a005a11248dbf255388ea64228,
C:\Users\tyler\Desktop\GitHub\HUNT-BUILDER\pipeline\RAW\hunt_unit_database\2025\bible_truth\pdf\2025_PERMITS=2026_MODEL__YOUTH G.S. DEER DRAW RESULTS.pdf,2025_PERMITS=2026_MODEL__YOUTH G.S. DEER DRAW RESULTS.pdf,1658599,e85076f9c7b1bf86dad4f74ea8038e89d05004b075aeba2a3f53eef329c6bb72,
C:\Users\tyler\Desktop\GitHub\HUNT-BUILDER\pipeline\RAW\hunt_unit_database\2025\bible_truth\pdf\2025_PERMITS=2026_MODEL__YOUTH TURKEY DRAW RESULTS.pdf,2025_PERMITS=2026_MODEL__YOUTH TURKEY DRAW RESULTS.pdf,228604,24db62fb6252f0184505aa2c0245470a880ecc3a511a12afd14c3fb32510bb87,
C:\Users\tyler\Desktop\GitHub\HUNT-BUILDER\pipeline\RAW\hunt_unit_database\2025\formatted_tables\DRAW RESULTS\24_bg_master_species_pages\24_BG_MASTER_ELK_PAGE_188.pdf,24_BG_MASTER_ELK_PAGE_188.pdf,111267,f2f4173d9e9a7741a32b924122de09d14f649ad8d4a589fb0b4ffb3fd0c5ba36,
C:\Users\tyler\Desktop\GitHub\HUNT-BUILDER\pipeline\RAW\hunt_unit_database\2025\formatted_tables\DRAW RESULTS\24_bg_master_species_pages\24_BG_MASTER_MOOSE_PAGE_537.pdf,24_BG_MASTER_MOOSE_PAGE_537.pdf,111283,1122a8c7ac84d912b7b37b2da31faae1e1836cd3d6cde14983f8da825b4f0526,
C:\Users\tyler\Desktop\GitHub\HUNT-BUILDER\pipeline\RAW\hunt_unit_database\2025\formatted_tables\DRAW RESULTS\24_bg_master_species_pages\24_BG_MASTER_PRONGHORN_PAGE_398.pdf,24_BG_MASTER_PRONGHORN_PAGE_398.pdf,111046,50825a1e84ed86e849e0e1d90cb76da7e84fb94f5b8d41d5806b4f3dee0f0e58,
C:\Users\tyler\Desktop\GitHub\HUNT-BUILDER\pipeline\RAW\hunt_unit_database\2025\formatted_tables\DRAW RESULTS\24_bg_master_species_pages\24_BG_MASTER_ROCKY_MTN_SHEEP_PAGE_573.pdf,24_BG_MASTER_ROCKY_MTN_SHEEP_PAGE_573.pdf,111129,0d5a9fa7cc340f1e08c7c37654715d55ed49f21ea7610dde7974e09cbae90772,
C:\Users\tyler\Desktop\GitHub\HUNT-BUILDER\pipeline\RAW\hunt_unit_database\2025\formatted_tables\DRAW RESULTS\24_bg_master_species_pages\24_BG_MASTER_SPECIES_TOTALS_ELK_PRONGHORN_MOOSE_ROCKY_MTN_SHEEP.pdf,24_BG_MASTER_SPECIES_TOTALS_ELK_PRONGHORN_MOOSE_ROCKY_MTN_SHEEP.pdf,133169,9e2443bfe27f445705c092600648243513690518b3dec5979c95dcdb2fa49219,
C:\Users\tyler\Desktop\GitHub\HUNT-BUILDER\pipeline\RAW\hunt_unit_database\2025\pdf\draw_odds\2024 antlerless draw results.pdf,2024 antlerless draw results.pdf,732713,21ea12abd24abb29b074520eccae1ab1b689d6e969d622803f220c0ca4664789,
C:\Users\tyler\Desktop\GitHub\HUNT-BUILDER\pipeline\RAW\hunt_unit_database\2025\pdf\draw_odds\2024 Bear Draw Results.pdf,2024 Bear Draw Results.pdf,394676,518b6b257c35e326c1d8a9900067ebde2569c0f8231c29b5c1b502a1dd10447b,
C:\Users\tyler\Desktop\GitHub\HUNT-BUILDER\pipeline\RAW\hunt_unit_database\2025\pdf\draw_odds\2024 _Sportsman draw odds report.pdf,2024 _Sportsman draw odds report.pdf,102242,7899bf807dd1320f11b65aa568230f4e3c4120f5be7719b2d1376b6d3d7f4679,
C:\Users\tyler\Desktop\GitHub\HUNT-BUILDER\pipeline\RAW\hunt_unit_database\2025\pdf\draw_odds\24 bear draw odds complete.pdf,24 bear draw odds complete.pdf,428653,50a7d2a6b7278e4bd526746655a560567f4bd7f0cc77bab844025956a5f32299,
C:\Users\tyler\Desktop\GitHub\HUNT-BUILDER\pipeline\RAW\hunt_unit_database\2025\pdf\draw_odds\24_bg-odds.pdf,24_bg-odds.pdf,3028384,130228f912b83a9810f5fa12cf9cace9a255c06bb159cfbb7d66fe2526f26834,
C:\Users\tyler\Desktop\GitHub\HUNT-BUILDER\pipeline\RAW\hunt_unit_database\2025\pdf\draw_odds\24_deer_odds.pdf,24_deer_odds.pdf,459740,6a994a6e4d6b2d3ea1eb5b49d29936433efe5a2903af4278def8b5418cc0d945,
C:\Users\tyler\Desktop\GitHub\HUNT-BUILDER\pipeline\RAW\hunt_unit_database\2025\pdf\draw_odds\24_dh_odds.pdf,24_dh_odds.pdf,201098,13aa1539a3d350bbaeb3012275dde5767bed69d5c4ad4e94e8cef57e021a2c7d,
C:\Users\tyler\Desktop\GitHub\HUNT-BUILDER\pipeline\RAW\hunt_unit_database\2025\pdf\draw_odds\24_le_bull_elk.pdf,24_le_bull_elk.pdf,1175057,c3303e57cfe280f269d8845d6ab0014a7486a0eef2b5b73308eb76469eafbac6,
C:\Users\tyler\Desktop\GitHub\HUNT-BUILDER\pipeline\RAW\hunt_unit_database\2025\pdf\draw_odds\24_le_deer.pdf,24_le_deer.pdf,1043882,654e5d53dd209cc8e69ad4f6daf80d7f51a198509bad7163ad3f59333d339867,
C:\Users\tyler\Desktop\GitHub\HUNT-BUILDER\pipeline\RAW\hunt_unit_database\2025\pdf\draw_odds\24_le_pronghorn.pdf,24_le_pronghorn.pdf,533752,44ce256ecf289f65dfa83f5b79bf98a8c322d22b985680e055f01d342c05a6af,
C:\Users\tyler\Desktop\GitHub\HUNT-BUILDER\pipeline\RAW\hunt_unit_database\2025\pdf\draw_odds\24_lifetime_deer.pdf,24_lifetime_deer.pdf,437601,13c119ae2038952854ed61e70d204397869b3db13cf60a6a0b12adeb095154af,
C:\Users\tyler\Desktop\GitHub\HUNT-BUILDER\pipeline\RAW\hunt_unit_database\2025\pdf\draw_odds\24_OIL_ALL.pdf,24_OIL_ALL.pdf,647008,f14d3b9a927641e4c66a305f8e48da8b2bc8aefa68f3c6ae764d6696df9fd940,
C:\Users\tyler\Desktop\GitHub\HUNT-BUILDER\pipeline\RAW\hunt_unit_database\2025\pdf\draw_odds\24_youth_antlerless_drawing_odds_report.pdf,24_youth_antlerless_drawing_odds_report.pdf,693897,448cf4dfbf7c7b3ca9de48b93f0e5758ccb022b356f759a48d47d8c692ab5d8a,
C:\Users\tyler\Desktop\GitHub\HUNT-BUILDER\pipeline\RAW\hunt_unit_database\2025\pdf\draw_odds\24_youth_deer.pdf,24_youth_deer.pdf,442269,1bc67dac4af0f8f846061689a9d66f48c0973d3da39a1417f215bacb30179c8c,
C:\Users\tyler\Desktop\GitHub\HUNT-BUILDER\pipeline\RAW\hunt_unit_database\2025\pdf\draw_odds\24_youth_dh_odds.pdf,24_youth_dh_odds.pdf,181643,99d15b1e0e99fa7e0b27622bbb80fb23e5480b98c4ec1bcd4a8deafd8ee44efa,
C:\Users\tyler\Desktop\GitHub\HUNT-BUILDER\pipeline\RAW\hunt_unit_database\2025\pdf\draw_odds\24_youth_elk.pdf,24_youth_elk.pdf,76091,d5b3ff4564427fe3461f5292ee0bbc533a436eb3930e7b4f825d717de2f6c504,
C:\Users\tyler\Desktop\GitHub\HUNT-BUILDER\pipeline\RAW\hunt_unit_database\2025\pdf\draw_odds\Bear Bonus Point Purchase.pdf,Bear Bonus Point Purchase.pdf,114177,ecdcc8c4fb4831d415a2a737a2fe827c7c1a6afa194f03d36eaee0a7a09221c5,
C:\Users\tyler\Desktop\GitHub\HUNT-BUILDER\pipeline\RAW\hunt_unit_database\2025\pdf\harvest_report\2024-25 turkey.pdf,2024-25 turkey.pdf,1441118,a8b73f033d0ec8cc326b09dd520626fa5ac364bff1c864ec0b154d11f5872598,
C:\Users\tyler\Desktop\GitHub\HUNT-BUILDER\pipeline\RAW\hunt_unit_database\2025\pdf\harvest_report\24_bg_HARVEST_report.pdf,24_bg_HARVEST_report.pdf,14037480,e93e9472c9abfad2659fb4d3c3d62e28c9bf9b75c403839107fba89711e9d5df,
C:\Users\tyler\Desktop\GitHub\HUNT-BUILDER\pipeline\RAW\hunt_unit_database\2025\pdf\harvest_report\24_bg_report.pdf,24_bg_report.pdf,4106845,f7007f8ee43ea126cee833219bc5982bc54ba239a95b994800d378c70b7633bf,
C:\Users\tyler\Desktop\GitHub\HUNT-BUILDER\pipeline\RAW\hunt_unit_database\2025\pdf\harvest_report\24_black_bear_report.pdf,24_black_bear_report.pdf,1204818,8028bc816eca8821b836ef24d50b36fb6fba8ad46264b690b9a0bb10dce94374,
"C:\Users\tyler\Desktop\GitHub\HUNT-BUILDER\pipeline\RAW\hunt_unit_database\2025\pdf\harvest_report\Average age of harvested mountain goats, by management unit, Utah 2015–2024.pdf","Average age of harvested mountain goats, by management unit, Utah 2015–2024.pdf",66896,e30ea11ec1209f2378eaa44ec936d50e7ee9ff3cdb99b1d78d21d5a0d03cbf87,
C:\Users\tyler\Desktop\GitHub\HUNT-BUILDER\pipeline\RAW\hunt_unit_database\2025\pdf\harvest_report\big game OIL mainly.pdf,big game OIL mainly.pdf,1170040,6fe90321a5833ae30ea137f27ae00842711ed77e4973ca987fbfdc091edd258b,
C:\Users\tyler\Desktop\GitHub\HUNT-BUILDER\pipeline\RAW\hunt_unit_database\2025\pdf\harvest_report\bison harvest data.pdf,bison harvest data.pdf,390172,ebcf452e0af3669adc8f33ec6b881deb84988298c38fb0d89b27032b9a77fbda,
C:\Users\tyler\Desktop\GitHub\HUNT-BUILDER\pipeline\RAW\hunt_unit_database\2025\pdf\harvest_report\elk average age.pdf,elk average age.pdf,82531,53065da01eda1ed2bf199d35b392a19cc28a8520f4d7b479149cfe18b0e0fadc,
C:\Users\tyler\Desktop\GitHub\HUNT-BUILDER\pipeline\RAW\hunt_unit_database\2025\pdf\harvest_report\Elk harvest data.pdf,Elk harvest data.pdf,124719,847c3d3c7fc5139684800635ce5b7cef46e6e76689acb5a20652e46f98035e99,
C:\Users\tyler\Desktop\GitHub\HUNT-BUILDER\pipeline\RAW\hunt_unit_database\2025\pdf\harvest_report\Pages from 24_bg_report-2.pdf,Pages from 24_bg_report-2.pdf,1947369,75759b0b8060b7917c6014fad9aa798d7f99c09f411a5cdec43df90dc756695e,
C:\Users\tyler\Desktop\GitHub\HUNT-BUILDER\pipeline\RAW\hunt_unit_database\2025\pdf\harvest_report\Pages from 24_bg_report-2_backup_before_page_numbers.pdf,Pages from 24_bg_report-2_backup_before_page_numbers.pdf,877714,b038cd0b6a8e82698c18760be592097ef258851e450caec88bfa45e6983b25e9,
C:\Users\tyler\Desktop\GitHub\HUNT-BUILDER\pipeline\RAW\hunt_unit_database\2025\pdf\harvest_report\Pages from 24_bg_report.pdf,Pages from 24_bg_report.pdf,1664672,f570d7a2ee62e52c083c3843000f7c37f1684e2de457a34500d7ba0757a618fa,
C:\Users\tyler\Desktop\GitHub\HUNT-BUILDER\pipeline\RAW\hunt_unit_database\2025\pdf\HUNT EXPO\2025 Hunt Expo Draw Permit Successful Applicants – Western Hunting & Conservation Expo.pdf,2025 Hunt Expo Draw Permit Successful Applicants – Western Hunting & Conservation Expo.pdf,576060,519089fc3122e48aea8699c042a20282402fddbb16436a9fc4a2e16da4987757,
C:\Users\tyler\Desktop\GitHub\HUNT-BUILDER\pipeline\RAW\hunt_unit_database\2025\pdf\regulation\2024-25_upland_turkey.pdf,2024-25_upland_turkey.pdf,7607742,5d6af291900a3c790c1673ad0e520d38d2ddc0ddbb2392f67426b1a45bc2e8a3,
C:\Users\tyler\Desktop\GitHub\HUNT-BUILDER\pipeline\RAW\hunt_unit_database\2025\pdf\regulation\2025 Bear and Cougar.pdf,2025 Bear and Cougar.pdf,1340989,be5da034dd02a1453f5bc220101b9cf7b7ae8a5e6566043b3606fe3d72cda5ee,
C:\Users\tyler\Desktop\GitHub\HUNT-BUILDER\pipeline\RAW\hunt_unit_database\2025\pdf\regulation\2025 Big Game.pdf,2025 Big Game.pdf,3432415,05a87b5babd0a22af62c993bd3fe0ba106fb18f7029ed60fc75f6babe4dbdaa7,
C:\Users\tyler\Desktop\GitHub\HUNT-BUILDER\pipeline\RAW\hunt_unit_database\2025\pdf\regulation\2025 Cougar.pdf,2025 Cougar.pdf,1790348,cb738da88b18dbeae39e8f6053411ea520d12f6acd3fea57400681bd6634765f,
C:\Users\tyler\Desktop\GitHub\HUNT-BUILDER\pipeline\RAW\hunt_unit_database\2025\pdf\regulation\2025-26 Upland Game Turkey.pdf,2025-26 Upland Game Turkey.pdf,6395849,513951a6990b44de9af85c597a96b552f22cf0ec83f16d22f02398e14bc461ae,
C:\Users\tyler\Desktop\GitHub\HUNT-BUILDER\pipeline\RAW\hunt_unit_database\2025\pdf\regulation\2025-27 Conservation Permits.pdf,2025-27 Conservation Permits.pdf,237573,cf3bd8b1d2d246d350fc510291bb7a9b75c5989496e415b2c0923f895c008c28,
C:\Users\tyler\Desktop\GitHub\HUNT-BUILDER\pipeline\RAW\hunt_unit_database\2025\pdf\regulation\2025_biggameapp.pdf,2025_biggameapp.pdf,4778107,44f9f9953d274d4efcd5258871a9ad16080c143ef6849d10698230dc59b37f6b,
C:\Users\tyler\Desktop\GitHub\HUNT-BUILDER\pipeline\RAW\hunt_unit_database\2025\pdf\regulation\2025_cougar.pdf,2025_cougar.pdf,1790348,cb738da88b18dbeae39e8f6053411ea520d12f6acd3fea57400681bd6634765f,
C:\Users\tyler\Desktop\GitHub\HUNT-BUILDER\pipeline\RAW\hunt_unit_database\2025\pdf\regulation\field_regs 2025.pdf,field_regs 2025.pdf,3432415,05a87b5babd0a22af62c993bd3fe0ba106fb18f7029ed60fc75f6babe4dbdaa7,
C:\Users\tyler\Desktop\GitHub\HUNT-BUILDER\pipeline\RAW\hunt_unit_database\2025\pdf\harvest_report\Black Bear\24_black_bear_mortality_report.pdf,24_black_bear_mortality_report.pdf,595467,03c4ca343be9588fd3cdf7fd61ccd57401b1f4b4a2c7c25586b062d7368674d5,
C:\Users\tyler\Desktop\GitHub\HUNT-BUILDER\pipeline\RAW\hunt_unit_database\2025\pdf\harvest_report\Black Bear\24_black_bear_report.pdf,24_black_bear_report.pdf,782402,950e92f6b02dd6477620505e7a95c5a7a8709b8782093101df6d6fe1e9f64cf7,
C:\Users\tyler\Desktop\GitHub\HUNT-BUILDER\pipeline\RAW\hunt_unit_database\2025\pdf\harvest_report\Black Bear\24_black_bear_report_unit.pdf,24_black_bear_report_unit.pdf,145036,aa763800e799b1405889aac497b807b4a0212c4c39159fbdd761aa4fd21a1452,
C:\Users\tyler\Desktop\GitHub\HUNT-BUILDER\pipeline\RAW\hunt_unit_database\2025\pdf\harvest_report\Black Bear\24_black_bear_summer_unit.pdf,24_black_bear_summer_unit.pdf,126245,e8a261462b885cee5a60765d0c9ad18f309d8116e4e9dac42ebae63ab6364c07,
C:\Users\tyler\Desktop\GitHub\HUNT-BUILDER\pipeline\RAW\hunt_unit_database\2025\pdf\harvest_report\Desert Sheep\Desert Sheep.pdf,Desert Sheep.pdf,168116,1e9586d8747156e48bc985e0665bef44c717f88741217d747caa7eab8246f8e0,
C:\Users\tyler\Desktop\GitHub\HUNT-BUILDER\pipeline\RAW\hunt_unit_database\2025\pdf\harvest_report\ELK\2024 ELK ANTLERLESS BY UNIT 2015-2024.pdf,2024 ELK ANTLERLESS BY UNIT 2015-2024.pdf,92453,5182cae2db597d7aaa951c22a7aa838aabc919668f02bb3cecb51397367e4042,
C:\Users\tyler\Desktop\GitHub\HUNT-BUILDER\pipeline\RAW\hunt_unit_database\2025\pdf\harvest_report\ELK\2024 ELK ANTLERLESS GENERAL SEASON.pdf,2024 ELK ANTLERLESS GENERAL SEASON.pdf,161825,633e388b9ca96b90c07e25e2757288a729d7cb8d7b630ecd8dac2360f9f4c4df,
C:\Users\tyler\Desktop\GitHub\HUNT-BUILDER\pipeline\RAW\hunt_unit_database\2025\pdf\harvest_report\ELK\2024 ELK AVERAGE AGE HARVEST.pdf,2024 ELK AVERAGE AGE HARVEST.pdf,82531,462cbcfcbebede94166744db317876b63baa612cd50182a38f2ef61b7ec745d9,
C:\Users\tyler\Desktop\GitHub\HUNT-BUILDER\pipeline\RAW\hunt_unit_database\2025\pdf\harvest_report\ELK\2024 ELK BULL BY UNIT.pdf,2024 ELK BULL BY UNIT.pdf,111537,36282c6569d1878dc18d6937d42a127a2b0c6dc335f621adfad8d6a9fb88bc53,
C:\Users\tyler\Desktop\GitHub\HUNT-BUILDER\pipeline\RAW\hunt_unit_database\2025\pdf\harvest_report\ELK\2024 ELK BY UNIT 2024.pdf,2024 ELK BY UNIT 2024.pdf,504578,072c9df50bebc094fe418809e46205f12647446f5e78ee5a7a381f84501334a0,
C:\Users\tyler\Desktop\GitHub\HUNT-BUILDER\pipeline\RAW\hunt_unit_database\2025\pdf\harvest_report\ELK\2024 ELK BY UNIT HISTORICAL 2015–2024.pdf,2024 ELK BY UNIT HISTORICAL 2015–2024.pdf,90507,6c85ee63b88aa5bb3469f0db9b0f7f73acd5b17f37cf7bc44f74e1f65a64afef,
C:\Users\tyler\Desktop\GitHub\HUNT-BUILDER\pipeline\RAW\hunt_unit_database\2025\pdf\harvest_report\ELK\2024 ELK CWMU bull elk harvest.pdf,2024 ELK CWMU bull elk harvest.pdf,141060,9d20070d2a53baf1841196c4a02aaf36931b7d4bf2f5a9c5a370228956f2b63e,
C:\Users\tyler\Desktop\GitHub\HUNT-BUILDER\pipeline\RAW\hunt_unit_database\2025\pdf\harvest_report\ELK\2024 ELK GENERAL EXTENDED ARCHERY HARVEST.pdf,2024 ELK GENERAL EXTENDED ARCHERY HARVEST.pdf,70857,7a38e20199731cef967983eb7e1461845de1fe05145e8067ec1a15ec9b4fd916,
C:\Users\tyler\Desktop\GitHub\HUNT-BUILDER\pipeline\RAW\hunt_unit_database\2025\pdf\harvest_report\ELK\2024 ELK GENERAL SEASON.pdf,2024 ELK GENERAL SEASON.pdf,232398,1ea8e732ab0213731414b9dd0760dc05017c476eb9a845aeed5c503dc1bcfc5f,
C:\Users\tyler\Desktop\GitHub\HUNT-BUILDER\pipeline\RAW\hunt_unit_database\2025\pdf\harvest_report\ELK\2024 ELK LIMITED ANTLERLESS.pdf,2024 ELK LIMITED ANTLERLESS.pdf,336249,f0498b59f497eca438157040d3304fc1f68a232279672432a6922aba0fc33327,
C:\Users\tyler\Desktop\GitHub\HUNT-BUILDER\pipeline\RAW\hunt_unit_database\2025\pdf\harvest_report\ELK\2024 ELK LIMITED ENTRY youth any bull hunters choice elk harvest.pdf,2024 ELK LIMITED ENTRY youth any bull hunters choice elk harvest.pdf,182361,60941ba99f26f4368702b816c4c6491f157a6d3304951469354e70a2e8fee685,
C:\Users\tyler\Desktop\GitHub\HUNT-BUILDER\pipeline\RAW\hunt_unit_database\2025\pdf\harvest_report\ELK\2024 ELK STATEWIDE STATS.pdf,2024 ELK STATEWIDE STATS.pdf,84592,f63459bb1f4fe5243ab2ca7c6c106524ff2e8c44c67cf6e5683d9b135f5e0b7d,
C:\Users\tyler\Desktop\GitHub\HUNT-BUILDER\pipeline\RAW\hunt_unit_database\2025\pdf\harvest_report\ELK\2024 ELK WINTER TREND.pdf,2024 ELK WINTER TREND.pdf,224939,da72148cebda627273bf093175e762c07dfa38c8d6e5135a40a6f5bc9337cb98,
C:\Users\tyler\Desktop\GitHub\HUNT-BUILDER\pipeline\RAW\hunt_unit_database\2025\pdf\harvest_report\ELK\2024 LIMITED ENTRY ELK HARVEST.pdf,2024 LIMITED ENTRY ELK HARVEST.pdf,315670,fd8fdb0edcf22fa8d7492e63b67ef434a1e1cdec5112b155393e0419044046f9,
C:\Users\tyler\Desktop\GitHub\HUNT-BUILDER\pipeline\RAW\hunt_unit_database\2025\pdf\harvest_report\ELK\24_elk_bg_report.pdf,24_elk_bg_report.pdf,2761086,79e8b558d9b71081b3c7b0951e30e61d95c705ee94e081127dbc73bd83977121,
C:\Users\tyler\Desktop\GitHub\HUNT-BUILDER\pipeline\RAW\hunt_unit_database\2025\pdf\harvest_report\ELK\ELK 2024 WINTER POPULATION.pdf,ELK 2024 WINTER POPULATION.pdf,83070,ca633ed4f07c5819628cfbd9c425c60951e0def007694e56d43731048544a136,
C:\Users\tyler\Desktop\GitHub\HUNT-BUILDER\pipeline\RAW\hunt_unit_database\2025\pdf\harvest_report\ELK\PRESEASON CALF ELK PER 100 COWS 2015–2024.pdf,PRESEASON CALF ELK PER 100 COWS 2015–2024.pdf,2148126,f21515ba7124357d1a141e77fac7de516fdcca74bb8c9db6ef184e3dfa19a5ae,
C:\Users\tyler\Desktop\GitHub\HUNT-BUILDER\pipeline\RAW\hunt_unit_database\2025\pdf\harvest_report\Moose\2024 oil moose and antlerless moose.pdf,2024 oil moose and antlerless moose.pdf,76523,86bef2d1eb6ded13c8181fe58929ea3d150bb023db42e841bdc4c19ef6a9b730,
"C:\Users\tyler\Desktop\GitHub\HUNT-BUILDER\pipeline\RAW\hunt_unit_database\2025\pdf\harvest_report\Moose\Average age of harvested bull moose, by management unit, 2015–2024..pdf","Average age of harvested bull moose, by management unit, 2015–2024..pdf",75211,5a2db90bd36b8f2c1e053e835262a73fcbe775b0eb9f0fa89baa557a8b3009c0,
C:\Users\tyler\Desktop\GitHub\HUNT-BUILDER\pipeline\RAW\hunt_unit_database\2025\pdf\harvest_report\Moose\bull moose historical.pdf,bull moose historical.pdf,87510,75303deaafcd83f3e87a63d67c40a7213e40e29f96be9246b608447b2fb48cb6,
C:\Users\tyler\Desktop\GitHub\HUNT-BUILDER\pipeline\RAW\hunt_unit_database\2025\pdf\harvest_report\Moose\Moose winter trend count data by management unit.pdf,Moose winter trend count data by management unit.pdf,104487,9e2bb7c6ebad3f042e4e1c39eea093857050e52c7bbb201825b1b477f0f5a934,
"C:\Users\tyler\Desktop\GitHub\HUNT-BUILDER\pipeline\RAW\hunt_unit_database\2025\pdf\harvest_report\Moose\Once-in-a-lifetime bison harvest by hunt, Utah 2024.pdf","Once-in-a-lifetime bison harvest by hunt, Utah 2024.pdf",77160,017b98c69fbb2f093239a1bcfd8a4bd4d479e726267148cf576298298e515cb2,
"C:\Users\tyler\Desktop\GitHub\HUNT-BUILDER\pipeline\RAW\hunt_unit_database\2025\pdf\harvest_report\Moose\Statewide moose harvest statistics, Utah 1958–2024..pdf","Statewide moose harvest statistics, Utah 1958–2024..pdf",95263,7036d8a89fa6b8557be1e438bf6b8cc6d4ef64125fe79c4f33c18b7a905da0a1,
"C:\Users\tyler\Desktop\GitHub\HUNT-BUILDER\pipeline\RAW\hunt_unit_database\2025\pdf\harvest_report\Moose\Total moose harvest by management unit, Utah 2024..pdf","Total moose harvest by management unit, Utah 2024..pdf",72995,cef0f7ca9c4adea910b8300cd8c2cbe7c1c5e798b35f820f9199236376266dcc,
"C:\Users\tyler\Desktop\GitHub\HUNT-BUILDER\pipeline\RAW\hunt_unit_database\2025\pdf\harvest_report\Mountain Goat\Total billy mountain goat harvest by management unit, Utah 2015 to 2024.pdf","Total billy mountain goat harvest by management unit, Utah 2015 to 2024.pdf",75089,fbde13dac5bc11df3074dceec41a5557a80d7ef3cb35df00efe849db4e6debef,
"C:\Users\tyler\Desktop\GitHub\HUNT-BUILDER\pipeline\RAW\hunt_unit_database\2025\pdf\harvest_report\Mountain Goat\Total mountain goat harvest by hunt, Utah 2024.pdf","Total mountain goat harvest by hunt, Utah 2024.pdf",77484,096e06e9de3b00fee666647f9e051c354ec4690e4ecea3819e9ebe94a6ad48fd,
"C:\Users\tyler\Desktop\GitHub\HUNT-BUILDER\pipeline\RAW\hunt_unit_database\2025\pdf\harvest_report\Mountain Goat\Total nanny mountain goat harvest by management unit, Utah 2015–2024..pdf","Total nanny mountain goat harvest by management unit, Utah 2015–2024..pdf",74477,88d7e9efac522dd87faa59bc901670bf90b1675358693d71704718c6d8da1872,
C:\Users\tyler\Desktop\GitHub\HUNT-BUILDER\pipeline\RAW\hunt_unit_database\2025\pdf\harvest_report\Mule Deer\2024 DEER HARVEST HISTORY.pdf,2024 DEER HARVEST HISTORY.pdf,2146887,b775b531dc50da634819c11511aad0513868ad3148a50027d1dbe7bfd2e09ffe,
C:\Users\tyler\Desktop\GitHub\HUNT-BUILDER\pipeline\RAW\hunt_unit_database\2025\pdf\harvest_report\Mule Deer\2024 mule deer.pdf,2024 mule deer.pdf,2744313,1013878399cca2c016c491c2baec81852336320293d3f2dda6d4e281f20f2789,
"C:\Users\tyler\Desktop\GitHub\HUNT-BUILDER\pipeline\RAW\hunt_unit_database\2025\pdf\harvest_report\Mule Deer\Total antlerless deer harvest by management unit, Utah 2015–2024..pdf","Total antlerless deer harvest by management unit, Utah 2015–2024..pdf",2161152,9fa9282916d299fe2a80858f92857f12b8e47e3791e8b1c726f014b45f218568,
"C:\Users\tyler\Desktop\GitHub\HUNT-BUILDER\pipeline\RAW\hunt_unit_database\2025\pdf\harvest_report\Mule Deer\Total buck deer harvest by management unit, Utah 2015–2024..pdf","Total buck deer harvest by management unit, Utah 2015–2024..pdf",96986,9f9f82ffcf47b44c0f2af7bdff85f4902ed948c779eaab4d0431d735c3997785,
"C:\Users\tyler\Desktop\GitHub\HUNT-BUILDER\pipeline\RAW\hunt_unit_database\2025\pdf\harvest_report\Mule Deer\Total deer harvest by management unit, Utah 2024..pdf","Total deer harvest by management unit, Utah 2024..pdf",101110,c907e7afdd686253124ab7849bfcdac28a6783a9ddad115c7982a94edf098a36,
C:\Users\tyler\Desktop\GitHub\HUNT-BUILDER\pipeline\RAW\hunt_unit_database\2025\pdf\harvest_report\Pronghorn\Pronghorn data.pdf,Pronghorn data.pdf,683352,8b02c1c3c594c73c03dbd436984c4f6c803c3b861b983aafa9206b98bc4d78b7,
C:\Users\tyler\Desktop\GitHub\HUNT-BUILDER\pipeline\RAW\hunt_unit_database\2025\pdf\harvest_report\rocky mountain sheep\r.m. sheep 2024 harvest by unit.pdf,r.m. sheep 2024 harvest by unit.pdf,77673,ed380919970757e585d867146e3e44c5ec720a03dcce291157c3dcc11c11b4a7,
C:\Users\tyler\Desktop\GitHub\HUNT-BUILDER\pipeline\RAW\hunt_unit_database\2026\formatted_pdf\2026_ANTLERLESS_DEER_formatted.pdf,2026_ANTLERLESS_DEER_formatted.pdf,6797,a4c1e7a3f12ad8c8c8e0653182466a02be77289b6dfcffd2639a26bdb8b64da3,
C:\Users\tyler\Desktop\GitHub\HUNT-BUILDER\pipeline\RAW\hunt_unit_database\2026\formatted_pdf\2026_antlerless_elk_general_season.pdf,2026_antlerless_elk_general_season.pdf,20821,3c3b781fd5393bfdd2a62da880aadc8ac0b1167b8c84f0f33be5100f92898c35,
C:\Users\tyler\Desktop\GitHub\HUNT-BUILDER\pipeline\RAW\hunt_unit_database\2026\formatted_pdf\2026_bison_cow.pdf,2026_bison_cow.pdf,2943,61e2b6b44286056ea0c1704a4c1847237ab9658a35cdf30e2f1f614d2b64ddee,
C:\Users\tyler\Desktop\GitHub\HUNT-BUILDER\pipeline\RAW\hunt_unit_database\2026\formatted_pdf\2026_bison_hunter_choice.pdf,2026_bison_hunter_choice.pdf,4014,7b8c1e2ce0aab71ed6450f653dfc959e1a104db46dc23269ca53be90354dc18d,
C:\Users\tyler\Desktop\GitHub\HUNT-BUILDER\pipeline\RAW\hunt_unit_database\2026\formatted_pdf\2026_black_bear.pdf,2026_black_bear.pdf,22001,4bd9efc8ea360345207fff9db328aba19160e38aeb7b74a618e6af3a07d3334e,
C:\Users\tyler\Desktop\GitHub\HUNT-BUILDER\pipeline\RAW\hunt_unit_database\2026\formatted_pdf\2026_cougar.pdf,2026_cougar.pdf,2374,71e2605e327fd45316a91dee703c427ae1e42d2e8a32c9a1317b5b306eb56d6e,
C:\Users\tyler\Desktop\GitHub\HUNT-BUILDER\pipeline\RAW\hunt_unit_database\2026\formatted_pdf\2026_deer_antlerless.pdf,2026_deer_antlerless.pdf,5822,c76559d2ddc403b7e3f4afeb4f541a065e4f0581133467ec02ed90bb980856e4,
C:\Users\tyler\Desktop\GitHub\HUNT-BUILDER\pipeline\RAW\hunt_unit_database\2026\formatted_pdf\2026_deer_antlerless_cwmu.pdf,2026_deer_antlerless_cwmu.pdf,2783,302e59a3048515a0290b544eb37a974228d28438f4172f5cc16a90f54c2bea35,
C:\Users\tyler\Desktop\GitHub\HUNT-BUILDER\pipeline\RAW\hunt_unit_database\2026\formatted_pdf\2026_deer_archery_extended.pdf,2026_deer_archery_extended.pdf,2469,2ff45610b5eaaae5e6529c394e28d1735bdabbc27cb9cfd41fcb6ff0c1a9d247,
C:\Users\tyler\Desktop\GitHub\HUNT-BUILDER\pipeline\RAW\hunt_unit_database\2026\formatted_pdf\2026_deer_buck.pdf,2026_deer_buck.pdf,74968,64884fddbb252ef8f8cb94a450958cef938cb7892e12f62403d49f4866af8a16,
C:\Users\tyler\Desktop\GitHub\HUNT-BUILDER\pipeline\RAW\hunt_unit_database\2026\formatted_pdf\2026_deer_buck_cactus.pdf,2026_deer_buck_cactus.pdf,2396,579e130c93892ae36cf037e1849bd50e86f9fe079353210f299d1287bb978d32,
C:\Users\tyler\Desktop\GitHub\HUNT-BUILDER\pipeline\RAW\hunt_unit_database\2026\formatted_pdf\2026_deer_buck_conservation.pdf,2026_deer_buck_conservation.pdf,2873,2ba3b076f6c690bcf46faa41868f41784f3b9e0bf5aa3d24e6b81cdd8f8c9cf9,
C:\Users\tyler\Desktop\GitHub\HUNT-BUILDER\pipeline\RAW\hunt_unit_database\2026\formatted_pdf\2026_deer_buck_cwmu.pdf,2026_deer_buck_cwmu.pdf,19305,dccba953d4b041d1de825b9adb19197e72fca44363bac526eec48ff94bbd0709,
C:\Users\tyler\Desktop\GitHub\HUNT-BUILDER\pipeline\RAW\hunt_unit_database\2026\formatted_pdf\2026_deer_buck_limited_entry.pdf,2026_deer_buck_limited_entry.pdf,13452,c3ab51912dd2f312e12d207e884d4cceae1a8c50234b1bc6676bd877aceee24d,
C:\Users\tyler\Desktop\GitHub\HUNT-BUILDER\pipeline\RAW\hunt_unit_database\2026\formatted_pdf\2026_deer_buck_limited_entry_management_buck.pdf,2026_deer_buck_limited_entry_management_buck.pdf,2960,79ce25dedd532a475cff545bd436fcfb91263297e791498e2cddee45a1f10b0d,
C:\Users\tyler\Desktop\GitHub\HUNT-BUILDER\pipeline\RAW\hunt_unit_database\2026\formatted_pdf\2026_deer_buck_limited_entry_private_lands_only.pdf,2026_deer_buck_limited_entry_private_lands_only.pdf,3388,d1f722cb7ac8afbbaf3797a3d02bca74ea605feae4b8236664d2e138fa852ef4,
C:\Users\tyler\Desktop\GitHub\HUNT-BUILDER\pipeline\RAW\hunt_unit_database\2026\formatted_pdf\2026_deer_buck_premium_limited_entry.pdf,2026_deer_buck_premium_limited_entry.pdf,3515,3a0935f068d9b50d1bfd774a480ff512c6299af59cd4ebd7780e8b53828ce274,
C:\Users\tyler\Desktop\GitHub\HUNT-BUILDER\pipeline\RAW\hunt_unit_database\2026\formatted_pdf\2026_deer_buck_statewide.pdf,2026_deer_buck_statewide.pdf,2443,145b76e495ca423ab18023a8333378a65c8e0893845ad1815ad091c094743715,
C:\Users\tyler\Desktop\GitHub\HUNT-BUILDER\pipeline\RAW\hunt_unit_database\2026\formatted_pdf\2026_deer_general_season.pdf,2026_deer_general_season.pdf,24899,2d96d4100ba4de5e455e8a12e1b23dea2cac48e0e7be04291b41017c140ed27a,
C:\Users\tyler\Desktop\GitHub\HUNT-BUILDER\pipeline\RAW\hunt_unit_database\2026\formatted_pdf\2026_deer_general_season_private_lands.pdf,2026_deer_general_season_private_lands.pdf,4330,d1c373544f1224cbf6b5e321598f5aa096b2e4786b4df8a1b9a7a6ca1d794f3f,
C:\Users\tyler\Desktop\GitHub\HUNT-BUILDER\pipeline\RAW\hunt_unit_database\2026\formatted_pdf\2026_deer_hunter_choice.pdf,2026_deer_hunter_choice.pdf,2470,25bfbc5cf0de933ddb0b5f7a4e3aaa01d5a6f38fddf0ec0c1836b99bfcc40716,
C:\Users\tyler\Desktop\GitHub\HUNT-BUILDER\pipeline\RAW\hunt_unit_database\2026\formatted_pdf\2026_desert_bighorn_ram.pdf,2026_desert_bighorn_ram.pdf,6266,177b9dee15b6090fc597af1cbd4e46f4defb1fddb3e3180b99c5f4d64d59355d,
C:\Users\tyler\Desktop\GitHub\HUNT-BUILDER\pipeline\RAW\hunt_unit_database\2026\formatted_pdf\2026_elk_antlerless.pdf,2026_elk_antlerless.pdf,33786,40b01ce32551a3a27b4be191a5095e2ac6b9c86783b1855bac09006384702c1d,
C:\Users\tyler\Desktop\GitHub\HUNT-BUILDER\pipeline\RAW\hunt_unit_database\2026\formatted_pdf\2026_elk_antlerless_conservation.pdf,2026_elk_antlerless_conservation.pdf,2920,91be6727f8a448db1c5ed864d39243c0dc5c5a88e865c6006da4e7321f134f37,
C:\Users\tyler\Desktop\GitHub\HUNT-BUILDER\pipeline\RAW\hunt_unit_database\2026\formatted_pdf\2026_elk_antlerless_CWMU.pdf,2026_elk_antlerless_CWMU.pdf,11895,eb775cd132b20b67b4b57057904fc6686c461c3fb49eafef0d7b5a5708dc4f63,
C:\Users\tyler\Desktop\GitHub\HUNT-BUILDER\pipeline\RAW\hunt_unit_database\2026\formatted_pdf\2026_elk_antlerless_privatelandsonly.pdf,2026_elk_antlerless_privatelandsonly.pdf,6373,0c687af3b10a1bbf481cc0814ac80802dbcaeeb2935323b0edd2f22bcc34a838,
C:\Users\tyler\Desktop\GitHub\HUNT-BUILDER\pipeline\RAW\hunt_unit_database\2026\formatted_pdf\2026_elk_archery_extended.pdf,2026_elk_archery_extended.pdf,2389,6d1b564c6bce4fe15029413f314d6a4464deee4d470f124f71dafa22ddfa07c6,
C:\Users\tyler\Desktop\GitHub\HUNT-BUILDER\pipeline\RAW\hunt_unit_database\2026\formatted_pdf\2026_elk_bull_all 2.pdf,2026_elk_bull_all 2.pdf,192351,e1b415f05c04c4309515a36d7d19b6856c3ffe380e6be68d43da3d703fbeb2a7,
C:\Users\tyler\Desktop\GitHub\HUNT-BUILDER\pipeline\RAW\hunt_unit_database\2026\formatted_pdf\2026_elk_bull_all.pdf,2026_elk_bull_all.pdf,58419,8d01b02c3ec6238ec73d9532e9548266c460e574a2a1074692836ccfe0137b9f,
C:\Users\tyler\Desktop\GitHub\HUNT-BUILDER\pipeline\RAW\hunt_unit_database\2026\formatted_pdf\2026_elk_bull_conservation_permit.pdf,2026_elk_bull_conservation_permit.pdf,2653,362b807ffd6e46d3b34ae5d03bcca4f73bc248aa070a8f379f468f45a4b0656b,
C:\Users\tyler\Desktop\GitHub\HUNT-BUILDER\pipeline\RAW\hunt_unit_database\2026\formatted_pdf\2026_elk_bull_cwmu.pdf,2026_elk_bull_cwmu.pdf,12356,186c3d5f3164c4e2b520b4ff8f462b2983f75c8b3be8d9440bb6faeb35bc5892,
C:\Users\tyler\Desktop\GitHub\HUNT-BUILDER\pipeline\RAW\hunt_unit_database\2026\formatted_pdf\2026_elk_bull_general_anybull.pdf,2026_elk_bull_general_anybull.pdf,3019,d02ce417d30195775baa64207397a68e1df1605b6eda411cb119675f2099232e,
C:\Users\tyler\Desktop\GitHub\HUNT-BUILDER\pipeline\RAW\hunt_unit_database\2026\formatted_pdf\2026_elk_general_anybull_youth.pdf,2026_elk_general_anybull_youth.pdf,2570,fe52c26d8b69354f23a0fbaf3fe8b855b5d6b59d7e0848ac16417ca9091d6f6e,
C:\Users\tyler\Desktop\GitHub\HUNT-BUILDER\pipeline\RAW\hunt_unit_database\2026\formatted_pdf\2026_elk_general_archery.pdf,2026_elk_general_archery.pdf,2487,095d7bd9bf7442cf67397060794a9a1599ac292b290c6e8a705ed61c66a5bd65,
C:\Users\tyler\Desktop\GitHub\HUNT-BUILDER\pipeline\RAW\hunt_unit_database\2026\formatted_pdf\2026_elk_general_spikeonly.pdf,2026_elk_general_spikeonly.pdf,2790,7b8c72326bffca16dcd07d87564d9f2b26c0d3adef57fc65c189d4a3a43f1eae,
C:\Users\tyler\Desktop\GitHub\HUNT-BUILDER\pipeline\RAW\hunt_unit_database\2026\formatted_pdf\2026_elk_limitedentry_maturebull.pdf,2026_elk_limitedentry_maturebull.pdf,27811,8ceb9ac330aeb012e17bc5dc23d530b6863c35a5ecc3ccddee57b047258c5cd9,
C:\Users\tyler\Desktop\GitHub\HUNT-BUILDER\pipeline\RAW\hunt_unit_database\2026\formatted_pdf\2026_elk_limitedentry_maturebull_privatelands.pdf,2026_elk_limitedentry_maturebull_privatelands.pdf,23089,b48209402e828f54dccf107bd498c6177f746f61ad9e903b0b8b5a20989b0fbd,
C:\Users\tyler\Desktop\GitHub\HUNT-BUILDER\pipeline\RAW\hunt_unit_database\2026\formatted_pdf\2026_elk_limitedentry_statewide.pdf,2026_elk_limitedentry_statewide.pdf,2439,bf2b7003f7017829e03822da4bedf78418a90458f655cb1f9e9a473f4e6e9389,
C:\Users\tyler\Desktop\GitHub\HUNT-BUILDER\pipeline\RAW\hunt_unit_database\2026\formatted_pdf\2026_goat_hunter_choice .pdf,2026_goat_hunter_choice .pdf,4230,e49ed5852022f7fa7e904620c5a6a3c91a1a38e8497fa60ed6de9869e83c752d,
C:\Users\tyler\Desktop\GitHub\HUNT-BUILDER\pipeline\RAW\hunt_unit_database\2026\formatted_pdf\2026_moose_bull.pdf,2026_moose_bull.pdf,6480,fc52003f31798c2f24fb49709dfe2251e2f689244842a3044ba31da6c4f1482c,
C:\Users\tyler\Desktop\GitHub\HUNT-BUILDER\pipeline\RAW\hunt_unit_database\2026\formatted_pdf\2026_moose_cow.pdf,2026_moose_cow.pdf,2710,69f23c7101f4dd966ee42cac8b50604e42359a39e60c1bf74b69484f01496d46,
C:\Users\tyler\Desktop\GitHub\HUNT-BUILDER\pipeline\RAW\hunt_unit_database\2026\formatted_pdf\2026_sheep_desert_ram.pdf,2026_sheep_desert_ram.pdf,6262,52edb6248ad56f5482cf6dab33b8c950e80f0d2e75ea6365cafc219fa4d25fde,
C:\Users\tyler\Desktop\GitHub\HUNT-BUILDER\pipeline\RAW\hunt_unit_database\2026\formatted_pdf\2026_sheep_rocky_mountain_ewe.pdf,2026_sheep_rocky_mountain_ewe.pdf,2454,a54cee1f51e345426e2cce534adb81ca16c80e07f2bb89dfcd62f5b07700319b,
C:\Users\tyler\Desktop\GitHub\HUNT-BUILDER\pipeline\RAW\hunt_unit_database\2026\formatted_pdf\2026_sheep_rocky_mountain_ram.pdf,2026_sheep_rocky_mountain_ram.pdf,6272,4e4c843c051b16342d2b3bb5ccebbf2ca69a48aff5fbe1e9c6ba02edd237bb94,
C:\Users\tyler\Desktop\GitHub\HUNT-BUILDER\pipeline\RAW\hunt_unit_database\2026\formatted_pdf\2026_turkey_bearded.pdf,2026_turkey_bearded.pdf,3902,d0c8379f1c0ded0f459f1f6ee733d748c4068b5c65b2d70e85a745f1a3a0b028,
C:\Users\tyler\Desktop\GitHub\HUNT-BUILDER\pipeline\RAW\hunt_unit_database\2026\formatted_pdf\2026_turkey_either_sex.pdf,2026_turkey_either_sex.pdf,2822,13d0464fb1e9ba2219e5e50ae98b5c9ee75817580c22f5ecbdd83d296ad89f0a,
C:\Users\tyler\Desktop\GitHub\HUNT-BUILDER\pipeline\RAW\hunt_unit_database\2026\formatted_pdf\2026_utah_dwr_hunt_matrix.pdf,2026_utah_dwr_hunt_matrix.pdf,227005,88dabf223b33cf03fb9f21fcbb37ed904ffba7e3800759e69c16caa6c6d4bca7,
C:\Users\tyler\Desktop\GitHub\HUNT-BUILDER\pipeline\RAW\hunt_unit_database\2026\json\2025-26 Upland Game Turkey.pdf,2025-26 Upland Game Turkey.pdf,6395849,513951a6990b44de9af85c597a96b552f22cf0ec83f16d22f02398e14bc461ae,
C:\Users\tyler\Desktop\GitHub\HUNT-BUILDER\pipeline\RAW\hunt_unit_database\2026\xlsx\2025  Expo Permits Draw Results.pdf,2025  Expo Permits Draw Results.pdf,143245,c83c2bd49b011cb669dad3c533b7f2711eb961c4b33de9693e54558669f90627,
C:\Users\tyler\Desktop\GitHub\HUNT-BUILDER\pipeline\RAW\hunt_unit_database\2026\bible_truth\pdf\2026_PERMITS=2027_MODEL__BEAR DRAW RESULTS.pdf,2026_PERMITS=2027_MODEL__BEAR DRAW RESULTS.pdf,461547,a4a1ed700228acad1c4c7787e0d219f3191adfa65d6eee1295977bb140320677,
C:\Users\tyler\Desktop\GitHub\HUNT-BUILDER\pipeline\RAW\hunt_unit_database\2026\bible_truth\pdf\2026_PERMITS=2027_MODEL__BEAR RESTRICTED PURSUIT DRAW RESULTS.pdf,2026_PERMITS=2027_MODEL__BEAR RESTRICTED PURSUIT DRAW RESULTS.pdf,148678,31cf8ecd736ede4e9fe368c52cd054ab7fc0b93d92f1f9db92e47cec7ac66fb1,
C:\Users\tyler\Desktop\GitHub\HUNT-BUILDER\pipeline\RAW\hunt_unit_database\2026\bible_truth\pdf\2026_PERMITS=2027_MODEL__D.H. DEER DRAW RESULTS.pdf,2026_PERMITS=2027_MODEL__D.H. DEER DRAW RESULTS.pdf,223580,b478b3749b0cf83374c89eb2d86e457a3e33e0d8b824d5817b669ba08d29a5d8,
C:\Users\tyler\Desktop\GitHub\HUNT-BUILDER\pipeline\RAW\hunt_unit_database\2026\bible_truth\pdf\2026_PERMITS=2027_MODEL__D.H. DEER DRAW RESULTS2.pdf,2026_PERMITS=2027_MODEL__D.H. DEER DRAW RESULTS2.pdf,635889,fc7cfd953d22573f4fd8e4f57dd13578923647c5eae9b3a28838e5c09eb56727,
C:\Users\tyler\Desktop\GitHub\HUNT-BUILDER\pipeline\RAW\hunt_unit_database\2026\bible_truth\pdf\2026_PERMITS=2027_MODEL__G.S. BUCK DEER DRAW RESULTS.pdf,2026_PERMITS=2027_MODEL__G.S. BUCK DEER DRAW RESULTS.pdf,545006,1b1df93b56f088cfbd1ef4b8a721e46641e5537d9561eccc5ff538fe4b9d42c7,
C:\Users\tyler\Desktop\GitHub\HUNT-BUILDER\pipeline\RAW\hunt_unit_database\2026\bible_truth\pdf\2026_PERMITS=2027_MODEL__L.E. DEER.pdf,2026_PERMITS=2027_MODEL__L.E. DEER.pdf,902500,29af9f06eab1073e0f23131a06cd7390b65704f475da387abb8c4da9f2aaaf32,
C:\Users\tyler\Desktop\GitHub\HUNT-BUILDER\pipeline\RAW\hunt_unit_database\2026\bible_truth\pdf\2026_PERMITS=2027_MODEL__L.E. ELK.pdf,2026_PERMITS=2027_MODEL__L.E. ELK.pdf,1116693,687ab01782b0dbce771e096ebe83a6c8cc4c6c079defc80122139fcb0e184670,
C:\Users\tyler\Desktop\GitHub\HUNT-BUILDER\pipeline\RAW\hunt_unit_database\2026\bible_truth\pdf\2026_PERMITS=2027_MODEL__L.E. PRONGHORN.pdf,2026_PERMITS=2027_MODEL__L.E. PRONGHORN.pdf,428174,210cf2a9d8b935678b41f07940310fdb89cf10cd1d544e6bd41097f71010b8df,
C:\Users\tyler\Desktop\GitHub\HUNT-BUILDER\pipeline\RAW\hunt_unit_database\2026\bible_truth\pdf\2026_PERMITS=2027_MODEL__O.I.L. BISON.pdf,2026_PERMITS=2027_MODEL__O.I.L. BISON.pdf,212582,915a05ead04429231348ded8558162694e7996bcec2b3d601c45807c60b861b0,
C:\Users\tyler\Desktop\GitHub\HUNT-BUILDER\pipeline\RAW\hunt_unit_database\2026\bible_truth\pdf\2026_PERMITS=2027_MODEL__O.I.L. BULL MOOSE.pdf,2026_PERMITS=2027_MODEL__O.I.L. BULL MOOSE.pdf,270504,87334455d4b0bc0b3d4b5fff2dc71f8cf4ef8a53b75b794ce0eb06bbfcbb9eab,
C:\Users\tyler\Desktop\GitHub\HUNT-BUILDER\pipeline\RAW\hunt_unit_database\2026\bible_truth\pdf\2026_PERMITS=2027_MODEL__O.I.L. DESERT BIGHORN SHEEP.pdf,2026_PERMITS=2027_MODEL__O.I.L. DESERT BIGHORN SHEEP.pdf,227571,9213cd21cde948d02b9d23b3d43a1e1d30df091941d3298c0807aade971d7273,
C:\Users\tyler\Desktop\GitHub\HUNT-BUILDER\pipeline\RAW\hunt_unit_database\2026\bible_truth\pdf\2026_PERMITS=2027_MODEL__O.I.L. MTN GOAT.pdf,2026_PERMITS=2027_MODEL__O.I.L. MTN GOAT.pdf,211576,6f54ca0a92619b59f1f007796f46c86cd89649111826efc174dab95af3e09ff5,
C:\Users\tyler\Desktop\GitHub\HUNT-BUILDER\pipeline\RAW\hunt_unit_database\2026\bible_truth\pdf\2026_PERMITS=2027_MODEL__O.I.L. ROCKY MTN SHEEP.pdf,2026_PERMITS=2027_MODEL__O.I.L. ROCKY MTN SHEEP.pdf,203349,1f525e8ccfc5dfa986de9a7c06d3e3927c347d0ac4dd6289244c405b195a6a43,
C:\Users\tyler\Desktop\GitHub\HUNT-BUILDER\pipeline\RAW\hunt_unit_database\2026\bible_truth\pdf\2026_PERMITS=2027_MODEL__SPORTSMAN PERMITS DRAW RESULTS.pdf,2026_PERMITS=2027_MODEL__SPORTSMAN PERMITS DRAW RESULTS.pdf,140845,30722272f372a2eb362f61868e18f861a4041b91b70733c574835e3e6089e747,
C:\Users\tyler\Desktop\GitHub\HUNT-BUILDER\pipeline\RAW\hunt_unit_database\2026\bible_truth\pdf\2026_PERMITS=2027_MODEL__TURKEY DRAW RESULTS.pdf,2026_PERMITS=2027_MODEL__TURKEY DRAW RESULTS.pdf,157655,ab490a381f02b7ff8f40fd09f306316b7296c273bdd06253f4d86aec598c8620,
C:\Users\tyler\Desktop\GitHub\HUNT-BUILDER\pipeline\RAW\hunt_unit_database\2026\bible_truth\pdf\2026_PERMITS=2027_MODEL__YOUTH G.S. MATURE BULL ELK DRAW RESULTS.pdf,2026_PERMITS=2027_MODEL__YOUTH G.S. MATURE BULL ELK DRAW RESULTS.pdf,124083,a2f5dda3f7757a40b90e7a0c3889e51b8afda27dcdb5bf318140d8b23ec5a71f,
C:\Users\tyler\Desktop\GitHub\HUNT-BUILDER\pipeline\RAW\hunt_unit_database\2026\exports\utahdraws_draw_odds_20260603\pdf\2026_big_game_05_general_season_buck_deer.pdf,2026_big_game_05_general_season_buck_deer.pdf,176369,703cd40775ca8b6c714aa15edc2491d6b1d0516b693df39504adb855a5183947,
C:\Users\tyler\Desktop\GitHub\HUNT-BUILDER\pipeline\RAW\hunt_unit_database\2026\exports\utahdraws_draw_odds_20260603\pdf\2026_big_game_06_draw_only_youth_elk.pdf,2026_big_game_06_draw_only_youth_elk.pdf,3517,639602cdc485d8d427d48afeb63e1e9219aa4f68ea0c7ab1952fa553d752eed8,
C:\Users\tyler\Desktop\GitHub\HUNT-BUILDER\pipeline\RAW\hunt_unit_database\2026\exports\utahdraws_draw_odds_20260603\pdf\2026_big_game_08_limited_entry_buck_deer.pdf,2026_big_game_08_limited_entry_buck_deer.pdf,373588,3562f9ace30ac00e7115954a31032dc862e38e6510dab7c66fdc723841dd5ad3,
C:\Users\tyler\Desktop\GitHub\HUNT-BUILDER\pipeline\RAW\hunt_unit_database\2026\exports\utahdraws_draw_odds_20260603\pdf\2026_big_game_09_limited_entry_bull_elk.pdf,2026_big_game_09_limited_entry_bull_elk.pdf,607050,08eb7e95941ca36c52527f81181c783a12696c04c107a33ed415aa1ded79e655,
C:\Users\tyler\Desktop\GitHub\HUNT-BUILDER\pipeline\RAW\hunt_unit_database\2026\exports\utahdraws_draw_odds_20260603\pdf\2026_big_game_10_limited_entry_buck_pronghorn.pdf,2026_big_game_10_limited_entry_buck_pronghorn.pdf,148460,8bd6025a823caa946c4a633d599ed44e364ae6b067753ddcb2a0406cb4ff5bdb,
C:\Users\tyler\Desktop\GitHub\HUNT-BUILDER\pipeline\RAW\hunt_unit_database\2026\exports\utahdraws_draw_odds_20260603\pdf\2026_big_game_11_bull_moose.pdf,2026_big_game_11_bull_moose.pdf,90973,6880e1b123ca3b4fe5785ea4006f162b6398a1f91639c7d937f5bb4004a991cf,
C:\Users\tyler\Desktop\GitHub\HUNT-BUILDER\pipeline\RAW\hunt_unit_database\2026\exports\utahdraws_draw_odds_20260603\pdf\2026_big_game_12_bison.pdf,2026_big_game_12_bison.pdf,58036,abb3a91407d9201a62e7e856990d7318b75ecab1139e7884f448d4fee8a7b42b,
C:\Users\tyler\Desktop\GitHub\HUNT-BUILDER\pipeline\RAW\hunt_unit_database\2026\exports\utahdraws_draw_odds_20260603\pdf\2026_big_game_13_desert_bighorn_sheep.pdf,2026_big_game_13_desert_bighorn_sheep.pdf,72174,f02051395def5146c877d7fe737f7eb542f9e87a9807a43b2c28b1a51a49232e,
C:\Users\tyler\Desktop\GitHub\HUNT-BUILDER\pipeline\RAW\hunt_unit_database\2026\exports\utahdraws_draw_odds_20260603\pdf\2026_big_game_14_rocky_mtn_bighorn_sheep.pdf,2026_big_game_14_rocky_mtn_bighorn_sheep.pdf,54845,7ae27ed3e64a9b806880067be2e0ccd1f8b49cd0b0ff014b99b43b2fb6cfc9d9,
C:\Users\tyler\Desktop\GitHub\HUNT-BUILDER\pipeline\RAW\hunt_unit_database\2026\exports\utahdraws_draw_odds_20260603\pdf\2026_big_game_15_mountain_goat.pdf,2026_big_game_15_mountain_goat.pdf,58485,0aa1734be05b3472331157497361d04ba75f070ea1a88cdf60c097322e6e0ecc,
C:\Users\tyler\Desktop\GitHub\HUNT-BUILDER\pipeline\RAW\hunt_unit_database\2026\exports\utahdraws_draw_odds_20260603\pdf\2026_big_game_32_dedicated_hunter_buck_deer.pdf,2026_big_game_32_dedicated_hunter_buck_deer.pdf,33399,dd952ee4ca6c467011be38a3bb5fbd6b170398552078428a0b23e22c202ded64,
C:\Users\tyler\Desktop\GitHub\HUNT-BUILDER\pipeline\RAW\hunt_unit_database\2026\exports\utahdraws_draw_odds_20260603\pdf\2026_black_bear_01_black_bear.pdf,2026_black_bear_01_black_bear.pdf,154348,4a3f307a5c7018eff5bd225c3ff5cc7ef4b806ccb5a854837adb9899fe7a7ef6,
C:\Users\tyler\Desktop\GitHub\HUNT-BUILDER\pipeline\RAW\hunt_unit_database\2026\exports\utahdraws_draw_odds_20260603\pdf\2026_black_bear_16_black_bear_restricted_pursuit.pdf,2026_black_bear_16_black_bear_restricted_pursuit.pdf,12243,d4dc33ed8deea277834472d4a6b14be0a52afaba94bcec0e73bce787fa1daa9d,
C:\Users\tyler\Desktop\GitHub\HUNT-BUILDER\pipeline\RAW\hunt_unit_database\2026\exports\utahdraws_draw_odds_20260603\pdf\2026_sportsman_all.pdf,2026_sportsman_all.pdf,4943,4c9297580e378cbbcdf2e29bd95555ac2fcae0ef4ec21a6ba89f84ba59ac5dc9,
C:\Users\tyler\Desktop\GitHub\HUNT-BUILDER\pipeline\RAW\hunt_unit_database\2026\exports\utahdraws_draw_odds_20260603\pdf\2026_turkey_03_turkey.pdf,2026_turkey_03_turkey.pdf,20975,2184a8fd70e70a945f4c10090bcfc01c8ade99abbecc58f09edbe3e0fe34d78d,
C:\Users\tyler\Desktop\GitHub\HUNT-BUILDER\pipeline\RAW\hunt_unit_database\2026\exports\utahdraws_draw_odds_20260603\official_style\pdf\2026_big_game_11_bull_moose_official_style.pdf,2026_big_game_11_bull_moose_official_style.pdf,96431,00b2f22156be55fe01ea4ef80b2e6927a6077a5568a095368c3e74f6c7c0f517,
C:\Users\tyler\Desktop\GitHub\HUNT-BUILDER\pipeline\RAW\hunt_unit_database\2026\exports\utahdraws_draw_odds_20260603\official_style\pdf_2025_naming_convention\2026_PERMITS=2027_MODEL__BEAR DRAW RESULTS.pdf,2026_PERMITS=2027_MODEL__BEAR DRAW RESULTS.pdf,461547,a4a1ed700228acad1c4c7787e0d219f3191adfa65d6eee1295977bb140320677,
C:\Users\tyler\Desktop\GitHub\HUNT-BUILDER\pipeline\RAW\hunt_unit_database\2026\exports\utahdraws_draw_odds_20260603\official_style\pdf_2025_naming_convention\2026_PERMITS=2027_MODEL__BEAR RESTRICTED PURSUIT DRAW RESULTS.pdf,2026_PERMITS=2027_MODEL__BEAR RESTRICTED PURSUIT DRAW RESULTS.pdf,148678,31cf8ecd736ede4e9fe368c52cd054ab7fc0b93d92f1f9db92e47cec7ac66fb1,
C:\Users\tyler\Desktop\GitHub\HUNT-BUILDER\pipeline\RAW\hunt_unit_database\2026\exports\utahdraws_draw_odds_20260603\official_style\pdf_2025_naming_convention\2026_PERMITS=2027_MODEL__D.H. DEER DRAW RESULTS.pdf,2026_PERMITS=2027_MODEL__D.H. DEER DRAW RESULTS.pdf,223580,b478b3749b0cf83374c89eb2d86e457a3e33e0d8b824d5817b669ba08d29a5d8,
C:\Users\tyler\Desktop\GitHub\HUNT-BUILDER\pipeline\RAW\hunt_unit_database\2026\exports\utahdraws_draw_odds_20260603\official_style\pdf_2025_naming_convention\2026_PERMITS=2027_MODEL__G.S. BUCK DEER DRAW RESULTS.pdf,2026_PERMITS=2027_MODEL__G.S. BUCK DEER DRAW RESULTS.pdf,545006,1b1df93b56f088cfbd1ef4b8a721e46641e5537d9561eccc5ff538fe4b9d42c7,
C:\Users\tyler\Desktop\GitHub\HUNT-BUILDER\pipeline\RAW\hunt_unit_database\2026\exports\utahdraws_draw_odds_20260603\official_style\pdf_2025_naming_convention\2026_PERMITS=2027_MODEL__L.E. DEER.pdf,2026_PERMITS=2027_MODEL__L.E. DEER.pdf,902500,29af9f06eab1073e0f23131a06cd7390b65704f475da387abb8c4da9f2aaaf32,
C:\Users\tyler\Desktop\GitHub\HUNT-BUILDER\pipeline\RAW\hunt_unit_database\2026\exports\utahdraws_draw_odds_20260603\official_style\pdf_2025_naming_convention\2026_PERMITS=2027_MODEL__L.E. ELK.pdf,2026_PERMITS=2027_MODEL__L.E. ELK.pdf,1116693,687ab01782b0dbce771e096ebe83a6c8cc4c6c079defc80122139fcb0e184670,
C:\Users\tyler\Desktop\GitHub\HUNT-BUILDER\pipeline\RAW\hunt_unit_database\2026\exports\utahdraws_draw_odds_20260603\official_style\pdf_2025_naming_convention\2026_PERMITS=2027_MODEL__L.E. PRONGHORN.pdf,2026_PERMITS=2027_MODEL__L.E. PRONGHORN.pdf,428174,210cf2a9d8b935678b41f07940310fdb89cf10cd1d544e6bd41097f71010b8df,
C:\Users\tyler\Desktop\GitHub\HUNT-BUILDER\pipeline\RAW\hunt_unit_database\2026\exports\utahdraws_draw_odds_20260603\official_style\pdf_2025_naming_convention\2026_PERMITS=2027_MODEL__O.I.L. BISON.pdf,2026_PERMITS=2027_MODEL__O.I.L. BISON.pdf,212582,915a05ead04429231348ded8558162694e7996bcec2b3d601c45807c60b861b0,
C:\Users\tyler\Desktop\GitHub\HUNT-BUILDER\pipeline\RAW\hunt_unit_database\2026\exports\utahdraws_draw_odds_20260603\official_style\pdf_2025_naming_convention\2026_PERMITS=2027_MODEL__O.I.L. BULL MOOSE.pdf,2026_PERMITS=2027_MODEL__O.I.L. BULL MOOSE.pdf,270504,87334455d4b0bc0b3d4b5fff2dc71f8cf4ef8a53b75b794ce0eb06bbfcbb9eab,
C:\Users\tyler\Desktop\GitHub\HUNT-BUILDER\pipeline\RAW\hunt_unit_database\2026\exports\utahdraws_draw_odds_20260603\official_style\pdf_2025_naming_convention\2026_PERMITS=2027_MODEL__O.I.L. DESERT BIGHORN SHEEP.pdf,2026_PERMITS=2027_MODEL__O.I.L. DESERT BIGHORN SHEEP.pdf,227571,9213cd21cde948d02b9d23b3d43a1e1d30df091941d3298c0807aade971d7273,
C:\Users\tyler\Desktop\GitHub\HUNT-BUILDER\pipeline\RAW\hunt_unit_database\2026\exports\utahdraws_draw_odds_20260603\official_style\pdf_2025_naming_convention\2026_PERMITS=2027_MODEL__O.I.L. MTN GOAT.pdf,2026_PERMITS=2027_MODEL__O.I.L. MTN GOAT.pdf,211576,6f54ca0a92619b59f1f007796f46c86cd89649111826efc174dab95af3e09ff5,
C:\Users\tyler\Desktop\GitHub\HUNT-BUILDER\pipeline\RAW\hunt_unit_database\2026\exports\utahdraws_draw_odds_20260603\official_style\pdf_2025_naming_convention\2026_PERMITS=2027_MODEL__O.I.L. ROCKY MTN SHEEP.pdf,2026_PERMITS=2027_MODEL__O.I.L. ROCKY MTN SHEEP.pdf,203349,1f525e8ccfc5dfa986de9a7c06d3e3927c347d0ac4dd6289244c405b195a6a43,
C:\Users\tyler\Desktop\GitHub\HUNT-BUILDER\pipeline\RAW\hunt_unit_database\2026\exports\utahdraws_draw_odds_20260603\official_style\pdf_2025_naming_convention\2026_PERMITS=2027_MODEL__SPORTSMAN PERMITS DRAW RESULTS.pdf,2026_PERMITS=2027_MODEL__SPORTSMAN PERMITS DRAW RESULTS.pdf,140845,30722272f372a2eb362f61868e18f861a4041b91b70733c574835e3e6089e747,
C:\Users\tyler\Desktop\GitHub\HUNT-BUILDER\pipeline\RAW\hunt_unit_database\2026\exports\utahdraws_draw_odds_20260603\official_style\pdf_2025_naming_convention\2026_PERMITS=2027_MODEL__TURKEY DRAW RESULTS.pdf,2026_PERMITS=2027_MODEL__TURKEY DRAW RESULTS.pdf,157655,ab490a381f02b7ff8f40fd09f306316b7296c273bdd06253f4d86aec598c8620,
C:\Users\tyler\Desktop\GitHub\HUNT-BUILDER\pipeline\RAW\hunt_unit_database\2026\exports\utahdraws_draw_odds_20260603\official_style\pdf_2025_naming_convention\2026_PERMITS=2027_MODEL__YOUTH G.S. MATURE BULL ELK DRAW RESULTS.pdf,2026_PERMITS=2027_MODEL__YOUTH G.S. MATURE BULL ELK DRAW RESULTS.pdf,124083,a2f5dda3f7757a40b90e7a0c3889e51b8afda27dcdb5bf318140d8b23ec5a71f,
C:\Users\tyler\Desktop\GitHub\HUNT-BUILDER\pipeline\RAW\hunt_unit_database\2026\exports\utahdraws_draw_odds_20260603\official_style\xlsx_by_species\2026_big_game_32_dedicated_hunter_buck_deer_official_style.pdf,2026_big_game_32_dedicated_hunter_buck_deer_official_style.pdf,375516,1b3877b4c57320a2c482b8c89acaa0df415ccf371ef28bec59c83228ce59baab,
C:\Users\tyler\Desktop\GitHub\HUNT-BUILDER\pipeline\RAW\hunt_unit_database\2026\pdf\Conservation Permits\2025-27 Conservation Permits.pdf,2025-27 Conservation Permits.pdf,237573,cf3bd8b1d2d246d350fc510291bb7a9b75c5989496e415b2c0923f895c008c28,
C:\Users\tyler\Desktop\GitHub\HUNT-BUILDER\pipeline\RAW\hunt_unit_database\2026\pdf\current_year_permit_numbers\2026_ANTLERLESS_DEER.pdf,2026_ANTLERLESS_DEER.pdf,46651,c4c6e263b9201003199f5a6339843439be2fa0ce18865442eeb3f41fcd50e3c6,
C:\Users\tyler\Desktop\GitHub\HUNT-BUILDER\pipeline\RAW\hunt_unit_database\2026\pdf\current_year_permit_numbers\2026_bison_cow_only.pdf,2026_bison_cow_only.pdf,47508,55c4e360431e9bdb8be439dd4acb8d57ee42148f77a79c27b82b5f966922bc74,
C:\Users\tyler\Desktop\GitHub\HUNT-BUILDER\pipeline\RAW\hunt_unit_database\2026\pdf\current_year_permit_numbers\2026_BUCK_DEER.pdf,2026_BUCK_DEER.pdf,402662,a47723ab004d61d4d39f4589e00c5d457a2d51f5e5145055baff0fdf75b5803f,
C:\Users\tyler\Desktop\GitHub\HUNT-BUILDER\pipeline\RAW\hunt_unit_database\2026\pdf\current_year_permit_numbers\2026_buck_deer_total.pdf,2026_buck_deer_total.pdf,242330,a2ad3fe983c883e6a9ccbaf5140ee9e6749159abfff58457822bb74da3a1b823,
C:\Users\tyler\Desktop\GitHub\HUNT-BUILDER\pipeline\RAW\hunt_unit_database\2026\pdf\current_year_permit_numbers\2026_deer_antlerless.pdf,2026_deer_antlerless.pdf,53007,eb2cbc7095592a4997d70db8c0f23fc7f3094def82fbfd188680b4856dba7da6,
C:\Users\tyler\Desktop\GitHub\HUNT-BUILDER\pipeline\RAW\hunt_unit_database\2026\pdf\current_year_permit_numbers\2026_deer_buck_cactus.pdf,2026_deer_buck_cactus.pdf,21131,b66aab00c040388ef1946a5dfd989443704990a24d0b399170b8ef92f6ca1642,
C:\Users\tyler\Desktop\GitHub\HUNT-BUILDER\pipeline\RAW\hunt_unit_database\2026\pdf\current_year_permit_numbers\2026_deer_buck_conservation.pdf,2026_deer_buck_conservation.pdf,25264,ec6c2ab9c9cd71f33c8e251f517663de60dc78f3580b9520d37587a301a9ec91,
C:\Users\tyler\Desktop\GitHub\HUNT-BUILDER\pipeline\RAW\hunt_unit_database\2026\pdf\current_year_permit_numbers\2026_deer_buck_cwmu.pdf,2026_deer_buck_cwmu.pdf,110773,84bd63ae7019c8a5d237fd42decbf2d027bf601b4052ac16e7addd147236949c,
C:\Users\tyler\Desktop\GitHub\HUNT-BUILDER\pipeline\RAW\hunt_unit_database\2026\pdf\current_year_permit_numbers\2026_deer_buck_limited_entry.pdf,2026_deer_buck_limited_entry.pdf,80496,576f1d9ac678cd01d539672a0787532b5c51d8a474dc5becc0b4ca0e7a4b852d,
C:\Users\tyler\Desktop\GitHub\HUNT-BUILDER\pipeline\RAW\hunt_unit_database\2026\pdf\current_year_permit_numbers\2026_deer_buck_limited_entry_management_buck.pdf,2026_deer_buck_limited_entry_management_buck.pdf,26209,feaba599718801d7a65b17fa614f8dabee70f227aa1658cbcf58a882e49fbd3a,
C:\Users\tyler\Desktop\GitHub\HUNT-BUILDER\pipeline\RAW\hunt_unit_database\2026\pdf\current_year_permit_numbers\2026_deer_buck_limited_entry_private_lands_only.pdf,2026_deer_buck_limited_entry_private_lands_only.pdf,28093,55ac214187944527b0c4f9164bb9a50ef7f8e0b2d92ac7a41ea653da18aa0807,
C:\Users\tyler\Desktop\GitHub\HUNT-BUILDER\pipeline\RAW\hunt_unit_database\2026\pdf\current_year_permit_numbers\2026_deer_buck_premium_limited_entry.pdf,2026_deer_buck_premium_limited_entry.pdf,30548,c210b4d57f293920d5f70701eeba9db8eb2de10900d95da65b5e29de9eb46951,
C:\Users\tyler\Desktop\GitHub\HUNT-BUILDER\pipeline\RAW\hunt_unit_database\2026\pdf\current_year_permit_numbers\2026_deer_buck_statewide.pdf,2026_deer_buck_statewide.pdf,21423,a42c4b32033a07d4822411dcfd5a2399d1ea97dc557f5cb31e9d50566903a21f,
C:\Users\tyler\Desktop\GitHub\HUNT-BUILDER\pipeline\RAW\hunt_unit_database\2026\pdf\current_year_permit_numbers\2026_deer_general_season.pdf,2026_deer_general_season.pdf,138360,6e716492cf5f86ab9791ec85693bf5bcd5cd7d264c135d5bd179d5d297b63428,
C:\Users\tyler\Desktop\GitHub\HUNT-BUILDER\pipeline\RAW\hunt_unit_database\2026\pdf\current_year_permit_numbers\2026_deer_general_season_private_lands.pdf,2026_deer_general_season_private_lands.pdf,35624,83d479e86ecf25e9945b3a0e544be88dc01365edc416ce984737632527cb9373,
C:\Users\tyler\Desktop\GitHub\HUNT-BUILDER\pipeline\RAW\hunt_unit_database\2026\pdf\current_year_permit_numbers\2026_deer_hunter_choice.pdf,2026_deer_hunter_choice.pdf,22477,533dc3a6f3ac705a6fd3416d9eedd39a6bcc8885375f83e826808763e3ae5ed3,
C:\Users\tyler\Desktop\GitHub\HUNT-BUILDER\pipeline\RAW\hunt_unit_database\2026\pdf\current_year_permit_numbers\2026_DOE_PRONGHORN.pdf,2026_DOE_PRONGHORN.pdf,45909,c27e14fb85804a8472c1a0f7de8926d766f36dd65a0ee08980cce8ce17291173,
C:\Users\tyler\Desktop\GitHub\HUNT-BUILDER\pipeline\RAW\hunt_unit_database\2026\pdf\current_year_permit_numbers\2026_elk_all.pdf,2026_elk_all.pdf,251622,817486236df28dcf721ce31ee9746ef497c638f5ec34f95fe1e24d32281e5718,
C:\Users\tyler\Desktop\GitHub\HUNT-BUILDER\pipeline\RAW\hunt_unit_database\2026\pdf\current_year_permit_numbers\2026_elk_antlerless.pdf,2026_elk_antlerless.pdf,115937,8e29d5857c76cad273a8758844479173cb1472322e404896b64ef58c10a77b9a,
C:\Users\tyler\Desktop\GitHub\HUNT-BUILDER\pipeline\RAW\hunt_unit_database\2026\pdf\current_year_permit_numbers\2026_elk_bull_cwmu.pdf,2026_elk_bull_cwmu.pdf,67764,99276f4e91b7181ab9a92acb72d05fe852b9927c55b8f3e105285369c1352d73,
C:\Users\tyler\Desktop\GitHub\HUNT-BUILDER\pipeline\RAW\hunt_unit_database\2026\pdf\current_year_permit_numbers\2026_elk_bull_general_anybull.pdf,2026_elk_bull_general_anybull.pdf,37420,78c3c8aaa04589d8704780eeb5830439c3c2bad183487474cdbc9bd9b5d8663d,
C:\Users\tyler\Desktop\GitHub\HUNT-BUILDER\pipeline\RAW\hunt_unit_database\2026\pdf\current_year_permit_numbers\2026_elk_bull_limited_entry.pdf,2026_elk_bull_limited_entry.pdf,96355,6368db67275c2c13555dcf3cacd55fdc19a1be4252b94d168bd92b25aabfdc69,
C:\Users\tyler\Desktop\GitHub\HUNT-BUILDER\pipeline\RAW\hunt_unit_database\2026\pdf\current_year_permit_numbers\2026_MOUNTAIN_GOAT.pdf,2026_MOUNTAIN_GOAT.pdf,44743,d6365046bf0511f3787d54e8064dfaa9eaa684669e996b90d8a8896b30f98c89,
C:\Users\tyler\Desktop\GitHub\HUNT-BUILDER\pipeline\RAW\hunt_unit_database\2026\pdf\current_year_permit_numbers\black bear.pdf,black bear.pdf,132902,58b6b3b1ce3d0f255060fa1108669cee4f78fa90eee59387932dd7133db96189,
C:\Users\tyler\Desktop\GitHub\HUNT-BUILDER\pipeline\RAW\hunt_unit_database\2026\pdf\current_year_permit_numbers\elk antlerless private lands.pdf,elk antlerless private lands.pdf,44539,5307d77abc99d58a01eed1cba2010cf4405ac83790efd1cf44ef8f954102310e,
C:\Users\tyler\Desktop\GitHub\HUNT-BUILDER\pipeline\RAW\hunt_unit_database\2026\pdf\draw_odds\2025  Expo Permits Draw Results.pdf,2025  Expo Permits Draw Results.pdf,656264,6fed061ed1fc7cd10acce029b1dfe96d37cdf97adf61199eae4b915722b5cdcc,
C:\Users\tyler\Desktop\GitHub\HUNT-BUILDER\pipeline\RAW\hunt_unit_database\2026\pdf\draw_odds\2025 Antlerless Draw Results.pdf,2025 Antlerless Draw Results.pdf,3534025,c212777c5326dc1145d3941765b92dbda75a830a73a771c42c13ccd78c760cfd,
C:\Users\tyler\Desktop\GitHub\HUNT-BUILDER\pipeline\RAW\hunt_unit_database\2026\pdf\draw_odds\2025 Big Game Draw Results.pdf,2025 Big Game Draw Results.pdf,12732089,65af3f1861d258fe272013db929a8a661f3059372c0bb259e1b5f90545538ef9,
C:\Users\tyler\Desktop\GitHub\HUNT-BUILDER\pipeline\RAW\hunt_unit_database\2026\pdf\draw_odds\2025 Black Bear Draw odds.pdf,2025 Black Bear Draw odds.pdf,1596390,d123fe89987f373c246e1d5879f1c5e80f925909b25909c47ab64f29c3ae2797,
C:\Users\tyler\Desktop\GitHub\HUNT-BUILDER\pipeline\RAW\hunt_unit_database\2026\pdf\draw_odds\2025 Bonus and Preference Point Purchase.pdf,2025 Bonus and Preference Point Purchase.pdf,213323,bc7e23e696d3ffbed2be3bb7b952e35a3c543373b475851a75185a69e8e4bd04,
C:\Users\tyler\Desktop\GitHub\HUNT-BUILDER\pipeline\RAW\hunt_unit_database\2026\pdf\draw_odds\2025 Buck Deer General Season.pdf,2025 Buck Deer General Season.pdf,1685706,2fa7bcb01458b7f86c4beb801d3d866aded4f9fc841ab19c1fce180ae57f35cd,
C:\Users\tyler\Desktop\GitHub\HUNT-BUILDER\pipeline\RAW\hunt_unit_database\2026\pdf\draw_odds\2025 Dedicated Hunter Draw Results.pdf,2025 Dedicated Hunter Draw Results.pdf,550654,c3de7e642912a30e795c26746d6541ed537204d5d8ac0fa789eadca3383ca762,
C:\Users\tyler\Desktop\GitHub\HUNT-BUILDER\pipeline\RAW\hunt_unit_database\2026\pdf\draw_odds\2025 Hunt Expo Draw.pdf,2025 Hunt Expo Draw.pdf,199445,3a735eb778c0947dcc6e8fac95c8eab08b70a868db722ae07415094fd954cd82,
C:\Users\tyler\Desktop\GitHub\HUNT-BUILDER\pipeline\RAW\hunt_unit_database\2026\pdf\draw_odds\2025 LE Deer Draw Results.pdf,2025 LE Deer Draw Results.pdf,4931698,0f25dd31d99bfc4f38d14de504ea1e2ce7e71ae2a6cf3a68d31e9fd760d1dd5d,
C:\Users\tyler\Desktop\GitHub\HUNT-BUILDER\pipeline\RAW\hunt_unit_database\2026\pdf\draw_odds\2025 LE Elk Draw Results.pdf,2025 LE Elk Draw Results.pdf,5244033,60204cfb2979c4ace60f1cb27ca89c0f41cdd0928451ffb58655f82f35a026c4,
C:\Users\tyler\Desktop\GitHub\HUNT-BUILDER\pipeline\RAW\hunt_unit_database\2026\pdf\draw_odds\2025 LE Pronghorn Draw Results.pdf,2025 LE Pronghorn Draw Results.pdf,2930657,e7ce1d4070e503bbd8f96c991fa4b7b196d998a45878537986e7ee906c309c9f,
C:\Users\tyler\Desktop\GitHub\HUNT-BUILDER\pipeline\RAW\hunt_unit_database\2026\pdf\draw_odds\2025 Lifetime General Deer Draw.pdf,2025 Lifetime General Deer Draw.pdf,1461319,c9b7637159809cb52aafc06504a50fedccd1d6bec1f203f4c65af6ec737f70b6,
C:\Users\tyler\Desktop\GitHub\HUNT-BUILDER\pipeline\RAW\hunt_unit_database\2026\pdf\draw_odds\2025 O.I.L. Draw Results.pdf,2025 O.I.L. Draw Results.pdf,3145046,0bbc66fe743968bdb896a905ebb6dcc32cc685522fc9b2f70cf5f76332926fbe,
C:\Users\tyler\Desktop\GitHub\HUNT-BUILDER\pipeline\RAW\hunt_unit_database\2026\pdf\draw_odds\2025 Turkey Draw Results.pdf,2025 Turkey Draw Results.pdf,228604,24db62fb6252f0184505aa2c0245470a880ecc3a511a12afd14c3fb32510bb87,
C:\Users\tyler\Desktop\GitHub\HUNT-BUILDER\pipeline\RAW\hunt_unit_database\2026\pdf\draw_odds\2025 Youth Antlerless Draw.pdf,2025 Youth Antlerless Draw.pdf,2780967,9c5a3883330a44d36dc1c151473f2028292c027b9834af835b2b74a8049da8f9,
C:\Users\tyler\Desktop\GitHub\HUNT-BUILDER\pipeline\RAW\hunt_unit_database\2026\pdf\draw_odds\2025 Youth Dedicated Hunter Draw Results.pdf,2025 Youth Dedicated Hunter Draw Results.pdf,436482,a6c2421da6c32e7edacbbc551c9f4ca3c411fa772b980a5ba8fecfedc73147de,
C:\Users\tyler\Desktop\GitHub\HUNT-BUILDER\pipeline\RAW\hunt_unit_database\2026\pdf\draw_odds\2025 Youth G.S. Deer Draw Results.pdf,2025 Youth G.S. Deer Draw Results.pdf,1658599,e85076f9c7b1bf86dad4f74ea8038e89d05004b075aeba2a3f53eef329c6bb72,
C:\Users\tyler\Desktop\GitHub\HUNT-BUILDER\pipeline\RAW\hunt_unit_database\2026\pdf\draw_odds\2025 Youth G.S.. Mature Bull Draw.pdf,2025 Youth G.S.. Mature Bull Draw.pdf,93296,1eba782b446b20eb5d3a53ad32f940c8638bc1a005a11248dbf255388ea64228,
C:\Users\tyler\Desktop\GitHub\HUNT-BUILDER\pipeline\RAW\hunt_unit_database\2026\pdf\draw_odds\24-25_sportsman_odds.pdf,24-25_sportsman_odds.pdf,102689,8a714928cb9f49caa2aab9465af877314dcc105d480ccb233cad30f013d6ef4d,
C:\Users\tyler\Desktop\GitHub\HUNT-BUILDER\pipeline\RAW\hunt_unit_database\2026\pdf\expo permits\expo permits 2026.pdf,expo permits 2026.pdf,144374,95312c578897991245025c78d88dcc12bab250b76eba0e127e067c6b3e810b0d,
C:\Users\tyler\Desktop\GitHub\HUNT-BUILDER\pipeline\RAW\hunt_unit_database\2026\pdf\harvest_report\2026-03-06-2025-preliminary-bg-harvest.pdf,2026-03-06-2025-preliminary-bg-harvest.pdf,662361,cbcade8db21d6eb7f2b0fac3ab92aebb4fec366757c6842fba8dd5bd204f1c40,
C:\Users\tyler\Desktop\GitHub\HUNT-BUILDER\pipeline\RAW\hunt_unit_database\2026\pdf\hunt units printouts\black bear pursuit.pdf,black bear pursuit.pdf,1286004,65c6727b5ef5c03df39a1d4f390fd8a8449e1e6bd3f7b3afa45bc66249dc59fa,
C:\Users\tyler\Desktop\GitHub\HUNT-BUILDER\pipeline\RAW\hunt_unit_database\2026\pdf\hunt units printouts\BR1000 Print.pdf,BR1000 Print.pdf,3021948,c23ac69c4db0fff3abef5effa8aa5da00b460fd8ffa98b5878639c3325326192,
C:\Users\tyler\Desktop\GitHub\HUNT-BUILDER\pipeline\RAW\hunt_unit_database\2026\pdf\hunt units printouts\BR1001 Print bear  harvest objective.pdf,BR1001 Print bear  harvest objective.pdf,2694316,79e30df0b510440f1506977699cd66fe59dffbd7170ff898bcdf9f085470977d,
C:\Users\tyler\Desktop\GitHub\HUNT-BUILDER\pipeline\RAW\hunt_unit_database\2026\pdf\hunt units printouts\BR1001 Print.pdf,BR1001 Print.pdf,2694232,eeb0b6d8d494f6b951d8716e12c4d8141851876482dac33ae1c92aa30ce07341,
C:\Users\tyler\Desktop\GitHub\HUNT-BUILDER\pipeline\RAW\hunt_unit_database\2026\pdf\hunt units printouts\BR1018 Print non res bear pursuit.pdf,BR1018 Print non res bear pursuit.pdf,2123425,ed697d52874ec1aa0cdd0caaadbb5559b74bdd57c81b7686b4249c7601726020,
C:\Users\tyler\Desktop\GitHub\HUNT-BUILDER\pipeline\RAW\hunt_unit_database\2026\pdf\hunt units printouts\DB0008 Print.pdf,DB0008 Print.pdf,1115852,4266f075a689c3c344a9b541a3daec23d0b1b7eeadf1b2da7c0958cd40eb3622,
C:\Users\tyler\Desktop\GitHub\HUNT-BUILDER\pipeline\RAW\hunt_unit_database\2026\pdf\hunt units printouts\EB1005 Print.pdf,EB1005 Print.pdf,1870387,f3ab73bcf79f87d61f6013f4eb3af5d062836082c2242ca7a8c44177ca10082c,
C:\Users\tyler\Desktop\GitHub\HUNT-BUILDER\pipeline\RAW\hunt_unit_database\2026\pdf\hunt units printouts\EB1011.pdf,EB1011.pdf,1960659,d870f5546ca124ea0d270181219fc9b3efdf5cd8e6e841c71ebbe1318489a336,
C:\Users\tyler\Desktop\GitHub\HUNT-BUILDER\pipeline\RAW\hunt_unit_database\2026\pdf\hunt units printouts\EX1000 Print.pdf,EX1000 Print.pdf,1106958,511735d811798d2138c9bbabb78688735db274503e713641d6290a2df8af91b1,
C:\Users\tyler\Desktop\GitHub\HUNT-BUILDER\pipeline\RAW\hunt_unit_database\2026\pdf\regulations\2025-26 Upland Game Turkey.pdf,2025-26 Upland Game Turkey.pdf,6395849,513951a6990b44de9af85c597a96b552f22cf0ec83f16d22f02398e14bc461ae,
C:\Users\tyler\Desktop\GitHub\HUNT-BUILDER\pipeline\RAW\hunt_unit_database\2026\pdf\regulations\2026 Bear Cougar Furbearer Guidebook.pdf,2026 Bear Cougar Furbearer Guidebook.pdf,3243631,57a7a7c4b40196faf34251b260d30946aaaf23cbe0755e916508fc7d70b5b5f6,
C:\Users\tyler\Desktop\GitHub\HUNT-BUILDER\pipeline\RAW\hunt_unit_database\2026\pdf\regulations\2026 Big Game Application.pdf,2026 Big Game Application.pdf,3167332,84e2e3529b527291eb7a8dbe4ab814f6687d719e5c0116fc7dc318756ed9cd75,
C:\Users\tyler\Desktop\GitHub\HUNT-BUILDER\pipeline\RAW\hunt_unit_database\2026\pdf\regulations\2026 Fishing.pdf,2026 Fishing.pdf,3818030,69576e1d7eacadb07e1782b62c4337bd7f016a0bfe509724ab4ea6bdddc1a273,
C:\Users\tyler\Desktop\GitHub\HUNT-BUILDER\pipeline\RAW\hunt_unit_database\2026\pdf\regulations\2026 Turkey.pdf,2026 Turkey.pdf,6395849,513951a6990b44de9af85c597a96b552f22cf0ec83f16d22f02398e14bc461ae,
C:\Users\tyler\Desktop\GitHub\HUNT-BUILDER\pipeline\RAW\hunt_unit_database\2026\pdf\regulations\2026 Waterfowl.pdf,2026 Waterfowl.pdf,5354667,53e32367b108ee1cfc4d6372b22dc9de1ca276e4ccb234b9bd97636616c36a9f,
C:\Users\tyler\Desktop\GitHub\HUNT-BUILDER\pipeline\RAW\hunt_unit_database\2026\pdf\current_year_permit_numbers\Draw Odds\2026 rac recommended permits.pdf,2026 rac recommended permits.pdf,902294,70663fcf2d0bf92d7142c3c702dcc881a726fc4485753ab97cd677873063bb5c,
C:\Users\tyler\Desktop\GitHub\HUNT-BUILDER\pipeline\RAW\hunt_unit_database\_quarantine\duplicates\exact_hash\01AFD01E__2021-stansbury.pdf,01AFD01E__2021-stansbury.pdf,187652,c7dc120d6c1cbbed39551ad03256bb21be942d0f6aa0e372070c0962b11fa62f,
C:\Users\tyler\Desktop\GitHub\HUNT-BUILDER\pipeline\RAW\hunt_unit_database\_quarantine\duplicates\exact_hash\03250006__2020-north-slope-bare-top.pdf,03250006__2020-north-slope-bare-top.pdf,68338,036a315cc88fe2bce2f1657303e21eef32cda41cadcd97ba7748663a6a271120,
C:\Users\tyler\Desktop\GitHub\HUNT-BUILDER\pipeline\RAW\hunt_unit_database\_quarantine\duplicates\exact_hash\033F97D7__2015_gs_deer_hr.pdf,033F97D7__2015_gs_deer_hr.pdf,14653,4b1cab3f14b7747ff03dc1b6d03f86e9d5e545be302d61f695e1e38d7c0917a5,
C:\Users\tyler\Desktop\GitHub\HUNT-BUILDER\pipeline\RAW\hunt_unit_database\_quarantine\duplicates\exact_hash\06979387__2017-SanJuanNorth_bighorn.pdf,06979387__2017-SanJuanNorth_bighorn.pdf,38913,0c769c7db844a331829041cda1cf753f2cf60c87e60be2933917700ddcfb3b0a,
C:\Users\tyler\Desktop\GitHub\HUNT-BUILDER\pipeline\RAW\hunt_unit_database\_quarantine\duplicates\exact_hash\06EA50BC__2016_henrys_little_rockies_rattlesnake_bh.pdf,06EA50BC__2016_henrys_little_rockies_rattlesnake_bh.pdf,7184,5fed1a284e53294a4eecc5eb430d7dab416c9fb8513efd59ce12d1009ef0f6a7,
C:\Users\tyler\Desktop\GitHub\HUNT-BUILDER\pipeline\RAW\hunt_unit_database\_quarantine\duplicates\exact_hash\08E7094F__2018-kaiparowits.pdf,08E7094F__2018-kaiparowits.pdf,70822,e994afa9a1afab09b5278b95b9b301b42ad62cca48a0d1bd093e6e6571bb1416,
C:\Users\tyler\Desktop\GitHub\HUNT-BUILDER\pipeline\RAW\hunt_unit_database\_quarantine\duplicates\exact_hash\0A227E37__2016_n_slope_w_daggett_sheep_creek_bh.pdf,0A227E37__2016_n_slope_w_daggett_sheep_creek_bh.pdf,7471,5edebfc27cb77deb35c5f9fbc58bfa361b530254e238c7bdc2cf3e5a6d1cf764,
C:\Users\tyler\Desktop\GitHub\HUNT-BUILDER\pipeline\RAW\hunt_unit_database\_quarantine\duplicates\exact_hash\0A5F02F7__goslinmtn_bighorn_2014.pdf,0A5F02F7__goslinmtn_bighorn_2014.pdf,6709,9d3e0603419e4a02aabe7a13522ebd9454e4da849147b0d4b9b42146aee1f618,
C:\Users\tyler\Desktop\GitHub\HUNT-BUILDER\pipeline\RAW\hunt_unit_database\_quarantine\duplicates\exact_hash\0AE00D39__dirtydevil_bighorn_2014.pdf,0AE00D39__dirtydevil_bighorn_2014.pdf,9365,fe6d6614234c7d9448e07835d6b5ac04f01ff5a1e796089124c13a4265116ca1,
C:\Users\tyler\Desktop\GitHub\HUNT-BUILDER\pipeline\RAW\hunt_unit_database\_quarantine\duplicates\exact_hash\0B33B6E4__2018-north-slope-bare-top.pdf,0B33B6E4__2018-north-slope-bare-top.pdf,122940,77ff2129c3886407de6200c83f1e9f9683281e8bf123de8034977dee735c7099,
C:\Users\tyler\Desktop\GitHub\HUNT-BUILDER\pipeline\RAW\hunt_unit_database\_quarantine\duplicates\exact_hash\0C54B7E8__2018-north-slope-sheep-creek.pdf,0C54B7E8__2018-north-slope-sheep-creek.pdf,71335,fbc5e404d72977a3001d40142c63be4f4a84d9726d6459fad6caf466fc32dcba,
C:\Users\tyler\Desktop\GitHub\HUNT-BUILDER\pipeline\RAW\hunt_unit_database\_quarantine\duplicates\exact_hash\106ACAC6__2026-03-06-2025-preliminary-bg-harvest.pdf,106ACAC6__2026-03-06-2025-preliminary-bg-harvest.pdf,662361,cbcade8db21d6eb7f2b0fac3ab92aebb4fec366757c6842fba8dd5bd204f1c40,
C:\Users\tyler\Desktop\GitHub\HUNT-BUILDER\pipeline\RAW\hunt_unit_database\_quarantine\duplicates\exact_hash\1239E63E__2022-san-rafael-dirty-devil.pdf,1239E63E__2022-san-rafael-dirty-devil.pdf,75005,e81914ee00bcb4c7f051fa6bafe9bc8b76b9f33d8f0dd2536aea70ca27b8e703,
C:\Users\tyler\Desktop\GitHub\HUNT-BUILDER\pipeline\RAW\hunt_unit_database\_quarantine\duplicates\exact_hash\16636F7A__2017_le_oial_hr.pdf,16636F7A__2017_le_oial_hr.pdf,287282,e0ed2da0bc76074f08730ade80e320028385d93ccc5dcff4f0b2f640f59fc215,
C:\Users\tyler\Desktop\GitHub\HUNT-BUILDER\pipeline\RAW\hunt_unit_database\_quarantine\duplicates\exact_hash\172CE77E__2016_n_slope_three_corners_goslin_bh.pdf,172CE77E__2016_n_slope_three_corners_goslin_bh.pdf,6780,0592c6cdbeea2e39c882d7e68b83f2a9ba77ae7f24bdce3fca491d70cafc1f7b,
C:\Users\tyler\Desktop\GitHub\HUNT-BUILDER\pipeline\RAW\hunt_unit_database\_quarantine\duplicates\exact_hash\17B1B656__2021-harvest-data.pdf,17B1B656__2021-harvest-data.pdf,192358,7de95f6b45bb42a1698613b982b6bf73ba1cd4485737488da172f01d0ddbd7d4,
C:\Users\tyler\Desktop\GitHub\HUNT-BUILDER\pipeline\RAW\hunt_unit_database\_quarantine\duplicates\exact_hash\18217DFE__2026-04-rac-agenda.pdf,18217DFE__2026-04-rac-agenda.pdf,175849,c2dc9fe1f9af7acd3babee328f992dc6bc7356338b42b31559c79c8c78e56d8b,
C:\Users\tyler\Desktop\GitHub\HUNT-BUILDER\pipeline\RAW\hunt_unit_database\_quarantine\duplicates\exact_hash\18D4AA0F__2016_antlerless_hr.pdf,18D4AA0F__2016_antlerless_hr.pdf,24809,faa36deab5750f1869882e54792eeb4ed92f8fc7e7d6f010974b7cc15bd188dc,
C:\Users\tyler\Desktop\GitHub\HUNT-BUILDER\pipeline\RAW\hunt_unit_database\_quarantine\duplicates\exact_hash\1A776317__2022-oak-creek.pdf,1A776317__2022-oak-creek.pdf,180828,c588f759a1387fb6cef5f435bd1b44863ccb16fc9ee6e75971db88e901491be2,
C:\Users\tyler\Desktop\GitHub\HUNT-BUILDER\pipeline\RAW\hunt_unit_database\_quarantine\duplicates\exact_hash\1ACA3B7A__24_bg_report.pdf,1ACA3B7A__24_bg_report.pdf,14037480,e93e9472c9abfad2659fb4d3c3d62e28c9bf9b75c403839107fba89711e9d5df,
C:\Users\tyler\Desktop\GitHub\HUNT-BUILDER\pipeline\RAW\hunt_unit_database\_quarantine\duplicates\exact_hash\1B465F5B__northsanjuan_bighorn_2014.pdf,1B465F5B__northsanjuan_bighorn_2014.pdf,6860,76d9b66c545bb367fce25e20c8f4691009aae137fabc4386df74684d3276198a,
C:\Users\tyler\Desktop\GitHub\HUNT-BUILDER\pipeline\RAW\hunt_unit_database\_quarantine\duplicates\exact_hash\1D31857F__2018-north-slope-red-canyon.pdf,1D31857F__2018-north-slope-red-canyon.pdf,121973,a43d4634aa6d207b5af4126b0acda93bcf6b48f93efc9796830c63f4aabacdfc,
C:\Users\tyler\Desktop\GitHub\HUNT-BUILDER\pipeline\RAW\hunt_unit_database\_quarantine\duplicates\exact_hash\1D9B9753__22_black_bear_report.pdf,1D9B9753__22_black_bear_report.pdf,1163235,aa90fcb5456db4373d25c982542dcc680ecb86d61e0ac49730455c54c9c12df3,
C:\Users\tyler\Desktop\GitHub\HUNT-BUILDER\pipeline\RAW\hunt_unit_database\_quarantine\duplicates\exact_hash\1FC9FA77__2026-04-rac-packet shortened.pdf,1FC9FA77__2026-04-rac-packet shortened.pdf,4260310,6ea0b4253f233342c40db0d7994413a2e74a0cf1e3080ade5caa50613bb75055,
C:\Users\tyler\Desktop\GitHub\HUNT-BUILDER\pipeline\RAW\hunt_unit_database\_quarantine\duplicates\exact_hash\2024_gs_buck_deer_hr.pdf,2024_gs_buck_deer_hr.pdf,134087,e2c18a44b5efc29c6c32158c8f5f250863602c122a6c0439d676c057c5d90916,
C:\Users\tyler\Desktop\GitHub\HUNT-BUILDER\pipeline\RAW\hunt_unit_database\_quarantine\duplicates\exact_hash\2024_le_oial_all_hr.pdf,2024_le_oial_all_hr.pdf,384682,94c281770cbcc74dccedb1c30c31f68ba6fdec8da4b547acd35c4b16867f7b85,
C:\Users\tyler\Desktop\GitHub\HUNT-BUILDER\pipeline\RAW\hunt_unit_database\_quarantine\duplicates\exact_hash\2026-03-06-2025-preliminary-bg-harvest.pdf,2026-03-06-2025-preliminary-bg-harvest.pdf,662361,cbcade8db21d6eb7f2b0fac3ab92aebb4fec366757c6842fba8dd5bd204f1c40,
C:\Users\tyler\Desktop\GitHub\HUNT-BUILDER\pipeline\RAW\hunt_unit_database\_quarantine\duplicates\exact_hash\2026-04-rac-agenda.pdf,2026-04-rac-agenda.pdf,175849,c2dc9fe1f9af7acd3babee328f992dc6bc7356338b42b31559c79c8c78e56d8b,
C:\Users\tyler\Desktop\GitHub\HUNT-BUILDER\pipeline\RAW\hunt_unit_database\_quarantine\duplicates\exact_hash\2026-04-rac-packet a.pdf,2026-04-rac-packet a.pdf,4942063,53a121ab3c2d12e4d4e7c936789a1efeebb90d29b085a4a74f6d389c57644b4a,
C:\Users\tyler\Desktop\GitHub\HUNT-BUILDER\pipeline\RAW\hunt_unit_database\_quarantine\duplicates\exact_hash\2026-04-rac-packet a__816b20.pdf,2026-04-rac-packet a__816b20.pdf,4942063,53a121ab3c2d12e4d4e7c936789a1efeebb90d29b085a4a74f6d389c57644b4a,
C:\Users\tyler\Desktop\GitHub\HUNT-BUILDER\pipeline\RAW\hunt_unit_database\_quarantine\duplicates\exact_hash\2026-04-rac-packet shortened.pdf,2026-04-rac-packet shortened.pdf,4260310,6ea0b4253f233342c40db0d7994413a2e74a0cf1e3080ade5caa50613bb75055,
C:\Users\tyler\Desktop\GitHub\HUNT-BUILDER\pipeline\RAW\hunt_unit_database\_quarantine\duplicates\exact_hash\2026-04-rac-packet.pdf,2026-04-rac-packet.pdf,5209425,f55ba74dd9798270fdcc7e149d23f542d16150e61a69135e878d4beacf31abc9,
C:\Users\tyler\Desktop\GitHub\HUNT-BUILDER\pipeline\RAW\hunt_unit_database\_quarantine\duplicates\exact_hash\2026-04-rac-packet__c40afb.pdf,2026-04-rac-packet__c40afb.pdf,5209425,f55ba74dd9798270fdcc7e149d23f542d16150e61a69135e878d4beacf31abc9,
C:\Users\tyler\Desktop\GitHub\HUNT-BUILDER\pipeline\RAW\hunt_unit_database\_quarantine\duplicates\exact_hash\20DE51BF__Wild Eyez Permit Fee 2023-RYZENROCKS.pdf,20DE51BF__Wild Eyez Permit Fee 2023-RYZENROCKS.pdf,4775,e4698c7e454c4170109b4505a1336c374cba6f1271a9133c0504e7774455ad21,
C:\Users\tyler\Desktop\GitHub\HUNT-BUILDER\pipeline\RAW\hunt_unit_database\_quarantine\duplicates\exact_hash\22637BAF__EB3126 Mid-Season Manti Print (2026_02_06 06_23_41 UTC).pdf,22637BAF__EB3126 Mid-Season Manti Print (2026_02_06 06_23_41 UTC).pdf,599588,9c1cc309b5c6214c60e0377cdcccfff500a2675ba61e41d30e80a5f6e336b449,
C:\Users\tyler\Desktop\GitHub\HUNT-BUILDER\pipeline\RAW\hunt_unit_database\_quarantine\duplicates\exact_hash\242DCC03__Hunting Guides and Outfitters Licensing Act Rule.pdf,242DCC03__Hunting Guides and Outfitters Licensing Act Rule.pdf,34325,1cb3bc3b98f5a1d2036752edb7eddb8c5efa48c2f3b394099c29de6ecd68e0fd,
C:\Users\tyler\Desktop\GitHub\HUNT-BUILDER\pipeline\RAW\hunt_unit_database\_quarantine\duplicates\exact_hash\24505A1B__2026-03-06-2025-preliminary-bg-harvest.pdf,24505A1B__2026-03-06-2025-preliminary-bg-harvest.pdf,662361,cbcade8db21d6eb7f2b0fac3ab92aebb4fec366757c6842fba8dd5bd204f1c40,
C:\Users\tyler\Desktop\GitHub\HUNT-BUILDER\pipeline\RAW\hunt_unit_database\_quarantine\duplicates\exact_hash\2533D284__Dallinga Hunting Guide Contract Late Season 2024 (2026_02_06 06_23_41 UTC).pdf,2533D284__Dallinga Hunting Guide Contract Late Season 2024 (2026_02_06 06_23_41 UTC).pdf,2258658,f3069fb8aaa13ad69c6fb5c14019bf3e0d13ae906e2a91d1b6905cfa381d8694,
C:\Users\tyler\Desktop\GitHub\HUNT-BUILDER\pipeline\RAW\hunt_unit_database\_quarantine\duplicates\exact_hash\25ABF1D9__2023-antelope-island.pdf,25ABF1D9__2023-antelope-island.pdf,39749,83dab04980b1a15552a05cc96c4c05db236782b67a45251dc9c20dfd6357fb6f,
C:\Users\tyler\Desktop\GitHub\HUNT-BUILDER\pipeline\RAW\hunt_unit_database\_quarantine\duplicates\exact_hash\25_antlerless_drawing_results.pdf,25_antlerless_drawing_results.pdf,3534025,c212777c5326dc1145d3941765b92dbda75a830a73a771c42c13ccd78c760cfd,
C:\Users\tyler\Desktop\GitHub\HUNT-BUILDER\pipeline\RAW\hunt_unit_database\_quarantine\duplicates\exact_hash\25_bg-draw-results.pdf,25_bg-draw-results.pdf,12732089,65af3f1861d258fe272013db929a8a661f3059372c0bb259e1b5f90545538ef9,
C:\Users\tyler\Desktop\GitHub\HUNT-BUILDER\pipeline\RAW\hunt_unit_database\_quarantine\duplicates\exact_hash\261C28AD__Box_Elder_Newfoundland_bighorn_2016.pdf,261C28AD__Box_Elder_Newfoundland_bighorn_2016.pdf,6994,cc5182bccbdd48fd9881c966185030d99da592672a2cbfdcc238979f88ab3b2d,
C:\Users\tyler\Desktop\GitHub\HUNT-BUILDER\pipeline\RAW\hunt_unit_database\_quarantine\duplicates\exact_hash\261ED8FC__NorthSlopeGoslinMtn_bighorn_2015.pdf,261ED8FC__NorthSlopeGoslinMtn_bighorn_2015.pdf,6774,be78812aa1a8053c90ab09aa2eb34443a5d7c9183037ed9df93ef148546ec3a1,
C:\Users\tyler\Desktop\GitHub\HUNT-BUILDER\pipeline\RAW\hunt_unit_database\_quarantine\duplicates\exact_hash\29882907__henrys_littlerockies_bighorn_2014.pdf,29882907__henrys_littlerockies_bighorn_2014.pdf,9586,51eef80a8fce5141e9f8df4e9f6a6f2adc249b8d3a76d5bf9aae2e09e28e8d9d,
C:\Users\tyler\Desktop\GitHub\HUNT-BUILDER\pipeline\RAW\hunt_unit_database\_quarantine\duplicates\exact_hash\2AFF4DB8__2019-nine-mile-range-creek.pdf,2AFF4DB8__2019-nine-mile-range-creek.pdf,69851,883dad7545048b1b0e4e1457aefb722a3582a4449ca75dc7feb4a623db193fe2,
C:\Users\tyler\Desktop\GitHub\HUNT-BUILDER\pipeline\RAW\hunt_unit_database\_quarantine\duplicates\exact_hash\2B5B46A3__2020-wasatch-mtns-west.pdf,2B5B46A3__2020-wasatch-mtns-west.pdf,70606,bdbaed16f009b6cc3a0692bbfd86197e5cda63b037eb55fcd7dc6f50bab0372f,
C:\Users\tyler\Desktop\GitHub\HUNT-BUILDER\pipeline\RAW\hunt_unit_database\_quarantine\duplicates\exact_hash\2BAF41E6__2021_gs_buck_deer_hr.pdf,2BAF41E6__2021_gs_buck_deer_hr.pdf,279305,1c34a51eed56a54363a32bc2e9514902b4ed61396ec3099846e2bd846c80d1bf,
C:\Users\tyler\Desktop\GitHub\HUNT-BUILDER\pipeline\RAW\hunt_unit_database\_quarantine\duplicates\exact_hash\2C877C3F__2023_le_oial_all.pdf,2C877C3F__2023_le_oial_all.pdf,416955,1cb35a2ab84395975ef4f20f1c21ab158cd3e14f9362f01e3c967112ec2addce,
C:\Users\tyler\Desktop\GitHub\HUNT-BUILDER\pipeline\RAW\hunt_unit_database\_quarantine\duplicates\exact_hash\2D022392__pinevalley_bighorn_2014.pdf,2D022392__pinevalley_bighorn_2014.pdf,24084,5e13238103e7b9fadbeae2e6b47a8f7097e4cf5780cbdca139ac6345fc1d19a8,
C:\Users\tyler\Desktop\GitHub\HUNT-BUILDER\pipeline\RAW\hunt_unit_database\_quarantine\duplicates\exact_hash\2DAFE650__FISHLAKE PERMIT SPECIAL USE  (1).pdf,2DAFE650__FISHLAKE PERMIT SPECIAL USE  (1).pdf,431328,7c31eea769f443d47eb5479377919b7f5a0c6d9879347b4bc56869b88e8ebc2a,
C:\Users\tyler\Desktop\GitHub\HUNT-BUILDER\pipeline\RAW\hunt_unit_database\_quarantine\duplicates\exact_hash\2DF9DC45__2013_all_species_hr.pdf,2DF9DC45__2013_all_species_hr.pdf,123547,4f057c9514c0d883c9374a23392ad3b71e304b21117ebec43323ad143e578bd2,
C:\Users\tyler\Desktop\GitHub\HUNT-BUILDER\pipeline\RAW\hunt_unit_database\_quarantine\duplicates\exact_hash\2EB397BC__2016_le_oial_hr.pdf,2EB397BC__2016_le_oial_hr.pdf,54326,4e331e4b19ef81c81e963efe2a2ad7f9829f6cd25522760566d7f7dfeb421d2b,
C:\Users\tyler\Desktop\GitHub\HUNT-BUILDER\pipeline\RAW\hunt_unit_database\_quarantine\duplicates\exact_hash\30F8A4FA__2018_antlerless_hr.pdf,30F8A4FA__2018_antlerless_hr.pdf,626112,5b40fa191573b2c7a8c3e698eb28f2598017742c8581b9086ccd03db60e5ab9e,
C:\Users\tyler\Desktop\GitHub\HUNT-BUILDER\pipeline\RAW\hunt_unit_database\_quarantine\duplicates\exact_hash\31AFD832__2026-04-rac-packet.pdf,31AFD832__2026-04-rac-packet.pdf,5209425,f55ba74dd9798270fdcc7e149d23f542d16150e61a69135e878d4beacf31abc9,
C:\Users\tyler\Desktop\GitHub\HUNT-BUILDER\pipeline\RAW\hunt_unit_database\_quarantine\duplicates\exact_hash\32C6FD9A__2021-box-elder-pilot-mtn.pdf,32C6FD9A__2021-box-elder-pilot-mtn.pdf,184393,1b7a15724126874273fb1e9e6bc9482da7dca8051e82bdd9506adeb3cbb8643c,
C:\Users\tyler\Desktop\GitHub\HUNT-BUILDER\pipeline\RAW\hunt_unit_database\_quarantine\duplicates\exact_hash\32ED928A__2020_gs_buck_deer_hr.pdf,32ED928A__2020_gs_buck_deer_hr.pdf,142439,97e4da029a3070bcf60478c07090064e392f43cfc00c3ad35e5d9864eb06a062,
C:\Users\tyler\Desktop\GitHub\HUNT-BUILDER\pipeline\RAW\hunt_unit_database\_quarantine\duplicates\exact_hash\33EFB471__2024_antlerless_hr.pdf,33EFB471__2024_antlerless_hr.pdf,186872,2ef5b20c0f7badc4bac9f9863be78e65900d832c1847e1bc64aaefa47f7c0444,
C:\Users\tyler\Desktop\GitHub\HUNT-BUILDER\pipeline\RAW\hunt_unit_database\_quarantine\duplicates\exact_hash\3432332C__2020-north-slope-goslin-mtn.pdf,3432332C__2020-north-slope-goslin-mtn.pdf,63411,316d847dcc8d7beeeb2ee95bfe3856f0a8f969b943d6874a5db33bc26463dc0d,
C:\Users\tyler\Desktop\GitHub\HUNT-BUILDER\pipeline\RAW\hunt_unit_database\_quarantine\duplicates\exact_hash\345C11C8__2018-wasatch-west.pdf,345C11C8__2018-wasatch-west.pdf,116550,b237e56ce20f4890c60eb8c620fbb15db49d12f75be116f5d2b632d4e0309855,
C:\Users\tyler\Desktop\GitHub\HUNT-BUILDER\pipeline\RAW\hunt_unit_database\_quarantine\duplicates\exact_hash\34DB831F__2022_le_oial_all.pdf,34DB831F__2022_le_oial_all.pdf,986285,0702a54e809448d49b9d6a4b21a8af957ce8b361d103f765484bbdd3ae1d5b5a,
C:\Users\tyler\Desktop\GitHub\HUNT-BUILDER\pipeline\RAW\hunt_unit_database\_quarantine\duplicates\exact_hash\35F96F5C__2023-wasatch-mtns-west.pdf,35F96F5C__2023-wasatch-mtns-west.pdf,45389,3e030e39636b284aec48db5cb88acc3aeef80cc1fabdd8de7596033f621d9261,
C:\Users\tyler\Desktop\GitHub\HUNT-BUILDER\pipeline\RAW\hunt_unit_database\_quarantine\duplicates\exact_hash\361B3473__Dallinga Hunt Contract 2024 2 (2026_02_06 06_23_41 UTC).pdf,361B3473__Dallinga Hunt Contract 2024 2 (2026_02_06 06_23_41 UTC).pdf,2299960,90828d337f8bf88f2da09c6e92ef43f263a9f334046fa02534ed8a0f169af1c3,
C:\Users\tyler\Desktop\GitHub\HUNT-BUILDER\pipeline\RAW\hunt_unit_database\_quarantine\duplicates\exact_hash\3748834F__23_bg_report.pdf,3748834F__23_bg_report.pdf,10336886,d3c268a6aa3ccb8bf1d8633fc07bb9c5aaf842cbf1bd81ce8144a845c91561ae,
C:\Users\tyler\Desktop\GitHub\HUNT-BUILDER\pipeline\RAW\hunt_unit_database\_quarantine\duplicates\exact_hash\379A9E5E__cougar_guidebook (2025_12_24 23_43_27 UTC).pdf,379A9E5E__cougar_guidebook (2025_12_24 23_43_27 UTC).pdf,1790348,cb738da88b18dbeae39e8f6053411ea520d12f6acd3fea57400681bd6634765f,
C:\Users\tyler\Desktop\GitHub\HUNT-BUILDER\pipeline\RAW\hunt_unit_database\_quarantine\duplicates\exact_hash\39B74714__Alex Berger (Group) Antlerless Hunt Contract 2024 (2026_02_06 06_23_41 UTC).pdf,39B74714__Alex Berger (Group) Antlerless Hunt Contract 2024 (2026_02_06 06_23_41 UTC).pdf,1045030,b9827c0914eae92ca815a3e9f277f823f5a27c4dedfe19e07c048f2770affbe0,
C:\Users\tyler\Desktop\GitHub\HUNT-BUILDER\pipeline\RAW\hunt_unit_database\_quarantine\duplicates\exact_hash\3A22CCF7__2024_gs_buck_deer_hr.pdf,3A22CCF7__2024_gs_buck_deer_hr.pdf,134087,e2c18a44b5efc29c6c32158c8f5f250863602c122a6c0439d676c057c5d90916,
C:\Users\tyler\Desktop\GitHub\HUNT-BUILDER\pipeline\RAW\hunt_unit_database\_quarantine\duplicates\exact_hash\3B1D57D9__2020-san-juan-lockhart.pdf,3B1D57D9__2020-san-juan-lockhart.pdf,73129,cf4d6a78cb959bce5e08be5bfbc048257e3d05cc69a47002dea7dfea9210580b,
C:\Users\tyler\Desktop\GitHub\HUNT-BUILDER\pipeline\RAW\hunt_unit_database\_quarantine\duplicates\exact_hash\3CB36AD0__Alma Wayman Cougar Hunting Contract 2023.pdf,3CB36AD0__Alma Wayman Cougar Hunting Contract 2023.pdf,542688,4af2a4c4081b0fbaa5c2f07e7701994707525cb8768172e7ea9d3be0f4212bba,
C:\Users\tyler\Desktop\GitHub\HUNT-BUILDER\pipeline\RAW\hunt_unit_database\_quarantine\duplicates\exact_hash\3CC58353__21_black_bear_report.pdf,3CC58353__21_black_bear_report.pdf,1822298,cf3d10ad60d1bfcd0bb508c78aec78ac6273c7207a577c1348b3f1ff8e5bbfb4,
C:\Users\tyler\Desktop\GitHub\HUNT-BUILDER\pipeline\RAW\hunt_unit_database\_quarantine\duplicates\exact_hash\3CE9AD0C__2024_gs_buck_deer_hr.pdf,3CE9AD0C__2024_gs_buck_deer_hr.pdf,134013,f7a4ed6454c2f9b9c4cdb9a9cf0c6da2064f7493f83cde6482712ab968c79bf9,
C:\Users\tyler\Desktop\GitHub\HUNT-BUILDER\pipeline\RAW\hunt_unit_database\_quarantine\duplicates\exact_hash\3D6062F7__2020-central-mtns-nebo.pdf,3D6062F7__2020-central-mtns-nebo.pdf,69195,b019b976d68a0bb03a7f379f842f2134cac902d7a0959bbf93712e5bfa8a401c,
C:\Users\tyler\Desktop\GitHub\HUNT-BUILDER\pipeline\RAW\hunt_unit_database\_quarantine\duplicates\exact_hash\3D6FEE98__2026-03-06-2025-preliminary-bg-harvest.pdf,3D6FEE98__2026-03-06-2025-preliminary-bg-harvest.pdf,662361,cbcade8db21d6eb7f2b0fac3ab92aebb4fec366757c6842fba8dd5bd204f1c40,
C:\Users\tyler\Desktop\GitHub\HUNT-BUILDER\pipeline\RAW\hunt_unit_database\_quarantine\duplicates\exact_hash\40C42161__2013_moose_hr.pdf,40C42161__2013_moose_hr.pdf,27835,019c4dfef9adaacc1cab5c6c8def5332ffc73c649843665ad8452d17feb214a0,
C:\Users\tyler\Desktop\GitHub\HUNT-BUILDER\pipeline\RAW\hunt_unit_database\_quarantine\duplicates\exact_hash\42E32BD5__2024_le_oial_all.pdf,42E32BD5__2024_le_oial_all.pdf,384682,94c281770cbcc74dccedb1c30c31f68ba6fdec8da4b547acd35c4b16867f7b85,
C:\Users\tyler\Desktop\GitHub\HUNT-BUILDER\pipeline\RAW\hunt_unit_database\_quarantine\duplicates\exact_hash\43E16B85__rmbs_hr.pdf,43E16B85__rmbs_hr.pdf,7283,5b86b95c9ff87b6a23c9a50189068973487108cdddf43f24fbe7d931506d229c,
C:\Users\tyler\Desktop\GitHub\HUNT-BUILDER\pipeline\RAW\hunt_unit_database\_quarantine\duplicates\exact_hash\46F65D25__Wild Eyez 2022 Preseason Bill (2026_02_06 06_23_41 UTC).pdf,46F65D25__Wild Eyez 2022 Preseason Bill (2026_02_06 06_23_41 UTC).pdf,4603,81c12ffca53a4b57c6152264f713ab892d282a236e7159c6fe180d44674027df,
C:\Users\tyler\Desktop\GitHub\HUNT-BUILDER\pipeline\RAW\hunt_unit_database\_quarantine\duplicates\exact_hash\488F975A__2017-SanJuanRiver_bighorn.pdf,488F975A__2017-SanJuanRiver_bighorn.pdf,48812,6bba9a31bac267ae50955b5a328cb04274cd5ada55ec7ca5a77f259319272148,
C:\Users\tyler\Desktop\GitHub\HUNT-BUILDER\pipeline\RAW\hunt_unit_database\_quarantine\duplicates\exact_hash\4972B092__2019-fillmore-oak-creek.pdf,4972B092__2019-fillmore-oak-creek.pdf,70819,b470e2f90f32b4e6fab388a6b76ae25f2a237f2f61f9a72a30a59822814c3ae9,
C:\Users\tyler\Desktop\GitHub\HUNT-BUILDER\pipeline\RAW\hunt_unit_database\_quarantine\duplicates\exact_hash\4A5A1328__2023_gs_buck_deer_hr.pdf,4A5A1328__2023_gs_buck_deer_hr.pdf,154279,5282c7ecfd3a17ab5fbd15ed26d2ba99b8fd3523719d01407f1b6433d0bb40fc,
C:\Users\tyler\Desktop\GitHub\HUNT-BUILDER\pipeline\RAW\hunt_unit_database\_quarantine\duplicates\exact_hash\4E7CE659__2018-san-rafael-north.pdf,4E7CE659__2018-san-rafael-north.pdf,155706,c376a4ef89245b6a02b44a17cd733be5646b22583aa6d063974270a516fb8e89,
C:\Users\tyler\Desktop\GitHub\HUNT-BUILDER\pipeline\RAW\hunt_unit_database\_quarantine\duplicates\exact_hash\4F3932E2__2020-north-slope-sheep-creek.pdf,4F3932E2__2020-north-slope-sheep-creek.pdf,62804,6f03f9e6d108b574934f80d89a15126ef0fdf8a6c42366fef8620569d6832efe,
C:\Users\tyler\Desktop\GitHub\HUNT-BUILDER\pipeline\RAW\hunt_unit_database\_quarantine\duplicates\exact_hash\50977BAC__baretop_bighorn_2014.pdf,50977BAC__baretop_bighorn_2014.pdf,6767,99dc68ae7df3e39434ee0e66efc0945150fc643ff7238412ea8b0223205b477a,
C:\Users\tyler\Desktop\GitHub\HUNT-BUILDER\pipeline\RAW\hunt_unit_database\_quarantine\duplicates\exact_hash\52E22782__2019-oquirrh-stansbury.pdf,52E22782__2019-oquirrh-stansbury.pdf,58634,699c1afd79eaf29985c0a6a006d433a35086d0b37cc2398b5790309ab5057731,
C:\Users\tyler\Desktop\GitHub\HUNT-BUILDER\pipeline\RAW\hunt_unit_database\_quarantine\duplicates\exact_hash\53071B36__21_bg_report.pdf,53071B36__21_bg_report.pdf,5961123,1553c2f74659f718c8ed0a5c943bed9e29495fb4de6e71794474e9bf03453458,
C:\Users\tyler\Desktop\GitHub\HUNT-BUILDER\pipeline\RAW\hunt_unit_database\_quarantine\duplicates\exact_hash\53588B61__le_deer_hr.pdf,53588B61__le_deer_hr.pdf,13283,d7fb2d0e7748d7b5e118981e8946b36faca77239e90992b581338559175a55a9,
C:\Users\tyler\Desktop\GitHub\HUNT-BUILDER\pipeline\RAW\hunt_unit_database\_quarantine\duplicates\exact_hash\53E294F6__Dailey and Johnson Hunt Contract 2025 (2026_02_06 06_23_41 UTC) (2026_02_17 05_56_28 UTC).pdf,53E294F6__Dailey and Johnson Hunt Contract 2025 (2026_02_06 06_23_41 UTC) (2026_02_17 05_56_28 UTC).pdf,2499600,231ef6f903f12e9761974b9164f9374692011c9531d7643a0213384bbbe3ed16,
C:\Users\tyler\Desktop\GitHub\HUNT-BUILDER\pipeline\RAW\hunt_unit_database\_quarantine\duplicates\exact_hash\5767F25D__2017-SanJuanLockhart_bighorn.pdf,5767F25D__2017-SanJuanLockhart_bighorn.pdf,41064,e098c3bd2bb2c3a1338cc153d99efa827b50a59d5cd24128efc7b315f751de78,
C:\Users\tyler\Desktop\GitHub\HUNT-BUILDER\pipeline\RAW\hunt_unit_database\_quarantine\duplicates\exact_hash\586D15F7__sheepcreek_bighorn_2014 - Copy.pdf,586D15F7__sheepcreek_bighorn_2014 - Copy.pdf,7008,e04a51266ff67f15c8f79ae42ffa9c459166cceb57303a9cdf564450658ee1dd,
C:\Users\tyler\Desktop\GitHub\HUNT-BUILDER\pipeline\RAW\hunt_unit_database\_quarantine\duplicates\exact_hash\58E866A0__Special-Use-Permit-Application_FILLABLE_3.6.24 (2026_02_06 06_23_41 UTC).pdf,58E866A0__Special-Use-Permit-Application_FILLABLE_3.6.24 (2026_02_06 06_23_41 UTC).pdf,224223,2ebed7d58be77d14d2cefc454ddb0e44600c39efc645d9cd57b9d0b095260178,
C:\Users\tyler\Desktop\GitHub\HUNT-BUILDER\pipeline\RAW\hunt_unit_database\_quarantine\duplicates\exact_hash\59403A95__24_bg_report.pdf,59403A95__24_bg_report.pdf,14037480,e93e9472c9abfad2659fb4d3c3d62e28c9bf9b75c403839107fba89711e9d5df,
C:\Users\tyler\Desktop\GitHub\HUNT-BUILDER\pipeline\RAW\hunt_unit_database\_quarantine\duplicates\exact_hash\59575AA0__DB0010 Print.pdf,59575AA0__DB0010 Print.pdf,1040463,7dde91e4838d4c5001dce05568f6592c11eb7e219553831eeaef280b3accde71,
C:\Users\tyler\Desktop\GitHub\HUNT-BUILDER\pipeline\RAW\hunt_unit_database\_quarantine\duplicates\exact_hash\5A92B446__Dallina Hunting Contract (2026_02_06 06_23_41 UTC).pdf,5A92B446__Dallina Hunting Contract (2026_02_06 06_23_41 UTC).pdf,2089042,b5bb39714b8fb2a70cab2b5594ea05aefd587b530dcc1fbe782133904b2b67e5,
C:\Users\tyler\Desktop\GitHub\HUNT-BUILDER\pipeline\RAW\hunt_unit_database\_quarantine\duplicates\exact_hash\5B0964DE__2022-nine-mile-gray-canyon.pdf,5B0964DE__2022-nine-mile-gray-canyon.pdf,97921,8c65cb11f4b55df694e0dd961d4e289a700505d3f9684c5cb4d035bb9b990a2c,
C:\Users\tyler\Desktop\GitHub\HUNT-BUILDER\pipeline\RAW\hunt_unit_database\_quarantine\duplicates\exact_hash\5C4C627F__2016_gs_deer_hr.pdf,5C4C627F__2016_gs_deer_hr.pdf,14628,ddae23b88467089e6a6cf2420121e25e3fee7cf87fc715892c6dbdc9b25fc3fd,
C:\Users\tyler\Desktop\GitHub\HUNT-BUILDER\pipeline\RAW\hunt_unit_database\_quarantine\duplicates\exact_hash\5F11CCB3__2017-OakCreek_bighorn.pdf,5F11CCB3__2017-OakCreek_bighorn.pdf,70511,aa978272b935bff29a36732f73a1029b54b16a94c222a9581a5a18e320d8d6fe,
C:\Users\tyler\Desktop\GitHub\HUNT-BUILDER\pipeline\RAW\hunt_unit_database\_quarantine\duplicates\exact_hash\5F5ECA14__OutfittersHuntingFishing.pdf,5F5ECA14__OutfittersHuntingFishing.pdf,169054,682c138c6785c7d509599867439c96918555e0f1f951b7e0933329485a5d1616,
C:\Users\tyler\Desktop\GitHub\HUNT-BUILDER\pipeline\RAW\hunt_unit_database\_quarantine\duplicates\exact_hash\615C03A1__2021-san-rafael-south.pdf,615C03A1__2021-san-rafael-south.pdf,190341,e74bebfb0ae5d493a16422f86beb77bc761cec1b52806a9b795d615b542ce830,
C:\Users\tyler\Desktop\GitHub\HUNT-BUILDER\pipeline\RAW\hunt_unit_database\_quarantine\duplicates\exact_hash\6203E88C__2022-mineral-mtns.pdf,6203E88C__2022-mineral-mtns.pdf,180055,2a0d1e00ccd1b6bef83259979029b64ae8d4aba67879df9b7a14492d7661e783,
C:\Users\tyler\Desktop\GitHub\HUNT-BUILDER\pipeline\RAW\hunt_unit_database\_quarantine\duplicates\exact_hash\62B883FF__2014_all_species_hr - Copy.pdf,62B883FF__2014_all_species_hr - Copy.pdf,137331,a757f9bf26a08a9ea80aa6ec30b9dc6bda72d9dac70bb542f094756253fdd94d,
C:\Users\tyler\Desktop\GitHub\HUNT-BUILDER\pipeline\RAW\hunt_unit_database\_quarantine\duplicates\exact_hash\643DBA53__2013_rmbs_hr.pdf,643DBA53__2013_rmbs_hr.pdf,13617,74009a0daf697b6906c93360828c8188433588fd30d13d5546f498ca5e5d8785,
C:\Users\tyler\Desktop\GitHub\HUNT-BUILDER\pipeline\RAW\hunt_unit_database\_quarantine\duplicates\exact_hash\6635B12E__2019_antlerless_hr.pdf,6635B12E__2019_antlerless_hr.pdf,193126,42aaea4a3d72502a65b07d7044337bb3e41b84b4f9c1f87459c607f17a8b895f,
C:\Users\tyler\Desktop\GitHub\HUNT-BUILDER\pipeline\RAW\hunt_unit_database\_quarantine\duplicates\exact_hash\6652F792__bison_hr.pdf,6652F792__bison_hr.pdf,7072,d9b46f190db501a3a5b947a09d4a1d33445c591c7fc40efa17e479d5cc1d25cf,
C:\Users\tyler\Desktop\GitHub\HUNT-BUILDER\pipeline\RAW\hunt_unit_database\_quarantine\duplicates\exact_hash\666666FC__KaiparowitsEastWest_bighorn_2015.pdf,666666FC__KaiparowitsEastWest_bighorn_2015.pdf,23403,83d4e38578567754e4f25393b7b65a53b0d2c241a4371c62b84f7dbb4fb0c732,
C:\Users\tyler\Desktop\GitHub\HUNT-BUILDER\pipeline\RAW\hunt_unit_database\_quarantine\duplicates\exact_hash\674F113A__2020_antlerless_hr.pdf,674F113A__2020_antlerless_hr.pdf,171841,8600b92f638ae176e3836db97c40c607db22cc1fc311fbef5ccefa3616f0976f,
C:\Users\tyler\Desktop\GitHub\HUNT-BUILDER\pipeline\RAW\hunt_unit_database\_quarantine\duplicates\exact_hash\67F6EA58__2023-book-cliffs-south.pdf,67F6EA58__2023-book-cliffs-south.pdf,45719,548ef303a8616b713a93a5cf9b8c1f19e18a2fac7c5c108594699ac1ce73d001,
C:\Users\tyler\Desktop\GitHub\HUNT-BUILDER\pipeline\RAW\hunt_unit_database\_quarantine\duplicates\exact_hash\682354E1__le_elk_hr.pdf,682354E1__le_elk_hr.pdf,16800,c8f29551fb92eef2125c8c62f1f50a84bda9361c16de5ad1f71b8a98bc3c223d,
C:\Users\tyler\Desktop\GitHub\HUNT-BUILDER\pipeline\RAW\hunt_unit_database\_quarantine\duplicates\exact_hash\691F689D__2021-north-slope-goslin-mtn.pdf,691F689D__2021-north-slope-goslin-mtn.pdf,58064,027438c74adad93b8958f65e78abcbacf92b7093bf79dbc67dc5c8b119b87959,
C:\Users\tyler\Desktop\GitHub\HUNT-BUILDER\pipeline\RAW\hunt_unit_database\_quarantine\duplicates\exact_hash\696130B3__2013_dbs_hr.pdf,696130B3__2013_dbs_hr.pdf,14290,6b38331886867e29a1d2e7634a056a59b3af8cc6abd446fe5914b8b6b192658d,
C:\Users\tyler\Desktop\GitHub\HUNT-BUILDER\pipeline\RAW\hunt_unit_database\_quarantine\duplicates\exact_hash\69BD1FA5__2023-la-sal-potash.pdf,69BD1FA5__2023-la-sal-potash.pdf,72969,9428193e420fceeb8dfb0f0dc138ce5c65476f1a98293bb16e9e2dfe6cd61a5f,
C:\Users\tyler\Desktop\GitHub\HUNT-BUILDER\pipeline\RAW\hunt_unit_database\_quarantine\duplicates\exact_hash\6AE90682__sanjuanriver_bighorn_2014 - Copy.pdf,6AE90682__sanjuanriver_bighorn_2014 - Copy.pdf,7034,f6563609c57f3a9d84e9981c18359e66e24098cfc643508e46765ac83b4a7dd2,
C:\Users\tyler\Desktop\GitHub\HUNT-BUILDER\pipeline\RAW\hunt_unit_database\_quarantine\duplicates\exact_hash\6AF0B015__2013_bison_hr.pdf,6AF0B015__2013_bison_hr.pdf,13266,d0942da4e361244e6e468c64fb7b6b72c8cd8132219c8b50d04cfdf6a071dfd7,
C:\Users\tyler\Desktop\GitHub\HUNT-BUILDER\pipeline\RAW\hunt_unit_database\_quarantine\duplicates\exact_hash\6F397394__2019-henry-mountains.pdf,6F397394__2019-henry-mountains.pdf,71354,d9764fd8578c721a8ba4c9b34eba950807f302e6bb72c957f22015589ea3bb0e,
C:\Users\tyler\Desktop\GitHub\HUNT-BUILDER\pipeline\RAW\hunt_unit_database\_quarantine\duplicates\exact_hash\6F74FA2F__2023-kaiparowits-escalante.pdf,6F74FA2F__2023-kaiparowits-escalante.pdf,43895,1ba06a15d35f1077102a86f1330a27547af8243688986dbec31fec46638116da,
C:\Users\tyler\Desktop\GitHub\HUNT-BUILDER\pipeline\RAW\hunt_unit_database\_quarantine\duplicates\exact_hash\72F1D542__NorthSlopeSheepCreek_bighorn_2015.pdf,72F1D542__NorthSlopeSheepCreek_bighorn_2015.pdf,7669,4944fc42c5314d25a0a811f2995f190e5dedd6a28f166b8cf1f86ff70413db80,
C:\Users\tyler\Desktop\GitHub\HUNT-BUILDER\pipeline\RAW\hunt_unit_database\_quarantine\duplicates\exact_hash\7957940F__2021-north-slope-bare-top.pdf,7957940F__2021-north-slope-bare-top.pdf,88491,60d6079ecb54fc0f1c14dea90e0ab3a35f7c09fcf18325d511b1bbbbebf52b8f,
C:\Users\tyler\Desktop\GitHub\HUNT-BUILDER\pipeline\RAW\hunt_unit_database\_quarantine\duplicates\exact_hash\79D7D43C__2016_bhs_harvest_data.pdf,79D7D43C__2016_bhs_harvest_data.pdf,479366,29d3795579b52d99c2bbe66e4ad7a6e67579ee2943b3bce9f6ab404e7bc09442,
C:\Users\tyler\Desktop\GitHub\HUNT-BUILDER\pipeline\RAW\hunt_unit_database\_quarantine\duplicates\exact_hash\7D1D9D14__dbs_hr.pdf,7D1D9D14__dbs_hr.pdf,7309,843b4cbee8173add53a632bcbb4dba97e6951985ef342564c80c96bd9c6ce504,
C:\Users\tyler\Desktop\GitHub\HUNT-BUILDER\pipeline\RAW\hunt_unit_database\_quarantine\duplicates\exact_hash\7D5C691F__2020-la-sal-potash.pdf,7D5C691F__2020-la-sal-potash.pdf,76859,2461cd3fd8819cf08314c3e87456444ad29c6a2c59294251a2a2f8537a108dc9,
C:\Users\tyler\Desktop\GitHub\HUNT-BUILDER\pipeline\RAW\hunt_unit_database\_quarantine\duplicates\exact_hash\7F9C50AD__2016_n_slope_three_corners_bh.pdf,7F9C50AD__2016_n_slope_three_corners_bh.pdf,6857,ba3f80a5d1e3df0a2e34ed53c4e548fda65edef3527d97f914a2cf65210ee0f8,
C:\Users\tyler\Desktop\GitHub\HUNT-BUILDER\pipeline\RAW\hunt_unit_database\_quarantine\duplicates\exact_hash\80298C94__2020-san-juan-north.pdf,80298C94__2020-san-juan-north.pdf,74018,56c7170bb2180ea6410ac3aa56c2b16eb695c967f8bb93bbba7e6292a6217d75,
C:\Users\tyler\Desktop\GitHub\HUNT-BUILDER\pipeline\RAW\hunt_unit_database\_quarantine\duplicates\exact_hash\803B2359__24_bg_report.pdf,803B2359__24_bg_report.pdf,14037480,e93e9472c9abfad2659fb4d3c3d62e28c9bf9b75c403839107fba89711e9d5df,
C:\Users\tyler\Desktop\GitHub\HUNT-BUILDER\pipeline\RAW\hunt_unit_database\_quarantine\duplicates\exact_hash\8087649B__2022_gs_buck_deer_hr.pdf,8087649B__2022_gs_buck_deer_hr.pdf,131918,89a227f30eb2ef433c1b0389617359291552b9a8b872db4043e9046b16402aec,
C:\Users\tyler\Desktop\GitHub\HUNT-BUILDER\pipeline\RAW\hunt_unit_database\_quarantine\duplicates\exact_hash\821F6D63__2020-san-juan-south.pdf,821F6D63__2020-san-juan-south.pdf,74681,5509df3880d5df3d36bd15af8dc47409a62598eb4668ef564582483f93bb4652,
C:\Users\tyler\Desktop\GitHub\HUNT-BUILDER\pipeline\RAW\hunt_unit_database\_quarantine\duplicates\exact_hash\8313C131__EB3038 Early rifle Elk Manti 2024 Print (2026_02_06 06_23_41 UTC).pdf,8313C131__EB3038 Early rifle Elk Manti 2024 Print (2026_02_06 06_23_41 UTC).pdf,711118,c9fffae68cb474d76705b3334676fbbb5ea74cfb419fee515a30afb96d7655e8,
C:\Users\tyler\Desktop\GitHub\HUNT-BUILDER\pipeline\RAW\hunt_unit_database\_quarantine\duplicates\exact_hash\84EFCD07__2020-san-juan-river.pdf,84EFCD07__2020-san-juan-river.pdf,74103,b5769ff7ecdfd88e832363d47f686a35f008c791ab6729a5f3f3108092f89da5,
C:\Users\tyler\Desktop\GitHub\HUNT-BUILDER\pipeline\RAW\hunt_unit_database\_quarantine\duplicates\exact_hash\85C752C1__le_pronghorn_hr.pdf,85C752C1__le_pronghorn_hr.pdf,9700,1591fa7eb9f75bfc4f464f6ed177926a360ac3e831979926a70c8399e4697a7f,
C:\Users\tyler\Desktop\GitHub\HUNT-BUILDER\pipeline\RAW\hunt_unit_database\_quarantine\duplicates\exact_hash\8646385C__Alex Berger (Group) Antlerless Hunt Contract Signed 2024.pdf,8646385C__Alex Berger (Group) Antlerless Hunt Contract Signed 2024.pdf,1464133,00f409a602bf9f539333be567ff0e7cc0acd5cff599d4d6c6b9115c64ed89df9,
C:\Users\tyler\Desktop\GitHub\HUNT-BUILDER\pipeline\RAW\hunt_unit_database\_quarantine\duplicates\exact_hash\875ABC67__Summons_Utah_Division_of_Wildlife_Resources (2025_12_24 22_29_05 UTC).pdf,875ABC67__Summons_Utah_Division_of_Wildlife_Resources (2025_12_24 22_29_05 UTC).pdf,87151,656783e14960edd160a047b68d0b7d0721ced2ca01978964a1e11aad3ec9ce67,
C:\Users\tyler\Desktop\GitHub\HUNT-BUILDER\pipeline\RAW\hunt_unit_database\_quarantine\duplicates\exact_hash\89691BBE__Bryan Tischner Finalized Hunt Contract Early Rifle 2025 (2026_02_06 06_23_41 UTC).pdf,89691BBE__Bryan Tischner Finalized Hunt Contract Early Rifle 2025 (2026_02_06 06_23_41 UTC).pdf,1370886,e8fea82b1837e912a7c3872fbcb491bbf4a7ef91e0f66539a9ac5194bbe17713,
C:\Users\tyler\Desktop\GitHub\HUNT-BUILDER\pipeline\RAW\hunt_unit_database\_quarantine\duplicates\exact_hash\898836F9__2026-04-rac-agenda.pdf,898836F9__2026-04-rac-agenda.pdf,175849,c2dc9fe1f9af7acd3babee328f992dc6bc7356338b42b31559c79c8c78e56d8b,
C:\Users\tyler\Desktop\GitHub\HUNT-BUILDER\pipeline\RAW\hunt_unit_database\_quarantine\duplicates\exact_hash\89C33881__2024_le_oial_all.pdf,89C33881__2024_le_oial_all.pdf,384486,3c52865bba4e7b749cc83f3cb0ab52bf91932900d16747cb9c232c689f5ac7e9,
C:\Users\tyler\Desktop\GitHub\HUNT-BUILDER\pipeline\RAW\hunt_unit_database\_quarantine\duplicates\exact_hash\89D66138__2019-box-elder-newfoundland.pdf,89D66138__2019-box-elder-newfoundland.pdf,68722,8db03541d516ecf317b397098f62f173834ea18dbb3202b3d64cf82b786be6bf,
C:\Users\tyler\Desktop\GitHub\HUNT-BUILDER\pipeline\RAW\hunt_unit_database\_quarantine\duplicates\exact_hash\8A8C711A__2016_pine_valley_bighorn.pdf,8A8C711A__2016_pine_valley_bighorn.pdf,24042,f4b30ebdd8bce123a1bfb53235fa9ec9b3543219180c47c0b91e4ffe6b38d28e,
C:\Users\tyler\Desktop\GitHub\HUNT-BUILDER\pipeline\RAW\hunt_unit_database\_quarantine\duplicates\exact_hash\8BE4AEF7__2021_le_oial_all.pdf,8BE4AEF7__2021_le_oial_all.pdf,364332,610bbece4bbf1229e8950b1a883492e06e4402b3ceb4068302a4e488879efc46,
C:\Users\tyler\Desktop\GitHub\HUNT-BUILDER\pipeline\RAW\hunt_unit_database\_quarantine\duplicates\exact_hash\8D5177C0__2021-north-slope-red-canyon.pdf,8D5177C0__2021-north-slope-red-canyon.pdf,84600,6d73501e1f206709f2ba8dc3678c74c81e455de974be27a89bdf5b33024c2fa8,
C:\Users\tyler\Desktop\GitHub\HUNT-BUILDER\pipeline\RAW\hunt_unit_database\_quarantine\duplicates\exact_hash\8EEC8D0E__2017-bighorn_harvest.pdf,8EEC8D0E__2017-bighorn_harvest.pdf,426812,2998b5d70e28e0fa8e80c18cc9fc3b7eb385d7d7d844be6bb50d0f0426e2beaa,
C:\Users\tyler\Desktop\GitHub\HUNT-BUILDER\pipeline\RAW\hunt_unit_database\_quarantine\duplicates\exact_hash\8F516A10__Dear Wildlife Board Members (2026_02_06 06_23_41 UTC).pdf,8F516A10__Dear Wildlife Board Members (2026_02_06 06_23_41 UTC).pdf,50636,986579bfffec54cf33c5bf70d0ec4a2d07bf0611f81e4ea75b94c1c8e5ee5bad,
C:\Users\tyler\Desktop\GitHub\HUNT-BUILDER\pipeline\RAW\hunt_unit_database\_quarantine\duplicates\exact_hash\93F6F3D0__2026-03-06-2025-preliminary-bg-harvest.pdf,93F6F3D0__2026-03-06-2025-preliminary-bg-harvest.pdf,662361,cbcade8db21d6eb7f2b0fac3ab92aebb4fec366757c6842fba8dd5bd204f1c40,
C:\Users\tyler\Desktop\GitHub\HUNT-BUILDER\pipeline\RAW\hunt_unit_database\_quarantine\duplicates\exact_hash\941AFF7F__westdaggett_redcanyon_bighorn_2014.pdf,941AFF7F__westdaggett_redcanyon_bighorn_2014.pdf,6679,673b4c39fa2405cfacaae1e2ba0d45d563340dd5a84e7c75d72a8bc32d9ade5e,
C:\Users\tyler\Desktop\GitHub\HUNT-BUILDER\pipeline\RAW\hunt_unit_database\_quarantine\duplicates\exact_hash\96236166__2018-central-mtns-nebo.pdf,96236166__2018-central-mtns-nebo.pdf,124037,013be1e40ae9e0bdc83f94adfca5dd1069b9c3b458f8bf3160f1364fcb0941e7,
C:\Users\tyler\Desktop\GitHub\HUNT-BUILDER\pipeline\RAW\hunt_unit_database\_quarantine\duplicates\exact_hash\9689348A__23_black_bear_report.pdf,9689348A__23_black_bear_report.pdf,2767514,f3791c6d9a53b91273150ed5285f68649e8218d75ffd0649ff92e10e6c7dbeec,
C:\Users\tyler\Desktop\GitHub\HUNT-BUILDER\pipeline\RAW\hunt_unit_database\_quarantine\duplicates\exact_hash\97079EAD__Wild Eyez Permit Fee 2023 (2026_02_06 06_23_41 UTC).pdf,97079EAD__Wild Eyez Permit Fee 2023 (2026_02_06 06_23_41 UTC).pdf,4775,e4698c7e454c4170109b4505a1336c374cba6f1271a9133c0504e7774455ad21,
C:\Users\tyler\Desktop\GitHub\HUNT-BUILDER\pipeline\RAW\hunt_unit_database\_quarantine\duplicates\exact_hash\97320A46__2014_bhs_data.pdf,97320A46__2014_bhs_data.pdf,77134,13ecda9ea9c1fae1077e5feb33611ea1e799d611623734eb5421f19813c05408,
C:\Users\tyler\Desktop\GitHub\HUNT-BUILDER\pipeline\RAW\hunt_unit_database\_quarantine\duplicates\exact_hash\9830D239__black-bear-and-cougar-guidebook (2025_12_24 23_43_27 UTC).pdf,9830D239__black-bear-and-cougar-guidebook (2025_12_24 23_43_27 UTC).pdf,1340989,be5da034dd02a1453f5bc220101b9cf7b7ae8a5e6566043b3606fe3d72cda5ee,
C:\Users\tyler\Desktop\GitHub\HUNT-BUILDER\pipeline\RAW\hunt_unit_database\_quarantine\duplicates\exact_hash\9A1A328A__Hunting Guides and Outfitters Licensing Act Rule (2026_02_06 06_23_41 UTC).pdf,9A1A328A__Hunting Guides and Outfitters Licensing Act Rule (2026_02_06 06_23_41 UTC).pdf,34325,1cb3bc3b98f5a1d2036752edb7eddb8c5efa48c2f3b394099c29de6ecd68e0fd,
C:\Users\tyler\Desktop\GitHub\HUNT-BUILDER\pipeline\RAW\hunt_unit_database\_quarantine\duplicates\exact_hash\9A28363E__2013_le_deer_hr.pdf,9A28363E__2013_le_deer_hr.pdf,51732,d3f5a06b5610117c78dfbcf34bc45522784e014f95d272ab390c27c64cff4dbf,
C:\Users\tyler\Desktop\GitHub\HUNT-BUILDER\pipeline\RAW\hunt_unit_database\_quarantine\duplicates\exact_hash\9ADB2B0A__Brett Hansen Hunt Contract - signed.pdf,9ADB2B0A__Brett Hansen Hunt Contract - signed.pdf,2094467,25b796897ba64a7b69a08101c1214d89e118e12b9d19ad9399c2047bc8abd638,
C:\Users\tyler\Desktop\GitHub\HUNT-BUILDER\pipeline\RAW\hunt_unit_database\_quarantine\duplicates\exact_hash\9C71337C__2013_mg_hr.pdf,9C71337C__2013_mg_hr.pdf,14975,914ff2990b1252cfde833e4d79bc4ad96968941df05534193357bf0c1b0d9faf,
C:\Users\tyler\Desktop\GitHub\HUNT-BUILDER\pipeline\RAW\hunt_unit_database\_quarantine\duplicates\exact_hash\9DBED702__2014_antlerless_hr - Copy.pdf,9DBED702__2014_antlerless_hr - Copy.pdf,59501,8c00c4684f3dac7f78926e003bae3b3f25d9896eeac9576bea545ded69cbd033,
C:\Users\tyler\Desktop\GitHub\HUNT-BUILDER\pipeline\RAW\hunt_unit_database\_quarantine\duplicates\exact_hash\9DD3BEB5__Zion_bighorn_2015.pdf,9DD3BEB5__Zion_bighorn_2015.pdf,26355,33aa1c459e1847cbd7025706289158ffad7eddd063a80c068f829cd7df1b6c0f,
C:\Users\tyler\Desktop\GitHub\HUNT-BUILDER\pipeline\RAW\hunt_unit_database\_quarantine\duplicates\exact_hash\9FDDB308__2014_all_species_hr - Copy.pdf,9FDDB308__2014_all_species_hr - Copy.pdf,137331,a757f9bf26a08a9ea80aa6ec30b9dc6bda72d9dac70bb542f094756253fdd94d,
C:\Users\tyler\Desktop\GitHub\HUNT-BUILDER\pipeline\RAW\hunt_unit_database\_quarantine\duplicates\exact_hash\9FDDB308__2014_all_species_hr.pdf,9FDDB308__2014_all_species_hr.pdf,137331,a757f9bf26a08a9ea80aa6ec30b9dc6bda72d9dac70bb542f094756253fdd94d,
C:\Users\tyler\Desktop\GitHub\HUNT-BUILDER\pipeline\RAW\hunt_unit_database\_quarantine\duplicates\exact_hash\A2D7DC7C__2020-kaiparowits-escalante.pdf,A2D7DC7C__2020-kaiparowits-escalante.pdf,78115,a7665594fcae568c897a8f9694f8d18293bf43e6ff9bccfc913b42c34211aa0a,
C:\Users\tyler\Desktop\GitHub\HUNT-BUILDER\pipeline\RAW\hunt_unit_database\_quarantine\duplicates\exact_hash\A36EA107__2026-04-rac-packet.pdf,A36EA107__2026-04-rac-packet.pdf,5209425,f55ba74dd9798270fdcc7e149d23f542d16150e61a69135e878d4beacf31abc9,
C:\Users\tyler\Desktop\GitHub\HUNT-BUILDER\pipeline\RAW\hunt_unit_database\_quarantine\duplicates\exact_hash\A3E14C05__2017-SanJuanSouth_bighorn.pdf,A3E14C05__2017-SanJuanSouth_bighorn.pdf,50799,fbcf7fa9ff964ca36b53fc2fac3254d7bcbb8045ced81e7d17ae347056850d17,
C:\Users\tyler\Desktop\GitHub\HUNT-BUILDER\pipeline\RAW\hunt_unit_database\_quarantine\duplicates\exact_hash\A510ECD2__2023_antlerless_hr.pdf,A510ECD2__2023_antlerless_hr.pdf,207839,d36241a87154bc84a86863858fb24380145a288c8a654f6e22e626bbd4dbd71f,
C:\Users\tyler\Desktop\GitHub\HUNT-BUILDER\pipeline\RAW\hunt_unit_database\_quarantine\duplicates\exact_hash\A830E72C__Brian Murphy Antlerless Hunt Contract 2024 (2026_02_06 06_23_41 UTC).pdf,A830E72C__Brian Murphy Antlerless Hunt Contract 2024 (2026_02_06 06_23_41 UTC).pdf,1312123,ff241fd3132734a1a4c50f92de598951143f54fe218a746535765e5d9747b84e,
C:\Users\tyler\Desktop\GitHub\HUNT-BUILDER\pipeline\RAW\hunt_unit_database\_quarantine\duplicates\exact_hash\A8D807AA__upland_turkey_guidebook (2025_12_24 23_43_27 UTC).pdf,A8D807AA__upland_turkey_guidebook (2025_12_24 23_43_27 UTC).pdf,6395849,513951a6990b44de9af85c597a96b552f22cf0ec83f16d22f02398e14bc461ae,
C:\Users\tyler\Desktop\GitHub\HUNT-BUILDER\pipeline\RAW\hunt_unit_database\_quarantine\duplicates\exact_hash\A9838348__lockhart_bighorn_2014.pdf,A9838348__lockhart_bighorn_2014.pdf,7584,2065d8b282baf06f6b2b16771e5e2180c37db92def960dbdc32d3585e5af9f7c,
C:\Users\tyler\Desktop\GitHub\HUNT-BUILDER\pipeline\RAW\hunt_unit_database\_quarantine\duplicates\exact_hash\AABBEC63__2018_gs_deer_hr.pdf,AABBEC63__2018_gs_deer_hr.pdf,431310,bf3f4786524b6fc95ca3e928a3c9cc9d78205f201de20c671c9aa2d83d13d8dc,
C:\Users\tyler\Desktop\GitHub\HUNT-BUILDER\pipeline\RAW\hunt_unit_database\_quarantine\duplicates\exact_hash\ACF210C5__OquirrhStansburyBighorn_2015.pdf,ACF210C5__OquirrhStansburyBighorn_2015.pdf,7080,c0a6cb2396e0d4f067a55c24178472af9fe4494850cea15ea497fedff79f1c5d,
C:\Users\tyler\Desktop\GitHub\HUNT-BUILDER\pipeline\RAW\hunt_unit_database\_quarantine\duplicates\exact_hash\AEE0FA31__2026-04-rac-packet a.pdf,AEE0FA31__2026-04-rac-packet a.pdf,4942063,53a121ab3c2d12e4d4e7c936789a1efeebb90d29b085a4a74f6d389c57644b4a,
C:\Users\tyler\Desktop\GitHub\HUNT-BUILDER\pipeline\RAW\hunt_unit_database\_quarantine\duplicates\exact_hash\B0627EF0__Alma Wayman Cougar Hunting Contract 2023 - signed.pdf,B0627EF0__Alma Wayman Cougar Hunting Contract 2023 - signed.pdf,958731,67e5e8bbd2b3643fb55f756e82792ff9adfadc0dee220455225f540981d97ae1,
C:\Users\tyler\Desktop\GitHub\HUNT-BUILDER\pipeline\RAW\hunt_unit_database\_quarantine\duplicates\exact_hash\B069E351__Wild Eyez Permit Fee 2023.pdf,B069E351__Wild Eyez Permit Fee 2023.pdf,4775,e4698c7e454c4170109b4505a1336c374cba6f1271a9133c0504e7774455ad21,
C:\Users\tyler\Desktop\GitHub\HUNT-BUILDER\pipeline\RAW\hunt_unit_database\_quarantine\duplicates\exact_hash\B227C476__2019-san-juan-north.pdf,B227C476__2019-san-juan-north.pdf,69398,f194f8c79eb07d2b3edcd1e7f5531c47be890c2219fb51664e2bdb5538c3b8d7,
C:\Users\tyler\Desktop\GitHub\HUNT-BUILDER\pipeline\RAW\hunt_unit_database\_quarantine\duplicates\exact_hash\B24A5D72__Nick Berry Late Season Rifle 2024-agreement draft (2026_02_06 06_23_41 UTC).pdf,B24A5D72__Nick Berry Late Season Rifle 2024-agreement draft (2026_02_06 06_23_41 UTC).pdf,4295612,e99a174cd3bf6093d817287119b8c28942330bffdb84d07a29de102ea34f78e5,
C:\Users\tyler\Desktop\GitHub\HUNT-BUILDER\pipeline\RAW\hunt_unit_database\_quarantine\duplicates\exact_hash\B4960223__2020_le_oial_all.pdf,B4960223__2020_le_oial_all.pdf,357706,33b7071b5af63f0b6c0c027b0be3a294eac2667648feeb79ee55a1d7e25c9cfa,
C:\Users\tyler\Desktop\GitHub\HUNT-BUILDER\pipeline\RAW\hunt_unit_database\_quarantine\duplicates\exact_hash\B55FC8BB__2020-north-slope-red-canyon.pdf,B55FC8BB__2020-north-slope-red-canyon.pdf,66806,bce16b73d1449c8b2adb86b571f3c5c1c0c7029ba903265cd72576eb68695b8b,
C:\Users\tyler\Desktop\GitHub\HUNT-BUILDER\pipeline\RAW\hunt_unit_database\_quarantine\duplicates\exact_hash\B7606C8B__2020-harvest-data.pdf,B7606C8B__2020-harvest-data.pdf,164160,9c144c4fe3469ea827483b187a2886aef1ba20a9499099b1abfd3b3dae4f43f8,
C:\Users\tyler\Desktop\GitHub\HUNT-BUILDER\pipeline\RAW\hunt_unit_database\_quarantine\duplicates\exact_hash\B84DCFB4__2017_antlerless_hr.pdf,B84DCFB4__2017_antlerless_hr.pdf,106268,5c044926794c607436a483261f45dbae23c4a657b26d061fe2d62395d9853839,
C:\Users\tyler\Desktop\GitHub\HUNT-BUILDER\pipeline\RAW\hunt_unit_database\_quarantine\duplicates\exact_hash\B891CEAD__2023-harvest-data.pdf,B891CEAD__2023-harvest-data.pdf,167472,2520051ba692857a3b99656f731fcc5c326eb23cce62cc3512a3bc6681a07ec8,
C:\Users\tyler\Desktop\GitHub\HUNT-BUILDER\pipeline\RAW\hunt_unit_database\_quarantine\duplicates\exact_hash\BA82C2D8__NorthSlopeRedCanyon_bighorn_2015.pdf,BA82C2D8__NorthSlopeRedCanyon_bighorn_2015.pdf,6773,b74b4e71235fdb8a160843f193397bef3d791cf937e320bfd87d94d211e20697,
C:\Users\tyler\Desktop\GitHub\HUNT-BUILDER\pipeline\RAW\hunt_unit_database\_quarantine\duplicates\exact_hash\BAAFE85F__2026-03-06-2025-preliminary-bg-harvest.pdf,BAAFE85F__2026-03-06-2025-preliminary-bg-harvest.pdf,662361,cbcade8db21d6eb7f2b0fac3ab92aebb4fec366757c6842fba8dd5bd204f1c40,
C:\Users\tyler\Desktop\GitHub\HUNT-BUILDER\pipeline\RAW\hunt_unit_database\_quarantine\duplicates\exact_hash\BC030AB1__2016_san_rafael_dirty_devil_bg.pdf,BC030AB1__2016_san_rafael_dirty_devil_bg.pdf,7176,e4aaf6be59c868a3849dc3924af81927f87917f67ee45d73d175f67d9a3a0cab,
C:\Users\tyler\Desktop\GitHub\HUNT-BUILDER\pipeline\RAW\hunt_unit_database\_quarantine\duplicates\exact_hash\BDCA7942__Your Receipt - License Permit # 497236741 (2026_02_06 06_23_41 UTC).pdf,BDCA7942__Your Receipt - License Permit # 497236741 (2026_02_06 06_23_41 UTC).pdf,193432,57789503a3c3062f22471ec6c06925d4966c689701819f780578b403c3542fa5,
C:\Users\tyler\Desktop\GitHub\HUNT-BUILDER\pipeline\RAW\hunt_unit_database\_quarantine\duplicates\exact_hash\BF28D40C__2018-san-rafael-south.pdf,BF28D40C__2018-san-rafael-south.pdf,221378,f2d9e24b0f1383f08378c2f62538ebc395abe9cb185e1b68f6dafae98c5d39ee,
C:\Users\tyler\Desktop\GitHub\HUNT-BUILDER\pipeline\RAW\hunt_unit_database\_quarantine\duplicates\exact_hash\C17CCC00__Marshall Thomas Cougar Hunting Contract 2023-1-1 (2026_02_06 06_23_41 UTC).pdf,C17CCC00__Marshall Thomas Cougar Hunting Contract 2023-1-1 (2026_02_06 06_23_41 UTC).pdf,2894240,5008e97d2ffb22395d96965bc8f2733e6eee8c46526e61cefb3564bd4076f6d9,
C:\Users\tyler\Desktop\GitHub\HUNT-BUILDER\pipeline\RAW\hunt_unit_database\_quarantine\duplicates\exact_hash\C3CFAABB__2021-san-rafael-north.pdf,C3CFAABB__2021-san-rafael-north.pdf,190355,c60c8caf010bdf8420459d8368520155ce5388adf633625e83ea4ff098395ad2,
C:\Users\tyler\Desktop\GitHub\HUNT-BUILDER\pipeline\RAW\hunt_unit_database\_quarantine\duplicates\exact_hash\C439BBFB__2015_le_oial_hr.pdf,C439BBFB__2015_le_oial_hr.pdf,98063,e30dc2376881e63fe505b077cc71767cc95dcea8ed9d040dca1093d5bc02b2db,
C:\Users\tyler\Desktop\GitHub\HUNT-BUILDER\pipeline\RAW\hunt_unit_database\_quarantine\duplicates\exact_hash\C4D19DD4__2022_antlerless_hr.pdf,C4D19DD4__2022_antlerless_hr.pdf,215731,269b7fda3567b0d2d371a48e99b2841bd8fe585c863333af03a7ffb6ef61dab2,
C:\Users\tyler\Desktop\GitHub\HUNT-BUILDER\pipeline\RAW\hunt_unit_database\_quarantine\duplicates\exact_hash\C4E69EBF__2019-pine-valley.pdf,C4E69EBF__2019-pine-valley.pdf,190921,12a10239bbe6f8cbe9baa177cf6263704d82c858f0e057e0813f95cae2479c24,
C:\Users\tyler\Desktop\GitHub\HUNT-BUILDER\pipeline\RAW\hunt_unit_database\_quarantine\duplicates\exact_hash\C55B75A4__2019-book-cliffs-rattlesnake.pdf,C55B75A4__2019-book-cliffs-rattlesnake.pdf,72856,82ceec3dc9419f399829d554f48f811cd443fdffc54fbb31ab7fc2938746456c,
C:\Users\tyler\Desktop\GitHub\HUNT-BUILDER\pipeline\RAW\hunt_unit_database\_quarantine\duplicates\exact_hash\C6C89627__rmg_hr.pdf,C6C89627__rmg_hr.pdf,7364,8dcd45c8e9921037e6098bf8804d260557f6fcb6bf5bedb1b5438ce3a63bc56f,
C:\Users\tyler\Desktop\GitHub\HUNT-BUILDER\pipeline\RAW\hunt_unit_database\_quarantine\duplicates\exact_hash\C8921125__moose_hr.pdf,C8921125__moose_hr.pdf,9070,2887b7fcc47088012e2c4bb62666f8a116a309526d224b11db7e5ac6d48fe9e3,
C:\Users\tyler\Desktop\GitHub\HUNT-BUILDER\pipeline\RAW\hunt_unit_database\_quarantine\duplicates\exact_hash\C96DDA0A__2018-harvest-data.pdf,C96DDA0A__2018-harvest-data.pdf,117312,706d31a020c0031c201b237409027b7725334b16b1b18726bac91e5cfcc76ac1,
C:\Users\tyler\Desktop\GitHub\HUNT-BUILDER\pipeline\RAW\hunt_unit_database\_quarantine\duplicates\exact_hash\CB37154C__newfoundland_bighorn_2014.pdf,CB37154C__newfoundland_bighorn_2014.pdf,7671,06a6902afcb9bebd6fb8dd236cf81cb8b1f1c74e932f8c479acb194efeb178ad,
C:\Users\tyler\Desktop\GitHub\HUNT-BUILDER\pipeline\RAW\hunt_unit_database\_quarantine\duplicates\exact_hash\CBBDB0DA__2013_le_elk_hr.pdf,CBBDB0DA__2013_le_elk_hr.pdf,66974,2111a8f283a038e269b6c2b282c18233ce8c3810d8008af7f5953018c984ac04,
C:\Users\tyler\Desktop\GitHub\HUNT-BUILDER\pipeline\RAW\hunt_unit_database\_quarantine\duplicates\exact_hash\CC3515C4__NorthSanRafael_bighorn_2015.pdf,CC3515C4__NorthSanRafael_bighorn_2015.pdf,8081,3728d62e336447f947a89766284864ef3d34fe2663702291657d9210db29547b,
C:\Users\tyler\Desktop\GitHub\HUNT-BUILDER\pipeline\RAW\hunt_unit_database\_quarantine\duplicates\exact_hash\CCD4B0B4__sheepcreek_bighorn_2014.pdf,CCD4B0B4__sheepcreek_bighorn_2014.pdf,7008,e04a51266ff67f15c8f79ae42ffa9c459166cceb57303a9cdf564450658ee1dd,
C:\Users\tyler\Desktop\GitHub\HUNT-BUILDER\pipeline\RAW\hunt_unit_database\_quarantine\duplicates\exact_hash\CDE693FB__2023-san-juan-north.pdf,CDE693FB__2023-san-juan-north.pdf,66808,b9c149c065e7bae0f921a6f1a925c6a26888d11da08ff19eac9d07993c009a7b,
C:\Users\tyler\Desktop\GitHub\HUNT-BUILDER\pipeline\RAW\hunt_unit_database\_quarantine\duplicates\exact_hash\D02F25DC__2022-henry-mountains.pdf,D02F25DC__2022-henry-mountains.pdf,89575,6df1627246a584fb8932ba8ef21a7c4c3ee0eaf1c7ddecbe6376888f0bb244ab,
C:\Users\tyler\Desktop\GitHub\HUNT-BUILDER\pipeline\RAW\hunt_unit_database\_quarantine\duplicates\exact_hash\D176FC55__Elk Hunt Packing List 2024 (1).pdf,D176FC55__Elk Hunt Packing List 2024 (1).pdf,621697,00abbaf553cec430a1287b7e4ee38be20726eb66ca4fc9ca34b3917be56c752c,
C:\Users\tyler\Desktop\GitHub\HUNT-BUILDER\pipeline\RAW\hunt_unit_database\_quarantine\duplicates\exact_hash\D1D7FE69__2022-harvest-data.pdf,D1D7FE69__2022-harvest-data.pdf,193163,9fe7d975c2f4c84d0d39078c55b8995bed3a314b00f5d50ad13dbafbc0d86f41,
C:\Users\tyler\Desktop\GitHub\HUNT-BUILDER\pipeline\RAW\hunt_unit_database\_quarantine\duplicates\exact_hash\D2F62773__2021-north-slope-sheep-creek.pdf,D2F62773__2021-north-slope-sheep-creek.pdf,84862,09873550b2325b3ee1d0c84cba07ed3b813df8c37942bccd599a587f7d0b03b4,
C:\Users\tyler\Desktop\GitHub\HUNT-BUILDER\pipeline\RAW\hunt_unit_database\_quarantine\duplicates\exact_hash\D31C7ADA__2016_n_slope_w_daggett_red_canyon_bh.pdf,D31C7ADA__2016_n_slope_w_daggett_red_canyon_bh.pdf,7655,8934a54c00248a0b1abb7ff0e06b424c9a40982b033b6131fc0d9e14a339b1f0,
C:\Users\tyler\Desktop\GitHub\HUNT-BUILDER\pipeline\RAW\hunt_unit_database\_quarantine\duplicates\exact_hash\D42C697C__2016_box_elder_newfoundlands_bh.pdf,D42C697C__2016_box_elder_newfoundlands_bh.pdf,7023,f825a76443832d4cc7e08a2e079221b00a2a51e032cdef8625206ece4ec5be90,
C:\Users\tyler\Desktop\GitHub\HUNT-BUILDER\pipeline\RAW\hunt_unit_database\_quarantine\duplicates\exact_hash\D4B0394B__2019_le_oial_all.pdf,D4B0394B__2019_le_oial_all.pdf,380720,e3a994ebda7026af38fc22691034a0efc0ecab21f923a79921846d8c95312796,
C:\Users\tyler\Desktop\GitHub\HUNT-BUILDER\pipeline\RAW\hunt_unit_database\_quarantine\duplicates\exact_hash\D55D9519__2014_antlerless_hr.pdf,D55D9519__2014_antlerless_hr.pdf,59501,8c00c4684f3dac7f78926e003bae3b3f25d9896eeac9576bea545ded69cbd033,
C:\Users\tyler\Desktop\GitHub\HUNT-BUILDER\pipeline\RAW\hunt_unit_database\_quarantine\duplicates\exact_hash\D58FBA2D__2014_gs_deer_hr.pdf,D58FBA2D__2014_gs_deer_hr.pdf,44175,550a26349948d5ca84d4535e5e51cbefda58d0151c7ec3eeb25f734c76710b24,
C:\Users\tyler\Desktop\GitHub\HUNT-BUILDER\pipeline\RAW\hunt_unit_database\_quarantine\duplicates\exact_hash\D85F563B__sanjuanriver_bighorn_2014.pdf,D85F563B__sanjuanriver_bighorn_2014.pdf,7034,f6563609c57f3a9d84e9981c18359e66e24098cfc643508e46765ac83b4a7dd2,
C:\Users\tyler\Desktop\GitHub\HUNT-BUILDER\pipeline\RAW\hunt_unit_database\_quarantine\duplicates\exact_hash\D8BF16A8__avintaquin_bighorn_2014.pdf,D8BF16A8__avintaquin_bighorn_2014.pdf,6996,c5d302c47bdcbf02fded073ab310e4a09d0819378c74538f21ff9bdc6e780960,
C:\Users\tyler\Desktop\GitHub\HUNT-BUILDER\pipeline\RAW\hunt_unit_database\_quarantine\duplicates\exact_hash\DBF15490__2017_gs_deer_hr.pdf,DBF15490__2017_gs_deer_hr.pdf,70617,2562270c88a4aa2f36777bbb3536e05be2278a39841571e6dd3c5d5c800816e4,
C:\Users\tyler\Desktop\GitHub\HUNT-BUILDER\pipeline\RAW\hunt_unit_database\_quarantine\duplicates\exact_hash\DC156906__2017-KaiparowitsEscalante_bighorn.pdf,DC156906__2017-KaiparowitsEscalante_bighorn.pdf,216787,d7e024bffb00af9cd5778319d887dd9e3e6547416423243ea3fb6c5c490b2235,
C:\Users\tyler\Desktop\GitHub\HUNT-BUILDER\pipeline\RAW\hunt_unit_database\_quarantine\duplicates\exact_hash\DC43E7E3__2018-north-slope-goslin.pdf,DC43E7E3__2018-north-slope-goslin.pdf,117161,234771b17470c13e2c5e9d2724a5e2e430ee88a0db3725127b90180f66977c8b,
C:\Users\tyler\Desktop\GitHub\HUNT-BUILDER\pipeline\RAW\hunt_unit_database\_quarantine\duplicates\exact_hash\DDA50D03__2017-LaSalPotash_bighorn.pdf,DDA50D03__2017-LaSalPotash_bighorn.pdf,106064,cf42ed8ea29a02dd9f076a9b9160acdae0998d9550c955ed106f56cb44a1e71f,
C:\Users\tyler\Desktop\GitHub\HUNT-BUILDER\pipeline\RAW\hunt_unit_database\_quarantine\duplicates\exact_hash\DDC67D0A__2019-harvest-data.pdf,DDC67D0A__2019-harvest-data.pdf,141480,7923fe17212ac63159e6015d002a181c2d76d442922d038da32ede6202444916,
C:\Users\tyler\Desktop\GitHub\HUNT-BUILDER\pipeline\RAW\hunt_unit_database\_quarantine\duplicates\exact_hash\DE545C2B__2021_antlerless_hr.pdf,DE545C2B__2021_antlerless_hr.pdf,553401,2dbcbcf5f97bbf26286bfef855c95ad14e1ba45aed20eeea6682ac7f6a3118b6,
C:\Users\tyler\Desktop\GitHub\HUNT-BUILDER\pipeline\RAW\hunt_unit_database\_quarantine\duplicates\exact_hash\E1898BBE__Charlie_s Hunting Guide Application ( (2026_02_06 06_23_41 UTC).pdf,E1898BBE__Charlie_s Hunting Guide Application ( (2026_02_06 06_23_41 UTC).pdf,285213,30897fde359d4043f549cf012f1ccf9d60b228ff6e16665fee6a0abc4330c8f2,
C:\Users\tyler\Desktop\GitHub\HUNT-BUILDER\pipeline\RAW\hunt_unit_database\_quarantine\duplicates\exact_hash\E4624674__2015_antlerless_hr.pdf,E4624674__2015_antlerless_hr.pdf,23362,7d4cfcbf81279a08924876cec1c1e93e464e7e8e5414c38d9e36715e11bf92b2,
C:\Users\tyler\Desktop\GitHub\HUNT-BUILDER\pipeline\RAW\hunt_unit_database\_quarantine\duplicates\exact_hash\E522B86E__2019_gs_deer_hr.pdf,E522B86E__2019_gs_deer_hr.pdf,157131,1b51cf58ae0aae011836e0759bc503da6ddf044c8524fe2f69bfea0e9a29522d,
C:\Users\tyler\Desktop\GitHub\HUNT-BUILDER\pipeline\RAW\hunt_unit_database\_quarantine\duplicates\exact_hash\E53238C9__Wildlife Email Addresses (2026_02_06 06_23_41 UTC).pdf,E53238C9__Wildlife Email Addresses (2026_02_06 06_23_41 UTC).pdf,12830,5be3499deb5b4f2b31acb9225b3d4c9879da88dd59b9753af1ff4cafcd0465ec,
C:\Users\tyler\Desktop\GitHub\HUNT-BUILDER\pipeline\RAW\hunt_unit_database\_quarantine\duplicates\exact_hash\E5DC155E__escalante_bighorn_2014.pdf,E5DC155E__escalante_bighorn_2014.pdf,7800,fe37cd4abc97dab69cad2630419b0945d2a35faa92d9bead50c45a8a9958138f,
C:\Users\tyler\Desktop\GitHub\HUNT-BUILDER\pipeline\RAW\hunt_unit_database\_quarantine\duplicates\exact_hash\E604C470__2013_le_pronghorn_hr.pdf,E604C470__2013_le_pronghorn_hr.pdf,32339,815cfa5795074ebd856575ac4416217af38c074bf964a10c035497d8fb54bda7,
C:\Users\tyler\Desktop\GitHub\HUNT-BUILDER\pipeline\RAW\hunt_unit_database\_quarantine\duplicates\exact_hash\E613C1CF__WasatchMtnsWest_bighorn_2015.pdf,E613C1CF__WasatchMtnsWest_bighorn_2015.pdf,7591,66168b83ad622d9b49f54d350cf00ee275e3996c5a9b8d2b3f0ebd95f79a6113,
C:\Users\tyler\Desktop\GitHub\HUNT-BUILDER\pipeline\RAW\hunt_unit_database\_quarantine\duplicates\exact_hash\E6B2F219__2018-north-slope-hoop-lake.pdf,E6B2F219__2018-north-slope-hoop-lake.pdf,115125,94f941123ffa2ca65b38dc64bf2ff3321d5d4df42ccc4a6803028ae7748d186d,
C:\Users\tyler\Desktop\GitHub\HUNT-BUILDER\pipeline\RAW\hunt_unit_database\_quarantine\duplicates\exact_hash\E82EC00A__2016_nine_mile_range_creek_bh.pdf,E82EC00A__2016_nine_mile_range_creek_bh.pdf,26954,15350b33cc96957255aa192556481117804c77b3ee984862368172166bf8892e,
C:\Users\tyler\Desktop\GitHub\HUNT-BUILDER\pipeline\RAW\hunt_unit_database\_quarantine\duplicates\exact_hash\EBD4914D__2016_book_cliffs_rattlesnake_bh.pdf,EBD4914D__2016_book_cliffs_rattlesnake_bh.pdf,23980,e18fe57f6f0613421cb759520b930190d53c7bcc3ee47d625f2209a5d48a48a8,
C:\Users\tyler\Desktop\GitHub\HUNT-BUILDER\pipeline\RAW\hunt_unit_database\_quarantine\duplicates\exact_hash\EC0399AB__2023-nine-mile-jack-creek.pdf,EC0399AB__2023-nine-mile-jack-creek.pdf,50852,6bc9f98b4ff4ee631b2d9e5042d88967de07fbd3106f86453f10cc051736ae3f,
C:\Users\tyler\Desktop\GitHub\HUNT-BUILDER\pipeline\RAW\hunt_unit_database\_quarantine\duplicates\exact_hash\EC39897A__lasalpotash_bighorn_2014.pdf,EC39897A__lasalpotash_bighorn_2014.pdf,7377,8941b0238b5e73e9b34ec40a534de01badedba115cabaee4d1175788e63fe356,
C:\Users\tyler\Desktop\GitHub\HUNT-BUILDER\pipeline\RAW\hunt_unit_database\_quarantine\duplicates\exact_hash\EE0B5B20__SouthSanRafael_bighorn_2015.pdf,EE0B5B20__SouthSanRafael_bighorn_2015.pdf,8502,4dd7628d43dd132c083ea98cfcf506dc9b85357c5c715666a21afd5c8cc5567c,
C:\Users\tyler\Desktop\GitHub\HUNT-BUILDER\pipeline\RAW\hunt_unit_database\_quarantine\duplicates\exact_hash\EF54A49E__Alma Wayman Cougar Hunting Contract 2023-agreement draft (2026_02_06 06_23_41 UTC).pdf,EF54A49E__Alma Wayman Cougar Hunting Contract 2023-agreement draft (2026_02_06 06_23_41 UTC).pdf,2878055,86d3ba1e4f2ddd747298fa8ddd85aafc7f129c709e988aaa9402a2de07d726a1,
C:\Users\tyler\Desktop\GitHub\HUNT-BUILDER\pipeline\RAW\hunt_unit_database\_quarantine\duplicates\exact_hash\F068911C__2018_le_oial_hr.pdf,F068911C__2018_le_oial_hr.pdf,1359331,c368bb2ed985e0c9725129f6c726cb227fe7c2ed0e21fc1c2fdd850fea7a7292,
C:\Users\tyler\Desktop\GitHub\HUNT-BUILDER\pipeline\RAW\hunt_unit_database\_quarantine\duplicates\exact_hash\F0B2F027__2019-san-rafael-dirty-devil.pdf,F0B2F027__2019-san-rafael-dirty-devil.pdf,386047,050ed3afd20c7462c0cf0d5ab6d9788df199ce364e35ee1c6cb4a2a131cf26cf,
C:\Users\tyler\Desktop\GitHub\HUNT-BUILDER\pipeline\RAW\hunt_unit_database\_quarantine\duplicates\exact_hash\F164CB19__2021-kaiparowits-east-west.pdf,F164CB19__2021-kaiparowits-east-west.pdf,195705,09374ffc774776d5d35490a90b9f13090501a25bea1ea3d498c3cac782bc5acb,
C:\Users\tyler\Desktop\GitHub\HUNT-BUILDER\pipeline\RAW\hunt_unit_database\_quarantine\duplicates\exact_hash\F16F569B__2023-san-juan-lockhart.pdf,F16F569B__2023-san-juan-lockhart.pdf,60338,cdf2a412413715c12da03b1c9ec4a13fc26c8db57604f4e606696f724e3ce3de,
C:\Users\tyler\Desktop\GitHub\HUNT-BUILDER\pipeline\RAW\hunt_unit_database\_quarantine\duplicates\exact_hash\F2BCFD2B__2015_BHS_Data.pdf,F2BCFD2B__2015_BHS_Data.pdf,64585,f5f38faa84272a50a771f79fc30ea73b3a1f821f7019883153a214a541b2c8fe,
C:\Users\tyler\Desktop\GitHub\HUNT-BUILDER\pipeline\RAW\hunt_unit_database\_quarantine\duplicates\exact_hash\F37849DB__2023-san-juan-south.pdf,F37849DB__2023-san-juan-south.pdf,68739,4aeb8276d17b77a128037ec8b6db75fb51d66a1495c2b03fbb448f509adcf9d2,
C:\Users\tyler\Desktop\GitHub\HUNT-BUILDER\pipeline\RAW\hunt_unit_database\_quarantine\duplicates\exact_hash\F5C9D9F7__2023-san-juan-river.pdf,F5C9D9F7__2023-san-juan-river.pdf,64581,0e0d94f7d23b5a8ea528379ce33e22fd08f17336f7ec66a2a6b83d374855dc94,
C:\Users\tyler\Desktop\GitHub\HUNT-BUILDER\pipeline\RAW\hunt_unit_database\_quarantine\duplicates\exact_hash\F694EB19__2018-zion.pdf,F694EB19__2018-zion.pdf,260618,b0bb5ffdc881e4f4f6b7986be43eb41c4e652cb20dfce106d9699d7aa0441d5a,
C:\Users\tyler\Desktop\GitHub\HUNT-BUILDER\pipeline\RAW\hunt_unit_database\_quarantine\duplicates\exact_hash\F7A8FA79__2026-03-06-2025-preliminary-bg-harvest.pdf,F7A8FA79__2026-03-06-2025-preliminary-bg-harvest.pdf,662361,cbcade8db21d6eb7f2b0fac3ab92aebb4fec366757c6842fba8dd5bd204f1c40,
C:\Users\tyler\Desktop\GitHub\HUNT-BUILDER\pipeline\RAW\hunt_unit_database\_quarantine\duplicates\exact_hash\F8243836__2021-box-elder-newfoundland-mtn.pdf,F8243836__2021-box-elder-newfoundland-mtn.pdf,187020,f5640758ecdca0189be6271d9e86380ef8e0da1a2f20ee2ca9c15e4f77b614e8,
C:\Users\tyler\Desktop\GitHub\HUNT-BUILDER\pipeline\RAW\hunt_unit_database\_quarantine\duplicates\exact_hash\F87F4503__southsanjuan_bighorn_2014.pdf,F87F4503__southsanjuan_bighorn_2014.pdf,7413,85e4201c08efbf34f088cc1c8aeee1749926e5abf903d2055a8ccc808d4ec3b8,
C:\Users\tyler\Desktop\GitHub\HUNT-BUILDER\pipeline\RAW\hunt_unit_database\_quarantine\duplicates\exact_hash\F9200FC6__CentralMtnsNebo_bighorn_2015.pdf,F9200FC6__CentralMtnsNebo_bighorn_2015.pdf,6662,69c05077a0d7fe8b5c20e9c2f480a84df52af64c985bedc6fc4b1a6d6cad282a,
C:\Users\tyler\Desktop\GitHub\HUNT-BUILDER\pipeline\RAW\hunt_unit_database\_quarantine\duplicates\exact_hash\FB0988E9__24_black_bear_report.pdf,FB0988E9__24_black_bear_report.pdf,1204818,8028bc816eca8821b836ef24d50b36fb6fba8ad46264b690b9a0bb10dce94374,
C:\Users\tyler\Desktop\GitHub\HUNT-BUILDER\pipeline\RAW\hunt_unit_database\_quarantine\duplicates\exact_hash\FC2CF80D__2023-central-mtns-nebo.pdf,FC2CF80D__2023-central-mtns-nebo.pdf,41765,e960fe19c504b98e77e8b2e87bf565e9e3c8304377023b24ba18c7f0fa417d0f,
C:\Users\tyler\Desktop\GitHub\HUNT-BUILDER\pipeline\RAW\hunt_unit_database\_quarantine\duplicates\exact_hash\FC7CCBA4__pilotmtn_bighorn_2014.pdf,FC7CCBA4__pilotmtn_bighorn_2014.pdf,39716,8298d4f25aefbd5bde820b49f761e5f0638d663ad70c77b1d98d5367f6472415,
C:\Users\tyler\Desktop\GitHub\HUNT-BUILDER\pipeline\RAW\hunt_unit_database\_quarantine\duplicates\exact_hash\FE8939B2__2013_gs_deer_hr.pdf,FE8939B2__2013_gs_deer_hr.pdf,48461,9c1aeb78c2f0d67eef6ed12888450948de84451a8d9f4c029bdcc363fafc18d4,
C:\Users\tyler\Desktop\GitHub\HUNT-BUILDER\pipeline\RAW\hunt_unit_database\_quarantine\duplicates\exact_hash\FEF5EE56__NorthSlopeBaretop_bighorn_2015.pdf,FEF5EE56__NorthSlopeBaretop_bighorn_2015.pdf,35334,534d970dcfed9d27c2e714f858262233a769456d19f5ae1f998524b47da6b1ca,
C:\Users\tyler\Desktop\GitHub\HUNT-BUILDER\pipeline\RAW\hunt_unit_database\_quarantine\duplicates\exact_hash\FFF54F48__2021-zion.pdf,FFF54F48__2021-zion.pdf,194102,26f3a1b82015930e8c4652fd56e166ed20a464c09bbeba96232b84a3e7797943,
C:\Users\tyler\Desktop\GitHub\HUNT-BUILDER\pipeline\RAW\hunt_unit_database\_quarantine\duplicates\near_size_name\2022-24_conservation_permits.pdf,2022-24_conservation_permits.pdf,292890,6a8354517bddbd13bc9dac28293eb6e5d160b7407401259ddf79c5203832e985,
C:\Users\tyler\Desktop\GitHub\HUNT-BUILDER\pipeline\RAW\hunt_unit_database\_quarantine\duplicates\near_size_name\4EC98C41__2024_gs_buck_deer_hr.pdf,4EC98C41__2024_gs_buck_deer_hr.pdf,134087,e2c18a44b5efc29c6c32158c8f5f250863602c122a6c0439d676c057c5d90916,
C:\Users\tyler\Desktop\GitHub\HUNT-BUILDER\pipeline\RAW\hunt_unit_database\_quarantine\duplicates\near_size_name\C664548E__2024_le_oial_all.pdf,C664548E__2024_le_oial_all.pdf,384682,94c281770cbcc74dccedb1c30c31f68ba6fdec8da4b547acd35c4b16867f7b85,
C:\Users\tyler\Desktop\GitHub\HUNT-BUILDER\pipeline\RAW\hunt_unit_database\_quarantine\pdf\no_strong_hunt_signal\00EAB87B__dwr public meeting (2026_01_18 23_35_20 UTC).pdf,00EAB87B__dwr public meeting (2026_01_18 23_35_20 UTC).pdf,8176,4dd95f5ec2559a94e7e63022f333cc7cc227cdba63edcbf43ee477aa41d56b13,
C:\Users\tyler\Desktop\GitHub\HUNT-BUILDER\pipeline\RAW\hunt_unit_database\_quarantine\pdf\no_strong_hunt_signal\0453BFAC__Final Letter to Utah DWR re Licnesing (2026_02_06 06_23_41 UTC).pdf,0453BFAC__Final Letter to Utah DWR re Licnesing (2026_02_06 06_23_41 UTC).pdf,523334,9c237fdbda05f5c03484e4eacb0553cab5c1e6879c45f8c1ae9914bb2221a31a,
C:\Users\tyler\Desktop\GitHub\HUNT-BUILDER\pipeline\RAW\hunt_unit_database\_quarantine\pdf\no_strong_hunt_signal\097E3DE2__David Baker Hunt Contract 2024  2.pdf,097E3DE2__David Baker Hunt Contract 2024  2.pdf,1887294,6609b26bd75b754b1d9ae97baade0b298dcbc1a2d7e3ec69c2d2c128ccde51ea,
C:\Users\tyler\Desktop\GitHub\HUNT-BUILDER\pipeline\RAW\hunt_unit_database\_quarantine\pdf\no_strong_hunt_signal\20793B0C__Final Letter to Utah DWR re Licnesing.pdf,20793B0C__Final Letter to Utah DWR re Licnesing.pdf,473743,4851ce241342d87bf4e1a4149b2fe19ffe0ce1bdaff5365dd3a4ea33b7cfcaee,
C:\Users\tyler\Desktop\GitHub\HUNT-BUILDER\pipeline\RAW\hunt_unit_database\_quarantine\pdf\no_strong_hunt_signal\2E08600D__Registered_Outfitters DWR - Table 1.pdf,2E08600D__Registered_Outfitters DWR - Table 1.pdf,72889,4dffeaed19b3fffac19b071ba63e13dfa8c6645ded73907ec20628d6a8c89ab9,
C:\Users\tyler\Desktop\GitHub\HUNT-BUILDER\pipeline\RAW\hunt_unit_database\_quarantine\pdf\no_strong_hunt_signal\2F49C188__Registered_Outfitters DWR - Table 1.pdf,2F49C188__Registered_Outfitters DWR - Table 1.pdf,72889,4dffeaed19b3fffac19b071ba63e13dfa8c6645ded73907ec20628d6a8c89ab9,
C:\Users\tyler\Desktop\GitHub\HUNT-BUILDER\pipeline\RAW\hunt_unit_database\_quarantine\pdf\no_strong_hunt_signal\36011E1E__2023 Outfitter.pdf,36011E1E__2023 Outfitter.pdf,3929839,6e6534042673ab9946c29d5dd8ad6e4e5157dadbd72c665f2d4f25c65efd2b40,
C:\Users\tyler\Desktop\GitHub\HUNT-BUILDER\pipeline\RAW\hunt_unit_database\_quarantine\pdf\no_strong_hunt_signal\3B1EC975__DM DNF Outfitter_Guide_Special_Use_permit_renewal_2020_0330_signed (1).pdf,3B1EC975__DM DNF Outfitter_Guide_Special_Use_permit_renewal_2020_0330_signed (1).pdf,373289,7b024bfbc29ea06d648718abb2873d84deec9d39a410cabea75827f71384821d,
C:\Users\tyler\Desktop\GitHub\HUNT-BUILDER\pipeline\RAW\hunt_unit_database\_quarantine\pdf\no_strong_hunt_signal\50654F6F__Decision_Record_Q1_2026_CCFO_Hunting_Guides[1].pdf,50654F6F__Decision_Record_Q1_2026_CCFO_Hunting_Guides[1].pdf,262379,b32ec87fd8816b22eaef90f129dfff7bc5a1808743cee9234fd6ef8b3903510b,
C:\Users\tyler\Desktop\GitHub\HUNT-BUILDER\pipeline\RAW\hunt_unit_database\_quarantine\pdf\no_strong_hunt_signal\527EA474__2023_conservation_permit_bids.pdf,527EA474__2023_conservation_permit_bids.pdf,208111,97fe5e447ef5e08e9f26874362b509c06231acc6b2549cac26dc82e010734f06,
C:\Users\tyler\Desktop\GitHub\HUNT-BUILDER\pipeline\RAW\hunt_unit_database\_quarantine\pdf\no_strong_hunt_signal\52EC45BA__Registered_Outfitters DWR - Table 1 (2026_01_18 23_35_20 UTC).pdf,52EC45BA__Registered_Outfitters DWR - Table 1 (2026_01_18 23_35_20 UTC).pdf,72889,4dffeaed19b3fffac19b071ba63e13dfa8c6645ded73907ec20628d6a8c89ab9,
C:\Users\tyler\Desktop\GitHub\HUNT-BUILDER\pipeline\RAW\hunt_unit_database\_quarantine\pdf\no_strong_hunt_signal\53106507__Q1_2026_CCFO_Hunting_Guide_SRPs[1].pdf,53106507__Q1_2026_CCFO_Hunting_Guide_SRPs[1].pdf,679885,eb42ad29f3749c853e95419f14d6622722376318a0c2324e2129e2a5c5cbcd31,
C:\Users\tyler\Desktop\GitHub\HUNT-BUILDER\pipeline\RAW\hunt_unit_database\_quarantine\pdf\no_strong_hunt_signal\735D2FA0__Registered_Outfitters DWR - Table 1 (2026_03_09 00_04_09 UTC).pdf,735D2FA0__Registered_Outfitters DWR - Table 1 (2026_03_09 00_04_09 UTC).pdf,72889,4dffeaed19b3fffac19b071ba63e13dfa8c6645ded73907ec20628d6a8c89ab9,
C:\Users\tyler\Desktop\GitHub\HUNT-BUILDER\pipeline\RAW\hunt_unit_database\_quarantine\pdf\no_strong_hunt_signal\75F40AD1__DWR Certificate of Completion.pdf,75F40AD1__DWR Certificate of Completion.pdf,70202,e6fb272df2319a7146caaac378aea38d348e8e4388794bcd4cf31a294c277adf,
C:\Users\tyler\Desktop\GitHub\HUNT-BUILDER\pipeline\RAW\hunt_unit_database\_quarantine\pdf\no_strong_hunt_signal\7F57507F__March 2026 Hunting SRPs.pdf,7F57507F__March 2026 Hunting SRPs.pdf,427793,7bf98860482fbc8757fc0450029bdca4f841573cb3febf4a974892b92346cff4,
C:\Users\tyler\Desktop\GitHub\HUNT-BUILDER\pipeline\RAW\hunt_unit_database\_quarantine\pdf\no_strong_hunt_signal\8083A3C2__HR_1800010118000101 (2026_01_20 21_16_43 UTC).pdf,8083A3C2__HR_1800010118000101 (2026_01_20 21_16_43 UTC).pdf,106306,27483b132c1211af00b6293591f877358e23929b2dae2aafa5e692fdf6c3aa85,
C:\Users\tyler\Desktop\GitHub\HUNT-BUILDER\pipeline\RAW\hunt_unit_database\_quarantine\pdf\no_strong_hunt_signal\823F96E2__Matt Lacek Hunt Contract Archery Mature Bull Manti 2024.pdf,823F96E2__Matt Lacek Hunt Contract Archery Mature Bull Manti 2024.pdf,1652759,0c97934eece166064e3f7bb9aa62f16384fc623d53c0e70c95632c038a725fe8,
C:\Users\tyler\Desktop\GitHub\HUNT-BUILDER\pipeline\RAW\hunt_unit_database\_quarantine\pdf\no_strong_hunt_signal\856CFCBB__DWR-Officer-Contacts.pdf,856CFCBB__DWR-Officer-Contacts.pdf,32445,ed1c1f3316a2292f95286662cd6a02a5106ae5be6590a811ba50ce5d9cea632b,
C:\Users\tyler\Desktop\GitHub\HUNT-BUILDER\pipeline\RAW\hunt_unit_database\_quarantine\pdf\no_strong_hunt_signal\874161BE__Final Letter to Utah DWR re Licnesing (2025_12_24 22_29_05 UTC).pdf,874161BE__Final Letter to Utah DWR re Licnesing (2025_12_24 22_29_05 UTC).pdf,523334,9c237fdbda05f5c03484e4eacb0553cab5c1e6879c45f8c1ae9914bb2221a31a,
C:\Users\tyler\Desktop\GitHub\HUNT-BUILDER\pipeline\RAW\hunt_unit_database\_quarantine\pdf\no_strong_hunt_signal\8E51CC58__dwr public meeting (2026_01_19 03_35_59 UTC).pdf,8E51CC58__dwr public meeting (2026_01_19 03_35_59 UTC).pdf,8176,4dd95f5ec2559a94e7e63022f333cc7cc227cdba63edcbf43ee477aa41d56b13,
C:\Users\tyler\Desktop\GitHub\HUNT-BUILDER\pipeline\RAW\hunt_unit_database\_quarantine\pdf\no_strong_hunt_signal\9BEE0C82__Final Letter to Utah DWR re Licnesing 10.pdf,9BEE0C82__Final Letter to Utah DWR re Licnesing 10.pdf,471714,0709ed5e381c5b9253a3a783311f53ac65e99382b933eab61fc2b70f0d0e3f1f,
C:\Users\tyler\Desktop\GitHub\HUNT-BUILDER\pipeline\RAW\hunt_unit_database\_quarantine\pdf\no_strong_hunt_signal\A113CD63__2025-12-01-Hunting Outfitting and Guiding Operating Plan Form_0.pdf,A113CD63__2025-12-01-Hunting Outfitting and Guiding Operating Plan Form_0.pdf,745547,e7c0507e2f31815de3395ee7c5d676741a2f02ec80fc6aa96997c425516c77e1,
C:\Users\tyler\Desktop\GitHub\HUNT-BUILDER\pipeline\RAW\hunt_unit_database\_quarantine\pdf\no_strong_hunt_signal\A6BF2F60__DWR LOGO.pdf,A6BF2F60__DWR LOGO.pdf,1895772,ee6cb69259fb0a1dceae0bbc0dc5a5fac6cee112f3e966ae8255f8628f078039,
C:\Users\tyler\Desktop\GitHub\HUNT-BUILDER\pipeline\RAW\hunt_unit_database\_quarantine\pdf\no_strong_hunt_signal\ACE129C2__Final Letter to Utah DWR re Licnesing 1.pdf,ACE129C2__Final Letter to Utah DWR re Licnesing 1.pdf,583215,0f974717d8069d9adaa1913bf1b1f98b8b618dcff48066cf6423b5aab2d32c9b,
C:\Users\tyler\Desktop\GitHub\HUNT-BUILDER\pipeline\RAW\hunt_unit_database\_quarantine\pdf\no_strong_hunt_signal\B01EB03D__Final Letter to Utah DWR re Licnesing (2025_12_24 21_13_46 UTC).pdf,B01EB03D__Final Letter to Utah DWR re Licnesing (2025_12_24 21_13_46 UTC).pdf,523334,9c237fdbda05f5c03484e4eacb0553cab5c1e6879c45f8c1ae9914bb2221a31a,
C:\Users\tyler\Desktop\GitHub\HUNT-BUILDER\pipeline\RAW\hunt_unit_database\_quarantine\pdf\no_strong_hunt_signal\B09A3366__U.O.G.A. Hunt Planner _ VERIFIED OUTFITTERS.pdf,B09A3366__U.O.G.A. Hunt Planner _ VERIFIED OUTFITTERS.pdf,1701628,844f9b35a9dd4aa08d8ffc071139fa18dd90cf8d7438bba7ab2d9eade20b1036,
C:\Users\tyler\Desktop\GitHub\HUNT-BUILDER\pipeline\RAW\hunt_unit_database\_quarantine\pdf\no_strong_hunt_signal\B77282F7__Central Region 05.13.25 DWR RAC Meeting (2026_02_07 01_35_25 UTC).pdf,B77282F7__Central Region 05.13.25 DWR RAC Meeting (2026_02_07 01_35_25 UTC).pdf,299737,accdcef75cb8e4b1bb277ea22f976146910f7adcefd96287bc63816fd2135f6d,
C:\Users\tyler\Desktop\GitHub\HUNT-BUILDER\pipeline\RAW\hunt_unit_database\_quarantine\pdf\no_strong_hunt_signal\B98F7CA0__Southern Region DWR RAC Meeting (2026_02_07 01_35_25 UTC).pdf,B98F7CA0__Southern Region DWR RAC Meeting (2026_02_07 01_35_25 UTC).pdf,489298,91623947c12ebc3ab29201f8817bd460a7baedda3f3f7e5450be0d378c8d9ded,
C:\Users\tyler\Desktop\GitHub\HUNT-BUILDER\pipeline\RAW\hunt_unit_database\_quarantine\pdf\no_strong_hunt_signal\BD4A74DA__HR3_1800010118000101 (2026_01_20 21_16_43 UTC).pdf,BD4A74DA__HR3_1800010118000101 (2026_01_20 21_16_43 UTC).pdf,35402,2803269e8eace9dff0ec358f661ef44307fa3b11b85000065a30172e3b738ce1,
C:\Users\tyler\Desktop\GitHub\HUNT-BUILDER\pipeline\RAW\hunt_unit_database\_quarantine\pdf\no_strong_hunt_signal\DC3B3BC0__Utah-DWR-letter.pdf,DC3B3BC0__Utah-DWR-letter.pdf,223017,fda6f22762df9269cbc41556984cc5dfc5b78ba93b7ac4134c39c7de1fd9e6d4,
C:\Users\tyler\Desktop\GitHub\HUNT-BUILDER\pipeline\RAW\hunt_unit_database\_quarantine\pdf\no_strong_hunt_signal\DFC260CB__Final Letter to Utah DWR re Licnesing 1 (2026_02_06 06_23_41 UTC).pdf,DFC260CB__Final Letter to Utah DWR re Licnesing 1 (2026_02_06 06_23_41 UTC).pdf,583215,0f974717d8069d9adaa1913bf1b1f98b8b618dcff48066cf6423b5aab2d32c9b,
C:\Users\tyler\Desktop\GitHub\HUNT-BUILDER\pipeline\RAW\hunt_unit_database\_quarantine\pdf\no_strong_hunt_signal\E54ABC77__2023 SSEO Commercial Price V1.0 OPTIC PRO ONLY - 15DEC22.pdf,E54ABC77__2023 SSEO Commercial Price V1.0 OPTIC PRO ONLY - 15DEC22.pdf,342779,cf674b6edadac19b9046382d569b378f9d2431bb6d6b9d6110a583136834d33c,
C:\Users\tyler\Desktop\GitHub\HUNT-BUILDER\pipeline\RAW\hunt_unit_database\_quarantine\pdf\no_strong_hunt_signal\EA2000 Print antlerless elk control.pdf,EA2000 Print antlerless elk control.pdf,1151772,afa50314ae524e917a0523a377738f29f3fcff15414ea36ae6d753260760cc52,
C:\Users\tyler\Desktop\GitHub\HUNT-BUILDER\pipeline\RAW\hunt_unit_database\_quarantine\pdf\no_strong_hunt_signal\F5A9C6EB__NorthEastern DWR RAC Meeting (2026_02_07 01_35_25 UTC).pdf,F5A9C6EB__NorthEastern DWR RAC Meeting (2026_02_07 01_35_25 UTC).pdf,255911,b5fa5bd625017753e167d2696ca878ee1b77444a61d6fd3872a016133a819e89,
C:\Users\tyler\Desktop\GitHub\HUNT-BUILDER\pipeline\RAW\hunt_unit_database\_quarantine\pdf\no_strong_hunt_signal\F5DCB9FA__Contract-to-Book-Your-Hunt (2026_01_10 09_18_30 UTC).pdf,F5DCB9FA__Contract-to-Book-Your-Hunt (2026_01_10 09_18_30 UTC).pdf,773299,d090e82860abf2c9eaff99ebfe3aaf961179edc5a7e22786483017ac27966913,
C:\Users\tyler\Desktop\BIBLE HUNT CODES\19_bg-odds.pdf,19_bg-odds.pdf,2006015,0acdc1f714b4effc238f30ea0729d8470107dd68d8947ba74b685372ff49e789,
C:\Users\tyler\Desktop\BIBLE HUNT CODES\2019_PERMITS=2020_MODEL__G.S.. DEER DRAW RESULTS.pdf,2019_PERMITS=2020_MODEL__G.S.. DEER DRAW RESULTS.pdf,397391,c76bfc68a1a78b5cb594ff1be174d150fcb8f9e44244f1ca280aedd6b891a964,
C:\Users\tyler\Desktop\BIBLE HUNT CODES\2020_turkey_bonus_points_draw_results.pdf,2020_turkey_bonus_points_draw_results.pdf,106685,da4a587f233baa1e15eedfe57ccec92b8fb53011e9b9a58a357431325e7a2d10,
C:\Users\tyler\Desktop\BIBLE HUNT CODES\2020_youth_turkey_draw_results.pdf,2020_youth_turkey_draw_results.pdf,91992,54fd5fec03839d0fb8931596aa1299de18d87ad0fbadc2d7ba4279664d59f7d3,
C:\Users\tyler\Desktop\BIBLE HUNT CODES\2026 youth elk draw.pdf,2026 youth elk draw.pdf,184445,6135cb9a6cc7f9fe7cca48648a0e60c218205072da40c11dee946ae19f457bf5,
C:\Users\tyler\Desktop\BIBLE HUNT CODES\Utah Draw System.pdf,Utah Draw System.pdf,5098650,f661356f02fe02b1541236ab2fa8474d5948f0499d607e28602252155e5c6543,
C:\Users\tyler\Desktop\BIBLE HUNT CODES\Utah Draw System2.pdf,Utah Draw System2.pdf,5098651,4bcd520df4853375108d32f58729a097c89a5b1329fbb8944d6f0a26b3b8d3a0,
C:\Users\tyler\Desktop\BIBLE HUNT CODES\2021\.pdf,.pdf,,,"PermissionError(13, 'Permission denied')"
C:\Users\tyler\Desktop\BIBLE HUNT CODES\2022\.pdf,.pdf,,,"PermissionError(13, 'Permission denied')"
C:\Users\tyler\Desktop\BIBLE HUNT CODES\2022\2022_big_game_8_family_combined_manifest_report.pdf,2022_big_game_8_family_combined_manifest_report.pdf,8293,1a36414b86fa46a81fc823cbbe9289f9e7785a78e1d8be20af186c196037a406,
C:\Users\tyler\Desktop\BIBLE HUNT CODES\2022\2022_PERMITS=2023_MODEL__YOUTH ANTLERLESS ELK DRAW RESULTS.pdf,2022_PERMITS=2023_MODEL__YOUTH ANTLERLESS ELK DRAW RESULTS.pdf,11534664,be07a89cabd590e0a250b90974bcd738530871315d844d1318fe033e2311c066,
C:\Users\tyler\Desktop\BIBLE HUNT CODES\2022\hunt_pages_only.pdf,hunt_pages_only.pdf,16551167,c58292ba88e1a6f71ec4d4b8ead2b6924b0424805488aea6030cf443af86325c,
C:\Users\tyler\Desktop\BIBLE HUNT CODES\2023\.pdf,.pdf,,,"PermissionError(13, 'Permission denied')"
C:\Users\tyler\Desktop\BIBLE HUNT CODES\2023\23_antlerless_drawing_odds_report.pdf,23_antlerless_drawing_odds_report.pdf,770790,bf701616eee76380516e6a86d56517657740ab61b38c86860044d31712ce139f,
C:\Users\tyler\Desktop\BIBLE HUNT CODES\2023\23_youth_antlerless_drawing_odds_report.pdf,23_youth_antlerless_drawing_odds_report.pdf,689163,adff51c9d620fd88c5bed4a1253293183db9563a2f292c3ec0bc9c0694218670,
C:\Users\tyler\Desktop\BIBLE HUNT CODES\2024\.pdf,.pdf,,,"PermissionError(13, 'Permission denied')"
C:\Users\tyler\Desktop\BIBLE HUNT CODES\2024\2024_PERMITS=2025_MODEL__SPORTSMAN DRAW RESULTS edit.pdf,2024_PERMITS=2025_MODEL__SPORTSMAN DRAW RESULTS edit.pdf,38213,f4abb15c3324560e59b784fdceaf01bbdc9a986f7805050ab3dc110a9921af13,
C:\Users\tyler\Desktop\BIBLE HUNT CODES\2025\.pdf,.pdf,,,"PermissionError(13, 'Permission denied')"
C:\Users\tyler\Desktop\BIBLE HUNT CODES\2025\2025_PERMITS=2026_MODEL__HUNT EXPO DRAW RESULTS.pdf,2025_PERMITS=2026_MODEL__HUNT EXPO DRAW RESULTS.pdf,199445,3a735eb778c0947dcc6e8fac95c8eab08b70a868db722ae07415094fd954cd82,
C:\Users\tyler\Desktop\BIBLE HUNT CODES\2026\.pdf,.pdf,,,"PermissionError(13, 'Permission denied')"
C:\Users\tyler\Desktop\BIBLE HUNT CODES\dwr download database 2026\bear pursuit non res.pdf,bear pursuit non res.pdf,516481,a051308823bec7381e038fe93f08d001c97d129e56cd47d4af8a5b3e6289208e,
C:\Users\tyler\Desktop\BIBLE HUNT CODES\dwr download database 2026\bison 2.pdf,bison 2.pdf,46748,4ca750cf5067d1772148776a615008f62ec7d70163dac8471225d3865dec81eb,
C:\Users\tyler\Desktop\BIBLE HUNT CODES\dwr download database 2026\bison cow only.pdf,bison cow only.pdf,1773569,aa06763159837732204f70afae8785b236fba216c19e32c8923540535b2e17a0,
C:\Users\tyler\Desktop\BIBLE HUNT CODES\dwr download database 2026\bison non res.pdf,bison non res.pdf,1891269,a3148e071f3f1541b191d90165a6748d82d8dd4ff603f91689a687f9e793fdff,
C:\Users\tyler\Desktop\BIBLE HUNT CODES\dwr download database 2026\bison res.pdf,bison res.pdf,2207705,dc75d1bf58f78cc161c9f57206240468df5e72b88e17f5b00a405abb266a4caf,
C:\Users\tyler\Desktop\BIBLE HUNT CODES\dwr download database 2026\black bear pursuit res.pdf,black bear pursuit res.pdf,539532,b2a475dfc158f8bf4b62477a486b02e80d48b191aae787e5465a9ae0d1f386d4,
C:\Users\tyler\Desktop\BIBLE HUNT CODES\dwr download database 2026\deer  buck non res l.e..pdf,deer  buck non res l.e..pdf,19172358,2354954efd1c5325e8d5c09d936fc9b18df0c30379531bb7701562f70d7dbe1d,
C:\Users\tyler\Desktop\BIBLE HUNT CODES\dwr download database 2026\des sheep nr.pdf,des sheep nr.pdf,2182575,de909357fc4e2220c2bbf5fd6fe6d7b5ea5f0bc38e3fb4375ffbe52f88c86419,
C:\Users\tyler\Desktop\BIBLE HUNT CODES\dwr download database 2026\desert sheep res.pdf,desert sheep res.pdf,2443826,87f5659dc3fd85a355d0014402a30de53d0b7a6dc4a30ed28c9e2f80d405a7e3,
C:\Users\tyler\Desktop\BIBLE HUNT CODES\dwr download database 2026\goat non res.pdf,goat non res.pdf,2002671,1b8675b848dd13808d45cd841fab892f744df22f7fc4e583189ff31d711d1c5d,
C:\Users\tyler\Desktop\BIBLE HUNT CODES\dwr download database 2026\goat res.pdf,goat res.pdf,1891980,6213cc57041e7a6d6accb96e064cdb9a3d23de124d5558c421e39758e6be039d,
C:\Users\tyler\Desktop\BIBLE HUNT CODES\dwr download database 2026\gs deer nr.pdf,gs deer nr.pdf,2239636,1c5305a30da9c513fbb03ba915388f734fe35b2e9d9e2bb109cd98f762acff14,
C:\Users\tyler\Desktop\BIBLE HUNT CODES\dwr download database 2026\gs deer res.pdf,gs deer res.pdf,2229764,9787c05d05358696bf5209f66caa26d41871688abc92ea79194c7bcc7a210f73,
C:\Users\tyler\Desktop\BIBLE HUNT CODES\dwr download database 2026\gs der res.pdf,gs der res.pdf,6581224,ec74460469b95e04d58e1834896e7b11633fa97e84d711f4f503a267c6e632b7,
C:\Users\tyler\Desktop\BIBLE HUNT CODES\dwr download database 2026\le buck deer.pdf,le buck deer.pdf,20858521,66b1899f85d353317da2125f559dfad0cc74e365682bea26465205e09fc6b52f,
C:\Users\tyler\Desktop\BIBLE HUNT CODES\dwr download database 2026\le buck prong.pdf,le buck prong.pdf,4677024,a15868a78841b5515059ff641710e9fab1c55e35633f0360334482cc5f090e7a,
C:\Users\tyler\Desktop\BIBLE HUNT CODES\dwr download database 2026\le elk nr.pdf,le elk nr.pdf,22509896,65f9aaa709c538506c394890a9c69aa64728111e1f06b87784136ff05180ac54,
C:\Users\tyler\Desktop\BIBLE HUNT CODES\dwr download database 2026\le elk.pdf,le elk.pdf,23884974,0d3cd81506d5b3c6b112cdcfeed47913c65184a9be8b675b7cb19af2ad6de0e3,
C:\Users\tyler\Desktop\BIBLE HUNT CODES\dwr download database 2026\mtn goat res.pdf,mtn goat res.pdf,2257768,195831a462d9de18a9ea56f2df8279ffc4aff1c1e583ba3cff4c99ed8ce2d5f3,
C:\Users\tyler\Desktop\BIBLE HUNT CODES\dwr download database 2026\nr le buck deer.pdf,nr le buck deer.pdf,6581240,5f242be12b60fb4302263cc436a4c5c78b4976ea849b813d6840b594eb352774,
C:\Users\tyler\Desktop\BIBLE HUNT CODES\dwr download database 2026\oil moose.pdf,oil moose.pdf,3377381,e32d7ce57bbca5af01b456c6a6c5dfb92452693e9160b85d745edbcb44ef2a7e,
C:\Users\tyler\Desktop\BIBLE HUNT CODES\dwr download database 2026\rm  sheep non res.pdf,rm  sheep non res.pdf,1821966,687a4ba34508e2dd68cc8b16df25b741cbb646bf842234ed7b9ee25390ddf1df,
C:\Users\tyler\Desktop\BIBLE HUNT CODES\dwr download database 2026\rm sheep res.pdf,rm sheep res.pdf,2054115,221ec26aef50be9101efd2383c801f83708b2b4612d63e37211f28f6371b3ae2,
C:\Users\tyler\Desktop\BIBLE HUNT CODES\dwr download database 2026\Utah Draw System.pdf,Utah Draw System.pdf,5098784,0d3f9185d8b2e3a2d0952dee25f728ca4977f4bd82a6ba6c054b92025ce1ae62,
C:\Users\tyler\Desktop\BIBLE HUNT CODES\2019\2019 other files\2019_LEGACY__ANTLERLESS_DEER_DRAWING_ODDS_REPORT.pdf,2019_LEGACY__ANTLERLESS_DEER_DRAWING_ODDS_REPORT.pdf,197936,524a69d37906815133a49ba3edc2231d4ee2079510bb798563d54669265bc82d,
C:\Users\tyler\Desktop\BIBLE HUNT CODES\2019\2019 other files\2019_PERMITS=2020_MODEL__ANTLERLESS_SUMMARY_AND_PURCHASE_PAGES.pdf,2019_PERMITS=2020_MODEL__ANTLERLESS_SUMMARY_AND_PURCHASE_PAGES.pdf,102101,13c3731641151574d6755bb434458daba1df71c39cc54370f212fdfd22438214,
C:\Users\tyler\Desktop\BIBLE HUNT CODES\2019\2019 other files\2019_PERMITS=2020_MODEL__BIG_GAME__LIMITED_ENTRY_BISON__HUNT_PAGES_ONLY.pdf,2019_PERMITS=2020_MODEL__BIG_GAME__LIMITED_ENTRY_BISON__HUNT_PAGES_ONLY.pdf,1057451,aba4992807069cb0064d02bd9fc26bdb3283b39e45aac6d2ba309d471e58c9a7,
C:\Users\tyler\Desktop\BIBLE HUNT CODES\2019\2019 other files\2019_PERMITS=2020_MODEL__BIG_GAME__LIMITED_ENTRY_DEER__HUNT_PAGES_ONLY.pdf,2019_PERMITS=2020_MODEL__BIG_GAME__LIMITED_ENTRY_DEER__HUNT_PAGES_ONLY.pdf,11553147,130879a50f95474be5d1a066ee2c610e38e65bb0f94a4c4fb0dc77319d176ad0,
C:\Users\tyler\Desktop\BIBLE HUNT CODES\2019\2019 other files\2019_PERMITS=2020_MODEL__BIG_GAME__LIMITED_ENTRY_DESERT_BIGHORN_SHEEP__HUNT_PAGES_ONLY.pdf,2019_PERMITS=2020_MODEL__BIG_GAME__LIMITED_ENTRY_DESERT_BIGHORN_SHEEP__HUNT_PAGES_ONLY.pdf,984429,628917aab8d0f02ced27b4d99d79e99cb0fa260b4fd09fc70b73b503e0603aa5,
C:\Users\tyler\Desktop\BIBLE HUNT CODES\2019\2019 other files\2019_PERMITS=2020_MODEL__BIG_GAME__LIMITED_ENTRY_ELK__HUNT_PAGES_ONLY.pdf,2019_PERMITS=2020_MODEL__BIG_GAME__LIMITED_ENTRY_ELK__HUNT_PAGES_ONLY.pdf,13392342,f82622629ad75f9383302c29209d562b88cd0af6e39e3fe4ca50a23e70b7f4cf,
C:\Users\tyler\Desktop\BIBLE HUNT CODES\2019\2019 other files\2019_PERMITS=2020_MODEL__BIG_GAME__LIMITED_ENTRY_MOOSE__HUNT_PAGES_ONLY.pdf,2019_PERMITS=2020_MODEL__BIG_GAME__LIMITED_ENTRY_MOOSE__HUNT_PAGES_ONLY.pdf,2732051,560af1190525609710f70c5f28fe523b60145962b5424a3ff689759d3271d0e5,
C:\Users\tyler\Desktop\BIBLE HUNT CODES\2019\2019 other files\2019_PERMITS=2020_MODEL__BIG_GAME__LIMITED_ENTRY_MTN_GOAT__HUNT_PAGES_ONLY.pdf,2019_PERMITS=2020_MODEL__BIG_GAME__LIMITED_ENTRY_MTN_GOAT__HUNT_PAGES_ONLY.pdf,1334139,612f209748ae3a0d66f13e907a82093357b617c248af089cdd539109f2f72dc2,
C:\Users\tyler\Desktop\BIBLE HUNT CODES\2019\2019 other files\2019_PERMITS=2020_MODEL__BIG_GAME__LIMITED_ENTRY_PRONGHORN__HUNT_PAGES_ONLY.pdf,2019_PERMITS=2020_MODEL__BIG_GAME__LIMITED_ENTRY_PRONGHORN__HUNT_PAGES_ONLY.pdf,5743780,f222c8e19e1da79bf723f6401ff83579d9d68a035f76de0542cf236800148938,
C:\Users\tyler\Desktop\BIBLE HUNT CODES\2019\2019 other files\2019_PERMITS=2020_MODEL__BIG_GAME__LIMITED_ENTRY_ROCKY_MTN_SHEEP__HUNT_PAGES_ONLY.pdf,2019_PERMITS=2020_MODEL__BIG_GAME__LIMITED_ENTRY_ROCKY_MTN_SHEEP__HUNT_PAGES_ONLY.pdf,114200,9d103c5581cbb82aa85262f9ac847871dfa6869110e421d39eef7d7cd7e0975b,
C:\Users\tyler\Desktop\BIBLE HUNT CODES\2019\2019 other files\2019_PERMITS=2020_MODEL__BLACK_BEAR_SUMMARY_AND_PURCHASE_PAGES.pdf,2019_PERMITS=2020_MODEL__BLACK_BEAR_SUMMARY_AND_PURCHASE_PAGES.pdf,73374,0de4e9cdf43054135f7d35d92d8f208a56a3ff6967291d36e4b8898cfa6eb65f,
C:\Users\tyler\Desktop\BIBLE HUNT CODES\2019\2019 other files\2019_PERMITS=2020_MODEL__G.S.DEER_SUMMARY_AND_PURCHASE_PAGES.pdf,2019_PERMITS=2020_MODEL__G.S.DEER_SUMMARY_AND_PURCHASE_PAGES.pdf,78584,62913d74b85a1f5929fa8d4ca9d2739ff58d6c9dabe059b0c0b4ffd8115e098e,
C:\Users\tyler\Desktop\BIBLE HUNT CODES\2019\2019 other files\2019_PERMITS=2020_MODEL__YOUTH_ANTLERLESS_SUMMARY_AND_PURCHASE_PAGES.pdf,2019_PERMITS=2020_MODEL__YOUTH_ANTLERLESS_SUMMARY_AND_PURCHASE_PAGES.pdf,82619,df56100f1a9c493e26892cb2e53adecb709def957ba1ca1ebd5ac832d76766e8,
C:\Users\tyler\Desktop\BIBLE HUNT CODES\2019\2019 other files\2019_PERMITS=2020_MODEL__YOUTH_D.H.SUMMARY_AND_PURCHASE_PAGES.pdf,2019_PERMITS=2020_MODEL__YOUTH_D.H.SUMMARY_AND_PURCHASE_PAGES.pdf,70888,51086acbd1c59199858e170a9a91db60ac0347b1b8ac12c0781fd4fe080c8432,
C:\Users\tyler\Desktop\BIBLE HUNT CODES\2019\2019 other files\2019_PERMITS=2020_MODEL__YOUTH_DEER_SUMMARY_AND_PURCHASE_PAGES.pdf,2019_PERMITS=2020_MODEL__YOUTH_DEER_SUMMARY_AND_PURCHASE_PAGES.pdf,71377,613f6e7c2f26cfa4ebf66411ad1847a2b744beb9ab1bf0afc50e69120c4200fa,
C:\Users\tyler\Desktop\BIBLE HUNT CODES\2019\2019 other files\MB family 2019.pdf,MB family 2019.pdf,210131,505b74df2720e313ccae83d43b0e993b8fa20307cdb3bc33c6c84d8bbc13b691,
C:\Users\tyler\Desktop\BIBLE HUNT CODES\2019\deduplicated_exact_hash_archive\csv__2019_big_game_species_sections_csv_package__2019_big_game_species_sections__species_pdfs_hunt_pages_only__2019_big_game__limited_entry_bison__hunt_pages_only.pdf,csv__2019_big_game_species_sections_csv_package__2019_big_game_species_sections__species_pdfs_hunt_pages_only__2019_big_game__limited_entry_bison__hunt_pages_only.pdf,1057451,aba4992807069cb0064d02bd9fc26bdb3283b39e45aac6d2ba309d471e58c9a7,
C:\Users\tyler\Desktop\BIBLE HUNT CODES\2019\deduplicated_exact_hash_archive\csv__2019_big_game_species_sections_csv_package__2019_big_game_species_sections__species_pdfs_hunt_pages_only__2019_big_game__limited_entry_deer__hunt_pages_only.pdf,csv__2019_big_game_species_sections_csv_package__2019_big_game_species_sections__species_pdfs_hunt_pages_only__2019_big_game__limited_entry_deer__hunt_pages_only.pdf,11553147,130879a50f95474be5d1a066ee2c610e38e65bb0f94a4c4fb0dc77319d176ad0,
C:\Users\tyler\Desktop\BIBLE HUNT CODES\2019\deduplicated_exact_hash_archive\csv__2019_big_game_species_sections_csv_package__2019_big_game_species_sections__species_pdfs_hunt_pages_only__2019_big_game__limited_entry_desert_bighorn_sheep__hunt_pages_only.pdf,csv__2019_big_game_species_sections_csv_package__2019_big_game_species_sections__species_pdfs_hunt_pages_only__2019_big_game__limited_entry_desert_bighorn_sheep__hunt_pages_only.pdf,984429,628917aab8d0f02ced27b4d99d79e99cb0fa260b4fd09fc70b73b503e0603aa5,
C:\Users\tyler\Desktop\BIBLE HUNT CODES\2019\deduplicated_exact_hash_archive\csv__2019_big_game_species_sections_csv_package__2019_big_game_species_sections__species_pdfs_hunt_pages_only__2019_big_game__limited_entry_elk__hunt_pages_only.pdf,csv__2019_big_game_species_sections_csv_package__2019_big_game_species_sections__species_pdfs_hunt_pages_only__2019_big_game__limited_entry_elk__hunt_pages_only.pdf,13392342,f82622629ad75f9383302c29209d562b88cd0af6e39e3fe4ca50a23e70b7f4cf,
C:\Users\tyler\Desktop\BIBLE HUNT CODES\2019\deduplicated_exact_hash_archive\csv__2019_big_game_species_sections_csv_package__2019_big_game_species_sections__species_pdfs_hunt_pages_only__2019_big_game__limited_entry_moose__hunt_pages_only.pdf,csv__2019_big_game_species_sections_csv_package__2019_big_game_species_sections__species_pdfs_hunt_pages_only__2019_big_game__limited_entry_moose__hunt_pages_only.pdf,2732051,560af1190525609710f70c5f28fe523b60145962b5424a3ff689759d3271d0e5,
C:\Users\tyler\Desktop\BIBLE HUNT CODES\2019\deduplicated_exact_hash_archive\csv__2019_big_game_species_sections_csv_package__2019_big_game_species_sections__species_pdfs_hunt_pages_only__2019_big_game__limited_entry_mtn_goat__hunt_pages_only.pdf,csv__2019_big_game_species_sections_csv_package__2019_big_game_species_sections__species_pdfs_hunt_pages_only__2019_big_game__limited_entry_mtn_goat__hunt_pages_only.pdf,1334139,612f209748ae3a0d66f13e907a82093357b617c248af089cdd539109f2f72dc2,
C:\Users\tyler\Desktop\BIBLE HUNT CODES\2019\deduplicated_exact_hash_archive\csv__2019_big_game_species_sections_csv_package__2019_big_game_species_sections__species_pdfs_hunt_pages_only__2019_big_game__limited_entry_pronghorn__hunt_pages_only.pdf,csv__2019_big_game_species_sections_csv_package__2019_big_game_species_sections__species_pdfs_hunt_pages_only__2019_big_game__limited_entry_pronghorn__hunt_pages_only.pdf,5743780,f222c8e19e1da79bf723f6401ff83579d9d68a035f76de0542cf236800148938,
C:\Users\tyler\Desktop\BIBLE HUNT CODES\2019\Parent Folders\2019_PERMITS=2020_MODEL__ANTLERLESS DEER DRAW RESULTS.pdf,2019_PERMITS=2020_MODEL__ANTLERLESS DEER DRAW RESULTS.pdf,197929,5e23face6ac29bca1f511423b918a623f0aba5d015185b8f030538664945454e,
C:\Users\tyler\Desktop\BIBLE HUNT CODES\2019\Parent Folders\2019_PERMITS=2020_MODEL__ANTLERLESS DRAW RESULTS.pdf,2019_PERMITS=2020_MODEL__ANTLERLESS DRAW RESULTS.pdf,931713,7b5104325efad86b09da63827648b570138383439f1fae1d25f00f4c99b615f5,
C:\Users\tyler\Desktop\BIBLE HUNT CODES\2019\Parent Folders\2019_PERMITS=2020_MODEL__ANTLERLESS__GENERAL_SEASON_DEER_ANTLERLESS_DEER__HUNT_PAGES_ONLY.pdf,2019_PERMITS=2020_MODEL__ANTLERLESS__GENERAL_SEASON_DEER_ANTLERLESS_DEER__HUNT_PAGES_ONLY.pdf,2343833,d1923238b99c25c1c26fb651dda3a57157c862d3da92ecfebf367d47f9241ee4,
C:\Users\tyler\Desktop\BIBLE HUNT CODES\2019\Parent Folders\2019_PERMITS=2020_MODEL__ANTLERLESS__GENERAL_SEASON_DEER_CWMU_ANTLERLESS_DEER__HUNT_PAGES_ONLY.pdf,2019_PERMITS=2020_MODEL__ANTLERLESS__GENERAL_SEASON_DEER_CWMU_ANTLERLESS_DEER__HUNT_PAGES_ONLY.pdf,151275,1233f64d13062006f66d6063884f3d02bf8c458ae7d308bfa582a3d369ef98a1,
C:\Users\tyler\Desktop\BIBLE HUNT CODES\2019\Parent Folders\2019_PERMITS=2020_MODEL__ANTLERLESS__GENERAL_SEASON_DEER_CWMU_TWO_DOE_ANTLERLESS_DEER__HUNT_PAGES_ONLY.pdf,2019_PERMITS=2020_MODEL__ANTLERLESS__GENERAL_SEASON_DEER_CWMU_TWO_DOE_ANTLERLESS_DEER__HUNT_PAGES_ONLY.pdf,75890,2d7fd00e8169ef187a38f025d20954202489609bfe9e5b6cf0095123834e55b4,
C:\Users\tyler\Desktop\BIBLE HUNT CODES\2019\Parent Folders\2019_PERMITS=2020_MODEL__ANTLERLESS__GENERAL_SEASON_DEER_TWO_DOE_ANTLERLESS_DEER__HUNT_PAGES_ONLY.pdf,2019_PERMITS=2020_MODEL__ANTLERLESS__GENERAL_SEASON_DEER_TWO_DOE_ANTLERLESS_DEER__HUNT_PAGES_ONLY.pdf,226779,765b7d346b8bbe62410ed4b75d546dd6556ce46e168d8158bfba890d88a3f5db,
C:\Users\tyler\Desktop\BIBLE HUNT CODES\2019\Parent Folders\2019_PERMITS=2020_MODEL__ANTLERLESS__GENERAL_SEASON_DEER__HUNT_PAGES_ONLY.pdf,2019_PERMITS=2020_MODEL__ANTLERLESS__GENERAL_SEASON_DEER__HUNT_PAGES_ONLY.pdf,2797127,edf7bcad0e504357855bb5d65bdd5dd20d395494fa62840acc4fc34b878d618c,
C:\Users\tyler\Desktop\BIBLE HUNT CODES\2019\Parent Folders\2019_PERMITS=2020_MODEL__ANTLERLESS__GENERAL_SEASON_ELK_ANTLERLESS_ELK__HUNT_PAGES_ONLY.pdf,2019_PERMITS=2020_MODEL__ANTLERLESS__GENERAL_SEASON_ELK_ANTLERLESS_ELK__HUNT_PAGES_ONLY.pdf,8991058,9121d33b81608a4fbd561bb139ccf9f3230aa36f706ec22da5c06fee025f1064,
C:\Users\tyler\Desktop\BIBLE HUNT CODES\2019\Parent Folders\2019_PERMITS=2020_MODEL__ANTLERLESS__GENERAL_SEASON_ELK_CWMU_ANTLERLESS_ELK__HUNT_PAGES_ONLY.pdf,2019_PERMITS=2020_MODEL__ANTLERLESS__GENERAL_SEASON_ELK_CWMU_ANTLERLESS_ELK__HUNT_PAGES_ONLY.pdf,4227489,de5773beb3acc591a501c65e3a578c4dbde892e35e822fcb118588db6f43dd64,
C:\Users\tyler\Desktop\BIBLE HUNT CODES\2019\Parent Folders\2019_PERMITS=2020_MODEL__ANTLERLESS__GENERAL_SEASON_ELK__HUNT_PAGES_ONLY.pdf,2019_PERMITS=2020_MODEL__ANTLERLESS__GENERAL_SEASON_ELK__HUNT_PAGES_ONLY.pdf,13220437,741e79e902016209c9acb370dcb2dbd78cbd17b447fe9037e8bbcdc72874d595,
C:\Users\tyler\Desktop\BIBLE HUNT CODES\2019\Parent Folders\2019_PERMITS=2020_MODEL__ANTLERLESS__GENERAL_SEASON_PRONGHORN_CWMU_DOE_PRONGHORN__HUNT_PAGES_ONLY.pdf,2019_PERMITS=2020_MODEL__ANTLERLESS__GENERAL_SEASON_PRONGHORN_CWMU_DOE_PRONGHORN__HUNT_PAGES_ONLY.pdf,906118,add216244af1cadfe9e6a45c242d9c7b99372cb54b6b9a652a644c0fdd07f802,
C:\Users\tyler\Desktop\BIBLE HUNT CODES\2019\Parent Folders\2019_PERMITS=2020_MODEL__ANTLERLESS__GENERAL_SEASON_PRONGHORN_CWMU_TWO_DOE_PRONGHORN__HUNT_PAGES_ONLY.pdf,2019_PERMITS=2020_MODEL__ANTLERLESS__GENERAL_SEASON_PRONGHORN_CWMU_TWO_DOE_PRONGHORN__HUNT_PAGES_ONLY.pdf,75783,d78b598df9c15c9e2d5c7ccfc5c69864061aa85fc283f44eb0b461c1ee304b20,
C:\Users\tyler\Desktop\BIBLE HUNT CODES\2019\Parent Folders\2019_PERMITS=2020_MODEL__ANTLERLESS__GENERAL_SEASON_PRONGHORN_DOE_PRONGHORN__HUNT_PAGES_ONLY.pdf,2019_PERMITS=2020_MODEL__ANTLERLESS__GENERAL_SEASON_PRONGHORN_DOE_PRONGHORN__HUNT_PAGES_ONLY.pdf,1737349,8f8a72d1648f69dabd991fd464329dcd1cf9ed160678a883babe1aa2e2f2848d,
C:\Users\tyler\Desktop\BIBLE HUNT CODES\2019\Parent Folders\2019_PERMITS=2020_MODEL__ANTLERLESS__GENERAL_SEASON_PRONGHORN_TWO_DOE_PRONGHORN__HUNT_PAGES_ONLY.pdf,2019_PERMITS=2020_MODEL__ANTLERLESS__GENERAL_SEASON_PRONGHORN_TWO_DOE_PRONGHORN__HUNT_PAGES_ONLY.pdf,226930,5b0edfc250dbe29aa98091348bfa9068c6091a5d19fe624a2d0aa49c5f4f91e2,
C:\Users\tyler\Desktop\BIBLE HUNT CODES\2019\Parent Folders\2019_PERMITS=2020_MODEL__ANTLERLESS__GENERAL_SEASON_PRONGHORN__HUNT_PAGES_ONLY.pdf,2019_PERMITS=2020_MODEL__ANTLERLESS__GENERAL_SEASON_PRONGHORN__HUNT_PAGES_ONLY.pdf,2945645,1ac55460cd1006b83cf79530f60a57ef4e6c14e837af5ca0e36ce4619ef1a46a,
C:\Users\tyler\Desktop\BIBLE HUNT CODES\2019\Parent Folders\2019_PERMITS=2020_MODEL__ANTLERLESS__LIMITED_ENTRY_MOOSE_LIMITED_ENTRY_ANTLERLESS_MOOSE__HUNT_PAGES_ONLY.pdf,2019_PERMITS=2020_MODEL__ANTLERLESS__LIMITED_ENTRY_MOOSE_LIMITED_ENTRY_ANTLERLESS_MOOSE__HUNT_PAGES_ONLY.pdf,378714,188d7ad945d9a0ae3671e5d5fc4ab2f5bd30ec4552f4279dc667fb5108431e05,
C:\Users\tyler\Desktop\BIBLE HUNT CODES\2019\Parent Folders\2019_PERMITS=2020_MODEL__BIG GAME DRAW RESULTS.pdf,2019_PERMITS=2020_MODEL__BIG GAME DRAW RESULTS.pdf,2006015,0acdc1f714b4effc238f30ea0729d8470107dd68d8947ba74b685372ff49e789,
C:\Users\tyler\Desktop\BIBLE HUNT CODES\2019\Parent Folders\2019_PERMITS=2020_MODEL__BLACK BEAR DRAW RESULTS.pdf,2019_PERMITS=2020_MODEL__BLACK BEAR DRAW RESULTS.pdf,404916,79f6c6f06e460eb1da7aba34b7d404f5c0f255d1a78d0f22c796d664bdc2f17f,
C:\Users\tyler\Desktop\BIBLE HUNT CODES\2019\Parent Folders\2019_PERMITS=2020_MODEL__D.H. DEER DRAW RESULTS.pdf,2019_PERMITS=2020_MODEL__D.H. DEER DRAW RESULTS.pdf,180565,7aee1718249bff1ca448be61ec184def74142dd444d5794353ac883756fd0126,
C:\Users\tyler\Desktop\BIBLE HUNT CODES\2019\Parent Folders\2019_PERMITS=2020_MODEL__DEER DRAW RESULTS.pdf,2019_PERMITS=2020_MODEL__DEER DRAW RESULTS.pdf,397391,c76bfc68a1a78b5cb594ff1be174d150fcb8f9e44244f1ca280aedd6b891a964,
C:\Users\tyler\Desktop\BIBLE HUNT CODES\2019\Parent Folders\2019_PERMITS=2020_MODEL__L.E. COUGAR DRAW RESULTS.pdf,2019_PERMITS=2020_MODEL__L.E. COUGAR DRAW RESULTS.pdf,162480,ef23cd88492b9f1093909f2e1b1df69d9c057bc175b3768c1aa9fc1f565715cd,
C:\Users\tyler\Desktop\BIBLE HUNT CODES\2019\Parent Folders\2019_PERMITS=2020_MODEL__LIFETIME G.S. DEER DRAW RESULTS.pdf,2019_PERMITS=2020_MODEL__LIFETIME G.S. DEER DRAW RESULTS.pdf,387963,4f76e50ba31c938cc317b19b85c283aad2783f8f245e8e1dca336f42896df079,
C:\Users\tyler\Desktop\BIBLE HUNT CODES\2019\Parent Folders\2019_PERMITS=2020_MODEL__SPORTSMAN DRAW RESULTS.pdf,2019_PERMITS=2020_MODEL__SPORTSMAN DRAW RESULTS.pdf,134182,63065d978f2f1d101dda427b1bd0cfea462b77cf6aa3e668d7ceaec98fd460f8,
C:\Users\tyler\Desktop\BIBLE HUNT CODES\2019\Parent Folders\2019_PERMITS=2020_MODEL__TURKEY DRAW RESULTS.pdf,2019_PERMITS=2020_MODEL__TURKEY DRAW RESULTS.pdf,163447,24f420ce7ca56ea1b7f30019df21c566e845482a459913b3d52a72a93edf1a3b,
C:\Users\tyler\Desktop\BIBLE HUNT CODES\2019\Parent Folders\2019_PERMITS=2020_MODEL__YOUTH ANTLERLESS DRAW RESULTS.pdf,2019_PERMITS=2020_MODEL__YOUTH ANTLERLESS DRAW RESULTS.pdf,822988,b2769ecdd0aae7faf5d1e86876e6fffec71987673c4478c8a2caf880af077015,
C:\Users\tyler\Desktop\BIBLE HUNT CODES\2019\Parent Folders\2019_PERMITS=2020_MODEL__YOUTH D.H. DEER DRAW RESULTS.pdf,2019_PERMITS=2020_MODEL__YOUTH D.H. DEER DRAW RESULTS.pdf,148775,52565f2ff51d51f397bf15b14b4432dd549eca5e9c77315b052810246da948d0,
C:\Users\tyler\Desktop\BIBLE HUNT CODES\2019\Parent Folders\2019_PERMITS=2020_MODEL__YOUTH ELK DRAW RESULTS.pdf,2019_PERMITS=2020_MODEL__YOUTH ELK DRAW RESULTS.pdf,72444,b64e5b92a91267bb7bf86a9673779911c6ad56e79cab8f69922c0b0be0ee7f43,
C:\Users\tyler\Desktop\BIBLE HUNT CODES\2019\Parent Folders\2019_PERMITS=2020_MODEL__YOUTH G.S. DEER DRAW RESULTS.pdf,2019_PERMITS=2020_MODEL__YOUTH G.S. DEER DRAW RESULTS.pdf,383036,025213b37d6d9fdbd28e9f5f5db0d7dcb032fbe2a5252d0386c4e55be14b144f,
C:\Users\tyler\Desktop\BIBLE HUNT CODES\2019\Parent Folders\2019_PERMITS=2020_MODEL__YOUTH TURKEY DRAW RESULTS.pdf,2019_PERMITS=2020_MODEL__YOUTH TURKEY DRAW RESULTS.pdf,88072,5c2b858f1b765ddf7eb5e55464eb7df0e43200fc8c1b7a5d31b94e8255ef8d21,
C:\Users\tyler\Desktop\BIBLE HUNT CODES\2019\pdf\2019_PERMITS=2020_MODEL__ANTLERLESS_DEER_DRAW_RESULTS.pdf,2019_PERMITS=2020_MODEL__ANTLERLESS_DEER_DRAW_RESULTS.pdf,195324,b33dbc30a2d55a1ea501130ecfe7a3e391d58f359a6f6cdab1411f3d20f54ffd,
C:\Users\tyler\Desktop\BIBLE HUNT CODES\2019\pdf\2019_PERMITS=2020_MODEL__ANTLERLESS_ELK_DRAW_RESULTS.pdf,2019_PERMITS=2020_MODEL__ANTLERLESS_ELK_DRAW_RESULTS.pdf,638827,33876590904848a89d634886fc193d436f28084a93ce2d99b36e41c6b559ce85,
C:\Users\tyler\Desktop\BIBLE HUNT CODES\2019\pdf\2019_PERMITS=2020_MODEL__ANTLERLESS_MOOSE_DRAW_RESULTS.pdf,2019_PERMITS=2020_MODEL__ANTLERLESS_MOOSE_DRAW_RESULTS.pdf,89999,74537d23c211334d2c299a8ce281c3cb8dc493a5decfd180b6546935277fb8a1,
C:\Users\tyler\Desktop\BIBLE HUNT CODES\2019\pdf\2019_PERMITS=2020_MODEL__ANTLERLESS_PRONGHORN_DRAW_RESULTS.pdf,2019_PERMITS=2020_MODEL__ANTLERLESS_PRONGHORN_DRAW_RESULTS.pdf,199182,71187f0bd515837602296c4a29af5a49e5d9f8f8b5c51b71f08c0c6142de1d50,
C:\Users\tyler\Desktop\BIBLE HUNT CODES\2019\pdf\2019_PERMITS=2020_MODEL__BLACK_BEAR_DRAW_RESULTS.pdf,2019_PERMITS=2020_MODEL__BLACK_BEAR_DRAW_RESULTS.pdf,396452,497ea326c1a9d10f0baa946a59c0ad120bc95ac6214e6d40e3439225ed09f2e8,
C:\Users\tyler\Desktop\BIBLE HUNT CODES\2019\pdf\2019_PERMITS=2020_MODEL__D.H. DEER DRAW RESULTS.pdf,2019_PERMITS=2020_MODEL__D.H. DEER DRAW RESULTS.pdf,180565,7aee1718249bff1ca448be61ec184def74142dd444d5794353ac883756fd0126,
C:\Users\tyler\Desktop\BIBLE HUNT CODES\2019\pdf\2019_PERMITS=2020_MODEL__G.S.DEER_DEER_DRAW_RESULTS.pdf,2019_PERMITS=2020_MODEL__G.S.DEER_DEER_DRAW_RESULTS.pdf,384703,58c951104d141d80a09960e93a6e5433426ca6896e44e91e5c9c19866f746015,
C:\Users\tyler\Desktop\BIBLE HUNT CODES\2019\pdf\2019_PERMITS=2020_MODEL__L.E.COUGAR_DRAW_RESULTS.pdf,2019_PERMITS=2020_MODEL__L.E.COUGAR_DRAW_RESULTS.pdf,162480,ef23cd88492b9f1093909f2e1b1df69d9c057bc175b3768c1aa9fc1f565715cd,
C:\Users\tyler\Desktop\BIBLE HUNT CODES\2019\pdf\2019_PERMITS=2020_MODEL__L.E.DEER_DRAW_RESULTS.pdf,2019_PERMITS=2020_MODEL__L.E.DEER_DRAW_RESULTS.pdf,624157,491c01c97372edc813dd1193f2ebdb7490294d78b5d46b7f3cc2b6ae627185dc,
C:\Users\tyler\Desktop\BIBLE HUNT CODES\2019\pdf\2019_PERMITS=2020_MODEL__L.E.ELK_DRAW_RESULTS.pdf,2019_PERMITS=2020_MODEL__L.E.ELK_DRAW_RESULTS.pdf,730348,063a69e1c15978d1182a7da233c23c627efd1835007b7b594163cf5a60ff70f3,
C:\Users\tyler\Desktop\BIBLE HUNT CODES\2019\pdf\2019_PERMITS=2020_MODEL__L.E.PRONGHORN_DRAW_RESULTS.pdf,2019_PERMITS=2020_MODEL__L.E.PRONGHORN_DRAW_RESULTS.pdf,347073,531576697db0b10733b8ae058793db79ebe8338a566ffc71e270ae823a8974c7,
C:\Users\tyler\Desktop\BIBLE HUNT CODES\2019\pdf\2019_PERMITS=2020_MODEL__L.E.TURKEY_DRAW_RESULTS.pdf,2019_PERMITS=2020_MODEL__L.E.TURKEY_DRAW_RESULTS.pdf,88072,5c2b858f1b765ddf7eb5e55464eb7df0e43200fc8c1b7a5d31b94e8255ef8d21,
C:\Users\tyler\Desktop\BIBLE HUNT CODES\2019\pdf\2019_PERMITS=2020_MODEL__O.I.L.DESERT_BIGHORN_SHEEP_DRAW_RESULTS.pdf,2019_PERMITS=2020_MODEL__O.I.L.DESERT_BIGHORN_SHEEP_DRAW_RESULTS.pdf,118809,2b5c03c12a018d5a2b805b75fecc92a58509c3219f84070693a81d80473019ec,
C:\Users\tyler\Desktop\BIBLE HUNT CODES\2019\pdf\2019_PERMITS=2020_MODEL__O.I.L.MOOSE_DRAW_RESULTS.pdf,2019_PERMITS=2020_MODEL__O.I.L.MOOSE_DRAW_RESULTS.pdf,200972,15f01835c71fed5e8a6498c5c719c45e9cdb41f0fceb7e23850ffb5d54cca6e6,
C:\Users\tyler\Desktop\BIBLE HUNT CODES\2019\pdf\2019_PERMITS=2020_MODEL__O.I.L.ROCKY_MOUNTAIN_BIGHORN_SHEEP_DRAW_RESULTS.pdf,2019_PERMITS=2020_MODEL__O.I.L.ROCKY_MOUNTAIN_BIGHORN_SHEEP_DRAW_RESULTS.pdf,105345,5d25ca5cbbc80b224c3683766481f804372483e46d86d133070ab7099be05b0e,
C:\Users\tyler\Desktop\BIBLE HUNT CODES\2019\pdf\2019_PERMITS=2020_MODEL__O.I.L_BISON_DRAW_RESULTS.pdf,2019_PERMITS=2020_MODEL__O.I.L_BISON_DRAW_RESULTS.pdf,126325,5a584bf6f90c8ba57668a7315e084468972fdccdb791a9cd93545963beabf2d1,
C:\Users\tyler\Desktop\BIBLE HUNT CODES\2019\pdf\2019_PERMITS=2020_MODEL__O.I.L_MOUNTAIN_GOAT_DRAW_RESULTS.pdf,2019_PERMITS=2020_MODEL__O.I.L_MOUNTAIN_GOAT_DRAW_RESULTS.pdf,135408,c23b83e42146e817760d4d4ee443e1345a4463cc0f712d6eed1c5957be654b9c,
C:\Users\tyler\Desktop\BIBLE HUNT CODES\2019\pdf\2019_PERMITS=2020_MODEL__SPORTSMAN_DRAW_RESULTS.pdf,2019_PERMITS=2020_MODEL__SPORTSMAN_DRAW_RESULTS.pdf,134697,b22bd967afe597ed90e32303f7d04ea59932218cde28ba3a5a1456d2749eeab9,
C:\Users\tyler\Desktop\BIBLE HUNT CODES\2019\pdf\2019_PERMITS=2020_MODEL__YOUTH_ANTLERLESS_DEER_DRAW_RESULTS.pdf,2019_PERMITS=2020_MODEL__YOUTH_ANTLERLESS_DEER_DRAW_RESULTS.pdf,188181,5d50f976b29aaf96fb627dfcdcae814e68e7aef68b09e8b26ccd016bacbdbbdc,
C:\Users\tyler\Desktop\BIBLE HUNT CODES\2019\pdf\2019_PERMITS=2020_MODEL__YOUTH_ANTLERLESS_ELK_DRAW_RESULTS.pdf,2019_PERMITS=2020_MODEL__YOUTH_ANTLERLESS_ELK_DRAW_RESULTS.pdf,584526,5668de34268dcb509f52ae6e5c04e4bf3c005740c217600fb3445ae0ee6c0496,
C:\Users\tyler\Desktop\BIBLE HUNT CODES\2019\pdf\2019_PERMITS=2020_MODEL__YOUTH_ANTLERLESS_PRONGHORN_DRAW_RESULTS.pdf,2019_PERMITS=2020_MODEL__YOUTH_ANTLERLESS_PRONGHORN_DRAW_RESULTS.pdf,182684,759dcdd37002f2a24578b6190311b625313ddd7b39cb5c03d907a172b61c0db4,
C:\Users\tyler\Desktop\BIBLE HUNT CODES\2019\pdf\2019_PERMITS=2020_MODEL__YOUTH_BULL_ELK_ELK_DRAW_RESULTS.pdf,2019_PERMITS=2020_MODEL__YOUTH_BULL_ELK_ELK_DRAW_RESULTS.pdf,69692,dd83f4e623ca54e97fb6d46b2e4e9527af3bb321b0e358c0c740d0657dbc4293,
C:\Users\tyler\Desktop\BIBLE HUNT CODES\2019\pdf\2019_PERMITS=2020_MODEL__YOUTH_D.H.DEER_DRAW_RESULTS.pdf,2019_PERMITS=2020_MODEL__YOUTH_D.H.DEER_DRAW_RESULTS.pdf,140661,3cefea6dc6741731e075629f39b19b83b5fe8ab6090ae59a8b4141e31664978c,
C:\Users\tyler\Desktop\BIBLE HUNT CODES\2019\pdf\2019_PERMITS=2020_MODEL__YOUTH_DEER_DEER_DRAW_RESULTS.pdf,2019_PERMITS=2020_MODEL__YOUTH_DEER_DEER_DRAW_RESULTS.pdf,376475,830dd1609f5548c73fb3e3f7f431cc33be1082821dc21dc34b26fc53e200c103,
C:\Users\tyler\Desktop\BIBLE HUNT CODES\2019\pdf\2019_PERMITS=2020_MODEL__YOUTH_L.E.TURKEY_DRAW_RESULTS.pdf,2019_PERMITS=2020_MODEL__YOUTH_L.E.TURKEY_DRAW_RESULTS.pdf,163447,24f420ce7ca56ea1b7f30019df21c566e845482a459913b3d52a72a93edf1a3b,
C:\Users\tyler\Desktop\BIBLE HUNT CODES\2019\csv\2019_big_game_species_sections_csv_package\2019_big_game_species_sections\species_pdfs_hunt_pages_only\2019_big_game__limited_entry_rocky_mtn_sheep__hunt_pages_only.pdf,2019_big_game__limited_entry_rocky_mtn_sheep__hunt_pages_only.pdf,704477,67d63b7623355589ef779a9643c29a56248370200812aae596768626f67e0685,
C:\Users\tyler\Desktop\BIBLE HUNT CODES\2020\deduplicated_exact_hash_archive\2020_REBUILT_DATABASE_REPO_STRUCTURE_PACKAGE__data_truth__draw_results_truth__raw_pdf__2020_PERMITS=2021_MODEL__20-21_sportsman_odds(1).pdf,2020_REBUILT_DATABASE_REPO_STRUCTURE_PACKAGE__data_truth__draw_results_truth__raw_pdf__2020_PERMITS=2021_MODEL__20-21_sportsman_odds(1).pdf,133936,3c4056bbd3952a4dfb6ce80326f94a58bba0d2262ff4cc008b613c76c50d4b15,
C:\Users\tyler\Desktop\BIBLE HUNT CODES\2020\deduplicated_exact_hash_archive\2020_REBUILT_DATABASE_REPO_STRUCTURE_PACKAGE__data_truth__draw_results_truth__raw_pdf__2020_PERMITS=2021_MODEL__2020_cougar_odds_report(3).pdf,2020_REBUILT_DATABASE_REPO_STRUCTURE_PACKAGE__data_truth__draw_results_truth__raw_pdf__2020_PERMITS=2021_MODEL__2020_cougar_odds_report(3).pdf,126818,67c960e2cf7750f0f42cf771f9f6ee56b3d66438a9ab1347751a1a17961432ca,
C:\Users\tyler\Desktop\BIBLE HUNT CODES\2020\deduplicated_exact_hash_archive\2020_REBUILT_DATABASE_REPO_STRUCTURE_PACKAGE__data_truth__draw_results_truth__raw_pdf__2020_PERMITS=2021_MODEL__2020_turkey_bonus_points_draw_results(2).pdf,2020_REBUILT_DATABASE_REPO_STRUCTURE_PACKAGE__data_truth__draw_results_truth__raw_pdf__2020_PERMITS=2021_MODEL__2020_turkey_bonus_points_draw_results(2).pdf,106685,da4a587f233baa1e15eedfe57ccec92b8fb53011e9b9a58a357431325e7a2d10,
C:\Users\tyler\Desktop\BIBLE HUNT CODES\2020\deduplicated_exact_hash_archive\2020_REBUILT_DATABASE_REPO_STRUCTURE_PACKAGE__data_truth__draw_results_truth__raw_pdf__2020_PERMITS=2021_MODEL__2020_youth_turkey_draw_results(2).pdf,2020_REBUILT_DATABASE_REPO_STRUCTURE_PACKAGE__data_truth__draw_results_truth__raw_pdf__2020_PERMITS=2021_MODEL__2020_youth_turkey_draw_results(2).pdf,91992,54fd5fec03839d0fb8931596aa1299de18d87ad0fbadc2d7ba4279664d59f7d3,
C:\Users\tyler\Desktop\BIBLE HUNT CODES\2020\deduplicated_exact_hash_archive\2020_REBUILT_DATABASE_REPO_STRUCTURE_PACKAGE__data_truth__draw_results_truth__raw_pdf__2020_PERMITS=2021_MODEL__20_deer_odds(1).pdf,2020_REBUILT_DATABASE_REPO_STRUCTURE_PACKAGE__data_truth__draw_results_truth__raw_pdf__2020_PERMITS=2021_MODEL__20_deer_odds(1).pdf,1368790,3172d5b67a5385346a28f713b90f1d37698eb2a3ca0d99bf9f796e2ce3164a68,
C:\Users\tyler\Desktop\BIBLE HUNT CODES\2020\deduplicated_exact_hash_archive\2020_REBUILT_DATABASE_REPO_STRUCTURE_PACKAGE__data_truth__draw_results_truth__raw_pdf__2020_PERMITS=2021_MODEL__20_dh_odds(1).pdf,2020_REBUILT_DATABASE_REPO_STRUCTURE_PACKAGE__data_truth__draw_results_truth__raw_pdf__2020_PERMITS=2021_MODEL__20_dh_odds(1).pdf,493484,a4467e998c6baa97722784dd1fdbc9e5e82dbec2ea972ccb37397e9460142771,
C:\Users\tyler\Desktop\BIBLE HUNT CODES\2020\deduplicated_exact_hash_archive\2020_REBUILT_DATABASE_REPO_STRUCTURE_PACKAGE__data_truth__draw_results_truth__raw_pdf__2020_PERMITS=2021_MODEL__20_drawing_odds(2).pdf,2020_REBUILT_DATABASE_REPO_STRUCTURE_PACKAGE__data_truth__draw_results_truth__raw_pdf__2020_PERMITS=2021_MODEL__20_drawing_odds(2).pdf,415735,6a9aadf664bc7383fbd8b371e280d895cadae32a8fd29dd6ee1e143222d89ea6,
C:\Users\tyler\Desktop\BIBLE HUNT CODES\2020\deduplicated_exact_hash_archive\2020_REBUILT_DATABASE_REPO_STRUCTURE_PACKAGE__data_truth__draw_results_truth__raw_pdf__2020_PERMITS=2021_MODEL__20_lifetime_deer(1).pdf,2020_REBUILT_DATABASE_REPO_STRUCTURE_PACKAGE__data_truth__draw_results_truth__raw_pdf__2020_PERMITS=2021_MODEL__20_lifetime_deer(1).pdf,1354217,e21172f8e14bf73fea1907a0af99f8cb8b3e8a27926f7a1814cef838b4f17a08,
C:\Users\tyler\Desktop\BIBLE HUNT CODES\2020\deduplicated_exact_hash_archive\2020_REBUILT_DATABASE_REPO_STRUCTURE_PACKAGE__data_truth__draw_results_truth__raw_pdf__2020_PERMITS=2021_MODEL__20_youth_bull_elk.pdf,2020_REBUILT_DATABASE_REPO_STRUCTURE_PACKAGE__data_truth__draw_results_truth__raw_pdf__2020_PERMITS=2021_MODEL__20_youth_bull_elk.pdf,91787,2a7590e1caab9640764a26e9af2f71cc0519d71c98889352713af98b08ce0367,
C:\Users\tyler\Desktop\BIBLE HUNT CODES\2020\deduplicated_exact_hash_archive\2020_REBUILT_DATABASE_REPO_STRUCTURE_PACKAGE__data_truth__draw_results_truth__raw_pdf__2020_PERMITS=2021_MODEL__20_youth_deer(1).pdf,2020_REBUILT_DATABASE_REPO_STRUCTURE_PACKAGE__data_truth__draw_results_truth__raw_pdf__2020_PERMITS=2021_MODEL__20_youth_deer(1).pdf,1341859,ceac587ed5dd11fc547e98c6ed3f68692cfa4f04e911eed3362fb548eded769b,
C:\Users\tyler\Desktop\BIBLE HUNT CODES\2020\deduplicated_exact_hash_archive\2020_REBUILT_DATABASE_REPO_STRUCTURE_PACKAGE__data_truth__draw_results_truth__raw_pdf__2020_PERMITS=2021_MODEL__20_youth_dh_odds.pdf,2020_REBUILT_DATABASE_REPO_STRUCTURE_PACKAGE__data_truth__draw_results_truth__raw_pdf__2020_PERMITS=2021_MODEL__20_youth_dh_odds.pdf,396792,830174af465b1b07dbf734f06205d5abbcdd63ad7e6383a764caf98f2cea344b,
C:\Users\tyler\Desktop\BIBLE HUNT CODES\2020\Parent Files\2020_PERMITS=2021_MODEL__ANTLERLESS DRAW RESULTS.pdf,2020_PERMITS=2021_MODEL__ANTLERLESS DRAW RESULTS.pdf,2961988,2efb7b6dcb5c2ef996feddf442ea7f2ba15f42b168c85e371843512564dc7d04,
C:\Users\tyler\Desktop\BIBLE HUNT CODES\2020\Parent Files\2020_PERMITS=2021_MODEL__BEAR DRAW RESULTS.pdf,2020_PERMITS=2021_MODEL__BEAR DRAW RESULTS.pdf,415735,6a9aadf664bc7383fbd8b371e280d895cadae32a8fd29dd6ee1e143222d89ea6,
C:\Users\tyler\Desktop\BIBLE HUNT CODES\2020\Parent Files\2020_PERMITS=2021_MODEL__BIG GAME DRAW RESULTS.pdf,2020_PERMITS=2021_MODEL__BIG GAME DRAW RESULTS.pdf,10158873,707d2e7f874e784dcc9076cafc61e339317eed4ae86466cb8516cc0eeabbeaef,
C:\Users\tyler\Desktop\BIBLE HUNT CODES\2020\Parent Files\2020_PERMITS=2021_MODEL__COUGAR DRAW RESULTS.pdf,2020_PERMITS=2021_MODEL__COUGAR DRAW RESULTS.pdf,126818,67c960e2cf7750f0f42cf771f9f6ee56b3d66438a9ab1347751a1a17961432ca,
C:\Users\tyler\Desktop\BIBLE HUNT CODES\2020\Parent Files\2020_PERMITS=2021_MODEL__D.H. DEER DRAW RESULTS.pdf,2020_PERMITS=2021_MODEL__D.H. DEER DRAW RESULTS.pdf,493484,a4467e998c6baa97722784dd1fdbc9e5e82dbec2ea972ccb37397e9460142771,
C:\Users\tyler\Desktop\BIBLE HUNT CODES\2020\Parent Files\2020_PERMITS=2021_MODEL__DEER DRAW RESULTS.pdf,2020_PERMITS=2021_MODEL__DEER DRAW RESULTS.pdf,1368790,3172d5b67a5385346a28f713b90f1d37698eb2a3ca0d99bf9f796e2ce3164a68,
C:\Users\tyler\Desktop\BIBLE HUNT CODES\2020\Parent Files\2020_PERMITS=2021_MODEL__LIFETIME G.S. DEER DRAW RESULTS.pdf,2020_PERMITS=2021_MODEL__LIFETIME G.S. DEER DRAW RESULTS.pdf,1354217,e21172f8e14bf73fea1907a0af99f8cb8b3e8a27926f7a1814cef838b4f17a08,
C:\Users\tyler\Desktop\BIBLE HUNT CODES\2020\Parent Files\2020_PERMITS=2021_MODEL__SPORTSMAN DRAW RESULTS.pdf,2020_PERMITS=2021_MODEL__SPORTSMAN DRAW RESULTS.pdf,133936,3c4056bbd3952a4dfb6ce80326f94a58bba0d2262ff4cc008b613c76c50d4b15,
C:\Users\tyler\Desktop\BIBLE HUNT CODES\2020\Parent Files\2020_PERMITS=2021_MODEL__TURKEY DRAW RESULTS.pdf,2020_PERMITS=2021_MODEL__TURKEY DRAW RESULTS.pdf,106685,da4a587f233baa1e15eedfe57ccec92b8fb53011e9b9a58a357431325e7a2d10,
C:\Users\tyler\Desktop\BIBLE HUNT CODES\2020\Parent Files\2020_PERMITS=2021_MODEL__YOUTH ANTLERLESS DRAW RESULTS.pdf,2020_PERMITS=2021_MODEL__YOUTH ANTLERLESS DRAW RESULTS.pdf,2710371,f88f0b41e96cfcbf758a8661eaa65847e844202f8097a63ca061b40c0bc4c6a2,
C:\Users\tyler\Desktop\BIBLE HUNT CODES\2020\Parent Files\2020_PERMITS=2021_MODEL__YOUTH D.H. DEER DRAW RESULTS.pdf,2020_PERMITS=2021_MODEL__YOUTH D.H. DEER DRAW RESULTS.pdf,396792,830174af465b1b07dbf734f06205d5abbcdd63ad7e6383a764caf98f2cea344b,
C:\Users\tyler\Desktop\BIBLE HUNT CODES\2020\Parent Files\2020_PERMITS=2021_MODEL__YOUTH ELK DRAW RESULTS.pdf,2020_PERMITS=2021_MODEL__YOUTH ELK DRAW RESULTS.pdf,91787,2a7590e1caab9640764a26e9af2f71cc0519d71c98889352713af98b08ce0367,
C:\Users\tyler\Desktop\BIBLE HUNT CODES\2020\Parent Files\2020_PERMITS=2021_MODEL__YOUTH G.S. DEER DRAW RESULTS.pdf,2020_PERMITS=2021_MODEL__YOUTH G.S. DEER DRAW RESULTS.pdf,1341859,ceac587ed5dd11fc547e98c6ed3f68692cfa4f04e911eed3362fb548eded769b,
C:\Users\tyler\Desktop\BIBLE HUNT CODES\2020\Parent Files\2020_PERMITS=2021_MODEL__YOUTH TURKEY DRAW RESULTS.pdf,2020_PERMITS=2021_MODEL__YOUTH TURKEY DRAW RESULTS.pdf,91992,54fd5fec03839d0fb8931596aa1299de18d87ad0fbadc2d7ba4279664d59f7d3,
C:\Users\tyler\Desktop\BIBLE HUNT CODES\2020\pdf\2020_PERMITS=2021_MODEL__ANTLERLESS_DEER_DRAW_RESULTS.pdf,2020_PERMITS=2021_MODEL__ANTLERLESS_DEER_DRAW_RESULTS.pdf,210313,1bbd93e9103ba7596be6ae292685c2638ef5cb015a731cebf4860a1c02bb2f8d,
C:\Users\tyler\Desktop\BIBLE HUNT CODES\2020\pdf\2020_PERMITS=2021_MODEL__ANTLERLESS_ELK_DRAW_RESULTS.pdf,2020_PERMITS=2021_MODEL__ANTLERLESS_ELK_DRAW_RESULTS.pdf,785054,319b4997f40b828687b6de60453fdb5da0ddfdd828641127e9c42639c39a173b,
C:\Users\tyler\Desktop\BIBLE HUNT CODES\2020\pdf\2020_PERMITS=2021_MODEL__ANTLERLESS_MOOSE_DRAW_RESULTS.pdf,2020_PERMITS=2021_MODEL__ANTLERLESS_MOOSE_DRAW_RESULTS.pdf,109960,93011dc9a81b88f8a4ba72ced50061e7c6101aa6417b6ba8f94badc207498798,
C:\Users\tyler\Desktop\BIBLE HUNT CODES\2020\pdf\2020_PERMITS=2021_MODEL__ANTLERLESS_PRONGHORN_DRAW_RESULTS.pdf,2020_PERMITS=2021_MODEL__ANTLERLESS_PRONGHORN_DRAW_RESULTS.pdf,236427,49f994c254d2f271152a4926df32aaf79d2269d36417bb7fe605af1b799efbb8,
C:\Users\tyler\Desktop\BIBLE HUNT CODES\2020\pdf\2020_PERMITS=2021_MODEL__ANTLERLESS_ROCKY_MTN_SHEEP_EWE_DRAW_RESULTS.pdf,2020_PERMITS=2021_MODEL__ANTLERLESS_ROCKY_MTN_SHEEP_EWE_DRAW_RESULTS.pdf,90261,21fb02f85c218b19f07fe0c5a87bf42f012ff229a01224e679fa96bc8571e251,
C:\Users\tyler\Desktop\BIBLE HUNT CODES\2020\pdf\2020_PERMITS=2021_MODEL__BEAR DRAW RESULTS.pdf,2020_PERMITS=2021_MODEL__BEAR DRAW RESULTS.pdf,415735,6a9aadf664bc7383fbd8b371e280d895cadae32a8fd29dd6ee1e143222d89ea6,
C:\Users\tyler\Desktop\BIBLE HUNT CODES\2020\pdf\2020_PERMITS=2021_MODEL__COUGAR DRAW RESULTS.pdf,2020_PERMITS=2021_MODEL__COUGAR DRAW RESULTS.pdf,126818,67c960e2cf7750f0f42cf771f9f6ee56b3d66438a9ab1347751a1a17961432ca,
C:\Users\tyler\Desktop\BIBLE HUNT CODES\2020\pdf\2020_PERMITS=2021_MODEL__D.H. DEER DRAW RESULTS.pdf,2020_PERMITS=2021_MODEL__D.H. DEER DRAW RESULTS.pdf,493484,a4467e998c6baa97722784dd1fdbc9e5e82dbec2ea972ccb37397e9460142771,
C:\Users\tyler\Desktop\BIBLE HUNT CODES\2020\pdf\2020_PERMITS=2021_MODEL__G.S. BUCK DEER DRAW RESULTS.pdf,2020_PERMITS=2021_MODEL__G.S. BUCK DEER DRAW RESULTS.pdf,1368790,3172d5b67a5385346a28f713b90f1d37698eb2a3ca0d99bf9f796e2ce3164a68,
C:\Users\tyler\Desktop\BIBLE HUNT CODES\2020\pdf\2020_PERMITS=2021_MODEL__L.E. DEER DRAW RESULTS.pdf,2020_PERMITS=2021_MODEL__L.E. DEER DRAW RESULTS.pdf,1145481,dea2d94c41ef548692b4fe6a078a39102d99521dff90972013aebcc3b8687136,
C:\Users\tyler\Desktop\BIBLE HUNT CODES\2020\pdf\2020_PERMITS=2021_MODEL__L.E. ELK DRAW RESULTS.pdf,2020_PERMITS=2021_MODEL__L.E. ELK DRAW RESULTS.pdf,1192483,33cdb5b007a2b482be009c9786a4a4a28067fbf21d6f500cc5feb8dd494b98db,
C:\Users\tyler\Desktop\BIBLE HUNT CODES\2020\pdf\2020_PERMITS=2021_MODEL__L.E. PRONGHORN DRAW RESULTS.pdf,2020_PERMITS=2021_MODEL__L.E. PRONGHORN DRAW RESULTS.pdf,548743,fd0b3f27c4c2b2c99b89f5e80005c074db2332ae686f0846eb2ed37e5f21024d,
C:\Users\tyler\Desktop\BIBLE HUNT CODES\2020\pdf\2020_PERMITS=2021_MODEL__LIFETIME G.S. DEER DRAW RESULTS.pdf,2020_PERMITS=2021_MODEL__LIFETIME G.S. DEER DRAW RESULTS.pdf,1354217,e21172f8e14bf73fea1907a0af99f8cb8b3e8a27926f7a1814cef838b4f17a08,
C:\Users\tyler\Desktop\BIBLE HUNT CODES\2020\pdf\2020_PERMITS=2021_MODEL__O.I.L. BISON DRAW RESULTS.pdf,2020_PERMITS=2021_MODEL__O.I.L. BISON DRAW RESULTS.pdf,180997,db39484a1894e46e4b9848f7fd2d4ab30765e9de6a72426ec3e039e78aea93b2,
C:\Users\tyler\Desktop\BIBLE HUNT CODES\2020\pdf\2020_PERMITS=2021_MODEL__O.I.L. BULL MOOSE DRAW RESULTS.pdf,2020_PERMITS=2021_MODEL__O.I.L. BULL MOOSE DRAW RESULTS.pdf,645265,ca02b44bbf22adef262d634edabc20f0fb992b57acbcda416ef84cbbba38d12f,
C:\Users\tyler\Desktop\BIBLE HUNT CODES\2020\pdf\2020_PERMITS=2021_MODEL__O.I.L. DESERT BIGHORN SHEEP DRAW RESULTS.pdf,2020_PERMITS=2021_MODEL__O.I.L. DESERT BIGHORN SHEEP DRAW RESULTS.pdf,186855,7f6e71f9b8ea13c0658b6fb073b6d2b4431b26545d6b1d31bbb489b93558a26e,
C:\Users\tyler\Desktop\BIBLE HUNT CODES\2020\pdf\2020_PERMITS=2021_MODEL__O.I.L. DESERT BIGHORN SHEEP.pdf,2020_PERMITS=2021_MODEL__O.I.L. DESERT BIGHORN SHEEP.pdf,201050,c8b567039288616669d18accdbc4c60cfa85ca9390d7f61805b7fc30bbdab893,
C:\Users\tyler\Desktop\BIBLE HUNT CODES\2020\pdf\2020_PERMITS=2021_MODEL__O.I.L. MTN GOAT DRAW RESULTS.pdf,2020_PERMITS=2021_MODEL__O.I.L. MTN GOAT DRAW RESULTS.pdf,193349,35094355357e0bc8e0aa4534a94619ea5fd6e6f5cea1a75bc1f8720b1723cef3,
C:\Users\tyler\Desktop\BIBLE HUNT CODES\2020\pdf\2020_PERMITS=2021_MODEL__O.I.L. ROCKY MTN SHEEP DRAW RESULTS.pdf,2020_PERMITS=2021_MODEL__O.I.L. ROCKY MTN SHEEP DRAW RESULTS.pdf,169942,be08f486a7943d3b0b3c179c7efb561a2f77d6b8290788769f90baed94189637,
C:\Users\tyler\Desktop\BIBLE HUNT CODES\2020\pdf\2020_PERMITS=2021_MODEL__SPORTSMAN DRAW RESULTS.pdf,2020_PERMITS=2021_MODEL__SPORTSMAN DRAW RESULTS.pdf,133936,3c4056bbd3952a4dfb6ce80326f94a58bba0d2262ff4cc008b613c76c50d4b15,
C:\Users\tyler\Desktop\BIBLE HUNT CODES\2020\pdf\2020_PERMITS=2021_MODEL__TURKEY DRAW RESULTS.pdf,2020_PERMITS=2021_MODEL__TURKEY DRAW RESULTS.pdf,106685,da4a587f233baa1e15eedfe57ccec92b8fb53011e9b9a58a357431325e7a2d10,
C:\Users\tyler\Desktop\BIBLE HUNT CODES\2020\pdf\2020_PERMITS=2021_MODEL__YOUTH D.H. DEER DRAW RESULTS.pdf,2020_PERMITS=2021_MODEL__YOUTH D.H. DEER DRAW RESULTS.pdf,396792,830174af465b1b07dbf734f06205d5abbcdd63ad7e6383a764caf98f2cea344b,
C:\Users\tyler\Desktop\BIBLE HUNT CODES\2020\pdf\2020_PERMITS=2021_MODEL__YOUTH ELK DRAW RESULTS.pdf,2020_PERMITS=2021_MODEL__YOUTH ELK DRAW RESULTS.pdf,91787,2a7590e1caab9640764a26e9af2f71cc0519d71c98889352713af98b08ce0367,
C:\Users\tyler\Desktop\BIBLE HUNT CODES\2020\pdf\2020_PERMITS=2021_MODEL__YOUTH G.S. DEER DRAW RESULTS.pdf,2020_PERMITS=2021_MODEL__YOUTH G.S. DEER DRAW RESULTS.pdf,1341859,ceac587ed5dd11fc547e98c6ed3f68692cfa4f04e911eed3362fb548eded769b,
C:\Users\tyler\Desktop\BIBLE HUNT CODES\2020\pdf\2020_PERMITS=2021_MODEL__YOUTH TURKEY DRAW RESULTS.pdf,2020_PERMITS=2021_MODEL__YOUTH TURKEY DRAW RESULTS.pdf,91992,54fd5fec03839d0fb8931596aa1299de18d87ad0fbadc2d7ba4279664d59f7d3,
C:\Users\tyler\Desktop\BIBLE HUNT CODES\2020\pdf\2020_PERMITS=2021_MODEL__YOUTH_ANTLERLESS_DEER_DRAW_RESULTS.pdf,2020_PERMITS=2021_MODEL__YOUTH_ANTLERLESS_DEER_DRAW_RESULTS.pdf,195999,cd0c7d71c765e4b16915bab9bd8f30700555f4b62b12d0f3a0fdd2452cf382a9,
C:\Users\tyler\Desktop\BIBLE HUNT CODES\2020\pdf\2020_PERMITS=2021_MODEL__YOUTH_ANTLERLESS_ELK_DRAW_RESULTS.pdf,2020_PERMITS=2021_MODEL__YOUTH_ANTLERLESS_ELK_DRAW_RESULTS.pdf,732294,b7cf6b848f8f03012d847c2e83b3dc2f6e3bdad08862f3195e47cd970fd99619,
C:\Users\tyler\Desktop\BIBLE HUNT CODES\2020\pdf\2020_PERMITS=2021_MODEL__YOUTH_ANTLERLESS_PRONGHORN_DRAW_RESULTS.pdf,2020_PERMITS=2021_MODEL__YOUTH_ANTLERLESS_PRONGHORN_DRAW_RESULTS.pdf,224076,f349f12c30f6cf6eed8d5a874ee90aad6841f92e28779798104d80eaa46bae86,
C:\Users\tyler\Desktop\BIBLE HUNT CODES\2020\species_pdfs_hunt_pages_only\2020_big_game__limited_entry_bison__hunt_pages_only.pdf,2020_big_game__limited_entry_bison__hunt_pages_only.pdf,1458901,320dd065d9005c7ac718e0dde03cc0f4b4085a37dbdbb1413c0b99edc82e84c5,
C:\Users\tyler\Desktop\BIBLE HUNT CODES\2020\species_pdfs_hunt_pages_only\2020_big_game__limited_entry_deer__hunt_pages_only.pdf,2020_big_game__limited_entry_deer__hunt_pages_only.pdf,16556470,9e6685c350f094b918c8d0f736ef85bbd00339420f5fc54ab0a7825928daefbd,
C:\Users\tyler\Desktop\BIBLE HUNT CODES\2020\species_pdfs_hunt_pages_only\2020_big_game__limited_entry_desert_bighorn_sheep__hunt_pages_only.pdf,2020_big_game__limited_entry_desert_bighorn_sheep__hunt_pages_only.pdf,1550008,021a03c5495c114ac04ffba588855434c2b4303943d1a647eeb5953b26b7229b,
C:\Users\tyler\Desktop\BIBLE HUNT CODES\2020\species_pdfs_hunt_pages_only\2020_big_game__limited_entry_elk__hunt_pages_only.pdf,2020_big_game__limited_entry_elk__hunt_pages_only.pdf,17305316,eabf570191bf4fad9e98c46c27b51187b5a084eb7a2150db9864ce0517a7cffe,
C:\Users\tyler\Desktop\BIBLE HUNT CODES\2020\species_pdfs_hunt_pages_only\2020_big_game__limited_entry_moose__hunt_pages_only.pdf,2020_big_game__limited_entry_moose__hunt_pages_only.pdf,2549262,4c98a15bc63906a418c19f3036dfcfb0e087cf8135895bc47f1b63ea16039121,
C:\Users\tyler\Desktop\BIBLE HUNT CODES\2020\species_pdfs_hunt_pages_only\2020_big_game__limited_entry_mountain_goat__hunt_pages_only.pdf,2020_big_game__limited_entry_mountain_goat__hunt_pages_only.pdf,1548878,69d56b0ae0f9c692537c3b6edb6f04790a169c3826813517fc4ec5fda65c5a15,
C:\Users\tyler\Desktop\BIBLE HUNT CODES\2020\species_pdfs_hunt_pages_only\2020_big_game__limited_entry_pronghorn__hunt_pages_only.pdf,2020_big_game__limited_entry_pronghorn__hunt_pages_only.pdf,7368272,d954e6065ece833fd6bbfeb38ccbf1a570b14dc77f1aea461fdb4942b27c2856,
C:\Users\tyler\Desktop\BIBLE HUNT CODES\2020\species_pdfs_hunt_pages_only\2020_big_game__limited_entry_rocky_mountain_bighorn_sheep__hunt_pages_only.pdf,2020_big_game__limited_entry_rocky_mountain_bighorn_sheep__hunt_pages_only.pdf,1277623,b5616e310e0fc290bbb619e681a44c96f62effecbd8b7ac99b81155654687829,
C:\Users\tyler\Desktop\BIBLE HUNT CODES\2020\summary pages\2020_PERMITS=2021_MODEL__ANTLERLESS_ADULT_SPECIES_SUMMARY_PAGES.pdf,2020_PERMITS=2021_MODEL__ANTLERLESS_ADULT_SPECIES_SUMMARY_PAGES.pdf,114175,c2f04d9a2748656da270a2a1b9559a9d93d220ab9d8ee6c2440b8b8e88ba7e86,
C:\Users\tyler\Desktop\BIBLE HUNT CODES\2020\summary pages\2020_PERMITS=2021_MODEL__YOUTH_ANTLERLESS_SPECIES_SUMMARY_PAGES.pdf,2020_PERMITS=2021_MODEL__YOUTH_ANTLERLESS_SPECIES_SUMMARY_PAGES.pdf,88371,bc00b88376f7dd4f186e6eba4a709e9f70ee6541cb5097654091eaf98c869ec2,
C:\Users\tyler\Desktop\BIBLE HUNT CODES\2020\2020_REBUILT_DATABASE_REPO_STRUCTURE_PACKAGE\data_truth\draw_results_truth\raw_pdf\2020_PERMITS=2021_MODEL\20_antlerless_drawing_odds_report(1).pdf,20_antlerless_drawing_odds_report(1).pdf,2961988,2efb7b6dcb5c2ef996feddf442ea7f2ba15f42b168c85e371843512564dc7d04,
C:\Users\tyler\Desktop\BIBLE HUNT CODES\2020\2020_REBUILT_DATABASE_REPO_STRUCTURE_PACKAGE\data_truth\draw_results_truth\raw_pdf\2020_PERMITS=2021_MODEL\20_bg-odds(2).pdf,20_bg-odds(2).pdf,10158873,707d2e7f874e784dcc9076cafc61e339317eed4ae86466cb8516cc0eeabbeaef,
C:\Users\tyler\Desktop\BIBLE HUNT CODES\2020\2020_REBUILT_DATABASE_REPO_STRUCTURE_PACKAGE\data_truth\draw_results_truth\raw_pdf\2020_PERMITS=2021_MODEL\20_youth_antlerless_drawing_odds_report(1).pdf,20_youth_antlerless_drawing_odds_report(1).pdf,2710371,f88f0b41e96cfcbf758a8661eaa65847e844202f8097a63ca061b40c0bc4c6a2,
C:\Users\tyler\Desktop\BIBLE HUNT CODES\2021\.pdf\2021_PERMITS=2022_MODEL__ANTLERLESS DEER DRAW RESULTS.pdf,2021_PERMITS=2022_MODEL__ANTLERLESS DEER DRAW RESULTS.pdf,205034,1767802b1b04be231d2f3157d0c403ecf805895e2306f060f816d170ed96a4e2,
C:\Users\tyler\Desktop\BIBLE HUNT CODES\2021\.pdf\2021_PERMITS=2022_MODEL__ANTLERLESS DRAW RESULTS.pdf,2021_PERMITS=2022_MODEL__ANTLERLESS DRAW RESULTS.pdf,2872574,a701e8c4c410c76b6588bdf856ec9d096e6d9661f3588824cd4a62728eb613da,
C:\Users\tyler\Desktop\BIBLE HUNT CODES\2021\.pdf\2021_PERMITS=2022_MODEL__ANTLERLESS ELK DRAW RESULTS.pdf,2021_PERMITS=2022_MODEL__ANTLERLESS ELK DRAW RESULTS.pdf,763800,15a82532bf7d701ada746b6ff2cb18f7b392d443eb9a1233c49491816888ff36,
C:\Users\tyler\Desktop\BIBLE HUNT CODES\2021\.pdf\2021_PERMITS=2022_MODEL__ANTLERLESS MOOSE DRAW RESULTS.pdf,2021_PERMITS=2022_MODEL__ANTLERLESS MOOSE DRAW RESULTS.pdf,104512,5f86dbec75a4ce9c65c6b79c86f2ac922bb645092123866f69216d337e764280,
C:\Users\tyler\Desktop\BIBLE HUNT CODES\2021\.pdf\2021_PERMITS=2022_MODEL__ANTLERLESS PRONGHORN DRAW RESULTS.pdf,2021_PERMITS=2022_MODEL__ANTLERLESS PRONGHORN DRAW RESULTS.pdf,221823,13b04d686e3ce9557107dd7b5c05017c4dc31c6b0313e4044cb6ba37dec997e8,
C:\Users\tyler\Desktop\BIBLE HUNT CODES\2021\.pdf\2021_PERMITS=2022_MODEL__ANTLERLESS ROCKY MOUNTAIN BIGHORN SHEEP DRAW RESULTS.pdf,2021_PERMITS=2022_MODEL__ANTLERLESS ROCKY MOUNTAIN BIGHORN SHEEP DRAW RESULTS.pdf,89967,9104e52a69abaf2442a670974d2ba986ba074583e42c2b6ef905da840ba29367,
C:\Users\tyler\Desktop\BIBLE HUNT CODES\2021\.pdf\2021_PERMITS=2022_MODEL__BEAR DRAW RESULTS.pdf,2021_PERMITS=2022_MODEL__BEAR DRAW RESULTS.pdf,412627,286602b4504003ff871a9560092b94842e0df06f662c30bbeefc67db9149bc3b,
C:\Users\tyler\Desktop\BIBLE HUNT CODES\2021\.pdf\2021_PERMITS=2022_MODEL__COUGAR DRAW RESULTS.pdf,2021_PERMITS=2022_MODEL__COUGAR DRAW RESULTS.pdf,112876,49e82f3c79146e1139ee44c8252210740d3961499f94bcbac8941651fa455e55,
C:\Users\tyler\Desktop\BIBLE HUNT CODES\2021\.pdf\2021_PERMITS=2022_MODEL__D.H. DEER DRAW RESULTS.pdf,2021_PERMITS=2022_MODEL__D.H. DEER DRAW RESULTS.pdf,531895,5243be59fe26f4523f9d741d010bea30d881adbc18ef230cf25b54d5ef2e4f02,
C:\Users\tyler\Desktop\BIBLE HUNT CODES\2021\.pdf\2021_PERMITS=2022_MODEL__G.S. BUCK DEER DRAW RESULTS.pdf,2021_PERMITS=2022_MODEL__G.S. BUCK DEER DRAW RESULTS.pdf,1455208,62242a4ec4388fad44a7d11c8a2f83ba0990e43200ca1a5acb14cd2922367b12,
C:\Users\tyler\Desktop\BIBLE HUNT CODES\2021\.pdf\2021_PERMITS=2022_MODEL__L.E. DEER DRAW RESULTS.pdf,2021_PERMITS=2022_MODEL__L.E. DEER DRAW RESULTS.pdf,1166076,be213d2da8fd43da5d11f0e200731fd0f2957eba8ace8341ae186d276bc0e028,
C:\Users\tyler\Desktop\BIBLE HUNT CODES\2021\.pdf\2021_PERMITS=2022_MODEL__L.E. DRAW RESULTS.pdf,2021_PERMITS=2022_MODEL__L.E. DRAW RESULTS.pdf,2833534,549526f595651be2d6348a27d5392ad4395dd579b22f68b2a3048d6d14e74abe,
C:\Users\tyler\Desktop\BIBLE HUNT CODES\2021\.pdf\2021_PERMITS=2022_MODEL__L.E. ELK DRAW RESULTS.pdf,2021_PERMITS=2022_MODEL__L.E. ELK DRAW RESULTS.pdf,1222681,1ff3559f648f8a26d7d4359f4585be869873b772a2bc2acec3dbc8970393d8b7,
C:\Users\tyler\Desktop\BIBLE HUNT CODES\2021\.pdf\2021_PERMITS=2022_MODEL__L.E. PRONGHORN DRAW RESULTS.pdf,2021_PERMITS=2022_MODEL__L.E. PRONGHORN DRAW RESULTS.pdf,596839,cb88b4cbaff15f64c94da10f77827001b94043dbd9e5977d61f378c14294f401,
C:\Users\tyler\Desktop\BIBLE HUNT CODES\2021\.pdf\2021_PERMITS=2022_MODEL__LIFETIME G.S. DEER DRAW RESULTS.pdf,2021_PERMITS=2022_MODEL__LIFETIME G.S. DEER DRAW RESULTS.pdf,1340616,dccae526f74f9ca351886caee7c33e58a91d42c080e921f039b32dfb27b30d52,
C:\Users\tyler\Desktop\BIBLE HUNT CODES\2021\.pdf\2021_PERMITS=2022_MODEL__O.I.L. BISON DRAW RESULTS.pdf,2021_PERMITS=2022_MODEL__O.I.L. BISON DRAW RESULTS.pdf,171786,6013c977bd0d890d3a74a37c5a71a266008cb38946797b7bc1d3f67a940d62c4,
C:\Users\tyler\Desktop\BIBLE HUNT CODES\2021\.pdf\2021_PERMITS=2022_MODEL__O.I.L. BULL MOOSE DRAW RESULTS.pdf,2021_PERMITS=2022_MODEL__O.I.L. BULL MOOSE DRAW RESULTS.pdf,312847,2466fb2af965dda1e86072eae5cb3c57d38f9bb9dc7fac44d2a52a8c68e3b27f,
C:\Users\tyler\Desktop\BIBLE HUNT CODES\2021\.pdf\2021_PERMITS=2022_MODEL__O.I.L. DESERT BIGHORN SHEEP DRAW RESULTS.pdf,2021_PERMITS=2022_MODEL__O.I.L. DESERT BIGHORN SHEEP DRAW RESULTS.pdf,188927,e980976955b45adb53ac80dfd6b164fc2f7f7df812d7def3500a900378975338,
C:\Users\tyler\Desktop\BIBLE HUNT CODES\2021\.pdf\2021_PERMITS=2022_MODEL__O.I.L. DRAW RESULTS.pdf,2021_PERMITS=2022_MODEL__O.I.L. DRAW RESULTS.pdf,1024040,f9600ac67256ed886b9c50f0d8aa1211aea62fcccd9319a8681372df8e1fd15f,
C:\Users\tyler\Desktop\BIBLE HUNT CODES\2021\.pdf\2021_PERMITS=2022_MODEL__O.I.L. MTN GOAT DRAW RESULTS.pdf,2021_PERMITS=2022_MODEL__O.I.L. MTN GOAT DRAW RESULTS.pdf,180259,1e315eece5fe63cfb892365301e5c914bb7312949dc000e98d82d35010239ead,
C:\Users\tyler\Desktop\BIBLE HUNT CODES\2021\.pdf\2021_PERMITS=2022_MODEL__O.I.L. ROCKY MTN SHEEP DRAW RESULTS.pdf,2021_PERMITS=2022_MODEL__O.I.L. ROCKY MTN SHEEP DRAW RESULTS.pdf,170389,100b8571dfeb3384b444f38720ea2947006287dc4adf1baaebe3e0e6e809b7e8,
C:\Users\tyler\Desktop\BIBLE HUNT CODES\2021\.pdf\2021_PERMITS=2022_MODEL__SPORTSMAN DRAW RESULTS.pdf,2021_PERMITS=2022_MODEL__SPORTSMAN DRAW RESULTS.pdf,156728,eee029761d004686212ac7735dec6be3df7f8d2f0e299e132afd2b32ca4339fd,
C:\Users\tyler\Desktop\BIBLE HUNT CODES\2021\.pdf\2021_PERMITS=2022_MODEL__TURKEY DRAW RESULTS.pdf,2021_PERMITS=2022_MODEL__TURKEY DRAW RESULTS.pdf,96040,05bbf1a79d5148b454faeee707919b62b6771a3bdf30f5b90f9916b41661bba3,
C:\Users\tyler\Desktop\BIBLE HUNT CODES\2021\.pdf\2021_PERMITS=2022_MODEL__YOUTH ANTLERLESS DEER DRAW RESULTS.pdf,2021_PERMITS=2022_MODEL__YOUTH ANTLERLESS DEER DRAW RESULTS.pdf,190184,c31df81245a03fa4e940f110e84353b37499d6c1c89a2db970ee9462d4a14866,
C:\Users\tyler\Desktop\BIBLE HUNT CODES\2021\.pdf\2021_PERMITS=2022_MODEL__YOUTH ANTLERLESS DRAW RESULTS.pdf,2021_PERMITS=2022_MODEL__YOUTH ANTLERLESS DRAW RESULTS.pdf,2600042,b8dbb516e97fb2acbad1dec86197f47e9b37e616d856cea576ded8eb16f59a73,
C:\Users\tyler\Desktop\BIBLE HUNT CODES\2021\.pdf\2021_PERMITS=2022_MODEL__YOUTH ANTLERLESS ELK DRAW RESULTS.pdf,2021_PERMITS=2022_MODEL__YOUTH ANTLERLESS ELK DRAW RESULTS.pdf,707861,7416e28aa619085eb619a0bcdef826caae41f57ca249a1e994aec7b131ef5bcd,
C:\Users\tyler\Desktop\BIBLE HUNT CODES\2021\.pdf\2021_PERMITS=2022_MODEL__YOUTH ANTLERLESS PRONGHORN DRAW RESULTS.pdf,2021_PERMITS=2022_MODEL__YOUTH ANTLERLESS PRONGHORN DRAW RESULTS.pdf,205056,e59976de2f7159c50d68121fe46babb2af6aeb2d8a168745e94f8ad7de7fa113,
C:\Users\tyler\Desktop\BIBLE HUNT CODES\2021\.pdf\2021_PERMITS=2022_MODEL__YOUTH D.H. DEER DRAW RESULTS.pdf,2021_PERMITS=2022_MODEL__YOUTH D.H. DEER DRAW RESULTS.pdf,342992,d09bdd2f48683313888f2e2c8a4f86d5837ca1255faf8db408978ac198d59df0,
C:\Users\tyler\Desktop\BIBLE HUNT CODES\2021\.pdf\2021_PERMITS=2022_MODEL__YOUTH ELK DRAW RESULTS.pdf,2021_PERMITS=2022_MODEL__YOUTH ELK DRAW RESULTS.pdf,88950,cd8113b3723fa82e291cff1d9e5ebdfd4a02afdb4604d3d95cacfc6ed10de341,
C:\Users\tyler\Desktop\BIBLE HUNT CODES\2021\.pdf\2021_PERMITS=2022_MODEL__YOUTH G.S. DEER DRAW RESULTS.pdf,2021_PERMITS=2022_MODEL__YOUTH G.S. DEER DRAW RESULTS.pdf,1400527,2ed8ce58ca60c1d17aa691f1d299501346e2deb8f709b9ce7349e4f57369d282,
C:\Users\tyler\Desktop\BIBLE HUNT CODES\2021\.pdf\2021_PERMITS=2022_MODEL__YOUTH TURKEY DRAW RESULTS.pdf,2021_PERMITS=2022_MODEL__YOUTH TURKEY DRAW RESULTS.pdf,87868,3d1ee00b6c14f0204b025a963f90cf30f4712e888814907c9c8738e42886df8c,
C:\Users\tyler\Desktop\BIBLE HUNT CODES\2021\Parent Files\2021 Antlerless Draw Results.pdf,2021 Antlerless Draw Results.pdf,2875149,0b0fdf81c965f50aafad58f22d58bb75095f995f1a0c19cd87a6024a3923b1fd,
C:\Users\tyler\Desktop\BIBLE HUNT CODES\2021\Parent Files\2021 Bear Draw Results.pdf,2021 Bear Draw Results.pdf,406055,cd4bb02a409bc0acbca5c6cc6412250a32a956156215da27a6cf4155fb558f66,
C:\Users\tyler\Desktop\BIBLE HUNT CODES\2021\Parent Files\2021 Big game limited-entry once-in-a-lifetime draw results.pdf,2021 Big game limited-entry once-in-a-lifetime draw results.pdf,2858441,c968a1effccb63a71d04e3bd507273a413b8dcea938fa6184798fd0a60ae3de7,
C:\Users\tyler\Desktop\BIBLE HUNT CODES\2021\Parent Files\2021 General-season buck deer draw results.pdf,2021 General-season buck deer draw results.pdf,1500660,cfdb6bed1a28fc84d3ab5ae39f5160f08f6159f68c77a7c71e30b76cf9093f17,
C:\Users\tyler\Desktop\BIBLE HUNT CODES\2021\Parent Files\2021 Lifetime general-season deer draw results.pdf,2021 Lifetime general-season deer draw results.pdf,1354334,23e8778e70b4adb9a88a1828d9a1c6eed6aaf38ce4f382fac46837ba8092edb2,
C:\Users\tyler\Desktop\BIBLE HUNT CODES\2021\Parent Files\2021 Youth Dedicated Hunter deer draw results.pdf,2021 Youth Dedicated Hunter deer draw results.pdf,369713,98d0744a0edcee59b1c4fc3e1d650f507be4a43a366fb799b2ba56b104b92013,
C:\Users\tyler\Desktop\BIBLE HUNT CODES\2021\Parent Files\2021 Youth general-season deer draw results.pdf,2021 Youth general-season deer draw results.pdf,1428906,55a1561fb7778ebdb1291099042a147c8fed1a3c9b567066c2700ce767a86e6f,
C:\Users\tyler\Desktop\BIBLE HUNT CODES\2021\Parent Files\2021_cougar_odds_report.pdf,2021_cougar_odds_report.pdf,112876,49e82f3c79146e1139ee44c8252210740d3961499f94bcbac8941651fa455e55,
C:\Users\tyler\Desktop\BIBLE HUNT CODES\2021\Parent Files\2021_turkey_bonus_points_draw_results.pdf,2021_turkey_bonus_points_draw_results.pdf,96040,05bbf1a79d5148b454faeee707919b62b6771a3bdf30f5b90f9916b41661bba3,
C:\Users\tyler\Desktop\BIBLE HUNT CODES\2021\Parent Files\2021_youth_turkey_draw_results.pdf,2021_youth_turkey_draw_results.pdf,87868,3d1ee00b6c14f0204b025a963f90cf30f4712e888814907c9c8738e42886df8c,
C:\Users\tyler\Desktop\BIBLE HUNT CODES\2021\Parent Files\21-22_sportsman_odds.pdf,21-22_sportsman_odds.pdf,156728,eee029761d004686212ac7735dec6be3df7f8d2f0e299e132afd2b32ca4339fd,
C:\Users\tyler\Desktop\BIBLE HUNT CODES\2021\Parent Files\21_bg-odds.pdf,21_bg-odds.pdf,10570345,2d4a5927fcb8b6ff4daf13ee551eb3c343edf4c0464d4541ea670cab8c5200f2,
C:\Users\tyler\Desktop\BIBLE HUNT CODES\2021\Parent Files\21_deer_odds.pdf,21_deer_odds.pdf,1455208,62242a4ec4388fad44a7d11c8a2f83ba0990e43200ca1a5acb14cd2922367b12,
C:\Users\tyler\Desktop\BIBLE HUNT CODES\2021\Parent Files\21_dh_odds.pdf,21_dh_odds.pdf,531895,5243be59fe26f4523f9d741d010bea30d881adbc18ef230cf25b54d5ef2e4f02,
C:\Users\tyler\Desktop\BIBLE HUNT CODES\2021\Parent Files\21_lifetime_deer.pdf,21_lifetime_deer.pdf,1340616,dccae526f74f9ca351886caee7c33e58a91d42c080e921f039b32dfb27b30d52,
C:\Users\tyler\Desktop\BIBLE HUNT CODES\2021\Parent Files\21_youth_antlerless_drawing_odds_report.pdf,21_youth_antlerless_drawing_odds_report.pdf,2600620,87431fccf2c9792b2a8cb2df8ce9d80fd7e6ad596c34dfbbc5862ebf22551336,
C:\Users\tyler\Desktop\BIBLE HUNT CODES\2021\Parent Files\21_youth_bull_elk.pdf,21_youth_bull_elk.pdf,88950,cd8113b3723fa82e291cff1d9e5ebdfd4a02afdb4604d3d95cacfc6ed10de341,
C:\Users\tyler\Desktop\BIBLE HUNT CODES\2021\Parent Files\21_youth_deer.pdf,21_youth_deer.pdf,1400527,2ed8ce58ca60c1d17aa691f1d299501346e2deb8f709b9ce7349e4f57369d282,
C:\Users\tyler\Desktop\BIBLE HUNT CODES\2021\Parent Files\21_youth_dh_odds.pdf,21_youth_dh_odds.pdf,342992,d09bdd2f48683313888f2e2c8a4f86d5837ca1255faf8db408978ac198d59df0,
C:\Users\tyler\Desktop\BIBLE HUNT CODES\2021\source_pdfs\2021_PERMITS=2022_MODEL__YOUTH ANTLERLESS DRAW RESULTS(2).pdf,2021_PERMITS=2022_MODEL__YOUTH ANTLERLESS DRAW RESULTS(2).pdf,2600042,b8dbb516e97fb2acbad1dec86197f47e9b37e616d856cea576ded8eb16f59a73,
C:\Users\tyler\Desktop\BIBLE HUNT CODES\2022\.pdf\2022_PERMITS=2023_MODEL__ANTLERLESS DEER DRAW RESULTS.pdf,2022_PERMITS=2023_MODEL__ANTLERLESS DEER DRAW RESULTS.pdf,1950523,9cc8802e3181647c35e46e288a8cfa324107b5b0773a693466ab2463cfcc2fad,
C:\Users\tyler\Desktop\BIBLE HUNT CODES\2022\.pdf\2022_PERMITS=2023_MODEL__ANTLERLESS ELK DRAW RESULTS.pdf,2022_PERMITS=2023_MODEL__ANTLERLESS ELK DRAW RESULTS.pdf,12641743,1a31a27c8dce3dd83c6dde231369391d649aeb17e74890cebfcf6b4fcb0afd2b,
C:\Users\tyler\Desktop\BIBLE HUNT CODES\2022\.pdf\2022_PERMITS=2023_MODEL__ANTLERLESS MOOSE DRAW RESULTS.pdf,2022_PERMITS=2023_MODEL__ANTLERLESS MOOSE DRAW RESULTS.pdf,389480,a843f291dcbd8f88273160febc547ad350c27d100097ab388a7ca1193c962e4e,
C:\Users\tyler\Desktop\BIBLE HUNT CODES\2022\.pdf\2022_PERMITS=2023_MODEL__ANTLERLESS PRONGHORN DRAW RESULTS.pdf,2022_PERMITS=2023_MODEL__ANTLERLESS PRONGHORN DRAW RESULTS.pdf,2105843,930ddc8a78bc0e93bb3a600692b4916611b1934f54b6e4ebb476041676f8e3bf,
C:\Users\tyler\Desktop\BIBLE HUNT CODES\2022\.pdf\2022_PERMITS=2023_MODEL__ANTLERLESS ROCKY MOUNTAIN BIGHORN SHEEP DRAW RESULTS.pdf,2022_PERMITS=2023_MODEL__ANTLERLESS ROCKY MOUNTAIN BIGHORN SHEEP DRAW RESULTS.pdf,232237,22215b01a3186a4c61d4f5454e0a8cb39c25db24384209b663e033a6d6d3e0b4,
C:\Users\tyler\Desktop\BIBLE HUNT CODES\2022\.pdf\2022_PERMITS=2023_MODEL__BEAR DRAW RESULTS.pdf,2022_PERMITS=2023_MODEL__BEAR DRAW RESULTS.pdf,409277,4d8c0ae1ee5bc644eb8433000fd5804c0acf6d24bae7a12eab3d093e5c1f7b6b,
C:\Users\tyler\Desktop\BIBLE HUNT CODES\2022\.pdf\2022_PERMITS=2023_MODEL__COUGAR DRAW RESULTS.pdf,2022_PERMITS=2023_MODEL__COUGAR DRAW RESULTS.pdf,135475,b7296b69abc2622f8418ea97da29b80341117c62216b70f9b612fb74943f0807,
C:\Users\tyler\Desktop\BIBLE HUNT CODES\2022\.pdf\2022_PERMITS=2023_MODEL__D.H. DEER DRAW RESULTS.pdf,2022_PERMITS=2023_MODEL__D.H. DEER DRAW RESULTS.pdf,532488,610d6af098d9d680aaa1a168a9ea427b86dfd49224e0bd9f34da583988b3d0e1,
C:\Users\tyler\Desktop\BIBLE HUNT CODES\2022\.pdf\2022_PERMITS=2023_MODEL__G.S. BUCK DEER DRAW RESULTS.pdf,2022_PERMITS=2023_MODEL__G.S. BUCK DEER DRAW RESULTS.pdf,1500660,cfdb6bed1a28fc84d3ab5ae39f5160f08f6159f68c77a7c71e30b76cf9093f17,
C:\Users\tyler\Desktop\BIBLE HUNT CODES\2022\.pdf\2022_PERMITS=2023_MODEL__L.E. DEER DRAW RESULTS.pdf,2022_PERMITS=2023_MODEL__L.E. DEER DRAW RESULTS.pdf,13513213,b645262b1be012352d25c7260ab4abbf77246e4c3ee45375fcc3bf1fc397e350,
C:\Users\tyler\Desktop\BIBLE HUNT CODES\2022\.pdf\2022_PERMITS=2023_MODEL__L.E. ELK DRAW RESULTS.pdf,2022_PERMITS=2023_MODEL__L.E. ELK DRAW RESULTS.pdf,13603823,91bab8f5d49af2953b6e3f1e33ee37a22c1fe843e35d3fcacd00d7ee11bdc66b,
C:\Users\tyler\Desktop\BIBLE HUNT CODES\2022\.pdf\2022_PERMITS=2023_MODEL__L.E. PRONGHORN DRAW RESULTS.pdf,2022_PERMITS=2023_MODEL__L.E. PRONGHORN DRAW RESULTS.pdf,6363876,bcfe3135daab9565f19d77b75ccbb36194764f35a932d1d0ebb8560825ce9d43,
C:\Users\tyler\Desktop\BIBLE HUNT CODES\2022\.pdf\2022_PERMITS=2023_MODEL__LIFETIME G.S. DEER DRAW RESULTS.pdf,2022_PERMITS=2023_MODEL__LIFETIME G.S. DEER DRAW RESULTS.pdf,1354334,23e8778e70b4adb9a88a1828d9a1c6eed6aaf38ce4f382fac46837ba8092edb2,
C:\Users\tyler\Desktop\BIBLE HUNT CODES\2022\.pdf\2022_PERMITS=2023_MODEL__O.I.L. BISON DRAW RESULTS.pdf,2022_PERMITS=2023_MODEL__O.I.L. BISON DRAW RESULTS.pdf,1291514,bc581f61fc805e0f39a19d652a2cbc6be4aeb448c6a3780f9f90955eef6e4fbc,
C:\Users\tyler\Desktop\BIBLE HUNT CODES\2022\.pdf\2022_PERMITS=2023_MODEL__O.I.L. BULL MOOSE DRAW RESULTS.pdf,2022_PERMITS=2023_MODEL__O.I.L. BULL MOOSE DRAW RESULTS.pdf,2574135,9aeb38f4072f92b53f41d1a5958d52ee552efb487c5ce4d0247ba03c902c1636,
C:\Users\tyler\Desktop\BIBLE HUNT CODES\2022\.pdf\2022_PERMITS=2023_MODEL__O.I.L. DESERT BIGHORN SHEEP DRAW RESULTS.pdf,2022_PERMITS=2023_MODEL__O.I.L. DESERT BIGHORN SHEEP DRAW RESULTS.pdf,1288609,3fa9fe1a0465370a5c020ab7352155a133f858db19661c914c03314050d8726e,
C:\Users\tyler\Desktop\BIBLE HUNT CODES\2022\.pdf\2022_PERMITS=2023_MODEL__O.I.L. MTN GOAT DRAW RESULTS.pdf,2022_PERMITS=2023_MODEL__O.I.L. MTN GOAT DRAW RESULTS.pdf,1358726,c29669ddc0df0a88284f5f4e00b62bb39b8ff7ffa90a3ed44399d8d088442eec,
C:\Users\tyler\Desktop\BIBLE HUNT CODES\2022\.pdf\2022_PERMITS=2023_MODEL__O.I.L. ROCKY MTN SHEEP DRAW RESULTS.pdf,2022_PERMITS=2023_MODEL__O.I.L. ROCKY MTN SHEEP DRAW RESULTS.pdf,1145604,3925a6b5e2aed29516278023534db27ae789da2a3e82a29bdb12121ad8a0b150,
C:\Users\tyler\Desktop\BIBLE HUNT CODES\2022\.pdf\2022_PERMITS=2023_MODEL__SPORTSMAN DRAW RESULTS.pdf,2022_PERMITS=2023_MODEL__SPORTSMAN DRAW RESULTS.pdf,123222,fc7c64978355dfaa859b884dcb66ab67c3c9daefa595d2e5cdbf3a5917a2000a,
C:\Users\tyler\Desktop\BIBLE HUNT CODES\2022\.pdf\2022_PERMITS=2023_MODEL__TURKEY DRAW RESULTS.pdf,2022_PERMITS=2023_MODEL__TURKEY DRAW RESULTS.pdf,100200,531934482bb5f581f25ac1aaeb94e162db0787dfc0fa5263670c17bf2444c68c,
C:\Users\tyler\Desktop\BIBLE HUNT CODES\2022\.pdf\2022_PERMITS=2023_MODEL__YOUTH ANTLERLESS DEER DRAW RESULTS.pdf,2022_PERMITS=2023_MODEL__YOUTH ANTLERLESS DEER DRAW RESULTS.pdf,1822900,b368aa8a1a2ca3a3f279e253657b20b3be3883609d8d84b288185986928d0cd2,
C:\Users\tyler\Desktop\BIBLE HUNT CODES\2022\.pdf\2022_PERMITS=2023_MODEL__YOUTH ANTLERLESS DRAW RESULTS.pdf,2022_PERMITS=2023_MODEL__YOUTH ANTLERLESS DRAW RESULTS.pdf,2454255,dec85a133d57b0053474a184b719faa3111088afe51957bfa61d8cf414f3c897,
C:\Users\tyler\Desktop\BIBLE HUNT CODES\2022\.pdf\2022_PERMITS=2023_MODEL__YOUTH ANTLERLESS PRONGHORN DRAW RESULTS.pdf,2022_PERMITS=2023_MODEL__YOUTH ANTLERLESS PRONGHORN DRAW RESULTS.pdf,1972820,52801311067187a86575b1c3e54555ed9ec4242c897641dcb533c513b7e2b8d2,
C:\Users\tyler\Desktop\BIBLE HUNT CODES\2022\.pdf\2022_PERMITS=2023_MODEL__YOUTH D.H. DEER DRAW RESULTS.pdf,2022_PERMITS=2023_MODEL__YOUTH D.H. DEER DRAW RESULTS.pdf,369713,98d0744a0edcee59b1c4fc3e1d650f507be4a43a366fb799b2ba56b104b92013,
C:\Users\tyler\Desktop\BIBLE HUNT CODES\2022\.pdf\2022_PERMITS=2023_MODEL__YOUTH ELK DRAW RESULTS.pdf,2022_PERMITS=2023_MODEL__YOUTH ELK DRAW RESULTS.pdf,89441,beb5123415ccda77a2a8100937b1d35a36c07eeee01167991fb60b63abb8cd2a,
C:\Users\tyler\Desktop\BIBLE HUNT CODES\2022\.pdf\2022_PERMITS=2023_MODEL__YOUTH G.S. DEER DRAW RESULTS.pdf,2022_PERMITS=2023_MODEL__YOUTH G.S. DEER DRAW RESULTS.pdf,1428906,55a1561fb7778ebdb1291099042a147c8fed1a3c9b567066c2700ce767a86e6f,
C:\Users\tyler\Desktop\BIBLE HUNT CODES\2022\.pdf\2022_PERMITS=2023_MODEL__YOUTH TURKEY DRAW RESULTS.pdf,2022_PERMITS=2023_MODEL__YOUTH TURKEY DRAW RESULTS.pdf,92188,9e3f20b103d29d97ab872593e89bcfc30e3cf4055e92b4829968b23cb25f4bb1,
C:\Users\tyler\Desktop\BIBLE HUNT CODES\2022\2022_antlerless_parent\2022_antlerless_parent_hunt_pages_only.pdf,2022_antlerless_parent_hunt_pages_only.pdf,1023926,39394ca35b3b4fdb135b766e8d12c7017621f03cf46773f6612af67365bfac47,
C:\Users\tyler\Desktop\BIBLE HUNT CODES\2022\2022_antlerless_parent\2022_antlerless_parent_source_manifest_report.pdf,2022_antlerless_parent_source_manifest_report.pdf,4381,2dd8ab2de0267fe378e8645094ffe07844c9d81c1605028d7a2136d2d2e9470c,
C:\Users\tyler\Desktop\BIBLE HUNT CODES\2022\2022_big_game_parent\2022_big_game_parent_hunt_pages_only.pdf,2022_big_game_parent_hunt_pages_only.pdf,2673452,e92c696e416f51e06cf129e0e4e37c7b5af1f5595c4a8115ea01aed53bf81a23,
C:\Users\tyler\Desktop\BIBLE HUNT CODES\2022\2022_big_game_parent\2022_big_game_parent_source_manifest_report.pdf,2022_big_game_parent_source_manifest_report.pdf,4354,4f4b8c00aac88f957154f592da9814467c1b31015aeba6763f234d5183cda06d,
C:\Users\tyler\Desktop\BIBLE HUNT CODES\2022\Parent Files\2022_big_game__BI__Limited_Entry_Bison__hunt_pages_only.pdf,2022_big_game__BI__Limited_Entry_Bison__hunt_pages_only.pdf,1149624,d77b9fbc5c06181acec66e19dd55a9bf494db2f8b9643bf0b9df090a13c8a489,
C:\Users\tyler\Desktop\BIBLE HUNT CODES\2022\Parent Files\2022_PERMITS=2023_MODEL__ANTLERLESS DRAW RESULTS.pdf,2022_PERMITS=2023_MODEL__ANTLERLESS DRAW RESULTS.pdf,2903402,090ba19e450f95fcb01e6a00d0d24ba75dcced764065a80b23a01d8b0e8b4195,
C:\Users\tyler\Desktop\BIBLE HUNT CODES\2022\Parent Files\2022_PERMITS=2023_MODEL__ANTLERLESS DRAW RESULTS__HUNT_PAGES_ONLY_PARENT.pdf,2022_PERMITS=2023_MODEL__ANTLERLESS DRAW RESULTS__HUNT_PAGES_ONLY_PARENT.pdf,2907550,adbca8506e33738ac7dda4514adc9e43ead36219bc0d7f4ee19b1088b3e1ce9d,
C:\Users\tyler\Desktop\BIBLE HUNT CODES\2022\Parent Files\2022_PERMITS=2023_MODEL__L.E. AND ONCE-IN-A-LIFETIME DRAW RESULTS.pdf,2022_PERMITS=2023_MODEL__L.E. AND ONCE-IN-A-LIFETIME DRAW RESULTS.pdf,2858441,c968a1effccb63a71d04e3bd507273a413b8dcea938fa6184798fd0a60ae3de7,
C:\Users\tyler\Desktop\BIBLE HUNT CODES\2022\Parent Files\2022_PERMITS=2023_MODEL__L.E. DRAW RESULTS__HUNT_PAGES_ONLY_PARENT.pdf,2022_PERMITS=2023_MODEL__L.E. DRAW RESULTS__HUNT_PAGES_ONLY_PARENT.pdf,2571298,bd15d4f747bac2844fa29c20651e595447870ac1703d8af9d8425438b16f5be7,
C:\Users\tyler\Desktop\BIBLE HUNT CODES\2022\Parent Files\2022_PERMITS=2023_MODEL__O.I.L. DRAW RESULTS.pdf,2022_PERMITS=2023_MODEL__O.I.L. DRAW RESULTS.pdf,773489,07e23150b0e857a8f0ec434a0a2929256bc2caad3e2c772fa9755d89143a59cd,
C:\Users\tyler\Desktop\BIBLE HUNT CODES\2022\Parent Files\22_antlerless_drawing_odds_report.pdf,22_antlerless_drawing_odds_report.pdf,2903402,090ba19e450f95fcb01e6a00d0d24ba75dcced764065a80b23a01d8b0e8b4195,
C:\Users\tyler\Desktop\BIBLE HUNT CODES\2022\Parent Files\22_youth_antlerless_drawing_odds_report.pdf,22_youth_antlerless_drawing_odds_report.pdf,2454255,dec85a133d57b0053474a184b719faa3111088afe51957bfa61d8cf414f3c897,
C:\Users\tyler\Desktop\BIBLE HUNT CODES\2022\.pdf\2022_big_game__BI\2022_big_game__BI__Limited_Entry_Bison__section_pages.pdf,2022_big_game__BI__Limited_Entry_Bison__section_pages.pdf,1291514,bc581f61fc805e0f39a19d652a2cbc6be4aeb448c6a3780f9f90955eef6e4fbc,
C:\Users\tyler\Desktop\BIBLE HUNT CODES\2022\.pdf\2022_big_game__BI\2022_big_game__BI__Limited_Entry_Bison__source_manifest_report.pdf,2022_big_game__BI__Limited_Entry_Bison__source_manifest_report.pdf,4165,6b1d4d67a9c85ad459c12e0a6626b164c3dac39a8e7ac14bc2c811664de03370,
C:\Users\tyler\Desktop\BIBLE HUNT CODES\2022\.pdf\2022_big_game__DB\2022_big_game__DB__Limited_Entry_Deer__hunt_pages_only.pdf,2022_big_game__DB__Limited_Entry_Deer__hunt_pages_only.pdf,13369096,a6669922a4c7e63eb13055314043ab2e7fb906a0fbc65f821b2b62198e2e833d,
C:\Users\tyler\Desktop\BIBLE HUNT CODES\2022\.pdf\2022_big_game__DB\2022_big_game__DB__Limited_Entry_Deer__section_pages.pdf,2022_big_game__DB__Limited_Entry_Deer__section_pages.pdf,13513213,b645262b1be012352d25c7260ab4abbf77246e4c3ee45375fcc3bf1fc397e350,
C:\Users\tyler\Desktop\BIBLE HUNT CODES\2022\.pdf\2022_big_game__DB\2022_big_game__DB__Limited_Entry_Deer__source_manifest_report.pdf,2022_big_game__DB__Limited_Entry_Deer__source_manifest_report.pdf,8576,d7a3d595b71b18987dd078474545f7e7b39acfda84e7d20086d5788efd0baa28,
C:\Users\tyler\Desktop\BIBLE HUNT CODES\2022\.pdf\2022_big_game__EB\2022_big_game__EB__Limited_Entry_Elk__hunt_pages_only.pdf,2022_big_game__EB__Limited_Entry_Elk__hunt_pages_only.pdf,13461808,663e3eecbb43d2b0d8ce5fec4ae0451ab4f77ce7a0281de0719ad9364589d4c8,
C:\Users\tyler\Desktop\BIBLE HUNT CODES\2022\.pdf\2022_big_game__EB\2022_big_game__EB__Limited_Entry_Elk__section_pages.pdf,2022_big_game__EB__Limited_Entry_Elk__section_pages.pdf,13603823,91bab8f5d49af2953b6e3f1e33ee37a22c1fe843e35d3fcacd00d7ee11bdc66b,
C:\Users\tyler\Desktop\BIBLE HUNT CODES\2022\.pdf\2022_big_game__EB\2022_big_game__EB__Limited_Entry_Elk__source_manifest_report.pdf,2022_big_game__EB__Limited_Entry_Elk__source_manifest_report.pdf,8534,d69886d07a2e0af1e58fcccb426920c15a7492456b196aa6289c9b8024e813e0,
C:\Users\tyler\Desktop\BIBLE HUNT CODES\2022\.pdf\2022_big_game__MB\2022_big_game__MB__Limited_Entry_Moose__hunt_pages_only.pdf,2022_big_game__MB__Limited_Entry_Moose__hunt_pages_only.pdf,2432169,7d08f9f00e5747f677057696805fb3708fdcfc1a3d5af2881cb818ae47d13c39,
C:\Users\tyler\Desktop\BIBLE HUNT CODES\2022\.pdf\2022_big_game__MB\2022_big_game__MB__Limited_Entry_Moose__section_pages.pdf,2022_big_game__MB__Limited_Entry_Moose__section_pages.pdf,2574135,9aeb38f4072f92b53f41d1a5958d52ee552efb487c5ce4d0247ba03c902c1636,
C:\Users\tyler\Desktop\BIBLE HUNT CODES\2022\.pdf\2022_big_game__MB\2022_big_game__MB__Limited_Entry_Moose__source_manifest_report.pdf,2022_big_game__MB__Limited_Entry_Moose__source_manifest_report.pdf,4961,e1e16e27a14fb39817ecbffd60fef5c79136bfce63977a67892d7130a9d9bac4,
C:\Users\tyler\Desktop\BIBLE HUNT CODES\2022\.pdf\2022_big_game__PB\2022_big_game__PB__Limited_Entry_Pronghorn__hunt_pages_only.pdf,2022_big_game__PB__Limited_Entry_Pronghorn__hunt_pages_only.pdf,6222166,755c7e383195a5c2efe826b4302554cc90adb546b8f8f660a28b69e9057a09dc,
C:\Users\tyler\Desktop\BIBLE HUNT CODES\2022\.pdf\2022_big_game__PB\2022_big_game__PB__Limited_Entry_Pronghorn__section_pages.pdf,2022_big_game__PB__Limited_Entry_Pronghorn__section_pages.pdf,6363876,bcfe3135daab9565f19d77b75ccbb36194764f35a932d1d0ebb8560825ce9d43,
C:\Users\tyler\Desktop\BIBLE HUNT CODES\2022\.pdf\2022_big_game__PB\2022_big_game__PB__Limited_Entry_Pronghorn__source_manifest_report.pdf,2022_big_game__PB__Limited_Entry_Pronghorn__source_manifest_report.pdf,8689,21109cd17698d170bdb20a6ba7347c86b31f0f6c385dd2f065d672729f685079,
C:\Users\tyler\Desktop\BIBLE HUNT CODES\2022\.pdf\2022_big_game__RS\2022_big_game__RS__Limited_Entry_Rocky_Mountain_Bighorn_Sheep__hunt_pages_only.pdf,2022_big_game__RS__Limited_Entry_Rocky_Mountain_Bighorn_Sheep__hunt_pages_only.pdf,1003863,ddd550791e5df7719aa048343ec578ecc90f1361d2b7fba31b0e580275c1bb43,
C:\Users\tyler\Desktop\BIBLE HUNT CODES\2022\.pdf\2022_big_game__RS\2022_big_game__RS__Limited_Entry_Rocky_Mountain_Bighorn_Sheep__section_pages (2).pdf,2022_big_game__RS__Limited_Entry_Rocky_Mountain_Bighorn_Sheep__section_pages (2).pdf,1145604,3925a6b5e2aed29516278023534db27ae789da2a3e82a29bdb12121ad8a0b150,
C:\Users\tyler\Desktop\BIBLE HUNT CODES\2022\.pdf\2022_big_game__RS\2022_big_game__RS__Limited_Entry_Rocky_Mountain_Bighorn_Sheep__section_pages.pdf,2022_big_game__RS__Limited_Entry_Rocky_Mountain_Bighorn_Sheep__section_pages.pdf,1145604,3925a6b5e2aed29516278023534db27ae789da2a3e82a29bdb12121ad8a0b150,
C:\Users\tyler\Desktop\BIBLE HUNT CODES\2022\.pdf\2022_big_game__RS\2022_big_game__RS__Limited_Entry_Rocky_Mountain_Bighorn_Sheep__source_manifest_report.pdf,2022_big_game__RS__Limited_Entry_Rocky_Mountain_Bighorn_Sheep__source_manifest_report.pdf,4186,8f5d341664fe19cc35b8e031f98da3e145148b70ba89342b15150ed92412f6f9,
C:\Users\tyler\Desktop\BIBLE HUNT CODES\2022\.pdf\antlerless_regular_multi\source_manifest_report.pdf,source_manifest_report.pdf,7477,24a2d31d52321cc60ea38acbf8ca9e0775d56c126885ee0bed113cc2deac477e,
C:\Users\tyler\Desktop\BIBLE HUNT CODES\2022\.pdf\antlerless_youth_multi\hunt_pages_only.pdf,hunt_pages_only.pdf,15100849,58f80c5131eab9bc229a0dcca771dc238f8cace645107f64930647fc6700587f,
C:\Users\tyler\Desktop\BIBLE HUNT CODES\2022\.pdf\antlerless_youth_multi\source_manifest_report.pdf,source_manifest_report.pdf,7405,625bcd07d3b0643d87da709589ded911a79afcddde39bfe397b377d939dd2cf1,
C:\Users\tyler\Desktop\BIBLE HUNT CODES\2022\.pdf\bear\hunt_pages_only.pdf,hunt_pages_only.pdf,7075765,496b0f75dc7021b81dc5dd346523889cca6e9ee8e676889fe8296a4d6eea0424,
C:\Users\tyler\Desktop\BIBLE HUNT CODES\2022\.pdf\bear\source_manifest_report.pdf,source_manifest_report.pdf,5925,356e6044f742f8a8bba7ada17eb5563d8a6bc96fd2ae770d7f8ed55bdc85b2fd,
C:\Users\tyler\Desktop\BIBLE HUNT CODES\2022\.pdf\bg_parent\hunt_pages_only.pdf,hunt_pages_only.pdf,40011057,fbd8c0db8cd3f0ba411dea0c77ab1c3cd7a7348a7923409cf0a93d8357822667,
C:\Users\tyler\Desktop\BIBLE HUNT CODES\2022\.pdf\bg_parent\source_manifest_report.pdf,source_manifest_report.pdf,8689,c6a9257d380c1ffd2f7fb293a0097d28c56525cc28eb530eca98cf81c6e56fc7,
C:\Users\tyler\Desktop\BIBLE HUNT CODES\2022\.pdf\cougar\hunt_pages_only.pdf,hunt_pages_only.pdf,664182,5230d04e6120f8c69c1ca51ae244edd614910e892e3a854f170a6ecc22b6b467,
C:\Users\tyler\Desktop\BIBLE HUNT CODES\2022\.pdf\cougar\source_manifest_report.pdf,source_manifest_report.pdf,3049,3fdac1d349fedff55b3eb35b6c39abc86ff82fbebee98f5026c14b50be7641fa,
C:\Users\tyler\Desktop\BIBLE HUNT CODES\2022\.pdf\dh_deer\hunt_pages_only.pdf,hunt_pages_only.pdf,2112262,983408db6c538cc338832f15d242117f1f68ed16146e9e80edcaecaa489f5d1b,
C:\Users\tyler\Desktop\BIBLE HUNT CODES\2022\.pdf\dh_deer\source_manifest_report.pdf,source_manifest_report.pdf,4851,31ff953797704e43904ada2b10f157fee597140ee08fd29ac6866ba4e4b01bd5,
C:\Users\tyler\Desktop\BIBLE HUNT CODES\2022\.pdf\gs_deer\hunt_pages_only.pdf,hunt_pages_only.pdf,6972495,6adc889c95f24e329d5810acc5d78d7c6cda7a0113608230354fc762486cc176,
C:\Users\tyler\Desktop\BIBLE HUNT CODES\2022\.pdf\gs_deer\source_manifest_report.pdf,source_manifest_report.pdf,6697,fd5a1e15016b56368a1f80d6c12e33ce4e38a8f8f18c43533dda431485cd1982,
C:\Users\tyler\Desktop\BIBLE HUNT CODES\2022\.pdf\lifetime_deer\hunt_pages_only.pdf,hunt_pages_only.pdf,7016248,faa578948f9eea7e7fab1b05b322b7eabe8f02cfd690d2a08f1b92dfb7cff051,
C:\Users\tyler\Desktop\BIBLE HUNT CODES\2022\.pdf\lifetime_deer\source_manifest_report.pdf,source_manifest_report.pdf,6693,320d989d7c977d1de64d6b8fda12e47aba3d2bcaf386627266830c4fe4f25824,
C:\Users\tyler\Desktop\BIBLE HUNT CODES\2022\.pdf\sportsman\hunt_pages_only.pdf,hunt_pages_only.pdf,130946,2c6ad3ff5593236bcb8ec75a543089357dd3e3bb5d627aa7bbcb98f6f3d25f9d,
C:\Users\tyler\Desktop\BIBLE HUNT CODES\2022\.pdf\sportsman\source_manifest_report.pdf,source_manifest_report.pdf,3928,ce36b64d08b8db5e7210765152a67da4cc9d598e495692325ccd82352a861850,
C:\Users\tyler\Desktop\BIBLE HUNT CODES\2022\.pdf\turkey_regular\hunt_pages_only.pdf,hunt_pages_only.pdf,479467,2a310d315ef7195cf656744634551412b63f91dd87e69ef89096e07def0a7156,
C:\Users\tyler\Desktop\BIBLE HUNT CODES\2022\.pdf\turkey_regular\source_manifest_report.pdf,source_manifest_report.pdf,2937,6fec3d93e6a1d709d529dc6517370cab2528edfd8a4cdea2a52e64a8f55b0f87,
C:\Users\tyler\Desktop\BIBLE HUNT CODES\2022\.pdf\turkey_youth\hunt_pages_only.pdf,hunt_pages_only.pdf,465837,71fc38cf4f16c95c7a36549b61f9cfe4de8434308f158e75ce60c203c0a54f97,
C:\Users\tyler\Desktop\BIBLE HUNT CODES\2022\.pdf\turkey_youth\source_manifest_report.pdf,source_manifest_report.pdf,2829,6980d50ca98a8b6a5a5ee2c9a854e29511c8b21eea30561a2751757997aad159,
C:\Users\tyler\Desktop\BIBLE HUNT CODES\2022\.pdf\youth_bull_elk\hunt_pages_only.pdf,hunt_pages_only.pdf,74060,d11a6808fc9fe64f9902a738a3948e7dd4fbcd4f077b115c77ac98e169f21c33,
C:\Users\tyler\Desktop\BIBLE HUNT CODES\2022\.pdf\youth_bull_elk\source_manifest_report.pdf,source_manifest_report.pdf,2653,8db2f65fc2b72fde8f0915d6614a5bb1b16e9c836f3f01e09a07e84f7e6dbdef,
C:\Users\tyler\Desktop\BIBLE HUNT CODES\2022\.pdf\youth_dh_deer\hunt_pages_only.pdf,hunt_pages_only.pdf,1503116,274fb2aa90ef61280273f87591f450852f45eeb6acd2954b1a4e36228794a5f7,
C:\Users\tyler\Desktop\BIBLE HUNT CODES\2022\.pdf\youth_dh_deer\source_manifest_report.pdf,source_manifest_report.pdf,4313,713be3c90a1b5e3359f1635d55cb33a60623027a531980104773a331286bb48b,
C:\Users\tyler\Desktop\BIBLE HUNT CODES\2022\.pdf\youth_gs_deer\hunt_pages_only.pdf,hunt_pages_only.pdf,6907477,39e5c24ec2bef345a86f5c13524665b4a268914abfc4d3d9d285f6c2d7b952aa,
C:\Users\tyler\Desktop\BIBLE HUNT CODES\2022\.pdf\youth_gs_deer\source_manifest_report.pdf,source_manifest_report.pdf,6676,e87e298d4e9557f50dd820970cb7a8700830806ef18600ab7293df98e6e34647,
C:\Users\tyler\Desktop\BIBLE HUNT CODES\2022\.pdf\2022_big_game__DS\2022_big_game__DS__Limited_Entry_Desert_Bighorn_Sheep\2022_big_game__DS__Limited_Entry_Desert_Bighorn_Sheep__hunt_pages_only.pdf,2022_big_game__DS__Limited_Entry_Desert_Bighorn_Sheep__hunt_pages_only.pdf,1146865,8c61885cc94bd6c67db128ad5b5e3ecf9a36a6806d5e8d2e710ef78ec2f869cf,
C:\Users\tyler\Desktop\BIBLE HUNT CODES\2022\.pdf\2022_big_game__DS\2022_big_game__DS__Limited_Entry_Desert_Bighorn_Sheep\2022_big_game__DS__Limited_Entry_Desert_Bighorn_Sheep__section_pages.pdf,2022_big_game__DS__Limited_Entry_Desert_Bighorn_Sheep__section_pages.pdf,1288609,3fa9fe1a0465370a5c020ab7352155a133f858db19661c914c03314050d8726e,
C:\Users\tyler\Desktop\BIBLE HUNT CODES\2022\.pdf\2022_big_game__DS\2022_big_game__DS__Limited_Entry_Desert_Bighorn_Sheep\2022_big_game__DS__Limited_Entry_Desert_Bighorn_Sheep__source_manifest_report.pdf,2022_big_game__DS__Limited_Entry_Desert_Bighorn_Sheep__source_manifest_report.pdf,4239,890cb8ead3d85d825bb9c4a52bef5d7258ca261ac392f62397c5cbb4edaa3e6d,
C:\Users\tyler\Desktop\BIBLE HUNT CODES\2022\.pdf\2022_big_game__EB\2022_big_game__EB__Limited_Entry_Elk\2022_big_game__EB__Limited_Entry_Elk__hunt_pages_only.pdf,2022_big_game__EB__Limited_Entry_Elk__hunt_pages_only.pdf,13461808,663e3eecbb43d2b0d8ce5fec4ae0451ab4f77ce7a0281de0719ad9364589d4c8,
C:\Users\tyler\Desktop\BIBLE HUNT CODES\2022\.pdf\2022_big_game__EB\2022_big_game__EB__Limited_Entry_Elk\2022_big_game__EB__Limited_Entry_Elk__section_pages.pdf,2022_big_game__EB__Limited_Entry_Elk__section_pages.pdf,13603823,91bab8f5d49af2953b6e3f1e33ee37a22c1fe843e35d3fcacd00d7ee11bdc66b,
C:\Users\tyler\Desktop\BIBLE HUNT CODES\2022\.pdf\2022_big_game__EB\2022_big_game__EB__Limited_Entry_Elk\2022_big_game__EB__Limited_Entry_Elk__source_manifest_report.pdf,2022_big_game__EB__Limited_Entry_Elk__source_manifest_report.pdf,8534,d69886d07a2e0af1e58fcccb426920c15a7492456b196aa6289c9b8024e813e0,
C:\Users\tyler\Desktop\BIBLE HUNT CODES\2022\.pdf\2022_big_game__GO\2022_big_game__GO__Limited_Entry_Mountain_Goat\2022_big_game__GO__Limited_Entry_Mountain_Goat__hunt_pages_only.pdf,2022_big_game__GO__Limited_Entry_Mountain_Goat__hunt_pages_only.pdf,1217236,dcff6a1b5b737ff756f4c5d9696d02740407c3e00f37796a5af71181bccd1897,
C:\Users\tyler\Desktop\BIBLE HUNT CODES\2022\.pdf\2022_big_game__GO\2022_big_game__GO__Limited_Entry_Mountain_Goat\2022_big_game__GO__Limited_Entry_Mountain_Goat__section_pages.pdf,2022_big_game__GO__Limited_Entry_Mountain_Goat__section_pages.pdf,1358726,c29669ddc0df0a88284f5f4e00b62bb39b8ff7ffa90a3ed44399d8d088442eec,
C:\Users\tyler\Desktop\BIBLE HUNT CODES\2022\.pdf\2022_big_game__GO\2022_big_game__GO__Limited_Entry_Mountain_Goat\2022_big_game__GO__Limited_Entry_Mountain_Goat__source_manifest_report.pdf,2022_big_game__GO__Limited_Entry_Mountain_Goat__source_manifest_report.pdf,4261,1140b85fce29ba0f7f8ed44593a37fe6744ef876e33f617952658fbdab45e87c,
C:\Users\tyler\Desktop\BIBLE HUNT CODES\2022\2022_all_source_outputs_COMPLETE\2022_all_source_outputs\combined_source_manifest_report.pdf,combined_source_manifest_report.pdf,3018,4f788a79c23284bae94741218a2226f0681367a4f4e0367fee4da5dbfde396b0,
C:\Users\tyler\Desktop\BIBLE HUNT CODES\2023\.pdf\2023_PERMITS=2024_MODEL__ANTLERLESS BIG GAME DRAW RESULTS.pdf,2023_PERMITS=2024_MODEL__ANTLERLESS BIG GAME DRAW RESULTS.pdf,770790,bf701616eee76380516e6a86d56517657740ab61b38c86860044d31712ce139f,
C:\Users\tyler\Desktop\BIBLE HUNT CODES\2023\.pdf\2023_PERMITS=2024_MODEL__ANTLERLESS DEER DRAW RESULTS.pdf,2023_PERMITS=2024_MODEL__ANTLERLESS DEER DRAW RESULTS.pdf,1545839,504ed4efa69640e501de275fc110f900603cd23dd4f5bb1c407b9b0d1a5f3d33,
C:\Users\tyler\Desktop\BIBLE HUNT CODES\2023\.pdf\2023_PERMITS=2024_MODEL__ANTLERLESS ELK DRAW RESULTS.pdf,2023_PERMITS=2024_MODEL__ANTLERLESS ELK DRAW RESULTS.pdf,11969618,0cddd4fcc0cc405a9151e9c97dccdb08fca63143c1310145558d120ed22bf6ce,
C:\Users\tyler\Desktop\BIBLE HUNT CODES\2023\.pdf\2023_PERMITS=2024_MODEL__ANTLERLESS MOOSE DRAW RESULTS.pdf,2023_PERMITS=2024_MODEL__ANTLERLESS MOOSE DRAW RESULTS.pdf,296559,36c22acc04f6be2012fbd36810cca6d81fb8f723ba8466444e7765dd385725d7,
C:\Users\tyler\Desktop\BIBLE HUNT CODES\2023\.pdf\2023_PERMITS=2024_MODEL__ANTLERLESS PRONGHORN DRAW RESULTS.pdf,2023_PERMITS=2024_MODEL__ANTLERLESS PRONGHORN DRAW RESULTS.pdf,1395814,032cd7be2d105318952a0c5c06eac1431bb277c3c9a5e51e932c23154d0aff10,
C:\Users\tyler\Desktop\BIBLE HUNT CODES\2023\.pdf\2023_PERMITS=2024_MODEL__ANTLERLESS ROCKY MOUNTAIN BIGHORN SHEEP DRAW RESULTS.pdf,2023_PERMITS=2024_MODEL__ANTLERLESS ROCKY MOUNTAIN BIGHORN SHEEP DRAW RESULTS.pdf,147262,d7526b35fa54045bc53f20552d25c6ecb1569d5d76112039f90c0a0978dcd057,
C:\Users\tyler\Desktop\BIBLE HUNT CODES\2023\.pdf\2023_PERMITS=2024_MODEL__BEAR DRAW RESULTS.pdf,2023_PERMITS=2024_MODEL__BEAR DRAW RESULTS.pdf,444780,9726e78747de7634cb3d4038c3daf3665e142285ef7ecbdd342d0ac929cb0de3,
C:\Users\tyler\Desktop\BIBLE HUNT CODES\2023\.pdf\2023_PERMITS=2024_MODEL__D.H. DEER DRAW RESULTS.pdf,2023_PERMITS=2024_MODEL__D.H. DEER DRAW RESULTS.pdf,179888,b11dc4329853871aa145b01db3c3843354796f0b7a9b82be84ece0cb0eeae68c,
C:\Users\tyler\Desktop\BIBLE HUNT CODES\2023\.pdf\2023_PERMITS=2024_MODEL__G.S. BUCK DEER DRAW RESULTS.pdf,2023_PERMITS=2024_MODEL__G.S. BUCK DEER DRAW RESULTS.pdf,463470,3ef46bf75fb105f6deeb76f70ebfe9b911a868fec81dec0ad7947f4fab905896,
C:\Users\tyler\Desktop\BIBLE HUNT CODES\2023\.pdf\2023_PERMITS=2024_MODEL__L.E. DEER DRAW RESULTS.pdf,2023_PERMITS=2024_MODEL__L.E. DEER DRAW RESULTS.pdf,13335248,7771d967f1da0702c6576a2deb99ca9f3483c508225611f4b7d605582e45bd8c,
C:\Users\tyler\Desktop\BIBLE HUNT CODES\2023\.pdf\2023_PERMITS=2024_MODEL__L.E. ELK DRAW RESULTS.pdf,2023_PERMITS=2024_MODEL__L.E. ELK DRAW RESULTS.pdf,14911651,42442a0fbfc34b0947eb542e05d406d5f01e3c86decf45d62f1bbd80cf32a4f0,
C:\Users\tyler\Desktop\BIBLE HUNT CODES\2023\.pdf\2023_PERMITS=2024_MODEL__L.E. PRONGHORN DRAW RESULTS.pdf,2023_PERMITS=2024_MODEL__L.E. PRONGHORN DRAW RESULTS.pdf,6070278,9413f365c3bf95949ef21c40a177064ca70b50d7d0ccadb859dc12bea2a7f30f,
C:\Users\tyler\Desktop\BIBLE HUNT CODES\2023\.pdf\2023_PERMITS=2024_MODEL__LIFETIME G.S. DEER DRAW RESULTS.pdf,2023_PERMITS=2024_MODEL__LIFETIME G.S. DEER DRAW RESULTS.pdf,412919,3a6dbf9f7f3b1b8f995a2685521812027effc7a92067609311107e80d6933c19,
C:\Users\tyler\Desktop\BIBLE HUNT CODES\2023\.pdf\2023_PERMITS=2024_MODEL__O.I.L. BISON DRAW RESULTS.pdf,2023_PERMITS=2024_MODEL__O.I.L. BISON DRAW RESULTS.pdf,1203818,c03897387d00c20824e7f306770d7b49ac667b8094186a819ec3651a7c9bc7fd,
C:\Users\tyler\Desktop\BIBLE HUNT CODES\2023\.pdf\2023_PERMITS=2024_MODEL__O.I.L. BULL MOOSE DRAW RESULTS.pdf,2023_PERMITS=2024_MODEL__O.I.L. BULL MOOSE DRAW RESULTS.pdf,2118846,3a3ee40d82118002bd3c5a0e456915d57e1aa227fe8d506acf36469fd1732ea9,
C:\Users\tyler\Desktop\BIBLE HUNT CODES\2023\.pdf\2023_PERMITS=2024_MODEL__O.I.L. DESERT BIGHORN SHEEP DRAW RESULTS.pdf,2023_PERMITS=2024_MODEL__O.I.L. DESERT BIGHORN SHEEP DRAW RESULTS.pdf,1132205,4e0892423bc7255260e40473b57047592956c2328338739ba94b823379063f20,
C:\Users\tyler\Desktop\BIBLE HUNT CODES\2023\.pdf\2023_PERMITS=2024_MODEL__O.I.L. MTN GOAT DRAW RESULTS.pdf,2023_PERMITS=2024_MODEL__O.I.L. MTN GOAT DRAW RESULTS.pdf,1201343,e34d8e7b32032424f5297fbf632a12ab0720a1cdad8ac736300e872367d04554,
C:\Users\tyler\Desktop\BIBLE HUNT CODES\2023\.pdf\2023_PERMITS=2024_MODEL__O.I.L. ROCKY MTN SHEEP DRAW RESULTS.pdf,2023_PERMITS=2024_MODEL__O.I.L. ROCKY MTN SHEEP DRAW RESULTS.pdf,990928,6fb9d37508a896a94a1e66e7b963eba510fe6d8627348c721a9c04713fef2966,
C:\Users\tyler\Desktop\BIBLE HUNT CODES\2023\.pdf\2023_PERMITS=2024_MODEL__SPORTSMAN DRAW RESULTS.pdf,2023_PERMITS=2024_MODEL__SPORTSMAN DRAW RESULTS.pdf,102242,7899bf807dd1320f11b65aa568230f4e3c4120f5be7719b2d1376b6d3d7f4679,
C:\Users\tyler\Desktop\BIBLE HUNT CODES\2023\.pdf\2023_PERMITS=2024_MODEL__TURKEY DRAW RESULTS.pdf,2023_PERMITS=2024_MODEL__TURKEY DRAW RESULTS.pdf,131980,173678409a659135eff98438a06bbd1bda558d73b0b76d911ce28434bc529300,
C:\Users\tyler\Desktop\BIBLE HUNT CODES\2023\.pdf\2023_PERMITS=2024_MODEL__YOUTH ANTLERLESS DEER DRAW RESULTS.pdf,2023_PERMITS=2024_MODEL__YOUTH ANTLERLESS DEER DRAW RESULTS.pdf,1542644,3104805fa4c2ed423a6ef626fc77352cfeea3973c2b2e4aa3d8df4f944dc1e30,
C:\Users\tyler\Desktop\BIBLE HUNT CODES\2023\.pdf\2023_PERMITS=2024_MODEL__YOUTH ANTLERLESS ELK DRAW RESULTS.pdf,2023_PERMITS=2024_MODEL__YOUTH ANTLERLESS ELK DRAW RESULTS.pdf,11214960,c57f46e69fd9524199ce203ae2b50685835830d659225d47c959153673e6a633,
C:\Users\tyler\Desktop\BIBLE HUNT CODES\2023\.pdf\2023_PERMITS=2024_MODEL__YOUTH ANTLERLESS PRONGHORN DRAW RESULTS.pdf,2023_PERMITS=2024_MODEL__YOUTH ANTLERLESS PRONGHORN DRAW RESULTS.pdf,1392736,ab62ab3c583c371ac202f593fbf52810796ccf3369ac4bdb15761bce4bdebd1d,
C:\Users\tyler\Desktop\BIBLE HUNT CODES\2023\.pdf\2023_PERMITS=2024_MODEL__YOUTH D.H. DEER DRAW RESULTS.pdf,2023_PERMITS=2024_MODEL__YOUTH D.H. DEER DRAW RESULTS.pdf,148486,3375f3a323f061d4c91260df5ad858394bc1c46d31fb789af9f9961aeadd95cc,
C:\Users\tyler\Desktop\BIBLE HUNT CODES\2023\.pdf\2023_PERMITS=2024_MODEL__YOUTH ELK DRAW RESULTS.pdf,2023_PERMITS=2024_MODEL__YOUTH ELK DRAW RESULTS.pdf,76712,6766808ae7fe09786635cdeac27cefecda216df0ec3a05cc22609f5d0ec3da5e,
C:\Users\tyler\Desktop\BIBLE HUNT CODES\2023\.pdf\2023_PERMITS=2024_MODEL__YOUTH G.S. DEER DRAW RESULTS.pdf,2023_PERMITS=2024_MODEL__YOUTH G.S. DEER DRAW RESULTS.pdf,439421,5ad3362cc56651f423c09bb0454492a5a4c08ddd28aaa012ee2791451bd489f1,
C:\Users\tyler\Desktop\BIBLE HUNT CODES\2023\.pdf\2023_PERMITS=2024_MODEL__YOUTH TURKEY DRAW RESULTS.pdf,2023_PERMITS=2024_MODEL__YOUTH TURKEY DRAW RESULTS.pdf,126549,9dad81e22386d3692e9fe8ab856a4994137641ba4c13ba6fc725708259092dbd,
C:\Users\tyler\Desktop\BIBLE HUNT CODES\2023\PARENT fILE\2022-23 Sportsman draw odds report.pdf,2022-23 Sportsman draw odds report.pdf,123222,fc7c64978355dfaa859b884dcb66ab67c3c9daefa595d2e5cdbf3a5917a2000a,
C:\Users\tyler\Desktop\BIBLE HUNT CODES\2023\PARENT fILE\2023 Antlerless big game draw results.pdf,2023 Antlerless big game draw results.pdf,770790,bf701616eee76380516e6a86d56517657740ab61b38c86860044d31712ce139f,
C:\Users\tyler\Desktop\BIBLE HUNT CODES\2023\PARENT fILE\2023 DEER ODDS.pdf,2023 DEER ODDS.pdf,1028367,4188e4c1b712ec1c4973b735b6cb06e489680f15a1b2011857046b49707efabf,
C:\Users\tyler\Desktop\BIBLE HUNT CODES\2023\PARENT fILE\2023 draw results General Season Deer Draw Odds.pdf,2023 draw results General Season Deer Draw Odds.pdf,464211,b59c00f36a5e3f66f0de435e194ca0ac708ef0795380035925598c5275cffd40,
C:\Users\tyler\Desktop\BIBLE HUNT CODES\2023\PARENT fILE\2023 ELK + OTHER BIG GAME.pdf,2023 ELK + OTHER BIG GAME.pdf,2111606,66a38f69c535fe4e9128ada6c0f8253db58581ca4e924837b086c9f176249a6d,
C:\Users\tyler\Desktop\BIBLE HUNT CODES\2023\PARENT fILE\2023 Lifetime general-season deer draw results.pdf,2023 Lifetime general-season deer draw results.pdf,412919,3a6dbf9f7f3b1b8f995a2685521812027effc7a92067609311107e80d6933c19,
C:\Users\tyler\Desktop\BIBLE HUNT CODES\2023\PARENT fILE\2023 turkey_2023_youth_turkey_draw_results.pdf,2023 turkey_2023_youth_turkey_draw_results.pdf,126549,9dad81e22386d3692e9fe8ab856a4994137641ba4c13ba6fc725708259092dbd,
C:\Users\tyler\Desktop\BIBLE HUNT CODES\2023\PARENT fILE\2023 Youth antlerless big game draw results.pdf,2023 Youth antlerless big game draw results.pdf,689163,adff51c9d620fd88c5bed4a1253293183db9563a2f292c3ec0bc9c0694218670,
C:\Users\tyler\Desktop\BIBLE HUNT CODES\2023\PARENT fILE\2023 Youth draw-only elk bonus point draw results.pdf,2023 Youth draw-only elk bonus point draw results.pdf,76712,6766808ae7fe09786635cdeac27cefecda216df0ec3a05cc22609f5d0ec3da5e,
C:\Users\tyler\Desktop\BIBLE HUNT CODES\2023\PARENT fILE\2023 Youth general-season deer draw results.pdf,2023 Youth general-season deer draw results.pdf,439421,5ad3362cc56651f423c09bb0454492a5a4c08ddd28aaa012ee2791451bd489f1,
C:\Users\tyler\Desktop\BIBLE HUNT CODES\2023\PARENT fILE\2023 _Dedicated Hunter deer draw results.pdf,2023 _Dedicated Hunter deer draw results.pdf,179888,b11dc4329853871aa145b01db3c3843354796f0b7a9b82be84ece0cb0eeae68c,
C:\Users\tyler\Desktop\BIBLE HUNT CODES\2023\PARENT fILE\2023 _turkey_2023_turkey_bonus_points_draw_results.pdf,2023 _turkey_2023_turkey_bonus_points_draw_results.pdf,131980,173678409a659135eff98438a06bbd1bda558d73b0b76d911ce28434bc529300,
C:\Users\tyler\Desktop\BIBLE HUNT CODES\2023\PARENT fILE\2023_cougar_odds_report.pdf,2023_cougar_odds_report.pdf,135475,b7296b69abc2622f8418ea97da29b80341117c62216b70f9b612fb74943f0807,
C:\Users\tyler\Desktop\BIBLE HUNT CODES\2023\PARENT fILE\2023_PERMITS=2024_MODEL__ANTLERLESS DRAW RESULTS.pdf,2023_PERMITS=2024_MODEL__ANTLERLESS DRAW RESULTS.pdf,770790,bf701616eee76380516e6a86d56517657740ab61b38c86860044d31712ce139f,
C:\Users\tyler\Desktop\BIBLE HUNT CODES\2023\PARENT fILE\2023_PERMITS=2024_MODEL__BIG GAME DEER SECTION DRAW RESULTS.pdf,2023_PERMITS=2024_MODEL__BIG GAME DEER SECTION DRAW RESULTS.pdf,1028367,4188e4c1b712ec1c4973b735b6cb06e489680f15a1b2011857046b49707efabf,
C:\Users\tyler\Desktop\BIBLE HUNT CODES\2023\PARENT fILE\2023_PERMITS=2024_MODEL__BIG GAME DRAW RESULTS.pdf,2023_PERMITS=2024_MODEL__BIG GAME DRAW RESULTS.pdf,3041049,37a416f119c6cc24abbfd8ffc5c0bb65a9245212928033eaadf5b2dab93c3f51,
C:\Users\tyler\Desktop\BIBLE HUNT CODES\2023\PARENT fILE\2023_PERMITS=2024_MODEL__BIG GAME ELK OTHER SECTION DRAW RESULTS.pdf,2023_PERMITS=2024_MODEL__BIG GAME ELK OTHER SECTION DRAW RESULTS.pdf,2111606,66a38f69c535fe4e9128ada6c0f8253db58581ca4e924837b086c9f176249a6d,
C:\Users\tyler\Desktop\BIBLE HUNT CODES\2023\PARENT fILE\2023_PERMITS=2024_MODEL__L.E. BIG GAME DRAW RESULTS.pdf,2023_PERMITS=2024_MODEL__L.E. BIG GAME DRAW RESULTS.pdf,3041049,37a416f119c6cc24abbfd8ffc5c0bb65a9245212928033eaadf5b2dab93c3f51,
C:\Users\tyler\Desktop\BIBLE HUNT CODES\2023\PARENT fILE\23_bg-odds.pdf,23_bg-odds.pdf,3041049,37a416f119c6cc24abbfd8ffc5c0bb65a9245212928033eaadf5b2dab93c3f51,
C:\Users\tyler\Desktop\BIBLE HUNT CODES\2023\PARENT fILE\23_drawing_odds.pdf,23_drawing_odds.pdf,444780,9726e78747de7634cb3d4038c3daf3665e142285ef7ecbdd342d0ac929cb0de3,
C:\Users\tyler\Desktop\BIBLE HUNT CODES\2023\PARENT fILE\23_youth_dh_odds.pdf,23_youth_dh_odds.pdf,148486,3375f3a323f061d4c91260df5ad858394bc1c46d31fb789af9f9961aeadd95cc,
C:\Users\tyler\Desktop\BIBLE HUNT CODES\2023\PARENT fILE\antlerless moose.pdf,antlerless moose.pdf,86661,11433aadc5ce5c46ef9bc211da9298c3ee2e9cf1aa12ed0389401b2023471e2d,
C:\Users\tyler\Desktop\BIBLE HUNT CODES\2023\PARENT fILE\bull moose.pdf,bull moose.pdf,284295,0308c5016f024ac205a5a382f67ee464fb0a4246fce9f082354448f006df9a6d,
C:\Users\tyler\Desktop\BIBLE HUNT CODES\2023\PARENT fILE\db 1024.pdf,db 1024.pdf,77400,524366cbed6d12600d701aea5cd978bca10d29103bf7d162f76e68e76446cab0,
C:\Users\tyler\Desktop\BIBLE HUNT CODES\2023\PARENT fILE\eb3022.pdf,eb3022.pdf,76950,12b27ef2cdfdd3f2988b0db0dedf7f72afe68815bfa4f5c79cadb241f55c1349,
C:\Users\tyler\Desktop\BIBLE HUNT CODES\2023\PARENT fILE\eb3127.pdf,eb3127.pdf,77236,95660e6355b1c81ca574f47cba4366d5d5f2ad57a2e51ca6b940ae1bf3777736,
C:\Users\tyler\Desktop\BIBLE HUNT CODES\2023\.pdf\BI_limited_entry_bison\hunt_pages_only.pdf,hunt_pages_only.pdf,1203818,c03897387d00c20824e7f306770d7b49ac667b8094186a819ec3651a7c9bc7fd,
C:\Users\tyler\Desktop\BIBLE HUNT CODES\2023\.pdf\BI_limited_entry_bison\source_manifest_report.pdf,source_manifest_report.pdf,2177,96018c9f1cccfffa82e45236875a1fe3f5a82f838c03078970467972baca9ffc,
C:\Users\tyler\Desktop\BIBLE HUNT CODES\2023\.pdf\DB_limited_entry_deer\hunt_pages_only.pdf,hunt_pages_only.pdf,13335248,7771d967f1da0702c6576a2deb99ca9f3483c508225611f4b7d605582e45bd8c,
C:\Users\tyler\Desktop\BIBLE HUNT CODES\2023\.pdf\DB_limited_entry_deer\section_pages.pdf,section_pages.pdf,13335248,7771d967f1da0702c6576a2deb99ca9f3483c508225611f4b7d605582e45bd8c,
C:\Users\tyler\Desktop\BIBLE HUNT CODES\2023\.pdf\DB_limited_entry_deer\source_manifest_report.pdf,source_manifest_report.pdf,2176,b52c395b797827b9bb1fd25b9bad7ed3449c63c5f9c2cee92a0d1f42e1ca5b19,
C:\Users\tyler\Desktop\BIBLE HUNT CODES\2023\.pdf\DS_limited_entry_desert_bighorn_sheep\hunt_pages_only.pdf,hunt_pages_only.pdf,1132205,4e0892423bc7255260e40473b57047592956c2328338739ba94b823379063f20,
C:\Users\tyler\Desktop\BIBLE HUNT CODES\2023\.pdf\DS_limited_entry_desert_bighorn_sheep\section_pages.pdf,section_pages.pdf,1132205,4e0892423bc7255260e40473b57047592956c2328338739ba94b823379063f20,
C:\Users\tyler\Desktop\BIBLE HUNT CODES\2023\.pdf\DS_limited_entry_desert_bighorn_sheep\source_manifest_report.pdf,source_manifest_report.pdf,2193,4f828d377520fe7628602e212a8e35bf39eeeb4f8bb329e734457f6395a3a1d0,
C:\Users\tyler\Desktop\BIBLE HUNT CODES\2023\.pdf\EB_limited_entry_elk\hunt_pages_only.pdf,hunt_pages_only.pdf,14911651,42442a0fbfc34b0947eb542e05d406d5f01e3c86decf45d62f1bbd80cf32a4f0,
C:\Users\tyler\Desktop\BIBLE HUNT CODES\2023\.pdf\EB_limited_entry_elk\section_pages.pdf,section_pages.pdf,14911651,42442a0fbfc34b0947eb542e05d406d5f01e3c86decf45d62f1bbd80cf32a4f0,
C:\Users\tyler\Desktop\BIBLE HUNT CODES\2023\.pdf\EB_limited_entry_elk\source_manifest_report.pdf,source_manifest_report.pdf,2172,7e915f81241d6f9e7dc6d5423e175f4b9e75cb7a53043b83a3dab593a714b6ed,
C:\Users\tyler\Desktop\BIBLE HUNT CODES\2023\.pdf\GO_limited_entry_mountain_goat\hunt_pages_only.pdf,hunt_pages_only.pdf,1201343,e34d8e7b32032424f5297fbf632a12ab0720a1cdad8ac736300e872367d04554,
C:\Users\tyler\Desktop\BIBLE HUNT CODES\2023\.pdf\GO_limited_entry_mountain_goat\section_pages.pdf,section_pages.pdf,1201343,e34d8e7b32032424f5297fbf632a12ab0720a1cdad8ac736300e872367d04554,
C:\Users\tyler\Desktop\BIBLE HUNT CODES\2023\.pdf\GO_limited_entry_mountain_goat\source_manifest_report.pdf,source_manifest_report.pdf,2186,00d262e6262e88ecfe435d29ccc06789af18efb63167a47e510e186f3f4a0186,
C:\Users\tyler\Desktop\BIBLE HUNT CODES\2023\.pdf\MB_limited_entry_moose\hunt_pages_only.pdf,hunt_pages_only.pdf,2118846,3a3ee40d82118002bd3c5a0e456915d57e1aa227fe8d506acf36469fd1732ea9,
C:\Users\tyler\Desktop\BIBLE HUNT CODES\2023\.pdf\MB_limited_entry_moose\section_pages.pdf,section_pages.pdf,2118846,3a3ee40d82118002bd3c5a0e456915d57e1aa227fe8d506acf36469fd1732ea9,
C:\Users\tyler\Desktop\BIBLE HUNT CODES\2023\.pdf\MB_limited_entry_moose\source_manifest_report.pdf,source_manifest_report.pdf,2178,12d01c99d5dd0834e0b508f32e59cd7584f938edefe145913272919e4115bfc4,
C:\Users\tyler\Desktop\BIBLE HUNT CODES\2023\.pdf\PB_limited_entry_pronghorn\hunt_pages_only.pdf,hunt_pages_only.pdf,6070278,9413f365c3bf95949ef21c40a177064ca70b50d7d0ccadb859dc12bea2a7f30f,
C:\Users\tyler\Desktop\BIBLE HUNT CODES\2023\.pdf\PB_limited_entry_pronghorn\section_pages.pdf,section_pages.pdf,6070278,9413f365c3bf95949ef21c40a177064ca70b50d7d0ccadb859dc12bea2a7f30f,
C:\Users\tyler\Desktop\BIBLE HUNT CODES\2023\.pdf\PB_limited_entry_pronghorn\source_manifest_report.pdf,source_manifest_report.pdf,2178,c5713a1225f88b4d109d6e10a112008a1199ee2fab05d7252f7d2e927dfe85e8,
C:\Users\tyler\Desktop\BIBLE HUNT CODES\2023\.pdf\RS_limited_entry_rocky_mountain_bighorn_sheep\hunt_pages_only.pdf,hunt_pages_only.pdf,990928,6fb9d37508a896a94a1e66e7b963eba510fe6d8627348c721a9c04713fef2966,
C:\Users\tyler\Desktop\BIBLE HUNT CODES\2023\.pdf\RS_limited_entry_rocky_mountain_bighorn_sheep\section_pages.pdf,section_pages.pdf,990928,6fb9d37508a896a94a1e66e7b963eba510fe6d8627348c721a9c04713fef2966,
C:\Users\tyler\Desktop\BIBLE HUNT CODES\2023\.pdf\RS_limited_entry_rocky_mountain_bighorn_sheep\source_manifest_report.pdf,source_manifest_report.pdf,2199,8ef8da3c17f9f30a6120c37a0007457b231aa0d2816fe9ec5b55853734e797b5,
C:\Users\tyler\Desktop\BIBLE HUNT CODES\2023\2023_for_2024_source_output\2023_bg_family_outputs\2023_big_game_8_family_combined_manifest_report.pdf,2023_big_game_8_family_combined_manifest_report.pdf,2720,6f52c0061cb355f5239eb894b9ef493c15e88213cc43f7fb63e2e2f4ad67fae6,
C:\Users\tyler\Desktop\BIBLE HUNT CODES\2023\2023_for_2024_source_output\2023_for_2024_source_outputs\combined_source_manifest_report.pdf,combined_source_manifest_report.pdf,3838,63585db6bd9a4c8fc03396d9449a0c9994cbfbeeb360e167055fa19eaa76f5e2,
C:\Users\tyler\Desktop\BIBLE HUNT CODES\2023\2023_for_2024_source_output\2023_for_2024_source_outputs\antlerless_regular_multi\source_manifest_report.pdf,source_manifest_report.pdf,2585,f1b5dd5f7f03e21b9f07598ebeb10d4dc5da9894c703188739b78499ff9127a5,
C:\Users\tyler\Desktop\BIBLE HUNT CODES\2023\2023_for_2024_source_output\2023_for_2024_source_outputs\antlerless_youth_multi\source_manifest_report.pdf,source_manifest_report.pdf,2472,58096a2c5ae11ab4514b0299a65ea3d96fc5a63d10c1d8dcd73ba81aa869c20d,
C:\Users\tyler\Desktop\BIBLE HUNT CODES\2023\2023_for_2024_source_output\2023_for_2024_source_outputs\bear\source_manifest_report.pdf,source_manifest_report.pdf,2274,38b01bc1ef4506260dd976e1cda4ef0b4fab1808a42d86f8cbf3f8a5ecf9afbc,
C:\Users\tyler\Desktop\BIBLE HUNT CODES\2023\2023_for_2024_source_output\2023_for_2024_source_outputs\bg_parent\source_manifest_report.pdf,source_manifest_report.pdf,2743,164e964eede88e54334941d132c8b5811712af601b29330395ecddfb826c5c37,
C:\Users\tyler\Desktop\BIBLE HUNT CODES\2023\2023_for_2024_source_output\2023_for_2024_source_outputs\big_game_deer_section\source_manifest_report.pdf,source_manifest_report.pdf,2283,36060e791aeb62cf7db58575b018a9248113e663a931ccc58c3d2ae0b4ad77fc,
C:\Users\tyler\Desktop\BIBLE HUNT CODES\2023\2023_for_2024_source_output\2023_for_2024_source_outputs\big_game_elk_other_section\source_manifest_report.pdf,source_manifest_report.pdf,2758,2e9a6234b7ccb9ee0804f8a83302a23886c30500d64763b5f32195d767b77633,
C:\Users\tyler\Desktop\BIBLE HUNT CODES\2023\2023_for_2024_source_output\2023_for_2024_source_outputs\cougar\source_manifest_report.pdf,source_manifest_report.pdf,2321,8dbee83ad34fed9d97557194ead57578e775a6cee9a1ac34fc5c43d0833a9a04,
C:\Users\tyler\Desktop\BIBLE HUNT CODES\2023\2023_for_2024_source_output\2023_for_2024_source_outputs\dh_deer\source_manifest_report.pdf,source_manifest_report.pdf,2284,146ffee0de4ebef5380978c7abcaedfb887caf9a08cbf6ab990cdc8ddc647d20,
C:\Users\tyler\Desktop\BIBLE HUNT CODES\2023\2023_for_2024_source_output\2023_for_2024_source_outputs\lifetime_deer\source_manifest_report.pdf,source_manifest_report.pdf,2298,6055b55950d2e49b196c4e915ab2f73941b1666ec9647eaec62991b39c9e0308,
C:\Users\tyler\Desktop\BIBLE HUNT CODES\2023\2023_for_2024_source_output\2023_for_2024_source_outputs\sportsman\source_manifest_report.pdf,source_manifest_report.pdf,2953,9c95bf08d1e3ecb7614dc28276b54864d31ca8ecd7937e3dd4e74b013dbdd003,
C:\Users\tyler\Desktop\BIBLE HUNT CODES\2023\2023_for_2024_source_output\2023_for_2024_source_outputs\turkey_regular\source_manifest_report.pdf,source_manifest_report.pdf,2297,5a71e94b05a1b5e1fd4fdbcd17cae4f6b444b48691ff5be183a77158f2f3f79d,
C:\Users\tyler\Desktop\BIBLE HUNT CODES\2023\2023_for_2024_source_output\2023_for_2024_source_outputs\turkey_youth\source_manifest_report.pdf,source_manifest_report.pdf,2289,25c8b66f3cea8ecfaa904fe95b07db3516664505f4dce9f1f168c16eb52f5431,
C:\Users\tyler\Desktop\BIBLE HUNT CODES\2023\2023_for_2024_source_output\2023_for_2024_source_outputs\youth_bull_elk\source_manifest_report.pdf,source_manifest_report.pdf,2299,12b42fe6fd14a896c42e68149fc21177a0d9767776bff3533a01ae80d3f58247,
C:\Users\tyler\Desktop\BIBLE HUNT CODES\2023\2023_for_2024_source_output\2023_for_2024_source_outputs\youth_dh_deer\source_manifest_report.pdf,source_manifest_report.pdf,2268,34c1984a3aa77cc136b6a0ab03e1438eac3ea271b1b3b57b285f7755d165bb71,
C:\Users\tyler\Desktop\BIBLE HUNT CODES\2023\2023_for_2024_source_output\2023_for_2024_source_outputs\youth_gs_deer\source_manifest_report.pdf,source_manifest_report.pdf,2303,66dcb1d429465041c247fcc66e80c8090106abaa7fb68679eeb14ebd9b6ed394,
C:\Users\tyler\Desktop\BIBLE HUNT CODES\2024\.pdf\2024_PERMITS=2025_MODEL__ANTLERLESS_DEER_DRAW_RESULTS.pdf,2024_PERMITS=2025_MODEL__ANTLERLESS_DEER_DRAW_RESULTS.pdf,138324,1aeef61c0f599c5f978ca0961f09908fb5b8b5e3878cf3c936f5b5c1ecd815b5,
C:\Users\tyler\Desktop\BIBLE HUNT CODES\2024\.pdf\2024_PERMITS=2025_MODEL__ANTLERLESS_ELK_DRAW_RESULTS.pdf,2024_PERMITS=2025_MODEL__ANTLERLESS_ELK_DRAW_RESULTS.pdf,563414,d746ebbbd2f652886c5cf34e1306b00f50b05e2510aa6dbc7fc49039c645777f,
C:\Users\tyler\Desktop\BIBLE HUNT CODES\2024\.pdf\2024_PERMITS=2025_MODEL__ANTLERLESS_MOOSE_DRAW_RESULTS.pdf,2024_PERMITS=2025_MODEL__ANTLERLESS_MOOSE_DRAW_RESULTS.pdf,77521,c0fbdda256ec7d662d5957777a73ef12210769644cbf5636d81964c2383023e4,
C:\Users\tyler\Desktop\BIBLE HUNT CODES\2024\.pdf\2024_PERMITS=2025_MODEL__ANTLERLESS_PRONGHORN_DRAW_RESULTS.pdf,2024_PERMITS=2025_MODEL__ANTLERLESS_PRONGHORN_DRAW_RESULTS.pdf,121458,62b4fdaf22091881b627a874f00bc36b67b352197de7cb5885eb052a28ba8e67,
C:\Users\tyler\Desktop\BIBLE HUNT CODES\2024\.pdf\2024_PERMITS=2025_MODEL__ANTLERLESS_ROCKY_MOUNTAIN_BIGHORN_SHEEP_DRAW_RESULTS.pdf,2024_PERMITS=2025_MODEL__ANTLERLESS_ROCKY_MOUNTAIN_BIGHORN_SHEEP_DRAW_RESULTS.pdf,74063,459b6558cf61199b33698fdef4c2405b97f79ad0158d1f809e2a7332fd1d5e4f,
C:\Users\tyler\Desktop\BIBLE HUNT CODES\2024\.pdf\2024_PERMITS=2025_MODEL__BEAR DRAW RESULTS.pdf,2024_PERMITS=2025_MODEL__BEAR DRAW RESULTS.pdf,428653,50a7d2a6b7278e4bd526746655a560567f4bd7f0cc77bab844025956a5f32299,
C:\Users\tyler\Desktop\BIBLE HUNT CODES\2024\.pdf\2024_PERMITS=2025_MODEL__D.H. DEER DRAW RESULTS.pdf,2024_PERMITS=2025_MODEL__D.H. DEER DRAW RESULTS.pdf,201098,13aa1539a3d350bbaeb3012275dde5767bed69d5c4ad4e94e8cef57e021a2c7d,
C:\Users\tyler\Desktop\BIBLE HUNT CODES\2024\.pdf\2024_PERMITS=2025_MODEL__G.S. BUCK DEER DRAW RESULTS.pdf,2024_PERMITS=2025_MODEL__G.S. BUCK DEER DRAW RESULTS.pdf,459740,6a994a6e4d6b2d3ea1eb5b49d29936433efe5a2903af4278def8b5418cc0d945,
C:\Users\tyler\Desktop\BIBLE HUNT CODES\2024\.pdf\2024_PERMITS=2025_MODEL__L.E. DEER DRAW RESULTS.pdf,2024_PERMITS=2025_MODEL__L.E. DEER DRAW RESULTS.pdf,13219222,1b80412e20a9f8c4f98c93b7b0a1c8e762c09f5eabd45f6f9dda54d1735b61de,
C:\Users\tyler\Desktop\BIBLE HUNT CODES\2024\.pdf\2024_PERMITS=2025_MODEL__L.E. ELK DRAW RESULTS.pdf,2024_PERMITS=2025_MODEL__L.E. ELK DRAW RESULTS.pdf,14793313,6fc55c291409390ff708aa5860a1fdd3f8ef8e58b1ffaeca58c85559fb6ba6be,
C:\Users\tyler\Desktop\BIBLE HUNT CODES\2024\.pdf\2024_PERMITS=2025_MODEL__L.E. PRONGHORN DRAW RESULTS.pdf,2024_PERMITS=2025_MODEL__L.E. PRONGHORN DRAW RESULTS.pdf,6009304,63a0212cbdbd2e22eb34abd2d19e59104acb45b9f7498a8dffe3d28c0f387ed8,
C:\Users\tyler\Desktop\BIBLE HUNT CODES\2024\.pdf\2024_PERMITS=2025_MODEL__LIFETIME G.S. DEER DRAW RESULTS.pdf,2024_PERMITS=2025_MODEL__LIFETIME G.S. DEER DRAW RESULTS.pdf,437601,13c119ae2038952854ed61e70d204397869b3db13cf60a6a0b12adeb095154af,
C:\Users\tyler\Desktop\BIBLE HUNT CODES\2024\.pdf\2024_PERMITS=2025_MODEL__O.I.L. BISON DRAW RESULTS.pdf,2024_PERMITS=2025_MODEL__O.I.L. BISON DRAW RESULTS.pdf,1134689,e02e3d248768836537e5681754211f4119a25b67ad8a52744d6046ccd7d903b3,
C:\Users\tyler\Desktop\BIBLE HUNT CODES\2024\.pdf\2024_PERMITS=2025_MODEL__O.I.L. BULL MOOSE DRAW RESULTS.pdf,2024_PERMITS=2025_MODEL__O.I.L. BULL MOOSE DRAW RESULTS.pdf,2475506,6d23f6a62d26859fe1b32c6fcfe87602041e1cf4f9c597c6729d08a541d063bb,
C:\Users\tyler\Desktop\BIBLE HUNT CODES\2024\.pdf\2024_PERMITS=2025_MODEL__O.I.L. DESERT BIGHORN SHEEP DRAW RESULTS.pdf,2024_PERMITS=2025_MODEL__O.I.L. DESERT BIGHORN SHEEP DRAW RESULTS.pdf,1204944,ac4b3ddcb5b41b0f58b54cf2efda5e0d1d9c1e9a1c4c692aee1e720037c6f8d3,
C:\Users\tyler\Desktop\BIBLE HUNT CODES\2024\.pdf\2024_PERMITS=2025_MODEL__O.I.L. MTN GOAT DRAW RESULTS.pdf,2024_PERMITS=2025_MODEL__O.I.L. MTN GOAT DRAW RESULTS.pdf,1203331,995f8e0b47fba285fe9757001a647ed74cc2592363361a28ab2a0752ee168b35,
C:\Users\tyler\Desktop\BIBLE HUNT CODES\2024\.pdf\2024_PERMITS=2025_MODEL__O.I.L. ROCKY MTN SHEEP DRAW RESULTS.pdf,2024_PERMITS=2025_MODEL__O.I.L. ROCKY MTN SHEEP DRAW RESULTS.pdf,992815,ee508c445e34b8e9a4203440d115aad29ad9eb4550117acc261e2e6dfe60e5dd,
C:\Users\tyler\Desktop\BIBLE HUNT CODES\2024\.pdf\2024_PERMITS=2025_MODEL__SPORTSMAN DRAW RESULTS.pdf,2024_PERMITS=2025_MODEL__SPORTSMAN DRAW RESULTS.pdf,102242,7899bf807dd1320f11b65aa568230f4e3c4120f5be7719b2d1376b6d3d7f4679,
C:\Users\tyler\Desktop\BIBLE HUNT CODES\2024\.pdf\2024_PERMITS=2025_MODEL__TURKEY DRAW RESULTS.pdf,2024_PERMITS=2025_MODEL__TURKEY DRAW RESULTS.pdf,127013,0c94483fe4320609d0bde37e6e4420e870b66c7b2eacd6493b2845fd9cca7ec9,
C:\Users\tyler\Desktop\BIBLE HUNT CODES\2024\.pdf\2024_PERMITS=2025_MODEL__YOUTH D.H. DEER DRAW RESULTS.pdf,2024_PERMITS=2025_MODEL__YOUTH D.H. DEER DRAW RESULTS.pdf,181643,99d15b1e0e99fa7e0b27622bbb80fb23e5480b98c4ec1bcd4a8deafd8ee44efa,
C:\Users\tyler\Desktop\BIBLE HUNT CODES\2024\.pdf\2024_PERMITS=2025_MODEL__YOUTH ELK DRAW RESULTS.pdf,2024_PERMITS=2025_MODEL__YOUTH ELK DRAW RESULTS.pdf,76091,d5b3ff4564427fe3461f5292ee0bbc533a436eb3930e7b4f825d717de2f6c504,
C:\Users\tyler\Desktop\BIBLE HUNT CODES\2024\.pdf\2024_PERMITS=2025_MODEL__YOUTH G.S. DEER DRAW RESULTS.pdf,2024_PERMITS=2025_MODEL__YOUTH G.S. DEER DRAW RESULTS.pdf,442269,1bc67dac4af0f8f846061689a9d66f48c0973d3da39a1417f215bacb30179c8c,
C:\Users\tyler\Desktop\BIBLE HUNT CODES\2024\.pdf\2024_PERMITS=2025_MODEL__YOUTH TURKEY DRAW RESULTS.pdf,2024_PERMITS=2025_MODEL__YOUTH TURKEY DRAW RESULTS.pdf,122906,63e698dc23d9e01bc22a9e66ec46fe31cfacac235dc81ca01c2f7de8352b1492,
C:\Users\tyler\Desktop\BIBLE HUNT CODES\2024\.pdf\2024_PERMITS=2025_MODEL__YOUTH_ANTLERLESS_DEER_DRAW_RESULTS.pdf,2024_PERMITS=2025_MODEL__YOUTH_ANTLERLESS_DEER_DRAW_RESULTS.pdf,177964,4374d09d63dee0571e128a0c82da98345099e710e430cf14d567db9310ae4bfa,
C:\Users\tyler\Desktop\BIBLE HUNT CODES\2024\.pdf\2024_PERMITS=2025_MODEL__YOUTH_ANTLERLESS_ELK_DRAW_RESULTS.pdf,2024_PERMITS=2025_MODEL__YOUTH_ANTLERLESS_ELK_DRAW_RESULTS.pdf,549157,2c3edb941565a0da6f612f55575a8a0dbdc749a65b045b4105ab8d3d13e9e42c,
C:\Users\tyler\Desktop\BIBLE HUNT CODES\2024\.pdf\2024_PERMITS=2025_MODEL__YOUTH_ANTLERLESS_PRONGHORN_DRAW_RESULTS.pdf,2024_PERMITS=2025_MODEL__YOUTH_ANTLERLESS_PRONGHORN_DRAW_RESULTS.pdf,159875,d6df469b2f34764240cc7b3dda4bafc4abea79dbb90d9994563ba07b2c4f7e1e,
C:\Users\tyler\Desktop\BIBLE HUNT CODES\2024\Parent Files\2024 antlerless draw results.pdf,2024 antlerless draw results.pdf,732713,21ea12abd24abb29b074520eccae1ab1b689d6e969d622803f220c0ca4664789,
C:\Users\tyler\Desktop\BIBLE HUNT CODES\2024\Parent Files\2024 Bear Draw Results.pdf,2024 Bear Draw Results.pdf,394676,518b6b257c35e326c1d8a9900067ebde2569c0f8231c29b5c1b502a1dd10447b,
C:\Users\tyler\Desktop\BIBLE HUNT CODES\2024\Parent Files\2024 Deer Master Draw Results.pdf,2024 Deer Master Draw Results.pdf,102354,e827bae41f9a6973042107e6269c31c870dd2f741f7cd75d85f805e7c9efcaa5,
C:\Users\tyler\Desktop\BIBLE HUNT CODES\2024\Parent Files\2024 master antlerless LIMITED ENTRY ROCKY MTN SHEEP.pdf,2024 master antlerless LIMITED ENTRY ROCKY MTN SHEEP.pdf,102978,d39f339323ad3e9fde4d218131d23e3e18859b10761e4aa58ecc2bea16c2685c,
C:\Users\tyler\Desktop\BIBLE HUNT CODES\2024\Parent Files\2024 master antlerless pronghorn.pdf,2024 master antlerless pronghorn.pdf,102280,2b1dd424290ce739d457dcf89ddb258ecbd35260bbbcf9b1af031d27af9152ef,
C:\Users\tyler\Desktop\BIBLE HUNT CODES\2024\Parent Files\2024 master buck deer  draw results.pdf,2024 master buck deer  draw results.pdf,103018,ac2ae50698d22f72f6467b9eb8bc1c679ff7c18c7f29ff8e92ea4c878d53e033,
C:\Users\tyler\Desktop\BIBLE HUNT CODES\2024\Parent Files\2024 master elk antlerless draw results.pdf,2024 master elk antlerless draw results.pdf,102135,c2d7aa15b56c0c94feacc5a480c1231999a61d43ce0874a3fcd98420c84914e1,
C:\Users\tyler\Desktop\BIBLE HUNT CODES\2024\Parent Files\2024 moose master draw results.pdf,2024 moose master draw results.pdf,103415,60379f6b9ba0a34751de182b03b13457921602230657f88f645796c660d87bb4,
C:\Users\tyler\Desktop\BIBLE HUNT CODES\2024\Parent Files\2024 _Sportsman draw odds report.pdf,2024 _Sportsman draw odds report.pdf,102242,7899bf807dd1320f11b65aa568230f4e3c4120f5be7719b2d1376b6d3d7f4679,
C:\Users\tyler\Desktop\BIBLE HUNT CODES\2024\Parent Files\2024_for_2025__big_game_8_family_combined_manifest_report.pdf,2024_for_2025__big_game_8_family_combined_manifest_report.pdf,21417,f71ced6acf5804f8743a77ff5dffefeed57b11c9d5f43e5e2ebf1bdd4bbe236d,
C:\Users\tyler\Desktop\BIBLE HUNT CODES\2024\Parent Files\2024_PERMITS=2025_MODEL__ANTLERLESS DRAW RESULTS.pdf,2024_PERMITS=2025_MODEL__ANTLERLESS DRAW RESULTS.pdf,732713,21ea12abd24abb29b074520eccae1ab1b689d6e969d622803f220c0ca4664789,
C:\Users\tyler\Desktop\BIBLE HUNT CODES\2024\Parent Files\2024_PERMITS=2025_MODEL__L.E. BIG GAME DRAW RESULTS.pdf,2024_PERMITS=2025_MODEL__L.E. BIG GAME DRAW RESULTS.pdf,3028384,130228f912b83a9810f5fa12cf9cace9a255c06bb159cfbb7d66fe2526f26834,
C:\Users\tyler\Desktop\BIBLE HUNT CODES\2024\Parent Files\2024_PERMITS=2025_MODEL__YOUTH ANTLERLESS DRAW RESULTS.pdf,2024_PERMITS=2025_MODEL__YOUTH ANTLERLESS DRAW RESULTS.pdf,693897,448cf4dfbf7c7b3ca9de48b93f0e5758ccb022b356f759a48d47d8c692ab5d8a,
C:\Users\tyler\Desktop\BIBLE HUNT CODES\2024\Parent Files\24 bear draw odds complete.pdf,24 bear draw odds complete.pdf,428653,50a7d2a6b7278e4bd526746655a560567f4bd7f0cc77bab844025956a5f32299,
C:\Users\tyler\Desktop\BIBLE HUNT CODES\2024\Parent Files\24-25_sportsman_odds.pdf,24-25_sportsman_odds.pdf,113472,ba990d6d25d4a43267b36676db83600be0cbd8ab18b9be162ec340abc8263f80,
C:\Users\tyler\Desktop\BIBLE HUNT CODES\2024\Parent Files\24_antlerless_drawing_odds_report.pdf,24_antlerless_drawing_odds_report.pdf,774859,2b1b19782089732b9cacc2fd9ce00e60e1093acda6f3ed70d29e8d6e3ae83b08,
C:\Users\tyler\Desktop\BIBLE HUNT CODES\2024\Parent Files\24_bg-odds.pdf,24_bg-odds.pdf,3110486,6c5f49d5c323d6ba65216b90ca49a4d98fc0b6d0d4153b20a25eea55183e14e4,
C:\Users\tyler\Desktop\BIBLE HUNT CODES\2024\Parent Files\24_deer_odds.pdf,24_deer_odds.pdf,459740,6a994a6e4d6b2d3ea1eb5b49d29936433efe5a2903af4278def8b5418cc0d945,
C:\Users\tyler\Desktop\BIBLE HUNT CODES\2024\Parent Files\24_dh_odds.pdf,24_dh_odds.pdf,201098,13aa1539a3d350bbaeb3012275dde5767bed69d5c4ad4e94e8cef57e021a2c7d,
C:\Users\tyler\Desktop\BIBLE HUNT CODES\2024\Parent Files\24_le_bull_elk.pdf,24_le_bull_elk.pdf,1175057,c3303e57cfe280f269d8845d6ab0014a7486a0eef2b5b73308eb76469eafbac6,
C:\Users\tyler\Desktop\BIBLE HUNT CODES\2024\Parent Files\24_le_deer.pdf,24_le_deer.pdf,1043882,654e5d53dd209cc8e69ad4f6daf80d7f51a198509bad7163ad3f59333d339867,
C:\Users\tyler\Desktop\BIBLE HUNT CODES\2024\Parent Files\24_le_pronghorn.pdf,24_le_pronghorn.pdf,533752,44ce256ecf289f65dfa83f5b79bf98a8c322d22b985680e055f01d342c05a6af,
C:\Users\tyler\Desktop\BIBLE HUNT CODES\2024\Parent Files\24_lifetime_deer.pdf,24_lifetime_deer.pdf,437601,13c119ae2038952854ed61e70d204397869b3db13cf60a6a0b12adeb095154af,
C:\Users\tyler\Desktop\BIBLE HUNT CODES\2024\Parent Files\24_OIL_ALL.pdf,24_OIL_ALL.pdf,647008,f14d3b9a927641e4c66a305f8e48da8b2bc8aefa68f3c6ae764d6696df9fd940,
C:\Users\tyler\Desktop\BIBLE HUNT CODES\2024\Parent Files\24_point-only_purchases_for_big_game_and_antlerless.pdf,24_point-only_purchases_for_big_game_and_antlerless.pdf,92976,e71d12a1060cac31d5cd2f7e1f21abbdea5b75c72bd03f1bfe09c4644c39508a,
C:\Users\tyler\Desktop\BIBLE HUNT CODES\2024\Parent Files\24_youth_antlerless_drawing_odds_report.pdf,24_youth_antlerless_drawing_odds_report.pdf,693897,448cf4dfbf7c7b3ca9de48b93f0e5758ccb022b356f759a48d47d8c692ab5d8a,
C:\Users\tyler\Desktop\BIBLE HUNT CODES\2024\Parent Files\24_youth_deer.pdf,24_youth_deer.pdf,442269,1bc67dac4af0f8f846061689a9d66f48c0973d3da39a1417f215bacb30179c8c,
C:\Users\tyler\Desktop\BIBLE HUNT CODES\2024\Parent Files\24_youth_dh_odds.pdf,24_youth_dh_odds.pdf,181643,99d15b1e0e99fa7e0b27622bbb80fb23e5480b98c4ec1bcd4a8deafd8ee44efa,
C:\Users\tyler\Desktop\BIBLE HUNT CODES\2024\Parent Files\24_youth_elk.pdf,24_youth_elk.pdf,76091,d5b3ff4564427fe3461f5292ee0bbc533a436eb3930e7b4f825d717de2f6c504,
C:\Users\tyler\Desktop\BIBLE HUNT CODES\2024\Parent Files\Bear Bonus Point Purchase.pdf,Bear Bonus Point Purchase.pdf,114177,ecdcc8c4fb4831d415a2a737a2fe827c7c1a6afa194f03d36eaee0a7a09221c5,
C:\Users\tyler\Desktop\BIBLE HUNT CODES\2024\.pdf\BI_limited_entry_bison\2024_for_2025__bg_parent__BI_limited_entry_bison__hunt_pages_only.pdf,2024_for_2025__bg_parent__BI_limited_entry_bison__hunt_pages_only.pdf,1134689,e02e3d248768836537e5681754211f4119a25b67ad8a52744d6046ccd7d903b3,
C:\Users\tyler\Desktop\BIBLE HUNT CODES\2024\.pdf\BI_limited_entry_bison\2024_for_2025__bg_parent__BI_limited_entry_bison__section_pages.pdf,2024_for_2025__bg_parent__BI_limited_entry_bison__section_pages.pdf,1134689,bd8ebcba2854092cc82fca614e3b117a0afb7adb1a98985b51942a98f5753839,
C:\Users\tyler\Desktop\BIBLE HUNT CODES\2024\.pdf\BI_limited_entry_bison\2024_for_2025__bg_parent__BI_limited_entry_bison__source_manifest_report.pdf,2024_for_2025__bg_parent__BI_limited_entry_bison__source_manifest_report.pdf,3202,ff2a2642dd810cf1912648edbd49c89a4a595f4ceea38efefa8589dc8acfe442,
C:\Users\tyler\Desktop\BIBLE HUNT CODES\2024\.pdf\DB_limited_entry_deer\2024_for_2025__bg_parent__DB_limited_entry_deer__hunt_pages_only.pdf,2024_for_2025__bg_parent__DB_limited_entry_deer__hunt_pages_only.pdf,13219222,1b80412e20a9f8c4f98c93b7b0a1c8e762c09f5eabd45f6f9dda54d1735b61de,
C:\Users\tyler\Desktop\BIBLE HUNT CODES\2024\.pdf\DB_limited_entry_deer\2024_for_2025__bg_parent__DB_limited_entry_deer__section_pages.pdf,2024_for_2025__bg_parent__DB_limited_entry_deer__section_pages.pdf,13219222,76e17c977360713b63f539e24f5300a8ed855521a471aee37e30d895a69cb874,
C:\Users\tyler\Desktop\BIBLE HUNT CODES\2024\.pdf\DB_limited_entry_deer\2024_for_2025__bg_parent__DB_limited_entry_deer__source_manifest_report.pdf,2024_for_2025__bg_parent__DB_limited_entry_deer__source_manifest_report.pdf,15721,69525440c05a9eb2b5c56b8972bd8d1e8886b6a2c6e7f8a7e86e796c92dfb23d,
C:\Users\tyler\Desktop\BIBLE HUNT CODES\2024\.pdf\DS_limited_entry_desert_bighorn_sheep\2024_for_2025__bg_parent__DS_limited_entry_desert_bighorn_sheep__hunt_pages_only.pdf,2024_for_2025__bg_parent__DS_limited_entry_desert_bighorn_sheep__hunt_pages_only.pdf,1204944,ac4b3ddcb5b41b0f58b54cf2efda5e0d1d9c1e9a1c4c692aee1e720037c6f8d3,
C:\Users\tyler\Desktop\BIBLE HUNT CODES\2024\.pdf\DS_limited_entry_desert_bighorn_sheep\2024_for_2025__bg_parent__DS_limited_entry_desert_bighorn_sheep__section_pages.pdf,2024_for_2025__bg_parent__DS_limited_entry_desert_bighorn_sheep__section_pages.pdf,1204946,31716650ebca0186f138188eceb410ae7ab2e8205e546d34150892f0214a0152,
C:\Users\tyler\Desktop\BIBLE HUNT CODES\2024\.pdf\DS_limited_entry_desert_bighorn_sheep\2024_for_2025__bg_parent__DS_limited_entry_desert_bighorn_sheep__source_manifest_report.pdf,2024_for_2025__bg_parent__DS_limited_entry_desert_bighorn_sheep__source_manifest_report.pdf,3370,7d441a4e024df367a072f121d9a1de3cbdad57eb62dd2cc060ad5e77b5f019d2,
C:\Users\tyler\Desktop\BIBLE HUNT CODES\2024\.pdf\EB_limited_entry_elk\2024_for_2025__bg_parent__EB_limited_entry_elk__hunt_pages_only.pdf,2024_for_2025__bg_parent__EB_limited_entry_elk__hunt_pages_only.pdf,14793313,6fc55c291409390ff708aa5860a1fdd3f8ef8e58b1ffaeca58c85559fb6ba6be,
C:\Users\tyler\Desktop\BIBLE HUNT CODES\2024\.pdf\EB_limited_entry_elk\2024_for_2025__bg_parent__EB_limited_entry_elk__section_pages.pdf,2024_for_2025__bg_parent__EB_limited_entry_elk__section_pages.pdf,14793313,0e9f42d2f87aaaab3b6477f186b876abc05f11db8167b5f599dfaaab89b8f171,
C:\Users\tyler\Desktop\BIBLE HUNT CODES\2024\.pdf\EB_limited_entry_elk\2024_for_2025__bg_parent__EB_limited_entry_elk__source_manifest_report.pdf,2024_for_2025__bg_parent__EB_limited_entry_elk__source_manifest_report.pdf,16699,9f4d705c73044baa4f6ea5d0b576f65585455635f1af470fbdf9ae693804f016,
C:\Users\tyler\Desktop\BIBLE HUNT CODES\2024\.pdf\GO_limited_entry_mountain_goat\2024_for_2025__bg_parent__GO_limited_entry_mountain_goat__hunt_pages_only.pdf,2024_for_2025__bg_parent__GO_limited_entry_mountain_goat__hunt_pages_only.pdf,1203331,995f8e0b47fba285fe9757001a647ed74cc2592363361a28ab2a0752ee168b35,
C:\Users\tyler\Desktop\BIBLE HUNT CODES\2024\.pdf\GO_limited_entry_mountain_goat\2024_for_2025__bg_parent__GO_limited_entry_mountain_goat__section_pages.pdf,2024_for_2025__bg_parent__GO_limited_entry_mountain_goat__section_pages.pdf,1203331,0ae5086ccacaf3f03cae46fca14c5e26a745ef7ca1a3380fd26053f6db2aa5ff,
C:\Users\tyler\Desktop\BIBLE HUNT CODES\2024\.pdf\GO_limited_entry_mountain_goat\2024_for_2025__bg_parent__GO_limited_entry_mountain_goat__source_manifest_report.pdf,2024_for_2025__bg_parent__GO_limited_entry_mountain_goat__source_manifest_report.pdf,3317,5796bf1bc46b53860197cb518df8c2cba7fb8b94bf79aa2be6ae9fb411d8978a,
C:\Users\tyler\Desktop\BIBLE HUNT CODES\2024\.pdf\MB_limited_entry_moose\2024_for_2025__bg_parent__MB_limited_entry_moose__hunt_pages_only.pdf,2024_for_2025__bg_parent__MB_limited_entry_moose__hunt_pages_only.pdf,2475506,6d23f6a62d26859fe1b32c6fcfe87602041e1cf4f9c597c6729d08a541d063bb,
C:\Users\tyler\Desktop\BIBLE HUNT CODES\2024\.pdf\MB_limited_entry_moose\2024_for_2025__bg_parent__MB_limited_entry_moose__section_pages.pdf,2024_for_2025__bg_parent__MB_limited_entry_moose__section_pages.pdf,2475506,67d822e8ea485c10bc27e22b9fbe16104455d3db618fb70a7a36fd8d1814cd9d,
C:\Users\tyler\Desktop\BIBLE HUNT CODES\2024\.pdf\MB_limited_entry_moose\2024_for_2025__bg_parent__MB_limited_entry_moose__source_manifest_report.pdf,2024_for_2025__bg_parent__MB_limited_entry_moose__source_manifest_report.pdf,5068,1a2b2eba38abeda199d32e48bab52ea3460c2f0b65c39862973a77f7301d921d,
C:\Users\tyler\Desktop\BIBLE HUNT CODES\2024\.pdf\PB_limited_entry_pronghorn\2024_for_2025__bg_parent__PB_limited_entry_pronghorn__hunt_pages_only.pdf,2024_for_2025__bg_parent__PB_limited_entry_pronghorn__hunt_pages_only.pdf,6009304,63a0212cbdbd2e22eb34abd2d19e59104acb45b9f7498a8dffe3d28c0f387ed8,
C:\Users\tyler\Desktop\BIBLE HUNT CODES\2024\.pdf\PB_limited_entry_pronghorn\2024_for_2025__bg_parent__PB_limited_entry_pronghorn__section_pages.pdf,2024_for_2025__bg_parent__PB_limited_entry_pronghorn__section_pages.pdf,6009304,302488143e403064be840e18b2542d00142e68c6163abe9c022155bce0e9be6c,
C:\Users\tyler\Desktop\BIBLE HUNT CODES\2024\.pdf\PB_limited_entry_pronghorn\2024_for_2025__bg_parent__PB_limited_entry_pronghorn__source_manifest_report.pdf,2024_for_2025__bg_parent__PB_limited_entry_pronghorn__source_manifest_report.pdf,8442,7068f2af402ee8136c9d4571ee77697f4a3fa3026fc5fe032cbd5b51dfdb8052,
C:\Users\tyler\Desktop\BIBLE HUNT CODES\2024\.pdf\RS_limited_entry_rocky_mountain_bighorn_sheep\2024_for_2025__bg_parent__RS_limited_entry_rocky_mountain_bighorn_sheep__hunt_pages_only.pdf,2024_for_2025__bg_parent__RS_limited_entry_rocky_mountain_bighorn_sheep__hunt_pages_only.pdf,992815,ee508c445e34b8e9a4203440d115aad29ad9eb4550117acc261e2e6dfe60e5dd,
C:\Users\tyler\Desktop\BIBLE HUNT CODES\2024\.pdf\RS_limited_entry_rocky_mountain_bighorn_sheep\2024_for_2025__bg_parent__RS_limited_entry_rocky_mountain_bighorn_sheep__section_pages.pdf,2024_for_2025__bg_parent__RS_limited_entry_rocky_mountain_bighorn_sheep__section_pages.pdf,992815,780b544e84e348ba2d91010808cb8ea128003da64d1c3397d538b0049979860c,
C:\Users\tyler\Desktop\BIBLE HUNT CODES\2024\.pdf\RS_limited_entry_rocky_mountain_bighorn_sheep\2024_for_2025__bg_parent__RS_limited_entry_rocky_mountain_bighorn_sheep__source_manifest_report.pdf,2024_for_2025__bg_parent__RS_limited_entry_rocky_mountain_bighorn_sheep__source_manifest_report.pdf,3263,24132a192a104dfe7da653a7c3f2d00f918cadcf445fc352fc667a2a5adbcc16,
C:\Users\tyler\Desktop\BIBLE HUNT CODES\2024\.pdf\_root_species_backup_before_nested_largefile_replace_20260613_011810\2024_PERMITS=2025_MODEL__L.E. DEER DRAW RESULTS.pdf,2024_PERMITS=2025_MODEL__L.E. DEER DRAW RESULTS.pdf,1051004,d4ffca080fb72396ab91c58bd658e4a5180a56b17b6387226d6ad1d68415aa15,
C:\Users\tyler\Desktop\BIBLE HUNT CODES\2024\.pdf\_root_species_backup_before_nested_largefile_replace_20260613_011810\2024_PERMITS=2025_MODEL__L.E. ELK DRAW RESULTS.pdf,2024_PERMITS=2025_MODEL__L.E. ELK DRAW RESULTS.pdf,1179837,d0a3c80d39027dc3a73c885b50d0321b62d4cd6d5c82a984d52568170c32f37a,
C:\Users\tyler\Desktop\BIBLE HUNT CODES\2024\.pdf\_root_species_backup_before_nested_largefile_replace_20260613_011810\2024_PERMITS=2025_MODEL__L.E. PRONGHORN DRAW RESULTS.pdf,2024_PERMITS=2025_MODEL__L.E. PRONGHORN DRAW RESULTS.pdf,539927,34508b3455c66eb8c9e8ac8f4f7ec18db6ea9a523c0001ee14d53ae656186521,
C:\Users\tyler\Desktop\BIBLE HUNT CODES\2024\.pdf\_root_species_backup_before_nested_largefile_replace_20260613_011810\2024_PERMITS=2025_MODEL__O.I.L. BISON DRAW RESULTS.pdf,2024_PERMITS=2025_MODEL__O.I.L. BISON DRAW RESULTS.pdf,196123,f1ad7f560ead6febbecb1c7c7a339616ffefa722e4399a32a1808e17585a381c,
C:\Users\tyler\Desktop\BIBLE HUNT CODES\2024\.pdf\_root_species_backup_before_nested_largefile_replace_20260613_011810\2024_PERMITS=2025_MODEL__O.I.L. BULL MOOSE DRAW RESULTS.pdf,2024_PERMITS=2025_MODEL__O.I.L. BULL MOOSE DRAW RESULTS.pdf,289704,4499dcbc640b1fcaec2e61e42ca5ce406a324eb9eb0b6abcbb1aa4e4579979e9,
C:\Users\tyler\Desktop\BIBLE HUNT CODES\2024\.pdf\_root_species_backup_before_nested_largefile_replace_20260613_011810\2024_PERMITS=2025_MODEL__O.I.L. DESERT BIGHORN SHEEP DRAW RESULTS.pdf,2024_PERMITS=2025_MODEL__O.I.L. DESERT BIGHORN SHEEP DRAW RESULTS.pdf,200718,47fd25984a7e73cd9c64be209661dec02e77def3dbdd4887494db4bbb485151f,
C:\Users\tyler\Desktop\BIBLE HUNT CODES\2024\.pdf\_root_species_backup_before_nested_largefile_replace_20260613_011810\2024_PERMITS=2025_MODEL__O.I.L. MTN GOAT DRAW RESULTS.pdf,2024_PERMITS=2025_MODEL__O.I.L. MTN GOAT DRAW RESULTS.pdf,198933,8612ee314a311ffad5737a302fa49fd5e18450920722bf9cc43049732e1e85e2,
C:\Users\tyler\Desktop\BIBLE HUNT CODES\2024\.pdf\_root_species_backup_before_nested_largefile_replace_20260613_011810\2024_PERMITS=2025_MODEL__O.I.L. ROCKY MTN SHEEP DRAW RESULTS.pdf,2024_PERMITS=2025_MODEL__O.I.L. ROCKY MTN SHEEP DRAW RESULTS.pdf,185390,b795a9b7f9e4ee4b72956f095ce3aa1f515e005eb5ad9614f087dce6846209a8,
C:\Users\tyler\Desktop\BIBLE HUNT CODES\2024\Parent Files\BI_limited_entry_bison\2024_for_2025__bg_parent__BI_limited_entry_bison__hunt_pages_only.pdf,2024_for_2025__bg_parent__BI_limited_entry_bison__hunt_pages_only.pdf,1134689,e02e3d248768836537e5681754211f4119a25b67ad8a52744d6046ccd7d903b3,
C:\Users\tyler\Desktop\BIBLE HUNT CODES\2024\Parent Files\BI_limited_entry_bison\2024_for_2025__bg_parent__BI_limited_entry_bison__section_pages.pdf,2024_for_2025__bg_parent__BI_limited_entry_bison__section_pages.pdf,1134689,bd8ebcba2854092cc82fca614e3b117a0afb7adb1a98985b51942a98f5753839,
C:\Users\tyler\Desktop\BIBLE HUNT CODES\2024\Parent Files\BI_limited_entry_bison\2024_for_2025__bg_parent__BI_limited_entry_bison__source_manifest_report.pdf,2024_for_2025__bg_parent__BI_limited_entry_bison__source_manifest_report.pdf,3202,ff2a2642dd810cf1912648edbd49c89a4a595f4ceea38efefa8589dc8acfe442,
C:\Users\tyler\Desktop\BIBLE HUNT CODES\2024\Parent Files\DB_limited_entry_deer\2024_for_2025__bg_parent__DB_limited_entry_deer__hunt_pages_only.pdf,2024_for_2025__bg_parent__DB_limited_entry_deer__hunt_pages_only.pdf,13219222,1b80412e20a9f8c4f98c93b7b0a1c8e762c09f5eabd45f6f9dda54d1735b61de,
C:\Users\tyler\Desktop\BIBLE HUNT CODES\2024\Parent Files\DB_limited_entry_deer\2024_for_2025__bg_parent__DB_limited_entry_deer__section_pages.pdf,2024_for_2025__bg_parent__DB_limited_entry_deer__section_pages.pdf,13219222,76e17c977360713b63f539e24f5300a8ed855521a471aee37e30d895a69cb874,
C:\Users\tyler\Desktop\BIBLE HUNT CODES\2024\Parent Files\DB_limited_entry_deer\2024_for_2025__bg_parent__DB_limited_entry_deer__source_manifest_report.pdf,2024_for_2025__bg_parent__DB_limited_entry_deer__source_manifest_report.pdf,15721,69525440c05a9eb2b5c56b8972bd8d1e8886b6a2c6e7f8a7e86e796c92dfb23d,
C:\Users\tyler\Desktop\BIBLE HUNT CODES\2024\Parent Files\DS_limited_entry_desert_bighorn_sheep\2024_for_2025__bg_parent__DS_limited_entry_desert_bighorn_sheep__hunt_pages_only.pdf,2024_for_2025__bg_parent__DS_limited_entry_desert_bighorn_sheep__hunt_pages_only.pdf,1204944,ac4b3ddcb5b41b0f58b54cf2efda5e0d1d9c1e9a1c4c692aee1e720037c6f8d3,
C:\Users\tyler\Desktop\BIBLE HUNT CODES\2024\Parent Files\DS_limited_entry_desert_bighorn_sheep\2024_for_2025__bg_parent__DS_limited_entry_desert_bighorn_sheep__section_pages.pdf,2024_for_2025__bg_parent__DS_limited_entry_desert_bighorn_sheep__section_pages.pdf,1204946,31716650ebca0186f138188eceb410ae7ab2e8205e546d34150892f0214a0152,
C:\Users\tyler\Desktop\BIBLE HUNT CODES\2024\Parent Files\DS_limited_entry_desert_bighorn_sheep\2024_for_2025__bg_parent__DS_limited_entry_desert_bighorn_sheep__source_manifest_report.pdf,2024_for_2025__bg_parent__DS_limited_entry_desert_bighorn_sheep__source_manifest_report.pdf,3370,7d441a4e024df367a072f121d9a1de3cbdad57eb62dd2cc060ad5e77b5f019d2,
C:\Users\tyler\Desktop\BIBLE HUNT CODES\2024\Parent Files\EB_limited_entry_elk\2024_for_2025__bg_parent__EB_limited_entry_elk__hunt_pages_only.pdf,2024_for_2025__bg_parent__EB_limited_entry_elk__hunt_pages_only.pdf,14793313,6fc55c291409390ff708aa5860a1fdd3f8ef8e58b1ffaeca58c85559fb6ba6be,
C:\Users\tyler\Desktop\BIBLE HUNT CODES\2024\Parent Files\EB_limited_entry_elk\2024_for_2025__bg_parent__EB_limited_entry_elk__section_pages.pdf,2024_for_2025__bg_parent__EB_limited_entry_elk__section_pages.pdf,14793313,0e9f42d2f87aaaab3b6477f186b876abc05f11db8167b5f599dfaaab89b8f171,
C:\Users\tyler\Desktop\BIBLE HUNT CODES\2024\Parent Files\EB_limited_entry_elk\2024_for_2025__bg_parent__EB_limited_entry_elk__source_manifest_report.pdf,2024_for_2025__bg_parent__EB_limited_entry_elk__source_manifest_report.pdf,16699,9f4d705c73044baa4f6ea5d0b576f65585455635f1af470fbdf9ae693804f016,
C:\Users\tyler\Desktop\BIBLE HUNT CODES\2024\Parent Files\GO_limited_entry_mountain_goat\2024_for_2025__bg_parent__GO_limited_entry_mountain_goat__hunt_pages_only.pdf,2024_for_2025__bg_parent__GO_limited_entry_mountain_goat__hunt_pages_only.pdf,1203331,995f8e0b47fba285fe9757001a647ed74cc2592363361a28ab2a0752ee168b35,
C:\Users\tyler\Desktop\BIBLE HUNT CODES\2024\Parent Files\GO_limited_entry_mountain_goat\2024_for_2025__bg_parent__GO_limited_entry_mountain_goat__section_pages.pdf,2024_for_2025__bg_parent__GO_limited_entry_mountain_goat__section_pages.pdf,1203331,0ae5086ccacaf3f03cae46fca14c5e26a745ef7ca1a3380fd26053f6db2aa5ff,
C:\Users\tyler\Desktop\BIBLE HUNT CODES\2024\Parent Files\GO_limited_entry_mountain_goat\2024_for_2025__bg_parent__GO_limited_entry_mountain_goat__source_manifest_report.pdf,2024_for_2025__bg_parent__GO_limited_entry_mountain_goat__source_manifest_report.pdf,3317,5796bf1bc46b53860197cb518df8c2cba7fb8b94bf79aa2be6ae9fb411d8978a,
C:\Users\tyler\Desktop\BIBLE HUNT CODES\2024\Parent Files\MB_limited_entry_moose\2024_for_2025__bg_parent__MB_limited_entry_moose__hunt_pages_only.pdf,2024_for_2025__bg_parent__MB_limited_entry_moose__hunt_pages_only.pdf,2475506,6d23f6a62d26859fe1b32c6fcfe87602041e1cf4f9c597c6729d08a541d063bb,
C:\Users\tyler\Desktop\BIBLE HUNT CODES\2024\Parent Files\MB_limited_entry_moose\2024_for_2025__bg_parent__MB_limited_entry_moose__section_pages.pdf,2024_for_2025__bg_parent__MB_limited_entry_moose__section_pages.pdf,2475506,67d822e8ea485c10bc27e22b9fbe16104455d3db618fb70a7a36fd8d1814cd9d,
C:\Users\tyler\Desktop\BIBLE HUNT CODES\2024\Parent Files\MB_limited_entry_moose\2024_for_2025__bg_parent__MB_limited_entry_moose__source_manifest_report.pdf,2024_for_2025__bg_parent__MB_limited_entry_moose__source_manifest_report.pdf,5068,1a2b2eba38abeda199d32e48bab52ea3460c2f0b65c39862973a77f7301d921d,
C:\Users\tyler\Desktop\BIBLE HUNT CODES\2024\Parent Files\PB_limited_entry_pronghorn\2024_for_2025__bg_parent__PB_limited_entry_pronghorn__hunt_pages_only.pdf,2024_for_2025__bg_parent__PB_limited_entry_pronghorn__hunt_pages_only.pdf,6009304,63a0212cbdbd2e22eb34abd2d19e59104acb45b9f7498a8dffe3d28c0f387ed8,
C:\Users\tyler\Desktop\BIBLE HUNT CODES\2024\Parent Files\PB_limited_entry_pronghorn\2024_for_2025__bg_parent__PB_limited_entry_pronghorn__section_pages.pdf,2024_for_2025__bg_parent__PB_limited_entry_pronghorn__section_pages.pdf,6009304,302488143e403064be840e18b2542d00142e68c6163abe9c022155bce0e9be6c,
C:\Users\tyler\Desktop\BIBLE HUNT CODES\2024\Parent Files\PB_limited_entry_pronghorn\2024_for_2025__bg_parent__PB_limited_entry_pronghorn__source_manifest_report.pdf,2024_for_2025__bg_parent__PB_limited_entry_pronghorn__source_manifest_report.pdf,8442,7068f2af402ee8136c9d4571ee77697f4a3fa3026fc5fe032cbd5b51dfdb8052,
C:\Users\tyler\Desktop\BIBLE HUNT CODES\2024\Parent Files\RS_limited_entry_rocky_mountain_bighorn_sheep\2024_for_2025__bg_parent__RS_limited_entry_rocky_mountain_bighorn_sheep__hunt_pages_only.pdf,2024_for_2025__bg_parent__RS_limited_entry_rocky_mountain_bighorn_sheep__hunt_pages_only.pdf,992815,ee508c445e34b8e9a4203440d115aad29ad9eb4550117acc261e2e6dfe60e5dd,
C:\Users\tyler\Desktop\BIBLE HUNT CODES\2024\Parent Files\RS_limited_entry_rocky_mountain_bighorn_sheep\2024_for_2025__bg_parent__RS_limited_entry_rocky_mountain_bighorn_sheep__section_pages.pdf,2024_for_2025__bg_parent__RS_limited_entry_rocky_mountain_bighorn_sheep__section_pages.pdf,992815,780b544e84e348ba2d91010808cb8ea128003da64d1c3397d538b0049979860c,
C:\Users\tyler\Desktop\BIBLE HUNT CODES\2024\Parent Files\RS_limited_entry_rocky_mountain_bighorn_sheep\2024_for_2025__bg_parent__RS_limited_entry_rocky_mountain_bighorn_sheep__source_manifest_report.pdf,2024_for_2025__bg_parent__RS_limited_entry_rocky_mountain_bighorn_sheep__source_manifest_report.pdf,3263,24132a192a104dfe7da653a7c3f2d00f918cadcf445fc352fc667a2a5adbcc16,
C:\Users\tyler\Desktop\BIBLE HUNT CODES\2024\Parent Files\2024_big_game_8_species_family_outputs_COMPLETE\2024_bg_8_species_family_outputs\2024_for_2025__big_game_8_family_combined_manifest_report.pdf,2024_for_2025__big_game_8_family_combined_manifest_report.pdf,21417,f71ced6acf5804f8743a77ff5dffefeed57b11c9d5f43e5e2ebf1bdd4bbe236d,
C:\Users\tyler\Desktop\BIBLE HUNT CODES\2024\Parent Files\2024_big_game_8_species_family_outputs_COMPLETE\2024_bg_8_species_family_outputs\BI_limited_entry_bison\2024_for_2025__bg_parent__BI_limited_entry_bison__hunt_pages_only.pdf,2024_for_2025__bg_parent__BI_limited_entry_bison__hunt_pages_only.pdf,1134689,e02e3d248768836537e5681754211f4119a25b67ad8a52744d6046ccd7d903b3,
C:\Users\tyler\Desktop\BIBLE HUNT CODES\2024\Parent Files\2024_big_game_8_species_family_outputs_COMPLETE\2024_bg_8_species_family_outputs\BI_limited_entry_bison\2024_for_2025__bg_parent__BI_limited_entry_bison__section_pages.pdf,2024_for_2025__bg_parent__BI_limited_entry_bison__section_pages.pdf,1134689,bd8ebcba2854092cc82fca614e3b117a0afb7adb1a98985b51942a98f5753839,
C:\Users\tyler\Desktop\BIBLE HUNT CODES\2024\Parent Files\2024_big_game_8_species_family_outputs_COMPLETE\2024_bg_8_species_family_outputs\BI_limited_entry_bison\2024_for_2025__bg_parent__BI_limited_entry_bison__source_manifest_report.pdf,2024_for_2025__bg_parent__BI_limited_entry_bison__source_manifest_report.pdf,3202,ff2a2642dd810cf1912648edbd49c89a4a595f4ceea38efefa8589dc8acfe442,
C:\Users\tyler\Desktop\BIBLE HUNT CODES\2024\Parent Files\2024_big_game_8_species_family_outputs_COMPLETE\2024_bg_8_species_family_outputs\DB_limited_entry_deer\2024_for_2025__bg_parent__DB_limited_entry_deer__hunt_pages_only.pdf,2024_for_2025__bg_parent__DB_limited_entry_deer__hunt_pages_only.pdf,13219222,1b80412e20a9f8c4f98c93b7b0a1c8e762c09f5eabd45f6f9dda54d1735b61de,
C:\Users\tyler\Desktop\BIBLE HUNT CODES\2024\Parent Files\2024_big_game_8_species_family_outputs_COMPLETE\2024_bg_8_species_family_outputs\DB_limited_entry_deer\2024_for_2025__bg_parent__DB_limited_entry_deer__section_pages.pdf,2024_for_2025__bg_parent__DB_limited_entry_deer__section_pages.pdf,13219222,76e17c977360713b63f539e24f5300a8ed855521a471aee37e30d895a69cb874,
C:\Users\tyler\Desktop\BIBLE HUNT CODES\2024\Parent Files\2024_big_game_8_species_family_outputs_COMPLETE\2024_bg_8_species_family_outputs\DB_limited_entry_deer\2024_for_2025__bg_parent__DB_limited_entry_deer__source_manifest_report.pdf,2024_for_2025__bg_parent__DB_limited_entry_deer__source_manifest_report.pdf,15721,69525440c05a9eb2b5c56b8972bd8d1e8886b6a2c6e7f8a7e86e796c92dfb23d,
C:\Users\tyler\Desktop\BIBLE HUNT CODES\2024\Parent Files\2024_big_game_8_species_family_outputs_COMPLETE\2024_bg_8_species_family_outputs\DS_limited_entry_desert_bighorn_sheep\2024_for_2025__bg_parent__DS_limited_entry_desert_bighorn_sheep__hunt_pages_only.pdf,2024_for_2025__bg_parent__DS_limited_entry_desert_bighorn_sheep__hunt_pages_only.pdf,,,"FileNotFoundError(2, 'The system cannot find the path specified')"
C:\Users\tyler\Desktop\BIBLE HUNT CODES\2024\Parent Files\2024_big_game_8_species_family_outputs_COMPLETE\2024_bg_8_species_family_outputs\DS_limited_entry_desert_bighorn_sheep\2024_for_2025__bg_parent__DS_limited_entry_desert_bighorn_sheep__section_pages.pdf,2024_for_2025__bg_parent__DS_limited_entry_desert_bighorn_sheep__section_pages.pdf,1204946,31716650ebca0186f138188eceb410ae7ab2e8205e546d34150892f0214a0152,
C:\Users\tyler\Desktop\BIBLE HUNT CODES\2024\Parent Files\2024_big_game_8_species_family_outputs_COMPLETE\2024_bg_8_species_family_outputs\DS_limited_entry_desert_bighorn_sheep\2024_for_2025__bg_parent__DS_limited_entry_desert_bighorn_sheep__source_manifest_report.pdf,2024_for_2025__bg_parent__DS_limited_entry_desert_bighorn_sheep__source_manifest_report.pdf,,,"FileNotFoundError(2, 'The system cannot find the path specified')"
C:\Users\tyler\Desktop\BIBLE HUNT CODES\2024\Parent Files\2024_big_game_8_species_family_outputs_COMPLETE\2024_bg_8_species_family_outputs\EB_limited_entry_elk\2024_for_2025__bg_parent__EB_limited_entry_elk__hunt_pages_only.pdf,2024_for_2025__bg_parent__EB_limited_entry_elk__hunt_pages_only.pdf,14793313,6fc55c291409390ff708aa5860a1fdd3f8ef8e58b1ffaeca58c85559fb6ba6be,
C:\Users\tyler\Desktop\BIBLE HUNT CODES\2024\Parent Files\2024_big_game_8_species_family_outputs_COMPLETE\2024_bg_8_species_family_outputs\EB_limited_entry_elk\2024_for_2025__bg_parent__EB_limited_entry_elk__section_pages.pdf,2024_for_2025__bg_parent__EB_limited_entry_elk__section_pages.pdf,14793313,0e9f42d2f87aaaab3b6477f186b876abc05f11db8167b5f599dfaaab89b8f171,
C:\Users\tyler\Desktop\BIBLE HUNT CODES\2024\Parent Files\2024_big_game_8_species_family_outputs_COMPLETE\2024_bg_8_species_family_outputs\EB_limited_entry_elk\2024_for_2025__bg_parent__EB_limited_entry_elk__source_manifest_report.pdf,2024_for_2025__bg_parent__EB_limited_entry_elk__source_manifest_report.pdf,16699,9f4d705c73044baa4f6ea5d0b576f65585455635f1af470fbdf9ae693804f016,
C:\Users\tyler\Desktop\BIBLE HUNT CODES\2024\Parent Files\2024_big_game_8_species_family_outputs_COMPLETE\2024_bg_8_species_family_outputs\GO_limited_entry_mountain_goat\2024_for_2025__bg_parent__GO_limited_entry_mountain_goat__hunt_pages_only.pdf,2024_for_2025__bg_parent__GO_limited_entry_mountain_goat__hunt_pages_only.pdf,1203331,995f8e0b47fba285fe9757001a647ed74cc2592363361a28ab2a0752ee168b35,
C:\Users\tyler\Desktop\BIBLE HUNT CODES\2024\Parent Files\2024_big_game_8_species_family_outputs_COMPLETE\2024_bg_8_species_family_outputs\GO_limited_entry_mountain_goat\2024_for_2025__bg_parent__GO_limited_entry_mountain_goat__section_pages.pdf,2024_for_2025__bg_parent__GO_limited_entry_mountain_goat__section_pages.pdf,1203331,0ae5086ccacaf3f03cae46fca14c5e26a745ef7ca1a3380fd26053f6db2aa5ff,
C:\Users\tyler\Desktop\BIBLE HUNT CODES\2024\Parent Files\2024_big_game_8_species_family_outputs_COMPLETE\2024_bg_8_species_family_outputs\GO_limited_entry_mountain_goat\2024_for_2025__bg_parent__GO_limited_entry_mountain_goat__source_manifest_report.pdf,2024_for_2025__bg_parent__GO_limited_entry_mountain_goat__source_manifest_report.pdf,3317,5796bf1bc46b53860197cb518df8c2cba7fb8b94bf79aa2be6ae9fb411d8978a,
C:\Users\tyler\Desktop\BIBLE HUNT CODES\2024\Parent Files\2024_big_game_8_species_family_outputs_COMPLETE\2024_bg_8_species_family_outputs\MB_limited_entry_moose\2024_for_2025__bg_parent__MB_limited_entry_moose__hunt_pages_only.pdf,2024_for_2025__bg_parent__MB_limited_entry_moose__hunt_pages_only.pdf,2475506,6d23f6a62d26859fe1b32c6fcfe87602041e1cf4f9c597c6729d08a541d063bb,
C:\Users\tyler\Desktop\BIBLE HUNT CODES\2024\Parent Files\2024_big_game_8_species_family_outputs_COMPLETE\2024_bg_8_species_family_outputs\MB_limited_entry_moose\2024_for_2025__bg_parent__MB_limited_entry_moose__section_pages.pdf,2024_for_2025__bg_parent__MB_limited_entry_moose__section_pages.pdf,2475506,67d822e8ea485c10bc27e22b9fbe16104455d3db618fb70a7a36fd8d1814cd9d,
C:\Users\tyler\Desktop\BIBLE HUNT CODES\2024\Parent Files\2024_big_game_8_species_family_outputs_COMPLETE\2024_bg_8_species_family_outputs\MB_limited_entry_moose\2024_for_2025__bg_parent__MB_limited_entry_moose__source_manifest_report.pdf,2024_for_2025__bg_parent__MB_limited_entry_moose__source_manifest_report.pdf,5068,1a2b2eba38abeda199d32e48bab52ea3460c2f0b65c39862973a77f7301d921d,
C:\Users\tyler\Desktop\BIBLE HUNT CODES\2024\Parent Files\2024_big_game_8_species_family_outputs_COMPLETE\2024_bg_8_species_family_outputs\PB_limited_entry_pronghorn\2024_for_2025__bg_parent__PB_limited_entry_pronghorn__hunt_pages_only.pdf,2024_for_2025__bg_parent__PB_limited_entry_pronghorn__hunt_pages_only.pdf,6009304,63a0212cbdbd2e22eb34abd2d19e59104acb45b9f7498a8dffe3d28c0f387ed8,
C:\Users\tyler\Desktop\BIBLE HUNT CODES\2024\Parent Files\2024_big_game_8_species_family_outputs_COMPLETE\2024_bg_8_species_family_outputs\PB_limited_entry_pronghorn\2024_for_2025__bg_parent__PB_limited_entry_pronghorn__section_pages.pdf,2024_for_2025__bg_parent__PB_limited_entry_pronghorn__section_pages.pdf,6009304,302488143e403064be840e18b2542d00142e68c6163abe9c022155bce0e9be6c,
C:\Users\tyler\Desktop\BIBLE HUNT CODES\2024\Parent Files\2024_big_game_8_species_family_outputs_COMPLETE\2024_bg_8_species_family_outputs\PB_limited_entry_pronghorn\2024_for_2025__bg_parent__PB_limited_entry_pronghorn__source_manifest_report.pdf,2024_for_2025__bg_parent__PB_limited_entry_pronghorn__source_manifest_report.pdf,8442,7068f2af402ee8136c9d4571ee77697f4a3fa3026fc5fe032cbd5b51dfdb8052,
C:\Users\tyler\Desktop\BIBLE HUNT CODES\2024\Parent Files\2024_big_game_8_species_family_outputs_COMPLETE\2024_bg_8_species_family_outputs\RS_limited_entry_rocky_mountain_bighorn_sheep\2024_for_2025__bg_parent__RS_limited_entry_rocky_mountain_bighorn_sheep__hunt_pages_only.pdf,2024_for_2025__bg_parent__RS_limited_entry_rocky_mountain_bighorn_sheep__hunt_pages_only.pdf,,,"FileNotFoundError(2, 'The system cannot find the path specified')"
C:\Users\tyler\Desktop\BIBLE HUNT CODES\2024\Parent Files\2024_big_game_8_species_family_outputs_COMPLETE\2024_bg_8_species_family_outputs\RS_limited_entry_rocky_mountain_bighorn_sheep\2024_for_2025__bg_parent__RS_limited_entry_rocky_mountain_bighorn_sheep__section_pages.pdf,2024_for_2025__bg_parent__RS_limited_entry_rocky_mountain_bighorn_sheep__section_pages.pdf,,,"FileNotFoundError(2, 'The system cannot find the path specified')"
C:\Users\tyler\Desktop\BIBLE HUNT CODES\2024\Parent Files\2024_big_game_8_species_family_outputs_COMPLETE\2024_bg_8_species_family_outputs\RS_limited_entry_rocky_mountain_bighorn_sheep\2024_for_2025__bg_parent__RS_limited_entry_rocky_mountain_bighorn_sheep__source_manifest_report.pdf,2024_for_2025__bg_parent__RS_limited_entry_rocky_mountain_bighorn_sheep__source_manifest_report.pdf,,,"FileNotFoundError(2, 'The system cannot find the path specified')"
C:\Users\tyler\Desktop\BIBLE HUNT CODES\2024\Parent Files\2024_for_2025__bg_parent__BI_limited_entry_bison__outputs_package\BI_limited_entry_bison\2024_for_2025__bg_parent__BI_limited_entry_bison__hunt_pages_only.pdf,2024_for_2025__bg_parent__BI_limited_entry_bison__hunt_pages_only.pdf,1134689,e02e3d248768836537e5681754211f4119a25b67ad8a52744d6046ccd7d903b3,
C:\Users\tyler\Desktop\BIBLE HUNT CODES\2024\Parent Files\2024_for_2025__bg_parent__BI_limited_entry_bison__outputs_package\BI_limited_entry_bison\2024_for_2025__bg_parent__BI_limited_entry_bison__section_pages.pdf,2024_for_2025__bg_parent__BI_limited_entry_bison__section_pages.pdf,1134689,bd8ebcba2854092cc82fca614e3b117a0afb7adb1a98985b51942a98f5753839,
C:\Users\tyler\Desktop\BIBLE HUNT CODES\2024\Parent Files\2024_for_2025__bg_parent__BI_limited_entry_bison__outputs_package\BI_limited_entry_bison\2024_for_2025__bg_parent__BI_limited_entry_bison__source_manifest_report.pdf,2024_for_2025__bg_parent__BI_limited_entry_bison__source_manifest_report.pdf,3202,ff2a2642dd810cf1912648edbd49c89a4a595f4ceea38efefa8589dc8acfe442,
C:\Users\tyler\Desktop\BIBLE HUNT CODES\2024\Parent Files\2024_for_2025__bg_parent__DB_limited_entry_deer__outputs_package\DB_limited_entry_deer\2024_for_2025__bg_parent__DB_limited_entry_deer__hunt_pages_only.pdf,2024_for_2025__bg_parent__DB_limited_entry_deer__hunt_pages_only.pdf,13219222,1b80412e20a9f8c4f98c93b7b0a1c8e762c09f5eabd45f6f9dda54d1735b61de,
C:\Users\tyler\Desktop\BIBLE HUNT CODES\2024\Parent Files\2024_for_2025__bg_parent__DB_limited_entry_deer__outputs_package\DB_limited_entry_deer\2024_for_2025__bg_parent__DB_limited_entry_deer__section_pages.pdf,2024_for_2025__bg_parent__DB_limited_entry_deer__section_pages.pdf,13219222,76e17c977360713b63f539e24f5300a8ed855521a471aee37e30d895a69cb874,
C:\Users\tyler\Desktop\BIBLE HUNT CODES\2024\Parent Files\2024_for_2025__bg_parent__DB_limited_entry_deer__outputs_package\DB_limited_entry_deer\2024_for_2025__bg_parent__DB_limited_entry_deer__source_manifest_report.pdf,2024_for_2025__bg_parent__DB_limited_entry_deer__source_manifest_report.pdf,15721,69525440c05a9eb2b5c56b8972bd8d1e8886b6a2c6e7f8a7e86e796c92dfb23d,
C:\Users\tyler\Desktop\BIBLE HUNT CODES\2024\Parent Files\2024_for_2025__bg_parent__DS_limited_entry_desert_bighorn_sheep__outputs_package\DS_limited_entry_desert_bighorn_sheep\2024_for_2025__bg_parent__DS_limited_entry_desert_bighorn_sheep__hunt_pages_only.pdf,2024_for_2025__bg_parent__DS_limited_entry_desert_bighorn_sheep__hunt_pages_only.pdf,,,"FileNotFoundError(2, 'The system cannot find the path specified')"
C:\Users\tyler\Desktop\BIBLE HUNT CODES\2024\Parent Files\2024_for_2025__bg_parent__DS_limited_entry_desert_bighorn_sheep__outputs_package\DS_limited_entry_desert_bighorn_sheep\2024_for_2025__bg_parent__DS_limited_entry_desert_bighorn_sheep__section_pages.pdf,2024_for_2025__bg_parent__DS_limited_entry_desert_bighorn_sheep__section_pages.pdf,1204946,31716650ebca0186f138188eceb410ae7ab2e8205e546d34150892f0214a0152,
C:\Users\tyler\Desktop\BIBLE HUNT CODES\2024\Parent Files\2024_for_2025__bg_parent__DS_limited_entry_desert_bighorn_sheep__outputs_package\DS_limited_entry_desert_bighorn_sheep\2024_for_2025__bg_parent__DS_limited_entry_desert_bighorn_sheep__source_manifest_report.pdf,2024_for_2025__bg_parent__DS_limited_entry_desert_bighorn_sheep__source_manifest_report.pdf,,,"FileNotFoundError(2, 'The system cannot find the path specified')"
C:\Users\tyler\Desktop\BIBLE HUNT CODES\2024\Parent Files\2024_for_2025__bg_parent__EB_limited_entry_elk__outputs_package\EB_limited_entry_elk\2024_for_2025__bg_parent__EB_limited_entry_elk__hunt_pages_only.pdf,2024_for_2025__bg_parent__EB_limited_entry_elk__hunt_pages_only.pdf,14793313,6fc55c291409390ff708aa5860a1fdd3f8ef8e58b1ffaeca58c85559fb6ba6be,
C:\Users\tyler\Desktop\BIBLE HUNT CODES\2024\Parent Files\2024_for_2025__bg_parent__EB_limited_entry_elk__outputs_package\EB_limited_entry_elk\2024_for_2025__bg_parent__EB_limited_entry_elk__section_pages.pdf,2024_for_2025__bg_parent__EB_limited_entry_elk__section_pages.pdf,14793313,0e9f42d2f87aaaab3b6477f186b876abc05f11db8167b5f599dfaaab89b8f171,
C:\Users\tyler\Desktop\BIBLE HUNT CODES\2024\Parent Files\2024_for_2025__bg_parent__EB_limited_entry_elk__outputs_package\EB_limited_entry_elk\2024_for_2025__bg_parent__EB_limited_entry_elk__source_manifest_report.pdf,2024_for_2025__bg_parent__EB_limited_entry_elk__source_manifest_report.pdf,16699,9f4d705c73044baa4f6ea5d0b576f65585455635f1af470fbdf9ae693804f016,
C:\Users\tyler\Desktop\BIBLE HUNT CODES\2024\Parent Files\2024_for_2025__bg_parent__GO_limited_entry_mountain_goat__outputs_package\GO_limited_entry_mountain_goat\2024_for_2025__bg_parent__GO_limited_entry_mountain_goat__hunt_pages_only.pdf,2024_for_2025__bg_parent__GO_limited_entry_mountain_goat__hunt_pages_only.pdf,1203331,995f8e0b47fba285fe9757001a647ed74cc2592363361a28ab2a0752ee168b35,
C:\Users\tyler\Desktop\BIBLE HUNT CODES\2024\Parent Files\2024_for_2025__bg_parent__GO_limited_entry_mountain_goat__outputs_package\GO_limited_entry_mountain_goat\2024_for_2025__bg_parent__GO_limited_entry_mountain_goat__section_pages.pdf,2024_for_2025__bg_parent__GO_limited_entry_mountain_goat__section_pages.pdf,1203331,0ae5086ccacaf3f03cae46fca14c5e26a745ef7ca1a3380fd26053f6db2aa5ff,
C:\Users\tyler\Desktop\BIBLE HUNT CODES\2024\Parent Files\2024_for_2025__bg_parent__GO_limited_entry_mountain_goat__outputs_package\GO_limited_entry_mountain_goat\2024_for_2025__bg_parent__GO_limited_entry_mountain_goat__source_manifest_report.pdf,2024_for_2025__bg_parent__GO_limited_entry_mountain_goat__source_manifest_report.pdf,3317,5796bf1bc46b53860197cb518df8c2cba7fb8b94bf79aa2be6ae9fb411d8978a,
C:\Users\tyler\Desktop\BIBLE HUNT CODES\2024\Parent Files\2024_for_2025__bg_parent__MB_limited_entry_moose__outputs_package\MB_limited_entry_moose\2024_for_2025__bg_parent__MB_limited_entry_moose__hunt_pages_only.pdf,2024_for_2025__bg_parent__MB_limited_entry_moose__hunt_pages_only.pdf,2475506,6d23f6a62d26859fe1b32c6fcfe87602041e1cf4f9c597c6729d08a541d063bb,
C:\Users\tyler\Desktop\BIBLE HUNT CODES\2024\Parent Files\2024_for_2025__bg_parent__MB_limited_entry_moose__outputs_package\MB_limited_entry_moose\2024_for_2025__bg_parent__MB_limited_entry_moose__section_pages.pdf,2024_for_2025__bg_parent__MB_limited_entry_moose__section_pages.pdf,2475506,67d822e8ea485c10bc27e22b9fbe16104455d3db618fb70a7a36fd8d1814cd9d,
C:\Users\tyler\Desktop\BIBLE HUNT CODES\2024\Parent Files\2024_for_2025__bg_parent__MB_limited_entry_moose__outputs_package\MB_limited_entry_moose\2024_for_2025__bg_parent__MB_limited_entry_moose__source_manifest_report.pdf,2024_for_2025__bg_parent__MB_limited_entry_moose__source_manifest_report.pdf,5068,1a2b2eba38abeda199d32e48bab52ea3460c2f0b65c39862973a77f7301d921d,
C:\Users\tyler\Desktop\BIBLE HUNT CODES\2024\Parent Files\2024_for_2025__bg_parent__PB_limited_entry_pronghorn__outputs_package\PB_limited_entry_pronghorn\2024_for_2025__bg_parent__PB_limited_entry_pronghorn__hunt_pages_only.pdf,2024_for_2025__bg_parent__PB_limited_entry_pronghorn__hunt_pages_only.pdf,6009304,63a0212cbdbd2e22eb34abd2d19e59104acb45b9f7498a8dffe3d28c0f387ed8,
C:\Users\tyler\Desktop\BIBLE HUNT CODES\2024\Parent Files\2024_for_2025__bg_parent__PB_limited_entry_pronghorn__outputs_package\PB_limited_entry_pronghorn\2024_for_2025__bg_parent__PB_limited_entry_pronghorn__section_pages.pdf,2024_for_2025__bg_parent__PB_limited_entry_pronghorn__section_pages.pdf,6009304,302488143e403064be840e18b2542d00142e68c6163abe9c022155bce0e9be6c,
C:\Users\tyler\Desktop\BIBLE HUNT CODES\2024\Parent Files\2024_for_2025__bg_parent__PB_limited_entry_pronghorn__outputs_package\PB_limited_entry_pronghorn\2024_for_2025__bg_parent__PB_limited_entry_pronghorn__source_manifest_report.pdf,2024_for_2025__bg_parent__PB_limited_entry_pronghorn__source_manifest_report.pdf,8442,7068f2af402ee8136c9d4571ee77697f4a3fa3026fc5fe032cbd5b51dfdb8052,
C:\Users\tyler\Desktop\BIBLE HUNT CODES\2024\Parent Files\2024_for_2025__bg_parent__RS_limited_entry_rocky_mountain_bighorn_sheep__outputs_package\RS_limited_entry_rocky_mountain_bighorn_sheep\2024_for_2025__bg_parent__RS_limited_entry_rocky_mountain_bighorn_sheep__hunt_pages_only.pdf,2024_for_2025__bg_parent__RS_limited_entry_rocky_mountain_bighorn_sheep__hunt_pages_only.pdf,,,"FileNotFoundError(2, 'The system cannot find the path specified')"
C:\Users\tyler\Desktop\BIBLE HUNT CODES\2024\Parent Files\2024_for_2025__bg_parent__RS_limited_entry_rocky_mountain_bighorn_sheep__outputs_package\RS_limited_entry_rocky_mountain_bighorn_sheep\2024_for_2025__bg_parent__RS_limited_entry_rocky_mountain_bighorn_sheep__section_pages.pdf,2024_for_2025__bg_parent__RS_limited_entry_rocky_mountain_bighorn_sheep__section_pages.pdf,,,"FileNotFoundError(2, 'The system cannot find the path specified')"
C:\Users\tyler\Desktop\BIBLE HUNT CODES\2024\Parent Files\2024_for_2025__bg_parent__RS_limited_entry_rocky_mountain_bighorn_sheep__outputs_package\RS_limited_entry_rocky_mountain_bighorn_sheep\2024_for_2025__bg_parent__RS_limited_entry_rocky_mountain_bighorn_sheep__source_manifest_report.pdf,2024_for_2025__bg_parent__RS_limited_entry_rocky_mountain_bighorn_sheep__source_manifest_report.pdf,,,"FileNotFoundError(2, 'The system cannot find the path specified')"
C:\Users\tyler\Desktop\BIBLE HUNT CODES\2025\.pdf\2025_PERMITS=2026_MODEL__BEAR DRAW RESULTS.pdf,2025_PERMITS=2026_MODEL__BEAR DRAW RESULTS.pdf,1596390,d123fe89987f373c246e1d5879f1c5e80f925909b25909c47ab64f29c3ae2797,
C:\Users\tyler\Desktop\BIBLE HUNT CODES\2025\.pdf\2025_PERMITS=2026_MODEL__D.H. DEER DRAW RESULTS.pdf,2025_PERMITS=2026_MODEL__D.H. DEER DRAW RESULTS.pdf,550654,c3de7e642912a30e795c26746d6541ed537204d5d8ac0fa789eadca3383ca762,
C:\Users\tyler\Desktop\BIBLE HUNT CODES\2025\.pdf\2025_PERMITS=2026_MODEL__G.S. BUCK DEER DRAW RESULTS.pdf,2025_PERMITS=2026_MODEL__G.S. BUCK DEER DRAW RESULTS.pdf,1685706,2fa7bcb01458b7f86c4beb801d3d866aded4f9fc841ab19c1fce180ae57f35cd,
C:\Users\tyler\Desktop\BIBLE HUNT CODES\2025\.pdf\2025_PERMITS=2026_MODEL__L.E. BUCK DEER DRAW RESULTS.pdf,2025_PERMITS=2026_MODEL__L.E. BUCK DEER DRAW RESULTS.pdf,14477869,13f7f580adc58c3760cd7e43806b0c9a96f8fca8acdfea6dfd1e4923b7d81d4f,
C:\Users\tyler\Desktop\BIBLE HUNT CODES\2025\.pdf\2025_PERMITS=2026_MODEL__L.E. BUCK PRONGHORN DRAW RESULTS.pdf,2025_PERMITS=2026_MODEL__L.E. BUCK PRONGHORN DRAW RESULTS.pdf,6596052,56a458b11857eaee9837a570e192e2767ae8c1870bed17643910e8f939ad21f3,
C:\Users\tyler\Desktop\BIBLE HUNT CODES\2025\.pdf\2025_PERMITS=2026_MODEL__L.E. BULL ELK DRAW RESULTS.pdf,2025_PERMITS=2026_MODEL__L.E. BULL ELK DRAW RESULTS.pdf,15610955,0b9e1e81bcc3c00178ab9976a7a2f06c27f96e508d258509bfc73ed2c7c12c53,
C:\Users\tyler\Desktop\BIBLE HUNT CODES\2025\.pdf\2025_PERMITS=2026_MODEL__LIFETIME G.S. DEER DRAW RESULTS.pdf,2025_PERMITS=2026_MODEL__LIFETIME G.S. DEER DRAW RESULTS.pdf,1461319,c9b7637159809cb52aafc06504a50fedccd1d6bec1f203f4c65af6ec737f70b6,
C:\Users\tyler\Desktop\BIBLE HUNT CODES\2025\.pdf\2025_PERMITS=2026_MODEL__O.I.L. BISON DRAW RESULTS.pdf,2025_PERMITS=2026_MODEL__O.I.L. BISON DRAW RESULTS.pdf,1254099,52c71444e4d7fa355453ec535830214a517f3c41ae1ebc20f020451f49faf010,
C:\Users\tyler\Desktop\BIBLE HUNT CODES\2025\.pdf\2025_PERMITS=2026_MODEL__O.I.L. BULL MOOSE DRAW RESULTS.pdf,2025_PERMITS=2026_MODEL__O.I.L. BULL MOOSE DRAW RESULTS.pdf,2763687,c99bc8bf27ec41ba7c0216339feba560e67fc6e6b45e4d4c80ba9704109f1bee,
C:\Users\tyler\Desktop\BIBLE HUNT CODES\2025\.pdf\2025_PERMITS=2026_MODEL__O.I.L. DESERT BIGHORN SHEEP DRAW RESULTS.pdf,2025_PERMITS=2026_MODEL__O.I.L. DESERT BIGHORN SHEEP DRAW RESULTS.pdf,1476167,d93826fb4face7666669386eb2831ff088cdebcd63aa65924d8ba62d2b62c29f,
C:\Users\tyler\Desktop\BIBLE HUNT CODES\2025\.pdf\2025_PERMITS=2026_MODEL__O.I.L. MTN GOAT DRAW RESULTS.pdf,2025_PERMITS=2026_MODEL__O.I.L. MTN GOAT DRAW RESULTS.pdf,1399358,f6f7caf96c519e0ccf4dfd24db0ba83c9e0aa0e18a194c6e891bf6d41fbc09b3,
C:\Users\tyler\Desktop\BIBLE HUNT CODES\2025\.pdf\2025_PERMITS=2026_MODEL__O.I.L. ROCKY MTN SHEEP DRAW RESULTS.pdf,2025_PERMITS=2026_MODEL__O.I.L. ROCKY MTN SHEEP DRAW RESULTS.pdf,1254792,10578ad72f5e8d4de62162c476cc2fc3304219887dc5c0299ca5fe9e9e7a19aa,
C:\Users\tyler\Desktop\BIBLE HUNT CODES\2025\.pdf\2025_PERMITS=2026_MODEL__SPORTSMAN PERMITS DRAW RESULTS.pdf,2025_PERMITS=2026_MODEL__SPORTSMAN PERMITS DRAW RESULTS.pdf,150744,30f5ae7018be65917d4b057b7df9a426008ffb899d7ee96b020964a1e78f2193,
C:\Users\tyler\Desktop\BIBLE HUNT CODES\2025\.pdf\2025_PERMITS=2026_MODEL__TURKEY DRAW RESULTS.pdf,2025_PERMITS=2026_MODEL__TURKEY DRAW RESULTS.pdf,228604,24db62fb6252f0184505aa2c0245470a880ecc3a511a12afd14c3fb32510bb87,
C:\Users\tyler\Desktop\BIBLE HUNT CODES\2025\.pdf\2025_PERMITS=2026_MODEL__YOUTH D.H. DEER DRAW RESULTS.pdf,2025_PERMITS=2026_MODEL__YOUTH D.H. DEER DRAW RESULTS.pdf,436482,a6c2421da6c32e7edacbbc551c9f4ca3c411fa772b980a5ba8fecfedc73147de,
C:\Users\tyler\Desktop\BIBLE HUNT CODES\2025\.pdf\2025_PERMITS=2026_MODEL__YOUTH ELK DRAW RESULTS.pdf,2025_PERMITS=2026_MODEL__YOUTH ELK DRAW RESULTS.pdf,93296,1eba782b446b20eb5d3a53ad32f940c8638bc1a005a11248dbf255388ea64228,
C:\Users\tyler\Desktop\BIBLE HUNT CODES\2025\.pdf\2025_PERMITS=2026_MODEL__YOUTH G.S. DEER DRAW RESULTS.pdf,2025_PERMITS=2026_MODEL__YOUTH G.S. DEER DRAW RESULTS.pdf,1658599,e85076f9c7b1bf86dad4f74ea8038e89d05004b075aeba2a3f53eef329c6bb72,
C:\Users\tyler\Desktop\BIBLE HUNT CODES\2025\.pdf\2025_PERMITS=2026_MODEL__YOUTH TURKEY DRAW RESULTS.pdf,2025_PERMITS=2026_MODEL__YOUTH TURKEY DRAW RESULTS.pdf,228604,24db62fb6252f0184505aa2c0245470a880ecc3a511a12afd14c3fb32510bb87,
C:\Users\tyler\Desktop\BIBLE HUNT CODES\2025\.pdf\2025_PERMITS=2026_MODEL__YOUTH_ANTLERLESS_DEER_DRAW_RESULTS.pdf,2025_PERMITS=2026_MODEL__YOUTH_ANTLERLESS_DEER_DRAW_RESULTS.pdf,316635,9f3260293ddcb6ee87470acf02962e63d2ee4e62881d9dc95d2571faf9d9ada2,
C:\Users\tyler\Desktop\BIBLE HUNT CODES\2025\.pdf\2025_PERMITS=2026_MODEL__YOUTH_ANTLERLESS_ELK_DRAW_RESULTS.pdf,2025_PERMITS=2026_MODEL__YOUTH_ANTLERLESS_ELK_DRAW_RESULTS.pdf,989483,e0901b6986d328412622885e77e181c35a4e2544d921157705f7fbb1caaad041,
C:\Users\tyler\Desktop\BIBLE HUNT CODES\2025\.pdf\2025_PERMITS=2026_MODEL__YOUTH_ANTLERLESS_PRONGHORN_DRAW_RESULTS.pdf,2025_PERMITS=2026_MODEL__YOUTH_ANTLERLESS_PRONGHORN_DRAW_RESULTS.pdf,291714,96efe5fe9611c5894dbaa39a143534eed9826e2b08cb0aedc3f12a3d3017d249,
C:\Users\tyler\Desktop\BIBLE HUNT CODES\2025\Parent Files\2025_PERMITS=2026_MODEL__(ANTLERLESS BIG GAME) DRAW RESULTS.pdf,2025_PERMITS=2026_MODEL__(ANTLERLESS BIG GAME) DRAW RESULTS.pdf,3534025,c212777c5326dc1145d3941765b92dbda75a830a73a771c42c13ccd78c760cfd,
C:\Users\tyler\Desktop\BIBLE HUNT CODES\2025\Parent Files\2025_PERMITS=2026_MODEL__(ANTLERLESS DEER) DRAW RESULTS.pdf,2025_PERMITS=2026_MODEL__(ANTLERLESS DEER) DRAW RESULTS.pdf,518596,bb58602d49e5f621466f7614b5db1d0efe541b4e3664f58bd584ca4c0e4442d2,
C:\Users\tyler\Desktop\BIBLE HUNT CODES\2025\Parent Files\2025_PERMITS=2026_MODEL__(ANTLERLESS ELK) DRAW RESULTS.pdf,2025_PERMITS=2026_MODEL__(ANTLERLESS ELK) DRAW RESULTS.pdf,2851141,d2a9fb63e71656aadc569edae9cfc141ad0293ed9e3f310ce0d2b3d78d075058,
C:\Users\tyler\Desktop\BIBLE HUNT CODES\2025\Parent Files\2025_PERMITS=2026_MODEL__(DOE PRONGHORN) DRAW RESULTS.pdf,2025_PERMITS=2026_MODEL__(DOE PRONGHORN) DRAW RESULTS.pdf,550029,af6051be21ce90d0d1ed7f5daceea5073108d3877ebd8ba0ad9be9d05ff0bb82,
C:\Users\tyler\Desktop\BIBLE HUNT CODES\2025\Parent Files\2025_PERMITS=2026_MODEL__(LIMITED ENTRY BIG GAME) DRAW RESULTS.pdf,2025_PERMITS=2026_MODEL__(LIMITED ENTRY BIG GAME) DRAW RESULTS.pdf,12732089,65af3f1861d258fe272013db929a8a661f3059372c0bb259e1b5f90545538ef9,
C:\Users\tyler\Desktop\BIBLE HUNT CODES\2025\Parent Files\2025_PERMITS=2026_MODEL__(LIMITED ENTRY BIG GAME) DRAW RESULTS__8_family_combined_manifest_report.pdf,2025_PERMITS=2026_MODEL__(LIMITED ENTRY BIG GAME) DRAW RESULTS__8_family_combined_manifest_report.pdf,5315,ceb99312be5e439abf3c2f04cb3f67488afbf0e20344251358d41e137c32ade1,
C:\Users\tyler\Desktop\BIBLE HUNT CODES\2025\Parent Files\2025_PERMITS=2026_MODEL__(ONCE-IN-A-LIFETIME BIG GAME) DRAW RESULTS.pdf,2025_PERMITS=2026_MODEL__(ONCE-IN-A-LIFETIME BIG GAME) DRAW RESULTS.pdf,3145046,0bbc66fe743968bdb896a905ebb6dcc32cc685522fc9b2f70cf5f76332926fbe,
C:\Users\tyler\Desktop\BIBLE HUNT CODES\2025\Parent Files\2025_PERMITS=2026_MODEL__(YOUTH ANTLERLESS BIG GAME) DRAW RESULTS.pdf,2025_PERMITS=2026_MODEL__(YOUTH ANTLERLESS BIG GAME) DRAW RESULTS.pdf,2780967,9c5a3883330a44d36dc1c151473f2028292c027b9834af835b2b74a8049da8f9,
C:\Users\tyler\Desktop\BIBLE HUNT CODES\2025\Parent Files\2025_PERMITS=2026_MODEL__L.E. BUCK DEER DRAW RESULTS.pdf,2025_PERMITS=2026_MODEL__L.E. BUCK DEER DRAW RESULTS.pdf,14477869,13f7f580adc58c3760cd7e43806b0c9a96f8fca8acdfea6dfd1e4923b7d81d4f,
C:\Users\tyler\Desktop\BIBLE HUNT CODES\2025\Parent Files\2025_PERMITS=2026_MODEL__L.E. BUCK PRONGHORN DRAW RESULTS.pdf,2025_PERMITS=2026_MODEL__L.E. BUCK PRONGHORN DRAW RESULTS.pdf,6596052,56a458b11857eaee9837a570e192e2767ae8c1870bed17643910e8f939ad21f3,
C:\Users\tyler\Desktop\BIBLE HUNT CODES\2025\Parent Files\2025_PERMITS=2026_MODEL__L.E. BULL ELK DRAW RESULTS.pdf,2025_PERMITS=2026_MODEL__L.E. BULL ELK DRAW RESULTS.pdf,15610955,0b9e1e81bcc3c00178ab9976a7a2f06c27f96e508d258509bfc73ed2c7c12c53,
C:\Users\tyler\Desktop\BIBLE HUNT CODES\2025\Parent Files\2025_PERMITS=2026_MODEL__O.I.L. BISON DRAW RESULTS.pdf,2025_PERMITS=2026_MODEL__O.I.L. BISON DRAW RESULTS.pdf,1254099,52c71444e4d7fa355453ec535830214a517f3c41ae1ebc20f020451f49faf010,
C:\Users\tyler\Desktop\BIBLE HUNT CODES\2025\Parent Files\2025_PERMITS=2026_MODEL__O.I.L. BULL MOOSE DRAW RESULTS.pdf,2025_PERMITS=2026_MODEL__O.I.L. BULL MOOSE DRAW RESULTS.pdf,2763687,c99bc8bf27ec41ba7c0216339feba560e67fc6e6b45e4d4c80ba9704109f1bee,
C:\Users\tyler\Desktop\BIBLE HUNT CODES\2025\Parent Files\2025_PERMITS=2026_MODEL__O.I.L. DESERT BIGHORN SHEEP DRAW RESULTS.pdf,2025_PERMITS=2026_MODEL__O.I.L. DESERT BIGHORN SHEEP DRAW RESULTS.pdf,1476167,d93826fb4face7666669386eb2831ff088cdebcd63aa65924d8ba62d2b62c29f,
C:\Users\tyler\Desktop\BIBLE HUNT CODES\2025\Parent Files\2025_PERMITS=2026_MODEL__O.I.L. MTN GOAT DRAW RESULTS.pdf,2025_PERMITS=2026_MODEL__O.I.L. MTN GOAT DRAW RESULTS.pdf,1399358,f6f7caf96c519e0ccf4dfd24db0ba83c9e0aa0e18a194c6e891bf6d41fbc09b3,
C:\Users\tyler\Desktop\BIBLE HUNT CODES\2025\Parent Files\2025_PERMITS=2026_MODEL__O.I.L. ROCKY MTN SHEEP DRAW RESULTS.pdf,2025_PERMITS=2026_MODEL__O.I.L. ROCKY MTN SHEEP DRAW RESULTS.pdf,1254792,10578ad72f5e8d4de62162c476cc2fc3304219887dc5c0299ca5fe9e9e7a19aa,
C:\Users\tyler\Desktop\BIBLE HUNT CODES\2025\Parent Files\2025_PERMITS=2026_MODEL__(BISON) DRAW RESULTS\2025_PERMITS=2026_MODEL__(BISON) DRAW RESULTS__hunt_pages_only.pdf,2025_PERMITS=2026_MODEL__(BISON) DRAW RESULTS__hunt_pages_only.pdf,1108703,c9353217f70635d0b72bec6c8cfb90144f9ddceda8f011a14cef99724012166c,
C:\Users\tyler\Desktop\BIBLE HUNT CODES\2025\Parent Files\2025_PERMITS=2026_MODEL__(BISON) DRAW RESULTS\2025_PERMITS=2026_MODEL__(BISON) DRAW RESULTS__section_pages.pdf,2025_PERMITS=2026_MODEL__(BISON) DRAW RESULTS__section_pages.pdf,1254099,52c71444e4d7fa355453ec535830214a517f3c41ae1ebc20f020451f49faf010,
C:\Users\tyler\Desktop\BIBLE HUNT CODES\2025\Parent Files\2025_PERMITS=2026_MODEL__(BISON) DRAW RESULTS\2025_PERMITS=2026_MODEL__(BISON) DRAW RESULTS__source_manifest_report.pdf,2025_PERMITS=2026_MODEL__(BISON) DRAW RESULTS__source_manifest_report.pdf,3030,956084de9a90c768ab0e6aebc34e6d535be2ac029b1d6cb2f5d2df4c284a9207,
C:\Users\tyler\Desktop\BIBLE HUNT CODES\2025\Parent Files\2025_PERMITS=2026_MODEL__(BUCK DEER) DRAW RESULTS\2025_PERMITS=2026_MODEL__(BUCK DEER) DRAW RESULTS__hunt_pages_only.pdf,2025_PERMITS=2026_MODEL__(BUCK DEER) DRAW RESULTS__hunt_pages_only.pdf,14366192,dd3c857de79872fbd16a1a9bb8013e52f380d002ce28b183bbbda25a688605eb,
C:\Users\tyler\Desktop\BIBLE HUNT CODES\2025\Parent Files\2025_PERMITS=2026_MODEL__(BUCK DEER) DRAW RESULTS\2025_PERMITS=2026_MODEL__(BUCK DEER) DRAW RESULTS__source_manifest_report.pdf,2025_PERMITS=2026_MODEL__(BUCK DEER) DRAW RESULTS__source_manifest_report.pdf,4612,9b3c445d1da384f30cb7047ad18f9aea0e679c4911c82c9a94370739d95091ea,
C:\Users\tyler\Desktop\BIBLE HUNT CODES\2025\Parent Files\2025_PERMITS=2026_MODEL__(BUCK DEER) DRAW RESULTS\2025_PERMITS=2026_MODEL__L.E. BUCK DEER DRAW RESULTS.pdf,2025_PERMITS=2026_MODEL__L.E. BUCK DEER DRAW RESULTS.pdf,14477869,13f7f580adc58c3760cd7e43806b0c9a96f8fca8acdfea6dfd1e4923b7d81d4f,
C:\Users\tyler\Desktop\BIBLE HUNT CODES\2025\Parent Files\2025_PERMITS=2026_MODEL__(BUCK PRONGHORN) DRAW RESULTS\2025_PERMITS=2026_MODEL__(BUCK PRONGHORN) DRAW RESULTS__hunt_pages_only.pdf,2025_PERMITS=2026_MODEL__(BUCK PRONGHORN) DRAW RESULTS__hunt_pages_only.pdf,6486897,57066e439fced6fd25b5919e3188779b055c2fe8bbd57c0f4b7bc6bed7ee63ee,
C:\Users\tyler\Desktop\BIBLE HUNT CODES\2025\Parent Files\2025_PERMITS=2026_MODEL__(BUCK PRONGHORN) DRAW RESULTS\2025_PERMITS=2026_MODEL__(BUCK PRONGHORN) DRAW RESULTS__section_pages.pdf,2025_PERMITS=2026_MODEL__(BUCK PRONGHORN) DRAW RESULTS__section_pages.pdf,6596052,56a458b11857eaee9837a570e192e2767ae8c1870bed17643910e8f939ad21f3,
C:\Users\tyler\Desktop\BIBLE HUNT CODES\2025\Parent Files\2025_PERMITS=2026_MODEL__(BUCK PRONGHORN) DRAW RESULTS\2025_PERMITS=2026_MODEL__(BUCK PRONGHORN) DRAW RESULTS__source_manifest_report.pdf,2025_PERMITS=2026_MODEL__(BUCK PRONGHORN) DRAW RESULTS__source_manifest_report.pdf,4681,346fc598f0140dacd71daa74b72cbdfe7f700a2aded1d722307b874cabb6ee6d,
C:\Users\tyler\Desktop\BIBLE HUNT CODES\2025\Parent Files\2025_PERMITS=2026_MODEL__(BULL ELK) DRAW RESULTS\2025_PERMITS=2026_MODEL__(BULL ELK) DRAW RESULTS__hunt_pages_only.pdf,2025_PERMITS=2026_MODEL__(BULL ELK) DRAW RESULTS__hunt_pages_only.pdf,15501088,eb9373fa2427859b70b6be49afe3fdb7cdf221ec991573bce9296b0de7a5e80c,
C:\Users\tyler\Desktop\BIBLE HUNT CODES\2025\Parent Files\2025_PERMITS=2026_MODEL__(BULL ELK) DRAW RESULTS\2025_PERMITS=2026_MODEL__(BULL ELK) DRAW RESULTS__source_manifest_report.pdf,2025_PERMITS=2026_MODEL__(BULL ELK) DRAW RESULTS__source_manifest_report.pdf,4600,cd9bd4aacb0d6bbbf54a31383baff7a32128809fb778c22ff7387be63ce67b86,
C:\Users\tyler\Desktop\BIBLE HUNT CODES\2025\Parent Files\2025_PERMITS=2026_MODEL__(BULL ELK) DRAW RESULTS\2025_PERMITS=2026_MODEL__(BULL ELK).pdf,2025_PERMITS=2026_MODEL__(BULL ELK).pdf,1936584,c3a268e1f45e0ac5b8862de4387132d7542df9852245bdbab31de028269a7cef,
C:\Users\tyler\Desktop\BIBLE HUNT CODES\2025\Parent Files\2025_PERMITS=2026_MODEL__(BULL MOOSE) DRAW RESULTS\2025_PERMITS=2026_MODEL__(BULL MOOSE) DRAW RESULTS__hunt_pages_only.pdf,2025_PERMITS=2026_MODEL__(BULL MOOSE) DRAW RESULTS__hunt_pages_only.pdf,2652880,a73a439a056d4c33234808e97167425b489c69f470f4540300575e22d71d0199,
C:\Users\tyler\Desktop\BIBLE HUNT CODES\2025\Parent Files\2025_PERMITS=2026_MODEL__(BULL MOOSE) DRAW RESULTS\2025_PERMITS=2026_MODEL__(BULL MOOSE) DRAW RESULTS__section_pages.pdf,2025_PERMITS=2026_MODEL__(BULL MOOSE) DRAW RESULTS__section_pages.pdf,2763687,c99bc8bf27ec41ba7c0216339feba560e67fc6e6b45e4d4c80ba9704109f1bee,
C:\Users\tyler\Desktop\BIBLE HUNT CODES\2025\Parent Files\2025_PERMITS=2026_MODEL__(BULL MOOSE) DRAW RESULTS\2025_PERMITS=2026_MODEL__(BULL MOOSE) DRAW RESULTS__source_manifest_report.pdf,2025_PERMITS=2026_MODEL__(BULL MOOSE) DRAW RESULTS__source_manifest_report.pdf,4519,47890eb1a6acbaf873bf6c45c891b44b4e17713d0739cda58752626518d48f7e,
C:\Users\tyler\Desktop\BIBLE HUNT CODES\2025\Parent Files\2025_PERMITS=2026_MODEL__(DESERT BIGHORN SHEEP) DRAW RESULTS\2025_PERMITS=2026_MODEL__(DESERT BIGHORN SHEEP) DRAW RESULTS__hunt_pages_only.pdf,2025_PERMITS=2026_MODEL__(DESERT BIGHORN SHEEP) DRAW RESULTS__hunt_pages_only.pdf,1330648,ef8e09d791aaa5571602e6e4fe829cd9c6a8359316328783f00c0862d55335c4,
C:\Users\tyler\Desktop\BIBLE HUNT CODES\2025\Parent Files\2025_PERMITS=2026_MODEL__(DESERT BIGHORN SHEEP) DRAW RESULTS\2025_PERMITS=2026_MODEL__(DESERT BIGHORN SHEEP) DRAW RESULTS__section_pages.pdf,2025_PERMITS=2026_MODEL__(DESERT BIGHORN SHEEP) DRAW RESULTS__section_pages.pdf,1476167,d93826fb4face7666669386eb2831ff088cdebcd63aa65924d8ba62d2b62c29f,
C:\Users\tyler\Desktop\BIBLE HUNT CODES\2025\Parent Files\2025_PERMITS=2026_MODEL__(DESERT BIGHORN SHEEP) DRAW RESULTS\2025_PERMITS=2026_MODEL__(DESERT BIGHORN SHEEP) DRAW RESULTS__source_manifest_report.pdf,2025_PERMITS=2026_MODEL__(DESERT BIGHORN SHEEP) DRAW RESULTS__source_manifest_report.pdf,3205,97a06d296843bae1558c3803bd317f58fddbf0ecc59acde108cdc76e13757b5f,
C:\Users\tyler\Desktop\BIBLE HUNT CODES\2025\Parent Files\2025_PERMITS=2026_MODEL__(MOUNTAIN GOAT) DRAW RESULTS\2025_PERMITS=2026_MODEL__(MOUNTAIN GOAT) DRAW RESULTS__hunt_pages_only.pdf,2025_PERMITS=2026_MODEL__(MOUNTAIN GOAT) DRAW RESULTS__hunt_pages_only.pdf,1254173,ca5174b4e2b51ebe5959ef659a22c3d8c20dabc5f96a5c6b0636d705c3afbe51,
C:\Users\tyler\Desktop\BIBLE HUNT CODES\2025\Parent Files\2025_PERMITS=2026_MODEL__(MOUNTAIN GOAT) DRAW RESULTS\2025_PERMITS=2026_MODEL__(MOUNTAIN GOAT) DRAW RESULTS__section_pages.pdf,2025_PERMITS=2026_MODEL__(MOUNTAIN GOAT) DRAW RESULTS__section_pages.pdf,1399358,f6f7caf96c519e0ccf4dfd24db0ba83c9e0aa0e18a194c6e891bf6d41fbc09b3,
C:\Users\tyler\Desktop\BIBLE HUNT CODES\2025\Parent Files\2025_PERMITS=2026_MODEL__(MOUNTAIN GOAT) DRAW RESULTS\2025_PERMITS=2026_MODEL__(MOUNTAIN GOAT) DRAW RESULTS__source_manifest_report.pdf,2025_PERMITS=2026_MODEL__(MOUNTAIN GOAT) DRAW RESULTS__source_manifest_report.pdf,3147,9d06ba55057ad600c72348e80032db62caa75a8f64d765b094eac909215eb988,
C:\Users\tyler\Desktop\BIBLE HUNT CODES\2025\Parent Files\2025_PERMITS=2026_MODEL__(ROCKY MOUNTAIN BIGHORN SHEEP) DRAW RESULTS\2025_PERMITS=2026_MODEL__(ROCKY MOUNTAIN BIGHORN SHEEP) DRAW RESULTS__hunt_pages_only.pdf,2025_PERMITS=2026_MODEL__(ROCKY MOUNTAIN BIGHORN SHEEP) DRAW RESULTS__hunt_pages_only.pdf,1109379,2cf7298ef95133140726d957e4730bd2c5e5199ac145d937a7ebdd2605809e87,
C:\Users\tyler\Desktop\BIBLE HUNT CODES\2025\Parent Files\2025_PERMITS=2026_MODEL__(ROCKY MOUNTAIN BIGHORN SHEEP) DRAW RESULTS\2025_PERMITS=2026_MODEL__(ROCKY MOUNTAIN BIGHORN SHEEP) DRAW RESULTS__section_pages.pdf,2025_PERMITS=2026_MODEL__(ROCKY MOUNTAIN BIGHORN SHEEP) DRAW RESULTS__section_pages.pdf,1254792,10578ad72f5e8d4de62162c476cc2fc3304219887dc5c0299ca5fe9e9e7a19aa,
C:\Users\tyler\Desktop\BIBLE HUNT CODES\2025\Parent Files\2025_PERMITS=2026_MODEL__(ROCKY MOUNTAIN BIGHORN SHEEP) DRAW RESULTS\2025_PERMITS=2026_MODEL__(ROCKY MOUNTAIN BIGHORN SHEEP) DRAW RESULTS__source_manifest_report.pdf,2025_PERMITS=2026_MODEL__(ROCKY MOUNTAIN BIGHORN SHEEP) DRAW RESULTS__source_manifest_report.pdf,3144,e478c707bc73be2f1c3878efeca2a3e94f2bff35cbddf4ec6ff5317f46c94767,
C:\Users\tyler\Desktop\BIBLE HUNT CODES\2026\.pdf\2026_PERMITS=2027_MODEL__BEAR DRAW RESULTS.pdf,2026_PERMITS=2027_MODEL__BEAR DRAW RESULTS.pdf,461547,a4a1ed700228acad1c4c7787e0d219f3191adfa65d6eee1295977bb140320677,
C:\Users\tyler\Desktop\BIBLE HUNT CODES\2026\.pdf\2026_PERMITS=2027_MODEL__BEAR RESTRICTED PURSUIT DRAW RESULTS.pdf,2026_PERMITS=2027_MODEL__BEAR RESTRICTED PURSUIT DRAW RESULTS.pdf,148678,31cf8ecd736ede4e9fe368c52cd054ab7fc0b93d92f1f9db92e47cec7ac66fb1,
C:\Users\tyler\Desktop\BIBLE HUNT CODES\2026\.pdf\2026_PERMITS=2027_MODEL__D.H. DEER DRAW RESULTS.pdf,2026_PERMITS=2027_MODEL__D.H. DEER DRAW RESULTS.pdf,223580,b478b3749b0cf83374c89eb2d86e457a3e33e0d8b824d5817b669ba08d29a5d8,
C:\Users\tyler\Desktop\BIBLE HUNT CODES\2026\.pdf\2026_PERMITS=2027_MODEL__G.S. BUCK DEER DRAW RESULTS.pdf,2026_PERMITS=2027_MODEL__G.S. BUCK DEER DRAW RESULTS.pdf,545006,1b1df93b56f088cfbd1ef4b8a721e46641e5537d9561eccc5ff538fe4b9d42c7,
C:\Users\tyler\Desktop\BIBLE HUNT CODES\2026\.pdf\2026_PERMITS=2027_MODEL__L.E. DEER.pdf,2026_PERMITS=2027_MODEL__L.E. DEER.pdf,902500,29af9f06eab1073e0f23131a06cd7390b65704f475da387abb8c4da9f2aaaf32,
C:\Users\tyler\Desktop\BIBLE HUNT CODES\2026\.pdf\2026_PERMITS=2027_MODEL__L.E. ELK.pdf,2026_PERMITS=2027_MODEL__L.E. ELK.pdf,1116693,687ab01782b0dbce771e096ebe83a6c8cc4c6c079defc80122139fcb0e184670,
C:\Users\tyler\Desktop\BIBLE HUNT CODES\2026\.pdf\2026_PERMITS=2027_MODEL__L.E. PRONGHORN.pdf,2026_PERMITS=2027_MODEL__L.E. PRONGHORN.pdf,428174,210cf2a9d8b935678b41f07940310fdb89cf10cd1d544e6bd41097f71010b8df,
C:\Users\tyler\Desktop\BIBLE HUNT CODES\2026\.pdf\2026_PERMITS=2027_MODEL__O.I.L. BISON.pdf,2026_PERMITS=2027_MODEL__O.I.L. BISON.pdf,212582,915a05ead04429231348ded8558162694e7996bcec2b3d601c45807c60b861b0,
C:\Users\tyler\Desktop\BIBLE HUNT CODES\2026\.pdf\2026_PERMITS=2027_MODEL__O.I.L. BULL MOOSE DRAW RESULTS.pdf,2026_PERMITS=2027_MODEL__O.I.L. BULL MOOSE DRAW RESULTS.pdf,270504,87334455d4b0bc0b3d4b5fff2dc71f8cf4ef8a53b75b794ce0eb06bbfcbb9eab,
C:\Users\tyler\Desktop\BIBLE HUNT CODES\2026\.pdf\2026_PERMITS=2027_MODEL__O.I.L. DESERT BIGHORN SHEEP.pdf,2026_PERMITS=2027_MODEL__O.I.L. DESERT BIGHORN SHEEP.pdf,227571,9213cd21cde948d02b9d23b3d43a1e1d30df091941d3298c0807aade971d7273,
C:\Users\tyler\Desktop\BIBLE HUNT CODES\2026\.pdf\2026_PERMITS=2027_MODEL__O.I.L. MTN GOAT.pdf,2026_PERMITS=2027_MODEL__O.I.L. MTN GOAT.pdf,211576,6f54ca0a92619b59f1f007796f46c86cd89649111826efc174dab95af3e09ff5,
C:\Users\tyler\Desktop\BIBLE HUNT CODES\2026\.pdf\2026_PERMITS=2027_MODEL__O.I.L. ROCKY MTN SHEEP.pdf,2026_PERMITS=2027_MODEL__O.I.L. ROCKY MTN SHEEP.pdf,203349,1f525e8ccfc5dfa986de9a7c06d3e3927c347d0ac4dd6289244c405b195a6a43,
C:\Users\tyler\Desktop\BIBLE HUNT CODES\2026\.pdf\2026_PERMITS=2027_MODEL__SPORTSMAN PERMITS DRAW RESULTS.pdf,2026_PERMITS=2027_MODEL__SPORTSMAN PERMITS DRAW RESULTS.pdf,140845,30722272f372a2eb362f61868e18f861a4041b91b70733c574835e3e6089e747,
C:\Users\tyler\Desktop\BIBLE HUNT CODES\2026\.pdf\2026_PERMITS=2027_MODEL__TURKEY DRAW RESULTS.pdf,2026_PERMITS=2027_MODEL__TURKEY DRAW RESULTS.pdf,157655,ab490a381f02b7ff8f40fd09f306316b7296c273bdd06253f4d86aec598c8620,
C:\Users\tyler\Desktop\BIBLE HUNT CODES\2026\.pdf\2026_PERMITS=2027_MODEL__YOUTH G.S. MATURE BULL ELK DRAW RESULTS.pdf,2026_PERMITS=2027_MODEL__YOUTH G.S. MATURE BULL ELK DRAW RESULTS.pdf,124083,a2f5dda3f7757a40b90e7a0c3889e51b8afda27dcdb5bf318140d8b23ec5a71f,
C:\Users\tyler\Desktop\BIBLE HUNT CODES\2026\.pdf\bear pursuit non res.pdf,bear pursuit non res.pdf,516481,a051308823bec7381e038fe93f08d001c97d129e56cd47d4af8a5b3e6289208e,
C:\Users\tyler\Desktop\BIBLE HUNT CODES\2026\.pdf\bison 2.pdf,bison 2.pdf,46748,4ca750cf5067d1772148776a615008f62ec7d70163dac8471225d3865dec81eb,
C:\Users\tyler\Desktop\BIBLE HUNT CODES\2026\.pdf\bison cow only.pdf,bison cow only.pdf,1773569,aa06763159837732204f70afae8785b236fba216c19e32c8923540535b2e17a0,
C:\Users\tyler\Desktop\BIBLE HUNT CODES\2026\.pdf\bison non res.pdf,bison non res.pdf,1891269,a3148e071f3f1541b191d90165a6748d82d8dd4ff603f91689a687f9e793fdff,
C:\Users\tyler\Desktop\BIBLE HUNT CODES\2026\.pdf\bison res.pdf,bison res.pdf,2207705,dc75d1bf58f78cc161c9f57206240468df5e72b88e17f5b00a405abb266a4caf,
C:\Users\tyler\Desktop\BIBLE HUNT CODES\2026\.pdf\black bear pursuit res.pdf,black bear pursuit res.pdf,539532,b2a475dfc158f8bf4b62477a486b02e80d48b191aae787e5465a9ae0d1f386d4,
C:\Users\tyler\Desktop\BIBLE HUNT CODES\2026\.pdf\deer  buck non res l.e..pdf,deer  buck non res l.e..pdf,19172358,2354954efd1c5325e8d5c09d936fc9b18df0c30379531bb7701562f70d7dbe1d,
C:\Users\tyler\Desktop\BIBLE HUNT CODES\2026\.pdf\des sheep nr.pdf,des sheep nr.pdf,2182575,de909357fc4e2220c2bbf5fd6fe6d7b5ea5f0bc38e3fb4375ffbe52f88c86419,
C:\Users\tyler\Desktop\BIBLE HUNT CODES\2026\.pdf\desert sheep res.pdf,desert sheep res.pdf,2443826,87f5659dc3fd85a355d0014402a30de53d0b7a6dc4a30ed28c9e2f80d405a7e3,
C:\Users\tyler\Desktop\BIBLE HUNT CODES\2026\.pdf\goat non res.pdf,goat non res.pdf,2002671,1b8675b848dd13808d45cd841fab892f744df22f7fc4e583189ff31d711d1c5d,
C:\Users\tyler\Desktop\BIBLE HUNT CODES\2026\.pdf\goat res.pdf,goat res.pdf,1885974,4a34ec77e1d3df85e7458179e6be2f728b412bfb43b91fd32559de93a334ae3f,
C:\Users\tyler\Desktop\BIBLE HUNT CODES\2026\.pdf\gs deer nr.pdf,gs deer nr.pdf,2239636,1c5305a30da9c513fbb03ba915388f734fe35b2e9d9e2bb109cd98f762acff14,
C:\Users\tyler\Desktop\BIBLE HUNT CODES\2026\.pdf\gs deer res.pdf,gs deer res.pdf,2229764,9787c05d05358696bf5209f66caa26d41871688abc92ea79194c7bcc7a210f73,
C:\Users\tyler\Desktop\BIBLE HUNT CODES\2026\.pdf\gs der res.pdf,gs der res.pdf,6581224,ec74460469b95e04d58e1834896e7b11633fa97e84d711f4f503a267c6e632b7,
C:\Users\tyler\Desktop\BIBLE HUNT CODES\2026\.pdf\le buck deer.pdf,le buck deer.pdf,20858521,66b1899f85d353317da2125f559dfad0cc74e365682bea26465205e09fc6b52f,
C:\Users\tyler\Desktop\BIBLE HUNT CODES\2026\.pdf\le buck prong.pdf,le buck prong.pdf,4616757,e739591f82a4dfb1ecd5591b452af50d4b68c54d180033ff3edcbf09d0a0b0f0,
C:\Users\tyler\Desktop\BIBLE HUNT CODES\2026\.pdf\le elk nr.pdf,le elk nr.pdf,22509896,65f9aaa709c538506c394890a9c69aa64728111e1f06b87784136ff05180ac54,
C:\Users\tyler\Desktop\BIBLE HUNT CODES\2026\.pdf\le elk.pdf,le elk.pdf,23880292,63ec55e96378887218823b5ff2bcef0a72c8ec43e4d7032466ade0e8dd098d39,
C:\Users\tyler\Desktop\BIBLE HUNT CODES\2026\.pdf\mtn goat res.pdf,mtn goat res.pdf,2257768,195831a462d9de18a9ea56f2df8279ffc4aff1c1e583ba3cff4c99ed8ce2d5f3,
C:\Users\tyler\Desktop\BIBLE HUNT CODES\2026\.pdf\nr le buck deer.pdf,nr le buck deer.pdf,6581240,5f242be12b60fb4302263cc436a4c5c78b4976ea849b813d6840b594eb352774,
C:\Users\tyler\Desktop\BIBLE HUNT CODES\2026\.pdf\oil moose.pdf,oil moose.pdf,3377381,e32d7ce57bbca5af01b456c6a6c5dfb92452693e9160b85d745edbcb44ef2a7e,
C:\Users\tyler\Desktop\BIBLE HUNT CODES\2026\.pdf\rm  sheep non res.pdf,rm  sheep non res.pdf,1706553,bc22fc33f4dacc970defa5173f5a172913d372922258cb6b4322a427dcb2e514,
C:\Users\tyler\Desktop\BIBLE HUNT CODES\2026\.pdf\rm sheep res.pdf,rm sheep res.pdf,2054115,221ec26aef50be9101efd2383c801f83708b2b4612d63e37211f28f6371b3ae2,
