source_pdf,pdf_page,table_index,row_index,hunt_code,reason,tokens
2025_PERMITS=2026_MODEL__L.E. BUCK DEER DRAW RESULTS.pdf,2,0,33,DB1000,POINT_LIKE_ROW_NOT_STANDARD_12_TOKEN_SHAPE,Totals | 508 | 4 | 4 | 8 | 1 in 63.5 | Totals | 692 | 0 | 1 | 1 | 1 in 692.0
2025_PERMITS=2026_MODEL__L.E. BUCK DEER DRAW RESULTS.pdf,3,0,33,DB1001,POINT_LIKE_ROW_NOT_STANDARD_12_TOKEN_SHAPE,Totals | 760 | 13 | 12 | 25 | 1 in 30.4 | Totals | 910 | 2 | 1 | 3 | 1 in 303.3
2025_PERMITS=2026_MODEL__L.E. BUCK DEER DRAW RESULTS.pdf,4,0,33,DB1002,POINT_LIKE_ROW_NOT_STANDARD_12_TOKEN_SHAPE,Totals | 1801 | 0 | 1 | 1 | in 1801.0 | Totals | 0 | 0 | 0 | 0 | N/A
2025_PERMITS=2026_MODEL__L.E. BUCK DEER DRAW RESULTS.pdf,5,0,33,DB1003,POINT_LIKE_ROW_NOT_STANDARD_12_TOKEN_SHAPE,Totals | 2657 | 11 | 10 | 21 | 1 in 126.5 | Totals | 3411 | 2 | 1 | 3 | in 1137.0
2025_PERMITS=2026_MODEL__L.E. BUCK DEER DRAW RESULTS.pdf,6,0,33,DB1004,POINT_LIKE_ROW_NOT_STANDARD_12_TOKEN_SHAPE,Totals | 3871 | 37 | 36 | 73 | 1 in 53.0 | Totals | 3492 | 4 | 3 | 7 | 1 in 498.9
2025_PERMITS=2026_MODEL__L.E. BUCK DEER DRAW RESULTS.pdf,7,0,33,DB1005,POINT_LIKE_ROW_NOT_STANDARD_12_TOKEN_SHAPE,Totals | 356 | 4 | 4 | 8 | 1 in 44.5 | Totals | 411 | 0 | 1 | 1 | 1 in 411.0
2025_PERMITS=2026_MODEL__L.E. BUCK DEER DRAW RESULTS.pdf,8,0,33,DB1006,POINT_LIKE_ROW_NOT_STANDARD_12_TOKEN_SHAPE,Totals | 517 | 13 | 12 | 25 | 1 in 20.7 | Totals | 406 | 2 | 1 | 3 | 1 in 135.3
2025_PERMITS=2026_MODEL__L.E. BUCK DEER DRAW RESULTS.pdf,9,0,33,DB1007,POINT_LIKE_ROW_NOT_STANDARD_12_TOKEN_SHAPE,Totals | 488 | 0 | 1 | 1 | 1 in 488.0 | Totals | 0 | 0 | 0 | 0 | N/A
2025_PERMITS=2026_MODEL__L.E. BUCK DEER DRAW RESULTS.pdf,10,0,33,DB1008,POINT_LIKE_ROW_NOT_STANDARD_12_TOKEN_SHAPE,Totals | 570 | 2 | 1 | 3 | 1 in 190.0 | Totals | 374 | 0 | 1 | 1 | 1 in 374.0
2025_PERMITS=2026_MODEL__L.E. BUCK DEER DRAW RESULTS.pdf,11,0,33,DB1009,POINT_LIKE_ROW_NOT_STANDARD_12_TOKEN_SHAPE,Totals | 198 | 5 | 5 | 10 | 1 in 19.8 | Totals | 102 | 0 | 1 | 1 | 1 in 102.0
2025_PERMITS=2026_MODEL__L.E. BUCK DEER DRAW RESULTS.pdf,12,0,33,DB1010,POINT_LIKE_ROW_NOT_STANDARD_12_TOKEN_SHAPE,Totals | 617 | 12 | 11 | 23 | 1 in 26.8 | Totals | 222 | 2 | 1 | 3 | 1 in 74.0
2025_PERMITS=2026_MODEL__L.E. BUCK DEER DRAW RESULTS.pdf,13,0,33,DB1011,POINT_LIKE_ROW_NOT_STANDARD_12_TOKEN_SHAPE,Totals | 831 | 22 | 22 | 44 | 1 in 18.9 | Totals | 268 | 2 | 2 | 4 | 1 in 67.0
2025_PERMITS=2026_MODEL__L.E. BUCK DEER DRAW RESULTS.pdf,14,0,33,DB1012,POINT_LIKE_ROW_NOT_STANDARD_12_TOKEN_SHAPE,Totals | 321 | 6 | 5 | 11 | 1 in 29.2 | Totals | 226 | 0 | 1 | 1 | 1 in 226.0
2025_PERMITS=2026_MODEL__L.E. BUCK DEER DRAW RESULTS.pdf,15,0,33,DB1013,POINT_LIKE_ROW_NOT_STANDARD_12_TOKEN_SHAPE,Totals | 86 | 2 | 2 | 4 | 1 in 21.5 | Totals | 0 | 0 | 0 | 0 | N/A
2025_PERMITS=2026_MODEL__L.E. BUCK DEER DRAW RESULTS.pdf,16,0,33,DB1014,POINT_LIKE_ROW_NOT_STANDARD_12_TOKEN_SHAPE,Totals | 496 | 7 | 7 | 14 | 1 in 35.4 | Totals | 272 | 1 | 1 | 2 | 1 in 136.0
2025_PERMITS=2026_MODEL__L.E. BUCK DEER DRAW RESULTS.pdf,17,0,33,DB1015,POINT_LIKE_ROW_NOT_STANDARD_12_TOKEN_SHAPE,Totals | 198 | 10 | 9 | 19 | 1 in 10.4 | Totals | 122 | 1 | 1 | 2 | 1 in 61.0
2025_PERMITS=2026_MODEL__L.E. BUCK DEER DRAW RESULTS.pdf,18,0,33,DB1016,POINT_LIKE_ROW_NOT_STANDARD_12_TOKEN_SHAPE,Totals | 368 | 20 | 19 | 39 | 1 in 9.4 | Totals | 91 | 2 | 2 | 4 | 1 in 22.8
2025_PERMITS=2026_MODEL__L.E. BUCK DEER DRAW RESULTS.pdf,19,0,33,DB1017,POINT_LIKE_ROW_NOT_STANDARD_12_TOKEN_SHAPE,Totals | 2454 | 56 | 55 | 111 | 1 in 22.1 | Totals | 628 | 6 | 6 | 12 | 1 in 52.3
2025_PERMITS=2026_MODEL__L.E. BUCK DEER DRAW RESULTS.pdf,20,0,33,DB1018,POINT_LIKE_ROW_NOT_STANDARD_12_TOKEN_SHAPE,Totals | 679 | 14 | 13 | 27 | 1 in 25.1 | Totals | 260 | 1 | 1 | 2 | 1 in 130.0
2025_PERMITS=2026_MODEL__L.E. BUCK DEER DRAW RESULTS.pdf,21,0,33,DB1019,POINT_LIKE_ROW_NOT_STANDARD_12_TOKEN_SHAPE,Totals | 2408 | 15 | 14 | 29 | 1 in 83.0 | Totals | 868 | 2 | 1 | 3 | 1 in 289.3
2025_PERMITS=2026_MODEL__L.E. BUCK DEER DRAW RESULTS.pdf,22,0,33,DB1020,POINT_LIKE_ROW_NOT_STANDARD_12_TOKEN_SHAPE,Totals | 507 | 6 | 5 | 11 | 1 in 46.1 | Totals | 444 | 0 | 1 | 1 | 1 in 444.0
2025_PERMITS=2026_MODEL__L.E. BUCK DEER DRAW RESULTS.pdf,23,0,33,DB1022,POINT_LIKE_ROW_NOT_STANDARD_12_TOKEN_SHAPE,Totals | 864 | 20 | 19 | 39 | 1 in 22.2 | Totals | 434 | 2 | 1 | 3 | 1 in 144.7
2025_PERMITS=2026_MODEL__L.E. BUCK DEER DRAW RESULTS.pdf,24,0,33,DB1023,POINT_LIKE_ROW_NOT_STANDARD_12_TOKEN_SHAPE,Totals | 952 | 28 | 27 | 55 | 1 in 17.3 | Totals | 320 | 3 | 2 | 5 | 1 in 64.0
2025_PERMITS=2026_MODEL__L.E. BUCK DEER DRAW RESULTS.pdf,25,0,33,DB1024,POINT_LIKE_ROW_NOT_STANDARD_12_TOKEN_SHAPE,Totals | 2659 | 58 | 57 | 115 | 1 in 23.1 | Totals | 462 | 6 | 6 | 12 | 1 in 38.5
2025_PERMITS=2026_MODEL__L.E. BUCK DEER DRAW RESULTS.pdf,26,0,33,DB1025,POINT_LIKE_ROW_NOT_STANDARD_12_TOKEN_SHAPE,Totals | 473 | 22 | 21 | 43 | 1 in 11.0 | Totals | 115 | 2 | 2 | 4 | 1 in 28.8
2025_PERMITS=2026_MODEL__L.E. BUCK DEER DRAW RESULTS.pdf,27,0,33,DB1026,POINT_LIKE_ROW_NOT_STANDARD_12_TOKEN_SHAPE,Totals | 252 | 3 | 3 | 6 | 1 in 42.0 | Totals | 64 | 0 | 1 | 1 | 1 in 64.0
2025_PERMITS=2026_MODEL__L.E. BUCK DEER DRAW RESULTS.pdf,28,0,33,DB1028,POINT_LIKE_ROW_NOT_STANDARD_12_TOKEN_SHAPE,Totals | 99 | 5 | 5 | 10 | 1 in 9.9 | Totals | 27 | 0 | 1 | 1 | 1 in 27.0
2025_PERMITS=2026_MODEL__L.E. BUCK DEER DRAW RESULTS.pdf,29,0,33,DB1029,POINT_LIKE_ROW_NOT_STANDARD_12_TOKEN_SHAPE,Totals | 256 | 6 | 5 | 11 | 1 in 23.3 | Totals | 190 | 0 | 1 | 1 | 1 in 190.0
2025_PERMITS=2026_MODEL__L.E. BUCK DEER DRAW RESULTS.pdf,30,0,33,DB1030,POINT_LIKE_ROW_NOT_STANDARD_12_TOKEN_SHAPE,Totals | 25 | 3 | 2 | 5 | 1 in 5.0 | Totals | 5 | 0 | 1 | 1 | 1 in 5.0
2025_PERMITS=2026_MODEL__L.E. BUCK DEER DRAW RESULTS.pdf,31,0,33,DB1031,POINT_LIKE_ROW_NOT_STANDARD_12_TOKEN_SHAPE,Totals | 102 | 2 | 2 | 4 | 1 in 25.5 | Totals | 0 | 0 | 0 | 0 | N/A
2025_PERMITS=2026_MODEL__L.E. BUCK DEER DRAW RESULTS.pdf,32,0,33,DB1032,POINT_LIKE_ROW_NOT_STANDARD_12_TOKEN_SHAPE,Totals | 31 | 3 | 2 | 5 | 1 in 6.2 | Totals | 11 | 0 | 1 | 1 | 1 in 11.0
2025_PERMITS=2026_MODEL__L.E. BUCK DEER DRAW RESULTS.pdf,33,0,33,DB1033,POINT_LIKE_ROW_NOT_STANDARD_12_TOKEN_SHAPE,Totals | 54 | 3 | 3 | 6 | 1 in 9.0 | Totals | 12 | 0 | 1 | 1 | 1 in 12.0
2025_PERMITS=2026_MODEL__L.E. BUCK DEER DRAW RESULTS.pdf,34,0,33,DB1034,POINT_LIKE_ROW_NOT_STANDARD_12_TOKEN_SHAPE,Totals | 163 | 6 | 6 | 12 | 1 in 13.6 | Totals | 94 | 1 | 1 | 2 | 1 in 47.0
2025_PERMITS=2026_MODEL__L.E. BUCK DEER DRAW RESULTS.pdf,35,0,33,DB1037,POINT_LIKE_ROW_NOT_STANDARD_12_TOKEN_SHAPE,Totals | 240 | 7 | 7 | 14 | 1 in 17.1 | Totals | 92 | 1 | 1 | 2 | 1 in 46.0
2025_PERMITS=2026_MODEL__L.E. BUCK DEER DRAW RESULTS.pdf,36,0,33,DB1038,POINT_LIKE_ROW_NOT_STANDARD_12_TOKEN_SHAPE,Totals | 122 | 10 | 9 | 19 | 1 in 6.4 | Totals | 59 | 1 | 1 | 2 | 1 in 29.5
2025_PERMITS=2026_MODEL__L.E. BUCK DEER DRAW RESULTS.pdf,37,0,33,DB1039,POINT_LIKE_ROW_NOT_STANDARD_12_TOKEN_SHAPE,Totals | 47 | 3 | 3 | 6 | 1 in 7.8 | Totals | 6 | 0 | 1 | 1 | 1 in 6.0
2025_PERMITS=2026_MODEL__L.E. BUCK DEER DRAW RESULTS.pdf,38,0,33,DB1040,POINT_LIKE_ROW_NOT_STANDARD_12_TOKEN_SHAPE,Totals | 63 | 2 | 2 | 4 | 1 in 15.8 | Totals | 37 | 0 | 1 | 1 | 1 in 37.0
2025_PERMITS=2026_MODEL__L.E. BUCK DEER DRAW RESULTS.pdf,39,0,33,DB1041,POINT_LIKE_ROW_NOT_STANDARD_12_TOKEN_SHAPE,Totals | 221 | 13 | 13 | 26 | 1 in 8.5 | Totals | 27 | 2 | 1 | 3 | 1 in 9.0
2025_PERMITS=2026_MODEL__L.E. BUCK DEER DRAW RESULTS.pdf,40,0,33,DB1042,POINT_LIKE_ROW_NOT_STANDARD_12_TOKEN_SHAPE,Totals | 300 | 20 | 20 | 40 | 1 in 7.5 | Totals | 60 | 2 | 2 | 4 | 1 in 15.0
2025_PERMITS=2026_MODEL__L.E. BUCK DEER DRAW RESULTS.pdf,41,0,33,DB1043,POINT_LIKE_ROW_NOT_STANDARD_12_TOKEN_SHAPE,Totals | 78 | 6 | 6 | 12 | 1 in 6.5 | Totals | 36 | 1 | 1 | 2 | 1 in 18.0
2025_PERMITS=2026_MODEL__L.E. BUCK DEER DRAW RESULTS.pdf,42,0,33,DB1044,POINT_LIKE_ROW_NOT_STANDARD_12_TOKEN_SHAPE,Totals | 255 | 3 | 3 | 6 | 1 in 42.5 | Totals | 93 | 0 | 1 | 1 | 1 in 93.0
2025_PERMITS=2026_MODEL__L.E. BUCK DEER DRAW RESULTS.pdf,43,0,33,DB1045,POINT_LIKE_ROW_NOT_STANDARD_12_TOKEN_SHAPE,Totals | 255 | 1 | 1 | 2 | 1 in 127.5 | Totals | 0 | 0 | 0 | 0 | N/A
2025_PERMITS=2026_MODEL__L.E. BUCK DEER DRAW RESULTS.pdf,44,0,33,DB1046,POINT_LIKE_ROW_NOT_STANDARD_12_TOKEN_SHAPE,Totals | 105 | 1 | 1 | 2 | 1 in 52.5 | Totals | 0 | 0 | 0 | 0 | N/A
2025_PERMITS=2026_MODEL__L.E. BUCK DEER DRAW RESULTS.pdf,45,0,33,DB1047,POINT_LIKE_ROW_NOT_STANDARD_12_TOKEN_SHAPE,Totals | 88 | 2 | 1 | 3 | 1 in 29.3 | Totals | 0 | 0 | 0 | 0 | N/A
2025_PERMITS=2026_MODEL__L.E. BUCK DEER DRAW RESULTS.pdf,46,0,33,DB1048,POINT_LIKE_ROW_NOT_STANDARD_12_TOKEN_SHAPE,Totals | 200 | 3 | 3 | 6 | 1 in 33.3 | Totals | 69 | 0 | 1 | 1 | 1 in 69.0
2025_PERMITS=2026_MODEL__L.E. BUCK DEER DRAW RESULTS.pdf,47,0,33,DB1053,POINT_LIKE_ROW_NOT_STANDARD_12_TOKEN_SHAPE,Totals | 20 | 2 | 2 | 4 | 1 in 5.0 | Totals | 4 | 0 | 1 | 1 | 1 in 4.0
2025_PERMITS=2026_MODEL__L.E. BUCK DEER DRAW RESULTS.pdf,48,0,33,DB1054,POINT_LIKE_ROW_NOT_STANDARD_12_TOKEN_SHAPE,Totals | 41 | 6 | 5 | 11 | 1 in 3.7 | Totals | 1 | 0 | 1 | 1 | 1 in 1.0
2025_PERMITS=2026_MODEL__L.E. BUCK DEER DRAW RESULTS.pdf,49,0,33,DB1055,POINT_LIKE_ROW_NOT_STANDARD_12_TOKEN_SHAPE,Totals | 53 | 3 | 2 | 5 | 1 in 10.6 | Totals | 11 | 0 | 1 | 1 | 1 in 11.0
2025_PERMITS=2026_MODEL__L.E. BUCK DEER DRAW RESULTS.pdf,50,0,33,DB1058,POINT_LIKE_ROW_NOT_STANDARD_12_TOKEN_SHAPE,Totals | 132 | 14 | 13 | 27 | 1 in 4.9 | Totals | 64 | 2 | 1 | 3 | 1 in 21.3
2025_PERMITS=2026_MODEL__L.E. BUCK DEER DRAW RESULTS.pdf,51,0,33,DB1065,POINT_LIKE_ROW_NOT_STANDARD_12_TOKEN_SHAPE,Totals | 49 | 7 | 6 | 13 | 1 in 3.8 | Totals | 7 | 1 | 1 | 2 | 1 in 3.5
2025_PERMITS=2026_MODEL__L.E. BUCK DEER DRAW RESULTS.pdf,52,0,33,DB1073,POINT_LIKE_ROW_NOT_STANDARD_12_TOKEN_SHAPE,Totals | 60 | 4 | 4 | 8 | 1 in 7.5 | Totals | 26 | 0 | 1 | 1 | 1 in 26.0
2025_PERMITS=2026_MODEL__L.E. BUCK DEER DRAW RESULTS.pdf,53,0,33,DB1074,POINT_LIKE_ROW_NOT_STANDARD_12_TOKEN_SHAPE,Totals | 53 | 4 | 4 | 8 | 1 in 6.6 | Totals | 14 | 0 | 1 | 1 | 1 in 14.0
2025_PERMITS=2026_MODEL__L.E. BUCK DEER DRAW RESULTS.pdf,54,0,33,DB1077,POINT_LIKE_ROW_NOT_STANDARD_12_TOKEN_SHAPE,Totals | 62 | 11 | 11 | 22 | 1 in 2.8 | Totals | 27 | 2 | 1 | 3 | 1 in 9.0
2025_PERMITS=2026_MODEL__L.E. BUCK DEER DRAW RESULTS.pdf,55,0,33,DB1078,POINT_LIKE_ROW_NOT_STANDARD_12_TOKEN_SHAPE,Totals | 93 | 5 | 4 | 9 | 1 in 10.3 | Totals | 12 | 0 | 1 | 1 | 1 in 12.0
2025_PERMITS=2026_MODEL__L.E. BUCK DEER DRAW RESULTS.pdf,56,0,33,DB1079,POINT_LIKE_ROW_NOT_STANDARD_12_TOKEN_SHAPE,Totals | 197 | 19 | 18 | 37 | 1 in 5.3 | Totals | 37 | 2 | 2 | 4 | 1 in 9.3
2025_PERMITS=2026_MODEL__L.E. BUCK DEER DRAW RESULTS.pdf,57,0,33,DB1080,POINT_LIKE_ROW_NOT_STANDARD_12_TOKEN_SHAPE,Totals | 74 | 11 | 11 | 22 | 1 in 3.4 | Totals | 8 | 2 | 1 | 3 | 1 in 2.7
2025_PERMITS=2026_MODEL__L.E. BUCK DEER DRAW RESULTS.pdf,58,0,33,DB1081,POINT_LIKE_ROW_NOT_STANDARD_12_TOKEN_SHAPE,Totals | 38 | 4 | 4 | 8 | 1 in 4.8 | Totals | 10 | 0 | 1 | 1 | 1 in 10.0
2025_PERMITS=2026_MODEL__L.E. BUCK DEER DRAW RESULTS.pdf,59,0,33,DB1083,POINT_LIKE_ROW_NOT_STANDARD_12_TOKEN_SHAPE,Totals | 34 | 6 | 5 | 11 | 1 in 3.1 | Totals | 23 | 0 | 1 | 1 | 1 in 23.0
2025_PERMITS=2026_MODEL__L.E. BUCK DEER DRAW RESULTS.pdf,60,0,33,DB1084,POINT_LIKE_ROW_NOT_STANDARD_12_TOKEN_SHAPE,Totals | 40 | 6 | 5 | 11 | 1 in 3.6 | Totals | 19 | 0 | 1 | 1 | 1 in 19.0
2025_PERMITS=2026_MODEL__L.E. BUCK DEER DRAW RESULTS.pdf,61,0,33,DB1085,POINT_LIKE_ROW_NOT_STANDARD_12_TOKEN_SHAPE,Totals | 27 | 6 | 6 | 12 | 1 in 2.3 | Totals | 8 | 0 | 1 | 1 | 1 in 8.0
2025_PERMITS=2026_MODEL__L.E. BUCK DEER DRAW RESULTS.pdf,62,0,33,DB1086,POINT_LIKE_ROW_NOT_STANDARD_12_TOKEN_SHAPE,Totals | 28 | 3 | 2 | 5 | 1 in 5.6 | Totals | 4 | 0 | 1 | 1 | 1 in 4.0
2025_PERMITS=2026_MODEL__L.E. BUCK DEER DRAW RESULTS.pdf,63,0,33,DB1087,POINT_LIKE_ROW_NOT_STANDARD_12_TOKEN_SHAPE,Totals | 69 | 15 | 14 | 29 | 1 in 2.4 | Totals | 8 | 2 | 1 | 3 | 1 in 2.7
2025_PERMITS=2026_MODEL__L.E. BUCK DEER DRAW RESULTS.pdf,64,0,33,DB1090,POINT_LIKE_ROW_NOT_STANDARD_12_TOKEN_SHAPE,Totals | 60 | 3 | 3 | 6 | 1 in 10.0 | Totals | 56 | 0 | 1 | 1 | 1 in 56.0
2025_PERMITS=2026_MODEL__L.E. BUCK DEER DRAW RESULTS.pdf,65,0,33,DB1091,POINT_LIKE_ROW_NOT_STANDARD_12_TOKEN_SHAPE,Totals | 79 | 2 | 2 | 4 | 1 in 19.8 | Totals | 49 | 0 | 1 | 1 | 1 in 49.0
2025_PERMITS=2026_MODEL__L.E. BUCK DEER DRAW RESULTS.pdf,66,0,33,DB1100,POINT_LIKE_ROW_NOT_STANDARD_12_TOKEN_SHAPE,Totals | 61 | 5 | 5 | 10 | 1 in 6.1 | Totals | 3 | 0 | 1 | 1 | 1 in 3.0
2025_PERMITS=2026_MODEL__L.E. BUCK DEER DRAW RESULTS.pdf,67,0,33,DB1101,POINT_LIKE_ROW_NOT_STANDARD_12_TOKEN_SHAPE,Totals | 26 | 5 | 4 | 9 | 1 in 2.9 | Totals | 2 | 0 | 1 | 1 | 1 in 2.0
2025_PERMITS=2026_MODEL__L.E. BUCK DEER DRAW RESULTS.pdf,68,0,33,DB1103,POINT_LIKE_ROW_NOT_STANDARD_12_TOKEN_SHAPE,Totals | 11 | 4 | 3 | 7 | 1 in 1.6 | Totals | 0 | 0 | 0 | 0 | N/A
2025_PERMITS=2026_MODEL__L.E. BUCK DEER DRAW RESULTS.pdf,69,0,33,DB1105,POINT_LIKE_ROW_NOT_STANDARD_12_TOKEN_SHAPE,Totals | 32 | 3 | 3 | 6 | 1 in 5.3 | Totals | 10 | 0 | 1 | 1 | 1 in 10.0
2025_PERMITS=2026_MODEL__L.E. BUCK DEER DRAW RESULTS.pdf,70,0,33,DB1106,POINT_LIKE_ROW_NOT_STANDARD_12_TOKEN_SHAPE,Totals | 9 | 4 | 5 | 9 | 1 in 1.0 | Totals | 3 | 1 | 1 | 2 | 1 in 1.5
2025_PERMITS=2026_MODEL__L.E. BUCK DEER DRAW RESULTS.pdf,71,0,33,DB1107,POINT_LIKE_ROW_NOT_STANDARD_12_TOKEN_SHAPE,Totals | 2 | 1 | 1 | 2 | 1 in 1.0 | Totals | 2 | 1 | 1 | 2 | 1 in 1.0
2025_PERMITS=2026_MODEL__L.E. BUCK DEER DRAW RESULTS.pdf,72,0,33,DB1108,POINT_LIKE_ROW_NOT_STANDARD_12_TOKEN_SHAPE,Totals | 46 | 13 | 12 | 25 | 1 in 1.8 | Totals | 12 | 2 | 1 | 3 | 1 in 4.0
2025_PERMITS=2026_MODEL__L.E. BUCK DEER DRAW RESULTS.pdf,73,0,33,DB1110,POINT_LIKE_ROW_NOT_STANDARD_12_TOKEN_SHAPE,Totals | 30 | 5 | 4 | 9 | 1 in 3.3 | Totals | 31 | 0 | 1 | 1 | 1 in 31.0
2025_PERMITS=2026_MODEL__L.E. BUCK DEER DRAW RESULTS.pdf,74,0,33,DB1111,POINT_LIKE_ROW_NOT_STANDARD_12_TOKEN_SHAPE,Totals | 21 | 2 | 2 | 4 | 1 in 5.3 | Totals | 3 | 0 | 1 | 1 | 1 in 3.0
2025_PERMITS=2026_MODEL__L.E. BUCK DEER DRAW RESULTS.pdf,75,0,33,DB1112,POINT_LIKE_ROW_NOT_STANDARD_12_TOKEN_SHAPE,Totals | 8 | 2 | 2 | 4 | 1 in 2.0 | Totals | 2 | 0 | 1 | 1 | 1 in 2.0
2025_PERMITS=2026_MODEL__L.E. BUCK DEER DRAW RESULTS.pdf,76,0,33,DB1113,POINT_LIKE_ROW_NOT_STANDARD_12_TOKEN_SHAPE,Totals | 60 | 6 | 5 | 11 | 1 in 5.5 | Totals | 7 | 0 | 1 | 1 | 1 in 7.0
2025_PERMITS=2026_MODEL__L.E. BUCK DEER DRAW RESULTS.pdf,77,0,33,DB1114,POINT_LIKE_ROW_NOT_STANDARD_12_TOKEN_SHAPE,Totals | 37 | 3 | 2 | 5 | 1 in 7.4 | Totals | 15 | 0 | 1 | 1 | 1 in 15.0
2025_PERMITS=2026_MODEL__L.E. BUCK DEER DRAW RESULTS.pdf,78,0,33,DB1115,POINT_LIKE_ROW_NOT_STANDARD_12_TOKEN_SHAPE,Totals | 1348 | 2 | 2 | 4 | 1 in 337.0 | Totals | 959 | 0 | 1 | 1 | 1 in 959.0
2025_PERMITS=2026_MODEL__L.E. BUCK DEER DRAW RESULTS.pdf,79,0,33,DB1116,POINT_LIKE_ROW_NOT_STANDARD_12_TOKEN_SHAPE,Totals | 54 | 2 | 2 | 4 | 1 in 13.5 | Totals | 45 | 0 | 1 | 1 | 1 in 45.0
2025_PERMITS=2026_MODEL__L.E. BUCK DEER DRAW RESULTS.pdf,80,0,33,DB1119,POINT_LIKE_ROW_NOT_STANDARD_12_TOKEN_SHAPE,Totals | 19 | 5 | 4 | 9 | 1 in 2.1 | Totals | 20 | 0 | 1 | 1 | 1 in 20.0
2025_PERMITS=2026_MODEL__L.E. BUCK DEER DRAW RESULTS.pdf,81,0,33,DB1120,POINT_LIKE_ROW_NOT_STANDARD_12_TOKEN_SHAPE,Totals | 74 | 7 | 6 | 13 | 1 in 5.7 | Totals | 53 | 1 | 1 | 2 | 1 in 26.5
2025_PERMITS=2026_MODEL__L.E. BUCK DEER DRAW RESULTS.pdf,82,0,33,DB1200,POINT_LIKE_ROW_NOT_STANDARD_12_TOKEN_SHAPE,Totals | 299 | 2 | 1 | 3 | 1 in 99.7 | Totals | 0 | 0 | 0 | 0 | N/A
2025_PERMITS=2026_MODEL__L.E. BUCK DEER DRAW RESULTS.pdf,83,0,33,DB1201,POINT_LIKE_ROW_NOT_STANDARD_12_TOKEN_SHAPE,Totals | 51 | 0 | 1 | 1 | 1 in 51.0 | Totals | 0 | 0 | 0 | 0 | N/A
2025_PERMITS=2026_MODEL__L.E. BUCK DEER DRAW RESULTS.pdf,84,0,33,DB1202,POINT_LIKE_ROW_NOT_STANDARD_12_TOKEN_SHAPE,Totals | 1 | 0 | 1 | 1 | 1 in 1.0 | Totals | 0 | 0 | 0 | 0 | N/A
2025_PERMITS=2026_MODEL__L.E. BUCK DEER DRAW RESULTS.pdf,85,0,33,DB1203,POINT_LIKE_ROW_NOT_STANDARD_12_TOKEN_SHAPE,Totals | 2 | 0 | 1 | 1 | 1 in 2.0 | Totals | 0 | 0 | 0 | 0 | N/A
2025_PERMITS=2026_MODEL__L.E. BUCK DEER DRAW RESULTS.pdf,86,0,33,DB1204,POINT_LIKE_ROW_NOT_STANDARD_12_TOKEN_SHAPE,Totals | 31 | 0 | 1 | 1 | 1 in 31.0 | Totals | 0 | 0 | 0 | 0 | N/A
2025_PERMITS=2026_MODEL__L.E. BUCK DEER DRAW RESULTS.pdf,87,0,33,DB1205,POINT_LIKE_ROW_NOT_STANDARD_12_TOKEN_SHAPE,Totals | 3 | 0 | 1 | 1 | 1 in 3.0 | Totals | 0 | 0 | 0 | 0 | N/A
2025_PERMITS=2026_MODEL__L.E. BUCK DEER DRAW RESULTS.pdf,88,0,33,DB1206,POINT_LIKE_ROW_NOT_STANDARD_12_TOKEN_SHAPE,Totals | 28 | 0 | 1 | 1 | 1 in 28.0 | Totals | 0 | 0 | 0 | 0 | N/A
2025_PERMITS=2026_MODEL__L.E. BUCK DEER DRAW RESULTS.pdf,89,0,33,DB1207,POINT_LIKE_ROW_NOT_STANDARD_12_TOKEN_SHAPE,Totals | 10 | 0 | 1 | 1 | 1 in 10.0 | Totals | 0 | 0 | 0 | 0 | N/A
2025_PERMITS=2026_MODEL__L.E. BUCK DEER DRAW RESULTS.pdf,90,0,33,DB1208,POINT_LIKE_ROW_NOT_STANDARD_12_TOKEN_SHAPE,Totals | 5 | 0 | 1 | 1 | 1 in 5.0 | Totals | 0 | 0 | 0 | 0 | N/A
2025_PERMITS=2026_MODEL__L.E. BUCK DEER DRAW RESULTS.pdf,91,0,33,DB1209,POINT_LIKE_ROW_NOT_STANDARD_12_TOKEN_SHAPE,Totals | 19 | 0 | 1 | 1 | 1 in 19.0 | Totals | 0 | 0 | 0 | 0 | N/A
2025_PERMITS=2026_MODEL__L.E. BUCK DEER DRAW RESULTS.pdf,92,0,33,DB1211,POINT_LIKE_ROW_NOT_STANDARD_12_TOKEN_SHAPE,Totals | 10 | 0 | 1 | 1 | 1 in 10.0 | Totals | 0 | 0 | 0 | 0 | N/A
2025_PERMITS=2026_MODEL__L.E. BUCK DEER DRAW RESULTS.pdf,93,0,33,DB1212,POINT_LIKE_ROW_NOT_STANDARD_12_TOKEN_SHAPE,Totals | 15 | 0 | 1 | 1 | 1 in 15.0 | Totals | 0 | 0 | 0 | 0 | N/A
2025_PERMITS=2026_MODEL__L.E. BUCK DEER DRAW RESULTS.pdf,94,0,33,DB1213,POINT_LIKE_ROW_NOT_STANDARD_12_TOKEN_SHAPE,Totals | 10 | 1 | 1 | 2 | 1 in 5.0 | Totals | 0 | 0 | 0 | 0 | N/A
2025_PERMITS=2026_MODEL__L.E. BUCK DEER DRAW RESULTS.pdf,95,0,33,DB1215,POINT_LIKE_ROW_NOT_STANDARD_12_TOKEN_SHAPE,Totals | 19 | 0 | 1 | 1 | 1 in 19.0 | Totals | 0 | 0 | 0 | 0 | N/A
2025_PERMITS=2026_MODEL__L.E. BUCK DEER DRAW RESULTS.pdf,96,0,33,DB1216,POINT_LIKE_ROW_NOT_STANDARD_12_TOKEN_SHAPE,Totals | 6 | 0 | 1 | 1 | 1 in 6.0 | Totals | 0 | 0 | 0 | 0 | N/A
2025_PERMITS=2026_MODEL__L.E. BUCK DEER DRAW RESULTS.pdf,97,0,33,DB1217,POINT_LIKE_ROW_NOT_STANDARD_12_TOKEN_SHAPE,Totals | 30 | 0 | 1 | 1 | 1 in 30.0 | Totals | 0 | 0 | 0 | 0 | N/A
2025_PERMITS=2026_MODEL__L.E. BUCK DEER DRAW RESULTS.pdf,98,0,33,DB1219,POINT_LIKE_ROW_NOT_STANDARD_12_TOKEN_SHAPE,Totals | 31 | 1 | 1 | 2 | 1 in 15.5 | Totals | 0 | 0 | 0 | 0 | N/A
2025_PERMITS=2026_MODEL__L.E. BUCK DEER DRAW RESULTS.pdf,99,0,33,DB1222,POINT_LIKE_ROW_NOT_STANDARD_12_TOKEN_SHAPE,Totals | 77 | 1 | 1 | 2 | 1 in 38.5 | Totals | 0 | 0 | 0 | 0 | N/A
2025_PERMITS=2026_MODEL__L.E. BUCK DEER DRAW RESULTS.pdf,100,0,33,DB1224,POINT_LIKE_ROW_NOT_STANDARD_12_TOKEN_SHAPE,Totals | 16 | 0 | 1 | 1 | 1 in 16.0 | Totals | 0 | 0 | 0 | 0 | N/A
2025_PERMITS=2026_MODEL__L.E. BUCK DEER DRAW RESULTS.pdf,101,0,33,DB1227,POINT_LIKE_ROW_NOT_STANDARD_12_TOKEN_SHAPE,Totals | 21 | 1 | 1 | 2 | 1 in 10.5 | Totals | 0 | 0 | 0 | 0 | N/A
2025_PERMITS=2026_MODEL__L.E. BUCK DEER DRAW RESULTS.pdf,102,0,33,DB1228,POINT_LIKE_ROW_NOT_STANDARD_12_TOKEN_SHAPE,Totals | 225 | 7 | 6 | 13 | 1 in 17.3 | Totals | 0 | 0 | 0 | 0 | N/A
2025_PERMITS=2026_MODEL__L.E. BUCK DEER DRAW RESULTS.pdf,103,0,33,DB1229,POINT_LIKE_ROW_NOT_STANDARD_12_TOKEN_SHAPE,Totals | 23 | 0 | 1 | 1 | 1 in 23.0 | Totals | 0 | 0 | 0 | 0 | N/A
2025_PERMITS=2026_MODEL__L.E. BUCK DEER DRAW RESULTS.pdf,104,0,33,DB1230,POINT_LIKE_ROW_NOT_STANDARD_12_TOKEN_SHAPE,Totals | 25 | 1 | 1 | 2 | 1 in 12.5 | Totals | 0 | 0 | 0 | 0 | N/A
2025_PERMITS=2026_MODEL__L.E. BUCK DEER DRAW RESULTS.pdf,105,0,33,DB1231,POINT_LIKE_ROW_NOT_STANDARD_12_TOKEN_SHAPE,Totals | 27 | 1 | 1 | 2 | 1 in 13.5 | Totals | 0 | 0 | 0 | 0 | N/A
2025_PERMITS=2026_MODEL__L.E. BUCK DEER DRAW RESULTS.pdf,106,0,33,DB1232,POINT_LIKE_ROW_NOT_STANDARD_12_TOKEN_SHAPE,Totals | 35 | 1 | 1 | 2 | 1 in 17.5 | Totals | 0 | 0 | 0 | 0 | N/A
2025_PERMITS=2026_MODEL__L.E. BUCK DEER DRAW RESULTS.pdf,107,0,33,DB1233,POINT_LIKE_ROW_NOT_STANDARD_12_TOKEN_SHAPE,Totals | 35 | 2 | 2 | 4 | 1 in 8.8 | Totals | 0 | 0 | 0 | 0 | N/A
2025_PERMITS=2026_MODEL__L.E. BUCK DEER DRAW RESULTS.pdf,108,0,33,DB1234,POINT_LIKE_ROW_NOT_STANDARD_12_TOKEN_SHAPE,Totals | 20 | 0 | 1 | 1 | 1 in 20.0 | Totals | 0 | 0 | 0 | 0 | N/A
2025_PERMITS=2026_MODEL__L.E. BUCK DEER DRAW RESULTS.pdf,109,0,33,DB1236,POINT_LIKE_ROW_NOT_STANDARD_12_TOKEN_SHAPE,Totals | 15 | 0 | 1 | 1 | 1 in 15.0 | Totals | 0 | 0 | 0 | 0 | N/A
2025_PERMITS=2026_MODEL__L.E. BUCK DEER DRAW RESULTS.pdf,110,0,33,DB1237,POINT_LIKE_ROW_NOT_STANDARD_12_TOKEN_SHAPE,Totals | 140 | 2 | 1 | 3 | 1 in 46.7 | Totals | 0 | 0 | 0 | 0 | N/A
2025_PERMITS=2026_MODEL__L.E. BUCK DEER DRAW RESULTS.pdf,111,0,33,DB1238,POINT_LIKE_ROW_NOT_STANDARD_12_TOKEN_SHAPE,Totals | 27 | 2 | 1 | 3 | 1 in 9.0 | Totals | 0 | 0 | 0 | 0 | N/A
2025_PERMITS=2026_MODEL__L.E. BUCK DEER DRAW RESULTS.pdf,112,0,33,DB1239,POINT_LIKE_ROW_NOT_STANDARD_12_TOKEN_SHAPE,Totals | 5 | 0 | 1 | 1 | 1 in 5.0 | Totals | 0 | 0 | 0 | 0 | N/A
2025_PERMITS=2026_MODEL__L.E. BUCK DEER DRAW RESULTS.pdf,113,0,33,DB1240,POINT_LIKE_ROW_NOT_STANDARD_12_TOKEN_SHAPE,Totals | 13 | 0 | 1 | 1 | 1 in 13.0 | Totals | 0 | 0 | 0 | 0 | N/A
2025_PERMITS=2026_MODEL__L.E. BUCK DEER DRAW RESULTS.pdf,114,0,33,DB1241,POINT_LIKE_ROW_NOT_STANDARD_12_TOKEN_SHAPE,Totals | 22 | 0 | 1 | 1 | 1 in 22.0 | Totals | 0 | 0 | 0 | 0 | N/A
2025_PERMITS=2026_MODEL__L.E. BUCK DEER DRAW RESULTS.pdf,115,0,33,DB1242,POINT_LIKE_ROW_NOT_STANDARD_12_TOKEN_SHAPE,Totals | 113 | 7 | 7 | 14 | 1 in 8.1 | Totals | 0 | 0 | 0 | 0 | N/A
2025_PERMITS=2026_MODEL__L.E. BUCK DEER DRAW RESULTS.pdf,116,0,33,DB1243,POINT_LIKE_ROW_NOT_STANDARD_12_TOKEN_SHAPE,Totals | 3 | 0 | 1 | 1 | 1 in 3.0 | Totals | 0 | 0 | 0 | 0 | N/A
2025_PERMITS=2026_MODEL__L.E. BUCK DEER DRAW RESULTS.pdf,117,0,33,DB1244,POINT_LIKE_ROW_NOT_STANDARD_12_TOKEN_SHAPE,Totals | 26 | 0 | 1 | 1 | 1 in 26.0 | Totals | 0 | 0 | 0 | 0 | N/A
2025_PERMITS=2026_MODEL__L.E. BUCK DEER DRAW RESULTS.pdf,118,0,33,DB1245,POINT_LIKE_ROW_NOT_STANDARD_12_TOKEN_SHAPE,Totals | 11 | 0 | 1 | 1 | 1 in 11.0 | Totals | 0 | 0 | 0 | 0 | N/A
2025_PERMITS=2026_MODEL__L.E. BUCK DEER DRAW RESULTS.pdf,119,0,33,DB1246,POINT_LIKE_ROW_NOT_STANDARD_12_TOKEN_SHAPE,Totals | 11 | 1 | 1 | 2 | 1 in 5.5 | Totals | 0 | 0 | 0 | 0 | N/A
2025_PERMITS=2026_MODEL__L.E. BUCK DEER DRAW RESULTS.pdf,120,0,33,DB1248,POINT_LIKE_ROW_NOT_STANDARD_12_TOKEN_SHAPE,Totals | 102 | 1 | 1 | 2 | 1 in 51.0 | Totals | 0 | 0 | 0 | 0 | N/A
2025_PERMITS=2026_MODEL__L.E. BUCK DEER DRAW RESULTS.pdf,121,0,33,DB1249,POINT_LIKE_ROW_NOT_STANDARD_12_TOKEN_SHAPE,Totals | 6 | 0 | 1 | 1 | 1 in 6.0 | Totals | 0 | 0 | 0 | 0 | N/A
2025_PERMITS=2026_MODEL__L.E. BUCK DEER DRAW RESULTS.pdf,122,0,33,DB1250,POINT_LIKE_ROW_NOT_STANDARD_12_TOKEN_SHAPE,Totals | 5 | 0 | 1 | 1 | 1 in 5.0 | Totals | 0 | 0 | 0 | 0 | N/A
2025_PERMITS=2026_MODEL__L.E. BUCK DEER DRAW RESULTS.pdf,123,0,33,DB1251,POINT_LIKE_ROW_NOT_STANDARD_12_TOKEN_SHAPE,Totals | 30 | 1 | 1 | 2 | 1 in 15.0 | Totals | 0 | 0 | 0 | 0 | N/A
2025_PERMITS=2026_MODEL__L.E. BUCK DEER DRAW RESULTS.pdf,124,0,33,DB1252,POINT_LIKE_ROW_NOT_STANDARD_12_TOKEN_SHAPE,Totals | 20 | 3 | 2 | 5 | 1 in 4.0 | Totals | 0 | 0 | 0 | 0 | N/A
2025_PERMITS=2026_MODEL__L.E. BUCK DEER DRAW RESULTS.pdf,125,0,33,DB1253,POINT_LIKE_ROW_NOT_STANDARD_12_TOKEN_SHAPE,Totals | 8 | 0 | 1 | 1 | 1 in 8.0 | Totals | 0 | 0 | 0 | 0 | N/A
2025_PERMITS=2026_MODEL__L.E. BUCK DEER DRAW RESULTS.pdf,126,0,33,DB1255,POINT_LIKE_ROW_NOT_STANDARD_12_TOKEN_SHAPE,Totals | 6 | 0 | 1 | 1 | 1 in 6.0 | Totals | 0 | 0 | 0 | 0 | N/A
2025_PERMITS=2026_MODEL__L.E. BUCK DEER DRAW RESULTS.pdf,127,0,33,DB1256,POINT_LIKE_ROW_NOT_STANDARD_12_TOKEN_SHAPE,Totals | 59 | 3 | 3 | 6 | 1 in 9.8 | Totals | 0 | 0 | 0 | 0 | N/A
2025_PERMITS=2026_MODEL__L.E. BUCK DEER DRAW RESULTS.pdf,128,0,33,DB1258,POINT_LIKE_ROW_NOT_STANDARD_12_TOKEN_SHAPE,Totals | 24 | 0 | 1 | 1 | 1 in 24.0 | Totals | 0 | 0 | 0 | 0 | N/A
2025_PERMITS=2026_MODEL__L.E. BUCK DEER DRAW RESULTS.pdf,129,0,33,DB1259,POINT_LIKE_ROW_NOT_STANDARD_12_TOKEN_SHAPE,Totals | 34 | 0 | 1 | 1 | 1 in 34.0 | Totals | 0 | 0 | 0 | 0 | N/A
2025_PERMITS=2026_MODEL__L.E. BUCK DEER DRAW RESULTS.pdf,130,0,33,DB1260,POINT_LIKE_ROW_NOT_STANDARD_12_TOKEN_SHAPE,Totals | 7 | 0 | 1 | 1 | 1 in 7.0 | Totals | 0 | 0 | 0 | 0 | N/A
2025_PERMITS=2026_MODEL__L.E. BUCK DEER DRAW RESULTS.pdf,131,0,33,DB1261,POINT_LIKE_ROW_NOT_STANDARD_12_TOKEN_SHAPE,Totals | 32 | 3 | 2 | 5 | 1 in 6.4 | Totals | 0 | 0 | 0 | 0 | N/A
2025_PERMITS=2026_MODEL__L.E. BUCK DEER DRAW RESULTS.pdf,132,0,33,DB1263,POINT_LIKE_ROW_NOT_STANDARD_12_TOKEN_SHAPE,Totals | 21 | 0 | 1 | 1 | 1 in 21.0 | Totals | 0 | 0 | 0 | 0 | N/A
2025_PERMITS=2026_MODEL__L.E. BUCK DEER DRAW RESULTS.pdf,133,0,33,DB1264,POINT_LIKE_ROW_NOT_STANDARD_12_TOKEN_SHAPE,Totals | 10 | 0 | 1 | 1 | 1 in 10.0 | Totals | 0 | 0 | 0 | 0 | N/A
2025_PERMITS=2026_MODEL__L.E. BUCK DEER DRAW RESULTS.pdf,134,0,33,DB1265,POINT_LIKE_ROW_NOT_STANDARD_12_TOKEN_SHAPE,Totals | 12 | 1 | 1 | 2 | 1 in 6.0 | Totals | 0 | 0 | 0 | 0 | N/A
2025_PERMITS=2026_MODEL__L.E. BUCK DEER DRAW RESULTS.pdf,135,0,33,DB1266,POINT_LIKE_ROW_NOT_STANDARD_12_TOKEN_SHAPE,Totals | 22 | 2 | 1 | 3 | 1 in 7.3 | Totals | 0 | 0 | 0 | 0 | N/A
2025_PERMITS=2026_MODEL__L.E. BUCK DEER DRAW RESULTS.pdf,136,0,33,DB1269,POINT_LIKE_ROW_NOT_STANDARD_12_TOKEN_SHAPE,Totals | 31 | 0 | 1 | 1 | 1 in 31.0 | Totals | 0 | 0 | 0 | 0 | N/A
2025_PERMITS=2026_MODEL__L.E. BUCK DEER DRAW RESULTS.pdf,137,0,33,DB1270,POINT_LIKE_ROW_NOT_STANDARD_12_TOKEN_SHAPE,Totals | 18 | 0 | 1 | 1 | 1 in 18.0 | Totals | 0 | 0 | 0 | 0 | N/A
2025_PERMITS=2026_MODEL__L.E. BUCK DEER DRAW RESULTS.pdf,138,0,33,DB1271,POINT_LIKE_ROW_NOT_STANDARD_12_TOKEN_SHAPE,Totals | 2 | 1 | 1 | 2 | 1 in 1.0 | Totals | 0 | 0 | 0 | 0 | N/A
2025_PERMITS=2026_MODEL__L.E. BUCK DEER DRAW RESULTS.pdf,139,0,33,DB1272,POINT_LIKE_ROW_NOT_STANDARD_12_TOKEN_SHAPE,Totals | 8 | 2 | 1 | 3 | 1 in 2.7 | Totals | 0 | 0 | 0 | 0 | N/A
2025_PERMITS=2026_MODEL__L.E. BUCK DEER DRAW RESULTS.pdf,140,0,33,DB1273,POINT_LIKE_ROW_NOT_STANDARD_12_TOKEN_SHAPE,Totals | 20 | 3 | 3 | 6 | 1 in 3.3 | Totals | 0 | 0 | 0 | 0 | N/A
2025_PERMITS=2026_MODEL__L.E. BUCK DEER DRAW RESULTS.pdf,141,0,33,DB1274,POINT_LIKE_ROW_NOT_STANDARD_12_TOKEN_SHAPE,Totals | 10 | 0 | 1 | 1 | 1 in 10.0 | Totals | 0 | 0 | 0 | 0 | N/A
2025_PERMITS=2026_MODEL__L.E. BUCK DEER DRAW RESULTS.pdf,142,0,33,DB1275,POINT_LIKE_ROW_NOT_STANDARD_12_TOKEN_SHAPE,Totals | 9 | 1 | 1 | 2 | 1 in 4.5 | Totals | 0 | 0 | 0 | 0 | N/A
2025_PERMITS=2026_MODEL__L.E. BUCK DEER DRAW RESULTS.pdf,143,0,33,DB1277,POINT_LIKE_ROW_NOT_STANDARD_12_TOKEN_SHAPE,Totals | 25 | 0 | 1 | 1 | 1 in 25.0 | Totals | 0 | 0 | 0 | 0 | N/A
2025_PERMITS=2026_MODEL__L.E. BUCK DEER DRAW RESULTS.pdf,144,0,33,DB1279,POINT_LIKE_ROW_NOT_STANDARD_12_TOKEN_SHAPE,Totals | 53 | 0 | 1 | 1 | 1 in 53.0 | Totals | 0 | 0 | 0 | 0 | N/A
2025_PERMITS=2026_MODEL__L.E. BUCK DEER DRAW RESULTS.pdf,145,0,33,DB1280,POINT_LIKE_ROW_NOT_STANDARD_12_TOKEN_SHAPE,Totals | 34 | 0 | 1 | 1 | 1 in 34.0 | Totals | 0 | 0 | 0 | 0 | N/A
2025_PERMITS=2026_MODEL__L.E. BUCK DEER DRAW RESULTS.pdf,146,0,33,DB1281,POINT_LIKE_ROW_NOT_STANDARD_12_TOKEN_SHAPE,Totals | 40 | 1 | 1 | 2 | 1 in 20.0 | Totals | 0 | 0 | 0 | 0 | N/A
2025_PERMITS=2026_MODEL__L.E. BUCK DEER DRAW RESULTS.pdf,147,0,33,DB1282,POINT_LIKE_ROW_NOT_STANDARD_12_TOKEN_SHAPE,Totals | 21 | 1 | 1 | 2 | 1 in 10.5 | Totals | 0 | 0 | 0 | 0 | N/A
2025_PERMITS=2026_MODEL__L.E. BUCK DEER DRAW RESULTS.pdf,148,0,33,DB1283,POINT_LIKE_ROW_NOT_STANDARD_12_TOKEN_SHAPE,Totals | 13 | 0 | 1 | 1 | 1 in 13.0 | Totals | 0 | 0 | 0 | 0 | N/A
2025_PERMITS=2026_MODEL__L.E. BUCK DEER DRAW RESULTS.pdf,149,0,33,DB1285,POINT_LIKE_ROW_NOT_STANDARD_12_TOKEN_SHAPE,Totals | 10 | 0 | 1 | 1 | 1 in 10.0 | Totals | 0 | 0 | 0 | 0 | N/A
2025_PERMITS=2026_MODEL__L.E. BUCK DEER DRAW RESULTS.pdf,150,0,33,DB1286,POINT_LIKE_ROW_NOT_STANDARD_12_TOKEN_SHAPE,Totals | 15 | 1 | 1 | 2 | 1 in 7.5 | Totals | 0 | 0 | 0 | 0 | N/A
2025_PERMITS=2026_MODEL__L.E. BUCK DEER DRAW RESULTS.pdf,151,0,33,DB1287,POINT_LIKE_ROW_NOT_STANDARD_12_TOKEN_SHAPE,Totals | 17 | 0 | 1 | 1 | 1 in 17.0 | Totals | 0 | 0 | 0 | 0 | N/A
2025_PERMITS=2026_MODEL__L.E. BUCK DEER DRAW RESULTS.pdf,152,0,33,DB1288,POINT_LIKE_ROW_NOT_STANDARD_12_TOKEN_SHAPE,Totals | 42 | 1 | 1 | 2 | 1 in 21.0 | Totals | 0 | 0 | 0 | 0 | N/A
2025_PERMITS=2026_MODEL__L.E. BUCK DEER DRAW RESULTS.pdf,153,0,33,DB1289,POINT_LIKE_ROW_NOT_STANDARD_12_TOKEN_SHAPE,Totals | 44 | 1 | 1 | 2 | 1 in 22.0 | Totals | 0 | 0 | 0 | 0 | N/A
2025_PERMITS=2026_MODEL__L.E. BUCK DEER DRAW RESULTS.pdf,154,0,33,DB1290,POINT_LIKE_ROW_NOT_STANDARD_12_TOKEN_SHAPE,Totals | 56 | 0 | 1 | 1 | 1 in 56.0 | Totals | 0 | 0 | 0 | 0 | N/A
2025_PERMITS=2026_MODEL__L.E. BUCK DEER DRAW RESULTS.pdf,155,0,33,DB1291,POINT_LIKE_ROW_NOT_STANDARD_12_TOKEN_SHAPE,Totals | 15 | 0 | 1 | 1 | 1 in 15.0 | Totals | 0 | 0 | 0 | 0 | N/A
2025_PERMITS=2026_MODEL__L.E. BUCK DEER DRAW RESULTS.pdf,156,0,33,DB1292,POINT_LIKE_ROW_NOT_STANDARD_12_TOKEN_SHAPE,Totals | 30 | 1 | 1 | 2 | 1 in 15.0 | Totals | 0 | 0 | 0 | 0 | N/A
2025_PERMITS=2026_MODEL__L.E. BUCK DEER DRAW RESULTS.pdf,157,0,33,DB1293,POINT_LIKE_ROW_NOT_STANDARD_12_TOKEN_SHAPE,Totals | 9 | 0 | 1 | 1 | 1 in 9.0 | Totals | 0 | 0 | 0 | 0 | N/A
2025_PERMITS=2026_MODEL__L.E. BUCK DEER DRAW RESULTS.pdf,158,0,33,DB1294,POINT_LIKE_ROW_NOT_STANDARD_12_TOKEN_SHAPE,Totals | 12 | 0 | 1 | 1 | 1 in 12.0 | Totals | 0 | 0 | 0 | 0 | N/A
2025_PERMITS=2026_MODEL__L.E. BUCK DEER DRAW RESULTS.pdf,159,0,33,DB1295,POINT_LIKE_ROW_NOT_STANDARD_12_TOKEN_SHAPE,Totals | 69 | 3 | 3 | 6 | 1 in 11.5 | Totals | 0 | 0 | 0 | 0 | N/A
2025_PERMITS=2026_MODEL__L.E. BUCK DEER DRAW RESULTS.pdf,160,0,33,DB1298,POINT_LIKE_ROW_NOT_STANDARD_12_TOKEN_SHAPE,Totals | 14 | 0 | 1 | 1 | 1 in 14.0 | Totals | 0 | 0 | 0 | 0 | N/A
2025_PERMITS=2026_MODEL__L.E. BUCK DEER DRAW RESULTS.pdf,161,0,33,DB1299,POINT_LIKE_ROW_NOT_STANDARD_12_TOKEN_SHAPE,Totals | 15 | 2 | 1 | 3 | 1 in 5.0 | Totals | 0 | 0 | 0 | 0 | N/A
2025_PERMITS=2026_MODEL__L.E. BUCK DEER DRAW RESULTS.pdf,162,0,33,DB1300,POINT_LIKE_ROW_NOT_STANDARD_12_TOKEN_SHAPE,Totals | 44 | 0 | 1 | 1 | 1 in 44.0 | Totals | 0 | 0 | 0 | 0 | N/A
2025_PERMITS=2026_MODEL__L.E. BUCK DEER DRAW RESULTS.pdf,163,0,33,DB1301,POINT_LIKE_ROW_NOT_STANDARD_12_TOKEN_SHAPE,Totals | 58 | 1 | 1 | 2 | 1 in 29.0 | Totals | 0 | 0 | 0 | 0 | N/A
2025_PERMITS=2026_MODEL__L.E. BUCK DEER DRAW RESULTS.pdf,164,0,33,DB1303,POINT_LIKE_ROW_NOT_STANDARD_12_TOKEN_SHAPE,Totals | 6 | 0 | 1 | 1 | 1 in 6.0 | Totals | 0 | 0 | 0 | 0 | N/A
2025_PERMITS=2026_MODEL__L.E. BUCK DEER DRAW RESULTS.pdf,165,0,33,DB1304,POINT_LIKE_ROW_NOT_STANDARD_12_TOKEN_SHAPE,Totals | 26 | 0 | 1 | 1 | 1 in 26.0 | Totals | 0 | 0 | 0 | 0 | N/A
2025_PERMITS=2026_MODEL__L.E. BUCK DEER DRAW RESULTS.pdf,166,0,33,DB1305,POINT_LIKE_ROW_NOT_STANDARD_12_TOKEN_SHAPE,Totals | 3 | 0 | 1 | 1 | 1 in 3.0 | Totals | 0 | 0 | 0 | 0 | N/A
2025_PERMITS=2026_MODEL__L.E. BUCK DEER DRAW RESULTS.pdf,167,0,33,DB1306,POINT_LIKE_ROW_NOT_STANDARD_12_TOKEN_SHAPE,Totals | 42 | 0 | 1 | 1 | 1 in 42.0 | Totals | 0 | 0 | 0 | 0 | N/A
2025_PERMITS=2026_MODEL__L.E. BUCK DEER DRAW RESULTS.pdf,168,0,33,DB1308,POINT_LIKE_ROW_NOT_STANDARD_12_TOKEN_SHAPE,Totals | 39 | 1 | 1 | 2 | 1 in 19.5 | Totals | 0 | 0 | 0 | 0 | N/A
2025_PERMITS=2026_MODEL__L.E. BUCK DEER DRAW RESULTS.pdf,169,0,33,DB1309,POINT_LIKE_ROW_NOT_STANDARD_12_TOKEN_SHAPE,Totals | 80 | 3 | 2 | 5 | 1 in 16.0 | Totals | 0 | 0 | 0 | 0 | N/A
2025_PERMITS=2026_MODEL__L.E. BUCK DEER DRAW RESULTS.pdf,170,0,33,DB1310,POINT_LIKE_ROW_NOT_STANDARD_12_TOKEN_SHAPE,Totals | 40 | 1 | 1 | 2 | 1 in 20.0 | Totals | 0 | 0 | 0 | 0 | N/A
2025_PERMITS=2026_MODEL__L.E. BUCK DEER DRAW RESULTS.pdf,171,0,33,DB1312,POINT_LIKE_ROW_NOT_STANDARD_12_TOKEN_SHAPE,Totals | 15 | 0 | 1 | 1 | 1 in 15.0 | Totals | 0 | 0 | 0 | 0 | N/A
2025_PERMITS=2026_MODEL__L.E. BUCK DEER DRAW RESULTS.pdf,172,0,33,DB1317,POINT_LIKE_ROW_NOT_STANDARD_12_TOKEN_SHAPE,Totals | 7 | 0 | 1 | 1 | 1 in 7.0 | Totals | 0 | 0 | 0 | 0 | N/A
2025_PERMITS=2026_MODEL__L.E. BUCK DEER DRAW RESULTS.pdf,173,0,33,DB1320,POINT_LIKE_ROW_NOT_STANDARD_12_TOKEN_SHAPE,Totals | 4 | 0 | 1 | 1 | 1 in 4.0 | Totals | 0 | 0 | 0 | 0 | N/A
2025_PERMITS=2026_MODEL__L.E. BUCK DEER DRAW RESULTS.pdf,174,0,33,DB1322,POINT_LIKE_ROW_NOT_STANDARD_12_TOKEN_SHAPE,Totals | 11 | 0 | 1 | 1 | 1 in 11.0 | Totals | 0 | 0 | 0 | 0 | N/A
2025_PERMITS=2026_MODEL__L.E. BUCK DEER DRAW RESULTS.pdf,175,0,33,DB1323,POINT_LIKE_ROW_NOT_STANDARD_12_TOKEN_SHAPE,Totals | 2 | 0 | 1 | 1 | 1 in 2.0 | Totals | 0 | 0 | 0 | 0 | N/A
2025_PERMITS=2026_MODEL__L.E. BUCK DEER DRAW RESULTS.pdf,176,0,33,DB1324,POINT_LIKE_ROW_NOT_STANDARD_12_TOKEN_SHAPE,Totals | 8 | 0 | 1 | 1 | 1 in 8.0 | Totals | 0 | 0 | 0 | 0 | N/A
2025_PERMITS=2026_MODEL__L.E. BUCK DEER DRAW RESULTS.pdf,177,0,33,DB1325,POINT_LIKE_ROW_NOT_STANDARD_12_TOKEN_SHAPE,Totals | 8 | 0 | 1 | 1 | 1 in 8.0 | Totals | 0 | 0 | 0 | 0 | N/A
2025_PERMITS=2026_MODEL__L.E. BUCK DEER DRAW RESULTS.pdf,178,0,33,DB1326,POINT_LIKE_ROW_NOT_STANDARD_12_TOKEN_SHAPE,Totals | 14 | 0 | 1 | 1 | 1 in 14.0 | Totals | 0 | 0 | 0 | 0 | N/A
2025_PERMITS=2026_MODEL__L.E. BUCK DEER DRAW RESULTS.pdf,179,0,33,DB1327,POINT_LIKE_ROW_NOT_STANDARD_12_TOKEN_SHAPE,Totals | 10 | 0 | 1 | 1 | 1 in 10.0 | Totals | 0 | 0 | 0 | 0 | N/A
2025_PERMITS=2026_MODEL__L.E. BUCK DEER DRAW RESULTS.pdf,180,0,33,DB1328,POINT_LIKE_ROW_NOT_STANDARD_12_TOKEN_SHAPE,Totals | 6 | 0 | 1 | 1 | 1 in 6.0 | Totals | 0 | 0 | 0 | 0 | N/A
2025_PERMITS=2026_MODEL__L.E. BUCK DEER DRAW RESULTS.pdf,181,0,33,DB1330,POINT_LIKE_ROW_NOT_STANDARD_12_TOKEN_SHAPE,Totals | 16 | 0 | 1 | 1 | 1 in 16.0 | Totals | 0 | 0 | 0 | 0 | N/A
2025_PERMITS=2026_MODEL__L.E. BUCK DEER DRAW RESULTS.pdf,182,0,33,DB1331,POINT_LIKE_ROW_NOT_STANDARD_12_TOKEN_SHAPE,Totals | 17 | 1 | 1 | 2 | 1 in 8.5 | Totals | 0 | 0 | 0 | 0 | N/A
2025_PERMITS=2026_MODEL__L.E. BUCK DEER DRAW RESULTS.pdf,183,0,33,DB1332,POINT_LIKE_ROW_NOT_STANDARD_12_TOKEN_SHAPE,Totals | 17 | 3 | 2 | 5 | 1 in 3.4 | Totals | 0 | 0 | 0 | 0 | N/A
2025_PERMITS=2026_MODEL__L.E. BUCK DEER DRAW RESULTS.pdf,184,0,33,DB1333,POINT_LIKE_ROW_NOT_STANDARD_12_TOKEN_SHAPE,Totals | 11 | 1 | 1 | 2 | 1 in 5.5 | Totals | 0 | 0 | 0 | 0 | N/A
2025_PERMITS=2026_MODEL__L.E. BUCK DEER DRAW RESULTS.pdf,185,0,33,DB1334,POINT_LIKE_ROW_NOT_STANDARD_12_TOKEN_SHAPE,Totals | 5 | 0 | 1 | 1 | 1 in 5.0 | Totals | 0 | 0 | 0 | 0 | N/A
2025_PERMITS=2026_MODEL__L.E. BUCK DEER DRAW RESULTS.pdf,186,0,33,DB1335,POINT_LIKE_ROW_NOT_STANDARD_12_TOKEN_SHAPE,Totals | 20 | 0 | 1 | 1 | 1 in 20.0 | Totals | 0 | 0 | 0 | 0 | N/A
2025_PERMITS=2026_MODEL__L.E. BUCK DEER DRAW RESULTS.pdf,187,0,33,DB1336,POINT_LIKE_ROW_NOT_STANDARD_12_TOKEN_SHAPE,Totals | 2 | 0 | 1 | 1 | 1 in 2.0 | Totals | 0 | 0 | 0 | 0 | N/A
2025_PERMITS=2026_MODEL__L.E. BUCK DEER DRAW RESULTS.pdf,188,0,33,DB1337,POINT_LIKE_ROW_NOT_STANDARD_12_TOKEN_SHAPE,Totals | 22 | 0 | 1 | 1 | 1 in 22.0 | Totals | 0 | 0 | 0 | 0 | N/A
2025_PERMITS=2026_MODEL__L.E. BUCK DEER DRAW RESULTS.pdf,189,0,33,DB1341,POINT_LIKE_ROW_NOT_STANDARD_12_TOKEN_SHAPE,Totals | 18 | 0 | 1 | 1 | 1 in 18.0 | Totals | 0 | 0 | 0 | 0 | N/A
2025_PERMITS=2026_MODEL__L.E. BUCK DEER DRAW RESULTS.pdf,190,0,33,DB1342,POINT_LIKE_ROW_NOT_STANDARD_12_TOKEN_SHAPE,Totals | 36 | 0 | 1 | 1 | 1 in 36.0 | Totals | 0 | 0 | 0 | 0 | N/A
2025_PERMITS=2026_MODEL__L.E. BUCK DEER DRAW RESULTS.pdf,191,0,33,DB1343,POINT_LIKE_ROW_NOT_STANDARD_12_TOKEN_SHAPE,Totals | 18 | 0 | 1 | 1 | 1 in 18.0 | Totals | 0 | 0 | 0 | 0 | N/A
2025_PERMITS=2026_MODEL__L.E. BUCK DEER DRAW RESULTS.pdf,192,0,33,DB1344,POINT_LIKE_ROW_NOT_STANDARD_12_TOKEN_SHAPE,Totals | 4 | 0 | 1 | 1 | 1 in 4.0 | Totals | 0 | 0 | 0 | 0 | N/A
2025_PERMITS=2026_MODEL__L.E. BUCK DEER DRAW RESULTS.pdf,193,0,33,DB1345,POINT_LIKE_ROW_NOT_STANDARD_12_TOKEN_SHAPE,Totals | 17 | 0 | 1 | 1 | 1 in 17.0 | Totals | 0 | 0 | 0 | 0 | N/A
2025_PERMITS=2026_MODEL__L.E. BUCK DEER DRAW RESULTS.pdf,194,0,33,DB1347,POINT_LIKE_ROW_NOT_STANDARD_12_TOKEN_SHAPE,Totals | 6 | 1 | 1 | 2 | 1 in 3.0 | Totals | 0 | 0 | 0 | 0 | N/A
2025_PERMITS=2026_MODEL__L.E. BUCK DEER DRAW RESULTS.pdf,195,0,33,DB1348,POINT_LIKE_ROW_NOT_STANDARD_12_TOKEN_SHAPE,Totals | 8 | 0 | 1 | 1 | 1 in 8.0 | Totals | 0 | 0 | 0 | 0 | N/A
2025_PERMITS=2026_MODEL__L.E. BUCK DEER DRAW RESULTS.pdf,196,0,33,DB1349,POINT_LIKE_ROW_NOT_STANDARD_12_TOKEN_SHAPE,Totals | 82 | 5 | 4 | 9 | 1 in 9.1 | Totals | 0 | 0 | 0 | 0 | N/A
2025_PERMITS=2026_MODEL__L.E. BUCK PRONGHORN DRAW RESULTS.pdf,2,0,33,PB5000,POINT_LIKE_ROW_NOT_STANDARD_12_TOKEN_SHAPE,Totals | 29 | 5 | 5 | 10 | 1 in 2.9 | Totals | 21 | 0 | 1 | 1 | 1 in 21.0
2025_PERMITS=2026_MODEL__L.E. BUCK PRONGHORN DRAW RESULTS.pdf,3,0,33,PB5001,POINT_LIKE_ROW_NOT_STANDARD_12_TOKEN_SHAPE,Totals | 23 | 6 | 7 | 13 | 1 in 1.8 | Totals | 32 | 0 | 1 | 1 | 1 in 32.0
2025_PERMITS=2026_MODEL__L.E. BUCK PRONGHORN DRAW RESULTS.pdf,4,0,33,PB5002,POINT_LIKE_ROW_NOT_STANDARD_12_TOKEN_SHAPE,Totals | 24 | 4 | 3 | 7 | 1 in 3.4 | Totals | 49 | 0 | 1 | 1 | 1 in 49.0
2025_PERMITS=2026_MODEL__L.E. BUCK PRONGHORN DRAW RESULTS.pdf,5,0,33,PB5003,POINT_LIKE_ROW_NOT_STANDARD_12_TOKEN_SHAPE,Totals | 3 | 0 | 3 | 3 | 1 in 1.0 | Totals | 0 | 0 | 0 | 0 | N/A
2025_PERMITS=2026_MODEL__L.E. BUCK PRONGHORN DRAW RESULTS.pdf,6,0,33,PB5004,POINT_LIKE_ROW_NOT_STANDARD_12_TOKEN_SHAPE,Totals | 16 | 2 | 1 | 3 | 1 in 5.3 | Totals | 6 | 0 | 1 | 1 | 1 in 6.0
2025_PERMITS=2026_MODEL__L.E. BUCK PRONGHORN DRAW RESULTS.pdf,7,0,33,PB5005,POINT_LIKE_ROW_NOT_STANDARD_12_TOKEN_SHAPE,Totals | 9 | 4 | 5 | 9 | 1 in 1.0 | Totals | 4 | 0 | 1 | 1 | 1 in 4.0
2025_PERMITS=2026_MODEL__L.E. BUCK PRONGHORN DRAW RESULTS.pdf,8,0,33,PB5006,POINT_LIKE_ROW_NOT_STANDARD_12_TOKEN_SHAPE,Totals | 11 | 4 | 5 | 9 | 1 in 1.2 | Totals | 4 | 0 | 1 | 1 | 1 in 4.0
2025_PERMITS=2026_MODEL__L.E. BUCK PRONGHORN DRAW RESULTS.pdf,9,0,33,PB5008,POINT_LIKE_ROW_NOT_STANDARD_12_TOKEN_SHAPE,Totals | 50 | 6 | 6 | 12 | 1 in 4.2 | Totals | 31 | 1 | 1 | 2 | 1 in 15.5
2025_PERMITS=2026_MODEL__L.E. BUCK PRONGHORN DRAW RESULTS.pdf,10,0,33,PB5009,POINT_LIKE_ROW_NOT_STANDARD_12_TOKEN_SHAPE,Totals | 24 | 3 | 3 | 6 | 1 in 4.0 | Totals | 0 | 0 | 0 | 0 | N/A
2025_PERMITS=2026_MODEL__L.E. BUCK PRONGHORN DRAW RESULTS.pdf,11,0,33,PB5011,POINT_LIKE_ROW_NOT_STANDARD_12_TOKEN_SHAPE,Totals | 60 | 15 | 14 | 29 | 1 in 2.1 | Totals | 47 | 2 | 1 | 3 | 1 in 15.7
2025_PERMITS=2026_MODEL__L.E. BUCK PRONGHORN DRAW RESULTS.pdf,12,0,33,PB5012,POINT_LIKE_ROW_NOT_STANDARD_12_TOKEN_SHAPE,Totals | 19 | 6 | 6 | 12 | 1 in 1.6 | Totals | 9 | 0 | 1 | 1 | 1 in 9.0
2025_PERMITS=2026_MODEL__L.E. BUCK PRONGHORN DRAW RESULTS.pdf,13,0,33,PB5013,POINT_LIKE_ROW_NOT_STANDARD_12_TOKEN_SHAPE,Totals | 9 | 3 | 4 | 7 | 1 in 1.3 | Totals | 14 | 0 | 1 | 1 | 1 in 14.0
2025_PERMITS=2026_MODEL__L.E. BUCK PRONGHORN DRAW RESULTS.pdf,14,0,33,PB5015,POINT_LIKE_ROW_NOT_STANDARD_12_TOKEN_SHAPE,Totals | 69 | 10 | 9 | 19 | 1 in 3.6 | Totals | 84 | 1 | 1 | 2 | 1 in 42.0
2025_PERMITS=2026_MODEL__L.E. BUCK PRONGHORN DRAW RESULTS.pdf,15,0,33,PB5016,POINT_LIKE_ROW_NOT_STANDARD_12_TOKEN_SHAPE,Totals | 50 | 9 | 8 | 17 | 1 in 2.9 | Totals | 24 | 1 | 1 | 2 | 1 in 12.0
2025_PERMITS=2026_MODEL__L.E. BUCK PRONGHORN DRAW RESULTS.pdf,16,0,33,PB5017,POINT_LIKE_ROW_NOT_STANDARD_12_TOKEN_SHAPE,Totals | 26 | 10 | 10 | 20 | 1 in 1.3 | Totals | 21 | 1 | 1 | 2 | 1 in 10.5
2025_PERMITS=2026_MODEL__L.E. BUCK PRONGHORN DRAW RESULTS.pdf,17,0,33,PB5018,POINT_LIKE_ROW_NOT_STANDARD_12_TOKEN_SHAPE,Totals | 67 | 15 | 15 | 30 | 1 in 2.2 | Totals | 79 | 2 | 2 | 4 | 1 in 19.8
2025_PERMITS=2026_MODEL__L.E. BUCK PRONGHORN DRAW RESULTS.pdf,18,0,33,PB5019,POINT_LIKE_ROW_NOT_STANDARD_12_TOKEN_SHAPE,Totals | 76 | 8 | 8 | 16 | 1 in 4.8 | Totals | 25 | 1 | 1 | 2 | 1 in 12.5
2025_PERMITS=2026_MODEL__L.E. BUCK PRONGHORN DRAW RESULTS.pdf,19,0,33,PB5020,POINT_LIKE_ROW_NOT_STANDARD_12_TOKEN_SHAPE,Totals | 34 | 4 | 4 | 8 | 1 in 4.3 | Totals | 5 | 0 | 1 | 1 | 1 in 5.0
2025_PERMITS=2026_MODEL__L.E. BUCK PRONGHORN DRAW RESULTS.pdf,20,0,33,PB5021,POINT_LIKE_ROW_NOT_STANDARD_12_TOKEN_SHAPE,Totals | 27 | 11 | 11 | 22 | 1 in 1.2 | Totals | 13 | 1 | 1 | 2 | 1 in 6.5
2025_PERMITS=2026_MODEL__L.E. BUCK PRONGHORN DRAW RESULTS.pdf,21,0,33,PB5024,POINT_LIKE_ROW_NOT_STANDARD_12_TOKEN_SHAPE,Totals | 40 | 15 | 15 | 30 | 1 in 1.3 | Totals | 54 | 2 | 2 | 4 | 1 in 13.5
2025_PERMITS=2026_MODEL__L.E. BUCK PRONGHORN DRAW RESULTS.pdf,22,0,33,PB5025,POINT_LIKE_ROW_NOT_STANDARD_12_TOKEN_SHAPE,Totals | 274 | 20 | 19 | 39 | 1 in 7.0 | Totals | 348 | 2 | 2 | 4 | 1 in 87.0
2025_PERMITS=2026_MODEL__L.E. BUCK PRONGHORN DRAW RESULTS.pdf,23,0,33,PB5026,POINT_LIKE_ROW_NOT_STANDARD_12_TOKEN_SHAPE,Totals | 142 | 25 | 24 | 49 | 1 in 2.9 | Totals | 196 | 3 | 3 | 6 | 1 in 32.7
2025_PERMITS=2026_MODEL__L.E. BUCK PRONGHORN DRAW RESULTS.pdf,24,0,33,PB5027,POINT_LIKE_ROW_NOT_STANDARD_12_TOKEN_SHAPE,Totals | 165 | 16 | 15 | 31 | 1 in 5.3 | Totals | 598 | 2 | 1 | 3 | 1 in 199.3
2025_PERMITS=2026_MODEL__L.E. BUCK PRONGHORN DRAW RESULTS.pdf,25,0,33,PB5028,POINT_LIKE_ROW_NOT_STANDARD_12_TOKEN_SHAPE,Totals | 68 | 7 | 7 | 14 | 1 in 4.9 | Totals | 43 | 1 | 1 | 2 | 1 in 21.5
2025_PERMITS=2026_MODEL__L.E. BUCK PRONGHORN DRAW RESULTS.pdf,26,0,33,PB5029,POINT_LIKE_ROW_NOT_STANDARD_12_TOKEN_SHAPE,Totals | 150 | 7 | 7 | 14 | 1 in 10.7 | Totals | 80 | 1 | 1 | 2 | 1 in 40.0
2025_PERMITS=2026_MODEL__L.E. BUCK PRONGHORN DRAW RESULTS.pdf,27,0,33,PB5030,POINT_LIKE_ROW_NOT_STANDARD_12_TOKEN_SHAPE,Totals | 247 | 14 | 13 | 27 | 1 in 9.1 | Totals | 131 | 2 | 1 | 3 | 1 in 43.7
2025_PERMITS=2026_MODEL__L.E. BUCK PRONGHORN DRAW RESULTS.pdf,28,0,33,PB5031,POINT_LIKE_ROW_NOT_STANDARD_12_TOKEN_SHAPE,Totals | 184 | 14 | 13 | 27 | 1 in 6.8 | Totals | 118 | 2 | 1 | 3 | 1 in 39.3
2025_PERMITS=2026_MODEL__L.E. BUCK PRONGHORN DRAW RESULTS.pdf,29,0,33,PB5033,POINT_LIKE_ROW_NOT_STANDARD_12_TOKEN_SHAPE,Totals | 415 | 19 | 19 | 38 | 1 in 10.9 | Totals | 336 | 3 | 2 | 5 | 1 in 67.2
2025_PERMITS=2026_MODEL__L.E. BUCK PRONGHORN DRAW RESULTS.pdf,30,0,33,PB5034,POINT_LIKE_ROW_NOT_STANDARD_12_TOKEN_SHAPE,Totals | 20 | 1 | 1 | 2 | 1 in 10.0 | Totals | 0 | 0 | 0 | 0 | N/A
2025_PERMITS=2026_MODEL__L.E. BUCK PRONGHORN DRAW RESULTS.pdf,31,0,33,PB5035,POINT_LIKE_ROW_NOT_STANDARD_12_TOKEN_SHAPE,Totals | 93 | 10 | 10 | 20 | 1 in 4.7 | Totals | 129 | 1 | 1 | 2 | 1 in 64.5
2025_PERMITS=2026_MODEL__L.E. BUCK PRONGHORN DRAW RESULTS.pdf,32,0,33,PB5037,POINT_LIKE_ROW_NOT_STANDARD_12_TOKEN_SHAPE,Totals | 433 | 44 | 43 | 87 | 1 in 5.0 | Totals | 287 | 5 | 4 | 9 | 1 in 31.9
2025_PERMITS=2026_MODEL__L.E. BUCK PRONGHORN DRAW RESULTS.pdf,33,0,33,PB5038,POINT_LIKE_ROW_NOT_STANDARD_12_TOKEN_SHAPE,Totals | 79 | 6 | 5 | 11 | 1 in 7.2 | Totals | 33 | 0 | 1 | 1 | 1 in 33.0
2025_PERMITS=2026_MODEL__L.E. BUCK PRONGHORN DRAW RESULTS.pdf,34,0,33,PB5039,POINT_LIKE_ROW_NOT_STANDARD_12_TOKEN_SHAPE,Totals | 54 | 8 | 7 | 15 | 1 in 3.6 | Totals | 60 | 1 | 1 | 2 | 1 in 30.0
2025_PERMITS=2026_MODEL__L.E. BUCK PRONGHORN DRAW RESULTS.pdf,35,0,33,PB5040,POINT_LIKE_ROW_NOT_STANDARD_12_TOKEN_SHAPE,Totals | 220 | 17 | 17 | 34 | 1 in 6.5 | Totals | 125 | 2 | 2 | 4 | 1 in 31.3
2025_PERMITS=2026_MODEL__L.E. BUCK PRONGHORN DRAW RESULTS.pdf,36,0,33,PB5041,POINT_LIKE_ROW_NOT_STANDARD_12_TOKEN_SHAPE,Totals | 248 | 11 | 10 | 21 | 1 in 11.8 | Totals | 198 | 1 | 1 | 2 | 1 in 99.0
2025_PERMITS=2026_MODEL__L.E. BUCK PRONGHORN DRAW RESULTS.pdf,37,0,33,PB5042,POINT_LIKE_ROW_NOT_STANDARD_12_TOKEN_SHAPE,Totals | 120 | 10 | 10 | 20 | 1 in 6.0 | Totals | 83 | 1 | 1 | 2 | 1 in 41.5
2025_PERMITS=2026_MODEL__L.E. BUCK PRONGHORN DRAW RESULTS.pdf,38,0,33,PB5044,POINT_LIKE_ROW_NOT_STANDARD_12_TOKEN_SHAPE,Totals | 48 | 2 | 2 | 4 | 1 in 12.0 | Totals | 0 | 0 | 0 | 0 | N/A
2025_PERMITS=2026_MODEL__L.E. BUCK PRONGHORN DRAW RESULTS.pdf,39,0,33,PB5045,POINT_LIKE_ROW_NOT_STANDARD_12_TOKEN_SHAPE,Totals | 100 | 3 | 2 | 5 | 1 in 20.0 | Totals | 82 | 0 | 1 | 1 | 1 in 82.0
2025_PERMITS=2026_MODEL__L.E. BUCK PRONGHORN DRAW RESULTS.pdf,40,0,33,PB5046,POINT_LIKE_ROW_NOT_STANDARD_12_TOKEN_SHAPE,Totals | 581 | 28 | 28 | 56 | 1 in 10.4 | Totals | 1075 | 3 | 3 | 6 | 1 in 179.2
2025_PERMITS=2026_MODEL__L.E. BUCK PRONGHORN DRAW RESULTS.pdf,41,0,33,PB5047,POINT_LIKE_ROW_NOT_STANDARD_12_TOKEN_SHAPE,Totals | 238 | 24 | 24 | 48 | 1 in 5.0 | Totals | 196 | 3 | 2 | 5 | 1 in 39.2
2025_PERMITS=2026_MODEL__L.E. BUCK PRONGHORN DRAW RESULTS.pdf,42,0,33,PB5048,POINT_LIKE_ROW_NOT_STANDARD_12_TOKEN_SHAPE,Totals | 259 | 30 | 29 | 59 | 1 in 4.4 | Totals | 93 | 4 | 3 | 7 | 1 in 13.3
2025_PERMITS=2026_MODEL__L.E. BUCK PRONGHORN DRAW RESULTS.pdf,43,0,33,PB5049,POINT_LIKE_ROW_NOT_STANDARD_12_TOKEN_SHAPE,Totals | 694 | 46 | 46 | 92 | 1 in 7.5 | Totals | 760 | 5 | 5 | 10 | 1 in 76.0
2025_PERMITS=2026_MODEL__L.E. BUCK PRONGHORN DRAW RESULTS.pdf,44,0,33,PB5050,POINT_LIKE_ROW_NOT_STANDARD_12_TOKEN_SHAPE,Totals | 647 | 33 | 33 | 66 | 1 in 9.8 | Totals | 212 | 4 | 3 | 7 | 1 in 30.3
2025_PERMITS=2026_MODEL__L.E. BUCK PRONGHORN DRAW RESULTS.pdf,45,0,33,PB5051,POINT_LIKE_ROW_NOT_STANDARD_12_TOKEN_SHAPE,Totals | 337 | 16 | 16 | 32 | 1 in 10.5 | Totals | 57 | 2 | 2 | 4 | 1 in 14.3
2025_PERMITS=2026_MODEL__L.E. BUCK PRONGHORN DRAW RESULTS.pdf,46,0,33,PB5052,POINT_LIKE_ROW_NOT_STANDARD_12_TOKEN_SHAPE,Totals | 293 | 43 | 43 | 86 | 1 in 3.4 | Totals | 233 | 5 | 5 | 10 | 1 in 23.3
2025_PERMITS=2026_MODEL__L.E. BUCK PRONGHORN DRAW RESULTS.pdf,47,0,33,PB5053,POINT_LIKE_ROW_NOT_STANDARD_12_TOKEN_SHAPE,Totals | 10 | 2 | 1 | 3 | 1 in 3.3 | Totals | 0 | 0 | 0 | 0 | N/A
2025_PERMITS=2026_MODEL__L.E. BUCK PRONGHORN DRAW RESULTS.pdf,48,0,33,PB5054,POINT_LIKE_ROW_NOT_STANDARD_12_TOKEN_SHAPE,Totals | 48 | 4 | 3 | 7 | 1 in 6.9 | Totals | 39 | 0 | 1 | 1 | 1 in 39.0
2025_PERMITS=2026_MODEL__L.E. BUCK PRONGHORN DRAW RESULTS.pdf,49,0,33,PB5055,POINT_LIKE_ROW_NOT_STANDARD_12_TOKEN_SHAPE,Totals | 10 | 1 | 1 | 2 | 1 in 5.0 | Totals | 0 | 0 | 0 | 0 | N/A
2025_PERMITS=2026_MODEL__L.E. BUCK PRONGHORN DRAW RESULTS.pdf,50,0,33,PB5056,POINT_LIKE_ROW_NOT_STANDARD_12_TOKEN_SHAPE,Totals | 66 | 10 | 9 | 19 | 1 in 3.5 | Totals | 48 | 1 | 1 | 2 | 1 in 24.0
2025_PERMITS=2026_MODEL__L.E. BUCK PRONGHORN DRAW RESULTS.pdf,51,0,33,PB5059,POINT_LIKE_ROW_NOT_STANDARD_12_TOKEN_SHAPE,Totals | 37 | 15 | 15 | 30 | 1 in 1.2 | Totals | 29 | 1 | 1 | 2 | 1 in 14.5
2025_PERMITS=2026_MODEL__L.E. BUCK PRONGHORN DRAW RESULTS.pdf,52,0,33,PB5060,POINT_LIKE_ROW_NOT_STANDARD_12_TOKEN_SHAPE,Totals | 33 | 9 | 8 | 17 | 1 in 1.9 | Totals | 23 | 1 | 1 | 2 | 1 in 11.5
2025_PERMITS=2026_MODEL__L.E. BUCK PRONGHORN DRAW RESULTS.pdf,53,0,33,PB5061,POINT_LIKE_ROW_NOT_STANDARD_12_TOKEN_SHAPE,Totals | 34 | 4 | 3 | 7 | 1 in 4.9 | Totals | 27 | 0 | 1 | 1 | 1 in 27.0
2025_PERMITS=2026_MODEL__L.E. BUCK PRONGHORN DRAW RESULTS.pdf,54,0,33,PB5062,POINT_LIKE_ROW_NOT_STANDARD_12_TOKEN_SHAPE,Totals | 15 | 3 | 4 | 7 | 1 in 2.1 | Totals | 21 | 0 | 1 | 1 | 1 in 21.0
2025_PERMITS=2026_MODEL__L.E. BUCK PRONGHORN DRAW RESULTS.pdf,55,0,33,PB5065,POINT_LIKE_ROW_NOT_STANDARD_12_TOKEN_SHAPE,Totals | 32 | 7 | 6 | 13 | 1 in 2.5 | Totals | 25 | 1 | 1 | 2 | 1 in 12.5
2025_PERMITS=2026_MODEL__L.E. BUCK PRONGHORN DRAW RESULTS.pdf,56,0,33,PB5066,POINT_LIKE_ROW_NOT_STANDARD_12_TOKEN_SHAPE,Totals | 21 | 6 | 6 | 12 | 1 in 1.8 | Totals | 22 | 0 | 1 | 1 | 1 in 22.0
2025_PERMITS=2026_MODEL__L.E. BUCK PRONGHORN DRAW RESULTS.pdf,57,0,33,PB5072,POINT_LIKE_ROW_NOT_STANDARD_12_TOKEN_SHAPE,Totals | 62 | 10 | 10 | 20 | 1 in 3.1 | Totals | 32 | 1 | 1 | 2 | 1 in 16.0
2025_PERMITS=2026_MODEL__L.E. BUCK PRONGHORN DRAW RESULTS.pdf,58,0,33,PB5073,POINT_LIKE_ROW_NOT_STANDARD_12_TOKEN_SHAPE,Totals | 205 | 3 | 3 | 6 | 1 in 34.2 | Totals | 0 | 0 | 0 | 0 | N/A
2025_PERMITS=2026_MODEL__L.E. BUCK PRONGHORN DRAW RESULTS.pdf,59,0,33,PB5074,POINT_LIKE_ROW_NOT_STANDARD_12_TOKEN_SHAPE,Totals | 11 | 1 | 1 | 2 | 1 in 5.5 | Totals | 0 | 0 | 0 | 0 | N/A
2025_PERMITS=2026_MODEL__L.E. BUCK PRONGHORN DRAW RESULTS.pdf,60,0,33,PB5075,POINT_LIKE_ROW_NOT_STANDARD_12_TOKEN_SHAPE,Totals | 13 | 1 | 1 | 2 | 1 in 6.5 | Totals | 0 | 0 | 0 | 0 | N/A
2025_PERMITS=2026_MODEL__L.E. BUCK PRONGHORN DRAW RESULTS.pdf,61,0,33,PB5076,POINT_LIKE_ROW_NOT_STANDARD_12_TOKEN_SHAPE,Totals | 575 | 36 | 36 | 72 | 1 in 8.0 | Totals | 225 | 4 | 3 | 7 | 1 in 32.1
2025_PERMITS=2026_MODEL__L.E. BUCK PRONGHORN DRAW RESULTS.pdf,62,0,33,PB5077,POINT_LIKE_ROW_NOT_STANDARD_12_TOKEN_SHAPE,Totals | 39 | 17 | 22 | 39 | 1 in 1.0 | Totals | 27 | 3 | 6 | 9 | 1 in 3.0
2025_PERMITS=2026_MODEL__L.E. BUCK PRONGHORN DRAW RESULTS.pdf,63,0,33,PB5078,POINT_LIKE_ROW_NOT_STANDARD_12_TOKEN_SHAPE,Totals | 75 | 27 | 27 | 54 | 1 in 1.4 | Totals | 34 | 3 | 3 | 6 | 1 in 5.7
2025_PERMITS=2026_MODEL__L.E. BUCK PRONGHORN DRAW RESULTS.pdf,64,0,33,PB5079,POINT_LIKE_ROW_NOT_STANDARD_12_TOKEN_SHAPE,Totals | 5 | 3 | 2 | 5 | 1 in 1.0 | Totals | 12 | 0 | 2 | 2 | 1 in 6.0
2025_PERMITS=2026_MODEL__L.E. BUCK PRONGHORN DRAW RESULTS.pdf,65,0,33,PB5080,POINT_LIKE_ROW_NOT_STANDARD_12_TOKEN_SHAPE,Totals | 1 | 1 | 0 | 1 | 1 in 1.0 | Totals | 6 | 0 | 6 | 6 | 1 in 1.0
2025_PERMITS=2026_MODEL__L.E. BUCK PRONGHORN DRAW RESULTS.pdf,66,0,33,PB5300,POINT_LIKE_ROW_NOT_STANDARD_12_TOKEN_SHAPE,Totals | 18 | 2 | 2 | 4 | 1 in 4.5 | Totals | 0 | 0 | 0 | 0 | N/A
2025_PERMITS=2026_MODEL__L.E. BUCK PRONGHORN DRAW RESULTS.pdf,67,0,33,PB5302,POINT_LIKE_ROW_NOT_STANDARD_12_TOKEN_SHAPE,Totals | 163 | 8 | 8 | 16 | 1 in 10.2 | Totals | 0 | 0 | 0 | 0 | N/A
2025_PERMITS=2026_MODEL__L.E. BUCK PRONGHORN DRAW RESULTS.pdf,68,0,33,PB5305,POINT_LIKE_ROW_NOT_STANDARD_12_TOKEN_SHAPE,Totals | 4 | 0 | 1 | 1 | 1 in 4.0 | Totals | 0 | 0 | 0 | 0 | N/A
2025_PERMITS=2026_MODEL__L.E. BUCK PRONGHORN DRAW RESULTS.pdf,69,0,33,PB5306,POINT_LIKE_ROW_NOT_STANDARD_12_TOKEN_SHAPE,Totals | 11 | 0 | 1 | 1 | 1 in 11.0 | Totals | 0 | 0 | 0 | 0 | N/A
2025_PERMITS=2026_MODEL__L.E. BUCK PRONGHORN DRAW RESULTS.pdf,70,0,33,PB5309,POINT_LIKE_ROW_NOT_STANDARD_12_TOKEN_SHAPE,Totals | 19 | 1 | 1 | 2 | 1 in 9.5 | Totals | 0 | 0 | 0 | 0 | N/A
2025_PERMITS=2026_MODEL__L.E. BUCK PRONGHORN DRAW RESULTS.pdf,71,0,33,PB5311,POINT_LIKE_ROW_NOT_STANDARD_12_TOKEN_SHAPE,Totals | 40 | 2 | 1 | 3 | 1 in 13.3 | Totals | 0 | 0 | 0 | 0 | N/A
2025_PERMITS=2026_MODEL__L.E. BUCK PRONGHORN DRAW RESULTS.pdf,72,0,33,PB5312,POINT_LIKE_ROW_NOT_STANDARD_12_TOKEN_SHAPE,Totals | 6 | 0 | 1 | 1 | 1 in 6.0 | Totals | 0 | 0 | 0 | 0 | N/A
2025_PERMITS=2026_MODEL__L.E. BUCK PRONGHORN DRAW RESULTS.pdf,73,0,33,PB5314,POINT_LIKE_ROW_NOT_STANDARD_12_TOKEN_SHAPE,Totals | 46 | 2 | 1 | 3 | 1 in 15.3 | Totals | 0 | 0 | 0 | 0 | N/A
2025_PERMITS=2026_MODEL__L.E. BUCK PRONGHORN DRAW RESULTS.pdf,74,0,33,PB5315,POINT_LIKE_ROW_NOT_STANDARD_12_TOKEN_SHAPE,Totals | 7 | 1 | 1 | 2 | 1 in 3.5 | Totals | 0 | 0 | 0 | 0 | N/A
2025_PERMITS=2026_MODEL__L.E. BUCK PRONGHORN DRAW RESULTS.pdf,75,0,33,PB5325,POINT_LIKE_ROW_NOT_STANDARD_12_TOKEN_SHAPE,Totals | 6 | 0 | 1 | 1 | 1 in 6.0 | Totals | 0 | 0 | 0 | 0 | N/A
2025_PERMITS=2026_MODEL__L.E. BUCK PRONGHORN DRAW RESULTS.pdf,76,0,33,PB5326,POINT_LIKE_ROW_NOT_STANDARD_12_TOKEN_SHAPE,Totals | 11 | 0 | 1 | 1 | 1 in 11.0 | Totals | 0 | 0 | 0 | 0 | N/A
2025_PERMITS=2026_MODEL__L.E. BUCK PRONGHORN DRAW RESULTS.pdf,77,0,33,PB5327,POINT_LIKE_ROW_NOT_STANDARD_12_TOKEN_SHAPE,Totals | 18 | 2 | 2 | 4 | 1 in 4.5 | Totals | 0 | 0 | 0 | 0 | N/A
2025_PERMITS=2026_MODEL__L.E. BUCK PRONGHORN DRAW RESULTS.pdf,78,0,33,PB5328,POINT_LIKE_ROW_NOT_STANDARD_12_TOKEN_SHAPE,Totals | 27 | 1 | 1 | 2 | 1 in 13.5 | Totals | 0 | 0 | 0 | 0 | N/A
2025_PERMITS=2026_MODEL__L.E. BUCK PRONGHORN DRAW RESULTS.pdf,79,0,33,PB5329,POINT_LIKE_ROW_NOT_STANDARD_12_TOKEN_SHAPE,Totals | 11 | 0 | 1 | 1 | 1 in 11.0 | Totals | 0 | 0 | 0 | 0 | N/A
2025_PERMITS=2026_MODEL__L.E. BUCK PRONGHORN DRAW RESULTS.pdf,80,0,33,PB5330,POINT_LIKE_ROW_NOT_STANDARD_12_TOKEN_SHAPE,Totals | 21 | 1 | 1 | 2 | 1 in 10.5 | Totals | 0 | 0 | 0 | 0 | N/A
2025_PERMITS=2026_MODEL__L.E. BUCK PRONGHORN DRAW RESULTS.pdf,81,0,33,PB5331,POINT_LIKE_ROW_NOT_STANDARD_12_TOKEN_SHAPE,Totals | 175 | 7 | 6 | 13 | 1 in 13.5 | Totals | 147 | 1 | 1 | 2 | 1 in 73.5
2025_PERMITS=2026_MODEL__L.E. BUCK PRONGHORN DRAW RESULTS.pdf,82,0,33,PB5332,POINT_LIKE_ROW_NOT_STANDARD_12_TOKEN_SHAPE,Totals | 9 | 2 | 1 | 3 | 1 in 3.0 | Totals | 12 | 0 | 1 | 1 | 1 in 12.0
2025_PERMITS=2026_MODEL__L.E. BUCK PRONGHORN DRAW RESULTS.pdf,83,0,33,PB5337,POINT_LIKE_ROW_NOT_STANDARD_12_TOKEN_SHAPE,Totals | 4 | 1 | 1 | 2 | 1 in 2.0 | Totals | 0 | 0 | 0 | 0 | N/A
2025_PERMITS=2026_MODEL__L.E. BUCK PRONGHORN DRAW RESULTS.pdf,84,0,33,PB5338,POINT_LIKE_ROW_NOT_STANDARD_12_TOKEN_SHAPE,Totals | 2 | 1 | 1 | 2 | 1 in 1.0 | Totals | 0 | 0 | 0 | 0 | N/A
2025_PERMITS=2026_MODEL__L.E. BUCK PRONGHORN DRAW RESULTS.pdf,85,0,33,PB5339,POINT_LIKE_ROW_NOT_STANDARD_12_TOKEN_SHAPE,Totals | 16 | 0 | 1 | 1 | 1 in 16.0 | Totals | 0 | 0 | 0 | 0 | N/A
2025_PERMITS=2026_MODEL__L.E. BUCK PRONGHORN DRAW RESULTS.pdf,86,0,33,PB5342,POINT_LIKE_ROW_NOT_STANDARD_12_TOKEN_SHAPE,Totals | 6 | 1 | 1 | 2 | 1 in 3.0 | Totals | 0 | 0 | 0 | 0 | N/A
2025_PERMITS=2026_MODEL__L.E. BUCK PRONGHORN DRAW RESULTS.pdf,87,0,33,PB5343,POINT_LIKE_ROW_NOT_STANDARD_12_TOKEN_SHAPE,Totals | 4 | 0 | 1 | 1 | 1 in 4.0 | Totals | 0 | 0 | 0 | 0 | N/A
2025_PERMITS=2026_MODEL__L.E. BUCK PRONGHORN DRAW RESULTS.pdf,88,0,33,PB5345,POINT_LIKE_ROW_NOT_STANDARD_12_TOKEN_SHAPE,Totals | 4 | 1 | 1 | 2 | 1 in 2.0 | Totals | 0 | 0 | 0 | 0 | N/A
2025_PERMITS=2026_MODEL__L.E. BUCK PRONGHORN DRAW RESULTS.pdf,89,0,33,PB5346,POINT_LIKE_ROW_NOT_STANDARD_12_TOKEN_SHAPE,Totals | 3 | 0 | 1 | 1 | 1 in 3.0 | Totals | 0 | 0 | 0 | 0 | N/A
2025_PERMITS=2026_MODEL__L.E. BULL ELK DRAW RESULTS.pdf,2,0,33,EB3000,POINT_LIKE_ROW_NOT_STANDARD_12_TOKEN_SHAPE,Totals | 447 | 11 | 10 | 21 | 1 in 21.3 | Totals | 601 | 1 | 1 | 2 | 1 in 300.5
2025_PERMITS=2026_MODEL__L.E. BULL ELK DRAW RESULTS.pdf,3,0,33,EB3002,POINT_LIKE_ROW_NOT_STANDARD_12_TOKEN_SHAPE,Totals | 47 | 2 | 1 | 3 | 1 in 15.7 | Totals | 0 | 0 | 0 | 0 | N/A
2025_PERMITS=2026_MODEL__L.E. BULL ELK DRAW RESULTS.pdf,4,0,33,EB3003,POINT_LIKE_ROW_NOT_STANDARD_12_TOKEN_SHAPE,Totals | 13 | 5 | 5 | 10 | 1 in 1.3 | Totals | 13 | 0 | 1 | 1 | 1 in 13.0
2025_PERMITS=2026_MODEL__L.E. BULL ELK DRAW RESULTS.pdf,5,0,33,EB3005,POINT_LIKE_ROW_NOT_STANDARD_12_TOKEN_SHAPE,Totals | 169 | 4 | 4 | 8 | 1 in 21.1 | Totals | 36 | 0 | 1 | 1 | 1 in 36.0
2025_PERMITS=2026_MODEL__L.E. BULL ELK DRAW RESULTS.pdf,6,0,33,EB3006,POINT_LIKE_ROW_NOT_STANDARD_12_TOKEN_SHAPE,Totals | 924 | 78 | 77 | 155 | 1 in 6.0 | Totals | 426 | 9 | 8 | 17 | 1 in 25.1
2025_PERMITS=2026_MODEL__L.E. BULL ELK DRAW RESULTS.pdf,7,0,33,EB3008,POINT_LIKE_ROW_NOT_STANDARD_12_TOKEN_SHAPE,Totals | 149 | 9 | 9 | 18 | 1 in 8.3 | Totals | 166 | 1 | 1 | 2 | 1 in 83.0
2025_PERMITS=2026_MODEL__L.E. BULL ELK DRAW RESULTS.pdf,8,0,33,EB3009,POINT_LIKE_ROW_NOT_STANDARD_12_TOKEN_SHAPE,Totals | 170 | 18 | 17 | 35 | 1 in 4.9 | Totals | 131 | 2 | 2 | 4 | 1 in 32.8
2025_PERMITS=2026_MODEL__L.E. BULL ELK DRAW RESULTS.pdf,9,0,33,EB3010,POINT_LIKE_ROW_NOT_STANDARD_12_TOKEN_SHAPE,Totals | 273 | 10 | 9 | 19 | 1 in 14.4 | Totals | 211 | 1 | 1 | 2 | 1 in 105.5
2025_PERMITS=2026_MODEL__L.E. BULL ELK DRAW RESULTS.pdf,10,0,33,EB3011,POINT_LIKE_ROW_NOT_STANDARD_12_TOKEN_SHAPE,Totals | 179 | 9 | 8 | 17 | 1 in 10.5 | Totals | 119 | 1 | 1 | 2 | 1 in 59.5
2025_PERMITS=2026_MODEL__L.E. BULL ELK DRAW RESULTS.pdf,11,0,33,EB3013,POINT_LIKE_ROW_NOT_STANDARD_12_TOKEN_SHAPE,Totals | 79 | 3 | 3 | 6 | 1 in 13.2 | Totals | 71 | 0 | 1 | 1 | 1 in 71.0
2025_PERMITS=2026_MODEL__L.E. BULL ELK DRAW RESULTS.pdf,12,0,33,EB3015,POINT_LIKE_ROW_NOT_STANDARD_12_TOKEN_SHAPE,Totals | 301 | 8 | 7 | 15 | 1 in 20.1 | Totals | 235 | 1 | 1 | 2 | 1 in 117.5
2025_PERMITS=2026_MODEL__L.E. BULL ELK DRAW RESULTS.pdf,13,0,33,EB3018,POINT_LIKE_ROW_NOT_STANDARD_12_TOKEN_SHAPE,Totals | 420 | 40 | 39 | 79 | 1 in 5.3 | Totals | 229 | 4 | 4 | 8 | 1 in 28.6
2025_PERMITS=2026_MODEL__L.E. BULL ELK DRAW RESULTS.pdf,14,0,33,EB3019,POINT_LIKE_ROW_NOT_STANDARD_12_TOKEN_SHAPE,Totals | 293 | 13 | 12 | 25 | 1 in 11.7 | Totals | 848 | 2 | 1 | 3 | 1 in 282.7
2025_PERMITS=2026_MODEL__L.E. BULL ELK DRAW RESULTS.pdf,15,0,33,EB3020,POINT_LIKE_ROW_NOT_STANDARD_12_TOKEN_SHAPE,Totals | 90 | 11 | 10 | 21 | 1 in 4.3 | Totals | 54 | 2 | 1 | 3 | 1 in 18.0
2025_PERMITS=2026_MODEL__L.E. BULL ELK DRAW RESULTS.pdf,16,0,33,EB3022,POINT_LIKE_ROW_NOT_STANDARD_12_TOKEN_SHAPE,Totals | 1018 | 80 | 80 | 160 | 1 in 6.4 | Totals | 273 | 8 | 8 | 16 | 1 in 17.1
2025_PERMITS=2026_MODEL__L.E. BULL ELK DRAW RESULTS.pdf,17,0,33,EB3024,POINT_LIKE_ROW_NOT_STANDARD_12_TOKEN_SHAPE,Totals | 1715 | 5 | 4 | 9 | 1 in 190.6 | Totals | 1388 | 0 | 1 | 1 | in 1388.0
2025_PERMITS=2026_MODEL__L.E. BULL ELK DRAW RESULTS.pdf,18,0,33,EB3025,POINT_LIKE_ROW_NOT_STANDARD_12_TOKEN_SHAPE,Totals | 433 | 7 | 6 | 13 | 1 in 33.3 | Totals | 242 | 1 | 1 | 2 | 1 in 121.0
2025_PERMITS=2026_MODEL__L.E. BULL ELK DRAW RESULTS.pdf,19,0,33,EB3028,POINT_LIKE_ROW_NOT_STANDARD_12_TOKEN_SHAPE,Totals | 174 | 1 | 1 | 2 | 1 in 87.0 | Totals | 0 | 0 | 0 | 0 | N/A
2025_PERMITS=2026_MODEL__L.E. BULL ELK DRAW RESULTS.pdf,20,0,33,EB3031,POINT_LIKE_ROW_NOT_STANDARD_12_TOKEN_SHAPE,Totals | 355 | 5 | 4 | 9 | 1 in 39.4 | Totals | 136 | 0 | 1 | 1 | 1 in 136.0
2025_PERMITS=2026_MODEL__L.E. BULL ELK DRAW RESULTS.pdf,21,0,33,EB3032,POINT_LIKE_ROW_NOT_STANDARD_12_TOKEN_SHAPE,Totals | 113 | 2 | 2 | 4 | 1 in 28.3 | Totals | 43 | 0 | 1 | 1 | 1 in 43.0
2025_PERMITS=2026_MODEL__L.E. BULL ELK DRAW RESULTS.pdf,22,0,33,EB3033,POINT_LIKE_ROW_NOT_STANDARD_12_TOKEN_SHAPE,Totals | 31 | 4 | 3 | 7 | 1 in 4.4 | Totals | 12 | 0 | 1 | 1 | 1 in 12.0
2025_PERMITS=2026_MODEL__L.E. BULL ELK DRAW RESULTS.pdf,23,0,33,EB3036,POINT_LIKE_ROW_NOT_STANDARD_12_TOKEN_SHAPE,Totals | 625 | 2 | 1 | 3 | 1 in 208.3 | Totals | 0 | 0 | 0 | 0 | N/A
2025_PERMITS=2026_MODEL__L.E. BULL ELK DRAW RESULTS.pdf,24,0,33,EB3037,POINT_LIKE_ROW_NOT_STANDARD_12_TOKEN_SHAPE,Totals | 236 | 3 | 2 | 5 | 1 in 47.2 | Totals | 32 | 0 | 1 | 1 | 1 in 32.0
2025_PERMITS=2026_MODEL__L.E. BULL ELK DRAW RESULTS.pdf,25,0,33,EB3038,POINT_LIKE_ROW_NOT_STANDARD_12_TOKEN_SHAPE,Totals | 3119 | 32 | 32 | 64 | 1 in 48.7 | Totals | 602 | 3 | 3 | 6 | 1 in 100.3
2025_PERMITS=2026_MODEL__L.E. BULL ELK DRAW RESULTS.pdf,26,0,33,EB3039,POINT_LIKE_ROW_NOT_STANDARD_12_TOKEN_SHAPE,Totals | 1259 | 53 | 53 | 106 | 1 in 11.9 | Totals | 258 | 6 | 5 | 11 | 1 in 23.5
2025_PERMITS=2026_MODEL__L.E. BULL ELK DRAW RESULTS.pdf,27,0,33,EB3042,POINT_LIKE_ROW_NOT_STANDARD_12_TOKEN_SHAPE,Totals | 724 | 4 | 4 | 8 | 1 in 90.5 | Totals | 338 | 0 | 1 | 1 | 1 in 338.0
2025_PERMITS=2026_MODEL__L.E. BULL ELK DRAW RESULTS.pdf,28,0,33,EB3043,POINT_LIKE_ROW_NOT_STANDARD_12_TOKEN_SHAPE,Totals | 218 | 6 | 6 | 12 | 1 in 18.2 | Totals | 119 | 1 | 1 | 2 | 1 in 59.5
2025_PERMITS=2026_MODEL__L.E. BULL ELK DRAW RESULTS.pdf,29,0,33,EB3044,POINT_LIKE_ROW_NOT_STANDARD_12_TOKEN_SHAPE,Totals | 125 | 3 | 3 | 6 | 1 in 20.8 | Totals | 137 | 0 | 1 | 1 | 1 in 137.0
2025_PERMITS=2026_MODEL__L.E. BULL ELK DRAW RESULTS.pdf,30,0,33,EB3045,POINT_LIKE_ROW_NOT_STANDARD_12_TOKEN_SHAPE,Totals | 473 | 7 | 6 | 13 | 1 in 36.4 | Totals | 172 | 1 | 1 | 2 | 1 in 86.0
2025_PERMITS=2026_MODEL__L.E. BULL ELK DRAW RESULTS.pdf,31,0,33,EB3046,POINT_LIKE_ROW_NOT_STANDARD_12_TOKEN_SHAPE,Totals | 214 | 12 | 12 | 24 | 1 in 8.9 | Totals | 41 | 1 | 1 | 2 | 1 in 20.5
2025_PERMITS=2026_MODEL__L.E. BULL ELK DRAW RESULTS.pdf,32,0,33,EB3047,POINT_LIKE_ROW_NOT_STANDARD_12_TOKEN_SHAPE,Totals | 1307 | 4 | 4 | 8 | 1 in 163.4 | Totals | 663 | 0 | 1 | 1 | 1 in 663.0
2025_PERMITS=2026_MODEL__L.E. BULL ELK DRAW RESULTS.pdf,33,0,33,EB3048,POINT_LIKE_ROW_NOT_STANDARD_12_TOKEN_SHAPE,Totals | 250 | 7 | 6 | 13 | 1 in 19.2 | Totals | 139 | 0 | 1 | 1 | 1 in 139.0
2025_PERMITS=2026_MODEL__L.E. BULL ELK DRAW RESULTS.pdf,34,0,33,EB3049,POINT_LIKE_ROW_NOT_STANDARD_12_TOKEN_SHAPE,Totals | 566 | 4 | 3 | 7 | 1 in 80.9 | Totals | 207 | 0 | 1 | 1 | 1 in 207.0
2025_PERMITS=2026_MODEL__L.E. BULL ELK DRAW RESULTS.pdf,35,0,33,EB3050,POINT_LIKE_ROW_NOT_STANDARD_12_TOKEN_SHAPE,Totals | 350 | 6 | 6 | 12 | 1 in 29.2 | Totals | 216 | 0 | 1 | 1 | 1 in 216.0
2025_PERMITS=2026_MODEL__L.E. BULL ELK DRAW RESULTS.pdf,36,0,33,EB3053,POINT_LIKE_ROW_NOT_STANDARD_12_TOKEN_SHAPE,Totals | 265 | 5 | 4 | 9 | 1 in 29.4 | Totals | 110 | 0 | 1 | 1 | 1 in 110.0
2025_PERMITS=2026_MODEL__L.E. BULL ELK DRAW RESULTS.pdf,37,0,33,EB3056,POINT_LIKE_ROW_NOT_STANDARD_12_TOKEN_SHAPE,Totals | 979 | 3 | 2 | 5 | 1 in 195.8 | Totals | 345 | 0 | 1 | 1 | 1 in 345.0
2025_PERMITS=2026_MODEL__L.E. BULL ELK DRAW RESULTS.pdf,38,0,33,EB3057,POINT_LIKE_ROW_NOT_STANDARD_12_TOKEN_SHAPE,Totals | 371 | 6 | 5 | 11 | 1 in 33.7 | Totals | 110 | 0 | 1 | 1 | 1 in 110.0
2025_PERMITS=2026_MODEL__L.E. BULL ELK DRAW RESULTS.pdf,39,0,33,EB3063,POINT_LIKE_ROW_NOT_STANDARD_12_TOKEN_SHAPE,Totals | 1001 | 16 | 16 | 32 | 1 in 31.3 | Totals | 306 | 2 | 1 | 3 | 1 in 102.0
2025_PERMITS=2026_MODEL__L.E. BULL ELK DRAW RESULTS.pdf,40,0,33,EB3064,POINT_LIKE_ROW_NOT_STANDARD_12_TOKEN_SHAPE,Totals | 694 | 47 | 46 | 93 | 1 in 7.5 | Totals | 190 | 5 | 4 | 9 | 1 in 21.1
2025_PERMITS=2026_MODEL__L.E. BULL ELK DRAW RESULTS.pdf,41,0,33,EB3065,POINT_LIKE_ROW_NOT_STANDARD_12_TOKEN_SHAPE,Totals | 546 | 27 | 27 | 54 | 1 in 10.1 | Totals | 122 | 3 | 3 | 6 | 1 in 20.3
2025_PERMITS=2026_MODEL__L.E. BULL ELK DRAW RESULTS.pdf,42,0,33,EB3066,POINT_LIKE_ROW_NOT_STANDARD_12_TOKEN_SHAPE,Totals | 1366 | 5 | 5 | 10 | 1 in 136.6 | Totals | 1669 | 0 | 1 | 1 | in 1669.0
2025_PERMITS=2026_MODEL__L.E. BULL ELK DRAW RESULTS.pdf,43,0,33,EB3067,POINT_LIKE_ROW_NOT_STANDARD_12_TOKEN_SHAPE,Totals | 209 | 9 | 9 | 18 | 1 in 11.6 | Totals | 172 | 1 | 1 | 2 | 1 in 86.0
2025_PERMITS=2026_MODEL__L.E. BULL ELK DRAW RESULTS.pdf,44,0,33,EB3068,POINT_LIKE_ROW_NOT_STANDARD_12_TOKEN_SHAPE,Totals | 352 | 4 | 4 | 8 | 1 in 44.0 | Totals | 120 | 0 | 1 | 1 | 1 in 120.0
2025_PERMITS=2026_MODEL__L.E. BULL ELK DRAW RESULTS.pdf,45,0,33,EB3069,POINT_LIKE_ROW_NOT_STANDARD_12_TOKEN_SHAPE,Totals | 279 | 14 | 13 | 27 | 1 in 10.3 | Totals | 69 | 1 | 1 | 2 | 1 in 34.5
2025_PERMITS=2026_MODEL__L.E. BULL ELK DRAW RESULTS.pdf,46,0,33,EB3072,POINT_LIKE_ROW_NOT_STANDARD_12_TOKEN_SHAPE,Totals | 2573 | 33 | 32 | 65 | 1 in 39.6 | Totals | 369 | 3 | 3 | 6 | 1 in 61.5
2025_PERMITS=2026_MODEL__L.E. BULL ELK DRAW RESULTS.pdf,47,0,33,EB3073,POINT_LIKE_ROW_NOT_STANDARD_12_TOKEN_SHAPE,Totals | 1089 | 55 | 55 | 110 | 1 in 9.9 | Totals | 194 | 6 | 5 | 11 | 1 in 17.6
2025_PERMITS=2026_MODEL__L.E. BULL ELK DRAW RESULTS.pdf,48,0,33,EB3077,POINT_LIKE_ROW_NOT_STANDARD_12_TOKEN_SHAPE,Totals | 199 | 7 | 6 | 13 | 1 in 15.3 | Totals | 210 | 0 | 1 | 1 | 1 in 210.0
2025_PERMITS=2026_MODEL__L.E. BULL ELK DRAW RESULTS.pdf,49,0,33,EB3079,POINT_LIKE_ROW_NOT_STANDARD_12_TOKEN_SHAPE,Totals | 45 | 1 | 1 | 2 | 1 in 22.5 | Totals | 0 | 0 | 0 | 0 | N/A
2025_PERMITS=2026_MODEL__L.E. BULL ELK DRAW RESULTS.pdf,50,0,33,EB3081,POINT_LIKE_ROW_NOT_STANDARD_12_TOKEN_SHAPE,Totals | 9 | 3 | 3 | 6 | 1 in 1.5 | Totals | 13 | 0 | 1 | 1 | 1 in 13.0
2025_PERMITS=2026_MODEL__L.E. BULL ELK DRAW RESULTS.pdf,51,0,33,EB3083,POINT_LIKE_ROW_NOT_STANDARD_12_TOKEN_SHAPE,Totals | 93 | 3 | 2 | 5 | 1 in 18.6 | Totals | 79 | 0 | 1 | 1 | 1 in 79.0
2025_PERMITS=2026_MODEL__L.E. BULL ELK DRAW RESULTS.pdf,52,0,33,EB3084,POINT_LIKE_ROW_NOT_STANDARD_12_TOKEN_SHAPE,Totals | 702 | 46 | 46 | 92 | 1 in 7.6 | Totals | 182 | 5 | 5 | 10 | 1 in 18.2
2025_PERMITS=2026_MODEL__L.E. BULL ELK DRAW RESULTS.pdf,53,0,33,EB3086,POINT_LIKE_ROW_NOT_STANDARD_12_TOKEN_SHAPE,Totals | 105 | 6 | 6 | 12 | 1 in 8.8 | Totals | 81 | 0 | 1 | 1 | 1 in 81.0
2025_PERMITS=2026_MODEL__L.E. BULL ELK DRAW RESULTS.pdf,54,0,33,EB3087,POINT_LIKE_ROW_NOT_STANDARD_12_TOKEN_SHAPE,Totals | 144 | 11 | 11 | 22 | 1 in 6.5 | Totals | 59 | 1 | 1 | 2 | 1 in 29.5
2025_PERMITS=2026_MODEL__L.E. BULL ELK DRAW RESULTS.pdf,55,0,33,EB3088,POINT_LIKE_ROW_NOT_STANDARD_12_TOKEN_SHAPE,Totals | 160 | 6 | 5 | 11 | 1 in 14.5 | Totals | 144 | 0 | 1 | 1 | 1 in 144.0
2025_PERMITS=2026_MODEL__L.E. BULL ELK DRAW RESULTS.pdf,56,0,33,EB3089,POINT_LIKE_ROW_NOT_STANDARD_12_TOKEN_SHAPE,Totals | 120 | 6 | 5 | 11 | 1 in 10.9 | Totals | 118 | 0 | 1 | 1 | 1 in 118.0
2025_PERMITS=2026_MODEL__L.E. BULL ELK DRAW RESULTS.pdf,57,0,33,EB3091,POINT_LIKE_ROW_NOT_STANDARD_12_TOKEN_SHAPE,Totals | 72 | 2 | 2 | 4 | 1 in 18.0 | Totals | 0 | 0 | 0 | 0 | N/A
2025_PERMITS=2026_MODEL__L.E. BULL ELK DRAW RESULTS.pdf,58,0,33,EB3093,POINT_LIKE_ROW_NOT_STANDARD_12_TOKEN_SHAPE,Totals | 161 | 5 | 5 | 10 | 1 in 16.1 | Totals | 141 | 0 | 1 | 1 | 1 in 141.0
2025_PERMITS=2026_MODEL__L.E. BULL ELK DRAW RESULTS.pdf,59,0,33,EB3096,POINT_LIKE_ROW_NOT_STANDARD_12_TOKEN_SHAPE,Totals | 318 | 24 | 24 | 48 | 1 in 6.6 | Totals | 120 | 3 | 2 | 5 | 1 in 24.0
2025_PERMITS=2026_MODEL__L.E. BULL ELK DRAW RESULTS.pdf,60,0,33,EB3097,POINT_LIKE_ROW_NOT_STANDARD_12_TOKEN_SHAPE,Totals | 197 | 8 | 7 | 15 | 1 in 13.1 | Totals | 253 | 1 | 1 | 2 | 1 in 126.5
2025_PERMITS=2026_MODEL__L.E. BULL ELK DRAW RESULTS.pdf,61,0,33,EB3098,POINT_LIKE_ROW_NOT_STANDARD_12_TOKEN_SHAPE,Totals | 67 | 7 | 6 | 13 | 1 in 5.2 | Totals | 43 | 1 | 1 | 2 | 1 in 21.5
2025_PERMITS=2026_MODEL__L.E. BULL ELK DRAW RESULTS.pdf,62,0,33,EB3100,POINT_LIKE_ROW_NOT_STANDARD_12_TOKEN_SHAPE,Totals | 605 | 48 | 48 | 96 | 1 in 6.3 | Totals | 169 | 5 | 4 | 9 | 1 in 18.8
2025_PERMITS=2026_MODEL__L.E. BULL ELK DRAW RESULTS.pdf,63,0,33,EB3102,POINT_LIKE_ROW_NOT_STANDARD_12_TOKEN_SHAPE,Totals | 386 | 2 | 1 | 3 | 1 in 128.7 | Totals | 0 | 0 | 0 | 0 | N/A
2025_PERMITS=2026_MODEL__L.E. BULL ELK DRAW RESULTS.pdf,64,0,33,EB3104,POINT_LIKE_ROW_NOT_STANDARD_12_TOKEN_SHAPE,Totals | 52 | 0 | 1 | 1 | 1 in 52.0 | Totals | 0 | 0 | 0 | 0 | N/A
2025_PERMITS=2026_MODEL__L.E. BULL ELK DRAW RESULTS.pdf,65,0,33,EB3105,POINT_LIKE_ROW_NOT_STANDARD_12_TOKEN_SHAPE,Totals | 22 | 0 | 1 | 1 | 1 in 22.0 | Totals | 0 | 0 | 0 | 0 | N/A
2025_PERMITS=2026_MODEL__L.E. BULL ELK DRAW RESULTS.pdf,66,0,33,EB3107,POINT_LIKE_ROW_NOT_STANDARD_12_TOKEN_SHAPE,Totals | 170 | 0 | 1 | 1 | 1 in 170.0 | Totals | 0 | 0 | 0 | 0 | N/A
2025_PERMITS=2026_MODEL__L.E. BULL ELK DRAW RESULTS.pdf,67,0,33,EB3108,POINT_LIKE_ROW_NOT_STANDARD_12_TOKEN_SHAPE,Totals | 558 | 10 | 9 | 19 | 1 in 29.4 | Totals | 105 | 1 | 1 | 2 | 1 in 52.5
2025_PERMITS=2026_MODEL__L.E. BULL ELK DRAW RESULTS.pdf,68,0,33,EB3110,POINT_LIKE_ROW_NOT_STANDARD_12_TOKEN_SHAPE,Totals | 143 | 2 | 1 | 3 | 1 in 47.7 | Totals | 0 | 0 | 0 | 0 | N/A
2025_PERMITS=2026_MODEL__L.E. BULL ELK DRAW RESULTS.pdf,69,0,33,EB3111,POINT_LIKE_ROW_NOT_STANDARD_12_TOKEN_SHAPE,Totals | 79 | 3 | 2 | 5 | 1 in 15.8 | Totals | 0 | 0 | 0 | 0 | N/A
2025_PERMITS=2026_MODEL__L.E. BULL ELK DRAW RESULTS.pdf,70,0,33,EB3112,POINT_LIKE_ROW_NOT_STANDARD_12_TOKEN_SHAPE,Totals | 248 | 1 | 1 | 2 | 1 in 124.0 | Totals | 0 | 0 | 0 | 0 | N/A
2025_PERMITS=2026_MODEL__L.E. BULL ELK DRAW RESULTS.pdf,71,0,33,EB3113,POINT_LIKE_ROW_NOT_STANDARD_12_TOKEN_SHAPE,Totals | 107 | 1 | 1 | 2 | 1 in 53.5 | Totals | 0 | 0 | 0 | 0 | N/A
2025_PERMITS=2026_MODEL__L.E. BULL ELK DRAW RESULTS.pdf,72,0,33,EB3115,POINT_LIKE_ROW_NOT_STANDARD_12_TOKEN_SHAPE,Totals | 67 | 0 | 1 | 1 | 1 in 67.0 | Totals | 0 | 0 | 0 | 0 | N/A
2025_PERMITS=2026_MODEL__L.E. BULL ELK DRAW RESULTS.pdf,73,0,33,EB3117,POINT_LIKE_ROW_NOT_STANDARD_12_TOKEN_SHAPE,Totals | 218 | 1 | 1 | 2 | 1 in 109.0 | Totals | 0 | 0 | 0 | 0 | N/A
2025_PERMITS=2026_MODEL__L.E. BULL ELK DRAW RESULTS.pdf,74,0,33,EB3120,POINT_LIKE_ROW_NOT_STANDARD_12_TOKEN_SHAPE,Totals | 204 | 5 | 5 | 10 | 1 in 20.4 | Totals | 79 | 0 | 1 | 1 | 1 in 79.0
2025_PERMITS=2026_MODEL__L.E. BULL ELK DRAW RESULTS.pdf,75,0,33,EB3121,POINT_LIKE_ROW_NOT_STANDARD_12_TOKEN_SHAPE,Totals | 315 | 2 | 1 | 3 | 1 in 105.0 | Totals | 0 | 0 | 0 | 0 | N/A
2025_PERMITS=2026_MODEL__L.E. BULL ELK DRAW RESULTS.pdf,76,0,33,EB3122,POINT_LIKE_ROW_NOT_STANDARD_12_TOKEN_SHAPE,Totals | 84 | 2 | 1 | 3 | 1 in 28.0 | Totals | 0 | 0 | 0 | 0 | N/A
2025_PERMITS=2026_MODEL__L.E. BULL ELK DRAW RESULTS.pdf,77,0,33,EB3124,POINT_LIKE_ROW_NOT_STANDARD_12_TOKEN_SHAPE,Totals | 586 | 10 | 9 | 19 | 1 in 30.8 | Totals | 80 | 1 | 1 | 2 | 1 in 40.0
2025_PERMITS=2026_MODEL__L.E. BULL ELK DRAW RESULTS.pdf,78,0,33,EB3126,POINT_LIKE_ROW_NOT_STANDARD_12_TOKEN_SHAPE,Totals | 1616 | 92 | 91 | 183 | 1 in 8.8 | Totals | 374 | 10 | 9 | 19 | 1 in 19.7
2025_PERMITS=2026_MODEL__L.E. BULL ELK DRAW RESULTS.pdf,79,0,33,EB3127,POINT_LIKE_ROW_NOT_STANDARD_12_TOKEN_SHAPE,Totals | 1560 | 95 | 95 | 190 | 1 in 8.2 | Totals | 301 | 11 | 10 | 21 | 1 in 14.3
2025_PERMITS=2026_MODEL__L.E. BULL ELK DRAW RESULTS.pdf,80,0,33,EB3130,POINT_LIKE_ROW_NOT_STANDARD_12_TOKEN_SHAPE,Totals | 21 | 2 | 1 | 3 | 1 in 7.0 | Totals | 0 | 0 | 0 | 0 | N/A
2025_PERMITS=2026_MODEL__L.E. BULL ELK DRAW RESULTS.pdf,81,0,33,EB3132,POINT_LIKE_ROW_NOT_STANDARD_12_TOKEN_SHAPE,Totals | 176 | 13 | 12 | 25 | 1 in 7.0 | Totals | 59 | 2 | 1 | 3 | 1 in 19.7
2025_PERMITS=2026_MODEL__L.E. BULL ELK DRAW RESULTS.pdf,82,0,33,EB3135,POINT_LIKE_ROW_NOT_STANDARD_12_TOKEN_SHAPE,Totals | 50 | 5 | 4 | 9 | 1 in 5.6 | Totals | 73 | 0 | 1 | 1 | 1 in 73.0
2025_PERMITS=2026_MODEL__L.E. BULL ELK DRAW RESULTS.pdf,83,0,33,EB3136,POINT_LIKE_ROW_NOT_STANDARD_12_TOKEN_SHAPE,Totals | 93 | 8 | 8 | 16 | 1 in 5.8 | Totals | 81 | 1 | 1 | 2 | 1 in 40.5
2025_PERMITS=2026_MODEL__L.E. BULL ELK DRAW RESULTS.pdf,84,0,33,EB3137,POINT_LIKE_ROW_NOT_STANDARD_12_TOKEN_SHAPE,Totals | 100 | 7 | 6 | 13 | 1 in 7.7 | Totals | 65 | 0 | 1 | 1 | 1 in 65.0
2025_PERMITS=2026_MODEL__L.E. BULL ELK DRAW RESULTS.pdf,85,0,33,EB3139,POINT_LIKE_ROW_NOT_STANDARD_12_TOKEN_SHAPE,Totals | 110 | 13 | 12 | 25 | 1 in 4.4 | Totals | 19 | 2 | 1 | 3 | 1 in 6.3
2025_PERMITS=2026_MODEL__L.E. BULL ELK DRAW RESULTS.pdf,86,0,33,EB3142,POINT_LIKE_ROW_NOT_STANDARD_12_TOKEN_SHAPE,Totals | 41 | 5 | 4 | 9 | 1 in 4.6 | Totals | 22 | 0 | 1 | 1 | 1 in 22.0
2025_PERMITS=2026_MODEL__L.E. BULL ELK DRAW RESULTS.pdf,87,0,33,EB3143,POINT_LIKE_ROW_NOT_STANDARD_12_TOKEN_SHAPE,Totals | 77 | 8 | 8 | 16 | 1 in 4.8 | Totals | 13 | 1 | 1 | 2 | 1 in 6.5
2025_PERMITS=2026_MODEL__L.E. BULL ELK DRAW RESULTS.pdf,88,0,33,EB3144,POINT_LIKE_ROW_NOT_STANDARD_12_TOKEN_SHAPE,Totals | 96 | 7 | 6 | 13 | 1 in 7.4 | Totals | 31 | 0 | 1 | 1 | 1 in 31.0
2025_PERMITS=2026_MODEL__L.E. BULL ELK DRAW RESULTS.pdf,89,0,33,EB3145,POINT_LIKE_ROW_NOT_STANDARD_12_TOKEN_SHAPE,Totals | 362 | 14 | 14 | 28 | 1 in 12.9 | Totals | 347 | 1 | 1 | 2 | 1 in 173.5
2025_PERMITS=2026_MODEL__L.E. BULL ELK DRAW RESULTS.pdf,90,0,33,EB3146,POINT_LIKE_ROW_NOT_STANDARD_12_TOKEN_SHAPE,Totals | 217 | 19 | 18 | 37 | 1 in 5.9 | Totals | 119 | 2 | 1 | 3 | 1 in 39.7
2025_PERMITS=2026_MODEL__L.E. BULL ELK DRAW RESULTS.pdf,91,0,33,EB3147,POINT_LIKE_ROW_NOT_STANDARD_12_TOKEN_SHAPE,Totals | 195 | 3 | 3 | 6 | 1 in 32.5 | Totals | 59 | 0 | 1 | 1 | 1 in 59.0
2025_PERMITS=2026_MODEL__L.E. BULL ELK DRAW RESULTS.pdf,92,0,33,EB3148,POINT_LIKE_ROW_NOT_STANDARD_12_TOKEN_SHAPE,Totals | 1177 | 6 | 5 | 11 | 1 in 107.0 | Totals | 652 | 0 | 1 | 1 | 1 in 652.0
2025_PERMITS=2026_MODEL__L.E. BULL ELK DRAW RESULTS.pdf,93,0,33,EB3149,POINT_LIKE_ROW_NOT_STANDARD_12_TOKEN_SHAPE,Totals | 864 | 7 | 7 | 14 | 1 in 61.7 | Totals | 272 | 1 | 1 | 2 | 1 in 136.0
2025_PERMITS=2026_MODEL__L.E. BULL ELK DRAW RESULTS.pdf,94,0,33,EB3150,POINT_LIKE_ROW_NOT_STANDARD_12_TOKEN_SHAPE,Totals | 138 | 6 | 6 | 12 | 1 in 11.5 | Totals | 31 | 0 | 1 | 1 | 1 in 31.0
2025_PERMITS=2026_MODEL__L.E. BULL ELK DRAW RESULTS.pdf,95,0,33,EB3151,POINT_LIKE_ROW_NOT_STANDARD_12_TOKEN_SHAPE,Totals | 266 | 10 | 9 | 19 | 1 in 14.0 | Totals | 126 | 1 | 1 | 2 | 1 in 63.0
2025_PERMITS=2026_MODEL__L.E. BULL ELK DRAW RESULTS.pdf,96,0,33,EB3152,POINT_LIKE_ROW_NOT_STANDARD_12_TOKEN_SHAPE,Totals | 404 | 12 | 12 | 24 | 1 in 16.8 | Totals | 102 | 2 | 1 | 3 | 1 in 34.0
2025_PERMITS=2026_MODEL__L.E. BULL ELK DRAW RESULTS.pdf,97,0,33,EB3153,POINT_LIKE_ROW_NOT_STANDARD_12_TOKEN_SHAPE,Totals | 16 | 1 | 1 | 2 | 1 in 8.0 | Totals | 16 | 0 | 1 | 1 | 1 in 16.0
2025_PERMITS=2026_MODEL__L.E. BULL ELK DRAW RESULTS.pdf,98,0,33,EB3154,POINT_LIKE_ROW_NOT_STANDARD_12_TOKEN_SHAPE,Totals | 297 | 9 | 8 | 17 | 1 in 17.5 | Totals | 214 | 1 | 1 | 2 | 1 in 107.0
2025_PERMITS=2026_MODEL__L.E. BULL ELK DRAW RESULTS.pdf,99,0,33,EB3155,POINT_LIKE_ROW_NOT_STANDARD_12_TOKEN_SHAPE,Totals | 149 | 11 | 11 | 22 | 1 in 6.8 | Totals | 83 | 1 | 1 | 2 | 1 in 41.5
2025_PERMITS=2026_MODEL__L.E. BULL ELK DRAW RESULTS.pdf,100,0,33,EB3156,POINT_LIKE_ROW_NOT_STANDARD_12_TOKEN_SHAPE,Totals | 304 | 2 | 2 | 4 | 1 in 76.0 | Totals | 0 | 0 | 0 | 0 | N/A
2025_PERMITS=2026_MODEL__L.E. BULL ELK DRAW RESULTS.pdf,101,0,33,EB3157,POINT_LIKE_ROW_NOT_STANDARD_12_TOKEN_SHAPE,Totals | 151 | 3 | 2 | 5 | 1 in 30.2 | Totals | 0 | 0 | 0 | 0 | N/A
2025_PERMITS=2026_MODEL__L.E. BULL ELK DRAW RESULTS.pdf,102,0,33,EB3158,POINT_LIKE_ROW_NOT_STANDARD_12_TOKEN_SHAPE,Totals | 88 | 6 | 6 | 12 | 1 in 7.3 | Totals | 47 | 1 | 1 | 2 | 1 in 23.5
2025_PERMITS=2026_MODEL__L.E. BULL ELK DRAW RESULTS.pdf,103,0,33,EB3159,POINT_LIKE_ROW_NOT_STANDARD_12_TOKEN_SHAPE,Totals | 603 | 12 | 12 | 24 | 1 in 25.1 | Totals | 238 | 2 | 1 | 3 | 1 in 79.3
2025_PERMITS=2026_MODEL__L.E. BULL ELK DRAW RESULTS.pdf,104,0,33,EB3160,POINT_LIKE_ROW_NOT_STANDARD_12_TOKEN_SHAPE,Totals | 179 | 10 | 9 | 19 | 1 in 9.4 | Totals | 100 | 1 | 1 | 2 | 1 in 50.0
2025_PERMITS=2026_MODEL__L.E. BULL ELK DRAW RESULTS.pdf,105,0,33,EB3161,POINT_LIKE_ROW_NOT_STANDARD_12_TOKEN_SHAPE,Totals | 14 | 2 | 2 | 4 | 1 in 3.5 | Totals | 5 | 0 | 1 | 1 | 1 in 5.0
2025_PERMITS=2026_MODEL__L.E. BULL ELK DRAW RESULTS.pdf,106,0,33,EB3162,POINT_LIKE_ROW_NOT_STANDARD_12_TOKEN_SHAPE,Totals | 851 | 4 | 4 | 8 | 1 in 106.4 | Totals | 227 | 0 | 1 | 1 | 1 in 227.0
2025_PERMITS=2026_MODEL__L.E. BULL ELK DRAW RESULTS.pdf,107,0,33,EB3163,POINT_LIKE_ROW_NOT_STANDARD_12_TOKEN_SHAPE,Totals | 219 | 6 | 6 | 12 | 1 in 18.3 | Totals | 62 | 1 | 1 | 2 | 1 in 31.0
2025_PERMITS=2026_MODEL__L.E. BULL ELK DRAW RESULTS.pdf,108,0,33,EB3164,POINT_LIKE_ROW_NOT_STANDARD_12_TOKEN_SHAPE,Totals | 395 | 12 | 11 | 23 | 1 in 17.2 | Totals | 79 | 1 | 1 | 2 | 1 in 39.5
2025_PERMITS=2026_MODEL__L.E. BULL ELK DRAW RESULTS.pdf,109,0,33,EB3165,POINT_LIKE_ROW_NOT_STANDARD_12_TOKEN_SHAPE,Totals | 111 | 2 | 1 | 3 | 1 in 37.0 | Totals | 0 | 0 | 0 | 0 | N/A
2025_PERMITS=2026_MODEL__L.E. BULL ELK DRAW RESULTS.pdf,110,0,33,EB3166,POINT_LIKE_ROW_NOT_STANDARD_12_TOKEN_SHAPE,Totals | 184 | 6 | 6 | 12 | 1 in 15.3 | Totals | 40 | 0 | 1 | 1 | 1 in 40.0
2025_PERMITS=2026_MODEL__L.E. BULL ELK DRAW RESULTS.pdf,111,0,33,EB3167,POINT_LIKE_ROW_NOT_STANDARD_12_TOKEN_SHAPE,Totals | 85 | 2 | 1 | 3 | 1 in 28.3 | Totals | 69 | 0 | 1 | 1 | 1 in 69.0
2025_PERMITS=2026_MODEL__L.E. BULL ELK DRAW RESULTS.pdf,112,0,33,EB3169,POINT_LIKE_ROW_NOT_STANDARD_12_TOKEN_SHAPE,Totals | 56 | 7 | 6 | 13 | 1 in 4.3 | Totals | 11 | 1 | 1 | 2 | 1 in 5.5
2025_PERMITS=2026_MODEL__L.E. BULL ELK DRAW RESULTS.pdf,113,0,33,EB3170,POINT_LIKE_ROW_NOT_STANDARD_12_TOKEN_SHAPE,Totals | 7 | 2 | 2 | 4 | 1 in 1.8 | Totals | 6 | 0 | 1 | 1 | 1 in 6.0
2025_PERMITS=2026_MODEL__L.E. BULL ELK DRAW RESULTS.pdf,114,0,33,EB3171,POINT_LIKE_ROW_NOT_STANDARD_12_TOKEN_SHAPE,Totals | 384 | 5 | 5 | 10 | 1 in 38.4 | Totals | 57 | 0 | 1 | 1 | 1 in 57.0
2025_PERMITS=2026_MODEL__L.E. BULL ELK DRAW RESULTS.pdf,115,0,33,EB3172,POINT_LIKE_ROW_NOT_STANDARD_12_TOKEN_SHAPE,Totals | 31 | 5 | 4 | 9 | 1 in 3.4 | Totals | 4 | 0 | 1 | 1 | 1 in 4.0
2025_PERMITS=2026_MODEL__L.E. BULL ELK DRAW RESULTS.pdf,116,0,33,EB3173,POINT_LIKE_ROW_NOT_STANDARD_12_TOKEN_SHAPE,Totals | 220 | 11 | 10 | 21 | 1 in 10.5 | Totals | 50 | 1 | 1 | 2 | 1 in 25.0
2025_PERMITS=2026_MODEL__L.E. BULL ELK DRAW RESULTS.pdf,117,0,33,EB3174,POINT_LIKE_ROW_NOT_STANDARD_12_TOKEN_SHAPE,Totals | 19 | 5 | 4 | 9 | 1 in 2.1 | Totals | 3 | 0 | 1 | 1 | 1 in 3.0
2025_PERMITS=2026_MODEL__L.E. BULL ELK DRAW RESULTS.pdf,118,0,33,EB3175,POINT_LIKE_ROW_NOT_STANDARD_12_TOKEN_SHAPE,Totals | 663 | 4 | 4 | 8 | 1 in 82.9 | Totals | 77 | 0 | 1 | 1 | 1 in 77.0
2025_PERMITS=2026_MODEL__L.E. BULL ELK DRAW RESULTS.pdf,119,0,33,EB3176,POINT_LIKE_ROW_NOT_STANDARD_12_TOKEN_SHAPE,Totals | 212 | 7 | 7 | 14 | 1 in 15.1 | Totals | 40 | 1 | 1 | 2 | 1 in 20.0
2025_PERMITS=2026_MODEL__L.E. BULL ELK DRAW RESULTS.pdf,120,0,33,EB3177,POINT_LIKE_ROW_NOT_STANDARD_12_TOKEN_SHAPE,Totals | 405 | 12 | 12 | 24 | 1 in 16.9 | Totals | 54 | 2 | 1 | 3 | 1 in 18.0
2025_PERMITS=2026_MODEL__L.E. BULL ELK DRAW RESULTS.pdf,121,0,33,EB3178,POINT_LIKE_ROW_NOT_STANDARD_12_TOKEN_SHAPE,Totals | 103 | 2 | 1 | 3 | 1 in 34.3 | Totals | 0 | 0 | 0 | 0 | N/A
2025_PERMITS=2026_MODEL__L.E. BULL ELK DRAW RESULTS.pdf,122,0,33,EB3179,POINT_LIKE_ROW_NOT_STANDARD_12_TOKEN_SHAPE,Totals | 142 | 7 | 6 | 13 | 1 in 10.9 | Totals | 31 | 0 | 1 | 1 | 1 in 31.0
2025_PERMITS=2026_MODEL__L.E. BULL ELK DRAW RESULTS.pdf,123,0,33,EB3180,POINT_LIKE_ROW_NOT_STANDARD_12_TOKEN_SHAPE,Totals | 16 | 7 | 6 | 13 | 1 in 1.2 | Totals | 9 | 1 | 1 | 2 | 1 in 4.5
2025_PERMITS=2026_MODEL__L.E. BULL ELK DRAW RESULTS.pdf,124,0,33,EB3181,POINT_LIKE_ROW_NOT_STANDARD_12_TOKEN_SHAPE,Totals | 298 | 11 | 11 | 22 | 1 in 13.5 | Totals | 78 | 2 | 1 | 3 | 1 in 26.0
2025_PERMITS=2026_MODEL__L.E. BULL ELK DRAW RESULTS.pdf,125,0,33,EB3182,POINT_LIKE_ROW_NOT_STANDARD_12_TOKEN_SHAPE,Totals | 7 | 5 | 2 | 7 | 1 in 1.0 | Totals | 5 | 0 | 1 | 1 | 1 in 5.0
2025_PERMITS=2026_MODEL__L.E. BULL ELK DRAW RESULTS.pdf,126,0,33,EB3183,POINT_LIKE_ROW_NOT_STANDARD_12_TOKEN_SHAPE,Totals | 281 | 21 | 20 | 41 | 1 in 6.9 | Totals | 93 | 2 | 2 | 4 | 1 in 23.3
2025_PERMITS=2026_MODEL__L.E. BULL ELK DRAW RESULTS.pdf,127,0,33,EB3184,POINT_LIKE_ROW_NOT_STANDARD_12_TOKEN_SHAPE,Totals | 19 | 4 | 3 | 7 | 1 in 2.7 | Totals | 12 | 0 | 1 | 1 | 1 in 12.0
2025_PERMITS=2026_MODEL__L.E. BULL ELK DRAW RESULTS.pdf,128,0,33,EB3185,POINT_LIKE_ROW_NOT_STANDARD_12_TOKEN_SHAPE,Totals | 473 | 11 | 11 | 22 | 1 in 21.5 | Totals | 184 | 2 | 1 | 3 | 1 in 61.3
2025_PERMITS=2026_MODEL__L.E. BULL ELK DRAW RESULTS.pdf,129,0,33,EB3186,POINT_LIKE_ROW_NOT_STANDARD_12_TOKEN_SHAPE,Totals | 20 | 5 | 4 | 9 | 1 in 2.2 | Totals | 15 | 0 | 1 | 1 | 1 in 15.0
2025_PERMITS=2026_MODEL__L.E. BULL ELK DRAW RESULTS.pdf,130,0,33,EB3187,POINT_LIKE_ROW_NOT_STANDARD_12_TOKEN_SHAPE,Totals | 287 | 11 | 10 | 21 | 1 in 13.7 | Totals | 108 | 1 | 1 | 2 | 1 in 54.0
2025_PERMITS=2026_MODEL__L.E. BULL ELK DRAW RESULTS.pdf,131,0,33,EB3188,POINT_LIKE_ROW_NOT_STANDARD_12_TOKEN_SHAPE,Totals | 27 | 5 | 4 | 9 | 1 in 3.0 | Totals | 17 | 0 | 1 | 1 | 1 in 17.0
2025_PERMITS=2026_MODEL__L.E. BULL ELK DRAW RESULTS.pdf,132,0,33,EB3189,POINT_LIKE_ROW_NOT_STANDARD_12_TOKEN_SHAPE,Totals | 513 | 9 | 9 | 18 | 1 in 28.5 | Totals | 118 | 1 | 1 | 2 | 1 in 59.0
2025_PERMITS=2026_MODEL__L.E. BULL ELK DRAW RESULTS.pdf,133,0,33,EB3190,POINT_LIKE_ROW_NOT_STANDARD_12_TOKEN_SHAPE,Totals | 21 | 2 | 2 | 4 | 1 in 5.3 | Totals | 10 | 0 | 1 | 1 | 1 in 10.0
2025_PERMITS=2026_MODEL__L.E. BULL ELK DRAW RESULTS.pdf,134,0,33,EB3191,POINT_LIKE_ROW_NOT_STANDARD_12_TOKEN_SHAPE,Totals | 425 | 16 | 16 | 32 | 1 in 13.3 | Totals | 203 | 2 | 1 | 3 | 1 in 67.7
2025_PERMITS=2026_MODEL__L.E. BULL ELK DRAW RESULTS.pdf,135,0,33,EB3192,POINT_LIKE_ROW_NOT_STANDARD_12_TOKEN_SHAPE,Totals | 10 | 7 | 3 | 10 | 1 in 1.0 | Totals | 8 | 1 | 1 | 2 | 1 in 4.0
2025_PERMITS=2026_MODEL__L.E. BULL ELK DRAW RESULTS.pdf,136,0,33,EB3193,POINT_LIKE_ROW_NOT_STANDARD_12_TOKEN_SHAPE,Totals | 16 | 5 | 4 | 9 | 1 in 1.8 | Totals | 19 | 0 | 1 | 1 | 1 in 19.0
2025_PERMITS=2026_MODEL__L.E. BULL ELK DRAW RESULTS.pdf,137,0,33,EB3194,POINT_LIKE_ROW_NOT_STANDARD_12_TOKEN_SHAPE,Totals | 365 | 16 | 15 | 31 | 1 in 11.8 | Totals | 250 | 1 | 1 | 2 | 1 in 125.0
2025_PERMITS=2026_MODEL__L.E. BULL ELK DRAW RESULTS.pdf,138,0,33,EB3195,POINT_LIKE_ROW_NOT_STANDARD_12_TOKEN_SHAPE,Totals | 9 | 2 | 2 | 4 | 1 in 2.3 | Totals | 2 | 0 | 1 | 1 | 1 in 2.0
2025_PERMITS=2026_MODEL__L.E. BULL ELK DRAW RESULTS.pdf,139,0,33,EB3196,POINT_LIKE_ROW_NOT_STANDARD_12_TOKEN_SHAPE,Totals | 114 | 8 | 7 | 15 | 1 in 7.6 | Totals | 27 | 1 | 1 | 2 | 1 in 13.5
2025_PERMITS=2026_MODEL__L.E. BULL ELK DRAW RESULTS.pdf,140,0,33,EB3197,POINT_LIKE_ROW_NOT_STANDARD_12_TOKEN_SHAPE,Totals | 15 | 5 | 4 | 9 | 1 in 1.7 | Totals | 9 | 0 | 1 | 1 | 1 in 9.0
2025_PERMITS=2026_MODEL__L.E. BULL ELK DRAW RESULTS.pdf,141,0,33,EB3198,POINT_LIKE_ROW_NOT_STANDARD_12_TOKEN_SHAPE,Totals | 401 | 21 | 21 | 42 | 1 in 9.5 | Totals | 128 | 2 | 2 | 4 | 1 in 32.0
2025_PERMITS=2026_MODEL__L.E. BULL ELK DRAW RESULTS.pdf,142,0,33,EB3199,POINT_LIKE_ROW_NOT_STANDARD_12_TOKEN_SHAPE,Totals | 27 | 4 | 4 | 8 | 1 in 3.4 | Totals | 9 | 0 | 1 | 1 | 1 in 9.0
2025_PERMITS=2026_MODEL__L.E. BULL ELK DRAW RESULTS.pdf,143,0,33,EB3205,POINT_LIKE_ROW_NOT_STANDARD_12_TOKEN_SHAPE,Totals | 12 | 5 | 4 | 9 | 1 in 1.3 | Totals | 3 | 0 | 1 | 1 | 1 in 3.0
2025_PERMITS=2026_MODEL__L.E. BULL ELK DRAW RESULTS.pdf,144,0,33,EB3208,POINT_LIKE_ROW_NOT_STANDARD_12_TOKEN_SHAPE,Totals | 131 | 5 | 4 | 9 | 1 in 14.6 | Totals | 12 | 0 | 1 | 1 | 1 in 12.0
2025_PERMITS=2026_MODEL__L.E. BULL ELK DRAW RESULTS.pdf,145,0,33,EB3210,POINT_LIKE_ROW_NOT_STANDARD_12_TOKEN_SHAPE,Totals | 288 | 3 | 2 | 5 | 1 in 57.6 | Totals | 0 | 0 | 0 | 0 | N/A
2025_PERMITS=2026_MODEL__L.E. BULL ELK DRAW RESULTS.pdf,146,0,33,EB3500,POINT_LIKE_ROW_NOT_STANDARD_12_TOKEN_SHAPE,Totals | 22 | 0 | 1 | 1 | 1 in 22.0 | Totals | 0 | 0 | 0 | 0 | N/A
2025_PERMITS=2026_MODEL__L.E. BULL ELK DRAW RESULTS.pdf,147,0,33,EB3501,POINT_LIKE_ROW_NOT_STANDARD_12_TOKEN_SHAPE,Totals | 75 | 1 | 1 | 2 | 1 in 37.5 | Totals | 0 | 0 | 0 | 0 | N/A
2025_PERMITS=2026_MODEL__L.E. BULL ELK DRAW RESULTS.pdf,148,0,33,EB3502,POINT_LIKE_ROW_NOT_STANDARD_12_TOKEN_SHAPE,Totals | 36 | 0 | 1 | 1 | 1 in 36.0 | Totals | 0 | 0 | 0 | 0 | N/A
2025_PERMITS=2026_MODEL__L.E. BULL ELK DRAW RESULTS.pdf,149,0,33,EB3503,POINT_LIKE_ROW_NOT_STANDARD_12_TOKEN_SHAPE,Totals | 15 | 0 | 1 | 1 | 1 in 15.0 | Totals | 0 | 0 | 0 | 0 | N/A
2025_PERMITS=2026_MODEL__L.E. BULL ELK DRAW RESULTS.pdf,150,0,33,EB3504,POINT_LIKE_ROW_NOT_STANDARD_12_TOKEN_SHAPE,Totals | 42 | 1 | 1 | 2 | 1 in 21.0 | Totals | 0 | 0 | 0 | 0 | N/A
2025_PERMITS=2026_MODEL__L.E. BULL ELK DRAW RESULTS.pdf,151,0,33,EB3505,POINT_LIKE_ROW_NOT_STANDARD_12_TOKEN_SHAPE,Totals | 52 | 1 | 1 | 2 | 1 in 26.0 | Totals | 0 | 0 | 0 | 0 | N/A
2025_PERMITS=2026_MODEL__L.E. BULL ELK DRAW RESULTS.pdf,152,0,33,EB3506,POINT_LIKE_ROW_NOT_STANDARD_12_TOKEN_SHAPE,Totals | 36 | 0 | 1 | 1 | 1 in 36.0 | Totals | 0 | 0 | 0 | 0 | N/A
2025_PERMITS=2026_MODEL__L.E. BULL ELK DRAW RESULTS.pdf,153,0,33,EB3508,POINT_LIKE_ROW_NOT_STANDARD_12_TOKEN_SHAPE,Totals | 46 | 1 | 1 | 2 | 1 in 23.0 | Totals | 0 | 0 | 0 | 0 | N/A
2025_PERMITS=2026_MODEL__L.E. BULL ELK DRAW RESULTS.pdf,154,0,33,EB3509,POINT_LIKE_ROW_NOT_STANDARD_12_TOKEN_SHAPE,Totals | 171 | 2 | 1 | 3 | 1 in 57.0 | Totals | 0 | 0 | 0 | 0 | N/A
2025_PERMITS=2026_MODEL__L.E. BULL ELK DRAW RESULTS.pdf,155,0,33,EB3511,POINT_LIKE_ROW_NOT_STANDARD_12_TOKEN_SHAPE,Totals | 15 | 0 | 1 | 1 | 1 in 15.0 | Totals | 0 | 0 | 0 | 0 | N/A
2025_PERMITS=2026_MODEL__L.E. BULL ELK DRAW RESULTS.pdf,156,0,33,EB3514,POINT_LIKE_ROW_NOT_STANDARD_12_TOKEN_SHAPE,Totals | 1064 | 10 | 9 | 19 | 1 in 56.0 | Totals | 0 | 0 | 0 | 0 | N/A
2025_PERMITS=2026_MODEL__L.E. BULL ELK DRAW RESULTS.pdf,157,0,33,EB3515,POINT_LIKE_ROW_NOT_STANDARD_12_TOKEN_SHAPE,Totals | 80 | 0 | 1 | 1 | 1 in 80.0 | Totals | 0 | 0 | 0 | 0 | N/A
2025_PERMITS=2026_MODEL__L.E. BULL ELK DRAW RESULTS.pdf,158,0,33,EB3516,POINT_LIKE_ROW_NOT_STANDARD_12_TOKEN_SHAPE,Totals | 91 | 2 | 1 | 3 | 1 in 30.3 | Totals | 0 | 0 | 0 | 0 | N/A
2025_PERMITS=2026_MODEL__L.E. BULL ELK DRAW RESULTS.pdf,159,0,33,EB3517,POINT_LIKE_ROW_NOT_STANDARD_12_TOKEN_SHAPE,Totals | 33 | 2 | 1 | 3 | 1 in 11.0 | Totals | 0 | 0 | 0 | 0 | N/A
2025_PERMITS=2026_MODEL__L.E. BULL ELK DRAW RESULTS.pdf,160,0,33,EB3519,POINT_LIKE_ROW_NOT_STANDARD_12_TOKEN_SHAPE,Totals | 95 | 2 | 2 | 4 | 1 in 23.8 | Totals | 0 | 0 | 0 | 0 | N/A
2025_PERMITS=2026_MODEL__L.E. BULL ELK DRAW RESULTS.pdf,161,0,33,EB3520,POINT_LIKE_ROW_NOT_STANDARD_12_TOKEN_SHAPE,Totals | 47 | 1 | 1 | 2 | 1 in 23.5 | Totals | 0 | 0 | 0 | 0 | N/A
2025_PERMITS=2026_MODEL__L.E. BULL ELK DRAW RESULTS.pdf,162,0,33,EB3521,POINT_LIKE_ROW_NOT_STANDARD_12_TOKEN_SHAPE,Totals | 73 | 5 | 5 | 10 | 1 in 7.3 | Totals | 0 | 0 | 0 | 0 | N/A
2025_PERMITS=2026_MODEL__L.E. BULL ELK DRAW RESULTS.pdf,163,0,33,EB3522,POINT_LIKE_ROW_NOT_STANDARD_12_TOKEN_SHAPE,Totals | 73 | 0 | 1 | 1 | 1 in 73.0 | Totals | 0 | 0 | 0 | 0 | N/A
2025_PERMITS=2026_MODEL__L.E. BULL ELK DRAW RESULTS.pdf,164,0,33,EB3523,POINT_LIKE_ROW_NOT_STANDARD_12_TOKEN_SHAPE,Totals | 38 | 1 | 1 | 2 | 1 in 19.0 | Totals | 0 | 0 | 0 | 0 | N/A
2025_PERMITS=2026_MODEL__L.E. BULL ELK DRAW RESULTS.pdf,165,0,33,EB3524,POINT_LIKE_ROW_NOT_STANDARD_12_TOKEN_SHAPE,Totals | 37 | 1 | 1 | 2 | 1 in 18.5 | Totals | 0 | 0 | 0 | 0 | N/A
2025_PERMITS=2026_MODEL__L.E. BULL ELK DRAW RESULTS.pdf,166,0,33,EB3525,POINT_LIKE_ROW_NOT_STANDARD_12_TOKEN_SHAPE,Totals | 63 | 1 | 1 | 2 | 1 in 31.5 | Totals | 0 | 0 | 0 | 0 | N/A
2025_PERMITS=2026_MODEL__L.E. BULL ELK DRAW RESULTS.pdf,167,0,33,EB3526,POINT_LIKE_ROW_NOT_STANDARD_12_TOKEN_SHAPE,Totals | 43 | 1 | 1 | 2 | 1 in 21.5 | Totals | 0 | 0 | 0 | 0 | N/A
2025_PERMITS=2026_MODEL__L.E. BULL ELK DRAW RESULTS.pdf,168,0,33,EB3527,POINT_LIKE_ROW_NOT_STANDARD_12_TOKEN_SHAPE,Totals | 30 | 0 | 1 | 1 | 1 in 30.0 | Totals | 0 | 0 | 0 | 0 | N/A
2025_PERMITS=2026_MODEL__L.E. BULL ELK DRAW RESULTS.pdf,169,0,33,EB3528,POINT_LIKE_ROW_NOT_STANDARD_12_TOKEN_SHAPE,Totals | 3 | 0 | 1 | 1 | 1 in 3.0 | Totals | 0 | 0 | 0 | 0 | N/A
2025_PERMITS=2026_MODEL__L.E. BULL ELK DRAW RESULTS.pdf,170,0,33,EB3529,POINT_LIKE_ROW_NOT_STANDARD_12_TOKEN_SHAPE,Totals | 30 | 1 | 1 | 2 | 1 in 15.0 | Totals | 0 | 0 | 0 | 0 | N/A
2025_PERMITS=2026_MODEL__L.E. BULL ELK DRAW RESULTS.pdf,171,0,33,EB3530,POINT_LIKE_ROW_NOT_STANDARD_12_TOKEN_SHAPE,Totals | 5 | 0 | 1 | 1 | 1 in 5.0 | Totals | 0 | 0 | 0 | 0 | N/A
2025_PERMITS=2026_MODEL__L.E. BULL ELK DRAW RESULTS.pdf,172,0,33,EB3531,POINT_LIKE_ROW_NOT_STANDARD_12_TOKEN_SHAPE,Totals | 135 | 1 | 1 | 2 | 1 in 67.5 | Totals | 0 | 0 | 0 | 0 | N/A
2025_PERMITS=2026_MODEL__L.E. BULL ELK DRAW RESULTS.pdf,173,0,33,EB3532,POINT_LIKE_ROW_NOT_STANDARD_12_TOKEN_SHAPE,Totals | 23 | 0 | 1 | 1 | 1 in 23.0 | Totals | 0 | 0 | 0 | 0 | N/A
2025_PERMITS=2026_MODEL__L.E. BULL ELK DRAW RESULTS.pdf,174,0,33,EB3533,POINT_LIKE_ROW_NOT_STANDARD_12_TOKEN_SHAPE,Totals | 19 | 0 | 1 | 1 | 1 in 19.0 | Totals | 0 | 0 | 0 | 0 | N/A
2025_PERMITS=2026_MODEL__L.E. BULL ELK DRAW RESULTS.pdf,175,0,33,EB3534,POINT_LIKE_ROW_NOT_STANDARD_12_TOKEN_SHAPE,Totals | 81 | 1 | 1 | 2 | 1 in 40.5 | Totals | 0 | 0 | 0 | 0 | N/A
2025_PERMITS=2026_MODEL__L.E. BULL ELK DRAW RESULTS.pdf,176,0,33,EB3536,POINT_LIKE_ROW_NOT_STANDARD_12_TOKEN_SHAPE,Totals | 36 | 3 | 2 | 5 | 1 in 7.2 | Totals | 0 | 0 | 0 | 0 | N/A
2025_PERMITS=2026_MODEL__L.E. BULL ELK DRAW RESULTS.pdf,177,0,33,EB3538,POINT_LIKE_ROW_NOT_STANDARD_12_TOKEN_SHAPE,Totals | 21 | 0 | 1 | 1 | 1 in 21.0 | Totals | 0 | 0 | 0 | 0 | N/A
2025_PERMITS=2026_MODEL__L.E. BULL ELK DRAW RESULTS.pdf,178,0,33,EB3540,POINT_LIKE_ROW_NOT_STANDARD_12_TOKEN_SHAPE,Totals | 53 | 1 | 1 | 2 | 1 in 26.5 | Totals | 0 | 0 | 0 | 0 | N/A
2025_PERMITS=2026_MODEL__L.E. BULL ELK DRAW RESULTS.pdf,179,0,33,EB3541,POINT_LIKE_ROW_NOT_STANDARD_12_TOKEN_SHAPE,Totals | 10 | 0 | 1 | 1 | 1 in 10.0 | Totals | 0 | 0 | 0 | 0 | N/A
2025_PERMITS=2026_MODEL__L.E. BULL ELK DRAW RESULTS.pdf,180,0,33,EB3543,POINT_LIKE_ROW_NOT_STANDARD_12_TOKEN_SHAPE,Totals | 134 | 2 | 1 | 3 | 1 in 44.7 | Totals | 0 | 0 | 0 | 0 | N/A
2025_PERMITS=2026_MODEL__L.E. BULL ELK DRAW RESULTS.pdf,181,0,33,EB3544,POINT_LIKE_ROW_NOT_STANDARD_12_TOKEN_SHAPE,Totals | 74 | 1 | 1 | 2 | 1 in 37.0 | Totals | 0 | 0 | 0 | 0 | N/A
2025_PERMITS=2026_MODEL__L.E. BULL ELK DRAW RESULTS.pdf,182,0,33,EB3545,POINT_LIKE_ROW_NOT_STANDARD_12_TOKEN_SHAPE,Totals | 23 | 2 | 1 | 3 | 1 in 7.7 | Totals | 0 | 0 | 0 | 0 | N/A
2025_PERMITS=2026_MODEL__L.E. BULL ELK DRAW RESULTS.pdf,183,0,33,EB3546,POINT_LIKE_ROW_NOT_STANDARD_12_TOKEN_SHAPE,Totals | 18 | 0 | 1 | 1 | 1 in 18.0 | Totals | 0 | 0 | 0 | 0 | N/A
2025_PERMITS=2026_MODEL__L.E. BULL ELK DRAW RESULTS.pdf,184,0,33,EB3547,POINT_LIKE_ROW_NOT_STANDARD_12_TOKEN_SHAPE,Totals | 38 | 0 | 1 | 1 | 1 in 38.0 | Totals | 0 | 0 | 0 | 0 | N/A
2025_PERMITS=2026_MODEL__L.E. BULL ELK DRAW RESULTS.pdf,185,0,33,EB3548,POINT_LIKE_ROW_NOT_STANDARD_12_TOKEN_SHAPE,Totals | 70 | 0 | 1 | 1 | 1 in 70.0 | Totals | 0 | 0 | 0 | 0 | N/A
2025_PERMITS=2026_MODEL__L.E. BULL ELK DRAW RESULTS.pdf,186,0,33,EB3549,POINT_LIKE_ROW_NOT_STANDARD_12_TOKEN_SHAPE,Totals | 49 | 0 | 1 | 1 | 1 in 49.0 | Totals | 0 | 0 | 0 | 0 | N/A
2025_PERMITS=2026_MODEL__L.E. BULL ELK DRAW RESULTS.pdf,187,0,33,EB3550,POINT_LIKE_ROW_NOT_STANDARD_12_TOKEN_SHAPE,Totals | 56 | 1 | 1 | 2 | 1 in 28.0 | Totals | 0 | 0 | 0 | 0 | N/A
2025_PERMITS=2026_MODEL__L.E. BULL ELK DRAW RESULTS.pdf,188,0,33,EB3551,POINT_LIKE_ROW_NOT_STANDARD_12_TOKEN_SHAPE,Totals | 36 | 0 | 1 | 1 | 1 in 36.0 | Totals | 0 | 0 | 0 | 0 | N/A
2025_PERMITS=2026_MODEL__L.E. BULL ELK DRAW RESULTS.pdf,189,0,33,EB3552,POINT_LIKE_ROW_NOT_STANDARD_12_TOKEN_SHAPE,Totals | 62 | 0 | 1 | 1 | 1 in 62.0 | Totals | 0 | 0 | 0 | 0 | N/A
2025_PERMITS=2026_MODEL__L.E. BULL ELK DRAW RESULTS.pdf,190,0,33,EB3553,POINT_LIKE_ROW_NOT_STANDARD_12_TOKEN_SHAPE,Totals | 44 | 1 | 1 | 2 | 1 in 22.0 | Totals | 0 | 0 | 0 | 0 | N/A
2025_PERMITS=2026_MODEL__L.E. BULL ELK DRAW RESULTS.pdf,191,0,33,EB3554,POINT_LIKE_ROW_NOT_STANDARD_12_TOKEN_SHAPE,Totals | 33 | 0 | 1 | 1 | 1 in 33.0 | Totals | 0 | 0 | 0 | 0 | N/A
2025_PERMITS=2026_MODEL__L.E. BULL ELK DRAW RESULTS.pdf,192,0,33,EB3555,POINT_LIKE_ROW_NOT_STANDARD_12_TOKEN_SHAPE,Totals | 69 | 1 | 1 | 2 | 1 in 34.5 | Totals | 0 | 0 | 0 | 0 | N/A
2025_PERMITS=2026_MODEL__L.E. BULL ELK DRAW RESULTS.pdf,193,0,33,EB3557,POINT_LIKE_ROW_NOT_STANDARD_12_TOKEN_SHAPE,Totals | 53 | 1 | 1 | 2 | 1 in 26.5 | Totals | 0 | 0 | 0 | 0 | N/A
2025_PERMITS=2026_MODEL__L.E. BULL ELK DRAW RESULTS.pdf,194,0,33,EB3558,POINT_LIKE_ROW_NOT_STANDARD_12_TOKEN_SHAPE,Totals | 31 | 0 | 1 | 1 | 1 in 31.0 | Totals | 0 | 0 | 0 | 0 | N/A
2025_PERMITS=2026_MODEL__L.E. BULL ELK DRAW RESULTS.pdf,195,0,33,EB3559,POINT_LIKE_ROW_NOT_STANDARD_12_TOKEN_SHAPE,Totals | 76 | 1 | 1 | 2 | 1 in 38.0 | Totals | 0 | 0 | 0 | 0 | N/A
2025_PERMITS=2026_MODEL__L.E. BULL ELK DRAW RESULTS.pdf,196,0,33,EB3561,POINT_LIKE_ROW_NOT_STANDARD_12_TOKEN_SHAPE,Totals | 76 | 3 | 2 | 5 | 1 in 15.2 | Totals | 0 | 0 | 0 | 0 | N/A
2025_PERMITS=2026_MODEL__L.E. BULL ELK DRAW RESULTS.pdf,197,0,33,EB3562,POINT_LIKE_ROW_NOT_STANDARD_12_TOKEN_SHAPE,Totals | 11 | 0 | 1 | 1 | 1 in 11.0 | Totals | 0 | 0 | 0 | 0 | N/A
2025_PERMITS=2026_MODEL__L.E. BULL ELK DRAW RESULTS.pdf,198,0,33,EB3564,POINT_LIKE_ROW_NOT_STANDARD_12_TOKEN_SHAPE,Totals | 40 | 1 | 1 | 2 | 1 in 20.0 | Totals | 0 | 0 | 0 | 0 | N/A
2025_PERMITS=2026_MODEL__L.E. BULL ELK DRAW RESULTS.pdf,199,0,33,EB3565,POINT_LIKE_ROW_NOT_STANDARD_12_TOKEN_SHAPE,Totals | 18 | 0 | 1 | 1 | 1 in 18.0 | Totals | 0 | 0 | 0 | 0 | N/A
2025_PERMITS=2026_MODEL__L.E. BULL ELK DRAW RESULTS.pdf,200,0,33,EB3603,POINT_LIKE_ROW_NOT_STANDARD_12_TOKEN_SHAPE,Totals | 47 | 0 | 1 | 1 | 1 in 47.0 | Totals | 0 | 0 | 0 | 0 | N/A
2025_PERMITS=2026_MODEL__L.E. BULL ELK DRAW RESULTS.pdf,201,0,33,EB3604,POINT_LIKE_ROW_NOT_STANDARD_12_TOKEN_SHAPE,Totals | 47 | 0 | 1 | 1 | 1 in 47.0 | Totals | 0 | 0 | 0 | 0 | N/A
2025_PERMITS=2026_MODEL__L.E. BULL ELK DRAW RESULTS.pdf,202,0,33,EB3606,POINT_LIKE_ROW_NOT_STANDARD_12_TOKEN_SHAPE,Totals | 56 | 0 | 1 | 1 | 1 in 56.0 | Totals | 0 | 0 | 0 | 0 | N/A
2025_PERMITS=2026_MODEL__L.E. BULL ELK DRAW RESULTS.pdf,203,0,33,EB3607,POINT_LIKE_ROW_NOT_STANDARD_12_TOKEN_SHAPE,Totals | 35 | 0 | 1 | 1 | 1 in 35.0 | Totals | 0 | 0 | 0 | 0 | N/A
2025_PERMITS=2026_MODEL__L.E. BULL ELK DRAW RESULTS.pdf,204,0,33,EB3608,POINT_LIKE_ROW_NOT_STANDARD_12_TOKEN_SHAPE,Totals | 3 | 0 | 1 | 1 | 1 in 3.0 | Totals | 0 | 0 | 0 | 0 | N/A
2025_PERMITS=2026_MODEL__L.E. BULL ELK DRAW RESULTS.pdf,205,0,33,EB3609,POINT_LIKE_ROW_NOT_STANDARD_12_TOKEN_SHAPE,Totals | 36 | 2 | 1 | 3 | 1 in 12.0 | Totals | 0 | 0 | 0 | 0 | N/A
2025_PERMITS=2026_MODEL__L.E. BULL ELK DRAW RESULTS.pdf,206,0,33,EB3610,POINT_LIKE_ROW_NOT_STANDARD_12_TOKEN_SHAPE,Totals | 62 | 1 | 1 | 2 | 1 in 31.0 | Totals | 0 | 0 | 0 | 0 | N/A
2025_PERMITS=2026_MODEL__L.E. BULL ELK DRAW RESULTS.pdf,207,0,33,EB3611,POINT_LIKE_ROW_NOT_STANDARD_12_TOKEN_SHAPE,Totals | 20 | 1 | 1 | 2 | 1 in 10.0 | Totals | 0 | 0 | 0 | 0 | N/A
2025_PERMITS=2026_MODEL__L.E. BULL ELK DRAW RESULTS.pdf,208,0,33,EB3613,POINT_LIKE_ROW_NOT_STANDARD_12_TOKEN_SHAPE,Totals | 14 | 0 | 1 | 1 | 1 in 14.0 | Totals | 0 | 0 | 0 | 0 | N/A
2025_PERMITS=2026_MODEL__L.E. BULL ELK DRAW RESULTS.pdf,209,0,33,EB3614,POINT_LIKE_ROW_NOT_STANDARD_12_TOKEN_SHAPE,Totals | 12 | 0 | 1 | 1 | 1 in 12.0 | Totals | 0 | 0 | 0 | 0 | N/A
2025_PERMITS=2026_MODEL__L.E. BULL ELK DRAW RESULTS.pdf,210,0,33,EB3617,POINT_LIKE_ROW_NOT_STANDARD_12_TOKEN_SHAPE,Totals | 26 | 0 | 1 | 1 | 1 in 26.0 | Totals | 0 | 0 | 0 | 0 | N/A
2025_PERMITS=2026_MODEL__L.E. BULL ELK DRAW RESULTS.pdf,211,0,33,EB3619,POINT_LIKE_ROW_NOT_STANDARD_12_TOKEN_SHAPE,Totals | 68 | 5 | 5 | 10 | 1 in 6.8 | Totals | 0 | 0 | 0 | 0 | N/A
2025_PERMITS=2026_MODEL__O.I.L. BISON DRAW RESULTS.pdf,2,0,33,BI6500,POINT_LIKE_ROW_NOT_STANDARD_12_TOKEN_SHAPE,Totals | 3249 | 1 | 1 | 2 | in 1624.5 | Totals | 0 | 0 | 0 | 0 | N/A
2025_PERMITS=2026_MODEL__O.I.L. BISON DRAW RESULTS.pdf,3,0,33,BI6503,POINT_LIKE_ROW_NOT_STANDARD_12_TOKEN_SHAPE,Totals | 4964 | 2 | 2 | 4 | in 1241.0 | Totals | 3798 | 1 | 1 | 2 | in 1899.0
2025_PERMITS=2026_MODEL__O.I.L. BISON DRAW RESULTS.pdf,4,0,33,BI6504,POINT_LIKE_ROW_NOT_STANDARD_12_TOKEN_SHAPE,Totals | 1761 | 3 | 2 | 5 | 1 in 352.2 | Totals | 1720 | 1 | 1 | 2 | 1 in 860.0
2025_PERMITS=2026_MODEL__O.I.L. BISON DRAW RESULTS.pdf,5,0,33,BI6505,POINT_LIKE_ROW_NOT_STANDARD_12_TOKEN_SHAPE,Totals | 343 | 13 | 12 | 25 | 1 in 13.7 | Totals | 417 | 2 | 1 | 3 | 1 in 139.0
2025_PERMITS=2026_MODEL__O.I.L. BISON DRAW RESULTS.pdf,6,0,33,BI6506,POINT_LIKE_ROW_NOT_STANDARD_12_TOKEN_SHAPE,Totals | 384 | 15 | 15 | 30 | 1 in 12.8 | Totals | 0 | 0 | 0 | 0 | N/A
2025_PERMITS=2026_MODEL__O.I.L. BISON DRAW RESULTS.pdf,7,0,33,BI6509,POINT_LIKE_ROW_NOT_STANDARD_12_TOKEN_SHAPE,Totals | 369 | 2 | 2 | 4 | 1 in 92.3 | Totals | 0 | 0 | 0 | 0 | N/A
2025_PERMITS=2026_MODEL__O.I.L. BISON DRAW RESULTS.pdf,8,0,33,BI6516,POINT_LIKE_ROW_NOT_STANDARD_12_TOKEN_SHAPE,Totals | 1101 | 3 | 2 | 5 | 1 in 220.2 | Totals | 0 | 0 | 0 | 0 | N/A
2025_PERMITS=2026_MODEL__O.I.L. BISON DRAW RESULTS.pdf,9,0,33,BI6528,POINT_LIKE_ROW_NOT_STANDARD_12_TOKEN_SHAPE,Totals | 125 | 3 | 2 | 5 | 1 in 25.0 | Totals | 0 | 0 | 0 | 0 | N/A
2025_PERMITS=2026_MODEL__O.I.L. BISON DRAW RESULTS.pdf,10,0,33,BI6529,POINT_LIKE_ROW_NOT_STANDARD_12_TOKEN_SHAPE,Totals | 107 | 4 | 4 | 8 | 1 in 13.4 | Totals | 0 | 0 | 0 | 0 | N/A
2025_PERMITS=2026_MODEL__O.I.L. BISON DRAW RESULTS.pdf,11,0,33,BI6531,POINT_LIKE_ROW_NOT_STANDARD_12_TOKEN_SHAPE,Totals | 370 | 4 | 3 | 7 | 1 in 52.9 | Totals | 0 | 0 | 0 | 0 | N/A
2025_PERMITS=2026_MODEL__O.I.L. BISON DRAW RESULTS.pdf,12,0,33,BI6532,POINT_LIKE_ROW_NOT_STANDARD_12_TOKEN_SHAPE,Totals | 172 | 3 | 2 | 5 | 1 in 34.4 | Totals | 0 | 0 | 0 | 0 | N/A
2025_PERMITS=2026_MODEL__O.I.L. BISON DRAW RESULTS.pdf,13,0,33,BI6534,POINT_LIKE_ROW_NOT_STANDARD_12_TOKEN_SHAPE,Totals | 907 | 3 | 2 | 5 | 1 in 181.4 | Totals | 0 | 0 | 0 | 0 | N/A
2025_PERMITS=2026_MODEL__O.I.L. BISON DRAW RESULTS.pdf,14,0,33,BI6535,POINT_LIKE_ROW_NOT_STANDARD_12_TOKEN_SHAPE,Totals | 702 | 3 | 2 | 5 | 1 in 140.4 | Totals | 0 | 0 | 0 | 0 | N/A
2025_PERMITS=2026_MODEL__O.I.L. BISON DRAW RESULTS.pdf,15,0,33,BI6536,POINT_LIKE_ROW_NOT_STANDARD_12_TOKEN_SHAPE,Totals | 131 | 1 | 1 | 2 | 1 in 65.5 | Totals | 0 | 0 | 0 | 0 | N/A
2025_PERMITS=2026_MODEL__O.I.L. BISON DRAW RESULTS.pdf,16,0,33,BI6537,POINT_LIKE_ROW_NOT_STANDARD_12_TOKEN_SHAPE,Totals | 430 | 3 | 2 | 5 | 1 in 86.0 | Totals | 2323 | 3 | 2 | 5 | 1 in 464.6
2025_PERMITS=2026_MODEL__O.I.L. BULL MOOSE DRAW RESULTS.pdf,2,0,33,MB6000,POINT_LIKE_ROW_NOT_STANDARD_12_TOKEN_SHAPE,Totals | 3186 | 6 | 6 | 12 | 1 in 265.5 | Totals | 2723 | 2 | 1 | 3 | 1 in 907.7
2025_PERMITS=2026_MODEL__O.I.L. BULL MOOSE DRAW RESULTS.pdf,3,0,33,MB6001,POINT_LIKE_ROW_NOT_STANDARD_12_TOKEN_SHAPE,Totals | 854 | 2 | 1 | 3 | 1 in 284.7 | Totals | 0 | 0 | 0 | 0 | N/A
2025_PERMITS=2026_MODEL__O.I.L. BULL MOOSE DRAW RESULTS.pdf,4,0,33,MB6002,POINT_LIKE_ROW_NOT_STANDARD_12_TOKEN_SHAPE,Totals | 712 | 3 | 2 | 5 | 1 in 142.4 | Totals | 0 | 0 | 0 | 0 | N/A
2025_PERMITS=2026_MODEL__O.I.L. BULL MOOSE DRAW RESULTS.pdf,5,0,33,MB6003,POINT_LIKE_ROW_NOT_STANDARD_12_TOKEN_SHAPE,Totals | 246 | 2 | 2 | 4 | 1 in 61.5 | Totals | 0 | 0 | 0 | 0 | N/A
2025_PERMITS=2026_MODEL__O.I.L. BULL MOOSE DRAW RESULTS.pdf,6,0,33,MB6004,POINT_LIKE_ROW_NOT_STANDARD_12_TOKEN_SHAPE,Totals | 1036 | 3 | 2 | 5 | 1 in 207.2 | Totals | 0 | 0 | 0 | 0 | N/A
2025_PERMITS=2026_MODEL__O.I.L. BULL MOOSE DRAW RESULTS.pdf,7,0,33,MB6005,POINT_LIKE_ROW_NOT_STANDARD_12_TOKEN_SHAPE,Totals | 453 | 3 | 3 | 6 | 1 in 75.5 | Totals | 0 | 0 | 0 | 0 | N/A
2025_PERMITS=2026_MODEL__O.I.L. BULL MOOSE DRAW RESULTS.pdf,8,0,33,MB6006,POINT_LIKE_ROW_NOT_STANDARD_12_TOKEN_SHAPE,Totals | 3339 | 10 | 9 | 19 | 1 in 175.7 | Totals | 2917 | 2 | 1 | 3 | 1 in 972.3
2025_PERMITS=2026_MODEL__O.I.L. BULL MOOSE DRAW RESULTS.pdf,9,0,33,MB6007,POINT_LIKE_ROW_NOT_STANDARD_12_TOKEN_SHAPE,Totals | 1074 | 3 | 3 | 6 | 1 in 179.0 | Totals | 1238 | 1 | 1 | 2 | 1 in 619.0
2025_PERMITS=2026_MODEL__O.I.L. BULL MOOSE DRAW RESULTS.pdf,10,0,33,MB6008,POINT_LIKE_ROW_NOT_STANDARD_12_TOKEN_SHAPE,Totals | 1502 | 4 | 3 | 7 | 1 in 214.6 | Totals | 0 | 0 | 0 | 0 | N/A
2025_PERMITS=2026_MODEL__O.I.L. BULL MOOSE DRAW RESULTS.pdf,11,0,33,MB6009,POINT_LIKE_ROW_NOT_STANDARD_12_TOKEN_SHAPE,Totals | 396 | 1 | 1 | 2 | 1 in 198.0 | Totals | 0 | 0 | 0 | 0 | N/A
2025_PERMITS=2026_MODEL__O.I.L. BULL MOOSE DRAW RESULTS.pdf,12,0,33,MB6010,POINT_LIKE_ROW_NOT_STANDARD_12_TOKEN_SHAPE,Totals | 1086 | 3 | 2 | 5 | 1 in 217.2 | Totals | 0 | 0 | 0 | 0 | N/A
2025_PERMITS=2026_MODEL__O.I.L. BULL MOOSE DRAW RESULTS.pdf,13,0,33,MB6011,POINT_LIKE_ROW_NOT_STANDARD_12_TOKEN_SHAPE,Totals | 7814 | 9 | 9 | 18 | 1 in 434.1 | Totals | 2893 | 1 | 1 | 2 | in 1446.5
2025_PERMITS=2026_MODEL__O.I.L. BULL MOOSE DRAW RESULTS.pdf,14,0,33,MB6012,POINT_LIKE_ROW_NOT_STANDARD_12_TOKEN_SHAPE,Totals | 339 | 1 | 1 | 2 | 1 in 169.5 | Totals | 0 | 0 | 0 | 0 | N/A
2025_PERMITS=2026_MODEL__O.I.L. BULL MOOSE DRAW RESULTS.pdf,15,0,33,MB6200,POINT_LIKE_ROW_NOT_STANDARD_12_TOKEN_SHAPE,Totals | 22 | 0 | 1 | 1 | 1 in 22.0 | Totals | 0 | 0 | 0 | 0 | N/A
2025_PERMITS=2026_MODEL__O.I.L. BULL MOOSE DRAW RESULTS.pdf,16,0,33,MB6202,POINT_LIKE_ROW_NOT_STANDARD_12_TOKEN_SHAPE,Totals | 207 | 1 | 1 | 2 | 1 in 103.5 | Totals | 0 | 0 | 0 | 0 | N/A
2025_PERMITS=2026_MODEL__O.I.L. BULL MOOSE DRAW RESULTS.pdf,17,0,33,MB6206,POINT_LIKE_ROW_NOT_STANDARD_12_TOKEN_SHAPE,Totals | 637 | 0 | 1 | 1 | 1 in 637.0 | Totals | 0 | 0 | 0 | 0 | N/A
2025_PERMITS=2026_MODEL__O.I.L. BULL MOOSE DRAW RESULTS.pdf,18,0,33,MB6207,POINT_LIKE_ROW_NOT_STANDARD_12_TOKEN_SHAPE,Totals | 107 | 0 | 1 | 1 | 1 in 107.0 | Totals | 0 | 0 | 0 | 0 | N/A
2025_PERMITS=2026_MODEL__O.I.L. BULL MOOSE DRAW RESULTS.pdf,19,0,33,MB6208,POINT_LIKE_ROW_NOT_STANDARD_12_TOKEN_SHAPE,Totals | 86 | 1 | 1 | 2 | 1 in 43.0 | Totals | 0 | 0 | 0 | 0 | N/A
2025_PERMITS=2026_MODEL__O.I.L. BULL MOOSE DRAW RESULTS.pdf,20,0,33,MB6209,POINT_LIKE_ROW_NOT_STANDARD_12_TOKEN_SHAPE,Totals | 124 | 0 | 1 | 1 | 1 in 124.0 | Totals | 0 | 0 | 0 | 0 | N/A
2025_PERMITS=2026_MODEL__O.I.L. BULL MOOSE DRAW RESULTS.pdf,21,0,33,MB6211,POINT_LIKE_ROW_NOT_STANDARD_12_TOKEN_SHAPE,Totals | 229 | 2 | 1 | 3 | 1 in 76.3 | Totals | 0 | 0 | 0 | 0 | N/A
2025_PERMITS=2026_MODEL__O.I.L. BULL MOOSE DRAW RESULTS.pdf,22,0,33,MB6217,POINT_LIKE_ROW_NOT_STANDARD_12_TOKEN_SHAPE,Totals | 122 | 0 | 1 | 1 | 1 in 122.0 | Totals | 0 | 0 | 0 | 0 | N/A
2025_PERMITS=2026_MODEL__O.I.L. BULL MOOSE DRAW RESULTS.pdf,23,0,33,MB6219,POINT_LIKE_ROW_NOT_STANDARD_12_TOKEN_SHAPE,Totals | 421 | 1 | 1 | 2 | 1 in 210.5 | Totals | 0 | 0 | 0 | 0 | N/A
2025_PERMITS=2026_MODEL__O.I.L. BULL MOOSE DRAW RESULTS.pdf,24,0,33,MB6220,POINT_LIKE_ROW_NOT_STANDARD_12_TOKEN_SHAPE,Totals | 44 | 0 | 1 | 1 | 1 in 44.0 | Totals | 0 | 0 | 0 | 0 | N/A
2025_PERMITS=2026_MODEL__O.I.L. BULL MOOSE DRAW RESULTS.pdf,25,0,33,MB6222,POINT_LIKE_ROW_NOT_STANDARD_12_TOKEN_SHAPE,Totals | 109 | 1 | 1 | 2 | 1 in 54.5 | Totals | 0 | 0 | 0 | 0 | N/A
2025_PERMITS=2026_MODEL__O.I.L. BULL MOOSE DRAW RESULTS.pdf,26,0,33,MB6223,POINT_LIKE_ROW_NOT_STANDARD_12_TOKEN_SHAPE,Totals | 115 | 0 | 1 | 1 | 1 in 115.0 | Totals | 0 | 0 | 0 | 0 | N/A
2025_PERMITS=2026_MODEL__O.I.L. BULL MOOSE DRAW RESULTS.pdf,27,0,33,MB6224,POINT_LIKE_ROW_NOT_STANDARD_12_TOKEN_SHAPE,Totals | 81 | 0 | 1 | 1 | 1 in 81.0 | Totals | 0 | 0 | 0 | 0 | N/A
2025_PERMITS=2026_MODEL__O.I.L. BULL MOOSE DRAW RESULTS.pdf,28,0,33,MB6225,POINT_LIKE_ROW_NOT_STANDARD_12_TOKEN_SHAPE,Totals | 57 | 0 | 1 | 1 | 1 in 57.0 | Totals | 0 | 0 | 0 | 0 | N/A
2025_PERMITS=2026_MODEL__O.I.L. BULL MOOSE DRAW RESULTS.pdf,29,0,33,MB6240,POINT_LIKE_ROW_NOT_STANDARD_12_TOKEN_SHAPE,Totals | 66 | 0 | 1 | 1 | 1 in 66.0 | Totals | 0 | 0 | 0 | 0 | N/A
2025_PERMITS=2026_MODEL__O.I.L. BULL MOOSE DRAW RESULTS.pdf,30,0,33,MB6251,POINT_LIKE_ROW_NOT_STANDARD_12_TOKEN_SHAPE,Totals | 74 | 0 | 1 | 1 | 1 in 74.0 | Totals | 0 | 0 | 0 | 0 | N/A
2025_PERMITS=2026_MODEL__O.I.L. BULL MOOSE DRAW RESULTS.pdf,31,0,33,MB6254,POINT_LIKE_ROW_NOT_STANDARD_12_TOKEN_SHAPE,Totals | 63 | 0 | 1 | 1 | 1 in 63.0 | Totals | 0 | 0 | 0 | 0 | N/A
2025_PERMITS=2026_MODEL__O.I.L. BULL MOOSE DRAW RESULTS.pdf,32,0,33,MB6256,POINT_LIKE_ROW_NOT_STANDARD_12_TOKEN_SHAPE,Totals | 118 | 1 | 1 | 2 | 1 in 59.0 | Totals | 0 | 0 | 0 | 0 | N/A
2025_PERMITS=2026_MODEL__O.I.L. BULL MOOSE DRAW RESULTS.pdf,33,0,33,MB6257,POINT_LIKE_ROW_NOT_STANDARD_12_TOKEN_SHAPE,Totals | 64 | 0 | 1 | 1 | 1 in 64.0 | Totals | 0 | 0 | 0 | 0 | N/A
2025_PERMITS=2026_MODEL__O.I.L. BULL MOOSE DRAW RESULTS.pdf,34,0,33,MB6258,POINT_LIKE_ROW_NOT_STANDARD_12_TOKEN_SHAPE,Totals | 30 | 0 | 1 | 1 | 1 in 30.0 | Totals | 0 | 0 | 0 | 0 | N/A
2025_PERMITS=2026_MODEL__O.I.L. BULL MOOSE DRAW RESULTS.pdf,35,0,33,MB6259,POINT_LIKE_ROW_NOT_STANDARD_12_TOKEN_SHAPE,Totals | 43 | 0 | 1 | 1 | 1 in 43.0 | Totals | 0 | 0 | 0 | 0 | N/A
2025_PERMITS=2026_MODEL__O.I.L. BULL MOOSE DRAW RESULTS.pdf,36,0,33,MB6262,POINT_LIKE_ROW_NOT_STANDARD_12_TOKEN_SHAPE,Totals | 60 | 0 | 1 | 1 | 1 in 60.0 | Totals | 0 | 0 | 0 | 0 | N/A
2025_PERMITS=2026_MODEL__O.I.L. BULL MOOSE DRAW RESULTS.pdf,37,0,33,MB6266,POINT_LIKE_ROW_NOT_STANDARD_12_TOKEN_SHAPE,Totals | 188 | 2 | 1 | 3 | 1 in 62.7 | Totals | 0 | 0 | 0 | 0 | N/A
2025_PERMITS=2026_MODEL__O.I.L. DESERT BIGHORN SHEEP DRAW RESULTS.pdf,2,0,33,DS6600,POINT_LIKE_ROW_NOT_STANDARD_12_TOKEN_SHAPE,Totals | 392 | 2 | 1 | 3 | 1 in 130.7 | Totals | 0 | 0 | 0 | 0 | N/A
2025_PERMITS=2026_MODEL__O.I.L. DESERT BIGHORN SHEEP DRAW RESULTS.pdf,3,0,33,DS6601,POINT_LIKE_ROW_NOT_STANDARD_12_TOKEN_SHAPE,Totals | 1130 | 5 | 4 | 9 | 1 in 125.6 | Totals | 4537 | 1 | 1 | 2 | in 2268.5
2025_PERMITS=2026_MODEL__O.I.L. DESERT BIGHORN SHEEP DRAW RESULTS.pdf,4,0,33,DS6603,POINT_LIKE_ROW_NOT_STANDARD_12_TOKEN_SHAPE,Totals | 647 | 2 | 2 | 4 | 1 in 161.8 | Totals | 2635 | 0 | 1 | 1 | in 2635.0
2025_PERMITS=2026_MODEL__O.I.L. DESERT BIGHORN SHEEP DRAW RESULTS.pdf,5,0,33,DS6604,POINT_LIKE_ROW_NOT_STANDARD_12_TOKEN_SHAPE,Totals | 424 | 3 | 3 | 6 | 1 in 70.7 | Totals | 0 | 0 | 0 | 0 | N/A
2025_PERMITS=2026_MODEL__O.I.L. DESERT BIGHORN SHEEP DRAW RESULTS.pdf,6,0,33,DS6606,POINT_LIKE_ROW_NOT_STANDARD_12_TOKEN_SHAPE,Totals | 118 | 1 | 1 | 2 | 1 in 59.0 | Totals | 0 | 0 | 0 | 0 | N/A
2025_PERMITS=2026_MODEL__O.I.L. DESERT BIGHORN SHEEP DRAW RESULTS.pdf,7,0,33,DS6607,POINT_LIKE_ROW_NOT_STANDARD_12_TOKEN_SHAPE,Totals | 177 | 1 | 1 | 2 | 1 in 88.5 | Totals | 0 | 0 | 0 | 0 | N/A
2025_PERMITS=2026_MODEL__O.I.L. DESERT BIGHORN SHEEP DRAW RESULTS.pdf,8,0,33,DS6608,POINT_LIKE_ROW_NOT_STANDARD_12_TOKEN_SHAPE,Totals | 490 | 3 | 2 | 5 | 1 in 98.0 | Totals | 2091 | 1 | 1 | 2 | in 1045.5
2025_PERMITS=2026_MODEL__O.I.L. DESERT BIGHORN SHEEP DRAW RESULTS.pdf,9,0,33,DS6609,POINT_LIKE_ROW_NOT_STANDARD_12_TOKEN_SHAPE,Totals | 729 | 4 | 3 | 7 | 1 in 104.1 | Totals | 0 | 0 | 0 | 0 | N/A
2025_PERMITS=2026_MODEL__O.I.L. DESERT BIGHORN SHEEP DRAW RESULTS.pdf,10,0,33,DS6610,POINT_LIKE_ROW_NOT_STANDARD_12_TOKEN_SHAPE,Totals | 789 | 5 | 5 | 10 | 1 in 78.9 | Totals | 2003 | 1 | 1 | 2 | in 1001.5
2025_PERMITS=2026_MODEL__O.I.L. DESERT BIGHORN SHEEP DRAW RESULTS.pdf,11,0,33,DS6611,POINT_LIKE_ROW_NOT_STANDARD_12_TOKEN_SHAPE,Totals | 1368 | 2 | 1 | 3 | 1 in 456.0 | Totals | 0 | 0 | 0 | 0 | N/A
2025_PERMITS=2026_MODEL__O.I.L. DESERT BIGHORN SHEEP DRAW RESULTS.pdf,12,0,33,DS6620,POINT_LIKE_ROW_NOT_STANDARD_12_TOKEN_SHAPE,Totals | 650 | 2 | 1 | 3 | 1 in 216.7 | Totals | 0 | 0 | 0 | 0 | N/A
2025_PERMITS=2026_MODEL__O.I.L. DESERT BIGHORN SHEEP DRAW RESULTS.pdf,13,0,33,DS6621,POINT_LIKE_ROW_NOT_STANDARD_12_TOKEN_SHAPE,Totals | 746 | 3 | 2 | 5 | 1 in 149.2 | Totals | 0 | 0 | 0 | 0 | N/A
2025_PERMITS=2026_MODEL__O.I.L. DESERT BIGHORN SHEEP DRAW RESULTS.pdf,14,0,33,DS6622,POINT_LIKE_ROW_NOT_STANDARD_12_TOKEN_SHAPE,Totals | 120 | 2 | 1 | 3 | 1 in 40.0 | Totals | 0 | 0 | 0 | 0 | N/A
2025_PERMITS=2026_MODEL__O.I.L. DESERT BIGHORN SHEEP DRAW RESULTS.pdf,15,0,33,DS6623,POINT_LIKE_ROW_NOT_STANDARD_12_TOKEN_SHAPE,Totals | 137 | 1 | 1 | 2 | 1 in 68.5 | Totals | 0 | 0 | 0 | 0 | N/A
2025_PERMITS=2026_MODEL__O.I.L. DESERT BIGHORN SHEEP DRAW RESULTS.pdf,16,0,33,DS6624,POINT_LIKE_ROW_NOT_STANDARD_12_TOKEN_SHAPE,Totals | 224 | 1 | 1 | 2 | 1 in 112.0 | Totals | 0 | 0 | 0 | 0 | N/A
2025_PERMITS=2026_MODEL__O.I.L. DESERT BIGHORN SHEEP DRAW RESULTS.pdf,17,0,33,DS6625,POINT_LIKE_ROW_NOT_STANDARD_12_TOKEN_SHAPE,Totals | 376 | 2 | 1 | 3 | 1 in 125.3 | Totals | 0 | 0 | 0 | 0 | N/A
2025_PERMITS=2026_MODEL__O.I.L. DESERT BIGHORN SHEEP DRAW RESULTS.pdf,18,0,33,DS6626,POINT_LIKE_ROW_NOT_STANDARD_12_TOKEN_SHAPE,Totals | 317 | 3 | 2 | 5 | 1 in 63.4 | Totals | 1287 | 1 | 1 | 2 | 1 in 643.5
2025_PERMITS=2026_MODEL__O.I.L. DESERT BIGHORN SHEEP DRAW RESULTS.pdf,19,0,33,DS6627,POINT_LIKE_ROW_NOT_STANDARD_12_TOKEN_SHAPE,Totals | 149 | 2 | 1 | 3 | 1 in 49.7 | Totals | 0 | 0 | 0 | 0 | N/A
2025_PERMITS=2026_MODEL__O.I.L. MTN GOAT DRAW RESULTS.pdf,2,0,33,GO6800,POINT_LIKE_ROW_NOT_STANDARD_12_TOKEN_SHAPE,Totals | 1355 | 4 | 3 | 7 | 1 in 193.6 | Totals | 3030 | 0 | 1 | 1 | in 3030.0
2025_PERMITS=2026_MODEL__O.I.L. MTN GOAT DRAW RESULTS.pdf,3,0,33,GO6801,POINT_LIKE_ROW_NOT_STANDARD_12_TOKEN_SHAPE,Totals | 1004 | 5 | 4 | 9 | 1 in 111.6 | Totals | 0 | 0 | 0 | 0 | N/A
2025_PERMITS=2026_MODEL__O.I.L. MTN GOAT DRAW RESULTS.pdf,4,0,33,GO6803,POINT_LIKE_ROW_NOT_STANDARD_12_TOKEN_SHAPE,Totals | 892 | 8 | 8 | 16 | 1 in 55.8 | Totals | 1749 | 1 | 1 | 2 | 1 in 874.5
2025_PERMITS=2026_MODEL__O.I.L. MTN GOAT DRAW RESULTS.pdf,5,0,33,GO6804,POINT_LIKE_ROW_NOT_STANDARD_12_TOKEN_SHAPE,Totals | 218 | 0 | 1 | 1 | 1 in 218.0 | Totals | 0 | 0 | 0 | 0 | N/A
2025_PERMITS=2026_MODEL__O.I.L. MTN GOAT DRAW RESULTS.pdf,6,0,33,GO6805,POINT_LIKE_ROW_NOT_STANDARD_12_TOKEN_SHAPE,Totals | 288 | 3 | 2 | 5 | 1 in 57.6 | Totals | 0 | 0 | 0 | 0 | N/A
2025_PERMITS=2026_MODEL__O.I.L. MTN GOAT DRAW RESULTS.pdf,7,0,33,GO6806,POINT_LIKE_ROW_NOT_STANDARD_12_TOKEN_SHAPE,Totals | 122 | 1 | 1 | 2 | 1 in 61.0 | Totals | 0 | 0 | 0 | 0 | N/A
2025_PERMITS=2026_MODEL__O.I.L. MTN GOAT DRAW RESULTS.pdf,8,0,33,GO6807,POINT_LIKE_ROW_NOT_STANDARD_12_TOKEN_SHAPE,Totals | 126 | 0 | 1 | 1 | 1 in 126.0 | Totals | 0 | 0 | 0 | 0 | N/A
2025_PERMITS=2026_MODEL__O.I.L. MTN GOAT DRAW RESULTS.pdf,9,0,33,GO6808,POINT_LIKE_ROW_NOT_STANDARD_12_TOKEN_SHAPE,Totals | 546 | 5 | 4 | 9 | 1 in 60.7 | Totals | 1594 | 1 | 1 | 2 | 1 in 797.0
2025_PERMITS=2026_MODEL__O.I.L. MTN GOAT DRAW RESULTS.pdf,10,0,33,GO6810,POINT_LIKE_ROW_NOT_STANDARD_12_TOKEN_SHAPE,Totals | 943 | 0 | 1 | 1 | 1 in 943.0 | Totals | 0 | 0 | 0 | 0 | N/A
2025_PERMITS=2026_MODEL__O.I.L. MTN GOAT DRAW RESULTS.pdf,11,0,33,GO6813,POINT_LIKE_ROW_NOT_STANDARD_12_TOKEN_SHAPE,Totals | 179 | 3 | 2 | 5 | 1 in 35.8 | Totals | 0 | 0 | 0 | 0 | N/A
2025_PERMITS=2026_MODEL__O.I.L. MTN GOAT DRAW RESULTS.pdf,12,0,33,GO6814,POINT_LIKE_ROW_NOT_STANDARD_12_TOKEN_SHAPE,Totals | 190 | 1 | 1 | 2 | 1 in 95.0 | Totals | 0 | 0 | 0 | 0 | N/A
2025_PERMITS=2026_MODEL__O.I.L. MTN GOAT DRAW RESULTS.pdf,13,0,33,GO6817,POINT_LIKE_ROW_NOT_STANDARD_12_TOKEN_SHAPE,Totals | 445 | 5 | 4 | 9 | 1 in 49.4 | Totals | 1634 | 1 | 1 | 2 | 1 in 817.0
2025_PERMITS=2026_MODEL__O.I.L. MTN GOAT DRAW RESULTS.pdf,14,0,33,GO6818,POINT_LIKE_ROW_NOT_STANDARD_12_TOKEN_SHAPE,Totals | 113 | 2 | 1 | 3 | 1 in 37.7 | Totals | 0 | 0 | 0 | 0 | N/A
2025_PERMITS=2026_MODEL__O.I.L. MTN GOAT DRAW RESULTS.pdf,15,0,33,GO6819,POINT_LIKE_ROW_NOT_STANDARD_12_TOKEN_SHAPE,Totals | 115 | 0 | 1 | 1 | 1 in 115.0 | Totals | 0 | 0 | 0 | 0 | N/A
2025_PERMITS=2026_MODEL__O.I.L. MTN GOAT DRAW RESULTS.pdf,16,0,33,GO6820,POINT_LIKE_ROW_NOT_STANDARD_12_TOKEN_SHAPE,Totals | 605 | 4 | 4 | 8 | 1 in 75.6 | Totals | 1092 | 1 | 1 | 2 | 1 in 546.0
2025_PERMITS=2026_MODEL__O.I.L. MTN GOAT DRAW RESULTS.pdf,17,0,33,GO6821,POINT_LIKE_ROW_NOT_STANDARD_12_TOKEN_SHAPE,Totals | 368 | 6 | 5 | 11 | 1 in 33.5 | Totals | 0 | 0 | 0 | 0 | N/A
2025_PERMITS=2026_MODEL__O.I.L. MTN GOAT DRAW RESULTS.pdf,18,0,33,GO6822,POINT_LIKE_ROW_NOT_STANDARD_12_TOKEN_SHAPE,Totals | 170 | 1 | 1 | 2 | 1 in 85.0 | Totals | 0 | 0 | 0 | 0 | N/A
2025_PERMITS=2026_MODEL__O.I.L. ROCKY MTN SHEEP DRAW RESULTS.pdf,2,0,33,RS6700,POINT_LIKE_ROW_NOT_STANDARD_12_TOKEN_SHAPE,Totals | 683 | 0 | 1 | 1 | 1 in 683.0 | Totals | 0 | 0 | 0 | 0 | N/A
2025_PERMITS=2026_MODEL__O.I.L. ROCKY MTN SHEEP DRAW RESULTS.pdf,3,0,33,RS6701,POINT_LIKE_ROW_NOT_STANDARD_12_TOKEN_SHAPE,Totals | 985 | 3 | 2 | 5 | 1 in 197.0 | Totals | 5536 | 0 | 1 | 1 | in 5536.0
2025_PERMITS=2026_MODEL__O.I.L. ROCKY MTN SHEEP DRAW RESULTS.pdf,4,0,33,RS6703,POINT_LIKE_ROW_NOT_STANDARD_12_TOKEN_SHAPE,Totals | 749 | 2 | 1 | 3 | 1 in 249.7 | Totals | 0 | 0 | 0 | 0 | N/A
2025_PERMITS=2026_MODEL__O.I.L. ROCKY MTN SHEEP DRAW RESULTS.pdf,5,0,33,RS6704,POINT_LIKE_ROW_NOT_STANDARD_12_TOKEN_SHAPE,Totals | 651 | 2 | 1 | 3 | 1 in 217.0 | Totals | 2689 | 0 | 1 | 1 | in 2689.0
2025_PERMITS=2026_MODEL__O.I.L. ROCKY MTN SHEEP DRAW RESULTS.pdf,6,0,33,RS6708,POINT_LIKE_ROW_NOT_STANDARD_12_TOKEN_SHAPE,Totals | 386 | 2 | 1 | 3 | 1 in 128.7 | Totals | 0 | 0 | 0 | 0 | N/A
2025_PERMITS=2026_MODEL__O.I.L. ROCKY MTN SHEEP DRAW RESULTS.pdf,7,0,33,RS6709,POINT_LIKE_ROW_NOT_STANDARD_12_TOKEN_SHAPE,Totals | 583 | 2 | 2 | 4 | 1 in 145.8 | Totals | 0 | 0 | 0 | 0 | N/A
2025_PERMITS=2026_MODEL__O.I.L. ROCKY MTN SHEEP DRAW RESULTS.pdf,8,0,33,RS6712,POINT_LIKE_ROW_NOT_STANDARD_12_TOKEN_SHAPE,Totals | 806 | 2 | 2 | 4 | 1 in 201.5 | Totals | 2339 | 1 | 1 | 2 | in 1169.5
2025_PERMITS=2026_MODEL__O.I.L. ROCKY MTN SHEEP DRAW RESULTS.pdf,9,0,33,RS6713,POINT_LIKE_ROW_NOT_STANDARD_12_TOKEN_SHAPE,Totals | 528 | 2 | 2 | 4 | 1 in 132.0 | Totals | 0 | 0 | 0 | 0 | N/A
2025_PERMITS=2026_MODEL__O.I.L. ROCKY MTN SHEEP DRAW RESULTS.pdf,10,0,33,RS6720,POINT_LIKE_ROW_NOT_STANDARD_12_TOKEN_SHAPE,Totals | 648 | 2 | 1 | 3 | 1 in 216.0 | Totals | 0 | 0 | 0 | 0 | N/A
2025_PERMITS=2026_MODEL__O.I.L. ROCKY MTN SHEEP DRAW RESULTS.pdf,11,0,33,RS6721,POINT_LIKE_ROW_NOT_STANDARD_12_TOKEN_SHAPE,Totals | 383 | 2 | 1 | 3 | 1 in 127.7 | Totals | 0 | 0 | 0 | 0 | N/A
2025_PERMITS=2026_MODEL__O.I.L. ROCKY MTN SHEEP DRAW RESULTS.pdf,12,0,33,RS6722,POINT_LIKE_ROW_NOT_STANDARD_12_TOKEN_SHAPE,Totals | 211 | 1 | 1 | 2 | 1 in 105.5 | Totals | 0 | 0 | 0 | 0 | N/A
2025_PERMITS=2026_MODEL__O.I.L. ROCKY MTN SHEEP DRAW RESULTS.pdf,13,0,33,RS6724,POINT_LIKE_ROW_NOT_STANDARD_12_TOKEN_SHAPE,Totals | 778 | 1 | 1 | 2 | 1 in 389.0 | Totals | 0 | 0 | 0 | 0 | N/A
2025_PERMITS=2026_MODEL__O.I.L. ROCKY MTN SHEEP DRAW RESULTS.pdf,14,0,33,RS6725,POINT_LIKE_ROW_NOT_STANDARD_12_TOKEN_SHAPE,Totals | 414 | 1 | 1 | 2 | 1 in 207.0 | Totals | 0 | 0 | 0 | 0 | N/A
2025_PERMITS=2026_MODEL__O.I.L. ROCKY MTN SHEEP DRAW RESULTS.pdf,15,0,33,RS6726,POINT_LIKE_ROW_NOT_STANDARD_12_TOKEN_SHAPE,Totals | 626 | 2 | 2 | 4 | 1 in 156.5 | Totals | 1721 | 0 | 1 | 1 | in 1721.0
2025_PERMITS=2026_MODEL__O.I.L. ROCKY MTN SHEEP DRAW RESULTS.pdf,16,0,33,RS6727,POINT_LIKE_ROW_NOT_STANDARD_12_TOKEN_SHAPE,Totals | 190 | 1 | 1 | 2 | 1 in 95.0 | Totals | 0 | 0 | 0 | 0 | N/A
