model_version,rule_version,year,forecast_year,hunt_code,hunt_name,species,sex_type,hunt_type,hunt_class,residency,points,draw_pool,public_permits_2025,public_permits_2026,max_point_permits_2025,max_point_permits_2026,random_permits_2025,random_permits_2026,guaranteed_at_2025,guaranteed_at_2026,applicants_above,applicants_at_level,p_preference_draw,p_bonus_pool,p_random_pool,p_draw,p_bonus_pool_pct,p_random_pool_pct,p_draw_pct,random_draw_odds_2026,gap,delta_gap,status,trend,draw_outlook,source_years_used,source_year_count,latest_source_year,earliest_source_year,source_dataset,model_strategy,weapon,draw_system_type,data_quality_flags,algorithm_status,target_scope,modeled_by_engine,reason,p_prior_year_baseline,p_quota_adjusted,p_rollover_adjusted,p_harvest_adjusted,runtime_promotion_family,runtime_promotion_status,runtime_promotion_decision,runtime_promotion_source,runtime_promotion_source_report,runtime_promotion_note,display_odds_text
hybrid_ml_v2.1.0,utah_turkey_bonus_v1.0.0,2027,2027,TK1003,Central Region,Turkey,Bearded,Limited Entry,Youth,Nonresident,0,youth_turkey,0,0,,0,,0,,,,0,,0.000000,0.000000,0.000000,0.000,0.000,0.000,0.000,,,BEHIND,YELLOW,POINT CREEP DEFEAT,"2019,2020,2021,2022,2023,2024,2025",7,2025,2019,predictive,youth_turkey_set_aside_bonus_v1,Any Legal Weapon,YOUTH_TURKEY_SET_ASIDE,YOUTH_TURKEY_SOURCE_CLASSIFIED|YOUTH_TURKEY_15_PERCENT_SET_ASIDE_APPLIED|YOUTH_TURKEY_SEPARATE_FROM_ADULT_TURKEY|YOUTH_TURKEY_QUOTA_SOURCE_HARD_PERMITS_2026_TOTAL_YOUTH_SET_ASIDE|LOW_APPLICANT_COUNT|PROVEN_YOUTH_TURKEY_SOURCE,MODELED_BONUS,TARGET,True,Modeled by engine.utah_draw_predictive.turkey.,0.000000,0.000000,0.000000,0.000000,YOUTH_TURKEY_SET_ASIDE,PROMOTED_TO_RUNTIME,APPROVED_RUNTIME_PROMOTION_2026_06_29,audits\full_family_runtime_materialized_20260703_025641\outputs\youth_turkey_report.json,audits\full_family_runtime_materialized_20260703_025641\outputs\youth_turkey_report.json,Family promoted after zero-pending runtime reconciliation; non-public/reference rows remain excluded.,
hybrid_ml_v2.1.0,utah_turkey_bonus_v1.0.0,2027,2027,TK1003,Central Region,Turkey,Bearded,Limited Entry,Youth,Nonresident,1,youth_turkey,0,0,,0,,0,,,,0,,0.000000,0.000000,0.000000,0.000,0.000,0.000,0.000,,,BEHIND,YELLOW,POINT CREEP DEFEAT,"2019,2020,2021,2022,2023,2024,2025",7,2025,2019,predictive,youth_turkey_set_aside_bonus_v1,Any Legal Weapon,YOUTH_TURKEY_SET_ASIDE,YOUTH_TURKEY_SOURCE_CLASSIFIED|YOUTH_TURKEY_15_PERCENT_SET_ASIDE_APPLIED|YOUTH_TURKEY_SEPARATE_FROM_ADULT_TURKEY|YOUTH_TURKEY_QUOTA_SOURCE_HARD_PERMITS_2026_TOTAL_YOUTH_SET_ASIDE|LOW_APPLICANT_COUNT|PROVEN_YOUTH_TURKEY_SOURCE,MODELED_BONUS,TARGET,True,Modeled by engine.utah_draw_predictive.turkey.,0.000000,0.000000,0.000000,0.000000,YOUTH_TURKEY_SET_ASIDE,PROMOTED_TO_RUNTIME,APPROVED_RUNTIME_PROMOTION_2026_06_29,audits\full_family_runtime_materialized_20260703_025641\outputs\youth_turkey_report.json,audits\full_family_runtime_materialized_20260703_025641\outputs\youth_turkey_report.json,Family promoted after zero-pending runtime reconciliation; non-public/reference rows remain excluded.,
hybrid_ml_v2.1.0,utah_turkey_bonus_v1.0.0,2027,2027,TK1003,Central Region,Turkey,Bearded,Limited Entry,Youth,Nonresident,2,youth_turkey,0,0,,0,,0,,,,0,,0.000000,0.000000,0.000000,0.000,0.000,0.000,0.000,,,BEHIND,YELLOW,POINT CREEP DEFEAT,"2019,2020,2021,2022,2023,2024,2025",7,2025,2019,predictive,youth_turkey_set_aside_bonus_v1,Any Legal Weapon,YOUTH_TURKEY_SET_ASIDE,YOUTH_TURKEY_SOURCE_CLASSIFIED|YOUTH_TURKEY_15_PERCENT_SET_ASIDE_APPLIED|YOUTH_TURKEY_SEPARATE_FROM_ADULT_TURKEY|YOUTH_TURKEY_QUOTA_SOURCE_HARD_PERMITS_2026_TOTAL_YOUTH_SET_ASIDE|LOW_APPLICANT_COUNT|PROVEN_YOUTH_TURKEY_SOURCE,MODELED_BONUS,TARGET,True,Modeled by engine.utah_draw_predictive.turkey.,0.000000,0.000000,0.000000,0.000000,YOUTH_TURKEY_SET_ASIDE,PROMOTED_TO_RUNTIME,APPROVED_RUNTIME_PROMOTION_2026_06_29,audits\full_family_runtime_materialized_20260703_025641\outputs\youth_turkey_report.json,audits\full_family_runtime_materialized_20260703_025641\outputs\youth_turkey_report.json,Family promoted after zero-pending runtime reconciliation; non-public/reference rows remain excluded.,
hybrid_ml_v2.1.0,utah_turkey_bonus_v1.0.0,2027,2027,TK1003,Central Region,Turkey,Bearded,Limited Entry,Youth,Nonresident,3,youth_turkey,0,0,,0,,0,,,,0,,0.000000,0.000000,0.000000,0.000,0.000,0.000,0.000,,,BEHIND,YELLOW,POINT CREEP DEFEAT,"2019,2020,2021,2022,2023,2024,2025",7,2025,2019,predictive,youth_turkey_set_aside_bonus_v1,Any Legal Weapon,YOUTH_TURKEY_SET_ASIDE,YOUTH_TURKEY_SOURCE_CLASSIFIED|YOUTH_TURKEY_15_PERCENT_SET_ASIDE_APPLIED|YOUTH_TURKEY_SEPARATE_FROM_ADULT_TURKEY|YOUTH_TURKEY_QUOTA_SOURCE_HARD_PERMITS_2026_TOTAL_YOUTH_SET_ASIDE|LOW_APPLICANT_COUNT|PROVEN_YOUTH_TURKEY_SOURCE,MODELED_BONUS,TARGET,True,Modeled by engine.utah_draw_predictive.turkey.,0.000000,0.000000,0.000000,0.000000,YOUTH_TURKEY_SET_ASIDE,PROMOTED_TO_RUNTIME,APPROVED_RUNTIME_PROMOTION_2026_06_29,audits\full_family_runtime_materialized_20260703_025641\outputs\youth_turkey_report.json,audits\full_family_runtime_materialized_20260703_025641\outputs\youth_turkey_report.json,Family promoted after zero-pending runtime reconciliation; non-public/reference rows remain excluded.,
hybrid_ml_v2.1.0,utah_turkey_bonus_v1.0.0,2027,2027,TK1003,Central Region,Turkey,Bearded,Limited Entry,Youth,Nonresident,4,youth_turkey,0,0,,0,,0,,,,0,,0.000000,0.000000,0.000000,0.000,0.000,0.000,0.000,,,BEHIND,YELLOW,POINT CREEP DEFEAT,"2019,2020,2021,2022,2023,2024,2025",7,2025,2019,predictive,youth_turkey_set_aside_bonus_v1,Any Legal Weapon,YOUTH_TURKEY_SET_ASIDE,YOUTH_TURKEY_SOURCE_CLASSIFIED|YOUTH_TURKEY_15_PERCENT_SET_ASIDE_APPLIED|YOUTH_TURKEY_SEPARATE_FROM_ADULT_TURKEY|YOUTH_TURKEY_QUOTA_SOURCE_HARD_PERMITS_2026_TOTAL_YOUTH_SET_ASIDE|LOW_APPLICANT_COUNT|PROVEN_YOUTH_TURKEY_SOURCE,MODELED_BONUS,TARGET,True,Modeled by engine.utah_draw_predictive.turkey.,0.000000,0.000000,0.000000,0.000000,YOUTH_TURKEY_SET_ASIDE,PROMOTED_TO_RUNTIME,APPROVED_RUNTIME_PROMOTION_2026_06_29,audits\full_family_runtime_materialized_20260703_025641\outputs\youth_turkey_report.json,audits\full_family_runtime_materialized_20260703_025641\outputs\youth_turkey_report.json,Family promoted after zero-pending runtime reconciliation; non-public/reference rows remain excluded.,
hybrid_ml_v2.1.0,utah_turkey_bonus_v1.0.0,2027,2027,TK1003,Central Region,Turkey,Bearded,Limited Entry,Youth,Nonresident,5,youth_turkey,0,0,,0,,0,,,,0,,0.000000,0.000000,0.000000,0.000,0.000,0.000,0.000,,,BEHIND,YELLOW,POINT CREEP DEFEAT,"2019,2020,2021,2022,2023,2024,2025",7,2025,2019,predictive,youth_turkey_set_aside_bonus_v1,Any Legal Weapon,YOUTH_TURKEY_SET_ASIDE,YOUTH_TURKEY_SOURCE_CLASSIFIED|YOUTH_TURKEY_15_PERCENT_SET_ASIDE_APPLIED|YOUTH_TURKEY_SEPARATE_FROM_ADULT_TURKEY|YOUTH_TURKEY_QUOTA_SOURCE_HARD_PERMITS_2026_TOTAL_YOUTH_SET_ASIDE|LOW_APPLICANT_COUNT|PROVEN_YOUTH_TURKEY_SOURCE,MODELED_BONUS,TARGET,True,Modeled by engine.utah_draw_predictive.turkey.,0.000000,0.000000,0.000000,0.000000,YOUTH_TURKEY_SET_ASIDE,PROMOTED_TO_RUNTIME,APPROVED_RUNTIME_PROMOTION_2026_06_29,audits\full_family_runtime_materialized_20260703_025641\outputs\youth_turkey_report.json,audits\full_family_runtime_materialized_20260703_025641\outputs\youth_turkey_report.json,Family promoted after zero-pending runtime reconciliation; non-public/reference rows remain excluded.,
hybrid_ml_v2.1.0,utah_turkey_bonus_v1.0.0,2027,2027,TK1003,Central Region,Turkey,Bearded,Limited Entry,Youth,Nonresident,6,youth_turkey,0,0,,0,,0,,,,0,,0.000000,0.000000,0.000000,0.000,0.000,0.000,0.000,,,BEHIND,YELLOW,POINT CREEP DEFEAT,"2019,2020,2021,2022,2023,2024,2025",7,2025,2019,predictive,youth_turkey_set_aside_bonus_v1,Any Legal Weapon,YOUTH_TURKEY_SET_ASIDE,YOUTH_TURKEY_SOURCE_CLASSIFIED|YOUTH_TURKEY_15_PERCENT_SET_ASIDE_APPLIED|YOUTH_TURKEY_SEPARATE_FROM_ADULT_TURKEY|YOUTH_TURKEY_QUOTA_SOURCE_HARD_PERMITS_2026_TOTAL_YOUTH_SET_ASIDE|LOW_APPLICANT_COUNT|PROVEN_YOUTH_TURKEY_SOURCE,MODELED_BONUS,TARGET,True,Modeled by engine.utah_draw_predictive.turkey.,0.000000,0.000000,0.000000,0.000000,YOUTH_TURKEY_SET_ASIDE,PROMOTED_TO_RUNTIME,APPROVED_RUNTIME_PROMOTION_2026_06_29,audits\full_family_runtime_materialized_20260703_025641\outputs\youth_turkey_report.json,audits\full_family_runtime_materialized_20260703_025641\outputs\youth_turkey_report.json,Family promoted after zero-pending runtime reconciliation; non-public/reference rows remain excluded.,
hybrid_ml_v2.1.0,utah_turkey_bonus_v1.0.0,2027,2027,TK1003,Central Region,Turkey,Bearded,Limited Entry,Youth,Nonresident,7,youth_turkey,0,0,,0,,0,,,,0,,0.000000,0.000000,0.000000,0.000,0.000,0.000,0.000,,,BEHIND,YELLOW,POINT CREEP DEFEAT,"2019,2020,2021,2022,2023,2024,2025",7,2025,2019,predictive,youth_turkey_set_aside_bonus_v1,Any Legal Weapon,YOUTH_TURKEY_SET_ASIDE,YOUTH_TURKEY_SOURCE_CLASSIFIED|YOUTH_TURKEY_15_PERCENT_SET_ASIDE_APPLIED|YOUTH_TURKEY_SEPARATE_FROM_ADULT_TURKEY|YOUTH_TURKEY_QUOTA_SOURCE_HARD_PERMITS_2026_TOTAL_YOUTH_SET_ASIDE|LOW_APPLICANT_COUNT|PROVEN_YOUTH_TURKEY_SOURCE,MODELED_BONUS,TARGET,True,Modeled by engine.utah_draw_predictive.turkey.,0.000000,0.000000,0.000000,0.000000,YOUTH_TURKEY_SET_ASIDE,PROMOTED_TO_RUNTIME,APPROVED_RUNTIME_PROMOTION_2026_06_29,audits\full_family_runtime_materialized_20260703_025641\outputs\youth_turkey_report.json,audits\full_family_runtime_materialized_20260703_025641\outputs\youth_turkey_report.json,Family promoted after zero-pending runtime reconciliation; non-public/reference rows remain excluded.,
hybrid_ml_v2.1.0,utah_turkey_bonus_v1.0.0,2027,2027,TK1003,Central Region,Turkey,Bearded,Limited Entry,Youth,Nonresident,8,youth_turkey,0,0,,0,,0,,,,0,,0.000000,0.000000,0.000000,0.000,0.000,0.000,0.000,,,BEHIND,YELLOW,POINT CREEP DEFEAT,"2019,2020,2021,2022,2023,2024,2025",7,2025,2019,predictive,youth_turkey_set_aside_bonus_v1,Any Legal Weapon,YOUTH_TURKEY_SET_ASIDE,YOUTH_TURKEY_SOURCE_CLASSIFIED|YOUTH_TURKEY_15_PERCENT_SET_ASIDE_APPLIED|YOUTH_TURKEY_SEPARATE_FROM_ADULT_TURKEY|YOUTH_TURKEY_QUOTA_SOURCE_HARD_PERMITS_2026_TOTAL_YOUTH_SET_ASIDE|LOW_APPLICANT_COUNT|PROVEN_YOUTH_TURKEY_SOURCE,MODELED_BONUS,TARGET,True,Modeled by engine.utah_draw_predictive.turkey.,0.000000,0.000000,0.000000,0.000000,YOUTH_TURKEY_SET_ASIDE,PROMOTED_TO_RUNTIME,APPROVED_RUNTIME_PROMOTION_2026_06_29,audits\full_family_runtime_materialized_20260703_025641\outputs\youth_turkey_report.json,audits\full_family_runtime_materialized_20260703_025641\outputs\youth_turkey_report.json,Family promoted after zero-pending runtime reconciliation; non-public/reference rows remain excluded.,
hybrid_ml_v2.1.0,utah_turkey_bonus_v1.0.0,2027,2027,TK1003,Central Region,Turkey,Bearded,Limited Entry,Youth,Nonresident,9,youth_turkey,0,0,,0,,0,,,,0,,0.000000,0.000000,0.000000,0.000,0.000,0.000,0.000,,,BEHIND,YELLOW,POINT CREEP DEFEAT,"2019,2020,2021,2022,2023,2024,2025",7,2025,2019,predictive,youth_turkey_set_aside_bonus_v1,Any Legal Weapon,YOUTH_TURKEY_SET_ASIDE,YOUTH_TURKEY_SOURCE_CLASSIFIED|YOUTH_TURKEY_15_PERCENT_SET_ASIDE_APPLIED|YOUTH_TURKEY_SEPARATE_FROM_ADULT_TURKEY|YOUTH_TURKEY_QUOTA_SOURCE_HARD_PERMITS_2026_TOTAL_YOUTH_SET_ASIDE|LOW_APPLICANT_COUNT|PROVEN_YOUTH_TURKEY_SOURCE,MODELED_BONUS,TARGET,True,Modeled by engine.utah_draw_predictive.turkey.,0.000000,0.000000,0.000000,0.000000,YOUTH_TURKEY_SET_ASIDE,PROMOTED_TO_RUNTIME,APPROVED_RUNTIME_PROMOTION_2026_06_29,audits\full_family_runtime_materialized_20260703_025641\outputs\youth_turkey_report.json,audits\full_family_runtime_materialized_20260703_025641\outputs\youth_turkey_report.json,Family promoted after zero-pending runtime reconciliation; non-public/reference rows remain excluded.,
hybrid_ml_v2.1.0,utah_turkey_bonus_v1.0.0,2027,2027,TK1003,Central Region,Turkey,Bearded,Limited Entry,Youth,Nonresident,10,youth_turkey,0,0,,0,,0,,,,0,,0.000000,0.000000,0.000000,0.000,0.000,0.000,0.000,,,BEHIND,YELLOW,POINT CREEP DEFEAT,"2019,2020,2021,2022,2023,2024,2025",7,2025,2019,predictive,youth_turkey_set_aside_bonus_v1,Any Legal Weapon,YOUTH_TURKEY_SET_ASIDE,YOUTH_TURKEY_SOURCE_CLASSIFIED|YOUTH_TURKEY_15_PERCENT_SET_ASIDE_APPLIED|YOUTH_TURKEY_SEPARATE_FROM_ADULT_TURKEY|YOUTH_TURKEY_QUOTA_SOURCE_HARD_PERMITS_2026_TOTAL_YOUTH_SET_ASIDE|LOW_APPLICANT_COUNT|PROVEN_YOUTH_TURKEY_SOURCE,MODELED_BONUS,TARGET,True,Modeled by engine.utah_draw_predictive.turkey.,0.000000,0.000000,0.000000,0.000000,YOUTH_TURKEY_SET_ASIDE,PROMOTED_TO_RUNTIME,APPROVED_RUNTIME_PROMOTION_2026_06_29,audits\full_family_runtime_materialized_20260703_025641\outputs\youth_turkey_report.json,audits\full_family_runtime_materialized_20260703_025641\outputs\youth_turkey_report.json,Family promoted after zero-pending runtime reconciliation; non-public/reference rows remain excluded.,
hybrid_ml_v2.1.0,utah_turkey_bonus_v1.0.0,2027,2027,TK1003,Central Region,Turkey,Bearded,Limited Entry,Youth,Nonresident,11,youth_turkey,0,0,,0,,0,,,,0,,0.000000,0.000000,0.000000,0.000,0.000,0.000,0.000,,,BEHIND,YELLOW,POINT CREEP DEFEAT,"2019,2020,2021,2022,2023,2024,2025",7,2025,2019,predictive,youth_turkey_set_aside_bonus_v1,Any Legal Weapon,YOUTH_TURKEY_SET_ASIDE,YOUTH_TURKEY_SOURCE_CLASSIFIED|YOUTH_TURKEY_15_PERCENT_SET_ASIDE_APPLIED|YOUTH_TURKEY_SEPARATE_FROM_ADULT_TURKEY|YOUTH_TURKEY_QUOTA_SOURCE_HARD_PERMITS_2026_TOTAL_YOUTH_SET_ASIDE|LOW_APPLICANT_COUNT|PROVEN_YOUTH_TURKEY_SOURCE,MODELED_BONUS,TARGET,True,Modeled by engine.utah_draw_predictive.turkey.,0.000000,0.000000,0.000000,0.000000,YOUTH_TURKEY_SET_ASIDE,PROMOTED_TO_RUNTIME,APPROVED_RUNTIME_PROMOTION_2026_06_29,audits\full_family_runtime_materialized_20260703_025641\outputs\youth_turkey_report.json,audits\full_family_runtime_materialized_20260703_025641\outputs\youth_turkey_report.json,Family promoted after zero-pending runtime reconciliation; non-public/reference rows remain excluded.,
hybrid_ml_v2.1.0,utah_turkey_bonus_v1.0.0,2027,2027,TK1003,Central Region,Turkey,Bearded,Limited Entry,Youth,Nonresident,12,youth_turkey,0,0,,0,,0,,,,0,,0.000000,0.000000,0.000000,0.000,0.000,0.000,0.000,,,BEHIND,YELLOW,POINT CREEP DEFEAT,"2019,2020,2021,2022,2023,2024,2025",7,2025,2019,predictive,youth_turkey_set_aside_bonus_v1,Any Legal Weapon,YOUTH_TURKEY_SET_ASIDE,YOUTH_TURKEY_SOURCE_CLASSIFIED|YOUTH_TURKEY_15_PERCENT_SET_ASIDE_APPLIED|YOUTH_TURKEY_SEPARATE_FROM_ADULT_TURKEY|YOUTH_TURKEY_QUOTA_SOURCE_HARD_PERMITS_2026_TOTAL_YOUTH_SET_ASIDE|LOW_APPLICANT_COUNT|PROVEN_YOUTH_TURKEY_SOURCE,MODELED_BONUS,TARGET,True,Modeled by engine.utah_draw_predictive.turkey.,0.000000,0.000000,0.000000,0.000000,YOUTH_TURKEY_SET_ASIDE,PROMOTED_TO_RUNTIME,APPROVED_RUNTIME_PROMOTION_2026_06_29,audits\full_family_runtime_materialized_20260703_025641\outputs\youth_turkey_report.json,audits\full_family_runtime_materialized_20260703_025641\outputs\youth_turkey_report.json,Family promoted after zero-pending runtime reconciliation; non-public/reference rows remain excluded.,
hybrid_ml_v2.1.0,utah_turkey_bonus_v1.0.0,2027,2027,TK1003,Central Region,Turkey,Bearded,Limited Entry,Youth,Nonresident,13,youth_turkey,0,0,,0,,0,,,,0,,0.000000,0.000000,0.000000,0.000,0.000,0.000,0.000,,,BEHIND,YELLOW,POINT CREEP DEFEAT,"2019,2020,2021,2022,2023,2024,2025",7,2025,2019,predictive,youth_turkey_set_aside_bonus_v1,Any Legal Weapon,YOUTH_TURKEY_SET_ASIDE,YOUTH_TURKEY_SOURCE_CLASSIFIED|YOUTH_TURKEY_15_PERCENT_SET_ASIDE_APPLIED|YOUTH_TURKEY_SEPARATE_FROM_ADULT_TURKEY|YOUTH_TURKEY_QUOTA_SOURCE_HARD_PERMITS_2026_TOTAL_YOUTH_SET_ASIDE|LOW_APPLICANT_COUNT|PROVEN_YOUTH_TURKEY_SOURCE,MODELED_BONUS,TARGET,True,Modeled by engine.utah_draw_predictive.turkey.,0.000000,0.000000,0.000000,0.000000,YOUTH_TURKEY_SET_ASIDE,PROMOTED_TO_RUNTIME,APPROVED_RUNTIME_PROMOTION_2026_06_29,audits\full_family_runtime_materialized_20260703_025641\outputs\youth_turkey_report.json,audits\full_family_runtime_materialized_20260703_025641\outputs\youth_turkey_report.json,Family promoted after zero-pending runtime reconciliation; non-public/reference rows remain excluded.,
hybrid_ml_v2.1.0,utah_turkey_bonus_v1.0.0,2027,2027,TK1003,Central Region,Turkey,Bearded,Limited Entry,Youth,Nonresident,14,youth_turkey,0,0,,0,,0,,,,0,,0.000000,0.000000,0.000000,0.000,0.000,0.000,0.000,,,BEHIND,YELLOW,POINT CREEP DEFEAT,"2019,2020,2021,2022,2023,2024,2025",7,2025,2019,predictive,youth_turkey_set_aside_bonus_v1,Any Legal Weapon,YOUTH_TURKEY_SET_ASIDE,YOUTH_TURKEY_SOURCE_CLASSIFIED|YOUTH_TURKEY_15_PERCENT_SET_ASIDE_APPLIED|YOUTH_TURKEY_SEPARATE_FROM_ADULT_TURKEY|YOUTH_TURKEY_QUOTA_SOURCE_HARD_PERMITS_2026_TOTAL_YOUTH_SET_ASIDE|LOW_APPLICANT_COUNT|PROVEN_YOUTH_TURKEY_SOURCE,MODELED_BONUS,TARGET,True,Modeled by engine.utah_draw_predictive.turkey.,0.000000,0.000000,0.000000,0.000000,YOUTH_TURKEY_SET_ASIDE,PROMOTED_TO_RUNTIME,APPROVED_RUNTIME_PROMOTION_2026_06_29,audits\full_family_runtime_materialized_20260703_025641\outputs\youth_turkey_report.json,audits\full_family_runtime_materialized_20260703_025641\outputs\youth_turkey_report.json,Family promoted after zero-pending runtime reconciliation; non-public/reference rows remain excluded.,
hybrid_ml_v2.1.0,utah_turkey_bonus_v1.0.0,2027,2027,TK1003,Central Region,Turkey,Bearded,Limited Entry,Youth,Nonresident,15,youth_turkey,0,0,,0,,0,,,,0,,0.000000,0.000000,0.000000,0.000,0.000,0.000,0.000,,,BEHIND,YELLOW,POINT CREEP DEFEAT,"2019,2020,2021,2022,2023,2024,2025",7,2025,2019,predictive,youth_turkey_set_aside_bonus_v1,Any Legal Weapon,YOUTH_TURKEY_SET_ASIDE,YOUTH_TURKEY_SOURCE_CLASSIFIED|YOUTH_TURKEY_15_PERCENT_SET_ASIDE_APPLIED|YOUTH_TURKEY_SEPARATE_FROM_ADULT_TURKEY|YOUTH_TURKEY_QUOTA_SOURCE_HARD_PERMITS_2026_TOTAL_YOUTH_SET_ASIDE|LOW_APPLICANT_COUNT|PROVEN_YOUTH_TURKEY_SOURCE,MODELED_BONUS,TARGET,True,Modeled by engine.utah_draw_predictive.turkey.,0.000000,0.000000,0.000000,0.000000,YOUTH_TURKEY_SET_ASIDE,PROMOTED_TO_RUNTIME,APPROVED_RUNTIME_PROMOTION_2026_06_29,audits\full_family_runtime_materialized_20260703_025641\outputs\youth_turkey_report.json,audits\full_family_runtime_materialized_20260703_025641\outputs\youth_turkey_report.json,Family promoted after zero-pending runtime reconciliation; non-public/reference rows remain excluded.,
hybrid_ml_v2.1.0,utah_turkey_bonus_v1.0.0,2027,2027,TK1003,Central Region,Turkey,Bearded,Limited Entry,Youth,Nonresident,16,youth_turkey,0,0,,0,,0,,,,0,,0.000000,0.000000,0.000000,0.000,0.000,0.000,0.000,,,BEHIND,YELLOW,POINT CREEP DEFEAT,"2019,2020,2021,2022,2023,2024,2025",7,2025,2019,predictive,youth_turkey_set_aside_bonus_v1,Any Legal Weapon,YOUTH_TURKEY_SET_ASIDE,YOUTH_TURKEY_SOURCE_CLASSIFIED|YOUTH_TURKEY_15_PERCENT_SET_ASIDE_APPLIED|YOUTH_TURKEY_SEPARATE_FROM_ADULT_TURKEY|YOUTH_TURKEY_QUOTA_SOURCE_HARD_PERMITS_2026_TOTAL_YOUTH_SET_ASIDE|LOW_APPLICANT_COUNT|PROVEN_YOUTH_TURKEY_SOURCE,MODELED_BONUS,TARGET,True,Modeled by engine.utah_draw_predictive.turkey.,0.000000,0.000000,0.000000,0.000000,YOUTH_TURKEY_SET_ASIDE,PROMOTED_TO_RUNTIME,APPROVED_RUNTIME_PROMOTION_2026_06_29,audits\full_family_runtime_materialized_20260703_025641\outputs\youth_turkey_report.json,audits\full_family_runtime_materialized_20260703_025641\outputs\youth_turkey_report.json,Family promoted after zero-pending runtime reconciliation; non-public/reference rows remain excluded.,
hybrid_ml_v2.1.0,utah_turkey_bonus_v1.0.0,2027,2027,TK1003,Central Region,Turkey,Bearded,Limited Entry,Youth,Nonresident,17,youth_turkey,0,0,,0,,0,,,,0,,0.000000,0.000000,0.000000,0.000,0.000,0.000,0.000,,,BEHIND,YELLOW,POINT CREEP DEFEAT,"2019,2020,2021,2022,2023,2024,2025",7,2025,2019,predictive,youth_turkey_set_aside_bonus_v1,Any Legal Weapon,YOUTH_TURKEY_SET_ASIDE,YOUTH_TURKEY_SOURCE_CLASSIFIED|YOUTH_TURKEY_15_PERCENT_SET_ASIDE_APPLIED|YOUTH_TURKEY_SEPARATE_FROM_ADULT_TURKEY|YOUTH_TURKEY_QUOTA_SOURCE_HARD_PERMITS_2026_TOTAL_YOUTH_SET_ASIDE|LOW_APPLICANT_COUNT|PROVEN_YOUTH_TURKEY_SOURCE,MODELED_BONUS,TARGET,True,Modeled by engine.utah_draw_predictive.turkey.,0.000000,0.000000,0.000000,0.000000,YOUTH_TURKEY_SET_ASIDE,PROMOTED_TO_RUNTIME,APPROVED_RUNTIME_PROMOTION_2026_06_29,audits\full_family_runtime_materialized_20260703_025641\outputs\youth_turkey_report.json,audits\full_family_runtime_materialized_20260703_025641\outputs\youth_turkey_report.json,Family promoted after zero-pending runtime reconciliation; non-public/reference rows remain excluded.,
hybrid_ml_v2.1.0,utah_turkey_bonus_v1.0.0,2027,2027,TK1003,Central Region,Turkey,Bearded,Limited Entry,Youth,Nonresident,18,youth_turkey,0,0,,0,,0,,,,0,,0.000000,0.000000,0.000000,0.000,0.000,0.000,0.000,,,BEHIND,YELLOW,POINT CREEP DEFEAT,"2019,2020,2021,2022,2023,2024,2025",7,2025,2019,predictive,youth_turkey_set_aside_bonus_v1,Any Legal Weapon,YOUTH_TURKEY_SET_ASIDE,YOUTH_TURKEY_SOURCE_CLASSIFIED|YOUTH_TURKEY_15_PERCENT_SET_ASIDE_APPLIED|YOUTH_TURKEY_SEPARATE_FROM_ADULT_TURKEY|YOUTH_TURKEY_QUOTA_SOURCE_HARD_PERMITS_2026_TOTAL_YOUTH_SET_ASIDE|LOW_APPLICANT_COUNT|PROVEN_YOUTH_TURKEY_SOURCE,MODELED_BONUS,TARGET,True,Modeled by engine.utah_draw_predictive.turkey.,0.000000,0.000000,0.000000,0.000000,YOUTH_TURKEY_SET_ASIDE,PROMOTED_TO_RUNTIME,APPROVED_RUNTIME_PROMOTION_2026_06_29,audits\full_family_runtime_materialized_20260703_025641\outputs\youth_turkey_report.json,audits\full_family_runtime_materialized_20260703_025641\outputs\youth_turkey_report.json,Family promoted after zero-pending runtime reconciliation; non-public/reference rows remain excluded.,
hybrid_ml_v2.1.0,utah_turkey_bonus_v1.0.0,2027,2027,TK1003,Central Region,Turkey,Bearded,Limited Entry,Youth,Nonresident,19,youth_turkey,0,0,,0,,0,,,,0,,0.000000,0.000000,0.000000,0.000,0.000,0.000,0.000,,,BEHIND,YELLOW,POINT CREEP DEFEAT,"2019,2020,2021,2022,2023,2024,2025",7,2025,2019,predictive,youth_turkey_set_aside_bonus_v1,Any Legal Weapon,YOUTH_TURKEY_SET_ASIDE,YOUTH_TURKEY_SOURCE_CLASSIFIED|YOUTH_TURKEY_15_PERCENT_SET_ASIDE_APPLIED|YOUTH_TURKEY_SEPARATE_FROM_ADULT_TURKEY|YOUTH_TURKEY_QUOTA_SOURCE_HARD_PERMITS_2026_TOTAL_YOUTH_SET_ASIDE|LOW_APPLICANT_COUNT|PROVEN_YOUTH_TURKEY_SOURCE,MODELED_BONUS,TARGET,True,Modeled by engine.utah_draw_predictive.turkey.,0.000000,0.000000,0.000000,0.000000,YOUTH_TURKEY_SET_ASIDE,PROMOTED_TO_RUNTIME,APPROVED_RUNTIME_PROMOTION_2026_06_29,audits\full_family_runtime_materialized_20260703_025641\outputs\youth_turkey_report.json,audits\full_family_runtime_materialized_20260703_025641\outputs\youth_turkey_report.json,Family promoted after zero-pending runtime reconciliation; non-public/reference rows remain excluded.,
hybrid_ml_v2.1.0,utah_turkey_bonus_v1.0.0,2027,2027,TK1003,Central Region,Turkey,Bearded,Limited Entry,Youth,Resident,0,youth_turkey,75,90,,45,,45,3,2,127,154,,0.000000,1.000000,1.000000,0.000,100.000,100.000,100.000,2,-1,BEHIND,RED,GREEN LIGHT,"2019,2020,2021,2022,2023,2024,2025",7,2025,2019,predictive,youth_turkey_set_aside_bonus_v1,Any Legal Weapon,YOUTH_TURKEY_SET_ASIDE,YOUTH_TURKEY_SOURCE_CLASSIFIED|YOUTH_TURKEY_15_PERCENT_SET_ASIDE_APPLIED|YOUTH_TURKEY_SEPARATE_FROM_ADULT_TURKEY|YOUTH_TURKEY_QUOTA_SOURCE_HARD_PERMITS_2026_TOTAL_YOUTH_SET_ASIDE|PROVEN_YOUTH_TURKEY_SOURCE,MODELED_BONUS,TARGET,True,Modeled by engine.utah_draw_predictive.turkey.,1.000000,1.000000,1.000000,1.000000,YOUTH_TURKEY_SET_ASIDE,PROMOTED_TO_RUNTIME,APPROVED_RUNTIME_PROMOTION_2026_06_29,audits\full_family_runtime_materialized_20260703_025641\outputs\youth_turkey_report.json,audits\full_family_runtime_materialized_20260703_025641\outputs\youth_turkey_report.json,Family promoted after zero-pending runtime reconciliation; non-public/reference rows remain excluded.,~1 in 1.0 or 100.0%
hybrid_ml_v2.1.0,utah_turkey_bonus_v1.0.0,2027,2027,TK1003,Central Region,Turkey,Bearded,Limited Entry,Youth,Resident,1,youth_turkey,75,90,,45,,45,3,2,73,54,,0.000000,0.999974,0.999974,0.000,99.997,99.997,99.997,1,-1,BEHIND,RED,GREEN LIGHT,"2019,2020,2021,2022,2023,2024,2025",7,2025,2019,predictive,youth_turkey_set_aside_bonus_v1,Any Legal Weapon,YOUTH_TURKEY_SET_ASIDE,YOUTH_TURKEY_SOURCE_CLASSIFIED|YOUTH_TURKEY_15_PERCENT_SET_ASIDE_APPLIED|YOUTH_TURKEY_SEPARATE_FROM_ADULT_TURKEY|YOUTH_TURKEY_QUOTA_SOURCE_HARD_PERMITS_2026_TOTAL_YOUTH_SET_ASIDE|PROVEN_YOUTH_TURKEY_SOURCE,MODELED_BONUS,TARGET,True,Modeled by engine.utah_draw_predictive.turkey.,0.999974,0.999974,0.999974,0.999974,YOUTH_TURKEY_SET_ASIDE,PROMOTED_TO_RUNTIME,APPROVED_RUNTIME_PROMOTION_2026_06_29,audits\full_family_runtime_materialized_20260703_025641\outputs\youth_turkey_report.json,audits\full_family_runtime_materialized_20260703_025641\outputs\youth_turkey_report.json,Family promoted after zero-pending runtime reconciliation; non-public/reference rows remain excluded.,~1 in 1.0 or 100.0%
hybrid_ml_v2.1.0,utah_turkey_bonus_v1.0.0,2027,2027,TK1003,Central Region,Turkey,Bearded,Limited Entry,Youth,Resident,2,youth_turkey,75,90,,45,,45,3,2,34,39,,0.282051,0.999990,0.999993,28.205,99.999,99.999,99.999,0,-1,ON EDGE,RED,GREEN LIGHT,"2019,2020,2021,2022,2023,2024,2025",7,2025,2019,predictive,youth_turkey_set_aside_bonus_v1,Any Legal Weapon,YOUTH_TURKEY_SET_ASIDE,YOUTH_TURKEY_SOURCE_CLASSIFIED|YOUTH_TURKEY_15_PERCENT_SET_ASIDE_APPLIED|YOUTH_TURKEY_SEPARATE_FROM_ADULT_TURKEY|YOUTH_TURKEY_QUOTA_SOURCE_HARD_PERMITS_2026_TOTAL_YOUTH_SET_ASIDE|PROVEN_YOUTH_TURKEY_SOURCE,MODELED_BONUS,TARGET,True,Modeled by engine.utah_draw_predictive.turkey.,0.999993,0.999993,0.999993,0.999993,YOUTH_TURKEY_SET_ASIDE,PROMOTED_TO_RUNTIME,APPROVED_RUNTIME_PROMOTION_2026_06_29,audits\full_family_runtime_materialized_20260703_025641\outputs\youth_turkey_report.json,audits\full_family_runtime_materialized_20260703_025641\outputs\youth_turkey_report.json,Family promoted after zero-pending runtime reconciliation; non-public/reference rows remain excluded.,~1 in 1.0 or 100.0%
hybrid_ml_v2.1.0,utah_turkey_bonus_v1.0.0,2027,2027,TK1003,Central Region,Turkey,Bearded,Limited Entry,Youth,Resident,3,youth_turkey,75,90,,45,,45,3,2,2,32,,1.000000,0.999997,1.000000,100.000,100.000,100.000,100.000,-1,-1,MAX POOL,RED,GREEN LIGHT,"2019,2020,2021,2022,2023,2024,2025",7,2025,2019,predictive,youth_turkey_set_aside_bonus_v1,Any Legal Weapon,YOUTH_TURKEY_SET_ASIDE,YOUTH_TURKEY_SOURCE_CLASSIFIED|YOUTH_TURKEY_15_PERCENT_SET_ASIDE_APPLIED|YOUTH_TURKEY_SEPARATE_FROM_ADULT_TURKEY|YOUTH_TURKEY_QUOTA_SOURCE_HARD_PERMITS_2026_TOTAL_YOUTH_SET_ASIDE|PROVEN_YOUTH_TURKEY_SOURCE,MODELED_BONUS,TARGET,True,Modeled by engine.utah_draw_predictive.turkey.,1.000000,1.000000,1.000000,1.000000,YOUTH_TURKEY_SET_ASIDE,PROMOTED_TO_RUNTIME,APPROVED_RUNTIME_PROMOTION_2026_06_29,audits\full_family_runtime_materialized_20260703_025641\outputs\youth_turkey_report.json,audits\full_family_runtime_materialized_20260703_025641\outputs\youth_turkey_report.json,Family promoted after zero-pending runtime reconciliation; non-public/reference rows remain excluded.,~1 in 1.0 or 100.0%
hybrid_ml_v2.1.0,utah_turkey_bonus_v1.0.0,2027,2027,TK1003,Central Region,Turkey,Bearded,Limited Entry,Youth,Resident,4,youth_turkey,75,90,,45,,45,3,2,0,2,,1.000000,0.584775,1.000000,100.000,58.477,100.000,58.477,-2,-1,MAX POOL,RED,GREEN LIGHT,"2019,2020,2021,2022,2023,2024,2025",7,2025,2019,predictive,youth_turkey_set_aside_bonus_v1,Any Legal Weapon,YOUTH_TURKEY_SET_ASIDE,YOUTH_TURKEY_SOURCE_CLASSIFIED|YOUTH_TURKEY_15_PERCENT_SET_ASIDE_APPLIED|YOUTH_TURKEY_SEPARATE_FROM_ADULT_TURKEY|YOUTH_TURKEY_QUOTA_SOURCE_HARD_PERMITS_2026_TOTAL_YOUTH_SET_ASIDE|PROVEN_YOUTH_TURKEY_SOURCE,MODELED_BONUS,TARGET,True,Modeled by engine.utah_draw_predictive.turkey.,1.000000,1.000000,1.000000,1.000000,YOUTH_TURKEY_SET_ASIDE,PROMOTED_TO_RUNTIME,APPROVED_RUNTIME_PROMOTION_2026_06_29,audits\full_family_runtime_materialized_20260703_025641\outputs\youth_turkey_report.json,audits\full_family_runtime_materialized_20260703_025641\outputs\youth_turkey_report.json,Family promoted after zero-pending runtime reconciliation; non-public/reference rows remain excluded.,~1 in 1.0 or 100.0%
hybrid_ml_v2.1.0,utah_turkey_bonus_v1.0.0,2027,2027,TK1003,Central Region,Turkey,Bearded,Limited Entry,Youth,Resident,5,youth_turkey,75,90,,45,,45,3,2,0,0,,0.000000,0.000000,0.000000,0.000,0.000,0.000,0.000,-3,-1,BEHIND,RED,POINT CREEP DEFEAT,"2019,2020,2021,2022,2023,2024,2025",7,2025,2019,predictive,youth_turkey_set_aside_bonus_v1,Any Legal Weapon,YOUTH_TURKEY_SET_ASIDE,YOUTH_TURKEY_SOURCE_CLASSIFIED|YOUTH_TURKEY_15_PERCENT_SET_ASIDE_APPLIED|YOUTH_TURKEY_SEPARATE_FROM_ADULT_TURKEY|YOUTH_TURKEY_QUOTA_SOURCE_HARD_PERMITS_2026_TOTAL_YOUTH_SET_ASIDE|PROVEN_YOUTH_TURKEY_SOURCE,MODELED_BONUS,TARGET,True,Modeled by engine.utah_draw_predictive.turkey.,0.000000,0.000000,0.000000,0.000000,YOUTH_TURKEY_SET_ASIDE,PROMOTED_TO_RUNTIME,APPROVED_RUNTIME_PROMOTION_2026_06_29,audits\full_family_runtime_materialized_20260703_025641\outputs\youth_turkey_report.json,audits\full_family_runtime_materialized_20260703_025641\outputs\youth_turkey_report.json,Family promoted after zero-pending runtime reconciliation; non-public/reference rows remain excluded.,
hybrid_ml_v2.1.0,utah_turkey_bonus_v1.0.0,2027,2027,TK1003,Central Region,Turkey,Bearded,Limited Entry,Youth,Resident,6,youth_turkey,75,90,,45,,45,3,2,0,0,,0.000000,0.000000,0.000000,0.000,0.000,0.000,0.000,-4,-1,BEHIND,RED,POINT CREEP DEFEAT,"2019,2020,2021,2022,2023,2024,2025",7,2025,2019,predictive,youth_turkey_set_aside_bonus_v1,Any Legal Weapon,YOUTH_TURKEY_SET_ASIDE,YOUTH_TURKEY_SOURCE_CLASSIFIED|YOUTH_TURKEY_15_PERCENT_SET_ASIDE_APPLIED|YOUTH_TURKEY_SEPARATE_FROM_ADULT_TURKEY|YOUTH_TURKEY_QUOTA_SOURCE_HARD_PERMITS_2026_TOTAL_YOUTH_SET_ASIDE|PROVEN_YOUTH_TURKEY_SOURCE,MODELED_BONUS,TARGET,True,Modeled by engine.utah_draw_predictive.turkey.,0.000000,0.000000,0.000000,0.000000,YOUTH_TURKEY_SET_ASIDE,PROMOTED_TO_RUNTIME,APPROVED_RUNTIME_PROMOTION_2026_06_29,audits\full_family_runtime_materialized_20260703_025641\outputs\youth_turkey_report.json,audits\full_family_runtime_materialized_20260703_025641\outputs\youth_turkey_report.json,Family promoted after zero-pending runtime reconciliation; non-public/reference rows remain excluded.,
hybrid_ml_v2.1.0,utah_turkey_bonus_v1.0.0,2027,2027,TK1003,Central Region,Turkey,Bearded,Limited Entry,Youth,Resident,7,youth_turkey,75,90,,45,,45,3,2,0,0,,0.000000,0.000000,0.000000,0.000,0.000,0.000,0.000,-5,-1,BEHIND,RED,POINT CREEP DEFEAT,"2019,2020,2021,2022,2023,2024,2025",7,2025,2019,predictive,youth_turkey_set_aside_bonus_v1,Any Legal Weapon,YOUTH_TURKEY_SET_ASIDE,YOUTH_TURKEY_SOURCE_CLASSIFIED|YOUTH_TURKEY_15_PERCENT_SET_ASIDE_APPLIED|YOUTH_TURKEY_SEPARATE_FROM_ADULT_TURKEY|YOUTH_TURKEY_QUOTA_SOURCE_HARD_PERMITS_2026_TOTAL_YOUTH_SET_ASIDE|PROVEN_YOUTH_TURKEY_SOURCE,MODELED_BONUS,TARGET,True,Modeled by engine.utah_draw_predictive.turkey.,0.000000,0.000000,0.000000,0.000000,YOUTH_TURKEY_SET_ASIDE,PROMOTED_TO_RUNTIME,APPROVED_RUNTIME_PROMOTION_2026_06_29,audits\full_family_runtime_materialized_20260703_025641\outputs\youth_turkey_report.json,audits\full_family_runtime_materialized_20260703_025641\outputs\youth_turkey_report.json,Family promoted after zero-pending runtime reconciliation; non-public/reference rows remain excluded.,
hybrid_ml_v2.1.0,utah_turkey_bonus_v1.0.0,2027,2027,TK1003,Central Region,Turkey,Bearded,Limited Entry,Youth,Resident,8,youth_turkey,75,90,,45,,45,3,2,0,0,,0.000000,0.000000,0.000000,0.000,0.000,0.000,0.000,-6,-1,BEHIND,RED,POINT CREEP DEFEAT,"2019,2020,2021,2022,2023,2024,2025",7,2025,2019,predictive,youth_turkey_set_aside_bonus_v1,Any Legal Weapon,YOUTH_TURKEY_SET_ASIDE,YOUTH_TURKEY_SOURCE_CLASSIFIED|YOUTH_TURKEY_15_PERCENT_SET_ASIDE_APPLIED|YOUTH_TURKEY_SEPARATE_FROM_ADULT_TURKEY|YOUTH_TURKEY_QUOTA_SOURCE_HARD_PERMITS_2026_TOTAL_YOUTH_SET_ASIDE|PROVEN_YOUTH_TURKEY_SOURCE,MODELED_BONUS,TARGET,True,Modeled by engine.utah_draw_predictive.turkey.,0.000000,0.000000,0.000000,0.000000,YOUTH_TURKEY_SET_ASIDE,PROMOTED_TO_RUNTIME,APPROVED_RUNTIME_PROMOTION_2026_06_29,audits\full_family_runtime_materialized_20260703_025641\outputs\youth_turkey_report.json,audits\full_family_runtime_materialized_20260703_025641\outputs\youth_turkey_report.json,Family promoted after zero-pending runtime reconciliation; non-public/reference rows remain excluded.,
hybrid_ml_v2.1.0,utah_turkey_bonus_v1.0.0,2027,2027,TK1003,Central Region,Turkey,Bearded,Limited Entry,Youth,Resident,9,youth_turkey,75,90,,45,,45,3,2,0,0,,0.000000,0.000000,0.000000,0.000,0.000,0.000,0.000,-7,-1,BEHIND,RED,POINT CREEP DEFEAT,"2019,2020,2021,2022,2023,2024,2025",7,2025,2019,predictive,youth_turkey_set_aside_bonus_v1,Any Legal Weapon,YOUTH_TURKEY_SET_ASIDE,YOUTH_TURKEY_SOURCE_CLASSIFIED|YOUTH_TURKEY_15_PERCENT_SET_ASIDE_APPLIED|YOUTH_TURKEY_SEPARATE_FROM_ADULT_TURKEY|YOUTH_TURKEY_QUOTA_SOURCE_HARD_PERMITS_2026_TOTAL_YOUTH_SET_ASIDE|PROVEN_YOUTH_TURKEY_SOURCE,MODELED_BONUS,TARGET,True,Modeled by engine.utah_draw_predictive.turkey.,0.000000,0.000000,0.000000,0.000000,YOUTH_TURKEY_SET_ASIDE,PROMOTED_TO_RUNTIME,APPROVED_RUNTIME_PROMOTION_2026_06_29,audits\full_family_runtime_materialized_20260703_025641\outputs\youth_turkey_report.json,audits\full_family_runtime_materialized_20260703_025641\outputs\youth_turkey_report.json,Family promoted after zero-pending runtime reconciliation; non-public/reference rows remain excluded.,
hybrid_ml_v2.1.0,utah_turkey_bonus_v1.0.0,2027,2027,TK1003,Central Region,Turkey,Bearded,Limited Entry,Youth,Resident,10,youth_turkey,75,90,,45,,45,3,2,0,0,,0.000000,0.000000,0.000000,0.000,0.000,0.000,0.000,-8,-1,BEHIND,RED,POINT CREEP DEFEAT,"2019,2020,2021,2022,2023,2024,2025",7,2025,2019,predictive,youth_turkey_set_aside_bonus_v1,Any Legal Weapon,YOUTH_TURKEY_SET_ASIDE,YOUTH_TURKEY_SOURCE_CLASSIFIED|YOUTH_TURKEY_15_PERCENT_SET_ASIDE_APPLIED|YOUTH_TURKEY_SEPARATE_FROM_ADULT_TURKEY|YOUTH_TURKEY_QUOTA_SOURCE_HARD_PERMITS_2026_TOTAL_YOUTH_SET_ASIDE|PROVEN_YOUTH_TURKEY_SOURCE,MODELED_BONUS,TARGET,True,Modeled by engine.utah_draw_predictive.turkey.,0.000000,0.000000,0.000000,0.000000,YOUTH_TURKEY_SET_ASIDE,PROMOTED_TO_RUNTIME,APPROVED_RUNTIME_PROMOTION_2026_06_29,audits\full_family_runtime_materialized_20260703_025641\outputs\youth_turkey_report.json,audits\full_family_runtime_materialized_20260703_025641\outputs\youth_turkey_report.json,Family promoted after zero-pending runtime reconciliation; non-public/reference rows remain excluded.,
hybrid_ml_v2.1.0,utah_turkey_bonus_v1.0.0,2027,2027,TK1003,Central Region,Turkey,Bearded,Limited Entry,Youth,Resident,11,youth_turkey,75,90,,45,,45,3,2,0,0,,0.000000,0.000000,0.000000,0.000,0.000,0.000,0.000,-9,-1,BEHIND,RED,POINT CREEP DEFEAT,"2019,2020,2021,2022,2023,2024,2025",7,2025,2019,predictive,youth_turkey_set_aside_bonus_v1,Any Legal Weapon,YOUTH_TURKEY_SET_ASIDE,YOUTH_TURKEY_SOURCE_CLASSIFIED|YOUTH_TURKEY_15_PERCENT_SET_ASIDE_APPLIED|YOUTH_TURKEY_SEPARATE_FROM_ADULT_TURKEY|YOUTH_TURKEY_QUOTA_SOURCE_HARD_PERMITS_2026_TOTAL_YOUTH_SET_ASIDE|PROVEN_YOUTH_TURKEY_SOURCE,MODELED_BONUS,TARGET,True,Modeled by engine.utah_draw_predictive.turkey.,0.000000,0.000000,0.000000,0.000000,YOUTH_TURKEY_SET_ASIDE,PROMOTED_TO_RUNTIME,APPROVED_RUNTIME_PROMOTION_2026_06_29,audits\full_family_runtime_materialized_20260703_025641\outputs\youth_turkey_report.json,audits\full_family_runtime_materialized_20260703_025641\outputs\youth_turkey_report.json,Family promoted after zero-pending runtime reconciliation; non-public/reference rows remain excluded.,
hybrid_ml_v2.1.0,utah_turkey_bonus_v1.0.0,2027,2027,TK1003,Central Region,Turkey,Bearded,Limited Entry,Youth,Resident,12,youth_turkey,75,90,,45,,45,3,2,0,0,,0.000000,0.000000,0.000000,0.000,0.000,0.000,0.000,-10,-1,BEHIND,RED,POINT CREEP DEFEAT,"2019,2020,2021,2022,2023,2024,2025",7,2025,2019,predictive,youth_turkey_set_aside_bonus_v1,Any Legal Weapon,YOUTH_TURKEY_SET_ASIDE,YOUTH_TURKEY_SOURCE_CLASSIFIED|YOUTH_TURKEY_15_PERCENT_SET_ASIDE_APPLIED|YOUTH_TURKEY_SEPARATE_FROM_ADULT_TURKEY|YOUTH_TURKEY_QUOTA_SOURCE_HARD_PERMITS_2026_TOTAL_YOUTH_SET_ASIDE|PROVEN_YOUTH_TURKEY_SOURCE,MODELED_BONUS,TARGET,True,Modeled by engine.utah_draw_predictive.turkey.,0.000000,0.000000,0.000000,0.000000,YOUTH_TURKEY_SET_ASIDE,PROMOTED_TO_RUNTIME,APPROVED_RUNTIME_PROMOTION_2026_06_29,audits\full_family_runtime_materialized_20260703_025641\outputs\youth_turkey_report.json,audits\full_family_runtime_materialized_20260703_025641\outputs\youth_turkey_report.json,Family promoted after zero-pending runtime reconciliation; non-public/reference rows remain excluded.,
hybrid_ml_v2.1.0,utah_turkey_bonus_v1.0.0,2027,2027,TK1003,Central Region,Turkey,Bearded,Limited Entry,Youth,Resident,13,youth_turkey,75,90,,45,,45,3,2,0,0,,0.000000,0.000000,0.000000,0.000,0.000,0.000,0.000,-11,-1,BEHIND,RED,POINT CREEP DEFEAT,"2019,2020,2021,2022,2023,2024,2025",7,2025,2019,predictive,youth_turkey_set_aside_bonus_v1,Any Legal Weapon,YOUTH_TURKEY_SET_ASIDE,YOUTH_TURKEY_SOURCE_CLASSIFIED|YOUTH_TURKEY_15_PERCENT_SET_ASIDE_APPLIED|YOUTH_TURKEY_SEPARATE_FROM_ADULT_TURKEY|YOUTH_TURKEY_QUOTA_SOURCE_HARD_PERMITS_2026_TOTAL_YOUTH_SET_ASIDE|PROVEN_YOUTH_TURKEY_SOURCE,MODELED_BONUS,TARGET,True,Modeled by engine.utah_draw_predictive.turkey.,0.000000,0.000000,0.000000,0.000000,YOUTH_TURKEY_SET_ASIDE,PROMOTED_TO_RUNTIME,APPROVED_RUNTIME_PROMOTION_2026_06_29,audits\full_family_runtime_materialized_20260703_025641\outputs\youth_turkey_report.json,audits\full_family_runtime_materialized_20260703_025641\outputs\youth_turkey_report.json,Family promoted after zero-pending runtime reconciliation; non-public/reference rows remain excluded.,
hybrid_ml_v2.1.0,utah_turkey_bonus_v1.0.0,2027,2027,TK1003,Central Region,Turkey,Bearded,Limited Entry,Youth,Resident,14,youth_turkey,75,90,,45,,45,3,2,0,0,,0.000000,0.000000,0.000000,0.000,0.000,0.000,0.000,-12,-1,BEHIND,RED,POINT CREEP DEFEAT,"2019,2020,2021,2022,2023,2024,2025",7,2025,2019,predictive,youth_turkey_set_aside_bonus_v1,Any Legal Weapon,YOUTH_TURKEY_SET_ASIDE,YOUTH_TURKEY_SOURCE_CLASSIFIED|YOUTH_TURKEY_15_PERCENT_SET_ASIDE_APPLIED|YOUTH_TURKEY_SEPARATE_FROM_ADULT_TURKEY|YOUTH_TURKEY_QUOTA_SOURCE_HARD_PERMITS_2026_TOTAL_YOUTH_SET_ASIDE|PROVEN_YOUTH_TURKEY_SOURCE,MODELED_BONUS,TARGET,True,Modeled by engine.utah_draw_predictive.turkey.,0.000000,0.000000,0.000000,0.000000,YOUTH_TURKEY_SET_ASIDE,PROMOTED_TO_RUNTIME,APPROVED_RUNTIME_PROMOTION_2026_06_29,audits\full_family_runtime_materialized_20260703_025641\outputs\youth_turkey_report.json,audits\full_family_runtime_materialized_20260703_025641\outputs\youth_turkey_report.json,Family promoted after zero-pending runtime reconciliation; non-public/reference rows remain excluded.,
hybrid_ml_v2.1.0,utah_turkey_bonus_v1.0.0,2027,2027,TK1003,Central Region,Turkey,Bearded,Limited Entry,Youth,Resident,15,youth_turkey,75,90,,45,,45,3,2,0,0,,0.000000,0.000000,0.000000,0.000,0.000,0.000,0.000,-13,-1,BEHIND,RED,POINT CREEP DEFEAT,"2019,2020,2021,2022,2023,2024,2025",7,2025,2019,predictive,youth_turkey_set_aside_bonus_v1,Any Legal Weapon,YOUTH_TURKEY_SET_ASIDE,YOUTH_TURKEY_SOURCE_CLASSIFIED|YOUTH_TURKEY_15_PERCENT_SET_ASIDE_APPLIED|YOUTH_TURKEY_SEPARATE_FROM_ADULT_TURKEY|YOUTH_TURKEY_QUOTA_SOURCE_HARD_PERMITS_2026_TOTAL_YOUTH_SET_ASIDE|PROVEN_YOUTH_TURKEY_SOURCE,MODELED_BONUS,TARGET,True,Modeled by engine.utah_draw_predictive.turkey.,0.000000,0.000000,0.000000,0.000000,YOUTH_TURKEY_SET_ASIDE,PROMOTED_TO_RUNTIME,APPROVED_RUNTIME_PROMOTION_2026_06_29,audits\full_family_runtime_materialized_20260703_025641\outputs\youth_turkey_report.json,audits\full_family_runtime_materialized_20260703_025641\outputs\youth_turkey_report.json,Family promoted after zero-pending runtime reconciliation; non-public/reference rows remain excluded.,
hybrid_ml_v2.1.0,utah_turkey_bonus_v1.0.0,2027,2027,TK1003,Central Region,Turkey,Bearded,Limited Entry,Youth,Resident,16,youth_turkey,75,90,,45,,45,3,2,0,0,,0.000000,0.000000,0.000000,0.000,0.000,0.000,0.000,-14,-1,BEHIND,RED,POINT CREEP DEFEAT,"2019,2020,2021,2022,2023,2024,2025",7,2025,2019,predictive,youth_turkey_set_aside_bonus_v1,Any Legal Weapon,YOUTH_TURKEY_SET_ASIDE,YOUTH_TURKEY_SOURCE_CLASSIFIED|YOUTH_TURKEY_15_PERCENT_SET_ASIDE_APPLIED|YOUTH_TURKEY_SEPARATE_FROM_ADULT_TURKEY|YOUTH_TURKEY_QUOTA_SOURCE_HARD_PERMITS_2026_TOTAL_YOUTH_SET_ASIDE|PROVEN_YOUTH_TURKEY_SOURCE,MODELED_BONUS,TARGET,True,Modeled by engine.utah_draw_predictive.turkey.,0.000000,0.000000,0.000000,0.000000,YOUTH_TURKEY_SET_ASIDE,PROMOTED_TO_RUNTIME,APPROVED_RUNTIME_PROMOTION_2026_06_29,audits\full_family_runtime_materialized_20260703_025641\outputs\youth_turkey_report.json,audits\full_family_runtime_materialized_20260703_025641\outputs\youth_turkey_report.json,Family promoted after zero-pending runtime reconciliation; non-public/reference rows remain excluded.,
hybrid_ml_v2.1.0,utah_turkey_bonus_v1.0.0,2027,2027,TK1003,Central Region,Turkey,Bearded,Limited Entry,Youth,Resident,17,youth_turkey,75,90,,45,,45,3,2,0,0,,0.000000,0.000000,0.000000,0.000,0.000,0.000,0.000,-15,-1,BEHIND,RED,POINT CREEP DEFEAT,"2019,2020,2021,2022,2023,2024,2025",7,2025,2019,predictive,youth_turkey_set_aside_bonus_v1,Any Legal Weapon,YOUTH_TURKEY_SET_ASIDE,YOUTH_TURKEY_SOURCE_CLASSIFIED|YOUTH_TURKEY_15_PERCENT_SET_ASIDE_APPLIED|YOUTH_TURKEY_SEPARATE_FROM_ADULT_TURKEY|YOUTH_TURKEY_QUOTA_SOURCE_HARD_PERMITS_2026_TOTAL_YOUTH_SET_ASIDE|PROVEN_YOUTH_TURKEY_SOURCE,MODELED_BONUS,TARGET,True,Modeled by engine.utah_draw_predictive.turkey.,0.000000,0.000000,0.000000,0.000000,YOUTH_TURKEY_SET_ASIDE,PROMOTED_TO_RUNTIME,APPROVED_RUNTIME_PROMOTION_2026_06_29,audits\full_family_runtime_materialized_20260703_025641\outputs\youth_turkey_report.json,audits\full_family_runtime_materialized_20260703_025641\outputs\youth_turkey_report.json,Family promoted after zero-pending runtime reconciliation; non-public/reference rows remain excluded.,
hybrid_ml_v2.1.0,utah_turkey_bonus_v1.0.0,2027,2027,TK1003,Central Region,Turkey,Bearded,Limited Entry,Youth,Resident,18,youth_turkey,75,90,,45,,45,3,2,0,0,,0.000000,0.000000,0.000000,0.000,0.000,0.000,0.000,-16,-1,BEHIND,RED,POINT CREEP DEFEAT,"2019,2020,2021,2022,2023,2024,2025",7,2025,2019,predictive,youth_turkey_set_aside_bonus_v1,Any Legal Weapon,YOUTH_TURKEY_SET_ASIDE,YOUTH_TURKEY_SOURCE_CLASSIFIED|YOUTH_TURKEY_15_PERCENT_SET_ASIDE_APPLIED|YOUTH_TURKEY_SEPARATE_FROM_ADULT_TURKEY|YOUTH_TURKEY_QUOTA_SOURCE_HARD_PERMITS_2026_TOTAL_YOUTH_SET_ASIDE|PROVEN_YOUTH_TURKEY_SOURCE,MODELED_BONUS,TARGET,True,Modeled by engine.utah_draw_predictive.turkey.,0.000000,0.000000,0.000000,0.000000,YOUTH_TURKEY_SET_ASIDE,PROMOTED_TO_RUNTIME,APPROVED_RUNTIME_PROMOTION_2026_06_29,audits\full_family_runtime_materialized_20260703_025641\outputs\youth_turkey_report.json,audits\full_family_runtime_materialized_20260703_025641\outputs\youth_turkey_report.json,Family promoted after zero-pending runtime reconciliation; non-public/reference rows remain excluded.,
hybrid_ml_v2.1.0,utah_turkey_bonus_v1.0.0,2027,2027,TK1003,Central Region,Turkey,Bearded,Limited Entry,Youth,Resident,19,youth_turkey,75,90,,45,,45,3,2,0,0,,0.000000,0.000000,0.000000,0.000,0.000,0.000,0.000,-17,-1,BEHIND,RED,POINT CREEP DEFEAT,"2019,2020,2021,2022,2023,2024,2025",7,2025,2019,predictive,youth_turkey_set_aside_bonus_v1,Any Legal Weapon,YOUTH_TURKEY_SET_ASIDE,YOUTH_TURKEY_SOURCE_CLASSIFIED|YOUTH_TURKEY_15_PERCENT_SET_ASIDE_APPLIED|YOUTH_TURKEY_SEPARATE_FROM_ADULT_TURKEY|YOUTH_TURKEY_QUOTA_SOURCE_HARD_PERMITS_2026_TOTAL_YOUTH_SET_ASIDE|PROVEN_YOUTH_TURKEY_SOURCE,MODELED_BONUS,TARGET,True,Modeled by engine.utah_draw_predictive.turkey.,0.000000,0.000000,0.000000,0.000000,YOUTH_TURKEY_SET_ASIDE,PROMOTED_TO_RUNTIME,APPROVED_RUNTIME_PROMOTION_2026_06_29,audits\full_family_runtime_materialized_20260703_025641\outputs\youth_turkey_report.json,audits\full_family_runtime_materialized_20260703_025641\outputs\youth_turkey_report.json,Family promoted after zero-pending runtime reconciliation; non-public/reference rows remain excluded.,
hybrid_ml_v2.1.0,utah_turkey_bonus_v1.0.0,2027,2027,TK1003,Central Region,Turkey,Bearded,Limited Entry,Youth,Resident,20,youth_turkey,75,90,,45,,45,3,2,0,0,,0.000000,0.000000,0.000000,0.000,0.000,0.000,0.000,-18,-1,BEHIND,RED,POINT CREEP DEFEAT,"2019,2020,2021,2022,2023,2024,2025",7,2025,2019,predictive,youth_turkey_set_aside_bonus_v1,Any Legal Weapon,YOUTH_TURKEY_SET_ASIDE,YOUTH_TURKEY_SOURCE_CLASSIFIED|YOUTH_TURKEY_15_PERCENT_SET_ASIDE_APPLIED|YOUTH_TURKEY_SEPARATE_FROM_ADULT_TURKEY|YOUTH_TURKEY_QUOTA_SOURCE_HARD_PERMITS_2026_TOTAL_YOUTH_SET_ASIDE|PROVEN_YOUTH_TURKEY_SOURCE,MODELED_BONUS,TARGET,True,Modeled by engine.utah_draw_predictive.turkey.,0.000000,0.000000,0.000000,0.000000,YOUTH_TURKEY_SET_ASIDE,PROMOTED_TO_RUNTIME,APPROVED_RUNTIME_PROMOTION_2026_06_29,audits\full_family_runtime_materialized_20260703_025641\outputs\youth_turkey_report.json,audits\full_family_runtime_materialized_20260703_025641\outputs\youth_turkey_report.json,Family promoted after zero-pending runtime reconciliation; non-public/reference rows remain excluded.,
hybrid_ml_v2.1.0,utah_turkey_bonus_v1.0.0,2027,2027,TK1003,Central Region,Turkey,Bearded,Limited Entry,Youth,Resident,21,youth_turkey,75,90,,45,,45,3,2,0,0,,0.000000,0.000000,0.000000,0.000,0.000,0.000,0.000,-19,-1,BEHIND,RED,POINT CREEP DEFEAT,"2019,2020,2021,2022,2023,2024,2025",7,2025,2019,predictive,youth_turkey_set_aside_bonus_v1,Any Legal Weapon,YOUTH_TURKEY_SET_ASIDE,YOUTH_TURKEY_SOURCE_CLASSIFIED|YOUTH_TURKEY_15_PERCENT_SET_ASIDE_APPLIED|YOUTH_TURKEY_SEPARATE_FROM_ADULT_TURKEY|YOUTH_TURKEY_QUOTA_SOURCE_HARD_PERMITS_2026_TOTAL_YOUTH_SET_ASIDE|PROVEN_YOUTH_TURKEY_SOURCE,MODELED_BONUS,TARGET,True,Modeled by engine.utah_draw_predictive.turkey.,0.000000,0.000000,0.000000,0.000000,YOUTH_TURKEY_SET_ASIDE,PROMOTED_TO_RUNTIME,APPROVED_RUNTIME_PROMOTION_2026_06_29,audits\full_family_runtime_materialized_20260703_025641\outputs\youth_turkey_report.json,audits\full_family_runtime_materialized_20260703_025641\outputs\youth_turkey_report.json,Family promoted after zero-pending runtime reconciliation; non-public/reference rows remain excluded.,
hybrid_ml_v2.1.0,utah_turkey_bonus_v1.0.0,2027,2027,TK1003,Central Region,Turkey,Bearded,Limited Entry,Youth,Resident,22,youth_turkey,75,90,,45,,45,3,2,0,0,,0.000000,0.000000,0.000000,0.000,0.000,0.000,0.000,-20,-1,BEHIND,RED,POINT CREEP DEFEAT,"2019,2020,2021,2022,2023,2024,2025",7,2025,2019,predictive,youth_turkey_set_aside_bonus_v1,Any Legal Weapon,YOUTH_TURKEY_SET_ASIDE,YOUTH_TURKEY_SOURCE_CLASSIFIED|YOUTH_TURKEY_15_PERCENT_SET_ASIDE_APPLIED|YOUTH_TURKEY_SEPARATE_FROM_ADULT_TURKEY|YOUTH_TURKEY_QUOTA_SOURCE_HARD_PERMITS_2026_TOTAL_YOUTH_SET_ASIDE|PROVEN_YOUTH_TURKEY_SOURCE,MODELED_BONUS,TARGET,True,Modeled by engine.utah_draw_predictive.turkey.,0.000000,0.000000,0.000000,0.000000,YOUTH_TURKEY_SET_ASIDE,PROMOTED_TO_RUNTIME,APPROVED_RUNTIME_PROMOTION_2026_06_29,audits\full_family_runtime_materialized_20260703_025641\outputs\youth_turkey_report.json,audits\full_family_runtime_materialized_20260703_025641\outputs\youth_turkey_report.json,Family promoted after zero-pending runtime reconciliation; non-public/reference rows remain excluded.,
hybrid_ml_v2.1.0,utah_turkey_bonus_v1.0.0,2027,2027,TK1003,Central Region,Turkey,Bearded,Limited Entry,Youth,Resident,23,youth_turkey,75,90,,45,,45,3,2,0,0,,0.000000,0.000000,0.000000,0.000,0.000,0.000,0.000,-21,-1,BEHIND,RED,POINT CREEP DEFEAT,"2019,2020,2021,2022,2023,2024,2025",7,2025,2019,predictive,youth_turkey_set_aside_bonus_v1,Any Legal Weapon,YOUTH_TURKEY_SET_ASIDE,YOUTH_TURKEY_SOURCE_CLASSIFIED|YOUTH_TURKEY_15_PERCENT_SET_ASIDE_APPLIED|YOUTH_TURKEY_SEPARATE_FROM_ADULT_TURKEY|YOUTH_TURKEY_QUOTA_SOURCE_HARD_PERMITS_2026_TOTAL_YOUTH_SET_ASIDE|PROVEN_YOUTH_TURKEY_SOURCE,MODELED_BONUS,TARGET,True,Modeled by engine.utah_draw_predictive.turkey.,0.000000,0.000000,0.000000,0.000000,YOUTH_TURKEY_SET_ASIDE,PROMOTED_TO_RUNTIME,APPROVED_RUNTIME_PROMOTION_2026_06_29,audits\full_family_runtime_materialized_20260703_025641\outputs\youth_turkey_report.json,audits\full_family_runtime_materialized_20260703_025641\outputs\youth_turkey_report.json,Family promoted after zero-pending runtime reconciliation; non-public/reference rows remain excluded.,
hybrid_ml_v2.1.0,utah_turkey_bonus_v1.0.0,2027,2027,TK1004,Northeastern Region,Turkey,Bearded,Limited Entry,Youth,Nonresident,0,youth_turkey,1,1,,0,,1,,1,1,2,,0.000000,0.500000,0.500000,0.000,50.000,50.000,50.000,1,,RANDOM ONLY,GREEN,MAY DRAW IN 5-10 YEARS,"2019,2020,2021,2022,2023,2024,2025",7,2025,2019,predictive,youth_turkey_set_aside_bonus_v1,Any Legal Weapon,YOUTH_TURKEY_SET_ASIDE,YOUTH_TURKEY_SOURCE_CLASSIFIED|YOUTH_TURKEY_15_PERCENT_SET_ASIDE_APPLIED|YOUTH_TURKEY_SEPARATE_FROM_ADULT_TURKEY|YOUTH_TURKEY_QUOTA_SOURCE_HARD_PERMITS_2026_TOTAL_YOUTH_SET_ASIDE|LOW_APPLICANT_COUNT|ONE_PERMIT_RANDOM_ONLY|NO_MAX_POINT_POOL|PROVEN_YOUTH_TURKEY_SOURCE,MODELED_BONUS,TARGET,True,Modeled by engine.utah_draw_predictive.turkey.,0.500000,0.500000,0.500000,0.500000,YOUTH_TURKEY_SET_ASIDE,PROMOTED_TO_RUNTIME,APPROVED_RUNTIME_PROMOTION_2026_06_29,audits\full_family_runtime_materialized_20260703_025641\outputs\youth_turkey_report.json,audits\full_family_runtime_materialized_20260703_025641\outputs\youth_turkey_report.json,Family promoted after zero-pending runtime reconciliation; non-public/reference rows remain excluded.,~1 in 2.0 or 50.0%
hybrid_ml_v2.1.0,utah_turkey_bonus_v1.0.0,2027,2027,TK1004,Northeastern Region,Turkey,Bearded,Limited Entry,Youth,Nonresident,1,youth_turkey,1,1,,0,,1,,1,0,1,,0.000000,0.500000,0.500000,0.000,50.000,50.000,50.000,0,,RANDOM ONLY,GREEN,MAY DRAW IN 5-10 YEARS,"2019,2020,2021,2022,2023,2024,2025",7,2025,2019,predictive,youth_turkey_set_aside_bonus_v1,Any Legal Weapon,YOUTH_TURKEY_SET_ASIDE,YOUTH_TURKEY_SOURCE_CLASSIFIED|YOUTH_TURKEY_15_PERCENT_SET_ASIDE_APPLIED|YOUTH_TURKEY_SEPARATE_FROM_ADULT_TURKEY|YOUTH_TURKEY_QUOTA_SOURCE_HARD_PERMITS_2026_TOTAL_YOUTH_SET_ASIDE|LOW_APPLICANT_COUNT|ONE_PERMIT_RANDOM_ONLY|NO_MAX_POINT_POOL|PROVEN_YOUTH_TURKEY_SOURCE,MODELED_BONUS,TARGET,True,Modeled by engine.utah_draw_predictive.turkey.,0.500000,0.500000,0.500000,0.500000,YOUTH_TURKEY_SET_ASIDE,PROMOTED_TO_RUNTIME,APPROVED_RUNTIME_PROMOTION_2026_06_29,audits\full_family_runtime_materialized_20260703_025641\outputs\youth_turkey_report.json,audits\full_family_runtime_materialized_20260703_025641\outputs\youth_turkey_report.json,Family promoted after zero-pending runtime reconciliation; non-public/reference rows remain excluded.,~1 in 2.0 or 50.0%
hybrid_ml_v2.1.0,utah_turkey_bonus_v1.0.0,2027,2027,TK1004,Northeastern Region,Turkey,Bearded,Limited Entry,Youth,Nonresident,2,youth_turkey,1,1,,0,,1,,1,0,0,,0.000000,0.000000,0.000000,0.000,0.000,0.000,0.000,-1,,RANDOM ONLY,GREEN,POINT CREEP DEFEAT,"2019,2020,2021,2022,2023,2024,2025",7,2025,2019,predictive,youth_turkey_set_aside_bonus_v1,Any Legal Weapon,YOUTH_TURKEY_SET_ASIDE,YOUTH_TURKEY_SOURCE_CLASSIFIED|YOUTH_TURKEY_15_PERCENT_SET_ASIDE_APPLIED|YOUTH_TURKEY_SEPARATE_FROM_ADULT_TURKEY|YOUTH_TURKEY_QUOTA_SOURCE_HARD_PERMITS_2026_TOTAL_YOUTH_SET_ASIDE|LOW_APPLICANT_COUNT|ONE_PERMIT_RANDOM_ONLY|NO_MAX_POINT_POOL|PROVEN_YOUTH_TURKEY_SOURCE,MODELED_BONUS,TARGET,True,Modeled by engine.utah_draw_predictive.turkey.,0.000000,0.000000,0.000000,0.000000,YOUTH_TURKEY_SET_ASIDE,PROMOTED_TO_RUNTIME,APPROVED_RUNTIME_PROMOTION_2026_06_29,audits\full_family_runtime_materialized_20260703_025641\outputs\youth_turkey_report.json,audits\full_family_runtime_materialized_20260703_025641\outputs\youth_turkey_report.json,Family promoted after zero-pending runtime reconciliation; non-public/reference rows remain excluded.,
hybrid_ml_v2.1.0,utah_turkey_bonus_v1.0.0,2027,2027,TK1004,Northeastern Region,Turkey,Bearded,Limited Entry,Youth,Nonresident,3,youth_turkey,1,1,,0,,1,,1,0,0,,0.000000,0.000000,0.000000,0.000,0.000,0.000,0.000,-2,,RANDOM ONLY,GREEN,POINT CREEP DEFEAT,"2019,2020,2021,2022,2023,2024,2025",7,2025,2019,predictive,youth_turkey_set_aside_bonus_v1,Any Legal Weapon,YOUTH_TURKEY_SET_ASIDE,YOUTH_TURKEY_SOURCE_CLASSIFIED|YOUTH_TURKEY_15_PERCENT_SET_ASIDE_APPLIED|YOUTH_TURKEY_SEPARATE_FROM_ADULT_TURKEY|YOUTH_TURKEY_QUOTA_SOURCE_HARD_PERMITS_2026_TOTAL_YOUTH_SET_ASIDE|LOW_APPLICANT_COUNT|ONE_PERMIT_RANDOM_ONLY|NO_MAX_POINT_POOL|PROVEN_YOUTH_TURKEY_SOURCE,MODELED_BONUS,TARGET,True,Modeled by engine.utah_draw_predictive.turkey.,0.000000,0.000000,0.000000,0.000000,YOUTH_TURKEY_SET_ASIDE,PROMOTED_TO_RUNTIME,APPROVED_RUNTIME_PROMOTION_2026_06_29,audits\full_family_runtime_materialized_20260703_025641\outputs\youth_turkey_report.json,audits\full_family_runtime_materialized_20260703_025641\outputs\youth_turkey_report.json,Family promoted after zero-pending runtime reconciliation; non-public/reference rows remain excluded.,
hybrid_ml_v2.1.0,utah_turkey_bonus_v1.0.0,2027,2027,TK1004,Northeastern Region,Turkey,Bearded,Limited Entry,Youth,Nonresident,4,youth_turkey,1,1,,0,,1,,1,0,0,,0.000000,0.000000,0.000000,0.000,0.000,0.000,0.000,-3,,RANDOM ONLY,GREEN,POINT CREEP DEFEAT,"2019,2020,2021,2022,2023,2024,2025",7,2025,2019,predictive,youth_turkey_set_aside_bonus_v1,Any Legal Weapon,YOUTH_TURKEY_SET_ASIDE,YOUTH_TURKEY_SOURCE_CLASSIFIED|YOUTH_TURKEY_15_PERCENT_SET_ASIDE_APPLIED|YOUTH_TURKEY_SEPARATE_FROM_ADULT_TURKEY|YOUTH_TURKEY_QUOTA_SOURCE_HARD_PERMITS_2026_TOTAL_YOUTH_SET_ASIDE|LOW_APPLICANT_COUNT|ONE_PERMIT_RANDOM_ONLY|NO_MAX_POINT_POOL|PROVEN_YOUTH_TURKEY_SOURCE,MODELED_BONUS,TARGET,True,Modeled by engine.utah_draw_predictive.turkey.,0.000000,0.000000,0.000000,0.000000,YOUTH_TURKEY_SET_ASIDE,PROMOTED_TO_RUNTIME,APPROVED_RUNTIME_PROMOTION_2026_06_29,audits\full_family_runtime_materialized_20260703_025641\outputs\youth_turkey_report.json,audits\full_family_runtime_materialized_20260703_025641\outputs\youth_turkey_report.json,Family promoted after zero-pending runtime reconciliation; non-public/reference rows remain excluded.,
hybrid_ml_v2.1.0,utah_turkey_bonus_v1.0.0,2027,2027,TK1004,Northeastern Region,Turkey,Bearded,Limited Entry,Youth,Nonresident,5,youth_turkey,1,1,,0,,1,,1,0,0,,0.000000,0.000000,0.000000,0.000,0.000,0.000,0.000,-4,,RANDOM ONLY,GREEN,POINT CREEP DEFEAT,"2019,2020,2021,2022,2023,2024,2025",7,2025,2019,predictive,youth_turkey_set_aside_bonus_v1,Any Legal Weapon,YOUTH_TURKEY_SET_ASIDE,YOUTH_TURKEY_SOURCE_CLASSIFIED|YOUTH_TURKEY_15_PERCENT_SET_ASIDE_APPLIED|YOUTH_TURKEY_SEPARATE_FROM_ADULT_TURKEY|YOUTH_TURKEY_QUOTA_SOURCE_HARD_PERMITS_2026_TOTAL_YOUTH_SET_ASIDE|LOW_APPLICANT_COUNT|ONE_PERMIT_RANDOM_ONLY|NO_MAX_POINT_POOL|PROVEN_YOUTH_TURKEY_SOURCE,MODELED_BONUS,TARGET,True,Modeled by engine.utah_draw_predictive.turkey.,0.000000,0.000000,0.000000,0.000000,YOUTH_TURKEY_SET_ASIDE,PROMOTED_TO_RUNTIME,APPROVED_RUNTIME_PROMOTION_2026_06_29,audits\full_family_runtime_materialized_20260703_025641\outputs\youth_turkey_report.json,audits\full_family_runtime_materialized_20260703_025641\outputs\youth_turkey_report.json,Family promoted after zero-pending runtime reconciliation; non-public/reference rows remain excluded.,
hybrid_ml_v2.1.0,utah_turkey_bonus_v1.0.0,2027,2027,TK1004,Northeastern Region,Turkey,Bearded,Limited Entry,Youth,Nonresident,6,youth_turkey,1,1,,0,,1,,1,0,0,,0.000000,0.000000,0.000000,0.000,0.000,0.000,0.000,-5,,RANDOM ONLY,GREEN,POINT CREEP DEFEAT,"2019,2020,2021,2022,2023,2024,2025",7,2025,2019,predictive,youth_turkey_set_aside_bonus_v1,Any Legal Weapon,YOUTH_TURKEY_SET_ASIDE,YOUTH_TURKEY_SOURCE_CLASSIFIED|YOUTH_TURKEY_15_PERCENT_SET_ASIDE_APPLIED|YOUTH_TURKEY_SEPARATE_FROM_ADULT_TURKEY|YOUTH_TURKEY_QUOTA_SOURCE_HARD_PERMITS_2026_TOTAL_YOUTH_SET_ASIDE|LOW_APPLICANT_COUNT|ONE_PERMIT_RANDOM_ONLY|NO_MAX_POINT_POOL|PROVEN_YOUTH_TURKEY_SOURCE,MODELED_BONUS,TARGET,True,Modeled by engine.utah_draw_predictive.turkey.,0.000000,0.000000,0.000000,0.000000,YOUTH_TURKEY_SET_ASIDE,PROMOTED_TO_RUNTIME,APPROVED_RUNTIME_PROMOTION_2026_06_29,audits\full_family_runtime_materialized_20260703_025641\outputs\youth_turkey_report.json,audits\full_family_runtime_materialized_20260703_025641\outputs\youth_turkey_report.json,Family promoted after zero-pending runtime reconciliation; non-public/reference rows remain excluded.,
hybrid_ml_v2.1.0,utah_turkey_bonus_v1.0.0,2027,2027,TK1004,Northeastern Region,Turkey,Bearded,Limited Entry,Youth,Nonresident,7,youth_turkey,1,1,,0,,1,,1,0,0,,0.000000,0.000000,0.000000,0.000,0.000,0.000,0.000,-6,,RANDOM ONLY,GREEN,POINT CREEP DEFEAT,"2019,2020,2021,2022,2023,2024,2025",7,2025,2019,predictive,youth_turkey_set_aside_bonus_v1,Any Legal Weapon,YOUTH_TURKEY_SET_ASIDE,YOUTH_TURKEY_SOURCE_CLASSIFIED|YOUTH_TURKEY_15_PERCENT_SET_ASIDE_APPLIED|YOUTH_TURKEY_SEPARATE_FROM_ADULT_TURKEY|YOUTH_TURKEY_QUOTA_SOURCE_HARD_PERMITS_2026_TOTAL_YOUTH_SET_ASIDE|LOW_APPLICANT_COUNT|ONE_PERMIT_RANDOM_ONLY|NO_MAX_POINT_POOL|PROVEN_YOUTH_TURKEY_SOURCE,MODELED_BONUS,TARGET,True,Modeled by engine.utah_draw_predictive.turkey.,0.000000,0.000000,0.000000,0.000000,YOUTH_TURKEY_SET_ASIDE,PROMOTED_TO_RUNTIME,APPROVED_RUNTIME_PROMOTION_2026_06_29,audits\full_family_runtime_materialized_20260703_025641\outputs\youth_turkey_report.json,audits\full_family_runtime_materialized_20260703_025641\outputs\youth_turkey_report.json,Family promoted after zero-pending runtime reconciliation; non-public/reference rows remain excluded.,
hybrid_ml_v2.1.0,utah_turkey_bonus_v1.0.0,2027,2027,TK1004,Northeastern Region,Turkey,Bearded,Limited Entry,Youth,Nonresident,8,youth_turkey,1,1,,0,,1,,1,0,0,,0.000000,0.000000,0.000000,0.000,0.000,0.000,0.000,-7,,RANDOM ONLY,GREEN,POINT CREEP DEFEAT,"2019,2020,2021,2022,2023,2024,2025",7,2025,2019,predictive,youth_turkey_set_aside_bonus_v1,Any Legal Weapon,YOUTH_TURKEY_SET_ASIDE,YOUTH_TURKEY_SOURCE_CLASSIFIED|YOUTH_TURKEY_15_PERCENT_SET_ASIDE_APPLIED|YOUTH_TURKEY_SEPARATE_FROM_ADULT_TURKEY|YOUTH_TURKEY_QUOTA_SOURCE_HARD_PERMITS_2026_TOTAL_YOUTH_SET_ASIDE|LOW_APPLICANT_COUNT|ONE_PERMIT_RANDOM_ONLY|NO_MAX_POINT_POOL|PROVEN_YOUTH_TURKEY_SOURCE,MODELED_BONUS,TARGET,True,Modeled by engine.utah_draw_predictive.turkey.,0.000000,0.000000,0.000000,0.000000,YOUTH_TURKEY_SET_ASIDE,PROMOTED_TO_RUNTIME,APPROVED_RUNTIME_PROMOTION_2026_06_29,audits\full_family_runtime_materialized_20260703_025641\outputs\youth_turkey_report.json,audits\full_family_runtime_materialized_20260703_025641\outputs\youth_turkey_report.json,Family promoted after zero-pending runtime reconciliation; non-public/reference rows remain excluded.,
hybrid_ml_v2.1.0,utah_turkey_bonus_v1.0.0,2027,2027,TK1004,Northeastern Region,Turkey,Bearded,Limited Entry,Youth,Nonresident,9,youth_turkey,1,1,,0,,1,,1,0,0,,0.000000,0.000000,0.000000,0.000,0.000,0.000,0.000,-8,,RANDOM ONLY,GREEN,POINT CREEP DEFEAT,"2019,2020,2021,2022,2023,2024,2025",7,2025,2019,predictive,youth_turkey_set_aside_bonus_v1,Any Legal Weapon,YOUTH_TURKEY_SET_ASIDE,YOUTH_TURKEY_SOURCE_CLASSIFIED|YOUTH_TURKEY_15_PERCENT_SET_ASIDE_APPLIED|YOUTH_TURKEY_SEPARATE_FROM_ADULT_TURKEY|YOUTH_TURKEY_QUOTA_SOURCE_HARD_PERMITS_2026_TOTAL_YOUTH_SET_ASIDE|LOW_APPLICANT_COUNT|ONE_PERMIT_RANDOM_ONLY|NO_MAX_POINT_POOL|PROVEN_YOUTH_TURKEY_SOURCE,MODELED_BONUS,TARGET,True,Modeled by engine.utah_draw_predictive.turkey.,0.000000,0.000000,0.000000,0.000000,YOUTH_TURKEY_SET_ASIDE,PROMOTED_TO_RUNTIME,APPROVED_RUNTIME_PROMOTION_2026_06_29,audits\full_family_runtime_materialized_20260703_025641\outputs\youth_turkey_report.json,audits\full_family_runtime_materialized_20260703_025641\outputs\youth_turkey_report.json,Family promoted after zero-pending runtime reconciliation; non-public/reference rows remain excluded.,
hybrid_ml_v2.1.0,utah_turkey_bonus_v1.0.0,2027,2027,TK1004,Northeastern Region,Turkey,Bearded,Limited Entry,Youth,Nonresident,10,youth_turkey,1,1,,0,,1,,1,0,0,,0.000000,0.000000,0.000000,0.000,0.000,0.000,0.000,-9,,RANDOM ONLY,GREEN,POINT CREEP DEFEAT,"2019,2020,2021,2022,2023,2024,2025",7,2025,2019,predictive,youth_turkey_set_aside_bonus_v1,Any Legal Weapon,YOUTH_TURKEY_SET_ASIDE,YOUTH_TURKEY_SOURCE_CLASSIFIED|YOUTH_TURKEY_15_PERCENT_SET_ASIDE_APPLIED|YOUTH_TURKEY_SEPARATE_FROM_ADULT_TURKEY|YOUTH_TURKEY_QUOTA_SOURCE_HARD_PERMITS_2026_TOTAL_YOUTH_SET_ASIDE|LOW_APPLICANT_COUNT|ONE_PERMIT_RANDOM_ONLY|NO_MAX_POINT_POOL|PROVEN_YOUTH_TURKEY_SOURCE,MODELED_BONUS,TARGET,True,Modeled by engine.utah_draw_predictive.turkey.,0.000000,0.000000,0.000000,0.000000,YOUTH_TURKEY_SET_ASIDE,PROMOTED_TO_RUNTIME,APPROVED_RUNTIME_PROMOTION_2026_06_29,audits\full_family_runtime_materialized_20260703_025641\outputs\youth_turkey_report.json,audits\full_family_runtime_materialized_20260703_025641\outputs\youth_turkey_report.json,Family promoted after zero-pending runtime reconciliation; non-public/reference rows remain excluded.,
hybrid_ml_v2.1.0,utah_turkey_bonus_v1.0.0,2027,2027,TK1004,Northeastern Region,Turkey,Bearded,Limited Entry,Youth,Nonresident,11,youth_turkey,1,1,,0,,1,,1,0,0,,0.000000,0.000000,0.000000,0.000,0.000,0.000,0.000,-10,,RANDOM ONLY,GREEN,POINT CREEP DEFEAT,"2019,2020,2021,2022,2023,2024,2025",7,2025,2019,predictive,youth_turkey_set_aside_bonus_v1,Any Legal Weapon,YOUTH_TURKEY_SET_ASIDE,YOUTH_TURKEY_SOURCE_CLASSIFIED|YOUTH_TURKEY_15_PERCENT_SET_ASIDE_APPLIED|YOUTH_TURKEY_SEPARATE_FROM_ADULT_TURKEY|YOUTH_TURKEY_QUOTA_SOURCE_HARD_PERMITS_2026_TOTAL_YOUTH_SET_ASIDE|LOW_APPLICANT_COUNT|ONE_PERMIT_RANDOM_ONLY|NO_MAX_POINT_POOL|PROVEN_YOUTH_TURKEY_SOURCE,MODELED_BONUS,TARGET,True,Modeled by engine.utah_draw_predictive.turkey.,0.000000,0.000000,0.000000,0.000000,YOUTH_TURKEY_SET_ASIDE,PROMOTED_TO_RUNTIME,APPROVED_RUNTIME_PROMOTION_2026_06_29,audits\full_family_runtime_materialized_20260703_025641\outputs\youth_turkey_report.json,audits\full_family_runtime_materialized_20260703_025641\outputs\youth_turkey_report.json,Family promoted after zero-pending runtime reconciliation; non-public/reference rows remain excluded.,
hybrid_ml_v2.1.0,utah_turkey_bonus_v1.0.0,2027,2027,TK1004,Northeastern Region,Turkey,Bearded,Limited Entry,Youth,Nonresident,12,youth_turkey,1,1,,0,,1,,1,0,0,,0.000000,0.000000,0.000000,0.000,0.000,0.000,0.000,-11,,RANDOM ONLY,GREEN,POINT CREEP DEFEAT,"2019,2020,2021,2022,2023,2024,2025",7,2025,2019,predictive,youth_turkey_set_aside_bonus_v1,Any Legal Weapon,YOUTH_TURKEY_SET_ASIDE,YOUTH_TURKEY_SOURCE_CLASSIFIED|YOUTH_TURKEY_15_PERCENT_SET_ASIDE_APPLIED|YOUTH_TURKEY_SEPARATE_FROM_ADULT_TURKEY|YOUTH_TURKEY_QUOTA_SOURCE_HARD_PERMITS_2026_TOTAL_YOUTH_SET_ASIDE|LOW_APPLICANT_COUNT|ONE_PERMIT_RANDOM_ONLY|NO_MAX_POINT_POOL|PROVEN_YOUTH_TURKEY_SOURCE,MODELED_BONUS,TARGET,True,Modeled by engine.utah_draw_predictive.turkey.,0.000000,0.000000,0.000000,0.000000,YOUTH_TURKEY_SET_ASIDE,PROMOTED_TO_RUNTIME,APPROVED_RUNTIME_PROMOTION_2026_06_29,audits\full_family_runtime_materialized_20260703_025641\outputs\youth_turkey_report.json,audits\full_family_runtime_materialized_20260703_025641\outputs\youth_turkey_report.json,Family promoted after zero-pending runtime reconciliation; non-public/reference rows remain excluded.,
hybrid_ml_v2.1.0,utah_turkey_bonus_v1.0.0,2027,2027,TK1004,Northeastern Region,Turkey,Bearded,Limited Entry,Youth,Nonresident,13,youth_turkey,1,1,,0,,1,,1,0,0,,0.000000,0.000000,0.000000,0.000,0.000,0.000,0.000,-12,,RANDOM ONLY,GREEN,POINT CREEP DEFEAT,"2019,2020,2021,2022,2023,2024,2025",7,2025,2019,predictive,youth_turkey_set_aside_bonus_v1,Any Legal Weapon,YOUTH_TURKEY_SET_ASIDE,YOUTH_TURKEY_SOURCE_CLASSIFIED|YOUTH_TURKEY_15_PERCENT_SET_ASIDE_APPLIED|YOUTH_TURKEY_SEPARATE_FROM_ADULT_TURKEY|YOUTH_TURKEY_QUOTA_SOURCE_HARD_PERMITS_2026_TOTAL_YOUTH_SET_ASIDE|LOW_APPLICANT_COUNT|ONE_PERMIT_RANDOM_ONLY|NO_MAX_POINT_POOL|PROVEN_YOUTH_TURKEY_SOURCE,MODELED_BONUS,TARGET,True,Modeled by engine.utah_draw_predictive.turkey.,0.000000,0.000000,0.000000,0.000000,YOUTH_TURKEY_SET_ASIDE,PROMOTED_TO_RUNTIME,APPROVED_RUNTIME_PROMOTION_2026_06_29,audits\full_family_runtime_materialized_20260703_025641\outputs\youth_turkey_report.json,audits\full_family_runtime_materialized_20260703_025641\outputs\youth_turkey_report.json,Family promoted after zero-pending runtime reconciliation; non-public/reference rows remain excluded.,
hybrid_ml_v2.1.0,utah_turkey_bonus_v1.0.0,2027,2027,TK1004,Northeastern Region,Turkey,Bearded,Limited Entry,Youth,Nonresident,14,youth_turkey,1,1,,0,,1,,1,0,0,,0.000000,0.000000,0.000000,0.000,0.000,0.000,0.000,-13,,RANDOM ONLY,GREEN,POINT CREEP DEFEAT,"2019,2020,2021,2022,2023,2024,2025",7,2025,2019,predictive,youth_turkey_set_aside_bonus_v1,Any Legal Weapon,YOUTH_TURKEY_SET_ASIDE,YOUTH_TURKEY_SOURCE_CLASSIFIED|YOUTH_TURKEY_15_PERCENT_SET_ASIDE_APPLIED|YOUTH_TURKEY_SEPARATE_FROM_ADULT_TURKEY|YOUTH_TURKEY_QUOTA_SOURCE_HARD_PERMITS_2026_TOTAL_YOUTH_SET_ASIDE|LOW_APPLICANT_COUNT|ONE_PERMIT_RANDOM_ONLY|NO_MAX_POINT_POOL|PROVEN_YOUTH_TURKEY_SOURCE,MODELED_BONUS,TARGET,True,Modeled by engine.utah_draw_predictive.turkey.,0.000000,0.000000,0.000000,0.000000,YOUTH_TURKEY_SET_ASIDE,PROMOTED_TO_RUNTIME,APPROVED_RUNTIME_PROMOTION_2026_06_29,audits\full_family_runtime_materialized_20260703_025641\outputs\youth_turkey_report.json,audits\full_family_runtime_materialized_20260703_025641\outputs\youth_turkey_report.json,Family promoted after zero-pending runtime reconciliation; non-public/reference rows remain excluded.,
hybrid_ml_v2.1.0,utah_turkey_bonus_v1.0.0,2027,2027,TK1004,Northeastern Region,Turkey,Bearded,Limited Entry,Youth,Nonresident,15,youth_turkey,1,1,,0,,1,,1,0,0,,0.000000,0.000000,0.000000,0.000,0.000,0.000,0.000,-14,,RANDOM ONLY,GREEN,POINT CREEP DEFEAT,"2019,2020,2021,2022,2023,2024,2025",7,2025,2019,predictive,youth_turkey_set_aside_bonus_v1,Any Legal Weapon,YOUTH_TURKEY_SET_ASIDE,YOUTH_TURKEY_SOURCE_CLASSIFIED|YOUTH_TURKEY_15_PERCENT_SET_ASIDE_APPLIED|YOUTH_TURKEY_SEPARATE_FROM_ADULT_TURKEY|YOUTH_TURKEY_QUOTA_SOURCE_HARD_PERMITS_2026_TOTAL_YOUTH_SET_ASIDE|LOW_APPLICANT_COUNT|ONE_PERMIT_RANDOM_ONLY|NO_MAX_POINT_POOL|PROVEN_YOUTH_TURKEY_SOURCE,MODELED_BONUS,TARGET,True,Modeled by engine.utah_draw_predictive.turkey.,0.000000,0.000000,0.000000,0.000000,YOUTH_TURKEY_SET_ASIDE,PROMOTED_TO_RUNTIME,APPROVED_RUNTIME_PROMOTION_2026_06_29,audits\full_family_runtime_materialized_20260703_025641\outputs\youth_turkey_report.json,audits\full_family_runtime_materialized_20260703_025641\outputs\youth_turkey_report.json,Family promoted after zero-pending runtime reconciliation; non-public/reference rows remain excluded.,
hybrid_ml_v2.1.0,utah_turkey_bonus_v1.0.0,2027,2027,TK1004,Northeastern Region,Turkey,Bearded,Limited Entry,Youth,Nonresident,16,youth_turkey,1,1,,0,,1,,1,0,0,,0.000000,0.000000,0.000000,0.000,0.000,0.000,0.000,-15,,RANDOM ONLY,GREEN,POINT CREEP DEFEAT,"2019,2020,2021,2022,2023,2024,2025",7,2025,2019,predictive,youth_turkey_set_aside_bonus_v1,Any Legal Weapon,YOUTH_TURKEY_SET_ASIDE,YOUTH_TURKEY_SOURCE_CLASSIFIED|YOUTH_TURKEY_15_PERCENT_SET_ASIDE_APPLIED|YOUTH_TURKEY_SEPARATE_FROM_ADULT_TURKEY|YOUTH_TURKEY_QUOTA_SOURCE_HARD_PERMITS_2026_TOTAL_YOUTH_SET_ASIDE|LOW_APPLICANT_COUNT|ONE_PERMIT_RANDOM_ONLY|NO_MAX_POINT_POOL|PROVEN_YOUTH_TURKEY_SOURCE,MODELED_BONUS,TARGET,True,Modeled by engine.utah_draw_predictive.turkey.,0.000000,0.000000,0.000000,0.000000,YOUTH_TURKEY_SET_ASIDE,PROMOTED_TO_RUNTIME,APPROVED_RUNTIME_PROMOTION_2026_06_29,audits\full_family_runtime_materialized_20260703_025641\outputs\youth_turkey_report.json,audits\full_family_runtime_materialized_20260703_025641\outputs\youth_turkey_report.json,Family promoted after zero-pending runtime reconciliation; non-public/reference rows remain excluded.,
hybrid_ml_v2.1.0,utah_turkey_bonus_v1.0.0,2027,2027,TK1004,Northeastern Region,Turkey,Bearded,Limited Entry,Youth,Nonresident,17,youth_turkey,1,1,,0,,1,,1,0,0,,0.000000,0.000000,0.000000,0.000,0.000,0.000,0.000,-16,,RANDOM ONLY,GREEN,POINT CREEP DEFEAT,"2019,2020,2021,2022,2023,2024,2025",7,2025,2019,predictive,youth_turkey_set_aside_bonus_v1,Any Legal Weapon,YOUTH_TURKEY_SET_ASIDE,YOUTH_TURKEY_SOURCE_CLASSIFIED|YOUTH_TURKEY_15_PERCENT_SET_ASIDE_APPLIED|YOUTH_TURKEY_SEPARATE_FROM_ADULT_TURKEY|YOUTH_TURKEY_QUOTA_SOURCE_HARD_PERMITS_2026_TOTAL_YOUTH_SET_ASIDE|LOW_APPLICANT_COUNT|ONE_PERMIT_RANDOM_ONLY|NO_MAX_POINT_POOL|PROVEN_YOUTH_TURKEY_SOURCE,MODELED_BONUS,TARGET,True,Modeled by engine.utah_draw_predictive.turkey.,0.000000,0.000000,0.000000,0.000000,YOUTH_TURKEY_SET_ASIDE,PROMOTED_TO_RUNTIME,APPROVED_RUNTIME_PROMOTION_2026_06_29,audits\full_family_runtime_materialized_20260703_025641\outputs\youth_turkey_report.json,audits\full_family_runtime_materialized_20260703_025641\outputs\youth_turkey_report.json,Family promoted after zero-pending runtime reconciliation; non-public/reference rows remain excluded.,
hybrid_ml_v2.1.0,utah_turkey_bonus_v1.0.0,2027,2027,TK1004,Northeastern Region,Turkey,Bearded,Limited Entry,Youth,Nonresident,18,youth_turkey,1,1,,0,,1,,1,0,0,,0.000000,0.000000,0.000000,0.000,0.000,0.000,0.000,-17,,RANDOM ONLY,GREEN,POINT CREEP DEFEAT,"2019,2020,2021,2022,2023,2024,2025",7,2025,2019,predictive,youth_turkey_set_aside_bonus_v1,Any Legal Weapon,YOUTH_TURKEY_SET_ASIDE,YOUTH_TURKEY_SOURCE_CLASSIFIED|YOUTH_TURKEY_15_PERCENT_SET_ASIDE_APPLIED|YOUTH_TURKEY_SEPARATE_FROM_ADULT_TURKEY|YOUTH_TURKEY_QUOTA_SOURCE_HARD_PERMITS_2026_TOTAL_YOUTH_SET_ASIDE|LOW_APPLICANT_COUNT|ONE_PERMIT_RANDOM_ONLY|NO_MAX_POINT_POOL|PROVEN_YOUTH_TURKEY_SOURCE,MODELED_BONUS,TARGET,True,Modeled by engine.utah_draw_predictive.turkey.,0.000000,0.000000,0.000000,0.000000,YOUTH_TURKEY_SET_ASIDE,PROMOTED_TO_RUNTIME,APPROVED_RUNTIME_PROMOTION_2026_06_29,audits\full_family_runtime_materialized_20260703_025641\outputs\youth_turkey_report.json,audits\full_family_runtime_materialized_20260703_025641\outputs\youth_turkey_report.json,Family promoted after zero-pending runtime reconciliation; non-public/reference rows remain excluded.,
hybrid_ml_v2.1.0,utah_turkey_bonus_v1.0.0,2027,2027,TK1004,Northeastern Region,Turkey,Bearded,Limited Entry,Youth,Nonresident,19,youth_turkey,1,1,,0,,1,,1,0,0,,0.000000,0.000000,0.000000,0.000,0.000,0.000,0.000,-18,,RANDOM ONLY,GREEN,POINT CREEP DEFEAT,"2019,2020,2021,2022,2023,2024,2025",7,2025,2019,predictive,youth_turkey_set_aside_bonus_v1,Any Legal Weapon,YOUTH_TURKEY_SET_ASIDE,YOUTH_TURKEY_SOURCE_CLASSIFIED|YOUTH_TURKEY_15_PERCENT_SET_ASIDE_APPLIED|YOUTH_TURKEY_SEPARATE_FROM_ADULT_TURKEY|YOUTH_TURKEY_QUOTA_SOURCE_HARD_PERMITS_2026_TOTAL_YOUTH_SET_ASIDE|LOW_APPLICANT_COUNT|ONE_PERMIT_RANDOM_ONLY|NO_MAX_POINT_POOL|PROVEN_YOUTH_TURKEY_SOURCE,MODELED_BONUS,TARGET,True,Modeled by engine.utah_draw_predictive.turkey.,0.000000,0.000000,0.000000,0.000000,YOUTH_TURKEY_SET_ASIDE,PROMOTED_TO_RUNTIME,APPROVED_RUNTIME_PROMOTION_2026_06_29,audits\full_family_runtime_materialized_20260703_025641\outputs\youth_turkey_report.json,audits\full_family_runtime_materialized_20260703_025641\outputs\youth_turkey_report.json,Family promoted after zero-pending runtime reconciliation; non-public/reference rows remain excluded.,
hybrid_ml_v2.1.0,utah_turkey_bonus_v1.0.0,2027,2027,TK1004,Northeastern Region,Turkey,Bearded,Limited Entry,Youth,Nonresident,20,youth_turkey,1,1,,0,,1,,1,0,0,,0.000000,0.000000,0.000000,0.000,0.000,0.000,0.000,-19,,RANDOM ONLY,GREEN,POINT CREEP DEFEAT,"2019,2020,2021,2022,2023,2024,2025",7,2025,2019,predictive,youth_turkey_set_aside_bonus_v1,Any Legal Weapon,YOUTH_TURKEY_SET_ASIDE,YOUTH_TURKEY_SOURCE_CLASSIFIED|YOUTH_TURKEY_15_PERCENT_SET_ASIDE_APPLIED|YOUTH_TURKEY_SEPARATE_FROM_ADULT_TURKEY|YOUTH_TURKEY_QUOTA_SOURCE_HARD_PERMITS_2026_TOTAL_YOUTH_SET_ASIDE|LOW_APPLICANT_COUNT|ONE_PERMIT_RANDOM_ONLY|NO_MAX_POINT_POOL|PROVEN_YOUTH_TURKEY_SOURCE,MODELED_BONUS,TARGET,True,Modeled by engine.utah_draw_predictive.turkey.,0.000000,0.000000,0.000000,0.000000,YOUTH_TURKEY_SET_ASIDE,PROMOTED_TO_RUNTIME,APPROVED_RUNTIME_PROMOTION_2026_06_29,audits\full_family_runtime_materialized_20260703_025641\outputs\youth_turkey_report.json,audits\full_family_runtime_materialized_20260703_025641\outputs\youth_turkey_report.json,Family promoted after zero-pending runtime reconciliation; non-public/reference rows remain excluded.,
hybrid_ml_v2.1.0,utah_turkey_bonus_v1.0.0,2027,2027,TK1004,Northeastern Region,Turkey,Bearded,Limited Entry,Youth,Nonresident,21,youth_turkey,1,1,,0,,1,,1,0,0,,0.000000,0.000000,0.000000,0.000,0.000,0.000,0.000,-20,,RANDOM ONLY,GREEN,POINT CREEP DEFEAT,"2019,2020,2021,2022,2023,2024,2025",7,2025,2019,predictive,youth_turkey_set_aside_bonus_v1,Any Legal Weapon,YOUTH_TURKEY_SET_ASIDE,YOUTH_TURKEY_SOURCE_CLASSIFIED|YOUTH_TURKEY_15_PERCENT_SET_ASIDE_APPLIED|YOUTH_TURKEY_SEPARATE_FROM_ADULT_TURKEY|YOUTH_TURKEY_QUOTA_SOURCE_HARD_PERMITS_2026_TOTAL_YOUTH_SET_ASIDE|LOW_APPLICANT_COUNT|ONE_PERMIT_RANDOM_ONLY|NO_MAX_POINT_POOL|PROVEN_YOUTH_TURKEY_SOURCE,MODELED_BONUS,TARGET,True,Modeled by engine.utah_draw_predictive.turkey.,0.000000,0.000000,0.000000,0.000000,YOUTH_TURKEY_SET_ASIDE,PROMOTED_TO_RUNTIME,APPROVED_RUNTIME_PROMOTION_2026_06_29,audits\full_family_runtime_materialized_20260703_025641\outputs\youth_turkey_report.json,audits\full_family_runtime_materialized_20260703_025641\outputs\youth_turkey_report.json,Family promoted after zero-pending runtime reconciliation; non-public/reference rows remain excluded.,
hybrid_ml_v2.1.0,utah_turkey_bonus_v1.0.0,2027,2027,TK1004,Northeastern Region,Turkey,Bearded,Limited Entry,Youth,Nonresident,22,youth_turkey,1,1,,0,,1,,1,0,0,,0.000000,0.000000,0.000000,0.000,0.000,0.000,0.000,-21,,RANDOM ONLY,GREEN,POINT CREEP DEFEAT,"2019,2020,2021,2022,2023,2024,2025",7,2025,2019,predictive,youth_turkey_set_aside_bonus_v1,Any Legal Weapon,YOUTH_TURKEY_SET_ASIDE,YOUTH_TURKEY_SOURCE_CLASSIFIED|YOUTH_TURKEY_15_PERCENT_SET_ASIDE_APPLIED|YOUTH_TURKEY_SEPARATE_FROM_ADULT_TURKEY|YOUTH_TURKEY_QUOTA_SOURCE_HARD_PERMITS_2026_TOTAL_YOUTH_SET_ASIDE|LOW_APPLICANT_COUNT|ONE_PERMIT_RANDOM_ONLY|NO_MAX_POINT_POOL|PROVEN_YOUTH_TURKEY_SOURCE,MODELED_BONUS,TARGET,True,Modeled by engine.utah_draw_predictive.turkey.,0.000000,0.000000,0.000000,0.000000,YOUTH_TURKEY_SET_ASIDE,PROMOTED_TO_RUNTIME,APPROVED_RUNTIME_PROMOTION_2026_06_29,audits\full_family_runtime_materialized_20260703_025641\outputs\youth_turkey_report.json,audits\full_family_runtime_materialized_20260703_025641\outputs\youth_turkey_report.json,Family promoted after zero-pending runtime reconciliation; non-public/reference rows remain excluded.,
hybrid_ml_v2.1.0,utah_turkey_bonus_v1.0.0,2027,2027,TK1004,Northeastern Region,Turkey,Bearded,Limited Entry,Youth,Nonresident,23,youth_turkey,1,1,,0,,1,,1,0,0,,0.000000,0.000000,0.000000,0.000,0.000,0.000,0.000,-22,,RANDOM ONLY,GREEN,POINT CREEP DEFEAT,"2019,2020,2021,2022,2023,2024,2025",7,2025,2019,predictive,youth_turkey_set_aside_bonus_v1,Any Legal Weapon,YOUTH_TURKEY_SET_ASIDE,YOUTH_TURKEY_SOURCE_CLASSIFIED|YOUTH_TURKEY_15_PERCENT_SET_ASIDE_APPLIED|YOUTH_TURKEY_SEPARATE_FROM_ADULT_TURKEY|YOUTH_TURKEY_QUOTA_SOURCE_HARD_PERMITS_2026_TOTAL_YOUTH_SET_ASIDE|LOW_APPLICANT_COUNT|ONE_PERMIT_RANDOM_ONLY|NO_MAX_POINT_POOL|PROVEN_YOUTH_TURKEY_SOURCE,MODELED_BONUS,TARGET,True,Modeled by engine.utah_draw_predictive.turkey.,0.000000,0.000000,0.000000,0.000000,YOUTH_TURKEY_SET_ASIDE,PROMOTED_TO_RUNTIME,APPROVED_RUNTIME_PROMOTION_2026_06_29,audits\full_family_runtime_materialized_20260703_025641\outputs\youth_turkey_report.json,audits\full_family_runtime_materialized_20260703_025641\outputs\youth_turkey_report.json,Family promoted after zero-pending runtime reconciliation; non-public/reference rows remain excluded.,
hybrid_ml_v2.1.0,utah_turkey_bonus_v1.0.0,2027,2027,TK1004,Northeastern Region,Turkey,Bearded,Limited Entry,Youth,Resident,0,youth_turkey,36,51,,26,,25,2,1,30,54,,0.000000,0.999999,0.999999,0.000,100.000,100.000,100.000,1,-1,BEHIND,RED,GREEN LIGHT,"2019,2020,2021,2022,2023,2024,2025",7,2025,2019,predictive,youth_turkey_set_aside_bonus_v1,Any Legal Weapon,YOUTH_TURKEY_SET_ASIDE,YOUTH_TURKEY_SOURCE_CLASSIFIED|YOUTH_TURKEY_15_PERCENT_SET_ASIDE_APPLIED|YOUTH_TURKEY_SEPARATE_FROM_ADULT_TURKEY|YOUTH_TURKEY_QUOTA_SOURCE_HARD_PERMITS_2026_TOTAL_YOUTH_SET_ASIDE|PROVEN_YOUTH_TURKEY_SOURCE,MODELED_BONUS,TARGET,True,Modeled by engine.utah_draw_predictive.turkey.,0.999999,0.999999,0.999999,0.999999,YOUTH_TURKEY_SET_ASIDE,PROMOTED_TO_RUNTIME,APPROVED_RUNTIME_PROMOTION_2026_06_29,audits\full_family_runtime_materialized_20260703_025641\outputs\youth_turkey_report.json,audits\full_family_runtime_materialized_20260703_025641\outputs\youth_turkey_report.json,Family promoted after zero-pending runtime reconciliation; non-public/reference rows remain excluded.,~1 in 1.0 or 100.0%
hybrid_ml_v2.1.0,utah_turkey_bonus_v1.0.0,2027,2027,TK1004,Northeastern Region,Turkey,Bearded,Limited Entry,Youth,Resident,1,youth_turkey,36,51,,26,,25,2,1,12,18,,0.777778,0.999778,0.999951,77.778,99.978,99.995,99.978,0,-1,ON EDGE,RED,GREEN LIGHT,"2019,2020,2021,2022,2023,2024,2025",7,2025,2019,predictive,youth_turkey_set_aside_bonus_v1,Any Legal Weapon,YOUTH_TURKEY_SET_ASIDE,YOUTH_TURKEY_SOURCE_CLASSIFIED|YOUTH_TURKEY_15_PERCENT_SET_ASIDE_APPLIED|YOUTH_TURKEY_SEPARATE_FROM_ADULT_TURKEY|YOUTH_TURKEY_QUOTA_SOURCE_HARD_PERMITS_2026_TOTAL_YOUTH_SET_ASIDE|PROVEN_YOUTH_TURKEY_SOURCE,MODELED_BONUS,TARGET,True,Modeled by engine.utah_draw_predictive.turkey.,0.999951,0.999951,0.999951,0.999951,YOUTH_TURKEY_SET_ASIDE,PROMOTED_TO_RUNTIME,APPROVED_RUNTIME_PROMOTION_2026_06_29,audits\full_family_runtime_materialized_20260703_025641\outputs\youth_turkey_report.json,audits\full_family_runtime_materialized_20260703_025641\outputs\youth_turkey_report.json,Family promoted after zero-pending runtime reconciliation; non-public/reference rows remain excluded.,~1 in 1.0 or 100.0%
hybrid_ml_v2.1.0,utah_turkey_bonus_v1.0.0,2027,2027,TK1004,Northeastern Region,Turkey,Bearded,Limited Entry,Youth,Resident,2,youth_turkey,36,51,,26,,25,2,1,0,12,,1.000000,0.999778,1.000000,100.000,99.978,100.000,99.978,-1,-1,MAX POOL,RED,GREEN LIGHT,"2019,2020,2021,2022,2023,2024,2025",7,2025,2019,predictive,youth_turkey_set_aside_bonus_v1,Any Legal Weapon,YOUTH_TURKEY_SET_ASIDE,YOUTH_TURKEY_SOURCE_CLASSIFIED|YOUTH_TURKEY_15_PERCENT_SET_ASIDE_APPLIED|YOUTH_TURKEY_SEPARATE_FROM_ADULT_TURKEY|YOUTH_TURKEY_QUOTA_SOURCE_HARD_PERMITS_2026_TOTAL_YOUTH_SET_ASIDE|PROVEN_YOUTH_TURKEY_SOURCE,MODELED_BONUS,TARGET,True,Modeled by engine.utah_draw_predictive.turkey.,1.000000,1.000000,1.000000,1.000000,YOUTH_TURKEY_SET_ASIDE,PROMOTED_TO_RUNTIME,APPROVED_RUNTIME_PROMOTION_2026_06_29,audits\full_family_runtime_materialized_20260703_025641\outputs\youth_turkey_report.json,audits\full_family_runtime_materialized_20260703_025641\outputs\youth_turkey_report.json,Family promoted after zero-pending runtime reconciliation; non-public/reference rows remain excluded.,~1 in 1.0 or 100.0%
hybrid_ml_v2.1.0,utah_turkey_bonus_v1.0.0,2027,2027,TK1004,Northeastern Region,Turkey,Bearded,Limited Entry,Youth,Resident,3,youth_turkey,36,51,,26,,25,2,1,0,0,,0.000000,0.000000,0.000000,0.000,0.000,0.000,0.000,-2,-1,BEHIND,RED,POINT CREEP DEFEAT,"2019,2020,2021,2022,2023,2024,2025",7,2025,2019,predictive,youth_turkey_set_aside_bonus_v1,Any Legal Weapon,YOUTH_TURKEY_SET_ASIDE,YOUTH_TURKEY_SOURCE_CLASSIFIED|YOUTH_TURKEY_15_PERCENT_SET_ASIDE_APPLIED|YOUTH_TURKEY_SEPARATE_FROM_ADULT_TURKEY|YOUTH_TURKEY_QUOTA_SOURCE_HARD_PERMITS_2026_TOTAL_YOUTH_SET_ASIDE|PROVEN_YOUTH_TURKEY_SOURCE,MODELED_BONUS,TARGET,True,Modeled by engine.utah_draw_predictive.turkey.,0.000000,0.000000,0.000000,0.000000,YOUTH_TURKEY_SET_ASIDE,PROMOTED_TO_RUNTIME,APPROVED_RUNTIME_PROMOTION_2026_06_29,audits\full_family_runtime_materialized_20260703_025641\outputs\youth_turkey_report.json,audits\full_family_runtime_materialized_20260703_025641\outputs\youth_turkey_report.json,Family promoted after zero-pending runtime reconciliation; non-public/reference rows remain excluded.,
hybrid_ml_v2.1.0,utah_turkey_bonus_v1.0.0,2027,2027,TK1004,Northeastern Region,Turkey,Bearded,Limited Entry,Youth,Resident,4,youth_turkey,36,51,,26,,25,2,1,0,0,,0.000000,0.000000,0.000000,0.000,0.000,0.000,0.000,-3,-1,BEHIND,RED,POINT CREEP DEFEAT,"2019,2020,2021,2022,2023,2024,2025",7,2025,2019,predictive,youth_turkey_set_aside_bonus_v1,Any Legal Weapon,YOUTH_TURKEY_SET_ASIDE,YOUTH_TURKEY_SOURCE_CLASSIFIED|YOUTH_TURKEY_15_PERCENT_SET_ASIDE_APPLIED|YOUTH_TURKEY_SEPARATE_FROM_ADULT_TURKEY|YOUTH_TURKEY_QUOTA_SOURCE_HARD_PERMITS_2026_TOTAL_YOUTH_SET_ASIDE|PROVEN_YOUTH_TURKEY_SOURCE,MODELED_BONUS,TARGET,True,Modeled by engine.utah_draw_predictive.turkey.,0.000000,0.000000,0.000000,0.000000,YOUTH_TURKEY_SET_ASIDE,PROMOTED_TO_RUNTIME,APPROVED_RUNTIME_PROMOTION_2026_06_29,audits\full_family_runtime_materialized_20260703_025641\outputs\youth_turkey_report.json,audits\full_family_runtime_materialized_20260703_025641\outputs\youth_turkey_report.json,Family promoted after zero-pending runtime reconciliation; non-public/reference rows remain excluded.,
hybrid_ml_v2.1.0,utah_turkey_bonus_v1.0.0,2027,2027,TK1004,Northeastern Region,Turkey,Bearded,Limited Entry,Youth,Resident,5,youth_turkey,36,51,,26,,25,2,1,0,0,,0.000000,0.000000,0.000000,0.000,0.000,0.000,0.000,-4,-1,BEHIND,RED,POINT CREEP DEFEAT,"2019,2020,2021,2022,2023,2024,2025",7,2025,2019,predictive,youth_turkey_set_aside_bonus_v1,Any Legal Weapon,YOUTH_TURKEY_SET_ASIDE,YOUTH_TURKEY_SOURCE_CLASSIFIED|YOUTH_TURKEY_15_PERCENT_SET_ASIDE_APPLIED|YOUTH_TURKEY_SEPARATE_FROM_ADULT_TURKEY|YOUTH_TURKEY_QUOTA_SOURCE_HARD_PERMITS_2026_TOTAL_YOUTH_SET_ASIDE|PROVEN_YOUTH_TURKEY_SOURCE,MODELED_BONUS,TARGET,True,Modeled by engine.utah_draw_predictive.turkey.,0.000000,0.000000,0.000000,0.000000,YOUTH_TURKEY_SET_ASIDE,PROMOTED_TO_RUNTIME,APPROVED_RUNTIME_PROMOTION_2026_06_29,audits\full_family_runtime_materialized_20260703_025641\outputs\youth_turkey_report.json,audits\full_family_runtime_materialized_20260703_025641\outputs\youth_turkey_report.json,Family promoted after zero-pending runtime reconciliation; non-public/reference rows remain excluded.,
hybrid_ml_v2.1.0,utah_turkey_bonus_v1.0.0,2027,2027,TK1004,Northeastern Region,Turkey,Bearded,Limited Entry,Youth,Resident,6,youth_turkey,36,51,,26,,25,2,1,0,0,,0.000000,0.000000,0.000000,0.000,0.000,0.000,0.000,-5,-1,BEHIND,RED,POINT CREEP DEFEAT,"2019,2020,2021,2022,2023,2024,2025",7,2025,2019,predictive,youth_turkey_set_aside_bonus_v1,Any Legal Weapon,YOUTH_TURKEY_SET_ASIDE,YOUTH_TURKEY_SOURCE_CLASSIFIED|YOUTH_TURKEY_15_PERCENT_SET_ASIDE_APPLIED|YOUTH_TURKEY_SEPARATE_FROM_ADULT_TURKEY|YOUTH_TURKEY_QUOTA_SOURCE_HARD_PERMITS_2026_TOTAL_YOUTH_SET_ASIDE|PROVEN_YOUTH_TURKEY_SOURCE,MODELED_BONUS,TARGET,True,Modeled by engine.utah_draw_predictive.turkey.,0.000000,0.000000,0.000000,0.000000,YOUTH_TURKEY_SET_ASIDE,PROMOTED_TO_RUNTIME,APPROVED_RUNTIME_PROMOTION_2026_06_29,audits\full_family_runtime_materialized_20260703_025641\outputs\youth_turkey_report.json,audits\full_family_runtime_materialized_20260703_025641\outputs\youth_turkey_report.json,Family promoted after zero-pending runtime reconciliation; non-public/reference rows remain excluded.,
hybrid_ml_v2.1.0,utah_turkey_bonus_v1.0.0,2027,2027,TK1004,Northeastern Region,Turkey,Bearded,Limited Entry,Youth,Resident,7,youth_turkey,36,51,,26,,25,2,1,0,0,,0.000000,0.000000,0.000000,0.000,0.000,0.000,0.000,-6,-1,BEHIND,RED,POINT CREEP DEFEAT,"2019,2020,2021,2022,2023,2024,2025",7,2025,2019,predictive,youth_turkey_set_aside_bonus_v1,Any Legal Weapon,YOUTH_TURKEY_SET_ASIDE,YOUTH_TURKEY_SOURCE_CLASSIFIED|YOUTH_TURKEY_15_PERCENT_SET_ASIDE_APPLIED|YOUTH_TURKEY_SEPARATE_FROM_ADULT_TURKEY|YOUTH_TURKEY_QUOTA_SOURCE_HARD_PERMITS_2026_TOTAL_YOUTH_SET_ASIDE|PROVEN_YOUTH_TURKEY_SOURCE,MODELED_BONUS,TARGET,True,Modeled by engine.utah_draw_predictive.turkey.,0.000000,0.000000,0.000000,0.000000,YOUTH_TURKEY_SET_ASIDE,PROMOTED_TO_RUNTIME,APPROVED_RUNTIME_PROMOTION_2026_06_29,audits\full_family_runtime_materialized_20260703_025641\outputs\youth_turkey_report.json,audits\full_family_runtime_materialized_20260703_025641\outputs\youth_turkey_report.json,Family promoted after zero-pending runtime reconciliation; non-public/reference rows remain excluded.,
hybrid_ml_v2.1.0,utah_turkey_bonus_v1.0.0,2027,2027,TK1004,Northeastern Region,Turkey,Bearded,Limited Entry,Youth,Resident,8,youth_turkey,36,51,,26,,25,2,1,0,0,,0.000000,0.000000,0.000000,0.000,0.000,0.000,0.000,-7,-1,BEHIND,RED,POINT CREEP DEFEAT,"2019,2020,2021,2022,2023,2024,2025",7,2025,2019,predictive,youth_turkey_set_aside_bonus_v1,Any Legal Weapon,YOUTH_TURKEY_SET_ASIDE,YOUTH_TURKEY_SOURCE_CLASSIFIED|YOUTH_TURKEY_15_PERCENT_SET_ASIDE_APPLIED|YOUTH_TURKEY_SEPARATE_FROM_ADULT_TURKEY|YOUTH_TURKEY_QUOTA_SOURCE_HARD_PERMITS_2026_TOTAL_YOUTH_SET_ASIDE|PROVEN_YOUTH_TURKEY_SOURCE,MODELED_BONUS,TARGET,True,Modeled by engine.utah_draw_predictive.turkey.,0.000000,0.000000,0.000000,0.000000,YOUTH_TURKEY_SET_ASIDE,PROMOTED_TO_RUNTIME,APPROVED_RUNTIME_PROMOTION_2026_06_29,audits\full_family_runtime_materialized_20260703_025641\outputs\youth_turkey_report.json,audits\full_family_runtime_materialized_20260703_025641\outputs\youth_turkey_report.json,Family promoted after zero-pending runtime reconciliation; non-public/reference rows remain excluded.,
hybrid_ml_v2.1.0,utah_turkey_bonus_v1.0.0,2027,2027,TK1004,Northeastern Region,Turkey,Bearded,Limited Entry,Youth,Resident,9,youth_turkey,36,51,,26,,25,2,1,0,0,,0.000000,0.000000,0.000000,0.000,0.000,0.000,0.000,-8,-1,BEHIND,RED,POINT CREEP DEFEAT,"2019,2020,2021,2022,2023,2024,2025",7,2025,2019,predictive,youth_turkey_set_aside_bonus_v1,Any Legal Weapon,YOUTH_TURKEY_SET_ASIDE,YOUTH_TURKEY_SOURCE_CLASSIFIED|YOUTH_TURKEY_15_PERCENT_SET_ASIDE_APPLIED|YOUTH_TURKEY_SEPARATE_FROM_ADULT_TURKEY|YOUTH_TURKEY_QUOTA_SOURCE_HARD_PERMITS_2026_TOTAL_YOUTH_SET_ASIDE|PROVEN_YOUTH_TURKEY_SOURCE,MODELED_BONUS,TARGET,True,Modeled by engine.utah_draw_predictive.turkey.,0.000000,0.000000,0.000000,0.000000,YOUTH_TURKEY_SET_ASIDE,PROMOTED_TO_RUNTIME,APPROVED_RUNTIME_PROMOTION_2026_06_29,audits\full_family_runtime_materialized_20260703_025641\outputs\youth_turkey_report.json,audits\full_family_runtime_materialized_20260703_025641\outputs\youth_turkey_report.json,Family promoted after zero-pending runtime reconciliation; non-public/reference rows remain excluded.,
hybrid_ml_v2.1.0,utah_turkey_bonus_v1.0.0,2027,2027,TK1004,Northeastern Region,Turkey,Bearded,Limited Entry,Youth,Resident,10,youth_turkey,36,51,,26,,25,2,1,0,0,,0.000000,0.000000,0.000000,0.000,0.000,0.000,0.000,-9,-1,BEHIND,RED,POINT CREEP DEFEAT,"2019,2020,2021,2022,2023,2024,2025",7,2025,2019,predictive,youth_turkey_set_aside_bonus_v1,Any Legal Weapon,YOUTH_TURKEY_SET_ASIDE,YOUTH_TURKEY_SOURCE_CLASSIFIED|YOUTH_TURKEY_15_PERCENT_SET_ASIDE_APPLIED|YOUTH_TURKEY_SEPARATE_FROM_ADULT_TURKEY|YOUTH_TURKEY_QUOTA_SOURCE_HARD_PERMITS_2026_TOTAL_YOUTH_SET_ASIDE|PROVEN_YOUTH_TURKEY_SOURCE,MODELED_BONUS,TARGET,True,Modeled by engine.utah_draw_predictive.turkey.,0.000000,0.000000,0.000000,0.000000,YOUTH_TURKEY_SET_ASIDE,PROMOTED_TO_RUNTIME,APPROVED_RUNTIME_PROMOTION_2026_06_29,audits\full_family_runtime_materialized_20260703_025641\outputs\youth_turkey_report.json,audits\full_family_runtime_materialized_20260703_025641\outputs\youth_turkey_report.json,Family promoted after zero-pending runtime reconciliation; non-public/reference rows remain excluded.,
hybrid_ml_v2.1.0,utah_turkey_bonus_v1.0.0,2027,2027,TK1004,Northeastern Region,Turkey,Bearded,Limited Entry,Youth,Resident,11,youth_turkey,36,51,,26,,25,2,1,0,0,,0.000000,0.000000,0.000000,0.000,0.000,0.000,0.000,-10,-1,BEHIND,RED,POINT CREEP DEFEAT,"2019,2020,2021,2022,2023,2024,2025",7,2025,2019,predictive,youth_turkey_set_aside_bonus_v1,Any Legal Weapon,YOUTH_TURKEY_SET_ASIDE,YOUTH_TURKEY_SOURCE_CLASSIFIED|YOUTH_TURKEY_15_PERCENT_SET_ASIDE_APPLIED|YOUTH_TURKEY_SEPARATE_FROM_ADULT_TURKEY|YOUTH_TURKEY_QUOTA_SOURCE_HARD_PERMITS_2026_TOTAL_YOUTH_SET_ASIDE|PROVEN_YOUTH_TURKEY_SOURCE,MODELED_BONUS,TARGET,True,Modeled by engine.utah_draw_predictive.turkey.,0.000000,0.000000,0.000000,0.000000,YOUTH_TURKEY_SET_ASIDE,PROMOTED_TO_RUNTIME,APPROVED_RUNTIME_PROMOTION_2026_06_29,audits\full_family_runtime_materialized_20260703_025641\outputs\youth_turkey_report.json,audits\full_family_runtime_materialized_20260703_025641\outputs\youth_turkey_report.json,Family promoted after zero-pending runtime reconciliation; non-public/reference rows remain excluded.,
hybrid_ml_v2.1.0,utah_turkey_bonus_v1.0.0,2027,2027,TK1004,Northeastern Region,Turkey,Bearded,Limited Entry,Youth,Resident,12,youth_turkey,36,51,,26,,25,2,1,0,0,,0.000000,0.000000,0.000000,0.000,0.000,0.000,0.000,-11,-1,BEHIND,RED,POINT CREEP DEFEAT,"2019,2020,2021,2022,2023,2024,2025",7,2025,2019,predictive,youth_turkey_set_aside_bonus_v1,Any Legal Weapon,YOUTH_TURKEY_SET_ASIDE,YOUTH_TURKEY_SOURCE_CLASSIFIED|YOUTH_TURKEY_15_PERCENT_SET_ASIDE_APPLIED|YOUTH_TURKEY_SEPARATE_FROM_ADULT_TURKEY|YOUTH_TURKEY_QUOTA_SOURCE_HARD_PERMITS_2026_TOTAL_YOUTH_SET_ASIDE|PROVEN_YOUTH_TURKEY_SOURCE,MODELED_BONUS,TARGET,True,Modeled by engine.utah_draw_predictive.turkey.,0.000000,0.000000,0.000000,0.000000,YOUTH_TURKEY_SET_ASIDE,PROMOTED_TO_RUNTIME,APPROVED_RUNTIME_PROMOTION_2026_06_29,audits\full_family_runtime_materialized_20260703_025641\outputs\youth_turkey_report.json,audits\full_family_runtime_materialized_20260703_025641\outputs\youth_turkey_report.json,Family promoted after zero-pending runtime reconciliation; non-public/reference rows remain excluded.,
hybrid_ml_v2.1.0,utah_turkey_bonus_v1.0.0,2027,2027,TK1004,Northeastern Region,Turkey,Bearded,Limited Entry,Youth,Resident,13,youth_turkey,36,51,,26,,25,2,1,0,0,,0.000000,0.000000,0.000000,0.000,0.000,0.000,0.000,-12,-1,BEHIND,RED,POINT CREEP DEFEAT,"2019,2020,2021,2022,2023,2024,2025",7,2025,2019,predictive,youth_turkey_set_aside_bonus_v1,Any Legal Weapon,YOUTH_TURKEY_SET_ASIDE,YOUTH_TURKEY_SOURCE_CLASSIFIED|YOUTH_TURKEY_15_PERCENT_SET_ASIDE_APPLIED|YOUTH_TURKEY_SEPARATE_FROM_ADULT_TURKEY|YOUTH_TURKEY_QUOTA_SOURCE_HARD_PERMITS_2026_TOTAL_YOUTH_SET_ASIDE|PROVEN_YOUTH_TURKEY_SOURCE,MODELED_BONUS,TARGET,True,Modeled by engine.utah_draw_predictive.turkey.,0.000000,0.000000,0.000000,0.000000,YOUTH_TURKEY_SET_ASIDE,PROMOTED_TO_RUNTIME,APPROVED_RUNTIME_PROMOTION_2026_06_29,audits\full_family_runtime_materialized_20260703_025641\outputs\youth_turkey_report.json,audits\full_family_runtime_materialized_20260703_025641\outputs\youth_turkey_report.json,Family promoted after zero-pending runtime reconciliation; non-public/reference rows remain excluded.,
hybrid_ml_v2.1.0,utah_turkey_bonus_v1.0.0,2027,2027,TK1004,Northeastern Region,Turkey,Bearded,Limited Entry,Youth,Resident,14,youth_turkey,36,51,,26,,25,2,1,0,0,,0.000000,0.000000,0.000000,0.000,0.000,0.000,0.000,-13,-1,BEHIND,RED,POINT CREEP DEFEAT,"2019,2020,2021,2022,2023,2024,2025",7,2025,2019,predictive,youth_turkey_set_aside_bonus_v1,Any Legal Weapon,YOUTH_TURKEY_SET_ASIDE,YOUTH_TURKEY_SOURCE_CLASSIFIED|YOUTH_TURKEY_15_PERCENT_SET_ASIDE_APPLIED|YOUTH_TURKEY_SEPARATE_FROM_ADULT_TURKEY|YOUTH_TURKEY_QUOTA_SOURCE_HARD_PERMITS_2026_TOTAL_YOUTH_SET_ASIDE|PROVEN_YOUTH_TURKEY_SOURCE,MODELED_BONUS,TARGET,True,Modeled by engine.utah_draw_predictive.turkey.,0.000000,0.000000,0.000000,0.000000,YOUTH_TURKEY_SET_ASIDE,PROMOTED_TO_RUNTIME,APPROVED_RUNTIME_PROMOTION_2026_06_29,audits\full_family_runtime_materialized_20260703_025641\outputs\youth_turkey_report.json,audits\full_family_runtime_materialized_20260703_025641\outputs\youth_turkey_report.json,Family promoted after zero-pending runtime reconciliation; non-public/reference rows remain excluded.,
hybrid_ml_v2.1.0,utah_turkey_bonus_v1.0.0,2027,2027,TK1004,Northeastern Region,Turkey,Bearded,Limited Entry,Youth,Resident,15,youth_turkey,36,51,,26,,25,2,1,0,0,,0.000000,0.000000,0.000000,0.000,0.000,0.000,0.000,-14,-1,BEHIND,RED,POINT CREEP DEFEAT,"2019,2020,2021,2022,2023,2024,2025",7,2025,2019,predictive,youth_turkey_set_aside_bonus_v1,Any Legal Weapon,YOUTH_TURKEY_SET_ASIDE,YOUTH_TURKEY_SOURCE_CLASSIFIED|YOUTH_TURKEY_15_PERCENT_SET_ASIDE_APPLIED|YOUTH_TURKEY_SEPARATE_FROM_ADULT_TURKEY|YOUTH_TURKEY_QUOTA_SOURCE_HARD_PERMITS_2026_TOTAL_YOUTH_SET_ASIDE|PROVEN_YOUTH_TURKEY_SOURCE,MODELED_BONUS,TARGET,True,Modeled by engine.utah_draw_predictive.turkey.,0.000000,0.000000,0.000000,0.000000,YOUTH_TURKEY_SET_ASIDE,PROMOTED_TO_RUNTIME,APPROVED_RUNTIME_PROMOTION_2026_06_29,audits\full_family_runtime_materialized_20260703_025641\outputs\youth_turkey_report.json,audits\full_family_runtime_materialized_20260703_025641\outputs\youth_turkey_report.json,Family promoted after zero-pending runtime reconciliation; non-public/reference rows remain excluded.,
hybrid_ml_v2.1.0,utah_turkey_bonus_v1.0.0,2027,2027,TK1004,Northeastern Region,Turkey,Bearded,Limited Entry,Youth,Resident,16,youth_turkey,36,51,,26,,25,2,1,0,0,,0.000000,0.000000,0.000000,0.000,0.000,0.000,0.000,-15,-1,BEHIND,RED,POINT CREEP DEFEAT,"2019,2020,2021,2022,2023,2024,2025",7,2025,2019,predictive,youth_turkey_set_aside_bonus_v1,Any Legal Weapon,YOUTH_TURKEY_SET_ASIDE,YOUTH_TURKEY_SOURCE_CLASSIFIED|YOUTH_TURKEY_15_PERCENT_SET_ASIDE_APPLIED|YOUTH_TURKEY_SEPARATE_FROM_ADULT_TURKEY|YOUTH_TURKEY_QUOTA_SOURCE_HARD_PERMITS_2026_TOTAL_YOUTH_SET_ASIDE|PROVEN_YOUTH_TURKEY_SOURCE,MODELED_BONUS,TARGET,True,Modeled by engine.utah_draw_predictive.turkey.,0.000000,0.000000,0.000000,0.000000,YOUTH_TURKEY_SET_ASIDE,PROMOTED_TO_RUNTIME,APPROVED_RUNTIME_PROMOTION_2026_06_29,audits\full_family_runtime_materialized_20260703_025641\outputs\youth_turkey_report.json,audits\full_family_runtime_materialized_20260703_025641\outputs\youth_turkey_report.json,Family promoted after zero-pending runtime reconciliation; non-public/reference rows remain excluded.,
hybrid_ml_v2.1.0,utah_turkey_bonus_v1.0.0,2027,2027,TK1004,Northeastern Region,Turkey,Bearded,Limited Entry,Youth,Resident,17,youth_turkey,36,51,,26,,25,2,1,0,0,,0.000000,0.000000,0.000000,0.000,0.000,0.000,0.000,-16,-1,BEHIND,RED,POINT CREEP DEFEAT,"2019,2020,2021,2022,2023,2024,2025",7,2025,2019,predictive,youth_turkey_set_aside_bonus_v1,Any Legal Weapon,YOUTH_TURKEY_SET_ASIDE,YOUTH_TURKEY_SOURCE_CLASSIFIED|YOUTH_TURKEY_15_PERCENT_SET_ASIDE_APPLIED|YOUTH_TURKEY_SEPARATE_FROM_ADULT_TURKEY|YOUTH_TURKEY_QUOTA_SOURCE_HARD_PERMITS_2026_TOTAL_YOUTH_SET_ASIDE|PROVEN_YOUTH_TURKEY_SOURCE,MODELED_BONUS,TARGET,True,Modeled by engine.utah_draw_predictive.turkey.,0.000000,0.000000,0.000000,0.000000,YOUTH_TURKEY_SET_ASIDE,PROMOTED_TO_RUNTIME,APPROVED_RUNTIME_PROMOTION_2026_06_29,audits\full_family_runtime_materialized_20260703_025641\outputs\youth_turkey_report.json,audits\full_family_runtime_materialized_20260703_025641\outputs\youth_turkey_report.json,Family promoted after zero-pending runtime reconciliation; non-public/reference rows remain excluded.,
hybrid_ml_v2.1.0,utah_turkey_bonus_v1.0.0,2027,2027,TK1004,Northeastern Region,Turkey,Bearded,Limited Entry,Youth,Resident,18,youth_turkey,36,51,,26,,25,2,1,0,0,,0.000000,0.000000,0.000000,0.000,0.000,0.000,0.000,-17,-1,BEHIND,RED,POINT CREEP DEFEAT,"2019,2020,2021,2022,2023,2024,2025",7,2025,2019,predictive,youth_turkey_set_aside_bonus_v1,Any Legal Weapon,YOUTH_TURKEY_SET_ASIDE,YOUTH_TURKEY_SOURCE_CLASSIFIED|YOUTH_TURKEY_15_PERCENT_SET_ASIDE_APPLIED|YOUTH_TURKEY_SEPARATE_FROM_ADULT_TURKEY|YOUTH_TURKEY_QUOTA_SOURCE_HARD_PERMITS_2026_TOTAL_YOUTH_SET_ASIDE|PROVEN_YOUTH_TURKEY_SOURCE,MODELED_BONUS,TARGET,True,Modeled by engine.utah_draw_predictive.turkey.,0.000000,0.000000,0.000000,0.000000,YOUTH_TURKEY_SET_ASIDE,PROMOTED_TO_RUNTIME,APPROVED_RUNTIME_PROMOTION_2026_06_29,audits\full_family_runtime_materialized_20260703_025641\outputs\youth_turkey_report.json,audits\full_family_runtime_materialized_20260703_025641\outputs\youth_turkey_report.json,Family promoted after zero-pending runtime reconciliation; non-public/reference rows remain excluded.,
hybrid_ml_v2.1.0,utah_turkey_bonus_v1.0.0,2027,2027,TK1004,Northeastern Region,Turkey,Bearded,Limited Entry,Youth,Resident,19,youth_turkey,36,51,,26,,25,2,1,0,0,,0.000000,0.000000,0.000000,0.000,0.000,0.000,0.000,-18,-1,BEHIND,RED,POINT CREEP DEFEAT,"2019,2020,2021,2022,2023,2024,2025",7,2025,2019,predictive,youth_turkey_set_aside_bonus_v1,Any Legal Weapon,YOUTH_TURKEY_SET_ASIDE,YOUTH_TURKEY_SOURCE_CLASSIFIED|YOUTH_TURKEY_15_PERCENT_SET_ASIDE_APPLIED|YOUTH_TURKEY_SEPARATE_FROM_ADULT_TURKEY|YOUTH_TURKEY_QUOTA_SOURCE_HARD_PERMITS_2026_TOTAL_YOUTH_SET_ASIDE|PROVEN_YOUTH_TURKEY_SOURCE,MODELED_BONUS,TARGET,True,Modeled by engine.utah_draw_predictive.turkey.,0.000000,0.000000,0.000000,0.000000,YOUTH_TURKEY_SET_ASIDE,PROMOTED_TO_RUNTIME,APPROVED_RUNTIME_PROMOTION_2026_06_29,audits\full_family_runtime_materialized_20260703_025641\outputs\youth_turkey_report.json,audits\full_family_runtime_materialized_20260703_025641\outputs\youth_turkey_report.json,Family promoted after zero-pending runtime reconciliation; non-public/reference rows remain excluded.,
hybrid_ml_v2.1.0,utah_turkey_bonus_v1.0.0,2027,2027,TK1004,Northeastern Region,Turkey,Bearded,Limited Entry,Youth,Resident,20,youth_turkey,36,51,,26,,25,2,1,0,0,,0.000000,0.000000,0.000000,0.000,0.000,0.000,0.000,-19,-1,BEHIND,RED,POINT CREEP DEFEAT,"2019,2020,2021,2022,2023,2024,2025",7,2025,2019,predictive,youth_turkey_set_aside_bonus_v1,Any Legal Weapon,YOUTH_TURKEY_SET_ASIDE,YOUTH_TURKEY_SOURCE_CLASSIFIED|YOUTH_TURKEY_15_PERCENT_SET_ASIDE_APPLIED|YOUTH_TURKEY_SEPARATE_FROM_ADULT_TURKEY|YOUTH_TURKEY_QUOTA_SOURCE_HARD_PERMITS_2026_TOTAL_YOUTH_SET_ASIDE|PROVEN_YOUTH_TURKEY_SOURCE,MODELED_BONUS,TARGET,True,Modeled by engine.utah_draw_predictive.turkey.,0.000000,0.000000,0.000000,0.000000,YOUTH_TURKEY_SET_ASIDE,PROMOTED_TO_RUNTIME,APPROVED_RUNTIME_PROMOTION_2026_06_29,audits\full_family_runtime_materialized_20260703_025641\outputs\youth_turkey_report.json,audits\full_family_runtime_materialized_20260703_025641\outputs\youth_turkey_report.json,Family promoted after zero-pending runtime reconciliation; non-public/reference rows remain excluded.,
hybrid_ml_v2.1.0,utah_turkey_bonus_v1.0.0,2027,2027,TK1004,Northeastern Region,Turkey,Bearded,Limited Entry,Youth,Resident,21,youth_turkey,36,51,,26,,25,2,1,0,0,,0.000000,0.000000,0.000000,0.000,0.000,0.000,0.000,-20,-1,BEHIND,RED,POINT CREEP DEFEAT,"2019,2020,2021,2022,2023,2024,2025",7,2025,2019,predictive,youth_turkey_set_aside_bonus_v1,Any Legal Weapon,YOUTH_TURKEY_SET_ASIDE,YOUTH_TURKEY_SOURCE_CLASSIFIED|YOUTH_TURKEY_15_PERCENT_SET_ASIDE_APPLIED|YOUTH_TURKEY_SEPARATE_FROM_ADULT_TURKEY|YOUTH_TURKEY_QUOTA_SOURCE_HARD_PERMITS_2026_TOTAL_YOUTH_SET_ASIDE|PROVEN_YOUTH_TURKEY_SOURCE,MODELED_BONUS,TARGET,True,Modeled by engine.utah_draw_predictive.turkey.,0.000000,0.000000,0.000000,0.000000,YOUTH_TURKEY_SET_ASIDE,PROMOTED_TO_RUNTIME,APPROVED_RUNTIME_PROMOTION_2026_06_29,audits\full_family_runtime_materialized_20260703_025641\outputs\youth_turkey_report.json,audits\full_family_runtime_materialized_20260703_025641\outputs\youth_turkey_report.json,Family promoted after zero-pending runtime reconciliation; non-public/reference rows remain excluded.,
hybrid_ml_v2.1.0,utah_turkey_bonus_v1.0.0,2027,2027,TK1004,Northeastern Region,Turkey,Bearded,Limited Entry,Youth,Resident,22,youth_turkey,36,51,,26,,25,2,1,0,0,,0.000000,0.000000,0.000000,0.000,0.000,0.000,0.000,-21,-1,BEHIND,RED,POINT CREEP DEFEAT,"2019,2020,2021,2022,2023,2024,2025",7,2025,2019,predictive,youth_turkey_set_aside_bonus_v1,Any Legal Weapon,YOUTH_TURKEY_SET_ASIDE,YOUTH_TURKEY_SOURCE_CLASSIFIED|YOUTH_TURKEY_15_PERCENT_SET_ASIDE_APPLIED|YOUTH_TURKEY_SEPARATE_FROM_ADULT_TURKEY|YOUTH_TURKEY_QUOTA_SOURCE_HARD_PERMITS_2026_TOTAL_YOUTH_SET_ASIDE|PROVEN_YOUTH_TURKEY_SOURCE,MODELED_BONUS,TARGET,True,Modeled by engine.utah_draw_predictive.turkey.,0.000000,0.000000,0.000000,0.000000,YOUTH_TURKEY_SET_ASIDE,PROMOTED_TO_RUNTIME,APPROVED_RUNTIME_PROMOTION_2026_06_29,audits\full_family_runtime_materialized_20260703_025641\outputs\youth_turkey_report.json,audits\full_family_runtime_materialized_20260703_025641\outputs\youth_turkey_report.json,Family promoted after zero-pending runtime reconciliation; non-public/reference rows remain excluded.,
hybrid_ml_v2.1.0,utah_turkey_bonus_v1.0.0,2027,2027,TK1004,Northeastern Region,Turkey,Bearded,Limited Entry,Youth,Resident,23,youth_turkey,36,51,,26,,25,2,1,0,0,,0.000000,0.000000,0.000000,0.000,0.000,0.000,0.000,-22,-1,BEHIND,RED,POINT CREEP DEFEAT,"2019,2020,2021,2022,2023,2024,2025",7,2025,2019,predictive,youth_turkey_set_aside_bonus_v1,Any Legal Weapon,YOUTH_TURKEY_SET_ASIDE,YOUTH_TURKEY_SOURCE_CLASSIFIED|YOUTH_TURKEY_15_PERCENT_SET_ASIDE_APPLIED|YOUTH_TURKEY_SEPARATE_FROM_ADULT_TURKEY|YOUTH_TURKEY_QUOTA_SOURCE_HARD_PERMITS_2026_TOTAL_YOUTH_SET_ASIDE|PROVEN_YOUTH_TURKEY_SOURCE,MODELED_BONUS,TARGET,True,Modeled by engine.utah_draw_predictive.turkey.,0.000000,0.000000,0.000000,0.000000,YOUTH_TURKEY_SET_ASIDE,PROMOTED_TO_RUNTIME,APPROVED_RUNTIME_PROMOTION_2026_06_29,audits\full_family_runtime_materialized_20260703_025641\outputs\youth_turkey_report.json,audits\full_family_runtime_materialized_20260703_025641\outputs\youth_turkey_report.json,Family promoted after zero-pending runtime reconciliation; non-public/reference rows remain excluded.,
hybrid_ml_v2.1.0,utah_turkey_bonus_v1.0.0,2027,2027,TK1005,Northern Region,Turkey,Bearded,Limited Entry,Youth,Nonresident,0,youth_turkey,0,0,,0,,0,,,,0,,0.000000,0.000000,0.000000,0.000,0.000,0.000,0.000,,,BEHIND,YELLOW,POINT CREEP DEFEAT,"2019,2020,2021,2022,2023,2024,2025",7,2025,2019,predictive,youth_turkey_set_aside_bonus_v1,Any Legal Weapon,YOUTH_TURKEY_SET_ASIDE,YOUTH_TURKEY_SOURCE_CLASSIFIED|YOUTH_TURKEY_15_PERCENT_SET_ASIDE_APPLIED|YOUTH_TURKEY_SEPARATE_FROM_ADULT_TURKEY|YOUTH_TURKEY_QUOTA_SOURCE_HARD_PERMITS_2026_TOTAL_YOUTH_SET_ASIDE|LOW_APPLICANT_COUNT|PROVEN_YOUTH_TURKEY_SOURCE,MODELED_BONUS,TARGET,True,Modeled by engine.utah_draw_predictive.turkey.,0.000000,0.000000,0.000000,0.000000,YOUTH_TURKEY_SET_ASIDE,PROMOTED_TO_RUNTIME,APPROVED_RUNTIME_PROMOTION_2026_06_29,audits\full_family_runtime_materialized_20260703_025641\outputs\youth_turkey_report.json,audits\full_family_runtime_materialized_20260703_025641\outputs\youth_turkey_report.json,Family promoted after zero-pending runtime reconciliation; non-public/reference rows remain excluded.,
hybrid_ml_v2.1.0,utah_turkey_bonus_v1.0.0,2027,2027,TK1005,Northern Region,Turkey,Bearded,Limited Entry,Youth,Nonresident,1,youth_turkey,0,0,,0,,0,,,,0,,0.000000,0.000000,0.000000,0.000,0.000,0.000,0.000,,,BEHIND,YELLOW,POINT CREEP DEFEAT,"2019,2020,2021,2022,2023,2024,2025",7,2025,2019,predictive,youth_turkey_set_aside_bonus_v1,Any Legal Weapon,YOUTH_TURKEY_SET_ASIDE,YOUTH_TURKEY_SOURCE_CLASSIFIED|YOUTH_TURKEY_15_PERCENT_SET_ASIDE_APPLIED|YOUTH_TURKEY_SEPARATE_FROM_ADULT_TURKEY|YOUTH_TURKEY_QUOTA_SOURCE_HARD_PERMITS_2026_TOTAL_YOUTH_SET_ASIDE|LOW_APPLICANT_COUNT|PROVEN_YOUTH_TURKEY_SOURCE,MODELED_BONUS,TARGET,True,Modeled by engine.utah_draw_predictive.turkey.,0.000000,0.000000,0.000000,0.000000,YOUTH_TURKEY_SET_ASIDE,PROMOTED_TO_RUNTIME,APPROVED_RUNTIME_PROMOTION_2026_06_29,audits\full_family_runtime_materialized_20260703_025641\outputs\youth_turkey_report.json,audits\full_family_runtime_materialized_20260703_025641\outputs\youth_turkey_report.json,Family promoted after zero-pending runtime reconciliation; non-public/reference rows remain excluded.,
hybrid_ml_v2.1.0,utah_turkey_bonus_v1.0.0,2027,2027,TK1005,Northern Region,Turkey,Bearded,Limited Entry,Youth,Nonresident,2,youth_turkey,0,0,,0,,0,,,,0,,0.000000,0.000000,0.000000,0.000,0.000,0.000,0.000,,,BEHIND,YELLOW,POINT CREEP DEFEAT,"2019,2020,2021,2022,2023,2024,2025",7,2025,2019,predictive,youth_turkey_set_aside_bonus_v1,Any Legal Weapon,YOUTH_TURKEY_SET_ASIDE,YOUTH_TURKEY_SOURCE_CLASSIFIED|YOUTH_TURKEY_15_PERCENT_SET_ASIDE_APPLIED|YOUTH_TURKEY_SEPARATE_FROM_ADULT_TURKEY|YOUTH_TURKEY_QUOTA_SOURCE_HARD_PERMITS_2026_TOTAL_YOUTH_SET_ASIDE|LOW_APPLICANT_COUNT|PROVEN_YOUTH_TURKEY_SOURCE,MODELED_BONUS,TARGET,True,Modeled by engine.utah_draw_predictive.turkey.,0.000000,0.000000,0.000000,0.000000,YOUTH_TURKEY_SET_ASIDE,PROMOTED_TO_RUNTIME,APPROVED_RUNTIME_PROMOTION_2026_06_29,audits\full_family_runtime_materialized_20260703_025641\outputs\youth_turkey_report.json,audits\full_family_runtime_materialized_20260703_025641\outputs\youth_turkey_report.json,Family promoted after zero-pending runtime reconciliation; non-public/reference rows remain excluded.,
hybrid_ml_v2.1.0,utah_turkey_bonus_v1.0.0,2027,2027,TK1005,Northern Region,Turkey,Bearded,Limited Entry,Youth,Nonresident,3,youth_turkey,0,0,,0,,0,,,,0,,0.000000,0.000000,0.000000,0.000,0.000,0.000,0.000,,,BEHIND,YELLOW,POINT CREEP DEFEAT,"2019,2020,2021,2022,2023,2024,2025",7,2025,2019,predictive,youth_turkey_set_aside_bonus_v1,Any Legal Weapon,YOUTH_TURKEY_SET_ASIDE,YOUTH_TURKEY_SOURCE_CLASSIFIED|YOUTH_TURKEY_15_PERCENT_SET_ASIDE_APPLIED|YOUTH_TURKEY_SEPARATE_FROM_ADULT_TURKEY|YOUTH_TURKEY_QUOTA_SOURCE_HARD_PERMITS_2026_TOTAL_YOUTH_SET_ASIDE|LOW_APPLICANT_COUNT|PROVEN_YOUTH_TURKEY_SOURCE,MODELED_BONUS,TARGET,True,Modeled by engine.utah_draw_predictive.turkey.,0.000000,0.000000,0.000000,0.000000,YOUTH_TURKEY_SET_ASIDE,PROMOTED_TO_RUNTIME,APPROVED_RUNTIME_PROMOTION_2026_06_29,audits\full_family_runtime_materialized_20260703_025641\outputs\youth_turkey_report.json,audits\full_family_runtime_materialized_20260703_025641\outputs\youth_turkey_report.json,Family promoted after zero-pending runtime reconciliation; non-public/reference rows remain excluded.,
hybrid_ml_v2.1.0,utah_turkey_bonus_v1.0.0,2027,2027,TK1005,Northern Region,Turkey,Bearded,Limited Entry,Youth,Nonresident,4,youth_turkey,0,0,,0,,0,,,,0,,0.000000,0.000000,0.000000,0.000,0.000,0.000,0.000,,,BEHIND,YELLOW,POINT CREEP DEFEAT,"2019,2020,2021,2022,2023,2024,2025",7,2025,2019,predictive,youth_turkey_set_aside_bonus_v1,Any Legal Weapon,YOUTH_TURKEY_SET_ASIDE,YOUTH_TURKEY_SOURCE_CLASSIFIED|YOUTH_TURKEY_15_PERCENT_SET_ASIDE_APPLIED|YOUTH_TURKEY_SEPARATE_FROM_ADULT_TURKEY|YOUTH_TURKEY_QUOTA_SOURCE_HARD_PERMITS_2026_TOTAL_YOUTH_SET_ASIDE|LOW_APPLICANT_COUNT|PROVEN_YOUTH_TURKEY_SOURCE,MODELED_BONUS,TARGET,True,Modeled by engine.utah_draw_predictive.turkey.,0.000000,0.000000,0.000000,0.000000,YOUTH_TURKEY_SET_ASIDE,PROMOTED_TO_RUNTIME,APPROVED_RUNTIME_PROMOTION_2026_06_29,audits\full_family_runtime_materialized_20260703_025641\outputs\youth_turkey_report.json,audits\full_family_runtime_materialized_20260703_025641\outputs\youth_turkey_report.json,Family promoted after zero-pending runtime reconciliation; non-public/reference rows remain excluded.,
hybrid_ml_v2.1.0,utah_turkey_bonus_v1.0.0,2027,2027,TK1005,Northern Region,Turkey,Bearded,Limited Entry,Youth,Nonresident,5,youth_turkey,0,0,,0,,0,,,,0,,0.000000,0.000000,0.000000,0.000,0.000,0.000,0.000,,,BEHIND,YELLOW,POINT CREEP DEFEAT,"2019,2020,2021,2022,2023,2024,2025",7,2025,2019,predictive,youth_turkey_set_aside_bonus_v1,Any Legal Weapon,YOUTH_TURKEY_SET_ASIDE,YOUTH_TURKEY_SOURCE_CLASSIFIED|YOUTH_TURKEY_15_PERCENT_SET_ASIDE_APPLIED|YOUTH_TURKEY_SEPARATE_FROM_ADULT_TURKEY|YOUTH_TURKEY_QUOTA_SOURCE_HARD_PERMITS_2026_TOTAL_YOUTH_SET_ASIDE|LOW_APPLICANT_COUNT|PROVEN_YOUTH_TURKEY_SOURCE,MODELED_BONUS,TARGET,True,Modeled by engine.utah_draw_predictive.turkey.,0.000000,0.000000,0.000000,0.000000,YOUTH_TURKEY_SET_ASIDE,PROMOTED_TO_RUNTIME,APPROVED_RUNTIME_PROMOTION_2026_06_29,audits\full_family_runtime_materialized_20260703_025641\outputs\youth_turkey_report.json,audits\full_family_runtime_materialized_20260703_025641\outputs\youth_turkey_report.json,Family promoted after zero-pending runtime reconciliation; non-public/reference rows remain excluded.,
hybrid_ml_v2.1.0,utah_turkey_bonus_v1.0.0,2027,2027,TK1005,Northern Region,Turkey,Bearded,Limited Entry,Youth,Nonresident,6,youth_turkey,0,0,,0,,0,,,,0,,0.000000,0.000000,0.000000,0.000,0.000,0.000,0.000,,,BEHIND,YELLOW,POINT CREEP DEFEAT,"2019,2020,2021,2022,2023,2024,2025",7,2025,2019,predictive,youth_turkey_set_aside_bonus_v1,Any Legal Weapon,YOUTH_TURKEY_SET_ASIDE,YOUTH_TURKEY_SOURCE_CLASSIFIED|YOUTH_TURKEY_15_PERCENT_SET_ASIDE_APPLIED|YOUTH_TURKEY_SEPARATE_FROM_ADULT_TURKEY|YOUTH_TURKEY_QUOTA_SOURCE_HARD_PERMITS_2026_TOTAL_YOUTH_SET_ASIDE|LOW_APPLICANT_COUNT|PROVEN_YOUTH_TURKEY_SOURCE,MODELED_BONUS,TARGET,True,Modeled by engine.utah_draw_predictive.turkey.,0.000000,0.000000,0.000000,0.000000,YOUTH_TURKEY_SET_ASIDE,PROMOTED_TO_RUNTIME,APPROVED_RUNTIME_PROMOTION_2026_06_29,audits\full_family_runtime_materialized_20260703_025641\outputs\youth_turkey_report.json,audits\full_family_runtime_materialized_20260703_025641\outputs\youth_turkey_report.json,Family promoted after zero-pending runtime reconciliation; non-public/reference rows remain excluded.,
hybrid_ml_v2.1.0,utah_turkey_bonus_v1.0.0,2027,2027,TK1005,Northern Region,Turkey,Bearded,Limited Entry,Youth,Nonresident,7,youth_turkey,0,0,,0,,0,,,,0,,0.000000,0.000000,0.000000,0.000,0.000,0.000,0.000,,,BEHIND,YELLOW,POINT CREEP DEFEAT,"2019,2020,2021,2022,2023,2024,2025",7,2025,2019,predictive,youth_turkey_set_aside_bonus_v1,Any Legal Weapon,YOUTH_TURKEY_SET_ASIDE,YOUTH_TURKEY_SOURCE_CLASSIFIED|YOUTH_TURKEY_15_PERCENT_SET_ASIDE_APPLIED|YOUTH_TURKEY_SEPARATE_FROM_ADULT_TURKEY|YOUTH_TURKEY_QUOTA_SOURCE_HARD_PERMITS_2026_TOTAL_YOUTH_SET_ASIDE|LOW_APPLICANT_COUNT|PROVEN_YOUTH_TURKEY_SOURCE,MODELED_BONUS,TARGET,True,Modeled by engine.utah_draw_predictive.turkey.,0.000000,0.000000,0.000000,0.000000,YOUTH_TURKEY_SET_ASIDE,PROMOTED_TO_RUNTIME,APPROVED_RUNTIME_PROMOTION_2026_06_29,audits\full_family_runtime_materialized_20260703_025641\outputs\youth_turkey_report.json,audits\full_family_runtime_materialized_20260703_025641\outputs\youth_turkey_report.json,Family promoted after zero-pending runtime reconciliation; non-public/reference rows remain excluded.,
hybrid_ml_v2.1.0,utah_turkey_bonus_v1.0.0,2027,2027,TK1005,Northern Region,Turkey,Bearded,Limited Entry,Youth,Nonresident,8,youth_turkey,0,0,,0,,0,,,,0,,0.000000,0.000000,0.000000,0.000,0.000,0.000,0.000,,,BEHIND,YELLOW,POINT CREEP DEFEAT,"2019,2020,2021,2022,2023,2024,2025",7,2025,2019,predictive,youth_turkey_set_aside_bonus_v1,Any Legal Weapon,YOUTH_TURKEY_SET_ASIDE,YOUTH_TURKEY_SOURCE_CLASSIFIED|YOUTH_TURKEY_15_PERCENT_SET_ASIDE_APPLIED|YOUTH_TURKEY_SEPARATE_FROM_ADULT_TURKEY|YOUTH_TURKEY_QUOTA_SOURCE_HARD_PERMITS_2026_TOTAL_YOUTH_SET_ASIDE|LOW_APPLICANT_COUNT|PROVEN_YOUTH_TURKEY_SOURCE,MODELED_BONUS,TARGET,True,Modeled by engine.utah_draw_predictive.turkey.,0.000000,0.000000,0.000000,0.000000,YOUTH_TURKEY_SET_ASIDE,PROMOTED_TO_RUNTIME,APPROVED_RUNTIME_PROMOTION_2026_06_29,audits\full_family_runtime_materialized_20260703_025641\outputs\youth_turkey_report.json,audits\full_family_runtime_materialized_20260703_025641\outputs\youth_turkey_report.json,Family promoted after zero-pending runtime reconciliation; non-public/reference rows remain excluded.,
hybrid_ml_v2.1.0,utah_turkey_bonus_v1.0.0,2027,2027,TK1005,Northern Region,Turkey,Bearded,Limited Entry,Youth,Nonresident,9,youth_turkey,0,0,,0,,0,,,,0,,0.000000,0.000000,0.000000,0.000,0.000,0.000,0.000,,,BEHIND,YELLOW,POINT CREEP DEFEAT,"2019,2020,2021,2022,2023,2024,2025",7,2025,2019,predictive,youth_turkey_set_aside_bonus_v1,Any Legal Weapon,YOUTH_TURKEY_SET_ASIDE,YOUTH_TURKEY_SOURCE_CLASSIFIED|YOUTH_TURKEY_15_PERCENT_SET_ASIDE_APPLIED|YOUTH_TURKEY_SEPARATE_FROM_ADULT_TURKEY|YOUTH_TURKEY_QUOTA_SOURCE_HARD_PERMITS_2026_TOTAL_YOUTH_SET_ASIDE|LOW_APPLICANT_COUNT|PROVEN_YOUTH_TURKEY_SOURCE,MODELED_BONUS,TARGET,True,Modeled by engine.utah_draw_predictive.turkey.,0.000000,0.000000,0.000000,0.000000,YOUTH_TURKEY_SET_ASIDE,PROMOTED_TO_RUNTIME,APPROVED_RUNTIME_PROMOTION_2026_06_29,audits\full_family_runtime_materialized_20260703_025641\outputs\youth_turkey_report.json,audits\full_family_runtime_materialized_20260703_025641\outputs\youth_turkey_report.json,Family promoted after zero-pending runtime reconciliation; non-public/reference rows remain excluded.,
hybrid_ml_v2.1.0,utah_turkey_bonus_v1.0.0,2027,2027,TK1005,Northern Region,Turkey,Bearded,Limited Entry,Youth,Nonresident,10,youth_turkey,0,0,,0,,0,,,,0,,0.000000,0.000000,0.000000,0.000,0.000,0.000,0.000,,,BEHIND,YELLOW,POINT CREEP DEFEAT,"2019,2020,2021,2022,2023,2024,2025",7,2025,2019,predictive,youth_turkey_set_aside_bonus_v1,Any Legal Weapon,YOUTH_TURKEY_SET_ASIDE,YOUTH_TURKEY_SOURCE_CLASSIFIED|YOUTH_TURKEY_15_PERCENT_SET_ASIDE_APPLIED|YOUTH_TURKEY_SEPARATE_FROM_ADULT_TURKEY|YOUTH_TURKEY_QUOTA_SOURCE_HARD_PERMITS_2026_TOTAL_YOUTH_SET_ASIDE|LOW_APPLICANT_COUNT|PROVEN_YOUTH_TURKEY_SOURCE,MODELED_BONUS,TARGET,True,Modeled by engine.utah_draw_predictive.turkey.,0.000000,0.000000,0.000000,0.000000,YOUTH_TURKEY_SET_ASIDE,PROMOTED_TO_RUNTIME,APPROVED_RUNTIME_PROMOTION_2026_06_29,audits\full_family_runtime_materialized_20260703_025641\outputs\youth_turkey_report.json,audits\full_family_runtime_materialized_20260703_025641\outputs\youth_turkey_report.json,Family promoted after zero-pending runtime reconciliation; non-public/reference rows remain excluded.,
hybrid_ml_v2.1.0,utah_turkey_bonus_v1.0.0,2027,2027,TK1005,Northern Region,Turkey,Bearded,Limited Entry,Youth,Nonresident,11,youth_turkey,0,0,,0,,0,,,,0,,0.000000,0.000000,0.000000,0.000,0.000,0.000,0.000,,,BEHIND,YELLOW,POINT CREEP DEFEAT,"2019,2020,2021,2022,2023,2024,2025",7,2025,2019,predictive,youth_turkey_set_aside_bonus_v1,Any Legal Weapon,YOUTH_TURKEY_SET_ASIDE,YOUTH_TURKEY_SOURCE_CLASSIFIED|YOUTH_TURKEY_15_PERCENT_SET_ASIDE_APPLIED|YOUTH_TURKEY_SEPARATE_FROM_ADULT_TURKEY|YOUTH_TURKEY_QUOTA_SOURCE_HARD_PERMITS_2026_TOTAL_YOUTH_SET_ASIDE|LOW_APPLICANT_COUNT|PROVEN_YOUTH_TURKEY_SOURCE,MODELED_BONUS,TARGET,True,Modeled by engine.utah_draw_predictive.turkey.,0.000000,0.000000,0.000000,0.000000,YOUTH_TURKEY_SET_ASIDE,PROMOTED_TO_RUNTIME,APPROVED_RUNTIME_PROMOTION_2026_06_29,audits\full_family_runtime_materialized_20260703_025641\outputs\youth_turkey_report.json,audits\full_family_runtime_materialized_20260703_025641\outputs\youth_turkey_report.json,Family promoted after zero-pending runtime reconciliation; non-public/reference rows remain excluded.,
hybrid_ml_v2.1.0,utah_turkey_bonus_v1.0.0,2027,2027,TK1005,Northern Region,Turkey,Bearded,Limited Entry,Youth,Nonresident,12,youth_turkey,0,0,,0,,0,,,,0,,0.000000,0.000000,0.000000,0.000,0.000,0.000,0.000,,,BEHIND,YELLOW,POINT CREEP DEFEAT,"2019,2020,2021,2022,2023,2024,2025",7,2025,2019,predictive,youth_turkey_set_aside_bonus_v1,Any Legal Weapon,YOUTH_TURKEY_SET_ASIDE,YOUTH_TURKEY_SOURCE_CLASSIFIED|YOUTH_TURKEY_15_PERCENT_SET_ASIDE_APPLIED|YOUTH_TURKEY_SEPARATE_FROM_ADULT_TURKEY|YOUTH_TURKEY_QUOTA_SOURCE_HARD_PERMITS_2026_TOTAL_YOUTH_SET_ASIDE|LOW_APPLICANT_COUNT|PROVEN_YOUTH_TURKEY_SOURCE,MODELED_BONUS,TARGET,True,Modeled by engine.utah_draw_predictive.turkey.,0.000000,0.000000,0.000000,0.000000,YOUTH_TURKEY_SET_ASIDE,PROMOTED_TO_RUNTIME,APPROVED_RUNTIME_PROMOTION_2026_06_29,audits\full_family_runtime_materialized_20260703_025641\outputs\youth_turkey_report.json,audits\full_family_runtime_materialized_20260703_025641\outputs\youth_turkey_report.json,Family promoted after zero-pending runtime reconciliation; non-public/reference rows remain excluded.,
hybrid_ml_v2.1.0,utah_turkey_bonus_v1.0.0,2027,2027,TK1005,Northern Region,Turkey,Bearded,Limited Entry,Youth,Nonresident,13,youth_turkey,0,0,,0,,0,,,,0,,0.000000,0.000000,0.000000,0.000,0.000,0.000,0.000,,,BEHIND,YELLOW,POINT CREEP DEFEAT,"2019,2020,2021,2022,2023,2024,2025",7,2025,2019,predictive,youth_turkey_set_aside_bonus_v1,Any Legal Weapon,YOUTH_TURKEY_SET_ASIDE,YOUTH_TURKEY_SOURCE_CLASSIFIED|YOUTH_TURKEY_15_PERCENT_SET_ASIDE_APPLIED|YOUTH_TURKEY_SEPARATE_FROM_ADULT_TURKEY|YOUTH_TURKEY_QUOTA_SOURCE_HARD_PERMITS_2026_TOTAL_YOUTH_SET_ASIDE|LOW_APPLICANT_COUNT|PROVEN_YOUTH_TURKEY_SOURCE,MODELED_BONUS,TARGET,True,Modeled by engine.utah_draw_predictive.turkey.,0.000000,0.000000,0.000000,0.000000,YOUTH_TURKEY_SET_ASIDE,PROMOTED_TO_RUNTIME,APPROVED_RUNTIME_PROMOTION_2026_06_29,audits\full_family_runtime_materialized_20260703_025641\outputs\youth_turkey_report.json,audits\full_family_runtime_materialized_20260703_025641\outputs\youth_turkey_report.json,Family promoted after zero-pending runtime reconciliation; non-public/reference rows remain excluded.,
hybrid_ml_v2.1.0,utah_turkey_bonus_v1.0.0,2027,2027,TK1005,Northern Region,Turkey,Bearded,Limited Entry,Youth,Nonresident,14,youth_turkey,0,0,,0,,0,,,,0,,0.000000,0.000000,0.000000,0.000,0.000,0.000,0.000,,,BEHIND,YELLOW,POINT CREEP DEFEAT,"2019,2020,2021,2022,2023,2024,2025",7,2025,2019,predictive,youth_turkey_set_aside_bonus_v1,Any Legal Weapon,YOUTH_TURKEY_SET_ASIDE,YOUTH_TURKEY_SOURCE_CLASSIFIED|YOUTH_TURKEY_15_PERCENT_SET_ASIDE_APPLIED|YOUTH_TURKEY_SEPARATE_FROM_ADULT_TURKEY|YOUTH_TURKEY_QUOTA_SOURCE_HARD_PERMITS_2026_TOTAL_YOUTH_SET_ASIDE|LOW_APPLICANT_COUNT|PROVEN_YOUTH_TURKEY_SOURCE,MODELED_BONUS,TARGET,True,Modeled by engine.utah_draw_predictive.turkey.,0.000000,0.000000,0.000000,0.000000,YOUTH_TURKEY_SET_ASIDE,PROMOTED_TO_RUNTIME,APPROVED_RUNTIME_PROMOTION_2026_06_29,audits\full_family_runtime_materialized_20260703_025641\outputs\youth_turkey_report.json,audits\full_family_runtime_materialized_20260703_025641\outputs\youth_turkey_report.json,Family promoted after zero-pending runtime reconciliation; non-public/reference rows remain excluded.,
hybrid_ml_v2.1.0,utah_turkey_bonus_v1.0.0,2027,2027,TK1005,Northern Region,Turkey,Bearded,Limited Entry,Youth,Nonresident,15,youth_turkey,0,0,,0,,0,,,,0,,0.000000,0.000000,0.000000,0.000,0.000,0.000,0.000,,,BEHIND,YELLOW,POINT CREEP DEFEAT,"2019,2020,2021,2022,2023,2024,2025",7,2025,2019,predictive,youth_turkey_set_aside_bonus_v1,Any Legal Weapon,YOUTH_TURKEY_SET_ASIDE,YOUTH_TURKEY_SOURCE_CLASSIFIED|YOUTH_TURKEY_15_PERCENT_SET_ASIDE_APPLIED|YOUTH_TURKEY_SEPARATE_FROM_ADULT_TURKEY|YOUTH_TURKEY_QUOTA_SOURCE_HARD_PERMITS_2026_TOTAL_YOUTH_SET_ASIDE|LOW_APPLICANT_COUNT|PROVEN_YOUTH_TURKEY_SOURCE,MODELED_BONUS,TARGET,True,Modeled by engine.utah_draw_predictive.turkey.,0.000000,0.000000,0.000000,0.000000,YOUTH_TURKEY_SET_ASIDE,PROMOTED_TO_RUNTIME,APPROVED_RUNTIME_PROMOTION_2026_06_29,audits\full_family_runtime_materialized_20260703_025641\outputs\youth_turkey_report.json,audits\full_family_runtime_materialized_20260703_025641\outputs\youth_turkey_report.json,Family promoted after zero-pending runtime reconciliation; non-public/reference rows remain excluded.,
hybrid_ml_v2.1.0,utah_turkey_bonus_v1.0.0,2027,2027,TK1005,Northern Region,Turkey,Bearded,Limited Entry,Youth,Nonresident,16,youth_turkey,0,0,,0,,0,,,,0,,0.000000,0.000000,0.000000,0.000,0.000,0.000,0.000,,,BEHIND,YELLOW,POINT CREEP DEFEAT,"2019,2020,2021,2022,2023,2024,2025",7,2025,2019,predictive,youth_turkey_set_aside_bonus_v1,Any Legal Weapon,YOUTH_TURKEY_SET_ASIDE,YOUTH_TURKEY_SOURCE_CLASSIFIED|YOUTH_TURKEY_15_PERCENT_SET_ASIDE_APPLIED|YOUTH_TURKEY_SEPARATE_FROM_ADULT_TURKEY|YOUTH_TURKEY_QUOTA_SOURCE_HARD_PERMITS_2026_TOTAL_YOUTH_SET_ASIDE|LOW_APPLICANT_COUNT|PROVEN_YOUTH_TURKEY_SOURCE,MODELED_BONUS,TARGET,True,Modeled by engine.utah_draw_predictive.turkey.,0.000000,0.000000,0.000000,0.000000,YOUTH_TURKEY_SET_ASIDE,PROMOTED_TO_RUNTIME,APPROVED_RUNTIME_PROMOTION_2026_06_29,audits\full_family_runtime_materialized_20260703_025641\outputs\youth_turkey_report.json,audits\full_family_runtime_materialized_20260703_025641\outputs\youth_turkey_report.json,Family promoted after zero-pending runtime reconciliation; non-public/reference rows remain excluded.,
hybrid_ml_v2.1.0,utah_turkey_bonus_v1.0.0,2027,2027,TK1005,Northern Region,Turkey,Bearded,Limited Entry,Youth,Nonresident,17,youth_turkey,0,0,,0,,0,,,,0,,0.000000,0.000000,0.000000,0.000,0.000,0.000,0.000,,,BEHIND,YELLOW,POINT CREEP DEFEAT,"2019,2020,2021,2022,2023,2024,2025",7,2025,2019,predictive,youth_turkey_set_aside_bonus_v1,Any Legal Weapon,YOUTH_TURKEY_SET_ASIDE,YOUTH_TURKEY_SOURCE_CLASSIFIED|YOUTH_TURKEY_15_PERCENT_SET_ASIDE_APPLIED|YOUTH_TURKEY_SEPARATE_FROM_ADULT_TURKEY|YOUTH_TURKEY_QUOTA_SOURCE_HARD_PERMITS_2026_TOTAL_YOUTH_SET_ASIDE|LOW_APPLICANT_COUNT|PROVEN_YOUTH_TURKEY_SOURCE,MODELED_BONUS,TARGET,True,Modeled by engine.utah_draw_predictive.turkey.,0.000000,0.000000,0.000000,0.000000,YOUTH_TURKEY_SET_ASIDE,PROMOTED_TO_RUNTIME,APPROVED_RUNTIME_PROMOTION_2026_06_29,audits\full_family_runtime_materialized_20260703_025641\outputs\youth_turkey_report.json,audits\full_family_runtime_materialized_20260703_025641\outputs\youth_turkey_report.json,Family promoted after zero-pending runtime reconciliation; non-public/reference rows remain excluded.,
hybrid_ml_v2.1.0,utah_turkey_bonus_v1.0.0,2027,2027,TK1005,Northern Region,Turkey,Bearded,Limited Entry,Youth,Nonresident,18,youth_turkey,0,0,,0,,0,,,,0,,0.000000,0.000000,0.000000,0.000,0.000,0.000,0.000,,,BEHIND,YELLOW,POINT CREEP DEFEAT,"2019,2020,2021,2022,2023,2024,2025",7,2025,2019,predictive,youth_turkey_set_aside_bonus_v1,Any Legal Weapon,YOUTH_TURKEY_SET_ASIDE,YOUTH_TURKEY_SOURCE_CLASSIFIED|YOUTH_TURKEY_15_PERCENT_SET_ASIDE_APPLIED|YOUTH_TURKEY_SEPARATE_FROM_ADULT_TURKEY|YOUTH_TURKEY_QUOTA_SOURCE_HARD_PERMITS_2026_TOTAL_YOUTH_SET_ASIDE|LOW_APPLICANT_COUNT|PROVEN_YOUTH_TURKEY_SOURCE,MODELED_BONUS,TARGET,True,Modeled by engine.utah_draw_predictive.turkey.,0.000000,0.000000,0.000000,0.000000,YOUTH_TURKEY_SET_ASIDE,PROMOTED_TO_RUNTIME,APPROVED_RUNTIME_PROMOTION_2026_06_29,audits\full_family_runtime_materialized_20260703_025641\outputs\youth_turkey_report.json,audits\full_family_runtime_materialized_20260703_025641\outputs\youth_turkey_report.json,Family promoted after zero-pending runtime reconciliation; non-public/reference rows remain excluded.,
hybrid_ml_v2.1.0,utah_turkey_bonus_v1.0.0,2027,2027,TK1005,Northern Region,Turkey,Bearded,Limited Entry,Youth,Nonresident,19,youth_turkey,0,0,,0,,0,,,,0,,0.000000,0.000000,0.000000,0.000,0.000,0.000,0.000,,,BEHIND,YELLOW,POINT CREEP DEFEAT,"2019,2020,2021,2022,2023,2024,2025",7,2025,2019,predictive,youth_turkey_set_aside_bonus_v1,Any Legal Weapon,YOUTH_TURKEY_SET_ASIDE,YOUTH_TURKEY_SOURCE_CLASSIFIED|YOUTH_TURKEY_15_PERCENT_SET_ASIDE_APPLIED|YOUTH_TURKEY_SEPARATE_FROM_ADULT_TURKEY|YOUTH_TURKEY_QUOTA_SOURCE_HARD_PERMITS_2026_TOTAL_YOUTH_SET_ASIDE|LOW_APPLICANT_COUNT|PROVEN_YOUTH_TURKEY_SOURCE,MODELED_BONUS,TARGET,True,Modeled by engine.utah_draw_predictive.turkey.,0.000000,0.000000,0.000000,0.000000,YOUTH_TURKEY_SET_ASIDE,PROMOTED_TO_RUNTIME,APPROVED_RUNTIME_PROMOTION_2026_06_29,audits\full_family_runtime_materialized_20260703_025641\outputs\youth_turkey_report.json,audits\full_family_runtime_materialized_20260703_025641\outputs\youth_turkey_report.json,Family promoted after zero-pending runtime reconciliation; non-public/reference rows remain excluded.,
hybrid_ml_v2.1.0,utah_turkey_bonus_v1.0.0,2027,2027,TK1005,Northern Region,Turkey,Bearded,Limited Entry,Youth,Resident,0,youth_turkey,82,75,,38,,37,1,1,43,89,,0.000000,1.000000,1.000000,0.000,100.000,100.000,100.000,1,0,BEHIND,YELLOW,GREEN LIGHT,"2019,2020,2021,2022,2023,2024,2025",7,2025,2019,predictive,youth_turkey_set_aside_bonus_v1,Any Legal Weapon,YOUTH_TURKEY_SET_ASIDE,YOUTH_TURKEY_SOURCE_CLASSIFIED|YOUTH_TURKEY_15_PERCENT_SET_ASIDE_APPLIED|YOUTH_TURKEY_SEPARATE_FROM_ADULT_TURKEY|YOUTH_TURKEY_QUOTA_SOURCE_HARD_PERMITS_2026_TOTAL_YOUTH_SET_ASIDE|PROVEN_YOUTH_TURKEY_SOURCE,MODELED_BONUS,TARGET,True,Modeled by engine.utah_draw_predictive.turkey.,1.000000,1.000000,1.000000,1.000000,YOUTH_TURKEY_SET_ASIDE,PROMOTED_TO_RUNTIME,APPROVED_RUNTIME_PROMOTION_2026_06_29,audits\full_family_runtime_materialized_20260703_025641\outputs\youth_turkey_report.json,audits\full_family_runtime_materialized_20260703_025641\outputs\youth_turkey_report.json,Family promoted after zero-pending runtime reconciliation; non-public/reference rows remain excluded.,~1 in 1.0 or 100.0%
hybrid_ml_v2.1.0,utah_turkey_bonus_v1.0.0,2027,2027,TK1005,Northern Region,Turkey,Bearded,Limited Entry,Youth,Resident,1,youth_turkey,82,75,,38,,37,1,1,15,28,,0.821429,0.999998,1.000000,82.143,100.000,100.000,100.000,0,0,ON EDGE,YELLOW,GREEN LIGHT,"2019,2020,2021,2022,2023,2024,2025",7,2025,2019,predictive,youth_turkey_set_aside_bonus_v1,Any Legal Weapon,YOUTH_TURKEY_SET_ASIDE,YOUTH_TURKEY_SOURCE_CLASSIFIED|YOUTH_TURKEY_15_PERCENT_SET_ASIDE_APPLIED|YOUTH_TURKEY_SEPARATE_FROM_ADULT_TURKEY|YOUTH_TURKEY_QUOTA_SOURCE_HARD_PERMITS_2026_TOTAL_YOUTH_SET_ASIDE|PROVEN_YOUTH_TURKEY_SOURCE,MODELED_BONUS,TARGET,True,Modeled by engine.utah_draw_predictive.turkey.,1.000000,1.000000,1.000000,1.000000,YOUTH_TURKEY_SET_ASIDE,PROMOTED_TO_RUNTIME,APPROVED_RUNTIME_PROMOTION_2026_06_29,audits\full_family_runtime_materialized_20260703_025641\outputs\youth_turkey_report.json,audits\full_family_runtime_materialized_20260703_025641\outputs\youth_turkey_report.json,Family promoted after zero-pending runtime reconciliation; non-public/reference rows remain excluded.,~1 in 1.0 or 100.0%
hybrid_ml_v2.1.0,utah_turkey_bonus_v1.0.0,2027,2027,TK1005,Northern Region,Turkey,Bearded,Limited Entry,Youth,Resident,2,youth_turkey,82,75,,38,,37,1,1,0,15,,1.000000,0.999955,1.000000,100.000,99.995,100.000,99.995,-1,0,MAX POOL,YELLOW,GREEN LIGHT,"2019,2020,2021,2022,2023,2024,2025",7,2025,2019,predictive,youth_turkey_set_aside_bonus_v1,Any Legal Weapon,YOUTH_TURKEY_SET_ASIDE,YOUTH_TURKEY_SOURCE_CLASSIFIED|YOUTH_TURKEY_15_PERCENT_SET_ASIDE_APPLIED|YOUTH_TURKEY_SEPARATE_FROM_ADULT_TURKEY|YOUTH_TURKEY_QUOTA_SOURCE_HARD_PERMITS_2026_TOTAL_YOUTH_SET_ASIDE|PROVEN_YOUTH_TURKEY_SOURCE,MODELED_BONUS,TARGET,True,Modeled by engine.utah_draw_predictive.turkey.,1.000000,1.000000,1.000000,1.000000,YOUTH_TURKEY_SET_ASIDE,PROMOTED_TO_RUNTIME,APPROVED_RUNTIME_PROMOTION_2026_06_29,audits\full_family_runtime_materialized_20260703_025641\outputs\youth_turkey_report.json,audits\full_family_runtime_materialized_20260703_025641\outputs\youth_turkey_report.json,Family promoted after zero-pending runtime reconciliation; non-public/reference rows remain excluded.,~1 in 1.0 or 100.0%
hybrid_ml_v2.1.0,utah_turkey_bonus_v1.0.0,2027,2027,TK1005,Northern Region,Turkey,Bearded,Limited Entry,Youth,Resident,3,youth_turkey,82,75,,38,,37,1,1,0,0,,0.000000,0.000000,0.000000,0.000,0.000,0.000,0.000,-2,0,BEHIND,YELLOW,POINT CREEP DEFEAT,"2019,2020,2021,2022,2023,2024,2025",7,2025,2019,predictive,youth_turkey_set_aside_bonus_v1,Any Legal Weapon,YOUTH_TURKEY_SET_ASIDE,YOUTH_TURKEY_SOURCE_CLASSIFIED|YOUTH_TURKEY_15_PERCENT_SET_ASIDE_APPLIED|YOUTH_TURKEY_SEPARATE_FROM_ADULT_TURKEY|YOUTH_TURKEY_QUOTA_SOURCE_HARD_PERMITS_2026_TOTAL_YOUTH_SET_ASIDE|PROVEN_YOUTH_TURKEY_SOURCE,MODELED_BONUS,TARGET,True,Modeled by engine.utah_draw_predictive.turkey.,0.000000,0.000000,0.000000,0.000000,YOUTH_TURKEY_SET_ASIDE,PROMOTED_TO_RUNTIME,APPROVED_RUNTIME_PROMOTION_2026_06_29,audits\full_family_runtime_materialized_20260703_025641\outputs\youth_turkey_report.json,audits\full_family_runtime_materialized_20260703_025641\outputs\youth_turkey_report.json,Family promoted after zero-pending runtime reconciliation; non-public/reference rows remain excluded.,
hybrid_ml_v2.1.0,utah_turkey_bonus_v1.0.0,2027,2027,TK1005,Northern Region,Turkey,Bearded,Limited Entry,Youth,Resident,4,youth_turkey,82,75,,38,,37,1,1,0,0,,0.000000,0.000000,0.000000,0.000,0.000,0.000,0.000,-3,0,BEHIND,YELLOW,POINT CREEP DEFEAT,"2019,2020,2021,2022,2023,2024,2025",7,2025,2019,predictive,youth_turkey_set_aside_bonus_v1,Any Legal Weapon,YOUTH_TURKEY_SET_ASIDE,YOUTH_TURKEY_SOURCE_CLASSIFIED|YOUTH_TURKEY_15_PERCENT_SET_ASIDE_APPLIED|YOUTH_TURKEY_SEPARATE_FROM_ADULT_TURKEY|YOUTH_TURKEY_QUOTA_SOURCE_HARD_PERMITS_2026_TOTAL_YOUTH_SET_ASIDE|PROVEN_YOUTH_TURKEY_SOURCE,MODELED_BONUS,TARGET,True,Modeled by engine.utah_draw_predictive.turkey.,0.000000,0.000000,0.000000,0.000000,YOUTH_TURKEY_SET_ASIDE,PROMOTED_TO_RUNTIME,APPROVED_RUNTIME_PROMOTION_2026_06_29,audits\full_family_runtime_materialized_20260703_025641\outputs\youth_turkey_report.json,audits\full_family_runtime_materialized_20260703_025641\outputs\youth_turkey_report.json,Family promoted after zero-pending runtime reconciliation; non-public/reference rows remain excluded.,
hybrid_ml_v2.1.0,utah_turkey_bonus_v1.0.0,2027,2027,TK1005,Northern Region,Turkey,Bearded,Limited Entry,Youth,Resident,5,youth_turkey,82,75,,38,,37,1,1,0,0,,0.000000,0.000000,0.000000,0.000,0.000,0.000,0.000,-4,0,BEHIND,YELLOW,POINT CREEP DEFEAT,"2019,2020,2021,2022,2023,2024,2025",7,2025,2019,predictive,youth_turkey_set_aside_bonus_v1,Any Legal Weapon,YOUTH_TURKEY_SET_ASIDE,YOUTH_TURKEY_SOURCE_CLASSIFIED|YOUTH_TURKEY_15_PERCENT_SET_ASIDE_APPLIED|YOUTH_TURKEY_SEPARATE_FROM_ADULT_TURKEY|YOUTH_TURKEY_QUOTA_SOURCE_HARD_PERMITS_2026_TOTAL_YOUTH_SET_ASIDE|PROVEN_YOUTH_TURKEY_SOURCE,MODELED_BONUS,TARGET,True,Modeled by engine.utah_draw_predictive.turkey.,0.000000,0.000000,0.000000,0.000000,YOUTH_TURKEY_SET_ASIDE,PROMOTED_TO_RUNTIME,APPROVED_RUNTIME_PROMOTION_2026_06_29,audits\full_family_runtime_materialized_20260703_025641\outputs\youth_turkey_report.json,audits\full_family_runtime_materialized_20260703_025641\outputs\youth_turkey_report.json,Family promoted after zero-pending runtime reconciliation; non-public/reference rows remain excluded.,
hybrid_ml_v2.1.0,utah_turkey_bonus_v1.0.0,2027,2027,TK1005,Northern Region,Turkey,Bearded,Limited Entry,Youth,Resident,6,youth_turkey,82,75,,38,,37,1,1,0,0,,0.000000,0.000000,0.000000,0.000,0.000,0.000,0.000,-5,0,BEHIND,YELLOW,POINT CREEP DEFEAT,"2019,2020,2021,2022,2023,2024,2025",7,2025,2019,predictive,youth_turkey_set_aside_bonus_v1,Any Legal Weapon,YOUTH_TURKEY_SET_ASIDE,YOUTH_TURKEY_SOURCE_CLASSIFIED|YOUTH_TURKEY_15_PERCENT_SET_ASIDE_APPLIED|YOUTH_TURKEY_SEPARATE_FROM_ADULT_TURKEY|YOUTH_TURKEY_QUOTA_SOURCE_HARD_PERMITS_2026_TOTAL_YOUTH_SET_ASIDE|PROVEN_YOUTH_TURKEY_SOURCE,MODELED_BONUS,TARGET,True,Modeled by engine.utah_draw_predictive.turkey.,0.000000,0.000000,0.000000,0.000000,YOUTH_TURKEY_SET_ASIDE,PROMOTED_TO_RUNTIME,APPROVED_RUNTIME_PROMOTION_2026_06_29,audits\full_family_runtime_materialized_20260703_025641\outputs\youth_turkey_report.json,audits\full_family_runtime_materialized_20260703_025641\outputs\youth_turkey_report.json,Family promoted after zero-pending runtime reconciliation; non-public/reference rows remain excluded.,
hybrid_ml_v2.1.0,utah_turkey_bonus_v1.0.0,2027,2027,TK1005,Northern Region,Turkey,Bearded,Limited Entry,Youth,Resident,7,youth_turkey,82,75,,38,,37,1,1,0,0,,0.000000,0.000000,0.000000,0.000,0.000,0.000,0.000,-6,0,BEHIND,YELLOW,POINT CREEP DEFEAT,"2019,2020,2021,2022,2023,2024,2025",7,2025,2019,predictive,youth_turkey_set_aside_bonus_v1,Any Legal Weapon,YOUTH_TURKEY_SET_ASIDE,YOUTH_TURKEY_SOURCE_CLASSIFIED|YOUTH_TURKEY_15_PERCENT_SET_ASIDE_APPLIED|YOUTH_TURKEY_SEPARATE_FROM_ADULT_TURKEY|YOUTH_TURKEY_QUOTA_SOURCE_HARD_PERMITS_2026_TOTAL_YOUTH_SET_ASIDE|PROVEN_YOUTH_TURKEY_SOURCE,MODELED_BONUS,TARGET,True,Modeled by engine.utah_draw_predictive.turkey.,0.000000,0.000000,0.000000,0.000000,YOUTH_TURKEY_SET_ASIDE,PROMOTED_TO_RUNTIME,APPROVED_RUNTIME_PROMOTION_2026_06_29,audits\full_family_runtime_materialized_20260703_025641\outputs\youth_turkey_report.json,audits\full_family_runtime_materialized_20260703_025641\outputs\youth_turkey_report.json,Family promoted after zero-pending runtime reconciliation; non-public/reference rows remain excluded.,
hybrid_ml_v2.1.0,utah_turkey_bonus_v1.0.0,2027,2027,TK1005,Northern Region,Turkey,Bearded,Limited Entry,Youth,Resident,8,youth_turkey,82,75,,38,,37,1,1,0,0,,0.000000,0.000000,0.000000,0.000,0.000,0.000,0.000,-7,0,BEHIND,YELLOW,POINT CREEP DEFEAT,"2019,2020,2021,2022,2023,2024,2025",7,2025,2019,predictive,youth_turkey_set_aside_bonus_v1,Any Legal Weapon,YOUTH_TURKEY_SET_ASIDE,YOUTH_TURKEY_SOURCE_CLASSIFIED|YOUTH_TURKEY_15_PERCENT_SET_ASIDE_APPLIED|YOUTH_TURKEY_SEPARATE_FROM_ADULT_TURKEY|YOUTH_TURKEY_QUOTA_SOURCE_HARD_PERMITS_2026_TOTAL_YOUTH_SET_ASIDE|PROVEN_YOUTH_TURKEY_SOURCE,MODELED_BONUS,TARGET,True,Modeled by engine.utah_draw_predictive.turkey.,0.000000,0.000000,0.000000,0.000000,YOUTH_TURKEY_SET_ASIDE,PROMOTED_TO_RUNTIME,APPROVED_RUNTIME_PROMOTION_2026_06_29,audits\full_family_runtime_materialized_20260703_025641\outputs\youth_turkey_report.json,audits\full_family_runtime_materialized_20260703_025641\outputs\youth_turkey_report.json,Family promoted after zero-pending runtime reconciliation; non-public/reference rows remain excluded.,
hybrid_ml_v2.1.0,utah_turkey_bonus_v1.0.0,2027,2027,TK1005,Northern Region,Turkey,Bearded,Limited Entry,Youth,Resident,9,youth_turkey,82,75,,38,,37,1,1,0,0,,0.000000,0.000000,0.000000,0.000,0.000,0.000,0.000,-8,0,BEHIND,YELLOW,POINT CREEP DEFEAT,"2019,2020,2021,2022,2023,2024,2025",7,2025,2019,predictive,youth_turkey_set_aside_bonus_v1,Any Legal Weapon,YOUTH_TURKEY_SET_ASIDE,YOUTH_TURKEY_SOURCE_CLASSIFIED|YOUTH_TURKEY_15_PERCENT_SET_ASIDE_APPLIED|YOUTH_TURKEY_SEPARATE_FROM_ADULT_TURKEY|YOUTH_TURKEY_QUOTA_SOURCE_HARD_PERMITS_2026_TOTAL_YOUTH_SET_ASIDE|PROVEN_YOUTH_TURKEY_SOURCE,MODELED_BONUS,TARGET,True,Modeled by engine.utah_draw_predictive.turkey.,0.000000,0.000000,0.000000,0.000000,YOUTH_TURKEY_SET_ASIDE,PROMOTED_TO_RUNTIME,APPROVED_RUNTIME_PROMOTION_2026_06_29,audits\full_family_runtime_materialized_20260703_025641\outputs\youth_turkey_report.json,audits\full_family_runtime_materialized_20260703_025641\outputs\youth_turkey_report.json,Family promoted after zero-pending runtime reconciliation; non-public/reference rows remain excluded.,
hybrid_ml_v2.1.0,utah_turkey_bonus_v1.0.0,2027,2027,TK1005,Northern Region,Turkey,Bearded,Limited Entry,Youth,Resident,10,youth_turkey,82,75,,38,,37,1,1,0,0,,0.000000,0.000000,0.000000,0.000,0.000,0.000,0.000,-9,0,BEHIND,YELLOW,POINT CREEP DEFEAT,"2019,2020,2021,2022,2023,2024,2025",7,2025,2019,predictive,youth_turkey_set_aside_bonus_v1,Any Legal Weapon,YOUTH_TURKEY_SET_ASIDE,YOUTH_TURKEY_SOURCE_CLASSIFIED|YOUTH_TURKEY_15_PERCENT_SET_ASIDE_APPLIED|YOUTH_TURKEY_SEPARATE_FROM_ADULT_TURKEY|YOUTH_TURKEY_QUOTA_SOURCE_HARD_PERMITS_2026_TOTAL_YOUTH_SET_ASIDE|PROVEN_YOUTH_TURKEY_SOURCE,MODELED_BONUS,TARGET,True,Modeled by engine.utah_draw_predictive.turkey.,0.000000,0.000000,0.000000,0.000000,YOUTH_TURKEY_SET_ASIDE,PROMOTED_TO_RUNTIME,APPROVED_RUNTIME_PROMOTION_2026_06_29,audits\full_family_runtime_materialized_20260703_025641\outputs\youth_turkey_report.json,audits\full_family_runtime_materialized_20260703_025641\outputs\youth_turkey_report.json,Family promoted after zero-pending runtime reconciliation; non-public/reference rows remain excluded.,
hybrid_ml_v2.1.0,utah_turkey_bonus_v1.0.0,2027,2027,TK1005,Northern Region,Turkey,Bearded,Limited Entry,Youth,Resident,11,youth_turkey,82,75,,38,,37,1,1,0,0,,0.000000,0.000000,0.000000,0.000,0.000,0.000,0.000,-10,0,BEHIND,YELLOW,POINT CREEP DEFEAT,"2019,2020,2021,2022,2023,2024,2025",7,2025,2019,predictive,youth_turkey_set_aside_bonus_v1,Any Legal Weapon,YOUTH_TURKEY_SET_ASIDE,YOUTH_TURKEY_SOURCE_CLASSIFIED|YOUTH_TURKEY_15_PERCENT_SET_ASIDE_APPLIED|YOUTH_TURKEY_SEPARATE_FROM_ADULT_TURKEY|YOUTH_TURKEY_QUOTA_SOURCE_HARD_PERMITS_2026_TOTAL_YOUTH_SET_ASIDE|PROVEN_YOUTH_TURKEY_SOURCE,MODELED_BONUS,TARGET,True,Modeled by engine.utah_draw_predictive.turkey.,0.000000,0.000000,0.000000,0.000000,YOUTH_TURKEY_SET_ASIDE,PROMOTED_TO_RUNTIME,APPROVED_RUNTIME_PROMOTION_2026_06_29,audits\full_family_runtime_materialized_20260703_025641\outputs\youth_turkey_report.json,audits\full_family_runtime_materialized_20260703_025641\outputs\youth_turkey_report.json,Family promoted after zero-pending runtime reconciliation; non-public/reference rows remain excluded.,
hybrid_ml_v2.1.0,utah_turkey_bonus_v1.0.0,2027,2027,TK1005,Northern Region,Turkey,Bearded,Limited Entry,Youth,Resident,12,youth_turkey,82,75,,38,,37,1,1,0,0,,0.000000,0.000000,0.000000,0.000,0.000,0.000,0.000,-11,0,BEHIND,YELLOW,POINT CREEP DEFEAT,"2019,2020,2021,2022,2023,2024,2025",7,2025,2019,predictive,youth_turkey_set_aside_bonus_v1,Any Legal Weapon,YOUTH_TURKEY_SET_ASIDE,YOUTH_TURKEY_SOURCE_CLASSIFIED|YOUTH_TURKEY_15_PERCENT_SET_ASIDE_APPLIED|YOUTH_TURKEY_SEPARATE_FROM_ADULT_TURKEY|YOUTH_TURKEY_QUOTA_SOURCE_HARD_PERMITS_2026_TOTAL_YOUTH_SET_ASIDE|PROVEN_YOUTH_TURKEY_SOURCE,MODELED_BONUS,TARGET,True,Modeled by engine.utah_draw_predictive.turkey.,0.000000,0.000000,0.000000,0.000000,YOUTH_TURKEY_SET_ASIDE,PROMOTED_TO_RUNTIME,APPROVED_RUNTIME_PROMOTION_2026_06_29,audits\full_family_runtime_materialized_20260703_025641\outputs\youth_turkey_report.json,audits\full_family_runtime_materialized_20260703_025641\outputs\youth_turkey_report.json,Family promoted after zero-pending runtime reconciliation; non-public/reference rows remain excluded.,
hybrid_ml_v2.1.0,utah_turkey_bonus_v1.0.0,2027,2027,TK1005,Northern Region,Turkey,Bearded,Limited Entry,Youth,Resident,13,youth_turkey,82,75,,38,,37,1,1,0,0,,0.000000,0.000000,0.000000,0.000,0.000,0.000,0.000,-12,0,BEHIND,YELLOW,POINT CREEP DEFEAT,"2019,2020,2021,2022,2023,2024,2025",7,2025,2019,predictive,youth_turkey_set_aside_bonus_v1,Any Legal Weapon,YOUTH_TURKEY_SET_ASIDE,YOUTH_TURKEY_SOURCE_CLASSIFIED|YOUTH_TURKEY_15_PERCENT_SET_ASIDE_APPLIED|YOUTH_TURKEY_SEPARATE_FROM_ADULT_TURKEY|YOUTH_TURKEY_QUOTA_SOURCE_HARD_PERMITS_2026_TOTAL_YOUTH_SET_ASIDE|PROVEN_YOUTH_TURKEY_SOURCE,MODELED_BONUS,TARGET,True,Modeled by engine.utah_draw_predictive.turkey.,0.000000,0.000000,0.000000,0.000000,YOUTH_TURKEY_SET_ASIDE,PROMOTED_TO_RUNTIME,APPROVED_RUNTIME_PROMOTION_2026_06_29,audits\full_family_runtime_materialized_20260703_025641\outputs\youth_turkey_report.json,audits\full_family_runtime_materialized_20260703_025641\outputs\youth_turkey_report.json,Family promoted after zero-pending runtime reconciliation; non-public/reference rows remain excluded.,
hybrid_ml_v2.1.0,utah_turkey_bonus_v1.0.0,2027,2027,TK1005,Northern Region,Turkey,Bearded,Limited Entry,Youth,Resident,14,youth_turkey,82,75,,38,,37,1,1,0,0,,0.000000,0.000000,0.000000,0.000,0.000,0.000,0.000,-13,0,BEHIND,YELLOW,POINT CREEP DEFEAT,"2019,2020,2021,2022,2023,2024,2025",7,2025,2019,predictive,youth_turkey_set_aside_bonus_v1,Any Legal Weapon,YOUTH_TURKEY_SET_ASIDE,YOUTH_TURKEY_SOURCE_CLASSIFIED|YOUTH_TURKEY_15_PERCENT_SET_ASIDE_APPLIED|YOUTH_TURKEY_SEPARATE_FROM_ADULT_TURKEY|YOUTH_TURKEY_QUOTA_SOURCE_HARD_PERMITS_2026_TOTAL_YOUTH_SET_ASIDE|PROVEN_YOUTH_TURKEY_SOURCE,MODELED_BONUS,TARGET,True,Modeled by engine.utah_draw_predictive.turkey.,0.000000,0.000000,0.000000,0.000000,YOUTH_TURKEY_SET_ASIDE,PROMOTED_TO_RUNTIME,APPROVED_RUNTIME_PROMOTION_2026_06_29,audits\full_family_runtime_materialized_20260703_025641\outputs\youth_turkey_report.json,audits\full_family_runtime_materialized_20260703_025641\outputs\youth_turkey_report.json,Family promoted after zero-pending runtime reconciliation; non-public/reference rows remain excluded.,
hybrid_ml_v2.1.0,utah_turkey_bonus_v1.0.0,2027,2027,TK1005,Northern Region,Turkey,Bearded,Limited Entry,Youth,Resident,15,youth_turkey,82,75,,38,,37,1,1,0,0,,0.000000,0.000000,0.000000,0.000,0.000,0.000,0.000,-14,0,BEHIND,YELLOW,POINT CREEP DEFEAT,"2019,2020,2021,2022,2023,2024,2025",7,2025,2019,predictive,youth_turkey_set_aside_bonus_v1,Any Legal Weapon,YOUTH_TURKEY_SET_ASIDE,YOUTH_TURKEY_SOURCE_CLASSIFIED|YOUTH_TURKEY_15_PERCENT_SET_ASIDE_APPLIED|YOUTH_TURKEY_SEPARATE_FROM_ADULT_TURKEY|YOUTH_TURKEY_QUOTA_SOURCE_HARD_PERMITS_2026_TOTAL_YOUTH_SET_ASIDE|PROVEN_YOUTH_TURKEY_SOURCE,MODELED_BONUS,TARGET,True,Modeled by engine.utah_draw_predictive.turkey.,0.000000,0.000000,0.000000,0.000000,YOUTH_TURKEY_SET_ASIDE,PROMOTED_TO_RUNTIME,APPROVED_RUNTIME_PROMOTION_2026_06_29,audits\full_family_runtime_materialized_20260703_025641\outputs\youth_turkey_report.json,audits\full_family_runtime_materialized_20260703_025641\outputs\youth_turkey_report.json,Family promoted after zero-pending runtime reconciliation; non-public/reference rows remain excluded.,
hybrid_ml_v2.1.0,utah_turkey_bonus_v1.0.0,2027,2027,TK1005,Northern Region,Turkey,Bearded,Limited Entry,Youth,Resident,16,youth_turkey,82,75,,38,,37,1,1,0,0,,0.000000,0.000000,0.000000,0.000,0.000,0.000,0.000,-15,0,BEHIND,YELLOW,POINT CREEP DEFEAT,"2019,2020,2021,2022,2023,2024,2025",7,2025,2019,predictive,youth_turkey_set_aside_bonus_v1,Any Legal Weapon,YOUTH_TURKEY_SET_ASIDE,YOUTH_TURKEY_SOURCE_CLASSIFIED|YOUTH_TURKEY_15_PERCENT_SET_ASIDE_APPLIED|YOUTH_TURKEY_SEPARATE_FROM_ADULT_TURKEY|YOUTH_TURKEY_QUOTA_SOURCE_HARD_PERMITS_2026_TOTAL_YOUTH_SET_ASIDE|PROVEN_YOUTH_TURKEY_SOURCE,MODELED_BONUS,TARGET,True,Modeled by engine.utah_draw_predictive.turkey.,0.000000,0.000000,0.000000,0.000000,YOUTH_TURKEY_SET_ASIDE,PROMOTED_TO_RUNTIME,APPROVED_RUNTIME_PROMOTION_2026_06_29,audits\full_family_runtime_materialized_20260703_025641\outputs\youth_turkey_report.json,audits\full_family_runtime_materialized_20260703_025641\outputs\youth_turkey_report.json,Family promoted after zero-pending runtime reconciliation; non-public/reference rows remain excluded.,
hybrid_ml_v2.1.0,utah_turkey_bonus_v1.0.0,2027,2027,TK1005,Northern Region,Turkey,Bearded,Limited Entry,Youth,Resident,17,youth_turkey,82,75,,38,,37,1,1,0,0,,0.000000,0.000000,0.000000,0.000,0.000,0.000,0.000,-16,0,BEHIND,YELLOW,POINT CREEP DEFEAT,"2019,2020,2021,2022,2023,2024,2025",7,2025,2019,predictive,youth_turkey_set_aside_bonus_v1,Any Legal Weapon,YOUTH_TURKEY_SET_ASIDE,YOUTH_TURKEY_SOURCE_CLASSIFIED|YOUTH_TURKEY_15_PERCENT_SET_ASIDE_APPLIED|YOUTH_TURKEY_SEPARATE_FROM_ADULT_TURKEY|YOUTH_TURKEY_QUOTA_SOURCE_HARD_PERMITS_2026_TOTAL_YOUTH_SET_ASIDE|PROVEN_YOUTH_TURKEY_SOURCE,MODELED_BONUS,TARGET,True,Modeled by engine.utah_draw_predictive.turkey.,0.000000,0.000000,0.000000,0.000000,YOUTH_TURKEY_SET_ASIDE,PROMOTED_TO_RUNTIME,APPROVED_RUNTIME_PROMOTION_2026_06_29,audits\full_family_runtime_materialized_20260703_025641\outputs\youth_turkey_report.json,audits\full_family_runtime_materialized_20260703_025641\outputs\youth_turkey_report.json,Family promoted after zero-pending runtime reconciliation; non-public/reference rows remain excluded.,
hybrid_ml_v2.1.0,utah_turkey_bonus_v1.0.0,2027,2027,TK1005,Northern Region,Turkey,Bearded,Limited Entry,Youth,Resident,18,youth_turkey,82,75,,38,,37,1,1,0,0,,0.000000,0.000000,0.000000,0.000,0.000,0.000,0.000,-17,0,BEHIND,YELLOW,POINT CREEP DEFEAT,"2019,2020,2021,2022,2023,2024,2025",7,2025,2019,predictive,youth_turkey_set_aside_bonus_v1,Any Legal Weapon,YOUTH_TURKEY_SET_ASIDE,YOUTH_TURKEY_SOURCE_CLASSIFIED|YOUTH_TURKEY_15_PERCENT_SET_ASIDE_APPLIED|YOUTH_TURKEY_SEPARATE_FROM_ADULT_TURKEY|YOUTH_TURKEY_QUOTA_SOURCE_HARD_PERMITS_2026_TOTAL_YOUTH_SET_ASIDE|PROVEN_YOUTH_TURKEY_SOURCE,MODELED_BONUS,TARGET,True,Modeled by engine.utah_draw_predictive.turkey.,0.000000,0.000000,0.000000,0.000000,YOUTH_TURKEY_SET_ASIDE,PROMOTED_TO_RUNTIME,APPROVED_RUNTIME_PROMOTION_2026_06_29,audits\full_family_runtime_materialized_20260703_025641\outputs\youth_turkey_report.json,audits\full_family_runtime_materialized_20260703_025641\outputs\youth_turkey_report.json,Family promoted after zero-pending runtime reconciliation; non-public/reference rows remain excluded.,
hybrid_ml_v2.1.0,utah_turkey_bonus_v1.0.0,2027,2027,TK1005,Northern Region,Turkey,Bearded,Limited Entry,Youth,Resident,19,youth_turkey,82,75,,38,,37,1,1,0,0,,0.000000,0.000000,0.000000,0.000,0.000,0.000,0.000,-18,0,BEHIND,YELLOW,POINT CREEP DEFEAT,"2019,2020,2021,2022,2023,2024,2025",7,2025,2019,predictive,youth_turkey_set_aside_bonus_v1,Any Legal Weapon,YOUTH_TURKEY_SET_ASIDE,YOUTH_TURKEY_SOURCE_CLASSIFIED|YOUTH_TURKEY_15_PERCENT_SET_ASIDE_APPLIED|YOUTH_TURKEY_SEPARATE_FROM_ADULT_TURKEY|YOUTH_TURKEY_QUOTA_SOURCE_HARD_PERMITS_2026_TOTAL_YOUTH_SET_ASIDE|PROVEN_YOUTH_TURKEY_SOURCE,MODELED_BONUS,TARGET,True,Modeled by engine.utah_draw_predictive.turkey.,0.000000,0.000000,0.000000,0.000000,YOUTH_TURKEY_SET_ASIDE,PROMOTED_TO_RUNTIME,APPROVED_RUNTIME_PROMOTION_2026_06_29,audits\full_family_runtime_materialized_20260703_025641\outputs\youth_turkey_report.json,audits\full_family_runtime_materialized_20260703_025641\outputs\youth_turkey_report.json,Family promoted after zero-pending runtime reconciliation; non-public/reference rows remain excluded.,
hybrid_ml_v2.1.0,utah_turkey_bonus_v1.0.0,2027,2027,TK1005,Northern Region,Turkey,Bearded,Limited Entry,Youth,Resident,20,youth_turkey,82,75,,38,,37,1,1,0,0,,0.000000,0.000000,0.000000,0.000,0.000,0.000,0.000,-19,0,BEHIND,YELLOW,POINT CREEP DEFEAT,"2019,2020,2021,2022,2023,2024,2025",7,2025,2019,predictive,youth_turkey_set_aside_bonus_v1,Any Legal Weapon,YOUTH_TURKEY_SET_ASIDE,YOUTH_TURKEY_SOURCE_CLASSIFIED|YOUTH_TURKEY_15_PERCENT_SET_ASIDE_APPLIED|YOUTH_TURKEY_SEPARATE_FROM_ADULT_TURKEY|YOUTH_TURKEY_QUOTA_SOURCE_HARD_PERMITS_2026_TOTAL_YOUTH_SET_ASIDE|PROVEN_YOUTH_TURKEY_SOURCE,MODELED_BONUS,TARGET,True,Modeled by engine.utah_draw_predictive.turkey.,0.000000,0.000000,0.000000,0.000000,YOUTH_TURKEY_SET_ASIDE,PROMOTED_TO_RUNTIME,APPROVED_RUNTIME_PROMOTION_2026_06_29,audits\full_family_runtime_materialized_20260703_025641\outputs\youth_turkey_report.json,audits\full_family_runtime_materialized_20260703_025641\outputs\youth_turkey_report.json,Family promoted after zero-pending runtime reconciliation; non-public/reference rows remain excluded.,
hybrid_ml_v2.1.0,utah_turkey_bonus_v1.0.0,2027,2027,TK1005,Northern Region,Turkey,Bearded,Limited Entry,Youth,Resident,21,youth_turkey,82,75,,38,,37,1,1,0,0,,0.000000,0.000000,0.000000,0.000,0.000,0.000,0.000,-20,0,BEHIND,YELLOW,POINT CREEP DEFEAT,"2019,2020,2021,2022,2023,2024,2025",7,2025,2019,predictive,youth_turkey_set_aside_bonus_v1,Any Legal Weapon,YOUTH_TURKEY_SET_ASIDE,YOUTH_TURKEY_SOURCE_CLASSIFIED|YOUTH_TURKEY_15_PERCENT_SET_ASIDE_APPLIED|YOUTH_TURKEY_SEPARATE_FROM_ADULT_TURKEY|YOUTH_TURKEY_QUOTA_SOURCE_HARD_PERMITS_2026_TOTAL_YOUTH_SET_ASIDE|PROVEN_YOUTH_TURKEY_SOURCE,MODELED_BONUS,TARGET,True,Modeled by engine.utah_draw_predictive.turkey.,0.000000,0.000000,0.000000,0.000000,YOUTH_TURKEY_SET_ASIDE,PROMOTED_TO_RUNTIME,APPROVED_RUNTIME_PROMOTION_2026_06_29,audits\full_family_runtime_materialized_20260703_025641\outputs\youth_turkey_report.json,audits\full_family_runtime_materialized_20260703_025641\outputs\youth_turkey_report.json,Family promoted after zero-pending runtime reconciliation; non-public/reference rows remain excluded.,
hybrid_ml_v2.1.0,utah_turkey_bonus_v1.0.0,2027,2027,TK1005,Northern Region,Turkey,Bearded,Limited Entry,Youth,Resident,22,youth_turkey,82,75,,38,,37,1,1,0,0,,0.000000,0.000000,0.000000,0.000,0.000,0.000,0.000,-21,0,BEHIND,YELLOW,POINT CREEP DEFEAT,"2019,2020,2021,2022,2023,2024,2025",7,2025,2019,predictive,youth_turkey_set_aside_bonus_v1,Any Legal Weapon,YOUTH_TURKEY_SET_ASIDE,YOUTH_TURKEY_SOURCE_CLASSIFIED|YOUTH_TURKEY_15_PERCENT_SET_ASIDE_APPLIED|YOUTH_TURKEY_SEPARATE_FROM_ADULT_TURKEY|YOUTH_TURKEY_QUOTA_SOURCE_HARD_PERMITS_2026_TOTAL_YOUTH_SET_ASIDE|PROVEN_YOUTH_TURKEY_SOURCE,MODELED_BONUS,TARGET,True,Modeled by engine.utah_draw_predictive.turkey.,0.000000,0.000000,0.000000,0.000000,YOUTH_TURKEY_SET_ASIDE,PROMOTED_TO_RUNTIME,APPROVED_RUNTIME_PROMOTION_2026_06_29,audits\full_family_runtime_materialized_20260703_025641\outputs\youth_turkey_report.json,audits\full_family_runtime_materialized_20260703_025641\outputs\youth_turkey_report.json,Family promoted after zero-pending runtime reconciliation; non-public/reference rows remain excluded.,
hybrid_ml_v2.1.0,utah_turkey_bonus_v1.0.0,2027,2027,TK1005,Northern Region,Turkey,Bearded,Limited Entry,Youth,Resident,23,youth_turkey,82,75,,38,,37,1,1,0,0,,0.000000,0.000000,0.000000,0.000,0.000,0.000,0.000,-22,0,BEHIND,YELLOW,POINT CREEP DEFEAT,"2019,2020,2021,2022,2023,2024,2025",7,2025,2019,predictive,youth_turkey_set_aside_bonus_v1,Any Legal Weapon,YOUTH_TURKEY_SET_ASIDE,YOUTH_TURKEY_SOURCE_CLASSIFIED|YOUTH_TURKEY_15_PERCENT_SET_ASIDE_APPLIED|YOUTH_TURKEY_SEPARATE_FROM_ADULT_TURKEY|YOUTH_TURKEY_QUOTA_SOURCE_HARD_PERMITS_2026_TOTAL_YOUTH_SET_ASIDE|PROVEN_YOUTH_TURKEY_SOURCE,MODELED_BONUS,TARGET,True,Modeled by engine.utah_draw_predictive.turkey.,0.000000,0.000000,0.000000,0.000000,YOUTH_TURKEY_SET_ASIDE,PROMOTED_TO_RUNTIME,APPROVED_RUNTIME_PROMOTION_2026_06_29,audits\full_family_runtime_materialized_20260703_025641\outputs\youth_turkey_report.json,audits\full_family_runtime_materialized_20260703_025641\outputs\youth_turkey_report.json,Family promoted after zero-pending runtime reconciliation; non-public/reference rows remain excluded.,
hybrid_ml_v2.1.0,utah_turkey_bonus_v1.0.0,2027,2027,TK1006,Southeastern Region,Turkey,Bearded,Limited Entry,Youth,Nonresident,0,youth_turkey,3,4,,2,,2,1,0,1,3,,0.333333,0.840000,0.893333,33.333,84.000,89.333,84.000,0,-1,ON EDGE,RED,GREEN LIGHT,"2019,2020,2021,2022,2023,2024,2025",7,2025,2019,predictive,youth_turkey_set_aside_bonus_v1,Any Legal Weapon,YOUTH_TURKEY_SET_ASIDE,YOUTH_TURKEY_SOURCE_CLASSIFIED|YOUTH_TURKEY_15_PERCENT_SET_ASIDE_APPLIED|YOUTH_TURKEY_SEPARATE_FROM_ADULT_TURKEY|YOUTH_TURKEY_QUOTA_SOURCE_HARD_PERMITS_2026_TOTAL_YOUTH_SET_ASIDE|LOW_APPLICANT_COUNT|PROVEN_YOUTH_TURKEY_SOURCE,MODELED_BONUS,TARGET,True,Modeled by engine.utah_draw_predictive.turkey.,0.893333,0.893333,0.893333,0.893333,YOUTH_TURKEY_SET_ASIDE,PROMOTED_TO_RUNTIME,APPROVED_RUNTIME_PROMOTION_2026_06_29,audits\full_family_runtime_materialized_20260703_025641\outputs\youth_turkey_report.json,audits\full_family_runtime_materialized_20260703_025641\outputs\youth_turkey_report.json,Family promoted after zero-pending runtime reconciliation; non-public/reference rows remain excluded.,~1 in 1.1 or 89.3%
hybrid_ml_v2.1.0,utah_turkey_bonus_v1.0.0,2027,2027,TK1006,Southeastern Region,Turkey,Bearded,Limited Entry,Youth,Nonresident,1,youth_turkey,3,4,,2,,2,1,0,0,1,,1.000000,0.640000,1.000000,100.000,64.000,100.000,64.000,-1,-1,MAX POOL,RED,GREEN LIGHT,"2019,2020,2021,2022,2023,2024,2025",7,2025,2019,predictive,youth_turkey_set_aside_bonus_v1,Any Legal Weapon,YOUTH_TURKEY_SET_ASIDE,YOUTH_TURKEY_SOURCE_CLASSIFIED|YOUTH_TURKEY_15_PERCENT_SET_ASIDE_APPLIED|YOUTH_TURKEY_SEPARATE_FROM_ADULT_TURKEY|YOUTH_TURKEY_QUOTA_SOURCE_HARD_PERMITS_2026_TOTAL_YOUTH_SET_ASIDE|LOW_APPLICANT_COUNT|PROVEN_YOUTH_TURKEY_SOURCE,MODELED_BONUS,TARGET,True,Modeled by engine.utah_draw_predictive.turkey.,1.000000,1.000000,1.000000,1.000000,YOUTH_TURKEY_SET_ASIDE,PROMOTED_TO_RUNTIME,APPROVED_RUNTIME_PROMOTION_2026_06_29,audits\full_family_runtime_materialized_20260703_025641\outputs\youth_turkey_report.json,audits\full_family_runtime_materialized_20260703_025641\outputs\youth_turkey_report.json,Family promoted after zero-pending runtime reconciliation; non-public/reference rows remain excluded.,~1 in 1.0 or 100.0%
hybrid_ml_v2.1.0,utah_turkey_bonus_v1.0.0,2027,2027,TK1006,Southeastern Region,Turkey,Bearded,Limited Entry,Youth,Nonresident,2,youth_turkey,3,4,,2,,2,1,0,0,0,,0.000000,0.000000,0.000000,0.000,0.000,0.000,0.000,-2,-1,BEHIND,RED,POINT CREEP DEFEAT,"2019,2020,2021,2022,2023,2024,2025",7,2025,2019,predictive,youth_turkey_set_aside_bonus_v1,Any Legal Weapon,YOUTH_TURKEY_SET_ASIDE,YOUTH_TURKEY_SOURCE_CLASSIFIED|YOUTH_TURKEY_15_PERCENT_SET_ASIDE_APPLIED|YOUTH_TURKEY_SEPARATE_FROM_ADULT_TURKEY|YOUTH_TURKEY_QUOTA_SOURCE_HARD_PERMITS_2026_TOTAL_YOUTH_SET_ASIDE|LOW_APPLICANT_COUNT|PROVEN_YOUTH_TURKEY_SOURCE,MODELED_BONUS,TARGET,True,Modeled by engine.utah_draw_predictive.turkey.,0.000000,0.000000,0.000000,0.000000,YOUTH_TURKEY_SET_ASIDE,PROMOTED_TO_RUNTIME,APPROVED_RUNTIME_PROMOTION_2026_06_29,audits\full_family_runtime_materialized_20260703_025641\outputs\youth_turkey_report.json,audits\full_family_runtime_materialized_20260703_025641\outputs\youth_turkey_report.json,Family promoted after zero-pending runtime reconciliation; non-public/reference rows remain excluded.,
hybrid_ml_v2.1.0,utah_turkey_bonus_v1.0.0,2027,2027,TK1006,Southeastern Region,Turkey,Bearded,Limited Entry,Youth,Nonresident,3,youth_turkey,3,4,,2,,2,1,0,0,0,,0.000000,0.000000,0.000000,0.000,0.000,0.000,0.000,-3,-1,BEHIND,RED,POINT CREEP DEFEAT,"2019,2020,2021,2022,2023,2024,2025",7,2025,2019,predictive,youth_turkey_set_aside_bonus_v1,Any Legal Weapon,YOUTH_TURKEY_SET_ASIDE,YOUTH_TURKEY_SOURCE_CLASSIFIED|YOUTH_TURKEY_15_PERCENT_SET_ASIDE_APPLIED|YOUTH_TURKEY_SEPARATE_FROM_ADULT_TURKEY|YOUTH_TURKEY_QUOTA_SOURCE_HARD_PERMITS_2026_TOTAL_YOUTH_SET_ASIDE|LOW_APPLICANT_COUNT|PROVEN_YOUTH_TURKEY_SOURCE,MODELED_BONUS,TARGET,True,Modeled by engine.utah_draw_predictive.turkey.,0.000000,0.000000,0.000000,0.000000,YOUTH_TURKEY_SET_ASIDE,PROMOTED_TO_RUNTIME,APPROVED_RUNTIME_PROMOTION_2026_06_29,audits\full_family_runtime_materialized_20260703_025641\outputs\youth_turkey_report.json,audits\full_family_runtime_materialized_20260703_025641\outputs\youth_turkey_report.json,Family promoted after zero-pending runtime reconciliation; non-public/reference rows remain excluded.,
hybrid_ml_v2.1.0,utah_turkey_bonus_v1.0.0,2027,2027,TK1006,Southeastern Region,Turkey,Bearded,Limited Entry,Youth,Nonresident,4,youth_turkey,3,4,,2,,2,1,0,0,0,,0.000000,0.000000,0.000000,0.000,0.000,0.000,0.000,-4,-1,BEHIND,RED,POINT CREEP DEFEAT,"2019,2020,2021,2022,2023,2024,2025",7,2025,2019,predictive,youth_turkey_set_aside_bonus_v1,Any Legal Weapon,YOUTH_TURKEY_SET_ASIDE,YOUTH_TURKEY_SOURCE_CLASSIFIED|YOUTH_TURKEY_15_PERCENT_SET_ASIDE_APPLIED|YOUTH_TURKEY_SEPARATE_FROM_ADULT_TURKEY|YOUTH_TURKEY_QUOTA_SOURCE_HARD_PERMITS_2026_TOTAL_YOUTH_SET_ASIDE|LOW_APPLICANT_COUNT|PROVEN_YOUTH_TURKEY_SOURCE,MODELED_BONUS,TARGET,True,Modeled by engine.utah_draw_predictive.turkey.,0.000000,0.000000,0.000000,0.000000,YOUTH_TURKEY_SET_ASIDE,PROMOTED_TO_RUNTIME,APPROVED_RUNTIME_PROMOTION_2026_06_29,audits\full_family_runtime_materialized_20260703_025641\outputs\youth_turkey_report.json,audits\full_family_runtime_materialized_20260703_025641\outputs\youth_turkey_report.json,Family promoted after zero-pending runtime reconciliation; non-public/reference rows remain excluded.,
hybrid_ml_v2.1.0,utah_turkey_bonus_v1.0.0,2027,2027,TK1006,Southeastern Region,Turkey,Bearded,Limited Entry,Youth,Nonresident,5,youth_turkey,3,4,,2,,2,1,0,0,0,,0.000000,0.000000,0.000000,0.000,0.000,0.000,0.000,-5,-1,BEHIND,RED,POINT CREEP DEFEAT,"2019,2020,2021,2022,2023,2024,2025",7,2025,2019,predictive,youth_turkey_set_aside_bonus_v1,Any Legal Weapon,YOUTH_TURKEY_SET_ASIDE,YOUTH_TURKEY_SOURCE_CLASSIFIED|YOUTH_TURKEY_15_PERCENT_SET_ASIDE_APPLIED|YOUTH_TURKEY_SEPARATE_FROM_ADULT_TURKEY|YOUTH_TURKEY_QUOTA_SOURCE_HARD_PERMITS_2026_TOTAL_YOUTH_SET_ASIDE|LOW_APPLICANT_COUNT|PROVEN_YOUTH_TURKEY_SOURCE,MODELED_BONUS,TARGET,True,Modeled by engine.utah_draw_predictive.turkey.,0.000000,0.000000,0.000000,0.000000,YOUTH_TURKEY_SET_ASIDE,PROMOTED_TO_RUNTIME,APPROVED_RUNTIME_PROMOTION_2026_06_29,audits\full_family_runtime_materialized_20260703_025641\outputs\youth_turkey_report.json,audits\full_family_runtime_materialized_20260703_025641\outputs\youth_turkey_report.json,Family promoted after zero-pending runtime reconciliation; non-public/reference rows remain excluded.,
hybrid_ml_v2.1.0,utah_turkey_bonus_v1.0.0,2027,2027,TK1006,Southeastern Region,Turkey,Bearded,Limited Entry,Youth,Nonresident,6,youth_turkey,3,4,,2,,2,1,0,0,0,,0.000000,0.000000,0.000000,0.000,0.000,0.000,0.000,-6,-1,BEHIND,RED,POINT CREEP DEFEAT,"2019,2020,2021,2022,2023,2024,2025",7,2025,2019,predictive,youth_turkey_set_aside_bonus_v1,Any Legal Weapon,YOUTH_TURKEY_SET_ASIDE,YOUTH_TURKEY_SOURCE_CLASSIFIED|YOUTH_TURKEY_15_PERCENT_SET_ASIDE_APPLIED|YOUTH_TURKEY_SEPARATE_FROM_ADULT_TURKEY|YOUTH_TURKEY_QUOTA_SOURCE_HARD_PERMITS_2026_TOTAL_YOUTH_SET_ASIDE|LOW_APPLICANT_COUNT|PROVEN_YOUTH_TURKEY_SOURCE,MODELED_BONUS,TARGET,True,Modeled by engine.utah_draw_predictive.turkey.,0.000000,0.000000,0.000000,0.000000,YOUTH_TURKEY_SET_ASIDE,PROMOTED_TO_RUNTIME,APPROVED_RUNTIME_PROMOTION_2026_06_29,audits\full_family_runtime_materialized_20260703_025641\outputs\youth_turkey_report.json,audits\full_family_runtime_materialized_20260703_025641\outputs\youth_turkey_report.json,Family promoted after zero-pending runtime reconciliation; non-public/reference rows remain excluded.,
hybrid_ml_v2.1.0,utah_turkey_bonus_v1.0.0,2027,2027,TK1006,Southeastern Region,Turkey,Bearded,Limited Entry,Youth,Nonresident,7,youth_turkey,3,4,,2,,2,1,0,0,0,,0.000000,0.000000,0.000000,0.000,0.000,0.000,0.000,-7,-1,BEHIND,RED,POINT CREEP DEFEAT,"2019,2020,2021,2022,2023,2024,2025",7,2025,2019,predictive,youth_turkey_set_aside_bonus_v1,Any Legal Weapon,YOUTH_TURKEY_SET_ASIDE,YOUTH_TURKEY_SOURCE_CLASSIFIED|YOUTH_TURKEY_15_PERCENT_SET_ASIDE_APPLIED|YOUTH_TURKEY_SEPARATE_FROM_ADULT_TURKEY|YOUTH_TURKEY_QUOTA_SOURCE_HARD_PERMITS_2026_TOTAL_YOUTH_SET_ASIDE|LOW_APPLICANT_COUNT|PROVEN_YOUTH_TURKEY_SOURCE,MODELED_BONUS,TARGET,True,Modeled by engine.utah_draw_predictive.turkey.,0.000000,0.000000,0.000000,0.000000,YOUTH_TURKEY_SET_ASIDE,PROMOTED_TO_RUNTIME,APPROVED_RUNTIME_PROMOTION_2026_06_29,audits\full_family_runtime_materialized_20260703_025641\outputs\youth_turkey_report.json,audits\full_family_runtime_materialized_20260703_025641\outputs\youth_turkey_report.json,Family promoted after zero-pending runtime reconciliation; non-public/reference rows remain excluded.,
hybrid_ml_v2.1.0,utah_turkey_bonus_v1.0.0,2027,2027,TK1006,Southeastern Region,Turkey,Bearded,Limited Entry,Youth,Nonresident,8,youth_turkey,3,4,,2,,2,1,0,0,0,,0.000000,0.000000,0.000000,0.000,0.000,0.000,0.000,-8,-1,BEHIND,RED,POINT CREEP DEFEAT,"2019,2020,2021,2022,2023,2024,2025",7,2025,2019,predictive,youth_turkey_set_aside_bonus_v1,Any Legal Weapon,YOUTH_TURKEY_SET_ASIDE,YOUTH_TURKEY_SOURCE_CLASSIFIED|YOUTH_TURKEY_15_PERCENT_SET_ASIDE_APPLIED|YOUTH_TURKEY_SEPARATE_FROM_ADULT_TURKEY|YOUTH_TURKEY_QUOTA_SOURCE_HARD_PERMITS_2026_TOTAL_YOUTH_SET_ASIDE|LOW_APPLICANT_COUNT|PROVEN_YOUTH_TURKEY_SOURCE,MODELED_BONUS,TARGET,True,Modeled by engine.utah_draw_predictive.turkey.,0.000000,0.000000,0.000000,0.000000,YOUTH_TURKEY_SET_ASIDE,PROMOTED_TO_RUNTIME,APPROVED_RUNTIME_PROMOTION_2026_06_29,audits\full_family_runtime_materialized_20260703_025641\outputs\youth_turkey_report.json,audits\full_family_runtime_materialized_20260703_025641\outputs\youth_turkey_report.json,Family promoted after zero-pending runtime reconciliation; non-public/reference rows remain excluded.,
hybrid_ml_v2.1.0,utah_turkey_bonus_v1.0.0,2027,2027,TK1006,Southeastern Region,Turkey,Bearded,Limited Entry,Youth,Nonresident,9,youth_turkey,3,4,,2,,2,1,0,0,0,,0.000000,0.000000,0.000000,0.000,0.000,0.000,0.000,-9,-1,BEHIND,RED,POINT CREEP DEFEAT,"2019,2020,2021,2022,2023,2024,2025",7,2025,2019,predictive,youth_turkey_set_aside_bonus_v1,Any Legal Weapon,YOUTH_TURKEY_SET_ASIDE,YOUTH_TURKEY_SOURCE_CLASSIFIED|YOUTH_TURKEY_15_PERCENT_SET_ASIDE_APPLIED|YOUTH_TURKEY_SEPARATE_FROM_ADULT_TURKEY|YOUTH_TURKEY_QUOTA_SOURCE_HARD_PERMITS_2026_TOTAL_YOUTH_SET_ASIDE|LOW_APPLICANT_COUNT|PROVEN_YOUTH_TURKEY_SOURCE,MODELED_BONUS,TARGET,True,Modeled by engine.utah_draw_predictive.turkey.,0.000000,0.000000,0.000000,0.000000,YOUTH_TURKEY_SET_ASIDE,PROMOTED_TO_RUNTIME,APPROVED_RUNTIME_PROMOTION_2026_06_29,audits\full_family_runtime_materialized_20260703_025641\outputs\youth_turkey_report.json,audits\full_family_runtime_materialized_20260703_025641\outputs\youth_turkey_report.json,Family promoted after zero-pending runtime reconciliation; non-public/reference rows remain excluded.,
hybrid_ml_v2.1.0,utah_turkey_bonus_v1.0.0,2027,2027,TK1006,Southeastern Region,Turkey,Bearded,Limited Entry,Youth,Nonresident,10,youth_turkey,3,4,,2,,2,1,0,0,0,,0.000000,0.000000,0.000000,0.000,0.000,0.000,0.000,-10,-1,BEHIND,RED,POINT CREEP DEFEAT,"2019,2020,2021,2022,2023,2024,2025",7,2025,2019,predictive,youth_turkey_set_aside_bonus_v1,Any Legal Weapon,YOUTH_TURKEY_SET_ASIDE,YOUTH_TURKEY_SOURCE_CLASSIFIED|YOUTH_TURKEY_15_PERCENT_SET_ASIDE_APPLIED|YOUTH_TURKEY_SEPARATE_FROM_ADULT_TURKEY|YOUTH_TURKEY_QUOTA_SOURCE_HARD_PERMITS_2026_TOTAL_YOUTH_SET_ASIDE|LOW_APPLICANT_COUNT|PROVEN_YOUTH_TURKEY_SOURCE,MODELED_BONUS,TARGET,True,Modeled by engine.utah_draw_predictive.turkey.,0.000000,0.000000,0.000000,0.000000,YOUTH_TURKEY_SET_ASIDE,PROMOTED_TO_RUNTIME,APPROVED_RUNTIME_PROMOTION_2026_06_29,audits\full_family_runtime_materialized_20260703_025641\outputs\youth_turkey_report.json,audits\full_family_runtime_materialized_20260703_025641\outputs\youth_turkey_report.json,Family promoted after zero-pending runtime reconciliation; non-public/reference rows remain excluded.,
hybrid_ml_v2.1.0,utah_turkey_bonus_v1.0.0,2027,2027,TK1006,Southeastern Region,Turkey,Bearded,Limited Entry,Youth,Nonresident,11,youth_turkey,3,4,,2,,2,1,0,0,0,,0.000000,0.000000,0.000000,0.000,0.000,0.000,0.000,-11,-1,BEHIND,RED,POINT CREEP DEFEAT,"2019,2020,2021,2022,2023,2024,2025",7,2025,2019,predictive,youth_turkey_set_aside_bonus_v1,Any Legal Weapon,YOUTH_TURKEY_SET_ASIDE,YOUTH_TURKEY_SOURCE_CLASSIFIED|YOUTH_TURKEY_15_PERCENT_SET_ASIDE_APPLIED|YOUTH_TURKEY_SEPARATE_FROM_ADULT_TURKEY|YOUTH_TURKEY_QUOTA_SOURCE_HARD_PERMITS_2026_TOTAL_YOUTH_SET_ASIDE|LOW_APPLICANT_COUNT|PROVEN_YOUTH_TURKEY_SOURCE,MODELED_BONUS,TARGET,True,Modeled by engine.utah_draw_predictive.turkey.,0.000000,0.000000,0.000000,0.000000,YOUTH_TURKEY_SET_ASIDE,PROMOTED_TO_RUNTIME,APPROVED_RUNTIME_PROMOTION_2026_06_29,audits\full_family_runtime_materialized_20260703_025641\outputs\youth_turkey_report.json,audits\full_family_runtime_materialized_20260703_025641\outputs\youth_turkey_report.json,Family promoted after zero-pending runtime reconciliation; non-public/reference rows remain excluded.,
hybrid_ml_v2.1.0,utah_turkey_bonus_v1.0.0,2027,2027,TK1006,Southeastern Region,Turkey,Bearded,Limited Entry,Youth,Nonresident,12,youth_turkey,3,4,,2,,2,1,0,0,0,,0.000000,0.000000,0.000000,0.000,0.000,0.000,0.000,-12,-1,BEHIND,RED,POINT CREEP DEFEAT,"2019,2020,2021,2022,2023,2024,2025",7,2025,2019,predictive,youth_turkey_set_aside_bonus_v1,Any Legal Weapon,YOUTH_TURKEY_SET_ASIDE,YOUTH_TURKEY_SOURCE_CLASSIFIED|YOUTH_TURKEY_15_PERCENT_SET_ASIDE_APPLIED|YOUTH_TURKEY_SEPARATE_FROM_ADULT_TURKEY|YOUTH_TURKEY_QUOTA_SOURCE_HARD_PERMITS_2026_TOTAL_YOUTH_SET_ASIDE|LOW_APPLICANT_COUNT|PROVEN_YOUTH_TURKEY_SOURCE,MODELED_BONUS,TARGET,True,Modeled by engine.utah_draw_predictive.turkey.,0.000000,0.000000,0.000000,0.000000,YOUTH_TURKEY_SET_ASIDE,PROMOTED_TO_RUNTIME,APPROVED_RUNTIME_PROMOTION_2026_06_29,audits\full_family_runtime_materialized_20260703_025641\outputs\youth_turkey_report.json,audits\full_family_runtime_materialized_20260703_025641\outputs\youth_turkey_report.json,Family promoted after zero-pending runtime reconciliation; non-public/reference rows remain excluded.,
hybrid_ml_v2.1.0,utah_turkey_bonus_v1.0.0,2027,2027,TK1006,Southeastern Region,Turkey,Bearded,Limited Entry,Youth,Nonresident,13,youth_turkey,3,4,,2,,2,1,0,0,0,,0.000000,0.000000,0.000000,0.000,0.000,0.000,0.000,-13,-1,BEHIND,RED,POINT CREEP DEFEAT,"2019,2020,2021,2022,2023,2024,2025",7,2025,2019,predictive,youth_turkey_set_aside_bonus_v1,Any Legal Weapon,YOUTH_TURKEY_SET_ASIDE,YOUTH_TURKEY_SOURCE_CLASSIFIED|YOUTH_TURKEY_15_PERCENT_SET_ASIDE_APPLIED|YOUTH_TURKEY_SEPARATE_FROM_ADULT_TURKEY|YOUTH_TURKEY_QUOTA_SOURCE_HARD_PERMITS_2026_TOTAL_YOUTH_SET_ASIDE|LOW_APPLICANT_COUNT|PROVEN_YOUTH_TURKEY_SOURCE,MODELED_BONUS,TARGET,True,Modeled by engine.utah_draw_predictive.turkey.,0.000000,0.000000,0.000000,0.000000,YOUTH_TURKEY_SET_ASIDE,PROMOTED_TO_RUNTIME,APPROVED_RUNTIME_PROMOTION_2026_06_29,audits\full_family_runtime_materialized_20260703_025641\outputs\youth_turkey_report.json,audits\full_family_runtime_materialized_20260703_025641\outputs\youth_turkey_report.json,Family promoted after zero-pending runtime reconciliation; non-public/reference rows remain excluded.,
hybrid_ml_v2.1.0,utah_turkey_bonus_v1.0.0,2027,2027,TK1006,Southeastern Region,Turkey,Bearded,Limited Entry,Youth,Nonresident,14,youth_turkey,3,4,,2,,2,1,0,0,0,,0.000000,0.000000,0.000000,0.000,0.000,0.000,0.000,-14,-1,BEHIND,RED,POINT CREEP DEFEAT,"2019,2020,2021,2022,2023,2024,2025",7,2025,2019,predictive,youth_turkey_set_aside_bonus_v1,Any Legal Weapon,YOUTH_TURKEY_SET_ASIDE,YOUTH_TURKEY_SOURCE_CLASSIFIED|YOUTH_TURKEY_15_PERCENT_SET_ASIDE_APPLIED|YOUTH_TURKEY_SEPARATE_FROM_ADULT_TURKEY|YOUTH_TURKEY_QUOTA_SOURCE_HARD_PERMITS_2026_TOTAL_YOUTH_SET_ASIDE|LOW_APPLICANT_COUNT|PROVEN_YOUTH_TURKEY_SOURCE,MODELED_BONUS,TARGET,True,Modeled by engine.utah_draw_predictive.turkey.,0.000000,0.000000,0.000000,0.000000,YOUTH_TURKEY_SET_ASIDE,PROMOTED_TO_RUNTIME,APPROVED_RUNTIME_PROMOTION_2026_06_29,audits\full_family_runtime_materialized_20260703_025641\outputs\youth_turkey_report.json,audits\full_family_runtime_materialized_20260703_025641\outputs\youth_turkey_report.json,Family promoted after zero-pending runtime reconciliation; non-public/reference rows remain excluded.,
hybrid_ml_v2.1.0,utah_turkey_bonus_v1.0.0,2027,2027,TK1006,Southeastern Region,Turkey,Bearded,Limited Entry,Youth,Nonresident,15,youth_turkey,3,4,,2,,2,1,0,0,0,,0.000000,0.000000,0.000000,0.000,0.000,0.000,0.000,-15,-1,BEHIND,RED,POINT CREEP DEFEAT,"2019,2020,2021,2022,2023,2024,2025",7,2025,2019,predictive,youth_turkey_set_aside_bonus_v1,Any Legal Weapon,YOUTH_TURKEY_SET_ASIDE,YOUTH_TURKEY_SOURCE_CLASSIFIED|YOUTH_TURKEY_15_PERCENT_SET_ASIDE_APPLIED|YOUTH_TURKEY_SEPARATE_FROM_ADULT_TURKEY|YOUTH_TURKEY_QUOTA_SOURCE_HARD_PERMITS_2026_TOTAL_YOUTH_SET_ASIDE|LOW_APPLICANT_COUNT|PROVEN_YOUTH_TURKEY_SOURCE,MODELED_BONUS,TARGET,True,Modeled by engine.utah_draw_predictive.turkey.,0.000000,0.000000,0.000000,0.000000,YOUTH_TURKEY_SET_ASIDE,PROMOTED_TO_RUNTIME,APPROVED_RUNTIME_PROMOTION_2026_06_29,audits\full_family_runtime_materialized_20260703_025641\outputs\youth_turkey_report.json,audits\full_family_runtime_materialized_20260703_025641\outputs\youth_turkey_report.json,Family promoted after zero-pending runtime reconciliation; non-public/reference rows remain excluded.,
hybrid_ml_v2.1.0,utah_turkey_bonus_v1.0.0,2027,2027,TK1006,Southeastern Region,Turkey,Bearded,Limited Entry,Youth,Nonresident,16,youth_turkey,3,4,,2,,2,1,0,0,0,,0.000000,0.000000,0.000000,0.000,0.000,0.000,0.000,-16,-1,BEHIND,RED,POINT CREEP DEFEAT,"2019,2020,2021,2022,2023,2024,2025",7,2025,2019,predictive,youth_turkey_set_aside_bonus_v1,Any Legal Weapon,YOUTH_TURKEY_SET_ASIDE,YOUTH_TURKEY_SOURCE_CLASSIFIED|YOUTH_TURKEY_15_PERCENT_SET_ASIDE_APPLIED|YOUTH_TURKEY_SEPARATE_FROM_ADULT_TURKEY|YOUTH_TURKEY_QUOTA_SOURCE_HARD_PERMITS_2026_TOTAL_YOUTH_SET_ASIDE|LOW_APPLICANT_COUNT|PROVEN_YOUTH_TURKEY_SOURCE,MODELED_BONUS,TARGET,True,Modeled by engine.utah_draw_predictive.turkey.,0.000000,0.000000,0.000000,0.000000,YOUTH_TURKEY_SET_ASIDE,PROMOTED_TO_RUNTIME,APPROVED_RUNTIME_PROMOTION_2026_06_29,audits\full_family_runtime_materialized_20260703_025641\outputs\youth_turkey_report.json,audits\full_family_runtime_materialized_20260703_025641\outputs\youth_turkey_report.json,Family promoted after zero-pending runtime reconciliation; non-public/reference rows remain excluded.,
hybrid_ml_v2.1.0,utah_turkey_bonus_v1.0.0,2027,2027,TK1006,Southeastern Region,Turkey,Bearded,Limited Entry,Youth,Nonresident,17,youth_turkey,3,4,,2,,2,1,0,0,0,,0.000000,0.000000,0.000000,0.000,0.000,0.000,0.000,-17,-1,BEHIND,RED,POINT CREEP DEFEAT,"2019,2020,2021,2022,2023,2024,2025",7,2025,2019,predictive,youth_turkey_set_aside_bonus_v1,Any Legal Weapon,YOUTH_TURKEY_SET_ASIDE,YOUTH_TURKEY_SOURCE_CLASSIFIED|YOUTH_TURKEY_15_PERCENT_SET_ASIDE_APPLIED|YOUTH_TURKEY_SEPARATE_FROM_ADULT_TURKEY|YOUTH_TURKEY_QUOTA_SOURCE_HARD_PERMITS_2026_TOTAL_YOUTH_SET_ASIDE|LOW_APPLICANT_COUNT|PROVEN_YOUTH_TURKEY_SOURCE,MODELED_BONUS,TARGET,True,Modeled by engine.utah_draw_predictive.turkey.,0.000000,0.000000,0.000000,0.000000,YOUTH_TURKEY_SET_ASIDE,PROMOTED_TO_RUNTIME,APPROVED_RUNTIME_PROMOTION_2026_06_29,audits\full_family_runtime_materialized_20260703_025641\outputs\youth_turkey_report.json,audits\full_family_runtime_materialized_20260703_025641\outputs\youth_turkey_report.json,Family promoted after zero-pending runtime reconciliation; non-public/reference rows remain excluded.,
hybrid_ml_v2.1.0,utah_turkey_bonus_v1.0.0,2027,2027,TK1006,Southeastern Region,Turkey,Bearded,Limited Entry,Youth,Nonresident,18,youth_turkey,3,4,,2,,2,1,0,0,0,,0.000000,0.000000,0.000000,0.000,0.000,0.000,0.000,-18,-1,BEHIND,RED,POINT CREEP DEFEAT,"2019,2020,2021,2022,2023,2024,2025",7,2025,2019,predictive,youth_turkey_set_aside_bonus_v1,Any Legal Weapon,YOUTH_TURKEY_SET_ASIDE,YOUTH_TURKEY_SOURCE_CLASSIFIED|YOUTH_TURKEY_15_PERCENT_SET_ASIDE_APPLIED|YOUTH_TURKEY_SEPARATE_FROM_ADULT_TURKEY|YOUTH_TURKEY_QUOTA_SOURCE_HARD_PERMITS_2026_TOTAL_YOUTH_SET_ASIDE|LOW_APPLICANT_COUNT|PROVEN_YOUTH_TURKEY_SOURCE,MODELED_BONUS,TARGET,True,Modeled by engine.utah_draw_predictive.turkey.,0.000000,0.000000,0.000000,0.000000,YOUTH_TURKEY_SET_ASIDE,PROMOTED_TO_RUNTIME,APPROVED_RUNTIME_PROMOTION_2026_06_29,audits\full_family_runtime_materialized_20260703_025641\outputs\youth_turkey_report.json,audits\full_family_runtime_materialized_20260703_025641\outputs\youth_turkey_report.json,Family promoted after zero-pending runtime reconciliation; non-public/reference rows remain excluded.,
hybrid_ml_v2.1.0,utah_turkey_bonus_v1.0.0,2027,2027,TK1006,Southeastern Region,Turkey,Bearded,Limited Entry,Youth,Nonresident,19,youth_turkey,3,4,,2,,2,1,0,0,0,,0.000000,0.000000,0.000000,0.000,0.000,0.000,0.000,-19,-1,BEHIND,RED,POINT CREEP DEFEAT,"2019,2020,2021,2022,2023,2024,2025",7,2025,2019,predictive,youth_turkey_set_aside_bonus_v1,Any Legal Weapon,YOUTH_TURKEY_SET_ASIDE,YOUTH_TURKEY_SOURCE_CLASSIFIED|YOUTH_TURKEY_15_PERCENT_SET_ASIDE_APPLIED|YOUTH_TURKEY_SEPARATE_FROM_ADULT_TURKEY|YOUTH_TURKEY_QUOTA_SOURCE_HARD_PERMITS_2026_TOTAL_YOUTH_SET_ASIDE|LOW_APPLICANT_COUNT|PROVEN_YOUTH_TURKEY_SOURCE,MODELED_BONUS,TARGET,True,Modeled by engine.utah_draw_predictive.turkey.,0.000000,0.000000,0.000000,0.000000,YOUTH_TURKEY_SET_ASIDE,PROMOTED_TO_RUNTIME,APPROVED_RUNTIME_PROMOTION_2026_06_29,audits\full_family_runtime_materialized_20260703_025641\outputs\youth_turkey_report.json,audits\full_family_runtime_materialized_20260703_025641\outputs\youth_turkey_report.json,Family promoted after zero-pending runtime reconciliation; non-public/reference rows remain excluded.,
hybrid_ml_v2.1.0,utah_turkey_bonus_v1.0.0,2027,2027,TK1006,Southeastern Region,Turkey,Bearded,Limited Entry,Youth,Nonresident,20,youth_turkey,3,4,,2,,2,1,0,0,0,,0.000000,0.000000,0.000000,0.000,0.000,0.000,0.000,-20,-1,BEHIND,RED,POINT CREEP DEFEAT,"2019,2020,2021,2022,2023,2024,2025",7,2025,2019,predictive,youth_turkey_set_aside_bonus_v1,Any Legal Weapon,YOUTH_TURKEY_SET_ASIDE,YOUTH_TURKEY_SOURCE_CLASSIFIED|YOUTH_TURKEY_15_PERCENT_SET_ASIDE_APPLIED|YOUTH_TURKEY_SEPARATE_FROM_ADULT_TURKEY|YOUTH_TURKEY_QUOTA_SOURCE_HARD_PERMITS_2026_TOTAL_YOUTH_SET_ASIDE|LOW_APPLICANT_COUNT|PROVEN_YOUTH_TURKEY_SOURCE,MODELED_BONUS,TARGET,True,Modeled by engine.utah_draw_predictive.turkey.,0.000000,0.000000,0.000000,0.000000,YOUTH_TURKEY_SET_ASIDE,PROMOTED_TO_RUNTIME,APPROVED_RUNTIME_PROMOTION_2026_06_29,audits\full_family_runtime_materialized_20260703_025641\outputs\youth_turkey_report.json,audits\full_family_runtime_materialized_20260703_025641\outputs\youth_turkey_report.json,Family promoted after zero-pending runtime reconciliation; non-public/reference rows remain excluded.,
hybrid_ml_v2.1.0,utah_turkey_bonus_v1.0.0,2027,2027,TK1006,Southeastern Region,Turkey,Bearded,Limited Entry,Youth,Nonresident,21,youth_turkey,3,4,,2,,2,1,0,0,0,,0.000000,0.000000,0.000000,0.000,0.000,0.000,0.000,-21,-1,BEHIND,RED,POINT CREEP DEFEAT,"2019,2020,2021,2022,2023,2024,2025",7,2025,2019,predictive,youth_turkey_set_aside_bonus_v1,Any Legal Weapon,YOUTH_TURKEY_SET_ASIDE,YOUTH_TURKEY_SOURCE_CLASSIFIED|YOUTH_TURKEY_15_PERCENT_SET_ASIDE_APPLIED|YOUTH_TURKEY_SEPARATE_FROM_ADULT_TURKEY|YOUTH_TURKEY_QUOTA_SOURCE_HARD_PERMITS_2026_TOTAL_YOUTH_SET_ASIDE|LOW_APPLICANT_COUNT|PROVEN_YOUTH_TURKEY_SOURCE,MODELED_BONUS,TARGET,True,Modeled by engine.utah_draw_predictive.turkey.,0.000000,0.000000,0.000000,0.000000,YOUTH_TURKEY_SET_ASIDE,PROMOTED_TO_RUNTIME,APPROVED_RUNTIME_PROMOTION_2026_06_29,audits\full_family_runtime_materialized_20260703_025641\outputs\youth_turkey_report.json,audits\full_family_runtime_materialized_20260703_025641\outputs\youth_turkey_report.json,Family promoted after zero-pending runtime reconciliation; non-public/reference rows remain excluded.,
hybrid_ml_v2.1.0,utah_turkey_bonus_v1.0.0,2027,2027,TK1006,Southeastern Region,Turkey,Bearded,Limited Entry,Youth,Nonresident,22,youth_turkey,3,4,,2,,2,1,0,0,0,,0.000000,0.000000,0.000000,0.000,0.000,0.000,0.000,-22,-1,BEHIND,RED,POINT CREEP DEFEAT,"2019,2020,2021,2022,2023,2024,2025",7,2025,2019,predictive,youth_turkey_set_aside_bonus_v1,Any Legal Weapon,YOUTH_TURKEY_SET_ASIDE,YOUTH_TURKEY_SOURCE_CLASSIFIED|YOUTH_TURKEY_15_PERCENT_SET_ASIDE_APPLIED|YOUTH_TURKEY_SEPARATE_FROM_ADULT_TURKEY|YOUTH_TURKEY_QUOTA_SOURCE_HARD_PERMITS_2026_TOTAL_YOUTH_SET_ASIDE|LOW_APPLICANT_COUNT|PROVEN_YOUTH_TURKEY_SOURCE,MODELED_BONUS,TARGET,True,Modeled by engine.utah_draw_predictive.turkey.,0.000000,0.000000,0.000000,0.000000,YOUTH_TURKEY_SET_ASIDE,PROMOTED_TO_RUNTIME,APPROVED_RUNTIME_PROMOTION_2026_06_29,audits\full_family_runtime_materialized_20260703_025641\outputs\youth_turkey_report.json,audits\full_family_runtime_materialized_20260703_025641\outputs\youth_turkey_report.json,Family promoted after zero-pending runtime reconciliation; non-public/reference rows remain excluded.,
hybrid_ml_v2.1.0,utah_turkey_bonus_v1.0.0,2027,2027,TK1006,Southeastern Region,Turkey,Bearded,Limited Entry,Youth,Nonresident,23,youth_turkey,3,4,,2,,2,1,0,0,0,,0.000000,0.000000,0.000000,0.000,0.000,0.000,0.000,-23,-1,BEHIND,RED,POINT CREEP DEFEAT,"2019,2020,2021,2022,2023,2024,2025",7,2025,2019,predictive,youth_turkey_set_aside_bonus_v1,Any Legal Weapon,YOUTH_TURKEY_SET_ASIDE,YOUTH_TURKEY_SOURCE_CLASSIFIED|YOUTH_TURKEY_15_PERCENT_SET_ASIDE_APPLIED|YOUTH_TURKEY_SEPARATE_FROM_ADULT_TURKEY|YOUTH_TURKEY_QUOTA_SOURCE_HARD_PERMITS_2026_TOTAL_YOUTH_SET_ASIDE|LOW_APPLICANT_COUNT|PROVEN_YOUTH_TURKEY_SOURCE,MODELED_BONUS,TARGET,True,Modeled by engine.utah_draw_predictive.turkey.,0.000000,0.000000,0.000000,0.000000,YOUTH_TURKEY_SET_ASIDE,PROMOTED_TO_RUNTIME,APPROVED_RUNTIME_PROMOTION_2026_06_29,audits\full_family_runtime_materialized_20260703_025641\outputs\youth_turkey_report.json,audits\full_family_runtime_materialized_20260703_025641\outputs\youth_turkey_report.json,Family promoted after zero-pending runtime reconciliation; non-public/reference rows remain excluded.,
hybrid_ml_v2.1.0,utah_turkey_bonus_v1.0.0,2027,2027,TK1006,Southeastern Region,Turkey,Bearded,Limited Entry,Youth,Resident,0,youth_turkey,27,33,,17,,16,2,2,34,47,,0.000000,0.998869,0.998869,0.000,99.887,99.887,99.887,2,0,BEHIND,YELLOW,GREEN LIGHT,"2019,2020,2021,2022,2023,2024,2025",7,2025,2019,predictive,youth_turkey_set_aside_bonus_v1,Any Legal Weapon,YOUTH_TURKEY_SET_ASIDE,YOUTH_TURKEY_SOURCE_CLASSIFIED|YOUTH_TURKEY_15_PERCENT_SET_ASIDE_APPLIED|YOUTH_TURKEY_SEPARATE_FROM_ADULT_TURKEY|YOUTH_TURKEY_QUOTA_SOURCE_HARD_PERMITS_2026_TOTAL_YOUTH_SET_ASIDE|PROVEN_YOUTH_TURKEY_SOURCE,MODELED_BONUS,TARGET,True,Modeled by engine.utah_draw_predictive.turkey.,0.998869,0.998869,0.998869,0.998869,YOUTH_TURKEY_SET_ASIDE,PROMOTED_TO_RUNTIME,APPROVED_RUNTIME_PROMOTION_2026_06_29,audits\full_family_runtime_materialized_20260703_025641\outputs\youth_turkey_report.json,audits\full_family_runtime_materialized_20260703_025641\outputs\youth_turkey_report.json,Family promoted after zero-pending runtime reconciliation; non-public/reference rows remain excluded.,~1 in 1.0 or 99.9%
hybrid_ml_v2.1.0,utah_turkey_bonus_v1.0.0,2027,2027,TK1006,Southeastern Region,Turkey,Bearded,Limited Entry,Youth,Resident,1,youth_turkey,27,33,,17,,16,2,2,17,17,,0.000000,0.989977,0.989977,0.000,98.998,98.998,98.998,1,0,BEHIND,YELLOW,GREEN LIGHT,"2019,2020,2021,2022,2023,2024,2025",7,2025,2019,predictive,youth_turkey_set_aside_bonus_v1,Any Legal Weapon,YOUTH_TURKEY_SET_ASIDE,YOUTH_TURKEY_SOURCE_CLASSIFIED|YOUTH_TURKEY_15_PERCENT_SET_ASIDE_APPLIED|YOUTH_TURKEY_SEPARATE_FROM_ADULT_TURKEY|YOUTH_TURKEY_QUOTA_SOURCE_HARD_PERMITS_2026_TOTAL_YOUTH_SET_ASIDE|PROVEN_YOUTH_TURKEY_SOURCE,MODELED_BONUS,TARGET,True,Modeled by engine.utah_draw_predictive.turkey.,0.989977,0.989977,0.989977,0.989977,YOUTH_TURKEY_SET_ASIDE,PROMOTED_TO_RUNTIME,APPROVED_RUNTIME_PROMOTION_2026_06_29,audits\full_family_runtime_materialized_20260703_025641\outputs\youth_turkey_report.json,audits\full_family_runtime_materialized_20260703_025641\outputs\youth_turkey_report.json,Family promoted after zero-pending runtime reconciliation; non-public/reference rows remain excluded.,~1 in 1.0 or 99.0%
hybrid_ml_v2.1.0,utah_turkey_bonus_v1.0.0,2027,2027,TK1006,Southeastern Region,Turkey,Bearded,Limited Entry,Youth,Resident,2,youth_turkey,27,33,,17,,16,2,2,4,13,,1.000000,0.995515,1.000000,100.000,99.552,100.000,99.552,0,0,MAX POOL,YELLOW,GREEN LIGHT,"2019,2020,2021,2022,2023,2024,2025",7,2025,2019,predictive,youth_turkey_set_aside_bonus_v1,Any Legal Weapon,YOUTH_TURKEY_SET_ASIDE,YOUTH_TURKEY_SOURCE_CLASSIFIED|YOUTH_TURKEY_15_PERCENT_SET_ASIDE_APPLIED|YOUTH_TURKEY_SEPARATE_FROM_ADULT_TURKEY|YOUTH_TURKEY_QUOTA_SOURCE_HARD_PERMITS_2026_TOTAL_YOUTH_SET_ASIDE|PROVEN_YOUTH_TURKEY_SOURCE,MODELED_BONUS,TARGET,True,Modeled by engine.utah_draw_predictive.turkey.,1.000000,1.000000,1.000000,1.000000,YOUTH_TURKEY_SET_ASIDE,PROMOTED_TO_RUNTIME,APPROVED_RUNTIME_PROMOTION_2026_06_29,audits\full_family_runtime_materialized_20260703_025641\outputs\youth_turkey_report.json,audits\full_family_runtime_materialized_20260703_025641\outputs\youth_turkey_report.json,Family promoted after zero-pending runtime reconciliation; non-public/reference rows remain excluded.,~1 in 1.0 or 100.0%
hybrid_ml_v2.1.0,utah_turkey_bonus_v1.0.0,2027,2027,TK1006,Southeastern Region,Turkey,Bearded,Limited Entry,Youth,Resident,3,youth_turkey,27,33,,17,,16,2,2,0,4,,1.000000,0.865018,1.000000,100.000,86.502,100.000,86.502,-1,0,MAX POOL,YELLOW,GREEN LIGHT,"2019,2020,2021,2022,2023,2024,2025",7,2025,2019,predictive,youth_turkey_set_aside_bonus_v1,Any Legal Weapon,YOUTH_TURKEY_SET_ASIDE,YOUTH_TURKEY_SOURCE_CLASSIFIED|YOUTH_TURKEY_15_PERCENT_SET_ASIDE_APPLIED|YOUTH_TURKEY_SEPARATE_FROM_ADULT_TURKEY|YOUTH_TURKEY_QUOTA_SOURCE_HARD_PERMITS_2026_TOTAL_YOUTH_SET_ASIDE|PROVEN_YOUTH_TURKEY_SOURCE,MODELED_BONUS,TARGET,True,Modeled by engine.utah_draw_predictive.turkey.,1.000000,1.000000,1.000000,1.000000,YOUTH_TURKEY_SET_ASIDE,PROMOTED_TO_RUNTIME,APPROVED_RUNTIME_PROMOTION_2026_06_29,audits\full_family_runtime_materialized_20260703_025641\outputs\youth_turkey_report.json,audits\full_family_runtime_materialized_20260703_025641\outputs\youth_turkey_report.json,Family promoted after zero-pending runtime reconciliation; non-public/reference rows remain excluded.,~1 in 1.0 or 100.0%
hybrid_ml_v2.1.0,utah_turkey_bonus_v1.0.0,2027,2027,TK1006,Southeastern Region,Turkey,Bearded,Limited Entry,Youth,Resident,4,youth_turkey,27,33,,17,,16,2,2,0,0,,0.000000,0.000000,0.000000,0.000,0.000,0.000,0.000,-2,0,BEHIND,YELLOW,POINT CREEP DEFEAT,"2019,2020,2021,2022,2023,2024,2025",7,2025,2019,predictive,youth_turkey_set_aside_bonus_v1,Any Legal Weapon,YOUTH_TURKEY_SET_ASIDE,YOUTH_TURKEY_SOURCE_CLASSIFIED|YOUTH_TURKEY_15_PERCENT_SET_ASIDE_APPLIED|YOUTH_TURKEY_SEPARATE_FROM_ADULT_TURKEY|YOUTH_TURKEY_QUOTA_SOURCE_HARD_PERMITS_2026_TOTAL_YOUTH_SET_ASIDE|PROVEN_YOUTH_TURKEY_SOURCE,MODELED_BONUS,TARGET,True,Modeled by engine.utah_draw_predictive.turkey.,0.000000,0.000000,0.000000,0.000000,YOUTH_TURKEY_SET_ASIDE,PROMOTED_TO_RUNTIME,APPROVED_RUNTIME_PROMOTION_2026_06_29,audits\full_family_runtime_materialized_20260703_025641\outputs\youth_turkey_report.json,audits\full_family_runtime_materialized_20260703_025641\outputs\youth_turkey_report.json,Family promoted after zero-pending runtime reconciliation; non-public/reference rows remain excluded.,
hybrid_ml_v2.1.0,utah_turkey_bonus_v1.0.0,2027,2027,TK1006,Southeastern Region,Turkey,Bearded,Limited Entry,Youth,Resident,5,youth_turkey,27,33,,17,,16,2,2,0,0,,0.000000,0.000000,0.000000,0.000,0.000,0.000,0.000,-3,0,BEHIND,YELLOW,POINT CREEP DEFEAT,"2019,2020,2021,2022,2023,2024,2025",7,2025,2019,predictive,youth_turkey_set_aside_bonus_v1,Any Legal Weapon,YOUTH_TURKEY_SET_ASIDE,YOUTH_TURKEY_SOURCE_CLASSIFIED|YOUTH_TURKEY_15_PERCENT_SET_ASIDE_APPLIED|YOUTH_TURKEY_SEPARATE_FROM_ADULT_TURKEY|YOUTH_TURKEY_QUOTA_SOURCE_HARD_PERMITS_2026_TOTAL_YOUTH_SET_ASIDE|PROVEN_YOUTH_TURKEY_SOURCE,MODELED_BONUS,TARGET,True,Modeled by engine.utah_draw_predictive.turkey.,0.000000,0.000000,0.000000,0.000000,YOUTH_TURKEY_SET_ASIDE,PROMOTED_TO_RUNTIME,APPROVED_RUNTIME_PROMOTION_2026_06_29,audits\full_family_runtime_materialized_20260703_025641\outputs\youth_turkey_report.json,audits\full_family_runtime_materialized_20260703_025641\outputs\youth_turkey_report.json,Family promoted after zero-pending runtime reconciliation; non-public/reference rows remain excluded.,
hybrid_ml_v2.1.0,utah_turkey_bonus_v1.0.0,2027,2027,TK1006,Southeastern Region,Turkey,Bearded,Limited Entry,Youth,Resident,6,youth_turkey,27,33,,17,,16,2,2,0,0,,0.000000,0.000000,0.000000,0.000,0.000,0.000,0.000,-4,0,BEHIND,YELLOW,POINT CREEP DEFEAT,"2019,2020,2021,2022,2023,2024,2025",7,2025,2019,predictive,youth_turkey_set_aside_bonus_v1,Any Legal Weapon,YOUTH_TURKEY_SET_ASIDE,YOUTH_TURKEY_SOURCE_CLASSIFIED|YOUTH_TURKEY_15_PERCENT_SET_ASIDE_APPLIED|YOUTH_TURKEY_SEPARATE_FROM_ADULT_TURKEY|YOUTH_TURKEY_QUOTA_SOURCE_HARD_PERMITS_2026_TOTAL_YOUTH_SET_ASIDE|PROVEN_YOUTH_TURKEY_SOURCE,MODELED_BONUS,TARGET,True,Modeled by engine.utah_draw_predictive.turkey.,0.000000,0.000000,0.000000,0.000000,YOUTH_TURKEY_SET_ASIDE,PROMOTED_TO_RUNTIME,APPROVED_RUNTIME_PROMOTION_2026_06_29,audits\full_family_runtime_materialized_20260703_025641\outputs\youth_turkey_report.json,audits\full_family_runtime_materialized_20260703_025641\outputs\youth_turkey_report.json,Family promoted after zero-pending runtime reconciliation; non-public/reference rows remain excluded.,
hybrid_ml_v2.1.0,utah_turkey_bonus_v1.0.0,2027,2027,TK1006,Southeastern Region,Turkey,Bearded,Limited Entry,Youth,Resident,7,youth_turkey,27,33,,17,,16,2,2,0,0,,0.000000,0.000000,0.000000,0.000,0.000,0.000,0.000,-5,0,BEHIND,YELLOW,POINT CREEP DEFEAT,"2019,2020,2021,2022,2023,2024,2025",7,2025,2019,predictive,youth_turkey_set_aside_bonus_v1,Any Legal Weapon,YOUTH_TURKEY_SET_ASIDE,YOUTH_TURKEY_SOURCE_CLASSIFIED|YOUTH_TURKEY_15_PERCENT_SET_ASIDE_APPLIED|YOUTH_TURKEY_SEPARATE_FROM_ADULT_TURKEY|YOUTH_TURKEY_QUOTA_SOURCE_HARD_PERMITS_2026_TOTAL_YOUTH_SET_ASIDE|PROVEN_YOUTH_TURKEY_SOURCE,MODELED_BONUS,TARGET,True,Modeled by engine.utah_draw_predictive.turkey.,0.000000,0.000000,0.000000,0.000000,YOUTH_TURKEY_SET_ASIDE,PROMOTED_TO_RUNTIME,APPROVED_RUNTIME_PROMOTION_2026_06_29,audits\full_family_runtime_materialized_20260703_025641\outputs\youth_turkey_report.json,audits\full_family_runtime_materialized_20260703_025641\outputs\youth_turkey_report.json,Family promoted after zero-pending runtime reconciliation; non-public/reference rows remain excluded.,
hybrid_ml_v2.1.0,utah_turkey_bonus_v1.0.0,2027,2027,TK1006,Southeastern Region,Turkey,Bearded,Limited Entry,Youth,Resident,8,youth_turkey,27,33,,17,,16,2,2,0,0,,0.000000,0.000000,0.000000,0.000,0.000,0.000,0.000,-6,0,BEHIND,YELLOW,POINT CREEP DEFEAT,"2019,2020,2021,2022,2023,2024,2025",7,2025,2019,predictive,youth_turkey_set_aside_bonus_v1,Any Legal Weapon,YOUTH_TURKEY_SET_ASIDE,YOUTH_TURKEY_SOURCE_CLASSIFIED|YOUTH_TURKEY_15_PERCENT_SET_ASIDE_APPLIED|YOUTH_TURKEY_SEPARATE_FROM_ADULT_TURKEY|YOUTH_TURKEY_QUOTA_SOURCE_HARD_PERMITS_2026_TOTAL_YOUTH_SET_ASIDE|PROVEN_YOUTH_TURKEY_SOURCE,MODELED_BONUS,TARGET,True,Modeled by engine.utah_draw_predictive.turkey.,0.000000,0.000000,0.000000,0.000000,YOUTH_TURKEY_SET_ASIDE,PROMOTED_TO_RUNTIME,APPROVED_RUNTIME_PROMOTION_2026_06_29,audits\full_family_runtime_materialized_20260703_025641\outputs\youth_turkey_report.json,audits\full_family_runtime_materialized_20260703_025641\outputs\youth_turkey_report.json,Family promoted after zero-pending runtime reconciliation; non-public/reference rows remain excluded.,
hybrid_ml_v2.1.0,utah_turkey_bonus_v1.0.0,2027,2027,TK1006,Southeastern Region,Turkey,Bearded,Limited Entry,Youth,Resident,9,youth_turkey,27,33,,17,,16,2,2,0,0,,0.000000,0.000000,0.000000,0.000,0.000,0.000,0.000,-7,0,BEHIND,YELLOW,POINT CREEP DEFEAT,"2019,2020,2021,2022,2023,2024,2025",7,2025,2019,predictive,youth_turkey_set_aside_bonus_v1,Any Legal Weapon,YOUTH_TURKEY_SET_ASIDE,YOUTH_TURKEY_SOURCE_CLASSIFIED|YOUTH_TURKEY_15_PERCENT_SET_ASIDE_APPLIED|YOUTH_TURKEY_SEPARATE_FROM_ADULT_TURKEY|YOUTH_TURKEY_QUOTA_SOURCE_HARD_PERMITS_2026_TOTAL_YOUTH_SET_ASIDE|PROVEN_YOUTH_TURKEY_SOURCE,MODELED_BONUS,TARGET,True,Modeled by engine.utah_draw_predictive.turkey.,0.000000,0.000000,0.000000,0.000000,YOUTH_TURKEY_SET_ASIDE,PROMOTED_TO_RUNTIME,APPROVED_RUNTIME_PROMOTION_2026_06_29,audits\full_family_runtime_materialized_20260703_025641\outputs\youth_turkey_report.json,audits\full_family_runtime_materialized_20260703_025641\outputs\youth_turkey_report.json,Family promoted after zero-pending runtime reconciliation; non-public/reference rows remain excluded.,
hybrid_ml_v2.1.0,utah_turkey_bonus_v1.0.0,2027,2027,TK1006,Southeastern Region,Turkey,Bearded,Limited Entry,Youth,Resident,10,youth_turkey,27,33,,17,,16,2,2,0,0,,0.000000,0.000000,0.000000,0.000,0.000,0.000,0.000,-8,0,BEHIND,YELLOW,POINT CREEP DEFEAT,"2019,2020,2021,2022,2023,2024,2025",7,2025,2019,predictive,youth_turkey_set_aside_bonus_v1,Any Legal Weapon,YOUTH_TURKEY_SET_ASIDE,YOUTH_TURKEY_SOURCE_CLASSIFIED|YOUTH_TURKEY_15_PERCENT_SET_ASIDE_APPLIED|YOUTH_TURKEY_SEPARATE_FROM_ADULT_TURKEY|YOUTH_TURKEY_QUOTA_SOURCE_HARD_PERMITS_2026_TOTAL_YOUTH_SET_ASIDE|PROVEN_YOUTH_TURKEY_SOURCE,MODELED_BONUS,TARGET,True,Modeled by engine.utah_draw_predictive.turkey.,0.000000,0.000000,0.000000,0.000000,YOUTH_TURKEY_SET_ASIDE,PROMOTED_TO_RUNTIME,APPROVED_RUNTIME_PROMOTION_2026_06_29,audits\full_family_runtime_materialized_20260703_025641\outputs\youth_turkey_report.json,audits\full_family_runtime_materialized_20260703_025641\outputs\youth_turkey_report.json,Family promoted after zero-pending runtime reconciliation; non-public/reference rows remain excluded.,
hybrid_ml_v2.1.0,utah_turkey_bonus_v1.0.0,2027,2027,TK1006,Southeastern Region,Turkey,Bearded,Limited Entry,Youth,Resident,11,youth_turkey,27,33,,17,,16,2,2,0,0,,0.000000,0.000000,0.000000,0.000,0.000,0.000,0.000,-9,0,BEHIND,YELLOW,POINT CREEP DEFEAT,"2019,2020,2021,2022,2023,2024,2025",7,2025,2019,predictive,youth_turkey_set_aside_bonus_v1,Any Legal Weapon,YOUTH_TURKEY_SET_ASIDE,YOUTH_TURKEY_SOURCE_CLASSIFIED|YOUTH_TURKEY_15_PERCENT_SET_ASIDE_APPLIED|YOUTH_TURKEY_SEPARATE_FROM_ADULT_TURKEY|YOUTH_TURKEY_QUOTA_SOURCE_HARD_PERMITS_2026_TOTAL_YOUTH_SET_ASIDE|PROVEN_YOUTH_TURKEY_SOURCE,MODELED_BONUS,TARGET,True,Modeled by engine.utah_draw_predictive.turkey.,0.000000,0.000000,0.000000,0.000000,YOUTH_TURKEY_SET_ASIDE,PROMOTED_TO_RUNTIME,APPROVED_RUNTIME_PROMOTION_2026_06_29,audits\full_family_runtime_materialized_20260703_025641\outputs\youth_turkey_report.json,audits\full_family_runtime_materialized_20260703_025641\outputs\youth_turkey_report.json,Family promoted after zero-pending runtime reconciliation; non-public/reference rows remain excluded.,
hybrid_ml_v2.1.0,utah_turkey_bonus_v1.0.0,2027,2027,TK1006,Southeastern Region,Turkey,Bearded,Limited Entry,Youth,Resident,12,youth_turkey,27,33,,17,,16,2,2,0,0,,0.000000,0.000000,0.000000,0.000,0.000,0.000,0.000,-10,0,BEHIND,YELLOW,POINT CREEP DEFEAT,"2019,2020,2021,2022,2023,2024,2025",7,2025,2019,predictive,youth_turkey_set_aside_bonus_v1,Any Legal Weapon,YOUTH_TURKEY_SET_ASIDE,YOUTH_TURKEY_SOURCE_CLASSIFIED|YOUTH_TURKEY_15_PERCENT_SET_ASIDE_APPLIED|YOUTH_TURKEY_SEPARATE_FROM_ADULT_TURKEY|YOUTH_TURKEY_QUOTA_SOURCE_HARD_PERMITS_2026_TOTAL_YOUTH_SET_ASIDE|PROVEN_YOUTH_TURKEY_SOURCE,MODELED_BONUS,TARGET,True,Modeled by engine.utah_draw_predictive.turkey.,0.000000,0.000000,0.000000,0.000000,YOUTH_TURKEY_SET_ASIDE,PROMOTED_TO_RUNTIME,APPROVED_RUNTIME_PROMOTION_2026_06_29,audits\full_family_runtime_materialized_20260703_025641\outputs\youth_turkey_report.json,audits\full_family_runtime_materialized_20260703_025641\outputs\youth_turkey_report.json,Family promoted after zero-pending runtime reconciliation; non-public/reference rows remain excluded.,
hybrid_ml_v2.1.0,utah_turkey_bonus_v1.0.0,2027,2027,TK1006,Southeastern Region,Turkey,Bearded,Limited Entry,Youth,Resident,13,youth_turkey,27,33,,17,,16,2,2,0,0,,0.000000,0.000000,0.000000,0.000,0.000,0.000,0.000,-11,0,BEHIND,YELLOW,POINT CREEP DEFEAT,"2019,2020,2021,2022,2023,2024,2025",7,2025,2019,predictive,youth_turkey_set_aside_bonus_v1,Any Legal Weapon,YOUTH_TURKEY_SET_ASIDE,YOUTH_TURKEY_SOURCE_CLASSIFIED|YOUTH_TURKEY_15_PERCENT_SET_ASIDE_APPLIED|YOUTH_TURKEY_SEPARATE_FROM_ADULT_TURKEY|YOUTH_TURKEY_QUOTA_SOURCE_HARD_PERMITS_2026_TOTAL_YOUTH_SET_ASIDE|PROVEN_YOUTH_TURKEY_SOURCE,MODELED_BONUS,TARGET,True,Modeled by engine.utah_draw_predictive.turkey.,0.000000,0.000000,0.000000,0.000000,YOUTH_TURKEY_SET_ASIDE,PROMOTED_TO_RUNTIME,APPROVED_RUNTIME_PROMOTION_2026_06_29,audits\full_family_runtime_materialized_20260703_025641\outputs\youth_turkey_report.json,audits\full_family_runtime_materialized_20260703_025641\outputs\youth_turkey_report.json,Family promoted after zero-pending runtime reconciliation; non-public/reference rows remain excluded.,
hybrid_ml_v2.1.0,utah_turkey_bonus_v1.0.0,2027,2027,TK1006,Southeastern Region,Turkey,Bearded,Limited Entry,Youth,Resident,14,youth_turkey,27,33,,17,,16,2,2,0,0,,0.000000,0.000000,0.000000,0.000,0.000,0.000,0.000,-12,0,BEHIND,YELLOW,POINT CREEP DEFEAT,"2019,2020,2021,2022,2023,2024,2025",7,2025,2019,predictive,youth_turkey_set_aside_bonus_v1,Any Legal Weapon,YOUTH_TURKEY_SET_ASIDE,YOUTH_TURKEY_SOURCE_CLASSIFIED|YOUTH_TURKEY_15_PERCENT_SET_ASIDE_APPLIED|YOUTH_TURKEY_SEPARATE_FROM_ADULT_TURKEY|YOUTH_TURKEY_QUOTA_SOURCE_HARD_PERMITS_2026_TOTAL_YOUTH_SET_ASIDE|PROVEN_YOUTH_TURKEY_SOURCE,MODELED_BONUS,TARGET,True,Modeled by engine.utah_draw_predictive.turkey.,0.000000,0.000000,0.000000,0.000000,YOUTH_TURKEY_SET_ASIDE,PROMOTED_TO_RUNTIME,APPROVED_RUNTIME_PROMOTION_2026_06_29,audits\full_family_runtime_materialized_20260703_025641\outputs\youth_turkey_report.json,audits\full_family_runtime_materialized_20260703_025641\outputs\youth_turkey_report.json,Family promoted after zero-pending runtime reconciliation; non-public/reference rows remain excluded.,
hybrid_ml_v2.1.0,utah_turkey_bonus_v1.0.0,2027,2027,TK1006,Southeastern Region,Turkey,Bearded,Limited Entry,Youth,Resident,15,youth_turkey,27,33,,17,,16,2,2,0,0,,0.000000,0.000000,0.000000,0.000,0.000,0.000,0.000,-13,0,BEHIND,YELLOW,POINT CREEP DEFEAT,"2019,2020,2021,2022,2023,2024,2025",7,2025,2019,predictive,youth_turkey_set_aside_bonus_v1,Any Legal Weapon,YOUTH_TURKEY_SET_ASIDE,YOUTH_TURKEY_SOURCE_CLASSIFIED|YOUTH_TURKEY_15_PERCENT_SET_ASIDE_APPLIED|YOUTH_TURKEY_SEPARATE_FROM_ADULT_TURKEY|YOUTH_TURKEY_QUOTA_SOURCE_HARD_PERMITS_2026_TOTAL_YOUTH_SET_ASIDE|PROVEN_YOUTH_TURKEY_SOURCE,MODELED_BONUS,TARGET,True,Modeled by engine.utah_draw_predictive.turkey.,0.000000,0.000000,0.000000,0.000000,YOUTH_TURKEY_SET_ASIDE,PROMOTED_TO_RUNTIME,APPROVED_RUNTIME_PROMOTION_2026_06_29,audits\full_family_runtime_materialized_20260703_025641\outputs\youth_turkey_report.json,audits\full_family_runtime_materialized_20260703_025641\outputs\youth_turkey_report.json,Family promoted after zero-pending runtime reconciliation; non-public/reference rows remain excluded.,
hybrid_ml_v2.1.0,utah_turkey_bonus_v1.0.0,2027,2027,TK1006,Southeastern Region,Turkey,Bearded,Limited Entry,Youth,Resident,16,youth_turkey,27,33,,17,,16,2,2,0,0,,0.000000,0.000000,0.000000,0.000,0.000,0.000,0.000,-14,0,BEHIND,YELLOW,POINT CREEP DEFEAT,"2019,2020,2021,2022,2023,2024,2025",7,2025,2019,predictive,youth_turkey_set_aside_bonus_v1,Any Legal Weapon,YOUTH_TURKEY_SET_ASIDE,YOUTH_TURKEY_SOURCE_CLASSIFIED|YOUTH_TURKEY_15_PERCENT_SET_ASIDE_APPLIED|YOUTH_TURKEY_SEPARATE_FROM_ADULT_TURKEY|YOUTH_TURKEY_QUOTA_SOURCE_HARD_PERMITS_2026_TOTAL_YOUTH_SET_ASIDE|PROVEN_YOUTH_TURKEY_SOURCE,MODELED_BONUS,TARGET,True,Modeled by engine.utah_draw_predictive.turkey.,0.000000,0.000000,0.000000,0.000000,YOUTH_TURKEY_SET_ASIDE,PROMOTED_TO_RUNTIME,APPROVED_RUNTIME_PROMOTION_2026_06_29,audits\full_family_runtime_materialized_20260703_025641\outputs\youth_turkey_report.json,audits\full_family_runtime_materialized_20260703_025641\outputs\youth_turkey_report.json,Family promoted after zero-pending runtime reconciliation; non-public/reference rows remain excluded.,
hybrid_ml_v2.1.0,utah_turkey_bonus_v1.0.0,2027,2027,TK1006,Southeastern Region,Turkey,Bearded,Limited Entry,Youth,Resident,17,youth_turkey,27,33,,17,,16,2,2,0,0,,0.000000,0.000000,0.000000,0.000,0.000,0.000,0.000,-15,0,BEHIND,YELLOW,POINT CREEP DEFEAT,"2019,2020,2021,2022,2023,2024,2025",7,2025,2019,predictive,youth_turkey_set_aside_bonus_v1,Any Legal Weapon,YOUTH_TURKEY_SET_ASIDE,YOUTH_TURKEY_SOURCE_CLASSIFIED|YOUTH_TURKEY_15_PERCENT_SET_ASIDE_APPLIED|YOUTH_TURKEY_SEPARATE_FROM_ADULT_TURKEY|YOUTH_TURKEY_QUOTA_SOURCE_HARD_PERMITS_2026_TOTAL_YOUTH_SET_ASIDE|PROVEN_YOUTH_TURKEY_SOURCE,MODELED_BONUS,TARGET,True,Modeled by engine.utah_draw_predictive.turkey.,0.000000,0.000000,0.000000,0.000000,YOUTH_TURKEY_SET_ASIDE,PROMOTED_TO_RUNTIME,APPROVED_RUNTIME_PROMOTION_2026_06_29,audits\full_family_runtime_materialized_20260703_025641\outputs\youth_turkey_report.json,audits\full_family_runtime_materialized_20260703_025641\outputs\youth_turkey_report.json,Family promoted after zero-pending runtime reconciliation; non-public/reference rows remain excluded.,
hybrid_ml_v2.1.0,utah_turkey_bonus_v1.0.0,2027,2027,TK1006,Southeastern Region,Turkey,Bearded,Limited Entry,Youth,Resident,18,youth_turkey,27,33,,17,,16,2,2,0,0,,0.000000,0.000000,0.000000,0.000,0.000,0.000,0.000,-16,0,BEHIND,YELLOW,POINT CREEP DEFEAT,"2019,2020,2021,2022,2023,2024,2025",7,2025,2019,predictive,youth_turkey_set_aside_bonus_v1,Any Legal Weapon,YOUTH_TURKEY_SET_ASIDE,YOUTH_TURKEY_SOURCE_CLASSIFIED|YOUTH_TURKEY_15_PERCENT_SET_ASIDE_APPLIED|YOUTH_TURKEY_SEPARATE_FROM_ADULT_TURKEY|YOUTH_TURKEY_QUOTA_SOURCE_HARD_PERMITS_2026_TOTAL_YOUTH_SET_ASIDE|PROVEN_YOUTH_TURKEY_SOURCE,MODELED_BONUS,TARGET,True,Modeled by engine.utah_draw_predictive.turkey.,0.000000,0.000000,0.000000,0.000000,YOUTH_TURKEY_SET_ASIDE,PROMOTED_TO_RUNTIME,APPROVED_RUNTIME_PROMOTION_2026_06_29,audits\full_family_runtime_materialized_20260703_025641\outputs\youth_turkey_report.json,audits\full_family_runtime_materialized_20260703_025641\outputs\youth_turkey_report.json,Family promoted after zero-pending runtime reconciliation; non-public/reference rows remain excluded.,
hybrid_ml_v2.1.0,utah_turkey_bonus_v1.0.0,2027,2027,TK1006,Southeastern Region,Turkey,Bearded,Limited Entry,Youth,Resident,19,youth_turkey,27,33,,17,,16,2,2,0,0,,0.000000,0.000000,0.000000,0.000,0.000,0.000,0.000,-17,0,BEHIND,YELLOW,POINT CREEP DEFEAT,"2019,2020,2021,2022,2023,2024,2025",7,2025,2019,predictive,youth_turkey_set_aside_bonus_v1,Any Legal Weapon,YOUTH_TURKEY_SET_ASIDE,YOUTH_TURKEY_SOURCE_CLASSIFIED|YOUTH_TURKEY_15_PERCENT_SET_ASIDE_APPLIED|YOUTH_TURKEY_SEPARATE_FROM_ADULT_TURKEY|YOUTH_TURKEY_QUOTA_SOURCE_HARD_PERMITS_2026_TOTAL_YOUTH_SET_ASIDE|PROVEN_YOUTH_TURKEY_SOURCE,MODELED_BONUS,TARGET,True,Modeled by engine.utah_draw_predictive.turkey.,0.000000,0.000000,0.000000,0.000000,YOUTH_TURKEY_SET_ASIDE,PROMOTED_TO_RUNTIME,APPROVED_RUNTIME_PROMOTION_2026_06_29,audits\full_family_runtime_materialized_20260703_025641\outputs\youth_turkey_report.json,audits\full_family_runtime_materialized_20260703_025641\outputs\youth_turkey_report.json,Family promoted after zero-pending runtime reconciliation; non-public/reference rows remain excluded.,
hybrid_ml_v2.1.0,utah_turkey_bonus_v1.0.0,2027,2027,TK1006,Southeastern Region,Turkey,Bearded,Limited Entry,Youth,Resident,20,youth_turkey,27,33,,17,,16,2,2,0,0,,0.000000,0.000000,0.000000,0.000,0.000,0.000,0.000,-18,0,BEHIND,YELLOW,POINT CREEP DEFEAT,"2019,2020,2021,2022,2023,2024,2025",7,2025,2019,predictive,youth_turkey_set_aside_bonus_v1,Any Legal Weapon,YOUTH_TURKEY_SET_ASIDE,YOUTH_TURKEY_SOURCE_CLASSIFIED|YOUTH_TURKEY_15_PERCENT_SET_ASIDE_APPLIED|YOUTH_TURKEY_SEPARATE_FROM_ADULT_TURKEY|YOUTH_TURKEY_QUOTA_SOURCE_HARD_PERMITS_2026_TOTAL_YOUTH_SET_ASIDE|PROVEN_YOUTH_TURKEY_SOURCE,MODELED_BONUS,TARGET,True,Modeled by engine.utah_draw_predictive.turkey.,0.000000,0.000000,0.000000,0.000000,YOUTH_TURKEY_SET_ASIDE,PROMOTED_TO_RUNTIME,APPROVED_RUNTIME_PROMOTION_2026_06_29,audits\full_family_runtime_materialized_20260703_025641\outputs\youth_turkey_report.json,audits\full_family_runtime_materialized_20260703_025641\outputs\youth_turkey_report.json,Family promoted after zero-pending runtime reconciliation; non-public/reference rows remain excluded.,
hybrid_ml_v2.1.0,utah_turkey_bonus_v1.0.0,2027,2027,TK1006,Southeastern Region,Turkey,Bearded,Limited Entry,Youth,Resident,21,youth_turkey,27,33,,17,,16,2,2,0,0,,0.000000,0.000000,0.000000,0.000,0.000,0.000,0.000,-19,0,BEHIND,YELLOW,POINT CREEP DEFEAT,"2019,2020,2021,2022,2023,2024,2025",7,2025,2019,predictive,youth_turkey_set_aside_bonus_v1,Any Legal Weapon,YOUTH_TURKEY_SET_ASIDE,YOUTH_TURKEY_SOURCE_CLASSIFIED|YOUTH_TURKEY_15_PERCENT_SET_ASIDE_APPLIED|YOUTH_TURKEY_SEPARATE_FROM_ADULT_TURKEY|YOUTH_TURKEY_QUOTA_SOURCE_HARD_PERMITS_2026_TOTAL_YOUTH_SET_ASIDE|PROVEN_YOUTH_TURKEY_SOURCE,MODELED_BONUS,TARGET,True,Modeled by engine.utah_draw_predictive.turkey.,0.000000,0.000000,0.000000,0.000000,YOUTH_TURKEY_SET_ASIDE,PROMOTED_TO_RUNTIME,APPROVED_RUNTIME_PROMOTION_2026_06_29,audits\full_family_runtime_materialized_20260703_025641\outputs\youth_turkey_report.json,audits\full_family_runtime_materialized_20260703_025641\outputs\youth_turkey_report.json,Family promoted after zero-pending runtime reconciliation; non-public/reference rows remain excluded.,
hybrid_ml_v2.1.0,utah_turkey_bonus_v1.0.0,2027,2027,TK1006,Southeastern Region,Turkey,Bearded,Limited Entry,Youth,Resident,22,youth_turkey,27,33,,17,,16,2,2,0,0,,0.000000,0.000000,0.000000,0.000,0.000,0.000,0.000,-20,0,BEHIND,YELLOW,POINT CREEP DEFEAT,"2019,2020,2021,2022,2023,2024,2025",7,2025,2019,predictive,youth_turkey_set_aside_bonus_v1,Any Legal Weapon,YOUTH_TURKEY_SET_ASIDE,YOUTH_TURKEY_SOURCE_CLASSIFIED|YOUTH_TURKEY_15_PERCENT_SET_ASIDE_APPLIED|YOUTH_TURKEY_SEPARATE_FROM_ADULT_TURKEY|YOUTH_TURKEY_QUOTA_SOURCE_HARD_PERMITS_2026_TOTAL_YOUTH_SET_ASIDE|PROVEN_YOUTH_TURKEY_SOURCE,MODELED_BONUS,TARGET,True,Modeled by engine.utah_draw_predictive.turkey.,0.000000,0.000000,0.000000,0.000000,YOUTH_TURKEY_SET_ASIDE,PROMOTED_TO_RUNTIME,APPROVED_RUNTIME_PROMOTION_2026_06_29,audits\full_family_runtime_materialized_20260703_025641\outputs\youth_turkey_report.json,audits\full_family_runtime_materialized_20260703_025641\outputs\youth_turkey_report.json,Family promoted after zero-pending runtime reconciliation; non-public/reference rows remain excluded.,
hybrid_ml_v2.1.0,utah_turkey_bonus_v1.0.0,2027,2027,TK1006,Southeastern Region,Turkey,Bearded,Limited Entry,Youth,Resident,23,youth_turkey,27,33,,17,,16,2,2,0,0,,0.000000,0.000000,0.000000,0.000,0.000,0.000,0.000,-21,0,BEHIND,YELLOW,POINT CREEP DEFEAT,"2019,2020,2021,2022,2023,2024,2025",7,2025,2019,predictive,youth_turkey_set_aside_bonus_v1,Any Legal Weapon,YOUTH_TURKEY_SET_ASIDE,YOUTH_TURKEY_SOURCE_CLASSIFIED|YOUTH_TURKEY_15_PERCENT_SET_ASIDE_APPLIED|YOUTH_TURKEY_SEPARATE_FROM_ADULT_TURKEY|YOUTH_TURKEY_QUOTA_SOURCE_HARD_PERMITS_2026_TOTAL_YOUTH_SET_ASIDE|PROVEN_YOUTH_TURKEY_SOURCE,MODELED_BONUS,TARGET,True,Modeled by engine.utah_draw_predictive.turkey.,0.000000,0.000000,0.000000,0.000000,YOUTH_TURKEY_SET_ASIDE,PROMOTED_TO_RUNTIME,APPROVED_RUNTIME_PROMOTION_2026_06_29,audits\full_family_runtime_materialized_20260703_025641\outputs\youth_turkey_report.json,audits\full_family_runtime_materialized_20260703_025641\outputs\youth_turkey_report.json,Family promoted after zero-pending runtime reconciliation; non-public/reference rows remain excluded.,
hybrid_ml_v2.1.0,utah_turkey_bonus_v1.0.0,2027,2027,TK1007,Southern Region,Turkey,Bearded,Limited Entry,Youth,Nonresident,0,youth_turkey,2,2,,1,,1,2,2,4,6,,0.000000,0.352941,0.352941,0.000,35.294,35.294,35.294,2,0,BEHIND,YELLOW,MAY DRAW IN 5-10 YEARS,"2019,2020,2021,2022,2023,2024,2025",7,2025,2019,predictive,youth_turkey_set_aside_bonus_v1,Any Legal Weapon,YOUTH_TURKEY_SET_ASIDE,YOUTH_TURKEY_SOURCE_CLASSIFIED|YOUTH_TURKEY_15_PERCENT_SET_ASIDE_APPLIED|YOUTH_TURKEY_SEPARATE_FROM_ADULT_TURKEY|YOUTH_TURKEY_QUOTA_SOURCE_HARD_PERMITS_2026_TOTAL_YOUTH_SET_ASIDE|PROVEN_YOUTH_TURKEY_SOURCE,MODELED_BONUS,TARGET,True,Modeled by engine.utah_draw_predictive.turkey.,0.352941,0.352941,0.352941,0.352941,YOUTH_TURKEY_SET_ASIDE,PROMOTED_TO_RUNTIME,APPROVED_RUNTIME_PROMOTION_2026_06_29,audits\full_family_runtime_materialized_20260703_025641\outputs\youth_turkey_report.json,audits\full_family_runtime_materialized_20260703_025641\outputs\youth_turkey_report.json,Family promoted after zero-pending runtime reconciliation; non-public/reference rows remain excluded.,~1 in 2.8 or 35.3%
hybrid_ml_v2.1.0,utah_turkey_bonus_v1.0.0,2027,2027,TK1007,Southern Region,Turkey,Bearded,Limited Entry,Youth,Nonresident,1,youth_turkey,2,2,,1,,1,2,2,2,2,,0.000000,0.235294,0.235294,0.000,23.529,23.529,23.529,1,0,BEHIND,YELLOW,MAY DRAW IN 5-10 YEARS,"2019,2020,2021,2022,2023,2024,2025",7,2025,2019,predictive,youth_turkey_set_aside_bonus_v1,Any Legal Weapon,YOUTH_TURKEY_SET_ASIDE,YOUTH_TURKEY_SOURCE_CLASSIFIED|YOUTH_TURKEY_15_PERCENT_SET_ASIDE_APPLIED|YOUTH_TURKEY_SEPARATE_FROM_ADULT_TURKEY|YOUTH_TURKEY_QUOTA_SOURCE_HARD_PERMITS_2026_TOTAL_YOUTH_SET_ASIDE|PROVEN_YOUTH_TURKEY_SOURCE,MODELED_BONUS,TARGET,True,Modeled by engine.utah_draw_predictive.turkey.,0.235294,0.235294,0.235294,0.235294,YOUTH_TURKEY_SET_ASIDE,PROMOTED_TO_RUNTIME,APPROVED_RUNTIME_PROMOTION_2026_06_29,audits\full_family_runtime_materialized_20260703_025641\outputs\youth_turkey_report.json,audits\full_family_runtime_materialized_20260703_025641\outputs\youth_turkey_report.json,Family promoted after zero-pending runtime reconciliation; non-public/reference rows remain excluded.,~1 in 4.3 or 23.5%
hybrid_ml_v2.1.0,utah_turkey_bonus_v1.0.0,2027,2027,TK1007,Southern Region,Turkey,Bearded,Limited Entry,Youth,Nonresident,2,youth_turkey,2,2,,1,,1,2,2,1,1,,0.000000,0.176471,0.176471,0.000,17.647,17.647,17.647,0,0,BEHIND,YELLOW,MAY DRAW IN 5-10 YEARS,"2019,2020,2021,2022,2023,2024,2025",7,2025,2019,predictive,youth_turkey_set_aside_bonus_v1,Any Legal Weapon,YOUTH_TURKEY_SET_ASIDE,YOUTH_TURKEY_SOURCE_CLASSIFIED|YOUTH_TURKEY_15_PERCENT_SET_ASIDE_APPLIED|YOUTH_TURKEY_SEPARATE_FROM_ADULT_TURKEY|YOUTH_TURKEY_QUOTA_SOURCE_HARD_PERMITS_2026_TOTAL_YOUTH_SET_ASIDE|PROVEN_YOUTH_TURKEY_SOURCE,MODELED_BONUS,TARGET,True,Modeled by engine.utah_draw_predictive.turkey.,0.176471,0.176471,0.176471,0.176471,YOUTH_TURKEY_SET_ASIDE,PROMOTED_TO_RUNTIME,APPROVED_RUNTIME_PROMOTION_2026_06_29,audits\full_family_runtime_materialized_20260703_025641\outputs\youth_turkey_report.json,audits\full_family_runtime_materialized_20260703_025641\outputs\youth_turkey_report.json,Family promoted after zero-pending runtime reconciliation; non-public/reference rows remain excluded.,~1 in 5.7 or 17.6%
hybrid_ml_v2.1.0,utah_turkey_bonus_v1.0.0,2027,2027,TK1007,Southern Region,Turkey,Bearded,Limited Entry,Youth,Nonresident,3,youth_turkey,2,2,,1,,1,2,2,0,1,,1.000000,0.235294,1.000000,100.000,23.529,100.000,23.529,-1,0,MAX POOL,YELLOW,GREEN LIGHT,"2019,2020,2021,2022,2023,2024,2025",7,2025,2019,predictive,youth_turkey_set_aside_bonus_v1,Any Legal Weapon,YOUTH_TURKEY_SET_ASIDE,YOUTH_TURKEY_SOURCE_CLASSIFIED|YOUTH_TURKEY_15_PERCENT_SET_ASIDE_APPLIED|YOUTH_TURKEY_SEPARATE_FROM_ADULT_TURKEY|YOUTH_TURKEY_QUOTA_SOURCE_HARD_PERMITS_2026_TOTAL_YOUTH_SET_ASIDE|PROVEN_YOUTH_TURKEY_SOURCE,MODELED_BONUS,TARGET,True,Modeled by engine.utah_draw_predictive.turkey.,1.000000,1.000000,1.000000,1.000000,YOUTH_TURKEY_SET_ASIDE,PROMOTED_TO_RUNTIME,APPROVED_RUNTIME_PROMOTION_2026_06_29,audits\full_family_runtime_materialized_20260703_025641\outputs\youth_turkey_report.json,audits\full_family_runtime_materialized_20260703_025641\outputs\youth_turkey_report.json,Family promoted after zero-pending runtime reconciliation; non-public/reference rows remain excluded.,~1 in 1.0 or 100.0%
hybrid_ml_v2.1.0,utah_turkey_bonus_v1.0.0,2027,2027,TK1007,Southern Region,Turkey,Bearded,Limited Entry,Youth,Nonresident,4,youth_turkey,2,2,,1,,1,2,2,0,0,,0.000000,0.000000,0.000000,0.000,0.000,0.000,0.000,-2,0,BEHIND,YELLOW,POINT CREEP DEFEAT,"2019,2020,2021,2022,2023,2024,2025",7,2025,2019,predictive,youth_turkey_set_aside_bonus_v1,Any Legal Weapon,YOUTH_TURKEY_SET_ASIDE,YOUTH_TURKEY_SOURCE_CLASSIFIED|YOUTH_TURKEY_15_PERCENT_SET_ASIDE_APPLIED|YOUTH_TURKEY_SEPARATE_FROM_ADULT_TURKEY|YOUTH_TURKEY_QUOTA_SOURCE_HARD_PERMITS_2026_TOTAL_YOUTH_SET_ASIDE|PROVEN_YOUTH_TURKEY_SOURCE,MODELED_BONUS,TARGET,True,Modeled by engine.utah_draw_predictive.turkey.,0.000000,0.000000,0.000000,0.000000,YOUTH_TURKEY_SET_ASIDE,PROMOTED_TO_RUNTIME,APPROVED_RUNTIME_PROMOTION_2026_06_29,audits\full_family_runtime_materialized_20260703_025641\outputs\youth_turkey_report.json,audits\full_family_runtime_materialized_20260703_025641\outputs\youth_turkey_report.json,Family promoted after zero-pending runtime reconciliation; non-public/reference rows remain excluded.,
hybrid_ml_v2.1.0,utah_turkey_bonus_v1.0.0,2027,2027,TK1007,Southern Region,Turkey,Bearded,Limited Entry,Youth,Nonresident,5,youth_turkey,2,2,,1,,1,2,2,0,0,,0.000000,0.000000,0.000000,0.000,0.000,0.000,0.000,-3,0,BEHIND,YELLOW,POINT CREEP DEFEAT,"2019,2020,2021,2022,2023,2024,2025",7,2025,2019,predictive,youth_turkey_set_aside_bonus_v1,Any Legal Weapon,YOUTH_TURKEY_SET_ASIDE,YOUTH_TURKEY_SOURCE_CLASSIFIED|YOUTH_TURKEY_15_PERCENT_SET_ASIDE_APPLIED|YOUTH_TURKEY_SEPARATE_FROM_ADULT_TURKEY|YOUTH_TURKEY_QUOTA_SOURCE_HARD_PERMITS_2026_TOTAL_YOUTH_SET_ASIDE|PROVEN_YOUTH_TURKEY_SOURCE,MODELED_BONUS,TARGET,True,Modeled by engine.utah_draw_predictive.turkey.,0.000000,0.000000,0.000000,0.000000,YOUTH_TURKEY_SET_ASIDE,PROMOTED_TO_RUNTIME,APPROVED_RUNTIME_PROMOTION_2026_06_29,audits\full_family_runtime_materialized_20260703_025641\outputs\youth_turkey_report.json,audits\full_family_runtime_materialized_20260703_025641\outputs\youth_turkey_report.json,Family promoted after zero-pending runtime reconciliation; non-public/reference rows remain excluded.,
hybrid_ml_v2.1.0,utah_turkey_bonus_v1.0.0,2027,2027,TK1007,Southern Region,Turkey,Bearded,Limited Entry,Youth,Nonresident,6,youth_turkey,2,2,,1,,1,2,2,0,0,,0.000000,0.000000,0.000000,0.000,0.000,0.000,0.000,-4,0,BEHIND,YELLOW,POINT CREEP DEFEAT,"2019,2020,2021,2022,2023,2024,2025",7,2025,2019,predictive,youth_turkey_set_aside_bonus_v1,Any Legal Weapon,YOUTH_TURKEY_SET_ASIDE,YOUTH_TURKEY_SOURCE_CLASSIFIED|YOUTH_TURKEY_15_PERCENT_SET_ASIDE_APPLIED|YOUTH_TURKEY_SEPARATE_FROM_ADULT_TURKEY|YOUTH_TURKEY_QUOTA_SOURCE_HARD_PERMITS_2026_TOTAL_YOUTH_SET_ASIDE|PROVEN_YOUTH_TURKEY_SOURCE,MODELED_BONUS,TARGET,True,Modeled by engine.utah_draw_predictive.turkey.,0.000000,0.000000,0.000000,0.000000,YOUTH_TURKEY_SET_ASIDE,PROMOTED_TO_RUNTIME,APPROVED_RUNTIME_PROMOTION_2026_06_29,audits\full_family_runtime_materialized_20260703_025641\outputs\youth_turkey_report.json,audits\full_family_runtime_materialized_20260703_025641\outputs\youth_turkey_report.json,Family promoted after zero-pending runtime reconciliation; non-public/reference rows remain excluded.,
hybrid_ml_v2.1.0,utah_turkey_bonus_v1.0.0,2027,2027,TK1007,Southern Region,Turkey,Bearded,Limited Entry,Youth,Nonresident,7,youth_turkey,2,2,,1,,1,2,2,0,0,,0.000000,0.000000,0.000000,0.000,0.000,0.000,0.000,-5,0,BEHIND,YELLOW,POINT CREEP DEFEAT,"2019,2020,2021,2022,2023,2024,2025",7,2025,2019,predictive,youth_turkey_set_aside_bonus_v1,Any Legal Weapon,YOUTH_TURKEY_SET_ASIDE,YOUTH_TURKEY_SOURCE_CLASSIFIED|YOUTH_TURKEY_15_PERCENT_SET_ASIDE_APPLIED|YOUTH_TURKEY_SEPARATE_FROM_ADULT_TURKEY|YOUTH_TURKEY_QUOTA_SOURCE_HARD_PERMITS_2026_TOTAL_YOUTH_SET_ASIDE|PROVEN_YOUTH_TURKEY_SOURCE,MODELED_BONUS,TARGET,True,Modeled by engine.utah_draw_predictive.turkey.,0.000000,0.000000,0.000000,0.000000,YOUTH_TURKEY_SET_ASIDE,PROMOTED_TO_RUNTIME,APPROVED_RUNTIME_PROMOTION_2026_06_29,audits\full_family_runtime_materialized_20260703_025641\outputs\youth_turkey_report.json,audits\full_family_runtime_materialized_20260703_025641\outputs\youth_turkey_report.json,Family promoted after zero-pending runtime reconciliation; non-public/reference rows remain excluded.,
hybrid_ml_v2.1.0,utah_turkey_bonus_v1.0.0,2027,2027,TK1007,Southern Region,Turkey,Bearded,Limited Entry,Youth,Nonresident,8,youth_turkey,2,2,,1,,1,2,2,0,0,,0.000000,0.000000,0.000000,0.000,0.000,0.000,0.000,-6,0,BEHIND,YELLOW,POINT CREEP DEFEAT,"2019,2020,2021,2022,2023,2024,2025",7,2025,2019,predictive,youth_turkey_set_aside_bonus_v1,Any Legal Weapon,YOUTH_TURKEY_SET_ASIDE,YOUTH_TURKEY_SOURCE_CLASSIFIED|YOUTH_TURKEY_15_PERCENT_SET_ASIDE_APPLIED|YOUTH_TURKEY_SEPARATE_FROM_ADULT_TURKEY|YOUTH_TURKEY_QUOTA_SOURCE_HARD_PERMITS_2026_TOTAL_YOUTH_SET_ASIDE|PROVEN_YOUTH_TURKEY_SOURCE,MODELED_BONUS,TARGET,True,Modeled by engine.utah_draw_predictive.turkey.,0.000000,0.000000,0.000000,0.000000,YOUTH_TURKEY_SET_ASIDE,PROMOTED_TO_RUNTIME,APPROVED_RUNTIME_PROMOTION_2026_06_29,audits\full_family_runtime_materialized_20260703_025641\outputs\youth_turkey_report.json,audits\full_family_runtime_materialized_20260703_025641\outputs\youth_turkey_report.json,Family promoted after zero-pending runtime reconciliation; non-public/reference rows remain excluded.,
hybrid_ml_v2.1.0,utah_turkey_bonus_v1.0.0,2027,2027,TK1007,Southern Region,Turkey,Bearded,Limited Entry,Youth,Nonresident,9,youth_turkey,2,2,,1,,1,2,2,0,0,,0.000000,0.000000,0.000000,0.000,0.000,0.000,0.000,-7,0,BEHIND,YELLOW,POINT CREEP DEFEAT,"2019,2020,2021,2022,2023,2024,2025",7,2025,2019,predictive,youth_turkey_set_aside_bonus_v1,Any Legal Weapon,YOUTH_TURKEY_SET_ASIDE,YOUTH_TURKEY_SOURCE_CLASSIFIED|YOUTH_TURKEY_15_PERCENT_SET_ASIDE_APPLIED|YOUTH_TURKEY_SEPARATE_FROM_ADULT_TURKEY|YOUTH_TURKEY_QUOTA_SOURCE_HARD_PERMITS_2026_TOTAL_YOUTH_SET_ASIDE|PROVEN_YOUTH_TURKEY_SOURCE,MODELED_BONUS,TARGET,True,Modeled by engine.utah_draw_predictive.turkey.,0.000000,0.000000,0.000000,0.000000,YOUTH_TURKEY_SET_ASIDE,PROMOTED_TO_RUNTIME,APPROVED_RUNTIME_PROMOTION_2026_06_29,audits\full_family_runtime_materialized_20260703_025641\outputs\youth_turkey_report.json,audits\full_family_runtime_materialized_20260703_025641\outputs\youth_turkey_report.json,Family promoted after zero-pending runtime reconciliation; non-public/reference rows remain excluded.,
hybrid_ml_v2.1.0,utah_turkey_bonus_v1.0.0,2027,2027,TK1007,Southern Region,Turkey,Bearded,Limited Entry,Youth,Nonresident,10,youth_turkey,2,2,,1,,1,2,2,0,0,,0.000000,0.000000,0.000000,0.000,0.000,0.000,0.000,-8,0,BEHIND,YELLOW,POINT CREEP DEFEAT,"2019,2020,2021,2022,2023,2024,2025",7,2025,2019,predictive,youth_turkey_set_aside_bonus_v1,Any Legal Weapon,YOUTH_TURKEY_SET_ASIDE,YOUTH_TURKEY_SOURCE_CLASSIFIED|YOUTH_TURKEY_15_PERCENT_SET_ASIDE_APPLIED|YOUTH_TURKEY_SEPARATE_FROM_ADULT_TURKEY|YOUTH_TURKEY_QUOTA_SOURCE_HARD_PERMITS_2026_TOTAL_YOUTH_SET_ASIDE|PROVEN_YOUTH_TURKEY_SOURCE,MODELED_BONUS,TARGET,True,Modeled by engine.utah_draw_predictive.turkey.,0.000000,0.000000,0.000000,0.000000,YOUTH_TURKEY_SET_ASIDE,PROMOTED_TO_RUNTIME,APPROVED_RUNTIME_PROMOTION_2026_06_29,audits\full_family_runtime_materialized_20260703_025641\outputs\youth_turkey_report.json,audits\full_family_runtime_materialized_20260703_025641\outputs\youth_turkey_report.json,Family promoted after zero-pending runtime reconciliation; non-public/reference rows remain excluded.,
hybrid_ml_v2.1.0,utah_turkey_bonus_v1.0.0,2027,2027,TK1007,Southern Region,Turkey,Bearded,Limited Entry,Youth,Nonresident,11,youth_turkey,2,2,,1,,1,2,2,0,0,,0.000000,0.000000,0.000000,0.000,0.000,0.000,0.000,-9,0,BEHIND,YELLOW,POINT CREEP DEFEAT,"2019,2020,2021,2022,2023,2024,2025",7,2025,2019,predictive,youth_turkey_set_aside_bonus_v1,Any Legal Weapon,YOUTH_TURKEY_SET_ASIDE,YOUTH_TURKEY_SOURCE_CLASSIFIED|YOUTH_TURKEY_15_PERCENT_SET_ASIDE_APPLIED|YOUTH_TURKEY_SEPARATE_FROM_ADULT_TURKEY|YOUTH_TURKEY_QUOTA_SOURCE_HARD_PERMITS_2026_TOTAL_YOUTH_SET_ASIDE|PROVEN_YOUTH_TURKEY_SOURCE,MODELED_BONUS,TARGET,True,Modeled by engine.utah_draw_predictive.turkey.,0.000000,0.000000,0.000000,0.000000,YOUTH_TURKEY_SET_ASIDE,PROMOTED_TO_RUNTIME,APPROVED_RUNTIME_PROMOTION_2026_06_29,audits\full_family_runtime_materialized_20260703_025641\outputs\youth_turkey_report.json,audits\full_family_runtime_materialized_20260703_025641\outputs\youth_turkey_report.json,Family promoted after zero-pending runtime reconciliation; non-public/reference rows remain excluded.,
hybrid_ml_v2.1.0,utah_turkey_bonus_v1.0.0,2027,2027,TK1007,Southern Region,Turkey,Bearded,Limited Entry,Youth,Nonresident,12,youth_turkey,2,2,,1,,1,2,2,0,0,,0.000000,0.000000,0.000000,0.000,0.000,0.000,0.000,-10,0,BEHIND,YELLOW,POINT CREEP DEFEAT,"2019,2020,2021,2022,2023,2024,2025",7,2025,2019,predictive,youth_turkey_set_aside_bonus_v1,Any Legal Weapon,YOUTH_TURKEY_SET_ASIDE,YOUTH_TURKEY_SOURCE_CLASSIFIED|YOUTH_TURKEY_15_PERCENT_SET_ASIDE_APPLIED|YOUTH_TURKEY_SEPARATE_FROM_ADULT_TURKEY|YOUTH_TURKEY_QUOTA_SOURCE_HARD_PERMITS_2026_TOTAL_YOUTH_SET_ASIDE|PROVEN_YOUTH_TURKEY_SOURCE,MODELED_BONUS,TARGET,True,Modeled by engine.utah_draw_predictive.turkey.,0.000000,0.000000,0.000000,0.000000,YOUTH_TURKEY_SET_ASIDE,PROMOTED_TO_RUNTIME,APPROVED_RUNTIME_PROMOTION_2026_06_29,audits\full_family_runtime_materialized_20260703_025641\outputs\youth_turkey_report.json,audits\full_family_runtime_materialized_20260703_025641\outputs\youth_turkey_report.json,Family promoted after zero-pending runtime reconciliation; non-public/reference rows remain excluded.,
hybrid_ml_v2.1.0,utah_turkey_bonus_v1.0.0,2027,2027,TK1007,Southern Region,Turkey,Bearded,Limited Entry,Youth,Nonresident,13,youth_turkey,2,2,,1,,1,2,2,0,0,,0.000000,0.000000,0.000000,0.000,0.000,0.000,0.000,-11,0,BEHIND,YELLOW,POINT CREEP DEFEAT,"2019,2020,2021,2022,2023,2024,2025",7,2025,2019,predictive,youth_turkey_set_aside_bonus_v1,Any Legal Weapon,YOUTH_TURKEY_SET_ASIDE,YOUTH_TURKEY_SOURCE_CLASSIFIED|YOUTH_TURKEY_15_PERCENT_SET_ASIDE_APPLIED|YOUTH_TURKEY_SEPARATE_FROM_ADULT_TURKEY|YOUTH_TURKEY_QUOTA_SOURCE_HARD_PERMITS_2026_TOTAL_YOUTH_SET_ASIDE|PROVEN_YOUTH_TURKEY_SOURCE,MODELED_BONUS,TARGET,True,Modeled by engine.utah_draw_predictive.turkey.,0.000000,0.000000,0.000000,0.000000,YOUTH_TURKEY_SET_ASIDE,PROMOTED_TO_RUNTIME,APPROVED_RUNTIME_PROMOTION_2026_06_29,audits\full_family_runtime_materialized_20260703_025641\outputs\youth_turkey_report.json,audits\full_family_runtime_materialized_20260703_025641\outputs\youth_turkey_report.json,Family promoted after zero-pending runtime reconciliation; non-public/reference rows remain excluded.,
hybrid_ml_v2.1.0,utah_turkey_bonus_v1.0.0,2027,2027,TK1007,Southern Region,Turkey,Bearded,Limited Entry,Youth,Nonresident,14,youth_turkey,2,2,,1,,1,2,2,0,0,,0.000000,0.000000,0.000000,0.000,0.000,0.000,0.000,-12,0,BEHIND,YELLOW,POINT CREEP DEFEAT,"2019,2020,2021,2022,2023,2024,2025",7,2025,2019,predictive,youth_turkey_set_aside_bonus_v1,Any Legal Weapon,YOUTH_TURKEY_SET_ASIDE,YOUTH_TURKEY_SOURCE_CLASSIFIED|YOUTH_TURKEY_15_PERCENT_SET_ASIDE_APPLIED|YOUTH_TURKEY_SEPARATE_FROM_ADULT_TURKEY|YOUTH_TURKEY_QUOTA_SOURCE_HARD_PERMITS_2026_TOTAL_YOUTH_SET_ASIDE|PROVEN_YOUTH_TURKEY_SOURCE,MODELED_BONUS,TARGET,True,Modeled by engine.utah_draw_predictive.turkey.,0.000000,0.000000,0.000000,0.000000,YOUTH_TURKEY_SET_ASIDE,PROMOTED_TO_RUNTIME,APPROVED_RUNTIME_PROMOTION_2026_06_29,audits\full_family_runtime_materialized_20260703_025641\outputs\youth_turkey_report.json,audits\full_family_runtime_materialized_20260703_025641\outputs\youth_turkey_report.json,Family promoted after zero-pending runtime reconciliation; non-public/reference rows remain excluded.,
hybrid_ml_v2.1.0,utah_turkey_bonus_v1.0.0,2027,2027,TK1007,Southern Region,Turkey,Bearded,Limited Entry,Youth,Nonresident,15,youth_turkey,2,2,,1,,1,2,2,0,0,,0.000000,0.000000,0.000000,0.000,0.000,0.000,0.000,-13,0,BEHIND,YELLOW,POINT CREEP DEFEAT,"2019,2020,2021,2022,2023,2024,2025",7,2025,2019,predictive,youth_turkey_set_aside_bonus_v1,Any Legal Weapon,YOUTH_TURKEY_SET_ASIDE,YOUTH_TURKEY_SOURCE_CLASSIFIED|YOUTH_TURKEY_15_PERCENT_SET_ASIDE_APPLIED|YOUTH_TURKEY_SEPARATE_FROM_ADULT_TURKEY|YOUTH_TURKEY_QUOTA_SOURCE_HARD_PERMITS_2026_TOTAL_YOUTH_SET_ASIDE|PROVEN_YOUTH_TURKEY_SOURCE,MODELED_BONUS,TARGET,True,Modeled by engine.utah_draw_predictive.turkey.,0.000000,0.000000,0.000000,0.000000,YOUTH_TURKEY_SET_ASIDE,PROMOTED_TO_RUNTIME,APPROVED_RUNTIME_PROMOTION_2026_06_29,audits\full_family_runtime_materialized_20260703_025641\outputs\youth_turkey_report.json,audits\full_family_runtime_materialized_20260703_025641\outputs\youth_turkey_report.json,Family promoted after zero-pending runtime reconciliation; non-public/reference rows remain excluded.,
hybrid_ml_v2.1.0,utah_turkey_bonus_v1.0.0,2027,2027,TK1007,Southern Region,Turkey,Bearded,Limited Entry,Youth,Nonresident,16,youth_turkey,2,2,,1,,1,2,2,0,0,,0.000000,0.000000,0.000000,0.000,0.000,0.000,0.000,-14,0,BEHIND,YELLOW,POINT CREEP DEFEAT,"2019,2020,2021,2022,2023,2024,2025",7,2025,2019,predictive,youth_turkey_set_aside_bonus_v1,Any Legal Weapon,YOUTH_TURKEY_SET_ASIDE,YOUTH_TURKEY_SOURCE_CLASSIFIED|YOUTH_TURKEY_15_PERCENT_SET_ASIDE_APPLIED|YOUTH_TURKEY_SEPARATE_FROM_ADULT_TURKEY|YOUTH_TURKEY_QUOTA_SOURCE_HARD_PERMITS_2026_TOTAL_YOUTH_SET_ASIDE|PROVEN_YOUTH_TURKEY_SOURCE,MODELED_BONUS,TARGET,True,Modeled by engine.utah_draw_predictive.turkey.,0.000000,0.000000,0.000000,0.000000,YOUTH_TURKEY_SET_ASIDE,PROMOTED_TO_RUNTIME,APPROVED_RUNTIME_PROMOTION_2026_06_29,audits\full_family_runtime_materialized_20260703_025641\outputs\youth_turkey_report.json,audits\full_family_runtime_materialized_20260703_025641\outputs\youth_turkey_report.json,Family promoted after zero-pending runtime reconciliation; non-public/reference rows remain excluded.,
hybrid_ml_v2.1.0,utah_turkey_bonus_v1.0.0,2027,2027,TK1007,Southern Region,Turkey,Bearded,Limited Entry,Youth,Nonresident,17,youth_turkey,2,2,,1,,1,2,2,0,0,,0.000000,0.000000,0.000000,0.000,0.000,0.000,0.000,-15,0,BEHIND,YELLOW,POINT CREEP DEFEAT,"2019,2020,2021,2022,2023,2024,2025",7,2025,2019,predictive,youth_turkey_set_aside_bonus_v1,Any Legal Weapon,YOUTH_TURKEY_SET_ASIDE,YOUTH_TURKEY_SOURCE_CLASSIFIED|YOUTH_TURKEY_15_PERCENT_SET_ASIDE_APPLIED|YOUTH_TURKEY_SEPARATE_FROM_ADULT_TURKEY|YOUTH_TURKEY_QUOTA_SOURCE_HARD_PERMITS_2026_TOTAL_YOUTH_SET_ASIDE|PROVEN_YOUTH_TURKEY_SOURCE,MODELED_BONUS,TARGET,True,Modeled by engine.utah_draw_predictive.turkey.,0.000000,0.000000,0.000000,0.000000,YOUTH_TURKEY_SET_ASIDE,PROMOTED_TO_RUNTIME,APPROVED_RUNTIME_PROMOTION_2026_06_29,audits\full_family_runtime_materialized_20260703_025641\outputs\youth_turkey_report.json,audits\full_family_runtime_materialized_20260703_025641\outputs\youth_turkey_report.json,Family promoted after zero-pending runtime reconciliation; non-public/reference rows remain excluded.,
hybrid_ml_v2.1.0,utah_turkey_bonus_v1.0.0,2027,2027,TK1007,Southern Region,Turkey,Bearded,Limited Entry,Youth,Nonresident,18,youth_turkey,2,2,,1,,1,2,2,0,0,,0.000000,0.000000,0.000000,0.000,0.000,0.000,0.000,-16,0,BEHIND,YELLOW,POINT CREEP DEFEAT,"2019,2020,2021,2022,2023,2024,2025",7,2025,2019,predictive,youth_turkey_set_aside_bonus_v1,Any Legal Weapon,YOUTH_TURKEY_SET_ASIDE,YOUTH_TURKEY_SOURCE_CLASSIFIED|YOUTH_TURKEY_15_PERCENT_SET_ASIDE_APPLIED|YOUTH_TURKEY_SEPARATE_FROM_ADULT_TURKEY|YOUTH_TURKEY_QUOTA_SOURCE_HARD_PERMITS_2026_TOTAL_YOUTH_SET_ASIDE|PROVEN_YOUTH_TURKEY_SOURCE,MODELED_BONUS,TARGET,True,Modeled by engine.utah_draw_predictive.turkey.,0.000000,0.000000,0.000000,0.000000,YOUTH_TURKEY_SET_ASIDE,PROMOTED_TO_RUNTIME,APPROVED_RUNTIME_PROMOTION_2026_06_29,audits\full_family_runtime_materialized_20260703_025641\outputs\youth_turkey_report.json,audits\full_family_runtime_materialized_20260703_025641\outputs\youth_turkey_report.json,Family promoted after zero-pending runtime reconciliation; non-public/reference rows remain excluded.,
hybrid_ml_v2.1.0,utah_turkey_bonus_v1.0.0,2027,2027,TK1007,Southern Region,Turkey,Bearded,Limited Entry,Youth,Nonresident,19,youth_turkey,2,2,,1,,1,2,2,0,0,,0.000000,0.000000,0.000000,0.000,0.000,0.000,0.000,-17,0,BEHIND,YELLOW,POINT CREEP DEFEAT,"2019,2020,2021,2022,2023,2024,2025",7,2025,2019,predictive,youth_turkey_set_aside_bonus_v1,Any Legal Weapon,YOUTH_TURKEY_SET_ASIDE,YOUTH_TURKEY_SOURCE_CLASSIFIED|YOUTH_TURKEY_15_PERCENT_SET_ASIDE_APPLIED|YOUTH_TURKEY_SEPARATE_FROM_ADULT_TURKEY|YOUTH_TURKEY_QUOTA_SOURCE_HARD_PERMITS_2026_TOTAL_YOUTH_SET_ASIDE|PROVEN_YOUTH_TURKEY_SOURCE,MODELED_BONUS,TARGET,True,Modeled by engine.utah_draw_predictive.turkey.,0.000000,0.000000,0.000000,0.000000,YOUTH_TURKEY_SET_ASIDE,PROMOTED_TO_RUNTIME,APPROVED_RUNTIME_PROMOTION_2026_06_29,audits\full_family_runtime_materialized_20260703_025641\outputs\youth_turkey_report.json,audits\full_family_runtime_materialized_20260703_025641\outputs\youth_turkey_report.json,Family promoted after zero-pending runtime reconciliation; non-public/reference rows remain excluded.,
hybrid_ml_v2.1.0,utah_turkey_bonus_v1.0.0,2027,2027,TK1007,Southern Region,Turkey,Bearded,Limited Entry,Youth,Nonresident,20,youth_turkey,2,2,,1,,1,2,2,0,0,,0.000000,0.000000,0.000000,0.000,0.000,0.000,0.000,-18,0,BEHIND,YELLOW,POINT CREEP DEFEAT,"2019,2020,2021,2022,2023,2024,2025",7,2025,2019,predictive,youth_turkey_set_aside_bonus_v1,Any Legal Weapon,YOUTH_TURKEY_SET_ASIDE,YOUTH_TURKEY_SOURCE_CLASSIFIED|YOUTH_TURKEY_15_PERCENT_SET_ASIDE_APPLIED|YOUTH_TURKEY_SEPARATE_FROM_ADULT_TURKEY|YOUTH_TURKEY_QUOTA_SOURCE_HARD_PERMITS_2026_TOTAL_YOUTH_SET_ASIDE|PROVEN_YOUTH_TURKEY_SOURCE,MODELED_BONUS,TARGET,True,Modeled by engine.utah_draw_predictive.turkey.,0.000000,0.000000,0.000000,0.000000,YOUTH_TURKEY_SET_ASIDE,PROMOTED_TO_RUNTIME,APPROVED_RUNTIME_PROMOTION_2026_06_29,audits\full_family_runtime_materialized_20260703_025641\outputs\youth_turkey_report.json,audits\full_family_runtime_materialized_20260703_025641\outputs\youth_turkey_report.json,Family promoted after zero-pending runtime reconciliation; non-public/reference rows remain excluded.,
hybrid_ml_v2.1.0,utah_turkey_bonus_v1.0.0,2027,2027,TK1007,Southern Region,Turkey,Bearded,Limited Entry,Youth,Nonresident,21,youth_turkey,2,2,,1,,1,2,2,0,0,,0.000000,0.000000,0.000000,0.000,0.000,0.000,0.000,-19,0,BEHIND,YELLOW,POINT CREEP DEFEAT,"2019,2020,2021,2022,2023,2024,2025",7,2025,2019,predictive,youth_turkey_set_aside_bonus_v1,Any Legal Weapon,YOUTH_TURKEY_SET_ASIDE,YOUTH_TURKEY_SOURCE_CLASSIFIED|YOUTH_TURKEY_15_PERCENT_SET_ASIDE_APPLIED|YOUTH_TURKEY_SEPARATE_FROM_ADULT_TURKEY|YOUTH_TURKEY_QUOTA_SOURCE_HARD_PERMITS_2026_TOTAL_YOUTH_SET_ASIDE|PROVEN_YOUTH_TURKEY_SOURCE,MODELED_BONUS,TARGET,True,Modeled by engine.utah_draw_predictive.turkey.,0.000000,0.000000,0.000000,0.000000,YOUTH_TURKEY_SET_ASIDE,PROMOTED_TO_RUNTIME,APPROVED_RUNTIME_PROMOTION_2026_06_29,audits\full_family_runtime_materialized_20260703_025641\outputs\youth_turkey_report.json,audits\full_family_runtime_materialized_20260703_025641\outputs\youth_turkey_report.json,Family promoted after zero-pending runtime reconciliation; non-public/reference rows remain excluded.,
hybrid_ml_v2.1.0,utah_turkey_bonus_v1.0.0,2027,2027,TK1007,Southern Region,Turkey,Bearded,Limited Entry,Youth,Nonresident,22,youth_turkey,2,2,,1,,1,2,2,0,0,,0.000000,0.000000,0.000000,0.000,0.000,0.000,0.000,-20,0,BEHIND,YELLOW,POINT CREEP DEFEAT,"2019,2020,2021,2022,2023,2024,2025",7,2025,2019,predictive,youth_turkey_set_aside_bonus_v1,Any Legal Weapon,YOUTH_TURKEY_SET_ASIDE,YOUTH_TURKEY_SOURCE_CLASSIFIED|YOUTH_TURKEY_15_PERCENT_SET_ASIDE_APPLIED|YOUTH_TURKEY_SEPARATE_FROM_ADULT_TURKEY|YOUTH_TURKEY_QUOTA_SOURCE_HARD_PERMITS_2026_TOTAL_YOUTH_SET_ASIDE|PROVEN_YOUTH_TURKEY_SOURCE,MODELED_BONUS,TARGET,True,Modeled by engine.utah_draw_predictive.turkey.,0.000000,0.000000,0.000000,0.000000,YOUTH_TURKEY_SET_ASIDE,PROMOTED_TO_RUNTIME,APPROVED_RUNTIME_PROMOTION_2026_06_29,audits\full_family_runtime_materialized_20260703_025641\outputs\youth_turkey_report.json,audits\full_family_runtime_materialized_20260703_025641\outputs\youth_turkey_report.json,Family promoted after zero-pending runtime reconciliation; non-public/reference rows remain excluded.,
hybrid_ml_v2.1.0,utah_turkey_bonus_v1.0.0,2027,2027,TK1007,Southern Region,Turkey,Bearded,Limited Entry,Youth,Nonresident,23,youth_turkey,2,2,,1,,1,2,2,0,0,,0.000000,0.000000,0.000000,0.000,0.000,0.000,0.000,-21,0,BEHIND,YELLOW,POINT CREEP DEFEAT,"2019,2020,2021,2022,2023,2024,2025",7,2025,2019,predictive,youth_turkey_set_aside_bonus_v1,Any Legal Weapon,YOUTH_TURKEY_SET_ASIDE,YOUTH_TURKEY_SOURCE_CLASSIFIED|YOUTH_TURKEY_15_PERCENT_SET_ASIDE_APPLIED|YOUTH_TURKEY_SEPARATE_FROM_ADULT_TURKEY|YOUTH_TURKEY_QUOTA_SOURCE_HARD_PERMITS_2026_TOTAL_YOUTH_SET_ASIDE|PROVEN_YOUTH_TURKEY_SOURCE,MODELED_BONUS,TARGET,True,Modeled by engine.utah_draw_predictive.turkey.,0.000000,0.000000,0.000000,0.000000,YOUTH_TURKEY_SET_ASIDE,PROMOTED_TO_RUNTIME,APPROVED_RUNTIME_PROMOTION_2026_06_29,audits\full_family_runtime_materialized_20260703_025641\outputs\youth_turkey_report.json,audits\full_family_runtime_materialized_20260703_025641\outputs\youth_turkey_report.json,Family promoted after zero-pending runtime reconciliation; non-public/reference rows remain excluded.,
hybrid_ml_v2.1.0,utah_turkey_bonus_v1.0.0,2027,2027,TK1007,Southern Region,Turkey,Bearded,Limited Entry,Youth,Resident,0,youth_turkey,91,79,,40,,39,2,2,125,139,,0.000000,0.999998,0.999998,0.000,100.000,100.000,100.000,2,0,BEHIND,YELLOW,GREEN LIGHT,"2019,2020,2021,2022,2023,2024,2025",7,2025,2019,predictive,youth_turkey_set_aside_bonus_v1,Any Legal Weapon,YOUTH_TURKEY_SET_ASIDE,YOUTH_TURKEY_SOURCE_CLASSIFIED|YOUTH_TURKEY_15_PERCENT_SET_ASIDE_APPLIED|YOUTH_TURKEY_SEPARATE_FROM_ADULT_TURKEY|YOUTH_TURKEY_QUOTA_SOURCE_HARD_PERMITS_2026_TOTAL_YOUTH_SET_ASIDE|PROVEN_YOUTH_TURKEY_SOURCE,MODELED_BONUS,TARGET,True,Modeled by engine.utah_draw_predictive.turkey.,0.999998,0.999998,0.999998,0.999998,YOUTH_TURKEY_SET_ASIDE,PROMOTED_TO_RUNTIME,APPROVED_RUNTIME_PROMOTION_2026_06_29,audits\full_family_runtime_materialized_20260703_025641\outputs\youth_turkey_report.json,audits\full_family_runtime_materialized_20260703_025641\outputs\youth_turkey_report.json,Family promoted after zero-pending runtime reconciliation; non-public/reference rows remain excluded.,~1 in 1.0 or 100.0%
hybrid_ml_v2.1.0,utah_turkey_bonus_v1.0.0,2027,2027,TK1007,Southern Region,Turkey,Bearded,Limited Entry,Youth,Resident,1,youth_turkey,91,79,,40,,39,2,2,72,53,,0.000000,0.999941,0.999941,0.000,99.994,99.994,99.994,1,0,BEHIND,YELLOW,GREEN LIGHT,"2019,2020,2021,2022,2023,2024,2025",7,2025,2019,predictive,youth_turkey_set_aside_bonus_v1,Any Legal Weapon,YOUTH_TURKEY_SET_ASIDE,YOUTH_TURKEY_SOURCE_CLASSIFIED|YOUTH_TURKEY_15_PERCENT_SET_ASIDE_APPLIED|YOUTH_TURKEY_SEPARATE_FROM_ADULT_TURKEY|YOUTH_TURKEY_QUOTA_SOURCE_HARD_PERMITS_2026_TOTAL_YOUTH_SET_ASIDE|PROVEN_YOUTH_TURKEY_SOURCE,MODELED_BONUS,TARGET,True,Modeled by engine.utah_draw_predictive.turkey.,0.999941,0.999941,0.999941,0.999941,YOUTH_TURKEY_SET_ASIDE,PROMOTED_TO_RUNTIME,APPROVED_RUNTIME_PROMOTION_2026_06_29,audits\full_family_runtime_materialized_20260703_025641\outputs\youth_turkey_report.json,audits\full_family_runtime_materialized_20260703_025641\outputs\youth_turkey_report.json,Family promoted after zero-pending runtime reconciliation; non-public/reference rows remain excluded.,~1 in 1.0 or 100.0%
hybrid_ml_v2.1.0,utah_turkey_bonus_v1.0.0,2027,2027,TK1007,Southern Region,Turkey,Bearded,Limited Entry,Youth,Resident,2,youth_turkey,91,79,,40,,39,2,2,19,53,,0.396226,1.000000,1.000000,39.623,100.000,100.000,100.000,0,0,ON EDGE,YELLOW,GREEN LIGHT,"2019,2020,2021,2022,2023,2024,2025",7,2025,2019,predictive,youth_turkey_set_aside_bonus_v1,Any Legal Weapon,YOUTH_TURKEY_SET_ASIDE,YOUTH_TURKEY_SOURCE_CLASSIFIED|YOUTH_TURKEY_15_PERCENT_SET_ASIDE_APPLIED|YOUTH_TURKEY_SEPARATE_FROM_ADULT_TURKEY|YOUTH_TURKEY_QUOTA_SOURCE_HARD_PERMITS_2026_TOTAL_YOUTH_SET_ASIDE|PROVEN_YOUTH_TURKEY_SOURCE,MODELED_BONUS,TARGET,True,Modeled by engine.utah_draw_predictive.turkey.,1.000000,1.000000,1.000000,1.000000,YOUTH_TURKEY_SET_ASIDE,PROMOTED_TO_RUNTIME,APPROVED_RUNTIME_PROMOTION_2026_06_29,audits\full_family_runtime_materialized_20260703_025641\outputs\youth_turkey_report.json,audits\full_family_runtime_materialized_20260703_025641\outputs\youth_turkey_report.json,Family promoted after zero-pending runtime reconciliation; non-public/reference rows remain excluded.,~1 in 1.0 or 100.0%
hybrid_ml_v2.1.0,utah_turkey_bonus_v1.0.0,2027,2027,TK1007,Southern Region,Turkey,Bearded,Limited Entry,Youth,Resident,3,youth_turkey,91,79,,40,,39,2,2,0,19,,1.000000,0.998796,1.000000,100.000,99.880,100.000,99.880,-1,0,MAX POOL,YELLOW,GREEN LIGHT,"2019,2020,2021,2022,2023,2024,2025",7,2025,2019,predictive,youth_turkey_set_aside_bonus_v1,Any Legal Weapon,YOUTH_TURKEY_SET_ASIDE,YOUTH_TURKEY_SOURCE_CLASSIFIED|YOUTH_TURKEY_15_PERCENT_SET_ASIDE_APPLIED|YOUTH_TURKEY_SEPARATE_FROM_ADULT_TURKEY|YOUTH_TURKEY_QUOTA_SOURCE_HARD_PERMITS_2026_TOTAL_YOUTH_SET_ASIDE|PROVEN_YOUTH_TURKEY_SOURCE,MODELED_BONUS,TARGET,True,Modeled by engine.utah_draw_predictive.turkey.,1.000000,1.000000,1.000000,1.000000,YOUTH_TURKEY_SET_ASIDE,PROMOTED_TO_RUNTIME,APPROVED_RUNTIME_PROMOTION_2026_06_29,audits\full_family_runtime_materialized_20260703_025641\outputs\youth_turkey_report.json,audits\full_family_runtime_materialized_20260703_025641\outputs\youth_turkey_report.json,Family promoted after zero-pending runtime reconciliation; non-public/reference rows remain excluded.,~1 in 1.0 or 100.0%
hybrid_ml_v2.1.0,utah_turkey_bonus_v1.0.0,2027,2027,TK1007,Southern Region,Turkey,Bearded,Limited Entry,Youth,Resident,4,youth_turkey,91,79,,40,,39,2,2,0,0,,0.000000,0.000000,0.000000,0.000,0.000,0.000,0.000,-2,0,BEHIND,YELLOW,POINT CREEP DEFEAT,"2019,2020,2021,2022,2023,2024,2025",7,2025,2019,predictive,youth_turkey_set_aside_bonus_v1,Any Legal Weapon,YOUTH_TURKEY_SET_ASIDE,YOUTH_TURKEY_SOURCE_CLASSIFIED|YOUTH_TURKEY_15_PERCENT_SET_ASIDE_APPLIED|YOUTH_TURKEY_SEPARATE_FROM_ADULT_TURKEY|YOUTH_TURKEY_QUOTA_SOURCE_HARD_PERMITS_2026_TOTAL_YOUTH_SET_ASIDE|PROVEN_YOUTH_TURKEY_SOURCE,MODELED_BONUS,TARGET,True,Modeled by engine.utah_draw_predictive.turkey.,0.000000,0.000000,0.000000,0.000000,YOUTH_TURKEY_SET_ASIDE,PROMOTED_TO_RUNTIME,APPROVED_RUNTIME_PROMOTION_2026_06_29,audits\full_family_runtime_materialized_20260703_025641\outputs\youth_turkey_report.json,audits\full_family_runtime_materialized_20260703_025641\outputs\youth_turkey_report.json,Family promoted after zero-pending runtime reconciliation; non-public/reference rows remain excluded.,
hybrid_ml_v2.1.0,utah_turkey_bonus_v1.0.0,2027,2027,TK1007,Southern Region,Turkey,Bearded,Limited Entry,Youth,Resident,5,youth_turkey,91,79,,40,,39,2,2,0,0,,0.000000,0.000000,0.000000,0.000,0.000,0.000,0.000,-3,0,BEHIND,YELLOW,POINT CREEP DEFEAT,"2019,2020,2021,2022,2023,2024,2025",7,2025,2019,predictive,youth_turkey_set_aside_bonus_v1,Any Legal Weapon,YOUTH_TURKEY_SET_ASIDE,YOUTH_TURKEY_SOURCE_CLASSIFIED|YOUTH_TURKEY_15_PERCENT_SET_ASIDE_APPLIED|YOUTH_TURKEY_SEPARATE_FROM_ADULT_TURKEY|YOUTH_TURKEY_QUOTA_SOURCE_HARD_PERMITS_2026_TOTAL_YOUTH_SET_ASIDE|PROVEN_YOUTH_TURKEY_SOURCE,MODELED_BONUS,TARGET,True,Modeled by engine.utah_draw_predictive.turkey.,0.000000,0.000000,0.000000,0.000000,YOUTH_TURKEY_SET_ASIDE,PROMOTED_TO_RUNTIME,APPROVED_RUNTIME_PROMOTION_2026_06_29,audits\full_family_runtime_materialized_20260703_025641\outputs\youth_turkey_report.json,audits\full_family_runtime_materialized_20260703_025641\outputs\youth_turkey_report.json,Family promoted after zero-pending runtime reconciliation; non-public/reference rows remain excluded.,
hybrid_ml_v2.1.0,utah_turkey_bonus_v1.0.0,2027,2027,TK1007,Southern Region,Turkey,Bearded,Limited Entry,Youth,Resident,6,youth_turkey,91,79,,40,,39,2,2,0,0,,0.000000,0.000000,0.000000,0.000,0.000,0.000,0.000,-4,0,BEHIND,YELLOW,POINT CREEP DEFEAT,"2019,2020,2021,2022,2023,2024,2025",7,2025,2019,predictive,youth_turkey_set_aside_bonus_v1,Any Legal Weapon,YOUTH_TURKEY_SET_ASIDE,YOUTH_TURKEY_SOURCE_CLASSIFIED|YOUTH_TURKEY_15_PERCENT_SET_ASIDE_APPLIED|YOUTH_TURKEY_SEPARATE_FROM_ADULT_TURKEY|YOUTH_TURKEY_QUOTA_SOURCE_HARD_PERMITS_2026_TOTAL_YOUTH_SET_ASIDE|PROVEN_YOUTH_TURKEY_SOURCE,MODELED_BONUS,TARGET,True,Modeled by engine.utah_draw_predictive.turkey.,0.000000,0.000000,0.000000,0.000000,YOUTH_TURKEY_SET_ASIDE,PROMOTED_TO_RUNTIME,APPROVED_RUNTIME_PROMOTION_2026_06_29,audits\full_family_runtime_materialized_20260703_025641\outputs\youth_turkey_report.json,audits\full_family_runtime_materialized_20260703_025641\outputs\youth_turkey_report.json,Family promoted after zero-pending runtime reconciliation; non-public/reference rows remain excluded.,
hybrid_ml_v2.1.0,utah_turkey_bonus_v1.0.0,2027,2027,TK1007,Southern Region,Turkey,Bearded,Limited Entry,Youth,Resident,7,youth_turkey,91,79,,40,,39,2,2,0,0,,0.000000,0.000000,0.000000,0.000,0.000,0.000,0.000,-5,0,BEHIND,YELLOW,POINT CREEP DEFEAT,"2019,2020,2021,2022,2023,2024,2025",7,2025,2019,predictive,youth_turkey_set_aside_bonus_v1,Any Legal Weapon,YOUTH_TURKEY_SET_ASIDE,YOUTH_TURKEY_SOURCE_CLASSIFIED|YOUTH_TURKEY_15_PERCENT_SET_ASIDE_APPLIED|YOUTH_TURKEY_SEPARATE_FROM_ADULT_TURKEY|YOUTH_TURKEY_QUOTA_SOURCE_HARD_PERMITS_2026_TOTAL_YOUTH_SET_ASIDE|PROVEN_YOUTH_TURKEY_SOURCE,MODELED_BONUS,TARGET,True,Modeled by engine.utah_draw_predictive.turkey.,0.000000,0.000000,0.000000,0.000000,YOUTH_TURKEY_SET_ASIDE,PROMOTED_TO_RUNTIME,APPROVED_RUNTIME_PROMOTION_2026_06_29,audits\full_family_runtime_materialized_20260703_025641\outputs\youth_turkey_report.json,audits\full_family_runtime_materialized_20260703_025641\outputs\youth_turkey_report.json,Family promoted after zero-pending runtime reconciliation; non-public/reference rows remain excluded.,
hybrid_ml_v2.1.0,utah_turkey_bonus_v1.0.0,2027,2027,TK1007,Southern Region,Turkey,Bearded,Limited Entry,Youth,Resident,8,youth_turkey,91,79,,40,,39,2,2,0,0,,0.000000,0.000000,0.000000,0.000,0.000,0.000,0.000,-6,0,BEHIND,YELLOW,POINT CREEP DEFEAT,"2019,2020,2021,2022,2023,2024,2025",7,2025,2019,predictive,youth_turkey_set_aside_bonus_v1,Any Legal Weapon,YOUTH_TURKEY_SET_ASIDE,YOUTH_TURKEY_SOURCE_CLASSIFIED|YOUTH_TURKEY_15_PERCENT_SET_ASIDE_APPLIED|YOUTH_TURKEY_SEPARATE_FROM_ADULT_TURKEY|YOUTH_TURKEY_QUOTA_SOURCE_HARD_PERMITS_2026_TOTAL_YOUTH_SET_ASIDE|PROVEN_YOUTH_TURKEY_SOURCE,MODELED_BONUS,TARGET,True,Modeled by engine.utah_draw_predictive.turkey.,0.000000,0.000000,0.000000,0.000000,YOUTH_TURKEY_SET_ASIDE,PROMOTED_TO_RUNTIME,APPROVED_RUNTIME_PROMOTION_2026_06_29,audits\full_family_runtime_materialized_20260703_025641\outputs\youth_turkey_report.json,audits\full_family_runtime_materialized_20260703_025641\outputs\youth_turkey_report.json,Family promoted after zero-pending runtime reconciliation; non-public/reference rows remain excluded.,
hybrid_ml_v2.1.0,utah_turkey_bonus_v1.0.0,2027,2027,TK1007,Southern Region,Turkey,Bearded,Limited Entry,Youth,Resident,9,youth_turkey,91,79,,40,,39,2,2,0,0,,0.000000,0.000000,0.000000,0.000,0.000,0.000,0.000,-7,0,BEHIND,YELLOW,POINT CREEP DEFEAT,"2019,2020,2021,2022,2023,2024,2025",7,2025,2019,predictive,youth_turkey_set_aside_bonus_v1,Any Legal Weapon,YOUTH_TURKEY_SET_ASIDE,YOUTH_TURKEY_SOURCE_CLASSIFIED|YOUTH_TURKEY_15_PERCENT_SET_ASIDE_APPLIED|YOUTH_TURKEY_SEPARATE_FROM_ADULT_TURKEY|YOUTH_TURKEY_QUOTA_SOURCE_HARD_PERMITS_2026_TOTAL_YOUTH_SET_ASIDE|PROVEN_YOUTH_TURKEY_SOURCE,MODELED_BONUS,TARGET,True,Modeled by engine.utah_draw_predictive.turkey.,0.000000,0.000000,0.000000,0.000000,YOUTH_TURKEY_SET_ASIDE,PROMOTED_TO_RUNTIME,APPROVED_RUNTIME_PROMOTION_2026_06_29,audits\full_family_runtime_materialized_20260703_025641\outputs\youth_turkey_report.json,audits\full_family_runtime_materialized_20260703_025641\outputs\youth_turkey_report.json,Family promoted after zero-pending runtime reconciliation; non-public/reference rows remain excluded.,
hybrid_ml_v2.1.0,utah_turkey_bonus_v1.0.0,2027,2027,TK1007,Southern Region,Turkey,Bearded,Limited Entry,Youth,Resident,10,youth_turkey,91,79,,40,,39,2,2,0,0,,0.000000,0.000000,0.000000,0.000,0.000,0.000,0.000,-8,0,BEHIND,YELLOW,POINT CREEP DEFEAT,"2019,2020,2021,2022,2023,2024,2025",7,2025,2019,predictive,youth_turkey_set_aside_bonus_v1,Any Legal Weapon,YOUTH_TURKEY_SET_ASIDE,YOUTH_TURKEY_SOURCE_CLASSIFIED|YOUTH_TURKEY_15_PERCENT_SET_ASIDE_APPLIED|YOUTH_TURKEY_SEPARATE_FROM_ADULT_TURKEY|YOUTH_TURKEY_QUOTA_SOURCE_HARD_PERMITS_2026_TOTAL_YOUTH_SET_ASIDE|PROVEN_YOUTH_TURKEY_SOURCE,MODELED_BONUS,TARGET,True,Modeled by engine.utah_draw_predictive.turkey.,0.000000,0.000000,0.000000,0.000000,YOUTH_TURKEY_SET_ASIDE,PROMOTED_TO_RUNTIME,APPROVED_RUNTIME_PROMOTION_2026_06_29,audits\full_family_runtime_materialized_20260703_025641\outputs\youth_turkey_report.json,audits\full_family_runtime_materialized_20260703_025641\outputs\youth_turkey_report.json,Family promoted after zero-pending runtime reconciliation; non-public/reference rows remain excluded.,
hybrid_ml_v2.1.0,utah_turkey_bonus_v1.0.0,2027,2027,TK1007,Southern Region,Turkey,Bearded,Limited Entry,Youth,Resident,11,youth_turkey,91,79,,40,,39,2,2,0,0,,0.000000,0.000000,0.000000,0.000,0.000,0.000,0.000,-9,0,BEHIND,YELLOW,POINT CREEP DEFEAT,"2019,2020,2021,2022,2023,2024,2025",7,2025,2019,predictive,youth_turkey_set_aside_bonus_v1,Any Legal Weapon,YOUTH_TURKEY_SET_ASIDE,YOUTH_TURKEY_SOURCE_CLASSIFIED|YOUTH_TURKEY_15_PERCENT_SET_ASIDE_APPLIED|YOUTH_TURKEY_SEPARATE_FROM_ADULT_TURKEY|YOUTH_TURKEY_QUOTA_SOURCE_HARD_PERMITS_2026_TOTAL_YOUTH_SET_ASIDE|PROVEN_YOUTH_TURKEY_SOURCE,MODELED_BONUS,TARGET,True,Modeled by engine.utah_draw_predictive.turkey.,0.000000,0.000000,0.000000,0.000000,YOUTH_TURKEY_SET_ASIDE,PROMOTED_TO_RUNTIME,APPROVED_RUNTIME_PROMOTION_2026_06_29,audits\full_family_runtime_materialized_20260703_025641\outputs\youth_turkey_report.json,audits\full_family_runtime_materialized_20260703_025641\outputs\youth_turkey_report.json,Family promoted after zero-pending runtime reconciliation; non-public/reference rows remain excluded.,
hybrid_ml_v2.1.0,utah_turkey_bonus_v1.0.0,2027,2027,TK1007,Southern Region,Turkey,Bearded,Limited Entry,Youth,Resident,12,youth_turkey,91,79,,40,,39,2,2,0,0,,0.000000,0.000000,0.000000,0.000,0.000,0.000,0.000,-10,0,BEHIND,YELLOW,POINT CREEP DEFEAT,"2019,2020,2021,2022,2023,2024,2025",7,2025,2019,predictive,youth_turkey_set_aside_bonus_v1,Any Legal Weapon,YOUTH_TURKEY_SET_ASIDE,YOUTH_TURKEY_SOURCE_CLASSIFIED|YOUTH_TURKEY_15_PERCENT_SET_ASIDE_APPLIED|YOUTH_TURKEY_SEPARATE_FROM_ADULT_TURKEY|YOUTH_TURKEY_QUOTA_SOURCE_HARD_PERMITS_2026_TOTAL_YOUTH_SET_ASIDE|PROVEN_YOUTH_TURKEY_SOURCE,MODELED_BONUS,TARGET,True,Modeled by engine.utah_draw_predictive.turkey.,0.000000,0.000000,0.000000,0.000000,YOUTH_TURKEY_SET_ASIDE,PROMOTED_TO_RUNTIME,APPROVED_RUNTIME_PROMOTION_2026_06_29,audits\full_family_runtime_materialized_20260703_025641\outputs\youth_turkey_report.json,audits\full_family_runtime_materialized_20260703_025641\outputs\youth_turkey_report.json,Family promoted after zero-pending runtime reconciliation; non-public/reference rows remain excluded.,
hybrid_ml_v2.1.0,utah_turkey_bonus_v1.0.0,2027,2027,TK1007,Southern Region,Turkey,Bearded,Limited Entry,Youth,Resident,13,youth_turkey,91,79,,40,,39,2,2,0,0,,0.000000,0.000000,0.000000,0.000,0.000,0.000,0.000,-11,0,BEHIND,YELLOW,POINT CREEP DEFEAT,"2019,2020,2021,2022,2023,2024,2025",7,2025,2019,predictive,youth_turkey_set_aside_bonus_v1,Any Legal Weapon,YOUTH_TURKEY_SET_ASIDE,YOUTH_TURKEY_SOURCE_CLASSIFIED|YOUTH_TURKEY_15_PERCENT_SET_ASIDE_APPLIED|YOUTH_TURKEY_SEPARATE_FROM_ADULT_TURKEY|YOUTH_TURKEY_QUOTA_SOURCE_HARD_PERMITS_2026_TOTAL_YOUTH_SET_ASIDE|PROVEN_YOUTH_TURKEY_SOURCE,MODELED_BONUS,TARGET,True,Modeled by engine.utah_draw_predictive.turkey.,0.000000,0.000000,0.000000,0.000000,YOUTH_TURKEY_SET_ASIDE,PROMOTED_TO_RUNTIME,APPROVED_RUNTIME_PROMOTION_2026_06_29,audits\full_family_runtime_materialized_20260703_025641\outputs\youth_turkey_report.json,audits\full_family_runtime_materialized_20260703_025641\outputs\youth_turkey_report.json,Family promoted after zero-pending runtime reconciliation; non-public/reference rows remain excluded.,
hybrid_ml_v2.1.0,utah_turkey_bonus_v1.0.0,2027,2027,TK1007,Southern Region,Turkey,Bearded,Limited Entry,Youth,Resident,14,youth_turkey,91,79,,40,,39,2,2,0,0,,0.000000,0.000000,0.000000,0.000,0.000,0.000,0.000,-12,0,BEHIND,YELLOW,POINT CREEP DEFEAT,"2019,2020,2021,2022,2023,2024,2025",7,2025,2019,predictive,youth_turkey_set_aside_bonus_v1,Any Legal Weapon,YOUTH_TURKEY_SET_ASIDE,YOUTH_TURKEY_SOURCE_CLASSIFIED|YOUTH_TURKEY_15_PERCENT_SET_ASIDE_APPLIED|YOUTH_TURKEY_SEPARATE_FROM_ADULT_TURKEY|YOUTH_TURKEY_QUOTA_SOURCE_HARD_PERMITS_2026_TOTAL_YOUTH_SET_ASIDE|PROVEN_YOUTH_TURKEY_SOURCE,MODELED_BONUS,TARGET,True,Modeled by engine.utah_draw_predictive.turkey.,0.000000,0.000000,0.000000,0.000000,YOUTH_TURKEY_SET_ASIDE,PROMOTED_TO_RUNTIME,APPROVED_RUNTIME_PROMOTION_2026_06_29,audits\full_family_runtime_materialized_20260703_025641\outputs\youth_turkey_report.json,audits\full_family_runtime_materialized_20260703_025641\outputs\youth_turkey_report.json,Family promoted after zero-pending runtime reconciliation; non-public/reference rows remain excluded.,
hybrid_ml_v2.1.0,utah_turkey_bonus_v1.0.0,2027,2027,TK1007,Southern Region,Turkey,Bearded,Limited Entry,Youth,Resident,15,youth_turkey,91,79,,40,,39,2,2,0,0,,0.000000,0.000000,0.000000,0.000,0.000,0.000,0.000,-13,0,BEHIND,YELLOW,POINT CREEP DEFEAT,"2019,2020,2021,2022,2023,2024,2025",7,2025,2019,predictive,youth_turkey_set_aside_bonus_v1,Any Legal Weapon,YOUTH_TURKEY_SET_ASIDE,YOUTH_TURKEY_SOURCE_CLASSIFIED|YOUTH_TURKEY_15_PERCENT_SET_ASIDE_APPLIED|YOUTH_TURKEY_SEPARATE_FROM_ADULT_TURKEY|YOUTH_TURKEY_QUOTA_SOURCE_HARD_PERMITS_2026_TOTAL_YOUTH_SET_ASIDE|PROVEN_YOUTH_TURKEY_SOURCE,MODELED_BONUS,TARGET,True,Modeled by engine.utah_draw_predictive.turkey.,0.000000,0.000000,0.000000,0.000000,YOUTH_TURKEY_SET_ASIDE,PROMOTED_TO_RUNTIME,APPROVED_RUNTIME_PROMOTION_2026_06_29,audits\full_family_runtime_materialized_20260703_025641\outputs\youth_turkey_report.json,audits\full_family_runtime_materialized_20260703_025641\outputs\youth_turkey_report.json,Family promoted after zero-pending runtime reconciliation; non-public/reference rows remain excluded.,
hybrid_ml_v2.1.0,utah_turkey_bonus_v1.0.0,2027,2027,TK1007,Southern Region,Turkey,Bearded,Limited Entry,Youth,Resident,16,youth_turkey,91,79,,40,,39,2,2,0,0,,0.000000,0.000000,0.000000,0.000,0.000,0.000,0.000,-14,0,BEHIND,YELLOW,POINT CREEP DEFEAT,"2019,2020,2021,2022,2023,2024,2025",7,2025,2019,predictive,youth_turkey_set_aside_bonus_v1,Any Legal Weapon,YOUTH_TURKEY_SET_ASIDE,YOUTH_TURKEY_SOURCE_CLASSIFIED|YOUTH_TURKEY_15_PERCENT_SET_ASIDE_APPLIED|YOUTH_TURKEY_SEPARATE_FROM_ADULT_TURKEY|YOUTH_TURKEY_QUOTA_SOURCE_HARD_PERMITS_2026_TOTAL_YOUTH_SET_ASIDE|PROVEN_YOUTH_TURKEY_SOURCE,MODELED_BONUS,TARGET,True,Modeled by engine.utah_draw_predictive.turkey.,0.000000,0.000000,0.000000,0.000000,YOUTH_TURKEY_SET_ASIDE,PROMOTED_TO_RUNTIME,APPROVED_RUNTIME_PROMOTION_2026_06_29,audits\full_family_runtime_materialized_20260703_025641\outputs\youth_turkey_report.json,audits\full_family_runtime_materialized_20260703_025641\outputs\youth_turkey_report.json,Family promoted after zero-pending runtime reconciliation; non-public/reference rows remain excluded.,
hybrid_ml_v2.1.0,utah_turkey_bonus_v1.0.0,2027,2027,TK1007,Southern Region,Turkey,Bearded,Limited Entry,Youth,Resident,17,youth_turkey,91,79,,40,,39,2,2,0,0,,0.000000,0.000000,0.000000,0.000,0.000,0.000,0.000,-15,0,BEHIND,YELLOW,POINT CREEP DEFEAT,"2019,2020,2021,2022,2023,2024,2025",7,2025,2019,predictive,youth_turkey_set_aside_bonus_v1,Any Legal Weapon,YOUTH_TURKEY_SET_ASIDE,YOUTH_TURKEY_SOURCE_CLASSIFIED|YOUTH_TURKEY_15_PERCENT_SET_ASIDE_APPLIED|YOUTH_TURKEY_SEPARATE_FROM_ADULT_TURKEY|YOUTH_TURKEY_QUOTA_SOURCE_HARD_PERMITS_2026_TOTAL_YOUTH_SET_ASIDE|PROVEN_YOUTH_TURKEY_SOURCE,MODELED_BONUS,TARGET,True,Modeled by engine.utah_draw_predictive.turkey.,0.000000,0.000000,0.000000,0.000000,YOUTH_TURKEY_SET_ASIDE,PROMOTED_TO_RUNTIME,APPROVED_RUNTIME_PROMOTION_2026_06_29,audits\full_family_runtime_materialized_20260703_025641\outputs\youth_turkey_report.json,audits\full_family_runtime_materialized_20260703_025641\outputs\youth_turkey_report.json,Family promoted after zero-pending runtime reconciliation; non-public/reference rows remain excluded.,
hybrid_ml_v2.1.0,utah_turkey_bonus_v1.0.0,2027,2027,TK1007,Southern Region,Turkey,Bearded,Limited Entry,Youth,Resident,18,youth_turkey,91,79,,40,,39,2,2,0,0,,0.000000,0.000000,0.000000,0.000,0.000,0.000,0.000,-16,0,BEHIND,YELLOW,POINT CREEP DEFEAT,"2019,2020,2021,2022,2023,2024,2025",7,2025,2019,predictive,youth_turkey_set_aside_bonus_v1,Any Legal Weapon,YOUTH_TURKEY_SET_ASIDE,YOUTH_TURKEY_SOURCE_CLASSIFIED|YOUTH_TURKEY_15_PERCENT_SET_ASIDE_APPLIED|YOUTH_TURKEY_SEPARATE_FROM_ADULT_TURKEY|YOUTH_TURKEY_QUOTA_SOURCE_HARD_PERMITS_2026_TOTAL_YOUTH_SET_ASIDE|PROVEN_YOUTH_TURKEY_SOURCE,MODELED_BONUS,TARGET,True,Modeled by engine.utah_draw_predictive.turkey.,0.000000,0.000000,0.000000,0.000000,YOUTH_TURKEY_SET_ASIDE,PROMOTED_TO_RUNTIME,APPROVED_RUNTIME_PROMOTION_2026_06_29,audits\full_family_runtime_materialized_20260703_025641\outputs\youth_turkey_report.json,audits\full_family_runtime_materialized_20260703_025641\outputs\youth_turkey_report.json,Family promoted after zero-pending runtime reconciliation; non-public/reference rows remain excluded.,
hybrid_ml_v2.1.0,utah_turkey_bonus_v1.0.0,2027,2027,TK1007,Southern Region,Turkey,Bearded,Limited Entry,Youth,Resident,19,youth_turkey,91,79,,40,,39,2,2,0,0,,0.000000,0.000000,0.000000,0.000,0.000,0.000,0.000,-17,0,BEHIND,YELLOW,POINT CREEP DEFEAT,"2019,2020,2021,2022,2023,2024,2025",7,2025,2019,predictive,youth_turkey_set_aside_bonus_v1,Any Legal Weapon,YOUTH_TURKEY_SET_ASIDE,YOUTH_TURKEY_SOURCE_CLASSIFIED|YOUTH_TURKEY_15_PERCENT_SET_ASIDE_APPLIED|YOUTH_TURKEY_SEPARATE_FROM_ADULT_TURKEY|YOUTH_TURKEY_QUOTA_SOURCE_HARD_PERMITS_2026_TOTAL_YOUTH_SET_ASIDE|PROVEN_YOUTH_TURKEY_SOURCE,MODELED_BONUS,TARGET,True,Modeled by engine.utah_draw_predictive.turkey.,0.000000,0.000000,0.000000,0.000000,YOUTH_TURKEY_SET_ASIDE,PROMOTED_TO_RUNTIME,APPROVED_RUNTIME_PROMOTION_2026_06_29,audits\full_family_runtime_materialized_20260703_025641\outputs\youth_turkey_report.json,audits\full_family_runtime_materialized_20260703_025641\outputs\youth_turkey_report.json,Family promoted after zero-pending runtime reconciliation; non-public/reference rows remain excluded.,
hybrid_ml_v2.1.0,utah_turkey_bonus_v1.0.0,2027,2027,TK1007,Southern Region,Turkey,Bearded,Limited Entry,Youth,Resident,20,youth_turkey,91,79,,40,,39,2,2,0,0,,0.000000,0.000000,0.000000,0.000,0.000,0.000,0.000,-18,0,BEHIND,YELLOW,POINT CREEP DEFEAT,"2019,2020,2021,2022,2023,2024,2025",7,2025,2019,predictive,youth_turkey_set_aside_bonus_v1,Any Legal Weapon,YOUTH_TURKEY_SET_ASIDE,YOUTH_TURKEY_SOURCE_CLASSIFIED|YOUTH_TURKEY_15_PERCENT_SET_ASIDE_APPLIED|YOUTH_TURKEY_SEPARATE_FROM_ADULT_TURKEY|YOUTH_TURKEY_QUOTA_SOURCE_HARD_PERMITS_2026_TOTAL_YOUTH_SET_ASIDE|PROVEN_YOUTH_TURKEY_SOURCE,MODELED_BONUS,TARGET,True,Modeled by engine.utah_draw_predictive.turkey.,0.000000,0.000000,0.000000,0.000000,YOUTH_TURKEY_SET_ASIDE,PROMOTED_TO_RUNTIME,APPROVED_RUNTIME_PROMOTION_2026_06_29,audits\full_family_runtime_materialized_20260703_025641\outputs\youth_turkey_report.json,audits\full_family_runtime_materialized_20260703_025641\outputs\youth_turkey_report.json,Family promoted after zero-pending runtime reconciliation; non-public/reference rows remain excluded.,
hybrid_ml_v2.1.0,utah_turkey_bonus_v1.0.0,2027,2027,TK1007,Southern Region,Turkey,Bearded,Limited Entry,Youth,Resident,21,youth_turkey,91,79,,40,,39,2,2,0,0,,0.000000,0.000000,0.000000,0.000,0.000,0.000,0.000,-19,0,BEHIND,YELLOW,POINT CREEP DEFEAT,"2019,2020,2021,2022,2023,2024,2025",7,2025,2019,predictive,youth_turkey_set_aside_bonus_v1,Any Legal Weapon,YOUTH_TURKEY_SET_ASIDE,YOUTH_TURKEY_SOURCE_CLASSIFIED|YOUTH_TURKEY_15_PERCENT_SET_ASIDE_APPLIED|YOUTH_TURKEY_SEPARATE_FROM_ADULT_TURKEY|YOUTH_TURKEY_QUOTA_SOURCE_HARD_PERMITS_2026_TOTAL_YOUTH_SET_ASIDE|PROVEN_YOUTH_TURKEY_SOURCE,MODELED_BONUS,TARGET,True,Modeled by engine.utah_draw_predictive.turkey.,0.000000,0.000000,0.000000,0.000000,YOUTH_TURKEY_SET_ASIDE,PROMOTED_TO_RUNTIME,APPROVED_RUNTIME_PROMOTION_2026_06_29,audits\full_family_runtime_materialized_20260703_025641\outputs\youth_turkey_report.json,audits\full_family_runtime_materialized_20260703_025641\outputs\youth_turkey_report.json,Family promoted after zero-pending runtime reconciliation; non-public/reference rows remain excluded.,
hybrid_ml_v2.1.0,utah_turkey_bonus_v1.0.0,2027,2027,TK1007,Southern Region,Turkey,Bearded,Limited Entry,Youth,Resident,22,youth_turkey,91,79,,40,,39,2,2,0,0,,0.000000,0.000000,0.000000,0.000,0.000,0.000,0.000,-20,0,BEHIND,YELLOW,POINT CREEP DEFEAT,"2019,2020,2021,2022,2023,2024,2025",7,2025,2019,predictive,youth_turkey_set_aside_bonus_v1,Any Legal Weapon,YOUTH_TURKEY_SET_ASIDE,YOUTH_TURKEY_SOURCE_CLASSIFIED|YOUTH_TURKEY_15_PERCENT_SET_ASIDE_APPLIED|YOUTH_TURKEY_SEPARATE_FROM_ADULT_TURKEY|YOUTH_TURKEY_QUOTA_SOURCE_HARD_PERMITS_2026_TOTAL_YOUTH_SET_ASIDE|PROVEN_YOUTH_TURKEY_SOURCE,MODELED_BONUS,TARGET,True,Modeled by engine.utah_draw_predictive.turkey.,0.000000,0.000000,0.000000,0.000000,YOUTH_TURKEY_SET_ASIDE,PROMOTED_TO_RUNTIME,APPROVED_RUNTIME_PROMOTION_2026_06_29,audits\full_family_runtime_materialized_20260703_025641\outputs\youth_turkey_report.json,audits\full_family_runtime_materialized_20260703_025641\outputs\youth_turkey_report.json,Family promoted after zero-pending runtime reconciliation; non-public/reference rows remain excluded.,
hybrid_ml_v2.1.0,utah_turkey_bonus_v1.0.0,2027,2027,TK1007,Southern Region,Turkey,Bearded,Limited Entry,Youth,Resident,23,youth_turkey,91,79,,40,,39,2,2,0,0,,0.000000,0.000000,0.000000,0.000,0.000,0.000,0.000,-21,0,BEHIND,YELLOW,POINT CREEP DEFEAT,"2019,2020,2021,2022,2023,2024,2025",7,2025,2019,predictive,youth_turkey_set_aside_bonus_v1,Any Legal Weapon,YOUTH_TURKEY_SET_ASIDE,YOUTH_TURKEY_SOURCE_CLASSIFIED|YOUTH_TURKEY_15_PERCENT_SET_ASIDE_APPLIED|YOUTH_TURKEY_SEPARATE_FROM_ADULT_TURKEY|YOUTH_TURKEY_QUOTA_SOURCE_HARD_PERMITS_2026_TOTAL_YOUTH_SET_ASIDE|PROVEN_YOUTH_TURKEY_SOURCE,MODELED_BONUS,TARGET,True,Modeled by engine.utah_draw_predictive.turkey.,0.000000,0.000000,0.000000,0.000000,YOUTH_TURKEY_SET_ASIDE,PROMOTED_TO_RUNTIME,APPROVED_RUNTIME_PROMOTION_2026_06_29,audits\full_family_runtime_materialized_20260703_025641\outputs\youth_turkey_report.json,audits\full_family_runtime_materialized_20260703_025641\outputs\youth_turkey_report.json,Family promoted after zero-pending runtime reconciliation; non-public/reference rows remain excluded.,
