model_version,rule_version,year,forecast_year,hunt_code,hunt_name,species,sex_type,hunt_type,hunt_class,residency,points,draw_pool,public_permits_2025,public_permits_2026,max_point_permits_2025,max_point_permits_2026,random_permits_2025,random_permits_2026,guaranteed_at_2025,guaranteed_at_2026,applicants_above,applicants_at_level,probability_applicant_count,p_preference_draw,p_bonus_pool,p_random_pool,p_draw,p_bonus_pool_pct,p_random_pool_pct,p_draw_pct,random_draw_odds_2026,gap,delta_gap,status,trend,draw_outlook,source_years_used,source_year_count,latest_source_year,earliest_source_year,source_dataset,model_strategy,preference_model_valid,preference_model_note,weapon,draw_system_type,algorithm_status,target_scope,modeled_by_engine,reason
hybrid_ml_v2.1.0,utah_preference_dedicated_hunter_deer_v1.0.0,2026,2026,DB1770,Box Elder,Deer,Buck,General Season,Dedicated Hunter,Nonresident,0,dedicated_hunter,1,1,,,,,0,0,0,1,1,1.000000,,,1.000000,,,100.000,,0,0,ABOVE CUTOFF,YELLOW,GREEN LIGHT,"2021,2022,2023,2024,2025",5,2025,2021,predictive,preference_dedicated_hunter_deer,TRUE,Forecasted from 2025 dedicated hunter ladder with residency quota split and preference carry-forward.,Dedicated Hunter,PREFERENCE_DEDICATED_HUNTER_DEER,MODELED_PREFERENCE,TARGET,True,Modeled by engine.utah_draw_predictive.dedicated_hunter.
hybrid_ml_v2.1.0,utah_preference_dedicated_hunter_deer_v1.0.0,2026,2026,DB1770,Box Elder,Deer,Buck,General Season,Dedicated Hunter,Nonresident,1,dedicated_hunter,1,1,,,,,0,0,0,0,1,1.000000,,,1.000000,,,100.000,,-1,0,ABOVE CUTOFF,YELLOW,GREEN LIGHT,"2021,2022,2023,2024,2025",5,2025,2021,predictive,preference_dedicated_hunter_deer,TRUE,Forecasted from 2025 dedicated hunter ladder with residency quota split and preference carry-forward.,Dedicated Hunter,PREFERENCE_DEDICATED_HUNTER_DEER,MODELED_PREFERENCE,TARGET,True,Modeled by engine.utah_draw_predictive.dedicated_hunter.
hybrid_ml_v2.1.0,utah_preference_dedicated_hunter_deer_v1.0.0,2026,2026,DB1770,Box Elder,Deer,Buck,General Season,Dedicated Hunter,Nonresident,2,dedicated_hunter,1,1,,,,,0,0,0,0,1,1.000000,,,1.000000,,,100.000,,-2,0,ABOVE CUTOFF,YELLOW,GREEN LIGHT,"2021,2022,2023,2024,2025",5,2025,2021,predictive,preference_dedicated_hunter_deer,TRUE,Forecasted from 2025 dedicated hunter ladder with residency quota split and preference carry-forward.,Dedicated Hunter,PREFERENCE_DEDICATED_HUNTER_DEER,MODELED_PREFERENCE,TARGET,True,Modeled by engine.utah_draw_predictive.dedicated_hunter.
hybrid_ml_v2.1.0,utah_preference_dedicated_hunter_deer_v1.0.0,2026,2026,DB1770,Box Elder,Deer,Buck,General Season,Dedicated Hunter,Nonresident,3,dedicated_hunter,1,1,,,,,0,0,0,0,1,1.000000,,,1.000000,,,100.000,,-3,0,ABOVE CUTOFF,YELLOW,GREEN LIGHT,"2021,2022,2023,2024,2025",5,2025,2021,predictive,preference_dedicated_hunter_deer,TRUE,Forecasted from 2025 dedicated hunter ladder with residency quota split and preference carry-forward.,Dedicated Hunter,PREFERENCE_DEDICATED_HUNTER_DEER,MODELED_PREFERENCE,TARGET,True,Modeled by engine.utah_draw_predictive.dedicated_hunter.
hybrid_ml_v2.1.0,utah_preference_dedicated_hunter_deer_v1.0.0,2026,2026,DB1770,Box Elder,Deer,Buck,General Season,Dedicated Hunter,Nonresident,4,dedicated_hunter,1,1,,,,,0,0,0,0,1,1.000000,,,1.000000,,,100.000,,-4,0,ABOVE CUTOFF,YELLOW,GREEN LIGHT,"2021,2022,2023,2024,2025",5,2025,2021,predictive,preference_dedicated_hunter_deer,TRUE,Forecasted from 2025 dedicated hunter ladder with residency quota split and preference carry-forward.,Dedicated Hunter,PREFERENCE_DEDICATED_HUNTER_DEER,MODELED_PREFERENCE,TARGET,True,Modeled by engine.utah_draw_predictive.dedicated_hunter.
hybrid_ml_v2.1.0,utah_preference_dedicated_hunter_deer_v1.0.0,2026,2026,DB1770,Box Elder,Deer,Buck,General Season,Dedicated Hunter,Nonresident,5,dedicated_hunter,1,1,,,,,0,0,0,0,1,1.000000,,,1.000000,,,100.000,,-5,0,ABOVE CUTOFF,YELLOW,GREEN LIGHT,"2021,2022,2023,2024,2025",5,2025,2021,predictive,preference_dedicated_hunter_deer,TRUE,Forecasted from 2025 dedicated hunter ladder with residency quota split and preference carry-forward.,Dedicated Hunter,PREFERENCE_DEDICATED_HUNTER_DEER,MODELED_PREFERENCE,TARGET,True,Modeled by engine.utah_draw_predictive.dedicated_hunter.
hybrid_ml_v2.1.0,utah_preference_dedicated_hunter_deer_v1.0.0,2026,2026,DB1770,Box Elder,Deer,Buck,General Season,Dedicated Hunter,Nonresident,6,dedicated_hunter,1,1,,,,,0,0,0,0,1,1.000000,,,1.000000,,,100.000,,-6,0,ABOVE CUTOFF,YELLOW,GREEN LIGHT,"2021,2022,2023,2024,2025",5,2025,2021,predictive,preference_dedicated_hunter_deer,TRUE,Forecasted from 2025 dedicated hunter ladder with residency quota split and preference carry-forward.,Dedicated Hunter,PREFERENCE_DEDICATED_HUNTER_DEER,MODELED_PREFERENCE,TARGET,True,Modeled by engine.utah_draw_predictive.dedicated_hunter.
hybrid_ml_v2.1.0,utah_preference_dedicated_hunter_deer_v1.0.0,2026,2026,DB1770,Box Elder,Deer,Buck,General Season,Dedicated Hunter,Nonresident,7,dedicated_hunter,1,1,,,,,0,0,0,0,1,1.000000,,,1.000000,,,100.000,,-7,0,ABOVE CUTOFF,YELLOW,GREEN LIGHT,"2021,2022,2023,2024,2025",5,2025,2021,predictive,preference_dedicated_hunter_deer,TRUE,Forecasted from 2025 dedicated hunter ladder with residency quota split and preference carry-forward.,Dedicated Hunter,PREFERENCE_DEDICATED_HUNTER_DEER,MODELED_PREFERENCE,TARGET,True,Modeled by engine.utah_draw_predictive.dedicated_hunter.
hybrid_ml_v2.1.0,utah_preference_dedicated_hunter_deer_v1.0.0,2026,2026,DB1770,Box Elder,Deer,Buck,General Season,Dedicated Hunter,Nonresident,8,dedicated_hunter,1,1,,,,,0,0,0,0,1,1.000000,,,1.000000,,,100.000,,-8,0,ABOVE CUTOFF,YELLOW,GREEN LIGHT,"2021,2022,2023,2024,2025",5,2025,2021,predictive,preference_dedicated_hunter_deer,TRUE,Forecasted from 2025 dedicated hunter ladder with residency quota split and preference carry-forward.,Dedicated Hunter,PREFERENCE_DEDICATED_HUNTER_DEER,MODELED_PREFERENCE,TARGET,True,Modeled by engine.utah_draw_predictive.dedicated_hunter.
hybrid_ml_v2.1.0,utah_preference_dedicated_hunter_deer_v1.0.0,2026,2026,DB1770,Box Elder,Deer,Buck,General Season,Dedicated Hunter,Nonresident,9,dedicated_hunter,1,1,,,,,0,0,0,0,1,1.000000,,,1.000000,,,100.000,,-9,0,ABOVE CUTOFF,YELLOW,GREEN LIGHT,"2021,2022,2023,2024,2025",5,2025,2021,predictive,preference_dedicated_hunter_deer,TRUE,Forecasted from 2025 dedicated hunter ladder with residency quota split and preference carry-forward.,Dedicated Hunter,PREFERENCE_DEDICATED_HUNTER_DEER,MODELED_PREFERENCE,TARGET,True,Modeled by engine.utah_draw_predictive.dedicated_hunter.
hybrid_ml_v2.1.0,utah_preference_dedicated_hunter_deer_v1.0.0,2026,2026,DB1770,Box Elder,Deer,Buck,General Season,Dedicated Hunter,Nonresident,10,dedicated_hunter,1,1,,,,,0,0,0,0,1,1.000000,,,1.000000,,,100.000,,-10,0,ABOVE CUTOFF,YELLOW,GREEN LIGHT,"2021,2022,2023,2024,2025",5,2025,2021,predictive,preference_dedicated_hunter_deer,TRUE,Forecasted from 2025 dedicated hunter ladder with residency quota split and preference carry-forward.,Dedicated Hunter,PREFERENCE_DEDICATED_HUNTER_DEER,MODELED_PREFERENCE,TARGET,True,Modeled by engine.utah_draw_predictive.dedicated_hunter.
hybrid_ml_v2.1.0,utah_preference_dedicated_hunter_deer_v1.0.0,2026,2026,DB1770,Box Elder,Deer,Buck,General Season,Dedicated Hunter,Nonresident,11,dedicated_hunter,1,1,,,,,0,0,0,0,1,1.000000,,,1.000000,,,100.000,,-11,0,ABOVE CUTOFF,YELLOW,GREEN LIGHT,"2021,2022,2023,2024,2025",5,2025,2021,predictive,preference_dedicated_hunter_deer,TRUE,Forecasted from 2025 dedicated hunter ladder with residency quota split and preference carry-forward.,Dedicated Hunter,PREFERENCE_DEDICATED_HUNTER_DEER,MODELED_PREFERENCE,TARGET,True,Modeled by engine.utah_draw_predictive.dedicated_hunter.
hybrid_ml_v2.1.0,utah_preference_dedicated_hunter_deer_v1.0.0,2026,2026,DB1770,Box Elder,Deer,Buck,General Season,Dedicated Hunter,Nonresident,12,dedicated_hunter,1,1,,,,,0,0,0,0,1,1.000000,,,1.000000,,,100.000,,-12,0,ABOVE CUTOFF,YELLOW,GREEN LIGHT,"2021,2022,2023,2024,2025",5,2025,2021,predictive,preference_dedicated_hunter_deer,TRUE,Forecasted from 2025 dedicated hunter ladder with residency quota split and preference carry-forward.,Dedicated Hunter,PREFERENCE_DEDICATED_HUNTER_DEER,MODELED_PREFERENCE,TARGET,True,Modeled by engine.utah_draw_predictive.dedicated_hunter.
hybrid_ml_v2.1.0,utah_preference_dedicated_hunter_deer_v1.0.0,2026,2026,DB1770,Box Elder,Deer,Buck,General Season,Dedicated Hunter,Nonresident,13,dedicated_hunter,1,1,,,,,0,0,0,0,1,1.000000,,,1.000000,,,100.000,,-13,0,ABOVE CUTOFF,YELLOW,GREEN LIGHT,"2021,2022,2023,2024,2025",5,2025,2021,predictive,preference_dedicated_hunter_deer,TRUE,Forecasted from 2025 dedicated hunter ladder with residency quota split and preference carry-forward.,Dedicated Hunter,PREFERENCE_DEDICATED_HUNTER_DEER,MODELED_PREFERENCE,TARGET,True,Modeled by engine.utah_draw_predictive.dedicated_hunter.
hybrid_ml_v2.1.0,utah_preference_dedicated_hunter_deer_v1.0.0,2026,2026,DB1770,Box Elder,Deer,Buck,General Season,Dedicated Hunter,Nonresident,14,dedicated_hunter,1,1,,,,,0,0,0,0,1,1.000000,,,1.000000,,,100.000,,-14,0,ABOVE CUTOFF,YELLOW,GREEN LIGHT,"2021,2022,2023,2024,2025",5,2025,2021,predictive,preference_dedicated_hunter_deer,TRUE,Forecasted from 2025 dedicated hunter ladder with residency quota split and preference carry-forward.,Dedicated Hunter,PREFERENCE_DEDICATED_HUNTER_DEER,MODELED_PREFERENCE,TARGET,True,Modeled by engine.utah_draw_predictive.dedicated_hunter.
hybrid_ml_v2.1.0,utah_preference_dedicated_hunter_deer_v1.0.0,2026,2026,DB1770,Box Elder,Deer,Buck,General Season,Dedicated Hunter,Nonresident,15,dedicated_hunter,1,1,,,,,0,0,0,0,1,1.000000,,,1.000000,,,100.000,,-15,0,ABOVE CUTOFF,YELLOW,GREEN LIGHT,"2021,2022,2023,2024,2025",5,2025,2021,predictive,preference_dedicated_hunter_deer,TRUE,Forecasted from 2025 dedicated hunter ladder with residency quota split and preference carry-forward.,Dedicated Hunter,PREFERENCE_DEDICATED_HUNTER_DEER,MODELED_PREFERENCE,TARGET,True,Modeled by engine.utah_draw_predictive.dedicated_hunter.
hybrid_ml_v2.1.0,utah_preference_dedicated_hunter_deer_v1.0.0,2026,2026,DB1770,Box Elder,Deer,Buck,General Season,Dedicated Hunter,Nonresident,16,dedicated_hunter,1,1,,,,,0,0,0,0,1,1.000000,,,1.000000,,,100.000,,-16,0,ABOVE CUTOFF,YELLOW,GREEN LIGHT,"2021,2022,2023,2024,2025",5,2025,2021,predictive,preference_dedicated_hunter_deer,TRUE,Forecasted from 2025 dedicated hunter ladder with residency quota split and preference carry-forward.,Dedicated Hunter,PREFERENCE_DEDICATED_HUNTER_DEER,MODELED_PREFERENCE,TARGET,True,Modeled by engine.utah_draw_predictive.dedicated_hunter.
hybrid_ml_v2.1.0,utah_preference_dedicated_hunter_deer_v1.0.0,2026,2026,DB1770,Box Elder,Deer,Buck,General Season,Dedicated Hunter,Nonresident,17,dedicated_hunter,1,1,,,,,0,0,0,0,1,1.000000,,,1.000000,,,100.000,,-17,0,ABOVE CUTOFF,YELLOW,GREEN LIGHT,"2021,2022,2023,2024,2025",5,2025,2021,predictive,preference_dedicated_hunter_deer,TRUE,Forecasted from 2025 dedicated hunter ladder with residency quota split and preference carry-forward.,Dedicated Hunter,PREFERENCE_DEDICATED_HUNTER_DEER,MODELED_PREFERENCE,TARGET,True,Modeled by engine.utah_draw_predictive.dedicated_hunter.
hybrid_ml_v2.1.0,utah_preference_dedicated_hunter_deer_v1.0.0,2026,2026,DB1770,Box Elder,Deer,Buck,General Season,Dedicated Hunter,Nonresident,18,dedicated_hunter,1,1,,,,,0,0,0,0,1,1.000000,,,1.000000,,,100.000,,-18,0,ABOVE CUTOFF,YELLOW,GREEN LIGHT,"2021,2022,2023,2024,2025",5,2025,2021,predictive,preference_dedicated_hunter_deer,TRUE,Forecasted from 2025 dedicated hunter ladder with residency quota split and preference carry-forward.,Dedicated Hunter,PREFERENCE_DEDICATED_HUNTER_DEER,MODELED_PREFERENCE,TARGET,True,Modeled by engine.utah_draw_predictive.dedicated_hunter.
hybrid_ml_v2.1.0,utah_preference_dedicated_hunter_deer_v1.0.0,2026,2026,DB1770,Box Elder,Deer,Buck,General Season,Dedicated Hunter,Nonresident,19,dedicated_hunter,1,1,,,,,0,0,0,0,1,1.000000,,,1.000000,,,100.000,,-19,0,ABOVE CUTOFF,YELLOW,GREEN LIGHT,"2021,2022,2023,2024,2025",5,2025,2021,predictive,preference_dedicated_hunter_deer,TRUE,Forecasted from 2025 dedicated hunter ladder with residency quota split and preference carry-forward.,Dedicated Hunter,PREFERENCE_DEDICATED_HUNTER_DEER,MODELED_PREFERENCE,TARGET,True,Modeled by engine.utah_draw_predictive.dedicated_hunter.
hybrid_ml_v2.1.0,utah_preference_dedicated_hunter_deer_v1.0.0,2026,2026,DB1770,Box Elder,Deer,Buck,General Season,Dedicated Hunter,Nonresident,20,dedicated_hunter,1,1,,,,,0,0,0,0,1,1.000000,,,1.000000,,,100.000,,-20,0,ABOVE CUTOFF,YELLOW,GREEN LIGHT,"2021,2022,2023,2024,2025",5,2025,2021,predictive,preference_dedicated_hunter_deer,TRUE,Forecasted from 2025 dedicated hunter ladder with residency quota split and preference carry-forward.,Dedicated Hunter,PREFERENCE_DEDICATED_HUNTER_DEER,MODELED_PREFERENCE,TARGET,True,Modeled by engine.utah_draw_predictive.dedicated_hunter.
hybrid_ml_v2.1.0,utah_preference_dedicated_hunter_deer_v1.0.0,2026,2026,DB1770,Box Elder,Deer,Buck,General Season,Dedicated Hunter,Nonresident,21,dedicated_hunter,1,1,,,,,0,0,0,0,1,1.000000,,,1.000000,,,100.000,,-21,0,ABOVE CUTOFF,YELLOW,GREEN LIGHT,"2021,2022,2023,2024,2025",5,2025,2021,predictive,preference_dedicated_hunter_deer,TRUE,Forecasted from 2025 dedicated hunter ladder with residency quota split and preference carry-forward.,Dedicated Hunter,PREFERENCE_DEDICATED_HUNTER_DEER,MODELED_PREFERENCE,TARGET,True,Modeled by engine.utah_draw_predictive.dedicated_hunter.
hybrid_ml_v2.1.0,utah_preference_dedicated_hunter_deer_v1.0.0,2026,2026,DB1770,Box Elder,Deer,Buck,General Season,Dedicated Hunter,Nonresident,22,dedicated_hunter,1,1,,,,,0,0,0,0,1,1.000000,,,1.000000,,,100.000,,-22,0,ABOVE CUTOFF,YELLOW,GREEN LIGHT,"2021,2022,2023,2024,2025",5,2025,2021,predictive,preference_dedicated_hunter_deer,TRUE,Forecasted from 2025 dedicated hunter ladder with residency quota split and preference carry-forward.,Dedicated Hunter,PREFERENCE_DEDICATED_HUNTER_DEER,MODELED_PREFERENCE,TARGET,True,Modeled by engine.utah_draw_predictive.dedicated_hunter.
hybrid_ml_v2.1.0,utah_preference_dedicated_hunter_deer_v1.0.0,2026,2026,DB1770,Box Elder,Deer,Buck,General Season,Dedicated Hunter,Nonresident,23,dedicated_hunter,1,1,,,,,0,0,0,0,1,1.000000,,,1.000000,,,100.000,,-23,0,ABOVE CUTOFF,YELLOW,GREEN LIGHT,"2021,2022,2023,2024,2025",5,2025,2021,predictive,preference_dedicated_hunter_deer,TRUE,Forecasted from 2025 dedicated hunter ladder with residency quota split and preference carry-forward.,Dedicated Hunter,PREFERENCE_DEDICATED_HUNTER_DEER,MODELED_PREFERENCE,TARGET,True,Modeled by engine.utah_draw_predictive.dedicated_hunter.
hybrid_ml_v2.1.0,utah_preference_dedicated_hunter_deer_v1.0.0,2026,2026,DB1770,Box Elder,Deer,Buck,General Season,Dedicated Hunter,Nonresident,24,dedicated_hunter,1,1,,,,,0,0,0,0,1,1.000000,,,1.000000,,,100.000,,-24,0,ABOVE CUTOFF,YELLOW,GREEN LIGHT,"2021,2022,2023,2024,2025",5,2025,2021,predictive,preference_dedicated_hunter_deer,TRUE,Forecasted from 2025 dedicated hunter ladder with residency quota split and preference carry-forward.,Dedicated Hunter,PREFERENCE_DEDICATED_HUNTER_DEER,MODELED_PREFERENCE,TARGET,True,Modeled by engine.utah_draw_predictive.dedicated_hunter.
hybrid_ml_v2.1.0,utah_preference_dedicated_hunter_deer_v1.0.0,2026,2026,DB1770,Box Elder,Deer,Buck,General Season,Dedicated Hunter,Resident,0,dedicated_hunter,43,37,,,,,3,1,1,40,40,0.900000,,,0.900000,,,90.000,,1,-2,ON EDGE,RED,GREEN LIGHT,"2021,2022,2023,2024,2025",5,2025,2021,predictive,preference_dedicated_hunter_deer,TRUE,Forecasted from 2025 dedicated hunter ladder with residency quota split and preference carry-forward.,Dedicated Hunter,PREFERENCE_DEDICATED_HUNTER_DEER,MODELED_PREFERENCE,TARGET,True,Modeled by engine.utah_draw_predictive.dedicated_hunter.
hybrid_ml_v2.1.0,utah_preference_dedicated_hunter_deer_v1.0.0,2026,2026,DB1770,Box Elder,Deer,Buck,General Season,Dedicated Hunter,Resident,1,dedicated_hunter,43,37,,,,,3,1,0,1,1,1.000000,,,1.000000,,,100.000,,0,-2,ABOVE CUTOFF,RED,GREEN LIGHT,"2021,2022,2023,2024,2025",5,2025,2021,predictive,preference_dedicated_hunter_deer,TRUE,Forecasted from 2025 dedicated hunter ladder with residency quota split and preference carry-forward.,Dedicated Hunter,PREFERENCE_DEDICATED_HUNTER_DEER,MODELED_PREFERENCE,TARGET,True,Modeled by engine.utah_draw_predictive.dedicated_hunter.
hybrid_ml_v2.1.0,utah_preference_dedicated_hunter_deer_v1.0.0,2026,2026,DB1770,Box Elder,Deer,Buck,General Season,Dedicated Hunter,Resident,2,dedicated_hunter,43,37,,,,,3,1,0,0,1,1.000000,,,1.000000,,,100.000,,-1,-2,ABOVE CUTOFF,RED,GREEN LIGHT,"2021,2022,2023,2024,2025",5,2025,2021,predictive,preference_dedicated_hunter_deer,TRUE,Forecasted from 2025 dedicated hunter ladder with residency quota split and preference carry-forward.,Dedicated Hunter,PREFERENCE_DEDICATED_HUNTER_DEER,MODELED_PREFERENCE,TARGET,True,Modeled by engine.utah_draw_predictive.dedicated_hunter.
hybrid_ml_v2.1.0,utah_preference_dedicated_hunter_deer_v1.0.0,2026,2026,DB1770,Box Elder,Deer,Buck,General Season,Dedicated Hunter,Resident,3,dedicated_hunter,43,37,,,,,3,1,0,0,1,1.000000,,,1.000000,,,100.000,,-2,-2,ABOVE CUTOFF,RED,GREEN LIGHT,"2021,2022,2023,2024,2025",5,2025,2021,predictive,preference_dedicated_hunter_deer,TRUE,Forecasted from 2025 dedicated hunter ladder with residency quota split and preference carry-forward.,Dedicated Hunter,PREFERENCE_DEDICATED_HUNTER_DEER,MODELED_PREFERENCE,TARGET,True,Modeled by engine.utah_draw_predictive.dedicated_hunter.
hybrid_ml_v2.1.0,utah_preference_dedicated_hunter_deer_v1.0.0,2026,2026,DB1770,Box Elder,Deer,Buck,General Season,Dedicated Hunter,Resident,4,dedicated_hunter,43,37,,,,,3,1,0,0,1,1.000000,,,1.000000,,,100.000,,-3,-2,ABOVE CUTOFF,RED,GREEN LIGHT,"2021,2022,2023,2024,2025",5,2025,2021,predictive,preference_dedicated_hunter_deer,TRUE,Forecasted from 2025 dedicated hunter ladder with residency quota split and preference carry-forward.,Dedicated Hunter,PREFERENCE_DEDICATED_HUNTER_DEER,MODELED_PREFERENCE,TARGET,True,Modeled by engine.utah_draw_predictive.dedicated_hunter.
hybrid_ml_v2.1.0,utah_preference_dedicated_hunter_deer_v1.0.0,2026,2026,DB1770,Box Elder,Deer,Buck,General Season,Dedicated Hunter,Resident,5,dedicated_hunter,43,37,,,,,3,1,0,0,1,1.000000,,,1.000000,,,100.000,,-4,-2,ABOVE CUTOFF,RED,GREEN LIGHT,"2021,2022,2023,2024,2025",5,2025,2021,predictive,preference_dedicated_hunter_deer,TRUE,Forecasted from 2025 dedicated hunter ladder with residency quota split and preference carry-forward.,Dedicated Hunter,PREFERENCE_DEDICATED_HUNTER_DEER,MODELED_PREFERENCE,TARGET,True,Modeled by engine.utah_draw_predictive.dedicated_hunter.
hybrid_ml_v2.1.0,utah_preference_dedicated_hunter_deer_v1.0.0,2026,2026,DB1770,Box Elder,Deer,Buck,General Season,Dedicated Hunter,Resident,6,dedicated_hunter,43,37,,,,,3,1,0,0,1,1.000000,,,1.000000,,,100.000,,-5,-2,ABOVE CUTOFF,RED,GREEN LIGHT,"2021,2022,2023,2024,2025",5,2025,2021,predictive,preference_dedicated_hunter_deer,TRUE,Forecasted from 2025 dedicated hunter ladder with residency quota split and preference carry-forward.,Dedicated Hunter,PREFERENCE_DEDICATED_HUNTER_DEER,MODELED_PREFERENCE,TARGET,True,Modeled by engine.utah_draw_predictive.dedicated_hunter.
hybrid_ml_v2.1.0,utah_preference_dedicated_hunter_deer_v1.0.0,2026,2026,DB1770,Box Elder,Deer,Buck,General Season,Dedicated Hunter,Resident,7,dedicated_hunter,43,37,,,,,3,1,0,0,1,1.000000,,,1.000000,,,100.000,,-6,-2,ABOVE CUTOFF,RED,GREEN LIGHT,"2021,2022,2023,2024,2025",5,2025,2021,predictive,preference_dedicated_hunter_deer,TRUE,Forecasted from 2025 dedicated hunter ladder with residency quota split and preference carry-forward.,Dedicated Hunter,PREFERENCE_DEDICATED_HUNTER_DEER,MODELED_PREFERENCE,TARGET,True,Modeled by engine.utah_draw_predictive.dedicated_hunter.
hybrid_ml_v2.1.0,utah_preference_dedicated_hunter_deer_v1.0.0,2026,2026,DB1770,Box Elder,Deer,Buck,General Season,Dedicated Hunter,Resident,8,dedicated_hunter,43,37,,,,,3,1,0,0,1,1.000000,,,1.000000,,,100.000,,-7,-2,ABOVE CUTOFF,RED,GREEN LIGHT,"2021,2022,2023,2024,2025",5,2025,2021,predictive,preference_dedicated_hunter_deer,TRUE,Forecasted from 2025 dedicated hunter ladder with residency quota split and preference carry-forward.,Dedicated Hunter,PREFERENCE_DEDICATED_HUNTER_DEER,MODELED_PREFERENCE,TARGET,True,Modeled by engine.utah_draw_predictive.dedicated_hunter.
hybrid_ml_v2.1.0,utah_preference_dedicated_hunter_deer_v1.0.0,2026,2026,DB1770,Box Elder,Deer,Buck,General Season,Dedicated Hunter,Resident,9,dedicated_hunter,43,37,,,,,3,1,0,0,1,1.000000,,,1.000000,,,100.000,,-8,-2,ABOVE CUTOFF,RED,GREEN LIGHT,"2021,2022,2023,2024,2025",5,2025,2021,predictive,preference_dedicated_hunter_deer,TRUE,Forecasted from 2025 dedicated hunter ladder with residency quota split and preference carry-forward.,Dedicated Hunter,PREFERENCE_DEDICATED_HUNTER_DEER,MODELED_PREFERENCE,TARGET,True,Modeled by engine.utah_draw_predictive.dedicated_hunter.
hybrid_ml_v2.1.0,utah_preference_dedicated_hunter_deer_v1.0.0,2026,2026,DB1770,Box Elder,Deer,Buck,General Season,Dedicated Hunter,Resident,10,dedicated_hunter,43,37,,,,,3,1,0,0,1,1.000000,,,1.000000,,,100.000,,-9,-2,ABOVE CUTOFF,RED,GREEN LIGHT,"2021,2022,2023,2024,2025",5,2025,2021,predictive,preference_dedicated_hunter_deer,TRUE,Forecasted from 2025 dedicated hunter ladder with residency quota split and preference carry-forward.,Dedicated Hunter,PREFERENCE_DEDICATED_HUNTER_DEER,MODELED_PREFERENCE,TARGET,True,Modeled by engine.utah_draw_predictive.dedicated_hunter.
hybrid_ml_v2.1.0,utah_preference_dedicated_hunter_deer_v1.0.0,2026,2026,DB1770,Box Elder,Deer,Buck,General Season,Dedicated Hunter,Resident,11,dedicated_hunter,43,37,,,,,3,1,0,0,1,1.000000,,,1.000000,,,100.000,,-10,-2,ABOVE CUTOFF,RED,GREEN LIGHT,"2021,2022,2023,2024,2025",5,2025,2021,predictive,preference_dedicated_hunter_deer,TRUE,Forecasted from 2025 dedicated hunter ladder with residency quota split and preference carry-forward.,Dedicated Hunter,PREFERENCE_DEDICATED_HUNTER_DEER,MODELED_PREFERENCE,TARGET,True,Modeled by engine.utah_draw_predictive.dedicated_hunter.
hybrid_ml_v2.1.0,utah_preference_dedicated_hunter_deer_v1.0.0,2026,2026,DB1770,Box Elder,Deer,Buck,General Season,Dedicated Hunter,Resident,12,dedicated_hunter,43,37,,,,,3,1,0,0,1,1.000000,,,1.000000,,,100.000,,-11,-2,ABOVE CUTOFF,RED,GREEN LIGHT,"2021,2022,2023,2024,2025",5,2025,2021,predictive,preference_dedicated_hunter_deer,TRUE,Forecasted from 2025 dedicated hunter ladder with residency quota split and preference carry-forward.,Dedicated Hunter,PREFERENCE_DEDICATED_HUNTER_DEER,MODELED_PREFERENCE,TARGET,True,Modeled by engine.utah_draw_predictive.dedicated_hunter.
hybrid_ml_v2.1.0,utah_preference_dedicated_hunter_deer_v1.0.0,2026,2026,DB1770,Box Elder,Deer,Buck,General Season,Dedicated Hunter,Resident,13,dedicated_hunter,43,37,,,,,3,1,0,0,1,1.000000,,,1.000000,,,100.000,,-12,-2,ABOVE CUTOFF,RED,GREEN LIGHT,"2021,2022,2023,2024,2025",5,2025,2021,predictive,preference_dedicated_hunter_deer,TRUE,Forecasted from 2025 dedicated hunter ladder with residency quota split and preference carry-forward.,Dedicated Hunter,PREFERENCE_DEDICATED_HUNTER_DEER,MODELED_PREFERENCE,TARGET,True,Modeled by engine.utah_draw_predictive.dedicated_hunter.
hybrid_ml_v2.1.0,utah_preference_dedicated_hunter_deer_v1.0.0,2026,2026,DB1770,Box Elder,Deer,Buck,General Season,Dedicated Hunter,Resident,14,dedicated_hunter,43,37,,,,,3,1,0,0,1,1.000000,,,1.000000,,,100.000,,-13,-2,ABOVE CUTOFF,RED,GREEN LIGHT,"2021,2022,2023,2024,2025",5,2025,2021,predictive,preference_dedicated_hunter_deer,TRUE,Forecasted from 2025 dedicated hunter ladder with residency quota split and preference carry-forward.,Dedicated Hunter,PREFERENCE_DEDICATED_HUNTER_DEER,MODELED_PREFERENCE,TARGET,True,Modeled by engine.utah_draw_predictive.dedicated_hunter.
hybrid_ml_v2.1.0,utah_preference_dedicated_hunter_deer_v1.0.0,2026,2026,DB1770,Box Elder,Deer,Buck,General Season,Dedicated Hunter,Resident,15,dedicated_hunter,43,37,,,,,3,1,0,0,1,1.000000,,,1.000000,,,100.000,,-14,-2,ABOVE CUTOFF,RED,GREEN LIGHT,"2021,2022,2023,2024,2025",5,2025,2021,predictive,preference_dedicated_hunter_deer,TRUE,Forecasted from 2025 dedicated hunter ladder with residency quota split and preference carry-forward.,Dedicated Hunter,PREFERENCE_DEDICATED_HUNTER_DEER,MODELED_PREFERENCE,TARGET,True,Modeled by engine.utah_draw_predictive.dedicated_hunter.
hybrid_ml_v2.1.0,utah_preference_dedicated_hunter_deer_v1.0.0,2026,2026,DB1770,Box Elder,Deer,Buck,General Season,Dedicated Hunter,Resident,16,dedicated_hunter,43,37,,,,,3,1,0,0,1,1.000000,,,1.000000,,,100.000,,-15,-2,ABOVE CUTOFF,RED,GREEN LIGHT,"2021,2022,2023,2024,2025",5,2025,2021,predictive,preference_dedicated_hunter_deer,TRUE,Forecasted from 2025 dedicated hunter ladder with residency quota split and preference carry-forward.,Dedicated Hunter,PREFERENCE_DEDICATED_HUNTER_DEER,MODELED_PREFERENCE,TARGET,True,Modeled by engine.utah_draw_predictive.dedicated_hunter.
hybrid_ml_v2.1.0,utah_preference_dedicated_hunter_deer_v1.0.0,2026,2026,DB1770,Box Elder,Deer,Buck,General Season,Dedicated Hunter,Resident,17,dedicated_hunter,43,37,,,,,3,1,0,0,1,1.000000,,,1.000000,,,100.000,,-16,-2,ABOVE CUTOFF,RED,GREEN LIGHT,"2021,2022,2023,2024,2025",5,2025,2021,predictive,preference_dedicated_hunter_deer,TRUE,Forecasted from 2025 dedicated hunter ladder with residency quota split and preference carry-forward.,Dedicated Hunter,PREFERENCE_DEDICATED_HUNTER_DEER,MODELED_PREFERENCE,TARGET,True,Modeled by engine.utah_draw_predictive.dedicated_hunter.
hybrid_ml_v2.1.0,utah_preference_dedicated_hunter_deer_v1.0.0,2026,2026,DB1770,Box Elder,Deer,Buck,General Season,Dedicated Hunter,Resident,18,dedicated_hunter,43,37,,,,,3,1,0,0,1,1.000000,,,1.000000,,,100.000,,-17,-2,ABOVE CUTOFF,RED,GREEN LIGHT,"2021,2022,2023,2024,2025",5,2025,2021,predictive,preference_dedicated_hunter_deer,TRUE,Forecasted from 2025 dedicated hunter ladder with residency quota split and preference carry-forward.,Dedicated Hunter,PREFERENCE_DEDICATED_HUNTER_DEER,MODELED_PREFERENCE,TARGET,True,Modeled by engine.utah_draw_predictive.dedicated_hunter.
hybrid_ml_v2.1.0,utah_preference_dedicated_hunter_deer_v1.0.0,2026,2026,DB1770,Box Elder,Deer,Buck,General Season,Dedicated Hunter,Resident,19,dedicated_hunter,43,37,,,,,3,1,0,0,1,1.000000,,,1.000000,,,100.000,,-18,-2,ABOVE CUTOFF,RED,GREEN LIGHT,"2021,2022,2023,2024,2025",5,2025,2021,predictive,preference_dedicated_hunter_deer,TRUE,Forecasted from 2025 dedicated hunter ladder with residency quota split and preference carry-forward.,Dedicated Hunter,PREFERENCE_DEDICATED_HUNTER_DEER,MODELED_PREFERENCE,TARGET,True,Modeled by engine.utah_draw_predictive.dedicated_hunter.
hybrid_ml_v2.1.0,utah_preference_dedicated_hunter_deer_v1.0.0,2026,2026,DB1770,Box Elder,Deer,Buck,General Season,Dedicated Hunter,Resident,20,dedicated_hunter,43,37,,,,,3,1,0,0,1,1.000000,,,1.000000,,,100.000,,-19,-2,ABOVE CUTOFF,RED,GREEN LIGHT,"2021,2022,2023,2024,2025",5,2025,2021,predictive,preference_dedicated_hunter_deer,TRUE,Forecasted from 2025 dedicated hunter ladder with residency quota split and preference carry-forward.,Dedicated Hunter,PREFERENCE_DEDICATED_HUNTER_DEER,MODELED_PREFERENCE,TARGET,True,Modeled by engine.utah_draw_predictive.dedicated_hunter.
hybrid_ml_v2.1.0,utah_preference_dedicated_hunter_deer_v1.0.0,2026,2026,DB1770,Box Elder,Deer,Buck,General Season,Dedicated Hunter,Resident,21,dedicated_hunter,43,37,,,,,3,1,0,0,1,1.000000,,,1.000000,,,100.000,,-20,-2,ABOVE CUTOFF,RED,GREEN LIGHT,"2021,2022,2023,2024,2025",5,2025,2021,predictive,preference_dedicated_hunter_deer,TRUE,Forecasted from 2025 dedicated hunter ladder with residency quota split and preference carry-forward.,Dedicated Hunter,PREFERENCE_DEDICATED_HUNTER_DEER,MODELED_PREFERENCE,TARGET,True,Modeled by engine.utah_draw_predictive.dedicated_hunter.
hybrid_ml_v2.1.0,utah_preference_dedicated_hunter_deer_v1.0.0,2026,2026,DB1770,Box Elder,Deer,Buck,General Season,Dedicated Hunter,Resident,22,dedicated_hunter,43,37,,,,,3,1,0,0,1,1.000000,,,1.000000,,,100.000,,-21,-2,ABOVE CUTOFF,RED,GREEN LIGHT,"2021,2022,2023,2024,2025",5,2025,2021,predictive,preference_dedicated_hunter_deer,TRUE,Forecasted from 2025 dedicated hunter ladder with residency quota split and preference carry-forward.,Dedicated Hunter,PREFERENCE_DEDICATED_HUNTER_DEER,MODELED_PREFERENCE,TARGET,True,Modeled by engine.utah_draw_predictive.dedicated_hunter.
hybrid_ml_v2.1.0,utah_preference_dedicated_hunter_deer_v1.0.0,2026,2026,DB1770,Box Elder,Deer,Buck,General Season,Dedicated Hunter,Resident,23,dedicated_hunter,43,37,,,,,3,1,0,0,1,1.000000,,,1.000000,,,100.000,,-22,-2,ABOVE CUTOFF,RED,GREEN LIGHT,"2021,2022,2023,2024,2025",5,2025,2021,predictive,preference_dedicated_hunter_deer,TRUE,Forecasted from 2025 dedicated hunter ladder with residency quota split and preference carry-forward.,Dedicated Hunter,PREFERENCE_DEDICATED_HUNTER_DEER,MODELED_PREFERENCE,TARGET,True,Modeled by engine.utah_draw_predictive.dedicated_hunter.
hybrid_ml_v2.1.0,utah_preference_dedicated_hunter_deer_v1.0.0,2026,2026,DB1770,Box Elder,Deer,Buck,General Season,Dedicated Hunter,Resident,24,dedicated_hunter,43,37,,,,,3,1,0,0,1,1.000000,,,1.000000,,,100.000,,-23,-2,ABOVE CUTOFF,RED,GREEN LIGHT,"2021,2022,2023,2024,2025",5,2025,2021,predictive,preference_dedicated_hunter_deer,TRUE,Forecasted from 2025 dedicated hunter ladder with residency quota split and preference carry-forward.,Dedicated Hunter,PREFERENCE_DEDICATED_HUNTER_DEER,MODELED_PREFERENCE,TARGET,True,Modeled by engine.utah_draw_predictive.dedicated_hunter.
hybrid_ml_v2.1.0,utah_preference_dedicated_hunter_deer_v1.0.0,2026,2026,DB1771,Cache,Deer,Buck,General Season,Dedicated Hunter,Nonresident,0,dedicated_hunter,1,5,,,,,0,0,0,1,1,1.000000,,,1.000000,,,100.000,,0,0,ABOVE CUTOFF,YELLOW,GREEN LIGHT,"2021,2022,2023,2024,2025",5,2025,2021,predictive,preference_dedicated_hunter_deer,TRUE,Forecasted from 2025 dedicated hunter ladder with residency quota split and preference carry-forward.,Dedicated Hunter,PREFERENCE_DEDICATED_HUNTER_DEER,MODELED_PREFERENCE,TARGET,True,Modeled by engine.utah_draw_predictive.dedicated_hunter.
hybrid_ml_v2.1.0,utah_preference_dedicated_hunter_deer_v1.0.0,2026,2026,DB1771,Cache,Deer,Buck,General Season,Dedicated Hunter,Nonresident,1,dedicated_hunter,1,5,,,,,0,0,0,0,1,1.000000,,,1.000000,,,100.000,,-1,0,ABOVE CUTOFF,YELLOW,GREEN LIGHT,"2021,2022,2023,2024,2025",5,2025,2021,predictive,preference_dedicated_hunter_deer,TRUE,Forecasted from 2025 dedicated hunter ladder with residency quota split and preference carry-forward.,Dedicated Hunter,PREFERENCE_DEDICATED_HUNTER_DEER,MODELED_PREFERENCE,TARGET,True,Modeled by engine.utah_draw_predictive.dedicated_hunter.
hybrid_ml_v2.1.0,utah_preference_dedicated_hunter_deer_v1.0.0,2026,2026,DB1771,Cache,Deer,Buck,General Season,Dedicated Hunter,Nonresident,2,dedicated_hunter,1,5,,,,,0,0,0,0,1,1.000000,,,1.000000,,,100.000,,-2,0,ABOVE CUTOFF,YELLOW,GREEN LIGHT,"2021,2022,2023,2024,2025",5,2025,2021,predictive,preference_dedicated_hunter_deer,TRUE,Forecasted from 2025 dedicated hunter ladder with residency quota split and preference carry-forward.,Dedicated Hunter,PREFERENCE_DEDICATED_HUNTER_DEER,MODELED_PREFERENCE,TARGET,True,Modeled by engine.utah_draw_predictive.dedicated_hunter.
hybrid_ml_v2.1.0,utah_preference_dedicated_hunter_deer_v1.0.0,2026,2026,DB1771,Cache,Deer,Buck,General Season,Dedicated Hunter,Nonresident,3,dedicated_hunter,1,5,,,,,0,0,0,0,1,1.000000,,,1.000000,,,100.000,,-3,0,ABOVE CUTOFF,YELLOW,GREEN LIGHT,"2021,2022,2023,2024,2025",5,2025,2021,predictive,preference_dedicated_hunter_deer,TRUE,Forecasted from 2025 dedicated hunter ladder with residency quota split and preference carry-forward.,Dedicated Hunter,PREFERENCE_DEDICATED_HUNTER_DEER,MODELED_PREFERENCE,TARGET,True,Modeled by engine.utah_draw_predictive.dedicated_hunter.
hybrid_ml_v2.1.0,utah_preference_dedicated_hunter_deer_v1.0.0,2026,2026,DB1771,Cache,Deer,Buck,General Season,Dedicated Hunter,Nonresident,4,dedicated_hunter,1,5,,,,,0,0,0,0,1,1.000000,,,1.000000,,,100.000,,-4,0,ABOVE CUTOFF,YELLOW,GREEN LIGHT,"2021,2022,2023,2024,2025",5,2025,2021,predictive,preference_dedicated_hunter_deer,TRUE,Forecasted from 2025 dedicated hunter ladder with residency quota split and preference carry-forward.,Dedicated Hunter,PREFERENCE_DEDICATED_HUNTER_DEER,MODELED_PREFERENCE,TARGET,True,Modeled by engine.utah_draw_predictive.dedicated_hunter.
hybrid_ml_v2.1.0,utah_preference_dedicated_hunter_deer_v1.0.0,2026,2026,DB1771,Cache,Deer,Buck,General Season,Dedicated Hunter,Nonresident,5,dedicated_hunter,1,5,,,,,0,0,0,0,1,1.000000,,,1.000000,,,100.000,,-5,0,ABOVE CUTOFF,YELLOW,GREEN LIGHT,"2021,2022,2023,2024,2025",5,2025,2021,predictive,preference_dedicated_hunter_deer,TRUE,Forecasted from 2025 dedicated hunter ladder with residency quota split and preference carry-forward.,Dedicated Hunter,PREFERENCE_DEDICATED_HUNTER_DEER,MODELED_PREFERENCE,TARGET,True,Modeled by engine.utah_draw_predictive.dedicated_hunter.
hybrid_ml_v2.1.0,utah_preference_dedicated_hunter_deer_v1.0.0,2026,2026,DB1771,Cache,Deer,Buck,General Season,Dedicated Hunter,Nonresident,6,dedicated_hunter,1,5,,,,,0,0,0,0,1,1.000000,,,1.000000,,,100.000,,-6,0,ABOVE CUTOFF,YELLOW,GREEN LIGHT,"2021,2022,2023,2024,2025",5,2025,2021,predictive,preference_dedicated_hunter_deer,TRUE,Forecasted from 2025 dedicated hunter ladder with residency quota split and preference carry-forward.,Dedicated Hunter,PREFERENCE_DEDICATED_HUNTER_DEER,MODELED_PREFERENCE,TARGET,True,Modeled by engine.utah_draw_predictive.dedicated_hunter.
hybrid_ml_v2.1.0,utah_preference_dedicated_hunter_deer_v1.0.0,2026,2026,DB1771,Cache,Deer,Buck,General Season,Dedicated Hunter,Nonresident,7,dedicated_hunter,1,5,,,,,0,0,0,0,1,1.000000,,,1.000000,,,100.000,,-7,0,ABOVE CUTOFF,YELLOW,GREEN LIGHT,"2021,2022,2023,2024,2025",5,2025,2021,predictive,preference_dedicated_hunter_deer,TRUE,Forecasted from 2025 dedicated hunter ladder with residency quota split and preference carry-forward.,Dedicated Hunter,PREFERENCE_DEDICATED_HUNTER_DEER,MODELED_PREFERENCE,TARGET,True,Modeled by engine.utah_draw_predictive.dedicated_hunter.
hybrid_ml_v2.1.0,utah_preference_dedicated_hunter_deer_v1.0.0,2026,2026,DB1771,Cache,Deer,Buck,General Season,Dedicated Hunter,Nonresident,8,dedicated_hunter,1,5,,,,,0,0,0,0,1,1.000000,,,1.000000,,,100.000,,-8,0,ABOVE CUTOFF,YELLOW,GREEN LIGHT,"2021,2022,2023,2024,2025",5,2025,2021,predictive,preference_dedicated_hunter_deer,TRUE,Forecasted from 2025 dedicated hunter ladder with residency quota split and preference carry-forward.,Dedicated Hunter,PREFERENCE_DEDICATED_HUNTER_DEER,MODELED_PREFERENCE,TARGET,True,Modeled by engine.utah_draw_predictive.dedicated_hunter.
hybrid_ml_v2.1.0,utah_preference_dedicated_hunter_deer_v1.0.0,2026,2026,DB1771,Cache,Deer,Buck,General Season,Dedicated Hunter,Nonresident,9,dedicated_hunter,1,5,,,,,0,0,0,0,1,1.000000,,,1.000000,,,100.000,,-9,0,ABOVE CUTOFF,YELLOW,GREEN LIGHT,"2021,2022,2023,2024,2025",5,2025,2021,predictive,preference_dedicated_hunter_deer,TRUE,Forecasted from 2025 dedicated hunter ladder with residency quota split and preference carry-forward.,Dedicated Hunter,PREFERENCE_DEDICATED_HUNTER_DEER,MODELED_PREFERENCE,TARGET,True,Modeled by engine.utah_draw_predictive.dedicated_hunter.
hybrid_ml_v2.1.0,utah_preference_dedicated_hunter_deer_v1.0.0,2026,2026,DB1771,Cache,Deer,Buck,General Season,Dedicated Hunter,Nonresident,10,dedicated_hunter,1,5,,,,,0,0,0,0,1,1.000000,,,1.000000,,,100.000,,-10,0,ABOVE CUTOFF,YELLOW,GREEN LIGHT,"2021,2022,2023,2024,2025",5,2025,2021,predictive,preference_dedicated_hunter_deer,TRUE,Forecasted from 2025 dedicated hunter ladder with residency quota split and preference carry-forward.,Dedicated Hunter,PREFERENCE_DEDICATED_HUNTER_DEER,MODELED_PREFERENCE,TARGET,True,Modeled by engine.utah_draw_predictive.dedicated_hunter.
hybrid_ml_v2.1.0,utah_preference_dedicated_hunter_deer_v1.0.0,2026,2026,DB1771,Cache,Deer,Buck,General Season,Dedicated Hunter,Nonresident,11,dedicated_hunter,1,5,,,,,0,0,0,0,1,1.000000,,,1.000000,,,100.000,,-11,0,ABOVE CUTOFF,YELLOW,GREEN LIGHT,"2021,2022,2023,2024,2025",5,2025,2021,predictive,preference_dedicated_hunter_deer,TRUE,Forecasted from 2025 dedicated hunter ladder with residency quota split and preference carry-forward.,Dedicated Hunter,PREFERENCE_DEDICATED_HUNTER_DEER,MODELED_PREFERENCE,TARGET,True,Modeled by engine.utah_draw_predictive.dedicated_hunter.
hybrid_ml_v2.1.0,utah_preference_dedicated_hunter_deer_v1.0.0,2026,2026,DB1771,Cache,Deer,Buck,General Season,Dedicated Hunter,Nonresident,12,dedicated_hunter,1,5,,,,,0,0,0,0,1,1.000000,,,1.000000,,,100.000,,-12,0,ABOVE CUTOFF,YELLOW,GREEN LIGHT,"2021,2022,2023,2024,2025",5,2025,2021,predictive,preference_dedicated_hunter_deer,TRUE,Forecasted from 2025 dedicated hunter ladder with residency quota split and preference carry-forward.,Dedicated Hunter,PREFERENCE_DEDICATED_HUNTER_DEER,MODELED_PREFERENCE,TARGET,True,Modeled by engine.utah_draw_predictive.dedicated_hunter.
hybrid_ml_v2.1.0,utah_preference_dedicated_hunter_deer_v1.0.0,2026,2026,DB1771,Cache,Deer,Buck,General Season,Dedicated Hunter,Nonresident,13,dedicated_hunter,1,5,,,,,0,0,0,0,1,1.000000,,,1.000000,,,100.000,,-13,0,ABOVE CUTOFF,YELLOW,GREEN LIGHT,"2021,2022,2023,2024,2025",5,2025,2021,predictive,preference_dedicated_hunter_deer,TRUE,Forecasted from 2025 dedicated hunter ladder with residency quota split and preference carry-forward.,Dedicated Hunter,PREFERENCE_DEDICATED_HUNTER_DEER,MODELED_PREFERENCE,TARGET,True,Modeled by engine.utah_draw_predictive.dedicated_hunter.
hybrid_ml_v2.1.0,utah_preference_dedicated_hunter_deer_v1.0.0,2026,2026,DB1771,Cache,Deer,Buck,General Season,Dedicated Hunter,Nonresident,14,dedicated_hunter,1,5,,,,,0,0,0,0,1,1.000000,,,1.000000,,,100.000,,-14,0,ABOVE CUTOFF,YELLOW,GREEN LIGHT,"2021,2022,2023,2024,2025",5,2025,2021,predictive,preference_dedicated_hunter_deer,TRUE,Forecasted from 2025 dedicated hunter ladder with residency quota split and preference carry-forward.,Dedicated Hunter,PREFERENCE_DEDICATED_HUNTER_DEER,MODELED_PREFERENCE,TARGET,True,Modeled by engine.utah_draw_predictive.dedicated_hunter.
hybrid_ml_v2.1.0,utah_preference_dedicated_hunter_deer_v1.0.0,2026,2026,DB1771,Cache,Deer,Buck,General Season,Dedicated Hunter,Nonresident,15,dedicated_hunter,1,5,,,,,0,0,0,0,1,1.000000,,,1.000000,,,100.000,,-15,0,ABOVE CUTOFF,YELLOW,GREEN LIGHT,"2021,2022,2023,2024,2025",5,2025,2021,predictive,preference_dedicated_hunter_deer,TRUE,Forecasted from 2025 dedicated hunter ladder with residency quota split and preference carry-forward.,Dedicated Hunter,PREFERENCE_DEDICATED_HUNTER_DEER,MODELED_PREFERENCE,TARGET,True,Modeled by engine.utah_draw_predictive.dedicated_hunter.
hybrid_ml_v2.1.0,utah_preference_dedicated_hunter_deer_v1.0.0,2026,2026,DB1771,Cache,Deer,Buck,General Season,Dedicated Hunter,Nonresident,16,dedicated_hunter,1,5,,,,,0,0,0,0,1,1.000000,,,1.000000,,,100.000,,-16,0,ABOVE CUTOFF,YELLOW,GREEN LIGHT,"2021,2022,2023,2024,2025",5,2025,2021,predictive,preference_dedicated_hunter_deer,TRUE,Forecasted from 2025 dedicated hunter ladder with residency quota split and preference carry-forward.,Dedicated Hunter,PREFERENCE_DEDICATED_HUNTER_DEER,MODELED_PREFERENCE,TARGET,True,Modeled by engine.utah_draw_predictive.dedicated_hunter.
hybrid_ml_v2.1.0,utah_preference_dedicated_hunter_deer_v1.0.0,2026,2026,DB1771,Cache,Deer,Buck,General Season,Dedicated Hunter,Nonresident,17,dedicated_hunter,1,5,,,,,0,0,0,0,1,1.000000,,,1.000000,,,100.000,,-17,0,ABOVE CUTOFF,YELLOW,GREEN LIGHT,"2021,2022,2023,2024,2025",5,2025,2021,predictive,preference_dedicated_hunter_deer,TRUE,Forecasted from 2025 dedicated hunter ladder with residency quota split and preference carry-forward.,Dedicated Hunter,PREFERENCE_DEDICATED_HUNTER_DEER,MODELED_PREFERENCE,TARGET,True,Modeled by engine.utah_draw_predictive.dedicated_hunter.
hybrid_ml_v2.1.0,utah_preference_dedicated_hunter_deer_v1.0.0,2026,2026,DB1771,Cache,Deer,Buck,General Season,Dedicated Hunter,Nonresident,18,dedicated_hunter,1,5,,,,,0,0,0,0,1,1.000000,,,1.000000,,,100.000,,-18,0,ABOVE CUTOFF,YELLOW,GREEN LIGHT,"2021,2022,2023,2024,2025",5,2025,2021,predictive,preference_dedicated_hunter_deer,TRUE,Forecasted from 2025 dedicated hunter ladder with residency quota split and preference carry-forward.,Dedicated Hunter,PREFERENCE_DEDICATED_HUNTER_DEER,MODELED_PREFERENCE,TARGET,True,Modeled by engine.utah_draw_predictive.dedicated_hunter.
hybrid_ml_v2.1.0,utah_preference_dedicated_hunter_deer_v1.0.0,2026,2026,DB1771,Cache,Deer,Buck,General Season,Dedicated Hunter,Nonresident,19,dedicated_hunter,1,5,,,,,0,0,0,0,1,1.000000,,,1.000000,,,100.000,,-19,0,ABOVE CUTOFF,YELLOW,GREEN LIGHT,"2021,2022,2023,2024,2025",5,2025,2021,predictive,preference_dedicated_hunter_deer,TRUE,Forecasted from 2025 dedicated hunter ladder with residency quota split and preference carry-forward.,Dedicated Hunter,PREFERENCE_DEDICATED_HUNTER_DEER,MODELED_PREFERENCE,TARGET,True,Modeled by engine.utah_draw_predictive.dedicated_hunter.
hybrid_ml_v2.1.0,utah_preference_dedicated_hunter_deer_v1.0.0,2026,2026,DB1771,Cache,Deer,Buck,General Season,Dedicated Hunter,Nonresident,20,dedicated_hunter,1,5,,,,,0,0,0,0,1,1.000000,,,1.000000,,,100.000,,-20,0,ABOVE CUTOFF,YELLOW,GREEN LIGHT,"2021,2022,2023,2024,2025",5,2025,2021,predictive,preference_dedicated_hunter_deer,TRUE,Forecasted from 2025 dedicated hunter ladder with residency quota split and preference carry-forward.,Dedicated Hunter,PREFERENCE_DEDICATED_HUNTER_DEER,MODELED_PREFERENCE,TARGET,True,Modeled by engine.utah_draw_predictive.dedicated_hunter.
hybrid_ml_v2.1.0,utah_preference_dedicated_hunter_deer_v1.0.0,2026,2026,DB1771,Cache,Deer,Buck,General Season,Dedicated Hunter,Nonresident,21,dedicated_hunter,1,5,,,,,0,0,0,0,1,1.000000,,,1.000000,,,100.000,,-21,0,ABOVE CUTOFF,YELLOW,GREEN LIGHT,"2021,2022,2023,2024,2025",5,2025,2021,predictive,preference_dedicated_hunter_deer,TRUE,Forecasted from 2025 dedicated hunter ladder with residency quota split and preference carry-forward.,Dedicated Hunter,PREFERENCE_DEDICATED_HUNTER_DEER,MODELED_PREFERENCE,TARGET,True,Modeled by engine.utah_draw_predictive.dedicated_hunter.
hybrid_ml_v2.1.0,utah_preference_dedicated_hunter_deer_v1.0.0,2026,2026,DB1771,Cache,Deer,Buck,General Season,Dedicated Hunter,Nonresident,22,dedicated_hunter,1,5,,,,,0,0,0,0,1,1.000000,,,1.000000,,,100.000,,-22,0,ABOVE CUTOFF,YELLOW,GREEN LIGHT,"2021,2022,2023,2024,2025",5,2025,2021,predictive,preference_dedicated_hunter_deer,TRUE,Forecasted from 2025 dedicated hunter ladder with residency quota split and preference carry-forward.,Dedicated Hunter,PREFERENCE_DEDICATED_HUNTER_DEER,MODELED_PREFERENCE,TARGET,True,Modeled by engine.utah_draw_predictive.dedicated_hunter.
hybrid_ml_v2.1.0,utah_preference_dedicated_hunter_deer_v1.0.0,2026,2026,DB1771,Cache,Deer,Buck,General Season,Dedicated Hunter,Nonresident,23,dedicated_hunter,1,5,,,,,0,0,0,0,1,1.000000,,,1.000000,,,100.000,,-23,0,ABOVE CUTOFF,YELLOW,GREEN LIGHT,"2021,2022,2023,2024,2025",5,2025,2021,predictive,preference_dedicated_hunter_deer,TRUE,Forecasted from 2025 dedicated hunter ladder with residency quota split and preference carry-forward.,Dedicated Hunter,PREFERENCE_DEDICATED_HUNTER_DEER,MODELED_PREFERENCE,TARGET,True,Modeled by engine.utah_draw_predictive.dedicated_hunter.
hybrid_ml_v2.1.0,utah_preference_dedicated_hunter_deer_v1.0.0,2026,2026,DB1771,Cache,Deer,Buck,General Season,Dedicated Hunter,Nonresident,24,dedicated_hunter,1,5,,,,,0,0,0,0,1,1.000000,,,1.000000,,,100.000,,-24,0,ABOVE CUTOFF,YELLOW,GREEN LIGHT,"2021,2022,2023,2024,2025",5,2025,2021,predictive,preference_dedicated_hunter_deer,TRUE,Forecasted from 2025 dedicated hunter ladder with residency quota split and preference carry-forward.,Dedicated Hunter,PREFERENCE_DEDICATED_HUNTER_DEER,MODELED_PREFERENCE,TARGET,True,Modeled by engine.utah_draw_predictive.dedicated_hunter.
hybrid_ml_v2.1.0,utah_preference_dedicated_hunter_deer_v1.0.0,2026,2026,DB1771,Cache,Deer,Buck,General Season,Dedicated Hunter,Resident,0,dedicated_hunter,138,115,,,,,1,0,3,98,98,1.000000,,,1.000000,,,100.000,,0,-1,ABOVE CUTOFF,RED,GREEN LIGHT,"2021,2022,2023,2024,2025",5,2025,2021,predictive,preference_dedicated_hunter_deer,TRUE,Forecasted from 2025 dedicated hunter ladder with residency quota split and preference carry-forward.,Dedicated Hunter,PREFERENCE_DEDICATED_HUNTER_DEER,MODELED_PREFERENCE,TARGET,True,Modeled by engine.utah_draw_predictive.dedicated_hunter.
hybrid_ml_v2.1.0,utah_preference_dedicated_hunter_deer_v1.0.0,2026,2026,DB1771,Cache,Deer,Buck,General Season,Dedicated Hunter,Resident,1,dedicated_hunter,138,115,,,,,1,0,0,3,3,1.000000,,,1.000000,,,100.000,,-1,-1,ABOVE CUTOFF,RED,GREEN LIGHT,"2021,2022,2023,2024,2025",5,2025,2021,predictive,preference_dedicated_hunter_deer,TRUE,Forecasted from 2025 dedicated hunter ladder with residency quota split and preference carry-forward.,Dedicated Hunter,PREFERENCE_DEDICATED_HUNTER_DEER,MODELED_PREFERENCE,TARGET,True,Modeled by engine.utah_draw_predictive.dedicated_hunter.
hybrid_ml_v2.1.0,utah_preference_dedicated_hunter_deer_v1.0.0,2026,2026,DB1771,Cache,Deer,Buck,General Season,Dedicated Hunter,Resident,2,dedicated_hunter,138,115,,,,,1,0,0,0,1,1.000000,,,1.000000,,,100.000,,-2,-1,ABOVE CUTOFF,RED,GREEN LIGHT,"2021,2022,2023,2024,2025",5,2025,2021,predictive,preference_dedicated_hunter_deer,TRUE,Forecasted from 2025 dedicated hunter ladder with residency quota split and preference carry-forward.,Dedicated Hunter,PREFERENCE_DEDICATED_HUNTER_DEER,MODELED_PREFERENCE,TARGET,True,Modeled by engine.utah_draw_predictive.dedicated_hunter.
hybrid_ml_v2.1.0,utah_preference_dedicated_hunter_deer_v1.0.0,2026,2026,DB1771,Cache,Deer,Buck,General Season,Dedicated Hunter,Resident,3,dedicated_hunter,138,115,,,,,1,0,0,0,1,1.000000,,,1.000000,,,100.000,,-3,-1,ABOVE CUTOFF,RED,GREEN LIGHT,"2021,2022,2023,2024,2025",5,2025,2021,predictive,preference_dedicated_hunter_deer,TRUE,Forecasted from 2025 dedicated hunter ladder with residency quota split and preference carry-forward.,Dedicated Hunter,PREFERENCE_DEDICATED_HUNTER_DEER,MODELED_PREFERENCE,TARGET,True,Modeled by engine.utah_draw_predictive.dedicated_hunter.
hybrid_ml_v2.1.0,utah_preference_dedicated_hunter_deer_v1.0.0,2026,2026,DB1771,Cache,Deer,Buck,General Season,Dedicated Hunter,Resident,4,dedicated_hunter,138,115,,,,,1,0,0,0,1,1.000000,,,1.000000,,,100.000,,-4,-1,ABOVE CUTOFF,RED,GREEN LIGHT,"2021,2022,2023,2024,2025",5,2025,2021,predictive,preference_dedicated_hunter_deer,TRUE,Forecasted from 2025 dedicated hunter ladder with residency quota split and preference carry-forward.,Dedicated Hunter,PREFERENCE_DEDICATED_HUNTER_DEER,MODELED_PREFERENCE,TARGET,True,Modeled by engine.utah_draw_predictive.dedicated_hunter.
hybrid_ml_v2.1.0,utah_preference_dedicated_hunter_deer_v1.0.0,2026,2026,DB1771,Cache,Deer,Buck,General Season,Dedicated Hunter,Resident,5,dedicated_hunter,138,115,,,,,1,0,0,0,1,1.000000,,,1.000000,,,100.000,,-5,-1,ABOVE CUTOFF,RED,GREEN LIGHT,"2021,2022,2023,2024,2025",5,2025,2021,predictive,preference_dedicated_hunter_deer,TRUE,Forecasted from 2025 dedicated hunter ladder with residency quota split and preference carry-forward.,Dedicated Hunter,PREFERENCE_DEDICATED_HUNTER_DEER,MODELED_PREFERENCE,TARGET,True,Modeled by engine.utah_draw_predictive.dedicated_hunter.
hybrid_ml_v2.1.0,utah_preference_dedicated_hunter_deer_v1.0.0,2026,2026,DB1771,Cache,Deer,Buck,General Season,Dedicated Hunter,Resident,6,dedicated_hunter,138,115,,,,,1,0,0,0,1,1.000000,,,1.000000,,,100.000,,-6,-1,ABOVE CUTOFF,RED,GREEN LIGHT,"2021,2022,2023,2024,2025",5,2025,2021,predictive,preference_dedicated_hunter_deer,TRUE,Forecasted from 2025 dedicated hunter ladder with residency quota split and preference carry-forward.,Dedicated Hunter,PREFERENCE_DEDICATED_HUNTER_DEER,MODELED_PREFERENCE,TARGET,True,Modeled by engine.utah_draw_predictive.dedicated_hunter.
hybrid_ml_v2.1.0,utah_preference_dedicated_hunter_deer_v1.0.0,2026,2026,DB1771,Cache,Deer,Buck,General Season,Dedicated Hunter,Resident,7,dedicated_hunter,138,115,,,,,1,0,0,0,1,1.000000,,,1.000000,,,100.000,,-7,-1,ABOVE CUTOFF,RED,GREEN LIGHT,"2021,2022,2023,2024,2025",5,2025,2021,predictive,preference_dedicated_hunter_deer,TRUE,Forecasted from 2025 dedicated hunter ladder with residency quota split and preference carry-forward.,Dedicated Hunter,PREFERENCE_DEDICATED_HUNTER_DEER,MODELED_PREFERENCE,TARGET,True,Modeled by engine.utah_draw_predictive.dedicated_hunter.
hybrid_ml_v2.1.0,utah_preference_dedicated_hunter_deer_v1.0.0,2026,2026,DB1771,Cache,Deer,Buck,General Season,Dedicated Hunter,Resident,8,dedicated_hunter,138,115,,,,,1,0,0,0,1,1.000000,,,1.000000,,,100.000,,-8,-1,ABOVE CUTOFF,RED,GREEN LIGHT,"2021,2022,2023,2024,2025",5,2025,2021,predictive,preference_dedicated_hunter_deer,TRUE,Forecasted from 2025 dedicated hunter ladder with residency quota split and preference carry-forward.,Dedicated Hunter,PREFERENCE_DEDICATED_HUNTER_DEER,MODELED_PREFERENCE,TARGET,True,Modeled by engine.utah_draw_predictive.dedicated_hunter.
hybrid_ml_v2.1.0,utah_preference_dedicated_hunter_deer_v1.0.0,2026,2026,DB1771,Cache,Deer,Buck,General Season,Dedicated Hunter,Resident,9,dedicated_hunter,138,115,,,,,1,0,0,0,1,1.000000,,,1.000000,,,100.000,,-9,-1,ABOVE CUTOFF,RED,GREEN LIGHT,"2021,2022,2023,2024,2025",5,2025,2021,predictive,preference_dedicated_hunter_deer,TRUE,Forecasted from 2025 dedicated hunter ladder with residency quota split and preference carry-forward.,Dedicated Hunter,PREFERENCE_DEDICATED_HUNTER_DEER,MODELED_PREFERENCE,TARGET,True,Modeled by engine.utah_draw_predictive.dedicated_hunter.
hybrid_ml_v2.1.0,utah_preference_dedicated_hunter_deer_v1.0.0,2026,2026,DB1771,Cache,Deer,Buck,General Season,Dedicated Hunter,Resident,10,dedicated_hunter,138,115,,,,,1,0,0,0,1,1.000000,,,1.000000,,,100.000,,-10,-1,ABOVE CUTOFF,RED,GREEN LIGHT,"2021,2022,2023,2024,2025",5,2025,2021,predictive,preference_dedicated_hunter_deer,TRUE,Forecasted from 2025 dedicated hunter ladder with residency quota split and preference carry-forward.,Dedicated Hunter,PREFERENCE_DEDICATED_HUNTER_DEER,MODELED_PREFERENCE,TARGET,True,Modeled by engine.utah_draw_predictive.dedicated_hunter.
hybrid_ml_v2.1.0,utah_preference_dedicated_hunter_deer_v1.0.0,2026,2026,DB1771,Cache,Deer,Buck,General Season,Dedicated Hunter,Resident,11,dedicated_hunter,138,115,,,,,1,0,0,0,1,1.000000,,,1.000000,,,100.000,,-11,-1,ABOVE CUTOFF,RED,GREEN LIGHT,"2021,2022,2023,2024,2025",5,2025,2021,predictive,preference_dedicated_hunter_deer,TRUE,Forecasted from 2025 dedicated hunter ladder with residency quota split and preference carry-forward.,Dedicated Hunter,PREFERENCE_DEDICATED_HUNTER_DEER,MODELED_PREFERENCE,TARGET,True,Modeled by engine.utah_draw_predictive.dedicated_hunter.
hybrid_ml_v2.1.0,utah_preference_dedicated_hunter_deer_v1.0.0,2026,2026,DB1771,Cache,Deer,Buck,General Season,Dedicated Hunter,Resident,12,dedicated_hunter,138,115,,,,,1,0,0,0,1,1.000000,,,1.000000,,,100.000,,-12,-1,ABOVE CUTOFF,RED,GREEN LIGHT,"2021,2022,2023,2024,2025",5,2025,2021,predictive,preference_dedicated_hunter_deer,TRUE,Forecasted from 2025 dedicated hunter ladder with residency quota split and preference carry-forward.,Dedicated Hunter,PREFERENCE_DEDICATED_HUNTER_DEER,MODELED_PREFERENCE,TARGET,True,Modeled by engine.utah_draw_predictive.dedicated_hunter.
hybrid_ml_v2.1.0,utah_preference_dedicated_hunter_deer_v1.0.0,2026,2026,DB1771,Cache,Deer,Buck,General Season,Dedicated Hunter,Resident,13,dedicated_hunter,138,115,,,,,1,0,0,0,1,1.000000,,,1.000000,,,100.000,,-13,-1,ABOVE CUTOFF,RED,GREEN LIGHT,"2021,2022,2023,2024,2025",5,2025,2021,predictive,preference_dedicated_hunter_deer,TRUE,Forecasted from 2025 dedicated hunter ladder with residency quota split and preference carry-forward.,Dedicated Hunter,PREFERENCE_DEDICATED_HUNTER_DEER,MODELED_PREFERENCE,TARGET,True,Modeled by engine.utah_draw_predictive.dedicated_hunter.
hybrid_ml_v2.1.0,utah_preference_dedicated_hunter_deer_v1.0.0,2026,2026,DB1771,Cache,Deer,Buck,General Season,Dedicated Hunter,Resident,14,dedicated_hunter,138,115,,,,,1,0,0,0,1,1.000000,,,1.000000,,,100.000,,-14,-1,ABOVE CUTOFF,RED,GREEN LIGHT,"2021,2022,2023,2024,2025",5,2025,2021,predictive,preference_dedicated_hunter_deer,TRUE,Forecasted from 2025 dedicated hunter ladder with residency quota split and preference carry-forward.,Dedicated Hunter,PREFERENCE_DEDICATED_HUNTER_DEER,MODELED_PREFERENCE,TARGET,True,Modeled by engine.utah_draw_predictive.dedicated_hunter.
hybrid_ml_v2.1.0,utah_preference_dedicated_hunter_deer_v1.0.0,2026,2026,DB1771,Cache,Deer,Buck,General Season,Dedicated Hunter,Resident,15,dedicated_hunter,138,115,,,,,1,0,0,0,1,1.000000,,,1.000000,,,100.000,,-15,-1,ABOVE CUTOFF,RED,GREEN LIGHT,"2021,2022,2023,2024,2025",5,2025,2021,predictive,preference_dedicated_hunter_deer,TRUE,Forecasted from 2025 dedicated hunter ladder with residency quota split and preference carry-forward.,Dedicated Hunter,PREFERENCE_DEDICATED_HUNTER_DEER,MODELED_PREFERENCE,TARGET,True,Modeled by engine.utah_draw_predictive.dedicated_hunter.
hybrid_ml_v2.1.0,utah_preference_dedicated_hunter_deer_v1.0.0,2026,2026,DB1771,Cache,Deer,Buck,General Season,Dedicated Hunter,Resident,16,dedicated_hunter,138,115,,,,,1,0,0,0,1,1.000000,,,1.000000,,,100.000,,-16,-1,ABOVE CUTOFF,RED,GREEN LIGHT,"2021,2022,2023,2024,2025",5,2025,2021,predictive,preference_dedicated_hunter_deer,TRUE,Forecasted from 2025 dedicated hunter ladder with residency quota split and preference carry-forward.,Dedicated Hunter,PREFERENCE_DEDICATED_HUNTER_DEER,MODELED_PREFERENCE,TARGET,True,Modeled by engine.utah_draw_predictive.dedicated_hunter.
hybrid_ml_v2.1.0,utah_preference_dedicated_hunter_deer_v1.0.0,2026,2026,DB1771,Cache,Deer,Buck,General Season,Dedicated Hunter,Resident,17,dedicated_hunter,138,115,,,,,1,0,0,0,1,1.000000,,,1.000000,,,100.000,,-17,-1,ABOVE CUTOFF,RED,GREEN LIGHT,"2021,2022,2023,2024,2025",5,2025,2021,predictive,preference_dedicated_hunter_deer,TRUE,Forecasted from 2025 dedicated hunter ladder with residency quota split and preference carry-forward.,Dedicated Hunter,PREFERENCE_DEDICATED_HUNTER_DEER,MODELED_PREFERENCE,TARGET,True,Modeled by engine.utah_draw_predictive.dedicated_hunter.
hybrid_ml_v2.1.0,utah_preference_dedicated_hunter_deer_v1.0.0,2026,2026,DB1771,Cache,Deer,Buck,General Season,Dedicated Hunter,Resident,18,dedicated_hunter,138,115,,,,,1,0,0,0,1,1.000000,,,1.000000,,,100.000,,-18,-1,ABOVE CUTOFF,RED,GREEN LIGHT,"2021,2022,2023,2024,2025",5,2025,2021,predictive,preference_dedicated_hunter_deer,TRUE,Forecasted from 2025 dedicated hunter ladder with residency quota split and preference carry-forward.,Dedicated Hunter,PREFERENCE_DEDICATED_HUNTER_DEER,MODELED_PREFERENCE,TARGET,True,Modeled by engine.utah_draw_predictive.dedicated_hunter.
hybrid_ml_v2.1.0,utah_preference_dedicated_hunter_deer_v1.0.0,2026,2026,DB1771,Cache,Deer,Buck,General Season,Dedicated Hunter,Resident,19,dedicated_hunter,138,115,,,,,1,0,0,0,1,1.000000,,,1.000000,,,100.000,,-19,-1,ABOVE CUTOFF,RED,GREEN LIGHT,"2021,2022,2023,2024,2025",5,2025,2021,predictive,preference_dedicated_hunter_deer,TRUE,Forecasted from 2025 dedicated hunter ladder with residency quota split and preference carry-forward.,Dedicated Hunter,PREFERENCE_DEDICATED_HUNTER_DEER,MODELED_PREFERENCE,TARGET,True,Modeled by engine.utah_draw_predictive.dedicated_hunter.
hybrid_ml_v2.1.0,utah_preference_dedicated_hunter_deer_v1.0.0,2026,2026,DB1771,Cache,Deer,Buck,General Season,Dedicated Hunter,Resident,20,dedicated_hunter,138,115,,,,,1,0,0,0,1,1.000000,,,1.000000,,,100.000,,-20,-1,ABOVE CUTOFF,RED,GREEN LIGHT,"2021,2022,2023,2024,2025",5,2025,2021,predictive,preference_dedicated_hunter_deer,TRUE,Forecasted from 2025 dedicated hunter ladder with residency quota split and preference carry-forward.,Dedicated Hunter,PREFERENCE_DEDICATED_HUNTER_DEER,MODELED_PREFERENCE,TARGET,True,Modeled by engine.utah_draw_predictive.dedicated_hunter.
hybrid_ml_v2.1.0,utah_preference_dedicated_hunter_deer_v1.0.0,2026,2026,DB1771,Cache,Deer,Buck,General Season,Dedicated Hunter,Resident,21,dedicated_hunter,138,115,,,,,1,0,0,0,1,1.000000,,,1.000000,,,100.000,,-21,-1,ABOVE CUTOFF,RED,GREEN LIGHT,"2021,2022,2023,2024,2025",5,2025,2021,predictive,preference_dedicated_hunter_deer,TRUE,Forecasted from 2025 dedicated hunter ladder with residency quota split and preference carry-forward.,Dedicated Hunter,PREFERENCE_DEDICATED_HUNTER_DEER,MODELED_PREFERENCE,TARGET,True,Modeled by engine.utah_draw_predictive.dedicated_hunter.
hybrid_ml_v2.1.0,utah_preference_dedicated_hunter_deer_v1.0.0,2026,2026,DB1771,Cache,Deer,Buck,General Season,Dedicated Hunter,Resident,22,dedicated_hunter,138,115,,,,,1,0,0,0,1,1.000000,,,1.000000,,,100.000,,-22,-1,ABOVE CUTOFF,RED,GREEN LIGHT,"2021,2022,2023,2024,2025",5,2025,2021,predictive,preference_dedicated_hunter_deer,TRUE,Forecasted from 2025 dedicated hunter ladder with residency quota split and preference carry-forward.,Dedicated Hunter,PREFERENCE_DEDICATED_HUNTER_DEER,MODELED_PREFERENCE,TARGET,True,Modeled by engine.utah_draw_predictive.dedicated_hunter.
hybrid_ml_v2.1.0,utah_preference_dedicated_hunter_deer_v1.0.0,2026,2026,DB1771,Cache,Deer,Buck,General Season,Dedicated Hunter,Resident,23,dedicated_hunter,138,115,,,,,1,0,0,0,1,1.000000,,,1.000000,,,100.000,,-23,-1,ABOVE CUTOFF,RED,GREEN LIGHT,"2021,2022,2023,2024,2025",5,2025,2021,predictive,preference_dedicated_hunter_deer,TRUE,Forecasted from 2025 dedicated hunter ladder with residency quota split and preference carry-forward.,Dedicated Hunter,PREFERENCE_DEDICATED_HUNTER_DEER,MODELED_PREFERENCE,TARGET,True,Modeled by engine.utah_draw_predictive.dedicated_hunter.
hybrid_ml_v2.1.0,utah_preference_dedicated_hunter_deer_v1.0.0,2026,2026,DB1771,Cache,Deer,Buck,General Season,Dedicated Hunter,Resident,24,dedicated_hunter,138,115,,,,,1,0,0,0,1,1.000000,,,1.000000,,,100.000,,-24,-1,ABOVE CUTOFF,RED,GREEN LIGHT,"2021,2022,2023,2024,2025",5,2025,2021,predictive,preference_dedicated_hunter_deer,TRUE,Forecasted from 2025 dedicated hunter ladder with residency quota split and preference carry-forward.,Dedicated Hunter,PREFERENCE_DEDICATED_HUNTER_DEER,MODELED_PREFERENCE,TARGET,True,Modeled by engine.utah_draw_predictive.dedicated_hunter.
hybrid_ml_v2.1.0,utah_preference_dedicated_hunter_deer_v1.0.0,2026,2026,DB1772,Manti/San Rafael,Deer,Buck,General Season,Dedicated Hunter,Nonresident,0,dedicated_hunter,8,1,,,,,0,,0,6,6,0.166667,,,0.166667,,,16.667,,,,ON EDGE,RED,RANDOM POOL RELIANCE,"2021,2022,2023,2024,2025",5,2025,2021,predictive,preference_dedicated_hunter_deer,TRUE,Forecasted from 2025 dedicated hunter ladder with residency quota split and preference carry-forward.,Dedicated Hunter,PREFERENCE_DEDICATED_HUNTER_DEER,MODELED_PREFERENCE,TARGET,True,Modeled by engine.utah_draw_predictive.dedicated_hunter.
hybrid_ml_v2.1.0,utah_preference_dedicated_hunter_deer_v1.0.0,2026,2026,DB1772,Manti/San Rafael,Deer,Buck,General Season,Dedicated Hunter,Nonresident,1,dedicated_hunter,8,1,,,,,0,,0,0,1,1.000000,,,1.000000,,,100.000,,,,ABOVE CUTOFF,RED,GREEN LIGHT,"2021,2022,2023,2024,2025",5,2025,2021,predictive,preference_dedicated_hunter_deer,TRUE,Forecasted from 2025 dedicated hunter ladder with residency quota split and preference carry-forward.,Dedicated Hunter,PREFERENCE_DEDICATED_HUNTER_DEER,MODELED_PREFERENCE,TARGET,True,Modeled by engine.utah_draw_predictive.dedicated_hunter.
hybrid_ml_v2.1.0,utah_preference_dedicated_hunter_deer_v1.0.0,2026,2026,DB1772,Manti/San Rafael,Deer,Buck,General Season,Dedicated Hunter,Nonresident,2,dedicated_hunter,8,1,,,,,0,,0,0,1,1.000000,,,1.000000,,,100.000,,,,ABOVE CUTOFF,RED,GREEN LIGHT,"2021,2022,2023,2024,2025",5,2025,2021,predictive,preference_dedicated_hunter_deer,TRUE,Forecasted from 2025 dedicated hunter ladder with residency quota split and preference carry-forward.,Dedicated Hunter,PREFERENCE_DEDICATED_HUNTER_DEER,MODELED_PREFERENCE,TARGET,True,Modeled by engine.utah_draw_predictive.dedicated_hunter.
hybrid_ml_v2.1.0,utah_preference_dedicated_hunter_deer_v1.0.0,2026,2026,DB1772,Manti/San Rafael,Deer,Buck,General Season,Dedicated Hunter,Nonresident,3,dedicated_hunter,8,1,,,,,0,,0,0,1,1.000000,,,1.000000,,,100.000,,,,ABOVE CUTOFF,RED,GREEN LIGHT,"2021,2022,2023,2024,2025",5,2025,2021,predictive,preference_dedicated_hunter_deer,TRUE,Forecasted from 2025 dedicated hunter ladder with residency quota split and preference carry-forward.,Dedicated Hunter,PREFERENCE_DEDICATED_HUNTER_DEER,MODELED_PREFERENCE,TARGET,True,Modeled by engine.utah_draw_predictive.dedicated_hunter.
hybrid_ml_v2.1.0,utah_preference_dedicated_hunter_deer_v1.0.0,2026,2026,DB1772,Manti/San Rafael,Deer,Buck,General Season,Dedicated Hunter,Nonresident,4,dedicated_hunter,8,1,,,,,0,,0,0,1,1.000000,,,1.000000,,,100.000,,,,ABOVE CUTOFF,RED,GREEN LIGHT,"2021,2022,2023,2024,2025",5,2025,2021,predictive,preference_dedicated_hunter_deer,TRUE,Forecasted from 2025 dedicated hunter ladder with residency quota split and preference carry-forward.,Dedicated Hunter,PREFERENCE_DEDICATED_HUNTER_DEER,MODELED_PREFERENCE,TARGET,True,Modeled by engine.utah_draw_predictive.dedicated_hunter.
hybrid_ml_v2.1.0,utah_preference_dedicated_hunter_deer_v1.0.0,2026,2026,DB1772,Manti/San Rafael,Deer,Buck,General Season,Dedicated Hunter,Nonresident,5,dedicated_hunter,8,1,,,,,0,,0,0,1,1.000000,,,1.000000,,,100.000,,,,ABOVE CUTOFF,RED,GREEN LIGHT,"2021,2022,2023,2024,2025",5,2025,2021,predictive,preference_dedicated_hunter_deer,TRUE,Forecasted from 2025 dedicated hunter ladder with residency quota split and preference carry-forward.,Dedicated Hunter,PREFERENCE_DEDICATED_HUNTER_DEER,MODELED_PREFERENCE,TARGET,True,Modeled by engine.utah_draw_predictive.dedicated_hunter.
hybrid_ml_v2.1.0,utah_preference_dedicated_hunter_deer_v1.0.0,2026,2026,DB1772,Manti/San Rafael,Deer,Buck,General Season,Dedicated Hunter,Nonresident,6,dedicated_hunter,8,1,,,,,0,,0,0,1,1.000000,,,1.000000,,,100.000,,,,ABOVE CUTOFF,RED,GREEN LIGHT,"2021,2022,2023,2024,2025",5,2025,2021,predictive,preference_dedicated_hunter_deer,TRUE,Forecasted from 2025 dedicated hunter ladder with residency quota split and preference carry-forward.,Dedicated Hunter,PREFERENCE_DEDICATED_HUNTER_DEER,MODELED_PREFERENCE,TARGET,True,Modeled by engine.utah_draw_predictive.dedicated_hunter.
hybrid_ml_v2.1.0,utah_preference_dedicated_hunter_deer_v1.0.0,2026,2026,DB1772,Manti/San Rafael,Deer,Buck,General Season,Dedicated Hunter,Nonresident,7,dedicated_hunter,8,1,,,,,0,,0,0,1,1.000000,,,1.000000,,,100.000,,,,ABOVE CUTOFF,RED,GREEN LIGHT,"2021,2022,2023,2024,2025",5,2025,2021,predictive,preference_dedicated_hunter_deer,TRUE,Forecasted from 2025 dedicated hunter ladder with residency quota split and preference carry-forward.,Dedicated Hunter,PREFERENCE_DEDICATED_HUNTER_DEER,MODELED_PREFERENCE,TARGET,True,Modeled by engine.utah_draw_predictive.dedicated_hunter.
hybrid_ml_v2.1.0,utah_preference_dedicated_hunter_deer_v1.0.0,2026,2026,DB1772,Manti/San Rafael,Deer,Buck,General Season,Dedicated Hunter,Nonresident,8,dedicated_hunter,8,1,,,,,0,,0,0,1,1.000000,,,1.000000,,,100.000,,,,ABOVE CUTOFF,RED,GREEN LIGHT,"2021,2022,2023,2024,2025",5,2025,2021,predictive,preference_dedicated_hunter_deer,TRUE,Forecasted from 2025 dedicated hunter ladder with residency quota split and preference carry-forward.,Dedicated Hunter,PREFERENCE_DEDICATED_HUNTER_DEER,MODELED_PREFERENCE,TARGET,True,Modeled by engine.utah_draw_predictive.dedicated_hunter.
hybrid_ml_v2.1.0,utah_preference_dedicated_hunter_deer_v1.0.0,2026,2026,DB1772,Manti/San Rafael,Deer,Buck,General Season,Dedicated Hunter,Nonresident,9,dedicated_hunter,8,1,,,,,0,,0,0,1,1.000000,,,1.000000,,,100.000,,,,ABOVE CUTOFF,RED,GREEN LIGHT,"2021,2022,2023,2024,2025",5,2025,2021,predictive,preference_dedicated_hunter_deer,TRUE,Forecasted from 2025 dedicated hunter ladder with residency quota split and preference carry-forward.,Dedicated Hunter,PREFERENCE_DEDICATED_HUNTER_DEER,MODELED_PREFERENCE,TARGET,True,Modeled by engine.utah_draw_predictive.dedicated_hunter.
hybrid_ml_v2.1.0,utah_preference_dedicated_hunter_deer_v1.0.0,2026,2026,DB1772,Manti/San Rafael,Deer,Buck,General Season,Dedicated Hunter,Nonresident,10,dedicated_hunter,8,1,,,,,0,,0,0,1,1.000000,,,1.000000,,,100.000,,,,ABOVE CUTOFF,RED,GREEN LIGHT,"2021,2022,2023,2024,2025",5,2025,2021,predictive,preference_dedicated_hunter_deer,TRUE,Forecasted from 2025 dedicated hunter ladder with residency quota split and preference carry-forward.,Dedicated Hunter,PREFERENCE_DEDICATED_HUNTER_DEER,MODELED_PREFERENCE,TARGET,True,Modeled by engine.utah_draw_predictive.dedicated_hunter.
hybrid_ml_v2.1.0,utah_preference_dedicated_hunter_deer_v1.0.0,2026,2026,DB1772,Manti/San Rafael,Deer,Buck,General Season,Dedicated Hunter,Nonresident,11,dedicated_hunter,8,1,,,,,0,,0,0,1,1.000000,,,1.000000,,,100.000,,,,ABOVE CUTOFF,RED,GREEN LIGHT,"2021,2022,2023,2024,2025",5,2025,2021,predictive,preference_dedicated_hunter_deer,TRUE,Forecasted from 2025 dedicated hunter ladder with residency quota split and preference carry-forward.,Dedicated Hunter,PREFERENCE_DEDICATED_HUNTER_DEER,MODELED_PREFERENCE,TARGET,True,Modeled by engine.utah_draw_predictive.dedicated_hunter.
hybrid_ml_v2.1.0,utah_preference_dedicated_hunter_deer_v1.0.0,2026,2026,DB1772,Manti/San Rafael,Deer,Buck,General Season,Dedicated Hunter,Nonresident,12,dedicated_hunter,8,1,,,,,0,,0,0,1,1.000000,,,1.000000,,,100.000,,,,ABOVE CUTOFF,RED,GREEN LIGHT,"2021,2022,2023,2024,2025",5,2025,2021,predictive,preference_dedicated_hunter_deer,TRUE,Forecasted from 2025 dedicated hunter ladder with residency quota split and preference carry-forward.,Dedicated Hunter,PREFERENCE_DEDICATED_HUNTER_DEER,MODELED_PREFERENCE,TARGET,True,Modeled by engine.utah_draw_predictive.dedicated_hunter.
hybrid_ml_v2.1.0,utah_preference_dedicated_hunter_deer_v1.0.0,2026,2026,DB1772,Manti/San Rafael,Deer,Buck,General Season,Dedicated Hunter,Nonresident,13,dedicated_hunter,8,1,,,,,0,,0,0,1,1.000000,,,1.000000,,,100.000,,,,ABOVE CUTOFF,RED,GREEN LIGHT,"2021,2022,2023,2024,2025",5,2025,2021,predictive,preference_dedicated_hunter_deer,TRUE,Forecasted from 2025 dedicated hunter ladder with residency quota split and preference carry-forward.,Dedicated Hunter,PREFERENCE_DEDICATED_HUNTER_DEER,MODELED_PREFERENCE,TARGET,True,Modeled by engine.utah_draw_predictive.dedicated_hunter.
hybrid_ml_v2.1.0,utah_preference_dedicated_hunter_deer_v1.0.0,2026,2026,DB1772,Manti/San Rafael,Deer,Buck,General Season,Dedicated Hunter,Nonresident,14,dedicated_hunter,8,1,,,,,0,,0,0,1,1.000000,,,1.000000,,,100.000,,,,ABOVE CUTOFF,RED,GREEN LIGHT,"2021,2022,2023,2024,2025",5,2025,2021,predictive,preference_dedicated_hunter_deer,TRUE,Forecasted from 2025 dedicated hunter ladder with residency quota split and preference carry-forward.,Dedicated Hunter,PREFERENCE_DEDICATED_HUNTER_DEER,MODELED_PREFERENCE,TARGET,True,Modeled by engine.utah_draw_predictive.dedicated_hunter.
hybrid_ml_v2.1.0,utah_preference_dedicated_hunter_deer_v1.0.0,2026,2026,DB1772,Manti/San Rafael,Deer,Buck,General Season,Dedicated Hunter,Nonresident,15,dedicated_hunter,8,1,,,,,0,,0,0,1,1.000000,,,1.000000,,,100.000,,,,ABOVE CUTOFF,RED,GREEN LIGHT,"2021,2022,2023,2024,2025",5,2025,2021,predictive,preference_dedicated_hunter_deer,TRUE,Forecasted from 2025 dedicated hunter ladder with residency quota split and preference carry-forward.,Dedicated Hunter,PREFERENCE_DEDICATED_HUNTER_DEER,MODELED_PREFERENCE,TARGET,True,Modeled by engine.utah_draw_predictive.dedicated_hunter.
hybrid_ml_v2.1.0,utah_preference_dedicated_hunter_deer_v1.0.0,2026,2026,DB1772,Manti/San Rafael,Deer,Buck,General Season,Dedicated Hunter,Nonresident,16,dedicated_hunter,8,1,,,,,0,,0,0,1,1.000000,,,1.000000,,,100.000,,,,ABOVE CUTOFF,RED,GREEN LIGHT,"2021,2022,2023,2024,2025",5,2025,2021,predictive,preference_dedicated_hunter_deer,TRUE,Forecasted from 2025 dedicated hunter ladder with residency quota split and preference carry-forward.,Dedicated Hunter,PREFERENCE_DEDICATED_HUNTER_DEER,MODELED_PREFERENCE,TARGET,True,Modeled by engine.utah_draw_predictive.dedicated_hunter.
hybrid_ml_v2.1.0,utah_preference_dedicated_hunter_deer_v1.0.0,2026,2026,DB1772,Manti/San Rafael,Deer,Buck,General Season,Dedicated Hunter,Nonresident,17,dedicated_hunter,8,1,,,,,0,,0,0,1,1.000000,,,1.000000,,,100.000,,,,ABOVE CUTOFF,RED,GREEN LIGHT,"2021,2022,2023,2024,2025",5,2025,2021,predictive,preference_dedicated_hunter_deer,TRUE,Forecasted from 2025 dedicated hunter ladder with residency quota split and preference carry-forward.,Dedicated Hunter,PREFERENCE_DEDICATED_HUNTER_DEER,MODELED_PREFERENCE,TARGET,True,Modeled by engine.utah_draw_predictive.dedicated_hunter.
hybrid_ml_v2.1.0,utah_preference_dedicated_hunter_deer_v1.0.0,2026,2026,DB1772,Manti/San Rafael,Deer,Buck,General Season,Dedicated Hunter,Nonresident,18,dedicated_hunter,8,1,,,,,0,,0,0,1,1.000000,,,1.000000,,,100.000,,,,ABOVE CUTOFF,RED,GREEN LIGHT,"2021,2022,2023,2024,2025",5,2025,2021,predictive,preference_dedicated_hunter_deer,TRUE,Forecasted from 2025 dedicated hunter ladder with residency quota split and preference carry-forward.,Dedicated Hunter,PREFERENCE_DEDICATED_HUNTER_DEER,MODELED_PREFERENCE,TARGET,True,Modeled by engine.utah_draw_predictive.dedicated_hunter.
hybrid_ml_v2.1.0,utah_preference_dedicated_hunter_deer_v1.0.0,2026,2026,DB1772,Manti/San Rafael,Deer,Buck,General Season,Dedicated Hunter,Nonresident,19,dedicated_hunter,8,1,,,,,0,,0,0,1,1.000000,,,1.000000,,,100.000,,,,ABOVE CUTOFF,RED,GREEN LIGHT,"2021,2022,2023,2024,2025",5,2025,2021,predictive,preference_dedicated_hunter_deer,TRUE,Forecasted from 2025 dedicated hunter ladder with residency quota split and preference carry-forward.,Dedicated Hunter,PREFERENCE_DEDICATED_HUNTER_DEER,MODELED_PREFERENCE,TARGET,True,Modeled by engine.utah_draw_predictive.dedicated_hunter.
hybrid_ml_v2.1.0,utah_preference_dedicated_hunter_deer_v1.0.0,2026,2026,DB1772,Manti/San Rafael,Deer,Buck,General Season,Dedicated Hunter,Nonresident,20,dedicated_hunter,8,1,,,,,0,,0,0,1,1.000000,,,1.000000,,,100.000,,,,ABOVE CUTOFF,RED,GREEN LIGHT,"2021,2022,2023,2024,2025",5,2025,2021,predictive,preference_dedicated_hunter_deer,TRUE,Forecasted from 2025 dedicated hunter ladder with residency quota split and preference carry-forward.,Dedicated Hunter,PREFERENCE_DEDICATED_HUNTER_DEER,MODELED_PREFERENCE,TARGET,True,Modeled by engine.utah_draw_predictive.dedicated_hunter.
hybrid_ml_v2.1.0,utah_preference_dedicated_hunter_deer_v1.0.0,2026,2026,DB1772,Manti/San Rafael,Deer,Buck,General Season,Dedicated Hunter,Nonresident,21,dedicated_hunter,8,1,,,,,0,,0,0,1,1.000000,,,1.000000,,,100.000,,,,ABOVE CUTOFF,RED,GREEN LIGHT,"2021,2022,2023,2024,2025",5,2025,2021,predictive,preference_dedicated_hunter_deer,TRUE,Forecasted from 2025 dedicated hunter ladder with residency quota split and preference carry-forward.,Dedicated Hunter,PREFERENCE_DEDICATED_HUNTER_DEER,MODELED_PREFERENCE,TARGET,True,Modeled by engine.utah_draw_predictive.dedicated_hunter.
hybrid_ml_v2.1.0,utah_preference_dedicated_hunter_deer_v1.0.0,2026,2026,DB1772,Manti/San Rafael,Deer,Buck,General Season,Dedicated Hunter,Nonresident,22,dedicated_hunter,8,1,,,,,0,,0,0,1,1.000000,,,1.000000,,,100.000,,,,ABOVE CUTOFF,RED,GREEN LIGHT,"2021,2022,2023,2024,2025",5,2025,2021,predictive,preference_dedicated_hunter_deer,TRUE,Forecasted from 2025 dedicated hunter ladder with residency quota split and preference carry-forward.,Dedicated Hunter,PREFERENCE_DEDICATED_HUNTER_DEER,MODELED_PREFERENCE,TARGET,True,Modeled by engine.utah_draw_predictive.dedicated_hunter.
hybrid_ml_v2.1.0,utah_preference_dedicated_hunter_deer_v1.0.0,2026,2026,DB1772,Manti/San Rafael,Deer,Buck,General Season,Dedicated Hunter,Nonresident,23,dedicated_hunter,8,1,,,,,0,,0,0,1,1.000000,,,1.000000,,,100.000,,,,ABOVE CUTOFF,RED,GREEN LIGHT,"2021,2022,2023,2024,2025",5,2025,2021,predictive,preference_dedicated_hunter_deer,TRUE,Forecasted from 2025 dedicated hunter ladder with residency quota split and preference carry-forward.,Dedicated Hunter,PREFERENCE_DEDICATED_HUNTER_DEER,MODELED_PREFERENCE,TARGET,True,Modeled by engine.utah_draw_predictive.dedicated_hunter.
hybrid_ml_v2.1.0,utah_preference_dedicated_hunter_deer_v1.0.0,2026,2026,DB1772,Manti/San Rafael,Deer,Buck,General Season,Dedicated Hunter,Nonresident,24,dedicated_hunter,8,1,,,,,0,,0,0,1,1.000000,,,1.000000,,,100.000,,,,ABOVE CUTOFF,RED,GREEN LIGHT,"2021,2022,2023,2024,2025",5,2025,2021,predictive,preference_dedicated_hunter_deer,TRUE,Forecasted from 2025 dedicated hunter ladder with residency quota split and preference carry-forward.,Dedicated Hunter,PREFERENCE_DEDICATED_HUNTER_DEER,MODELED_PREFERENCE,TARGET,True,Modeled by engine.utah_draw_predictive.dedicated_hunter.
hybrid_ml_v2.1.0,utah_preference_dedicated_hunter_deer_v1.0.0,2026,2026,DB1772,Manti/San Rafael,Deer,Buck,General Season,Dedicated Hunter,Resident,0,dedicated_hunter,406,513,,,,,2,1,286,341,341,0.665689,,,0.665689,,,66.569,,1,-1,ON EDGE,RED,MAY DRAW IN 5-10 YEARS,"2021,2022,2023,2024,2025",5,2025,2021,predictive,preference_dedicated_hunter_deer,TRUE,Forecasted from 2025 dedicated hunter ladder with residency quota split and preference carry-forward.,Dedicated Hunter,PREFERENCE_DEDICATED_HUNTER_DEER,MODELED_PREFERENCE,TARGET,True,Modeled by engine.utah_draw_predictive.dedicated_hunter.
hybrid_ml_v2.1.0,utah_preference_dedicated_hunter_deer_v1.0.0,2026,2026,DB1772,Manti/San Rafael,Deer,Buck,General Season,Dedicated Hunter,Resident,1,dedicated_hunter,406,513,,,,,2,1,49,237,237,1.000000,,,1.000000,,,100.000,,0,-1,ABOVE CUTOFF,RED,GREEN LIGHT,"2021,2022,2023,2024,2025",5,2025,2021,predictive,preference_dedicated_hunter_deer,TRUE,Forecasted from 2025 dedicated hunter ladder with residency quota split and preference carry-forward.,Dedicated Hunter,PREFERENCE_DEDICATED_HUNTER_DEER,MODELED_PREFERENCE,TARGET,True,Modeled by engine.utah_draw_predictive.dedicated_hunter.
hybrid_ml_v2.1.0,utah_preference_dedicated_hunter_deer_v1.0.0,2026,2026,DB1772,Manti/San Rafael,Deer,Buck,General Season,Dedicated Hunter,Resident,2,dedicated_hunter,406,513,,,,,2,1,7,42,42,1.000000,,,1.000000,,,100.000,,-1,-1,ABOVE CUTOFF,RED,GREEN LIGHT,"2021,2022,2023,2024,2025",5,2025,2021,predictive,preference_dedicated_hunter_deer,TRUE,Forecasted from 2025 dedicated hunter ladder with residency quota split and preference carry-forward.,Dedicated Hunter,PREFERENCE_DEDICATED_HUNTER_DEER,MODELED_PREFERENCE,TARGET,True,Modeled by engine.utah_draw_predictive.dedicated_hunter.
hybrid_ml_v2.1.0,utah_preference_dedicated_hunter_deer_v1.0.0,2026,2026,DB1772,Manti/San Rafael,Deer,Buck,General Season,Dedicated Hunter,Resident,3,dedicated_hunter,406,513,,,,,2,1,1,6,6,1.000000,,,1.000000,,,100.000,,-2,-1,ABOVE CUTOFF,RED,GREEN LIGHT,"2021,2022,2023,2024,2025",5,2025,2021,predictive,preference_dedicated_hunter_deer,TRUE,Forecasted from 2025 dedicated hunter ladder with residency quota split and preference carry-forward.,Dedicated Hunter,PREFERENCE_DEDICATED_HUNTER_DEER,MODELED_PREFERENCE,TARGET,True,Modeled by engine.utah_draw_predictive.dedicated_hunter.
hybrid_ml_v2.1.0,utah_preference_dedicated_hunter_deer_v1.0.0,2026,2026,DB1772,Manti/San Rafael,Deer,Buck,General Season,Dedicated Hunter,Resident,4,dedicated_hunter,406,513,,,,,2,1,0,1,1,1.000000,,,1.000000,,,100.000,,-3,-1,ABOVE CUTOFF,RED,GREEN LIGHT,"2021,2022,2023,2024,2025",5,2025,2021,predictive,preference_dedicated_hunter_deer,TRUE,Forecasted from 2025 dedicated hunter ladder with residency quota split and preference carry-forward.,Dedicated Hunter,PREFERENCE_DEDICATED_HUNTER_DEER,MODELED_PREFERENCE,TARGET,True,Modeled by engine.utah_draw_predictive.dedicated_hunter.
hybrid_ml_v2.1.0,utah_preference_dedicated_hunter_deer_v1.0.0,2026,2026,DB1772,Manti/San Rafael,Deer,Buck,General Season,Dedicated Hunter,Resident,5,dedicated_hunter,406,513,,,,,2,1,0,0,1,1.000000,,,1.000000,,,100.000,,-4,-1,ABOVE CUTOFF,RED,GREEN LIGHT,"2021,2022,2023,2024,2025",5,2025,2021,predictive,preference_dedicated_hunter_deer,TRUE,Forecasted from 2025 dedicated hunter ladder with residency quota split and preference carry-forward.,Dedicated Hunter,PREFERENCE_DEDICATED_HUNTER_DEER,MODELED_PREFERENCE,TARGET,True,Modeled by engine.utah_draw_predictive.dedicated_hunter.
hybrid_ml_v2.1.0,utah_preference_dedicated_hunter_deer_v1.0.0,2026,2026,DB1772,Manti/San Rafael,Deer,Buck,General Season,Dedicated Hunter,Resident,6,dedicated_hunter,406,513,,,,,2,1,0,0,1,1.000000,,,1.000000,,,100.000,,-5,-1,ABOVE CUTOFF,RED,GREEN LIGHT,"2021,2022,2023,2024,2025",5,2025,2021,predictive,preference_dedicated_hunter_deer,TRUE,Forecasted from 2025 dedicated hunter ladder with residency quota split and preference carry-forward.,Dedicated Hunter,PREFERENCE_DEDICATED_HUNTER_DEER,MODELED_PREFERENCE,TARGET,True,Modeled by engine.utah_draw_predictive.dedicated_hunter.
hybrid_ml_v2.1.0,utah_preference_dedicated_hunter_deer_v1.0.0,2026,2026,DB1772,Manti/San Rafael,Deer,Buck,General Season,Dedicated Hunter,Resident,7,dedicated_hunter,406,513,,,,,2,1,0,0,1,1.000000,,,1.000000,,,100.000,,-6,-1,ABOVE CUTOFF,RED,GREEN LIGHT,"2021,2022,2023,2024,2025",5,2025,2021,predictive,preference_dedicated_hunter_deer,TRUE,Forecasted from 2025 dedicated hunter ladder with residency quota split and preference carry-forward.,Dedicated Hunter,PREFERENCE_DEDICATED_HUNTER_DEER,MODELED_PREFERENCE,TARGET,True,Modeled by engine.utah_draw_predictive.dedicated_hunter.
hybrid_ml_v2.1.0,utah_preference_dedicated_hunter_deer_v1.0.0,2026,2026,DB1772,Manti/San Rafael,Deer,Buck,General Season,Dedicated Hunter,Resident,8,dedicated_hunter,406,513,,,,,2,1,0,0,1,1.000000,,,1.000000,,,100.000,,-7,-1,ABOVE CUTOFF,RED,GREEN LIGHT,"2021,2022,2023,2024,2025",5,2025,2021,predictive,preference_dedicated_hunter_deer,TRUE,Forecasted from 2025 dedicated hunter ladder with residency quota split and preference carry-forward.,Dedicated Hunter,PREFERENCE_DEDICATED_HUNTER_DEER,MODELED_PREFERENCE,TARGET,True,Modeled by engine.utah_draw_predictive.dedicated_hunter.
hybrid_ml_v2.1.0,utah_preference_dedicated_hunter_deer_v1.0.0,2026,2026,DB1772,Manti/San Rafael,Deer,Buck,General Season,Dedicated Hunter,Resident,9,dedicated_hunter,406,513,,,,,2,1,0,0,1,1.000000,,,1.000000,,,100.000,,-8,-1,ABOVE CUTOFF,RED,GREEN LIGHT,"2021,2022,2023,2024,2025",5,2025,2021,predictive,preference_dedicated_hunter_deer,TRUE,Forecasted from 2025 dedicated hunter ladder with residency quota split and preference carry-forward.,Dedicated Hunter,PREFERENCE_DEDICATED_HUNTER_DEER,MODELED_PREFERENCE,TARGET,True,Modeled by engine.utah_draw_predictive.dedicated_hunter.
hybrid_ml_v2.1.0,utah_preference_dedicated_hunter_deer_v1.0.0,2026,2026,DB1772,Manti/San Rafael,Deer,Buck,General Season,Dedicated Hunter,Resident,10,dedicated_hunter,406,513,,,,,2,1,0,0,1,1.000000,,,1.000000,,,100.000,,-9,-1,ABOVE CUTOFF,RED,GREEN LIGHT,"2021,2022,2023,2024,2025",5,2025,2021,predictive,preference_dedicated_hunter_deer,TRUE,Forecasted from 2025 dedicated hunter ladder with residency quota split and preference carry-forward.,Dedicated Hunter,PREFERENCE_DEDICATED_HUNTER_DEER,MODELED_PREFERENCE,TARGET,True,Modeled by engine.utah_draw_predictive.dedicated_hunter.
hybrid_ml_v2.1.0,utah_preference_dedicated_hunter_deer_v1.0.0,2026,2026,DB1772,Manti/San Rafael,Deer,Buck,General Season,Dedicated Hunter,Resident,11,dedicated_hunter,406,513,,,,,2,1,0,0,1,1.000000,,,1.000000,,,100.000,,-10,-1,ABOVE CUTOFF,RED,GREEN LIGHT,"2021,2022,2023,2024,2025",5,2025,2021,predictive,preference_dedicated_hunter_deer,TRUE,Forecasted from 2025 dedicated hunter ladder with residency quota split and preference carry-forward.,Dedicated Hunter,PREFERENCE_DEDICATED_HUNTER_DEER,MODELED_PREFERENCE,TARGET,True,Modeled by engine.utah_draw_predictive.dedicated_hunter.
hybrid_ml_v2.1.0,utah_preference_dedicated_hunter_deer_v1.0.0,2026,2026,DB1772,Manti/San Rafael,Deer,Buck,General Season,Dedicated Hunter,Resident,12,dedicated_hunter,406,513,,,,,2,1,0,0,1,1.000000,,,1.000000,,,100.000,,-11,-1,ABOVE CUTOFF,RED,GREEN LIGHT,"2021,2022,2023,2024,2025",5,2025,2021,predictive,preference_dedicated_hunter_deer,TRUE,Forecasted from 2025 dedicated hunter ladder with residency quota split and preference carry-forward.,Dedicated Hunter,PREFERENCE_DEDICATED_HUNTER_DEER,MODELED_PREFERENCE,TARGET,True,Modeled by engine.utah_draw_predictive.dedicated_hunter.
hybrid_ml_v2.1.0,utah_preference_dedicated_hunter_deer_v1.0.0,2026,2026,DB1772,Manti/San Rafael,Deer,Buck,General Season,Dedicated Hunter,Resident,13,dedicated_hunter,406,513,,,,,2,1,0,0,1,1.000000,,,1.000000,,,100.000,,-12,-1,ABOVE CUTOFF,RED,GREEN LIGHT,"2021,2022,2023,2024,2025",5,2025,2021,predictive,preference_dedicated_hunter_deer,TRUE,Forecasted from 2025 dedicated hunter ladder with residency quota split and preference carry-forward.,Dedicated Hunter,PREFERENCE_DEDICATED_HUNTER_DEER,MODELED_PREFERENCE,TARGET,True,Modeled by engine.utah_draw_predictive.dedicated_hunter.
hybrid_ml_v2.1.0,utah_preference_dedicated_hunter_deer_v1.0.0,2026,2026,DB1772,Manti/San Rafael,Deer,Buck,General Season,Dedicated Hunter,Resident,14,dedicated_hunter,406,513,,,,,2,1,0,0,1,1.000000,,,1.000000,,,100.000,,-13,-1,ABOVE CUTOFF,RED,GREEN LIGHT,"2021,2022,2023,2024,2025",5,2025,2021,predictive,preference_dedicated_hunter_deer,TRUE,Forecasted from 2025 dedicated hunter ladder with residency quota split and preference carry-forward.,Dedicated Hunter,PREFERENCE_DEDICATED_HUNTER_DEER,MODELED_PREFERENCE,TARGET,True,Modeled by engine.utah_draw_predictive.dedicated_hunter.
hybrid_ml_v2.1.0,utah_preference_dedicated_hunter_deer_v1.0.0,2026,2026,DB1772,Manti/San Rafael,Deer,Buck,General Season,Dedicated Hunter,Resident,15,dedicated_hunter,406,513,,,,,2,1,0,0,1,1.000000,,,1.000000,,,100.000,,-14,-1,ABOVE CUTOFF,RED,GREEN LIGHT,"2021,2022,2023,2024,2025",5,2025,2021,predictive,preference_dedicated_hunter_deer,TRUE,Forecasted from 2025 dedicated hunter ladder with residency quota split and preference carry-forward.,Dedicated Hunter,PREFERENCE_DEDICATED_HUNTER_DEER,MODELED_PREFERENCE,TARGET,True,Modeled by engine.utah_draw_predictive.dedicated_hunter.
hybrid_ml_v2.1.0,utah_preference_dedicated_hunter_deer_v1.0.0,2026,2026,DB1772,Manti/San Rafael,Deer,Buck,General Season,Dedicated Hunter,Resident,16,dedicated_hunter,406,513,,,,,2,1,0,0,1,1.000000,,,1.000000,,,100.000,,-15,-1,ABOVE CUTOFF,RED,GREEN LIGHT,"2021,2022,2023,2024,2025",5,2025,2021,predictive,preference_dedicated_hunter_deer,TRUE,Forecasted from 2025 dedicated hunter ladder with residency quota split and preference carry-forward.,Dedicated Hunter,PREFERENCE_DEDICATED_HUNTER_DEER,MODELED_PREFERENCE,TARGET,True,Modeled by engine.utah_draw_predictive.dedicated_hunter.
hybrid_ml_v2.1.0,utah_preference_dedicated_hunter_deer_v1.0.0,2026,2026,DB1772,Manti/San Rafael,Deer,Buck,General Season,Dedicated Hunter,Resident,17,dedicated_hunter,406,513,,,,,2,1,0,0,1,1.000000,,,1.000000,,,100.000,,-16,-1,ABOVE CUTOFF,RED,GREEN LIGHT,"2021,2022,2023,2024,2025",5,2025,2021,predictive,preference_dedicated_hunter_deer,TRUE,Forecasted from 2025 dedicated hunter ladder with residency quota split and preference carry-forward.,Dedicated Hunter,PREFERENCE_DEDICATED_HUNTER_DEER,MODELED_PREFERENCE,TARGET,True,Modeled by engine.utah_draw_predictive.dedicated_hunter.
hybrid_ml_v2.1.0,utah_preference_dedicated_hunter_deer_v1.0.0,2026,2026,DB1772,Manti/San Rafael,Deer,Buck,General Season,Dedicated Hunter,Resident,18,dedicated_hunter,406,513,,,,,2,1,0,0,1,1.000000,,,1.000000,,,100.000,,-17,-1,ABOVE CUTOFF,RED,GREEN LIGHT,"2021,2022,2023,2024,2025",5,2025,2021,predictive,preference_dedicated_hunter_deer,TRUE,Forecasted from 2025 dedicated hunter ladder with residency quota split and preference carry-forward.,Dedicated Hunter,PREFERENCE_DEDICATED_HUNTER_DEER,MODELED_PREFERENCE,TARGET,True,Modeled by engine.utah_draw_predictive.dedicated_hunter.
hybrid_ml_v2.1.0,utah_preference_dedicated_hunter_deer_v1.0.0,2026,2026,DB1772,Manti/San Rafael,Deer,Buck,General Season,Dedicated Hunter,Resident,19,dedicated_hunter,406,513,,,,,2,1,0,0,1,1.000000,,,1.000000,,,100.000,,-18,-1,ABOVE CUTOFF,RED,GREEN LIGHT,"2021,2022,2023,2024,2025",5,2025,2021,predictive,preference_dedicated_hunter_deer,TRUE,Forecasted from 2025 dedicated hunter ladder with residency quota split and preference carry-forward.,Dedicated Hunter,PREFERENCE_DEDICATED_HUNTER_DEER,MODELED_PREFERENCE,TARGET,True,Modeled by engine.utah_draw_predictive.dedicated_hunter.
hybrid_ml_v2.1.0,utah_preference_dedicated_hunter_deer_v1.0.0,2026,2026,DB1772,Manti/San Rafael,Deer,Buck,General Season,Dedicated Hunter,Resident,20,dedicated_hunter,406,513,,,,,2,1,0,0,1,1.000000,,,1.000000,,,100.000,,-19,-1,ABOVE CUTOFF,RED,GREEN LIGHT,"2021,2022,2023,2024,2025",5,2025,2021,predictive,preference_dedicated_hunter_deer,TRUE,Forecasted from 2025 dedicated hunter ladder with residency quota split and preference carry-forward.,Dedicated Hunter,PREFERENCE_DEDICATED_HUNTER_DEER,MODELED_PREFERENCE,TARGET,True,Modeled by engine.utah_draw_predictive.dedicated_hunter.
hybrid_ml_v2.1.0,utah_preference_dedicated_hunter_deer_v1.0.0,2026,2026,DB1772,Manti/San Rafael,Deer,Buck,General Season,Dedicated Hunter,Resident,21,dedicated_hunter,406,513,,,,,2,1,0,0,1,1.000000,,,1.000000,,,100.000,,-20,-1,ABOVE CUTOFF,RED,GREEN LIGHT,"2021,2022,2023,2024,2025",5,2025,2021,predictive,preference_dedicated_hunter_deer,TRUE,Forecasted from 2025 dedicated hunter ladder with residency quota split and preference carry-forward.,Dedicated Hunter,PREFERENCE_DEDICATED_HUNTER_DEER,MODELED_PREFERENCE,TARGET,True,Modeled by engine.utah_draw_predictive.dedicated_hunter.
hybrid_ml_v2.1.0,utah_preference_dedicated_hunter_deer_v1.0.0,2026,2026,DB1772,Manti/San Rafael,Deer,Buck,General Season,Dedicated Hunter,Resident,22,dedicated_hunter,406,513,,,,,2,1,0,0,1,1.000000,,,1.000000,,,100.000,,-21,-1,ABOVE CUTOFF,RED,GREEN LIGHT,"2021,2022,2023,2024,2025",5,2025,2021,predictive,preference_dedicated_hunter_deer,TRUE,Forecasted from 2025 dedicated hunter ladder with residency quota split and preference carry-forward.,Dedicated Hunter,PREFERENCE_DEDICATED_HUNTER_DEER,MODELED_PREFERENCE,TARGET,True,Modeled by engine.utah_draw_predictive.dedicated_hunter.
hybrid_ml_v2.1.0,utah_preference_dedicated_hunter_deer_v1.0.0,2026,2026,DB1772,Manti/San Rafael,Deer,Buck,General Season,Dedicated Hunter,Resident,23,dedicated_hunter,406,513,,,,,2,1,0,0,1,1.000000,,,1.000000,,,100.000,,-22,-1,ABOVE CUTOFF,RED,GREEN LIGHT,"2021,2022,2023,2024,2025",5,2025,2021,predictive,preference_dedicated_hunter_deer,TRUE,Forecasted from 2025 dedicated hunter ladder with residency quota split and preference carry-forward.,Dedicated Hunter,PREFERENCE_DEDICATED_HUNTER_DEER,MODELED_PREFERENCE,TARGET,True,Modeled by engine.utah_draw_predictive.dedicated_hunter.
hybrid_ml_v2.1.0,utah_preference_dedicated_hunter_deer_v1.0.0,2026,2026,DB1772,Manti/San Rafael,Deer,Buck,General Season,Dedicated Hunter,Resident,24,dedicated_hunter,406,513,,,,,2,1,0,0,1,1.000000,,,1.000000,,,100.000,,-23,-1,ABOVE CUTOFF,RED,GREEN LIGHT,"2021,2022,2023,2024,2025",5,2025,2021,predictive,preference_dedicated_hunter_deer,TRUE,Forecasted from 2025 dedicated hunter ladder with residency quota split and preference carry-forward.,Dedicated Hunter,PREFERENCE_DEDICATED_HUNTER_DEER,MODELED_PREFERENCE,TARGET,True,Modeled by engine.utah_draw_predictive.dedicated_hunter.
hybrid_ml_v2.1.0,utah_preference_dedicated_hunter_deer_v1.0.0,2026,2026,DB1773,Nebo,Deer,Buck,General Season,Dedicated Hunter,Nonresident,0,dedicated_hunter,3,1,,,,,0,0,0,1,1,1.000000,,,1.000000,,,100.000,,0,0,ABOVE CUTOFF,YELLOW,GREEN LIGHT,"2021,2022,2023,2024,2025",5,2025,2021,predictive,preference_dedicated_hunter_deer,TRUE,Forecasted from 2025 dedicated hunter ladder with residency quota split and preference carry-forward.,Dedicated Hunter,PREFERENCE_DEDICATED_HUNTER_DEER,MODELED_PREFERENCE,TARGET,True,Modeled by engine.utah_draw_predictive.dedicated_hunter.
hybrid_ml_v2.1.0,utah_preference_dedicated_hunter_deer_v1.0.0,2026,2026,DB1773,Nebo,Deer,Buck,General Season,Dedicated Hunter,Nonresident,1,dedicated_hunter,3,1,,,,,0,0,0,0,1,1.000000,,,1.000000,,,100.000,,-1,0,ABOVE CUTOFF,YELLOW,GREEN LIGHT,"2021,2022,2023,2024,2025",5,2025,2021,predictive,preference_dedicated_hunter_deer,TRUE,Forecasted from 2025 dedicated hunter ladder with residency quota split and preference carry-forward.,Dedicated Hunter,PREFERENCE_DEDICATED_HUNTER_DEER,MODELED_PREFERENCE,TARGET,True,Modeled by engine.utah_draw_predictive.dedicated_hunter.
hybrid_ml_v2.1.0,utah_preference_dedicated_hunter_deer_v1.0.0,2026,2026,DB1773,Nebo,Deer,Buck,General Season,Dedicated Hunter,Nonresident,2,dedicated_hunter,3,1,,,,,0,0,0,0,1,1.000000,,,1.000000,,,100.000,,-2,0,ABOVE CUTOFF,YELLOW,GREEN LIGHT,"2021,2022,2023,2024,2025",5,2025,2021,predictive,preference_dedicated_hunter_deer,TRUE,Forecasted from 2025 dedicated hunter ladder with residency quota split and preference carry-forward.,Dedicated Hunter,PREFERENCE_DEDICATED_HUNTER_DEER,MODELED_PREFERENCE,TARGET,True,Modeled by engine.utah_draw_predictive.dedicated_hunter.
hybrid_ml_v2.1.0,utah_preference_dedicated_hunter_deer_v1.0.0,2026,2026,DB1773,Nebo,Deer,Buck,General Season,Dedicated Hunter,Nonresident,3,dedicated_hunter,3,1,,,,,0,0,0,0,1,1.000000,,,1.000000,,,100.000,,-3,0,ABOVE CUTOFF,YELLOW,GREEN LIGHT,"2021,2022,2023,2024,2025",5,2025,2021,predictive,preference_dedicated_hunter_deer,TRUE,Forecasted from 2025 dedicated hunter ladder with residency quota split and preference carry-forward.,Dedicated Hunter,PREFERENCE_DEDICATED_HUNTER_DEER,MODELED_PREFERENCE,TARGET,True,Modeled by engine.utah_draw_predictive.dedicated_hunter.
hybrid_ml_v2.1.0,utah_preference_dedicated_hunter_deer_v1.0.0,2026,2026,DB1773,Nebo,Deer,Buck,General Season,Dedicated Hunter,Nonresident,4,dedicated_hunter,3,1,,,,,0,0,0,0,1,1.000000,,,1.000000,,,100.000,,-4,0,ABOVE CUTOFF,YELLOW,GREEN LIGHT,"2021,2022,2023,2024,2025",5,2025,2021,predictive,preference_dedicated_hunter_deer,TRUE,Forecasted from 2025 dedicated hunter ladder with residency quota split and preference carry-forward.,Dedicated Hunter,PREFERENCE_DEDICATED_HUNTER_DEER,MODELED_PREFERENCE,TARGET,True,Modeled by engine.utah_draw_predictive.dedicated_hunter.
hybrid_ml_v2.1.0,utah_preference_dedicated_hunter_deer_v1.0.0,2026,2026,DB1773,Nebo,Deer,Buck,General Season,Dedicated Hunter,Nonresident,5,dedicated_hunter,3,1,,,,,0,0,0,0,1,1.000000,,,1.000000,,,100.000,,-5,0,ABOVE CUTOFF,YELLOW,GREEN LIGHT,"2021,2022,2023,2024,2025",5,2025,2021,predictive,preference_dedicated_hunter_deer,TRUE,Forecasted from 2025 dedicated hunter ladder with residency quota split and preference carry-forward.,Dedicated Hunter,PREFERENCE_DEDICATED_HUNTER_DEER,MODELED_PREFERENCE,TARGET,True,Modeled by engine.utah_draw_predictive.dedicated_hunter.
hybrid_ml_v2.1.0,utah_preference_dedicated_hunter_deer_v1.0.0,2026,2026,DB1773,Nebo,Deer,Buck,General Season,Dedicated Hunter,Nonresident,6,dedicated_hunter,3,1,,,,,0,0,0,0,1,1.000000,,,1.000000,,,100.000,,-6,0,ABOVE CUTOFF,YELLOW,GREEN LIGHT,"2021,2022,2023,2024,2025",5,2025,2021,predictive,preference_dedicated_hunter_deer,TRUE,Forecasted from 2025 dedicated hunter ladder with residency quota split and preference carry-forward.,Dedicated Hunter,PREFERENCE_DEDICATED_HUNTER_DEER,MODELED_PREFERENCE,TARGET,True,Modeled by engine.utah_draw_predictive.dedicated_hunter.
hybrid_ml_v2.1.0,utah_preference_dedicated_hunter_deer_v1.0.0,2026,2026,DB1773,Nebo,Deer,Buck,General Season,Dedicated Hunter,Nonresident,7,dedicated_hunter,3,1,,,,,0,0,0,0,1,1.000000,,,1.000000,,,100.000,,-7,0,ABOVE CUTOFF,YELLOW,GREEN LIGHT,"2021,2022,2023,2024,2025",5,2025,2021,predictive,preference_dedicated_hunter_deer,TRUE,Forecasted from 2025 dedicated hunter ladder with residency quota split and preference carry-forward.,Dedicated Hunter,PREFERENCE_DEDICATED_HUNTER_DEER,MODELED_PREFERENCE,TARGET,True,Modeled by engine.utah_draw_predictive.dedicated_hunter.
hybrid_ml_v2.1.0,utah_preference_dedicated_hunter_deer_v1.0.0,2026,2026,DB1773,Nebo,Deer,Buck,General Season,Dedicated Hunter,Nonresident,8,dedicated_hunter,3,1,,,,,0,0,0,0,1,1.000000,,,1.000000,,,100.000,,-8,0,ABOVE CUTOFF,YELLOW,GREEN LIGHT,"2021,2022,2023,2024,2025",5,2025,2021,predictive,preference_dedicated_hunter_deer,TRUE,Forecasted from 2025 dedicated hunter ladder with residency quota split and preference carry-forward.,Dedicated Hunter,PREFERENCE_DEDICATED_HUNTER_DEER,MODELED_PREFERENCE,TARGET,True,Modeled by engine.utah_draw_predictive.dedicated_hunter.
hybrid_ml_v2.1.0,utah_preference_dedicated_hunter_deer_v1.0.0,2026,2026,DB1773,Nebo,Deer,Buck,General Season,Dedicated Hunter,Nonresident,9,dedicated_hunter,3,1,,,,,0,0,0,0,1,1.000000,,,1.000000,,,100.000,,-9,0,ABOVE CUTOFF,YELLOW,GREEN LIGHT,"2021,2022,2023,2024,2025",5,2025,2021,predictive,preference_dedicated_hunter_deer,TRUE,Forecasted from 2025 dedicated hunter ladder with residency quota split and preference carry-forward.,Dedicated Hunter,PREFERENCE_DEDICATED_HUNTER_DEER,MODELED_PREFERENCE,TARGET,True,Modeled by engine.utah_draw_predictive.dedicated_hunter.
hybrid_ml_v2.1.0,utah_preference_dedicated_hunter_deer_v1.0.0,2026,2026,DB1773,Nebo,Deer,Buck,General Season,Dedicated Hunter,Nonresident,10,dedicated_hunter,3,1,,,,,0,0,0,0,1,1.000000,,,1.000000,,,100.000,,-10,0,ABOVE CUTOFF,YELLOW,GREEN LIGHT,"2021,2022,2023,2024,2025",5,2025,2021,predictive,preference_dedicated_hunter_deer,TRUE,Forecasted from 2025 dedicated hunter ladder with residency quota split and preference carry-forward.,Dedicated Hunter,PREFERENCE_DEDICATED_HUNTER_DEER,MODELED_PREFERENCE,TARGET,True,Modeled by engine.utah_draw_predictive.dedicated_hunter.
hybrid_ml_v2.1.0,utah_preference_dedicated_hunter_deer_v1.0.0,2026,2026,DB1773,Nebo,Deer,Buck,General Season,Dedicated Hunter,Nonresident,11,dedicated_hunter,3,1,,,,,0,0,0,0,1,1.000000,,,1.000000,,,100.000,,-11,0,ABOVE CUTOFF,YELLOW,GREEN LIGHT,"2021,2022,2023,2024,2025",5,2025,2021,predictive,preference_dedicated_hunter_deer,TRUE,Forecasted from 2025 dedicated hunter ladder with residency quota split and preference carry-forward.,Dedicated Hunter,PREFERENCE_DEDICATED_HUNTER_DEER,MODELED_PREFERENCE,TARGET,True,Modeled by engine.utah_draw_predictive.dedicated_hunter.
hybrid_ml_v2.1.0,utah_preference_dedicated_hunter_deer_v1.0.0,2026,2026,DB1773,Nebo,Deer,Buck,General Season,Dedicated Hunter,Nonresident,12,dedicated_hunter,3,1,,,,,0,0,0,0,1,1.000000,,,1.000000,,,100.000,,-12,0,ABOVE CUTOFF,YELLOW,GREEN LIGHT,"2021,2022,2023,2024,2025",5,2025,2021,predictive,preference_dedicated_hunter_deer,TRUE,Forecasted from 2025 dedicated hunter ladder with residency quota split and preference carry-forward.,Dedicated Hunter,PREFERENCE_DEDICATED_HUNTER_DEER,MODELED_PREFERENCE,TARGET,True,Modeled by engine.utah_draw_predictive.dedicated_hunter.
hybrid_ml_v2.1.0,utah_preference_dedicated_hunter_deer_v1.0.0,2026,2026,DB1773,Nebo,Deer,Buck,General Season,Dedicated Hunter,Nonresident,13,dedicated_hunter,3,1,,,,,0,0,0,0,1,1.000000,,,1.000000,,,100.000,,-13,0,ABOVE CUTOFF,YELLOW,GREEN LIGHT,"2021,2022,2023,2024,2025",5,2025,2021,predictive,preference_dedicated_hunter_deer,TRUE,Forecasted from 2025 dedicated hunter ladder with residency quota split and preference carry-forward.,Dedicated Hunter,PREFERENCE_DEDICATED_HUNTER_DEER,MODELED_PREFERENCE,TARGET,True,Modeled by engine.utah_draw_predictive.dedicated_hunter.
hybrid_ml_v2.1.0,utah_preference_dedicated_hunter_deer_v1.0.0,2026,2026,DB1773,Nebo,Deer,Buck,General Season,Dedicated Hunter,Nonresident,14,dedicated_hunter,3,1,,,,,0,0,0,0,1,1.000000,,,1.000000,,,100.000,,-14,0,ABOVE CUTOFF,YELLOW,GREEN LIGHT,"2021,2022,2023,2024,2025",5,2025,2021,predictive,preference_dedicated_hunter_deer,TRUE,Forecasted from 2025 dedicated hunter ladder with residency quota split and preference carry-forward.,Dedicated Hunter,PREFERENCE_DEDICATED_HUNTER_DEER,MODELED_PREFERENCE,TARGET,True,Modeled by engine.utah_draw_predictive.dedicated_hunter.
hybrid_ml_v2.1.0,utah_preference_dedicated_hunter_deer_v1.0.0,2026,2026,DB1773,Nebo,Deer,Buck,General Season,Dedicated Hunter,Nonresident,15,dedicated_hunter,3,1,,,,,0,0,0,0,1,1.000000,,,1.000000,,,100.000,,-15,0,ABOVE CUTOFF,YELLOW,GREEN LIGHT,"2021,2022,2023,2024,2025",5,2025,2021,predictive,preference_dedicated_hunter_deer,TRUE,Forecasted from 2025 dedicated hunter ladder with residency quota split and preference carry-forward.,Dedicated Hunter,PREFERENCE_DEDICATED_HUNTER_DEER,MODELED_PREFERENCE,TARGET,True,Modeled by engine.utah_draw_predictive.dedicated_hunter.
hybrid_ml_v2.1.0,utah_preference_dedicated_hunter_deer_v1.0.0,2026,2026,DB1773,Nebo,Deer,Buck,General Season,Dedicated Hunter,Nonresident,16,dedicated_hunter,3,1,,,,,0,0,0,0,1,1.000000,,,1.000000,,,100.000,,-16,0,ABOVE CUTOFF,YELLOW,GREEN LIGHT,"2021,2022,2023,2024,2025",5,2025,2021,predictive,preference_dedicated_hunter_deer,TRUE,Forecasted from 2025 dedicated hunter ladder with residency quota split and preference carry-forward.,Dedicated Hunter,PREFERENCE_DEDICATED_HUNTER_DEER,MODELED_PREFERENCE,TARGET,True,Modeled by engine.utah_draw_predictive.dedicated_hunter.
hybrid_ml_v2.1.0,utah_preference_dedicated_hunter_deer_v1.0.0,2026,2026,DB1773,Nebo,Deer,Buck,General Season,Dedicated Hunter,Nonresident,17,dedicated_hunter,3,1,,,,,0,0,0,0,1,1.000000,,,1.000000,,,100.000,,-17,0,ABOVE CUTOFF,YELLOW,GREEN LIGHT,"2021,2022,2023,2024,2025",5,2025,2021,predictive,preference_dedicated_hunter_deer,TRUE,Forecasted from 2025 dedicated hunter ladder with residency quota split and preference carry-forward.,Dedicated Hunter,PREFERENCE_DEDICATED_HUNTER_DEER,MODELED_PREFERENCE,TARGET,True,Modeled by engine.utah_draw_predictive.dedicated_hunter.
hybrid_ml_v2.1.0,utah_preference_dedicated_hunter_deer_v1.0.0,2026,2026,DB1773,Nebo,Deer,Buck,General Season,Dedicated Hunter,Nonresident,18,dedicated_hunter,3,1,,,,,0,0,0,0,1,1.000000,,,1.000000,,,100.000,,-18,0,ABOVE CUTOFF,YELLOW,GREEN LIGHT,"2021,2022,2023,2024,2025",5,2025,2021,predictive,preference_dedicated_hunter_deer,TRUE,Forecasted from 2025 dedicated hunter ladder with residency quota split and preference carry-forward.,Dedicated Hunter,PREFERENCE_DEDICATED_HUNTER_DEER,MODELED_PREFERENCE,TARGET,True,Modeled by engine.utah_draw_predictive.dedicated_hunter.
hybrid_ml_v2.1.0,utah_preference_dedicated_hunter_deer_v1.0.0,2026,2026,DB1773,Nebo,Deer,Buck,General Season,Dedicated Hunter,Nonresident,19,dedicated_hunter,3,1,,,,,0,0,0,0,1,1.000000,,,1.000000,,,100.000,,-19,0,ABOVE CUTOFF,YELLOW,GREEN LIGHT,"2021,2022,2023,2024,2025",5,2025,2021,predictive,preference_dedicated_hunter_deer,TRUE,Forecasted from 2025 dedicated hunter ladder with residency quota split and preference carry-forward.,Dedicated Hunter,PREFERENCE_DEDICATED_HUNTER_DEER,MODELED_PREFERENCE,TARGET,True,Modeled by engine.utah_draw_predictive.dedicated_hunter.
hybrid_ml_v2.1.0,utah_preference_dedicated_hunter_deer_v1.0.0,2026,2026,DB1773,Nebo,Deer,Buck,General Season,Dedicated Hunter,Nonresident,20,dedicated_hunter,3,1,,,,,0,0,0,0,1,1.000000,,,1.000000,,,100.000,,-20,0,ABOVE CUTOFF,YELLOW,GREEN LIGHT,"2021,2022,2023,2024,2025",5,2025,2021,predictive,preference_dedicated_hunter_deer,TRUE,Forecasted from 2025 dedicated hunter ladder with residency quota split and preference carry-forward.,Dedicated Hunter,PREFERENCE_DEDICATED_HUNTER_DEER,MODELED_PREFERENCE,TARGET,True,Modeled by engine.utah_draw_predictive.dedicated_hunter.
hybrid_ml_v2.1.0,utah_preference_dedicated_hunter_deer_v1.0.0,2026,2026,DB1773,Nebo,Deer,Buck,General Season,Dedicated Hunter,Nonresident,21,dedicated_hunter,3,1,,,,,0,0,0,0,1,1.000000,,,1.000000,,,100.000,,-21,0,ABOVE CUTOFF,YELLOW,GREEN LIGHT,"2021,2022,2023,2024,2025",5,2025,2021,predictive,preference_dedicated_hunter_deer,TRUE,Forecasted from 2025 dedicated hunter ladder with residency quota split and preference carry-forward.,Dedicated Hunter,PREFERENCE_DEDICATED_HUNTER_DEER,MODELED_PREFERENCE,TARGET,True,Modeled by engine.utah_draw_predictive.dedicated_hunter.
hybrid_ml_v2.1.0,utah_preference_dedicated_hunter_deer_v1.0.0,2026,2026,DB1773,Nebo,Deer,Buck,General Season,Dedicated Hunter,Nonresident,22,dedicated_hunter,3,1,,,,,0,0,0,0,1,1.000000,,,1.000000,,,100.000,,-22,0,ABOVE CUTOFF,YELLOW,GREEN LIGHT,"2021,2022,2023,2024,2025",5,2025,2021,predictive,preference_dedicated_hunter_deer,TRUE,Forecasted from 2025 dedicated hunter ladder with residency quota split and preference carry-forward.,Dedicated Hunter,PREFERENCE_DEDICATED_HUNTER_DEER,MODELED_PREFERENCE,TARGET,True,Modeled by engine.utah_draw_predictive.dedicated_hunter.
hybrid_ml_v2.1.0,utah_preference_dedicated_hunter_deer_v1.0.0,2026,2026,DB1773,Nebo,Deer,Buck,General Season,Dedicated Hunter,Nonresident,23,dedicated_hunter,3,1,,,,,0,0,0,0,1,1.000000,,,1.000000,,,100.000,,-23,0,ABOVE CUTOFF,YELLOW,GREEN LIGHT,"2021,2022,2023,2024,2025",5,2025,2021,predictive,preference_dedicated_hunter_deer,TRUE,Forecasted from 2025 dedicated hunter ladder with residency quota split and preference carry-forward.,Dedicated Hunter,PREFERENCE_DEDICATED_HUNTER_DEER,MODELED_PREFERENCE,TARGET,True,Modeled by engine.utah_draw_predictive.dedicated_hunter.
hybrid_ml_v2.1.0,utah_preference_dedicated_hunter_deer_v1.0.0,2026,2026,DB1773,Nebo,Deer,Buck,General Season,Dedicated Hunter,Nonresident,24,dedicated_hunter,3,1,,,,,0,0,0,0,1,1.000000,,,1.000000,,,100.000,,-24,0,ABOVE CUTOFF,YELLOW,GREEN LIGHT,"2021,2022,2023,2024,2025",5,2025,2021,predictive,preference_dedicated_hunter_deer,TRUE,Forecasted from 2025 dedicated hunter ladder with residency quota split and preference carry-forward.,Dedicated Hunter,PREFERENCE_DEDICATED_HUNTER_DEER,MODELED_PREFERENCE,TARGET,True,Modeled by engine.utah_draw_predictive.dedicated_hunter.
hybrid_ml_v2.1.0,utah_preference_dedicated_hunter_deer_v1.0.0,2026,2026,DB1773,Nebo,Deer,Buck,General Season,Dedicated Hunter,Resident,0,dedicated_hunter,170,201,,,,,1,0,6,130,130,1.000000,,,1.000000,,,100.000,,0,-1,ABOVE CUTOFF,RED,GREEN LIGHT,"2021,2022,2023,2024,2025",5,2025,2021,predictive,preference_dedicated_hunter_deer,TRUE,Forecasted from 2025 dedicated hunter ladder with residency quota split and preference carry-forward.,Dedicated Hunter,PREFERENCE_DEDICATED_HUNTER_DEER,MODELED_PREFERENCE,TARGET,True,Modeled by engine.utah_draw_predictive.dedicated_hunter.
hybrid_ml_v2.1.0,utah_preference_dedicated_hunter_deer_v1.0.0,2026,2026,DB1773,Nebo,Deer,Buck,General Season,Dedicated Hunter,Resident,1,dedicated_hunter,170,201,,,,,1,0,1,5,5,1.000000,,,1.000000,,,100.000,,-1,-1,ABOVE CUTOFF,RED,GREEN LIGHT,"2021,2022,2023,2024,2025",5,2025,2021,predictive,preference_dedicated_hunter_deer,TRUE,Forecasted from 2025 dedicated hunter ladder with residency quota split and preference carry-forward.,Dedicated Hunter,PREFERENCE_DEDICATED_HUNTER_DEER,MODELED_PREFERENCE,TARGET,True,Modeled by engine.utah_draw_predictive.dedicated_hunter.
hybrid_ml_v2.1.0,utah_preference_dedicated_hunter_deer_v1.0.0,2026,2026,DB1773,Nebo,Deer,Buck,General Season,Dedicated Hunter,Resident,2,dedicated_hunter,170,201,,,,,1,0,0,1,1,1.000000,,,1.000000,,,100.000,,-2,-1,ABOVE CUTOFF,RED,GREEN LIGHT,"2021,2022,2023,2024,2025",5,2025,2021,predictive,preference_dedicated_hunter_deer,TRUE,Forecasted from 2025 dedicated hunter ladder with residency quota split and preference carry-forward.,Dedicated Hunter,PREFERENCE_DEDICATED_HUNTER_DEER,MODELED_PREFERENCE,TARGET,True,Modeled by engine.utah_draw_predictive.dedicated_hunter.
hybrid_ml_v2.1.0,utah_preference_dedicated_hunter_deer_v1.0.0,2026,2026,DB1773,Nebo,Deer,Buck,General Season,Dedicated Hunter,Resident,3,dedicated_hunter,170,201,,,,,1,0,0,0,1,1.000000,,,1.000000,,,100.000,,-3,-1,ABOVE CUTOFF,RED,GREEN LIGHT,"2021,2022,2023,2024,2025",5,2025,2021,predictive,preference_dedicated_hunter_deer,TRUE,Forecasted from 2025 dedicated hunter ladder with residency quota split and preference carry-forward.,Dedicated Hunter,PREFERENCE_DEDICATED_HUNTER_DEER,MODELED_PREFERENCE,TARGET,True,Modeled by engine.utah_draw_predictive.dedicated_hunter.
hybrid_ml_v2.1.0,utah_preference_dedicated_hunter_deer_v1.0.0,2026,2026,DB1773,Nebo,Deer,Buck,General Season,Dedicated Hunter,Resident,4,dedicated_hunter,170,201,,,,,1,0,0,0,1,1.000000,,,1.000000,,,100.000,,-4,-1,ABOVE CUTOFF,RED,GREEN LIGHT,"2021,2022,2023,2024,2025",5,2025,2021,predictive,preference_dedicated_hunter_deer,TRUE,Forecasted from 2025 dedicated hunter ladder with residency quota split and preference carry-forward.,Dedicated Hunter,PREFERENCE_DEDICATED_HUNTER_DEER,MODELED_PREFERENCE,TARGET,True,Modeled by engine.utah_draw_predictive.dedicated_hunter.
hybrid_ml_v2.1.0,utah_preference_dedicated_hunter_deer_v1.0.0,2026,2026,DB1773,Nebo,Deer,Buck,General Season,Dedicated Hunter,Resident,5,dedicated_hunter,170,201,,,,,1,0,0,0,1,1.000000,,,1.000000,,,100.000,,-5,-1,ABOVE CUTOFF,RED,GREEN LIGHT,"2021,2022,2023,2024,2025",5,2025,2021,predictive,preference_dedicated_hunter_deer,TRUE,Forecasted from 2025 dedicated hunter ladder with residency quota split and preference carry-forward.,Dedicated Hunter,PREFERENCE_DEDICATED_HUNTER_DEER,MODELED_PREFERENCE,TARGET,True,Modeled by engine.utah_draw_predictive.dedicated_hunter.
hybrid_ml_v2.1.0,utah_preference_dedicated_hunter_deer_v1.0.0,2026,2026,DB1773,Nebo,Deer,Buck,General Season,Dedicated Hunter,Resident,6,dedicated_hunter,170,201,,,,,1,0,0,0,1,1.000000,,,1.000000,,,100.000,,-6,-1,ABOVE CUTOFF,RED,GREEN LIGHT,"2021,2022,2023,2024,2025",5,2025,2021,predictive,preference_dedicated_hunter_deer,TRUE,Forecasted from 2025 dedicated hunter ladder with residency quota split and preference carry-forward.,Dedicated Hunter,PREFERENCE_DEDICATED_HUNTER_DEER,MODELED_PREFERENCE,TARGET,True,Modeled by engine.utah_draw_predictive.dedicated_hunter.
hybrid_ml_v2.1.0,utah_preference_dedicated_hunter_deer_v1.0.0,2026,2026,DB1773,Nebo,Deer,Buck,General Season,Dedicated Hunter,Resident,7,dedicated_hunter,170,201,,,,,1,0,0,0,1,1.000000,,,1.000000,,,100.000,,-7,-1,ABOVE CUTOFF,RED,GREEN LIGHT,"2021,2022,2023,2024,2025",5,2025,2021,predictive,preference_dedicated_hunter_deer,TRUE,Forecasted from 2025 dedicated hunter ladder with residency quota split and preference carry-forward.,Dedicated Hunter,PREFERENCE_DEDICATED_HUNTER_DEER,MODELED_PREFERENCE,TARGET,True,Modeled by engine.utah_draw_predictive.dedicated_hunter.
hybrid_ml_v2.1.0,utah_preference_dedicated_hunter_deer_v1.0.0,2026,2026,DB1773,Nebo,Deer,Buck,General Season,Dedicated Hunter,Resident,8,dedicated_hunter,170,201,,,,,1,0,0,0,1,1.000000,,,1.000000,,,100.000,,-8,-1,ABOVE CUTOFF,RED,GREEN LIGHT,"2021,2022,2023,2024,2025",5,2025,2021,predictive,preference_dedicated_hunter_deer,TRUE,Forecasted from 2025 dedicated hunter ladder with residency quota split and preference carry-forward.,Dedicated Hunter,PREFERENCE_DEDICATED_HUNTER_DEER,MODELED_PREFERENCE,TARGET,True,Modeled by engine.utah_draw_predictive.dedicated_hunter.
hybrid_ml_v2.1.0,utah_preference_dedicated_hunter_deer_v1.0.0,2026,2026,DB1773,Nebo,Deer,Buck,General Season,Dedicated Hunter,Resident,9,dedicated_hunter,170,201,,,,,1,0,0,0,1,1.000000,,,1.000000,,,100.000,,-9,-1,ABOVE CUTOFF,RED,GREEN LIGHT,"2021,2022,2023,2024,2025",5,2025,2021,predictive,preference_dedicated_hunter_deer,TRUE,Forecasted from 2025 dedicated hunter ladder with residency quota split and preference carry-forward.,Dedicated Hunter,PREFERENCE_DEDICATED_HUNTER_DEER,MODELED_PREFERENCE,TARGET,True,Modeled by engine.utah_draw_predictive.dedicated_hunter.
hybrid_ml_v2.1.0,utah_preference_dedicated_hunter_deer_v1.0.0,2026,2026,DB1773,Nebo,Deer,Buck,General Season,Dedicated Hunter,Resident,10,dedicated_hunter,170,201,,,,,1,0,0,0,1,1.000000,,,1.000000,,,100.000,,-10,-1,ABOVE CUTOFF,RED,GREEN LIGHT,"2021,2022,2023,2024,2025",5,2025,2021,predictive,preference_dedicated_hunter_deer,TRUE,Forecasted from 2025 dedicated hunter ladder with residency quota split and preference carry-forward.,Dedicated Hunter,PREFERENCE_DEDICATED_HUNTER_DEER,MODELED_PREFERENCE,TARGET,True,Modeled by engine.utah_draw_predictive.dedicated_hunter.
hybrid_ml_v2.1.0,utah_preference_dedicated_hunter_deer_v1.0.0,2026,2026,DB1773,Nebo,Deer,Buck,General Season,Dedicated Hunter,Resident,11,dedicated_hunter,170,201,,,,,1,0,0,0,1,1.000000,,,1.000000,,,100.000,,-11,-1,ABOVE CUTOFF,RED,GREEN LIGHT,"2021,2022,2023,2024,2025",5,2025,2021,predictive,preference_dedicated_hunter_deer,TRUE,Forecasted from 2025 dedicated hunter ladder with residency quota split and preference carry-forward.,Dedicated Hunter,PREFERENCE_DEDICATED_HUNTER_DEER,MODELED_PREFERENCE,TARGET,True,Modeled by engine.utah_draw_predictive.dedicated_hunter.
hybrid_ml_v2.1.0,utah_preference_dedicated_hunter_deer_v1.0.0,2026,2026,DB1773,Nebo,Deer,Buck,General Season,Dedicated Hunter,Resident,12,dedicated_hunter,170,201,,,,,1,0,0,0,1,1.000000,,,1.000000,,,100.000,,-12,-1,ABOVE CUTOFF,RED,GREEN LIGHT,"2021,2022,2023,2024,2025",5,2025,2021,predictive,preference_dedicated_hunter_deer,TRUE,Forecasted from 2025 dedicated hunter ladder with residency quota split and preference carry-forward.,Dedicated Hunter,PREFERENCE_DEDICATED_HUNTER_DEER,MODELED_PREFERENCE,TARGET,True,Modeled by engine.utah_draw_predictive.dedicated_hunter.
hybrid_ml_v2.1.0,utah_preference_dedicated_hunter_deer_v1.0.0,2026,2026,DB1773,Nebo,Deer,Buck,General Season,Dedicated Hunter,Resident,13,dedicated_hunter,170,201,,,,,1,0,0,0,1,1.000000,,,1.000000,,,100.000,,-13,-1,ABOVE CUTOFF,RED,GREEN LIGHT,"2021,2022,2023,2024,2025",5,2025,2021,predictive,preference_dedicated_hunter_deer,TRUE,Forecasted from 2025 dedicated hunter ladder with residency quota split and preference carry-forward.,Dedicated Hunter,PREFERENCE_DEDICATED_HUNTER_DEER,MODELED_PREFERENCE,TARGET,True,Modeled by engine.utah_draw_predictive.dedicated_hunter.
hybrid_ml_v2.1.0,utah_preference_dedicated_hunter_deer_v1.0.0,2026,2026,DB1773,Nebo,Deer,Buck,General Season,Dedicated Hunter,Resident,14,dedicated_hunter,170,201,,,,,1,0,0,0,1,1.000000,,,1.000000,,,100.000,,-14,-1,ABOVE CUTOFF,RED,GREEN LIGHT,"2021,2022,2023,2024,2025",5,2025,2021,predictive,preference_dedicated_hunter_deer,TRUE,Forecasted from 2025 dedicated hunter ladder with residency quota split and preference carry-forward.,Dedicated Hunter,PREFERENCE_DEDICATED_HUNTER_DEER,MODELED_PREFERENCE,TARGET,True,Modeled by engine.utah_draw_predictive.dedicated_hunter.
hybrid_ml_v2.1.0,utah_preference_dedicated_hunter_deer_v1.0.0,2026,2026,DB1773,Nebo,Deer,Buck,General Season,Dedicated Hunter,Resident,15,dedicated_hunter,170,201,,,,,1,0,0,0,1,1.000000,,,1.000000,,,100.000,,-15,-1,ABOVE CUTOFF,RED,GREEN LIGHT,"2021,2022,2023,2024,2025",5,2025,2021,predictive,preference_dedicated_hunter_deer,TRUE,Forecasted from 2025 dedicated hunter ladder with residency quota split and preference carry-forward.,Dedicated Hunter,PREFERENCE_DEDICATED_HUNTER_DEER,MODELED_PREFERENCE,TARGET,True,Modeled by engine.utah_draw_predictive.dedicated_hunter.
hybrid_ml_v2.1.0,utah_preference_dedicated_hunter_deer_v1.0.0,2026,2026,DB1773,Nebo,Deer,Buck,General Season,Dedicated Hunter,Resident,16,dedicated_hunter,170,201,,,,,1,0,0,0,1,1.000000,,,1.000000,,,100.000,,-16,-1,ABOVE CUTOFF,RED,GREEN LIGHT,"2021,2022,2023,2024,2025",5,2025,2021,predictive,preference_dedicated_hunter_deer,TRUE,Forecasted from 2025 dedicated hunter ladder with residency quota split and preference carry-forward.,Dedicated Hunter,PREFERENCE_DEDICATED_HUNTER_DEER,MODELED_PREFERENCE,TARGET,True,Modeled by engine.utah_draw_predictive.dedicated_hunter.
hybrid_ml_v2.1.0,utah_preference_dedicated_hunter_deer_v1.0.0,2026,2026,DB1773,Nebo,Deer,Buck,General Season,Dedicated Hunter,Resident,17,dedicated_hunter,170,201,,,,,1,0,0,0,1,1.000000,,,1.000000,,,100.000,,-17,-1,ABOVE CUTOFF,RED,GREEN LIGHT,"2021,2022,2023,2024,2025",5,2025,2021,predictive,preference_dedicated_hunter_deer,TRUE,Forecasted from 2025 dedicated hunter ladder with residency quota split and preference carry-forward.,Dedicated Hunter,PREFERENCE_DEDICATED_HUNTER_DEER,MODELED_PREFERENCE,TARGET,True,Modeled by engine.utah_draw_predictive.dedicated_hunter.
hybrid_ml_v2.1.0,utah_preference_dedicated_hunter_deer_v1.0.0,2026,2026,DB1773,Nebo,Deer,Buck,General Season,Dedicated Hunter,Resident,18,dedicated_hunter,170,201,,,,,1,0,0,0,1,1.000000,,,1.000000,,,100.000,,-18,-1,ABOVE CUTOFF,RED,GREEN LIGHT,"2021,2022,2023,2024,2025",5,2025,2021,predictive,preference_dedicated_hunter_deer,TRUE,Forecasted from 2025 dedicated hunter ladder with residency quota split and preference carry-forward.,Dedicated Hunter,PREFERENCE_DEDICATED_HUNTER_DEER,MODELED_PREFERENCE,TARGET,True,Modeled by engine.utah_draw_predictive.dedicated_hunter.
hybrid_ml_v2.1.0,utah_preference_dedicated_hunter_deer_v1.0.0,2026,2026,DB1773,Nebo,Deer,Buck,General Season,Dedicated Hunter,Resident,19,dedicated_hunter,170,201,,,,,1,0,0,0,1,1.000000,,,1.000000,,,100.000,,-19,-1,ABOVE CUTOFF,RED,GREEN LIGHT,"2021,2022,2023,2024,2025",5,2025,2021,predictive,preference_dedicated_hunter_deer,TRUE,Forecasted from 2025 dedicated hunter ladder with residency quota split and preference carry-forward.,Dedicated Hunter,PREFERENCE_DEDICATED_HUNTER_DEER,MODELED_PREFERENCE,TARGET,True,Modeled by engine.utah_draw_predictive.dedicated_hunter.
hybrid_ml_v2.1.0,utah_preference_dedicated_hunter_deer_v1.0.0,2026,2026,DB1773,Nebo,Deer,Buck,General Season,Dedicated Hunter,Resident,20,dedicated_hunter,170,201,,,,,1,0,0,0,1,1.000000,,,1.000000,,,100.000,,-20,-1,ABOVE CUTOFF,RED,GREEN LIGHT,"2021,2022,2023,2024,2025",5,2025,2021,predictive,preference_dedicated_hunter_deer,TRUE,Forecasted from 2025 dedicated hunter ladder with residency quota split and preference carry-forward.,Dedicated Hunter,PREFERENCE_DEDICATED_HUNTER_DEER,MODELED_PREFERENCE,TARGET,True,Modeled by engine.utah_draw_predictive.dedicated_hunter.
hybrid_ml_v2.1.0,utah_preference_dedicated_hunter_deer_v1.0.0,2026,2026,DB1773,Nebo,Deer,Buck,General Season,Dedicated Hunter,Resident,21,dedicated_hunter,170,201,,,,,1,0,0,0,1,1.000000,,,1.000000,,,100.000,,-21,-1,ABOVE CUTOFF,RED,GREEN LIGHT,"2021,2022,2023,2024,2025",5,2025,2021,predictive,preference_dedicated_hunter_deer,TRUE,Forecasted from 2025 dedicated hunter ladder with residency quota split and preference carry-forward.,Dedicated Hunter,PREFERENCE_DEDICATED_HUNTER_DEER,MODELED_PREFERENCE,TARGET,True,Modeled by engine.utah_draw_predictive.dedicated_hunter.
hybrid_ml_v2.1.0,utah_preference_dedicated_hunter_deer_v1.0.0,2026,2026,DB1773,Nebo,Deer,Buck,General Season,Dedicated Hunter,Resident,22,dedicated_hunter,170,201,,,,,1,0,0,0,1,1.000000,,,1.000000,,,100.000,,-22,-1,ABOVE CUTOFF,RED,GREEN LIGHT,"2021,2022,2023,2024,2025",5,2025,2021,predictive,preference_dedicated_hunter_deer,TRUE,Forecasted from 2025 dedicated hunter ladder with residency quota split and preference carry-forward.,Dedicated Hunter,PREFERENCE_DEDICATED_HUNTER_DEER,MODELED_PREFERENCE,TARGET,True,Modeled by engine.utah_draw_predictive.dedicated_hunter.
hybrid_ml_v2.1.0,utah_preference_dedicated_hunter_deer_v1.0.0,2026,2026,DB1773,Nebo,Deer,Buck,General Season,Dedicated Hunter,Resident,23,dedicated_hunter,170,201,,,,,1,0,0,0,1,1.000000,,,1.000000,,,100.000,,-23,-1,ABOVE CUTOFF,RED,GREEN LIGHT,"2021,2022,2023,2024,2025",5,2025,2021,predictive,preference_dedicated_hunter_deer,TRUE,Forecasted from 2025 dedicated hunter ladder with residency quota split and preference carry-forward.,Dedicated Hunter,PREFERENCE_DEDICATED_HUNTER_DEER,MODELED_PREFERENCE,TARGET,True,Modeled by engine.utah_draw_predictive.dedicated_hunter.
hybrid_ml_v2.1.0,utah_preference_dedicated_hunter_deer_v1.0.0,2026,2026,DB1773,Nebo,Deer,Buck,General Season,Dedicated Hunter,Resident,24,dedicated_hunter,170,201,,,,,1,0,0,0,1,1.000000,,,1.000000,,,100.000,,-24,-1,ABOVE CUTOFF,RED,GREEN LIGHT,"2021,2022,2023,2024,2025",5,2025,2021,predictive,preference_dedicated_hunter_deer,TRUE,Forecasted from 2025 dedicated hunter ladder with residency quota split and preference carry-forward.,Dedicated Hunter,PREFERENCE_DEDICATED_HUNTER_DEER,MODELED_PREFERENCE,TARGET,True,Modeled by engine.utah_draw_predictive.dedicated_hunter.
hybrid_ml_v2.1.0,utah_preference_dedicated_hunter_deer_v1.0.0,2026,2026,DB1775,Fillmore,Deer,Buck,General Season,Dedicated Hunter,Nonresident,0,dedicated_hunter,14,2,,,,,1,1,1,12,12,0.083333,,,0.083333,,,8.333,,1,0,ON EDGE,YELLOW,RANDOM POOL RELIANCE,"2021,2022,2023,2024,2025",5,2025,2021,predictive,preference_dedicated_hunter_deer,TRUE,Forecasted from 2025 dedicated hunter ladder with residency quota split and preference carry-forward.,Dedicated Hunter,PREFERENCE_DEDICATED_HUNTER_DEER,MODELED_PREFERENCE,TARGET,True,Modeled by engine.utah_draw_predictive.dedicated_hunter.
hybrid_ml_v2.1.0,utah_preference_dedicated_hunter_deer_v1.0.0,2026,2026,DB1775,Fillmore,Deer,Buck,General Season,Dedicated Hunter,Nonresident,1,dedicated_hunter,14,2,,,,,1,1,0,1,1,1.000000,,,1.000000,,,100.000,,0,0,ABOVE CUTOFF,YELLOW,GREEN LIGHT,"2021,2022,2023,2024,2025",5,2025,2021,predictive,preference_dedicated_hunter_deer,TRUE,Forecasted from 2025 dedicated hunter ladder with residency quota split and preference carry-forward.,Dedicated Hunter,PREFERENCE_DEDICATED_HUNTER_DEER,MODELED_PREFERENCE,TARGET,True,Modeled by engine.utah_draw_predictive.dedicated_hunter.
hybrid_ml_v2.1.0,utah_preference_dedicated_hunter_deer_v1.0.0,2026,2026,DB1775,Fillmore,Deer,Buck,General Season,Dedicated Hunter,Nonresident,2,dedicated_hunter,14,2,,,,,1,1,0,0,1,1.000000,,,1.000000,,,100.000,,-1,0,ABOVE CUTOFF,YELLOW,GREEN LIGHT,"2021,2022,2023,2024,2025",5,2025,2021,predictive,preference_dedicated_hunter_deer,TRUE,Forecasted from 2025 dedicated hunter ladder with residency quota split and preference carry-forward.,Dedicated Hunter,PREFERENCE_DEDICATED_HUNTER_DEER,MODELED_PREFERENCE,TARGET,True,Modeled by engine.utah_draw_predictive.dedicated_hunter.
hybrid_ml_v2.1.0,utah_preference_dedicated_hunter_deer_v1.0.0,2026,2026,DB1775,Fillmore,Deer,Buck,General Season,Dedicated Hunter,Nonresident,3,dedicated_hunter,14,2,,,,,1,1,0,0,1,1.000000,,,1.000000,,,100.000,,-2,0,ABOVE CUTOFF,YELLOW,GREEN LIGHT,"2021,2022,2023,2024,2025",5,2025,2021,predictive,preference_dedicated_hunter_deer,TRUE,Forecasted from 2025 dedicated hunter ladder with residency quota split and preference carry-forward.,Dedicated Hunter,PREFERENCE_DEDICATED_HUNTER_DEER,MODELED_PREFERENCE,TARGET,True,Modeled by engine.utah_draw_predictive.dedicated_hunter.
hybrid_ml_v2.1.0,utah_preference_dedicated_hunter_deer_v1.0.0,2026,2026,DB1775,Fillmore,Deer,Buck,General Season,Dedicated Hunter,Nonresident,4,dedicated_hunter,14,2,,,,,1,1,0,0,1,1.000000,,,1.000000,,,100.000,,-3,0,ABOVE CUTOFF,YELLOW,GREEN LIGHT,"2021,2022,2023,2024,2025",5,2025,2021,predictive,preference_dedicated_hunter_deer,TRUE,Forecasted from 2025 dedicated hunter ladder with residency quota split and preference carry-forward.,Dedicated Hunter,PREFERENCE_DEDICATED_HUNTER_DEER,MODELED_PREFERENCE,TARGET,True,Modeled by engine.utah_draw_predictive.dedicated_hunter.
hybrid_ml_v2.1.0,utah_preference_dedicated_hunter_deer_v1.0.0,2026,2026,DB1775,Fillmore,Deer,Buck,General Season,Dedicated Hunter,Nonresident,5,dedicated_hunter,14,2,,,,,1,1,0,0,1,1.000000,,,1.000000,,,100.000,,-4,0,ABOVE CUTOFF,YELLOW,GREEN LIGHT,"2021,2022,2023,2024,2025",5,2025,2021,predictive,preference_dedicated_hunter_deer,TRUE,Forecasted from 2025 dedicated hunter ladder with residency quota split and preference carry-forward.,Dedicated Hunter,PREFERENCE_DEDICATED_HUNTER_DEER,MODELED_PREFERENCE,TARGET,True,Modeled by engine.utah_draw_predictive.dedicated_hunter.
hybrid_ml_v2.1.0,utah_preference_dedicated_hunter_deer_v1.0.0,2026,2026,DB1775,Fillmore,Deer,Buck,General Season,Dedicated Hunter,Nonresident,6,dedicated_hunter,14,2,,,,,1,1,0,0,1,1.000000,,,1.000000,,,100.000,,-5,0,ABOVE CUTOFF,YELLOW,GREEN LIGHT,"2021,2022,2023,2024,2025",5,2025,2021,predictive,preference_dedicated_hunter_deer,TRUE,Forecasted from 2025 dedicated hunter ladder with residency quota split and preference carry-forward.,Dedicated Hunter,PREFERENCE_DEDICATED_HUNTER_DEER,MODELED_PREFERENCE,TARGET,True,Modeled by engine.utah_draw_predictive.dedicated_hunter.
hybrid_ml_v2.1.0,utah_preference_dedicated_hunter_deer_v1.0.0,2026,2026,DB1775,Fillmore,Deer,Buck,General Season,Dedicated Hunter,Nonresident,7,dedicated_hunter,14,2,,,,,1,1,0,0,1,1.000000,,,1.000000,,,100.000,,-6,0,ABOVE CUTOFF,YELLOW,GREEN LIGHT,"2021,2022,2023,2024,2025",5,2025,2021,predictive,preference_dedicated_hunter_deer,TRUE,Forecasted from 2025 dedicated hunter ladder with residency quota split and preference carry-forward.,Dedicated Hunter,PREFERENCE_DEDICATED_HUNTER_DEER,MODELED_PREFERENCE,TARGET,True,Modeled by engine.utah_draw_predictive.dedicated_hunter.
hybrid_ml_v2.1.0,utah_preference_dedicated_hunter_deer_v1.0.0,2026,2026,DB1775,Fillmore,Deer,Buck,General Season,Dedicated Hunter,Nonresident,8,dedicated_hunter,14,2,,,,,1,1,0,0,1,1.000000,,,1.000000,,,100.000,,-7,0,ABOVE CUTOFF,YELLOW,GREEN LIGHT,"2021,2022,2023,2024,2025",5,2025,2021,predictive,preference_dedicated_hunter_deer,TRUE,Forecasted from 2025 dedicated hunter ladder with residency quota split and preference carry-forward.,Dedicated Hunter,PREFERENCE_DEDICATED_HUNTER_DEER,MODELED_PREFERENCE,TARGET,True,Modeled by engine.utah_draw_predictive.dedicated_hunter.
hybrid_ml_v2.1.0,utah_preference_dedicated_hunter_deer_v1.0.0,2026,2026,DB1775,Fillmore,Deer,Buck,General Season,Dedicated Hunter,Nonresident,9,dedicated_hunter,14,2,,,,,1,1,0,0,1,1.000000,,,1.000000,,,100.000,,-8,0,ABOVE CUTOFF,YELLOW,GREEN LIGHT,"2021,2022,2023,2024,2025",5,2025,2021,predictive,preference_dedicated_hunter_deer,TRUE,Forecasted from 2025 dedicated hunter ladder with residency quota split and preference carry-forward.,Dedicated Hunter,PREFERENCE_DEDICATED_HUNTER_DEER,MODELED_PREFERENCE,TARGET,True,Modeled by engine.utah_draw_predictive.dedicated_hunter.
hybrid_ml_v2.1.0,utah_preference_dedicated_hunter_deer_v1.0.0,2026,2026,DB1775,Fillmore,Deer,Buck,General Season,Dedicated Hunter,Nonresident,10,dedicated_hunter,14,2,,,,,1,1,0,0,1,1.000000,,,1.000000,,,100.000,,-9,0,ABOVE CUTOFF,YELLOW,GREEN LIGHT,"2021,2022,2023,2024,2025",5,2025,2021,predictive,preference_dedicated_hunter_deer,TRUE,Forecasted from 2025 dedicated hunter ladder with residency quota split and preference carry-forward.,Dedicated Hunter,PREFERENCE_DEDICATED_HUNTER_DEER,MODELED_PREFERENCE,TARGET,True,Modeled by engine.utah_draw_predictive.dedicated_hunter.
hybrid_ml_v2.1.0,utah_preference_dedicated_hunter_deer_v1.0.0,2026,2026,DB1775,Fillmore,Deer,Buck,General Season,Dedicated Hunter,Nonresident,11,dedicated_hunter,14,2,,,,,1,1,0,0,1,1.000000,,,1.000000,,,100.000,,-10,0,ABOVE CUTOFF,YELLOW,GREEN LIGHT,"2021,2022,2023,2024,2025",5,2025,2021,predictive,preference_dedicated_hunter_deer,TRUE,Forecasted from 2025 dedicated hunter ladder with residency quota split and preference carry-forward.,Dedicated Hunter,PREFERENCE_DEDICATED_HUNTER_DEER,MODELED_PREFERENCE,TARGET,True,Modeled by engine.utah_draw_predictive.dedicated_hunter.
hybrid_ml_v2.1.0,utah_preference_dedicated_hunter_deer_v1.0.0,2026,2026,DB1775,Fillmore,Deer,Buck,General Season,Dedicated Hunter,Nonresident,12,dedicated_hunter,14,2,,,,,1,1,0,0,1,1.000000,,,1.000000,,,100.000,,-11,0,ABOVE CUTOFF,YELLOW,GREEN LIGHT,"2021,2022,2023,2024,2025",5,2025,2021,predictive,preference_dedicated_hunter_deer,TRUE,Forecasted from 2025 dedicated hunter ladder with residency quota split and preference carry-forward.,Dedicated Hunter,PREFERENCE_DEDICATED_HUNTER_DEER,MODELED_PREFERENCE,TARGET,True,Modeled by engine.utah_draw_predictive.dedicated_hunter.
hybrid_ml_v2.1.0,utah_preference_dedicated_hunter_deer_v1.0.0,2026,2026,DB1775,Fillmore,Deer,Buck,General Season,Dedicated Hunter,Nonresident,13,dedicated_hunter,14,2,,,,,1,1,0,0,1,1.000000,,,1.000000,,,100.000,,-12,0,ABOVE CUTOFF,YELLOW,GREEN LIGHT,"2021,2022,2023,2024,2025",5,2025,2021,predictive,preference_dedicated_hunter_deer,TRUE,Forecasted from 2025 dedicated hunter ladder with residency quota split and preference carry-forward.,Dedicated Hunter,PREFERENCE_DEDICATED_HUNTER_DEER,MODELED_PREFERENCE,TARGET,True,Modeled by engine.utah_draw_predictive.dedicated_hunter.
hybrid_ml_v2.1.0,utah_preference_dedicated_hunter_deer_v1.0.0,2026,2026,DB1775,Fillmore,Deer,Buck,General Season,Dedicated Hunter,Nonresident,14,dedicated_hunter,14,2,,,,,1,1,0,0,1,1.000000,,,1.000000,,,100.000,,-13,0,ABOVE CUTOFF,YELLOW,GREEN LIGHT,"2021,2022,2023,2024,2025",5,2025,2021,predictive,preference_dedicated_hunter_deer,TRUE,Forecasted from 2025 dedicated hunter ladder with residency quota split and preference carry-forward.,Dedicated Hunter,PREFERENCE_DEDICATED_HUNTER_DEER,MODELED_PREFERENCE,TARGET,True,Modeled by engine.utah_draw_predictive.dedicated_hunter.
hybrid_ml_v2.1.0,utah_preference_dedicated_hunter_deer_v1.0.0,2026,2026,DB1775,Fillmore,Deer,Buck,General Season,Dedicated Hunter,Nonresident,15,dedicated_hunter,14,2,,,,,1,1,0,0,1,1.000000,,,1.000000,,,100.000,,-14,0,ABOVE CUTOFF,YELLOW,GREEN LIGHT,"2021,2022,2023,2024,2025",5,2025,2021,predictive,preference_dedicated_hunter_deer,TRUE,Forecasted from 2025 dedicated hunter ladder with residency quota split and preference carry-forward.,Dedicated Hunter,PREFERENCE_DEDICATED_HUNTER_DEER,MODELED_PREFERENCE,TARGET,True,Modeled by engine.utah_draw_predictive.dedicated_hunter.
hybrid_ml_v2.1.0,utah_preference_dedicated_hunter_deer_v1.0.0,2026,2026,DB1775,Fillmore,Deer,Buck,General Season,Dedicated Hunter,Nonresident,16,dedicated_hunter,14,2,,,,,1,1,0,0,1,1.000000,,,1.000000,,,100.000,,-15,0,ABOVE CUTOFF,YELLOW,GREEN LIGHT,"2021,2022,2023,2024,2025",5,2025,2021,predictive,preference_dedicated_hunter_deer,TRUE,Forecasted from 2025 dedicated hunter ladder with residency quota split and preference carry-forward.,Dedicated Hunter,PREFERENCE_DEDICATED_HUNTER_DEER,MODELED_PREFERENCE,TARGET,True,Modeled by engine.utah_draw_predictive.dedicated_hunter.
hybrid_ml_v2.1.0,utah_preference_dedicated_hunter_deer_v1.0.0,2026,2026,DB1775,Fillmore,Deer,Buck,General Season,Dedicated Hunter,Nonresident,17,dedicated_hunter,14,2,,,,,1,1,0,0,1,1.000000,,,1.000000,,,100.000,,-16,0,ABOVE CUTOFF,YELLOW,GREEN LIGHT,"2021,2022,2023,2024,2025",5,2025,2021,predictive,preference_dedicated_hunter_deer,TRUE,Forecasted from 2025 dedicated hunter ladder with residency quota split and preference carry-forward.,Dedicated Hunter,PREFERENCE_DEDICATED_HUNTER_DEER,MODELED_PREFERENCE,TARGET,True,Modeled by engine.utah_draw_predictive.dedicated_hunter.
hybrid_ml_v2.1.0,utah_preference_dedicated_hunter_deer_v1.0.0,2026,2026,DB1775,Fillmore,Deer,Buck,General Season,Dedicated Hunter,Nonresident,18,dedicated_hunter,14,2,,,,,1,1,0,0,1,1.000000,,,1.000000,,,100.000,,-17,0,ABOVE CUTOFF,YELLOW,GREEN LIGHT,"2021,2022,2023,2024,2025",5,2025,2021,predictive,preference_dedicated_hunter_deer,TRUE,Forecasted from 2025 dedicated hunter ladder with residency quota split and preference carry-forward.,Dedicated Hunter,PREFERENCE_DEDICATED_HUNTER_DEER,MODELED_PREFERENCE,TARGET,True,Modeled by engine.utah_draw_predictive.dedicated_hunter.
hybrid_ml_v2.1.0,utah_preference_dedicated_hunter_deer_v1.0.0,2026,2026,DB1775,Fillmore,Deer,Buck,General Season,Dedicated Hunter,Nonresident,19,dedicated_hunter,14,2,,,,,1,1,0,0,1,1.000000,,,1.000000,,,100.000,,-18,0,ABOVE CUTOFF,YELLOW,GREEN LIGHT,"2021,2022,2023,2024,2025",5,2025,2021,predictive,preference_dedicated_hunter_deer,TRUE,Forecasted from 2025 dedicated hunter ladder with residency quota split and preference carry-forward.,Dedicated Hunter,PREFERENCE_DEDICATED_HUNTER_DEER,MODELED_PREFERENCE,TARGET,True,Modeled by engine.utah_draw_predictive.dedicated_hunter.
hybrid_ml_v2.1.0,utah_preference_dedicated_hunter_deer_v1.0.0,2026,2026,DB1775,Fillmore,Deer,Buck,General Season,Dedicated Hunter,Nonresident,20,dedicated_hunter,14,2,,,,,1,1,0,0,1,1.000000,,,1.000000,,,100.000,,-19,0,ABOVE CUTOFF,YELLOW,GREEN LIGHT,"2021,2022,2023,2024,2025",5,2025,2021,predictive,preference_dedicated_hunter_deer,TRUE,Forecasted from 2025 dedicated hunter ladder with residency quota split and preference carry-forward.,Dedicated Hunter,PREFERENCE_DEDICATED_HUNTER_DEER,MODELED_PREFERENCE,TARGET,True,Modeled by engine.utah_draw_predictive.dedicated_hunter.
hybrid_ml_v2.1.0,utah_preference_dedicated_hunter_deer_v1.0.0,2026,2026,DB1775,Fillmore,Deer,Buck,General Season,Dedicated Hunter,Nonresident,21,dedicated_hunter,14,2,,,,,1,1,0,0,1,1.000000,,,1.000000,,,100.000,,-20,0,ABOVE CUTOFF,YELLOW,GREEN LIGHT,"2021,2022,2023,2024,2025",5,2025,2021,predictive,preference_dedicated_hunter_deer,TRUE,Forecasted from 2025 dedicated hunter ladder with residency quota split and preference carry-forward.,Dedicated Hunter,PREFERENCE_DEDICATED_HUNTER_DEER,MODELED_PREFERENCE,TARGET,True,Modeled by engine.utah_draw_predictive.dedicated_hunter.
hybrid_ml_v2.1.0,utah_preference_dedicated_hunter_deer_v1.0.0,2026,2026,DB1775,Fillmore,Deer,Buck,General Season,Dedicated Hunter,Nonresident,22,dedicated_hunter,14,2,,,,,1,1,0,0,1,1.000000,,,1.000000,,,100.000,,-21,0,ABOVE CUTOFF,YELLOW,GREEN LIGHT,"2021,2022,2023,2024,2025",5,2025,2021,predictive,preference_dedicated_hunter_deer,TRUE,Forecasted from 2025 dedicated hunter ladder with residency quota split and preference carry-forward.,Dedicated Hunter,PREFERENCE_DEDICATED_HUNTER_DEER,MODELED_PREFERENCE,TARGET,True,Modeled by engine.utah_draw_predictive.dedicated_hunter.
hybrid_ml_v2.1.0,utah_preference_dedicated_hunter_deer_v1.0.0,2026,2026,DB1775,Fillmore,Deer,Buck,General Season,Dedicated Hunter,Nonresident,23,dedicated_hunter,14,2,,,,,1,1,0,0,1,1.000000,,,1.000000,,,100.000,,-22,0,ABOVE CUTOFF,YELLOW,GREEN LIGHT,"2021,2022,2023,2024,2025",5,2025,2021,predictive,preference_dedicated_hunter_deer,TRUE,Forecasted from 2025 dedicated hunter ladder with residency quota split and preference carry-forward.,Dedicated Hunter,PREFERENCE_DEDICATED_HUNTER_DEER,MODELED_PREFERENCE,TARGET,True,Modeled by engine.utah_draw_predictive.dedicated_hunter.
hybrid_ml_v2.1.0,utah_preference_dedicated_hunter_deer_v1.0.0,2026,2026,DB1775,Fillmore,Deer,Buck,General Season,Dedicated Hunter,Nonresident,24,dedicated_hunter,14,2,,,,,1,1,0,0,1,1.000000,,,1.000000,,,100.000,,-23,0,ABOVE CUTOFF,YELLOW,GREEN LIGHT,"2021,2022,2023,2024,2025",5,2025,2021,predictive,preference_dedicated_hunter_deer,TRUE,Forecasted from 2025 dedicated hunter ladder with residency quota split and preference carry-forward.,Dedicated Hunter,PREFERENCE_DEDICATED_HUNTER_DEER,MODELED_PREFERENCE,TARGET,True,Modeled by engine.utah_draw_predictive.dedicated_hunter.
hybrid_ml_v2.1.0,utah_preference_dedicated_hunter_deer_v1.0.0,2026,2026,DB1775,Fillmore,Deer,Buck,General Season,Dedicated Hunter,Resident,0,dedicated_hunter,146,26,,,,,3,3,122,81,81,0.000000,,,0.000000,,,0.000,,3,0,BEHIND,YELLOW,POINT CREEP DEFEAT,"2021,2022,2023,2024,2025",5,2025,2021,predictive,preference_dedicated_hunter_deer,TRUE,Forecasted from 2025 dedicated hunter ladder with residency quota split and preference carry-forward.,Dedicated Hunter,PREFERENCE_DEDICATED_HUNTER_DEER,MODELED_PREFERENCE,TARGET,True,Modeled by engine.utah_draw_predictive.dedicated_hunter.
hybrid_ml_v2.1.0,utah_preference_dedicated_hunter_deer_v1.0.0,2026,2026,DB1775,Fillmore,Deer,Buck,General Season,Dedicated Hunter,Resident,1,dedicated_hunter,146,26,,,,,3,3,68,54,54,0.000000,,,0.000000,,,0.000,,2,0,BEHIND,YELLOW,POINT CREEP DEFEAT,"2021,2022,2023,2024,2025",5,2025,2021,predictive,preference_dedicated_hunter_deer,TRUE,Forecasted from 2025 dedicated hunter ladder with residency quota split and preference carry-forward.,Dedicated Hunter,PREFERENCE_DEDICATED_HUNTER_DEER,MODELED_PREFERENCE,TARGET,True,Modeled by engine.utah_draw_predictive.dedicated_hunter.
hybrid_ml_v2.1.0,utah_preference_dedicated_hunter_deer_v1.0.0,2026,2026,DB1775,Fillmore,Deer,Buck,General Season,Dedicated Hunter,Resident,2,dedicated_hunter,146,26,,,,,3,3,20,48,48,0.125000,,,0.125000,,,12.500,,1,0,ON EDGE,YELLOW,RANDOM POOL RELIANCE,"2021,2022,2023,2024,2025",5,2025,2021,predictive,preference_dedicated_hunter_deer,TRUE,Forecasted from 2025 dedicated hunter ladder with residency quota split and preference carry-forward.,Dedicated Hunter,PREFERENCE_DEDICATED_HUNTER_DEER,MODELED_PREFERENCE,TARGET,True,Modeled by engine.utah_draw_predictive.dedicated_hunter.
hybrid_ml_v2.1.0,utah_preference_dedicated_hunter_deer_v1.0.0,2026,2026,DB1775,Fillmore,Deer,Buck,General Season,Dedicated Hunter,Resident,3,dedicated_hunter,146,26,,,,,3,3,1,19,19,1.000000,,,1.000000,,,100.000,,0,0,ABOVE CUTOFF,YELLOW,GREEN LIGHT,"2021,2022,2023,2024,2025",5,2025,2021,predictive,preference_dedicated_hunter_deer,TRUE,Forecasted from 2025 dedicated hunter ladder with residency quota split and preference carry-forward.,Dedicated Hunter,PREFERENCE_DEDICATED_HUNTER_DEER,MODELED_PREFERENCE,TARGET,True,Modeled by engine.utah_draw_predictive.dedicated_hunter.
hybrid_ml_v2.1.0,utah_preference_dedicated_hunter_deer_v1.0.0,2026,2026,DB1775,Fillmore,Deer,Buck,General Season,Dedicated Hunter,Resident,4,dedicated_hunter,146,26,,,,,3,3,0,1,1,1.000000,,,1.000000,,,100.000,,-1,0,ABOVE CUTOFF,YELLOW,GREEN LIGHT,"2021,2022,2023,2024,2025",5,2025,2021,predictive,preference_dedicated_hunter_deer,TRUE,Forecasted from 2025 dedicated hunter ladder with residency quota split and preference carry-forward.,Dedicated Hunter,PREFERENCE_DEDICATED_HUNTER_DEER,MODELED_PREFERENCE,TARGET,True,Modeled by engine.utah_draw_predictive.dedicated_hunter.
hybrid_ml_v2.1.0,utah_preference_dedicated_hunter_deer_v1.0.0,2026,2026,DB1775,Fillmore,Deer,Buck,General Season,Dedicated Hunter,Resident,5,dedicated_hunter,146,26,,,,,3,3,0,0,1,1.000000,,,1.000000,,,100.000,,-2,0,ABOVE CUTOFF,YELLOW,GREEN LIGHT,"2021,2022,2023,2024,2025",5,2025,2021,predictive,preference_dedicated_hunter_deer,TRUE,Forecasted from 2025 dedicated hunter ladder with residency quota split and preference carry-forward.,Dedicated Hunter,PREFERENCE_DEDICATED_HUNTER_DEER,MODELED_PREFERENCE,TARGET,True,Modeled by engine.utah_draw_predictive.dedicated_hunter.
hybrid_ml_v2.1.0,utah_preference_dedicated_hunter_deer_v1.0.0,2026,2026,DB1775,Fillmore,Deer,Buck,General Season,Dedicated Hunter,Resident,6,dedicated_hunter,146,26,,,,,3,3,0,0,1,1.000000,,,1.000000,,,100.000,,-3,0,ABOVE CUTOFF,YELLOW,GREEN LIGHT,"2021,2022,2023,2024,2025",5,2025,2021,predictive,preference_dedicated_hunter_deer,TRUE,Forecasted from 2025 dedicated hunter ladder with residency quota split and preference carry-forward.,Dedicated Hunter,PREFERENCE_DEDICATED_HUNTER_DEER,MODELED_PREFERENCE,TARGET,True,Modeled by engine.utah_draw_predictive.dedicated_hunter.
hybrid_ml_v2.1.0,utah_preference_dedicated_hunter_deer_v1.0.0,2026,2026,DB1775,Fillmore,Deer,Buck,General Season,Dedicated Hunter,Resident,7,dedicated_hunter,146,26,,,,,3,3,0,0,1,1.000000,,,1.000000,,,100.000,,-4,0,ABOVE CUTOFF,YELLOW,GREEN LIGHT,"2021,2022,2023,2024,2025",5,2025,2021,predictive,preference_dedicated_hunter_deer,TRUE,Forecasted from 2025 dedicated hunter ladder with residency quota split and preference carry-forward.,Dedicated Hunter,PREFERENCE_DEDICATED_HUNTER_DEER,MODELED_PREFERENCE,TARGET,True,Modeled by engine.utah_draw_predictive.dedicated_hunter.
hybrid_ml_v2.1.0,utah_preference_dedicated_hunter_deer_v1.0.0,2026,2026,DB1775,Fillmore,Deer,Buck,General Season,Dedicated Hunter,Resident,8,dedicated_hunter,146,26,,,,,3,3,0,0,1,1.000000,,,1.000000,,,100.000,,-5,0,ABOVE CUTOFF,YELLOW,GREEN LIGHT,"2021,2022,2023,2024,2025",5,2025,2021,predictive,preference_dedicated_hunter_deer,TRUE,Forecasted from 2025 dedicated hunter ladder with residency quota split and preference carry-forward.,Dedicated Hunter,PREFERENCE_DEDICATED_HUNTER_DEER,MODELED_PREFERENCE,TARGET,True,Modeled by engine.utah_draw_predictive.dedicated_hunter.
hybrid_ml_v2.1.0,utah_preference_dedicated_hunter_deer_v1.0.0,2026,2026,DB1775,Fillmore,Deer,Buck,General Season,Dedicated Hunter,Resident,9,dedicated_hunter,146,26,,,,,3,3,0,0,1,1.000000,,,1.000000,,,100.000,,-6,0,ABOVE CUTOFF,YELLOW,GREEN LIGHT,"2021,2022,2023,2024,2025",5,2025,2021,predictive,preference_dedicated_hunter_deer,TRUE,Forecasted from 2025 dedicated hunter ladder with residency quota split and preference carry-forward.,Dedicated Hunter,PREFERENCE_DEDICATED_HUNTER_DEER,MODELED_PREFERENCE,TARGET,True,Modeled by engine.utah_draw_predictive.dedicated_hunter.
hybrid_ml_v2.1.0,utah_preference_dedicated_hunter_deer_v1.0.0,2026,2026,DB1775,Fillmore,Deer,Buck,General Season,Dedicated Hunter,Resident,10,dedicated_hunter,146,26,,,,,3,3,0,0,1,1.000000,,,1.000000,,,100.000,,-7,0,ABOVE CUTOFF,YELLOW,GREEN LIGHT,"2021,2022,2023,2024,2025",5,2025,2021,predictive,preference_dedicated_hunter_deer,TRUE,Forecasted from 2025 dedicated hunter ladder with residency quota split and preference carry-forward.,Dedicated Hunter,PREFERENCE_DEDICATED_HUNTER_DEER,MODELED_PREFERENCE,TARGET,True,Modeled by engine.utah_draw_predictive.dedicated_hunter.
hybrid_ml_v2.1.0,utah_preference_dedicated_hunter_deer_v1.0.0,2026,2026,DB1775,Fillmore,Deer,Buck,General Season,Dedicated Hunter,Resident,11,dedicated_hunter,146,26,,,,,3,3,0,0,1,1.000000,,,1.000000,,,100.000,,-8,0,ABOVE CUTOFF,YELLOW,GREEN LIGHT,"2021,2022,2023,2024,2025",5,2025,2021,predictive,preference_dedicated_hunter_deer,TRUE,Forecasted from 2025 dedicated hunter ladder with residency quota split and preference carry-forward.,Dedicated Hunter,PREFERENCE_DEDICATED_HUNTER_DEER,MODELED_PREFERENCE,TARGET,True,Modeled by engine.utah_draw_predictive.dedicated_hunter.
hybrid_ml_v2.1.0,utah_preference_dedicated_hunter_deer_v1.0.0,2026,2026,DB1775,Fillmore,Deer,Buck,General Season,Dedicated Hunter,Resident,12,dedicated_hunter,146,26,,,,,3,3,0,0,1,1.000000,,,1.000000,,,100.000,,-9,0,ABOVE CUTOFF,YELLOW,GREEN LIGHT,"2021,2022,2023,2024,2025",5,2025,2021,predictive,preference_dedicated_hunter_deer,TRUE,Forecasted from 2025 dedicated hunter ladder with residency quota split and preference carry-forward.,Dedicated Hunter,PREFERENCE_DEDICATED_HUNTER_DEER,MODELED_PREFERENCE,TARGET,True,Modeled by engine.utah_draw_predictive.dedicated_hunter.
hybrid_ml_v2.1.0,utah_preference_dedicated_hunter_deer_v1.0.0,2026,2026,DB1775,Fillmore,Deer,Buck,General Season,Dedicated Hunter,Resident,13,dedicated_hunter,146,26,,,,,3,3,0,0,1,1.000000,,,1.000000,,,100.000,,-10,0,ABOVE CUTOFF,YELLOW,GREEN LIGHT,"2021,2022,2023,2024,2025",5,2025,2021,predictive,preference_dedicated_hunter_deer,TRUE,Forecasted from 2025 dedicated hunter ladder with residency quota split and preference carry-forward.,Dedicated Hunter,PREFERENCE_DEDICATED_HUNTER_DEER,MODELED_PREFERENCE,TARGET,True,Modeled by engine.utah_draw_predictive.dedicated_hunter.
hybrid_ml_v2.1.0,utah_preference_dedicated_hunter_deer_v1.0.0,2026,2026,DB1775,Fillmore,Deer,Buck,General Season,Dedicated Hunter,Resident,14,dedicated_hunter,146,26,,,,,3,3,0,0,1,1.000000,,,1.000000,,,100.000,,-11,0,ABOVE CUTOFF,YELLOW,GREEN LIGHT,"2021,2022,2023,2024,2025",5,2025,2021,predictive,preference_dedicated_hunter_deer,TRUE,Forecasted from 2025 dedicated hunter ladder with residency quota split and preference carry-forward.,Dedicated Hunter,PREFERENCE_DEDICATED_HUNTER_DEER,MODELED_PREFERENCE,TARGET,True,Modeled by engine.utah_draw_predictive.dedicated_hunter.
hybrid_ml_v2.1.0,utah_preference_dedicated_hunter_deer_v1.0.0,2026,2026,DB1775,Fillmore,Deer,Buck,General Season,Dedicated Hunter,Resident,15,dedicated_hunter,146,26,,,,,3,3,0,0,1,1.000000,,,1.000000,,,100.000,,-12,0,ABOVE CUTOFF,YELLOW,GREEN LIGHT,"2021,2022,2023,2024,2025",5,2025,2021,predictive,preference_dedicated_hunter_deer,TRUE,Forecasted from 2025 dedicated hunter ladder with residency quota split and preference carry-forward.,Dedicated Hunter,PREFERENCE_DEDICATED_HUNTER_DEER,MODELED_PREFERENCE,TARGET,True,Modeled by engine.utah_draw_predictive.dedicated_hunter.
hybrid_ml_v2.1.0,utah_preference_dedicated_hunter_deer_v1.0.0,2026,2026,DB1775,Fillmore,Deer,Buck,General Season,Dedicated Hunter,Resident,16,dedicated_hunter,146,26,,,,,3,3,0,0,1,1.000000,,,1.000000,,,100.000,,-13,0,ABOVE CUTOFF,YELLOW,GREEN LIGHT,"2021,2022,2023,2024,2025",5,2025,2021,predictive,preference_dedicated_hunter_deer,TRUE,Forecasted from 2025 dedicated hunter ladder with residency quota split and preference carry-forward.,Dedicated Hunter,PREFERENCE_DEDICATED_HUNTER_DEER,MODELED_PREFERENCE,TARGET,True,Modeled by engine.utah_draw_predictive.dedicated_hunter.
hybrid_ml_v2.1.0,utah_preference_dedicated_hunter_deer_v1.0.0,2026,2026,DB1775,Fillmore,Deer,Buck,General Season,Dedicated Hunter,Resident,17,dedicated_hunter,146,26,,,,,3,3,0,0,1,1.000000,,,1.000000,,,100.000,,-14,0,ABOVE CUTOFF,YELLOW,GREEN LIGHT,"2021,2022,2023,2024,2025",5,2025,2021,predictive,preference_dedicated_hunter_deer,TRUE,Forecasted from 2025 dedicated hunter ladder with residency quota split and preference carry-forward.,Dedicated Hunter,PREFERENCE_DEDICATED_HUNTER_DEER,MODELED_PREFERENCE,TARGET,True,Modeled by engine.utah_draw_predictive.dedicated_hunter.
hybrid_ml_v2.1.0,utah_preference_dedicated_hunter_deer_v1.0.0,2026,2026,DB1775,Fillmore,Deer,Buck,General Season,Dedicated Hunter,Resident,18,dedicated_hunter,146,26,,,,,3,3,0,0,1,1.000000,,,1.000000,,,100.000,,-15,0,ABOVE CUTOFF,YELLOW,GREEN LIGHT,"2021,2022,2023,2024,2025",5,2025,2021,predictive,preference_dedicated_hunter_deer,TRUE,Forecasted from 2025 dedicated hunter ladder with residency quota split and preference carry-forward.,Dedicated Hunter,PREFERENCE_DEDICATED_HUNTER_DEER,MODELED_PREFERENCE,TARGET,True,Modeled by engine.utah_draw_predictive.dedicated_hunter.
hybrid_ml_v2.1.0,utah_preference_dedicated_hunter_deer_v1.0.0,2026,2026,DB1775,Fillmore,Deer,Buck,General Season,Dedicated Hunter,Resident,19,dedicated_hunter,146,26,,,,,3,3,0,0,1,1.000000,,,1.000000,,,100.000,,-16,0,ABOVE CUTOFF,YELLOW,GREEN LIGHT,"2021,2022,2023,2024,2025",5,2025,2021,predictive,preference_dedicated_hunter_deer,TRUE,Forecasted from 2025 dedicated hunter ladder with residency quota split and preference carry-forward.,Dedicated Hunter,PREFERENCE_DEDICATED_HUNTER_DEER,MODELED_PREFERENCE,TARGET,True,Modeled by engine.utah_draw_predictive.dedicated_hunter.
hybrid_ml_v2.1.0,utah_preference_dedicated_hunter_deer_v1.0.0,2026,2026,DB1775,Fillmore,Deer,Buck,General Season,Dedicated Hunter,Resident,20,dedicated_hunter,146,26,,,,,3,3,0,0,1,1.000000,,,1.000000,,,100.000,,-17,0,ABOVE CUTOFF,YELLOW,GREEN LIGHT,"2021,2022,2023,2024,2025",5,2025,2021,predictive,preference_dedicated_hunter_deer,TRUE,Forecasted from 2025 dedicated hunter ladder with residency quota split and preference carry-forward.,Dedicated Hunter,PREFERENCE_DEDICATED_HUNTER_DEER,MODELED_PREFERENCE,TARGET,True,Modeled by engine.utah_draw_predictive.dedicated_hunter.
hybrid_ml_v2.1.0,utah_preference_dedicated_hunter_deer_v1.0.0,2026,2026,DB1775,Fillmore,Deer,Buck,General Season,Dedicated Hunter,Resident,21,dedicated_hunter,146,26,,,,,3,3,0,0,1,1.000000,,,1.000000,,,100.000,,-18,0,ABOVE CUTOFF,YELLOW,GREEN LIGHT,"2021,2022,2023,2024,2025",5,2025,2021,predictive,preference_dedicated_hunter_deer,TRUE,Forecasted from 2025 dedicated hunter ladder with residency quota split and preference carry-forward.,Dedicated Hunter,PREFERENCE_DEDICATED_HUNTER_DEER,MODELED_PREFERENCE,TARGET,True,Modeled by engine.utah_draw_predictive.dedicated_hunter.
hybrid_ml_v2.1.0,utah_preference_dedicated_hunter_deer_v1.0.0,2026,2026,DB1775,Fillmore,Deer,Buck,General Season,Dedicated Hunter,Resident,22,dedicated_hunter,146,26,,,,,3,3,0,0,1,1.000000,,,1.000000,,,100.000,,-19,0,ABOVE CUTOFF,YELLOW,GREEN LIGHT,"2021,2022,2023,2024,2025",5,2025,2021,predictive,preference_dedicated_hunter_deer,TRUE,Forecasted from 2025 dedicated hunter ladder with residency quota split and preference carry-forward.,Dedicated Hunter,PREFERENCE_DEDICATED_HUNTER_DEER,MODELED_PREFERENCE,TARGET,True,Modeled by engine.utah_draw_predictive.dedicated_hunter.
hybrid_ml_v2.1.0,utah_preference_dedicated_hunter_deer_v1.0.0,2026,2026,DB1775,Fillmore,Deer,Buck,General Season,Dedicated Hunter,Resident,23,dedicated_hunter,146,26,,,,,3,3,0,0,1,1.000000,,,1.000000,,,100.000,,-20,0,ABOVE CUTOFF,YELLOW,GREEN LIGHT,"2021,2022,2023,2024,2025",5,2025,2021,predictive,preference_dedicated_hunter_deer,TRUE,Forecasted from 2025 dedicated hunter ladder with residency quota split and preference carry-forward.,Dedicated Hunter,PREFERENCE_DEDICATED_HUNTER_DEER,MODELED_PREFERENCE,TARGET,True,Modeled by engine.utah_draw_predictive.dedicated_hunter.
hybrid_ml_v2.1.0,utah_preference_dedicated_hunter_deer_v1.0.0,2026,2026,DB1775,Fillmore,Deer,Buck,General Season,Dedicated Hunter,Resident,24,dedicated_hunter,146,26,,,,,3,3,0,0,1,1.000000,,,1.000000,,,100.000,,-21,0,ABOVE CUTOFF,YELLOW,GREEN LIGHT,"2021,2022,2023,2024,2025",5,2025,2021,predictive,preference_dedicated_hunter_deer,TRUE,Forecasted from 2025 dedicated hunter ladder with residency quota split and preference carry-forward.,Dedicated Hunter,PREFERENCE_DEDICATED_HUNTER_DEER,MODELED_PREFERENCE,TARGET,True,Modeled by engine.utah_draw_predictive.dedicated_hunter.
hybrid_ml_v2.1.0,utah_preference_dedicated_hunter_deer_v1.0.0,2026,2026,DB1777,Kamas,Deer,Buck,General Season,Dedicated Hunter,Resident,0,dedicated_hunter,31,24,,,,,1,1,2,26,26,0.846154,,,0.846154,,,84.615,,1,0,ON EDGE,YELLOW,MAY DRAW IN 5-10 YEARS,"2021,2022,2023,2024,2025",5,2025,2021,predictive,preference_dedicated_hunter_deer,TRUE,Forecasted from 2025 dedicated hunter ladder with residency quota split and preference carry-forward.,Dedicated Hunter,PREFERENCE_DEDICATED_HUNTER_DEER,MODELED_PREFERENCE,TARGET,True,Modeled by engine.utah_draw_predictive.dedicated_hunter.
hybrid_ml_v2.1.0,utah_preference_dedicated_hunter_deer_v1.0.0,2026,2026,DB1777,Kamas,Deer,Buck,General Season,Dedicated Hunter,Resident,1,dedicated_hunter,31,24,,,,,1,1,1,1,1,1.000000,,,1.000000,,,100.000,,0,0,ABOVE CUTOFF,YELLOW,GREEN LIGHT,"2021,2022,2023,2024,2025",5,2025,2021,predictive,preference_dedicated_hunter_deer,TRUE,Forecasted from 2025 dedicated hunter ladder with residency quota split and preference carry-forward.,Dedicated Hunter,PREFERENCE_DEDICATED_HUNTER_DEER,MODELED_PREFERENCE,TARGET,True,Modeled by engine.utah_draw_predictive.dedicated_hunter.
hybrid_ml_v2.1.0,utah_preference_dedicated_hunter_deer_v1.0.0,2026,2026,DB1777,Kamas,Deer,Buck,General Season,Dedicated Hunter,Resident,2,dedicated_hunter,31,24,,,,,1,1,0,1,1,1.000000,,,1.000000,,,100.000,,-1,0,ABOVE CUTOFF,YELLOW,GREEN LIGHT,"2021,2022,2023,2024,2025",5,2025,2021,predictive,preference_dedicated_hunter_deer,TRUE,Forecasted from 2025 dedicated hunter ladder with residency quota split and preference carry-forward.,Dedicated Hunter,PREFERENCE_DEDICATED_HUNTER_DEER,MODELED_PREFERENCE,TARGET,True,Modeled by engine.utah_draw_predictive.dedicated_hunter.
hybrid_ml_v2.1.0,utah_preference_dedicated_hunter_deer_v1.0.0,2026,2026,DB1777,Kamas,Deer,Buck,General Season,Dedicated Hunter,Resident,3,dedicated_hunter,31,24,,,,,1,1,0,0,1,1.000000,,,1.000000,,,100.000,,-2,0,ABOVE CUTOFF,YELLOW,GREEN LIGHT,"2021,2022,2023,2024,2025",5,2025,2021,predictive,preference_dedicated_hunter_deer,TRUE,Forecasted from 2025 dedicated hunter ladder with residency quota split and preference carry-forward.,Dedicated Hunter,PREFERENCE_DEDICATED_HUNTER_DEER,MODELED_PREFERENCE,TARGET,True,Modeled by engine.utah_draw_predictive.dedicated_hunter.
hybrid_ml_v2.1.0,utah_preference_dedicated_hunter_deer_v1.0.0,2026,2026,DB1777,Kamas,Deer,Buck,General Season,Dedicated Hunter,Resident,4,dedicated_hunter,31,24,,,,,1,1,0,0,1,1.000000,,,1.000000,,,100.000,,-3,0,ABOVE CUTOFF,YELLOW,GREEN LIGHT,"2021,2022,2023,2024,2025",5,2025,2021,predictive,preference_dedicated_hunter_deer,TRUE,Forecasted from 2025 dedicated hunter ladder with residency quota split and preference carry-forward.,Dedicated Hunter,PREFERENCE_DEDICATED_HUNTER_DEER,MODELED_PREFERENCE,TARGET,True,Modeled by engine.utah_draw_predictive.dedicated_hunter.
hybrid_ml_v2.1.0,utah_preference_dedicated_hunter_deer_v1.0.0,2026,2026,DB1777,Kamas,Deer,Buck,General Season,Dedicated Hunter,Resident,5,dedicated_hunter,31,24,,,,,1,1,0,0,1,1.000000,,,1.000000,,,100.000,,-4,0,ABOVE CUTOFF,YELLOW,GREEN LIGHT,"2021,2022,2023,2024,2025",5,2025,2021,predictive,preference_dedicated_hunter_deer,TRUE,Forecasted from 2025 dedicated hunter ladder with residency quota split and preference carry-forward.,Dedicated Hunter,PREFERENCE_DEDICATED_HUNTER_DEER,MODELED_PREFERENCE,TARGET,True,Modeled by engine.utah_draw_predictive.dedicated_hunter.
hybrid_ml_v2.1.0,utah_preference_dedicated_hunter_deer_v1.0.0,2026,2026,DB1777,Kamas,Deer,Buck,General Season,Dedicated Hunter,Resident,6,dedicated_hunter,31,24,,,,,1,1,0,0,1,1.000000,,,1.000000,,,100.000,,-5,0,ABOVE CUTOFF,YELLOW,GREEN LIGHT,"2021,2022,2023,2024,2025",5,2025,2021,predictive,preference_dedicated_hunter_deer,TRUE,Forecasted from 2025 dedicated hunter ladder with residency quota split and preference carry-forward.,Dedicated Hunter,PREFERENCE_DEDICATED_HUNTER_DEER,MODELED_PREFERENCE,TARGET,True,Modeled by engine.utah_draw_predictive.dedicated_hunter.
hybrid_ml_v2.1.0,utah_preference_dedicated_hunter_deer_v1.0.0,2026,2026,DB1777,Kamas,Deer,Buck,General Season,Dedicated Hunter,Resident,7,dedicated_hunter,31,24,,,,,1,1,0,0,1,1.000000,,,1.000000,,,100.000,,-6,0,ABOVE CUTOFF,YELLOW,GREEN LIGHT,"2021,2022,2023,2024,2025",5,2025,2021,predictive,preference_dedicated_hunter_deer,TRUE,Forecasted from 2025 dedicated hunter ladder with residency quota split and preference carry-forward.,Dedicated Hunter,PREFERENCE_DEDICATED_HUNTER_DEER,MODELED_PREFERENCE,TARGET,True,Modeled by engine.utah_draw_predictive.dedicated_hunter.
hybrid_ml_v2.1.0,utah_preference_dedicated_hunter_deer_v1.0.0,2026,2026,DB1777,Kamas,Deer,Buck,General Season,Dedicated Hunter,Resident,8,dedicated_hunter,31,24,,,,,1,1,0,0,1,1.000000,,,1.000000,,,100.000,,-7,0,ABOVE CUTOFF,YELLOW,GREEN LIGHT,"2021,2022,2023,2024,2025",5,2025,2021,predictive,preference_dedicated_hunter_deer,TRUE,Forecasted from 2025 dedicated hunter ladder with residency quota split and preference carry-forward.,Dedicated Hunter,PREFERENCE_DEDICATED_HUNTER_DEER,MODELED_PREFERENCE,TARGET,True,Modeled by engine.utah_draw_predictive.dedicated_hunter.
hybrid_ml_v2.1.0,utah_preference_dedicated_hunter_deer_v1.0.0,2026,2026,DB1777,Kamas,Deer,Buck,General Season,Dedicated Hunter,Resident,9,dedicated_hunter,31,24,,,,,1,1,0,0,1,1.000000,,,1.000000,,,100.000,,-8,0,ABOVE CUTOFF,YELLOW,GREEN LIGHT,"2021,2022,2023,2024,2025",5,2025,2021,predictive,preference_dedicated_hunter_deer,TRUE,Forecasted from 2025 dedicated hunter ladder with residency quota split and preference carry-forward.,Dedicated Hunter,PREFERENCE_DEDICATED_HUNTER_DEER,MODELED_PREFERENCE,TARGET,True,Modeled by engine.utah_draw_predictive.dedicated_hunter.
hybrid_ml_v2.1.0,utah_preference_dedicated_hunter_deer_v1.0.0,2026,2026,DB1777,Kamas,Deer,Buck,General Season,Dedicated Hunter,Resident,10,dedicated_hunter,31,24,,,,,1,1,0,0,1,1.000000,,,1.000000,,,100.000,,-9,0,ABOVE CUTOFF,YELLOW,GREEN LIGHT,"2021,2022,2023,2024,2025",5,2025,2021,predictive,preference_dedicated_hunter_deer,TRUE,Forecasted from 2025 dedicated hunter ladder with residency quota split and preference carry-forward.,Dedicated Hunter,PREFERENCE_DEDICATED_HUNTER_DEER,MODELED_PREFERENCE,TARGET,True,Modeled by engine.utah_draw_predictive.dedicated_hunter.
hybrid_ml_v2.1.0,utah_preference_dedicated_hunter_deer_v1.0.0,2026,2026,DB1777,Kamas,Deer,Buck,General Season,Dedicated Hunter,Resident,11,dedicated_hunter,31,24,,,,,1,1,0,0,1,1.000000,,,1.000000,,,100.000,,-10,0,ABOVE CUTOFF,YELLOW,GREEN LIGHT,"2021,2022,2023,2024,2025",5,2025,2021,predictive,preference_dedicated_hunter_deer,TRUE,Forecasted from 2025 dedicated hunter ladder with residency quota split and preference carry-forward.,Dedicated Hunter,PREFERENCE_DEDICATED_HUNTER_DEER,MODELED_PREFERENCE,TARGET,True,Modeled by engine.utah_draw_predictive.dedicated_hunter.
hybrid_ml_v2.1.0,utah_preference_dedicated_hunter_deer_v1.0.0,2026,2026,DB1777,Kamas,Deer,Buck,General Season,Dedicated Hunter,Resident,12,dedicated_hunter,31,24,,,,,1,1,0,0,1,1.000000,,,1.000000,,,100.000,,-11,0,ABOVE CUTOFF,YELLOW,GREEN LIGHT,"2021,2022,2023,2024,2025",5,2025,2021,predictive,preference_dedicated_hunter_deer,TRUE,Forecasted from 2025 dedicated hunter ladder with residency quota split and preference carry-forward.,Dedicated Hunter,PREFERENCE_DEDICATED_HUNTER_DEER,MODELED_PREFERENCE,TARGET,True,Modeled by engine.utah_draw_predictive.dedicated_hunter.
hybrid_ml_v2.1.0,utah_preference_dedicated_hunter_deer_v1.0.0,2026,2026,DB1777,Kamas,Deer,Buck,General Season,Dedicated Hunter,Resident,13,dedicated_hunter,31,24,,,,,1,1,0,0,1,1.000000,,,1.000000,,,100.000,,-12,0,ABOVE CUTOFF,YELLOW,GREEN LIGHT,"2021,2022,2023,2024,2025",5,2025,2021,predictive,preference_dedicated_hunter_deer,TRUE,Forecasted from 2025 dedicated hunter ladder with residency quota split and preference carry-forward.,Dedicated Hunter,PREFERENCE_DEDICATED_HUNTER_DEER,MODELED_PREFERENCE,TARGET,True,Modeled by engine.utah_draw_predictive.dedicated_hunter.
hybrid_ml_v2.1.0,utah_preference_dedicated_hunter_deer_v1.0.0,2026,2026,DB1777,Kamas,Deer,Buck,General Season,Dedicated Hunter,Resident,14,dedicated_hunter,31,24,,,,,1,1,0,0,1,1.000000,,,1.000000,,,100.000,,-13,0,ABOVE CUTOFF,YELLOW,GREEN LIGHT,"2021,2022,2023,2024,2025",5,2025,2021,predictive,preference_dedicated_hunter_deer,TRUE,Forecasted from 2025 dedicated hunter ladder with residency quota split and preference carry-forward.,Dedicated Hunter,PREFERENCE_DEDICATED_HUNTER_DEER,MODELED_PREFERENCE,TARGET,True,Modeled by engine.utah_draw_predictive.dedicated_hunter.
hybrid_ml_v2.1.0,utah_preference_dedicated_hunter_deer_v1.0.0,2026,2026,DB1777,Kamas,Deer,Buck,General Season,Dedicated Hunter,Resident,15,dedicated_hunter,31,24,,,,,1,1,0,0,1,1.000000,,,1.000000,,,100.000,,-14,0,ABOVE CUTOFF,YELLOW,GREEN LIGHT,"2021,2022,2023,2024,2025",5,2025,2021,predictive,preference_dedicated_hunter_deer,TRUE,Forecasted from 2025 dedicated hunter ladder with residency quota split and preference carry-forward.,Dedicated Hunter,PREFERENCE_DEDICATED_HUNTER_DEER,MODELED_PREFERENCE,TARGET,True,Modeled by engine.utah_draw_predictive.dedicated_hunter.
hybrid_ml_v2.1.0,utah_preference_dedicated_hunter_deer_v1.0.0,2026,2026,DB1777,Kamas,Deer,Buck,General Season,Dedicated Hunter,Resident,16,dedicated_hunter,31,24,,,,,1,1,0,0,1,1.000000,,,1.000000,,,100.000,,-15,0,ABOVE CUTOFF,YELLOW,GREEN LIGHT,"2021,2022,2023,2024,2025",5,2025,2021,predictive,preference_dedicated_hunter_deer,TRUE,Forecasted from 2025 dedicated hunter ladder with residency quota split and preference carry-forward.,Dedicated Hunter,PREFERENCE_DEDICATED_HUNTER_DEER,MODELED_PREFERENCE,TARGET,True,Modeled by engine.utah_draw_predictive.dedicated_hunter.
hybrid_ml_v2.1.0,utah_preference_dedicated_hunter_deer_v1.0.0,2026,2026,DB1777,Kamas,Deer,Buck,General Season,Dedicated Hunter,Resident,17,dedicated_hunter,31,24,,,,,1,1,0,0,1,1.000000,,,1.000000,,,100.000,,-16,0,ABOVE CUTOFF,YELLOW,GREEN LIGHT,"2021,2022,2023,2024,2025",5,2025,2021,predictive,preference_dedicated_hunter_deer,TRUE,Forecasted from 2025 dedicated hunter ladder with residency quota split and preference carry-forward.,Dedicated Hunter,PREFERENCE_DEDICATED_HUNTER_DEER,MODELED_PREFERENCE,TARGET,True,Modeled by engine.utah_draw_predictive.dedicated_hunter.
hybrid_ml_v2.1.0,utah_preference_dedicated_hunter_deer_v1.0.0,2026,2026,DB1777,Kamas,Deer,Buck,General Season,Dedicated Hunter,Resident,18,dedicated_hunter,31,24,,,,,1,1,0,0,1,1.000000,,,1.000000,,,100.000,,-17,0,ABOVE CUTOFF,YELLOW,GREEN LIGHT,"2021,2022,2023,2024,2025",5,2025,2021,predictive,preference_dedicated_hunter_deer,TRUE,Forecasted from 2025 dedicated hunter ladder with residency quota split and preference carry-forward.,Dedicated Hunter,PREFERENCE_DEDICATED_HUNTER_DEER,MODELED_PREFERENCE,TARGET,True,Modeled by engine.utah_draw_predictive.dedicated_hunter.
hybrid_ml_v2.1.0,utah_preference_dedicated_hunter_deer_v1.0.0,2026,2026,DB1777,Kamas,Deer,Buck,General Season,Dedicated Hunter,Resident,19,dedicated_hunter,31,24,,,,,1,1,0,0,1,1.000000,,,1.000000,,,100.000,,-18,0,ABOVE CUTOFF,YELLOW,GREEN LIGHT,"2021,2022,2023,2024,2025",5,2025,2021,predictive,preference_dedicated_hunter_deer,TRUE,Forecasted from 2025 dedicated hunter ladder with residency quota split and preference carry-forward.,Dedicated Hunter,PREFERENCE_DEDICATED_HUNTER_DEER,MODELED_PREFERENCE,TARGET,True,Modeled by engine.utah_draw_predictive.dedicated_hunter.
hybrid_ml_v2.1.0,utah_preference_dedicated_hunter_deer_v1.0.0,2026,2026,DB1777,Kamas,Deer,Buck,General Season,Dedicated Hunter,Resident,20,dedicated_hunter,31,24,,,,,1,1,0,0,1,1.000000,,,1.000000,,,100.000,,-19,0,ABOVE CUTOFF,YELLOW,GREEN LIGHT,"2021,2022,2023,2024,2025",5,2025,2021,predictive,preference_dedicated_hunter_deer,TRUE,Forecasted from 2025 dedicated hunter ladder with residency quota split and preference carry-forward.,Dedicated Hunter,PREFERENCE_DEDICATED_HUNTER_DEER,MODELED_PREFERENCE,TARGET,True,Modeled by engine.utah_draw_predictive.dedicated_hunter.
hybrid_ml_v2.1.0,utah_preference_dedicated_hunter_deer_v1.0.0,2026,2026,DB1777,Kamas,Deer,Buck,General Season,Dedicated Hunter,Resident,21,dedicated_hunter,31,24,,,,,1,1,0,0,1,1.000000,,,1.000000,,,100.000,,-20,0,ABOVE CUTOFF,YELLOW,GREEN LIGHT,"2021,2022,2023,2024,2025",5,2025,2021,predictive,preference_dedicated_hunter_deer,TRUE,Forecasted from 2025 dedicated hunter ladder with residency quota split and preference carry-forward.,Dedicated Hunter,PREFERENCE_DEDICATED_HUNTER_DEER,MODELED_PREFERENCE,TARGET,True,Modeled by engine.utah_draw_predictive.dedicated_hunter.
hybrid_ml_v2.1.0,utah_preference_dedicated_hunter_deer_v1.0.0,2026,2026,DB1777,Kamas,Deer,Buck,General Season,Dedicated Hunter,Resident,22,dedicated_hunter,31,24,,,,,1,1,0,0,1,1.000000,,,1.000000,,,100.000,,-21,0,ABOVE CUTOFF,YELLOW,GREEN LIGHT,"2021,2022,2023,2024,2025",5,2025,2021,predictive,preference_dedicated_hunter_deer,TRUE,Forecasted from 2025 dedicated hunter ladder with residency quota split and preference carry-forward.,Dedicated Hunter,PREFERENCE_DEDICATED_HUNTER_DEER,MODELED_PREFERENCE,TARGET,True,Modeled by engine.utah_draw_predictive.dedicated_hunter.
hybrid_ml_v2.1.0,utah_preference_dedicated_hunter_deer_v1.0.0,2026,2026,DB1777,Kamas,Deer,Buck,General Season,Dedicated Hunter,Resident,23,dedicated_hunter,31,24,,,,,1,1,0,0,1,1.000000,,,1.000000,,,100.000,,-22,0,ABOVE CUTOFF,YELLOW,GREEN LIGHT,"2021,2022,2023,2024,2025",5,2025,2021,predictive,preference_dedicated_hunter_deer,TRUE,Forecasted from 2025 dedicated hunter ladder with residency quota split and preference carry-forward.,Dedicated Hunter,PREFERENCE_DEDICATED_HUNTER_DEER,MODELED_PREFERENCE,TARGET,True,Modeled by engine.utah_draw_predictive.dedicated_hunter.
hybrid_ml_v2.1.0,utah_preference_dedicated_hunter_deer_v1.0.0,2026,2026,DB1777,Kamas,Deer,Buck,General Season,Dedicated Hunter,Resident,24,dedicated_hunter,31,24,,,,,1,1,0,0,1,1.000000,,,1.000000,,,100.000,,-23,0,ABOVE CUTOFF,YELLOW,GREEN LIGHT,"2021,2022,2023,2024,2025",5,2025,2021,predictive,preference_dedicated_hunter_deer,TRUE,Forecasted from 2025 dedicated hunter ladder with residency quota split and preference carry-forward.,Dedicated Hunter,PREFERENCE_DEDICATED_HUNTER_DEER,MODELED_PREFERENCE,TARGET,True,Modeled by engine.utah_draw_predictive.dedicated_hunter.
hybrid_ml_v2.1.0,utah_preference_dedicated_hunter_deer_v1.0.0,2026,2026,DB1778,La Sal Mtns,Deer,Buck,General Season,Dedicated Hunter,Nonresident,0,dedicated_hunter,11,10,,,,,1,1,5,8,8,0.625000,,,0.625000,,,62.500,,1,0,ON EDGE,YELLOW,MAY DRAW IN 5-10 YEARS,"2021,2022,2023,2024,2025",5,2025,2021,predictive,preference_dedicated_hunter_deer,TRUE,Forecasted from 2025 dedicated hunter ladder with residency quota split and preference carry-forward.,Dedicated Hunter,PREFERENCE_DEDICATED_HUNTER_DEER,MODELED_PREFERENCE,TARGET,True,Modeled by engine.utah_draw_predictive.dedicated_hunter.
hybrid_ml_v2.1.0,utah_preference_dedicated_hunter_deer_v1.0.0,2026,2026,DB1778,La Sal Mtns,Deer,Buck,General Season,Dedicated Hunter,Nonresident,1,dedicated_hunter,11,10,,,,,1,1,0,5,5,1.000000,,,1.000000,,,100.000,,0,0,ABOVE CUTOFF,YELLOW,GREEN LIGHT,"2021,2022,2023,2024,2025",5,2025,2021,predictive,preference_dedicated_hunter_deer,TRUE,Forecasted from 2025 dedicated hunter ladder with residency quota split and preference carry-forward.,Dedicated Hunter,PREFERENCE_DEDICATED_HUNTER_DEER,MODELED_PREFERENCE,TARGET,True,Modeled by engine.utah_draw_predictive.dedicated_hunter.
hybrid_ml_v2.1.0,utah_preference_dedicated_hunter_deer_v1.0.0,2026,2026,DB1778,La Sal Mtns,Deer,Buck,General Season,Dedicated Hunter,Nonresident,2,dedicated_hunter,11,10,,,,,1,1,0,0,1,1.000000,,,1.000000,,,100.000,,-1,0,ABOVE CUTOFF,YELLOW,GREEN LIGHT,"2021,2022,2023,2024,2025",5,2025,2021,predictive,preference_dedicated_hunter_deer,TRUE,Forecasted from 2025 dedicated hunter ladder with residency quota split and preference carry-forward.,Dedicated Hunter,PREFERENCE_DEDICATED_HUNTER_DEER,MODELED_PREFERENCE,TARGET,True,Modeled by engine.utah_draw_predictive.dedicated_hunter.
hybrid_ml_v2.1.0,utah_preference_dedicated_hunter_deer_v1.0.0,2026,2026,DB1778,La Sal Mtns,Deer,Buck,General Season,Dedicated Hunter,Nonresident,3,dedicated_hunter,11,10,,,,,1,1,0,0,1,1.000000,,,1.000000,,,100.000,,-2,0,ABOVE CUTOFF,YELLOW,GREEN LIGHT,"2021,2022,2023,2024,2025",5,2025,2021,predictive,preference_dedicated_hunter_deer,TRUE,Forecasted from 2025 dedicated hunter ladder with residency quota split and preference carry-forward.,Dedicated Hunter,PREFERENCE_DEDICATED_HUNTER_DEER,MODELED_PREFERENCE,TARGET,True,Modeled by engine.utah_draw_predictive.dedicated_hunter.
hybrid_ml_v2.1.0,utah_preference_dedicated_hunter_deer_v1.0.0,2026,2026,DB1778,La Sal Mtns,Deer,Buck,General Season,Dedicated Hunter,Nonresident,4,dedicated_hunter,11,10,,,,,1,1,0,0,1,1.000000,,,1.000000,,,100.000,,-3,0,ABOVE CUTOFF,YELLOW,GREEN LIGHT,"2021,2022,2023,2024,2025",5,2025,2021,predictive,preference_dedicated_hunter_deer,TRUE,Forecasted from 2025 dedicated hunter ladder with residency quota split and preference carry-forward.,Dedicated Hunter,PREFERENCE_DEDICATED_HUNTER_DEER,MODELED_PREFERENCE,TARGET,True,Modeled by engine.utah_draw_predictive.dedicated_hunter.
hybrid_ml_v2.1.0,utah_preference_dedicated_hunter_deer_v1.0.0,2026,2026,DB1778,La Sal Mtns,Deer,Buck,General Season,Dedicated Hunter,Nonresident,5,dedicated_hunter,11,10,,,,,1,1,0,0,1,1.000000,,,1.000000,,,100.000,,-4,0,ABOVE CUTOFF,YELLOW,GREEN LIGHT,"2021,2022,2023,2024,2025",5,2025,2021,predictive,preference_dedicated_hunter_deer,TRUE,Forecasted from 2025 dedicated hunter ladder with residency quota split and preference carry-forward.,Dedicated Hunter,PREFERENCE_DEDICATED_HUNTER_DEER,MODELED_PREFERENCE,TARGET,True,Modeled by engine.utah_draw_predictive.dedicated_hunter.
hybrid_ml_v2.1.0,utah_preference_dedicated_hunter_deer_v1.0.0,2026,2026,DB1778,La Sal Mtns,Deer,Buck,General Season,Dedicated Hunter,Nonresident,6,dedicated_hunter,11,10,,,,,1,1,0,0,1,1.000000,,,1.000000,,,100.000,,-5,0,ABOVE CUTOFF,YELLOW,GREEN LIGHT,"2021,2022,2023,2024,2025",5,2025,2021,predictive,preference_dedicated_hunter_deer,TRUE,Forecasted from 2025 dedicated hunter ladder with residency quota split and preference carry-forward.,Dedicated Hunter,PREFERENCE_DEDICATED_HUNTER_DEER,MODELED_PREFERENCE,TARGET,True,Modeled by engine.utah_draw_predictive.dedicated_hunter.
hybrid_ml_v2.1.0,utah_preference_dedicated_hunter_deer_v1.0.0,2026,2026,DB1778,La Sal Mtns,Deer,Buck,General Season,Dedicated Hunter,Nonresident,7,dedicated_hunter,11,10,,,,,1,1,0,0,1,1.000000,,,1.000000,,,100.000,,-6,0,ABOVE CUTOFF,YELLOW,GREEN LIGHT,"2021,2022,2023,2024,2025",5,2025,2021,predictive,preference_dedicated_hunter_deer,TRUE,Forecasted from 2025 dedicated hunter ladder with residency quota split and preference carry-forward.,Dedicated Hunter,PREFERENCE_DEDICATED_HUNTER_DEER,MODELED_PREFERENCE,TARGET,True,Modeled by engine.utah_draw_predictive.dedicated_hunter.
hybrid_ml_v2.1.0,utah_preference_dedicated_hunter_deer_v1.0.0,2026,2026,DB1778,La Sal Mtns,Deer,Buck,General Season,Dedicated Hunter,Nonresident,8,dedicated_hunter,11,10,,,,,1,1,0,0,1,1.000000,,,1.000000,,,100.000,,-7,0,ABOVE CUTOFF,YELLOW,GREEN LIGHT,"2021,2022,2023,2024,2025",5,2025,2021,predictive,preference_dedicated_hunter_deer,TRUE,Forecasted from 2025 dedicated hunter ladder with residency quota split and preference carry-forward.,Dedicated Hunter,PREFERENCE_DEDICATED_HUNTER_DEER,MODELED_PREFERENCE,TARGET,True,Modeled by engine.utah_draw_predictive.dedicated_hunter.
hybrid_ml_v2.1.0,utah_preference_dedicated_hunter_deer_v1.0.0,2026,2026,DB1778,La Sal Mtns,Deer,Buck,General Season,Dedicated Hunter,Nonresident,9,dedicated_hunter,11,10,,,,,1,1,0,0,1,1.000000,,,1.000000,,,100.000,,-8,0,ABOVE CUTOFF,YELLOW,GREEN LIGHT,"2021,2022,2023,2024,2025",5,2025,2021,predictive,preference_dedicated_hunter_deer,TRUE,Forecasted from 2025 dedicated hunter ladder with residency quota split and preference carry-forward.,Dedicated Hunter,PREFERENCE_DEDICATED_HUNTER_DEER,MODELED_PREFERENCE,TARGET,True,Modeled by engine.utah_draw_predictive.dedicated_hunter.
hybrid_ml_v2.1.0,utah_preference_dedicated_hunter_deer_v1.0.0,2026,2026,DB1778,La Sal Mtns,Deer,Buck,General Season,Dedicated Hunter,Nonresident,10,dedicated_hunter,11,10,,,,,1,1,0,0,1,1.000000,,,1.000000,,,100.000,,-9,0,ABOVE CUTOFF,YELLOW,GREEN LIGHT,"2021,2022,2023,2024,2025",5,2025,2021,predictive,preference_dedicated_hunter_deer,TRUE,Forecasted from 2025 dedicated hunter ladder with residency quota split and preference carry-forward.,Dedicated Hunter,PREFERENCE_DEDICATED_HUNTER_DEER,MODELED_PREFERENCE,TARGET,True,Modeled by engine.utah_draw_predictive.dedicated_hunter.
hybrid_ml_v2.1.0,utah_preference_dedicated_hunter_deer_v1.0.0,2026,2026,DB1778,La Sal Mtns,Deer,Buck,General Season,Dedicated Hunter,Nonresident,11,dedicated_hunter,11,10,,,,,1,1,0,0,1,1.000000,,,1.000000,,,100.000,,-10,0,ABOVE CUTOFF,YELLOW,GREEN LIGHT,"2021,2022,2023,2024,2025",5,2025,2021,predictive,preference_dedicated_hunter_deer,TRUE,Forecasted from 2025 dedicated hunter ladder with residency quota split and preference carry-forward.,Dedicated Hunter,PREFERENCE_DEDICATED_HUNTER_DEER,MODELED_PREFERENCE,TARGET,True,Modeled by engine.utah_draw_predictive.dedicated_hunter.
hybrid_ml_v2.1.0,utah_preference_dedicated_hunter_deer_v1.0.0,2026,2026,DB1778,La Sal Mtns,Deer,Buck,General Season,Dedicated Hunter,Nonresident,12,dedicated_hunter,11,10,,,,,1,1,0,0,1,1.000000,,,1.000000,,,100.000,,-11,0,ABOVE CUTOFF,YELLOW,GREEN LIGHT,"2021,2022,2023,2024,2025",5,2025,2021,predictive,preference_dedicated_hunter_deer,TRUE,Forecasted from 2025 dedicated hunter ladder with residency quota split and preference carry-forward.,Dedicated Hunter,PREFERENCE_DEDICATED_HUNTER_DEER,MODELED_PREFERENCE,TARGET,True,Modeled by engine.utah_draw_predictive.dedicated_hunter.
hybrid_ml_v2.1.0,utah_preference_dedicated_hunter_deer_v1.0.0,2026,2026,DB1778,La Sal Mtns,Deer,Buck,General Season,Dedicated Hunter,Nonresident,13,dedicated_hunter,11,10,,,,,1,1,0,0,1,1.000000,,,1.000000,,,100.000,,-12,0,ABOVE CUTOFF,YELLOW,GREEN LIGHT,"2021,2022,2023,2024,2025",5,2025,2021,predictive,preference_dedicated_hunter_deer,TRUE,Forecasted from 2025 dedicated hunter ladder with residency quota split and preference carry-forward.,Dedicated Hunter,PREFERENCE_DEDICATED_HUNTER_DEER,MODELED_PREFERENCE,TARGET,True,Modeled by engine.utah_draw_predictive.dedicated_hunter.
hybrid_ml_v2.1.0,utah_preference_dedicated_hunter_deer_v1.0.0,2026,2026,DB1778,La Sal Mtns,Deer,Buck,General Season,Dedicated Hunter,Nonresident,14,dedicated_hunter,11,10,,,,,1,1,0,0,1,1.000000,,,1.000000,,,100.000,,-13,0,ABOVE CUTOFF,YELLOW,GREEN LIGHT,"2021,2022,2023,2024,2025",5,2025,2021,predictive,preference_dedicated_hunter_deer,TRUE,Forecasted from 2025 dedicated hunter ladder with residency quota split and preference carry-forward.,Dedicated Hunter,PREFERENCE_DEDICATED_HUNTER_DEER,MODELED_PREFERENCE,TARGET,True,Modeled by engine.utah_draw_predictive.dedicated_hunter.
hybrid_ml_v2.1.0,utah_preference_dedicated_hunter_deer_v1.0.0,2026,2026,DB1778,La Sal Mtns,Deer,Buck,General Season,Dedicated Hunter,Nonresident,15,dedicated_hunter,11,10,,,,,1,1,0,0,1,1.000000,,,1.000000,,,100.000,,-14,0,ABOVE CUTOFF,YELLOW,GREEN LIGHT,"2021,2022,2023,2024,2025",5,2025,2021,predictive,preference_dedicated_hunter_deer,TRUE,Forecasted from 2025 dedicated hunter ladder with residency quota split and preference carry-forward.,Dedicated Hunter,PREFERENCE_DEDICATED_HUNTER_DEER,MODELED_PREFERENCE,TARGET,True,Modeled by engine.utah_draw_predictive.dedicated_hunter.
hybrid_ml_v2.1.0,utah_preference_dedicated_hunter_deer_v1.0.0,2026,2026,DB1778,La Sal Mtns,Deer,Buck,General Season,Dedicated Hunter,Nonresident,16,dedicated_hunter,11,10,,,,,1,1,0,0,1,1.000000,,,1.000000,,,100.000,,-15,0,ABOVE CUTOFF,YELLOW,GREEN LIGHT,"2021,2022,2023,2024,2025",5,2025,2021,predictive,preference_dedicated_hunter_deer,TRUE,Forecasted from 2025 dedicated hunter ladder with residency quota split and preference carry-forward.,Dedicated Hunter,PREFERENCE_DEDICATED_HUNTER_DEER,MODELED_PREFERENCE,TARGET,True,Modeled by engine.utah_draw_predictive.dedicated_hunter.
hybrid_ml_v2.1.0,utah_preference_dedicated_hunter_deer_v1.0.0,2026,2026,DB1778,La Sal Mtns,Deer,Buck,General Season,Dedicated Hunter,Nonresident,17,dedicated_hunter,11,10,,,,,1,1,0,0,1,1.000000,,,1.000000,,,100.000,,-16,0,ABOVE CUTOFF,YELLOW,GREEN LIGHT,"2021,2022,2023,2024,2025",5,2025,2021,predictive,preference_dedicated_hunter_deer,TRUE,Forecasted from 2025 dedicated hunter ladder with residency quota split and preference carry-forward.,Dedicated Hunter,PREFERENCE_DEDICATED_HUNTER_DEER,MODELED_PREFERENCE,TARGET,True,Modeled by engine.utah_draw_predictive.dedicated_hunter.
hybrid_ml_v2.1.0,utah_preference_dedicated_hunter_deer_v1.0.0,2026,2026,DB1778,La Sal Mtns,Deer,Buck,General Season,Dedicated Hunter,Nonresident,18,dedicated_hunter,11,10,,,,,1,1,0,0,1,1.000000,,,1.000000,,,100.000,,-17,0,ABOVE CUTOFF,YELLOW,GREEN LIGHT,"2021,2022,2023,2024,2025",5,2025,2021,predictive,preference_dedicated_hunter_deer,TRUE,Forecasted from 2025 dedicated hunter ladder with residency quota split and preference carry-forward.,Dedicated Hunter,PREFERENCE_DEDICATED_HUNTER_DEER,MODELED_PREFERENCE,TARGET,True,Modeled by engine.utah_draw_predictive.dedicated_hunter.
hybrid_ml_v2.1.0,utah_preference_dedicated_hunter_deer_v1.0.0,2026,2026,DB1778,La Sal Mtns,Deer,Buck,General Season,Dedicated Hunter,Nonresident,19,dedicated_hunter,11,10,,,,,1,1,0,0,1,1.000000,,,1.000000,,,100.000,,-18,0,ABOVE CUTOFF,YELLOW,GREEN LIGHT,"2021,2022,2023,2024,2025",5,2025,2021,predictive,preference_dedicated_hunter_deer,TRUE,Forecasted from 2025 dedicated hunter ladder with residency quota split and preference carry-forward.,Dedicated Hunter,PREFERENCE_DEDICATED_HUNTER_DEER,MODELED_PREFERENCE,TARGET,True,Modeled by engine.utah_draw_predictive.dedicated_hunter.
hybrid_ml_v2.1.0,utah_preference_dedicated_hunter_deer_v1.0.0,2026,2026,DB1778,La Sal Mtns,Deer,Buck,General Season,Dedicated Hunter,Nonresident,20,dedicated_hunter,11,10,,,,,1,1,0,0,1,1.000000,,,1.000000,,,100.000,,-19,0,ABOVE CUTOFF,YELLOW,GREEN LIGHT,"2021,2022,2023,2024,2025",5,2025,2021,predictive,preference_dedicated_hunter_deer,TRUE,Forecasted from 2025 dedicated hunter ladder with residency quota split and preference carry-forward.,Dedicated Hunter,PREFERENCE_DEDICATED_HUNTER_DEER,MODELED_PREFERENCE,TARGET,True,Modeled by engine.utah_draw_predictive.dedicated_hunter.
hybrid_ml_v2.1.0,utah_preference_dedicated_hunter_deer_v1.0.0,2026,2026,DB1778,La Sal Mtns,Deer,Buck,General Season,Dedicated Hunter,Nonresident,21,dedicated_hunter,11,10,,,,,1,1,0,0,1,1.000000,,,1.000000,,,100.000,,-20,0,ABOVE CUTOFF,YELLOW,GREEN LIGHT,"2021,2022,2023,2024,2025",5,2025,2021,predictive,preference_dedicated_hunter_deer,TRUE,Forecasted from 2025 dedicated hunter ladder with residency quota split and preference carry-forward.,Dedicated Hunter,PREFERENCE_DEDICATED_HUNTER_DEER,MODELED_PREFERENCE,TARGET,True,Modeled by engine.utah_draw_predictive.dedicated_hunter.
hybrid_ml_v2.1.0,utah_preference_dedicated_hunter_deer_v1.0.0,2026,2026,DB1778,La Sal Mtns,Deer,Buck,General Season,Dedicated Hunter,Nonresident,22,dedicated_hunter,11,10,,,,,1,1,0,0,1,1.000000,,,1.000000,,,100.000,,-21,0,ABOVE CUTOFF,YELLOW,GREEN LIGHT,"2021,2022,2023,2024,2025",5,2025,2021,predictive,preference_dedicated_hunter_deer,TRUE,Forecasted from 2025 dedicated hunter ladder with residency quota split and preference carry-forward.,Dedicated Hunter,PREFERENCE_DEDICATED_HUNTER_DEER,MODELED_PREFERENCE,TARGET,True,Modeled by engine.utah_draw_predictive.dedicated_hunter.
hybrid_ml_v2.1.0,utah_preference_dedicated_hunter_deer_v1.0.0,2026,2026,DB1778,La Sal Mtns,Deer,Buck,General Season,Dedicated Hunter,Nonresident,23,dedicated_hunter,11,10,,,,,1,1,0,0,1,1.000000,,,1.000000,,,100.000,,-22,0,ABOVE CUTOFF,YELLOW,GREEN LIGHT,"2021,2022,2023,2024,2025",5,2025,2021,predictive,preference_dedicated_hunter_deer,TRUE,Forecasted from 2025 dedicated hunter ladder with residency quota split and preference carry-forward.,Dedicated Hunter,PREFERENCE_DEDICATED_HUNTER_DEER,MODELED_PREFERENCE,TARGET,True,Modeled by engine.utah_draw_predictive.dedicated_hunter.
hybrid_ml_v2.1.0,utah_preference_dedicated_hunter_deer_v1.0.0,2026,2026,DB1778,La Sal Mtns,Deer,Buck,General Season,Dedicated Hunter,Nonresident,24,dedicated_hunter,11,10,,,,,1,1,0,0,1,1.000000,,,1.000000,,,100.000,,-23,0,ABOVE CUTOFF,YELLOW,GREEN LIGHT,"2021,2022,2023,2024,2025",5,2025,2021,predictive,preference_dedicated_hunter_deer,TRUE,Forecasted from 2025 dedicated hunter ladder with residency quota split and preference carry-forward.,Dedicated Hunter,PREFERENCE_DEDICATED_HUNTER_DEER,MODELED_PREFERENCE,TARGET,True,Modeled by engine.utah_draw_predictive.dedicated_hunter.
hybrid_ml_v2.1.0,utah_preference_dedicated_hunter_deer_v1.0.0,2026,2026,DB1778,La Sal Mtns,Deer,Buck,General Season,Dedicated Hunter,Resident,0,dedicated_hunter,94,54,,,,,1,1,3,61,61,0.836066,,,0.836066,,,83.607,,1,0,ON EDGE,YELLOW,MAY DRAW IN 5-10 YEARS,"2021,2022,2023,2024,2025",5,2025,2021,predictive,preference_dedicated_hunter_deer,TRUE,Forecasted from 2025 dedicated hunter ladder with residency quota split and preference carry-forward.,Dedicated Hunter,PREFERENCE_DEDICATED_HUNTER_DEER,MODELED_PREFERENCE,TARGET,True,Modeled by engine.utah_draw_predictive.dedicated_hunter.
hybrid_ml_v2.1.0,utah_preference_dedicated_hunter_deer_v1.0.0,2026,2026,DB1778,La Sal Mtns,Deer,Buck,General Season,Dedicated Hunter,Resident,1,dedicated_hunter,94,54,,,,,1,1,0,3,3,1.000000,,,1.000000,,,100.000,,0,0,ABOVE CUTOFF,YELLOW,GREEN LIGHT,"2021,2022,2023,2024,2025",5,2025,2021,predictive,preference_dedicated_hunter_deer,TRUE,Forecasted from 2025 dedicated hunter ladder with residency quota split and preference carry-forward.,Dedicated Hunter,PREFERENCE_DEDICATED_HUNTER_DEER,MODELED_PREFERENCE,TARGET,True,Modeled by engine.utah_draw_predictive.dedicated_hunter.
hybrid_ml_v2.1.0,utah_preference_dedicated_hunter_deer_v1.0.0,2026,2026,DB1778,La Sal Mtns,Deer,Buck,General Season,Dedicated Hunter,Resident,2,dedicated_hunter,94,54,,,,,1,1,0,0,1,1.000000,,,1.000000,,,100.000,,-1,0,ABOVE CUTOFF,YELLOW,GREEN LIGHT,"2021,2022,2023,2024,2025",5,2025,2021,predictive,preference_dedicated_hunter_deer,TRUE,Forecasted from 2025 dedicated hunter ladder with residency quota split and preference carry-forward.,Dedicated Hunter,PREFERENCE_DEDICATED_HUNTER_DEER,MODELED_PREFERENCE,TARGET,True,Modeled by engine.utah_draw_predictive.dedicated_hunter.
hybrid_ml_v2.1.0,utah_preference_dedicated_hunter_deer_v1.0.0,2026,2026,DB1778,La Sal Mtns,Deer,Buck,General Season,Dedicated Hunter,Resident,3,dedicated_hunter,94,54,,,,,1,1,0,0,1,1.000000,,,1.000000,,,100.000,,-2,0,ABOVE CUTOFF,YELLOW,GREEN LIGHT,"2021,2022,2023,2024,2025",5,2025,2021,predictive,preference_dedicated_hunter_deer,TRUE,Forecasted from 2025 dedicated hunter ladder with residency quota split and preference carry-forward.,Dedicated Hunter,PREFERENCE_DEDICATED_HUNTER_DEER,MODELED_PREFERENCE,TARGET,True,Modeled by engine.utah_draw_predictive.dedicated_hunter.
hybrid_ml_v2.1.0,utah_preference_dedicated_hunter_deer_v1.0.0,2026,2026,DB1778,La Sal Mtns,Deer,Buck,General Season,Dedicated Hunter,Resident,4,dedicated_hunter,94,54,,,,,1,1,0,0,1,1.000000,,,1.000000,,,100.000,,-3,0,ABOVE CUTOFF,YELLOW,GREEN LIGHT,"2021,2022,2023,2024,2025",5,2025,2021,predictive,preference_dedicated_hunter_deer,TRUE,Forecasted from 2025 dedicated hunter ladder with residency quota split and preference carry-forward.,Dedicated Hunter,PREFERENCE_DEDICATED_HUNTER_DEER,MODELED_PREFERENCE,TARGET,True,Modeled by engine.utah_draw_predictive.dedicated_hunter.
hybrid_ml_v2.1.0,utah_preference_dedicated_hunter_deer_v1.0.0,2026,2026,DB1778,La Sal Mtns,Deer,Buck,General Season,Dedicated Hunter,Resident,5,dedicated_hunter,94,54,,,,,1,1,0,0,1,1.000000,,,1.000000,,,100.000,,-4,0,ABOVE CUTOFF,YELLOW,GREEN LIGHT,"2021,2022,2023,2024,2025",5,2025,2021,predictive,preference_dedicated_hunter_deer,TRUE,Forecasted from 2025 dedicated hunter ladder with residency quota split and preference carry-forward.,Dedicated Hunter,PREFERENCE_DEDICATED_HUNTER_DEER,MODELED_PREFERENCE,TARGET,True,Modeled by engine.utah_draw_predictive.dedicated_hunter.
hybrid_ml_v2.1.0,utah_preference_dedicated_hunter_deer_v1.0.0,2026,2026,DB1778,La Sal Mtns,Deer,Buck,General Season,Dedicated Hunter,Resident,6,dedicated_hunter,94,54,,,,,1,1,0,0,1,1.000000,,,1.000000,,,100.000,,-5,0,ABOVE CUTOFF,YELLOW,GREEN LIGHT,"2021,2022,2023,2024,2025",5,2025,2021,predictive,preference_dedicated_hunter_deer,TRUE,Forecasted from 2025 dedicated hunter ladder with residency quota split and preference carry-forward.,Dedicated Hunter,PREFERENCE_DEDICATED_HUNTER_DEER,MODELED_PREFERENCE,TARGET,True,Modeled by engine.utah_draw_predictive.dedicated_hunter.
hybrid_ml_v2.1.0,utah_preference_dedicated_hunter_deer_v1.0.0,2026,2026,DB1778,La Sal Mtns,Deer,Buck,General Season,Dedicated Hunter,Resident,7,dedicated_hunter,94,54,,,,,1,1,0,0,1,1.000000,,,1.000000,,,100.000,,-6,0,ABOVE CUTOFF,YELLOW,GREEN LIGHT,"2021,2022,2023,2024,2025",5,2025,2021,predictive,preference_dedicated_hunter_deer,TRUE,Forecasted from 2025 dedicated hunter ladder with residency quota split and preference carry-forward.,Dedicated Hunter,PREFERENCE_DEDICATED_HUNTER_DEER,MODELED_PREFERENCE,TARGET,True,Modeled by engine.utah_draw_predictive.dedicated_hunter.
hybrid_ml_v2.1.0,utah_preference_dedicated_hunter_deer_v1.0.0,2026,2026,DB1778,La Sal Mtns,Deer,Buck,General Season,Dedicated Hunter,Resident,8,dedicated_hunter,94,54,,,,,1,1,0,0,1,1.000000,,,1.000000,,,100.000,,-7,0,ABOVE CUTOFF,YELLOW,GREEN LIGHT,"2021,2022,2023,2024,2025",5,2025,2021,predictive,preference_dedicated_hunter_deer,TRUE,Forecasted from 2025 dedicated hunter ladder with residency quota split and preference carry-forward.,Dedicated Hunter,PREFERENCE_DEDICATED_HUNTER_DEER,MODELED_PREFERENCE,TARGET,True,Modeled by engine.utah_draw_predictive.dedicated_hunter.
hybrid_ml_v2.1.0,utah_preference_dedicated_hunter_deer_v1.0.0,2026,2026,DB1778,La Sal Mtns,Deer,Buck,General Season,Dedicated Hunter,Resident,9,dedicated_hunter,94,54,,,,,1,1,0,0,1,1.000000,,,1.000000,,,100.000,,-8,0,ABOVE CUTOFF,YELLOW,GREEN LIGHT,"2021,2022,2023,2024,2025",5,2025,2021,predictive,preference_dedicated_hunter_deer,TRUE,Forecasted from 2025 dedicated hunter ladder with residency quota split and preference carry-forward.,Dedicated Hunter,PREFERENCE_DEDICATED_HUNTER_DEER,MODELED_PREFERENCE,TARGET,True,Modeled by engine.utah_draw_predictive.dedicated_hunter.
hybrid_ml_v2.1.0,utah_preference_dedicated_hunter_deer_v1.0.0,2026,2026,DB1778,La Sal Mtns,Deer,Buck,General Season,Dedicated Hunter,Resident,10,dedicated_hunter,94,54,,,,,1,1,0,0,1,1.000000,,,1.000000,,,100.000,,-9,0,ABOVE CUTOFF,YELLOW,GREEN LIGHT,"2021,2022,2023,2024,2025",5,2025,2021,predictive,preference_dedicated_hunter_deer,TRUE,Forecasted from 2025 dedicated hunter ladder with residency quota split and preference carry-forward.,Dedicated Hunter,PREFERENCE_DEDICATED_HUNTER_DEER,MODELED_PREFERENCE,TARGET,True,Modeled by engine.utah_draw_predictive.dedicated_hunter.
hybrid_ml_v2.1.0,utah_preference_dedicated_hunter_deer_v1.0.0,2026,2026,DB1778,La Sal Mtns,Deer,Buck,General Season,Dedicated Hunter,Resident,11,dedicated_hunter,94,54,,,,,1,1,0,0,1,1.000000,,,1.000000,,,100.000,,-10,0,ABOVE CUTOFF,YELLOW,GREEN LIGHT,"2021,2022,2023,2024,2025",5,2025,2021,predictive,preference_dedicated_hunter_deer,TRUE,Forecasted from 2025 dedicated hunter ladder with residency quota split and preference carry-forward.,Dedicated Hunter,PREFERENCE_DEDICATED_HUNTER_DEER,MODELED_PREFERENCE,TARGET,True,Modeled by engine.utah_draw_predictive.dedicated_hunter.
hybrid_ml_v2.1.0,utah_preference_dedicated_hunter_deer_v1.0.0,2026,2026,DB1778,La Sal Mtns,Deer,Buck,General Season,Dedicated Hunter,Resident,12,dedicated_hunter,94,54,,,,,1,1,0,0,1,1.000000,,,1.000000,,,100.000,,-11,0,ABOVE CUTOFF,YELLOW,GREEN LIGHT,"2021,2022,2023,2024,2025",5,2025,2021,predictive,preference_dedicated_hunter_deer,TRUE,Forecasted from 2025 dedicated hunter ladder with residency quota split and preference carry-forward.,Dedicated Hunter,PREFERENCE_DEDICATED_HUNTER_DEER,MODELED_PREFERENCE,TARGET,True,Modeled by engine.utah_draw_predictive.dedicated_hunter.
hybrid_ml_v2.1.0,utah_preference_dedicated_hunter_deer_v1.0.0,2026,2026,DB1778,La Sal Mtns,Deer,Buck,General Season,Dedicated Hunter,Resident,13,dedicated_hunter,94,54,,,,,1,1,0,0,1,1.000000,,,1.000000,,,100.000,,-12,0,ABOVE CUTOFF,YELLOW,GREEN LIGHT,"2021,2022,2023,2024,2025",5,2025,2021,predictive,preference_dedicated_hunter_deer,TRUE,Forecasted from 2025 dedicated hunter ladder with residency quota split and preference carry-forward.,Dedicated Hunter,PREFERENCE_DEDICATED_HUNTER_DEER,MODELED_PREFERENCE,TARGET,True,Modeled by engine.utah_draw_predictive.dedicated_hunter.
hybrid_ml_v2.1.0,utah_preference_dedicated_hunter_deer_v1.0.0,2026,2026,DB1778,La Sal Mtns,Deer,Buck,General Season,Dedicated Hunter,Resident,14,dedicated_hunter,94,54,,,,,1,1,0,0,1,1.000000,,,1.000000,,,100.000,,-13,0,ABOVE CUTOFF,YELLOW,GREEN LIGHT,"2021,2022,2023,2024,2025",5,2025,2021,predictive,preference_dedicated_hunter_deer,TRUE,Forecasted from 2025 dedicated hunter ladder with residency quota split and preference carry-forward.,Dedicated Hunter,PREFERENCE_DEDICATED_HUNTER_DEER,MODELED_PREFERENCE,TARGET,True,Modeled by engine.utah_draw_predictive.dedicated_hunter.
hybrid_ml_v2.1.0,utah_preference_dedicated_hunter_deer_v1.0.0,2026,2026,DB1778,La Sal Mtns,Deer,Buck,General Season,Dedicated Hunter,Resident,15,dedicated_hunter,94,54,,,,,1,1,0,0,1,1.000000,,,1.000000,,,100.000,,-14,0,ABOVE CUTOFF,YELLOW,GREEN LIGHT,"2021,2022,2023,2024,2025",5,2025,2021,predictive,preference_dedicated_hunter_deer,TRUE,Forecasted from 2025 dedicated hunter ladder with residency quota split and preference carry-forward.,Dedicated Hunter,PREFERENCE_DEDICATED_HUNTER_DEER,MODELED_PREFERENCE,TARGET,True,Modeled by engine.utah_draw_predictive.dedicated_hunter.
hybrid_ml_v2.1.0,utah_preference_dedicated_hunter_deer_v1.0.0,2026,2026,DB1778,La Sal Mtns,Deer,Buck,General Season,Dedicated Hunter,Resident,16,dedicated_hunter,94,54,,,,,1,1,0,0,1,1.000000,,,1.000000,,,100.000,,-15,0,ABOVE CUTOFF,YELLOW,GREEN LIGHT,"2021,2022,2023,2024,2025",5,2025,2021,predictive,preference_dedicated_hunter_deer,TRUE,Forecasted from 2025 dedicated hunter ladder with residency quota split and preference carry-forward.,Dedicated Hunter,PREFERENCE_DEDICATED_HUNTER_DEER,MODELED_PREFERENCE,TARGET,True,Modeled by engine.utah_draw_predictive.dedicated_hunter.
hybrid_ml_v2.1.0,utah_preference_dedicated_hunter_deer_v1.0.0,2026,2026,DB1778,La Sal Mtns,Deer,Buck,General Season,Dedicated Hunter,Resident,17,dedicated_hunter,94,54,,,,,1,1,0,0,1,1.000000,,,1.000000,,,100.000,,-16,0,ABOVE CUTOFF,YELLOW,GREEN LIGHT,"2021,2022,2023,2024,2025",5,2025,2021,predictive,preference_dedicated_hunter_deer,TRUE,Forecasted from 2025 dedicated hunter ladder with residency quota split and preference carry-forward.,Dedicated Hunter,PREFERENCE_DEDICATED_HUNTER_DEER,MODELED_PREFERENCE,TARGET,True,Modeled by engine.utah_draw_predictive.dedicated_hunter.
hybrid_ml_v2.1.0,utah_preference_dedicated_hunter_deer_v1.0.0,2026,2026,DB1778,La Sal Mtns,Deer,Buck,General Season,Dedicated Hunter,Resident,18,dedicated_hunter,94,54,,,,,1,1,0,0,1,1.000000,,,1.000000,,,100.000,,-17,0,ABOVE CUTOFF,YELLOW,GREEN LIGHT,"2021,2022,2023,2024,2025",5,2025,2021,predictive,preference_dedicated_hunter_deer,TRUE,Forecasted from 2025 dedicated hunter ladder with residency quota split and preference carry-forward.,Dedicated Hunter,PREFERENCE_DEDICATED_HUNTER_DEER,MODELED_PREFERENCE,TARGET,True,Modeled by engine.utah_draw_predictive.dedicated_hunter.
hybrid_ml_v2.1.0,utah_preference_dedicated_hunter_deer_v1.0.0,2026,2026,DB1778,La Sal Mtns,Deer,Buck,General Season,Dedicated Hunter,Resident,19,dedicated_hunter,94,54,,,,,1,1,0,0,1,1.000000,,,1.000000,,,100.000,,-18,0,ABOVE CUTOFF,YELLOW,GREEN LIGHT,"2021,2022,2023,2024,2025",5,2025,2021,predictive,preference_dedicated_hunter_deer,TRUE,Forecasted from 2025 dedicated hunter ladder with residency quota split and preference carry-forward.,Dedicated Hunter,PREFERENCE_DEDICATED_HUNTER_DEER,MODELED_PREFERENCE,TARGET,True,Modeled by engine.utah_draw_predictive.dedicated_hunter.
hybrid_ml_v2.1.0,utah_preference_dedicated_hunter_deer_v1.0.0,2026,2026,DB1778,La Sal Mtns,Deer,Buck,General Season,Dedicated Hunter,Resident,20,dedicated_hunter,94,54,,,,,1,1,0,0,1,1.000000,,,1.000000,,,100.000,,-19,0,ABOVE CUTOFF,YELLOW,GREEN LIGHT,"2021,2022,2023,2024,2025",5,2025,2021,predictive,preference_dedicated_hunter_deer,TRUE,Forecasted from 2025 dedicated hunter ladder with residency quota split and preference carry-forward.,Dedicated Hunter,PREFERENCE_DEDICATED_HUNTER_DEER,MODELED_PREFERENCE,TARGET,True,Modeled by engine.utah_draw_predictive.dedicated_hunter.
hybrid_ml_v2.1.0,utah_preference_dedicated_hunter_deer_v1.0.0,2026,2026,DB1778,La Sal Mtns,Deer,Buck,General Season,Dedicated Hunter,Resident,21,dedicated_hunter,94,54,,,,,1,1,0,0,1,1.000000,,,1.000000,,,100.000,,-20,0,ABOVE CUTOFF,YELLOW,GREEN LIGHT,"2021,2022,2023,2024,2025",5,2025,2021,predictive,preference_dedicated_hunter_deer,TRUE,Forecasted from 2025 dedicated hunter ladder with residency quota split and preference carry-forward.,Dedicated Hunter,PREFERENCE_DEDICATED_HUNTER_DEER,MODELED_PREFERENCE,TARGET,True,Modeled by engine.utah_draw_predictive.dedicated_hunter.
hybrid_ml_v2.1.0,utah_preference_dedicated_hunter_deer_v1.0.0,2026,2026,DB1778,La Sal Mtns,Deer,Buck,General Season,Dedicated Hunter,Resident,22,dedicated_hunter,94,54,,,,,1,1,0,0,1,1.000000,,,1.000000,,,100.000,,-21,0,ABOVE CUTOFF,YELLOW,GREEN LIGHT,"2021,2022,2023,2024,2025",5,2025,2021,predictive,preference_dedicated_hunter_deer,TRUE,Forecasted from 2025 dedicated hunter ladder with residency quota split and preference carry-forward.,Dedicated Hunter,PREFERENCE_DEDICATED_HUNTER_DEER,MODELED_PREFERENCE,TARGET,True,Modeled by engine.utah_draw_predictive.dedicated_hunter.
hybrid_ml_v2.1.0,utah_preference_dedicated_hunter_deer_v1.0.0,2026,2026,DB1778,La Sal Mtns,Deer,Buck,General Season,Dedicated Hunter,Resident,23,dedicated_hunter,94,54,,,,,1,1,0,0,1,1.000000,,,1.000000,,,100.000,,-22,0,ABOVE CUTOFF,YELLOW,GREEN LIGHT,"2021,2022,2023,2024,2025",5,2025,2021,predictive,preference_dedicated_hunter_deer,TRUE,Forecasted from 2025 dedicated hunter ladder with residency quota split and preference carry-forward.,Dedicated Hunter,PREFERENCE_DEDICATED_HUNTER_DEER,MODELED_PREFERENCE,TARGET,True,Modeled by engine.utah_draw_predictive.dedicated_hunter.
hybrid_ml_v2.1.0,utah_preference_dedicated_hunter_deer_v1.0.0,2026,2026,DB1778,La Sal Mtns,Deer,Buck,General Season,Dedicated Hunter,Resident,24,dedicated_hunter,94,54,,,,,1,1,0,0,1,1.000000,,,1.000000,,,100.000,,-23,0,ABOVE CUTOFF,YELLOW,GREEN LIGHT,"2021,2022,2023,2024,2025",5,2025,2021,predictive,preference_dedicated_hunter_deer,TRUE,Forecasted from 2025 dedicated hunter ladder with residency quota split and preference carry-forward.,Dedicated Hunter,PREFERENCE_DEDICATED_HUNTER_DEER,MODELED_PREFERENCE,TARGET,True,Modeled by engine.utah_draw_predictive.dedicated_hunter.
hybrid_ml_v2.1.0,utah_preference_dedicated_hunter_deer_v1.0.0,2026,2026,DB1779,Monroe,Deer,Buck,General Season,Dedicated Hunter,Nonresident,0,dedicated_hunter,2,1,,,,,0,0,0,1,1,1.000000,,,1.000000,,,100.000,,0,0,ABOVE CUTOFF,YELLOW,GREEN LIGHT,"2021,2022,2023,2024,2025",5,2025,2021,predictive,preference_dedicated_hunter_deer,TRUE,Forecasted from 2025 dedicated hunter ladder with residency quota split and preference carry-forward.,Dedicated Hunter,PREFERENCE_DEDICATED_HUNTER_DEER,MODELED_PREFERENCE,TARGET,True,Modeled by engine.utah_draw_predictive.dedicated_hunter.
hybrid_ml_v2.1.0,utah_preference_dedicated_hunter_deer_v1.0.0,2026,2026,DB1779,Monroe,Deer,Buck,General Season,Dedicated Hunter,Nonresident,1,dedicated_hunter,2,1,,,,,0,0,0,0,1,1.000000,,,1.000000,,,100.000,,-1,0,ABOVE CUTOFF,YELLOW,GREEN LIGHT,"2021,2022,2023,2024,2025",5,2025,2021,predictive,preference_dedicated_hunter_deer,TRUE,Forecasted from 2025 dedicated hunter ladder with residency quota split and preference carry-forward.,Dedicated Hunter,PREFERENCE_DEDICATED_HUNTER_DEER,MODELED_PREFERENCE,TARGET,True,Modeled by engine.utah_draw_predictive.dedicated_hunter.
hybrid_ml_v2.1.0,utah_preference_dedicated_hunter_deer_v1.0.0,2026,2026,DB1779,Monroe,Deer,Buck,General Season,Dedicated Hunter,Nonresident,2,dedicated_hunter,2,1,,,,,0,0,0,0,1,1.000000,,,1.000000,,,100.000,,-2,0,ABOVE CUTOFF,YELLOW,GREEN LIGHT,"2021,2022,2023,2024,2025",5,2025,2021,predictive,preference_dedicated_hunter_deer,TRUE,Forecasted from 2025 dedicated hunter ladder with residency quota split and preference carry-forward.,Dedicated Hunter,PREFERENCE_DEDICATED_HUNTER_DEER,MODELED_PREFERENCE,TARGET,True,Modeled by engine.utah_draw_predictive.dedicated_hunter.
hybrid_ml_v2.1.0,utah_preference_dedicated_hunter_deer_v1.0.0,2026,2026,DB1779,Monroe,Deer,Buck,General Season,Dedicated Hunter,Nonresident,3,dedicated_hunter,2,1,,,,,0,0,0,0,1,1.000000,,,1.000000,,,100.000,,-3,0,ABOVE CUTOFF,YELLOW,GREEN LIGHT,"2021,2022,2023,2024,2025",5,2025,2021,predictive,preference_dedicated_hunter_deer,TRUE,Forecasted from 2025 dedicated hunter ladder with residency quota split and preference carry-forward.,Dedicated Hunter,PREFERENCE_DEDICATED_HUNTER_DEER,MODELED_PREFERENCE,TARGET,True,Modeled by engine.utah_draw_predictive.dedicated_hunter.
hybrid_ml_v2.1.0,utah_preference_dedicated_hunter_deer_v1.0.0,2026,2026,DB1779,Monroe,Deer,Buck,General Season,Dedicated Hunter,Nonresident,4,dedicated_hunter,2,1,,,,,0,0,0,0,1,1.000000,,,1.000000,,,100.000,,-4,0,ABOVE CUTOFF,YELLOW,GREEN LIGHT,"2021,2022,2023,2024,2025",5,2025,2021,predictive,preference_dedicated_hunter_deer,TRUE,Forecasted from 2025 dedicated hunter ladder with residency quota split and preference carry-forward.,Dedicated Hunter,PREFERENCE_DEDICATED_HUNTER_DEER,MODELED_PREFERENCE,TARGET,True,Modeled by engine.utah_draw_predictive.dedicated_hunter.
hybrid_ml_v2.1.0,utah_preference_dedicated_hunter_deer_v1.0.0,2026,2026,DB1779,Monroe,Deer,Buck,General Season,Dedicated Hunter,Nonresident,5,dedicated_hunter,2,1,,,,,0,0,0,0,1,1.000000,,,1.000000,,,100.000,,-5,0,ABOVE CUTOFF,YELLOW,GREEN LIGHT,"2021,2022,2023,2024,2025",5,2025,2021,predictive,preference_dedicated_hunter_deer,TRUE,Forecasted from 2025 dedicated hunter ladder with residency quota split and preference carry-forward.,Dedicated Hunter,PREFERENCE_DEDICATED_HUNTER_DEER,MODELED_PREFERENCE,TARGET,True,Modeled by engine.utah_draw_predictive.dedicated_hunter.
hybrid_ml_v2.1.0,utah_preference_dedicated_hunter_deer_v1.0.0,2026,2026,DB1779,Monroe,Deer,Buck,General Season,Dedicated Hunter,Nonresident,6,dedicated_hunter,2,1,,,,,0,0,0,0,1,1.000000,,,1.000000,,,100.000,,-6,0,ABOVE CUTOFF,YELLOW,GREEN LIGHT,"2021,2022,2023,2024,2025",5,2025,2021,predictive,preference_dedicated_hunter_deer,TRUE,Forecasted from 2025 dedicated hunter ladder with residency quota split and preference carry-forward.,Dedicated Hunter,PREFERENCE_DEDICATED_HUNTER_DEER,MODELED_PREFERENCE,TARGET,True,Modeled by engine.utah_draw_predictive.dedicated_hunter.
hybrid_ml_v2.1.0,utah_preference_dedicated_hunter_deer_v1.0.0,2026,2026,DB1779,Monroe,Deer,Buck,General Season,Dedicated Hunter,Nonresident,7,dedicated_hunter,2,1,,,,,0,0,0,0,1,1.000000,,,1.000000,,,100.000,,-7,0,ABOVE CUTOFF,YELLOW,GREEN LIGHT,"2021,2022,2023,2024,2025",5,2025,2021,predictive,preference_dedicated_hunter_deer,TRUE,Forecasted from 2025 dedicated hunter ladder with residency quota split and preference carry-forward.,Dedicated Hunter,PREFERENCE_DEDICATED_HUNTER_DEER,MODELED_PREFERENCE,TARGET,True,Modeled by engine.utah_draw_predictive.dedicated_hunter.
hybrid_ml_v2.1.0,utah_preference_dedicated_hunter_deer_v1.0.0,2026,2026,DB1779,Monroe,Deer,Buck,General Season,Dedicated Hunter,Nonresident,8,dedicated_hunter,2,1,,,,,0,0,0,0,1,1.000000,,,1.000000,,,100.000,,-8,0,ABOVE CUTOFF,YELLOW,GREEN LIGHT,"2021,2022,2023,2024,2025",5,2025,2021,predictive,preference_dedicated_hunter_deer,TRUE,Forecasted from 2025 dedicated hunter ladder with residency quota split and preference carry-forward.,Dedicated Hunter,PREFERENCE_DEDICATED_HUNTER_DEER,MODELED_PREFERENCE,TARGET,True,Modeled by engine.utah_draw_predictive.dedicated_hunter.
hybrid_ml_v2.1.0,utah_preference_dedicated_hunter_deer_v1.0.0,2026,2026,DB1779,Monroe,Deer,Buck,General Season,Dedicated Hunter,Nonresident,9,dedicated_hunter,2,1,,,,,0,0,0,0,1,1.000000,,,1.000000,,,100.000,,-9,0,ABOVE CUTOFF,YELLOW,GREEN LIGHT,"2021,2022,2023,2024,2025",5,2025,2021,predictive,preference_dedicated_hunter_deer,TRUE,Forecasted from 2025 dedicated hunter ladder with residency quota split and preference carry-forward.,Dedicated Hunter,PREFERENCE_DEDICATED_HUNTER_DEER,MODELED_PREFERENCE,TARGET,True,Modeled by engine.utah_draw_predictive.dedicated_hunter.
hybrid_ml_v2.1.0,utah_preference_dedicated_hunter_deer_v1.0.0,2026,2026,DB1779,Monroe,Deer,Buck,General Season,Dedicated Hunter,Nonresident,10,dedicated_hunter,2,1,,,,,0,0,0,0,1,1.000000,,,1.000000,,,100.000,,-10,0,ABOVE CUTOFF,YELLOW,GREEN LIGHT,"2021,2022,2023,2024,2025",5,2025,2021,predictive,preference_dedicated_hunter_deer,TRUE,Forecasted from 2025 dedicated hunter ladder with residency quota split and preference carry-forward.,Dedicated Hunter,PREFERENCE_DEDICATED_HUNTER_DEER,MODELED_PREFERENCE,TARGET,True,Modeled by engine.utah_draw_predictive.dedicated_hunter.
hybrid_ml_v2.1.0,utah_preference_dedicated_hunter_deer_v1.0.0,2026,2026,DB1779,Monroe,Deer,Buck,General Season,Dedicated Hunter,Nonresident,11,dedicated_hunter,2,1,,,,,0,0,0,0,1,1.000000,,,1.000000,,,100.000,,-11,0,ABOVE CUTOFF,YELLOW,GREEN LIGHT,"2021,2022,2023,2024,2025",5,2025,2021,predictive,preference_dedicated_hunter_deer,TRUE,Forecasted from 2025 dedicated hunter ladder with residency quota split and preference carry-forward.,Dedicated Hunter,PREFERENCE_DEDICATED_HUNTER_DEER,MODELED_PREFERENCE,TARGET,True,Modeled by engine.utah_draw_predictive.dedicated_hunter.
hybrid_ml_v2.1.0,utah_preference_dedicated_hunter_deer_v1.0.0,2026,2026,DB1779,Monroe,Deer,Buck,General Season,Dedicated Hunter,Nonresident,12,dedicated_hunter,2,1,,,,,0,0,0,0,1,1.000000,,,1.000000,,,100.000,,-12,0,ABOVE CUTOFF,YELLOW,GREEN LIGHT,"2021,2022,2023,2024,2025",5,2025,2021,predictive,preference_dedicated_hunter_deer,TRUE,Forecasted from 2025 dedicated hunter ladder with residency quota split and preference carry-forward.,Dedicated Hunter,PREFERENCE_DEDICATED_HUNTER_DEER,MODELED_PREFERENCE,TARGET,True,Modeled by engine.utah_draw_predictive.dedicated_hunter.
hybrid_ml_v2.1.0,utah_preference_dedicated_hunter_deer_v1.0.0,2026,2026,DB1779,Monroe,Deer,Buck,General Season,Dedicated Hunter,Nonresident,13,dedicated_hunter,2,1,,,,,0,0,0,0,1,1.000000,,,1.000000,,,100.000,,-13,0,ABOVE CUTOFF,YELLOW,GREEN LIGHT,"2021,2022,2023,2024,2025",5,2025,2021,predictive,preference_dedicated_hunter_deer,TRUE,Forecasted from 2025 dedicated hunter ladder with residency quota split and preference carry-forward.,Dedicated Hunter,PREFERENCE_DEDICATED_HUNTER_DEER,MODELED_PREFERENCE,TARGET,True,Modeled by engine.utah_draw_predictive.dedicated_hunter.
hybrid_ml_v2.1.0,utah_preference_dedicated_hunter_deer_v1.0.0,2026,2026,DB1779,Monroe,Deer,Buck,General Season,Dedicated Hunter,Nonresident,14,dedicated_hunter,2,1,,,,,0,0,0,0,1,1.000000,,,1.000000,,,100.000,,-14,0,ABOVE CUTOFF,YELLOW,GREEN LIGHT,"2021,2022,2023,2024,2025",5,2025,2021,predictive,preference_dedicated_hunter_deer,TRUE,Forecasted from 2025 dedicated hunter ladder with residency quota split and preference carry-forward.,Dedicated Hunter,PREFERENCE_DEDICATED_HUNTER_DEER,MODELED_PREFERENCE,TARGET,True,Modeled by engine.utah_draw_predictive.dedicated_hunter.
hybrid_ml_v2.1.0,utah_preference_dedicated_hunter_deer_v1.0.0,2026,2026,DB1779,Monroe,Deer,Buck,General Season,Dedicated Hunter,Nonresident,15,dedicated_hunter,2,1,,,,,0,0,0,0,1,1.000000,,,1.000000,,,100.000,,-15,0,ABOVE CUTOFF,YELLOW,GREEN LIGHT,"2021,2022,2023,2024,2025",5,2025,2021,predictive,preference_dedicated_hunter_deer,TRUE,Forecasted from 2025 dedicated hunter ladder with residency quota split and preference carry-forward.,Dedicated Hunter,PREFERENCE_DEDICATED_HUNTER_DEER,MODELED_PREFERENCE,TARGET,True,Modeled by engine.utah_draw_predictive.dedicated_hunter.
hybrid_ml_v2.1.0,utah_preference_dedicated_hunter_deer_v1.0.0,2026,2026,DB1779,Monroe,Deer,Buck,General Season,Dedicated Hunter,Nonresident,16,dedicated_hunter,2,1,,,,,0,0,0,0,1,1.000000,,,1.000000,,,100.000,,-16,0,ABOVE CUTOFF,YELLOW,GREEN LIGHT,"2021,2022,2023,2024,2025",5,2025,2021,predictive,preference_dedicated_hunter_deer,TRUE,Forecasted from 2025 dedicated hunter ladder with residency quota split and preference carry-forward.,Dedicated Hunter,PREFERENCE_DEDICATED_HUNTER_DEER,MODELED_PREFERENCE,TARGET,True,Modeled by engine.utah_draw_predictive.dedicated_hunter.
hybrid_ml_v2.1.0,utah_preference_dedicated_hunter_deer_v1.0.0,2026,2026,DB1779,Monroe,Deer,Buck,General Season,Dedicated Hunter,Nonresident,17,dedicated_hunter,2,1,,,,,0,0,0,0,1,1.000000,,,1.000000,,,100.000,,-17,0,ABOVE CUTOFF,YELLOW,GREEN LIGHT,"2021,2022,2023,2024,2025",5,2025,2021,predictive,preference_dedicated_hunter_deer,TRUE,Forecasted from 2025 dedicated hunter ladder with residency quota split and preference carry-forward.,Dedicated Hunter,PREFERENCE_DEDICATED_HUNTER_DEER,MODELED_PREFERENCE,TARGET,True,Modeled by engine.utah_draw_predictive.dedicated_hunter.
hybrid_ml_v2.1.0,utah_preference_dedicated_hunter_deer_v1.0.0,2026,2026,DB1779,Monroe,Deer,Buck,General Season,Dedicated Hunter,Nonresident,18,dedicated_hunter,2,1,,,,,0,0,0,0,1,1.000000,,,1.000000,,,100.000,,-18,0,ABOVE CUTOFF,YELLOW,GREEN LIGHT,"2021,2022,2023,2024,2025",5,2025,2021,predictive,preference_dedicated_hunter_deer,TRUE,Forecasted from 2025 dedicated hunter ladder with residency quota split and preference carry-forward.,Dedicated Hunter,PREFERENCE_DEDICATED_HUNTER_DEER,MODELED_PREFERENCE,TARGET,True,Modeled by engine.utah_draw_predictive.dedicated_hunter.
hybrid_ml_v2.1.0,utah_preference_dedicated_hunter_deer_v1.0.0,2026,2026,DB1779,Monroe,Deer,Buck,General Season,Dedicated Hunter,Nonresident,19,dedicated_hunter,2,1,,,,,0,0,0,0,1,1.000000,,,1.000000,,,100.000,,-19,0,ABOVE CUTOFF,YELLOW,GREEN LIGHT,"2021,2022,2023,2024,2025",5,2025,2021,predictive,preference_dedicated_hunter_deer,TRUE,Forecasted from 2025 dedicated hunter ladder with residency quota split and preference carry-forward.,Dedicated Hunter,PREFERENCE_DEDICATED_HUNTER_DEER,MODELED_PREFERENCE,TARGET,True,Modeled by engine.utah_draw_predictive.dedicated_hunter.
hybrid_ml_v2.1.0,utah_preference_dedicated_hunter_deer_v1.0.0,2026,2026,DB1779,Monroe,Deer,Buck,General Season,Dedicated Hunter,Nonresident,20,dedicated_hunter,2,1,,,,,0,0,0,0,1,1.000000,,,1.000000,,,100.000,,-20,0,ABOVE CUTOFF,YELLOW,GREEN LIGHT,"2021,2022,2023,2024,2025",5,2025,2021,predictive,preference_dedicated_hunter_deer,TRUE,Forecasted from 2025 dedicated hunter ladder with residency quota split and preference carry-forward.,Dedicated Hunter,PREFERENCE_DEDICATED_HUNTER_DEER,MODELED_PREFERENCE,TARGET,True,Modeled by engine.utah_draw_predictive.dedicated_hunter.
hybrid_ml_v2.1.0,utah_preference_dedicated_hunter_deer_v1.0.0,2026,2026,DB1779,Monroe,Deer,Buck,General Season,Dedicated Hunter,Nonresident,21,dedicated_hunter,2,1,,,,,0,0,0,0,1,1.000000,,,1.000000,,,100.000,,-21,0,ABOVE CUTOFF,YELLOW,GREEN LIGHT,"2021,2022,2023,2024,2025",5,2025,2021,predictive,preference_dedicated_hunter_deer,TRUE,Forecasted from 2025 dedicated hunter ladder with residency quota split and preference carry-forward.,Dedicated Hunter,PREFERENCE_DEDICATED_HUNTER_DEER,MODELED_PREFERENCE,TARGET,True,Modeled by engine.utah_draw_predictive.dedicated_hunter.
hybrid_ml_v2.1.0,utah_preference_dedicated_hunter_deer_v1.0.0,2026,2026,DB1779,Monroe,Deer,Buck,General Season,Dedicated Hunter,Nonresident,22,dedicated_hunter,2,1,,,,,0,0,0,0,1,1.000000,,,1.000000,,,100.000,,-22,0,ABOVE CUTOFF,YELLOW,GREEN LIGHT,"2021,2022,2023,2024,2025",5,2025,2021,predictive,preference_dedicated_hunter_deer,TRUE,Forecasted from 2025 dedicated hunter ladder with residency quota split and preference carry-forward.,Dedicated Hunter,PREFERENCE_DEDICATED_HUNTER_DEER,MODELED_PREFERENCE,TARGET,True,Modeled by engine.utah_draw_predictive.dedicated_hunter.
hybrid_ml_v2.1.0,utah_preference_dedicated_hunter_deer_v1.0.0,2026,2026,DB1779,Monroe,Deer,Buck,General Season,Dedicated Hunter,Nonresident,23,dedicated_hunter,2,1,,,,,0,0,0,0,1,1.000000,,,1.000000,,,100.000,,-23,0,ABOVE CUTOFF,YELLOW,GREEN LIGHT,"2021,2022,2023,2024,2025",5,2025,2021,predictive,preference_dedicated_hunter_deer,TRUE,Forecasted from 2025 dedicated hunter ladder with residency quota split and preference carry-forward.,Dedicated Hunter,PREFERENCE_DEDICATED_HUNTER_DEER,MODELED_PREFERENCE,TARGET,True,Modeled by engine.utah_draw_predictive.dedicated_hunter.
hybrid_ml_v2.1.0,utah_preference_dedicated_hunter_deer_v1.0.0,2026,2026,DB1779,Monroe,Deer,Buck,General Season,Dedicated Hunter,Nonresident,24,dedicated_hunter,2,1,,,,,0,0,0,0,1,1.000000,,,1.000000,,,100.000,,-24,0,ABOVE CUTOFF,YELLOW,GREEN LIGHT,"2021,2022,2023,2024,2025",5,2025,2021,predictive,preference_dedicated_hunter_deer,TRUE,Forecasted from 2025 dedicated hunter ladder with residency quota split and preference carry-forward.,Dedicated Hunter,PREFERENCE_DEDICATED_HUNTER_DEER,MODELED_PREFERENCE,TARGET,True,Modeled by engine.utah_draw_predictive.dedicated_hunter.
hybrid_ml_v2.1.0,utah_preference_dedicated_hunter_deer_v1.0.0,2026,2026,DB1779,Monroe,Deer,Buck,General Season,Dedicated Hunter,Resident,0,dedicated_hunter,49,32,,,,,3,4,79,35,35,0.000000,,,0.000000,,,0.000,,4,1,BEHIND,GREEN,POINT CREEP DEFEAT,"2021,2022,2023,2024,2025",5,2025,2021,predictive,preference_dedicated_hunter_deer,TRUE,Forecasted from 2025 dedicated hunter ladder with residency quota split and preference carry-forward.,Dedicated Hunter,PREFERENCE_DEDICATED_HUNTER_DEER,MODELED_PREFERENCE,TARGET,True,Modeled by engine.utah_draw_predictive.dedicated_hunter.
hybrid_ml_v2.1.0,utah_preference_dedicated_hunter_deer_v1.0.0,2026,2026,DB1779,Monroe,Deer,Buck,General Season,Dedicated Hunter,Resident,1,dedicated_hunter,49,32,,,,,3,4,56,23,23,0.000000,,,0.000000,,,0.000,,3,1,BEHIND,GREEN,POINT CREEP DEFEAT,"2021,2022,2023,2024,2025",5,2025,2021,predictive,preference_dedicated_hunter_deer,TRUE,Forecasted from 2025 dedicated hunter ladder with residency quota split and preference carry-forward.,Dedicated Hunter,PREFERENCE_DEDICATED_HUNTER_DEER,MODELED_PREFERENCE,TARGET,True,Modeled by engine.utah_draw_predictive.dedicated_hunter.
hybrid_ml_v2.1.0,utah_preference_dedicated_hunter_deer_v1.0.0,2026,2026,DB1779,Monroe,Deer,Buck,General Season,Dedicated Hunter,Resident,2,dedicated_hunter,49,32,,,,,3,4,35,21,21,0.000000,,,0.000000,,,0.000,,2,1,BEHIND,GREEN,POINT CREEP DEFEAT,"2021,2022,2023,2024,2025",5,2025,2021,predictive,preference_dedicated_hunter_deer,TRUE,Forecasted from 2025 dedicated hunter ladder with residency quota split and preference carry-forward.,Dedicated Hunter,PREFERENCE_DEDICATED_HUNTER_DEER,MODELED_PREFERENCE,TARGET,True,Modeled by engine.utah_draw_predictive.dedicated_hunter.
hybrid_ml_v2.1.0,utah_preference_dedicated_hunter_deer_v1.0.0,2026,2026,DB1779,Monroe,Deer,Buck,General Season,Dedicated Hunter,Resident,3,dedicated_hunter,49,32,,,,,3,4,4,31,31,0.903226,,,0.903226,,,90.323,,1,1,ON EDGE,GREEN,GREEN LIGHT,"2021,2022,2023,2024,2025",5,2025,2021,predictive,preference_dedicated_hunter_deer,TRUE,Forecasted from 2025 dedicated hunter ladder with residency quota split and preference carry-forward.,Dedicated Hunter,PREFERENCE_DEDICATED_HUNTER_DEER,MODELED_PREFERENCE,TARGET,True,Modeled by engine.utah_draw_predictive.dedicated_hunter.
hybrid_ml_v2.1.0,utah_preference_dedicated_hunter_deer_v1.0.0,2026,2026,DB1779,Monroe,Deer,Buck,General Season,Dedicated Hunter,Resident,4,dedicated_hunter,49,32,,,,,3,4,2,2,2,1.000000,,,1.000000,,,100.000,,0,1,ABOVE CUTOFF,GREEN,GREEN LIGHT,"2021,2022,2023,2024,2025",5,2025,2021,predictive,preference_dedicated_hunter_deer,TRUE,Forecasted from 2025 dedicated hunter ladder with residency quota split and preference carry-forward.,Dedicated Hunter,PREFERENCE_DEDICATED_HUNTER_DEER,MODELED_PREFERENCE,TARGET,True,Modeled by engine.utah_draw_predictive.dedicated_hunter.
hybrid_ml_v2.1.0,utah_preference_dedicated_hunter_deer_v1.0.0,2026,2026,DB1779,Monroe,Deer,Buck,General Season,Dedicated Hunter,Resident,5,dedicated_hunter,49,32,,,,,3,4,0,2,2,1.000000,,,1.000000,,,100.000,,-1,1,ABOVE CUTOFF,GREEN,GREEN LIGHT,"2021,2022,2023,2024,2025",5,2025,2021,predictive,preference_dedicated_hunter_deer,TRUE,Forecasted from 2025 dedicated hunter ladder with residency quota split and preference carry-forward.,Dedicated Hunter,PREFERENCE_DEDICATED_HUNTER_DEER,MODELED_PREFERENCE,TARGET,True,Modeled by engine.utah_draw_predictive.dedicated_hunter.
hybrid_ml_v2.1.0,utah_preference_dedicated_hunter_deer_v1.0.0,2026,2026,DB1779,Monroe,Deer,Buck,General Season,Dedicated Hunter,Resident,6,dedicated_hunter,49,32,,,,,3,4,0,0,1,1.000000,,,1.000000,,,100.000,,-2,1,ABOVE CUTOFF,GREEN,GREEN LIGHT,"2021,2022,2023,2024,2025",5,2025,2021,predictive,preference_dedicated_hunter_deer,TRUE,Forecasted from 2025 dedicated hunter ladder with residency quota split and preference carry-forward.,Dedicated Hunter,PREFERENCE_DEDICATED_HUNTER_DEER,MODELED_PREFERENCE,TARGET,True,Modeled by engine.utah_draw_predictive.dedicated_hunter.
hybrid_ml_v2.1.0,utah_preference_dedicated_hunter_deer_v1.0.0,2026,2026,DB1779,Monroe,Deer,Buck,General Season,Dedicated Hunter,Resident,7,dedicated_hunter,49,32,,,,,3,4,0,0,1,1.000000,,,1.000000,,,100.000,,-3,1,ABOVE CUTOFF,GREEN,GREEN LIGHT,"2021,2022,2023,2024,2025",5,2025,2021,predictive,preference_dedicated_hunter_deer,TRUE,Forecasted from 2025 dedicated hunter ladder with residency quota split and preference carry-forward.,Dedicated Hunter,PREFERENCE_DEDICATED_HUNTER_DEER,MODELED_PREFERENCE,TARGET,True,Modeled by engine.utah_draw_predictive.dedicated_hunter.
hybrid_ml_v2.1.0,utah_preference_dedicated_hunter_deer_v1.0.0,2026,2026,DB1779,Monroe,Deer,Buck,General Season,Dedicated Hunter,Resident,8,dedicated_hunter,49,32,,,,,3,4,0,0,1,1.000000,,,1.000000,,,100.000,,-4,1,ABOVE CUTOFF,GREEN,GREEN LIGHT,"2021,2022,2023,2024,2025",5,2025,2021,predictive,preference_dedicated_hunter_deer,TRUE,Forecasted from 2025 dedicated hunter ladder with residency quota split and preference carry-forward.,Dedicated Hunter,PREFERENCE_DEDICATED_HUNTER_DEER,MODELED_PREFERENCE,TARGET,True,Modeled by engine.utah_draw_predictive.dedicated_hunter.
hybrid_ml_v2.1.0,utah_preference_dedicated_hunter_deer_v1.0.0,2026,2026,DB1779,Monroe,Deer,Buck,General Season,Dedicated Hunter,Resident,9,dedicated_hunter,49,32,,,,,3,4,0,0,1,1.000000,,,1.000000,,,100.000,,-5,1,ABOVE CUTOFF,GREEN,GREEN LIGHT,"2021,2022,2023,2024,2025",5,2025,2021,predictive,preference_dedicated_hunter_deer,TRUE,Forecasted from 2025 dedicated hunter ladder with residency quota split and preference carry-forward.,Dedicated Hunter,PREFERENCE_DEDICATED_HUNTER_DEER,MODELED_PREFERENCE,TARGET,True,Modeled by engine.utah_draw_predictive.dedicated_hunter.
hybrid_ml_v2.1.0,utah_preference_dedicated_hunter_deer_v1.0.0,2026,2026,DB1779,Monroe,Deer,Buck,General Season,Dedicated Hunter,Resident,10,dedicated_hunter,49,32,,,,,3,4,0,0,1,1.000000,,,1.000000,,,100.000,,-6,1,ABOVE CUTOFF,GREEN,GREEN LIGHT,"2021,2022,2023,2024,2025",5,2025,2021,predictive,preference_dedicated_hunter_deer,TRUE,Forecasted from 2025 dedicated hunter ladder with residency quota split and preference carry-forward.,Dedicated Hunter,PREFERENCE_DEDICATED_HUNTER_DEER,MODELED_PREFERENCE,TARGET,True,Modeled by engine.utah_draw_predictive.dedicated_hunter.
hybrid_ml_v2.1.0,utah_preference_dedicated_hunter_deer_v1.0.0,2026,2026,DB1779,Monroe,Deer,Buck,General Season,Dedicated Hunter,Resident,11,dedicated_hunter,49,32,,,,,3,4,0,0,1,1.000000,,,1.000000,,,100.000,,-7,1,ABOVE CUTOFF,GREEN,GREEN LIGHT,"2021,2022,2023,2024,2025",5,2025,2021,predictive,preference_dedicated_hunter_deer,TRUE,Forecasted from 2025 dedicated hunter ladder with residency quota split and preference carry-forward.,Dedicated Hunter,PREFERENCE_DEDICATED_HUNTER_DEER,MODELED_PREFERENCE,TARGET,True,Modeled by engine.utah_draw_predictive.dedicated_hunter.
hybrid_ml_v2.1.0,utah_preference_dedicated_hunter_deer_v1.0.0,2026,2026,DB1779,Monroe,Deer,Buck,General Season,Dedicated Hunter,Resident,12,dedicated_hunter,49,32,,,,,3,4,0,0,1,1.000000,,,1.000000,,,100.000,,-8,1,ABOVE CUTOFF,GREEN,GREEN LIGHT,"2021,2022,2023,2024,2025",5,2025,2021,predictive,preference_dedicated_hunter_deer,TRUE,Forecasted from 2025 dedicated hunter ladder with residency quota split and preference carry-forward.,Dedicated Hunter,PREFERENCE_DEDICATED_HUNTER_DEER,MODELED_PREFERENCE,TARGET,True,Modeled by engine.utah_draw_predictive.dedicated_hunter.
hybrid_ml_v2.1.0,utah_preference_dedicated_hunter_deer_v1.0.0,2026,2026,DB1779,Monroe,Deer,Buck,General Season,Dedicated Hunter,Resident,13,dedicated_hunter,49,32,,,,,3,4,0,0,1,1.000000,,,1.000000,,,100.000,,-9,1,ABOVE CUTOFF,GREEN,GREEN LIGHT,"2021,2022,2023,2024,2025",5,2025,2021,predictive,preference_dedicated_hunter_deer,TRUE,Forecasted from 2025 dedicated hunter ladder with residency quota split and preference carry-forward.,Dedicated Hunter,PREFERENCE_DEDICATED_HUNTER_DEER,MODELED_PREFERENCE,TARGET,True,Modeled by engine.utah_draw_predictive.dedicated_hunter.
hybrid_ml_v2.1.0,utah_preference_dedicated_hunter_deer_v1.0.0,2026,2026,DB1779,Monroe,Deer,Buck,General Season,Dedicated Hunter,Resident,14,dedicated_hunter,49,32,,,,,3,4,0,0,1,1.000000,,,1.000000,,,100.000,,-10,1,ABOVE CUTOFF,GREEN,GREEN LIGHT,"2021,2022,2023,2024,2025",5,2025,2021,predictive,preference_dedicated_hunter_deer,TRUE,Forecasted from 2025 dedicated hunter ladder with residency quota split and preference carry-forward.,Dedicated Hunter,PREFERENCE_DEDICATED_HUNTER_DEER,MODELED_PREFERENCE,TARGET,True,Modeled by engine.utah_draw_predictive.dedicated_hunter.
hybrid_ml_v2.1.0,utah_preference_dedicated_hunter_deer_v1.0.0,2026,2026,DB1779,Monroe,Deer,Buck,General Season,Dedicated Hunter,Resident,15,dedicated_hunter,49,32,,,,,3,4,0,0,1,1.000000,,,1.000000,,,100.000,,-11,1,ABOVE CUTOFF,GREEN,GREEN LIGHT,"2021,2022,2023,2024,2025",5,2025,2021,predictive,preference_dedicated_hunter_deer,TRUE,Forecasted from 2025 dedicated hunter ladder with residency quota split and preference carry-forward.,Dedicated Hunter,PREFERENCE_DEDICATED_HUNTER_DEER,MODELED_PREFERENCE,TARGET,True,Modeled by engine.utah_draw_predictive.dedicated_hunter.
hybrid_ml_v2.1.0,utah_preference_dedicated_hunter_deer_v1.0.0,2026,2026,DB1779,Monroe,Deer,Buck,General Season,Dedicated Hunter,Resident,16,dedicated_hunter,49,32,,,,,3,4,0,0,1,1.000000,,,1.000000,,,100.000,,-12,1,ABOVE CUTOFF,GREEN,GREEN LIGHT,"2021,2022,2023,2024,2025",5,2025,2021,predictive,preference_dedicated_hunter_deer,TRUE,Forecasted from 2025 dedicated hunter ladder with residency quota split and preference carry-forward.,Dedicated Hunter,PREFERENCE_DEDICATED_HUNTER_DEER,MODELED_PREFERENCE,TARGET,True,Modeled by engine.utah_draw_predictive.dedicated_hunter.
hybrid_ml_v2.1.0,utah_preference_dedicated_hunter_deer_v1.0.0,2026,2026,DB1779,Monroe,Deer,Buck,General Season,Dedicated Hunter,Resident,17,dedicated_hunter,49,32,,,,,3,4,0,0,1,1.000000,,,1.000000,,,100.000,,-13,1,ABOVE CUTOFF,GREEN,GREEN LIGHT,"2021,2022,2023,2024,2025",5,2025,2021,predictive,preference_dedicated_hunter_deer,TRUE,Forecasted from 2025 dedicated hunter ladder with residency quota split and preference carry-forward.,Dedicated Hunter,PREFERENCE_DEDICATED_HUNTER_DEER,MODELED_PREFERENCE,TARGET,True,Modeled by engine.utah_draw_predictive.dedicated_hunter.
hybrid_ml_v2.1.0,utah_preference_dedicated_hunter_deer_v1.0.0,2026,2026,DB1779,Monroe,Deer,Buck,General Season,Dedicated Hunter,Resident,18,dedicated_hunter,49,32,,,,,3,4,0,0,1,1.000000,,,1.000000,,,100.000,,-14,1,ABOVE CUTOFF,GREEN,GREEN LIGHT,"2021,2022,2023,2024,2025",5,2025,2021,predictive,preference_dedicated_hunter_deer,TRUE,Forecasted from 2025 dedicated hunter ladder with residency quota split and preference carry-forward.,Dedicated Hunter,PREFERENCE_DEDICATED_HUNTER_DEER,MODELED_PREFERENCE,TARGET,True,Modeled by engine.utah_draw_predictive.dedicated_hunter.
hybrid_ml_v2.1.0,utah_preference_dedicated_hunter_deer_v1.0.0,2026,2026,DB1779,Monroe,Deer,Buck,General Season,Dedicated Hunter,Resident,19,dedicated_hunter,49,32,,,,,3,4,0,0,1,1.000000,,,1.000000,,,100.000,,-15,1,ABOVE CUTOFF,GREEN,GREEN LIGHT,"2021,2022,2023,2024,2025",5,2025,2021,predictive,preference_dedicated_hunter_deer,TRUE,Forecasted from 2025 dedicated hunter ladder with residency quota split and preference carry-forward.,Dedicated Hunter,PREFERENCE_DEDICATED_HUNTER_DEER,MODELED_PREFERENCE,TARGET,True,Modeled by engine.utah_draw_predictive.dedicated_hunter.
hybrid_ml_v2.1.0,utah_preference_dedicated_hunter_deer_v1.0.0,2026,2026,DB1779,Monroe,Deer,Buck,General Season,Dedicated Hunter,Resident,20,dedicated_hunter,49,32,,,,,3,4,0,0,1,1.000000,,,1.000000,,,100.000,,-16,1,ABOVE CUTOFF,GREEN,GREEN LIGHT,"2021,2022,2023,2024,2025",5,2025,2021,predictive,preference_dedicated_hunter_deer,TRUE,Forecasted from 2025 dedicated hunter ladder with residency quota split and preference carry-forward.,Dedicated Hunter,PREFERENCE_DEDICATED_HUNTER_DEER,MODELED_PREFERENCE,TARGET,True,Modeled by engine.utah_draw_predictive.dedicated_hunter.
hybrid_ml_v2.1.0,utah_preference_dedicated_hunter_deer_v1.0.0,2026,2026,DB1779,Monroe,Deer,Buck,General Season,Dedicated Hunter,Resident,21,dedicated_hunter,49,32,,,,,3,4,0,0,1,1.000000,,,1.000000,,,100.000,,-17,1,ABOVE CUTOFF,GREEN,GREEN LIGHT,"2021,2022,2023,2024,2025",5,2025,2021,predictive,preference_dedicated_hunter_deer,TRUE,Forecasted from 2025 dedicated hunter ladder with residency quota split and preference carry-forward.,Dedicated Hunter,PREFERENCE_DEDICATED_HUNTER_DEER,MODELED_PREFERENCE,TARGET,True,Modeled by engine.utah_draw_predictive.dedicated_hunter.
hybrid_ml_v2.1.0,utah_preference_dedicated_hunter_deer_v1.0.0,2026,2026,DB1779,Monroe,Deer,Buck,General Season,Dedicated Hunter,Resident,22,dedicated_hunter,49,32,,,,,3,4,0,0,1,1.000000,,,1.000000,,,100.000,,-18,1,ABOVE CUTOFF,GREEN,GREEN LIGHT,"2021,2022,2023,2024,2025",5,2025,2021,predictive,preference_dedicated_hunter_deer,TRUE,Forecasted from 2025 dedicated hunter ladder with residency quota split and preference carry-forward.,Dedicated Hunter,PREFERENCE_DEDICATED_HUNTER_DEER,MODELED_PREFERENCE,TARGET,True,Modeled by engine.utah_draw_predictive.dedicated_hunter.
hybrid_ml_v2.1.0,utah_preference_dedicated_hunter_deer_v1.0.0,2026,2026,DB1779,Monroe,Deer,Buck,General Season,Dedicated Hunter,Resident,23,dedicated_hunter,49,32,,,,,3,4,0,0,1,1.000000,,,1.000000,,,100.000,,-19,1,ABOVE CUTOFF,GREEN,GREEN LIGHT,"2021,2022,2023,2024,2025",5,2025,2021,predictive,preference_dedicated_hunter_deer,TRUE,Forecasted from 2025 dedicated hunter ladder with residency quota split and preference carry-forward.,Dedicated Hunter,PREFERENCE_DEDICATED_HUNTER_DEER,MODELED_PREFERENCE,TARGET,True,Modeled by engine.utah_draw_predictive.dedicated_hunter.
hybrid_ml_v2.1.0,utah_preference_dedicated_hunter_deer_v1.0.0,2026,2026,DB1779,Monroe,Deer,Buck,General Season,Dedicated Hunter,Resident,24,dedicated_hunter,49,32,,,,,3,4,0,0,1,1.000000,,,1.000000,,,100.000,,-20,1,ABOVE CUTOFF,GREEN,GREEN LIGHT,"2021,2022,2023,2024,2025",5,2025,2021,predictive,preference_dedicated_hunter_deer,TRUE,Forecasted from 2025 dedicated hunter ladder with residency quota split and preference carry-forward.,Dedicated Hunter,PREFERENCE_DEDICATED_HUNTER_DEER,MODELED_PREFERENCE,TARGET,True,Modeled by engine.utah_draw_predictive.dedicated_hunter.
hybrid_ml_v2.1.0,utah_preference_dedicated_hunter_deer_v1.0.0,2026,2026,DB1780,Mt Dutton,Deer,Buck,General Season,Dedicated Hunter,Nonresident,0,dedicated_hunter,1,1,,,,,,3,8,6,6,0.000000,,,0.000000,,,0.000,,3,,BEHIND,GREEN,POINT CREEP DEFEAT,"2021,2022,2023,2024,2025",5,2025,2021,predictive,preference_dedicated_hunter_deer,TRUE,Forecasted from 2025 dedicated hunter ladder with residency quota split and preference carry-forward.,Dedicated Hunter,PREFERENCE_DEDICATED_HUNTER_DEER,MODELED_PREFERENCE,TARGET,True,Modeled by engine.utah_draw_predictive.dedicated_hunter.
hybrid_ml_v2.1.0,utah_preference_dedicated_hunter_deer_v1.0.0,2026,2026,DB1780,Mt Dutton,Deer,Buck,General Season,Dedicated Hunter,Nonresident,1,dedicated_hunter,1,1,,,,,,3,4,4,4,0.000000,,,0.000000,,,0.000,,2,,BEHIND,GREEN,POINT CREEP DEFEAT,"2021,2022,2023,2024,2025",5,2025,2021,predictive,preference_dedicated_hunter_deer,TRUE,Forecasted from 2025 dedicated hunter ladder with residency quota split and preference carry-forward.,Dedicated Hunter,PREFERENCE_DEDICATED_HUNTER_DEER,MODELED_PREFERENCE,TARGET,True,Modeled by engine.utah_draw_predictive.dedicated_hunter.
hybrid_ml_v2.1.0,utah_preference_dedicated_hunter_deer_v1.0.0,2026,2026,DB1780,Mt Dutton,Deer,Buck,General Season,Dedicated Hunter,Nonresident,2,dedicated_hunter,1,1,,,,,,3,1,3,3,0.000000,,,0.000000,,,0.000,,1,,BEHIND,GREEN,MAY DRAW IN 5-10 YEARS,"2021,2022,2023,2024,2025",5,2025,2021,predictive,preference_dedicated_hunter_deer,TRUE,Forecasted from 2025 dedicated hunter ladder with residency quota split and preference carry-forward.,Dedicated Hunter,PREFERENCE_DEDICATED_HUNTER_DEER,MODELED_PREFERENCE,TARGET,True,Modeled by engine.utah_draw_predictive.dedicated_hunter.
hybrid_ml_v2.1.0,utah_preference_dedicated_hunter_deer_v1.0.0,2026,2026,DB1780,Mt Dutton,Deer,Buck,General Season,Dedicated Hunter,Nonresident,3,dedicated_hunter,1,1,,,,,,3,0,1,1,1.000000,,,1.000000,,,100.000,,0,,ABOVE CUTOFF,GREEN,GREEN LIGHT,"2021,2022,2023,2024,2025",5,2025,2021,predictive,preference_dedicated_hunter_deer,TRUE,Forecasted from 2025 dedicated hunter ladder with residency quota split and preference carry-forward.,Dedicated Hunter,PREFERENCE_DEDICATED_HUNTER_DEER,MODELED_PREFERENCE,TARGET,True,Modeled by engine.utah_draw_predictive.dedicated_hunter.
hybrid_ml_v2.1.0,utah_preference_dedicated_hunter_deer_v1.0.0,2026,2026,DB1780,Mt Dutton,Deer,Buck,General Season,Dedicated Hunter,Nonresident,4,dedicated_hunter,1,1,,,,,,3,0,0,1,1.000000,,,1.000000,,,100.000,,-1,,ABOVE CUTOFF,GREEN,GREEN LIGHT,"2021,2022,2023,2024,2025",5,2025,2021,predictive,preference_dedicated_hunter_deer,TRUE,Forecasted from 2025 dedicated hunter ladder with residency quota split and preference carry-forward.,Dedicated Hunter,PREFERENCE_DEDICATED_HUNTER_DEER,MODELED_PREFERENCE,TARGET,True,Modeled by engine.utah_draw_predictive.dedicated_hunter.
hybrid_ml_v2.1.0,utah_preference_dedicated_hunter_deer_v1.0.0,2026,2026,DB1780,Mt Dutton,Deer,Buck,General Season,Dedicated Hunter,Nonresident,5,dedicated_hunter,1,1,,,,,,3,0,0,1,1.000000,,,1.000000,,,100.000,,-2,,ABOVE CUTOFF,GREEN,GREEN LIGHT,"2021,2022,2023,2024,2025",5,2025,2021,predictive,preference_dedicated_hunter_deer,TRUE,Forecasted from 2025 dedicated hunter ladder with residency quota split and preference carry-forward.,Dedicated Hunter,PREFERENCE_DEDICATED_HUNTER_DEER,MODELED_PREFERENCE,TARGET,True,Modeled by engine.utah_draw_predictive.dedicated_hunter.
hybrid_ml_v2.1.0,utah_preference_dedicated_hunter_deer_v1.0.0,2026,2026,DB1780,Mt Dutton,Deer,Buck,General Season,Dedicated Hunter,Nonresident,6,dedicated_hunter,1,1,,,,,,3,0,0,1,1.000000,,,1.000000,,,100.000,,-3,,ABOVE CUTOFF,GREEN,GREEN LIGHT,"2021,2022,2023,2024,2025",5,2025,2021,predictive,preference_dedicated_hunter_deer,TRUE,Forecasted from 2025 dedicated hunter ladder with residency quota split and preference carry-forward.,Dedicated Hunter,PREFERENCE_DEDICATED_HUNTER_DEER,MODELED_PREFERENCE,TARGET,True,Modeled by engine.utah_draw_predictive.dedicated_hunter.
hybrid_ml_v2.1.0,utah_preference_dedicated_hunter_deer_v1.0.0,2026,2026,DB1780,Mt Dutton,Deer,Buck,General Season,Dedicated Hunter,Nonresident,7,dedicated_hunter,1,1,,,,,,3,0,0,1,1.000000,,,1.000000,,,100.000,,-4,,ABOVE CUTOFF,GREEN,GREEN LIGHT,"2021,2022,2023,2024,2025",5,2025,2021,predictive,preference_dedicated_hunter_deer,TRUE,Forecasted from 2025 dedicated hunter ladder with residency quota split and preference carry-forward.,Dedicated Hunter,PREFERENCE_DEDICATED_HUNTER_DEER,MODELED_PREFERENCE,TARGET,True,Modeled by engine.utah_draw_predictive.dedicated_hunter.
hybrid_ml_v2.1.0,utah_preference_dedicated_hunter_deer_v1.0.0,2026,2026,DB1780,Mt Dutton,Deer,Buck,General Season,Dedicated Hunter,Nonresident,8,dedicated_hunter,1,1,,,,,,3,0,0,1,1.000000,,,1.000000,,,100.000,,-5,,ABOVE CUTOFF,GREEN,GREEN LIGHT,"2021,2022,2023,2024,2025",5,2025,2021,predictive,preference_dedicated_hunter_deer,TRUE,Forecasted from 2025 dedicated hunter ladder with residency quota split and preference carry-forward.,Dedicated Hunter,PREFERENCE_DEDICATED_HUNTER_DEER,MODELED_PREFERENCE,TARGET,True,Modeled by engine.utah_draw_predictive.dedicated_hunter.
hybrid_ml_v2.1.0,utah_preference_dedicated_hunter_deer_v1.0.0,2026,2026,DB1780,Mt Dutton,Deer,Buck,General Season,Dedicated Hunter,Nonresident,9,dedicated_hunter,1,1,,,,,,3,0,0,1,1.000000,,,1.000000,,,100.000,,-6,,ABOVE CUTOFF,GREEN,GREEN LIGHT,"2021,2022,2023,2024,2025",5,2025,2021,predictive,preference_dedicated_hunter_deer,TRUE,Forecasted from 2025 dedicated hunter ladder with residency quota split and preference carry-forward.,Dedicated Hunter,PREFERENCE_DEDICATED_HUNTER_DEER,MODELED_PREFERENCE,TARGET,True,Modeled by engine.utah_draw_predictive.dedicated_hunter.
hybrid_ml_v2.1.0,utah_preference_dedicated_hunter_deer_v1.0.0,2026,2026,DB1780,Mt Dutton,Deer,Buck,General Season,Dedicated Hunter,Nonresident,10,dedicated_hunter,1,1,,,,,,3,0,0,1,1.000000,,,1.000000,,,100.000,,-7,,ABOVE CUTOFF,GREEN,GREEN LIGHT,"2021,2022,2023,2024,2025",5,2025,2021,predictive,preference_dedicated_hunter_deer,TRUE,Forecasted from 2025 dedicated hunter ladder with residency quota split and preference carry-forward.,Dedicated Hunter,PREFERENCE_DEDICATED_HUNTER_DEER,MODELED_PREFERENCE,TARGET,True,Modeled by engine.utah_draw_predictive.dedicated_hunter.
hybrid_ml_v2.1.0,utah_preference_dedicated_hunter_deer_v1.0.0,2026,2026,DB1780,Mt Dutton,Deer,Buck,General Season,Dedicated Hunter,Nonresident,11,dedicated_hunter,1,1,,,,,,3,0,0,1,1.000000,,,1.000000,,,100.000,,-8,,ABOVE CUTOFF,GREEN,GREEN LIGHT,"2021,2022,2023,2024,2025",5,2025,2021,predictive,preference_dedicated_hunter_deer,TRUE,Forecasted from 2025 dedicated hunter ladder with residency quota split and preference carry-forward.,Dedicated Hunter,PREFERENCE_DEDICATED_HUNTER_DEER,MODELED_PREFERENCE,TARGET,True,Modeled by engine.utah_draw_predictive.dedicated_hunter.
hybrid_ml_v2.1.0,utah_preference_dedicated_hunter_deer_v1.0.0,2026,2026,DB1780,Mt Dutton,Deer,Buck,General Season,Dedicated Hunter,Nonresident,12,dedicated_hunter,1,1,,,,,,3,0,0,1,1.000000,,,1.000000,,,100.000,,-9,,ABOVE CUTOFF,GREEN,GREEN LIGHT,"2021,2022,2023,2024,2025",5,2025,2021,predictive,preference_dedicated_hunter_deer,TRUE,Forecasted from 2025 dedicated hunter ladder with residency quota split and preference carry-forward.,Dedicated Hunter,PREFERENCE_DEDICATED_HUNTER_DEER,MODELED_PREFERENCE,TARGET,True,Modeled by engine.utah_draw_predictive.dedicated_hunter.
hybrid_ml_v2.1.0,utah_preference_dedicated_hunter_deer_v1.0.0,2026,2026,DB1780,Mt Dutton,Deer,Buck,General Season,Dedicated Hunter,Nonresident,13,dedicated_hunter,1,1,,,,,,3,0,0,1,1.000000,,,1.000000,,,100.000,,-10,,ABOVE CUTOFF,GREEN,GREEN LIGHT,"2021,2022,2023,2024,2025",5,2025,2021,predictive,preference_dedicated_hunter_deer,TRUE,Forecasted from 2025 dedicated hunter ladder with residency quota split and preference carry-forward.,Dedicated Hunter,PREFERENCE_DEDICATED_HUNTER_DEER,MODELED_PREFERENCE,TARGET,True,Modeled by engine.utah_draw_predictive.dedicated_hunter.
hybrid_ml_v2.1.0,utah_preference_dedicated_hunter_deer_v1.0.0,2026,2026,DB1780,Mt Dutton,Deer,Buck,General Season,Dedicated Hunter,Nonresident,14,dedicated_hunter,1,1,,,,,,3,0,0,1,1.000000,,,1.000000,,,100.000,,-11,,ABOVE CUTOFF,GREEN,GREEN LIGHT,"2021,2022,2023,2024,2025",5,2025,2021,predictive,preference_dedicated_hunter_deer,TRUE,Forecasted from 2025 dedicated hunter ladder with residency quota split and preference carry-forward.,Dedicated Hunter,PREFERENCE_DEDICATED_HUNTER_DEER,MODELED_PREFERENCE,TARGET,True,Modeled by engine.utah_draw_predictive.dedicated_hunter.
hybrid_ml_v2.1.0,utah_preference_dedicated_hunter_deer_v1.0.0,2026,2026,DB1780,Mt Dutton,Deer,Buck,General Season,Dedicated Hunter,Nonresident,15,dedicated_hunter,1,1,,,,,,3,0,0,1,1.000000,,,1.000000,,,100.000,,-12,,ABOVE CUTOFF,GREEN,GREEN LIGHT,"2021,2022,2023,2024,2025",5,2025,2021,predictive,preference_dedicated_hunter_deer,TRUE,Forecasted from 2025 dedicated hunter ladder with residency quota split and preference carry-forward.,Dedicated Hunter,PREFERENCE_DEDICATED_HUNTER_DEER,MODELED_PREFERENCE,TARGET,True,Modeled by engine.utah_draw_predictive.dedicated_hunter.
hybrid_ml_v2.1.0,utah_preference_dedicated_hunter_deer_v1.0.0,2026,2026,DB1780,Mt Dutton,Deer,Buck,General Season,Dedicated Hunter,Nonresident,16,dedicated_hunter,1,1,,,,,,3,0,0,1,1.000000,,,1.000000,,,100.000,,-13,,ABOVE CUTOFF,GREEN,GREEN LIGHT,"2021,2022,2023,2024,2025",5,2025,2021,predictive,preference_dedicated_hunter_deer,TRUE,Forecasted from 2025 dedicated hunter ladder with residency quota split and preference carry-forward.,Dedicated Hunter,PREFERENCE_DEDICATED_HUNTER_DEER,MODELED_PREFERENCE,TARGET,True,Modeled by engine.utah_draw_predictive.dedicated_hunter.
hybrid_ml_v2.1.0,utah_preference_dedicated_hunter_deer_v1.0.0,2026,2026,DB1780,Mt Dutton,Deer,Buck,General Season,Dedicated Hunter,Nonresident,17,dedicated_hunter,1,1,,,,,,3,0,0,1,1.000000,,,1.000000,,,100.000,,-14,,ABOVE CUTOFF,GREEN,GREEN LIGHT,"2021,2022,2023,2024,2025",5,2025,2021,predictive,preference_dedicated_hunter_deer,TRUE,Forecasted from 2025 dedicated hunter ladder with residency quota split and preference carry-forward.,Dedicated Hunter,PREFERENCE_DEDICATED_HUNTER_DEER,MODELED_PREFERENCE,TARGET,True,Modeled by engine.utah_draw_predictive.dedicated_hunter.
hybrid_ml_v2.1.0,utah_preference_dedicated_hunter_deer_v1.0.0,2026,2026,DB1780,Mt Dutton,Deer,Buck,General Season,Dedicated Hunter,Nonresident,18,dedicated_hunter,1,1,,,,,,3,0,0,1,1.000000,,,1.000000,,,100.000,,-15,,ABOVE CUTOFF,GREEN,GREEN LIGHT,"2021,2022,2023,2024,2025",5,2025,2021,predictive,preference_dedicated_hunter_deer,TRUE,Forecasted from 2025 dedicated hunter ladder with residency quota split and preference carry-forward.,Dedicated Hunter,PREFERENCE_DEDICATED_HUNTER_DEER,MODELED_PREFERENCE,TARGET,True,Modeled by engine.utah_draw_predictive.dedicated_hunter.
hybrid_ml_v2.1.0,utah_preference_dedicated_hunter_deer_v1.0.0,2026,2026,DB1780,Mt Dutton,Deer,Buck,General Season,Dedicated Hunter,Nonresident,19,dedicated_hunter,1,1,,,,,,3,0,0,1,1.000000,,,1.000000,,,100.000,,-16,,ABOVE CUTOFF,GREEN,GREEN LIGHT,"2021,2022,2023,2024,2025",5,2025,2021,predictive,preference_dedicated_hunter_deer,TRUE,Forecasted from 2025 dedicated hunter ladder with residency quota split and preference carry-forward.,Dedicated Hunter,PREFERENCE_DEDICATED_HUNTER_DEER,MODELED_PREFERENCE,TARGET,True,Modeled by engine.utah_draw_predictive.dedicated_hunter.
hybrid_ml_v2.1.0,utah_preference_dedicated_hunter_deer_v1.0.0,2026,2026,DB1780,Mt Dutton,Deer,Buck,General Season,Dedicated Hunter,Nonresident,20,dedicated_hunter,1,1,,,,,,3,0,0,1,1.000000,,,1.000000,,,100.000,,-17,,ABOVE CUTOFF,GREEN,GREEN LIGHT,"2021,2022,2023,2024,2025",5,2025,2021,predictive,preference_dedicated_hunter_deer,TRUE,Forecasted from 2025 dedicated hunter ladder with residency quota split and preference carry-forward.,Dedicated Hunter,PREFERENCE_DEDICATED_HUNTER_DEER,MODELED_PREFERENCE,TARGET,True,Modeled by engine.utah_draw_predictive.dedicated_hunter.
hybrid_ml_v2.1.0,utah_preference_dedicated_hunter_deer_v1.0.0,2026,2026,DB1780,Mt Dutton,Deer,Buck,General Season,Dedicated Hunter,Nonresident,21,dedicated_hunter,1,1,,,,,,3,0,0,1,1.000000,,,1.000000,,,100.000,,-18,,ABOVE CUTOFF,GREEN,GREEN LIGHT,"2021,2022,2023,2024,2025",5,2025,2021,predictive,preference_dedicated_hunter_deer,TRUE,Forecasted from 2025 dedicated hunter ladder with residency quota split and preference carry-forward.,Dedicated Hunter,PREFERENCE_DEDICATED_HUNTER_DEER,MODELED_PREFERENCE,TARGET,True,Modeled by engine.utah_draw_predictive.dedicated_hunter.
hybrid_ml_v2.1.0,utah_preference_dedicated_hunter_deer_v1.0.0,2026,2026,DB1780,Mt Dutton,Deer,Buck,General Season,Dedicated Hunter,Nonresident,22,dedicated_hunter,1,1,,,,,,3,0,0,1,1.000000,,,1.000000,,,100.000,,-19,,ABOVE CUTOFF,GREEN,GREEN LIGHT,"2021,2022,2023,2024,2025",5,2025,2021,predictive,preference_dedicated_hunter_deer,TRUE,Forecasted from 2025 dedicated hunter ladder with residency quota split and preference carry-forward.,Dedicated Hunter,PREFERENCE_DEDICATED_HUNTER_DEER,MODELED_PREFERENCE,TARGET,True,Modeled by engine.utah_draw_predictive.dedicated_hunter.
hybrid_ml_v2.1.0,utah_preference_dedicated_hunter_deer_v1.0.0,2026,2026,DB1780,Mt Dutton,Deer,Buck,General Season,Dedicated Hunter,Nonresident,23,dedicated_hunter,1,1,,,,,,3,0,0,1,1.000000,,,1.000000,,,100.000,,-20,,ABOVE CUTOFF,GREEN,GREEN LIGHT,"2021,2022,2023,2024,2025",5,2025,2021,predictive,preference_dedicated_hunter_deer,TRUE,Forecasted from 2025 dedicated hunter ladder with residency quota split and preference carry-forward.,Dedicated Hunter,PREFERENCE_DEDICATED_HUNTER_DEER,MODELED_PREFERENCE,TARGET,True,Modeled by engine.utah_draw_predictive.dedicated_hunter.
hybrid_ml_v2.1.0,utah_preference_dedicated_hunter_deer_v1.0.0,2026,2026,DB1780,Mt Dutton,Deer,Buck,General Season,Dedicated Hunter,Nonresident,24,dedicated_hunter,1,1,,,,,,3,0,0,1,1.000000,,,1.000000,,,100.000,,-21,,ABOVE CUTOFF,GREEN,GREEN LIGHT,"2021,2022,2023,2024,2025",5,2025,2021,predictive,preference_dedicated_hunter_deer,TRUE,Forecasted from 2025 dedicated hunter ladder with residency quota split and preference carry-forward.,Dedicated Hunter,PREFERENCE_DEDICATED_HUNTER_DEER,MODELED_PREFERENCE,TARGET,True,Modeled by engine.utah_draw_predictive.dedicated_hunter.
hybrid_ml_v2.1.0,utah_preference_dedicated_hunter_deer_v1.0.0,2026,2026,DB1780,Mt Dutton,Deer,Buck,General Season,Dedicated Hunter,Resident,0,dedicated_hunter,4,15,,,,,5,4,39,13,13,0.000000,,,0.000000,,,0.000,,4,-1,BEHIND,RED,POINT CREEP DEFEAT,"2021,2022,2023,2024,2025",5,2025,2021,predictive,preference_dedicated_hunter_deer,TRUE,Forecasted from 2025 dedicated hunter ladder with residency quota split and preference carry-forward.,Dedicated Hunter,PREFERENCE_DEDICATED_HUNTER_DEER,MODELED_PREFERENCE,TARGET,True,Modeled by engine.utah_draw_predictive.dedicated_hunter.
hybrid_ml_v2.1.0,utah_preference_dedicated_hunter_deer_v1.0.0,2026,2026,DB1780,Mt Dutton,Deer,Buck,General Season,Dedicated Hunter,Resident,1,dedicated_hunter,4,15,,,,,5,4,31,8,8,0.000000,,,0.000000,,,0.000,,3,-1,BEHIND,RED,POINT CREEP DEFEAT,"2021,2022,2023,2024,2025",5,2025,2021,predictive,preference_dedicated_hunter_deer,TRUE,Forecasted from 2025 dedicated hunter ladder with residency quota split and preference carry-forward.,Dedicated Hunter,PREFERENCE_DEDICATED_HUNTER_DEER,MODELED_PREFERENCE,TARGET,True,Modeled by engine.utah_draw_predictive.dedicated_hunter.
hybrid_ml_v2.1.0,utah_preference_dedicated_hunter_deer_v1.0.0,2026,2026,DB1780,Mt Dutton,Deer,Buck,General Season,Dedicated Hunter,Resident,2,dedicated_hunter,4,15,,,,,5,4,27,4,4,0.000000,,,0.000000,,,0.000,,2,-1,BEHIND,RED,POINT CREEP DEFEAT,"2021,2022,2023,2024,2025",5,2025,2021,predictive,preference_dedicated_hunter_deer,TRUE,Forecasted from 2025 dedicated hunter ladder with residency quota split and preference carry-forward.,Dedicated Hunter,PREFERENCE_DEDICATED_HUNTER_DEER,MODELED_PREFERENCE,TARGET,True,Modeled by engine.utah_draw_predictive.dedicated_hunter.
hybrid_ml_v2.1.0,utah_preference_dedicated_hunter_deer_v1.0.0,2026,2026,DB1780,Mt Dutton,Deer,Buck,General Season,Dedicated Hunter,Resident,3,dedicated_hunter,4,15,,,,,5,4,15,12,12,0.000000,,,0.000000,,,0.000,,1,-1,BEHIND,RED,MAY DRAW IN 5-10 YEARS,"2021,2022,2023,2024,2025",5,2025,2021,predictive,preference_dedicated_hunter_deer,TRUE,Forecasted from 2025 dedicated hunter ladder with residency quota split and preference carry-forward.,Dedicated Hunter,PREFERENCE_DEDICATED_HUNTER_DEER,MODELED_PREFERENCE,TARGET,True,Modeled by engine.utah_draw_predictive.dedicated_hunter.
hybrid_ml_v2.1.0,utah_preference_dedicated_hunter_deer_v1.0.0,2026,2026,DB1780,Mt Dutton,Deer,Buck,General Season,Dedicated Hunter,Resident,4,dedicated_hunter,4,15,,,,,5,4,3,12,12,1.000000,,,1.000000,,,100.000,,0,-1,ABOVE CUTOFF,RED,GREEN LIGHT,"2021,2022,2023,2024,2025",5,2025,2021,predictive,preference_dedicated_hunter_deer,TRUE,Forecasted from 2025 dedicated hunter ladder with residency quota split and preference carry-forward.,Dedicated Hunter,PREFERENCE_DEDICATED_HUNTER_DEER,MODELED_PREFERENCE,TARGET,True,Modeled by engine.utah_draw_predictive.dedicated_hunter.
hybrid_ml_v2.1.0,utah_preference_dedicated_hunter_deer_v1.0.0,2026,2026,DB1780,Mt Dutton,Deer,Buck,General Season,Dedicated Hunter,Resident,5,dedicated_hunter,4,15,,,,,5,4,0,3,3,1.000000,,,1.000000,,,100.000,,-1,-1,ABOVE CUTOFF,RED,GREEN LIGHT,"2021,2022,2023,2024,2025",5,2025,2021,predictive,preference_dedicated_hunter_deer,TRUE,Forecasted from 2025 dedicated hunter ladder with residency quota split and preference carry-forward.,Dedicated Hunter,PREFERENCE_DEDICATED_HUNTER_DEER,MODELED_PREFERENCE,TARGET,True,Modeled by engine.utah_draw_predictive.dedicated_hunter.
hybrid_ml_v2.1.0,utah_preference_dedicated_hunter_deer_v1.0.0,2026,2026,DB1780,Mt Dutton,Deer,Buck,General Season,Dedicated Hunter,Resident,6,dedicated_hunter,4,15,,,,,5,4,0,0,1,1.000000,,,1.000000,,,100.000,,-2,-1,ABOVE CUTOFF,RED,GREEN LIGHT,"2021,2022,2023,2024,2025",5,2025,2021,predictive,preference_dedicated_hunter_deer,TRUE,Forecasted from 2025 dedicated hunter ladder with residency quota split and preference carry-forward.,Dedicated Hunter,PREFERENCE_DEDICATED_HUNTER_DEER,MODELED_PREFERENCE,TARGET,True,Modeled by engine.utah_draw_predictive.dedicated_hunter.
hybrid_ml_v2.1.0,utah_preference_dedicated_hunter_deer_v1.0.0,2026,2026,DB1780,Mt Dutton,Deer,Buck,General Season,Dedicated Hunter,Resident,7,dedicated_hunter,4,15,,,,,5,4,0,0,1,1.000000,,,1.000000,,,100.000,,-3,-1,ABOVE CUTOFF,RED,GREEN LIGHT,"2021,2022,2023,2024,2025",5,2025,2021,predictive,preference_dedicated_hunter_deer,TRUE,Forecasted from 2025 dedicated hunter ladder with residency quota split and preference carry-forward.,Dedicated Hunter,PREFERENCE_DEDICATED_HUNTER_DEER,MODELED_PREFERENCE,TARGET,True,Modeled by engine.utah_draw_predictive.dedicated_hunter.
hybrid_ml_v2.1.0,utah_preference_dedicated_hunter_deer_v1.0.0,2026,2026,DB1780,Mt Dutton,Deer,Buck,General Season,Dedicated Hunter,Resident,8,dedicated_hunter,4,15,,,,,5,4,0,0,1,1.000000,,,1.000000,,,100.000,,-4,-1,ABOVE CUTOFF,RED,GREEN LIGHT,"2021,2022,2023,2024,2025",5,2025,2021,predictive,preference_dedicated_hunter_deer,TRUE,Forecasted from 2025 dedicated hunter ladder with residency quota split and preference carry-forward.,Dedicated Hunter,PREFERENCE_DEDICATED_HUNTER_DEER,MODELED_PREFERENCE,TARGET,True,Modeled by engine.utah_draw_predictive.dedicated_hunter.
hybrid_ml_v2.1.0,utah_preference_dedicated_hunter_deer_v1.0.0,2026,2026,DB1780,Mt Dutton,Deer,Buck,General Season,Dedicated Hunter,Resident,9,dedicated_hunter,4,15,,,,,5,4,0,0,1,1.000000,,,1.000000,,,100.000,,-5,-1,ABOVE CUTOFF,RED,GREEN LIGHT,"2021,2022,2023,2024,2025",5,2025,2021,predictive,preference_dedicated_hunter_deer,TRUE,Forecasted from 2025 dedicated hunter ladder with residency quota split and preference carry-forward.,Dedicated Hunter,PREFERENCE_DEDICATED_HUNTER_DEER,MODELED_PREFERENCE,TARGET,True,Modeled by engine.utah_draw_predictive.dedicated_hunter.
hybrid_ml_v2.1.0,utah_preference_dedicated_hunter_deer_v1.0.0,2026,2026,DB1780,Mt Dutton,Deer,Buck,General Season,Dedicated Hunter,Resident,10,dedicated_hunter,4,15,,,,,5,4,0,0,1,1.000000,,,1.000000,,,100.000,,-6,-1,ABOVE CUTOFF,RED,GREEN LIGHT,"2021,2022,2023,2024,2025",5,2025,2021,predictive,preference_dedicated_hunter_deer,TRUE,Forecasted from 2025 dedicated hunter ladder with residency quota split and preference carry-forward.,Dedicated Hunter,PREFERENCE_DEDICATED_HUNTER_DEER,MODELED_PREFERENCE,TARGET,True,Modeled by engine.utah_draw_predictive.dedicated_hunter.
hybrid_ml_v2.1.0,utah_preference_dedicated_hunter_deer_v1.0.0,2026,2026,DB1780,Mt Dutton,Deer,Buck,General Season,Dedicated Hunter,Resident,11,dedicated_hunter,4,15,,,,,5,4,0,0,1,1.000000,,,1.000000,,,100.000,,-7,-1,ABOVE CUTOFF,RED,GREEN LIGHT,"2021,2022,2023,2024,2025",5,2025,2021,predictive,preference_dedicated_hunter_deer,TRUE,Forecasted from 2025 dedicated hunter ladder with residency quota split and preference carry-forward.,Dedicated Hunter,PREFERENCE_DEDICATED_HUNTER_DEER,MODELED_PREFERENCE,TARGET,True,Modeled by engine.utah_draw_predictive.dedicated_hunter.
hybrid_ml_v2.1.0,utah_preference_dedicated_hunter_deer_v1.0.0,2026,2026,DB1780,Mt Dutton,Deer,Buck,General Season,Dedicated Hunter,Resident,12,dedicated_hunter,4,15,,,,,5,4,0,0,1,1.000000,,,1.000000,,,100.000,,-8,-1,ABOVE CUTOFF,RED,GREEN LIGHT,"2021,2022,2023,2024,2025",5,2025,2021,predictive,preference_dedicated_hunter_deer,TRUE,Forecasted from 2025 dedicated hunter ladder with residency quota split and preference carry-forward.,Dedicated Hunter,PREFERENCE_DEDICATED_HUNTER_DEER,MODELED_PREFERENCE,TARGET,True,Modeled by engine.utah_draw_predictive.dedicated_hunter.
hybrid_ml_v2.1.0,utah_preference_dedicated_hunter_deer_v1.0.0,2026,2026,DB1780,Mt Dutton,Deer,Buck,General Season,Dedicated Hunter,Resident,13,dedicated_hunter,4,15,,,,,5,4,0,0,1,1.000000,,,1.000000,,,100.000,,-9,-1,ABOVE CUTOFF,RED,GREEN LIGHT,"2021,2022,2023,2024,2025",5,2025,2021,predictive,preference_dedicated_hunter_deer,TRUE,Forecasted from 2025 dedicated hunter ladder with residency quota split and preference carry-forward.,Dedicated Hunter,PREFERENCE_DEDICATED_HUNTER_DEER,MODELED_PREFERENCE,TARGET,True,Modeled by engine.utah_draw_predictive.dedicated_hunter.
hybrid_ml_v2.1.0,utah_preference_dedicated_hunter_deer_v1.0.0,2026,2026,DB1780,Mt Dutton,Deer,Buck,General Season,Dedicated Hunter,Resident,14,dedicated_hunter,4,15,,,,,5,4,0,0,1,1.000000,,,1.000000,,,100.000,,-10,-1,ABOVE CUTOFF,RED,GREEN LIGHT,"2021,2022,2023,2024,2025",5,2025,2021,predictive,preference_dedicated_hunter_deer,TRUE,Forecasted from 2025 dedicated hunter ladder with residency quota split and preference carry-forward.,Dedicated Hunter,PREFERENCE_DEDICATED_HUNTER_DEER,MODELED_PREFERENCE,TARGET,True,Modeled by engine.utah_draw_predictive.dedicated_hunter.
hybrid_ml_v2.1.0,utah_preference_dedicated_hunter_deer_v1.0.0,2026,2026,DB1780,Mt Dutton,Deer,Buck,General Season,Dedicated Hunter,Resident,15,dedicated_hunter,4,15,,,,,5,4,0,0,1,1.000000,,,1.000000,,,100.000,,-11,-1,ABOVE CUTOFF,RED,GREEN LIGHT,"2021,2022,2023,2024,2025",5,2025,2021,predictive,preference_dedicated_hunter_deer,TRUE,Forecasted from 2025 dedicated hunter ladder with residency quota split and preference carry-forward.,Dedicated Hunter,PREFERENCE_DEDICATED_HUNTER_DEER,MODELED_PREFERENCE,TARGET,True,Modeled by engine.utah_draw_predictive.dedicated_hunter.
hybrid_ml_v2.1.0,utah_preference_dedicated_hunter_deer_v1.0.0,2026,2026,DB1780,Mt Dutton,Deer,Buck,General Season,Dedicated Hunter,Resident,16,dedicated_hunter,4,15,,,,,5,4,0,0,1,1.000000,,,1.000000,,,100.000,,-12,-1,ABOVE CUTOFF,RED,GREEN LIGHT,"2021,2022,2023,2024,2025",5,2025,2021,predictive,preference_dedicated_hunter_deer,TRUE,Forecasted from 2025 dedicated hunter ladder with residency quota split and preference carry-forward.,Dedicated Hunter,PREFERENCE_DEDICATED_HUNTER_DEER,MODELED_PREFERENCE,TARGET,True,Modeled by engine.utah_draw_predictive.dedicated_hunter.
hybrid_ml_v2.1.0,utah_preference_dedicated_hunter_deer_v1.0.0,2026,2026,DB1780,Mt Dutton,Deer,Buck,General Season,Dedicated Hunter,Resident,17,dedicated_hunter,4,15,,,,,5,4,0,0,1,1.000000,,,1.000000,,,100.000,,-13,-1,ABOVE CUTOFF,RED,GREEN LIGHT,"2021,2022,2023,2024,2025",5,2025,2021,predictive,preference_dedicated_hunter_deer,TRUE,Forecasted from 2025 dedicated hunter ladder with residency quota split and preference carry-forward.,Dedicated Hunter,PREFERENCE_DEDICATED_HUNTER_DEER,MODELED_PREFERENCE,TARGET,True,Modeled by engine.utah_draw_predictive.dedicated_hunter.
hybrid_ml_v2.1.0,utah_preference_dedicated_hunter_deer_v1.0.0,2026,2026,DB1780,Mt Dutton,Deer,Buck,General Season,Dedicated Hunter,Resident,18,dedicated_hunter,4,15,,,,,5,4,0,0,1,1.000000,,,1.000000,,,100.000,,-14,-1,ABOVE CUTOFF,RED,GREEN LIGHT,"2021,2022,2023,2024,2025",5,2025,2021,predictive,preference_dedicated_hunter_deer,TRUE,Forecasted from 2025 dedicated hunter ladder with residency quota split and preference carry-forward.,Dedicated Hunter,PREFERENCE_DEDICATED_HUNTER_DEER,MODELED_PREFERENCE,TARGET,True,Modeled by engine.utah_draw_predictive.dedicated_hunter.
hybrid_ml_v2.1.0,utah_preference_dedicated_hunter_deer_v1.0.0,2026,2026,DB1780,Mt Dutton,Deer,Buck,General Season,Dedicated Hunter,Resident,19,dedicated_hunter,4,15,,,,,5,4,0,0,1,1.000000,,,1.000000,,,100.000,,-15,-1,ABOVE CUTOFF,RED,GREEN LIGHT,"2021,2022,2023,2024,2025",5,2025,2021,predictive,preference_dedicated_hunter_deer,TRUE,Forecasted from 2025 dedicated hunter ladder with residency quota split and preference carry-forward.,Dedicated Hunter,PREFERENCE_DEDICATED_HUNTER_DEER,MODELED_PREFERENCE,TARGET,True,Modeled by engine.utah_draw_predictive.dedicated_hunter.
hybrid_ml_v2.1.0,utah_preference_dedicated_hunter_deer_v1.0.0,2026,2026,DB1780,Mt Dutton,Deer,Buck,General Season,Dedicated Hunter,Resident,20,dedicated_hunter,4,15,,,,,5,4,0,0,1,1.000000,,,1.000000,,,100.000,,-16,-1,ABOVE CUTOFF,RED,GREEN LIGHT,"2021,2022,2023,2024,2025",5,2025,2021,predictive,preference_dedicated_hunter_deer,TRUE,Forecasted from 2025 dedicated hunter ladder with residency quota split and preference carry-forward.,Dedicated Hunter,PREFERENCE_DEDICATED_HUNTER_DEER,MODELED_PREFERENCE,TARGET,True,Modeled by engine.utah_draw_predictive.dedicated_hunter.
hybrid_ml_v2.1.0,utah_preference_dedicated_hunter_deer_v1.0.0,2026,2026,DB1780,Mt Dutton,Deer,Buck,General Season,Dedicated Hunter,Resident,21,dedicated_hunter,4,15,,,,,5,4,0,0,1,1.000000,,,1.000000,,,100.000,,-17,-1,ABOVE CUTOFF,RED,GREEN LIGHT,"2021,2022,2023,2024,2025",5,2025,2021,predictive,preference_dedicated_hunter_deer,TRUE,Forecasted from 2025 dedicated hunter ladder with residency quota split and preference carry-forward.,Dedicated Hunter,PREFERENCE_DEDICATED_HUNTER_DEER,MODELED_PREFERENCE,TARGET,True,Modeled by engine.utah_draw_predictive.dedicated_hunter.
hybrid_ml_v2.1.0,utah_preference_dedicated_hunter_deer_v1.0.0,2026,2026,DB1780,Mt Dutton,Deer,Buck,General Season,Dedicated Hunter,Resident,22,dedicated_hunter,4,15,,,,,5,4,0,0,1,1.000000,,,1.000000,,,100.000,,-18,-1,ABOVE CUTOFF,RED,GREEN LIGHT,"2021,2022,2023,2024,2025",5,2025,2021,predictive,preference_dedicated_hunter_deer,TRUE,Forecasted from 2025 dedicated hunter ladder with residency quota split and preference carry-forward.,Dedicated Hunter,PREFERENCE_DEDICATED_HUNTER_DEER,MODELED_PREFERENCE,TARGET,True,Modeled by engine.utah_draw_predictive.dedicated_hunter.
hybrid_ml_v2.1.0,utah_preference_dedicated_hunter_deer_v1.0.0,2026,2026,DB1780,Mt Dutton,Deer,Buck,General Season,Dedicated Hunter,Resident,23,dedicated_hunter,4,15,,,,,5,4,0,0,1,1.000000,,,1.000000,,,100.000,,-19,-1,ABOVE CUTOFF,RED,GREEN LIGHT,"2021,2022,2023,2024,2025",5,2025,2021,predictive,preference_dedicated_hunter_deer,TRUE,Forecasted from 2025 dedicated hunter ladder with residency quota split and preference carry-forward.,Dedicated Hunter,PREFERENCE_DEDICATED_HUNTER_DEER,MODELED_PREFERENCE,TARGET,True,Modeled by engine.utah_draw_predictive.dedicated_hunter.
hybrid_ml_v2.1.0,utah_preference_dedicated_hunter_deer_v1.0.0,2026,2026,DB1780,Mt Dutton,Deer,Buck,General Season,Dedicated Hunter,Resident,24,dedicated_hunter,4,15,,,,,5,4,0,0,1,1.000000,,,1.000000,,,100.000,,-20,-1,ABOVE CUTOFF,RED,GREEN LIGHT,"2021,2022,2023,2024,2025",5,2025,2021,predictive,preference_dedicated_hunter_deer,TRUE,Forecasted from 2025 dedicated hunter ladder with residency quota split and preference carry-forward.,Dedicated Hunter,PREFERENCE_DEDICATED_HUNTER_DEER,MODELED_PREFERENCE,TARGET,True,Modeled by engine.utah_draw_predictive.dedicated_hunter.
hybrid_ml_v2.1.0,utah_preference_dedicated_hunter_deer_v1.0.0,2026,2026,DB1781,Nine Mile,Deer,Buck,General Season,Dedicated Hunter,Nonresident,0,dedicated_hunter,1,1,,,,,0,0,0,1,1,1.000000,,,1.000000,,,100.000,,0,0,ABOVE CUTOFF,YELLOW,GREEN LIGHT,"2021,2022,2023,2024,2025",5,2025,2021,predictive,preference_dedicated_hunter_deer,TRUE,Forecasted from 2025 dedicated hunter ladder with residency quota split and preference carry-forward.,Dedicated Hunter,PREFERENCE_DEDICATED_HUNTER_DEER,MODELED_PREFERENCE,TARGET,True,Modeled by engine.utah_draw_predictive.dedicated_hunter.
hybrid_ml_v2.1.0,utah_preference_dedicated_hunter_deer_v1.0.0,2026,2026,DB1781,Nine Mile,Deer,Buck,General Season,Dedicated Hunter,Nonresident,1,dedicated_hunter,1,1,,,,,0,0,0,0,1,1.000000,,,1.000000,,,100.000,,-1,0,ABOVE CUTOFF,YELLOW,GREEN LIGHT,"2021,2022,2023,2024,2025",5,2025,2021,predictive,preference_dedicated_hunter_deer,TRUE,Forecasted from 2025 dedicated hunter ladder with residency quota split and preference carry-forward.,Dedicated Hunter,PREFERENCE_DEDICATED_HUNTER_DEER,MODELED_PREFERENCE,TARGET,True,Modeled by engine.utah_draw_predictive.dedicated_hunter.
hybrid_ml_v2.1.0,utah_preference_dedicated_hunter_deer_v1.0.0,2026,2026,DB1781,Nine Mile,Deer,Buck,General Season,Dedicated Hunter,Nonresident,2,dedicated_hunter,1,1,,,,,0,0,0,0,1,1.000000,,,1.000000,,,100.000,,-2,0,ABOVE CUTOFF,YELLOW,GREEN LIGHT,"2021,2022,2023,2024,2025",5,2025,2021,predictive,preference_dedicated_hunter_deer,TRUE,Forecasted from 2025 dedicated hunter ladder with residency quota split and preference carry-forward.,Dedicated Hunter,PREFERENCE_DEDICATED_HUNTER_DEER,MODELED_PREFERENCE,TARGET,True,Modeled by engine.utah_draw_predictive.dedicated_hunter.
hybrid_ml_v2.1.0,utah_preference_dedicated_hunter_deer_v1.0.0,2026,2026,DB1781,Nine Mile,Deer,Buck,General Season,Dedicated Hunter,Nonresident,3,dedicated_hunter,1,1,,,,,0,0,0,0,1,1.000000,,,1.000000,,,100.000,,-3,0,ABOVE CUTOFF,YELLOW,GREEN LIGHT,"2021,2022,2023,2024,2025",5,2025,2021,predictive,preference_dedicated_hunter_deer,TRUE,Forecasted from 2025 dedicated hunter ladder with residency quota split and preference carry-forward.,Dedicated Hunter,PREFERENCE_DEDICATED_HUNTER_DEER,MODELED_PREFERENCE,TARGET,True,Modeled by engine.utah_draw_predictive.dedicated_hunter.
hybrid_ml_v2.1.0,utah_preference_dedicated_hunter_deer_v1.0.0,2026,2026,DB1781,Nine Mile,Deer,Buck,General Season,Dedicated Hunter,Nonresident,4,dedicated_hunter,1,1,,,,,0,0,0,0,1,1.000000,,,1.000000,,,100.000,,-4,0,ABOVE CUTOFF,YELLOW,GREEN LIGHT,"2021,2022,2023,2024,2025",5,2025,2021,predictive,preference_dedicated_hunter_deer,TRUE,Forecasted from 2025 dedicated hunter ladder with residency quota split and preference carry-forward.,Dedicated Hunter,PREFERENCE_DEDICATED_HUNTER_DEER,MODELED_PREFERENCE,TARGET,True,Modeled by engine.utah_draw_predictive.dedicated_hunter.
hybrid_ml_v2.1.0,utah_preference_dedicated_hunter_deer_v1.0.0,2026,2026,DB1781,Nine Mile,Deer,Buck,General Season,Dedicated Hunter,Nonresident,5,dedicated_hunter,1,1,,,,,0,0,0,0,1,1.000000,,,1.000000,,,100.000,,-5,0,ABOVE CUTOFF,YELLOW,GREEN LIGHT,"2021,2022,2023,2024,2025",5,2025,2021,predictive,preference_dedicated_hunter_deer,TRUE,Forecasted from 2025 dedicated hunter ladder with residency quota split and preference carry-forward.,Dedicated Hunter,PREFERENCE_DEDICATED_HUNTER_DEER,MODELED_PREFERENCE,TARGET,True,Modeled by engine.utah_draw_predictive.dedicated_hunter.
hybrid_ml_v2.1.0,utah_preference_dedicated_hunter_deer_v1.0.0,2026,2026,DB1781,Nine Mile,Deer,Buck,General Season,Dedicated Hunter,Nonresident,6,dedicated_hunter,1,1,,,,,0,0,0,0,1,1.000000,,,1.000000,,,100.000,,-6,0,ABOVE CUTOFF,YELLOW,GREEN LIGHT,"2021,2022,2023,2024,2025",5,2025,2021,predictive,preference_dedicated_hunter_deer,TRUE,Forecasted from 2025 dedicated hunter ladder with residency quota split and preference carry-forward.,Dedicated Hunter,PREFERENCE_DEDICATED_HUNTER_DEER,MODELED_PREFERENCE,TARGET,True,Modeled by engine.utah_draw_predictive.dedicated_hunter.
hybrid_ml_v2.1.0,utah_preference_dedicated_hunter_deer_v1.0.0,2026,2026,DB1781,Nine Mile,Deer,Buck,General Season,Dedicated Hunter,Nonresident,7,dedicated_hunter,1,1,,,,,0,0,0,0,1,1.000000,,,1.000000,,,100.000,,-7,0,ABOVE CUTOFF,YELLOW,GREEN LIGHT,"2021,2022,2023,2024,2025",5,2025,2021,predictive,preference_dedicated_hunter_deer,TRUE,Forecasted from 2025 dedicated hunter ladder with residency quota split and preference carry-forward.,Dedicated Hunter,PREFERENCE_DEDICATED_HUNTER_DEER,MODELED_PREFERENCE,TARGET,True,Modeled by engine.utah_draw_predictive.dedicated_hunter.
hybrid_ml_v2.1.0,utah_preference_dedicated_hunter_deer_v1.0.0,2026,2026,DB1781,Nine Mile,Deer,Buck,General Season,Dedicated Hunter,Nonresident,8,dedicated_hunter,1,1,,,,,0,0,0,0,1,1.000000,,,1.000000,,,100.000,,-8,0,ABOVE CUTOFF,YELLOW,GREEN LIGHT,"2021,2022,2023,2024,2025",5,2025,2021,predictive,preference_dedicated_hunter_deer,TRUE,Forecasted from 2025 dedicated hunter ladder with residency quota split and preference carry-forward.,Dedicated Hunter,PREFERENCE_DEDICATED_HUNTER_DEER,MODELED_PREFERENCE,TARGET,True,Modeled by engine.utah_draw_predictive.dedicated_hunter.
hybrid_ml_v2.1.0,utah_preference_dedicated_hunter_deer_v1.0.0,2026,2026,DB1781,Nine Mile,Deer,Buck,General Season,Dedicated Hunter,Nonresident,9,dedicated_hunter,1,1,,,,,0,0,0,0,1,1.000000,,,1.000000,,,100.000,,-9,0,ABOVE CUTOFF,YELLOW,GREEN LIGHT,"2021,2022,2023,2024,2025",5,2025,2021,predictive,preference_dedicated_hunter_deer,TRUE,Forecasted from 2025 dedicated hunter ladder with residency quota split and preference carry-forward.,Dedicated Hunter,PREFERENCE_DEDICATED_HUNTER_DEER,MODELED_PREFERENCE,TARGET,True,Modeled by engine.utah_draw_predictive.dedicated_hunter.
hybrid_ml_v2.1.0,utah_preference_dedicated_hunter_deer_v1.0.0,2026,2026,DB1781,Nine Mile,Deer,Buck,General Season,Dedicated Hunter,Nonresident,10,dedicated_hunter,1,1,,,,,0,0,0,0,1,1.000000,,,1.000000,,,100.000,,-10,0,ABOVE CUTOFF,YELLOW,GREEN LIGHT,"2021,2022,2023,2024,2025",5,2025,2021,predictive,preference_dedicated_hunter_deer,TRUE,Forecasted from 2025 dedicated hunter ladder with residency quota split and preference carry-forward.,Dedicated Hunter,PREFERENCE_DEDICATED_HUNTER_DEER,MODELED_PREFERENCE,TARGET,True,Modeled by engine.utah_draw_predictive.dedicated_hunter.
hybrid_ml_v2.1.0,utah_preference_dedicated_hunter_deer_v1.0.0,2026,2026,DB1781,Nine Mile,Deer,Buck,General Season,Dedicated Hunter,Nonresident,11,dedicated_hunter,1,1,,,,,0,0,0,0,1,1.000000,,,1.000000,,,100.000,,-11,0,ABOVE CUTOFF,YELLOW,GREEN LIGHT,"2021,2022,2023,2024,2025",5,2025,2021,predictive,preference_dedicated_hunter_deer,TRUE,Forecasted from 2025 dedicated hunter ladder with residency quota split and preference carry-forward.,Dedicated Hunter,PREFERENCE_DEDICATED_HUNTER_DEER,MODELED_PREFERENCE,TARGET,True,Modeled by engine.utah_draw_predictive.dedicated_hunter.
hybrid_ml_v2.1.0,utah_preference_dedicated_hunter_deer_v1.0.0,2026,2026,DB1781,Nine Mile,Deer,Buck,General Season,Dedicated Hunter,Nonresident,12,dedicated_hunter,1,1,,,,,0,0,0,0,1,1.000000,,,1.000000,,,100.000,,-12,0,ABOVE CUTOFF,YELLOW,GREEN LIGHT,"2021,2022,2023,2024,2025",5,2025,2021,predictive,preference_dedicated_hunter_deer,TRUE,Forecasted from 2025 dedicated hunter ladder with residency quota split and preference carry-forward.,Dedicated Hunter,PREFERENCE_DEDICATED_HUNTER_DEER,MODELED_PREFERENCE,TARGET,True,Modeled by engine.utah_draw_predictive.dedicated_hunter.
hybrid_ml_v2.1.0,utah_preference_dedicated_hunter_deer_v1.0.0,2026,2026,DB1781,Nine Mile,Deer,Buck,General Season,Dedicated Hunter,Nonresident,13,dedicated_hunter,1,1,,,,,0,0,0,0,1,1.000000,,,1.000000,,,100.000,,-13,0,ABOVE CUTOFF,YELLOW,GREEN LIGHT,"2021,2022,2023,2024,2025",5,2025,2021,predictive,preference_dedicated_hunter_deer,TRUE,Forecasted from 2025 dedicated hunter ladder with residency quota split and preference carry-forward.,Dedicated Hunter,PREFERENCE_DEDICATED_HUNTER_DEER,MODELED_PREFERENCE,TARGET,True,Modeled by engine.utah_draw_predictive.dedicated_hunter.
hybrid_ml_v2.1.0,utah_preference_dedicated_hunter_deer_v1.0.0,2026,2026,DB1781,Nine Mile,Deer,Buck,General Season,Dedicated Hunter,Nonresident,14,dedicated_hunter,1,1,,,,,0,0,0,0,1,1.000000,,,1.000000,,,100.000,,-14,0,ABOVE CUTOFF,YELLOW,GREEN LIGHT,"2021,2022,2023,2024,2025",5,2025,2021,predictive,preference_dedicated_hunter_deer,TRUE,Forecasted from 2025 dedicated hunter ladder with residency quota split and preference carry-forward.,Dedicated Hunter,PREFERENCE_DEDICATED_HUNTER_DEER,MODELED_PREFERENCE,TARGET,True,Modeled by engine.utah_draw_predictive.dedicated_hunter.
hybrid_ml_v2.1.0,utah_preference_dedicated_hunter_deer_v1.0.0,2026,2026,DB1781,Nine Mile,Deer,Buck,General Season,Dedicated Hunter,Nonresident,15,dedicated_hunter,1,1,,,,,0,0,0,0,1,1.000000,,,1.000000,,,100.000,,-15,0,ABOVE CUTOFF,YELLOW,GREEN LIGHT,"2021,2022,2023,2024,2025",5,2025,2021,predictive,preference_dedicated_hunter_deer,TRUE,Forecasted from 2025 dedicated hunter ladder with residency quota split and preference carry-forward.,Dedicated Hunter,PREFERENCE_DEDICATED_HUNTER_DEER,MODELED_PREFERENCE,TARGET,True,Modeled by engine.utah_draw_predictive.dedicated_hunter.
hybrid_ml_v2.1.0,utah_preference_dedicated_hunter_deer_v1.0.0,2026,2026,DB1781,Nine Mile,Deer,Buck,General Season,Dedicated Hunter,Nonresident,16,dedicated_hunter,1,1,,,,,0,0,0,0,1,1.000000,,,1.000000,,,100.000,,-16,0,ABOVE CUTOFF,YELLOW,GREEN LIGHT,"2021,2022,2023,2024,2025",5,2025,2021,predictive,preference_dedicated_hunter_deer,TRUE,Forecasted from 2025 dedicated hunter ladder with residency quota split and preference carry-forward.,Dedicated Hunter,PREFERENCE_DEDICATED_HUNTER_DEER,MODELED_PREFERENCE,TARGET,True,Modeled by engine.utah_draw_predictive.dedicated_hunter.
hybrid_ml_v2.1.0,utah_preference_dedicated_hunter_deer_v1.0.0,2026,2026,DB1781,Nine Mile,Deer,Buck,General Season,Dedicated Hunter,Nonresident,17,dedicated_hunter,1,1,,,,,0,0,0,0,1,1.000000,,,1.000000,,,100.000,,-17,0,ABOVE CUTOFF,YELLOW,GREEN LIGHT,"2021,2022,2023,2024,2025",5,2025,2021,predictive,preference_dedicated_hunter_deer,TRUE,Forecasted from 2025 dedicated hunter ladder with residency quota split and preference carry-forward.,Dedicated Hunter,PREFERENCE_DEDICATED_HUNTER_DEER,MODELED_PREFERENCE,TARGET,True,Modeled by engine.utah_draw_predictive.dedicated_hunter.
hybrid_ml_v2.1.0,utah_preference_dedicated_hunter_deer_v1.0.0,2026,2026,DB1781,Nine Mile,Deer,Buck,General Season,Dedicated Hunter,Nonresident,18,dedicated_hunter,1,1,,,,,0,0,0,0,1,1.000000,,,1.000000,,,100.000,,-18,0,ABOVE CUTOFF,YELLOW,GREEN LIGHT,"2021,2022,2023,2024,2025",5,2025,2021,predictive,preference_dedicated_hunter_deer,TRUE,Forecasted from 2025 dedicated hunter ladder with residency quota split and preference carry-forward.,Dedicated Hunter,PREFERENCE_DEDICATED_HUNTER_DEER,MODELED_PREFERENCE,TARGET,True,Modeled by engine.utah_draw_predictive.dedicated_hunter.
hybrid_ml_v2.1.0,utah_preference_dedicated_hunter_deer_v1.0.0,2026,2026,DB1781,Nine Mile,Deer,Buck,General Season,Dedicated Hunter,Nonresident,19,dedicated_hunter,1,1,,,,,0,0,0,0,1,1.000000,,,1.000000,,,100.000,,-19,0,ABOVE CUTOFF,YELLOW,GREEN LIGHT,"2021,2022,2023,2024,2025",5,2025,2021,predictive,preference_dedicated_hunter_deer,TRUE,Forecasted from 2025 dedicated hunter ladder with residency quota split and preference carry-forward.,Dedicated Hunter,PREFERENCE_DEDICATED_HUNTER_DEER,MODELED_PREFERENCE,TARGET,True,Modeled by engine.utah_draw_predictive.dedicated_hunter.
hybrid_ml_v2.1.0,utah_preference_dedicated_hunter_deer_v1.0.0,2026,2026,DB1781,Nine Mile,Deer,Buck,General Season,Dedicated Hunter,Nonresident,20,dedicated_hunter,1,1,,,,,0,0,0,0,1,1.000000,,,1.000000,,,100.000,,-20,0,ABOVE CUTOFF,YELLOW,GREEN LIGHT,"2021,2022,2023,2024,2025",5,2025,2021,predictive,preference_dedicated_hunter_deer,TRUE,Forecasted from 2025 dedicated hunter ladder with residency quota split and preference carry-forward.,Dedicated Hunter,PREFERENCE_DEDICATED_HUNTER_DEER,MODELED_PREFERENCE,TARGET,True,Modeled by engine.utah_draw_predictive.dedicated_hunter.
hybrid_ml_v2.1.0,utah_preference_dedicated_hunter_deer_v1.0.0,2026,2026,DB1781,Nine Mile,Deer,Buck,General Season,Dedicated Hunter,Nonresident,21,dedicated_hunter,1,1,,,,,0,0,0,0,1,1.000000,,,1.000000,,,100.000,,-21,0,ABOVE CUTOFF,YELLOW,GREEN LIGHT,"2021,2022,2023,2024,2025",5,2025,2021,predictive,preference_dedicated_hunter_deer,TRUE,Forecasted from 2025 dedicated hunter ladder with residency quota split and preference carry-forward.,Dedicated Hunter,PREFERENCE_DEDICATED_HUNTER_DEER,MODELED_PREFERENCE,TARGET,True,Modeled by engine.utah_draw_predictive.dedicated_hunter.
hybrid_ml_v2.1.0,utah_preference_dedicated_hunter_deer_v1.0.0,2026,2026,DB1781,Nine Mile,Deer,Buck,General Season,Dedicated Hunter,Nonresident,22,dedicated_hunter,1,1,,,,,0,0,0,0,1,1.000000,,,1.000000,,,100.000,,-22,0,ABOVE CUTOFF,YELLOW,GREEN LIGHT,"2021,2022,2023,2024,2025",5,2025,2021,predictive,preference_dedicated_hunter_deer,TRUE,Forecasted from 2025 dedicated hunter ladder with residency quota split and preference carry-forward.,Dedicated Hunter,PREFERENCE_DEDICATED_HUNTER_DEER,MODELED_PREFERENCE,TARGET,True,Modeled by engine.utah_draw_predictive.dedicated_hunter.
hybrid_ml_v2.1.0,utah_preference_dedicated_hunter_deer_v1.0.0,2026,2026,DB1781,Nine Mile,Deer,Buck,General Season,Dedicated Hunter,Nonresident,23,dedicated_hunter,1,1,,,,,0,0,0,0,1,1.000000,,,1.000000,,,100.000,,-23,0,ABOVE CUTOFF,YELLOW,GREEN LIGHT,"2021,2022,2023,2024,2025",5,2025,2021,predictive,preference_dedicated_hunter_deer,TRUE,Forecasted from 2025 dedicated hunter ladder with residency quota split and preference carry-forward.,Dedicated Hunter,PREFERENCE_DEDICATED_HUNTER_DEER,MODELED_PREFERENCE,TARGET,True,Modeled by engine.utah_draw_predictive.dedicated_hunter.
hybrid_ml_v2.1.0,utah_preference_dedicated_hunter_deer_v1.0.0,2026,2026,DB1781,Nine Mile,Deer,Buck,General Season,Dedicated Hunter,Nonresident,24,dedicated_hunter,1,1,,,,,0,0,0,0,1,1.000000,,,1.000000,,,100.000,,-24,0,ABOVE CUTOFF,YELLOW,GREEN LIGHT,"2021,2022,2023,2024,2025",5,2025,2021,predictive,preference_dedicated_hunter_deer,TRUE,Forecasted from 2025 dedicated hunter ladder with residency quota split and preference carry-forward.,Dedicated Hunter,PREFERENCE_DEDICATED_HUNTER_DEER,MODELED_PREFERENCE,TARGET,True,Modeled by engine.utah_draw_predictive.dedicated_hunter.
hybrid_ml_v2.1.0,utah_preference_dedicated_hunter_deer_v1.0.0,2026,2026,DB1781,Nine Mile,Deer,Buck,General Season,Dedicated Hunter,Resident,0,dedicated_hunter,42,48,,,,,0,0,0,34,34,1.000000,,,1.000000,,,100.000,,0,0,ABOVE CUTOFF,YELLOW,GREEN LIGHT,"2021,2022,2023,2024,2025",5,2025,2021,predictive,preference_dedicated_hunter_deer,TRUE,Forecasted from 2025 dedicated hunter ladder with residency quota split and preference carry-forward.,Dedicated Hunter,PREFERENCE_DEDICATED_HUNTER_DEER,MODELED_PREFERENCE,TARGET,True,Modeled by engine.utah_draw_predictive.dedicated_hunter.
hybrid_ml_v2.1.0,utah_preference_dedicated_hunter_deer_v1.0.0,2026,2026,DB1781,Nine Mile,Deer,Buck,General Season,Dedicated Hunter,Resident,1,dedicated_hunter,42,48,,,,,0,0,0,0,1,1.000000,,,1.000000,,,100.000,,-1,0,ABOVE CUTOFF,YELLOW,GREEN LIGHT,"2021,2022,2023,2024,2025",5,2025,2021,predictive,preference_dedicated_hunter_deer,TRUE,Forecasted from 2025 dedicated hunter ladder with residency quota split and preference carry-forward.,Dedicated Hunter,PREFERENCE_DEDICATED_HUNTER_DEER,MODELED_PREFERENCE,TARGET,True,Modeled by engine.utah_draw_predictive.dedicated_hunter.
hybrid_ml_v2.1.0,utah_preference_dedicated_hunter_deer_v1.0.0,2026,2026,DB1781,Nine Mile,Deer,Buck,General Season,Dedicated Hunter,Resident,2,dedicated_hunter,42,48,,,,,0,0,0,0,1,1.000000,,,1.000000,,,100.000,,-2,0,ABOVE CUTOFF,YELLOW,GREEN LIGHT,"2021,2022,2023,2024,2025",5,2025,2021,predictive,preference_dedicated_hunter_deer,TRUE,Forecasted from 2025 dedicated hunter ladder with residency quota split and preference carry-forward.,Dedicated Hunter,PREFERENCE_DEDICATED_HUNTER_DEER,MODELED_PREFERENCE,TARGET,True,Modeled by engine.utah_draw_predictive.dedicated_hunter.
hybrid_ml_v2.1.0,utah_preference_dedicated_hunter_deer_v1.0.0,2026,2026,DB1781,Nine Mile,Deer,Buck,General Season,Dedicated Hunter,Resident,3,dedicated_hunter,42,48,,,,,0,0,0,0,1,1.000000,,,1.000000,,,100.000,,-3,0,ABOVE CUTOFF,YELLOW,GREEN LIGHT,"2021,2022,2023,2024,2025",5,2025,2021,predictive,preference_dedicated_hunter_deer,TRUE,Forecasted from 2025 dedicated hunter ladder with residency quota split and preference carry-forward.,Dedicated Hunter,PREFERENCE_DEDICATED_HUNTER_DEER,MODELED_PREFERENCE,TARGET,True,Modeled by engine.utah_draw_predictive.dedicated_hunter.
hybrid_ml_v2.1.0,utah_preference_dedicated_hunter_deer_v1.0.0,2026,2026,DB1781,Nine Mile,Deer,Buck,General Season,Dedicated Hunter,Resident,4,dedicated_hunter,42,48,,,,,0,0,0,0,1,1.000000,,,1.000000,,,100.000,,-4,0,ABOVE CUTOFF,YELLOW,GREEN LIGHT,"2021,2022,2023,2024,2025",5,2025,2021,predictive,preference_dedicated_hunter_deer,TRUE,Forecasted from 2025 dedicated hunter ladder with residency quota split and preference carry-forward.,Dedicated Hunter,PREFERENCE_DEDICATED_HUNTER_DEER,MODELED_PREFERENCE,TARGET,True,Modeled by engine.utah_draw_predictive.dedicated_hunter.
hybrid_ml_v2.1.0,utah_preference_dedicated_hunter_deer_v1.0.0,2026,2026,DB1781,Nine Mile,Deer,Buck,General Season,Dedicated Hunter,Resident,5,dedicated_hunter,42,48,,,,,0,0,0,0,1,1.000000,,,1.000000,,,100.000,,-5,0,ABOVE CUTOFF,YELLOW,GREEN LIGHT,"2021,2022,2023,2024,2025",5,2025,2021,predictive,preference_dedicated_hunter_deer,TRUE,Forecasted from 2025 dedicated hunter ladder with residency quota split and preference carry-forward.,Dedicated Hunter,PREFERENCE_DEDICATED_HUNTER_DEER,MODELED_PREFERENCE,TARGET,True,Modeled by engine.utah_draw_predictive.dedicated_hunter.
hybrid_ml_v2.1.0,utah_preference_dedicated_hunter_deer_v1.0.0,2026,2026,DB1781,Nine Mile,Deer,Buck,General Season,Dedicated Hunter,Resident,6,dedicated_hunter,42,48,,,,,0,0,0,0,1,1.000000,,,1.000000,,,100.000,,-6,0,ABOVE CUTOFF,YELLOW,GREEN LIGHT,"2021,2022,2023,2024,2025",5,2025,2021,predictive,preference_dedicated_hunter_deer,TRUE,Forecasted from 2025 dedicated hunter ladder with residency quota split and preference carry-forward.,Dedicated Hunter,PREFERENCE_DEDICATED_HUNTER_DEER,MODELED_PREFERENCE,TARGET,True,Modeled by engine.utah_draw_predictive.dedicated_hunter.
hybrid_ml_v2.1.0,utah_preference_dedicated_hunter_deer_v1.0.0,2026,2026,DB1781,Nine Mile,Deer,Buck,General Season,Dedicated Hunter,Resident,7,dedicated_hunter,42,48,,,,,0,0,0,0,1,1.000000,,,1.000000,,,100.000,,-7,0,ABOVE CUTOFF,YELLOW,GREEN LIGHT,"2021,2022,2023,2024,2025",5,2025,2021,predictive,preference_dedicated_hunter_deer,TRUE,Forecasted from 2025 dedicated hunter ladder with residency quota split and preference carry-forward.,Dedicated Hunter,PREFERENCE_DEDICATED_HUNTER_DEER,MODELED_PREFERENCE,TARGET,True,Modeled by engine.utah_draw_predictive.dedicated_hunter.
hybrid_ml_v2.1.0,utah_preference_dedicated_hunter_deer_v1.0.0,2026,2026,DB1781,Nine Mile,Deer,Buck,General Season,Dedicated Hunter,Resident,8,dedicated_hunter,42,48,,,,,0,0,0,0,1,1.000000,,,1.000000,,,100.000,,-8,0,ABOVE CUTOFF,YELLOW,GREEN LIGHT,"2021,2022,2023,2024,2025",5,2025,2021,predictive,preference_dedicated_hunter_deer,TRUE,Forecasted from 2025 dedicated hunter ladder with residency quota split and preference carry-forward.,Dedicated Hunter,PREFERENCE_DEDICATED_HUNTER_DEER,MODELED_PREFERENCE,TARGET,True,Modeled by engine.utah_draw_predictive.dedicated_hunter.
hybrid_ml_v2.1.0,utah_preference_dedicated_hunter_deer_v1.0.0,2026,2026,DB1781,Nine Mile,Deer,Buck,General Season,Dedicated Hunter,Resident,9,dedicated_hunter,42,48,,,,,0,0,0,0,1,1.000000,,,1.000000,,,100.000,,-9,0,ABOVE CUTOFF,YELLOW,GREEN LIGHT,"2021,2022,2023,2024,2025",5,2025,2021,predictive,preference_dedicated_hunter_deer,TRUE,Forecasted from 2025 dedicated hunter ladder with residency quota split and preference carry-forward.,Dedicated Hunter,PREFERENCE_DEDICATED_HUNTER_DEER,MODELED_PREFERENCE,TARGET,True,Modeled by engine.utah_draw_predictive.dedicated_hunter.
hybrid_ml_v2.1.0,utah_preference_dedicated_hunter_deer_v1.0.0,2026,2026,DB1781,Nine Mile,Deer,Buck,General Season,Dedicated Hunter,Resident,10,dedicated_hunter,42,48,,,,,0,0,0,0,1,1.000000,,,1.000000,,,100.000,,-10,0,ABOVE CUTOFF,YELLOW,GREEN LIGHT,"2021,2022,2023,2024,2025",5,2025,2021,predictive,preference_dedicated_hunter_deer,TRUE,Forecasted from 2025 dedicated hunter ladder with residency quota split and preference carry-forward.,Dedicated Hunter,PREFERENCE_DEDICATED_HUNTER_DEER,MODELED_PREFERENCE,TARGET,True,Modeled by engine.utah_draw_predictive.dedicated_hunter.
hybrid_ml_v2.1.0,utah_preference_dedicated_hunter_deer_v1.0.0,2026,2026,DB1781,Nine Mile,Deer,Buck,General Season,Dedicated Hunter,Resident,11,dedicated_hunter,42,48,,,,,0,0,0,0,1,1.000000,,,1.000000,,,100.000,,-11,0,ABOVE CUTOFF,YELLOW,GREEN LIGHT,"2021,2022,2023,2024,2025",5,2025,2021,predictive,preference_dedicated_hunter_deer,TRUE,Forecasted from 2025 dedicated hunter ladder with residency quota split and preference carry-forward.,Dedicated Hunter,PREFERENCE_DEDICATED_HUNTER_DEER,MODELED_PREFERENCE,TARGET,True,Modeled by engine.utah_draw_predictive.dedicated_hunter.
hybrid_ml_v2.1.0,utah_preference_dedicated_hunter_deer_v1.0.0,2026,2026,DB1781,Nine Mile,Deer,Buck,General Season,Dedicated Hunter,Resident,12,dedicated_hunter,42,48,,,,,0,0,0,0,1,1.000000,,,1.000000,,,100.000,,-12,0,ABOVE CUTOFF,YELLOW,GREEN LIGHT,"2021,2022,2023,2024,2025",5,2025,2021,predictive,preference_dedicated_hunter_deer,TRUE,Forecasted from 2025 dedicated hunter ladder with residency quota split and preference carry-forward.,Dedicated Hunter,PREFERENCE_DEDICATED_HUNTER_DEER,MODELED_PREFERENCE,TARGET,True,Modeled by engine.utah_draw_predictive.dedicated_hunter.
hybrid_ml_v2.1.0,utah_preference_dedicated_hunter_deer_v1.0.0,2026,2026,DB1781,Nine Mile,Deer,Buck,General Season,Dedicated Hunter,Resident,13,dedicated_hunter,42,48,,,,,0,0,0,0,1,1.000000,,,1.000000,,,100.000,,-13,0,ABOVE CUTOFF,YELLOW,GREEN LIGHT,"2021,2022,2023,2024,2025",5,2025,2021,predictive,preference_dedicated_hunter_deer,TRUE,Forecasted from 2025 dedicated hunter ladder with residency quota split and preference carry-forward.,Dedicated Hunter,PREFERENCE_DEDICATED_HUNTER_DEER,MODELED_PREFERENCE,TARGET,True,Modeled by engine.utah_draw_predictive.dedicated_hunter.
hybrid_ml_v2.1.0,utah_preference_dedicated_hunter_deer_v1.0.0,2026,2026,DB1781,Nine Mile,Deer,Buck,General Season,Dedicated Hunter,Resident,14,dedicated_hunter,42,48,,,,,0,0,0,0,1,1.000000,,,1.000000,,,100.000,,-14,0,ABOVE CUTOFF,YELLOW,GREEN LIGHT,"2021,2022,2023,2024,2025",5,2025,2021,predictive,preference_dedicated_hunter_deer,TRUE,Forecasted from 2025 dedicated hunter ladder with residency quota split and preference carry-forward.,Dedicated Hunter,PREFERENCE_DEDICATED_HUNTER_DEER,MODELED_PREFERENCE,TARGET,True,Modeled by engine.utah_draw_predictive.dedicated_hunter.
hybrid_ml_v2.1.0,utah_preference_dedicated_hunter_deer_v1.0.0,2026,2026,DB1781,Nine Mile,Deer,Buck,General Season,Dedicated Hunter,Resident,15,dedicated_hunter,42,48,,,,,0,0,0,0,1,1.000000,,,1.000000,,,100.000,,-15,0,ABOVE CUTOFF,YELLOW,GREEN LIGHT,"2021,2022,2023,2024,2025",5,2025,2021,predictive,preference_dedicated_hunter_deer,TRUE,Forecasted from 2025 dedicated hunter ladder with residency quota split and preference carry-forward.,Dedicated Hunter,PREFERENCE_DEDICATED_HUNTER_DEER,MODELED_PREFERENCE,TARGET,True,Modeled by engine.utah_draw_predictive.dedicated_hunter.
hybrid_ml_v2.1.0,utah_preference_dedicated_hunter_deer_v1.0.0,2026,2026,DB1781,Nine Mile,Deer,Buck,General Season,Dedicated Hunter,Resident,16,dedicated_hunter,42,48,,,,,0,0,0,0,1,1.000000,,,1.000000,,,100.000,,-16,0,ABOVE CUTOFF,YELLOW,GREEN LIGHT,"2021,2022,2023,2024,2025",5,2025,2021,predictive,preference_dedicated_hunter_deer,TRUE,Forecasted from 2025 dedicated hunter ladder with residency quota split and preference carry-forward.,Dedicated Hunter,PREFERENCE_DEDICATED_HUNTER_DEER,MODELED_PREFERENCE,TARGET,True,Modeled by engine.utah_draw_predictive.dedicated_hunter.
hybrid_ml_v2.1.0,utah_preference_dedicated_hunter_deer_v1.0.0,2026,2026,DB1781,Nine Mile,Deer,Buck,General Season,Dedicated Hunter,Resident,17,dedicated_hunter,42,48,,,,,0,0,0,0,1,1.000000,,,1.000000,,,100.000,,-17,0,ABOVE CUTOFF,YELLOW,GREEN LIGHT,"2021,2022,2023,2024,2025",5,2025,2021,predictive,preference_dedicated_hunter_deer,TRUE,Forecasted from 2025 dedicated hunter ladder with residency quota split and preference carry-forward.,Dedicated Hunter,PREFERENCE_DEDICATED_HUNTER_DEER,MODELED_PREFERENCE,TARGET,True,Modeled by engine.utah_draw_predictive.dedicated_hunter.
hybrid_ml_v2.1.0,utah_preference_dedicated_hunter_deer_v1.0.0,2026,2026,DB1781,Nine Mile,Deer,Buck,General Season,Dedicated Hunter,Resident,18,dedicated_hunter,42,48,,,,,0,0,0,0,1,1.000000,,,1.000000,,,100.000,,-18,0,ABOVE CUTOFF,YELLOW,GREEN LIGHT,"2021,2022,2023,2024,2025",5,2025,2021,predictive,preference_dedicated_hunter_deer,TRUE,Forecasted from 2025 dedicated hunter ladder with residency quota split and preference carry-forward.,Dedicated Hunter,PREFERENCE_DEDICATED_HUNTER_DEER,MODELED_PREFERENCE,TARGET,True,Modeled by engine.utah_draw_predictive.dedicated_hunter.
hybrid_ml_v2.1.0,utah_preference_dedicated_hunter_deer_v1.0.0,2026,2026,DB1781,Nine Mile,Deer,Buck,General Season,Dedicated Hunter,Resident,19,dedicated_hunter,42,48,,,,,0,0,0,0,1,1.000000,,,1.000000,,,100.000,,-19,0,ABOVE CUTOFF,YELLOW,GREEN LIGHT,"2021,2022,2023,2024,2025",5,2025,2021,predictive,preference_dedicated_hunter_deer,TRUE,Forecasted from 2025 dedicated hunter ladder with residency quota split and preference carry-forward.,Dedicated Hunter,PREFERENCE_DEDICATED_HUNTER_DEER,MODELED_PREFERENCE,TARGET,True,Modeled by engine.utah_draw_predictive.dedicated_hunter.
hybrid_ml_v2.1.0,utah_preference_dedicated_hunter_deer_v1.0.0,2026,2026,DB1781,Nine Mile,Deer,Buck,General Season,Dedicated Hunter,Resident,20,dedicated_hunter,42,48,,,,,0,0,0,0,1,1.000000,,,1.000000,,,100.000,,-20,0,ABOVE CUTOFF,YELLOW,GREEN LIGHT,"2021,2022,2023,2024,2025",5,2025,2021,predictive,preference_dedicated_hunter_deer,TRUE,Forecasted from 2025 dedicated hunter ladder with residency quota split and preference carry-forward.,Dedicated Hunter,PREFERENCE_DEDICATED_HUNTER_DEER,MODELED_PREFERENCE,TARGET,True,Modeled by engine.utah_draw_predictive.dedicated_hunter.
hybrid_ml_v2.1.0,utah_preference_dedicated_hunter_deer_v1.0.0,2026,2026,DB1781,Nine Mile,Deer,Buck,General Season,Dedicated Hunter,Resident,21,dedicated_hunter,42,48,,,,,0,0,0,0,1,1.000000,,,1.000000,,,100.000,,-21,0,ABOVE CUTOFF,YELLOW,GREEN LIGHT,"2021,2022,2023,2024,2025",5,2025,2021,predictive,preference_dedicated_hunter_deer,TRUE,Forecasted from 2025 dedicated hunter ladder with residency quota split and preference carry-forward.,Dedicated Hunter,PREFERENCE_DEDICATED_HUNTER_DEER,MODELED_PREFERENCE,TARGET,True,Modeled by engine.utah_draw_predictive.dedicated_hunter.
hybrid_ml_v2.1.0,utah_preference_dedicated_hunter_deer_v1.0.0,2026,2026,DB1781,Nine Mile,Deer,Buck,General Season,Dedicated Hunter,Resident,22,dedicated_hunter,42,48,,,,,0,0,0,0,1,1.000000,,,1.000000,,,100.000,,-22,0,ABOVE CUTOFF,YELLOW,GREEN LIGHT,"2021,2022,2023,2024,2025",5,2025,2021,predictive,preference_dedicated_hunter_deer,TRUE,Forecasted from 2025 dedicated hunter ladder with residency quota split and preference carry-forward.,Dedicated Hunter,PREFERENCE_DEDICATED_HUNTER_DEER,MODELED_PREFERENCE,TARGET,True,Modeled by engine.utah_draw_predictive.dedicated_hunter.
hybrid_ml_v2.1.0,utah_preference_dedicated_hunter_deer_v1.0.0,2026,2026,DB1781,Nine Mile,Deer,Buck,General Season,Dedicated Hunter,Resident,23,dedicated_hunter,42,48,,,,,0,0,0,0,1,1.000000,,,1.000000,,,100.000,,-23,0,ABOVE CUTOFF,YELLOW,GREEN LIGHT,"2021,2022,2023,2024,2025",5,2025,2021,predictive,preference_dedicated_hunter_deer,TRUE,Forecasted from 2025 dedicated hunter ladder with residency quota split and preference carry-forward.,Dedicated Hunter,PREFERENCE_DEDICATED_HUNTER_DEER,MODELED_PREFERENCE,TARGET,True,Modeled by engine.utah_draw_predictive.dedicated_hunter.
hybrid_ml_v2.1.0,utah_preference_dedicated_hunter_deer_v1.0.0,2026,2026,DB1781,Nine Mile,Deer,Buck,General Season,Dedicated Hunter,Resident,24,dedicated_hunter,42,48,,,,,0,0,0,0,1,1.000000,,,1.000000,,,100.000,,-24,0,ABOVE CUTOFF,YELLOW,GREEN LIGHT,"2021,2022,2023,2024,2025",5,2025,2021,predictive,preference_dedicated_hunter_deer,TRUE,Forecasted from 2025 dedicated hunter ladder with residency quota split and preference carry-forward.,Dedicated Hunter,PREFERENCE_DEDICATED_HUNTER_DEER,MODELED_PREFERENCE,TARGET,True,Modeled by engine.utah_draw_predictive.dedicated_hunter.
hybrid_ml_v2.1.0,utah_preference_dedicated_hunter_deer_v1.0.0,2026,2026,DB1782,North Slope,Deer,Buck,General Season,Dedicated Hunter,Nonresident,0,dedicated_hunter,0,1,,,,,,,0,0,1,1.000000,,,1.000000,,,100.000,,,,ABOVE CUTOFF,YELLOW,GREEN LIGHT,"2021,2022,2023,2024,2025",5,2025,2021,predictive,preference_dedicated_hunter_deer,TRUE,Forecasted from 2025 dedicated hunter ladder with residency quota split and preference carry-forward.,Dedicated Hunter,PREFERENCE_DEDICATED_HUNTER_DEER,MODELED_PREFERENCE,TARGET,True,Modeled by engine.utah_draw_predictive.dedicated_hunter.
hybrid_ml_v2.1.0,utah_preference_dedicated_hunter_deer_v1.0.0,2026,2026,DB1782,North Slope,Deer,Buck,General Season,Dedicated Hunter,Nonresident,1,dedicated_hunter,0,1,,,,,,,0,0,1,1.000000,,,1.000000,,,100.000,,,,ABOVE CUTOFF,YELLOW,GREEN LIGHT,"2021,2022,2023,2024,2025",5,2025,2021,predictive,preference_dedicated_hunter_deer,TRUE,Forecasted from 2025 dedicated hunter ladder with residency quota split and preference carry-forward.,Dedicated Hunter,PREFERENCE_DEDICATED_HUNTER_DEER,MODELED_PREFERENCE,TARGET,True,Modeled by engine.utah_draw_predictive.dedicated_hunter.
hybrid_ml_v2.1.0,utah_preference_dedicated_hunter_deer_v1.0.0,2026,2026,DB1782,North Slope,Deer,Buck,General Season,Dedicated Hunter,Nonresident,2,dedicated_hunter,0,1,,,,,,,0,0,1,1.000000,,,1.000000,,,100.000,,,,ABOVE CUTOFF,YELLOW,GREEN LIGHT,"2021,2022,2023,2024,2025",5,2025,2021,predictive,preference_dedicated_hunter_deer,TRUE,Forecasted from 2025 dedicated hunter ladder with residency quota split and preference carry-forward.,Dedicated Hunter,PREFERENCE_DEDICATED_HUNTER_DEER,MODELED_PREFERENCE,TARGET,True,Modeled by engine.utah_draw_predictive.dedicated_hunter.
hybrid_ml_v2.1.0,utah_preference_dedicated_hunter_deer_v1.0.0,2026,2026,DB1782,North Slope,Deer,Buck,General Season,Dedicated Hunter,Nonresident,3,dedicated_hunter,0,1,,,,,,,0,0,1,1.000000,,,1.000000,,,100.000,,,,ABOVE CUTOFF,YELLOW,GREEN LIGHT,"2021,2022,2023,2024,2025",5,2025,2021,predictive,preference_dedicated_hunter_deer,TRUE,Forecasted from 2025 dedicated hunter ladder with residency quota split and preference carry-forward.,Dedicated Hunter,PREFERENCE_DEDICATED_HUNTER_DEER,MODELED_PREFERENCE,TARGET,True,Modeled by engine.utah_draw_predictive.dedicated_hunter.
hybrid_ml_v2.1.0,utah_preference_dedicated_hunter_deer_v1.0.0,2026,2026,DB1782,North Slope,Deer,Buck,General Season,Dedicated Hunter,Nonresident,4,dedicated_hunter,0,1,,,,,,,0,0,1,1.000000,,,1.000000,,,100.000,,,,ABOVE CUTOFF,YELLOW,GREEN LIGHT,"2021,2022,2023,2024,2025",5,2025,2021,predictive,preference_dedicated_hunter_deer,TRUE,Forecasted from 2025 dedicated hunter ladder with residency quota split and preference carry-forward.,Dedicated Hunter,PREFERENCE_DEDICATED_HUNTER_DEER,MODELED_PREFERENCE,TARGET,True,Modeled by engine.utah_draw_predictive.dedicated_hunter.
hybrid_ml_v2.1.0,utah_preference_dedicated_hunter_deer_v1.0.0,2026,2026,DB1782,North Slope,Deer,Buck,General Season,Dedicated Hunter,Nonresident,5,dedicated_hunter,0,1,,,,,,,0,0,1,1.000000,,,1.000000,,,100.000,,,,ABOVE CUTOFF,YELLOW,GREEN LIGHT,"2021,2022,2023,2024,2025",5,2025,2021,predictive,preference_dedicated_hunter_deer,TRUE,Forecasted from 2025 dedicated hunter ladder with residency quota split and preference carry-forward.,Dedicated Hunter,PREFERENCE_DEDICATED_HUNTER_DEER,MODELED_PREFERENCE,TARGET,True,Modeled by engine.utah_draw_predictive.dedicated_hunter.
hybrid_ml_v2.1.0,utah_preference_dedicated_hunter_deer_v1.0.0,2026,2026,DB1782,North Slope,Deer,Buck,General Season,Dedicated Hunter,Nonresident,6,dedicated_hunter,0,1,,,,,,,0,0,1,1.000000,,,1.000000,,,100.000,,,,ABOVE CUTOFF,YELLOW,GREEN LIGHT,"2021,2022,2023,2024,2025",5,2025,2021,predictive,preference_dedicated_hunter_deer,TRUE,Forecasted from 2025 dedicated hunter ladder with residency quota split and preference carry-forward.,Dedicated Hunter,PREFERENCE_DEDICATED_HUNTER_DEER,MODELED_PREFERENCE,TARGET,True,Modeled by engine.utah_draw_predictive.dedicated_hunter.
hybrid_ml_v2.1.0,utah_preference_dedicated_hunter_deer_v1.0.0,2026,2026,DB1782,North Slope,Deer,Buck,General Season,Dedicated Hunter,Nonresident,7,dedicated_hunter,0,1,,,,,,,0,0,1,1.000000,,,1.000000,,,100.000,,,,ABOVE CUTOFF,YELLOW,GREEN LIGHT,"2021,2022,2023,2024,2025",5,2025,2021,predictive,preference_dedicated_hunter_deer,TRUE,Forecasted from 2025 dedicated hunter ladder with residency quota split and preference carry-forward.,Dedicated Hunter,PREFERENCE_DEDICATED_HUNTER_DEER,MODELED_PREFERENCE,TARGET,True,Modeled by engine.utah_draw_predictive.dedicated_hunter.
hybrid_ml_v2.1.0,utah_preference_dedicated_hunter_deer_v1.0.0,2026,2026,DB1782,North Slope,Deer,Buck,General Season,Dedicated Hunter,Nonresident,8,dedicated_hunter,0,1,,,,,,,0,0,1,1.000000,,,1.000000,,,100.000,,,,ABOVE CUTOFF,YELLOW,GREEN LIGHT,"2021,2022,2023,2024,2025",5,2025,2021,predictive,preference_dedicated_hunter_deer,TRUE,Forecasted from 2025 dedicated hunter ladder with residency quota split and preference carry-forward.,Dedicated Hunter,PREFERENCE_DEDICATED_HUNTER_DEER,MODELED_PREFERENCE,TARGET,True,Modeled by engine.utah_draw_predictive.dedicated_hunter.
hybrid_ml_v2.1.0,utah_preference_dedicated_hunter_deer_v1.0.0,2026,2026,DB1782,North Slope,Deer,Buck,General Season,Dedicated Hunter,Nonresident,9,dedicated_hunter,0,1,,,,,,,0,0,1,1.000000,,,1.000000,,,100.000,,,,ABOVE CUTOFF,YELLOW,GREEN LIGHT,"2021,2022,2023,2024,2025",5,2025,2021,predictive,preference_dedicated_hunter_deer,TRUE,Forecasted from 2025 dedicated hunter ladder with residency quota split and preference carry-forward.,Dedicated Hunter,PREFERENCE_DEDICATED_HUNTER_DEER,MODELED_PREFERENCE,TARGET,True,Modeled by engine.utah_draw_predictive.dedicated_hunter.
hybrid_ml_v2.1.0,utah_preference_dedicated_hunter_deer_v1.0.0,2026,2026,DB1782,North Slope,Deer,Buck,General Season,Dedicated Hunter,Nonresident,10,dedicated_hunter,0,1,,,,,,,0,0,1,1.000000,,,1.000000,,,100.000,,,,ABOVE CUTOFF,YELLOW,GREEN LIGHT,"2021,2022,2023,2024,2025",5,2025,2021,predictive,preference_dedicated_hunter_deer,TRUE,Forecasted from 2025 dedicated hunter ladder with residency quota split and preference carry-forward.,Dedicated Hunter,PREFERENCE_DEDICATED_HUNTER_DEER,MODELED_PREFERENCE,TARGET,True,Modeled by engine.utah_draw_predictive.dedicated_hunter.
hybrid_ml_v2.1.0,utah_preference_dedicated_hunter_deer_v1.0.0,2026,2026,DB1782,North Slope,Deer,Buck,General Season,Dedicated Hunter,Nonresident,11,dedicated_hunter,0,1,,,,,,,0,0,1,1.000000,,,1.000000,,,100.000,,,,ABOVE CUTOFF,YELLOW,GREEN LIGHT,"2021,2022,2023,2024,2025",5,2025,2021,predictive,preference_dedicated_hunter_deer,TRUE,Forecasted from 2025 dedicated hunter ladder with residency quota split and preference carry-forward.,Dedicated Hunter,PREFERENCE_DEDICATED_HUNTER_DEER,MODELED_PREFERENCE,TARGET,True,Modeled by engine.utah_draw_predictive.dedicated_hunter.
hybrid_ml_v2.1.0,utah_preference_dedicated_hunter_deer_v1.0.0,2026,2026,DB1782,North Slope,Deer,Buck,General Season,Dedicated Hunter,Nonresident,12,dedicated_hunter,0,1,,,,,,,0,0,1,1.000000,,,1.000000,,,100.000,,,,ABOVE CUTOFF,YELLOW,GREEN LIGHT,"2021,2022,2023,2024,2025",5,2025,2021,predictive,preference_dedicated_hunter_deer,TRUE,Forecasted from 2025 dedicated hunter ladder with residency quota split and preference carry-forward.,Dedicated Hunter,PREFERENCE_DEDICATED_HUNTER_DEER,MODELED_PREFERENCE,TARGET,True,Modeled by engine.utah_draw_predictive.dedicated_hunter.
hybrid_ml_v2.1.0,utah_preference_dedicated_hunter_deer_v1.0.0,2026,2026,DB1782,North Slope,Deer,Buck,General Season,Dedicated Hunter,Nonresident,13,dedicated_hunter,0,1,,,,,,,0,0,1,1.000000,,,1.000000,,,100.000,,,,ABOVE CUTOFF,YELLOW,GREEN LIGHT,"2021,2022,2023,2024,2025",5,2025,2021,predictive,preference_dedicated_hunter_deer,TRUE,Forecasted from 2025 dedicated hunter ladder with residency quota split and preference carry-forward.,Dedicated Hunter,PREFERENCE_DEDICATED_HUNTER_DEER,MODELED_PREFERENCE,TARGET,True,Modeled by engine.utah_draw_predictive.dedicated_hunter.
hybrid_ml_v2.1.0,utah_preference_dedicated_hunter_deer_v1.0.0,2026,2026,DB1782,North Slope,Deer,Buck,General Season,Dedicated Hunter,Nonresident,14,dedicated_hunter,0,1,,,,,,,0,0,1,1.000000,,,1.000000,,,100.000,,,,ABOVE CUTOFF,YELLOW,GREEN LIGHT,"2021,2022,2023,2024,2025",5,2025,2021,predictive,preference_dedicated_hunter_deer,TRUE,Forecasted from 2025 dedicated hunter ladder with residency quota split and preference carry-forward.,Dedicated Hunter,PREFERENCE_DEDICATED_HUNTER_DEER,MODELED_PREFERENCE,TARGET,True,Modeled by engine.utah_draw_predictive.dedicated_hunter.
hybrid_ml_v2.1.0,utah_preference_dedicated_hunter_deer_v1.0.0,2026,2026,DB1782,North Slope,Deer,Buck,General Season,Dedicated Hunter,Nonresident,15,dedicated_hunter,0,1,,,,,,,0,0,1,1.000000,,,1.000000,,,100.000,,,,ABOVE CUTOFF,YELLOW,GREEN LIGHT,"2021,2022,2023,2024,2025",5,2025,2021,predictive,preference_dedicated_hunter_deer,TRUE,Forecasted from 2025 dedicated hunter ladder with residency quota split and preference carry-forward.,Dedicated Hunter,PREFERENCE_DEDICATED_HUNTER_DEER,MODELED_PREFERENCE,TARGET,True,Modeled by engine.utah_draw_predictive.dedicated_hunter.
hybrid_ml_v2.1.0,utah_preference_dedicated_hunter_deer_v1.0.0,2026,2026,DB1782,North Slope,Deer,Buck,General Season,Dedicated Hunter,Nonresident,16,dedicated_hunter,0,1,,,,,,,0,0,1,1.000000,,,1.000000,,,100.000,,,,ABOVE CUTOFF,YELLOW,GREEN LIGHT,"2021,2022,2023,2024,2025",5,2025,2021,predictive,preference_dedicated_hunter_deer,TRUE,Forecasted from 2025 dedicated hunter ladder with residency quota split and preference carry-forward.,Dedicated Hunter,PREFERENCE_DEDICATED_HUNTER_DEER,MODELED_PREFERENCE,TARGET,True,Modeled by engine.utah_draw_predictive.dedicated_hunter.
hybrid_ml_v2.1.0,utah_preference_dedicated_hunter_deer_v1.0.0,2026,2026,DB1782,North Slope,Deer,Buck,General Season,Dedicated Hunter,Nonresident,17,dedicated_hunter,0,1,,,,,,,0,0,1,1.000000,,,1.000000,,,100.000,,,,ABOVE CUTOFF,YELLOW,GREEN LIGHT,"2021,2022,2023,2024,2025",5,2025,2021,predictive,preference_dedicated_hunter_deer,TRUE,Forecasted from 2025 dedicated hunter ladder with residency quota split and preference carry-forward.,Dedicated Hunter,PREFERENCE_DEDICATED_HUNTER_DEER,MODELED_PREFERENCE,TARGET,True,Modeled by engine.utah_draw_predictive.dedicated_hunter.
hybrid_ml_v2.1.0,utah_preference_dedicated_hunter_deer_v1.0.0,2026,2026,DB1782,North Slope,Deer,Buck,General Season,Dedicated Hunter,Nonresident,18,dedicated_hunter,0,1,,,,,,,0,0,1,1.000000,,,1.000000,,,100.000,,,,ABOVE CUTOFF,YELLOW,GREEN LIGHT,"2021,2022,2023,2024,2025",5,2025,2021,predictive,preference_dedicated_hunter_deer,TRUE,Forecasted from 2025 dedicated hunter ladder with residency quota split and preference carry-forward.,Dedicated Hunter,PREFERENCE_DEDICATED_HUNTER_DEER,MODELED_PREFERENCE,TARGET,True,Modeled by engine.utah_draw_predictive.dedicated_hunter.
hybrid_ml_v2.1.0,utah_preference_dedicated_hunter_deer_v1.0.0,2026,2026,DB1782,North Slope,Deer,Buck,General Season,Dedicated Hunter,Nonresident,19,dedicated_hunter,0,1,,,,,,,0,0,1,1.000000,,,1.000000,,,100.000,,,,ABOVE CUTOFF,YELLOW,GREEN LIGHT,"2021,2022,2023,2024,2025",5,2025,2021,predictive,preference_dedicated_hunter_deer,TRUE,Forecasted from 2025 dedicated hunter ladder with residency quota split and preference carry-forward.,Dedicated Hunter,PREFERENCE_DEDICATED_HUNTER_DEER,MODELED_PREFERENCE,TARGET,True,Modeled by engine.utah_draw_predictive.dedicated_hunter.
hybrid_ml_v2.1.0,utah_preference_dedicated_hunter_deer_v1.0.0,2026,2026,DB1782,North Slope,Deer,Buck,General Season,Dedicated Hunter,Nonresident,20,dedicated_hunter,0,1,,,,,,,0,0,1,1.000000,,,1.000000,,,100.000,,,,ABOVE CUTOFF,YELLOW,GREEN LIGHT,"2021,2022,2023,2024,2025",5,2025,2021,predictive,preference_dedicated_hunter_deer,TRUE,Forecasted from 2025 dedicated hunter ladder with residency quota split and preference carry-forward.,Dedicated Hunter,PREFERENCE_DEDICATED_HUNTER_DEER,MODELED_PREFERENCE,TARGET,True,Modeled by engine.utah_draw_predictive.dedicated_hunter.
hybrid_ml_v2.1.0,utah_preference_dedicated_hunter_deer_v1.0.0,2026,2026,DB1782,North Slope,Deer,Buck,General Season,Dedicated Hunter,Nonresident,21,dedicated_hunter,0,1,,,,,,,0,0,1,1.000000,,,1.000000,,,100.000,,,,ABOVE CUTOFF,YELLOW,GREEN LIGHT,"2021,2022,2023,2024,2025",5,2025,2021,predictive,preference_dedicated_hunter_deer,TRUE,Forecasted from 2025 dedicated hunter ladder with residency quota split and preference carry-forward.,Dedicated Hunter,PREFERENCE_DEDICATED_HUNTER_DEER,MODELED_PREFERENCE,TARGET,True,Modeled by engine.utah_draw_predictive.dedicated_hunter.
hybrid_ml_v2.1.0,utah_preference_dedicated_hunter_deer_v1.0.0,2026,2026,DB1782,North Slope,Deer,Buck,General Season,Dedicated Hunter,Nonresident,22,dedicated_hunter,0,1,,,,,,,0,0,1,1.000000,,,1.000000,,,100.000,,,,ABOVE CUTOFF,YELLOW,GREEN LIGHT,"2021,2022,2023,2024,2025",5,2025,2021,predictive,preference_dedicated_hunter_deer,TRUE,Forecasted from 2025 dedicated hunter ladder with residency quota split and preference carry-forward.,Dedicated Hunter,PREFERENCE_DEDICATED_HUNTER_DEER,MODELED_PREFERENCE,TARGET,True,Modeled by engine.utah_draw_predictive.dedicated_hunter.
hybrid_ml_v2.1.0,utah_preference_dedicated_hunter_deer_v1.0.0,2026,2026,DB1782,North Slope,Deer,Buck,General Season,Dedicated Hunter,Nonresident,23,dedicated_hunter,0,1,,,,,,,0,0,1,1.000000,,,1.000000,,,100.000,,,,ABOVE CUTOFF,YELLOW,GREEN LIGHT,"2021,2022,2023,2024,2025",5,2025,2021,predictive,preference_dedicated_hunter_deer,TRUE,Forecasted from 2025 dedicated hunter ladder with residency quota split and preference carry-forward.,Dedicated Hunter,PREFERENCE_DEDICATED_HUNTER_DEER,MODELED_PREFERENCE,TARGET,True,Modeled by engine.utah_draw_predictive.dedicated_hunter.
hybrid_ml_v2.1.0,utah_preference_dedicated_hunter_deer_v1.0.0,2026,2026,DB1782,North Slope,Deer,Buck,General Season,Dedicated Hunter,Nonresident,24,dedicated_hunter,0,1,,,,,,,0,0,1,1.000000,,,1.000000,,,100.000,,,,ABOVE CUTOFF,YELLOW,GREEN LIGHT,"2021,2022,2023,2024,2025",5,2025,2021,predictive,preference_dedicated_hunter_deer,TRUE,Forecasted from 2025 dedicated hunter ladder with residency quota split and preference carry-forward.,Dedicated Hunter,PREFERENCE_DEDICATED_HUNTER_DEER,MODELED_PREFERENCE,TARGET,True,Modeled by engine.utah_draw_predictive.dedicated_hunter.
hybrid_ml_v2.1.0,utah_preference_dedicated_hunter_deer_v1.0.0,2026,2026,DB1782,North Slope,Deer,Buck,General Season,Dedicated Hunter,Resident,0,dedicated_hunter,39,68,,,,,1,0,1,35,35,1.000000,,,1.000000,,,100.000,,0,-1,ABOVE CUTOFF,RED,GREEN LIGHT,"2021,2022,2023,2024,2025",5,2025,2021,predictive,preference_dedicated_hunter_deer,TRUE,Forecasted from 2025 dedicated hunter ladder with residency quota split and preference carry-forward.,Dedicated Hunter,PREFERENCE_DEDICATED_HUNTER_DEER,MODELED_PREFERENCE,TARGET,True,Modeled by engine.utah_draw_predictive.dedicated_hunter.
hybrid_ml_v2.1.0,utah_preference_dedicated_hunter_deer_v1.0.0,2026,2026,DB1782,North Slope,Deer,Buck,General Season,Dedicated Hunter,Resident,1,dedicated_hunter,39,68,,,,,1,0,0,1,1,1.000000,,,1.000000,,,100.000,,-1,-1,ABOVE CUTOFF,RED,GREEN LIGHT,"2021,2022,2023,2024,2025",5,2025,2021,predictive,preference_dedicated_hunter_deer,TRUE,Forecasted from 2025 dedicated hunter ladder with residency quota split and preference carry-forward.,Dedicated Hunter,PREFERENCE_DEDICATED_HUNTER_DEER,MODELED_PREFERENCE,TARGET,True,Modeled by engine.utah_draw_predictive.dedicated_hunter.
hybrid_ml_v2.1.0,utah_preference_dedicated_hunter_deer_v1.0.0,2026,2026,DB1782,North Slope,Deer,Buck,General Season,Dedicated Hunter,Resident,2,dedicated_hunter,39,68,,,,,1,0,0,0,1,1.000000,,,1.000000,,,100.000,,-2,-1,ABOVE CUTOFF,RED,GREEN LIGHT,"2021,2022,2023,2024,2025",5,2025,2021,predictive,preference_dedicated_hunter_deer,TRUE,Forecasted from 2025 dedicated hunter ladder with residency quota split and preference carry-forward.,Dedicated Hunter,PREFERENCE_DEDICATED_HUNTER_DEER,MODELED_PREFERENCE,TARGET,True,Modeled by engine.utah_draw_predictive.dedicated_hunter.
hybrid_ml_v2.1.0,utah_preference_dedicated_hunter_deer_v1.0.0,2026,2026,DB1782,North Slope,Deer,Buck,General Season,Dedicated Hunter,Resident,3,dedicated_hunter,39,68,,,,,1,0,0,0,1,1.000000,,,1.000000,,,100.000,,-3,-1,ABOVE CUTOFF,RED,GREEN LIGHT,"2021,2022,2023,2024,2025",5,2025,2021,predictive,preference_dedicated_hunter_deer,TRUE,Forecasted from 2025 dedicated hunter ladder with residency quota split and preference carry-forward.,Dedicated Hunter,PREFERENCE_DEDICATED_HUNTER_DEER,MODELED_PREFERENCE,TARGET,True,Modeled by engine.utah_draw_predictive.dedicated_hunter.
hybrid_ml_v2.1.0,utah_preference_dedicated_hunter_deer_v1.0.0,2026,2026,DB1782,North Slope,Deer,Buck,General Season,Dedicated Hunter,Resident,4,dedicated_hunter,39,68,,,,,1,0,0,0,1,1.000000,,,1.000000,,,100.000,,-4,-1,ABOVE CUTOFF,RED,GREEN LIGHT,"2021,2022,2023,2024,2025",5,2025,2021,predictive,preference_dedicated_hunter_deer,TRUE,Forecasted from 2025 dedicated hunter ladder with residency quota split and preference carry-forward.,Dedicated Hunter,PREFERENCE_DEDICATED_HUNTER_DEER,MODELED_PREFERENCE,TARGET,True,Modeled by engine.utah_draw_predictive.dedicated_hunter.
hybrid_ml_v2.1.0,utah_preference_dedicated_hunter_deer_v1.0.0,2026,2026,DB1782,North Slope,Deer,Buck,General Season,Dedicated Hunter,Resident,5,dedicated_hunter,39,68,,,,,1,0,0,0,1,1.000000,,,1.000000,,,100.000,,-5,-1,ABOVE CUTOFF,RED,GREEN LIGHT,"2021,2022,2023,2024,2025",5,2025,2021,predictive,preference_dedicated_hunter_deer,TRUE,Forecasted from 2025 dedicated hunter ladder with residency quota split and preference carry-forward.,Dedicated Hunter,PREFERENCE_DEDICATED_HUNTER_DEER,MODELED_PREFERENCE,TARGET,True,Modeled by engine.utah_draw_predictive.dedicated_hunter.
hybrid_ml_v2.1.0,utah_preference_dedicated_hunter_deer_v1.0.0,2026,2026,DB1782,North Slope,Deer,Buck,General Season,Dedicated Hunter,Resident,6,dedicated_hunter,39,68,,,,,1,0,0,0,1,1.000000,,,1.000000,,,100.000,,-6,-1,ABOVE CUTOFF,RED,GREEN LIGHT,"2021,2022,2023,2024,2025",5,2025,2021,predictive,preference_dedicated_hunter_deer,TRUE,Forecasted from 2025 dedicated hunter ladder with residency quota split and preference carry-forward.,Dedicated Hunter,PREFERENCE_DEDICATED_HUNTER_DEER,MODELED_PREFERENCE,TARGET,True,Modeled by engine.utah_draw_predictive.dedicated_hunter.
hybrid_ml_v2.1.0,utah_preference_dedicated_hunter_deer_v1.0.0,2026,2026,DB1782,North Slope,Deer,Buck,General Season,Dedicated Hunter,Resident,7,dedicated_hunter,39,68,,,,,1,0,0,0,1,1.000000,,,1.000000,,,100.000,,-7,-1,ABOVE CUTOFF,RED,GREEN LIGHT,"2021,2022,2023,2024,2025",5,2025,2021,predictive,preference_dedicated_hunter_deer,TRUE,Forecasted from 2025 dedicated hunter ladder with residency quota split and preference carry-forward.,Dedicated Hunter,PREFERENCE_DEDICATED_HUNTER_DEER,MODELED_PREFERENCE,TARGET,True,Modeled by engine.utah_draw_predictive.dedicated_hunter.
hybrid_ml_v2.1.0,utah_preference_dedicated_hunter_deer_v1.0.0,2026,2026,DB1782,North Slope,Deer,Buck,General Season,Dedicated Hunter,Resident,8,dedicated_hunter,39,68,,,,,1,0,0,0,1,1.000000,,,1.000000,,,100.000,,-8,-1,ABOVE CUTOFF,RED,GREEN LIGHT,"2021,2022,2023,2024,2025",5,2025,2021,predictive,preference_dedicated_hunter_deer,TRUE,Forecasted from 2025 dedicated hunter ladder with residency quota split and preference carry-forward.,Dedicated Hunter,PREFERENCE_DEDICATED_HUNTER_DEER,MODELED_PREFERENCE,TARGET,True,Modeled by engine.utah_draw_predictive.dedicated_hunter.
hybrid_ml_v2.1.0,utah_preference_dedicated_hunter_deer_v1.0.0,2026,2026,DB1782,North Slope,Deer,Buck,General Season,Dedicated Hunter,Resident,9,dedicated_hunter,39,68,,,,,1,0,0,0,1,1.000000,,,1.000000,,,100.000,,-9,-1,ABOVE CUTOFF,RED,GREEN LIGHT,"2021,2022,2023,2024,2025",5,2025,2021,predictive,preference_dedicated_hunter_deer,TRUE,Forecasted from 2025 dedicated hunter ladder with residency quota split and preference carry-forward.,Dedicated Hunter,PREFERENCE_DEDICATED_HUNTER_DEER,MODELED_PREFERENCE,TARGET,True,Modeled by engine.utah_draw_predictive.dedicated_hunter.
hybrid_ml_v2.1.0,utah_preference_dedicated_hunter_deer_v1.0.0,2026,2026,DB1782,North Slope,Deer,Buck,General Season,Dedicated Hunter,Resident,10,dedicated_hunter,39,68,,,,,1,0,0,0,1,1.000000,,,1.000000,,,100.000,,-10,-1,ABOVE CUTOFF,RED,GREEN LIGHT,"2021,2022,2023,2024,2025",5,2025,2021,predictive,preference_dedicated_hunter_deer,TRUE,Forecasted from 2025 dedicated hunter ladder with residency quota split and preference carry-forward.,Dedicated Hunter,PREFERENCE_DEDICATED_HUNTER_DEER,MODELED_PREFERENCE,TARGET,True,Modeled by engine.utah_draw_predictive.dedicated_hunter.
hybrid_ml_v2.1.0,utah_preference_dedicated_hunter_deer_v1.0.0,2026,2026,DB1782,North Slope,Deer,Buck,General Season,Dedicated Hunter,Resident,11,dedicated_hunter,39,68,,,,,1,0,0,0,1,1.000000,,,1.000000,,,100.000,,-11,-1,ABOVE CUTOFF,RED,GREEN LIGHT,"2021,2022,2023,2024,2025",5,2025,2021,predictive,preference_dedicated_hunter_deer,TRUE,Forecasted from 2025 dedicated hunter ladder with residency quota split and preference carry-forward.,Dedicated Hunter,PREFERENCE_DEDICATED_HUNTER_DEER,MODELED_PREFERENCE,TARGET,True,Modeled by engine.utah_draw_predictive.dedicated_hunter.
hybrid_ml_v2.1.0,utah_preference_dedicated_hunter_deer_v1.0.0,2026,2026,DB1782,North Slope,Deer,Buck,General Season,Dedicated Hunter,Resident,12,dedicated_hunter,39,68,,,,,1,0,0,0,1,1.000000,,,1.000000,,,100.000,,-12,-1,ABOVE CUTOFF,RED,GREEN LIGHT,"2021,2022,2023,2024,2025",5,2025,2021,predictive,preference_dedicated_hunter_deer,TRUE,Forecasted from 2025 dedicated hunter ladder with residency quota split and preference carry-forward.,Dedicated Hunter,PREFERENCE_DEDICATED_HUNTER_DEER,MODELED_PREFERENCE,TARGET,True,Modeled by engine.utah_draw_predictive.dedicated_hunter.
hybrid_ml_v2.1.0,utah_preference_dedicated_hunter_deer_v1.0.0,2026,2026,DB1782,North Slope,Deer,Buck,General Season,Dedicated Hunter,Resident,13,dedicated_hunter,39,68,,,,,1,0,0,0,1,1.000000,,,1.000000,,,100.000,,-13,-1,ABOVE CUTOFF,RED,GREEN LIGHT,"2021,2022,2023,2024,2025",5,2025,2021,predictive,preference_dedicated_hunter_deer,TRUE,Forecasted from 2025 dedicated hunter ladder with residency quota split and preference carry-forward.,Dedicated Hunter,PREFERENCE_DEDICATED_HUNTER_DEER,MODELED_PREFERENCE,TARGET,True,Modeled by engine.utah_draw_predictive.dedicated_hunter.
hybrid_ml_v2.1.0,utah_preference_dedicated_hunter_deer_v1.0.0,2026,2026,DB1782,North Slope,Deer,Buck,General Season,Dedicated Hunter,Resident,14,dedicated_hunter,39,68,,,,,1,0,0,0,1,1.000000,,,1.000000,,,100.000,,-14,-1,ABOVE CUTOFF,RED,GREEN LIGHT,"2021,2022,2023,2024,2025",5,2025,2021,predictive,preference_dedicated_hunter_deer,TRUE,Forecasted from 2025 dedicated hunter ladder with residency quota split and preference carry-forward.,Dedicated Hunter,PREFERENCE_DEDICATED_HUNTER_DEER,MODELED_PREFERENCE,TARGET,True,Modeled by engine.utah_draw_predictive.dedicated_hunter.
hybrid_ml_v2.1.0,utah_preference_dedicated_hunter_deer_v1.0.0,2026,2026,DB1782,North Slope,Deer,Buck,General Season,Dedicated Hunter,Resident,15,dedicated_hunter,39,68,,,,,1,0,0,0,1,1.000000,,,1.000000,,,100.000,,-15,-1,ABOVE CUTOFF,RED,GREEN LIGHT,"2021,2022,2023,2024,2025",5,2025,2021,predictive,preference_dedicated_hunter_deer,TRUE,Forecasted from 2025 dedicated hunter ladder with residency quota split and preference carry-forward.,Dedicated Hunter,PREFERENCE_DEDICATED_HUNTER_DEER,MODELED_PREFERENCE,TARGET,True,Modeled by engine.utah_draw_predictive.dedicated_hunter.
hybrid_ml_v2.1.0,utah_preference_dedicated_hunter_deer_v1.0.0,2026,2026,DB1782,North Slope,Deer,Buck,General Season,Dedicated Hunter,Resident,16,dedicated_hunter,39,68,,,,,1,0,0,0,1,1.000000,,,1.000000,,,100.000,,-16,-1,ABOVE CUTOFF,RED,GREEN LIGHT,"2021,2022,2023,2024,2025",5,2025,2021,predictive,preference_dedicated_hunter_deer,TRUE,Forecasted from 2025 dedicated hunter ladder with residency quota split and preference carry-forward.,Dedicated Hunter,PREFERENCE_DEDICATED_HUNTER_DEER,MODELED_PREFERENCE,TARGET,True,Modeled by engine.utah_draw_predictive.dedicated_hunter.
hybrid_ml_v2.1.0,utah_preference_dedicated_hunter_deer_v1.0.0,2026,2026,DB1782,North Slope,Deer,Buck,General Season,Dedicated Hunter,Resident,17,dedicated_hunter,39,68,,,,,1,0,0,0,1,1.000000,,,1.000000,,,100.000,,-17,-1,ABOVE CUTOFF,RED,GREEN LIGHT,"2021,2022,2023,2024,2025",5,2025,2021,predictive,preference_dedicated_hunter_deer,TRUE,Forecasted from 2025 dedicated hunter ladder with residency quota split and preference carry-forward.,Dedicated Hunter,PREFERENCE_DEDICATED_HUNTER_DEER,MODELED_PREFERENCE,TARGET,True,Modeled by engine.utah_draw_predictive.dedicated_hunter.
hybrid_ml_v2.1.0,utah_preference_dedicated_hunter_deer_v1.0.0,2026,2026,DB1782,North Slope,Deer,Buck,General Season,Dedicated Hunter,Resident,18,dedicated_hunter,39,68,,,,,1,0,0,0,1,1.000000,,,1.000000,,,100.000,,-18,-1,ABOVE CUTOFF,RED,GREEN LIGHT,"2021,2022,2023,2024,2025",5,2025,2021,predictive,preference_dedicated_hunter_deer,TRUE,Forecasted from 2025 dedicated hunter ladder with residency quota split and preference carry-forward.,Dedicated Hunter,PREFERENCE_DEDICATED_HUNTER_DEER,MODELED_PREFERENCE,TARGET,True,Modeled by engine.utah_draw_predictive.dedicated_hunter.
hybrid_ml_v2.1.0,utah_preference_dedicated_hunter_deer_v1.0.0,2026,2026,DB1782,North Slope,Deer,Buck,General Season,Dedicated Hunter,Resident,19,dedicated_hunter,39,68,,,,,1,0,0,0,1,1.000000,,,1.000000,,,100.000,,-19,-1,ABOVE CUTOFF,RED,GREEN LIGHT,"2021,2022,2023,2024,2025",5,2025,2021,predictive,preference_dedicated_hunter_deer,TRUE,Forecasted from 2025 dedicated hunter ladder with residency quota split and preference carry-forward.,Dedicated Hunter,PREFERENCE_DEDICATED_HUNTER_DEER,MODELED_PREFERENCE,TARGET,True,Modeled by engine.utah_draw_predictive.dedicated_hunter.
hybrid_ml_v2.1.0,utah_preference_dedicated_hunter_deer_v1.0.0,2026,2026,DB1782,North Slope,Deer,Buck,General Season,Dedicated Hunter,Resident,20,dedicated_hunter,39,68,,,,,1,0,0,0,1,1.000000,,,1.000000,,,100.000,,-20,-1,ABOVE CUTOFF,RED,GREEN LIGHT,"2021,2022,2023,2024,2025",5,2025,2021,predictive,preference_dedicated_hunter_deer,TRUE,Forecasted from 2025 dedicated hunter ladder with residency quota split and preference carry-forward.,Dedicated Hunter,PREFERENCE_DEDICATED_HUNTER_DEER,MODELED_PREFERENCE,TARGET,True,Modeled by engine.utah_draw_predictive.dedicated_hunter.
hybrid_ml_v2.1.0,utah_preference_dedicated_hunter_deer_v1.0.0,2026,2026,DB1782,North Slope,Deer,Buck,General Season,Dedicated Hunter,Resident,21,dedicated_hunter,39,68,,,,,1,0,0,0,1,1.000000,,,1.000000,,,100.000,,-21,-1,ABOVE CUTOFF,RED,GREEN LIGHT,"2021,2022,2023,2024,2025",5,2025,2021,predictive,preference_dedicated_hunter_deer,TRUE,Forecasted from 2025 dedicated hunter ladder with residency quota split and preference carry-forward.,Dedicated Hunter,PREFERENCE_DEDICATED_HUNTER_DEER,MODELED_PREFERENCE,TARGET,True,Modeled by engine.utah_draw_predictive.dedicated_hunter.
hybrid_ml_v2.1.0,utah_preference_dedicated_hunter_deer_v1.0.0,2026,2026,DB1782,North Slope,Deer,Buck,General Season,Dedicated Hunter,Resident,22,dedicated_hunter,39,68,,,,,1,0,0,0,1,1.000000,,,1.000000,,,100.000,,-22,-1,ABOVE CUTOFF,RED,GREEN LIGHT,"2021,2022,2023,2024,2025",5,2025,2021,predictive,preference_dedicated_hunter_deer,TRUE,Forecasted from 2025 dedicated hunter ladder with residency quota split and preference carry-forward.,Dedicated Hunter,PREFERENCE_DEDICATED_HUNTER_DEER,MODELED_PREFERENCE,TARGET,True,Modeled by engine.utah_draw_predictive.dedicated_hunter.
hybrid_ml_v2.1.0,utah_preference_dedicated_hunter_deer_v1.0.0,2026,2026,DB1782,North Slope,Deer,Buck,General Season,Dedicated Hunter,Resident,23,dedicated_hunter,39,68,,,,,1,0,0,0,1,1.000000,,,1.000000,,,100.000,,-23,-1,ABOVE CUTOFF,RED,GREEN LIGHT,"2021,2022,2023,2024,2025",5,2025,2021,predictive,preference_dedicated_hunter_deer,TRUE,Forecasted from 2025 dedicated hunter ladder with residency quota split and preference carry-forward.,Dedicated Hunter,PREFERENCE_DEDICATED_HUNTER_DEER,MODELED_PREFERENCE,TARGET,True,Modeled by engine.utah_draw_predictive.dedicated_hunter.
hybrid_ml_v2.1.0,utah_preference_dedicated_hunter_deer_v1.0.0,2026,2026,DB1782,North Slope,Deer,Buck,General Season,Dedicated Hunter,Resident,24,dedicated_hunter,39,68,,,,,1,0,0,0,1,1.000000,,,1.000000,,,100.000,,-24,-1,ABOVE CUTOFF,RED,GREEN LIGHT,"2021,2022,2023,2024,2025",5,2025,2021,predictive,preference_dedicated_hunter_deer,TRUE,Forecasted from 2025 dedicated hunter ladder with residency quota split and preference carry-forward.,Dedicated Hunter,PREFERENCE_DEDICATED_HUNTER_DEER,MODELED_PREFERENCE,TARGET,True,Modeled by engine.utah_draw_predictive.dedicated_hunter.
hybrid_ml_v2.1.0,utah_preference_dedicated_hunter_deer_v1.0.0,2026,2026,DB1783,Ogden,Deer,Buck,General Season,Dedicated Hunter,Nonresident,0,dedicated_hunter,1,1,,,,,0,0,0,1,1,1.000000,,,1.000000,,,100.000,,0,0,ABOVE CUTOFF,YELLOW,GREEN LIGHT,"2021,2022,2023,2024,2025",5,2025,2021,predictive,preference_dedicated_hunter_deer,TRUE,Forecasted from 2025 dedicated hunter ladder with residency quota split and preference carry-forward.,Dedicated Hunter,PREFERENCE_DEDICATED_HUNTER_DEER,MODELED_PREFERENCE,TARGET,True,Modeled by engine.utah_draw_predictive.dedicated_hunter.
hybrid_ml_v2.1.0,utah_preference_dedicated_hunter_deer_v1.0.0,2026,2026,DB1783,Ogden,Deer,Buck,General Season,Dedicated Hunter,Nonresident,1,dedicated_hunter,1,1,,,,,0,0,0,0,1,1.000000,,,1.000000,,,100.000,,-1,0,ABOVE CUTOFF,YELLOW,GREEN LIGHT,"2021,2022,2023,2024,2025",5,2025,2021,predictive,preference_dedicated_hunter_deer,TRUE,Forecasted from 2025 dedicated hunter ladder with residency quota split and preference carry-forward.,Dedicated Hunter,PREFERENCE_DEDICATED_HUNTER_DEER,MODELED_PREFERENCE,TARGET,True,Modeled by engine.utah_draw_predictive.dedicated_hunter.
hybrid_ml_v2.1.0,utah_preference_dedicated_hunter_deer_v1.0.0,2026,2026,DB1783,Ogden,Deer,Buck,General Season,Dedicated Hunter,Nonresident,2,dedicated_hunter,1,1,,,,,0,0,0,0,1,1.000000,,,1.000000,,,100.000,,-2,0,ABOVE CUTOFF,YELLOW,GREEN LIGHT,"2021,2022,2023,2024,2025",5,2025,2021,predictive,preference_dedicated_hunter_deer,TRUE,Forecasted from 2025 dedicated hunter ladder with residency quota split and preference carry-forward.,Dedicated Hunter,PREFERENCE_DEDICATED_HUNTER_DEER,MODELED_PREFERENCE,TARGET,True,Modeled by engine.utah_draw_predictive.dedicated_hunter.
hybrid_ml_v2.1.0,utah_preference_dedicated_hunter_deer_v1.0.0,2026,2026,DB1783,Ogden,Deer,Buck,General Season,Dedicated Hunter,Nonresident,3,dedicated_hunter,1,1,,,,,0,0,0,0,1,1.000000,,,1.000000,,,100.000,,-3,0,ABOVE CUTOFF,YELLOW,GREEN LIGHT,"2021,2022,2023,2024,2025",5,2025,2021,predictive,preference_dedicated_hunter_deer,TRUE,Forecasted from 2025 dedicated hunter ladder with residency quota split and preference carry-forward.,Dedicated Hunter,PREFERENCE_DEDICATED_HUNTER_DEER,MODELED_PREFERENCE,TARGET,True,Modeled by engine.utah_draw_predictive.dedicated_hunter.
hybrid_ml_v2.1.0,utah_preference_dedicated_hunter_deer_v1.0.0,2026,2026,DB1783,Ogden,Deer,Buck,General Season,Dedicated Hunter,Nonresident,4,dedicated_hunter,1,1,,,,,0,0,0,0,1,1.000000,,,1.000000,,,100.000,,-4,0,ABOVE CUTOFF,YELLOW,GREEN LIGHT,"2021,2022,2023,2024,2025",5,2025,2021,predictive,preference_dedicated_hunter_deer,TRUE,Forecasted from 2025 dedicated hunter ladder with residency quota split and preference carry-forward.,Dedicated Hunter,PREFERENCE_DEDICATED_HUNTER_DEER,MODELED_PREFERENCE,TARGET,True,Modeled by engine.utah_draw_predictive.dedicated_hunter.
hybrid_ml_v2.1.0,utah_preference_dedicated_hunter_deer_v1.0.0,2026,2026,DB1783,Ogden,Deer,Buck,General Season,Dedicated Hunter,Nonresident,5,dedicated_hunter,1,1,,,,,0,0,0,0,1,1.000000,,,1.000000,,,100.000,,-5,0,ABOVE CUTOFF,YELLOW,GREEN LIGHT,"2021,2022,2023,2024,2025",5,2025,2021,predictive,preference_dedicated_hunter_deer,TRUE,Forecasted from 2025 dedicated hunter ladder with residency quota split and preference carry-forward.,Dedicated Hunter,PREFERENCE_DEDICATED_HUNTER_DEER,MODELED_PREFERENCE,TARGET,True,Modeled by engine.utah_draw_predictive.dedicated_hunter.
hybrid_ml_v2.1.0,utah_preference_dedicated_hunter_deer_v1.0.0,2026,2026,DB1783,Ogden,Deer,Buck,General Season,Dedicated Hunter,Nonresident,6,dedicated_hunter,1,1,,,,,0,0,0,0,1,1.000000,,,1.000000,,,100.000,,-6,0,ABOVE CUTOFF,YELLOW,GREEN LIGHT,"2021,2022,2023,2024,2025",5,2025,2021,predictive,preference_dedicated_hunter_deer,TRUE,Forecasted from 2025 dedicated hunter ladder with residency quota split and preference carry-forward.,Dedicated Hunter,PREFERENCE_DEDICATED_HUNTER_DEER,MODELED_PREFERENCE,TARGET,True,Modeled by engine.utah_draw_predictive.dedicated_hunter.
hybrid_ml_v2.1.0,utah_preference_dedicated_hunter_deer_v1.0.0,2026,2026,DB1783,Ogden,Deer,Buck,General Season,Dedicated Hunter,Nonresident,7,dedicated_hunter,1,1,,,,,0,0,0,0,1,1.000000,,,1.000000,,,100.000,,-7,0,ABOVE CUTOFF,YELLOW,GREEN LIGHT,"2021,2022,2023,2024,2025",5,2025,2021,predictive,preference_dedicated_hunter_deer,TRUE,Forecasted from 2025 dedicated hunter ladder with residency quota split and preference carry-forward.,Dedicated Hunter,PREFERENCE_DEDICATED_HUNTER_DEER,MODELED_PREFERENCE,TARGET,True,Modeled by engine.utah_draw_predictive.dedicated_hunter.
hybrid_ml_v2.1.0,utah_preference_dedicated_hunter_deer_v1.0.0,2026,2026,DB1783,Ogden,Deer,Buck,General Season,Dedicated Hunter,Nonresident,8,dedicated_hunter,1,1,,,,,0,0,0,0,1,1.000000,,,1.000000,,,100.000,,-8,0,ABOVE CUTOFF,YELLOW,GREEN LIGHT,"2021,2022,2023,2024,2025",5,2025,2021,predictive,preference_dedicated_hunter_deer,TRUE,Forecasted from 2025 dedicated hunter ladder with residency quota split and preference carry-forward.,Dedicated Hunter,PREFERENCE_DEDICATED_HUNTER_DEER,MODELED_PREFERENCE,TARGET,True,Modeled by engine.utah_draw_predictive.dedicated_hunter.
hybrid_ml_v2.1.0,utah_preference_dedicated_hunter_deer_v1.0.0,2026,2026,DB1783,Ogden,Deer,Buck,General Season,Dedicated Hunter,Nonresident,9,dedicated_hunter,1,1,,,,,0,0,0,0,1,1.000000,,,1.000000,,,100.000,,-9,0,ABOVE CUTOFF,YELLOW,GREEN LIGHT,"2021,2022,2023,2024,2025",5,2025,2021,predictive,preference_dedicated_hunter_deer,TRUE,Forecasted from 2025 dedicated hunter ladder with residency quota split and preference carry-forward.,Dedicated Hunter,PREFERENCE_DEDICATED_HUNTER_DEER,MODELED_PREFERENCE,TARGET,True,Modeled by engine.utah_draw_predictive.dedicated_hunter.
hybrid_ml_v2.1.0,utah_preference_dedicated_hunter_deer_v1.0.0,2026,2026,DB1783,Ogden,Deer,Buck,General Season,Dedicated Hunter,Nonresident,10,dedicated_hunter,1,1,,,,,0,0,0,0,1,1.000000,,,1.000000,,,100.000,,-10,0,ABOVE CUTOFF,YELLOW,GREEN LIGHT,"2021,2022,2023,2024,2025",5,2025,2021,predictive,preference_dedicated_hunter_deer,TRUE,Forecasted from 2025 dedicated hunter ladder with residency quota split and preference carry-forward.,Dedicated Hunter,PREFERENCE_DEDICATED_HUNTER_DEER,MODELED_PREFERENCE,TARGET,True,Modeled by engine.utah_draw_predictive.dedicated_hunter.
hybrid_ml_v2.1.0,utah_preference_dedicated_hunter_deer_v1.0.0,2026,2026,DB1783,Ogden,Deer,Buck,General Season,Dedicated Hunter,Nonresident,11,dedicated_hunter,1,1,,,,,0,0,0,0,1,1.000000,,,1.000000,,,100.000,,-11,0,ABOVE CUTOFF,YELLOW,GREEN LIGHT,"2021,2022,2023,2024,2025",5,2025,2021,predictive,preference_dedicated_hunter_deer,TRUE,Forecasted from 2025 dedicated hunter ladder with residency quota split and preference carry-forward.,Dedicated Hunter,PREFERENCE_DEDICATED_HUNTER_DEER,MODELED_PREFERENCE,TARGET,True,Modeled by engine.utah_draw_predictive.dedicated_hunter.
hybrid_ml_v2.1.0,utah_preference_dedicated_hunter_deer_v1.0.0,2026,2026,DB1783,Ogden,Deer,Buck,General Season,Dedicated Hunter,Nonresident,12,dedicated_hunter,1,1,,,,,0,0,0,0,1,1.000000,,,1.000000,,,100.000,,-12,0,ABOVE CUTOFF,YELLOW,GREEN LIGHT,"2021,2022,2023,2024,2025",5,2025,2021,predictive,preference_dedicated_hunter_deer,TRUE,Forecasted from 2025 dedicated hunter ladder with residency quota split and preference carry-forward.,Dedicated Hunter,PREFERENCE_DEDICATED_HUNTER_DEER,MODELED_PREFERENCE,TARGET,True,Modeled by engine.utah_draw_predictive.dedicated_hunter.
hybrid_ml_v2.1.0,utah_preference_dedicated_hunter_deer_v1.0.0,2026,2026,DB1783,Ogden,Deer,Buck,General Season,Dedicated Hunter,Nonresident,13,dedicated_hunter,1,1,,,,,0,0,0,0,1,1.000000,,,1.000000,,,100.000,,-13,0,ABOVE CUTOFF,YELLOW,GREEN LIGHT,"2021,2022,2023,2024,2025",5,2025,2021,predictive,preference_dedicated_hunter_deer,TRUE,Forecasted from 2025 dedicated hunter ladder with residency quota split and preference carry-forward.,Dedicated Hunter,PREFERENCE_DEDICATED_HUNTER_DEER,MODELED_PREFERENCE,TARGET,True,Modeled by engine.utah_draw_predictive.dedicated_hunter.
hybrid_ml_v2.1.0,utah_preference_dedicated_hunter_deer_v1.0.0,2026,2026,DB1783,Ogden,Deer,Buck,General Season,Dedicated Hunter,Nonresident,14,dedicated_hunter,1,1,,,,,0,0,0,0,1,1.000000,,,1.000000,,,100.000,,-14,0,ABOVE CUTOFF,YELLOW,GREEN LIGHT,"2021,2022,2023,2024,2025",5,2025,2021,predictive,preference_dedicated_hunter_deer,TRUE,Forecasted from 2025 dedicated hunter ladder with residency quota split and preference carry-forward.,Dedicated Hunter,PREFERENCE_DEDICATED_HUNTER_DEER,MODELED_PREFERENCE,TARGET,True,Modeled by engine.utah_draw_predictive.dedicated_hunter.
hybrid_ml_v2.1.0,utah_preference_dedicated_hunter_deer_v1.0.0,2026,2026,DB1783,Ogden,Deer,Buck,General Season,Dedicated Hunter,Nonresident,15,dedicated_hunter,1,1,,,,,0,0,0,0,1,1.000000,,,1.000000,,,100.000,,-15,0,ABOVE CUTOFF,YELLOW,GREEN LIGHT,"2021,2022,2023,2024,2025",5,2025,2021,predictive,preference_dedicated_hunter_deer,TRUE,Forecasted from 2025 dedicated hunter ladder with residency quota split and preference carry-forward.,Dedicated Hunter,PREFERENCE_DEDICATED_HUNTER_DEER,MODELED_PREFERENCE,TARGET,True,Modeled by engine.utah_draw_predictive.dedicated_hunter.
hybrid_ml_v2.1.0,utah_preference_dedicated_hunter_deer_v1.0.0,2026,2026,DB1783,Ogden,Deer,Buck,General Season,Dedicated Hunter,Nonresident,16,dedicated_hunter,1,1,,,,,0,0,0,0,1,1.000000,,,1.000000,,,100.000,,-16,0,ABOVE CUTOFF,YELLOW,GREEN LIGHT,"2021,2022,2023,2024,2025",5,2025,2021,predictive,preference_dedicated_hunter_deer,TRUE,Forecasted from 2025 dedicated hunter ladder with residency quota split and preference carry-forward.,Dedicated Hunter,PREFERENCE_DEDICATED_HUNTER_DEER,MODELED_PREFERENCE,TARGET,True,Modeled by engine.utah_draw_predictive.dedicated_hunter.
hybrid_ml_v2.1.0,utah_preference_dedicated_hunter_deer_v1.0.0,2026,2026,DB1783,Ogden,Deer,Buck,General Season,Dedicated Hunter,Nonresident,17,dedicated_hunter,1,1,,,,,0,0,0,0,1,1.000000,,,1.000000,,,100.000,,-17,0,ABOVE CUTOFF,YELLOW,GREEN LIGHT,"2021,2022,2023,2024,2025",5,2025,2021,predictive,preference_dedicated_hunter_deer,TRUE,Forecasted from 2025 dedicated hunter ladder with residency quota split and preference carry-forward.,Dedicated Hunter,PREFERENCE_DEDICATED_HUNTER_DEER,MODELED_PREFERENCE,TARGET,True,Modeled by engine.utah_draw_predictive.dedicated_hunter.
hybrid_ml_v2.1.0,utah_preference_dedicated_hunter_deer_v1.0.0,2026,2026,DB1783,Ogden,Deer,Buck,General Season,Dedicated Hunter,Nonresident,18,dedicated_hunter,1,1,,,,,0,0,0,0,1,1.000000,,,1.000000,,,100.000,,-18,0,ABOVE CUTOFF,YELLOW,GREEN LIGHT,"2021,2022,2023,2024,2025",5,2025,2021,predictive,preference_dedicated_hunter_deer,TRUE,Forecasted from 2025 dedicated hunter ladder with residency quota split and preference carry-forward.,Dedicated Hunter,PREFERENCE_DEDICATED_HUNTER_DEER,MODELED_PREFERENCE,TARGET,True,Modeled by engine.utah_draw_predictive.dedicated_hunter.
hybrid_ml_v2.1.0,utah_preference_dedicated_hunter_deer_v1.0.0,2026,2026,DB1783,Ogden,Deer,Buck,General Season,Dedicated Hunter,Nonresident,19,dedicated_hunter,1,1,,,,,0,0,0,0,1,1.000000,,,1.000000,,,100.000,,-19,0,ABOVE CUTOFF,YELLOW,GREEN LIGHT,"2021,2022,2023,2024,2025",5,2025,2021,predictive,preference_dedicated_hunter_deer,TRUE,Forecasted from 2025 dedicated hunter ladder with residency quota split and preference carry-forward.,Dedicated Hunter,PREFERENCE_DEDICATED_HUNTER_DEER,MODELED_PREFERENCE,TARGET,True,Modeled by engine.utah_draw_predictive.dedicated_hunter.
hybrid_ml_v2.1.0,utah_preference_dedicated_hunter_deer_v1.0.0,2026,2026,DB1783,Ogden,Deer,Buck,General Season,Dedicated Hunter,Nonresident,20,dedicated_hunter,1,1,,,,,0,0,0,0,1,1.000000,,,1.000000,,,100.000,,-20,0,ABOVE CUTOFF,YELLOW,GREEN LIGHT,"2021,2022,2023,2024,2025",5,2025,2021,predictive,preference_dedicated_hunter_deer,TRUE,Forecasted from 2025 dedicated hunter ladder with residency quota split and preference carry-forward.,Dedicated Hunter,PREFERENCE_DEDICATED_HUNTER_DEER,MODELED_PREFERENCE,TARGET,True,Modeled by engine.utah_draw_predictive.dedicated_hunter.
hybrid_ml_v2.1.0,utah_preference_dedicated_hunter_deer_v1.0.0,2026,2026,DB1783,Ogden,Deer,Buck,General Season,Dedicated Hunter,Nonresident,21,dedicated_hunter,1,1,,,,,0,0,0,0,1,1.000000,,,1.000000,,,100.000,,-21,0,ABOVE CUTOFF,YELLOW,GREEN LIGHT,"2021,2022,2023,2024,2025",5,2025,2021,predictive,preference_dedicated_hunter_deer,TRUE,Forecasted from 2025 dedicated hunter ladder with residency quota split and preference carry-forward.,Dedicated Hunter,PREFERENCE_DEDICATED_HUNTER_DEER,MODELED_PREFERENCE,TARGET,True,Modeled by engine.utah_draw_predictive.dedicated_hunter.
hybrid_ml_v2.1.0,utah_preference_dedicated_hunter_deer_v1.0.0,2026,2026,DB1783,Ogden,Deer,Buck,General Season,Dedicated Hunter,Nonresident,22,dedicated_hunter,1,1,,,,,0,0,0,0,1,1.000000,,,1.000000,,,100.000,,-22,0,ABOVE CUTOFF,YELLOW,GREEN LIGHT,"2021,2022,2023,2024,2025",5,2025,2021,predictive,preference_dedicated_hunter_deer,TRUE,Forecasted from 2025 dedicated hunter ladder with residency quota split and preference carry-forward.,Dedicated Hunter,PREFERENCE_DEDICATED_HUNTER_DEER,MODELED_PREFERENCE,TARGET,True,Modeled by engine.utah_draw_predictive.dedicated_hunter.
hybrid_ml_v2.1.0,utah_preference_dedicated_hunter_deer_v1.0.0,2026,2026,DB1783,Ogden,Deer,Buck,General Season,Dedicated Hunter,Nonresident,23,dedicated_hunter,1,1,,,,,0,0,0,0,1,1.000000,,,1.000000,,,100.000,,-23,0,ABOVE CUTOFF,YELLOW,GREEN LIGHT,"2021,2022,2023,2024,2025",5,2025,2021,predictive,preference_dedicated_hunter_deer,TRUE,Forecasted from 2025 dedicated hunter ladder with residency quota split and preference carry-forward.,Dedicated Hunter,PREFERENCE_DEDICATED_HUNTER_DEER,MODELED_PREFERENCE,TARGET,True,Modeled by engine.utah_draw_predictive.dedicated_hunter.
hybrid_ml_v2.1.0,utah_preference_dedicated_hunter_deer_v1.0.0,2026,2026,DB1783,Ogden,Deer,Buck,General Season,Dedicated Hunter,Nonresident,24,dedicated_hunter,1,1,,,,,0,0,0,0,1,1.000000,,,1.000000,,,100.000,,-24,0,ABOVE CUTOFF,YELLOW,GREEN LIGHT,"2021,2022,2023,2024,2025",5,2025,2021,predictive,preference_dedicated_hunter_deer,TRUE,Forecasted from 2025 dedicated hunter ladder with residency quota split and preference carry-forward.,Dedicated Hunter,PREFERENCE_DEDICATED_HUNTER_DEER,MODELED_PREFERENCE,TARGET,True,Modeled by engine.utah_draw_predictive.dedicated_hunter.
hybrid_ml_v2.1.0,utah_preference_dedicated_hunter_deer_v1.0.0,2026,2026,DB1783,Ogden,Deer,Buck,General Season,Dedicated Hunter,Resident,0,dedicated_hunter,45,77,,,,,1,0,1,40,40,1.000000,,,1.000000,,,100.000,,0,-1,ABOVE CUTOFF,RED,GREEN LIGHT,"2021,2022,2023,2024,2025",5,2025,2021,predictive,preference_dedicated_hunter_deer,TRUE,Forecasted from 2025 dedicated hunter ladder with residency quota split and preference carry-forward.,Dedicated Hunter,PREFERENCE_DEDICATED_HUNTER_DEER,MODELED_PREFERENCE,TARGET,True,Modeled by engine.utah_draw_predictive.dedicated_hunter.
hybrid_ml_v2.1.0,utah_preference_dedicated_hunter_deer_v1.0.0,2026,2026,DB1783,Ogden,Deer,Buck,General Season,Dedicated Hunter,Resident,1,dedicated_hunter,45,77,,,,,1,0,0,1,1,1.000000,,,1.000000,,,100.000,,-1,-1,ABOVE CUTOFF,RED,GREEN LIGHT,"2021,2022,2023,2024,2025",5,2025,2021,predictive,preference_dedicated_hunter_deer,TRUE,Forecasted from 2025 dedicated hunter ladder with residency quota split and preference carry-forward.,Dedicated Hunter,PREFERENCE_DEDICATED_HUNTER_DEER,MODELED_PREFERENCE,TARGET,True,Modeled by engine.utah_draw_predictive.dedicated_hunter.
hybrid_ml_v2.1.0,utah_preference_dedicated_hunter_deer_v1.0.0,2026,2026,DB1783,Ogden,Deer,Buck,General Season,Dedicated Hunter,Resident,2,dedicated_hunter,45,77,,,,,1,0,0,0,1,1.000000,,,1.000000,,,100.000,,-2,-1,ABOVE CUTOFF,RED,GREEN LIGHT,"2021,2022,2023,2024,2025",5,2025,2021,predictive,preference_dedicated_hunter_deer,TRUE,Forecasted from 2025 dedicated hunter ladder with residency quota split and preference carry-forward.,Dedicated Hunter,PREFERENCE_DEDICATED_HUNTER_DEER,MODELED_PREFERENCE,TARGET,True,Modeled by engine.utah_draw_predictive.dedicated_hunter.
hybrid_ml_v2.1.0,utah_preference_dedicated_hunter_deer_v1.0.0,2026,2026,DB1783,Ogden,Deer,Buck,General Season,Dedicated Hunter,Resident,3,dedicated_hunter,45,77,,,,,1,0,0,0,1,1.000000,,,1.000000,,,100.000,,-3,-1,ABOVE CUTOFF,RED,GREEN LIGHT,"2021,2022,2023,2024,2025",5,2025,2021,predictive,preference_dedicated_hunter_deer,TRUE,Forecasted from 2025 dedicated hunter ladder with residency quota split and preference carry-forward.,Dedicated Hunter,PREFERENCE_DEDICATED_HUNTER_DEER,MODELED_PREFERENCE,TARGET,True,Modeled by engine.utah_draw_predictive.dedicated_hunter.
hybrid_ml_v2.1.0,utah_preference_dedicated_hunter_deer_v1.0.0,2026,2026,DB1783,Ogden,Deer,Buck,General Season,Dedicated Hunter,Resident,4,dedicated_hunter,45,77,,,,,1,0,0,0,1,1.000000,,,1.000000,,,100.000,,-4,-1,ABOVE CUTOFF,RED,GREEN LIGHT,"2021,2022,2023,2024,2025",5,2025,2021,predictive,preference_dedicated_hunter_deer,TRUE,Forecasted from 2025 dedicated hunter ladder with residency quota split and preference carry-forward.,Dedicated Hunter,PREFERENCE_DEDICATED_HUNTER_DEER,MODELED_PREFERENCE,TARGET,True,Modeled by engine.utah_draw_predictive.dedicated_hunter.
hybrid_ml_v2.1.0,utah_preference_dedicated_hunter_deer_v1.0.0,2026,2026,DB1783,Ogden,Deer,Buck,General Season,Dedicated Hunter,Resident,5,dedicated_hunter,45,77,,,,,1,0,0,0,1,1.000000,,,1.000000,,,100.000,,-5,-1,ABOVE CUTOFF,RED,GREEN LIGHT,"2021,2022,2023,2024,2025",5,2025,2021,predictive,preference_dedicated_hunter_deer,TRUE,Forecasted from 2025 dedicated hunter ladder with residency quota split and preference carry-forward.,Dedicated Hunter,PREFERENCE_DEDICATED_HUNTER_DEER,MODELED_PREFERENCE,TARGET,True,Modeled by engine.utah_draw_predictive.dedicated_hunter.
hybrid_ml_v2.1.0,utah_preference_dedicated_hunter_deer_v1.0.0,2026,2026,DB1783,Ogden,Deer,Buck,General Season,Dedicated Hunter,Resident,6,dedicated_hunter,45,77,,,,,1,0,0,0,1,1.000000,,,1.000000,,,100.000,,-6,-1,ABOVE CUTOFF,RED,GREEN LIGHT,"2021,2022,2023,2024,2025",5,2025,2021,predictive,preference_dedicated_hunter_deer,TRUE,Forecasted from 2025 dedicated hunter ladder with residency quota split and preference carry-forward.,Dedicated Hunter,PREFERENCE_DEDICATED_HUNTER_DEER,MODELED_PREFERENCE,TARGET,True,Modeled by engine.utah_draw_predictive.dedicated_hunter.
hybrid_ml_v2.1.0,utah_preference_dedicated_hunter_deer_v1.0.0,2026,2026,DB1783,Ogden,Deer,Buck,General Season,Dedicated Hunter,Resident,7,dedicated_hunter,45,77,,,,,1,0,0,0,1,1.000000,,,1.000000,,,100.000,,-7,-1,ABOVE CUTOFF,RED,GREEN LIGHT,"2021,2022,2023,2024,2025",5,2025,2021,predictive,preference_dedicated_hunter_deer,TRUE,Forecasted from 2025 dedicated hunter ladder with residency quota split and preference carry-forward.,Dedicated Hunter,PREFERENCE_DEDICATED_HUNTER_DEER,MODELED_PREFERENCE,TARGET,True,Modeled by engine.utah_draw_predictive.dedicated_hunter.
hybrid_ml_v2.1.0,utah_preference_dedicated_hunter_deer_v1.0.0,2026,2026,DB1783,Ogden,Deer,Buck,General Season,Dedicated Hunter,Resident,8,dedicated_hunter,45,77,,,,,1,0,0,0,1,1.000000,,,1.000000,,,100.000,,-8,-1,ABOVE CUTOFF,RED,GREEN LIGHT,"2021,2022,2023,2024,2025",5,2025,2021,predictive,preference_dedicated_hunter_deer,TRUE,Forecasted from 2025 dedicated hunter ladder with residency quota split and preference carry-forward.,Dedicated Hunter,PREFERENCE_DEDICATED_HUNTER_DEER,MODELED_PREFERENCE,TARGET,True,Modeled by engine.utah_draw_predictive.dedicated_hunter.
hybrid_ml_v2.1.0,utah_preference_dedicated_hunter_deer_v1.0.0,2026,2026,DB1783,Ogden,Deer,Buck,General Season,Dedicated Hunter,Resident,9,dedicated_hunter,45,77,,,,,1,0,0,0,1,1.000000,,,1.000000,,,100.000,,-9,-1,ABOVE CUTOFF,RED,GREEN LIGHT,"2021,2022,2023,2024,2025",5,2025,2021,predictive,preference_dedicated_hunter_deer,TRUE,Forecasted from 2025 dedicated hunter ladder with residency quota split and preference carry-forward.,Dedicated Hunter,PREFERENCE_DEDICATED_HUNTER_DEER,MODELED_PREFERENCE,TARGET,True,Modeled by engine.utah_draw_predictive.dedicated_hunter.
hybrid_ml_v2.1.0,utah_preference_dedicated_hunter_deer_v1.0.0,2026,2026,DB1783,Ogden,Deer,Buck,General Season,Dedicated Hunter,Resident,10,dedicated_hunter,45,77,,,,,1,0,0,0,1,1.000000,,,1.000000,,,100.000,,-10,-1,ABOVE CUTOFF,RED,GREEN LIGHT,"2021,2022,2023,2024,2025",5,2025,2021,predictive,preference_dedicated_hunter_deer,TRUE,Forecasted from 2025 dedicated hunter ladder with residency quota split and preference carry-forward.,Dedicated Hunter,PREFERENCE_DEDICATED_HUNTER_DEER,MODELED_PREFERENCE,TARGET,True,Modeled by engine.utah_draw_predictive.dedicated_hunter.
hybrid_ml_v2.1.0,utah_preference_dedicated_hunter_deer_v1.0.0,2026,2026,DB1783,Ogden,Deer,Buck,General Season,Dedicated Hunter,Resident,11,dedicated_hunter,45,77,,,,,1,0,0,0,1,1.000000,,,1.000000,,,100.000,,-11,-1,ABOVE CUTOFF,RED,GREEN LIGHT,"2021,2022,2023,2024,2025",5,2025,2021,predictive,preference_dedicated_hunter_deer,TRUE,Forecasted from 2025 dedicated hunter ladder with residency quota split and preference carry-forward.,Dedicated Hunter,PREFERENCE_DEDICATED_HUNTER_DEER,MODELED_PREFERENCE,TARGET,True,Modeled by engine.utah_draw_predictive.dedicated_hunter.
hybrid_ml_v2.1.0,utah_preference_dedicated_hunter_deer_v1.0.0,2026,2026,DB1783,Ogden,Deer,Buck,General Season,Dedicated Hunter,Resident,12,dedicated_hunter,45,77,,,,,1,0,0,0,1,1.000000,,,1.000000,,,100.000,,-12,-1,ABOVE CUTOFF,RED,GREEN LIGHT,"2021,2022,2023,2024,2025",5,2025,2021,predictive,preference_dedicated_hunter_deer,TRUE,Forecasted from 2025 dedicated hunter ladder with residency quota split and preference carry-forward.,Dedicated Hunter,PREFERENCE_DEDICATED_HUNTER_DEER,MODELED_PREFERENCE,TARGET,True,Modeled by engine.utah_draw_predictive.dedicated_hunter.
hybrid_ml_v2.1.0,utah_preference_dedicated_hunter_deer_v1.0.0,2026,2026,DB1783,Ogden,Deer,Buck,General Season,Dedicated Hunter,Resident,13,dedicated_hunter,45,77,,,,,1,0,0,0,1,1.000000,,,1.000000,,,100.000,,-13,-1,ABOVE CUTOFF,RED,GREEN LIGHT,"2021,2022,2023,2024,2025",5,2025,2021,predictive,preference_dedicated_hunter_deer,TRUE,Forecasted from 2025 dedicated hunter ladder with residency quota split and preference carry-forward.,Dedicated Hunter,PREFERENCE_DEDICATED_HUNTER_DEER,MODELED_PREFERENCE,TARGET,True,Modeled by engine.utah_draw_predictive.dedicated_hunter.
hybrid_ml_v2.1.0,utah_preference_dedicated_hunter_deer_v1.0.0,2026,2026,DB1783,Ogden,Deer,Buck,General Season,Dedicated Hunter,Resident,14,dedicated_hunter,45,77,,,,,1,0,0,0,1,1.000000,,,1.000000,,,100.000,,-14,-1,ABOVE CUTOFF,RED,GREEN LIGHT,"2021,2022,2023,2024,2025",5,2025,2021,predictive,preference_dedicated_hunter_deer,TRUE,Forecasted from 2025 dedicated hunter ladder with residency quota split and preference carry-forward.,Dedicated Hunter,PREFERENCE_DEDICATED_HUNTER_DEER,MODELED_PREFERENCE,TARGET,True,Modeled by engine.utah_draw_predictive.dedicated_hunter.
hybrid_ml_v2.1.0,utah_preference_dedicated_hunter_deer_v1.0.0,2026,2026,DB1783,Ogden,Deer,Buck,General Season,Dedicated Hunter,Resident,15,dedicated_hunter,45,77,,,,,1,0,0,0,1,1.000000,,,1.000000,,,100.000,,-15,-1,ABOVE CUTOFF,RED,GREEN LIGHT,"2021,2022,2023,2024,2025",5,2025,2021,predictive,preference_dedicated_hunter_deer,TRUE,Forecasted from 2025 dedicated hunter ladder with residency quota split and preference carry-forward.,Dedicated Hunter,PREFERENCE_DEDICATED_HUNTER_DEER,MODELED_PREFERENCE,TARGET,True,Modeled by engine.utah_draw_predictive.dedicated_hunter.
hybrid_ml_v2.1.0,utah_preference_dedicated_hunter_deer_v1.0.0,2026,2026,DB1783,Ogden,Deer,Buck,General Season,Dedicated Hunter,Resident,16,dedicated_hunter,45,77,,,,,1,0,0,0,1,1.000000,,,1.000000,,,100.000,,-16,-1,ABOVE CUTOFF,RED,GREEN LIGHT,"2021,2022,2023,2024,2025",5,2025,2021,predictive,preference_dedicated_hunter_deer,TRUE,Forecasted from 2025 dedicated hunter ladder with residency quota split and preference carry-forward.,Dedicated Hunter,PREFERENCE_DEDICATED_HUNTER_DEER,MODELED_PREFERENCE,TARGET,True,Modeled by engine.utah_draw_predictive.dedicated_hunter.
hybrid_ml_v2.1.0,utah_preference_dedicated_hunter_deer_v1.0.0,2026,2026,DB1783,Ogden,Deer,Buck,General Season,Dedicated Hunter,Resident,17,dedicated_hunter,45,77,,,,,1,0,0,0,1,1.000000,,,1.000000,,,100.000,,-17,-1,ABOVE CUTOFF,RED,GREEN LIGHT,"2021,2022,2023,2024,2025",5,2025,2021,predictive,preference_dedicated_hunter_deer,TRUE,Forecasted from 2025 dedicated hunter ladder with residency quota split and preference carry-forward.,Dedicated Hunter,PREFERENCE_DEDICATED_HUNTER_DEER,MODELED_PREFERENCE,TARGET,True,Modeled by engine.utah_draw_predictive.dedicated_hunter.
hybrid_ml_v2.1.0,utah_preference_dedicated_hunter_deer_v1.0.0,2026,2026,DB1783,Ogden,Deer,Buck,General Season,Dedicated Hunter,Resident,18,dedicated_hunter,45,77,,,,,1,0,0,0,1,1.000000,,,1.000000,,,100.000,,-18,-1,ABOVE CUTOFF,RED,GREEN LIGHT,"2021,2022,2023,2024,2025",5,2025,2021,predictive,preference_dedicated_hunter_deer,TRUE,Forecasted from 2025 dedicated hunter ladder with residency quota split and preference carry-forward.,Dedicated Hunter,PREFERENCE_DEDICATED_HUNTER_DEER,MODELED_PREFERENCE,TARGET,True,Modeled by engine.utah_draw_predictive.dedicated_hunter.
hybrid_ml_v2.1.0,utah_preference_dedicated_hunter_deer_v1.0.0,2026,2026,DB1783,Ogden,Deer,Buck,General Season,Dedicated Hunter,Resident,19,dedicated_hunter,45,77,,,,,1,0,0,0,1,1.000000,,,1.000000,,,100.000,,-19,-1,ABOVE CUTOFF,RED,GREEN LIGHT,"2021,2022,2023,2024,2025",5,2025,2021,predictive,preference_dedicated_hunter_deer,TRUE,Forecasted from 2025 dedicated hunter ladder with residency quota split and preference carry-forward.,Dedicated Hunter,PREFERENCE_DEDICATED_HUNTER_DEER,MODELED_PREFERENCE,TARGET,True,Modeled by engine.utah_draw_predictive.dedicated_hunter.
hybrid_ml_v2.1.0,utah_preference_dedicated_hunter_deer_v1.0.0,2026,2026,DB1783,Ogden,Deer,Buck,General Season,Dedicated Hunter,Resident,20,dedicated_hunter,45,77,,,,,1,0,0,0,1,1.000000,,,1.000000,,,100.000,,-20,-1,ABOVE CUTOFF,RED,GREEN LIGHT,"2021,2022,2023,2024,2025",5,2025,2021,predictive,preference_dedicated_hunter_deer,TRUE,Forecasted from 2025 dedicated hunter ladder with residency quota split and preference carry-forward.,Dedicated Hunter,PREFERENCE_DEDICATED_HUNTER_DEER,MODELED_PREFERENCE,TARGET,True,Modeled by engine.utah_draw_predictive.dedicated_hunter.
hybrid_ml_v2.1.0,utah_preference_dedicated_hunter_deer_v1.0.0,2026,2026,DB1783,Ogden,Deer,Buck,General Season,Dedicated Hunter,Resident,21,dedicated_hunter,45,77,,,,,1,0,0,0,1,1.000000,,,1.000000,,,100.000,,-21,-1,ABOVE CUTOFF,RED,GREEN LIGHT,"2021,2022,2023,2024,2025",5,2025,2021,predictive,preference_dedicated_hunter_deer,TRUE,Forecasted from 2025 dedicated hunter ladder with residency quota split and preference carry-forward.,Dedicated Hunter,PREFERENCE_DEDICATED_HUNTER_DEER,MODELED_PREFERENCE,TARGET,True,Modeled by engine.utah_draw_predictive.dedicated_hunter.
hybrid_ml_v2.1.0,utah_preference_dedicated_hunter_deer_v1.0.0,2026,2026,DB1783,Ogden,Deer,Buck,General Season,Dedicated Hunter,Resident,22,dedicated_hunter,45,77,,,,,1,0,0,0,1,1.000000,,,1.000000,,,100.000,,-22,-1,ABOVE CUTOFF,RED,GREEN LIGHT,"2021,2022,2023,2024,2025",5,2025,2021,predictive,preference_dedicated_hunter_deer,TRUE,Forecasted from 2025 dedicated hunter ladder with residency quota split and preference carry-forward.,Dedicated Hunter,PREFERENCE_DEDICATED_HUNTER_DEER,MODELED_PREFERENCE,TARGET,True,Modeled by engine.utah_draw_predictive.dedicated_hunter.
hybrid_ml_v2.1.0,utah_preference_dedicated_hunter_deer_v1.0.0,2026,2026,DB1783,Ogden,Deer,Buck,General Season,Dedicated Hunter,Resident,23,dedicated_hunter,45,77,,,,,1,0,0,0,1,1.000000,,,1.000000,,,100.000,,-23,-1,ABOVE CUTOFF,RED,GREEN LIGHT,"2021,2022,2023,2024,2025",5,2025,2021,predictive,preference_dedicated_hunter_deer,TRUE,Forecasted from 2025 dedicated hunter ladder with residency quota split and preference carry-forward.,Dedicated Hunter,PREFERENCE_DEDICATED_HUNTER_DEER,MODELED_PREFERENCE,TARGET,True,Modeled by engine.utah_draw_predictive.dedicated_hunter.
hybrid_ml_v2.1.0,utah_preference_dedicated_hunter_deer_v1.0.0,2026,2026,DB1783,Ogden,Deer,Buck,General Season,Dedicated Hunter,Resident,24,dedicated_hunter,45,77,,,,,1,0,0,0,1,1.000000,,,1.000000,,,100.000,,-24,-1,ABOVE CUTOFF,RED,GREEN LIGHT,"2021,2022,2023,2024,2025",5,2025,2021,predictive,preference_dedicated_hunter_deer,TRUE,Forecasted from 2025 dedicated hunter ladder with residency quota split and preference carry-forward.,Dedicated Hunter,PREFERENCE_DEDICATED_HUNTER_DEER,MODELED_PREFERENCE,TARGET,True,Modeled by engine.utah_draw_predictive.dedicated_hunter.
hybrid_ml_v2.1.0,utah_preference_dedicated_hunter_deer_v1.0.0,2026,2026,DB1785,Panguitch Lake,Deer,Buck,General Season,Dedicated Hunter,Nonresident,0,dedicated_hunter,20,4,,,,,3,3,20,14,14,0.000000,,,0.000000,,,0.000,,3,0,BEHIND,YELLOW,POINT CREEP DEFEAT,"2021,2022,2023,2024,2025",5,2025,2021,predictive,preference_dedicated_hunter_deer,TRUE,Forecasted from 2025 dedicated hunter ladder with residency quota split and preference carry-forward.,Dedicated Hunter,PREFERENCE_DEDICATED_HUNTER_DEER,MODELED_PREFERENCE,TARGET,True,Modeled by engine.utah_draw_predictive.dedicated_hunter.
hybrid_ml_v2.1.0,utah_preference_dedicated_hunter_deer_v1.0.0,2026,2026,DB1785,Panguitch Lake,Deer,Buck,General Season,Dedicated Hunter,Nonresident,1,dedicated_hunter,20,4,,,,,3,3,11,9,9,0.000000,,,0.000000,,,0.000,,2,0,BEHIND,YELLOW,POINT CREEP DEFEAT,"2021,2022,2023,2024,2025",5,2025,2021,predictive,preference_dedicated_hunter_deer,TRUE,Forecasted from 2025 dedicated hunter ladder with residency quota split and preference carry-forward.,Dedicated Hunter,PREFERENCE_DEDICATED_HUNTER_DEER,MODELED_PREFERENCE,TARGET,True,Modeled by engine.utah_draw_predictive.dedicated_hunter.
hybrid_ml_v2.1.0,utah_preference_dedicated_hunter_deer_v1.0.0,2026,2026,DB1785,Panguitch Lake,Deer,Buck,General Season,Dedicated Hunter,Nonresident,2,dedicated_hunter,20,4,,,,,3,3,3,8,8,0.125000,,,0.125000,,,12.500,,1,0,ON EDGE,YELLOW,RANDOM POOL RELIANCE,"2021,2022,2023,2024,2025",5,2025,2021,predictive,preference_dedicated_hunter_deer,TRUE,Forecasted from 2025 dedicated hunter ladder with residency quota split and preference carry-forward.,Dedicated Hunter,PREFERENCE_DEDICATED_HUNTER_DEER,MODELED_PREFERENCE,TARGET,True,Modeled by engine.utah_draw_predictive.dedicated_hunter.
hybrid_ml_v2.1.0,utah_preference_dedicated_hunter_deer_v1.0.0,2026,2026,DB1785,Panguitch Lake,Deer,Buck,General Season,Dedicated Hunter,Nonresident,3,dedicated_hunter,20,4,,,,,3,3,2,1,1,1.000000,,,1.000000,,,100.000,,0,0,ABOVE CUTOFF,YELLOW,GREEN LIGHT,"2021,2022,2023,2024,2025",5,2025,2021,predictive,preference_dedicated_hunter_deer,TRUE,Forecasted from 2025 dedicated hunter ladder with residency quota split and preference carry-forward.,Dedicated Hunter,PREFERENCE_DEDICATED_HUNTER_DEER,MODELED_PREFERENCE,TARGET,True,Modeled by engine.utah_draw_predictive.dedicated_hunter.
hybrid_ml_v2.1.0,utah_preference_dedicated_hunter_deer_v1.0.0,2026,2026,DB1785,Panguitch Lake,Deer,Buck,General Season,Dedicated Hunter,Nonresident,4,dedicated_hunter,20,4,,,,,3,3,1,1,1,1.000000,,,1.000000,,,100.000,,-1,0,ABOVE CUTOFF,YELLOW,GREEN LIGHT,"2021,2022,2023,2024,2025",5,2025,2021,predictive,preference_dedicated_hunter_deer,TRUE,Forecasted from 2025 dedicated hunter ladder with residency quota split and preference carry-forward.,Dedicated Hunter,PREFERENCE_DEDICATED_HUNTER_DEER,MODELED_PREFERENCE,TARGET,True,Modeled by engine.utah_draw_predictive.dedicated_hunter.
hybrid_ml_v2.1.0,utah_preference_dedicated_hunter_deer_v1.0.0,2026,2026,DB1785,Panguitch Lake,Deer,Buck,General Season,Dedicated Hunter,Nonresident,5,dedicated_hunter,20,4,,,,,3,3,0,1,1,1.000000,,,1.000000,,,100.000,,-2,0,ABOVE CUTOFF,YELLOW,GREEN LIGHT,"2021,2022,2023,2024,2025",5,2025,2021,predictive,preference_dedicated_hunter_deer,TRUE,Forecasted from 2025 dedicated hunter ladder with residency quota split and preference carry-forward.,Dedicated Hunter,PREFERENCE_DEDICATED_HUNTER_DEER,MODELED_PREFERENCE,TARGET,True,Modeled by engine.utah_draw_predictive.dedicated_hunter.
hybrid_ml_v2.1.0,utah_preference_dedicated_hunter_deer_v1.0.0,2026,2026,DB1785,Panguitch Lake,Deer,Buck,General Season,Dedicated Hunter,Nonresident,6,dedicated_hunter,20,4,,,,,3,3,0,0,1,1.000000,,,1.000000,,,100.000,,-3,0,ABOVE CUTOFF,YELLOW,GREEN LIGHT,"2021,2022,2023,2024,2025",5,2025,2021,predictive,preference_dedicated_hunter_deer,TRUE,Forecasted from 2025 dedicated hunter ladder with residency quota split and preference carry-forward.,Dedicated Hunter,PREFERENCE_DEDICATED_HUNTER_DEER,MODELED_PREFERENCE,TARGET,True,Modeled by engine.utah_draw_predictive.dedicated_hunter.
hybrid_ml_v2.1.0,utah_preference_dedicated_hunter_deer_v1.0.0,2026,2026,DB1785,Panguitch Lake,Deer,Buck,General Season,Dedicated Hunter,Nonresident,7,dedicated_hunter,20,4,,,,,3,3,0,0,1,1.000000,,,1.000000,,,100.000,,-4,0,ABOVE CUTOFF,YELLOW,GREEN LIGHT,"2021,2022,2023,2024,2025",5,2025,2021,predictive,preference_dedicated_hunter_deer,TRUE,Forecasted from 2025 dedicated hunter ladder with residency quota split and preference carry-forward.,Dedicated Hunter,PREFERENCE_DEDICATED_HUNTER_DEER,MODELED_PREFERENCE,TARGET,True,Modeled by engine.utah_draw_predictive.dedicated_hunter.
hybrid_ml_v2.1.0,utah_preference_dedicated_hunter_deer_v1.0.0,2026,2026,DB1785,Panguitch Lake,Deer,Buck,General Season,Dedicated Hunter,Nonresident,8,dedicated_hunter,20,4,,,,,3,3,0,0,1,1.000000,,,1.000000,,,100.000,,-5,0,ABOVE CUTOFF,YELLOW,GREEN LIGHT,"2021,2022,2023,2024,2025",5,2025,2021,predictive,preference_dedicated_hunter_deer,TRUE,Forecasted from 2025 dedicated hunter ladder with residency quota split and preference carry-forward.,Dedicated Hunter,PREFERENCE_DEDICATED_HUNTER_DEER,MODELED_PREFERENCE,TARGET,True,Modeled by engine.utah_draw_predictive.dedicated_hunter.
hybrid_ml_v2.1.0,utah_preference_dedicated_hunter_deer_v1.0.0,2026,2026,DB1785,Panguitch Lake,Deer,Buck,General Season,Dedicated Hunter,Nonresident,9,dedicated_hunter,20,4,,,,,3,3,0,0,1,1.000000,,,1.000000,,,100.000,,-6,0,ABOVE CUTOFF,YELLOW,GREEN LIGHT,"2021,2022,2023,2024,2025",5,2025,2021,predictive,preference_dedicated_hunter_deer,TRUE,Forecasted from 2025 dedicated hunter ladder with residency quota split and preference carry-forward.,Dedicated Hunter,PREFERENCE_DEDICATED_HUNTER_DEER,MODELED_PREFERENCE,TARGET,True,Modeled by engine.utah_draw_predictive.dedicated_hunter.
hybrid_ml_v2.1.0,utah_preference_dedicated_hunter_deer_v1.0.0,2026,2026,DB1785,Panguitch Lake,Deer,Buck,General Season,Dedicated Hunter,Nonresident,10,dedicated_hunter,20,4,,,,,3,3,0,0,1,1.000000,,,1.000000,,,100.000,,-7,0,ABOVE CUTOFF,YELLOW,GREEN LIGHT,"2021,2022,2023,2024,2025",5,2025,2021,predictive,preference_dedicated_hunter_deer,TRUE,Forecasted from 2025 dedicated hunter ladder with residency quota split and preference carry-forward.,Dedicated Hunter,PREFERENCE_DEDICATED_HUNTER_DEER,MODELED_PREFERENCE,TARGET,True,Modeled by engine.utah_draw_predictive.dedicated_hunter.
hybrid_ml_v2.1.0,utah_preference_dedicated_hunter_deer_v1.0.0,2026,2026,DB1785,Panguitch Lake,Deer,Buck,General Season,Dedicated Hunter,Nonresident,11,dedicated_hunter,20,4,,,,,3,3,0,0,1,1.000000,,,1.000000,,,100.000,,-8,0,ABOVE CUTOFF,YELLOW,GREEN LIGHT,"2021,2022,2023,2024,2025",5,2025,2021,predictive,preference_dedicated_hunter_deer,TRUE,Forecasted from 2025 dedicated hunter ladder with residency quota split and preference carry-forward.,Dedicated Hunter,PREFERENCE_DEDICATED_HUNTER_DEER,MODELED_PREFERENCE,TARGET,True,Modeled by engine.utah_draw_predictive.dedicated_hunter.
hybrid_ml_v2.1.0,utah_preference_dedicated_hunter_deer_v1.0.0,2026,2026,DB1785,Panguitch Lake,Deer,Buck,General Season,Dedicated Hunter,Nonresident,12,dedicated_hunter,20,4,,,,,3,3,0,0,1,1.000000,,,1.000000,,,100.000,,-9,0,ABOVE CUTOFF,YELLOW,GREEN LIGHT,"2021,2022,2023,2024,2025",5,2025,2021,predictive,preference_dedicated_hunter_deer,TRUE,Forecasted from 2025 dedicated hunter ladder with residency quota split and preference carry-forward.,Dedicated Hunter,PREFERENCE_DEDICATED_HUNTER_DEER,MODELED_PREFERENCE,TARGET,True,Modeled by engine.utah_draw_predictive.dedicated_hunter.
hybrid_ml_v2.1.0,utah_preference_dedicated_hunter_deer_v1.0.0,2026,2026,DB1785,Panguitch Lake,Deer,Buck,General Season,Dedicated Hunter,Nonresident,13,dedicated_hunter,20,4,,,,,3,3,0,0,1,1.000000,,,1.000000,,,100.000,,-10,0,ABOVE CUTOFF,YELLOW,GREEN LIGHT,"2021,2022,2023,2024,2025",5,2025,2021,predictive,preference_dedicated_hunter_deer,TRUE,Forecasted from 2025 dedicated hunter ladder with residency quota split and preference carry-forward.,Dedicated Hunter,PREFERENCE_DEDICATED_HUNTER_DEER,MODELED_PREFERENCE,TARGET,True,Modeled by engine.utah_draw_predictive.dedicated_hunter.
hybrid_ml_v2.1.0,utah_preference_dedicated_hunter_deer_v1.0.0,2026,2026,DB1785,Panguitch Lake,Deer,Buck,General Season,Dedicated Hunter,Nonresident,14,dedicated_hunter,20,4,,,,,3,3,0,0,1,1.000000,,,1.000000,,,100.000,,-11,0,ABOVE CUTOFF,YELLOW,GREEN LIGHT,"2021,2022,2023,2024,2025",5,2025,2021,predictive,preference_dedicated_hunter_deer,TRUE,Forecasted from 2025 dedicated hunter ladder with residency quota split and preference carry-forward.,Dedicated Hunter,PREFERENCE_DEDICATED_HUNTER_DEER,MODELED_PREFERENCE,TARGET,True,Modeled by engine.utah_draw_predictive.dedicated_hunter.
hybrid_ml_v2.1.0,utah_preference_dedicated_hunter_deer_v1.0.0,2026,2026,DB1785,Panguitch Lake,Deer,Buck,General Season,Dedicated Hunter,Nonresident,15,dedicated_hunter,20,4,,,,,3,3,0,0,1,1.000000,,,1.000000,,,100.000,,-12,0,ABOVE CUTOFF,YELLOW,GREEN LIGHT,"2021,2022,2023,2024,2025",5,2025,2021,predictive,preference_dedicated_hunter_deer,TRUE,Forecasted from 2025 dedicated hunter ladder with residency quota split and preference carry-forward.,Dedicated Hunter,PREFERENCE_DEDICATED_HUNTER_DEER,MODELED_PREFERENCE,TARGET,True,Modeled by engine.utah_draw_predictive.dedicated_hunter.
hybrid_ml_v2.1.0,utah_preference_dedicated_hunter_deer_v1.0.0,2026,2026,DB1785,Panguitch Lake,Deer,Buck,General Season,Dedicated Hunter,Nonresident,16,dedicated_hunter,20,4,,,,,3,3,0,0,1,1.000000,,,1.000000,,,100.000,,-13,0,ABOVE CUTOFF,YELLOW,GREEN LIGHT,"2021,2022,2023,2024,2025",5,2025,2021,predictive,preference_dedicated_hunter_deer,TRUE,Forecasted from 2025 dedicated hunter ladder with residency quota split and preference carry-forward.,Dedicated Hunter,PREFERENCE_DEDICATED_HUNTER_DEER,MODELED_PREFERENCE,TARGET,True,Modeled by engine.utah_draw_predictive.dedicated_hunter.
hybrid_ml_v2.1.0,utah_preference_dedicated_hunter_deer_v1.0.0,2026,2026,DB1785,Panguitch Lake,Deer,Buck,General Season,Dedicated Hunter,Nonresident,17,dedicated_hunter,20,4,,,,,3,3,0,0,1,1.000000,,,1.000000,,,100.000,,-14,0,ABOVE CUTOFF,YELLOW,GREEN LIGHT,"2021,2022,2023,2024,2025",5,2025,2021,predictive,preference_dedicated_hunter_deer,TRUE,Forecasted from 2025 dedicated hunter ladder with residency quota split and preference carry-forward.,Dedicated Hunter,PREFERENCE_DEDICATED_HUNTER_DEER,MODELED_PREFERENCE,TARGET,True,Modeled by engine.utah_draw_predictive.dedicated_hunter.
hybrid_ml_v2.1.0,utah_preference_dedicated_hunter_deer_v1.0.0,2026,2026,DB1785,Panguitch Lake,Deer,Buck,General Season,Dedicated Hunter,Nonresident,18,dedicated_hunter,20,4,,,,,3,3,0,0,1,1.000000,,,1.000000,,,100.000,,-15,0,ABOVE CUTOFF,YELLOW,GREEN LIGHT,"2021,2022,2023,2024,2025",5,2025,2021,predictive,preference_dedicated_hunter_deer,TRUE,Forecasted from 2025 dedicated hunter ladder with residency quota split and preference carry-forward.,Dedicated Hunter,PREFERENCE_DEDICATED_HUNTER_DEER,MODELED_PREFERENCE,TARGET,True,Modeled by engine.utah_draw_predictive.dedicated_hunter.
hybrid_ml_v2.1.0,utah_preference_dedicated_hunter_deer_v1.0.0,2026,2026,DB1785,Panguitch Lake,Deer,Buck,General Season,Dedicated Hunter,Nonresident,19,dedicated_hunter,20,4,,,,,3,3,0,0,1,1.000000,,,1.000000,,,100.000,,-16,0,ABOVE CUTOFF,YELLOW,GREEN LIGHT,"2021,2022,2023,2024,2025",5,2025,2021,predictive,preference_dedicated_hunter_deer,TRUE,Forecasted from 2025 dedicated hunter ladder with residency quota split and preference carry-forward.,Dedicated Hunter,PREFERENCE_DEDICATED_HUNTER_DEER,MODELED_PREFERENCE,TARGET,True,Modeled by engine.utah_draw_predictive.dedicated_hunter.
hybrid_ml_v2.1.0,utah_preference_dedicated_hunter_deer_v1.0.0,2026,2026,DB1785,Panguitch Lake,Deer,Buck,General Season,Dedicated Hunter,Nonresident,20,dedicated_hunter,20,4,,,,,3,3,0,0,1,1.000000,,,1.000000,,,100.000,,-17,0,ABOVE CUTOFF,YELLOW,GREEN LIGHT,"2021,2022,2023,2024,2025",5,2025,2021,predictive,preference_dedicated_hunter_deer,TRUE,Forecasted from 2025 dedicated hunter ladder with residency quota split and preference carry-forward.,Dedicated Hunter,PREFERENCE_DEDICATED_HUNTER_DEER,MODELED_PREFERENCE,TARGET,True,Modeled by engine.utah_draw_predictive.dedicated_hunter.
hybrid_ml_v2.1.0,utah_preference_dedicated_hunter_deer_v1.0.0,2026,2026,DB1785,Panguitch Lake,Deer,Buck,General Season,Dedicated Hunter,Nonresident,21,dedicated_hunter,20,4,,,,,3,3,0,0,1,1.000000,,,1.000000,,,100.000,,-18,0,ABOVE CUTOFF,YELLOW,GREEN LIGHT,"2021,2022,2023,2024,2025",5,2025,2021,predictive,preference_dedicated_hunter_deer,TRUE,Forecasted from 2025 dedicated hunter ladder with residency quota split and preference carry-forward.,Dedicated Hunter,PREFERENCE_DEDICATED_HUNTER_DEER,MODELED_PREFERENCE,TARGET,True,Modeled by engine.utah_draw_predictive.dedicated_hunter.
hybrid_ml_v2.1.0,utah_preference_dedicated_hunter_deer_v1.0.0,2026,2026,DB1785,Panguitch Lake,Deer,Buck,General Season,Dedicated Hunter,Nonresident,22,dedicated_hunter,20,4,,,,,3,3,0,0,1,1.000000,,,1.000000,,,100.000,,-19,0,ABOVE CUTOFF,YELLOW,GREEN LIGHT,"2021,2022,2023,2024,2025",5,2025,2021,predictive,preference_dedicated_hunter_deer,TRUE,Forecasted from 2025 dedicated hunter ladder with residency quota split and preference carry-forward.,Dedicated Hunter,PREFERENCE_DEDICATED_HUNTER_DEER,MODELED_PREFERENCE,TARGET,True,Modeled by engine.utah_draw_predictive.dedicated_hunter.
hybrid_ml_v2.1.0,utah_preference_dedicated_hunter_deer_v1.0.0,2026,2026,DB1785,Panguitch Lake,Deer,Buck,General Season,Dedicated Hunter,Nonresident,23,dedicated_hunter,20,4,,,,,3,3,0,0,1,1.000000,,,1.000000,,,100.000,,-20,0,ABOVE CUTOFF,YELLOW,GREEN LIGHT,"2021,2022,2023,2024,2025",5,2025,2021,predictive,preference_dedicated_hunter_deer,TRUE,Forecasted from 2025 dedicated hunter ladder with residency quota split and preference carry-forward.,Dedicated Hunter,PREFERENCE_DEDICATED_HUNTER_DEER,MODELED_PREFERENCE,TARGET,True,Modeled by engine.utah_draw_predictive.dedicated_hunter.
hybrid_ml_v2.1.0,utah_preference_dedicated_hunter_deer_v1.0.0,2026,2026,DB1785,Panguitch Lake,Deer,Buck,General Season,Dedicated Hunter,Nonresident,24,dedicated_hunter,20,4,,,,,3,3,0,0,1,1.000000,,,1.000000,,,100.000,,-21,0,ABOVE CUTOFF,YELLOW,GREEN LIGHT,"2021,2022,2023,2024,2025",5,2025,2021,predictive,preference_dedicated_hunter_deer,TRUE,Forecasted from 2025 dedicated hunter ladder with residency quota split and preference carry-forward.,Dedicated Hunter,PREFERENCE_DEDICATED_HUNTER_DEER,MODELED_PREFERENCE,TARGET,True,Modeled by engine.utah_draw_predictive.dedicated_hunter.
hybrid_ml_v2.1.0,utah_preference_dedicated_hunter_deer_v1.0.0,2026,2026,DB1785,Panguitch Lake,Deer,Buck,General Season,Dedicated Hunter,Resident,0,dedicated_hunter,167,73,,,,,3,2,123,82,82,0.000000,,,0.000000,,,0.000,,2,-1,BEHIND,RED,POINT CREEP DEFEAT,"2021,2022,2023,2024,2025",5,2025,2021,predictive,preference_dedicated_hunter_deer,TRUE,Forecasted from 2025 dedicated hunter ladder with residency quota split and preference carry-forward.,Dedicated Hunter,PREFERENCE_DEDICATED_HUNTER_DEER,MODELED_PREFERENCE,TARGET,True,Modeled by engine.utah_draw_predictive.dedicated_hunter.
hybrid_ml_v2.1.0,utah_preference_dedicated_hunter_deer_v1.0.0,2026,2026,DB1785,Panguitch Lake,Deer,Buck,General Season,Dedicated Hunter,Resident,1,dedicated_hunter,167,73,,,,,3,2,68,55,55,0.090909,,,0.090909,,,9.091,,1,-1,ON EDGE,RED,RANDOM POOL RELIANCE,"2021,2022,2023,2024,2025",5,2025,2021,predictive,preference_dedicated_hunter_deer,TRUE,Forecasted from 2025 dedicated hunter ladder with residency quota split and preference carry-forward.,Dedicated Hunter,PREFERENCE_DEDICATED_HUNTER_DEER,MODELED_PREFERENCE,TARGET,True,Modeled by engine.utah_draw_predictive.dedicated_hunter.
hybrid_ml_v2.1.0,utah_preference_dedicated_hunter_deer_v1.0.0,2026,2026,DB1785,Panguitch Lake,Deer,Buck,General Season,Dedicated Hunter,Resident,2,dedicated_hunter,167,73,,,,,3,2,24,44,44,1.000000,,,1.000000,,,100.000,,0,-1,ABOVE CUTOFF,RED,GREEN LIGHT,"2021,2022,2023,2024,2025",5,2025,2021,predictive,preference_dedicated_hunter_deer,TRUE,Forecasted from 2025 dedicated hunter ladder with residency quota split and preference carry-forward.,Dedicated Hunter,PREFERENCE_DEDICATED_HUNTER_DEER,MODELED_PREFERENCE,TARGET,True,Modeled by engine.utah_draw_predictive.dedicated_hunter.
hybrid_ml_v2.1.0,utah_preference_dedicated_hunter_deer_v1.0.0,2026,2026,DB1785,Panguitch Lake,Deer,Buck,General Season,Dedicated Hunter,Resident,3,dedicated_hunter,167,73,,,,,3,2,3,21,21,1.000000,,,1.000000,,,100.000,,-1,-1,ABOVE CUTOFF,RED,GREEN LIGHT,"2021,2022,2023,2024,2025",5,2025,2021,predictive,preference_dedicated_hunter_deer,TRUE,Forecasted from 2025 dedicated hunter ladder with residency quota split and preference carry-forward.,Dedicated Hunter,PREFERENCE_DEDICATED_HUNTER_DEER,MODELED_PREFERENCE,TARGET,True,Modeled by engine.utah_draw_predictive.dedicated_hunter.
hybrid_ml_v2.1.0,utah_preference_dedicated_hunter_deer_v1.0.0,2026,2026,DB1785,Panguitch Lake,Deer,Buck,General Season,Dedicated Hunter,Resident,4,dedicated_hunter,167,73,,,,,3,2,1,2,2,1.000000,,,1.000000,,,100.000,,-2,-1,ABOVE CUTOFF,RED,GREEN LIGHT,"2021,2022,2023,2024,2025",5,2025,2021,predictive,preference_dedicated_hunter_deer,TRUE,Forecasted from 2025 dedicated hunter ladder with residency quota split and preference carry-forward.,Dedicated Hunter,PREFERENCE_DEDICATED_HUNTER_DEER,MODELED_PREFERENCE,TARGET,True,Modeled by engine.utah_draw_predictive.dedicated_hunter.
hybrid_ml_v2.1.0,utah_preference_dedicated_hunter_deer_v1.0.0,2026,2026,DB1785,Panguitch Lake,Deer,Buck,General Season,Dedicated Hunter,Resident,5,dedicated_hunter,167,73,,,,,3,2,0,1,1,1.000000,,,1.000000,,,100.000,,-3,-1,ABOVE CUTOFF,RED,GREEN LIGHT,"2021,2022,2023,2024,2025",5,2025,2021,predictive,preference_dedicated_hunter_deer,TRUE,Forecasted from 2025 dedicated hunter ladder with residency quota split and preference carry-forward.,Dedicated Hunter,PREFERENCE_DEDICATED_HUNTER_DEER,MODELED_PREFERENCE,TARGET,True,Modeled by engine.utah_draw_predictive.dedicated_hunter.
hybrid_ml_v2.1.0,utah_preference_dedicated_hunter_deer_v1.0.0,2026,2026,DB1785,Panguitch Lake,Deer,Buck,General Season,Dedicated Hunter,Resident,6,dedicated_hunter,167,73,,,,,3,2,0,0,1,1.000000,,,1.000000,,,100.000,,-4,-1,ABOVE CUTOFF,RED,GREEN LIGHT,"2021,2022,2023,2024,2025",5,2025,2021,predictive,preference_dedicated_hunter_deer,TRUE,Forecasted from 2025 dedicated hunter ladder with residency quota split and preference carry-forward.,Dedicated Hunter,PREFERENCE_DEDICATED_HUNTER_DEER,MODELED_PREFERENCE,TARGET,True,Modeled by engine.utah_draw_predictive.dedicated_hunter.
hybrid_ml_v2.1.0,utah_preference_dedicated_hunter_deer_v1.0.0,2026,2026,DB1785,Panguitch Lake,Deer,Buck,General Season,Dedicated Hunter,Resident,7,dedicated_hunter,167,73,,,,,3,2,0,0,1,1.000000,,,1.000000,,,100.000,,-5,-1,ABOVE CUTOFF,RED,GREEN LIGHT,"2021,2022,2023,2024,2025",5,2025,2021,predictive,preference_dedicated_hunter_deer,TRUE,Forecasted from 2025 dedicated hunter ladder with residency quota split and preference carry-forward.,Dedicated Hunter,PREFERENCE_DEDICATED_HUNTER_DEER,MODELED_PREFERENCE,TARGET,True,Modeled by engine.utah_draw_predictive.dedicated_hunter.
hybrid_ml_v2.1.0,utah_preference_dedicated_hunter_deer_v1.0.0,2026,2026,DB1785,Panguitch Lake,Deer,Buck,General Season,Dedicated Hunter,Resident,8,dedicated_hunter,167,73,,,,,3,2,0,0,1,1.000000,,,1.000000,,,100.000,,-6,-1,ABOVE CUTOFF,RED,GREEN LIGHT,"2021,2022,2023,2024,2025",5,2025,2021,predictive,preference_dedicated_hunter_deer,TRUE,Forecasted from 2025 dedicated hunter ladder with residency quota split and preference carry-forward.,Dedicated Hunter,PREFERENCE_DEDICATED_HUNTER_DEER,MODELED_PREFERENCE,TARGET,True,Modeled by engine.utah_draw_predictive.dedicated_hunter.
hybrid_ml_v2.1.0,utah_preference_dedicated_hunter_deer_v1.0.0,2026,2026,DB1785,Panguitch Lake,Deer,Buck,General Season,Dedicated Hunter,Resident,9,dedicated_hunter,167,73,,,,,3,2,0,0,1,1.000000,,,1.000000,,,100.000,,-7,-1,ABOVE CUTOFF,RED,GREEN LIGHT,"2021,2022,2023,2024,2025",5,2025,2021,predictive,preference_dedicated_hunter_deer,TRUE,Forecasted from 2025 dedicated hunter ladder with residency quota split and preference carry-forward.,Dedicated Hunter,PREFERENCE_DEDICATED_HUNTER_DEER,MODELED_PREFERENCE,TARGET,True,Modeled by engine.utah_draw_predictive.dedicated_hunter.
hybrid_ml_v2.1.0,utah_preference_dedicated_hunter_deer_v1.0.0,2026,2026,DB1785,Panguitch Lake,Deer,Buck,General Season,Dedicated Hunter,Resident,10,dedicated_hunter,167,73,,,,,3,2,0,0,1,1.000000,,,1.000000,,,100.000,,-8,-1,ABOVE CUTOFF,RED,GREEN LIGHT,"2021,2022,2023,2024,2025",5,2025,2021,predictive,preference_dedicated_hunter_deer,TRUE,Forecasted from 2025 dedicated hunter ladder with residency quota split and preference carry-forward.,Dedicated Hunter,PREFERENCE_DEDICATED_HUNTER_DEER,MODELED_PREFERENCE,TARGET,True,Modeled by engine.utah_draw_predictive.dedicated_hunter.
hybrid_ml_v2.1.0,utah_preference_dedicated_hunter_deer_v1.0.0,2026,2026,DB1785,Panguitch Lake,Deer,Buck,General Season,Dedicated Hunter,Resident,11,dedicated_hunter,167,73,,,,,3,2,0,0,1,1.000000,,,1.000000,,,100.000,,-9,-1,ABOVE CUTOFF,RED,GREEN LIGHT,"2021,2022,2023,2024,2025",5,2025,2021,predictive,preference_dedicated_hunter_deer,TRUE,Forecasted from 2025 dedicated hunter ladder with residency quota split and preference carry-forward.,Dedicated Hunter,PREFERENCE_DEDICATED_HUNTER_DEER,MODELED_PREFERENCE,TARGET,True,Modeled by engine.utah_draw_predictive.dedicated_hunter.
hybrid_ml_v2.1.0,utah_preference_dedicated_hunter_deer_v1.0.0,2026,2026,DB1785,Panguitch Lake,Deer,Buck,General Season,Dedicated Hunter,Resident,12,dedicated_hunter,167,73,,,,,3,2,0,0,1,1.000000,,,1.000000,,,100.000,,-10,-1,ABOVE CUTOFF,RED,GREEN LIGHT,"2021,2022,2023,2024,2025",5,2025,2021,predictive,preference_dedicated_hunter_deer,TRUE,Forecasted from 2025 dedicated hunter ladder with residency quota split and preference carry-forward.,Dedicated Hunter,PREFERENCE_DEDICATED_HUNTER_DEER,MODELED_PREFERENCE,TARGET,True,Modeled by engine.utah_draw_predictive.dedicated_hunter.
hybrid_ml_v2.1.0,utah_preference_dedicated_hunter_deer_v1.0.0,2026,2026,DB1785,Panguitch Lake,Deer,Buck,General Season,Dedicated Hunter,Resident,13,dedicated_hunter,167,73,,,,,3,2,0,0,1,1.000000,,,1.000000,,,100.000,,-11,-1,ABOVE CUTOFF,RED,GREEN LIGHT,"2021,2022,2023,2024,2025",5,2025,2021,predictive,preference_dedicated_hunter_deer,TRUE,Forecasted from 2025 dedicated hunter ladder with residency quota split and preference carry-forward.,Dedicated Hunter,PREFERENCE_DEDICATED_HUNTER_DEER,MODELED_PREFERENCE,TARGET,True,Modeled by engine.utah_draw_predictive.dedicated_hunter.
hybrid_ml_v2.1.0,utah_preference_dedicated_hunter_deer_v1.0.0,2026,2026,DB1785,Panguitch Lake,Deer,Buck,General Season,Dedicated Hunter,Resident,14,dedicated_hunter,167,73,,,,,3,2,0,0,1,1.000000,,,1.000000,,,100.000,,-12,-1,ABOVE CUTOFF,RED,GREEN LIGHT,"2021,2022,2023,2024,2025",5,2025,2021,predictive,preference_dedicated_hunter_deer,TRUE,Forecasted from 2025 dedicated hunter ladder with residency quota split and preference carry-forward.,Dedicated Hunter,PREFERENCE_DEDICATED_HUNTER_DEER,MODELED_PREFERENCE,TARGET,True,Modeled by engine.utah_draw_predictive.dedicated_hunter.
hybrid_ml_v2.1.0,utah_preference_dedicated_hunter_deer_v1.0.0,2026,2026,DB1785,Panguitch Lake,Deer,Buck,General Season,Dedicated Hunter,Resident,15,dedicated_hunter,167,73,,,,,3,2,0,0,1,1.000000,,,1.000000,,,100.000,,-13,-1,ABOVE CUTOFF,RED,GREEN LIGHT,"2021,2022,2023,2024,2025",5,2025,2021,predictive,preference_dedicated_hunter_deer,TRUE,Forecasted from 2025 dedicated hunter ladder with residency quota split and preference carry-forward.,Dedicated Hunter,PREFERENCE_DEDICATED_HUNTER_DEER,MODELED_PREFERENCE,TARGET,True,Modeled by engine.utah_draw_predictive.dedicated_hunter.
hybrid_ml_v2.1.0,utah_preference_dedicated_hunter_deer_v1.0.0,2026,2026,DB1785,Panguitch Lake,Deer,Buck,General Season,Dedicated Hunter,Resident,16,dedicated_hunter,167,73,,,,,3,2,0,0,1,1.000000,,,1.000000,,,100.000,,-14,-1,ABOVE CUTOFF,RED,GREEN LIGHT,"2021,2022,2023,2024,2025",5,2025,2021,predictive,preference_dedicated_hunter_deer,TRUE,Forecasted from 2025 dedicated hunter ladder with residency quota split and preference carry-forward.,Dedicated Hunter,PREFERENCE_DEDICATED_HUNTER_DEER,MODELED_PREFERENCE,TARGET,True,Modeled by engine.utah_draw_predictive.dedicated_hunter.
hybrid_ml_v2.1.0,utah_preference_dedicated_hunter_deer_v1.0.0,2026,2026,DB1785,Panguitch Lake,Deer,Buck,General Season,Dedicated Hunter,Resident,17,dedicated_hunter,167,73,,,,,3,2,0,0,1,1.000000,,,1.000000,,,100.000,,-15,-1,ABOVE CUTOFF,RED,GREEN LIGHT,"2021,2022,2023,2024,2025",5,2025,2021,predictive,preference_dedicated_hunter_deer,TRUE,Forecasted from 2025 dedicated hunter ladder with residency quota split and preference carry-forward.,Dedicated Hunter,PREFERENCE_DEDICATED_HUNTER_DEER,MODELED_PREFERENCE,TARGET,True,Modeled by engine.utah_draw_predictive.dedicated_hunter.
hybrid_ml_v2.1.0,utah_preference_dedicated_hunter_deer_v1.0.0,2026,2026,DB1785,Panguitch Lake,Deer,Buck,General Season,Dedicated Hunter,Resident,18,dedicated_hunter,167,73,,,,,3,2,0,0,1,1.000000,,,1.000000,,,100.000,,-16,-1,ABOVE CUTOFF,RED,GREEN LIGHT,"2021,2022,2023,2024,2025",5,2025,2021,predictive,preference_dedicated_hunter_deer,TRUE,Forecasted from 2025 dedicated hunter ladder with residency quota split and preference carry-forward.,Dedicated Hunter,PREFERENCE_DEDICATED_HUNTER_DEER,MODELED_PREFERENCE,TARGET,True,Modeled by engine.utah_draw_predictive.dedicated_hunter.
hybrid_ml_v2.1.0,utah_preference_dedicated_hunter_deer_v1.0.0,2026,2026,DB1785,Panguitch Lake,Deer,Buck,General Season,Dedicated Hunter,Resident,19,dedicated_hunter,167,73,,,,,3,2,0,0,1,1.000000,,,1.000000,,,100.000,,-17,-1,ABOVE CUTOFF,RED,GREEN LIGHT,"2021,2022,2023,2024,2025",5,2025,2021,predictive,preference_dedicated_hunter_deer,TRUE,Forecasted from 2025 dedicated hunter ladder with residency quota split and preference carry-forward.,Dedicated Hunter,PREFERENCE_DEDICATED_HUNTER_DEER,MODELED_PREFERENCE,TARGET,True,Modeled by engine.utah_draw_predictive.dedicated_hunter.
hybrid_ml_v2.1.0,utah_preference_dedicated_hunter_deer_v1.0.0,2026,2026,DB1785,Panguitch Lake,Deer,Buck,General Season,Dedicated Hunter,Resident,20,dedicated_hunter,167,73,,,,,3,2,0,0,1,1.000000,,,1.000000,,,100.000,,-18,-1,ABOVE CUTOFF,RED,GREEN LIGHT,"2021,2022,2023,2024,2025",5,2025,2021,predictive,preference_dedicated_hunter_deer,TRUE,Forecasted from 2025 dedicated hunter ladder with residency quota split and preference carry-forward.,Dedicated Hunter,PREFERENCE_DEDICATED_HUNTER_DEER,MODELED_PREFERENCE,TARGET,True,Modeled by engine.utah_draw_predictive.dedicated_hunter.
hybrid_ml_v2.1.0,utah_preference_dedicated_hunter_deer_v1.0.0,2026,2026,DB1785,Panguitch Lake,Deer,Buck,General Season,Dedicated Hunter,Resident,21,dedicated_hunter,167,73,,,,,3,2,0,0,1,1.000000,,,1.000000,,,100.000,,-19,-1,ABOVE CUTOFF,RED,GREEN LIGHT,"2021,2022,2023,2024,2025",5,2025,2021,predictive,preference_dedicated_hunter_deer,TRUE,Forecasted from 2025 dedicated hunter ladder with residency quota split and preference carry-forward.,Dedicated Hunter,PREFERENCE_DEDICATED_HUNTER_DEER,MODELED_PREFERENCE,TARGET,True,Modeled by engine.utah_draw_predictive.dedicated_hunter.
hybrid_ml_v2.1.0,utah_preference_dedicated_hunter_deer_v1.0.0,2026,2026,DB1785,Panguitch Lake,Deer,Buck,General Season,Dedicated Hunter,Resident,22,dedicated_hunter,167,73,,,,,3,2,0,0,1,1.000000,,,1.000000,,,100.000,,-20,-1,ABOVE CUTOFF,RED,GREEN LIGHT,"2021,2022,2023,2024,2025",5,2025,2021,predictive,preference_dedicated_hunter_deer,TRUE,Forecasted from 2025 dedicated hunter ladder with residency quota split and preference carry-forward.,Dedicated Hunter,PREFERENCE_DEDICATED_HUNTER_DEER,MODELED_PREFERENCE,TARGET,True,Modeled by engine.utah_draw_predictive.dedicated_hunter.
hybrid_ml_v2.1.0,utah_preference_dedicated_hunter_deer_v1.0.0,2026,2026,DB1785,Panguitch Lake,Deer,Buck,General Season,Dedicated Hunter,Resident,23,dedicated_hunter,167,73,,,,,3,2,0,0,1,1.000000,,,1.000000,,,100.000,,-21,-1,ABOVE CUTOFF,RED,GREEN LIGHT,"2021,2022,2023,2024,2025",5,2025,2021,predictive,preference_dedicated_hunter_deer,TRUE,Forecasted from 2025 dedicated hunter ladder with residency quota split and preference carry-forward.,Dedicated Hunter,PREFERENCE_DEDICATED_HUNTER_DEER,MODELED_PREFERENCE,TARGET,True,Modeled by engine.utah_draw_predictive.dedicated_hunter.
hybrid_ml_v2.1.0,utah_preference_dedicated_hunter_deer_v1.0.0,2026,2026,DB1785,Panguitch Lake,Deer,Buck,General Season,Dedicated Hunter,Resident,24,dedicated_hunter,167,73,,,,,3,2,0,0,1,1.000000,,,1.000000,,,100.000,,-22,-1,ABOVE CUTOFF,RED,GREEN LIGHT,"2021,2022,2023,2024,2025",5,2025,2021,predictive,preference_dedicated_hunter_deer,TRUE,Forecasted from 2025 dedicated hunter ladder with residency quota split and preference carry-forward.,Dedicated Hunter,PREFERENCE_DEDICATED_HUNTER_DEER,MODELED_PREFERENCE,TARGET,True,Modeled by engine.utah_draw_predictive.dedicated_hunter.
hybrid_ml_v2.1.0,utah_preference_dedicated_hunter_deer_v1.0.0,2026,2026,DB1786,Pine Valley,Deer,Buck,General Season,Dedicated Hunter,Nonresident,0,dedicated_hunter,1,19,,,,,,5,59,13,13,0.000000,,,0.000000,,,0.000,,5,,BEHIND,GREEN,POINT CREEP DEFEAT,"2021,2022,2023,2024,2025",5,2025,2021,predictive,preference_dedicated_hunter_deer,TRUE,Forecasted from 2025 dedicated hunter ladder with residency quota split and preference carry-forward.,Dedicated Hunter,PREFERENCE_DEDICATED_HUNTER_DEER,MODELED_PREFERENCE,TARGET,True,Modeled by engine.utah_draw_predictive.dedicated_hunter.
hybrid_ml_v2.1.0,utah_preference_dedicated_hunter_deer_v1.0.0,2026,2026,DB1786,Pine Valley,Deer,Buck,General Season,Dedicated Hunter,Nonresident,1,dedicated_hunter,1,19,,,,,,5,51,8,8,0.000000,,,0.000000,,,0.000,,4,,BEHIND,GREEN,POINT CREEP DEFEAT,"2021,2022,2023,2024,2025",5,2025,2021,predictive,preference_dedicated_hunter_deer,TRUE,Forecasted from 2025 dedicated hunter ladder with residency quota split and preference carry-forward.,Dedicated Hunter,PREFERENCE_DEDICATED_HUNTER_DEER,MODELED_PREFERENCE,TARGET,True,Modeled by engine.utah_draw_predictive.dedicated_hunter.
hybrid_ml_v2.1.0,utah_preference_dedicated_hunter_deer_v1.0.0,2026,2026,DB1786,Pine Valley,Deer,Buck,General Season,Dedicated Hunter,Nonresident,2,dedicated_hunter,1,19,,,,,,5,45,6,6,0.000000,,,0.000000,,,0.000,,3,,BEHIND,GREEN,POINT CREEP DEFEAT,"2021,2022,2023,2024,2025",5,2025,2021,predictive,preference_dedicated_hunter_deer,TRUE,Forecasted from 2025 dedicated hunter ladder with residency quota split and preference carry-forward.,Dedicated Hunter,PREFERENCE_DEDICATED_HUNTER_DEER,MODELED_PREFERENCE,TARGET,True,Modeled by engine.utah_draw_predictive.dedicated_hunter.
hybrid_ml_v2.1.0,utah_preference_dedicated_hunter_deer_v1.0.0,2026,2026,DB1786,Pine Valley,Deer,Buck,General Season,Dedicated Hunter,Nonresident,3,dedicated_hunter,1,19,,,,,,5,34,11,11,0.000000,,,0.000000,,,0.000,,2,,BEHIND,GREEN,POINT CREEP DEFEAT,"2021,2022,2023,2024,2025",5,2025,2021,predictive,preference_dedicated_hunter_deer,TRUE,Forecasted from 2025 dedicated hunter ladder with residency quota split and preference carry-forward.,Dedicated Hunter,PREFERENCE_DEDICATED_HUNTER_DEER,MODELED_PREFERENCE,TARGET,True,Modeled by engine.utah_draw_predictive.dedicated_hunter.
hybrid_ml_v2.1.0,utah_preference_dedicated_hunter_deer_v1.0.0,2026,2026,DB1786,Pine Valley,Deer,Buck,General Season,Dedicated Hunter,Nonresident,4,dedicated_hunter,1,19,,,,,,5,18,16,16,0.062500,,,0.062500,,,6.250,,1,,ON EDGE,GREEN,RANDOM POOL RELIANCE,"2021,2022,2023,2024,2025",5,2025,2021,predictive,preference_dedicated_hunter_deer,TRUE,Forecasted from 2025 dedicated hunter ladder with residency quota split and preference carry-forward.,Dedicated Hunter,PREFERENCE_DEDICATED_HUNTER_DEER,MODELED_PREFERENCE,TARGET,True,Modeled by engine.utah_draw_predictive.dedicated_hunter.
hybrid_ml_v2.1.0,utah_preference_dedicated_hunter_deer_v1.0.0,2026,2026,DB1786,Pine Valley,Deer,Buck,General Season,Dedicated Hunter,Nonresident,5,dedicated_hunter,1,19,,,,,,5,4,14,14,1.000000,,,1.000000,,,100.000,,0,,ABOVE CUTOFF,GREEN,GREEN LIGHT,"2021,2022,2023,2024,2025",5,2025,2021,predictive,preference_dedicated_hunter_deer,TRUE,Forecasted from 2025 dedicated hunter ladder with residency quota split and preference carry-forward.,Dedicated Hunter,PREFERENCE_DEDICATED_HUNTER_DEER,MODELED_PREFERENCE,TARGET,True,Modeled by engine.utah_draw_predictive.dedicated_hunter.
hybrid_ml_v2.1.0,utah_preference_dedicated_hunter_deer_v1.0.0,2026,2026,DB1786,Pine Valley,Deer,Buck,General Season,Dedicated Hunter,Nonresident,6,dedicated_hunter,1,19,,,,,,5,0,4,4,1.000000,,,1.000000,,,100.000,,-1,,ABOVE CUTOFF,GREEN,GREEN LIGHT,"2021,2022,2023,2024,2025",5,2025,2021,predictive,preference_dedicated_hunter_deer,TRUE,Forecasted from 2025 dedicated hunter ladder with residency quota split and preference carry-forward.,Dedicated Hunter,PREFERENCE_DEDICATED_HUNTER_DEER,MODELED_PREFERENCE,TARGET,True,Modeled by engine.utah_draw_predictive.dedicated_hunter.
hybrid_ml_v2.1.0,utah_preference_dedicated_hunter_deer_v1.0.0,2026,2026,DB1786,Pine Valley,Deer,Buck,General Season,Dedicated Hunter,Nonresident,7,dedicated_hunter,1,19,,,,,,5,0,0,1,1.000000,,,1.000000,,,100.000,,-2,,ABOVE CUTOFF,GREEN,GREEN LIGHT,"2021,2022,2023,2024,2025",5,2025,2021,predictive,preference_dedicated_hunter_deer,TRUE,Forecasted from 2025 dedicated hunter ladder with residency quota split and preference carry-forward.,Dedicated Hunter,PREFERENCE_DEDICATED_HUNTER_DEER,MODELED_PREFERENCE,TARGET,True,Modeled by engine.utah_draw_predictive.dedicated_hunter.
hybrid_ml_v2.1.0,utah_preference_dedicated_hunter_deer_v1.0.0,2026,2026,DB1786,Pine Valley,Deer,Buck,General Season,Dedicated Hunter,Nonresident,8,dedicated_hunter,1,19,,,,,,5,0,0,1,1.000000,,,1.000000,,,100.000,,-3,,ABOVE CUTOFF,GREEN,GREEN LIGHT,"2021,2022,2023,2024,2025",5,2025,2021,predictive,preference_dedicated_hunter_deer,TRUE,Forecasted from 2025 dedicated hunter ladder with residency quota split and preference carry-forward.,Dedicated Hunter,PREFERENCE_DEDICATED_HUNTER_DEER,MODELED_PREFERENCE,TARGET,True,Modeled by engine.utah_draw_predictive.dedicated_hunter.
hybrid_ml_v2.1.0,utah_preference_dedicated_hunter_deer_v1.0.0,2026,2026,DB1786,Pine Valley,Deer,Buck,General Season,Dedicated Hunter,Nonresident,9,dedicated_hunter,1,19,,,,,,5,0,0,1,1.000000,,,1.000000,,,100.000,,-4,,ABOVE CUTOFF,GREEN,GREEN LIGHT,"2021,2022,2023,2024,2025",5,2025,2021,predictive,preference_dedicated_hunter_deer,TRUE,Forecasted from 2025 dedicated hunter ladder with residency quota split and preference carry-forward.,Dedicated Hunter,PREFERENCE_DEDICATED_HUNTER_DEER,MODELED_PREFERENCE,TARGET,True,Modeled by engine.utah_draw_predictive.dedicated_hunter.
hybrid_ml_v2.1.0,utah_preference_dedicated_hunter_deer_v1.0.0,2026,2026,DB1786,Pine Valley,Deer,Buck,General Season,Dedicated Hunter,Nonresident,10,dedicated_hunter,1,19,,,,,,5,0,0,1,1.000000,,,1.000000,,,100.000,,-5,,ABOVE CUTOFF,GREEN,GREEN LIGHT,"2021,2022,2023,2024,2025",5,2025,2021,predictive,preference_dedicated_hunter_deer,TRUE,Forecasted from 2025 dedicated hunter ladder with residency quota split and preference carry-forward.,Dedicated Hunter,PREFERENCE_DEDICATED_HUNTER_DEER,MODELED_PREFERENCE,TARGET,True,Modeled by engine.utah_draw_predictive.dedicated_hunter.
hybrid_ml_v2.1.0,utah_preference_dedicated_hunter_deer_v1.0.0,2026,2026,DB1786,Pine Valley,Deer,Buck,General Season,Dedicated Hunter,Nonresident,11,dedicated_hunter,1,19,,,,,,5,0,0,1,1.000000,,,1.000000,,,100.000,,-6,,ABOVE CUTOFF,GREEN,GREEN LIGHT,"2021,2022,2023,2024,2025",5,2025,2021,predictive,preference_dedicated_hunter_deer,TRUE,Forecasted from 2025 dedicated hunter ladder with residency quota split and preference carry-forward.,Dedicated Hunter,PREFERENCE_DEDICATED_HUNTER_DEER,MODELED_PREFERENCE,TARGET,True,Modeled by engine.utah_draw_predictive.dedicated_hunter.
hybrid_ml_v2.1.0,utah_preference_dedicated_hunter_deer_v1.0.0,2026,2026,DB1786,Pine Valley,Deer,Buck,General Season,Dedicated Hunter,Nonresident,12,dedicated_hunter,1,19,,,,,,5,0,0,1,1.000000,,,1.000000,,,100.000,,-7,,ABOVE CUTOFF,GREEN,GREEN LIGHT,"2021,2022,2023,2024,2025",5,2025,2021,predictive,preference_dedicated_hunter_deer,TRUE,Forecasted from 2025 dedicated hunter ladder with residency quota split and preference carry-forward.,Dedicated Hunter,PREFERENCE_DEDICATED_HUNTER_DEER,MODELED_PREFERENCE,TARGET,True,Modeled by engine.utah_draw_predictive.dedicated_hunter.
hybrid_ml_v2.1.0,utah_preference_dedicated_hunter_deer_v1.0.0,2026,2026,DB1786,Pine Valley,Deer,Buck,General Season,Dedicated Hunter,Nonresident,13,dedicated_hunter,1,19,,,,,,5,0,0,1,1.000000,,,1.000000,,,100.000,,-8,,ABOVE CUTOFF,GREEN,GREEN LIGHT,"2021,2022,2023,2024,2025",5,2025,2021,predictive,preference_dedicated_hunter_deer,TRUE,Forecasted from 2025 dedicated hunter ladder with residency quota split and preference carry-forward.,Dedicated Hunter,PREFERENCE_DEDICATED_HUNTER_DEER,MODELED_PREFERENCE,TARGET,True,Modeled by engine.utah_draw_predictive.dedicated_hunter.
hybrid_ml_v2.1.0,utah_preference_dedicated_hunter_deer_v1.0.0,2026,2026,DB1786,Pine Valley,Deer,Buck,General Season,Dedicated Hunter,Nonresident,14,dedicated_hunter,1,19,,,,,,5,0,0,1,1.000000,,,1.000000,,,100.000,,-9,,ABOVE CUTOFF,GREEN,GREEN LIGHT,"2021,2022,2023,2024,2025",5,2025,2021,predictive,preference_dedicated_hunter_deer,TRUE,Forecasted from 2025 dedicated hunter ladder with residency quota split and preference carry-forward.,Dedicated Hunter,PREFERENCE_DEDICATED_HUNTER_DEER,MODELED_PREFERENCE,TARGET,True,Modeled by engine.utah_draw_predictive.dedicated_hunter.
hybrid_ml_v2.1.0,utah_preference_dedicated_hunter_deer_v1.0.0,2026,2026,DB1786,Pine Valley,Deer,Buck,General Season,Dedicated Hunter,Nonresident,15,dedicated_hunter,1,19,,,,,,5,0,0,1,1.000000,,,1.000000,,,100.000,,-10,,ABOVE CUTOFF,GREEN,GREEN LIGHT,"2021,2022,2023,2024,2025",5,2025,2021,predictive,preference_dedicated_hunter_deer,TRUE,Forecasted from 2025 dedicated hunter ladder with residency quota split and preference carry-forward.,Dedicated Hunter,PREFERENCE_DEDICATED_HUNTER_DEER,MODELED_PREFERENCE,TARGET,True,Modeled by engine.utah_draw_predictive.dedicated_hunter.
hybrid_ml_v2.1.0,utah_preference_dedicated_hunter_deer_v1.0.0,2026,2026,DB1786,Pine Valley,Deer,Buck,General Season,Dedicated Hunter,Nonresident,16,dedicated_hunter,1,19,,,,,,5,0,0,1,1.000000,,,1.000000,,,100.000,,-11,,ABOVE CUTOFF,GREEN,GREEN LIGHT,"2021,2022,2023,2024,2025",5,2025,2021,predictive,preference_dedicated_hunter_deer,TRUE,Forecasted from 2025 dedicated hunter ladder with residency quota split and preference carry-forward.,Dedicated Hunter,PREFERENCE_DEDICATED_HUNTER_DEER,MODELED_PREFERENCE,TARGET,True,Modeled by engine.utah_draw_predictive.dedicated_hunter.
hybrid_ml_v2.1.0,utah_preference_dedicated_hunter_deer_v1.0.0,2026,2026,DB1786,Pine Valley,Deer,Buck,General Season,Dedicated Hunter,Nonresident,17,dedicated_hunter,1,19,,,,,,5,0,0,1,1.000000,,,1.000000,,,100.000,,-12,,ABOVE CUTOFF,GREEN,GREEN LIGHT,"2021,2022,2023,2024,2025",5,2025,2021,predictive,preference_dedicated_hunter_deer,TRUE,Forecasted from 2025 dedicated hunter ladder with residency quota split and preference carry-forward.,Dedicated Hunter,PREFERENCE_DEDICATED_HUNTER_DEER,MODELED_PREFERENCE,TARGET,True,Modeled by engine.utah_draw_predictive.dedicated_hunter.
hybrid_ml_v2.1.0,utah_preference_dedicated_hunter_deer_v1.0.0,2026,2026,DB1786,Pine Valley,Deer,Buck,General Season,Dedicated Hunter,Nonresident,18,dedicated_hunter,1,19,,,,,,5,0,0,1,1.000000,,,1.000000,,,100.000,,-13,,ABOVE CUTOFF,GREEN,GREEN LIGHT,"2021,2022,2023,2024,2025",5,2025,2021,predictive,preference_dedicated_hunter_deer,TRUE,Forecasted from 2025 dedicated hunter ladder with residency quota split and preference carry-forward.,Dedicated Hunter,PREFERENCE_DEDICATED_HUNTER_DEER,MODELED_PREFERENCE,TARGET,True,Modeled by engine.utah_draw_predictive.dedicated_hunter.
hybrid_ml_v2.1.0,utah_preference_dedicated_hunter_deer_v1.0.0,2026,2026,DB1786,Pine Valley,Deer,Buck,General Season,Dedicated Hunter,Nonresident,19,dedicated_hunter,1,19,,,,,,5,0,0,1,1.000000,,,1.000000,,,100.000,,-14,,ABOVE CUTOFF,GREEN,GREEN LIGHT,"2021,2022,2023,2024,2025",5,2025,2021,predictive,preference_dedicated_hunter_deer,TRUE,Forecasted from 2025 dedicated hunter ladder with residency quota split and preference carry-forward.,Dedicated Hunter,PREFERENCE_DEDICATED_HUNTER_DEER,MODELED_PREFERENCE,TARGET,True,Modeled by engine.utah_draw_predictive.dedicated_hunter.
hybrid_ml_v2.1.0,utah_preference_dedicated_hunter_deer_v1.0.0,2026,2026,DB1786,Pine Valley,Deer,Buck,General Season,Dedicated Hunter,Nonresident,20,dedicated_hunter,1,19,,,,,,5,0,0,1,1.000000,,,1.000000,,,100.000,,-15,,ABOVE CUTOFF,GREEN,GREEN LIGHT,"2021,2022,2023,2024,2025",5,2025,2021,predictive,preference_dedicated_hunter_deer,TRUE,Forecasted from 2025 dedicated hunter ladder with residency quota split and preference carry-forward.,Dedicated Hunter,PREFERENCE_DEDICATED_HUNTER_DEER,MODELED_PREFERENCE,TARGET,True,Modeled by engine.utah_draw_predictive.dedicated_hunter.
hybrid_ml_v2.1.0,utah_preference_dedicated_hunter_deer_v1.0.0,2026,2026,DB1786,Pine Valley,Deer,Buck,General Season,Dedicated Hunter,Nonresident,21,dedicated_hunter,1,19,,,,,,5,0,0,1,1.000000,,,1.000000,,,100.000,,-16,,ABOVE CUTOFF,GREEN,GREEN LIGHT,"2021,2022,2023,2024,2025",5,2025,2021,predictive,preference_dedicated_hunter_deer,TRUE,Forecasted from 2025 dedicated hunter ladder with residency quota split and preference carry-forward.,Dedicated Hunter,PREFERENCE_DEDICATED_HUNTER_DEER,MODELED_PREFERENCE,TARGET,True,Modeled by engine.utah_draw_predictive.dedicated_hunter.
hybrid_ml_v2.1.0,utah_preference_dedicated_hunter_deer_v1.0.0,2026,2026,DB1786,Pine Valley,Deer,Buck,General Season,Dedicated Hunter,Nonresident,22,dedicated_hunter,1,19,,,,,,5,0,0,1,1.000000,,,1.000000,,,100.000,,-17,,ABOVE CUTOFF,GREEN,GREEN LIGHT,"2021,2022,2023,2024,2025",5,2025,2021,predictive,preference_dedicated_hunter_deer,TRUE,Forecasted from 2025 dedicated hunter ladder with residency quota split and preference carry-forward.,Dedicated Hunter,PREFERENCE_DEDICATED_HUNTER_DEER,MODELED_PREFERENCE,TARGET,True,Modeled by engine.utah_draw_predictive.dedicated_hunter.
hybrid_ml_v2.1.0,utah_preference_dedicated_hunter_deer_v1.0.0,2026,2026,DB1786,Pine Valley,Deer,Buck,General Season,Dedicated Hunter,Nonresident,23,dedicated_hunter,1,19,,,,,,5,0,0,1,1.000000,,,1.000000,,,100.000,,-18,,ABOVE CUTOFF,GREEN,GREEN LIGHT,"2021,2022,2023,2024,2025",5,2025,2021,predictive,preference_dedicated_hunter_deer,TRUE,Forecasted from 2025 dedicated hunter ladder with residency quota split and preference carry-forward.,Dedicated Hunter,PREFERENCE_DEDICATED_HUNTER_DEER,MODELED_PREFERENCE,TARGET,True,Modeled by engine.utah_draw_predictive.dedicated_hunter.
hybrid_ml_v2.1.0,utah_preference_dedicated_hunter_deer_v1.0.0,2026,2026,DB1786,Pine Valley,Deer,Buck,General Season,Dedicated Hunter,Nonresident,24,dedicated_hunter,1,19,,,,,,5,0,0,1,1.000000,,,1.000000,,,100.000,,-19,,ABOVE CUTOFF,GREEN,GREEN LIGHT,"2021,2022,2023,2024,2025",5,2025,2021,predictive,preference_dedicated_hunter_deer,TRUE,Forecasted from 2025 dedicated hunter ladder with residency quota split and preference carry-forward.,Dedicated Hunter,PREFERENCE_DEDICATED_HUNTER_DEER,MODELED_PREFERENCE,TARGET,True,Modeled by engine.utah_draw_predictive.dedicated_hunter.
hybrid_ml_v2.1.0,utah_preference_dedicated_hunter_deer_v1.0.0,2026,2026,DB1786,Pine Valley,Deer,Buck,General Season,Dedicated Hunter,Resident,0,dedicated_hunter,1,138,,,,,,5,464,67,67,0.000000,,,0.000000,,,0.000,,5,,BEHIND,GREEN,POINT CREEP DEFEAT,"2021,2022,2023,2024,2025",5,2025,2021,predictive,preference_dedicated_hunter_deer,TRUE,Forecasted from 2025 dedicated hunter ladder with residency quota split and preference carry-forward.,Dedicated Hunter,PREFERENCE_DEDICATED_HUNTER_DEER,MODELED_PREFERENCE,TARGET,True,Modeled by engine.utah_draw_predictive.dedicated_hunter.
hybrid_ml_v2.1.0,utah_preference_dedicated_hunter_deer_v1.0.0,2026,2026,DB1786,Pine Valley,Deer,Buck,General Season,Dedicated Hunter,Resident,1,dedicated_hunter,1,138,,,,,,5,415,49,49,0.000000,,,0.000000,,,0.000,,4,,BEHIND,GREEN,POINT CREEP DEFEAT,"2021,2022,2023,2024,2025",5,2025,2021,predictive,preference_dedicated_hunter_deer,TRUE,Forecasted from 2025 dedicated hunter ladder with residency quota split and preference carry-forward.,Dedicated Hunter,PREFERENCE_DEDICATED_HUNTER_DEER,MODELED_PREFERENCE,TARGET,True,Modeled by engine.utah_draw_predictive.dedicated_hunter.
hybrid_ml_v2.1.0,utah_preference_dedicated_hunter_deer_v1.0.0,2026,2026,DB1786,Pine Valley,Deer,Buck,General Season,Dedicated Hunter,Resident,2,dedicated_hunter,1,138,,,,,,5,335,80,80,0.000000,,,0.000000,,,0.000,,3,,BEHIND,GREEN,POINT CREEP DEFEAT,"2021,2022,2023,2024,2025",5,2025,2021,predictive,preference_dedicated_hunter_deer,TRUE,Forecasted from 2025 dedicated hunter ladder with residency quota split and preference carry-forward.,Dedicated Hunter,PREFERENCE_DEDICATED_HUNTER_DEER,MODELED_PREFERENCE,TARGET,True,Modeled by engine.utah_draw_predictive.dedicated_hunter.
hybrid_ml_v2.1.0,utah_preference_dedicated_hunter_deer_v1.0.0,2026,2026,DB1786,Pine Valley,Deer,Buck,General Season,Dedicated Hunter,Resident,3,dedicated_hunter,1,138,,,,,,5,242,93,93,0.000000,,,0.000000,,,0.000,,2,,BEHIND,GREEN,POINT CREEP DEFEAT,"2021,2022,2023,2024,2025",5,2025,2021,predictive,preference_dedicated_hunter_deer,TRUE,Forecasted from 2025 dedicated hunter ladder with residency quota split and preference carry-forward.,Dedicated Hunter,PREFERENCE_DEDICATED_HUNTER_DEER,MODELED_PREFERENCE,TARGET,True,Modeled by engine.utah_draw_predictive.dedicated_hunter.
hybrid_ml_v2.1.0,utah_preference_dedicated_hunter_deer_v1.0.0,2026,2026,DB1786,Pine Valley,Deer,Buck,General Season,Dedicated Hunter,Resident,4,dedicated_hunter,1,138,,,,,,5,125,117,117,0.111111,,,0.111111,,,11.111,,1,,ON EDGE,GREEN,RANDOM POOL RELIANCE,"2021,2022,2023,2024,2025",5,2025,2021,predictive,preference_dedicated_hunter_deer,TRUE,Forecasted from 2025 dedicated hunter ladder with residency quota split and preference carry-forward.,Dedicated Hunter,PREFERENCE_DEDICATED_HUNTER_DEER,MODELED_PREFERENCE,TARGET,True,Modeled by engine.utah_draw_predictive.dedicated_hunter.
hybrid_ml_v2.1.0,utah_preference_dedicated_hunter_deer_v1.0.0,2026,2026,DB1786,Pine Valley,Deer,Buck,General Season,Dedicated Hunter,Resident,5,dedicated_hunter,1,138,,,,,,5,14,111,111,1.000000,,,1.000000,,,100.000,,0,,ABOVE CUTOFF,GREEN,GREEN LIGHT,"2021,2022,2023,2024,2025",5,2025,2021,predictive,preference_dedicated_hunter_deer,TRUE,Forecasted from 2025 dedicated hunter ladder with residency quota split and preference carry-forward.,Dedicated Hunter,PREFERENCE_DEDICATED_HUNTER_DEER,MODELED_PREFERENCE,TARGET,True,Modeled by engine.utah_draw_predictive.dedicated_hunter.
hybrid_ml_v2.1.0,utah_preference_dedicated_hunter_deer_v1.0.0,2026,2026,DB1786,Pine Valley,Deer,Buck,General Season,Dedicated Hunter,Resident,6,dedicated_hunter,1,138,,,,,,5,0,14,14,1.000000,,,1.000000,,,100.000,,-1,,ABOVE CUTOFF,GREEN,GREEN LIGHT,"2021,2022,2023,2024,2025",5,2025,2021,predictive,preference_dedicated_hunter_deer,TRUE,Forecasted from 2025 dedicated hunter ladder with residency quota split and preference carry-forward.,Dedicated Hunter,PREFERENCE_DEDICATED_HUNTER_DEER,MODELED_PREFERENCE,TARGET,True,Modeled by engine.utah_draw_predictive.dedicated_hunter.
hybrid_ml_v2.1.0,utah_preference_dedicated_hunter_deer_v1.0.0,2026,2026,DB1786,Pine Valley,Deer,Buck,General Season,Dedicated Hunter,Resident,7,dedicated_hunter,1,138,,,,,,5,0,0,1,1.000000,,,1.000000,,,100.000,,-2,,ABOVE CUTOFF,GREEN,GREEN LIGHT,"2021,2022,2023,2024,2025",5,2025,2021,predictive,preference_dedicated_hunter_deer,TRUE,Forecasted from 2025 dedicated hunter ladder with residency quota split and preference carry-forward.,Dedicated Hunter,PREFERENCE_DEDICATED_HUNTER_DEER,MODELED_PREFERENCE,TARGET,True,Modeled by engine.utah_draw_predictive.dedicated_hunter.
hybrid_ml_v2.1.0,utah_preference_dedicated_hunter_deer_v1.0.0,2026,2026,DB1786,Pine Valley,Deer,Buck,General Season,Dedicated Hunter,Resident,8,dedicated_hunter,1,138,,,,,,5,0,0,1,1.000000,,,1.000000,,,100.000,,-3,,ABOVE CUTOFF,GREEN,GREEN LIGHT,"2021,2022,2023,2024,2025",5,2025,2021,predictive,preference_dedicated_hunter_deer,TRUE,Forecasted from 2025 dedicated hunter ladder with residency quota split and preference carry-forward.,Dedicated Hunter,PREFERENCE_DEDICATED_HUNTER_DEER,MODELED_PREFERENCE,TARGET,True,Modeled by engine.utah_draw_predictive.dedicated_hunter.
hybrid_ml_v2.1.0,utah_preference_dedicated_hunter_deer_v1.0.0,2026,2026,DB1786,Pine Valley,Deer,Buck,General Season,Dedicated Hunter,Resident,9,dedicated_hunter,1,138,,,,,,5,0,0,1,1.000000,,,1.000000,,,100.000,,-4,,ABOVE CUTOFF,GREEN,GREEN LIGHT,"2021,2022,2023,2024,2025",5,2025,2021,predictive,preference_dedicated_hunter_deer,TRUE,Forecasted from 2025 dedicated hunter ladder with residency quota split and preference carry-forward.,Dedicated Hunter,PREFERENCE_DEDICATED_HUNTER_DEER,MODELED_PREFERENCE,TARGET,True,Modeled by engine.utah_draw_predictive.dedicated_hunter.
hybrid_ml_v2.1.0,utah_preference_dedicated_hunter_deer_v1.0.0,2026,2026,DB1786,Pine Valley,Deer,Buck,General Season,Dedicated Hunter,Resident,10,dedicated_hunter,1,138,,,,,,5,0,0,1,1.000000,,,1.000000,,,100.000,,-5,,ABOVE CUTOFF,GREEN,GREEN LIGHT,"2021,2022,2023,2024,2025",5,2025,2021,predictive,preference_dedicated_hunter_deer,TRUE,Forecasted from 2025 dedicated hunter ladder with residency quota split and preference carry-forward.,Dedicated Hunter,PREFERENCE_DEDICATED_HUNTER_DEER,MODELED_PREFERENCE,TARGET,True,Modeled by engine.utah_draw_predictive.dedicated_hunter.
hybrid_ml_v2.1.0,utah_preference_dedicated_hunter_deer_v1.0.0,2026,2026,DB1786,Pine Valley,Deer,Buck,General Season,Dedicated Hunter,Resident,11,dedicated_hunter,1,138,,,,,,5,0,0,1,1.000000,,,1.000000,,,100.000,,-6,,ABOVE CUTOFF,GREEN,GREEN LIGHT,"2021,2022,2023,2024,2025",5,2025,2021,predictive,preference_dedicated_hunter_deer,TRUE,Forecasted from 2025 dedicated hunter ladder with residency quota split and preference carry-forward.,Dedicated Hunter,PREFERENCE_DEDICATED_HUNTER_DEER,MODELED_PREFERENCE,TARGET,True,Modeled by engine.utah_draw_predictive.dedicated_hunter.
hybrid_ml_v2.1.0,utah_preference_dedicated_hunter_deer_v1.0.0,2026,2026,DB1786,Pine Valley,Deer,Buck,General Season,Dedicated Hunter,Resident,12,dedicated_hunter,1,138,,,,,,5,0,0,1,1.000000,,,1.000000,,,100.000,,-7,,ABOVE CUTOFF,GREEN,GREEN LIGHT,"2021,2022,2023,2024,2025",5,2025,2021,predictive,preference_dedicated_hunter_deer,TRUE,Forecasted from 2025 dedicated hunter ladder with residency quota split and preference carry-forward.,Dedicated Hunter,PREFERENCE_DEDICATED_HUNTER_DEER,MODELED_PREFERENCE,TARGET,True,Modeled by engine.utah_draw_predictive.dedicated_hunter.
hybrid_ml_v2.1.0,utah_preference_dedicated_hunter_deer_v1.0.0,2026,2026,DB1786,Pine Valley,Deer,Buck,General Season,Dedicated Hunter,Resident,13,dedicated_hunter,1,138,,,,,,5,0,0,1,1.000000,,,1.000000,,,100.000,,-8,,ABOVE CUTOFF,GREEN,GREEN LIGHT,"2021,2022,2023,2024,2025",5,2025,2021,predictive,preference_dedicated_hunter_deer,TRUE,Forecasted from 2025 dedicated hunter ladder with residency quota split and preference carry-forward.,Dedicated Hunter,PREFERENCE_DEDICATED_HUNTER_DEER,MODELED_PREFERENCE,TARGET,True,Modeled by engine.utah_draw_predictive.dedicated_hunter.
hybrid_ml_v2.1.0,utah_preference_dedicated_hunter_deer_v1.0.0,2026,2026,DB1786,Pine Valley,Deer,Buck,General Season,Dedicated Hunter,Resident,14,dedicated_hunter,1,138,,,,,,5,0,0,1,1.000000,,,1.000000,,,100.000,,-9,,ABOVE CUTOFF,GREEN,GREEN LIGHT,"2021,2022,2023,2024,2025",5,2025,2021,predictive,preference_dedicated_hunter_deer,TRUE,Forecasted from 2025 dedicated hunter ladder with residency quota split and preference carry-forward.,Dedicated Hunter,PREFERENCE_DEDICATED_HUNTER_DEER,MODELED_PREFERENCE,TARGET,True,Modeled by engine.utah_draw_predictive.dedicated_hunter.
hybrid_ml_v2.1.0,utah_preference_dedicated_hunter_deer_v1.0.0,2026,2026,DB1786,Pine Valley,Deer,Buck,General Season,Dedicated Hunter,Resident,15,dedicated_hunter,1,138,,,,,,5,0,0,1,1.000000,,,1.000000,,,100.000,,-10,,ABOVE CUTOFF,GREEN,GREEN LIGHT,"2021,2022,2023,2024,2025",5,2025,2021,predictive,preference_dedicated_hunter_deer,TRUE,Forecasted from 2025 dedicated hunter ladder with residency quota split and preference carry-forward.,Dedicated Hunter,PREFERENCE_DEDICATED_HUNTER_DEER,MODELED_PREFERENCE,TARGET,True,Modeled by engine.utah_draw_predictive.dedicated_hunter.
hybrid_ml_v2.1.0,utah_preference_dedicated_hunter_deer_v1.0.0,2026,2026,DB1786,Pine Valley,Deer,Buck,General Season,Dedicated Hunter,Resident,16,dedicated_hunter,1,138,,,,,,5,0,0,1,1.000000,,,1.000000,,,100.000,,-11,,ABOVE CUTOFF,GREEN,GREEN LIGHT,"2021,2022,2023,2024,2025",5,2025,2021,predictive,preference_dedicated_hunter_deer,TRUE,Forecasted from 2025 dedicated hunter ladder with residency quota split and preference carry-forward.,Dedicated Hunter,PREFERENCE_DEDICATED_HUNTER_DEER,MODELED_PREFERENCE,TARGET,True,Modeled by engine.utah_draw_predictive.dedicated_hunter.
hybrid_ml_v2.1.0,utah_preference_dedicated_hunter_deer_v1.0.0,2026,2026,DB1786,Pine Valley,Deer,Buck,General Season,Dedicated Hunter,Resident,17,dedicated_hunter,1,138,,,,,,5,0,0,1,1.000000,,,1.000000,,,100.000,,-12,,ABOVE CUTOFF,GREEN,GREEN LIGHT,"2021,2022,2023,2024,2025",5,2025,2021,predictive,preference_dedicated_hunter_deer,TRUE,Forecasted from 2025 dedicated hunter ladder with residency quota split and preference carry-forward.,Dedicated Hunter,PREFERENCE_DEDICATED_HUNTER_DEER,MODELED_PREFERENCE,TARGET,True,Modeled by engine.utah_draw_predictive.dedicated_hunter.
hybrid_ml_v2.1.0,utah_preference_dedicated_hunter_deer_v1.0.0,2026,2026,DB1786,Pine Valley,Deer,Buck,General Season,Dedicated Hunter,Resident,18,dedicated_hunter,1,138,,,,,,5,0,0,1,1.000000,,,1.000000,,,100.000,,-13,,ABOVE CUTOFF,GREEN,GREEN LIGHT,"2021,2022,2023,2024,2025",5,2025,2021,predictive,preference_dedicated_hunter_deer,TRUE,Forecasted from 2025 dedicated hunter ladder with residency quota split and preference carry-forward.,Dedicated Hunter,PREFERENCE_DEDICATED_HUNTER_DEER,MODELED_PREFERENCE,TARGET,True,Modeled by engine.utah_draw_predictive.dedicated_hunter.
hybrid_ml_v2.1.0,utah_preference_dedicated_hunter_deer_v1.0.0,2026,2026,DB1786,Pine Valley,Deer,Buck,General Season,Dedicated Hunter,Resident,19,dedicated_hunter,1,138,,,,,,5,0,0,1,1.000000,,,1.000000,,,100.000,,-14,,ABOVE CUTOFF,GREEN,GREEN LIGHT,"2021,2022,2023,2024,2025",5,2025,2021,predictive,preference_dedicated_hunter_deer,TRUE,Forecasted from 2025 dedicated hunter ladder with residency quota split and preference carry-forward.,Dedicated Hunter,PREFERENCE_DEDICATED_HUNTER_DEER,MODELED_PREFERENCE,TARGET,True,Modeled by engine.utah_draw_predictive.dedicated_hunter.
hybrid_ml_v2.1.0,utah_preference_dedicated_hunter_deer_v1.0.0,2026,2026,DB1786,Pine Valley,Deer,Buck,General Season,Dedicated Hunter,Resident,20,dedicated_hunter,1,138,,,,,,5,0,0,1,1.000000,,,1.000000,,,100.000,,-15,,ABOVE CUTOFF,GREEN,GREEN LIGHT,"2021,2022,2023,2024,2025",5,2025,2021,predictive,preference_dedicated_hunter_deer,TRUE,Forecasted from 2025 dedicated hunter ladder with residency quota split and preference carry-forward.,Dedicated Hunter,PREFERENCE_DEDICATED_HUNTER_DEER,MODELED_PREFERENCE,TARGET,True,Modeled by engine.utah_draw_predictive.dedicated_hunter.
hybrid_ml_v2.1.0,utah_preference_dedicated_hunter_deer_v1.0.0,2026,2026,DB1786,Pine Valley,Deer,Buck,General Season,Dedicated Hunter,Resident,21,dedicated_hunter,1,138,,,,,,5,0,0,1,1.000000,,,1.000000,,,100.000,,-16,,ABOVE CUTOFF,GREEN,GREEN LIGHT,"2021,2022,2023,2024,2025",5,2025,2021,predictive,preference_dedicated_hunter_deer,TRUE,Forecasted from 2025 dedicated hunter ladder with residency quota split and preference carry-forward.,Dedicated Hunter,PREFERENCE_DEDICATED_HUNTER_DEER,MODELED_PREFERENCE,TARGET,True,Modeled by engine.utah_draw_predictive.dedicated_hunter.
hybrid_ml_v2.1.0,utah_preference_dedicated_hunter_deer_v1.0.0,2026,2026,DB1786,Pine Valley,Deer,Buck,General Season,Dedicated Hunter,Resident,22,dedicated_hunter,1,138,,,,,,5,0,0,1,1.000000,,,1.000000,,,100.000,,-17,,ABOVE CUTOFF,GREEN,GREEN LIGHT,"2021,2022,2023,2024,2025",5,2025,2021,predictive,preference_dedicated_hunter_deer,TRUE,Forecasted from 2025 dedicated hunter ladder with residency quota split and preference carry-forward.,Dedicated Hunter,PREFERENCE_DEDICATED_HUNTER_DEER,MODELED_PREFERENCE,TARGET,True,Modeled by engine.utah_draw_predictive.dedicated_hunter.
hybrid_ml_v2.1.0,utah_preference_dedicated_hunter_deer_v1.0.0,2026,2026,DB1786,Pine Valley,Deer,Buck,General Season,Dedicated Hunter,Resident,23,dedicated_hunter,1,138,,,,,,5,0,0,1,1.000000,,,1.000000,,,100.000,,-18,,ABOVE CUTOFF,GREEN,GREEN LIGHT,"2021,2022,2023,2024,2025",5,2025,2021,predictive,preference_dedicated_hunter_deer,TRUE,Forecasted from 2025 dedicated hunter ladder with residency quota split and preference carry-forward.,Dedicated Hunter,PREFERENCE_DEDICATED_HUNTER_DEER,MODELED_PREFERENCE,TARGET,True,Modeled by engine.utah_draw_predictive.dedicated_hunter.
hybrid_ml_v2.1.0,utah_preference_dedicated_hunter_deer_v1.0.0,2026,2026,DB1786,Pine Valley,Deer,Buck,General Season,Dedicated Hunter,Resident,24,dedicated_hunter,1,138,,,,,,5,0,0,1,1.000000,,,1.000000,,,100.000,,-19,,ABOVE CUTOFF,GREEN,GREEN LIGHT,"2021,2022,2023,2024,2025",5,2025,2021,predictive,preference_dedicated_hunter_deer,TRUE,Forecasted from 2025 dedicated hunter ladder with residency quota split and preference carry-forward.,Dedicated Hunter,PREFERENCE_DEDICATED_HUNTER_DEER,MODELED_PREFERENCE,TARGET,True,Modeled by engine.utah_draw_predictive.dedicated_hunter.
hybrid_ml_v2.1.0,utah_preference_dedicated_hunter_deer_v1.0.0,2026,2026,DB1787,Boulder/Kaiparowits,Deer,Buck,General Season,Dedicated Hunter,Nonresident,0,dedicated_hunter,15,2,,,,,0,,0,5,5,0.400000,,,0.400000,,,40.000,,,,ON EDGE,RED,MAY DRAW IN 5-10 YEARS,"2021,2022,2023,2024,2025",5,2025,2021,predictive,preference_dedicated_hunter_deer,TRUE,Forecasted from 2025 dedicated hunter ladder with residency quota split and preference carry-forward.,Dedicated Hunter,PREFERENCE_DEDICATED_HUNTER_DEER,MODELED_PREFERENCE,TARGET,True,Modeled by engine.utah_draw_predictive.dedicated_hunter.
hybrid_ml_v2.1.0,utah_preference_dedicated_hunter_deer_v1.0.0,2026,2026,DB1787,Boulder/Kaiparowits,Deer,Buck,General Season,Dedicated Hunter,Nonresident,1,dedicated_hunter,15,2,,,,,0,,0,0,1,1.000000,,,1.000000,,,100.000,,,,ABOVE CUTOFF,RED,GREEN LIGHT,"2021,2022,2023,2024,2025",5,2025,2021,predictive,preference_dedicated_hunter_deer,TRUE,Forecasted from 2025 dedicated hunter ladder with residency quota split and preference carry-forward.,Dedicated Hunter,PREFERENCE_DEDICATED_HUNTER_DEER,MODELED_PREFERENCE,TARGET,True,Modeled by engine.utah_draw_predictive.dedicated_hunter.
hybrid_ml_v2.1.0,utah_preference_dedicated_hunter_deer_v1.0.0,2026,2026,DB1787,Boulder/Kaiparowits,Deer,Buck,General Season,Dedicated Hunter,Nonresident,2,dedicated_hunter,15,2,,,,,0,,0,0,1,1.000000,,,1.000000,,,100.000,,,,ABOVE CUTOFF,RED,GREEN LIGHT,"2021,2022,2023,2024,2025",5,2025,2021,predictive,preference_dedicated_hunter_deer,TRUE,Forecasted from 2025 dedicated hunter ladder with residency quota split and preference carry-forward.,Dedicated Hunter,PREFERENCE_DEDICATED_HUNTER_DEER,MODELED_PREFERENCE,TARGET,True,Modeled by engine.utah_draw_predictive.dedicated_hunter.
hybrid_ml_v2.1.0,utah_preference_dedicated_hunter_deer_v1.0.0,2026,2026,DB1787,Boulder/Kaiparowits,Deer,Buck,General Season,Dedicated Hunter,Nonresident,3,dedicated_hunter,15,2,,,,,0,,0,0,1,1.000000,,,1.000000,,,100.000,,,,ABOVE CUTOFF,RED,GREEN LIGHT,"2021,2022,2023,2024,2025",5,2025,2021,predictive,preference_dedicated_hunter_deer,TRUE,Forecasted from 2025 dedicated hunter ladder with residency quota split and preference carry-forward.,Dedicated Hunter,PREFERENCE_DEDICATED_HUNTER_DEER,MODELED_PREFERENCE,TARGET,True,Modeled by engine.utah_draw_predictive.dedicated_hunter.
hybrid_ml_v2.1.0,utah_preference_dedicated_hunter_deer_v1.0.0,2026,2026,DB1787,Boulder/Kaiparowits,Deer,Buck,General Season,Dedicated Hunter,Nonresident,4,dedicated_hunter,15,2,,,,,0,,0,0,1,1.000000,,,1.000000,,,100.000,,,,ABOVE CUTOFF,RED,GREEN LIGHT,"2021,2022,2023,2024,2025",5,2025,2021,predictive,preference_dedicated_hunter_deer,TRUE,Forecasted from 2025 dedicated hunter ladder with residency quota split and preference carry-forward.,Dedicated Hunter,PREFERENCE_DEDICATED_HUNTER_DEER,MODELED_PREFERENCE,TARGET,True,Modeled by engine.utah_draw_predictive.dedicated_hunter.
hybrid_ml_v2.1.0,utah_preference_dedicated_hunter_deer_v1.0.0,2026,2026,DB1787,Boulder/Kaiparowits,Deer,Buck,General Season,Dedicated Hunter,Nonresident,5,dedicated_hunter,15,2,,,,,0,,0,0,1,1.000000,,,1.000000,,,100.000,,,,ABOVE CUTOFF,RED,GREEN LIGHT,"2021,2022,2023,2024,2025",5,2025,2021,predictive,preference_dedicated_hunter_deer,TRUE,Forecasted from 2025 dedicated hunter ladder with residency quota split and preference carry-forward.,Dedicated Hunter,PREFERENCE_DEDICATED_HUNTER_DEER,MODELED_PREFERENCE,TARGET,True,Modeled by engine.utah_draw_predictive.dedicated_hunter.
hybrid_ml_v2.1.0,utah_preference_dedicated_hunter_deer_v1.0.0,2026,2026,DB1787,Boulder/Kaiparowits,Deer,Buck,General Season,Dedicated Hunter,Nonresident,6,dedicated_hunter,15,2,,,,,0,,0,0,1,1.000000,,,1.000000,,,100.000,,,,ABOVE CUTOFF,RED,GREEN LIGHT,"2021,2022,2023,2024,2025",5,2025,2021,predictive,preference_dedicated_hunter_deer,TRUE,Forecasted from 2025 dedicated hunter ladder with residency quota split and preference carry-forward.,Dedicated Hunter,PREFERENCE_DEDICATED_HUNTER_DEER,MODELED_PREFERENCE,TARGET,True,Modeled by engine.utah_draw_predictive.dedicated_hunter.
hybrid_ml_v2.1.0,utah_preference_dedicated_hunter_deer_v1.0.0,2026,2026,DB1787,Boulder/Kaiparowits,Deer,Buck,General Season,Dedicated Hunter,Nonresident,7,dedicated_hunter,15,2,,,,,0,,0,0,1,1.000000,,,1.000000,,,100.000,,,,ABOVE CUTOFF,RED,GREEN LIGHT,"2021,2022,2023,2024,2025",5,2025,2021,predictive,preference_dedicated_hunter_deer,TRUE,Forecasted from 2025 dedicated hunter ladder with residency quota split and preference carry-forward.,Dedicated Hunter,PREFERENCE_DEDICATED_HUNTER_DEER,MODELED_PREFERENCE,TARGET,True,Modeled by engine.utah_draw_predictive.dedicated_hunter.
hybrid_ml_v2.1.0,utah_preference_dedicated_hunter_deer_v1.0.0,2026,2026,DB1787,Boulder/Kaiparowits,Deer,Buck,General Season,Dedicated Hunter,Nonresident,8,dedicated_hunter,15,2,,,,,0,,0,0,1,1.000000,,,1.000000,,,100.000,,,,ABOVE CUTOFF,RED,GREEN LIGHT,"2021,2022,2023,2024,2025",5,2025,2021,predictive,preference_dedicated_hunter_deer,TRUE,Forecasted from 2025 dedicated hunter ladder with residency quota split and preference carry-forward.,Dedicated Hunter,PREFERENCE_DEDICATED_HUNTER_DEER,MODELED_PREFERENCE,TARGET,True,Modeled by engine.utah_draw_predictive.dedicated_hunter.
hybrid_ml_v2.1.0,utah_preference_dedicated_hunter_deer_v1.0.0,2026,2026,DB1787,Boulder/Kaiparowits,Deer,Buck,General Season,Dedicated Hunter,Nonresident,9,dedicated_hunter,15,2,,,,,0,,0,0,1,1.000000,,,1.000000,,,100.000,,,,ABOVE CUTOFF,RED,GREEN LIGHT,"2021,2022,2023,2024,2025",5,2025,2021,predictive,preference_dedicated_hunter_deer,TRUE,Forecasted from 2025 dedicated hunter ladder with residency quota split and preference carry-forward.,Dedicated Hunter,PREFERENCE_DEDICATED_HUNTER_DEER,MODELED_PREFERENCE,TARGET,True,Modeled by engine.utah_draw_predictive.dedicated_hunter.
hybrid_ml_v2.1.0,utah_preference_dedicated_hunter_deer_v1.0.0,2026,2026,DB1787,Boulder/Kaiparowits,Deer,Buck,General Season,Dedicated Hunter,Nonresident,10,dedicated_hunter,15,2,,,,,0,,0,0,1,1.000000,,,1.000000,,,100.000,,,,ABOVE CUTOFF,RED,GREEN LIGHT,"2021,2022,2023,2024,2025",5,2025,2021,predictive,preference_dedicated_hunter_deer,TRUE,Forecasted from 2025 dedicated hunter ladder with residency quota split and preference carry-forward.,Dedicated Hunter,PREFERENCE_DEDICATED_HUNTER_DEER,MODELED_PREFERENCE,TARGET,True,Modeled by engine.utah_draw_predictive.dedicated_hunter.
hybrid_ml_v2.1.0,utah_preference_dedicated_hunter_deer_v1.0.0,2026,2026,DB1787,Boulder/Kaiparowits,Deer,Buck,General Season,Dedicated Hunter,Nonresident,11,dedicated_hunter,15,2,,,,,0,,0,0,1,1.000000,,,1.000000,,,100.000,,,,ABOVE CUTOFF,RED,GREEN LIGHT,"2021,2022,2023,2024,2025",5,2025,2021,predictive,preference_dedicated_hunter_deer,TRUE,Forecasted from 2025 dedicated hunter ladder with residency quota split and preference carry-forward.,Dedicated Hunter,PREFERENCE_DEDICATED_HUNTER_DEER,MODELED_PREFERENCE,TARGET,True,Modeled by engine.utah_draw_predictive.dedicated_hunter.
hybrid_ml_v2.1.0,utah_preference_dedicated_hunter_deer_v1.0.0,2026,2026,DB1787,Boulder/Kaiparowits,Deer,Buck,General Season,Dedicated Hunter,Nonresident,12,dedicated_hunter,15,2,,,,,0,,0,0,1,1.000000,,,1.000000,,,100.000,,,,ABOVE CUTOFF,RED,GREEN LIGHT,"2021,2022,2023,2024,2025",5,2025,2021,predictive,preference_dedicated_hunter_deer,TRUE,Forecasted from 2025 dedicated hunter ladder with residency quota split and preference carry-forward.,Dedicated Hunter,PREFERENCE_DEDICATED_HUNTER_DEER,MODELED_PREFERENCE,TARGET,True,Modeled by engine.utah_draw_predictive.dedicated_hunter.
hybrid_ml_v2.1.0,utah_preference_dedicated_hunter_deer_v1.0.0,2026,2026,DB1787,Boulder/Kaiparowits,Deer,Buck,General Season,Dedicated Hunter,Nonresident,13,dedicated_hunter,15,2,,,,,0,,0,0,1,1.000000,,,1.000000,,,100.000,,,,ABOVE CUTOFF,RED,GREEN LIGHT,"2021,2022,2023,2024,2025",5,2025,2021,predictive,preference_dedicated_hunter_deer,TRUE,Forecasted from 2025 dedicated hunter ladder with residency quota split and preference carry-forward.,Dedicated Hunter,PREFERENCE_DEDICATED_HUNTER_DEER,MODELED_PREFERENCE,TARGET,True,Modeled by engine.utah_draw_predictive.dedicated_hunter.
hybrid_ml_v2.1.0,utah_preference_dedicated_hunter_deer_v1.0.0,2026,2026,DB1787,Boulder/Kaiparowits,Deer,Buck,General Season,Dedicated Hunter,Nonresident,14,dedicated_hunter,15,2,,,,,0,,0,0,1,1.000000,,,1.000000,,,100.000,,,,ABOVE CUTOFF,RED,GREEN LIGHT,"2021,2022,2023,2024,2025",5,2025,2021,predictive,preference_dedicated_hunter_deer,TRUE,Forecasted from 2025 dedicated hunter ladder with residency quota split and preference carry-forward.,Dedicated Hunter,PREFERENCE_DEDICATED_HUNTER_DEER,MODELED_PREFERENCE,TARGET,True,Modeled by engine.utah_draw_predictive.dedicated_hunter.
hybrid_ml_v2.1.0,utah_preference_dedicated_hunter_deer_v1.0.0,2026,2026,DB1787,Boulder/Kaiparowits,Deer,Buck,General Season,Dedicated Hunter,Nonresident,15,dedicated_hunter,15,2,,,,,0,,0,0,1,1.000000,,,1.000000,,,100.000,,,,ABOVE CUTOFF,RED,GREEN LIGHT,"2021,2022,2023,2024,2025",5,2025,2021,predictive,preference_dedicated_hunter_deer,TRUE,Forecasted from 2025 dedicated hunter ladder with residency quota split and preference carry-forward.,Dedicated Hunter,PREFERENCE_DEDICATED_HUNTER_DEER,MODELED_PREFERENCE,TARGET,True,Modeled by engine.utah_draw_predictive.dedicated_hunter.
hybrid_ml_v2.1.0,utah_preference_dedicated_hunter_deer_v1.0.0,2026,2026,DB1787,Boulder/Kaiparowits,Deer,Buck,General Season,Dedicated Hunter,Nonresident,16,dedicated_hunter,15,2,,,,,0,,0,0,1,1.000000,,,1.000000,,,100.000,,,,ABOVE CUTOFF,RED,GREEN LIGHT,"2021,2022,2023,2024,2025",5,2025,2021,predictive,preference_dedicated_hunter_deer,TRUE,Forecasted from 2025 dedicated hunter ladder with residency quota split and preference carry-forward.,Dedicated Hunter,PREFERENCE_DEDICATED_HUNTER_DEER,MODELED_PREFERENCE,TARGET,True,Modeled by engine.utah_draw_predictive.dedicated_hunter.
hybrid_ml_v2.1.0,utah_preference_dedicated_hunter_deer_v1.0.0,2026,2026,DB1787,Boulder/Kaiparowits,Deer,Buck,General Season,Dedicated Hunter,Nonresident,17,dedicated_hunter,15,2,,,,,0,,0,0,1,1.000000,,,1.000000,,,100.000,,,,ABOVE CUTOFF,RED,GREEN LIGHT,"2021,2022,2023,2024,2025",5,2025,2021,predictive,preference_dedicated_hunter_deer,TRUE,Forecasted from 2025 dedicated hunter ladder with residency quota split and preference carry-forward.,Dedicated Hunter,PREFERENCE_DEDICATED_HUNTER_DEER,MODELED_PREFERENCE,TARGET,True,Modeled by engine.utah_draw_predictive.dedicated_hunter.
hybrid_ml_v2.1.0,utah_preference_dedicated_hunter_deer_v1.0.0,2026,2026,DB1787,Boulder/Kaiparowits,Deer,Buck,General Season,Dedicated Hunter,Nonresident,18,dedicated_hunter,15,2,,,,,0,,0,0,1,1.000000,,,1.000000,,,100.000,,,,ABOVE CUTOFF,RED,GREEN LIGHT,"2021,2022,2023,2024,2025",5,2025,2021,predictive,preference_dedicated_hunter_deer,TRUE,Forecasted from 2025 dedicated hunter ladder with residency quota split and preference carry-forward.,Dedicated Hunter,PREFERENCE_DEDICATED_HUNTER_DEER,MODELED_PREFERENCE,TARGET,True,Modeled by engine.utah_draw_predictive.dedicated_hunter.
hybrid_ml_v2.1.0,utah_preference_dedicated_hunter_deer_v1.0.0,2026,2026,DB1787,Boulder/Kaiparowits,Deer,Buck,General Season,Dedicated Hunter,Nonresident,19,dedicated_hunter,15,2,,,,,0,,0,0,1,1.000000,,,1.000000,,,100.000,,,,ABOVE CUTOFF,RED,GREEN LIGHT,"2021,2022,2023,2024,2025",5,2025,2021,predictive,preference_dedicated_hunter_deer,TRUE,Forecasted from 2025 dedicated hunter ladder with residency quota split and preference carry-forward.,Dedicated Hunter,PREFERENCE_DEDICATED_HUNTER_DEER,MODELED_PREFERENCE,TARGET,True,Modeled by engine.utah_draw_predictive.dedicated_hunter.
hybrid_ml_v2.1.0,utah_preference_dedicated_hunter_deer_v1.0.0,2026,2026,DB1787,Boulder/Kaiparowits,Deer,Buck,General Season,Dedicated Hunter,Nonresident,20,dedicated_hunter,15,2,,,,,0,,0,0,1,1.000000,,,1.000000,,,100.000,,,,ABOVE CUTOFF,RED,GREEN LIGHT,"2021,2022,2023,2024,2025",5,2025,2021,predictive,preference_dedicated_hunter_deer,TRUE,Forecasted from 2025 dedicated hunter ladder with residency quota split and preference carry-forward.,Dedicated Hunter,PREFERENCE_DEDICATED_HUNTER_DEER,MODELED_PREFERENCE,TARGET,True,Modeled by engine.utah_draw_predictive.dedicated_hunter.
hybrid_ml_v2.1.0,utah_preference_dedicated_hunter_deer_v1.0.0,2026,2026,DB1787,Boulder/Kaiparowits,Deer,Buck,General Season,Dedicated Hunter,Nonresident,21,dedicated_hunter,15,2,,,,,0,,0,0,1,1.000000,,,1.000000,,,100.000,,,,ABOVE CUTOFF,RED,GREEN LIGHT,"2021,2022,2023,2024,2025",5,2025,2021,predictive,preference_dedicated_hunter_deer,TRUE,Forecasted from 2025 dedicated hunter ladder with residency quota split and preference carry-forward.,Dedicated Hunter,PREFERENCE_DEDICATED_HUNTER_DEER,MODELED_PREFERENCE,TARGET,True,Modeled by engine.utah_draw_predictive.dedicated_hunter.
hybrid_ml_v2.1.0,utah_preference_dedicated_hunter_deer_v1.0.0,2026,2026,DB1787,Boulder/Kaiparowits,Deer,Buck,General Season,Dedicated Hunter,Nonresident,22,dedicated_hunter,15,2,,,,,0,,0,0,1,1.000000,,,1.000000,,,100.000,,,,ABOVE CUTOFF,RED,GREEN LIGHT,"2021,2022,2023,2024,2025",5,2025,2021,predictive,preference_dedicated_hunter_deer,TRUE,Forecasted from 2025 dedicated hunter ladder with residency quota split and preference carry-forward.,Dedicated Hunter,PREFERENCE_DEDICATED_HUNTER_DEER,MODELED_PREFERENCE,TARGET,True,Modeled by engine.utah_draw_predictive.dedicated_hunter.
hybrid_ml_v2.1.0,utah_preference_dedicated_hunter_deer_v1.0.0,2026,2026,DB1787,Boulder/Kaiparowits,Deer,Buck,General Season,Dedicated Hunter,Nonresident,23,dedicated_hunter,15,2,,,,,0,,0,0,1,1.000000,,,1.000000,,,100.000,,,,ABOVE CUTOFF,RED,GREEN LIGHT,"2021,2022,2023,2024,2025",5,2025,2021,predictive,preference_dedicated_hunter_deer,TRUE,Forecasted from 2025 dedicated hunter ladder with residency quota split and preference carry-forward.,Dedicated Hunter,PREFERENCE_DEDICATED_HUNTER_DEER,MODELED_PREFERENCE,TARGET,True,Modeled by engine.utah_draw_predictive.dedicated_hunter.
hybrid_ml_v2.1.0,utah_preference_dedicated_hunter_deer_v1.0.0,2026,2026,DB1787,Boulder/Kaiparowits,Deer,Buck,General Season,Dedicated Hunter,Nonresident,24,dedicated_hunter,15,2,,,,,0,,0,0,1,1.000000,,,1.000000,,,100.000,,,,ABOVE CUTOFF,RED,GREEN LIGHT,"2021,2022,2023,2024,2025",5,2025,2021,predictive,preference_dedicated_hunter_deer,TRUE,Forecasted from 2025 dedicated hunter ladder with residency quota split and preference carry-forward.,Dedicated Hunter,PREFERENCE_DEDICATED_HUNTER_DEER,MODELED_PREFERENCE,TARGET,True,Modeled by engine.utah_draw_predictive.dedicated_hunter.
hybrid_ml_v2.1.0,utah_preference_dedicated_hunter_deer_v1.0.0,2026,2026,DB1787,Boulder/Kaiparowits,Deer,Buck,General Season,Dedicated Hunter,Resident,0,dedicated_hunter,172,56,,,,,1,1,13,47,47,0.914894,,,0.914894,,,91.489,,1,0,ON EDGE,YELLOW,GREEN LIGHT,"2021,2022,2023,2024,2025",5,2025,2021,predictive,preference_dedicated_hunter_deer,TRUE,Forecasted from 2025 dedicated hunter ladder with residency quota split and preference carry-forward.,Dedicated Hunter,PREFERENCE_DEDICATED_HUNTER_DEER,MODELED_PREFERENCE,TARGET,True,Modeled by engine.utah_draw_predictive.dedicated_hunter.
hybrid_ml_v2.1.0,utah_preference_dedicated_hunter_deer_v1.0.0,2026,2026,DB1787,Boulder/Kaiparowits,Deer,Buck,General Season,Dedicated Hunter,Resident,1,dedicated_hunter,172,56,,,,,1,1,11,2,2,1.000000,,,1.000000,,,100.000,,0,0,ABOVE CUTOFF,YELLOW,GREEN LIGHT,"2021,2022,2023,2024,2025",5,2025,2021,predictive,preference_dedicated_hunter_deer,TRUE,Forecasted from 2025 dedicated hunter ladder with residency quota split and preference carry-forward.,Dedicated Hunter,PREFERENCE_DEDICATED_HUNTER_DEER,MODELED_PREFERENCE,TARGET,True,Modeled by engine.utah_draw_predictive.dedicated_hunter.
hybrid_ml_v2.1.0,utah_preference_dedicated_hunter_deer_v1.0.0,2026,2026,DB1787,Boulder/Kaiparowits,Deer,Buck,General Season,Dedicated Hunter,Resident,2,dedicated_hunter,172,56,,,,,1,1,7,4,4,1.000000,,,1.000000,,,100.000,,-1,0,ABOVE CUTOFF,YELLOW,GREEN LIGHT,"2021,2022,2023,2024,2025",5,2025,2021,predictive,preference_dedicated_hunter_deer,TRUE,Forecasted from 2025 dedicated hunter ladder with residency quota split and preference carry-forward.,Dedicated Hunter,PREFERENCE_DEDICATED_HUNTER_DEER,MODELED_PREFERENCE,TARGET,True,Modeled by engine.utah_draw_predictive.dedicated_hunter.
hybrid_ml_v2.1.0,utah_preference_dedicated_hunter_deer_v1.0.0,2026,2026,DB1787,Boulder/Kaiparowits,Deer,Buck,General Season,Dedicated Hunter,Resident,3,dedicated_hunter,172,56,,,,,1,1,4,3,3,1.000000,,,1.000000,,,100.000,,-2,0,ABOVE CUTOFF,YELLOW,GREEN LIGHT,"2021,2022,2023,2024,2025",5,2025,2021,predictive,preference_dedicated_hunter_deer,TRUE,Forecasted from 2025 dedicated hunter ladder with residency quota split and preference carry-forward.,Dedicated Hunter,PREFERENCE_DEDICATED_HUNTER_DEER,MODELED_PREFERENCE,TARGET,True,Modeled by engine.utah_draw_predictive.dedicated_hunter.
hybrid_ml_v2.1.0,utah_preference_dedicated_hunter_deer_v1.0.0,2026,2026,DB1787,Boulder/Kaiparowits,Deer,Buck,General Season,Dedicated Hunter,Resident,4,dedicated_hunter,172,56,,,,,1,1,0,4,4,1.000000,,,1.000000,,,100.000,,-3,0,ABOVE CUTOFF,YELLOW,GREEN LIGHT,"2021,2022,2023,2024,2025",5,2025,2021,predictive,preference_dedicated_hunter_deer,TRUE,Forecasted from 2025 dedicated hunter ladder with residency quota split and preference carry-forward.,Dedicated Hunter,PREFERENCE_DEDICATED_HUNTER_DEER,MODELED_PREFERENCE,TARGET,True,Modeled by engine.utah_draw_predictive.dedicated_hunter.
hybrid_ml_v2.1.0,utah_preference_dedicated_hunter_deer_v1.0.0,2026,2026,DB1787,Boulder/Kaiparowits,Deer,Buck,General Season,Dedicated Hunter,Resident,5,dedicated_hunter,172,56,,,,,1,1,0,0,1,1.000000,,,1.000000,,,100.000,,-4,0,ABOVE CUTOFF,YELLOW,GREEN LIGHT,"2021,2022,2023,2024,2025",5,2025,2021,predictive,preference_dedicated_hunter_deer,TRUE,Forecasted from 2025 dedicated hunter ladder with residency quota split and preference carry-forward.,Dedicated Hunter,PREFERENCE_DEDICATED_HUNTER_DEER,MODELED_PREFERENCE,TARGET,True,Modeled by engine.utah_draw_predictive.dedicated_hunter.
hybrid_ml_v2.1.0,utah_preference_dedicated_hunter_deer_v1.0.0,2026,2026,DB1787,Boulder/Kaiparowits,Deer,Buck,General Season,Dedicated Hunter,Resident,6,dedicated_hunter,172,56,,,,,1,1,0,0,1,1.000000,,,1.000000,,,100.000,,-5,0,ABOVE CUTOFF,YELLOW,GREEN LIGHT,"2021,2022,2023,2024,2025",5,2025,2021,predictive,preference_dedicated_hunter_deer,TRUE,Forecasted from 2025 dedicated hunter ladder with residency quota split and preference carry-forward.,Dedicated Hunter,PREFERENCE_DEDICATED_HUNTER_DEER,MODELED_PREFERENCE,TARGET,True,Modeled by engine.utah_draw_predictive.dedicated_hunter.
hybrid_ml_v2.1.0,utah_preference_dedicated_hunter_deer_v1.0.0,2026,2026,DB1787,Boulder/Kaiparowits,Deer,Buck,General Season,Dedicated Hunter,Resident,7,dedicated_hunter,172,56,,,,,1,1,0,0,1,1.000000,,,1.000000,,,100.000,,-6,0,ABOVE CUTOFF,YELLOW,GREEN LIGHT,"2021,2022,2023,2024,2025",5,2025,2021,predictive,preference_dedicated_hunter_deer,TRUE,Forecasted from 2025 dedicated hunter ladder with residency quota split and preference carry-forward.,Dedicated Hunter,PREFERENCE_DEDICATED_HUNTER_DEER,MODELED_PREFERENCE,TARGET,True,Modeled by engine.utah_draw_predictive.dedicated_hunter.
hybrid_ml_v2.1.0,utah_preference_dedicated_hunter_deer_v1.0.0,2026,2026,DB1787,Boulder/Kaiparowits,Deer,Buck,General Season,Dedicated Hunter,Resident,8,dedicated_hunter,172,56,,,,,1,1,0,0,1,1.000000,,,1.000000,,,100.000,,-7,0,ABOVE CUTOFF,YELLOW,GREEN LIGHT,"2021,2022,2023,2024,2025",5,2025,2021,predictive,preference_dedicated_hunter_deer,TRUE,Forecasted from 2025 dedicated hunter ladder with residency quota split and preference carry-forward.,Dedicated Hunter,PREFERENCE_DEDICATED_HUNTER_DEER,MODELED_PREFERENCE,TARGET,True,Modeled by engine.utah_draw_predictive.dedicated_hunter.
hybrid_ml_v2.1.0,utah_preference_dedicated_hunter_deer_v1.0.0,2026,2026,DB1787,Boulder/Kaiparowits,Deer,Buck,General Season,Dedicated Hunter,Resident,9,dedicated_hunter,172,56,,,,,1,1,0,0,1,1.000000,,,1.000000,,,100.000,,-8,0,ABOVE CUTOFF,YELLOW,GREEN LIGHT,"2021,2022,2023,2024,2025",5,2025,2021,predictive,preference_dedicated_hunter_deer,TRUE,Forecasted from 2025 dedicated hunter ladder with residency quota split and preference carry-forward.,Dedicated Hunter,PREFERENCE_DEDICATED_HUNTER_DEER,MODELED_PREFERENCE,TARGET,True,Modeled by engine.utah_draw_predictive.dedicated_hunter.
hybrid_ml_v2.1.0,utah_preference_dedicated_hunter_deer_v1.0.0,2026,2026,DB1787,Boulder/Kaiparowits,Deer,Buck,General Season,Dedicated Hunter,Resident,10,dedicated_hunter,172,56,,,,,1,1,0,0,1,1.000000,,,1.000000,,,100.000,,-9,0,ABOVE CUTOFF,YELLOW,GREEN LIGHT,"2021,2022,2023,2024,2025",5,2025,2021,predictive,preference_dedicated_hunter_deer,TRUE,Forecasted from 2025 dedicated hunter ladder with residency quota split and preference carry-forward.,Dedicated Hunter,PREFERENCE_DEDICATED_HUNTER_DEER,MODELED_PREFERENCE,TARGET,True,Modeled by engine.utah_draw_predictive.dedicated_hunter.
hybrid_ml_v2.1.0,utah_preference_dedicated_hunter_deer_v1.0.0,2026,2026,DB1787,Boulder/Kaiparowits,Deer,Buck,General Season,Dedicated Hunter,Resident,11,dedicated_hunter,172,56,,,,,1,1,0,0,1,1.000000,,,1.000000,,,100.000,,-10,0,ABOVE CUTOFF,YELLOW,GREEN LIGHT,"2021,2022,2023,2024,2025",5,2025,2021,predictive,preference_dedicated_hunter_deer,TRUE,Forecasted from 2025 dedicated hunter ladder with residency quota split and preference carry-forward.,Dedicated Hunter,PREFERENCE_DEDICATED_HUNTER_DEER,MODELED_PREFERENCE,TARGET,True,Modeled by engine.utah_draw_predictive.dedicated_hunter.
hybrid_ml_v2.1.0,utah_preference_dedicated_hunter_deer_v1.0.0,2026,2026,DB1787,Boulder/Kaiparowits,Deer,Buck,General Season,Dedicated Hunter,Resident,12,dedicated_hunter,172,56,,,,,1,1,0,0,1,1.000000,,,1.000000,,,100.000,,-11,0,ABOVE CUTOFF,YELLOW,GREEN LIGHT,"2021,2022,2023,2024,2025",5,2025,2021,predictive,preference_dedicated_hunter_deer,TRUE,Forecasted from 2025 dedicated hunter ladder with residency quota split and preference carry-forward.,Dedicated Hunter,PREFERENCE_DEDICATED_HUNTER_DEER,MODELED_PREFERENCE,TARGET,True,Modeled by engine.utah_draw_predictive.dedicated_hunter.
hybrid_ml_v2.1.0,utah_preference_dedicated_hunter_deer_v1.0.0,2026,2026,DB1787,Boulder/Kaiparowits,Deer,Buck,General Season,Dedicated Hunter,Resident,13,dedicated_hunter,172,56,,,,,1,1,0,0,1,1.000000,,,1.000000,,,100.000,,-12,0,ABOVE CUTOFF,YELLOW,GREEN LIGHT,"2021,2022,2023,2024,2025",5,2025,2021,predictive,preference_dedicated_hunter_deer,TRUE,Forecasted from 2025 dedicated hunter ladder with residency quota split and preference carry-forward.,Dedicated Hunter,PREFERENCE_DEDICATED_HUNTER_DEER,MODELED_PREFERENCE,TARGET,True,Modeled by engine.utah_draw_predictive.dedicated_hunter.
hybrid_ml_v2.1.0,utah_preference_dedicated_hunter_deer_v1.0.0,2026,2026,DB1787,Boulder/Kaiparowits,Deer,Buck,General Season,Dedicated Hunter,Resident,14,dedicated_hunter,172,56,,,,,1,1,0,0,1,1.000000,,,1.000000,,,100.000,,-13,0,ABOVE CUTOFF,YELLOW,GREEN LIGHT,"2021,2022,2023,2024,2025",5,2025,2021,predictive,preference_dedicated_hunter_deer,TRUE,Forecasted from 2025 dedicated hunter ladder with residency quota split and preference carry-forward.,Dedicated Hunter,PREFERENCE_DEDICATED_HUNTER_DEER,MODELED_PREFERENCE,TARGET,True,Modeled by engine.utah_draw_predictive.dedicated_hunter.
hybrid_ml_v2.1.0,utah_preference_dedicated_hunter_deer_v1.0.0,2026,2026,DB1787,Boulder/Kaiparowits,Deer,Buck,General Season,Dedicated Hunter,Resident,15,dedicated_hunter,172,56,,,,,1,1,0,0,1,1.000000,,,1.000000,,,100.000,,-14,0,ABOVE CUTOFF,YELLOW,GREEN LIGHT,"2021,2022,2023,2024,2025",5,2025,2021,predictive,preference_dedicated_hunter_deer,TRUE,Forecasted from 2025 dedicated hunter ladder with residency quota split and preference carry-forward.,Dedicated Hunter,PREFERENCE_DEDICATED_HUNTER_DEER,MODELED_PREFERENCE,TARGET,True,Modeled by engine.utah_draw_predictive.dedicated_hunter.
hybrid_ml_v2.1.0,utah_preference_dedicated_hunter_deer_v1.0.0,2026,2026,DB1787,Boulder/Kaiparowits,Deer,Buck,General Season,Dedicated Hunter,Resident,16,dedicated_hunter,172,56,,,,,1,1,0,0,1,1.000000,,,1.000000,,,100.000,,-15,0,ABOVE CUTOFF,YELLOW,GREEN LIGHT,"2021,2022,2023,2024,2025",5,2025,2021,predictive,preference_dedicated_hunter_deer,TRUE,Forecasted from 2025 dedicated hunter ladder with residency quota split and preference carry-forward.,Dedicated Hunter,PREFERENCE_DEDICATED_HUNTER_DEER,MODELED_PREFERENCE,TARGET,True,Modeled by engine.utah_draw_predictive.dedicated_hunter.
hybrid_ml_v2.1.0,utah_preference_dedicated_hunter_deer_v1.0.0,2026,2026,DB1787,Boulder/Kaiparowits,Deer,Buck,General Season,Dedicated Hunter,Resident,17,dedicated_hunter,172,56,,,,,1,1,0,0,1,1.000000,,,1.000000,,,100.000,,-16,0,ABOVE CUTOFF,YELLOW,GREEN LIGHT,"2021,2022,2023,2024,2025",5,2025,2021,predictive,preference_dedicated_hunter_deer,TRUE,Forecasted from 2025 dedicated hunter ladder with residency quota split and preference carry-forward.,Dedicated Hunter,PREFERENCE_DEDICATED_HUNTER_DEER,MODELED_PREFERENCE,TARGET,True,Modeled by engine.utah_draw_predictive.dedicated_hunter.
hybrid_ml_v2.1.0,utah_preference_dedicated_hunter_deer_v1.0.0,2026,2026,DB1787,Boulder/Kaiparowits,Deer,Buck,General Season,Dedicated Hunter,Resident,18,dedicated_hunter,172,56,,,,,1,1,0,0,1,1.000000,,,1.000000,,,100.000,,-17,0,ABOVE CUTOFF,YELLOW,GREEN LIGHT,"2021,2022,2023,2024,2025",5,2025,2021,predictive,preference_dedicated_hunter_deer,TRUE,Forecasted from 2025 dedicated hunter ladder with residency quota split and preference carry-forward.,Dedicated Hunter,PREFERENCE_DEDICATED_HUNTER_DEER,MODELED_PREFERENCE,TARGET,True,Modeled by engine.utah_draw_predictive.dedicated_hunter.
hybrid_ml_v2.1.0,utah_preference_dedicated_hunter_deer_v1.0.0,2026,2026,DB1787,Boulder/Kaiparowits,Deer,Buck,General Season,Dedicated Hunter,Resident,19,dedicated_hunter,172,56,,,,,1,1,0,0,1,1.000000,,,1.000000,,,100.000,,-18,0,ABOVE CUTOFF,YELLOW,GREEN LIGHT,"2021,2022,2023,2024,2025",5,2025,2021,predictive,preference_dedicated_hunter_deer,TRUE,Forecasted from 2025 dedicated hunter ladder with residency quota split and preference carry-forward.,Dedicated Hunter,PREFERENCE_DEDICATED_HUNTER_DEER,MODELED_PREFERENCE,TARGET,True,Modeled by engine.utah_draw_predictive.dedicated_hunter.
hybrid_ml_v2.1.0,utah_preference_dedicated_hunter_deer_v1.0.0,2026,2026,DB1787,Boulder/Kaiparowits,Deer,Buck,General Season,Dedicated Hunter,Resident,20,dedicated_hunter,172,56,,,,,1,1,0,0,1,1.000000,,,1.000000,,,100.000,,-19,0,ABOVE CUTOFF,YELLOW,GREEN LIGHT,"2021,2022,2023,2024,2025",5,2025,2021,predictive,preference_dedicated_hunter_deer,TRUE,Forecasted from 2025 dedicated hunter ladder with residency quota split and preference carry-forward.,Dedicated Hunter,PREFERENCE_DEDICATED_HUNTER_DEER,MODELED_PREFERENCE,TARGET,True,Modeled by engine.utah_draw_predictive.dedicated_hunter.
hybrid_ml_v2.1.0,utah_preference_dedicated_hunter_deer_v1.0.0,2026,2026,DB1787,Boulder/Kaiparowits,Deer,Buck,General Season,Dedicated Hunter,Resident,21,dedicated_hunter,172,56,,,,,1,1,0,0,1,1.000000,,,1.000000,,,100.000,,-20,0,ABOVE CUTOFF,YELLOW,GREEN LIGHT,"2021,2022,2023,2024,2025",5,2025,2021,predictive,preference_dedicated_hunter_deer,TRUE,Forecasted from 2025 dedicated hunter ladder with residency quota split and preference carry-forward.,Dedicated Hunter,PREFERENCE_DEDICATED_HUNTER_DEER,MODELED_PREFERENCE,TARGET,True,Modeled by engine.utah_draw_predictive.dedicated_hunter.
hybrid_ml_v2.1.0,utah_preference_dedicated_hunter_deer_v1.0.0,2026,2026,DB1787,Boulder/Kaiparowits,Deer,Buck,General Season,Dedicated Hunter,Resident,22,dedicated_hunter,172,56,,,,,1,1,0,0,1,1.000000,,,1.000000,,,100.000,,-21,0,ABOVE CUTOFF,YELLOW,GREEN LIGHT,"2021,2022,2023,2024,2025",5,2025,2021,predictive,preference_dedicated_hunter_deer,TRUE,Forecasted from 2025 dedicated hunter ladder with residency quota split and preference carry-forward.,Dedicated Hunter,PREFERENCE_DEDICATED_HUNTER_DEER,MODELED_PREFERENCE,TARGET,True,Modeled by engine.utah_draw_predictive.dedicated_hunter.
hybrid_ml_v2.1.0,utah_preference_dedicated_hunter_deer_v1.0.0,2026,2026,DB1787,Boulder/Kaiparowits,Deer,Buck,General Season,Dedicated Hunter,Resident,23,dedicated_hunter,172,56,,,,,1,1,0,0,1,1.000000,,,1.000000,,,100.000,,-22,0,ABOVE CUTOFF,YELLOW,GREEN LIGHT,"2021,2022,2023,2024,2025",5,2025,2021,predictive,preference_dedicated_hunter_deer,TRUE,Forecasted from 2025 dedicated hunter ladder with residency quota split and preference carry-forward.,Dedicated Hunter,PREFERENCE_DEDICATED_HUNTER_DEER,MODELED_PREFERENCE,TARGET,True,Modeled by engine.utah_draw_predictive.dedicated_hunter.
hybrid_ml_v2.1.0,utah_preference_dedicated_hunter_deer_v1.0.0,2026,2026,DB1787,Boulder/Kaiparowits,Deer,Buck,General Season,Dedicated Hunter,Resident,24,dedicated_hunter,172,56,,,,,1,1,0,0,1,1.000000,,,1.000000,,,100.000,,-23,0,ABOVE CUTOFF,YELLOW,GREEN LIGHT,"2021,2022,2023,2024,2025",5,2025,2021,predictive,preference_dedicated_hunter_deer,TRUE,Forecasted from 2025 dedicated hunter ladder with residency quota split and preference carry-forward.,Dedicated Hunter,PREFERENCE_DEDICATED_HUNTER_DEER,MODELED_PREFERENCE,TARGET,True,Modeled by engine.utah_draw_predictive.dedicated_hunter.
hybrid_ml_v2.1.0,utah_preference_dedicated_hunter_deer_v1.0.0,2026,2026,DB1788,Fishlake,Deer,Buck,General Season,Dedicated Hunter,Nonresident,0,dedicated_hunter,6,2,,,,,0,,0,5,5,0.400000,,,0.400000,,,40.000,,,,ON EDGE,RED,MAY DRAW IN 5-10 YEARS,"2021,2022,2023,2024,2025",5,2025,2021,predictive,preference_dedicated_hunter_deer,TRUE,Forecasted from 2025 dedicated hunter ladder with residency quota split and preference carry-forward.,Dedicated Hunter,PREFERENCE_DEDICATED_HUNTER_DEER,MODELED_PREFERENCE,TARGET,True,Modeled by engine.utah_draw_predictive.dedicated_hunter.
hybrid_ml_v2.1.0,utah_preference_dedicated_hunter_deer_v1.0.0,2026,2026,DB1788,Fishlake,Deer,Buck,General Season,Dedicated Hunter,Nonresident,1,dedicated_hunter,6,2,,,,,0,,0,0,1,1.000000,,,1.000000,,,100.000,,,,ABOVE CUTOFF,RED,GREEN LIGHT,"2021,2022,2023,2024,2025",5,2025,2021,predictive,preference_dedicated_hunter_deer,TRUE,Forecasted from 2025 dedicated hunter ladder with residency quota split and preference carry-forward.,Dedicated Hunter,PREFERENCE_DEDICATED_HUNTER_DEER,MODELED_PREFERENCE,TARGET,True,Modeled by engine.utah_draw_predictive.dedicated_hunter.
hybrid_ml_v2.1.0,utah_preference_dedicated_hunter_deer_v1.0.0,2026,2026,DB1788,Fishlake,Deer,Buck,General Season,Dedicated Hunter,Nonresident,2,dedicated_hunter,6,2,,,,,0,,0,0,1,1.000000,,,1.000000,,,100.000,,,,ABOVE CUTOFF,RED,GREEN LIGHT,"2021,2022,2023,2024,2025",5,2025,2021,predictive,preference_dedicated_hunter_deer,TRUE,Forecasted from 2025 dedicated hunter ladder with residency quota split and preference carry-forward.,Dedicated Hunter,PREFERENCE_DEDICATED_HUNTER_DEER,MODELED_PREFERENCE,TARGET,True,Modeled by engine.utah_draw_predictive.dedicated_hunter.
hybrid_ml_v2.1.0,utah_preference_dedicated_hunter_deer_v1.0.0,2026,2026,DB1788,Fishlake,Deer,Buck,General Season,Dedicated Hunter,Nonresident,3,dedicated_hunter,6,2,,,,,0,,0,0,1,1.000000,,,1.000000,,,100.000,,,,ABOVE CUTOFF,RED,GREEN LIGHT,"2021,2022,2023,2024,2025",5,2025,2021,predictive,preference_dedicated_hunter_deer,TRUE,Forecasted from 2025 dedicated hunter ladder with residency quota split and preference carry-forward.,Dedicated Hunter,PREFERENCE_DEDICATED_HUNTER_DEER,MODELED_PREFERENCE,TARGET,True,Modeled by engine.utah_draw_predictive.dedicated_hunter.
hybrid_ml_v2.1.0,utah_preference_dedicated_hunter_deer_v1.0.0,2026,2026,DB1788,Fishlake,Deer,Buck,General Season,Dedicated Hunter,Nonresident,4,dedicated_hunter,6,2,,,,,0,,0,0,1,1.000000,,,1.000000,,,100.000,,,,ABOVE CUTOFF,RED,GREEN LIGHT,"2021,2022,2023,2024,2025",5,2025,2021,predictive,preference_dedicated_hunter_deer,TRUE,Forecasted from 2025 dedicated hunter ladder with residency quota split and preference carry-forward.,Dedicated Hunter,PREFERENCE_DEDICATED_HUNTER_DEER,MODELED_PREFERENCE,TARGET,True,Modeled by engine.utah_draw_predictive.dedicated_hunter.
hybrid_ml_v2.1.0,utah_preference_dedicated_hunter_deer_v1.0.0,2026,2026,DB1788,Fishlake,Deer,Buck,General Season,Dedicated Hunter,Nonresident,5,dedicated_hunter,6,2,,,,,0,,0,0,1,1.000000,,,1.000000,,,100.000,,,,ABOVE CUTOFF,RED,GREEN LIGHT,"2021,2022,2023,2024,2025",5,2025,2021,predictive,preference_dedicated_hunter_deer,TRUE,Forecasted from 2025 dedicated hunter ladder with residency quota split and preference carry-forward.,Dedicated Hunter,PREFERENCE_DEDICATED_HUNTER_DEER,MODELED_PREFERENCE,TARGET,True,Modeled by engine.utah_draw_predictive.dedicated_hunter.
hybrid_ml_v2.1.0,utah_preference_dedicated_hunter_deer_v1.0.0,2026,2026,DB1788,Fishlake,Deer,Buck,General Season,Dedicated Hunter,Nonresident,6,dedicated_hunter,6,2,,,,,0,,0,0,1,1.000000,,,1.000000,,,100.000,,,,ABOVE CUTOFF,RED,GREEN LIGHT,"2021,2022,2023,2024,2025",5,2025,2021,predictive,preference_dedicated_hunter_deer,TRUE,Forecasted from 2025 dedicated hunter ladder with residency quota split and preference carry-forward.,Dedicated Hunter,PREFERENCE_DEDICATED_HUNTER_DEER,MODELED_PREFERENCE,TARGET,True,Modeled by engine.utah_draw_predictive.dedicated_hunter.
hybrid_ml_v2.1.0,utah_preference_dedicated_hunter_deer_v1.0.0,2026,2026,DB1788,Fishlake,Deer,Buck,General Season,Dedicated Hunter,Nonresident,7,dedicated_hunter,6,2,,,,,0,,0,0,1,1.000000,,,1.000000,,,100.000,,,,ABOVE CUTOFF,RED,GREEN LIGHT,"2021,2022,2023,2024,2025",5,2025,2021,predictive,preference_dedicated_hunter_deer,TRUE,Forecasted from 2025 dedicated hunter ladder with residency quota split and preference carry-forward.,Dedicated Hunter,PREFERENCE_DEDICATED_HUNTER_DEER,MODELED_PREFERENCE,TARGET,True,Modeled by engine.utah_draw_predictive.dedicated_hunter.
hybrid_ml_v2.1.0,utah_preference_dedicated_hunter_deer_v1.0.0,2026,2026,DB1788,Fishlake,Deer,Buck,General Season,Dedicated Hunter,Nonresident,8,dedicated_hunter,6,2,,,,,0,,0,0,1,1.000000,,,1.000000,,,100.000,,,,ABOVE CUTOFF,RED,GREEN LIGHT,"2021,2022,2023,2024,2025",5,2025,2021,predictive,preference_dedicated_hunter_deer,TRUE,Forecasted from 2025 dedicated hunter ladder with residency quota split and preference carry-forward.,Dedicated Hunter,PREFERENCE_DEDICATED_HUNTER_DEER,MODELED_PREFERENCE,TARGET,True,Modeled by engine.utah_draw_predictive.dedicated_hunter.
hybrid_ml_v2.1.0,utah_preference_dedicated_hunter_deer_v1.0.0,2026,2026,DB1788,Fishlake,Deer,Buck,General Season,Dedicated Hunter,Nonresident,9,dedicated_hunter,6,2,,,,,0,,0,0,1,1.000000,,,1.000000,,,100.000,,,,ABOVE CUTOFF,RED,GREEN LIGHT,"2021,2022,2023,2024,2025",5,2025,2021,predictive,preference_dedicated_hunter_deer,TRUE,Forecasted from 2025 dedicated hunter ladder with residency quota split and preference carry-forward.,Dedicated Hunter,PREFERENCE_DEDICATED_HUNTER_DEER,MODELED_PREFERENCE,TARGET,True,Modeled by engine.utah_draw_predictive.dedicated_hunter.
hybrid_ml_v2.1.0,utah_preference_dedicated_hunter_deer_v1.0.0,2026,2026,DB1788,Fishlake,Deer,Buck,General Season,Dedicated Hunter,Nonresident,10,dedicated_hunter,6,2,,,,,0,,0,0,1,1.000000,,,1.000000,,,100.000,,,,ABOVE CUTOFF,RED,GREEN LIGHT,"2021,2022,2023,2024,2025",5,2025,2021,predictive,preference_dedicated_hunter_deer,TRUE,Forecasted from 2025 dedicated hunter ladder with residency quota split and preference carry-forward.,Dedicated Hunter,PREFERENCE_DEDICATED_HUNTER_DEER,MODELED_PREFERENCE,TARGET,True,Modeled by engine.utah_draw_predictive.dedicated_hunter.
hybrid_ml_v2.1.0,utah_preference_dedicated_hunter_deer_v1.0.0,2026,2026,DB1788,Fishlake,Deer,Buck,General Season,Dedicated Hunter,Nonresident,11,dedicated_hunter,6,2,,,,,0,,0,0,1,1.000000,,,1.000000,,,100.000,,,,ABOVE CUTOFF,RED,GREEN LIGHT,"2021,2022,2023,2024,2025",5,2025,2021,predictive,preference_dedicated_hunter_deer,TRUE,Forecasted from 2025 dedicated hunter ladder with residency quota split and preference carry-forward.,Dedicated Hunter,PREFERENCE_DEDICATED_HUNTER_DEER,MODELED_PREFERENCE,TARGET,True,Modeled by engine.utah_draw_predictive.dedicated_hunter.
hybrid_ml_v2.1.0,utah_preference_dedicated_hunter_deer_v1.0.0,2026,2026,DB1788,Fishlake,Deer,Buck,General Season,Dedicated Hunter,Nonresident,12,dedicated_hunter,6,2,,,,,0,,0,0,1,1.000000,,,1.000000,,,100.000,,,,ABOVE CUTOFF,RED,GREEN LIGHT,"2021,2022,2023,2024,2025",5,2025,2021,predictive,preference_dedicated_hunter_deer,TRUE,Forecasted from 2025 dedicated hunter ladder with residency quota split and preference carry-forward.,Dedicated Hunter,PREFERENCE_DEDICATED_HUNTER_DEER,MODELED_PREFERENCE,TARGET,True,Modeled by engine.utah_draw_predictive.dedicated_hunter.
hybrid_ml_v2.1.0,utah_preference_dedicated_hunter_deer_v1.0.0,2026,2026,DB1788,Fishlake,Deer,Buck,General Season,Dedicated Hunter,Nonresident,13,dedicated_hunter,6,2,,,,,0,,0,0,1,1.000000,,,1.000000,,,100.000,,,,ABOVE CUTOFF,RED,GREEN LIGHT,"2021,2022,2023,2024,2025",5,2025,2021,predictive,preference_dedicated_hunter_deer,TRUE,Forecasted from 2025 dedicated hunter ladder with residency quota split and preference carry-forward.,Dedicated Hunter,PREFERENCE_DEDICATED_HUNTER_DEER,MODELED_PREFERENCE,TARGET,True,Modeled by engine.utah_draw_predictive.dedicated_hunter.
hybrid_ml_v2.1.0,utah_preference_dedicated_hunter_deer_v1.0.0,2026,2026,DB1788,Fishlake,Deer,Buck,General Season,Dedicated Hunter,Nonresident,14,dedicated_hunter,6,2,,,,,0,,0,0,1,1.000000,,,1.000000,,,100.000,,,,ABOVE CUTOFF,RED,GREEN LIGHT,"2021,2022,2023,2024,2025",5,2025,2021,predictive,preference_dedicated_hunter_deer,TRUE,Forecasted from 2025 dedicated hunter ladder with residency quota split and preference carry-forward.,Dedicated Hunter,PREFERENCE_DEDICATED_HUNTER_DEER,MODELED_PREFERENCE,TARGET,True,Modeled by engine.utah_draw_predictive.dedicated_hunter.
hybrid_ml_v2.1.0,utah_preference_dedicated_hunter_deer_v1.0.0,2026,2026,DB1788,Fishlake,Deer,Buck,General Season,Dedicated Hunter,Nonresident,15,dedicated_hunter,6,2,,,,,0,,0,0,1,1.000000,,,1.000000,,,100.000,,,,ABOVE CUTOFF,RED,GREEN LIGHT,"2021,2022,2023,2024,2025",5,2025,2021,predictive,preference_dedicated_hunter_deer,TRUE,Forecasted from 2025 dedicated hunter ladder with residency quota split and preference carry-forward.,Dedicated Hunter,PREFERENCE_DEDICATED_HUNTER_DEER,MODELED_PREFERENCE,TARGET,True,Modeled by engine.utah_draw_predictive.dedicated_hunter.
hybrid_ml_v2.1.0,utah_preference_dedicated_hunter_deer_v1.0.0,2026,2026,DB1788,Fishlake,Deer,Buck,General Season,Dedicated Hunter,Nonresident,16,dedicated_hunter,6,2,,,,,0,,0,0,1,1.000000,,,1.000000,,,100.000,,,,ABOVE CUTOFF,RED,GREEN LIGHT,"2021,2022,2023,2024,2025",5,2025,2021,predictive,preference_dedicated_hunter_deer,TRUE,Forecasted from 2025 dedicated hunter ladder with residency quota split and preference carry-forward.,Dedicated Hunter,PREFERENCE_DEDICATED_HUNTER_DEER,MODELED_PREFERENCE,TARGET,True,Modeled by engine.utah_draw_predictive.dedicated_hunter.
hybrid_ml_v2.1.0,utah_preference_dedicated_hunter_deer_v1.0.0,2026,2026,DB1788,Fishlake,Deer,Buck,General Season,Dedicated Hunter,Nonresident,17,dedicated_hunter,6,2,,,,,0,,0,0,1,1.000000,,,1.000000,,,100.000,,,,ABOVE CUTOFF,RED,GREEN LIGHT,"2021,2022,2023,2024,2025",5,2025,2021,predictive,preference_dedicated_hunter_deer,TRUE,Forecasted from 2025 dedicated hunter ladder with residency quota split and preference carry-forward.,Dedicated Hunter,PREFERENCE_DEDICATED_HUNTER_DEER,MODELED_PREFERENCE,TARGET,True,Modeled by engine.utah_draw_predictive.dedicated_hunter.
hybrid_ml_v2.1.0,utah_preference_dedicated_hunter_deer_v1.0.0,2026,2026,DB1788,Fishlake,Deer,Buck,General Season,Dedicated Hunter,Nonresident,18,dedicated_hunter,6,2,,,,,0,,0,0,1,1.000000,,,1.000000,,,100.000,,,,ABOVE CUTOFF,RED,GREEN LIGHT,"2021,2022,2023,2024,2025",5,2025,2021,predictive,preference_dedicated_hunter_deer,TRUE,Forecasted from 2025 dedicated hunter ladder with residency quota split and preference carry-forward.,Dedicated Hunter,PREFERENCE_DEDICATED_HUNTER_DEER,MODELED_PREFERENCE,TARGET,True,Modeled by engine.utah_draw_predictive.dedicated_hunter.
hybrid_ml_v2.1.0,utah_preference_dedicated_hunter_deer_v1.0.0,2026,2026,DB1788,Fishlake,Deer,Buck,General Season,Dedicated Hunter,Nonresident,19,dedicated_hunter,6,2,,,,,0,,0,0,1,1.000000,,,1.000000,,,100.000,,,,ABOVE CUTOFF,RED,GREEN LIGHT,"2021,2022,2023,2024,2025",5,2025,2021,predictive,preference_dedicated_hunter_deer,TRUE,Forecasted from 2025 dedicated hunter ladder with residency quota split and preference carry-forward.,Dedicated Hunter,PREFERENCE_DEDICATED_HUNTER_DEER,MODELED_PREFERENCE,TARGET,True,Modeled by engine.utah_draw_predictive.dedicated_hunter.
hybrid_ml_v2.1.0,utah_preference_dedicated_hunter_deer_v1.0.0,2026,2026,DB1788,Fishlake,Deer,Buck,General Season,Dedicated Hunter,Nonresident,20,dedicated_hunter,6,2,,,,,0,,0,0,1,1.000000,,,1.000000,,,100.000,,,,ABOVE CUTOFF,RED,GREEN LIGHT,"2021,2022,2023,2024,2025",5,2025,2021,predictive,preference_dedicated_hunter_deer,TRUE,Forecasted from 2025 dedicated hunter ladder with residency quota split and preference carry-forward.,Dedicated Hunter,PREFERENCE_DEDICATED_HUNTER_DEER,MODELED_PREFERENCE,TARGET,True,Modeled by engine.utah_draw_predictive.dedicated_hunter.
hybrid_ml_v2.1.0,utah_preference_dedicated_hunter_deer_v1.0.0,2026,2026,DB1788,Fishlake,Deer,Buck,General Season,Dedicated Hunter,Nonresident,21,dedicated_hunter,6,2,,,,,0,,0,0,1,1.000000,,,1.000000,,,100.000,,,,ABOVE CUTOFF,RED,GREEN LIGHT,"2021,2022,2023,2024,2025",5,2025,2021,predictive,preference_dedicated_hunter_deer,TRUE,Forecasted from 2025 dedicated hunter ladder with residency quota split and preference carry-forward.,Dedicated Hunter,PREFERENCE_DEDICATED_HUNTER_DEER,MODELED_PREFERENCE,TARGET,True,Modeled by engine.utah_draw_predictive.dedicated_hunter.
hybrid_ml_v2.1.0,utah_preference_dedicated_hunter_deer_v1.0.0,2026,2026,DB1788,Fishlake,Deer,Buck,General Season,Dedicated Hunter,Nonresident,22,dedicated_hunter,6,2,,,,,0,,0,0,1,1.000000,,,1.000000,,,100.000,,,,ABOVE CUTOFF,RED,GREEN LIGHT,"2021,2022,2023,2024,2025",5,2025,2021,predictive,preference_dedicated_hunter_deer,TRUE,Forecasted from 2025 dedicated hunter ladder with residency quota split and preference carry-forward.,Dedicated Hunter,PREFERENCE_DEDICATED_HUNTER_DEER,MODELED_PREFERENCE,TARGET,True,Modeled by engine.utah_draw_predictive.dedicated_hunter.
hybrid_ml_v2.1.0,utah_preference_dedicated_hunter_deer_v1.0.0,2026,2026,DB1788,Fishlake,Deer,Buck,General Season,Dedicated Hunter,Nonresident,23,dedicated_hunter,6,2,,,,,0,,0,0,1,1.000000,,,1.000000,,,100.000,,,,ABOVE CUTOFF,RED,GREEN LIGHT,"2021,2022,2023,2024,2025",5,2025,2021,predictive,preference_dedicated_hunter_deer,TRUE,Forecasted from 2025 dedicated hunter ladder with residency quota split and preference carry-forward.,Dedicated Hunter,PREFERENCE_DEDICATED_HUNTER_DEER,MODELED_PREFERENCE,TARGET,True,Modeled by engine.utah_draw_predictive.dedicated_hunter.
hybrid_ml_v2.1.0,utah_preference_dedicated_hunter_deer_v1.0.0,2026,2026,DB1788,Fishlake,Deer,Buck,General Season,Dedicated Hunter,Nonresident,24,dedicated_hunter,6,2,,,,,0,,0,0,1,1.000000,,,1.000000,,,100.000,,,,ABOVE CUTOFF,RED,GREEN LIGHT,"2021,2022,2023,2024,2025",5,2025,2021,predictive,preference_dedicated_hunter_deer,TRUE,Forecasted from 2025 dedicated hunter ladder with residency quota split and preference carry-forward.,Dedicated Hunter,PREFERENCE_DEDICATED_HUNTER_DEER,MODELED_PREFERENCE,TARGET,True,Modeled by engine.utah_draw_predictive.dedicated_hunter.
hybrid_ml_v2.1.0,utah_preference_dedicated_hunter_deer_v1.0.0,2026,2026,DB1788,Fishlake,Deer,Buck,General Season,Dedicated Hunter,Resident,0,dedicated_hunter,73,28,,,,,3,3,50,29,29,0.000000,,,0.000000,,,0.000,,3,0,BEHIND,YELLOW,POINT CREEP DEFEAT,"2021,2022,2023,2024,2025",5,2025,2021,predictive,preference_dedicated_hunter_deer,TRUE,Forecasted from 2025 dedicated hunter ladder with residency quota split and preference carry-forward.,Dedicated Hunter,PREFERENCE_DEDICATED_HUNTER_DEER,MODELED_PREFERENCE,TARGET,True,Modeled by engine.utah_draw_predictive.dedicated_hunter.
hybrid_ml_v2.1.0,utah_preference_dedicated_hunter_deer_v1.0.0,2026,2026,DB1788,Fishlake,Deer,Buck,General Season,Dedicated Hunter,Resident,1,dedicated_hunter,73,28,,,,,3,3,30,20,20,0.000000,,,0.000000,,,0.000,,2,0,BEHIND,YELLOW,POINT CREEP DEFEAT,"2021,2022,2023,2024,2025",5,2025,2021,predictive,preference_dedicated_hunter_deer,TRUE,Forecasted from 2025 dedicated hunter ladder with residency quota split and preference carry-forward.,Dedicated Hunter,PREFERENCE_DEDICATED_HUNTER_DEER,MODELED_PREFERENCE,TARGET,True,Modeled by engine.utah_draw_predictive.dedicated_hunter.
hybrid_ml_v2.1.0,utah_preference_dedicated_hunter_deer_v1.0.0,2026,2026,DB1788,Fishlake,Deer,Buck,General Season,Dedicated Hunter,Resident,2,dedicated_hunter,73,28,,,,,3,3,13,17,17,0.882353,,,0.882353,,,88.235,,1,0,ON EDGE,YELLOW,MAY DRAW IN 5-10 YEARS,"2021,2022,2023,2024,2025",5,2025,2021,predictive,preference_dedicated_hunter_deer,TRUE,Forecasted from 2025 dedicated hunter ladder with residency quota split and preference carry-forward.,Dedicated Hunter,PREFERENCE_DEDICATED_HUNTER_DEER,MODELED_PREFERENCE,TARGET,True,Modeled by engine.utah_draw_predictive.dedicated_hunter.
hybrid_ml_v2.1.0,utah_preference_dedicated_hunter_deer_v1.0.0,2026,2026,DB1788,Fishlake,Deer,Buck,General Season,Dedicated Hunter,Resident,3,dedicated_hunter,73,28,,,,,3,3,2,11,11,1.000000,,,1.000000,,,100.000,,0,0,ABOVE CUTOFF,YELLOW,GREEN LIGHT,"2021,2022,2023,2024,2025",5,2025,2021,predictive,preference_dedicated_hunter_deer,TRUE,Forecasted from 2025 dedicated hunter ladder with residency quota split and preference carry-forward.,Dedicated Hunter,PREFERENCE_DEDICATED_HUNTER_DEER,MODELED_PREFERENCE,TARGET,True,Modeled by engine.utah_draw_predictive.dedicated_hunter.
hybrid_ml_v2.1.0,utah_preference_dedicated_hunter_deer_v1.0.0,2026,2026,DB1788,Fishlake,Deer,Buck,General Season,Dedicated Hunter,Resident,4,dedicated_hunter,73,28,,,,,3,3,0,2,2,1.000000,,,1.000000,,,100.000,,-1,0,ABOVE CUTOFF,YELLOW,GREEN LIGHT,"2021,2022,2023,2024,2025",5,2025,2021,predictive,preference_dedicated_hunter_deer,TRUE,Forecasted from 2025 dedicated hunter ladder with residency quota split and preference carry-forward.,Dedicated Hunter,PREFERENCE_DEDICATED_HUNTER_DEER,MODELED_PREFERENCE,TARGET,True,Modeled by engine.utah_draw_predictive.dedicated_hunter.
hybrid_ml_v2.1.0,utah_preference_dedicated_hunter_deer_v1.0.0,2026,2026,DB1788,Fishlake,Deer,Buck,General Season,Dedicated Hunter,Resident,5,dedicated_hunter,73,28,,,,,3,3,0,0,1,1.000000,,,1.000000,,,100.000,,-2,0,ABOVE CUTOFF,YELLOW,GREEN LIGHT,"2021,2022,2023,2024,2025",5,2025,2021,predictive,preference_dedicated_hunter_deer,TRUE,Forecasted from 2025 dedicated hunter ladder with residency quota split and preference carry-forward.,Dedicated Hunter,PREFERENCE_DEDICATED_HUNTER_DEER,MODELED_PREFERENCE,TARGET,True,Modeled by engine.utah_draw_predictive.dedicated_hunter.
hybrid_ml_v2.1.0,utah_preference_dedicated_hunter_deer_v1.0.0,2026,2026,DB1788,Fishlake,Deer,Buck,General Season,Dedicated Hunter,Resident,6,dedicated_hunter,73,28,,,,,3,3,0,0,1,1.000000,,,1.000000,,,100.000,,-3,0,ABOVE CUTOFF,YELLOW,GREEN LIGHT,"2021,2022,2023,2024,2025",5,2025,2021,predictive,preference_dedicated_hunter_deer,TRUE,Forecasted from 2025 dedicated hunter ladder with residency quota split and preference carry-forward.,Dedicated Hunter,PREFERENCE_DEDICATED_HUNTER_DEER,MODELED_PREFERENCE,TARGET,True,Modeled by engine.utah_draw_predictive.dedicated_hunter.
hybrid_ml_v2.1.0,utah_preference_dedicated_hunter_deer_v1.0.0,2026,2026,DB1788,Fishlake,Deer,Buck,General Season,Dedicated Hunter,Resident,7,dedicated_hunter,73,28,,,,,3,3,0,0,1,1.000000,,,1.000000,,,100.000,,-4,0,ABOVE CUTOFF,YELLOW,GREEN LIGHT,"2021,2022,2023,2024,2025",5,2025,2021,predictive,preference_dedicated_hunter_deer,TRUE,Forecasted from 2025 dedicated hunter ladder with residency quota split and preference carry-forward.,Dedicated Hunter,PREFERENCE_DEDICATED_HUNTER_DEER,MODELED_PREFERENCE,TARGET,True,Modeled by engine.utah_draw_predictive.dedicated_hunter.
hybrid_ml_v2.1.0,utah_preference_dedicated_hunter_deer_v1.0.0,2026,2026,DB1788,Fishlake,Deer,Buck,General Season,Dedicated Hunter,Resident,8,dedicated_hunter,73,28,,,,,3,3,0,0,1,1.000000,,,1.000000,,,100.000,,-5,0,ABOVE CUTOFF,YELLOW,GREEN LIGHT,"2021,2022,2023,2024,2025",5,2025,2021,predictive,preference_dedicated_hunter_deer,TRUE,Forecasted from 2025 dedicated hunter ladder with residency quota split and preference carry-forward.,Dedicated Hunter,PREFERENCE_DEDICATED_HUNTER_DEER,MODELED_PREFERENCE,TARGET,True,Modeled by engine.utah_draw_predictive.dedicated_hunter.
hybrid_ml_v2.1.0,utah_preference_dedicated_hunter_deer_v1.0.0,2026,2026,DB1788,Fishlake,Deer,Buck,General Season,Dedicated Hunter,Resident,9,dedicated_hunter,73,28,,,,,3,3,0,0,1,1.000000,,,1.000000,,,100.000,,-6,0,ABOVE CUTOFF,YELLOW,GREEN LIGHT,"2021,2022,2023,2024,2025",5,2025,2021,predictive,preference_dedicated_hunter_deer,TRUE,Forecasted from 2025 dedicated hunter ladder with residency quota split and preference carry-forward.,Dedicated Hunter,PREFERENCE_DEDICATED_HUNTER_DEER,MODELED_PREFERENCE,TARGET,True,Modeled by engine.utah_draw_predictive.dedicated_hunter.
hybrid_ml_v2.1.0,utah_preference_dedicated_hunter_deer_v1.0.0,2026,2026,DB1788,Fishlake,Deer,Buck,General Season,Dedicated Hunter,Resident,10,dedicated_hunter,73,28,,,,,3,3,0,0,1,1.000000,,,1.000000,,,100.000,,-7,0,ABOVE CUTOFF,YELLOW,GREEN LIGHT,"2021,2022,2023,2024,2025",5,2025,2021,predictive,preference_dedicated_hunter_deer,TRUE,Forecasted from 2025 dedicated hunter ladder with residency quota split and preference carry-forward.,Dedicated Hunter,PREFERENCE_DEDICATED_HUNTER_DEER,MODELED_PREFERENCE,TARGET,True,Modeled by engine.utah_draw_predictive.dedicated_hunter.
hybrid_ml_v2.1.0,utah_preference_dedicated_hunter_deer_v1.0.0,2026,2026,DB1788,Fishlake,Deer,Buck,General Season,Dedicated Hunter,Resident,11,dedicated_hunter,73,28,,,,,3,3,0,0,1,1.000000,,,1.000000,,,100.000,,-8,0,ABOVE CUTOFF,YELLOW,GREEN LIGHT,"2021,2022,2023,2024,2025",5,2025,2021,predictive,preference_dedicated_hunter_deer,TRUE,Forecasted from 2025 dedicated hunter ladder with residency quota split and preference carry-forward.,Dedicated Hunter,PREFERENCE_DEDICATED_HUNTER_DEER,MODELED_PREFERENCE,TARGET,True,Modeled by engine.utah_draw_predictive.dedicated_hunter.
hybrid_ml_v2.1.0,utah_preference_dedicated_hunter_deer_v1.0.0,2026,2026,DB1788,Fishlake,Deer,Buck,General Season,Dedicated Hunter,Resident,12,dedicated_hunter,73,28,,,,,3,3,0,0,1,1.000000,,,1.000000,,,100.000,,-9,0,ABOVE CUTOFF,YELLOW,GREEN LIGHT,"2021,2022,2023,2024,2025",5,2025,2021,predictive,preference_dedicated_hunter_deer,TRUE,Forecasted from 2025 dedicated hunter ladder with residency quota split and preference carry-forward.,Dedicated Hunter,PREFERENCE_DEDICATED_HUNTER_DEER,MODELED_PREFERENCE,TARGET,True,Modeled by engine.utah_draw_predictive.dedicated_hunter.
hybrid_ml_v2.1.0,utah_preference_dedicated_hunter_deer_v1.0.0,2026,2026,DB1788,Fishlake,Deer,Buck,General Season,Dedicated Hunter,Resident,13,dedicated_hunter,73,28,,,,,3,3,0,0,1,1.000000,,,1.000000,,,100.000,,-10,0,ABOVE CUTOFF,YELLOW,GREEN LIGHT,"2021,2022,2023,2024,2025",5,2025,2021,predictive,preference_dedicated_hunter_deer,TRUE,Forecasted from 2025 dedicated hunter ladder with residency quota split and preference carry-forward.,Dedicated Hunter,PREFERENCE_DEDICATED_HUNTER_DEER,MODELED_PREFERENCE,TARGET,True,Modeled by engine.utah_draw_predictive.dedicated_hunter.
hybrid_ml_v2.1.0,utah_preference_dedicated_hunter_deer_v1.0.0,2026,2026,DB1788,Fishlake,Deer,Buck,General Season,Dedicated Hunter,Resident,14,dedicated_hunter,73,28,,,,,3,3,0,0,1,1.000000,,,1.000000,,,100.000,,-11,0,ABOVE CUTOFF,YELLOW,GREEN LIGHT,"2021,2022,2023,2024,2025",5,2025,2021,predictive,preference_dedicated_hunter_deer,TRUE,Forecasted from 2025 dedicated hunter ladder with residency quota split and preference carry-forward.,Dedicated Hunter,PREFERENCE_DEDICATED_HUNTER_DEER,MODELED_PREFERENCE,TARGET,True,Modeled by engine.utah_draw_predictive.dedicated_hunter.
hybrid_ml_v2.1.0,utah_preference_dedicated_hunter_deer_v1.0.0,2026,2026,DB1788,Fishlake,Deer,Buck,General Season,Dedicated Hunter,Resident,15,dedicated_hunter,73,28,,,,,3,3,0,0,1,1.000000,,,1.000000,,,100.000,,-12,0,ABOVE CUTOFF,YELLOW,GREEN LIGHT,"2021,2022,2023,2024,2025",5,2025,2021,predictive,preference_dedicated_hunter_deer,TRUE,Forecasted from 2025 dedicated hunter ladder with residency quota split and preference carry-forward.,Dedicated Hunter,PREFERENCE_DEDICATED_HUNTER_DEER,MODELED_PREFERENCE,TARGET,True,Modeled by engine.utah_draw_predictive.dedicated_hunter.
hybrid_ml_v2.1.0,utah_preference_dedicated_hunter_deer_v1.0.0,2026,2026,DB1788,Fishlake,Deer,Buck,General Season,Dedicated Hunter,Resident,16,dedicated_hunter,73,28,,,,,3,3,0,0,1,1.000000,,,1.000000,,,100.000,,-13,0,ABOVE CUTOFF,YELLOW,GREEN LIGHT,"2021,2022,2023,2024,2025",5,2025,2021,predictive,preference_dedicated_hunter_deer,TRUE,Forecasted from 2025 dedicated hunter ladder with residency quota split and preference carry-forward.,Dedicated Hunter,PREFERENCE_DEDICATED_HUNTER_DEER,MODELED_PREFERENCE,TARGET,True,Modeled by engine.utah_draw_predictive.dedicated_hunter.
hybrid_ml_v2.1.0,utah_preference_dedicated_hunter_deer_v1.0.0,2026,2026,DB1788,Fishlake,Deer,Buck,General Season,Dedicated Hunter,Resident,17,dedicated_hunter,73,28,,,,,3,3,0,0,1,1.000000,,,1.000000,,,100.000,,-14,0,ABOVE CUTOFF,YELLOW,GREEN LIGHT,"2021,2022,2023,2024,2025",5,2025,2021,predictive,preference_dedicated_hunter_deer,TRUE,Forecasted from 2025 dedicated hunter ladder with residency quota split and preference carry-forward.,Dedicated Hunter,PREFERENCE_DEDICATED_HUNTER_DEER,MODELED_PREFERENCE,TARGET,True,Modeled by engine.utah_draw_predictive.dedicated_hunter.
hybrid_ml_v2.1.0,utah_preference_dedicated_hunter_deer_v1.0.0,2026,2026,DB1788,Fishlake,Deer,Buck,General Season,Dedicated Hunter,Resident,18,dedicated_hunter,73,28,,,,,3,3,0,0,1,1.000000,,,1.000000,,,100.000,,-15,0,ABOVE CUTOFF,YELLOW,GREEN LIGHT,"2021,2022,2023,2024,2025",5,2025,2021,predictive,preference_dedicated_hunter_deer,TRUE,Forecasted from 2025 dedicated hunter ladder with residency quota split and preference carry-forward.,Dedicated Hunter,PREFERENCE_DEDICATED_HUNTER_DEER,MODELED_PREFERENCE,TARGET,True,Modeled by engine.utah_draw_predictive.dedicated_hunter.
hybrid_ml_v2.1.0,utah_preference_dedicated_hunter_deer_v1.0.0,2026,2026,DB1788,Fishlake,Deer,Buck,General Season,Dedicated Hunter,Resident,19,dedicated_hunter,73,28,,,,,3,3,0,0,1,1.000000,,,1.000000,,,100.000,,-16,0,ABOVE CUTOFF,YELLOW,GREEN LIGHT,"2021,2022,2023,2024,2025",5,2025,2021,predictive,preference_dedicated_hunter_deer,TRUE,Forecasted from 2025 dedicated hunter ladder with residency quota split and preference carry-forward.,Dedicated Hunter,PREFERENCE_DEDICATED_HUNTER_DEER,MODELED_PREFERENCE,TARGET,True,Modeled by engine.utah_draw_predictive.dedicated_hunter.
hybrid_ml_v2.1.0,utah_preference_dedicated_hunter_deer_v1.0.0,2026,2026,DB1788,Fishlake,Deer,Buck,General Season,Dedicated Hunter,Resident,20,dedicated_hunter,73,28,,,,,3,3,0,0,1,1.000000,,,1.000000,,,100.000,,-17,0,ABOVE CUTOFF,YELLOW,GREEN LIGHT,"2021,2022,2023,2024,2025",5,2025,2021,predictive,preference_dedicated_hunter_deer,TRUE,Forecasted from 2025 dedicated hunter ladder with residency quota split and preference carry-forward.,Dedicated Hunter,PREFERENCE_DEDICATED_HUNTER_DEER,MODELED_PREFERENCE,TARGET,True,Modeled by engine.utah_draw_predictive.dedicated_hunter.
hybrid_ml_v2.1.0,utah_preference_dedicated_hunter_deer_v1.0.0,2026,2026,DB1788,Fishlake,Deer,Buck,General Season,Dedicated Hunter,Resident,21,dedicated_hunter,73,28,,,,,3,3,0,0,1,1.000000,,,1.000000,,,100.000,,-18,0,ABOVE CUTOFF,YELLOW,GREEN LIGHT,"2021,2022,2023,2024,2025",5,2025,2021,predictive,preference_dedicated_hunter_deer,TRUE,Forecasted from 2025 dedicated hunter ladder with residency quota split and preference carry-forward.,Dedicated Hunter,PREFERENCE_DEDICATED_HUNTER_DEER,MODELED_PREFERENCE,TARGET,True,Modeled by engine.utah_draw_predictive.dedicated_hunter.
hybrid_ml_v2.1.0,utah_preference_dedicated_hunter_deer_v1.0.0,2026,2026,DB1788,Fishlake,Deer,Buck,General Season,Dedicated Hunter,Resident,22,dedicated_hunter,73,28,,,,,3,3,0,0,1,1.000000,,,1.000000,,,100.000,,-19,0,ABOVE CUTOFF,YELLOW,GREEN LIGHT,"2021,2022,2023,2024,2025",5,2025,2021,predictive,preference_dedicated_hunter_deer,TRUE,Forecasted from 2025 dedicated hunter ladder with residency quota split and preference carry-forward.,Dedicated Hunter,PREFERENCE_DEDICATED_HUNTER_DEER,MODELED_PREFERENCE,TARGET,True,Modeled by engine.utah_draw_predictive.dedicated_hunter.
hybrid_ml_v2.1.0,utah_preference_dedicated_hunter_deer_v1.0.0,2026,2026,DB1788,Fishlake,Deer,Buck,General Season,Dedicated Hunter,Resident,23,dedicated_hunter,73,28,,,,,3,3,0,0,1,1.000000,,,1.000000,,,100.000,,-20,0,ABOVE CUTOFF,YELLOW,GREEN LIGHT,"2021,2022,2023,2024,2025",5,2025,2021,predictive,preference_dedicated_hunter_deer,TRUE,Forecasted from 2025 dedicated hunter ladder with residency quota split and preference carry-forward.,Dedicated Hunter,PREFERENCE_DEDICATED_HUNTER_DEER,MODELED_PREFERENCE,TARGET,True,Modeled by engine.utah_draw_predictive.dedicated_hunter.
hybrid_ml_v2.1.0,utah_preference_dedicated_hunter_deer_v1.0.0,2026,2026,DB1788,Fishlake,Deer,Buck,General Season,Dedicated Hunter,Resident,24,dedicated_hunter,73,28,,,,,3,3,0,0,1,1.000000,,,1.000000,,,100.000,,-21,0,ABOVE CUTOFF,YELLOW,GREEN LIGHT,"2021,2022,2023,2024,2025",5,2025,2021,predictive,preference_dedicated_hunter_deer,TRUE,Forecasted from 2025 dedicated hunter ladder with residency quota split and preference carry-forward.,Dedicated Hunter,PREFERENCE_DEDICATED_HUNTER_DEER,MODELED_PREFERENCE,TARGET,True,Modeled by engine.utah_draw_predictive.dedicated_hunter.
hybrid_ml_v2.1.0,utah_preference_dedicated_hunter_deer_v1.0.0,2026,2026,DB1790,"San Juan, Abajo Mtns",Deer,Buck,General Season,Dedicated Hunter,Nonresident,0,dedicated_hunter,16,11,,,,,0,,0,13,13,0.846154,,,0.846154,,,84.615,,,,ON EDGE,RED,MAY DRAW IN 5-10 YEARS,"2021,2022,2023,2024,2025",5,2025,2021,predictive,preference_dedicated_hunter_deer,TRUE,Forecasted from 2025 dedicated hunter ladder with residency quota split and preference carry-forward.,Dedicated Hunter,PREFERENCE_DEDICATED_HUNTER_DEER,MODELED_PREFERENCE,TARGET,True,Modeled by engine.utah_draw_predictive.dedicated_hunter.
hybrid_ml_v2.1.0,utah_preference_dedicated_hunter_deer_v1.0.0,2026,2026,DB1790,"San Juan, Abajo Mtns",Deer,Buck,General Season,Dedicated Hunter,Nonresident,1,dedicated_hunter,16,11,,,,,0,,0,0,1,1.000000,,,1.000000,,,100.000,,,,ABOVE CUTOFF,RED,GREEN LIGHT,"2021,2022,2023,2024,2025",5,2025,2021,predictive,preference_dedicated_hunter_deer,TRUE,Forecasted from 2025 dedicated hunter ladder with residency quota split and preference carry-forward.,Dedicated Hunter,PREFERENCE_DEDICATED_HUNTER_DEER,MODELED_PREFERENCE,TARGET,True,Modeled by engine.utah_draw_predictive.dedicated_hunter.
hybrid_ml_v2.1.0,utah_preference_dedicated_hunter_deer_v1.0.0,2026,2026,DB1790,"San Juan, Abajo Mtns",Deer,Buck,General Season,Dedicated Hunter,Nonresident,2,dedicated_hunter,16,11,,,,,0,,0,0,1,1.000000,,,1.000000,,,100.000,,,,ABOVE CUTOFF,RED,GREEN LIGHT,"2021,2022,2023,2024,2025",5,2025,2021,predictive,preference_dedicated_hunter_deer,TRUE,Forecasted from 2025 dedicated hunter ladder with residency quota split and preference carry-forward.,Dedicated Hunter,PREFERENCE_DEDICATED_HUNTER_DEER,MODELED_PREFERENCE,TARGET,True,Modeled by engine.utah_draw_predictive.dedicated_hunter.
hybrid_ml_v2.1.0,utah_preference_dedicated_hunter_deer_v1.0.0,2026,2026,DB1790,"San Juan, Abajo Mtns",Deer,Buck,General Season,Dedicated Hunter,Nonresident,3,dedicated_hunter,16,11,,,,,0,,0,0,1,1.000000,,,1.000000,,,100.000,,,,ABOVE CUTOFF,RED,GREEN LIGHT,"2021,2022,2023,2024,2025",5,2025,2021,predictive,preference_dedicated_hunter_deer,TRUE,Forecasted from 2025 dedicated hunter ladder with residency quota split and preference carry-forward.,Dedicated Hunter,PREFERENCE_DEDICATED_HUNTER_DEER,MODELED_PREFERENCE,TARGET,True,Modeled by engine.utah_draw_predictive.dedicated_hunter.
hybrid_ml_v2.1.0,utah_preference_dedicated_hunter_deer_v1.0.0,2026,2026,DB1790,"San Juan, Abajo Mtns",Deer,Buck,General Season,Dedicated Hunter,Nonresident,4,dedicated_hunter,16,11,,,,,0,,0,0,1,1.000000,,,1.000000,,,100.000,,,,ABOVE CUTOFF,RED,GREEN LIGHT,"2021,2022,2023,2024,2025",5,2025,2021,predictive,preference_dedicated_hunter_deer,TRUE,Forecasted from 2025 dedicated hunter ladder with residency quota split and preference carry-forward.,Dedicated Hunter,PREFERENCE_DEDICATED_HUNTER_DEER,MODELED_PREFERENCE,TARGET,True,Modeled by engine.utah_draw_predictive.dedicated_hunter.
hybrid_ml_v2.1.0,utah_preference_dedicated_hunter_deer_v1.0.0,2026,2026,DB1790,"San Juan, Abajo Mtns",Deer,Buck,General Season,Dedicated Hunter,Nonresident,5,dedicated_hunter,16,11,,,,,0,,0,0,1,1.000000,,,1.000000,,,100.000,,,,ABOVE CUTOFF,RED,GREEN LIGHT,"2021,2022,2023,2024,2025",5,2025,2021,predictive,preference_dedicated_hunter_deer,TRUE,Forecasted from 2025 dedicated hunter ladder with residency quota split and preference carry-forward.,Dedicated Hunter,PREFERENCE_DEDICATED_HUNTER_DEER,MODELED_PREFERENCE,TARGET,True,Modeled by engine.utah_draw_predictive.dedicated_hunter.
hybrid_ml_v2.1.0,utah_preference_dedicated_hunter_deer_v1.0.0,2026,2026,DB1790,"San Juan, Abajo Mtns",Deer,Buck,General Season,Dedicated Hunter,Nonresident,6,dedicated_hunter,16,11,,,,,0,,0,0,1,1.000000,,,1.000000,,,100.000,,,,ABOVE CUTOFF,RED,GREEN LIGHT,"2021,2022,2023,2024,2025",5,2025,2021,predictive,preference_dedicated_hunter_deer,TRUE,Forecasted from 2025 dedicated hunter ladder with residency quota split and preference carry-forward.,Dedicated Hunter,PREFERENCE_DEDICATED_HUNTER_DEER,MODELED_PREFERENCE,TARGET,True,Modeled by engine.utah_draw_predictive.dedicated_hunter.
hybrid_ml_v2.1.0,utah_preference_dedicated_hunter_deer_v1.0.0,2026,2026,DB1790,"San Juan, Abajo Mtns",Deer,Buck,General Season,Dedicated Hunter,Nonresident,7,dedicated_hunter,16,11,,,,,0,,0,0,1,1.000000,,,1.000000,,,100.000,,,,ABOVE CUTOFF,RED,GREEN LIGHT,"2021,2022,2023,2024,2025",5,2025,2021,predictive,preference_dedicated_hunter_deer,TRUE,Forecasted from 2025 dedicated hunter ladder with residency quota split and preference carry-forward.,Dedicated Hunter,PREFERENCE_DEDICATED_HUNTER_DEER,MODELED_PREFERENCE,TARGET,True,Modeled by engine.utah_draw_predictive.dedicated_hunter.
hybrid_ml_v2.1.0,utah_preference_dedicated_hunter_deer_v1.0.0,2026,2026,DB1790,"San Juan, Abajo Mtns",Deer,Buck,General Season,Dedicated Hunter,Nonresident,8,dedicated_hunter,16,11,,,,,0,,0,0,1,1.000000,,,1.000000,,,100.000,,,,ABOVE CUTOFF,RED,GREEN LIGHT,"2021,2022,2023,2024,2025",5,2025,2021,predictive,preference_dedicated_hunter_deer,TRUE,Forecasted from 2025 dedicated hunter ladder with residency quota split and preference carry-forward.,Dedicated Hunter,PREFERENCE_DEDICATED_HUNTER_DEER,MODELED_PREFERENCE,TARGET,True,Modeled by engine.utah_draw_predictive.dedicated_hunter.
hybrid_ml_v2.1.0,utah_preference_dedicated_hunter_deer_v1.0.0,2026,2026,DB1790,"San Juan, Abajo Mtns",Deer,Buck,General Season,Dedicated Hunter,Nonresident,9,dedicated_hunter,16,11,,,,,0,,0,0,1,1.000000,,,1.000000,,,100.000,,,,ABOVE CUTOFF,RED,GREEN LIGHT,"2021,2022,2023,2024,2025",5,2025,2021,predictive,preference_dedicated_hunter_deer,TRUE,Forecasted from 2025 dedicated hunter ladder with residency quota split and preference carry-forward.,Dedicated Hunter,PREFERENCE_DEDICATED_HUNTER_DEER,MODELED_PREFERENCE,TARGET,True,Modeled by engine.utah_draw_predictive.dedicated_hunter.
hybrid_ml_v2.1.0,utah_preference_dedicated_hunter_deer_v1.0.0,2026,2026,DB1790,"San Juan, Abajo Mtns",Deer,Buck,General Season,Dedicated Hunter,Nonresident,10,dedicated_hunter,16,11,,,,,0,,0,0,1,1.000000,,,1.000000,,,100.000,,,,ABOVE CUTOFF,RED,GREEN LIGHT,"2021,2022,2023,2024,2025",5,2025,2021,predictive,preference_dedicated_hunter_deer,TRUE,Forecasted from 2025 dedicated hunter ladder with residency quota split and preference carry-forward.,Dedicated Hunter,PREFERENCE_DEDICATED_HUNTER_DEER,MODELED_PREFERENCE,TARGET,True,Modeled by engine.utah_draw_predictive.dedicated_hunter.
hybrid_ml_v2.1.0,utah_preference_dedicated_hunter_deer_v1.0.0,2026,2026,DB1790,"San Juan, Abajo Mtns",Deer,Buck,General Season,Dedicated Hunter,Nonresident,11,dedicated_hunter,16,11,,,,,0,,0,0,1,1.000000,,,1.000000,,,100.000,,,,ABOVE CUTOFF,RED,GREEN LIGHT,"2021,2022,2023,2024,2025",5,2025,2021,predictive,preference_dedicated_hunter_deer,TRUE,Forecasted from 2025 dedicated hunter ladder with residency quota split and preference carry-forward.,Dedicated Hunter,PREFERENCE_DEDICATED_HUNTER_DEER,MODELED_PREFERENCE,TARGET,True,Modeled by engine.utah_draw_predictive.dedicated_hunter.
hybrid_ml_v2.1.0,utah_preference_dedicated_hunter_deer_v1.0.0,2026,2026,DB1790,"San Juan, Abajo Mtns",Deer,Buck,General Season,Dedicated Hunter,Nonresident,12,dedicated_hunter,16,11,,,,,0,,0,0,1,1.000000,,,1.000000,,,100.000,,,,ABOVE CUTOFF,RED,GREEN LIGHT,"2021,2022,2023,2024,2025",5,2025,2021,predictive,preference_dedicated_hunter_deer,TRUE,Forecasted from 2025 dedicated hunter ladder with residency quota split and preference carry-forward.,Dedicated Hunter,PREFERENCE_DEDICATED_HUNTER_DEER,MODELED_PREFERENCE,TARGET,True,Modeled by engine.utah_draw_predictive.dedicated_hunter.
hybrid_ml_v2.1.0,utah_preference_dedicated_hunter_deer_v1.0.0,2026,2026,DB1790,"San Juan, Abajo Mtns",Deer,Buck,General Season,Dedicated Hunter,Nonresident,13,dedicated_hunter,16,11,,,,,0,,0,0,1,1.000000,,,1.000000,,,100.000,,,,ABOVE CUTOFF,RED,GREEN LIGHT,"2021,2022,2023,2024,2025",5,2025,2021,predictive,preference_dedicated_hunter_deer,TRUE,Forecasted from 2025 dedicated hunter ladder with residency quota split and preference carry-forward.,Dedicated Hunter,PREFERENCE_DEDICATED_HUNTER_DEER,MODELED_PREFERENCE,TARGET,True,Modeled by engine.utah_draw_predictive.dedicated_hunter.
hybrid_ml_v2.1.0,utah_preference_dedicated_hunter_deer_v1.0.0,2026,2026,DB1790,"San Juan, Abajo Mtns",Deer,Buck,General Season,Dedicated Hunter,Nonresident,14,dedicated_hunter,16,11,,,,,0,,0,0,1,1.000000,,,1.000000,,,100.000,,,,ABOVE CUTOFF,RED,GREEN LIGHT,"2021,2022,2023,2024,2025",5,2025,2021,predictive,preference_dedicated_hunter_deer,TRUE,Forecasted from 2025 dedicated hunter ladder with residency quota split and preference carry-forward.,Dedicated Hunter,PREFERENCE_DEDICATED_HUNTER_DEER,MODELED_PREFERENCE,TARGET,True,Modeled by engine.utah_draw_predictive.dedicated_hunter.
hybrid_ml_v2.1.0,utah_preference_dedicated_hunter_deer_v1.0.0,2026,2026,DB1790,"San Juan, Abajo Mtns",Deer,Buck,General Season,Dedicated Hunter,Nonresident,15,dedicated_hunter,16,11,,,,,0,,0,0,1,1.000000,,,1.000000,,,100.000,,,,ABOVE CUTOFF,RED,GREEN LIGHT,"2021,2022,2023,2024,2025",5,2025,2021,predictive,preference_dedicated_hunter_deer,TRUE,Forecasted from 2025 dedicated hunter ladder with residency quota split and preference carry-forward.,Dedicated Hunter,PREFERENCE_DEDICATED_HUNTER_DEER,MODELED_PREFERENCE,TARGET,True,Modeled by engine.utah_draw_predictive.dedicated_hunter.
hybrid_ml_v2.1.0,utah_preference_dedicated_hunter_deer_v1.0.0,2026,2026,DB1790,"San Juan, Abajo Mtns",Deer,Buck,General Season,Dedicated Hunter,Nonresident,16,dedicated_hunter,16,11,,,,,0,,0,0,1,1.000000,,,1.000000,,,100.000,,,,ABOVE CUTOFF,RED,GREEN LIGHT,"2021,2022,2023,2024,2025",5,2025,2021,predictive,preference_dedicated_hunter_deer,TRUE,Forecasted from 2025 dedicated hunter ladder with residency quota split and preference carry-forward.,Dedicated Hunter,PREFERENCE_DEDICATED_HUNTER_DEER,MODELED_PREFERENCE,TARGET,True,Modeled by engine.utah_draw_predictive.dedicated_hunter.
hybrid_ml_v2.1.0,utah_preference_dedicated_hunter_deer_v1.0.0,2026,2026,DB1790,"San Juan, Abajo Mtns",Deer,Buck,General Season,Dedicated Hunter,Nonresident,17,dedicated_hunter,16,11,,,,,0,,0,0,1,1.000000,,,1.000000,,,100.000,,,,ABOVE CUTOFF,RED,GREEN LIGHT,"2021,2022,2023,2024,2025",5,2025,2021,predictive,preference_dedicated_hunter_deer,TRUE,Forecasted from 2025 dedicated hunter ladder with residency quota split and preference carry-forward.,Dedicated Hunter,PREFERENCE_DEDICATED_HUNTER_DEER,MODELED_PREFERENCE,TARGET,True,Modeled by engine.utah_draw_predictive.dedicated_hunter.
hybrid_ml_v2.1.0,utah_preference_dedicated_hunter_deer_v1.0.0,2026,2026,DB1790,"San Juan, Abajo Mtns",Deer,Buck,General Season,Dedicated Hunter,Nonresident,18,dedicated_hunter,16,11,,,,,0,,0,0,1,1.000000,,,1.000000,,,100.000,,,,ABOVE CUTOFF,RED,GREEN LIGHT,"2021,2022,2023,2024,2025",5,2025,2021,predictive,preference_dedicated_hunter_deer,TRUE,Forecasted from 2025 dedicated hunter ladder with residency quota split and preference carry-forward.,Dedicated Hunter,PREFERENCE_DEDICATED_HUNTER_DEER,MODELED_PREFERENCE,TARGET,True,Modeled by engine.utah_draw_predictive.dedicated_hunter.
hybrid_ml_v2.1.0,utah_preference_dedicated_hunter_deer_v1.0.0,2026,2026,DB1790,"San Juan, Abajo Mtns",Deer,Buck,General Season,Dedicated Hunter,Nonresident,19,dedicated_hunter,16,11,,,,,0,,0,0,1,1.000000,,,1.000000,,,100.000,,,,ABOVE CUTOFF,RED,GREEN LIGHT,"2021,2022,2023,2024,2025",5,2025,2021,predictive,preference_dedicated_hunter_deer,TRUE,Forecasted from 2025 dedicated hunter ladder with residency quota split and preference carry-forward.,Dedicated Hunter,PREFERENCE_DEDICATED_HUNTER_DEER,MODELED_PREFERENCE,TARGET,True,Modeled by engine.utah_draw_predictive.dedicated_hunter.
hybrid_ml_v2.1.0,utah_preference_dedicated_hunter_deer_v1.0.0,2026,2026,DB1790,"San Juan, Abajo Mtns",Deer,Buck,General Season,Dedicated Hunter,Nonresident,20,dedicated_hunter,16,11,,,,,0,,0,0,1,1.000000,,,1.000000,,,100.000,,,,ABOVE CUTOFF,RED,GREEN LIGHT,"2021,2022,2023,2024,2025",5,2025,2021,predictive,preference_dedicated_hunter_deer,TRUE,Forecasted from 2025 dedicated hunter ladder with residency quota split and preference carry-forward.,Dedicated Hunter,PREFERENCE_DEDICATED_HUNTER_DEER,MODELED_PREFERENCE,TARGET,True,Modeled by engine.utah_draw_predictive.dedicated_hunter.
hybrid_ml_v2.1.0,utah_preference_dedicated_hunter_deer_v1.0.0,2026,2026,DB1790,"San Juan, Abajo Mtns",Deer,Buck,General Season,Dedicated Hunter,Nonresident,21,dedicated_hunter,16,11,,,,,0,,0,0,1,1.000000,,,1.000000,,,100.000,,,,ABOVE CUTOFF,RED,GREEN LIGHT,"2021,2022,2023,2024,2025",5,2025,2021,predictive,preference_dedicated_hunter_deer,TRUE,Forecasted from 2025 dedicated hunter ladder with residency quota split and preference carry-forward.,Dedicated Hunter,PREFERENCE_DEDICATED_HUNTER_DEER,MODELED_PREFERENCE,TARGET,True,Modeled by engine.utah_draw_predictive.dedicated_hunter.
hybrid_ml_v2.1.0,utah_preference_dedicated_hunter_deer_v1.0.0,2026,2026,DB1790,"San Juan, Abajo Mtns",Deer,Buck,General Season,Dedicated Hunter,Nonresident,22,dedicated_hunter,16,11,,,,,0,,0,0,1,1.000000,,,1.000000,,,100.000,,,,ABOVE CUTOFF,RED,GREEN LIGHT,"2021,2022,2023,2024,2025",5,2025,2021,predictive,preference_dedicated_hunter_deer,TRUE,Forecasted from 2025 dedicated hunter ladder with residency quota split and preference carry-forward.,Dedicated Hunter,PREFERENCE_DEDICATED_HUNTER_DEER,MODELED_PREFERENCE,TARGET,True,Modeled by engine.utah_draw_predictive.dedicated_hunter.
hybrid_ml_v2.1.0,utah_preference_dedicated_hunter_deer_v1.0.0,2026,2026,DB1790,"San Juan, Abajo Mtns",Deer,Buck,General Season,Dedicated Hunter,Nonresident,23,dedicated_hunter,16,11,,,,,0,,0,0,1,1.000000,,,1.000000,,,100.000,,,,ABOVE CUTOFF,RED,GREEN LIGHT,"2021,2022,2023,2024,2025",5,2025,2021,predictive,preference_dedicated_hunter_deer,TRUE,Forecasted from 2025 dedicated hunter ladder with residency quota split and preference carry-forward.,Dedicated Hunter,PREFERENCE_DEDICATED_HUNTER_DEER,MODELED_PREFERENCE,TARGET,True,Modeled by engine.utah_draw_predictive.dedicated_hunter.
hybrid_ml_v2.1.0,utah_preference_dedicated_hunter_deer_v1.0.0,2026,2026,DB1790,"San Juan, Abajo Mtns",Deer,Buck,General Season,Dedicated Hunter,Nonresident,24,dedicated_hunter,16,11,,,,,0,,0,0,1,1.000000,,,1.000000,,,100.000,,,,ABOVE CUTOFF,RED,GREEN LIGHT,"2021,2022,2023,2024,2025",5,2025,2021,predictive,preference_dedicated_hunter_deer,TRUE,Forecasted from 2025 dedicated hunter ladder with residency quota split and preference carry-forward.,Dedicated Hunter,PREFERENCE_DEDICATED_HUNTER_DEER,MODELED_PREFERENCE,TARGET,True,Modeled by engine.utah_draw_predictive.dedicated_hunter.
hybrid_ml_v2.1.0,utah_preference_dedicated_hunter_deer_v1.0.0,2026,2026,DB1790,"San Juan, Abajo Mtns",Deer,Buck,General Season,Dedicated Hunter,Resident,0,dedicated_hunter,58,44,,,,,0,,0,47,47,0.936170,,,0.936170,,,93.617,,,,ON EDGE,RED,GREEN LIGHT,"2021,2022,2023,2024,2025",5,2025,2021,predictive,preference_dedicated_hunter_deer,TRUE,Forecasted from 2025 dedicated hunter ladder with residency quota split and preference carry-forward.,Dedicated Hunter,PREFERENCE_DEDICATED_HUNTER_DEER,MODELED_PREFERENCE,TARGET,True,Modeled by engine.utah_draw_predictive.dedicated_hunter.
hybrid_ml_v2.1.0,utah_preference_dedicated_hunter_deer_v1.0.0,2026,2026,DB1790,"San Juan, Abajo Mtns",Deer,Buck,General Season,Dedicated Hunter,Resident,1,dedicated_hunter,58,44,,,,,0,,0,0,1,1.000000,,,1.000000,,,100.000,,,,ABOVE CUTOFF,RED,GREEN LIGHT,"2021,2022,2023,2024,2025",5,2025,2021,predictive,preference_dedicated_hunter_deer,TRUE,Forecasted from 2025 dedicated hunter ladder with residency quota split and preference carry-forward.,Dedicated Hunter,PREFERENCE_DEDICATED_HUNTER_DEER,MODELED_PREFERENCE,TARGET,True,Modeled by engine.utah_draw_predictive.dedicated_hunter.
hybrid_ml_v2.1.0,utah_preference_dedicated_hunter_deer_v1.0.0,2026,2026,DB1790,"San Juan, Abajo Mtns",Deer,Buck,General Season,Dedicated Hunter,Resident,2,dedicated_hunter,58,44,,,,,0,,0,0,1,1.000000,,,1.000000,,,100.000,,,,ABOVE CUTOFF,RED,GREEN LIGHT,"2021,2022,2023,2024,2025",5,2025,2021,predictive,preference_dedicated_hunter_deer,TRUE,Forecasted from 2025 dedicated hunter ladder with residency quota split and preference carry-forward.,Dedicated Hunter,PREFERENCE_DEDICATED_HUNTER_DEER,MODELED_PREFERENCE,TARGET,True,Modeled by engine.utah_draw_predictive.dedicated_hunter.
hybrid_ml_v2.1.0,utah_preference_dedicated_hunter_deer_v1.0.0,2026,2026,DB1790,"San Juan, Abajo Mtns",Deer,Buck,General Season,Dedicated Hunter,Resident,3,dedicated_hunter,58,44,,,,,0,,0,0,1,1.000000,,,1.000000,,,100.000,,,,ABOVE CUTOFF,RED,GREEN LIGHT,"2021,2022,2023,2024,2025",5,2025,2021,predictive,preference_dedicated_hunter_deer,TRUE,Forecasted from 2025 dedicated hunter ladder with residency quota split and preference carry-forward.,Dedicated Hunter,PREFERENCE_DEDICATED_HUNTER_DEER,MODELED_PREFERENCE,TARGET,True,Modeled by engine.utah_draw_predictive.dedicated_hunter.
hybrid_ml_v2.1.0,utah_preference_dedicated_hunter_deer_v1.0.0,2026,2026,DB1790,"San Juan, Abajo Mtns",Deer,Buck,General Season,Dedicated Hunter,Resident,4,dedicated_hunter,58,44,,,,,0,,0,0,1,1.000000,,,1.000000,,,100.000,,,,ABOVE CUTOFF,RED,GREEN LIGHT,"2021,2022,2023,2024,2025",5,2025,2021,predictive,preference_dedicated_hunter_deer,TRUE,Forecasted from 2025 dedicated hunter ladder with residency quota split and preference carry-forward.,Dedicated Hunter,PREFERENCE_DEDICATED_HUNTER_DEER,MODELED_PREFERENCE,TARGET,True,Modeled by engine.utah_draw_predictive.dedicated_hunter.
hybrid_ml_v2.1.0,utah_preference_dedicated_hunter_deer_v1.0.0,2026,2026,DB1790,"San Juan, Abajo Mtns",Deer,Buck,General Season,Dedicated Hunter,Resident,5,dedicated_hunter,58,44,,,,,0,,0,0,1,1.000000,,,1.000000,,,100.000,,,,ABOVE CUTOFF,RED,GREEN LIGHT,"2021,2022,2023,2024,2025",5,2025,2021,predictive,preference_dedicated_hunter_deer,TRUE,Forecasted from 2025 dedicated hunter ladder with residency quota split and preference carry-forward.,Dedicated Hunter,PREFERENCE_DEDICATED_HUNTER_DEER,MODELED_PREFERENCE,TARGET,True,Modeled by engine.utah_draw_predictive.dedicated_hunter.
hybrid_ml_v2.1.0,utah_preference_dedicated_hunter_deer_v1.0.0,2026,2026,DB1790,"San Juan, Abajo Mtns",Deer,Buck,General Season,Dedicated Hunter,Resident,6,dedicated_hunter,58,44,,,,,0,,0,0,1,1.000000,,,1.000000,,,100.000,,,,ABOVE CUTOFF,RED,GREEN LIGHT,"2021,2022,2023,2024,2025",5,2025,2021,predictive,preference_dedicated_hunter_deer,TRUE,Forecasted from 2025 dedicated hunter ladder with residency quota split and preference carry-forward.,Dedicated Hunter,PREFERENCE_DEDICATED_HUNTER_DEER,MODELED_PREFERENCE,TARGET,True,Modeled by engine.utah_draw_predictive.dedicated_hunter.
hybrid_ml_v2.1.0,utah_preference_dedicated_hunter_deer_v1.0.0,2026,2026,DB1790,"San Juan, Abajo Mtns",Deer,Buck,General Season,Dedicated Hunter,Resident,7,dedicated_hunter,58,44,,,,,0,,0,0,1,1.000000,,,1.000000,,,100.000,,,,ABOVE CUTOFF,RED,GREEN LIGHT,"2021,2022,2023,2024,2025",5,2025,2021,predictive,preference_dedicated_hunter_deer,TRUE,Forecasted from 2025 dedicated hunter ladder with residency quota split and preference carry-forward.,Dedicated Hunter,PREFERENCE_DEDICATED_HUNTER_DEER,MODELED_PREFERENCE,TARGET,True,Modeled by engine.utah_draw_predictive.dedicated_hunter.
hybrid_ml_v2.1.0,utah_preference_dedicated_hunter_deer_v1.0.0,2026,2026,DB1790,"San Juan, Abajo Mtns",Deer,Buck,General Season,Dedicated Hunter,Resident,8,dedicated_hunter,58,44,,,,,0,,0,0,1,1.000000,,,1.000000,,,100.000,,,,ABOVE CUTOFF,RED,GREEN LIGHT,"2021,2022,2023,2024,2025",5,2025,2021,predictive,preference_dedicated_hunter_deer,TRUE,Forecasted from 2025 dedicated hunter ladder with residency quota split and preference carry-forward.,Dedicated Hunter,PREFERENCE_DEDICATED_HUNTER_DEER,MODELED_PREFERENCE,TARGET,True,Modeled by engine.utah_draw_predictive.dedicated_hunter.
hybrid_ml_v2.1.0,utah_preference_dedicated_hunter_deer_v1.0.0,2026,2026,DB1790,"San Juan, Abajo Mtns",Deer,Buck,General Season,Dedicated Hunter,Resident,9,dedicated_hunter,58,44,,,,,0,,0,0,1,1.000000,,,1.000000,,,100.000,,,,ABOVE CUTOFF,RED,GREEN LIGHT,"2021,2022,2023,2024,2025",5,2025,2021,predictive,preference_dedicated_hunter_deer,TRUE,Forecasted from 2025 dedicated hunter ladder with residency quota split and preference carry-forward.,Dedicated Hunter,PREFERENCE_DEDICATED_HUNTER_DEER,MODELED_PREFERENCE,TARGET,True,Modeled by engine.utah_draw_predictive.dedicated_hunter.
hybrid_ml_v2.1.0,utah_preference_dedicated_hunter_deer_v1.0.0,2026,2026,DB1790,"San Juan, Abajo Mtns",Deer,Buck,General Season,Dedicated Hunter,Resident,10,dedicated_hunter,58,44,,,,,0,,0,0,1,1.000000,,,1.000000,,,100.000,,,,ABOVE CUTOFF,RED,GREEN LIGHT,"2021,2022,2023,2024,2025",5,2025,2021,predictive,preference_dedicated_hunter_deer,TRUE,Forecasted from 2025 dedicated hunter ladder with residency quota split and preference carry-forward.,Dedicated Hunter,PREFERENCE_DEDICATED_HUNTER_DEER,MODELED_PREFERENCE,TARGET,True,Modeled by engine.utah_draw_predictive.dedicated_hunter.
hybrid_ml_v2.1.0,utah_preference_dedicated_hunter_deer_v1.0.0,2026,2026,DB1790,"San Juan, Abajo Mtns",Deer,Buck,General Season,Dedicated Hunter,Resident,11,dedicated_hunter,58,44,,,,,0,,0,0,1,1.000000,,,1.000000,,,100.000,,,,ABOVE CUTOFF,RED,GREEN LIGHT,"2021,2022,2023,2024,2025",5,2025,2021,predictive,preference_dedicated_hunter_deer,TRUE,Forecasted from 2025 dedicated hunter ladder with residency quota split and preference carry-forward.,Dedicated Hunter,PREFERENCE_DEDICATED_HUNTER_DEER,MODELED_PREFERENCE,TARGET,True,Modeled by engine.utah_draw_predictive.dedicated_hunter.
hybrid_ml_v2.1.0,utah_preference_dedicated_hunter_deer_v1.0.0,2026,2026,DB1790,"San Juan, Abajo Mtns",Deer,Buck,General Season,Dedicated Hunter,Resident,12,dedicated_hunter,58,44,,,,,0,,0,0,1,1.000000,,,1.000000,,,100.000,,,,ABOVE CUTOFF,RED,GREEN LIGHT,"2021,2022,2023,2024,2025",5,2025,2021,predictive,preference_dedicated_hunter_deer,TRUE,Forecasted from 2025 dedicated hunter ladder with residency quota split and preference carry-forward.,Dedicated Hunter,PREFERENCE_DEDICATED_HUNTER_DEER,MODELED_PREFERENCE,TARGET,True,Modeled by engine.utah_draw_predictive.dedicated_hunter.
hybrid_ml_v2.1.0,utah_preference_dedicated_hunter_deer_v1.0.0,2026,2026,DB1790,"San Juan, Abajo Mtns",Deer,Buck,General Season,Dedicated Hunter,Resident,13,dedicated_hunter,58,44,,,,,0,,0,0,1,1.000000,,,1.000000,,,100.000,,,,ABOVE CUTOFF,RED,GREEN LIGHT,"2021,2022,2023,2024,2025",5,2025,2021,predictive,preference_dedicated_hunter_deer,TRUE,Forecasted from 2025 dedicated hunter ladder with residency quota split and preference carry-forward.,Dedicated Hunter,PREFERENCE_DEDICATED_HUNTER_DEER,MODELED_PREFERENCE,TARGET,True,Modeled by engine.utah_draw_predictive.dedicated_hunter.
hybrid_ml_v2.1.0,utah_preference_dedicated_hunter_deer_v1.0.0,2026,2026,DB1790,"San Juan, Abajo Mtns",Deer,Buck,General Season,Dedicated Hunter,Resident,14,dedicated_hunter,58,44,,,,,0,,0,0,1,1.000000,,,1.000000,,,100.000,,,,ABOVE CUTOFF,RED,GREEN LIGHT,"2021,2022,2023,2024,2025",5,2025,2021,predictive,preference_dedicated_hunter_deer,TRUE,Forecasted from 2025 dedicated hunter ladder with residency quota split and preference carry-forward.,Dedicated Hunter,PREFERENCE_DEDICATED_HUNTER_DEER,MODELED_PREFERENCE,TARGET,True,Modeled by engine.utah_draw_predictive.dedicated_hunter.
hybrid_ml_v2.1.0,utah_preference_dedicated_hunter_deer_v1.0.0,2026,2026,DB1790,"San Juan, Abajo Mtns",Deer,Buck,General Season,Dedicated Hunter,Resident,15,dedicated_hunter,58,44,,,,,0,,0,0,1,1.000000,,,1.000000,,,100.000,,,,ABOVE CUTOFF,RED,GREEN LIGHT,"2021,2022,2023,2024,2025",5,2025,2021,predictive,preference_dedicated_hunter_deer,TRUE,Forecasted from 2025 dedicated hunter ladder with residency quota split and preference carry-forward.,Dedicated Hunter,PREFERENCE_DEDICATED_HUNTER_DEER,MODELED_PREFERENCE,TARGET,True,Modeled by engine.utah_draw_predictive.dedicated_hunter.
hybrid_ml_v2.1.0,utah_preference_dedicated_hunter_deer_v1.0.0,2026,2026,DB1790,"San Juan, Abajo Mtns",Deer,Buck,General Season,Dedicated Hunter,Resident,16,dedicated_hunter,58,44,,,,,0,,0,0,1,1.000000,,,1.000000,,,100.000,,,,ABOVE CUTOFF,RED,GREEN LIGHT,"2021,2022,2023,2024,2025",5,2025,2021,predictive,preference_dedicated_hunter_deer,TRUE,Forecasted from 2025 dedicated hunter ladder with residency quota split and preference carry-forward.,Dedicated Hunter,PREFERENCE_DEDICATED_HUNTER_DEER,MODELED_PREFERENCE,TARGET,True,Modeled by engine.utah_draw_predictive.dedicated_hunter.
hybrid_ml_v2.1.0,utah_preference_dedicated_hunter_deer_v1.0.0,2026,2026,DB1790,"San Juan, Abajo Mtns",Deer,Buck,General Season,Dedicated Hunter,Resident,17,dedicated_hunter,58,44,,,,,0,,0,0,1,1.000000,,,1.000000,,,100.000,,,,ABOVE CUTOFF,RED,GREEN LIGHT,"2021,2022,2023,2024,2025",5,2025,2021,predictive,preference_dedicated_hunter_deer,TRUE,Forecasted from 2025 dedicated hunter ladder with residency quota split and preference carry-forward.,Dedicated Hunter,PREFERENCE_DEDICATED_HUNTER_DEER,MODELED_PREFERENCE,TARGET,True,Modeled by engine.utah_draw_predictive.dedicated_hunter.
hybrid_ml_v2.1.0,utah_preference_dedicated_hunter_deer_v1.0.0,2026,2026,DB1790,"San Juan, Abajo Mtns",Deer,Buck,General Season,Dedicated Hunter,Resident,18,dedicated_hunter,58,44,,,,,0,,0,0,1,1.000000,,,1.000000,,,100.000,,,,ABOVE CUTOFF,RED,GREEN LIGHT,"2021,2022,2023,2024,2025",5,2025,2021,predictive,preference_dedicated_hunter_deer,TRUE,Forecasted from 2025 dedicated hunter ladder with residency quota split and preference carry-forward.,Dedicated Hunter,PREFERENCE_DEDICATED_HUNTER_DEER,MODELED_PREFERENCE,TARGET,True,Modeled by engine.utah_draw_predictive.dedicated_hunter.
hybrid_ml_v2.1.0,utah_preference_dedicated_hunter_deer_v1.0.0,2026,2026,DB1790,"San Juan, Abajo Mtns",Deer,Buck,General Season,Dedicated Hunter,Resident,19,dedicated_hunter,58,44,,,,,0,,0,0,1,1.000000,,,1.000000,,,100.000,,,,ABOVE CUTOFF,RED,GREEN LIGHT,"2021,2022,2023,2024,2025",5,2025,2021,predictive,preference_dedicated_hunter_deer,TRUE,Forecasted from 2025 dedicated hunter ladder with residency quota split and preference carry-forward.,Dedicated Hunter,PREFERENCE_DEDICATED_HUNTER_DEER,MODELED_PREFERENCE,TARGET,True,Modeled by engine.utah_draw_predictive.dedicated_hunter.
hybrid_ml_v2.1.0,utah_preference_dedicated_hunter_deer_v1.0.0,2026,2026,DB1790,"San Juan, Abajo Mtns",Deer,Buck,General Season,Dedicated Hunter,Resident,20,dedicated_hunter,58,44,,,,,0,,0,0,1,1.000000,,,1.000000,,,100.000,,,,ABOVE CUTOFF,RED,GREEN LIGHT,"2021,2022,2023,2024,2025",5,2025,2021,predictive,preference_dedicated_hunter_deer,TRUE,Forecasted from 2025 dedicated hunter ladder with residency quota split and preference carry-forward.,Dedicated Hunter,PREFERENCE_DEDICATED_HUNTER_DEER,MODELED_PREFERENCE,TARGET,True,Modeled by engine.utah_draw_predictive.dedicated_hunter.
hybrid_ml_v2.1.0,utah_preference_dedicated_hunter_deer_v1.0.0,2026,2026,DB1790,"San Juan, Abajo Mtns",Deer,Buck,General Season,Dedicated Hunter,Resident,21,dedicated_hunter,58,44,,,,,0,,0,0,1,1.000000,,,1.000000,,,100.000,,,,ABOVE CUTOFF,RED,GREEN LIGHT,"2021,2022,2023,2024,2025",5,2025,2021,predictive,preference_dedicated_hunter_deer,TRUE,Forecasted from 2025 dedicated hunter ladder with residency quota split and preference carry-forward.,Dedicated Hunter,PREFERENCE_DEDICATED_HUNTER_DEER,MODELED_PREFERENCE,TARGET,True,Modeled by engine.utah_draw_predictive.dedicated_hunter.
hybrid_ml_v2.1.0,utah_preference_dedicated_hunter_deer_v1.0.0,2026,2026,DB1790,"San Juan, Abajo Mtns",Deer,Buck,General Season,Dedicated Hunter,Resident,22,dedicated_hunter,58,44,,,,,0,,0,0,1,1.000000,,,1.000000,,,100.000,,,,ABOVE CUTOFF,RED,GREEN LIGHT,"2021,2022,2023,2024,2025",5,2025,2021,predictive,preference_dedicated_hunter_deer,TRUE,Forecasted from 2025 dedicated hunter ladder with residency quota split and preference carry-forward.,Dedicated Hunter,PREFERENCE_DEDICATED_HUNTER_DEER,MODELED_PREFERENCE,TARGET,True,Modeled by engine.utah_draw_predictive.dedicated_hunter.
hybrid_ml_v2.1.0,utah_preference_dedicated_hunter_deer_v1.0.0,2026,2026,DB1790,"San Juan, Abajo Mtns",Deer,Buck,General Season,Dedicated Hunter,Resident,23,dedicated_hunter,58,44,,,,,0,,0,0,1,1.000000,,,1.000000,,,100.000,,,,ABOVE CUTOFF,RED,GREEN LIGHT,"2021,2022,2023,2024,2025",5,2025,2021,predictive,preference_dedicated_hunter_deer,TRUE,Forecasted from 2025 dedicated hunter ladder with residency quota split and preference carry-forward.,Dedicated Hunter,PREFERENCE_DEDICATED_HUNTER_DEER,MODELED_PREFERENCE,TARGET,True,Modeled by engine.utah_draw_predictive.dedicated_hunter.
hybrid_ml_v2.1.0,utah_preference_dedicated_hunter_deer_v1.0.0,2026,2026,DB1790,"San Juan, Abajo Mtns",Deer,Buck,General Season,Dedicated Hunter,Resident,24,dedicated_hunter,58,44,,,,,0,,0,0,1,1.000000,,,1.000000,,,100.000,,,,ABOVE CUTOFF,RED,GREEN LIGHT,"2021,2022,2023,2024,2025",5,2025,2021,predictive,preference_dedicated_hunter_deer,TRUE,Forecasted from 2025 dedicated hunter ladder with residency quota split and preference carry-forward.,Dedicated Hunter,PREFERENCE_DEDICATED_HUNTER_DEER,MODELED_PREFERENCE,TARGET,True,Modeled by engine.utah_draw_predictive.dedicated_hunter.
hybrid_ml_v2.1.0,utah_preference_dedicated_hunter_deer_v1.0.0,2026,2026,DB1791,Vernal/Bonanza,Deer,Buck,General Season,Dedicated Hunter,Nonresident,0,dedicated_hunter,3,1,,,,,0,,0,3,3,0.333333,,,0.333333,,,33.333,,,,ON EDGE,RED,MAY DRAW IN 5-10 YEARS,"2021,2022,2023,2024,2025",5,2025,2021,predictive,preference_dedicated_hunter_deer,TRUE,Forecasted from 2025 dedicated hunter ladder with residency quota split and preference carry-forward.,Dedicated Hunter,PREFERENCE_DEDICATED_HUNTER_DEER,MODELED_PREFERENCE,TARGET,True,Modeled by engine.utah_draw_predictive.dedicated_hunter.
hybrid_ml_v2.1.0,utah_preference_dedicated_hunter_deer_v1.0.0,2026,2026,DB1791,Vernal/Bonanza,Deer,Buck,General Season,Dedicated Hunter,Nonresident,1,dedicated_hunter,3,1,,,,,0,,0,0,1,1.000000,,,1.000000,,,100.000,,,,ABOVE CUTOFF,RED,GREEN LIGHT,"2021,2022,2023,2024,2025",5,2025,2021,predictive,preference_dedicated_hunter_deer,TRUE,Forecasted from 2025 dedicated hunter ladder with residency quota split and preference carry-forward.,Dedicated Hunter,PREFERENCE_DEDICATED_HUNTER_DEER,MODELED_PREFERENCE,TARGET,True,Modeled by engine.utah_draw_predictive.dedicated_hunter.
hybrid_ml_v2.1.0,utah_preference_dedicated_hunter_deer_v1.0.0,2026,2026,DB1791,Vernal/Bonanza,Deer,Buck,General Season,Dedicated Hunter,Nonresident,2,dedicated_hunter,3,1,,,,,0,,0,0,1,1.000000,,,1.000000,,,100.000,,,,ABOVE CUTOFF,RED,GREEN LIGHT,"2021,2022,2023,2024,2025",5,2025,2021,predictive,preference_dedicated_hunter_deer,TRUE,Forecasted from 2025 dedicated hunter ladder with residency quota split and preference carry-forward.,Dedicated Hunter,PREFERENCE_DEDICATED_HUNTER_DEER,MODELED_PREFERENCE,TARGET,True,Modeled by engine.utah_draw_predictive.dedicated_hunter.
hybrid_ml_v2.1.0,utah_preference_dedicated_hunter_deer_v1.0.0,2026,2026,DB1791,Vernal/Bonanza,Deer,Buck,General Season,Dedicated Hunter,Nonresident,3,dedicated_hunter,3,1,,,,,0,,0,0,1,1.000000,,,1.000000,,,100.000,,,,ABOVE CUTOFF,RED,GREEN LIGHT,"2021,2022,2023,2024,2025",5,2025,2021,predictive,preference_dedicated_hunter_deer,TRUE,Forecasted from 2025 dedicated hunter ladder with residency quota split and preference carry-forward.,Dedicated Hunter,PREFERENCE_DEDICATED_HUNTER_DEER,MODELED_PREFERENCE,TARGET,True,Modeled by engine.utah_draw_predictive.dedicated_hunter.
hybrid_ml_v2.1.0,utah_preference_dedicated_hunter_deer_v1.0.0,2026,2026,DB1791,Vernal/Bonanza,Deer,Buck,General Season,Dedicated Hunter,Nonresident,4,dedicated_hunter,3,1,,,,,0,,0,0,1,1.000000,,,1.000000,,,100.000,,,,ABOVE CUTOFF,RED,GREEN LIGHT,"2021,2022,2023,2024,2025",5,2025,2021,predictive,preference_dedicated_hunter_deer,TRUE,Forecasted from 2025 dedicated hunter ladder with residency quota split and preference carry-forward.,Dedicated Hunter,PREFERENCE_DEDICATED_HUNTER_DEER,MODELED_PREFERENCE,TARGET,True,Modeled by engine.utah_draw_predictive.dedicated_hunter.
hybrid_ml_v2.1.0,utah_preference_dedicated_hunter_deer_v1.0.0,2026,2026,DB1791,Vernal/Bonanza,Deer,Buck,General Season,Dedicated Hunter,Nonresident,5,dedicated_hunter,3,1,,,,,0,,0,0,1,1.000000,,,1.000000,,,100.000,,,,ABOVE CUTOFF,RED,GREEN LIGHT,"2021,2022,2023,2024,2025",5,2025,2021,predictive,preference_dedicated_hunter_deer,TRUE,Forecasted from 2025 dedicated hunter ladder with residency quota split and preference carry-forward.,Dedicated Hunter,PREFERENCE_DEDICATED_HUNTER_DEER,MODELED_PREFERENCE,TARGET,True,Modeled by engine.utah_draw_predictive.dedicated_hunter.
hybrid_ml_v2.1.0,utah_preference_dedicated_hunter_deer_v1.0.0,2026,2026,DB1791,Vernal/Bonanza,Deer,Buck,General Season,Dedicated Hunter,Nonresident,6,dedicated_hunter,3,1,,,,,0,,0,0,1,1.000000,,,1.000000,,,100.000,,,,ABOVE CUTOFF,RED,GREEN LIGHT,"2021,2022,2023,2024,2025",5,2025,2021,predictive,preference_dedicated_hunter_deer,TRUE,Forecasted from 2025 dedicated hunter ladder with residency quota split and preference carry-forward.,Dedicated Hunter,PREFERENCE_DEDICATED_HUNTER_DEER,MODELED_PREFERENCE,TARGET,True,Modeled by engine.utah_draw_predictive.dedicated_hunter.
hybrid_ml_v2.1.0,utah_preference_dedicated_hunter_deer_v1.0.0,2026,2026,DB1791,Vernal/Bonanza,Deer,Buck,General Season,Dedicated Hunter,Nonresident,7,dedicated_hunter,3,1,,,,,0,,0,0,1,1.000000,,,1.000000,,,100.000,,,,ABOVE CUTOFF,RED,GREEN LIGHT,"2021,2022,2023,2024,2025",5,2025,2021,predictive,preference_dedicated_hunter_deer,TRUE,Forecasted from 2025 dedicated hunter ladder with residency quota split and preference carry-forward.,Dedicated Hunter,PREFERENCE_DEDICATED_HUNTER_DEER,MODELED_PREFERENCE,TARGET,True,Modeled by engine.utah_draw_predictive.dedicated_hunter.
hybrid_ml_v2.1.0,utah_preference_dedicated_hunter_deer_v1.0.0,2026,2026,DB1791,Vernal/Bonanza,Deer,Buck,General Season,Dedicated Hunter,Nonresident,8,dedicated_hunter,3,1,,,,,0,,0,0,1,1.000000,,,1.000000,,,100.000,,,,ABOVE CUTOFF,RED,GREEN LIGHT,"2021,2022,2023,2024,2025",5,2025,2021,predictive,preference_dedicated_hunter_deer,TRUE,Forecasted from 2025 dedicated hunter ladder with residency quota split and preference carry-forward.,Dedicated Hunter,PREFERENCE_DEDICATED_HUNTER_DEER,MODELED_PREFERENCE,TARGET,True,Modeled by engine.utah_draw_predictive.dedicated_hunter.
hybrid_ml_v2.1.0,utah_preference_dedicated_hunter_deer_v1.0.0,2026,2026,DB1791,Vernal/Bonanza,Deer,Buck,General Season,Dedicated Hunter,Nonresident,9,dedicated_hunter,3,1,,,,,0,,0,0,1,1.000000,,,1.000000,,,100.000,,,,ABOVE CUTOFF,RED,GREEN LIGHT,"2021,2022,2023,2024,2025",5,2025,2021,predictive,preference_dedicated_hunter_deer,TRUE,Forecasted from 2025 dedicated hunter ladder with residency quota split and preference carry-forward.,Dedicated Hunter,PREFERENCE_DEDICATED_HUNTER_DEER,MODELED_PREFERENCE,TARGET,True,Modeled by engine.utah_draw_predictive.dedicated_hunter.
hybrid_ml_v2.1.0,utah_preference_dedicated_hunter_deer_v1.0.0,2026,2026,DB1791,Vernal/Bonanza,Deer,Buck,General Season,Dedicated Hunter,Nonresident,10,dedicated_hunter,3,1,,,,,0,,0,0,1,1.000000,,,1.000000,,,100.000,,,,ABOVE CUTOFF,RED,GREEN LIGHT,"2021,2022,2023,2024,2025",5,2025,2021,predictive,preference_dedicated_hunter_deer,TRUE,Forecasted from 2025 dedicated hunter ladder with residency quota split and preference carry-forward.,Dedicated Hunter,PREFERENCE_DEDICATED_HUNTER_DEER,MODELED_PREFERENCE,TARGET,True,Modeled by engine.utah_draw_predictive.dedicated_hunter.
hybrid_ml_v2.1.0,utah_preference_dedicated_hunter_deer_v1.0.0,2026,2026,DB1791,Vernal/Bonanza,Deer,Buck,General Season,Dedicated Hunter,Nonresident,11,dedicated_hunter,3,1,,,,,0,,0,0,1,1.000000,,,1.000000,,,100.000,,,,ABOVE CUTOFF,RED,GREEN LIGHT,"2021,2022,2023,2024,2025",5,2025,2021,predictive,preference_dedicated_hunter_deer,TRUE,Forecasted from 2025 dedicated hunter ladder with residency quota split and preference carry-forward.,Dedicated Hunter,PREFERENCE_DEDICATED_HUNTER_DEER,MODELED_PREFERENCE,TARGET,True,Modeled by engine.utah_draw_predictive.dedicated_hunter.
hybrid_ml_v2.1.0,utah_preference_dedicated_hunter_deer_v1.0.0,2026,2026,DB1791,Vernal/Bonanza,Deer,Buck,General Season,Dedicated Hunter,Nonresident,12,dedicated_hunter,3,1,,,,,0,,0,0,1,1.000000,,,1.000000,,,100.000,,,,ABOVE CUTOFF,RED,GREEN LIGHT,"2021,2022,2023,2024,2025",5,2025,2021,predictive,preference_dedicated_hunter_deer,TRUE,Forecasted from 2025 dedicated hunter ladder with residency quota split and preference carry-forward.,Dedicated Hunter,PREFERENCE_DEDICATED_HUNTER_DEER,MODELED_PREFERENCE,TARGET,True,Modeled by engine.utah_draw_predictive.dedicated_hunter.
hybrid_ml_v2.1.0,utah_preference_dedicated_hunter_deer_v1.0.0,2026,2026,DB1791,Vernal/Bonanza,Deer,Buck,General Season,Dedicated Hunter,Nonresident,13,dedicated_hunter,3,1,,,,,0,,0,0,1,1.000000,,,1.000000,,,100.000,,,,ABOVE CUTOFF,RED,GREEN LIGHT,"2021,2022,2023,2024,2025",5,2025,2021,predictive,preference_dedicated_hunter_deer,TRUE,Forecasted from 2025 dedicated hunter ladder with residency quota split and preference carry-forward.,Dedicated Hunter,PREFERENCE_DEDICATED_HUNTER_DEER,MODELED_PREFERENCE,TARGET,True,Modeled by engine.utah_draw_predictive.dedicated_hunter.
hybrid_ml_v2.1.0,utah_preference_dedicated_hunter_deer_v1.0.0,2026,2026,DB1791,Vernal/Bonanza,Deer,Buck,General Season,Dedicated Hunter,Nonresident,14,dedicated_hunter,3,1,,,,,0,,0,0,1,1.000000,,,1.000000,,,100.000,,,,ABOVE CUTOFF,RED,GREEN LIGHT,"2021,2022,2023,2024,2025",5,2025,2021,predictive,preference_dedicated_hunter_deer,TRUE,Forecasted from 2025 dedicated hunter ladder with residency quota split and preference carry-forward.,Dedicated Hunter,PREFERENCE_DEDICATED_HUNTER_DEER,MODELED_PREFERENCE,TARGET,True,Modeled by engine.utah_draw_predictive.dedicated_hunter.
hybrid_ml_v2.1.0,utah_preference_dedicated_hunter_deer_v1.0.0,2026,2026,DB1791,Vernal/Bonanza,Deer,Buck,General Season,Dedicated Hunter,Nonresident,15,dedicated_hunter,3,1,,,,,0,,0,0,1,1.000000,,,1.000000,,,100.000,,,,ABOVE CUTOFF,RED,GREEN LIGHT,"2021,2022,2023,2024,2025",5,2025,2021,predictive,preference_dedicated_hunter_deer,TRUE,Forecasted from 2025 dedicated hunter ladder with residency quota split and preference carry-forward.,Dedicated Hunter,PREFERENCE_DEDICATED_HUNTER_DEER,MODELED_PREFERENCE,TARGET,True,Modeled by engine.utah_draw_predictive.dedicated_hunter.
hybrid_ml_v2.1.0,utah_preference_dedicated_hunter_deer_v1.0.0,2026,2026,DB1791,Vernal/Bonanza,Deer,Buck,General Season,Dedicated Hunter,Nonresident,16,dedicated_hunter,3,1,,,,,0,,0,0,1,1.000000,,,1.000000,,,100.000,,,,ABOVE CUTOFF,RED,GREEN LIGHT,"2021,2022,2023,2024,2025",5,2025,2021,predictive,preference_dedicated_hunter_deer,TRUE,Forecasted from 2025 dedicated hunter ladder with residency quota split and preference carry-forward.,Dedicated Hunter,PREFERENCE_DEDICATED_HUNTER_DEER,MODELED_PREFERENCE,TARGET,True,Modeled by engine.utah_draw_predictive.dedicated_hunter.
hybrid_ml_v2.1.0,utah_preference_dedicated_hunter_deer_v1.0.0,2026,2026,DB1791,Vernal/Bonanza,Deer,Buck,General Season,Dedicated Hunter,Nonresident,17,dedicated_hunter,3,1,,,,,0,,0,0,1,1.000000,,,1.000000,,,100.000,,,,ABOVE CUTOFF,RED,GREEN LIGHT,"2021,2022,2023,2024,2025",5,2025,2021,predictive,preference_dedicated_hunter_deer,TRUE,Forecasted from 2025 dedicated hunter ladder with residency quota split and preference carry-forward.,Dedicated Hunter,PREFERENCE_DEDICATED_HUNTER_DEER,MODELED_PREFERENCE,TARGET,True,Modeled by engine.utah_draw_predictive.dedicated_hunter.
hybrid_ml_v2.1.0,utah_preference_dedicated_hunter_deer_v1.0.0,2026,2026,DB1791,Vernal/Bonanza,Deer,Buck,General Season,Dedicated Hunter,Nonresident,18,dedicated_hunter,3,1,,,,,0,,0,0,1,1.000000,,,1.000000,,,100.000,,,,ABOVE CUTOFF,RED,GREEN LIGHT,"2021,2022,2023,2024,2025",5,2025,2021,predictive,preference_dedicated_hunter_deer,TRUE,Forecasted from 2025 dedicated hunter ladder with residency quota split and preference carry-forward.,Dedicated Hunter,PREFERENCE_DEDICATED_HUNTER_DEER,MODELED_PREFERENCE,TARGET,True,Modeled by engine.utah_draw_predictive.dedicated_hunter.
hybrid_ml_v2.1.0,utah_preference_dedicated_hunter_deer_v1.0.0,2026,2026,DB1791,Vernal/Bonanza,Deer,Buck,General Season,Dedicated Hunter,Nonresident,19,dedicated_hunter,3,1,,,,,0,,0,0,1,1.000000,,,1.000000,,,100.000,,,,ABOVE CUTOFF,RED,GREEN LIGHT,"2021,2022,2023,2024,2025",5,2025,2021,predictive,preference_dedicated_hunter_deer,TRUE,Forecasted from 2025 dedicated hunter ladder with residency quota split and preference carry-forward.,Dedicated Hunter,PREFERENCE_DEDICATED_HUNTER_DEER,MODELED_PREFERENCE,TARGET,True,Modeled by engine.utah_draw_predictive.dedicated_hunter.
hybrid_ml_v2.1.0,utah_preference_dedicated_hunter_deer_v1.0.0,2026,2026,DB1791,Vernal/Bonanza,Deer,Buck,General Season,Dedicated Hunter,Nonresident,20,dedicated_hunter,3,1,,,,,0,,0,0,1,1.000000,,,1.000000,,,100.000,,,,ABOVE CUTOFF,RED,GREEN LIGHT,"2021,2022,2023,2024,2025",5,2025,2021,predictive,preference_dedicated_hunter_deer,TRUE,Forecasted from 2025 dedicated hunter ladder with residency quota split and preference carry-forward.,Dedicated Hunter,PREFERENCE_DEDICATED_HUNTER_DEER,MODELED_PREFERENCE,TARGET,True,Modeled by engine.utah_draw_predictive.dedicated_hunter.
hybrid_ml_v2.1.0,utah_preference_dedicated_hunter_deer_v1.0.0,2026,2026,DB1791,Vernal/Bonanza,Deer,Buck,General Season,Dedicated Hunter,Nonresident,21,dedicated_hunter,3,1,,,,,0,,0,0,1,1.000000,,,1.000000,,,100.000,,,,ABOVE CUTOFF,RED,GREEN LIGHT,"2021,2022,2023,2024,2025",5,2025,2021,predictive,preference_dedicated_hunter_deer,TRUE,Forecasted from 2025 dedicated hunter ladder with residency quota split and preference carry-forward.,Dedicated Hunter,PREFERENCE_DEDICATED_HUNTER_DEER,MODELED_PREFERENCE,TARGET,True,Modeled by engine.utah_draw_predictive.dedicated_hunter.
hybrid_ml_v2.1.0,utah_preference_dedicated_hunter_deer_v1.0.0,2026,2026,DB1791,Vernal/Bonanza,Deer,Buck,General Season,Dedicated Hunter,Nonresident,22,dedicated_hunter,3,1,,,,,0,,0,0,1,1.000000,,,1.000000,,,100.000,,,,ABOVE CUTOFF,RED,GREEN LIGHT,"2021,2022,2023,2024,2025",5,2025,2021,predictive,preference_dedicated_hunter_deer,TRUE,Forecasted from 2025 dedicated hunter ladder with residency quota split and preference carry-forward.,Dedicated Hunter,PREFERENCE_DEDICATED_HUNTER_DEER,MODELED_PREFERENCE,TARGET,True,Modeled by engine.utah_draw_predictive.dedicated_hunter.
hybrid_ml_v2.1.0,utah_preference_dedicated_hunter_deer_v1.0.0,2026,2026,DB1791,Vernal/Bonanza,Deer,Buck,General Season,Dedicated Hunter,Nonresident,23,dedicated_hunter,3,1,,,,,0,,0,0,1,1.000000,,,1.000000,,,100.000,,,,ABOVE CUTOFF,RED,GREEN LIGHT,"2021,2022,2023,2024,2025",5,2025,2021,predictive,preference_dedicated_hunter_deer,TRUE,Forecasted from 2025 dedicated hunter ladder with residency quota split and preference carry-forward.,Dedicated Hunter,PREFERENCE_DEDICATED_HUNTER_DEER,MODELED_PREFERENCE,TARGET,True,Modeled by engine.utah_draw_predictive.dedicated_hunter.
hybrid_ml_v2.1.0,utah_preference_dedicated_hunter_deer_v1.0.0,2026,2026,DB1791,Vernal/Bonanza,Deer,Buck,General Season,Dedicated Hunter,Nonresident,24,dedicated_hunter,3,1,,,,,0,,0,0,1,1.000000,,,1.000000,,,100.000,,,,ABOVE CUTOFF,RED,GREEN LIGHT,"2021,2022,2023,2024,2025",5,2025,2021,predictive,preference_dedicated_hunter_deer,TRUE,Forecasted from 2025 dedicated hunter ladder with residency quota split and preference carry-forward.,Dedicated Hunter,PREFERENCE_DEDICATED_HUNTER_DEER,MODELED_PREFERENCE,TARGET,True,Modeled by engine.utah_draw_predictive.dedicated_hunter.
hybrid_ml_v2.1.0,utah_preference_dedicated_hunter_deer_v1.0.0,2026,2026,DB1791,Vernal/Bonanza,Deer,Buck,General Season,Dedicated Hunter,Resident,0,dedicated_hunter,100,33,,,,,1,2,47,65,65,0.000000,,,0.000000,,,0.000,,2,1,BEHIND,GREEN,POINT CREEP DEFEAT,"2021,2022,2023,2024,2025",5,2025,2021,predictive,preference_dedicated_hunter_deer,TRUE,Forecasted from 2025 dedicated hunter ladder with residency quota split and preference carry-forward.,Dedicated Hunter,PREFERENCE_DEDICATED_HUNTER_DEER,MODELED_PREFERENCE,TARGET,True,Modeled by engine.utah_draw_predictive.dedicated_hunter.
hybrid_ml_v2.1.0,utah_preference_dedicated_hunter_deer_v1.0.0,2026,2026,DB1791,Vernal/Bonanza,Deer,Buck,General Season,Dedicated Hunter,Resident,1,dedicated_hunter,100,33,,,,,1,2,8,39,39,0.641026,,,0.641026,,,64.103,,1,1,ON EDGE,GREEN,MAY DRAW IN 5-10 YEARS,"2021,2022,2023,2024,2025",5,2025,2021,predictive,preference_dedicated_hunter_deer,TRUE,Forecasted from 2025 dedicated hunter ladder with residency quota split and preference carry-forward.,Dedicated Hunter,PREFERENCE_DEDICATED_HUNTER_DEER,MODELED_PREFERENCE,TARGET,True,Modeled by engine.utah_draw_predictive.dedicated_hunter.
hybrid_ml_v2.1.0,utah_preference_dedicated_hunter_deer_v1.0.0,2026,2026,DB1791,Vernal/Bonanza,Deer,Buck,General Season,Dedicated Hunter,Resident,2,dedicated_hunter,100,33,,,,,1,2,4,4,4,1.000000,,,1.000000,,,100.000,,0,1,ABOVE CUTOFF,GREEN,GREEN LIGHT,"2021,2022,2023,2024,2025",5,2025,2021,predictive,preference_dedicated_hunter_deer,TRUE,Forecasted from 2025 dedicated hunter ladder with residency quota split and preference carry-forward.,Dedicated Hunter,PREFERENCE_DEDICATED_HUNTER_DEER,MODELED_PREFERENCE,TARGET,True,Modeled by engine.utah_draw_predictive.dedicated_hunter.
hybrid_ml_v2.1.0,utah_preference_dedicated_hunter_deer_v1.0.0,2026,2026,DB1791,Vernal/Bonanza,Deer,Buck,General Season,Dedicated Hunter,Resident,3,dedicated_hunter,100,33,,,,,1,2,2,2,2,1.000000,,,1.000000,,,100.000,,-1,1,ABOVE CUTOFF,GREEN,GREEN LIGHT,"2021,2022,2023,2024,2025",5,2025,2021,predictive,preference_dedicated_hunter_deer,TRUE,Forecasted from 2025 dedicated hunter ladder with residency quota split and preference carry-forward.,Dedicated Hunter,PREFERENCE_DEDICATED_HUNTER_DEER,MODELED_PREFERENCE,TARGET,True,Modeled by engine.utah_draw_predictive.dedicated_hunter.
hybrid_ml_v2.1.0,utah_preference_dedicated_hunter_deer_v1.0.0,2026,2026,DB1791,Vernal/Bonanza,Deer,Buck,General Season,Dedicated Hunter,Resident,4,dedicated_hunter,100,33,,,,,1,2,0,2,2,1.000000,,,1.000000,,,100.000,,-2,1,ABOVE CUTOFF,GREEN,GREEN LIGHT,"2021,2022,2023,2024,2025",5,2025,2021,predictive,preference_dedicated_hunter_deer,TRUE,Forecasted from 2025 dedicated hunter ladder with residency quota split and preference carry-forward.,Dedicated Hunter,PREFERENCE_DEDICATED_HUNTER_DEER,MODELED_PREFERENCE,TARGET,True,Modeled by engine.utah_draw_predictive.dedicated_hunter.
hybrid_ml_v2.1.0,utah_preference_dedicated_hunter_deer_v1.0.0,2026,2026,DB1791,Vernal/Bonanza,Deer,Buck,General Season,Dedicated Hunter,Resident,5,dedicated_hunter,100,33,,,,,1,2,0,0,1,1.000000,,,1.000000,,,100.000,,-3,1,ABOVE CUTOFF,GREEN,GREEN LIGHT,"2021,2022,2023,2024,2025",5,2025,2021,predictive,preference_dedicated_hunter_deer,TRUE,Forecasted from 2025 dedicated hunter ladder with residency quota split and preference carry-forward.,Dedicated Hunter,PREFERENCE_DEDICATED_HUNTER_DEER,MODELED_PREFERENCE,TARGET,True,Modeled by engine.utah_draw_predictive.dedicated_hunter.
hybrid_ml_v2.1.0,utah_preference_dedicated_hunter_deer_v1.0.0,2026,2026,DB1791,Vernal/Bonanza,Deer,Buck,General Season,Dedicated Hunter,Resident,6,dedicated_hunter,100,33,,,,,1,2,0,0,1,1.000000,,,1.000000,,,100.000,,-4,1,ABOVE CUTOFF,GREEN,GREEN LIGHT,"2021,2022,2023,2024,2025",5,2025,2021,predictive,preference_dedicated_hunter_deer,TRUE,Forecasted from 2025 dedicated hunter ladder with residency quota split and preference carry-forward.,Dedicated Hunter,PREFERENCE_DEDICATED_HUNTER_DEER,MODELED_PREFERENCE,TARGET,True,Modeled by engine.utah_draw_predictive.dedicated_hunter.
hybrid_ml_v2.1.0,utah_preference_dedicated_hunter_deer_v1.0.0,2026,2026,DB1791,Vernal/Bonanza,Deer,Buck,General Season,Dedicated Hunter,Resident,7,dedicated_hunter,100,33,,,,,1,2,0,0,1,1.000000,,,1.000000,,,100.000,,-5,1,ABOVE CUTOFF,GREEN,GREEN LIGHT,"2021,2022,2023,2024,2025",5,2025,2021,predictive,preference_dedicated_hunter_deer,TRUE,Forecasted from 2025 dedicated hunter ladder with residency quota split and preference carry-forward.,Dedicated Hunter,PREFERENCE_DEDICATED_HUNTER_DEER,MODELED_PREFERENCE,TARGET,True,Modeled by engine.utah_draw_predictive.dedicated_hunter.
hybrid_ml_v2.1.0,utah_preference_dedicated_hunter_deer_v1.0.0,2026,2026,DB1791,Vernal/Bonanza,Deer,Buck,General Season,Dedicated Hunter,Resident,8,dedicated_hunter,100,33,,,,,1,2,0,0,1,1.000000,,,1.000000,,,100.000,,-6,1,ABOVE CUTOFF,GREEN,GREEN LIGHT,"2021,2022,2023,2024,2025",5,2025,2021,predictive,preference_dedicated_hunter_deer,TRUE,Forecasted from 2025 dedicated hunter ladder with residency quota split and preference carry-forward.,Dedicated Hunter,PREFERENCE_DEDICATED_HUNTER_DEER,MODELED_PREFERENCE,TARGET,True,Modeled by engine.utah_draw_predictive.dedicated_hunter.
hybrid_ml_v2.1.0,utah_preference_dedicated_hunter_deer_v1.0.0,2026,2026,DB1791,Vernal/Bonanza,Deer,Buck,General Season,Dedicated Hunter,Resident,9,dedicated_hunter,100,33,,,,,1,2,0,0,1,1.000000,,,1.000000,,,100.000,,-7,1,ABOVE CUTOFF,GREEN,GREEN LIGHT,"2021,2022,2023,2024,2025",5,2025,2021,predictive,preference_dedicated_hunter_deer,TRUE,Forecasted from 2025 dedicated hunter ladder with residency quota split and preference carry-forward.,Dedicated Hunter,PREFERENCE_DEDICATED_HUNTER_DEER,MODELED_PREFERENCE,TARGET,True,Modeled by engine.utah_draw_predictive.dedicated_hunter.
hybrid_ml_v2.1.0,utah_preference_dedicated_hunter_deer_v1.0.0,2026,2026,DB1791,Vernal/Bonanza,Deer,Buck,General Season,Dedicated Hunter,Resident,10,dedicated_hunter,100,33,,,,,1,2,0,0,1,1.000000,,,1.000000,,,100.000,,-8,1,ABOVE CUTOFF,GREEN,GREEN LIGHT,"2021,2022,2023,2024,2025",5,2025,2021,predictive,preference_dedicated_hunter_deer,TRUE,Forecasted from 2025 dedicated hunter ladder with residency quota split and preference carry-forward.,Dedicated Hunter,PREFERENCE_DEDICATED_HUNTER_DEER,MODELED_PREFERENCE,TARGET,True,Modeled by engine.utah_draw_predictive.dedicated_hunter.
hybrid_ml_v2.1.0,utah_preference_dedicated_hunter_deer_v1.0.0,2026,2026,DB1791,Vernal/Bonanza,Deer,Buck,General Season,Dedicated Hunter,Resident,11,dedicated_hunter,100,33,,,,,1,2,0,0,1,1.000000,,,1.000000,,,100.000,,-9,1,ABOVE CUTOFF,GREEN,GREEN LIGHT,"2021,2022,2023,2024,2025",5,2025,2021,predictive,preference_dedicated_hunter_deer,TRUE,Forecasted from 2025 dedicated hunter ladder with residency quota split and preference carry-forward.,Dedicated Hunter,PREFERENCE_DEDICATED_HUNTER_DEER,MODELED_PREFERENCE,TARGET,True,Modeled by engine.utah_draw_predictive.dedicated_hunter.
hybrid_ml_v2.1.0,utah_preference_dedicated_hunter_deer_v1.0.0,2026,2026,DB1791,Vernal/Bonanza,Deer,Buck,General Season,Dedicated Hunter,Resident,12,dedicated_hunter,100,33,,,,,1,2,0,0,1,1.000000,,,1.000000,,,100.000,,-10,1,ABOVE CUTOFF,GREEN,GREEN LIGHT,"2021,2022,2023,2024,2025",5,2025,2021,predictive,preference_dedicated_hunter_deer,TRUE,Forecasted from 2025 dedicated hunter ladder with residency quota split and preference carry-forward.,Dedicated Hunter,PREFERENCE_DEDICATED_HUNTER_DEER,MODELED_PREFERENCE,TARGET,True,Modeled by engine.utah_draw_predictive.dedicated_hunter.
hybrid_ml_v2.1.0,utah_preference_dedicated_hunter_deer_v1.0.0,2026,2026,DB1791,Vernal/Bonanza,Deer,Buck,General Season,Dedicated Hunter,Resident,13,dedicated_hunter,100,33,,,,,1,2,0,0,1,1.000000,,,1.000000,,,100.000,,-11,1,ABOVE CUTOFF,GREEN,GREEN LIGHT,"2021,2022,2023,2024,2025",5,2025,2021,predictive,preference_dedicated_hunter_deer,TRUE,Forecasted from 2025 dedicated hunter ladder with residency quota split and preference carry-forward.,Dedicated Hunter,PREFERENCE_DEDICATED_HUNTER_DEER,MODELED_PREFERENCE,TARGET,True,Modeled by engine.utah_draw_predictive.dedicated_hunter.
hybrid_ml_v2.1.0,utah_preference_dedicated_hunter_deer_v1.0.0,2026,2026,DB1791,Vernal/Bonanza,Deer,Buck,General Season,Dedicated Hunter,Resident,14,dedicated_hunter,100,33,,,,,1,2,0,0,1,1.000000,,,1.000000,,,100.000,,-12,1,ABOVE CUTOFF,GREEN,GREEN LIGHT,"2021,2022,2023,2024,2025",5,2025,2021,predictive,preference_dedicated_hunter_deer,TRUE,Forecasted from 2025 dedicated hunter ladder with residency quota split and preference carry-forward.,Dedicated Hunter,PREFERENCE_DEDICATED_HUNTER_DEER,MODELED_PREFERENCE,TARGET,True,Modeled by engine.utah_draw_predictive.dedicated_hunter.
hybrid_ml_v2.1.0,utah_preference_dedicated_hunter_deer_v1.0.0,2026,2026,DB1791,Vernal/Bonanza,Deer,Buck,General Season,Dedicated Hunter,Resident,15,dedicated_hunter,100,33,,,,,1,2,0,0,1,1.000000,,,1.000000,,,100.000,,-13,1,ABOVE CUTOFF,GREEN,GREEN LIGHT,"2021,2022,2023,2024,2025",5,2025,2021,predictive,preference_dedicated_hunter_deer,TRUE,Forecasted from 2025 dedicated hunter ladder with residency quota split and preference carry-forward.,Dedicated Hunter,PREFERENCE_DEDICATED_HUNTER_DEER,MODELED_PREFERENCE,TARGET,True,Modeled by engine.utah_draw_predictive.dedicated_hunter.
hybrid_ml_v2.1.0,utah_preference_dedicated_hunter_deer_v1.0.0,2026,2026,DB1791,Vernal/Bonanza,Deer,Buck,General Season,Dedicated Hunter,Resident,16,dedicated_hunter,100,33,,,,,1,2,0,0,1,1.000000,,,1.000000,,,100.000,,-14,1,ABOVE CUTOFF,GREEN,GREEN LIGHT,"2021,2022,2023,2024,2025",5,2025,2021,predictive,preference_dedicated_hunter_deer,TRUE,Forecasted from 2025 dedicated hunter ladder with residency quota split and preference carry-forward.,Dedicated Hunter,PREFERENCE_DEDICATED_HUNTER_DEER,MODELED_PREFERENCE,TARGET,True,Modeled by engine.utah_draw_predictive.dedicated_hunter.
hybrid_ml_v2.1.0,utah_preference_dedicated_hunter_deer_v1.0.0,2026,2026,DB1791,Vernal/Bonanza,Deer,Buck,General Season,Dedicated Hunter,Resident,17,dedicated_hunter,100,33,,,,,1,2,0,0,1,1.000000,,,1.000000,,,100.000,,-15,1,ABOVE CUTOFF,GREEN,GREEN LIGHT,"2021,2022,2023,2024,2025",5,2025,2021,predictive,preference_dedicated_hunter_deer,TRUE,Forecasted from 2025 dedicated hunter ladder with residency quota split and preference carry-forward.,Dedicated Hunter,PREFERENCE_DEDICATED_HUNTER_DEER,MODELED_PREFERENCE,TARGET,True,Modeled by engine.utah_draw_predictive.dedicated_hunter.
hybrid_ml_v2.1.0,utah_preference_dedicated_hunter_deer_v1.0.0,2026,2026,DB1791,Vernal/Bonanza,Deer,Buck,General Season,Dedicated Hunter,Resident,18,dedicated_hunter,100,33,,,,,1,2,0,0,1,1.000000,,,1.000000,,,100.000,,-16,1,ABOVE CUTOFF,GREEN,GREEN LIGHT,"2021,2022,2023,2024,2025",5,2025,2021,predictive,preference_dedicated_hunter_deer,TRUE,Forecasted from 2025 dedicated hunter ladder with residency quota split and preference carry-forward.,Dedicated Hunter,PREFERENCE_DEDICATED_HUNTER_DEER,MODELED_PREFERENCE,TARGET,True,Modeled by engine.utah_draw_predictive.dedicated_hunter.
hybrid_ml_v2.1.0,utah_preference_dedicated_hunter_deer_v1.0.0,2026,2026,DB1791,Vernal/Bonanza,Deer,Buck,General Season,Dedicated Hunter,Resident,19,dedicated_hunter,100,33,,,,,1,2,0,0,1,1.000000,,,1.000000,,,100.000,,-17,1,ABOVE CUTOFF,GREEN,GREEN LIGHT,"2021,2022,2023,2024,2025",5,2025,2021,predictive,preference_dedicated_hunter_deer,TRUE,Forecasted from 2025 dedicated hunter ladder with residency quota split and preference carry-forward.,Dedicated Hunter,PREFERENCE_DEDICATED_HUNTER_DEER,MODELED_PREFERENCE,TARGET,True,Modeled by engine.utah_draw_predictive.dedicated_hunter.
hybrid_ml_v2.1.0,utah_preference_dedicated_hunter_deer_v1.0.0,2026,2026,DB1791,Vernal/Bonanza,Deer,Buck,General Season,Dedicated Hunter,Resident,20,dedicated_hunter,100,33,,,,,1,2,0,0,1,1.000000,,,1.000000,,,100.000,,-18,1,ABOVE CUTOFF,GREEN,GREEN LIGHT,"2021,2022,2023,2024,2025",5,2025,2021,predictive,preference_dedicated_hunter_deer,TRUE,Forecasted from 2025 dedicated hunter ladder with residency quota split and preference carry-forward.,Dedicated Hunter,PREFERENCE_DEDICATED_HUNTER_DEER,MODELED_PREFERENCE,TARGET,True,Modeled by engine.utah_draw_predictive.dedicated_hunter.
hybrid_ml_v2.1.0,utah_preference_dedicated_hunter_deer_v1.0.0,2026,2026,DB1791,Vernal/Bonanza,Deer,Buck,General Season,Dedicated Hunter,Resident,21,dedicated_hunter,100,33,,,,,1,2,0,0,1,1.000000,,,1.000000,,,100.000,,-19,1,ABOVE CUTOFF,GREEN,GREEN LIGHT,"2021,2022,2023,2024,2025",5,2025,2021,predictive,preference_dedicated_hunter_deer,TRUE,Forecasted from 2025 dedicated hunter ladder with residency quota split and preference carry-forward.,Dedicated Hunter,PREFERENCE_DEDICATED_HUNTER_DEER,MODELED_PREFERENCE,TARGET,True,Modeled by engine.utah_draw_predictive.dedicated_hunter.
hybrid_ml_v2.1.0,utah_preference_dedicated_hunter_deer_v1.0.0,2026,2026,DB1791,Vernal/Bonanza,Deer,Buck,General Season,Dedicated Hunter,Resident,22,dedicated_hunter,100,33,,,,,1,2,0,0,1,1.000000,,,1.000000,,,100.000,,-20,1,ABOVE CUTOFF,GREEN,GREEN LIGHT,"2021,2022,2023,2024,2025",5,2025,2021,predictive,preference_dedicated_hunter_deer,TRUE,Forecasted from 2025 dedicated hunter ladder with residency quota split and preference carry-forward.,Dedicated Hunter,PREFERENCE_DEDICATED_HUNTER_DEER,MODELED_PREFERENCE,TARGET,True,Modeled by engine.utah_draw_predictive.dedicated_hunter.
hybrid_ml_v2.1.0,utah_preference_dedicated_hunter_deer_v1.0.0,2026,2026,DB1791,Vernal/Bonanza,Deer,Buck,General Season,Dedicated Hunter,Resident,23,dedicated_hunter,100,33,,,,,1,2,0,0,1,1.000000,,,1.000000,,,100.000,,-21,1,ABOVE CUTOFF,GREEN,GREEN LIGHT,"2021,2022,2023,2024,2025",5,2025,2021,predictive,preference_dedicated_hunter_deer,TRUE,Forecasted from 2025 dedicated hunter ladder with residency quota split and preference carry-forward.,Dedicated Hunter,PREFERENCE_DEDICATED_HUNTER_DEER,MODELED_PREFERENCE,TARGET,True,Modeled by engine.utah_draw_predictive.dedicated_hunter.
hybrid_ml_v2.1.0,utah_preference_dedicated_hunter_deer_v1.0.0,2026,2026,DB1791,Vernal/Bonanza,Deer,Buck,General Season,Dedicated Hunter,Resident,24,dedicated_hunter,100,33,,,,,1,2,0,0,1,1.000000,,,1.000000,,,100.000,,-22,1,ABOVE CUTOFF,GREEN,GREEN LIGHT,"2021,2022,2023,2024,2025",5,2025,2021,predictive,preference_dedicated_hunter_deer,TRUE,Forecasted from 2025 dedicated hunter ladder with residency quota split and preference carry-forward.,Dedicated Hunter,PREFERENCE_DEDICATED_HUNTER_DEER,MODELED_PREFERENCE,TARGET,True,Modeled by engine.utah_draw_predictive.dedicated_hunter.
hybrid_ml_v2.1.0,utah_preference_dedicated_hunter_deer_v1.0.0,2026,2026,DB1792,Yellowstone,Deer,Buck,General Season,Dedicated Hunter,Nonresident,0,dedicated_hunter,1,3,,,,,1,,0,0,1,1.000000,,,1.000000,,,100.000,,,,ABOVE CUTOFF,RED,GREEN LIGHT,"2021,2022,2023,2024,2025",5,2025,2021,predictive,preference_dedicated_hunter_deer,TRUE,Forecasted from 2025 dedicated hunter ladder with residency quota split and preference carry-forward.,Dedicated Hunter,PREFERENCE_DEDICATED_HUNTER_DEER,MODELED_PREFERENCE,TARGET,True,Modeled by engine.utah_draw_predictive.dedicated_hunter.
hybrid_ml_v2.1.0,utah_preference_dedicated_hunter_deer_v1.0.0,2026,2026,DB1792,Yellowstone,Deer,Buck,General Season,Dedicated Hunter,Nonresident,1,dedicated_hunter,1,3,,,,,1,,0,0,1,1.000000,,,1.000000,,,100.000,,,,ABOVE CUTOFF,RED,GREEN LIGHT,"2021,2022,2023,2024,2025",5,2025,2021,predictive,preference_dedicated_hunter_deer,TRUE,Forecasted from 2025 dedicated hunter ladder with residency quota split and preference carry-forward.,Dedicated Hunter,PREFERENCE_DEDICATED_HUNTER_DEER,MODELED_PREFERENCE,TARGET,True,Modeled by engine.utah_draw_predictive.dedicated_hunter.
hybrid_ml_v2.1.0,utah_preference_dedicated_hunter_deer_v1.0.0,2026,2026,DB1792,Yellowstone,Deer,Buck,General Season,Dedicated Hunter,Nonresident,2,dedicated_hunter,1,3,,,,,1,,0,0,1,1.000000,,,1.000000,,,100.000,,,,ABOVE CUTOFF,RED,GREEN LIGHT,"2021,2022,2023,2024,2025",5,2025,2021,predictive,preference_dedicated_hunter_deer,TRUE,Forecasted from 2025 dedicated hunter ladder with residency quota split and preference carry-forward.,Dedicated Hunter,PREFERENCE_DEDICATED_HUNTER_DEER,MODELED_PREFERENCE,TARGET,True,Modeled by engine.utah_draw_predictive.dedicated_hunter.
hybrid_ml_v2.1.0,utah_preference_dedicated_hunter_deer_v1.0.0,2026,2026,DB1792,Yellowstone,Deer,Buck,General Season,Dedicated Hunter,Nonresident,3,dedicated_hunter,1,3,,,,,1,,0,0,1,1.000000,,,1.000000,,,100.000,,,,ABOVE CUTOFF,RED,GREEN LIGHT,"2021,2022,2023,2024,2025",5,2025,2021,predictive,preference_dedicated_hunter_deer,TRUE,Forecasted from 2025 dedicated hunter ladder with residency quota split and preference carry-forward.,Dedicated Hunter,PREFERENCE_DEDICATED_HUNTER_DEER,MODELED_PREFERENCE,TARGET,True,Modeled by engine.utah_draw_predictive.dedicated_hunter.
hybrid_ml_v2.1.0,utah_preference_dedicated_hunter_deer_v1.0.0,2026,2026,DB1792,Yellowstone,Deer,Buck,General Season,Dedicated Hunter,Nonresident,4,dedicated_hunter,1,3,,,,,1,,0,0,1,1.000000,,,1.000000,,,100.000,,,,ABOVE CUTOFF,RED,GREEN LIGHT,"2021,2022,2023,2024,2025",5,2025,2021,predictive,preference_dedicated_hunter_deer,TRUE,Forecasted from 2025 dedicated hunter ladder with residency quota split and preference carry-forward.,Dedicated Hunter,PREFERENCE_DEDICATED_HUNTER_DEER,MODELED_PREFERENCE,TARGET,True,Modeled by engine.utah_draw_predictive.dedicated_hunter.
hybrid_ml_v2.1.0,utah_preference_dedicated_hunter_deer_v1.0.0,2026,2026,DB1792,Yellowstone,Deer,Buck,General Season,Dedicated Hunter,Nonresident,5,dedicated_hunter,1,3,,,,,1,,0,0,1,1.000000,,,1.000000,,,100.000,,,,ABOVE CUTOFF,RED,GREEN LIGHT,"2021,2022,2023,2024,2025",5,2025,2021,predictive,preference_dedicated_hunter_deer,TRUE,Forecasted from 2025 dedicated hunter ladder with residency quota split and preference carry-forward.,Dedicated Hunter,PREFERENCE_DEDICATED_HUNTER_DEER,MODELED_PREFERENCE,TARGET,True,Modeled by engine.utah_draw_predictive.dedicated_hunter.
hybrid_ml_v2.1.0,utah_preference_dedicated_hunter_deer_v1.0.0,2026,2026,DB1792,Yellowstone,Deer,Buck,General Season,Dedicated Hunter,Nonresident,6,dedicated_hunter,1,3,,,,,1,,0,0,1,1.000000,,,1.000000,,,100.000,,,,ABOVE CUTOFF,RED,GREEN LIGHT,"2021,2022,2023,2024,2025",5,2025,2021,predictive,preference_dedicated_hunter_deer,TRUE,Forecasted from 2025 dedicated hunter ladder with residency quota split and preference carry-forward.,Dedicated Hunter,PREFERENCE_DEDICATED_HUNTER_DEER,MODELED_PREFERENCE,TARGET,True,Modeled by engine.utah_draw_predictive.dedicated_hunter.
hybrid_ml_v2.1.0,utah_preference_dedicated_hunter_deer_v1.0.0,2026,2026,DB1792,Yellowstone,Deer,Buck,General Season,Dedicated Hunter,Nonresident,7,dedicated_hunter,1,3,,,,,1,,0,0,1,1.000000,,,1.000000,,,100.000,,,,ABOVE CUTOFF,RED,GREEN LIGHT,"2021,2022,2023,2024,2025",5,2025,2021,predictive,preference_dedicated_hunter_deer,TRUE,Forecasted from 2025 dedicated hunter ladder with residency quota split and preference carry-forward.,Dedicated Hunter,PREFERENCE_DEDICATED_HUNTER_DEER,MODELED_PREFERENCE,TARGET,True,Modeled by engine.utah_draw_predictive.dedicated_hunter.
hybrid_ml_v2.1.0,utah_preference_dedicated_hunter_deer_v1.0.0,2026,2026,DB1792,Yellowstone,Deer,Buck,General Season,Dedicated Hunter,Nonresident,8,dedicated_hunter,1,3,,,,,1,,0,0,1,1.000000,,,1.000000,,,100.000,,,,ABOVE CUTOFF,RED,GREEN LIGHT,"2021,2022,2023,2024,2025",5,2025,2021,predictive,preference_dedicated_hunter_deer,TRUE,Forecasted from 2025 dedicated hunter ladder with residency quota split and preference carry-forward.,Dedicated Hunter,PREFERENCE_DEDICATED_HUNTER_DEER,MODELED_PREFERENCE,TARGET,True,Modeled by engine.utah_draw_predictive.dedicated_hunter.
hybrid_ml_v2.1.0,utah_preference_dedicated_hunter_deer_v1.0.0,2026,2026,DB1792,Yellowstone,Deer,Buck,General Season,Dedicated Hunter,Nonresident,9,dedicated_hunter,1,3,,,,,1,,0,0,1,1.000000,,,1.000000,,,100.000,,,,ABOVE CUTOFF,RED,GREEN LIGHT,"2021,2022,2023,2024,2025",5,2025,2021,predictive,preference_dedicated_hunter_deer,TRUE,Forecasted from 2025 dedicated hunter ladder with residency quota split and preference carry-forward.,Dedicated Hunter,PREFERENCE_DEDICATED_HUNTER_DEER,MODELED_PREFERENCE,TARGET,True,Modeled by engine.utah_draw_predictive.dedicated_hunter.
hybrid_ml_v2.1.0,utah_preference_dedicated_hunter_deer_v1.0.0,2026,2026,DB1792,Yellowstone,Deer,Buck,General Season,Dedicated Hunter,Nonresident,10,dedicated_hunter,1,3,,,,,1,,0,0,1,1.000000,,,1.000000,,,100.000,,,,ABOVE CUTOFF,RED,GREEN LIGHT,"2021,2022,2023,2024,2025",5,2025,2021,predictive,preference_dedicated_hunter_deer,TRUE,Forecasted from 2025 dedicated hunter ladder with residency quota split and preference carry-forward.,Dedicated Hunter,PREFERENCE_DEDICATED_HUNTER_DEER,MODELED_PREFERENCE,TARGET,True,Modeled by engine.utah_draw_predictive.dedicated_hunter.
hybrid_ml_v2.1.0,utah_preference_dedicated_hunter_deer_v1.0.0,2026,2026,DB1792,Yellowstone,Deer,Buck,General Season,Dedicated Hunter,Nonresident,11,dedicated_hunter,1,3,,,,,1,,0,0,1,1.000000,,,1.000000,,,100.000,,,,ABOVE CUTOFF,RED,GREEN LIGHT,"2021,2022,2023,2024,2025",5,2025,2021,predictive,preference_dedicated_hunter_deer,TRUE,Forecasted from 2025 dedicated hunter ladder with residency quota split and preference carry-forward.,Dedicated Hunter,PREFERENCE_DEDICATED_HUNTER_DEER,MODELED_PREFERENCE,TARGET,True,Modeled by engine.utah_draw_predictive.dedicated_hunter.
hybrid_ml_v2.1.0,utah_preference_dedicated_hunter_deer_v1.0.0,2026,2026,DB1792,Yellowstone,Deer,Buck,General Season,Dedicated Hunter,Nonresident,12,dedicated_hunter,1,3,,,,,1,,0,0,1,1.000000,,,1.000000,,,100.000,,,,ABOVE CUTOFF,RED,GREEN LIGHT,"2021,2022,2023,2024,2025",5,2025,2021,predictive,preference_dedicated_hunter_deer,TRUE,Forecasted from 2025 dedicated hunter ladder with residency quota split and preference carry-forward.,Dedicated Hunter,PREFERENCE_DEDICATED_HUNTER_DEER,MODELED_PREFERENCE,TARGET,True,Modeled by engine.utah_draw_predictive.dedicated_hunter.
hybrid_ml_v2.1.0,utah_preference_dedicated_hunter_deer_v1.0.0,2026,2026,DB1792,Yellowstone,Deer,Buck,General Season,Dedicated Hunter,Nonresident,13,dedicated_hunter,1,3,,,,,1,,0,0,1,1.000000,,,1.000000,,,100.000,,,,ABOVE CUTOFF,RED,GREEN LIGHT,"2021,2022,2023,2024,2025",5,2025,2021,predictive,preference_dedicated_hunter_deer,TRUE,Forecasted from 2025 dedicated hunter ladder with residency quota split and preference carry-forward.,Dedicated Hunter,PREFERENCE_DEDICATED_HUNTER_DEER,MODELED_PREFERENCE,TARGET,True,Modeled by engine.utah_draw_predictive.dedicated_hunter.
hybrid_ml_v2.1.0,utah_preference_dedicated_hunter_deer_v1.0.0,2026,2026,DB1792,Yellowstone,Deer,Buck,General Season,Dedicated Hunter,Nonresident,14,dedicated_hunter,1,3,,,,,1,,0,0,1,1.000000,,,1.000000,,,100.000,,,,ABOVE CUTOFF,RED,GREEN LIGHT,"2021,2022,2023,2024,2025",5,2025,2021,predictive,preference_dedicated_hunter_deer,TRUE,Forecasted from 2025 dedicated hunter ladder with residency quota split and preference carry-forward.,Dedicated Hunter,PREFERENCE_DEDICATED_HUNTER_DEER,MODELED_PREFERENCE,TARGET,True,Modeled by engine.utah_draw_predictive.dedicated_hunter.
hybrid_ml_v2.1.0,utah_preference_dedicated_hunter_deer_v1.0.0,2026,2026,DB1792,Yellowstone,Deer,Buck,General Season,Dedicated Hunter,Nonresident,15,dedicated_hunter,1,3,,,,,1,,0,0,1,1.000000,,,1.000000,,,100.000,,,,ABOVE CUTOFF,RED,GREEN LIGHT,"2021,2022,2023,2024,2025",5,2025,2021,predictive,preference_dedicated_hunter_deer,TRUE,Forecasted from 2025 dedicated hunter ladder with residency quota split and preference carry-forward.,Dedicated Hunter,PREFERENCE_DEDICATED_HUNTER_DEER,MODELED_PREFERENCE,TARGET,True,Modeled by engine.utah_draw_predictive.dedicated_hunter.
hybrid_ml_v2.1.0,utah_preference_dedicated_hunter_deer_v1.0.0,2026,2026,DB1792,Yellowstone,Deer,Buck,General Season,Dedicated Hunter,Nonresident,16,dedicated_hunter,1,3,,,,,1,,0,0,1,1.000000,,,1.000000,,,100.000,,,,ABOVE CUTOFF,RED,GREEN LIGHT,"2021,2022,2023,2024,2025",5,2025,2021,predictive,preference_dedicated_hunter_deer,TRUE,Forecasted from 2025 dedicated hunter ladder with residency quota split and preference carry-forward.,Dedicated Hunter,PREFERENCE_DEDICATED_HUNTER_DEER,MODELED_PREFERENCE,TARGET,True,Modeled by engine.utah_draw_predictive.dedicated_hunter.
hybrid_ml_v2.1.0,utah_preference_dedicated_hunter_deer_v1.0.0,2026,2026,DB1792,Yellowstone,Deer,Buck,General Season,Dedicated Hunter,Nonresident,17,dedicated_hunter,1,3,,,,,1,,0,0,1,1.000000,,,1.000000,,,100.000,,,,ABOVE CUTOFF,RED,GREEN LIGHT,"2021,2022,2023,2024,2025",5,2025,2021,predictive,preference_dedicated_hunter_deer,TRUE,Forecasted from 2025 dedicated hunter ladder with residency quota split and preference carry-forward.,Dedicated Hunter,PREFERENCE_DEDICATED_HUNTER_DEER,MODELED_PREFERENCE,TARGET,True,Modeled by engine.utah_draw_predictive.dedicated_hunter.
hybrid_ml_v2.1.0,utah_preference_dedicated_hunter_deer_v1.0.0,2026,2026,DB1792,Yellowstone,Deer,Buck,General Season,Dedicated Hunter,Nonresident,18,dedicated_hunter,1,3,,,,,1,,0,0,1,1.000000,,,1.000000,,,100.000,,,,ABOVE CUTOFF,RED,GREEN LIGHT,"2021,2022,2023,2024,2025",5,2025,2021,predictive,preference_dedicated_hunter_deer,TRUE,Forecasted from 2025 dedicated hunter ladder with residency quota split and preference carry-forward.,Dedicated Hunter,PREFERENCE_DEDICATED_HUNTER_DEER,MODELED_PREFERENCE,TARGET,True,Modeled by engine.utah_draw_predictive.dedicated_hunter.
hybrid_ml_v2.1.0,utah_preference_dedicated_hunter_deer_v1.0.0,2026,2026,DB1792,Yellowstone,Deer,Buck,General Season,Dedicated Hunter,Nonresident,19,dedicated_hunter,1,3,,,,,1,,0,0,1,1.000000,,,1.000000,,,100.000,,,,ABOVE CUTOFF,RED,GREEN LIGHT,"2021,2022,2023,2024,2025",5,2025,2021,predictive,preference_dedicated_hunter_deer,TRUE,Forecasted from 2025 dedicated hunter ladder with residency quota split and preference carry-forward.,Dedicated Hunter,PREFERENCE_DEDICATED_HUNTER_DEER,MODELED_PREFERENCE,TARGET,True,Modeled by engine.utah_draw_predictive.dedicated_hunter.
hybrid_ml_v2.1.0,utah_preference_dedicated_hunter_deer_v1.0.0,2026,2026,DB1792,Yellowstone,Deer,Buck,General Season,Dedicated Hunter,Nonresident,20,dedicated_hunter,1,3,,,,,1,,0,0,1,1.000000,,,1.000000,,,100.000,,,,ABOVE CUTOFF,RED,GREEN LIGHT,"2021,2022,2023,2024,2025",5,2025,2021,predictive,preference_dedicated_hunter_deer,TRUE,Forecasted from 2025 dedicated hunter ladder with residency quota split and preference carry-forward.,Dedicated Hunter,PREFERENCE_DEDICATED_HUNTER_DEER,MODELED_PREFERENCE,TARGET,True,Modeled by engine.utah_draw_predictive.dedicated_hunter.
hybrid_ml_v2.1.0,utah_preference_dedicated_hunter_deer_v1.0.0,2026,2026,DB1792,Yellowstone,Deer,Buck,General Season,Dedicated Hunter,Nonresident,21,dedicated_hunter,1,3,,,,,1,,0,0,1,1.000000,,,1.000000,,,100.000,,,,ABOVE CUTOFF,RED,GREEN LIGHT,"2021,2022,2023,2024,2025",5,2025,2021,predictive,preference_dedicated_hunter_deer,TRUE,Forecasted from 2025 dedicated hunter ladder with residency quota split and preference carry-forward.,Dedicated Hunter,PREFERENCE_DEDICATED_HUNTER_DEER,MODELED_PREFERENCE,TARGET,True,Modeled by engine.utah_draw_predictive.dedicated_hunter.
hybrid_ml_v2.1.0,utah_preference_dedicated_hunter_deer_v1.0.0,2026,2026,DB1792,Yellowstone,Deer,Buck,General Season,Dedicated Hunter,Nonresident,22,dedicated_hunter,1,3,,,,,1,,0,0,1,1.000000,,,1.000000,,,100.000,,,,ABOVE CUTOFF,RED,GREEN LIGHT,"2021,2022,2023,2024,2025",5,2025,2021,predictive,preference_dedicated_hunter_deer,TRUE,Forecasted from 2025 dedicated hunter ladder with residency quota split and preference carry-forward.,Dedicated Hunter,PREFERENCE_DEDICATED_HUNTER_DEER,MODELED_PREFERENCE,TARGET,True,Modeled by engine.utah_draw_predictive.dedicated_hunter.
hybrid_ml_v2.1.0,utah_preference_dedicated_hunter_deer_v1.0.0,2026,2026,DB1792,Yellowstone,Deer,Buck,General Season,Dedicated Hunter,Nonresident,23,dedicated_hunter,1,3,,,,,1,,0,0,1,1.000000,,,1.000000,,,100.000,,,,ABOVE CUTOFF,RED,GREEN LIGHT,"2021,2022,2023,2024,2025",5,2025,2021,predictive,preference_dedicated_hunter_deer,TRUE,Forecasted from 2025 dedicated hunter ladder with residency quota split and preference carry-forward.,Dedicated Hunter,PREFERENCE_DEDICATED_HUNTER_DEER,MODELED_PREFERENCE,TARGET,True,Modeled by engine.utah_draw_predictive.dedicated_hunter.
hybrid_ml_v2.1.0,utah_preference_dedicated_hunter_deer_v1.0.0,2026,2026,DB1792,Yellowstone,Deer,Buck,General Season,Dedicated Hunter,Nonresident,24,dedicated_hunter,1,3,,,,,1,,0,0,1,1.000000,,,1.000000,,,100.000,,,,ABOVE CUTOFF,RED,GREEN LIGHT,"2021,2022,2023,2024,2025",5,2025,2021,predictive,preference_dedicated_hunter_deer,TRUE,Forecasted from 2025 dedicated hunter ladder with residency quota split and preference carry-forward.,Dedicated Hunter,PREFERENCE_DEDICATED_HUNTER_DEER,MODELED_PREFERENCE,TARGET,True,Modeled by engine.utah_draw_predictive.dedicated_hunter.
hybrid_ml_v2.1.0,utah_preference_dedicated_hunter_deer_v1.0.0,2026,2026,DB1792,Yellowstone,Deer,Buck,General Season,Dedicated Hunter,Resident,0,dedicated_hunter,82,43,,,,,1,1,30,40,40,0.325000,,,0.325000,,,32.500,,1,0,ON EDGE,YELLOW,MAY DRAW IN 5-10 YEARS,"2021,2022,2023,2024,2025",5,2025,2021,predictive,preference_dedicated_hunter_deer,TRUE,Forecasted from 2025 dedicated hunter ladder with residency quota split and preference carry-forward.,Dedicated Hunter,PREFERENCE_DEDICATED_HUNTER_DEER,MODELED_PREFERENCE,TARGET,True,Modeled by engine.utah_draw_predictive.dedicated_hunter.
hybrid_ml_v2.1.0,utah_preference_dedicated_hunter_deer_v1.0.0,2026,2026,DB1792,Yellowstone,Deer,Buck,General Season,Dedicated Hunter,Resident,1,dedicated_hunter,82,43,,,,,1,1,7,23,23,1.000000,,,1.000000,,,100.000,,0,0,ABOVE CUTOFF,YELLOW,GREEN LIGHT,"2021,2022,2023,2024,2025",5,2025,2021,predictive,preference_dedicated_hunter_deer,TRUE,Forecasted from 2025 dedicated hunter ladder with residency quota split and preference carry-forward.,Dedicated Hunter,PREFERENCE_DEDICATED_HUNTER_DEER,MODELED_PREFERENCE,TARGET,True,Modeled by engine.utah_draw_predictive.dedicated_hunter.
hybrid_ml_v2.1.0,utah_preference_dedicated_hunter_deer_v1.0.0,2026,2026,DB1792,Yellowstone,Deer,Buck,General Season,Dedicated Hunter,Resident,2,dedicated_hunter,82,43,,,,,1,1,3,4,4,1.000000,,,1.000000,,,100.000,,-1,0,ABOVE CUTOFF,YELLOW,GREEN LIGHT,"2021,2022,2023,2024,2025",5,2025,2021,predictive,preference_dedicated_hunter_deer,TRUE,Forecasted from 2025 dedicated hunter ladder with residency quota split and preference carry-forward.,Dedicated Hunter,PREFERENCE_DEDICATED_HUNTER_DEER,MODELED_PREFERENCE,TARGET,True,Modeled by engine.utah_draw_predictive.dedicated_hunter.
hybrid_ml_v2.1.0,utah_preference_dedicated_hunter_deer_v1.0.0,2026,2026,DB1792,Yellowstone,Deer,Buck,General Season,Dedicated Hunter,Resident,3,dedicated_hunter,82,43,,,,,1,1,0,3,3,1.000000,,,1.000000,,,100.000,,-2,0,ABOVE CUTOFF,YELLOW,GREEN LIGHT,"2021,2022,2023,2024,2025",5,2025,2021,predictive,preference_dedicated_hunter_deer,TRUE,Forecasted from 2025 dedicated hunter ladder with residency quota split and preference carry-forward.,Dedicated Hunter,PREFERENCE_DEDICATED_HUNTER_DEER,MODELED_PREFERENCE,TARGET,True,Modeled by engine.utah_draw_predictive.dedicated_hunter.
hybrid_ml_v2.1.0,utah_preference_dedicated_hunter_deer_v1.0.0,2026,2026,DB1792,Yellowstone,Deer,Buck,General Season,Dedicated Hunter,Resident,4,dedicated_hunter,82,43,,,,,1,1,0,0,1,1.000000,,,1.000000,,,100.000,,-3,0,ABOVE CUTOFF,YELLOW,GREEN LIGHT,"2021,2022,2023,2024,2025",5,2025,2021,predictive,preference_dedicated_hunter_deer,TRUE,Forecasted from 2025 dedicated hunter ladder with residency quota split and preference carry-forward.,Dedicated Hunter,PREFERENCE_DEDICATED_HUNTER_DEER,MODELED_PREFERENCE,TARGET,True,Modeled by engine.utah_draw_predictive.dedicated_hunter.
hybrid_ml_v2.1.0,utah_preference_dedicated_hunter_deer_v1.0.0,2026,2026,DB1792,Yellowstone,Deer,Buck,General Season,Dedicated Hunter,Resident,5,dedicated_hunter,82,43,,,,,1,1,0,0,1,1.000000,,,1.000000,,,100.000,,-4,0,ABOVE CUTOFF,YELLOW,GREEN LIGHT,"2021,2022,2023,2024,2025",5,2025,2021,predictive,preference_dedicated_hunter_deer,TRUE,Forecasted from 2025 dedicated hunter ladder with residency quota split and preference carry-forward.,Dedicated Hunter,PREFERENCE_DEDICATED_HUNTER_DEER,MODELED_PREFERENCE,TARGET,True,Modeled by engine.utah_draw_predictive.dedicated_hunter.
hybrid_ml_v2.1.0,utah_preference_dedicated_hunter_deer_v1.0.0,2026,2026,DB1792,Yellowstone,Deer,Buck,General Season,Dedicated Hunter,Resident,6,dedicated_hunter,82,43,,,,,1,1,0,0,1,1.000000,,,1.000000,,,100.000,,-5,0,ABOVE CUTOFF,YELLOW,GREEN LIGHT,"2021,2022,2023,2024,2025",5,2025,2021,predictive,preference_dedicated_hunter_deer,TRUE,Forecasted from 2025 dedicated hunter ladder with residency quota split and preference carry-forward.,Dedicated Hunter,PREFERENCE_DEDICATED_HUNTER_DEER,MODELED_PREFERENCE,TARGET,True,Modeled by engine.utah_draw_predictive.dedicated_hunter.
hybrid_ml_v2.1.0,utah_preference_dedicated_hunter_deer_v1.0.0,2026,2026,DB1792,Yellowstone,Deer,Buck,General Season,Dedicated Hunter,Resident,7,dedicated_hunter,82,43,,,,,1,1,0,0,1,1.000000,,,1.000000,,,100.000,,-6,0,ABOVE CUTOFF,YELLOW,GREEN LIGHT,"2021,2022,2023,2024,2025",5,2025,2021,predictive,preference_dedicated_hunter_deer,TRUE,Forecasted from 2025 dedicated hunter ladder with residency quota split and preference carry-forward.,Dedicated Hunter,PREFERENCE_DEDICATED_HUNTER_DEER,MODELED_PREFERENCE,TARGET,True,Modeled by engine.utah_draw_predictive.dedicated_hunter.
hybrid_ml_v2.1.0,utah_preference_dedicated_hunter_deer_v1.0.0,2026,2026,DB1792,Yellowstone,Deer,Buck,General Season,Dedicated Hunter,Resident,8,dedicated_hunter,82,43,,,,,1,1,0,0,1,1.000000,,,1.000000,,,100.000,,-7,0,ABOVE CUTOFF,YELLOW,GREEN LIGHT,"2021,2022,2023,2024,2025",5,2025,2021,predictive,preference_dedicated_hunter_deer,TRUE,Forecasted from 2025 dedicated hunter ladder with residency quota split and preference carry-forward.,Dedicated Hunter,PREFERENCE_DEDICATED_HUNTER_DEER,MODELED_PREFERENCE,TARGET,True,Modeled by engine.utah_draw_predictive.dedicated_hunter.
hybrid_ml_v2.1.0,utah_preference_dedicated_hunter_deer_v1.0.0,2026,2026,DB1792,Yellowstone,Deer,Buck,General Season,Dedicated Hunter,Resident,9,dedicated_hunter,82,43,,,,,1,1,0,0,1,1.000000,,,1.000000,,,100.000,,-8,0,ABOVE CUTOFF,YELLOW,GREEN LIGHT,"2021,2022,2023,2024,2025",5,2025,2021,predictive,preference_dedicated_hunter_deer,TRUE,Forecasted from 2025 dedicated hunter ladder with residency quota split and preference carry-forward.,Dedicated Hunter,PREFERENCE_DEDICATED_HUNTER_DEER,MODELED_PREFERENCE,TARGET,True,Modeled by engine.utah_draw_predictive.dedicated_hunter.
hybrid_ml_v2.1.0,utah_preference_dedicated_hunter_deer_v1.0.0,2026,2026,DB1792,Yellowstone,Deer,Buck,General Season,Dedicated Hunter,Resident,10,dedicated_hunter,82,43,,,,,1,1,0,0,1,1.000000,,,1.000000,,,100.000,,-9,0,ABOVE CUTOFF,YELLOW,GREEN LIGHT,"2021,2022,2023,2024,2025",5,2025,2021,predictive,preference_dedicated_hunter_deer,TRUE,Forecasted from 2025 dedicated hunter ladder with residency quota split and preference carry-forward.,Dedicated Hunter,PREFERENCE_DEDICATED_HUNTER_DEER,MODELED_PREFERENCE,TARGET,True,Modeled by engine.utah_draw_predictive.dedicated_hunter.
hybrid_ml_v2.1.0,utah_preference_dedicated_hunter_deer_v1.0.0,2026,2026,DB1792,Yellowstone,Deer,Buck,General Season,Dedicated Hunter,Resident,11,dedicated_hunter,82,43,,,,,1,1,0,0,1,1.000000,,,1.000000,,,100.000,,-10,0,ABOVE CUTOFF,YELLOW,GREEN LIGHT,"2021,2022,2023,2024,2025",5,2025,2021,predictive,preference_dedicated_hunter_deer,TRUE,Forecasted from 2025 dedicated hunter ladder with residency quota split and preference carry-forward.,Dedicated Hunter,PREFERENCE_DEDICATED_HUNTER_DEER,MODELED_PREFERENCE,TARGET,True,Modeled by engine.utah_draw_predictive.dedicated_hunter.
hybrid_ml_v2.1.0,utah_preference_dedicated_hunter_deer_v1.0.0,2026,2026,DB1792,Yellowstone,Deer,Buck,General Season,Dedicated Hunter,Resident,12,dedicated_hunter,82,43,,,,,1,1,0,0,1,1.000000,,,1.000000,,,100.000,,-11,0,ABOVE CUTOFF,YELLOW,GREEN LIGHT,"2021,2022,2023,2024,2025",5,2025,2021,predictive,preference_dedicated_hunter_deer,TRUE,Forecasted from 2025 dedicated hunter ladder with residency quota split and preference carry-forward.,Dedicated Hunter,PREFERENCE_DEDICATED_HUNTER_DEER,MODELED_PREFERENCE,TARGET,True,Modeled by engine.utah_draw_predictive.dedicated_hunter.
hybrid_ml_v2.1.0,utah_preference_dedicated_hunter_deer_v1.0.0,2026,2026,DB1792,Yellowstone,Deer,Buck,General Season,Dedicated Hunter,Resident,13,dedicated_hunter,82,43,,,,,1,1,0,0,1,1.000000,,,1.000000,,,100.000,,-12,0,ABOVE CUTOFF,YELLOW,GREEN LIGHT,"2021,2022,2023,2024,2025",5,2025,2021,predictive,preference_dedicated_hunter_deer,TRUE,Forecasted from 2025 dedicated hunter ladder with residency quota split and preference carry-forward.,Dedicated Hunter,PREFERENCE_DEDICATED_HUNTER_DEER,MODELED_PREFERENCE,TARGET,True,Modeled by engine.utah_draw_predictive.dedicated_hunter.
hybrid_ml_v2.1.0,utah_preference_dedicated_hunter_deer_v1.0.0,2026,2026,DB1792,Yellowstone,Deer,Buck,General Season,Dedicated Hunter,Resident,14,dedicated_hunter,82,43,,,,,1,1,0,0,1,1.000000,,,1.000000,,,100.000,,-13,0,ABOVE CUTOFF,YELLOW,GREEN LIGHT,"2021,2022,2023,2024,2025",5,2025,2021,predictive,preference_dedicated_hunter_deer,TRUE,Forecasted from 2025 dedicated hunter ladder with residency quota split and preference carry-forward.,Dedicated Hunter,PREFERENCE_DEDICATED_HUNTER_DEER,MODELED_PREFERENCE,TARGET,True,Modeled by engine.utah_draw_predictive.dedicated_hunter.
hybrid_ml_v2.1.0,utah_preference_dedicated_hunter_deer_v1.0.0,2026,2026,DB1792,Yellowstone,Deer,Buck,General Season,Dedicated Hunter,Resident,15,dedicated_hunter,82,43,,,,,1,1,0,0,1,1.000000,,,1.000000,,,100.000,,-14,0,ABOVE CUTOFF,YELLOW,GREEN LIGHT,"2021,2022,2023,2024,2025",5,2025,2021,predictive,preference_dedicated_hunter_deer,TRUE,Forecasted from 2025 dedicated hunter ladder with residency quota split and preference carry-forward.,Dedicated Hunter,PREFERENCE_DEDICATED_HUNTER_DEER,MODELED_PREFERENCE,TARGET,True,Modeled by engine.utah_draw_predictive.dedicated_hunter.
hybrid_ml_v2.1.0,utah_preference_dedicated_hunter_deer_v1.0.0,2026,2026,DB1792,Yellowstone,Deer,Buck,General Season,Dedicated Hunter,Resident,16,dedicated_hunter,82,43,,,,,1,1,0,0,1,1.000000,,,1.000000,,,100.000,,-15,0,ABOVE CUTOFF,YELLOW,GREEN LIGHT,"2021,2022,2023,2024,2025",5,2025,2021,predictive,preference_dedicated_hunter_deer,TRUE,Forecasted from 2025 dedicated hunter ladder with residency quota split and preference carry-forward.,Dedicated Hunter,PREFERENCE_DEDICATED_HUNTER_DEER,MODELED_PREFERENCE,TARGET,True,Modeled by engine.utah_draw_predictive.dedicated_hunter.
hybrid_ml_v2.1.0,utah_preference_dedicated_hunter_deer_v1.0.0,2026,2026,DB1792,Yellowstone,Deer,Buck,General Season,Dedicated Hunter,Resident,17,dedicated_hunter,82,43,,,,,1,1,0,0,1,1.000000,,,1.000000,,,100.000,,-16,0,ABOVE CUTOFF,YELLOW,GREEN LIGHT,"2021,2022,2023,2024,2025",5,2025,2021,predictive,preference_dedicated_hunter_deer,TRUE,Forecasted from 2025 dedicated hunter ladder with residency quota split and preference carry-forward.,Dedicated Hunter,PREFERENCE_DEDICATED_HUNTER_DEER,MODELED_PREFERENCE,TARGET,True,Modeled by engine.utah_draw_predictive.dedicated_hunter.
hybrid_ml_v2.1.0,utah_preference_dedicated_hunter_deer_v1.0.0,2026,2026,DB1792,Yellowstone,Deer,Buck,General Season,Dedicated Hunter,Resident,18,dedicated_hunter,82,43,,,,,1,1,0,0,1,1.000000,,,1.000000,,,100.000,,-17,0,ABOVE CUTOFF,YELLOW,GREEN LIGHT,"2021,2022,2023,2024,2025",5,2025,2021,predictive,preference_dedicated_hunter_deer,TRUE,Forecasted from 2025 dedicated hunter ladder with residency quota split and preference carry-forward.,Dedicated Hunter,PREFERENCE_DEDICATED_HUNTER_DEER,MODELED_PREFERENCE,TARGET,True,Modeled by engine.utah_draw_predictive.dedicated_hunter.
hybrid_ml_v2.1.0,utah_preference_dedicated_hunter_deer_v1.0.0,2026,2026,DB1792,Yellowstone,Deer,Buck,General Season,Dedicated Hunter,Resident,19,dedicated_hunter,82,43,,,,,1,1,0,0,1,1.000000,,,1.000000,,,100.000,,-18,0,ABOVE CUTOFF,YELLOW,GREEN LIGHT,"2021,2022,2023,2024,2025",5,2025,2021,predictive,preference_dedicated_hunter_deer,TRUE,Forecasted from 2025 dedicated hunter ladder with residency quota split and preference carry-forward.,Dedicated Hunter,PREFERENCE_DEDICATED_HUNTER_DEER,MODELED_PREFERENCE,TARGET,True,Modeled by engine.utah_draw_predictive.dedicated_hunter.
hybrid_ml_v2.1.0,utah_preference_dedicated_hunter_deer_v1.0.0,2026,2026,DB1792,Yellowstone,Deer,Buck,General Season,Dedicated Hunter,Resident,20,dedicated_hunter,82,43,,,,,1,1,0,0,1,1.000000,,,1.000000,,,100.000,,-19,0,ABOVE CUTOFF,YELLOW,GREEN LIGHT,"2021,2022,2023,2024,2025",5,2025,2021,predictive,preference_dedicated_hunter_deer,TRUE,Forecasted from 2025 dedicated hunter ladder with residency quota split and preference carry-forward.,Dedicated Hunter,PREFERENCE_DEDICATED_HUNTER_DEER,MODELED_PREFERENCE,TARGET,True,Modeled by engine.utah_draw_predictive.dedicated_hunter.
hybrid_ml_v2.1.0,utah_preference_dedicated_hunter_deer_v1.0.0,2026,2026,DB1792,Yellowstone,Deer,Buck,General Season,Dedicated Hunter,Resident,21,dedicated_hunter,82,43,,,,,1,1,0,0,1,1.000000,,,1.000000,,,100.000,,-20,0,ABOVE CUTOFF,YELLOW,GREEN LIGHT,"2021,2022,2023,2024,2025",5,2025,2021,predictive,preference_dedicated_hunter_deer,TRUE,Forecasted from 2025 dedicated hunter ladder with residency quota split and preference carry-forward.,Dedicated Hunter,PREFERENCE_DEDICATED_HUNTER_DEER,MODELED_PREFERENCE,TARGET,True,Modeled by engine.utah_draw_predictive.dedicated_hunter.
hybrid_ml_v2.1.0,utah_preference_dedicated_hunter_deer_v1.0.0,2026,2026,DB1792,Yellowstone,Deer,Buck,General Season,Dedicated Hunter,Resident,22,dedicated_hunter,82,43,,,,,1,1,0,0,1,1.000000,,,1.000000,,,100.000,,-21,0,ABOVE CUTOFF,YELLOW,GREEN LIGHT,"2021,2022,2023,2024,2025",5,2025,2021,predictive,preference_dedicated_hunter_deer,TRUE,Forecasted from 2025 dedicated hunter ladder with residency quota split and preference carry-forward.,Dedicated Hunter,PREFERENCE_DEDICATED_HUNTER_DEER,MODELED_PREFERENCE,TARGET,True,Modeled by engine.utah_draw_predictive.dedicated_hunter.
hybrid_ml_v2.1.0,utah_preference_dedicated_hunter_deer_v1.0.0,2026,2026,DB1792,Yellowstone,Deer,Buck,General Season,Dedicated Hunter,Resident,23,dedicated_hunter,82,43,,,,,1,1,0,0,1,1.000000,,,1.000000,,,100.000,,-22,0,ABOVE CUTOFF,YELLOW,GREEN LIGHT,"2021,2022,2023,2024,2025",5,2025,2021,predictive,preference_dedicated_hunter_deer,TRUE,Forecasted from 2025 dedicated hunter ladder with residency quota split and preference carry-forward.,Dedicated Hunter,PREFERENCE_DEDICATED_HUNTER_DEER,MODELED_PREFERENCE,TARGET,True,Modeled by engine.utah_draw_predictive.dedicated_hunter.
hybrid_ml_v2.1.0,utah_preference_dedicated_hunter_deer_v1.0.0,2026,2026,DB1792,Yellowstone,Deer,Buck,General Season,Dedicated Hunter,Resident,24,dedicated_hunter,82,43,,,,,1,1,0,0,1,1.000000,,,1.000000,,,100.000,,-23,0,ABOVE CUTOFF,YELLOW,GREEN LIGHT,"2021,2022,2023,2024,2025",5,2025,2021,predictive,preference_dedicated_hunter_deer,TRUE,Forecasted from 2025 dedicated hunter ladder with residency quota split and preference carry-forward.,Dedicated Hunter,PREFERENCE_DEDICATED_HUNTER_DEER,MODELED_PREFERENCE,TARGET,True,Modeled by engine.utah_draw_predictive.dedicated_hunter.
hybrid_ml_v2.1.0,utah_preference_dedicated_hunter_deer_v1.0.0,2026,2026,DB1793,Southwest Desert,Deer,Buck,General Season,Dedicated Hunter,Nonresident,0,dedicated_hunter,1,1,,,,,5,4,2,0,1,0.000000,,,0.000000,,,0.000,,4,-1,BEHIND,RED,POINT CREEP DEFEAT,"2021,2022,2023,2024,2025",5,2025,2021,predictive,preference_dedicated_hunter_deer,TRUE,Forecasted from 2025 dedicated hunter ladder with residency quota split and preference carry-forward.,Dedicated Hunter,PREFERENCE_DEDICATED_HUNTER_DEER,MODELED_PREFERENCE,TARGET,True,Modeled by engine.utah_draw_predictive.dedicated_hunter.
hybrid_ml_v2.1.0,utah_preference_dedicated_hunter_deer_v1.0.0,2026,2026,DB1793,Southwest Desert,Deer,Buck,General Season,Dedicated Hunter,Nonresident,1,dedicated_hunter,1,1,,,,,5,4,2,0,1,0.000000,,,0.000000,,,0.000,,3,-1,BEHIND,RED,POINT CREEP DEFEAT,"2021,2022,2023,2024,2025",5,2025,2021,predictive,preference_dedicated_hunter_deer,TRUE,Forecasted from 2025 dedicated hunter ladder with residency quota split and preference carry-forward.,Dedicated Hunter,PREFERENCE_DEDICATED_HUNTER_DEER,MODELED_PREFERENCE,TARGET,True,Modeled by engine.utah_draw_predictive.dedicated_hunter.
hybrid_ml_v2.1.0,utah_preference_dedicated_hunter_deer_v1.0.0,2026,2026,DB1793,Southwest Desert,Deer,Buck,General Season,Dedicated Hunter,Nonresident,2,dedicated_hunter,1,1,,,,,5,4,2,0,1,0.000000,,,0.000000,,,0.000,,2,-1,BEHIND,RED,POINT CREEP DEFEAT,"2021,2022,2023,2024,2025",5,2025,2021,predictive,preference_dedicated_hunter_deer,TRUE,Forecasted from 2025 dedicated hunter ladder with residency quota split and preference carry-forward.,Dedicated Hunter,PREFERENCE_DEDICATED_HUNTER_DEER,MODELED_PREFERENCE,TARGET,True,Modeled by engine.utah_draw_predictive.dedicated_hunter.
hybrid_ml_v2.1.0,utah_preference_dedicated_hunter_deer_v1.0.0,2026,2026,DB1793,Southwest Desert,Deer,Buck,General Season,Dedicated Hunter,Nonresident,3,dedicated_hunter,1,1,,,,,5,4,1,1,1,0.000000,,,0.000000,,,0.000,,1,-1,BEHIND,RED,MAY DRAW IN 5-10 YEARS,"2021,2022,2023,2024,2025",5,2025,2021,predictive,preference_dedicated_hunter_deer,TRUE,Forecasted from 2025 dedicated hunter ladder with residency quota split and preference carry-forward.,Dedicated Hunter,PREFERENCE_DEDICATED_HUNTER_DEER,MODELED_PREFERENCE,TARGET,True,Modeled by engine.utah_draw_predictive.dedicated_hunter.
hybrid_ml_v2.1.0,utah_preference_dedicated_hunter_deer_v1.0.0,2026,2026,DB1793,Southwest Desert,Deer,Buck,General Season,Dedicated Hunter,Nonresident,4,dedicated_hunter,1,1,,,,,5,4,0,1,1,1.000000,,,1.000000,,,100.000,,0,-1,ABOVE CUTOFF,RED,GREEN LIGHT,"2021,2022,2023,2024,2025",5,2025,2021,predictive,preference_dedicated_hunter_deer,TRUE,Forecasted from 2025 dedicated hunter ladder with residency quota split and preference carry-forward.,Dedicated Hunter,PREFERENCE_DEDICATED_HUNTER_DEER,MODELED_PREFERENCE,TARGET,True,Modeled by engine.utah_draw_predictive.dedicated_hunter.
hybrid_ml_v2.1.0,utah_preference_dedicated_hunter_deer_v1.0.0,2026,2026,DB1793,Southwest Desert,Deer,Buck,General Season,Dedicated Hunter,Nonresident,5,dedicated_hunter,1,1,,,,,5,4,0,0,1,1.000000,,,1.000000,,,100.000,,-1,-1,ABOVE CUTOFF,RED,GREEN LIGHT,"2021,2022,2023,2024,2025",5,2025,2021,predictive,preference_dedicated_hunter_deer,TRUE,Forecasted from 2025 dedicated hunter ladder with residency quota split and preference carry-forward.,Dedicated Hunter,PREFERENCE_DEDICATED_HUNTER_DEER,MODELED_PREFERENCE,TARGET,True,Modeled by engine.utah_draw_predictive.dedicated_hunter.
hybrid_ml_v2.1.0,utah_preference_dedicated_hunter_deer_v1.0.0,2026,2026,DB1793,Southwest Desert,Deer,Buck,General Season,Dedicated Hunter,Nonresident,6,dedicated_hunter,1,1,,,,,5,4,0,0,1,1.000000,,,1.000000,,,100.000,,-2,-1,ABOVE CUTOFF,RED,GREEN LIGHT,"2021,2022,2023,2024,2025",5,2025,2021,predictive,preference_dedicated_hunter_deer,TRUE,Forecasted from 2025 dedicated hunter ladder with residency quota split and preference carry-forward.,Dedicated Hunter,PREFERENCE_DEDICATED_HUNTER_DEER,MODELED_PREFERENCE,TARGET,True,Modeled by engine.utah_draw_predictive.dedicated_hunter.
hybrid_ml_v2.1.0,utah_preference_dedicated_hunter_deer_v1.0.0,2026,2026,DB1793,Southwest Desert,Deer,Buck,General Season,Dedicated Hunter,Nonresident,7,dedicated_hunter,1,1,,,,,5,4,0,0,1,1.000000,,,1.000000,,,100.000,,-3,-1,ABOVE CUTOFF,RED,GREEN LIGHT,"2021,2022,2023,2024,2025",5,2025,2021,predictive,preference_dedicated_hunter_deer,TRUE,Forecasted from 2025 dedicated hunter ladder with residency quota split and preference carry-forward.,Dedicated Hunter,PREFERENCE_DEDICATED_HUNTER_DEER,MODELED_PREFERENCE,TARGET,True,Modeled by engine.utah_draw_predictive.dedicated_hunter.
hybrid_ml_v2.1.0,utah_preference_dedicated_hunter_deer_v1.0.0,2026,2026,DB1793,Southwest Desert,Deer,Buck,General Season,Dedicated Hunter,Nonresident,8,dedicated_hunter,1,1,,,,,5,4,0,0,1,1.000000,,,1.000000,,,100.000,,-4,-1,ABOVE CUTOFF,RED,GREEN LIGHT,"2021,2022,2023,2024,2025",5,2025,2021,predictive,preference_dedicated_hunter_deer,TRUE,Forecasted from 2025 dedicated hunter ladder with residency quota split and preference carry-forward.,Dedicated Hunter,PREFERENCE_DEDICATED_HUNTER_DEER,MODELED_PREFERENCE,TARGET,True,Modeled by engine.utah_draw_predictive.dedicated_hunter.
hybrid_ml_v2.1.0,utah_preference_dedicated_hunter_deer_v1.0.0,2026,2026,DB1793,Southwest Desert,Deer,Buck,General Season,Dedicated Hunter,Nonresident,9,dedicated_hunter,1,1,,,,,5,4,0,0,1,1.000000,,,1.000000,,,100.000,,-5,-1,ABOVE CUTOFF,RED,GREEN LIGHT,"2021,2022,2023,2024,2025",5,2025,2021,predictive,preference_dedicated_hunter_deer,TRUE,Forecasted from 2025 dedicated hunter ladder with residency quota split and preference carry-forward.,Dedicated Hunter,PREFERENCE_DEDICATED_HUNTER_DEER,MODELED_PREFERENCE,TARGET,True,Modeled by engine.utah_draw_predictive.dedicated_hunter.
hybrid_ml_v2.1.0,utah_preference_dedicated_hunter_deer_v1.0.0,2026,2026,DB1793,Southwest Desert,Deer,Buck,General Season,Dedicated Hunter,Nonresident,10,dedicated_hunter,1,1,,,,,5,4,0,0,1,1.000000,,,1.000000,,,100.000,,-6,-1,ABOVE CUTOFF,RED,GREEN LIGHT,"2021,2022,2023,2024,2025",5,2025,2021,predictive,preference_dedicated_hunter_deer,TRUE,Forecasted from 2025 dedicated hunter ladder with residency quota split and preference carry-forward.,Dedicated Hunter,PREFERENCE_DEDICATED_HUNTER_DEER,MODELED_PREFERENCE,TARGET,True,Modeled by engine.utah_draw_predictive.dedicated_hunter.
hybrid_ml_v2.1.0,utah_preference_dedicated_hunter_deer_v1.0.0,2026,2026,DB1793,Southwest Desert,Deer,Buck,General Season,Dedicated Hunter,Nonresident,11,dedicated_hunter,1,1,,,,,5,4,0,0,1,1.000000,,,1.000000,,,100.000,,-7,-1,ABOVE CUTOFF,RED,GREEN LIGHT,"2021,2022,2023,2024,2025",5,2025,2021,predictive,preference_dedicated_hunter_deer,TRUE,Forecasted from 2025 dedicated hunter ladder with residency quota split and preference carry-forward.,Dedicated Hunter,PREFERENCE_DEDICATED_HUNTER_DEER,MODELED_PREFERENCE,TARGET,True,Modeled by engine.utah_draw_predictive.dedicated_hunter.
hybrid_ml_v2.1.0,utah_preference_dedicated_hunter_deer_v1.0.0,2026,2026,DB1793,Southwest Desert,Deer,Buck,General Season,Dedicated Hunter,Nonresident,12,dedicated_hunter,1,1,,,,,5,4,0,0,1,1.000000,,,1.000000,,,100.000,,-8,-1,ABOVE CUTOFF,RED,GREEN LIGHT,"2021,2022,2023,2024,2025",5,2025,2021,predictive,preference_dedicated_hunter_deer,TRUE,Forecasted from 2025 dedicated hunter ladder with residency quota split and preference carry-forward.,Dedicated Hunter,PREFERENCE_DEDICATED_HUNTER_DEER,MODELED_PREFERENCE,TARGET,True,Modeled by engine.utah_draw_predictive.dedicated_hunter.
hybrid_ml_v2.1.0,utah_preference_dedicated_hunter_deer_v1.0.0,2026,2026,DB1793,Southwest Desert,Deer,Buck,General Season,Dedicated Hunter,Nonresident,13,dedicated_hunter,1,1,,,,,5,4,0,0,1,1.000000,,,1.000000,,,100.000,,-9,-1,ABOVE CUTOFF,RED,GREEN LIGHT,"2021,2022,2023,2024,2025",5,2025,2021,predictive,preference_dedicated_hunter_deer,TRUE,Forecasted from 2025 dedicated hunter ladder with residency quota split and preference carry-forward.,Dedicated Hunter,PREFERENCE_DEDICATED_HUNTER_DEER,MODELED_PREFERENCE,TARGET,True,Modeled by engine.utah_draw_predictive.dedicated_hunter.
hybrid_ml_v2.1.0,utah_preference_dedicated_hunter_deer_v1.0.0,2026,2026,DB1793,Southwest Desert,Deer,Buck,General Season,Dedicated Hunter,Nonresident,14,dedicated_hunter,1,1,,,,,5,4,0,0,1,1.000000,,,1.000000,,,100.000,,-10,-1,ABOVE CUTOFF,RED,GREEN LIGHT,"2021,2022,2023,2024,2025",5,2025,2021,predictive,preference_dedicated_hunter_deer,TRUE,Forecasted from 2025 dedicated hunter ladder with residency quota split and preference carry-forward.,Dedicated Hunter,PREFERENCE_DEDICATED_HUNTER_DEER,MODELED_PREFERENCE,TARGET,True,Modeled by engine.utah_draw_predictive.dedicated_hunter.
hybrid_ml_v2.1.0,utah_preference_dedicated_hunter_deer_v1.0.0,2026,2026,DB1793,Southwest Desert,Deer,Buck,General Season,Dedicated Hunter,Nonresident,15,dedicated_hunter,1,1,,,,,5,4,0,0,1,1.000000,,,1.000000,,,100.000,,-11,-1,ABOVE CUTOFF,RED,GREEN LIGHT,"2021,2022,2023,2024,2025",5,2025,2021,predictive,preference_dedicated_hunter_deer,TRUE,Forecasted from 2025 dedicated hunter ladder with residency quota split and preference carry-forward.,Dedicated Hunter,PREFERENCE_DEDICATED_HUNTER_DEER,MODELED_PREFERENCE,TARGET,True,Modeled by engine.utah_draw_predictive.dedicated_hunter.
hybrid_ml_v2.1.0,utah_preference_dedicated_hunter_deer_v1.0.0,2026,2026,DB1793,Southwest Desert,Deer,Buck,General Season,Dedicated Hunter,Nonresident,16,dedicated_hunter,1,1,,,,,5,4,0,0,1,1.000000,,,1.000000,,,100.000,,-12,-1,ABOVE CUTOFF,RED,GREEN LIGHT,"2021,2022,2023,2024,2025",5,2025,2021,predictive,preference_dedicated_hunter_deer,TRUE,Forecasted from 2025 dedicated hunter ladder with residency quota split and preference carry-forward.,Dedicated Hunter,PREFERENCE_DEDICATED_HUNTER_DEER,MODELED_PREFERENCE,TARGET,True,Modeled by engine.utah_draw_predictive.dedicated_hunter.
hybrid_ml_v2.1.0,utah_preference_dedicated_hunter_deer_v1.0.0,2026,2026,DB1793,Southwest Desert,Deer,Buck,General Season,Dedicated Hunter,Nonresident,17,dedicated_hunter,1,1,,,,,5,4,0,0,1,1.000000,,,1.000000,,,100.000,,-13,-1,ABOVE CUTOFF,RED,GREEN LIGHT,"2021,2022,2023,2024,2025",5,2025,2021,predictive,preference_dedicated_hunter_deer,TRUE,Forecasted from 2025 dedicated hunter ladder with residency quota split and preference carry-forward.,Dedicated Hunter,PREFERENCE_DEDICATED_HUNTER_DEER,MODELED_PREFERENCE,TARGET,True,Modeled by engine.utah_draw_predictive.dedicated_hunter.
hybrid_ml_v2.1.0,utah_preference_dedicated_hunter_deer_v1.0.0,2026,2026,DB1793,Southwest Desert,Deer,Buck,General Season,Dedicated Hunter,Nonresident,18,dedicated_hunter,1,1,,,,,5,4,0,0,1,1.000000,,,1.000000,,,100.000,,-14,-1,ABOVE CUTOFF,RED,GREEN LIGHT,"2021,2022,2023,2024,2025",5,2025,2021,predictive,preference_dedicated_hunter_deer,TRUE,Forecasted from 2025 dedicated hunter ladder with residency quota split and preference carry-forward.,Dedicated Hunter,PREFERENCE_DEDICATED_HUNTER_DEER,MODELED_PREFERENCE,TARGET,True,Modeled by engine.utah_draw_predictive.dedicated_hunter.
hybrid_ml_v2.1.0,utah_preference_dedicated_hunter_deer_v1.0.0,2026,2026,DB1793,Southwest Desert,Deer,Buck,General Season,Dedicated Hunter,Nonresident,19,dedicated_hunter,1,1,,,,,5,4,0,0,1,1.000000,,,1.000000,,,100.000,,-15,-1,ABOVE CUTOFF,RED,GREEN LIGHT,"2021,2022,2023,2024,2025",5,2025,2021,predictive,preference_dedicated_hunter_deer,TRUE,Forecasted from 2025 dedicated hunter ladder with residency quota split and preference carry-forward.,Dedicated Hunter,PREFERENCE_DEDICATED_HUNTER_DEER,MODELED_PREFERENCE,TARGET,True,Modeled by engine.utah_draw_predictive.dedicated_hunter.
hybrid_ml_v2.1.0,utah_preference_dedicated_hunter_deer_v1.0.0,2026,2026,DB1793,Southwest Desert,Deer,Buck,General Season,Dedicated Hunter,Nonresident,20,dedicated_hunter,1,1,,,,,5,4,0,0,1,1.000000,,,1.000000,,,100.000,,-16,-1,ABOVE CUTOFF,RED,GREEN LIGHT,"2021,2022,2023,2024,2025",5,2025,2021,predictive,preference_dedicated_hunter_deer,TRUE,Forecasted from 2025 dedicated hunter ladder with residency quota split and preference carry-forward.,Dedicated Hunter,PREFERENCE_DEDICATED_HUNTER_DEER,MODELED_PREFERENCE,TARGET,True,Modeled by engine.utah_draw_predictive.dedicated_hunter.
hybrid_ml_v2.1.0,utah_preference_dedicated_hunter_deer_v1.0.0,2026,2026,DB1793,Southwest Desert,Deer,Buck,General Season,Dedicated Hunter,Nonresident,21,dedicated_hunter,1,1,,,,,5,4,0,0,1,1.000000,,,1.000000,,,100.000,,-17,-1,ABOVE CUTOFF,RED,GREEN LIGHT,"2021,2022,2023,2024,2025",5,2025,2021,predictive,preference_dedicated_hunter_deer,TRUE,Forecasted from 2025 dedicated hunter ladder with residency quota split and preference carry-forward.,Dedicated Hunter,PREFERENCE_DEDICATED_HUNTER_DEER,MODELED_PREFERENCE,TARGET,True,Modeled by engine.utah_draw_predictive.dedicated_hunter.
hybrid_ml_v2.1.0,utah_preference_dedicated_hunter_deer_v1.0.0,2026,2026,DB1793,Southwest Desert,Deer,Buck,General Season,Dedicated Hunter,Nonresident,22,dedicated_hunter,1,1,,,,,5,4,0,0,1,1.000000,,,1.000000,,,100.000,,-18,-1,ABOVE CUTOFF,RED,GREEN LIGHT,"2021,2022,2023,2024,2025",5,2025,2021,predictive,preference_dedicated_hunter_deer,TRUE,Forecasted from 2025 dedicated hunter ladder with residency quota split and preference carry-forward.,Dedicated Hunter,PREFERENCE_DEDICATED_HUNTER_DEER,MODELED_PREFERENCE,TARGET,True,Modeled by engine.utah_draw_predictive.dedicated_hunter.
hybrid_ml_v2.1.0,utah_preference_dedicated_hunter_deer_v1.0.0,2026,2026,DB1793,Southwest Desert,Deer,Buck,General Season,Dedicated Hunter,Nonresident,23,dedicated_hunter,1,1,,,,,5,4,0,0,1,1.000000,,,1.000000,,,100.000,,-19,-1,ABOVE CUTOFF,RED,GREEN LIGHT,"2021,2022,2023,2024,2025",5,2025,2021,predictive,preference_dedicated_hunter_deer,TRUE,Forecasted from 2025 dedicated hunter ladder with residency quota split and preference carry-forward.,Dedicated Hunter,PREFERENCE_DEDICATED_HUNTER_DEER,MODELED_PREFERENCE,TARGET,True,Modeled by engine.utah_draw_predictive.dedicated_hunter.
hybrid_ml_v2.1.0,utah_preference_dedicated_hunter_deer_v1.0.0,2026,2026,DB1793,Southwest Desert,Deer,Buck,General Season,Dedicated Hunter,Nonresident,24,dedicated_hunter,1,1,,,,,5,4,0,0,1,1.000000,,,1.000000,,,100.000,,-20,-1,ABOVE CUTOFF,RED,GREEN LIGHT,"2021,2022,2023,2024,2025",5,2025,2021,predictive,preference_dedicated_hunter_deer,TRUE,Forecasted from 2025 dedicated hunter ladder with residency quota split and preference carry-forward.,Dedicated Hunter,PREFERENCE_DEDICATED_HUNTER_DEER,MODELED_PREFERENCE,TARGET,True,Modeled by engine.utah_draw_predictive.dedicated_hunter.
hybrid_ml_v2.1.0,utah_preference_dedicated_hunter_deer_v1.0.0,2026,2026,DB1793,Southwest Desert,Deer,Buck,General Season,Dedicated Hunter,Resident,0,dedicated_hunter,1,37,,,,,10,4,78,9,9,0.000000,,,0.000000,,,0.000,,4,-6,BEHIND,RED,POINT CREEP DEFEAT,"2021,2022,2023,2024,2025",5,2025,2021,predictive,preference_dedicated_hunter_deer,TRUE,Forecasted from 2025 dedicated hunter ladder with residency quota split and preference carry-forward.,Dedicated Hunter,PREFERENCE_DEDICATED_HUNTER_DEER,MODELED_PREFERENCE,TARGET,True,Modeled by engine.utah_draw_predictive.dedicated_hunter.
hybrid_ml_v2.1.0,utah_preference_dedicated_hunter_deer_v1.0.0,2026,2026,DB1793,Southwest Desert,Deer,Buck,General Season,Dedicated Hunter,Resident,1,dedicated_hunter,1,37,,,,,10,4,71,7,7,0.000000,,,0.000000,,,0.000,,3,-6,BEHIND,RED,POINT CREEP DEFEAT,"2021,2022,2023,2024,2025",5,2025,2021,predictive,preference_dedicated_hunter_deer,TRUE,Forecasted from 2025 dedicated hunter ladder with residency quota split and preference carry-forward.,Dedicated Hunter,PREFERENCE_DEDICATED_HUNTER_DEER,MODELED_PREFERENCE,TARGET,True,Modeled by engine.utah_draw_predictive.dedicated_hunter.
hybrid_ml_v2.1.0,utah_preference_dedicated_hunter_deer_v1.0.0,2026,2026,DB1793,Southwest Desert,Deer,Buck,General Season,Dedicated Hunter,Resident,2,dedicated_hunter,1,37,,,,,10,4,59,12,12,0.000000,,,0.000000,,,0.000,,2,-6,BEHIND,RED,POINT CREEP DEFEAT,"2021,2022,2023,2024,2025",5,2025,2021,predictive,preference_dedicated_hunter_deer,TRUE,Forecasted from 2025 dedicated hunter ladder with residency quota split and preference carry-forward.,Dedicated Hunter,PREFERENCE_DEDICATED_HUNTER_DEER,MODELED_PREFERENCE,TARGET,True,Modeled by engine.utah_draw_predictive.dedicated_hunter.
hybrid_ml_v2.1.0,utah_preference_dedicated_hunter_deer_v1.0.0,2026,2026,DB1793,Southwest Desert,Deer,Buck,General Season,Dedicated Hunter,Resident,3,dedicated_hunter,1,37,,,,,10,4,36,23,23,0.043478,,,0.043478,,,4.348,,1,-6,ON EDGE,RED,RANDOM POOL RELIANCE,"2021,2022,2023,2024,2025",5,2025,2021,predictive,preference_dedicated_hunter_deer,TRUE,Forecasted from 2025 dedicated hunter ladder with residency quota split and preference carry-forward.,Dedicated Hunter,PREFERENCE_DEDICATED_HUNTER_DEER,MODELED_PREFERENCE,TARGET,True,Modeled by engine.utah_draw_predictive.dedicated_hunter.
hybrid_ml_v2.1.0,utah_preference_dedicated_hunter_deer_v1.0.0,2026,2026,DB1793,Southwest Desert,Deer,Buck,General Season,Dedicated Hunter,Resident,4,dedicated_hunter,1,37,,,,,10,4,10,26,26,1.000000,,,1.000000,,,100.000,,0,-6,ABOVE CUTOFF,RED,GREEN LIGHT,"2021,2022,2023,2024,2025",5,2025,2021,predictive,preference_dedicated_hunter_deer,TRUE,Forecasted from 2025 dedicated hunter ladder with residency quota split and preference carry-forward.,Dedicated Hunter,PREFERENCE_DEDICATED_HUNTER_DEER,MODELED_PREFERENCE,TARGET,True,Modeled by engine.utah_draw_predictive.dedicated_hunter.
hybrid_ml_v2.1.0,utah_preference_dedicated_hunter_deer_v1.0.0,2026,2026,DB1793,Southwest Desert,Deer,Buck,General Season,Dedicated Hunter,Resident,5,dedicated_hunter,1,37,,,,,10,4,2,8,8,1.000000,,,1.000000,,,100.000,,-1,-6,ABOVE CUTOFF,RED,GREEN LIGHT,"2021,2022,2023,2024,2025",5,2025,2021,predictive,preference_dedicated_hunter_deer,TRUE,Forecasted from 2025 dedicated hunter ladder with residency quota split and preference carry-forward.,Dedicated Hunter,PREFERENCE_DEDICATED_HUNTER_DEER,MODELED_PREFERENCE,TARGET,True,Modeled by engine.utah_draw_predictive.dedicated_hunter.
hybrid_ml_v2.1.0,utah_preference_dedicated_hunter_deer_v1.0.0,2026,2026,DB1793,Southwest Desert,Deer,Buck,General Season,Dedicated Hunter,Resident,6,dedicated_hunter,1,37,,,,,10,4,0,2,2,1.000000,,,1.000000,,,100.000,,-2,-6,ABOVE CUTOFF,RED,GREEN LIGHT,"2021,2022,2023,2024,2025",5,2025,2021,predictive,preference_dedicated_hunter_deer,TRUE,Forecasted from 2025 dedicated hunter ladder with residency quota split and preference carry-forward.,Dedicated Hunter,PREFERENCE_DEDICATED_HUNTER_DEER,MODELED_PREFERENCE,TARGET,True,Modeled by engine.utah_draw_predictive.dedicated_hunter.
hybrid_ml_v2.1.0,utah_preference_dedicated_hunter_deer_v1.0.0,2026,2026,DB1793,Southwest Desert,Deer,Buck,General Season,Dedicated Hunter,Resident,7,dedicated_hunter,1,37,,,,,10,4,0,0,1,1.000000,,,1.000000,,,100.000,,-3,-6,ABOVE CUTOFF,RED,GREEN LIGHT,"2021,2022,2023,2024,2025",5,2025,2021,predictive,preference_dedicated_hunter_deer,TRUE,Forecasted from 2025 dedicated hunter ladder with residency quota split and preference carry-forward.,Dedicated Hunter,PREFERENCE_DEDICATED_HUNTER_DEER,MODELED_PREFERENCE,TARGET,True,Modeled by engine.utah_draw_predictive.dedicated_hunter.
hybrid_ml_v2.1.0,utah_preference_dedicated_hunter_deer_v1.0.0,2026,2026,DB1793,Southwest Desert,Deer,Buck,General Season,Dedicated Hunter,Resident,8,dedicated_hunter,1,37,,,,,10,4,0,0,1,1.000000,,,1.000000,,,100.000,,-4,-6,ABOVE CUTOFF,RED,GREEN LIGHT,"2021,2022,2023,2024,2025",5,2025,2021,predictive,preference_dedicated_hunter_deer,TRUE,Forecasted from 2025 dedicated hunter ladder with residency quota split and preference carry-forward.,Dedicated Hunter,PREFERENCE_DEDICATED_HUNTER_DEER,MODELED_PREFERENCE,TARGET,True,Modeled by engine.utah_draw_predictive.dedicated_hunter.
hybrid_ml_v2.1.0,utah_preference_dedicated_hunter_deer_v1.0.0,2026,2026,DB1793,Southwest Desert,Deer,Buck,General Season,Dedicated Hunter,Resident,9,dedicated_hunter,1,37,,,,,10,4,0,0,1,1.000000,,,1.000000,,,100.000,,-5,-6,ABOVE CUTOFF,RED,GREEN LIGHT,"2021,2022,2023,2024,2025",5,2025,2021,predictive,preference_dedicated_hunter_deer,TRUE,Forecasted from 2025 dedicated hunter ladder with residency quota split and preference carry-forward.,Dedicated Hunter,PREFERENCE_DEDICATED_HUNTER_DEER,MODELED_PREFERENCE,TARGET,True,Modeled by engine.utah_draw_predictive.dedicated_hunter.
hybrid_ml_v2.1.0,utah_preference_dedicated_hunter_deer_v1.0.0,2026,2026,DB1793,Southwest Desert,Deer,Buck,General Season,Dedicated Hunter,Resident,10,dedicated_hunter,1,37,,,,,10,4,0,0,1,1.000000,,,1.000000,,,100.000,,-6,-6,ABOVE CUTOFF,RED,GREEN LIGHT,"2021,2022,2023,2024,2025",5,2025,2021,predictive,preference_dedicated_hunter_deer,TRUE,Forecasted from 2025 dedicated hunter ladder with residency quota split and preference carry-forward.,Dedicated Hunter,PREFERENCE_DEDICATED_HUNTER_DEER,MODELED_PREFERENCE,TARGET,True,Modeled by engine.utah_draw_predictive.dedicated_hunter.
hybrid_ml_v2.1.0,utah_preference_dedicated_hunter_deer_v1.0.0,2026,2026,DB1793,Southwest Desert,Deer,Buck,General Season,Dedicated Hunter,Resident,11,dedicated_hunter,1,37,,,,,10,4,0,0,1,1.000000,,,1.000000,,,100.000,,-7,-6,ABOVE CUTOFF,RED,GREEN LIGHT,"2021,2022,2023,2024,2025",5,2025,2021,predictive,preference_dedicated_hunter_deer,TRUE,Forecasted from 2025 dedicated hunter ladder with residency quota split and preference carry-forward.,Dedicated Hunter,PREFERENCE_DEDICATED_HUNTER_DEER,MODELED_PREFERENCE,TARGET,True,Modeled by engine.utah_draw_predictive.dedicated_hunter.
hybrid_ml_v2.1.0,utah_preference_dedicated_hunter_deer_v1.0.0,2026,2026,DB1793,Southwest Desert,Deer,Buck,General Season,Dedicated Hunter,Resident,12,dedicated_hunter,1,37,,,,,10,4,0,0,1,1.000000,,,1.000000,,,100.000,,-8,-6,ABOVE CUTOFF,RED,GREEN LIGHT,"2021,2022,2023,2024,2025",5,2025,2021,predictive,preference_dedicated_hunter_deer,TRUE,Forecasted from 2025 dedicated hunter ladder with residency quota split and preference carry-forward.,Dedicated Hunter,PREFERENCE_DEDICATED_HUNTER_DEER,MODELED_PREFERENCE,TARGET,True,Modeled by engine.utah_draw_predictive.dedicated_hunter.
hybrid_ml_v2.1.0,utah_preference_dedicated_hunter_deer_v1.0.0,2026,2026,DB1793,Southwest Desert,Deer,Buck,General Season,Dedicated Hunter,Resident,13,dedicated_hunter,1,37,,,,,10,4,0,0,1,1.000000,,,1.000000,,,100.000,,-9,-6,ABOVE CUTOFF,RED,GREEN LIGHT,"2021,2022,2023,2024,2025",5,2025,2021,predictive,preference_dedicated_hunter_deer,TRUE,Forecasted from 2025 dedicated hunter ladder with residency quota split and preference carry-forward.,Dedicated Hunter,PREFERENCE_DEDICATED_HUNTER_DEER,MODELED_PREFERENCE,TARGET,True,Modeled by engine.utah_draw_predictive.dedicated_hunter.
hybrid_ml_v2.1.0,utah_preference_dedicated_hunter_deer_v1.0.0,2026,2026,DB1793,Southwest Desert,Deer,Buck,General Season,Dedicated Hunter,Resident,14,dedicated_hunter,1,37,,,,,10,4,0,0,1,1.000000,,,1.000000,,,100.000,,-10,-6,ABOVE CUTOFF,RED,GREEN LIGHT,"2021,2022,2023,2024,2025",5,2025,2021,predictive,preference_dedicated_hunter_deer,TRUE,Forecasted from 2025 dedicated hunter ladder with residency quota split and preference carry-forward.,Dedicated Hunter,PREFERENCE_DEDICATED_HUNTER_DEER,MODELED_PREFERENCE,TARGET,True,Modeled by engine.utah_draw_predictive.dedicated_hunter.
hybrid_ml_v2.1.0,utah_preference_dedicated_hunter_deer_v1.0.0,2026,2026,DB1793,Southwest Desert,Deer,Buck,General Season,Dedicated Hunter,Resident,15,dedicated_hunter,1,37,,,,,10,4,0,0,1,1.000000,,,1.000000,,,100.000,,-11,-6,ABOVE CUTOFF,RED,GREEN LIGHT,"2021,2022,2023,2024,2025",5,2025,2021,predictive,preference_dedicated_hunter_deer,TRUE,Forecasted from 2025 dedicated hunter ladder with residency quota split and preference carry-forward.,Dedicated Hunter,PREFERENCE_DEDICATED_HUNTER_DEER,MODELED_PREFERENCE,TARGET,True,Modeled by engine.utah_draw_predictive.dedicated_hunter.
hybrid_ml_v2.1.0,utah_preference_dedicated_hunter_deer_v1.0.0,2026,2026,DB1793,Southwest Desert,Deer,Buck,General Season,Dedicated Hunter,Resident,16,dedicated_hunter,1,37,,,,,10,4,0,0,1,1.000000,,,1.000000,,,100.000,,-12,-6,ABOVE CUTOFF,RED,GREEN LIGHT,"2021,2022,2023,2024,2025",5,2025,2021,predictive,preference_dedicated_hunter_deer,TRUE,Forecasted from 2025 dedicated hunter ladder with residency quota split and preference carry-forward.,Dedicated Hunter,PREFERENCE_DEDICATED_HUNTER_DEER,MODELED_PREFERENCE,TARGET,True,Modeled by engine.utah_draw_predictive.dedicated_hunter.
hybrid_ml_v2.1.0,utah_preference_dedicated_hunter_deer_v1.0.0,2026,2026,DB1793,Southwest Desert,Deer,Buck,General Season,Dedicated Hunter,Resident,17,dedicated_hunter,1,37,,,,,10,4,0,0,1,1.000000,,,1.000000,,,100.000,,-13,-6,ABOVE CUTOFF,RED,GREEN LIGHT,"2021,2022,2023,2024,2025",5,2025,2021,predictive,preference_dedicated_hunter_deer,TRUE,Forecasted from 2025 dedicated hunter ladder with residency quota split and preference carry-forward.,Dedicated Hunter,PREFERENCE_DEDICATED_HUNTER_DEER,MODELED_PREFERENCE,TARGET,True,Modeled by engine.utah_draw_predictive.dedicated_hunter.
hybrid_ml_v2.1.0,utah_preference_dedicated_hunter_deer_v1.0.0,2026,2026,DB1793,Southwest Desert,Deer,Buck,General Season,Dedicated Hunter,Resident,18,dedicated_hunter,1,37,,,,,10,4,0,0,1,1.000000,,,1.000000,,,100.000,,-14,-6,ABOVE CUTOFF,RED,GREEN LIGHT,"2021,2022,2023,2024,2025",5,2025,2021,predictive,preference_dedicated_hunter_deer,TRUE,Forecasted from 2025 dedicated hunter ladder with residency quota split and preference carry-forward.,Dedicated Hunter,PREFERENCE_DEDICATED_HUNTER_DEER,MODELED_PREFERENCE,TARGET,True,Modeled by engine.utah_draw_predictive.dedicated_hunter.
hybrid_ml_v2.1.0,utah_preference_dedicated_hunter_deer_v1.0.0,2026,2026,DB1793,Southwest Desert,Deer,Buck,General Season,Dedicated Hunter,Resident,19,dedicated_hunter,1,37,,,,,10,4,0,0,1,1.000000,,,1.000000,,,100.000,,-15,-6,ABOVE CUTOFF,RED,GREEN LIGHT,"2021,2022,2023,2024,2025",5,2025,2021,predictive,preference_dedicated_hunter_deer,TRUE,Forecasted from 2025 dedicated hunter ladder with residency quota split and preference carry-forward.,Dedicated Hunter,PREFERENCE_DEDICATED_HUNTER_DEER,MODELED_PREFERENCE,TARGET,True,Modeled by engine.utah_draw_predictive.dedicated_hunter.
hybrid_ml_v2.1.0,utah_preference_dedicated_hunter_deer_v1.0.0,2026,2026,DB1793,Southwest Desert,Deer,Buck,General Season,Dedicated Hunter,Resident,20,dedicated_hunter,1,37,,,,,10,4,0,0,1,1.000000,,,1.000000,,,100.000,,-16,-6,ABOVE CUTOFF,RED,GREEN LIGHT,"2021,2022,2023,2024,2025",5,2025,2021,predictive,preference_dedicated_hunter_deer,TRUE,Forecasted from 2025 dedicated hunter ladder with residency quota split and preference carry-forward.,Dedicated Hunter,PREFERENCE_DEDICATED_HUNTER_DEER,MODELED_PREFERENCE,TARGET,True,Modeled by engine.utah_draw_predictive.dedicated_hunter.
hybrid_ml_v2.1.0,utah_preference_dedicated_hunter_deer_v1.0.0,2026,2026,DB1793,Southwest Desert,Deer,Buck,General Season,Dedicated Hunter,Resident,21,dedicated_hunter,1,37,,,,,10,4,0,0,1,1.000000,,,1.000000,,,100.000,,-17,-6,ABOVE CUTOFF,RED,GREEN LIGHT,"2021,2022,2023,2024,2025",5,2025,2021,predictive,preference_dedicated_hunter_deer,TRUE,Forecasted from 2025 dedicated hunter ladder with residency quota split and preference carry-forward.,Dedicated Hunter,PREFERENCE_DEDICATED_HUNTER_DEER,MODELED_PREFERENCE,TARGET,True,Modeled by engine.utah_draw_predictive.dedicated_hunter.
hybrid_ml_v2.1.0,utah_preference_dedicated_hunter_deer_v1.0.0,2026,2026,DB1793,Southwest Desert,Deer,Buck,General Season,Dedicated Hunter,Resident,22,dedicated_hunter,1,37,,,,,10,4,0,0,1,1.000000,,,1.000000,,,100.000,,-18,-6,ABOVE CUTOFF,RED,GREEN LIGHT,"2021,2022,2023,2024,2025",5,2025,2021,predictive,preference_dedicated_hunter_deer,TRUE,Forecasted from 2025 dedicated hunter ladder with residency quota split and preference carry-forward.,Dedicated Hunter,PREFERENCE_DEDICATED_HUNTER_DEER,MODELED_PREFERENCE,TARGET,True,Modeled by engine.utah_draw_predictive.dedicated_hunter.
hybrid_ml_v2.1.0,utah_preference_dedicated_hunter_deer_v1.0.0,2026,2026,DB1793,Southwest Desert,Deer,Buck,General Season,Dedicated Hunter,Resident,23,dedicated_hunter,1,37,,,,,10,4,0,0,1,1.000000,,,1.000000,,,100.000,,-19,-6,ABOVE CUTOFF,RED,GREEN LIGHT,"2021,2022,2023,2024,2025",5,2025,2021,predictive,preference_dedicated_hunter_deer,TRUE,Forecasted from 2025 dedicated hunter ladder with residency quota split and preference carry-forward.,Dedicated Hunter,PREFERENCE_DEDICATED_HUNTER_DEER,MODELED_PREFERENCE,TARGET,True,Modeled by engine.utah_draw_predictive.dedicated_hunter.
hybrid_ml_v2.1.0,utah_preference_dedicated_hunter_deer_v1.0.0,2026,2026,DB1793,Southwest Desert,Deer,Buck,General Season,Dedicated Hunter,Resident,24,dedicated_hunter,1,37,,,,,10,4,0,0,1,1.000000,,,1.000000,,,100.000,,-20,-6,ABOVE CUTOFF,RED,GREEN LIGHT,"2021,2022,2023,2024,2025",5,2025,2021,predictive,preference_dedicated_hunter_deer,TRUE,Forecasted from 2025 dedicated hunter ladder with residency quota split and preference carry-forward.,Dedicated Hunter,PREFERENCE_DEDICATED_HUNTER_DEER,MODELED_PREFERENCE,TARGET,True,Modeled by engine.utah_draw_predictive.dedicated_hunter.
hybrid_ml_v2.1.0,utah_preference_dedicated_hunter_deer_v1.0.0,2026,2026,DB1794,"Wasatch Mtns, East",Deer,Buck,General Season,Dedicated Hunter,Nonresident,0,dedicated_hunter,3,3,,,,,0,0,0,1,1,1.000000,,,1.000000,,,100.000,,0,0,ABOVE CUTOFF,YELLOW,GREEN LIGHT,"2021,2022,2023,2024,2025",5,2025,2021,predictive,preference_dedicated_hunter_deer,TRUE,Forecasted from 2025 dedicated hunter ladder with residency quota split and preference carry-forward.,Dedicated Hunter,PREFERENCE_DEDICATED_HUNTER_DEER,MODELED_PREFERENCE,TARGET,True,Modeled by engine.utah_draw_predictive.dedicated_hunter.
hybrid_ml_v2.1.0,utah_preference_dedicated_hunter_deer_v1.0.0,2026,2026,DB1794,"Wasatch Mtns, East",Deer,Buck,General Season,Dedicated Hunter,Nonresident,1,dedicated_hunter,3,3,,,,,0,0,0,0,1,1.000000,,,1.000000,,,100.000,,-1,0,ABOVE CUTOFF,YELLOW,GREEN LIGHT,"2021,2022,2023,2024,2025",5,2025,2021,predictive,preference_dedicated_hunter_deer,TRUE,Forecasted from 2025 dedicated hunter ladder with residency quota split and preference carry-forward.,Dedicated Hunter,PREFERENCE_DEDICATED_HUNTER_DEER,MODELED_PREFERENCE,TARGET,True,Modeled by engine.utah_draw_predictive.dedicated_hunter.
hybrid_ml_v2.1.0,utah_preference_dedicated_hunter_deer_v1.0.0,2026,2026,DB1794,"Wasatch Mtns, East",Deer,Buck,General Season,Dedicated Hunter,Nonresident,2,dedicated_hunter,3,3,,,,,0,0,0,0,1,1.000000,,,1.000000,,,100.000,,-2,0,ABOVE CUTOFF,YELLOW,GREEN LIGHT,"2021,2022,2023,2024,2025",5,2025,2021,predictive,preference_dedicated_hunter_deer,TRUE,Forecasted from 2025 dedicated hunter ladder with residency quota split and preference carry-forward.,Dedicated Hunter,PREFERENCE_DEDICATED_HUNTER_DEER,MODELED_PREFERENCE,TARGET,True,Modeled by engine.utah_draw_predictive.dedicated_hunter.
hybrid_ml_v2.1.0,utah_preference_dedicated_hunter_deer_v1.0.0,2026,2026,DB1794,"Wasatch Mtns, East",Deer,Buck,General Season,Dedicated Hunter,Nonresident,3,dedicated_hunter,3,3,,,,,0,0,0,0,1,1.000000,,,1.000000,,,100.000,,-3,0,ABOVE CUTOFF,YELLOW,GREEN LIGHT,"2021,2022,2023,2024,2025",5,2025,2021,predictive,preference_dedicated_hunter_deer,TRUE,Forecasted from 2025 dedicated hunter ladder with residency quota split and preference carry-forward.,Dedicated Hunter,PREFERENCE_DEDICATED_HUNTER_DEER,MODELED_PREFERENCE,TARGET,True,Modeled by engine.utah_draw_predictive.dedicated_hunter.
hybrid_ml_v2.1.0,utah_preference_dedicated_hunter_deer_v1.0.0,2026,2026,DB1794,"Wasatch Mtns, East",Deer,Buck,General Season,Dedicated Hunter,Nonresident,4,dedicated_hunter,3,3,,,,,0,0,0,0,1,1.000000,,,1.000000,,,100.000,,-4,0,ABOVE CUTOFF,YELLOW,GREEN LIGHT,"2021,2022,2023,2024,2025",5,2025,2021,predictive,preference_dedicated_hunter_deer,TRUE,Forecasted from 2025 dedicated hunter ladder with residency quota split and preference carry-forward.,Dedicated Hunter,PREFERENCE_DEDICATED_HUNTER_DEER,MODELED_PREFERENCE,TARGET,True,Modeled by engine.utah_draw_predictive.dedicated_hunter.
hybrid_ml_v2.1.0,utah_preference_dedicated_hunter_deer_v1.0.0,2026,2026,DB1794,"Wasatch Mtns, East",Deer,Buck,General Season,Dedicated Hunter,Nonresident,5,dedicated_hunter,3,3,,,,,0,0,0,0,1,1.000000,,,1.000000,,,100.000,,-5,0,ABOVE CUTOFF,YELLOW,GREEN LIGHT,"2021,2022,2023,2024,2025",5,2025,2021,predictive,preference_dedicated_hunter_deer,TRUE,Forecasted from 2025 dedicated hunter ladder with residency quota split and preference carry-forward.,Dedicated Hunter,PREFERENCE_DEDICATED_HUNTER_DEER,MODELED_PREFERENCE,TARGET,True,Modeled by engine.utah_draw_predictive.dedicated_hunter.
hybrid_ml_v2.1.0,utah_preference_dedicated_hunter_deer_v1.0.0,2026,2026,DB1794,"Wasatch Mtns, East",Deer,Buck,General Season,Dedicated Hunter,Nonresident,6,dedicated_hunter,3,3,,,,,0,0,0,0,1,1.000000,,,1.000000,,,100.000,,-6,0,ABOVE CUTOFF,YELLOW,GREEN LIGHT,"2021,2022,2023,2024,2025",5,2025,2021,predictive,preference_dedicated_hunter_deer,TRUE,Forecasted from 2025 dedicated hunter ladder with residency quota split and preference carry-forward.,Dedicated Hunter,PREFERENCE_DEDICATED_HUNTER_DEER,MODELED_PREFERENCE,TARGET,True,Modeled by engine.utah_draw_predictive.dedicated_hunter.
hybrid_ml_v2.1.0,utah_preference_dedicated_hunter_deer_v1.0.0,2026,2026,DB1794,"Wasatch Mtns, East",Deer,Buck,General Season,Dedicated Hunter,Nonresident,7,dedicated_hunter,3,3,,,,,0,0,0,0,1,1.000000,,,1.000000,,,100.000,,-7,0,ABOVE CUTOFF,YELLOW,GREEN LIGHT,"2021,2022,2023,2024,2025",5,2025,2021,predictive,preference_dedicated_hunter_deer,TRUE,Forecasted from 2025 dedicated hunter ladder with residency quota split and preference carry-forward.,Dedicated Hunter,PREFERENCE_DEDICATED_HUNTER_DEER,MODELED_PREFERENCE,TARGET,True,Modeled by engine.utah_draw_predictive.dedicated_hunter.
hybrid_ml_v2.1.0,utah_preference_dedicated_hunter_deer_v1.0.0,2026,2026,DB1794,"Wasatch Mtns, East",Deer,Buck,General Season,Dedicated Hunter,Nonresident,8,dedicated_hunter,3,3,,,,,0,0,0,0,1,1.000000,,,1.000000,,,100.000,,-8,0,ABOVE CUTOFF,YELLOW,GREEN LIGHT,"2021,2022,2023,2024,2025",5,2025,2021,predictive,preference_dedicated_hunter_deer,TRUE,Forecasted from 2025 dedicated hunter ladder with residency quota split and preference carry-forward.,Dedicated Hunter,PREFERENCE_DEDICATED_HUNTER_DEER,MODELED_PREFERENCE,TARGET,True,Modeled by engine.utah_draw_predictive.dedicated_hunter.
hybrid_ml_v2.1.0,utah_preference_dedicated_hunter_deer_v1.0.0,2026,2026,DB1794,"Wasatch Mtns, East",Deer,Buck,General Season,Dedicated Hunter,Nonresident,9,dedicated_hunter,3,3,,,,,0,0,0,0,1,1.000000,,,1.000000,,,100.000,,-9,0,ABOVE CUTOFF,YELLOW,GREEN LIGHT,"2021,2022,2023,2024,2025",5,2025,2021,predictive,preference_dedicated_hunter_deer,TRUE,Forecasted from 2025 dedicated hunter ladder with residency quota split and preference carry-forward.,Dedicated Hunter,PREFERENCE_DEDICATED_HUNTER_DEER,MODELED_PREFERENCE,TARGET,True,Modeled by engine.utah_draw_predictive.dedicated_hunter.
hybrid_ml_v2.1.0,utah_preference_dedicated_hunter_deer_v1.0.0,2026,2026,DB1794,"Wasatch Mtns, East",Deer,Buck,General Season,Dedicated Hunter,Nonresident,10,dedicated_hunter,3,3,,,,,0,0,0,0,1,1.000000,,,1.000000,,,100.000,,-10,0,ABOVE CUTOFF,YELLOW,GREEN LIGHT,"2021,2022,2023,2024,2025",5,2025,2021,predictive,preference_dedicated_hunter_deer,TRUE,Forecasted from 2025 dedicated hunter ladder with residency quota split and preference carry-forward.,Dedicated Hunter,PREFERENCE_DEDICATED_HUNTER_DEER,MODELED_PREFERENCE,TARGET,True,Modeled by engine.utah_draw_predictive.dedicated_hunter.
hybrid_ml_v2.1.0,utah_preference_dedicated_hunter_deer_v1.0.0,2026,2026,DB1794,"Wasatch Mtns, East",Deer,Buck,General Season,Dedicated Hunter,Nonresident,11,dedicated_hunter,3,3,,,,,0,0,0,0,1,1.000000,,,1.000000,,,100.000,,-11,0,ABOVE CUTOFF,YELLOW,GREEN LIGHT,"2021,2022,2023,2024,2025",5,2025,2021,predictive,preference_dedicated_hunter_deer,TRUE,Forecasted from 2025 dedicated hunter ladder with residency quota split and preference carry-forward.,Dedicated Hunter,PREFERENCE_DEDICATED_HUNTER_DEER,MODELED_PREFERENCE,TARGET,True,Modeled by engine.utah_draw_predictive.dedicated_hunter.
hybrid_ml_v2.1.0,utah_preference_dedicated_hunter_deer_v1.0.0,2026,2026,DB1794,"Wasatch Mtns, East",Deer,Buck,General Season,Dedicated Hunter,Nonresident,12,dedicated_hunter,3,3,,,,,0,0,0,0,1,1.000000,,,1.000000,,,100.000,,-12,0,ABOVE CUTOFF,YELLOW,GREEN LIGHT,"2021,2022,2023,2024,2025",5,2025,2021,predictive,preference_dedicated_hunter_deer,TRUE,Forecasted from 2025 dedicated hunter ladder with residency quota split and preference carry-forward.,Dedicated Hunter,PREFERENCE_DEDICATED_HUNTER_DEER,MODELED_PREFERENCE,TARGET,True,Modeled by engine.utah_draw_predictive.dedicated_hunter.
hybrid_ml_v2.1.0,utah_preference_dedicated_hunter_deer_v1.0.0,2026,2026,DB1794,"Wasatch Mtns, East",Deer,Buck,General Season,Dedicated Hunter,Nonresident,13,dedicated_hunter,3,3,,,,,0,0,0,0,1,1.000000,,,1.000000,,,100.000,,-13,0,ABOVE CUTOFF,YELLOW,GREEN LIGHT,"2021,2022,2023,2024,2025",5,2025,2021,predictive,preference_dedicated_hunter_deer,TRUE,Forecasted from 2025 dedicated hunter ladder with residency quota split and preference carry-forward.,Dedicated Hunter,PREFERENCE_DEDICATED_HUNTER_DEER,MODELED_PREFERENCE,TARGET,True,Modeled by engine.utah_draw_predictive.dedicated_hunter.
hybrid_ml_v2.1.0,utah_preference_dedicated_hunter_deer_v1.0.0,2026,2026,DB1794,"Wasatch Mtns, East",Deer,Buck,General Season,Dedicated Hunter,Nonresident,14,dedicated_hunter,3,3,,,,,0,0,0,0,1,1.000000,,,1.000000,,,100.000,,-14,0,ABOVE CUTOFF,YELLOW,GREEN LIGHT,"2021,2022,2023,2024,2025",5,2025,2021,predictive,preference_dedicated_hunter_deer,TRUE,Forecasted from 2025 dedicated hunter ladder with residency quota split and preference carry-forward.,Dedicated Hunter,PREFERENCE_DEDICATED_HUNTER_DEER,MODELED_PREFERENCE,TARGET,True,Modeled by engine.utah_draw_predictive.dedicated_hunter.
hybrid_ml_v2.1.0,utah_preference_dedicated_hunter_deer_v1.0.0,2026,2026,DB1794,"Wasatch Mtns, East",Deer,Buck,General Season,Dedicated Hunter,Nonresident,15,dedicated_hunter,3,3,,,,,0,0,0,0,1,1.000000,,,1.000000,,,100.000,,-15,0,ABOVE CUTOFF,YELLOW,GREEN LIGHT,"2021,2022,2023,2024,2025",5,2025,2021,predictive,preference_dedicated_hunter_deer,TRUE,Forecasted from 2025 dedicated hunter ladder with residency quota split and preference carry-forward.,Dedicated Hunter,PREFERENCE_DEDICATED_HUNTER_DEER,MODELED_PREFERENCE,TARGET,True,Modeled by engine.utah_draw_predictive.dedicated_hunter.
hybrid_ml_v2.1.0,utah_preference_dedicated_hunter_deer_v1.0.0,2026,2026,DB1794,"Wasatch Mtns, East",Deer,Buck,General Season,Dedicated Hunter,Nonresident,16,dedicated_hunter,3,3,,,,,0,0,0,0,1,1.000000,,,1.000000,,,100.000,,-16,0,ABOVE CUTOFF,YELLOW,GREEN LIGHT,"2021,2022,2023,2024,2025",5,2025,2021,predictive,preference_dedicated_hunter_deer,TRUE,Forecasted from 2025 dedicated hunter ladder with residency quota split and preference carry-forward.,Dedicated Hunter,PREFERENCE_DEDICATED_HUNTER_DEER,MODELED_PREFERENCE,TARGET,True,Modeled by engine.utah_draw_predictive.dedicated_hunter.
hybrid_ml_v2.1.0,utah_preference_dedicated_hunter_deer_v1.0.0,2026,2026,DB1794,"Wasatch Mtns, East",Deer,Buck,General Season,Dedicated Hunter,Nonresident,17,dedicated_hunter,3,3,,,,,0,0,0,0,1,1.000000,,,1.000000,,,100.000,,-17,0,ABOVE CUTOFF,YELLOW,GREEN LIGHT,"2021,2022,2023,2024,2025",5,2025,2021,predictive,preference_dedicated_hunter_deer,TRUE,Forecasted from 2025 dedicated hunter ladder with residency quota split and preference carry-forward.,Dedicated Hunter,PREFERENCE_DEDICATED_HUNTER_DEER,MODELED_PREFERENCE,TARGET,True,Modeled by engine.utah_draw_predictive.dedicated_hunter.
hybrid_ml_v2.1.0,utah_preference_dedicated_hunter_deer_v1.0.0,2026,2026,DB1794,"Wasatch Mtns, East",Deer,Buck,General Season,Dedicated Hunter,Nonresident,18,dedicated_hunter,3,3,,,,,0,0,0,0,1,1.000000,,,1.000000,,,100.000,,-18,0,ABOVE CUTOFF,YELLOW,GREEN LIGHT,"2021,2022,2023,2024,2025",5,2025,2021,predictive,preference_dedicated_hunter_deer,TRUE,Forecasted from 2025 dedicated hunter ladder with residency quota split and preference carry-forward.,Dedicated Hunter,PREFERENCE_DEDICATED_HUNTER_DEER,MODELED_PREFERENCE,TARGET,True,Modeled by engine.utah_draw_predictive.dedicated_hunter.
hybrid_ml_v2.1.0,utah_preference_dedicated_hunter_deer_v1.0.0,2026,2026,DB1794,"Wasatch Mtns, East",Deer,Buck,General Season,Dedicated Hunter,Nonresident,19,dedicated_hunter,3,3,,,,,0,0,0,0,1,1.000000,,,1.000000,,,100.000,,-19,0,ABOVE CUTOFF,YELLOW,GREEN LIGHT,"2021,2022,2023,2024,2025",5,2025,2021,predictive,preference_dedicated_hunter_deer,TRUE,Forecasted from 2025 dedicated hunter ladder with residency quota split and preference carry-forward.,Dedicated Hunter,PREFERENCE_DEDICATED_HUNTER_DEER,MODELED_PREFERENCE,TARGET,True,Modeled by engine.utah_draw_predictive.dedicated_hunter.
hybrid_ml_v2.1.0,utah_preference_dedicated_hunter_deer_v1.0.0,2026,2026,DB1794,"Wasatch Mtns, East",Deer,Buck,General Season,Dedicated Hunter,Nonresident,20,dedicated_hunter,3,3,,,,,0,0,0,0,1,1.000000,,,1.000000,,,100.000,,-20,0,ABOVE CUTOFF,YELLOW,GREEN LIGHT,"2021,2022,2023,2024,2025",5,2025,2021,predictive,preference_dedicated_hunter_deer,TRUE,Forecasted from 2025 dedicated hunter ladder with residency quota split and preference carry-forward.,Dedicated Hunter,PREFERENCE_DEDICATED_HUNTER_DEER,MODELED_PREFERENCE,TARGET,True,Modeled by engine.utah_draw_predictive.dedicated_hunter.
hybrid_ml_v2.1.0,utah_preference_dedicated_hunter_deer_v1.0.0,2026,2026,DB1794,"Wasatch Mtns, East",Deer,Buck,General Season,Dedicated Hunter,Nonresident,21,dedicated_hunter,3,3,,,,,0,0,0,0,1,1.000000,,,1.000000,,,100.000,,-21,0,ABOVE CUTOFF,YELLOW,GREEN LIGHT,"2021,2022,2023,2024,2025",5,2025,2021,predictive,preference_dedicated_hunter_deer,TRUE,Forecasted from 2025 dedicated hunter ladder with residency quota split and preference carry-forward.,Dedicated Hunter,PREFERENCE_DEDICATED_HUNTER_DEER,MODELED_PREFERENCE,TARGET,True,Modeled by engine.utah_draw_predictive.dedicated_hunter.
hybrid_ml_v2.1.0,utah_preference_dedicated_hunter_deer_v1.0.0,2026,2026,DB1794,"Wasatch Mtns, East",Deer,Buck,General Season,Dedicated Hunter,Nonresident,22,dedicated_hunter,3,3,,,,,0,0,0,0,1,1.000000,,,1.000000,,,100.000,,-22,0,ABOVE CUTOFF,YELLOW,GREEN LIGHT,"2021,2022,2023,2024,2025",5,2025,2021,predictive,preference_dedicated_hunter_deer,TRUE,Forecasted from 2025 dedicated hunter ladder with residency quota split and preference carry-forward.,Dedicated Hunter,PREFERENCE_DEDICATED_HUNTER_DEER,MODELED_PREFERENCE,TARGET,True,Modeled by engine.utah_draw_predictive.dedicated_hunter.
hybrid_ml_v2.1.0,utah_preference_dedicated_hunter_deer_v1.0.0,2026,2026,DB1794,"Wasatch Mtns, East",Deer,Buck,General Season,Dedicated Hunter,Nonresident,23,dedicated_hunter,3,3,,,,,0,0,0,0,1,1.000000,,,1.000000,,,100.000,,-23,0,ABOVE CUTOFF,YELLOW,GREEN LIGHT,"2021,2022,2023,2024,2025",5,2025,2021,predictive,preference_dedicated_hunter_deer,TRUE,Forecasted from 2025 dedicated hunter ladder with residency quota split and preference carry-forward.,Dedicated Hunter,PREFERENCE_DEDICATED_HUNTER_DEER,MODELED_PREFERENCE,TARGET,True,Modeled by engine.utah_draw_predictive.dedicated_hunter.
hybrid_ml_v2.1.0,utah_preference_dedicated_hunter_deer_v1.0.0,2026,2026,DB1794,"Wasatch Mtns, East",Deer,Buck,General Season,Dedicated Hunter,Nonresident,24,dedicated_hunter,3,3,,,,,0,0,0,0,1,1.000000,,,1.000000,,,100.000,,-24,0,ABOVE CUTOFF,YELLOW,GREEN LIGHT,"2021,2022,2023,2024,2025",5,2025,2021,predictive,preference_dedicated_hunter_deer,TRUE,Forecasted from 2025 dedicated hunter ladder with residency quota split and preference carry-forward.,Dedicated Hunter,PREFERENCE_DEDICATED_HUNTER_DEER,MODELED_PREFERENCE,TARGET,True,Modeled by engine.utah_draw_predictive.dedicated_hunter.
hybrid_ml_v2.1.0,utah_preference_dedicated_hunter_deer_v1.0.0,2026,2026,DB1794,"Wasatch Mtns, East",Deer,Buck,General Season,Dedicated Hunter,Resident,0,dedicated_hunter,360,230,,,,,1,1,101,155,155,0.832258,,,0.832258,,,83.226,,1,0,ON EDGE,YELLOW,MAY DRAW IN 5-10 YEARS,"2021,2022,2023,2024,2025",5,2025,2021,predictive,preference_dedicated_hunter_deer,TRUE,Forecasted from 2025 dedicated hunter ladder with residency quota split and preference carry-forward.,Dedicated Hunter,PREFERENCE_DEDICATED_HUNTER_DEER,MODELED_PREFERENCE,TARGET,True,Modeled by engine.utah_draw_predictive.dedicated_hunter.
hybrid_ml_v2.1.0,utah_preference_dedicated_hunter_deer_v1.0.0,2026,2026,DB1794,"Wasatch Mtns, East",Deer,Buck,General Season,Dedicated Hunter,Resident,1,dedicated_hunter,360,230,,,,,1,1,14,87,87,1.000000,,,1.000000,,,100.000,,0,0,ABOVE CUTOFF,YELLOW,GREEN LIGHT,"2021,2022,2023,2024,2025",5,2025,2021,predictive,preference_dedicated_hunter_deer,TRUE,Forecasted from 2025 dedicated hunter ladder with residency quota split and preference carry-forward.,Dedicated Hunter,PREFERENCE_DEDICATED_HUNTER_DEER,MODELED_PREFERENCE,TARGET,True,Modeled by engine.utah_draw_predictive.dedicated_hunter.
hybrid_ml_v2.1.0,utah_preference_dedicated_hunter_deer_v1.0.0,2026,2026,DB1794,"Wasatch Mtns, East",Deer,Buck,General Season,Dedicated Hunter,Resident,2,dedicated_hunter,360,230,,,,,1,1,2,12,12,1.000000,,,1.000000,,,100.000,,-1,0,ABOVE CUTOFF,YELLOW,GREEN LIGHT,"2021,2022,2023,2024,2025",5,2025,2021,predictive,preference_dedicated_hunter_deer,TRUE,Forecasted from 2025 dedicated hunter ladder with residency quota split and preference carry-forward.,Dedicated Hunter,PREFERENCE_DEDICATED_HUNTER_DEER,MODELED_PREFERENCE,TARGET,True,Modeled by engine.utah_draw_predictive.dedicated_hunter.
hybrid_ml_v2.1.0,utah_preference_dedicated_hunter_deer_v1.0.0,2026,2026,DB1794,"Wasatch Mtns, East",Deer,Buck,General Season,Dedicated Hunter,Resident,3,dedicated_hunter,360,230,,,,,1,1,0,2,2,1.000000,,,1.000000,,,100.000,,-2,0,ABOVE CUTOFF,YELLOW,GREEN LIGHT,"2021,2022,2023,2024,2025",5,2025,2021,predictive,preference_dedicated_hunter_deer,TRUE,Forecasted from 2025 dedicated hunter ladder with residency quota split and preference carry-forward.,Dedicated Hunter,PREFERENCE_DEDICATED_HUNTER_DEER,MODELED_PREFERENCE,TARGET,True,Modeled by engine.utah_draw_predictive.dedicated_hunter.
hybrid_ml_v2.1.0,utah_preference_dedicated_hunter_deer_v1.0.0,2026,2026,DB1794,"Wasatch Mtns, East",Deer,Buck,General Season,Dedicated Hunter,Resident,4,dedicated_hunter,360,230,,,,,1,1,0,0,1,1.000000,,,1.000000,,,100.000,,-3,0,ABOVE CUTOFF,YELLOW,GREEN LIGHT,"2021,2022,2023,2024,2025",5,2025,2021,predictive,preference_dedicated_hunter_deer,TRUE,Forecasted from 2025 dedicated hunter ladder with residency quota split and preference carry-forward.,Dedicated Hunter,PREFERENCE_DEDICATED_HUNTER_DEER,MODELED_PREFERENCE,TARGET,True,Modeled by engine.utah_draw_predictive.dedicated_hunter.
hybrid_ml_v2.1.0,utah_preference_dedicated_hunter_deer_v1.0.0,2026,2026,DB1794,"Wasatch Mtns, East",Deer,Buck,General Season,Dedicated Hunter,Resident,5,dedicated_hunter,360,230,,,,,1,1,0,0,1,1.000000,,,1.000000,,,100.000,,-4,0,ABOVE CUTOFF,YELLOW,GREEN LIGHT,"2021,2022,2023,2024,2025",5,2025,2021,predictive,preference_dedicated_hunter_deer,TRUE,Forecasted from 2025 dedicated hunter ladder with residency quota split and preference carry-forward.,Dedicated Hunter,PREFERENCE_DEDICATED_HUNTER_DEER,MODELED_PREFERENCE,TARGET,True,Modeled by engine.utah_draw_predictive.dedicated_hunter.
hybrid_ml_v2.1.0,utah_preference_dedicated_hunter_deer_v1.0.0,2026,2026,DB1794,"Wasatch Mtns, East",Deer,Buck,General Season,Dedicated Hunter,Resident,6,dedicated_hunter,360,230,,,,,1,1,0,0,1,1.000000,,,1.000000,,,100.000,,-5,0,ABOVE CUTOFF,YELLOW,GREEN LIGHT,"2021,2022,2023,2024,2025",5,2025,2021,predictive,preference_dedicated_hunter_deer,TRUE,Forecasted from 2025 dedicated hunter ladder with residency quota split and preference carry-forward.,Dedicated Hunter,PREFERENCE_DEDICATED_HUNTER_DEER,MODELED_PREFERENCE,TARGET,True,Modeled by engine.utah_draw_predictive.dedicated_hunter.
hybrid_ml_v2.1.0,utah_preference_dedicated_hunter_deer_v1.0.0,2026,2026,DB1794,"Wasatch Mtns, East",Deer,Buck,General Season,Dedicated Hunter,Resident,7,dedicated_hunter,360,230,,,,,1,1,0,0,1,1.000000,,,1.000000,,,100.000,,-6,0,ABOVE CUTOFF,YELLOW,GREEN LIGHT,"2021,2022,2023,2024,2025",5,2025,2021,predictive,preference_dedicated_hunter_deer,TRUE,Forecasted from 2025 dedicated hunter ladder with residency quota split and preference carry-forward.,Dedicated Hunter,PREFERENCE_DEDICATED_HUNTER_DEER,MODELED_PREFERENCE,TARGET,True,Modeled by engine.utah_draw_predictive.dedicated_hunter.
hybrid_ml_v2.1.0,utah_preference_dedicated_hunter_deer_v1.0.0,2026,2026,DB1794,"Wasatch Mtns, East",Deer,Buck,General Season,Dedicated Hunter,Resident,8,dedicated_hunter,360,230,,,,,1,1,0,0,1,1.000000,,,1.000000,,,100.000,,-7,0,ABOVE CUTOFF,YELLOW,GREEN LIGHT,"2021,2022,2023,2024,2025",5,2025,2021,predictive,preference_dedicated_hunter_deer,TRUE,Forecasted from 2025 dedicated hunter ladder with residency quota split and preference carry-forward.,Dedicated Hunter,PREFERENCE_DEDICATED_HUNTER_DEER,MODELED_PREFERENCE,TARGET,True,Modeled by engine.utah_draw_predictive.dedicated_hunter.
hybrid_ml_v2.1.0,utah_preference_dedicated_hunter_deer_v1.0.0,2026,2026,DB1794,"Wasatch Mtns, East",Deer,Buck,General Season,Dedicated Hunter,Resident,9,dedicated_hunter,360,230,,,,,1,1,0,0,1,1.000000,,,1.000000,,,100.000,,-8,0,ABOVE CUTOFF,YELLOW,GREEN LIGHT,"2021,2022,2023,2024,2025",5,2025,2021,predictive,preference_dedicated_hunter_deer,TRUE,Forecasted from 2025 dedicated hunter ladder with residency quota split and preference carry-forward.,Dedicated Hunter,PREFERENCE_DEDICATED_HUNTER_DEER,MODELED_PREFERENCE,TARGET,True,Modeled by engine.utah_draw_predictive.dedicated_hunter.
hybrid_ml_v2.1.0,utah_preference_dedicated_hunter_deer_v1.0.0,2026,2026,DB1794,"Wasatch Mtns, East",Deer,Buck,General Season,Dedicated Hunter,Resident,10,dedicated_hunter,360,230,,,,,1,1,0,0,1,1.000000,,,1.000000,,,100.000,,-9,0,ABOVE CUTOFF,YELLOW,GREEN LIGHT,"2021,2022,2023,2024,2025",5,2025,2021,predictive,preference_dedicated_hunter_deer,TRUE,Forecasted from 2025 dedicated hunter ladder with residency quota split and preference carry-forward.,Dedicated Hunter,PREFERENCE_DEDICATED_HUNTER_DEER,MODELED_PREFERENCE,TARGET,True,Modeled by engine.utah_draw_predictive.dedicated_hunter.
hybrid_ml_v2.1.0,utah_preference_dedicated_hunter_deer_v1.0.0,2026,2026,DB1794,"Wasatch Mtns, East",Deer,Buck,General Season,Dedicated Hunter,Resident,11,dedicated_hunter,360,230,,,,,1,1,0,0,1,1.000000,,,1.000000,,,100.000,,-10,0,ABOVE CUTOFF,YELLOW,GREEN LIGHT,"2021,2022,2023,2024,2025",5,2025,2021,predictive,preference_dedicated_hunter_deer,TRUE,Forecasted from 2025 dedicated hunter ladder with residency quota split and preference carry-forward.,Dedicated Hunter,PREFERENCE_DEDICATED_HUNTER_DEER,MODELED_PREFERENCE,TARGET,True,Modeled by engine.utah_draw_predictive.dedicated_hunter.
hybrid_ml_v2.1.0,utah_preference_dedicated_hunter_deer_v1.0.0,2026,2026,DB1794,"Wasatch Mtns, East",Deer,Buck,General Season,Dedicated Hunter,Resident,12,dedicated_hunter,360,230,,,,,1,1,0,0,1,1.000000,,,1.000000,,,100.000,,-11,0,ABOVE CUTOFF,YELLOW,GREEN LIGHT,"2021,2022,2023,2024,2025",5,2025,2021,predictive,preference_dedicated_hunter_deer,TRUE,Forecasted from 2025 dedicated hunter ladder with residency quota split and preference carry-forward.,Dedicated Hunter,PREFERENCE_DEDICATED_HUNTER_DEER,MODELED_PREFERENCE,TARGET,True,Modeled by engine.utah_draw_predictive.dedicated_hunter.
hybrid_ml_v2.1.0,utah_preference_dedicated_hunter_deer_v1.0.0,2026,2026,DB1794,"Wasatch Mtns, East",Deer,Buck,General Season,Dedicated Hunter,Resident,13,dedicated_hunter,360,230,,,,,1,1,0,0,1,1.000000,,,1.000000,,,100.000,,-12,0,ABOVE CUTOFF,YELLOW,GREEN LIGHT,"2021,2022,2023,2024,2025",5,2025,2021,predictive,preference_dedicated_hunter_deer,TRUE,Forecasted from 2025 dedicated hunter ladder with residency quota split and preference carry-forward.,Dedicated Hunter,PREFERENCE_DEDICATED_HUNTER_DEER,MODELED_PREFERENCE,TARGET,True,Modeled by engine.utah_draw_predictive.dedicated_hunter.
hybrid_ml_v2.1.0,utah_preference_dedicated_hunter_deer_v1.0.0,2026,2026,DB1794,"Wasatch Mtns, East",Deer,Buck,General Season,Dedicated Hunter,Resident,14,dedicated_hunter,360,230,,,,,1,1,0,0,1,1.000000,,,1.000000,,,100.000,,-13,0,ABOVE CUTOFF,YELLOW,GREEN LIGHT,"2021,2022,2023,2024,2025",5,2025,2021,predictive,preference_dedicated_hunter_deer,TRUE,Forecasted from 2025 dedicated hunter ladder with residency quota split and preference carry-forward.,Dedicated Hunter,PREFERENCE_DEDICATED_HUNTER_DEER,MODELED_PREFERENCE,TARGET,True,Modeled by engine.utah_draw_predictive.dedicated_hunter.
hybrid_ml_v2.1.0,utah_preference_dedicated_hunter_deer_v1.0.0,2026,2026,DB1794,"Wasatch Mtns, East",Deer,Buck,General Season,Dedicated Hunter,Resident,15,dedicated_hunter,360,230,,,,,1,1,0,0,1,1.000000,,,1.000000,,,100.000,,-14,0,ABOVE CUTOFF,YELLOW,GREEN LIGHT,"2021,2022,2023,2024,2025",5,2025,2021,predictive,preference_dedicated_hunter_deer,TRUE,Forecasted from 2025 dedicated hunter ladder with residency quota split and preference carry-forward.,Dedicated Hunter,PREFERENCE_DEDICATED_HUNTER_DEER,MODELED_PREFERENCE,TARGET,True,Modeled by engine.utah_draw_predictive.dedicated_hunter.
hybrid_ml_v2.1.0,utah_preference_dedicated_hunter_deer_v1.0.0,2026,2026,DB1794,"Wasatch Mtns, East",Deer,Buck,General Season,Dedicated Hunter,Resident,16,dedicated_hunter,360,230,,,,,1,1,0,0,1,1.000000,,,1.000000,,,100.000,,-15,0,ABOVE CUTOFF,YELLOW,GREEN LIGHT,"2021,2022,2023,2024,2025",5,2025,2021,predictive,preference_dedicated_hunter_deer,TRUE,Forecasted from 2025 dedicated hunter ladder with residency quota split and preference carry-forward.,Dedicated Hunter,PREFERENCE_DEDICATED_HUNTER_DEER,MODELED_PREFERENCE,TARGET,True,Modeled by engine.utah_draw_predictive.dedicated_hunter.
hybrid_ml_v2.1.0,utah_preference_dedicated_hunter_deer_v1.0.0,2026,2026,DB1794,"Wasatch Mtns, East",Deer,Buck,General Season,Dedicated Hunter,Resident,17,dedicated_hunter,360,230,,,,,1,1,0,0,1,1.000000,,,1.000000,,,100.000,,-16,0,ABOVE CUTOFF,YELLOW,GREEN LIGHT,"2021,2022,2023,2024,2025",5,2025,2021,predictive,preference_dedicated_hunter_deer,TRUE,Forecasted from 2025 dedicated hunter ladder with residency quota split and preference carry-forward.,Dedicated Hunter,PREFERENCE_DEDICATED_HUNTER_DEER,MODELED_PREFERENCE,TARGET,True,Modeled by engine.utah_draw_predictive.dedicated_hunter.
hybrid_ml_v2.1.0,utah_preference_dedicated_hunter_deer_v1.0.0,2026,2026,DB1794,"Wasatch Mtns, East",Deer,Buck,General Season,Dedicated Hunter,Resident,18,dedicated_hunter,360,230,,,,,1,1,0,0,1,1.000000,,,1.000000,,,100.000,,-17,0,ABOVE CUTOFF,YELLOW,GREEN LIGHT,"2021,2022,2023,2024,2025",5,2025,2021,predictive,preference_dedicated_hunter_deer,TRUE,Forecasted from 2025 dedicated hunter ladder with residency quota split and preference carry-forward.,Dedicated Hunter,PREFERENCE_DEDICATED_HUNTER_DEER,MODELED_PREFERENCE,TARGET,True,Modeled by engine.utah_draw_predictive.dedicated_hunter.
hybrid_ml_v2.1.0,utah_preference_dedicated_hunter_deer_v1.0.0,2026,2026,DB1794,"Wasatch Mtns, East",Deer,Buck,General Season,Dedicated Hunter,Resident,19,dedicated_hunter,360,230,,,,,1,1,0,0,1,1.000000,,,1.000000,,,100.000,,-18,0,ABOVE CUTOFF,YELLOW,GREEN LIGHT,"2021,2022,2023,2024,2025",5,2025,2021,predictive,preference_dedicated_hunter_deer,TRUE,Forecasted from 2025 dedicated hunter ladder with residency quota split and preference carry-forward.,Dedicated Hunter,PREFERENCE_DEDICATED_HUNTER_DEER,MODELED_PREFERENCE,TARGET,True,Modeled by engine.utah_draw_predictive.dedicated_hunter.
hybrid_ml_v2.1.0,utah_preference_dedicated_hunter_deer_v1.0.0,2026,2026,DB1794,"Wasatch Mtns, East",Deer,Buck,General Season,Dedicated Hunter,Resident,20,dedicated_hunter,360,230,,,,,1,1,0,0,1,1.000000,,,1.000000,,,100.000,,-19,0,ABOVE CUTOFF,YELLOW,GREEN LIGHT,"2021,2022,2023,2024,2025",5,2025,2021,predictive,preference_dedicated_hunter_deer,TRUE,Forecasted from 2025 dedicated hunter ladder with residency quota split and preference carry-forward.,Dedicated Hunter,PREFERENCE_DEDICATED_HUNTER_DEER,MODELED_PREFERENCE,TARGET,True,Modeled by engine.utah_draw_predictive.dedicated_hunter.
hybrid_ml_v2.1.0,utah_preference_dedicated_hunter_deer_v1.0.0,2026,2026,DB1794,"Wasatch Mtns, East",Deer,Buck,General Season,Dedicated Hunter,Resident,21,dedicated_hunter,360,230,,,,,1,1,0,0,1,1.000000,,,1.000000,,,100.000,,-20,0,ABOVE CUTOFF,YELLOW,GREEN LIGHT,"2021,2022,2023,2024,2025",5,2025,2021,predictive,preference_dedicated_hunter_deer,TRUE,Forecasted from 2025 dedicated hunter ladder with residency quota split and preference carry-forward.,Dedicated Hunter,PREFERENCE_DEDICATED_HUNTER_DEER,MODELED_PREFERENCE,TARGET,True,Modeled by engine.utah_draw_predictive.dedicated_hunter.
hybrid_ml_v2.1.0,utah_preference_dedicated_hunter_deer_v1.0.0,2026,2026,DB1794,"Wasatch Mtns, East",Deer,Buck,General Season,Dedicated Hunter,Resident,22,dedicated_hunter,360,230,,,,,1,1,0,0,1,1.000000,,,1.000000,,,100.000,,-21,0,ABOVE CUTOFF,YELLOW,GREEN LIGHT,"2021,2022,2023,2024,2025",5,2025,2021,predictive,preference_dedicated_hunter_deer,TRUE,Forecasted from 2025 dedicated hunter ladder with residency quota split and preference carry-forward.,Dedicated Hunter,PREFERENCE_DEDICATED_HUNTER_DEER,MODELED_PREFERENCE,TARGET,True,Modeled by engine.utah_draw_predictive.dedicated_hunter.
hybrid_ml_v2.1.0,utah_preference_dedicated_hunter_deer_v1.0.0,2026,2026,DB1794,"Wasatch Mtns, East",Deer,Buck,General Season,Dedicated Hunter,Resident,23,dedicated_hunter,360,230,,,,,1,1,0,0,1,1.000000,,,1.000000,,,100.000,,-22,0,ABOVE CUTOFF,YELLOW,GREEN LIGHT,"2021,2022,2023,2024,2025",5,2025,2021,predictive,preference_dedicated_hunter_deer,TRUE,Forecasted from 2025 dedicated hunter ladder with residency quota split and preference carry-forward.,Dedicated Hunter,PREFERENCE_DEDICATED_HUNTER_DEER,MODELED_PREFERENCE,TARGET,True,Modeled by engine.utah_draw_predictive.dedicated_hunter.
hybrid_ml_v2.1.0,utah_preference_dedicated_hunter_deer_v1.0.0,2026,2026,DB1794,"Wasatch Mtns, East",Deer,Buck,General Season,Dedicated Hunter,Resident,24,dedicated_hunter,360,230,,,,,1,1,0,0,1,1.000000,,,1.000000,,,100.000,,-23,0,ABOVE CUTOFF,YELLOW,GREEN LIGHT,"2021,2022,2023,2024,2025",5,2025,2021,predictive,preference_dedicated_hunter_deer,TRUE,Forecasted from 2025 dedicated hunter ladder with residency quota split and preference carry-forward.,Dedicated Hunter,PREFERENCE_DEDICATED_HUNTER_DEER,MODELED_PREFERENCE,TARGET,True,Modeled by engine.utah_draw_predictive.dedicated_hunter.
hybrid_ml_v2.1.0,utah_preference_dedicated_hunter_deer_v1.0.0,2026,2026,DB1795,"Wasatch Mtns, West",Deer,Buck,General Season,Dedicated Hunter,Nonresident,0,dedicated_hunter,3,2,,,,,0,,0,3,3,0.666667,,,0.666667,,,66.667,,,,ON EDGE,RED,MAY DRAW IN 5-10 YEARS,"2021,2022,2023,2024,2025",5,2025,2021,predictive,preference_dedicated_hunter_deer,TRUE,Forecasted from 2025 dedicated hunter ladder with residency quota split and preference carry-forward.,Dedicated Hunter,PREFERENCE_DEDICATED_HUNTER_DEER,MODELED_PREFERENCE,TARGET,True,Modeled by engine.utah_draw_predictive.dedicated_hunter.
hybrid_ml_v2.1.0,utah_preference_dedicated_hunter_deer_v1.0.0,2026,2026,DB1795,"Wasatch Mtns, West",Deer,Buck,General Season,Dedicated Hunter,Nonresident,1,dedicated_hunter,3,2,,,,,0,,0,0,1,1.000000,,,1.000000,,,100.000,,,,ABOVE CUTOFF,RED,GREEN LIGHT,"2021,2022,2023,2024,2025",5,2025,2021,predictive,preference_dedicated_hunter_deer,TRUE,Forecasted from 2025 dedicated hunter ladder with residency quota split and preference carry-forward.,Dedicated Hunter,PREFERENCE_DEDICATED_HUNTER_DEER,MODELED_PREFERENCE,TARGET,True,Modeled by engine.utah_draw_predictive.dedicated_hunter.
hybrid_ml_v2.1.0,utah_preference_dedicated_hunter_deer_v1.0.0,2026,2026,DB1795,"Wasatch Mtns, West",Deer,Buck,General Season,Dedicated Hunter,Nonresident,2,dedicated_hunter,3,2,,,,,0,,0,0,1,1.000000,,,1.000000,,,100.000,,,,ABOVE CUTOFF,RED,GREEN LIGHT,"2021,2022,2023,2024,2025",5,2025,2021,predictive,preference_dedicated_hunter_deer,TRUE,Forecasted from 2025 dedicated hunter ladder with residency quota split and preference carry-forward.,Dedicated Hunter,PREFERENCE_DEDICATED_HUNTER_DEER,MODELED_PREFERENCE,TARGET,True,Modeled by engine.utah_draw_predictive.dedicated_hunter.
hybrid_ml_v2.1.0,utah_preference_dedicated_hunter_deer_v1.0.0,2026,2026,DB1795,"Wasatch Mtns, West",Deer,Buck,General Season,Dedicated Hunter,Nonresident,3,dedicated_hunter,3,2,,,,,0,,0,0,1,1.000000,,,1.000000,,,100.000,,,,ABOVE CUTOFF,RED,GREEN LIGHT,"2021,2022,2023,2024,2025",5,2025,2021,predictive,preference_dedicated_hunter_deer,TRUE,Forecasted from 2025 dedicated hunter ladder with residency quota split and preference carry-forward.,Dedicated Hunter,PREFERENCE_DEDICATED_HUNTER_DEER,MODELED_PREFERENCE,TARGET,True,Modeled by engine.utah_draw_predictive.dedicated_hunter.
hybrid_ml_v2.1.0,utah_preference_dedicated_hunter_deer_v1.0.0,2026,2026,DB1795,"Wasatch Mtns, West",Deer,Buck,General Season,Dedicated Hunter,Nonresident,4,dedicated_hunter,3,2,,,,,0,,0,0,1,1.000000,,,1.000000,,,100.000,,,,ABOVE CUTOFF,RED,GREEN LIGHT,"2021,2022,2023,2024,2025",5,2025,2021,predictive,preference_dedicated_hunter_deer,TRUE,Forecasted from 2025 dedicated hunter ladder with residency quota split and preference carry-forward.,Dedicated Hunter,PREFERENCE_DEDICATED_HUNTER_DEER,MODELED_PREFERENCE,TARGET,True,Modeled by engine.utah_draw_predictive.dedicated_hunter.
hybrid_ml_v2.1.0,utah_preference_dedicated_hunter_deer_v1.0.0,2026,2026,DB1795,"Wasatch Mtns, West",Deer,Buck,General Season,Dedicated Hunter,Nonresident,5,dedicated_hunter,3,2,,,,,0,,0,0,1,1.000000,,,1.000000,,,100.000,,,,ABOVE CUTOFF,RED,GREEN LIGHT,"2021,2022,2023,2024,2025",5,2025,2021,predictive,preference_dedicated_hunter_deer,TRUE,Forecasted from 2025 dedicated hunter ladder with residency quota split and preference carry-forward.,Dedicated Hunter,PREFERENCE_DEDICATED_HUNTER_DEER,MODELED_PREFERENCE,TARGET,True,Modeled by engine.utah_draw_predictive.dedicated_hunter.
hybrid_ml_v2.1.0,utah_preference_dedicated_hunter_deer_v1.0.0,2026,2026,DB1795,"Wasatch Mtns, West",Deer,Buck,General Season,Dedicated Hunter,Nonresident,6,dedicated_hunter,3,2,,,,,0,,0,0,1,1.000000,,,1.000000,,,100.000,,,,ABOVE CUTOFF,RED,GREEN LIGHT,"2021,2022,2023,2024,2025",5,2025,2021,predictive,preference_dedicated_hunter_deer,TRUE,Forecasted from 2025 dedicated hunter ladder with residency quota split and preference carry-forward.,Dedicated Hunter,PREFERENCE_DEDICATED_HUNTER_DEER,MODELED_PREFERENCE,TARGET,True,Modeled by engine.utah_draw_predictive.dedicated_hunter.
hybrid_ml_v2.1.0,utah_preference_dedicated_hunter_deer_v1.0.0,2026,2026,DB1795,"Wasatch Mtns, West",Deer,Buck,General Season,Dedicated Hunter,Nonresident,7,dedicated_hunter,3,2,,,,,0,,0,0,1,1.000000,,,1.000000,,,100.000,,,,ABOVE CUTOFF,RED,GREEN LIGHT,"2021,2022,2023,2024,2025",5,2025,2021,predictive,preference_dedicated_hunter_deer,TRUE,Forecasted from 2025 dedicated hunter ladder with residency quota split and preference carry-forward.,Dedicated Hunter,PREFERENCE_DEDICATED_HUNTER_DEER,MODELED_PREFERENCE,TARGET,True,Modeled by engine.utah_draw_predictive.dedicated_hunter.
hybrid_ml_v2.1.0,utah_preference_dedicated_hunter_deer_v1.0.0,2026,2026,DB1795,"Wasatch Mtns, West",Deer,Buck,General Season,Dedicated Hunter,Nonresident,8,dedicated_hunter,3,2,,,,,0,,0,0,1,1.000000,,,1.000000,,,100.000,,,,ABOVE CUTOFF,RED,GREEN LIGHT,"2021,2022,2023,2024,2025",5,2025,2021,predictive,preference_dedicated_hunter_deer,TRUE,Forecasted from 2025 dedicated hunter ladder with residency quota split and preference carry-forward.,Dedicated Hunter,PREFERENCE_DEDICATED_HUNTER_DEER,MODELED_PREFERENCE,TARGET,True,Modeled by engine.utah_draw_predictive.dedicated_hunter.
hybrid_ml_v2.1.0,utah_preference_dedicated_hunter_deer_v1.0.0,2026,2026,DB1795,"Wasatch Mtns, West",Deer,Buck,General Season,Dedicated Hunter,Nonresident,9,dedicated_hunter,3,2,,,,,0,,0,0,1,1.000000,,,1.000000,,,100.000,,,,ABOVE CUTOFF,RED,GREEN LIGHT,"2021,2022,2023,2024,2025",5,2025,2021,predictive,preference_dedicated_hunter_deer,TRUE,Forecasted from 2025 dedicated hunter ladder with residency quota split and preference carry-forward.,Dedicated Hunter,PREFERENCE_DEDICATED_HUNTER_DEER,MODELED_PREFERENCE,TARGET,True,Modeled by engine.utah_draw_predictive.dedicated_hunter.
hybrid_ml_v2.1.0,utah_preference_dedicated_hunter_deer_v1.0.0,2026,2026,DB1795,"Wasatch Mtns, West",Deer,Buck,General Season,Dedicated Hunter,Nonresident,10,dedicated_hunter,3,2,,,,,0,,0,0,1,1.000000,,,1.000000,,,100.000,,,,ABOVE CUTOFF,RED,GREEN LIGHT,"2021,2022,2023,2024,2025",5,2025,2021,predictive,preference_dedicated_hunter_deer,TRUE,Forecasted from 2025 dedicated hunter ladder with residency quota split and preference carry-forward.,Dedicated Hunter,PREFERENCE_DEDICATED_HUNTER_DEER,MODELED_PREFERENCE,TARGET,True,Modeled by engine.utah_draw_predictive.dedicated_hunter.
hybrid_ml_v2.1.0,utah_preference_dedicated_hunter_deer_v1.0.0,2026,2026,DB1795,"Wasatch Mtns, West",Deer,Buck,General Season,Dedicated Hunter,Nonresident,11,dedicated_hunter,3,2,,,,,0,,0,0,1,1.000000,,,1.000000,,,100.000,,,,ABOVE CUTOFF,RED,GREEN LIGHT,"2021,2022,2023,2024,2025",5,2025,2021,predictive,preference_dedicated_hunter_deer,TRUE,Forecasted from 2025 dedicated hunter ladder with residency quota split and preference carry-forward.,Dedicated Hunter,PREFERENCE_DEDICATED_HUNTER_DEER,MODELED_PREFERENCE,TARGET,True,Modeled by engine.utah_draw_predictive.dedicated_hunter.
hybrid_ml_v2.1.0,utah_preference_dedicated_hunter_deer_v1.0.0,2026,2026,DB1795,"Wasatch Mtns, West",Deer,Buck,General Season,Dedicated Hunter,Nonresident,12,dedicated_hunter,3,2,,,,,0,,0,0,1,1.000000,,,1.000000,,,100.000,,,,ABOVE CUTOFF,RED,GREEN LIGHT,"2021,2022,2023,2024,2025",5,2025,2021,predictive,preference_dedicated_hunter_deer,TRUE,Forecasted from 2025 dedicated hunter ladder with residency quota split and preference carry-forward.,Dedicated Hunter,PREFERENCE_DEDICATED_HUNTER_DEER,MODELED_PREFERENCE,TARGET,True,Modeled by engine.utah_draw_predictive.dedicated_hunter.
hybrid_ml_v2.1.0,utah_preference_dedicated_hunter_deer_v1.0.0,2026,2026,DB1795,"Wasatch Mtns, West",Deer,Buck,General Season,Dedicated Hunter,Nonresident,13,dedicated_hunter,3,2,,,,,0,,0,0,1,1.000000,,,1.000000,,,100.000,,,,ABOVE CUTOFF,RED,GREEN LIGHT,"2021,2022,2023,2024,2025",5,2025,2021,predictive,preference_dedicated_hunter_deer,TRUE,Forecasted from 2025 dedicated hunter ladder with residency quota split and preference carry-forward.,Dedicated Hunter,PREFERENCE_DEDICATED_HUNTER_DEER,MODELED_PREFERENCE,TARGET,True,Modeled by engine.utah_draw_predictive.dedicated_hunter.
hybrid_ml_v2.1.0,utah_preference_dedicated_hunter_deer_v1.0.0,2026,2026,DB1795,"Wasatch Mtns, West",Deer,Buck,General Season,Dedicated Hunter,Nonresident,14,dedicated_hunter,3,2,,,,,0,,0,0,1,1.000000,,,1.000000,,,100.000,,,,ABOVE CUTOFF,RED,GREEN LIGHT,"2021,2022,2023,2024,2025",5,2025,2021,predictive,preference_dedicated_hunter_deer,TRUE,Forecasted from 2025 dedicated hunter ladder with residency quota split and preference carry-forward.,Dedicated Hunter,PREFERENCE_DEDICATED_HUNTER_DEER,MODELED_PREFERENCE,TARGET,True,Modeled by engine.utah_draw_predictive.dedicated_hunter.
hybrid_ml_v2.1.0,utah_preference_dedicated_hunter_deer_v1.0.0,2026,2026,DB1795,"Wasatch Mtns, West",Deer,Buck,General Season,Dedicated Hunter,Nonresident,15,dedicated_hunter,3,2,,,,,0,,0,0,1,1.000000,,,1.000000,,,100.000,,,,ABOVE CUTOFF,RED,GREEN LIGHT,"2021,2022,2023,2024,2025",5,2025,2021,predictive,preference_dedicated_hunter_deer,TRUE,Forecasted from 2025 dedicated hunter ladder with residency quota split and preference carry-forward.,Dedicated Hunter,PREFERENCE_DEDICATED_HUNTER_DEER,MODELED_PREFERENCE,TARGET,True,Modeled by engine.utah_draw_predictive.dedicated_hunter.
hybrid_ml_v2.1.0,utah_preference_dedicated_hunter_deer_v1.0.0,2026,2026,DB1795,"Wasatch Mtns, West",Deer,Buck,General Season,Dedicated Hunter,Nonresident,16,dedicated_hunter,3,2,,,,,0,,0,0,1,1.000000,,,1.000000,,,100.000,,,,ABOVE CUTOFF,RED,GREEN LIGHT,"2021,2022,2023,2024,2025",5,2025,2021,predictive,preference_dedicated_hunter_deer,TRUE,Forecasted from 2025 dedicated hunter ladder with residency quota split and preference carry-forward.,Dedicated Hunter,PREFERENCE_DEDICATED_HUNTER_DEER,MODELED_PREFERENCE,TARGET,True,Modeled by engine.utah_draw_predictive.dedicated_hunter.
hybrid_ml_v2.1.0,utah_preference_dedicated_hunter_deer_v1.0.0,2026,2026,DB1795,"Wasatch Mtns, West",Deer,Buck,General Season,Dedicated Hunter,Nonresident,17,dedicated_hunter,3,2,,,,,0,,0,0,1,1.000000,,,1.000000,,,100.000,,,,ABOVE CUTOFF,RED,GREEN LIGHT,"2021,2022,2023,2024,2025",5,2025,2021,predictive,preference_dedicated_hunter_deer,TRUE,Forecasted from 2025 dedicated hunter ladder with residency quota split and preference carry-forward.,Dedicated Hunter,PREFERENCE_DEDICATED_HUNTER_DEER,MODELED_PREFERENCE,TARGET,True,Modeled by engine.utah_draw_predictive.dedicated_hunter.
hybrid_ml_v2.1.0,utah_preference_dedicated_hunter_deer_v1.0.0,2026,2026,DB1795,"Wasatch Mtns, West",Deer,Buck,General Season,Dedicated Hunter,Nonresident,18,dedicated_hunter,3,2,,,,,0,,0,0,1,1.000000,,,1.000000,,,100.000,,,,ABOVE CUTOFF,RED,GREEN LIGHT,"2021,2022,2023,2024,2025",5,2025,2021,predictive,preference_dedicated_hunter_deer,TRUE,Forecasted from 2025 dedicated hunter ladder with residency quota split and preference carry-forward.,Dedicated Hunter,PREFERENCE_DEDICATED_HUNTER_DEER,MODELED_PREFERENCE,TARGET,True,Modeled by engine.utah_draw_predictive.dedicated_hunter.
hybrid_ml_v2.1.0,utah_preference_dedicated_hunter_deer_v1.0.0,2026,2026,DB1795,"Wasatch Mtns, West",Deer,Buck,General Season,Dedicated Hunter,Nonresident,19,dedicated_hunter,3,2,,,,,0,,0,0,1,1.000000,,,1.000000,,,100.000,,,,ABOVE CUTOFF,RED,GREEN LIGHT,"2021,2022,2023,2024,2025",5,2025,2021,predictive,preference_dedicated_hunter_deer,TRUE,Forecasted from 2025 dedicated hunter ladder with residency quota split and preference carry-forward.,Dedicated Hunter,PREFERENCE_DEDICATED_HUNTER_DEER,MODELED_PREFERENCE,TARGET,True,Modeled by engine.utah_draw_predictive.dedicated_hunter.
hybrid_ml_v2.1.0,utah_preference_dedicated_hunter_deer_v1.0.0,2026,2026,DB1795,"Wasatch Mtns, West",Deer,Buck,General Season,Dedicated Hunter,Nonresident,20,dedicated_hunter,3,2,,,,,0,,0,0,1,1.000000,,,1.000000,,,100.000,,,,ABOVE CUTOFF,RED,GREEN LIGHT,"2021,2022,2023,2024,2025",5,2025,2021,predictive,preference_dedicated_hunter_deer,TRUE,Forecasted from 2025 dedicated hunter ladder with residency quota split and preference carry-forward.,Dedicated Hunter,PREFERENCE_DEDICATED_HUNTER_DEER,MODELED_PREFERENCE,TARGET,True,Modeled by engine.utah_draw_predictive.dedicated_hunter.
hybrid_ml_v2.1.0,utah_preference_dedicated_hunter_deer_v1.0.0,2026,2026,DB1795,"Wasatch Mtns, West",Deer,Buck,General Season,Dedicated Hunter,Nonresident,21,dedicated_hunter,3,2,,,,,0,,0,0,1,1.000000,,,1.000000,,,100.000,,,,ABOVE CUTOFF,RED,GREEN LIGHT,"2021,2022,2023,2024,2025",5,2025,2021,predictive,preference_dedicated_hunter_deer,TRUE,Forecasted from 2025 dedicated hunter ladder with residency quota split and preference carry-forward.,Dedicated Hunter,PREFERENCE_DEDICATED_HUNTER_DEER,MODELED_PREFERENCE,TARGET,True,Modeled by engine.utah_draw_predictive.dedicated_hunter.
hybrid_ml_v2.1.0,utah_preference_dedicated_hunter_deer_v1.0.0,2026,2026,DB1795,"Wasatch Mtns, West",Deer,Buck,General Season,Dedicated Hunter,Nonresident,22,dedicated_hunter,3,2,,,,,0,,0,0,1,1.000000,,,1.000000,,,100.000,,,,ABOVE CUTOFF,RED,GREEN LIGHT,"2021,2022,2023,2024,2025",5,2025,2021,predictive,preference_dedicated_hunter_deer,TRUE,Forecasted from 2025 dedicated hunter ladder with residency quota split and preference carry-forward.,Dedicated Hunter,PREFERENCE_DEDICATED_HUNTER_DEER,MODELED_PREFERENCE,TARGET,True,Modeled by engine.utah_draw_predictive.dedicated_hunter.
hybrid_ml_v2.1.0,utah_preference_dedicated_hunter_deer_v1.0.0,2026,2026,DB1795,"Wasatch Mtns, West",Deer,Buck,General Season,Dedicated Hunter,Nonresident,23,dedicated_hunter,3,2,,,,,0,,0,0,1,1.000000,,,1.000000,,,100.000,,,,ABOVE CUTOFF,RED,GREEN LIGHT,"2021,2022,2023,2024,2025",5,2025,2021,predictive,preference_dedicated_hunter_deer,TRUE,Forecasted from 2025 dedicated hunter ladder with residency quota split and preference carry-forward.,Dedicated Hunter,PREFERENCE_DEDICATED_HUNTER_DEER,MODELED_PREFERENCE,TARGET,True,Modeled by engine.utah_draw_predictive.dedicated_hunter.
hybrid_ml_v2.1.0,utah_preference_dedicated_hunter_deer_v1.0.0,2026,2026,DB1795,"Wasatch Mtns, West",Deer,Buck,General Season,Dedicated Hunter,Nonresident,24,dedicated_hunter,3,2,,,,,0,,0,0,1,1.000000,,,1.000000,,,100.000,,,,ABOVE CUTOFF,RED,GREEN LIGHT,"2021,2022,2023,2024,2025",5,2025,2021,predictive,preference_dedicated_hunter_deer,TRUE,Forecasted from 2025 dedicated hunter ladder with residency quota split and preference carry-forward.,Dedicated Hunter,PREFERENCE_DEDICATED_HUNTER_DEER,MODELED_PREFERENCE,TARGET,True,Modeled by engine.utah_draw_predictive.dedicated_hunter.
hybrid_ml_v2.1.0,utah_preference_dedicated_hunter_deer_v1.0.0,2026,2026,DB1795,"Wasatch Mtns, West",Deer,Buck,General Season,Dedicated Hunter,Resident,0,dedicated_hunter,156,137,,,,,1,0,2,127,127,1.000000,,,1.000000,,,100.000,,0,-1,ABOVE CUTOFF,RED,GREEN LIGHT,"2021,2022,2023,2024,2025",5,2025,2021,predictive,preference_dedicated_hunter_deer,TRUE,Forecasted from 2025 dedicated hunter ladder with residency quota split and preference carry-forward.,Dedicated Hunter,PREFERENCE_DEDICATED_HUNTER_DEER,MODELED_PREFERENCE,TARGET,True,Modeled by engine.utah_draw_predictive.dedicated_hunter.
hybrid_ml_v2.1.0,utah_preference_dedicated_hunter_deer_v1.0.0,2026,2026,DB1795,"Wasatch Mtns, West",Deer,Buck,General Season,Dedicated Hunter,Resident,1,dedicated_hunter,156,137,,,,,1,0,0,2,2,1.000000,,,1.000000,,,100.000,,-1,-1,ABOVE CUTOFF,RED,GREEN LIGHT,"2021,2022,2023,2024,2025",5,2025,2021,predictive,preference_dedicated_hunter_deer,TRUE,Forecasted from 2025 dedicated hunter ladder with residency quota split and preference carry-forward.,Dedicated Hunter,PREFERENCE_DEDICATED_HUNTER_DEER,MODELED_PREFERENCE,TARGET,True,Modeled by engine.utah_draw_predictive.dedicated_hunter.
hybrid_ml_v2.1.0,utah_preference_dedicated_hunter_deer_v1.0.0,2026,2026,DB1795,"Wasatch Mtns, West",Deer,Buck,General Season,Dedicated Hunter,Resident,2,dedicated_hunter,156,137,,,,,1,0,0,0,1,1.000000,,,1.000000,,,100.000,,-2,-1,ABOVE CUTOFF,RED,GREEN LIGHT,"2021,2022,2023,2024,2025",5,2025,2021,predictive,preference_dedicated_hunter_deer,TRUE,Forecasted from 2025 dedicated hunter ladder with residency quota split and preference carry-forward.,Dedicated Hunter,PREFERENCE_DEDICATED_HUNTER_DEER,MODELED_PREFERENCE,TARGET,True,Modeled by engine.utah_draw_predictive.dedicated_hunter.
hybrid_ml_v2.1.0,utah_preference_dedicated_hunter_deer_v1.0.0,2026,2026,DB1795,"Wasatch Mtns, West",Deer,Buck,General Season,Dedicated Hunter,Resident,3,dedicated_hunter,156,137,,,,,1,0,0,0,1,1.000000,,,1.000000,,,100.000,,-3,-1,ABOVE CUTOFF,RED,GREEN LIGHT,"2021,2022,2023,2024,2025",5,2025,2021,predictive,preference_dedicated_hunter_deer,TRUE,Forecasted from 2025 dedicated hunter ladder with residency quota split and preference carry-forward.,Dedicated Hunter,PREFERENCE_DEDICATED_HUNTER_DEER,MODELED_PREFERENCE,TARGET,True,Modeled by engine.utah_draw_predictive.dedicated_hunter.
hybrid_ml_v2.1.0,utah_preference_dedicated_hunter_deer_v1.0.0,2026,2026,DB1795,"Wasatch Mtns, West",Deer,Buck,General Season,Dedicated Hunter,Resident,4,dedicated_hunter,156,137,,,,,1,0,0,0,1,1.000000,,,1.000000,,,100.000,,-4,-1,ABOVE CUTOFF,RED,GREEN LIGHT,"2021,2022,2023,2024,2025",5,2025,2021,predictive,preference_dedicated_hunter_deer,TRUE,Forecasted from 2025 dedicated hunter ladder with residency quota split and preference carry-forward.,Dedicated Hunter,PREFERENCE_DEDICATED_HUNTER_DEER,MODELED_PREFERENCE,TARGET,True,Modeled by engine.utah_draw_predictive.dedicated_hunter.
hybrid_ml_v2.1.0,utah_preference_dedicated_hunter_deer_v1.0.0,2026,2026,DB1795,"Wasatch Mtns, West",Deer,Buck,General Season,Dedicated Hunter,Resident,5,dedicated_hunter,156,137,,,,,1,0,0,0,1,1.000000,,,1.000000,,,100.000,,-5,-1,ABOVE CUTOFF,RED,GREEN LIGHT,"2021,2022,2023,2024,2025",5,2025,2021,predictive,preference_dedicated_hunter_deer,TRUE,Forecasted from 2025 dedicated hunter ladder with residency quota split and preference carry-forward.,Dedicated Hunter,PREFERENCE_DEDICATED_HUNTER_DEER,MODELED_PREFERENCE,TARGET,True,Modeled by engine.utah_draw_predictive.dedicated_hunter.
hybrid_ml_v2.1.0,utah_preference_dedicated_hunter_deer_v1.0.0,2026,2026,DB1795,"Wasatch Mtns, West",Deer,Buck,General Season,Dedicated Hunter,Resident,6,dedicated_hunter,156,137,,,,,1,0,0,0,1,1.000000,,,1.000000,,,100.000,,-6,-1,ABOVE CUTOFF,RED,GREEN LIGHT,"2021,2022,2023,2024,2025",5,2025,2021,predictive,preference_dedicated_hunter_deer,TRUE,Forecasted from 2025 dedicated hunter ladder with residency quota split and preference carry-forward.,Dedicated Hunter,PREFERENCE_DEDICATED_HUNTER_DEER,MODELED_PREFERENCE,TARGET,True,Modeled by engine.utah_draw_predictive.dedicated_hunter.
hybrid_ml_v2.1.0,utah_preference_dedicated_hunter_deer_v1.0.0,2026,2026,DB1795,"Wasatch Mtns, West",Deer,Buck,General Season,Dedicated Hunter,Resident,7,dedicated_hunter,156,137,,,,,1,0,0,0,1,1.000000,,,1.000000,,,100.000,,-7,-1,ABOVE CUTOFF,RED,GREEN LIGHT,"2021,2022,2023,2024,2025",5,2025,2021,predictive,preference_dedicated_hunter_deer,TRUE,Forecasted from 2025 dedicated hunter ladder with residency quota split and preference carry-forward.,Dedicated Hunter,PREFERENCE_DEDICATED_HUNTER_DEER,MODELED_PREFERENCE,TARGET,True,Modeled by engine.utah_draw_predictive.dedicated_hunter.
hybrid_ml_v2.1.0,utah_preference_dedicated_hunter_deer_v1.0.0,2026,2026,DB1795,"Wasatch Mtns, West",Deer,Buck,General Season,Dedicated Hunter,Resident,8,dedicated_hunter,156,137,,,,,1,0,0,0,1,1.000000,,,1.000000,,,100.000,,-8,-1,ABOVE CUTOFF,RED,GREEN LIGHT,"2021,2022,2023,2024,2025",5,2025,2021,predictive,preference_dedicated_hunter_deer,TRUE,Forecasted from 2025 dedicated hunter ladder with residency quota split and preference carry-forward.,Dedicated Hunter,PREFERENCE_DEDICATED_HUNTER_DEER,MODELED_PREFERENCE,TARGET,True,Modeled by engine.utah_draw_predictive.dedicated_hunter.
hybrid_ml_v2.1.0,utah_preference_dedicated_hunter_deer_v1.0.0,2026,2026,DB1795,"Wasatch Mtns, West",Deer,Buck,General Season,Dedicated Hunter,Resident,9,dedicated_hunter,156,137,,,,,1,0,0,0,1,1.000000,,,1.000000,,,100.000,,-9,-1,ABOVE CUTOFF,RED,GREEN LIGHT,"2021,2022,2023,2024,2025",5,2025,2021,predictive,preference_dedicated_hunter_deer,TRUE,Forecasted from 2025 dedicated hunter ladder with residency quota split and preference carry-forward.,Dedicated Hunter,PREFERENCE_DEDICATED_HUNTER_DEER,MODELED_PREFERENCE,TARGET,True,Modeled by engine.utah_draw_predictive.dedicated_hunter.
hybrid_ml_v2.1.0,utah_preference_dedicated_hunter_deer_v1.0.0,2026,2026,DB1795,"Wasatch Mtns, West",Deer,Buck,General Season,Dedicated Hunter,Resident,10,dedicated_hunter,156,137,,,,,1,0,0,0,1,1.000000,,,1.000000,,,100.000,,-10,-1,ABOVE CUTOFF,RED,GREEN LIGHT,"2021,2022,2023,2024,2025",5,2025,2021,predictive,preference_dedicated_hunter_deer,TRUE,Forecasted from 2025 dedicated hunter ladder with residency quota split and preference carry-forward.,Dedicated Hunter,PREFERENCE_DEDICATED_HUNTER_DEER,MODELED_PREFERENCE,TARGET,True,Modeled by engine.utah_draw_predictive.dedicated_hunter.
hybrid_ml_v2.1.0,utah_preference_dedicated_hunter_deer_v1.0.0,2026,2026,DB1795,"Wasatch Mtns, West",Deer,Buck,General Season,Dedicated Hunter,Resident,11,dedicated_hunter,156,137,,,,,1,0,0,0,1,1.000000,,,1.000000,,,100.000,,-11,-1,ABOVE CUTOFF,RED,GREEN LIGHT,"2021,2022,2023,2024,2025",5,2025,2021,predictive,preference_dedicated_hunter_deer,TRUE,Forecasted from 2025 dedicated hunter ladder with residency quota split and preference carry-forward.,Dedicated Hunter,PREFERENCE_DEDICATED_HUNTER_DEER,MODELED_PREFERENCE,TARGET,True,Modeled by engine.utah_draw_predictive.dedicated_hunter.
hybrid_ml_v2.1.0,utah_preference_dedicated_hunter_deer_v1.0.0,2026,2026,DB1795,"Wasatch Mtns, West",Deer,Buck,General Season,Dedicated Hunter,Resident,12,dedicated_hunter,156,137,,,,,1,0,0,0,1,1.000000,,,1.000000,,,100.000,,-12,-1,ABOVE CUTOFF,RED,GREEN LIGHT,"2021,2022,2023,2024,2025",5,2025,2021,predictive,preference_dedicated_hunter_deer,TRUE,Forecasted from 2025 dedicated hunter ladder with residency quota split and preference carry-forward.,Dedicated Hunter,PREFERENCE_DEDICATED_HUNTER_DEER,MODELED_PREFERENCE,TARGET,True,Modeled by engine.utah_draw_predictive.dedicated_hunter.
hybrid_ml_v2.1.0,utah_preference_dedicated_hunter_deer_v1.0.0,2026,2026,DB1795,"Wasatch Mtns, West",Deer,Buck,General Season,Dedicated Hunter,Resident,13,dedicated_hunter,156,137,,,,,1,0,0,0,1,1.000000,,,1.000000,,,100.000,,-13,-1,ABOVE CUTOFF,RED,GREEN LIGHT,"2021,2022,2023,2024,2025",5,2025,2021,predictive,preference_dedicated_hunter_deer,TRUE,Forecasted from 2025 dedicated hunter ladder with residency quota split and preference carry-forward.,Dedicated Hunter,PREFERENCE_DEDICATED_HUNTER_DEER,MODELED_PREFERENCE,TARGET,True,Modeled by engine.utah_draw_predictive.dedicated_hunter.
hybrid_ml_v2.1.0,utah_preference_dedicated_hunter_deer_v1.0.0,2026,2026,DB1795,"Wasatch Mtns, West",Deer,Buck,General Season,Dedicated Hunter,Resident,14,dedicated_hunter,156,137,,,,,1,0,0,0,1,1.000000,,,1.000000,,,100.000,,-14,-1,ABOVE CUTOFF,RED,GREEN LIGHT,"2021,2022,2023,2024,2025",5,2025,2021,predictive,preference_dedicated_hunter_deer,TRUE,Forecasted from 2025 dedicated hunter ladder with residency quota split and preference carry-forward.,Dedicated Hunter,PREFERENCE_DEDICATED_HUNTER_DEER,MODELED_PREFERENCE,TARGET,True,Modeled by engine.utah_draw_predictive.dedicated_hunter.
hybrid_ml_v2.1.0,utah_preference_dedicated_hunter_deer_v1.0.0,2026,2026,DB1795,"Wasatch Mtns, West",Deer,Buck,General Season,Dedicated Hunter,Resident,15,dedicated_hunter,156,137,,,,,1,0,0,0,1,1.000000,,,1.000000,,,100.000,,-15,-1,ABOVE CUTOFF,RED,GREEN LIGHT,"2021,2022,2023,2024,2025",5,2025,2021,predictive,preference_dedicated_hunter_deer,TRUE,Forecasted from 2025 dedicated hunter ladder with residency quota split and preference carry-forward.,Dedicated Hunter,PREFERENCE_DEDICATED_HUNTER_DEER,MODELED_PREFERENCE,TARGET,True,Modeled by engine.utah_draw_predictive.dedicated_hunter.
hybrid_ml_v2.1.0,utah_preference_dedicated_hunter_deer_v1.0.0,2026,2026,DB1795,"Wasatch Mtns, West",Deer,Buck,General Season,Dedicated Hunter,Resident,16,dedicated_hunter,156,137,,,,,1,0,0,0,1,1.000000,,,1.000000,,,100.000,,-16,-1,ABOVE CUTOFF,RED,GREEN LIGHT,"2021,2022,2023,2024,2025",5,2025,2021,predictive,preference_dedicated_hunter_deer,TRUE,Forecasted from 2025 dedicated hunter ladder with residency quota split and preference carry-forward.,Dedicated Hunter,PREFERENCE_DEDICATED_HUNTER_DEER,MODELED_PREFERENCE,TARGET,True,Modeled by engine.utah_draw_predictive.dedicated_hunter.
hybrid_ml_v2.1.0,utah_preference_dedicated_hunter_deer_v1.0.0,2026,2026,DB1795,"Wasatch Mtns, West",Deer,Buck,General Season,Dedicated Hunter,Resident,17,dedicated_hunter,156,137,,,,,1,0,0,0,1,1.000000,,,1.000000,,,100.000,,-17,-1,ABOVE CUTOFF,RED,GREEN LIGHT,"2021,2022,2023,2024,2025",5,2025,2021,predictive,preference_dedicated_hunter_deer,TRUE,Forecasted from 2025 dedicated hunter ladder with residency quota split and preference carry-forward.,Dedicated Hunter,PREFERENCE_DEDICATED_HUNTER_DEER,MODELED_PREFERENCE,TARGET,True,Modeled by engine.utah_draw_predictive.dedicated_hunter.
hybrid_ml_v2.1.0,utah_preference_dedicated_hunter_deer_v1.0.0,2026,2026,DB1795,"Wasatch Mtns, West",Deer,Buck,General Season,Dedicated Hunter,Resident,18,dedicated_hunter,156,137,,,,,1,0,0,0,1,1.000000,,,1.000000,,,100.000,,-18,-1,ABOVE CUTOFF,RED,GREEN LIGHT,"2021,2022,2023,2024,2025",5,2025,2021,predictive,preference_dedicated_hunter_deer,TRUE,Forecasted from 2025 dedicated hunter ladder with residency quota split and preference carry-forward.,Dedicated Hunter,PREFERENCE_DEDICATED_HUNTER_DEER,MODELED_PREFERENCE,TARGET,True,Modeled by engine.utah_draw_predictive.dedicated_hunter.
hybrid_ml_v2.1.0,utah_preference_dedicated_hunter_deer_v1.0.0,2026,2026,DB1795,"Wasatch Mtns, West",Deer,Buck,General Season,Dedicated Hunter,Resident,19,dedicated_hunter,156,137,,,,,1,0,0,0,1,1.000000,,,1.000000,,,100.000,,-19,-1,ABOVE CUTOFF,RED,GREEN LIGHT,"2021,2022,2023,2024,2025",5,2025,2021,predictive,preference_dedicated_hunter_deer,TRUE,Forecasted from 2025 dedicated hunter ladder with residency quota split and preference carry-forward.,Dedicated Hunter,PREFERENCE_DEDICATED_HUNTER_DEER,MODELED_PREFERENCE,TARGET,True,Modeled by engine.utah_draw_predictive.dedicated_hunter.
hybrid_ml_v2.1.0,utah_preference_dedicated_hunter_deer_v1.0.0,2026,2026,DB1795,"Wasatch Mtns, West",Deer,Buck,General Season,Dedicated Hunter,Resident,20,dedicated_hunter,156,137,,,,,1,0,0,0,1,1.000000,,,1.000000,,,100.000,,-20,-1,ABOVE CUTOFF,RED,GREEN LIGHT,"2021,2022,2023,2024,2025",5,2025,2021,predictive,preference_dedicated_hunter_deer,TRUE,Forecasted from 2025 dedicated hunter ladder with residency quota split and preference carry-forward.,Dedicated Hunter,PREFERENCE_DEDICATED_HUNTER_DEER,MODELED_PREFERENCE,TARGET,True,Modeled by engine.utah_draw_predictive.dedicated_hunter.
hybrid_ml_v2.1.0,utah_preference_dedicated_hunter_deer_v1.0.0,2026,2026,DB1795,"Wasatch Mtns, West",Deer,Buck,General Season,Dedicated Hunter,Resident,21,dedicated_hunter,156,137,,,,,1,0,0,0,1,1.000000,,,1.000000,,,100.000,,-21,-1,ABOVE CUTOFF,RED,GREEN LIGHT,"2021,2022,2023,2024,2025",5,2025,2021,predictive,preference_dedicated_hunter_deer,TRUE,Forecasted from 2025 dedicated hunter ladder with residency quota split and preference carry-forward.,Dedicated Hunter,PREFERENCE_DEDICATED_HUNTER_DEER,MODELED_PREFERENCE,TARGET,True,Modeled by engine.utah_draw_predictive.dedicated_hunter.
hybrid_ml_v2.1.0,utah_preference_dedicated_hunter_deer_v1.0.0,2026,2026,DB1795,"Wasatch Mtns, West",Deer,Buck,General Season,Dedicated Hunter,Resident,22,dedicated_hunter,156,137,,,,,1,0,0,0,1,1.000000,,,1.000000,,,100.000,,-22,-1,ABOVE CUTOFF,RED,GREEN LIGHT,"2021,2022,2023,2024,2025",5,2025,2021,predictive,preference_dedicated_hunter_deer,TRUE,Forecasted from 2025 dedicated hunter ladder with residency quota split and preference carry-forward.,Dedicated Hunter,PREFERENCE_DEDICATED_HUNTER_DEER,MODELED_PREFERENCE,TARGET,True,Modeled by engine.utah_draw_predictive.dedicated_hunter.
hybrid_ml_v2.1.0,utah_preference_dedicated_hunter_deer_v1.0.0,2026,2026,DB1795,"Wasatch Mtns, West",Deer,Buck,General Season,Dedicated Hunter,Resident,23,dedicated_hunter,156,137,,,,,1,0,0,0,1,1.000000,,,1.000000,,,100.000,,-23,-1,ABOVE CUTOFF,RED,GREEN LIGHT,"2021,2022,2023,2024,2025",5,2025,2021,predictive,preference_dedicated_hunter_deer,TRUE,Forecasted from 2025 dedicated hunter ladder with residency quota split and preference carry-forward.,Dedicated Hunter,PREFERENCE_DEDICATED_HUNTER_DEER,MODELED_PREFERENCE,TARGET,True,Modeled by engine.utah_draw_predictive.dedicated_hunter.
hybrid_ml_v2.1.0,utah_preference_dedicated_hunter_deer_v1.0.0,2026,2026,DB1795,"Wasatch Mtns, West",Deer,Buck,General Season,Dedicated Hunter,Resident,24,dedicated_hunter,156,137,,,,,1,0,0,0,1,1.000000,,,1.000000,,,100.000,,-24,-1,ABOVE CUTOFF,RED,GREEN LIGHT,"2021,2022,2023,2024,2025",5,2025,2021,predictive,preference_dedicated_hunter_deer,TRUE,Forecasted from 2025 dedicated hunter ladder with residency quota split and preference carry-forward.,Dedicated Hunter,PREFERENCE_DEDICATED_HUNTER_DEER,MODELED_PREFERENCE,TARGET,True,Modeled by engine.utah_draw_predictive.dedicated_hunter.
hybrid_ml_v2.1.0,utah_preference_dedicated_hunter_deer_v1.0.0,2026,2026,DB1798,Zion,Deer,Buck,General Season,Dedicated Hunter,Nonresident,0,dedicated_hunter,3,13,,,,,3,1,12,6,6,0.166667,,,0.166667,,,16.667,,1,-2,ON EDGE,RED,RANDOM POOL RELIANCE,"2021,2022,2023,2024,2025",5,2025,2021,predictive,preference_dedicated_hunter_deer,TRUE,Forecasted from 2025 dedicated hunter ladder with residency quota split and preference carry-forward.,Dedicated Hunter,PREFERENCE_DEDICATED_HUNTER_DEER,MODELED_PREFERENCE,TARGET,True,Modeled by engine.utah_draw_predictive.dedicated_hunter.
hybrid_ml_v2.1.0,utah_preference_dedicated_hunter_deer_v1.0.0,2026,2026,DB1798,Zion,Deer,Buck,General Season,Dedicated Hunter,Nonresident,1,dedicated_hunter,3,13,,,,,3,1,7,5,5,1.000000,,,1.000000,,,100.000,,0,-2,ABOVE CUTOFF,RED,GREEN LIGHT,"2021,2022,2023,2024,2025",5,2025,2021,predictive,preference_dedicated_hunter_deer,TRUE,Forecasted from 2025 dedicated hunter ladder with residency quota split and preference carry-forward.,Dedicated Hunter,PREFERENCE_DEDICATED_HUNTER_DEER,MODELED_PREFERENCE,TARGET,True,Modeled by engine.utah_draw_predictive.dedicated_hunter.
hybrid_ml_v2.1.0,utah_preference_dedicated_hunter_deer_v1.0.0,2026,2026,DB1798,Zion,Deer,Buck,General Season,Dedicated Hunter,Nonresident,2,dedicated_hunter,3,13,,,,,3,1,1,6,6,1.000000,,,1.000000,,,100.000,,-1,-2,ABOVE CUTOFF,RED,GREEN LIGHT,"2021,2022,2023,2024,2025",5,2025,2021,predictive,preference_dedicated_hunter_deer,TRUE,Forecasted from 2025 dedicated hunter ladder with residency quota split and preference carry-forward.,Dedicated Hunter,PREFERENCE_DEDICATED_HUNTER_DEER,MODELED_PREFERENCE,TARGET,True,Modeled by engine.utah_draw_predictive.dedicated_hunter.
hybrid_ml_v2.1.0,utah_preference_dedicated_hunter_deer_v1.0.0,2026,2026,DB1798,Zion,Deer,Buck,General Season,Dedicated Hunter,Nonresident,3,dedicated_hunter,3,13,,,,,3,1,0,1,1,1.000000,,,1.000000,,,100.000,,-2,-2,ABOVE CUTOFF,RED,GREEN LIGHT,"2021,2022,2023,2024,2025",5,2025,2021,predictive,preference_dedicated_hunter_deer,TRUE,Forecasted from 2025 dedicated hunter ladder with residency quota split and preference carry-forward.,Dedicated Hunter,PREFERENCE_DEDICATED_HUNTER_DEER,MODELED_PREFERENCE,TARGET,True,Modeled by engine.utah_draw_predictive.dedicated_hunter.
hybrid_ml_v2.1.0,utah_preference_dedicated_hunter_deer_v1.0.0,2026,2026,DB1798,Zion,Deer,Buck,General Season,Dedicated Hunter,Nonresident,4,dedicated_hunter,3,13,,,,,3,1,0,0,1,1.000000,,,1.000000,,,100.000,,-3,-2,ABOVE CUTOFF,RED,GREEN LIGHT,"2021,2022,2023,2024,2025",5,2025,2021,predictive,preference_dedicated_hunter_deer,TRUE,Forecasted from 2025 dedicated hunter ladder with residency quota split and preference carry-forward.,Dedicated Hunter,PREFERENCE_DEDICATED_HUNTER_DEER,MODELED_PREFERENCE,TARGET,True,Modeled by engine.utah_draw_predictive.dedicated_hunter.
hybrid_ml_v2.1.0,utah_preference_dedicated_hunter_deer_v1.0.0,2026,2026,DB1798,Zion,Deer,Buck,General Season,Dedicated Hunter,Nonresident,5,dedicated_hunter,3,13,,,,,3,1,0,0,1,1.000000,,,1.000000,,,100.000,,-4,-2,ABOVE CUTOFF,RED,GREEN LIGHT,"2021,2022,2023,2024,2025",5,2025,2021,predictive,preference_dedicated_hunter_deer,TRUE,Forecasted from 2025 dedicated hunter ladder with residency quota split and preference carry-forward.,Dedicated Hunter,PREFERENCE_DEDICATED_HUNTER_DEER,MODELED_PREFERENCE,TARGET,True,Modeled by engine.utah_draw_predictive.dedicated_hunter.
hybrid_ml_v2.1.0,utah_preference_dedicated_hunter_deer_v1.0.0,2026,2026,DB1798,Zion,Deer,Buck,General Season,Dedicated Hunter,Nonresident,6,dedicated_hunter,3,13,,,,,3,1,0,0,1,1.000000,,,1.000000,,,100.000,,-5,-2,ABOVE CUTOFF,RED,GREEN LIGHT,"2021,2022,2023,2024,2025",5,2025,2021,predictive,preference_dedicated_hunter_deer,TRUE,Forecasted from 2025 dedicated hunter ladder with residency quota split and preference carry-forward.,Dedicated Hunter,PREFERENCE_DEDICATED_HUNTER_DEER,MODELED_PREFERENCE,TARGET,True,Modeled by engine.utah_draw_predictive.dedicated_hunter.
hybrid_ml_v2.1.0,utah_preference_dedicated_hunter_deer_v1.0.0,2026,2026,DB1798,Zion,Deer,Buck,General Season,Dedicated Hunter,Nonresident,7,dedicated_hunter,3,13,,,,,3,1,0,0,1,1.000000,,,1.000000,,,100.000,,-6,-2,ABOVE CUTOFF,RED,GREEN LIGHT,"2021,2022,2023,2024,2025",5,2025,2021,predictive,preference_dedicated_hunter_deer,TRUE,Forecasted from 2025 dedicated hunter ladder with residency quota split and preference carry-forward.,Dedicated Hunter,PREFERENCE_DEDICATED_HUNTER_DEER,MODELED_PREFERENCE,TARGET,True,Modeled by engine.utah_draw_predictive.dedicated_hunter.
hybrid_ml_v2.1.0,utah_preference_dedicated_hunter_deer_v1.0.0,2026,2026,DB1798,Zion,Deer,Buck,General Season,Dedicated Hunter,Nonresident,8,dedicated_hunter,3,13,,,,,3,1,0,0,1,1.000000,,,1.000000,,,100.000,,-7,-2,ABOVE CUTOFF,RED,GREEN LIGHT,"2021,2022,2023,2024,2025",5,2025,2021,predictive,preference_dedicated_hunter_deer,TRUE,Forecasted from 2025 dedicated hunter ladder with residency quota split and preference carry-forward.,Dedicated Hunter,PREFERENCE_DEDICATED_HUNTER_DEER,MODELED_PREFERENCE,TARGET,True,Modeled by engine.utah_draw_predictive.dedicated_hunter.
hybrid_ml_v2.1.0,utah_preference_dedicated_hunter_deer_v1.0.0,2026,2026,DB1798,Zion,Deer,Buck,General Season,Dedicated Hunter,Nonresident,9,dedicated_hunter,3,13,,,,,3,1,0,0,1,1.000000,,,1.000000,,,100.000,,-8,-2,ABOVE CUTOFF,RED,GREEN LIGHT,"2021,2022,2023,2024,2025",5,2025,2021,predictive,preference_dedicated_hunter_deer,TRUE,Forecasted from 2025 dedicated hunter ladder with residency quota split and preference carry-forward.,Dedicated Hunter,PREFERENCE_DEDICATED_HUNTER_DEER,MODELED_PREFERENCE,TARGET,True,Modeled by engine.utah_draw_predictive.dedicated_hunter.
hybrid_ml_v2.1.0,utah_preference_dedicated_hunter_deer_v1.0.0,2026,2026,DB1798,Zion,Deer,Buck,General Season,Dedicated Hunter,Nonresident,10,dedicated_hunter,3,13,,,,,3,1,0,0,1,1.000000,,,1.000000,,,100.000,,-9,-2,ABOVE CUTOFF,RED,GREEN LIGHT,"2021,2022,2023,2024,2025",5,2025,2021,predictive,preference_dedicated_hunter_deer,TRUE,Forecasted from 2025 dedicated hunter ladder with residency quota split and preference carry-forward.,Dedicated Hunter,PREFERENCE_DEDICATED_HUNTER_DEER,MODELED_PREFERENCE,TARGET,True,Modeled by engine.utah_draw_predictive.dedicated_hunter.
hybrid_ml_v2.1.0,utah_preference_dedicated_hunter_deer_v1.0.0,2026,2026,DB1798,Zion,Deer,Buck,General Season,Dedicated Hunter,Nonresident,11,dedicated_hunter,3,13,,,,,3,1,0,0,1,1.000000,,,1.000000,,,100.000,,-10,-2,ABOVE CUTOFF,RED,GREEN LIGHT,"2021,2022,2023,2024,2025",5,2025,2021,predictive,preference_dedicated_hunter_deer,TRUE,Forecasted from 2025 dedicated hunter ladder with residency quota split and preference carry-forward.,Dedicated Hunter,PREFERENCE_DEDICATED_HUNTER_DEER,MODELED_PREFERENCE,TARGET,True,Modeled by engine.utah_draw_predictive.dedicated_hunter.
hybrid_ml_v2.1.0,utah_preference_dedicated_hunter_deer_v1.0.0,2026,2026,DB1798,Zion,Deer,Buck,General Season,Dedicated Hunter,Nonresident,12,dedicated_hunter,3,13,,,,,3,1,0,0,1,1.000000,,,1.000000,,,100.000,,-11,-2,ABOVE CUTOFF,RED,GREEN LIGHT,"2021,2022,2023,2024,2025",5,2025,2021,predictive,preference_dedicated_hunter_deer,TRUE,Forecasted from 2025 dedicated hunter ladder with residency quota split and preference carry-forward.,Dedicated Hunter,PREFERENCE_DEDICATED_HUNTER_DEER,MODELED_PREFERENCE,TARGET,True,Modeled by engine.utah_draw_predictive.dedicated_hunter.
hybrid_ml_v2.1.0,utah_preference_dedicated_hunter_deer_v1.0.0,2026,2026,DB1798,Zion,Deer,Buck,General Season,Dedicated Hunter,Nonresident,13,dedicated_hunter,3,13,,,,,3,1,0,0,1,1.000000,,,1.000000,,,100.000,,-12,-2,ABOVE CUTOFF,RED,GREEN LIGHT,"2021,2022,2023,2024,2025",5,2025,2021,predictive,preference_dedicated_hunter_deer,TRUE,Forecasted from 2025 dedicated hunter ladder with residency quota split and preference carry-forward.,Dedicated Hunter,PREFERENCE_DEDICATED_HUNTER_DEER,MODELED_PREFERENCE,TARGET,True,Modeled by engine.utah_draw_predictive.dedicated_hunter.
hybrid_ml_v2.1.0,utah_preference_dedicated_hunter_deer_v1.0.0,2026,2026,DB1798,Zion,Deer,Buck,General Season,Dedicated Hunter,Nonresident,14,dedicated_hunter,3,13,,,,,3,1,0,0,1,1.000000,,,1.000000,,,100.000,,-13,-2,ABOVE CUTOFF,RED,GREEN LIGHT,"2021,2022,2023,2024,2025",5,2025,2021,predictive,preference_dedicated_hunter_deer,TRUE,Forecasted from 2025 dedicated hunter ladder with residency quota split and preference carry-forward.,Dedicated Hunter,PREFERENCE_DEDICATED_HUNTER_DEER,MODELED_PREFERENCE,TARGET,True,Modeled by engine.utah_draw_predictive.dedicated_hunter.
hybrid_ml_v2.1.0,utah_preference_dedicated_hunter_deer_v1.0.0,2026,2026,DB1798,Zion,Deer,Buck,General Season,Dedicated Hunter,Nonresident,15,dedicated_hunter,3,13,,,,,3,1,0,0,1,1.000000,,,1.000000,,,100.000,,-14,-2,ABOVE CUTOFF,RED,GREEN LIGHT,"2021,2022,2023,2024,2025",5,2025,2021,predictive,preference_dedicated_hunter_deer,TRUE,Forecasted from 2025 dedicated hunter ladder with residency quota split and preference carry-forward.,Dedicated Hunter,PREFERENCE_DEDICATED_HUNTER_DEER,MODELED_PREFERENCE,TARGET,True,Modeled by engine.utah_draw_predictive.dedicated_hunter.
hybrid_ml_v2.1.0,utah_preference_dedicated_hunter_deer_v1.0.0,2026,2026,DB1798,Zion,Deer,Buck,General Season,Dedicated Hunter,Nonresident,16,dedicated_hunter,3,13,,,,,3,1,0,0,1,1.000000,,,1.000000,,,100.000,,-15,-2,ABOVE CUTOFF,RED,GREEN LIGHT,"2021,2022,2023,2024,2025",5,2025,2021,predictive,preference_dedicated_hunter_deer,TRUE,Forecasted from 2025 dedicated hunter ladder with residency quota split and preference carry-forward.,Dedicated Hunter,PREFERENCE_DEDICATED_HUNTER_DEER,MODELED_PREFERENCE,TARGET,True,Modeled by engine.utah_draw_predictive.dedicated_hunter.
hybrid_ml_v2.1.0,utah_preference_dedicated_hunter_deer_v1.0.0,2026,2026,DB1798,Zion,Deer,Buck,General Season,Dedicated Hunter,Nonresident,17,dedicated_hunter,3,13,,,,,3,1,0,0,1,1.000000,,,1.000000,,,100.000,,-16,-2,ABOVE CUTOFF,RED,GREEN LIGHT,"2021,2022,2023,2024,2025",5,2025,2021,predictive,preference_dedicated_hunter_deer,TRUE,Forecasted from 2025 dedicated hunter ladder with residency quota split and preference carry-forward.,Dedicated Hunter,PREFERENCE_DEDICATED_HUNTER_DEER,MODELED_PREFERENCE,TARGET,True,Modeled by engine.utah_draw_predictive.dedicated_hunter.
hybrid_ml_v2.1.0,utah_preference_dedicated_hunter_deer_v1.0.0,2026,2026,DB1798,Zion,Deer,Buck,General Season,Dedicated Hunter,Nonresident,18,dedicated_hunter,3,13,,,,,3,1,0,0,1,1.000000,,,1.000000,,,100.000,,-17,-2,ABOVE CUTOFF,RED,GREEN LIGHT,"2021,2022,2023,2024,2025",5,2025,2021,predictive,preference_dedicated_hunter_deer,TRUE,Forecasted from 2025 dedicated hunter ladder with residency quota split and preference carry-forward.,Dedicated Hunter,PREFERENCE_DEDICATED_HUNTER_DEER,MODELED_PREFERENCE,TARGET,True,Modeled by engine.utah_draw_predictive.dedicated_hunter.
hybrid_ml_v2.1.0,utah_preference_dedicated_hunter_deer_v1.0.0,2026,2026,DB1798,Zion,Deer,Buck,General Season,Dedicated Hunter,Nonresident,19,dedicated_hunter,3,13,,,,,3,1,0,0,1,1.000000,,,1.000000,,,100.000,,-18,-2,ABOVE CUTOFF,RED,GREEN LIGHT,"2021,2022,2023,2024,2025",5,2025,2021,predictive,preference_dedicated_hunter_deer,TRUE,Forecasted from 2025 dedicated hunter ladder with residency quota split and preference carry-forward.,Dedicated Hunter,PREFERENCE_DEDICATED_HUNTER_DEER,MODELED_PREFERENCE,TARGET,True,Modeled by engine.utah_draw_predictive.dedicated_hunter.
hybrid_ml_v2.1.0,utah_preference_dedicated_hunter_deer_v1.0.0,2026,2026,DB1798,Zion,Deer,Buck,General Season,Dedicated Hunter,Nonresident,20,dedicated_hunter,3,13,,,,,3,1,0,0,1,1.000000,,,1.000000,,,100.000,,-19,-2,ABOVE CUTOFF,RED,GREEN LIGHT,"2021,2022,2023,2024,2025",5,2025,2021,predictive,preference_dedicated_hunter_deer,TRUE,Forecasted from 2025 dedicated hunter ladder with residency quota split and preference carry-forward.,Dedicated Hunter,PREFERENCE_DEDICATED_HUNTER_DEER,MODELED_PREFERENCE,TARGET,True,Modeled by engine.utah_draw_predictive.dedicated_hunter.
hybrid_ml_v2.1.0,utah_preference_dedicated_hunter_deer_v1.0.0,2026,2026,DB1798,Zion,Deer,Buck,General Season,Dedicated Hunter,Nonresident,21,dedicated_hunter,3,13,,,,,3,1,0,0,1,1.000000,,,1.000000,,,100.000,,-20,-2,ABOVE CUTOFF,RED,GREEN LIGHT,"2021,2022,2023,2024,2025",5,2025,2021,predictive,preference_dedicated_hunter_deer,TRUE,Forecasted from 2025 dedicated hunter ladder with residency quota split and preference carry-forward.,Dedicated Hunter,PREFERENCE_DEDICATED_HUNTER_DEER,MODELED_PREFERENCE,TARGET,True,Modeled by engine.utah_draw_predictive.dedicated_hunter.
hybrid_ml_v2.1.0,utah_preference_dedicated_hunter_deer_v1.0.0,2026,2026,DB1798,Zion,Deer,Buck,General Season,Dedicated Hunter,Nonresident,22,dedicated_hunter,3,13,,,,,3,1,0,0,1,1.000000,,,1.000000,,,100.000,,-21,-2,ABOVE CUTOFF,RED,GREEN LIGHT,"2021,2022,2023,2024,2025",5,2025,2021,predictive,preference_dedicated_hunter_deer,TRUE,Forecasted from 2025 dedicated hunter ladder with residency quota split and preference carry-forward.,Dedicated Hunter,PREFERENCE_DEDICATED_HUNTER_DEER,MODELED_PREFERENCE,TARGET,True,Modeled by engine.utah_draw_predictive.dedicated_hunter.
hybrid_ml_v2.1.0,utah_preference_dedicated_hunter_deer_v1.0.0,2026,2026,DB1798,Zion,Deer,Buck,General Season,Dedicated Hunter,Nonresident,23,dedicated_hunter,3,13,,,,,3,1,0,0,1,1.000000,,,1.000000,,,100.000,,-22,-2,ABOVE CUTOFF,RED,GREEN LIGHT,"2021,2022,2023,2024,2025",5,2025,2021,predictive,preference_dedicated_hunter_deer,TRUE,Forecasted from 2025 dedicated hunter ladder with residency quota split and preference carry-forward.,Dedicated Hunter,PREFERENCE_DEDICATED_HUNTER_DEER,MODELED_PREFERENCE,TARGET,True,Modeled by engine.utah_draw_predictive.dedicated_hunter.
hybrid_ml_v2.1.0,utah_preference_dedicated_hunter_deer_v1.0.0,2026,2026,DB1798,Zion,Deer,Buck,General Season,Dedicated Hunter,Nonresident,24,dedicated_hunter,3,13,,,,,3,1,0,0,1,1.000000,,,1.000000,,,100.000,,-23,-2,ABOVE CUTOFF,RED,GREEN LIGHT,"2021,2022,2023,2024,2025",5,2025,2021,predictive,preference_dedicated_hunter_deer,TRUE,Forecasted from 2025 dedicated hunter ladder with residency quota split and preference carry-forward.,Dedicated Hunter,PREFERENCE_DEDICATED_HUNTER_DEER,MODELED_PREFERENCE,TARGET,True,Modeled by engine.utah_draw_predictive.dedicated_hunter.
hybrid_ml_v2.1.0,utah_preference_dedicated_hunter_deer_v1.0.0,2026,2026,DB1798,Zion,Deer,Buck,General Season,Dedicated Hunter,Resident,0,dedicated_hunter,26,189,,,,,3,1,153,74,74,0.486486,,,0.486486,,,48.649,,1,-2,ON EDGE,RED,MAY DRAW IN 5-10 YEARS,"2021,2022,2023,2024,2025",5,2025,2021,predictive,preference_dedicated_hunter_deer,TRUE,Forecasted from 2025 dedicated hunter ladder with residency quota split and preference carry-forward.,Dedicated Hunter,PREFERENCE_DEDICATED_HUNTER_DEER,MODELED_PREFERENCE,TARGET,True,Modeled by engine.utah_draw_predictive.dedicated_hunter.
hybrid_ml_v2.1.0,utah_preference_dedicated_hunter_deer_v1.0.0,2026,2026,DB1798,Zion,Deer,Buck,General Season,Dedicated Hunter,Resident,1,dedicated_hunter,26,189,,,,,3,1,102,51,51,1.000000,,,1.000000,,,100.000,,0,-2,ABOVE CUTOFF,RED,GREEN LIGHT,"2021,2022,2023,2024,2025",5,2025,2021,predictive,preference_dedicated_hunter_deer,TRUE,Forecasted from 2025 dedicated hunter ladder with residency quota split and preference carry-forward.,Dedicated Hunter,PREFERENCE_DEDICATED_HUNTER_DEER,MODELED_PREFERENCE,TARGET,True,Modeled by engine.utah_draw_predictive.dedicated_hunter.
hybrid_ml_v2.1.0,utah_preference_dedicated_hunter_deer_v1.0.0,2026,2026,DB1798,Zion,Deer,Buck,General Season,Dedicated Hunter,Resident,2,dedicated_hunter,26,189,,,,,3,1,50,52,52,1.000000,,,1.000000,,,100.000,,-1,-2,ABOVE CUTOFF,RED,GREEN LIGHT,"2021,2022,2023,2024,2025",5,2025,2021,predictive,preference_dedicated_hunter_deer,TRUE,Forecasted from 2025 dedicated hunter ladder with residency quota split and preference carry-forward.,Dedicated Hunter,PREFERENCE_DEDICATED_HUNTER_DEER,MODELED_PREFERENCE,TARGET,True,Modeled by engine.utah_draw_predictive.dedicated_hunter.
hybrid_ml_v2.1.0,utah_preference_dedicated_hunter_deer_v1.0.0,2026,2026,DB1798,Zion,Deer,Buck,General Season,Dedicated Hunter,Resident,3,dedicated_hunter,26,189,,,,,3,1,0,50,50,1.000000,,,1.000000,,,100.000,,-2,-2,ABOVE CUTOFF,RED,GREEN LIGHT,"2021,2022,2023,2024,2025",5,2025,2021,predictive,preference_dedicated_hunter_deer,TRUE,Forecasted from 2025 dedicated hunter ladder with residency quota split and preference carry-forward.,Dedicated Hunter,PREFERENCE_DEDICATED_HUNTER_DEER,MODELED_PREFERENCE,TARGET,True,Modeled by engine.utah_draw_predictive.dedicated_hunter.
hybrid_ml_v2.1.0,utah_preference_dedicated_hunter_deer_v1.0.0,2026,2026,DB1798,Zion,Deer,Buck,General Season,Dedicated Hunter,Resident,4,dedicated_hunter,26,189,,,,,3,1,0,0,1,1.000000,,,1.000000,,,100.000,,-3,-2,ABOVE CUTOFF,RED,GREEN LIGHT,"2021,2022,2023,2024,2025",5,2025,2021,predictive,preference_dedicated_hunter_deer,TRUE,Forecasted from 2025 dedicated hunter ladder with residency quota split and preference carry-forward.,Dedicated Hunter,PREFERENCE_DEDICATED_HUNTER_DEER,MODELED_PREFERENCE,TARGET,True,Modeled by engine.utah_draw_predictive.dedicated_hunter.
hybrid_ml_v2.1.0,utah_preference_dedicated_hunter_deer_v1.0.0,2026,2026,DB1798,Zion,Deer,Buck,General Season,Dedicated Hunter,Resident,5,dedicated_hunter,26,189,,,,,3,1,0,0,1,1.000000,,,1.000000,,,100.000,,-4,-2,ABOVE CUTOFF,RED,GREEN LIGHT,"2021,2022,2023,2024,2025",5,2025,2021,predictive,preference_dedicated_hunter_deer,TRUE,Forecasted from 2025 dedicated hunter ladder with residency quota split and preference carry-forward.,Dedicated Hunter,PREFERENCE_DEDICATED_HUNTER_DEER,MODELED_PREFERENCE,TARGET,True,Modeled by engine.utah_draw_predictive.dedicated_hunter.
hybrid_ml_v2.1.0,utah_preference_dedicated_hunter_deer_v1.0.0,2026,2026,DB1798,Zion,Deer,Buck,General Season,Dedicated Hunter,Resident,6,dedicated_hunter,26,189,,,,,3,1,0,0,1,1.000000,,,1.000000,,,100.000,,-5,-2,ABOVE CUTOFF,RED,GREEN LIGHT,"2021,2022,2023,2024,2025",5,2025,2021,predictive,preference_dedicated_hunter_deer,TRUE,Forecasted from 2025 dedicated hunter ladder with residency quota split and preference carry-forward.,Dedicated Hunter,PREFERENCE_DEDICATED_HUNTER_DEER,MODELED_PREFERENCE,TARGET,True,Modeled by engine.utah_draw_predictive.dedicated_hunter.
hybrid_ml_v2.1.0,utah_preference_dedicated_hunter_deer_v1.0.0,2026,2026,DB1798,Zion,Deer,Buck,General Season,Dedicated Hunter,Resident,7,dedicated_hunter,26,189,,,,,3,1,0,0,1,1.000000,,,1.000000,,,100.000,,-6,-2,ABOVE CUTOFF,RED,GREEN LIGHT,"2021,2022,2023,2024,2025",5,2025,2021,predictive,preference_dedicated_hunter_deer,TRUE,Forecasted from 2025 dedicated hunter ladder with residency quota split and preference carry-forward.,Dedicated Hunter,PREFERENCE_DEDICATED_HUNTER_DEER,MODELED_PREFERENCE,TARGET,True,Modeled by engine.utah_draw_predictive.dedicated_hunter.
hybrid_ml_v2.1.0,utah_preference_dedicated_hunter_deer_v1.0.0,2026,2026,DB1798,Zion,Deer,Buck,General Season,Dedicated Hunter,Resident,8,dedicated_hunter,26,189,,,,,3,1,0,0,1,1.000000,,,1.000000,,,100.000,,-7,-2,ABOVE CUTOFF,RED,GREEN LIGHT,"2021,2022,2023,2024,2025",5,2025,2021,predictive,preference_dedicated_hunter_deer,TRUE,Forecasted from 2025 dedicated hunter ladder with residency quota split and preference carry-forward.,Dedicated Hunter,PREFERENCE_DEDICATED_HUNTER_DEER,MODELED_PREFERENCE,TARGET,True,Modeled by engine.utah_draw_predictive.dedicated_hunter.
hybrid_ml_v2.1.0,utah_preference_dedicated_hunter_deer_v1.0.0,2026,2026,DB1798,Zion,Deer,Buck,General Season,Dedicated Hunter,Resident,9,dedicated_hunter,26,189,,,,,3,1,0,0,1,1.000000,,,1.000000,,,100.000,,-8,-2,ABOVE CUTOFF,RED,GREEN LIGHT,"2021,2022,2023,2024,2025",5,2025,2021,predictive,preference_dedicated_hunter_deer,TRUE,Forecasted from 2025 dedicated hunter ladder with residency quota split and preference carry-forward.,Dedicated Hunter,PREFERENCE_DEDICATED_HUNTER_DEER,MODELED_PREFERENCE,TARGET,True,Modeled by engine.utah_draw_predictive.dedicated_hunter.
hybrid_ml_v2.1.0,utah_preference_dedicated_hunter_deer_v1.0.0,2026,2026,DB1798,Zion,Deer,Buck,General Season,Dedicated Hunter,Resident,10,dedicated_hunter,26,189,,,,,3,1,0,0,1,1.000000,,,1.000000,,,100.000,,-9,-2,ABOVE CUTOFF,RED,GREEN LIGHT,"2021,2022,2023,2024,2025",5,2025,2021,predictive,preference_dedicated_hunter_deer,TRUE,Forecasted from 2025 dedicated hunter ladder with residency quota split and preference carry-forward.,Dedicated Hunter,PREFERENCE_DEDICATED_HUNTER_DEER,MODELED_PREFERENCE,TARGET,True,Modeled by engine.utah_draw_predictive.dedicated_hunter.
hybrid_ml_v2.1.0,utah_preference_dedicated_hunter_deer_v1.0.0,2026,2026,DB1798,Zion,Deer,Buck,General Season,Dedicated Hunter,Resident,11,dedicated_hunter,26,189,,,,,3,1,0,0,1,1.000000,,,1.000000,,,100.000,,-10,-2,ABOVE CUTOFF,RED,GREEN LIGHT,"2021,2022,2023,2024,2025",5,2025,2021,predictive,preference_dedicated_hunter_deer,TRUE,Forecasted from 2025 dedicated hunter ladder with residency quota split and preference carry-forward.,Dedicated Hunter,PREFERENCE_DEDICATED_HUNTER_DEER,MODELED_PREFERENCE,TARGET,True,Modeled by engine.utah_draw_predictive.dedicated_hunter.
hybrid_ml_v2.1.0,utah_preference_dedicated_hunter_deer_v1.0.0,2026,2026,DB1798,Zion,Deer,Buck,General Season,Dedicated Hunter,Resident,12,dedicated_hunter,26,189,,,,,3,1,0,0,1,1.000000,,,1.000000,,,100.000,,-11,-2,ABOVE CUTOFF,RED,GREEN LIGHT,"2021,2022,2023,2024,2025",5,2025,2021,predictive,preference_dedicated_hunter_deer,TRUE,Forecasted from 2025 dedicated hunter ladder with residency quota split and preference carry-forward.,Dedicated Hunter,PREFERENCE_DEDICATED_HUNTER_DEER,MODELED_PREFERENCE,TARGET,True,Modeled by engine.utah_draw_predictive.dedicated_hunter.
hybrid_ml_v2.1.0,utah_preference_dedicated_hunter_deer_v1.0.0,2026,2026,DB1798,Zion,Deer,Buck,General Season,Dedicated Hunter,Resident,13,dedicated_hunter,26,189,,,,,3,1,0,0,1,1.000000,,,1.000000,,,100.000,,-12,-2,ABOVE CUTOFF,RED,GREEN LIGHT,"2021,2022,2023,2024,2025",5,2025,2021,predictive,preference_dedicated_hunter_deer,TRUE,Forecasted from 2025 dedicated hunter ladder with residency quota split and preference carry-forward.,Dedicated Hunter,PREFERENCE_DEDICATED_HUNTER_DEER,MODELED_PREFERENCE,TARGET,True,Modeled by engine.utah_draw_predictive.dedicated_hunter.
hybrid_ml_v2.1.0,utah_preference_dedicated_hunter_deer_v1.0.0,2026,2026,DB1798,Zion,Deer,Buck,General Season,Dedicated Hunter,Resident,14,dedicated_hunter,26,189,,,,,3,1,0,0,1,1.000000,,,1.000000,,,100.000,,-13,-2,ABOVE CUTOFF,RED,GREEN LIGHT,"2021,2022,2023,2024,2025",5,2025,2021,predictive,preference_dedicated_hunter_deer,TRUE,Forecasted from 2025 dedicated hunter ladder with residency quota split and preference carry-forward.,Dedicated Hunter,PREFERENCE_DEDICATED_HUNTER_DEER,MODELED_PREFERENCE,TARGET,True,Modeled by engine.utah_draw_predictive.dedicated_hunter.
hybrid_ml_v2.1.0,utah_preference_dedicated_hunter_deer_v1.0.0,2026,2026,DB1798,Zion,Deer,Buck,General Season,Dedicated Hunter,Resident,15,dedicated_hunter,26,189,,,,,3,1,0,0,1,1.000000,,,1.000000,,,100.000,,-14,-2,ABOVE CUTOFF,RED,GREEN LIGHT,"2021,2022,2023,2024,2025",5,2025,2021,predictive,preference_dedicated_hunter_deer,TRUE,Forecasted from 2025 dedicated hunter ladder with residency quota split and preference carry-forward.,Dedicated Hunter,PREFERENCE_DEDICATED_HUNTER_DEER,MODELED_PREFERENCE,TARGET,True,Modeled by engine.utah_draw_predictive.dedicated_hunter.
hybrid_ml_v2.1.0,utah_preference_dedicated_hunter_deer_v1.0.0,2026,2026,DB1798,Zion,Deer,Buck,General Season,Dedicated Hunter,Resident,16,dedicated_hunter,26,189,,,,,3,1,0,0,1,1.000000,,,1.000000,,,100.000,,-15,-2,ABOVE CUTOFF,RED,GREEN LIGHT,"2021,2022,2023,2024,2025",5,2025,2021,predictive,preference_dedicated_hunter_deer,TRUE,Forecasted from 2025 dedicated hunter ladder with residency quota split and preference carry-forward.,Dedicated Hunter,PREFERENCE_DEDICATED_HUNTER_DEER,MODELED_PREFERENCE,TARGET,True,Modeled by engine.utah_draw_predictive.dedicated_hunter.
hybrid_ml_v2.1.0,utah_preference_dedicated_hunter_deer_v1.0.0,2026,2026,DB1798,Zion,Deer,Buck,General Season,Dedicated Hunter,Resident,17,dedicated_hunter,26,189,,,,,3,1,0,0,1,1.000000,,,1.000000,,,100.000,,-16,-2,ABOVE CUTOFF,RED,GREEN LIGHT,"2021,2022,2023,2024,2025",5,2025,2021,predictive,preference_dedicated_hunter_deer,TRUE,Forecasted from 2025 dedicated hunter ladder with residency quota split and preference carry-forward.,Dedicated Hunter,PREFERENCE_DEDICATED_HUNTER_DEER,MODELED_PREFERENCE,TARGET,True,Modeled by engine.utah_draw_predictive.dedicated_hunter.
hybrid_ml_v2.1.0,utah_preference_dedicated_hunter_deer_v1.0.0,2026,2026,DB1798,Zion,Deer,Buck,General Season,Dedicated Hunter,Resident,18,dedicated_hunter,26,189,,,,,3,1,0,0,1,1.000000,,,1.000000,,,100.000,,-17,-2,ABOVE CUTOFF,RED,GREEN LIGHT,"2021,2022,2023,2024,2025",5,2025,2021,predictive,preference_dedicated_hunter_deer,TRUE,Forecasted from 2025 dedicated hunter ladder with residency quota split and preference carry-forward.,Dedicated Hunter,PREFERENCE_DEDICATED_HUNTER_DEER,MODELED_PREFERENCE,TARGET,True,Modeled by engine.utah_draw_predictive.dedicated_hunter.
hybrid_ml_v2.1.0,utah_preference_dedicated_hunter_deer_v1.0.0,2026,2026,DB1798,Zion,Deer,Buck,General Season,Dedicated Hunter,Resident,19,dedicated_hunter,26,189,,,,,3,1,0,0,1,1.000000,,,1.000000,,,100.000,,-18,-2,ABOVE CUTOFF,RED,GREEN LIGHT,"2021,2022,2023,2024,2025",5,2025,2021,predictive,preference_dedicated_hunter_deer,TRUE,Forecasted from 2025 dedicated hunter ladder with residency quota split and preference carry-forward.,Dedicated Hunter,PREFERENCE_DEDICATED_HUNTER_DEER,MODELED_PREFERENCE,TARGET,True,Modeled by engine.utah_draw_predictive.dedicated_hunter.
hybrid_ml_v2.1.0,utah_preference_dedicated_hunter_deer_v1.0.0,2026,2026,DB1798,Zion,Deer,Buck,General Season,Dedicated Hunter,Resident,20,dedicated_hunter,26,189,,,,,3,1,0,0,1,1.000000,,,1.000000,,,100.000,,-19,-2,ABOVE CUTOFF,RED,GREEN LIGHT,"2021,2022,2023,2024,2025",5,2025,2021,predictive,preference_dedicated_hunter_deer,TRUE,Forecasted from 2025 dedicated hunter ladder with residency quota split and preference carry-forward.,Dedicated Hunter,PREFERENCE_DEDICATED_HUNTER_DEER,MODELED_PREFERENCE,TARGET,True,Modeled by engine.utah_draw_predictive.dedicated_hunter.
hybrid_ml_v2.1.0,utah_preference_dedicated_hunter_deer_v1.0.0,2026,2026,DB1798,Zion,Deer,Buck,General Season,Dedicated Hunter,Resident,21,dedicated_hunter,26,189,,,,,3,1,0,0,1,1.000000,,,1.000000,,,100.000,,-20,-2,ABOVE CUTOFF,RED,GREEN LIGHT,"2021,2022,2023,2024,2025",5,2025,2021,predictive,preference_dedicated_hunter_deer,TRUE,Forecasted from 2025 dedicated hunter ladder with residency quota split and preference carry-forward.,Dedicated Hunter,PREFERENCE_DEDICATED_HUNTER_DEER,MODELED_PREFERENCE,TARGET,True,Modeled by engine.utah_draw_predictive.dedicated_hunter.
hybrid_ml_v2.1.0,utah_preference_dedicated_hunter_deer_v1.0.0,2026,2026,DB1798,Zion,Deer,Buck,General Season,Dedicated Hunter,Resident,22,dedicated_hunter,26,189,,,,,3,1,0,0,1,1.000000,,,1.000000,,,100.000,,-21,-2,ABOVE CUTOFF,RED,GREEN LIGHT,"2021,2022,2023,2024,2025",5,2025,2021,predictive,preference_dedicated_hunter_deer,TRUE,Forecasted from 2025 dedicated hunter ladder with residency quota split and preference carry-forward.,Dedicated Hunter,PREFERENCE_DEDICATED_HUNTER_DEER,MODELED_PREFERENCE,TARGET,True,Modeled by engine.utah_draw_predictive.dedicated_hunter.
hybrid_ml_v2.1.0,utah_preference_dedicated_hunter_deer_v1.0.0,2026,2026,DB1798,Zion,Deer,Buck,General Season,Dedicated Hunter,Resident,23,dedicated_hunter,26,189,,,,,3,1,0,0,1,1.000000,,,1.000000,,,100.000,,-22,-2,ABOVE CUTOFF,RED,GREEN LIGHT,"2021,2022,2023,2024,2025",5,2025,2021,predictive,preference_dedicated_hunter_deer,TRUE,Forecasted from 2025 dedicated hunter ladder with residency quota split and preference carry-forward.,Dedicated Hunter,PREFERENCE_DEDICATED_HUNTER_DEER,MODELED_PREFERENCE,TARGET,True,Modeled by engine.utah_draw_predictive.dedicated_hunter.
hybrid_ml_v2.1.0,utah_preference_dedicated_hunter_deer_v1.0.0,2026,2026,DB1798,Zion,Deer,Buck,General Season,Dedicated Hunter,Resident,24,dedicated_hunter,26,189,,,,,3,1,0,0,1,1.000000,,,1.000000,,,100.000,,-23,-2,ABOVE CUTOFF,RED,GREEN LIGHT,"2021,2022,2023,2024,2025",5,2025,2021,predictive,preference_dedicated_hunter_deer,TRUE,Forecasted from 2025 dedicated hunter ladder with residency quota split and preference carry-forward.,Dedicated Hunter,PREFERENCE_DEDICATED_HUNTER_DEER,MODELED_PREFERENCE,TARGET,True,Modeled by engine.utah_draw_predictive.dedicated_hunter.
hybrid_ml_v2.1.0,utah_preference_dedicated_hunter_deer_v1.0.0,2026,2026,DB1799,Chalk Creek,Deer,Buck,General Season,Dedicated Hunter,Nonresident,0,dedicated_hunter,1,1,,,,,0,0,0,1,1,1.000000,,,1.000000,,,100.000,,0,0,ABOVE CUTOFF,YELLOW,GREEN LIGHT,"2023,2024,2025",3,2025,2023,predictive,preference_dedicated_hunter_deer,TRUE,Forecasted from 2025 dedicated hunter ladder with residency quota split and preference carry-forward.,Dedicated Hunter,PREFERENCE_DEDICATED_HUNTER_DEER,MODELED_PREFERENCE,TARGET,True,Modeled by engine.utah_draw_predictive.dedicated_hunter.
hybrid_ml_v2.1.0,utah_preference_dedicated_hunter_deer_v1.0.0,2026,2026,DB1799,Chalk Creek,Deer,Buck,General Season,Dedicated Hunter,Nonresident,1,dedicated_hunter,1,1,,,,,0,0,0,0,1,1.000000,,,1.000000,,,100.000,,-1,0,ABOVE CUTOFF,YELLOW,GREEN LIGHT,"2023,2024,2025",3,2025,2023,predictive,preference_dedicated_hunter_deer,TRUE,Forecasted from 2025 dedicated hunter ladder with residency quota split and preference carry-forward.,Dedicated Hunter,PREFERENCE_DEDICATED_HUNTER_DEER,MODELED_PREFERENCE,TARGET,True,Modeled by engine.utah_draw_predictive.dedicated_hunter.
hybrid_ml_v2.1.0,utah_preference_dedicated_hunter_deer_v1.0.0,2026,2026,DB1799,Chalk Creek,Deer,Buck,General Season,Dedicated Hunter,Nonresident,2,dedicated_hunter,1,1,,,,,0,0,0,0,1,1.000000,,,1.000000,,,100.000,,-2,0,ABOVE CUTOFF,YELLOW,GREEN LIGHT,"2023,2024,2025",3,2025,2023,predictive,preference_dedicated_hunter_deer,TRUE,Forecasted from 2025 dedicated hunter ladder with residency quota split and preference carry-forward.,Dedicated Hunter,PREFERENCE_DEDICATED_HUNTER_DEER,MODELED_PREFERENCE,TARGET,True,Modeled by engine.utah_draw_predictive.dedicated_hunter.
hybrid_ml_v2.1.0,utah_preference_dedicated_hunter_deer_v1.0.0,2026,2026,DB1799,Chalk Creek,Deer,Buck,General Season,Dedicated Hunter,Nonresident,3,dedicated_hunter,1,1,,,,,0,0,0,0,1,1.000000,,,1.000000,,,100.000,,-3,0,ABOVE CUTOFF,YELLOW,GREEN LIGHT,"2023,2024,2025",3,2025,2023,predictive,preference_dedicated_hunter_deer,TRUE,Forecasted from 2025 dedicated hunter ladder with residency quota split and preference carry-forward.,Dedicated Hunter,PREFERENCE_DEDICATED_HUNTER_DEER,MODELED_PREFERENCE,TARGET,True,Modeled by engine.utah_draw_predictive.dedicated_hunter.
hybrid_ml_v2.1.0,utah_preference_dedicated_hunter_deer_v1.0.0,2026,2026,DB1799,Chalk Creek,Deer,Buck,General Season,Dedicated Hunter,Nonresident,4,dedicated_hunter,1,1,,,,,0,0,0,0,1,1.000000,,,1.000000,,,100.000,,-4,0,ABOVE CUTOFF,YELLOW,GREEN LIGHT,"2023,2024,2025",3,2025,2023,predictive,preference_dedicated_hunter_deer,TRUE,Forecasted from 2025 dedicated hunter ladder with residency quota split and preference carry-forward.,Dedicated Hunter,PREFERENCE_DEDICATED_HUNTER_DEER,MODELED_PREFERENCE,TARGET,True,Modeled by engine.utah_draw_predictive.dedicated_hunter.
hybrid_ml_v2.1.0,utah_preference_dedicated_hunter_deer_v1.0.0,2026,2026,DB1799,Chalk Creek,Deer,Buck,General Season,Dedicated Hunter,Nonresident,5,dedicated_hunter,1,1,,,,,0,0,0,0,1,1.000000,,,1.000000,,,100.000,,-5,0,ABOVE CUTOFF,YELLOW,GREEN LIGHT,"2023,2024,2025",3,2025,2023,predictive,preference_dedicated_hunter_deer,TRUE,Forecasted from 2025 dedicated hunter ladder with residency quota split and preference carry-forward.,Dedicated Hunter,PREFERENCE_DEDICATED_HUNTER_DEER,MODELED_PREFERENCE,TARGET,True,Modeled by engine.utah_draw_predictive.dedicated_hunter.
hybrid_ml_v2.1.0,utah_preference_dedicated_hunter_deer_v1.0.0,2026,2026,DB1799,Chalk Creek,Deer,Buck,General Season,Dedicated Hunter,Nonresident,6,dedicated_hunter,1,1,,,,,0,0,0,0,1,1.000000,,,1.000000,,,100.000,,-6,0,ABOVE CUTOFF,YELLOW,GREEN LIGHT,"2023,2024,2025",3,2025,2023,predictive,preference_dedicated_hunter_deer,TRUE,Forecasted from 2025 dedicated hunter ladder with residency quota split and preference carry-forward.,Dedicated Hunter,PREFERENCE_DEDICATED_HUNTER_DEER,MODELED_PREFERENCE,TARGET,True,Modeled by engine.utah_draw_predictive.dedicated_hunter.
hybrid_ml_v2.1.0,utah_preference_dedicated_hunter_deer_v1.0.0,2026,2026,DB1799,Chalk Creek,Deer,Buck,General Season,Dedicated Hunter,Nonresident,7,dedicated_hunter,1,1,,,,,0,0,0,0,1,1.000000,,,1.000000,,,100.000,,-7,0,ABOVE CUTOFF,YELLOW,GREEN LIGHT,"2023,2024,2025",3,2025,2023,predictive,preference_dedicated_hunter_deer,TRUE,Forecasted from 2025 dedicated hunter ladder with residency quota split and preference carry-forward.,Dedicated Hunter,PREFERENCE_DEDICATED_HUNTER_DEER,MODELED_PREFERENCE,TARGET,True,Modeled by engine.utah_draw_predictive.dedicated_hunter.
hybrid_ml_v2.1.0,utah_preference_dedicated_hunter_deer_v1.0.0,2026,2026,DB1799,Chalk Creek,Deer,Buck,General Season,Dedicated Hunter,Nonresident,8,dedicated_hunter,1,1,,,,,0,0,0,0,1,1.000000,,,1.000000,,,100.000,,-8,0,ABOVE CUTOFF,YELLOW,GREEN LIGHT,"2023,2024,2025",3,2025,2023,predictive,preference_dedicated_hunter_deer,TRUE,Forecasted from 2025 dedicated hunter ladder with residency quota split and preference carry-forward.,Dedicated Hunter,PREFERENCE_DEDICATED_HUNTER_DEER,MODELED_PREFERENCE,TARGET,True,Modeled by engine.utah_draw_predictive.dedicated_hunter.
hybrid_ml_v2.1.0,utah_preference_dedicated_hunter_deer_v1.0.0,2026,2026,DB1799,Chalk Creek,Deer,Buck,General Season,Dedicated Hunter,Nonresident,9,dedicated_hunter,1,1,,,,,0,0,0,0,1,1.000000,,,1.000000,,,100.000,,-9,0,ABOVE CUTOFF,YELLOW,GREEN LIGHT,"2023,2024,2025",3,2025,2023,predictive,preference_dedicated_hunter_deer,TRUE,Forecasted from 2025 dedicated hunter ladder with residency quota split and preference carry-forward.,Dedicated Hunter,PREFERENCE_DEDICATED_HUNTER_DEER,MODELED_PREFERENCE,TARGET,True,Modeled by engine.utah_draw_predictive.dedicated_hunter.
hybrid_ml_v2.1.0,utah_preference_dedicated_hunter_deer_v1.0.0,2026,2026,DB1799,Chalk Creek,Deer,Buck,General Season,Dedicated Hunter,Nonresident,10,dedicated_hunter,1,1,,,,,0,0,0,0,1,1.000000,,,1.000000,,,100.000,,-10,0,ABOVE CUTOFF,YELLOW,GREEN LIGHT,"2023,2024,2025",3,2025,2023,predictive,preference_dedicated_hunter_deer,TRUE,Forecasted from 2025 dedicated hunter ladder with residency quota split and preference carry-forward.,Dedicated Hunter,PREFERENCE_DEDICATED_HUNTER_DEER,MODELED_PREFERENCE,TARGET,True,Modeled by engine.utah_draw_predictive.dedicated_hunter.
hybrid_ml_v2.1.0,utah_preference_dedicated_hunter_deer_v1.0.0,2026,2026,DB1799,Chalk Creek,Deer,Buck,General Season,Dedicated Hunter,Nonresident,11,dedicated_hunter,1,1,,,,,0,0,0,0,1,1.000000,,,1.000000,,,100.000,,-11,0,ABOVE CUTOFF,YELLOW,GREEN LIGHT,"2023,2024,2025",3,2025,2023,predictive,preference_dedicated_hunter_deer,TRUE,Forecasted from 2025 dedicated hunter ladder with residency quota split and preference carry-forward.,Dedicated Hunter,PREFERENCE_DEDICATED_HUNTER_DEER,MODELED_PREFERENCE,TARGET,True,Modeled by engine.utah_draw_predictive.dedicated_hunter.
hybrid_ml_v2.1.0,utah_preference_dedicated_hunter_deer_v1.0.0,2026,2026,DB1799,Chalk Creek,Deer,Buck,General Season,Dedicated Hunter,Nonresident,12,dedicated_hunter,1,1,,,,,0,0,0,0,1,1.000000,,,1.000000,,,100.000,,-12,0,ABOVE CUTOFF,YELLOW,GREEN LIGHT,"2023,2024,2025",3,2025,2023,predictive,preference_dedicated_hunter_deer,TRUE,Forecasted from 2025 dedicated hunter ladder with residency quota split and preference carry-forward.,Dedicated Hunter,PREFERENCE_DEDICATED_HUNTER_DEER,MODELED_PREFERENCE,TARGET,True,Modeled by engine.utah_draw_predictive.dedicated_hunter.
hybrid_ml_v2.1.0,utah_preference_dedicated_hunter_deer_v1.0.0,2026,2026,DB1799,Chalk Creek,Deer,Buck,General Season,Dedicated Hunter,Nonresident,13,dedicated_hunter,1,1,,,,,0,0,0,0,1,1.000000,,,1.000000,,,100.000,,-13,0,ABOVE CUTOFF,YELLOW,GREEN LIGHT,"2023,2024,2025",3,2025,2023,predictive,preference_dedicated_hunter_deer,TRUE,Forecasted from 2025 dedicated hunter ladder with residency quota split and preference carry-forward.,Dedicated Hunter,PREFERENCE_DEDICATED_HUNTER_DEER,MODELED_PREFERENCE,TARGET,True,Modeled by engine.utah_draw_predictive.dedicated_hunter.
hybrid_ml_v2.1.0,utah_preference_dedicated_hunter_deer_v1.0.0,2026,2026,DB1799,Chalk Creek,Deer,Buck,General Season,Dedicated Hunter,Nonresident,14,dedicated_hunter,1,1,,,,,0,0,0,0,1,1.000000,,,1.000000,,,100.000,,-14,0,ABOVE CUTOFF,YELLOW,GREEN LIGHT,"2023,2024,2025",3,2025,2023,predictive,preference_dedicated_hunter_deer,TRUE,Forecasted from 2025 dedicated hunter ladder with residency quota split and preference carry-forward.,Dedicated Hunter,PREFERENCE_DEDICATED_HUNTER_DEER,MODELED_PREFERENCE,TARGET,True,Modeled by engine.utah_draw_predictive.dedicated_hunter.
hybrid_ml_v2.1.0,utah_preference_dedicated_hunter_deer_v1.0.0,2026,2026,DB1799,Chalk Creek,Deer,Buck,General Season,Dedicated Hunter,Nonresident,15,dedicated_hunter,1,1,,,,,0,0,0,0,1,1.000000,,,1.000000,,,100.000,,-15,0,ABOVE CUTOFF,YELLOW,GREEN LIGHT,"2023,2024,2025",3,2025,2023,predictive,preference_dedicated_hunter_deer,TRUE,Forecasted from 2025 dedicated hunter ladder with residency quota split and preference carry-forward.,Dedicated Hunter,PREFERENCE_DEDICATED_HUNTER_DEER,MODELED_PREFERENCE,TARGET,True,Modeled by engine.utah_draw_predictive.dedicated_hunter.
hybrid_ml_v2.1.0,utah_preference_dedicated_hunter_deer_v1.0.0,2026,2026,DB1799,Chalk Creek,Deer,Buck,General Season,Dedicated Hunter,Nonresident,16,dedicated_hunter,1,1,,,,,0,0,0,0,1,1.000000,,,1.000000,,,100.000,,-16,0,ABOVE CUTOFF,YELLOW,GREEN LIGHT,"2023,2024,2025",3,2025,2023,predictive,preference_dedicated_hunter_deer,TRUE,Forecasted from 2025 dedicated hunter ladder with residency quota split and preference carry-forward.,Dedicated Hunter,PREFERENCE_DEDICATED_HUNTER_DEER,MODELED_PREFERENCE,TARGET,True,Modeled by engine.utah_draw_predictive.dedicated_hunter.
hybrid_ml_v2.1.0,utah_preference_dedicated_hunter_deer_v1.0.0,2026,2026,DB1799,Chalk Creek,Deer,Buck,General Season,Dedicated Hunter,Nonresident,17,dedicated_hunter,1,1,,,,,0,0,0,0,1,1.000000,,,1.000000,,,100.000,,-17,0,ABOVE CUTOFF,YELLOW,GREEN LIGHT,"2023,2024,2025",3,2025,2023,predictive,preference_dedicated_hunter_deer,TRUE,Forecasted from 2025 dedicated hunter ladder with residency quota split and preference carry-forward.,Dedicated Hunter,PREFERENCE_DEDICATED_HUNTER_DEER,MODELED_PREFERENCE,TARGET,True,Modeled by engine.utah_draw_predictive.dedicated_hunter.
hybrid_ml_v2.1.0,utah_preference_dedicated_hunter_deer_v1.0.0,2026,2026,DB1799,Chalk Creek,Deer,Buck,General Season,Dedicated Hunter,Nonresident,18,dedicated_hunter,1,1,,,,,0,0,0,0,1,1.000000,,,1.000000,,,100.000,,-18,0,ABOVE CUTOFF,YELLOW,GREEN LIGHT,"2023,2024,2025",3,2025,2023,predictive,preference_dedicated_hunter_deer,TRUE,Forecasted from 2025 dedicated hunter ladder with residency quota split and preference carry-forward.,Dedicated Hunter,PREFERENCE_DEDICATED_HUNTER_DEER,MODELED_PREFERENCE,TARGET,True,Modeled by engine.utah_draw_predictive.dedicated_hunter.
hybrid_ml_v2.1.0,utah_preference_dedicated_hunter_deer_v1.0.0,2026,2026,DB1799,Chalk Creek,Deer,Buck,General Season,Dedicated Hunter,Nonresident,19,dedicated_hunter,1,1,,,,,0,0,0,0,1,1.000000,,,1.000000,,,100.000,,-19,0,ABOVE CUTOFF,YELLOW,GREEN LIGHT,"2023,2024,2025",3,2025,2023,predictive,preference_dedicated_hunter_deer,TRUE,Forecasted from 2025 dedicated hunter ladder with residency quota split and preference carry-forward.,Dedicated Hunter,PREFERENCE_DEDICATED_HUNTER_DEER,MODELED_PREFERENCE,TARGET,True,Modeled by engine.utah_draw_predictive.dedicated_hunter.
hybrid_ml_v2.1.0,utah_preference_dedicated_hunter_deer_v1.0.0,2026,2026,DB1799,Chalk Creek,Deer,Buck,General Season,Dedicated Hunter,Nonresident,20,dedicated_hunter,1,1,,,,,0,0,0,0,1,1.000000,,,1.000000,,,100.000,,-20,0,ABOVE CUTOFF,YELLOW,GREEN LIGHT,"2023,2024,2025",3,2025,2023,predictive,preference_dedicated_hunter_deer,TRUE,Forecasted from 2025 dedicated hunter ladder with residency quota split and preference carry-forward.,Dedicated Hunter,PREFERENCE_DEDICATED_HUNTER_DEER,MODELED_PREFERENCE,TARGET,True,Modeled by engine.utah_draw_predictive.dedicated_hunter.
hybrid_ml_v2.1.0,utah_preference_dedicated_hunter_deer_v1.0.0,2026,2026,DB1799,Chalk Creek,Deer,Buck,General Season,Dedicated Hunter,Nonresident,21,dedicated_hunter,1,1,,,,,0,0,0,0,1,1.000000,,,1.000000,,,100.000,,-21,0,ABOVE CUTOFF,YELLOW,GREEN LIGHT,"2023,2024,2025",3,2025,2023,predictive,preference_dedicated_hunter_deer,TRUE,Forecasted from 2025 dedicated hunter ladder with residency quota split and preference carry-forward.,Dedicated Hunter,PREFERENCE_DEDICATED_HUNTER_DEER,MODELED_PREFERENCE,TARGET,True,Modeled by engine.utah_draw_predictive.dedicated_hunter.
hybrid_ml_v2.1.0,utah_preference_dedicated_hunter_deer_v1.0.0,2026,2026,DB1799,Chalk Creek,Deer,Buck,General Season,Dedicated Hunter,Nonresident,22,dedicated_hunter,1,1,,,,,0,0,0,0,1,1.000000,,,1.000000,,,100.000,,-22,0,ABOVE CUTOFF,YELLOW,GREEN LIGHT,"2023,2024,2025",3,2025,2023,predictive,preference_dedicated_hunter_deer,TRUE,Forecasted from 2025 dedicated hunter ladder with residency quota split and preference carry-forward.,Dedicated Hunter,PREFERENCE_DEDICATED_HUNTER_DEER,MODELED_PREFERENCE,TARGET,True,Modeled by engine.utah_draw_predictive.dedicated_hunter.
hybrid_ml_v2.1.0,utah_preference_dedicated_hunter_deer_v1.0.0,2026,2026,DB1799,Chalk Creek,Deer,Buck,General Season,Dedicated Hunter,Nonresident,23,dedicated_hunter,1,1,,,,,0,0,0,0,1,1.000000,,,1.000000,,,100.000,,-23,0,ABOVE CUTOFF,YELLOW,GREEN LIGHT,"2023,2024,2025",3,2025,2023,predictive,preference_dedicated_hunter_deer,TRUE,Forecasted from 2025 dedicated hunter ladder with residency quota split and preference carry-forward.,Dedicated Hunter,PREFERENCE_DEDICATED_HUNTER_DEER,MODELED_PREFERENCE,TARGET,True,Modeled by engine.utah_draw_predictive.dedicated_hunter.
hybrid_ml_v2.1.0,utah_preference_dedicated_hunter_deer_v1.0.0,2026,2026,DB1799,Chalk Creek,Deer,Buck,General Season,Dedicated Hunter,Nonresident,24,dedicated_hunter,1,1,,,,,0,0,0,0,1,1.000000,,,1.000000,,,100.000,,-24,0,ABOVE CUTOFF,YELLOW,GREEN LIGHT,"2023,2024,2025",3,2025,2023,predictive,preference_dedicated_hunter_deer,TRUE,Forecasted from 2025 dedicated hunter ladder with residency quota split and preference carry-forward.,Dedicated Hunter,PREFERENCE_DEDICATED_HUNTER_DEER,MODELED_PREFERENCE,TARGET,True,Modeled by engine.utah_draw_predictive.dedicated_hunter.
hybrid_ml_v2.1.0,utah_preference_dedicated_hunter_deer_v1.0.0,2026,2026,DB1799,Chalk Creek,Deer,Buck,General Season,Dedicated Hunter,Resident,0,dedicated_hunter,18,27,,,,,0,0,0,16,16,1.000000,,,1.000000,,,100.000,,0,0,ABOVE CUTOFF,YELLOW,GREEN LIGHT,"2023,2024,2025",3,2025,2023,predictive,preference_dedicated_hunter_deer,TRUE,Forecasted from 2025 dedicated hunter ladder with residency quota split and preference carry-forward.,Dedicated Hunter,PREFERENCE_DEDICATED_HUNTER_DEER,MODELED_PREFERENCE,TARGET,True,Modeled by engine.utah_draw_predictive.dedicated_hunter.
hybrid_ml_v2.1.0,utah_preference_dedicated_hunter_deer_v1.0.0,2026,2026,DB1799,Chalk Creek,Deer,Buck,General Season,Dedicated Hunter,Resident,1,dedicated_hunter,18,27,,,,,0,0,0,0,1,1.000000,,,1.000000,,,100.000,,-1,0,ABOVE CUTOFF,YELLOW,GREEN LIGHT,"2023,2024,2025",3,2025,2023,predictive,preference_dedicated_hunter_deer,TRUE,Forecasted from 2025 dedicated hunter ladder with residency quota split and preference carry-forward.,Dedicated Hunter,PREFERENCE_DEDICATED_HUNTER_DEER,MODELED_PREFERENCE,TARGET,True,Modeled by engine.utah_draw_predictive.dedicated_hunter.
hybrid_ml_v2.1.0,utah_preference_dedicated_hunter_deer_v1.0.0,2026,2026,DB1799,Chalk Creek,Deer,Buck,General Season,Dedicated Hunter,Resident,2,dedicated_hunter,18,27,,,,,0,0,0,0,1,1.000000,,,1.000000,,,100.000,,-2,0,ABOVE CUTOFF,YELLOW,GREEN LIGHT,"2023,2024,2025",3,2025,2023,predictive,preference_dedicated_hunter_deer,TRUE,Forecasted from 2025 dedicated hunter ladder with residency quota split and preference carry-forward.,Dedicated Hunter,PREFERENCE_DEDICATED_HUNTER_DEER,MODELED_PREFERENCE,TARGET,True,Modeled by engine.utah_draw_predictive.dedicated_hunter.
hybrid_ml_v2.1.0,utah_preference_dedicated_hunter_deer_v1.0.0,2026,2026,DB1799,Chalk Creek,Deer,Buck,General Season,Dedicated Hunter,Resident,3,dedicated_hunter,18,27,,,,,0,0,0,0,1,1.000000,,,1.000000,,,100.000,,-3,0,ABOVE CUTOFF,YELLOW,GREEN LIGHT,"2023,2024,2025",3,2025,2023,predictive,preference_dedicated_hunter_deer,TRUE,Forecasted from 2025 dedicated hunter ladder with residency quota split and preference carry-forward.,Dedicated Hunter,PREFERENCE_DEDICATED_HUNTER_DEER,MODELED_PREFERENCE,TARGET,True,Modeled by engine.utah_draw_predictive.dedicated_hunter.
hybrid_ml_v2.1.0,utah_preference_dedicated_hunter_deer_v1.0.0,2026,2026,DB1799,Chalk Creek,Deer,Buck,General Season,Dedicated Hunter,Resident,4,dedicated_hunter,18,27,,,,,0,0,0,0,1,1.000000,,,1.000000,,,100.000,,-4,0,ABOVE CUTOFF,YELLOW,GREEN LIGHT,"2023,2024,2025",3,2025,2023,predictive,preference_dedicated_hunter_deer,TRUE,Forecasted from 2025 dedicated hunter ladder with residency quota split and preference carry-forward.,Dedicated Hunter,PREFERENCE_DEDICATED_HUNTER_DEER,MODELED_PREFERENCE,TARGET,True,Modeled by engine.utah_draw_predictive.dedicated_hunter.
hybrid_ml_v2.1.0,utah_preference_dedicated_hunter_deer_v1.0.0,2026,2026,DB1799,Chalk Creek,Deer,Buck,General Season,Dedicated Hunter,Resident,5,dedicated_hunter,18,27,,,,,0,0,0,0,1,1.000000,,,1.000000,,,100.000,,-5,0,ABOVE CUTOFF,YELLOW,GREEN LIGHT,"2023,2024,2025",3,2025,2023,predictive,preference_dedicated_hunter_deer,TRUE,Forecasted from 2025 dedicated hunter ladder with residency quota split and preference carry-forward.,Dedicated Hunter,PREFERENCE_DEDICATED_HUNTER_DEER,MODELED_PREFERENCE,TARGET,True,Modeled by engine.utah_draw_predictive.dedicated_hunter.
hybrid_ml_v2.1.0,utah_preference_dedicated_hunter_deer_v1.0.0,2026,2026,DB1799,Chalk Creek,Deer,Buck,General Season,Dedicated Hunter,Resident,6,dedicated_hunter,18,27,,,,,0,0,0,0,1,1.000000,,,1.000000,,,100.000,,-6,0,ABOVE CUTOFF,YELLOW,GREEN LIGHT,"2023,2024,2025",3,2025,2023,predictive,preference_dedicated_hunter_deer,TRUE,Forecasted from 2025 dedicated hunter ladder with residency quota split and preference carry-forward.,Dedicated Hunter,PREFERENCE_DEDICATED_HUNTER_DEER,MODELED_PREFERENCE,TARGET,True,Modeled by engine.utah_draw_predictive.dedicated_hunter.
hybrid_ml_v2.1.0,utah_preference_dedicated_hunter_deer_v1.0.0,2026,2026,DB1799,Chalk Creek,Deer,Buck,General Season,Dedicated Hunter,Resident,7,dedicated_hunter,18,27,,,,,0,0,0,0,1,1.000000,,,1.000000,,,100.000,,-7,0,ABOVE CUTOFF,YELLOW,GREEN LIGHT,"2023,2024,2025",3,2025,2023,predictive,preference_dedicated_hunter_deer,TRUE,Forecasted from 2025 dedicated hunter ladder with residency quota split and preference carry-forward.,Dedicated Hunter,PREFERENCE_DEDICATED_HUNTER_DEER,MODELED_PREFERENCE,TARGET,True,Modeled by engine.utah_draw_predictive.dedicated_hunter.
hybrid_ml_v2.1.0,utah_preference_dedicated_hunter_deer_v1.0.0,2026,2026,DB1799,Chalk Creek,Deer,Buck,General Season,Dedicated Hunter,Resident,8,dedicated_hunter,18,27,,,,,0,0,0,0,1,1.000000,,,1.000000,,,100.000,,-8,0,ABOVE CUTOFF,YELLOW,GREEN LIGHT,"2023,2024,2025",3,2025,2023,predictive,preference_dedicated_hunter_deer,TRUE,Forecasted from 2025 dedicated hunter ladder with residency quota split and preference carry-forward.,Dedicated Hunter,PREFERENCE_DEDICATED_HUNTER_DEER,MODELED_PREFERENCE,TARGET,True,Modeled by engine.utah_draw_predictive.dedicated_hunter.
hybrid_ml_v2.1.0,utah_preference_dedicated_hunter_deer_v1.0.0,2026,2026,DB1799,Chalk Creek,Deer,Buck,General Season,Dedicated Hunter,Resident,9,dedicated_hunter,18,27,,,,,0,0,0,0,1,1.000000,,,1.000000,,,100.000,,-9,0,ABOVE CUTOFF,YELLOW,GREEN LIGHT,"2023,2024,2025",3,2025,2023,predictive,preference_dedicated_hunter_deer,TRUE,Forecasted from 2025 dedicated hunter ladder with residency quota split and preference carry-forward.,Dedicated Hunter,PREFERENCE_DEDICATED_HUNTER_DEER,MODELED_PREFERENCE,TARGET,True,Modeled by engine.utah_draw_predictive.dedicated_hunter.
hybrid_ml_v2.1.0,utah_preference_dedicated_hunter_deer_v1.0.0,2026,2026,DB1799,Chalk Creek,Deer,Buck,General Season,Dedicated Hunter,Resident,10,dedicated_hunter,18,27,,,,,0,0,0,0,1,1.000000,,,1.000000,,,100.000,,-10,0,ABOVE CUTOFF,YELLOW,GREEN LIGHT,"2023,2024,2025",3,2025,2023,predictive,preference_dedicated_hunter_deer,TRUE,Forecasted from 2025 dedicated hunter ladder with residency quota split and preference carry-forward.,Dedicated Hunter,PREFERENCE_DEDICATED_HUNTER_DEER,MODELED_PREFERENCE,TARGET,True,Modeled by engine.utah_draw_predictive.dedicated_hunter.
hybrid_ml_v2.1.0,utah_preference_dedicated_hunter_deer_v1.0.0,2026,2026,DB1799,Chalk Creek,Deer,Buck,General Season,Dedicated Hunter,Resident,11,dedicated_hunter,18,27,,,,,0,0,0,0,1,1.000000,,,1.000000,,,100.000,,-11,0,ABOVE CUTOFF,YELLOW,GREEN LIGHT,"2023,2024,2025",3,2025,2023,predictive,preference_dedicated_hunter_deer,TRUE,Forecasted from 2025 dedicated hunter ladder with residency quota split and preference carry-forward.,Dedicated Hunter,PREFERENCE_DEDICATED_HUNTER_DEER,MODELED_PREFERENCE,TARGET,True,Modeled by engine.utah_draw_predictive.dedicated_hunter.
hybrid_ml_v2.1.0,utah_preference_dedicated_hunter_deer_v1.0.0,2026,2026,DB1799,Chalk Creek,Deer,Buck,General Season,Dedicated Hunter,Resident,12,dedicated_hunter,18,27,,,,,0,0,0,0,1,1.000000,,,1.000000,,,100.000,,-12,0,ABOVE CUTOFF,YELLOW,GREEN LIGHT,"2023,2024,2025",3,2025,2023,predictive,preference_dedicated_hunter_deer,TRUE,Forecasted from 2025 dedicated hunter ladder with residency quota split and preference carry-forward.,Dedicated Hunter,PREFERENCE_DEDICATED_HUNTER_DEER,MODELED_PREFERENCE,TARGET,True,Modeled by engine.utah_draw_predictive.dedicated_hunter.
hybrid_ml_v2.1.0,utah_preference_dedicated_hunter_deer_v1.0.0,2026,2026,DB1799,Chalk Creek,Deer,Buck,General Season,Dedicated Hunter,Resident,13,dedicated_hunter,18,27,,,,,0,0,0,0,1,1.000000,,,1.000000,,,100.000,,-13,0,ABOVE CUTOFF,YELLOW,GREEN LIGHT,"2023,2024,2025",3,2025,2023,predictive,preference_dedicated_hunter_deer,TRUE,Forecasted from 2025 dedicated hunter ladder with residency quota split and preference carry-forward.,Dedicated Hunter,PREFERENCE_DEDICATED_HUNTER_DEER,MODELED_PREFERENCE,TARGET,True,Modeled by engine.utah_draw_predictive.dedicated_hunter.
hybrid_ml_v2.1.0,utah_preference_dedicated_hunter_deer_v1.0.0,2026,2026,DB1799,Chalk Creek,Deer,Buck,General Season,Dedicated Hunter,Resident,14,dedicated_hunter,18,27,,,,,0,0,0,0,1,1.000000,,,1.000000,,,100.000,,-14,0,ABOVE CUTOFF,YELLOW,GREEN LIGHT,"2023,2024,2025",3,2025,2023,predictive,preference_dedicated_hunter_deer,TRUE,Forecasted from 2025 dedicated hunter ladder with residency quota split and preference carry-forward.,Dedicated Hunter,PREFERENCE_DEDICATED_HUNTER_DEER,MODELED_PREFERENCE,TARGET,True,Modeled by engine.utah_draw_predictive.dedicated_hunter.
hybrid_ml_v2.1.0,utah_preference_dedicated_hunter_deer_v1.0.0,2026,2026,DB1799,Chalk Creek,Deer,Buck,General Season,Dedicated Hunter,Resident,15,dedicated_hunter,18,27,,,,,0,0,0,0,1,1.000000,,,1.000000,,,100.000,,-15,0,ABOVE CUTOFF,YELLOW,GREEN LIGHT,"2023,2024,2025",3,2025,2023,predictive,preference_dedicated_hunter_deer,TRUE,Forecasted from 2025 dedicated hunter ladder with residency quota split and preference carry-forward.,Dedicated Hunter,PREFERENCE_DEDICATED_HUNTER_DEER,MODELED_PREFERENCE,TARGET,True,Modeled by engine.utah_draw_predictive.dedicated_hunter.
hybrid_ml_v2.1.0,utah_preference_dedicated_hunter_deer_v1.0.0,2026,2026,DB1799,Chalk Creek,Deer,Buck,General Season,Dedicated Hunter,Resident,16,dedicated_hunter,18,27,,,,,0,0,0,0,1,1.000000,,,1.000000,,,100.000,,-16,0,ABOVE CUTOFF,YELLOW,GREEN LIGHT,"2023,2024,2025",3,2025,2023,predictive,preference_dedicated_hunter_deer,TRUE,Forecasted from 2025 dedicated hunter ladder with residency quota split and preference carry-forward.,Dedicated Hunter,PREFERENCE_DEDICATED_HUNTER_DEER,MODELED_PREFERENCE,TARGET,True,Modeled by engine.utah_draw_predictive.dedicated_hunter.
hybrid_ml_v2.1.0,utah_preference_dedicated_hunter_deer_v1.0.0,2026,2026,DB1799,Chalk Creek,Deer,Buck,General Season,Dedicated Hunter,Resident,17,dedicated_hunter,18,27,,,,,0,0,0,0,1,1.000000,,,1.000000,,,100.000,,-17,0,ABOVE CUTOFF,YELLOW,GREEN LIGHT,"2023,2024,2025",3,2025,2023,predictive,preference_dedicated_hunter_deer,TRUE,Forecasted from 2025 dedicated hunter ladder with residency quota split and preference carry-forward.,Dedicated Hunter,PREFERENCE_DEDICATED_HUNTER_DEER,MODELED_PREFERENCE,TARGET,True,Modeled by engine.utah_draw_predictive.dedicated_hunter.
hybrid_ml_v2.1.0,utah_preference_dedicated_hunter_deer_v1.0.0,2026,2026,DB1799,Chalk Creek,Deer,Buck,General Season,Dedicated Hunter,Resident,18,dedicated_hunter,18,27,,,,,0,0,0,0,1,1.000000,,,1.000000,,,100.000,,-18,0,ABOVE CUTOFF,YELLOW,GREEN LIGHT,"2023,2024,2025",3,2025,2023,predictive,preference_dedicated_hunter_deer,TRUE,Forecasted from 2025 dedicated hunter ladder with residency quota split and preference carry-forward.,Dedicated Hunter,PREFERENCE_DEDICATED_HUNTER_DEER,MODELED_PREFERENCE,TARGET,True,Modeled by engine.utah_draw_predictive.dedicated_hunter.
hybrid_ml_v2.1.0,utah_preference_dedicated_hunter_deer_v1.0.0,2026,2026,DB1799,Chalk Creek,Deer,Buck,General Season,Dedicated Hunter,Resident,19,dedicated_hunter,18,27,,,,,0,0,0,0,1,1.000000,,,1.000000,,,100.000,,-19,0,ABOVE CUTOFF,YELLOW,GREEN LIGHT,"2023,2024,2025",3,2025,2023,predictive,preference_dedicated_hunter_deer,TRUE,Forecasted from 2025 dedicated hunter ladder with residency quota split and preference carry-forward.,Dedicated Hunter,PREFERENCE_DEDICATED_HUNTER_DEER,MODELED_PREFERENCE,TARGET,True,Modeled by engine.utah_draw_predictive.dedicated_hunter.
hybrid_ml_v2.1.0,utah_preference_dedicated_hunter_deer_v1.0.0,2026,2026,DB1799,Chalk Creek,Deer,Buck,General Season,Dedicated Hunter,Resident,20,dedicated_hunter,18,27,,,,,0,0,0,0,1,1.000000,,,1.000000,,,100.000,,-20,0,ABOVE CUTOFF,YELLOW,GREEN LIGHT,"2023,2024,2025",3,2025,2023,predictive,preference_dedicated_hunter_deer,TRUE,Forecasted from 2025 dedicated hunter ladder with residency quota split and preference carry-forward.,Dedicated Hunter,PREFERENCE_DEDICATED_HUNTER_DEER,MODELED_PREFERENCE,TARGET,True,Modeled by engine.utah_draw_predictive.dedicated_hunter.
hybrid_ml_v2.1.0,utah_preference_dedicated_hunter_deer_v1.0.0,2026,2026,DB1799,Chalk Creek,Deer,Buck,General Season,Dedicated Hunter,Resident,21,dedicated_hunter,18,27,,,,,0,0,0,0,1,1.000000,,,1.000000,,,100.000,,-21,0,ABOVE CUTOFF,YELLOW,GREEN LIGHT,"2023,2024,2025",3,2025,2023,predictive,preference_dedicated_hunter_deer,TRUE,Forecasted from 2025 dedicated hunter ladder with residency quota split and preference carry-forward.,Dedicated Hunter,PREFERENCE_DEDICATED_HUNTER_DEER,MODELED_PREFERENCE,TARGET,True,Modeled by engine.utah_draw_predictive.dedicated_hunter.
hybrid_ml_v2.1.0,utah_preference_dedicated_hunter_deer_v1.0.0,2026,2026,DB1799,Chalk Creek,Deer,Buck,General Season,Dedicated Hunter,Resident,22,dedicated_hunter,18,27,,,,,0,0,0,0,1,1.000000,,,1.000000,,,100.000,,-22,0,ABOVE CUTOFF,YELLOW,GREEN LIGHT,"2023,2024,2025",3,2025,2023,predictive,preference_dedicated_hunter_deer,TRUE,Forecasted from 2025 dedicated hunter ladder with residency quota split and preference carry-forward.,Dedicated Hunter,PREFERENCE_DEDICATED_HUNTER_DEER,MODELED_PREFERENCE,TARGET,True,Modeled by engine.utah_draw_predictive.dedicated_hunter.
hybrid_ml_v2.1.0,utah_preference_dedicated_hunter_deer_v1.0.0,2026,2026,DB1799,Chalk Creek,Deer,Buck,General Season,Dedicated Hunter,Resident,23,dedicated_hunter,18,27,,,,,0,0,0,0,1,1.000000,,,1.000000,,,100.000,,-23,0,ABOVE CUTOFF,YELLOW,GREEN LIGHT,"2023,2024,2025",3,2025,2023,predictive,preference_dedicated_hunter_deer,TRUE,Forecasted from 2025 dedicated hunter ladder with residency quota split and preference carry-forward.,Dedicated Hunter,PREFERENCE_DEDICATED_HUNTER_DEER,MODELED_PREFERENCE,TARGET,True,Modeled by engine.utah_draw_predictive.dedicated_hunter.
hybrid_ml_v2.1.0,utah_preference_dedicated_hunter_deer_v1.0.0,2026,2026,DB1799,Chalk Creek,Deer,Buck,General Season,Dedicated Hunter,Resident,24,dedicated_hunter,18,27,,,,,0,0,0,0,1,1.000000,,,1.000000,,,100.000,,-24,0,ABOVE CUTOFF,YELLOW,GREEN LIGHT,"2023,2024,2025",3,2025,2023,predictive,preference_dedicated_hunter_deer,TRUE,Forecasted from 2025 dedicated hunter ladder with residency quota split and preference carry-forward.,Dedicated Hunter,PREFERENCE_DEDICATED_HUNTER_DEER,MODELED_PREFERENCE,TARGET,True,Modeled by engine.utah_draw_predictive.dedicated_hunter.
hybrid_ml_v2.1.0,utah_preference_dedicated_hunter_deer_v1.0.0,2026,2026,DB1800,East Canyon,Deer,Buck,General Season,Dedicated Hunter,Resident,0,dedicated_hunter,46,46,,,,,0,0,0,34,34,1.000000,,,1.000000,,,100.000,,0,0,ABOVE CUTOFF,YELLOW,GREEN LIGHT,"2023,2024,2025",3,2025,2023,predictive,preference_dedicated_hunter_deer,TRUE,Forecasted from 2025 dedicated hunter ladder with residency quota split and preference carry-forward.,Dedicated Hunter,PREFERENCE_DEDICATED_HUNTER_DEER,MODELED_PREFERENCE,TARGET,True,Modeled by engine.utah_draw_predictive.dedicated_hunter.
hybrid_ml_v2.1.0,utah_preference_dedicated_hunter_deer_v1.0.0,2026,2026,DB1800,East Canyon,Deer,Buck,General Season,Dedicated Hunter,Resident,1,dedicated_hunter,46,46,,,,,0,0,0,0,1,1.000000,,,1.000000,,,100.000,,-1,0,ABOVE CUTOFF,YELLOW,GREEN LIGHT,"2023,2024,2025",3,2025,2023,predictive,preference_dedicated_hunter_deer,TRUE,Forecasted from 2025 dedicated hunter ladder with residency quota split and preference carry-forward.,Dedicated Hunter,PREFERENCE_DEDICATED_HUNTER_DEER,MODELED_PREFERENCE,TARGET,True,Modeled by engine.utah_draw_predictive.dedicated_hunter.
hybrid_ml_v2.1.0,utah_preference_dedicated_hunter_deer_v1.0.0,2026,2026,DB1800,East Canyon,Deer,Buck,General Season,Dedicated Hunter,Resident,2,dedicated_hunter,46,46,,,,,0,0,0,0,1,1.000000,,,1.000000,,,100.000,,-2,0,ABOVE CUTOFF,YELLOW,GREEN LIGHT,"2023,2024,2025",3,2025,2023,predictive,preference_dedicated_hunter_deer,TRUE,Forecasted from 2025 dedicated hunter ladder with residency quota split and preference carry-forward.,Dedicated Hunter,PREFERENCE_DEDICATED_HUNTER_DEER,MODELED_PREFERENCE,TARGET,True,Modeled by engine.utah_draw_predictive.dedicated_hunter.
hybrid_ml_v2.1.0,utah_preference_dedicated_hunter_deer_v1.0.0,2026,2026,DB1800,East Canyon,Deer,Buck,General Season,Dedicated Hunter,Resident,3,dedicated_hunter,46,46,,,,,0,0,0,0,1,1.000000,,,1.000000,,,100.000,,-3,0,ABOVE CUTOFF,YELLOW,GREEN LIGHT,"2023,2024,2025",3,2025,2023,predictive,preference_dedicated_hunter_deer,TRUE,Forecasted from 2025 dedicated hunter ladder with residency quota split and preference carry-forward.,Dedicated Hunter,PREFERENCE_DEDICATED_HUNTER_DEER,MODELED_PREFERENCE,TARGET,True,Modeled by engine.utah_draw_predictive.dedicated_hunter.
hybrid_ml_v2.1.0,utah_preference_dedicated_hunter_deer_v1.0.0,2026,2026,DB1800,East Canyon,Deer,Buck,General Season,Dedicated Hunter,Resident,4,dedicated_hunter,46,46,,,,,0,0,0,0,1,1.000000,,,1.000000,,,100.000,,-4,0,ABOVE CUTOFF,YELLOW,GREEN LIGHT,"2023,2024,2025",3,2025,2023,predictive,preference_dedicated_hunter_deer,TRUE,Forecasted from 2025 dedicated hunter ladder with residency quota split and preference carry-forward.,Dedicated Hunter,PREFERENCE_DEDICATED_HUNTER_DEER,MODELED_PREFERENCE,TARGET,True,Modeled by engine.utah_draw_predictive.dedicated_hunter.
hybrid_ml_v2.1.0,utah_preference_dedicated_hunter_deer_v1.0.0,2026,2026,DB1800,East Canyon,Deer,Buck,General Season,Dedicated Hunter,Resident,5,dedicated_hunter,46,46,,,,,0,0,0,0,1,1.000000,,,1.000000,,,100.000,,-5,0,ABOVE CUTOFF,YELLOW,GREEN LIGHT,"2023,2024,2025",3,2025,2023,predictive,preference_dedicated_hunter_deer,TRUE,Forecasted from 2025 dedicated hunter ladder with residency quota split and preference carry-forward.,Dedicated Hunter,PREFERENCE_DEDICATED_HUNTER_DEER,MODELED_PREFERENCE,TARGET,True,Modeled by engine.utah_draw_predictive.dedicated_hunter.
hybrid_ml_v2.1.0,utah_preference_dedicated_hunter_deer_v1.0.0,2026,2026,DB1800,East Canyon,Deer,Buck,General Season,Dedicated Hunter,Resident,6,dedicated_hunter,46,46,,,,,0,0,0,0,1,1.000000,,,1.000000,,,100.000,,-6,0,ABOVE CUTOFF,YELLOW,GREEN LIGHT,"2023,2024,2025",3,2025,2023,predictive,preference_dedicated_hunter_deer,TRUE,Forecasted from 2025 dedicated hunter ladder with residency quota split and preference carry-forward.,Dedicated Hunter,PREFERENCE_DEDICATED_HUNTER_DEER,MODELED_PREFERENCE,TARGET,True,Modeled by engine.utah_draw_predictive.dedicated_hunter.
hybrid_ml_v2.1.0,utah_preference_dedicated_hunter_deer_v1.0.0,2026,2026,DB1800,East Canyon,Deer,Buck,General Season,Dedicated Hunter,Resident,7,dedicated_hunter,46,46,,,,,0,0,0,0,1,1.000000,,,1.000000,,,100.000,,-7,0,ABOVE CUTOFF,YELLOW,GREEN LIGHT,"2023,2024,2025",3,2025,2023,predictive,preference_dedicated_hunter_deer,TRUE,Forecasted from 2025 dedicated hunter ladder with residency quota split and preference carry-forward.,Dedicated Hunter,PREFERENCE_DEDICATED_HUNTER_DEER,MODELED_PREFERENCE,TARGET,True,Modeled by engine.utah_draw_predictive.dedicated_hunter.
hybrid_ml_v2.1.0,utah_preference_dedicated_hunter_deer_v1.0.0,2026,2026,DB1800,East Canyon,Deer,Buck,General Season,Dedicated Hunter,Resident,8,dedicated_hunter,46,46,,,,,0,0,0,0,1,1.000000,,,1.000000,,,100.000,,-8,0,ABOVE CUTOFF,YELLOW,GREEN LIGHT,"2023,2024,2025",3,2025,2023,predictive,preference_dedicated_hunter_deer,TRUE,Forecasted from 2025 dedicated hunter ladder with residency quota split and preference carry-forward.,Dedicated Hunter,PREFERENCE_DEDICATED_HUNTER_DEER,MODELED_PREFERENCE,TARGET,True,Modeled by engine.utah_draw_predictive.dedicated_hunter.
hybrid_ml_v2.1.0,utah_preference_dedicated_hunter_deer_v1.0.0,2026,2026,DB1800,East Canyon,Deer,Buck,General Season,Dedicated Hunter,Resident,9,dedicated_hunter,46,46,,,,,0,0,0,0,1,1.000000,,,1.000000,,,100.000,,-9,0,ABOVE CUTOFF,YELLOW,GREEN LIGHT,"2023,2024,2025",3,2025,2023,predictive,preference_dedicated_hunter_deer,TRUE,Forecasted from 2025 dedicated hunter ladder with residency quota split and preference carry-forward.,Dedicated Hunter,PREFERENCE_DEDICATED_HUNTER_DEER,MODELED_PREFERENCE,TARGET,True,Modeled by engine.utah_draw_predictive.dedicated_hunter.
hybrid_ml_v2.1.0,utah_preference_dedicated_hunter_deer_v1.0.0,2026,2026,DB1800,East Canyon,Deer,Buck,General Season,Dedicated Hunter,Resident,10,dedicated_hunter,46,46,,,,,0,0,0,0,1,1.000000,,,1.000000,,,100.000,,-10,0,ABOVE CUTOFF,YELLOW,GREEN LIGHT,"2023,2024,2025",3,2025,2023,predictive,preference_dedicated_hunter_deer,TRUE,Forecasted from 2025 dedicated hunter ladder with residency quota split and preference carry-forward.,Dedicated Hunter,PREFERENCE_DEDICATED_HUNTER_DEER,MODELED_PREFERENCE,TARGET,True,Modeled by engine.utah_draw_predictive.dedicated_hunter.
hybrid_ml_v2.1.0,utah_preference_dedicated_hunter_deer_v1.0.0,2026,2026,DB1800,East Canyon,Deer,Buck,General Season,Dedicated Hunter,Resident,11,dedicated_hunter,46,46,,,,,0,0,0,0,1,1.000000,,,1.000000,,,100.000,,-11,0,ABOVE CUTOFF,YELLOW,GREEN LIGHT,"2023,2024,2025",3,2025,2023,predictive,preference_dedicated_hunter_deer,TRUE,Forecasted from 2025 dedicated hunter ladder with residency quota split and preference carry-forward.,Dedicated Hunter,PREFERENCE_DEDICATED_HUNTER_DEER,MODELED_PREFERENCE,TARGET,True,Modeled by engine.utah_draw_predictive.dedicated_hunter.
hybrid_ml_v2.1.0,utah_preference_dedicated_hunter_deer_v1.0.0,2026,2026,DB1800,East Canyon,Deer,Buck,General Season,Dedicated Hunter,Resident,12,dedicated_hunter,46,46,,,,,0,0,0,0,1,1.000000,,,1.000000,,,100.000,,-12,0,ABOVE CUTOFF,YELLOW,GREEN LIGHT,"2023,2024,2025",3,2025,2023,predictive,preference_dedicated_hunter_deer,TRUE,Forecasted from 2025 dedicated hunter ladder with residency quota split and preference carry-forward.,Dedicated Hunter,PREFERENCE_DEDICATED_HUNTER_DEER,MODELED_PREFERENCE,TARGET,True,Modeled by engine.utah_draw_predictive.dedicated_hunter.
hybrid_ml_v2.1.0,utah_preference_dedicated_hunter_deer_v1.0.0,2026,2026,DB1800,East Canyon,Deer,Buck,General Season,Dedicated Hunter,Resident,13,dedicated_hunter,46,46,,,,,0,0,0,0,1,1.000000,,,1.000000,,,100.000,,-13,0,ABOVE CUTOFF,YELLOW,GREEN LIGHT,"2023,2024,2025",3,2025,2023,predictive,preference_dedicated_hunter_deer,TRUE,Forecasted from 2025 dedicated hunter ladder with residency quota split and preference carry-forward.,Dedicated Hunter,PREFERENCE_DEDICATED_HUNTER_DEER,MODELED_PREFERENCE,TARGET,True,Modeled by engine.utah_draw_predictive.dedicated_hunter.
hybrid_ml_v2.1.0,utah_preference_dedicated_hunter_deer_v1.0.0,2026,2026,DB1800,East Canyon,Deer,Buck,General Season,Dedicated Hunter,Resident,14,dedicated_hunter,46,46,,,,,0,0,0,0,1,1.000000,,,1.000000,,,100.000,,-14,0,ABOVE CUTOFF,YELLOW,GREEN LIGHT,"2023,2024,2025",3,2025,2023,predictive,preference_dedicated_hunter_deer,TRUE,Forecasted from 2025 dedicated hunter ladder with residency quota split and preference carry-forward.,Dedicated Hunter,PREFERENCE_DEDICATED_HUNTER_DEER,MODELED_PREFERENCE,TARGET,True,Modeled by engine.utah_draw_predictive.dedicated_hunter.
hybrid_ml_v2.1.0,utah_preference_dedicated_hunter_deer_v1.0.0,2026,2026,DB1800,East Canyon,Deer,Buck,General Season,Dedicated Hunter,Resident,15,dedicated_hunter,46,46,,,,,0,0,0,0,1,1.000000,,,1.000000,,,100.000,,-15,0,ABOVE CUTOFF,YELLOW,GREEN LIGHT,"2023,2024,2025",3,2025,2023,predictive,preference_dedicated_hunter_deer,TRUE,Forecasted from 2025 dedicated hunter ladder with residency quota split and preference carry-forward.,Dedicated Hunter,PREFERENCE_DEDICATED_HUNTER_DEER,MODELED_PREFERENCE,TARGET,True,Modeled by engine.utah_draw_predictive.dedicated_hunter.
hybrid_ml_v2.1.0,utah_preference_dedicated_hunter_deer_v1.0.0,2026,2026,DB1800,East Canyon,Deer,Buck,General Season,Dedicated Hunter,Resident,16,dedicated_hunter,46,46,,,,,0,0,0,0,1,1.000000,,,1.000000,,,100.000,,-16,0,ABOVE CUTOFF,YELLOW,GREEN LIGHT,"2023,2024,2025",3,2025,2023,predictive,preference_dedicated_hunter_deer,TRUE,Forecasted from 2025 dedicated hunter ladder with residency quota split and preference carry-forward.,Dedicated Hunter,PREFERENCE_DEDICATED_HUNTER_DEER,MODELED_PREFERENCE,TARGET,True,Modeled by engine.utah_draw_predictive.dedicated_hunter.
hybrid_ml_v2.1.0,utah_preference_dedicated_hunter_deer_v1.0.0,2026,2026,DB1800,East Canyon,Deer,Buck,General Season,Dedicated Hunter,Resident,17,dedicated_hunter,46,46,,,,,0,0,0,0,1,1.000000,,,1.000000,,,100.000,,-17,0,ABOVE CUTOFF,YELLOW,GREEN LIGHT,"2023,2024,2025",3,2025,2023,predictive,preference_dedicated_hunter_deer,TRUE,Forecasted from 2025 dedicated hunter ladder with residency quota split and preference carry-forward.,Dedicated Hunter,PREFERENCE_DEDICATED_HUNTER_DEER,MODELED_PREFERENCE,TARGET,True,Modeled by engine.utah_draw_predictive.dedicated_hunter.
hybrid_ml_v2.1.0,utah_preference_dedicated_hunter_deer_v1.0.0,2026,2026,DB1800,East Canyon,Deer,Buck,General Season,Dedicated Hunter,Resident,18,dedicated_hunter,46,46,,,,,0,0,0,0,1,1.000000,,,1.000000,,,100.000,,-18,0,ABOVE CUTOFF,YELLOW,GREEN LIGHT,"2023,2024,2025",3,2025,2023,predictive,preference_dedicated_hunter_deer,TRUE,Forecasted from 2025 dedicated hunter ladder with residency quota split and preference carry-forward.,Dedicated Hunter,PREFERENCE_DEDICATED_HUNTER_DEER,MODELED_PREFERENCE,TARGET,True,Modeled by engine.utah_draw_predictive.dedicated_hunter.
hybrid_ml_v2.1.0,utah_preference_dedicated_hunter_deer_v1.0.0,2026,2026,DB1800,East Canyon,Deer,Buck,General Season,Dedicated Hunter,Resident,19,dedicated_hunter,46,46,,,,,0,0,0,0,1,1.000000,,,1.000000,,,100.000,,-19,0,ABOVE CUTOFF,YELLOW,GREEN LIGHT,"2023,2024,2025",3,2025,2023,predictive,preference_dedicated_hunter_deer,TRUE,Forecasted from 2025 dedicated hunter ladder with residency quota split and preference carry-forward.,Dedicated Hunter,PREFERENCE_DEDICATED_HUNTER_DEER,MODELED_PREFERENCE,TARGET,True,Modeled by engine.utah_draw_predictive.dedicated_hunter.
hybrid_ml_v2.1.0,utah_preference_dedicated_hunter_deer_v1.0.0,2026,2026,DB1800,East Canyon,Deer,Buck,General Season,Dedicated Hunter,Resident,20,dedicated_hunter,46,46,,,,,0,0,0,0,1,1.000000,,,1.000000,,,100.000,,-20,0,ABOVE CUTOFF,YELLOW,GREEN LIGHT,"2023,2024,2025",3,2025,2023,predictive,preference_dedicated_hunter_deer,TRUE,Forecasted from 2025 dedicated hunter ladder with residency quota split and preference carry-forward.,Dedicated Hunter,PREFERENCE_DEDICATED_HUNTER_DEER,MODELED_PREFERENCE,TARGET,True,Modeled by engine.utah_draw_predictive.dedicated_hunter.
hybrid_ml_v2.1.0,utah_preference_dedicated_hunter_deer_v1.0.0,2026,2026,DB1800,East Canyon,Deer,Buck,General Season,Dedicated Hunter,Resident,21,dedicated_hunter,46,46,,,,,0,0,0,0,1,1.000000,,,1.000000,,,100.000,,-21,0,ABOVE CUTOFF,YELLOW,GREEN LIGHT,"2023,2024,2025",3,2025,2023,predictive,preference_dedicated_hunter_deer,TRUE,Forecasted from 2025 dedicated hunter ladder with residency quota split and preference carry-forward.,Dedicated Hunter,PREFERENCE_DEDICATED_HUNTER_DEER,MODELED_PREFERENCE,TARGET,True,Modeled by engine.utah_draw_predictive.dedicated_hunter.
hybrid_ml_v2.1.0,utah_preference_dedicated_hunter_deer_v1.0.0,2026,2026,DB1800,East Canyon,Deer,Buck,General Season,Dedicated Hunter,Resident,22,dedicated_hunter,46,46,,,,,0,0,0,0,1,1.000000,,,1.000000,,,100.000,,-22,0,ABOVE CUTOFF,YELLOW,GREEN LIGHT,"2023,2024,2025",3,2025,2023,predictive,preference_dedicated_hunter_deer,TRUE,Forecasted from 2025 dedicated hunter ladder with residency quota split and preference carry-forward.,Dedicated Hunter,PREFERENCE_DEDICATED_HUNTER_DEER,MODELED_PREFERENCE,TARGET,True,Modeled by engine.utah_draw_predictive.dedicated_hunter.
hybrid_ml_v2.1.0,utah_preference_dedicated_hunter_deer_v1.0.0,2026,2026,DB1800,East Canyon,Deer,Buck,General Season,Dedicated Hunter,Resident,23,dedicated_hunter,46,46,,,,,0,0,0,0,1,1.000000,,,1.000000,,,100.000,,-23,0,ABOVE CUTOFF,YELLOW,GREEN LIGHT,"2023,2024,2025",3,2025,2023,predictive,preference_dedicated_hunter_deer,TRUE,Forecasted from 2025 dedicated hunter ladder with residency quota split and preference carry-forward.,Dedicated Hunter,PREFERENCE_DEDICATED_HUNTER_DEER,MODELED_PREFERENCE,TARGET,True,Modeled by engine.utah_draw_predictive.dedicated_hunter.
hybrid_ml_v2.1.0,utah_preference_dedicated_hunter_deer_v1.0.0,2026,2026,DB1800,East Canyon,Deer,Buck,General Season,Dedicated Hunter,Resident,24,dedicated_hunter,46,46,,,,,0,0,0,0,1,1.000000,,,1.000000,,,100.000,,-24,0,ABOVE CUTOFF,YELLOW,GREEN LIGHT,"2023,2024,2025",3,2025,2023,predictive,preference_dedicated_hunter_deer,TRUE,Forecasted from 2025 dedicated hunter ladder with residency quota split and preference carry-forward.,Dedicated Hunter,PREFERENCE_DEDICATED_HUNTER_DEER,MODELED_PREFERENCE,TARGET,True,Modeled by engine.utah_draw_predictive.dedicated_hunter.
hybrid_ml_v2.1.0,utah_preference_dedicated_hunter_deer_v1.0.0,2026,2026,DB1801,Morgan-South Rich,Deer,Buck,General Season,Dedicated Hunter,Resident,0,dedicated_hunter,10,11,,,,,0,0,0,8,8,1.000000,,,1.000000,,,100.000,,0,0,ABOVE CUTOFF,YELLOW,GREEN LIGHT,"2023,2024,2025",3,2025,2023,predictive,preference_dedicated_hunter_deer,TRUE,Forecasted from 2025 dedicated hunter ladder with residency quota split and preference carry-forward.,Dedicated Hunter,PREFERENCE_DEDICATED_HUNTER_DEER,MODELED_PREFERENCE,TARGET,True,Modeled by engine.utah_draw_predictive.dedicated_hunter.
hybrid_ml_v2.1.0,utah_preference_dedicated_hunter_deer_v1.0.0,2026,2026,DB1801,Morgan-South Rich,Deer,Buck,General Season,Dedicated Hunter,Resident,1,dedicated_hunter,10,11,,,,,0,0,0,0,1,1.000000,,,1.000000,,,100.000,,-1,0,ABOVE CUTOFF,YELLOW,GREEN LIGHT,"2023,2024,2025",3,2025,2023,predictive,preference_dedicated_hunter_deer,TRUE,Forecasted from 2025 dedicated hunter ladder with residency quota split and preference carry-forward.,Dedicated Hunter,PREFERENCE_DEDICATED_HUNTER_DEER,MODELED_PREFERENCE,TARGET,True,Modeled by engine.utah_draw_predictive.dedicated_hunter.
hybrid_ml_v2.1.0,utah_preference_dedicated_hunter_deer_v1.0.0,2026,2026,DB1801,Morgan-South Rich,Deer,Buck,General Season,Dedicated Hunter,Resident,2,dedicated_hunter,10,11,,,,,0,0,0,0,1,1.000000,,,1.000000,,,100.000,,-2,0,ABOVE CUTOFF,YELLOW,GREEN LIGHT,"2023,2024,2025",3,2025,2023,predictive,preference_dedicated_hunter_deer,TRUE,Forecasted from 2025 dedicated hunter ladder with residency quota split and preference carry-forward.,Dedicated Hunter,PREFERENCE_DEDICATED_HUNTER_DEER,MODELED_PREFERENCE,TARGET,True,Modeled by engine.utah_draw_predictive.dedicated_hunter.
hybrid_ml_v2.1.0,utah_preference_dedicated_hunter_deer_v1.0.0,2026,2026,DB1801,Morgan-South Rich,Deer,Buck,General Season,Dedicated Hunter,Resident,3,dedicated_hunter,10,11,,,,,0,0,0,0,1,1.000000,,,1.000000,,,100.000,,-3,0,ABOVE CUTOFF,YELLOW,GREEN LIGHT,"2023,2024,2025",3,2025,2023,predictive,preference_dedicated_hunter_deer,TRUE,Forecasted from 2025 dedicated hunter ladder with residency quota split and preference carry-forward.,Dedicated Hunter,PREFERENCE_DEDICATED_HUNTER_DEER,MODELED_PREFERENCE,TARGET,True,Modeled by engine.utah_draw_predictive.dedicated_hunter.
hybrid_ml_v2.1.0,utah_preference_dedicated_hunter_deer_v1.0.0,2026,2026,DB1801,Morgan-South Rich,Deer,Buck,General Season,Dedicated Hunter,Resident,4,dedicated_hunter,10,11,,,,,0,0,0,0,1,1.000000,,,1.000000,,,100.000,,-4,0,ABOVE CUTOFF,YELLOW,GREEN LIGHT,"2023,2024,2025",3,2025,2023,predictive,preference_dedicated_hunter_deer,TRUE,Forecasted from 2025 dedicated hunter ladder with residency quota split and preference carry-forward.,Dedicated Hunter,PREFERENCE_DEDICATED_HUNTER_DEER,MODELED_PREFERENCE,TARGET,True,Modeled by engine.utah_draw_predictive.dedicated_hunter.
hybrid_ml_v2.1.0,utah_preference_dedicated_hunter_deer_v1.0.0,2026,2026,DB1801,Morgan-South Rich,Deer,Buck,General Season,Dedicated Hunter,Resident,5,dedicated_hunter,10,11,,,,,0,0,0,0,1,1.000000,,,1.000000,,,100.000,,-5,0,ABOVE CUTOFF,YELLOW,GREEN LIGHT,"2023,2024,2025",3,2025,2023,predictive,preference_dedicated_hunter_deer,TRUE,Forecasted from 2025 dedicated hunter ladder with residency quota split and preference carry-forward.,Dedicated Hunter,PREFERENCE_DEDICATED_HUNTER_DEER,MODELED_PREFERENCE,TARGET,True,Modeled by engine.utah_draw_predictive.dedicated_hunter.
hybrid_ml_v2.1.0,utah_preference_dedicated_hunter_deer_v1.0.0,2026,2026,DB1801,Morgan-South Rich,Deer,Buck,General Season,Dedicated Hunter,Resident,6,dedicated_hunter,10,11,,,,,0,0,0,0,1,1.000000,,,1.000000,,,100.000,,-6,0,ABOVE CUTOFF,YELLOW,GREEN LIGHT,"2023,2024,2025",3,2025,2023,predictive,preference_dedicated_hunter_deer,TRUE,Forecasted from 2025 dedicated hunter ladder with residency quota split and preference carry-forward.,Dedicated Hunter,PREFERENCE_DEDICATED_HUNTER_DEER,MODELED_PREFERENCE,TARGET,True,Modeled by engine.utah_draw_predictive.dedicated_hunter.
hybrid_ml_v2.1.0,utah_preference_dedicated_hunter_deer_v1.0.0,2026,2026,DB1801,Morgan-South Rich,Deer,Buck,General Season,Dedicated Hunter,Resident,7,dedicated_hunter,10,11,,,,,0,0,0,0,1,1.000000,,,1.000000,,,100.000,,-7,0,ABOVE CUTOFF,YELLOW,GREEN LIGHT,"2023,2024,2025",3,2025,2023,predictive,preference_dedicated_hunter_deer,TRUE,Forecasted from 2025 dedicated hunter ladder with residency quota split and preference carry-forward.,Dedicated Hunter,PREFERENCE_DEDICATED_HUNTER_DEER,MODELED_PREFERENCE,TARGET,True,Modeled by engine.utah_draw_predictive.dedicated_hunter.
hybrid_ml_v2.1.0,utah_preference_dedicated_hunter_deer_v1.0.0,2026,2026,DB1801,Morgan-South Rich,Deer,Buck,General Season,Dedicated Hunter,Resident,8,dedicated_hunter,10,11,,,,,0,0,0,0,1,1.000000,,,1.000000,,,100.000,,-8,0,ABOVE CUTOFF,YELLOW,GREEN LIGHT,"2023,2024,2025",3,2025,2023,predictive,preference_dedicated_hunter_deer,TRUE,Forecasted from 2025 dedicated hunter ladder with residency quota split and preference carry-forward.,Dedicated Hunter,PREFERENCE_DEDICATED_HUNTER_DEER,MODELED_PREFERENCE,TARGET,True,Modeled by engine.utah_draw_predictive.dedicated_hunter.
hybrid_ml_v2.1.0,utah_preference_dedicated_hunter_deer_v1.0.0,2026,2026,DB1801,Morgan-South Rich,Deer,Buck,General Season,Dedicated Hunter,Resident,9,dedicated_hunter,10,11,,,,,0,0,0,0,1,1.000000,,,1.000000,,,100.000,,-9,0,ABOVE CUTOFF,YELLOW,GREEN LIGHT,"2023,2024,2025",3,2025,2023,predictive,preference_dedicated_hunter_deer,TRUE,Forecasted from 2025 dedicated hunter ladder with residency quota split and preference carry-forward.,Dedicated Hunter,PREFERENCE_DEDICATED_HUNTER_DEER,MODELED_PREFERENCE,TARGET,True,Modeled by engine.utah_draw_predictive.dedicated_hunter.
hybrid_ml_v2.1.0,utah_preference_dedicated_hunter_deer_v1.0.0,2026,2026,DB1801,Morgan-South Rich,Deer,Buck,General Season,Dedicated Hunter,Resident,10,dedicated_hunter,10,11,,,,,0,0,0,0,1,1.000000,,,1.000000,,,100.000,,-10,0,ABOVE CUTOFF,YELLOW,GREEN LIGHT,"2023,2024,2025",3,2025,2023,predictive,preference_dedicated_hunter_deer,TRUE,Forecasted from 2025 dedicated hunter ladder with residency quota split and preference carry-forward.,Dedicated Hunter,PREFERENCE_DEDICATED_HUNTER_DEER,MODELED_PREFERENCE,TARGET,True,Modeled by engine.utah_draw_predictive.dedicated_hunter.
hybrid_ml_v2.1.0,utah_preference_dedicated_hunter_deer_v1.0.0,2026,2026,DB1801,Morgan-South Rich,Deer,Buck,General Season,Dedicated Hunter,Resident,11,dedicated_hunter,10,11,,,,,0,0,0,0,1,1.000000,,,1.000000,,,100.000,,-11,0,ABOVE CUTOFF,YELLOW,GREEN LIGHT,"2023,2024,2025",3,2025,2023,predictive,preference_dedicated_hunter_deer,TRUE,Forecasted from 2025 dedicated hunter ladder with residency quota split and preference carry-forward.,Dedicated Hunter,PREFERENCE_DEDICATED_HUNTER_DEER,MODELED_PREFERENCE,TARGET,True,Modeled by engine.utah_draw_predictive.dedicated_hunter.
hybrid_ml_v2.1.0,utah_preference_dedicated_hunter_deer_v1.0.0,2026,2026,DB1801,Morgan-South Rich,Deer,Buck,General Season,Dedicated Hunter,Resident,12,dedicated_hunter,10,11,,,,,0,0,0,0,1,1.000000,,,1.000000,,,100.000,,-12,0,ABOVE CUTOFF,YELLOW,GREEN LIGHT,"2023,2024,2025",3,2025,2023,predictive,preference_dedicated_hunter_deer,TRUE,Forecasted from 2025 dedicated hunter ladder with residency quota split and preference carry-forward.,Dedicated Hunter,PREFERENCE_DEDICATED_HUNTER_DEER,MODELED_PREFERENCE,TARGET,True,Modeled by engine.utah_draw_predictive.dedicated_hunter.
hybrid_ml_v2.1.0,utah_preference_dedicated_hunter_deer_v1.0.0,2026,2026,DB1801,Morgan-South Rich,Deer,Buck,General Season,Dedicated Hunter,Resident,13,dedicated_hunter,10,11,,,,,0,0,0,0,1,1.000000,,,1.000000,,,100.000,,-13,0,ABOVE CUTOFF,YELLOW,GREEN LIGHT,"2023,2024,2025",3,2025,2023,predictive,preference_dedicated_hunter_deer,TRUE,Forecasted from 2025 dedicated hunter ladder with residency quota split and preference carry-forward.,Dedicated Hunter,PREFERENCE_DEDICATED_HUNTER_DEER,MODELED_PREFERENCE,TARGET,True,Modeled by engine.utah_draw_predictive.dedicated_hunter.
hybrid_ml_v2.1.0,utah_preference_dedicated_hunter_deer_v1.0.0,2026,2026,DB1801,Morgan-South Rich,Deer,Buck,General Season,Dedicated Hunter,Resident,14,dedicated_hunter,10,11,,,,,0,0,0,0,1,1.000000,,,1.000000,,,100.000,,-14,0,ABOVE CUTOFF,YELLOW,GREEN LIGHT,"2023,2024,2025",3,2025,2023,predictive,preference_dedicated_hunter_deer,TRUE,Forecasted from 2025 dedicated hunter ladder with residency quota split and preference carry-forward.,Dedicated Hunter,PREFERENCE_DEDICATED_HUNTER_DEER,MODELED_PREFERENCE,TARGET,True,Modeled by engine.utah_draw_predictive.dedicated_hunter.
hybrid_ml_v2.1.0,utah_preference_dedicated_hunter_deer_v1.0.0,2026,2026,DB1801,Morgan-South Rich,Deer,Buck,General Season,Dedicated Hunter,Resident,15,dedicated_hunter,10,11,,,,,0,0,0,0,1,1.000000,,,1.000000,,,100.000,,-15,0,ABOVE CUTOFF,YELLOW,GREEN LIGHT,"2023,2024,2025",3,2025,2023,predictive,preference_dedicated_hunter_deer,TRUE,Forecasted from 2025 dedicated hunter ladder with residency quota split and preference carry-forward.,Dedicated Hunter,PREFERENCE_DEDICATED_HUNTER_DEER,MODELED_PREFERENCE,TARGET,True,Modeled by engine.utah_draw_predictive.dedicated_hunter.
hybrid_ml_v2.1.0,utah_preference_dedicated_hunter_deer_v1.0.0,2026,2026,DB1801,Morgan-South Rich,Deer,Buck,General Season,Dedicated Hunter,Resident,16,dedicated_hunter,10,11,,,,,0,0,0,0,1,1.000000,,,1.000000,,,100.000,,-16,0,ABOVE CUTOFF,YELLOW,GREEN LIGHT,"2023,2024,2025",3,2025,2023,predictive,preference_dedicated_hunter_deer,TRUE,Forecasted from 2025 dedicated hunter ladder with residency quota split and preference carry-forward.,Dedicated Hunter,PREFERENCE_DEDICATED_HUNTER_DEER,MODELED_PREFERENCE,TARGET,True,Modeled by engine.utah_draw_predictive.dedicated_hunter.
hybrid_ml_v2.1.0,utah_preference_dedicated_hunter_deer_v1.0.0,2026,2026,DB1801,Morgan-South Rich,Deer,Buck,General Season,Dedicated Hunter,Resident,17,dedicated_hunter,10,11,,,,,0,0,0,0,1,1.000000,,,1.000000,,,100.000,,-17,0,ABOVE CUTOFF,YELLOW,GREEN LIGHT,"2023,2024,2025",3,2025,2023,predictive,preference_dedicated_hunter_deer,TRUE,Forecasted from 2025 dedicated hunter ladder with residency quota split and preference carry-forward.,Dedicated Hunter,PREFERENCE_DEDICATED_HUNTER_DEER,MODELED_PREFERENCE,TARGET,True,Modeled by engine.utah_draw_predictive.dedicated_hunter.
hybrid_ml_v2.1.0,utah_preference_dedicated_hunter_deer_v1.0.0,2026,2026,DB1801,Morgan-South Rich,Deer,Buck,General Season,Dedicated Hunter,Resident,18,dedicated_hunter,10,11,,,,,0,0,0,0,1,1.000000,,,1.000000,,,100.000,,-18,0,ABOVE CUTOFF,YELLOW,GREEN LIGHT,"2023,2024,2025",3,2025,2023,predictive,preference_dedicated_hunter_deer,TRUE,Forecasted from 2025 dedicated hunter ladder with residency quota split and preference carry-forward.,Dedicated Hunter,PREFERENCE_DEDICATED_HUNTER_DEER,MODELED_PREFERENCE,TARGET,True,Modeled by engine.utah_draw_predictive.dedicated_hunter.
hybrid_ml_v2.1.0,utah_preference_dedicated_hunter_deer_v1.0.0,2026,2026,DB1801,Morgan-South Rich,Deer,Buck,General Season,Dedicated Hunter,Resident,19,dedicated_hunter,10,11,,,,,0,0,0,0,1,1.000000,,,1.000000,,,100.000,,-19,0,ABOVE CUTOFF,YELLOW,GREEN LIGHT,"2023,2024,2025",3,2025,2023,predictive,preference_dedicated_hunter_deer,TRUE,Forecasted from 2025 dedicated hunter ladder with residency quota split and preference carry-forward.,Dedicated Hunter,PREFERENCE_DEDICATED_HUNTER_DEER,MODELED_PREFERENCE,TARGET,True,Modeled by engine.utah_draw_predictive.dedicated_hunter.
hybrid_ml_v2.1.0,utah_preference_dedicated_hunter_deer_v1.0.0,2026,2026,DB1801,Morgan-South Rich,Deer,Buck,General Season,Dedicated Hunter,Resident,20,dedicated_hunter,10,11,,,,,0,0,0,0,1,1.000000,,,1.000000,,,100.000,,-20,0,ABOVE CUTOFF,YELLOW,GREEN LIGHT,"2023,2024,2025",3,2025,2023,predictive,preference_dedicated_hunter_deer,TRUE,Forecasted from 2025 dedicated hunter ladder with residency quota split and preference carry-forward.,Dedicated Hunter,PREFERENCE_DEDICATED_HUNTER_DEER,MODELED_PREFERENCE,TARGET,True,Modeled by engine.utah_draw_predictive.dedicated_hunter.
hybrid_ml_v2.1.0,utah_preference_dedicated_hunter_deer_v1.0.0,2026,2026,DB1801,Morgan-South Rich,Deer,Buck,General Season,Dedicated Hunter,Resident,21,dedicated_hunter,10,11,,,,,0,0,0,0,1,1.000000,,,1.000000,,,100.000,,-21,0,ABOVE CUTOFF,YELLOW,GREEN LIGHT,"2023,2024,2025",3,2025,2023,predictive,preference_dedicated_hunter_deer,TRUE,Forecasted from 2025 dedicated hunter ladder with residency quota split and preference carry-forward.,Dedicated Hunter,PREFERENCE_DEDICATED_HUNTER_DEER,MODELED_PREFERENCE,TARGET,True,Modeled by engine.utah_draw_predictive.dedicated_hunter.
hybrid_ml_v2.1.0,utah_preference_dedicated_hunter_deer_v1.0.0,2026,2026,DB1801,Morgan-South Rich,Deer,Buck,General Season,Dedicated Hunter,Resident,22,dedicated_hunter,10,11,,,,,0,0,0,0,1,1.000000,,,1.000000,,,100.000,,-22,0,ABOVE CUTOFF,YELLOW,GREEN LIGHT,"2023,2024,2025",3,2025,2023,predictive,preference_dedicated_hunter_deer,TRUE,Forecasted from 2025 dedicated hunter ladder with residency quota split and preference carry-forward.,Dedicated Hunter,PREFERENCE_DEDICATED_HUNTER_DEER,MODELED_PREFERENCE,TARGET,True,Modeled by engine.utah_draw_predictive.dedicated_hunter.
hybrid_ml_v2.1.0,utah_preference_dedicated_hunter_deer_v1.0.0,2026,2026,DB1801,Morgan-South Rich,Deer,Buck,General Season,Dedicated Hunter,Resident,23,dedicated_hunter,10,11,,,,,0,0,0,0,1,1.000000,,,1.000000,,,100.000,,-23,0,ABOVE CUTOFF,YELLOW,GREEN LIGHT,"2023,2024,2025",3,2025,2023,predictive,preference_dedicated_hunter_deer,TRUE,Forecasted from 2025 dedicated hunter ladder with residency quota split and preference carry-forward.,Dedicated Hunter,PREFERENCE_DEDICATED_HUNTER_DEER,MODELED_PREFERENCE,TARGET,True,Modeled by engine.utah_draw_predictive.dedicated_hunter.
hybrid_ml_v2.1.0,utah_preference_dedicated_hunter_deer_v1.0.0,2026,2026,DB1801,Morgan-South Rich,Deer,Buck,General Season,Dedicated Hunter,Resident,24,dedicated_hunter,10,11,,,,,0,0,0,0,1,1.000000,,,1.000000,,,100.000,,-24,0,ABOVE CUTOFF,YELLOW,GREEN LIGHT,"2023,2024,2025",3,2025,2023,predictive,preference_dedicated_hunter_deer,TRUE,Forecasted from 2025 dedicated hunter ladder with residency quota split and preference carry-forward.,Dedicated Hunter,PREFERENCE_DEDICATED_HUNTER_DEER,MODELED_PREFERENCE,TARGET,True,Modeled by engine.utah_draw_predictive.dedicated_hunter.
hybrid_ml_v2.1.0,utah_preference_dedicated_hunter_deer_v1.0.0,2026,2026,DB1802,"Beaver, East",Deer,Buck,General Season,Dedicated Hunter,Nonresident,0,dedicated_hunter,8,3,,,,,0,0,0,3,3,1.000000,,,1.000000,,,100.000,,0,0,ABOVE CUTOFF,YELLOW,GREEN LIGHT,2025,1,2025,2025,predictive,preference_dedicated_hunter_deer,TRUE,Forecasted from 2025 dedicated hunter ladder with residency quota split and preference carry-forward.,Dedicated Hunter,PREFERENCE_DEDICATED_HUNTER_DEER,MODELED_PREFERENCE,TARGET,True,Modeled by engine.utah_draw_predictive.dedicated_hunter.
hybrid_ml_v2.1.0,utah_preference_dedicated_hunter_deer_v1.0.0,2026,2026,DB1802,"Beaver, East",Deer,Buck,General Season,Dedicated Hunter,Nonresident,1,dedicated_hunter,8,3,,,,,0,0,0,0,1,1.000000,,,1.000000,,,100.000,,-1,0,ABOVE CUTOFF,YELLOW,GREEN LIGHT,2025,1,2025,2025,predictive,preference_dedicated_hunter_deer,TRUE,Forecasted from 2025 dedicated hunter ladder with residency quota split and preference carry-forward.,Dedicated Hunter,PREFERENCE_DEDICATED_HUNTER_DEER,MODELED_PREFERENCE,TARGET,True,Modeled by engine.utah_draw_predictive.dedicated_hunter.
hybrid_ml_v2.1.0,utah_preference_dedicated_hunter_deer_v1.0.0,2026,2026,DB1802,"Beaver, East",Deer,Buck,General Season,Dedicated Hunter,Nonresident,2,dedicated_hunter,8,3,,,,,0,0,0,0,1,1.000000,,,1.000000,,,100.000,,-2,0,ABOVE CUTOFF,YELLOW,GREEN LIGHT,2025,1,2025,2025,predictive,preference_dedicated_hunter_deer,TRUE,Forecasted from 2025 dedicated hunter ladder with residency quota split and preference carry-forward.,Dedicated Hunter,PREFERENCE_DEDICATED_HUNTER_DEER,MODELED_PREFERENCE,TARGET,True,Modeled by engine.utah_draw_predictive.dedicated_hunter.
hybrid_ml_v2.1.0,utah_preference_dedicated_hunter_deer_v1.0.0,2026,2026,DB1802,"Beaver, East",Deer,Buck,General Season,Dedicated Hunter,Nonresident,3,dedicated_hunter,8,3,,,,,0,0,0,0,1,1.000000,,,1.000000,,,100.000,,-3,0,ABOVE CUTOFF,YELLOW,GREEN LIGHT,2025,1,2025,2025,predictive,preference_dedicated_hunter_deer,TRUE,Forecasted from 2025 dedicated hunter ladder with residency quota split and preference carry-forward.,Dedicated Hunter,PREFERENCE_DEDICATED_HUNTER_DEER,MODELED_PREFERENCE,TARGET,True,Modeled by engine.utah_draw_predictive.dedicated_hunter.
hybrid_ml_v2.1.0,utah_preference_dedicated_hunter_deer_v1.0.0,2026,2026,DB1802,"Beaver, East",Deer,Buck,General Season,Dedicated Hunter,Nonresident,4,dedicated_hunter,8,3,,,,,0,0,0,0,1,1.000000,,,1.000000,,,100.000,,-4,0,ABOVE CUTOFF,YELLOW,GREEN LIGHT,2025,1,2025,2025,predictive,preference_dedicated_hunter_deer,TRUE,Forecasted from 2025 dedicated hunter ladder with residency quota split and preference carry-forward.,Dedicated Hunter,PREFERENCE_DEDICATED_HUNTER_DEER,MODELED_PREFERENCE,TARGET,True,Modeled by engine.utah_draw_predictive.dedicated_hunter.
hybrid_ml_v2.1.0,utah_preference_dedicated_hunter_deer_v1.0.0,2026,2026,DB1802,"Beaver, East",Deer,Buck,General Season,Dedicated Hunter,Nonresident,5,dedicated_hunter,8,3,,,,,0,0,0,0,1,1.000000,,,1.000000,,,100.000,,-5,0,ABOVE CUTOFF,YELLOW,GREEN LIGHT,2025,1,2025,2025,predictive,preference_dedicated_hunter_deer,TRUE,Forecasted from 2025 dedicated hunter ladder with residency quota split and preference carry-forward.,Dedicated Hunter,PREFERENCE_DEDICATED_HUNTER_DEER,MODELED_PREFERENCE,TARGET,True,Modeled by engine.utah_draw_predictive.dedicated_hunter.
hybrid_ml_v2.1.0,utah_preference_dedicated_hunter_deer_v1.0.0,2026,2026,DB1802,"Beaver, East",Deer,Buck,General Season,Dedicated Hunter,Nonresident,6,dedicated_hunter,8,3,,,,,0,0,0,0,1,1.000000,,,1.000000,,,100.000,,-6,0,ABOVE CUTOFF,YELLOW,GREEN LIGHT,2025,1,2025,2025,predictive,preference_dedicated_hunter_deer,TRUE,Forecasted from 2025 dedicated hunter ladder with residency quota split and preference carry-forward.,Dedicated Hunter,PREFERENCE_DEDICATED_HUNTER_DEER,MODELED_PREFERENCE,TARGET,True,Modeled by engine.utah_draw_predictive.dedicated_hunter.
hybrid_ml_v2.1.0,utah_preference_dedicated_hunter_deer_v1.0.0,2026,2026,DB1802,"Beaver, East",Deer,Buck,General Season,Dedicated Hunter,Nonresident,7,dedicated_hunter,8,3,,,,,0,0,0,0,1,1.000000,,,1.000000,,,100.000,,-7,0,ABOVE CUTOFF,YELLOW,GREEN LIGHT,2025,1,2025,2025,predictive,preference_dedicated_hunter_deer,TRUE,Forecasted from 2025 dedicated hunter ladder with residency quota split and preference carry-forward.,Dedicated Hunter,PREFERENCE_DEDICATED_HUNTER_DEER,MODELED_PREFERENCE,TARGET,True,Modeled by engine.utah_draw_predictive.dedicated_hunter.
hybrid_ml_v2.1.0,utah_preference_dedicated_hunter_deer_v1.0.0,2026,2026,DB1802,"Beaver, East",Deer,Buck,General Season,Dedicated Hunter,Nonresident,8,dedicated_hunter,8,3,,,,,0,0,0,0,1,1.000000,,,1.000000,,,100.000,,-8,0,ABOVE CUTOFF,YELLOW,GREEN LIGHT,2025,1,2025,2025,predictive,preference_dedicated_hunter_deer,TRUE,Forecasted from 2025 dedicated hunter ladder with residency quota split and preference carry-forward.,Dedicated Hunter,PREFERENCE_DEDICATED_HUNTER_DEER,MODELED_PREFERENCE,TARGET,True,Modeled by engine.utah_draw_predictive.dedicated_hunter.
hybrid_ml_v2.1.0,utah_preference_dedicated_hunter_deer_v1.0.0,2026,2026,DB1802,"Beaver, East",Deer,Buck,General Season,Dedicated Hunter,Nonresident,9,dedicated_hunter,8,3,,,,,0,0,0,0,1,1.000000,,,1.000000,,,100.000,,-9,0,ABOVE CUTOFF,YELLOW,GREEN LIGHT,2025,1,2025,2025,predictive,preference_dedicated_hunter_deer,TRUE,Forecasted from 2025 dedicated hunter ladder with residency quota split and preference carry-forward.,Dedicated Hunter,PREFERENCE_DEDICATED_HUNTER_DEER,MODELED_PREFERENCE,TARGET,True,Modeled by engine.utah_draw_predictive.dedicated_hunter.
hybrid_ml_v2.1.0,utah_preference_dedicated_hunter_deer_v1.0.0,2026,2026,DB1802,"Beaver, East",Deer,Buck,General Season,Dedicated Hunter,Nonresident,10,dedicated_hunter,8,3,,,,,0,0,0,0,1,1.000000,,,1.000000,,,100.000,,-10,0,ABOVE CUTOFF,YELLOW,GREEN LIGHT,2025,1,2025,2025,predictive,preference_dedicated_hunter_deer,TRUE,Forecasted from 2025 dedicated hunter ladder with residency quota split and preference carry-forward.,Dedicated Hunter,PREFERENCE_DEDICATED_HUNTER_DEER,MODELED_PREFERENCE,TARGET,True,Modeled by engine.utah_draw_predictive.dedicated_hunter.
hybrid_ml_v2.1.0,utah_preference_dedicated_hunter_deer_v1.0.0,2026,2026,DB1802,"Beaver, East",Deer,Buck,General Season,Dedicated Hunter,Nonresident,11,dedicated_hunter,8,3,,,,,0,0,0,0,1,1.000000,,,1.000000,,,100.000,,-11,0,ABOVE CUTOFF,YELLOW,GREEN LIGHT,2025,1,2025,2025,predictive,preference_dedicated_hunter_deer,TRUE,Forecasted from 2025 dedicated hunter ladder with residency quota split and preference carry-forward.,Dedicated Hunter,PREFERENCE_DEDICATED_HUNTER_DEER,MODELED_PREFERENCE,TARGET,True,Modeled by engine.utah_draw_predictive.dedicated_hunter.
hybrid_ml_v2.1.0,utah_preference_dedicated_hunter_deer_v1.0.0,2026,2026,DB1802,"Beaver, East",Deer,Buck,General Season,Dedicated Hunter,Nonresident,12,dedicated_hunter,8,3,,,,,0,0,0,0,1,1.000000,,,1.000000,,,100.000,,-12,0,ABOVE CUTOFF,YELLOW,GREEN LIGHT,2025,1,2025,2025,predictive,preference_dedicated_hunter_deer,TRUE,Forecasted from 2025 dedicated hunter ladder with residency quota split and preference carry-forward.,Dedicated Hunter,PREFERENCE_DEDICATED_HUNTER_DEER,MODELED_PREFERENCE,TARGET,True,Modeled by engine.utah_draw_predictive.dedicated_hunter.
hybrid_ml_v2.1.0,utah_preference_dedicated_hunter_deer_v1.0.0,2026,2026,DB1802,"Beaver, East",Deer,Buck,General Season,Dedicated Hunter,Nonresident,13,dedicated_hunter,8,3,,,,,0,0,0,0,1,1.000000,,,1.000000,,,100.000,,-13,0,ABOVE CUTOFF,YELLOW,GREEN LIGHT,2025,1,2025,2025,predictive,preference_dedicated_hunter_deer,TRUE,Forecasted from 2025 dedicated hunter ladder with residency quota split and preference carry-forward.,Dedicated Hunter,PREFERENCE_DEDICATED_HUNTER_DEER,MODELED_PREFERENCE,TARGET,True,Modeled by engine.utah_draw_predictive.dedicated_hunter.
hybrid_ml_v2.1.0,utah_preference_dedicated_hunter_deer_v1.0.0,2026,2026,DB1802,"Beaver, East",Deer,Buck,General Season,Dedicated Hunter,Nonresident,14,dedicated_hunter,8,3,,,,,0,0,0,0,1,1.000000,,,1.000000,,,100.000,,-14,0,ABOVE CUTOFF,YELLOW,GREEN LIGHT,2025,1,2025,2025,predictive,preference_dedicated_hunter_deer,TRUE,Forecasted from 2025 dedicated hunter ladder with residency quota split and preference carry-forward.,Dedicated Hunter,PREFERENCE_DEDICATED_HUNTER_DEER,MODELED_PREFERENCE,TARGET,True,Modeled by engine.utah_draw_predictive.dedicated_hunter.
hybrid_ml_v2.1.0,utah_preference_dedicated_hunter_deer_v1.0.0,2026,2026,DB1802,"Beaver, East",Deer,Buck,General Season,Dedicated Hunter,Nonresident,15,dedicated_hunter,8,3,,,,,0,0,0,0,1,1.000000,,,1.000000,,,100.000,,-15,0,ABOVE CUTOFF,YELLOW,GREEN LIGHT,2025,1,2025,2025,predictive,preference_dedicated_hunter_deer,TRUE,Forecasted from 2025 dedicated hunter ladder with residency quota split and preference carry-forward.,Dedicated Hunter,PREFERENCE_DEDICATED_HUNTER_DEER,MODELED_PREFERENCE,TARGET,True,Modeled by engine.utah_draw_predictive.dedicated_hunter.
hybrid_ml_v2.1.0,utah_preference_dedicated_hunter_deer_v1.0.0,2026,2026,DB1802,"Beaver, East",Deer,Buck,General Season,Dedicated Hunter,Nonresident,16,dedicated_hunter,8,3,,,,,0,0,0,0,1,1.000000,,,1.000000,,,100.000,,-16,0,ABOVE CUTOFF,YELLOW,GREEN LIGHT,2025,1,2025,2025,predictive,preference_dedicated_hunter_deer,TRUE,Forecasted from 2025 dedicated hunter ladder with residency quota split and preference carry-forward.,Dedicated Hunter,PREFERENCE_DEDICATED_HUNTER_DEER,MODELED_PREFERENCE,TARGET,True,Modeled by engine.utah_draw_predictive.dedicated_hunter.
hybrid_ml_v2.1.0,utah_preference_dedicated_hunter_deer_v1.0.0,2026,2026,DB1802,"Beaver, East",Deer,Buck,General Season,Dedicated Hunter,Nonresident,17,dedicated_hunter,8,3,,,,,0,0,0,0,1,1.000000,,,1.000000,,,100.000,,-17,0,ABOVE CUTOFF,YELLOW,GREEN LIGHT,2025,1,2025,2025,predictive,preference_dedicated_hunter_deer,TRUE,Forecasted from 2025 dedicated hunter ladder with residency quota split and preference carry-forward.,Dedicated Hunter,PREFERENCE_DEDICATED_HUNTER_DEER,MODELED_PREFERENCE,TARGET,True,Modeled by engine.utah_draw_predictive.dedicated_hunter.
hybrid_ml_v2.1.0,utah_preference_dedicated_hunter_deer_v1.0.0,2026,2026,DB1802,"Beaver, East",Deer,Buck,General Season,Dedicated Hunter,Nonresident,18,dedicated_hunter,8,3,,,,,0,0,0,0,1,1.000000,,,1.000000,,,100.000,,-18,0,ABOVE CUTOFF,YELLOW,GREEN LIGHT,2025,1,2025,2025,predictive,preference_dedicated_hunter_deer,TRUE,Forecasted from 2025 dedicated hunter ladder with residency quota split and preference carry-forward.,Dedicated Hunter,PREFERENCE_DEDICATED_HUNTER_DEER,MODELED_PREFERENCE,TARGET,True,Modeled by engine.utah_draw_predictive.dedicated_hunter.
hybrid_ml_v2.1.0,utah_preference_dedicated_hunter_deer_v1.0.0,2026,2026,DB1802,"Beaver, East",Deer,Buck,General Season,Dedicated Hunter,Nonresident,19,dedicated_hunter,8,3,,,,,0,0,0,0,1,1.000000,,,1.000000,,,100.000,,-19,0,ABOVE CUTOFF,YELLOW,GREEN LIGHT,2025,1,2025,2025,predictive,preference_dedicated_hunter_deer,TRUE,Forecasted from 2025 dedicated hunter ladder with residency quota split and preference carry-forward.,Dedicated Hunter,PREFERENCE_DEDICATED_HUNTER_DEER,MODELED_PREFERENCE,TARGET,True,Modeled by engine.utah_draw_predictive.dedicated_hunter.
hybrid_ml_v2.1.0,utah_preference_dedicated_hunter_deer_v1.0.0,2026,2026,DB1802,"Beaver, East",Deer,Buck,General Season,Dedicated Hunter,Nonresident,20,dedicated_hunter,8,3,,,,,0,0,0,0,1,1.000000,,,1.000000,,,100.000,,-20,0,ABOVE CUTOFF,YELLOW,GREEN LIGHT,2025,1,2025,2025,predictive,preference_dedicated_hunter_deer,TRUE,Forecasted from 2025 dedicated hunter ladder with residency quota split and preference carry-forward.,Dedicated Hunter,PREFERENCE_DEDICATED_HUNTER_DEER,MODELED_PREFERENCE,TARGET,True,Modeled by engine.utah_draw_predictive.dedicated_hunter.
hybrid_ml_v2.1.0,utah_preference_dedicated_hunter_deer_v1.0.0,2026,2026,DB1802,"Beaver, East",Deer,Buck,General Season,Dedicated Hunter,Nonresident,21,dedicated_hunter,8,3,,,,,0,0,0,0,1,1.000000,,,1.000000,,,100.000,,-21,0,ABOVE CUTOFF,YELLOW,GREEN LIGHT,2025,1,2025,2025,predictive,preference_dedicated_hunter_deer,TRUE,Forecasted from 2025 dedicated hunter ladder with residency quota split and preference carry-forward.,Dedicated Hunter,PREFERENCE_DEDICATED_HUNTER_DEER,MODELED_PREFERENCE,TARGET,True,Modeled by engine.utah_draw_predictive.dedicated_hunter.
hybrid_ml_v2.1.0,utah_preference_dedicated_hunter_deer_v1.0.0,2026,2026,DB1802,"Beaver, East",Deer,Buck,General Season,Dedicated Hunter,Nonresident,22,dedicated_hunter,8,3,,,,,0,0,0,0,1,1.000000,,,1.000000,,,100.000,,-22,0,ABOVE CUTOFF,YELLOW,GREEN LIGHT,2025,1,2025,2025,predictive,preference_dedicated_hunter_deer,TRUE,Forecasted from 2025 dedicated hunter ladder with residency quota split and preference carry-forward.,Dedicated Hunter,PREFERENCE_DEDICATED_HUNTER_DEER,MODELED_PREFERENCE,TARGET,True,Modeled by engine.utah_draw_predictive.dedicated_hunter.
hybrid_ml_v2.1.0,utah_preference_dedicated_hunter_deer_v1.0.0,2026,2026,DB1802,"Beaver, East",Deer,Buck,General Season,Dedicated Hunter,Nonresident,23,dedicated_hunter,8,3,,,,,0,0,0,0,1,1.000000,,,1.000000,,,100.000,,-23,0,ABOVE CUTOFF,YELLOW,GREEN LIGHT,2025,1,2025,2025,predictive,preference_dedicated_hunter_deer,TRUE,Forecasted from 2025 dedicated hunter ladder with residency quota split and preference carry-forward.,Dedicated Hunter,PREFERENCE_DEDICATED_HUNTER_DEER,MODELED_PREFERENCE,TARGET,True,Modeled by engine.utah_draw_predictive.dedicated_hunter.
hybrid_ml_v2.1.0,utah_preference_dedicated_hunter_deer_v1.0.0,2026,2026,DB1802,"Beaver, East",Deer,Buck,General Season,Dedicated Hunter,Nonresident,24,dedicated_hunter,8,3,,,,,0,0,0,0,1,1.000000,,,1.000000,,,100.000,,-24,0,ABOVE CUTOFF,YELLOW,GREEN LIGHT,2025,1,2025,2025,predictive,preference_dedicated_hunter_deer,TRUE,Forecasted from 2025 dedicated hunter ladder with residency quota split and preference carry-forward.,Dedicated Hunter,PREFERENCE_DEDICATED_HUNTER_DEER,MODELED_PREFERENCE,TARGET,True,Modeled by engine.utah_draw_predictive.dedicated_hunter.
hybrid_ml_v2.1.0,utah_preference_dedicated_hunter_deer_v1.0.0,2026,2026,DB1802,"Beaver, East",Deer,Buck,General Season,Dedicated Hunter,Resident,0,dedicated_hunter,130,49,,,,,2,2,50,52,52,0.000000,,,0.000000,,,0.000,,2,0,BEHIND,YELLOW,POINT CREEP DEFEAT,2025,1,2025,2025,predictive,preference_dedicated_hunter_deer,TRUE,Forecasted from 2025 dedicated hunter ladder with residency quota split and preference carry-forward.,Dedicated Hunter,PREFERENCE_DEDICATED_HUNTER_DEER,MODELED_PREFERENCE,TARGET,True,Modeled by engine.utah_draw_predictive.dedicated_hunter.
hybrid_ml_v2.1.0,utah_preference_dedicated_hunter_deer_v1.0.0,2026,2026,DB1802,"Beaver, East",Deer,Buck,General Season,Dedicated Hunter,Resident,1,dedicated_hunter,130,49,,,,,2,2,13,37,37,0.972973,,,0.972973,,,97.297,,1,0,ON EDGE,YELLOW,GREEN LIGHT,2025,1,2025,2025,predictive,preference_dedicated_hunter_deer,TRUE,Forecasted from 2025 dedicated hunter ladder with residency quota split and preference carry-forward.,Dedicated Hunter,PREFERENCE_DEDICATED_HUNTER_DEER,MODELED_PREFERENCE,TARGET,True,Modeled by engine.utah_draw_predictive.dedicated_hunter.
hybrid_ml_v2.1.0,utah_preference_dedicated_hunter_deer_v1.0.0,2026,2026,DB1802,"Beaver, East",Deer,Buck,General Season,Dedicated Hunter,Resident,2,dedicated_hunter,130,49,,,,,2,2,4,9,9,1.000000,,,1.000000,,,100.000,,0,0,ABOVE CUTOFF,YELLOW,GREEN LIGHT,2025,1,2025,2025,predictive,preference_dedicated_hunter_deer,TRUE,Forecasted from 2025 dedicated hunter ladder with residency quota split and preference carry-forward.,Dedicated Hunter,PREFERENCE_DEDICATED_HUNTER_DEER,MODELED_PREFERENCE,TARGET,True,Modeled by engine.utah_draw_predictive.dedicated_hunter.
hybrid_ml_v2.1.0,utah_preference_dedicated_hunter_deer_v1.0.0,2026,2026,DB1802,"Beaver, East",Deer,Buck,General Season,Dedicated Hunter,Resident,3,dedicated_hunter,130,49,,,,,2,2,2,2,2,1.000000,,,1.000000,,,100.000,,-1,0,ABOVE CUTOFF,YELLOW,GREEN LIGHT,2025,1,2025,2025,predictive,preference_dedicated_hunter_deer,TRUE,Forecasted from 2025 dedicated hunter ladder with residency quota split and preference carry-forward.,Dedicated Hunter,PREFERENCE_DEDICATED_HUNTER_DEER,MODELED_PREFERENCE,TARGET,True,Modeled by engine.utah_draw_predictive.dedicated_hunter.
hybrid_ml_v2.1.0,utah_preference_dedicated_hunter_deer_v1.0.0,2026,2026,DB1802,"Beaver, East",Deer,Buck,General Season,Dedicated Hunter,Resident,4,dedicated_hunter,130,49,,,,,2,2,0,2,2,1.000000,,,1.000000,,,100.000,,-2,0,ABOVE CUTOFF,YELLOW,GREEN LIGHT,2025,1,2025,2025,predictive,preference_dedicated_hunter_deer,TRUE,Forecasted from 2025 dedicated hunter ladder with residency quota split and preference carry-forward.,Dedicated Hunter,PREFERENCE_DEDICATED_HUNTER_DEER,MODELED_PREFERENCE,TARGET,True,Modeled by engine.utah_draw_predictive.dedicated_hunter.
hybrid_ml_v2.1.0,utah_preference_dedicated_hunter_deer_v1.0.0,2026,2026,DB1802,"Beaver, East",Deer,Buck,General Season,Dedicated Hunter,Resident,5,dedicated_hunter,130,49,,,,,2,2,0,0,1,1.000000,,,1.000000,,,100.000,,-3,0,ABOVE CUTOFF,YELLOW,GREEN LIGHT,2025,1,2025,2025,predictive,preference_dedicated_hunter_deer,TRUE,Forecasted from 2025 dedicated hunter ladder with residency quota split and preference carry-forward.,Dedicated Hunter,PREFERENCE_DEDICATED_HUNTER_DEER,MODELED_PREFERENCE,TARGET,True,Modeled by engine.utah_draw_predictive.dedicated_hunter.
hybrid_ml_v2.1.0,utah_preference_dedicated_hunter_deer_v1.0.0,2026,2026,DB1802,"Beaver, East",Deer,Buck,General Season,Dedicated Hunter,Resident,6,dedicated_hunter,130,49,,,,,2,2,0,0,1,1.000000,,,1.000000,,,100.000,,-4,0,ABOVE CUTOFF,YELLOW,GREEN LIGHT,2025,1,2025,2025,predictive,preference_dedicated_hunter_deer,TRUE,Forecasted from 2025 dedicated hunter ladder with residency quota split and preference carry-forward.,Dedicated Hunter,PREFERENCE_DEDICATED_HUNTER_DEER,MODELED_PREFERENCE,TARGET,True,Modeled by engine.utah_draw_predictive.dedicated_hunter.
hybrid_ml_v2.1.0,utah_preference_dedicated_hunter_deer_v1.0.0,2026,2026,DB1802,"Beaver, East",Deer,Buck,General Season,Dedicated Hunter,Resident,7,dedicated_hunter,130,49,,,,,2,2,0,0,1,1.000000,,,1.000000,,,100.000,,-5,0,ABOVE CUTOFF,YELLOW,GREEN LIGHT,2025,1,2025,2025,predictive,preference_dedicated_hunter_deer,TRUE,Forecasted from 2025 dedicated hunter ladder with residency quota split and preference carry-forward.,Dedicated Hunter,PREFERENCE_DEDICATED_HUNTER_DEER,MODELED_PREFERENCE,TARGET,True,Modeled by engine.utah_draw_predictive.dedicated_hunter.
hybrid_ml_v2.1.0,utah_preference_dedicated_hunter_deer_v1.0.0,2026,2026,DB1802,"Beaver, East",Deer,Buck,General Season,Dedicated Hunter,Resident,8,dedicated_hunter,130,49,,,,,2,2,0,0,1,1.000000,,,1.000000,,,100.000,,-6,0,ABOVE CUTOFF,YELLOW,GREEN LIGHT,2025,1,2025,2025,predictive,preference_dedicated_hunter_deer,TRUE,Forecasted from 2025 dedicated hunter ladder with residency quota split and preference carry-forward.,Dedicated Hunter,PREFERENCE_DEDICATED_HUNTER_DEER,MODELED_PREFERENCE,TARGET,True,Modeled by engine.utah_draw_predictive.dedicated_hunter.
hybrid_ml_v2.1.0,utah_preference_dedicated_hunter_deer_v1.0.0,2026,2026,DB1802,"Beaver, East",Deer,Buck,General Season,Dedicated Hunter,Resident,9,dedicated_hunter,130,49,,,,,2,2,0,0,1,1.000000,,,1.000000,,,100.000,,-7,0,ABOVE CUTOFF,YELLOW,GREEN LIGHT,2025,1,2025,2025,predictive,preference_dedicated_hunter_deer,TRUE,Forecasted from 2025 dedicated hunter ladder with residency quota split and preference carry-forward.,Dedicated Hunter,PREFERENCE_DEDICATED_HUNTER_DEER,MODELED_PREFERENCE,TARGET,True,Modeled by engine.utah_draw_predictive.dedicated_hunter.
hybrid_ml_v2.1.0,utah_preference_dedicated_hunter_deer_v1.0.0,2026,2026,DB1802,"Beaver, East",Deer,Buck,General Season,Dedicated Hunter,Resident,10,dedicated_hunter,130,49,,,,,2,2,0,0,1,1.000000,,,1.000000,,,100.000,,-8,0,ABOVE CUTOFF,YELLOW,GREEN LIGHT,2025,1,2025,2025,predictive,preference_dedicated_hunter_deer,TRUE,Forecasted from 2025 dedicated hunter ladder with residency quota split and preference carry-forward.,Dedicated Hunter,PREFERENCE_DEDICATED_HUNTER_DEER,MODELED_PREFERENCE,TARGET,True,Modeled by engine.utah_draw_predictive.dedicated_hunter.
hybrid_ml_v2.1.0,utah_preference_dedicated_hunter_deer_v1.0.0,2026,2026,DB1802,"Beaver, East",Deer,Buck,General Season,Dedicated Hunter,Resident,11,dedicated_hunter,130,49,,,,,2,2,0,0,1,1.000000,,,1.000000,,,100.000,,-9,0,ABOVE CUTOFF,YELLOW,GREEN LIGHT,2025,1,2025,2025,predictive,preference_dedicated_hunter_deer,TRUE,Forecasted from 2025 dedicated hunter ladder with residency quota split and preference carry-forward.,Dedicated Hunter,PREFERENCE_DEDICATED_HUNTER_DEER,MODELED_PREFERENCE,TARGET,True,Modeled by engine.utah_draw_predictive.dedicated_hunter.
hybrid_ml_v2.1.0,utah_preference_dedicated_hunter_deer_v1.0.0,2026,2026,DB1802,"Beaver, East",Deer,Buck,General Season,Dedicated Hunter,Resident,12,dedicated_hunter,130,49,,,,,2,2,0,0,1,1.000000,,,1.000000,,,100.000,,-10,0,ABOVE CUTOFF,YELLOW,GREEN LIGHT,2025,1,2025,2025,predictive,preference_dedicated_hunter_deer,TRUE,Forecasted from 2025 dedicated hunter ladder with residency quota split and preference carry-forward.,Dedicated Hunter,PREFERENCE_DEDICATED_HUNTER_DEER,MODELED_PREFERENCE,TARGET,True,Modeled by engine.utah_draw_predictive.dedicated_hunter.
hybrid_ml_v2.1.0,utah_preference_dedicated_hunter_deer_v1.0.0,2026,2026,DB1802,"Beaver, East",Deer,Buck,General Season,Dedicated Hunter,Resident,13,dedicated_hunter,130,49,,,,,2,2,0,0,1,1.000000,,,1.000000,,,100.000,,-11,0,ABOVE CUTOFF,YELLOW,GREEN LIGHT,2025,1,2025,2025,predictive,preference_dedicated_hunter_deer,TRUE,Forecasted from 2025 dedicated hunter ladder with residency quota split and preference carry-forward.,Dedicated Hunter,PREFERENCE_DEDICATED_HUNTER_DEER,MODELED_PREFERENCE,TARGET,True,Modeled by engine.utah_draw_predictive.dedicated_hunter.
hybrid_ml_v2.1.0,utah_preference_dedicated_hunter_deer_v1.0.0,2026,2026,DB1802,"Beaver, East",Deer,Buck,General Season,Dedicated Hunter,Resident,14,dedicated_hunter,130,49,,,,,2,2,0,0,1,1.000000,,,1.000000,,,100.000,,-12,0,ABOVE CUTOFF,YELLOW,GREEN LIGHT,2025,1,2025,2025,predictive,preference_dedicated_hunter_deer,TRUE,Forecasted from 2025 dedicated hunter ladder with residency quota split and preference carry-forward.,Dedicated Hunter,PREFERENCE_DEDICATED_HUNTER_DEER,MODELED_PREFERENCE,TARGET,True,Modeled by engine.utah_draw_predictive.dedicated_hunter.
hybrid_ml_v2.1.0,utah_preference_dedicated_hunter_deer_v1.0.0,2026,2026,DB1802,"Beaver, East",Deer,Buck,General Season,Dedicated Hunter,Resident,15,dedicated_hunter,130,49,,,,,2,2,0,0,1,1.000000,,,1.000000,,,100.000,,-13,0,ABOVE CUTOFF,YELLOW,GREEN LIGHT,2025,1,2025,2025,predictive,preference_dedicated_hunter_deer,TRUE,Forecasted from 2025 dedicated hunter ladder with residency quota split and preference carry-forward.,Dedicated Hunter,PREFERENCE_DEDICATED_HUNTER_DEER,MODELED_PREFERENCE,TARGET,True,Modeled by engine.utah_draw_predictive.dedicated_hunter.
hybrid_ml_v2.1.0,utah_preference_dedicated_hunter_deer_v1.0.0,2026,2026,DB1802,"Beaver, East",Deer,Buck,General Season,Dedicated Hunter,Resident,16,dedicated_hunter,130,49,,,,,2,2,0,0,1,1.000000,,,1.000000,,,100.000,,-14,0,ABOVE CUTOFF,YELLOW,GREEN LIGHT,2025,1,2025,2025,predictive,preference_dedicated_hunter_deer,TRUE,Forecasted from 2025 dedicated hunter ladder with residency quota split and preference carry-forward.,Dedicated Hunter,PREFERENCE_DEDICATED_HUNTER_DEER,MODELED_PREFERENCE,TARGET,True,Modeled by engine.utah_draw_predictive.dedicated_hunter.
hybrid_ml_v2.1.0,utah_preference_dedicated_hunter_deer_v1.0.0,2026,2026,DB1802,"Beaver, East",Deer,Buck,General Season,Dedicated Hunter,Resident,17,dedicated_hunter,130,49,,,,,2,2,0,0,1,1.000000,,,1.000000,,,100.000,,-15,0,ABOVE CUTOFF,YELLOW,GREEN LIGHT,2025,1,2025,2025,predictive,preference_dedicated_hunter_deer,TRUE,Forecasted from 2025 dedicated hunter ladder with residency quota split and preference carry-forward.,Dedicated Hunter,PREFERENCE_DEDICATED_HUNTER_DEER,MODELED_PREFERENCE,TARGET,True,Modeled by engine.utah_draw_predictive.dedicated_hunter.
hybrid_ml_v2.1.0,utah_preference_dedicated_hunter_deer_v1.0.0,2026,2026,DB1802,"Beaver, East",Deer,Buck,General Season,Dedicated Hunter,Resident,18,dedicated_hunter,130,49,,,,,2,2,0,0,1,1.000000,,,1.000000,,,100.000,,-16,0,ABOVE CUTOFF,YELLOW,GREEN LIGHT,2025,1,2025,2025,predictive,preference_dedicated_hunter_deer,TRUE,Forecasted from 2025 dedicated hunter ladder with residency quota split and preference carry-forward.,Dedicated Hunter,PREFERENCE_DEDICATED_HUNTER_DEER,MODELED_PREFERENCE,TARGET,True,Modeled by engine.utah_draw_predictive.dedicated_hunter.
hybrid_ml_v2.1.0,utah_preference_dedicated_hunter_deer_v1.0.0,2026,2026,DB1802,"Beaver, East",Deer,Buck,General Season,Dedicated Hunter,Resident,19,dedicated_hunter,130,49,,,,,2,2,0,0,1,1.000000,,,1.000000,,,100.000,,-17,0,ABOVE CUTOFF,YELLOW,GREEN LIGHT,2025,1,2025,2025,predictive,preference_dedicated_hunter_deer,TRUE,Forecasted from 2025 dedicated hunter ladder with residency quota split and preference carry-forward.,Dedicated Hunter,PREFERENCE_DEDICATED_HUNTER_DEER,MODELED_PREFERENCE,TARGET,True,Modeled by engine.utah_draw_predictive.dedicated_hunter.
hybrid_ml_v2.1.0,utah_preference_dedicated_hunter_deer_v1.0.0,2026,2026,DB1802,"Beaver, East",Deer,Buck,General Season,Dedicated Hunter,Resident,20,dedicated_hunter,130,49,,,,,2,2,0,0,1,1.000000,,,1.000000,,,100.000,,-18,0,ABOVE CUTOFF,YELLOW,GREEN LIGHT,2025,1,2025,2025,predictive,preference_dedicated_hunter_deer,TRUE,Forecasted from 2025 dedicated hunter ladder with residency quota split and preference carry-forward.,Dedicated Hunter,PREFERENCE_DEDICATED_HUNTER_DEER,MODELED_PREFERENCE,TARGET,True,Modeled by engine.utah_draw_predictive.dedicated_hunter.
hybrid_ml_v2.1.0,utah_preference_dedicated_hunter_deer_v1.0.0,2026,2026,DB1802,"Beaver, East",Deer,Buck,General Season,Dedicated Hunter,Resident,21,dedicated_hunter,130,49,,,,,2,2,0,0,1,1.000000,,,1.000000,,,100.000,,-19,0,ABOVE CUTOFF,YELLOW,GREEN LIGHT,2025,1,2025,2025,predictive,preference_dedicated_hunter_deer,TRUE,Forecasted from 2025 dedicated hunter ladder with residency quota split and preference carry-forward.,Dedicated Hunter,PREFERENCE_DEDICATED_HUNTER_DEER,MODELED_PREFERENCE,TARGET,True,Modeled by engine.utah_draw_predictive.dedicated_hunter.
hybrid_ml_v2.1.0,utah_preference_dedicated_hunter_deer_v1.0.0,2026,2026,DB1802,"Beaver, East",Deer,Buck,General Season,Dedicated Hunter,Resident,22,dedicated_hunter,130,49,,,,,2,2,0,0,1,1.000000,,,1.000000,,,100.000,,-20,0,ABOVE CUTOFF,YELLOW,GREEN LIGHT,2025,1,2025,2025,predictive,preference_dedicated_hunter_deer,TRUE,Forecasted from 2025 dedicated hunter ladder with residency quota split and preference carry-forward.,Dedicated Hunter,PREFERENCE_DEDICATED_HUNTER_DEER,MODELED_PREFERENCE,TARGET,True,Modeled by engine.utah_draw_predictive.dedicated_hunter.
hybrid_ml_v2.1.0,utah_preference_dedicated_hunter_deer_v1.0.0,2026,2026,DB1802,"Beaver, East",Deer,Buck,General Season,Dedicated Hunter,Resident,23,dedicated_hunter,130,49,,,,,2,2,0,0,1,1.000000,,,1.000000,,,100.000,,-21,0,ABOVE CUTOFF,YELLOW,GREEN LIGHT,2025,1,2025,2025,predictive,preference_dedicated_hunter_deer,TRUE,Forecasted from 2025 dedicated hunter ladder with residency quota split and preference carry-forward.,Dedicated Hunter,PREFERENCE_DEDICATED_HUNTER_DEER,MODELED_PREFERENCE,TARGET,True,Modeled by engine.utah_draw_predictive.dedicated_hunter.
hybrid_ml_v2.1.0,utah_preference_dedicated_hunter_deer_v1.0.0,2026,2026,DB1802,"Beaver, East",Deer,Buck,General Season,Dedicated Hunter,Resident,24,dedicated_hunter,130,49,,,,,2,2,0,0,1,1.000000,,,1.000000,,,100.000,,-22,0,ABOVE CUTOFF,YELLOW,GREEN LIGHT,2025,1,2025,2025,predictive,preference_dedicated_hunter_deer,TRUE,Forecasted from 2025 dedicated hunter ladder with residency quota split and preference carry-forward.,Dedicated Hunter,PREFERENCE_DEDICATED_HUNTER_DEER,MODELED_PREFERENCE,TARGET,True,Modeled by engine.utah_draw_predictive.dedicated_hunter.
hybrid_ml_v2.1.0,utah_preference_dedicated_hunter_deer_v1.0.0,2026,2026,DB1803,"Beaver, West",Deer,Buck,General Season,Dedicated Hunter,Nonresident,0,dedicated_hunter,4,4,,,,,0,0,0,3,3,1.000000,,,1.000000,,,100.000,,0,0,ABOVE CUTOFF,YELLOW,GREEN LIGHT,2025,1,2025,2025,predictive,preference_dedicated_hunter_deer,TRUE,Forecasted from 2025 dedicated hunter ladder with residency quota split and preference carry-forward.,Dedicated Hunter,PREFERENCE_DEDICATED_HUNTER_DEER,MODELED_PREFERENCE,TARGET,True,Modeled by engine.utah_draw_predictive.dedicated_hunter.
hybrid_ml_v2.1.0,utah_preference_dedicated_hunter_deer_v1.0.0,2026,2026,DB1803,"Beaver, West",Deer,Buck,General Season,Dedicated Hunter,Nonresident,1,dedicated_hunter,4,4,,,,,0,0,0,0,1,1.000000,,,1.000000,,,100.000,,-1,0,ABOVE CUTOFF,YELLOW,GREEN LIGHT,2025,1,2025,2025,predictive,preference_dedicated_hunter_deer,TRUE,Forecasted from 2025 dedicated hunter ladder with residency quota split and preference carry-forward.,Dedicated Hunter,PREFERENCE_DEDICATED_HUNTER_DEER,MODELED_PREFERENCE,TARGET,True,Modeled by engine.utah_draw_predictive.dedicated_hunter.
hybrid_ml_v2.1.0,utah_preference_dedicated_hunter_deer_v1.0.0,2026,2026,DB1803,"Beaver, West",Deer,Buck,General Season,Dedicated Hunter,Nonresident,2,dedicated_hunter,4,4,,,,,0,0,0,0,1,1.000000,,,1.000000,,,100.000,,-2,0,ABOVE CUTOFF,YELLOW,GREEN LIGHT,2025,1,2025,2025,predictive,preference_dedicated_hunter_deer,TRUE,Forecasted from 2025 dedicated hunter ladder with residency quota split and preference carry-forward.,Dedicated Hunter,PREFERENCE_DEDICATED_HUNTER_DEER,MODELED_PREFERENCE,TARGET,True,Modeled by engine.utah_draw_predictive.dedicated_hunter.
hybrid_ml_v2.1.0,utah_preference_dedicated_hunter_deer_v1.0.0,2026,2026,DB1803,"Beaver, West",Deer,Buck,General Season,Dedicated Hunter,Nonresident,3,dedicated_hunter,4,4,,,,,0,0,0,0,1,1.000000,,,1.000000,,,100.000,,-3,0,ABOVE CUTOFF,YELLOW,GREEN LIGHT,2025,1,2025,2025,predictive,preference_dedicated_hunter_deer,TRUE,Forecasted from 2025 dedicated hunter ladder with residency quota split and preference carry-forward.,Dedicated Hunter,PREFERENCE_DEDICATED_HUNTER_DEER,MODELED_PREFERENCE,TARGET,True,Modeled by engine.utah_draw_predictive.dedicated_hunter.
hybrid_ml_v2.1.0,utah_preference_dedicated_hunter_deer_v1.0.0,2026,2026,DB1803,"Beaver, West",Deer,Buck,General Season,Dedicated Hunter,Nonresident,4,dedicated_hunter,4,4,,,,,0,0,0,0,1,1.000000,,,1.000000,,,100.000,,-4,0,ABOVE CUTOFF,YELLOW,GREEN LIGHT,2025,1,2025,2025,predictive,preference_dedicated_hunter_deer,TRUE,Forecasted from 2025 dedicated hunter ladder with residency quota split and preference carry-forward.,Dedicated Hunter,PREFERENCE_DEDICATED_HUNTER_DEER,MODELED_PREFERENCE,TARGET,True,Modeled by engine.utah_draw_predictive.dedicated_hunter.
hybrid_ml_v2.1.0,utah_preference_dedicated_hunter_deer_v1.0.0,2026,2026,DB1803,"Beaver, West",Deer,Buck,General Season,Dedicated Hunter,Nonresident,5,dedicated_hunter,4,4,,,,,0,0,0,0,1,1.000000,,,1.000000,,,100.000,,-5,0,ABOVE CUTOFF,YELLOW,GREEN LIGHT,2025,1,2025,2025,predictive,preference_dedicated_hunter_deer,TRUE,Forecasted from 2025 dedicated hunter ladder with residency quota split and preference carry-forward.,Dedicated Hunter,PREFERENCE_DEDICATED_HUNTER_DEER,MODELED_PREFERENCE,TARGET,True,Modeled by engine.utah_draw_predictive.dedicated_hunter.
hybrid_ml_v2.1.0,utah_preference_dedicated_hunter_deer_v1.0.0,2026,2026,DB1803,"Beaver, West",Deer,Buck,General Season,Dedicated Hunter,Nonresident,6,dedicated_hunter,4,4,,,,,0,0,0,0,1,1.000000,,,1.000000,,,100.000,,-6,0,ABOVE CUTOFF,YELLOW,GREEN LIGHT,2025,1,2025,2025,predictive,preference_dedicated_hunter_deer,TRUE,Forecasted from 2025 dedicated hunter ladder with residency quota split and preference carry-forward.,Dedicated Hunter,PREFERENCE_DEDICATED_HUNTER_DEER,MODELED_PREFERENCE,TARGET,True,Modeled by engine.utah_draw_predictive.dedicated_hunter.
hybrid_ml_v2.1.0,utah_preference_dedicated_hunter_deer_v1.0.0,2026,2026,DB1803,"Beaver, West",Deer,Buck,General Season,Dedicated Hunter,Nonresident,7,dedicated_hunter,4,4,,,,,0,0,0,0,1,1.000000,,,1.000000,,,100.000,,-7,0,ABOVE CUTOFF,YELLOW,GREEN LIGHT,2025,1,2025,2025,predictive,preference_dedicated_hunter_deer,TRUE,Forecasted from 2025 dedicated hunter ladder with residency quota split and preference carry-forward.,Dedicated Hunter,PREFERENCE_DEDICATED_HUNTER_DEER,MODELED_PREFERENCE,TARGET,True,Modeled by engine.utah_draw_predictive.dedicated_hunter.
hybrid_ml_v2.1.0,utah_preference_dedicated_hunter_deer_v1.0.0,2026,2026,DB1803,"Beaver, West",Deer,Buck,General Season,Dedicated Hunter,Nonresident,8,dedicated_hunter,4,4,,,,,0,0,0,0,1,1.000000,,,1.000000,,,100.000,,-8,0,ABOVE CUTOFF,YELLOW,GREEN LIGHT,2025,1,2025,2025,predictive,preference_dedicated_hunter_deer,TRUE,Forecasted from 2025 dedicated hunter ladder with residency quota split and preference carry-forward.,Dedicated Hunter,PREFERENCE_DEDICATED_HUNTER_DEER,MODELED_PREFERENCE,TARGET,True,Modeled by engine.utah_draw_predictive.dedicated_hunter.
hybrid_ml_v2.1.0,utah_preference_dedicated_hunter_deer_v1.0.0,2026,2026,DB1803,"Beaver, West",Deer,Buck,General Season,Dedicated Hunter,Nonresident,9,dedicated_hunter,4,4,,,,,0,0,0,0,1,1.000000,,,1.000000,,,100.000,,-9,0,ABOVE CUTOFF,YELLOW,GREEN LIGHT,2025,1,2025,2025,predictive,preference_dedicated_hunter_deer,TRUE,Forecasted from 2025 dedicated hunter ladder with residency quota split and preference carry-forward.,Dedicated Hunter,PREFERENCE_DEDICATED_HUNTER_DEER,MODELED_PREFERENCE,TARGET,True,Modeled by engine.utah_draw_predictive.dedicated_hunter.
hybrid_ml_v2.1.0,utah_preference_dedicated_hunter_deer_v1.0.0,2026,2026,DB1803,"Beaver, West",Deer,Buck,General Season,Dedicated Hunter,Nonresident,10,dedicated_hunter,4,4,,,,,0,0,0,0,1,1.000000,,,1.000000,,,100.000,,-10,0,ABOVE CUTOFF,YELLOW,GREEN LIGHT,2025,1,2025,2025,predictive,preference_dedicated_hunter_deer,TRUE,Forecasted from 2025 dedicated hunter ladder with residency quota split and preference carry-forward.,Dedicated Hunter,PREFERENCE_DEDICATED_HUNTER_DEER,MODELED_PREFERENCE,TARGET,True,Modeled by engine.utah_draw_predictive.dedicated_hunter.
hybrid_ml_v2.1.0,utah_preference_dedicated_hunter_deer_v1.0.0,2026,2026,DB1803,"Beaver, West",Deer,Buck,General Season,Dedicated Hunter,Nonresident,11,dedicated_hunter,4,4,,,,,0,0,0,0,1,1.000000,,,1.000000,,,100.000,,-11,0,ABOVE CUTOFF,YELLOW,GREEN LIGHT,2025,1,2025,2025,predictive,preference_dedicated_hunter_deer,TRUE,Forecasted from 2025 dedicated hunter ladder with residency quota split and preference carry-forward.,Dedicated Hunter,PREFERENCE_DEDICATED_HUNTER_DEER,MODELED_PREFERENCE,TARGET,True,Modeled by engine.utah_draw_predictive.dedicated_hunter.
hybrid_ml_v2.1.0,utah_preference_dedicated_hunter_deer_v1.0.0,2026,2026,DB1803,"Beaver, West",Deer,Buck,General Season,Dedicated Hunter,Nonresident,12,dedicated_hunter,4,4,,,,,0,0,0,0,1,1.000000,,,1.000000,,,100.000,,-12,0,ABOVE CUTOFF,YELLOW,GREEN LIGHT,2025,1,2025,2025,predictive,preference_dedicated_hunter_deer,TRUE,Forecasted from 2025 dedicated hunter ladder with residency quota split and preference carry-forward.,Dedicated Hunter,PREFERENCE_DEDICATED_HUNTER_DEER,MODELED_PREFERENCE,TARGET,True,Modeled by engine.utah_draw_predictive.dedicated_hunter.
hybrid_ml_v2.1.0,utah_preference_dedicated_hunter_deer_v1.0.0,2026,2026,DB1803,"Beaver, West",Deer,Buck,General Season,Dedicated Hunter,Nonresident,13,dedicated_hunter,4,4,,,,,0,0,0,0,1,1.000000,,,1.000000,,,100.000,,-13,0,ABOVE CUTOFF,YELLOW,GREEN LIGHT,2025,1,2025,2025,predictive,preference_dedicated_hunter_deer,TRUE,Forecasted from 2025 dedicated hunter ladder with residency quota split and preference carry-forward.,Dedicated Hunter,PREFERENCE_DEDICATED_HUNTER_DEER,MODELED_PREFERENCE,TARGET,True,Modeled by engine.utah_draw_predictive.dedicated_hunter.
hybrid_ml_v2.1.0,utah_preference_dedicated_hunter_deer_v1.0.0,2026,2026,DB1803,"Beaver, West",Deer,Buck,General Season,Dedicated Hunter,Nonresident,14,dedicated_hunter,4,4,,,,,0,0,0,0,1,1.000000,,,1.000000,,,100.000,,-14,0,ABOVE CUTOFF,YELLOW,GREEN LIGHT,2025,1,2025,2025,predictive,preference_dedicated_hunter_deer,TRUE,Forecasted from 2025 dedicated hunter ladder with residency quota split and preference carry-forward.,Dedicated Hunter,PREFERENCE_DEDICATED_HUNTER_DEER,MODELED_PREFERENCE,TARGET,True,Modeled by engine.utah_draw_predictive.dedicated_hunter.
hybrid_ml_v2.1.0,utah_preference_dedicated_hunter_deer_v1.0.0,2026,2026,DB1803,"Beaver, West",Deer,Buck,General Season,Dedicated Hunter,Nonresident,15,dedicated_hunter,4,4,,,,,0,0,0,0,1,1.000000,,,1.000000,,,100.000,,-15,0,ABOVE CUTOFF,YELLOW,GREEN LIGHT,2025,1,2025,2025,predictive,preference_dedicated_hunter_deer,TRUE,Forecasted from 2025 dedicated hunter ladder with residency quota split and preference carry-forward.,Dedicated Hunter,PREFERENCE_DEDICATED_HUNTER_DEER,MODELED_PREFERENCE,TARGET,True,Modeled by engine.utah_draw_predictive.dedicated_hunter.
hybrid_ml_v2.1.0,utah_preference_dedicated_hunter_deer_v1.0.0,2026,2026,DB1803,"Beaver, West",Deer,Buck,General Season,Dedicated Hunter,Nonresident,16,dedicated_hunter,4,4,,,,,0,0,0,0,1,1.000000,,,1.000000,,,100.000,,-16,0,ABOVE CUTOFF,YELLOW,GREEN LIGHT,2025,1,2025,2025,predictive,preference_dedicated_hunter_deer,TRUE,Forecasted from 2025 dedicated hunter ladder with residency quota split and preference carry-forward.,Dedicated Hunter,PREFERENCE_DEDICATED_HUNTER_DEER,MODELED_PREFERENCE,TARGET,True,Modeled by engine.utah_draw_predictive.dedicated_hunter.
hybrid_ml_v2.1.0,utah_preference_dedicated_hunter_deer_v1.0.0,2026,2026,DB1803,"Beaver, West",Deer,Buck,General Season,Dedicated Hunter,Nonresident,17,dedicated_hunter,4,4,,,,,0,0,0,0,1,1.000000,,,1.000000,,,100.000,,-17,0,ABOVE CUTOFF,YELLOW,GREEN LIGHT,2025,1,2025,2025,predictive,preference_dedicated_hunter_deer,TRUE,Forecasted from 2025 dedicated hunter ladder with residency quota split and preference carry-forward.,Dedicated Hunter,PREFERENCE_DEDICATED_HUNTER_DEER,MODELED_PREFERENCE,TARGET,True,Modeled by engine.utah_draw_predictive.dedicated_hunter.
hybrid_ml_v2.1.0,utah_preference_dedicated_hunter_deer_v1.0.0,2026,2026,DB1803,"Beaver, West",Deer,Buck,General Season,Dedicated Hunter,Nonresident,18,dedicated_hunter,4,4,,,,,0,0,0,0,1,1.000000,,,1.000000,,,100.000,,-18,0,ABOVE CUTOFF,YELLOW,GREEN LIGHT,2025,1,2025,2025,predictive,preference_dedicated_hunter_deer,TRUE,Forecasted from 2025 dedicated hunter ladder with residency quota split and preference carry-forward.,Dedicated Hunter,PREFERENCE_DEDICATED_HUNTER_DEER,MODELED_PREFERENCE,TARGET,True,Modeled by engine.utah_draw_predictive.dedicated_hunter.
hybrid_ml_v2.1.0,utah_preference_dedicated_hunter_deer_v1.0.0,2026,2026,DB1803,"Beaver, West",Deer,Buck,General Season,Dedicated Hunter,Nonresident,19,dedicated_hunter,4,4,,,,,0,0,0,0,1,1.000000,,,1.000000,,,100.000,,-19,0,ABOVE CUTOFF,YELLOW,GREEN LIGHT,2025,1,2025,2025,predictive,preference_dedicated_hunter_deer,TRUE,Forecasted from 2025 dedicated hunter ladder with residency quota split and preference carry-forward.,Dedicated Hunter,PREFERENCE_DEDICATED_HUNTER_DEER,MODELED_PREFERENCE,TARGET,True,Modeled by engine.utah_draw_predictive.dedicated_hunter.
hybrid_ml_v2.1.0,utah_preference_dedicated_hunter_deer_v1.0.0,2026,2026,DB1803,"Beaver, West",Deer,Buck,General Season,Dedicated Hunter,Nonresident,20,dedicated_hunter,4,4,,,,,0,0,0,0,1,1.000000,,,1.000000,,,100.000,,-20,0,ABOVE CUTOFF,YELLOW,GREEN LIGHT,2025,1,2025,2025,predictive,preference_dedicated_hunter_deer,TRUE,Forecasted from 2025 dedicated hunter ladder with residency quota split and preference carry-forward.,Dedicated Hunter,PREFERENCE_DEDICATED_HUNTER_DEER,MODELED_PREFERENCE,TARGET,True,Modeled by engine.utah_draw_predictive.dedicated_hunter.
hybrid_ml_v2.1.0,utah_preference_dedicated_hunter_deer_v1.0.0,2026,2026,DB1803,"Beaver, West",Deer,Buck,General Season,Dedicated Hunter,Nonresident,21,dedicated_hunter,4,4,,,,,0,0,0,0,1,1.000000,,,1.000000,,,100.000,,-21,0,ABOVE CUTOFF,YELLOW,GREEN LIGHT,2025,1,2025,2025,predictive,preference_dedicated_hunter_deer,TRUE,Forecasted from 2025 dedicated hunter ladder with residency quota split and preference carry-forward.,Dedicated Hunter,PREFERENCE_DEDICATED_HUNTER_DEER,MODELED_PREFERENCE,TARGET,True,Modeled by engine.utah_draw_predictive.dedicated_hunter.
hybrid_ml_v2.1.0,utah_preference_dedicated_hunter_deer_v1.0.0,2026,2026,DB1803,"Beaver, West",Deer,Buck,General Season,Dedicated Hunter,Nonresident,22,dedicated_hunter,4,4,,,,,0,0,0,0,1,1.000000,,,1.000000,,,100.000,,-22,0,ABOVE CUTOFF,YELLOW,GREEN LIGHT,2025,1,2025,2025,predictive,preference_dedicated_hunter_deer,TRUE,Forecasted from 2025 dedicated hunter ladder with residency quota split and preference carry-forward.,Dedicated Hunter,PREFERENCE_DEDICATED_HUNTER_DEER,MODELED_PREFERENCE,TARGET,True,Modeled by engine.utah_draw_predictive.dedicated_hunter.
hybrid_ml_v2.1.0,utah_preference_dedicated_hunter_deer_v1.0.0,2026,2026,DB1803,"Beaver, West",Deer,Buck,General Season,Dedicated Hunter,Nonresident,23,dedicated_hunter,4,4,,,,,0,0,0,0,1,1.000000,,,1.000000,,,100.000,,-23,0,ABOVE CUTOFF,YELLOW,GREEN LIGHT,2025,1,2025,2025,predictive,preference_dedicated_hunter_deer,TRUE,Forecasted from 2025 dedicated hunter ladder with residency quota split and preference carry-forward.,Dedicated Hunter,PREFERENCE_DEDICATED_HUNTER_DEER,MODELED_PREFERENCE,TARGET,True,Modeled by engine.utah_draw_predictive.dedicated_hunter.
hybrid_ml_v2.1.0,utah_preference_dedicated_hunter_deer_v1.0.0,2026,2026,DB1803,"Beaver, West",Deer,Buck,General Season,Dedicated Hunter,Nonresident,24,dedicated_hunter,4,4,,,,,0,0,0,0,1,1.000000,,,1.000000,,,100.000,,-24,0,ABOVE CUTOFF,YELLOW,GREEN LIGHT,2025,1,2025,2025,predictive,preference_dedicated_hunter_deer,TRUE,Forecasted from 2025 dedicated hunter ladder with residency quota split and preference carry-forward.,Dedicated Hunter,PREFERENCE_DEDICATED_HUNTER_DEER,MODELED_PREFERENCE,TARGET,True,Modeled by engine.utah_draw_predictive.dedicated_hunter.
hybrid_ml_v2.1.0,utah_preference_dedicated_hunter_deer_v1.0.0,2026,2026,DB1803,"Beaver, West",Deer,Buck,General Season,Dedicated Hunter,Resident,0,dedicated_hunter,30,36,,,,,0,0,1,12,12,1.000000,,,1.000000,,,100.000,,0,0,ABOVE CUTOFF,YELLOW,GREEN LIGHT,2025,1,2025,2025,predictive,preference_dedicated_hunter_deer,TRUE,Forecasted from 2025 dedicated hunter ladder with residency quota split and preference carry-forward.,Dedicated Hunter,PREFERENCE_DEDICATED_HUNTER_DEER,MODELED_PREFERENCE,TARGET,True,Modeled by engine.utah_draw_predictive.dedicated_hunter.
hybrid_ml_v2.1.0,utah_preference_dedicated_hunter_deer_v1.0.0,2026,2026,DB1803,"Beaver, West",Deer,Buck,General Season,Dedicated Hunter,Resident,1,dedicated_hunter,30,36,,,,,0,0,0,1,1,1.000000,,,1.000000,,,100.000,,-1,0,ABOVE CUTOFF,YELLOW,GREEN LIGHT,2025,1,2025,2025,predictive,preference_dedicated_hunter_deer,TRUE,Forecasted from 2025 dedicated hunter ladder with residency quota split and preference carry-forward.,Dedicated Hunter,PREFERENCE_DEDICATED_HUNTER_DEER,MODELED_PREFERENCE,TARGET,True,Modeled by engine.utah_draw_predictive.dedicated_hunter.
hybrid_ml_v2.1.0,utah_preference_dedicated_hunter_deer_v1.0.0,2026,2026,DB1803,"Beaver, West",Deer,Buck,General Season,Dedicated Hunter,Resident,2,dedicated_hunter,30,36,,,,,0,0,0,0,1,1.000000,,,1.000000,,,100.000,,-2,0,ABOVE CUTOFF,YELLOW,GREEN LIGHT,2025,1,2025,2025,predictive,preference_dedicated_hunter_deer,TRUE,Forecasted from 2025 dedicated hunter ladder with residency quota split and preference carry-forward.,Dedicated Hunter,PREFERENCE_DEDICATED_HUNTER_DEER,MODELED_PREFERENCE,TARGET,True,Modeled by engine.utah_draw_predictive.dedicated_hunter.
hybrid_ml_v2.1.0,utah_preference_dedicated_hunter_deer_v1.0.0,2026,2026,DB1803,"Beaver, West",Deer,Buck,General Season,Dedicated Hunter,Resident,3,dedicated_hunter,30,36,,,,,0,0,0,0,1,1.000000,,,1.000000,,,100.000,,-3,0,ABOVE CUTOFF,YELLOW,GREEN LIGHT,2025,1,2025,2025,predictive,preference_dedicated_hunter_deer,TRUE,Forecasted from 2025 dedicated hunter ladder with residency quota split and preference carry-forward.,Dedicated Hunter,PREFERENCE_DEDICATED_HUNTER_DEER,MODELED_PREFERENCE,TARGET,True,Modeled by engine.utah_draw_predictive.dedicated_hunter.
hybrid_ml_v2.1.0,utah_preference_dedicated_hunter_deer_v1.0.0,2026,2026,DB1803,"Beaver, West",Deer,Buck,General Season,Dedicated Hunter,Resident,4,dedicated_hunter,30,36,,,,,0,0,0,0,1,1.000000,,,1.000000,,,100.000,,-4,0,ABOVE CUTOFF,YELLOW,GREEN LIGHT,2025,1,2025,2025,predictive,preference_dedicated_hunter_deer,TRUE,Forecasted from 2025 dedicated hunter ladder with residency quota split and preference carry-forward.,Dedicated Hunter,PREFERENCE_DEDICATED_HUNTER_DEER,MODELED_PREFERENCE,TARGET,True,Modeled by engine.utah_draw_predictive.dedicated_hunter.
hybrid_ml_v2.1.0,utah_preference_dedicated_hunter_deer_v1.0.0,2026,2026,DB1803,"Beaver, West",Deer,Buck,General Season,Dedicated Hunter,Resident,5,dedicated_hunter,30,36,,,,,0,0,0,0,1,1.000000,,,1.000000,,,100.000,,-5,0,ABOVE CUTOFF,YELLOW,GREEN LIGHT,2025,1,2025,2025,predictive,preference_dedicated_hunter_deer,TRUE,Forecasted from 2025 dedicated hunter ladder with residency quota split and preference carry-forward.,Dedicated Hunter,PREFERENCE_DEDICATED_HUNTER_DEER,MODELED_PREFERENCE,TARGET,True,Modeled by engine.utah_draw_predictive.dedicated_hunter.
hybrid_ml_v2.1.0,utah_preference_dedicated_hunter_deer_v1.0.0,2026,2026,DB1803,"Beaver, West",Deer,Buck,General Season,Dedicated Hunter,Resident,6,dedicated_hunter,30,36,,,,,0,0,0,0,1,1.000000,,,1.000000,,,100.000,,-6,0,ABOVE CUTOFF,YELLOW,GREEN LIGHT,2025,1,2025,2025,predictive,preference_dedicated_hunter_deer,TRUE,Forecasted from 2025 dedicated hunter ladder with residency quota split and preference carry-forward.,Dedicated Hunter,PREFERENCE_DEDICATED_HUNTER_DEER,MODELED_PREFERENCE,TARGET,True,Modeled by engine.utah_draw_predictive.dedicated_hunter.
hybrid_ml_v2.1.0,utah_preference_dedicated_hunter_deer_v1.0.0,2026,2026,DB1803,"Beaver, West",Deer,Buck,General Season,Dedicated Hunter,Resident,7,dedicated_hunter,30,36,,,,,0,0,0,0,1,1.000000,,,1.000000,,,100.000,,-7,0,ABOVE CUTOFF,YELLOW,GREEN LIGHT,2025,1,2025,2025,predictive,preference_dedicated_hunter_deer,TRUE,Forecasted from 2025 dedicated hunter ladder with residency quota split and preference carry-forward.,Dedicated Hunter,PREFERENCE_DEDICATED_HUNTER_DEER,MODELED_PREFERENCE,TARGET,True,Modeled by engine.utah_draw_predictive.dedicated_hunter.
hybrid_ml_v2.1.0,utah_preference_dedicated_hunter_deer_v1.0.0,2026,2026,DB1803,"Beaver, West",Deer,Buck,General Season,Dedicated Hunter,Resident,8,dedicated_hunter,30,36,,,,,0,0,0,0,1,1.000000,,,1.000000,,,100.000,,-8,0,ABOVE CUTOFF,YELLOW,GREEN LIGHT,2025,1,2025,2025,predictive,preference_dedicated_hunter_deer,TRUE,Forecasted from 2025 dedicated hunter ladder with residency quota split and preference carry-forward.,Dedicated Hunter,PREFERENCE_DEDICATED_HUNTER_DEER,MODELED_PREFERENCE,TARGET,True,Modeled by engine.utah_draw_predictive.dedicated_hunter.
hybrid_ml_v2.1.0,utah_preference_dedicated_hunter_deer_v1.0.0,2026,2026,DB1803,"Beaver, West",Deer,Buck,General Season,Dedicated Hunter,Resident,9,dedicated_hunter,30,36,,,,,0,0,0,0,1,1.000000,,,1.000000,,,100.000,,-9,0,ABOVE CUTOFF,YELLOW,GREEN LIGHT,2025,1,2025,2025,predictive,preference_dedicated_hunter_deer,TRUE,Forecasted from 2025 dedicated hunter ladder with residency quota split and preference carry-forward.,Dedicated Hunter,PREFERENCE_DEDICATED_HUNTER_DEER,MODELED_PREFERENCE,TARGET,True,Modeled by engine.utah_draw_predictive.dedicated_hunter.
hybrid_ml_v2.1.0,utah_preference_dedicated_hunter_deer_v1.0.0,2026,2026,DB1803,"Beaver, West",Deer,Buck,General Season,Dedicated Hunter,Resident,10,dedicated_hunter,30,36,,,,,0,0,0,0,1,1.000000,,,1.000000,,,100.000,,-10,0,ABOVE CUTOFF,YELLOW,GREEN LIGHT,2025,1,2025,2025,predictive,preference_dedicated_hunter_deer,TRUE,Forecasted from 2025 dedicated hunter ladder with residency quota split and preference carry-forward.,Dedicated Hunter,PREFERENCE_DEDICATED_HUNTER_DEER,MODELED_PREFERENCE,TARGET,True,Modeled by engine.utah_draw_predictive.dedicated_hunter.
hybrid_ml_v2.1.0,utah_preference_dedicated_hunter_deer_v1.0.0,2026,2026,DB1803,"Beaver, West",Deer,Buck,General Season,Dedicated Hunter,Resident,11,dedicated_hunter,30,36,,,,,0,0,0,0,1,1.000000,,,1.000000,,,100.000,,-11,0,ABOVE CUTOFF,YELLOW,GREEN LIGHT,2025,1,2025,2025,predictive,preference_dedicated_hunter_deer,TRUE,Forecasted from 2025 dedicated hunter ladder with residency quota split and preference carry-forward.,Dedicated Hunter,PREFERENCE_DEDICATED_HUNTER_DEER,MODELED_PREFERENCE,TARGET,True,Modeled by engine.utah_draw_predictive.dedicated_hunter.
hybrid_ml_v2.1.0,utah_preference_dedicated_hunter_deer_v1.0.0,2026,2026,DB1803,"Beaver, West",Deer,Buck,General Season,Dedicated Hunter,Resident,12,dedicated_hunter,30,36,,,,,0,0,0,0,1,1.000000,,,1.000000,,,100.000,,-12,0,ABOVE CUTOFF,YELLOW,GREEN LIGHT,2025,1,2025,2025,predictive,preference_dedicated_hunter_deer,TRUE,Forecasted from 2025 dedicated hunter ladder with residency quota split and preference carry-forward.,Dedicated Hunter,PREFERENCE_DEDICATED_HUNTER_DEER,MODELED_PREFERENCE,TARGET,True,Modeled by engine.utah_draw_predictive.dedicated_hunter.
hybrid_ml_v2.1.0,utah_preference_dedicated_hunter_deer_v1.0.0,2026,2026,DB1803,"Beaver, West",Deer,Buck,General Season,Dedicated Hunter,Resident,13,dedicated_hunter,30,36,,,,,0,0,0,0,1,1.000000,,,1.000000,,,100.000,,-13,0,ABOVE CUTOFF,YELLOW,GREEN LIGHT,2025,1,2025,2025,predictive,preference_dedicated_hunter_deer,TRUE,Forecasted from 2025 dedicated hunter ladder with residency quota split and preference carry-forward.,Dedicated Hunter,PREFERENCE_DEDICATED_HUNTER_DEER,MODELED_PREFERENCE,TARGET,True,Modeled by engine.utah_draw_predictive.dedicated_hunter.
hybrid_ml_v2.1.0,utah_preference_dedicated_hunter_deer_v1.0.0,2026,2026,DB1803,"Beaver, West",Deer,Buck,General Season,Dedicated Hunter,Resident,14,dedicated_hunter,30,36,,,,,0,0,0,0,1,1.000000,,,1.000000,,,100.000,,-14,0,ABOVE CUTOFF,YELLOW,GREEN LIGHT,2025,1,2025,2025,predictive,preference_dedicated_hunter_deer,TRUE,Forecasted from 2025 dedicated hunter ladder with residency quota split and preference carry-forward.,Dedicated Hunter,PREFERENCE_DEDICATED_HUNTER_DEER,MODELED_PREFERENCE,TARGET,True,Modeled by engine.utah_draw_predictive.dedicated_hunter.
hybrid_ml_v2.1.0,utah_preference_dedicated_hunter_deer_v1.0.0,2026,2026,DB1803,"Beaver, West",Deer,Buck,General Season,Dedicated Hunter,Resident,15,dedicated_hunter,30,36,,,,,0,0,0,0,1,1.000000,,,1.000000,,,100.000,,-15,0,ABOVE CUTOFF,YELLOW,GREEN LIGHT,2025,1,2025,2025,predictive,preference_dedicated_hunter_deer,TRUE,Forecasted from 2025 dedicated hunter ladder with residency quota split and preference carry-forward.,Dedicated Hunter,PREFERENCE_DEDICATED_HUNTER_DEER,MODELED_PREFERENCE,TARGET,True,Modeled by engine.utah_draw_predictive.dedicated_hunter.
hybrid_ml_v2.1.0,utah_preference_dedicated_hunter_deer_v1.0.0,2026,2026,DB1803,"Beaver, West",Deer,Buck,General Season,Dedicated Hunter,Resident,16,dedicated_hunter,30,36,,,,,0,0,0,0,1,1.000000,,,1.000000,,,100.000,,-16,0,ABOVE CUTOFF,YELLOW,GREEN LIGHT,2025,1,2025,2025,predictive,preference_dedicated_hunter_deer,TRUE,Forecasted from 2025 dedicated hunter ladder with residency quota split and preference carry-forward.,Dedicated Hunter,PREFERENCE_DEDICATED_HUNTER_DEER,MODELED_PREFERENCE,TARGET,True,Modeled by engine.utah_draw_predictive.dedicated_hunter.
hybrid_ml_v2.1.0,utah_preference_dedicated_hunter_deer_v1.0.0,2026,2026,DB1803,"Beaver, West",Deer,Buck,General Season,Dedicated Hunter,Resident,17,dedicated_hunter,30,36,,,,,0,0,0,0,1,1.000000,,,1.000000,,,100.000,,-17,0,ABOVE CUTOFF,YELLOW,GREEN LIGHT,2025,1,2025,2025,predictive,preference_dedicated_hunter_deer,TRUE,Forecasted from 2025 dedicated hunter ladder with residency quota split and preference carry-forward.,Dedicated Hunter,PREFERENCE_DEDICATED_HUNTER_DEER,MODELED_PREFERENCE,TARGET,True,Modeled by engine.utah_draw_predictive.dedicated_hunter.
hybrid_ml_v2.1.0,utah_preference_dedicated_hunter_deer_v1.0.0,2026,2026,DB1803,"Beaver, West",Deer,Buck,General Season,Dedicated Hunter,Resident,18,dedicated_hunter,30,36,,,,,0,0,0,0,1,1.000000,,,1.000000,,,100.000,,-18,0,ABOVE CUTOFF,YELLOW,GREEN LIGHT,2025,1,2025,2025,predictive,preference_dedicated_hunter_deer,TRUE,Forecasted from 2025 dedicated hunter ladder with residency quota split and preference carry-forward.,Dedicated Hunter,PREFERENCE_DEDICATED_HUNTER_DEER,MODELED_PREFERENCE,TARGET,True,Modeled by engine.utah_draw_predictive.dedicated_hunter.
hybrid_ml_v2.1.0,utah_preference_dedicated_hunter_deer_v1.0.0,2026,2026,DB1803,"Beaver, West",Deer,Buck,General Season,Dedicated Hunter,Resident,19,dedicated_hunter,30,36,,,,,0,0,0,0,1,1.000000,,,1.000000,,,100.000,,-19,0,ABOVE CUTOFF,YELLOW,GREEN LIGHT,2025,1,2025,2025,predictive,preference_dedicated_hunter_deer,TRUE,Forecasted from 2025 dedicated hunter ladder with residency quota split and preference carry-forward.,Dedicated Hunter,PREFERENCE_DEDICATED_HUNTER_DEER,MODELED_PREFERENCE,TARGET,True,Modeled by engine.utah_draw_predictive.dedicated_hunter.
hybrid_ml_v2.1.0,utah_preference_dedicated_hunter_deer_v1.0.0,2026,2026,DB1803,"Beaver, West",Deer,Buck,General Season,Dedicated Hunter,Resident,20,dedicated_hunter,30,36,,,,,0,0,0,0,1,1.000000,,,1.000000,,,100.000,,-20,0,ABOVE CUTOFF,YELLOW,GREEN LIGHT,2025,1,2025,2025,predictive,preference_dedicated_hunter_deer,TRUE,Forecasted from 2025 dedicated hunter ladder with residency quota split and preference carry-forward.,Dedicated Hunter,PREFERENCE_DEDICATED_HUNTER_DEER,MODELED_PREFERENCE,TARGET,True,Modeled by engine.utah_draw_predictive.dedicated_hunter.
hybrid_ml_v2.1.0,utah_preference_dedicated_hunter_deer_v1.0.0,2026,2026,DB1803,"Beaver, West",Deer,Buck,General Season,Dedicated Hunter,Resident,21,dedicated_hunter,30,36,,,,,0,0,0,0,1,1.000000,,,1.000000,,,100.000,,-21,0,ABOVE CUTOFF,YELLOW,GREEN LIGHT,2025,1,2025,2025,predictive,preference_dedicated_hunter_deer,TRUE,Forecasted from 2025 dedicated hunter ladder with residency quota split and preference carry-forward.,Dedicated Hunter,PREFERENCE_DEDICATED_HUNTER_DEER,MODELED_PREFERENCE,TARGET,True,Modeled by engine.utah_draw_predictive.dedicated_hunter.
hybrid_ml_v2.1.0,utah_preference_dedicated_hunter_deer_v1.0.0,2026,2026,DB1803,"Beaver, West",Deer,Buck,General Season,Dedicated Hunter,Resident,22,dedicated_hunter,30,36,,,,,0,0,0,0,1,1.000000,,,1.000000,,,100.000,,-22,0,ABOVE CUTOFF,YELLOW,GREEN LIGHT,2025,1,2025,2025,predictive,preference_dedicated_hunter_deer,TRUE,Forecasted from 2025 dedicated hunter ladder with residency quota split and preference carry-forward.,Dedicated Hunter,PREFERENCE_DEDICATED_HUNTER_DEER,MODELED_PREFERENCE,TARGET,True,Modeled by engine.utah_draw_predictive.dedicated_hunter.
hybrid_ml_v2.1.0,utah_preference_dedicated_hunter_deer_v1.0.0,2026,2026,DB1803,"Beaver, West",Deer,Buck,General Season,Dedicated Hunter,Resident,23,dedicated_hunter,30,36,,,,,0,0,0,0,1,1.000000,,,1.000000,,,100.000,,-23,0,ABOVE CUTOFF,YELLOW,GREEN LIGHT,2025,1,2025,2025,predictive,preference_dedicated_hunter_deer,TRUE,Forecasted from 2025 dedicated hunter ladder with residency quota split and preference carry-forward.,Dedicated Hunter,PREFERENCE_DEDICATED_HUNTER_DEER,MODELED_PREFERENCE,TARGET,True,Modeled by engine.utah_draw_predictive.dedicated_hunter.
hybrid_ml_v2.1.0,utah_preference_dedicated_hunter_deer_v1.0.0,2026,2026,DB1803,"Beaver, West",Deer,Buck,General Season,Dedicated Hunter,Resident,24,dedicated_hunter,30,36,,,,,0,0,0,0,1,1.000000,,,1.000000,,,100.000,,-24,0,ABOVE CUTOFF,YELLOW,GREEN LIGHT,2025,1,2025,2025,predictive,preference_dedicated_hunter_deer,TRUE,Forecasted from 2025 dedicated hunter ladder with residency quota split and preference carry-forward.,Dedicated Hunter,PREFERENCE_DEDICATED_HUNTER_DEER,MODELED_PREFERENCE,TARGET,True,Modeled by engine.utah_draw_predictive.dedicated_hunter.
hybrid_ml_v2.1.0,utah_preference_dedicated_hunter_deer_v1.0.0,2026,2026,DB1804,Cedar/Stansbury,Deer,Buck,General Season,Dedicated Hunter,Nonresident,0,dedicated_hunter,2,2,,,,,0,0,0,1,1,1.000000,,,1.000000,,,100.000,,0,0,ABOVE CUTOFF,YELLOW,GREEN LIGHT,2025,1,2025,2025,predictive,preference_dedicated_hunter_deer,TRUE,Forecasted from 2025 dedicated hunter ladder with residency quota split and preference carry-forward.,Dedicated Hunter,PREFERENCE_DEDICATED_HUNTER_DEER,MODELED_PREFERENCE,TARGET,True,Modeled by engine.utah_draw_predictive.dedicated_hunter.
hybrid_ml_v2.1.0,utah_preference_dedicated_hunter_deer_v1.0.0,2026,2026,DB1804,Cedar/Stansbury,Deer,Buck,General Season,Dedicated Hunter,Nonresident,1,dedicated_hunter,2,2,,,,,0,0,0,0,1,1.000000,,,1.000000,,,100.000,,-1,0,ABOVE CUTOFF,YELLOW,GREEN LIGHT,2025,1,2025,2025,predictive,preference_dedicated_hunter_deer,TRUE,Forecasted from 2025 dedicated hunter ladder with residency quota split and preference carry-forward.,Dedicated Hunter,PREFERENCE_DEDICATED_HUNTER_DEER,MODELED_PREFERENCE,TARGET,True,Modeled by engine.utah_draw_predictive.dedicated_hunter.
hybrid_ml_v2.1.0,utah_preference_dedicated_hunter_deer_v1.0.0,2026,2026,DB1804,Cedar/Stansbury,Deer,Buck,General Season,Dedicated Hunter,Nonresident,2,dedicated_hunter,2,2,,,,,0,0,0,0,1,1.000000,,,1.000000,,,100.000,,-2,0,ABOVE CUTOFF,YELLOW,GREEN LIGHT,2025,1,2025,2025,predictive,preference_dedicated_hunter_deer,TRUE,Forecasted from 2025 dedicated hunter ladder with residency quota split and preference carry-forward.,Dedicated Hunter,PREFERENCE_DEDICATED_HUNTER_DEER,MODELED_PREFERENCE,TARGET,True,Modeled by engine.utah_draw_predictive.dedicated_hunter.
hybrid_ml_v2.1.0,utah_preference_dedicated_hunter_deer_v1.0.0,2026,2026,DB1804,Cedar/Stansbury,Deer,Buck,General Season,Dedicated Hunter,Nonresident,3,dedicated_hunter,2,2,,,,,0,0,0,0,1,1.000000,,,1.000000,,,100.000,,-3,0,ABOVE CUTOFF,YELLOW,GREEN LIGHT,2025,1,2025,2025,predictive,preference_dedicated_hunter_deer,TRUE,Forecasted from 2025 dedicated hunter ladder with residency quota split and preference carry-forward.,Dedicated Hunter,PREFERENCE_DEDICATED_HUNTER_DEER,MODELED_PREFERENCE,TARGET,True,Modeled by engine.utah_draw_predictive.dedicated_hunter.
hybrid_ml_v2.1.0,utah_preference_dedicated_hunter_deer_v1.0.0,2026,2026,DB1804,Cedar/Stansbury,Deer,Buck,General Season,Dedicated Hunter,Nonresident,4,dedicated_hunter,2,2,,,,,0,0,0,0,1,1.000000,,,1.000000,,,100.000,,-4,0,ABOVE CUTOFF,YELLOW,GREEN LIGHT,2025,1,2025,2025,predictive,preference_dedicated_hunter_deer,TRUE,Forecasted from 2025 dedicated hunter ladder with residency quota split and preference carry-forward.,Dedicated Hunter,PREFERENCE_DEDICATED_HUNTER_DEER,MODELED_PREFERENCE,TARGET,True,Modeled by engine.utah_draw_predictive.dedicated_hunter.
hybrid_ml_v2.1.0,utah_preference_dedicated_hunter_deer_v1.0.0,2026,2026,DB1804,Cedar/Stansbury,Deer,Buck,General Season,Dedicated Hunter,Nonresident,5,dedicated_hunter,2,2,,,,,0,0,0,0,1,1.000000,,,1.000000,,,100.000,,-5,0,ABOVE CUTOFF,YELLOW,GREEN LIGHT,2025,1,2025,2025,predictive,preference_dedicated_hunter_deer,TRUE,Forecasted from 2025 dedicated hunter ladder with residency quota split and preference carry-forward.,Dedicated Hunter,PREFERENCE_DEDICATED_HUNTER_DEER,MODELED_PREFERENCE,TARGET,True,Modeled by engine.utah_draw_predictive.dedicated_hunter.
hybrid_ml_v2.1.0,utah_preference_dedicated_hunter_deer_v1.0.0,2026,2026,DB1804,Cedar/Stansbury,Deer,Buck,General Season,Dedicated Hunter,Nonresident,6,dedicated_hunter,2,2,,,,,0,0,0,0,1,1.000000,,,1.000000,,,100.000,,-6,0,ABOVE CUTOFF,YELLOW,GREEN LIGHT,2025,1,2025,2025,predictive,preference_dedicated_hunter_deer,TRUE,Forecasted from 2025 dedicated hunter ladder with residency quota split and preference carry-forward.,Dedicated Hunter,PREFERENCE_DEDICATED_HUNTER_DEER,MODELED_PREFERENCE,TARGET,True,Modeled by engine.utah_draw_predictive.dedicated_hunter.
hybrid_ml_v2.1.0,utah_preference_dedicated_hunter_deer_v1.0.0,2026,2026,DB1804,Cedar/Stansbury,Deer,Buck,General Season,Dedicated Hunter,Nonresident,7,dedicated_hunter,2,2,,,,,0,0,0,0,1,1.000000,,,1.000000,,,100.000,,-7,0,ABOVE CUTOFF,YELLOW,GREEN LIGHT,2025,1,2025,2025,predictive,preference_dedicated_hunter_deer,TRUE,Forecasted from 2025 dedicated hunter ladder with residency quota split and preference carry-forward.,Dedicated Hunter,PREFERENCE_DEDICATED_HUNTER_DEER,MODELED_PREFERENCE,TARGET,True,Modeled by engine.utah_draw_predictive.dedicated_hunter.
hybrid_ml_v2.1.0,utah_preference_dedicated_hunter_deer_v1.0.0,2026,2026,DB1804,Cedar/Stansbury,Deer,Buck,General Season,Dedicated Hunter,Nonresident,8,dedicated_hunter,2,2,,,,,0,0,0,0,1,1.000000,,,1.000000,,,100.000,,-8,0,ABOVE CUTOFF,YELLOW,GREEN LIGHT,2025,1,2025,2025,predictive,preference_dedicated_hunter_deer,TRUE,Forecasted from 2025 dedicated hunter ladder with residency quota split and preference carry-forward.,Dedicated Hunter,PREFERENCE_DEDICATED_HUNTER_DEER,MODELED_PREFERENCE,TARGET,True,Modeled by engine.utah_draw_predictive.dedicated_hunter.
hybrid_ml_v2.1.0,utah_preference_dedicated_hunter_deer_v1.0.0,2026,2026,DB1804,Cedar/Stansbury,Deer,Buck,General Season,Dedicated Hunter,Nonresident,9,dedicated_hunter,2,2,,,,,0,0,0,0,1,1.000000,,,1.000000,,,100.000,,-9,0,ABOVE CUTOFF,YELLOW,GREEN LIGHT,2025,1,2025,2025,predictive,preference_dedicated_hunter_deer,TRUE,Forecasted from 2025 dedicated hunter ladder with residency quota split and preference carry-forward.,Dedicated Hunter,PREFERENCE_DEDICATED_HUNTER_DEER,MODELED_PREFERENCE,TARGET,True,Modeled by engine.utah_draw_predictive.dedicated_hunter.
hybrid_ml_v2.1.0,utah_preference_dedicated_hunter_deer_v1.0.0,2026,2026,DB1804,Cedar/Stansbury,Deer,Buck,General Season,Dedicated Hunter,Nonresident,10,dedicated_hunter,2,2,,,,,0,0,0,0,1,1.000000,,,1.000000,,,100.000,,-10,0,ABOVE CUTOFF,YELLOW,GREEN LIGHT,2025,1,2025,2025,predictive,preference_dedicated_hunter_deer,TRUE,Forecasted from 2025 dedicated hunter ladder with residency quota split and preference carry-forward.,Dedicated Hunter,PREFERENCE_DEDICATED_HUNTER_DEER,MODELED_PREFERENCE,TARGET,True,Modeled by engine.utah_draw_predictive.dedicated_hunter.
hybrid_ml_v2.1.0,utah_preference_dedicated_hunter_deer_v1.0.0,2026,2026,DB1804,Cedar/Stansbury,Deer,Buck,General Season,Dedicated Hunter,Nonresident,11,dedicated_hunter,2,2,,,,,0,0,0,0,1,1.000000,,,1.000000,,,100.000,,-11,0,ABOVE CUTOFF,YELLOW,GREEN LIGHT,2025,1,2025,2025,predictive,preference_dedicated_hunter_deer,TRUE,Forecasted from 2025 dedicated hunter ladder with residency quota split and preference carry-forward.,Dedicated Hunter,PREFERENCE_DEDICATED_HUNTER_DEER,MODELED_PREFERENCE,TARGET,True,Modeled by engine.utah_draw_predictive.dedicated_hunter.
hybrid_ml_v2.1.0,utah_preference_dedicated_hunter_deer_v1.0.0,2026,2026,DB1804,Cedar/Stansbury,Deer,Buck,General Season,Dedicated Hunter,Nonresident,12,dedicated_hunter,2,2,,,,,0,0,0,0,1,1.000000,,,1.000000,,,100.000,,-12,0,ABOVE CUTOFF,YELLOW,GREEN LIGHT,2025,1,2025,2025,predictive,preference_dedicated_hunter_deer,TRUE,Forecasted from 2025 dedicated hunter ladder with residency quota split and preference carry-forward.,Dedicated Hunter,PREFERENCE_DEDICATED_HUNTER_DEER,MODELED_PREFERENCE,TARGET,True,Modeled by engine.utah_draw_predictive.dedicated_hunter.
hybrid_ml_v2.1.0,utah_preference_dedicated_hunter_deer_v1.0.0,2026,2026,DB1804,Cedar/Stansbury,Deer,Buck,General Season,Dedicated Hunter,Nonresident,13,dedicated_hunter,2,2,,,,,0,0,0,0,1,1.000000,,,1.000000,,,100.000,,-13,0,ABOVE CUTOFF,YELLOW,GREEN LIGHT,2025,1,2025,2025,predictive,preference_dedicated_hunter_deer,TRUE,Forecasted from 2025 dedicated hunter ladder with residency quota split and preference carry-forward.,Dedicated Hunter,PREFERENCE_DEDICATED_HUNTER_DEER,MODELED_PREFERENCE,TARGET,True,Modeled by engine.utah_draw_predictive.dedicated_hunter.
hybrid_ml_v2.1.0,utah_preference_dedicated_hunter_deer_v1.0.0,2026,2026,DB1804,Cedar/Stansbury,Deer,Buck,General Season,Dedicated Hunter,Nonresident,14,dedicated_hunter,2,2,,,,,0,0,0,0,1,1.000000,,,1.000000,,,100.000,,-14,0,ABOVE CUTOFF,YELLOW,GREEN LIGHT,2025,1,2025,2025,predictive,preference_dedicated_hunter_deer,TRUE,Forecasted from 2025 dedicated hunter ladder with residency quota split and preference carry-forward.,Dedicated Hunter,PREFERENCE_DEDICATED_HUNTER_DEER,MODELED_PREFERENCE,TARGET,True,Modeled by engine.utah_draw_predictive.dedicated_hunter.
hybrid_ml_v2.1.0,utah_preference_dedicated_hunter_deer_v1.0.0,2026,2026,DB1804,Cedar/Stansbury,Deer,Buck,General Season,Dedicated Hunter,Nonresident,15,dedicated_hunter,2,2,,,,,0,0,0,0,1,1.000000,,,1.000000,,,100.000,,-15,0,ABOVE CUTOFF,YELLOW,GREEN LIGHT,2025,1,2025,2025,predictive,preference_dedicated_hunter_deer,TRUE,Forecasted from 2025 dedicated hunter ladder with residency quota split and preference carry-forward.,Dedicated Hunter,PREFERENCE_DEDICATED_HUNTER_DEER,MODELED_PREFERENCE,TARGET,True,Modeled by engine.utah_draw_predictive.dedicated_hunter.
hybrid_ml_v2.1.0,utah_preference_dedicated_hunter_deer_v1.0.0,2026,2026,DB1804,Cedar/Stansbury,Deer,Buck,General Season,Dedicated Hunter,Nonresident,16,dedicated_hunter,2,2,,,,,0,0,0,0,1,1.000000,,,1.000000,,,100.000,,-16,0,ABOVE CUTOFF,YELLOW,GREEN LIGHT,2025,1,2025,2025,predictive,preference_dedicated_hunter_deer,TRUE,Forecasted from 2025 dedicated hunter ladder with residency quota split and preference carry-forward.,Dedicated Hunter,PREFERENCE_DEDICATED_HUNTER_DEER,MODELED_PREFERENCE,TARGET,True,Modeled by engine.utah_draw_predictive.dedicated_hunter.
hybrid_ml_v2.1.0,utah_preference_dedicated_hunter_deer_v1.0.0,2026,2026,DB1804,Cedar/Stansbury,Deer,Buck,General Season,Dedicated Hunter,Nonresident,17,dedicated_hunter,2,2,,,,,0,0,0,0,1,1.000000,,,1.000000,,,100.000,,-17,0,ABOVE CUTOFF,YELLOW,GREEN LIGHT,2025,1,2025,2025,predictive,preference_dedicated_hunter_deer,TRUE,Forecasted from 2025 dedicated hunter ladder with residency quota split and preference carry-forward.,Dedicated Hunter,PREFERENCE_DEDICATED_HUNTER_DEER,MODELED_PREFERENCE,TARGET,True,Modeled by engine.utah_draw_predictive.dedicated_hunter.
hybrid_ml_v2.1.0,utah_preference_dedicated_hunter_deer_v1.0.0,2026,2026,DB1804,Cedar/Stansbury,Deer,Buck,General Season,Dedicated Hunter,Nonresident,18,dedicated_hunter,2,2,,,,,0,0,0,0,1,1.000000,,,1.000000,,,100.000,,-18,0,ABOVE CUTOFF,YELLOW,GREEN LIGHT,2025,1,2025,2025,predictive,preference_dedicated_hunter_deer,TRUE,Forecasted from 2025 dedicated hunter ladder with residency quota split and preference carry-forward.,Dedicated Hunter,PREFERENCE_DEDICATED_HUNTER_DEER,MODELED_PREFERENCE,TARGET,True,Modeled by engine.utah_draw_predictive.dedicated_hunter.
hybrid_ml_v2.1.0,utah_preference_dedicated_hunter_deer_v1.0.0,2026,2026,DB1804,Cedar/Stansbury,Deer,Buck,General Season,Dedicated Hunter,Nonresident,19,dedicated_hunter,2,2,,,,,0,0,0,0,1,1.000000,,,1.000000,,,100.000,,-19,0,ABOVE CUTOFF,YELLOW,GREEN LIGHT,2025,1,2025,2025,predictive,preference_dedicated_hunter_deer,TRUE,Forecasted from 2025 dedicated hunter ladder with residency quota split and preference carry-forward.,Dedicated Hunter,PREFERENCE_DEDICATED_HUNTER_DEER,MODELED_PREFERENCE,TARGET,True,Modeled by engine.utah_draw_predictive.dedicated_hunter.
hybrid_ml_v2.1.0,utah_preference_dedicated_hunter_deer_v1.0.0,2026,2026,DB1804,Cedar/Stansbury,Deer,Buck,General Season,Dedicated Hunter,Nonresident,20,dedicated_hunter,2,2,,,,,0,0,0,0,1,1.000000,,,1.000000,,,100.000,,-20,0,ABOVE CUTOFF,YELLOW,GREEN LIGHT,2025,1,2025,2025,predictive,preference_dedicated_hunter_deer,TRUE,Forecasted from 2025 dedicated hunter ladder with residency quota split and preference carry-forward.,Dedicated Hunter,PREFERENCE_DEDICATED_HUNTER_DEER,MODELED_PREFERENCE,TARGET,True,Modeled by engine.utah_draw_predictive.dedicated_hunter.
hybrid_ml_v2.1.0,utah_preference_dedicated_hunter_deer_v1.0.0,2026,2026,DB1804,Cedar/Stansbury,Deer,Buck,General Season,Dedicated Hunter,Nonresident,21,dedicated_hunter,2,2,,,,,0,0,0,0,1,1.000000,,,1.000000,,,100.000,,-21,0,ABOVE CUTOFF,YELLOW,GREEN LIGHT,2025,1,2025,2025,predictive,preference_dedicated_hunter_deer,TRUE,Forecasted from 2025 dedicated hunter ladder with residency quota split and preference carry-forward.,Dedicated Hunter,PREFERENCE_DEDICATED_HUNTER_DEER,MODELED_PREFERENCE,TARGET,True,Modeled by engine.utah_draw_predictive.dedicated_hunter.
hybrid_ml_v2.1.0,utah_preference_dedicated_hunter_deer_v1.0.0,2026,2026,DB1804,Cedar/Stansbury,Deer,Buck,General Season,Dedicated Hunter,Nonresident,22,dedicated_hunter,2,2,,,,,0,0,0,0,1,1.000000,,,1.000000,,,100.000,,-22,0,ABOVE CUTOFF,YELLOW,GREEN LIGHT,2025,1,2025,2025,predictive,preference_dedicated_hunter_deer,TRUE,Forecasted from 2025 dedicated hunter ladder with residency quota split and preference carry-forward.,Dedicated Hunter,PREFERENCE_DEDICATED_HUNTER_DEER,MODELED_PREFERENCE,TARGET,True,Modeled by engine.utah_draw_predictive.dedicated_hunter.
hybrid_ml_v2.1.0,utah_preference_dedicated_hunter_deer_v1.0.0,2026,2026,DB1804,Cedar/Stansbury,Deer,Buck,General Season,Dedicated Hunter,Nonresident,23,dedicated_hunter,2,2,,,,,0,0,0,0,1,1.000000,,,1.000000,,,100.000,,-23,0,ABOVE CUTOFF,YELLOW,GREEN LIGHT,2025,1,2025,2025,predictive,preference_dedicated_hunter_deer,TRUE,Forecasted from 2025 dedicated hunter ladder with residency quota split and preference carry-forward.,Dedicated Hunter,PREFERENCE_DEDICATED_HUNTER_DEER,MODELED_PREFERENCE,TARGET,True,Modeled by engine.utah_draw_predictive.dedicated_hunter.
hybrid_ml_v2.1.0,utah_preference_dedicated_hunter_deer_v1.0.0,2026,2026,DB1804,Cedar/Stansbury,Deer,Buck,General Season,Dedicated Hunter,Nonresident,24,dedicated_hunter,2,2,,,,,0,0,0,0,1,1.000000,,,1.000000,,,100.000,,-24,0,ABOVE CUTOFF,YELLOW,GREEN LIGHT,2025,1,2025,2025,predictive,preference_dedicated_hunter_deer,TRUE,Forecasted from 2025 dedicated hunter ladder with residency quota split and preference carry-forward.,Dedicated Hunter,PREFERENCE_DEDICATED_HUNTER_DEER,MODELED_PREFERENCE,TARGET,True,Modeled by engine.utah_draw_predictive.dedicated_hunter.
hybrid_ml_v2.1.0,utah_preference_dedicated_hunter_deer_v1.0.0,2026,2026,DB1804,Cedar/Stansbury,Deer,Buck,General Season,Dedicated Hunter,Resident,0,dedicated_hunter,41,41,,,,,4,4,120,47,47,0.000000,,,0.000000,,,0.000,,4,0,BEHIND,YELLOW,POINT CREEP DEFEAT,2025,1,2025,2025,predictive,preference_dedicated_hunter_deer,TRUE,Forecasted from 2025 dedicated hunter ladder with residency quota split and preference carry-forward.,Dedicated Hunter,PREFERENCE_DEDICATED_HUNTER_DEER,MODELED_PREFERENCE,TARGET,True,Modeled by engine.utah_draw_predictive.dedicated_hunter.
hybrid_ml_v2.1.0,utah_preference_dedicated_hunter_deer_v1.0.0,2026,2026,DB1804,Cedar/Stansbury,Deer,Buck,General Season,Dedicated Hunter,Resident,1,dedicated_hunter,41,41,,,,,4,4,89,31,31,0.000000,,,0.000000,,,0.000,,3,0,BEHIND,YELLOW,POINT CREEP DEFEAT,2025,1,2025,2025,predictive,preference_dedicated_hunter_deer,TRUE,Forecasted from 2025 dedicated hunter ladder with residency quota split and preference carry-forward.,Dedicated Hunter,PREFERENCE_DEDICATED_HUNTER_DEER,MODELED_PREFERENCE,TARGET,True,Modeled by engine.utah_draw_predictive.dedicated_hunter.
hybrid_ml_v2.1.0,utah_preference_dedicated_hunter_deer_v1.0.0,2026,2026,DB1804,Cedar/Stansbury,Deer,Buck,General Season,Dedicated Hunter,Resident,2,dedicated_hunter,41,41,,,,,4,4,63,26,26,0.000000,,,0.000000,,,0.000,,2,0,BEHIND,YELLOW,POINT CREEP DEFEAT,2025,1,2025,2025,predictive,preference_dedicated_hunter_deer,TRUE,Forecasted from 2025 dedicated hunter ladder with residency quota split and preference carry-forward.,Dedicated Hunter,PREFERENCE_DEDICATED_HUNTER_DEER,MODELED_PREFERENCE,TARGET,True,Modeled by engine.utah_draw_predictive.dedicated_hunter.
hybrid_ml_v2.1.0,utah_preference_dedicated_hunter_deer_v1.0.0,2026,2026,DB1804,Cedar/Stansbury,Deer,Buck,General Season,Dedicated Hunter,Resident,3,dedicated_hunter,41,41,,,,,4,4,18,45,45,0.511111,,,0.511111,,,51.111,,1,0,ON EDGE,YELLOW,MAY DRAW IN 5-10 YEARS,2025,1,2025,2025,predictive,preference_dedicated_hunter_deer,TRUE,Forecasted from 2025 dedicated hunter ladder with residency quota split and preference carry-forward.,Dedicated Hunter,PREFERENCE_DEDICATED_HUNTER_DEER,MODELED_PREFERENCE,TARGET,True,Modeled by engine.utah_draw_predictive.dedicated_hunter.
hybrid_ml_v2.1.0,utah_preference_dedicated_hunter_deer_v1.0.0,2026,2026,DB1804,Cedar/Stansbury,Deer,Buck,General Season,Dedicated Hunter,Resident,4,dedicated_hunter,41,41,,,,,4,4,0,18,18,1.000000,,,1.000000,,,100.000,,0,0,ABOVE CUTOFF,YELLOW,GREEN LIGHT,2025,1,2025,2025,predictive,preference_dedicated_hunter_deer,TRUE,Forecasted from 2025 dedicated hunter ladder with residency quota split and preference carry-forward.,Dedicated Hunter,PREFERENCE_DEDICATED_HUNTER_DEER,MODELED_PREFERENCE,TARGET,True,Modeled by engine.utah_draw_predictive.dedicated_hunter.
hybrid_ml_v2.1.0,utah_preference_dedicated_hunter_deer_v1.0.0,2026,2026,DB1804,Cedar/Stansbury,Deer,Buck,General Season,Dedicated Hunter,Resident,5,dedicated_hunter,41,41,,,,,4,4,0,0,1,1.000000,,,1.000000,,,100.000,,-1,0,ABOVE CUTOFF,YELLOW,GREEN LIGHT,2025,1,2025,2025,predictive,preference_dedicated_hunter_deer,TRUE,Forecasted from 2025 dedicated hunter ladder with residency quota split and preference carry-forward.,Dedicated Hunter,PREFERENCE_DEDICATED_HUNTER_DEER,MODELED_PREFERENCE,TARGET,True,Modeled by engine.utah_draw_predictive.dedicated_hunter.
hybrid_ml_v2.1.0,utah_preference_dedicated_hunter_deer_v1.0.0,2026,2026,DB1804,Cedar/Stansbury,Deer,Buck,General Season,Dedicated Hunter,Resident,6,dedicated_hunter,41,41,,,,,4,4,0,0,1,1.000000,,,1.000000,,,100.000,,-2,0,ABOVE CUTOFF,YELLOW,GREEN LIGHT,2025,1,2025,2025,predictive,preference_dedicated_hunter_deer,TRUE,Forecasted from 2025 dedicated hunter ladder with residency quota split and preference carry-forward.,Dedicated Hunter,PREFERENCE_DEDICATED_HUNTER_DEER,MODELED_PREFERENCE,TARGET,True,Modeled by engine.utah_draw_predictive.dedicated_hunter.
hybrid_ml_v2.1.0,utah_preference_dedicated_hunter_deer_v1.0.0,2026,2026,DB1804,Cedar/Stansbury,Deer,Buck,General Season,Dedicated Hunter,Resident,7,dedicated_hunter,41,41,,,,,4,4,0,0,1,1.000000,,,1.000000,,,100.000,,-3,0,ABOVE CUTOFF,YELLOW,GREEN LIGHT,2025,1,2025,2025,predictive,preference_dedicated_hunter_deer,TRUE,Forecasted from 2025 dedicated hunter ladder with residency quota split and preference carry-forward.,Dedicated Hunter,PREFERENCE_DEDICATED_HUNTER_DEER,MODELED_PREFERENCE,TARGET,True,Modeled by engine.utah_draw_predictive.dedicated_hunter.
hybrid_ml_v2.1.0,utah_preference_dedicated_hunter_deer_v1.0.0,2026,2026,DB1804,Cedar/Stansbury,Deer,Buck,General Season,Dedicated Hunter,Resident,8,dedicated_hunter,41,41,,,,,4,4,0,0,1,1.000000,,,1.000000,,,100.000,,-4,0,ABOVE CUTOFF,YELLOW,GREEN LIGHT,2025,1,2025,2025,predictive,preference_dedicated_hunter_deer,TRUE,Forecasted from 2025 dedicated hunter ladder with residency quota split and preference carry-forward.,Dedicated Hunter,PREFERENCE_DEDICATED_HUNTER_DEER,MODELED_PREFERENCE,TARGET,True,Modeled by engine.utah_draw_predictive.dedicated_hunter.
hybrid_ml_v2.1.0,utah_preference_dedicated_hunter_deer_v1.0.0,2026,2026,DB1804,Cedar/Stansbury,Deer,Buck,General Season,Dedicated Hunter,Resident,9,dedicated_hunter,41,41,,,,,4,4,0,0,1,1.000000,,,1.000000,,,100.000,,-5,0,ABOVE CUTOFF,YELLOW,GREEN LIGHT,2025,1,2025,2025,predictive,preference_dedicated_hunter_deer,TRUE,Forecasted from 2025 dedicated hunter ladder with residency quota split and preference carry-forward.,Dedicated Hunter,PREFERENCE_DEDICATED_HUNTER_DEER,MODELED_PREFERENCE,TARGET,True,Modeled by engine.utah_draw_predictive.dedicated_hunter.
hybrid_ml_v2.1.0,utah_preference_dedicated_hunter_deer_v1.0.0,2026,2026,DB1804,Cedar/Stansbury,Deer,Buck,General Season,Dedicated Hunter,Resident,10,dedicated_hunter,41,41,,,,,4,4,0,0,1,1.000000,,,1.000000,,,100.000,,-6,0,ABOVE CUTOFF,YELLOW,GREEN LIGHT,2025,1,2025,2025,predictive,preference_dedicated_hunter_deer,TRUE,Forecasted from 2025 dedicated hunter ladder with residency quota split and preference carry-forward.,Dedicated Hunter,PREFERENCE_DEDICATED_HUNTER_DEER,MODELED_PREFERENCE,TARGET,True,Modeled by engine.utah_draw_predictive.dedicated_hunter.
hybrid_ml_v2.1.0,utah_preference_dedicated_hunter_deer_v1.0.0,2026,2026,DB1804,Cedar/Stansbury,Deer,Buck,General Season,Dedicated Hunter,Resident,11,dedicated_hunter,41,41,,,,,4,4,0,0,1,1.000000,,,1.000000,,,100.000,,-7,0,ABOVE CUTOFF,YELLOW,GREEN LIGHT,2025,1,2025,2025,predictive,preference_dedicated_hunter_deer,TRUE,Forecasted from 2025 dedicated hunter ladder with residency quota split and preference carry-forward.,Dedicated Hunter,PREFERENCE_DEDICATED_HUNTER_DEER,MODELED_PREFERENCE,TARGET,True,Modeled by engine.utah_draw_predictive.dedicated_hunter.
hybrid_ml_v2.1.0,utah_preference_dedicated_hunter_deer_v1.0.0,2026,2026,DB1804,Cedar/Stansbury,Deer,Buck,General Season,Dedicated Hunter,Resident,12,dedicated_hunter,41,41,,,,,4,4,0,0,1,1.000000,,,1.000000,,,100.000,,-8,0,ABOVE CUTOFF,YELLOW,GREEN LIGHT,2025,1,2025,2025,predictive,preference_dedicated_hunter_deer,TRUE,Forecasted from 2025 dedicated hunter ladder with residency quota split and preference carry-forward.,Dedicated Hunter,PREFERENCE_DEDICATED_HUNTER_DEER,MODELED_PREFERENCE,TARGET,True,Modeled by engine.utah_draw_predictive.dedicated_hunter.
hybrid_ml_v2.1.0,utah_preference_dedicated_hunter_deer_v1.0.0,2026,2026,DB1804,Cedar/Stansbury,Deer,Buck,General Season,Dedicated Hunter,Resident,13,dedicated_hunter,41,41,,,,,4,4,0,0,1,1.000000,,,1.000000,,,100.000,,-9,0,ABOVE CUTOFF,YELLOW,GREEN LIGHT,2025,1,2025,2025,predictive,preference_dedicated_hunter_deer,TRUE,Forecasted from 2025 dedicated hunter ladder with residency quota split and preference carry-forward.,Dedicated Hunter,PREFERENCE_DEDICATED_HUNTER_DEER,MODELED_PREFERENCE,TARGET,True,Modeled by engine.utah_draw_predictive.dedicated_hunter.
hybrid_ml_v2.1.0,utah_preference_dedicated_hunter_deer_v1.0.0,2026,2026,DB1804,Cedar/Stansbury,Deer,Buck,General Season,Dedicated Hunter,Resident,14,dedicated_hunter,41,41,,,,,4,4,0,0,1,1.000000,,,1.000000,,,100.000,,-10,0,ABOVE CUTOFF,YELLOW,GREEN LIGHT,2025,1,2025,2025,predictive,preference_dedicated_hunter_deer,TRUE,Forecasted from 2025 dedicated hunter ladder with residency quota split and preference carry-forward.,Dedicated Hunter,PREFERENCE_DEDICATED_HUNTER_DEER,MODELED_PREFERENCE,TARGET,True,Modeled by engine.utah_draw_predictive.dedicated_hunter.
hybrid_ml_v2.1.0,utah_preference_dedicated_hunter_deer_v1.0.0,2026,2026,DB1804,Cedar/Stansbury,Deer,Buck,General Season,Dedicated Hunter,Resident,15,dedicated_hunter,41,41,,,,,4,4,0,0,1,1.000000,,,1.000000,,,100.000,,-11,0,ABOVE CUTOFF,YELLOW,GREEN LIGHT,2025,1,2025,2025,predictive,preference_dedicated_hunter_deer,TRUE,Forecasted from 2025 dedicated hunter ladder with residency quota split and preference carry-forward.,Dedicated Hunter,PREFERENCE_DEDICATED_HUNTER_DEER,MODELED_PREFERENCE,TARGET,True,Modeled by engine.utah_draw_predictive.dedicated_hunter.
hybrid_ml_v2.1.0,utah_preference_dedicated_hunter_deer_v1.0.0,2026,2026,DB1804,Cedar/Stansbury,Deer,Buck,General Season,Dedicated Hunter,Resident,16,dedicated_hunter,41,41,,,,,4,4,0,0,1,1.000000,,,1.000000,,,100.000,,-12,0,ABOVE CUTOFF,YELLOW,GREEN LIGHT,2025,1,2025,2025,predictive,preference_dedicated_hunter_deer,TRUE,Forecasted from 2025 dedicated hunter ladder with residency quota split and preference carry-forward.,Dedicated Hunter,PREFERENCE_DEDICATED_HUNTER_DEER,MODELED_PREFERENCE,TARGET,True,Modeled by engine.utah_draw_predictive.dedicated_hunter.
hybrid_ml_v2.1.0,utah_preference_dedicated_hunter_deer_v1.0.0,2026,2026,DB1804,Cedar/Stansbury,Deer,Buck,General Season,Dedicated Hunter,Resident,17,dedicated_hunter,41,41,,,,,4,4,0,0,1,1.000000,,,1.000000,,,100.000,,-13,0,ABOVE CUTOFF,YELLOW,GREEN LIGHT,2025,1,2025,2025,predictive,preference_dedicated_hunter_deer,TRUE,Forecasted from 2025 dedicated hunter ladder with residency quota split and preference carry-forward.,Dedicated Hunter,PREFERENCE_DEDICATED_HUNTER_DEER,MODELED_PREFERENCE,TARGET,True,Modeled by engine.utah_draw_predictive.dedicated_hunter.
hybrid_ml_v2.1.0,utah_preference_dedicated_hunter_deer_v1.0.0,2026,2026,DB1804,Cedar/Stansbury,Deer,Buck,General Season,Dedicated Hunter,Resident,18,dedicated_hunter,41,41,,,,,4,4,0,0,1,1.000000,,,1.000000,,,100.000,,-14,0,ABOVE CUTOFF,YELLOW,GREEN LIGHT,2025,1,2025,2025,predictive,preference_dedicated_hunter_deer,TRUE,Forecasted from 2025 dedicated hunter ladder with residency quota split and preference carry-forward.,Dedicated Hunter,PREFERENCE_DEDICATED_HUNTER_DEER,MODELED_PREFERENCE,TARGET,True,Modeled by engine.utah_draw_predictive.dedicated_hunter.
hybrid_ml_v2.1.0,utah_preference_dedicated_hunter_deer_v1.0.0,2026,2026,DB1804,Cedar/Stansbury,Deer,Buck,General Season,Dedicated Hunter,Resident,19,dedicated_hunter,41,41,,,,,4,4,0,0,1,1.000000,,,1.000000,,,100.000,,-15,0,ABOVE CUTOFF,YELLOW,GREEN LIGHT,2025,1,2025,2025,predictive,preference_dedicated_hunter_deer,TRUE,Forecasted from 2025 dedicated hunter ladder with residency quota split and preference carry-forward.,Dedicated Hunter,PREFERENCE_DEDICATED_HUNTER_DEER,MODELED_PREFERENCE,TARGET,True,Modeled by engine.utah_draw_predictive.dedicated_hunter.
hybrid_ml_v2.1.0,utah_preference_dedicated_hunter_deer_v1.0.0,2026,2026,DB1804,Cedar/Stansbury,Deer,Buck,General Season,Dedicated Hunter,Resident,20,dedicated_hunter,41,41,,,,,4,4,0,0,1,1.000000,,,1.000000,,,100.000,,-16,0,ABOVE CUTOFF,YELLOW,GREEN LIGHT,2025,1,2025,2025,predictive,preference_dedicated_hunter_deer,TRUE,Forecasted from 2025 dedicated hunter ladder with residency quota split and preference carry-forward.,Dedicated Hunter,PREFERENCE_DEDICATED_HUNTER_DEER,MODELED_PREFERENCE,TARGET,True,Modeled by engine.utah_draw_predictive.dedicated_hunter.
hybrid_ml_v2.1.0,utah_preference_dedicated_hunter_deer_v1.0.0,2026,2026,DB1804,Cedar/Stansbury,Deer,Buck,General Season,Dedicated Hunter,Resident,21,dedicated_hunter,41,41,,,,,4,4,0,0,1,1.000000,,,1.000000,,,100.000,,-17,0,ABOVE CUTOFF,YELLOW,GREEN LIGHT,2025,1,2025,2025,predictive,preference_dedicated_hunter_deer,TRUE,Forecasted from 2025 dedicated hunter ladder with residency quota split and preference carry-forward.,Dedicated Hunter,PREFERENCE_DEDICATED_HUNTER_DEER,MODELED_PREFERENCE,TARGET,True,Modeled by engine.utah_draw_predictive.dedicated_hunter.
hybrid_ml_v2.1.0,utah_preference_dedicated_hunter_deer_v1.0.0,2026,2026,DB1804,Cedar/Stansbury,Deer,Buck,General Season,Dedicated Hunter,Resident,22,dedicated_hunter,41,41,,,,,4,4,0,0,1,1.000000,,,1.000000,,,100.000,,-18,0,ABOVE CUTOFF,YELLOW,GREEN LIGHT,2025,1,2025,2025,predictive,preference_dedicated_hunter_deer,TRUE,Forecasted from 2025 dedicated hunter ladder with residency quota split and preference carry-forward.,Dedicated Hunter,PREFERENCE_DEDICATED_HUNTER_DEER,MODELED_PREFERENCE,TARGET,True,Modeled by engine.utah_draw_predictive.dedicated_hunter.
hybrid_ml_v2.1.0,utah_preference_dedicated_hunter_deer_v1.0.0,2026,2026,DB1804,Cedar/Stansbury,Deer,Buck,General Season,Dedicated Hunter,Resident,23,dedicated_hunter,41,41,,,,,4,4,0,0,1,1.000000,,,1.000000,,,100.000,,-19,0,ABOVE CUTOFF,YELLOW,GREEN LIGHT,2025,1,2025,2025,predictive,preference_dedicated_hunter_deer,TRUE,Forecasted from 2025 dedicated hunter ladder with residency quota split and preference carry-forward.,Dedicated Hunter,PREFERENCE_DEDICATED_HUNTER_DEER,MODELED_PREFERENCE,TARGET,True,Modeled by engine.utah_draw_predictive.dedicated_hunter.
hybrid_ml_v2.1.0,utah_preference_dedicated_hunter_deer_v1.0.0,2026,2026,DB1804,Cedar/Stansbury,Deer,Buck,General Season,Dedicated Hunter,Resident,24,dedicated_hunter,41,41,,,,,4,4,0,0,1,1.000000,,,1.000000,,,100.000,,-20,0,ABOVE CUTOFF,YELLOW,GREEN LIGHT,2025,1,2025,2025,predictive,preference_dedicated_hunter_deer,TRUE,Forecasted from 2025 dedicated hunter ladder with residency quota split and preference carry-forward.,Dedicated Hunter,PREFERENCE_DEDICATED_HUNTER_DEER,MODELED_PREFERENCE,TARGET,True,Modeled by engine.utah_draw_predictive.dedicated_hunter.
hybrid_ml_v2.1.0,utah_preference_dedicated_hunter_deer_v1.0.0,2026,2026,DB1805,Oquirrh/Tintic,Deer,Buck,General Season,Dedicated Hunter,Nonresident,0,dedicated_hunter,3,1,,,,,0,0,0,1,1,1.000000,,,1.000000,,,100.000,,0,0,ABOVE CUTOFF,YELLOW,GREEN LIGHT,2025,1,2025,2025,predictive,preference_dedicated_hunter_deer,TRUE,Forecasted from 2025 dedicated hunter ladder with residency quota split and preference carry-forward.,Dedicated Hunter,PREFERENCE_DEDICATED_HUNTER_DEER,MODELED_PREFERENCE,TARGET,True,Modeled by engine.utah_draw_predictive.dedicated_hunter.
hybrid_ml_v2.1.0,utah_preference_dedicated_hunter_deer_v1.0.0,2026,2026,DB1805,Oquirrh/Tintic,Deer,Buck,General Season,Dedicated Hunter,Nonresident,1,dedicated_hunter,3,1,,,,,0,0,0,0,1,1.000000,,,1.000000,,,100.000,,-1,0,ABOVE CUTOFF,YELLOW,GREEN LIGHT,2025,1,2025,2025,predictive,preference_dedicated_hunter_deer,TRUE,Forecasted from 2025 dedicated hunter ladder with residency quota split and preference carry-forward.,Dedicated Hunter,PREFERENCE_DEDICATED_HUNTER_DEER,MODELED_PREFERENCE,TARGET,True,Modeled by engine.utah_draw_predictive.dedicated_hunter.
hybrid_ml_v2.1.0,utah_preference_dedicated_hunter_deer_v1.0.0,2026,2026,DB1805,Oquirrh/Tintic,Deer,Buck,General Season,Dedicated Hunter,Nonresident,2,dedicated_hunter,3,1,,,,,0,0,0,0,1,1.000000,,,1.000000,,,100.000,,-2,0,ABOVE CUTOFF,YELLOW,GREEN LIGHT,2025,1,2025,2025,predictive,preference_dedicated_hunter_deer,TRUE,Forecasted from 2025 dedicated hunter ladder with residency quota split and preference carry-forward.,Dedicated Hunter,PREFERENCE_DEDICATED_HUNTER_DEER,MODELED_PREFERENCE,TARGET,True,Modeled by engine.utah_draw_predictive.dedicated_hunter.
hybrid_ml_v2.1.0,utah_preference_dedicated_hunter_deer_v1.0.0,2026,2026,DB1805,Oquirrh/Tintic,Deer,Buck,General Season,Dedicated Hunter,Nonresident,3,dedicated_hunter,3,1,,,,,0,0,0,0,1,1.000000,,,1.000000,,,100.000,,-3,0,ABOVE CUTOFF,YELLOW,GREEN LIGHT,2025,1,2025,2025,predictive,preference_dedicated_hunter_deer,TRUE,Forecasted from 2025 dedicated hunter ladder with residency quota split and preference carry-forward.,Dedicated Hunter,PREFERENCE_DEDICATED_HUNTER_DEER,MODELED_PREFERENCE,TARGET,True,Modeled by engine.utah_draw_predictive.dedicated_hunter.
hybrid_ml_v2.1.0,utah_preference_dedicated_hunter_deer_v1.0.0,2026,2026,DB1805,Oquirrh/Tintic,Deer,Buck,General Season,Dedicated Hunter,Nonresident,4,dedicated_hunter,3,1,,,,,0,0,0,0,1,1.000000,,,1.000000,,,100.000,,-4,0,ABOVE CUTOFF,YELLOW,GREEN LIGHT,2025,1,2025,2025,predictive,preference_dedicated_hunter_deer,TRUE,Forecasted from 2025 dedicated hunter ladder with residency quota split and preference carry-forward.,Dedicated Hunter,PREFERENCE_DEDICATED_HUNTER_DEER,MODELED_PREFERENCE,TARGET,True,Modeled by engine.utah_draw_predictive.dedicated_hunter.
hybrid_ml_v2.1.0,utah_preference_dedicated_hunter_deer_v1.0.0,2026,2026,DB1805,Oquirrh/Tintic,Deer,Buck,General Season,Dedicated Hunter,Nonresident,5,dedicated_hunter,3,1,,,,,0,0,0,0,1,1.000000,,,1.000000,,,100.000,,-5,0,ABOVE CUTOFF,YELLOW,GREEN LIGHT,2025,1,2025,2025,predictive,preference_dedicated_hunter_deer,TRUE,Forecasted from 2025 dedicated hunter ladder with residency quota split and preference carry-forward.,Dedicated Hunter,PREFERENCE_DEDICATED_HUNTER_DEER,MODELED_PREFERENCE,TARGET,True,Modeled by engine.utah_draw_predictive.dedicated_hunter.
hybrid_ml_v2.1.0,utah_preference_dedicated_hunter_deer_v1.0.0,2026,2026,DB1805,Oquirrh/Tintic,Deer,Buck,General Season,Dedicated Hunter,Nonresident,6,dedicated_hunter,3,1,,,,,0,0,0,0,1,1.000000,,,1.000000,,,100.000,,-6,0,ABOVE CUTOFF,YELLOW,GREEN LIGHT,2025,1,2025,2025,predictive,preference_dedicated_hunter_deer,TRUE,Forecasted from 2025 dedicated hunter ladder with residency quota split and preference carry-forward.,Dedicated Hunter,PREFERENCE_DEDICATED_HUNTER_DEER,MODELED_PREFERENCE,TARGET,True,Modeled by engine.utah_draw_predictive.dedicated_hunter.
hybrid_ml_v2.1.0,utah_preference_dedicated_hunter_deer_v1.0.0,2026,2026,DB1805,Oquirrh/Tintic,Deer,Buck,General Season,Dedicated Hunter,Nonresident,7,dedicated_hunter,3,1,,,,,0,0,0,0,1,1.000000,,,1.000000,,,100.000,,-7,0,ABOVE CUTOFF,YELLOW,GREEN LIGHT,2025,1,2025,2025,predictive,preference_dedicated_hunter_deer,TRUE,Forecasted from 2025 dedicated hunter ladder with residency quota split and preference carry-forward.,Dedicated Hunter,PREFERENCE_DEDICATED_HUNTER_DEER,MODELED_PREFERENCE,TARGET,True,Modeled by engine.utah_draw_predictive.dedicated_hunter.
hybrid_ml_v2.1.0,utah_preference_dedicated_hunter_deer_v1.0.0,2026,2026,DB1805,Oquirrh/Tintic,Deer,Buck,General Season,Dedicated Hunter,Nonresident,8,dedicated_hunter,3,1,,,,,0,0,0,0,1,1.000000,,,1.000000,,,100.000,,-8,0,ABOVE CUTOFF,YELLOW,GREEN LIGHT,2025,1,2025,2025,predictive,preference_dedicated_hunter_deer,TRUE,Forecasted from 2025 dedicated hunter ladder with residency quota split and preference carry-forward.,Dedicated Hunter,PREFERENCE_DEDICATED_HUNTER_DEER,MODELED_PREFERENCE,TARGET,True,Modeled by engine.utah_draw_predictive.dedicated_hunter.
hybrid_ml_v2.1.0,utah_preference_dedicated_hunter_deer_v1.0.0,2026,2026,DB1805,Oquirrh/Tintic,Deer,Buck,General Season,Dedicated Hunter,Nonresident,9,dedicated_hunter,3,1,,,,,0,0,0,0,1,1.000000,,,1.000000,,,100.000,,-9,0,ABOVE CUTOFF,YELLOW,GREEN LIGHT,2025,1,2025,2025,predictive,preference_dedicated_hunter_deer,TRUE,Forecasted from 2025 dedicated hunter ladder with residency quota split and preference carry-forward.,Dedicated Hunter,PREFERENCE_DEDICATED_HUNTER_DEER,MODELED_PREFERENCE,TARGET,True,Modeled by engine.utah_draw_predictive.dedicated_hunter.
hybrid_ml_v2.1.0,utah_preference_dedicated_hunter_deer_v1.0.0,2026,2026,DB1805,Oquirrh/Tintic,Deer,Buck,General Season,Dedicated Hunter,Nonresident,10,dedicated_hunter,3,1,,,,,0,0,0,0,1,1.000000,,,1.000000,,,100.000,,-10,0,ABOVE CUTOFF,YELLOW,GREEN LIGHT,2025,1,2025,2025,predictive,preference_dedicated_hunter_deer,TRUE,Forecasted from 2025 dedicated hunter ladder with residency quota split and preference carry-forward.,Dedicated Hunter,PREFERENCE_DEDICATED_HUNTER_DEER,MODELED_PREFERENCE,TARGET,True,Modeled by engine.utah_draw_predictive.dedicated_hunter.
hybrid_ml_v2.1.0,utah_preference_dedicated_hunter_deer_v1.0.0,2026,2026,DB1805,Oquirrh/Tintic,Deer,Buck,General Season,Dedicated Hunter,Nonresident,11,dedicated_hunter,3,1,,,,,0,0,0,0,1,1.000000,,,1.000000,,,100.000,,-11,0,ABOVE CUTOFF,YELLOW,GREEN LIGHT,2025,1,2025,2025,predictive,preference_dedicated_hunter_deer,TRUE,Forecasted from 2025 dedicated hunter ladder with residency quota split and preference carry-forward.,Dedicated Hunter,PREFERENCE_DEDICATED_HUNTER_DEER,MODELED_PREFERENCE,TARGET,True,Modeled by engine.utah_draw_predictive.dedicated_hunter.
hybrid_ml_v2.1.0,utah_preference_dedicated_hunter_deer_v1.0.0,2026,2026,DB1805,Oquirrh/Tintic,Deer,Buck,General Season,Dedicated Hunter,Nonresident,12,dedicated_hunter,3,1,,,,,0,0,0,0,1,1.000000,,,1.000000,,,100.000,,-12,0,ABOVE CUTOFF,YELLOW,GREEN LIGHT,2025,1,2025,2025,predictive,preference_dedicated_hunter_deer,TRUE,Forecasted from 2025 dedicated hunter ladder with residency quota split and preference carry-forward.,Dedicated Hunter,PREFERENCE_DEDICATED_HUNTER_DEER,MODELED_PREFERENCE,TARGET,True,Modeled by engine.utah_draw_predictive.dedicated_hunter.
hybrid_ml_v2.1.0,utah_preference_dedicated_hunter_deer_v1.0.0,2026,2026,DB1805,Oquirrh/Tintic,Deer,Buck,General Season,Dedicated Hunter,Nonresident,13,dedicated_hunter,3,1,,,,,0,0,0,0,1,1.000000,,,1.000000,,,100.000,,-13,0,ABOVE CUTOFF,YELLOW,GREEN LIGHT,2025,1,2025,2025,predictive,preference_dedicated_hunter_deer,TRUE,Forecasted from 2025 dedicated hunter ladder with residency quota split and preference carry-forward.,Dedicated Hunter,PREFERENCE_DEDICATED_HUNTER_DEER,MODELED_PREFERENCE,TARGET,True,Modeled by engine.utah_draw_predictive.dedicated_hunter.
hybrid_ml_v2.1.0,utah_preference_dedicated_hunter_deer_v1.0.0,2026,2026,DB1805,Oquirrh/Tintic,Deer,Buck,General Season,Dedicated Hunter,Nonresident,14,dedicated_hunter,3,1,,,,,0,0,0,0,1,1.000000,,,1.000000,,,100.000,,-14,0,ABOVE CUTOFF,YELLOW,GREEN LIGHT,2025,1,2025,2025,predictive,preference_dedicated_hunter_deer,TRUE,Forecasted from 2025 dedicated hunter ladder with residency quota split and preference carry-forward.,Dedicated Hunter,PREFERENCE_DEDICATED_HUNTER_DEER,MODELED_PREFERENCE,TARGET,True,Modeled by engine.utah_draw_predictive.dedicated_hunter.
hybrid_ml_v2.1.0,utah_preference_dedicated_hunter_deer_v1.0.0,2026,2026,DB1805,Oquirrh/Tintic,Deer,Buck,General Season,Dedicated Hunter,Nonresident,15,dedicated_hunter,3,1,,,,,0,0,0,0,1,1.000000,,,1.000000,,,100.000,,-15,0,ABOVE CUTOFF,YELLOW,GREEN LIGHT,2025,1,2025,2025,predictive,preference_dedicated_hunter_deer,TRUE,Forecasted from 2025 dedicated hunter ladder with residency quota split and preference carry-forward.,Dedicated Hunter,PREFERENCE_DEDICATED_HUNTER_DEER,MODELED_PREFERENCE,TARGET,True,Modeled by engine.utah_draw_predictive.dedicated_hunter.
hybrid_ml_v2.1.0,utah_preference_dedicated_hunter_deer_v1.0.0,2026,2026,DB1805,Oquirrh/Tintic,Deer,Buck,General Season,Dedicated Hunter,Nonresident,16,dedicated_hunter,3,1,,,,,0,0,0,0,1,1.000000,,,1.000000,,,100.000,,-16,0,ABOVE CUTOFF,YELLOW,GREEN LIGHT,2025,1,2025,2025,predictive,preference_dedicated_hunter_deer,TRUE,Forecasted from 2025 dedicated hunter ladder with residency quota split and preference carry-forward.,Dedicated Hunter,PREFERENCE_DEDICATED_HUNTER_DEER,MODELED_PREFERENCE,TARGET,True,Modeled by engine.utah_draw_predictive.dedicated_hunter.
hybrid_ml_v2.1.0,utah_preference_dedicated_hunter_deer_v1.0.0,2026,2026,DB1805,Oquirrh/Tintic,Deer,Buck,General Season,Dedicated Hunter,Nonresident,17,dedicated_hunter,3,1,,,,,0,0,0,0,1,1.000000,,,1.000000,,,100.000,,-17,0,ABOVE CUTOFF,YELLOW,GREEN LIGHT,2025,1,2025,2025,predictive,preference_dedicated_hunter_deer,TRUE,Forecasted from 2025 dedicated hunter ladder with residency quota split and preference carry-forward.,Dedicated Hunter,PREFERENCE_DEDICATED_HUNTER_DEER,MODELED_PREFERENCE,TARGET,True,Modeled by engine.utah_draw_predictive.dedicated_hunter.
hybrid_ml_v2.1.0,utah_preference_dedicated_hunter_deer_v1.0.0,2026,2026,DB1805,Oquirrh/Tintic,Deer,Buck,General Season,Dedicated Hunter,Nonresident,18,dedicated_hunter,3,1,,,,,0,0,0,0,1,1.000000,,,1.000000,,,100.000,,-18,0,ABOVE CUTOFF,YELLOW,GREEN LIGHT,2025,1,2025,2025,predictive,preference_dedicated_hunter_deer,TRUE,Forecasted from 2025 dedicated hunter ladder with residency quota split and preference carry-forward.,Dedicated Hunter,PREFERENCE_DEDICATED_HUNTER_DEER,MODELED_PREFERENCE,TARGET,True,Modeled by engine.utah_draw_predictive.dedicated_hunter.
hybrid_ml_v2.1.0,utah_preference_dedicated_hunter_deer_v1.0.0,2026,2026,DB1805,Oquirrh/Tintic,Deer,Buck,General Season,Dedicated Hunter,Nonresident,19,dedicated_hunter,3,1,,,,,0,0,0,0,1,1.000000,,,1.000000,,,100.000,,-19,0,ABOVE CUTOFF,YELLOW,GREEN LIGHT,2025,1,2025,2025,predictive,preference_dedicated_hunter_deer,TRUE,Forecasted from 2025 dedicated hunter ladder with residency quota split and preference carry-forward.,Dedicated Hunter,PREFERENCE_DEDICATED_HUNTER_DEER,MODELED_PREFERENCE,TARGET,True,Modeled by engine.utah_draw_predictive.dedicated_hunter.
hybrid_ml_v2.1.0,utah_preference_dedicated_hunter_deer_v1.0.0,2026,2026,DB1805,Oquirrh/Tintic,Deer,Buck,General Season,Dedicated Hunter,Nonresident,20,dedicated_hunter,3,1,,,,,0,0,0,0,1,1.000000,,,1.000000,,,100.000,,-20,0,ABOVE CUTOFF,YELLOW,GREEN LIGHT,2025,1,2025,2025,predictive,preference_dedicated_hunter_deer,TRUE,Forecasted from 2025 dedicated hunter ladder with residency quota split and preference carry-forward.,Dedicated Hunter,PREFERENCE_DEDICATED_HUNTER_DEER,MODELED_PREFERENCE,TARGET,True,Modeled by engine.utah_draw_predictive.dedicated_hunter.
hybrid_ml_v2.1.0,utah_preference_dedicated_hunter_deer_v1.0.0,2026,2026,DB1805,Oquirrh/Tintic,Deer,Buck,General Season,Dedicated Hunter,Nonresident,21,dedicated_hunter,3,1,,,,,0,0,0,0,1,1.000000,,,1.000000,,,100.000,,-21,0,ABOVE CUTOFF,YELLOW,GREEN LIGHT,2025,1,2025,2025,predictive,preference_dedicated_hunter_deer,TRUE,Forecasted from 2025 dedicated hunter ladder with residency quota split and preference carry-forward.,Dedicated Hunter,PREFERENCE_DEDICATED_HUNTER_DEER,MODELED_PREFERENCE,TARGET,True,Modeled by engine.utah_draw_predictive.dedicated_hunter.
hybrid_ml_v2.1.0,utah_preference_dedicated_hunter_deer_v1.0.0,2026,2026,DB1805,Oquirrh/Tintic,Deer,Buck,General Season,Dedicated Hunter,Nonresident,22,dedicated_hunter,3,1,,,,,0,0,0,0,1,1.000000,,,1.000000,,,100.000,,-22,0,ABOVE CUTOFF,YELLOW,GREEN LIGHT,2025,1,2025,2025,predictive,preference_dedicated_hunter_deer,TRUE,Forecasted from 2025 dedicated hunter ladder with residency quota split and preference carry-forward.,Dedicated Hunter,PREFERENCE_DEDICATED_HUNTER_DEER,MODELED_PREFERENCE,TARGET,True,Modeled by engine.utah_draw_predictive.dedicated_hunter.
hybrid_ml_v2.1.0,utah_preference_dedicated_hunter_deer_v1.0.0,2026,2026,DB1805,Oquirrh/Tintic,Deer,Buck,General Season,Dedicated Hunter,Nonresident,23,dedicated_hunter,3,1,,,,,0,0,0,0,1,1.000000,,,1.000000,,,100.000,,-23,0,ABOVE CUTOFF,YELLOW,GREEN LIGHT,2025,1,2025,2025,predictive,preference_dedicated_hunter_deer,TRUE,Forecasted from 2025 dedicated hunter ladder with residency quota split and preference carry-forward.,Dedicated Hunter,PREFERENCE_DEDICATED_HUNTER_DEER,MODELED_PREFERENCE,TARGET,True,Modeled by engine.utah_draw_predictive.dedicated_hunter.
hybrid_ml_v2.1.0,utah_preference_dedicated_hunter_deer_v1.0.0,2026,2026,DB1805,Oquirrh/Tintic,Deer,Buck,General Season,Dedicated Hunter,Nonresident,24,dedicated_hunter,3,1,,,,,0,0,0,0,1,1.000000,,,1.000000,,,100.000,,-24,0,ABOVE CUTOFF,YELLOW,GREEN LIGHT,2025,1,2025,2025,predictive,preference_dedicated_hunter_deer,TRUE,Forecasted from 2025 dedicated hunter ladder with residency quota split and preference carry-forward.,Dedicated Hunter,PREFERENCE_DEDICATED_HUNTER_DEER,MODELED_PREFERENCE,TARGET,True,Modeled by engine.utah_draw_predictive.dedicated_hunter.
hybrid_ml_v2.1.0,utah_preference_dedicated_hunter_deer_v1.0.0,2026,2026,DB1805,Oquirrh/Tintic,Deer,Buck,General Season,Dedicated Hunter,Resident,0,dedicated_hunter,146,56,,,,,1,1,9,55,55,0.854545,,,0.854545,,,85.455,,1,0,ON EDGE,YELLOW,MAY DRAW IN 5-10 YEARS,2025,1,2025,2025,predictive,preference_dedicated_hunter_deer,TRUE,Forecasted from 2025 dedicated hunter ladder with residency quota split and preference carry-forward.,Dedicated Hunter,PREFERENCE_DEDICATED_HUNTER_DEER,MODELED_PREFERENCE,TARGET,True,Modeled by engine.utah_draw_predictive.dedicated_hunter.
hybrid_ml_v2.1.0,utah_preference_dedicated_hunter_deer_v1.0.0,2026,2026,DB1805,Oquirrh/Tintic,Deer,Buck,General Season,Dedicated Hunter,Resident,1,dedicated_hunter,146,56,,,,,1,1,7,2,2,1.000000,,,1.000000,,,100.000,,0,0,ABOVE CUTOFF,YELLOW,GREEN LIGHT,2025,1,2025,2025,predictive,preference_dedicated_hunter_deer,TRUE,Forecasted from 2025 dedicated hunter ladder with residency quota split and preference carry-forward.,Dedicated Hunter,PREFERENCE_DEDICATED_HUNTER_DEER,MODELED_PREFERENCE,TARGET,True,Modeled by engine.utah_draw_predictive.dedicated_hunter.
hybrid_ml_v2.1.0,utah_preference_dedicated_hunter_deer_v1.0.0,2026,2026,DB1805,Oquirrh/Tintic,Deer,Buck,General Season,Dedicated Hunter,Resident,2,dedicated_hunter,146,56,,,,,1,1,4,3,3,1.000000,,,1.000000,,,100.000,,-1,0,ABOVE CUTOFF,YELLOW,GREEN LIGHT,2025,1,2025,2025,predictive,preference_dedicated_hunter_deer,TRUE,Forecasted from 2025 dedicated hunter ladder with residency quota split and preference carry-forward.,Dedicated Hunter,PREFERENCE_DEDICATED_HUNTER_DEER,MODELED_PREFERENCE,TARGET,True,Modeled by engine.utah_draw_predictive.dedicated_hunter.
hybrid_ml_v2.1.0,utah_preference_dedicated_hunter_deer_v1.0.0,2026,2026,DB1805,Oquirrh/Tintic,Deer,Buck,General Season,Dedicated Hunter,Resident,3,dedicated_hunter,146,56,,,,,1,1,1,3,3,1.000000,,,1.000000,,,100.000,,-2,0,ABOVE CUTOFF,YELLOW,GREEN LIGHT,2025,1,2025,2025,predictive,preference_dedicated_hunter_deer,TRUE,Forecasted from 2025 dedicated hunter ladder with residency quota split and preference carry-forward.,Dedicated Hunter,PREFERENCE_DEDICATED_HUNTER_DEER,MODELED_PREFERENCE,TARGET,True,Modeled by engine.utah_draw_predictive.dedicated_hunter.
hybrid_ml_v2.1.0,utah_preference_dedicated_hunter_deer_v1.0.0,2026,2026,DB1805,Oquirrh/Tintic,Deer,Buck,General Season,Dedicated Hunter,Resident,4,dedicated_hunter,146,56,,,,,1,1,0,1,1,1.000000,,,1.000000,,,100.000,,-3,0,ABOVE CUTOFF,YELLOW,GREEN LIGHT,2025,1,2025,2025,predictive,preference_dedicated_hunter_deer,TRUE,Forecasted from 2025 dedicated hunter ladder with residency quota split and preference carry-forward.,Dedicated Hunter,PREFERENCE_DEDICATED_HUNTER_DEER,MODELED_PREFERENCE,TARGET,True,Modeled by engine.utah_draw_predictive.dedicated_hunter.
hybrid_ml_v2.1.0,utah_preference_dedicated_hunter_deer_v1.0.0,2026,2026,DB1805,Oquirrh/Tintic,Deer,Buck,General Season,Dedicated Hunter,Resident,5,dedicated_hunter,146,56,,,,,1,1,0,0,1,1.000000,,,1.000000,,,100.000,,-4,0,ABOVE CUTOFF,YELLOW,GREEN LIGHT,2025,1,2025,2025,predictive,preference_dedicated_hunter_deer,TRUE,Forecasted from 2025 dedicated hunter ladder with residency quota split and preference carry-forward.,Dedicated Hunter,PREFERENCE_DEDICATED_HUNTER_DEER,MODELED_PREFERENCE,TARGET,True,Modeled by engine.utah_draw_predictive.dedicated_hunter.
hybrid_ml_v2.1.0,utah_preference_dedicated_hunter_deer_v1.0.0,2026,2026,DB1805,Oquirrh/Tintic,Deer,Buck,General Season,Dedicated Hunter,Resident,6,dedicated_hunter,146,56,,,,,1,1,0,0,1,1.000000,,,1.000000,,,100.000,,-5,0,ABOVE CUTOFF,YELLOW,GREEN LIGHT,2025,1,2025,2025,predictive,preference_dedicated_hunter_deer,TRUE,Forecasted from 2025 dedicated hunter ladder with residency quota split and preference carry-forward.,Dedicated Hunter,PREFERENCE_DEDICATED_HUNTER_DEER,MODELED_PREFERENCE,TARGET,True,Modeled by engine.utah_draw_predictive.dedicated_hunter.
hybrid_ml_v2.1.0,utah_preference_dedicated_hunter_deer_v1.0.0,2026,2026,DB1805,Oquirrh/Tintic,Deer,Buck,General Season,Dedicated Hunter,Resident,7,dedicated_hunter,146,56,,,,,1,1,0,0,1,1.000000,,,1.000000,,,100.000,,-6,0,ABOVE CUTOFF,YELLOW,GREEN LIGHT,2025,1,2025,2025,predictive,preference_dedicated_hunter_deer,TRUE,Forecasted from 2025 dedicated hunter ladder with residency quota split and preference carry-forward.,Dedicated Hunter,PREFERENCE_DEDICATED_HUNTER_DEER,MODELED_PREFERENCE,TARGET,True,Modeled by engine.utah_draw_predictive.dedicated_hunter.
hybrid_ml_v2.1.0,utah_preference_dedicated_hunter_deer_v1.0.0,2026,2026,DB1805,Oquirrh/Tintic,Deer,Buck,General Season,Dedicated Hunter,Resident,8,dedicated_hunter,146,56,,,,,1,1,0,0,1,1.000000,,,1.000000,,,100.000,,-7,0,ABOVE CUTOFF,YELLOW,GREEN LIGHT,2025,1,2025,2025,predictive,preference_dedicated_hunter_deer,TRUE,Forecasted from 2025 dedicated hunter ladder with residency quota split and preference carry-forward.,Dedicated Hunter,PREFERENCE_DEDICATED_HUNTER_DEER,MODELED_PREFERENCE,TARGET,True,Modeled by engine.utah_draw_predictive.dedicated_hunter.
hybrid_ml_v2.1.0,utah_preference_dedicated_hunter_deer_v1.0.0,2026,2026,DB1805,Oquirrh/Tintic,Deer,Buck,General Season,Dedicated Hunter,Resident,9,dedicated_hunter,146,56,,,,,1,1,0,0,1,1.000000,,,1.000000,,,100.000,,-8,0,ABOVE CUTOFF,YELLOW,GREEN LIGHT,2025,1,2025,2025,predictive,preference_dedicated_hunter_deer,TRUE,Forecasted from 2025 dedicated hunter ladder with residency quota split and preference carry-forward.,Dedicated Hunter,PREFERENCE_DEDICATED_HUNTER_DEER,MODELED_PREFERENCE,TARGET,True,Modeled by engine.utah_draw_predictive.dedicated_hunter.
hybrid_ml_v2.1.0,utah_preference_dedicated_hunter_deer_v1.0.0,2026,2026,DB1805,Oquirrh/Tintic,Deer,Buck,General Season,Dedicated Hunter,Resident,10,dedicated_hunter,146,56,,,,,1,1,0,0,1,1.000000,,,1.000000,,,100.000,,-9,0,ABOVE CUTOFF,YELLOW,GREEN LIGHT,2025,1,2025,2025,predictive,preference_dedicated_hunter_deer,TRUE,Forecasted from 2025 dedicated hunter ladder with residency quota split and preference carry-forward.,Dedicated Hunter,PREFERENCE_DEDICATED_HUNTER_DEER,MODELED_PREFERENCE,TARGET,True,Modeled by engine.utah_draw_predictive.dedicated_hunter.
hybrid_ml_v2.1.0,utah_preference_dedicated_hunter_deer_v1.0.0,2026,2026,DB1805,Oquirrh/Tintic,Deer,Buck,General Season,Dedicated Hunter,Resident,11,dedicated_hunter,146,56,,,,,1,1,0,0,1,1.000000,,,1.000000,,,100.000,,-10,0,ABOVE CUTOFF,YELLOW,GREEN LIGHT,2025,1,2025,2025,predictive,preference_dedicated_hunter_deer,TRUE,Forecasted from 2025 dedicated hunter ladder with residency quota split and preference carry-forward.,Dedicated Hunter,PREFERENCE_DEDICATED_HUNTER_DEER,MODELED_PREFERENCE,TARGET,True,Modeled by engine.utah_draw_predictive.dedicated_hunter.
hybrid_ml_v2.1.0,utah_preference_dedicated_hunter_deer_v1.0.0,2026,2026,DB1805,Oquirrh/Tintic,Deer,Buck,General Season,Dedicated Hunter,Resident,12,dedicated_hunter,146,56,,,,,1,1,0,0,1,1.000000,,,1.000000,,,100.000,,-11,0,ABOVE CUTOFF,YELLOW,GREEN LIGHT,2025,1,2025,2025,predictive,preference_dedicated_hunter_deer,TRUE,Forecasted from 2025 dedicated hunter ladder with residency quota split and preference carry-forward.,Dedicated Hunter,PREFERENCE_DEDICATED_HUNTER_DEER,MODELED_PREFERENCE,TARGET,True,Modeled by engine.utah_draw_predictive.dedicated_hunter.
hybrid_ml_v2.1.0,utah_preference_dedicated_hunter_deer_v1.0.0,2026,2026,DB1805,Oquirrh/Tintic,Deer,Buck,General Season,Dedicated Hunter,Resident,13,dedicated_hunter,146,56,,,,,1,1,0,0,1,1.000000,,,1.000000,,,100.000,,-12,0,ABOVE CUTOFF,YELLOW,GREEN LIGHT,2025,1,2025,2025,predictive,preference_dedicated_hunter_deer,TRUE,Forecasted from 2025 dedicated hunter ladder with residency quota split and preference carry-forward.,Dedicated Hunter,PREFERENCE_DEDICATED_HUNTER_DEER,MODELED_PREFERENCE,TARGET,True,Modeled by engine.utah_draw_predictive.dedicated_hunter.
hybrid_ml_v2.1.0,utah_preference_dedicated_hunter_deer_v1.0.0,2026,2026,DB1805,Oquirrh/Tintic,Deer,Buck,General Season,Dedicated Hunter,Resident,14,dedicated_hunter,146,56,,,,,1,1,0,0,1,1.000000,,,1.000000,,,100.000,,-13,0,ABOVE CUTOFF,YELLOW,GREEN LIGHT,2025,1,2025,2025,predictive,preference_dedicated_hunter_deer,TRUE,Forecasted from 2025 dedicated hunter ladder with residency quota split and preference carry-forward.,Dedicated Hunter,PREFERENCE_DEDICATED_HUNTER_DEER,MODELED_PREFERENCE,TARGET,True,Modeled by engine.utah_draw_predictive.dedicated_hunter.
hybrid_ml_v2.1.0,utah_preference_dedicated_hunter_deer_v1.0.0,2026,2026,DB1805,Oquirrh/Tintic,Deer,Buck,General Season,Dedicated Hunter,Resident,15,dedicated_hunter,146,56,,,,,1,1,0,0,1,1.000000,,,1.000000,,,100.000,,-14,0,ABOVE CUTOFF,YELLOW,GREEN LIGHT,2025,1,2025,2025,predictive,preference_dedicated_hunter_deer,TRUE,Forecasted from 2025 dedicated hunter ladder with residency quota split and preference carry-forward.,Dedicated Hunter,PREFERENCE_DEDICATED_HUNTER_DEER,MODELED_PREFERENCE,TARGET,True,Modeled by engine.utah_draw_predictive.dedicated_hunter.
hybrid_ml_v2.1.0,utah_preference_dedicated_hunter_deer_v1.0.0,2026,2026,DB1805,Oquirrh/Tintic,Deer,Buck,General Season,Dedicated Hunter,Resident,16,dedicated_hunter,146,56,,,,,1,1,0,0,1,1.000000,,,1.000000,,,100.000,,-15,0,ABOVE CUTOFF,YELLOW,GREEN LIGHT,2025,1,2025,2025,predictive,preference_dedicated_hunter_deer,TRUE,Forecasted from 2025 dedicated hunter ladder with residency quota split and preference carry-forward.,Dedicated Hunter,PREFERENCE_DEDICATED_HUNTER_DEER,MODELED_PREFERENCE,TARGET,True,Modeled by engine.utah_draw_predictive.dedicated_hunter.
hybrid_ml_v2.1.0,utah_preference_dedicated_hunter_deer_v1.0.0,2026,2026,DB1805,Oquirrh/Tintic,Deer,Buck,General Season,Dedicated Hunter,Resident,17,dedicated_hunter,146,56,,,,,1,1,0,0,1,1.000000,,,1.000000,,,100.000,,-16,0,ABOVE CUTOFF,YELLOW,GREEN LIGHT,2025,1,2025,2025,predictive,preference_dedicated_hunter_deer,TRUE,Forecasted from 2025 dedicated hunter ladder with residency quota split and preference carry-forward.,Dedicated Hunter,PREFERENCE_DEDICATED_HUNTER_DEER,MODELED_PREFERENCE,TARGET,True,Modeled by engine.utah_draw_predictive.dedicated_hunter.
hybrid_ml_v2.1.0,utah_preference_dedicated_hunter_deer_v1.0.0,2026,2026,DB1805,Oquirrh/Tintic,Deer,Buck,General Season,Dedicated Hunter,Resident,18,dedicated_hunter,146,56,,,,,1,1,0,0,1,1.000000,,,1.000000,,,100.000,,-17,0,ABOVE CUTOFF,YELLOW,GREEN LIGHT,2025,1,2025,2025,predictive,preference_dedicated_hunter_deer,TRUE,Forecasted from 2025 dedicated hunter ladder with residency quota split and preference carry-forward.,Dedicated Hunter,PREFERENCE_DEDICATED_HUNTER_DEER,MODELED_PREFERENCE,TARGET,True,Modeled by engine.utah_draw_predictive.dedicated_hunter.
hybrid_ml_v2.1.0,utah_preference_dedicated_hunter_deer_v1.0.0,2026,2026,DB1805,Oquirrh/Tintic,Deer,Buck,General Season,Dedicated Hunter,Resident,19,dedicated_hunter,146,56,,,,,1,1,0,0,1,1.000000,,,1.000000,,,100.000,,-18,0,ABOVE CUTOFF,YELLOW,GREEN LIGHT,2025,1,2025,2025,predictive,preference_dedicated_hunter_deer,TRUE,Forecasted from 2025 dedicated hunter ladder with residency quota split and preference carry-forward.,Dedicated Hunter,PREFERENCE_DEDICATED_HUNTER_DEER,MODELED_PREFERENCE,TARGET,True,Modeled by engine.utah_draw_predictive.dedicated_hunter.
hybrid_ml_v2.1.0,utah_preference_dedicated_hunter_deer_v1.0.0,2026,2026,DB1805,Oquirrh/Tintic,Deer,Buck,General Season,Dedicated Hunter,Resident,20,dedicated_hunter,146,56,,,,,1,1,0,0,1,1.000000,,,1.000000,,,100.000,,-19,0,ABOVE CUTOFF,YELLOW,GREEN LIGHT,2025,1,2025,2025,predictive,preference_dedicated_hunter_deer,TRUE,Forecasted from 2025 dedicated hunter ladder with residency quota split and preference carry-forward.,Dedicated Hunter,PREFERENCE_DEDICATED_HUNTER_DEER,MODELED_PREFERENCE,TARGET,True,Modeled by engine.utah_draw_predictive.dedicated_hunter.
hybrid_ml_v2.1.0,utah_preference_dedicated_hunter_deer_v1.0.0,2026,2026,DB1805,Oquirrh/Tintic,Deer,Buck,General Season,Dedicated Hunter,Resident,21,dedicated_hunter,146,56,,,,,1,1,0,0,1,1.000000,,,1.000000,,,100.000,,-20,0,ABOVE CUTOFF,YELLOW,GREEN LIGHT,2025,1,2025,2025,predictive,preference_dedicated_hunter_deer,TRUE,Forecasted from 2025 dedicated hunter ladder with residency quota split and preference carry-forward.,Dedicated Hunter,PREFERENCE_DEDICATED_HUNTER_DEER,MODELED_PREFERENCE,TARGET,True,Modeled by engine.utah_draw_predictive.dedicated_hunter.
hybrid_ml_v2.1.0,utah_preference_dedicated_hunter_deer_v1.0.0,2026,2026,DB1805,Oquirrh/Tintic,Deer,Buck,General Season,Dedicated Hunter,Resident,22,dedicated_hunter,146,56,,,,,1,1,0,0,1,1.000000,,,1.000000,,,100.000,,-21,0,ABOVE CUTOFF,YELLOW,GREEN LIGHT,2025,1,2025,2025,predictive,preference_dedicated_hunter_deer,TRUE,Forecasted from 2025 dedicated hunter ladder with residency quota split and preference carry-forward.,Dedicated Hunter,PREFERENCE_DEDICATED_HUNTER_DEER,MODELED_PREFERENCE,TARGET,True,Modeled by engine.utah_draw_predictive.dedicated_hunter.
hybrid_ml_v2.1.0,utah_preference_dedicated_hunter_deer_v1.0.0,2026,2026,DB1805,Oquirrh/Tintic,Deer,Buck,General Season,Dedicated Hunter,Resident,23,dedicated_hunter,146,56,,,,,1,1,0,0,1,1.000000,,,1.000000,,,100.000,,-22,0,ABOVE CUTOFF,YELLOW,GREEN LIGHT,2025,1,2025,2025,predictive,preference_dedicated_hunter_deer,TRUE,Forecasted from 2025 dedicated hunter ladder with residency quota split and preference carry-forward.,Dedicated Hunter,PREFERENCE_DEDICATED_HUNTER_DEER,MODELED_PREFERENCE,TARGET,True,Modeled by engine.utah_draw_predictive.dedicated_hunter.
hybrid_ml_v2.1.0,utah_preference_dedicated_hunter_deer_v1.0.0,2026,2026,DB1805,Oquirrh/Tintic,Deer,Buck,General Season,Dedicated Hunter,Resident,24,dedicated_hunter,146,56,,,,,1,1,0,0,1,1.000000,,,1.000000,,,100.000,,-23,0,ABOVE CUTOFF,YELLOW,GREEN LIGHT,2025,1,2025,2025,predictive,preference_dedicated_hunter_deer,TRUE,Forecasted from 2025 dedicated hunter ladder with residency quota split and preference carry-forward.,Dedicated Hunter,PREFERENCE_DEDICATED_HUNTER_DEER,MODELED_PREFERENCE,TARGET,True,Modeled by engine.utah_draw_predictive.dedicated_hunter.
hybrid_ml_v2.1.0,utah_preference_dedicated_hunter_deer_v1.0.0,2026,2026,DB1806,"West Desert, Swasey",Deer,Buck,General Season,Dedicated Hunter,Nonresident,0,dedicated_hunter,0,1,,,,,,,0,0,1,1.000000,,,1.000000,,,100.000,,,,ABOVE CUTOFF,YELLOW,GREEN LIGHT,2025,1,2025,2025,predictive,preference_dedicated_hunter_deer,TRUE,Forecasted from 2025 dedicated hunter ladder with residency quota split and preference carry-forward.,Dedicated Hunter,PREFERENCE_DEDICATED_HUNTER_DEER,MODELED_PREFERENCE,TARGET,True,Modeled by engine.utah_draw_predictive.dedicated_hunter.
hybrid_ml_v2.1.0,utah_preference_dedicated_hunter_deer_v1.0.0,2026,2026,DB1806,"West Desert, Swasey",Deer,Buck,General Season,Dedicated Hunter,Nonresident,1,dedicated_hunter,0,1,,,,,,,0,0,1,1.000000,,,1.000000,,,100.000,,,,ABOVE CUTOFF,YELLOW,GREEN LIGHT,2025,1,2025,2025,predictive,preference_dedicated_hunter_deer,TRUE,Forecasted from 2025 dedicated hunter ladder with residency quota split and preference carry-forward.,Dedicated Hunter,PREFERENCE_DEDICATED_HUNTER_DEER,MODELED_PREFERENCE,TARGET,True,Modeled by engine.utah_draw_predictive.dedicated_hunter.
hybrid_ml_v2.1.0,utah_preference_dedicated_hunter_deer_v1.0.0,2026,2026,DB1806,"West Desert, Swasey",Deer,Buck,General Season,Dedicated Hunter,Nonresident,2,dedicated_hunter,0,1,,,,,,,0,0,1,1.000000,,,1.000000,,,100.000,,,,ABOVE CUTOFF,YELLOW,GREEN LIGHT,2025,1,2025,2025,predictive,preference_dedicated_hunter_deer,TRUE,Forecasted from 2025 dedicated hunter ladder with residency quota split and preference carry-forward.,Dedicated Hunter,PREFERENCE_DEDICATED_HUNTER_DEER,MODELED_PREFERENCE,TARGET,True,Modeled by engine.utah_draw_predictive.dedicated_hunter.
hybrid_ml_v2.1.0,utah_preference_dedicated_hunter_deer_v1.0.0,2026,2026,DB1806,"West Desert, Swasey",Deer,Buck,General Season,Dedicated Hunter,Nonresident,3,dedicated_hunter,0,1,,,,,,,0,0,1,1.000000,,,1.000000,,,100.000,,,,ABOVE CUTOFF,YELLOW,GREEN LIGHT,2025,1,2025,2025,predictive,preference_dedicated_hunter_deer,TRUE,Forecasted from 2025 dedicated hunter ladder with residency quota split and preference carry-forward.,Dedicated Hunter,PREFERENCE_DEDICATED_HUNTER_DEER,MODELED_PREFERENCE,TARGET,True,Modeled by engine.utah_draw_predictive.dedicated_hunter.
hybrid_ml_v2.1.0,utah_preference_dedicated_hunter_deer_v1.0.0,2026,2026,DB1806,"West Desert, Swasey",Deer,Buck,General Season,Dedicated Hunter,Nonresident,4,dedicated_hunter,0,1,,,,,,,0,0,1,1.000000,,,1.000000,,,100.000,,,,ABOVE CUTOFF,YELLOW,GREEN LIGHT,2025,1,2025,2025,predictive,preference_dedicated_hunter_deer,TRUE,Forecasted from 2025 dedicated hunter ladder with residency quota split and preference carry-forward.,Dedicated Hunter,PREFERENCE_DEDICATED_HUNTER_DEER,MODELED_PREFERENCE,TARGET,True,Modeled by engine.utah_draw_predictive.dedicated_hunter.
hybrid_ml_v2.1.0,utah_preference_dedicated_hunter_deer_v1.0.0,2026,2026,DB1806,"West Desert, Swasey",Deer,Buck,General Season,Dedicated Hunter,Nonresident,5,dedicated_hunter,0,1,,,,,,,0,0,1,1.000000,,,1.000000,,,100.000,,,,ABOVE CUTOFF,YELLOW,GREEN LIGHT,2025,1,2025,2025,predictive,preference_dedicated_hunter_deer,TRUE,Forecasted from 2025 dedicated hunter ladder with residency quota split and preference carry-forward.,Dedicated Hunter,PREFERENCE_DEDICATED_HUNTER_DEER,MODELED_PREFERENCE,TARGET,True,Modeled by engine.utah_draw_predictive.dedicated_hunter.
hybrid_ml_v2.1.0,utah_preference_dedicated_hunter_deer_v1.0.0,2026,2026,DB1806,"West Desert, Swasey",Deer,Buck,General Season,Dedicated Hunter,Nonresident,6,dedicated_hunter,0,1,,,,,,,0,0,1,1.000000,,,1.000000,,,100.000,,,,ABOVE CUTOFF,YELLOW,GREEN LIGHT,2025,1,2025,2025,predictive,preference_dedicated_hunter_deer,TRUE,Forecasted from 2025 dedicated hunter ladder with residency quota split and preference carry-forward.,Dedicated Hunter,PREFERENCE_DEDICATED_HUNTER_DEER,MODELED_PREFERENCE,TARGET,True,Modeled by engine.utah_draw_predictive.dedicated_hunter.
hybrid_ml_v2.1.0,utah_preference_dedicated_hunter_deer_v1.0.0,2026,2026,DB1806,"West Desert, Swasey",Deer,Buck,General Season,Dedicated Hunter,Nonresident,7,dedicated_hunter,0,1,,,,,,,0,0,1,1.000000,,,1.000000,,,100.000,,,,ABOVE CUTOFF,YELLOW,GREEN LIGHT,2025,1,2025,2025,predictive,preference_dedicated_hunter_deer,TRUE,Forecasted from 2025 dedicated hunter ladder with residency quota split and preference carry-forward.,Dedicated Hunter,PREFERENCE_DEDICATED_HUNTER_DEER,MODELED_PREFERENCE,TARGET,True,Modeled by engine.utah_draw_predictive.dedicated_hunter.
hybrid_ml_v2.1.0,utah_preference_dedicated_hunter_deer_v1.0.0,2026,2026,DB1806,"West Desert, Swasey",Deer,Buck,General Season,Dedicated Hunter,Nonresident,8,dedicated_hunter,0,1,,,,,,,0,0,1,1.000000,,,1.000000,,,100.000,,,,ABOVE CUTOFF,YELLOW,GREEN LIGHT,2025,1,2025,2025,predictive,preference_dedicated_hunter_deer,TRUE,Forecasted from 2025 dedicated hunter ladder with residency quota split and preference carry-forward.,Dedicated Hunter,PREFERENCE_DEDICATED_HUNTER_DEER,MODELED_PREFERENCE,TARGET,True,Modeled by engine.utah_draw_predictive.dedicated_hunter.
hybrid_ml_v2.1.0,utah_preference_dedicated_hunter_deer_v1.0.0,2026,2026,DB1806,"West Desert, Swasey",Deer,Buck,General Season,Dedicated Hunter,Nonresident,9,dedicated_hunter,0,1,,,,,,,0,0,1,1.000000,,,1.000000,,,100.000,,,,ABOVE CUTOFF,YELLOW,GREEN LIGHT,2025,1,2025,2025,predictive,preference_dedicated_hunter_deer,TRUE,Forecasted from 2025 dedicated hunter ladder with residency quota split and preference carry-forward.,Dedicated Hunter,PREFERENCE_DEDICATED_HUNTER_DEER,MODELED_PREFERENCE,TARGET,True,Modeled by engine.utah_draw_predictive.dedicated_hunter.
hybrid_ml_v2.1.0,utah_preference_dedicated_hunter_deer_v1.0.0,2026,2026,DB1806,"West Desert, Swasey",Deer,Buck,General Season,Dedicated Hunter,Nonresident,10,dedicated_hunter,0,1,,,,,,,0,0,1,1.000000,,,1.000000,,,100.000,,,,ABOVE CUTOFF,YELLOW,GREEN LIGHT,2025,1,2025,2025,predictive,preference_dedicated_hunter_deer,TRUE,Forecasted from 2025 dedicated hunter ladder with residency quota split and preference carry-forward.,Dedicated Hunter,PREFERENCE_DEDICATED_HUNTER_DEER,MODELED_PREFERENCE,TARGET,True,Modeled by engine.utah_draw_predictive.dedicated_hunter.
hybrid_ml_v2.1.0,utah_preference_dedicated_hunter_deer_v1.0.0,2026,2026,DB1806,"West Desert, Swasey",Deer,Buck,General Season,Dedicated Hunter,Nonresident,11,dedicated_hunter,0,1,,,,,,,0,0,1,1.000000,,,1.000000,,,100.000,,,,ABOVE CUTOFF,YELLOW,GREEN LIGHT,2025,1,2025,2025,predictive,preference_dedicated_hunter_deer,TRUE,Forecasted from 2025 dedicated hunter ladder with residency quota split and preference carry-forward.,Dedicated Hunter,PREFERENCE_DEDICATED_HUNTER_DEER,MODELED_PREFERENCE,TARGET,True,Modeled by engine.utah_draw_predictive.dedicated_hunter.
hybrid_ml_v2.1.0,utah_preference_dedicated_hunter_deer_v1.0.0,2026,2026,DB1806,"West Desert, Swasey",Deer,Buck,General Season,Dedicated Hunter,Nonresident,12,dedicated_hunter,0,1,,,,,,,0,0,1,1.000000,,,1.000000,,,100.000,,,,ABOVE CUTOFF,YELLOW,GREEN LIGHT,2025,1,2025,2025,predictive,preference_dedicated_hunter_deer,TRUE,Forecasted from 2025 dedicated hunter ladder with residency quota split and preference carry-forward.,Dedicated Hunter,PREFERENCE_DEDICATED_HUNTER_DEER,MODELED_PREFERENCE,TARGET,True,Modeled by engine.utah_draw_predictive.dedicated_hunter.
hybrid_ml_v2.1.0,utah_preference_dedicated_hunter_deer_v1.0.0,2026,2026,DB1806,"West Desert, Swasey",Deer,Buck,General Season,Dedicated Hunter,Nonresident,13,dedicated_hunter,0,1,,,,,,,0,0,1,1.000000,,,1.000000,,,100.000,,,,ABOVE CUTOFF,YELLOW,GREEN LIGHT,2025,1,2025,2025,predictive,preference_dedicated_hunter_deer,TRUE,Forecasted from 2025 dedicated hunter ladder with residency quota split and preference carry-forward.,Dedicated Hunter,PREFERENCE_DEDICATED_HUNTER_DEER,MODELED_PREFERENCE,TARGET,True,Modeled by engine.utah_draw_predictive.dedicated_hunter.
hybrid_ml_v2.1.0,utah_preference_dedicated_hunter_deer_v1.0.0,2026,2026,DB1806,"West Desert, Swasey",Deer,Buck,General Season,Dedicated Hunter,Nonresident,14,dedicated_hunter,0,1,,,,,,,0,0,1,1.000000,,,1.000000,,,100.000,,,,ABOVE CUTOFF,YELLOW,GREEN LIGHT,2025,1,2025,2025,predictive,preference_dedicated_hunter_deer,TRUE,Forecasted from 2025 dedicated hunter ladder with residency quota split and preference carry-forward.,Dedicated Hunter,PREFERENCE_DEDICATED_HUNTER_DEER,MODELED_PREFERENCE,TARGET,True,Modeled by engine.utah_draw_predictive.dedicated_hunter.
hybrid_ml_v2.1.0,utah_preference_dedicated_hunter_deer_v1.0.0,2026,2026,DB1806,"West Desert, Swasey",Deer,Buck,General Season,Dedicated Hunter,Nonresident,15,dedicated_hunter,0,1,,,,,,,0,0,1,1.000000,,,1.000000,,,100.000,,,,ABOVE CUTOFF,YELLOW,GREEN LIGHT,2025,1,2025,2025,predictive,preference_dedicated_hunter_deer,TRUE,Forecasted from 2025 dedicated hunter ladder with residency quota split and preference carry-forward.,Dedicated Hunter,PREFERENCE_DEDICATED_HUNTER_DEER,MODELED_PREFERENCE,TARGET,True,Modeled by engine.utah_draw_predictive.dedicated_hunter.
hybrid_ml_v2.1.0,utah_preference_dedicated_hunter_deer_v1.0.0,2026,2026,DB1806,"West Desert, Swasey",Deer,Buck,General Season,Dedicated Hunter,Nonresident,16,dedicated_hunter,0,1,,,,,,,0,0,1,1.000000,,,1.000000,,,100.000,,,,ABOVE CUTOFF,YELLOW,GREEN LIGHT,2025,1,2025,2025,predictive,preference_dedicated_hunter_deer,TRUE,Forecasted from 2025 dedicated hunter ladder with residency quota split and preference carry-forward.,Dedicated Hunter,PREFERENCE_DEDICATED_HUNTER_DEER,MODELED_PREFERENCE,TARGET,True,Modeled by engine.utah_draw_predictive.dedicated_hunter.
hybrid_ml_v2.1.0,utah_preference_dedicated_hunter_deer_v1.0.0,2026,2026,DB1806,"West Desert, Swasey",Deer,Buck,General Season,Dedicated Hunter,Nonresident,17,dedicated_hunter,0,1,,,,,,,0,0,1,1.000000,,,1.000000,,,100.000,,,,ABOVE CUTOFF,YELLOW,GREEN LIGHT,2025,1,2025,2025,predictive,preference_dedicated_hunter_deer,TRUE,Forecasted from 2025 dedicated hunter ladder with residency quota split and preference carry-forward.,Dedicated Hunter,PREFERENCE_DEDICATED_HUNTER_DEER,MODELED_PREFERENCE,TARGET,True,Modeled by engine.utah_draw_predictive.dedicated_hunter.
hybrid_ml_v2.1.0,utah_preference_dedicated_hunter_deer_v1.0.0,2026,2026,DB1806,"West Desert, Swasey",Deer,Buck,General Season,Dedicated Hunter,Nonresident,18,dedicated_hunter,0,1,,,,,,,0,0,1,1.000000,,,1.000000,,,100.000,,,,ABOVE CUTOFF,YELLOW,GREEN LIGHT,2025,1,2025,2025,predictive,preference_dedicated_hunter_deer,TRUE,Forecasted from 2025 dedicated hunter ladder with residency quota split and preference carry-forward.,Dedicated Hunter,PREFERENCE_DEDICATED_HUNTER_DEER,MODELED_PREFERENCE,TARGET,True,Modeled by engine.utah_draw_predictive.dedicated_hunter.
hybrid_ml_v2.1.0,utah_preference_dedicated_hunter_deer_v1.0.0,2026,2026,DB1806,"West Desert, Swasey",Deer,Buck,General Season,Dedicated Hunter,Nonresident,19,dedicated_hunter,0,1,,,,,,,0,0,1,1.000000,,,1.000000,,,100.000,,,,ABOVE CUTOFF,YELLOW,GREEN LIGHT,2025,1,2025,2025,predictive,preference_dedicated_hunter_deer,TRUE,Forecasted from 2025 dedicated hunter ladder with residency quota split and preference carry-forward.,Dedicated Hunter,PREFERENCE_DEDICATED_HUNTER_DEER,MODELED_PREFERENCE,TARGET,True,Modeled by engine.utah_draw_predictive.dedicated_hunter.
hybrid_ml_v2.1.0,utah_preference_dedicated_hunter_deer_v1.0.0,2026,2026,DB1806,"West Desert, Swasey",Deer,Buck,General Season,Dedicated Hunter,Nonresident,20,dedicated_hunter,0,1,,,,,,,0,0,1,1.000000,,,1.000000,,,100.000,,,,ABOVE CUTOFF,YELLOW,GREEN LIGHT,2025,1,2025,2025,predictive,preference_dedicated_hunter_deer,TRUE,Forecasted from 2025 dedicated hunter ladder with residency quota split and preference carry-forward.,Dedicated Hunter,PREFERENCE_DEDICATED_HUNTER_DEER,MODELED_PREFERENCE,TARGET,True,Modeled by engine.utah_draw_predictive.dedicated_hunter.
hybrid_ml_v2.1.0,utah_preference_dedicated_hunter_deer_v1.0.0,2026,2026,DB1806,"West Desert, Swasey",Deer,Buck,General Season,Dedicated Hunter,Nonresident,21,dedicated_hunter,0,1,,,,,,,0,0,1,1.000000,,,1.000000,,,100.000,,,,ABOVE CUTOFF,YELLOW,GREEN LIGHT,2025,1,2025,2025,predictive,preference_dedicated_hunter_deer,TRUE,Forecasted from 2025 dedicated hunter ladder with residency quota split and preference carry-forward.,Dedicated Hunter,PREFERENCE_DEDICATED_HUNTER_DEER,MODELED_PREFERENCE,TARGET,True,Modeled by engine.utah_draw_predictive.dedicated_hunter.
hybrid_ml_v2.1.0,utah_preference_dedicated_hunter_deer_v1.0.0,2026,2026,DB1806,"West Desert, Swasey",Deer,Buck,General Season,Dedicated Hunter,Nonresident,22,dedicated_hunter,0,1,,,,,,,0,0,1,1.000000,,,1.000000,,,100.000,,,,ABOVE CUTOFF,YELLOW,GREEN LIGHT,2025,1,2025,2025,predictive,preference_dedicated_hunter_deer,TRUE,Forecasted from 2025 dedicated hunter ladder with residency quota split and preference carry-forward.,Dedicated Hunter,PREFERENCE_DEDICATED_HUNTER_DEER,MODELED_PREFERENCE,TARGET,True,Modeled by engine.utah_draw_predictive.dedicated_hunter.
hybrid_ml_v2.1.0,utah_preference_dedicated_hunter_deer_v1.0.0,2026,2026,DB1806,"West Desert, Swasey",Deer,Buck,General Season,Dedicated Hunter,Nonresident,23,dedicated_hunter,0,1,,,,,,,0,0,1,1.000000,,,1.000000,,,100.000,,,,ABOVE CUTOFF,YELLOW,GREEN LIGHT,2025,1,2025,2025,predictive,preference_dedicated_hunter_deer,TRUE,Forecasted from 2025 dedicated hunter ladder with residency quota split and preference carry-forward.,Dedicated Hunter,PREFERENCE_DEDICATED_HUNTER_DEER,MODELED_PREFERENCE,TARGET,True,Modeled by engine.utah_draw_predictive.dedicated_hunter.
hybrid_ml_v2.1.0,utah_preference_dedicated_hunter_deer_v1.0.0,2026,2026,DB1806,"West Desert, Swasey",Deer,Buck,General Season,Dedicated Hunter,Nonresident,24,dedicated_hunter,0,1,,,,,,,0,0,1,1.000000,,,1.000000,,,100.000,,,,ABOVE CUTOFF,YELLOW,GREEN LIGHT,2025,1,2025,2025,predictive,preference_dedicated_hunter_deer,TRUE,Forecasted from 2025 dedicated hunter ladder with residency quota split and preference carry-forward.,Dedicated Hunter,PREFERENCE_DEDICATED_HUNTER_DEER,MODELED_PREFERENCE,TARGET,True,Modeled by engine.utah_draw_predictive.dedicated_hunter.
hybrid_ml_v2.1.0,utah_preference_dedicated_hunter_deer_v1.0.0,2026,2026,DB1806,"West Desert, Swasey",Deer,Buck,General Season,Dedicated Hunter,Resident,0,dedicated_hunter,18,23,,,,,1,0,1,6,6,1.000000,,,1.000000,,,100.000,,0,-1,ABOVE CUTOFF,RED,GREEN LIGHT,2025,1,2025,2025,predictive,preference_dedicated_hunter_deer,TRUE,Forecasted from 2025 dedicated hunter ladder with residency quota split and preference carry-forward.,Dedicated Hunter,PREFERENCE_DEDICATED_HUNTER_DEER,MODELED_PREFERENCE,TARGET,True,Modeled by engine.utah_draw_predictive.dedicated_hunter.
hybrid_ml_v2.1.0,utah_preference_dedicated_hunter_deer_v1.0.0,2026,2026,DB1806,"West Desert, Swasey",Deer,Buck,General Season,Dedicated Hunter,Resident,1,dedicated_hunter,18,23,,,,,1,0,1,0,1,1.000000,,,1.000000,,,100.000,,-1,-1,ABOVE CUTOFF,RED,GREEN LIGHT,2025,1,2025,2025,predictive,preference_dedicated_hunter_deer,TRUE,Forecasted from 2025 dedicated hunter ladder with residency quota split and preference carry-forward.,Dedicated Hunter,PREFERENCE_DEDICATED_HUNTER_DEER,MODELED_PREFERENCE,TARGET,True,Modeled by engine.utah_draw_predictive.dedicated_hunter.
hybrid_ml_v2.1.0,utah_preference_dedicated_hunter_deer_v1.0.0,2026,2026,DB1806,"West Desert, Swasey",Deer,Buck,General Season,Dedicated Hunter,Resident,2,dedicated_hunter,18,23,,,,,1,0,1,0,1,1.000000,,,1.000000,,,100.000,,-2,-1,ABOVE CUTOFF,RED,GREEN LIGHT,2025,1,2025,2025,predictive,preference_dedicated_hunter_deer,TRUE,Forecasted from 2025 dedicated hunter ladder with residency quota split and preference carry-forward.,Dedicated Hunter,PREFERENCE_DEDICATED_HUNTER_DEER,MODELED_PREFERENCE,TARGET,True,Modeled by engine.utah_draw_predictive.dedicated_hunter.
hybrid_ml_v2.1.0,utah_preference_dedicated_hunter_deer_v1.0.0,2026,2026,DB1806,"West Desert, Swasey",Deer,Buck,General Season,Dedicated Hunter,Resident,3,dedicated_hunter,18,23,,,,,1,0,0,1,1,1.000000,,,1.000000,,,100.000,,-3,-1,ABOVE CUTOFF,RED,GREEN LIGHT,2025,1,2025,2025,predictive,preference_dedicated_hunter_deer,TRUE,Forecasted from 2025 dedicated hunter ladder with residency quota split and preference carry-forward.,Dedicated Hunter,PREFERENCE_DEDICATED_HUNTER_DEER,MODELED_PREFERENCE,TARGET,True,Modeled by engine.utah_draw_predictive.dedicated_hunter.
hybrid_ml_v2.1.0,utah_preference_dedicated_hunter_deer_v1.0.0,2026,2026,DB1806,"West Desert, Swasey",Deer,Buck,General Season,Dedicated Hunter,Resident,4,dedicated_hunter,18,23,,,,,1,0,0,0,1,1.000000,,,1.000000,,,100.000,,-4,-1,ABOVE CUTOFF,RED,GREEN LIGHT,2025,1,2025,2025,predictive,preference_dedicated_hunter_deer,TRUE,Forecasted from 2025 dedicated hunter ladder with residency quota split and preference carry-forward.,Dedicated Hunter,PREFERENCE_DEDICATED_HUNTER_DEER,MODELED_PREFERENCE,TARGET,True,Modeled by engine.utah_draw_predictive.dedicated_hunter.
hybrid_ml_v2.1.0,utah_preference_dedicated_hunter_deer_v1.0.0,2026,2026,DB1806,"West Desert, Swasey",Deer,Buck,General Season,Dedicated Hunter,Resident,5,dedicated_hunter,18,23,,,,,1,0,0,0,1,1.000000,,,1.000000,,,100.000,,-5,-1,ABOVE CUTOFF,RED,GREEN LIGHT,2025,1,2025,2025,predictive,preference_dedicated_hunter_deer,TRUE,Forecasted from 2025 dedicated hunter ladder with residency quota split and preference carry-forward.,Dedicated Hunter,PREFERENCE_DEDICATED_HUNTER_DEER,MODELED_PREFERENCE,TARGET,True,Modeled by engine.utah_draw_predictive.dedicated_hunter.
hybrid_ml_v2.1.0,utah_preference_dedicated_hunter_deer_v1.0.0,2026,2026,DB1806,"West Desert, Swasey",Deer,Buck,General Season,Dedicated Hunter,Resident,6,dedicated_hunter,18,23,,,,,1,0,0,0,1,1.000000,,,1.000000,,,100.000,,-6,-1,ABOVE CUTOFF,RED,GREEN LIGHT,2025,1,2025,2025,predictive,preference_dedicated_hunter_deer,TRUE,Forecasted from 2025 dedicated hunter ladder with residency quota split and preference carry-forward.,Dedicated Hunter,PREFERENCE_DEDICATED_HUNTER_DEER,MODELED_PREFERENCE,TARGET,True,Modeled by engine.utah_draw_predictive.dedicated_hunter.
hybrid_ml_v2.1.0,utah_preference_dedicated_hunter_deer_v1.0.0,2026,2026,DB1806,"West Desert, Swasey",Deer,Buck,General Season,Dedicated Hunter,Resident,7,dedicated_hunter,18,23,,,,,1,0,0,0,1,1.000000,,,1.000000,,,100.000,,-7,-1,ABOVE CUTOFF,RED,GREEN LIGHT,2025,1,2025,2025,predictive,preference_dedicated_hunter_deer,TRUE,Forecasted from 2025 dedicated hunter ladder with residency quota split and preference carry-forward.,Dedicated Hunter,PREFERENCE_DEDICATED_HUNTER_DEER,MODELED_PREFERENCE,TARGET,True,Modeled by engine.utah_draw_predictive.dedicated_hunter.
hybrid_ml_v2.1.0,utah_preference_dedicated_hunter_deer_v1.0.0,2026,2026,DB1806,"West Desert, Swasey",Deer,Buck,General Season,Dedicated Hunter,Resident,8,dedicated_hunter,18,23,,,,,1,0,0,0,1,1.000000,,,1.000000,,,100.000,,-8,-1,ABOVE CUTOFF,RED,GREEN LIGHT,2025,1,2025,2025,predictive,preference_dedicated_hunter_deer,TRUE,Forecasted from 2025 dedicated hunter ladder with residency quota split and preference carry-forward.,Dedicated Hunter,PREFERENCE_DEDICATED_HUNTER_DEER,MODELED_PREFERENCE,TARGET,True,Modeled by engine.utah_draw_predictive.dedicated_hunter.
hybrid_ml_v2.1.0,utah_preference_dedicated_hunter_deer_v1.0.0,2026,2026,DB1806,"West Desert, Swasey",Deer,Buck,General Season,Dedicated Hunter,Resident,9,dedicated_hunter,18,23,,,,,1,0,0,0,1,1.000000,,,1.000000,,,100.000,,-9,-1,ABOVE CUTOFF,RED,GREEN LIGHT,2025,1,2025,2025,predictive,preference_dedicated_hunter_deer,TRUE,Forecasted from 2025 dedicated hunter ladder with residency quota split and preference carry-forward.,Dedicated Hunter,PREFERENCE_DEDICATED_HUNTER_DEER,MODELED_PREFERENCE,TARGET,True,Modeled by engine.utah_draw_predictive.dedicated_hunter.
hybrid_ml_v2.1.0,utah_preference_dedicated_hunter_deer_v1.0.0,2026,2026,DB1806,"West Desert, Swasey",Deer,Buck,General Season,Dedicated Hunter,Resident,10,dedicated_hunter,18,23,,,,,1,0,0,0,1,1.000000,,,1.000000,,,100.000,,-10,-1,ABOVE CUTOFF,RED,GREEN LIGHT,2025,1,2025,2025,predictive,preference_dedicated_hunter_deer,TRUE,Forecasted from 2025 dedicated hunter ladder with residency quota split and preference carry-forward.,Dedicated Hunter,PREFERENCE_DEDICATED_HUNTER_DEER,MODELED_PREFERENCE,TARGET,True,Modeled by engine.utah_draw_predictive.dedicated_hunter.
hybrid_ml_v2.1.0,utah_preference_dedicated_hunter_deer_v1.0.0,2026,2026,DB1806,"West Desert, Swasey",Deer,Buck,General Season,Dedicated Hunter,Resident,11,dedicated_hunter,18,23,,,,,1,0,0,0,1,1.000000,,,1.000000,,,100.000,,-11,-1,ABOVE CUTOFF,RED,GREEN LIGHT,2025,1,2025,2025,predictive,preference_dedicated_hunter_deer,TRUE,Forecasted from 2025 dedicated hunter ladder with residency quota split and preference carry-forward.,Dedicated Hunter,PREFERENCE_DEDICATED_HUNTER_DEER,MODELED_PREFERENCE,TARGET,True,Modeled by engine.utah_draw_predictive.dedicated_hunter.
hybrid_ml_v2.1.0,utah_preference_dedicated_hunter_deer_v1.0.0,2026,2026,DB1806,"West Desert, Swasey",Deer,Buck,General Season,Dedicated Hunter,Resident,12,dedicated_hunter,18,23,,,,,1,0,0,0,1,1.000000,,,1.000000,,,100.000,,-12,-1,ABOVE CUTOFF,RED,GREEN LIGHT,2025,1,2025,2025,predictive,preference_dedicated_hunter_deer,TRUE,Forecasted from 2025 dedicated hunter ladder with residency quota split and preference carry-forward.,Dedicated Hunter,PREFERENCE_DEDICATED_HUNTER_DEER,MODELED_PREFERENCE,TARGET,True,Modeled by engine.utah_draw_predictive.dedicated_hunter.
hybrid_ml_v2.1.0,utah_preference_dedicated_hunter_deer_v1.0.0,2026,2026,DB1806,"West Desert, Swasey",Deer,Buck,General Season,Dedicated Hunter,Resident,13,dedicated_hunter,18,23,,,,,1,0,0,0,1,1.000000,,,1.000000,,,100.000,,-13,-1,ABOVE CUTOFF,RED,GREEN LIGHT,2025,1,2025,2025,predictive,preference_dedicated_hunter_deer,TRUE,Forecasted from 2025 dedicated hunter ladder with residency quota split and preference carry-forward.,Dedicated Hunter,PREFERENCE_DEDICATED_HUNTER_DEER,MODELED_PREFERENCE,TARGET,True,Modeled by engine.utah_draw_predictive.dedicated_hunter.
hybrid_ml_v2.1.0,utah_preference_dedicated_hunter_deer_v1.0.0,2026,2026,DB1806,"West Desert, Swasey",Deer,Buck,General Season,Dedicated Hunter,Resident,14,dedicated_hunter,18,23,,,,,1,0,0,0,1,1.000000,,,1.000000,,,100.000,,-14,-1,ABOVE CUTOFF,RED,GREEN LIGHT,2025,1,2025,2025,predictive,preference_dedicated_hunter_deer,TRUE,Forecasted from 2025 dedicated hunter ladder with residency quota split and preference carry-forward.,Dedicated Hunter,PREFERENCE_DEDICATED_HUNTER_DEER,MODELED_PREFERENCE,TARGET,True,Modeled by engine.utah_draw_predictive.dedicated_hunter.
hybrid_ml_v2.1.0,utah_preference_dedicated_hunter_deer_v1.0.0,2026,2026,DB1806,"West Desert, Swasey",Deer,Buck,General Season,Dedicated Hunter,Resident,15,dedicated_hunter,18,23,,,,,1,0,0,0,1,1.000000,,,1.000000,,,100.000,,-15,-1,ABOVE CUTOFF,RED,GREEN LIGHT,2025,1,2025,2025,predictive,preference_dedicated_hunter_deer,TRUE,Forecasted from 2025 dedicated hunter ladder with residency quota split and preference carry-forward.,Dedicated Hunter,PREFERENCE_DEDICATED_HUNTER_DEER,MODELED_PREFERENCE,TARGET,True,Modeled by engine.utah_draw_predictive.dedicated_hunter.
hybrid_ml_v2.1.0,utah_preference_dedicated_hunter_deer_v1.0.0,2026,2026,DB1806,"West Desert, Swasey",Deer,Buck,General Season,Dedicated Hunter,Resident,16,dedicated_hunter,18,23,,,,,1,0,0,0,1,1.000000,,,1.000000,,,100.000,,-16,-1,ABOVE CUTOFF,RED,GREEN LIGHT,2025,1,2025,2025,predictive,preference_dedicated_hunter_deer,TRUE,Forecasted from 2025 dedicated hunter ladder with residency quota split and preference carry-forward.,Dedicated Hunter,PREFERENCE_DEDICATED_HUNTER_DEER,MODELED_PREFERENCE,TARGET,True,Modeled by engine.utah_draw_predictive.dedicated_hunter.
hybrid_ml_v2.1.0,utah_preference_dedicated_hunter_deer_v1.0.0,2026,2026,DB1806,"West Desert, Swasey",Deer,Buck,General Season,Dedicated Hunter,Resident,17,dedicated_hunter,18,23,,,,,1,0,0,0,1,1.000000,,,1.000000,,,100.000,,-17,-1,ABOVE CUTOFF,RED,GREEN LIGHT,2025,1,2025,2025,predictive,preference_dedicated_hunter_deer,TRUE,Forecasted from 2025 dedicated hunter ladder with residency quota split and preference carry-forward.,Dedicated Hunter,PREFERENCE_DEDICATED_HUNTER_DEER,MODELED_PREFERENCE,TARGET,True,Modeled by engine.utah_draw_predictive.dedicated_hunter.
hybrid_ml_v2.1.0,utah_preference_dedicated_hunter_deer_v1.0.0,2026,2026,DB1806,"West Desert, Swasey",Deer,Buck,General Season,Dedicated Hunter,Resident,18,dedicated_hunter,18,23,,,,,1,0,0,0,1,1.000000,,,1.000000,,,100.000,,-18,-1,ABOVE CUTOFF,RED,GREEN LIGHT,2025,1,2025,2025,predictive,preference_dedicated_hunter_deer,TRUE,Forecasted from 2025 dedicated hunter ladder with residency quota split and preference carry-forward.,Dedicated Hunter,PREFERENCE_DEDICATED_HUNTER_DEER,MODELED_PREFERENCE,TARGET,True,Modeled by engine.utah_draw_predictive.dedicated_hunter.
hybrid_ml_v2.1.0,utah_preference_dedicated_hunter_deer_v1.0.0,2026,2026,DB1806,"West Desert, Swasey",Deer,Buck,General Season,Dedicated Hunter,Resident,19,dedicated_hunter,18,23,,,,,1,0,0,0,1,1.000000,,,1.000000,,,100.000,,-19,-1,ABOVE CUTOFF,RED,GREEN LIGHT,2025,1,2025,2025,predictive,preference_dedicated_hunter_deer,TRUE,Forecasted from 2025 dedicated hunter ladder with residency quota split and preference carry-forward.,Dedicated Hunter,PREFERENCE_DEDICATED_HUNTER_DEER,MODELED_PREFERENCE,TARGET,True,Modeled by engine.utah_draw_predictive.dedicated_hunter.
hybrid_ml_v2.1.0,utah_preference_dedicated_hunter_deer_v1.0.0,2026,2026,DB1806,"West Desert, Swasey",Deer,Buck,General Season,Dedicated Hunter,Resident,20,dedicated_hunter,18,23,,,,,1,0,0,0,1,1.000000,,,1.000000,,,100.000,,-20,-1,ABOVE CUTOFF,RED,GREEN LIGHT,2025,1,2025,2025,predictive,preference_dedicated_hunter_deer,TRUE,Forecasted from 2025 dedicated hunter ladder with residency quota split and preference carry-forward.,Dedicated Hunter,PREFERENCE_DEDICATED_HUNTER_DEER,MODELED_PREFERENCE,TARGET,True,Modeled by engine.utah_draw_predictive.dedicated_hunter.
hybrid_ml_v2.1.0,utah_preference_dedicated_hunter_deer_v1.0.0,2026,2026,DB1806,"West Desert, Swasey",Deer,Buck,General Season,Dedicated Hunter,Resident,21,dedicated_hunter,18,23,,,,,1,0,0,0,1,1.000000,,,1.000000,,,100.000,,-21,-1,ABOVE CUTOFF,RED,GREEN LIGHT,2025,1,2025,2025,predictive,preference_dedicated_hunter_deer,TRUE,Forecasted from 2025 dedicated hunter ladder with residency quota split and preference carry-forward.,Dedicated Hunter,PREFERENCE_DEDICATED_HUNTER_DEER,MODELED_PREFERENCE,TARGET,True,Modeled by engine.utah_draw_predictive.dedicated_hunter.
hybrid_ml_v2.1.0,utah_preference_dedicated_hunter_deer_v1.0.0,2026,2026,DB1806,"West Desert, Swasey",Deer,Buck,General Season,Dedicated Hunter,Resident,22,dedicated_hunter,18,23,,,,,1,0,0,0,1,1.000000,,,1.000000,,,100.000,,-22,-1,ABOVE CUTOFF,RED,GREEN LIGHT,2025,1,2025,2025,predictive,preference_dedicated_hunter_deer,TRUE,Forecasted from 2025 dedicated hunter ladder with residency quota split and preference carry-forward.,Dedicated Hunter,PREFERENCE_DEDICATED_HUNTER_DEER,MODELED_PREFERENCE,TARGET,True,Modeled by engine.utah_draw_predictive.dedicated_hunter.
hybrid_ml_v2.1.0,utah_preference_dedicated_hunter_deer_v1.0.0,2026,2026,DB1806,"West Desert, Swasey",Deer,Buck,General Season,Dedicated Hunter,Resident,23,dedicated_hunter,18,23,,,,,1,0,0,0,1,1.000000,,,1.000000,,,100.000,,-23,-1,ABOVE CUTOFF,RED,GREEN LIGHT,2025,1,2025,2025,predictive,preference_dedicated_hunter_deer,TRUE,Forecasted from 2025 dedicated hunter ladder with residency quota split and preference carry-forward.,Dedicated Hunter,PREFERENCE_DEDICATED_HUNTER_DEER,MODELED_PREFERENCE,TARGET,True,Modeled by engine.utah_draw_predictive.dedicated_hunter.
hybrid_ml_v2.1.0,utah_preference_dedicated_hunter_deer_v1.0.0,2026,2026,DB1806,"West Desert, Swasey",Deer,Buck,General Season,Dedicated Hunter,Resident,24,dedicated_hunter,18,23,,,,,1,0,0,0,1,1.000000,,,1.000000,,,100.000,,-24,-1,ABOVE CUTOFF,RED,GREEN LIGHT,2025,1,2025,2025,predictive,preference_dedicated_hunter_deer,TRUE,Forecasted from 2025 dedicated hunter ladder with residency quota split and preference carry-forward.,Dedicated Hunter,PREFERENCE_DEDICATED_HUNTER_DEER,MODELED_PREFERENCE,TARGET,True,Modeled by engine.utah_draw_predictive.dedicated_hunter.
