year,model_year,hunt_code,hunt_name,species,hunt_type,draw_design,residency,applicants_total,bonus_permits,regular_permits,permits_total,success_ratio,success_rate,record_type,source_file,source_scope,source_pdf_page
2021,2022,DB1000,Premium Le Archery Buck Deer - Henry Mtns - Archery,DEER,L.E.,BONUS_POINT,Resident,504,5,4,9,1 in 56.0,1.78571429,hunt_total_draw_result,21_bg-odds.pdf,BG_PARENT,3
2021,2022,DB1000,Premium Le Archery Buck Deer - Henry Mtns - Archery,DEER,L.E.,BONUS_POINT,Nonresident,775,0,1,1,1 in 775.0,0.12903226,hunt_total_draw_result,21_bg-odds.pdf,BG_PARENT,3
2021,2022,DB1001,Premium Le Archery Buck Deer - Paunsaugunt - Archery,DEER,L.E.,BONUS_POINT,Resident,874,12,11,23,1 in 38.0,2.63157895,hunt_total_draw_result,21_bg-odds.pdf,BG_PARENT,4
2021,2022,DB1001,Premium Le Archery Buck Deer - Paunsaugunt - Archery,DEER,L.E.,BONUS_POINT,Nonresident,830,1,1,2,1 in 415.0,0.24096386,hunt_total_draw_result,21_bg-odds.pdf,BG_PARENT,4
2021,2022,DB1004,Premium Le Alw (rifle) Buck Deer - Paunsaugunt - Any Legal Weapon,DEER,L.E.,BONUS_POINT,Resident,3758,34,33,67,1 in 56.1,1.78253119,hunt_total_draw_result,21_bg-odds.pdf,BG_PARENT,7
2021,2022,DB1004,Premium Le Alw (rifle) Buck Deer - Paunsaugunt - Any Legal Weapon,DEER,L.E.,BONUS_POINT,Nonresident,3135,4,3,7,1 in 447.9,0.22326412,hunt_total_draw_result,21_bg-odds.pdf,BG_PARENT,7
2021,2022,DB1005,Premium Le Muzzleloader Buck Deer -Henr y Mtns - Muzzleloader,DEER,L.E.,BONUS_POINT,Resident,724,5,4,9,1 in 80.4,1.24378109,hunt_total_draw_result,21_bg-odds.pdf,BG_PARENT,8
2021,2022,DB1005,Premium Le Muzzleloader Buck Deer -Henr y Mtns - Muzzleloader,DEER,L.E.,BONUS_POINT,Nonresident,688,0,1,1,1 in 688.0,0.14534884,hunt_total_draw_result,21_bg-odds.pdf,BG_PARENT,8
2021,2022,DB1006,Premium Le Muzzleloader Buck Deer - Paunsaugunt - Muzzleloader,DEER,L.E.,BONUS_POINT,Resident,827,12,11,23,1 in 36.0,2.77777778,hunt_total_draw_result,21_bg-odds.pdf,BG_PARENT,9
2021,2022,DB1006,Premium Le Muzzleloader Buck Deer - Paunsaugunt - Muzzleloader,DEER,L.E.,BONUS_POINT,Nonresident,502,2,1,3,1 in 167.3,0.59772863,hunt_total_draw_result,21_bg-odds.pdf,BG_PARENT,9
2021,2022,DB1007,Multi-season Premium Limited-entry Buck Deer - Henry Mtns - Any Legal Weapon,DEER,L.E.,BONUS_POINT,Resident,723,1,1,2,1 in 361.5,0.27662517,hunt_total_draw_result,21_bg-odds.pdf,BG_PARENT,10
2021,2022,DB1007,Multi-season Premium Limited-entry Buck Deer - Henry Mtns - Any Legal Weapon,DEER,L.E.,BONUS_POINT,Nonresident,0,0,0,0,N/A,,hunt_total_draw_result,21_bg-odds.pdf,BG_PARENT,10
2021,2022,DB1008,Multi-season Premium Limited-entry Buck Deer - Paunsaugunt - Any Legal Weapon,DEER,L.E.,BONUS_POINT,Resident,557,2,2,4,1 in 139.3,0.71787509,hunt_total_draw_result,21_bg-odds.pdf,BG_PARENT,11
2021,2022,DB1008,Multi-season Premium Limited-entry Buck Deer - Paunsaugunt - Any Legal Weapon,DEER,L.E.,BONUS_POINT,Nonresident,0,0,0,0,N/A,,hunt_total_draw_result,21_bg-odds.pdf,BG_PARENT,11
2021,2022,DB1010,Management Alw (rifle) Buck Deer - Paunsaugunt - Any Legal Weapon,DEER,L.E.,BONUS_POINT,Resident,661,2,1,3,1 in 220.3,0.45392646,hunt_total_draw_result,21_bg-odds.pdf,BG_PARENT,12
2021,2022,DB1010,Management Alw (rifle) Buck Deer - Paunsaugunt - Any Legal Weapon,DEER,L.E.,BONUS_POINT,Nonresident,183,0,1,1,1 in 183.0,0.54644809,hunt_total_draw_result,21_bg-odds.pdf,BG_PARENT,12
2021,2022,DB1011,Limited-entry Archery Buck Deer - Book Cliffs - Archery,DEER,L.E.,BONUS_POINT,Resident,958,23,22,45,1 in 21.3,4.69483568,hunt_total_draw_result,21_bg-odds.pdf,BG_PARENT,13
2021,2022,DB1011,Limited-entry Archery Buck Deer - Book Cliffs - Archery,DEER,L.E.,BONUS_POINT,Nonresident,396,2,2,4,1 in 99.0,1.01010101,hunt_total_draw_result,21_bg-odds.pdf,BG_PARENT,13
2021,2022,DB1012,"Limited-entry Archery Buck Deer - Fillmore, Oak Creek Le - Archery",DEER,L.E.,BONUS_POINT,Resident,306,3,3,6,1 in 51.0,1.96078431,hunt_total_draw_result,21_bg-odds.pdf,BG_PARENT,14
2021,2022,DB1012,"Limited-entry Archery Buck Deer - Fillmore, Oak Creek Le - Archery",DEER,L.E.,BONUS_POINT,Nonresident,233,0,1,1,1 in 233.0,0.42918455,hunt_total_draw_result,21_bg-odds.pdf,BG_PARENT,14
2021,2022,DB1013,"Limited-entry Archery Buck Deer - La Sal, Dolores Triangle - Archery",DEER,L.E.,BONUS_POINT,Resident,66,2,2,4,1 in 16.5,6.06060606,hunt_total_draw_result,21_bg-odds.pdf,BG_PARENT,15
2021,2022,DB1013,"Limited-entry Archery Buck Deer - La Sal, Dolores Triangle - Archery",DEER,L.E.,BONUS_POINT,Nonresident,0,0,0,0,N/A,,hunt_total_draw_result,21_bg-odds.pdf,BG_PARENT,15
2021,2022,DB1014,"Limited-entry Archery Buck Deer - San Juan, Elk Ridge - Archery",ELK,L.E.,BONUS_POINT,Resident,374,6,5,11,1 in 34.0,2.94117647,hunt_total_draw_result,21_bg-odds.pdf,BG_PARENT,16
2021,2022,DB1014,"Limited-entry Archery Buck Deer - San Juan, Elk Ridge - Archery",ELK,L.E.,BONUS_POINT,Nonresident,271,0,1,1,1 in 271.0,0.36900369,hunt_total_draw_result,21_bg-odds.pdf,BG_PARENT,16
2021,2022,DB1015,"Limited-entry Archery Buck Deer - South Slope, Diamond Mtn - Archery",DEER,L.E.,BONUS_POINT,Resident,292,9,8,17,1 in 17.2,5.81395349,hunt_total_draw_result,21_bg-odds.pdf,BG_PARENT,17
2021,2022,DB1015,"Limited-entry Archery Buck Deer - South Slope, Diamond Mtn - Archery",DEER,L.E.,BONUS_POINT,Nonresident,114,1,1,2,1 in 57.0,1.75438596,hunt_total_draw_result,21_bg-odds.pdf,BG_PARENT,17
2021,2022,DB1016,"Limited-entry Archery Buck Deer - West Desert, Vernon - Archery",DEER,L.E.,BONUS_POINT,Resident,386,20,20,40,1 in 9.7,10.30927835,hunt_total_draw_result,21_bg-odds.pdf,BG_PARENT,18
2021,2022,DB1016,"Limited-entry Archery Buck Deer - West Desert, Vernon - Archery",DEER,L.E.,BONUS_POINT,Nonresident,129,2,2,4,1 in 32.3,3.09597523,hunt_total_draw_result,21_bg-odds.pdf,BG_PARENT,18
2021,2022,DB1017,"Limited-entry Alw (rifle) Buck Deer - Book Cliffs, North - Any Legal Weapon",DEER,L.E.,BONUS_POINT,Resident,2427,51,51,102,1 in 23.8,4.20168067,hunt_total_draw_result,21_bg-odds.pdf,BG_PARENT,19
2021,2022,DB1017,"Limited-entry Alw (rifle) Buck Deer - Book Cliffs, North - Any Legal Weapon",DEER,L.E.,BONUS_POINT,Nonresident,811,5,4,9,1 in 90.1,1.10987791,hunt_total_draw_result,21_bg-odds.pdf,BG_PARENT,19
2021,2022,DB1018,"Limited-entry Alw (rifle) Buck Deer - Book Cliffs, South - Any Legal Weapon",DEER,L.E.,BONUS_POINT,Resident,793,12,12,24,1 in 33.0,3.03030303,hunt_total_draw_result,21_bg-odds.pdf,BG_PARENT,20
2021,2022,DB1018,"Limited-entry Alw (rifle) Buck Deer - Book Cliffs, South - Any Legal Weapon",DEER,L.E.,BONUS_POINT,Nonresident,285,1,1,2,1 in 142.5,0.70175439,hunt_total_draw_result,21_bg-odds.pdf,BG_PARENT,20
2021,2022,DB1019,"Limited-entry Alw (rifle) Buck Deer - Fillmore, Oak Creek Le - Any Legal Weapon",DEER,L.E.,BONUS_POINT,Resident,2088,10,10,20,1 in 104.4,0.95785441,hunt_total_draw_result,21_bg-odds.pdf,BG_PARENT,21
2021,2022,DB1019,"Limited-entry Alw (rifle) Buck Deer - Fillmore, Oak Creek Le - Any Legal Weapon",DEER,L.E.,BONUS_POINT,Nonresident,965,1,1,2,1 in 482.5,0.20725389,hunt_total_draw_result,21_bg-odds.pdf,BG_PARENT,21
2021,2022,DB1020,"Limited-entry Alw (rifle) Buck Deer - La Sal, Dolores Triangle - Any Legal Weapon",DEER,L.E.,BONUS_POINT,Resident,543,5,5,10,1 in 54.3,1.84162063,hunt_total_draw_result,21_bg-odds.pdf,BG_PARENT,22
2021,2022,DB1020,"Limited-entry Alw (rifle) Buck Deer - La Sal, Dolores Triangle - Any Legal Weapon",DEER,L.E.,BONUS_POINT,Nonresident,512,0,1,1,1 in 512.0,0.1953125,hunt_total_draw_result,21_bg-odds.pdf,BG_PARENT,22
2021,2022,DB1022,"Limited-entry Alw (rifle) Buck Deer - San Juan, Elk Ridge - Any Legal Weapon",ELK,L.E.,BONUS_POINT,Resident,872,15,15,30,1 in 29.1,3.43642612,hunt_total_draw_result,21_bg-odds.pdf,BG_PARENT,23
2021,2022,DB1022,"Limited-entry Alw (rifle) Buck Deer - San Juan, Elk Ridge - Any Legal Weapon",ELK,L.E.,BONUS_POINT,Nonresident,512,2,1,3,1 in 170.7,0.58582308,hunt_total_draw_result,21_bg-odds.pdf,BG_PARENT,23
2021,2022,DB1023,"Limited-entry Alw (rifle) Buck Deer - South Slope, Diamond Mtn - Any Legal Weapon",DEER,L.E.,BONUS_POINT,Resident,1337,24,24,48,1 in 27.9,3.58422939,hunt_total_draw_result,21_bg-odds.pdf,BG_PARENT,24
2021,2022,DB1023,"Limited-entry Alw (rifle) Buck Deer - South Slope, Diamond Mtn - Any Legal Weapon",DEER,L.E.,BONUS_POINT,Nonresident,314,3,2,5,1 in 62.8,1.59235669,hunt_total_draw_result,21_bg-odds.pdf,BG_PARENT,24
2021,2022,DB1024,"Limited-entry Alw (rifle) Buck Deer - West Desert, Vernon - Any Legal Weapon",DEER,L.E.,BONUS_POINT,Resident,2876,57,57,114,1 in 25.2,3.96825397,hunt_total_draw_result,21_bg-odds.pdf,BG_PARENT,25
2021,2022,DB1024,"Limited-entry Alw (rifle) Buck Deer - West Desert, Vernon - Any Legal Weapon",DEER,L.E.,BONUS_POINT,Nonresident,612,6,6,12,1 in 51.0,1.96078431,hunt_total_draw_result,21_bg-odds.pdf,BG_PARENT,25
2021,2022,DB1025,Limited-entry Muzzleloader Buck Deer - Book Cliffs - Muzzleloader,DEER,L.E.,BONUS_POINT,Resident,721,23,22,45,1 in 16.0,6.25,hunt_total_draw_result,21_bg-odds.pdf,BG_PARENT,26
2021,2022,DB1025,Limited-entry Muzzleloader Buck Deer - Book Cliffs - Muzzleloader,DEER,L.E.,BONUS_POINT,Nonresident,239,2,2,4,1 in 59.8,1.6722408,hunt_total_draw_result,21_bg-odds.pdf,BG_PARENT,26
2021,2022,DB1026,"Limited-entry Muzzleloader Buck Deer - Cache, Crawford Mtn - Muzzleloader",DEER,L.E.,BONUS_POINT,Resident,519,7,6,13,1 in 39.9,2.50626566,hunt_total_draw_result,21_bg-odds.pdf,BG_PARENT,27
2021,2022,DB1026,"Limited-entry Muzzleloader Buck Deer - Cache, Crawford Mtn - Muzzleloader",DEER,L.E.,BONUS_POINT,Nonresident,105,1,1,2,1 in 52.5,1.9047619,hunt_total_draw_result,21_bg-odds.pdf,BG_PARENT,27
2021,2022,DB1027,Limited-entry Muzzleloader Buck Deer - Chalk Creek/east Canyon/morgan-south Rich - Muzzleloader,DEER,L.E.,BONUS_POINT,Resident,205,18,18,36,1 in 5.7,17.54385965,hunt_total_draw_result,21_bg-odds.pdf,BG_PARENT,28
2021,2022,DB1027,Limited-entry Muzzleloader Buck Deer - Chalk Creek/east Canyon/morgan-south Rich - Muzzleloader,DEER,L.E.,BONUS_POINT,Nonresident,8,2,2,4,1 in 2.0,50,hunt_total_draw_result,21_bg-odds.pdf,BG_PARENT,28
2021,2022,DB1028,Limited-entry Muzzleloader Buck Deer - Fillmore - Muzzleloader,DEER,L.E.,BONUS_POINT,Resident,72,2,2,4,1 in 18.0,5.55555556,hunt_total_draw_result,21_bg-odds.pdf,BG_PARENT,29
2021,2022,DB1028,Limited-entry Muzzleloader Buck Deer - Fillmore - Muzzleloader,DEER,L.E.,BONUS_POINT,Nonresident,35,0,1,1,1 in 35.0,2.85714286,hunt_total_draw_result,21_bg-odds.pdf,BG_PARENT,29
2021,2022,DB1029,"Limited-entry Muzzleloader Buck Deer - Fillmore, Oak Creek Le - Muzzleloader",DEER,L.E.,BONUS_POINT,Resident,485,3,3,6,1 in 80.8,1.23762376,hunt_total_draw_result,21_bg-odds.pdf,BG_PARENT,30
2021,2022,DB1029,"Limited-entry Muzzleloader Buck Deer - Fillmore, Oak Creek Le - Muzzleloader",DEER,L.E.,BONUS_POINT,Nonresident,316,0,1,1,1 in 316.0,0.3164557,hunt_total_draw_result,21_bg-odds.pdf,BG_PARENT,30
2021,2022,DB1030,Limited-entry Muzzleloader Buck Deer - Kamas - Muzzleloader,DEER,L.E.,BONUS_POINT,Resident,30,7,6,13,1 in 2.3,43.47826087,hunt_total_draw_result,21_bg-odds.pdf,BG_PARENT,31
2021,2022,DB1030,Limited-entry Muzzleloader Buck Deer - Kamas - Muzzleloader,DEER,L.E.,BONUS_POINT,Nonresident,6,0,1,1,1 in 6.0,16.66666667,hunt_total_draw_result,21_bg-odds.pdf,BG_PARENT,31
2021,2022,DB1031,"Limited-entry Muzzleloader Buck Deer - La Sal, Dolores Triangle - Muzzleloader",DEER,L.E.,BONUS_POINT,Resident,139,2,2,4,1 in 34.8,2.87356322,hunt_total_draw_result,21_bg-odds.pdf,BG_PARENT,32
2021,2022,DB1031,"Limited-entry Muzzleloader Buck Deer - La Sal, Dolores Triangle - Muzzleloader",DEER,L.E.,BONUS_POINT,Nonresident,0,0,0,0,N/A,,hunt_total_draw_result,21_bg-odds.pdf,BG_PARENT,32
2021,2022,DB1032,Limited-entry Muzzleloader Buck Deer - Monroe - Muzzleloader,DEER,L.E.,BONUS_POINT,Resident,36,2,2,4,1 in 9.0,11.11111111,hunt_total_draw_result,21_bg-odds.pdf,BG_PARENT,33
2021,2022,DB1032,Limited-entry Muzzleloader Buck Deer - Monroe - Muzzleloader,DEER,L.E.,BONUS_POINT,Nonresident,10,0,1,1,1 in 10.0,10,hunt_total_draw_result,21_bg-odds.pdf,BG_PARENT,33
2021,2022,DB1033,Limited-entry Muzzleloader Buck Deer - Nine Mile - Muzzleloader,DEER,L.E.,BONUS_POINT,Resident,65,4,3,7,1 in 9.3,10.75268817,hunt_total_draw_result,21_bg-odds.pdf,BG_PARENT,34
2021,2022,DB1033,Limited-entry Muzzleloader Buck Deer - Nine Mile - Muzzleloader,DEER,L.E.,BONUS_POINT,Nonresident,7,0,1,1,1 in 7.0,14.28571429,hunt_total_draw_result,21_bg-odds.pdf,BG_PARENT,34
2021,2022,DB1034,Limited-entry Muzzleloader Buck Deer - Pine Valley - Muzzleloader,DEER,L.E.,BONUS_POINT,Resident,280,9,8,17,1 in 16.5,6.06060606,hunt_total_draw_result,21_bg-odds.pdf,BG_PARENT,35
2021,2022,DB1034,Limited-entry Muzzleloader Buck Deer - Pine Valley - Muzzleloader,DEER,L.E.,BONUS_POINT,Nonresident,169,1,1,2,1 in 84.5,1.18343195,hunt_total_draw_result,21_bg-odds.pdf,BG_PARENT,35
2021,2022,DB1036,"Limited-entry Muzzleloader Buck Deer - Plateau, Thousand Lakes - Muzzleloader",DEER,L.E.,BONUS_POINT,Resident,30,2,2,4,1 in 7.5,13.33333333,hunt_total_draw_result,21_bg-odds.pdf,BG_PARENT,36
2021,2022,DB1036,"Limited-entry Muzzleloader Buck Deer - Plateau, Thousand Lakes - Muzzleloader",DEER,L.E.,BONUS_POINT,Nonresident,4,0,1,1,1 in 4.0,25,hunt_total_draw_result,21_bg-odds.pdf,BG_PARENT,36
2021,2022,DB1037,"Limited-entry Muzzleloader Buck Deer - San Juan, Elk Ridge - Muzzleloader",ELK,L.E.,BONUS_POINT,Resident,314,5,5,10,1 in 31.4,3.18471338,hunt_total_draw_result,21_bg-odds.pdf,BG_PARENT,37
2021,2022,DB1037,"Limited-entry Muzzleloader Buck Deer - San Juan, Elk Ridge - Muzzleloader",ELK,L.E.,BONUS_POINT,Nonresident,171,0,1,1,1 in 171.0,0.58479532,hunt_total_draw_result,21_bg-odds.pdf,BG_PARENT,37
2021,2022,DB1038,"Limited-entry Muzzleloader Buck Deer - South Slope, Diamond Mtn - Muzzleloader",DEER,L.E.,BONUS_POINT,Resident,332,8,8,16,1 in 20.8,4.80769231,hunt_total_draw_result,21_bg-odds.pdf,BG_PARENT,38
2021,2022,DB1038,"Limited-entry Muzzleloader Buck Deer - South Slope, Diamond Mtn - Muzzleloader",DEER,L.E.,BONUS_POINT,Nonresident,84,1,1,2,1 in 42.0,2.38095238,hunt_total_draw_result,21_bg-odds.pdf,BG_PARENT,38
2021,2022,DB1039,"Limited-entry Muzzleloader Buck Deer - South Slope, Yellowstone - Muzzleloader",DEER,L.E.,BONUS_POINT,Resident,71,3,3,6,1 in 11.8,8.47457627,hunt_total_draw_result,21_bg-odds.pdf,BG_PARENT,39
2021,2022,DB1039,"Limited-entry Muzzleloader Buck Deer - South Slope, Yellowstone - Muzzleloader",DEER,L.E.,BONUS_POINT,Nonresident,10,0,1,1,1 in 10.0,10,hunt_total_draw_result,21_bg-odds.pdf,BG_PARENT,39
2021,2022,DB1040,Limited-entry Muzzleloader Buck Deer - Southwest Desert - Muzzleloader,DEER,L.E.,BONUS_POINT,Resident,91,2,2,4,1 in 22.8,4.38596491,hunt_total_draw_result,21_bg-odds.pdf,BG_PARENT,40
2021,2022,DB1040,Limited-entry Muzzleloader Buck Deer - Southwest Desert - Muzzleloader,DEER,L.E.,BONUS_POINT,Nonresident,41,0,1,1,1 in 41.0,2.43902439,hunt_total_draw_result,21_bg-odds.pdf,BG_PARENT,40
2021,2022,DB1041,"Limited-entry Muzzleloader Buck Deer - Wasatch Mtns, East - Muzzleloader",DEER,L.E.,BONUS_POINT,Resident,245,10,9,19,1 in 12.9,7.75193798,hunt_total_draw_result,21_bg-odds.pdf,BG_PARENT,41
2021,2022,DB1041,"Limited-entry Muzzleloader Buck Deer - Wasatch Mtns, East - Muzzleloader",DEER,L.E.,BONUS_POINT,Nonresident,22,1,1,2,1 in 11.0,9.09090909,hunt_total_draw_result,21_bg-odds.pdf,BG_PARENT,41
2021,2022,DB1042,"Limited-entry Muzzleloader Buck Deer - West Desert, Vernon - Muzzleloader",DEER,L.E.,BONUS_POINT,Resident,650,20,20,40,1 in 16.3,6.13496933,hunt_total_draw_result,21_bg-odds.pdf,BG_PARENT,42
2021,2022,DB1042,"Limited-entry Muzzleloader Buck Deer - West Desert, Vernon - Muzzleloader",DEER,L.E.,BONUS_POINT,Nonresident,144,2,2,4,1 in 36.0,2.77777778,hunt_total_draw_result,21_bg-odds.pdf,BG_PARENT,42
2021,2022,DB1043,Limited-entry Muzzleloader Buck Deer - Zion - Muzzleloader,DEER,L.E.,BONUS_POINT,Resident,146,7,7,14,1 in 10.4,9.61538462,hunt_total_draw_result,21_bg-odds.pdf,BG_PARENT,43
2021,2022,DB1043,Limited-entry Muzzleloader Buck Deer - Zion - Muzzleloader,DEER,L.E.,BONUS_POINT,Nonresident,58,0,1,1,1 in 58.0,1.72413793,hunt_total_draw_result,21_bg-odds.pdf,BG_PARENT,43
2021,2022,DB1044,Multi-season Limited-entry Buck Deer - Book Cliffs - Any Legal Weapon,DEER,L.E.,BONUS_POINT,Resident,259,4,3,7,1 in 37.0,2.7027027,hunt_total_draw_result,21_bg-odds.pdf,BG_PARENT,44
2021,2022,DB1044,Multi-season Limited-entry Buck Deer - Book Cliffs - Any Legal Weapon,DEER,L.E.,BONUS_POINT,Nonresident,101,0,1,1,1 in 101.0,0.99009901,hunt_total_draw_result,21_bg-odds.pdf,BG_PARENT,44
2021,2022,DB1045,"Multi-season Limited-entry Buck Deer - Fillmore, Oak Creek Le - Any Legal Weapon",DEER,L.E.,BONUS_POINT,Resident,228,0,1,1,1 in 228.0,0.43859649,hunt_total_draw_result,21_bg-odds.pdf,BG_PARENT,45
2021,2022,DB1045,"Multi-season Limited-entry Buck Deer - Fillmore, Oak Creek Le - Any Legal Weapon",DEER,L.E.,BONUS_POINT,Nonresident,0,0,0,0,N/A,,hunt_total_draw_result,21_bg-odds.pdf,BG_PARENT,45
2021,2022,DB1046,"Multi-season Limited-entry Buck Deer - San Juan, Elk Ridge - Any Legal Weapon",ELK,L.E.,BONUS_POINT,Resident,92,1,1,2,1 in 46.0,2.17391304,hunt_total_draw_result,21_bg-odds.pdf,BG_PARENT,46
2021,2022,DB1046,"Multi-season Limited-entry Buck Deer - San Juan, Elk Ridge - Any Legal Weapon",ELK,L.E.,BONUS_POINT,Nonresident,0,0,0,0,N/A,,hunt_total_draw_result,21_bg-odds.pdf,BG_PARENT,46
2021,2022,DB1047,"Multi-season Limited-entry Buck Deer - South Slope, Diamond Mtn - Any Legal Weapon",DEER,L.E.,BONUS_POINT,Resident,130,2,1,3,1 in 43.3,2.30946882,hunt_total_draw_result,21_bg-odds.pdf,BG_PARENT,47
2021,2022,DB1047,"Multi-season Limited-entry Buck Deer - South Slope, Diamond Mtn - Any Legal Weapon",DEER,L.E.,BONUS_POINT,Nonresident,0,0,0,0,N/A,,hunt_total_draw_result,21_bg-odds.pdf,BG_PARENT,47
2021,2022,DB1048,"Multi-season Limited-entry Buck Deer - West Desert, Vernon - Any Legal Weapon",DEER,L.E.,BONUS_POINT,Resident,256,3,3,6,1 in 42.7,2.34192037,hunt_total_draw_result,21_bg-odds.pdf,BG_PARENT,48
2021,2022,DB1048,"Multi-season Limited-entry Buck Deer - West Desert, Vernon - Any Legal Weapon",DEER,L.E.,BONUS_POINT,Nonresident,78,0,1,1,1 in 78.0,1.28205128,hunt_total_draw_result,21_bg-odds.pdf,BG_PARENT,48
2021,2022,DB1053,Limited-entry Muzzleloader Buck Deer - Mt Dutton - Muzzleloader,DEER,L.E.,BONUS_POINT,Resident,25,2,2,4,1 in 6.3,15.87301587,hunt_total_draw_result,21_bg-odds.pdf,BG_PARENT,49
2021,2022,DB1053,Limited-entry Muzzleloader Buck Deer - Mt Dutton - Muzzleloader,DEER,L.E.,BONUS_POINT,Nonresident,15,0,1,1,1 in 15.0,6.66666667,hunt_total_draw_result,21_bg-odds.pdf,BG_PARENT,49
2021,2022,DB1054,Limited-entry Muzzleloader Buck Deer - Ogden - Muzzleloader,DEER,L.E.,BONUS_POINT,Resident,52,6,5,11,1 in 4.7,21.27659574,hunt_total_draw_result,21_bg-odds.pdf,BG_PARENT,50
2021,2022,DB1054,Limited-entry Muzzleloader Buck Deer - Ogden - Muzzleloader,DEER,L.E.,BONUS_POINT,Nonresident,4,0,1,1,1 in 4.0,25,hunt_total_draw_result,21_bg-odds.pdf,BG_PARENT,50
2021,2022,DB1055,"Limited-entry Muzzleloader Buck Deer - Plateau, Fishlake - Muzzleloader",DEER,L.E.,BONUS_POINT,Resident,43,2,2,4,1 in 10.8,9.25925926,hunt_total_draw_result,21_bg-odds.pdf,BG_PARENT,51
2021,2022,DB1055,"Limited-entry Muzzleloader Buck Deer - Plateau, Fishlake - Muzzleloader",DEER,L.E.,BONUS_POINT,Nonresident,5,0,1,1,1 in 5.0,20,hunt_total_draw_result,21_bg-odds.pdf,BG_PARENT,51
2021,2022,DB1058,"Management Alw (rifle) Cactus Buck Deer - Paunsaugunt, Cactus Buck - Any Legal Weapon",DEER,L.E.,BONUS_POINT,Resident,122,14,13,27,1 in 4.5,22.22222222,hunt_total_draw_result,21_bg-odds.pdf,BG_PARENT,52
2021,2022,DB1058,"Management Alw (rifle) Cactus Buck Deer - Paunsaugunt, Cactus Buck - Any Legal Weapon",DEER,L.E.,BONUS_POINT,Nonresident,43,2,1,3,1 in 14.3,6.99300699,hunt_total_draw_result,21_bg-odds.pdf,BG_PARENT,52
2021,2022,DB1059,Limited-entry Muzzleloader Buck Deer - Beaver - Muzzleloader,DEER,L.E.,BONUS_POINT,Resident,62,2,2,4,1 in 15.5,6.4516129,hunt_total_draw_result,21_bg-odds.pdf,BG_PARENT,53
2021,2022,DB1059,Limited-entry Muzzleloader Buck Deer - Beaver - Muzzleloader,DEER,L.E.,BONUS_POINT,Nonresident,37,0,1,1,1 in 37.0,2.7027027,hunt_total_draw_result,21_bg-odds.pdf,BG_PARENT,53
2021,2022,DB1065,Limited-entry Muzzleloader Buck Deer - North Slope - Muzzleloader,DEER,L.E.,BONUS_POINT,Resident,69,6,5,11,1 in 6.3,15.87301587,hunt_total_draw_result,21_bg-odds.pdf,BG_PARENT,54
2021,2022,DB1065,Limited-entry Muzzleloader Buck Deer - North Slope - Muzzleloader,DEER,L.E.,BONUS_POINT,Nonresident,5,0,1,1,1 in 5.0,20,hunt_total_draw_result,21_bg-odds.pdf,BG_PARENT,54
2021,2022,DB1073,Management Archery Buck Deer - Paunsaugunt - Archery,DEER,L.E.,BONUS_POINT,Resident,53,2,2,4,1 in 13.3,7.51879699,hunt_total_draw_result,21_bg-odds.pdf,BG_PARENT,55
2021,2022,DB1073,Management Archery Buck Deer - Paunsaugunt - Archery,DEER,L.E.,BONUS_POINT,Nonresident,38,0,1,1,1 in 38.0,2.63157895,hunt_total_draw_result,21_bg-odds.pdf,BG_PARENT,55
2021,2022,DB1074,Management Muzzleloader Buck Deer - Paunsaugunt - Muzzleloader,DEER,L.E.,BONUS_POINT,Resident,111,2,2,4,1 in 27.8,3.5971223,hunt_total_draw_result,21_bg-odds.pdf,BG_PARENT,56
2021,2022,DB1074,Management Muzzleloader Buck Deer - Paunsaugunt - Muzzleloader,DEER,L.E.,BONUS_POINT,Nonresident,56,0,1,1,1 in 56.0,1.78571429,hunt_total_draw_result,21_bg-odds.pdf,BG_PARENT,56
2021,2022,DB1077,Limited-entry Muzzleloader Buck Deer - Box Elder - Muzzleloader,DEER,L.E.,BONUS_POINT,Resident,65,8,8,16,1 in 4.1,24.3902439,hunt_total_draw_result,21_bg-odds.pdf,BG_PARENT,57
2021,2022,DB1077,Limited-entry Muzzleloader Buck Deer - Box Elder - Muzzleloader,DEER,L.E.,BONUS_POINT,Nonresident,32,1,1,2,1 in 16.0,6.25,hunt_total_draw_result,21_bg-odds.pdf,BG_PARENT,57
2021,2022,DB1078,Limited-entry Muzzleloader Buck Deer - Cache - Muzzleloader,DEER,L.E.,BONUS_POINT,Resident,106,2,2,4,1 in 26.5,3.77358491,hunt_total_draw_result,21_bg-odds.pdf,BG_PARENT,58
2021,2022,DB1078,Limited-entry Muzzleloader Buck Deer - Cache - Muzzleloader,DEER,L.E.,BONUS_POINT,Nonresident,15,0,1,1,1 in 15.0,6.66666667,hunt_total_draw_result,21_bg-odds.pdf,BG_PARENT,58
2021,2022,DB1079,"Limited-entry Muzzleloader Buck Deer - Central Mtns, Manti/san Rafael - Muzzleloader",DEER,L.E.,BONUS_POINT,Resident,177,11,11,22,1 in 8.0,12.5,hunt_total_draw_result,21_bg-odds.pdf,BG_PARENT,59
2021,2022,DB1079,"Limited-entry Muzzleloader Buck Deer - Central Mtns, Manti/san Rafael - Muzzleloader",DEER,L.E.,BONUS_POINT,Nonresident,12,2,1,3,1 in 4.0,25,hunt_total_draw_result,21_bg-odds.pdf,BG_PARENT,59
2021,2022,DB1080,"Limited-entry Muzzleloader Buck Deer - Central Mtns, Nebo - Muzzleloader",DEER,L.E.,BONUS_POINT,Resident,59,9,8,17,1 in 3.5,28.57142857,hunt_total_draw_result,21_bg-odds.pdf,BG_PARENT,60
2021,2022,DB1080,"Limited-entry Muzzleloader Buck Deer - Central Mtns, Nebo - Muzzleloader",DEER,L.E.,BONUS_POINT,Nonresident,8,1,1,2,1 in 4.0,25,hunt_total_draw_result,21_bg-odds.pdf,BG_PARENT,60
2021,2022,DB1081,"Limited-entry Muzzleloader Buck Deer - La Sal, La Sal Mtns - Muzzleloader",DEER,L.E.,BONUS_POINT,Resident,34,3,3,6,1 in 5.7,17.54385965,hunt_total_draw_result,21_bg-odds.pdf,BG_PARENT,61
2021,2022,DB1081,"Limited-entry Muzzleloader Buck Deer - La Sal, La Sal Mtns - Muzzleloader",DEER,L.E.,BONUS_POINT,Nonresident,11,0,1,1,1 in 11.0,9.09090909,hunt_total_draw_result,21_bg-odds.pdf,BG_PARENT,61
2021,2022,DB1082,Limited-entry Muzzleloader Buck Deer - Oquirrh-stansbury - Muzzleloader,DEER,L.E.,BONUS_POINT,Resident,93,6,5,11,1 in 8.5,11.76470588,hunt_total_draw_result,21_bg-odds.pdf,BG_PARENT,62
2021,2022,DB1082,Limited-entry Muzzleloader Buck Deer - Oquirrh-stansbury - Muzzleloader,DEER,L.E.,BONUS_POINT,Nonresident,10,0,1,1,1 in 10.0,10,hunt_total_draw_result,21_bg-odds.pdf,BG_PARENT,62
2021,2022,DB1083,Limited-entry Muzzleloader Buck Deer - Panguitch Lake - Muzzleloader,DEER,L.E.,BONUS_POINT,Resident,52,2,2,4,1 in 13.0,7.69230769,hunt_total_draw_result,21_bg-odds.pdf,BG_PARENT,63
2021,2022,DB1083,Limited-entry Muzzleloader Buck Deer - Panguitch Lake - Muzzleloader,DEER,L.E.,BONUS_POINT,Nonresident,27,0,1,1,1 in 27.0,3.7037037,hunt_total_draw_result,21_bg-odds.pdf,BG_PARENT,63
2021,2022,DB1084,"Limited-entry Muzzleloader Buck Deer - Plateau, Boulder/kaiparowits - Muzzleloader",DEER,L.E.,BONUS_POINT,Resident,60,2,2,4,1 in 15.0,6.66666667,hunt_total_draw_result,21_bg-odds.pdf,BG_PARENT,64
2021,2022,DB1084,"Limited-entry Muzzleloader Buck Deer - Plateau, Boulder/kaiparowits - Muzzleloader",DEER,L.E.,BONUS_POINT,Nonresident,19,0,1,1,1 in 19.0,5.26315789,hunt_total_draw_result,21_bg-odds.pdf,BG_PARENT,64
2021,2022,DB1085,"Limited-entry Muzzleloader Buck Deer - San Juan, Abajo Mtns - Muzzleloader",DEER,L.E.,BONUS_POINT,Resident,22,5,5,10,1 in 2.2,45.45454545,hunt_total_draw_result,21_bg-odds.pdf,BG_PARENT,65
2021,2022,DB1085,"Limited-entry Muzzleloader Buck Deer - San Juan, Abajo Mtns - Muzzleloader",DEER,L.E.,BONUS_POINT,Nonresident,12,0,1,1,1 in 12.0,8.33333333,hunt_total_draw_result,21_bg-odds.pdf,BG_PARENT,65
2021,2022,DB1086,"Limited-entry Muzzleloader Buck Deer - South Slope, Bonanza/vernal - Muzzleloader",DEER,L.E.,BONUS_POINT,Resident,55,3,2,5,1 in 11.0,9.09090909,hunt_total_draw_result,21_bg-odds.pdf,BG_PARENT,66
2021,2022,DB1086,"Limited-entry Muzzleloader Buck Deer - South Slope, Bonanza/vernal - Muzzleloader",DEER,L.E.,BONUS_POINT,Nonresident,4,0,1,1,1 in 4.0,25,hunt_total_draw_result,21_bg-odds.pdf,BG_PARENT,66
2021,2022,DB1087,"Limited-entry Muzzleloader Buck Deer - Wasatch Mtns, West - Muzzleloader",DEER,L.E.,BONUS_POINT,Resident,87,18,17,35,1 in 2.5,40,hunt_total_draw_result,21_bg-odds.pdf,BG_PARENT,67
2021,2022,DB1087,"Limited-entry Muzzleloader Buck Deer - Wasatch Mtns, West - Muzzleloader",DEER,L.E.,BONUS_POINT,Nonresident,11,2,2,4,1 in 2.8,35.71428571,hunt_total_draw_result,21_bg-odds.pdf,BG_PARENT,67
2021,2022,DB1088,"Limited-entry Muzzleloader Buck Deer - West Desert, Tintic - Muzzleloader",DEER,L.E.,BONUS_POINT,Resident,44,2,2,4,1 in 11.0,9.09090909,hunt_total_draw_result,21_bg-odds.pdf,BG_PARENT,68
2021,2022,DB1088,"Limited-entry Muzzleloader Buck Deer - West Desert, Tintic - Muzzleloader",DEER,L.E.,BONUS_POINT,Nonresident,1,0,1,1,1 in 1.0,100,hunt_total_draw_result,21_bg-odds.pdf,BG_PARENT,68
2021,2022,DB1089,"Limited-entry Muzzleloader Buck Deer - West Desert, West - Muzzleloader",DEER,L.E.,BONUS_POINT,Resident,25,2,2,4,1 in 6.3,15.87301587,hunt_total_draw_result,21_bg-odds.pdf,BG_PARENT,69
2021,2022,DB1089,"Limited-entry Muzzleloader Buck Deer - West Desert, West - Muzzleloader",DEER,L.E.,BONUS_POINT,Nonresident,10,0,1,1,1 in 10.0,10,hunt_total_draw_result,21_bg-odds.pdf,BG_PARENT,69
2021,2022,DB1090,"Limited-entry Hams Buck Deer - Book Cliffs, Floy Canyon - H.a.m.s.",DEER,L.E.,BONUS_POINT,Resident,54,2,2,4,1 in 13.5,7.40740741,hunt_total_draw_result,21_bg-odds.pdf,BG_PARENT,70
2021,2022,DB1090,"Limited-entry Hams Buck Deer - Book Cliffs, Floy Canyon - H.a.m.s.",DEER,L.E.,BONUS_POINT,Nonresident,47,0,1,1,1 in 47.0,2.12765957,hunt_total_draw_result,21_bg-odds.pdf,BG_PARENT,70
2021,2022,DB1091,Limited-entry Hams Buck Deer - Kaiparowits Hams - H.a.m.s.,DEER,L.E.,BONUS_POINT,Resident,79,2,2,4,1 in 19.8,5.05050505,hunt_total_draw_result,21_bg-odds.pdf,BG_PARENT,71
2021,2022,DB1091,Limited-entry Hams Buck Deer - Kaiparowits Hams - H.a.m.s.,DEER,L.E.,BONUS_POINT,Nonresident,35,0,1,1,1 in 35.0,2.85714286,hunt_total_draw_result,21_bg-odds.pdf,BG_PARENT,71
2021,2022,DB1092,Limited-entry Hams Buck Deer - Morgan-south Rich - H.a.m.s.,DEER,L.E.,BONUS_POINT,Resident,48,2,2,4,1 in 12.0,8.33333333,hunt_total_draw_result,21_bg-odds.pdf,BG_PARENT,72
2021,2022,DB1092,Limited-entry Hams Buck Deer - Morgan-south Rich - H.a.m.s.,DEER,L.E.,BONUS_POINT,Nonresident,10,0,1,1,1 in 10.0,10,hunt_total_draw_result,21_bg-odds.pdf,BG_PARENT,72
2021,2022,DB1200,Premium Cwmu Buck Deer -Alton - An y Legal Weapon,DEER,L.E.,BONUS_POINT,Resident,381,2,1,3,1 in 127.0,0.78740157,hunt_total_draw_result,21_bg-odds.pdf,BG_PARENT,73
2021,2022,DB1200,Premium Cwmu Buck Deer -Alton - An y Legal Weapon,DEER,L.E.,BONUS_POINT,Nonresident,0,0,0,0,N/A,,hunt_total_draw_result,21_bg-odds.pdf,BG_PARENT,73
2021,2022,DB1201,Cwmu Management Buck Deer - Alton - Any Legal Weapon,DEER,L.E.,BONUS_POINT,Resident,45,0,1,1,1 in 45.0,2.22222222,hunt_total_draw_result,21_bg-odds.pdf,BG_PARENT,74
2021,2022,DB1201,Cwmu Management Buck Deer - Alton - Any Legal Weapon,DEER,L.E.,BONUS_POINT,Nonresident,0,0,0,0,N/A,,hunt_total_draw_result,21_bg-odds.pdf,BG_PARENT,74
2021,2022,DB1202,Cwmu Buck Deer - Antelope Creek - Any Legal Weapon,DEER,L.E.,BONUS_POINT,Resident,4,0,1,1,1 in 4.0,25,hunt_total_draw_result,21_bg-odds.pdf,BG_PARENT,75
2021,2022,DB1202,Cwmu Buck Deer - Antelope Creek - Any Legal Weapon,DEER,L.E.,BONUS_POINT,Nonresident,0,0,0,0,N/A,,hunt_total_draw_result,21_bg-odds.pdf,BG_PARENT,75
2021,2022,DB1203,Cwmu Buck Deer - Avintaquin Canyon - Any Legal Weapon,DEER,L.E.,BONUS_POINT,Resident,10,0,1,1,1 in 10.0,10,hunt_total_draw_result,21_bg-odds.pdf,BG_PARENT,76
2021,2022,DB1203,Cwmu Buck Deer - Avintaquin Canyon - Any Legal Weapon,DEER,L.E.,BONUS_POINT,Nonresident,0,0,0,0,N/A,,hunt_total_draw_result,21_bg-odds.pdf,BG_PARENT,76
2021,2022,DB1204,Cwmu Buck Deer - Bally Watts - Any Legal Weapon,DEER,L.E.,BONUS_POINT,Resident,47,1,1,2,1 in 23.5,4.25531915,hunt_total_draw_result,21_bg-odds.pdf,BG_PARENT,77
2021,2022,DB1204,Cwmu Buck Deer - Bally Watts - Any Legal Weapon,DEER,L.E.,BONUS_POINT,Nonresident,0,0,0,0,N/A,,hunt_total_draw_result,21_bg-odds.pdf,BG_PARENT,77
2021,2022,DB1205,Cwmu Buck Deer - Bar J Ranch - Any Legal Weapon,DEER,L.E.,BONUS_POINT,Resident,8,1,1,2,1 in 4.0,25,hunt_total_draw_result,21_bg-odds.pdf,BG_PARENT,78
2021,2022,DB1205,Cwmu Buck Deer - Bar J Ranch - Any Legal Weapon,DEER,L.E.,BONUS_POINT,Nonresident,0,0,0,0,N/A,,hunt_total_draw_result,21_bg-odds.pdf,BG_PARENT,78
2021,2022,DB1206,Cwmu Buck Deer - Bear Mountain - Any Legal Weapon,BLACK_BEAR,L.E.,BONUS_POINT,Resident,10,0,1,1,1 in 10.0,10,hunt_total_draw_result,21_bg-odds.pdf,BG_PARENT,79
2021,2022,DB1206,Cwmu Buck Deer - Bear Mountain - Any Legal Weapon,BLACK_BEAR,L.E.,BONUS_POINT,Nonresident,0,0,0,0,N/A,,hunt_total_draw_result,21_bg-odds.pdf,BG_PARENT,79
2021,2022,DB1207,Cwmu Buck Deer - Bear Springs - Any Legal Weapon,BLACK_BEAR,L.E.,BONUS_POINT,Resident,31,0,1,1,1 in 31.0,3.22580645,hunt_total_draw_result,21_bg-odds.pdf,BG_PARENT,80
2021,2022,DB1207,Cwmu Buck Deer - Bear Springs - Any Legal Weapon,BLACK_BEAR,L.E.,BONUS_POINT,Nonresident,0,0,0,0,N/A,,hunt_total_draw_result,21_bg-odds.pdf,BG_PARENT,80
2021,2022,DB1209,Cwmu Buck Deer - Blind Spring - Any Legal Weapon,DEER,L.E.,BONUS_POINT,Resident,5,0,1,1,1 in 5.0,20,hunt_total_draw_result,21_bg-odds.pdf,BG_PARENT,81
2021,2022,DB1209,Cwmu Buck Deer - Blind Spring - Any Legal Weapon,DEER,L.E.,BONUS_POINT,Nonresident,0,0,0,0,N/A,,hunt_total_draw_result,21_bg-odds.pdf,BG_PARENT,81
2021,2022,DB1210,Cwmu Buck Deer - Blue Creek - Any Legal Weapon,DEER,L.E.,BONUS_POINT,Resident,6,0,1,1,1 in 6.0,16.66666667,hunt_total_draw_result,21_bg-odds.pdf,BG_PARENT,82
2021,2022,DB1210,Cwmu Buck Deer - Blue Creek - Any Legal Weapon,DEER,L.E.,BONUS_POINT,Nonresident,0,0,0,0,N/A,,hunt_total_draw_result,21_bg-odds.pdf,BG_PARENT,82
2021,2022,DB1211,Cwmu Buck Deer - Blue Spring Hills - Any Legal Weapon,DEER,L.E.,BONUS_POINT,Resident,11,0,1,1,1 in 11.0,9.09090909,hunt_total_draw_result,21_bg-odds.pdf,BG_PARENT,83
2021,2022,DB1211,Cwmu Buck Deer - Blue Spring Hills - Any Legal Weapon,DEER,L.E.,BONUS_POINT,Nonresident,0,0,0,0,N/A,,hunt_total_draw_result,21_bg-odds.pdf,BG_PARENT,83
2021,2022,DB1212,Cwmu Buck Deer - Bluebell - Any Legal Weapon,DEER,L.E.,BONUS_POINT,Resident,13,0,1,1,1 in 13.0,7.69230769,hunt_total_draw_result,21_bg-odds.pdf,BG_PARENT,84
2021,2022,DB1212,Cwmu Buck Deer - Bluebell - Any Legal Weapon,DEER,L.E.,BONUS_POINT,Nonresident,0,0,0,0,N/A,,hunt_total_draw_result,21_bg-odds.pdf,BG_PARENT,84
2021,2022,DB1213,Cwmu Buck Deer - Boobe Hole - Any Legal Weapon,DEER,L.E.,BONUS_POINT,Resident,15,1,1,2,1 in 7.5,13.33333333,hunt_total_draw_result,21_bg-odds.pdf,BG_PARENT,85
2021,2022,DB1213,Cwmu Buck Deer - Boobe Hole - Any Legal Weapon,DEER,L.E.,BONUS_POINT,Nonresident,0,0,0,0,N/A,,hunt_total_draw_result,21_bg-odds.pdf,BG_PARENT,85
2021,2022,DB1215,Cwmu Buck Deer - Buckhorn Ranch - Any Legal Weapon,DEER,L.E.,BONUS_POINT,Resident,8,0,1,1,1 in 8.0,12.5,hunt_total_draw_result,21_bg-odds.pdf,BG_PARENT,86
2021,2022,DB1215,Cwmu Buck Deer - Buckhorn Ranch - Any Legal Weapon,DEER,L.E.,BONUS_POINT,Nonresident,0,0,0,0,N/A,,hunt_total_draw_result,21_bg-odds.pdf,BG_PARENT,86
2021,2022,DB1216,Cwmu Buck Deer - Castle Valley Outdoors - Any Legal Weapon,DEER,L.E.,BONUS_POINT,Resident,14,0,1,1,1 in 14.0,7.14285714,hunt_total_draw_result,21_bg-odds.pdf,BG_PARENT,87
2021,2022,DB1216,Cwmu Buck Deer - Castle Valley Outdoors - Any Legal Weapon,DEER,L.E.,BONUS_POINT,Nonresident,0,0,0,0,N/A,,hunt_total_draw_result,21_bg-odds.pdf,BG_PARENT,87
2021,2022,DB1217,Cwmu Buck Deer - Causey Spring - Any Legal Weapon,DEER,L.E.,BONUS_POINT,Resident,23,0,1,1,1 in 23.0,4.34782609,hunt_total_draw_result,21_bg-odds.pdf,BG_PARENT,88
2021,2022,DB1217,Cwmu Buck Deer - Causey Spring - Any Legal Weapon,DEER,L.E.,BONUS_POINT,Nonresident,0,0,0,0,N/A,,hunt_total_draw_result,21_bg-odds.pdf,BG_PARENT,88
2021,2022,DB1219,Cwmu Buck Deer - Chimney Rock - Any Legal Weapon,DEER,L.E.,BONUS_POINT,Resident,61,1,1,2,1 in 30.5,3.27868852,hunt_total_draw_result,21_bg-odds.pdf,BG_PARENT,89
2021,2022,DB1219,Cwmu Buck Deer - Chimney Rock - Any Legal Weapon,DEER,L.E.,BONUS_POINT,Nonresident,0,0,0,0,N/A,,hunt_total_draw_result,21_bg-odds.pdf,BG_PARENT,89
2021,2022,DB1222,Cwmu Buck Deer - Coldwater Ranch -An y Legal Weapon,DEER,L.E.,BONUS_POINT,Resident,76,1,1,2,1 in 38.0,2.63157895,hunt_total_draw_result,21_bg-odds.pdf,BG_PARENT,90
2021,2022,DB1222,Cwmu Buck Deer - Coldwater Ranch -An y Legal Weapon,DEER,L.E.,BONUS_POINT,Nonresident,0,0,0,0,N/A,,hunt_total_draw_result,21_bg-odds.pdf,BG_PARENT,90
2021,2022,DB1223,Cwmu Buck Deer - Conover-jensen - Any Legal Weapon,DEER,L.E.,BONUS_POINT,Resident,27,2,1,3,1 in 9.0,11.11111111,hunt_total_draw_result,21_bg-odds.pdf,BG_PARENT,91
2021,2022,DB1223,Cwmu Buck Deer - Conover-jensen - Any Legal Weapon,DEER,L.E.,BONUS_POINT,Nonresident,0,0,0,0,N/A,,hunt_total_draw_result,21_bg-odds.pdf,BG_PARENT,91
2021,2022,DB1224,Cwmu Buck Deer - Cotton Thomas - Any Legal Weapon,DEER,L.E.,BONUS_POINT,Resident,13,0,1,1,1 in 13.0,7.69230769,hunt_total_draw_result,21_bg-odds.pdf,BG_PARENT,92
2021,2022,DB1224,Cwmu Buck Deer - Cotton Thomas - Any Legal Weapon,DEER,L.E.,BONUS_POINT,Nonresident,0,0,0,0,N/A,,hunt_total_draw_result,21_bg-odds.pdf,BG_PARENT,92
2021,2022,DB1227,Cwmu Buck Deer - Deer Haven - Any Legal Weapon,DEER,L.E.,BONUS_POINT,Resident,33,1,1,2,1 in 16.5,6.06060606,hunt_total_draw_result,21_bg-odds.pdf,BG_PARENT,93
2021,2022,DB1227,Cwmu Buck Deer - Deer Haven - Any Legal Weapon,DEER,L.E.,BONUS_POINT,Nonresident,0,0,0,0,N/A,,hunt_total_draw_result,21_bg-odds.pdf,BG_PARENT,93
2021,2022,DB1228,Cwmu Buck Deer - Deseret - Any Legal Weapon,DEER,L.E.,BONUS_POINT,Resident,414,7,7,14,1 in 29.6,3.37837838,hunt_total_draw_result,21_bg-odds.pdf,BG_PARENT,94
2021,2022,DB1228,Cwmu Buck Deer - Deseret - Any Legal Weapon,DEER,L.E.,BONUS_POINT,Nonresident,0,0,0,0,N/A,,hunt_total_draw_result,21_bg-odds.pdf,BG_PARENT,94
2021,2022,DB1229,Cwmu Buck Deer - Dilly Ranch - Any Legal Weapon,DEER,L.E.,BONUS_POINT,Resident,15,0,1,1,1 in 15.0,6.66666667,hunt_total_draw_result,21_bg-odds.pdf,BG_PARENT,95
2021,2022,DB1229,Cwmu Buck Deer - Dilly Ranch - Any Legal Weapon,DEER,L.E.,BONUS_POINT,Nonresident,0,0,0,0,N/A,,hunt_total_draw_result,21_bg-odds.pdf,BG_PARENT,95
2021,2022,DB1230,Cwmu Buck Deer - Double R Ranch - Any Legal Weapon,DEER,L.E.,BONUS_POINT,Resident,25,2,1,3,1 in 8.3,12.04819277,hunt_total_draw_result,21_bg-odds.pdf,BG_PARENT,96
2021,2022,DB1230,Cwmu Buck Deer - Double R Ranch - Any Legal Weapon,DEER,L.E.,BONUS_POINT,Nonresident,0,0,0,0,N/A,,hunt_total_draw_result,21_bg-odds.pdf,BG_PARENT,96
2021,2022,DB1231,Cwmu Buck Deer - Dove Creek - Any Legal Weapon,DEER,L.E.,BONUS_POINT,Resident,24,1,1,2,1 in 12.0,8.33333333,hunt_total_draw_result,21_bg-odds.pdf,BG_PARENT,97
2021,2022,DB1231,Cwmu Buck Deer - Dove Creek - Any Legal Weapon,DEER,L.E.,BONUS_POINT,Nonresident,0,0,0,0,N/A,,hunt_total_draw_result,21_bg-odds.pdf,BG_PARENT,97
2021,2022,DB1232,Cwmu Buck Deer - Durst Mountain - Any Legal Weapon,DEER,L.E.,BONUS_POINT,Resident,85,1,1,2,1 in 42.5,2.35294118,hunt_total_draw_result,21_bg-odds.pdf,BG_PARENT,98
2021,2022,DB1232,Cwmu Buck Deer - Durst Mountain - Any Legal Weapon,DEER,L.E.,BONUS_POINT,Nonresident,0,0,0,0,N/A,,hunt_total_draw_result,21_bg-odds.pdf,BG_PARENT,98
2021,2022,DB1233,Cwmu Buck Deer - East Fork Chalk Creek - Any Legal Weapon,DEER,L.E.,BONUS_POINT,Resident,58,2,2,4,1 in 14.5,6.89655172,hunt_total_draw_result,21_bg-odds.pdf,BG_PARENT,99
2021,2022,DB1233,Cwmu Buck Deer - East Fork Chalk Creek - Any Legal Weapon,DEER,L.E.,BONUS_POINT,Nonresident,0,0,0,0,N/A,,hunt_total_draw_result,21_bg-odds.pdf,BG_PARENT,99
2021,2022,DB1234,Cwmu Buck Deer - East Zion - Any Legal Weapon,DEER,L.E.,BONUS_POINT,Resident,21,1,1,2,1 in 10.5,9.52380952,hunt_total_draw_result,21_bg-odds.pdf,BG_PARENT,100
2021,2022,DB1234,Cwmu Buck Deer - East Zion - Any Legal Weapon,DEER,L.E.,BONUS_POINT,Nonresident,0,0,0,0,N/A,,hunt_total_draw_result,21_bg-odds.pdf,BG_PARENT,100
2021,2022,DB1236,Cwmu Buck Deer - Engineer Springs - Any Legal Weapon,DEER,L.E.,BONUS_POINT,Resident,6,0,1,1,1 in 6.0,16.66666667,hunt_total_draw_result,21_bg-odds.pdf,BG_PARENT,101
2021,2022,DB1236,Cwmu Buck Deer - Engineer Springs - Any Legal Weapon,DEER,L.E.,BONUS_POINT,Nonresident,0,0,0,0,N/A,,hunt_total_draw_result,21_bg-odds.pdf,BG_PARENT,101
2021,2022,DB1237,Cwmu Buck Deer - Ensign Ranches - Any Legal Weapon,DEER,L.E.,BONUS_POINT,Resident,208,2,2,4,1 in 52.0,1.92307692,hunt_total_draw_result,21_bg-odds.pdf,BG_PARENT,102
2021,2022,DB1237,Cwmu Buck Deer - Ensign Ranches - Any Legal Weapon,DEER,L.E.,BONUS_POINT,Nonresident,0,0,0,0,N/A,,hunt_total_draw_result,21_bg-odds.pdf,BG_PARENT,102
2021,2022,DB1238,Cwmu Buck Deer - Folley Ridge - Any Legal Weapon,DEER,L.E.,BONUS_POINT,Resident,45,2,1,3,1 in 15.0,6.66666667,hunt_total_draw_result,21_bg-odds.pdf,BG_PARENT,103
2021,2022,DB1238,Cwmu Buck Deer - Folley Ridge - Any Legal Weapon,DEER,L.E.,BONUS_POINT,Nonresident,0,0,0,0,N/A,,hunt_total_draw_result,21_bg-odds.pdf,BG_PARENT,103
2021,2022,DB1240,Cwmu Buck Deer - George Creek - Any Legal Weapon,DEER,L.E.,BONUS_POINT,Resident,5,0,1,1,1 in 5.0,20,hunt_total_draw_result,21_bg-odds.pdf,BG_PARENT,104
2021,2022,DB1240,Cwmu Buck Deer - George Creek - Any Legal Weapon,DEER,L.E.,BONUS_POINT,Nonresident,0,0,0,0,N/A,,hunt_total_draw_result,21_bg-odds.pdf,BG_PARENT,104
2021,2022,DB1241,Cwmu Buck Deer - Golden Spike - Any Legal Weapon,DEER,L.E.,BONUS_POINT,Resident,19,0,1,1,1 in 19.0,5.26315789,hunt_total_draw_result,21_bg-odds.pdf,BG_PARENT,105
2021,2022,DB1241,Cwmu Buck Deer - Golden Spike - Any Legal Weapon,DEER,L.E.,BONUS_POINT,Nonresident,0,0,0,0,N/A,,hunt_total_draw_result,21_bg-odds.pdf,BG_PARENT,105
2021,2022,DB1242,Cwmu Buck Deer - Grass Valley/clark Canyon -An y Legal Weapon,DEER,L.E.,BONUS_POINT,Resident,202,8,7,15,1 in 13.5,7.40740741,hunt_total_draw_result,21_bg-odds.pdf,BG_PARENT,106
2021,2022,DB1242,Cwmu Buck Deer - Grass Valley/clark Canyon -An y Legal Weapon,DEER,L.E.,BONUS_POINT,Nonresident,0,0,0,0,N/A,,hunt_total_draw_result,21_bg-odds.pdf,BG_PARENT,106
2021,2022,DB1243,Cwmu Buck Deer - Grazing Pasture - Any Legal Weapon,DEER,L.E.,BONUS_POINT,Resident,4,0,1,1,1 in 4.0,25,hunt_total_draw_result,21_bg-odds.pdf,BG_PARENT,107
2021,2022,DB1243,Cwmu Buck Deer - Grazing Pasture - Any Legal Weapon,DEER,L.E.,BONUS_POINT,Nonresident,0,0,0,0,N/A,,hunt_total_draw_result,21_bg-odds.pdf,BG_PARENT,107
2021,2022,DB1244,Cwmu Buck Deer - Green Canyon - Any Legal Weapon,DEER,L.E.,BONUS_POINT,Resident,22,0,1,1,1 in 22.0,4.54545455,hunt_total_draw_result,21_bg-odds.pdf,BG_PARENT,108
2021,2022,DB1244,Cwmu Buck Deer - Green Canyon - Any Legal Weapon,DEER,L.E.,BONUS_POINT,Nonresident,0,0,0,0,N/A,,hunt_total_draw_result,21_bg-odds.pdf,BG_PARENT,108
2021,2022,DB1245,Cwmu Buck Deer - Guildersleeve - Any Legal Weapon,DEER,L.E.,BONUS_POINT,Resident,37,1,1,2,1 in 18.5,5.40540541,hunt_total_draw_result,21_bg-odds.pdf,BG_PARENT,109
2021,2022,DB1245,Cwmu Buck Deer - Guildersleeve - Any Legal Weapon,DEER,L.E.,BONUS_POINT,Nonresident,0,0,0,0,N/A,,hunt_total_draw_result,21_bg-odds.pdf,BG_PARENT,109
2021,2022,DB1246,Cwmu Buck Deer - Hardscrabble - Any Legal Weapon,DEER,L.E.,BONUS_POINT,Resident,20,1,1,2,1 in 10.0,10,hunt_total_draw_result,21_bg-odds.pdf,BG_PARENT,110
2021,2022,DB1246,Cwmu Buck Deer - Hardscrabble - Any Legal Weapon,DEER,L.E.,BONUS_POINT,Nonresident,0,0,0,0,N/A,,hunt_total_draw_result,21_bg-odds.pdf,BG_PARENT,110
2021,2022,DB1248,Cwmu Buck Deer - Heaston East - Any Legal Weapon,DEER,L.E.,BONUS_POINT,Resident,88,1,1,2,1 in 44.0,2.27272727,hunt_total_draw_result,21_bg-odds.pdf,BG_PARENT,111
2021,2022,DB1248,Cwmu Buck Deer - Heaston East - Any Legal Weapon,DEER,L.E.,BONUS_POINT,Nonresident,0,0,0,0,N/A,,hunt_total_draw_result,21_bg-odds.pdf,BG_PARENT,111
2021,2022,DB1249,Cwmu Buck Deer - Hiawatha - Any Legal Weapon,DEER,L.E.,BONUS_POINT,Resident,6,0,1,1,1 in 6.0,16.66666667,hunt_total_draw_result,21_bg-odds.pdf,BG_PARENT,112
2021,2022,DB1249,Cwmu Buck Deer - Hiawatha - Any Legal Weapon,DEER,L.E.,BONUS_POINT,Nonresident,0,0,0,0,N/A,,hunt_total_draw_result,21_bg-odds.pdf,BG_PARENT,112
2021,2022,DB1250,Cwmu Buck Deer - Indian Creek - Any Legal Weapon,DEER,L.E.,BONUS_POINT,Resident,2,1,1,2,1 in 1.0,100,hunt_total_draw_result,21_bg-odds.pdf,BG_PARENT,113
2021,2022,DB1250,Cwmu Buck Deer - Indian Creek - Any Legal Weapon,DEER,L.E.,BONUS_POINT,Nonresident,0,0,0,0,N/A,,hunt_total_draw_result,21_bg-odds.pdf,BG_PARENT,113
2021,2022,DB1251,Cwmu Buck Deer - Indian Head - Any Legal Weapon,DEER,L.E.,BONUS_POINT,Resident,28,1,1,2,1 in 14.0,7.14285714,hunt_total_draw_result,21_bg-odds.pdf,BG_PARENT,114
2021,2022,DB1251,Cwmu Buck Deer - Indian Head - Any Legal Weapon,DEER,L.E.,BONUS_POINT,Nonresident,0,0,0,0,N/A,,hunt_total_draw_result,21_bg-odds.pdf,BG_PARENT,114
2021,2022,DB1252,Cwmu Buck Deer - Ingham Peak - Any Legal Weapon,DEER,L.E.,BONUS_POINT,Resident,32,2,2,4,1 in 8.0,12.5,hunt_total_draw_result,21_bg-odds.pdf,BG_PARENT,115
2021,2022,DB1252,Cwmu Buck Deer - Ingham Peak - Any Legal Weapon,DEER,L.E.,BONUS_POINT,Nonresident,0,0,0,0,N/A,,hunt_total_draw_result,21_bg-odds.pdf,BG_PARENT,115
2021,2022,DB1253,Cwmu Buck Deer - J.b. Ranch - Any Legal Weapon,DEER,L.E.,BONUS_POINT,Resident,20,1,1,2,1 in 10.0,10,hunt_total_draw_result,21_bg-odds.pdf,BG_PARENT,116
2021,2022,DB1253,Cwmu Buck Deer - J.b. Ranch - Any Legal Weapon,DEER,L.E.,BONUS_POINT,Nonresident,0,0,0,0,N/A,,hunt_total_draw_result,21_bg-odds.pdf,BG_PARENT,116
2021,2022,DB1255,Cwmu Buck Deer - Johnson Mountain Ranch - Any Legal Weapon,DEER,L.E.,BONUS_POINT,Resident,7,0,1,1,1 in 7.0,14.28571429,hunt_total_draw_result,21_bg-odds.pdf,BG_PARENT,117
2021,2022,DB1255,Cwmu Buck Deer - Johnson Mountain Ranch - Any Legal Weapon,DEER,L.E.,BONUS_POINT,Nonresident,0,0,0,0,N/A,,hunt_total_draw_result,21_bg-odds.pdf,BG_PARENT,117
2021,2022,DB1256,Cwmu Buck Deer - Junction Valley - Any Legal Weapon,DEER,L.E.,BONUS_POINT,Resident,51,3,2,5,1 in 10.2,9.80392157,hunt_total_draw_result,21_bg-odds.pdf,BG_PARENT,118
2021,2022,DB1256,Cwmu Buck Deer - Junction Valley - Any Legal Weapon,DEER,L.E.,BONUS_POINT,Nonresident,0,0,0,0,N/A,,hunt_total_draw_result,21_bg-odds.pdf,BG_PARENT,118
2021,2022,DB1257,Cwmu Buck Deer - Lazy H Ranch - Any Legal Weapon,DEER,L.E.,BONUS_POINT,Resident,6,0,1,1,1 in 6.0,16.66666667,hunt_total_draw_result,21_bg-odds.pdf,BG_PARENT,119
2021,2022,DB1257,Cwmu Buck Deer - Lazy H Ranch - Any Legal Weapon,DEER,L.E.,BONUS_POINT,Nonresident,0,0,0,0,N/A,,hunt_total_draw_result,21_bg-odds.pdf,BG_PARENT,119
2021,2022,DB1258,Cwmu Buck Deer - Little Red Creek - Any Legal Weapon,DEER,L.E.,BONUS_POINT,Resident,31,0,1,1,1 in 31.0,3.22580645,hunt_total_draw_result,21_bg-odds.pdf,BG_PARENT,120
2021,2022,DB1258,Cwmu Buck Deer - Little Red Creek - Any Legal Weapon,DEER,L.E.,BONUS_POINT,Nonresident,0,0,0,0,N/A,,hunt_total_draw_result,21_bg-odds.pdf,BG_PARENT,120
2021,2022,DB1259,Cwmu Buck Deer - Lone Tree Tunnel Hollow - Any Legal Weapon,DEER,L.E.,BONUS_POINT,Resident,27,1,1,2,1 in 13.5,7.40740741,hunt_total_draw_result,21_bg-odds.pdf,BG_PARENT,121
2021,2022,DB1259,Cwmu Buck Deer - Lone Tree Tunnel Hollow - Any Legal Weapon,DEER,L.E.,BONUS_POINT,Nonresident,0,0,0,0,N/A,,hunt_total_draw_result,21_bg-odds.pdf,BG_PARENT,121
2021,2022,DB1260,Cwmu Buck Deer - Middle Ridge - Any Legal Weapon,DEER,L.E.,BONUS_POINT,Resident,15,2,2,4,1 in 3.8,26.31578947,hunt_total_draw_result,21_bg-odds.pdf,BG_PARENT,122
2021,2022,DB1260,Cwmu Buck Deer - Middle Ridge - Any Legal Weapon,DEER,L.E.,BONUS_POINT,Nonresident,0,0,0,0,N/A,,hunt_total_draw_result,21_bg-odds.pdf,BG_PARENT,122
2021,2022,DB1261,Cwmu Buck Deer - Minnie Maud Ridge - Any Legal Weapon,DEER,L.E.,BONUS_POINT,Resident,42,3,2,5,1 in 8.4,11.9047619,hunt_total_draw_result,21_bg-odds.pdf,BG_PARENT,123
2021,2022,DB1261,Cwmu Buck Deer - Minnie Maud Ridge - Any Legal Weapon,DEER,L.E.,BONUS_POINT,Nonresident,0,0,0,0,N/A,,hunt_total_draw_result,21_bg-odds.pdf,BG_PARENT,123
2021,2022,DB1263,Cwmu Buck Deer - Moon Ranch - Any Legal Weapon,DEER,L.E.,BONUS_POINT,Resident,11,0,1,1,1 in 11.0,9.09090909,hunt_total_draw_result,21_bg-odds.pdf,BG_PARENT,124
2021,2022,DB1263,Cwmu Buck Deer - Moon Ranch - Any Legal Weapon,DEER,L.E.,BONUS_POINT,Nonresident,0,0,0,0,N/A,,hunt_total_draw_result,21_bg-odds.pdf,BG_PARENT,124
2021,2022,DB1264,Cwmu Buck Deer - Mountain Meadow - Any Legal Weapon,DEER,L.E.,BONUS_POINT,Resident,12,0,1,1,1 in 12.0,8.33333333,hunt_total_draw_result,21_bg-odds.pdf,BG_PARENT,125
2021,2022,DB1264,Cwmu Buck Deer - Mountain Meadow - Any Legal Weapon,DEER,L.E.,BONUS_POINT,Nonresident,0,0,0,0,N/A,,hunt_total_draw_result,21_bg-odds.pdf,BG_PARENT,125
2021,2022,DB1265,Cwmu Buck Deer - Mountain Top - Any Legal Weapon,DEER,L.E.,BONUS_POINT,Resident,18,1,1,2,1 in 9.0,11.11111111,hunt_total_draw_result,21_bg-odds.pdf,BG_PARENT,126
2021,2022,DB1265,Cwmu Buck Deer - Mountain Top - Any Legal Weapon,DEER,L.E.,BONUS_POINT,Nonresident,0,0,0,0,N/A,,hunt_total_draw_result,21_bg-odds.pdf,BG_PARENT,126
2021,2022,DB1266,Cwmu Buck Deer - Mt Carmel - Any Legal Weapon,DEER,L.E.,BONUS_POINT,Resident,31,1,1,2,1 in 15.5,6.4516129,hunt_total_draw_result,21_bg-odds.pdf,BG_PARENT,127
2021,2022,DB1266,Cwmu Buck Deer - Mt Carmel - Any Legal Weapon,DEER,L.E.,BONUS_POINT,Nonresident,0,0,0,0,N/A,,hunt_total_draw_result,21_bg-odds.pdf,BG_PARENT,127
2021,2022,DB1267,Cwmu Buck Deer - Neil Creek - Any Legal Weapon,DEER,L.E.,BONUS_POINT,Resident,32,1,1,2,1 in 16.0,6.25,hunt_total_draw_result,21_bg-odds.pdf,BG_PARENT,128
2021,2022,DB1267,Cwmu Buck Deer - Neil Creek - Any Legal Weapon,DEER,L.E.,BONUS_POINT,Nonresident,0,0,0,0,N/A,,hunt_total_draw_result,21_bg-odds.pdf,BG_PARENT,128
2021,2022,DB1269,Cwmu Buck Deer - North Promontory - Any Legal Weapon,DEER,L.E.,BONUS_POINT,Resident,23,1,1,2,1 in 11.5,8.69565217,hunt_total_draw_result,21_bg-odds.pdf,BG_PARENT,129
2021,2022,DB1269,Cwmu Buck Deer - North Promontory - Any Legal Weapon,DEER,L.E.,BONUS_POINT,Nonresident,0,0,0,0,N/A,,hunt_total_draw_result,21_bg-odds.pdf,BG_PARENT,129
2021,2022,DB1270,Cwmu Buck Deer - Nucor West - Any Legal Weapon,DEER,L.E.,BONUS_POINT,Resident,39,0,1,1,1 in 39.0,2.56410256,hunt_total_draw_result,21_bg-odds.pdf,BG_PARENT,130
2021,2022,DB1270,Cwmu Buck Deer - Nucor West - Any Legal Weapon,DEER,L.E.,BONUS_POINT,Nonresident,0,0,0,0,N/A,,hunt_total_draw_result,21_bg-odds.pdf,BG_PARENT,130
2021,2022,DB1271,Cwmu Buck Deer - Oak Ranch - Any Legal Weapon,DEER,L.E.,BONUS_POINT,Resident,10,2,1,3,1 in 3.3,30.3030303,hunt_total_draw_result,21_bg-odds.pdf,BG_PARENT,131
2021,2022,DB1271,Cwmu Buck Deer - Oak Ranch - Any Legal Weapon,DEER,L.E.,BONUS_POINT,Nonresident,0,0,0,0,N/A,,hunt_total_draw_result,21_bg-odds.pdf,BG_PARENT,131
2021,2022,DB1272,Cwmu Buck Deer - Old Woman Plateau - Any Legal Weapon,DEER,L.E.,BONUS_POINT,Resident,13,2,1,3,1 in 4.3,23.25581395,hunt_total_draw_result,21_bg-odds.pdf,BG_PARENT,132
2021,2022,DB1272,Cwmu Buck Deer - Old Woman Plateau - Any Legal Weapon,DEER,L.E.,BONUS_POINT,Nonresident,0,0,0,0,N/A,,hunt_total_draw_result,21_bg-odds.pdf,BG_PARENT,132
2021,2022,DB1273,Cwmu Buck Deer - Park Valley Hereford - Any Legal Weapon,DEER,L.E.,BONUS_POINT,Resident,38,5,5,10,1 in 3.8,26.31578947,hunt_total_draw_result,21_bg-odds.pdf,BG_PARENT,133
2021,2022,DB1273,Cwmu Buck Deer - Park Valley Hereford - Any Legal Weapon,DEER,L.E.,BONUS_POINT,Nonresident,0,0,0,0,N/A,,hunt_total_draw_result,21_bg-odds.pdf,BG_PARENT,133
2021,2022,DB1274,Cwmu Buck Deer - Patmos Ridge - Any Legal Weapon,DEER,L.E.,BONUS_POINT,Resident,7,0,1,1,1 in 7.0,14.28571429,hunt_total_draw_result,21_bg-odds.pdf,BG_PARENT,134
2021,2022,DB1274,Cwmu Buck Deer - Patmos Ridge - Any Legal Weapon,DEER,L.E.,BONUS_POINT,Nonresident,0,0,0,0,N/A,,hunt_total_draw_result,21_bg-odds.pdf,BG_PARENT,134
2021,2022,DB1275,Cwmu Buck Deer - Pine Canyon -An y Legal Weapon,DEER,L.E.,BONUS_POINT,Resident,30,2,1,3,1 in 10.0,10,hunt_total_draw_result,21_bg-odds.pdf,BG_PARENT,135
2021,2022,DB1275,Cwmu Buck Deer - Pine Canyon -An y Legal Weapon,DEER,L.E.,BONUS_POINT,Nonresident,0,0,0,0,N/A,,hunt_total_draw_result,21_bg-odds.pdf,BG_PARENT,135
2021,2022,DB1276,Cwmu Buck Deer - Plymouth Peak - Any Legal Weapon,DEER,L.E.,BONUS_POINT,Resident,5,0,1,1,1 in 5.0,20,hunt_total_draw_result,21_bg-odds.pdf,BG_PARENT,136
2021,2022,DB1276,Cwmu Buck Deer - Plymouth Peak - Any Legal Weapon,DEER,L.E.,BONUS_POINT,Nonresident,0,0,0,0,N/A,,hunt_total_draw_result,21_bg-odds.pdf,BG_PARENT,136
2021,2022,DB1277,Cwmu Buck Deer - Pocatello Valley - Any Legal Weapon,DEER,L.E.,BONUS_POINT,Resident,21,0,1,1,1 in 21.0,4.76190476,hunt_total_draw_result,21_bg-odds.pdf,BG_PARENT,137
2021,2022,DB1277,Cwmu Buck Deer - Pocatello Valley - Any Legal Weapon,DEER,L.E.,BONUS_POINT,Nonresident,0,0,0,0,N/A,,hunt_total_draw_result,21_bg-odds.pdf,BG_PARENT,137
2021,2022,DB1278,Cwmu Buck Deer - Powder Mountain - Any Legal Weapon,DEER,L.E.,BONUS_POINT,Resident,32,0,1,1,1 in 32.0,3.125,hunt_total_draw_result,21_bg-odds.pdf,BG_PARENT,138
2021,2022,DB1278,Cwmu Buck Deer - Powder Mountain - Any Legal Weapon,DEER,L.E.,BONUS_POINT,Nonresident,0,0,0,0,N/A,,hunt_total_draw_result,21_bg-odds.pdf,BG_PARENT,138
2021,2022,DB1279,Cwmu Buck Deer - Preston Nutter Ranch - Any Legal Weapon,DEER,L.E.,BONUS_POINT,Resident,59,0,1,1,1 in 59.0,1.69491525,hunt_total_draw_result,21_bg-odds.pdf,BG_PARENT,139
2021,2022,DB1279,Cwmu Buck Deer - Preston Nutter Ranch - Any Legal Weapon,DEER,L.E.,BONUS_POINT,Nonresident,0,0,0,0,N/A,,hunt_total_draw_result,21_bg-odds.pdf,BG_PARENT,139
2021,2022,DB1280,Cwmu Buck Deer - Promontory Point - Any Legal Weapon,DEER,L.E.,BONUS_POINT,Resident,38,0,1,1,1 in 38.0,2.63157895,hunt_total_draw_result,21_bg-odds.pdf,BG_PARENT,140
2021,2022,DB1280,Cwmu Buck Deer - Promontory Point - Any Legal Weapon,DEER,L.E.,BONUS_POINT,Nonresident,0,0,0,0,N/A,,hunt_total_draw_result,21_bg-odds.pdf,BG_PARENT,140
2021,2022,DB1281,Cwmu Buck Deer - Rattlesnake Pass -An y Legal Weapon,DEER,L.E.,BONUS_POINT,Resident,11,2,1,3,1 in 3.7,27.02702703,hunt_total_draw_result,21_bg-odds.pdf,BG_PARENT,141
2021,2022,DB1281,Cwmu Buck Deer - Rattlesnake Pass -An y Legal Weapon,DEER,L.E.,BONUS_POINT,Nonresident,0,0,0,0,N/A,,hunt_total_draw_result,21_bg-odds.pdf,BG_PARENT,141
2021,2022,DB1282,Cwmu Buck Deer - Redd Ranches - Any Legal Weapon,DEER,L.E.,BONUS_POINT,Resident,14,1,1,2,1 in 7.0,14.28571429,hunt_total_draw_result,21_bg-odds.pdf,BG_PARENT,142
2021,2022,DB1282,Cwmu Buck Deer - Redd Ranches - Any Legal Weapon,DEER,L.E.,BONUS_POINT,Nonresident,0,0,0,0,N/A,,hunt_total_draw_result,21_bg-odds.pdf,BG_PARENT,142
2021,2022,DB1283,Cwmu Buck Deer - Roan Cliffs - Any Legal Weapon,DEER,L.E.,BONUS_POINT,Resident,23,0,1,1,1 in 23.0,4.34782609,hunt_total_draw_result,21_bg-odds.pdf,BG_PARENT,143
2021,2022,DB1283,Cwmu Buck Deer - Roan Cliffs - Any Legal Weapon,DEER,L.E.,BONUS_POINT,Nonresident,0,0,0,0,N/A,,hunt_total_draw_result,21_bg-odds.pdf,BG_PARENT,143
2021,2022,DB1285,Cwmu Buck Deer - Sand Creek - Any Legal Weapon,DEER,L.E.,BONUS_POINT,Resident,20,0,1,1,1 in 20.0,5,hunt_total_draw_result,21_bg-odds.pdf,BG_PARENT,144
2021,2022,DB1285,Cwmu Buck Deer - Sand Creek - Any Legal Weapon,DEER,L.E.,BONUS_POINT,Nonresident,0,0,0,0,N/A,,hunt_total_draw_result,21_bg-odds.pdf,BG_PARENT,144
2021,2022,DB1286,Cwmu Buck Deer - Pisgah Mountain - Any Legal Weapon,DEER,L.E.,BONUS_POINT,Resident,15,1,1,2,1 in 7.5,13.33333333,hunt_total_draw_result,21_bg-odds.pdf,BG_PARENT,145
2021,2022,DB1286,Cwmu Buck Deer - Pisgah Mountain - Any Legal Weapon,DEER,L.E.,BONUS_POINT,Nonresident,0,0,0,0,N/A,,hunt_total_draw_result,21_bg-odds.pdf,BG_PARENT,145
2021,2022,DB1287,Cwmu Buck Deer - Scofield Canyons - Any Legal Weapon,DEER,L.E.,BONUS_POINT,Resident,21,0,1,1,1 in 21.0,4.76190476,hunt_total_draw_result,21_bg-odds.pdf,BG_PARENT,146
2021,2022,DB1287,Cwmu Buck Deer - Scofield Canyons - Any Legal Weapon,DEER,L.E.,BONUS_POINT,Nonresident,0,0,0,0,N/A,,hunt_total_draw_result,21_bg-odds.pdf,BG_PARENT,146
2021,2022,DB1288,Cwmu Buck Deer - Scofield West - Any Legal Weapon,DEER,L.E.,BONUS_POINT,Resident,27,1,1,2,1 in 13.5,7.40740741,hunt_total_draw_result,21_bg-odds.pdf,BG_PARENT,147
2021,2022,DB1288,Cwmu Buck Deer - Scofield West - Any Legal Weapon,DEER,L.E.,BONUS_POINT,Nonresident,0,0,0,0,N/A,,hunt_total_draw_result,21_bg-odds.pdf,BG_PARENT,147
2021,2022,DB1289,Cwmu Buck Deer - Sharp Mountain - Any Legal Weapon,DEER,L.E.,BONUS_POINT,Resident,21,1,1,2,1 in 10.5,9.52380952,hunt_total_draw_result,21_bg-odds.pdf,BG_PARENT,148
2021,2022,DB1289,Cwmu Buck Deer - Sharp Mountain - Any Legal Weapon,DEER,L.E.,BONUS_POINT,Nonresident,0,0,0,0,N/A,,hunt_total_draw_result,21_bg-odds.pdf,BG_PARENT,148
2021,2022,DB1290,Cwmu Buck Deer - Skull Crack - Any Legal Weapon,DEER,L.E.,BONUS_POINT,Resident,95,0,1,1,1 in 95.0,1.05263158,hunt_total_draw_result,21_bg-odds.pdf,BG_PARENT,149
2021,2022,DB1290,Cwmu Buck Deer - Skull Crack - Any Legal Weapon,DEER,L.E.,BONUS_POINT,Nonresident,0,0,0,0,N/A,,hunt_total_draw_result,21_bg-odds.pdf,BG_PARENT,149
2021,2022,DB1291,Cwmu Buck Deer - Skull Valley South - Any Legal Weapon,DEER,L.E.,BONUS_POINT,Resident,12,0,1,1,1 in 12.0,8.33333333,hunt_total_draw_result,21_bg-odds.pdf,BG_PARENT,150
2021,2022,DB1291,Cwmu Buck Deer - Skull Valley South - Any Legal Weapon,DEER,L.E.,BONUS_POINT,Nonresident,0,0,0,0,N/A,,hunt_total_draw_result,21_bg-odds.pdf,BG_PARENT,150
2021,2022,DB1292,Cwmu Buck Deer - Soldier Summit - Any Legal Weapon,DEER,L.E.,BONUS_POINT,Resident,36,1,1,2,1 in 18.0,5.55555556,hunt_total_draw_result,21_bg-odds.pdf,BG_PARENT,151
2021,2022,DB1292,Cwmu Buck Deer - Soldier Summit - Any Legal Weapon,DEER,L.E.,BONUS_POINT,Nonresident,0,0,0,0,N/A,,hunt_total_draw_result,21_bg-odds.pdf,BG_PARENT,151
2021,2022,DB1293,Cwmu Buck Deer - South Canyon - Any Legal Weapon,DEER,L.E.,BONUS_POINT,Resident,22,1,1,2,1 in 11.0,9.09090909,hunt_total_draw_result,21_bg-odds.pdf,BG_PARENT,152
2021,2022,DB1293,Cwmu Buck Deer - South Canyon - Any Legal Weapon,DEER,L.E.,BONUS_POINT,Nonresident,0,0,0,0,N/A,,hunt_total_draw_result,21_bg-odds.pdf,BG_PARENT,152
2021,2022,DB1294,Cwmu Buck Deer - Spring Creek Acres - Any Legal Weapon,DEER,L.E.,BONUS_POINT,Resident,9,0,1,1,1 in 9.0,11.11111111,hunt_total_draw_result,21_bg-odds.pdf,BG_PARENT,153
2021,2022,DB1294,Cwmu Buck Deer - Spring Creek Acres - Any Legal Weapon,DEER,L.E.,BONUS_POINT,Nonresident,0,0,0,0,N/A,,hunt_total_draw_result,21_bg-odds.pdf,BG_PARENT,153
2021,2022,DB1295,Cwmu Buck Deer - Spring Creek/dodge - Any Legal Weapon,DEER,L.E.,BONUS_POINT,Resident,63,3,2,5,1 in 12.6,7.93650794,hunt_total_draw_result,21_bg-odds.pdf,BG_PARENT,154
2021,2022,DB1295,Cwmu Buck Deer - Spring Creek/dodge - Any Legal Weapon,DEER,L.E.,BONUS_POINT,Nonresident,0,0,0,0,N/A,,hunt_total_draw_result,21_bg-odds.pdf,BG_PARENT,154
2021,2022,DB1297,Cwmu Buck Deer - Stillman Creek Ranch - Any Legal Weapon,DEER,L.E.,BONUS_POINT,Resident,37,2,2,4,1 in 9.3,10.75268817,hunt_total_draw_result,21_bg-odds.pdf,BG_PARENT,155
2021,2022,DB1297,Cwmu Buck Deer - Stillman Creek Ranch - Any Legal Weapon,DEER,L.E.,BONUS_POINT,Nonresident,0,0,0,0,N/A,,hunt_total_draw_result,21_bg-odds.pdf,BG_PARENT,155
2021,2022,DB1298,Cwmu Buck Deer - Strawberry Ridge - Any Legal Weapon,DEER,L.E.,BONUS_POINT,Resident,13,1,1,2,1 in 6.5,15.38461538,hunt_total_draw_result,21_bg-odds.pdf,BG_PARENT,156
2021,2022,DB1298,Cwmu Buck Deer - Strawberry Ridge - Any Legal Weapon,DEER,L.E.,BONUS_POINT,Nonresident,0,0,0,0,N/A,,hunt_total_draw_result,21_bg-odds.pdf,BG_PARENT,156
2021,2022,DB1300,Cwmu Buck Deer - Thatcher Mountain - Any Legal Weapon,DEER,L.E.,BONUS_POINT,Resident,34,0,1,1,1 in 34.0,2.94117647,hunt_total_draw_result,21_bg-odds.pdf,BG_PARENT,157
2021,2022,DB1300,Cwmu Buck Deer - Thatcher Mountain - Any Legal Weapon,DEER,L.E.,BONUS_POINT,Nonresident,0,0,0,0,N/A,,hunt_total_draw_result,21_bg-odds.pdf,BG_PARENT,157
2021,2022,DB1301,Cwmu Buck Deer - Three C - Any Legal Weapon,DEER,L.E.,BONUS_POINT,Resident,60,1,1,2,1 in 30.0,3.33333333,hunt_total_draw_result,21_bg-odds.pdf,BG_PARENT,158
2021,2022,DB1301,Cwmu Buck Deer - Three C - Any Legal Weapon,DEER,L.E.,BONUS_POINT,Nonresident,0,0,0,0,N/A,,hunt_total_draw_result,21_bg-odds.pdf,BG_PARENT,158
2021,2022,DB1302,Cwmu Buck Deer - Tj Cattle Company - Any Legal Weapon,DEER,L.E.,BONUS_POINT,Resident,24,0,1,1,1 in 24.0,4.16666667,hunt_total_draw_result,21_bg-odds.pdf,BG_PARENT,159
2021,2022,DB1302,Cwmu Buck Deer - Tj Cattle Company - Any Legal Weapon,DEER,L.E.,BONUS_POINT,Nonresident,0,0,0,0,N/A,,hunt_total_draw_result,21_bg-odds.pdf,BG_PARENT,159
2021,2022,DB1303,Cwmu Buck Deer - North Peaks - Any Legal Weapon,DEER,L.E.,BONUS_POINT,Resident,17,1,1,2,1 in 8.5,11.76470588,hunt_total_draw_result,21_bg-odds.pdf,BG_PARENT,160
2021,2022,DB1303,Cwmu Buck Deer - North Peaks - Any Legal Weapon,DEER,L.E.,BONUS_POINT,Nonresident,0,0,0,0,N/A,,hunt_total_draw_result,21_bg-odds.pdf,BG_PARENT,160
2021,2022,DB1304,Cwmu Buck Deer - Two Bear - Any Legal Weapon,BLACK_BEAR,L.E.,BONUS_POINT,Resident,65,0,1,1,1 in 65.0,1.53846154,hunt_total_draw_result,21_bg-odds.pdf,BG_PARENT,161
2021,2022,DB1304,Cwmu Buck Deer - Two Bear - Any Legal Weapon,BLACK_BEAR,L.E.,BONUS_POINT,Nonresident,0,0,0,0,N/A,,hunt_total_draw_result,21_bg-odds.pdf,BG_PARENT,161
2021,2022,DB1305,Cwmu Buck Deer - Wallsburg - Any Legal Weapon,DEER,L.E.,BONUS_POINT,Resident,7,0,1,1,1 in 7.0,14.28571429,hunt_total_draw_result,21_bg-odds.pdf,BG_PARENT,162
2021,2022,DB1305,Cwmu Buck Deer - Wallsburg - Any Legal Weapon,DEER,L.E.,BONUS_POINT,Nonresident,0,0,0,0,N/A,,hunt_total_draw_result,21_bg-odds.pdf,BG_PARENT,162
2021,2022,DB1306,Cwmu Buck Deer - Washakie - Any Legal Weapon,DEER,L.E.,BONUS_POINT,Resident,15,0,1,1,1 in 15.0,6.66666667,hunt_total_draw_result,21_bg-odds.pdf,BG_PARENT,163
2021,2022,DB1306,Cwmu Buck Deer - Washakie - Any Legal Weapon,DEER,L.E.,BONUS_POINT,Nonresident,0,0,0,0,N/A,,hunt_total_draw_result,21_bg-odds.pdf,BG_PARENT,163
2021,2022,DB1307,Cwmu Buck Deer - Weber Florence Creek - Any Legal Weapon,DEER,L.E.,BONUS_POINT,Resident,60,3,2,5,1 in 12.0,8.33333333,hunt_total_draw_result,21_bg-odds.pdf,BG_PARENT,164
2021,2022,DB1307,Cwmu Buck Deer - Weber Florence Creek - Any Legal Weapon,DEER,L.E.,BONUS_POINT,Nonresident,0,0,0,0,N/A,,hunt_total_draw_result,21_bg-odds.pdf,BG_PARENT,164
2021,2022,DB1309,Cwmu Buck Deer - West Willow Creek Ranch -An y Legal Weapon,DEER,L.E.,BONUS_POINT,Resident,61,2,2,4,1 in 15.3,6.53594771,hunt_total_draw_result,21_bg-odds.pdf,BG_PARENT,165
2021,2022,DB1309,Cwmu Buck Deer - West Willow Creek Ranch -An y Legal Weapon,DEER,L.E.,BONUS_POINT,Nonresident,0,0,0,0,N/A,,hunt_total_draw_result,21_bg-odds.pdf,BG_PARENT,165
2021,2022,DB1310,Cwmu Buck Deer - White's Valley - Any Legal Weapon,DEER,L.E.,BONUS_POINT,Resident,35,0,1,1,1 in 35.0,2.85714286,hunt_total_draw_result,21_bg-odds.pdf,BG_PARENT,166
2021,2022,DB1310,Cwmu Buck Deer - White's Valley - Any Legal Weapon,DEER,L.E.,BONUS_POINT,Nonresident,0,0,0,0,N/A,,hunt_total_draw_result,21_bg-odds.pdf,BG_PARENT,166
2021,2022,DB1317,Cwmu Buck Deer - Jacob's Creek - Any Legal Weapon,DEER,L.E.,BONUS_POINT,Resident,6,1,1,2,1 in 3.0,33.33333333,hunt_total_draw_result,21_bg-odds.pdf,BG_PARENT,167
2021,2022,DB1317,Cwmu Buck Deer - Jacob's Creek - Any Legal Weapon,DEER,L.E.,BONUS_POINT,Nonresident,0,0,0,0,N/A,,hunt_total_draw_result,21_bg-odds.pdf,BG_PARENT,167
2021,2022,DB1320,Cwmu Buck Deer - Deer Creek - Any Legal Weapon,DEER,L.E.,BONUS_POINT,Resident,14,0,1,1,1 in 14.0,7.14285714,hunt_total_draw_result,21_bg-odds.pdf,BG_PARENT,168
2021,2022,DB1320,Cwmu Buck Deer - Deer Creek - Any Legal Weapon,DEER,L.E.,BONUS_POINT,Nonresident,0,0,0,0,N/A,,hunt_total_draw_result,21_bg-odds.pdf,BG_PARENT,168
2021,2022,DB1321,Cwmu Buck Deer - Mecham Ridge - Any Legal Weapon,DEER,L.E.,BONUS_POINT,Resident,4,0,1,1,1 in 4.0,25,hunt_total_draw_result,21_bg-odds.pdf,BG_PARENT,169
2021,2022,DB1321,Cwmu Buck Deer - Mecham Ridge - Any Legal Weapon,DEER,L.E.,BONUS_POINT,Nonresident,0,0,0,0,N/A,,hunt_total_draw_result,21_bg-odds.pdf,BG_PARENT,169
2021,2022,DB1322,Cwmu Buck Deer - Pahvant Ensign - Any Legal Weapon,DEER,L.E.,BONUS_POINT,Resident,12,0,1,1,1 in 12.0,8.33333333,hunt_total_draw_result,21_bg-odds.pdf,BG_PARENT,170
2021,2022,DB1322,Cwmu Buck Deer - Pahvant Ensign - Any Legal Weapon,DEER,L.E.,BONUS_POINT,Nonresident,0,0,0,0,N/A,,hunt_total_draw_result,21_bg-odds.pdf,BG_PARENT,170
2021,2022,DB1323,Cwmu Buck Deer - Rock House - Any Legal Weapon,DEER,L.E.,BONUS_POINT,Resident,2,0,1,1,1 in 2.0,50,hunt_total_draw_result,21_bg-odds.pdf,BG_PARENT,171
2021,2022,DB1323,Cwmu Buck Deer - Rock House - Any Legal Weapon,DEER,L.E.,BONUS_POINT,Nonresident,0,0,0,0,N/A,,hunt_total_draw_result,21_bg-odds.pdf,BG_PARENT,171
2021,2022,DB1324,Cwmu Buck Deer - Royal Ivory Outfitters - Any Legal Weapon,DEER,L.E.,BONUS_POINT,Resident,6,0,1,1,1 in 6.0,16.66666667,hunt_total_draw_result,21_bg-odds.pdf,BG_PARENT,172
2021,2022,DB1324,Cwmu Buck Deer - Royal Ivory Outfitters - Any Legal Weapon,DEER,L.E.,BONUS_POINT,Nonresident,0,0,0,0,N/A,,hunt_total_draw_result,21_bg-odds.pdf,BG_PARENT,172
2021,2022,DB1325,Cwmu Buck Deer - Double Cone - Any Legal Weapon,DEER,L.E.,BONUS_POINT,Resident,9,0,1,1,1 in 9.0,11.11111111,hunt_total_draw_result,21_bg-odds.pdf,BG_PARENT,173
2021,2022,DB1325,Cwmu Buck Deer - Double Cone - Any Legal Weapon,DEER,L.E.,BONUS_POINT,Nonresident,0,0,0,0,N/A,,hunt_total_draw_result,21_bg-odds.pdf,BG_PARENT,173
2021,2022,DB1326,Cwmu Buck Deer - Rosette - Any Legal Weapon,DEER,L.E.,BONUS_POINT,Resident,6,0,1,1,1 in 6.0,16.66666667,hunt_total_draw_result,21_bg-odds.pdf,BG_PARENT,174
2021,2022,DB1326,Cwmu Buck Deer - Rosette - Any Legal Weapon,DEER,L.E.,BONUS_POINT,Nonresident,0,0,0,0,N/A,,hunt_total_draw_result,21_bg-odds.pdf,BG_PARENT,174
2021,2022,DB1327,Cwmu Buck Deer - Mountain Sky Ranch - Any Legal Weapon,DEER,L.E.,BONUS_POINT,Resident,12,0,1,1,1 in 12.0,8.33333333,hunt_total_draw_result,21_bg-odds.pdf,BG_PARENT,175
2021,2022,DB1327,Cwmu Buck Deer - Mountain Sky Ranch - Any Legal Weapon,DEER,L.E.,BONUS_POINT,Nonresident,0,0,0,0,N/A,,hunt_total_draw_result,21_bg-odds.pdf,BG_PARENT,175
2021,2022,DB1328,Cwmu Buck Deer - Clear Creek - Any Legal Weapon,DEER,L.E.,BONUS_POINT,Resident,6,0,1,1,1 in 6.0,16.66666667,hunt_total_draw_result,21_bg-odds.pdf,BG_PARENT,176
2021,2022,DB1328,Cwmu Buck Deer - Clear Creek - Any Legal Weapon,DEER,L.E.,BONUS_POINT,Nonresident,0,0,0,0,N/A,,hunt_total_draw_result,21_bg-odds.pdf,BG_PARENT,176
2021,2022,DB1329,Cwmu Buck Deer - Indian Canyon - Any Legal Weapon,DEER,L.E.,BONUS_POINT,Resident,2,0,1,1,1 in 2.0,50,hunt_total_draw_result,21_bg-odds.pdf,BG_PARENT,177
2021,2022,DB1329,Cwmu Buck Deer - Indian Canyon - Any Legal Weapon,DEER,L.E.,BONUS_POINT,Nonresident,0,0,0,0,N/A,,hunt_total_draw_result,21_bg-odds.pdf,BG_PARENT,177
2021,2022,DB1330,Cwmu Buck Deer - Iron Spring - Any Legal Weapon,DEER,L.E.,BONUS_POINT,Resident,5,0,1,1,1 in 5.0,20,hunt_total_draw_result,21_bg-odds.pdf,BG_PARENT,178
2021,2022,DB1330,Cwmu Buck Deer - Iron Spring - Any Legal Weapon,DEER,L.E.,BONUS_POINT,Nonresident,0,0,0,0,N/A,,hunt_total_draw_result,21_bg-odds.pdf,BG_PARENT,178
2021,2022,DB1331,Cwmu Buck Deer - Raft River - Any Legal Weapon,DEER,L.E.,BONUS_POINT,Resident,1,1,0,1,1 in 1.0,100,hunt_total_draw_result,21_bg-odds.pdf,BG_PARENT,179
2021,2022,DB1331,Cwmu Buck Deer - Raft River - Any Legal Weapon,DEER,L.E.,BONUS_POINT,Nonresident,0,0,0,0,N/A,,hunt_total_draw_result,21_bg-odds.pdf,BG_PARENT,179
2021,2022,DB1332,Cwmu Buck Deer - West Ridge - Any Legal Weapon,DEER,L.E.,BONUS_POINT,Resident,14,2,1,3,1 in 4.7,21.27659574,hunt_total_draw_result,21_bg-odds.pdf,BG_PARENT,180
2021,2022,DB1332,Cwmu Buck Deer - West Ridge - Any Legal Weapon,DEER,L.E.,BONUS_POINT,Nonresident,0,0,0,0,N/A,,hunt_total_draw_result,21_bg-odds.pdf,BG_PARENT,180
2021,2022,DB1333,Cwmu Buck Deer - 5s Land And Livestock - Any Legal Weapon,DEER,L.E.,BONUS_POINT,Resident,17,0,1,1,1 in 17.0,5.88235294,hunt_total_draw_result,21_bg-odds.pdf,BG_PARENT,181
2021,2022,DB1333,Cwmu Buck Deer - 5s Land And Livestock - Any Legal Weapon,DEER,L.E.,BONUS_POINT,Nonresident,0,0,0,0,N/A,,hunt_total_draw_result,21_bg-odds.pdf,BG_PARENT,181
2021,2022,DB1334,"Cwmu Management Cactus Buck Deer - Alton, Cactus Buck - Any Legal Weapon",DEER,L.E.,BONUS_POINT,Resident,5,0,1,1,1 in 5.0,20,hunt_total_draw_result,21_bg-odds.pdf,BG_PARENT,182
2021,2022,DB1334,"Cwmu Management Cactus Buck Deer - Alton, Cactus Buck - Any Legal Weapon",DEER,L.E.,BONUS_POINT,Nonresident,0,0,0,0,N/A,,hunt_total_draw_result,21_bg-odds.pdf,BG_PARENT,182
2021,2022,EB3000,"Limited-entry Archery Bull Elk - Beaver, East - Archery",ELK,L.E.,BONUS_POINT,Resident,252,4,4,8,1 in 31.5,3.17460317,hunt_total_draw_result,21_bg-odds.pdf,BG_PARENT,185
2021,2022,EB3000,"Limited-entry Archery Bull Elk - Beaver, East - Archery",ELK,L.E.,BONUS_POINT,Nonresident,442,0,1,1,1 in 442.0,0.22624434,hunt_total_draw_result,21_bg-odds.pdf,BG_PARENT,185
2021,2022,EB3001,"Limited-entry Archery Bull Elk - Book Cliffs, Bitter Creek/south - Archery",ELK,L.E.,BONUS_POINT,Resident,149,11,10,21,1 in 7.1,14.08450704,hunt_total_draw_result,21_bg-odds.pdf,BG_PARENT,186
2021,2022,EB3001,"Limited-entry Archery Bull Elk - Book Cliffs, Bitter Creek/south - Archery",ELK,L.E.,BONUS_POINT,Nonresident,124,2,1,3,1 in 41.3,2.42130751,hunt_total_draw_result,21_bg-odds.pdf,BG_PARENT,186
2021,2022,EB3002,"Limited-entry Archery Bull Elk - Book Cliffs, Little Creek Roadless - Archery",ELK,L.E.,BONUS_POINT,Resident,81,0,1,1,1 in 81.0,1.2345679,hunt_total_draw_result,21_bg-odds.pdf,BG_PARENT,187
2021,2022,EB3002,"Limited-entry Archery Bull Elk - Book Cliffs, Little Creek Roadless - Archery",ELK,L.E.,BONUS_POINT,Nonresident,146,0,1,1,1 in 146.0,0.68493151,hunt_total_draw_result,21_bg-odds.pdf,BG_PARENT,187
2021,2022,EB3003,"Limited-entry Archery Bull Elk - Cache, Meadowville - Archery",ELK,L.E.,BONUS_POINT,Resident,12,5,7,12,1 in 1.0,100,hunt_total_draw_result,21_bg-odds.pdf,BG_PARENT,188
2021,2022,EB3003,"Limited-entry Archery Bull Elk - Cache, Meadowville - Archery",ELK,L.E.,BONUS_POINT,Nonresident,11,0,1,1,1 in 11.0,9.09090909,hunt_total_draw_result,21_bg-odds.pdf,BG_PARENT,188
2021,2022,EB3005,"Limited-entry Archery Bull Elk - Cache, South - Archery",ELK,L.E.,BONUS_POINT,Resident,207,4,3,7,1 in 29.6,3.37837838,hunt_total_draw_result,21_bg-odds.pdf,BG_PARENT,189
2021,2022,EB3005,"Limited-entry Archery Bull Elk - Cache, South - Archery",ELK,L.E.,BONUS_POINT,Nonresident,38,0,1,1,1 in 38.0,2.63157895,hunt_total_draw_result,21_bg-odds.pdf,BG_PARENT,189
2021,2022,EB3006,"Limited-entry Archery Bull Elk - Central Mtns, Manti - Archery",ELK,L.E.,BONUS_POINT,Resident,866,60,59,119,1 in 7.3,13.69863014,hunt_total_draw_result,21_bg-odds.pdf,BG_PARENT,190
2021,2022,EB3006,"Limited-entry Archery Bull Elk - Central Mtns, Manti - Archery",ELK,L.E.,BONUS_POINT,Nonresident,408,6,6,12,1 in 34.0,2.94117647,hunt_total_draw_result,21_bg-odds.pdf,BG_PARENT,190
2021,2022,EB3007,"Limited-entry Archery Bull Elk - Central Mtns, Nebo - Archery",ELK,L.E.,BONUS_POINT,Resident,196,6,5,11,1 in 17.8,5.61797753,hunt_total_draw_result,21_bg-odds.pdf,BG_PARENT,191
2021,2022,EB3007,"Limited-entry Archery Bull Elk - Central Mtns, Nebo - Archery",ELK,L.E.,BONUS_POINT,Nonresident,66,0,1,1,1 in 66.0,1.51515152,hunt_total_draw_result,21_bg-odds.pdf,BG_PARENT,191
2021,2022,EB3008,"Limited-entry Archery Bull Elk - Fillmore, Pahvant - Archery",ELK,L.E.,BONUS_POINT,Resident,180,6,6,12,1 in 15.0,6.66666667,hunt_total_draw_result,21_bg-odds.pdf,BG_PARENT,192
2021,2022,EB3008,"Limited-entry Archery Bull Elk - Fillmore, Pahvant - Archery",ELK,L.E.,BONUS_POINT,Nonresident,266,0,1,1,1 in 266.0,0.37593985,hunt_total_draw_result,21_bg-odds.pdf,BG_PARENT,192
2021,2022,EB3009,"Limited-entry Archery Bull Elk - La Sal, La Sal Mtns - Archery",ELK,L.E.,BONUS_POINT,Resident,142,15,14,29,1 in 4.9,20.40816327,hunt_total_draw_result,21_bg-odds.pdf,BG_PARENT,193
2021,2022,EB3009,"Limited-entry Archery Bull Elk - La Sal, La Sal Mtns - Archery",ELK,L.E.,BONUS_POINT,Nonresident,113,2,1,3,1 in 37.7,2.65251989,hunt_total_draw_result,21_bg-odds.pdf,BG_PARENT,193
2021,2022,EB3010,Limited-entry Archery Bull Elk - Monroe - Archery,ELK,L.E.,BONUS_POINT,Resident,212,5,5,10,1 in 21.2,4.71698113,hunt_total_draw_result,21_bg-odds.pdf,BG_PARENT,194
2021,2022,EB3010,Limited-entry Archery Bull Elk - Monroe - Archery,ELK,L.E.,BONUS_POINT,Nonresident,206,0,1,1,1 in 206.0,0.48543689,hunt_total_draw_result,21_bg-odds.pdf,BG_PARENT,194
2021,2022,EB3011,Limited-entry Archery Bull Elk - Mt Dutton - Archery,ELK,L.E.,BONUS_POINT,Resident,118,8,8,16,1 in 7.4,13.51351351,hunt_total_draw_result,21_bg-odds.pdf,BG_PARENT,195
2021,2022,EB3011,Limited-entry Archery Bull Elk - Mt Dutton - Archery,ELK,L.E.,BONUS_POINT,Nonresident,92,1,1,2,1 in 46.0,2.17391304,hunt_total_draw_result,21_bg-odds.pdf,BG_PARENT,195
2021,2022,EB3013,"Limited-entry Archery Bull Elk - North Slope, Three Corners - Archery",ELK,L.E.,BONUS_POINT,Resident,72,3,2,5,1 in 14.4,6.94444444,hunt_total_draw_result,21_bg-odds.pdf,BG_PARENT,196
2021,2022,EB3013,"Limited-entry Archery Bull Elk - North Slope, Three Corners - Archery",ELK,L.E.,BONUS_POINT,Nonresident,47,0,1,1,1 in 47.0,2.12765957,hunt_total_draw_result,21_bg-odds.pdf,BG_PARENT,196
2021,2022,EB3015,Limited-entry Archery Bull Elk - Panguitch Lake - Archery,ELK,L.E.,BONUS_POINT,Resident,209,4,4,8,1 in 26.1,3.83141762,hunt_total_draw_result,21_bg-odds.pdf,BG_PARENT,197
2021,2022,EB3015,Limited-entry Archery Bull Elk - Panguitch Lake - Archery,ELK,L.E.,BONUS_POINT,Nonresident,145,0,1,1,1 in 145.0,0.68965517,hunt_total_draw_result,21_bg-odds.pdf,BG_PARENT,197
2021,2022,EB3016,Limited-entry Archery Bull Elk - Paunsaugunt -Archer y,ELK,L.E.,BONUS_POINT,Resident,56,10,9,19,1 in 2.9,34.48275862,hunt_total_draw_result,21_bg-odds.pdf,BG_PARENT,198
2021,2022,EB3016,Limited-entry Archery Bull Elk - Paunsaugunt -Archer y,ELK,L.E.,BONUS_POINT,Nonresident,31,1,1,2,1 in 15.5,6.4516129,hunt_total_draw_result,21_bg-odds.pdf,BG_PARENT,198
2021,2022,EB3018,"Limited-entry Archery Bull Elk - Plateau, Fishlake/thousand Lakes - Archery",ELK,L.E.,BONUS_POINT,Resident,365,26,25,51,1 in 7.2,13.88888889,hunt_total_draw_result,21_bg-odds.pdf,BG_PARENT,199
2021,2022,EB3018,"Limited-entry Archery Bull Elk - Plateau, Fishlake/thousand Lakes - Archery",ELK,L.E.,BONUS_POINT,Nonresident,141,3,2,5,1 in 28.2,3.54609929,hunt_total_draw_result,21_bg-odds.pdf,BG_PARENT,199
2021,2022,EB3019,Limited-entry Archery Bull Elk - San Juan Bull Elk - Archery,ELK,L.E.,BONUS_POINT,Resident,286,8,7,15,1 in 19.1,5.23560209,hunt_total_draw_result,21_bg-odds.pdf,BG_PARENT,200
2021,2022,EB3019,Limited-entry Archery Bull Elk - San Juan Bull Elk - Archery,ELK,L.E.,BONUS_POINT,Nonresident,871,1,1,2,1 in 435.5,0.22962113,hunt_total_draw_result,21_bg-odds.pdf,BG_PARENT,200
2021,2022,EB3020,"Limited-entry Archery Bull Elk - South Slope, Diamond Mtn - Archery",ELK,L.E.,BONUS_POINT,Resident,125,7,6,13,1 in 9.6,10.41666667,hunt_total_draw_result,21_bg-odds.pdf,BG_PARENT,201
2021,2022,EB3020,"Limited-entry Archery Bull Elk - South Slope, Diamond Mtn - Archery",ELK,L.E.,BONUS_POINT,Nonresident,53,1,1,2,1 in 26.5,3.77358491,hunt_total_draw_result,21_bg-odds.pdf,BG_PARENT,201
2021,2022,EB3022,Limited-entry Archery Bull Elk - Wasatch Mtns - Archery,ELK,L.E.,BONUS_POINT,Resident,1141,126,126,252,1 in 4.5,22.22222222,hunt_total_draw_result,21_bg-odds.pdf,BG_PARENT,202
2021,2022,EB3022,Limited-entry Archery Bull Elk - Wasatch Mtns - Archery,ELK,L.E.,BONUS_POINT,Nonresident,375,13,13,26,1 in 14.4,6.94444444,hunt_total_draw_result,21_bg-odds.pdf,BG_PARENT,202
2021,2022,EB3025,"Limited-entry Alw (rifle) Bull Elk - Late - Beaver, East - Any Legal Weapon",ELK,L.E.,BONUS_POINT,Resident,347,4,4,8,1 in 43.4,2.30414747,hunt_total_draw_result,21_bg-odds.pdf,BG_PARENT,204
2021,2022,EB3025,"Limited-entry Alw (rifle) Bull Elk - Late - Beaver, East - Any Legal Weapon",ELK,L.E.,BONUS_POINT,Nonresident,226,0,1,1,1 in 226.0,0.44247788,hunt_total_draw_result,21_bg-odds.pdf,BG_PARENT,204
2021,2022,EB3026,"Limited-entry Alw (rifle) Bull Elk - Early - Book Cliffs, Bitter Creek/south - Any Legal Weapon",ELK,L.E.,BONUS_POINT,Resident,1373,15,15,30,1 in 45.8,2.18340611,hunt_total_draw_result,21_bg-odds.pdf,BG_PARENT,205
2021,2022,EB3026,"Limited-entry Alw (rifle) Bull Elk - Early - Book Cliffs, Bitter Creek/south - Any Legal Weapon",ELK,L.E.,BONUS_POINT,Nonresident,412,1,1,2,1 in 206.0,0.48543689,hunt_total_draw_result,21_bg-odds.pdf,BG_PARENT,205
2021,2022,EB3027,"Limited-entry Alw (rifle) Bull Elk - Late - Book Cliffs, Bitter Creek/south - Any Legal Weapon",ELK,L.E.,BONUS_POINT,Resident,298,10,10,20,1 in 14.9,6.7114094,hunt_total_draw_result,21_bg-odds.pdf,BG_PARENT,206
2021,2022,EB3027,"Limited-entry Alw (rifle) Bull Elk - Late - Book Cliffs, Bitter Creek/south - Any Legal Weapon",ELK,L.E.,BONUS_POINT,Nonresident,103,1,1,2,1 in 51.5,1.94174757,hunt_total_draw_result,21_bg-odds.pdf,BG_PARENT,206
2021,2022,EB3028,"Limited-entry Alw (rifle) Bull Elk - Early - Book Cliffs, Little Creek Roadless - Any Legal Weapon",ELK,L.E.,BONUS_POINT,Resident,409,0,1,1,1 in 409.0,0.24449878,hunt_total_draw_result,21_bg-odds.pdf,BG_PARENT,207
2021,2022,EB3028,"Limited-entry Alw (rifle) Bull Elk - Early - Book Cliffs, Little Creek Roadless - Any Legal Weapon",ELK,L.E.,BONUS_POINT,Nonresident,217,0,1,1,1 in 217.0,0.46082949,hunt_total_draw_result,21_bg-odds.pdf,BG_PARENT,207
2021,2022,EB3031,"Limited-entry Alw (rifle) Bull Elk - Early - Box Elder, Pilot Mtn - Any Legal Weapon",ELK,L.E.,BONUS_POINT,Resident,344,6,6,12,1 in 28.7,3.48432056,hunt_total_draw_result,21_bg-odds.pdf,BG_PARENT,208
2021,2022,EB3031,"Limited-entry Alw (rifle) Bull Elk - Early - Box Elder, Pilot Mtn - Any Legal Weapon",ELK,L.E.,BONUS_POINT,Nonresident,152,0,1,1,1 in 152.0,0.65789474,hunt_total_draw_result,21_bg-odds.pdf,BG_PARENT,208
2021,2022,EB3032,"Limited-entry Alw (rifle) Bull Elk - Early - Cache, Meadowville - Any Legal Weapon",ELK,L.E.,BONUS_POINT,Resident,125,9,9,18,1 in 6.9,14.49275362,hunt_total_draw_result,21_bg-odds.pdf,BG_PARENT,209
2021,2022,EB3032,"Limited-entry Alw (rifle) Bull Elk - Early - Cache, Meadowville - Any Legal Weapon",ELK,L.E.,BONUS_POINT,Nonresident,45,1,1,2,1 in 22.5,4.44444444,hunt_total_draw_result,21_bg-odds.pdf,BG_PARENT,209
2021,2022,EB3033,"Limited-entry Alw (rifle) Bull Elk - Late -Cache , Meadowville - Any Legal Weapon",ELK,L.E.,BONUS_POINT,Resident,53,7,6,13,1 in 4.1,24.3902439,hunt_total_draw_result,21_bg-odds.pdf,BG_PARENT,210
2021,2022,EB3033,"Limited-entry Alw (rifle) Bull Elk - Late -Cache , Meadowville - Any Legal Weapon",ELK,L.E.,BONUS_POINT,Nonresident,17,0,1,1,1 in 17.0,5.88235294,hunt_total_draw_result,21_bg-odds.pdf,BG_PARENT,210
2021,2022,EB3036,"Limited-entry Alw (rifle) Bull Elk - Early - Cache, South - Any Legal Weapon",ELK,L.E.,BONUS_POINT,Resident,1274,6,5,11,1 in 115.8,0.86355786,hunt_total_draw_result,21_bg-odds.pdf,BG_PARENT,211
2021,2022,EB3036,"Limited-entry Alw (rifle) Bull Elk - Early - Cache, South - Any Legal Weapon",ELK,L.E.,BONUS_POINT,Nonresident,124,0,1,1,1 in 124.0,0.80645161,hunt_total_draw_result,21_bg-odds.pdf,BG_PARENT,211
2021,2022,EB3037,"Limited-entry Alw (rifle) Bull Elk - Late -Cache , South - Any Legal Weapon",ELK,L.E.,BONUS_POINT,Resident,382,3,3,6,1 in 63.7,1.56985871,hunt_total_draw_result,21_bg-odds.pdf,BG_PARENT,212
2021,2022,EB3037,"Limited-entry Alw (rifle) Bull Elk - Late -Cache , South - Any Legal Weapon",ELK,L.E.,BONUS_POINT,Nonresident,33,0,1,1,1 in 33.0,3.03030303,hunt_total_draw_result,21_bg-odds.pdf,BG_PARENT,212
2021,2022,EB3038,"Limited-entry Alw (rifle) Bull Elk - Early - Central Mtns, Manti - Any Legal Weapon",ELK,L.E.,BONUS_POINT,Resident,3849,68,68,136,1 in 28.3,3.5335689,hunt_total_draw_result,21_bg-odds.pdf,BG_PARENT,213
2021,2022,EB3038,"Limited-entry Alw (rifle) Bull Elk - Early - Central Mtns, Manti - Any Legal Weapon",ELK,L.E.,BONUS_POINT,Nonresident,923,7,6,13,1 in 71.0,1.4084507,hunt_total_draw_result,21_bg-odds.pdf,BG_PARENT,213
2021,2022,EB3039,"Limited-entry Alw (rifle) Bull Elk - Late - Central Mtns, Manti - Any Legal Weapon",ELK,L.E.,BONUS_POINT,Resident,1146,55,55,110,1 in 10.4,9.61538462,hunt_total_draw_result,21_bg-odds.pdf,BG_PARENT,214
2021,2022,EB3039,"Limited-entry Alw (rifle) Bull Elk - Late - Central Mtns, Manti - Any Legal Weapon",ELK,L.E.,BONUS_POINT,Nonresident,260,6,6,12,1 in 21.7,4.60829493,hunt_total_draw_result,21_bg-odds.pdf,BG_PARENT,214
2021,2022,EB3040,"Limited-entry Alw (rifle) Bull Elk - Early - Central Mtns, Nebo - Any Legal Weapon",ELK,L.E.,BONUS_POINT,Resident,936,8,7,15,1 in 62.4,1.6025641,hunt_total_draw_result,21_bg-odds.pdf,BG_PARENT,215
2021,2022,EB3040,"Limited-entry Alw (rifle) Bull Elk - Early - Central Mtns, Nebo - Any Legal Weapon",ELK,L.E.,BONUS_POINT,Nonresident,118,1,1,2,1 in 59.0,1.69491525,hunt_total_draw_result,21_bg-odds.pdf,BG_PARENT,215
2021,2022,EB3041,"Limited-entry Alw (rifle) Bull Elk - Late - Central Mtns, Nebo - Any Legal Weapon",ELK,L.E.,BONUS_POINT,Resident,282,6,5,11,1 in 25.6,3.90625,hunt_total_draw_result,21_bg-odds.pdf,BG_PARENT,216
2021,2022,EB3041,"Limited-entry Alw (rifle) Bull Elk - Late - Central Mtns, Nebo - Any Legal Weapon",ELK,L.E.,BONUS_POINT,Nonresident,63,0,1,1,1 in 63.0,1.58730159,hunt_total_draw_result,21_bg-odds.pdf,BG_PARENT,216
2021,2022,EB3042,"Limited-entry Alw (rifle) Bull Elk - Early - Fillmore, Pahvant - Any Legal Weapon",ELK,L.E.,BONUS_POINT,Resident,1330,8,8,16,1 in 83.1,1.20336943,hunt_total_draw_result,21_bg-odds.pdf,BG_PARENT,217
2021,2022,EB3042,"Limited-entry Alw (rifle) Bull Elk - Early - Fillmore, Pahvant - Any Legal Weapon",ELK,L.E.,BONUS_POINT,Nonresident,651,1,1,2,1 in 325.5,0.30721966,hunt_total_draw_result,21_bg-odds.pdf,BG_PARENT,217
2021,2022,EB3043,"Limited-entry Alw (rifle) Bull Elk - Late -Fillmore , Pahvant - Any Legal Weapon",ELK,L.E.,BONUS_POINT,Resident,313,5,5,10,1 in 31.3,3.19488818,hunt_total_draw_result,21_bg-odds.pdf,BG_PARENT,218
2021,2022,EB3043,"Limited-entry Alw (rifle) Bull Elk - Late -Fillmore , Pahvant - Any Legal Weapon",ELK,L.E.,BONUS_POINT,Nonresident,140,0,1,1,1 in 140.0,0.71428571,hunt_total_draw_result,21_bg-odds.pdf,BG_PARENT,218
2021,2022,EB3044,"Limited-entry Alw (rifle) Bull Elk - Late - La Sal, Dolores Triangle - Any Legal Weapon",ELK,L.E.,BONUS_POINT,Resident,114,3,2,5,1 in 22.8,4.38596491,hunt_total_draw_result,21_bg-odds.pdf,BG_PARENT,219
2021,2022,EB3044,"Limited-entry Alw (rifle) Bull Elk - Late - La Sal, Dolores Triangle - Any Legal Weapon",ELK,L.E.,BONUS_POINT,Nonresident,0,0,0,0,N/A,,hunt_total_draw_result,21_bg-odds.pdf,BG_PARENT,219
2021,2022,EB3045,"Limited-entry Alw (rifle) Bull Elk - Early - La Sal, La Sal Mtns - Any Legal Weapon",ELK,L.E.,BONUS_POINT,Resident,669,20,20,40,1 in 16.7,5.98802395,hunt_total_draw_result,21_bg-odds.pdf,BG_PARENT,220
2021,2022,EB3045,"Limited-entry Alw (rifle) Bull Elk - Early - La Sal, La Sal Mtns - Any Legal Weapon",ELK,L.E.,BONUS_POINT,Nonresident,248,2,2,4,1 in 62.0,1.61290323,hunt_total_draw_result,21_bg-odds.pdf,BG_PARENT,220
2021,2022,EB3046,"Limited-entry Alw (rifle) Bull Elk - Late - La Sal, La Sal Mtns - Any Legal Weapon",ELK,L.E.,BONUS_POINT,Resident,209,13,13,26,1 in 8.0,12.5,hunt_total_draw_result,21_bg-odds.pdf,BG_PARENT,221
2021,2022,EB3046,"Limited-entry Alw (rifle) Bull Elk - Late - La Sal, La Sal Mtns - Any Legal Weapon",ELK,L.E.,BONUS_POINT,Nonresident,78,2,1,3,1 in 26.0,3.84615385,hunt_total_draw_result,21_bg-odds.pdf,BG_PARENT,221
2021,2022,EB3047,Limited-entry Alw (rifle) Bull Elk - Early - Monroe - Any Legal Weapon,ELK,L.E.,BONUS_POINT,Resident,1756,7,6,13,1 in 135.1,0.74019245,hunt_total_draw_result,21_bg-odds.pdf,BG_PARENT,222
2021,2022,EB3047,Limited-entry Alw (rifle) Bull Elk - Early - Monroe - Any Legal Weapon,ELK,L.E.,BONUS_POINT,Nonresident,614,0,1,1,1 in 614.0,0.16286645,hunt_total_draw_result,21_bg-odds.pdf,BG_PARENT,222
2021,2022,EB3048,Limited-entry Alw (rifle) Bull Elk - Late - Monroe - Any Legal Weapon,ELK,L.E.,BONUS_POINT,Resident,320,5,4,9,1 in 35.6,2.80898876,hunt_total_draw_result,21_bg-odds.pdf,BG_PARENT,223
2021,2022,EB3048,Limited-entry Alw (rifle) Bull Elk - Late - Monroe - Any Legal Weapon,ELK,L.E.,BONUS_POINT,Nonresident,141,0,1,1,1 in 141.0,0.70921986,hunt_total_draw_result,21_bg-odds.pdf,BG_PARENT,223
2021,2022,EB3049,Limited-entry Alw (rifle) Bull Elk - Early - Mt Dutton - Any Legal Weapon,ELK,L.E.,BONUS_POINT,Resident,713,6,5,11,1 in 64.8,1.54320988,hunt_total_draw_result,21_bg-odds.pdf,BG_PARENT,224
2021,2022,EB3049,Limited-entry Alw (rifle) Bull Elk - Early - Mt Dutton - Any Legal Weapon,ELK,L.E.,BONUS_POINT,Nonresident,277,0,1,1,1 in 277.0,0.36101083,hunt_total_draw_result,21_bg-odds.pdf,BG_PARENT,224
2021,2022,EB3050,Limited-entry Alw (rifle) Bull Elk - Late - Mt Dutton - Any Legal Weapon,ELK,L.E.,BONUS_POINT,Resident,301,4,3,7,1 in 43.0,2.3255814,hunt_total_draw_result,21_bg-odds.pdf,BG_PARENT,225
2021,2022,EB3050,Limited-entry Alw (rifle) Bull Elk - Late - Mt Dutton - Any Legal Weapon,ELK,L.E.,BONUS_POINT,Nonresident,191,0,1,1,1 in 191.0,0.52356021,hunt_total_draw_result,21_bg-odds.pdf,BG_PARENT,225
2021,2022,EB3053,"Limited-entry Alw (rifle) Bull Elk - Mid - North Slope, Three Corners - Any Legal Weapon",ELK,L.E.,BONUS_POINT,Resident,394,7,6,13,1 in 30.3,3.30033003,hunt_total_draw_result,21_bg-odds.pdf,BG_PARENT,226
2021,2022,EB3053,"Limited-entry Alw (rifle) Bull Elk - Mid - North Slope, Three Corners - Any Legal Weapon",ELK,L.E.,BONUS_POINT,Nonresident,84,0,1,1,1 in 84.0,1.19047619,hunt_total_draw_result,21_bg-odds.pdf,BG_PARENT,226
2021,2022,EB3056,Limited-entry Alw (rifle) Bull Elk - Early - Panguitch Lake - Any Legal Weapon,ELK,L.E.,BONUS_POINT,Resident,1170,6,5,11,1 in 106.4,0.93984962,hunt_total_draw_result,21_bg-odds.pdf,BG_PARENT,227
2021,2022,EB3056,Limited-entry Alw (rifle) Bull Elk - Early - Panguitch Lake - Any Legal Weapon,ELK,L.E.,BONUS_POINT,Nonresident,326,0,1,1,1 in 326.0,0.30674847,hunt_total_draw_result,21_bg-odds.pdf,BG_PARENT,227
2021,2022,EB3057,Limited-entry Alw (rifle) Bull Elk - Late -Pan guitch Lake - Any Legal Weapon,ELK,L.E.,BONUS_POINT,Resident,338,4,3,7,1 in 48.3,2.07039337,hunt_total_draw_result,21_bg-odds.pdf,BG_PARENT,228
2021,2022,EB3057,Limited-entry Alw (rifle) Bull Elk - Late -Pan guitch Lake - Any Legal Weapon,ELK,L.E.,BONUS_POINT,Nonresident,119,0,1,1,1 in 119.0,0.84033613,hunt_total_draw_result,21_bg-odds.pdf,BG_PARENT,228
2021,2022,EB3058,Limited-entry Alw (rifle) Bull Elk - Early - Paunsaugunt -An y Legal Weapon,ELK,L.E.,BONUS_POINT,Resident,198,13,12,25,1 in 7.9,12.65822785,hunt_total_draw_result,21_bg-odds.pdf,BG_PARENT,229
2021,2022,EB3058,Limited-entry Alw (rifle) Bull Elk - Early - Paunsaugunt -An y Legal Weapon,ELK,L.E.,BONUS_POINT,Nonresident,85,2,1,3,1 in 28.3,3.5335689,hunt_total_draw_result,21_bg-odds.pdf,BG_PARENT,229
2021,2022,EB3059,Limited-entry Alw (rifle) Bull Elk - Mid - Paunsaugunt - Any Legal Weapon,ELK,L.E.,BONUS_POINT,Resident,122,7,6,13,1 in 9.4,10.63829787,hunt_total_draw_result,21_bg-odds.pdf,BG_PARENT,230
2021,2022,EB3059,Limited-entry Alw (rifle) Bull Elk - Mid - Paunsaugunt - Any Legal Weapon,ELK,L.E.,BONUS_POINT,Nonresident,40,0,1,1,1 in 40.0,2.5,hunt_total_draw_result,21_bg-odds.pdf,BG_PARENT,230
2021,2022,EB3060,Limited-entry Alw (rifle) Bull Elk - Late - Paunsaugunt - Any Legal Weapon,ELK,L.E.,BONUS_POINT,Resident,52,2,2,4,1 in 13.0,7.69230769,hunt_total_draw_result,21_bg-odds.pdf,BG_PARENT,231
2021,2022,EB3060,Limited-entry Alw (rifle) Bull Elk - Late - Paunsaugunt - Any Legal Weapon,ELK,L.E.,BONUS_POINT,Nonresident,30,0,1,1,1 in 30.0,3.33333333,hunt_total_draw_result,21_bg-odds.pdf,BG_PARENT,231
2021,2022,EB3063,"Limited-entry Alw (rifle) Bull Elk - Early - Plateau, Fishlake/thousand Lakes - Any Legal Weapon",ELK,L.E.,BONUS_POINT,Resident,1167,35,34,69,1 in 16.9,5.91715976,hunt_total_draw_result,21_bg-odds.pdf,BG_PARENT,232
2021,2022,EB3063,"Limited-entry Alw (rifle) Bull Elk - Early - Plateau, Fishlake/thousand Lakes - Any Legal Weapon",ELK,L.E.,BONUS_POINT,Nonresident,389,4,3,7,1 in 55.6,1.79856115,hunt_total_draw_result,21_bg-odds.pdf,BG_PARENT,232
2021,2022,EB3064,"Limited-entry Alw (rifle) Bull Elk - Mid - Plateau, Fishlake/thousand Lakes - Any Legal Weapon",ELK,L.E.,BONUS_POINT,Resident,437,12,12,24,1 in 18.2,5.49450549,hunt_total_draw_result,21_bg-odds.pdf,BG_PARENT,233
2021,2022,EB3064,"Limited-entry Alw (rifle) Bull Elk - Mid - Plateau, Fishlake/thousand Lakes - Any Legal Weapon",ELK,L.E.,BONUS_POINT,Nonresident,85,2,1,3,1 in 28.3,3.5335689,hunt_total_draw_result,21_bg-odds.pdf,BG_PARENT,233
2021,2022,EB3065,"Limited-entry Alw (rifle) Bull Elk - Late -Plateau , Fishlake/thousand Lakes - Any Legal Weapon",ELK,L.E.,BONUS_POINT,Resident,449,12,11,23,1 in 19.5,5.12820513,hunt_total_draw_result,21_bg-odds.pdf,BG_PARENT,234
2021,2022,EB3065,"Limited-entry Alw (rifle) Bull Elk - Late -Plateau , Fishlake/thousand Lakes - Any Legal Weapon",ELK,L.E.,BONUS_POINT,Nonresident,105,2,1,3,1 in 35.0,2.85714286,hunt_total_draw_result,21_bg-odds.pdf,BG_PARENT,234
2021,2022,EB3066,Limited-entry Alw (rifle) Bull Elk - Early - San Juan Bull Elk - Any Legal Weapon,ELK,L.E.,BONUS_POINT,Resident,1976,11,10,21,1 in 94.1,1.06269926,hunt_total_draw_result,21_bg-odds.pdf,BG_PARENT,235
2021,2022,EB3066,Limited-entry Alw (rifle) Bull Elk - Early - San Juan Bull Elk - Any Legal Weapon,ELK,L.E.,BONUS_POINT,Nonresident,2040,2,1,3,1 in 680.0,0.14705882,hunt_total_draw_result,21_bg-odds.pdf,BG_PARENT,235
2021,2022,EB3067,Limited-entry Alw (rifle) Bull Elk - Late - San Juan Bull Elk - Any Legal Weapon,ELK,L.E.,BONUS_POINT,Resident,305,7,7,14,1 in 21.8,4.58715596,hunt_total_draw_result,21_bg-odds.pdf,BG_PARENT,236
2021,2022,EB3067,Limited-entry Alw (rifle) Bull Elk - Late - San Juan Bull Elk - Any Legal Weapon,ELK,L.E.,BONUS_POINT,Nonresident,243,1,1,2,1 in 121.5,0.82304527,hunt_total_draw_result,21_bg-odds.pdf,BG_PARENT,236
2021,2022,EB3068,"Limited-entry Alw (rifle) Bull Elk - Early - South Slope, Diamond Mtn - Any Legal Weapon",ELK,L.E.,BONUS_POINT,Resident,593,9,9,18,1 in 32.9,3.03951368,hunt_total_draw_result,21_bg-odds.pdf,BG_PARENT,237
2021,2022,EB3068,"Limited-entry Alw (rifle) Bull Elk - Early - South Slope, Diamond Mtn - Any Legal Weapon",ELK,L.E.,BONUS_POINT,Nonresident,237,1,1,2,1 in 118.5,0.84388186,hunt_total_draw_result,21_bg-odds.pdf,BG_PARENT,237
2021,2022,EB3069,"Limited-entry Alw (rifle) Bull Elk - Mid - South Slope, Diamond Mtn - Any Legal Weapon",ELK,L.E.,BONUS_POINT,Resident,330,7,6,13,1 in 25.4,3.93700787,hunt_total_draw_result,21_bg-odds.pdf,BG_PARENT,238
2021,2022,EB3069,"Limited-entry Alw (rifle) Bull Elk - Mid - South Slope, Diamond Mtn - Any Legal Weapon",ELK,L.E.,BONUS_POINT,Nonresident,56,0,1,1,1 in 56.0,1.78571429,hunt_total_draw_result,21_bg-odds.pdf,BG_PARENT,238
2021,2022,EB3072,Limited-entry Alw (rifle) Bull Elk - Early - Wasatch Mtns - Any Legal Weapon,ELK,L.E.,BONUS_POINT,Resident,4128,98,98,196,1 in 21.1,4.73933649,hunt_total_draw_result,21_bg-odds.pdf,BG_PARENT,239
2021,2022,EB3072,Limited-entry Alw (rifle) Bull Elk - Early - Wasatch Mtns - Any Legal Weapon,ELK,L.E.,BONUS_POINT,Nonresident,762,10,9,19,1 in 40.1,2.49376559,hunt_total_draw_result,21_bg-odds.pdf,BG_PARENT,239
2021,2022,EB3073,Limited-entry Alw (rifle) Bull Elk - Late - Wasatch Mtns - Any Legal Weapon,ELK,L.E.,BONUS_POINT,Resident,1148,59,59,118,1 in 9.7,10.30927835,hunt_total_draw_result,21_bg-odds.pdf,BG_PARENT,240
2021,2022,EB3073,Limited-entry Alw (rifle) Bull Elk - Late - Wasatch Mtns - Any Legal Weapon,ELK,L.E.,BONUS_POINT,Nonresident,244,6,6,12,1 in 20.3,4.92610837,hunt_total_draw_result,21_bg-odds.pdf,BG_PARENT,240
2021,2022,EB3077,"Limited-entry Muzzleloader Bull Elk - Beaver, East - Muzzleloader",ELK,L.E.,BONUS_POINT,Resident,159,3,2,5,1 in 31.8,3.14465409,hunt_total_draw_result,21_bg-odds.pdf,BG_PARENT,241
2021,2022,EB3077,"Limited-entry Muzzleloader Bull Elk - Beaver, East - Muzzleloader",ELK,L.E.,BONUS_POINT,Nonresident,227,0,1,1,1 in 227.0,0.44052863,hunt_total_draw_result,21_bg-odds.pdf,BG_PARENT,241
2021,2022,EB3078,"Limited-entry Muzzleloader Bull Elk - Book Cliffs, Bitter Creek/south - Muzzleloader",ELK,L.E.,BONUS_POINT,Resident,232,6,6,12,1 in 19.3,5.18134715,hunt_total_draw_result,21_bg-odds.pdf,BG_PARENT,242
2021,2022,EB3078,"Limited-entry Muzzleloader Bull Elk - Book Cliffs, Bitter Creek/south - Muzzleloader",ELK,L.E.,BONUS_POINT,Nonresident,102,1,1,2,1 in 51.0,1.96078431,hunt_total_draw_result,21_bg-odds.pdf,BG_PARENT,242
2021,2022,EB3079,"Limited-entry Muzzleloader Bull Elk - Book Cliffs, Little Creek Roadless - Muzzleloader",ELK,L.E.,BONUS_POINT,Resident,66,0,1,1,1 in 66.0,1.51515152,hunt_total_draw_result,21_bg-odds.pdf,BG_PARENT,243
2021,2022,EB3079,"Limited-entry Muzzleloader Bull Elk - Book Cliffs, Little Creek Roadless - Muzzleloader",ELK,L.E.,BONUS_POINT,Nonresident,0,0,0,0,N/A,,hunt_total_draw_result,21_bg-odds.pdf,BG_PARENT,243
2021,2022,EB3081,"Limited-entry Muzzleloader Bull Elk - Cache, Meadowville - Muzzleloader",ELK,L.E.,BONUS_POINT,Resident,22,4,4,8,1 in 2.8,35.71428571,hunt_total_draw_result,21_bg-odds.pdf,BG_PARENT,244
2021,2022,EB3081,"Limited-entry Muzzleloader Bull Elk - Cache, Meadowville - Muzzleloader",ELK,L.E.,BONUS_POINT,Nonresident,6,0,1,1,1 in 6.0,16.66666667,hunt_total_draw_result,21_bg-odds.pdf,BG_PARENT,244
2021,2022,EB3083,"Limited-entry Muzzleloader Bull Elk - Cache, South - Muzzleloader",ELK,L.E.,BONUS_POINT,Resident,182,2,1,3,1 in 60.7,1.64744646,hunt_total_draw_result,21_bg-odds.pdf,BG_PARENT,245
2021,2022,EB3083,"Limited-entry Muzzleloader Bull Elk - Cache, South - Muzzleloader",ELK,L.E.,BONUS_POINT,Nonresident,34,0,1,1,1 in 34.0,2.94117647,hunt_total_draw_result,21_bg-odds.pdf,BG_PARENT,245
2021,2022,EB3084,"Limited-entry Muzzleloader Bull Elk - Central Mtns, Manti - Muzzleloader",ELK,L.E.,BONUS_POINT,Resident,802,37,36,73,1 in 11.0,9.09090909,hunt_total_draw_result,21_bg-odds.pdf,BG_PARENT,246
2021,2022,EB3084,"Limited-entry Muzzleloader Bull Elk - Central Mtns, Manti - Muzzleloader",ELK,L.E.,BONUS_POINT,Nonresident,251,4,3,7,1 in 35.9,2.78551532,hunt_total_draw_result,21_bg-odds.pdf,BG_PARENT,246
2021,2022,EB3085,"Limited-entry Muzzleloader Bull Elk - Central Mtns, Nebo - Muzzleloader",ELK,L.E.,BONUS_POINT,Resident,146,4,3,7,1 in 20.9,4.784689,hunt_total_draw_result,21_bg-odds.pdf,BG_PARENT,247
2021,2022,EB3085,"Limited-entry Muzzleloader Bull Elk - Central Mtns, Nebo - Muzzleloader",ELK,L.E.,BONUS_POINT,Nonresident,52,0,1,1,1 in 52.0,1.92307692,hunt_total_draw_result,21_bg-odds.pdf,BG_PARENT,247
2021,2022,EB3086,"Limited-entry Muzzleloader Bull Elk - Fillmore, Pahvant - Muzzleloader",ELK,L.E.,BONUS_POINT,Resident,172,4,3,7,1 in 24.6,4.06504065,hunt_total_draw_result,21_bg-odds.pdf,BG_PARENT,248
2021,2022,EB3086,"Limited-entry Muzzleloader Bull Elk - Fillmore, Pahvant - Muzzleloader",ELK,L.E.,BONUS_POINT,Nonresident,209,0,1,1,1 in 209.0,0.4784689,hunt_total_draw_result,21_bg-odds.pdf,BG_PARENT,248
2021,2022,EB3087,"Limited-entry Muzzleloader Bull Elk - La Sal, La Sal Mtns - Muzzleloader",ELK,L.E.,BONUS_POINT,Resident,178,9,9,18,1 in 9.9,10.1010101,hunt_total_draw_result,21_bg-odds.pdf,BG_PARENT,249
2021,2022,EB3087,"Limited-entry Muzzleloader Bull Elk - La Sal, La Sal Mtns - Muzzleloader",ELK,L.E.,BONUS_POINT,Nonresident,73,1,1,2,1 in 36.5,2.73972603,hunt_total_draw_result,21_bg-odds.pdf,BG_PARENT,249
2021,2022,EB3088,Limited-entry Muzzleloader Bull Elk - Monroe - Muzzleloader,ELK,L.E.,BONUS_POINT,Resident,214,3,2,5,1 in 42.8,2.3364486,hunt_total_draw_result,21_bg-odds.pdf,BG_PARENT,250
2021,2022,EB3088,Limited-entry Muzzleloader Bull Elk - Monroe - Muzzleloader,ELK,L.E.,BONUS_POINT,Nonresident,165,0,1,1,1 in 165.0,0.60606061,hunt_total_draw_result,21_bg-odds.pdf,BG_PARENT,250
2021,2022,EB3089,Limited-entry Muzzleloader Bull Elk - Mt Dutton - Muzzleloader,ELK,L.E.,BONUS_POINT,Resident,151,5,5,10,1 in 15.1,6.62251656,hunt_total_draw_result,21_bg-odds.pdf,BG_PARENT,251
2021,2022,EB3089,Limited-entry Muzzleloader Bull Elk - Mt Dutton - Muzzleloader,ELK,L.E.,BONUS_POINT,Nonresident,88,0,1,1,1 in 88.0,1.13636364,hunt_total_draw_result,21_bg-odds.pdf,BG_PARENT,251
2021,2022,EB3091,"Limited-entry Muzzleloader Bull Elk - North Slope, Three Corners - Muzzleloader",ELK,L.E.,BONUS_POINT,Resident,48,2,2,4,1 in 12.0,8.33333333,hunt_total_draw_result,21_bg-odds.pdf,BG_PARENT,252
2021,2022,EB3091,"Limited-entry Muzzleloader Bull Elk - North Slope, Three Corners - Muzzleloader",ELK,L.E.,BONUS_POINT,Nonresident,0,0,0,0,N/A,,hunt_total_draw_result,21_bg-odds.pdf,BG_PARENT,252
2021,2022,EB3093,Limited-entry Muzzleloader Bull Elk - Panguitch Lake - Muzzleloader,ELK,L.E.,BONUS_POINT,Resident,157,3,2,5,1 in 31.4,3.18471338,hunt_total_draw_result,21_bg-odds.pdf,BG_PARENT,253
2021,2022,EB3093,Limited-entry Muzzleloader Bull Elk - Panguitch Lake - Muzzleloader,ELK,L.E.,BONUS_POINT,Nonresident,113,0,1,1,1 in 113.0,0.88495575,hunt_total_draw_result,21_bg-odds.pdf,BG_PARENT,253
2021,2022,EB3094,Limited-entry Muzzleloader Bull Elk - Paunsaugunt - Muzzleloader,ELK,L.E.,BONUS_POINT,Resident,49,6,6,12,1 in 4.1,24.3902439,hunt_total_draw_result,21_bg-odds.pdf,BG_PARENT,254
2021,2022,EB3094,Limited-entry Muzzleloader Bull Elk - Paunsaugunt - Muzzleloader,ELK,L.E.,BONUS_POINT,Nonresident,23,0,1,1,1 in 23.0,4.34782609,hunt_total_draw_result,21_bg-odds.pdf,BG_PARENT,254
2021,2022,EB3096,"Limited-entry Muzzleloader Bull Elk - Plateau, Fishlake/thousand Lakes - Muzzleloader",ELK,L.E.,BONUS_POINT,Resident,298,15,15,30,1 in 9.9,10.1010101,hunt_total_draw_result,21_bg-odds.pdf,BG_PARENT,255
2021,2022,EB3096,"Limited-entry Muzzleloader Bull Elk - Plateau, Fishlake/thousand Lakes - Muzzleloader",ELK,L.E.,BONUS_POINT,Nonresident,93,2,2,4,1 in 23.3,4.29184549,hunt_total_draw_result,21_bg-odds.pdf,BG_PARENT,255
2021,2022,EB3097,Limited-entry Muzzleloader Bull Elk - San Juan Bull Elk - Muzzleloader,ELK,L.E.,BONUS_POINT,Resident,268,5,5,10,1 in 26.8,3.73134328,hunt_total_draw_result,21_bg-odds.pdf,BG_PARENT,256
2021,2022,EB3097,Limited-entry Muzzleloader Bull Elk - San Juan Bull Elk - Muzzleloader,ELK,L.E.,BONUS_POINT,Nonresident,378,0,1,1,1 in 378.0,0.26455026,hunt_total_draw_result,21_bg-odds.pdf,BG_PARENT,256
2021,2022,EB3098,"Limited-entry Muzzleloader Bull Elk - South Slope, Diamond Mtn - Muzzleloader",ELK,L.E.,BONUS_POINT,Resident,136,4,4,8,1 in 17.0,5.88235294,hunt_total_draw_result,21_bg-odds.pdf,BG_PARENT,257
2021,2022,EB3098,"Limited-entry Muzzleloader Bull Elk - South Slope, Diamond Mtn - Muzzleloader",ELK,L.E.,BONUS_POINT,Nonresident,77,0,1,1,1 in 77.0,1.2987013,hunt_total_draw_result,21_bg-odds.pdf,BG_PARENT,257
2021,2022,EB3100,Limited-entry Muzzleloader Bull Elk - Wasatch Mtns - Muzzleloader,ELK,L.E.,BONUS_POINT,Resident,1073,84,84,168,1 in 6.4,15.625,hunt_total_draw_result,21_bg-odds.pdf,BG_PARENT,258
2021,2022,EB3100,Limited-entry Muzzleloader Bull Elk - Wasatch Mtns - Muzzleloader,ELK,L.E.,BONUS_POINT,Nonresident,229,9,8,17,1 in 13.5,7.40740741,hunt_total_draw_result,21_bg-odds.pdf,BG_PARENT,258
2021,2022,EB3102,"Multi-season Limited-entry Any Bull Elk - Beaver, East -An y Legal Weapon",ELK,L.E.,BONUS_POINT,Resident,273,0,1,1,1 in 273.0,0.36630037,hunt_total_draw_result,21_bg-odds.pdf,BG_PARENT,259
2021,2022,EB3102,"Multi-season Limited-entry Any Bull Elk - Beaver, East -An y Legal Weapon",ELK,L.E.,BONUS_POINT,Nonresident,0,0,0,0,N/A,,hunt_total_draw_result,21_bg-odds.pdf,BG_PARENT,259
2021,2022,EB3103,"Multi-season Limited-entry Any Bull Elk - Book Cliffs, Bitter Creek/south - Any Legal Weapon",ELK,L.E.,BONUS_POINT,Resident,220,2,1,3,1 in 73.3,1.36425648,hunt_total_draw_result,21_bg-odds.pdf,BG_PARENT,260
2021,2022,EB3103,"Multi-season Limited-entry Any Bull Elk - Book Cliffs, Bitter Creek/south - Any Legal Weapon",ELK,L.E.,BONUS_POINT,Nonresident,0,0,0,0,N/A,,hunt_total_draw_result,21_bg-odds.pdf,BG_PARENT,260
2021,2022,EB3104,"Multi-season Limited-entry Any Bull Elk - Book Cliffs, Little Creek Roadless - Any Legal Weapon",ELK,L.E.,BONUS_POINT,Resident,76,0,1,1,1 in 76.0,1.31578947,hunt_total_draw_result,21_bg-odds.pdf,BG_PARENT,261
2021,2022,EB3104,"Multi-season Limited-entry Any Bull Elk - Book Cliffs, Little Creek Roadless - Any Legal Weapon",ELK,L.E.,BONUS_POINT,Nonresident,0,0,0,0,N/A,,hunt_total_draw_result,21_bg-odds.pdf,BG_PARENT,261
2021,2022,EB3105,"Multi-season Limited-entry Any Bull Elk - Cache, Meadowville - Any Legal Weapon",ELK,L.E.,BONUS_POINT,Resident,35,1,1,2,1 in 17.5,5.71428571,hunt_total_draw_result,21_bg-odds.pdf,BG_PARENT,262
2021,2022,EB3105,"Multi-season Limited-entry Any Bull Elk - Cache, Meadowville - Any Legal Weapon",ELK,L.E.,BONUS_POINT,Nonresident,0,0,0,0,N/A,,hunt_total_draw_result,21_bg-odds.pdf,BG_PARENT,262
2021,2022,EB3107,"Multi-season Limited-entry Any Bull Elk - Cache, South - Any Legal Weapon",ELK,L.E.,BONUS_POINT,Resident,255,0,1,1,1 in 255.0,0.39215686,hunt_total_draw_result,21_bg-odds.pdf,BG_PARENT,263
2021,2022,EB3107,"Multi-season Limited-entry Any Bull Elk - Cache, South - Any Legal Weapon",ELK,L.E.,BONUS_POINT,Nonresident,0,0,0,0,N/A,,hunt_total_draw_result,21_bg-odds.pdf,BG_PARENT,263
2021,2022,EB3108,"Multi-season Limited-entry Any Bull Elk - Central Mtns, Manti - Any Legal Weapon",ELK,L.E.,BONUS_POINT,Resident,651,7,7,14,1 in 46.5,2.15053763,hunt_total_draw_result,21_bg-odds.pdf,BG_PARENT,264
2021,2022,EB3108,"Multi-season Limited-entry Any Bull Elk - Central Mtns, Manti - Any Legal Weapon",ELK,L.E.,BONUS_POINT,Nonresident,122,1,1,2,1 in 61.0,1.63934426,hunt_total_draw_result,21_bg-odds.pdf,BG_PARENT,264
2021,2022,EB3109,"Multi-season Limited-entry Any Bull Elk - Central Mtns, Nebo - Any Legal Weapon",ELK,L.E.,BONUS_POINT,Resident,117,1,1,2,1 in 58.5,1.70940171,hunt_total_draw_result,21_bg-odds.pdf,BG_PARENT,265
2021,2022,EB3109,"Multi-season Limited-entry Any Bull Elk - Central Mtns, Nebo - Any Legal Weapon",ELK,L.E.,BONUS_POINT,Nonresident,0,0,0,0,N/A,,hunt_total_draw_result,21_bg-odds.pdf,BG_PARENT,265
2021,2022,EB3110,"Multi-season Limited-entry Any Bull Elk - Fillmore, Pahvant - Any Legal Weapon",ELK,L.E.,BONUS_POINT,Resident,246,1,1,2,1 in 123.0,0.81300813,hunt_total_draw_result,21_bg-odds.pdf,BG_PARENT,266
2021,2022,EB3110,"Multi-season Limited-entry Any Bull Elk - Fillmore, Pahvant - Any Legal Weapon",ELK,L.E.,BONUS_POINT,Nonresident,0,0,0,0,N/A,,hunt_total_draw_result,21_bg-odds.pdf,BG_PARENT,266
2021,2022,EB3111,"Multi-season Limited-entry Any Bull Elk - La Sal, La Sal Mtns - Any Legal Weapon",ELK,L.E.,BONUS_POINT,Resident,95,2,2,4,1 in 23.8,4.20168067,hunt_total_draw_result,21_bg-odds.pdf,BG_PARENT,267
2021,2022,EB3111,"Multi-season Limited-entry Any Bull Elk - La Sal, La Sal Mtns - Any Legal Weapon",ELK,L.E.,BONUS_POINT,Nonresident,0,0,0,0,N/A,,hunt_total_draw_result,21_bg-odds.pdf,BG_PARENT,267
2021,2022,EB3112,Multi-season Limited-entry Any Bull Elk - Monroe - Any Legal Weapon,ELK,L.E.,BONUS_POINT,Resident,276,0,1,1,1 in 276.0,0.36231884,hunt_total_draw_result,21_bg-odds.pdf,BG_PARENT,268
2021,2022,EB3112,Multi-season Limited-entry Any Bull Elk - Monroe - Any Legal Weapon,ELK,L.E.,BONUS_POINT,Nonresident,0,0,0,0,N/A,,hunt_total_draw_result,21_bg-odds.pdf,BG_PARENT,268
2021,2022,EB3113,Multi-season Limited-entry Any Bull Elk - Mt Dutton - Any Legal Weapon,ELK,L.E.,BONUS_POINT,Resident,90,1,1,2,1 in 45.0,2.22222222,hunt_total_draw_result,21_bg-odds.pdf,BG_PARENT,269
2021,2022,EB3113,Multi-season Limited-entry Any Bull Elk - Mt Dutton - Any Legal Weapon,ELK,L.E.,BONUS_POINT,Nonresident,0,0,0,0,N/A,,hunt_total_draw_result,21_bg-odds.pdf,BG_PARENT,269
2021,2022,EB3115,"Multi-season Limited-entry Any Bull Elk - North Slope, Three Corners - Any Legal Weapon",ELK,L.E.,BONUS_POINT,Resident,79,0,1,1,1 in 79.0,1.26582278,hunt_total_draw_result,21_bg-odds.pdf,BG_PARENT,270
2021,2022,EB3115,"Multi-season Limited-entry Any Bull Elk - North Slope, Three Corners - Any Legal Weapon",ELK,L.E.,BONUS_POINT,Nonresident,0,0,0,0,N/A,,hunt_total_draw_result,21_bg-odds.pdf,BG_PARENT,270
2021,2022,EB3117,Multi-season Limited-entry Any Bull Elk - Panguitch Lake -An y Legal Weapon,ELK,L.E.,BONUS_POINT,Resident,149,0,1,1,1 in 149.0,0.67114094,hunt_total_draw_result,21_bg-odds.pdf,BG_PARENT,271
2021,2022,EB3117,Multi-season Limited-entry Any Bull Elk - Panguitch Lake -An y Legal Weapon,ELK,L.E.,BONUS_POINT,Nonresident,0,0,0,0,N/A,,hunt_total_draw_result,21_bg-odds.pdf,BG_PARENT,271
2021,2022,EB3118,Multi-season Limited-entry Any Bull Elk - Paunsaugunt - Any Legal Weapon,ELK,L.E.,BONUS_POINT,Resident,33,2,1,3,1 in 11.0,9.09090909,hunt_total_draw_result,21_bg-odds.pdf,BG_PARENT,272
2021,2022,EB3118,Multi-season Limited-entry Any Bull Elk - Paunsaugunt - Any Legal Weapon,ELK,L.E.,BONUS_POINT,Nonresident,0,0,0,0,N/A,,hunt_total_draw_result,21_bg-odds.pdf,BG_PARENT,272
2021,2022,EB3120,"Multi-season Limited-entry Any Bull Elk - Plateau, Fishlake/thousand Lakes - Any Legal Weapon",ELK,L.E.,BONUS_POINT,Resident,204,3,3,6,1 in 34.0,2.94117647,hunt_total_draw_result,21_bg-odds.pdf,BG_PARENT,273
2021,2022,EB3120,"Multi-season Limited-entry Any Bull Elk - Plateau, Fishlake/thousand Lakes - Any Legal Weapon",ELK,L.E.,BONUS_POINT,Nonresident,89,0,1,1,1 in 89.0,1.12359551,hunt_total_draw_result,21_bg-odds.pdf,BG_PARENT,273
2021,2022,EB3121,Multi-season Limited-entry Any Bull Elk - San Juan Bull Elk - Any Legal Weapon,ELK,L.E.,BONUS_POINT,Resident,437,1,1,2,1 in 218.5,0.4576659,hunt_total_draw_result,21_bg-odds.pdf,BG_PARENT,274
2021,2022,EB3121,Multi-season Limited-entry Any Bull Elk - San Juan Bull Elk - Any Legal Weapon,ELK,L.E.,BONUS_POINT,Nonresident,0,0,0,0,N/A,,hunt_total_draw_result,21_bg-odds.pdf,BG_PARENT,274
2021,2022,EB3122,"Multi-season Limited-entry Any Bull Elk - South Slope, Diamond Mtn - Any Legal Weapon",ELK,L.E.,BONUS_POINT,Resident,111,1,1,2,1 in 55.5,1.8018018,hunt_total_draw_result,21_bg-odds.pdf,BG_PARENT,275
2021,2022,EB3122,"Multi-season Limited-entry Any Bull Elk - South Slope, Diamond Mtn - Any Legal Weapon",ELK,L.E.,BONUS_POINT,Nonresident,0,0,0,0,N/A,,hunt_total_draw_result,21_bg-odds.pdf,BG_PARENT,275
2021,2022,EB3124,Multi-season Limited-entry Any Bull Elk - Wasatch Mtns - Any Legal Weapon,ELK,L.E.,BONUS_POINT,Resident,832,12,12,24,1 in 34.7,2.88184438,hunt_total_draw_result,21_bg-odds.pdf,BG_PARENT,276
2021,2022,EB3124,Multi-season Limited-entry Any Bull Elk - Wasatch Mtns - Any Legal Weapon,ELK,L.E.,BONUS_POINT,Nonresident,109,2,1,3,1 in 36.3,2.75482094,hunt_total_draw_result,21_bg-odds.pdf,BG_PARENT,276
2021,2022,EB3126,"Limited-entry Alw (rifle) Bull Elk - Mid - Central Mtns, Manti - Any Legal Weapon",ELK,L.E.,BONUS_POINT,Resident,864,14,14,28,1 in 30.9,3.23624595,hunt_total_draw_result,21_bg-odds.pdf,BG_PARENT,277
2021,2022,EB3126,"Limited-entry Alw (rifle) Bull Elk - Mid - Central Mtns, Manti - Any Legal Weapon",ELK,L.E.,BONUS_POINT,Nonresident,91,2,1,3,1 in 30.3,3.30033003,hunt_total_draw_result,21_bg-odds.pdf,BG_PARENT,277
2021,2022,EB3127,Limited-entry Alw (rifle) Bull Elk - Mid - Wasatch Mtns - Any Legal Weapon,ELK,L.E.,BONUS_POINT,Resident,1013,39,39,78,1 in 13.0,7.69230769,hunt_total_draw_result,21_bg-odds.pdf,BG_PARENT,278
2021,2022,EB3127,Limited-entry Alw (rifle) Bull Elk - Mid - Wasatch Mtns - Any Legal Weapon,ELK,L.E.,BONUS_POINT,Nonresident,123,4,4,8,1 in 15.4,6.49350649,hunt_total_draw_result,21_bg-odds.pdf,BG_PARENT,278
2021,2022,EB3130,"Limited-entry Archery Bull Elk - Box Elder, Pilot Mtn - Archery",ELK,L.E.,BONUS_POINT,Resident,35,2,1,3,1 in 11.7,8.54700855,hunt_total_draw_result,21_bg-odds.pdf,BG_PARENT,279
2021,2022,EB3130,"Limited-entry Archery Bull Elk - Box Elder, Pilot Mtn - Archery",ELK,L.E.,BONUS_POINT,Nonresident,0,0,0,0,N/A,,hunt_total_draw_result,21_bg-odds.pdf,BG_PARENT,279
2021,2022,EB3131,"Limited-entry September Archery Bull Elk - Box Elder, Sawtooth - Archery",ELK,L.E.,BONUS_POINT,Resident,20,1,1,2,1 in 10.0,10,hunt_total_draw_result,21_bg-odds.pdf,BG_PARENT,280
2021,2022,EB3131,"Limited-entry September Archery Bull Elk - Box Elder, Sawtooth - Archery",ELK,L.E.,BONUS_POINT,Nonresident,36,0,1,1,1 in 36.0,2.77777778,hunt_total_draw_result,21_bg-odds.pdf,BG_PARENT,280
2021,2022,EB3132,"Limited-entry September Archery Bull Elk - Cache, North - Archery",ELK,L.E.,BONUS_POINT,Resident,167,8,8,16,1 in 10.4,9.61538462,hunt_total_draw_result,21_bg-odds.pdf,BG_PARENT,281
2021,2022,EB3132,"Limited-entry September Archery Bull Elk - Cache, North - Archery",ELK,L.E.,BONUS_POINT,Nonresident,37,1,1,2,1 in 18.5,5.40540541,hunt_total_draw_result,21_bg-odds.pdf,BG_PARENT,281
2021,2022,EB3133,"Limited-entry September Archery Bull Elk - Nine Mile, Anthro - Archery",ELK,L.E.,BONUS_POINT,Resident,60,9,9,18,1 in 3.3,30.3030303,hunt_total_draw_result,21_bg-odds.pdf,BG_PARENT,282
2021,2022,EB3133,"Limited-entry September Archery Bull Elk - Nine Mile, Anthro - Archery",ELK,L.E.,BONUS_POINT,Nonresident,33,1,1,2,1 in 16.5,6.06060606,hunt_total_draw_result,21_bg-odds.pdf,BG_PARENT,282
2021,2022,EB3134,Limited-entry September Archery Bull Elk - Oquirrh-stansbury - Archery,ELK,L.E.,BONUS_POINT,Resident,93,5,5,10,1 in 9.3,10.75268817,hunt_total_draw_result,21_bg-odds.pdf,BG_PARENT,283
2021,2022,EB3134,Limited-entry September Archery Bull Elk - Oquirrh-stansbury - Archery,ELK,L.E.,BONUS_POINT,Nonresident,11,0,1,1,1 in 11.0,9.09090909,hunt_total_draw_result,21_bg-odds.pdf,BG_PARENT,283
2021,2022,EB3135,"Limited-entry September Archery Bull Elk - Plateau, Barney Top/kaiparowits - Archery",ELK,L.E.,BONUS_POINT,Resident,52,4,3,7,1 in 7.4,13.51351351,hunt_total_draw_result,21_bg-odds.pdf,BG_PARENT,284
2021,2022,EB3135,"Limited-entry September Archery Bull Elk - Plateau, Barney Top/kaiparowits - Archery",ELK,L.E.,BONUS_POINT,Nonresident,98,0,1,1,1 in 98.0,1.02040816,hunt_total_draw_result,21_bg-odds.pdf,BG_PARENT,284
2021,2022,EB3136,"Limited-entry September Archery Bull Elk - Southwest Desert, North - Archery",ELK,L.E.,BONUS_POINT,Resident,54,4,3,7,1 in 7.7,12.98701299,hunt_total_draw_result,21_bg-odds.pdf,BG_PARENT,285
2021,2022,EB3136,"Limited-entry September Archery Bull Elk - Southwest Desert, North - Archery",ELK,L.E.,BONUS_POINT,Nonresident,65,0,1,1,1 in 65.0,1.53846154,hunt_total_draw_result,21_bg-odds.pdf,BG_PARENT,285
2021,2022,EB3137,"Limited-entry September Archery Bull Elk - West Desert, Deep Creek - Archery",ELK,L.E.,BONUS_POINT,Resident,88,5,5,10,1 in 8.8,11.36363636,hunt_total_draw_result,21_bg-odds.pdf,BG_PARENT,286
2021,2022,EB3137,"Limited-entry September Archery Bull Elk - West Desert, Deep Creek - Archery",ELK,L.E.,BONUS_POINT,Nonresident,32,0,1,1,1 in 32.0,3.125,hunt_total_draw_result,21_bg-odds.pdf,BG_PARENT,286
2021,2022,EB3138,"Limited-entry Hams Bull Elk - Box Elder, Sawtooth - H.a.m.s.",ELK,L.E.,BONUS_POINT,Resident,19,1,1,2,1 in 9.5,10.52631579,hunt_total_draw_result,21_bg-odds.pdf,BG_PARENT,287
2021,2022,EB3138,"Limited-entry Hams Bull Elk - Box Elder, Sawtooth - H.a.m.s.",ELK,L.E.,BONUS_POINT,Nonresident,8,0,1,1,1 in 8.0,12.5,hunt_total_draw_result,21_bg-odds.pdf,BG_PARENT,287
2021,2022,EB3139,"Limited-entry Hams Bull Elk -Cache , North - H.a.m.s.",ELK,L.E.,BONUS_POINT,Resident,121,8,8,16,1 in 7.6,13.15789474,hunt_total_draw_result,21_bg-odds.pdf,BG_PARENT,288
2021,2022,EB3139,"Limited-entry Hams Bull Elk -Cache , North - H.a.m.s.",ELK,L.E.,BONUS_POINT,Nonresident,8,1,1,2,1 in 4.0,25,hunt_total_draw_result,21_bg-odds.pdf,BG_PARENT,288
2021,2022,EB3140,"Limited-entry Hams Bull Elk - Nine Mile, Anthro - H.a.m.s.",ELK,L.E.,BONUS_POINT,Resident,66,9,9,18,1 in 3.7,27.02702703,hunt_total_draw_result,21_bg-odds.pdf,BG_PARENT,289
2021,2022,EB3140,"Limited-entry Hams Bull Elk - Nine Mile, Anthro - H.a.m.s.",ELK,L.E.,BONUS_POINT,Nonresident,17,1,1,2,1 in 8.5,11.76470588,hunt_total_draw_result,21_bg-odds.pdf,BG_PARENT,289
2021,2022,EB3141,Limited-entry Hams Bull Elk -O quirrh-stansbury - H.a.m.s.,ELK,L.E.,BONUS_POINT,Resident,103,5,5,10,1 in 10.3,9.70873786,hunt_total_draw_result,21_bg-odds.pdf,BG_PARENT,290
2021,2022,EB3141,Limited-entry Hams Bull Elk -O quirrh-stansbury - H.a.m.s.,ELK,L.E.,BONUS_POINT,Nonresident,3,0,1,1,1 in 3.0,33.33333333,hunt_total_draw_result,21_bg-odds.pdf,BG_PARENT,290
2021,2022,EB3142,"Limited-entry Hams Bull Elk - Plateau, Barney Top/kaiparowits - H.a.m.s.",ELK,L.E.,BONUS_POINT,Resident,47,4,3,7,1 in 6.7,14.92537313,hunt_total_draw_result,21_bg-odds.pdf,BG_PARENT,291
2021,2022,EB3142,"Limited-entry Hams Bull Elk - Plateau, Barney Top/kaiparowits - H.a.m.s.",ELK,L.E.,BONUS_POINT,Nonresident,31,0,1,1,1 in 31.0,3.22580645,hunt_total_draw_result,21_bg-odds.pdf,BG_PARENT,291
2021,2022,EB3143,"Limited-entry Hams Bull Elk - Southwest Desert, North - H.a.m.s.",ELK,L.E.,BONUS_POINT,Resident,64,4,3,7,1 in 9.1,10.98901099,hunt_total_draw_result,21_bg-odds.pdf,BG_PARENT,292
2021,2022,EB3143,"Limited-entry Hams Bull Elk - Southwest Desert, North - H.a.m.s.",ELK,L.E.,BONUS_POINT,Nonresident,29,0,1,1,1 in 29.0,3.44827586,hunt_total_draw_result,21_bg-odds.pdf,BG_PARENT,292
2021,2022,EB3144,"Limited-entry Hams Bull Elk - West Desert, Deep Creek - H.a.m.s.",ELK,L.E.,BONUS_POINT,Resident,88,5,5,10,1 in 8.8,11.36363636,hunt_total_draw_result,21_bg-odds.pdf,BG_PARENT,293
2021,2022,EB3144,"Limited-entry Hams Bull Elk - West Desert, Deep Creek - H.a.m.s.",ELK,L.E.,BONUS_POINT,Nonresident,24,0,1,1,1 in 24.0,4.16666667,hunt_total_draw_result,21_bg-odds.pdf,BG_PARENT,293
2021,2022,EB3145,"Limited-entry Archery Bull Elk - Plateau, Boulder - Archery",ELK,L.E.,BONUS_POINT,Resident,332,9,9,18,1 in 18.4,5.43478261,hunt_total_draw_result,21_bg-odds.pdf,BG_PARENT,294
2021,2022,EB3145,"Limited-entry Archery Bull Elk - Plateau, Boulder - Archery",ELK,L.E.,BONUS_POINT,Nonresident,251,1,1,2,1 in 125.5,0.79681275,hunt_total_draw_result,21_bg-odds.pdf,BG_PARENT,294
2021,2022,EB3146,"Limited-entry Archery Bull Elk - Southwest Desert, South - Archery",ELK,L.E.,BONUS_POINT,Resident,155,12,12,24,1 in 6.5,15.38461538,hunt_total_draw_result,21_bg-odds.pdf,BG_PARENT,295
2021,2022,EB3146,"Limited-entry Archery Bull Elk - Southwest Desert, South - Archery",ELK,L.E.,BONUS_POINT,Nonresident,120,2,1,3,1 in 40.0,2.5,hunt_total_draw_result,21_bg-odds.pdf,BG_PARENT,295
2021,2022,EB3147,"Limited-entry Alw (rifle) Bull Elk - Early - Box Elder, Grouse Creek - Any Legal Weapon",ELK,L.E.,BONUS_POINT,Resident,223,6,6,12,1 in 18.6,5.37634409,hunt_total_draw_result,21_bg-odds.pdf,BG_PARENT,296
2021,2022,EB3147,"Limited-entry Alw (rifle) Bull Elk - Early - Box Elder, Grouse Creek - Any Legal Weapon",ELK,L.E.,BONUS_POINT,Nonresident,88,0,1,1,1 in 88.0,1.13636364,hunt_total_draw_result,21_bg-odds.pdf,BG_PARENT,296
2021,2022,EB3148,"Limited-entry Alw (rifle) Bull Elk - Early - Plateau, Boulder - Any Legal Weapon",ELK,L.E.,BONUS_POINT,Resident,1445,12,12,24,1 in 60.2,1.66112957,hunt_total_draw_result,21_bg-odds.pdf,BG_PARENT,297
2021,2022,EB3148,"Limited-entry Alw (rifle) Bull Elk - Early - Plateau, Boulder - Any Legal Weapon",ELK,L.E.,BONUS_POINT,Nonresident,834,2,1,3,1 in 278.0,0.35971223,hunt_total_draw_result,21_bg-odds.pdf,BG_PARENT,297
2021,2022,EB3149,"Limited-entry Alw (rifle) Bull Elk - Early - Southwest Desert, South - Any Legal Weapon",ELK,L.E.,BONUS_POINT,Resident,1081,12,12,24,1 in 45.0,2.22222222,hunt_total_draw_result,21_bg-odds.pdf,BG_PARENT,298
2021,2022,EB3149,"Limited-entry Alw (rifle) Bull Elk - Early - Southwest Desert, South - Any Legal Weapon",ELK,L.E.,BONUS_POINT,Nonresident,377,1,1,2,1 in 188.5,0.53050398,hunt_total_draw_result,21_bg-odds.pdf,BG_PARENT,298
2021,2022,EB3150,"Limited-entry Alw (rifle) Bull Elk - Mid - Box Elder, Grouse Creek - Any Legal Weapon",ELK,L.E.,BONUS_POINT,Resident,123,4,3,7,1 in 17.6,5.68181818,hunt_total_draw_result,21_bg-odds.pdf,BG_PARENT,299
2021,2022,EB3150,"Limited-entry Alw (rifle) Bull Elk - Mid - Box Elder, Grouse Creek - Any Legal Weapon",ELK,L.E.,BONUS_POINT,Nonresident,31,0,1,1,1 in 31.0,3.22580645,hunt_total_draw_result,21_bg-odds.pdf,BG_PARENT,299
2021,2022,EB3151,"Limited-entry Alw (rifle) Bull Elk - Late -Plateau , Boulder - Any Legal Weapon",ELK,L.E.,BONUS_POINT,Resident,263,9,8,17,1 in 15.5,6.4516129,hunt_total_draw_result,21_bg-odds.pdf,BG_PARENT,300
2021,2022,EB3151,"Limited-entry Alw (rifle) Bull Elk - Late -Plateau , Boulder - Any Legal Weapon",ELK,L.E.,BONUS_POINT,Nonresident,101,1,1,2,1 in 50.5,1.98019802,hunt_total_draw_result,21_bg-odds.pdf,BG_PARENT,300
2021,2022,EB3152,"Limited-entry Alw (rifle) Bull Elk - Late - Southwest Desert, South - Any Legal Weapon",ELK,L.E.,BONUS_POINT,Resident,463,15,15,30,1 in 15.4,6.49350649,hunt_total_draw_result,21_bg-odds.pdf,BG_PARENT,301
2021,2022,EB3152,"Limited-entry Alw (rifle) Bull Elk - Late - Southwest Desert, South - Any Legal Weapon",ELK,L.E.,BONUS_POINT,Nonresident,162,1,1,2,1 in 81.0,1.2345679,hunt_total_draw_result,21_bg-odds.pdf,BG_PARENT,301
2021,2022,EB3153,"Limited-entry Muzzleloader Bull Elk - Box Elder, Grouse Creek - Muzzleloader",ELK,L.E.,BONUS_POINT,Resident,39,4,3,7,1 in 5.6,17.85714286,hunt_total_draw_result,21_bg-odds.pdf,BG_PARENT,302
2021,2022,EB3153,"Limited-entry Muzzleloader Bull Elk - Box Elder, Grouse Creek - Muzzleloader",ELK,L.E.,BONUS_POINT,Nonresident,34,0,1,1,1 in 34.0,2.94117647,hunt_total_draw_result,21_bg-odds.pdf,BG_PARENT,302
2021,2022,EB3154,"Limited-entry Muzzleloader Bull Elk - Plateau, Boulder - Muzzleloader",ELK,L.E.,BONUS_POINT,Resident,311,6,5,11,1 in 28.3,3.5335689,hunt_total_draw_result,21_bg-odds.pdf,BG_PARENT,303
2021,2022,EB3154,"Limited-entry Muzzleloader Bull Elk - Plateau, Boulder - Muzzleloader",ELK,L.E.,BONUS_POINT,Nonresident,202,0,1,1,1 in 202.0,0.4950495,hunt_total_draw_result,21_bg-odds.pdf,BG_PARENT,303
2021,2022,EB3155,"Limited-entry Muzzleloader Bull Elk - Southwest Desert, South - Muzzleloader",ELK,L.E.,BONUS_POINT,Resident,181,8,7,15,1 in 12.1,8.26446281,hunt_total_draw_result,21_bg-odds.pdf,BG_PARENT,304
2021,2022,EB3155,"Limited-entry Muzzleloader Bull Elk - Southwest Desert, South - Muzzleloader",ELK,L.E.,BONUS_POINT,Nonresident,100,1,1,2,1 in 50.0,2,hunt_total_draw_result,21_bg-odds.pdf,BG_PARENT,304
2021,2022,EB3156,"Multi-season Limited-entry Any Bull Elk - Plateau, Boulder - Any Legal Weapon",ELK,L.E.,BONUS_POINT,Resident,270,1,1,2,1 in 135.0,0.74074074,hunt_total_draw_result,21_bg-odds.pdf,BG_PARENT,305
2021,2022,EB3156,"Multi-season Limited-entry Any Bull Elk - Plateau, Boulder - Any Legal Weapon",ELK,L.E.,BONUS_POINT,Nonresident,0,0,0,0,N/A,,hunt_total_draw_result,21_bg-odds.pdf,BG_PARENT,305
2021,2022,EB3157,"Multi-season Limited-entry Any Bull Elk - Southwest Desert, South - Any Legal Weapon",ELK,L.E.,BONUS_POINT,Resident,149,2,1,3,1 in 49.7,2.01207243,hunt_total_draw_result,21_bg-odds.pdf,BG_PARENT,306
2021,2022,EB3157,"Multi-season Limited-entry Any Bull Elk - Southwest Desert, South - Any Legal Weapon",ELK,L.E.,BONUS_POINT,Nonresident,0,0,0,0,N/A,,hunt_total_draw_result,21_bg-odds.pdf,BG_PARENT,306
2021,2022,EB3500,Cwmu Any Bull Elk - Alton - Any Legal Weapon,ELK,L.E.,BONUS_POINT,Resident,41,1,1,2,1 in 20.5,4.87804878,hunt_total_draw_result,21_bg-odds.pdf,BG_PARENT,307
2021,2022,EB3500,Cwmu Any Bull Elk - Alton - Any Legal Weapon,ELK,L.E.,BONUS_POINT,Nonresident,0,0,0,0,N/A,,hunt_total_draw_result,21_bg-odds.pdf,BG_PARENT,307
2021,2022,EB3501,Cwmu Any Bull Elk - Bar J Ranch - Any Legal Weapon,ELK,L.E.,BONUS_POINT,Resident,85,1,1,2,1 in 42.5,2.35294118,hunt_total_draw_result,21_bg-odds.pdf,BG_PARENT,308
2021,2022,EB3501,Cwmu Any Bull Elk - Bar J Ranch - Any Legal Weapon,ELK,L.E.,BONUS_POINT,Nonresident,0,0,0,0,N/A,,hunt_total_draw_result,21_bg-odds.pdf,BG_PARENT,308
2021,2022,EB3502,Cwmu Any Bull Elk - Bear Mountain - Any Legal Weapon,BLACK_BEAR,L.E.,BONUS_POINT,Resident,25,0,1,1,1 in 25.0,4,hunt_total_draw_result,21_bg-odds.pdf,BG_PARENT,309
2021,2022,EB3502,Cwmu Any Bull Elk - Bear Mountain - Any Legal Weapon,BLACK_BEAR,L.E.,BONUS_POINT,Nonresident,0,0,0,0,N/A,,hunt_total_draw_result,21_bg-odds.pdf,BG_PARENT,309
2021,2022,EB3503,Cwmu Any Bull Elk - Bear Springs - Any Legal Weapon,BLACK_BEAR,L.E.,BONUS_POINT,Resident,29,0,1,1,1 in 29.0,3.44827586,hunt_total_draw_result,21_bg-odds.pdf,BG_PARENT,310
2021,2022,EB3503,Cwmu Any Bull Elk - Bear Springs - Any Legal Weapon,BLACK_BEAR,L.E.,BONUS_POINT,Nonresident,0,0,0,0,N/A,,hunt_total_draw_result,21_bg-odds.pdf,BG_PARENT,310
2021,2022,EB3504,Cwmu Any Bull Elk - Black Hawk - Any Legal Weapon,ELK,L.E.,BONUS_POINT,Resident,5,0,1,1,1 in 5.0,20,hunt_total_draw_result,21_bg-odds.pdf,BG_PARENT,311
2021,2022,EB3504,Cwmu Any Bull Elk - Black Hawk - Any Legal Weapon,ELK,L.E.,BONUS_POINT,Nonresident,0,0,0,0,N/A,,hunt_total_draw_result,21_bg-odds.pdf,BG_PARENT,311
2021,2022,EB3505,Cwmu Any Bull Elk -Boobe Hole - An y Legal Weapon,ELK,L.E.,BONUS_POINT,Resident,46,1,1,2,1 in 23.0,4.34782609,hunt_total_draw_result,21_bg-odds.pdf,BG_PARENT,312
2021,2022,EB3505,Cwmu Any Bull Elk -Boobe Hole - An y Legal Weapon,ELK,L.E.,BONUS_POINT,Nonresident,0,0,0,0,N/A,,hunt_total_draw_result,21_bg-odds.pdf,BG_PARENT,312
2021,2022,EB3506,Cwmu Any Bull Elk - Causey Spring - Any Legal Weapon,ELK,L.E.,BONUS_POINT,Resident,34,0,1,1,1 in 34.0,2.94117647,hunt_total_draw_result,21_bg-odds.pdf,BG_PARENT,313
2021,2022,EB3506,Cwmu Any Bull Elk - Causey Spring - Any Legal Weapon,ELK,L.E.,BONUS_POINT,Nonresident,0,0,0,0,N/A,,hunt_total_draw_result,21_bg-odds.pdf,BG_PARENT,313
2021,2022,EB3508,Cwmu Any Bull Elk - Chimney Rock - Any Legal Weapon,ELK,L.E.,BONUS_POINT,Resident,69,1,1,2,1 in 34.5,2.89855072,hunt_total_draw_result,21_bg-odds.pdf,BG_PARENT,314
2021,2022,EB3508,Cwmu Any Bull Elk - Chimney Rock - Any Legal Weapon,ELK,L.E.,BONUS_POINT,Nonresident,0,0,0,0,N/A,,hunt_total_draw_result,21_bg-odds.pdf,BG_PARENT,314
2021,2022,EB3509,Cwmu Any Bull Elk - Coldwater Ranch - Any Legal Weapon,ELK,L.E.,BONUS_POINT,Resident,130,1,1,2,1 in 65.0,1.53846154,hunt_total_draw_result,21_bg-odds.pdf,BG_PARENT,315
2021,2022,EB3509,Cwmu Any Bull Elk - Coldwater Ranch - Any Legal Weapon,ELK,L.E.,BONUS_POINT,Nonresident,0,0,0,0,N/A,,hunt_total_draw_result,21_bg-odds.pdf,BG_PARENT,315
2021,2022,EB3510,Cwmu Any Bull Elk - Conover-jensen - Any Legal Weapon,ELK,L.E.,BONUS_POINT,Resident,20,0,1,1,1 in 20.0,5,hunt_total_draw_result,21_bg-odds.pdf,BG_PARENT,316
2021,2022,EB3510,Cwmu Any Bull Elk - Conover-jensen - Any Legal Weapon,ELK,L.E.,BONUS_POINT,Nonresident,0,0,0,0,N/A,,hunt_total_draw_result,21_bg-odds.pdf,BG_PARENT,316
2021,2022,EB3511,Cwmu Any Bull Elk - Cotton Thomas - Any Legal Weapon,ELK,L.E.,BONUS_POINT,Resident,11,0,1,1,1 in 11.0,9.09090909,hunt_total_draw_result,21_bg-odds.pdf,BG_PARENT,317
2021,2022,EB3511,Cwmu Any Bull Elk - Cotton Thomas - Any Legal Weapon,ELK,L.E.,BONUS_POINT,Nonresident,0,0,0,0,N/A,,hunt_total_draw_result,21_bg-odds.pdf,BG_PARENT,317
2021,2022,EB3514,Cwmu Any Bull Elk - Deseret - Any Legal Weapon,ELK,L.E.,BONUS_POINT,Resident,1276,9,8,17,1 in 75.1,1.33155792,hunt_total_draw_result,21_bg-odds.pdf,BG_PARENT,318
2021,2022,EB3514,Cwmu Any Bull Elk - Deseret - Any Legal Weapon,ELK,L.E.,BONUS_POINT,Nonresident,0,0,0,0,N/A,,hunt_total_draw_result,21_bg-odds.pdf,BG_PARENT,318
2021,2022,EB3515,Cwmu Any Bull Elk - Double Cone - Any Legal Weapon,ELK,L.E.,BONUS_POINT,Resident,64,0,1,1,1 in 64.0,1.5625,hunt_total_draw_result,21_bg-odds.pdf,BG_PARENT,319
2021,2022,EB3515,Cwmu Any Bull Elk - Double Cone - Any Legal Weapon,ELK,L.E.,BONUS_POINT,Nonresident,0,0,0,0,N/A,,hunt_total_draw_result,21_bg-odds.pdf,BG_PARENT,319
2021,2022,EB3516,Cwmu Any Bull Elk - Durst Mountain - Any Legal Weapon,ELK,L.E.,BONUS_POINT,Resident,96,2,1,3,1 in 32.0,3.125,hunt_total_draw_result,21_bg-odds.pdf,BG_PARENT,320
2021,2022,EB3516,Cwmu Any Bull Elk - Durst Mountain - Any Legal Weapon,ELK,L.E.,BONUS_POINT,Nonresident,0,0,0,0,N/A,,hunt_total_draw_result,21_bg-odds.pdf,BG_PARENT,320
2021,2022,EB3517,Cwmu Any Bull Elk - East Fork Chalk Creek - Any Legal Weapon,ELK,L.E.,BONUS_POINT,Resident,56,2,1,3,1 in 18.7,5.34759358,hunt_total_draw_result,21_bg-odds.pdf,BG_PARENT,321
2021,2022,EB3517,Cwmu Any Bull Elk - East Fork Chalk Creek - Any Legal Weapon,ELK,L.E.,BONUS_POINT,Nonresident,0,0,0,0,N/A,,hunt_total_draw_result,21_bg-odds.pdf,BG_PARENT,321
2021,2022,EB3519,Cwmu Any Bull Elk - Ensign Ranches - Any Legal Weapon,ELK,L.E.,BONUS_POINT,Resident,88,2,2,4,1 in 22.0,4.54545455,hunt_total_draw_result,21_bg-odds.pdf,BG_PARENT,322
2021,2022,EB3519,Cwmu Any Bull Elk - Ensign Ranches - Any Legal Weapon,ELK,L.E.,BONUS_POINT,Nonresident,0,0,0,0,N/A,,hunt_total_draw_result,21_bg-odds.pdf,BG_PARENT,322
2021,2022,EB3520,Cwmu Any Bull Elk - Folley Ridge - Any Legal Weapon,ELK,L.E.,BONUS_POINT,Resident,63,1,1,2,1 in 31.5,3.17460317,hunt_total_draw_result,21_bg-odds.pdf,BG_PARENT,323
2021,2022,EB3520,Cwmu Any Bull Elk - Folley Ridge - Any Legal Weapon,ELK,L.E.,BONUS_POINT,Nonresident,0,0,0,0,N/A,,hunt_total_draw_result,21_bg-odds.pdf,BG_PARENT,323
2021,2022,EB3521,Cwmu Any Bull Elk - Grass Valley/clark Canyon - Any Legal Weapon,ELK,L.E.,BONUS_POINT,Resident,60,5,5,10,1 in 6.0,16.66666667,hunt_total_draw_result,21_bg-odds.pdf,BG_PARENT,324
2021,2022,EB3521,Cwmu Any Bull Elk - Grass Valley/clark Canyon - Any Legal Weapon,ELK,L.E.,BONUS_POINT,Nonresident,0,0,0,0,N/A,,hunt_total_draw_result,21_bg-odds.pdf,BG_PARENT,324
2021,2022,EB3522,Cwmu Any Bull Elk - Grazing Pasture - Any Legal Weapon,ELK,L.E.,BONUS_POINT,Resident,71,0,1,1,1 in 71.0,1.4084507,hunt_total_draw_result,21_bg-odds.pdf,BG_PARENT,325
2021,2022,EB3522,Cwmu Any Bull Elk - Grazing Pasture - Any Legal Weapon,ELK,L.E.,BONUS_POINT,Nonresident,0,0,0,0,N/A,,hunt_total_draw_result,21_bg-odds.pdf,BG_PARENT,325
2021,2022,EB3523,Cwmu Any Bull Elk - Guildersleeve - Any Legal Weapon,ELK,L.E.,BONUS_POINT,Resident,21,0,1,1,1 in 21.0,4.76190476,hunt_total_draw_result,21_bg-odds.pdf,BG_PARENT,326
2021,2022,EB3523,Cwmu Any Bull Elk - Guildersleeve - Any Legal Weapon,ELK,L.E.,BONUS_POINT,Nonresident,0,0,0,0,N/A,,hunt_total_draw_result,21_bg-odds.pdf,BG_PARENT,326
2021,2022,EB3524,Cwmu Any Bull Elk - Hardscrabble - Any Legal Weapon,ELK,L.E.,BONUS_POINT,Resident,22,1,1,2,1 in 11.0,9.09090909,hunt_total_draw_result,21_bg-odds.pdf,BG_PARENT,327
2021,2022,EB3524,Cwmu Any Bull Elk - Hardscrabble - Any Legal Weapon,ELK,L.E.,BONUS_POINT,Nonresident,0,0,0,0,N/A,,hunt_total_draw_result,21_bg-odds.pdf,BG_PARENT,327
2021,2022,EB3525,Cwmu Any Bull Elk - Heaston East - Any Legal Weapon,ELK,L.E.,BONUS_POINT,Resident,65,2,1,3,1 in 21.7,4.60829493,hunt_total_draw_result,21_bg-odds.pdf,BG_PARENT,328
2021,2022,EB3525,Cwmu Any Bull Elk - Heaston East - Any Legal Weapon,ELK,L.E.,BONUS_POINT,Nonresident,0,0,0,0,N/A,,hunt_total_draw_result,21_bg-odds.pdf,BG_PARENT,328
2021,2022,EB3526,Cwmu Any Bull Elk - Hiawatha - Any Legal Weapon,ELK,L.E.,BONUS_POINT,Resident,16,0,1,1,1 in 16.0,6.25,hunt_total_draw_result,21_bg-odds.pdf,BG_PARENT,329
2021,2022,EB3526,Cwmu Any Bull Elk - Hiawatha - Any Legal Weapon,ELK,L.E.,BONUS_POINT,Nonresident,0,0,0,0,N/A,,hunt_total_draw_result,21_bg-odds.pdf,BG_PARENT,329
2021,2022,EB3527,Cwmu Any Bull Elk - Indian Head - Any Legal Weapon,ELK,L.E.,BONUS_POINT,Resident,36,1,1,2,1 in 18.0,5.55555556,hunt_total_draw_result,21_bg-odds.pdf,BG_PARENT,330
2021,2022,EB3527,Cwmu Any Bull Elk - Indian Head - Any Legal Weapon,ELK,L.E.,BONUS_POINT,Nonresident,0,0,0,0,N/A,,hunt_total_draw_result,21_bg-odds.pdf,BG_PARENT,330
2021,2022,EB3528,Cwmu Any Bull Elk - Ingham Peak - Any Legal Weapon,ELK,L.E.,BONUS_POINT,Resident,6,1,1,2,1 in 3.0,33.33333333,hunt_total_draw_result,21_bg-odds.pdf,BG_PARENT,331
2021,2022,EB3528,Cwmu Any Bull Elk - Ingham Peak - Any Legal Weapon,ELK,L.E.,BONUS_POINT,Nonresident,0,0,0,0,N/A,,hunt_total_draw_result,21_bg-odds.pdf,BG_PARENT,331
2021,2022,EB3529,Cwmu Any Bull Elk - J.b. Ranch - Any Legal Weapon,ELK,L.E.,BONUS_POINT,Resident,48,0,1,1,1 in 48.0,2.08333333,hunt_total_draw_result,21_bg-odds.pdf,BG_PARENT,332
2021,2022,EB3529,Cwmu Any Bull Elk - J.b. Ranch - Any Legal Weapon,ELK,L.E.,BONUS_POINT,Nonresident,0,0,0,0,N/A,,hunt_total_draw_result,21_bg-odds.pdf,BG_PARENT,332
2021,2022,EB3530,Cwmu Any Bull Elk -Jacob's Creek - An y Legal Weapon,ELK,L.E.,BONUS_POINT,Resident,11,1,1,2,1 in 5.5,18.18181818,hunt_total_draw_result,21_bg-odds.pdf,BG_PARENT,333
2021,2022,EB3530,Cwmu Any Bull Elk -Jacob's Creek - An y Legal Weapon,ELK,L.E.,BONUS_POINT,Nonresident,0,0,0,0,N/A,,hunt_total_draw_result,21_bg-odds.pdf,BG_PARENT,333
2021,2022,EB3531,Cwmu Any Bull Elk - Johnson Mountain Ranch - Any Legal Weapon,ELK,L.E.,BONUS_POINT,Resident,108,1,1,2,1 in 54.0,1.85185185,hunt_total_draw_result,21_bg-odds.pdf,BG_PARENT,334
2021,2022,EB3531,Cwmu Any Bull Elk - Johnson Mountain Ranch - Any Legal Weapon,ELK,L.E.,BONUS_POINT,Nonresident,0,0,0,0,N/A,,hunt_total_draw_result,21_bg-odds.pdf,BG_PARENT,334
2021,2022,EB3532,Cwmu Any Bull Elk - Jump Creek - Any Legal Weapon,ELK,L.E.,BONUS_POINT,Resident,43,0,1,1,1 in 43.0,2.3255814,hunt_total_draw_result,21_bg-odds.pdf,BG_PARENT,335
2021,2022,EB3532,Cwmu Any Bull Elk - Jump Creek - Any Legal Weapon,ELK,L.E.,BONUS_POINT,Nonresident,0,0,0,0,N/A,,hunt_total_draw_result,21_bg-odds.pdf,BG_PARENT,335
2021,2022,EB3533,Cwmu Any Bull Elk - Junction Valley - Any Legal Weapon,ELK,L.E.,BONUS_POINT,Resident,20,0,1,1,1 in 20.0,5,hunt_total_draw_result,21_bg-odds.pdf,BG_PARENT,336
2021,2022,EB3533,Cwmu Any Bull Elk - Junction Valley - Any Legal Weapon,ELK,L.E.,BONUS_POINT,Nonresident,0,0,0,0,N/A,,hunt_total_draw_result,21_bg-odds.pdf,BG_PARENT,336
2021,2022,EB3534,Cwmu Any Bull Elk - Little Red Creek - Any Legal Weapon,ELK,L.E.,BONUS_POINT,Resident,101,1,1,2,1 in 50.5,1.98019802,hunt_total_draw_result,21_bg-odds.pdf,BG_PARENT,337
2021,2022,EB3534,Cwmu Any Bull Elk - Little Red Creek - Any Legal Weapon,ELK,L.E.,BONUS_POINT,Nonresident,0,0,0,0,N/A,,hunt_total_draw_result,21_bg-odds.pdf,BG_PARENT,337
2021,2022,EB3535,Cwmu Any Bull Elk - Lone Tree Tunnel Hollow - Any Legal Weapon,ELK,L.E.,BONUS_POINT,Resident,19,1,1,2,1 in 9.5,10.52631579,hunt_total_draw_result,21_bg-odds.pdf,BG_PARENT,338
2021,2022,EB3535,Cwmu Any Bull Elk - Lone Tree Tunnel Hollow - Any Legal Weapon,ELK,L.E.,BONUS_POINT,Nonresident,0,0,0,0,N/A,,hunt_total_draw_result,21_bg-odds.pdf,BG_PARENT,338
2021,2022,EB3536,Cwmu Any Bull Elk - Minnie Maud Ridge - Any Legal Weapon,ELK,L.E.,BONUS_POINT,Resident,41,2,2,4,1 in 10.3,9.70873786,hunt_total_draw_result,21_bg-odds.pdf,BG_PARENT,339
2021,2022,EB3536,Cwmu Any Bull Elk - Minnie Maud Ridge - Any Legal Weapon,ELK,L.E.,BONUS_POINT,Nonresident,0,0,0,0,N/A,,hunt_total_draw_result,21_bg-odds.pdf,BG_PARENT,339
2021,2022,EB3538,Cwmu Any Bull Elk - Moon Ranch - Any Legal Weapon,ELK,L.E.,BONUS_POINT,Resident,30,1,1,2,1 in 15.0,6.66666667,hunt_total_draw_result,21_bg-odds.pdf,BG_PARENT,340
2021,2022,EB3538,Cwmu Any Bull Elk - Moon Ranch - Any Legal Weapon,ELK,L.E.,BONUS_POINT,Nonresident,0,0,0,0,N/A,,hunt_total_draw_result,21_bg-odds.pdf,BG_PARENT,340
2021,2022,EB3540,Cwmu Any Bull Elk - Old Woman Plateau - Any Legal Weapon,ELK,L.E.,BONUS_POINT,Resident,54,1,1,2,1 in 27.0,3.7037037,hunt_total_draw_result,21_bg-odds.pdf,BG_PARENT,341
2021,2022,EB3540,Cwmu Any Bull Elk - Old Woman Plateau - Any Legal Weapon,ELK,L.E.,BONUS_POINT,Nonresident,0,0,0,0,N/A,,hunt_total_draw_result,21_bg-odds.pdf,BG_PARENT,341
2021,2022,EB3541,Cwmu Any Bull Elk - Patmos Ridge - Any Legal Weapon,ELK,L.E.,BONUS_POINT,Resident,5,0,1,1,1 in 5.0,20,hunt_total_draw_result,21_bg-odds.pdf,BG_PARENT,342
2021,2022,EB3541,Cwmu Any Bull Elk - Patmos Ridge - Any Legal Weapon,ELK,L.E.,BONUS_POINT,Nonresident,0,0,0,0,N/A,,hunt_total_draw_result,21_bg-odds.pdf,BG_PARENT,342
2021,2022,EB3542,Cwmu Any Bull Elk - Powder Mountain - Any Legal Weapon,ELK,L.E.,BONUS_POINT,Resident,9,0,1,1,1 in 9.0,11.11111111,hunt_total_draw_result,21_bg-odds.pdf,BG_PARENT,343
2021,2022,EB3542,Cwmu Any Bull Elk - Powder Mountain - Any Legal Weapon,ELK,L.E.,BONUS_POINT,Nonresident,0,0,0,0,N/A,,hunt_total_draw_result,21_bg-odds.pdf,BG_PARENT,343
2021,2022,EB3543,Cwmu Any Bull Elk - Preston Nutter Ranch - Any Legal Weapon,ELK,L.E.,BONUS_POINT,Resident,102,1,1,2,1 in 51.0,1.96078431,hunt_total_draw_result,21_bg-odds.pdf,BG_PARENT,344
2021,2022,EB3543,Cwmu Any Bull Elk - Preston Nutter Ranch - Any Legal Weapon,ELK,L.E.,BONUS_POINT,Nonresident,0,0,0,0,N/A,,hunt_total_draw_result,21_bg-odds.pdf,BG_PARENT,344
2021,2022,EB3544,Cwmu Any Bull Elk - Redd Ranches - Any Legal Weapon,ELK,L.E.,BONUS_POINT,Resident,71,1,1,2,1 in 35.5,2.81690141,hunt_total_draw_result,21_bg-odds.pdf,BG_PARENT,345
2021,2022,EB3544,Cwmu Any Bull Elk - Redd Ranches - Any Legal Weapon,ELK,L.E.,BONUS_POINT,Nonresident,0,0,0,0,N/A,,hunt_total_draw_result,21_bg-odds.pdf,BG_PARENT,345
2021,2022,EB3545,Cwmu Any Bull Elk - Riverview Ranch Llc - Any Legal Weapon,ELK,L.E.,BONUS_POINT,Resident,66,1,1,2,1 in 33.0,3.03030303,hunt_total_draw_result,21_bg-odds.pdf,BG_PARENT,346
2021,2022,EB3545,Cwmu Any Bull Elk - Riverview Ranch Llc - Any Legal Weapon,ELK,L.E.,BONUS_POINT,Nonresident,0,0,0,0,N/A,,hunt_total_draw_result,21_bg-odds.pdf,BG_PARENT,346
2021,2022,EB3546,Cwmu Any Bull Elk - Roan Cliffs - Any Legal Weapon,ELK,L.E.,BONUS_POINT,Resident,18,0,1,1,1 in 18.0,5.55555556,hunt_total_draw_result,21_bg-odds.pdf,BG_PARENT,347
2021,2022,EB3546,Cwmu Any Bull Elk - Roan Cliffs - Any Legal Weapon,ELK,L.E.,BONUS_POINT,Nonresident,0,0,0,0,N/A,,hunt_total_draw_result,21_bg-odds.pdf,BG_PARENT,347
2021,2022,EB3547,Cwmu Any Bull Elk - Sand Creek - Any Legal Weapon,ELK,L.E.,BONUS_POINT,Resident,56,0,1,1,1 in 56.0,1.78571429,hunt_total_draw_result,21_bg-odds.pdf,BG_PARENT,348
2021,2022,EB3547,Cwmu Any Bull Elk - Sand Creek - Any Legal Weapon,ELK,L.E.,BONUS_POINT,Nonresident,0,0,0,0,N/A,,hunt_total_draw_result,21_bg-odds.pdf,BG_PARENT,348
2021,2022,EB3548,Cwmu Any Bull Elk - Scofield Canyons - Any Legal Weapon,ELK,L.E.,BONUS_POINT,Resident,56,0,1,1,1 in 56.0,1.78571429,hunt_total_draw_result,21_bg-odds.pdf,BG_PARENT,349
2021,2022,EB3548,Cwmu Any Bull Elk - Scofield Canyons - Any Legal Weapon,ELK,L.E.,BONUS_POINT,Nonresident,0,0,0,0,N/A,,hunt_total_draw_result,21_bg-odds.pdf,BG_PARENT,349
2021,2022,EB3549,Cwmu Any Bull Elk - Scofield East - Any Legal Weapon,ELK,L.E.,BONUS_POINT,Resident,38,0,1,1,1 in 38.0,2.63157895,hunt_total_draw_result,21_bg-odds.pdf,BG_PARENT,350
2021,2022,EB3549,Cwmu Any Bull Elk - Scofield East - Any Legal Weapon,ELK,L.E.,BONUS_POINT,Nonresident,0,0,0,0,N/A,,hunt_total_draw_result,21_bg-odds.pdf,BG_PARENT,350
2021,2022,EB3550,Cwmu Any Bull Elk - Scofield West - Any Legal Weapon,ELK,L.E.,BONUS_POINT,Resident,59,0,1,1,1 in 59.0,1.69491525,hunt_total_draw_result,21_bg-odds.pdf,BG_PARENT,351
2021,2022,EB3550,Cwmu Any Bull Elk - Scofield West - Any Legal Weapon,ELK,L.E.,BONUS_POINT,Nonresident,0,0,0,0,N/A,,hunt_total_draw_result,21_bg-odds.pdf,BG_PARENT,351
2021,2022,EB3551,Cwmu Any Bull Elk - Sj Ranch - Any Legal Weapon,ELK,L.E.,BONUS_POINT,Resident,42,0,1,1,1 in 42.0,2.38095238,hunt_total_draw_result,21_bg-odds.pdf,BG_PARENT,352
2021,2022,EB3551,Cwmu Any Bull Elk - Sj Ranch - Any Legal Weapon,ELK,L.E.,BONUS_POINT,Nonresident,0,0,0,0,N/A,,hunt_total_draw_result,21_bg-odds.pdf,BG_PARENT,352
2021,2022,EB3552,Cwmu Any Bull Elk - Skull Crack - Any Legal Weapon,ELK,L.E.,BONUS_POINT,Resident,80,0,1,1,1 in 80.0,1.25,hunt_total_draw_result,21_bg-odds.pdf,BG_PARENT,353
2021,2022,EB3552,Cwmu Any Bull Elk - Skull Crack - Any Legal Weapon,ELK,L.E.,BONUS_POINT,Nonresident,0,0,0,0,N/A,,hunt_total_draw_result,21_bg-odds.pdf,BG_PARENT,353
2021,2022,EB3553,Cwmu Any Bull Elk - Soldier Summit - Any Legal Weapon,ELK,L.E.,BONUS_POINT,Resident,46,1,1,2,1 in 23.0,4.34782609,hunt_total_draw_result,21_bg-odds.pdf,BG_PARENT,354
2021,2022,EB3553,Cwmu Any Bull Elk - Soldier Summit - Any Legal Weapon,ELK,L.E.,BONUS_POINT,Nonresident,0,0,0,0,N/A,,hunt_total_draw_result,21_bg-odds.pdf,BG_PARENT,354
2021,2022,EB3554,Cwmu Any Bull Elk - South Canyon - Any Legal Weapon,ELK,L.E.,BONUS_POINT,Resident,18,1,1,2,1 in 9.0,11.11111111,hunt_total_draw_result,21_bg-odds.pdf,BG_PARENT,355
2021,2022,EB3554,Cwmu Any Bull Elk - South Canyon - Any Legal Weapon,ELK,L.E.,BONUS_POINT,Nonresident,0,0,0,0,N/A,,hunt_total_draw_result,21_bg-odds.pdf,BG_PARENT,355
2021,2022,EB3555,Cwmu Any Bull Elk - Spring Creek/dodge - Any Legal Weapon,ELK,L.E.,BONUS_POINT,Resident,51,1,1,2,1 in 25.5,3.92156863,hunt_total_draw_result,21_bg-odds.pdf,BG_PARENT,356
2021,2022,EB3555,Cwmu Any Bull Elk - Spring Creek/dodge - Any Legal Weapon,ELK,L.E.,BONUS_POINT,Nonresident,0,0,0,0,N/A,,hunt_total_draw_result,21_bg-odds.pdf,BG_PARENT,356
2021,2022,EB3557,Cwmu Any Bull Elk - Strawberry Ridge - Any Legal Weapon,ELK,L.E.,BONUS_POINT,Resident,65,1,1,2,1 in 32.5,3.07692308,hunt_total_draw_result,21_bg-odds.pdf,BG_PARENT,357
2021,2022,EB3557,Cwmu Any Bull Elk - Strawberry Ridge - Any Legal Weapon,ELK,L.E.,BONUS_POINT,Nonresident,0,0,0,0,N/A,,hunt_total_draw_result,21_bg-odds.pdf,BG_PARENT,357
2021,2022,EB3559,Cwmu Any Bull Elk - Three C - Any Legal Weapon,ELK,L.E.,BONUS_POINT,Resident,85,1,1,2,1 in 42.5,2.35294118,hunt_total_draw_result,21_bg-odds.pdf,BG_PARENT,358
2021,2022,EB3559,Cwmu Any Bull Elk - Three C - Any Legal Weapon,ELK,L.E.,BONUS_POINT,Nonresident,0,0,0,0,N/A,,hunt_total_draw_result,21_bg-odds.pdf,BG_PARENT,358
2021,2022,EB3561,Cwmu Any Bull Elk - Two Bear - Any Legal Weapon,BLACK_BEAR,L.E.,BONUS_POINT,Resident,107,2,2,4,1 in 26.8,3.73134328,hunt_total_draw_result,21_bg-odds.pdf,BG_PARENT,359
2021,2022,EB3561,Cwmu Any Bull Elk - Two Bear - Any Legal Weapon,BLACK_BEAR,L.E.,BONUS_POINT,Nonresident,0,0,0,0,N/A,,hunt_total_draw_result,21_bg-odds.pdf,BG_PARENT,359
2021,2022,EB3562,Cwmu Any Bull Elk - Wallsburg - Any Legal Weapon,ELK,L.E.,BONUS_POINT,Resident,16,1,1,2,1 in 8.0,12.5,hunt_total_draw_result,21_bg-odds.pdf,BG_PARENT,360
2021,2022,EB3562,Cwmu Any Bull Elk - Wallsburg - Any Legal Weapon,ELK,L.E.,BONUS_POINT,Nonresident,0,0,0,0,N/A,,hunt_total_draw_result,21_bg-odds.pdf,BG_PARENT,360
2021,2022,EB3563,Cwmu Any Bull Elk - Weber Florence Creek - Any Legal Weapon,ELK,L.E.,BONUS_POINT,Resident,78,4,4,8,1 in 9.8,10.20408163,hunt_total_draw_result,21_bg-odds.pdf,BG_PARENT,361
2021,2022,EB3563,Cwmu Any Bull Elk - Weber Florence Creek - Any Legal Weapon,ELK,L.E.,BONUS_POINT,Nonresident,0,0,0,0,N/A,,hunt_total_draw_result,21_bg-odds.pdf,BG_PARENT,361
2021,2022,EB3565,Cwmu Any Bull Elk - North Peaks - Any Legal Weapon,ELK,L.E.,BONUS_POINT,Resident,17,0,1,1,1 in 17.0,5.88235294,hunt_total_draw_result,21_bg-odds.pdf,BG_PARENT,362
2021,2022,EB3565,Cwmu Any Bull Elk - North Peaks - Any Legal Weapon,ELK,L.E.,BONUS_POINT,Nonresident,0,0,0,0,N/A,,hunt_total_draw_result,21_bg-odds.pdf,BG_PARENT,362
2021,2022,EB3603,Cwmu Any Bull Elk - Pahvant Ensign - Any Legal Weapon,ELK,L.E.,BONUS_POINT,Resident,46,0,1,1,1 in 46.0,2.17391304,hunt_total_draw_result,21_bg-odds.pdf,BG_PARENT,363
2021,2022,EB3603,Cwmu Any Bull Elk - Pahvant Ensign - Any Legal Weapon,ELK,L.E.,BONUS_POINT,Nonresident,0,0,0,0,N/A,,hunt_total_draw_result,21_bg-odds.pdf,BG_PARENT,363
2021,2022,EB3604,Cwmu Any Bull Elk - Double R Ranch - Any Legal Weapon,ELK,L.E.,BONUS_POINT,Resident,23,0,1,1,1 in 23.0,4.34782609,hunt_total_draw_result,21_bg-odds.pdf,BG_PARENT,364
2021,2022,EB3604,Cwmu Any Bull Elk - Double R Ranch - Any Legal Weapon,ELK,L.E.,BONUS_POINT,Nonresident,0,0,0,0,N/A,,hunt_total_draw_result,21_bg-odds.pdf,BG_PARENT,364
2021,2022,EB3606,Cwmu Any Bull Elk -Mountain Sk y Ranch - Any Legal Weapon,ELK,L.E.,BONUS_POINT,Resident,31,0,1,1,1 in 31.0,3.22580645,hunt_total_draw_result,21_bg-odds.pdf,BG_PARENT,365
2021,2022,EB3606,Cwmu Any Bull Elk -Mountain Sk y Ranch - Any Legal Weapon,ELK,L.E.,BONUS_POINT,Nonresident,0,0,0,0,N/A,,hunt_total_draw_result,21_bg-odds.pdf,BG_PARENT,365
2021,2022,EB3607,Cwmu Any Bull Elk - West Willow Creek Ranch - Any Legal Weapon,ELK,L.E.,BONUS_POINT,Resident,15,0,1,1,1 in 15.0,6.66666667,hunt_total_draw_result,21_bg-odds.pdf,BG_PARENT,366
2021,2022,EB3607,Cwmu Any Bull Elk - West Willow Creek Ranch - Any Legal Weapon,ELK,L.E.,BONUS_POINT,Nonresident,0,0,0,0,N/A,,hunt_total_draw_result,21_bg-odds.pdf,BG_PARENT,366
2021,2022,EB3608,Cwmu Any Bull Elk - Avintaquin Canyon - Any Legal Weapon,ELK,L.E.,BONUS_POINT,Resident,18,0,1,1,1 in 18.0,5.55555556,hunt_total_draw_result,21_bg-odds.pdf,BG_PARENT,367
2021,2022,EB3608,Cwmu Any Bull Elk - Avintaquin Canyon - Any Legal Weapon,ELK,L.E.,BONUS_POINT,Nonresident,0,0,0,0,N/A,,hunt_total_draw_result,21_bg-odds.pdf,BG_PARENT,367
2021,2022,EB3609,Cwmu Any Bull Elk - Royal Ivory Outfitters - Any Legal Weapon,ELK,L.E.,BONUS_POINT,Resident,22,2,1,3,1 in 7.3,13.69863014,hunt_total_draw_result,21_bg-odds.pdf,BG_PARENT,368
2021,2022,EB3609,Cwmu Any Bull Elk - Royal Ivory Outfitters - Any Legal Weapon,ELK,L.E.,BONUS_POINT,Nonresident,0,0,0,0,N/A,,hunt_total_draw_result,21_bg-odds.pdf,BG_PARENT,368
2021,2022,EB3610,Cwmu Any Bull Elk - Sharp Mountain - Any Legal Weapon,ELK,L.E.,BONUS_POINT,Resident,17,1,1,2,1 in 8.5,11.76470588,hunt_total_draw_result,21_bg-odds.pdf,BG_PARENT,369
2021,2022,EB3610,Cwmu Any Bull Elk - Sharp Mountain - Any Legal Weapon,ELK,L.E.,BONUS_POINT,Nonresident,0,0,0,0,N/A,,hunt_total_draw_result,21_bg-odds.pdf,BG_PARENT,369
2021,2022,PB5000,Limited-entry Archery Buck Pronghorn - Beaver - Archery,PRONGHORN,L.E.,BONUS_POINT,Resident,29,4,3,7,1 in 4.1,24.3902439,hunt_total_draw_result,21_bg-odds.pdf,BG_PARENT,372
2021,2022,PB5000,Limited-entry Archery Buck Pronghorn - Beaver - Archery,PRONGHORN,L.E.,BONUS_POINT,Nonresident,0,0,0,0,N/A,,hunt_total_draw_result,21_bg-odds.pdf,BG_PARENT,372
2021,2022,PB5001,"Limited-entry Archery Buck Pronghorn - Book Cliffs, Bitter Creek - Archery",PRONGHORN,L.E.,BONUS_POINT,Resident,13,3,3,6,1 in 2.2,45.45454545,hunt_total_draw_result,21_bg-odds.pdf,BG_PARENT,373
2021,2022,PB5001,"Limited-entry Archery Buck Pronghorn - Book Cliffs, Bitter Creek - Archery",PRONGHORN,L.E.,BONUS_POINT,Nonresident,13,0,1,1,1 in 13.0,7.69230769,hunt_total_draw_result,21_bg-odds.pdf,BG_PARENT,373
2021,2022,PB5002,"Limited-entry Archery Buck Pronghorn - Book Cliffs, South - Archery",PRONGHORN,L.E.,BONUS_POINT,Resident,15,3,2,5,1 in 3.0,33.33333333,hunt_total_draw_result,21_bg-odds.pdf,BG_PARENT,374
2021,2022,PB5002,"Limited-entry Archery Buck Pronghorn - Book Cliffs, South - Archery",PRONGHORN,L.E.,BONUS_POINT,Nonresident,47,0,1,1,1 in 47.0,2.12765957,hunt_total_draw_result,21_bg-odds.pdf,BG_PARENT,374
2021,2022,PB5003,"Limited-entry Archery Buck Pronghorn - Box Elder, Promontory - Archery",PRONGHORN,L.E.,BONUS_POINT,Resident,2,0,2,2,1 in 1.0,100,hunt_total_draw_result,21_bg-odds.pdf,BG_PARENT,375
2021,2022,PB5003,"Limited-entry Archery Buck Pronghorn - Box Elder, Promontory - Archery",PRONGHORN,L.E.,BONUS_POINT,Nonresident,0,0,0,0,N/A,,hunt_total_draw_result,21_bg-odds.pdf,BG_PARENT,375
2021,2022,PB5004,"Limited-entry Archery Buck Pronghorn - Box Elder, Puddle Valley - Archery",PRONGHORN,L.E.,BONUS_POINT,Resident,20,2,2,4,1 in 5.0,20,hunt_total_draw_result,21_bg-odds.pdf,BG_PARENT,376
2021,2022,PB5004,"Limited-entry Archery Buck Pronghorn - Box Elder, Puddle Valley - Archery",PRONGHORN,L.E.,BONUS_POINT,Nonresident,8,0,1,1,1 in 8.0,12.5,hunt_total_draw_result,21_bg-odds.pdf,BG_PARENT,376
2021,2022,PB5005,"Limited-entry Archery Buck Pronghorn - Box Elder, Snowville - Archery",PRONGHORN,L.E.,BONUS_POINT,Resident,12,3,4,7,1 in 1.7,58.82352941,hunt_total_draw_result,21_bg-odds.pdf,BG_PARENT,377
2021,2022,PB5005,"Limited-entry Archery Buck Pronghorn - Box Elder, Snowville - Archery",PRONGHORN,L.E.,BONUS_POINT,Nonresident,9,0,1,1,1 in 9.0,11.11111111,hunt_total_draw_result,21_bg-odds.pdf,BG_PARENT,377
2021,2022,PB5006,"Limited-entry Archery Buck Pronghorn - Box Elder, West - Archery",PRONGHORN,L.E.,BONUS_POINT,Resident,9,4,3,7,1 in 1.3,76.92307692,hunt_total_draw_result,21_bg-odds.pdf,BG_PARENT,378
2021,2022,PB5006,"Limited-entry Archery Buck Pronghorn - Box Elder, West - Archery",PRONGHORN,L.E.,BONUS_POINT,Nonresident,0,0,0,0,N/A,,hunt_total_draw_result,21_bg-odds.pdf,BG_PARENT,378
2021,2022,PB5007,Limited-entry Archery Buck Pronghorn - Cache/morgan-south Rich/ogden - Archery,PRONGHORN,L.E.,BONUS_POINT,Resident,21,5,4,9,1 in 2.3,43.47826087,hunt_total_draw_result,21_bg-odds.pdf,BG_PARENT,379
2021,2022,PB5007,Limited-entry Archery Buck Pronghorn - Cache/morgan-south Rich/ogden - Archery,PRONGHORN,L.E.,BONUS_POINT,Nonresident,7,0,1,1,1 in 7.0,14.28571429,hunt_total_draw_result,21_bg-odds.pdf,BG_PARENT,379
2021,2022,PB5008,"Limited-entry Archery Buck Pronghorn - Fillmore, Oak Creek South - Archery",PRONGHORN,L.E.,BONUS_POINT,Resident,30,4,4,8,1 in 3.8,26.31578947,hunt_total_draw_result,21_bg-odds.pdf,BG_PARENT,380
2021,2022,PB5008,"Limited-entry Archery Buck Pronghorn - Fillmore, Oak Creek South - Archery",PRONGHORN,L.E.,BONUS_POINT,Nonresident,25,0,1,1,1 in 25.0,4,hunt_total_draw_result,21_bg-odds.pdf,BG_PARENT,380
2021,2022,PB5009,"Limited-entry Archery Buck Pronghorn - La Sal, Potash/south Cisco - Archery",PRONGHORN,L.E.,BONUS_POINT,Resident,13,2,2,4,1 in 3.3,30.3030303,hunt_total_draw_result,21_bg-odds.pdf,BG_PARENT,381
2021,2022,PB5009,"Limited-entry Archery Buck Pronghorn - La Sal, Potash/south Cisco - Archery",PRONGHORN,L.E.,BONUS_POINT,Nonresident,23,0,0,0,N/A,,hunt_total_draw_result,21_bg-odds.pdf,BG_PARENT,381
2021,2022,PB5011,"Limited-entry Archery Buck Pronghorn - Nine Mile, Anthro-myton Bench - Archery",PRONGHORN,L.E.,BONUS_POINT,Resident,54,8,8,16,1 in 3.4,29.41176471,hunt_total_draw_result,21_bg-odds.pdf,BG_PARENT,382
2021,2022,PB5011,"Limited-entry Archery Buck Pronghorn - Nine Mile, Anthro-myton Bench - Archery",PRONGHORN,L.E.,BONUS_POINT,Nonresident,39,1,1,2,1 in 19.5,5.12820513,hunt_total_draw_result,21_bg-odds.pdf,BG_PARENT,382
2021,2022,PB5012,"Limited-entry Archery Buck Pronghorn - North Slope, Three Corners/west Daggett - Archery",PRONGHORN,L.E.,BONUS_POINT,Resident,27,4,3,7,1 in 3.9,25.64102564,hunt_total_draw_result,21_bg-odds.pdf,BG_PARENT,383
2021,2022,PB5012,"Limited-entry Archery Buck Pronghorn - North Slope, Three Corners/west Daggett - Archery",PRONGHORN,L.E.,BONUS_POINT,Nonresident,14,0,1,1,1 in 14.0,7.14285714,hunt_total_draw_result,21_bg-odds.pdf,BG_PARENT,383
2021,2022,PB5013,Limited-entry Archery Buck Pronghorn - Pine Valley - Archery,PRONGHORN,L.E.,BONUS_POINT,Resident,14,4,4,8,1 in 1.8,55.55555556,hunt_total_draw_result,21_bg-odds.pdf,BG_PARENT,384
2021,2022,PB5013,Limited-entry Archery Buck Pronghorn - Pine Valley - Archery,PRONGHORN,L.E.,BONUS_POINT,Nonresident,17,0,1,1,1 in 17.0,5.88235294,hunt_total_draw_result,21_bg-odds.pdf,BG_PARENT,384
2021,2022,PB5015,"Limited-entry Archery Buck Pronghorn - San Rafael, North - Archery",PRONGHORN,L.E.,BONUS_POINT,Resident,47,11,10,21,1 in 2.2,45.45454545,hunt_total_draw_result,21_bg-odds.pdf,BG_PARENT,385
2021,2022,PB5015,"Limited-entry Archery Buck Pronghorn - San Rafael, North - Archery",PRONGHORN,L.E.,BONUS_POINT,Nonresident,93,1,1,2,1 in 46.5,2.15053763,hunt_total_draw_result,21_bg-odds.pdf,BG_PARENT,385
2021,2022,PB5016,"Limited-entry Archery Buck Pronghorn - South Slope, Bonanza/diamond Mtn - Archery",PRONGHORN,L.E.,BONUS_POINT,Resident,19,6,5,11,1 in 1.7,58.82352941,hunt_total_draw_result,21_bg-odds.pdf,BG_PARENT,386
2021,2022,PB5016,"Limited-entry Archery Buck Pronghorn - South Slope, Bonanza/diamond Mtn - Archery",PRONGHORN,L.E.,BONUS_POINT,Nonresident,16,0,1,1,1 in 16.0,6.25,hunt_total_draw_result,21_bg-odds.pdf,BG_PARENT,386
2021,2022,PB5017,"Limited-entry Archery Buck Pronghorn - South Slope, Vernal - Archery",PRONGHORN,L.E.,BONUS_POINT,Resident,13,5,5,10,1 in 1.3,76.92307692,hunt_total_draw_result,21_bg-odds.pdf,BG_PARENT,387
2021,2022,PB5017,"Limited-entry Archery Buck Pronghorn - South Slope, Vernal - Archery",PRONGHORN,L.E.,BONUS_POINT,Nonresident,9,0,1,1,1 in 9.0,11.11111111,hunt_total_draw_result,21_bg-odds.pdf,BG_PARENT,387
2021,2022,PB5018,Limited-entry Archery Buck Pronghorn - Southwest Desert - Archery,PRONGHORN,L.E.,BONUS_POINT,Resident,43,14,14,28,1 in 1.5,66.66666667,hunt_total_draw_result,21_bg-odds.pdf,BG_PARENT,388
2021,2022,PB5018,Limited-entry Archery Buck Pronghorn - Southwest Desert - Archery,PRONGHORN,L.E.,BONUS_POINT,Nonresident,86,2,1,3,1 in 28.7,3.48432056,hunt_total_draw_result,21_bg-odds.pdf,BG_PARENT,388
2021,2022,PB5019,"Limited-entry Archery Buck Pronghorn - West Desert, Riverbed - Archery",PRONGHORN,L.E.,BONUS_POINT,Resident,39,4,4,8,1 in 4.9,20.40816327,hunt_total_draw_result,21_bg-odds.pdf,BG_PARENT,389
2021,2022,PB5019,"Limited-entry Archery Buck Pronghorn - West Desert, Riverbed - Archery",PRONGHORN,L.E.,BONUS_POINT,Nonresident,21,0,1,1,1 in 21.0,4.76190476,hunt_total_draw_result,21_bg-odds.pdf,BG_PARENT,389
2021,2022,PB5020,"Limited-entry Archery Buck Pronghorn - West Desert, Rush Valley - Archery",PRONGHORN,L.E.,BONUS_POINT,Resident,21,3,2,5,1 in 4.2,23.80952381,hunt_total_draw_result,21_bg-odds.pdf,BG_PARENT,390
2021,2022,PB5020,"Limited-entry Archery Buck Pronghorn - West Desert, Rush Valley - Archery",PRONGHORN,L.E.,BONUS_POINT,Nonresident,5,0,1,1,1 in 5.0,20,hunt_total_draw_result,21_bg-odds.pdf,BG_PARENT,390
2021,2022,PB5021,"Limited-entry Archery Buck Pronghorn - West Desert, Snake Valley - Archery",PRONGHORN,L.E.,BONUS_POINT,Resident,26,5,5,10,1 in 2.6,38.46153846,hunt_total_draw_result,21_bg-odds.pdf,BG_PARENT,391
2021,2022,PB5021,"Limited-entry Archery Buck Pronghorn - West Desert, Snake Valley - Archery",PRONGHORN,L.E.,BONUS_POINT,Nonresident,16,0,1,1,1 in 16.0,6.25,hunt_total_draw_result,21_bg-odds.pdf,BG_PARENT,391
2021,2022,PB5022,Limited-entry Muzzle Buck Pronghorn - Cache/morgan-south Rich/ogden - Muzzleloader,PRONGHORN,L.E.,BONUS_POINT,Resident,32,5,5,10,1 in 3.2,31.25,hunt_total_draw_result,21_bg-odds.pdf,BG_PARENT,392
2021,2022,PB5022,Limited-entry Muzzle Buck Pronghorn - Cache/morgan-south Rich/ogden - Muzzleloader,PRONGHORN,L.E.,BONUS_POINT,Nonresident,22,0,1,1,1 in 22.0,4.54545455,hunt_total_draw_result,21_bg-odds.pdf,BG_PARENT,392
2021,2022,PB5024,Limited-entry Muzzle Buck Pronghorn - Southwest Desert - Muzzleloader,PRONGHORN,L.E.,BONUS_POINT,Resident,80,14,14,28,1 in 2.9,34.48275862,hunt_total_draw_result,21_bg-odds.pdf,BG_PARENT,393
2021,2022,PB5024,Limited-entry Muzzle Buck Pronghorn - Southwest Desert - Muzzleloader,PRONGHORN,L.E.,BONUS_POINT,Nonresident,65,2,1,3,1 in 21.7,4.60829493,hunt_total_draw_result,21_bg-odds.pdf,BG_PARENT,393
2021,2022,PB5025,Limited-entry Alw (rifle) Buck Pronghorn - Beaver - Any Legal Weapon,PRONGHORN,L.E.,BONUS_POINT,Resident,257,13,12,25,1 in 10.3,9.70873786,hunt_total_draw_result,21_bg-odds.pdf,BG_PARENT,394
2021,2022,PB5025,Limited-entry Alw (rifle) Buck Pronghorn - Beaver - Any Legal Weapon,PRONGHORN,L.E.,BONUS_POINT,Nonresident,297,2,1,3,1 in 99.0,1.01010101,hunt_total_draw_result,21_bg-odds.pdf,BG_PARENT,394
2021,2022,PB5026,"Limited-entry Alw (rifle) Buck Pronghorn - Book Cliffs, Bitter Creek - Any Legal Weapon",PRONGHORN,L.E.,BONUS_POINT,Resident,87,12,12,24,1 in 3.6,27.77777778,hunt_total_draw_result,21_bg-odds.pdf,BG_PARENT,395
2021,2022,PB5026,"Limited-entry Alw (rifle) Buck Pronghorn - Book Cliffs, Bitter Creek - Any Legal Weapon",PRONGHORN,L.E.,BONUS_POINT,Nonresident,101,2,1,3,1 in 33.7,2.96735905,hunt_total_draw_result,21_bg-odds.pdf,BG_PARENT,395
2021,2022,PB5027,"Limited-entry Alw (rifle) Buck Pronghorn - Book Cliffs, South - Any Legal Weapon",PRONGHORN,L.E.,BONUS_POINT,Resident,161,10,10,20,1 in 8.1,12.34567901,hunt_total_draw_result,21_bg-odds.pdf,BG_PARENT,396
2021,2022,PB5027,"Limited-entry Alw (rifle) Buck Pronghorn - Book Cliffs, South - Any Legal Weapon",PRONGHORN,L.E.,BONUS_POINT,Nonresident,543,1,1,2,1 in 271.5,0.36832413,hunt_total_draw_result,21_bg-odds.pdf,BG_PARENT,396
2021,2022,PB5028,"Limited-entry Alw (rifle) Buck Pronghorn - Box Elder, Promontory - Any Legal Weapon",PRONGHORN,L.E.,BONUS_POINT,Resident,83,6,6,12,1 in 6.9,14.49275362,hunt_total_draw_result,21_bg-odds.pdf,BG_PARENT,397
2021,2022,PB5028,"Limited-entry Alw (rifle) Buck Pronghorn - Box Elder, Promontory - Any Legal Weapon",PRONGHORN,L.E.,BONUS_POINT,Nonresident,32,0,1,1,1 in 32.0,3.125,hunt_total_draw_result,21_bg-odds.pdf,BG_PARENT,397
2021,2022,PB5029,"Limited-entry Alw (rifle) Buck Pronghorn - Box Elder, Puddle Valley - Any Legal Weapon",PRONGHORN,L.E.,BONUS_POINT,Resident,171,10,10,20,1 in 8.6,11.62790698,hunt_total_draw_result,21_bg-odds.pdf,BG_PARENT,398
2021,2022,PB5029,"Limited-entry Alw (rifle) Buck Pronghorn - Box Elder, Puddle Valley - Any Legal Weapon",PRONGHORN,L.E.,BONUS_POINT,Nonresident,90,1,1,2,1 in 45.0,2.22222222,hunt_total_draw_result,21_bg-odds.pdf,BG_PARENT,398
2021,2022,PB5030,"Limited-entry Alw (rifle) Buck Pronghorn - Box Elder, Snowville - Any Legal Weapon",PRONGHORN,L.E.,BONUS_POINT,Resident,217,14,13,27,1 in 8.0,12.5,hunt_total_draw_result,21_bg-odds.pdf,BG_PARENT,399
2021,2022,PB5030,"Limited-entry Alw (rifle) Buck Pronghorn - Box Elder, Snowville - Any Legal Weapon",PRONGHORN,L.E.,BONUS_POINT,Nonresident,91,2,1,3,1 in 30.3,3.30033003,hunt_total_draw_result,21_bg-odds.pdf,BG_PARENT,399
2021,2022,PB5031,"Limited-entry Alw (rifle) Buck Pronghorn - Box Elder, West - Any Legal Weapon",PRONGHORN,L.E.,BONUS_POINT,Resident,164,14,13,27,1 in 6.1,16.39344262,hunt_total_draw_result,21_bg-odds.pdf,BG_PARENT,400
2021,2022,PB5031,"Limited-entry Alw (rifle) Buck Pronghorn - Box Elder, West - Any Legal Weapon",PRONGHORN,L.E.,BONUS_POINT,Nonresident,131,2,1,3,1 in 43.7,2.28832952,hunt_total_draw_result,21_bg-odds.pdf,BG_PARENT,400
2021,2022,PB5032,Limited-entry Alw (rifle) Buck Pronghorn - Cache/morgan-south Rich/ogden - Any Legal Weapon,PRONGHORN,L.E.,BONUS_POINT,Resident,485,13,13,26,1 in 18.7,5.34759358,hunt_total_draw_result,21_bg-odds.pdf,BG_PARENT,401
2021,2022,PB5032,Limited-entry Alw (rifle) Buck Pronghorn - Cache/morgan-south Rich/ogden - Any Legal Weapon,PRONGHORN,L.E.,BONUS_POINT,Nonresident,91,2,1,3,1 in 30.3,3.30033003,hunt_total_draw_result,21_bg-odds.pdf,BG_PARENT,401
2021,2022,PB5033,"Limited-entry Alw (rifle) Buck Pronghorn - Fillmore, Oak Creek South - Any Legal Weapon",PRONGHORN,L.E.,BONUS_POINT,Resident,313,10,10,20,1 in 15.7,6.36942675,hunt_total_draw_result,21_bg-odds.pdf,BG_PARENT,402
2021,2022,PB5033,"Limited-entry Alw (rifle) Buck Pronghorn - Fillmore, Oak Creek South - Any Legal Weapon",PRONGHORN,L.E.,BONUS_POINT,Nonresident,194,2,1,3,1 in 64.7,1.54559505,hunt_total_draw_result,21_bg-odds.pdf,BG_PARENT,402
2021,2022,PB5034,Limited-entry Alw (rifle) Buck Pronghorn - Kaiparowits - Any Legal Weapon,PRONGHORN,L.E.,BONUS_POINT,Resident,45,1,1,2,1 in 22.5,4.44444444,hunt_total_draw_result,21_bg-odds.pdf,BG_PARENT,403
2021,2022,PB5034,Limited-entry Alw (rifle) Buck Pronghorn - Kaiparowits - Any Legal Weapon,PRONGHORN,L.E.,BONUS_POINT,Nonresident,0,0,0,0,N/A,,hunt_total_draw_result,21_bg-odds.pdf,BG_PARENT,403
2021,2022,PB5035,"Limited-entry Alw (rifle) Buck Pronghorn - La Sal, Potash/south Cisco - Any Legal Weapon",PRONGHORN,L.E.,BONUS_POINT,Resident,94,7,7,14,1 in 6.7,14.92537313,hunt_total_draw_result,21_bg-odds.pdf,BG_PARENT,404
2021,2022,PB5035,"Limited-entry Alw (rifle) Buck Pronghorn - La Sal, Potash/south Cisco - Any Legal Weapon",PRONGHORN,L.E.,BONUS_POINT,Nonresident,126,1,1,2,1 in 63.0,1.58730159,hunt_total_draw_result,21_bg-odds.pdf,BG_PARENT,404
2021,2022,PB5037,"Limited-entry Alw (rifle) Buck Pronghorn - Nine Mile, Anthro-myton Bench - Any Legal Weapon",PRONGHORN,L.E.,BONUS_POINT,Resident,310,24,24,48,1 in 6.5,15.38461538,hunt_total_draw_result,21_bg-odds.pdf,BG_PARENT,405
2021,2022,PB5037,"Limited-entry Alw (rifle) Buck Pronghorn - Nine Mile, Anthro-myton Bench - Any Legal Weapon",PRONGHORN,L.E.,BONUS_POINT,Nonresident,215,3,2,5,1 in 43.0,2.3255814,hunt_total_draw_result,21_bg-odds.pdf,BG_PARENT,405
2021,2022,PB5038,"Limited-entry Alw (rifle) Buck Pronghorn - Nine Mile, Range Creek - Any Legal Weapon",PRONGHORN,L.E.,BONUS_POINT,Resident,74,5,4,9,1 in 8.2,12.19512195,hunt_total_draw_result,21_bg-odds.pdf,BG_PARENT,406
2021,2022,PB5038,"Limited-entry Alw (rifle) Buck Pronghorn - Nine Mile, Range Creek - Any Legal Weapon",PRONGHORN,L.E.,BONUS_POINT,Nonresident,68,0,1,1,1 in 68.0,1.47058824,hunt_total_draw_result,21_bg-odds.pdf,BG_PARENT,406
2021,2022,PB5039,"Limited-entry Alw (rifle) Buck Pronghorn - North Slope, Summit - Any Legal Weapon",PRONGHORN,L.E.,BONUS_POINT,Resident,93,5,4,9,1 in 10.3,9.70873786,hunt_total_draw_result,21_bg-odds.pdf,BG_PARENT,407
2021,2022,PB5039,"Limited-entry Alw (rifle) Buck Pronghorn - North Slope, Summit - Any Legal Weapon",PRONGHORN,L.E.,BONUS_POINT,Nonresident,40,0,1,1,1 in 40.0,2.5,hunt_total_draw_result,21_bg-odds.pdf,BG_PARENT,407
2021,2022,PB5040,"Limited-entry Alw (rifle) Buck Pronghorn - North Slope, Three Corners/west Daggett - Any Legal Weapon",PRONGHORN,L.E.,BONUS_POINT,Resident,230,11,11,22,1 in 10.5,9.52380952,hunt_total_draw_result,21_bg-odds.pdf,BG_PARENT,408
2021,2022,PB5040,"Limited-entry Alw (rifle) Buck Pronghorn - North Slope, Three Corners/west Daggett - Any Legal Weapon",PRONGHORN,L.E.,BONUS_POINT,Nonresident,119,1,1,2,1 in 59.5,1.68067227,hunt_total_draw_result,21_bg-odds.pdf,BG_PARENT,408
2021,2022,PB5041,"Limited-entry Alw (rifle) Buck Pronghorn - Panguitch Lake/zion, North - Any Legal Weapon",PRONGHORN,L.E.,BONUS_POINT,Resident,256,9,9,18,1 in 14.2,7.04225352,hunt_total_draw_result,21_bg-odds.pdf,BG_PARENT,409
2021,2022,PB5041,"Limited-entry Alw (rifle) Buck Pronghorn - Panguitch Lake/zion, North - Any Legal Weapon",PRONGHORN,L.E.,BONUS_POINT,Nonresident,234,1,1,2,1 in 117.0,0.85470085,hunt_total_draw_result,21_bg-odds.pdf,BG_PARENT,409
2021,2022,PB5042,Limited-entry Alw (rifle) Buck Pronghorn - Pine Valley - Any Legal Weapon,PRONGHORN,L.E.,BONUS_POINT,Resident,165,12,12,24,1 in 6.9,14.49275362,hunt_total_draw_result,21_bg-odds.pdf,BG_PARENT,410
2021,2022,PB5042,Limited-entry Alw (rifle) Buck Pronghorn - Pine Valley - Any Legal Weapon,PRONGHORN,L.E.,BONUS_POINT,Nonresident,153,2,1,3,1 in 51.0,1.96078431,hunt_total_draw_result,21_bg-odds.pdf,BG_PARENT,410
2021,2022,PB5044,"Limited-entry Alw (rifle) Buck Pronghorn - San Juan, Hatch Point - Any Legal Weapon",PRONGHORN,L.E.,BONUS_POINT,Resident,39,2,2,4,1 in 9.8,10.20408163,hunt_total_draw_result,21_bg-odds.pdf,BG_PARENT,411
2021,2022,PB5044,"Limited-entry Alw (rifle) Buck Pronghorn - San Juan, Hatch Point - Any Legal Weapon",PRONGHORN,L.E.,BONUS_POINT,Nonresident,0,0,0,0,N/A,,hunt_total_draw_result,21_bg-odds.pdf,BG_PARENT,411
2021,2022,PB5045,"Limited-entry Alw (rifle) Buck Pronghorn - San Rafael, Desert - Any Legal Weapon",PRONGHORN,L.E.,BONUS_POINT,Resident,86,6,5,11,1 in 7.8,12.82051282,hunt_total_draw_result,21_bg-odds.pdf,BG_PARENT,412
2021,2022,PB5045,"Limited-entry Alw (rifle) Buck Pronghorn - San Rafael, Desert - Any Legal Weapon",PRONGHORN,L.E.,BONUS_POINT,Nonresident,96,0,1,1,1 in 96.0,1.04166667,hunt_total_draw_result,21_bg-odds.pdf,BG_PARENT,412
2021,2022,PB5046,"Limited-entry Alw (rifle) Buck Pronghorn - San Rafael, North - Any Legal Weapon",PRONGHORN,L.E.,BONUS_POINT,Resident,574,29,29,58,1 in 9.9,10.1010101,hunt_total_draw_result,21_bg-odds.pdf,BG_PARENT,413
2021,2022,PB5046,"Limited-entry Alw (rifle) Buck Pronghorn - San Rafael, North - Any Legal Weapon",PRONGHORN,L.E.,BONUS_POINT,Nonresident,1063,3,3,6,1 in 177.2,0.56433409,hunt_total_draw_result,21_bg-odds.pdf,BG_PARENT,413
2021,2022,PB5047,"Limited-entry Alw (rifle) Buck Pronghorn - South Slope, Bonanza/diamond Mtn - Any Legal Weapon",PRONGHORN,L.E.,BONUS_POINT,Resident,202,16,16,32,1 in 6.3,15.87301587,hunt_total_draw_result,21_bg-odds.pdf,BG_PARENT,414
2021,2022,PB5047,"Limited-entry Alw (rifle) Buck Pronghorn - South Slope, Bonanza/diamond Mtn - Any Legal Weapon",PRONGHORN,L.E.,BONUS_POINT,Nonresident,96,2,2,4,1 in 24.0,4.16666667,hunt_total_draw_result,21_bg-odds.pdf,BG_PARENT,414
2021,2022,PB5048,"Limited-entry Alw (rifle) Buck Pronghorn - South Slope, Vernal - Any Legal Weapon",PRONGHORN,L.E.,BONUS_POINT,Resident,198,19,19,38,1 in 5.2,19.23076923,hunt_total_draw_result,21_bg-odds.pdf,BG_PARENT,415
2021,2022,PB5048,"Limited-entry Alw (rifle) Buck Pronghorn - South Slope, Vernal - Any Legal Weapon",PRONGHORN,L.E.,BONUS_POINT,Nonresident,71,3,2,5,1 in 14.2,7.04225352,hunt_total_draw_result,21_bg-odds.pdf,BG_PARENT,415
2021,2022,PB5049,Limited-entry Alw (rifle) Buck Pronghorn - Southwest Desert - Any Legal Weapon,PRONGHORN,L.E.,BONUS_POINT,Resident,657,41,40,81,1 in 8.1,12.34567901,hunt_total_draw_result,21_bg-odds.pdf,BG_PARENT,416
2021,2022,PB5049,Limited-entry Alw (rifle) Buck Pronghorn - Southwest Desert - Any Legal Weapon,PRONGHORN,L.E.,BONUS_POINT,Nonresident,763,4,4,8,1 in 95.4,1.04821803,hunt_total_draw_result,21_bg-odds.pdf,BG_PARENT,416
2021,2022,PB5050,"Limited-entry Alw (rifle) Buck Pronghorn - West Desert, Riverbed - Any Legal Weapon",PRONGHORN,L.E.,BONUS_POINT,Resident,694,16,16,32,1 in 21.7,4.60829493,hunt_total_draw_result,21_bg-odds.pdf,BG_PARENT,417
2021,2022,PB5050,"Limited-entry Alw (rifle) Buck Pronghorn - West Desert, Riverbed - Any Legal Weapon",PRONGHORN,L.E.,BONUS_POINT,Nonresident,167,2,2,4,1 in 41.8,2.3923445,hunt_total_draw_result,21_bg-odds.pdf,BG_PARENT,417
2021,2022,PB5051,"Limited-entry Alw (rifle) Buck Pronghorn - West Desert, Rush Valley - Any Legal Weapon",PRONGHORN,L.E.,BONUS_POINT,Resident,406,10,10,20,1 in 20.3,4.92610837,hunt_total_draw_result,21_bg-odds.pdf,BG_PARENT,418
2021,2022,PB5051,"Limited-entry Alw (rifle) Buck Pronghorn - West Desert, Rush Valley - Any Legal Weapon",PRONGHORN,L.E.,BONUS_POINT,Nonresident,100,1,1,2,1 in 50.0,2,hunt_total_draw_result,21_bg-odds.pdf,BG_PARENT,418
2021,2022,PB5052,"Limited-entry Alw (rifle) Buck Pronghorn - West Desert, Snake Valley - Any Legal Weapon",PRONGHORN,L.E.,BONUS_POINT,Resident,277,20,19,39,1 in 7.1,14.08450704,hunt_total_draw_result,21_bg-odds.pdf,BG_PARENT,419
2021,2022,PB5052,"Limited-entry Alw (rifle) Buck Pronghorn - West Desert, Snake Valley - Any Legal Weapon",PRONGHORN,L.E.,BONUS_POINT,Nonresident,172,2,1,3,1 in 57.3,1.7452007,hunt_total_draw_result,21_bg-odds.pdf,BG_PARENT,419
2021,2022,PB5053,"Limited-entry Archery Buck Pronghorn - Nine Mile, Range Creek -Archer y",PRONGHORN,L.E.,BONUS_POINT,Resident,14,1,1,2,1 in 7.0,14.28571429,hunt_total_draw_result,21_bg-odds.pdf,BG_PARENT,420
2021,2022,PB5053,"Limited-entry Archery Buck Pronghorn - Nine Mile, Range Creek -Archer y",PRONGHORN,L.E.,BONUS_POINT,Nonresident,0,0,0,0,N/A,,hunt_total_draw_result,21_bg-odds.pdf,BG_PARENT,420
2021,2022,PB5054,"Limited-entry Archery Buck Pronghorn - Panguitch Lake/zion, North - Archery",PRONGHORN,L.E.,BONUS_POINT,Resident,62,3,3,6,1 in 10.3,9.70873786,hunt_total_draw_result,21_bg-odds.pdf,BG_PARENT,421
2021,2022,PB5054,"Limited-entry Archery Buck Pronghorn - Panguitch Lake/zion, North - Archery",PRONGHORN,L.E.,BONUS_POINT,Nonresident,36,0,1,1,1 in 36.0,2.77777778,hunt_total_draw_result,21_bg-odds.pdf,BG_PARENT,421
2021,2022,PB5055,"Limited-entry Archery Buck Pronghorn - San Rafael, Desert - Archery",PRONGHORN,L.E.,BONUS_POINT,Resident,13,2,1,3,1 in 4.3,23.25581395,hunt_total_draw_result,21_bg-odds.pdf,BG_PARENT,422
2021,2022,PB5055,"Limited-entry Archery Buck Pronghorn - San Rafael, Desert - Archery",PRONGHORN,L.E.,BONUS_POINT,Nonresident,0,0,0,0,N/A,,hunt_total_draw_result,21_bg-odds.pdf,BG_PARENT,422
2021,2022,PB5056,"Limited-entry Muzzle Buck Pronghorn - San Rafael, North - Muzzleloader",PRONGHORN,L.E.,BONUS_POINT,Resident,85,11,10,21,1 in 4.0,25,hunt_total_draw_result,21_bg-odds.pdf,BG_PARENT,423
2021,2022,PB5056,"Limited-entry Muzzle Buck Pronghorn - San Rafael, North - Muzzleloader",PRONGHORN,L.E.,BONUS_POINT,Nonresident,114,1,1,2,1 in 57.0,1.75438596,hunt_total_draw_result,21_bg-odds.pdf,BG_PARENT,423
2021,2022,PB5058,"Limited-entry Archery Buck Pronghorn - San Juan, Hatch Point - Archery",PRONGHORN,L.E.,BONUS_POINT,Resident,3,0,1,1,1 in 3.0,33.33333333,hunt_total_draw_result,21_bg-odds.pdf,BG_PARENT,424
2021,2022,PB5058,"Limited-entry Archery Buck Pronghorn - San Juan, Hatch Point - Archery",PRONGHORN,L.E.,BONUS_POINT,Nonresident,0,0,0,0,N/A,,hunt_total_draw_result,21_bg-odds.pdf,BG_PARENT,424
2021,2022,PB5059,"Limited-entry Muzzle Buck Pronghorn - Nine Mile, Anthro-myton Bench - Muzzleloader",PRONGHORN,L.E.,BONUS_POINT,Resident,47,8,8,16,1 in 2.9,34.48275862,hunt_total_draw_result,21_bg-odds.pdf,BG_PARENT,425
2021,2022,PB5059,"Limited-entry Muzzle Buck Pronghorn - Nine Mile, Anthro-myton Bench - Muzzleloader",PRONGHORN,L.E.,BONUS_POINT,Nonresident,48,1,1,2,1 in 24.0,4.16666667,hunt_total_draw_result,21_bg-odds.pdf,BG_PARENT,425
2021,2022,PB5060,"Limited-entry Muzzle Buck Pronghorn - South Slope, Bonanza/diamond Mtn - Muzzleloader",PRONGHORN,L.E.,BONUS_POINT,Resident,34,6,5,11,1 in 3.1,32.25806452,hunt_total_draw_result,21_bg-odds.pdf,BG_PARENT,426
2021,2022,PB5060,"Limited-entry Muzzle Buck Pronghorn - South Slope, Bonanza/diamond Mtn - Muzzleloader",PRONGHORN,L.E.,BONUS_POINT,Nonresident,24,0,1,1,1 in 24.0,4.16666667,hunt_total_draw_result,21_bg-odds.pdf,BG_PARENT,426
2021,2022,PB5061,"Limited-entry Muzzle Buck Pronghorn - Panguitch Lake/zion, North - Muzzleloader",PRONGHORN,L.E.,BONUS_POINT,Resident,23,4,3,7,1 in 3.3,30.3030303,hunt_total_draw_result,21_bg-odds.pdf,BG_PARENT,427
2021,2022,PB5061,"Limited-entry Muzzle Buck Pronghorn - Panguitch Lake/zion, North - Muzzleloader",PRONGHORN,L.E.,BONUS_POINT,Nonresident,0,0,0,0,N/A,,hunt_total_draw_result,21_bg-odds.pdf,BG_PARENT,427
2021,2022,PB5062,Limited-entry Muzzle Buck Pronghorn - Pine Valley - Muzzleloader,PRONGHORN,L.E.,BONUS_POINT,Resident,41,4,4,8,1 in 5.1,19.60784314,hunt_total_draw_result,21_bg-odds.pdf,BG_PARENT,428
2021,2022,PB5062,Limited-entry Muzzle Buck Pronghorn - Pine Valley - Muzzleloader,PRONGHORN,L.E.,BONUS_POINT,Nonresident,41,0,1,1,1 in 41.0,2.43902439,hunt_total_draw_result,21_bg-odds.pdf,BG_PARENT,428
2021,2022,PB5063,"Limited-entry Alw (rifle) Buck Pronghorn - Plateau, Highlands -An y Legal Weapon",PRONGHORN,L.E.,BONUS_POINT,Resident,311,9,8,17,1 in 18.3,5.46448087,hunt_total_draw_result,21_bg-odds.pdf,BG_PARENT,429
2021,2022,PB5063,"Limited-entry Alw (rifle) Buck Pronghorn - Plateau, Highlands -An y Legal Weapon",PRONGHORN,L.E.,BONUS_POINT,Nonresident,98,1,1,2,1 in 49.0,2.04081633,hunt_total_draw_result,21_bg-odds.pdf,BG_PARENT,429
2021,2022,PB5064,"Limited-entry Archery Buck Pronghorn - Plateau, Highlands - Archery",PRONGHORN,L.E.,BONUS_POINT,Resident,12,3,3,6,1 in 2.0,50,hunt_total_draw_result,21_bg-odds.pdf,BG_PARENT,430
2021,2022,PB5064,"Limited-entry Archery Buck Pronghorn - Plateau, Highlands - Archery",PRONGHORN,L.E.,BONUS_POINT,Nonresident,0,0,0,0,N/A,,hunt_total_draw_result,21_bg-odds.pdf,BG_PARENT,430
2021,2022,PB5065,"Limited-entry Muzzle Buck Pronghorn - Fillmore, Oak Creek South - Muzzleloader",PRONGHORN,L.E.,BONUS_POINT,Resident,33,4,4,8,1 in 4.1,24.3902439,hunt_total_draw_result,21_bg-odds.pdf,BG_PARENT,431
2021,2022,PB5065,"Limited-entry Muzzle Buck Pronghorn - Fillmore, Oak Creek South - Muzzleloader",PRONGHORN,L.E.,BONUS_POINT,Nonresident,19,0,1,1,1 in 19.0,5.26315789,hunt_total_draw_result,21_bg-odds.pdf,BG_PARENT,431
2021,2022,PB5066,"Limited-entry Muzzle Buck Pronghorn - North Slope, Three Corners/west Daggett - Muzzleloader",PRONGHORN,L.E.,BONUS_POINT,Resident,21,4,3,7,1 in 3.0,33.33333333,hunt_total_draw_result,21_bg-odds.pdf,BG_PARENT,432
2021,2022,PB5066,"Limited-entry Muzzle Buck Pronghorn - North Slope, Three Corners/west Daggett - Muzzleloader",PRONGHORN,L.E.,BONUS_POINT,Nonresident,21,0,1,1,1 in 21.0,4.76190476,hunt_total_draw_result,21_bg-odds.pdf,BG_PARENT,432
2021,2022,PB5067,"Limited-entry Muzzle Buck Pronghorn - Plateau, Highlands - Muzzleloader",PRONGHORN,L.E.,BONUS_POINT,Resident,24,3,3,6,1 in 4.0,25,hunt_total_draw_result,21_bg-odds.pdf,BG_PARENT,433
2021,2022,PB5067,"Limited-entry Muzzle Buck Pronghorn - Plateau, Highlands - Muzzleloader",PRONGHORN,L.E.,BONUS_POINT,Nonresident,0,0,0,0,N/A,,hunt_total_draw_result,21_bg-odds.pdf,BG_PARENT,433
2021,2022,PB5300,Cwmu Buck Pronghorn - Antelope Creek - Any Legal Weapon,PRONGHORN,L.E.,BONUS_POINT,Resident,34,2,1,3,1 in 11.3,8.84955752,hunt_total_draw_result,21_bg-odds.pdf,BG_PARENT,434
2021,2022,PB5300,Cwmu Buck Pronghorn - Antelope Creek - Any Legal Weapon,PRONGHORN,L.E.,BONUS_POINT,Nonresident,0,0,0,0,N/A,,hunt_total_draw_result,21_bg-odds.pdf,BG_PARENT,434
2021,2022,PB5302,Cwmu Buck Pronghorn - Deseret - Any Legal Weapon,PRONGHORN,L.E.,BONUS_POINT,Resident,229,8,8,16,1 in 14.3,6.99300699,hunt_total_draw_result,21_bg-odds.pdf,BG_PARENT,435
2021,2022,PB5302,Cwmu Buck Pronghorn - Deseret - Any Legal Weapon,PRONGHORN,L.E.,BONUS_POINT,Nonresident,0,0,0,0,N/A,,hunt_total_draw_result,21_bg-odds.pdf,BG_PARENT,435
2021,2022,PB5303,Cwmu Buck Pronghorn - Ensign Ranches - Any Legal Weapon,PRONGHORN,L.E.,BONUS_POINT,Resident,20,1,1,2,1 in 10.0,10,hunt_total_draw_result,21_bg-odds.pdf,BG_PARENT,436
2021,2022,PB5303,Cwmu Buck Pronghorn - Ensign Ranches - Any Legal Weapon,PRONGHORN,L.E.,BONUS_POINT,Nonresident,0,0,0,0,N/A,,hunt_total_draw_result,21_bg-odds.pdf,BG_PARENT,436
2021,2022,PB5305,Cwmu Buck Pronghorn - Park Valley - Any Legal Weapon,PRONGHORN,L.E.,BONUS_POINT,Resident,5,1,1,2,1 in 2.5,40,hunt_total_draw_result,21_bg-odds.pdf,BG_PARENT,437
2021,2022,PB5305,Cwmu Buck Pronghorn - Park Valley - Any Legal Weapon,PRONGHORN,L.E.,BONUS_POINT,Nonresident,0,0,0,0,N/A,,hunt_total_draw_result,21_bg-odds.pdf,BG_PARENT,437
2021,2022,PB5306,Cwmu Buck Pronghorn - Rabbit Creek - Any Legal Weapon,PRONGHORN,L.E.,BONUS_POINT,Resident,7,0,1,1,1 in 7.0,14.28571429,hunt_total_draw_result,21_bg-odds.pdf,BG_PARENT,438
2021,2022,PB5306,Cwmu Buck Pronghorn - Rabbit Creek - Any Legal Weapon,PRONGHORN,L.E.,BONUS_POINT,Nonresident,0,0,0,0,N/A,,hunt_total_draw_result,21_bg-odds.pdf,BG_PARENT,438
2021,2022,PB5307,Cwmu Buck Pronghorn - Rlf Deep Creek - Any Legal Weapon,PRONGHORN,L.E.,BONUS_POINT,Resident,15,1,1,2,1 in 7.5,13.33333333,hunt_total_draw_result,21_bg-odds.pdf,BG_PARENT,439
2021,2022,PB5307,Cwmu Buck Pronghorn - Rlf Deep Creek - Any Legal Weapon,PRONGHORN,L.E.,BONUS_POINT,Nonresident,0,0,0,0,N/A,,hunt_total_draw_result,21_bg-odds.pdf,BG_PARENT,439
2021,2022,PB5309,Cwmu Buck Pronghorn - Skull Valley South - Any Legal Weapon,PRONGHORN,L.E.,BONUS_POINT,Resident,6,0,1,1,1 in 6.0,16.66666667,hunt_total_draw_result,21_bg-odds.pdf,BG_PARENT,440
2021,2022,PB5309,Cwmu Buck Pronghorn - Skull Valley South - Any Legal Weapon,PRONGHORN,L.E.,BONUS_POINT,Nonresident,0,0,0,0,N/A,,hunt_total_draw_result,21_bg-odds.pdf,BG_PARENT,440
2021,2022,PB5311,Cwmu Buck Pronghorn - The Rose Of Snowville - Any Legal Weapon,PRONGHORN,L.E.,BONUS_POINT,Resident,36,1,1,2,1 in 18.0,5.55555556,hunt_total_draw_result,21_bg-odds.pdf,BG_PARENT,441
2021,2022,PB5311,Cwmu Buck Pronghorn - The Rose Of Snowville - Any Legal Weapon,PRONGHORN,L.E.,BONUS_POINT,Nonresident,0,0,0,0,N/A,,hunt_total_draw_result,21_bg-odds.pdf,BG_PARENT,441
2021,2022,PB5312,Cwmu Buck Pronghorn - Tl Bar Ranch - Any Legal Weapon,PRONGHORN,L.E.,BONUS_POINT,Resident,8,0,1,1,1 in 8.0,12.5,hunt_total_draw_result,21_bg-odds.pdf,BG_PARENT,442
2021,2022,PB5312,Cwmu Buck Pronghorn - Tl Bar Ranch - Any Legal Weapon,PRONGHORN,L.E.,BONUS_POINT,Nonresident,0,0,0,0,N/A,,hunt_total_draw_result,21_bg-odds.pdf,BG_PARENT,442
2021,2022,PB5313,Cwmu Buck Pronghorn - West Willow Creek Ranch - Any Legal Weapon,PRONGHORN,L.E.,BONUS_POINT,Resident,4,0,1,1,1 in 4.0,25,hunt_total_draw_result,21_bg-odds.pdf,BG_PARENT,443
2021,2022,PB5313,Cwmu Buck Pronghorn - West Willow Creek Ranch - Any Legal Weapon,PRONGHORN,L.E.,BONUS_POINT,Nonresident,0,0,0,0,N/A,,hunt_total_draw_result,21_bg-odds.pdf,BG_PARENT,443
2021,2022,PB5314,Cwmu Buck Pronghorn - Westlake - Any Legal Weapon,PRONGHORN,L.E.,BONUS_POINT,Resident,32,2,1,3,1 in 10.7,9.34579439,hunt_total_draw_result,21_bg-odds.pdf,BG_PARENT,444
2021,2022,PB5314,Cwmu Buck Pronghorn - Westlake - Any Legal Weapon,PRONGHORN,L.E.,BONUS_POINT,Nonresident,0,0,0,0,N/A,,hunt_total_draw_result,21_bg-odds.pdf,BG_PARENT,444
2021,2022,PB5315,Cwmu Buck Pronghorn - Zane - Any Legal Weapon,PRONGHORN,L.E.,BONUS_POINT,Resident,6,1,1,2,1 in 3.0,33.33333333,hunt_total_draw_result,21_bg-odds.pdf,BG_PARENT,445
2021,2022,PB5315,Cwmu Buck Pronghorn - Zane - Any Legal Weapon,PRONGHORN,L.E.,BONUS_POINT,Nonresident,0,0,0,0,N/A,,hunt_total_draw_result,21_bg-odds.pdf,BG_PARENT,445
2021,2022,PB5325,Cwmu Buck Pronghorn - Allen Ranch - Any Legal Weapon,PRONGHORN,L.E.,BONUS_POINT,Resident,12,0,1,1,1 in 12.0,8.33333333,hunt_total_draw_result,21_bg-odds.pdf,BG_PARENT,446
2021,2022,PB5325,Cwmu Buck Pronghorn - Allen Ranch - Any Legal Weapon,PRONGHORN,L.E.,BONUS_POINT,Nonresident,0,0,0,0,N/A,,hunt_total_draw_result,21_bg-odds.pdf,BG_PARENT,446
2021,2022,PB5326,Cwmu Buck Pronghorn - Cedar Springs - Any Legal Weapon,PRONGHORN,L.E.,BONUS_POINT,Resident,9,0,1,1,1 in 9.0,11.11111111,hunt_total_draw_result,21_bg-odds.pdf,BG_PARENT,447
2021,2022,PB5326,Cwmu Buck Pronghorn - Cedar Springs - Any Legal Weapon,PRONGHORN,L.E.,BONUS_POINT,Nonresident,0,0,0,0,N/A,,hunt_total_draw_result,21_bg-odds.pdf,BG_PARENT,447
2021,2022,PB5327,Cwmu Buck Pronghorn - Cottonwood Ridge - Any Legal Weapon,PRONGHORN,L.E.,BONUS_POINT,Resident,21,2,2,4,1 in 5.3,18.86792453,hunt_total_draw_result,21_bg-odds.pdf,BG_PARENT,448
2021,2022,PB5327,Cwmu Buck Pronghorn - Cottonwood Ridge - Any Legal Weapon,PRONGHORN,L.E.,BONUS_POINT,Nonresident,0,0,0,0,N/A,,hunt_total_draw_result,21_bg-odds.pdf,BG_PARENT,448
2021,2022,PB5328,Cwmu Buck Pronghorn - Pahvant Ensign - Any Legal Weapon,PRONGHORN,L.E.,BONUS_POINT,Resident,19,2,1,3,1 in 6.3,15.87301587,hunt_total_draw_result,21_bg-odds.pdf,BG_PARENT,449
2021,2022,PB5328,Cwmu Buck Pronghorn - Pahvant Ensign - Any Legal Weapon,PRONGHORN,L.E.,BONUS_POINT,Nonresident,0,0,0,0,N/A,,hunt_total_draw_result,21_bg-odds.pdf,BG_PARENT,449
2021,2022,PB5329,Cwmu Buck Pronghorn - Snowville Flat - Any Legal Weapon,PRONGHORN,L.E.,BONUS_POINT,Resident,25,1,1,2,1 in 12.5,8,hunt_total_draw_result,21_bg-odds.pdf,BG_PARENT,450
2021,2022,PB5329,Cwmu Buck Pronghorn - Snowville Flat - Any Legal Weapon,PRONGHORN,L.E.,BONUS_POINT,Nonresident,0,0,0,0,N/A,,hunt_total_draw_result,21_bg-odds.pdf,BG_PARENT,450
2021,2022,PB5330,Cwmu Buck Pronghorn - George Creek - Any Legal Weapon,PRONGHORN,L.E.,BONUS_POINT,Resident,4,0,1,1,1 in 4.0,25,hunt_total_draw_result,21_bg-odds.pdf,BG_PARENT,451
2021,2022,PB5330,Cwmu Buck Pronghorn - George Creek - Any Legal Weapon,PRONGHORN,L.E.,BONUS_POINT,Nonresident,0,0,0,0,N/A,,hunt_total_draw_result,21_bg-odds.pdf,BG_PARENT,451
2021,2022,PB5331,Limited-entry Alw (rifle) Buck Pronghorn - Mt Dutton/paunsaugunt - Any Legal Weapon,PRONGHORN,L.E.,BONUS_POINT,Resident,316,14,14,28,1 in 11.3,8.84955752,hunt_total_draw_result,21_bg-odds.pdf,BG_PARENT,452
2021,2022,PB5331,Limited-entry Alw (rifle) Buck Pronghorn - Mt Dutton/paunsaugunt - Any Legal Weapon,PRONGHORN,L.E.,BONUS_POINT,Nonresident,219,2,1,3,1 in 73.0,1.36986301,hunt_total_draw_result,21_bg-odds.pdf,BG_PARENT,452
2021,2022,PB5332,Limited-entry Archery Buck Pronghorn - Mt Dutton/paunsaugunt - Archery,PRONGHORN,L.E.,BONUS_POINT,Resident,48,4,3,7,1 in 6.9,14.49275362,hunt_total_draw_result,21_bg-odds.pdf,BG_PARENT,453
2021,2022,PB5332,Limited-entry Archery Buck Pronghorn - Mt Dutton/paunsaugunt - Archery,PRONGHORN,L.E.,BONUS_POINT,Nonresident,35,0,1,1,1 in 35.0,2.85714286,hunt_total_draw_result,21_bg-odds.pdf,BG_PARENT,453
2021,2022,PB5337,Cwmu Buck Pronghorn - Heist - Any Legal Weapon,PRONGHORN,L.E.,BONUS_POINT,Resident,11,1,1,2,1 in 5.5,18.18181818,hunt_total_draw_result,21_bg-odds.pdf,BG_PARENT,454
2021,2022,PB5337,Cwmu Buck Pronghorn - Heist - Any Legal Weapon,PRONGHORN,L.E.,BONUS_POINT,Nonresident,0,0,0,0,N/A,,hunt_total_draw_result,21_bg-odds.pdf,BG_PARENT,454
2021,2022,PB5338,Cwmu Buck Pronghorn - Castle Valley Outdoors - Any Legal Weapon,PRONGHORN,L.E.,BONUS_POINT,Resident,9,1,1,2,1 in 4.5,22.22222222,hunt_total_draw_result,21_bg-odds.pdf,BG_PARENT,455
2021,2022,PB5338,Cwmu Buck Pronghorn - Castle Valley Outdoors - Any Legal Weapon,PRONGHORN,L.E.,BONUS_POINT,Nonresident,0,0,0,0,N/A,,hunt_total_draw_result,21_bg-odds.pdf,BG_PARENT,455
2021,2022,PB5339,Cwmu Buck Pronghorn - Iron Spring - Any Legal Weapon,PRONGHORN,L.E.,BONUS_POINT,Resident,1,0,1,1,1 in 1.0,100,hunt_total_draw_result,21_bg-odds.pdf,BG_PARENT,456
2021,2022,PB5339,Cwmu Buck Pronghorn - Iron Spring - Any Legal Weapon,PRONGHORN,L.E.,BONUS_POINT,Nonresident,0,0,0,0,N/A,,hunt_total_draw_result,21_bg-odds.pdf,BG_PARENT,456
2021,2022,MB6001,Bull Moose - Chalk Creek - Any Legal Weapon,MOOSE,O.I.L.,BONUS_POINT,Resident,824,2,1,3,1 in 274.7,0.36403349,hunt_total_draw_result,21_bg-odds.pdf,BG_PARENT,460
2021,2022,MB6001,Bull Moose - Chalk Creek - Any Legal Weapon,MOOSE,O.I.L.,BONUS_POINT,Nonresident,0,0,0,0,N/A,,hunt_total_draw_result,21_bg-odds.pdf,BG_PARENT,460
2021,2022,MB6002,Bull Moose - East Canyon - Any Legal Weapon,MOOSE,O.I.L.,BONUS_POINT,Resident,756,2,2,4,1 in 189.0,0.52910053,hunt_total_draw_result,21_bg-odds.pdf,BG_PARENT,461
2021,2022,MB6002,Bull Moose - East Canyon - Any Legal Weapon,MOOSE,O.I.L.,BONUS_POINT,Nonresident,0,0,0,0,N/A,,hunt_total_draw_result,21_bg-odds.pdf,BG_PARENT,461
2021,2022,MB6003,"Bull Moose - East Canyon, Morgan-summit - Any Legal Weapon",MOOSE,O.I.L.,BONUS_POINT,Resident,337,2,2,4,1 in 84.3,1.18623962,hunt_total_draw_result,21_bg-odds.pdf,BG_PARENT,462
2021,2022,MB6003,"Bull Moose - East Canyon, Morgan-summit - Any Legal Weapon",MOOSE,O.I.L.,BONUS_POINT,Nonresident,0,0,0,0,N/A,,hunt_total_draw_result,21_bg-odds.pdf,BG_PARENT,462
2021,2022,MB6004,Bull Moose - Kamas - Any Legal Weapon,MOOSE,O.I.L.,BONUS_POINT,Resident,806,2,1,3,1 in 268.7,0.37216226,hunt_total_draw_result,21_bg-odds.pdf,BG_PARENT,463
2021,2022,MB6004,Bull Moose - Kamas - Any Legal Weapon,MOOSE,O.I.L.,BONUS_POINT,Nonresident,0,0,0,0,N/A,,hunt_total_draw_result,21_bg-odds.pdf,BG_PARENT,463
2021,2022,MB6005,Bull Moose - Morgan-south Rich - Any Legal Weapon,MOOSE,O.I.L.,BONUS_POINT,Resident,300,3,2,5,1 in 60.0,1.66666667,hunt_total_draw_result,21_bg-odds.pdf,BG_PARENT,464
2021,2022,MB6005,Bull Moose - Morgan-south Rich - Any Legal Weapon,MOOSE,O.I.L.,BONUS_POINT,Nonresident,0,0,0,0,N/A,,hunt_total_draw_result,21_bg-odds.pdf,BG_PARENT,464
2021,2022,MB6007,"Bull Moose - North Slope, Three Corners/west Daggett - Any Legal Weapon",MOOSE,O.I.L.,BONUS_POINT,Resident,1069,3,3,6,1 in 178.2,0.56116723,hunt_total_draw_result,21_bg-odds.pdf,BG_PARENT,466
2021,2022,MB6007,"Bull Moose - North Slope, Three Corners/west Daggett - Any Legal Weapon",MOOSE,O.I.L.,BONUS_POINT,Nonresident,647,0,1,1,1 in 647.0,0.15455951,hunt_total_draw_result,21_bg-odds.pdf,BG_PARENT,466
2021,2022,MB6008,Bull Moose - Ogden - Any Legal Weapon,MOOSE,O.I.L.,BONUS_POINT,Resident,1820,6,6,12,1 in 151.7,0.65919578,hunt_total_draw_result,21_bg-odds.pdf,BG_PARENT,467
2021,2022,MB6008,Bull Moose - Ogden - Any Legal Weapon,MOOSE,O.I.L.,BONUS_POINT,Nonresident,948,0,1,1,1 in 948.0,0.10548523,hunt_total_draw_result,21_bg-odds.pdf,BG_PARENT,467
2021,2022,MB6009,"Bull Moose - South Slope, Diamond Mtn/vernal - Any Legal Weapon",MOOSE,O.I.L.,BONUS_POINT,Resident,375,1,1,2,1 in 187.5,0.53333333,hunt_total_draw_result,21_bg-odds.pdf,BG_PARENT,468
2021,2022,MB6009,"Bull Moose - South Slope, Diamond Mtn/vernal - Any Legal Weapon",MOOSE,O.I.L.,BONUS_POINT,Nonresident,0,0,0,0,N/A,,hunt_total_draw_result,21_bg-odds.pdf,BG_PARENT,468
2021,2022,MB6010,"Bull Moose - South Slope, Yellowstone - Any Legal Weapon",MOOSE,O.I.L.,BONUS_POINT,Resident,852,2,2,4,1 in 213.0,0.46948357,hunt_total_draw_result,21_bg-odds.pdf,BG_PARENT,469
2021,2022,MB6010,"Bull Moose - South Slope, Yellowstone - Any Legal Weapon",MOOSE,O.I.L.,BONUS_POINT,Nonresident,0,0,0,0,N/A,,hunt_total_draw_result,21_bg-odds.pdf,BG_PARENT,469
2021,2022,MB6200,Cwmu Bull Moose - Bear Springs - Any Legal Weapon,BLACK_BEAR,O.I.L.,BONUS_POINT,Resident,39,0,1,1,1 in 39.0,2.56410256,hunt_total_draw_result,21_bg-odds.pdf,BG_PARENT,471
2021,2022,MB6200,Cwmu Bull Moose - Bear Springs - Any Legal Weapon,BLACK_BEAR,O.I.L.,BONUS_POINT,Nonresident,0,0,0,0,N/A,,hunt_total_draw_result,21_bg-odds.pdf,BG_PARENT,471
2021,2022,MB6201,Cwmu Bull Moose - Beaver Hollow - Any Legal Weapon,MOOSE,O.I.L.,BONUS_POINT,Resident,96,1,1,2,1 in 48.0,2.08333333,hunt_total_draw_result,21_bg-odds.pdf,BG_PARENT,472
2021,2022,MB6201,Cwmu Bull Moose - Beaver Hollow - Any Legal Weapon,MOOSE,O.I.L.,BONUS_POINT,Nonresident,0,0,0,0,N/A,,hunt_total_draw_result,21_bg-odds.pdf,BG_PARENT,472
2021,2022,MB6202,Cwmu Bull Moose - Causey Spring - Any Legal Weapon,MOOSE,O.I.L.,BONUS_POINT,Resident,156,0,1,1,1 in 156.0,0.64102564,hunt_total_draw_result,21_bg-odds.pdf,BG_PARENT,473
2021,2022,MB6202,Cwmu Bull Moose - Causey Spring - Any Legal Weapon,MOOSE,O.I.L.,BONUS_POINT,Nonresident,0,0,0,0,N/A,,hunt_total_draw_result,21_bg-odds.pdf,BG_PARENT,473
2021,2022,MB6206,Cwmu Bull Moose - Deseret -An y Legal Weapon,MOOSE,O.I.L.,BONUS_POINT,Resident,675,1,1,2,1 in 337.5,0.2962963,hunt_total_draw_result,21_bg-odds.pdf,BG_PARENT,474
2021,2022,MB6206,Cwmu Bull Moose - Deseret -An y Legal Weapon,MOOSE,O.I.L.,BONUS_POINT,Nonresident,0,0,0,0,N/A,,hunt_total_draw_result,21_bg-odds.pdf,BG_PARENT,474
2021,2022,MB6207,Cwmu Bull Moose - Durst Mountain - Any Legal Weapon,MOOSE,O.I.L.,BONUS_POINT,Resident,91,0,1,1,1 in 91.0,1.0989011,hunt_total_draw_result,21_bg-odds.pdf,BG_PARENT,475
2021,2022,MB6207,Cwmu Bull Moose - Durst Mountain - Any Legal Weapon,MOOSE,O.I.L.,BONUS_POINT,Nonresident,0,0,0,0,N/A,,hunt_total_draw_result,21_bg-odds.pdf,BG_PARENT,475
2021,2022,MB6208,Cwmu Bull Moose - East Fork Chalk Creek - Any Legal Weapon,MOOSE,O.I.L.,BONUS_POINT,Resident,139,1,1,2,1 in 69.5,1.43884892,hunt_total_draw_result,21_bg-odds.pdf,BG_PARENT,476
2021,2022,MB6208,Cwmu Bull Moose - East Fork Chalk Creek - Any Legal Weapon,MOOSE,O.I.L.,BONUS_POINT,Nonresident,0,0,0,0,N/A,,hunt_total_draw_result,21_bg-odds.pdf,BG_PARENT,476
2021,2022,MB6209,Cwmu Bull Moose - Ensign Ranches - Any Legal Weapon,MOOSE,O.I.L.,BONUS_POINT,Resident,144,0,1,1,1 in 144.0,0.69444444,hunt_total_draw_result,21_bg-odds.pdf,BG_PARENT,477
2021,2022,MB6209,Cwmu Bull Moose - Ensign Ranches - Any Legal Weapon,MOOSE,O.I.L.,BONUS_POINT,Nonresident,0,0,0,0,N/A,,hunt_total_draw_result,21_bg-odds.pdf,BG_PARENT,477
2021,2022,MB6210,Cwmu Bull Moose - Folley Ridge - Any Legal Weapon,MOOSE,O.I.L.,BONUS_POINT,Resident,27,0,1,1,1 in 27.0,3.7037037,hunt_total_draw_result,21_bg-odds.pdf,BG_PARENT,478
2021,2022,MB6210,Cwmu Bull Moose - Folley Ridge - Any Legal Weapon,MOOSE,O.I.L.,BONUS_POINT,Nonresident,0,0,0,0,N/A,,hunt_total_draw_result,21_bg-odds.pdf,BG_PARENT,478
2021,2022,MB6211,Cwmu Bull Moose - Grass Valley/clark Canyon - Any Legal Weapon,MOOSE,O.I.L.,BONUS_POINT,Resident,246,2,1,3,1 in 82.0,1.2195122,hunt_total_draw_result,21_bg-odds.pdf,BG_PARENT,479
2021,2022,MB6211,Cwmu Bull Moose - Grass Valley/clark Canyon - Any Legal Weapon,MOOSE,O.I.L.,BONUS_POINT,Nonresident,0,0,0,0,N/A,,hunt_total_draw_result,21_bg-odds.pdf,BG_PARENT,479
2021,2022,MB6216,Cwmu Bull Moose - Powder Mountain - Any Legal Weapon,MOOSE,O.I.L.,BONUS_POINT,Resident,62,0,1,1,1 in 62.0,1.61290323,hunt_total_draw_result,21_bg-odds.pdf,BG_PARENT,480
2021,2022,MB6216,Cwmu Bull Moose - Powder Mountain - Any Legal Weapon,MOOSE,O.I.L.,BONUS_POINT,Nonresident,0,0,0,0,N/A,,hunt_total_draw_result,21_bg-odds.pdf,BG_PARENT,480
2021,2022,MB6217,Cwmu Bull Moose - Sharp Mountain - Any Legal Weapon,MOOSE,O.I.L.,BONUS_POINT,Resident,47,0,1,1,1 in 47.0,2.12765957,hunt_total_draw_result,21_bg-odds.pdf,BG_PARENT,481
2021,2022,MB6217,Cwmu Bull Moose - Sharp Mountain - Any Legal Weapon,MOOSE,O.I.L.,BONUS_POINT,Nonresident,0,0,0,0,N/A,,hunt_total_draw_result,21_bg-odds.pdf,BG_PARENT,481
2021,2022,MB6219,Cwmu Bull Moose - Skull Crack - Any Legal Weapon,MOOSE,O.I.L.,BONUS_POINT,Resident,438,1,1,2,1 in 219.0,0.456621,hunt_total_draw_result,21_bg-odds.pdf,BG_PARENT,482
2021,2022,MB6219,Cwmu Bull Moose - Skull Crack - Any Legal Weapon,MOOSE,O.I.L.,BONUS_POINT,Nonresident,0,0,0,0,N/A,,hunt_total_draw_result,21_bg-odds.pdf,BG_PARENT,482
2021,2022,MB6220,Cwmu Bull Moose - South Canyon - Any Legal Weapon,MOOSE,O.I.L.,BONUS_POINT,Resident,30,0,1,1,1 in 30.0,3.33333333,hunt_total_draw_result,21_bg-odds.pdf,BG_PARENT,483
2021,2022,MB6220,Cwmu Bull Moose - South Canyon - Any Legal Weapon,MOOSE,O.I.L.,BONUS_POINT,Nonresident,0,0,0,0,N/A,,hunt_total_draw_result,21_bg-odds.pdf,BG_PARENT,483
2021,2022,MB6222,Cwmu Bull Moose - Strawberry Ridge - Any Legal Weapon,MOOSE,O.I.L.,BONUS_POINT,Resident,91,1,1,2,1 in 45.5,2.1978022,hunt_total_draw_result,21_bg-odds.pdf,BG_PARENT,484
2021,2022,MB6222,Cwmu Bull Moose - Strawberry Ridge - Any Legal Weapon,MOOSE,O.I.L.,BONUS_POINT,Nonresident,0,0,0,0,N/A,,hunt_total_draw_result,21_bg-odds.pdf,BG_PARENT,484
2021,2022,MB6223,Cwmu Bull Moose - Three C - Any Legal Weapon,MOOSE,O.I.L.,BONUS_POINT,Resident,68,0,1,1,1 in 68.0,1.47058824,hunt_total_draw_result,21_bg-odds.pdf,BG_PARENT,485
2021,2022,MB6223,Cwmu Bull Moose - Three C - Any Legal Weapon,MOOSE,O.I.L.,BONUS_POINT,Nonresident,0,0,0,0,N/A,,hunt_total_draw_result,21_bg-odds.pdf,BG_PARENT,485
2021,2022,MB6224,Cwmu Bull Moose - Two Bear - Any Legal Weapon,BLACK_BEAR,O.I.L.,BONUS_POINT,Resident,122,1,1,2,1 in 61.0,1.63934426,hunt_total_draw_result,21_bg-odds.pdf,BG_PARENT,486
2021,2022,MB6224,Cwmu Bull Moose - Two Bear - Any Legal Weapon,BLACK_BEAR,O.I.L.,BONUS_POINT,Nonresident,0,0,0,0,N/A,,hunt_total_draw_result,21_bg-odds.pdf,BG_PARENT,486
2021,2022,MB6225,Cwmu Bull Moose - Wallsburg - Any Legal Weapon,MOOSE,O.I.L.,BONUS_POINT,Resident,32,0,1,1,1 in 32.0,3.125,hunt_total_draw_result,21_bg-odds.pdf,BG_PARENT,487
2021,2022,MB6225,Cwmu Bull Moose - Wallsburg - Any Legal Weapon,MOOSE,O.I.L.,BONUS_POINT,Nonresident,0,0,0,0,N/A,,hunt_total_draw_result,21_bg-odds.pdf,BG_PARENT,487
2021,2022,MB6226,Cwmu Bull Moose - Weber Florence Creek - Any Legal Weapon,MOOSE,O.I.L.,BONUS_POINT,Resident,156,2,1,3,1 in 52.0,1.92307692,hunt_total_draw_result,21_bg-odds.pdf,BG_PARENT,488
2021,2022,MB6226,Cwmu Bull Moose - Weber Florence Creek - Any Legal Weapon,MOOSE,O.I.L.,BONUS_POINT,Nonresident,0,0,0,0,N/A,,hunt_total_draw_result,21_bg-odds.pdf,BG_PARENT,488
2021,2022,MB6240,Cwmu Bull Moose - Chimney Rock - Any Legal Weapon,MOOSE,O.I.L.,BONUS_POINT,Resident,41,0,1,1,1 in 41.0,2.43902439,hunt_total_draw_result,21_bg-odds.pdf,BG_PARENT,489
2021,2022,MB6240,Cwmu Bull Moose - Chimney Rock - Any Legal Weapon,MOOSE,O.I.L.,BONUS_POINT,Nonresident,0,0,0,0,N/A,,hunt_total_draw_result,21_bg-odds.pdf,BG_PARENT,489
2021,2022,MB6251,Cwmu Bull Moose - Hardscrabble - Any Legal Weapon,MOOSE,O.I.L.,BONUS_POINT,Resident,91,0,1,1,1 in 91.0,1.0989011,hunt_total_draw_result,21_bg-odds.pdf,BG_PARENT,490
2021,2022,MB6251,Cwmu Bull Moose - Hardscrabble - Any Legal Weapon,MOOSE,O.I.L.,BONUS_POINT,Nonresident,0,0,0,0,N/A,,hunt_total_draw_result,21_bg-odds.pdf,BG_PARENT,490
2021,2022,MB6252,Cwmu Bull Moose - Jacob's Creek - Any Legal Weapon,MOOSE,O.I.L.,BONUS_POINT,Resident,59,0,1,1,1 in 59.0,1.69491525,hunt_total_draw_result,21_bg-odds.pdf,BG_PARENT,491
2021,2022,MB6252,Cwmu Bull Moose - Jacob's Creek - Any Legal Weapon,MOOSE,O.I.L.,BONUS_POINT,Nonresident,0,0,0,0,N/A,,hunt_total_draw_result,21_bg-odds.pdf,BG_PARENT,491
2021,2022,MB6254,Cwmu Bull Moose - Sj Ranch -An y Legal Weapon,MOOSE,O.I.L.,BONUS_POINT,Resident,64,0,1,1,1 in 64.0,1.5625,hunt_total_draw_result,21_bg-odds.pdf,BG_PARENT,492
2021,2022,MB6254,Cwmu Bull Moose - Sj Ranch -An y Legal Weapon,MOOSE,O.I.L.,BONUS_POINT,Nonresident,0,0,0,0,N/A,,hunt_total_draw_result,21_bg-odds.pdf,BG_PARENT,492
2021,2022,MB6257,Cwmu Bull Moose - Ingham Peak - Any Legal Weapon,MOOSE,O.I.L.,BONUS_POINT,Resident,49,0,1,1,1 in 49.0,2.04081633,hunt_total_draw_result,21_bg-odds.pdf,BG_PARENT,493
2021,2022,MB6257,Cwmu Bull Moose - Ingham Peak - Any Legal Weapon,MOOSE,O.I.L.,BONUS_POINT,Nonresident,0,0,0,0,N/A,,hunt_total_draw_result,21_bg-odds.pdf,BG_PARENT,493
2021,2022,MB6262,Cwmu Bull Moose - Junction Valley - Any Legal Weapon,MOOSE,O.I.L.,BONUS_POINT,Resident,28,0,1,1,1 in 28.0,3.57142857,hunt_total_draw_result,21_bg-odds.pdf,BG_PARENT,494
2021,2022,MB6262,Cwmu Bull Moose - Junction Valley - Any Legal Weapon,MOOSE,O.I.L.,BONUS_POINT,Nonresident,0,0,0,0,N/A,,hunt_total_draw_result,21_bg-odds.pdf,BG_PARENT,494
2021,2022,MB6263,Cwmu Bull Moose - Moon Ranch - Any Legal Weapon,MOOSE,O.I.L.,BONUS_POINT,Resident,63,0,1,1,1 in 63.0,1.58730159,hunt_total_draw_result,21_bg-odds.pdf,BG_PARENT,495
2021,2022,MB6263,Cwmu Bull Moose - Moon Ranch - Any Legal Weapon,MOOSE,O.I.L.,BONUS_POINT,Nonresident,0,0,0,0,N/A,,hunt_total_draw_result,21_bg-odds.pdf,BG_PARENT,495
2021,2022,MB6264,Cwmu Bull Moose - Sand Creek - Any Legal Weapon,MOOSE,O.I.L.,BONUS_POINT,Resident,29,0,1,1,1 in 29.0,3.44827586,hunt_total_draw_result,21_bg-odds.pdf,BG_PARENT,496
2021,2022,MB6264,Cwmu Bull Moose - Sand Creek - Any Legal Weapon,MOOSE,O.I.L.,BONUS_POINT,Nonresident,0,0,0,0,N/A,,hunt_total_draw_result,21_bg-odds.pdf,BG_PARENT,496
2021,2022,BI6504,Bison (hunter’s Choice) - Henry Mtns (hunter's Choice) - Any Legal Weapon,BISON,O.I.L.,BONUS_POINT,Resident,1394,8,7,15,1 in 92.9,1.07642626,hunt_total_draw_result,21_bg-odds.pdf,BG_PARENT,501
2021,2022,BI6504,Bison (hunter’s Choice) - Henry Mtns (hunter's Choice) - Any Legal Weapon,BISON,O.I.L.,BONUS_POINT,Nonresident,793,1,1,2,1 in 396.5,0.25220681,hunt_total_draw_result,21_bg-odds.pdf,BG_PARENT,501
2021,2022,BI6505,Bison (cow Only) - Henry Mtns (cow Only) - Any Legal Weapon,BISON,O.I.L.,BONUS_POINT,Resident,277,6,6,12,1 in 23.1,4.32900433,hunt_total_draw_result,21_bg-odds.pdf,BG_PARENT,502
2021,2022,BI6505,Bison (cow Only) - Henry Mtns (cow Only) - Any Legal Weapon,BISON,O.I.L.,BONUS_POINT,Nonresident,133,0,1,1,1 in 133.0,0.7518797,hunt_total_draw_result,21_bg-odds.pdf,BG_PARENT,502
2021,2022,BI6506,Bison (cow Only) - Henry Mtns (cow Only) - Any Legal Weapon,BISON,O.I.L.,BONUS_POINT,Resident,236,6,6,12,1 in 19.7,5.07614213,hunt_total_draw_result,21_bg-odds.pdf,BG_PARENT,503
2021,2022,BI6506,Bison (cow Only) - Henry Mtns (cow Only) - Any Legal Weapon,BISON,O.I.L.,BONUS_POINT,Nonresident,146,0,1,1,1 in 146.0,0.68493151,hunt_total_draw_result,21_bg-odds.pdf,BG_PARENT,503
2021,2022,BI6509,Bison Archery (hunter’s Choice) - Henry Mtns (hunter's Choice) - Archery,BISON,O.I.L.,BONUS_POINT,Resident,327,3,3,6,1 in 54.5,1.83486239,hunt_total_draw_result,21_bg-odds.pdf,BG_PARENT,504
2021,2022,BI6509,Bison Archery (hunter’s Choice) - Henry Mtns (hunter's Choice) - Archery,BISON,O.I.L.,BONUS_POINT,Nonresident,1,0,0,0,N/A,,hunt_total_draw_result,21_bg-odds.pdf,BG_PARENT,504
2021,2022,BI6516,Bison (hunter’s Choice) - Henry Mtns (hunter's Choice) - Any Legal Weapon,BISON,O.I.L.,BONUS_POINT,Resident,817,7,6,13,1 in 62.8,1.59235669,hunt_total_draw_result,21_bg-odds.pdf,BG_PARENT,505
2021,2022,BI6516,Bison (hunter’s Choice) - Henry Mtns (hunter's Choice) - Any Legal Weapon,BISON,O.I.L.,BONUS_POINT,Nonresident,955,0,1,1,1 in 955.0,0.10471204,hunt_total_draw_result,21_bg-odds.pdf,BG_PARENT,505
2021,2022,BI6519,"Bison (hunter’s Choice) - Book Cliffs, Little Creek Roadless (hunter's Choice) - Any Legal Weapon",BISON,O.I.L.,BONUS_POINT,Resident,389,9,9,18,1 in 21.6,4.62962963,hunt_total_draw_result,21_bg-odds.pdf,BG_PARENT,507
2021,2022,BI6519,"Bison (hunter’s Choice) - Book Cliffs, Little Creek Roadless (hunter's Choice) - Any Legal Weapon",BISON,O.I.L.,BONUS_POINT,Nonresident,807,1,1,2,1 in 403.5,0.24783147,hunt_total_draw_result,21_bg-odds.pdf,BG_PARENT,507
2021,2022,BI6520,Bison (cow Only) - Book Cliffs (cow Only) - Any Legal Weapon,BISON,O.I.L.,BONUS_POINT,Resident,274,2,1,3,1 in 91.3,1.09529025,hunt_total_draw_result,21_bg-odds.pdf,BG_PARENT,508
2021,2022,BI6520,Bison (cow Only) - Book Cliffs (cow Only) - Any Legal Weapon,BISON,O.I.L.,BONUS_POINT,Nonresident,112,0,1,1,1 in 112.0,0.89285714,hunt_total_draw_result,21_bg-odds.pdf,BG_PARENT,508
2021,2022,BI6521,Bison Archery (hunter’s Choice) - Book Cliffs (hunter's Choice) - Archery,BISON,O.I.L.,BONUS_POINT,Resident,278,2,2,4,1 in 69.5,1.43884892,hunt_total_draw_result,21_bg-odds.pdf,BG_PARENT,509
2021,2022,BI6521,Bison Archery (hunter’s Choice) - Book Cliffs (hunter's Choice) - Archery,BISON,O.I.L.,BONUS_POINT,Nonresident,994,0,1,1,1 in 994.0,0.10060362,hunt_total_draw_result,21_bg-odds.pdf,BG_PARENT,509
2021,2022,BI6523,"Bison (hunter’s Choice) - Book Cliffs, Bitter Creek/south (hunter's Choice) - Any Legal Weapon",BISON,O.I.L.,BONUS_POINT,Resident,684,2,1,3,1 in 228.0,0.43859649,hunt_total_draw_result,21_bg-odds.pdf,BG_PARENT,510
2021,2022,BI6523,"Bison (hunter’s Choice) - Book Cliffs, Bitter Creek/south (hunter's Choice) - Any Legal Weapon",BISON,O.I.L.,BONUS_POINT,Nonresident,520,0,1,1,1 in 520.0,0.19230769,hunt_total_draw_result,21_bg-odds.pdf,BG_PARENT,510
2021,2022,BI6524,"Bison (cow Only) - Book Cliffs, Little Creek Roadless (cow Only) - Any Legal Weapon",BISON,O.I.L.,BONUS_POINT,Resident,102,9,9,18,1 in 5.7,17.54385965,hunt_total_draw_result,21_bg-odds.pdf,BG_PARENT,511
2021,2022,BI6524,"Bison (cow Only) - Book Cliffs, Little Creek Roadless (cow Only) - Any Legal Weapon",BISON,O.I.L.,BONUS_POINT,Nonresident,100,1,1,2,1 in 50.0,2,hunt_total_draw_result,21_bg-odds.pdf,BG_PARENT,511
2021,2022,BI6526,"Bison (hunter’s Choice) - Book Cliffs, Wild Horse Bench (hunter's Choice) - Closed - Any Legal Weapon",BISON,O.I.L.,BONUS_POINT,Resident,163,0,0,0,N/A,,hunt_total_draw_result,21_bg-odds.pdf,BG_PARENT,512
2021,2022,BI6526,"Bison (hunter’s Choice) - Book Cliffs, Wild Horse Bench (hunter's Choice) - Closed - Any Legal Weapon",BISON,O.I.L.,BONUS_POINT,Nonresident,277,0,0,0,N/A,,hunt_total_draw_result,21_bg-odds.pdf,BG_PARENT,512
2021,2022,DS6600,Desert Bighorn Sheep - Henry Mtns - Any Legal Weapon,DESERT_BIGHORN_SHEEP,O.I.L.,BONUS_POINT,Resident,419,3,2,5,1 in 83.8,1.19331742,hunt_total_draw_result,21_bg-odds.pdf,BG_PARENT,515
2021,2022,DS6600,Desert Bighorn Sheep - Henry Mtns - Any Legal Weapon,DESERT_BIGHORN_SHEEP,O.I.L.,BONUS_POINT,Nonresident,0,0,0,0,N/A,,hunt_total_draw_result,21_bg-odds.pdf,BG_PARENT,515
2021,2022,DS6602,"Desert Bighorn Sheep - Kaiparowits, Escalante -An y Legal Weapon",DESERT_BIGHORN_SHEEP,O.I.L.,BONUS_POINT,Resident,313,4,4,8,1 in 39.1,2.55754476,hunt_total_draw_result,21_bg-odds.pdf,BG_PARENT,517
2021,2022,DS6602,"Desert Bighorn Sheep - Kaiparowits, Escalante -An y Legal Weapon",DESERT_BIGHORN_SHEEP,O.I.L.,BONUS_POINT,Nonresident,0,0,0,0,N/A,,hunt_total_draw_result,21_bg-odds.pdf,BG_PARENT,517
2021,2022,DS6604,"Desert Bighorn Sheep - La Sal, Potash/south Cisco - Any Legal Weapon",DESERT_BIGHORN_SHEEP,O.I.L.,BONUS_POINT,Resident,285,2,2,4,1 in 71.3,1.40252454,hunt_total_draw_result,21_bg-odds.pdf,BG_PARENT,519
2021,2022,DS6604,"Desert Bighorn Sheep - La Sal, Potash/south Cisco - Any Legal Weapon",DESERT_BIGHORN_SHEEP,O.I.L.,BONUS_POINT,Nonresident,0,0,0,0,N/A,,hunt_total_draw_result,21_bg-odds.pdf,BG_PARENT,519
2021,2022,DS6606,"Desert Bighorn Sheep - San Juan, Lockhart - Any Legal Weapon",DESERT_BIGHORN_SHEEP,O.I.L.,BONUS_POINT,Resident,115,2,1,3,1 in 38.3,2.61096606,hunt_total_draw_result,21_bg-odds.pdf,BG_PARENT,520
2021,2022,DS6606,"Desert Bighorn Sheep - San Juan, Lockhart - Any Legal Weapon",DESERT_BIGHORN_SHEEP,O.I.L.,BONUS_POINT,Nonresident,0,0,0,0,N/A,,hunt_total_draw_result,21_bg-odds.pdf,BG_PARENT,520
2021,2022,DS6607,"Desert Bighorn Sheep - San Juan, South - Any Legal Weapon",DESERT_BIGHORN_SHEEP,O.I.L.,BONUS_POINT,Resident,193,1,1,2,1 in 96.5,1.03626943,hunt_total_draw_result,21_bg-odds.pdf,BG_PARENT,521
2021,2022,DS6607,"Desert Bighorn Sheep - San Juan, South - Any Legal Weapon",DESERT_BIGHORN_SHEEP,O.I.L.,BONUS_POINT,Nonresident,0,0,0,0,N/A,,hunt_total_draw_result,21_bg-odds.pdf,BG_PARENT,521
2021,2022,DS6609,"Desert Bighorn Sheep - San Rafael, North - Any Legal Weapon",DESERT_BIGHORN_SHEEP,O.I.L.,BONUS_POINT,Resident,663,3,2,5,1 in 132.6,0.75414781,hunt_total_draw_result,21_bg-odds.pdf,BG_PARENT,523
2021,2022,DS6609,"Desert Bighorn Sheep - San Rafael, North - Any Legal Weapon",DESERT_BIGHORN_SHEEP,O.I.L.,BONUS_POINT,Nonresident,0,0,0,0,N/A,,hunt_total_draw_result,21_bg-odds.pdf,BG_PARENT,523
2021,2022,DS6610,"Desert Bighorn Sheep - San Rafael, South - Any Legal Weapon",DESERT_BIGHORN_SHEEP,O.I.L.,BONUS_POINT,Resident,568,4,4,8,1 in 71.0,1.4084507,hunt_total_draw_result,21_bg-odds.pdf,BG_PARENT,524
2021,2022,DS6610,"Desert Bighorn Sheep - San Rafael, South - Any Legal Weapon",DESERT_BIGHORN_SHEEP,O.I.L.,BONUS_POINT,Nonresident,1824,1,1,2,1 in 912.0,0.10964912,hunt_total_draw_result,21_bg-odds.pdf,BG_PARENT,524
2021,2022,DS6612,Desert Bighorn Sheep -Zion - Any Legal Weapon,DESERT_BIGHORN_SHEEP,O.I.L.,BONUS_POINT,Resident,1055,2,2,4,1 in 263.8,0.37907506,hunt_total_draw_result,21_bg-odds.pdf,BG_PARENT,526
2021,2022,DS6612,Desert Bighorn Sheep -Zion - Any Legal Weapon,DESERT_BIGHORN_SHEEP,O.I.L.,BONUS_POINT,Nonresident,0,0,0,0,N/A,,hunt_total_draw_result,21_bg-odds.pdf,BG_PARENT,526
2021,2022,DS6620,"Desert Bighorn Sheep - Pine Valley, Virgin River - Any Legal Weapon",DESERT_BIGHORN_SHEEP,O.I.L.,BONUS_POINT,Resident,523,1,1,2,1 in 261.5,0.38240918,hunt_total_draw_result,21_bg-odds.pdf,BG_PARENT,527
2021,2022,DS6620,"Desert Bighorn Sheep - Pine Valley, Virgin River - Any Legal Weapon",DESERT_BIGHORN_SHEEP,O.I.L.,BONUS_POINT,Nonresident,0,0,0,0,N/A,,hunt_total_draw_result,21_bg-odds.pdf,BG_PARENT,527
2021,2022,DS6621,"Desert Bighorn Sheep - Pine Valley, Beaver Dam - Any Legal Weapon",DESERT_BIGHORN_SHEEP,O.I.L.,BONUS_POINT,Resident,510,2,2,4,1 in 127.5,0.78431373,hunt_total_draw_result,21_bg-odds.pdf,BG_PARENT,528
2021,2022,DS6621,"Desert Bighorn Sheep - Pine Valley, Beaver Dam - Any Legal Weapon",DESERT_BIGHORN_SHEEP,O.I.L.,BONUS_POINT,Nonresident,0,0,0,0,N/A,,hunt_total_draw_result,21_bg-odds.pdf,BG_PARENT,528
2021,2022,DS6622,"Desert Bighorn Sheep - San Juan, North - Any Legal Weapon",DESERT_BIGHORN_SHEEP,O.I.L.,BONUS_POINT,Resident,112,2,1,3,1 in 37.3,2.68096515,hunt_total_draw_result,21_bg-odds.pdf,BG_PARENT,529
2021,2022,DS6622,"Desert Bighorn Sheep - San Juan, North - Any Legal Weapon",DESERT_BIGHORN_SHEEP,O.I.L.,BONUS_POINT,Nonresident,0,0,0,0,N/A,,hunt_total_draw_result,21_bg-odds.pdf,BG_PARENT,529
2021,2022,DS6623,"Desert Bighorn Sheep - San Juan, San Juan River - Any Legal Weapon",DESERT_BIGHORN_SHEEP,O.I.L.,BONUS_POINT,Resident,76,0,1,1,1 in 76.0,1.31578947,hunt_total_draw_result,21_bg-odds.pdf,BG_PARENT,530
2021,2022,DS6623,"Desert Bighorn Sheep - San Juan, San Juan River - Any Legal Weapon",DESERT_BIGHORN_SHEEP,O.I.L.,BONUS_POINT,Nonresident,0,0,0,0,N/A,,hunt_total_draw_result,21_bg-odds.pdf,BG_PARENT,530
2021,2022,DS6624,"Desert Bighorn Sheep Archery - San Rafael, Dirty Devil - Archery",DESERT_BIGHORN_SHEEP,O.I.L.,BONUS_POINT,Resident,161,1,1,2,1 in 80.5,1.24223602,hunt_total_draw_result,21_bg-odds.pdf,BG_PARENT,531
2021,2022,DS6624,"Desert Bighorn Sheep Archery - San Rafael, Dirty Devil - Archery",DESERT_BIGHORN_SHEEP,O.I.L.,BONUS_POINT,Nonresident,0,0,0,0,N/A,,hunt_total_draw_result,21_bg-odds.pdf,BG_PARENT,531
2021,2022,RS6704,"Rocky Mountain Bighorn Sheep - Box Elder, Newfoundland Mtn - Any Legal Weapon",ROCKY_MOUNTAIN_BIGHORN_SHEEP,O.I.L.,BONUS_POINT,Resident,661,4,4,8,1 in 82.6,1.21065375,hunt_total_draw_result,21_bg-odds.pdf,BG_PARENT,536
2021,2022,RS6704,"Rocky Mountain Bighorn Sheep - Box Elder, Newfoundland Mtn - Any Legal Weapon",ROCKY_MOUNTAIN_BIGHORN_SHEEP,O.I.L.,BONUS_POINT,Nonresident,0,0,0,0,N/A,,hunt_total_draw_result,21_bg-odds.pdf,BG_PARENT,536
2021,2022,RS6708,"Rocky Mountain Bighorn Sheep - North Slope, Three Corners - Any Legal Weapon",ROCKY_MOUNTAIN_BIGHORN_SHEEP,O.I.L.,BONUS_POINT,Resident,352,1,1,2,1 in 176.0,0.56818182,hunt_total_draw_result,21_bg-odds.pdf,BG_PARENT,537
2021,2022,RS6708,"Rocky Mountain Bighorn Sheep - North Slope, Three Corners - Any Legal Weapon",ROCKY_MOUNTAIN_BIGHORN_SHEEP,O.I.L.,BONUS_POINT,Nonresident,0,0,0,0,N/A,,hunt_total_draw_result,21_bg-odds.pdf,BG_PARENT,537
2021,2022,RS6709,"Rocky Mountain Bighorn Sheep - North Slope, Summit/west Daggett - Any Legal Weapon",ROCKY_MOUNTAIN_BIGHORN_SHEEP,O.I.L.,BONUS_POINT,Resident,445,2,1,3,1 in 148.3,0.67430883,hunt_total_draw_result,21_bg-odds.pdf,BG_PARENT,538
2021,2022,RS6709,"Rocky Mountain Bighorn Sheep - North Slope, Summit/west Daggett - Any Legal Weapon",ROCKY_MOUNTAIN_BIGHORN_SHEEP,O.I.L.,BONUS_POINT,Nonresident,0,0,0,0,N/A,,hunt_total_draw_result,21_bg-odds.pdf,BG_PARENT,538
2021,2022,RS6713,"Rocky Mountain Bighorn Sheep - Nine Mile, Jack Creek - Any Legal Weapon",ROCKY_MOUNTAIN_BIGHORN_SHEEP,O.I.L.,BONUS_POINT,Resident,474,2,1,3,1 in 158.0,0.63291139,hunt_total_draw_result,21_bg-odds.pdf,BG_PARENT,540
2021,2022,RS6713,"Rocky Mountain Bighorn Sheep - Nine Mile, Jack Creek - Any Legal Weapon",ROCKY_MOUNTAIN_BIGHORN_SHEEP,O.I.L.,BONUS_POINT,Nonresident,0,0,0,0,N/A,,hunt_total_draw_result,21_bg-odds.pdf,BG_PARENT,540
2021,2022,RS6720,"Rocky Mountain Bighorn Sheep -Fillmore , Oak Creek - Any Legal Weapon",ROCKY_MOUNTAIN_BIGHORN_SHEEP,O.I.L.,BONUS_POINT,Resident,612,3,3,6,1 in 102.0,0.98039216,hunt_total_draw_result,21_bg-odds.pdf,BG_PARENT,541
2021,2022,RS6720,"Rocky Mountain Bighorn Sheep -Fillmore , Oak Creek - Any Legal Weapon",ROCKY_MOUNTAIN_BIGHORN_SHEEP,O.I.L.,BONUS_POINT,Nonresident,0,0,0,0,N/A,,hunt_total_draw_result,21_bg-odds.pdf,BG_PARENT,541
2021,2022,RS6721,"Rocky Mountain Bighorn Sheep - Oquirrh-stansbury, West - Any Legal Weapon",ROCKY_MOUNTAIN_BIGHORN_SHEEP,O.I.L.,BONUS_POINT,Resident,361,3,2,5,1 in 72.2,1.38504155,hunt_total_draw_result,21_bg-odds.pdf,BG_PARENT,542
2021,2022,RS6721,"Rocky Mountain Bighorn Sheep - Oquirrh-stansbury, West - Any Legal Weapon",ROCKY_MOUNTAIN_BIGHORN_SHEEP,O.I.L.,BONUS_POINT,Nonresident,0,0,0,0,N/A,,hunt_total_draw_result,21_bg-odds.pdf,BG_PARENT,542
2021,2022,RS6722,"Rocky Mountain Bighorn Sheep Archery - Box Elder, Newfoundland Mtn - Archery",ROCKY_MOUNTAIN_BIGHORN_SHEEP,O.I.L.,BONUS_POINT,Resident,145,2,2,4,1 in 36.3,2.75482094,hunt_total_draw_result,21_bg-odds.pdf,BG_PARENT,543
2021,2022,RS6722,"Rocky Mountain Bighorn Sheep Archery - Box Elder, Newfoundland Mtn - Archery",ROCKY_MOUNTAIN_BIGHORN_SHEEP,O.I.L.,BONUS_POINT,Nonresident,0,0,0,0,N/A,,hunt_total_draw_result,21_bg-odds.pdf,BG_PARENT,543
2021,2022,RS6724,"Rocky Mountain Bighorn Sheep - Wasatch Mtns, West -An y Legal Weapon",ROCKY_MOUNTAIN_BIGHORN_SHEEP,O.I.L.,BONUS_POINT,Resident,545,2,1,3,1 in 181.7,0.55035773,hunt_total_draw_result,21_bg-odds.pdf,BG_PARENT,544
2021,2022,RS6724,"Rocky Mountain Bighorn Sheep - Wasatch Mtns, West -An y Legal Weapon",ROCKY_MOUNTAIN_BIGHORN_SHEEP,O.I.L.,BONUS_POINT,Nonresident,0,0,0,0,N/A,,hunt_total_draw_result,21_bg-odds.pdf,BG_PARENT,544
2021,2022,RS6725,"Rocky Mountain Bighorn Sheep - Central Mtns, Nebo - Any Legal Weapon",ROCKY_MOUNTAIN_BIGHORN_SHEEP,O.I.L.,BONUS_POINT,Resident,316,2,1,3,1 in 105.3,0.94966762,hunt_total_draw_result,21_bg-odds.pdf,BG_PARENT,545
2021,2022,RS6725,"Rocky Mountain Bighorn Sheep - Central Mtns, Nebo - Any Legal Weapon",ROCKY_MOUNTAIN_BIGHORN_SHEEP,O.I.L.,BONUS_POINT,Nonresident,0,0,0,0,N/A,,hunt_total_draw_result,21_bg-odds.pdf,BG_PARENT,545
2021,2022,RS6727,"Rocky Mountain Bighorn Sheep Archery -Fillmore , Oak Creek - Archery",ROCKY_MOUNTAIN_BIGHORN_SHEEP,O.I.L.,BONUS_POINT,Resident,122,1,1,2,1 in 61.0,1.63934426,hunt_total_draw_result,21_bg-odds.pdf,BG_PARENT,547
2021,2022,RS6727,"Rocky Mountain Bighorn Sheep Archery -Fillmore , Oak Creek - Archery",ROCKY_MOUNTAIN_BIGHORN_SHEEP,O.I.L.,BONUS_POINT,Nonresident,0,0,0,0,N/A,,hunt_total_draw_result,21_bg-odds.pdf,BG_PARENT,547
2021,2022,GO6801,Mountain Goat - Beaver - Any Legal Weapon,MOUNTAIN_GOAT,O.I.L.,BONUS_POINT,Resident,855,5,4,9,1 in 95.0,1.05263158,hunt_total_draw_result,21_bg-odds.pdf,BG_PARENT,551
2021,2022,GO6801,Mountain Goat - Beaver - Any Legal Weapon,MOUNTAIN_GOAT,O.I.L.,BONUS_POINT,Nonresident,0,0,0,0,N/A,,hunt_total_draw_result,21_bg-odds.pdf,BG_PARENT,551
2021,2022,GO6804,"Mountain Goat - Chalk Creek/kamas, Uintas - Any Legal Weapon",MOUNTAIN_GOAT,O.I.L.,BONUS_POINT,Resident,283,6,5,11,1 in 25.7,3.89105058,hunt_total_draw_result,21_bg-odds.pdf,BG_PARENT,553
2021,2022,GO6804,"Mountain Goat - Chalk Creek/kamas, Uintas - Any Legal Weapon",MOUNTAIN_GOAT,O.I.L.,BONUS_POINT,Nonresident,758,0,1,1,1 in 758.0,0.13192612,hunt_total_draw_result,21_bg-odds.pdf,BG_PARENT,553
2021,2022,GO6805,"Mountain Goat - North Slope/south Slope, High Uintas Central - Any Legal Weapon",MOUNTAIN_GOAT,O.I.L.,BONUS_POINT,Resident,330,5,4,9,1 in 36.7,2.72479564,hunt_total_draw_result,21_bg-odds.pdf,BG_PARENT,554
2021,2022,GO6805,"Mountain Goat - North Slope/south Slope, High Uintas Central - Any Legal Weapon",MOUNTAIN_GOAT,O.I.L.,BONUS_POINT,Nonresident,681,0,1,1,1 in 681.0,0.14684288,hunt_total_draw_result,21_bg-odds.pdf,BG_PARENT,554
2021,2022,GO6806,"Mountain Goat - North Slope/south Slope, High Uintas East - Any Legal Weapon",MOUNTAIN_GOAT,O.I.L.,BONUS_POINT,Resident,134,2,1,3,1 in 44.7,2.23713647,hunt_total_draw_result,21_bg-odds.pdf,BG_PARENT,555
2021,2022,GO6806,"Mountain Goat - North Slope/south Slope, High Uintas East - Any Legal Weapon",MOUNTAIN_GOAT,O.I.L.,BONUS_POINT,Nonresident,0,0,0,0,N/A,,hunt_total_draw_result,21_bg-odds.pdf,BG_PARENT,555
2021,2022,GO6807,"Mountain Goat - North Slope/south Slope, High Uintas Leidy Peak - Any Legal Weapon",MOUNTAIN_GOAT,O.I.L.,BONUS_POINT,Resident,121,2,1,3,1 in 40.3,2.48138958,hunt_total_draw_result,21_bg-odds.pdf,BG_PARENT,556
2021,2022,GO6807,"Mountain Goat - North Slope/south Slope, High Uintas Leidy Peak - Any Legal Weapon",MOUNTAIN_GOAT,O.I.L.,BONUS_POINT,Nonresident,0,0,0,0,N/A,,hunt_total_draw_result,21_bg-odds.pdf,BG_PARENT,556
2021,2022,GO6808,"Mountain Goat - North Slope/south Slope, High Uintas West - Any Legal Weapon",MOUNTAIN_GOAT,O.I.L.,BONUS_POINT,Resident,666,10,9,19,1 in 35.1,2.84900285,hunt_total_draw_result,21_bg-odds.pdf,BG_PARENT,557
2021,2022,GO6808,"Mountain Goat - North Slope/south Slope, High Uintas West - Any Legal Weapon",MOUNTAIN_GOAT,O.I.L.,BONUS_POINT,Nonresident,743,0,1,1,1 in 743.0,0.1345895,hunt_total_draw_result,21_bg-odds.pdf,BG_PARENT,557
2021,2022,GO6810,"Mountain Goat - Ogden, Willard Peak - Any Legal Weapon",MOUNTAIN_GOAT,O.I.L.,BONUS_POINT,Resident,1579,2,1,3,1 in 526.3,0.1900057,hunt_total_draw_result,21_bg-odds.pdf,BG_PARENT,558
2021,2022,GO6810,"Mountain Goat - Ogden, Willard Peak - Any Legal Weapon",MOUNTAIN_GOAT,O.I.L.,BONUS_POINT,Nonresident,0,0,0,0,N/A,,hunt_total_draw_result,21_bg-odds.pdf,BG_PARENT,558
2021,2022,GO6813,"Mountain Goat - Wasatch Mtns, Provo Peak - Any Legal Weapon",MOUNTAIN_GOAT,O.I.L.,BONUS_POINT,Resident,159,2,1,3,1 in 53.0,1.88679245,hunt_total_draw_result,21_bg-odds.pdf,BG_PARENT,559
2021,2022,GO6813,"Mountain Goat - Wasatch Mtns, Provo Peak - Any Legal Weapon",MOUNTAIN_GOAT,O.I.L.,BONUS_POINT,Nonresident,0,0,0,0,N/A,,hunt_total_draw_result,21_bg-odds.pdf,BG_PARENT,559
2021,2022,GO6814,Mountain Goat - Mt Dutton - Any Legal Weapon,MOUNTAIN_GOAT,O.I.L.,BONUS_POINT,Resident,159,1,1,2,1 in 79.5,1.25786164,hunt_total_draw_result,21_bg-odds.pdf,BG_PARENT,560
2021,2022,GO6814,Mountain Goat - Mt Dutton - Any Legal Weapon,MOUNTAIN_GOAT,O.I.L.,BONUS_POINT,Nonresident,0,0,0,0,N/A,,hunt_total_draw_result,21_bg-odds.pdf,BG_PARENT,560
2021,2022,GO6815,"Mountain Goat Archery - North Slope/south Slope, High Uintas Central - Archery",MOUNTAIN_GOAT,O.I.L.,BONUS_POINT,Resident,145,2,2,4,1 in 36.3,2.75482094,hunt_total_draw_result,21_bg-odds.pdf,BG_PARENT,561
2021,2022,GO6815,"Mountain Goat Archery - North Slope/south Slope, High Uintas Central - Archery",MOUNTAIN_GOAT,O.I.L.,BONUS_POINT,Nonresident,0,0,0,0,N/A,,hunt_total_draw_result,21_bg-odds.pdf,BG_PARENT,561
2021,2022,GO6818,"Mountain Goat - Wasatch Mtns, Box Elder Peak - Any Legal Weapon",MOUNTAIN_GOAT,O.I.L.,BONUS_POINT,Resident,128,1,1,2,1 in 64.0,1.5625,hunt_total_draw_result,21_bg-odds.pdf,BG_PARENT,563
2021,2022,GO6818,"Mountain Goat - Wasatch Mtns, Box Elder Peak - Any Legal Weapon",MOUNTAIN_GOAT,O.I.L.,BONUS_POINT,Nonresident,0,0,0,0,N/A,,hunt_total_draw_result,21_bg-odds.pdf,BG_PARENT,563
2021,2022,GO6819,"Mountain Goat - Wasatch Mtns, Lone Peak - Any Legal Weapon",MOUNTAIN_GOAT,O.I.L.,BONUS_POINT,Resident,150,2,1,3,1 in 50.0,2,hunt_total_draw_result,21_bg-odds.pdf,BG_PARENT,564
2021,2022,GO6819,"Mountain Goat - Wasatch Mtns, Lone Peak - Any Legal Weapon",MOUNTAIN_GOAT,O.I.L.,BONUS_POINT,Nonresident,0,0,0,0,N/A,,hunt_total_draw_result,21_bg-odds.pdf,BG_PARENT,564
2021,2022,GO6820,"Mountain Goat - Wasatch Mtns, Timpanogos -An y Legal Weapon",MOUNTAIN_GOAT,O.I.L.,BONUS_POINT,Resident,452,2,2,4,1 in 113.0,0.88495575,hunt_total_draw_result,21_bg-odds.pdf,BG_PARENT,565
2021,2022,GO6820,"Mountain Goat - Wasatch Mtns, Timpanogos -An y Legal Weapon",MOUNTAIN_GOAT,O.I.L.,BONUS_POINT,Nonresident,0,0,0,0,N/A,,hunt_total_draw_result,21_bg-odds.pdf,BG_PARENT,565
2021,2022,GO6821,"Mountain Goat Archery - Central Mtns, Nebo - Archery",MOUNTAIN_GOAT,O.I.L.,BONUS_POINT,Resident,212,4,4,8,1 in 26.5,3.77358491,hunt_total_draw_result,21_bg-odds.pdf,BG_PARENT,566
2021,2022,GO6821,"Mountain Goat Archery - Central Mtns, Nebo - Archery",MOUNTAIN_GOAT,O.I.L.,BONUS_POINT,Nonresident,726,0,1,1,1 in 726.0,0.13774105,hunt_total_draw_result,21_bg-odds.pdf,BG_PARENT,566
2021,2022,DA1000,"Antlerless Deer - Beaver, Circleville North - Any Legal Weapon",DEER,ANTLERLESS,PREFERENCE_POINT,Resident,470,0,7,7,1 in 67.1,1.49031297,hunt_total_draw_result,2021 Antlerless Draw Results.pdf,ANTLERLESS_PARENT,1
2021,2022,DA1000,"Antlerless Deer - Beaver, Circleville North - Any Legal Weapon",DEER,ANTLERLESS,PREFERENCE_POINT,Nonresident,50,0,1,1,1 in 50.0,2,hunt_total_draw_result,2021 Antlerless Draw Results.pdf,ANTLERLESS_PARENT,1
2021,2022,DA1001,"Antlerless Deer - Box Elder, West Bear River - Archery, Mzldr, Shotgn Only",BLACK_BEAR,ANTLERLESS,PREFERENCE_POINT,Resident,127,0,22,22,1 in 5.8,17.24137931,hunt_total_draw_result,2021 Antlerless Draw Results.pdf,ANTLERLESS_PARENT,2
2021,2022,DA1001,"Antlerless Deer - Box Elder, West Bear River - Archery, Mzldr, Shotgn Only",BLACK_BEAR,ANTLERLESS,PREFERENCE_POINT,Nonresident,5,0,2,2,1 in 2.5,40,hunt_total_draw_result,2021 Antlerless Draw Results.pdf,ANTLERLESS_PARENT,2
2021,2022,DA1002,"Antlerless Deer - Box Elder, West Bear River - Archery, Mzldr, Shotgn Only",BLACK_BEAR,ANTLERLESS,PREFERENCE_POINT,Resident,176,0,24,24,1 in 7.3,13.69863014,hunt_total_draw_result,2021 Antlerless Draw Results.pdf,ANTLERLESS_PARENT,3
2021,2022,DA1002,"Antlerless Deer - Box Elder, West Bear River - Archery, Mzldr, Shotgn Only",BLACK_BEAR,ANTLERLESS,PREFERENCE_POINT,Nonresident,3,0,0,0,N/A,,hunt_total_draw_result,2021 Antlerless Draw Results.pdf,ANTLERLESS_PARENT,3
2021,2022,DA1003,"Antlerless Deer - Monroe/plateau, Sevier Valley - Archery, Mzldr, Shotgn Only",DEER,ANTLERLESS,PREFERENCE_POINT,Resident,384,0,38,38,1 in 10.1,9.9009901,hunt_total_draw_result,2021 Antlerless Draw Results.pdf,ANTLERLESS_PARENT,4
2021,2022,DA1003,"Antlerless Deer - Monroe/plateau, Sevier Valley - Archery, Mzldr, Shotgn Only",DEER,ANTLERLESS,PREFERENCE_POINT,Nonresident,9,0,2,2,1 in 4.5,22.22222222,hunt_total_draw_result,2021 Antlerless Draw Results.pdf,ANTLERLESS_PARENT,4
2021,2022,DA1004,"Antlerless Deer - Mt Dutton, Circleville South - Any Legal Weapon",DEER,ANTLERLESS,PREFERENCE_POINT,Resident,151,0,8,8,1 in 18.9,5.29100529,hunt_total_draw_result,2021 Antlerless Draw Results.pdf,ANTLERLESS_PARENT,5
2021,2022,DA1004,"Antlerless Deer - Mt Dutton, Circleville South - Any Legal Weapon",DEER,ANTLERLESS,PREFERENCE_POINT,Nonresident,26,0,0,0,N/A,,hunt_total_draw_result,2021 Antlerless Draw Results.pdf,ANTLERLESS_PARENT,5
2021,2022,DA1007,"Antlerless Deer - Panguitch Lake, Panguitch Valley - Any Legal Weapon",DEER,ANTLERLESS,PREFERENCE_POINT,Resident,1048,0,7,7,1 in 149.7,0.66800267,hunt_total_draw_result,2021 Antlerless Draw Results.pdf,ANTLERLESS_PARENT,6
2021,2022,DA1007,"Antlerless Deer - Panguitch Lake, Panguitch Valley - Any Legal Weapon",DEER,ANTLERLESS,PREFERENCE_POINT,Nonresident,194,0,1,1,1 in 194.0,0.51546392,hunt_total_draw_result,2021 Antlerless Draw Results.pdf,ANTLERLESS_PARENT,6
2021,2022,DA1009,"Antlerless Deer - Pine Valley, Enterprise - Any Legal Weapon",DEER,ANTLERLESS,PREFERENCE_POINT,Resident,644,0,21,21,1 in 30.7,3.25732899,hunt_total_draw_result,2021 Antlerless Draw Results.pdf,ANTLERLESS_PARENT,7
2021,2022,DA1009,"Antlerless Deer - Pine Valley, Enterprise - Any Legal Weapon",DEER,ANTLERLESS,PREFERENCE_POINT,Nonresident,99,0,7,7,1 in 14.1,7.09219858,hunt_total_draw_result,2021 Antlerless Draw Results.pdf,ANTLERLESS_PARENT,7
2021,2022,DA1011,Cwmu Antlerless Deer - George Creek - Any Legal Weapon,DEER,ANTLERLESS,PREFERENCE_POINT,Resident,131,0,4,4,1 in 32.8,3.04878049,hunt_total_draw_result,2021 Antlerless Draw Results.pdf,ANTLERLESS_PARENT,8
2021,2022,DA1011,Cwmu Antlerless Deer - George Creek - Any Legal Weapon,DEER,ANTLERLESS,PREFERENCE_POINT,Nonresident,0,0,0,0,N/A,,hunt_total_draw_result,2021 Antlerless Draw Results.pdf,ANTLERLESS_PARENT,8
2021,2022,DA1012,Cwmu Two Doe Antlerless Deer - Junction Valley - Any Legal Weapon,DEER,ANTLERLESS,PREFERENCE_POINT,Resident,435,0,12,12,1 in 36.3,2.75482094,hunt_total_draw_result,2021 Antlerless Draw Results.pdf,ANTLERLESS_PARENT,9
2021,2022,DA1012,Cwmu Two Doe Antlerless Deer - Junction Valley - Any Legal Weapon,DEER,ANTLERLESS,PREFERENCE_POINT,Nonresident,0,0,0,0,N/A,,hunt_total_draw_result,2021 Antlerless Draw Results.pdf,ANTLERLESS_PARENT,9
2021,2022,DA1013,Cwmu Antlerless Deer - Mt Carmel - Any Legal Weapon,DEER,ANTLERLESS,PREFERENCE_POINT,Resident,111,0,4,4,1 in 27.8,3.5971223,hunt_total_draw_result,2021 Antlerless Draw Results.pdf,ANTLERLESS_PARENT,10
2021,2022,DA1013,Cwmu Antlerless Deer - Mt Carmel - Any Legal Weapon,DEER,ANTLERLESS,PREFERENCE_POINT,Nonresident,0,0,0,0,N/A,,hunt_total_draw_result,2021 Antlerless Draw Results.pdf,ANTLERLESS_PARENT,10
2021,2022,DA1017,"Antlerless Deer - Pine Valley, Enterprise - Any Legal Weapon",DEER,ANTLERLESS,PREFERENCE_POINT,Resident,784,0,19,19,1 in 41.3,2.42130751,hunt_total_draw_result,2021 Antlerless Draw Results.pdf,ANTLERLESS_PARENT,11
2021,2022,DA1017,"Antlerless Deer - Pine Valley, Enterprise - Any Legal Weapon",DEER,ANTLERLESS,PREFERENCE_POINT,Nonresident,90,0,1,1,1 in 90.0,1.11111111,hunt_total_draw_result,2021 Antlerless Draw Results.pdf,ANTLERLESS_PARENT,11
2021,2022,DA1018,"Two Doe Antlerless Deer - Pine Valley, New Harmony - Archery, Mzldr, Shotgn Only",DEER,ANTLERLESS,PREFERENCE_POINT,Resident,176,0,25,25,1 in 7.0,14.28571429,hunt_total_draw_result,2021 Antlerless Draw Results.pdf,ANTLERLESS_PARENT,12
2021,2022,DA1018,"Two Doe Antlerless Deer - Pine Valley, New Harmony - Archery, Mzldr, Shotgn Only",DEER,ANTLERLESS,PREFERENCE_POINT,Nonresident,20,0,3,3,1 in 6.7,14.92537313,hunt_total_draw_result,2021 Antlerless Draw Results.pdf,ANTLERLESS_PARENT,12
2021,2022,DA1026,Antlerless Deer - Chalk Creek - Any Legal Weapon,DEER,ANTLERLESS,PREFERENCE_POINT,Resident,216,0,40,40,1 in 5.4,18.51851852,hunt_total_draw_result,2021 Antlerless Draw Results.pdf,ANTLERLESS_PARENT,13
2021,2022,DA1026,Antlerless Deer - Chalk Creek - Any Legal Weapon,DEER,ANTLERLESS,PREFERENCE_POINT,Nonresident,2,0,0,0,N/A,,hunt_total_draw_result,2021 Antlerless Draw Results.pdf,ANTLERLESS_PARENT,13
2021,2022,DA1027,"Antlerless Deer - East Canyon, Davis-north Salt Lake - Any Legal Weapon",DEER,ANTLERLESS,PREFERENCE_POINT,Resident,1619,0,77,77,1 in 21.0,4.76190476,hunt_total_draw_result,2021 Antlerless Draw Results.pdf,ANTLERLESS_PARENT,14
2021,2022,DA1027,"Antlerless Deer - East Canyon, Davis-north Salt Lake - Any Legal Weapon",DEER,ANTLERLESS,PREFERENCE_POINT,Nonresident,32,0,3,3,1 in 10.7,9.34579439,hunt_total_draw_result,2021 Antlerless Draw Results.pdf,ANTLERLESS_PARENT,14
2021,2022,DA1028,"Antlerless Deer - East Canyon, Davis-north Salt Lake - Any Legal Weapon",DEER,ANTLERLESS,PREFERENCE_POINT,Resident,960,0,79,79,1 in 12.2,8.19672131,hunt_total_draw_result,2021 Antlerless Draw Results.pdf,ANTLERLESS_PARENT,15
2021,2022,DA1028,"Antlerless Deer - East Canyon, Davis-north Salt Lake - Any Legal Weapon",DEER,ANTLERLESS,PREFERENCE_POINT,Nonresident,19,0,1,1,1 in 19.0,5.26315789,hunt_total_draw_result,2021 Antlerless Draw Results.pdf,ANTLERLESS_PARENT,15
2021,2022,DA1029,"Antlerless Deer - Nine Mile, Green River Valley - Archery",DEER,ANTLERLESS,PREFERENCE_POINT,Resident,21,0,9,9,1 in 2.3,43.47826087,hunt_total_draw_result,2021 Antlerless Draw Results.pdf,ANTLERLESS_PARENT,16
2021,2022,DA1029,"Antlerless Deer - Nine Mile, Green River Valley - Archery",DEER,ANTLERLESS,PREFERENCE_POINT,Nonresident,3,0,0,0,N/A,,hunt_total_draw_result,2021 Antlerless Draw Results.pdf,ANTLERLESS_PARENT,16
2021,2022,DA1030,"Antlerless Deer - Nine Mile, Price River Valley - Archery",DEER,ANTLERLESS,PREFERENCE_POINT,Resident,69,0,16,16,1 in 4.3,23.25581395,hunt_total_draw_result,2021 Antlerless Draw Results.pdf,ANTLERLESS_PARENT,17
2021,2022,DA1030,"Antlerless Deer - Nine Mile, Price River Valley - Archery",DEER,ANTLERLESS,PREFERENCE_POINT,Nonresident,1,0,0,0,N/A,,hunt_total_draw_result,2021 Antlerless Draw Results.pdf,ANTLERLESS_PARENT,17
2021,2022,DA1031,"Antlerless Deer - Oquirrh-stansbury, Settlement Cyn - Archery",DEER,ANTLERLESS,PREFERENCE_POINT,Resident,484,0,19,19,1 in 25.5,3.92156863,hunt_total_draw_result,2021 Antlerless Draw Results.pdf,ANTLERLESS_PARENT,18
2021,2022,DA1031,"Antlerless Deer - Oquirrh-stansbury, Settlement Cyn - Archery",DEER,ANTLERLESS,PREFERENCE_POINT,Nonresident,9,0,1,1,1 in 9.0,11.11111111,hunt_total_draw_result,2021 Antlerless Draw Results.pdf,ANTLERLESS_PARENT,18
2021,2022,DA1033,"Antlerless Deer - San Juan, Monticello - Archery",DEER,ANTLERLESS,PREFERENCE_POINT,Resident,45,0,3,3,1 in 15.0,6.66666667,hunt_total_draw_result,2021 Antlerless Draw Results.pdf,ANTLERLESS_PARENT,19
2021,2022,DA1033,"Antlerless Deer - San Juan, Monticello - Archery",DEER,ANTLERLESS,PREFERENCE_POINT,Nonresident,9,0,1,1,1 in 9.0,11.11111111,hunt_total_draw_result,2021 Antlerless Draw Results.pdf,ANTLERLESS_PARENT,19
2021,2022,DA1039,Antlerless Deer - East Canyon - Any Legal Weapon,DEER,ANTLERLESS,PREFERENCE_POINT,Resident,209,0,40,40,1 in 5.2,19.23076923,hunt_total_draw_result,2021 Antlerless Draw Results.pdf,ANTLERLESS_PARENT,20
2021,2022,DA1039,Antlerless Deer - East Canyon - Any Legal Weapon,DEER,ANTLERLESS,PREFERENCE_POINT,Nonresident,2,0,0,0,N/A,,hunt_total_draw_result,2021 Antlerless Draw Results.pdf,ANTLERLESS_PARENT,20
2021,2022,DA1040,Antlerless Deer - East Canyon - Archery,DEER,ANTLERLESS,PREFERENCE_POINT,Resident,52,0,48,48,1 in 1.1,90.90909091,hunt_total_draw_result,2021 Antlerless Draw Results.pdf,ANTLERLESS_PARENT,21
2021,2022,DA1040,Antlerless Deer - East Canyon - Archery,DEER,ANTLERLESS,PREFERENCE_POINT,Nonresident,1,0,1,1,1 in 1.0,100,hunt_total_draw_result,2021 Antlerless Draw Results.pdf,ANTLERLESS_PARENT,21
2021,2022,DA1041,"Antlerless Deer - Nine Mile, Green River Valley - Any Legal Weapon",DEER,ANTLERLESS,PREFERENCE_POINT,Resident,180,0,24,24,1 in 7.5,13.33333333,hunt_total_draw_result,2021 Antlerless Draw Results.pdf,ANTLERLESS_PARENT,22
2021,2022,DA1041,"Antlerless Deer - Nine Mile, Green River Valley - Any Legal Weapon",DEER,ANTLERLESS,PREFERENCE_POINT,Nonresident,5,0,0,0,N/A,,hunt_total_draw_result,2021 Antlerless Draw Results.pdf,ANTLERLESS_PARENT,22
2021,2022,DA1042,"Antlerless Deer - San Juan, Monticello - Archery",DEER,ANTLERLESS,PREFERENCE_POINT,Resident,38,0,4,4,1 in 9.5,10.52631579,hunt_total_draw_result,2021 Antlerless Draw Results.pdf,ANTLERLESS_PARENT,23
2021,2022,DA1042,"Antlerless Deer - San Juan, Monticello - Archery",DEER,ANTLERLESS,PREFERENCE_POINT,Nonresident,3,0,0,0,N/A,,hunt_total_draw_result,2021 Antlerless Draw Results.pdf,ANTLERLESS_PARENT,23
2021,2022,DA1043,"Antlerless Deer - Southwest Desert, Cedar Valley - Archery, Mzldr, Shotgn Only",DEER,ANTLERLESS,PREFERENCE_POINT,Resident,61,0,11,11,1 in 5.5,18.18181818,hunt_total_draw_result,2021 Antlerless Draw Results.pdf,ANTLERLESS_PARENT,24
2021,2022,DA1043,"Antlerless Deer - Southwest Desert, Cedar Valley - Archery, Mzldr, Shotgn Only",DEER,ANTLERLESS,PREFERENCE_POINT,Nonresident,2,0,1,1,1 in 2.0,50,hunt_total_draw_result,2021 Antlerless Draw Results.pdf,ANTLERLESS_PARENT,24
2021,2022,DA1044,"Two Doe Antlerless Deer - South Slope, Myton - Any Legal Weapon",DEER,ANTLERLESS,PREFERENCE_POINT,Resident,542,0,160,160,1 in 3.4,29.41176471,hunt_total_draw_result,2021 Antlerless Draw Results.pdf,ANTLERLESS_PARENT,25
2021,2022,DA1044,"Two Doe Antlerless Deer - South Slope, Myton - Any Legal Weapon",DEER,ANTLERLESS,PREFERENCE_POINT,Nonresident,8,0,0,0,N/A,,hunt_total_draw_result,2021 Antlerless Draw Results.pdf,ANTLERLESS_PARENT,25
2021,2022,DA1045,"Antlerless Deer - Fillmore, Oak City - Archery",DEER,ANTLERLESS,PREFERENCE_POINT,Resident,75,0,12,12,1 in 6.3,15.87301587,hunt_total_draw_result,2021 Antlerless Draw Results.pdf,ANTLERLESS_PARENT,26
2021,2022,DA1045,"Antlerless Deer - Fillmore, Oak City - Archery",DEER,ANTLERLESS,PREFERENCE_POINT,Nonresident,0,0,0,0,N/A,,hunt_total_draw_result,2021 Antlerless Draw Results.pdf,ANTLERLESS_PARENT,26
2021,2022,DA1046,"Antlerless Deer - Nine Mile, Price River Valley - Archery, Mzldr, Shotgn Only",DEER,ANTLERLESS,PREFERENCE_POINT,Resident,86,0,20,20,1 in 4.3,23.25581395,hunt_total_draw_result,2021 Antlerless Draw Results.pdf,ANTLERLESS_PARENT,27
2021,2022,DA1046,"Antlerless Deer - Nine Mile, Price River Valley - Archery, Mzldr, Shotgn Only",DEER,ANTLERLESS,PREFERENCE_POINT,Nonresident,2,0,0,0,N/A,,hunt_total_draw_result,2021 Antlerless Draw Results.pdf,ANTLERLESS_PARENT,27
2021,2022,EA1004,"Antlerless Elk - Book Cliffs, Little Creek Roadless - Any Legal Weapon",ELK,ANTLERLESS,PREFERENCE_POINT,Resident,80,0,22,22,1 in 3.6,27.77777778,hunt_total_draw_result,2021 Antlerless Draw Results.pdf,ANTLERLESS_PARENT,30
2021,2022,EA1004,"Antlerless Elk - Book Cliffs, Little Creek Roadless - Any Legal Weapon",ELK,ANTLERLESS,PREFERENCE_POINT,Nonresident,15,0,3,3,1 in 5.0,20,hunt_total_draw_result,2021 Antlerless Draw Results.pdf,ANTLERLESS_PARENT,30
2021,2022,EA1007,"Antlerless Elk - Box Elder, Grouse Creek - Any Legal Weapon",ELK,ANTLERLESS,PREFERENCE_POINT,Resident,77,0,4,4,1 in 19.3,5.18134715,hunt_total_draw_result,2021 Antlerless Draw Results.pdf,ANTLERLESS_PARENT,31
2021,2022,EA1007,"Antlerless Elk - Box Elder, Grouse Creek - Any Legal Weapon",ELK,ANTLERLESS,PREFERENCE_POINT,Nonresident,20,0,1,1,1 in 20.0,5,hunt_total_draw_result,2021 Antlerless Draw Results.pdf,ANTLERLESS_PARENT,31
2021,2022,EA1008,"Antlerless Elk - Box Elder, Grouse Creek - Any Legal Weapon",ELK,ANTLERLESS,PREFERENCE_POINT,Resident,40,0,4,4,1 in 10.0,10,hunt_total_draw_result,2021 Antlerless Draw Results.pdf,ANTLERLESS_PARENT,32
2021,2022,EA1008,"Antlerless Elk - Box Elder, Grouse Creek - Any Legal Weapon",ELK,ANTLERLESS,PREFERENCE_POINT,Nonresident,12,0,1,1,1 in 12.0,8.33333333,hunt_total_draw_result,2021 Antlerless Draw Results.pdf,ANTLERLESS_PARENT,32
2021,2022,EA1009,"Antlerless Elk - Cache, East - Any Legal Weapon",ELK,ANTLERLESS,PREFERENCE_POINT,Resident,1429,0,349,349,1 in 4.1,24.3902439,hunt_total_draw_result,2021 Antlerless Draw Results.pdf,ANTLERLESS_PARENT,33
2021,2022,EA1009,"Antlerless Elk - Cache, East - Any Legal Weapon",ELK,ANTLERLESS,PREFERENCE_POINT,Nonresident,56,0,40,40,1 in 1.4,71.42857143,hunt_total_draw_result,2021 Antlerless Draw Results.pdf,ANTLERLESS_PARENT,33
2021,2022,EA1010,"Antlerless Elk - Cache, Rich - Any Legal Weapon",ELK,ANTLERLESS,PREFERENCE_POINT,Resident,200,0,51,51,1 in 3.9,25.64102564,hunt_total_draw_result,2021 Antlerless Draw Results.pdf,ANTLERLESS_PARENT,34
2021,2022,EA1010,"Antlerless Elk - Cache, Rich - Any Legal Weapon",ELK,ANTLERLESS,PREFERENCE_POINT,Nonresident,4,0,4,4,1 in 1.0,100,hunt_total_draw_result,2021 Antlerless Draw Results.pdf,ANTLERLESS_PARENT,34
2021,2022,EA1011,"Antlerless Elk - Cache, Richards Hollow - Any Legal Weapon",ELK,ANTLERLESS,PREFERENCE_POINT,Resident,165,0,32,32,1 in 5.2,19.23076923,hunt_total_draw_result,2021 Antlerless Draw Results.pdf,ANTLERLESS_PARENT,35
2021,2022,EA1011,"Antlerless Elk - Cache, Richards Hollow - Any Legal Weapon",ELK,ANTLERLESS,PREFERENCE_POINT,Nonresident,5,0,4,4,1 in 1.3,76.92307692,hunt_total_draw_result,2021 Antlerless Draw Results.pdf,ANTLERLESS_PARENT,35
2021,2022,EA1012,"Antlerless Elk - Cache, Richmond Hyde Park - Any Legal Weapon",ELK,ANTLERLESS,PREFERENCE_POINT,Resident,32,0,11,11,1 in 2.9,34.48275862,hunt_total_draw_result,2021 Antlerless Draw Results.pdf,ANTLERLESS_PARENT,36
2021,2022,EA1012,"Antlerless Elk - Cache, Richmond Hyde Park - Any Legal Weapon",ELK,ANTLERLESS,PREFERENCE_POINT,Nonresident,1,0,1,1,1 in 1.0,100,hunt_total_draw_result,2021 Antlerless Draw Results.pdf,ANTLERLESS_PARENT,36
2021,2022,EA1013,"Antlerless Elk - Central Mtns, Central Manti - Any Legal Weapon",ELK,ANTLERLESS,PREFERENCE_POINT,Resident,942,0,8,8,1 in 117.8,0.84889643,hunt_total_draw_result,2021 Antlerless Draw Results.pdf,ANTLERLESS_PARENT,37
2021,2022,EA1013,"Antlerless Elk - Central Mtns, Central Manti - Any Legal Weapon",ELK,ANTLERLESS,PREFERENCE_POINT,Nonresident,36,0,1,1,1 in 36.0,2.77777778,hunt_total_draw_result,2021 Antlerless Draw Results.pdf,ANTLERLESS_PARENT,37
2021,2022,EA1015,"Antlerless Elk - Central Mtns, Ferron Canyon - Any Legal Weapon",ELK,ANTLERLESS,PREFERENCE_POINT,Resident,362,0,8,8,1 in 45.3,2.20750552,hunt_total_draw_result,2021 Antlerless Draw Results.pdf,ANTLERLESS_PARENT,38
2021,2022,EA1015,"Antlerless Elk - Central Mtns, Ferron Canyon - Any Legal Weapon",ELK,ANTLERLESS,PREFERENCE_POINT,Nonresident,30,0,1,1,1 in 30.0,3.33333333,hunt_total_draw_result,2021 Antlerless Draw Results.pdf,ANTLERLESS_PARENT,38
2021,2022,EA1017,"Antlerless Elk - Central Mtns, Gordon Creek-price Canyon - Any Legal Weapon",ELK,ANTLERLESS,PREFERENCE_POINT,Resident,361,0,8,8,1 in 45.1,2.2172949,hunt_total_draw_result,2021 Antlerless Draw Results.pdf,ANTLERLESS_PARENT,39
2021,2022,EA1017,"Antlerless Elk - Central Mtns, Gordon Creek-price Canyon - Any Legal Weapon",ELK,ANTLERLESS,PREFERENCE_POINT,Nonresident,10,0,1,1,1 in 10.0,10,hunt_total_draw_result,2021 Antlerless Draw Results.pdf,ANTLERLESS_PARENT,39
2021,2022,EA1018,"Antlerless Elk - Central Mtns, Horn Mtn - Any Legal Weapon",ELK,ANTLERLESS,PREFERENCE_POINT,Resident,158,0,4,4,1 in 39.5,2.53164557,hunt_total_draw_result,2021 Antlerless Draw Results.pdf,ANTLERLESS_PARENT,40
2021,2022,EA1018,"Antlerless Elk - Central Mtns, Horn Mtn - Any Legal Weapon",ELK,ANTLERLESS,PREFERENCE_POINT,Nonresident,5,0,1,1,1 in 5.0,20,hunt_total_draw_result,2021 Antlerless Draw Results.pdf,ANTLERLESS_PARENT,40
2021,2022,EA1020,"Antlerless Elk - Central Mtns, Mohrland-stump Flat - Any Legal Weapon",ELK,ANTLERLESS,PREFERENCE_POINT,Resident,147,0,8,8,1 in 18.4,5.43478261,hunt_total_draw_result,2021 Antlerless Draw Results.pdf,ANTLERLESS_PARENT,41
2021,2022,EA1020,"Antlerless Elk - Central Mtns, Mohrland-stump Flat - Any Legal Weapon",ELK,ANTLERLESS,PREFERENCE_POINT,Nonresident,6,0,1,1,1 in 6.0,16.66666667,hunt_total_draw_result,2021 Antlerless Draw Results.pdf,ANTLERLESS_PARENT,41
2021,2022,EA1021,"Antlerless Elk - Central Mtns, Nebo - Any Legal Weapon",ELK,ANTLERLESS,PREFERENCE_POINT,Resident,558,0,53,53,1 in 10.5,9.52380952,hunt_total_draw_result,2021 Antlerless Draw Results.pdf,ANTLERLESS_PARENT,42
2021,2022,EA1021,"Antlerless Elk - Central Mtns, Nebo - Any Legal Weapon",ELK,ANTLERLESS,PREFERENCE_POINT,Nonresident,21,0,7,7,1 in 3.0,33.33333333,hunt_total_draw_result,2021 Antlerless Draw Results.pdf,ANTLERLESS_PARENT,42
2021,2022,EA1022,"Antlerless Elk - Central Mtns, North Manti - Any Legal Weapon",ELK,ANTLERLESS,PREFERENCE_POINT,Resident,1310,0,107,107,1 in 12.2,8.19672131,hunt_total_draw_result,2021 Antlerless Draw Results.pdf,ANTLERLESS_PARENT,43
2021,2022,EA1022,"Antlerless Elk - Central Mtns, North Manti - Any Legal Weapon",ELK,ANTLERLESS,PREFERENCE_POINT,Nonresident,70,0,12,12,1 in 5.8,17.24137931,hunt_total_draw_result,2021 Antlerless Draw Results.pdf,ANTLERLESS_PARENT,43
2021,2022,EA1023,"Antlerless Elk - Central Mtns, South Manti - Any Legal Weapon",ELK,ANTLERLESS,PREFERENCE_POINT,Resident,557,0,29,29,1 in 19.2,5.20833333,hunt_total_draw_result,2021 Antlerless Draw Results.pdf,ANTLERLESS_PARENT,44
2021,2022,EA1023,"Antlerless Elk - Central Mtns, South Manti - Any Legal Weapon",ELK,ANTLERLESS,PREFERENCE_POINT,Nonresident,36,0,4,4,1 in 9.0,11.11111111,hunt_total_draw_result,2021 Antlerless Draw Results.pdf,ANTLERLESS_PARENT,44
2021,2022,EA1024,"Antlerless Elk - Central Mtns, South Manti - Any Legal Weapon",ELK,ANTLERLESS,PREFERENCE_POINT,Resident,511,0,8,8,1 in 63.9,1.56494523,hunt_total_draw_result,2021 Antlerless Draw Results.pdf,ANTLERLESS_PARENT,45
2021,2022,EA1024,"Antlerless Elk - Central Mtns, South Manti - Any Legal Weapon",ELK,ANTLERLESS,PREFERENCE_POINT,Nonresident,8,0,1,1,1 in 8.0,12.5,hunt_total_draw_result,2021 Antlerless Draw Results.pdf,ANTLERLESS_PARENT,45
2021,2022,EA1025,"Antlerless Elk - Central Mtns, West Manti - Any Legal Weapon",ELK,ANTLERLESS,PREFERENCE_POINT,Resident,320,0,51,51,1 in 6.3,15.87301587,hunt_total_draw_result,2021 Antlerless Draw Results.pdf,ANTLERLESS_PARENT,46
2021,2022,EA1025,"Antlerless Elk - Central Mtns, West Manti - Any Legal Weapon",ELK,ANTLERLESS,PREFERENCE_POINT,Nonresident,12,0,6,6,1 in 2.0,50,hunt_total_draw_result,2021 Antlerless Draw Results.pdf,ANTLERLESS_PARENT,46
2021,2022,EA1026,Antlerless Elk - Chalk Creek - Any Legal Weapon,ELK,ANTLERLESS,PREFERENCE_POINT,Resident,290,0,290,290,1 in 1.0,100,hunt_total_draw_result,2021 Antlerless Draw Results.pdf,ANTLERLESS_PARENT,47
2021,2022,EA1026,Antlerless Elk - Chalk Creek - Any Legal Weapon,ELK,ANTLERLESS,PREFERENCE_POINT,Nonresident,21,0,21,21,1 in 1.0,100,hunt_total_draw_result,2021 Antlerless Draw Results.pdf,ANTLERLESS_PARENT,47
2021,2022,EA1030,"Antlerless Elk - Fillmore, Pahvant - Any Legal Weapon",ELK,ANTLERLESS,PREFERENCE_POINT,Resident,279,0,18,18,1 in 15.5,6.4516129,hunt_total_draw_result,2021 Antlerless Draw Results.pdf,ANTLERLESS_PARENT,48
2021,2022,EA1030,"Antlerless Elk - Fillmore, Pahvant - Any Legal Weapon",ELK,ANTLERLESS,PREFERENCE_POINT,Nonresident,41,0,3,3,1 in 13.7,7.29927007,hunt_total_draw_result,2021 Antlerless Draw Results.pdf,ANTLERLESS_PARENT,48
2021,2022,EA1031,"Antlerless Elk - Fillmore, Pahvant - Any Legal Weapon",ELK,ANTLERLESS,PREFERENCE_POINT,Resident,305,0,18,18,1 in 16.9,5.91715976,hunt_total_draw_result,2021 Antlerless Draw Results.pdf,ANTLERLESS_PARENT,49
2021,2022,EA1031,"Antlerless Elk - Fillmore, Pahvant - Any Legal Weapon",ELK,ANTLERLESS,PREFERENCE_POINT,Nonresident,23,0,3,3,1 in 7.7,12.98701299,hunt_total_draw_result,2021 Antlerless Draw Results.pdf,ANTLERLESS_PARENT,49
2021,2022,EA1033,Antlerless Elk - Kamas - Any Legal Weapon,ELK,ANTLERLESS,PREFERENCE_POINT,Resident,449,0,72,72,1 in 6.2,16.12903226,hunt_total_draw_result,2021 Antlerless Draw Results.pdf,ANTLERLESS_PARENT,50
2021,2022,EA1033,Antlerless Elk - Kamas - Any Legal Weapon,ELK,ANTLERLESS,PREFERENCE_POINT,Nonresident,25,0,8,8,1 in 3.1,32.25806452,hunt_total_draw_result,2021 Antlerless Draw Results.pdf,ANTLERLESS_PARENT,50
2021,2022,EA1034,"Antlerless Elk - Kamas, Francis - Any Legal Weapon",ELK,ANTLERLESS,PREFERENCE_POINT,Resident,77,0,19,19,1 in 4.1,24.3902439,hunt_total_draw_result,2021 Antlerless Draw Results.pdf,ANTLERLESS_PARENT,51
2021,2022,EA1034,"Antlerless Elk - Kamas, Francis - Any Legal Weapon",ELK,ANTLERLESS,PREFERENCE_POINT,Nonresident,0,0,0,0,N/A,,hunt_total_draw_result,2021 Antlerless Draw Results.pdf,ANTLERLESS_PARENT,51
2021,2022,EA1035,"Antlerless Elk - Kamas, Oakley - Any Legal Weapon",ELK,ANTLERLESS,PREFERENCE_POINT,Resident,173,0,77,77,1 in 2.2,45.45454545,hunt_total_draw_result,2021 Antlerless Draw Results.pdf,ANTLERLESS_PARENT,52
2021,2022,EA1035,"Antlerless Elk - Kamas, Oakley - Any Legal Weapon",ELK,ANTLERLESS,PREFERENCE_POINT,Nonresident,9,0,9,9,1 in 1.0,100,hunt_total_draw_result,2021 Antlerless Draw Results.pdf,ANTLERLESS_PARENT,52
2021,2022,EA1038,"Antlerless Elk - La Sal, La Sal Mtns - Any Legal Weapon",ELK,ANTLERLESS,PREFERENCE_POINT,Resident,268,0,196,196,1 in 1.4,71.42857143,hunt_total_draw_result,2021 Antlerless Draw Results.pdf,ANTLERLESS_PARENT,53
2021,2022,EA1038,"Antlerless Elk - La Sal, La Sal Mtns - Any Legal Weapon",ELK,ANTLERLESS,PREFERENCE_POINT,Nonresident,50,0,25,25,1 in 2.0,50,hunt_total_draw_result,2021 Antlerless Draw Results.pdf,ANTLERLESS_PARENT,53
2021,2022,EA1039,"Antlerless Elk - La Sal, La Sal Mtns - Any Legal Weapon",ELK,ANTLERLESS,PREFERENCE_POINT,Resident,515,0,180,180,1 in 2.9,34.48275862,hunt_total_draw_result,2021 Antlerless Draw Results.pdf,ANTLERLESS_PARENT,54
2021,2022,EA1039,"Antlerless Elk - La Sal, La Sal Mtns - Any Legal Weapon",ELK,ANTLERLESS,PREFERENCE_POINT,Nonresident,79,0,20,20,1 in 4.0,25,hunt_total_draw_result,2021 Antlerless Draw Results.pdf,ANTLERLESS_PARENT,54
2021,2022,EA1040,"Antlerless Elk - Monroe, Koosharem Valley - Any Legal Weapon",ELK,ANTLERLESS,PREFERENCE_POINT,Resident,146,0,8,8,1 in 18.3,5.46448087,hunt_total_draw_result,2021 Antlerless Draw Results.pdf,ANTLERLESS_PARENT,55
2021,2022,EA1040,"Antlerless Elk - Monroe, Koosharem Valley - Any Legal Weapon",ELK,ANTLERLESS,PREFERENCE_POINT,Nonresident,8,0,1,1,1 in 8.0,12.5,hunt_total_draw_result,2021 Antlerless Draw Results.pdf,ANTLERLESS_PARENT,55
2021,2022,EA1044,"Antlerless Elk - Morgan-south Rich, South Rich - Any Legal Weapon",ELK,ANTLERLESS,PREFERENCE_POINT,Resident,76,0,39,39,1 in 1.9,52.63157895,hunt_total_draw_result,2021 Antlerless Draw Results.pdf,ANTLERLESS_PARENT,56
2021,2022,EA1044,"Antlerless Elk - Morgan-south Rich, South Rich - Any Legal Weapon",ELK,ANTLERLESS,PREFERENCE_POINT,Nonresident,18,0,5,5,1 in 3.6,27.77777778,hunt_total_draw_result,2021 Antlerless Draw Results.pdf,ANTLERLESS_PARENT,56
2021,2022,EA1049,"Antlerless Elk - Mt Dutton, Deep Creek -An y Legal Weapon",ELK,ANTLERLESS,PREFERENCE_POINT,Resident,89,0,22,22,1 in 4.0,25,hunt_total_draw_result,2021 Antlerless Draw Results.pdf,ANTLERLESS_PARENT,57
2021,2022,EA1049,"Antlerless Elk - Mt Dutton, Deep Creek -An y Legal Weapon",ELK,ANTLERLESS,PREFERENCE_POINT,Nonresident,26,0,3,3,1 in 8.7,11.49425287,hunt_total_draw_result,2021 Antlerless Draw Results.pdf,ANTLERLESS_PARENT,57
2021,2022,EA1052,"Antlerless Elk - Nine Mile, Avintaquin-west Anthro - Any Legal Weapon",ELK,ANTLERLESS,PREFERENCE_POINT,Resident,267,0,205,205,1 in 1.3,76.92307692,hunt_total_draw_result,2021 Antlerless Draw Results.pdf,ANTLERLESS_PARENT,58
2021,2022,EA1052,"Antlerless Elk - Nine Mile, Avintaquin-west Anthro - Any Legal Weapon",ELK,ANTLERLESS,PREFERENCE_POINT,Nonresident,53,0,24,24,1 in 2.2,45.45454545,hunt_total_draw_result,2021 Antlerless Draw Results.pdf,ANTLERLESS_PARENT,58
2021,2022,EA1054,"Antlerless Elk - Nine Mile, West Anthro - Any Legal Weapon",ELK,ANTLERLESS,PREFERENCE_POINT,Resident,169,0,169,169,1 in 1.0,100,hunt_total_draw_result,2021 Antlerless Draw Results.pdf,ANTLERLESS_PARENT,59
2021,2022,EA1054,"Antlerless Elk - Nine Mile, West Anthro - Any Legal Weapon",ELK,ANTLERLESS,PREFERENCE_POINT,Nonresident,13,0,13,13,1 in 1.0,100,hunt_total_draw_result,2021 Antlerless Draw Results.pdf,ANTLERLESS_PARENT,59
2021,2022,EA1055,"Antlerless Elk - North Slope, Greendale - Any Legal Weapon",ELK,ANTLERLESS,PREFERENCE_POINT,Resident,94,0,4,4,1 in 23.5,4.25531915,hunt_total_draw_result,2021 Antlerless Draw Results.pdf,ANTLERLESS_PARENT,60
2021,2022,EA1055,"Antlerless Elk - North Slope, Greendale - Any Legal Weapon",ELK,ANTLERLESS,PREFERENCE_POINT,Nonresident,5,0,1,1,1 in 5.0,20,hunt_total_draw_result,2021 Antlerless Draw Results.pdf,ANTLERLESS_PARENT,60
2021,2022,EA1056,"Antlerless Elk - North Slope, Greendale - Any Legal Weapon",ELK,ANTLERLESS,PREFERENCE_POINT,Resident,87,0,4,4,1 in 21.8,4.58715596,hunt_total_draw_result,2021 Antlerless Draw Results.pdf,ANTLERLESS_PARENT,61
2021,2022,EA1056,"Antlerless Elk - North Slope, Greendale - Any Legal Weapon",ELK,ANTLERLESS,PREFERENCE_POINT,Nonresident,4,0,1,1,1 in 4.0,25,hunt_total_draw_result,2021 Antlerless Draw Results.pdf,ANTLERLESS_PARENT,61
2021,2022,EA1058,"Antlerless Elk - North Slope, Henry's Fork-burnt Fork - Any Legal Weapon",ELK,ANTLERLESS,PREFERENCE_POINT,Resident,368,0,36,36,1 in 10.2,9.80392157,hunt_total_draw_result,2021 Antlerless Draw Results.pdf,ANTLERLESS_PARENT,62
2021,2022,EA1058,"Antlerless Elk - North Slope, Henry's Fork-burnt Fork - Any Legal Weapon",ELK,ANTLERLESS,PREFERENCE_POINT,Nonresident,20,0,4,4,1 in 5.0,20,hunt_total_draw_result,2021 Antlerless Draw Results.pdf,ANTLERLESS_PARENT,62
2021,2022,EA1060,"Antlerless Elk - North Slope, West Daggett - Muzzleloader",ELK,ANTLERLESS,PREFERENCE_POINT,Resident,100,0,8,8,1 in 12.5,8,hunt_total_draw_result,2021 Antlerless Draw Results.pdf,ANTLERLESS_PARENT,63
2021,2022,EA1060,"Antlerless Elk - North Slope, West Daggett - Muzzleloader",ELK,ANTLERLESS,PREFERENCE_POINT,Nonresident,0,0,0,0,N/A,,hunt_total_draw_result,2021 Antlerless Draw Results.pdf,ANTLERLESS_PARENT,63
2021,2022,EA1061,"Antlerless Elk - North Slope, West Daggett - Muzzleloader",ELK,ANTLERLESS,PREFERENCE_POINT,Resident,94,0,15,15,1 in 6.3,15.87301587,hunt_total_draw_result,2021 Antlerless Draw Results.pdf,ANTLERLESS_PARENT,64
2021,2022,EA1061,"Antlerless Elk - North Slope, West Daggett - Muzzleloader",ELK,ANTLERLESS,PREFERENCE_POINT,Nonresident,7,0,2,2,1 in 3.5,28.57142857,hunt_total_draw_result,2021 Antlerless Draw Results.pdf,ANTLERLESS_PARENT,64
2021,2022,EA1063,Antlerless Elk - Ogden - Any Legal Weapon,ELK,ANTLERLESS,PREFERENCE_POINT,Resident,130,0,15,15,1 in 8.7,11.49425287,hunt_total_draw_result,2021 Antlerless Draw Results.pdf,ANTLERLESS_PARENT,65
2021,2022,EA1063,Antlerless Elk - Ogden - Any Legal Weapon,ELK,ANTLERLESS,PREFERENCE_POINT,Nonresident,9,0,2,2,1 in 4.5,22.22222222,hunt_total_draw_result,2021 Antlerless Draw Results.pdf,ANTLERLESS_PARENT,65
2021,2022,EA1064,Antlerless Elk - Ogden - Any Legal Weapon,ELK,ANTLERLESS,PREFERENCE_POINT,Resident,311,0,15,15,1 in 20.7,4.83091787,hunt_total_draw_result,2021 Antlerless Draw Results.pdf,ANTLERLESS_PARENT,66
2021,2022,EA1064,Antlerless Elk - Ogden - Any Legal Weapon,ELK,ANTLERLESS,PREFERENCE_POINT,Nonresident,6,0,2,2,1 in 3.0,33.33333333,hunt_total_draw_result,2021 Antlerless Draw Results.pdf,ANTLERLESS_PARENT,66
2021,2022,EA1066,Antlerless Elk - Panguitch Lake - Any Legal Weapon,ELK,ANTLERLESS,PREFERENCE_POINT,Resident,128,0,54,54,1 in 2.4,41.66666667,hunt_total_draw_result,2021 Antlerless Draw Results.pdf,ANTLERLESS_PARENT,67
2021,2022,EA1066,Antlerless Elk - Panguitch Lake - Any Legal Weapon,ELK,ANTLERLESS,PREFERENCE_POINT,Nonresident,45,0,7,7,1 in 6.4,15.625,hunt_total_draw_result,2021 Antlerless Draw Results.pdf,ANTLERLESS_PARENT,67
2021,2022,EA1067,Antlerless Elk - Panguitch Lake - Any Legal Weapon,ELK,ANTLERLESS,PREFERENCE_POINT,Resident,118,0,54,54,1 in 2.2,45.45454545,hunt_total_draw_result,2021 Antlerless Draw Results.pdf,ANTLERLESS_PARENT,68
2021,2022,EA1067,Antlerless Elk - Panguitch Lake - Any Legal Weapon,ELK,ANTLERLESS,PREFERENCE_POINT,Nonresident,25,0,7,7,1 in 3.6,27.77777778,hunt_total_draw_result,2021 Antlerless Draw Results.pdf,ANTLERLESS_PARENT,68
2021,2022,EA1068,Antlerless Elk - Panguitch Lake - Any Legal Weapon,ELK,ANTLERLESS,PREFERENCE_POINT,Resident,339,0,72,72,1 in 4.7,21.27659574,hunt_total_draw_result,2021 Antlerless Draw Results.pdf,ANTLERLESS_PARENT,69
2021,2022,EA1068,Antlerless Elk - Panguitch Lake - Any Legal Weapon,ELK,ANTLERLESS,PREFERENCE_POINT,Nonresident,93,0,8,8,1 in 11.6,8.62068966,hunt_total_draw_result,2021 Antlerless Draw Results.pdf,ANTLERLESS_PARENT,69
2021,2022,EA1069,Antlerless Elk - Panguitch Lake - Any Legal Weapon,ELK,ANTLERLESS,PREFERENCE_POINT,Resident,323,0,54,54,1 in 6.0,16.66666667,hunt_total_draw_result,2021 Antlerless Draw Results.pdf,ANTLERLESS_PARENT,70
2021,2022,EA1069,Antlerless Elk - Panguitch Lake - Any Legal Weapon,ELK,ANTLERLESS,PREFERENCE_POINT,Nonresident,46,0,7,7,1 in 6.6,15.15151515,hunt_total_draw_result,2021 Antlerless Draw Results.pdf,ANTLERLESS_PARENT,70
2021,2022,EA1073,Antlerless Elk - Paunsaugunt - Any Legal Weapon,ELK,ANTLERLESS,PREFERENCE_POINT,Resident,181,0,36,36,1 in 5.0,20,hunt_total_draw_result,2021 Antlerless Draw Results.pdf,ANTLERLESS_PARENT,71
2021,2022,EA1073,Antlerless Elk - Paunsaugunt - Any Legal Weapon,ELK,ANTLERLESS,PREFERENCE_POINT,Nonresident,13,0,4,4,1 in 3.3,30.3030303,hunt_total_draw_result,2021 Antlerless Draw Results.pdf,ANTLERLESS_PARENT,71
2021,2022,EA1074,Antlerless Elk - Pine Valley - Any Legal Weapon,ELK,ANTLERLESS,PREFERENCE_POINT,Resident,124,0,15,15,1 in 8.3,12.04819277,hunt_total_draw_result,2021 Antlerless Draw Results.pdf,ANTLERLESS_PARENT,72
2021,2022,EA1074,Antlerless Elk - Pine Valley - Any Legal Weapon,ELK,ANTLERLESS,PREFERENCE_POINT,Nonresident,17,0,2,2,1 in 8.5,11.76470588,hunt_total_draw_result,2021 Antlerless Draw Results.pdf,ANTLERLESS_PARENT,72
2021,2022,EA1075,"Antlerless Elk - Plateau, Boulder East - Any Legal Weapon",ELK,ANTLERLESS,PREFERENCE_POINT,Resident,145,0,8,8,1 in 18.1,5.52486188,hunt_total_draw_result,2021 Antlerless Draw Results.pdf,ANTLERLESS_PARENT,73
2021,2022,EA1075,"Antlerless Elk - Plateau, Boulder East - Any Legal Weapon",ELK,ANTLERLESS,PREFERENCE_POINT,Nonresident,8,0,1,1,1 in 8.0,12.5,hunt_total_draw_result,2021 Antlerless Draw Results.pdf,ANTLERLESS_PARENT,73
2021,2022,EA1076,"Antlerless Elk - Plateau, Boulder West - Any Legal Weapon",ELK,ANTLERLESS,PREFERENCE_POINT,Resident,259,0,8,8,1 in 32.4,3.08641975,hunt_total_draw_result,2021 Antlerless Draw Results.pdf,ANTLERLESS_PARENT,74
2021,2022,EA1076,"Antlerless Elk - Plateau, Boulder West - Any Legal Weapon",ELK,ANTLERLESS,PREFERENCE_POINT,Nonresident,12,0,1,1,1 in 12.0,8.33333333,hunt_total_draw_result,2021 Antlerless Draw Results.pdf,ANTLERLESS_PARENT,74
2021,2022,EA1077,"Antlerless Elk - Plateau, Boulder-circle Cliffs -An y Legal Weapon",ELK,ANTLERLESS,PREFERENCE_POINT,Resident,52,0,15,15,1 in 3.5,28.57142857,hunt_total_draw_result,2021 Antlerless Draw Results.pdf,ANTLERLESS_PARENT,75
2021,2022,EA1077,"Antlerless Elk - Plateau, Boulder-circle Cliffs -An y Legal Weapon",ELK,ANTLERLESS,PREFERENCE_POINT,Nonresident,1,0,1,1,1 in 1.0,100,hunt_total_draw_result,2021 Antlerless Draw Results.pdf,ANTLERLESS_PARENT,75
2021,2022,EA1078,"Antlerless Elk - Plateau, Fishlake/thousand Lakes - Any Legal Weapon",ELK,ANTLERLESS,PREFERENCE_POINT,Resident,912,0,173,173,1 in 5.3,18.86792453,hunt_total_draw_result,2021 Antlerless Draw Results.pdf,ANTLERLESS_PARENT,76
2021,2022,EA1078,"Antlerless Elk - Plateau, Fishlake/thousand Lakes - Any Legal Weapon",ELK,ANTLERLESS,PREFERENCE_POINT,Nonresident,72,0,19,19,1 in 3.8,26.31578947,hunt_total_draw_result,2021 Antlerless Draw Results.pdf,ANTLERLESS_PARENT,76
2021,2022,EA1079,"Antlerless Elk - Plateau, Fishlake/thousand Lakes East - Any Legal Weapon",ELK,ANTLERLESS,PREFERENCE_POINT,Resident,593,0,58,58,1 in 10.2,9.80392157,hunt_total_draw_result,2021 Antlerless Draw Results.pdf,ANTLERLESS_PARENT,77
2021,2022,EA1079,"Antlerless Elk - Plateau, Fishlake/thousand Lakes East - Any Legal Weapon",ELK,ANTLERLESS,PREFERENCE_POINT,Nonresident,45,0,7,7,1 in 6.4,15.625,hunt_total_draw_result,2021 Antlerless Draw Results.pdf,ANTLERLESS_PARENT,77
2021,2022,EA1080,"Antlerless Elk - Plateau, Fishlake/thousand Lakes West - Any Legal Weapon",ELK,ANTLERLESS,PREFERENCE_POINT,Resident,664,0,58,58,1 in 11.4,8.77192982,hunt_total_draw_result,2021 Antlerless Draw Results.pdf,ANTLERLESS_PARENT,78
2021,2022,EA1080,"Antlerless Elk - Plateau, Fishlake/thousand Lakes West - Any Legal Weapon",ELK,ANTLERLESS,PREFERENCE_POINT,Nonresident,37,0,7,7,1 in 5.3,18.86792453,hunt_total_draw_result,2021 Antlerless Draw Results.pdf,ANTLERLESS_PARENT,78
2021,2022,EA1081,Antlerless Elk - San Juan - Any Legal Weapon,ELK,ANTLERLESS,PREFERENCE_POINT,Resident,252,0,90,90,1 in 2.8,35.71428571,hunt_total_draw_result,2021 Antlerless Draw Results.pdf,ANTLERLESS_PARENT,79
2021,2022,EA1081,Antlerless Elk - San Juan - Any Legal Weapon,ELK,ANTLERLESS,PREFERENCE_POINT,Nonresident,67,0,11,11,1 in 6.1,16.39344262,hunt_total_draw_result,2021 Antlerless Draw Results.pdf,ANTLERLESS_PARENT,79
2021,2022,EA1082,Antlerless Elk - San Juan - Any Legal Weapon,ELK,ANTLERLESS,PREFERENCE_POINT,Resident,348,0,90,90,1 in 3.9,25.64102564,hunt_total_draw_result,2021 Antlerless Draw Results.pdf,ANTLERLESS_PARENT,80
2021,2022,EA1082,Antlerless Elk - San Juan - Any Legal Weapon,ELK,ANTLERLESS,PREFERENCE_POINT,Nonresident,56,0,11,11,1 in 5.1,19.60784314,hunt_total_draw_result,2021 Antlerless Draw Results.pdf,ANTLERLESS_PARENT,80
2021,2022,EA1084,"Antlerless Elk - San Rafael, North - Any Legal Weapon",ELK,ANTLERLESS,PREFERENCE_POINT,Resident,5,0,4,4,1 in 1.3,76.92307692,hunt_total_draw_result,2021 Antlerless Draw Results.pdf,ANTLERLESS_PARENT,81
2021,2022,EA1084,"Antlerless Elk - San Rafael, North - Any Legal Weapon",ELK,ANTLERLESS,PREFERENCE_POINT,Nonresident,0,0,0,0,N/A,,hunt_total_draw_result,2021 Antlerless Draw Results.pdf,ANTLERLESS_PARENT,81
2021,2022,EA1085,"Antlerless Elk - South Slope, Bonanza/vernal - Archery",ELK,ANTLERLESS,PREFERENCE_POINT,Resident,230,0,78,78,1 in 2.9,34.48275862,hunt_total_draw_result,2021 Antlerless Draw Results.pdf,ANTLERLESS_PARENT,82
2021,2022,EA1085,"Antlerless Elk - South Slope, Bonanza/vernal - Archery",ELK,ANTLERLESS,PREFERENCE_POINT,Nonresident,23,0,10,10,1 in 2.3,43.47826087,hunt_total_draw_result,2021 Antlerless Draw Results.pdf,ANTLERLESS_PARENT,82
2021,2022,EA1087,"Antlerless Elk - South Slope, Bonanza/vernal - Any Legal Weapon",ELK,ANTLERLESS,PREFERENCE_POINT,Resident,590,0,72,72,1 in 8.2,12.19512195,hunt_total_draw_result,2021 Antlerless Draw Results.pdf,ANTLERLESS_PARENT,83
2021,2022,EA1087,"Antlerless Elk - South Slope, Bonanza/vernal - Any Legal Weapon",ELK,ANTLERLESS,PREFERENCE_POINT,Nonresident,50,0,8,8,1 in 6.3,15.87301587,hunt_total_draw_result,2021 Antlerless Draw Results.pdf,ANTLERLESS_PARENT,83
2021,2022,EA1089,"Antlerless Elk - South Slope, Diamond Mtn - Any Legal Weapon",ELK,ANTLERLESS,PREFERENCE_POINT,Resident,267,0,36,36,1 in 7.4,13.51351351,hunt_total_draw_result,2021 Antlerless Draw Results.pdf,ANTLERLESS_PARENT,84
2021,2022,EA1089,"Antlerless Elk - South Slope, Diamond Mtn - Any Legal Weapon",ELK,ANTLERLESS,PREFERENCE_POINT,Nonresident,28,0,4,4,1 in 7.0,14.28571429,hunt_total_draw_result,2021 Antlerless Draw Results.pdf,ANTLERLESS_PARENT,84
2021,2022,EA1090,"Antlerless Elk - South Slope, Diamond Mtn - Any Legal Weapon",ELK,ANTLERLESS,PREFERENCE_POINT,Resident,110,0,36,36,1 in 3.1,32.25806452,hunt_total_draw_result,2021 Antlerless Draw Results.pdf,ANTLERLESS_PARENT,85
2021,2022,EA1090,"Antlerless Elk - South Slope, Diamond Mtn - Any Legal Weapon",ELK,ANTLERLESS,PREFERENCE_POINT,Nonresident,11,0,4,4,1 in 2.8,35.71428571,hunt_total_draw_result,2021 Antlerless Draw Results.pdf,ANTLERLESS_PARENT,85
2021,2022,EA1091,"Antlerless Elk - South Slope, Diamond Mtn - Any Legal Weapon",ELK,ANTLERLESS,PREFERENCE_POINT,Resident,108,0,36,36,1 in 3.0,33.33333333,hunt_total_draw_result,2021 Antlerless Draw Results.pdf,ANTLERLESS_PARENT,86
2021,2022,EA1091,"Antlerless Elk - South Slope, Diamond Mtn - Any Legal Weapon",ELK,ANTLERLESS,PREFERENCE_POINT,Nonresident,15,0,4,4,1 in 3.8,26.31578947,hunt_total_draw_result,2021 Antlerless Draw Results.pdf,ANTLERLESS_PARENT,86
2021,2022,EA1094,"Antlerless Elk - South Slope, Mosby Mtn - Any Legal Weapon",ELK,ANTLERLESS,PREFERENCE_POINT,Resident,184,0,58,58,1 in 3.2,31.25,hunt_total_draw_result,2021 Antlerless Draw Results.pdf,ANTLERLESS_PARENT,87
2021,2022,EA1094,"Antlerless Elk - South Slope, Mosby Mtn - Any Legal Weapon",ELK,ANTLERLESS,PREFERENCE_POINT,Nonresident,8,0,6,6,1 in 1.3,76.92307692,hunt_total_draw_result,2021 Antlerless Draw Results.pdf,ANTLERLESS_PARENT,87
2021,2022,EA1098,"Antlerless Elk - South Slope, Yellowstone - Any Legal Weapon",ELK,ANTLERLESS,PREFERENCE_POINT,Resident,239,0,54,54,1 in 4.4,22.72727273,hunt_total_draw_result,2021 Antlerless Draw Results.pdf,ANTLERLESS_PARENT,88
2021,2022,EA1098,"Antlerless Elk - South Slope, Yellowstone - Any Legal Weapon",ELK,ANTLERLESS,PREFERENCE_POINT,Nonresident,4,0,4,4,1 in 1.0,100,hunt_total_draw_result,2021 Antlerless Draw Results.pdf,ANTLERLESS_PARENT,88
2021,2022,EA1099,"Antlerless Elk - South Slope, Yellowstone - Any Legal Weapon",ELK,ANTLERLESS,PREFERENCE_POINT,Resident,142,0,54,54,1 in 2.6,38.46153846,hunt_total_draw_result,2021 Antlerless Draw Results.pdf,ANTLERLESS_PARENT,89
2021,2022,EA1099,"Antlerless Elk - South Slope, Yellowstone - Any Legal Weapon",ELK,ANTLERLESS,PREFERENCE_POINT,Nonresident,12,0,7,7,1 in 1.7,58.82352941,hunt_total_draw_result,2021 Antlerless Draw Results.pdf,ANTLERLESS_PARENT,89
2021,2022,EA1100,"Antlerless Elk - South Slope, Yellowstone - Any Legal Weapon",ELK,ANTLERLESS,PREFERENCE_POINT,Resident,96,0,54,54,1 in 1.8,55.55555556,hunt_total_draw_result,2021 Antlerless Draw Results.pdf,ANTLERLESS_PARENT,90
2021,2022,EA1100,"Antlerless Elk - South Slope, Yellowstone - Any Legal Weapon",ELK,ANTLERLESS,PREFERENCE_POINT,Nonresident,11,0,6,6,1 in 1.8,55.55555556,hunt_total_draw_result,2021 Antlerless Draw Results.pdf,ANTLERLESS_PARENT,90
2021,2022,EA1101,Antlerless Elk - Southwest Desert - Any Legal Weapon,ELK,ANTLERLESS,PREFERENCE_POINT,Resident,1514,0,72,72,1 in 21.0,4.76190476,hunt_total_draw_result,2021 Antlerless Draw Results.pdf,ANTLERLESS_PARENT,91
2021,2022,EA1101,Antlerless Elk - Southwest Desert - Any Legal Weapon,ELK,ANTLERLESS,PREFERENCE_POINT,Nonresident,232,0,8,8,1 in 29.0,3.44827586,hunt_total_draw_result,2021 Antlerless Draw Results.pdf,ANTLERLESS_PARENT,91
2021,2022,EA1110,"Antlerless Elk - Wasatch Mtns, Salt Lake - Any Legal Weapon",ELK,ANTLERLESS,PREFERENCE_POINT,Resident,239,0,29,29,1 in 8.2,12.19512195,hunt_total_draw_result,2021 Antlerless Draw Results.pdf,ANTLERLESS_PARENT,92
2021,2022,EA1110,"Antlerless Elk - Wasatch Mtns, Salt Lake - Any Legal Weapon",ELK,ANTLERLESS,PREFERENCE_POINT,Nonresident,11,0,4,4,1 in 2.8,35.71428571,hunt_total_draw_result,2021 Antlerless Draw Results.pdf,ANTLERLESS_PARENT,92
2021,2022,EA1111,"Antlerless Elk - Wasatch Mtns, Wallsburg - Any Legal Weapon",ELK,ANTLERLESS,PREFERENCE_POINT,Resident,287,0,22,22,1 in 13.0,7.69230769,hunt_total_draw_result,2021 Antlerless Draw Results.pdf,ANTLERLESS_PARENT,93
2021,2022,EA1111,"Antlerless Elk - Wasatch Mtns, Wallsburg - Any Legal Weapon",ELK,ANTLERLESS,PREFERENCE_POINT,Nonresident,11,0,3,3,1 in 3.7,27.02702703,hunt_total_draw_result,2021 Antlerless Draw Results.pdf,ANTLERLESS_PARENT,93
2021,2022,EA1112,"Antlerless Elk - Wasatch Mtns, Wallsburg - Any Legal Weapon",ELK,ANTLERLESS,PREFERENCE_POINT,Resident,230,0,36,36,1 in 6.4,15.625,hunt_total_draw_result,2021 Antlerless Draw Results.pdf,ANTLERLESS_PARENT,94
2021,2022,EA1112,"Antlerless Elk - Wasatch Mtns, Wallsburg - Any Legal Weapon",ELK,ANTLERLESS,PREFERENCE_POINT,Nonresident,18,0,4,4,1 in 4.5,22.22222222,hunt_total_draw_result,2021 Antlerless Draw Results.pdf,ANTLERLESS_PARENT,94
2021,2022,EA1113,"Antlerless Elk - Wasatch Mtns, West Heber - Any Legal Weapon",ELK,ANTLERLESS,PREFERENCE_POINT,Resident,289,0,18,18,1 in 16.1,6.21118012,hunt_total_draw_result,2021 Antlerless Draw Results.pdf,ANTLERLESS_PARENT,95
2021,2022,EA1113,"Antlerless Elk - Wasatch Mtns, West Heber - Any Legal Weapon",ELK,ANTLERLESS,PREFERENCE_POINT,Nonresident,13,0,3,3,1 in 4.3,23.25581395,hunt_total_draw_result,2021 Antlerless Draw Results.pdf,ANTLERLESS_PARENT,95
2021,2022,EA1114,"Antlerless Elk - Wasatch Mtns, West Timpanogos - Any Legal Weapon",ELK,ANTLERLESS,PREFERENCE_POINT,Resident,449,0,22,22,1 in 20.4,4.90196078,hunt_total_draw_result,2021 Antlerless Draw Results.pdf,ANTLERLESS_PARENT,96
2021,2022,EA1114,"Antlerless Elk - Wasatch Mtns, West Timpanogos - Any Legal Weapon",ELK,ANTLERLESS,PREFERENCE_POINT,Nonresident,22,0,3,3,1 in 7.3,13.69863014,hunt_total_draw_result,2021 Antlerless Draw Results.pdf,ANTLERLESS_PARENT,96
2021,2022,EA1116,Antlerless Elk - Zion - Any Legal Weapon,ELK,ANTLERLESS,PREFERENCE_POINT,Resident,137,0,73,73,1 in 1.9,52.63157895,hunt_total_draw_result,2021 Antlerless Draw Results.pdf,ANTLERLESS_PARENT,97
2021,2022,EA1116,Antlerless Elk - Zion - Any Legal Weapon,ELK,ANTLERLESS,PREFERENCE_POINT,Nonresident,20,0,10,10,1 in 2.0,50,hunt_total_draw_result,2021 Antlerless Draw Results.pdf,ANTLERLESS_PARENT,97
2021,2022,EA1117,Antlerless Elk - Zion - Any Legal Weapon,ELK,ANTLERLESS,PREFERENCE_POINT,Resident,160,0,158,158,1 in 1.0,100,hunt_total_draw_result,2021 Antlerless Draw Results.pdf,ANTLERLESS_PARENT,98
2021,2022,EA1117,Antlerless Elk - Zion - Any Legal Weapon,ELK,ANTLERLESS,PREFERENCE_POINT,Nonresident,26,0,20,20,1 in 1.3,76.92307692,hunt_total_draw_result,2021 Antlerless Draw Results.pdf,ANTLERLESS_PARENT,98
2021,2022,EA1118,Cwmu Antlerless Elk - Alton - Any Legal Weapon,ELK,ANTLERLESS,PREFERENCE_POINT,Resident,42,0,8,8,1 in 5.3,18.86792453,hunt_total_draw_result,2021 Antlerless Draw Results.pdf,ANTLERLESS_PARENT,99
2021,2022,EA1118,Cwmu Antlerless Elk - Alton - Any Legal Weapon,ELK,ANTLERLESS,PREFERENCE_POINT,Nonresident,0,0,0,0,N/A,,hunt_total_draw_result,2021 Antlerless Draw Results.pdf,ANTLERLESS_PARENT,99
2021,2022,EA1119,Cwmu Antlerless Elk - Bar J Ranch - Any Legal Weapon,ELK,ANTLERLESS,PREFERENCE_POINT,Resident,68,0,10,10,1 in 6.8,14.70588235,hunt_total_draw_result,2021 Antlerless Draw Results.pdf,ANTLERLESS_PARENT,100
2021,2022,EA1119,Cwmu Antlerless Elk - Bar J Ranch - Any Legal Weapon,ELK,ANTLERLESS,PREFERENCE_POINT,Nonresident,0,0,0,0,N/A,,hunt_total_draw_result,2021 Antlerless Draw Results.pdf,ANTLERLESS_PARENT,100
2021,2022,EA1120,Cwmu Antlerless Elk - Bear Mountain - Any Legal Weapon,BLACK_BEAR,ANTLERLESS,PREFERENCE_POINT,Resident,16,0,12,12,1 in 1.3,76.92307692,hunt_total_draw_result,2021 Antlerless Draw Results.pdf,ANTLERLESS_PARENT,101
2021,2022,EA1120,Cwmu Antlerless Elk - Bear Mountain - Any Legal Weapon,BLACK_BEAR,ANTLERLESS,PREFERENCE_POINT,Nonresident,0,0,0,0,N/A,,hunt_total_draw_result,2021 Antlerless Draw Results.pdf,ANTLERLESS_PARENT,101
2021,2022,EA1121,Cwmu Antlerless Elk - Boobe Hole - Any Legal Weapon,ELK,ANTLERLESS,PREFERENCE_POINT,Resident,58,0,8,8,1 in 7.3,13.69863014,hunt_total_draw_result,2021 Antlerless Draw Results.pdf,ANTLERLESS_PARENT,102
2021,2022,EA1121,Cwmu Antlerless Elk - Boobe Hole - Any Legal Weapon,ELK,ANTLERLESS,PREFERENCE_POINT,Nonresident,0,0,0,0,N/A,,hunt_total_draw_result,2021 Antlerless Draw Results.pdf,ANTLERLESS_PARENT,102
2021,2022,EA1122,Cwmu Antlerless Elk - Causey Spring - Any Legal Weapon,ELK,ANTLERLESS,PREFERENCE_POINT,Resident,42,0,4,4,1 in 10.5,9.52380952,hunt_total_draw_result,2021 Antlerless Draw Results.pdf,ANTLERLESS_PARENT,103
2021,2022,EA1122,Cwmu Antlerless Elk - Causey Spring - Any Legal Weapon,ELK,ANTLERLESS,PREFERENCE_POINT,Nonresident,0,0,0,0,N/A,,hunt_total_draw_result,2021 Antlerless Draw Results.pdf,ANTLERLESS_PARENT,103
2021,2022,EA1124,Cwmu Antlerless Elk - Chimney Rock - Any Legal Weapon,ELK,ANTLERLESS,PREFERENCE_POINT,Resident,49,0,10,10,1 in 4.9,20.40816327,hunt_total_draw_result,2021 Antlerless Draw Results.pdf,ANTLERLESS_PARENT,104
2021,2022,EA1124,Cwmu Antlerless Elk - Chimney Rock - Any Legal Weapon,ELK,ANTLERLESS,PREFERENCE_POINT,Nonresident,0,0,0,0,N/A,,hunt_total_draw_result,2021 Antlerless Draw Results.pdf,ANTLERLESS_PARENT,104
2021,2022,EA1125,Cwmu Antlerless Elk - Coldwater Ranch - Any Legal Weapon,ELK,ANTLERLESS,PREFERENCE_POINT,Resident,138,0,16,16,1 in 8.6,11.62790698,hunt_total_draw_result,2021 Antlerless Draw Results.pdf,ANTLERLESS_PARENT,105
2021,2022,EA1125,Cwmu Antlerless Elk - Coldwater Ranch - Any Legal Weapon,ELK,ANTLERLESS,PREFERENCE_POINT,Nonresident,0,0,0,0,N/A,,hunt_total_draw_result,2021 Antlerless Draw Results.pdf,ANTLERLESS_PARENT,105
2021,2022,EA1126,Cwmu Antlerless Elk - Cotton Thomas - Any Legal Weapon,ELK,ANTLERLESS,PREFERENCE_POINT,Resident,5,0,4,4,1 in 1.3,76.92307692,hunt_total_draw_result,2021 Antlerless Draw Results.pdf,ANTLERLESS_PARENT,106
2021,2022,EA1126,Cwmu Antlerless Elk - Cotton Thomas - Any Legal Weapon,ELK,ANTLERLESS,PREFERENCE_POINT,Nonresident,0,0,0,0,N/A,,hunt_total_draw_result,2021 Antlerless Draw Results.pdf,ANTLERLESS_PARENT,106
2021,2022,EA1129,Cwmu Antlerless Elk - Deseret - Any Legal Weapon,ELK,ANTLERLESS,PREFERENCE_POINT,Resident,1729,0,248,248,1 in 7.0,14.28571429,hunt_total_draw_result,2021 Antlerless Draw Results.pdf,ANTLERLESS_PARENT,107
2021,2022,EA1129,Cwmu Antlerless Elk - Deseret - Any Legal Weapon,ELK,ANTLERLESS,PREFERENCE_POINT,Nonresident,0,0,0,0,N/A,,hunt_total_draw_result,2021 Antlerless Draw Results.pdf,ANTLERLESS_PARENT,107
2021,2022,EA1130,Cwmu Antlerless Elk - Double Cone - Any Legal Weapon,ELK,ANTLERLESS,PREFERENCE_POINT,Resident,18,0,6,6,1 in 3.0,33.33333333,hunt_total_draw_result,2021 Antlerless Draw Results.pdf,ANTLERLESS_PARENT,108
2021,2022,EA1130,Cwmu Antlerless Elk - Double Cone - Any Legal Weapon,ELK,ANTLERLESS,PREFERENCE_POINT,Nonresident,0,0,0,0,N/A,,hunt_total_draw_result,2021 Antlerless Draw Results.pdf,ANTLERLESS_PARENT,108
2021,2022,EA1131,Cwmu Antlerless Elk - Durst Mountain - Any Legal Weapon,ELK,ANTLERLESS,PREFERENCE_POINT,Resident,133,0,20,20,1 in 6.7,14.92537313,hunt_total_draw_result,2021 Antlerless Draw Results.pdf,ANTLERLESS_PARENT,109
2021,2022,EA1131,Cwmu Antlerless Elk - Durst Mountain - Any Legal Weapon,ELK,ANTLERLESS,PREFERENCE_POINT,Nonresident,0,0,0,0,N/A,,hunt_total_draw_result,2021 Antlerless Draw Results.pdf,ANTLERLESS_PARENT,109
2021,2022,EA1132,Cwmu Antlerless Elk - East Fork Chalk Creek - Any Legal Weapon,ELK,ANTLERLESS,PREFERENCE_POINT,Resident,94,0,24,24,1 in 3.9,25.64102564,hunt_total_draw_result,2021 Antlerless Draw Results.pdf,ANTLERLESS_PARENT,110
2021,2022,EA1132,Cwmu Antlerless Elk - East Fork Chalk Creek - Any Legal Weapon,ELK,ANTLERLESS,PREFERENCE_POINT,Nonresident,0,0,0,0,N/A,,hunt_total_draw_result,2021 Antlerless Draw Results.pdf,ANTLERLESS_PARENT,110
2021,2022,EA1134,Cwmu Antlerless Elk - Ensign Ranches - Any Legal Weapon,ELK,ANTLERLESS,PREFERENCE_POINT,Resident,282,0,48,48,1 in 5.9,16.94915254,hunt_total_draw_result,2021 Antlerless Draw Results.pdf,ANTLERLESS_PARENT,111
2021,2022,EA1134,Cwmu Antlerless Elk - Ensign Ranches - Any Legal Weapon,ELK,ANTLERLESS,PREFERENCE_POINT,Nonresident,0,0,0,0,N/A,,hunt_total_draw_result,2021 Antlerless Draw Results.pdf,ANTLERLESS_PARENT,111
2021,2022,EA1135,Cwmu Antlerless Elk - Folley Ridge - Any Legal Weapon,ELK,ANTLERLESS,PREFERENCE_POINT,Resident,40,0,7,7,1 in 5.7,17.54385965,hunt_total_draw_result,2021 Antlerless Draw Results.pdf,ANTLERLESS_PARENT,112
2021,2022,EA1135,Cwmu Antlerless Elk - Folley Ridge - Any Legal Weapon,ELK,ANTLERLESS,PREFERENCE_POINT,Nonresident,0,0,0,0,N/A,,hunt_total_draw_result,2021 Antlerless Draw Results.pdf,ANTLERLESS_PARENT,112
2021,2022,EA1136,Cwmu Antlerless Elk - Grass Valley/clark Canyon - Any Legal Weapon,ELK,ANTLERLESS,PREFERENCE_POINT,Resident,195,0,40,40,1 in 4.9,20.40816327,hunt_total_draw_result,2021 Antlerless Draw Results.pdf,ANTLERLESS_PARENT,113
2021,2022,EA1136,Cwmu Antlerless Elk - Grass Valley/clark Canyon - Any Legal Weapon,ELK,ANTLERLESS,PREFERENCE_POINT,Nonresident,0,0,0,0,N/A,,hunt_total_draw_result,2021 Antlerless Draw Results.pdf,ANTLERLESS_PARENT,113
2021,2022,EA1137,Cwmu Antlerless Elk - Grazing Pasture - Any Legal Weapon,ELK,ANTLERLESS,PREFERENCE_POINT,Resident,72,0,8,8,1 in 9.0,11.11111111,hunt_total_draw_result,2021 Antlerless Draw Results.pdf,ANTLERLESS_PARENT,114
2021,2022,EA1137,Cwmu Antlerless Elk - Grazing Pasture - Any Legal Weapon,ELK,ANTLERLESS,PREFERENCE_POINT,Nonresident,0,0,0,0,N/A,,hunt_total_draw_result,2021 Antlerless Draw Results.pdf,ANTLERLESS_PARENT,114
2021,2022,EA1138,Cwmu Antlerless Elk - Guildersleeve - Any Legal Weapon,ELK,ANTLERLESS,PREFERENCE_POINT,Resident,46,0,7,7,1 in 6.6,15.15151515,hunt_total_draw_result,2021 Antlerless Draw Results.pdf,ANTLERLESS_PARENT,115
2021,2022,EA1138,Cwmu Antlerless Elk - Guildersleeve - Any Legal Weapon,ELK,ANTLERLESS,PREFERENCE_POINT,Nonresident,0,0,0,0,N/A,,hunt_total_draw_result,2021 Antlerless Draw Results.pdf,ANTLERLESS_PARENT,115
2021,2022,EA1139,Cwmu Antlerless Elk - Hardscrabble - Any Legal Weapon,ELK,ANTLERLESS,PREFERENCE_POINT,Resident,27,0,8,8,1 in 3.4,29.41176471,hunt_total_draw_result,2021 Antlerless Draw Results.pdf,ANTLERLESS_PARENT,116
2021,2022,EA1139,Cwmu Antlerless Elk - Hardscrabble - Any Legal Weapon,ELK,ANTLERLESS,PREFERENCE_POINT,Nonresident,0,0,0,0,N/A,,hunt_total_draw_result,2021 Antlerless Draw Results.pdf,ANTLERLESS_PARENT,116
2021,2022,EA1140,Cwmu Antlerless Elk - Heaston East - Any Legal Weapon,ELK,ANTLERLESS,PREFERENCE_POINT,Resident,187,0,7,7,1 in 26.7,3.74531835,hunt_total_draw_result,2021 Antlerless Draw Results.pdf,ANTLERLESS_PARENT,117
2021,2022,EA1140,Cwmu Antlerless Elk - Heaston East - Any Legal Weapon,ELK,ANTLERLESS,PREFERENCE_POINT,Nonresident,0,0,0,0,N/A,,hunt_total_draw_result,2021 Antlerless Draw Results.pdf,ANTLERLESS_PARENT,117
2021,2022,EA1141,Cwmu Antlerless Elk - Hiawatha - Any Legal Weapon,ELK,ANTLERLESS,PREFERENCE_POINT,Resident,31,0,9,9,1 in 3.4,29.41176471,hunt_total_draw_result,2021 Antlerless Draw Results.pdf,ANTLERLESS_PARENT,118
2021,2022,EA1141,Cwmu Antlerless Elk - Hiawatha - Any Legal Weapon,ELK,ANTLERLESS,PREFERENCE_POINT,Nonresident,0,0,0,0,N/A,,hunt_total_draw_result,2021 Antlerless Draw Results.pdf,ANTLERLESS_PARENT,118
2021,2022,EA1142,Cwmu Antlerless Elk - Indian Head - Any Legal Weapon,ELK,ANTLERLESS,PREFERENCE_POINT,Resident,23,0,5,5,1 in 4.6,21.73913043,hunt_total_draw_result,2021 Antlerless Draw Results.pdf,ANTLERLESS_PARENT,119
2021,2022,EA1142,Cwmu Antlerless Elk - Indian Head - Any Legal Weapon,ELK,ANTLERLESS,PREFERENCE_POINT,Nonresident,0,0,0,0,N/A,,hunt_total_draw_result,2021 Antlerless Draw Results.pdf,ANTLERLESS_PARENT,119
2021,2022,EA1143,Cwmu Antlerless Elk - J.b. Ranch - Any Legal Weapon,ELK,ANTLERLESS,PREFERENCE_POINT,Resident,150,0,17,17,1 in 8.8,11.36363636,hunt_total_draw_result,2021 Antlerless Draw Results.pdf,ANTLERLESS_PARENT,120
2021,2022,EA1143,Cwmu Antlerless Elk - J.b. Ranch - Any Legal Weapon,ELK,ANTLERLESS,PREFERENCE_POINT,Nonresident,0,0,0,0,N/A,,hunt_total_draw_result,2021 Antlerless Draw Results.pdf,ANTLERLESS_PARENT,120
2021,2022,EA1145,Cwmu Antlerless Elk - Johnson Mountain Ranch - Any Legal Weapon,ELK,ANTLERLESS,PREFERENCE_POINT,Resident,188,0,16,16,1 in 11.8,8.47457627,hunt_total_draw_result,2021 Antlerless Draw Results.pdf,ANTLERLESS_PARENT,121
2021,2022,EA1145,Cwmu Antlerless Elk - Johnson Mountain Ranch - Any Legal Weapon,ELK,ANTLERLESS,PREFERENCE_POINT,Nonresident,0,0,0,0,N/A,,hunt_total_draw_result,2021 Antlerless Draw Results.pdf,ANTLERLESS_PARENT,121
2021,2022,EA1146,Cwmu Antlerless Elk - Jump Creek - Any Legal Weapon,ELK,ANTLERLESS,PREFERENCE_POINT,Resident,72,0,8,8,1 in 9.0,11.11111111,hunt_total_draw_result,2021 Antlerless Draw Results.pdf,ANTLERLESS_PARENT,122
2021,2022,EA1146,Cwmu Antlerless Elk - Jump Creek - Any Legal Weapon,ELK,ANTLERLESS,PREFERENCE_POINT,Nonresident,0,0,0,0,N/A,,hunt_total_draw_result,2021 Antlerless Draw Results.pdf,ANTLERLESS_PARENT,122
2021,2022,EA1147,Cwmu Antlerless Elk - Little Red Creek - Any Legal Weapon,ELK,ANTLERLESS,PREFERENCE_POINT,Resident,111,0,12,12,1 in 9.3,10.75268817,hunt_total_draw_result,2021 Antlerless Draw Results.pdf,ANTLERLESS_PARENT,123
2021,2022,EA1147,Cwmu Antlerless Elk - Little Red Creek - Any Legal Weapon,ELK,ANTLERLESS,PREFERENCE_POINT,Nonresident,0,0,0,0,N/A,,hunt_total_draw_result,2021 Antlerless Draw Results.pdf,ANTLERLESS_PARENT,123
2021,2022,EA1149,Cwmu Antlerless Elk - Minnie Maud Ridge - Any Legal Weapon,ELK,ANTLERLESS,PREFERENCE_POINT,Resident,40,0,7,7,1 in 5.7,17.54385965,hunt_total_draw_result,2021 Antlerless Draw Results.pdf,ANTLERLESS_PARENT,124
2021,2022,EA1149,Cwmu Antlerless Elk - Minnie Maud Ridge - Any Legal Weapon,ELK,ANTLERLESS,PREFERENCE_POINT,Nonresident,0,0,0,0,N/A,,hunt_total_draw_result,2021 Antlerless Draw Results.pdf,ANTLERLESS_PARENT,124
2021,2022,EA1151,Cwmu Antlerless Elk - Moon Ranch - Any Legal Weapon,ELK,ANTLERLESS,PREFERENCE_POINT,Resident,14,0,5,5,1 in 2.8,35.71428571,hunt_total_draw_result,2021 Antlerless Draw Results.pdf,ANTLERLESS_PARENT,125
2021,2022,EA1151,Cwmu Antlerless Elk - Moon Ranch - Any Legal Weapon,ELK,ANTLERLESS,PREFERENCE_POINT,Nonresident,0,0,0,0,N/A,,hunt_total_draw_result,2021 Antlerless Draw Results.pdf,ANTLERLESS_PARENT,125
2021,2022,EA1153,Cwmu Antlerless Elk - Old Woman Plateau - Any Legal Weapon,ELK,ANTLERLESS,PREFERENCE_POINT,Resident,19,0,4,4,1 in 4.8,20.83333333,hunt_total_draw_result,2021 Antlerless Draw Results.pdf,ANTLERLESS_PARENT,126
2021,2022,EA1153,Cwmu Antlerless Elk - Old Woman Plateau - Any Legal Weapon,ELK,ANTLERLESS,PREFERENCE_POINT,Nonresident,0,0,0,0,N/A,,hunt_total_draw_result,2021 Antlerless Draw Results.pdf,ANTLERLESS_PARENT,126
2021,2022,EA1155,Cwmu Antlerless Elk - Powder Mountain - Any Legal Weapon,ELK,ANTLERLESS,PREFERENCE_POINT,Resident,6,0,1,1,1 in 6.0,16.66666667,hunt_total_draw_result,2021 Antlerless Draw Results.pdf,ANTLERLESS_PARENT,127
2021,2022,EA1155,Cwmu Antlerless Elk - Powder Mountain - Any Legal Weapon,ELK,ANTLERLESS,PREFERENCE_POINT,Nonresident,0,0,0,0,N/A,,hunt_total_draw_result,2021 Antlerless Draw Results.pdf,ANTLERLESS_PARENT,127
2021,2022,EA1156,Cwmu Antlerless Elk - Preston Nutter Ranch - Any Legal Weapon,ELK,ANTLERLESS,PREFERENCE_POINT,Resident,73,0,4,4,1 in 18.3,5.46448087,hunt_total_draw_result,2021 Antlerless Draw Results.pdf,ANTLERLESS_PARENT,128
2021,2022,EA1156,Cwmu Antlerless Elk - Preston Nutter Ranch - Any Legal Weapon,ELK,ANTLERLESS,PREFERENCE_POINT,Nonresident,0,0,0,0,N/A,,hunt_total_draw_result,2021 Antlerless Draw Results.pdf,ANTLERLESS_PARENT,128
2021,2022,EA1157,Cwmu Antlerless Elk - Redd Ranches - Any Legal Weapon,ELK,ANTLERLESS,PREFERENCE_POINT,Resident,89,0,24,24,1 in 3.7,27.02702703,hunt_total_draw_result,2021 Antlerless Draw Results.pdf,ANTLERLESS_PARENT,129
2021,2022,EA1157,Cwmu Antlerless Elk - Redd Ranches - Any Legal Weapon,ELK,ANTLERLESS,PREFERENCE_POINT,Nonresident,0,0,0,0,N/A,,hunt_total_draw_result,2021 Antlerless Draw Results.pdf,ANTLERLESS_PARENT,129
2021,2022,EA1158,Cwmu Antlerless Elk - Riverview Ranch Llc - Any Legal Weapon,ELK,ANTLERLESS,PREFERENCE_POINT,Resident,9,0,6,6,1 in 1.5,66.66666667,hunt_total_draw_result,2021 Antlerless Draw Results.pdf,ANTLERLESS_PARENT,130
2021,2022,EA1158,Cwmu Antlerless Elk - Riverview Ranch Llc - Any Legal Weapon,ELK,ANTLERLESS,PREFERENCE_POINT,Nonresident,0,0,0,0,N/A,,hunt_total_draw_result,2021 Antlerless Draw Results.pdf,ANTLERLESS_PARENT,130
2021,2022,EA1159,Cwmu Antlerless Elk - Roan Cliffs - Any Legal Weapon,ELK,ANTLERLESS,PREFERENCE_POINT,Resident,39,0,4,4,1 in 9.8,10.20408163,hunt_total_draw_result,2021 Antlerless Draw Results.pdf,ANTLERLESS_PARENT,131
2021,2022,EA1159,Cwmu Antlerless Elk - Roan Cliffs - Any Legal Weapon,ELK,ANTLERLESS,PREFERENCE_POINT,Nonresident,0,0,0,0,N/A,,hunt_total_draw_result,2021 Antlerless Draw Results.pdf,ANTLERLESS_PARENT,131
2021,2022,EA1160,Cwmu Antlerless Elk - Sand Creek - Any Legal Weapon,ELK,ANTLERLESS,PREFERENCE_POINT,Resident,25,0,4,4,1 in 6.3,15.87301587,hunt_total_draw_result,2021 Antlerless Draw Results.pdf,ANTLERLESS_PARENT,132
2021,2022,EA1160,Cwmu Antlerless Elk - Sand Creek - Any Legal Weapon,ELK,ANTLERLESS,PREFERENCE_POINT,Nonresident,0,0,0,0,N/A,,hunt_total_draw_result,2021 Antlerless Draw Results.pdf,ANTLERLESS_PARENT,132
2021,2022,EA1161,Cwmu Antlerless Elk - Scofield Canyons - Any Legal Weapon,ELK,ANTLERLESS,PREFERENCE_POINT,Resident,57,0,7,7,1 in 8.1,12.34567901,hunt_total_draw_result,2021 Antlerless Draw Results.pdf,ANTLERLESS_PARENT,133
2021,2022,EA1161,Cwmu Antlerless Elk - Scofield Canyons - Any Legal Weapon,ELK,ANTLERLESS,PREFERENCE_POINT,Nonresident,0,0,0,0,N/A,,hunt_total_draw_result,2021 Antlerless Draw Results.pdf,ANTLERLESS_PARENT,133
2021,2022,EA1162,Cwmu Antlerless Elk - Scofield East - Any Legal Weapon,ELK,ANTLERLESS,PREFERENCE_POINT,Resident,69,0,7,7,1 in 9.9,10.1010101,hunt_total_draw_result,2021 Antlerless Draw Results.pdf,ANTLERLESS_PARENT,134
2021,2022,EA1162,Cwmu Antlerless Elk - Scofield East - Any Legal Weapon,ELK,ANTLERLESS,PREFERENCE_POINT,Nonresident,0,0,0,0,N/A,,hunt_total_draw_result,2021 Antlerless Draw Results.pdf,ANTLERLESS_PARENT,134
2021,2022,EA1163,Cwmu Antlerless Elk - Scofield West - Any Legal Weapon,ELK,ANTLERLESS,PREFERENCE_POINT,Resident,89,0,24,24,1 in 3.7,27.02702703,hunt_total_draw_result,2021 Antlerless Draw Results.pdf,ANTLERLESS_PARENT,135
2021,2022,EA1163,Cwmu Antlerless Elk - Scofield West - Any Legal Weapon,ELK,ANTLERLESS,PREFERENCE_POINT,Nonresident,0,0,0,0,N/A,,hunt_total_draw_result,2021 Antlerless Draw Results.pdf,ANTLERLESS_PARENT,135
2021,2022,EA1164,Cwmu Antlerless Elk - Sj Ranch - Any Legal Weapon,ELK,ANTLERLESS,PREFERENCE_POINT,Resident,62,0,5,5,1 in 12.4,8.06451613,hunt_total_draw_result,2021 Antlerless Draw Results.pdf,ANTLERLESS_PARENT,136
2021,2022,EA1164,Cwmu Antlerless Elk - Sj Ranch - Any Legal Weapon,ELK,ANTLERLESS,PREFERENCE_POINT,Nonresident,0,0,0,0,N/A,,hunt_total_draw_result,2021 Antlerless Draw Results.pdf,ANTLERLESS_PARENT,136
2021,2022,EA1165,Cwmu Antlerless Elk - Skull Crack - Any Legal Weapon,ELK,ANTLERLESS,PREFERENCE_POINT,Resident,206,0,12,12,1 in 17.2,5.81395349,hunt_total_draw_result,2021 Antlerless Draw Results.pdf,ANTLERLESS_PARENT,137
2021,2022,EA1165,Cwmu Antlerless Elk - Skull Crack - Any Legal Weapon,ELK,ANTLERLESS,PREFERENCE_POINT,Nonresident,0,0,0,0,N/A,,hunt_total_draw_result,2021 Antlerless Draw Results.pdf,ANTLERLESS_PARENT,137
2021,2022,EA1166,Cwmu Antlerless Elk - Soldier Summit - Any Legal Weapon,ELK,ANTLERLESS,PREFERENCE_POINT,Resident,69,0,7,7,1 in 9.9,10.1010101,hunt_total_draw_result,2021 Antlerless Draw Results.pdf,ANTLERLESS_PARENT,138
2021,2022,EA1166,Cwmu Antlerless Elk - Soldier Summit - Any Legal Weapon,ELK,ANTLERLESS,PREFERENCE_POINT,Nonresident,0,0,0,0,N/A,,hunt_total_draw_result,2021 Antlerless Draw Results.pdf,ANTLERLESS_PARENT,138
2021,2022,EA1167,Cwmu Antlerless Elk - South Canyon - Any Legal Weapon,ELK,ANTLERLESS,PREFERENCE_POINT,Resident,30,0,8,8,1 in 3.8,26.31578947,hunt_total_draw_result,2021 Antlerless Draw Results.pdf,ANTLERLESS_PARENT,139
2021,2022,EA1167,Cwmu Antlerless Elk - South Canyon - Any Legal Weapon,ELK,ANTLERLESS,PREFERENCE_POINT,Nonresident,0,0,0,0,N/A,,hunt_total_draw_result,2021 Antlerless Draw Results.pdf,ANTLERLESS_PARENT,139
2021,2022,EA1168,Cwmu Antlerless Elk - Spring Creek/dodge - Any Legal Weapon,ELK,ANTLERLESS,PREFERENCE_POINT,Resident,27,0,12,12,1 in 2.3,43.47826087,hunt_total_draw_result,2021 Antlerless Draw Results.pdf,ANTLERLESS_PARENT,140
2021,2022,EA1168,Cwmu Antlerless Elk - Spring Creek/dodge - Any Legal Weapon,ELK,ANTLERLESS,PREFERENCE_POINT,Nonresident,0,0,0,0,N/A,,hunt_total_draw_result,2021 Antlerless Draw Results.pdf,ANTLERLESS_PARENT,140
2021,2022,EA1170,Cwmu Antlerless Elk - Strawberry Ridge - Any Legal Weapon,ELK,ANTLERLESS,PREFERENCE_POINT,Resident,32,0,8,8,1 in 4.0,25,hunt_total_draw_result,2021 Antlerless Draw Results.pdf,ANTLERLESS_PARENT,141
2021,2022,EA1170,Cwmu Antlerless Elk - Strawberry Ridge - Any Legal Weapon,ELK,ANTLERLESS,PREFERENCE_POINT,Nonresident,0,0,0,0,N/A,,hunt_total_draw_result,2021 Antlerless Draw Results.pdf,ANTLERLESS_PARENT,141
2021,2022,EA1172,Cwmu Antlerless Elk - Three C - Any Legal Weapon,ELK,ANTLERLESS,PREFERENCE_POINT,Resident,74,0,10,10,1 in 7.4,13.51351351,hunt_total_draw_result,2021 Antlerless Draw Results.pdf,ANTLERLESS_PARENT,142
2021,2022,EA1172,Cwmu Antlerless Elk - Three C - Any Legal Weapon,ELK,ANTLERLESS,PREFERENCE_POINT,Nonresident,0,0,0,0,N/A,,hunt_total_draw_result,2021 Antlerless Draw Results.pdf,ANTLERLESS_PARENT,142
2021,2022,EA1174,Cwmu Antlerless Elk - Two Bear - Any Legal Weapon,BLACK_BEAR,ANTLERLESS,PREFERENCE_POINT,Resident,160,0,32,32,1 in 5.0,20,hunt_total_draw_result,2021 Antlerless Draw Results.pdf,ANTLERLESS_PARENT,143
2021,2022,EA1174,Cwmu Antlerless Elk - Two Bear - Any Legal Weapon,BLACK_BEAR,ANTLERLESS,PREFERENCE_POINT,Nonresident,0,0,0,0,N/A,,hunt_total_draw_result,2021 Antlerless Draw Results.pdf,ANTLERLESS_PARENT,143
2021,2022,EA1175,Cwmu Antlerless Elk - Wallsburg - Any Legal Weapon,ELK,ANTLERLESS,PREFERENCE_POINT,Resident,20,0,7,7,1 in 2.9,34.48275862,hunt_total_draw_result,2021 Antlerless Draw Results.pdf,ANTLERLESS_PARENT,144
2021,2022,EA1175,Cwmu Antlerless Elk - Wallsburg - Any Legal Weapon,ELK,ANTLERLESS,PREFERENCE_POINT,Nonresident,0,0,0,0,N/A,,hunt_total_draw_result,2021 Antlerless Draw Results.pdf,ANTLERLESS_PARENT,144
2021,2022,EA1176,Cwmu Antlerless Elk - Weber Florence Creek - Any Legal Weapon,ELK,ANTLERLESS,PREFERENCE_POINT,Resident,95,0,40,40,1 in 2.4,41.66666667,hunt_total_draw_result,2021 Antlerless Draw Results.pdf,ANTLERLESS_PARENT,145
2021,2022,EA1176,Cwmu Antlerless Elk - Weber Florence Creek - Any Legal Weapon,ELK,ANTLERLESS,PREFERENCE_POINT,Nonresident,0,0,0,0,N/A,,hunt_total_draw_result,2021 Antlerless Draw Results.pdf,ANTLERLESS_PARENT,145
2021,2022,EA1186,Antlerless Elk - Mt Dutton/plateau - Any Legal Weapon,ELK,ANTLERLESS,PREFERENCE_POINT,Resident,488,0,22,22,1 in 22.2,4.5045045,hunt_total_draw_result,2021 Antlerless Draw Results.pdf,ANTLERLESS_PARENT,146
2021,2022,EA1186,Antlerless Elk - Mt Dutton/plateau - Any Legal Weapon,ELK,ANTLERLESS,PREFERENCE_POINT,Nonresident,46,0,3,3,1 in 15.3,6.53594771,hunt_total_draw_result,2021 Antlerless Draw Results.pdf,ANTLERLESS_PARENT,146
2021,2022,EA1187,"Antlerless Elk - Paunsaugunt, Hatch Bench - Any Legal Weapon",ELK,ANTLERLESS,PREFERENCE_POINT,Resident,20,0,18,18,1 in 1.1,90.90909091,hunt_total_draw_result,2021 Antlerless Draw Results.pdf,ANTLERLESS_PARENT,147
2021,2022,EA1187,"Antlerless Elk - Paunsaugunt, Hatch Bench - Any Legal Weapon",ELK,ANTLERLESS,PREFERENCE_POINT,Nonresident,5,0,3,3,1 in 1.7,58.82352941,hunt_total_draw_result,2021 Antlerless Draw Results.pdf,ANTLERLESS_PARENT,147
2021,2022,EA1189,"Antlerless Elk - Wasatch Mtns, West-central - Muzzleloader",ELK,ANTLERLESS,PREFERENCE_POINT,Resident,784,0,298,298,1 in 2.6,38.46153846,hunt_total_draw_result,2021 Antlerless Draw Results.pdf,ANTLERLESS_PARENT,148
2021,2022,EA1189,"Antlerless Elk - Wasatch Mtns, West-central - Muzzleloader",ELK,ANTLERLESS,PREFERENCE_POINT,Nonresident,28,0,27,27,1 in 1.0,100,hunt_total_draw_result,2021 Antlerless Draw Results.pdf,ANTLERLESS_PARENT,148
2021,2022,EA1190,"Antlerless Elk - Beaver, North - Any Legal Weapon",ELK,ANTLERLESS,PREFERENCE_POINT,Resident,258,0,87,87,1 in 3.0,33.33333333,hunt_total_draw_result,2021 Antlerless Draw Results.pdf,ANTLERLESS_PARENT,149
2021,2022,EA1190,"Antlerless Elk - Beaver, North - Any Legal Weapon",ELK,ANTLERLESS,PREFERENCE_POINT,Nonresident,46,0,10,10,1 in 4.6,21.73913043,hunt_total_draw_result,2021 Antlerless Draw Results.pdf,ANTLERLESS_PARENT,149
2021,2022,EA1192,Cwmu Antlerless Elk - Pahvant Ensign - Any Legal Weapon,ELK,ANTLERLESS,PREFERENCE_POINT,Resident,27,0,16,16,1 in 1.7,58.82352941,hunt_total_draw_result,2021 Antlerless Draw Results.pdf,ANTLERLESS_PARENT,150
2021,2022,EA1192,Cwmu Antlerless Elk - Pahvant Ensign - Any Legal Weapon,ELK,ANTLERLESS,PREFERENCE_POINT,Nonresident,0,0,0,0,N/A,,hunt_total_draw_result,2021 Antlerless Draw Results.pdf,ANTLERLESS_PARENT,150
2021,2022,EA1193,"Antlerless Elk - Cache, Rich - Any Legal Weapon",ELK,ANTLERLESS,PREFERENCE_POINT,Resident,252,0,51,51,1 in 4.9,20.40816327,hunt_total_draw_result,2021 Antlerless Draw Results.pdf,ANTLERLESS_PARENT,151
2021,2022,EA1193,"Antlerless Elk - Cache, Rich - Any Legal Weapon",ELK,ANTLERLESS,PREFERENCE_POINT,Nonresident,11,0,6,6,1 in 1.8,55.55555556,hunt_total_draw_result,2021 Antlerless Draw Results.pdf,ANTLERLESS_PARENT,151
2021,2022,EA1194,"Antlerless Elk - Cache, Richmond Hyde Park - Any Legal Weapon",ELK,ANTLERLESS,PREFERENCE_POINT,Resident,19,0,11,11,1 in 1.7,58.82352941,hunt_total_draw_result,2021 Antlerless Draw Results.pdf,ANTLERLESS_PARENT,152
2021,2022,EA1194,"Antlerless Elk - Cache, Richmond Hyde Park - Any Legal Weapon",ELK,ANTLERLESS,PREFERENCE_POINT,Nonresident,0,0,0,0,N/A,,hunt_total_draw_result,2021 Antlerless Draw Results.pdf,ANTLERLESS_PARENT,152
2021,2022,EA1196,"Antlerless Elk - North Slope, Summit - Any Legal Weapon",ELK,ANTLERLESS,PREFERENCE_POINT,Resident,590,0,36,36,1 in 16.4,6.09756098,hunt_total_draw_result,2021 Antlerless Draw Results.pdf,ANTLERLESS_PARENT,153
2021,2022,EA1196,"Antlerless Elk - North Slope, Summit - Any Legal Weapon",ELK,ANTLERLESS,PREFERENCE_POINT,Nonresident,34,0,4,4,1 in 8.5,11.76470588,hunt_total_draw_result,2021 Antlerless Draw Results.pdf,ANTLERLESS_PARENT,153
2021,2022,EA1198,Cwmu Antlerless Elk - Bear Springs - Any Legal Weapon,BLACK_BEAR,ANTLERLESS,PREFERENCE_POINT,Resident,13,0,2,2,1 in 6.5,15.38461538,hunt_total_draw_result,2021 Antlerless Draw Results.pdf,ANTLERLESS_PARENT,154
2021,2022,EA1198,Cwmu Antlerless Elk - Bear Springs - Any Legal Weapon,BLACK_BEAR,ANTLERLESS,PREFERENCE_POINT,Nonresident,0,0,0,0,N/A,,hunt_total_draw_result,2021 Antlerless Draw Results.pdf,ANTLERLESS_PARENT,154
2021,2022,EA1201,Cwmu Antlerless Elk - Mountain Sky Ranch - Any Legal Weapon,ELK,ANTLERLESS,PREFERENCE_POINT,Resident,20,0,3,3,1 in 6.7,14.92537313,hunt_total_draw_result,2021 Antlerless Draw Results.pdf,ANTLERLESS_PARENT,155
2021,2022,EA1201,Cwmu Antlerless Elk - Mountain Sky Ranch - Any Legal Weapon,ELK,ANTLERLESS,PREFERENCE_POINT,Nonresident,0,0,0,0,N/A,,hunt_total_draw_result,2021 Antlerless Draw Results.pdf,ANTLERLESS_PARENT,155
2021,2022,EA1203,"Antlerless Elk - Box Elder, Pilot Mtn - Any Legal Weapon",ELK,ANTLERLESS,PREFERENCE_POINT,Resident,28,0,4,4,1 in 7.0,14.28571429,hunt_total_draw_result,2021 Antlerless Draw Results.pdf,ANTLERLESS_PARENT,156
2021,2022,EA1203,"Antlerless Elk - Box Elder, Pilot Mtn - Any Legal Weapon",ELK,ANTLERLESS,PREFERENCE_POINT,Nonresident,19,0,1,1,1 in 19.0,5.26315789,hunt_total_draw_result,2021 Antlerless Draw Results.pdf,ANTLERLESS_PARENT,156
2021,2022,EA1204,"Antlerless Elk - Box Elder, Pilot Mtn - Any Legal Weapon",ELK,ANTLERLESS,PREFERENCE_POINT,Resident,91,0,4,4,1 in 22.8,4.38596491,hunt_total_draw_result,2021 Antlerless Draw Results.pdf,ANTLERLESS_PARENT,157
2021,2022,EA1204,"Antlerless Elk - Box Elder, Pilot Mtn - Any Legal Weapon",ELK,ANTLERLESS,PREFERENCE_POINT,Nonresident,18,0,1,1,1 in 18.0,5.55555556,hunt_total_draw_result,2021 Antlerless Draw Results.pdf,ANTLERLESS_PARENT,157
2021,2022,EA1205,"Antlerless Elk - Cache, Richmond Hyde Park - Any Legal Weapon",ELK,ANTLERLESS,PREFERENCE_POINT,Resident,32,0,12,12,1 in 2.7,37.03703704,hunt_total_draw_result,2021 Antlerless Draw Results.pdf,ANTLERLESS_PARENT,158
2021,2022,EA1205,"Antlerless Elk - Cache, Richmond Hyde Park - Any Legal Weapon",ELK,ANTLERLESS,PREFERENCE_POINT,Nonresident,1,0,1,1,1 in 1.0,100,hunt_total_draw_result,2021 Antlerless Draw Results.pdf,ANTLERLESS_PARENT,158
2021,2022,EA1206,"Antlerless Elk - Cache, Richmond Hyde Park - Any Legal Weapon",ELK,ANTLERLESS,PREFERENCE_POINT,Resident,82,0,11,11,1 in 7.5,13.33333333,hunt_total_draw_result,2021 Antlerless Draw Results.pdf,ANTLERLESS_PARENT,159
2021,2022,EA1206,"Antlerless Elk - Cache, Richmond Hyde Park - Any Legal Weapon",ELK,ANTLERLESS,PREFERENCE_POINT,Nonresident,4,0,1,1,1 in 4.0,25,hunt_total_draw_result,2021 Antlerless Draw Results.pdf,ANTLERLESS_PARENT,159
2021,2022,EA1207,"Antlerless Elk - Central Mtns, Moroni Hills - Any Legal Weapon",ELK,ANTLERLESS,PREFERENCE_POINT,Resident,34,0,34,34,1 in 1.0,100,hunt_total_draw_result,2021 Antlerless Draw Results.pdf,ANTLERLESS_PARENT,160
2021,2022,EA1207,"Antlerless Elk - Central Mtns, Moroni Hills - Any Legal Weapon",ELK,ANTLERLESS,PREFERENCE_POINT,Nonresident,1,0,1,1,1 in 1.0,100,hunt_total_draw_result,2021 Antlerless Draw Results.pdf,ANTLERLESS_PARENT,160
2021,2022,EA1208,"Antlerless Elk - Central Mtns, Nebo - Any Legal Weapon",ELK,ANTLERLESS,PREFERENCE_POINT,Resident,955,0,54,54,1 in 17.7,5.64971751,hunt_total_draw_result,2021 Antlerless Draw Results.pdf,ANTLERLESS_PARENT,161
2021,2022,EA1208,"Antlerless Elk - Central Mtns, Nebo - Any Legal Weapon",ELK,ANTLERLESS,PREFERENCE_POINT,Nonresident,58,0,7,7,1 in 8.3,12.04819277,hunt_total_draw_result,2021 Antlerless Draw Results.pdf,ANTLERLESS_PARENT,161
2021,2022,EA1209,"Antlerless Elk - Fillmore, Oak Creek Le - Any Legal Weapon",ELK,ANTLERLESS,PREFERENCE_POINT,Resident,211,0,36,36,1 in 5.9,16.94915254,hunt_total_draw_result,2021 Antlerless Draw Results.pdf,ANTLERLESS_PARENT,162
2021,2022,EA1209,"Antlerless Elk - Fillmore, Oak Creek Le - Any Legal Weapon",ELK,ANTLERLESS,PREFERENCE_POINT,Nonresident,12,0,4,4,1 in 3.0,33.33333333,hunt_total_draw_result,2021 Antlerless Draw Results.pdf,ANTLERLESS_PARENT,162
2021,2022,EA1217,"Antlerless Elk - Wasatch Mtns, Avintaquin - Any Legal Weapon",ELK,ANTLERLESS,PREFERENCE_POINT,Resident,185,0,121,121,1 in 1.5,66.66666667,hunt_total_draw_result,2021 Antlerless Draw Results.pdf,ANTLERLESS_PARENT,163
2021,2022,EA1217,"Antlerless Elk - Wasatch Mtns, Avintaquin - Any Legal Weapon",ELK,ANTLERLESS,PREFERENCE_POINT,Nonresident,4,0,4,4,1 in 1.0,100,hunt_total_draw_result,2021 Antlerless Draw Results.pdf,ANTLERLESS_PARENT,163
2021,2022,EA1222,"Antlerless Elk - Beaver, East - Any Legal Weapon",ELK,ANTLERLESS,PREFERENCE_POINT,Resident,631,0,108,108,1 in 5.8,17.24137931,hunt_total_draw_result,2021 Antlerless Draw Results.pdf,ANTLERLESS_PARENT,164
2021,2022,EA1222,"Antlerless Elk - Beaver, East - Any Legal Weapon",ELK,ANTLERLESS,PREFERENCE_POINT,Nonresident,121,0,12,12,1 in 10.1,9.9009901,hunt_total_draw_result,2021 Antlerless Draw Results.pdf,ANTLERLESS_PARENT,164
2021,2022,EA1223,"Antlerless Elk - Beaver, East - Any Legal Weapon",ELK,ANTLERLESS,PREFERENCE_POINT,Resident,217,0,72,72,1 in 3.0,33.33333333,hunt_total_draw_result,2021 Antlerless Draw Results.pdf,ANTLERLESS_PARENT,165
2021,2022,EA1223,"Antlerless Elk - Beaver, East - Any Legal Weapon",ELK,ANTLERLESS,PREFERENCE_POINT,Nonresident,32,0,8,8,1 in 4.0,25,hunt_total_draw_result,2021 Antlerless Draw Results.pdf,ANTLERLESS_PARENT,165
2021,2022,EA1224,"Antlerless Elk - Book Cliffs, Bitter Creek/south - Any Legal Weapon",ELK,ANTLERLESS,PREFERENCE_POINT,Resident,560,0,72,72,1 in 7.8,12.82051282,hunt_total_draw_result,2021 Antlerless Draw Results.pdf,ANTLERLESS_PARENT,166
2021,2022,EA1224,"Antlerless Elk - Book Cliffs, Bitter Creek/south - Any Legal Weapon",ELK,ANTLERLESS,PREFERENCE_POINT,Nonresident,45,0,8,8,1 in 5.6,17.85714286,hunt_total_draw_result,2021 Antlerless Draw Results.pdf,ANTLERLESS_PARENT,166
2021,2022,EA1225,"Antlerless Elk - Book Cliffs, Bitter Creek/south - Muzzleloader",ELK,ANTLERLESS,PREFERENCE_POINT,Resident,141,0,95,95,1 in 1.5,66.66666667,hunt_total_draw_result,2021 Antlerless Draw Results.pdf,ANTLERLESS_PARENT,167
2021,2022,EA1225,"Antlerless Elk - Book Cliffs, Bitter Creek/south - Muzzleloader",ELK,ANTLERLESS,PREFERENCE_POINT,Nonresident,14,0,12,12,1 in 1.2,83.33333333,hunt_total_draw_result,2021 Antlerless Draw Results.pdf,ANTLERLESS_PARENT,167
2021,2022,EA1226,"Antlerless Elk - Central Mtns, Moroni Hills - Any Legal Weapon",ELK,ANTLERLESS,PREFERENCE_POINT,Resident,45,0,22,22,1 in 2.0,50,hunt_total_draw_result,2021 Antlerless Draw Results.pdf,ANTLERLESS_PARENT,168
2021,2022,EA1226,"Antlerless Elk - Central Mtns, Moroni Hills - Any Legal Weapon",ELK,ANTLERLESS,PREFERENCE_POINT,Nonresident,6,0,3,3,1 in 2.0,50,hunt_total_draw_result,2021 Antlerless Draw Results.pdf,ANTLERLESS_PARENT,168
2021,2022,EA1227,"Antlerless Elk - Fillmore, Kanosh Valley - Any Legal Weapon",ELK,ANTLERLESS,PREFERENCE_POINT,Resident,27,0,8,8,1 in 3.4,29.41176471,hunt_total_draw_result,2021 Antlerless Draw Results.pdf,ANTLERLESS_PARENT,169
2021,2022,EA1227,"Antlerless Elk - Fillmore, Kanosh Valley - Any Legal Weapon",ELK,ANTLERLESS,PREFERENCE_POINT,Nonresident,1,0,1,1,1 in 1.0,100,hunt_total_draw_result,2021 Antlerless Draw Results.pdf,ANTLERLESS_PARENT,169
2021,2022,EA1228,Antlerless Elk - Morgan-south Rich - Any Legal Weapon,ELK,ANTLERLESS,PREFERENCE_POINT,Resident,102,0,83,83,1 in 1.2,83.33333333,hunt_total_draw_result,2021 Antlerless Draw Results.pdf,ANTLERLESS_PARENT,170
2021,2022,EA1228,Antlerless Elk - Morgan-south Rich - Any Legal Weapon,ELK,ANTLERLESS,PREFERENCE_POINT,Nonresident,8,0,8,8,1 in 1.0,100,hunt_total_draw_result,2021 Antlerless Draw Results.pdf,ANTLERLESS_PARENT,170
2021,2022,EA1229,Antlerless Elk - Morgan-south Rich - Any Legal Weapon,ELK,ANTLERLESS,PREFERENCE_POINT,Resident,200,0,74,74,1 in 2.7,37.03703704,hunt_total_draw_result,2021 Antlerless Draw Results.pdf,ANTLERLESS_PARENT,171
2021,2022,EA1229,Antlerless Elk - Morgan-south Rich - Any Legal Weapon,ELK,ANTLERLESS,PREFERENCE_POINT,Nonresident,17,0,10,10,1 in 1.7,58.82352941,hunt_total_draw_result,2021 Antlerless Draw Results.pdf,ANTLERLESS_PARENT,171
2021,2022,EA1231,"Antlerless Elk - West Desert, Tintic Valley - Any Legal Weapon",ELK,ANTLERLESS,PREFERENCE_POINT,Resident,406,0,36,36,1 in 11.3,8.84955752,hunt_total_draw_result,2021 Antlerless Draw Results.pdf,ANTLERLESS_PARENT,172
2021,2022,EA1231,"Antlerless Elk - West Desert, Tintic Valley - Any Legal Weapon",ELK,ANTLERLESS,PREFERENCE_POINT,Nonresident,19,0,4,4,1 in 4.8,20.83333333,hunt_total_draw_result,2021 Antlerless Draw Results.pdf,ANTLERLESS_PARENT,172
2021,2022,EA1233,Cwmu Antlerless Elk - Avintaquin Canyon - Any Legal Weapon,ELK,ANTLERLESS,PREFERENCE_POINT,Resident,18,0,4,4,1 in 4.5,22.22222222,hunt_total_draw_result,2021 Antlerless Draw Results.pdf,ANTLERLESS_PARENT,173
2021,2022,EA1233,Cwmu Antlerless Elk - Avintaquin Canyon - Any Legal Weapon,ELK,ANTLERLESS,PREFERENCE_POINT,Nonresident,0,0,0,0,N/A,,hunt_total_draw_result,2021 Antlerless Draw Results.pdf,ANTLERLESS_PARENT,173
2021,2022,EA1234,Cwmu Antlerless Elk - Royal Ivory Outfitters - Any Legal Weapon,ELK,ANTLERLESS,PREFERENCE_POINT,Resident,12,0,12,12,1 in 1.0,100,hunt_total_draw_result,2021 Antlerless Draw Results.pdf,ANTLERLESS_PARENT,174
2021,2022,EA1234,Cwmu Antlerless Elk - Royal Ivory Outfitters - Any Legal Weapon,ELK,ANTLERLESS,PREFERENCE_POINT,Nonresident,0,0,0,0,N/A,,hunt_total_draw_result,2021 Antlerless Draw Results.pdf,ANTLERLESS_PARENT,174
2021,2022,EA1235,Cwmu Antlerless Elk - Sharp Mountain - Any Legal Weapon,ELK,ANTLERLESS,PREFERENCE_POINT,Resident,9,0,5,5,1 in 1.8,55.55555556,hunt_total_draw_result,2021 Antlerless Draw Results.pdf,ANTLERLESS_PARENT,175
2021,2022,EA1235,Cwmu Antlerless Elk - Sharp Mountain - Any Legal Weapon,ELK,ANTLERLESS,PREFERENCE_POINT,Nonresident,0,0,0,0,N/A,,hunt_total_draw_result,2021 Antlerless Draw Results.pdf,ANTLERLESS_PARENT,175
2021,2022,EA1236,Antlerless Elk - East Canyon - Any Legal Weapon,ELK,ANTLERLESS,PREFERENCE_POINT,Resident,676,0,260,260,1 in 2.6,38.46153846,hunt_total_draw_result,2021 Antlerless Draw Results.pdf,ANTLERLESS_PARENT,176
2021,2022,EA1236,Antlerless Elk - East Canyon - Any Legal Weapon,ELK,ANTLERLESS,PREFERENCE_POINT,Nonresident,26,0,25,25,1 in 1.0,100,hunt_total_draw_result,2021 Antlerless Draw Results.pdf,ANTLERLESS_PARENT,176
2021,2022,EA1237,"Antlerless Elk - La Sal, La Sal Mtns, North - Any Legal Weapon",ELK,ANTLERLESS,PREFERENCE_POINT,Resident,110,0,82,82,1 in 1.3,76.92307692,hunt_total_draw_result,2021 Antlerless Draw Results.pdf,ANTLERLESS_PARENT,177
2021,2022,EA1237,"Antlerless Elk - La Sal, La Sal Mtns, North - Any Legal Weapon",ELK,ANTLERLESS,PREFERENCE_POINT,Nonresident,26,0,10,10,1 in 2.6,38.46153846,hunt_total_draw_result,2021 Antlerless Draw Results.pdf,ANTLERLESS_PARENT,177
2021,2022,EA1238,"Antlerless Elk - Monroe, Rock Springs - Any Legal Weapon",ELK,ANTLERLESS,PREFERENCE_POINT,Resident,168,0,15,15,1 in 11.2,8.92857143,hunt_total_draw_result,2021 Antlerless Draw Results.pdf,ANTLERLESS_PARENT,178
2021,2022,EA1238,"Antlerless Elk - Monroe, Rock Springs - Any Legal Weapon",ELK,ANTLERLESS,PREFERENCE_POINT,Nonresident,18,0,2,2,1 in 9.0,11.11111111,hunt_total_draw_result,2021 Antlerless Draw Results.pdf,ANTLERLESS_PARENT,178
2021,2022,EA1239,"Antlerless Elk - Nine Mile, Range Creek - Any Legal Weapon",ELK,ANTLERLESS,PREFERENCE_POINT,Resident,36,0,34,34,1 in 1.1,90.90909091,hunt_total_draw_result,2021 Antlerless Draw Results.pdf,ANTLERLESS_PARENT,179
2021,2022,EA1239,"Antlerless Elk - Nine Mile, Range Creek - Any Legal Weapon",ELK,ANTLERLESS,PREFERENCE_POINT,Nonresident,5,0,4,4,1 in 1.3,76.92307692,hunt_total_draw_result,2021 Antlerless Draw Results.pdf,ANTLERLESS_PARENT,179
2021,2022,EA1240,"Antlerless Elk - Nine Mile, Range Creek - Any Legal Weapon",ELK,ANTLERLESS,PREFERENCE_POINT,Resident,75,0,29,29,1 in 2.6,38.46153846,hunt_total_draw_result,2021 Antlerless Draw Results.pdf,ANTLERLESS_PARENT,180
2021,2022,EA1240,"Antlerless Elk - Nine Mile, Range Creek - Any Legal Weapon",ELK,ANTLERLESS,PREFERENCE_POINT,Nonresident,0,0,0,0,N/A,,hunt_total_draw_result,2021 Antlerless Draw Results.pdf,ANTLERLESS_PARENT,180
2021,2022,EA1241,Antlerless Elk - Panguitch Lake - Any Legal Weapon,ELK,ANTLERLESS,PREFERENCE_POINT,Resident,726,0,54,54,1 in 13.4,7.46268657,hunt_total_draw_result,2021 Antlerless Draw Results.pdf,ANTLERLESS_PARENT,181
2021,2022,EA1241,Antlerless Elk - Panguitch Lake - Any Legal Weapon,ELK,ANTLERLESS,PREFERENCE_POINT,Nonresident,166,0,7,7,1 in 23.7,4.21940928,hunt_total_draw_result,2021 Antlerless Draw Results.pdf,ANTLERLESS_PARENT,181
2021,2022,EA1242,"Antlerless Elk - South Slope, Buckskin Hills-jensen - Any Legal Weapon",ELK,ANTLERLESS,PREFERENCE_POINT,Resident,54,0,54,54,1 in 1.0,100,hunt_total_draw_result,2021 Antlerless Draw Results.pdf,ANTLERLESS_PARENT,182
2021,2022,EA1242,"Antlerless Elk - South Slope, Buckskin Hills-jensen - Any Legal Weapon",ELK,ANTLERLESS,PREFERENCE_POINT,Nonresident,20,0,10,10,1 in 2.0,50,hunt_total_draw_result,2021 Antlerless Draw Results.pdf,ANTLERLESS_PARENT,182
2021,2022,EA1243,"Antlerless Elk - South Slope, Buckskin Hills-jensen - Any Legal Weapon",ELK,ANTLERLESS,PREFERENCE_POINT,Resident,53,0,53,53,1 in 1.0,100,hunt_total_draw_result,2021 Antlerless Draw Results.pdf,ANTLERLESS_PARENT,183
2021,2022,EA1243,"Antlerless Elk - South Slope, Buckskin Hills-jensen - Any Legal Weapon",ELK,ANTLERLESS,PREFERENCE_POINT,Nonresident,21,0,10,10,1 in 2.1,47.61904762,hunt_total_draw_result,2021 Antlerless Draw Results.pdf,ANTLERLESS_PARENT,183
2021,2022,EA1244,"Antlerless Elk - South Slope, Yellowstone - Any Legal Weapon",ELK,ANTLERLESS,PREFERENCE_POINT,Resident,373,0,249,249,1 in 1.5,66.66666667,hunt_total_draw_result,2021 Antlerless Draw Results.pdf,ANTLERLESS_PARENT,184
2021,2022,EA1244,"Antlerless Elk - South Slope, Yellowstone - Any Legal Weapon",ELK,ANTLERLESS,PREFERENCE_POINT,Nonresident,38,0,30,30,1 in 1.3,76.92307692,hunt_total_draw_result,2021 Antlerless Draw Results.pdf,ANTLERLESS_PARENT,184
2021,2022,EA1245,"Antlerless Elk - South Slope, Yellowstone - Muzzleloader",ELK,ANTLERLESS,PREFERENCE_POINT,Resident,63,0,63,63,1 in 1.0,100,hunt_total_draw_result,2021 Antlerless Draw Results.pdf,ANTLERLESS_PARENT,185
2021,2022,EA1245,"Antlerless Elk - South Slope, Yellowstone - Muzzleloader",ELK,ANTLERLESS,PREFERENCE_POINT,Nonresident,3,0,3,3,1 in 1.0,100,hunt_total_draw_result,2021 Antlerless Draw Results.pdf,ANTLERLESS_PARENT,185
2021,2022,PD1000,"Doe Pronghorn - Box Elder, Snowville - Any Legal Weapon",PRONGHORN,ANTLERLESS,PREFERENCE_POINT,Resident,664,0,29,29,1 in 22.9,4.36681223,hunt_total_draw_result,2021 Antlerless Draw Results.pdf,ANTLERLESS_PARENT,188
2021,2022,PD1000,"Doe Pronghorn - Box Elder, Snowville - Any Legal Weapon",PRONGHORN,ANTLERLESS,PREFERENCE_POINT,Nonresident,29,0,4,4,1 in 7.3,13.69863014,hunt_total_draw_result,2021 Antlerless Draw Results.pdf,ANTLERLESS_PARENT,188
2021,2022,PD1002,Doe Pronghorn - Cache/morgan-south Rich/ogden - Any Legal Weapon,PRONGHORN,ANTLERLESS,PREFERENCE_POINT,Resident,439,0,4,4,1 in 109.8,0.91074681,hunt_total_draw_result,2021 Antlerless Draw Results.pdf,ANTLERLESS_PARENT,189
2021,2022,PD1002,Doe Pronghorn - Cache/morgan-south Rich/ogden - Any Legal Weapon,PRONGHORN,ANTLERLESS,PREFERENCE_POINT,Nonresident,16,0,1,1,1 in 16.0,6.25,hunt_total_draw_result,2021 Antlerless Draw Results.pdf,ANTLERLESS_PARENT,189
2021,2022,PD1003,Doe Pronghorn - Cache/morgan-south Rich/ogden - Any Legal Weapon,PRONGHORN,ANTLERLESS,PREFERENCE_POINT,Resident,308,0,4,4,1 in 77.0,1.2987013,hunt_total_draw_result,2021 Antlerless Draw Results.pdf,ANTLERLESS_PARENT,190
2021,2022,PD1003,Doe Pronghorn - Cache/morgan-south Rich/ogden - Any Legal Weapon,PRONGHORN,ANTLERLESS,PREFERENCE_POINT,Nonresident,10,0,1,1,1 in 10.0,10,hunt_total_draw_result,2021 Antlerless Draw Results.pdf,ANTLERLESS_PARENT,190
2021,2022,PD1005,"Doe Pronghorn - North Slope, Summit - Any Legal Weapon",PRONGHORN,ANTLERLESS,PREFERENCE_POINT,Resident,133,0,4,4,1 in 33.3,3.003003,hunt_total_draw_result,2021 Antlerless Draw Results.pdf,ANTLERLESS_PARENT,191
2021,2022,PD1005,"Doe Pronghorn - North Slope, Summit - Any Legal Weapon",PRONGHORN,ANTLERLESS,PREFERENCE_POINT,Nonresident,3,0,1,1,1 in 3.0,33.33333333,hunt_total_draw_result,2021 Antlerless Draw Results.pdf,ANTLERLESS_PARENT,191
2021,2022,PD1007,"Doe Pronghorn - San Rafael, North-cleveland - Any Legal Weapon",PRONGHORN,ANTLERLESS,PREFERENCE_POINT,Resident,241,0,4,4,1 in 60.3,1.65837479,hunt_total_draw_result,2021 Antlerless Draw Results.pdf,ANTLERLESS_PARENT,192
2021,2022,PD1007,"Doe Pronghorn - San Rafael, North-cleveland - Any Legal Weapon",PRONGHORN,ANTLERLESS,PREFERENCE_POINT,Nonresident,13,0,1,1,1 in 13.0,7.69230769,hunt_total_draw_result,2021 Antlerless Draw Results.pdf,ANTLERLESS_PARENT,192
2021,2022,PD1008,"Doe Pronghorn - Southwest Desert, Milford Flat -An y Legal Weapon",PRONGHORN,ANTLERLESS,PREFERENCE_POINT,Resident,308,0,18,18,1 in 17.1,5.84795322,hunt_total_draw_result,2021 Antlerless Draw Results.pdf,ANTLERLESS_PARENT,193
2021,2022,PD1008,"Doe Pronghorn - Southwest Desert, Milford Flat -An y Legal Weapon",PRONGHORN,ANTLERLESS,PREFERENCE_POINT,Nonresident,38,0,3,3,1 in 12.7,7.87401575,hunt_total_draw_result,2021 Antlerless Draw Results.pdf,ANTLERLESS_PARENT,193
2021,2022,PD1012,"Doe Pronghorn - Box Elder, Promontory - Any Legal Weapon",PRONGHORN,ANTLERLESS,PREFERENCE_POINT,Resident,132,0,15,15,1 in 8.8,11.36363636,hunt_total_draw_result,2021 Antlerless Draw Results.pdf,ANTLERLESS_PARENT,194
2021,2022,PD1012,"Doe Pronghorn - Box Elder, Promontory - Any Legal Weapon",PRONGHORN,ANTLERLESS,PREFERENCE_POINT,Nonresident,6,0,2,2,1 in 3.0,33.33333333,hunt_total_draw_result,2021 Antlerless Draw Results.pdf,ANTLERLESS_PARENT,194
2021,2022,PD1013,Cwmu Doe Pronghorn - Rabbit Creek - Any Legal Weapon,PRONGHORN,ANTLERLESS,PREFERENCE_POINT,Resident,19,0,1,1,1 in 19.0,5.26315789,hunt_total_draw_result,2021 Antlerless Draw Results.pdf,ANTLERLESS_PARENT,195
2021,2022,PD1013,Cwmu Doe Pronghorn - Rabbit Creek - Any Legal Weapon,PRONGHORN,ANTLERLESS,PREFERENCE_POINT,Nonresident,0,0,0,0,N/A,,hunt_total_draw_result,2021 Antlerless Draw Results.pdf,ANTLERLESS_PARENT,195
2021,2022,PD1014,Cwmu Doe Pronghorn - Rlf Deep Creek - Any Legal Weapon,PRONGHORN,ANTLERLESS,PREFERENCE_POINT,Resident,42,0,2,2,1 in 21.0,4.76190476,hunt_total_draw_result,2021 Antlerless Draw Results.pdf,ANTLERLESS_PARENT,196
2021,2022,PD1014,Cwmu Doe Pronghorn - Rlf Deep Creek - Any Legal Weapon,PRONGHORN,ANTLERLESS,PREFERENCE_POINT,Nonresident,0,0,0,0,N/A,,hunt_total_draw_result,2021 Antlerless Draw Results.pdf,ANTLERLESS_PARENT,196
2021,2022,PD1016,Cwmu Doe Pronghorn - Zane - Any Legal Weapon,PRONGHORN,ANTLERLESS,PREFERENCE_POINT,Resident,15,0,5,5,1 in 3.0,33.33333333,hunt_total_draw_result,2021 Antlerless Draw Results.pdf,ANTLERLESS_PARENT,197
2021,2022,PD1016,Cwmu Doe Pronghorn - Zane - Any Legal Weapon,PRONGHORN,ANTLERLESS,PREFERENCE_POINT,Nonresident,0,0,0,0,N/A,,hunt_total_draw_result,2021 Antlerless Draw Results.pdf,ANTLERLESS_PARENT,197
2021,2022,PD1017,"Doe Pronghorn - Box Elder, West - Any Legal Weapon",PRONGHORN,ANTLERLESS,PREFERENCE_POINT,Resident,346,0,25,25,1 in 13.8,7.24637681,hunt_total_draw_result,2021 Antlerless Draw Results.pdf,ANTLERLESS_PARENT,198
2021,2022,PD1017,"Doe Pronghorn - Box Elder, West - Any Legal Weapon",PRONGHORN,ANTLERLESS,PREFERENCE_POINT,Nonresident,18,0,4,4,1 in 4.5,22.22222222,hunt_total_draw_result,2021 Antlerless Draw Results.pdf,ANTLERLESS_PARENT,198
2021,2022,PD1018,Doe Pronghorn - Mt Dutton/paunsaugunt - Any Legal Weapon,PRONGHORN,ANTLERLESS,PREFERENCE_POINT,Resident,500,0,8,8,1 in 62.5,1.6,hunt_total_draw_result,2021 Antlerless Draw Results.pdf,ANTLERLESS_PARENT,199
2021,2022,PD1018,Doe Pronghorn - Mt Dutton/paunsaugunt - Any Legal Weapon,PRONGHORN,ANTLERLESS,PREFERENCE_POINT,Nonresident,31,0,1,1,1 in 31.0,3.22580645,hunt_total_draw_result,2021 Antlerless Draw Results.pdf,ANTLERLESS_PARENT,199
2021,2022,PD1022,Cwmu Doe Pronghorn - Tl Bar Ranch - Any Legal Weapon,PRONGHORN,ANTLERLESS,PREFERENCE_POINT,Resident,15,0,2,2,1 in 7.5,13.33333333,hunt_total_draw_result,2021 Antlerless Draw Results.pdf,ANTLERLESS_PARENT,200
2021,2022,PD1022,Cwmu Doe Pronghorn - Tl Bar Ranch - Any Legal Weapon,PRONGHORN,ANTLERLESS,PREFERENCE_POINT,Nonresident,0,0,0,0,N/A,,hunt_total_draw_result,2021 Antlerless Draw Results.pdf,ANTLERLESS_PARENT,200
2021,2022,PD1023,Cwmu Doe Pronghorn - George Creek - Any Legal Weapon,PRONGHORN,ANTLERLESS,PREFERENCE_POINT,Resident,33,0,3,3,1 in 11.0,9.09090909,hunt_total_draw_result,2021 Antlerless Draw Results.pdf,ANTLERLESS_PARENT,201
2021,2022,PD1023,Cwmu Doe Pronghorn - George Creek - Any Legal Weapon,PRONGHORN,ANTLERLESS,PREFERENCE_POINT,Nonresident,0,0,0,0,N/A,,hunt_total_draw_result,2021 Antlerless Draw Results.pdf,ANTLERLESS_PARENT,201
2021,2022,PD1024,Cwmu Doe Pronghorn - Snowville Flat - Any Legal Weapon,PRONGHORN,ANTLERLESS,PREFERENCE_POINT,Resident,103,0,2,2,1 in 51.5,1.94174757,hunt_total_draw_result,2021 Antlerless Draw Results.pdf,ANTLERLESS_PARENT,202
2021,2022,PD1024,Cwmu Doe Pronghorn - Snowville Flat - Any Legal Weapon,PRONGHORN,ANTLERLESS,PREFERENCE_POINT,Nonresident,0,0,0,0,N/A,,hunt_total_draw_result,2021 Antlerless Draw Results.pdf,ANTLERLESS_PARENT,202
2021,2022,PD1025,Cwmu Doe Pronghorn - Cottonwood Ridge - Any Legal Weapon,PRONGHORN,ANTLERLESS,PREFERENCE_POINT,Resident,37,0,5,5,1 in 7.4,13.51351351,hunt_total_draw_result,2021 Antlerless Draw Results.pdf,ANTLERLESS_PARENT,203
2021,2022,PD1025,Cwmu Doe Pronghorn - Cottonwood Ridge - Any Legal Weapon,PRONGHORN,ANTLERLESS,PREFERENCE_POINT,Nonresident,0,0,0,0,N/A,,hunt_total_draw_result,2021 Antlerless Draw Results.pdf,ANTLERLESS_PARENT,203
2021,2022,PD1026,Cwmu Doe Pronghorn - Pahvant Ensign - Any Legal Weapon,PRONGHORN,ANTLERLESS,PREFERENCE_POINT,Resident,49,0,5,5,1 in 9.8,10.20408163,hunt_total_draw_result,2021 Antlerless Draw Results.pdf,ANTLERLESS_PARENT,204
2021,2022,PD1026,Cwmu Doe Pronghorn - Pahvant Ensign - Any Legal Weapon,PRONGHORN,ANTLERLESS,PREFERENCE_POINT,Nonresident,0,0,0,0,N/A,,hunt_total_draw_result,2021 Antlerless Draw Results.pdf,ANTLERLESS_PARENT,204
2021,2022,PD1027,"Doe Pronghorn - Fillmore, Oak Creek South - Any Legal Weapon",PRONGHORN,ANTLERLESS,PREFERENCE_POINT,Resident,332,0,18,18,1 in 18.4,5.43478261,hunt_total_draw_result,2021 Antlerless Draw Results.pdf,ANTLERLESS_PARENT,205
2021,2022,PD1027,"Doe Pronghorn - Fillmore, Oak Creek South - Any Legal Weapon",PRONGHORN,ANTLERLESS,PREFERENCE_POINT,Nonresident,13,0,3,3,1 in 4.3,23.25581395,hunt_total_draw_result,2021 Antlerless Draw Results.pdf,ANTLERLESS_PARENT,205
2021,2022,PD1030,"Doe Pronghorn - San Rafael, North-cleveland - Any Legal Weapon",PRONGHORN,ANTLERLESS,PREFERENCE_POINT,Resident,329,0,4,4,1 in 82.3,1.21506683,hunt_total_draw_result,2021 Antlerless Draw Results.pdf,ANTLERLESS_PARENT,206
2021,2022,PD1030,"Doe Pronghorn - San Rafael, North-cleveland - Any Legal Weapon",PRONGHORN,ANTLERLESS,PREFERENCE_POINT,Nonresident,11,0,1,1,1 in 11.0,9.09090909,hunt_total_draw_result,2021 Antlerless Draw Results.pdf,ANTLERLESS_PARENT,206
2021,2022,PD1031,Cwmu Two Doe Pronghorn - Westlake - Any Legal Weapon,PRONGHORN,ANTLERLESS,PREFERENCE_POINT,Resident,424,0,5,5,1 in 84.8,1.17924528,hunt_total_draw_result,2021 Antlerless Draw Results.pdf,ANTLERLESS_PARENT,207
2021,2022,PD1031,Cwmu Two Doe Pronghorn - Westlake - Any Legal Weapon,PRONGHORN,ANTLERLESS,PREFERENCE_POINT,Nonresident,0,0,0,0,N/A,,hunt_total_draw_result,2021 Antlerless Draw Results.pdf,ANTLERLESS_PARENT,207
2021,2022,PD1032,Cwmu Doe Pronghorn - Antelope Creek - Any Legal Weapon,PRONGHORN,ANTLERLESS,PREFERENCE_POINT,Resident,83,0,5,5,1 in 16.6,6.02409639,hunt_total_draw_result,2021 Antlerless Draw Results.pdf,ANTLERLESS_PARENT,208
2021,2022,PD1032,Cwmu Doe Pronghorn - Antelope Creek - Any Legal Weapon,PRONGHORN,ANTLERLESS,PREFERENCE_POINT,Nonresident,0,0,0,0,N/A,,hunt_total_draw_result,2021 Antlerless Draw Results.pdf,ANTLERLESS_PARENT,208
2021,2022,PD1033,"Doe Pronghorn - Central Mtns, Poison Springs Bench - Any Legal Weapon",PRONGHORN,ANTLERLESS,PREFERENCE_POINT,Resident,135,0,15,15,1 in 9.0,11.11111111,hunt_total_draw_result,2021 Antlerless Draw Results.pdf,ANTLERLESS_PARENT,209
2021,2022,PD1033,"Doe Pronghorn - Central Mtns, Poison Springs Bench - Any Legal Weapon",PRONGHORN,ANTLERLESS,PREFERENCE_POINT,Nonresident,8,0,2,2,1 in 4.0,25,hunt_total_draw_result,2021 Antlerless Draw Results.pdf,ANTLERLESS_PARENT,209
2021,2022,PD1034,"Doe Pronghorn - Fillmore, Oak Creek South - Any Legal Weapon",PRONGHORN,ANTLERLESS,PREFERENCE_POINT,Resident,530,0,22,22,1 in 24.1,4.14937759,hunt_total_draw_result,2021 Antlerless Draw Results.pdf,ANTLERLESS_PARENT,210
2021,2022,PD1034,"Doe Pronghorn - Fillmore, Oak Creek South - Any Legal Weapon",PRONGHORN,ANTLERLESS,PREFERENCE_POINT,Nonresident,44,0,3,3,1 in 14.7,6.80272109,hunt_total_draw_result,2021 Antlerless Draw Results.pdf,ANTLERLESS_PARENT,210
2021,2022,PD1035,"Doe Pronghorn - Fillmore, Oak Creek South - Any Legal Weapon",PRONGHORN,ANTLERLESS,PREFERENCE_POINT,Resident,651,0,18,18,1 in 36.2,2.76243094,hunt_total_draw_result,2021 Antlerless Draw Results.pdf,ANTLERLESS_PARENT,211
2021,2022,PD1035,"Doe Pronghorn - Fillmore, Oak Creek South - Any Legal Weapon",PRONGHORN,ANTLERLESS,PREFERENCE_POINT,Nonresident,33,0,3,3,1 in 11.0,9.09090909,hunt_total_draw_result,2021 Antlerless Draw Results.pdf,ANTLERLESS_PARENT,211
2021,2022,PD1036,Doe Pronghorn - Beaver - Any Legal Weapon,PRONGHORN,ANTLERLESS,PREFERENCE_POINT,Resident,421,0,22,22,1 in 19.1,5.23560209,hunt_total_draw_result,2021 Antlerless Draw Results.pdf,ANTLERLESS_PARENT,212
2021,2022,PD1036,Doe Pronghorn - Beaver - Any Legal Weapon,PRONGHORN,ANTLERLESS,PREFERENCE_POINT,Nonresident,51,0,3,3,1 in 17.0,5.88235294,hunt_total_draw_result,2021 Antlerless Draw Results.pdf,ANTLERLESS_PARENT,212
2021,2022,PD1037,"Doe Pronghorn - North Slope, Three Corners - Any Legal Weapon",PRONGHORN,ANTLERLESS,PREFERENCE_POINT,Resident,298,0,4,4,1 in 74.5,1.34228188,hunt_total_draw_result,2021 Antlerless Draw Results.pdf,ANTLERLESS_PARENT,213
2021,2022,PD1037,"Doe Pronghorn - North Slope, Three Corners - Any Legal Weapon",PRONGHORN,ANTLERLESS,PREFERENCE_POINT,Nonresident,11,0,1,1,1 in 11.0,9.09090909,hunt_total_draw_result,2021 Antlerless Draw Results.pdf,ANTLERLESS_PARENT,213
2021,2022,PD1038,"Doe Pronghorn - North Slope, West Daggett - Any Legal Weapon",PRONGHORN,ANTLERLESS,PREFERENCE_POINT,Resident,133,0,3,3,1 in 44.3,2.25733634,hunt_total_draw_result,2021 Antlerless Draw Results.pdf,ANTLERLESS_PARENT,214
2021,2022,PD1038,"Doe Pronghorn - North Slope, West Daggett - Any Legal Weapon",PRONGHORN,ANTLERLESS,PREFERENCE_POINT,Nonresident,3,0,1,1,1 in 3.0,33.33333333,hunt_total_draw_result,2021 Antlerless Draw Results.pdf,ANTLERLESS_PARENT,214
2021,2022,PD1039,"Doe Pronghorn - Panguitch Lake/zion, North - Any Legal Weapon",PRONGHORN,ANTLERLESS,PREFERENCE_POINT,Resident,431,0,8,8,1 in 53.9,1.85528757,hunt_total_draw_result,2021 Antlerless Draw Results.pdf,ANTLERLESS_PARENT,215
2021,2022,PD1039,"Doe Pronghorn - Panguitch Lake/zion, North - Any Legal Weapon",PRONGHORN,ANTLERLESS,PREFERENCE_POINT,Nonresident,63,0,1,1,1 in 63.0,1.58730159,hunt_total_draw_result,2021 Antlerless Draw Results.pdf,ANTLERLESS_PARENT,215
2021,2022,PD1041,Cwmu Doe Pronghorn - Heist -An y Legal Weapon,PRONGHORN,ANTLERLESS,PREFERENCE_POINT,Resident,33,0,5,5,1 in 6.6,15.15151515,hunt_total_draw_result,2021 Antlerless Draw Results.pdf,ANTLERLESS_PARENT,216
2021,2022,PD1041,Cwmu Doe Pronghorn - Heist -An y Legal Weapon,PRONGHORN,ANTLERLESS,PREFERENCE_POINT,Nonresident,0,0,0,0,N/A,,hunt_total_draw_result,2021 Antlerless Draw Results.pdf,ANTLERLESS_PARENT,216
2021,2022,PD1042,Doe Pronghorn - Pine Valley - Any Legal Weapon,PRONGHORN,ANTLERLESS,PREFERENCE_POINT,Resident,248,0,22,22,1 in 11.3,8.84955752,hunt_total_draw_result,2021 Antlerless Draw Results.pdf,ANTLERLESS_PARENT,217
2021,2022,PD1042,Doe Pronghorn - Pine Valley - Any Legal Weapon,PRONGHORN,ANTLERLESS,PREFERENCE_POINT,Nonresident,37,0,3,3,1 in 12.3,8.1300813,hunt_total_draw_result,2021 Antlerless Draw Results.pdf,ANTLERLESS_PARENT,217
2021,2022,PD1043,"Doe Pronghorn - Nine Mile, Anthro-pleasant Valley - Any Legal Weapon",PRONGHORN,ANTLERLESS,PREFERENCE_POINT,Resident,350,0,51,51,1 in 6.9,14.49275362,hunt_total_draw_result,2021 Antlerless Draw Results.pdf,ANTLERLESS_PARENT,218
2021,2022,PD1043,"Doe Pronghorn - Nine Mile, Anthro-pleasant Valley - Any Legal Weapon",PRONGHORN,ANTLERLESS,PREFERENCE_POINT,Nonresident,11,0,6,6,1 in 1.8,55.55555556,hunt_total_draw_result,2021 Antlerless Draw Results.pdf,ANTLERLESS_PARENT,218
2021,2022,MA1000,"Antlerless Moose - East Canyon, Davis-north Salt Lake - Any Legal Weapon",MOOSE,ANTLERLESS,PREFERENCE_POINT,Resident,1407,2,2,4,1 in 351.8,0.28425242,hunt_total_draw_result,2021 Antlerless Draw Results.pdf,ANTLERLESS_PARENT,221
2021,2022,MA1000,"Antlerless Moose - East Canyon, Davis-north Salt Lake - Any Legal Weapon",MOOSE,ANTLERLESS,PREFERENCE_POINT,Nonresident,210,0,1,1,1 in 210.0,0.47619048,hunt_total_draw_result,2021 Antlerless Draw Results.pdf,ANTLERLESS_PARENT,221
2021,2022,MA1001,"Antlerless Moose - East Canyon, Morgan-summit - Any Legal Weapon",MOOSE,ANTLERLESS,PREFERENCE_POINT,Resident,747,1,1,2,1 in 373.5,0.26773762,hunt_total_draw_result,2021 Antlerless Draw Results.pdf,ANTLERLESS_PARENT,222
2021,2022,MA1001,"Antlerless Moose - East Canyon, Morgan-summit - Any Legal Weapon",MOOSE,ANTLERLESS,PREFERENCE_POINT,Nonresident,0,0,0,0,N/A,,hunt_total_draw_result,2021 Antlerless Draw Results.pdf,ANTLERLESS_PARENT,222
2021,2022,MA1003,"Antlerless Moose - Ogden, West - Any Legal Weapon",MOOSE,ANTLERLESS,PREFERENCE_POINT,Resident,1228,2,1,3,1 in 409.3,0.24431957,hunt_total_draw_result,2021 Antlerless Draw Results.pdf,ANTLERLESS_PARENT,223
2021,2022,MA1003,"Antlerless Moose - Ogden, West - Any Legal Weapon",MOOSE,ANTLERLESS,PREFERENCE_POINT,Nonresident,0,0,0,0,N/A,,hunt_total_draw_result,2021 Antlerless Draw Results.pdf,ANTLERLESS_PARENT,223
2021,2022,MA1005,Antlerless Moose - Morgan-south Rich -An y Legal Weapon,MOOSE,ANTLERLESS,PREFERENCE_POINT,Resident,626,2,2,4,1 in 156.5,0.63897764,hunt_total_draw_result,2021 Antlerless Draw Results.pdf,ANTLERLESS_PARENT,224
2021,2022,MA1005,Antlerless Moose - Morgan-south Rich -An y Legal Weapon,MOOSE,ANTLERLESS,PREFERENCE_POINT,Nonresident,122,0,1,1,1 in 122.0,0.81967213,hunt_total_draw_result,2021 Antlerless Draw Results.pdf,ANTLERLESS_PARENT,224
2021,2022,RE1000,"Rocky Mountain Bighorn Sheep Ewe - Box Elder, Newfoundland Mtns - Any Legal Weapon",ROCKY_MOUNTAIN_BIGHORN_SHEEP,ANTLERLESS,PREFERENCE_POINT,Resident,1170,5,4,9,1 in 130.0,0.76923077,hunt_total_draw_result,2021 Antlerless Draw Results.pdf,ANTLERLESS_PARENT,227
2021,2022,RE1000,"Rocky Mountain Bighorn Sheep Ewe - Box Elder, Newfoundland Mtns - Any Legal Weapon",ROCKY_MOUNTAIN_BIGHORN_SHEEP,ANTLERLESS,PREFERENCE_POINT,Nonresident,214,0,1,1,1 in 214.0,0.46728972,hunt_total_draw_result,2021 Antlerless Draw Results.pdf,ANTLERLESS_PARENT,227
2021,2022,DA1000,"Antlerless Deer - Beaver, Circleville North - Any Legal Weapon",DEER,ANTLERLESS,PREFERENCE_POINT,Resident,38,0,2,2,1 in 19.0,5.26315789,hunt_total_draw_result,21_youth_antlerless_drawing_odds_report.pdf,YOUTH_ANTLERLESS_PARENT,1
2021,2022,DA1000,"Antlerless Deer - Beaver, Circleville North - Any Legal Weapon",DEER,ANTLERLESS,PREFERENCE_POINT,Nonresident,1,0,0,0,N/A,,hunt_total_draw_result,21_youth_antlerless_drawing_odds_report.pdf,YOUTH_ANTLERLESS_PARENT,1
2021,2022,DA1001,"Antlerless Deer - Box Elder, West Bear River - Archery, Mzldr, Shotgn Only",BLACK_BEAR,ANTLERLESS,PREFERENCE_POINT,Resident,9,0,6,6,1 in 1.5,66.66666667,hunt_total_draw_result,21_youth_antlerless_drawing_odds_report.pdf,YOUTH_ANTLERLESS_PARENT,2
2021,2022,DA1001,"Antlerless Deer - Box Elder, West Bear River - Archery, Mzldr, Shotgn Only",BLACK_BEAR,ANTLERLESS,PREFERENCE_POINT,Nonresident,0,0,0,0,N/A,,hunt_total_draw_result,21_youth_antlerless_drawing_odds_report.pdf,YOUTH_ANTLERLESS_PARENT,2
2021,2022,DA1002,"Antlerless Deer - Box Elder, West Bear River - Archery, Mzldr, Shotgn Only",BLACK_BEAR,ANTLERLESS,PREFERENCE_POINT,Resident,30,0,6,6,1 in 5.0,20,hunt_total_draw_result,21_youth_antlerless_drawing_odds_report.pdf,YOUTH_ANTLERLESS_PARENT,3
2021,2022,DA1002,"Antlerless Deer - Box Elder, West Bear River - Archery, Mzldr, Shotgn Only",BLACK_BEAR,ANTLERLESS,PREFERENCE_POINT,Nonresident,0,0,0,0,N/A,,hunt_total_draw_result,21_youth_antlerless_drawing_odds_report.pdf,YOUTH_ANTLERLESS_PARENT,3
2021,2022,DA1003,"Antlerless Deer - Monroe/plateau, Sevier Valley - Archery, Mzldr, Shotgn Only",DEER,ANTLERLESS,PREFERENCE_POINT,Resident,35,0,10,10,1 in 3.5,28.57142857,hunt_total_draw_result,21_youth_antlerless_drawing_odds_report.pdf,YOUTH_ANTLERLESS_PARENT,4
2021,2022,DA1003,"Antlerless Deer - Monroe/plateau, Sevier Valley - Archery, Mzldr, Shotgn Only",DEER,ANTLERLESS,PREFERENCE_POINT,Nonresident,0,0,0,0,N/A,,hunt_total_draw_result,21_youth_antlerless_drawing_odds_report.pdf,YOUTH_ANTLERLESS_PARENT,4
2021,2022,DA1004,"Antlerless Deer - Mt Dutton, Circleville South - Any Legal Weapon",DEER,ANTLERLESS,PREFERENCE_POINT,Resident,11,0,2,2,1 in 5.5,18.18181818,hunt_total_draw_result,21_youth_antlerless_drawing_odds_report.pdf,YOUTH_ANTLERLESS_PARENT,5
2021,2022,DA1004,"Antlerless Deer - Mt Dutton, Circleville South - Any Legal Weapon",DEER,ANTLERLESS,PREFERENCE_POINT,Nonresident,1,0,0,0,N/A,,hunt_total_draw_result,21_youth_antlerless_drawing_odds_report.pdf,YOUTH_ANTLERLESS_PARENT,5
2021,2022,DA1007,"Antlerless Deer - Panguitch Lake, Panguitch Valley - Any Legal Weapon",DEER,ANTLERLESS,PREFERENCE_POINT,Resident,86,0,0,0,N/A,,hunt_total_draw_result,21_youth_antlerless_drawing_odds_report.pdf,YOUTH_ANTLERLESS_PARENT,6
2021,2022,DA1007,"Antlerless Deer - Panguitch Lake, Panguitch Valley - Any Legal Weapon",DEER,ANTLERLESS,PREFERENCE_POINT,Nonresident,13,0,2,2,1 in 6.5,15.38461538,hunt_total_draw_result,21_youth_antlerless_drawing_odds_report.pdf,YOUTH_ANTLERLESS_PARENT,6
2021,2022,DA1009,"Antlerless Deer - Pine Valley, Enterprise - Any Legal Weapon",DEER,ANTLERLESS,PREFERENCE_POINT,Resident,72,0,7,7,1 in 10.3,9.70873786,hunt_total_draw_result,21_youth_antlerless_drawing_odds_report.pdf,YOUTH_ANTLERLESS_PARENT,7
2021,2022,DA1009,"Antlerless Deer - Pine Valley, Enterprise - Any Legal Weapon",DEER,ANTLERLESS,PREFERENCE_POINT,Nonresident,7,0,0,0,N/A,,hunt_total_draw_result,21_youth_antlerless_drawing_odds_report.pdf,YOUTH_ANTLERLESS_PARENT,7
2021,2022,DA1011,Cwmu Antlerless Deer - George Creek - Any Legal Weapon,DEER,ANTLERLESS,PREFERENCE_POINT,Resident,17,0,1,1,1 in 17.0,5.88235294,hunt_total_draw_result,21_youth_antlerless_drawing_odds_report.pdf,YOUTH_ANTLERLESS_PARENT,8
2021,2022,DA1011,Cwmu Antlerless Deer - George Creek - Any Legal Weapon,DEER,ANTLERLESS,PREFERENCE_POINT,Nonresident,0,0,0,0,N/A,,hunt_total_draw_result,21_youth_antlerless_drawing_odds_report.pdf,YOUTH_ANTLERLESS_PARENT,8
2021,2022,DA1012,Cwmu Two Doe Antlerless Deer - Junction Valley - Any Legal Weapon,DEER,ANTLERLESS,PREFERENCE_POINT,Resident,61,0,3,3,1 in 20.3,4.92610837,hunt_total_draw_result,21_youth_antlerless_drawing_odds_report.pdf,YOUTH_ANTLERLESS_PARENT,9
2021,2022,DA1012,Cwmu Two Doe Antlerless Deer - Junction Valley - Any Legal Weapon,DEER,ANTLERLESS,PREFERENCE_POINT,Nonresident,0,0,0,0,N/A,,hunt_total_draw_result,21_youth_antlerless_drawing_odds_report.pdf,YOUTH_ANTLERLESS_PARENT,9
2021,2022,DA1013,Cwmu Antlerless Deer - Mt Carmel - Any Legal Weapon,DEER,ANTLERLESS,PREFERENCE_POINT,Resident,12,0,1,1,1 in 12.0,8.33333333,hunt_total_draw_result,21_youth_antlerless_drawing_odds_report.pdf,YOUTH_ANTLERLESS_PARENT,10
2021,2022,DA1013,Cwmu Antlerless Deer - Mt Carmel - Any Legal Weapon,DEER,ANTLERLESS,PREFERENCE_POINT,Nonresident,0,0,0,0,N/A,,hunt_total_draw_result,21_youth_antlerless_drawing_odds_report.pdf,YOUTH_ANTLERLESS_PARENT,10
2021,2022,DA1017,"Antlerless Deer - Pine Valley, Enterprise - Any Legal Weapon",DEER,ANTLERLESS,PREFERENCE_POINT,Resident,83,0,5,5,1 in 16.6,6.02409639,hunt_total_draw_result,21_youth_antlerless_drawing_odds_report.pdf,YOUTH_ANTLERLESS_PARENT,11
2021,2022,DA1017,"Antlerless Deer - Pine Valley, Enterprise - Any Legal Weapon",DEER,ANTLERLESS,PREFERENCE_POINT,Nonresident,5,0,0,0,N/A,,hunt_total_draw_result,21_youth_antlerless_drawing_odds_report.pdf,YOUTH_ANTLERLESS_PARENT,11
2021,2022,DA1018,"Two Doe Antlerless Deer - Pine Valley, New Harmony - Archery, Mzldr, Shotgn Only",DEER,ANTLERLESS,PREFERENCE_POINT,Resident,12,0,7,7,1 in 1.7,58.82352941,hunt_total_draw_result,21_youth_antlerless_drawing_odds_report.pdf,YOUTH_ANTLERLESS_PARENT,12
2021,2022,DA1018,"Two Doe Antlerless Deer - Pine Valley, New Harmony - Archery, Mzldr, Shotgn Only",DEER,ANTLERLESS,PREFERENCE_POINT,Nonresident,2,0,0,0,N/A,,hunt_total_draw_result,21_youth_antlerless_drawing_odds_report.pdf,YOUTH_ANTLERLESS_PARENT,12
2021,2022,DA1026,Antlerless Deer - Chalk Creek - Any Legal Weapon,DEER,ANTLERLESS,PREFERENCE_POINT,Resident,22,0,10,10,1 in 2.2,45.45454545,hunt_total_draw_result,21_youth_antlerless_drawing_odds_report.pdf,YOUTH_ANTLERLESS_PARENT,13
2021,2022,DA1026,Antlerless Deer - Chalk Creek - Any Legal Weapon,DEER,ANTLERLESS,PREFERENCE_POINT,Nonresident,0,0,0,0,N/A,,hunt_total_draw_result,21_youth_antlerless_drawing_odds_report.pdf,YOUTH_ANTLERLESS_PARENT,13
2021,2022,DA1027,"Antlerless Deer - East Canyon, Davis-north Salt Lake - Any Legal Weapon",DEER,ANTLERLESS,PREFERENCE_POINT,Resident,120,0,20,20,1 in 6.0,16.66666667,hunt_total_draw_result,21_youth_antlerless_drawing_odds_report.pdf,YOUTH_ANTLERLESS_PARENT,14
2021,2022,DA1027,"Antlerless Deer - East Canyon, Davis-north Salt Lake - Any Legal Weapon",DEER,ANTLERLESS,PREFERENCE_POINT,Nonresident,0,0,0,0,N/A,,hunt_total_draw_result,21_youth_antlerless_drawing_odds_report.pdf,YOUTH_ANTLERLESS_PARENT,14
2021,2022,DA1028,"Antlerless Deer - East Canyon, Davis-north Salt Lake - Any Legal Weapon",DEER,ANTLERLESS,PREFERENCE_POINT,Resident,88,0,20,20,1 in 4.4,22.72727273,hunt_total_draw_result,21_youth_antlerless_drawing_odds_report.pdf,YOUTH_ANTLERLESS_PARENT,15
2021,2022,DA1028,"Antlerless Deer - East Canyon, Davis-north Salt Lake - Any Legal Weapon",DEER,ANTLERLESS,PREFERENCE_POINT,Nonresident,0,0,0,0,N/A,,hunt_total_draw_result,21_youth_antlerless_drawing_odds_report.pdf,YOUTH_ANTLERLESS_PARENT,15
2021,2022,DA1029,"Antlerless Deer - Nine Mile, Green River Valley - Archery",DEER,ANTLERLESS,PREFERENCE_POINT,Resident,1,0,1,1,1 in 1.0,100,hunt_total_draw_result,21_youth_antlerless_drawing_odds_report.pdf,YOUTH_ANTLERLESS_PARENT,16
2021,2022,DA1029,"Antlerless Deer - Nine Mile, Green River Valley - Archery",DEER,ANTLERLESS,PREFERENCE_POINT,Nonresident,0,0,0,0,N/A,,hunt_total_draw_result,21_youth_antlerless_drawing_odds_report.pdf,YOUTH_ANTLERLESS_PARENT,16
2021,2022,DA1030,"Antlerless Deer - Nine Mile, Price River Valley - Archery",DEER,ANTLERLESS,PREFERENCE_POINT,Resident,6,0,4,4,1 in 1.5,66.66666667,hunt_total_draw_result,21_youth_antlerless_drawing_odds_report.pdf,YOUTH_ANTLERLESS_PARENT,17
2021,2022,DA1030,"Antlerless Deer - Nine Mile, Price River Valley - Archery",DEER,ANTLERLESS,PREFERENCE_POINT,Nonresident,0,0,0,0,N/A,,hunt_total_draw_result,21_youth_antlerless_drawing_odds_report.pdf,YOUTH_ANTLERLESS_PARENT,17
2021,2022,DA1031,"Antlerless Deer - Oquirrh-stansbury, Settlement Cyn - Archery",DEER,ANTLERLESS,PREFERENCE_POINT,Resident,31,0,5,5,1 in 6.2,16.12903226,hunt_total_draw_result,21_youth_antlerless_drawing_odds_report.pdf,YOUTH_ANTLERLESS_PARENT,18
2021,2022,DA1031,"Antlerless Deer - Oquirrh-stansbury, Settlement Cyn - Archery",DEER,ANTLERLESS,PREFERENCE_POINT,Nonresident,0,0,0,0,N/A,,hunt_total_draw_result,21_youth_antlerless_drawing_odds_report.pdf,YOUTH_ANTLERLESS_PARENT,18
2021,2022,DA1033,"Antlerless Deer - San Juan, Monticello - Archery",DEER,ANTLERLESS,PREFERENCE_POINT,Resident,2,0,1,1,1 in 2.0,50,hunt_total_draw_result,21_youth_antlerless_drawing_odds_report.pdf,YOUTH_ANTLERLESS_PARENT,19
2021,2022,DA1033,"Antlerless Deer - San Juan, Monticello - Archery",DEER,ANTLERLESS,PREFERENCE_POINT,Nonresident,0,0,0,0,N/A,,hunt_total_draw_result,21_youth_antlerless_drawing_odds_report.pdf,YOUTH_ANTLERLESS_PARENT,19
2021,2022,DA1039,Antlerless Deer - East Canyon - Any Legal Weapon,DEER,ANTLERLESS,PREFERENCE_POINT,Resident,16,0,10,10,1 in 1.6,62.5,hunt_total_draw_result,21_youth_antlerless_drawing_odds_report.pdf,YOUTH_ANTLERLESS_PARENT,20
2021,2022,DA1039,Antlerless Deer - East Canyon - Any Legal Weapon,DEER,ANTLERLESS,PREFERENCE_POINT,Nonresident,0,0,0,0,N/A,,hunt_total_draw_result,21_youth_antlerless_drawing_odds_report.pdf,YOUTH_ANTLERLESS_PARENT,20
2021,2022,DA1041,"Antlerless Deer - Nine Mile, Green River Valley - Any Legal Weapon",DEER,ANTLERLESS,PREFERENCE_POINT,Resident,7,0,5,5,1 in 1.4,71.42857143,hunt_total_draw_result,21_youth_antlerless_drawing_odds_report.pdf,YOUTH_ANTLERLESS_PARENT,21
2021,2022,DA1041,"Antlerless Deer - Nine Mile, Green River Valley - Any Legal Weapon",DEER,ANTLERLESS,PREFERENCE_POINT,Nonresident,0,0,0,0,N/A,,hunt_total_draw_result,21_youth_antlerless_drawing_odds_report.pdf,YOUTH_ANTLERLESS_PARENT,21
2021,2022,DA1042,"Antlerless Deer - San Juan, Monticello - Archery",DEER,ANTLERLESS,PREFERENCE_POINT,Resident,2,0,1,1,1 in 2.0,50,hunt_total_draw_result,21_youth_antlerless_drawing_odds_report.pdf,YOUTH_ANTLERLESS_PARENT,22
2021,2022,DA1042,"Antlerless Deer - San Juan, Monticello - Archery",DEER,ANTLERLESS,PREFERENCE_POINT,Nonresident,0,0,0,0,N/A,,hunt_total_draw_result,21_youth_antlerless_drawing_odds_report.pdf,YOUTH_ANTLERLESS_PARENT,22
2021,2022,DA1043,"Antlerless Deer - Southwest Desert, Cedar Valley - Archery, Mzldr, Shotgn Only",DEER,ANTLERLESS,PREFERENCE_POINT,Resident,6,0,2,2,1 in 3.0,33.33333333,hunt_total_draw_result,21_youth_antlerless_drawing_odds_report.pdf,YOUTH_ANTLERLESS_PARENT,23
2021,2022,DA1043,"Antlerless Deer - Southwest Desert, Cedar Valley - Archery, Mzldr, Shotgn Only",DEER,ANTLERLESS,PREFERENCE_POINT,Nonresident,1,0,1,1,1 in 1.0,100,hunt_total_draw_result,21_youth_antlerless_drawing_odds_report.pdf,YOUTH_ANTLERLESS_PARENT,23
2021,2022,DA1044,"Two Doe Antlerless Deer - South Slope, Myton - Any Legal Weapon",DEER,ANTLERLESS,PREFERENCE_POINT,Resident,42,0,40,40,1 in 1.1,90.90909091,hunt_total_draw_result,21_youth_antlerless_drawing_odds_report.pdf,YOUTH_ANTLERLESS_PARENT,24
2021,2022,DA1044,"Two Doe Antlerless Deer - South Slope, Myton - Any Legal Weapon",DEER,ANTLERLESS,PREFERENCE_POINT,Nonresident,0,0,0,0,N/A,,hunt_total_draw_result,21_youth_antlerless_drawing_odds_report.pdf,YOUTH_ANTLERLESS_PARENT,24
2021,2022,DA1045,"Antlerless Deer - Fillmore, Oak City - Archery",DEER,ANTLERLESS,PREFERENCE_POINT,Resident,6,0,3,3,1 in 2.0,50,hunt_total_draw_result,21_youth_antlerless_drawing_odds_report.pdf,YOUTH_ANTLERLESS_PARENT,25
2021,2022,DA1045,"Antlerless Deer - Fillmore, Oak City - Archery",DEER,ANTLERLESS,PREFERENCE_POINT,Nonresident,0,0,0,0,N/A,,hunt_total_draw_result,21_youth_antlerless_drawing_odds_report.pdf,YOUTH_ANTLERLESS_PARENT,25
2021,2022,DA1046,"Antlerless Deer - Nine Mile, Price River Valley - Archery, Mzldr, Shotgn Only",DEER,ANTLERLESS,PREFERENCE_POINT,Resident,3,0,3,3,1 in 1.0,100,hunt_total_draw_result,21_youth_antlerless_drawing_odds_report.pdf,YOUTH_ANTLERLESS_PARENT,26
2021,2022,DA1046,"Antlerless Deer - Nine Mile, Price River Valley - Archery, Mzldr, Shotgn Only",DEER,ANTLERLESS,PREFERENCE_POINT,Nonresident,0,0,0,0,N/A,,hunt_total_draw_result,21_youth_antlerless_drawing_odds_report.pdf,YOUTH_ANTLERLESS_PARENT,26
2021,2022,EA1004,"Antlerless Elk - Book Cliffs, Little Creek Roadless - Any Legal Weapon",ELK,ANTLERLESS,PREFERENCE_POINT,Resident,4,0,4,4,1 in 1.0,100,hunt_total_draw_result,21_youth_antlerless_drawing_odds_report.pdf,YOUTH_ANTLERLESS_PARENT,28
2021,2022,EA1004,"Antlerless Elk - Book Cliffs, Little Creek Roadless - Any Legal Weapon",ELK,ANTLERLESS,PREFERENCE_POINT,Nonresident,1,0,1,1,1 in 1.0,100,hunt_total_draw_result,21_youth_antlerless_drawing_odds_report.pdf,YOUTH_ANTLERLESS_PARENT,28
2021,2022,EA1007,"Antlerless Elk - Box Elder, Grouse Creek - Any Legal Weapon",ELK,ANTLERLESS,PREFERENCE_POINT,Resident,1,0,0,0,N/A,,hunt_total_draw_result,21_youth_antlerless_drawing_odds_report.pdf,YOUTH_ANTLERLESS_PARENT,29
2021,2022,EA1007,"Antlerless Elk - Box Elder, Grouse Creek - Any Legal Weapon",ELK,ANTLERLESS,PREFERENCE_POINT,Nonresident,0,0,0,0,N/A,,hunt_total_draw_result,21_youth_antlerless_drawing_odds_report.pdf,YOUTH_ANTLERLESS_PARENT,29
2021,2022,EA1008,"Antlerless Elk - Box Elder, Grouse Creek - Any Legal Weapon",ELK,ANTLERLESS,PREFERENCE_POINT,Resident,2,0,0,0,N/A,,hunt_total_draw_result,21_youth_antlerless_drawing_odds_report.pdf,YOUTH_ANTLERLESS_PARENT,30
2021,2022,EA1008,"Antlerless Elk - Box Elder, Grouse Creek - Any Legal Weapon",ELK,ANTLERLESS,PREFERENCE_POINT,Nonresident,1,0,0,0,N/A,,hunt_total_draw_result,21_youth_antlerless_drawing_odds_report.pdf,YOUTH_ANTLERLESS_PARENT,30
2021,2022,EA1009,"Antlerless Elk - Cache, East - Any Legal Weapon",ELK,ANTLERLESS,PREFERENCE_POINT,Resident,114,0,96,96,1 in 1.2,83.33333333,hunt_total_draw_result,21_youth_antlerless_drawing_odds_report.pdf,YOUTH_ANTLERLESS_PARENT,31
2021,2022,EA1009,"Antlerless Elk - Cache, East - Any Legal Weapon",ELK,ANTLERLESS,PREFERENCE_POINT,Nonresident,0,0,0,0,N/A,,hunt_total_draw_result,21_youth_antlerless_drawing_odds_report.pdf,YOUTH_ANTLERLESS_PARENT,31
2021,2022,EA1010,"Antlerless Elk - Cache, Rich - Any Legal Weapon",ELK,ANTLERLESS,PREFERENCE_POINT,Resident,22,0,13,13,1 in 1.7,58.82352941,hunt_total_draw_result,21_youth_antlerless_drawing_odds_report.pdf,YOUTH_ANTLERLESS_PARENT,32
2021,2022,EA1010,"Antlerless Elk - Cache, Rich - Any Legal Weapon",ELK,ANTLERLESS,PREFERENCE_POINT,Nonresident,0,0,0,0,N/A,,hunt_total_draw_result,21_youth_antlerless_drawing_odds_report.pdf,YOUTH_ANTLERLESS_PARENT,32
2021,2022,EA1011,"Antlerless Elk - Cache, Richards Hollow - Any Legal Weapon",ELK,ANTLERLESS,PREFERENCE_POINT,Resident,15,0,9,9,1 in 1.7,58.82352941,hunt_total_draw_result,21_youth_antlerless_drawing_odds_report.pdf,YOUTH_ANTLERLESS_PARENT,33
2021,2022,EA1011,"Antlerless Elk - Cache, Richards Hollow - Any Legal Weapon",ELK,ANTLERLESS,PREFERENCE_POINT,Nonresident,0,0,0,0,N/A,,hunt_total_draw_result,21_youth_antlerless_drawing_odds_report.pdf,YOUTH_ANTLERLESS_PARENT,33
2021,2022,EA1012,"Antlerless Elk - Cache, Richmond Hyde Park - Any Legal Weapon",ELK,ANTLERLESS,PREFERENCE_POINT,Resident,1,0,1,1,1 in 1.0,100,hunt_total_draw_result,21_youth_antlerless_drawing_odds_report.pdf,YOUTH_ANTLERLESS_PARENT,34
2021,2022,EA1012,"Antlerless Elk - Cache, Richmond Hyde Park - Any Legal Weapon",ELK,ANTLERLESS,PREFERENCE_POINT,Nonresident,0,0,0,0,N/A,,hunt_total_draw_result,21_youth_antlerless_drawing_odds_report.pdf,YOUTH_ANTLERLESS_PARENT,34
2021,2022,EA1013,"Antlerless Elk - Central Mtns, Central Manti - Any Legal Weapon",ELK,ANTLERLESS,PREFERENCE_POINT,Resident,81,0,1,1,1 in 81.0,1.2345679,hunt_total_draw_result,21_youth_antlerless_drawing_odds_report.pdf,YOUTH_ANTLERLESS_PARENT,35
2021,2022,EA1013,"Antlerless Elk - Central Mtns, Central Manti - Any Legal Weapon",ELK,ANTLERLESS,PREFERENCE_POINT,Nonresident,0,0,0,0,N/A,,hunt_total_draw_result,21_youth_antlerless_drawing_odds_report.pdf,YOUTH_ANTLERLESS_PARENT,35
2021,2022,EA1015,"Antlerless Elk - Central Mtns, Ferron Canyon - Any Legal Weapon",ELK,ANTLERLESS,PREFERENCE_POINT,Resident,40,0,1,1,1 in 40.0,2.5,hunt_total_draw_result,21_youth_antlerless_drawing_odds_report.pdf,YOUTH_ANTLERLESS_PARENT,36
2021,2022,EA1015,"Antlerless Elk - Central Mtns, Ferron Canyon - Any Legal Weapon",ELK,ANTLERLESS,PREFERENCE_POINT,Nonresident,3,0,0,0,N/A,,hunt_total_draw_result,21_youth_antlerless_drawing_odds_report.pdf,YOUTH_ANTLERLESS_PARENT,36
2021,2022,EA1017,"Antlerless Elk - Central Mtns, Gordon Creek-price Canyon - Any Legal Weapon",ELK,ANTLERLESS,PREFERENCE_POINT,Resident,42,0,1,1,1 in 42.0,2.38095238,hunt_total_draw_result,21_youth_antlerless_drawing_odds_report.pdf,YOUTH_ANTLERLESS_PARENT,37
2021,2022,EA1017,"Antlerless Elk - Central Mtns, Gordon Creek-price Canyon - Any Legal Weapon",ELK,ANTLERLESS,PREFERENCE_POINT,Nonresident,0,0,0,0,N/A,,hunt_total_draw_result,21_youth_antlerless_drawing_odds_report.pdf,YOUTH_ANTLERLESS_PARENT,37
2021,2022,EA1018,"Antlerless Elk - Central Mtns, Horn Mtn - Any Legal Weapon",ELK,ANTLERLESS,PREFERENCE_POINT,Resident,12,0,0,0,N/A,,hunt_total_draw_result,21_youth_antlerless_drawing_odds_report.pdf,YOUTH_ANTLERLESS_PARENT,38
2021,2022,EA1018,"Antlerless Elk - Central Mtns, Horn Mtn - Any Legal Weapon",ELK,ANTLERLESS,PREFERENCE_POINT,Nonresident,0,0,0,0,N/A,,hunt_total_draw_result,21_youth_antlerless_drawing_odds_report.pdf,YOUTH_ANTLERLESS_PARENT,38
2021,2022,EA1020,"Antlerless Elk - Central Mtns, Mohrland-stump Flat - Any Legal Weapon",ELK,ANTLERLESS,PREFERENCE_POINT,Resident,16,0,1,1,1 in 16.0,6.25,hunt_total_draw_result,21_youth_antlerless_drawing_odds_report.pdf,YOUTH_ANTLERLESS_PARENT,39
2021,2022,EA1020,"Antlerless Elk - Central Mtns, Mohrland-stump Flat - Any Legal Weapon",ELK,ANTLERLESS,PREFERENCE_POINT,Nonresident,0,0,0,0,N/A,,hunt_total_draw_result,21_youth_antlerless_drawing_odds_report.pdf,YOUTH_ANTLERLESS_PARENT,39
2021,2022,EA1021,"Antlerless Elk - Central Mtns, Nebo - Any Legal Weapon",ELK,ANTLERLESS,PREFERENCE_POINT,Resident,53,0,14,14,1 in 3.8,26.31578947,hunt_total_draw_result,21_youth_antlerless_drawing_odds_report.pdf,YOUTH_ANTLERLESS_PARENT,40
2021,2022,EA1021,"Antlerless Elk - Central Mtns, Nebo - Any Legal Weapon",ELK,ANTLERLESS,PREFERENCE_POINT,Nonresident,0,0,0,0,N/A,,hunt_total_draw_result,21_youth_antlerless_drawing_odds_report.pdf,YOUTH_ANTLERLESS_PARENT,40
2021,2022,EA1022,"Antlerless Elk - Central Mtns, North Manti - Any Legal Weapon",ELK,ANTLERLESS,PREFERENCE_POINT,Resident,99,0,28,28,1 in 3.5,28.57142857,hunt_total_draw_result,21_youth_antlerless_drawing_odds_report.pdf,YOUTH_ANTLERLESS_PARENT,41
2021,2022,EA1022,"Antlerless Elk - Central Mtns, North Manti - Any Legal Weapon",ELK,ANTLERLESS,PREFERENCE_POINT,Nonresident,0,0,0,0,N/A,,hunt_total_draw_result,21_youth_antlerless_drawing_odds_report.pdf,YOUTH_ANTLERLESS_PARENT,41
2021,2022,EA1023,"Antlerless Elk - Central Mtns, South Manti - Any Legal Weapon",ELK,ANTLERLESS,PREFERENCE_POINT,Resident,51,0,7,7,1 in 7.3,13.69863014,hunt_total_draw_result,21_youth_antlerless_drawing_odds_report.pdf,YOUTH_ANTLERLESS_PARENT,42
2021,2022,EA1023,"Antlerless Elk - Central Mtns, South Manti - Any Legal Weapon",ELK,ANTLERLESS,PREFERENCE_POINT,Nonresident,0,0,0,0,N/A,,hunt_total_draw_result,21_youth_antlerless_drawing_odds_report.pdf,YOUTH_ANTLERLESS_PARENT,42
2021,2022,EA1024,"Antlerless Elk - Central Mtns, South Manti - Any Legal Weapon",ELK,ANTLERLESS,PREFERENCE_POINT,Resident,46,0,1,1,1 in 46.0,2.17391304,hunt_total_draw_result,21_youth_antlerless_drawing_odds_report.pdf,YOUTH_ANTLERLESS_PARENT,43
2021,2022,EA1024,"Antlerless Elk - Central Mtns, South Manti - Any Legal Weapon",ELK,ANTLERLESS,PREFERENCE_POINT,Nonresident,1,0,0,0,N/A,,hunt_total_draw_result,21_youth_antlerless_drawing_odds_report.pdf,YOUTH_ANTLERLESS_PARENT,43
2021,2022,EA1025,"Antlerless Elk - Central Mtns, West Manti - Any Legal Weapon",ELK,ANTLERLESS,PREFERENCE_POINT,Resident,32,0,12,12,1 in 2.7,37.03703704,hunt_total_draw_result,21_youth_antlerless_drawing_odds_report.pdf,YOUTH_ANTLERLESS_PARENT,44
2021,2022,EA1025,"Antlerless Elk - Central Mtns, West Manti - Any Legal Weapon",ELK,ANTLERLESS,PREFERENCE_POINT,Nonresident,1,0,1,1,1 in 1.0,100,hunt_total_draw_result,21_youth_antlerless_drawing_odds_report.pdf,YOUTH_ANTLERLESS_PARENT,44
2021,2022,EA1026,Antlerless Elk - Chalk Creek - Any Legal Weapon,ELK,ANTLERLESS,PREFERENCE_POINT,Resident,11,0,11,11,1 in 1.0,100,hunt_total_draw_result,21_youth_antlerless_drawing_odds_report.pdf,YOUTH_ANTLERLESS_PARENT,45
2021,2022,EA1026,Antlerless Elk - Chalk Creek - Any Legal Weapon,ELK,ANTLERLESS,PREFERENCE_POINT,Nonresident,0,0,0,0,N/A,,hunt_total_draw_result,21_youth_antlerless_drawing_odds_report.pdf,YOUTH_ANTLERLESS_PARENT,45
2021,2022,EA1030,"Antlerless Elk - Fillmore, Pahvant - Any Legal Weapon",ELK,ANTLERLESS,PREFERENCE_POINT,Resident,21,0,4,4,1 in 5.3,18.86792453,hunt_total_draw_result,21_youth_antlerless_drawing_odds_report.pdf,YOUTH_ANTLERLESS_PARENT,46
2021,2022,EA1030,"Antlerless Elk - Fillmore, Pahvant - Any Legal Weapon",ELK,ANTLERLESS,PREFERENCE_POINT,Nonresident,0,0,0,0,N/A,,hunt_total_draw_result,21_youth_antlerless_drawing_odds_report.pdf,YOUTH_ANTLERLESS_PARENT,46
2021,2022,EA1031,"Antlerless Elk - Fillmore, Pahvant - Any Legal Weapon",ELK,ANTLERLESS,PREFERENCE_POINT,Resident,26,0,4,4,1 in 6.5,15.38461538,hunt_total_draw_result,21_youth_antlerless_drawing_odds_report.pdf,YOUTH_ANTLERLESS_PARENT,47
2021,2022,EA1031,"Antlerless Elk - Fillmore, Pahvant - Any Legal Weapon",ELK,ANTLERLESS,PREFERENCE_POINT,Nonresident,0,0,0,0,N/A,,hunt_total_draw_result,21_youth_antlerless_drawing_odds_report.pdf,YOUTH_ANTLERLESS_PARENT,47
2021,2022,EA1033,Antlerless Elk - Kamas - Any Legal Weapon,ELK,ANTLERLESS,PREFERENCE_POINT,Resident,32,0,19,19,1 in 1.7,58.82352941,hunt_total_draw_result,21_youth_antlerless_drawing_odds_report.pdf,YOUTH_ANTLERLESS_PARENT,48
2021,2022,EA1033,Antlerless Elk - Kamas - Any Legal Weapon,ELK,ANTLERLESS,PREFERENCE_POINT,Nonresident,0,0,0,0,N/A,,hunt_total_draw_result,21_youth_antlerless_drawing_odds_report.pdf,YOUTH_ANTLERLESS_PARENT,48
2021,2022,EA1035,"Antlerless Elk - Kamas, Oakley - Any Legal Weapon",ELK,ANTLERLESS,PREFERENCE_POINT,Resident,6,0,6,6,1 in 1.0,100,hunt_total_draw_result,21_youth_antlerless_drawing_odds_report.pdf,YOUTH_ANTLERLESS_PARENT,49
2021,2022,EA1035,"Antlerless Elk - Kamas, Oakley - Any Legal Weapon",ELK,ANTLERLESS,PREFERENCE_POINT,Nonresident,0,0,0,0,N/A,,hunt_total_draw_result,21_youth_antlerless_drawing_odds_report.pdf,YOUTH_ANTLERLESS_PARENT,49
2021,2022,EA1038,"Antlerless Elk - La Sal, La Sal Mtns - Any Legal Weapon",ELK,ANTLERLESS,PREFERENCE_POINT,Resident,26,0,26,26,1 in 1.0,100,hunt_total_draw_result,21_youth_antlerless_drawing_odds_report.pdf,YOUTH_ANTLERLESS_PARENT,50
2021,2022,EA1038,"Antlerless Elk - La Sal, La Sal Mtns - Any Legal Weapon",ELK,ANTLERLESS,PREFERENCE_POINT,Nonresident,0,0,0,0,N/A,,hunt_total_draw_result,21_youth_antlerless_drawing_odds_report.pdf,YOUTH_ANTLERLESS_PARENT,50
2021,2022,EA1039,"Antlerless Elk - La Sal, La Sal Mtns - Any Legal Weapon",ELK,ANTLERLESS,PREFERENCE_POINT,Resident,47,0,46,46,1 in 1.0,100,hunt_total_draw_result,21_youth_antlerless_drawing_odds_report.pdf,YOUTH_ANTLERLESS_PARENT,51
2021,2022,EA1039,"Antlerless Elk - La Sal, La Sal Mtns - Any Legal Weapon",ELK,ANTLERLESS,PREFERENCE_POINT,Nonresident,4,0,4,4,1 in 1.0,100,hunt_total_draw_result,21_youth_antlerless_drawing_odds_report.pdf,YOUTH_ANTLERLESS_PARENT,51
2021,2022,EA1040,"Antlerless Elk - Monroe, Koosharem Valley - Any Legal Weapon",ELK,ANTLERLESS,PREFERENCE_POINT,Resident,13,0,1,1,1 in 13.0,7.69230769,hunt_total_draw_result,21_youth_antlerless_drawing_odds_report.pdf,YOUTH_ANTLERLESS_PARENT,52
2021,2022,EA1040,"Antlerless Elk - Monroe, Koosharem Valley - Any Legal Weapon",ELK,ANTLERLESS,PREFERENCE_POINT,Nonresident,0,0,0,0,N/A,,hunt_total_draw_result,21_youth_antlerless_drawing_odds_report.pdf,YOUTH_ANTLERLESS_PARENT,52
2021,2022,EA1044,"Antlerless Elk - Morgan-south Rich, South Rich - Any Legal Weapon",ELK,ANTLERLESS,PREFERENCE_POINT,Resident,6,0,6,6,1 in 1.0,100,hunt_total_draw_result,21_youth_antlerless_drawing_odds_report.pdf,YOUTH_ANTLERLESS_PARENT,53
2021,2022,EA1044,"Antlerless Elk - Morgan-south Rich, South Rich - Any Legal Weapon",ELK,ANTLERLESS,PREFERENCE_POINT,Nonresident,0,0,0,0,N/A,,hunt_total_draw_result,21_youth_antlerless_drawing_odds_report.pdf,YOUTH_ANTLERLESS_PARENT,53
2021,2022,EA1049,"Antlerless Elk - Mt Dutton, Deep Creek -An y Legal Weapon",ELK,ANTLERLESS,PREFERENCE_POINT,Resident,12,0,5,5,1 in 2.4,41.66666667,hunt_total_draw_result,21_youth_antlerless_drawing_odds_report.pdf,YOUTH_ANTLERLESS_PARENT,54
2021,2022,EA1049,"Antlerless Elk - Mt Dutton, Deep Creek -An y Legal Weapon",ELK,ANTLERLESS,PREFERENCE_POINT,Nonresident,3,0,0,0,N/A,,hunt_total_draw_result,21_youth_antlerless_drawing_odds_report.pdf,YOUTH_ANTLERLESS_PARENT,54
2021,2022,EA1052,"Antlerless Elk - Nine Mile, Avintaquin-west Anthro - Any Legal Weapon",ELK,ANTLERLESS,PREFERENCE_POINT,Resident,20,0,20,20,1 in 1.0,100,hunt_total_draw_result,21_youth_antlerless_drawing_odds_report.pdf,YOUTH_ANTLERLESS_PARENT,55
2021,2022,EA1052,"Antlerless Elk - Nine Mile, Avintaquin-west Anthro - Any Legal Weapon",ELK,ANTLERLESS,PREFERENCE_POINT,Nonresident,1,0,1,1,1 in 1.0,100,hunt_total_draw_result,21_youth_antlerless_drawing_odds_report.pdf,YOUTH_ANTLERLESS_PARENT,55
2021,2022,EA1054,"Antlerless Elk - Nine Mile, West Anthro - Any Legal Weapon",ELK,ANTLERLESS,PREFERENCE_POINT,Resident,14,0,14,14,1 in 1.0,100,hunt_total_draw_result,21_youth_antlerless_drawing_odds_report.pdf,YOUTH_ANTLERLESS_PARENT,56
2021,2022,EA1054,"Antlerless Elk - Nine Mile, West Anthro - Any Legal Weapon",ELK,ANTLERLESS,PREFERENCE_POINT,Nonresident,0,0,0,0,N/A,,hunt_total_draw_result,21_youth_antlerless_drawing_odds_report.pdf,YOUTH_ANTLERLESS_PARENT,56
2021,2022,EA1055,"Antlerless Elk - North Slope, Greendale - Any Legal Weapon",ELK,ANTLERLESS,PREFERENCE_POINT,Resident,5,0,0,0,N/A,,hunt_total_draw_result,21_youth_antlerless_drawing_odds_report.pdf,YOUTH_ANTLERLESS_PARENT,57
2021,2022,EA1055,"Antlerless Elk - North Slope, Greendale - Any Legal Weapon",ELK,ANTLERLESS,PREFERENCE_POINT,Nonresident,0,0,0,0,N/A,,hunt_total_draw_result,21_youth_antlerless_drawing_odds_report.pdf,YOUTH_ANTLERLESS_PARENT,57
2021,2022,EA1056,"Antlerless Elk - North Slope, Greendale - Any Legal Weapon",ELK,ANTLERLESS,PREFERENCE_POINT,Resident,7,0,0,0,N/A,,hunt_total_draw_result,21_youth_antlerless_drawing_odds_report.pdf,YOUTH_ANTLERLESS_PARENT,58
2021,2022,EA1056,"Antlerless Elk - North Slope, Greendale - Any Legal Weapon",ELK,ANTLERLESS,PREFERENCE_POINT,Nonresident,0,0,0,0,N/A,,hunt_total_draw_result,21_youth_antlerless_drawing_odds_report.pdf,YOUTH_ANTLERLESS_PARENT,58
2021,2022,EA1058,"Antlerless Elk - North Slope, Henry's Fork-burnt Fork - Any Legal Weapon",ELK,ANTLERLESS,PREFERENCE_POINT,Resident,29,0,10,10,1 in 2.9,34.48275862,hunt_total_draw_result,21_youth_antlerless_drawing_odds_report.pdf,YOUTH_ANTLERLESS_PARENT,59
2021,2022,EA1058,"Antlerless Elk - North Slope, Henry's Fork-burnt Fork - Any Legal Weapon",ELK,ANTLERLESS,PREFERENCE_POINT,Nonresident,2,0,0,0,N/A,,hunt_total_draw_result,21_youth_antlerless_drawing_odds_report.pdf,YOUTH_ANTLERLESS_PARENT,59
2021,2022,EA1060,"Antlerless Elk - North Slope, West Daggett - Muzzleloader",ELK,ANTLERLESS,PREFERENCE_POINT,Resident,2,0,1,1,1 in 2.0,50,hunt_total_draw_result,21_youth_antlerless_drawing_odds_report.pdf,YOUTH_ANTLERLESS_PARENT,60
2021,2022,EA1060,"Antlerless Elk - North Slope, West Daggett - Muzzleloader",ELK,ANTLERLESS,PREFERENCE_POINT,Nonresident,0,0,0,0,N/A,,hunt_total_draw_result,21_youth_antlerless_drawing_odds_report.pdf,YOUTH_ANTLERLESS_PARENT,60
2021,2022,EA1061,"Antlerless Elk - North Slope, West Daggett - Muzzleloader",ELK,ANTLERLESS,PREFERENCE_POINT,Resident,5,0,3,3,1 in 1.7,58.82352941,hunt_total_draw_result,21_youth_antlerless_drawing_odds_report.pdf,YOUTH_ANTLERLESS_PARENT,61
2021,2022,EA1061,"Antlerless Elk - North Slope, West Daggett - Muzzleloader",ELK,ANTLERLESS,PREFERENCE_POINT,Nonresident,0,0,0,0,N/A,,hunt_total_draw_result,21_youth_antlerless_drawing_odds_report.pdf,YOUTH_ANTLERLESS_PARENT,61
2021,2022,EA1063,Antlerless Elk - Ogden - Any Legal Weapon,ELK,ANTLERLESS,PREFERENCE_POINT,Resident,5,0,3,3,1 in 1.7,58.82352941,hunt_total_draw_result,21_youth_antlerless_drawing_odds_report.pdf,YOUTH_ANTLERLESS_PARENT,62
2021,2022,EA1063,Antlerless Elk - Ogden - Any Legal Weapon,ELK,ANTLERLESS,PREFERENCE_POINT,Nonresident,1,0,0,0,N/A,,hunt_total_draw_result,21_youth_antlerless_drawing_odds_report.pdf,YOUTH_ANTLERLESS_PARENT,62
2021,2022,EA1064,Antlerless Elk - Ogden - Any Legal Weapon,ELK,ANTLERLESS,PREFERENCE_POINT,Resident,24,0,3,3,1 in 8.0,12.5,hunt_total_draw_result,21_youth_antlerless_drawing_odds_report.pdf,YOUTH_ANTLERLESS_PARENT,63
2021,2022,EA1064,Antlerless Elk - Ogden - Any Legal Weapon,ELK,ANTLERLESS,PREFERENCE_POINT,Nonresident,0,0,0,0,N/A,,hunt_total_draw_result,21_youth_antlerless_drawing_odds_report.pdf,YOUTH_ANTLERLESS_PARENT,63
2021,2022,EA1066,Antlerless Elk - Panguitch Lake - Any Legal Weapon,ELK,ANTLERLESS,PREFERENCE_POINT,Resident,12,0,12,12,1 in 1.0,100,hunt_total_draw_result,21_youth_antlerless_drawing_odds_report.pdf,YOUTH_ANTLERLESS_PARENT,64
2021,2022,EA1066,Antlerless Elk - Panguitch Lake - Any Legal Weapon,ELK,ANTLERLESS,PREFERENCE_POINT,Nonresident,2,0,1,1,1 in 2.0,50,hunt_total_draw_result,21_youth_antlerless_drawing_odds_report.pdf,YOUTH_ANTLERLESS_PARENT,64
2021,2022,EA1067,Antlerless Elk - Panguitch Lake - Any Legal Weapon,ELK,ANTLERLESS,PREFERENCE_POINT,Resident,18,0,13,13,1 in 1.4,71.42857143,hunt_total_draw_result,21_youth_antlerless_drawing_odds_report.pdf,YOUTH_ANTLERLESS_PARENT,65
2021,2022,EA1067,Antlerless Elk - Panguitch Lake - Any Legal Weapon,ELK,ANTLERLESS,PREFERENCE_POINT,Nonresident,2,0,1,1,1 in 2.0,50,hunt_total_draw_result,21_youth_antlerless_drawing_odds_report.pdf,YOUTH_ANTLERLESS_PARENT,65
2021,2022,EA1068,Antlerless Elk - Panguitch Lake - Any Legal Weapon,ELK,ANTLERLESS,PREFERENCE_POINT,Resident,26,0,18,18,1 in 1.4,71.42857143,hunt_total_draw_result,21_youth_antlerless_drawing_odds_report.pdf,YOUTH_ANTLERLESS_PARENT,66
2021,2022,EA1068,Antlerless Elk - Panguitch Lake - Any Legal Weapon,ELK,ANTLERLESS,PREFERENCE_POINT,Nonresident,3,0,1,1,1 in 3.0,33.33333333,hunt_total_draw_result,21_youth_antlerless_drawing_odds_report.pdf,YOUTH_ANTLERLESS_PARENT,66
2021,2022,EA1069,Antlerless Elk - Panguitch Lake - Any Legal Weapon,ELK,ANTLERLESS,PREFERENCE_POINT,Resident,22,0,13,13,1 in 1.7,58.82352941,hunt_total_draw_result,21_youth_antlerless_drawing_odds_report.pdf,YOUTH_ANTLERLESS_PARENT,67
2021,2022,EA1069,Antlerless Elk - Panguitch Lake - Any Legal Weapon,ELK,ANTLERLESS,PREFERENCE_POINT,Nonresident,2,0,0,0,N/A,,hunt_total_draw_result,21_youth_antlerless_drawing_odds_report.pdf,YOUTH_ANTLERLESS_PARENT,67
2021,2022,EA1073,Antlerless Elk - Paunsaugunt - Any Legal Weapon,ELK,ANTLERLESS,PREFERENCE_POINT,Resident,13,0,9,9,1 in 1.4,71.42857143,hunt_total_draw_result,21_youth_antlerless_drawing_odds_report.pdf,YOUTH_ANTLERLESS_PARENT,68
2021,2022,EA1073,Antlerless Elk - Paunsaugunt - Any Legal Weapon,ELK,ANTLERLESS,PREFERENCE_POINT,Nonresident,0,0,0,0,N/A,,hunt_total_draw_result,21_youth_antlerless_drawing_odds_report.pdf,YOUTH_ANTLERLESS_PARENT,68
2021,2022,EA1074,Antlerless Elk - Pine Valley - Any Legal Weapon,ELK,ANTLERLESS,PREFERENCE_POINT,Resident,8,0,3,3,1 in 2.7,37.03703704,hunt_total_draw_result,21_youth_antlerless_drawing_odds_report.pdf,YOUTH_ANTLERLESS_PARENT,69
2021,2022,EA1074,Antlerless Elk - Pine Valley - Any Legal Weapon,ELK,ANTLERLESS,PREFERENCE_POINT,Nonresident,0,0,0,0,N/A,,hunt_total_draw_result,21_youth_antlerless_drawing_odds_report.pdf,YOUTH_ANTLERLESS_PARENT,69
2021,2022,EA1075,"Antlerless Elk - Plateau, Boulder East - Any Legal Weapon",ELK,ANTLERLESS,PREFERENCE_POINT,Resident,11,0,1,1,1 in 11.0,9.09090909,hunt_total_draw_result,21_youth_antlerless_drawing_odds_report.pdf,YOUTH_ANTLERLESS_PARENT,70
2021,2022,EA1075,"Antlerless Elk - Plateau, Boulder East - Any Legal Weapon",ELK,ANTLERLESS,PREFERENCE_POINT,Nonresident,0,0,0,0,N/A,,hunt_total_draw_result,21_youth_antlerless_drawing_odds_report.pdf,YOUTH_ANTLERLESS_PARENT,70
2021,2022,EA1076,"Antlerless Elk - Plateau, Boulder West - Any Legal Weapon",ELK,ANTLERLESS,PREFERENCE_POINT,Resident,15,0,1,1,1 in 15.0,6.66666667,hunt_total_draw_result,21_youth_antlerless_drawing_odds_report.pdf,YOUTH_ANTLERLESS_PARENT,71
2021,2022,EA1076,"Antlerless Elk - Plateau, Boulder West - Any Legal Weapon",ELK,ANTLERLESS,PREFERENCE_POINT,Nonresident,1,0,0,0,N/A,,hunt_total_draw_result,21_youth_antlerless_drawing_odds_report.pdf,YOUTH_ANTLERLESS_PARENT,71
2021,2022,EA1077,"Antlerless Elk - Plateau, Boulder-circle Cliffs -An y Legal Weapon",ELK,ANTLERLESS,PREFERENCE_POINT,Resident,3,0,3,3,1 in 1.0,100,hunt_total_draw_result,21_youth_antlerless_drawing_odds_report.pdf,YOUTH_ANTLERLESS_PARENT,72
2021,2022,EA1077,"Antlerless Elk - Plateau, Boulder-circle Cliffs -An y Legal Weapon",ELK,ANTLERLESS,PREFERENCE_POINT,Nonresident,0,0,0,0,N/A,,hunt_total_draw_result,21_youth_antlerless_drawing_odds_report.pdf,YOUTH_ANTLERLESS_PARENT,72
2021,2022,EA1078,"Antlerless Elk - Plateau, Fishlake/thousand Lakes - Any Legal Weapon",ELK,ANTLERLESS,PREFERENCE_POINT,Resident,84,0,45,45,1 in 1.9,52.63157895,hunt_total_draw_result,21_youth_antlerless_drawing_odds_report.pdf,YOUTH_ANTLERLESS_PARENT,73
2021,2022,EA1078,"Antlerless Elk - Plateau, Fishlake/thousand Lakes - Any Legal Weapon",ELK,ANTLERLESS,PREFERENCE_POINT,Nonresident,2,0,2,2,1 in 1.0,100,hunt_total_draw_result,21_youth_antlerless_drawing_odds_report.pdf,YOUTH_ANTLERLESS_PARENT,73
2021,2022,EA1079,"Antlerless Elk - Plateau, Fishlake/thousand Lakes East - Any Legal Weapon",ELK,ANTLERLESS,PREFERENCE_POINT,Resident,59,0,14,14,1 in 4.2,23.80952381,hunt_total_draw_result,21_youth_antlerless_drawing_odds_report.pdf,YOUTH_ANTLERLESS_PARENT,74
2021,2022,EA1079,"Antlerless Elk - Plateau, Fishlake/thousand Lakes East - Any Legal Weapon",ELK,ANTLERLESS,PREFERENCE_POINT,Nonresident,1,0,1,1,1 in 1.0,100,hunt_total_draw_result,21_youth_antlerless_drawing_odds_report.pdf,YOUTH_ANTLERLESS_PARENT,74
2021,2022,EA1080,"Antlerless Elk - Plateau, Fishlake/thousand Lakes West - Any Legal Weapon",ELK,ANTLERLESS,PREFERENCE_POINT,Resident,65,0,15,15,1 in 4.3,23.25581395,hunt_total_draw_result,21_youth_antlerless_drawing_odds_report.pdf,YOUTH_ANTLERLESS_PARENT,75
2021,2022,EA1080,"Antlerless Elk - Plateau, Fishlake/thousand Lakes West - Any Legal Weapon",ELK,ANTLERLESS,PREFERENCE_POINT,Nonresident,0,0,0,0,N/A,,hunt_total_draw_result,21_youth_antlerless_drawing_odds_report.pdf,YOUTH_ANTLERLESS_PARENT,75
2021,2022,EA1081,Antlerless Elk - San Juan - Any Legal Weapon,ELK,ANTLERLESS,PREFERENCE_POINT,Resident,26,0,22,22,1 in 1.2,83.33333333,hunt_total_draw_result,21_youth_antlerless_drawing_odds_report.pdf,YOUTH_ANTLERLESS_PARENT,76
2021,2022,EA1081,Antlerless Elk - San Juan - Any Legal Weapon,ELK,ANTLERLESS,PREFERENCE_POINT,Nonresident,2,0,2,2,1 in 1.0,100,hunt_total_draw_result,21_youth_antlerless_drawing_odds_report.pdf,YOUTH_ANTLERLESS_PARENT,76
2021,2022,EA1082,Antlerless Elk - San Juan - Any Legal Weapon,ELK,ANTLERLESS,PREFERENCE_POINT,Resident,48,0,23,23,1 in 2.1,47.61904762,hunt_total_draw_result,21_youth_antlerless_drawing_odds_report.pdf,YOUTH_ANTLERLESS_PARENT,77
2021,2022,EA1082,Antlerless Elk - San Juan - Any Legal Weapon,ELK,ANTLERLESS,PREFERENCE_POINT,Nonresident,1,0,1,1,1 in 1.0,100,hunt_total_draw_result,21_youth_antlerless_drawing_odds_report.pdf,YOUTH_ANTLERLESS_PARENT,77
2021,2022,EA1085,"Antlerless Elk - South Slope, Bonanza/vernal - Archery",ELK,ANTLERLESS,PREFERENCE_POINT,Resident,10,0,10,10,1 in 1.0,100,hunt_total_draw_result,21_youth_antlerless_drawing_odds_report.pdf,YOUTH_ANTLERLESS_PARENT,78
2021,2022,EA1085,"Antlerless Elk - South Slope, Bonanza/vernal - Archery",ELK,ANTLERLESS,PREFERENCE_POINT,Nonresident,0,0,0,0,N/A,,hunt_total_draw_result,21_youth_antlerless_drawing_odds_report.pdf,YOUTH_ANTLERLESS_PARENT,78
2021,2022,EA1087,"Antlerless Elk - South Slope, Bonanza/vernal - Any Legal Weapon",ELK,ANTLERLESS,PREFERENCE_POINT,Resident,44,0,20,20,1 in 2.2,45.45454545,hunt_total_draw_result,21_youth_antlerless_drawing_odds_report.pdf,YOUTH_ANTLERLESS_PARENT,79
2021,2022,EA1087,"Antlerless Elk - South Slope, Bonanza/vernal - Any Legal Weapon",ELK,ANTLERLESS,PREFERENCE_POINT,Nonresident,0,0,0,0,N/A,,hunt_total_draw_result,21_youth_antlerless_drawing_odds_report.pdf,YOUTH_ANTLERLESS_PARENT,79
2021,2022,EA1089,"Antlerless Elk - South Slope, Diamond Mtn - Any Legal Weapon",ELK,ANTLERLESS,PREFERENCE_POINT,Resident,30,0,10,10,1 in 3.0,33.33333333,hunt_total_draw_result,21_youth_antlerless_drawing_odds_report.pdf,YOUTH_ANTLERLESS_PARENT,80
2021,2022,EA1089,"Antlerless Elk - South Slope, Diamond Mtn - Any Legal Weapon",ELK,ANTLERLESS,PREFERENCE_POINT,Nonresident,0,0,0,0,N/A,,hunt_total_draw_result,21_youth_antlerless_drawing_odds_report.pdf,YOUTH_ANTLERLESS_PARENT,80
2021,2022,EA1090,"Antlerless Elk - South Slope, Diamond Mtn - Any Legal Weapon",ELK,ANTLERLESS,PREFERENCE_POINT,Resident,10,0,10,10,1 in 1.0,100,hunt_total_draw_result,21_youth_antlerless_drawing_odds_report.pdf,YOUTH_ANTLERLESS_PARENT,81
2021,2022,EA1090,"Antlerless Elk - South Slope, Diamond Mtn - Any Legal Weapon",ELK,ANTLERLESS,PREFERENCE_POINT,Nonresident,0,0,0,0,N/A,,hunt_total_draw_result,21_youth_antlerless_drawing_odds_report.pdf,YOUTH_ANTLERLESS_PARENT,81
2021,2022,EA1091,"Antlerless Elk - South Slope, Diamond Mtn - Any Legal Weapon",ELK,ANTLERLESS,PREFERENCE_POINT,Resident,12,0,10,10,1 in 1.2,83.33333333,hunt_total_draw_result,21_youth_antlerless_drawing_odds_report.pdf,YOUTH_ANTLERLESS_PARENT,82
2021,2022,EA1091,"Antlerless Elk - South Slope, Diamond Mtn - Any Legal Weapon",ELK,ANTLERLESS,PREFERENCE_POINT,Nonresident,0,0,0,0,N/A,,hunt_total_draw_result,21_youth_antlerless_drawing_odds_report.pdf,YOUTH_ANTLERLESS_PARENT,82
2021,2022,EA1094,"Antlerless Elk - South Slope, Mosby Mtn - Any Legal Weapon",ELK,ANTLERLESS,PREFERENCE_POINT,Resident,20,0,15,15,1 in 1.3,76.92307692,hunt_total_draw_result,21_youth_antlerless_drawing_odds_report.pdf,YOUTH_ANTLERLESS_PARENT,83
2021,2022,EA1094,"Antlerless Elk - South Slope, Mosby Mtn - Any Legal Weapon",ELK,ANTLERLESS,PREFERENCE_POINT,Nonresident,0,0,0,0,N/A,,hunt_total_draw_result,21_youth_antlerless_drawing_odds_report.pdf,YOUTH_ANTLERLESS_PARENT,83
2021,2022,EA1098,"Antlerless Elk - South Slope, Yellowstone - Any Legal Weapon",ELK,ANTLERLESS,PREFERENCE_POINT,Resident,13,0,13,13,1 in 1.0,100,hunt_total_draw_result,21_youth_antlerless_drawing_odds_report.pdf,YOUTH_ANTLERLESS_PARENT,84
2021,2022,EA1098,"Antlerless Elk - South Slope, Yellowstone - Any Legal Weapon",ELK,ANTLERLESS,PREFERENCE_POINT,Nonresident,0,0,0,0,N/A,,hunt_total_draw_result,21_youth_antlerless_drawing_odds_report.pdf,YOUTH_ANTLERLESS_PARENT,84
2021,2022,EA1099,"Antlerless Elk - South Slope, Yellowstone - Any Legal Weapon",ELK,ANTLERLESS,PREFERENCE_POINT,Resident,13,0,13,13,1 in 1.0,100,hunt_total_draw_result,21_youth_antlerless_drawing_odds_report.pdf,YOUTH_ANTLERLESS_PARENT,85
2021,2022,EA1099,"Antlerless Elk - South Slope, Yellowstone - Any Legal Weapon",ELK,ANTLERLESS,PREFERENCE_POINT,Nonresident,0,0,0,0,N/A,,hunt_total_draw_result,21_youth_antlerless_drawing_odds_report.pdf,YOUTH_ANTLERLESS_PARENT,85
2021,2022,EA1100,"Antlerless Elk - South Slope, Yellowstone - Any Legal Weapon",ELK,ANTLERLESS,PREFERENCE_POINT,Resident,11,0,11,11,1 in 1.0,100,hunt_total_draw_result,21_youth_antlerless_drawing_odds_report.pdf,YOUTH_ANTLERLESS_PARENT,86
2021,2022,EA1100,"Antlerless Elk - South Slope, Yellowstone - Any Legal Weapon",ELK,ANTLERLESS,PREFERENCE_POINT,Nonresident,0,0,0,0,N/A,,hunt_total_draw_result,21_youth_antlerless_drawing_odds_report.pdf,YOUTH_ANTLERLESS_PARENT,86
2021,2022,EA1101,Antlerless Elk - Southwest Desert - Any Legal Weapon,ELK,ANTLERLESS,PREFERENCE_POINT,Resident,151,0,18,18,1 in 8.4,11.9047619,hunt_total_draw_result,21_youth_antlerless_drawing_odds_report.pdf,YOUTH_ANTLERLESS_PARENT,87
2021,2022,EA1101,Antlerless Elk - Southwest Desert - Any Legal Weapon,ELK,ANTLERLESS,PREFERENCE_POINT,Nonresident,13,0,2,2,1 in 6.5,15.38461538,hunt_total_draw_result,21_youth_antlerless_drawing_odds_report.pdf,YOUTH_ANTLERLESS_PARENT,87
2021,2022,EA1110,"Antlerless Elk - Wasatch Mtns, Salt Lake - Any Legal Weapon",ELK,ANTLERLESS,PREFERENCE_POINT,Resident,13,0,7,7,1 in 1.9,52.63157895,hunt_total_draw_result,21_youth_antlerless_drawing_odds_report.pdf,YOUTH_ANTLERLESS_PARENT,88
2021,2022,EA1110,"Antlerless Elk - Wasatch Mtns, Salt Lake - Any Legal Weapon",ELK,ANTLERLESS,PREFERENCE_POINT,Nonresident,0,0,0,0,N/A,,hunt_total_draw_result,21_youth_antlerless_drawing_odds_report.pdf,YOUTH_ANTLERLESS_PARENT,88
2021,2022,EA1111,"Antlerless Elk - Wasatch Mtns, Wallsburg - Any Legal Weapon",ELK,ANTLERLESS,PREFERENCE_POINT,Resident,18,0,5,5,1 in 3.6,27.77777778,hunt_total_draw_result,21_youth_antlerless_drawing_odds_report.pdf,YOUTH_ANTLERLESS_PARENT,89
2021,2022,EA1111,"Antlerless Elk - Wasatch Mtns, Wallsburg - Any Legal Weapon",ELK,ANTLERLESS,PREFERENCE_POINT,Nonresident,1,0,0,0,N/A,,hunt_total_draw_result,21_youth_antlerless_drawing_odds_report.pdf,YOUTH_ANTLERLESS_PARENT,89
2021,2022,EA1112,"Antlerless Elk - Wasatch Mtns, Wallsburg - Any Legal Weapon",ELK,ANTLERLESS,PREFERENCE_POINT,Resident,15,0,9,9,1 in 1.7,58.82352941,hunt_total_draw_result,21_youth_antlerless_drawing_odds_report.pdf,YOUTH_ANTLERLESS_PARENT,90
2021,2022,EA1112,"Antlerless Elk - Wasatch Mtns, Wallsburg - Any Legal Weapon",ELK,ANTLERLESS,PREFERENCE_POINT,Nonresident,0,0,0,0,N/A,,hunt_total_draw_result,21_youth_antlerless_drawing_odds_report.pdf,YOUTH_ANTLERLESS_PARENT,90
2021,2022,EA1113,"Antlerless Elk - Wasatch Mtns, West Heber - Any Legal Weapon",ELK,ANTLERLESS,PREFERENCE_POINT,Resident,14,0,4,4,1 in 3.5,28.57142857,hunt_total_draw_result,21_youth_antlerless_drawing_odds_report.pdf,YOUTH_ANTLERLESS_PARENT,91
2021,2022,EA1113,"Antlerless Elk - Wasatch Mtns, West Heber - Any Legal Weapon",ELK,ANTLERLESS,PREFERENCE_POINT,Nonresident,0,0,0,0,N/A,,hunt_total_draw_result,21_youth_antlerless_drawing_odds_report.pdf,YOUTH_ANTLERLESS_PARENT,91
2021,2022,EA1114,"Antlerless Elk - Wasatch Mtns, West Timpanogos - Any Legal Weapon",ELK,ANTLERLESS,PREFERENCE_POINT,Resident,37,0,5,5,1 in 7.4,13.51351351,hunt_total_draw_result,21_youth_antlerless_drawing_odds_report.pdf,YOUTH_ANTLERLESS_PARENT,92
2021,2022,EA1114,"Antlerless Elk - Wasatch Mtns, West Timpanogos - Any Legal Weapon",ELK,ANTLERLESS,PREFERENCE_POINT,Nonresident,1,0,0,0,N/A,,hunt_total_draw_result,21_youth_antlerless_drawing_odds_report.pdf,YOUTH_ANTLERLESS_PARENT,92
2021,2022,EA1116,Antlerless Elk - Zion - Any Legal Weapon,ELK,ANTLERLESS,PREFERENCE_POINT,Resident,11,0,11,11,1 in 1.0,100,hunt_total_draw_result,21_youth_antlerless_drawing_odds_report.pdf,YOUTH_ANTLERLESS_PARENT,93
2021,2022,EA1116,Antlerless Elk - Zion - Any Legal Weapon,ELK,ANTLERLESS,PREFERENCE_POINT,Nonresident,0,0,0,0,N/A,,hunt_total_draw_result,21_youth_antlerless_drawing_odds_report.pdf,YOUTH_ANTLERLESS_PARENT,93
2021,2022,EA1117,Antlerless Elk - Zion - Any Legal Weapon,ELK,ANTLERLESS,PREFERENCE_POINT,Resident,12,0,12,12,1 in 1.0,100,hunt_total_draw_result,21_youth_antlerless_drawing_odds_report.pdf,YOUTH_ANTLERLESS_PARENT,94
2021,2022,EA1117,Antlerless Elk - Zion - Any Legal Weapon,ELK,ANTLERLESS,PREFERENCE_POINT,Nonresident,0,0,0,0,N/A,,hunt_total_draw_result,21_youth_antlerless_drawing_odds_report.pdf,YOUTH_ANTLERLESS_PARENT,94
2021,2022,EA1118,Cwmu Antlerless Elk - Alton - Any Legal Weapon,ELK,ANTLERLESS,PREFERENCE_POINT,Resident,4,0,1,1,1 in 4.0,25,hunt_total_draw_result,21_youth_antlerless_drawing_odds_report.pdf,YOUTH_ANTLERLESS_PARENT,95
2021,2022,EA1118,Cwmu Antlerless Elk - Alton - Any Legal Weapon,ELK,ANTLERLESS,PREFERENCE_POINT,Nonresident,0,0,0,0,N/A,,hunt_total_draw_result,21_youth_antlerless_drawing_odds_report.pdf,YOUTH_ANTLERLESS_PARENT,95
2021,2022,EA1119,Cwmu Antlerless Elk - Bar J Ranch - Any Legal Weapon,ELK,ANTLERLESS,PREFERENCE_POINT,Resident,13,0,2,2,1 in 6.5,15.38461538,hunt_total_draw_result,21_youth_antlerless_drawing_odds_report.pdf,YOUTH_ANTLERLESS_PARENT,96
2021,2022,EA1119,Cwmu Antlerless Elk - Bar J Ranch - Any Legal Weapon,ELK,ANTLERLESS,PREFERENCE_POINT,Nonresident,0,0,0,0,N/A,,hunt_total_draw_result,21_youth_antlerless_drawing_odds_report.pdf,YOUTH_ANTLERLESS_PARENT,96
2021,2022,EA1120,Cwmu Antlerless Elk - Bear Mountain - Any Legal Weapon,BLACK_BEAR,ANTLERLESS,PREFERENCE_POINT,Resident,4,0,3,3,1 in 1.3,76.92307692,hunt_total_draw_result,21_youth_antlerless_drawing_odds_report.pdf,YOUTH_ANTLERLESS_PARENT,97
2021,2022,EA1120,Cwmu Antlerless Elk - Bear Mountain - Any Legal Weapon,BLACK_BEAR,ANTLERLESS,PREFERENCE_POINT,Nonresident,0,0,0,0,N/A,,hunt_total_draw_result,21_youth_antlerless_drawing_odds_report.pdf,YOUTH_ANTLERLESS_PARENT,97
2021,2022,EA1121,Cwmu Antlerless Elk - Boobe Hole - Any Legal Weapon,ELK,ANTLERLESS,PREFERENCE_POINT,Resident,8,0,2,2,1 in 4.0,25,hunt_total_draw_result,21_youth_antlerless_drawing_odds_report.pdf,YOUTH_ANTLERLESS_PARENT,98
2021,2022,EA1121,Cwmu Antlerless Elk - Boobe Hole - Any Legal Weapon,ELK,ANTLERLESS,PREFERENCE_POINT,Nonresident,0,0,0,0,N/A,,hunt_total_draw_result,21_youth_antlerless_drawing_odds_report.pdf,YOUTH_ANTLERLESS_PARENT,98
2021,2022,EA1122,Cwmu Antlerless Elk - Causey Spring - Any Legal Weapon,ELK,ANTLERLESS,PREFERENCE_POINT,Resident,3,0,1,1,1 in 3.0,33.33333333,hunt_total_draw_result,21_youth_antlerless_drawing_odds_report.pdf,YOUTH_ANTLERLESS_PARENT,99
2021,2022,EA1122,Cwmu Antlerless Elk - Causey Spring - Any Legal Weapon,ELK,ANTLERLESS,PREFERENCE_POINT,Nonresident,0,0,0,0,N/A,,hunt_total_draw_result,21_youth_antlerless_drawing_odds_report.pdf,YOUTH_ANTLERLESS_PARENT,99
2021,2022,EA1124,Cwmu Antlerless Elk - Chimney Rock - Any Legal Weapon,ELK,ANTLERLESS,PREFERENCE_POINT,Resident,6,0,2,2,1 in 3.0,33.33333333,hunt_total_draw_result,21_youth_antlerless_drawing_odds_report.pdf,YOUTH_ANTLERLESS_PARENT,100
2021,2022,EA1124,Cwmu Antlerless Elk - Chimney Rock - Any Legal Weapon,ELK,ANTLERLESS,PREFERENCE_POINT,Nonresident,0,0,0,0,N/A,,hunt_total_draw_result,21_youth_antlerless_drawing_odds_report.pdf,YOUTH_ANTLERLESS_PARENT,100
2021,2022,EA1125,Cwmu Antlerless Elk - Coldwater Ranch - Any Legal Weapon,ELK,ANTLERLESS,PREFERENCE_POINT,Resident,21,0,4,4,1 in 5.3,18.86792453,hunt_total_draw_result,21_youth_antlerless_drawing_odds_report.pdf,YOUTH_ANTLERLESS_PARENT,101
2021,2022,EA1125,Cwmu Antlerless Elk - Coldwater Ranch - Any Legal Weapon,ELK,ANTLERLESS,PREFERENCE_POINT,Nonresident,0,0,0,0,N/A,,hunt_total_draw_result,21_youth_antlerless_drawing_odds_report.pdf,YOUTH_ANTLERLESS_PARENT,101
2021,2022,EA1129,Cwmu Antlerless Elk - Deseret - Any Legal Weapon,ELK,ANTLERLESS,PREFERENCE_POINT,Resident,196,0,62,62,1 in 3.2,31.25,hunt_total_draw_result,21_youth_antlerless_drawing_odds_report.pdf,YOUTH_ANTLERLESS_PARENT,102
2021,2022,EA1129,Cwmu Antlerless Elk - Deseret - Any Legal Weapon,ELK,ANTLERLESS,PREFERENCE_POINT,Nonresident,0,0,0,0,N/A,,hunt_total_draw_result,21_youth_antlerless_drawing_odds_report.pdf,YOUTH_ANTLERLESS_PARENT,102
2021,2022,EA1130,Cwmu Antlerless Elk - Double Cone - Any Legal Weapon,ELK,ANTLERLESS,PREFERENCE_POINT,Resident,3,0,1,1,1 in 3.0,33.33333333,hunt_total_draw_result,21_youth_antlerless_drawing_odds_report.pdf,YOUTH_ANTLERLESS_PARENT,103
2021,2022,EA1130,Cwmu Antlerless Elk - Double Cone - Any Legal Weapon,ELK,ANTLERLESS,PREFERENCE_POINT,Nonresident,0,0,0,0,N/A,,hunt_total_draw_result,21_youth_antlerless_drawing_odds_report.pdf,YOUTH_ANTLERLESS_PARENT,103
2021,2022,EA1131,Cwmu Antlerless Elk - Durst Mountain - Any Legal Weapon,ELK,ANTLERLESS,PREFERENCE_POINT,Resident,20,0,5,5,1 in 4.0,25,hunt_total_draw_result,21_youth_antlerless_drawing_odds_report.pdf,YOUTH_ANTLERLESS_PARENT,104
2021,2022,EA1131,Cwmu Antlerless Elk - Durst Mountain - Any Legal Weapon,ELK,ANTLERLESS,PREFERENCE_POINT,Nonresident,0,0,0,0,N/A,,hunt_total_draw_result,21_youth_antlerless_drawing_odds_report.pdf,YOUTH_ANTLERLESS_PARENT,104
2021,2022,EA1132,Cwmu Antlerless Elk - East Fork Chalk Creek - Any Legal Weapon,ELK,ANTLERLESS,PREFERENCE_POINT,Resident,7,0,6,6,1 in 1.2,83.33333333,hunt_total_draw_result,21_youth_antlerless_drawing_odds_report.pdf,YOUTH_ANTLERLESS_PARENT,105
2021,2022,EA1132,Cwmu Antlerless Elk - East Fork Chalk Creek - Any Legal Weapon,ELK,ANTLERLESS,PREFERENCE_POINT,Nonresident,0,0,0,0,N/A,,hunt_total_draw_result,21_youth_antlerless_drawing_odds_report.pdf,YOUTH_ANTLERLESS_PARENT,105
2021,2022,EA1134,Cwmu Antlerless Elk - Ensign Ranches - Any Legal Weapon,ELK,ANTLERLESS,PREFERENCE_POINT,Resident,31,0,12,12,1 in 2.6,38.46153846,hunt_total_draw_result,21_youth_antlerless_drawing_odds_report.pdf,YOUTH_ANTLERLESS_PARENT,106
2021,2022,EA1134,Cwmu Antlerless Elk - Ensign Ranches - Any Legal Weapon,ELK,ANTLERLESS,PREFERENCE_POINT,Nonresident,0,0,0,0,N/A,,hunt_total_draw_result,21_youth_antlerless_drawing_odds_report.pdf,YOUTH_ANTLERLESS_PARENT,106
2021,2022,EA1135,Cwmu Antlerless Elk - Folley Ridge - Any Legal Weapon,ELK,ANTLERLESS,PREFERENCE_POINT,Resident,10,0,1,1,1 in 10.0,10,hunt_total_draw_result,21_youth_antlerless_drawing_odds_report.pdf,YOUTH_ANTLERLESS_PARENT,107
2021,2022,EA1135,Cwmu Antlerless Elk - Folley Ridge - Any Legal Weapon,ELK,ANTLERLESS,PREFERENCE_POINT,Nonresident,0,0,0,0,N/A,,hunt_total_draw_result,21_youth_antlerless_drawing_odds_report.pdf,YOUTH_ANTLERLESS_PARENT,107
2021,2022,EA1136,Cwmu Antlerless Elk - Grass Valley/clark Canyon - Any Legal Weapon,ELK,ANTLERLESS,PREFERENCE_POINT,Resident,30,0,10,10,1 in 3.0,33.33333333,hunt_total_draw_result,21_youth_antlerless_drawing_odds_report.pdf,YOUTH_ANTLERLESS_PARENT,108
2021,2022,EA1136,Cwmu Antlerless Elk - Grass Valley/clark Canyon - Any Legal Weapon,ELK,ANTLERLESS,PREFERENCE_POINT,Nonresident,0,0,0,0,N/A,,hunt_total_draw_result,21_youth_antlerless_drawing_odds_report.pdf,YOUTH_ANTLERLESS_PARENT,108
2021,2022,EA1137,Cwmu Antlerless Elk - Grazing Pasture - Any Legal Weapon,ELK,ANTLERLESS,PREFERENCE_POINT,Resident,9,0,1,1,1 in 9.0,11.11111111,hunt_total_draw_result,21_youth_antlerless_drawing_odds_report.pdf,YOUTH_ANTLERLESS_PARENT,109
2021,2022,EA1137,Cwmu Antlerless Elk - Grazing Pasture - Any Legal Weapon,ELK,ANTLERLESS,PREFERENCE_POINT,Nonresident,0,0,0,0,N/A,,hunt_total_draw_result,21_youth_antlerless_drawing_odds_report.pdf,YOUTH_ANTLERLESS_PARENT,109
2021,2022,EA1138,Cwmu Antlerless Elk - Guildersleeve - Any Legal Weapon,ELK,ANTLERLESS,PREFERENCE_POINT,Resident,2,0,1,1,1 in 2.0,50,hunt_total_draw_result,21_youth_antlerless_drawing_odds_report.pdf,YOUTH_ANTLERLESS_PARENT,110
2021,2022,EA1138,Cwmu Antlerless Elk - Guildersleeve - Any Legal Weapon,ELK,ANTLERLESS,PREFERENCE_POINT,Nonresident,0,0,0,0,N/A,,hunt_total_draw_result,21_youth_antlerless_drawing_odds_report.pdf,YOUTH_ANTLERLESS_PARENT,110
2021,2022,EA1139,Cwmu Antlerless Elk - Hardscrabble - Any Legal Weapon,ELK,ANTLERLESS,PREFERENCE_POINT,Resident,1,0,1,1,1 in 1.0,100,hunt_total_draw_result,21_youth_antlerless_drawing_odds_report.pdf,YOUTH_ANTLERLESS_PARENT,111
2021,2022,EA1139,Cwmu Antlerless Elk - Hardscrabble - Any Legal Weapon,ELK,ANTLERLESS,PREFERENCE_POINT,Nonresident,0,0,0,0,N/A,,hunt_total_draw_result,21_youth_antlerless_drawing_odds_report.pdf,YOUTH_ANTLERLESS_PARENT,111
2021,2022,EA1140,Cwmu Antlerless Elk - Heaston East - Any Legal Weapon,ELK,ANTLERLESS,PREFERENCE_POINT,Resident,12,0,1,1,1 in 12.0,8.33333333,hunt_total_draw_result,21_youth_antlerless_drawing_odds_report.pdf,YOUTH_ANTLERLESS_PARENT,112
2021,2022,EA1140,Cwmu Antlerless Elk - Heaston East - Any Legal Weapon,ELK,ANTLERLESS,PREFERENCE_POINT,Nonresident,0,0,0,0,N/A,,hunt_total_draw_result,21_youth_antlerless_drawing_odds_report.pdf,YOUTH_ANTLERLESS_PARENT,112
2021,2022,EA1141,Cwmu Antlerless Elk - Hiawatha - Any Legal Weapon,ELK,ANTLERLESS,PREFERENCE_POINT,Resident,10,0,2,2,1 in 5.0,20,hunt_total_draw_result,21_youth_antlerless_drawing_odds_report.pdf,YOUTH_ANTLERLESS_PARENT,113
2021,2022,EA1141,Cwmu Antlerless Elk - Hiawatha - Any Legal Weapon,ELK,ANTLERLESS,PREFERENCE_POINT,Nonresident,0,0,0,0,N/A,,hunt_total_draw_result,21_youth_antlerless_drawing_odds_report.pdf,YOUTH_ANTLERLESS_PARENT,113
2021,2022,EA1142,Cwmu Antlerless Elk - Indian Head - Any Legal Weapon,ELK,ANTLERLESS,PREFERENCE_POINT,Resident,2,0,1,1,1 in 2.0,50,hunt_total_draw_result,21_youth_antlerless_drawing_odds_report.pdf,YOUTH_ANTLERLESS_PARENT,114
2021,2022,EA1142,Cwmu Antlerless Elk - Indian Head - Any Legal Weapon,ELK,ANTLERLESS,PREFERENCE_POINT,Nonresident,0,0,0,0,N/A,,hunt_total_draw_result,21_youth_antlerless_drawing_odds_report.pdf,YOUTH_ANTLERLESS_PARENT,114
2021,2022,EA1143,Cwmu Antlerless Elk - J.b. Ranch - Any Legal Weapon,ELK,ANTLERLESS,PREFERENCE_POINT,Resident,20,0,4,4,1 in 5.0,20,hunt_total_draw_result,21_youth_antlerless_drawing_odds_report.pdf,YOUTH_ANTLERLESS_PARENT,115
2021,2022,EA1143,Cwmu Antlerless Elk - J.b. Ranch - Any Legal Weapon,ELK,ANTLERLESS,PREFERENCE_POINT,Nonresident,0,0,0,0,N/A,,hunt_total_draw_result,21_youth_antlerless_drawing_odds_report.pdf,YOUTH_ANTLERLESS_PARENT,115
2021,2022,EA1145,Cwmu Antlerless Elk - Johnson Mountain Ranch - Any Legal Weapon,ELK,ANTLERLESS,PREFERENCE_POINT,Resident,35,0,4,4,1 in 8.8,11.36363636,hunt_total_draw_result,21_youth_antlerless_drawing_odds_report.pdf,YOUTH_ANTLERLESS_PARENT,116
2021,2022,EA1145,Cwmu Antlerless Elk - Johnson Mountain Ranch - Any Legal Weapon,ELK,ANTLERLESS,PREFERENCE_POINT,Nonresident,0,0,0,0,N/A,,hunt_total_draw_result,21_youth_antlerless_drawing_odds_report.pdf,YOUTH_ANTLERLESS_PARENT,116
2021,2022,EA1146,Cwmu Antlerless Elk - Jump Creek - Any Legal Weapon,ELK,ANTLERLESS,PREFERENCE_POINT,Resident,8,0,1,1,1 in 8.0,12.5,hunt_total_draw_result,21_youth_antlerless_drawing_odds_report.pdf,YOUTH_ANTLERLESS_PARENT,117
2021,2022,EA1146,Cwmu Antlerless Elk - Jump Creek - Any Legal Weapon,ELK,ANTLERLESS,PREFERENCE_POINT,Nonresident,0,0,0,0,N/A,,hunt_total_draw_result,21_youth_antlerless_drawing_odds_report.pdf,YOUTH_ANTLERLESS_PARENT,117
2021,2022,EA1147,Cwmu Antlerless Elk - Little Red Creek - Any Legal Weapon,ELK,ANTLERLESS,PREFERENCE_POINT,Resident,11,0,3,3,1 in 3.7,27.02702703,hunt_total_draw_result,21_youth_antlerless_drawing_odds_report.pdf,YOUTH_ANTLERLESS_PARENT,118
2021,2022,EA1147,Cwmu Antlerless Elk - Little Red Creek - Any Legal Weapon,ELK,ANTLERLESS,PREFERENCE_POINT,Nonresident,0,0,0,0,N/A,,hunt_total_draw_result,21_youth_antlerless_drawing_odds_report.pdf,YOUTH_ANTLERLESS_PARENT,118
2021,2022,EA1149,Cwmu Antlerless Elk - Minnie Maud Ridge - Any Legal Weapon,ELK,ANTLERLESS,PREFERENCE_POINT,Resident,2,0,1,1,1 in 2.0,50,hunt_total_draw_result,21_youth_antlerless_drawing_odds_report.pdf,YOUTH_ANTLERLESS_PARENT,119
2021,2022,EA1149,Cwmu Antlerless Elk - Minnie Maud Ridge - Any Legal Weapon,ELK,ANTLERLESS,PREFERENCE_POINT,Nonresident,0,0,0,0,N/A,,hunt_total_draw_result,21_youth_antlerless_drawing_odds_report.pdf,YOUTH_ANTLERLESS_PARENT,119
2021,2022,EA1151,Cwmu Antlerless Elk - Moon Ranch - Any Legal Weapon,ELK,ANTLERLESS,PREFERENCE_POINT,Resident,2,0,1,1,1 in 2.0,50,hunt_total_draw_result,21_youth_antlerless_drawing_odds_report.pdf,YOUTH_ANTLERLESS_PARENT,120
2021,2022,EA1151,Cwmu Antlerless Elk - Moon Ranch - Any Legal Weapon,ELK,ANTLERLESS,PREFERENCE_POINT,Nonresident,0,0,0,0,N/A,,hunt_total_draw_result,21_youth_antlerless_drawing_odds_report.pdf,YOUTH_ANTLERLESS_PARENT,120
2021,2022,EA1153,Cwmu Antlerless Elk - Old Woman Plateau - Any Legal Weapon,ELK,ANTLERLESS,PREFERENCE_POINT,Resident,2,0,0,0,N/A,,hunt_total_draw_result,21_youth_antlerless_drawing_odds_report.pdf,YOUTH_ANTLERLESS_PARENT,121
2021,2022,EA1153,Cwmu Antlerless Elk - Old Woman Plateau - Any Legal Weapon,ELK,ANTLERLESS,PREFERENCE_POINT,Nonresident,0,0,0,0,N/A,,hunt_total_draw_result,21_youth_antlerless_drawing_odds_report.pdf,YOUTH_ANTLERLESS_PARENT,121
2021,2022,EA1156,Cwmu Antlerless Elk - Preston Nutter Ranch - Any Legal Weapon,ELK,ANTLERLESS,PREFERENCE_POINT,Resident,5,0,1,1,1 in 5.0,20,hunt_total_draw_result,21_youth_antlerless_drawing_odds_report.pdf,YOUTH_ANTLERLESS_PARENT,122
2021,2022,EA1156,Cwmu Antlerless Elk - Preston Nutter Ranch - Any Legal Weapon,ELK,ANTLERLESS,PREFERENCE_POINT,Nonresident,0,0,0,0,N/A,,hunt_total_draw_result,21_youth_antlerless_drawing_odds_report.pdf,YOUTH_ANTLERLESS_PARENT,122
2021,2022,EA1157,Cwmu Antlerless Elk - Redd Ranches - Any Legal Weapon,ELK,ANTLERLESS,PREFERENCE_POINT,Resident,10,0,6,6,1 in 1.7,58.82352941,hunt_total_draw_result,21_youth_antlerless_drawing_odds_report.pdf,YOUTH_ANTLERLESS_PARENT,123
2021,2022,EA1157,Cwmu Antlerless Elk - Redd Ranches - Any Legal Weapon,ELK,ANTLERLESS,PREFERENCE_POINT,Nonresident,0,0,0,0,N/A,,hunt_total_draw_result,21_youth_antlerless_drawing_odds_report.pdf,YOUTH_ANTLERLESS_PARENT,123
2021,2022,EA1158,Cwmu Antlerless Elk - Riverview Ranch Llc - Any Legal Weapon,ELK,ANTLERLESS,PREFERENCE_POINT,Resident,1,0,1,1,1 in 1.0,100,hunt_total_draw_result,21_youth_antlerless_drawing_odds_report.pdf,YOUTH_ANTLERLESS_PARENT,124
2021,2022,EA1158,Cwmu Antlerless Elk - Riverview Ranch Llc - Any Legal Weapon,ELK,ANTLERLESS,PREFERENCE_POINT,Nonresident,0,0,0,0,N/A,,hunt_total_draw_result,21_youth_antlerless_drawing_odds_report.pdf,YOUTH_ANTLERLESS_PARENT,124
2021,2022,EA1159,Cwmu Antlerless Elk - Roan Cliffs - Any Legal Weapon,ELK,ANTLERLESS,PREFERENCE_POINT,Resident,8,0,0,0,N/A,,hunt_total_draw_result,21_youth_antlerless_drawing_odds_report.pdf,YOUTH_ANTLERLESS_PARENT,125
2021,2022,EA1159,Cwmu Antlerless Elk - Roan Cliffs - Any Legal Weapon,ELK,ANTLERLESS,PREFERENCE_POINT,Nonresident,0,0,0,0,N/A,,hunt_total_draw_result,21_youth_antlerless_drawing_odds_report.pdf,YOUTH_ANTLERLESS_PARENT,125
2021,2022,EA1160,Cwmu Antlerless Elk - Sand Creek - Any Legal Weapon,ELK,ANTLERLESS,PREFERENCE_POINT,Resident,4,0,1,1,1 in 4.0,25,hunt_total_draw_result,21_youth_antlerless_drawing_odds_report.pdf,YOUTH_ANTLERLESS_PARENT,126
2021,2022,EA1160,Cwmu Antlerless Elk - Sand Creek - Any Legal Weapon,ELK,ANTLERLESS,PREFERENCE_POINT,Nonresident,0,0,0,0,N/A,,hunt_total_draw_result,21_youth_antlerless_drawing_odds_report.pdf,YOUTH_ANTLERLESS_PARENT,126
2021,2022,EA1161,Cwmu Antlerless Elk - Scofield Canyons - Any Legal Weapon,ELK,ANTLERLESS,PREFERENCE_POINT,Resident,13,0,1,1,1 in 13.0,7.69230769,hunt_total_draw_result,21_youth_antlerless_drawing_odds_report.pdf,YOUTH_ANTLERLESS_PARENT,127
2021,2022,EA1161,Cwmu Antlerless Elk - Scofield Canyons - Any Legal Weapon,ELK,ANTLERLESS,PREFERENCE_POINT,Nonresident,0,0,0,0,N/A,,hunt_total_draw_result,21_youth_antlerless_drawing_odds_report.pdf,YOUTH_ANTLERLESS_PARENT,127
2021,2022,EA1162,Cwmu Antlerless Elk - Scofield East - Any Legal Weapon,ELK,ANTLERLESS,PREFERENCE_POINT,Resident,10,0,1,1,1 in 10.0,10,hunt_total_draw_result,21_youth_antlerless_drawing_odds_report.pdf,YOUTH_ANTLERLESS_PARENT,128
2021,2022,EA1162,Cwmu Antlerless Elk - Scofield East - Any Legal Weapon,ELK,ANTLERLESS,PREFERENCE_POINT,Nonresident,0,0,0,0,N/A,,hunt_total_draw_result,21_youth_antlerless_drawing_odds_report.pdf,YOUTH_ANTLERLESS_PARENT,128
2021,2022,EA1163,Cwmu Antlerless Elk - Scofield West - Any Legal Weapon,ELK,ANTLERLESS,PREFERENCE_POINT,Resident,6,0,6,6,1 in 1.0,100,hunt_total_draw_result,21_youth_antlerless_drawing_odds_report.pdf,YOUTH_ANTLERLESS_PARENT,129
2021,2022,EA1163,Cwmu Antlerless Elk - Scofield West - Any Legal Weapon,ELK,ANTLERLESS,PREFERENCE_POINT,Nonresident,0,0,0,0,N/A,,hunt_total_draw_result,21_youth_antlerless_drawing_odds_report.pdf,YOUTH_ANTLERLESS_PARENT,129
2021,2022,EA1164,Cwmu Antlerless Elk - Sj Ranch - Any Legal Weapon,ELK,ANTLERLESS,PREFERENCE_POINT,Resident,6,0,1,1,1 in 6.0,16.66666667,hunt_total_draw_result,21_youth_antlerless_drawing_odds_report.pdf,YOUTH_ANTLERLESS_PARENT,130
2021,2022,EA1164,Cwmu Antlerless Elk - Sj Ranch - Any Legal Weapon,ELK,ANTLERLESS,PREFERENCE_POINT,Nonresident,0,0,0,0,N/A,,hunt_total_draw_result,21_youth_antlerless_drawing_odds_report.pdf,YOUTH_ANTLERLESS_PARENT,130
2021,2022,EA1165,Cwmu Antlerless Elk - Skull Crack - Any Legal Weapon,ELK,ANTLERLESS,PREFERENCE_POINT,Resident,28,0,3,3,1 in 9.3,10.75268817,hunt_total_draw_result,21_youth_antlerless_drawing_odds_report.pdf,YOUTH_ANTLERLESS_PARENT,131
2021,2022,EA1165,Cwmu Antlerless Elk - Skull Crack - Any Legal Weapon,ELK,ANTLERLESS,PREFERENCE_POINT,Nonresident,0,0,0,0,N/A,,hunt_total_draw_result,21_youth_antlerless_drawing_odds_report.pdf,YOUTH_ANTLERLESS_PARENT,131
2021,2022,EA1166,Cwmu Antlerless Elk - Soldier Summit - Any Legal Weapon,ELK,ANTLERLESS,PREFERENCE_POINT,Resident,14,0,1,1,1 in 14.0,7.14285714,hunt_total_draw_result,21_youth_antlerless_drawing_odds_report.pdf,YOUTH_ANTLERLESS_PARENT,132
2021,2022,EA1166,Cwmu Antlerless Elk - Soldier Summit - Any Legal Weapon,ELK,ANTLERLESS,PREFERENCE_POINT,Nonresident,0,0,0,0,N/A,,hunt_total_draw_result,21_youth_antlerless_drawing_odds_report.pdf,YOUTH_ANTLERLESS_PARENT,132
2021,2022,EA1167,Cwmu Antlerless Elk - South Canyon - Any Legal Weapon,ELK,ANTLERLESS,PREFERENCE_POINT,Resident,5,0,2,2,1 in 2.5,40,hunt_total_draw_result,21_youth_antlerless_drawing_odds_report.pdf,YOUTH_ANTLERLESS_PARENT,133
2021,2022,EA1167,Cwmu Antlerless Elk - South Canyon - Any Legal Weapon,ELK,ANTLERLESS,PREFERENCE_POINT,Nonresident,0,0,0,0,N/A,,hunt_total_draw_result,21_youth_antlerless_drawing_odds_report.pdf,YOUTH_ANTLERLESS_PARENT,133
2021,2022,EA1168,Cwmu Antlerless Elk - Spring Creek/dodge - Any Legal Weapon,ELK,ANTLERLESS,PREFERENCE_POINT,Resident,1,0,1,1,1 in 1.0,100,hunt_total_draw_result,21_youth_antlerless_drawing_odds_report.pdf,YOUTH_ANTLERLESS_PARENT,134
2021,2022,EA1168,Cwmu Antlerless Elk - Spring Creek/dodge - Any Legal Weapon,ELK,ANTLERLESS,PREFERENCE_POINT,Nonresident,0,0,0,0,N/A,,hunt_total_draw_result,21_youth_antlerless_drawing_odds_report.pdf,YOUTH_ANTLERLESS_PARENT,134
2021,2022,EA1170,Cwmu Antlerless Elk - Strawberry Ridge - Any Legal Weapon,ELK,ANTLERLESS,PREFERENCE_POINT,Resident,8,0,2,2,1 in 4.0,25,hunt_total_draw_result,21_youth_antlerless_drawing_odds_report.pdf,YOUTH_ANTLERLESS_PARENT,135
2021,2022,EA1170,Cwmu Antlerless Elk - Strawberry Ridge - Any Legal Weapon,ELK,ANTLERLESS,PREFERENCE_POINT,Nonresident,0,0,0,0,N/A,,hunt_total_draw_result,21_youth_antlerless_drawing_odds_report.pdf,YOUTH_ANTLERLESS_PARENT,135
2021,2022,EA1172,Cwmu Antlerless Elk - Three C - Any Legal Weapon,ELK,ANTLERLESS,PREFERENCE_POINT,Resident,10,0,2,2,1 in 5.0,20,hunt_total_draw_result,21_youth_antlerless_drawing_odds_report.pdf,YOUTH_ANTLERLESS_PARENT,136
2021,2022,EA1172,Cwmu Antlerless Elk - Three C - Any Legal Weapon,ELK,ANTLERLESS,PREFERENCE_POINT,Nonresident,0,0,0,0,N/A,,hunt_total_draw_result,21_youth_antlerless_drawing_odds_report.pdf,YOUTH_ANTLERLESS_PARENT,136
2021,2022,EA1174,Cwmu Antlerless Elk - Two Bear - Any Legal Weapon,BLACK_BEAR,ANTLERLESS,PREFERENCE_POINT,Resident,21,0,8,8,1 in 2.6,38.46153846,hunt_total_draw_result,21_youth_antlerless_drawing_odds_report.pdf,YOUTH_ANTLERLESS_PARENT,137
2021,2022,EA1174,Cwmu Antlerless Elk - Two Bear - Any Legal Weapon,BLACK_BEAR,ANTLERLESS,PREFERENCE_POINT,Nonresident,0,0,0,0,N/A,,hunt_total_draw_result,21_youth_antlerless_drawing_odds_report.pdf,YOUTH_ANTLERLESS_PARENT,137
2021,2022,EA1175,Cwmu Antlerless Elk - Wallsburg - Any Legal Weapon,ELK,ANTLERLESS,PREFERENCE_POINT,Resident,5,0,1,1,1 in 5.0,20,hunt_total_draw_result,21_youth_antlerless_drawing_odds_report.pdf,YOUTH_ANTLERLESS_PARENT,138
2021,2022,EA1175,Cwmu Antlerless Elk - Wallsburg - Any Legal Weapon,ELK,ANTLERLESS,PREFERENCE_POINT,Nonresident,0,0,0,0,N/A,,hunt_total_draw_result,21_youth_antlerless_drawing_odds_report.pdf,YOUTH_ANTLERLESS_PARENT,138
2021,2022,EA1176,Cwmu Antlerless Elk - Weber Florence Creek - Any Legal Weapon,ELK,ANTLERLESS,PREFERENCE_POINT,Resident,10,0,10,10,1 in 1.0,100,hunt_total_draw_result,21_youth_antlerless_drawing_odds_report.pdf,YOUTH_ANTLERLESS_PARENT,139
2021,2022,EA1176,Cwmu Antlerless Elk - Weber Florence Creek - Any Legal Weapon,ELK,ANTLERLESS,PREFERENCE_POINT,Nonresident,0,0,0,0,N/A,,hunt_total_draw_result,21_youth_antlerless_drawing_odds_report.pdf,YOUTH_ANTLERLESS_PARENT,139
2021,2022,EA1186,Antlerless Elk - Mt Dutton/plateau - Any Legal Weapon,ELK,ANTLERLESS,PREFERENCE_POINT,Resident,62,0,5,5,1 in 12.4,8.06451613,hunt_total_draw_result,21_youth_antlerless_drawing_odds_report.pdf,YOUTH_ANTLERLESS_PARENT,140
2021,2022,EA1186,Antlerless Elk - Mt Dutton/plateau - Any Legal Weapon,ELK,ANTLERLESS,PREFERENCE_POINT,Nonresident,2,0,0,0,N/A,,hunt_total_draw_result,21_youth_antlerless_drawing_odds_report.pdf,YOUTH_ANTLERLESS_PARENT,140
2021,2022,EA1187,"Antlerless Elk - Paunsaugunt, Hatch Bench - Any Legal Weapon",ELK,ANTLERLESS,PREFERENCE_POINT,Resident,2,0,2,2,1 in 1.0,100,hunt_total_draw_result,21_youth_antlerless_drawing_odds_report.pdf,YOUTH_ANTLERLESS_PARENT,141
2021,2022,EA1187,"Antlerless Elk - Paunsaugunt, Hatch Bench - Any Legal Weapon",ELK,ANTLERLESS,PREFERENCE_POINT,Nonresident,1,0,0,0,N/A,,hunt_total_draw_result,21_youth_antlerless_drawing_odds_report.pdf,YOUTH_ANTLERLESS_PARENT,141
2021,2022,EA1189,"Antlerless Elk - Wasatch Mtns, West-central - Muzzleloader",ELK,ANTLERLESS,PREFERENCE_POINT,Resident,60,0,60,60,1 in 1.0,100,hunt_total_draw_result,21_youth_antlerless_drawing_odds_report.pdf,YOUTH_ANTLERLESS_PARENT,142
2021,2022,EA1189,"Antlerless Elk - Wasatch Mtns, West-central - Muzzleloader",ELK,ANTLERLESS,PREFERENCE_POINT,Nonresident,0,0,0,0,N/A,,hunt_total_draw_result,21_youth_antlerless_drawing_odds_report.pdf,YOUTH_ANTLERLESS_PARENT,142
2021,2022,EA1190,"Antlerless Elk - Beaver, North - Any Legal Weapon",ELK,ANTLERLESS,PREFERENCE_POINT,Resident,26,0,21,21,1 in 1.2,83.33333333,hunt_total_draw_result,21_youth_antlerless_drawing_odds_report.pdf,YOUTH_ANTLERLESS_PARENT,143
2021,2022,EA1190,"Antlerless Elk - Beaver, North - Any Legal Weapon",ELK,ANTLERLESS,PREFERENCE_POINT,Nonresident,3,0,2,2,1 in 1.5,66.66666667,hunt_total_draw_result,21_youth_antlerless_drawing_odds_report.pdf,YOUTH_ANTLERLESS_PARENT,143
2021,2022,EA1192,Cwmu Antlerless Elk - Pahvant Ensign - Any Legal Weapon,ELK,ANTLERLESS,PREFERENCE_POINT,Resident,5,0,4,4,1 in 1.3,76.92307692,hunt_total_draw_result,21_youth_antlerless_drawing_odds_report.pdf,YOUTH_ANTLERLESS_PARENT,144
2021,2022,EA1192,Cwmu Antlerless Elk - Pahvant Ensign - Any Legal Weapon,ELK,ANTLERLESS,PREFERENCE_POINT,Nonresident,0,0,0,0,N/A,,hunt_total_draw_result,21_youth_antlerless_drawing_odds_report.pdf,YOUTH_ANTLERLESS_PARENT,144
2021,2022,EA1193,"Antlerless Elk - Cache, Rich - Any Legal Weapon",ELK,ANTLERLESS,PREFERENCE_POINT,Resident,20,0,12,12,1 in 1.7,58.82352941,hunt_total_draw_result,21_youth_antlerless_drawing_odds_report.pdf,YOUTH_ANTLERLESS_PARENT,145
2021,2022,EA1193,"Antlerless Elk - Cache, Rich - Any Legal Weapon",ELK,ANTLERLESS,PREFERENCE_POINT,Nonresident,0,0,0,0,N/A,,hunt_total_draw_result,21_youth_antlerless_drawing_odds_report.pdf,YOUTH_ANTLERLESS_PARENT,145
2021,2022,EA1194,"Antlerless Elk - Cache, Richmond Hyde Park - Any Legal Weapon",ELK,ANTLERLESS,PREFERENCE_POINT,Resident,3,0,2,2,1 in 1.5,66.66666667,hunt_total_draw_result,21_youth_antlerless_drawing_odds_report.pdf,YOUTH_ANTLERLESS_PARENT,146
2021,2022,EA1194,"Antlerless Elk - Cache, Richmond Hyde Park - Any Legal Weapon",ELK,ANTLERLESS,PREFERENCE_POINT,Nonresident,0,0,0,0,N/A,,hunt_total_draw_result,21_youth_antlerless_drawing_odds_report.pdf,YOUTH_ANTLERLESS_PARENT,146
2021,2022,EA1196,"Antlerless Elk - North Slope, Summit - Any Legal Weapon",ELK,ANTLERLESS,PREFERENCE_POINT,Resident,28,0,9,9,1 in 3.1,32.25806452,hunt_total_draw_result,21_youth_antlerless_drawing_odds_report.pdf,YOUTH_ANTLERLESS_PARENT,147
2021,2022,EA1196,"Antlerless Elk - North Slope, Summit - Any Legal Weapon",ELK,ANTLERLESS,PREFERENCE_POINT,Nonresident,2,0,1,1,1 in 2.0,50,hunt_total_draw_result,21_youth_antlerless_drawing_odds_report.pdf,YOUTH_ANTLERLESS_PARENT,147
2021,2022,EA1201,Cwmu Antlerless Elk - Mountain Sky Ranch - Any Legal Weapon,ELK,ANTLERLESS,PREFERENCE_POINT,Resident,3,0,0,0,N/A,,hunt_total_draw_result,21_youth_antlerless_drawing_odds_report.pdf,YOUTH_ANTLERLESS_PARENT,148
2021,2022,EA1201,Cwmu Antlerless Elk - Mountain Sky Ranch - Any Legal Weapon,ELK,ANTLERLESS,PREFERENCE_POINT,Nonresident,0,0,0,0,N/A,,hunt_total_draw_result,21_youth_antlerless_drawing_odds_report.pdf,YOUTH_ANTLERLESS_PARENT,148
2021,2022,EA1203,"Antlerless Elk - Box Elder, Pilot Mtn - Any Legal Weapon",ELK,ANTLERLESS,PREFERENCE_POINT,Resident,5,0,0,0,N/A,,hunt_total_draw_result,21_youth_antlerless_drawing_odds_report.pdf,YOUTH_ANTLERLESS_PARENT,149
2021,2022,EA1203,"Antlerless Elk - Box Elder, Pilot Mtn - Any Legal Weapon",ELK,ANTLERLESS,PREFERENCE_POINT,Nonresident,2,0,0,0,N/A,,hunt_total_draw_result,21_youth_antlerless_drawing_odds_report.pdf,YOUTH_ANTLERLESS_PARENT,149
2021,2022,EA1204,"Antlerless Elk - Box Elder, Pilot Mtn - Any Legal Weapon",ELK,ANTLERLESS,PREFERENCE_POINT,Resident,10,0,0,0,N/A,,hunt_total_draw_result,21_youth_antlerless_drawing_odds_report.pdf,YOUTH_ANTLERLESS_PARENT,150
2021,2022,EA1204,"Antlerless Elk - Box Elder, Pilot Mtn - Any Legal Weapon",ELK,ANTLERLESS,PREFERENCE_POINT,Nonresident,0,0,0,0,N/A,,hunt_total_draw_result,21_youth_antlerless_drawing_odds_report.pdf,YOUTH_ANTLERLESS_PARENT,150
2021,2022,EA1205,"Antlerless Elk - Cache, Richmond Hyde Park - Any Legal Weapon",ELK,ANTLERLESS,PREFERENCE_POINT,Resident,3,0,0,0,N/A,,hunt_total_draw_result,21_youth_antlerless_drawing_odds_report.pdf,YOUTH_ANTLERLESS_PARENT,151
2021,2022,EA1205,"Antlerless Elk - Cache, Richmond Hyde Park - Any Legal Weapon",ELK,ANTLERLESS,PREFERENCE_POINT,Nonresident,0,0,0,0,N/A,,hunt_total_draw_result,21_youth_antlerless_drawing_odds_report.pdf,YOUTH_ANTLERLESS_PARENT,151
2021,2022,EA1206,"Antlerless Elk - Cache, Richmond Hyde Park - Any Legal Weapon",ELK,ANTLERLESS,PREFERENCE_POINT,Resident,14,0,2,2,1 in 7.0,14.28571429,hunt_total_draw_result,21_youth_antlerless_drawing_odds_report.pdf,YOUTH_ANTLERLESS_PARENT,152
2021,2022,EA1206,"Antlerless Elk - Cache, Richmond Hyde Park - Any Legal Weapon",ELK,ANTLERLESS,PREFERENCE_POINT,Nonresident,0,0,0,0,N/A,,hunt_total_draw_result,21_youth_antlerless_drawing_odds_report.pdf,YOUTH_ANTLERLESS_PARENT,152
2021,2022,EA1207,"Antlerless Elk - Central Mtns, Moroni Hills - Any Legal Weapon",ELK,ANTLERLESS,PREFERENCE_POINT,Resident,5,0,5,5,1 in 1.0,100,hunt_total_draw_result,21_youth_antlerless_drawing_odds_report.pdf,YOUTH_ANTLERLESS_PARENT,153
2021,2022,EA1207,"Antlerless Elk - Central Mtns, Moroni Hills - Any Legal Weapon",ELK,ANTLERLESS,PREFERENCE_POINT,Nonresident,0,0,0,0,N/A,,hunt_total_draw_result,21_youth_antlerless_drawing_odds_report.pdf,YOUTH_ANTLERLESS_PARENT,153
2021,2022,EA1208,"Antlerless Elk - Central Mtns, Nebo - Any Legal Weapon",ELK,ANTLERLESS,PREFERENCE_POINT,Resident,88,0,13,13,1 in 6.8,14.70588235,hunt_total_draw_result,21_youth_antlerless_drawing_odds_report.pdf,YOUTH_ANTLERLESS_PARENT,154
2021,2022,EA1208,"Antlerless Elk - Central Mtns, Nebo - Any Legal Weapon",ELK,ANTLERLESS,PREFERENCE_POINT,Nonresident,3,0,1,1,1 in 3.0,33.33333333,hunt_total_draw_result,21_youth_antlerless_drawing_odds_report.pdf,YOUTH_ANTLERLESS_PARENT,154
2021,2022,EA1209,"Antlerless Elk - Fillmore, Oak Creek Le - Any Legal Weapon",ELK,ANTLERLESS,PREFERENCE_POINT,Resident,31,0,9,9,1 in 3.4,29.41176471,hunt_total_draw_result,21_youth_antlerless_drawing_odds_report.pdf,YOUTH_ANTLERLESS_PARENT,155
2021,2022,EA1209,"Antlerless Elk - Fillmore, Oak Creek Le - Any Legal Weapon",ELK,ANTLERLESS,PREFERENCE_POINT,Nonresident,0,0,0,0,N/A,,hunt_total_draw_result,21_youth_antlerless_drawing_odds_report.pdf,YOUTH_ANTLERLESS_PARENT,155
2021,2022,EA1217,"Antlerless Elk - Wasatch Mtns, Avintaquin - Any Legal Weapon",ELK,ANTLERLESS,PREFERENCE_POINT,Resident,12,0,12,12,1 in 1.0,100,hunt_total_draw_result,21_youth_antlerless_drawing_odds_report.pdf,YOUTH_ANTLERLESS_PARENT,156
2021,2022,EA1217,"Antlerless Elk - Wasatch Mtns, Avintaquin - Any Legal Weapon",ELK,ANTLERLESS,PREFERENCE_POINT,Nonresident,0,0,0,0,N/A,,hunt_total_draw_result,21_youth_antlerless_drawing_odds_report.pdf,YOUTH_ANTLERLESS_PARENT,156
2021,2022,EA1222,"Antlerless Elk - Beaver, East - Any Legal Weapon",ELK,ANTLERLESS,PREFERENCE_POINT,Resident,66,0,27,27,1 in 2.4,41.66666667,hunt_total_draw_result,21_youth_antlerless_drawing_odds_report.pdf,YOUTH_ANTLERLESS_PARENT,157
2021,2022,EA1222,"Antlerless Elk - Beaver, East - Any Legal Weapon",ELK,ANTLERLESS,PREFERENCE_POINT,Nonresident,4,0,3,3,1 in 1.3,76.92307692,hunt_total_draw_result,21_youth_antlerless_drawing_odds_report.pdf,YOUTH_ANTLERLESS_PARENT,157
2021,2022,EA1223,"Antlerless Elk - Beaver, East - Any Legal Weapon",ELK,ANTLERLESS,PREFERENCE_POINT,Resident,30,0,18,18,1 in 1.7,58.82352941,hunt_total_draw_result,21_youth_antlerless_drawing_odds_report.pdf,YOUTH_ANTLERLESS_PARENT,158
2021,2022,EA1223,"Antlerless Elk - Beaver, East - Any Legal Weapon",ELK,ANTLERLESS,PREFERENCE_POINT,Nonresident,1,0,1,1,1 in 1.0,100,hunt_total_draw_result,21_youth_antlerless_drawing_odds_report.pdf,YOUTH_ANTLERLESS_PARENT,158
2021,2022,EA1224,"Antlerless Elk - Book Cliffs, Bitter Creek/south - Any Legal Weapon",ELK,ANTLERLESS,PREFERENCE_POINT,Resident,39,0,18,18,1 in 2.2,45.45454545,hunt_total_draw_result,21_youth_antlerless_drawing_odds_report.pdf,YOUTH_ANTLERLESS_PARENT,159
2021,2022,EA1224,"Antlerless Elk - Book Cliffs, Bitter Creek/south - Any Legal Weapon",ELK,ANTLERLESS,PREFERENCE_POINT,Nonresident,3,0,2,2,1 in 1.5,66.66666667,hunt_total_draw_result,21_youth_antlerless_drawing_odds_report.pdf,YOUTH_ANTLERLESS_PARENT,159
2021,2022,EA1225,"Antlerless Elk - Book Cliffs, Bitter Creek/south - Muzzleloader",ELK,ANTLERLESS,PREFERENCE_POINT,Resident,14,0,14,14,1 in 1.0,100,hunt_total_draw_result,21_youth_antlerless_drawing_odds_report.pdf,YOUTH_ANTLERLESS_PARENT,160
2021,2022,EA1225,"Antlerless Elk - Book Cliffs, Bitter Creek/south - Muzzleloader",ELK,ANTLERLESS,PREFERENCE_POINT,Nonresident,1,0,1,1,1 in 1.0,100,hunt_total_draw_result,21_youth_antlerless_drawing_odds_report.pdf,YOUTH_ANTLERLESS_PARENT,160
2021,2022,EA1226,"Antlerless Elk - Central Mtns, Moroni Hills - Any Legal Weapon",ELK,ANTLERLESS,PREFERENCE_POINT,Resident,2,0,2,2,1 in 1.0,100,hunt_total_draw_result,21_youth_antlerless_drawing_odds_report.pdf,YOUTH_ANTLERLESS_PARENT,161
2021,2022,EA1226,"Antlerless Elk - Central Mtns, Moroni Hills - Any Legal Weapon",ELK,ANTLERLESS,PREFERENCE_POINT,Nonresident,0,0,0,0,N/A,,hunt_total_draw_result,21_youth_antlerless_drawing_odds_report.pdf,YOUTH_ANTLERLESS_PARENT,161
2021,2022,EA1227,"Antlerless Elk - Fillmore, Kanosh Valley - Any Legal Weapon",ELK,ANTLERLESS,PREFERENCE_POINT,Resident,3,0,1,1,1 in 3.0,33.33333333,hunt_total_draw_result,21_youth_antlerless_drawing_odds_report.pdf,YOUTH_ANTLERLESS_PARENT,162
2021,2022,EA1227,"Antlerless Elk - Fillmore, Kanosh Valley - Any Legal Weapon",ELK,ANTLERLESS,PREFERENCE_POINT,Nonresident,0,0,0,0,N/A,,hunt_total_draw_result,21_youth_antlerless_drawing_odds_report.pdf,YOUTH_ANTLERLESS_PARENT,162
2021,2022,EA1228,Antlerless Elk - Morgan-south Rich - Any Legal Weapon,ELK,ANTLERLESS,PREFERENCE_POINT,Resident,7,0,7,7,1 in 1.0,100,hunt_total_draw_result,21_youth_antlerless_drawing_odds_report.pdf,YOUTH_ANTLERLESS_PARENT,163
2021,2022,EA1228,Antlerless Elk - Morgan-south Rich - Any Legal Weapon,ELK,ANTLERLESS,PREFERENCE_POINT,Nonresident,1,0,1,1,1 in 1.0,100,hunt_total_draw_result,21_youth_antlerless_drawing_odds_report.pdf,YOUTH_ANTLERLESS_PARENT,163
2021,2022,EA1229,Antlerless Elk - Morgan-south Rich - Any Legal Weapon,ELK,ANTLERLESS,PREFERENCE_POINT,Resident,13,0,13,13,1 in 1.0,100,hunt_total_draw_result,21_youth_antlerless_drawing_odds_report.pdf,YOUTH_ANTLERLESS_PARENT,164
2021,2022,EA1229,Antlerless Elk - Morgan-south Rich - Any Legal Weapon,ELK,ANTLERLESS,PREFERENCE_POINT,Nonresident,0,0,0,0,N/A,,hunt_total_draw_result,21_youth_antlerless_drawing_odds_report.pdf,YOUTH_ANTLERLESS_PARENT,164
2021,2022,EA1231,"Antlerless Elk - West Desert, Tintic Valley - Any Legal Weapon",ELK,ANTLERLESS,PREFERENCE_POINT,Resident,25,0,9,9,1 in 2.8,35.71428571,hunt_total_draw_result,21_youth_antlerless_drawing_odds_report.pdf,YOUTH_ANTLERLESS_PARENT,165
2021,2022,EA1231,"Antlerless Elk - West Desert, Tintic Valley - Any Legal Weapon",ELK,ANTLERLESS,PREFERENCE_POINT,Nonresident,1,0,1,1,1 in 1.0,100,hunt_total_draw_result,21_youth_antlerless_drawing_odds_report.pdf,YOUTH_ANTLERLESS_PARENT,165
2021,2022,EA1234,Cwmu Antlerless Elk - Royal Ivory Outfitters - Any Legal Weapon,ELK,ANTLERLESS,PREFERENCE_POINT,Resident,1,0,1,1,1 in 1.0,100,hunt_total_draw_result,21_youth_antlerless_drawing_odds_report.pdf,YOUTH_ANTLERLESS_PARENT,166
2021,2022,EA1234,Cwmu Antlerless Elk - Royal Ivory Outfitters - Any Legal Weapon,ELK,ANTLERLESS,PREFERENCE_POINT,Nonresident,0,0,0,0,N/A,,hunt_total_draw_result,21_youth_antlerless_drawing_odds_report.pdf,YOUTH_ANTLERLESS_PARENT,166
2021,2022,EA1236,Antlerless Elk - East Canyon - Any Legal Weapon,ELK,ANTLERLESS,PREFERENCE_POINT,Resident,53,0,53,53,1 in 1.0,100,hunt_total_draw_result,21_youth_antlerless_drawing_odds_report.pdf,YOUTH_ANTLERLESS_PARENT,167
2021,2022,EA1236,Antlerless Elk - East Canyon - Any Legal Weapon,ELK,ANTLERLESS,PREFERENCE_POINT,Nonresident,0,0,0,0,N/A,,hunt_total_draw_result,21_youth_antlerless_drawing_odds_report.pdf,YOUTH_ANTLERLESS_PARENT,167
2021,2022,EA1237,"Antlerless Elk - La Sal, La Sal Mtns, North - Any Legal Weapon",ELK,ANTLERLESS,PREFERENCE_POINT,Resident,7,0,7,7,1 in 1.0,100,hunt_total_draw_result,21_youth_antlerless_drawing_odds_report.pdf,YOUTH_ANTLERLESS_PARENT,168
2021,2022,EA1237,"Antlerless Elk - La Sal, La Sal Mtns, North - Any Legal Weapon",ELK,ANTLERLESS,PREFERENCE_POINT,Nonresident,0,0,0,0,N/A,,hunt_total_draw_result,21_youth_antlerless_drawing_odds_report.pdf,YOUTH_ANTLERLESS_PARENT,168
2021,2022,EA1238,"Antlerless Elk - Monroe, Rock Springs - Any Legal Weapon",ELK,ANTLERLESS,PREFERENCE_POINT,Resident,19,0,3,3,1 in 6.3,15.87301587,hunt_total_draw_result,21_youth_antlerless_drawing_odds_report.pdf,YOUTH_ANTLERLESS_PARENT,169
2021,2022,EA1238,"Antlerless Elk - Monroe, Rock Springs - Any Legal Weapon",ELK,ANTLERLESS,PREFERENCE_POINT,Nonresident,1,0,0,0,N/A,,hunt_total_draw_result,21_youth_antlerless_drawing_odds_report.pdf,YOUTH_ANTLERLESS_PARENT,169
2021,2022,EA1240,"Antlerless Elk - Nine Mile, Range Creek - Any Legal Weapon",ELK,ANTLERLESS,PREFERENCE_POINT,Resident,6,0,6,6,1 in 1.0,100,hunt_total_draw_result,21_youth_antlerless_drawing_odds_report.pdf,YOUTH_ANTLERLESS_PARENT,170
2021,2022,EA1240,"Antlerless Elk - Nine Mile, Range Creek - Any Legal Weapon",ELK,ANTLERLESS,PREFERENCE_POINT,Nonresident,0,0,0,0,N/A,,hunt_total_draw_result,21_youth_antlerless_drawing_odds_report.pdf,YOUTH_ANTLERLESS_PARENT,170
2021,2022,EA1241,Antlerless Elk - Panguitch Lake - Any Legal Weapon,ELK,ANTLERLESS,PREFERENCE_POINT,Resident,49,0,13,13,1 in 3.8,26.31578947,hunt_total_draw_result,21_youth_antlerless_drawing_odds_report.pdf,YOUTH_ANTLERLESS_PARENT,171
2021,2022,EA1241,Antlerless Elk - Panguitch Lake - Any Legal Weapon,ELK,ANTLERLESS,PREFERENCE_POINT,Nonresident,3,0,1,1,1 in 3.0,33.33333333,hunt_total_draw_result,21_youth_antlerless_drawing_odds_report.pdf,YOUTH_ANTLERLESS_PARENT,171
2021,2022,EA1242,"Antlerless Elk - South Slope, Buckskin Hills-jensen - Any Legal Weapon",ELK,ANTLERLESS,PREFERENCE_POINT,Resident,4,0,4,4,1 in 1.0,100,hunt_total_draw_result,21_youth_antlerless_drawing_odds_report.pdf,YOUTH_ANTLERLESS_PARENT,172
2021,2022,EA1242,"Antlerless Elk - South Slope, Buckskin Hills-jensen - Any Legal Weapon",ELK,ANTLERLESS,PREFERENCE_POINT,Nonresident,0,0,0,0,N/A,,hunt_total_draw_result,21_youth_antlerless_drawing_odds_report.pdf,YOUTH_ANTLERLESS_PARENT,172
2021,2022,EA1243,"Antlerless Elk - South Slope, Buckskin Hills-jensen - Any Legal Weapon",ELK,ANTLERLESS,PREFERENCE_POINT,Resident,4,0,4,4,1 in 1.0,100,hunt_total_draw_result,21_youth_antlerless_drawing_odds_report.pdf,YOUTH_ANTLERLESS_PARENT,173
2021,2022,EA1243,"Antlerless Elk - South Slope, Buckskin Hills-jensen - Any Legal Weapon",ELK,ANTLERLESS,PREFERENCE_POINT,Nonresident,0,0,0,0,N/A,,hunt_total_draw_result,21_youth_antlerless_drawing_odds_report.pdf,YOUTH_ANTLERLESS_PARENT,173
2021,2022,EA1244,"Antlerless Elk - South Slope, Yellowstone - Any Legal Weapon",ELK,ANTLERLESS,PREFERENCE_POINT,Resident,15,0,15,15,1 in 1.0,100,hunt_total_draw_result,21_youth_antlerless_drawing_odds_report.pdf,YOUTH_ANTLERLESS_PARENT,174
2021,2022,EA1244,"Antlerless Elk - South Slope, Yellowstone - Any Legal Weapon",ELK,ANTLERLESS,PREFERENCE_POINT,Nonresident,0,0,0,0,N/A,,hunt_total_draw_result,21_youth_antlerless_drawing_odds_report.pdf,YOUTH_ANTLERLESS_PARENT,174
2021,2022,EA1245,"Antlerless Elk - South Slope, Yellowstone - Muzzleloader",ELK,ANTLERLESS,PREFERENCE_POINT,Resident,3,0,3,3,1 in 1.0,100,hunt_total_draw_result,21_youth_antlerless_drawing_odds_report.pdf,YOUTH_ANTLERLESS_PARENT,175
2021,2022,EA1245,"Antlerless Elk - South Slope, Yellowstone - Muzzleloader",ELK,ANTLERLESS,PREFERENCE_POINT,Nonresident,0,0,0,0,N/A,,hunt_total_draw_result,21_youth_antlerless_drawing_odds_report.pdf,YOUTH_ANTLERLESS_PARENT,175
2021,2022,PD1000,"Doe Pronghorn - Box Elder, Snowville - Any Legal Weapon",PRONGHORN,ANTLERLESS,PREFERENCE_POINT,Resident,61,0,7,7,1 in 8.7,11.49425287,hunt_total_draw_result,21_youth_antlerless_drawing_odds_report.pdf,YOUTH_ANTLERLESS_PARENT,177
2021,2022,PD1000,"Doe Pronghorn - Box Elder, Snowville - Any Legal Weapon",PRONGHORN,ANTLERLESS,PREFERENCE_POINT,Nonresident,2,0,0,0,N/A,,hunt_total_draw_result,21_youth_antlerless_drawing_odds_report.pdf,YOUTH_ANTLERLESS_PARENT,177
2021,2022,PD1002,Doe Pronghorn - Cache/morgan-south Rich/ogden - Any Legal Weapon,PRONGHORN,ANTLERLESS,PREFERENCE_POINT,Resident,40,0,0,0,N/A,,hunt_total_draw_result,21_youth_antlerless_drawing_odds_report.pdf,YOUTH_ANTLERLESS_PARENT,178
2021,2022,PD1002,Doe Pronghorn - Cache/morgan-south Rich/ogden - Any Legal Weapon,PRONGHORN,ANTLERLESS,PREFERENCE_POINT,Nonresident,0,0,0,0,N/A,,hunt_total_draw_result,21_youth_antlerless_drawing_odds_report.pdf,YOUTH_ANTLERLESS_PARENT,178
2021,2022,PD1003,Doe Pronghorn - Cache/morgan-south Rich/ogden - Any Legal Weapon,PRONGHORN,ANTLERLESS,PREFERENCE_POINT,Resident,39,0,0,0,N/A,,hunt_total_draw_result,21_youth_antlerless_drawing_odds_report.pdf,YOUTH_ANTLERLESS_PARENT,179
2021,2022,PD1003,Doe Pronghorn - Cache/morgan-south Rich/ogden - Any Legal Weapon,PRONGHORN,ANTLERLESS,PREFERENCE_POINT,Nonresident,1,0,0,0,N/A,,hunt_total_draw_result,21_youth_antlerless_drawing_odds_report.pdf,YOUTH_ANTLERLESS_PARENT,179
2021,2022,PD1005,"Doe Pronghorn - North Slope, Summit - Any Legal Weapon",PRONGHORN,ANTLERLESS,PREFERENCE_POINT,Resident,11,0,0,0,N/A,,hunt_total_draw_result,21_youth_antlerless_drawing_odds_report.pdf,YOUTH_ANTLERLESS_PARENT,180
2021,2022,PD1005,"Doe Pronghorn - North Slope, Summit - Any Legal Weapon",PRONGHORN,ANTLERLESS,PREFERENCE_POINT,Nonresident,0,0,0,0,N/A,,hunt_total_draw_result,21_youth_antlerless_drawing_odds_report.pdf,YOUTH_ANTLERLESS_PARENT,180
2021,2022,PD1007,"Doe Pronghorn - San Rafael, North-cleveland - Any Legal Weapon",PRONGHORN,ANTLERLESS,PREFERENCE_POINT,Resident,27,0,0,0,N/A,,hunt_total_draw_result,21_youth_antlerless_drawing_odds_report.pdf,YOUTH_ANTLERLESS_PARENT,181
2021,2022,PD1007,"Doe Pronghorn - San Rafael, North-cleveland - Any Legal Weapon",PRONGHORN,ANTLERLESS,PREFERENCE_POINT,Nonresident,1,0,0,0,N/A,,hunt_total_draw_result,21_youth_antlerless_drawing_odds_report.pdf,YOUTH_ANTLERLESS_PARENT,181
2021,2022,PD1008,"Doe Pronghorn - Southwest Desert, Milford Flat -An y Legal Weapon",PRONGHORN,ANTLERLESS,PREFERENCE_POINT,Resident,16,0,4,4,1 in 4.0,25,hunt_total_draw_result,21_youth_antlerless_drawing_odds_report.pdf,YOUTH_ANTLERLESS_PARENT,182
2021,2022,PD1008,"Doe Pronghorn - Southwest Desert, Milford Flat -An y Legal Weapon",PRONGHORN,ANTLERLESS,PREFERENCE_POINT,Nonresident,0,0,0,0,N/A,,hunt_total_draw_result,21_youth_antlerless_drawing_odds_report.pdf,YOUTH_ANTLERLESS_PARENT,182
2021,2022,PD1012,"Doe Pronghorn - Box Elder, Promontory - Any Legal Weapon",PRONGHORN,ANTLERLESS,PREFERENCE_POINT,Resident,10,0,3,3,1 in 3.3,30.3030303,hunt_total_draw_result,21_youth_antlerless_drawing_odds_report.pdf,YOUTH_ANTLERLESS_PARENT,183
2021,2022,PD1012,"Doe Pronghorn - Box Elder, Promontory - Any Legal Weapon",PRONGHORN,ANTLERLESS,PREFERENCE_POINT,Nonresident,0,0,0,0,N/A,,hunt_total_draw_result,21_youth_antlerless_drawing_odds_report.pdf,YOUTH_ANTLERLESS_PARENT,183
2021,2022,PD1013,Cwmu Doe Pronghorn - Rabbit Creek - Any Legal Weapon,PRONGHORN,ANTLERLESS,PREFERENCE_POINT,Resident,3,0,0,0,N/A,,hunt_total_draw_result,21_youth_antlerless_drawing_odds_report.pdf,YOUTH_ANTLERLESS_PARENT,184
2021,2022,PD1013,Cwmu Doe Pronghorn - Rabbit Creek - Any Legal Weapon,PRONGHORN,ANTLERLESS,PREFERENCE_POINT,Nonresident,0,0,0,0,N/A,,hunt_total_draw_result,21_youth_antlerless_drawing_odds_report.pdf,YOUTH_ANTLERLESS_PARENT,184
2021,2022,PD1014,Cwmu Doe Pronghorn - Rlf Deep Creek - Any Legal Weapon,PRONGHORN,ANTLERLESS,PREFERENCE_POINT,Resident,8,0,0,0,N/A,,hunt_total_draw_result,21_youth_antlerless_drawing_odds_report.pdf,YOUTH_ANTLERLESS_PARENT,185
2021,2022,PD1014,Cwmu Doe Pronghorn - Rlf Deep Creek - Any Legal Weapon,PRONGHORN,ANTLERLESS,PREFERENCE_POINT,Nonresident,0,0,0,0,N/A,,hunt_total_draw_result,21_youth_antlerless_drawing_odds_report.pdf,YOUTH_ANTLERLESS_PARENT,185
2021,2022,PD1017,"Doe Pronghorn - Box Elder, West - Any Legal Weapon",PRONGHORN,ANTLERLESS,PREFERENCE_POINT,Resident,33,0,6,6,1 in 5.5,18.18181818,hunt_total_draw_result,21_youth_antlerless_drawing_odds_report.pdf,YOUTH_ANTLERLESS_PARENT,186
2021,2022,PD1017,"Doe Pronghorn - Box Elder, West - Any Legal Weapon",PRONGHORN,ANTLERLESS,PREFERENCE_POINT,Nonresident,0,0,0,0,N/A,,hunt_total_draw_result,21_youth_antlerless_drawing_odds_report.pdf,YOUTH_ANTLERLESS_PARENT,186
2021,2022,PD1018,Doe Pronghorn - Mt Dutton/paunsaugunt - Any Legal Weapon,PRONGHORN,ANTLERLESS,PREFERENCE_POINT,Resident,68,0,1,1,1 in 68.0,1.47058824,hunt_total_draw_result,21_youth_antlerless_drawing_odds_report.pdf,YOUTH_ANTLERLESS_PARENT,187
2021,2022,PD1018,Doe Pronghorn - Mt Dutton/paunsaugunt - Any Legal Weapon,PRONGHORN,ANTLERLESS,PREFERENCE_POINT,Nonresident,3,0,0,0,N/A,,hunt_total_draw_result,21_youth_antlerless_drawing_odds_report.pdf,YOUTH_ANTLERLESS_PARENT,187
2021,2022,PD1022,Cwmu Doe Pronghorn - Tl Bar Ranch - Any Legal Weapon,PRONGHORN,ANTLERLESS,PREFERENCE_POINT,Resident,3,0,0,0,N/A,,hunt_total_draw_result,21_youth_antlerless_drawing_odds_report.pdf,YOUTH_ANTLERLESS_PARENT,188
2021,2022,PD1022,Cwmu Doe Pronghorn - Tl Bar Ranch - Any Legal Weapon,PRONGHORN,ANTLERLESS,PREFERENCE_POINT,Nonresident,0,0,0,0,N/A,,hunt_total_draw_result,21_youth_antlerless_drawing_odds_report.pdf,YOUTH_ANTLERLESS_PARENT,188
2021,2022,PD1023,Cwmu Doe Pronghorn - George Creek - Any Legal Weapon,PRONGHORN,ANTLERLESS,PREFERENCE_POINT,Resident,3,0,0,0,N/A,,hunt_total_draw_result,21_youth_antlerless_drawing_odds_report.pdf,YOUTH_ANTLERLESS_PARENT,189
2021,2022,PD1023,Cwmu Doe Pronghorn - George Creek - Any Legal Weapon,PRONGHORN,ANTLERLESS,PREFERENCE_POINT,Nonresident,0,0,0,0,N/A,,hunt_total_draw_result,21_youth_antlerless_drawing_odds_report.pdf,YOUTH_ANTLERLESS_PARENT,189
2021,2022,PD1024,Cwmu Doe Pronghorn - Snowville Flat - Any Legal Weapon,PRONGHORN,ANTLERLESS,PREFERENCE_POINT,Resident,16,0,0,0,N/A,,hunt_total_draw_result,21_youth_antlerless_drawing_odds_report.pdf,YOUTH_ANTLERLESS_PARENT,190
2021,2022,PD1024,Cwmu Doe Pronghorn - Snowville Flat - Any Legal Weapon,PRONGHORN,ANTLERLESS,PREFERENCE_POINT,Nonresident,0,0,0,0,N/A,,hunt_total_draw_result,21_youth_antlerless_drawing_odds_report.pdf,YOUTH_ANTLERLESS_PARENT,190
2021,2022,PD1025,Cwmu Doe Pronghorn - Cottonwood Ridge - Any Legal Weapon,PRONGHORN,ANTLERLESS,PREFERENCE_POINT,Resident,10,0,1,1,1 in 10.0,10,hunt_total_draw_result,21_youth_antlerless_drawing_odds_report.pdf,YOUTH_ANTLERLESS_PARENT,191
2021,2022,PD1025,Cwmu Doe Pronghorn - Cottonwood Ridge - Any Legal Weapon,PRONGHORN,ANTLERLESS,PREFERENCE_POINT,Nonresident,0,0,0,0,N/A,,hunt_total_draw_result,21_youth_antlerless_drawing_odds_report.pdf,YOUTH_ANTLERLESS_PARENT,191
2021,2022,PD1026,Cwmu Doe Pronghorn - Pahvant Ensign - Any Legal Weapon,PRONGHORN,ANTLERLESS,PREFERENCE_POINT,Resident,4,0,1,1,1 in 4.0,25,hunt_total_draw_result,21_youth_antlerless_drawing_odds_report.pdf,YOUTH_ANTLERLESS_PARENT,192
2021,2022,PD1026,Cwmu Doe Pronghorn - Pahvant Ensign - Any Legal Weapon,PRONGHORN,ANTLERLESS,PREFERENCE_POINT,Nonresident,0,0,0,0,N/A,,hunt_total_draw_result,21_youth_antlerless_drawing_odds_report.pdf,YOUTH_ANTLERLESS_PARENT,192
2021,2022,PD1027,"Doe Pronghorn - Fillmore, Oak Creek South - Any Legal Weapon",PRONGHORN,ANTLERLESS,PREFERENCE_POINT,Resident,40,0,4,4,1 in 10.0,10,hunt_total_draw_result,21_youth_antlerless_drawing_odds_report.pdf,YOUTH_ANTLERLESS_PARENT,193
2021,2022,PD1027,"Doe Pronghorn - Fillmore, Oak Creek South - Any Legal Weapon",PRONGHORN,ANTLERLESS,PREFERENCE_POINT,Nonresident,2,0,0,0,N/A,,hunt_total_draw_result,21_youth_antlerless_drawing_odds_report.pdf,YOUTH_ANTLERLESS_PARENT,193
2021,2022,PD1030,"Doe Pronghorn - San Rafael, North-cleveland - Any Legal Weapon",PRONGHORN,ANTLERLESS,PREFERENCE_POINT,Resident,46,0,0,0,N/A,,hunt_total_draw_result,21_youth_antlerless_drawing_odds_report.pdf,YOUTH_ANTLERLESS_PARENT,194
2021,2022,PD1030,"Doe Pronghorn - San Rafael, North-cleveland - Any Legal Weapon",PRONGHORN,ANTLERLESS,PREFERENCE_POINT,Nonresident,0,0,0,0,N/A,,hunt_total_draw_result,21_youth_antlerless_drawing_odds_report.pdf,YOUTH_ANTLERLESS_PARENT,194
2021,2022,PD1031,Cwmu Two Doe Pronghorn - Westlake - Any Legal Weapon,PRONGHORN,ANTLERLESS,PREFERENCE_POINT,Resident,47,0,1,1,1 in 47.0,2.12765957,hunt_total_draw_result,21_youth_antlerless_drawing_odds_report.pdf,YOUTH_ANTLERLESS_PARENT,195
2021,2022,PD1031,Cwmu Two Doe Pronghorn - Westlake - Any Legal Weapon,PRONGHORN,ANTLERLESS,PREFERENCE_POINT,Nonresident,0,0,0,0,N/A,,hunt_total_draw_result,21_youth_antlerless_drawing_odds_report.pdf,YOUTH_ANTLERLESS_PARENT,195
2021,2022,PD1032,Cwmu Doe Pronghorn - Antelope Creek - Any Legal Weapon,PRONGHORN,ANTLERLESS,PREFERENCE_POINT,Resident,13,0,1,1,1 in 13.0,7.69230769,hunt_total_draw_result,21_youth_antlerless_drawing_odds_report.pdf,YOUTH_ANTLERLESS_PARENT,196
2021,2022,PD1032,Cwmu Doe Pronghorn - Antelope Creek - Any Legal Weapon,PRONGHORN,ANTLERLESS,PREFERENCE_POINT,Nonresident,0,0,0,0,N/A,,hunt_total_draw_result,21_youth_antlerless_drawing_odds_report.pdf,YOUTH_ANTLERLESS_PARENT,196
2021,2022,PD1033,"Doe Pronghorn - Central Mtns, Poison Springs Bench - Any Legal Weapon",PRONGHORN,ANTLERLESS,PREFERENCE_POINT,Resident,15,0,3,3,1 in 5.0,20,hunt_total_draw_result,21_youth_antlerless_drawing_odds_report.pdf,YOUTH_ANTLERLESS_PARENT,197
2021,2022,PD1033,"Doe Pronghorn - Central Mtns, Poison Springs Bench - Any Legal Weapon",PRONGHORN,ANTLERLESS,PREFERENCE_POINT,Nonresident,0,0,0,0,N/A,,hunt_total_draw_result,21_youth_antlerless_drawing_odds_report.pdf,YOUTH_ANTLERLESS_PARENT,197
2021,2022,PD1034,"Doe Pronghorn - Fillmore, Oak Creek South - Any Legal Weapon",PRONGHORN,ANTLERLESS,PREFERENCE_POINT,Resident,66,0,5,5,1 in 13.2,7.57575758,hunt_total_draw_result,21_youth_antlerless_drawing_odds_report.pdf,YOUTH_ANTLERLESS_PARENT,198
2021,2022,PD1034,"Doe Pronghorn - Fillmore, Oak Creek South - Any Legal Weapon",PRONGHORN,ANTLERLESS,PREFERENCE_POINT,Nonresident,6,0,0,0,N/A,,hunt_total_draw_result,21_youth_antlerless_drawing_odds_report.pdf,YOUTH_ANTLERLESS_PARENT,198
2021,2022,PD1035,"Doe Pronghorn - Fillmore, Oak Creek South - Any Legal Weapon",PRONGHORN,ANTLERLESS,PREFERENCE_POINT,Resident,89,0,4,4,1 in 22.3,4.48430493,hunt_total_draw_result,21_youth_antlerless_drawing_odds_report.pdf,YOUTH_ANTLERLESS_PARENT,199
2021,2022,PD1035,"Doe Pronghorn - Fillmore, Oak Creek South - Any Legal Weapon",PRONGHORN,ANTLERLESS,PREFERENCE_POINT,Nonresident,6,0,0,0,N/A,,hunt_total_draw_result,21_youth_antlerless_drawing_odds_report.pdf,YOUTH_ANTLERLESS_PARENT,199
2021,2022,PD1036,Doe Pronghorn - Beaver - Any Legal Weapon,PRONGHORN,ANTLERLESS,PREFERENCE_POINT,Resident,47,0,5,5,1 in 9.4,10.63829787,hunt_total_draw_result,21_youth_antlerless_drawing_odds_report.pdf,YOUTH_ANTLERLESS_PARENT,200
2021,2022,PD1036,Doe Pronghorn - Beaver - Any Legal Weapon,PRONGHORN,ANTLERLESS,PREFERENCE_POINT,Nonresident,2,0,0,0,N/A,,hunt_total_draw_result,21_youth_antlerless_drawing_odds_report.pdf,YOUTH_ANTLERLESS_PARENT,200
2021,2022,PD1037,"Doe Pronghorn - North Slope, Three Corners - Any Legal Weapon",PRONGHORN,ANTLERLESS,PREFERENCE_POINT,Resident,24,0,0,0,N/A,,hunt_total_draw_result,21_youth_antlerless_drawing_odds_report.pdf,YOUTH_ANTLERLESS_PARENT,201
2021,2022,PD1037,"Doe Pronghorn - North Slope, Three Corners - Any Legal Weapon",PRONGHORN,ANTLERLESS,PREFERENCE_POINT,Nonresident,1,0,0,0,N/A,,hunt_total_draw_result,21_youth_antlerless_drawing_odds_report.pdf,YOUTH_ANTLERLESS_PARENT,201
2021,2022,PD1038,"Doe Pronghorn - North Slope, West Daggett - Any Legal Weapon",PRONGHORN,ANTLERLESS,PREFERENCE_POINT,Resident,12,0,0,0,N/A,,hunt_total_draw_result,21_youth_antlerless_drawing_odds_report.pdf,YOUTH_ANTLERLESS_PARENT,202
2021,2022,PD1038,"Doe Pronghorn - North Slope, West Daggett - Any Legal Weapon",PRONGHORN,ANTLERLESS,PREFERENCE_POINT,Nonresident,0,0,0,0,N/A,,hunt_total_draw_result,21_youth_antlerless_drawing_odds_report.pdf,YOUTH_ANTLERLESS_PARENT,202
2021,2022,PD1039,"Doe Pronghorn - Panguitch Lake/zion, North - Any Legal Weapon",PRONGHORN,ANTLERLESS,PREFERENCE_POINT,Resident,47,0,1,1,1 in 47.0,2.12765957,hunt_total_draw_result,21_youth_antlerless_drawing_odds_report.pdf,YOUTH_ANTLERLESS_PARENT,203
2021,2022,PD1039,"Doe Pronghorn - Panguitch Lake/zion, North - Any Legal Weapon",PRONGHORN,ANTLERLESS,PREFERENCE_POINT,Nonresident,3,0,0,0,N/A,,hunt_total_draw_result,21_youth_antlerless_drawing_odds_report.pdf,YOUTH_ANTLERLESS_PARENT,203
2021,2022,PD1041,Cwmu Doe Pronghorn - Heist -An y Legal Weapon,PRONGHORN,ANTLERLESS,PREFERENCE_POINT,Resident,9,0,1,1,1 in 9.0,11.11111111,hunt_total_draw_result,21_youth_antlerless_drawing_odds_report.pdf,YOUTH_ANTLERLESS_PARENT,204
2021,2022,PD1041,Cwmu Doe Pronghorn - Heist -An y Legal Weapon,PRONGHORN,ANTLERLESS,PREFERENCE_POINT,Nonresident,0,0,0,0,N/A,,hunt_total_draw_result,21_youth_antlerless_drawing_odds_report.pdf,YOUTH_ANTLERLESS_PARENT,204
2021,2022,PD1042,Doe Pronghorn - Pine Valley - Any Legal Weapon,PRONGHORN,ANTLERLESS,PREFERENCE_POINT,Resident,13,0,5,5,1 in 2.6,38.46153846,hunt_total_draw_result,21_youth_antlerless_drawing_odds_report.pdf,YOUTH_ANTLERLESS_PARENT,205
2021,2022,PD1042,Doe Pronghorn - Pine Valley - Any Legal Weapon,PRONGHORN,ANTLERLESS,PREFERENCE_POINT,Nonresident,2,0,0,0,N/A,,hunt_total_draw_result,21_youth_antlerless_drawing_odds_report.pdf,YOUTH_ANTLERLESS_PARENT,205
2021,2022,PD1043,"Doe Pronghorn - Nine Mile, Anthro-pleasant Valley - Any Legal Weapon",PRONGHORN,ANTLERLESS,PREFERENCE_POINT,Resident,39,0,12,12,1 in 3.3,30.3030303,hunt_total_draw_result,21_youth_antlerless_drawing_odds_report.pdf,YOUTH_ANTLERLESS_PARENT,206
2021,2022,PD1043,"Doe Pronghorn - Nine Mile, Anthro-pleasant Valley - Any Legal Weapon",PRONGHORN,ANTLERLESS,PREFERENCE_POINT,Nonresident,1,0,1,1,1 in 1.0,100,hunt_total_draw_result,21_youth_antlerless_drawing_odds_report.pdf,YOUTH_ANTLERLESS_PARENT,206
2021,2022,BR1008,Book Cliffs - Pursuit,BLACK_BEAR,BEAR,BONUS_POINT,Resident,81,13,13,26,1 in 3.1,32.25806452,hunt_total_draw_result,2021 Bear Draw Results.pdf,BEAR,1
2021,2022,BR1008,Book Cliffs - Pursuit,BLACK_BEAR,BEAR,BONUS_POINT,Nonresident,3,1,1,2,1 in 1.5,66.66666667,hunt_total_draw_result,2021 Bear Draw Results.pdf,BEAR,1
2021,2022,BR1009,La Sal - Pursuit,BLACK_BEAR,BEAR,BONUS_POINT,Resident,144,7,7,14,1 in 10.3,9.70873786,hunt_total_draw_result,2021 Bear Draw Results.pdf,BEAR,2
2021,2022,BR1009,La Sal - Pursuit,BLACK_BEAR,BEAR,BONUS_POINT,Nonresident,8,0,1,1,1 in 8.0,12.5,hunt_total_draw_result,2021 Bear Draw Results.pdf,BEAR,2
2021,2022,BR1010,San Juan - Pursuit,BLACK_BEAR,BEAR,BONUS_POINT,Resident,62,3,2,5,1 in 12.4,8.06451613,hunt_total_draw_result,2021 Bear Draw Results.pdf,BEAR,3
2021,2022,BR1010,San Juan - Pursuit,BLACK_BEAR,BEAR,BONUS_POINT,Nonresident,0,0,0,0,N/A,,hunt_total_draw_result,2021 Bear Draw Results.pdf,BEAR,3
2021,2022,BR1011,Book Cliffs - Pursuit,BLACK_BEAR,BEAR,BONUS_POINT,Resident,42,13,13,26,1 in 1.6,62.5,hunt_total_draw_result,2021 Bear Draw Results.pdf,BEAR,4
2021,2022,BR1011,Book Cliffs - Pursuit,BLACK_BEAR,BEAR,BONUS_POINT,Nonresident,5,0,2,2,1 in 2.5,40,hunt_total_draw_result,2021 Bear Draw Results.pdf,BEAR,4
2021,2022,BR1012,La Sal - Pursuit,BLACK_BEAR,BEAR,BONUS_POINT,Resident,112,7,7,14,1 in 8.0,12.5,hunt_total_draw_result,2021 Bear Draw Results.pdf,BEAR,5
2021,2022,BR1012,La Sal - Pursuit,BLACK_BEAR,BEAR,BONUS_POINT,Nonresident,4,0,1,1,1 in 4.0,25,hunt_total_draw_result,2021 Bear Draw Results.pdf,BEAR,5
2021,2022,BR1013,San Juan - Pursuit,BLACK_BEAR,BEAR,BONUS_POINT,Resident,58,3,2,5,1 in 11.6,8.62068966,hunt_total_draw_result,2021 Bear Draw Results.pdf,BEAR,6
2021,2022,BR1013,San Juan - Pursuit,BLACK_BEAR,BEAR,BONUS_POINT,Nonresident,0,0,0,0,N/A,,hunt_total_draw_result,2021 Bear Draw Results.pdf,BEAR,6
2021,2022,BR1015,Book Cliffs - Pursuit,BLACK_BEAR,BEAR,BONUS_POINT,Resident,0,0,0,0,N/A,,hunt_total_draw_result,2021 Bear Draw Results.pdf,BEAR,7
2021,2022,BR1015,Book Cliffs - Pursuit,BLACK_BEAR,BEAR,BONUS_POINT,Nonresident,14,1,1,2,1 in 7.0,14.28571429,hunt_total_draw_result,2021 Bear Draw Results.pdf,BEAR,7
2021,2022,BR1016,San Juan - Pursuit,BLACK_BEAR,BEAR,BONUS_POINT,Resident,0,0,0,0,N/A,,hunt_total_draw_result,2021 Bear Draw Results.pdf,BEAR,8
2021,2022,BR1016,San Juan - Pursuit,BLACK_BEAR,BEAR,BONUS_POINT,Nonresident,14,1,1,2,1 in 7.0,14.28571429,hunt_total_draw_result,2021 Bear Draw Results.pdf,BEAR,8
2021,2022,BR1017,La Sal - Pursuit,BLACK_BEAR,BEAR,BONUS_POINT,Resident,0,0,0,0,N/A,,hunt_total_draw_result,2021 Bear Draw Results.pdf,BEAR,9
2021,2022,BR1017,La Sal - Pursuit,BLACK_BEAR,BEAR,BONUS_POINT,Nonresident,15,1,1,2,1 in 7.5,13.33333333,hunt_total_draw_result,2021 Bear Draw Results.pdf,BEAR,9
2021,2022,BR7000,Beaver - Any Legal Weapon,BLACK_BEAR,BEAR,BONUS_POINT,Resident,126,5,4,9,1 in 14.0,7.14285714,hunt_total_draw_result,2021 Bear Draw Results.pdf,BEAR,10
2021,2022,BR7000,Beaver - Any Legal Weapon,BLACK_BEAR,BEAR,BONUS_POINT,Nonresident,18,0,1,1,1 in 18.0,5.55555556,hunt_total_draw_result,2021 Bear Draw Results.pdf,BEAR,10
2021,2022,BR7001,"Book Cliffs, Bitter Creek/south - Any Legal Weapon",BLACK_BEAR,BEAR,BONUS_POINT,Resident,239,20,20,40,1 in 6.0,16.66666667,hunt_total_draw_result,2021 Bear Draw Results.pdf,BEAR,11
2021,2022,BR7001,"Book Cliffs, Bitter Creek/south - Any Legal Weapon",BLACK_BEAR,BEAR,BONUS_POINT,Nonresident,40,2,2,4,1 in 10.0,10,hunt_total_draw_result,2021 Bear Draw Results.pdf,BEAR,11
2021,2022,BR7003,"Central Mtns, Manti-north - Any Legal Weapon",BLACK_BEAR,BEAR,BONUS_POINT,Resident,98,9,8,17,1 in 5.8,17.24137931,hunt_total_draw_result,2021 Bear Draw Results.pdf,BEAR,12
2021,2022,BR7003,"Central Mtns, Manti-north - Any Legal Weapon",BLACK_BEAR,BEAR,BONUS_POINT,Nonresident,12,0,1,1,1 in 12.0,8.33333333,hunt_total_draw_result,2021 Bear Draw Results.pdf,BEAR,12
2021,2022,BR7004,"Central Mtns, Manti-south/san Rafael, North - Any Legal Weapon",BLACK_BEAR,BEAR,BONUS_POINT,Resident,193,7,6,13,1 in 14.8,6.75675676,hunt_total_draw_result,2021 Bear Draw Results.pdf,BEAR,13
2021,2022,BR7004,"Central Mtns, Manti-south/san Rafael, North - Any Legal Weapon",BLACK_BEAR,BEAR,BONUS_POINT,Nonresident,11,0,1,1,1 in 11.0,9.09090909,hunt_total_draw_result,2021 Bear Draw Results.pdf,BEAR,13
2021,2022,BR7005,"Central Mtns, Nebo - Any Legal Weapon",BLACK_BEAR,BEAR,BONUS_POINT,Resident,143,6,5,11,1 in 13.0,7.69230769,hunt_total_draw_result,2021 Bear Draw Results.pdf,BEAR,14
2021,2022,BR7005,"Central Mtns, Nebo - Any Legal Weapon",BLACK_BEAR,BEAR,BONUS_POINT,Nonresident,9,0,1,1,1 in 9.0,11.11111111,hunt_total_draw_result,2021 Bear Draw Results.pdf,BEAR,14
2021,2022,BR7007,"Fillmore, Pahvant - Any Legal Weapon",BLACK_BEAR,BEAR,BONUS_POINT,Resident,17,0,1,1,1 in 17.0,5.88235294,hunt_total_draw_result,2021 Bear Draw Results.pdf,BEAR,15
2021,2022,BR7007,"Fillmore, Pahvant - Any Legal Weapon",BLACK_BEAR,BEAR,BONUS_POINT,Nonresident,0,0,0,0,N/A,,hunt_total_draw_result,2021 Bear Draw Results.pdf,BEAR,15
2021,2022,BR7008,La Sal - Any Legal Weapon,BLACK_BEAR,BEAR,BONUS_POINT,Resident,610,20,20,40,1 in 15.3,6.53594771,hunt_total_draw_result,2021 Bear Draw Results.pdf,BEAR,16
2021,2022,BR7008,La Sal - Any Legal Weapon,BLACK_BEAR,BEAR,BONUS_POINT,Nonresident,88,2,1,3,1 in 29.3,3.41296928,hunt_total_draw_result,2021 Bear Draw Results.pdf,BEAR,16
2021,2022,BR7009,Mt Dutton - Any Legal Weapon,BLACK_BEAR,BEAR,BONUS_POINT,Resident,11,2,1,3,1 in 3.7,27.02702703,hunt_total_draw_result,2021 Bear Draw Results.pdf,BEAR,17
2021,2022,BR7009,Mt Dutton - Any Legal Weapon,BLACK_BEAR,BEAR,BONUS_POINT,Nonresident,0,0,0,0,N/A,,hunt_total_draw_result,2021 Bear Draw Results.pdf,BEAR,17
2021,2022,BR7010,Panguitch Lake/zion - Any Legal Weapon,BLACK_BEAR,BEAR,BONUS_POINT,Resident,55,5,4,9,1 in 6.1,16.39344262,hunt_total_draw_result,2021 Bear Draw Results.pdf,BEAR,18
2021,2022,BR7010,Panguitch Lake/zion - Any Legal Weapon,BLACK_BEAR,BEAR,BONUS_POINT,Nonresident,0,0,0,0,N/A,,hunt_total_draw_result,2021 Bear Draw Results.pdf,BEAR,18
2021,2022,BR7011,Paunsaugunt - Any Legal Weapon,BLACK_BEAR,BEAR,BONUS_POINT,Resident,28,2,1,3,1 in 9.3,10.75268817,hunt_total_draw_result,2021 Bear Draw Results.pdf,BEAR,19
2021,2022,BR7011,Paunsaugunt - Any Legal Weapon,BLACK_BEAR,BEAR,BONUS_POINT,Nonresident,0,0,0,0,N/A,,hunt_total_draw_result,2021 Bear Draw Results.pdf,BEAR,19
2021,2022,BR7012,"Plateau, Boulder/kaiparowits - Any Legal Weapon",BLACK_BEAR,BEAR,BONUS_POINT,Resident,94,13,13,26,1 in 3.6,27.77777778,hunt_total_draw_result,2021 Bear Draw Results.pdf,BEAR,20
2021,2022,BR7012,"Plateau, Boulder/kaiparowits - Any Legal Weapon",BLACK_BEAR,BEAR,BONUS_POINT,Nonresident,18,1,1,2,1 in 9.0,11.11111111,hunt_total_draw_result,2021 Bear Draw Results.pdf,BEAR,20
2021,2022,BR7013,"Plateau, Fishlake/thousand Lakes - Any Legal Weapon",BLACK_BEAR,BEAR,BONUS_POINT,Resident,46,2,2,4,1 in 11.5,8.69565217,hunt_total_draw_result,2021 Bear Draw Results.pdf,BEAR,21
2021,2022,BR7013,"Plateau, Fishlake/thousand Lakes - Any Legal Weapon",BLACK_BEAR,BEAR,BONUS_POINT,Nonresident,0,0,0,0,N/A,,hunt_total_draw_result,2021 Bear Draw Results.pdf,BEAR,21
2021,2022,BR7014,San Juan - Any Legal Weapon,BLACK_BEAR,BEAR,BONUS_POINT,Resident,390,20,20,40,1 in 9.8,10.20408163,hunt_total_draw_result,2021 Bear Draw Results.pdf,BEAR,22
2021,2022,BR7014,San Juan - Any Legal Weapon,BLACK_BEAR,BEAR,BONUS_POINT,Nonresident,55,2,1,3,1 in 18.3,5.46448087,hunt_total_draw_result,2021 Bear Draw Results.pdf,BEAR,22
2021,2022,BR7015,"South Slope, Bonanza/diamond Mtn/vernal - Any Legal Weapon",BLACK_BEAR,BEAR,BONUS_POINT,Resident,86,6,5,11,1 in 7.8,12.82051282,hunt_total_draw_result,2021 Bear Draw Results.pdf,BEAR,23
2021,2022,BR7015,"South Slope, Bonanza/diamond Mtn/vernal - Any Legal Weapon",BLACK_BEAR,BEAR,BONUS_POINT,Nonresident,16,0,1,1,1 in 16.0,6.25,hunt_total_draw_result,2021 Bear Draw Results.pdf,BEAR,23
2021,2022,BR7016,"Wasatch Mtns, West-central - Any Legal Weapon",BLACK_BEAR,BEAR,BONUS_POINT,Resident,234,17,17,34,1 in 6.9,14.49275362,hunt_total_draw_result,2021 Bear Draw Results.pdf,BEAR,24
2021,2022,BR7016,"Wasatch Mtns, West-central - Any Legal Weapon",BLACK_BEAR,BEAR,BONUS_POINT,Nonresident,13,2,1,3,1 in 4.3,23.25581395,hunt_total_draw_result,2021 Bear Draw Results.pdf,BEAR,24
2021,2022,BR7017,Cache/ogden - Any Legal Weapon,BLACK_BEAR,BEAR,BONUS_POINT,Resident,56,0,1,1,1 in 56.0,1.78571429,hunt_total_draw_result,2021 Bear Draw Results.pdf,BEAR,25
2021,2022,BR7017,Cache/ogden - Any Legal Weapon,BLACK_BEAR,BEAR,BONUS_POINT,Nonresident,0,0,0,0,N/A,,hunt_total_draw_result,2021 Bear Draw Results.pdf,BEAR,25
2021,2022,BR7018,"Kamas/north Slope, Summit - Any Legal Weapon",BLACK_BEAR,BEAR,BONUS_POINT,Resident,55,4,3,7,1 in 7.9,12.65822785,hunt_total_draw_result,2021 Bear Draw Results.pdf,BEAR,26
2021,2022,BR7018,"Kamas/north Slope, Summit - Any Legal Weapon",BLACK_BEAR,BEAR,BONUS_POINT,Nonresident,0,0,0,0,N/A,,hunt_total_draw_result,2021 Bear Draw Results.pdf,BEAR,26
2021,2022,BR7100,Beaver - Any Legal Weapon,BLACK_BEAR,BEAR,BONUS_POINT,Resident,147,5,4,9,1 in 16.3,6.13496933,hunt_total_draw_result,2021 Bear Draw Results.pdf,BEAR,27
2021,2022,BR7100,Beaver - Any Legal Weapon,BLACK_BEAR,BEAR,BONUS_POINT,Nonresident,6,0,1,1,1 in 6.0,16.66666667,hunt_total_draw_result,2021 Bear Draw Results.pdf,BEAR,27
2021,2022,BR7101,"Book Cliffs, Bitter Creek/south - Any Legal Weapon",BLACK_BEAR,BEAR,BONUS_POINT,Resident,101,7,7,14,1 in 7.2,13.88888889,hunt_total_draw_result,2021 Bear Draw Results.pdf,BEAR,28
2021,2022,BR7101,"Book Cliffs, Bitter Creek/south - Any Legal Weapon",BLACK_BEAR,BEAR,BONUS_POINT,Nonresident,8,0,1,1,1 in 8.0,12.5,hunt_total_draw_result,2021 Bear Draw Results.pdf,BEAR,28
2021,2022,BR7102,"Book Cliffs, Little Creek Roadless - Any Legal Weapon",BLACK_BEAR,BEAR,BONUS_POINT,Resident,40,1,1,2,1 in 20.0,5,hunt_total_draw_result,2021 Bear Draw Results.pdf,BEAR,29
2021,2022,BR7102,"Book Cliffs, Little Creek Roadless - Any Legal Weapon",BLACK_BEAR,BEAR,BONUS_POINT,Nonresident,0,0,0,0,N/A,,hunt_total_draw_result,2021 Bear Draw Results.pdf,BEAR,29
2021,2022,BR7104,"Central Mtns, Manti-north - Any Legal Weapon",BLACK_BEAR,BEAR,BONUS_POINT,Resident,209,6,6,12,1 in 17.4,5.74712644,hunt_total_draw_result,2021 Bear Draw Results.pdf,BEAR,30
2021,2022,BR7104,"Central Mtns, Manti-north - Any Legal Weapon",BLACK_BEAR,BEAR,BONUS_POINT,Nonresident,5,0,1,1,1 in 5.0,20,hunt_total_draw_result,2021 Bear Draw Results.pdf,BEAR,30
2021,2022,BR7105,"Central Mtns, Manti-south/san Rafael, North - Any Legal Weapon",BLACK_BEAR,BEAR,BONUS_POINT,Resident,283,7,6,13,1 in 21.8,4.58715596,hunt_total_draw_result,2021 Bear Draw Results.pdf,BEAR,31
2021,2022,BR7105,"Central Mtns, Manti-south/san Rafael, North - Any Legal Weapon",BLACK_BEAR,BEAR,BONUS_POINT,Nonresident,11,0,1,1,1 in 11.0,9.09090909,hunt_total_draw_result,2021 Bear Draw Results.pdf,BEAR,31
2021,2022,BR7106,"Central Mtns, Nebo - Any Legal Weapon",BLACK_BEAR,BEAR,BONUS_POINT,Resident,291,5,5,10,1 in 29.1,3.43642612,hunt_total_draw_result,2021 Bear Draw Results.pdf,BEAR,32
2021,2022,BR7106,"Central Mtns, Nebo - Any Legal Weapon",BLACK_BEAR,BEAR,BONUS_POINT,Nonresident,8,0,1,1,1 in 8.0,12.5,hunt_total_draw_result,2021 Bear Draw Results.pdf,BEAR,32
2021,2022,BR7108,La Sal - Any Legal Weapon,BLACK_BEAR,BEAR,BONUS_POINT,Resident,227,13,12,25,1 in 9.1,10.98901099,hunt_total_draw_result,2021 Bear Draw Results.pdf,BEAR,33
2021,2022,BR7108,La Sal - Any Legal Weapon,BLACK_BEAR,BEAR,BONUS_POINT,Nonresident,22,1,1,2,1 in 11.0,9.09090909,hunt_total_draw_result,2021 Bear Draw Results.pdf,BEAR,33
2021,2022,BR7109,Mt Dutton - Any Legal Weapon,BLACK_BEAR,BEAR,BONUS_POINT,Resident,22,2,1,3,1 in 7.3,13.69863014,hunt_total_draw_result,2021 Bear Draw Results.pdf,BEAR,34
2021,2022,BR7109,Mt Dutton - Any Legal Weapon,BLACK_BEAR,BEAR,BONUS_POINT,Nonresident,0,0,0,0,N/A,,hunt_total_draw_result,2021 Bear Draw Results.pdf,BEAR,34
2021,2022,BR7110,Nine Mile - Any Legal Weapon,BLACK_BEAR,BEAR,BONUS_POINT,Resident,79,7,6,13,1 in 6.1,16.39344262,hunt_total_draw_result,2021 Bear Draw Results.pdf,BEAR,35
2021,2022,BR7110,Nine Mile - Any Legal Weapon,BLACK_BEAR,BEAR,BONUS_POINT,Nonresident,2,0,1,1,1 in 2.0,50,hunt_total_draw_result,2021 Bear Draw Results.pdf,BEAR,35
2021,2022,BR7111,"North Slope, Three Corners/west Daggett - Any Legal Weapon",BLACK_BEAR,BEAR,BONUS_POINT,Resident,54,2,1,3,1 in 18.0,5.55555556,hunt_total_draw_result,2021 Bear Draw Results.pdf,BEAR,36
2021,2022,BR7111,"North Slope, Three Corners/west Daggett - Any Legal Weapon",BLACK_BEAR,BEAR,BONUS_POINT,Nonresident,0,0,0,0,N/A,,hunt_total_draw_result,2021 Bear Draw Results.pdf,BEAR,36
2021,2022,BR7112,Panguitch Lake/zion - Any Legal Weapon,BLACK_BEAR,BEAR,BONUS_POINT,Resident,41,2,2,4,1 in 10.3,9.70873786,hunt_total_draw_result,2021 Bear Draw Results.pdf,BEAR,37
2021,2022,BR7112,Panguitch Lake/zion - Any Legal Weapon,BLACK_BEAR,BEAR,BONUS_POINT,Nonresident,0,0,0,0,N/A,,hunt_total_draw_result,2021 Bear Draw Results.pdf,BEAR,37
2021,2022,BR7113,Paunsaugunt - Any Legal Weapon,BLACK_BEAR,BEAR,BONUS_POINT,Resident,28,2,1,3,1 in 9.3,10.75268817,hunt_total_draw_result,2021 Bear Draw Results.pdf,BEAR,38
2021,2022,BR7113,Paunsaugunt - Any Legal Weapon,BLACK_BEAR,BEAR,BONUS_POINT,Nonresident,0,0,0,0,N/A,,hunt_total_draw_result,2021 Bear Draw Results.pdf,BEAR,38
2021,2022,BR7114,"Plateau, Boulder/kaiparowits - Any Legal Weapon",BLACK_BEAR,BEAR,BONUS_POINT,Resident,148,9,9,18,1 in 8.2,12.19512195,hunt_total_draw_result,2021 Bear Draw Results.pdf,BEAR,39
2021,2022,BR7114,"Plateau, Boulder/kaiparowits - Any Legal Weapon",BLACK_BEAR,BEAR,BONUS_POINT,Nonresident,14,1,1,2,1 in 7.0,14.28571429,hunt_total_draw_result,2021 Bear Draw Results.pdf,BEAR,39
2021,2022,BR7115,"Plateau, Fishlake/thousand Lakes - Any Legal Weapon",BLACK_BEAR,BEAR,BONUS_POINT,Resident,103,2,2,4,1 in 25.8,3.87596899,hunt_total_draw_result,2021 Bear Draw Results.pdf,BEAR,40
2021,2022,BR7115,"Plateau, Fishlake/thousand Lakes - Any Legal Weapon",BLACK_BEAR,BEAR,BONUS_POINT,Nonresident,0,0,0,0,N/A,,hunt_total_draw_result,2021 Bear Draw Results.pdf,BEAR,40
2021,2022,BR7116,San Juan - Any Legal Weapon,BLACK_BEAR,BEAR,BONUS_POINT,Resident,184,13,12,25,1 in 7.4,13.51351351,hunt_total_draw_result,2021 Bear Draw Results.pdf,BEAR,41
2021,2022,BR7116,San Juan - Any Legal Weapon,BLACK_BEAR,BEAR,BONUS_POINT,Nonresident,13,1,1,2,1 in 6.5,15.38461538,hunt_total_draw_result,2021 Bear Draw Results.pdf,BEAR,41
2021,2022,BR7117,"South Slope, Bonanza/diamond Mtn/vernal - Any Legal Weapon",BLACK_BEAR,BEAR,BONUS_POINT,Resident,124,5,4,9,1 in 13.8,7.24637681,hunt_total_draw_result,2021 Bear Draw Results.pdf,BEAR,42
2021,2022,BR7117,"South Slope, Bonanza/diamond Mtn/vernal - Any Legal Weapon",BLACK_BEAR,BEAR,BONUS_POINT,Nonresident,0,0,0,0,N/A,,hunt_total_draw_result,2021 Bear Draw Results.pdf,BEAR,42
2021,2022,BR7118,"South Slope, Yellowstone - Any Legal Weapon",BLACK_BEAR,BEAR,BONUS_POINT,Resident,76,3,3,6,1 in 12.7,7.87401575,hunt_total_draw_result,2021 Bear Draw Results.pdf,BEAR,43
2021,2022,BR7118,"South Slope, Yellowstone - Any Legal Weapon",BLACK_BEAR,BEAR,BONUS_POINT,Nonresident,0,0,0,0,N/A,,hunt_total_draw_result,2021 Bear Draw Results.pdf,BEAR,43
2021,2022,BR7119,"Wasatch Mtns, Avintaquin/currant Creek - Any Legal Weapon",BLACK_BEAR,BEAR,BONUS_POINT,Resident,165,3,2,5,1 in 33.0,3.03030303,hunt_total_draw_result,2021 Bear Draw Results.pdf,BEAR,44
2021,2022,BR7119,"Wasatch Mtns, Avintaquin/currant Creek - Any Legal Weapon",BLACK_BEAR,BEAR,BONUS_POINT,Nonresident,0,0,0,0,N/A,,hunt_total_draw_result,2021 Bear Draw Results.pdf,BEAR,44
2021,2022,BR7120,"Wasatch Mtns, West-central - Any Legal Weapon",BLACK_BEAR,BEAR,BONUS_POINT,Resident,512,11,10,21,1 in 24.4,4.09836066,hunt_total_draw_result,2021 Bear Draw Results.pdf,BEAR,45
2021,2022,BR7120,"Wasatch Mtns, West-central - Any Legal Weapon",BLACK_BEAR,BEAR,BONUS_POINT,Nonresident,19,0,1,1,1 in 19.0,5.26315789,hunt_total_draw_result,2021 Bear Draw Results.pdf,BEAR,45
2021,2022,BR7121,Cache/ogden - Any Legal Weapon,BLACK_BEAR,BEAR,BONUS_POINT,Resident,35,0,1,1,1 in 35.0,2.85714286,hunt_total_draw_result,2021 Bear Draw Results.pdf,BEAR,46
2021,2022,BR7121,Cache/ogden - Any Legal Weapon,BLACK_BEAR,BEAR,BONUS_POINT,Nonresident,0,0,0,0,N/A,,hunt_total_draw_result,2021 Bear Draw Results.pdf,BEAR,46
2021,2022,BR7122,Chalk Creek/east Canyon/morgan-south Rich - Any Legal Weapon,BLACK_BEAR,BEAR,BONUS_POINT,Resident,79,3,3,6,1 in 13.2,7.57575758,hunt_total_draw_result,2021 Bear Draw Results.pdf,BEAR,47
2021,2022,BR7122,Chalk Creek/east Canyon/morgan-south Rich - Any Legal Weapon,BLACK_BEAR,BEAR,BONUS_POINT,Nonresident,0,0,0,0,N/A,,hunt_total_draw_result,2021 Bear Draw Results.pdf,BEAR,47
2021,2022,BR7123,"Kamas/north Slope, Summit - Any Legal Weapon",BLACK_BEAR,BEAR,BONUS_POINT,Resident,131,4,4,8,1 in 16.4,6.09756098,hunt_total_draw_result,2021 Bear Draw Results.pdf,BEAR,48
2021,2022,BR7123,"Kamas/north Slope, Summit - Any Legal Weapon",BLACK_BEAR,BEAR,BONUS_POINT,Nonresident,0,0,0,0,N/A,,hunt_total_draw_result,2021 Bear Draw Results.pdf,BEAR,48
2021,2022,BR7200,Beaver - Any Legal Weapon,BLACK_BEAR,BEAR,BONUS_POINT,Resident,122,3,3,6,1 in 20.3,4.92610837,hunt_total_draw_result,2021 Bear Draw Results.pdf,BEAR,49
2021,2022,BR7200,Beaver - Any Legal Weapon,BLACK_BEAR,BEAR,BONUS_POINT,Nonresident,0,0,0,0,N/A,,hunt_total_draw_result,2021 Bear Draw Results.pdf,BEAR,49
2021,2022,BR7201,"Book Cliffs, Bitter Creek/south - Any Legal Weapon",BLACK_BEAR,BEAR,BONUS_POINT,Resident,104,7,7,14,1 in 7.4,13.51351351,hunt_total_draw_result,2021 Bear Draw Results.pdf,BEAR,50
2021,2022,BR7201,"Book Cliffs, Bitter Creek/south - Any Legal Weapon",BLACK_BEAR,BEAR,BONUS_POINT,Nonresident,14,0,1,1,1 in 14.0,7.14285714,hunt_total_draw_result,2021 Bear Draw Results.pdf,BEAR,50
2021,2022,BR7203,"Central Mtns, Manti-north - Any Legal Weapon",BLACK_BEAR,BEAR,BONUS_POINT,Resident,121,5,5,10,1 in 12.1,8.26446281,hunt_total_draw_result,2021 Bear Draw Results.pdf,BEAR,51
2021,2022,BR7203,"Central Mtns, Manti-north - Any Legal Weapon",BLACK_BEAR,BEAR,BONUS_POINT,Nonresident,5,0,1,1,1 in 5.0,20,hunt_total_draw_result,2021 Bear Draw Results.pdf,BEAR,51
2021,2022,BR7204,"Central Mtns, Manti-south/san Rafael, North - Any Legal Weapon",BLACK_BEAR,BEAR,BONUS_POINT,Resident,210,7,6,13,1 in 16.2,6.17283951,hunt_total_draw_result,2021 Bear Draw Results.pdf,BEAR,52
2021,2022,BR7204,"Central Mtns, Manti-south/san Rafael, North - Any Legal Weapon",BLACK_BEAR,BEAR,BONUS_POINT,Nonresident,11,0,1,1,1 in 11.0,9.09090909,hunt_total_draw_result,2021 Bear Draw Results.pdf,BEAR,52
2021,2022,BR7205,"Central Mtns, Nebo - Any Legal Weapon",BLACK_BEAR,BEAR,BONUS_POINT,Resident,160,2,2,4,1 in 40.0,2.5,hunt_total_draw_result,2021 Bear Draw Results.pdf,BEAR,53
2021,2022,BR7205,"Central Mtns, Nebo - Any Legal Weapon",BLACK_BEAR,BEAR,BONUS_POINT,Nonresident,0,0,0,0,N/A,,hunt_total_draw_result,2021 Bear Draw Results.pdf,BEAR,53
2021,2022,BR7207,"Fillmore, Pahvant - Any Legal Weapon",BLACK_BEAR,BEAR,BONUS_POINT,Resident,24,0,1,1,1 in 24.0,4.16666667,hunt_total_draw_result,2021 Bear Draw Results.pdf,BEAR,54
2021,2022,BR7207,"Fillmore, Pahvant - Any Legal Weapon",BLACK_BEAR,BEAR,BONUS_POINT,Nonresident,0,0,0,0,N/A,,hunt_total_draw_result,2021 Bear Draw Results.pdf,BEAR,54
2021,2022,BR7208,La Sal - Any Legal Weapon,BLACK_BEAR,BEAR,BONUS_POINT,Resident,240,3,3,6,1 in 40.0,2.5,hunt_total_draw_result,2021 Bear Draw Results.pdf,BEAR,55
2021,2022,BR7208,La Sal - Any Legal Weapon,BLACK_BEAR,BEAR,BONUS_POINT,Nonresident,0,0,0,0,N/A,,hunt_total_draw_result,2021 Bear Draw Results.pdf,BEAR,55
2021,2022,BR7209,Monroe - Any Legal Weapon,BLACK_BEAR,BEAR,BONUS_POINT,Resident,49,0,1,1,1 in 49.0,2.04081633,hunt_total_draw_result,2021 Bear Draw Results.pdf,BEAR,56
2021,2022,BR7209,Monroe - Any Legal Weapon,BLACK_BEAR,BEAR,BONUS_POINT,Nonresident,0,0,0,0,N/A,,hunt_total_draw_result,2021 Bear Draw Results.pdf,BEAR,56
2021,2022,BR7210,Mt Dutton - Any Legal Weapon,BLACK_BEAR,BEAR,BONUS_POINT,Resident,21,1,1,2,1 in 10.5,9.52380952,hunt_total_draw_result,2021 Bear Draw Results.pdf,BEAR,57
2021,2022,BR7210,Mt Dutton - Any Legal Weapon,BLACK_BEAR,BEAR,BONUS_POINT,Nonresident,0,0,0,0,N/A,,hunt_total_draw_result,2021 Bear Draw Results.pdf,BEAR,57
2021,2022,BR7211,Nine Mile - Any Legal Weapon,BLACK_BEAR,BEAR,BONUS_POINT,Resident,75,13,12,25,1 in 3.0,33.33333333,hunt_total_draw_result,2021 Bear Draw Results.pdf,BEAR,58
2021,2022,BR7211,Nine Mile - Any Legal Weapon,BLACK_BEAR,BEAR,BONUS_POINT,Nonresident,16,1,1,2,1 in 8.0,12.5,hunt_total_draw_result,2021 Bear Draw Results.pdf,BEAR,58
2021,2022,BR7212,"North Slope, Three Corners/west Daggett - Any Legal Weapon",BLACK_BEAR,BEAR,BONUS_POINT,Resident,20,1,1,2,1 in 10.0,10,hunt_total_draw_result,2021 Bear Draw Results.pdf,BEAR,59
2021,2022,BR7212,"North Slope, Three Corners/west Daggett - Any Legal Weapon",BLACK_BEAR,BEAR,BONUS_POINT,Nonresident,0,0,0,0,N/A,,hunt_total_draw_result,2021 Bear Draw Results.pdf,BEAR,59
2021,2022,BR7213,Panguitch Lake/zion - Any Legal Weapon,BLACK_BEAR,BEAR,BONUS_POINT,Resident,56,4,4,8,1 in 7.0,14.28571429,hunt_total_draw_result,2021 Bear Draw Results.pdf,BEAR,60
2021,2022,BR7213,Panguitch Lake/zion - Any Legal Weapon,BLACK_BEAR,BEAR,BONUS_POINT,Nonresident,0,0,0,0,N/A,,hunt_total_draw_result,2021 Bear Draw Results.pdf,BEAR,60
2021,2022,BR7214,Paunsaugunt - Any Legal Weapon,BLACK_BEAR,BEAR,BONUS_POINT,Resident,20,2,1,3,1 in 6.7,14.92537313,hunt_total_draw_result,2021 Bear Draw Results.pdf,BEAR,61
2021,2022,BR7214,Paunsaugunt - Any Legal Weapon,BLACK_BEAR,BEAR,BONUS_POINT,Nonresident,0,0,0,0,N/A,,hunt_total_draw_result,2021 Bear Draw Results.pdf,BEAR,61
2021,2022,BR7215,"Plateau, Boulder/kaiparowits - Any Legal Weapon",BLACK_BEAR,BEAR,BONUS_POINT,Resident,90,4,4,8,1 in 11.3,8.84955752,hunt_total_draw_result,2021 Bear Draw Results.pdf,BEAR,62
2021,2022,BR7215,"Plateau, Boulder/kaiparowits - Any Legal Weapon",BLACK_BEAR,BEAR,BONUS_POINT,Nonresident,5,0,1,1,1 in 5.0,20,hunt_total_draw_result,2021 Bear Draw Results.pdf,BEAR,62
2021,2022,BR7216,"Plateau, Fishlake/thousand Lakes - Any Legal Weapon",BLACK_BEAR,BEAR,BONUS_POINT,Resident,78,2,2,4,1 in 19.5,5.12820513,hunt_total_draw_result,2021 Bear Draw Results.pdf,BEAR,63
2021,2022,BR7216,"Plateau, Fishlake/thousand Lakes - Any Legal Weapon",BLACK_BEAR,BEAR,BONUS_POINT,Nonresident,0,0,0,0,N/A,,hunt_total_draw_result,2021 Bear Draw Results.pdf,BEAR,63
2021,2022,BR7217,San Juan - Any Legal Weapon,BLACK_BEAR,BEAR,BONUS_POINT,Resident,163,3,3,6,1 in 27.2,3.67647059,hunt_total_draw_result,2021 Bear Draw Results.pdf,BEAR,64
2021,2022,BR7217,San Juan - Any Legal Weapon,BLACK_BEAR,BEAR,BONUS_POINT,Nonresident,0,0,0,0,N/A,,hunt_total_draw_result,2021 Bear Draw Results.pdf,BEAR,64
2021,2022,BR7218,"South Slope, Bonanza/diamond Mtn/vernal - Any Legal Weapon",BLACK_BEAR,BEAR,BONUS_POINT,Resident,94,4,3,7,1 in 13.4,7.46268657,hunt_total_draw_result,2021 Bear Draw Results.pdf,BEAR,65
2021,2022,BR7218,"South Slope, Bonanza/diamond Mtn/vernal - Any Legal Weapon",BLACK_BEAR,BEAR,BONUS_POINT,Nonresident,0,0,0,0,N/A,,hunt_total_draw_result,2021 Bear Draw Results.pdf,BEAR,65
2021,2022,BR7219,"South Slope, Yellowstone - Any Legal Weapon",BLACK_BEAR,BEAR,BONUS_POINT,Resident,52,2,2,4,1 in 13.0,7.69230769,hunt_total_draw_result,2021 Bear Draw Results.pdf,BEAR,66
2021,2022,BR7219,"South Slope, Yellowstone - Any Legal Weapon",BLACK_BEAR,BEAR,BONUS_POINT,Nonresident,0,0,0,0,N/A,,hunt_total_draw_result,2021 Bear Draw Results.pdf,BEAR,66
2021,2022,BR7220,"Wasatch Mtns, Avintaquin/currant Creek - Any Legal Weapon",BLACK_BEAR,BEAR,BONUS_POINT,Resident,109,5,4,9,1 in 12.1,8.26446281,hunt_total_draw_result,2021 Bear Draw Results.pdf,BEAR,67
2021,2022,BR7220,"Wasatch Mtns, Avintaquin/currant Creek - Any Legal Weapon",BLACK_BEAR,BEAR,BONUS_POINT,Nonresident,0,0,0,0,N/A,,hunt_total_draw_result,2021 Bear Draw Results.pdf,BEAR,67
2021,2022,BR7221,"Wasatch Mtns, West-central - Any Legal Weapon",BLACK_BEAR,BEAR,BONUS_POINT,Resident,216,4,4,8,1 in 27.0,3.7037037,hunt_total_draw_result,2021 Bear Draw Results.pdf,BEAR,68
2021,2022,BR7221,"Wasatch Mtns, West-central - Any Legal Weapon",BLACK_BEAR,BEAR,BONUS_POINT,Nonresident,0,0,0,0,N/A,,hunt_total_draw_result,2021 Bear Draw Results.pdf,BEAR,68
2021,2022,BR7224,"Book Cliffs, Little Creek Roadless - Any Legal Weapon",BLACK_BEAR,BEAR,BONUS_POINT,Resident,80,5,4,9,1 in 8.9,11.23595506,hunt_total_draw_result,2021 Bear Draw Results.pdf,BEAR,69
2021,2022,BR7224,"Book Cliffs, Little Creek Roadless - Any Legal Weapon",BLACK_BEAR,BEAR,BONUS_POINT,Nonresident,0,0,0,0,N/A,,hunt_total_draw_result,2021 Bear Draw Results.pdf,BEAR,69
2021,2022,BR7225,"Book Cliffs, Little Creek Roadless - Any Legal Weapon",BLACK_BEAR,BEAR,BONUS_POINT,Resident,25,5,4,9,1 in 2.8,35.71428571,hunt_total_draw_result,2021 Bear Draw Results.pdf,BEAR,70
2021,2022,BR7225,"Book Cliffs, Little Creek Roadless - Any Legal Weapon",BLACK_BEAR,BEAR,BONUS_POINT,Nonresident,2,0,1,1,1 in 2.0,50,hunt_total_draw_result,2021 Bear Draw Results.pdf,BEAR,70
2021,2022,BR7226,La Sal - Any Legal Weapon,BLACK_BEAR,BEAR,BONUS_POINT,Resident,138,34,34,68,1 in 2.0,50,hunt_total_draw_result,2021 Bear Draw Results.pdf,BEAR,71
2021,2022,BR7226,La Sal - Any Legal Weapon,BLACK_BEAR,BEAR,BONUS_POINT,Nonresident,9,3,4,7,1 in 1.3,76.92307692,hunt_total_draw_result,2021 Bear Draw Results.pdf,BEAR,71
2021,2022,BR7227,San Juan - Any Legal Weapon,BLACK_BEAR,BEAR,BONUS_POINT,Resident,41,17,24,41,1 in 1.0,100,hunt_total_draw_result,2021 Bear Draw Results.pdf,BEAR,72
2021,2022,BR7227,San Juan - Any Legal Weapon,BLACK_BEAR,BEAR,BONUS_POINT,Nonresident,3,0,3,3,1 in 1.0,100,hunt_total_draw_result,2021 Bear Draw Results.pdf,BEAR,72
2021,2022,BR7228,Cache/ogden - Any Legal Weapon,BLACK_BEAR,BEAR,BONUS_POINT,Resident,24,0,1,1,1 in 24.0,4.16666667,hunt_total_draw_result,2021 Bear Draw Results.pdf,BEAR,73
2021,2022,BR7228,Cache/ogden - Any Legal Weapon,BLACK_BEAR,BEAR,BONUS_POINT,Nonresident,0,0,0,0,N/A,,hunt_total_draw_result,2021 Bear Draw Results.pdf,BEAR,73
2021,2022,BR7229,"Kamas/north Slope, Summit - Any Legal Weapon",BLACK_BEAR,BEAR,BONUS_POINT,Resident,44,3,3,6,1 in 7.3,13.69863014,hunt_total_draw_result,2021 Bear Draw Results.pdf,BEAR,74
2021,2022,BR7229,"Kamas/north Slope, Summit - Any Legal Weapon",BLACK_BEAR,BEAR,BONUS_POINT,Nonresident,0,0,0,0,N/A,,hunt_total_draw_result,2021 Bear Draw Results.pdf,BEAR,74
2021,2022,BR7230,Cache/ogden - Any Legal Weapon,BLACK_BEAR,BEAR,BONUS_POINT,Resident,14,3,2,5,1 in 2.8,35.71428571,hunt_total_draw_result,2021 Bear Draw Results.pdf,BEAR,75
2021,2022,BR7230,Cache/ogden - Any Legal Weapon,BLACK_BEAR,BEAR,BONUS_POINT,Nonresident,0,0,0,0,N/A,,hunt_total_draw_result,2021 Bear Draw Results.pdf,BEAR,75
2021,2022,BR7231,"Central Mtns, Manti-north - Any Legal Weapon",BLACK_BEAR,BEAR,BONUS_POINT,Resident,14,9,5,14,1 in 1.0,100,hunt_total_draw_result,2021 Bear Draw Results.pdf,BEAR,76
2021,2022,BR7231,"Central Mtns, Manti-north - Any Legal Weapon",BLACK_BEAR,BEAR,BONUS_POINT,Nonresident,0,0,0,0,N/A,,hunt_total_draw_result,2021 Bear Draw Results.pdf,BEAR,76
2021,2022,BR7232,"Central Mtns, Manti-south/san Rafael, North - Any Legal Weapon",BLACK_BEAR,BEAR,BONUS_POINT,Resident,24,9,12,21,1 in 1.1,90.90909091,hunt_total_draw_result,2021 Bear Draw Results.pdf,BEAR,77
2021,2022,BR7232,"Central Mtns, Manti-south/san Rafael, North - Any Legal Weapon",BLACK_BEAR,BEAR,BONUS_POINT,Nonresident,1,0,1,1,1 in 1.0,100,hunt_total_draw_result,2021 Bear Draw Results.pdf,BEAR,77
2021,2022,BR7233,"Central Mtns, Nebo - Any Legal Weapon",BLACK_BEAR,BEAR,BONUS_POINT,Resident,62,10,9,19,1 in 3.3,30.3030303,hunt_total_draw_result,2021 Bear Draw Results.pdf,BEAR,78
2021,2022,BR7233,"Central Mtns, Nebo - Any Legal Weapon",BLACK_BEAR,BEAR,BONUS_POINT,Nonresident,3,1,1,2,1 in 1.5,66.66666667,hunt_total_draw_result,2021 Bear Draw Results.pdf,BEAR,78
2021,2022,BR7234,Chalk Creek/east Canyon/morgan-south Rich - Any Legal Weapon,BLACK_BEAR,BEAR,BONUS_POINT,Resident,16,3,2,5,1 in 3.2,31.25,hunt_total_draw_result,2021 Bear Draw Results.pdf,BEAR,79
2021,2022,BR7234,Chalk Creek/east Canyon/morgan-south Rich - Any Legal Weapon,BLACK_BEAR,BEAR,BONUS_POINT,Nonresident,0,0,0,0,N/A,,hunt_total_draw_result,2021 Bear Draw Results.pdf,BEAR,79
2021,2022,BR7235,"Kamas/north Slope, Summit - Any Legal Weapon",BLACK_BEAR,BEAR,BONUS_POINT,Resident,18,3,2,5,1 in 3.6,27.77777778,hunt_total_draw_result,2021 Bear Draw Results.pdf,BEAR,80
2021,2022,BR7235,"Kamas/north Slope, Summit - Any Legal Weapon",BLACK_BEAR,BEAR,BONUS_POINT,Nonresident,0,0,0,0,N/A,,hunt_total_draw_result,2021 Bear Draw Results.pdf,BEAR,80
2021,2022,BR7236,"Plateau, Boulder/kaiparowits - Any Legal Weapon",BLACK_BEAR,BEAR,BONUS_POINT,Resident,16,9,7,16,1 in 1.0,100,hunt_total_draw_result,2021 Bear Draw Results.pdf,BEAR,81
2021,2022,BR7236,"Plateau, Boulder/kaiparowits - Any Legal Weapon",BLACK_BEAR,BEAR,BONUS_POINT,Nonresident,0,0,0,0,N/A,,hunt_total_draw_result,2021 Bear Draw Results.pdf,BEAR,81
2021,2022,BR7300,"Book Cliffs, Bitter Creek/south - Any Legal Weapon",BLACK_BEAR,BEAR,BONUS_POINT,Resident,136,3,3,6,1 in 22.7,4.40528634,hunt_total_draw_result,2021 Bear Draw Results.pdf,BEAR,82
2021,2022,BR7300,"Book Cliffs, Bitter Creek/south - Any Legal Weapon",BLACK_BEAR,BEAR,BONUS_POINT,Nonresident,0,0,0,0,N/A,,hunt_total_draw_result,2021 Bear Draw Results.pdf,BEAR,82
2021,2022,BR7301,"Book Cliffs, Little Creek Roadless - Any Legal Weapon",BLACK_BEAR,BEAR,BONUS_POINT,Resident,44,1,1,2,1 in 22.0,4.54545455,hunt_total_draw_result,2021 Bear Draw Results.pdf,BEAR,83
2021,2022,BR7301,"Book Cliffs, Little Creek Roadless - Any Legal Weapon",BLACK_BEAR,BEAR,BONUS_POINT,Nonresident,0,0,0,0,N/A,,hunt_total_draw_result,2021 Bear Draw Results.pdf,BEAR,83
2021,2022,BR7303,"Central Mtns, Manti-north - Any Legal Weapon",BLACK_BEAR,BEAR,BONUS_POINT,Resident,183,5,4,9,1 in 20.3,4.92610837,hunt_total_draw_result,2021 Bear Draw Results.pdf,BEAR,84
2021,2022,BR7303,"Central Mtns, Manti-north - Any Legal Weapon",BLACK_BEAR,BEAR,BONUS_POINT,Nonresident,0,0,0,0,N/A,,hunt_total_draw_result,2021 Bear Draw Results.pdf,BEAR,84
2021,2022,BR7304,"Central Mtns, Manti-south/san Rafael, North - Any Legal Weapon",BLACK_BEAR,BEAR,BONUS_POINT,Resident,273,5,5,10,1 in 27.3,3.66300366,hunt_total_draw_result,2021 Bear Draw Results.pdf,BEAR,85
2021,2022,BR7304,"Central Mtns, Manti-south/san Rafael, North - Any Legal Weapon",BLACK_BEAR,BEAR,BONUS_POINT,Nonresident,13,0,1,1,1 in 13.0,7.69230769,hunt_total_draw_result,2021 Bear Draw Results.pdf,BEAR,85
2021,2022,BR7305,"Central Mtns, Nebo - Any Legal Weapon",BLACK_BEAR,BEAR,BONUS_POINT,Resident,217,2,2,4,1 in 54.3,1.84162063,hunt_total_draw_result,2021 Bear Draw Results.pdf,BEAR,86
2021,2022,BR7305,"Central Mtns, Nebo - Any Legal Weapon",BLACK_BEAR,BEAR,BONUS_POINT,Nonresident,0,0,0,0,N/A,,hunt_total_draw_result,2021 Bear Draw Results.pdf,BEAR,86
2021,2022,BR7307,La Sal - Any Legal Weapon,BLACK_BEAR,BEAR,BONUS_POINT,Resident,361,5,4,9,1 in 40.1,2.49376559,hunt_total_draw_result,2021 Bear Draw Results.pdf,BEAR,87
2021,2022,BR7307,La Sal - Any Legal Weapon,BLACK_BEAR,BEAR,BONUS_POINT,Nonresident,35,0,1,1,1 in 35.0,2.85714286,hunt_total_draw_result,2021 Bear Draw Results.pdf,BEAR,87
2021,2022,BR7308,"North Slope, Three Corners/west Daggett - Any Legal Weapon",BLACK_BEAR,BEAR,BONUS_POINT,Resident,26,0,1,1,1 in 26.0,3.84615385,hunt_total_draw_result,2021 Bear Draw Results.pdf,BEAR,88
2021,2022,BR7308,"North Slope, Three Corners/west Daggett - Any Legal Weapon",BLACK_BEAR,BEAR,BONUS_POINT,Nonresident,0,0,0,0,N/A,,hunt_total_draw_result,2021 Bear Draw Results.pdf,BEAR,88
2021,2022,BR7309,Panguitch Lake/zion - Any Legal Weapon,BLACK_BEAR,BEAR,BONUS_POINT,Resident,76,2,1,3,1 in 25.3,3.95256917,hunt_total_draw_result,2021 Bear Draw Results.pdf,BEAR,89
2021,2022,BR7309,Panguitch Lake/zion - Any Legal Weapon,BLACK_BEAR,BEAR,BONUS_POINT,Nonresident,0,0,0,0,N/A,,hunt_total_draw_result,2021 Bear Draw Results.pdf,BEAR,89
2021,2022,BR7310,"Plateau, Boulder/kaiparowits - Any Legal Weapon",BLACK_BEAR,BEAR,BONUS_POINT,Resident,111,4,4,8,1 in 13.9,7.1942446,hunt_total_draw_result,2021 Bear Draw Results.pdf,BEAR,90
2021,2022,BR7310,"Plateau, Boulder/kaiparowits - Any Legal Weapon",BLACK_BEAR,BEAR,BONUS_POINT,Nonresident,0,0,0,0,N/A,,hunt_total_draw_result,2021 Bear Draw Results.pdf,BEAR,90
2021,2022,BR7311,"Plateau, Fishlake/thousand Lakes - Any Legal Weapon",BLACK_BEAR,BEAR,BONUS_POINT,Resident,84,0,1,1,1 in 84.0,1.19047619,hunt_total_draw_result,2021 Bear Draw Results.pdf,BEAR,91
2021,2022,BR7311,"Plateau, Fishlake/thousand Lakes - Any Legal Weapon",BLACK_BEAR,BEAR,BONUS_POINT,Nonresident,0,0,0,0,N/A,,hunt_total_draw_result,2021 Bear Draw Results.pdf,BEAR,91
2021,2022,BR7312,San Juan - Any Legal Weapon,BLACK_BEAR,BEAR,BONUS_POINT,Resident,304,4,4,8,1 in 38.0,2.63157895,hunt_total_draw_result,2021 Bear Draw Results.pdf,BEAR,92
2021,2022,BR7312,San Juan - Any Legal Weapon,BLACK_BEAR,BEAR,BONUS_POINT,Nonresident,34,0,1,1,1 in 34.0,2.94117647,hunt_total_draw_result,2021 Bear Draw Results.pdf,BEAR,92
2021,2022,BR7313,"South Slope, Bonanza/diamond Mtn/vernal - Any Legal Weapon",BLACK_BEAR,BEAR,BONUS_POINT,Resident,85,3,2,5,1 in 17.0,5.88235294,hunt_total_draw_result,2021 Bear Draw Results.pdf,BEAR,93
2021,2022,BR7313,"South Slope, Bonanza/diamond Mtn/vernal - Any Legal Weapon",BLACK_BEAR,BEAR,BONUS_POINT,Nonresident,0,0,0,0,N/A,,hunt_total_draw_result,2021 Bear Draw Results.pdf,BEAR,93
2021,2022,BR7314,"South Slope, Yellowstone - Any Legal Weapon",BLACK_BEAR,BEAR,BONUS_POINT,Resident,53,1,1,2,1 in 26.5,3.77358491,hunt_total_draw_result,2021 Bear Draw Results.pdf,BEAR,94
2021,2022,BR7314,"South Slope, Yellowstone - Any Legal Weapon",BLACK_BEAR,BEAR,BONUS_POINT,Nonresident,0,0,0,0,N/A,,hunt_total_draw_result,2021 Bear Draw Results.pdf,BEAR,94
2021,2022,BR7315,"Wasatch Mtns, Avintaquin/currant Creek - Any Legal Weapon",BLACK_BEAR,BEAR,BONUS_POINT,Resident,123,2,1,3,1 in 41.0,2.43902439,hunt_total_draw_result,2021 Bear Draw Results.pdf,BEAR,95
2021,2022,BR7315,"Wasatch Mtns, Avintaquin/currant Creek - Any Legal Weapon",BLACK_BEAR,BEAR,BONUS_POINT,Nonresident,0,0,0,0,N/A,,hunt_total_draw_result,2021 Bear Draw Results.pdf,BEAR,95
2021,2022,BR7316,"Wasatch Mtns, West-central - Any Legal Weapon",BLACK_BEAR,BEAR,BONUS_POINT,Resident,306,4,4,8,1 in 38.3,2.61096606,hunt_total_draw_result,2021 Bear Draw Results.pdf,BEAR,96
2021,2022,BR7316,"Wasatch Mtns, West-central - Any Legal Weapon",BLACK_BEAR,BEAR,BONUS_POINT,Nonresident,0,0,0,0,N/A,,hunt_total_draw_result,2021 Bear Draw Results.pdf,BEAR,96
2021,2022,BR7317,Nine Mile - Any Legal Weapon,BLACK_BEAR,BEAR,BONUS_POINT,Resident,74,3,3,6,1 in 12.3,8.1300813,hunt_total_draw_result,2021 Bear Draw Results.pdf,BEAR,97
2021,2022,BR7317,Nine Mile - Any Legal Weapon,BLACK_BEAR,BEAR,BONUS_POINT,Nonresident,0,0,0,0,N/A,,hunt_total_draw_result,2021 Bear Draw Results.pdf,BEAR,97
2021,2022,BR7318,Beaver - Any Legal Weapon,BLACK_BEAR,BEAR,BONUS_POINT,Resident,112,1,1,2,1 in 56.0,1.78571429,hunt_total_draw_result,2021 Bear Draw Results.pdf,BEAR,98
2021,2022,BR7318,Beaver - Any Legal Weapon,BLACK_BEAR,BEAR,BONUS_POINT,Nonresident,0,0,0,0,N/A,,hunt_total_draw_result,2021 Bear Draw Results.pdf,BEAR,98
2021,2022,BR7320,Cache/ogden - Any Legal Weapon,BLACK_BEAR,BEAR,BONUS_POINT,Resident,69,0,1,1,1 in 69.0,1.44927536,hunt_total_draw_result,2021 Bear Draw Results.pdf,BEAR,99
2021,2022,BR7320,Cache/ogden - Any Legal Weapon,BLACK_BEAR,BEAR,BONUS_POINT,Nonresident,0,0,0,0,N/A,,hunt_total_draw_result,2021 Bear Draw Results.pdf,BEAR,99
2021,2022,BR7321,"Kamas/north Slope, Summit - Any Legal Weapon",BLACK_BEAR,BEAR,BONUS_POINT,Resident,92,2,1,3,1 in 30.7,3.25732899,hunt_total_draw_result,2021 Bear Draw Results.pdf,BEAR,100
2021,2022,BR7321,"Kamas/north Slope, Summit - Any Legal Weapon",BLACK_BEAR,BEAR,BONUS_POINT,Nonresident,0,0,0,0,N/A,,hunt_total_draw_result,2021 Bear Draw Results.pdf,BEAR,100
2021,2022,CG1029,"Oquirrh-stansbury, East - Any Legal Weapon",COUGAR,COUGAR,BONUS_POINT,Resident,141,5,5,10,1 in 14.1,7.09219858,hunt_total_draw_result,2021_PERMITS=2022_MODEL__COUGAR DRAW RESULTS.pdf,COUGAR,2
2021,2022,CG1029,"Oquirrh-stansbury, East - Any Legal Weapon",COUGAR,COUGAR,BONUS_POINT,Nonresident,7,0,1,1,1 in 7.0,14.28571429,hunt_total_draw_result,2021_PERMITS=2022_MODEL__COUGAR DRAW RESULTS.pdf,COUGAR,2
2021,2022,CG1034,Kamas - Any Legal Weapon,COUGAR,COUGAR,BONUS_POINT,Resident,91,3,2,5,1 in 18.2,5.49450549,hunt_total_draw_result,2021_PERMITS=2022_MODEL__COUGAR DRAW RESULTS.pdf,COUGAR,3
2021,2022,CG1034,Kamas - Any Legal Weapon,COUGAR,COUGAR,BONUS_POINT,Nonresident,0,0,0,0,N/A,,hunt_total_draw_result,2021_PERMITS=2022_MODEL__COUGAR DRAW RESULTS.pdf,COUGAR,3
2021,2022,CG7502,East Canyon - Any Legal Weapon,COUGAR,COUGAR,BONUS_POINT,Resident,237,6,6,12,1 in 19.8,5.05050505,hunt_total_draw_result,2021_PERMITS=2022_MODEL__COUGAR DRAW RESULTS.pdf,COUGAR,4
2021,2022,CG7502,East Canyon - Any Legal Weapon,COUGAR,COUGAR,BONUS_POINT,Nonresident,30,0,1,1,1 in 30.0,3.33333333,hunt_total_draw_result,2021_PERMITS=2022_MODEL__COUGAR DRAW RESULTS.pdf,COUGAR,4
2021,2022,CG7503,Morgan-south Rich - Any Legal Weapon,COUGAR,COUGAR,BONUS_POINT,Resident,169,9,9,18,1 in 9.4,10.63829787,hunt_total_draw_result,2021_PERMITS=2022_MODEL__COUGAR DRAW RESULTS.pdf,COUGAR,5
2021,2022,CG7503,Morgan-south Rich - Any Legal Weapon,COUGAR,COUGAR,BONUS_POINT,Nonresident,13,1,1,2,1 in 6.5,15.38461538,hunt_total_draw_result,2021_PERMITS=2022_MODEL__COUGAR DRAW RESULTS.pdf,COUGAR,5
2021,2022,CG7506,"Wasatch Mtns, West-strawberry - Any Legal Weapon",COUGAR,COUGAR,BONUS_POINT,Resident,382,7,7,14,1 in 27.3,3.66300366,hunt_total_draw_result,2021_PERMITS=2022_MODEL__COUGAR DRAW RESULTS.pdf,COUGAR,6
2021,2022,CG7506,"Wasatch Mtns, West-strawberry - Any Legal Weapon",COUGAR,COUGAR,BONUS_POINT,Nonresident,71,0,1,1,1 in 71.0,1.4084507,hunt_total_draw_result,2021_PERMITS=2022_MODEL__COUGAR DRAW RESULTS.pdf,COUGAR,6
2021,2022,CG7602,"West Desert, Tintic-vernon - Any Legal Weapon",COUGAR,COUGAR,BONUS_POINT,Resident,75,5,5,10,1 in 7.5,13.33333333,hunt_total_draw_result,2021_PERMITS=2022_MODEL__COUGAR DRAW RESULTS.pdf,COUGAR,7
2021,2022,CG7602,"West Desert, Tintic-vernon - Any Legal Weapon",COUGAR,COUGAR,BONUS_POINT,Nonresident,18,0,1,1,1 in 18.0,5.55555556,hunt_total_draw_result,2021_PERMITS=2022_MODEL__COUGAR DRAW RESULTS.pdf,COUGAR,7
2021,2022,CG7603,"Box Elder, Raft River - Any Legal Weapon",COUGAR,COUGAR,BONUS_POINT,Resident,159,5,4,9,1 in 17.7,5.64971751,hunt_total_draw_result,2021_PERMITS=2022_MODEL__COUGAR DRAW RESULTS.pdf,COUGAR,8
2021,2022,CG7603,"Box Elder, Raft River - Any Legal Weapon",COUGAR,COUGAR,BONUS_POINT,Nonresident,0,0,0,0,N/A,,hunt_total_draw_result,2021_PERMITS=2022_MODEL__COUGAR DRAW RESULTS.pdf,COUGAR,8
2021,2022,CG7605,"Central Mtns, Nebo (excludes West Face) - Any Legal Weapon",COUGAR,COUGAR,BONUS_POINT,Resident,208,7,7,14,1 in 14.9,6.7114094,hunt_total_draw_result,2021_PERMITS=2022_MODEL__COUGAR DRAW RESULTS.pdf,COUGAR,9
2021,2022,CG7605,"Central Mtns, Nebo (excludes West Face) - Any Legal Weapon",COUGAR,COUGAR,BONUS_POINT,Nonresident,22,0,1,1,1 in 22.0,4.54545455,hunt_total_draw_result,2021_PERMITS=2022_MODEL__COUGAR DRAW RESULTS.pdf,COUGAR,9
2021,2022,CG7610,"East Canyon, Davis - Any Legal Weapon",COUGAR,COUGAR,BONUS_POINT,Resident,39,3,2,5,1 in 7.8,12.82051282,hunt_total_draw_result,2021_PERMITS=2022_MODEL__COUGAR DRAW RESULTS.pdf,COUGAR,10
2021,2022,CG7610,"East Canyon, Davis - Any Legal Weapon",COUGAR,COUGAR,BONUS_POINT,Nonresident,0,0,0,0,N/A,,hunt_total_draw_result,2021_PERMITS=2022_MODEL__COUGAR DRAW RESULTS.pdf,COUGAR,10
2021,2022,CG7612,Monroe - Any Legal Weapon,COUGAR,COUGAR,BONUS_POINT,Resident,195,10,10,20,1 in 9.8,10.20408163,hunt_total_draw_result,2021_PERMITS=2022_MODEL__COUGAR DRAW RESULTS.pdf,COUGAR,11
2021,2022,CG7612,Monroe - Any Legal Weapon,COUGAR,COUGAR,BONUS_POINT,Nonresident,45,1,1,2,1 in 22.5,4.44444444,hunt_total_draw_result,2021_PERMITS=2022_MODEL__COUGAR DRAW RESULTS.pdf,COUGAR,11
2021,2022,TK1003,Central Region - Any Legal Weapon,TURKEY,TURKEY,BONUS_POINT,Resident,3614,105,104,209,1 in 17.3,5.78034682,hunt_total_draw_result,2021_PERMITS=2022_MODEL__TURKEY DRAW RESULTS.pdf,TURKEY,2
2021,2022,TK1003,Central Region - Any Legal Weapon,TURKEY,TURKEY,BONUS_POINT,Nonresident,30,2,2,4,1 in 7.5,13.33333333,hunt_total_draw_result,2021_PERMITS=2022_MODEL__TURKEY DRAW RESULTS.pdf,TURKEY,2
2021,2022,TK1004,Northeastern Region - Any Legal Weapon,TURKEY,TURKEY,BONUS_POINT,Resident,1113,105,105,210,1 in 5.3,18.86792453,hunt_total_draw_result,2021_PERMITS=2022_MODEL__TURKEY DRAW RESULTS.pdf,TURKEY,3
2021,2022,TK1004,Northeastern Region - Any Legal Weapon,TURKEY,TURKEY,BONUS_POINT,Nonresident,21,1,1,2,1 in 10.5,9.52380952,hunt_total_draw_result,2021_PERMITS=2022_MODEL__TURKEY DRAW RESULTS.pdf,TURKEY,3
2021,2022,TK1005,Northern Region - Any Legal Weapon,TURKEY,TURKEY,BONUS_POINT,Resident,2062,170,166,336,1 in 6.1,16.39344262,hunt_total_draw_result,2021_PERMITS=2022_MODEL__TURKEY DRAW RESULTS.pdf,TURKEY,4
2021,2022,TK1005,Northern Region - Any Legal Weapon,TURKEY,TURKEY,BONUS_POINT,Nonresident,16,0,4,4,1 in 4.0,25,hunt_total_draw_result,2021_PERMITS=2022_MODEL__TURKEY DRAW RESULTS.pdf,TURKEY,4
2021,2022,TK1006,Southeastern Region - Any Legal Weapon,TURKEY,TURKEY,BONUS_POINT,Resident,1060,123,122,245,1 in 4.3,23.25581395,hunt_total_draw_result,2021_PERMITS=2022_MODEL__TURKEY DRAW RESULTS.pdf,TURKEY,5
2021,2022,TK1006,Southeastern Region - Any Legal Weapon,TURKEY,TURKEY,BONUS_POINT,Nonresident,42,7,8,15,1 in 2.8,35.71428571,hunt_total_draw_result,2021_PERMITS=2022_MODEL__TURKEY DRAW RESULTS.pdf,TURKEY,5
2021,2022,TK1007,Southern Region - Any Legal Weapon,TURKEY,TURKEY,BONUS_POINT,Resident,3811,613,621,1234,1 in 3.1,32.25806452,hunt_total_draw_result,2021_PERMITS=2022_MODEL__TURKEY DRAW RESULTS.pdf,TURKEY,6
2021,2022,TK1007,Southern Region - Any Legal Weapon,TURKEY,TURKEY,BONUS_POINT,Nonresident,303,46,38,84,1 in 3.6,27.77777778,hunt_total_draw_result,2021_PERMITS=2022_MODEL__TURKEY DRAW RESULTS.pdf,TURKEY,6
2021,2022,TK1018,Pahvant Ensign - Any Legal Weapon,TURKEY,TURKEY,BONUS_POINT,Resident,179,6,5,11,1 in 16.3,6.13496933,hunt_total_draw_result,2021_PERMITS=2022_MODEL__TURKEY DRAW RESULTS.pdf,TURKEY,7
2021,2022,TK1018,Pahvant Ensign - Any Legal Weapon,TURKEY,TURKEY,BONUS_POINT,Nonresident,2,0,0,0,N/A,,hunt_total_draw_result,2021_PERMITS=2022_MODEL__TURKEY DRAW RESULTS.pdf,TURKEY,7
2021,2022,TK1003,Central Region - Any Legal Weapon,TURKEY,TURKEY,BONUS_POINT,Resident,472,19,18,37,1 in 12.8,7.8125,hunt_total_draw_result,2021_PERMITS=2022_MODEL__YOUTH TURKEY DRAW RESULTS.pdf,YOUTH_TURKEY,1
2021,2022,TK1003,Central Region - Any Legal Weapon,TURKEY,TURKEY,BONUS_POINT,Nonresident,0,0,0,0,N/A,,hunt_total_draw_result,2021_PERMITS=2022_MODEL__YOUTH TURKEY DRAW RESULTS.pdf,YOUTH_TURKEY,1
2021,2022,TK1004,Northeastern Region - Any Legal Weapon,TURKEY,TURKEY,BONUS_POINT,Resident,159,18,17,35,1 in 4.5,22.22222222,hunt_total_draw_result,2021_PERMITS=2022_MODEL__YOUTH TURKEY DRAW RESULTS.pdf,YOUTH_TURKEY,2
2021,2022,TK1004,Northeastern Region - Any Legal Weapon,TURKEY,TURKEY,BONUS_POINT,Nonresident,2,1,1,2,1 in 1.0,100,hunt_total_draw_result,2021_PERMITS=2022_MODEL__YOUTH TURKEY DRAW RESULTS.pdf,YOUTH_TURKEY,2
2021,2022,TK1005,Northern Region - Any Legal Weapon,TURKEY,TURKEY,BONUS_POINT,Resident,196,30,30,60,1 in 3.3,30.3030303,hunt_total_draw_result,2021_PERMITS=2022_MODEL__YOUTH TURKEY DRAW RESULTS.pdf,YOUTH_TURKEY,3
2021,2022,TK1005,Northern Region - Any Legal Weapon,TURKEY,TURKEY,BONUS_POINT,Nonresident,0,0,0,0,N/A,,hunt_total_draw_result,2021_PERMITS=2022_MODEL__YOUTH TURKEY DRAW RESULTS.pdf,YOUTH_TURKEY,3
2021,2022,TK1006,Southeastern Region - Any Legal Weapon,TURKEY,TURKEY,BONUS_POINT,Resident,136,22,22,44,1 in 3.1,32.25806452,hunt_total_draw_result,2021_PERMITS=2022_MODEL__YOUTH TURKEY DRAW RESULTS.pdf,YOUTH_TURKEY,4
2021,2022,TK1006,Southeastern Region - Any Legal Weapon,TURKEY,TURKEY,BONUS_POINT,Nonresident,7,1,0,1,1 in 7.0,14.28571429,hunt_total_draw_result,2021_PERMITS=2022_MODEL__YOUTH TURKEY DRAW RESULTS.pdf,YOUTH_TURKEY,4
2021,2022,TK1007,Southern Region - Any Legal Weapon,TURKEY,TURKEY,BONUS_POINT,Resident,551,111,111,222,1 in 2.5,40,hunt_total_draw_result,2021_PERMITS=2022_MODEL__YOUTH TURKEY DRAW RESULTS.pdf,YOUTH_TURKEY,5
2021,2022,TK1007,Southern Region - Any Legal Weapon,TURKEY,TURKEY,BONUS_POINT,Nonresident,26,5,5,10,1 in 2.6,38.46153846,hunt_total_draw_result,2021_PERMITS=2022_MODEL__YOUTH TURKEY DRAW RESULTS.pdf,YOUTH_TURKEY,5
2021,2022,TK1018,Pahvant Ensign - Any Legal Weapon,TURKEY,TURKEY,BONUS_POINT,Resident,26,0,1,1,1 in 26.0,3.84615385,hunt_total_draw_result,2021_PERMITS=2022_MODEL__YOUTH TURKEY DRAW RESULTS.pdf,YOUTH_TURKEY,6
2021,2022,TK1018,Pahvant Ensign - Any Legal Weapon,TURKEY,TURKEY,BONUS_POINT,Nonresident,1,0,0,0,N/A,,hunt_total_draw_result,2021_PERMITS=2022_MODEL__YOUTH TURKEY DRAW RESULTS.pdf,YOUTH_TURKEY,6
2021,2022,DB1500,Beaver - Archery,DEER,G.S.,PREFERENCE_POINT,Resident,546,0,169,169,1 in 3.2,31.25,hunt_total_draw_result,21_deer_odds.pdf,GENERAL_SEASON_DEER,3
2021,2022,DB1500,Beaver - Archery,DEER,G.S.,PREFERENCE_POINT,Nonresident,134,0,22,22,1 in 6.1,16.39344262,hunt_total_draw_result,21_deer_odds.pdf,GENERAL_SEASON_DEER,3
2021,2022,DB1501,Box Elder - Archery,DEER,G.S.,PREFERENCE_POINT,Resident,277,0,271,271,1 in 1.0,100,hunt_total_draw_result,21_deer_odds.pdf,GENERAL_SEASON_DEER,4
2021,2022,DB1501,Box Elder - Archery,DEER,G.S.,PREFERENCE_POINT,Nonresident,13,0,13,13,1 in 1.0,100,hunt_total_draw_result,21_deer_odds.pdf,GENERAL_SEASON_DEER,4
2021,2022,DB1502,Cache - Archery,DEER,G.S.,PREFERENCE_POINT,Resident,1001,0,797,797,1 in 1.3,76.92307692,hunt_total_draw_result,21_deer_odds.pdf,GENERAL_SEASON_DEER,5
2021,2022,DB1502,Cache - Archery,DEER,G.S.,PREFERENCE_POINT,Nonresident,34,0,33,33,1 in 1.0,100,hunt_total_draw_result,21_deer_odds.pdf,GENERAL_SEASON_DEER,5
2021,2022,DB1503,"Central Mtns, Manti/san Rafael - Archery",DEER,G.S.,PREFERENCE_POINT,Resident,2396,0,991,991,1 in 2.4,41.66666667,hunt_total_draw_result,21_deer_odds.pdf,GENERAL_SEASON_DEER,6
2021,2022,DB1503,"Central Mtns, Manti/san Rafael - Archery",DEER,G.S.,PREFERENCE_POINT,Nonresident,179,0,124,124,1 in 1.4,71.42857143,hunt_total_draw_result,21_deer_odds.pdf,GENERAL_SEASON_DEER,6
2021,2022,DB1504,"Central Mtns, Nebo - Archery",DEER,G.S.,PREFERENCE_POINT,Resident,679,0,595,595,1 in 1.1,90.90909091,hunt_total_draw_result,21_deer_odds.pdf,GENERAL_SEASON_DEER,7
2021,2022,DB1504,"Central Mtns, Nebo - Archery",DEER,G.S.,PREFERENCE_POINT,Nonresident,34,0,34,34,1 in 1.0,100,hunt_total_draw_result,21_deer_odds.pdf,GENERAL_SEASON_DEER,7
2021,2022,DB1505,Chalk Creek/east Canyon/morgan-south Rich - Archery,DEER,G.S.,PREFERENCE_POINT,Resident,1289,0,1267,1267,1 in 1.0,100,hunt_total_draw_result,21_deer_odds.pdf,GENERAL_SEASON_DEER,8
2021,2022,DB1505,Chalk Creek/east Canyon/morgan-south Rich - Archery,DEER,G.S.,PREFERENCE_POINT,Nonresident,30,0,30,30,1 in 1.0,100,hunt_total_draw_result,21_deer_odds.pdf,GENERAL_SEASON_DEER,8
2021,2022,DB1506,Fillmore - Archery,DEER,G.S.,PREFERENCE_POINT,Resident,433,0,152,152,1 in 2.8,35.71428571,hunt_total_draw_result,21_deer_odds.pdf,GENERAL_SEASON_DEER,9
2021,2022,DB1506,Fillmore - Archery,DEER,G.S.,PREFERENCE_POINT,Nonresident,61,0,18,18,1 in 3.4,29.41176471,hunt_total_draw_result,21_deer_odds.pdf,GENERAL_SEASON_DEER,9
2021,2022,DB1508,Kamas - Archery,DEER,G.S.,PREFERENCE_POINT,Resident,450,0,440,440,1 in 1.0,100,hunt_total_draw_result,21_deer_odds.pdf,GENERAL_SEASON_DEER,10
2021,2022,DB1508,Kamas - Archery,DEER,G.S.,PREFERENCE_POINT,Nonresident,11,0,11,11,1 in 1.0,100,hunt_total_draw_result,21_deer_odds.pdf,GENERAL_SEASON_DEER,10
2021,2022,DB1509,"La Sal, La Sal Mtns - Archery",DEER,G.S.,PREFERENCE_POINT,Resident,366,0,206,206,1 in 1.8,55.55555556,hunt_total_draw_result,21_deer_odds.pdf,GENERAL_SEASON_DEER,11
2021,2022,DB1509,"La Sal, La Sal Mtns - Archery",DEER,G.S.,PREFERENCE_POINT,Nonresident,107,0,22,22,1 in 4.9,20.40816327,hunt_total_draw_result,21_deer_odds.pdf,GENERAL_SEASON_DEER,11
2021,2022,DB1510,Monroe - Archery,DEER,G.S.,PREFERENCE_POINT,Resident,448,0,83,83,1 in 5.4,18.51851852,hunt_total_draw_result,21_deer_odds.pdf,GENERAL_SEASON_DEER,12
2021,2022,DB1510,Monroe - Archery,DEER,G.S.,PREFERENCE_POINT,Nonresident,60,0,11,11,1 in 5.5,18.18181818,hunt_total_draw_result,21_deer_odds.pdf,GENERAL_SEASON_DEER,12
2021,2022,DB1511,Mt Dutton - Archery,DEER,G.S.,PREFERENCE_POINT,Resident,133,0,28,28,1 in 4.8,20.83333333,hunt_total_draw_result,21_deer_odds.pdf,GENERAL_SEASON_DEER,13
2021,2022,DB1511,Mt Dutton - Archery,DEER,G.S.,PREFERENCE_POINT,Nonresident,21,0,5,5,1 in 4.2,23.80952381,hunt_total_draw_result,21_deer_odds.pdf,GENERAL_SEASON_DEER,13
2021,2022,DB1512,Nine Mile - Archery,DEER,G.S.,PREFERENCE_POINT,Resident,211,0,205,205,1 in 1.0,100,hunt_total_draw_result,21_deer_odds.pdf,GENERAL_SEASON_DEER,14
2021,2022,DB1512,Nine Mile - Archery,DEER,G.S.,PREFERENCE_POINT,Nonresident,13,0,13,13,1 in 1.0,100,hunt_total_draw_result,21_deer_odds.pdf,GENERAL_SEASON_DEER,14
2021,2022,DB1513,North Slope - Archery,DEER,G.S.,PREFERENCE_POINT,Resident,783,0,360,360,1 in 2.2,45.45454545,hunt_total_draw_result,21_deer_odds.pdf,GENERAL_SEASON_DEER,15
2021,2022,DB1513,North Slope - Archery,DEER,G.S.,PREFERENCE_POINT,Nonresident,34,0,32,32,1 in 1.1,90.90909091,hunt_total_draw_result,21_deer_odds.pdf,GENERAL_SEASON_DEER,15
2021,2022,DB1514,Ogden - Archery,DEER,G.S.,PREFERENCE_POINT,Resident,522,0,442,442,1 in 1.2,83.33333333,hunt_total_draw_result,21_deer_odds.pdf,GENERAL_SEASON_DEER,16
2021,2022,DB1514,Ogden - Archery,DEER,G.S.,PREFERENCE_POINT,Nonresident,13,0,13,13,1 in 1.0,100,hunt_total_draw_result,21_deer_odds.pdf,GENERAL_SEASON_DEER,16
2021,2022,DB1515,Oquirrh-stansbury - Archery,DEER,G.S.,PREFERENCE_POINT,Resident,661,0,333,333,1 in 2.0,50,hunt_total_draw_result,21_deer_odds.pdf,GENERAL_SEASON_DEER,17
2021,2022,DB1515,Oquirrh-stansbury - Archery,DEER,G.S.,PREFERENCE_POINT,Nonresident,32,0,32,32,1 in 1.0,100,hunt_total_draw_result,21_deer_odds.pdf,GENERAL_SEASON_DEER,17
2021,2022,DB1516,Panguitch Lake - Archery,DEER,G.S.,PREFERENCE_POINT,Resident,771,0,138,138,1 in 5.6,17.85714286,hunt_total_draw_result,21_deer_odds.pdf,GENERAL_SEASON_DEER,18
2021,2022,DB1516,Panguitch Lake - Archery,DEER,G.S.,PREFERENCE_POINT,Nonresident,229,0,16,16,1 in 14.3,6.99300699,hunt_total_draw_result,21_deer_odds.pdf,GENERAL_SEASON_DEER,18
2021,2022,DB1517,Pine Valley - Archery,DEER,G.S.,PREFERENCE_POINT,Resident,859,0,576,576,1 in 1.5,66.66666667,hunt_total_draw_result,21_deer_odds.pdf,GENERAL_SEASON_DEER,19
2021,2022,DB1517,Pine Valley - Archery,DEER,G.S.,PREFERENCE_POINT,Nonresident,264,0,64,64,1 in 4.1,24.3902439,hunt_total_draw_result,21_deer_odds.pdf,GENERAL_SEASON_DEER,19
2021,2022,DB1518,"Plateau, Boulder/kaiparowits - Archery",DEER,G.S.,PREFERENCE_POINT,Resident,538,0,95,95,1 in 5.7,17.54385965,hunt_total_draw_result,21_deer_odds.pdf,GENERAL_SEASON_DEER,20
2021,2022,DB1518,"Plateau, Boulder/kaiparowits - Archery",DEER,G.S.,PREFERENCE_POINT,Nonresident,104,0,14,14,1 in 7.4,13.51351351,hunt_total_draw_result,21_deer_odds.pdf,GENERAL_SEASON_DEER,20
2021,2022,DB1519,"Plateau, Fishlake - Archery",DEER,G.S.,PREFERENCE_POINT,Resident,499,0,98,98,1 in 5.1,19.60784314,hunt_total_draw_result,21_deer_odds.pdf,GENERAL_SEASON_DEER,21
2021,2022,DB1519,"Plateau, Fishlake - Archery",DEER,G.S.,PREFERENCE_POINT,Nonresident,50,0,12,12,1 in 4.2,23.80952381,hunt_total_draw_result,21_deer_odds.pdf,GENERAL_SEASON_DEER,21
2021,2022,DB1520,"Plateau, Thousand Lakes - Archery",DEER,G.S.,PREFERENCE_POINT,Resident,52,0,50,50,1 in 1.0,100,hunt_total_draw_result,21_deer_odds.pdf,GENERAL_SEASON_DEER,22
2021,2022,DB1520,"Plateau, Thousand Lakes - Archery",DEER,G.S.,PREFERENCE_POINT,Nonresident,12,0,5,5,1 in 2.4,41.66666667,hunt_total_draw_result,21_deer_odds.pdf,GENERAL_SEASON_DEER,22
2021,2022,DB1521,"San Juan, Abajo Mtns - Archery",DEER,G.S.,PREFERENCE_POINT,Resident,462,0,318,318,1 in 1.5,66.66666667,hunt_total_draw_result,21_deer_odds.pdf,GENERAL_SEASON_DEER,23
2021,2022,DB1521,"San Juan, Abajo Mtns - Archery",DEER,G.S.,PREFERENCE_POINT,Nonresident,192,0,35,35,1 in 5.5,18.18181818,hunt_total_draw_result,21_deer_odds.pdf,GENERAL_SEASON_DEER,23
2021,2022,DB1522,"South Slope, Bonanza/vernal - Archery",DEER,G.S.,PREFERENCE_POINT,Resident,734,0,218,218,1 in 3.4,29.41176471,hunt_total_draw_result,21_deer_odds.pdf,GENERAL_SEASON_DEER,24
2021,2022,DB1522,"South Slope, Bonanza/vernal - Archery",DEER,G.S.,PREFERENCE_POINT,Nonresident,56,0,27,27,1 in 2.1,47.61904762,hunt_total_draw_result,21_deer_odds.pdf,GENERAL_SEASON_DEER,24
2021,2022,DB1523,"South Slope, Yellowstone - Archery",DEER,G.S.,PREFERENCE_POINT,Resident,743,0,163,163,1 in 4.6,21.73913043,hunt_total_draw_result,21_deer_odds.pdf,GENERAL_SEASON_DEER,25
2021,2022,DB1523,"South Slope, Yellowstone - Archery",DEER,G.S.,PREFERENCE_POINT,Nonresident,72,0,22,22,1 in 3.3,30.3030303,hunt_total_draw_result,21_deer_odds.pdf,GENERAL_SEASON_DEER,25
2021,2022,DB1524,Southwest Desert - Archery,DEER,G.S.,PREFERENCE_POINT,Resident,129,0,82,82,1 in 1.6,62.5,hunt_total_draw_result,21_deer_odds.pdf,GENERAL_SEASON_DEER,26
2021,2022,DB1524,Southwest Desert - Archery,DEER,G.S.,PREFERENCE_POINT,Nonresident,47,0,10,10,1 in 4.7,21.27659574,hunt_total_draw_result,21_deer_odds.pdf,GENERAL_SEASON_DEER,26
2021,2022,DB1525,"Wasatch Mtns, East - Archery",DEER,G.S.,PREFERENCE_POINT,Resident,1746,0,564,564,1 in 3.1,32.25806452,hunt_total_draw_result,21_deer_odds.pdf,GENERAL_SEASON_DEER,27
2021,2022,DB1525,"Wasatch Mtns, East - Archery",DEER,G.S.,PREFERENCE_POINT,Nonresident,84,0,70,70,1 in 1.2,83.33333333,hunt_total_draw_result,21_deer_odds.pdf,GENERAL_SEASON_DEER,27
2021,2022,DB1526,"Wasatch Mtns, West - Archery",DEER,G.S.,PREFERENCE_POINT,Resident,1648,0,1310,1310,1 in 1.3,76.92307692,hunt_total_draw_result,21_deer_odds.pdf,GENERAL_SEASON_DEER,28
2021,2022,DB1526,"Wasatch Mtns, West - Archery",DEER,G.S.,PREFERENCE_POINT,Nonresident,82,0,78,78,1 in 1.1,90.90909091,hunt_total_draw_result,21_deer_odds.pdf,GENERAL_SEASON_DEER,28
2021,2022,DB1527,"West Desert, Tintic - Archery",DEER,G.S.,PREFERENCE_POINT,Resident,207,0,133,133,1 in 1.6,62.5,hunt_total_draw_result,21_deer_odds.pdf,GENERAL_SEASON_DEER,29
2021,2022,DB1527,"West Desert, Tintic - Archery",DEER,G.S.,PREFERENCE_POINT,Nonresident,1,0,1,1,1 in 1.0,100,hunt_total_draw_result,21_deer_odds.pdf,GENERAL_SEASON_DEER,29
2021,2022,DB1528,"West Desert, West -Archer y",DEER,G.S.,PREFERENCE_POINT,Resident,46,0,43,43,1 in 1.1,90.90909091,hunt_total_draw_result,21_deer_odds.pdf,GENERAL_SEASON_DEER,30
2021,2022,DB1528,"West Desert, West -Archer y",DEER,G.S.,PREFERENCE_POINT,Nonresident,6,0,6,6,1 in 1.0,100,hunt_total_draw_result,21_deer_odds.pdf,GENERAL_SEASON_DEER,30
2021,2022,DB1529,Zion - Archery,DEER,G.S.,PREFERENCE_POINT,Resident,509,0,433,433,1 in 1.2,83.33333333,hunt_total_draw_result,21_deer_odds.pdf,GENERAL_SEASON_DEER,31
2021,2022,DB1529,Zion - Archery,DEER,G.S.,PREFERENCE_POINT,Nonresident,193,0,47,47,1 in 4.1,24.3902439,hunt_total_draw_result,21_deer_odds.pdf,GENERAL_SEASON_DEER,31
2021,2022,DB1530,Beaver - Any Legal Weapon,DEER,G.S.,PREFERENCE_POINT,Resident,2733,0,480,480,1 in 5.7,17.54385965,hunt_total_draw_result,21_deer_odds.pdf,GENERAL_SEASON_DEER,32
2021,2022,DB1530,Beaver - Any Legal Weapon,DEER,G.S.,PREFERENCE_POINT,Nonresident,528,0,54,54,1 in 9.8,10.20408163,hunt_total_draw_result,21_deer_odds.pdf,GENERAL_SEASON_DEER,32
2021,2022,DB1531,Box Elder - Any Legal Weapon,DEER,G.S.,PREFERENCE_POINT,Resident,2250,0,1494,1494,1 in 1.5,66.66666667,hunt_total_draw_result,21_deer_odds.pdf,GENERAL_SEASON_DEER,33
2021,2022,DB1531,Box Elder - Any Legal Weapon,DEER,G.S.,PREFERENCE_POINT,Nonresident,152,0,150,150,1 in 1.0,100,hunt_total_draw_result,21_deer_odds.pdf,GENERAL_SEASON_DEER,33
2021,2022,DB1532,Cache - Any Legal Weapon,DEER,G.S.,PREFERENCE_POINT,Resident,5291,0,1901,1901,1 in 2.8,35.71428571,hunt_total_draw_result,21_deer_odds.pdf,GENERAL_SEASON_DEER,34
2021,2022,DB1532,Cache - Any Legal Weapon,DEER,G.S.,PREFERENCE_POINT,Nonresident,81,0,72,72,1 in 1.1,90.90909091,hunt_total_draw_result,21_deer_odds.pdf,GENERAL_SEASON_DEER,34
2021,2022,DB1533,"Central Mtns, Manti/san Rafael - Any Legal Weapon",DEER,G.S.,PREFERENCE_POINT,Resident,7785,0,2612,2612,1 in 3.0,33.33333333,hunt_total_draw_result,21_deer_odds.pdf,GENERAL_SEASON_DEER,35
2021,2022,DB1533,"Central Mtns, Manti/san Rafael - Any Legal Weapon",DEER,G.S.,PREFERENCE_POINT,Nonresident,465,0,359,359,1 in 1.3,76.92307692,hunt_total_draw_result,21_deer_odds.pdf,GENERAL_SEASON_DEER,35
2021,2022,DB1534,"Central Mtns, Nebo - Any Legal Weapon",DEER,G.S.,PREFERENCE_POINT,Resident,2872,0,1384,1384,1 in 2.1,47.61904762,hunt_total_draw_result,21_deer_odds.pdf,GENERAL_SEASON_DEER,36
2021,2022,DB1534,"Central Mtns, Nebo - Any Legal Weapon",DEER,G.S.,PREFERENCE_POINT,Nonresident,131,0,124,124,1 in 1.1,90.90909091,hunt_total_draw_result,21_deer_odds.pdf,GENERAL_SEASON_DEER,36
2021,2022,DB1535,Chalk Creek/east Canyon/morgan-south Rich - Any Legal Weapon,DEER,G.S.,PREFERENCE_POINT,Resident,2845,0,2322,2322,1 in 1.2,83.33333333,hunt_total_draw_result,21_deer_odds.pdf,GENERAL_SEASON_DEER,37
2021,2022,DB1535,Chalk Creek/east Canyon/morgan-south Rich - Any Legal Weapon,DEER,G.S.,PREFERENCE_POINT,Nonresident,47,0,44,44,1 in 1.1,90.90909091,hunt_total_draw_result,21_deer_odds.pdf,GENERAL_SEASON_DEER,37
2021,2022,DB1536,Fillmore - Any Legal Weapon,DEER,G.S.,PREFERENCE_POINT,Resident,1921,0,266,266,1 in 7.2,13.88888889,hunt_total_draw_result,21_deer_odds.pdf,GENERAL_SEASON_DEER,38
2021,2022,DB1536,Fillmore - Any Legal Weapon,DEER,G.S.,PREFERENCE_POINT,Nonresident,121,0,35,35,1 in 3.5,28.57142857,hunt_total_draw_result,21_deer_odds.pdf,GENERAL_SEASON_DEER,38
2021,2022,DB1538,Kamas - Any Legal Weapon,DEER,G.S.,PREFERENCE_POINT,Resident,688,0,679,679,1 in 1.0,100,hunt_total_draw_result,21_deer_odds.pdf,GENERAL_SEASON_DEER,39
2021,2022,DB1538,Kamas - Any Legal Weapon,DEER,G.S.,PREFERENCE_POINT,Nonresident,20,0,19,19,1 in 1.1,90.90909091,hunt_total_draw_result,21_deer_odds.pdf,GENERAL_SEASON_DEER,39
2021,2022,DB1539,"La Sal, La Sal Mtns - Any Legal Weapon",DEER,G.S.,PREFERENCE_POINT,Resident,1074,0,531,531,1 in 2.0,50,hunt_total_draw_result,21_deer_odds.pdf,GENERAL_SEASON_DEER,40
2021,2022,DB1539,"La Sal, La Sal Mtns - Any Legal Weapon",DEER,G.S.,PREFERENCE_POINT,Nonresident,196,0,60,60,1 in 3.3,30.3030303,hunt_total_draw_result,21_deer_odds.pdf,GENERAL_SEASON_DEER,40
2021,2022,DB1540,Monroe - Any Legal Weapon,DEER,G.S.,PREFERENCE_POINT,Resident,2247,0,240,240,1 in 9.4,10.63829787,hunt_total_draw_result,21_deer_odds.pdf,GENERAL_SEASON_DEER,41
2021,2022,DB1540,Monroe - Any Legal Weapon,DEER,G.S.,PREFERENCE_POINT,Nonresident,218,0,28,28,1 in 7.8,12.82051282,hunt_total_draw_result,21_deer_odds.pdf,GENERAL_SEASON_DEER,41
2021,2022,DB1541,Mt Dutton - Any Legal Weapon,DEER,G.S.,PREFERENCE_POINT,Resident,696,0,68,68,1 in 10.2,9.80392157,hunt_total_draw_result,21_deer_odds.pdf,GENERAL_SEASON_DEER,42
2021,2022,DB1541,Mt Dutton - Any Legal Weapon,DEER,G.S.,PREFERENCE_POINT,Nonresident,177,0,8,8,1 in 22.1,4.52488688,hunt_total_draw_result,21_deer_odds.pdf,GENERAL_SEASON_DEER,42
2021,2022,DB1542,Nine Mile - Any Legal Weapon,DEER,G.S.,PREFERENCE_POINT,Resident,822,0,381,381,1 in 2.2,45.45454545,hunt_total_draw_result,21_deer_odds.pdf,GENERAL_SEASON_DEER,43
2021,2022,DB1542,Nine Mile - Any Legal Weapon,DEER,G.S.,PREFERENCE_POINT,Nonresident,29,0,23,23,1 in 1.3,76.92307692,hunt_total_draw_result,21_deer_odds.pdf,GENERAL_SEASON_DEER,43
2021,2022,DB1543,North Slope - Any Legal Weapon,DEER,G.S.,PREFERENCE_POINT,Resident,1348,0,621,621,1 in 2.2,45.45454545,hunt_total_draw_result,21_deer_odds.pdf,GENERAL_SEASON_DEER,44
2021,2022,DB1543,North Slope - Any Legal Weapon,DEER,G.S.,PREFERENCE_POINT,Nonresident,36,0,33,33,1 in 1.1,90.90909091,hunt_total_draw_result,21_deer_odds.pdf,GENERAL_SEASON_DEER,44
2021,2022,DB1544,Ogden - Any Legal Weapon,DEER,G.S.,PREFERENCE_POINT,Resident,1562,0,1042,1042,1 in 1.5,66.66666667,hunt_total_draw_result,21_deer_odds.pdf,GENERAL_SEASON_DEER,45
2021,2022,DB1544,Ogden - Any Legal Weapon,DEER,G.S.,PREFERENCE_POINT,Nonresident,45,0,43,43,1 in 1.0,100,hunt_total_draw_result,21_deer_odds.pdf,GENERAL_SEASON_DEER,45
2021,2022,DB1545,Oquirrh-stansbury - Any Legal Weapon,DEER,G.S.,PREFERENCE_POINT,Resident,3938,0,791,791,1 in 5.0,20,hunt_total_draw_result,21_deer_odds.pdf,GENERAL_SEASON_DEER,46
2021,2022,DB1545,Oquirrh-stansbury - Any Legal Weapon,DEER,G.S.,PREFERENCE_POINT,Nonresident,191,0,102,102,1 in 1.9,52.63157895,hunt_total_draw_result,21_deer_odds.pdf,GENERAL_SEASON_DEER,46
2021,2022,DB1546,Panguitch Lake - Any Legal Weapon,DEER,G.S.,PREFERENCE_POINT,Resident,1531,0,266,266,1 in 5.8,17.24137931,hunt_total_draw_result,21_deer_odds.pdf,GENERAL_SEASON_DEER,47
2021,2022,DB1546,Panguitch Lake - Any Legal Weapon,DEER,G.S.,PREFERENCE_POINT,Nonresident,404,0,31,31,1 in 13.0,7.69230769,hunt_total_draw_result,21_deer_odds.pdf,GENERAL_SEASON_DEER,47
2021,2022,DB1547,Pine Valley - Any Legal Weapon,DEER,G.S.,PREFERENCE_POINT,Resident,4614,0,824,824,1 in 5.6,17.85714286,hunt_total_draw_result,21_deer_odds.pdf,GENERAL_SEASON_DEER,48
2021,2022,DB1547,Pine Valley - Any Legal Weapon,DEER,G.S.,PREFERENCE_POINT,Nonresident,859,0,92,92,1 in 9.3,10.75268817,hunt_total_draw_result,21_deer_odds.pdf,GENERAL_SEASON_DEER,48
2021,2022,DB1548,"Plateau, Boulder/kaiparowits - Any Legal Weapon",DEER,G.S.,PREFERENCE_POINT,Resident,2404,0,240,240,1 in 10.0,10,hunt_total_draw_result,21_deer_odds.pdf,GENERAL_SEASON_DEER,49
2021,2022,DB1548,"Plateau, Boulder/kaiparowits - Any Legal Weapon",DEER,G.S.,PREFERENCE_POINT,Nonresident,430,0,28,28,1 in 15.4,6.49350649,hunt_total_draw_result,21_deer_odds.pdf,GENERAL_SEASON_DEER,49
2021,2022,DB1549,"Plateau, Fishlake - Any Legal Weapon",DEER,G.S.,PREFERENCE_POINT,Resident,1453,0,151,151,1 in 9.6,10.41666667,hunt_total_draw_result,21_deer_odds.pdf,GENERAL_SEASON_DEER,50
2021,2022,DB1549,"Plateau, Fishlake - Any Legal Weapon",DEER,G.S.,PREFERENCE_POINT,Nonresident,82,0,18,18,1 in 4.6,21.73913043,hunt_total_draw_result,21_deer_odds.pdf,GENERAL_SEASON_DEER,50
2021,2022,DB1550,"Plateau, Thousand Lakes - Any Legal Weapon",DEER,G.S.,PREFERENCE_POINT,Resident,263,0,22,22,1 in 12.0,8.33333333,hunt_total_draw_result,21_deer_odds.pdf,GENERAL_SEASON_DEER,51
2021,2022,DB1550,"Plateau, Thousand Lakes - Any Legal Weapon",DEER,G.S.,PREFERENCE_POINT,Nonresident,55,0,4,4,1 in 13.8,7.24637681,hunt_total_draw_result,21_deer_odds.pdf,GENERAL_SEASON_DEER,51
2021,2022,DB1551,"San Juan, Abajo Mtns - Any Legal Weapon",DEER,G.S.,PREFERENCE_POINT,Resident,1224,0,807,807,1 in 1.5,66.66666667,hunt_total_draw_result,21_deer_odds.pdf,GENERAL_SEASON_DEER,52
2021,2022,DB1551,"San Juan, Abajo Mtns - Any Legal Weapon",DEER,G.S.,PREFERENCE_POINT,Nonresident,304,0,90,90,1 in 3.4,29.41176471,hunt_total_draw_result,21_deer_odds.pdf,GENERAL_SEASON_DEER,52
2021,2022,DB1552,"South Slope, Bonanza/vernal - Any Legal Weapon",DEER,G.S.,PREFERENCE_POINT,Resident,2875,0,339,339,1 in 8.5,11.76470588,hunt_total_draw_result,21_deer_odds.pdf,GENERAL_SEASON_DEER,53
2021,2022,DB1552,"South Slope, Bonanza/vernal - Any Legal Weapon",DEER,G.S.,PREFERENCE_POINT,Nonresident,170,0,44,44,1 in 3.9,25.64102564,hunt_total_draw_result,21_deer_odds.pdf,GENERAL_SEASON_DEER,53
2021,2022,DB1553,"South Slope, Yellowstone - Any Legal Weapon",DEER,G.S.,PREFERENCE_POINT,Resident,2292,0,483,483,1 in 4.7,21.27659574,hunt_total_draw_result,21_deer_odds.pdf,GENERAL_SEASON_DEER,54
2021,2022,DB1553,"South Slope, Yellowstone - Any Legal Weapon",DEER,G.S.,PREFERENCE_POINT,Nonresident,105,0,68,68,1 in 1.5,66.66666667,hunt_total_draw_result,21_deer_odds.pdf,GENERAL_SEASON_DEER,54
2021,2022,DB1554,Southwest Desert - Any Legal Weapon,DEER,G.S.,PREFERENCE_POINT,Resident,863,0,200,200,1 in 4.3,23.25581395,hunt_total_draw_result,21_deer_odds.pdf,GENERAL_SEASON_DEER,55
2021,2022,DB1554,Southwest Desert - Any Legal Weapon,DEER,G.S.,PREFERENCE_POINT,Nonresident,162,0,23,23,1 in 7.0,14.28571429,hunt_total_draw_result,21_deer_odds.pdf,GENERAL_SEASON_DEER,55
2021,2022,DB1555,"Wasatch Mtns, East - Any Legal Weapon",DEER,G.S.,PREFERENCE_POINT,Resident,5962,0,1441,1441,1 in 4.1,24.3902439,hunt_total_draw_result,21_deer_odds.pdf,GENERAL_SEASON_DEER,56
2021,2022,DB1555,"Wasatch Mtns, East - Any Legal Weapon",DEER,G.S.,PREFERENCE_POINT,Nonresident,258,0,204,204,1 in 1.3,76.92307692,hunt_total_draw_result,21_deer_odds.pdf,GENERAL_SEASON_DEER,56
2021,2022,DB1556,"Wasatch Mtns, West - Any Legal Weapon",DEER,G.S.,PREFERENCE_POINT,Resident,3684,0,3336,3336,1 in 1.1,90.90909091,hunt_total_draw_result,21_deer_odds.pdf,GENERAL_SEASON_DEER,57
2021,2022,DB1556,"Wasatch Mtns, West - Any Legal Weapon",DEER,G.S.,PREFERENCE_POINT,Nonresident,98,0,98,98,1 in 1.0,100,hunt_total_draw_result,21_deer_odds.pdf,GENERAL_SEASON_DEER,57
2021,2022,DB1557,"West Desert, Tintic - Any Legal Weapon",DEER,G.S.,PREFERENCE_POINT,Resident,1436,0,317,317,1 in 4.5,22.22222222,hunt_total_draw_result,21_deer_odds.pdf,GENERAL_SEASON_DEER,58
2021,2022,DB1557,"West Desert, Tintic - Any Legal Weapon",DEER,G.S.,PREFERENCE_POINT,Nonresident,25,0,23,23,1 in 1.1,90.90909091,hunt_total_draw_result,21_deer_odds.pdf,GENERAL_SEASON_DEER,58
2021,2022,DB1558,"West Desert, West -An y Legal Weapon",DEER,G.S.,PREFERENCE_POINT,Resident,493,0,172,172,1 in 2.9,34.48275862,hunt_total_draw_result,21_deer_odds.pdf,GENERAL_SEASON_DEER,59
2021,2022,DB1558,"West Desert, West -An y Legal Weapon",DEER,G.S.,PREFERENCE_POINT,Nonresident,55,0,24,24,1 in 2.3,43.47826087,hunt_total_draw_result,21_deer_odds.pdf,GENERAL_SEASON_DEER,59
2021,2022,DB1559,Zion - Any Legal Weapon,DEER,G.S.,PREFERENCE_POINT,Resident,2784,0,669,669,1 in 4.2,23.80952381,hunt_total_draw_result,21_deer_odds.pdf,GENERAL_SEASON_DEER,60
2021,2022,DB1559,Zion - Any Legal Weapon,DEER,G.S.,PREFERENCE_POINT,Nonresident,491,0,75,75,1 in 6.5,15.38461538,hunt_total_draw_result,21_deer_odds.pdf,GENERAL_SEASON_DEER,60
2021,2022,DB1560,Beaver - Muzzleloader,DEER,G.S.,PREFERENCE_POINT,Resident,666,0,150,150,1 in 4.4,22.72727273,hunt_total_draw_result,21_deer_odds.pdf,GENERAL_SEASON_DEER,61
2021,2022,DB1560,Beaver - Muzzleloader,DEER,G.S.,PREFERENCE_POINT,Nonresident,114,0,18,18,1 in 6.3,15.87301587,hunt_total_draw_result,21_deer_odds.pdf,GENERAL_SEASON_DEER,61
2021,2022,DB1561,Box Elder - Muzzleloader,DEER,G.S.,PREFERENCE_POINT,Resident,438,0,436,436,1 in 1.0,100,hunt_total_draw_result,21_deer_odds.pdf,GENERAL_SEASON_DEER,62
2021,2022,DB1561,Box Elder - Muzzleloader,DEER,G.S.,PREFERENCE_POINT,Nonresident,23,0,23,23,1 in 1.0,100,hunt_total_draw_result,21_deer_odds.pdf,GENERAL_SEASON_DEER,62
2021,2022,DB1562,Cache - Muzzleloader,DEER,G.S.,PREFERENCE_POINT,Resident,1213,0,741,741,1 in 1.6,62.5,hunt_total_draw_result,21_deer_odds.pdf,GENERAL_SEASON_DEER,63
2021,2022,DB1562,Cache - Muzzleloader,DEER,G.S.,PREFERENCE_POINT,Nonresident,18,0,18,18,1 in 1.0,100,hunt_total_draw_result,21_deer_odds.pdf,GENERAL_SEASON_DEER,63
2021,2022,DB1563,"Central Mtns, Manti/san Rafael - Muzzleloader",DEER,G.S.,PREFERENCE_POINT,Resident,2105,0,910,910,1 in 2.3,43.47826087,hunt_total_draw_result,21_deer_odds.pdf,GENERAL_SEASON_DEER,64
2021,2022,DB1563,"Central Mtns, Manti/san Rafael - Muzzleloader",DEER,G.S.,PREFERENCE_POINT,Nonresident,89,0,73,73,1 in 1.2,83.33333333,hunt_total_draw_result,21_deer_odds.pdf,GENERAL_SEASON_DEER,64
2021,2022,DB1564,"Central Mtns, Nebo - Muzzleloader",DEER,G.S.,PREFERENCE_POINT,Resident,584,0,569,569,1 in 1.0,100,hunt_total_draw_result,21_deer_odds.pdf,GENERAL_SEASON_DEER,65
2021,2022,DB1564,"Central Mtns, Nebo - Muzzleloader",DEER,G.S.,PREFERENCE_POINT,Nonresident,17,0,17,17,1 in 1.0,100,hunt_total_draw_result,21_deer_odds.pdf,GENERAL_SEASON_DEER,65
2021,2022,DB1565,Chalk Creek/east Canyon/morgan-south Rich - Muzzleloader,DEER,G.S.,PREFERENCE_POINT,Resident,648,0,641,641,1 in 1.0,100,hunt_total_draw_result,21_deer_odds.pdf,GENERAL_SEASON_DEER,66
2021,2022,DB1565,Chalk Creek/east Canyon/morgan-south Rich - Muzzleloader,DEER,G.S.,PREFERENCE_POINT,Nonresident,10,0,10,10,1 in 1.0,100,hunt_total_draw_result,21_deer_odds.pdf,GENERAL_SEASON_DEER,66
2021,2022,DB1566,Fillmore - Muzzleloader,DEER,G.S.,PREFERENCE_POINT,Resident,501,0,133,133,1 in 3.8,26.31578947,hunt_total_draw_result,21_deer_odds.pdf,GENERAL_SEASON_DEER,67
2021,2022,DB1566,Fillmore - Muzzleloader,DEER,G.S.,PREFERENCE_POINT,Nonresident,41,0,19,19,1 in 2.2,45.45454545,hunt_total_draw_result,21_deer_odds.pdf,GENERAL_SEASON_DEER,67
2021,2022,DB1568,Kamas - Muzzleloader,DEER,G.S.,PREFERENCE_POINT,Resident,219,0,210,210,1 in 1.0,100,hunt_total_draw_result,21_deer_odds.pdf,GENERAL_SEASON_DEER,68
2021,2022,DB1568,Kamas - Muzzleloader,DEER,G.S.,PREFERENCE_POINT,Nonresident,6,0,6,6,1 in 1.0,100,hunt_total_draw_result,21_deer_odds.pdf,GENERAL_SEASON_DEER,68
2021,2022,DB1569,"La Sal, La Sal Mtns - Muzzleloader",DEER,G.S.,PREFERENCE_POINT,Resident,373,0,198,198,1 in 1.9,52.63157895,hunt_total_draw_result,21_deer_odds.pdf,GENERAL_SEASON_DEER,69
2021,2022,DB1569,"La Sal, La Sal Mtns - Muzzleloader",DEER,G.S.,PREFERENCE_POINT,Nonresident,82,0,24,24,1 in 3.4,29.41176471,hunt_total_draw_result,21_deer_odds.pdf,GENERAL_SEASON_DEER,69
2021,2022,DB1570,Monroe - Muzzleloader,DEER,G.S.,PREFERENCE_POINT,Resident,520,0,80,80,1 in 6.5,15.38461538,hunt_total_draw_result,21_deer_odds.pdf,GENERAL_SEASON_DEER,70
2021,2022,DB1570,Monroe - Muzzleloader,DEER,G.S.,PREFERENCE_POINT,Nonresident,38,0,9,9,1 in 4.2,23.80952381,hunt_total_draw_result,21_deer_odds.pdf,GENERAL_SEASON_DEER,70
2021,2022,DB1571,Mt Dutton - Muzzleloader,DEER,G.S.,PREFERENCE_POINT,Resident,162,0,25,25,1 in 6.5,15.38461538,hunt_total_draw_result,21_deer_odds.pdf,GENERAL_SEASON_DEER,71
2021,2022,DB1571,Mt Dutton - Muzzleloader,DEER,G.S.,PREFERENCE_POINT,Nonresident,23,0,4,4,1 in 5.8,17.24137931,hunt_total_draw_result,21_deer_odds.pdf,GENERAL_SEASON_DEER,71
2021,2022,DB1572,Nine Mile - Muzzleloader,DEER,G.S.,PREFERENCE_POINT,Resident,189,0,181,181,1 in 1.0,100,hunt_total_draw_result,21_deer_odds.pdf,GENERAL_SEASON_DEER,72
2021,2022,DB1572,Nine Mile - Muzzleloader,DEER,G.S.,PREFERENCE_POINT,Nonresident,8,0,8,8,1 in 1.0,100,hunt_total_draw_result,21_deer_odds.pdf,GENERAL_SEASON_DEER,72
2021,2022,DB1573,North Slope - Muzzleloader,DEER,G.S.,PREFERENCE_POINT,Resident,746,0,349,349,1 in 2.1,47.61904762,hunt_total_draw_result,21_deer_odds.pdf,GENERAL_SEASON_DEER,73
2021,2022,DB1573,North Slope - Muzzleloader,DEER,G.S.,PREFERENCE_POINT,Nonresident,31,0,26,26,1 in 1.2,83.33333333,hunt_total_draw_result,21_deer_odds.pdf,GENERAL_SEASON_DEER,73
2021,2022,DB1574,Ogden - Muzzleloader,DEER,G.S.,PREFERENCE_POINT,Resident,362,0,343,343,1 in 1.1,90.90909091,hunt_total_draw_result,21_deer_odds.pdf,GENERAL_SEASON_DEER,74
2021,2022,DB1574,Ogden - Muzzleloader,DEER,G.S.,PREFERENCE_POINT,Nonresident,4,0,4,4,1 in 1.0,100,hunt_total_draw_result,21_deer_odds.pdf,GENERAL_SEASON_DEER,74
2021,2022,DB1575,Oquirrh-stansbury - Muzzleloader,DEER,G.S.,PREFERENCE_POINT,Resident,735,0,267,267,1 in 2.8,35.71428571,hunt_total_draw_result,21_deer_odds.pdf,GENERAL_SEASON_DEER,75
2021,2022,DB1575,Oquirrh-stansbury - Muzzleloader,DEER,G.S.,PREFERENCE_POINT,Nonresident,28,0,27,27,1 in 1.0,100,hunt_total_draw_result,21_deer_odds.pdf,GENERAL_SEASON_DEER,75
2021,2022,DB1576,Panguitch Lake - Muzzleloader,DEER,G.S.,PREFERENCE_POINT,Resident,716,0,108,108,1 in 6.6,15.15151515,hunt_total_draw_result,21_deer_odds.pdf,GENERAL_SEASON_DEER,76
2021,2022,DB1576,Panguitch Lake - Muzzleloader,DEER,G.S.,PREFERENCE_POINT,Nonresident,148,0,13,13,1 in 11.4,8.77192982,hunt_total_draw_result,21_deer_odds.pdf,GENERAL_SEASON_DEER,76
2021,2022,DB1577,Pine Valley - Muzzleloader,DEER,G.S.,PREFERENCE_POINT,Resident,1009,0,460,460,1 in 2.2,45.45454545,hunt_total_draw_result,21_deer_odds.pdf,GENERAL_SEASON_DEER,77
2021,2022,DB1577,Pine Valley - Muzzleloader,DEER,G.S.,PREFERENCE_POINT,Nonresident,296,0,52,52,1 in 5.7,17.54385965,hunt_total_draw_result,21_deer_odds.pdf,GENERAL_SEASON_DEER,77
2021,2022,DB1578,"Plateau, Boulder/kaiparowits - Muzzleloader",DEER,G.S.,PREFERENCE_POINT,Resident,650,0,71,71,1 in 9.2,10.86956522,hunt_total_draw_result,21_deer_odds.pdf,GENERAL_SEASON_DEER,78
2021,2022,DB1578,"Plateau, Boulder/kaiparowits - Muzzleloader",DEER,G.S.,PREFERENCE_POINT,Nonresident,63,0,9,9,1 in 7.0,14.28571429,hunt_total_draw_result,21_deer_odds.pdf,GENERAL_SEASON_DEER,78
2021,2022,DB1579,"Plateau, Fishlake - Muzzleloader",DEER,G.S.,PREFERENCE_POINT,Resident,558,0,74,74,1 in 7.5,13.33333333,hunt_total_draw_result,21_deer_odds.pdf,GENERAL_SEASON_DEER,79
2021,2022,DB1579,"Plateau, Fishlake - Muzzleloader",DEER,G.S.,PREFERENCE_POINT,Nonresident,48,0,10,10,1 in 4.8,20.83333333,hunt_total_draw_result,21_deer_odds.pdf,GENERAL_SEASON_DEER,79
2021,2022,DB1580,"Plateau, Thousand Lakes - Muzzleloader",DEER,G.S.,PREFERENCE_POINT,Resident,89,0,35,35,1 in 2.5,40,hunt_total_draw_result,21_deer_odds.pdf,GENERAL_SEASON_DEER,80
2021,2022,DB1580,"Plateau, Thousand Lakes - Muzzleloader",DEER,G.S.,PREFERENCE_POINT,Nonresident,7,0,5,5,1 in 1.4,71.42857143,hunt_total_draw_result,21_deer_odds.pdf,GENERAL_SEASON_DEER,80
2021,2022,DB1581,"San Juan, Abajo Mtns - Muzzleloader",DEER,G.S.,PREFERENCE_POINT,Resident,454,0,312,312,1 in 1.5,66.66666667,hunt_total_draw_result,21_deer_odds.pdf,GENERAL_SEASON_DEER,81
2021,2022,DB1581,"San Juan, Abajo Mtns - Muzzleloader",DEER,G.S.,PREFERENCE_POINT,Nonresident,176,0,34,34,1 in 5.2,19.23076923,hunt_total_draw_result,21_deer_odds.pdf,GENERAL_SEASON_DEER,81
2021,2022,DB1582,"South Slope, Bonanza/vernal - Muzzleloader",DEER,G.S.,PREFERENCE_POINT,Resident,633,0,130,130,1 in 4.9,20.40816327,hunt_total_draw_result,21_deer_odds.pdf,GENERAL_SEASON_DEER,82
2021,2022,DB1582,"South Slope, Bonanza/vernal - Muzzleloader",DEER,G.S.,PREFERENCE_POINT,Nonresident,50,0,18,18,1 in 2.8,35.71428571,hunt_total_draw_result,21_deer_odds.pdf,GENERAL_SEASON_DEER,82
2021,2022,DB1583,"South Slope, Yellowstone - Muzzleloader",DEER,G.S.,PREFERENCE_POINT,Resident,597,0,159,159,1 in 3.8,26.31578947,hunt_total_draw_result,21_deer_odds.pdf,GENERAL_SEASON_DEER,83
2021,2022,DB1583,"South Slope, Yellowstone - Muzzleloader",DEER,G.S.,PREFERENCE_POINT,Nonresident,28,0,23,23,1 in 1.2,83.33333333,hunt_total_draw_result,21_deer_odds.pdf,GENERAL_SEASON_DEER,83
2021,2022,DB1584,Southwest Desert - Muzzleloader,DEER,G.S.,PREFERENCE_POINT,Resident,183,0,75,75,1 in 2.4,41.66666667,hunt_total_draw_result,21_deer_odds.pdf,GENERAL_SEASON_DEER,84
2021,2022,DB1584,Southwest Desert - Muzzleloader,DEER,G.S.,PREFERENCE_POINT,Nonresident,74,0,9,9,1 in 8.2,12.19512195,hunt_total_draw_result,21_deer_odds.pdf,GENERAL_SEASON_DEER,84
2021,2022,DB1585,"Wasatch Mtns, East - Muzzleloader",DEER,G.S.,PREFERENCE_POINT,Resident,1597,0,529,529,1 in 3.0,33.33333333,hunt_total_draw_result,21_deer_odds.pdf,GENERAL_SEASON_DEER,85
2021,2022,DB1585,"Wasatch Mtns, East - Muzzleloader",DEER,G.S.,PREFERENCE_POINT,Nonresident,61,0,55,55,1 in 1.1,90.90909091,hunt_total_draw_result,21_deer_odds.pdf,GENERAL_SEASON_DEER,85
2021,2022,DB1586,"Wasatch Mtns, West - Muzzleloader",DEER,G.S.,PREFERENCE_POINT,Resident,815,0,786,786,1 in 1.0,100,hunt_total_draw_result,21_deer_odds.pdf,GENERAL_SEASON_DEER,86
2021,2022,DB1586,"Wasatch Mtns, West - Muzzleloader",DEER,G.S.,PREFERENCE_POINT,Nonresident,15,0,15,15,1 in 1.0,100,hunt_total_draw_result,21_deer_odds.pdf,GENERAL_SEASON_DEER,86
2021,2022,DB1587,"West Desert, Tintic - Muzzleloader",DEER,G.S.,PREFERENCE_POINT,Resident,288,0,116,116,1 in 2.5,40,hunt_total_draw_result,21_deer_odds.pdf,GENERAL_SEASON_DEER,87
2021,2022,DB1587,"West Desert, Tintic - Muzzleloader",DEER,G.S.,PREFERENCE_POINT,Nonresident,5,0,5,5,1 in 1.0,100,hunt_total_draw_result,21_deer_odds.pdf,GENERAL_SEASON_DEER,87
2021,2022,DB1588,"West Desert, West - Muzzleloader",DEER,G.S.,PREFERENCE_POINT,Resident,131,0,68,68,1 in 1.9,52.63157895,hunt_total_draw_result,21_deer_odds.pdf,GENERAL_SEASON_DEER,88
2021,2022,DB1588,"West Desert, West - Muzzleloader",DEER,G.S.,PREFERENCE_POINT,Nonresident,11,0,9,9,1 in 1.2,83.33333333,hunt_total_draw_result,21_deer_odds.pdf,GENERAL_SEASON_DEER,88
2021,2022,DB1589,Zion - Muzzleloader,DEER,G.S.,PREFERENCE_POINT,Resident,566,0,366,366,1 in 1.5,66.66666667,hunt_total_draw_result,21_deer_odds.pdf,GENERAL_SEASON_DEER,89
2021,2022,DB1589,Zion - Muzzleloader,DEER,G.S.,PREFERENCE_POINT,Nonresident,111,0,46,46,1 in 2.4,41.66666667,hunt_total_draw_result,21_deer_odds.pdf,GENERAL_SEASON_DEER,89
2021,2022,DB1590,Chalk Creek/east Canyon/morgan-south Rich - Any Legal Weapon,DEER,G.S.,PREFERENCE_POINT,Resident,1065,0,1043,1043,1 in 1.0,100,hunt_total_draw_result,21_deer_odds.pdf,GENERAL_SEASON_DEER,90
2021,2022,DB1590,Chalk Creek/east Canyon/morgan-south Rich - Any Legal Weapon,DEER,G.S.,PREFERENCE_POINT,Nonresident,26,0,26,26,1 in 1.0,100,hunt_total_draw_result,21_deer_odds.pdf,GENERAL_SEASON_DEER,90
2021,2022,DB1591,Fillmore - Any Legal Weapon,DEER,G.S.,PREFERENCE_POINT,Resident,906,0,138,138,1 in 6.6,15.15151515,hunt_total_draw_result,21_deer_odds.pdf,GENERAL_SEASON_DEER,91
2021,2022,DB1591,Fillmore - Any Legal Weapon,DEER,G.S.,PREFERENCE_POINT,Nonresident,89,0,16,16,1 in 5.6,17.85714286,hunt_total_draw_result,21_deer_odds.pdf,GENERAL_SEASON_DEER,91
2021,2022,DB1592,Kamas - Any Legal Weapon,DEER,G.S.,PREFERENCE_POINT,Resident,540,0,443,443,1 in 1.2,83.33333333,hunt_total_draw_result,21_deer_odds.pdf,GENERAL_SEASON_DEER,92
2021,2022,DB1592,Kamas - Any Legal Weapon,DEER,G.S.,PREFERENCE_POINT,Nonresident,15,0,15,15,1 in 1.0,100,hunt_total_draw_result,21_deer_odds.pdf,GENERAL_SEASON_DEER,92
2021,2022,DB1593,Nine Mile - Any Legal Weapon,DEER,G.S.,PREFERENCE_POINT,Resident,351,0,196,196,1 in 1.8,55.55555556,hunt_total_draw_result,21_deer_odds.pdf,GENERAL_SEASON_DEER,93
2021,2022,DB1593,Nine Mile - Any Legal Weapon,DEER,G.S.,PREFERENCE_POINT,Nonresident,43,0,28,28,1 in 1.5,66.66666667,hunt_total_draw_result,21_deer_odds.pdf,GENERAL_SEASON_DEER,93
2021,2022,DB1594,Panguitch Lake - Any Legal Weapon,DEER,G.S.,PREFERENCE_POINT,Resident,834,0,138,138,1 in 6.0,16.66666667,hunt_total_draw_result,21_deer_odds.pdf,GENERAL_SEASON_DEER,94
2021,2022,DB1594,Panguitch Lake - Any Legal Weapon,DEER,G.S.,PREFERENCE_POINT,Nonresident,222,0,16,16,1 in 13.9,7.1942446,hunt_total_draw_result,21_deer_odds.pdf,GENERAL_SEASON_DEER,94
2021,2022,DB1595,Pine Valley - Any Legal Weapon,DEER,G.S.,PREFERENCE_POINT,Resident,1783,0,476,476,1 in 3.7,27.02702703,hunt_total_draw_result,21_deer_odds.pdf,GENERAL_SEASON_DEER,95
2021,2022,DB1595,Pine Valley - Any Legal Weapon,DEER,G.S.,PREFERENCE_POINT,Nonresident,470,0,54,54,1 in 8.7,11.49425287,hunt_total_draw_result,21_deer_odds.pdf,GENERAL_SEASON_DEER,95
2021,2022,DB1596,"Plateau, Fishlake - Any Legal Weapon",DEER,G.S.,PREFERENCE_POINT,Resident,821,0,84,84,1 in 9.8,10.20408163,hunt_total_draw_result,21_deer_odds.pdf,GENERAL_SEASON_DEER,96
2021,2022,DB1596,"Plateau, Fishlake - Any Legal Weapon",DEER,G.S.,PREFERENCE_POINT,Nonresident,69,0,10,10,1 in 6.9,14.49275362,hunt_total_draw_result,21_deer_odds.pdf,GENERAL_SEASON_DEER,96
2021,2022,DB1597,Zion - Any Legal Weapon,DEER,G.S.,PREFERENCE_POINT,Resident,913,0,362,362,1 in 2.5,40,hunt_total_draw_result,21_deer_odds.pdf,GENERAL_SEASON_DEER,97
2021,2022,DB1597,Zion - Any Legal Weapon,DEER,G.S.,PREFERENCE_POINT,Nonresident,170,0,41,41,1 in 4.1,24.3902439,hunt_total_draw_result,21_deer_odds.pdf,GENERAL_SEASON_DEER,97
2021,2022,DB1598,North Slope - Any Legal Weapon,DEER,G.S.,PREFERENCE_POINT,Resident,558,0,299,299,1 in 1.9,52.63157895,hunt_total_draw_result,21_deer_odds.pdf,GENERAL_SEASON_DEER,98
2021,2022,DB1598,North Slope - Any Legal Weapon,DEER,G.S.,PREFERENCE_POINT,Nonresident,38,0,35,35,1 in 1.1,90.90909091,hunt_total_draw_result,21_deer_odds.pdf,GENERAL_SEASON_DEER,98
2021,2022,DB1769,Beaver - Any Legal Weapon,DEER,D.H.,PREFERENCE_POINT,Resident,253,0,40,40,1 in 6.3,15.87301587,hunt_total_draw_result,21_dh_odds.pdf,DEDICATED_HUNTER_DEER,3
2021,2022,DB1769,Beaver - Any Legal Weapon,DEER,D.H.,PREFERENCE_POINT,Nonresident,11,0,5,5,1 in 2.2,45.45454545,hunt_total_draw_result,21_dh_odds.pdf,DEDICATED_HUNTER_DEER,3
2021,2022,DB1770,Box Elder - Any Legal Weapon,DEER,D.H.,PREFERENCE_POINT,Resident,36,0,36,36,1 in 1.0,100,hunt_total_draw_result,21_dh_odds.pdf,DEDICATED_HUNTER_DEER,4
2021,2022,DB1770,Box Elder - Any Legal Weapon,DEER,D.H.,PREFERENCE_POINT,Nonresident,1,0,1,1,1 in 1.0,100,hunt_total_draw_result,21_dh_odds.pdf,DEDICATED_HUNTER_DEER,4
2021,2022,DB1771,Cache - Any Legal Weapon,DEER,D.H.,PREFERENCE_POINT,Resident,178,0,177,177,1 in 1.0,100,hunt_total_draw_result,21_dh_odds.pdf,DEDICATED_HUNTER_DEER,5
2021,2022,DB1771,Cache - Any Legal Weapon,DEER,D.H.,PREFERENCE_POINT,Nonresident,3,0,2,2,1 in 1.5,66.66666667,hunt_total_draw_result,21_dh_odds.pdf,DEDICATED_HUNTER_DEER,5
2021,2022,DB1772,"Central Mtns, Manti/san Rafael - Any Legal Weapon",DEER,D.H.,PREFERENCE_POINT,Resident,574,0,269,269,1 in 2.1,47.61904762,hunt_total_draw_result,21_dh_odds.pdf,DEDICATED_HUNTER_DEER,6
2021,2022,DB1772,"Central Mtns, Manti/san Rafael - Any Legal Weapon",DEER,D.H.,PREFERENCE_POINT,Nonresident,2,0,2,2,1 in 1.0,100,hunt_total_draw_result,21_dh_odds.pdf,DEDICATED_HUNTER_DEER,6
2021,2022,DB1773,"Central Mtns, Nebo - Any Legal Weapon",DEER,D.H.,PREFERENCE_POINT,Resident,99,0,99,99,1 in 1.0,100,hunt_total_draw_result,21_dh_odds.pdf,DEDICATED_HUNTER_DEER,7
2021,2022,DB1773,"Central Mtns, Nebo - Any Legal Weapon",DEER,D.H.,PREFERENCE_POINT,Nonresident,0,0,0,0,N/A,,hunt_total_draw_result,21_dh_odds.pdf,DEDICATED_HUNTER_DEER,7
2021,2022,DB1774,Chalk Creek/east Canyon/morgan-south Rich - Any Legal Weapon,DEER,D.H.,PREFERENCE_POINT,Resident,121,0,118,118,1 in 1.0,100,hunt_total_draw_result,21_dh_odds.pdf,DEDICATED_HUNTER_DEER,8
2021,2022,DB1774,Chalk Creek/east Canyon/morgan-south Rich - Any Legal Weapon,DEER,D.H.,PREFERENCE_POINT,Nonresident,1,0,1,1,1 in 1.0,100,hunt_total_draw_result,21_dh_odds.pdf,DEDICATED_HUNTER_DEER,8
2021,2022,DB1775,Fillmore - Any Legal Weapon,DEER,D.H.,PREFERENCE_POINT,Resident,261,0,22,22,1 in 11.9,8.40336134,hunt_total_draw_result,21_dh_odds.pdf,DEDICATED_HUNTER_DEER,9
2021,2022,DB1775,Fillmore - Any Legal Weapon,DEER,D.H.,PREFERENCE_POINT,Nonresident,3,0,2,2,1 in 1.5,66.66666667,hunt_total_draw_result,21_dh_odds.pdf,DEDICATED_HUNTER_DEER,9
2021,2022,DB1777,Kamas - Any Legal Weapon,DEER,D.H.,PREFERENCE_POINT,Resident,53,0,52,52,1 in 1.0,100,hunt_total_draw_result,21_dh_odds.pdf,DEDICATED_HUNTER_DEER,10
2021,2022,DB1777,Kamas - Any Legal Weapon,DEER,D.H.,PREFERENCE_POINT,Nonresident,0,0,0,0,N/A,,hunt_total_draw_result,21_dh_odds.pdf,DEDICATED_HUNTER_DEER,10
2021,2022,DB1778,"La Sal, La Sal Mtns - Any Legal Weapon",DEER,D.H.,PREFERENCE_POINT,Resident,47,0,46,46,1 in 1.0,100,hunt_total_draw_result,21_dh_odds.pdf,DEDICATED_HUNTER_DEER,11
2021,2022,DB1778,"La Sal, La Sal Mtns - Any Legal Weapon",DEER,D.H.,PREFERENCE_POINT,Nonresident,5,0,5,5,1 in 1.0,100,hunt_total_draw_result,21_dh_odds.pdf,DEDICATED_HUNTER_DEER,11
2021,2022,DB1779,Monroe - Any Legal Weapon,DEER,D.H.,PREFERENCE_POINT,Resident,186,0,14,14,1 in 13.3,7.51879699,hunt_total_draw_result,21_dh_odds.pdf,DEDICATED_HUNTER_DEER,12
2021,2022,DB1779,Monroe - Any Legal Weapon,DEER,D.H.,PREFERENCE_POINT,Nonresident,1,0,1,1,1 in 1.0,100,hunt_total_draw_result,21_dh_odds.pdf,DEDICATED_HUNTER_DEER,12
2021,2022,DB1780,Mt Dutton - Any Legal Weapon,DEER,D.H.,PREFERENCE_POINT,Resident,58,0,1,1,1 in 58.0,1.72413793,hunt_total_draw_result,21_dh_odds.pdf,DEDICATED_HUNTER_DEER,13
2021,2022,DB1780,Mt Dutton - Any Legal Weapon,DEER,D.H.,PREFERENCE_POINT,Nonresident,1,0,1,1,1 in 1.0,100,hunt_total_draw_result,21_dh_odds.pdf,DEDICATED_HUNTER_DEER,13
2021,2022,DB1781,Nine Mile - Any Legal Weapon,DEER,D.H.,PREFERENCE_POINT,Resident,73,0,72,72,1 in 1.0,100,hunt_total_draw_result,21_dh_odds.pdf,DEDICATED_HUNTER_DEER,14
2021,2022,DB1781,Nine Mile - Any Legal Weapon,DEER,D.H.,PREFERENCE_POINT,Nonresident,0,0,0,0,N/A,,hunt_total_draw_result,21_dh_odds.pdf,DEDICATED_HUNTER_DEER,14
2021,2022,DB1782,North Slope - Any Legal Weapon,DEER,D.H.,PREFERENCE_POINT,Resident,52,0,50,50,1 in 1.0,100,hunt_total_draw_result,21_dh_odds.pdf,DEDICATED_HUNTER_DEER,15
2021,2022,DB1782,North Slope - Any Legal Weapon,DEER,D.H.,PREFERENCE_POINT,Nonresident,0,0,0,0,N/A,,hunt_total_draw_result,21_dh_odds.pdf,DEDICATED_HUNTER_DEER,15
2021,2022,DB1783,Ogden - Any Legal Weapon,DEER,D.H.,PREFERENCE_POINT,Resident,45,0,44,44,1 in 1.0,100,hunt_total_draw_result,21_dh_odds.pdf,DEDICATED_HUNTER_DEER,16
2021,2022,DB1783,Ogden - Any Legal Weapon,DEER,D.H.,PREFERENCE_POINT,Nonresident,0,0,0,0,N/A,,hunt_total_draw_result,21_dh_odds.pdf,DEDICATED_HUNTER_DEER,16
2021,2022,DB1784,Oquirrh-stansbury - Any Legal Weapon,DEER,D.H.,PREFERENCE_POINT,Resident,495,0,58,58,1 in 8.5,11.76470588,hunt_total_draw_result,21_dh_odds.pdf,DEDICATED_HUNTER_DEER,17
2021,2022,DB1784,Oquirrh-stansbury - Any Legal Weapon,DEER,D.H.,PREFERENCE_POINT,Nonresident,3,0,3,3,1 in 1.0,100,hunt_total_draw_result,21_dh_odds.pdf,DEDICATED_HUNTER_DEER,17
2021,2022,DB1785,Panguitch Lake - Any Legal Weapon,DEER,D.H.,PREFERENCE_POINT,Resident,254,0,1,1,1 in 254.0,0.39370079,hunt_total_draw_result,21_dh_odds.pdf,DEDICATED_HUNTER_DEER,18
2021,2022,DB1785,Panguitch Lake - Any Legal Weapon,DEER,D.H.,PREFERENCE_POINT,Nonresident,19,0,1,1,1 in 19.0,5.26315789,hunt_total_draw_result,21_dh_odds.pdf,DEDICATED_HUNTER_DEER,18
2021,2022,DB1786,Pine Valley - Any Legal Weapon,DEER,D.H.,PREFERENCE_POINT,Resident,790,0,30,30,1 in 26.3,3.80228137,hunt_total_draw_result,21_dh_odds.pdf,DEDICATED_HUNTER_DEER,19
2021,2022,DB1786,Pine Valley - Any Legal Weapon,DEER,D.H.,PREFERENCE_POINT,Nonresident,85,0,4,4,1 in 21.3,4.69483568,hunt_total_draw_result,21_dh_odds.pdf,DEDICATED_HUNTER_DEER,19
2021,2022,DB1787,"Plateau, Boulder/kaiparowits - Any Legal Weapon",DEER,D.H.,PREFERENCE_POINT,Resident,359,0,1,1,1 in 359.0,0.27855153,hunt_total_draw_result,21_dh_odds.pdf,DEDICATED_HUNTER_DEER,20
2021,2022,DB1787,"Plateau, Boulder/kaiparowits - Any Legal Weapon",DEER,D.H.,PREFERENCE_POINT,Nonresident,13,0,1,1,1 in 13.0,7.69230769,hunt_total_draw_result,21_dh_odds.pdf,DEDICATED_HUNTER_DEER,20
2021,2022,DB1788,"Plateau, Fishlake - Any Legal Weapon",DEER,D.H.,PREFERENCE_POINT,Resident,196,0,1,1,1 in 196.0,0.51020408,hunt_total_draw_result,21_dh_odds.pdf,DEDICATED_HUNTER_DEER,21
2021,2022,DB1788,"Plateau, Fishlake - Any Legal Weapon",DEER,D.H.,PREFERENCE_POINT,Nonresident,2,0,1,1,1 in 2.0,50,hunt_total_draw_result,21_dh_odds.pdf,DEDICATED_HUNTER_DEER,21
2021,2022,DB1789,"Plateau, Thousand Lakes - Any Legal Weapon",DEER,D.H.,PREFERENCE_POINT,Resident,17,0,2,2,1 in 8.5,11.76470588,hunt_total_draw_result,21_dh_odds.pdf,DEDICATED_HUNTER_DEER,22
2021,2022,DB1789,"Plateau, Thousand Lakes - Any Legal Weapon",DEER,D.H.,PREFERENCE_POINT,Nonresident,2,0,0,0,N/A,,hunt_total_draw_result,21_dh_odds.pdf,DEDICATED_HUNTER_DEER,22
2021,2022,DB1790,"San Juan, Abajo Mtns - Any Legal Weapon",DEER,D.H.,PREFERENCE_POINT,Resident,32,0,32,32,1 in 1.0,100,hunt_total_draw_result,21_dh_odds.pdf,DEDICATED_HUNTER_DEER,23
2021,2022,DB1790,"San Juan, Abajo Mtns - Any Legal Weapon",DEER,D.H.,PREFERENCE_POINT,Nonresident,6,0,6,6,1 in 1.0,100,hunt_total_draw_result,21_dh_odds.pdf,DEDICATED_HUNTER_DEER,23
2021,2022,DB1791,"South Slope, Bonanza/vernal - Any Legal Weapon",DEER,D.H.,PREFERENCE_POINT,Resident,175,0,43,43,1 in 4.1,24.3902439,hunt_total_draw_result,21_dh_odds.pdf,DEDICATED_HUNTER_DEER,24
2021,2022,DB1791,"South Slope, Bonanza/vernal - Any Legal Weapon",DEER,D.H.,PREFERENCE_POINT,Nonresident,4,0,4,4,1 in 1.0,100,hunt_total_draw_result,21_dh_odds.pdf,DEDICATED_HUNTER_DEER,24
2021,2022,DB1792,"South Slope, Yellowstone - Any Legal Weapon",DEER,D.H.,PREFERENCE_POINT,Resident,159,0,47,47,1 in 3.4,29.41176471,hunt_total_draw_result,21_dh_odds.pdf,DEDICATED_HUNTER_DEER,25
2021,2022,DB1792,"South Slope, Yellowstone - Any Legal Weapon",DEER,D.H.,PREFERENCE_POINT,Nonresident,3,0,3,3,1 in 1.0,100,hunt_total_draw_result,21_dh_odds.pdf,DEDICATED_HUNTER_DEER,25
2021,2022,DB1793,Southwest Desert - Any Legal Weapon,DEER,D.H.,PREFERENCE_POINT,Resident,97,0,1,1,1 in 97.0,1.03092784,hunt_total_draw_result,21_dh_odds.pdf,DEDICATED_HUNTER_DEER,26
2021,2022,DB1793,Southwest Desert - Any Legal Weapon,DEER,D.H.,PREFERENCE_POINT,Nonresident,11,0,1,1,1 in 11.0,9.09090909,hunt_total_draw_result,21_dh_odds.pdf,DEDICATED_HUNTER_DEER,26
2021,2022,DB1794,"Wasatch Mtns, East - Any Legal Weapon",DEER,D.H.,PREFERENCE_POINT,Resident,625,0,188,188,1 in 3.3,30.3030303,hunt_total_draw_result,21_dh_odds.pdf,DEDICATED_HUNTER_DEER,27
2021,2022,DB1794,"Wasatch Mtns, East - Any Legal Weapon",DEER,D.H.,PREFERENCE_POINT,Nonresident,1,0,1,1,1 in 1.0,100,hunt_total_draw_result,21_dh_odds.pdf,DEDICATED_HUNTER_DEER,27
2021,2022,DB1795,"Wasatch Mtns, West - Any Legal Weapon",DEER,D.H.,PREFERENCE_POINT,Resident,196,0,193,193,1 in 1.0,100,hunt_total_draw_result,21_dh_odds.pdf,DEDICATED_HUNTER_DEER,28
2021,2022,DB1795,"Wasatch Mtns, West - Any Legal Weapon",DEER,D.H.,PREFERENCE_POINT,Nonresident,1,0,1,1,1 in 1.0,100,hunt_total_draw_result,21_dh_odds.pdf,DEDICATED_HUNTER_DEER,28
2021,2022,DB1796,"West Desert, Tintic - Any Legal Weapon",DEER,D.H.,PREFERENCE_POINT,Resident,39,0,35,35,1 in 1.1,90.90909091,hunt_total_draw_result,21_dh_odds.pdf,DEDICATED_HUNTER_DEER,29
2021,2022,DB1796,"West Desert, Tintic - Any Legal Weapon",DEER,D.H.,PREFERENCE_POINT,Nonresident,0,0,0,0,N/A,,hunt_total_draw_result,21_dh_odds.pdf,DEDICATED_HUNTER_DEER,29
2021,2022,DB1797,"West Desert, West -An y Legal Weapon",DEER,D.H.,PREFERENCE_POINT,Resident,27,0,2,2,1 in 13.5,7.40740741,hunt_total_draw_result,21_dh_odds.pdf,DEDICATED_HUNTER_DEER,30
2021,2022,DB1797,"West Desert, West -An y Legal Weapon",DEER,D.H.,PREFERENCE_POINT,Nonresident,1,0,1,1,1 in 1.0,100,hunt_total_draw_result,21_dh_odds.pdf,DEDICATED_HUNTER_DEER,30
2021,2022,DB1798,Zion - Any Legal Weapon,DEER,D.H.,PREFERENCE_POINT,Resident,270,0,53,53,1 in 5.1,19.60784314,hunt_total_draw_result,21_dh_odds.pdf,DEDICATED_HUNTER_DEER,31
2021,2022,DB1798,Zion - Any Legal Weapon,DEER,D.H.,PREFERENCE_POINT,Nonresident,32,0,4,4,1 in 8.0,12.5,hunt_total_draw_result,21_dh_odds.pdf,DEDICATED_HUNTER_DEER,31
2021,2022,DB1500,Beaver - Archery,DEER,G.S.,PREFERENCE_POINT,Resident,14,0,13,13,1 in 1.1,90.90909091,hunt_total_draw_result,21_lifetime_deer.pdf,LIFETIME_GENERAL_SEASON_DEER,2
2021,2022,DB1500,Beaver - Archery,DEER,G.S.,PREFERENCE_POINT,Nonresident,0,0,0,0,N/A,,hunt_total_draw_result,21_lifetime_deer.pdf,LIFETIME_GENERAL_SEASON_DEER,2
2021,2022,DB1501,Box Elder - Archery,DEER,G.S.,PREFERENCE_POINT,Resident,5,0,5,5,1 in 1.0,100,hunt_total_draw_result,21_lifetime_deer.pdf,LIFETIME_GENERAL_SEASON_DEER,3
2021,2022,DB1501,Box Elder - Archery,DEER,G.S.,PREFERENCE_POINT,Nonresident,2,0,2,2,1 in 1.0,100,hunt_total_draw_result,21_lifetime_deer.pdf,LIFETIME_GENERAL_SEASON_DEER,3
2021,2022,DB1502,Cache - Archery,DEER,G.S.,PREFERENCE_POINT,Resident,16,0,16,16,1 in 1.0,100,hunt_total_draw_result,21_lifetime_deer.pdf,LIFETIME_GENERAL_SEASON_DEER,4
2021,2022,DB1502,Cache - Archery,DEER,G.S.,PREFERENCE_POINT,Nonresident,2,0,2,2,1 in 1.0,100,hunt_total_draw_result,21_lifetime_deer.pdf,LIFETIME_GENERAL_SEASON_DEER,4
2021,2022,DB1503,"Central Mtns, Manti/san Rafael - Archery",DEER,G.S.,PREFERENCE_POINT,Resident,50,0,50,50,1 in 1.0,100,hunt_total_draw_result,21_lifetime_deer.pdf,LIFETIME_GENERAL_SEASON_DEER,5
2021,2022,DB1503,"Central Mtns, Manti/san Rafael - Archery",DEER,G.S.,PREFERENCE_POINT,Nonresident,3,0,3,3,1 in 1.0,100,hunt_total_draw_result,21_lifetime_deer.pdf,LIFETIME_GENERAL_SEASON_DEER,5
2021,2022,DB1504,"Central Mtns, Nebo - Archery",DEER,G.S.,PREFERENCE_POINT,Resident,7,0,7,7,1 in 1.0,100,hunt_total_draw_result,21_lifetime_deer.pdf,LIFETIME_GENERAL_SEASON_DEER,6
2021,2022,DB1504,"Central Mtns, Nebo - Archery",DEER,G.S.,PREFERENCE_POINT,Nonresident,0,0,0,0,N/A,,hunt_total_draw_result,21_lifetime_deer.pdf,LIFETIME_GENERAL_SEASON_DEER,6
2021,2022,DB1505,Chalk Creek/east Canyon/morgan-south Rich - Archery,DEER,G.S.,PREFERENCE_POINT,Resident,30,0,29,29,1 in 1.0,100,hunt_total_draw_result,21_lifetime_deer.pdf,LIFETIME_GENERAL_SEASON_DEER,7
2021,2022,DB1505,Chalk Creek/east Canyon/morgan-south Rich - Archery,DEER,G.S.,PREFERENCE_POINT,Nonresident,0,0,0,0,N/A,,hunt_total_draw_result,21_lifetime_deer.pdf,LIFETIME_GENERAL_SEASON_DEER,7
2021,2022,DB1506,Fillmore - Archery,DEER,G.S.,PREFERENCE_POINT,Resident,12,0,12,12,1 in 1.0,100,hunt_total_draw_result,21_lifetime_deer.pdf,LIFETIME_GENERAL_SEASON_DEER,8
2021,2022,DB1506,Fillmore - Archery,DEER,G.S.,PREFERENCE_POINT,Nonresident,3,0,3,3,1 in 1.0,100,hunt_total_draw_result,21_lifetime_deer.pdf,LIFETIME_GENERAL_SEASON_DEER,8
2021,2022,DB1508,Kamas - Archery,DEER,G.S.,PREFERENCE_POINT,Resident,7,0,7,7,1 in 1.0,100,hunt_total_draw_result,21_lifetime_deer.pdf,LIFETIME_GENERAL_SEASON_DEER,9
2021,2022,DB1508,Kamas - Archery,DEER,G.S.,PREFERENCE_POINT,Nonresident,0,0,0,0,N/A,,hunt_total_draw_result,21_lifetime_deer.pdf,LIFETIME_GENERAL_SEASON_DEER,9
2021,2022,DB1509,"La Sal, La Sal Mtns - Archery",DEER,G.S.,PREFERENCE_POINT,Resident,6,0,6,6,1 in 1.0,100,hunt_total_draw_result,21_lifetime_deer.pdf,LIFETIME_GENERAL_SEASON_DEER,10
2021,2022,DB1509,"La Sal, La Sal Mtns - Archery",DEER,G.S.,PREFERENCE_POINT,Nonresident,2,0,2,2,1 in 1.0,100,hunt_total_draw_result,21_lifetime_deer.pdf,LIFETIME_GENERAL_SEASON_DEER,10
2021,2022,DB1510,Monroe - Archery,DEER,G.S.,PREFERENCE_POINT,Resident,16,0,16,16,1 in 1.0,100,hunt_total_draw_result,21_lifetime_deer.pdf,LIFETIME_GENERAL_SEASON_DEER,11
2021,2022,DB1510,Monroe - Archery,DEER,G.S.,PREFERENCE_POINT,Nonresident,2,0,2,2,1 in 1.0,100,hunt_total_draw_result,21_lifetime_deer.pdf,LIFETIME_GENERAL_SEASON_DEER,11
2021,2022,DB1512,Nine Mile - Archery,DEER,G.S.,PREFERENCE_POINT,Resident,3,0,2,2,1 in 1.5,66.66666667,hunt_total_draw_result,21_lifetime_deer.pdf,LIFETIME_GENERAL_SEASON_DEER,12
2021,2022,DB1512,Nine Mile - Archery,DEER,G.S.,PREFERENCE_POINT,Nonresident,1,0,1,1,1 in 1.0,100,hunt_total_draw_result,21_lifetime_deer.pdf,LIFETIME_GENERAL_SEASON_DEER,12
2021,2022,DB1513,North Slope - Archery,DEER,G.S.,PREFERENCE_POINT,Resident,19,0,19,19,1 in 1.0,100,hunt_total_draw_result,21_lifetime_deer.pdf,LIFETIME_GENERAL_SEASON_DEER,13
2021,2022,DB1513,North Slope - Archery,DEER,G.S.,PREFERENCE_POINT,Nonresident,2,0,2,2,1 in 1.0,100,hunt_total_draw_result,21_lifetime_deer.pdf,LIFETIME_GENERAL_SEASON_DEER,13
2021,2022,DB1514,Ogden - Archery,DEER,G.S.,PREFERENCE_POINT,Resident,11,0,11,11,1 in 1.0,100,hunt_total_draw_result,21_lifetime_deer.pdf,LIFETIME_GENERAL_SEASON_DEER,14
2021,2022,DB1514,Ogden - Archery,DEER,G.S.,PREFERENCE_POINT,Nonresident,0,0,0,0,N/A,,hunt_total_draw_result,21_lifetime_deer.pdf,LIFETIME_GENERAL_SEASON_DEER,14
2021,2022,DB1515,Oquirrh-stansbury - Archery,DEER,G.S.,PREFERENCE_POINT,Resident,3,0,3,3,1 in 1.0,100,hunt_total_draw_result,21_lifetime_deer.pdf,LIFETIME_GENERAL_SEASON_DEER,15
2021,2022,DB1515,Oquirrh-stansbury - Archery,DEER,G.S.,PREFERENCE_POINT,Nonresident,0,0,0,0,N/A,,hunt_total_draw_result,21_lifetime_deer.pdf,LIFETIME_GENERAL_SEASON_DEER,15
2021,2022,DB1516,Panguitch Lake - Archery,DEER,G.S.,PREFERENCE_POINT,Resident,19,0,19,19,1 in 1.0,100,hunt_total_draw_result,21_lifetime_deer.pdf,LIFETIME_GENERAL_SEASON_DEER,16
2021,2022,DB1516,Panguitch Lake - Archery,DEER,G.S.,PREFERENCE_POINT,Nonresident,3,0,3,3,1 in 1.0,100,hunt_total_draw_result,21_lifetime_deer.pdf,LIFETIME_GENERAL_SEASON_DEER,16
2021,2022,DB1517,Pine Valley - Archery,DEER,G.S.,PREFERENCE_POINT,Resident,18,0,18,18,1 in 1.0,100,hunt_total_draw_result,21_lifetime_deer.pdf,LIFETIME_GENERAL_SEASON_DEER,17
2021,2022,DB1517,Pine Valley - Archery,DEER,G.S.,PREFERENCE_POINT,Nonresident,3,0,3,3,1 in 1.0,100,hunt_total_draw_result,21_lifetime_deer.pdf,LIFETIME_GENERAL_SEASON_DEER,17
2021,2022,DB1518,"Plateau, Boulder/kaiparowits - Archery",DEER,G.S.,PREFERENCE_POINT,Resident,18,0,18,18,1 in 1.0,100,hunt_total_draw_result,21_lifetime_deer.pdf,LIFETIME_GENERAL_SEASON_DEER,18
2021,2022,DB1518,"Plateau, Boulder/kaiparowits - Archery",DEER,G.S.,PREFERENCE_POINT,Nonresident,3,0,3,3,1 in 1.0,100,hunt_total_draw_result,21_lifetime_deer.pdf,LIFETIME_GENERAL_SEASON_DEER,18
2021,2022,DB1519,"Plateau, Fishlake - Archery",DEER,G.S.,PREFERENCE_POINT,Resident,6,0,6,6,1 in 1.0,100,hunt_total_draw_result,21_lifetime_deer.pdf,LIFETIME_GENERAL_SEASON_DEER,19
2021,2022,DB1519,"Plateau, Fishlake - Archery",DEER,G.S.,PREFERENCE_POINT,Nonresident,1,0,1,1,1 in 1.0,100,hunt_total_draw_result,21_lifetime_deer.pdf,LIFETIME_GENERAL_SEASON_DEER,19
2021,2022,DB1520,"Plateau, Thousand Lakes - Archery",DEER,G.S.,PREFERENCE_POINT,Resident,5,0,5,5,1 in 1.0,100,hunt_total_draw_result,21_lifetime_deer.pdf,LIFETIME_GENERAL_SEASON_DEER,20
2021,2022,DB1520,"Plateau, Thousand Lakes - Archery",DEER,G.S.,PREFERENCE_POINT,Nonresident,0,0,0,0,N/A,,hunt_total_draw_result,21_lifetime_deer.pdf,LIFETIME_GENERAL_SEASON_DEER,20
2021,2022,DB1521,"San Juan, Abajo Mtns - Archery",DEER,G.S.,PREFERENCE_POINT,Resident,18,0,17,17,1 in 1.1,90.90909091,hunt_total_draw_result,21_lifetime_deer.pdf,LIFETIME_GENERAL_SEASON_DEER,21
2021,2022,DB1521,"San Juan, Abajo Mtns - Archery",DEER,G.S.,PREFERENCE_POINT,Nonresident,1,0,1,1,1 in 1.0,100,hunt_total_draw_result,21_lifetime_deer.pdf,LIFETIME_GENERAL_SEASON_DEER,21
2021,2022,DB1522,"South Slope, Bonanza/vernal - Archery",DEER,G.S.,PREFERENCE_POINT,Resident,12,0,12,12,1 in 1.0,100,hunt_total_draw_result,21_lifetime_deer.pdf,LIFETIME_GENERAL_SEASON_DEER,22
2021,2022,DB1522,"South Slope, Bonanza/vernal - Archery",DEER,G.S.,PREFERENCE_POINT,Nonresident,0,0,0,0,N/A,,hunt_total_draw_result,21_lifetime_deer.pdf,LIFETIME_GENERAL_SEASON_DEER,22
2021,2022,DB1523,"South Slope, Yellowstone - Archery",DEER,G.S.,PREFERENCE_POINT,Resident,12,0,12,12,1 in 1.0,100,hunt_total_draw_result,21_lifetime_deer.pdf,LIFETIME_GENERAL_SEASON_DEER,23
2021,2022,DB1523,"South Slope, Yellowstone - Archery",DEER,G.S.,PREFERENCE_POINT,Nonresident,2,0,2,2,1 in 1.0,100,hunt_total_draw_result,21_lifetime_deer.pdf,LIFETIME_GENERAL_SEASON_DEER,23
2021,2022,DB1524,Southwest Desert - Archery,DEER,G.S.,PREFERENCE_POINT,Resident,10,0,10,10,1 in 1.0,100,hunt_total_draw_result,21_lifetime_deer.pdf,LIFETIME_GENERAL_SEASON_DEER,24
2021,2022,DB1524,Southwest Desert - Archery,DEER,G.S.,PREFERENCE_POINT,Nonresident,1,0,1,1,1 in 1.0,100,hunt_total_draw_result,21_lifetime_deer.pdf,LIFETIME_GENERAL_SEASON_DEER,24
2021,2022,DB1525,"Wasatch Mtns, East - Archery",DEER,G.S.,PREFERENCE_POINT,Resident,41,0,41,41,1 in 1.0,100,hunt_total_draw_result,21_lifetime_deer.pdf,LIFETIME_GENERAL_SEASON_DEER,25
2021,2022,DB1525,"Wasatch Mtns, East - Archery",DEER,G.S.,PREFERENCE_POINT,Nonresident,3,0,3,3,1 in 1.0,100,hunt_total_draw_result,21_lifetime_deer.pdf,LIFETIME_GENERAL_SEASON_DEER,25
2021,2022,DB1526,"Wasatch Mtns, West - Archery",DEER,G.S.,PREFERENCE_POINT,Resident,29,0,29,29,1 in 1.0,100,hunt_total_draw_result,21_lifetime_deer.pdf,LIFETIME_GENERAL_SEASON_DEER,26
2021,2022,DB1526,"Wasatch Mtns, West - Archery",DEER,G.S.,PREFERENCE_POINT,Nonresident,4,0,4,4,1 in 1.0,100,hunt_total_draw_result,21_lifetime_deer.pdf,LIFETIME_GENERAL_SEASON_DEER,26
2021,2022,DB1527,"West Desert, Tintic - Archery",DEER,G.S.,PREFERENCE_POINT,Resident,4,0,4,4,1 in 1.0,100,hunt_total_draw_result,21_lifetime_deer.pdf,LIFETIME_GENERAL_SEASON_DEER,27
2021,2022,DB1527,"West Desert, Tintic - Archery",DEER,G.S.,PREFERENCE_POINT,Nonresident,0,0,0,0,N/A,,hunt_total_draw_result,21_lifetime_deer.pdf,LIFETIME_GENERAL_SEASON_DEER,27
2021,2022,DB1529,Zion - Archery,DEER,G.S.,PREFERENCE_POINT,Resident,10,0,9,9,1 in 1.1,90.90909091,hunt_total_draw_result,21_lifetime_deer.pdf,LIFETIME_GENERAL_SEASON_DEER,28
2021,2022,DB1529,Zion - Archery,DEER,G.S.,PREFERENCE_POINT,Nonresident,2,0,2,2,1 in 1.0,100,hunt_total_draw_result,21_lifetime_deer.pdf,LIFETIME_GENERAL_SEASON_DEER,28
2021,2022,DB1530,Beaver - Any Legal Weapon,DEER,G.S.,PREFERENCE_POINT,Resident,72,0,72,72,1 in 1.0,100,hunt_total_draw_result,21_lifetime_deer.pdf,LIFETIME_GENERAL_SEASON_DEER,29
2021,2022,DB1530,Beaver - Any Legal Weapon,DEER,G.S.,PREFERENCE_POINT,Nonresident,6,0,6,6,1 in 1.0,100,hunt_total_draw_result,21_lifetime_deer.pdf,LIFETIME_GENERAL_SEASON_DEER,29
2021,2022,DB1531,Box Elder - Any Legal Weapon,DEER,G.S.,PREFERENCE_POINT,Resident,79,0,79,79,1 in 1.0,100,hunt_total_draw_result,21_lifetime_deer.pdf,LIFETIME_GENERAL_SEASON_DEER,30
2021,2022,DB1531,Box Elder - Any Legal Weapon,DEER,G.S.,PREFERENCE_POINT,Nonresident,15,0,15,15,1 in 1.0,100,hunt_total_draw_result,21_lifetime_deer.pdf,LIFETIME_GENERAL_SEASON_DEER,30
2021,2022,DB1532,Cache - Any Legal Weapon,DEER,G.S.,PREFERENCE_POINT,Resident,183,0,183,183,1 in 1.0,100,hunt_total_draw_result,21_lifetime_deer.pdf,LIFETIME_GENERAL_SEASON_DEER,31
2021,2022,DB1532,Cache - Any Legal Weapon,DEER,G.S.,PREFERENCE_POINT,Nonresident,17,0,17,17,1 in 1.0,100,hunt_total_draw_result,21_lifetime_deer.pdf,LIFETIME_GENERAL_SEASON_DEER,31
2021,2022,DB1533,"Central Mtns, Manti/san Rafael - Any Legal Weapon",DEER,G.S.,PREFERENCE_POINT,Resident,165,0,164,164,1 in 1.0,100,hunt_total_draw_result,21_lifetime_deer.pdf,LIFETIME_GENERAL_SEASON_DEER,32
2021,2022,DB1533,"Central Mtns, Manti/san Rafael - Any Legal Weapon",DEER,G.S.,PREFERENCE_POINT,Nonresident,12,0,12,12,1 in 1.0,100,hunt_total_draw_result,21_lifetime_deer.pdf,LIFETIME_GENERAL_SEASON_DEER,32
2021,2022,DB1534,"Central Mtns, Nebo - Any Legal Weapon",DEER,G.S.,PREFERENCE_POINT,Resident,54,0,54,54,1 in 1.0,100,hunt_total_draw_result,21_lifetime_deer.pdf,LIFETIME_GENERAL_SEASON_DEER,33
2021,2022,DB1534,"Central Mtns, Nebo - Any Legal Weapon",DEER,G.S.,PREFERENCE_POINT,Nonresident,5,0,5,5,1 in 1.0,100,hunt_total_draw_result,21_lifetime_deer.pdf,LIFETIME_GENERAL_SEASON_DEER,33
2021,2022,DB1535,Chalk Creek/east Canyon/morgan-south Rich - Any Legal Weapon,DEER,G.S.,PREFERENCE_POINT,Resident,126,0,126,126,1 in 1.0,100,hunt_total_draw_result,21_lifetime_deer.pdf,LIFETIME_GENERAL_SEASON_DEER,34
2021,2022,DB1535,Chalk Creek/east Canyon/morgan-south Rich - Any Legal Weapon,DEER,G.S.,PREFERENCE_POINT,Nonresident,9,0,9,9,1 in 1.0,100,hunt_total_draw_result,21_lifetime_deer.pdf,LIFETIME_GENERAL_SEASON_DEER,34
2021,2022,DB1536,Fillmore - Any Legal Weapon,DEER,G.S.,PREFERENCE_POINT,Resident,39,0,39,39,1 in 1.0,100,hunt_total_draw_result,21_lifetime_deer.pdf,LIFETIME_GENERAL_SEASON_DEER,35
2021,2022,DB1536,Fillmore - Any Legal Weapon,DEER,G.S.,PREFERENCE_POINT,Nonresident,3,0,3,3,1 in 1.0,100,hunt_total_draw_result,21_lifetime_deer.pdf,LIFETIME_GENERAL_SEASON_DEER,35
2021,2022,DB1538,Kamas - Any Legal Weapon,DEER,G.S.,PREFERENCE_POINT,Resident,15,0,14,14,1 in 1.1,90.90909091,hunt_total_draw_result,21_lifetime_deer.pdf,LIFETIME_GENERAL_SEASON_DEER,36
2021,2022,DB1538,Kamas - Any Legal Weapon,DEER,G.S.,PREFERENCE_POINT,Nonresident,1,0,1,1,1 in 1.0,100,hunt_total_draw_result,21_lifetime_deer.pdf,LIFETIME_GENERAL_SEASON_DEER,36
2021,2022,DB1539,"La Sal, La Sal Mtns - Any Legal Weapon",DEER,G.S.,PREFERENCE_POINT,Resident,16,0,16,16,1 in 1.0,100,hunt_total_draw_result,21_lifetime_deer.pdf,LIFETIME_GENERAL_SEASON_DEER,37
2021,2022,DB1539,"La Sal, La Sal Mtns - Any Legal Weapon",DEER,G.S.,PREFERENCE_POINT,Nonresident,5,0,5,5,1 in 1.0,100,hunt_total_draw_result,21_lifetime_deer.pdf,LIFETIME_GENERAL_SEASON_DEER,37
2021,2022,DB1540,Monroe - Any Legal Weapon,DEER,G.S.,PREFERENCE_POINT,Resident,64,0,64,64,1 in 1.0,100,hunt_total_draw_result,21_lifetime_deer.pdf,LIFETIME_GENERAL_SEASON_DEER,38
2021,2022,DB1540,Monroe - Any Legal Weapon,DEER,G.S.,PREFERENCE_POINT,Nonresident,4,0,4,4,1 in 1.0,100,hunt_total_draw_result,21_lifetime_deer.pdf,LIFETIME_GENERAL_SEASON_DEER,38
2021,2022,DB1541,Mt Dutton - Any Legal Weapon,DEER,G.S.,PREFERENCE_POINT,Resident,24,0,24,24,1 in 1.0,100,hunt_total_draw_result,21_lifetime_deer.pdf,LIFETIME_GENERAL_SEASON_DEER,39
2021,2022,DB1541,Mt Dutton - Any Legal Weapon,DEER,G.S.,PREFERENCE_POINT,Nonresident,2,0,2,2,1 in 1.0,100,hunt_total_draw_result,21_lifetime_deer.pdf,LIFETIME_GENERAL_SEASON_DEER,39
2021,2022,DB1542,Nine Mile - Any Legal Weapon,DEER,G.S.,PREFERENCE_POINT,Resident,27,0,27,27,1 in 1.0,100,hunt_total_draw_result,21_lifetime_deer.pdf,LIFETIME_GENERAL_SEASON_DEER,40
2021,2022,DB1542,Nine Mile - Any Legal Weapon,DEER,G.S.,PREFERENCE_POINT,Nonresident,2,0,2,2,1 in 1.0,100,hunt_total_draw_result,21_lifetime_deer.pdf,LIFETIME_GENERAL_SEASON_DEER,40
2021,2022,DB1543,North Slope - Any Legal Weapon,DEER,G.S.,PREFERENCE_POINT,Resident,50,0,50,50,1 in 1.0,100,hunt_total_draw_result,21_lifetime_deer.pdf,LIFETIME_GENERAL_SEASON_DEER,41
2021,2022,DB1543,North Slope - Any Legal Weapon,DEER,G.S.,PREFERENCE_POINT,Nonresident,11,0,11,11,1 in 1.0,100,hunt_total_draw_result,21_lifetime_deer.pdf,LIFETIME_GENERAL_SEASON_DEER,41
2021,2022,DB1544,Ogden - Any Legal Weapon,DEER,G.S.,PREFERENCE_POINT,Resident,59,0,59,59,1 in 1.0,100,hunt_total_draw_result,21_lifetime_deer.pdf,LIFETIME_GENERAL_SEASON_DEER,42
2021,2022,DB1544,Ogden - Any Legal Weapon,DEER,G.S.,PREFERENCE_POINT,Nonresident,4,0,4,4,1 in 1.0,100,hunt_total_draw_result,21_lifetime_deer.pdf,LIFETIME_GENERAL_SEASON_DEER,42
2021,2022,DB1545,Oquirrh-stansbury - Any Legal Weapon,DEER,G.S.,PREFERENCE_POINT,Resident,84,0,83,83,1 in 1.0,100,hunt_total_draw_result,21_lifetime_deer.pdf,LIFETIME_GENERAL_SEASON_DEER,43
2021,2022,DB1545,Oquirrh-stansbury - Any Legal Weapon,DEER,G.S.,PREFERENCE_POINT,Nonresident,5,0,4,4,1 in 1.3,76.92307692,hunt_total_draw_result,21_lifetime_deer.pdf,LIFETIME_GENERAL_SEASON_DEER,43
2021,2022,DB1546,Panguitch Lake - Any Legal Weapon,DEER,G.S.,PREFERENCE_POINT,Resident,49,0,49,49,1 in 1.0,100,hunt_total_draw_result,21_lifetime_deer.pdf,LIFETIME_GENERAL_SEASON_DEER,44
2021,2022,DB1546,Panguitch Lake - Any Legal Weapon,DEER,G.S.,PREFERENCE_POINT,Nonresident,7,0,7,7,1 in 1.0,100,hunt_total_draw_result,21_lifetime_deer.pdf,LIFETIME_GENERAL_SEASON_DEER,44
2021,2022,DB1547,Pine Valley - Any Legal Weapon,DEER,G.S.,PREFERENCE_POINT,Resident,299,0,299,299,1 in 1.0,100,hunt_total_draw_result,21_lifetime_deer.pdf,LIFETIME_GENERAL_SEASON_DEER,45
2021,2022,DB1547,Pine Valley - Any Legal Weapon,DEER,G.S.,PREFERENCE_POINT,Nonresident,13,0,13,13,1 in 1.0,100,hunt_total_draw_result,21_lifetime_deer.pdf,LIFETIME_GENERAL_SEASON_DEER,45
2021,2022,DB1548,"Plateau, Boulder/kaiparowits - Any Legal Weapon",DEER,G.S.,PREFERENCE_POINT,Resident,110,0,110,110,1 in 1.0,100,hunt_total_draw_result,21_lifetime_deer.pdf,LIFETIME_GENERAL_SEASON_DEER,46
2021,2022,DB1548,"Plateau, Boulder/kaiparowits - Any Legal Weapon",DEER,G.S.,PREFERENCE_POINT,Nonresident,19,0,19,19,1 in 1.0,100,hunt_total_draw_result,21_lifetime_deer.pdf,LIFETIME_GENERAL_SEASON_DEER,46
2021,2022,DB1549,"Plateau, Fishlake - Any Legal Weapon",DEER,G.S.,PREFERENCE_POINT,Resident,65,0,65,65,1 in 1.0,100,hunt_total_draw_result,21_lifetime_deer.pdf,LIFETIME_GENERAL_SEASON_DEER,47
2021,2022,DB1549,"Plateau, Fishlake - Any Legal Weapon",DEER,G.S.,PREFERENCE_POINT,Nonresident,5,0,5,5,1 in 1.0,100,hunt_total_draw_result,21_lifetime_deer.pdf,LIFETIME_GENERAL_SEASON_DEER,47
2021,2022,DB1550,"Plateau, Thousand Lakes - Any Legal Weapon",DEER,G.S.,PREFERENCE_POINT,Resident,47,0,47,47,1 in 1.0,100,hunt_total_draw_result,21_lifetime_deer.pdf,LIFETIME_GENERAL_SEASON_DEER,48
2021,2022,DB1550,"Plateau, Thousand Lakes - Any Legal Weapon",DEER,G.S.,PREFERENCE_POINT,Nonresident,3,0,3,3,1 in 1.0,100,hunt_total_draw_result,21_lifetime_deer.pdf,LIFETIME_GENERAL_SEASON_DEER,48
2021,2022,DB1551,"San Juan, Abajo Mtns - Any Legal Weapon",DEER,G.S.,PREFERENCE_POINT,Resident,44,0,41,41,1 in 1.1,90.90909091,hunt_total_draw_result,21_lifetime_deer.pdf,LIFETIME_GENERAL_SEASON_DEER,49
2021,2022,DB1551,"San Juan, Abajo Mtns - Any Legal Weapon",DEER,G.S.,PREFERENCE_POINT,Nonresident,3,0,3,3,1 in 1.0,100,hunt_total_draw_result,21_lifetime_deer.pdf,LIFETIME_GENERAL_SEASON_DEER,49
2021,2022,DB1552,"South Slope, Bonanza/vernal - Any Legal Weapon",DEER,G.S.,PREFERENCE_POINT,Resident,42,0,42,42,1 in 1.0,100,hunt_total_draw_result,21_lifetime_deer.pdf,LIFETIME_GENERAL_SEASON_DEER,50
2021,2022,DB1552,"South Slope, Bonanza/vernal - Any Legal Weapon",DEER,G.S.,PREFERENCE_POINT,Nonresident,7,0,7,7,1 in 1.0,100,hunt_total_draw_result,21_lifetime_deer.pdf,LIFETIME_GENERAL_SEASON_DEER,50
2021,2022,DB1553,"South Slope, Yellowstone - Any Legal Weapon",DEER,G.S.,PREFERENCE_POINT,Resident,40,0,40,40,1 in 1.0,100,hunt_total_draw_result,21_lifetime_deer.pdf,LIFETIME_GENERAL_SEASON_DEER,51
2021,2022,DB1553,"South Slope, Yellowstone - Any Legal Weapon",DEER,G.S.,PREFERENCE_POINT,Nonresident,3,0,3,3,1 in 1.0,100,hunt_total_draw_result,21_lifetime_deer.pdf,LIFETIME_GENERAL_SEASON_DEER,51
2021,2022,DB1554,Southwest Desert - Any Legal Weapon,DEER,G.S.,PREFERENCE_POINT,Resident,49,0,49,49,1 in 1.0,100,hunt_total_draw_result,21_lifetime_deer.pdf,LIFETIME_GENERAL_SEASON_DEER,52
2021,2022,DB1554,Southwest Desert - Any Legal Weapon,DEER,G.S.,PREFERENCE_POINT,Nonresident,5,0,5,5,1 in 1.0,100,hunt_total_draw_result,21_lifetime_deer.pdf,LIFETIME_GENERAL_SEASON_DEER,52
2021,2022,DB1555,"Wasatch Mtns, East - Any Legal Weapon",DEER,G.S.,PREFERENCE_POINT,Resident,155,0,154,154,1 in 1.0,100,hunt_total_draw_result,21_lifetime_deer.pdf,LIFETIME_GENERAL_SEASON_DEER,53
2021,2022,DB1555,"Wasatch Mtns, East - Any Legal Weapon",DEER,G.S.,PREFERENCE_POINT,Nonresident,5,0,5,5,1 in 1.0,100,hunt_total_draw_result,21_lifetime_deer.pdf,LIFETIME_GENERAL_SEASON_DEER,53
2021,2022,DB1556,"Wasatch Mtns, West - Any Legal Weapon",DEER,G.S.,PREFERENCE_POINT,Resident,85,0,85,85,1 in 1.0,100,hunt_total_draw_result,21_lifetime_deer.pdf,LIFETIME_GENERAL_SEASON_DEER,54
2021,2022,DB1556,"Wasatch Mtns, West - Any Legal Weapon",DEER,G.S.,PREFERENCE_POINT,Nonresident,6,0,6,6,1 in 1.0,100,hunt_total_draw_result,21_lifetime_deer.pdf,LIFETIME_GENERAL_SEASON_DEER,54
2021,2022,DB1557,"West Desert, Tintic - Any Legal Weapon",DEER,G.S.,PREFERENCE_POINT,Resident,24,0,24,24,1 in 1.0,100,hunt_total_draw_result,21_lifetime_deer.pdf,LIFETIME_GENERAL_SEASON_DEER,55
2021,2022,DB1557,"West Desert, Tintic - Any Legal Weapon",DEER,G.S.,PREFERENCE_POINT,Nonresident,1,0,1,1,1 in 1.0,100,hunt_total_draw_result,21_lifetime_deer.pdf,LIFETIME_GENERAL_SEASON_DEER,55
2021,2022,DB1558,"West Desert, West -An y Legal Weapon",DEER,G.S.,PREFERENCE_POINT,Resident,15,0,15,15,1 in 1.0,100,hunt_total_draw_result,21_lifetime_deer.pdf,LIFETIME_GENERAL_SEASON_DEER,56
2021,2022,DB1558,"West Desert, West -An y Legal Weapon",DEER,G.S.,PREFERENCE_POINT,Nonresident,2,0,2,2,1 in 1.0,100,hunt_total_draw_result,21_lifetime_deer.pdf,LIFETIME_GENERAL_SEASON_DEER,56
2021,2022,DB1559,Zion - Any Legal Weapon,DEER,G.S.,PREFERENCE_POINT,Resident,138,0,138,138,1 in 1.0,100,hunt_total_draw_result,21_lifetime_deer.pdf,LIFETIME_GENERAL_SEASON_DEER,57
2021,2022,DB1559,Zion - Any Legal Weapon,DEER,G.S.,PREFERENCE_POINT,Nonresident,21,0,21,21,1 in 1.0,100,hunt_total_draw_result,21_lifetime_deer.pdf,LIFETIME_GENERAL_SEASON_DEER,57
2021,2022,DB1560,Beaver - Muzzleloader,DEER,G.S.,PREFERENCE_POINT,Resident,37,0,36,36,1 in 1.0,100,hunt_total_draw_result,21_lifetime_deer.pdf,LIFETIME_GENERAL_SEASON_DEER,58
2021,2022,DB1560,Beaver - Muzzleloader,DEER,G.S.,PREFERENCE_POINT,Nonresident,3,0,3,3,1 in 1.0,100,hunt_total_draw_result,21_lifetime_deer.pdf,LIFETIME_GENERAL_SEASON_DEER,58
2021,2022,DB1561,Box Elder - Muzzleloader,DEER,G.S.,PREFERENCE_POINT,Resident,10,0,10,10,1 in 1.0,100,hunt_total_draw_result,21_lifetime_deer.pdf,LIFETIME_GENERAL_SEASON_DEER,59
2021,2022,DB1561,Box Elder - Muzzleloader,DEER,G.S.,PREFERENCE_POINT,Nonresident,2,0,2,2,1 in 1.0,100,hunt_total_draw_result,21_lifetime_deer.pdf,LIFETIME_GENERAL_SEASON_DEER,59
2021,2022,DB1562,Cache - Muzzleloader,DEER,G.S.,PREFERENCE_POINT,Resident,54,0,54,54,1 in 1.0,100,hunt_total_draw_result,21_lifetime_deer.pdf,LIFETIME_GENERAL_SEASON_DEER,60
2021,2022,DB1562,Cache - Muzzleloader,DEER,G.S.,PREFERENCE_POINT,Nonresident,7,0,7,7,1 in 1.0,100,hunt_total_draw_result,21_lifetime_deer.pdf,LIFETIME_GENERAL_SEASON_DEER,60
2021,2022,DB1563,"Central Mtns, Manti/san Rafael - Muzzleloader",DEER,G.S.,PREFERENCE_POINT,Resident,75,0,74,74,1 in 1.0,100,hunt_total_draw_result,21_lifetime_deer.pdf,LIFETIME_GENERAL_SEASON_DEER,61
2021,2022,DB1563,"Central Mtns, Manti/san Rafael - Muzzleloader",DEER,G.S.,PREFERENCE_POINT,Nonresident,5,0,5,5,1 in 1.0,100,hunt_total_draw_result,21_lifetime_deer.pdf,LIFETIME_GENERAL_SEASON_DEER,61
2021,2022,DB1564,"Central Mtns, Nebo - Muzzleloader",DEER,G.S.,PREFERENCE_POINT,Resident,20,0,19,19,1 in 1.1,90.90909091,hunt_total_draw_result,21_lifetime_deer.pdf,LIFETIME_GENERAL_SEASON_DEER,62
2021,2022,DB1564,"Central Mtns, Nebo - Muzzleloader",DEER,G.S.,PREFERENCE_POINT,Nonresident,1,0,1,1,1 in 1.0,100,hunt_total_draw_result,21_lifetime_deer.pdf,LIFETIME_GENERAL_SEASON_DEER,62
2021,2022,DB1565,Chalk Creek/east Canyon/morgan-south Rich - Muzzleloader,DEER,G.S.,PREFERENCE_POINT,Resident,24,0,24,24,1 in 1.0,100,hunt_total_draw_result,21_lifetime_deer.pdf,LIFETIME_GENERAL_SEASON_DEER,63
2021,2022,DB1565,Chalk Creek/east Canyon/morgan-south Rich - Muzzleloader,DEER,G.S.,PREFERENCE_POINT,Nonresident,2,0,2,2,1 in 1.0,100,hunt_total_draw_result,21_lifetime_deer.pdf,LIFETIME_GENERAL_SEASON_DEER,63
2021,2022,DB1566,Fillmore - Muzzleloader,DEER,G.S.,PREFERENCE_POINT,Resident,21,0,21,21,1 in 1.0,100,hunt_total_draw_result,21_lifetime_deer.pdf,LIFETIME_GENERAL_SEASON_DEER,64
2021,2022,DB1566,Fillmore - Muzzleloader,DEER,G.S.,PREFERENCE_POINT,Nonresident,2,0,2,2,1 in 1.0,100,hunt_total_draw_result,21_lifetime_deer.pdf,LIFETIME_GENERAL_SEASON_DEER,64
2021,2022,DB1568,Kamas - Muzzleloader,DEER,G.S.,PREFERENCE_POINT,Resident,9,0,9,9,1 in 1.0,100,hunt_total_draw_result,21_lifetime_deer.pdf,LIFETIME_GENERAL_SEASON_DEER,65
2021,2022,DB1568,Kamas - Muzzleloader,DEER,G.S.,PREFERENCE_POINT,Nonresident,3,0,3,3,1 in 1.0,100,hunt_total_draw_result,21_lifetime_deer.pdf,LIFETIME_GENERAL_SEASON_DEER,65
2021,2022,DB1569,"La Sal, La Sal Mtns - Muzzleloader",DEER,G.S.,PREFERENCE_POINT,Resident,12,0,12,12,1 in 1.0,100,hunt_total_draw_result,21_lifetime_deer.pdf,LIFETIME_GENERAL_SEASON_DEER,66
2021,2022,DB1569,"La Sal, La Sal Mtns - Muzzleloader",DEER,G.S.,PREFERENCE_POINT,Nonresident,2,0,2,2,1 in 1.0,100,hunt_total_draw_result,21_lifetime_deer.pdf,LIFETIME_GENERAL_SEASON_DEER,66
2021,2022,DB1570,Monroe - Muzzleloader,DEER,G.S.,PREFERENCE_POINT,Resident,25,0,25,25,1 in 1.0,100,hunt_total_draw_result,21_lifetime_deer.pdf,LIFETIME_GENERAL_SEASON_DEER,67
2021,2022,DB1570,Monroe - Muzzleloader,DEER,G.S.,PREFERENCE_POINT,Nonresident,0,0,0,0,N/A,,hunt_total_draw_result,21_lifetime_deer.pdf,LIFETIME_GENERAL_SEASON_DEER,67
2021,2022,DB1571,Mt Dutton - Muzzleloader,DEER,G.S.,PREFERENCE_POINT,Resident,6,0,6,6,1 in 1.0,100,hunt_total_draw_result,21_lifetime_deer.pdf,LIFETIME_GENERAL_SEASON_DEER,68
2021,2022,DB1571,Mt Dutton - Muzzleloader,DEER,G.S.,PREFERENCE_POINT,Nonresident,0,0,0,0,N/A,,hunt_total_draw_result,21_lifetime_deer.pdf,LIFETIME_GENERAL_SEASON_DEER,68
2021,2022,DB1572,Nine Mile - Muzzleloader,DEER,G.S.,PREFERENCE_POINT,Resident,5,0,5,5,1 in 1.0,100,hunt_total_draw_result,21_lifetime_deer.pdf,LIFETIME_GENERAL_SEASON_DEER,69
2021,2022,DB1572,Nine Mile - Muzzleloader,DEER,G.S.,PREFERENCE_POINT,Nonresident,0,0,0,0,N/A,,hunt_total_draw_result,21_lifetime_deer.pdf,LIFETIME_GENERAL_SEASON_DEER,69
2021,2022,DB1573,North Slope - Muzzleloader,DEER,G.S.,PREFERENCE_POINT,Resident,40,0,40,40,1 in 1.0,100,hunt_total_draw_result,21_lifetime_deer.pdf,LIFETIME_GENERAL_SEASON_DEER,70
2021,2022,DB1573,North Slope - Muzzleloader,DEER,G.S.,PREFERENCE_POINT,Nonresident,5,0,5,5,1 in 1.0,100,hunt_total_draw_result,21_lifetime_deer.pdf,LIFETIME_GENERAL_SEASON_DEER,70
2021,2022,DB1574,Ogden - Muzzleloader,DEER,G.S.,PREFERENCE_POINT,Resident,18,0,18,18,1 in 1.0,100,hunt_total_draw_result,21_lifetime_deer.pdf,LIFETIME_GENERAL_SEASON_DEER,71
2021,2022,DB1574,Ogden - Muzzleloader,DEER,G.S.,PREFERENCE_POINT,Nonresident,0,0,0,0,N/A,,hunt_total_draw_result,21_lifetime_deer.pdf,LIFETIME_GENERAL_SEASON_DEER,71
2021,2022,DB1575,Oquirrh-stansbury - Muzzleloader,DEER,G.S.,PREFERENCE_POINT,Resident,31,0,31,31,1 in 1.0,100,hunt_total_draw_result,21_lifetime_deer.pdf,LIFETIME_GENERAL_SEASON_DEER,72
2021,2022,DB1575,Oquirrh-stansbury - Muzzleloader,DEER,G.S.,PREFERENCE_POINT,Nonresident,3,0,3,3,1 in 1.0,100,hunt_total_draw_result,21_lifetime_deer.pdf,LIFETIME_GENERAL_SEASON_DEER,72
2021,2022,DB1576,Panguitch Lake - Muzzleloader,DEER,G.S.,PREFERENCE_POINT,Resident,58,0,58,58,1 in 1.0,100,hunt_total_draw_result,21_lifetime_deer.pdf,LIFETIME_GENERAL_SEASON_DEER,73
2021,2022,DB1576,Panguitch Lake - Muzzleloader,DEER,G.S.,PREFERENCE_POINT,Nonresident,4,0,4,4,1 in 1.0,100,hunt_total_draw_result,21_lifetime_deer.pdf,LIFETIME_GENERAL_SEASON_DEER,73
2021,2022,DB1577,Pine Valley - Muzzleloader,DEER,G.S.,PREFERENCE_POINT,Resident,81,0,80,80,1 in 1.0,100,hunt_total_draw_result,21_lifetime_deer.pdf,LIFETIME_GENERAL_SEASON_DEER,74
2021,2022,DB1577,Pine Valley - Muzzleloader,DEER,G.S.,PREFERENCE_POINT,Nonresident,11,0,11,11,1 in 1.0,100,hunt_total_draw_result,21_lifetime_deer.pdf,LIFETIME_GENERAL_SEASON_DEER,74
2021,2022,DB1578,"Plateau, Boulder/kaiparowits - Muzzleloader",DEER,G.S.,PREFERENCE_POINT,Resident,54,0,54,54,1 in 1.0,100,hunt_total_draw_result,21_lifetime_deer.pdf,LIFETIME_GENERAL_SEASON_DEER,75
2021,2022,DB1578,"Plateau, Boulder/kaiparowits - Muzzleloader",DEER,G.S.,PREFERENCE_POINT,Nonresident,3,0,3,3,1 in 1.0,100,hunt_total_draw_result,21_lifetime_deer.pdf,LIFETIME_GENERAL_SEASON_DEER,75
2021,2022,DB1579,"Plateau, Fishlake - Muzzleloader",DEER,G.S.,PREFERENCE_POINT,Resident,37,0,37,37,1 in 1.0,100,hunt_total_draw_result,21_lifetime_deer.pdf,LIFETIME_GENERAL_SEASON_DEER,76
2021,2022,DB1579,"Plateau, Fishlake - Muzzleloader",DEER,G.S.,PREFERENCE_POINT,Nonresident,2,0,2,2,1 in 1.0,100,hunt_total_draw_result,21_lifetime_deer.pdf,LIFETIME_GENERAL_SEASON_DEER,76
2021,2022,DB1580,"Plateau, Thousand Lakes - Muzzleloader",DEER,G.S.,PREFERENCE_POINT,Resident,10,0,10,10,1 in 1.0,100,hunt_total_draw_result,21_lifetime_deer.pdf,LIFETIME_GENERAL_SEASON_DEER,77
2021,2022,DB1580,"Plateau, Thousand Lakes - Muzzleloader",DEER,G.S.,PREFERENCE_POINT,Nonresident,2,0,2,2,1 in 1.0,100,hunt_total_draw_result,21_lifetime_deer.pdf,LIFETIME_GENERAL_SEASON_DEER,77
2021,2022,DB1581,"San Juan, Abajo Mtns - Muzzleloader",DEER,G.S.,PREFERENCE_POINT,Resident,29,0,29,29,1 in 1.0,100,hunt_total_draw_result,21_lifetime_deer.pdf,LIFETIME_GENERAL_SEASON_DEER,78
2021,2022,DB1581,"San Juan, Abajo Mtns - Muzzleloader",DEER,G.S.,PREFERENCE_POINT,Nonresident,2,0,2,2,1 in 1.0,100,hunt_total_draw_result,21_lifetime_deer.pdf,LIFETIME_GENERAL_SEASON_DEER,78
2021,2022,DB1582,"South Slope, Bonanza/vernal - Muzzleloader",DEER,G.S.,PREFERENCE_POINT,Resident,28,0,28,28,1 in 1.0,100,hunt_total_draw_result,21_lifetime_deer.pdf,LIFETIME_GENERAL_SEASON_DEER,79
2021,2022,DB1582,"South Slope, Bonanza/vernal - Muzzleloader",DEER,G.S.,PREFERENCE_POINT,Nonresident,0,0,0,0,N/A,,hunt_total_draw_result,21_lifetime_deer.pdf,LIFETIME_GENERAL_SEASON_DEER,79
2021,2022,DB1583,"South Slope, Yellowstone - Muzzleloader",DEER,G.S.,PREFERENCE_POINT,Resident,17,0,17,17,1 in 1.0,100,hunt_total_draw_result,21_lifetime_deer.pdf,LIFETIME_GENERAL_SEASON_DEER,80
2021,2022,DB1583,"South Slope, Yellowstone - Muzzleloader",DEER,G.S.,PREFERENCE_POINT,Nonresident,1,0,1,1,1 in 1.0,100,hunt_total_draw_result,21_lifetime_deer.pdf,LIFETIME_GENERAL_SEASON_DEER,80
2021,2022,DB1584,Southwest Desert - Muzzleloader,DEER,G.S.,PREFERENCE_POINT,Resident,7,0,7,7,1 in 1.0,100,hunt_total_draw_result,21_lifetime_deer.pdf,LIFETIME_GENERAL_SEASON_DEER,81
2021,2022,DB1584,Southwest Desert - Muzzleloader,DEER,G.S.,PREFERENCE_POINT,Nonresident,1,0,1,1,1 in 1.0,100,hunt_total_draw_result,21_lifetime_deer.pdf,LIFETIME_GENERAL_SEASON_DEER,81
2021,2022,DB1585,"Wasatch Mtns, East - Muzzleloader",DEER,G.S.,PREFERENCE_POINT,Resident,45,0,45,45,1 in 1.0,100,hunt_total_draw_result,21_lifetime_deer.pdf,LIFETIME_GENERAL_SEASON_DEER,82
2021,2022,DB1585,"Wasatch Mtns, East - Muzzleloader",DEER,G.S.,PREFERENCE_POINT,Nonresident,5,0,5,5,1 in 1.0,100,hunt_total_draw_result,21_lifetime_deer.pdf,LIFETIME_GENERAL_SEASON_DEER,82
2021,2022,DB1586,"Wasatch Mtns, West - Muzzleloader",DEER,G.S.,PREFERENCE_POINT,Resident,12,0,12,12,1 in 1.0,100,hunt_total_draw_result,21_lifetime_deer.pdf,LIFETIME_GENERAL_SEASON_DEER,83
2021,2022,DB1586,"Wasatch Mtns, West - Muzzleloader",DEER,G.S.,PREFERENCE_POINT,Nonresident,1,0,1,1,1 in 1.0,100,hunt_total_draw_result,21_lifetime_deer.pdf,LIFETIME_GENERAL_SEASON_DEER,83
2021,2022,DB1587,"West Desert, Tintic - Muzzleloader",DEER,G.S.,PREFERENCE_POINT,Resident,5,0,5,5,1 in 1.0,100,hunt_total_draw_result,21_lifetime_deer.pdf,LIFETIME_GENERAL_SEASON_DEER,84
2021,2022,DB1587,"West Desert, Tintic - Muzzleloader",DEER,G.S.,PREFERENCE_POINT,Nonresident,0,0,0,0,N/A,,hunt_total_draw_result,21_lifetime_deer.pdf,LIFETIME_GENERAL_SEASON_DEER,84
2021,2022,DB1588,"West Desert, West - Muzzleloader",DEER,G.S.,PREFERENCE_POINT,Resident,7,0,7,7,1 in 1.0,100,hunt_total_draw_result,21_lifetime_deer.pdf,LIFETIME_GENERAL_SEASON_DEER,85
2021,2022,DB1588,"West Desert, West - Muzzleloader",DEER,G.S.,PREFERENCE_POINT,Nonresident,1,0,1,1,1 in 1.0,100,hunt_total_draw_result,21_lifetime_deer.pdf,LIFETIME_GENERAL_SEASON_DEER,85
2021,2022,DB1589,Zion - Muzzleloader,DEER,G.S.,PREFERENCE_POINT,Resident,28,0,28,28,1 in 1.0,100,hunt_total_draw_result,21_lifetime_deer.pdf,LIFETIME_GENERAL_SEASON_DEER,86
2021,2022,DB1589,Zion - Muzzleloader,DEER,G.S.,PREFERENCE_POINT,Nonresident,4,0,4,4,1 in 1.0,100,hunt_total_draw_result,21_lifetime_deer.pdf,LIFETIME_GENERAL_SEASON_DEER,86
2021,2022,DB1590,Chalk Creek/east Canyon/morgan-south Rich - Any Legal Weapon,DEER,G.S.,PREFERENCE_POINT,Resident,22,0,22,22,1 in 1.0,100,hunt_total_draw_result,21_lifetime_deer.pdf,LIFETIME_GENERAL_SEASON_DEER,87
2021,2022,DB1590,Chalk Creek/east Canyon/morgan-south Rich - Any Legal Weapon,DEER,G.S.,PREFERENCE_POINT,Nonresident,1,0,1,1,1 in 1.0,100,hunt_total_draw_result,21_lifetime_deer.pdf,LIFETIME_GENERAL_SEASON_DEER,87
2021,2022,DB1591,Fillmore - Any Legal Weapon,DEER,G.S.,PREFERENCE_POINT,Resident,18,0,18,18,1 in 1.0,100,hunt_total_draw_result,21_lifetime_deer.pdf,LIFETIME_GENERAL_SEASON_DEER,88
2021,2022,DB1591,Fillmore - Any Legal Weapon,DEER,G.S.,PREFERENCE_POINT,Nonresident,2,0,2,2,1 in 1.0,100,hunt_total_draw_result,21_lifetime_deer.pdf,LIFETIME_GENERAL_SEASON_DEER,88
2021,2022,DB1592,Kamas - Any Legal Weapon,DEER,G.S.,PREFERENCE_POINT,Resident,6,0,6,6,1 in 1.0,100,hunt_total_draw_result,21_lifetime_deer.pdf,LIFETIME_GENERAL_SEASON_DEER,89
2021,2022,DB1592,Kamas - Any Legal Weapon,DEER,G.S.,PREFERENCE_POINT,Nonresident,0,0,0,0,N/A,,hunt_total_draw_result,21_lifetime_deer.pdf,LIFETIME_GENERAL_SEASON_DEER,89
2021,2022,DB1593,Nine Mile - Any Legal Weapon,DEER,G.S.,PREFERENCE_POINT,Resident,9,0,9,9,1 in 1.0,100,hunt_total_draw_result,21_lifetime_deer.pdf,LIFETIME_GENERAL_SEASON_DEER,90
2021,2022,DB1593,Nine Mile - Any Legal Weapon,DEER,G.S.,PREFERENCE_POINT,Nonresident,1,0,1,1,1 in 1.0,100,hunt_total_draw_result,21_lifetime_deer.pdf,LIFETIME_GENERAL_SEASON_DEER,90
2021,2022,DB1594,Panguitch Lake - Any Legal Weapon,DEER,G.S.,PREFERENCE_POINT,Resident,21,0,21,21,1 in 1.0,100,hunt_total_draw_result,21_lifetime_deer.pdf,LIFETIME_GENERAL_SEASON_DEER,91
2021,2022,DB1594,Panguitch Lake - Any Legal Weapon,DEER,G.S.,PREFERENCE_POINT,Nonresident,1,0,1,1,1 in 1.0,100,hunt_total_draw_result,21_lifetime_deer.pdf,LIFETIME_GENERAL_SEASON_DEER,91
2021,2022,DB1595,Pine Valley - Any Legal Weapon,DEER,G.S.,PREFERENCE_POINT,Resident,66,0,66,66,1 in 1.0,100,hunt_total_draw_result,21_lifetime_deer.pdf,LIFETIME_GENERAL_SEASON_DEER,92
2021,2022,DB1595,Pine Valley - Any Legal Weapon,DEER,G.S.,PREFERENCE_POINT,Nonresident,1,0,1,1,1 in 1.0,100,hunt_total_draw_result,21_lifetime_deer.pdf,LIFETIME_GENERAL_SEASON_DEER,92
2021,2022,DB1596,"Plateau, Fishlake - Any Legal Weapon",DEER,G.S.,PREFERENCE_POINT,Resident,22,0,22,22,1 in 1.0,100,hunt_total_draw_result,21_lifetime_deer.pdf,LIFETIME_GENERAL_SEASON_DEER,93
2021,2022,DB1596,"Plateau, Fishlake - Any Legal Weapon",DEER,G.S.,PREFERENCE_POINT,Nonresident,4,0,4,4,1 in 1.0,100,hunt_total_draw_result,21_lifetime_deer.pdf,LIFETIME_GENERAL_SEASON_DEER,93
2021,2022,DB1597,Zion - Any Legal Weapon,DEER,G.S.,PREFERENCE_POINT,Resident,41,0,41,41,1 in 1.0,100,hunt_total_draw_result,21_lifetime_deer.pdf,LIFETIME_GENERAL_SEASON_DEER,94
2021,2022,DB1597,Zion - Any Legal Weapon,DEER,G.S.,PREFERENCE_POINT,Nonresident,2,0,2,2,1 in 1.0,100,hunt_total_draw_result,21_lifetime_deer.pdf,LIFETIME_GENERAL_SEASON_DEER,94
2021,2022,DB1598,North Slope - Any Legal Weapon,DEER,G.S.,PREFERENCE_POINT,Resident,21,0,21,21,1 in 1.0,100,hunt_total_draw_result,21_lifetime_deer.pdf,LIFETIME_GENERAL_SEASON_DEER,95
2021,2022,DB1598,North Slope - Any Legal Weapon,DEER,G.S.,PREFERENCE_POINT,Nonresident,4,0,4,4,1 in 1.0,100,hunt_total_draw_result,21_lifetime_deer.pdf,LIFETIME_GENERAL_SEASON_DEER,95
2021,2022,EB1007,Youth Any Bull Elk - Youth General Any Bull Elk - Any Legal Weapon,ELK,YOUTH,BONUS_POINT,Resident,7963,0,450,450,1 in 17.7,5.64971751,hunt_total_draw_result,21_youth_bull_elk.pdf,YOUTH_BULL_ELK,1
2021,2022,EB1007,Youth Any Bull Elk - Youth General Any Bull Elk - Any Legal Weapon,ELK,YOUTH,BONUS_POINT,Nonresident,421,0,50,50,1 in 8.4,11.9047619,hunt_total_draw_result,21_youth_bull_elk.pdf,YOUTH_BULL_ELK,1
2021,2022,DB1500,Beaver - Archery,DEER,G.S.,PREFERENCE_POINT,Resident,22,0,22,22,1 in 1.0,100,hunt_total_draw_result,21_youth_deer.pdf,YOUTH_GENERAL_SEASON_DEER,2
2021,2022,DB1500,Beaver - Archery,DEER,G.S.,PREFERENCE_POINT,Nonresident,2,0,2,2,1 in 1.0,100,hunt_total_draw_result,21_youth_deer.pdf,YOUTH_GENERAL_SEASON_DEER,2
2021,2022,DB1501,Box Elder - Archery,DEER,G.S.,PREFERENCE_POINT,Resident,6,0,6,6,1 in 1.0,100,hunt_total_draw_result,21_youth_deer.pdf,YOUTH_GENERAL_SEASON_DEER,3
2021,2022,DB1501,Box Elder - Archery,DEER,G.S.,PREFERENCE_POINT,Nonresident,0,0,0,0,N/A,,hunt_total_draw_result,21_youth_deer.pdf,YOUTH_GENERAL_SEASON_DEER,3
2021,2022,DB1502,Cache - Archery,DEER,G.S.,PREFERENCE_POINT,Resident,22,0,22,22,1 in 1.0,100,hunt_total_draw_result,21_youth_deer.pdf,YOUTH_GENERAL_SEASON_DEER,4
2021,2022,DB1502,Cache - Archery,DEER,G.S.,PREFERENCE_POINT,Nonresident,0,0,0,0,N/A,,hunt_total_draw_result,21_youth_deer.pdf,YOUTH_GENERAL_SEASON_DEER,4
2021,2022,DB1503,"Central Mtns, Manti/san Rafael - Archery",DEER,G.S.,PREFERENCE_POINT,Resident,70,0,70,70,1 in 1.0,100,hunt_total_draw_result,21_youth_deer.pdf,YOUTH_GENERAL_SEASON_DEER,5
2021,2022,DB1503,"Central Mtns, Manti/san Rafael - Archery",DEER,G.S.,PREFERENCE_POINT,Nonresident,1,0,1,1,1 in 1.0,100,hunt_total_draw_result,21_youth_deer.pdf,YOUTH_GENERAL_SEASON_DEER,5
2021,2022,DB1504,"Central Mtns, Nebo - Archery",DEER,G.S.,PREFERENCE_POINT,Resident,21,0,21,21,1 in 1.0,100,hunt_total_draw_result,21_youth_deer.pdf,YOUTH_GENERAL_SEASON_DEER,6
2021,2022,DB1504,"Central Mtns, Nebo - Archery",DEER,G.S.,PREFERENCE_POINT,Nonresident,0,0,0,0,N/A,,hunt_total_draw_result,21_youth_deer.pdf,YOUTH_GENERAL_SEASON_DEER,6
2021,2022,DB1505,Chalk Creek/east Canyon/morgan-south Rich - Archery,DEER,G.S.,PREFERENCE_POINT,Resident,35,0,35,35,1 in 1.0,100,hunt_total_draw_result,21_youth_deer.pdf,YOUTH_GENERAL_SEASON_DEER,7
2021,2022,DB1505,Chalk Creek/east Canyon/morgan-south Rich - Archery,DEER,G.S.,PREFERENCE_POINT,Nonresident,1,0,1,1,1 in 1.0,100,hunt_total_draw_result,21_youth_deer.pdf,YOUTH_GENERAL_SEASON_DEER,7
2021,2022,DB1506,Fillmore - Archery,DEER,G.S.,PREFERENCE_POINT,Resident,10,0,10,10,1 in 1.0,100,hunt_total_draw_result,21_youth_deer.pdf,YOUTH_GENERAL_SEASON_DEER,8
2021,2022,DB1506,Fillmore - Archery,DEER,G.S.,PREFERENCE_POINT,Nonresident,2,0,2,2,1 in 1.0,100,hunt_total_draw_result,21_youth_deer.pdf,YOUTH_GENERAL_SEASON_DEER,8
2021,2022,DB1508,Kamas - Archery,DEER,G.S.,PREFERENCE_POINT,Resident,13,0,12,12,1 in 1.1,90.90909091,hunt_total_draw_result,21_youth_deer.pdf,YOUTH_GENERAL_SEASON_DEER,9
2021,2022,DB1508,Kamas - Archery,DEER,G.S.,PREFERENCE_POINT,Nonresident,0,0,0,0,N/A,,hunt_total_draw_result,21_youth_deer.pdf,YOUTH_GENERAL_SEASON_DEER,9
2021,2022,DB1509,"La Sal, La Sal Mtns - Archery",DEER,G.S.,PREFERENCE_POINT,Resident,10,0,10,10,1 in 1.0,100,hunt_total_draw_result,21_youth_deer.pdf,YOUTH_GENERAL_SEASON_DEER,10
2021,2022,DB1509,"La Sal, La Sal Mtns - Archery",DEER,G.S.,PREFERENCE_POINT,Nonresident,3,0,3,3,1 in 1.0,100,hunt_total_draw_result,21_youth_deer.pdf,YOUTH_GENERAL_SEASON_DEER,10
2021,2022,DB1510,Monroe - Archery,DEER,G.S.,PREFERENCE_POINT,Resident,24,0,22,22,1 in 1.1,90.90909091,hunt_total_draw_result,21_youth_deer.pdf,YOUTH_GENERAL_SEASON_DEER,11
2021,2022,DB1510,Monroe - Archery,DEER,G.S.,PREFERENCE_POINT,Nonresident,1,0,1,1,1 in 1.0,100,hunt_total_draw_result,21_youth_deer.pdf,YOUTH_GENERAL_SEASON_DEER,11
2021,2022,DB1511,Mt Dutton - Archery,DEER,G.S.,PREFERENCE_POINT,Resident,8,0,8,8,1 in 1.0,100,hunt_total_draw_result,21_youth_deer.pdf,YOUTH_GENERAL_SEASON_DEER,12
2021,2022,DB1511,Mt Dutton - Archery,DEER,G.S.,PREFERENCE_POINT,Nonresident,0,0,0,0,N/A,,hunt_total_draw_result,21_youth_deer.pdf,YOUTH_GENERAL_SEASON_DEER,12
2021,2022,DB1512,Nine Mile - Archery,DEER,G.S.,PREFERENCE_POINT,Resident,8,0,8,8,1 in 1.0,100,hunt_total_draw_result,21_youth_deer.pdf,YOUTH_GENERAL_SEASON_DEER,13
2021,2022,DB1512,Nine Mile - Archery,DEER,G.S.,PREFERENCE_POINT,Nonresident,0,0,0,0,N/A,,hunt_total_draw_result,21_youth_deer.pdf,YOUTH_GENERAL_SEASON_DEER,13
2021,2022,DB1513,North Slope - Archery,DEER,G.S.,PREFERENCE_POINT,Resident,20,0,20,20,1 in 1.0,100,hunt_total_draw_result,21_youth_deer.pdf,YOUTH_GENERAL_SEASON_DEER,14
2021,2022,DB1513,North Slope - Archery,DEER,G.S.,PREFERENCE_POINT,Nonresident,0,0,0,0,N/A,,hunt_total_draw_result,21_youth_deer.pdf,YOUTH_GENERAL_SEASON_DEER,14
2021,2022,DB1514,Ogden - Archery,DEER,G.S.,PREFERENCE_POINT,Resident,11,0,11,11,1 in 1.0,100,hunt_total_draw_result,21_youth_deer.pdf,YOUTH_GENERAL_SEASON_DEER,15
2021,2022,DB1514,Ogden - Archery,DEER,G.S.,PREFERENCE_POINT,Nonresident,1,0,1,1,1 in 1.0,100,hunt_total_draw_result,21_youth_deer.pdf,YOUTH_GENERAL_SEASON_DEER,15
2021,2022,DB1515,Oquirrh-stansbury - Archery,DEER,G.S.,PREFERENCE_POINT,Resident,16,0,14,14,1 in 1.1,90.90909091,hunt_total_draw_result,21_youth_deer.pdf,YOUTH_GENERAL_SEASON_DEER,16
2021,2022,DB1515,Oquirrh-stansbury - Archery,DEER,G.S.,PREFERENCE_POINT,Nonresident,0,0,0,0,N/A,,hunt_total_draw_result,21_youth_deer.pdf,YOUTH_GENERAL_SEASON_DEER,16
2021,2022,DB1516,Panguitch Lake - Archery,DEER,G.S.,PREFERENCE_POINT,Resident,24,0,24,24,1 in 1.0,100,hunt_total_draw_result,21_youth_deer.pdf,YOUTH_GENERAL_SEASON_DEER,17
2021,2022,DB1516,Panguitch Lake - Archery,DEER,G.S.,PREFERENCE_POINT,Nonresident,9,0,4,4,1 in 2.3,43.47826087,hunt_total_draw_result,21_youth_deer.pdf,YOUTH_GENERAL_SEASON_DEER,17
2021,2022,DB1517,Pine Valley - Archery,DEER,G.S.,PREFERENCE_POINT,Resident,38,0,38,38,1 in 1.0,100,hunt_total_draw_result,21_youth_deer.pdf,YOUTH_GENERAL_SEASON_DEER,18
2021,2022,DB1517,Pine Valley - Archery,DEER,G.S.,PREFERENCE_POINT,Nonresident,4,0,4,4,1 in 1.0,100,hunt_total_draw_result,21_youth_deer.pdf,YOUTH_GENERAL_SEASON_DEER,18
2021,2022,DB1518,"Plateau, Boulder/kaiparowits - Archery",DEER,G.S.,PREFERENCE_POINT,Resident,23,0,23,23,1 in 1.0,100,hunt_total_draw_result,21_youth_deer.pdf,YOUTH_GENERAL_SEASON_DEER,19
2021,2022,DB1518,"Plateau, Boulder/kaiparowits - Archery",DEER,G.S.,PREFERENCE_POINT,Nonresident,0,0,0,0,N/A,,hunt_total_draw_result,21_youth_deer.pdf,YOUTH_GENERAL_SEASON_DEER,19
2021,2022,DB1519,"Plateau, Fishlake - Archery",DEER,G.S.,PREFERENCE_POINT,Resident,27,0,24,24,1 in 1.1,90.90909091,hunt_total_draw_result,21_youth_deer.pdf,YOUTH_GENERAL_SEASON_DEER,20
2021,2022,DB1519,"Plateau, Fishlake - Archery",DEER,G.S.,PREFERENCE_POINT,Nonresident,4,0,2,2,1 in 2.0,50,hunt_total_draw_result,21_youth_deer.pdf,YOUTH_GENERAL_SEASON_DEER,20
2021,2022,DB1521,"San Juan, Abajo Mtns - Archery",DEER,G.S.,PREFERENCE_POINT,Resident,14,0,14,14,1 in 1.0,100,hunt_total_draw_result,21_youth_deer.pdf,YOUTH_GENERAL_SEASON_DEER,21
2021,2022,DB1521,"San Juan, Abajo Mtns - Archery",DEER,G.S.,PREFERENCE_POINT,Nonresident,3,0,3,3,1 in 1.0,100,hunt_total_draw_result,21_youth_deer.pdf,YOUTH_GENERAL_SEASON_DEER,21
2021,2022,DB1522,"South Slope, Bonanza/vernal - Archery",DEER,G.S.,PREFERENCE_POINT,Resident,53,0,53,53,1 in 1.0,100,hunt_total_draw_result,21_youth_deer.pdf,YOUTH_GENERAL_SEASON_DEER,22
2021,2022,DB1522,"South Slope, Bonanza/vernal - Archery",DEER,G.S.,PREFERENCE_POINT,Nonresident,4,0,4,4,1 in 1.0,100,hunt_total_draw_result,21_youth_deer.pdf,YOUTH_GENERAL_SEASON_DEER,22
2021,2022,DB1523,"South Slope, Yellowstone - Archery",DEER,G.S.,PREFERENCE_POINT,Resident,30,0,30,30,1 in 1.0,100,hunt_total_draw_result,21_youth_deer.pdf,YOUTH_GENERAL_SEASON_DEER,23
2021,2022,DB1523,"South Slope, Yellowstone - Archery",DEER,G.S.,PREFERENCE_POINT,Nonresident,1,0,1,1,1 in 1.0,100,hunt_total_draw_result,21_youth_deer.pdf,YOUTH_GENERAL_SEASON_DEER,23
2021,2022,DB1524,Southwest Desert - Archery,DEER,G.S.,PREFERENCE_POINT,Resident,6,0,6,6,1 in 1.0,100,hunt_total_draw_result,21_youth_deer.pdf,YOUTH_GENERAL_SEASON_DEER,24
2021,2022,DB1524,Southwest Desert - Archery,DEER,G.S.,PREFERENCE_POINT,Nonresident,1,0,1,1,1 in 1.0,100,hunt_total_draw_result,21_youth_deer.pdf,YOUTH_GENERAL_SEASON_DEER,24
2021,2022,DB1525,"Wasatch Mtns, East - Archery",DEER,G.S.,PREFERENCE_POINT,Resident,43,0,43,43,1 in 1.0,100,hunt_total_draw_result,21_youth_deer.pdf,YOUTH_GENERAL_SEASON_DEER,25
2021,2022,DB1525,"Wasatch Mtns, East - Archery",DEER,G.S.,PREFERENCE_POINT,Nonresident,0,0,0,0,N/A,,hunt_total_draw_result,21_youth_deer.pdf,YOUTH_GENERAL_SEASON_DEER,25
2021,2022,DB1526,"Wasatch Mtns, West - Archery",DEER,G.S.,PREFERENCE_POINT,Resident,43,0,43,43,1 in 1.0,100,hunt_total_draw_result,21_youth_deer.pdf,YOUTH_GENERAL_SEASON_DEER,26
2021,2022,DB1526,"Wasatch Mtns, West - Archery",DEER,G.S.,PREFERENCE_POINT,Nonresident,1,0,1,1,1 in 1.0,100,hunt_total_draw_result,21_youth_deer.pdf,YOUTH_GENERAL_SEASON_DEER,26
2021,2022,DB1527,"West Desert, Tintic - Archery",DEER,G.S.,PREFERENCE_POINT,Resident,9,0,9,9,1 in 1.0,100,hunt_total_draw_result,21_youth_deer.pdf,YOUTH_GENERAL_SEASON_DEER,27
2021,2022,DB1527,"West Desert, Tintic - Archery",DEER,G.S.,PREFERENCE_POINT,Nonresident,0,0,0,0,N/A,,hunt_total_draw_result,21_youth_deer.pdf,YOUTH_GENERAL_SEASON_DEER,27
2021,2022,DB1529,Zion - Archery,DEER,G.S.,PREFERENCE_POINT,Resident,22,0,22,22,1 in 1.0,100,hunt_total_draw_result,21_youth_deer.pdf,YOUTH_GENERAL_SEASON_DEER,28
2021,2022,DB1529,Zion - Archery,DEER,G.S.,PREFERENCE_POINT,Nonresident,3,0,3,3,1 in 1.0,100,hunt_total_draw_result,21_youth_deer.pdf,YOUTH_GENERAL_SEASON_DEER,28
2021,2022,DB1530,Beaver - Any Legal Weapon,DEER,G.S.,PREFERENCE_POINT,Resident,453,0,119,119,1 in 3.8,26.31578947,hunt_total_draw_result,21_youth_deer.pdf,YOUTH_GENERAL_SEASON_DEER,29
2021,2022,DB1530,Beaver - Any Legal Weapon,DEER,G.S.,PREFERENCE_POINT,Nonresident,22,0,13,13,1 in 1.7,58.82352941,hunt_total_draw_result,21_youth_deer.pdf,YOUTH_GENERAL_SEASON_DEER,29
2021,2022,DB1531,Box Elder - Any Legal Weapon,DEER,G.S.,PREFERENCE_POINT,Resident,339,0,337,337,1 in 1.0,100,hunt_total_draw_result,21_youth_deer.pdf,YOUTH_GENERAL_SEASON_DEER,30
2021,2022,DB1531,Box Elder - Any Legal Weapon,DEER,G.S.,PREFERENCE_POINT,Nonresident,5,0,5,5,1 in 1.0,100,hunt_total_draw_result,21_youth_deer.pdf,YOUTH_GENERAL_SEASON_DEER,30
2021,2022,DB1532,Cache - Any Legal Weapon,DEER,G.S.,PREFERENCE_POINT,Resident,855,0,490,490,1 in 1.7,58.82352941,hunt_total_draw_result,21_youth_deer.pdf,YOUTH_GENERAL_SEASON_DEER,31
2021,2022,DB1532,Cache - Any Legal Weapon,DEER,G.S.,PREFERENCE_POINT,Nonresident,6,0,6,6,1 in 1.0,100,hunt_total_draw_result,21_youth_deer.pdf,YOUTH_GENERAL_SEASON_DEER,31
2021,2022,DB1533,"Central Mtns, Manti/san Rafael - Any Legal Weapon",DEER,G.S.,PREFERENCE_POINT,Resident,1549,0,729,729,1 in 2.1,47.61904762,hunt_total_draw_result,21_youth_deer.pdf,YOUTH_GENERAL_SEASON_DEER,32
2021,2022,DB1533,"Central Mtns, Manti/san Rafael - Any Legal Weapon",DEER,G.S.,PREFERENCE_POINT,Nonresident,13,0,13,13,1 in 1.0,100,hunt_total_draw_result,21_youth_deer.pdf,YOUTH_GENERAL_SEASON_DEER,32
2021,2022,DB1534,"Central Mtns, Nebo - Any Legal Weapon",DEER,G.S.,PREFERENCE_POINT,Resident,560,0,391,391,1 in 1.4,71.42857143,hunt_total_draw_result,21_youth_deer.pdf,YOUTH_GENERAL_SEASON_DEER,33
2021,2022,DB1534,"Central Mtns, Nebo - Any Legal Weapon",DEER,G.S.,PREFERENCE_POINT,Nonresident,3,0,3,3,1 in 1.0,100,hunt_total_draw_result,21_youth_deer.pdf,YOUTH_GENERAL_SEASON_DEER,33
2021,2022,DB1535,Chalk Creek/east Canyon/morgan-south Rich - Any Legal Weapon,DEER,G.S.,PREFERENCE_POINT,Resident,600,0,580,580,1 in 1.0,100,hunt_total_draw_result,21_youth_deer.pdf,YOUTH_GENERAL_SEASON_DEER,34
2021,2022,DB1535,Chalk Creek/east Canyon/morgan-south Rich - Any Legal Weapon,DEER,G.S.,PREFERENCE_POINT,Nonresident,6,0,6,6,1 in 1.0,100,hunt_total_draw_result,21_youth_deer.pdf,YOUTH_GENERAL_SEASON_DEER,34
2021,2022,DB1536,Fillmore - Any Legal Weapon,DEER,G.S.,PREFERENCE_POINT,Resident,297,0,71,71,1 in 4.2,23.80952381,hunt_total_draw_result,21_youth_deer.pdf,YOUTH_GENERAL_SEASON_DEER,35
2021,2022,DB1536,Fillmore - Any Legal Weapon,DEER,G.S.,PREFERENCE_POINT,Nonresident,2,0,2,2,1 in 1.0,100,hunt_total_draw_result,21_youth_deer.pdf,YOUTH_GENERAL_SEASON_DEER,35
2021,2022,DB1538,Kamas - Any Legal Weapon,DEER,G.S.,PREFERENCE_POINT,Resident,124,0,124,124,1 in 1.0,100,hunt_total_draw_result,21_youth_deer.pdf,YOUTH_GENERAL_SEASON_DEER,36
2021,2022,DB1538,Kamas - Any Legal Weapon,DEER,G.S.,PREFERENCE_POINT,Nonresident,3,0,3,3,1 in 1.0,100,hunt_total_draw_result,21_youth_deer.pdf,YOUTH_GENERAL_SEASON_DEER,36
2021,2022,DB1539,"La Sal, La Sal Mtns - Any Legal Weapon",DEER,G.S.,PREFERENCE_POINT,Resident,170,0,132,132,1 in 1.3,76.92307692,hunt_total_draw_result,21_youth_deer.pdf,YOUTH_GENERAL_SEASON_DEER,37
2021,2022,DB1539,"La Sal, La Sal Mtns - Any Legal Weapon",DEER,G.S.,PREFERENCE_POINT,Nonresident,12,0,12,12,1 in 1.0,100,hunt_total_draw_result,21_youth_deer.pdf,YOUTH_GENERAL_SEASON_DEER,37
2021,2022,DB1540,Monroe - Any Legal Weapon,DEER,G.S.,PREFERENCE_POINT,Resident,311,0,60,60,1 in 5.2,19.23076923,hunt_total_draw_result,21_youth_deer.pdf,YOUTH_GENERAL_SEASON_DEER,38
2021,2022,DB1540,Monroe - Any Legal Weapon,DEER,G.S.,PREFERENCE_POINT,Nonresident,11,0,6,6,1 in 1.8,55.55555556,hunt_total_draw_result,21_youth_deer.pdf,YOUTH_GENERAL_SEASON_DEER,38
2021,2022,DB1541,Mt Dutton - Any Legal Weapon,DEER,G.S.,PREFERENCE_POINT,Resident,104,0,16,16,1 in 6.5,15.38461538,hunt_total_draw_result,21_youth_deer.pdf,YOUTH_GENERAL_SEASON_DEER,39
2021,2022,DB1541,Mt Dutton - Any Legal Weapon,DEER,G.S.,PREFERENCE_POINT,Nonresident,7,0,2,2,1 in 3.5,28.57142857,hunt_total_draw_result,21_youth_deer.pdf,YOUTH_GENERAL_SEASON_DEER,39
2021,2022,DB1542,Nine Mile - Any Legal Weapon,DEER,G.S.,PREFERENCE_POINT,Resident,154,0,107,107,1 in 1.4,71.42857143,hunt_total_draw_result,21_youth_deer.pdf,YOUTH_GENERAL_SEASON_DEER,40
2021,2022,DB1542,Nine Mile - Any Legal Weapon,DEER,G.S.,PREFERENCE_POINT,Nonresident,1,0,1,1,1 in 1.0,100,hunt_total_draw_result,21_youth_deer.pdf,YOUTH_GENERAL_SEASON_DEER,40
2021,2022,DB1543,North Slope - Any Legal Weapon,DEER,G.S.,PREFERENCE_POINT,Resident,172,0,163,163,1 in 1.1,90.90909091,hunt_total_draw_result,21_youth_deer.pdf,YOUTH_GENERAL_SEASON_DEER,41
2021,2022,DB1543,North Slope - Any Legal Weapon,DEER,G.S.,PREFERENCE_POINT,Nonresident,3,0,3,3,1 in 1.0,100,hunt_total_draw_result,21_youth_deer.pdf,YOUTH_GENERAL_SEASON_DEER,41
2021,2022,DB1544,Ogden - Any Legal Weapon,DEER,G.S.,PREFERENCE_POINT,Resident,291,0,270,270,1 in 1.1,90.90909091,hunt_total_draw_result,21_youth_deer.pdf,YOUTH_GENERAL_SEASON_DEER,42
2021,2022,DB1544,Ogden - Any Legal Weapon,DEER,G.S.,PREFERENCE_POINT,Nonresident,3,0,3,3,1 in 1.0,100,hunt_total_draw_result,21_youth_deer.pdf,YOUTH_GENERAL_SEASON_DEER,42
2021,2022,DB1545,Oquirrh-stansbury - Any Legal Weapon,DEER,G.S.,PREFERENCE_POINT,Resident,565,0,212,212,1 in 2.7,37.03703704,hunt_total_draw_result,21_youth_deer.pdf,YOUTH_GENERAL_SEASON_DEER,43
2021,2022,DB1545,Oquirrh-stansbury - Any Legal Weapon,DEER,G.S.,PREFERENCE_POINT,Nonresident,10,0,10,10,1 in 1.0,100,hunt_total_draw_result,21_youth_deer.pdf,YOUTH_GENERAL_SEASON_DEER,43
2021,2022,DB1546,Panguitch Lake - Any Legal Weapon,DEER,G.S.,PREFERENCE_POINT,Resident,295,0,66,66,1 in 4.5,22.22222222,hunt_total_draw_result,21_youth_deer.pdf,YOUTH_GENERAL_SEASON_DEER,44
2021,2022,DB1546,Panguitch Lake - Any Legal Weapon,DEER,G.S.,PREFERENCE_POINT,Nonresident,28,0,7,7,1 in 4.0,25,hunt_total_draw_result,21_youth_deer.pdf,YOUTH_GENERAL_SEASON_DEER,44
2021,2022,DB1547,Pine Valley - Any Legal Weapon,DEER,G.S.,PREFERENCE_POINT,Resident,671,0,205,205,1 in 3.3,30.3030303,hunt_total_draw_result,21_youth_deer.pdf,YOUTH_GENERAL_SEASON_DEER,45
2021,2022,DB1547,Pine Valley - Any Legal Weapon,DEER,G.S.,PREFERENCE_POINT,Nonresident,63,0,23,23,1 in 2.7,37.03703704,hunt_total_draw_result,21_youth_deer.pdf,YOUTH_GENERAL_SEASON_DEER,45
2021,2022,DB1548,"Plateau, Boulder/kaiparowits - Any Legal Weapon",DEER,G.S.,PREFERENCE_POINT,Resident,374,0,59,59,1 in 6.3,15.87301587,hunt_total_draw_result,21_youth_deer.pdf,YOUTH_GENERAL_SEASON_DEER,46
2021,2022,DB1548,"Plateau, Boulder/kaiparowits - Any Legal Weapon",DEER,G.S.,PREFERENCE_POINT,Nonresident,17,0,6,6,1 in 2.8,35.71428571,hunt_total_draw_result,21_youth_deer.pdf,YOUTH_GENERAL_SEASON_DEER,46
2021,2022,DB1549,"Plateau, Fishlake - Any Legal Weapon",DEER,G.S.,PREFERENCE_POINT,Resident,218,0,38,38,1 in 5.7,17.54385965,hunt_total_draw_result,21_youth_deer.pdf,YOUTH_GENERAL_SEASON_DEER,47
2021,2022,DB1549,"Plateau, Fishlake - Any Legal Weapon",DEER,G.S.,PREFERENCE_POINT,Nonresident,2,0,2,2,1 in 1.0,100,hunt_total_draw_result,21_youth_deer.pdf,YOUTH_GENERAL_SEASON_DEER,47
2021,2022,DB1550,"Plateau, Thousand Lakes - Any Legal Weapon",DEER,G.S.,PREFERENCE_POINT,Resident,30,0,5,5,1 in 6.0,16.66666667,hunt_total_draw_result,21_youth_deer.pdf,YOUTH_GENERAL_SEASON_DEER,48
2021,2022,DB1550,"Plateau, Thousand Lakes - Any Legal Weapon",DEER,G.S.,PREFERENCE_POINT,Nonresident,0,0,0,0,N/A,,hunt_total_draw_result,21_youth_deer.pdf,YOUTH_GENERAL_SEASON_DEER,48
2021,2022,DB1551,"San Juan, Abajo Mtns - Any Legal Weapon",DEER,G.S.,PREFERENCE_POINT,Resident,252,0,201,201,1 in 1.3,76.92307692,hunt_total_draw_result,21_youth_deer.pdf,YOUTH_GENERAL_SEASON_DEER,49
2021,2022,DB1551,"San Juan, Abajo Mtns - Any Legal Weapon",DEER,G.S.,PREFERENCE_POINT,Nonresident,24,0,22,22,1 in 1.1,90.90909091,hunt_total_draw_result,21_youth_deer.pdf,YOUTH_GENERAL_SEASON_DEER,49
2021,2022,DB1552,"South Slope, Bonanza/vernal - Any Legal Weapon",DEER,G.S.,PREFERENCE_POINT,Resident,497,0,91,91,1 in 5.5,18.18181818,hunt_total_draw_result,21_youth_deer.pdf,YOUTH_GENERAL_SEASON_DEER,50
2021,2022,DB1552,"South Slope, Bonanza/vernal - Any Legal Weapon",DEER,G.S.,PREFERENCE_POINT,Nonresident,4,0,4,4,1 in 1.0,100,hunt_total_draw_result,21_youth_deer.pdf,YOUTH_GENERAL_SEASON_DEER,50
2021,2022,DB1553,"South Slope, Yellowstone - Any Legal Weapon",DEER,G.S.,PREFERENCE_POINT,Resident,414,0,135,135,1 in 3.1,32.25806452,hunt_total_draw_result,21_youth_deer.pdf,YOUTH_GENERAL_SEASON_DEER,51
2021,2022,DB1553,"South Slope, Yellowstone - Any Legal Weapon",DEER,G.S.,PREFERENCE_POINT,Nonresident,1,0,1,1,1 in 1.0,100,hunt_total_draw_result,21_youth_deer.pdf,YOUTH_GENERAL_SEASON_DEER,51
2021,2022,DB1554,Southwest Desert - Any Legal Weapon,DEER,G.S.,PREFERENCE_POINT,Resident,124,0,50,50,1 in 2.5,40,hunt_total_draw_result,21_youth_deer.pdf,YOUTH_GENERAL_SEASON_DEER,52
2021,2022,DB1554,Southwest Desert - Any Legal Weapon,DEER,G.S.,PREFERENCE_POINT,Nonresident,10,0,5,5,1 in 2.0,50,hunt_total_draw_result,21_youth_deer.pdf,YOUTH_GENERAL_SEASON_DEER,52
2021,2022,DB1555,"Wasatch Mtns, East - Any Legal Weapon",DEER,G.S.,PREFERENCE_POINT,Resident,855,0,408,408,1 in 2.1,47.61904762,hunt_total_draw_result,21_youth_deer.pdf,YOUTH_GENERAL_SEASON_DEER,53
2021,2022,DB1555,"Wasatch Mtns, East - Any Legal Weapon",DEER,G.S.,PREFERENCE_POINT,Nonresident,2,0,2,2,1 in 1.0,100,hunt_total_draw_result,21_youth_deer.pdf,YOUTH_GENERAL_SEASON_DEER,53
2021,2022,DB1556,"Wasatch Mtns, West - Any Legal Weapon",DEER,G.S.,PREFERENCE_POINT,Resident,691,0,686,686,1 in 1.0,100,hunt_total_draw_result,21_youth_deer.pdf,YOUTH_GENERAL_SEASON_DEER,54
2021,2022,DB1556,"Wasatch Mtns, West - Any Legal Weapon",DEER,G.S.,PREFERENCE_POINT,Nonresident,3,0,3,3,1 in 1.0,100,hunt_total_draw_result,21_youth_deer.pdf,YOUTH_GENERAL_SEASON_DEER,54
2021,2022,DB1557,"West Desert, Tintic - Any Legal Weapon",DEER,G.S.,PREFERENCE_POINT,Resident,236,0,88,88,1 in 2.7,37.03703704,hunt_total_draw_result,21_youth_deer.pdf,YOUTH_GENERAL_SEASON_DEER,55
2021,2022,DB1557,"West Desert, Tintic - Any Legal Weapon",DEER,G.S.,PREFERENCE_POINT,Nonresident,0,0,0,0,N/A,,hunt_total_draw_result,21_youth_deer.pdf,YOUTH_GENERAL_SEASON_DEER,55
2021,2022,DB1558,"West Desert, West -An y Legal Weapon",DEER,G.S.,PREFERENCE_POINT,Resident,42,0,42,42,1 in 1.0,100,hunt_total_draw_result,21_youth_deer.pdf,YOUTH_GENERAL_SEASON_DEER,56
2021,2022,DB1558,"West Desert, West -An y Legal Weapon",DEER,G.S.,PREFERENCE_POINT,Nonresident,1,0,1,1,1 in 1.0,100,hunt_total_draw_result,21_youth_deer.pdf,YOUTH_GENERAL_SEASON_DEER,56
2021,2022,DB1559,Zion - Any Legal Weapon,DEER,G.S.,PREFERENCE_POINT,Resident,453,0,167,167,1 in 2.7,37.03703704,hunt_total_draw_result,21_youth_deer.pdf,YOUTH_GENERAL_SEASON_DEER,57
2021,2022,DB1559,Zion - Any Legal Weapon,DEER,G.S.,PREFERENCE_POINT,Nonresident,14,0,13,13,1 in 1.1,90.90909091,hunt_total_draw_result,21_youth_deer.pdf,YOUTH_GENERAL_SEASON_DEER,57
2021,2022,DB1560,Beaver - Muzzleloader,DEER,G.S.,PREFERENCE_POINT,Resident,37,0,36,36,1 in 1.0,100,hunt_total_draw_result,21_youth_deer.pdf,YOUTH_GENERAL_SEASON_DEER,58
2021,2022,DB1560,Beaver - Muzzleloader,DEER,G.S.,PREFERENCE_POINT,Nonresident,2,0,2,2,1 in 1.0,100,hunt_total_draw_result,21_youth_deer.pdf,YOUTH_GENERAL_SEASON_DEER,58
2021,2022,DB1561,Box Elder - Muzzleloader,DEER,G.S.,PREFERENCE_POINT,Resident,13,0,13,13,1 in 1.0,100,hunt_total_draw_result,21_youth_deer.pdf,YOUTH_GENERAL_SEASON_DEER,59
2021,2022,DB1561,Box Elder - Muzzleloader,DEER,G.S.,PREFERENCE_POINT,Nonresident,0,0,0,0,N/A,,hunt_total_draw_result,21_youth_deer.pdf,YOUTH_GENERAL_SEASON_DEER,59
2021,2022,DB1562,Cache - Muzzleloader,DEER,G.S.,PREFERENCE_POINT,Resident,31,0,31,31,1 in 1.0,100,hunt_total_draw_result,21_youth_deer.pdf,YOUTH_GENERAL_SEASON_DEER,60
2021,2022,DB1562,Cache - Muzzleloader,DEER,G.S.,PREFERENCE_POINT,Nonresident,0,0,0,0,N/A,,hunt_total_draw_result,21_youth_deer.pdf,YOUTH_GENERAL_SEASON_DEER,60
2021,2022,DB1563,"Central Mtns, Manti/san Rafael - Muzzleloader",DEER,G.S.,PREFERENCE_POINT,Resident,81,0,79,79,1 in 1.0,100,hunt_total_draw_result,21_youth_deer.pdf,YOUTH_GENERAL_SEASON_DEER,61
2021,2022,DB1563,"Central Mtns, Manti/san Rafael - Muzzleloader",DEER,G.S.,PREFERENCE_POINT,Nonresident,0,0,0,0,N/A,,hunt_total_draw_result,21_youth_deer.pdf,YOUTH_GENERAL_SEASON_DEER,61
2021,2022,DB1564,"Central Mtns, Nebo - Muzzleloader",DEER,G.S.,PREFERENCE_POINT,Resident,18,0,18,18,1 in 1.0,100,hunt_total_draw_result,21_youth_deer.pdf,YOUTH_GENERAL_SEASON_DEER,62
2021,2022,DB1564,"Central Mtns, Nebo - Muzzleloader",DEER,G.S.,PREFERENCE_POINT,Nonresident,0,0,0,0,N/A,,hunt_total_draw_result,21_youth_deer.pdf,YOUTH_GENERAL_SEASON_DEER,62
2021,2022,DB1565,Chalk Creek/east Canyon/morgan-south Rich - Muzzleloader,DEER,G.S.,PREFERENCE_POINT,Resident,19,0,19,19,1 in 1.0,100,hunt_total_draw_result,21_youth_deer.pdf,YOUTH_GENERAL_SEASON_DEER,63
2021,2022,DB1565,Chalk Creek/east Canyon/morgan-south Rich - Muzzleloader,DEER,G.S.,PREFERENCE_POINT,Nonresident,1,0,1,1,1 in 1.0,100,hunt_total_draw_result,21_youth_deer.pdf,YOUTH_GENERAL_SEASON_DEER,63
2021,2022,DB1566,Fillmore - Muzzleloader,DEER,G.S.,PREFERENCE_POINT,Resident,34,0,34,34,1 in 1.0,100,hunt_total_draw_result,21_youth_deer.pdf,YOUTH_GENERAL_SEASON_DEER,64
2021,2022,DB1566,Fillmore - Muzzleloader,DEER,G.S.,PREFERENCE_POINT,Nonresident,0,0,0,0,N/A,,hunt_total_draw_result,21_youth_deer.pdf,YOUTH_GENERAL_SEASON_DEER,64
2021,2022,DB1568,Kamas - Muzzleloader,DEER,G.S.,PREFERENCE_POINT,Resident,5,0,5,5,1 in 1.0,100,hunt_total_draw_result,21_youth_deer.pdf,YOUTH_GENERAL_SEASON_DEER,65
2021,2022,DB1568,Kamas - Muzzleloader,DEER,G.S.,PREFERENCE_POINT,Nonresident,0,0,0,0,N/A,,hunt_total_draw_result,21_youth_deer.pdf,YOUTH_GENERAL_SEASON_DEER,65
2021,2022,DB1569,"La Sal, La Sal Mtns - Muzzleloader",DEER,G.S.,PREFERENCE_POINT,Resident,13,0,13,13,1 in 1.0,100,hunt_total_draw_result,21_youth_deer.pdf,YOUTH_GENERAL_SEASON_DEER,66
2021,2022,DB1569,"La Sal, La Sal Mtns - Muzzleloader",DEER,G.S.,PREFERENCE_POINT,Nonresident,0,0,0,0,N/A,,hunt_total_draw_result,21_youth_deer.pdf,YOUTH_GENERAL_SEASON_DEER,66
2021,2022,DB1570,Monroe - Muzzleloader,DEER,G.S.,PREFERENCE_POINT,Resident,37,0,19,19,1 in 1.9,52.63157895,hunt_total_draw_result,21_youth_deer.pdf,YOUTH_GENERAL_SEASON_DEER,67
2021,2022,DB1570,Monroe - Muzzleloader,DEER,G.S.,PREFERENCE_POINT,Nonresident,0,0,0,0,N/A,,hunt_total_draw_result,21_youth_deer.pdf,YOUTH_GENERAL_SEASON_DEER,67
2021,2022,DB1571,Mt Dutton - Muzzleloader,DEER,G.S.,PREFERENCE_POINT,Resident,5,0,5,5,1 in 1.0,100,hunt_total_draw_result,21_youth_deer.pdf,YOUTH_GENERAL_SEASON_DEER,68
2021,2022,DB1571,Mt Dutton - Muzzleloader,DEER,G.S.,PREFERENCE_POINT,Nonresident,1,0,0,0,N/A,,hunt_total_draw_result,21_youth_deer.pdf,YOUTH_GENERAL_SEASON_DEER,68
2021,2022,DB1572,Nine Mile - Muzzleloader,DEER,G.S.,PREFERENCE_POINT,Resident,6,0,5,5,1 in 1.2,83.33333333,hunt_total_draw_result,21_youth_deer.pdf,YOUTH_GENERAL_SEASON_DEER,69
2021,2022,DB1572,Nine Mile - Muzzleloader,DEER,G.S.,PREFERENCE_POINT,Nonresident,1,0,1,1,1 in 1.0,100,hunt_total_draw_result,21_youth_deer.pdf,YOUTH_GENERAL_SEASON_DEER,69
2021,2022,DB1573,North Slope - Muzzleloader,DEER,G.S.,PREFERENCE_POINT,Resident,19,0,18,18,1 in 1.1,90.90909091,hunt_total_draw_result,21_youth_deer.pdf,YOUTH_GENERAL_SEASON_DEER,70
2021,2022,DB1573,North Slope - Muzzleloader,DEER,G.S.,PREFERENCE_POINT,Nonresident,2,0,2,2,1 in 1.0,100,hunt_total_draw_result,21_youth_deer.pdf,YOUTH_GENERAL_SEASON_DEER,70
2021,2022,DB1574,Ogden - Muzzleloader,DEER,G.S.,PREFERENCE_POINT,Resident,9,0,9,9,1 in 1.0,100,hunt_total_draw_result,21_youth_deer.pdf,YOUTH_GENERAL_SEASON_DEER,71
2021,2022,DB1574,Ogden - Muzzleloader,DEER,G.S.,PREFERENCE_POINT,Nonresident,0,0,0,0,N/A,,hunt_total_draw_result,21_youth_deer.pdf,YOUTH_GENERAL_SEASON_DEER,71
2021,2022,DB1575,Oquirrh-stansbury - Muzzleloader,DEER,G.S.,PREFERENCE_POINT,Resident,45,0,45,45,1 in 1.0,100,hunt_total_draw_result,21_youth_deer.pdf,YOUTH_GENERAL_SEASON_DEER,72
2021,2022,DB1575,Oquirrh-stansbury - Muzzleloader,DEER,G.S.,PREFERENCE_POINT,Nonresident,0,0,0,0,N/A,,hunt_total_draw_result,21_youth_deer.pdf,YOUTH_GENERAL_SEASON_DEER,72
2021,2022,DB1576,Panguitch Lake - Muzzleloader,DEER,G.S.,PREFERENCE_POINT,Resident,23,0,23,23,1 in 1.0,100,hunt_total_draw_result,21_youth_deer.pdf,YOUTH_GENERAL_SEASON_DEER,73
2021,2022,DB1576,Panguitch Lake - Muzzleloader,DEER,G.S.,PREFERENCE_POINT,Nonresident,3,0,3,3,1 in 1.0,100,hunt_total_draw_result,21_youth_deer.pdf,YOUTH_GENERAL_SEASON_DEER,73
2021,2022,DB1577,Pine Valley - Muzzleloader,DEER,G.S.,PREFERENCE_POINT,Resident,58,0,58,58,1 in 1.0,100,hunt_total_draw_result,21_youth_deer.pdf,YOUTH_GENERAL_SEASON_DEER,74
2021,2022,DB1577,Pine Valley - Muzzleloader,DEER,G.S.,PREFERENCE_POINT,Nonresident,18,0,12,12,1 in 1.5,66.66666667,hunt_total_draw_result,21_youth_deer.pdf,YOUTH_GENERAL_SEASON_DEER,74
2021,2022,DB1578,"Plateau, Boulder/kaiparowits - Muzzleloader",DEER,G.S.,PREFERENCE_POINT,Resident,44,0,18,18,1 in 2.4,41.66666667,hunt_total_draw_result,21_youth_deer.pdf,YOUTH_GENERAL_SEASON_DEER,75
2021,2022,DB1578,"Plateau, Boulder/kaiparowits - Muzzleloader",DEER,G.S.,PREFERENCE_POINT,Nonresident,1,0,1,1,1 in 1.0,100,hunt_total_draw_result,21_youth_deer.pdf,YOUTH_GENERAL_SEASON_DEER,75
2021,2022,DB1579,"Plateau, Fishlake - Muzzleloader",DEER,G.S.,PREFERENCE_POINT,Resident,46,0,19,19,1 in 2.4,41.66666667,hunt_total_draw_result,21_youth_deer.pdf,YOUTH_GENERAL_SEASON_DEER,76
2021,2022,DB1579,"Plateau, Fishlake - Muzzleloader",DEER,G.S.,PREFERENCE_POINT,Nonresident,1,0,1,1,1 in 1.0,100,hunt_total_draw_result,21_youth_deer.pdf,YOUTH_GENERAL_SEASON_DEER,76
2021,2022,DB1580,"Plateau, Thousand Lakes - Muzzleloader",DEER,G.S.,PREFERENCE_POINT,Resident,7,0,7,7,1 in 1.0,100,hunt_total_draw_result,21_youth_deer.pdf,YOUTH_GENERAL_SEASON_DEER,77
2021,2022,DB1580,"Plateau, Thousand Lakes - Muzzleloader",DEER,G.S.,PREFERENCE_POINT,Nonresident,0,0,0,0,N/A,,hunt_total_draw_result,21_youth_deer.pdf,YOUTH_GENERAL_SEASON_DEER,77
2021,2022,DB1581,"San Juan, Abajo Mtns - Muzzleloader",DEER,G.S.,PREFERENCE_POINT,Resident,8,0,8,8,1 in 1.0,100,hunt_total_draw_result,21_youth_deer.pdf,YOUTH_GENERAL_SEASON_DEER,78
2021,2022,DB1581,"San Juan, Abajo Mtns - Muzzleloader",DEER,G.S.,PREFERENCE_POINT,Nonresident,2,0,2,2,1 in 1.0,100,hunt_total_draw_result,21_youth_deer.pdf,YOUTH_GENERAL_SEASON_DEER,78
2021,2022,DB1582,"South Slope, Bonanza/vernal - Muzzleloader",DEER,G.S.,PREFERENCE_POINT,Resident,60,0,35,35,1 in 1.7,58.82352941,hunt_total_draw_result,21_youth_deer.pdf,YOUTH_GENERAL_SEASON_DEER,79
2021,2022,DB1582,"South Slope, Bonanza/vernal - Muzzleloader",DEER,G.S.,PREFERENCE_POINT,Nonresident,1,0,1,1,1 in 1.0,100,hunt_total_draw_result,21_youth_deer.pdf,YOUTH_GENERAL_SEASON_DEER,79
2021,2022,DB1583,"South Slope, Yellowstone - Muzzleloader",DEER,G.S.,PREFERENCE_POINT,Resident,25,0,25,25,1 in 1.0,100,hunt_total_draw_result,21_youth_deer.pdf,YOUTH_GENERAL_SEASON_DEER,80
2021,2022,DB1583,"South Slope, Yellowstone - Muzzleloader",DEER,G.S.,PREFERENCE_POINT,Nonresident,0,0,0,0,N/A,,hunt_total_draw_result,21_youth_deer.pdf,YOUTH_GENERAL_SEASON_DEER,80
2021,2022,DB1584,Southwest Desert - Muzzleloader,DEER,G.S.,PREFERENCE_POINT,Resident,6,0,6,6,1 in 1.0,100,hunt_total_draw_result,21_youth_deer.pdf,YOUTH_GENERAL_SEASON_DEER,81
2021,2022,DB1584,Southwest Desert - Muzzleloader,DEER,G.S.,PREFERENCE_POINT,Nonresident,4,0,2,2,1 in 2.0,50,hunt_total_draw_result,21_youth_deer.pdf,YOUTH_GENERAL_SEASON_DEER,81
2021,2022,DB1585,"Wasatch Mtns, East - Muzzleloader",DEER,G.S.,PREFERENCE_POINT,Resident,58,0,56,56,1 in 1.0,100,hunt_total_draw_result,21_youth_deer.pdf,YOUTH_GENERAL_SEASON_DEER,82
2021,2022,DB1585,"Wasatch Mtns, East - Muzzleloader",DEER,G.S.,PREFERENCE_POINT,Nonresident,1,0,0,0,N/A,,hunt_total_draw_result,21_youth_deer.pdf,YOUTH_GENERAL_SEASON_DEER,82
2021,2022,DB1586,"Wasatch Mtns, West - Muzzleloader",DEER,G.S.,PREFERENCE_POINT,Resident,23,0,23,23,1 in 1.0,100,hunt_total_draw_result,21_youth_deer.pdf,YOUTH_GENERAL_SEASON_DEER,83
2021,2022,DB1586,"Wasatch Mtns, West - Muzzleloader",DEER,G.S.,PREFERENCE_POINT,Nonresident,0,0,0,0,N/A,,hunt_total_draw_result,21_youth_deer.pdf,YOUTH_GENERAL_SEASON_DEER,83
2021,2022,DB1587,"West Desert, Tintic - Muzzleloader",DEER,G.S.,PREFERENCE_POINT,Resident,11,0,11,11,1 in 1.0,100,hunt_total_draw_result,21_youth_deer.pdf,YOUTH_GENERAL_SEASON_DEER,84
2021,2022,DB1587,"West Desert, Tintic - Muzzleloader",DEER,G.S.,PREFERENCE_POINT,Nonresident,0,0,0,0,N/A,,hunt_total_draw_result,21_youth_deer.pdf,YOUTH_GENERAL_SEASON_DEER,84
2021,2022,DB1588,"West Desert, West - Muzzleloader",DEER,G.S.,PREFERENCE_POINT,Resident,3,0,3,3,1 in 1.0,100,hunt_total_draw_result,21_youth_deer.pdf,YOUTH_GENERAL_SEASON_DEER,85
2021,2022,DB1588,"West Desert, West - Muzzleloader",DEER,G.S.,PREFERENCE_POINT,Nonresident,0,0,0,0,N/A,,hunt_total_draw_result,21_youth_deer.pdf,YOUTH_GENERAL_SEASON_DEER,85
2021,2022,DB1589,Zion - Muzzleloader,DEER,G.S.,PREFERENCE_POINT,Resident,32,0,32,32,1 in 1.0,100,hunt_total_draw_result,21_youth_deer.pdf,YOUTH_GENERAL_SEASON_DEER,86
2021,2022,DB1589,Zion - Muzzleloader,DEER,G.S.,PREFERENCE_POINT,Nonresident,6,0,6,6,1 in 1.0,100,hunt_total_draw_result,21_youth_deer.pdf,YOUTH_GENERAL_SEASON_DEER,86
2021,2022,DB1590,Chalk Creek/east Canyon/morgan-south Rich - Any Legal Weapon,DEER,G.S.,PREFERENCE_POINT,Resident,192,0,192,192,1 in 1.0,100,hunt_total_draw_result,21_youth_deer.pdf,YOUTH_GENERAL_SEASON_DEER,87
2021,2022,DB1590,Chalk Creek/east Canyon/morgan-south Rich - Any Legal Weapon,DEER,G.S.,PREFERENCE_POINT,Nonresident,4,0,4,4,1 in 1.0,100,hunt_total_draw_result,21_youth_deer.pdf,YOUTH_GENERAL_SEASON_DEER,87
2021,2022,DB1591,Fillmore - Any Legal Weapon,DEER,G.S.,PREFERENCE_POINT,Resident,150,0,34,34,1 in 4.4,22.72727273,hunt_total_draw_result,21_youth_deer.pdf,YOUTH_GENERAL_SEASON_DEER,88
2021,2022,DB1591,Fillmore - Any Legal Weapon,DEER,G.S.,PREFERENCE_POINT,Nonresident,3,0,3,3,1 in 1.0,100,hunt_total_draw_result,21_youth_deer.pdf,YOUTH_GENERAL_SEASON_DEER,88
2021,2022,DB1592,Kamas - Any Legal Weapon,DEER,G.S.,PREFERENCE_POINT,Resident,54,0,54,54,1 in 1.0,100,hunt_total_draw_result,21_youth_deer.pdf,YOUTH_GENERAL_SEASON_DEER,89
2021,2022,DB1592,Kamas - Any Legal Weapon,DEER,G.S.,PREFERENCE_POINT,Nonresident,1,0,1,1,1 in 1.0,100,hunt_total_draw_result,21_youth_deer.pdf,YOUTH_GENERAL_SEASON_DEER,89
2021,2022,DB1593,Nine Mile - Any Legal Weapon,DEER,G.S.,PREFERENCE_POINT,Resident,51,0,51,51,1 in 1.0,100,hunt_total_draw_result,21_youth_deer.pdf,YOUTH_GENERAL_SEASON_DEER,90
2021,2022,DB1593,Nine Mile - Any Legal Weapon,DEER,G.S.,PREFERENCE_POINT,Nonresident,0,0,0,0,N/A,,hunt_total_draw_result,21_youth_deer.pdf,YOUTH_GENERAL_SEASON_DEER,90
2021,2022,DB1594,Panguitch Lake - Any Legal Weapon,DEER,G.S.,PREFERENCE_POINT,Resident,113,0,34,34,1 in 3.3,30.3030303,hunt_total_draw_result,21_youth_deer.pdf,YOUTH_GENERAL_SEASON_DEER,91
2021,2022,DB1594,Panguitch Lake - Any Legal Weapon,DEER,G.S.,PREFERENCE_POINT,Nonresident,8,0,4,4,1 in 2.0,50,hunt_total_draw_result,21_youth_deer.pdf,YOUTH_GENERAL_SEASON_DEER,91
2021,2022,DB1595,Pine Valley - Any Legal Weapon,DEER,G.S.,PREFERENCE_POINT,Resident,312,0,119,119,1 in 2.6,38.46153846,hunt_total_draw_result,21_youth_deer.pdf,YOUTH_GENERAL_SEASON_DEER,92
2021,2022,DB1595,Pine Valley - Any Legal Weapon,DEER,G.S.,PREFERENCE_POINT,Nonresident,43,0,13,13,1 in 3.3,30.3030303,hunt_total_draw_result,21_youth_deer.pdf,YOUTH_GENERAL_SEASON_DEER,92
2021,2022,DB1596,"Plateau, Fishlake - Any Legal Weapon",DEER,G.S.,PREFERENCE_POINT,Resident,100,0,21,21,1 in 4.8,20.83333333,hunt_total_draw_result,21_youth_deer.pdf,YOUTH_GENERAL_SEASON_DEER,93
2021,2022,DB1596,"Plateau, Fishlake - Any Legal Weapon",DEER,G.S.,PREFERENCE_POINT,Nonresident,4,0,2,2,1 in 2.0,50,hunt_total_draw_result,21_youth_deer.pdf,YOUTH_GENERAL_SEASON_DEER,93
2021,2022,DB1597,Zion - Any Legal Weapon,DEER,G.S.,PREFERENCE_POINT,Resident,221,0,90,90,1 in 2.5,40,hunt_total_draw_result,21_youth_deer.pdf,YOUTH_GENERAL_SEASON_DEER,94
2021,2022,DB1597,Zion - Any Legal Weapon,DEER,G.S.,PREFERENCE_POINT,Nonresident,10,0,10,10,1 in 1.0,100,hunt_total_draw_result,21_youth_deer.pdf,YOUTH_GENERAL_SEASON_DEER,94
2021,2022,DB1598,North Slope - Any Legal Weapon,DEER,G.S.,PREFERENCE_POINT,Resident,62,0,62,62,1 in 1.0,100,hunt_total_draw_result,21_youth_deer.pdf,YOUTH_GENERAL_SEASON_DEER,95
2021,2022,DB1598,North Slope - Any Legal Weapon,DEER,G.S.,PREFERENCE_POINT,Nonresident,0,0,0,0,N/A,,hunt_total_draw_result,21_youth_deer.pdf,YOUTH_GENERAL_SEASON_DEER,95
2021,2022,DB1769,Beaver - Any Legal Weapon,DEER,D.H.,PREFERENCE_POINT,Resident,5,0,5,5,1 in 1.0,100,hunt_total_draw_result,21_youth_dh_odds.pdf,YOUTH_DEDICATED_HUNTER_DEER,2
2021,2022,DB1769,Beaver - Any Legal Weapon,DEER,D.H.,PREFERENCE_POINT,Nonresident,0,0,0,0,N/A,,hunt_total_draw_result,21_youth_dh_odds.pdf,YOUTH_DEDICATED_HUNTER_DEER,2
2021,2022,DB1771,Cache - Any Legal Weapon,DEER,D.H.,PREFERENCE_POINT,Resident,2,0,2,2,1 in 1.0,100,hunt_total_draw_result,21_youth_dh_odds.pdf,YOUTH_DEDICATED_HUNTER_DEER,3
2021,2022,DB1771,Cache - Any Legal Weapon,DEER,D.H.,PREFERENCE_POINT,Nonresident,0,0,0,0,N/A,,hunt_total_draw_result,21_youth_dh_odds.pdf,YOUTH_DEDICATED_HUNTER_DEER,3
2021,2022,DB1772,"Central Mtns, Manti/san Rafael - Any Legal Weapon",DEER,D.H.,PREFERENCE_POINT,Resident,16,0,16,16,1 in 1.0,100,hunt_total_draw_result,21_youth_dh_odds.pdf,YOUTH_DEDICATED_HUNTER_DEER,4
2021,2022,DB1772,"Central Mtns, Manti/san Rafael - Any Legal Weapon",DEER,D.H.,PREFERENCE_POINT,Nonresident,0,0,0,0,N/A,,hunt_total_draw_result,21_youth_dh_odds.pdf,YOUTH_DEDICATED_HUNTER_DEER,4
2021,2022,DB1773,"Central Mtns, Nebo - Any Legal Weapon",DEER,D.H.,PREFERENCE_POINT,Resident,4,0,4,4,1 in 1.0,100,hunt_total_draw_result,21_youth_dh_odds.pdf,YOUTH_DEDICATED_HUNTER_DEER,5
2021,2022,DB1773,"Central Mtns, Nebo - Any Legal Weapon",DEER,D.H.,PREFERENCE_POINT,Nonresident,0,0,0,0,N/A,,hunt_total_draw_result,21_youth_dh_odds.pdf,YOUTH_DEDICATED_HUNTER_DEER,5
2021,2022,DB1775,Fillmore - Any Legal Weapon,DEER,D.H.,PREFERENCE_POINT,Resident,5,0,5,5,1 in 1.0,100,hunt_total_draw_result,21_youth_dh_odds.pdf,YOUTH_DEDICATED_HUNTER_DEER,6
2021,2022,DB1775,Fillmore - Any Legal Weapon,DEER,D.H.,PREFERENCE_POINT,Nonresident,0,0,0,0,N/A,,hunt_total_draw_result,21_youth_dh_odds.pdf,YOUTH_DEDICATED_HUNTER_DEER,6
2021,2022,DB1779,Monroe - Any Legal Weapon,DEER,D.H.,PREFERENCE_POINT,Resident,9,0,3,3,1 in 3.0,33.33333333,hunt_total_draw_result,21_youth_dh_odds.pdf,YOUTH_DEDICATED_HUNTER_DEER,7
2021,2022,DB1779,Monroe - Any Legal Weapon,DEER,D.H.,PREFERENCE_POINT,Nonresident,0,0,0,0,N/A,,hunt_total_draw_result,21_youth_dh_odds.pdf,YOUTH_DEDICATED_HUNTER_DEER,7
2021,2022,DB1780,Mt Dutton - Any Legal Weapon,DEER,D.H.,PREFERENCE_POINT,Resident,2,0,0,0,N/A,,hunt_total_draw_result,21_youth_dh_odds.pdf,YOUTH_DEDICATED_HUNTER_DEER,8
2021,2022,DB1780,Mt Dutton - Any Legal Weapon,DEER,D.H.,PREFERENCE_POINT,Nonresident,0,0,0,0,N/A,,hunt_total_draw_result,21_youth_dh_odds.pdf,YOUTH_DEDICATED_HUNTER_DEER,8
2021,2022,DB1784,Oquirrh-stansbury - Any Legal Weapon,DEER,D.H.,PREFERENCE_POINT,Resident,19,0,14,14,1 in 1.4,71.42857143,hunt_total_draw_result,21_youth_dh_odds.pdf,YOUTH_DEDICATED_HUNTER_DEER,9
2021,2022,DB1784,Oquirrh-stansbury - Any Legal Weapon,DEER,D.H.,PREFERENCE_POINT,Nonresident,0,0,0,0,N/A,,hunt_total_draw_result,21_youth_dh_odds.pdf,YOUTH_DEDICATED_HUNTER_DEER,9
2021,2022,DB1785,Panguitch Lake - Any Legal Weapon,DEER,D.H.,PREFERENCE_POINT,Resident,3,0,0,0,N/A,,hunt_total_draw_result,21_youth_dh_odds.pdf,YOUTH_DEDICATED_HUNTER_DEER,10
2021,2022,DB1785,Panguitch Lake - Any Legal Weapon,DEER,D.H.,PREFERENCE_POINT,Nonresident,0,0,0,0,N/A,,hunt_total_draw_result,21_youth_dh_odds.pdf,YOUTH_DEDICATED_HUNTER_DEER,10
2021,2022,DB1786,Pine Valley - Any Legal Weapon,DEER,D.H.,PREFERENCE_POINT,Resident,29,0,7,7,1 in 4.1,24.3902439,hunt_total_draw_result,21_youth_dh_odds.pdf,YOUTH_DEDICATED_HUNTER_DEER,11
2021,2022,DB1786,Pine Valley - Any Legal Weapon,DEER,D.H.,PREFERENCE_POINT,Nonresident,2,0,0,0,N/A,,hunt_total_draw_result,21_youth_dh_odds.pdf,YOUTH_DEDICATED_HUNTER_DEER,11
2021,2022,DB1787,"Plateau, Boulder/kaiparowits - Any Legal Weapon",DEER,D.H.,PREFERENCE_POINT,Resident,11,0,0,0,N/A,,hunt_total_draw_result,21_youth_dh_odds.pdf,YOUTH_DEDICATED_HUNTER_DEER,12
2021,2022,DB1787,"Plateau, Boulder/kaiparowits - Any Legal Weapon",DEER,D.H.,PREFERENCE_POINT,Nonresident,0,0,0,0,N/A,,hunt_total_draw_result,21_youth_dh_odds.pdf,YOUTH_DEDICATED_HUNTER_DEER,12
2021,2022,DB1788,"Plateau, Fishlake - Any Legal Weapon",DEER,D.H.,PREFERENCE_POINT,Resident,11,0,0,0,N/A,,hunt_total_draw_result,21_youth_dh_odds.pdf,YOUTH_DEDICATED_HUNTER_DEER,13
2021,2022,DB1788,"Plateau, Fishlake - Any Legal Weapon",DEER,D.H.,PREFERENCE_POINT,Nonresident,0,0,0,0,N/A,,hunt_total_draw_result,21_youth_dh_odds.pdf,YOUTH_DEDICATED_HUNTER_DEER,13
2021,2022,DB1789,"Plateau, Thousand Lakes - Any Legal Weapon",DEER,D.H.,PREFERENCE_POINT,Resident,1,0,0,0,N/A,,hunt_total_draw_result,21_youth_dh_odds.pdf,YOUTH_DEDICATED_HUNTER_DEER,14
2021,2022,DB1789,"Plateau, Thousand Lakes - Any Legal Weapon",DEER,D.H.,PREFERENCE_POINT,Nonresident,0,0,0,0,N/A,,hunt_total_draw_result,21_youth_dh_odds.pdf,YOUTH_DEDICATED_HUNTER_DEER,14
2021,2022,DB1791,"South Slope, Bonanza/vernal - Any Legal Weapon",DEER,D.H.,PREFERENCE_POINT,Resident,9,0,9,9,1 in 1.0,100,hunt_total_draw_result,21_youth_dh_odds.pdf,YOUTH_DEDICATED_HUNTER_DEER,15
2021,2022,DB1791,"South Slope, Bonanza/vernal - Any Legal Weapon",DEER,D.H.,PREFERENCE_POINT,Nonresident,0,0,0,0,N/A,,hunt_total_draw_result,21_youth_dh_odds.pdf,YOUTH_DEDICATED_HUNTER_DEER,15
2021,2022,DB1792,"South Slope, Yellowstone - Any Legal Weapon",DEER,D.H.,PREFERENCE_POINT,Resident,5,0,5,5,1 in 1.0,100,hunt_total_draw_result,21_youth_dh_odds.pdf,YOUTH_DEDICATED_HUNTER_DEER,16
2021,2022,DB1792,"South Slope, Yellowstone - Any Legal Weapon",DEER,D.H.,PREFERENCE_POINT,Nonresident,0,0,0,0,N/A,,hunt_total_draw_result,21_youth_dh_odds.pdf,YOUTH_DEDICATED_HUNTER_DEER,16
2021,2022,DB1793,Southwest Desert - Any Legal Weapon,DEER,D.H.,PREFERENCE_POINT,Resident,2,0,0,0,N/A,,hunt_total_draw_result,21_youth_dh_odds.pdf,YOUTH_DEDICATED_HUNTER_DEER,17
2021,2022,DB1793,Southwest Desert - Any Legal Weapon,DEER,D.H.,PREFERENCE_POINT,Nonresident,0,0,0,0,N/A,,hunt_total_draw_result,21_youth_dh_odds.pdf,YOUTH_DEDICATED_HUNTER_DEER,17
2021,2022,DB1794,"Wasatch Mtns, East - Any Legal Weapon",DEER,D.H.,PREFERENCE_POINT,Resident,17,0,17,17,1 in 1.0,100,hunt_total_draw_result,21_youth_dh_odds.pdf,YOUTH_DEDICATED_HUNTER_DEER,18
2021,2022,DB1794,"Wasatch Mtns, East - Any Legal Weapon",DEER,D.H.,PREFERENCE_POINT,Nonresident,0,0,0,0,N/A,,hunt_total_draw_result,21_youth_dh_odds.pdf,YOUTH_DEDICATED_HUNTER_DEER,18
2021,2022,DB1795,"Wasatch Mtns, West - Any Legal Weapon",DEER,D.H.,PREFERENCE_POINT,Resident,4,0,4,4,1 in 1.0,100,hunt_total_draw_result,21_youth_dh_odds.pdf,YOUTH_DEDICATED_HUNTER_DEER,19
2021,2022,DB1795,"Wasatch Mtns, West - Any Legal Weapon",DEER,D.H.,PREFERENCE_POINT,Nonresident,0,0,0,0,N/A,,hunt_total_draw_result,21_youth_dh_odds.pdf,YOUTH_DEDICATED_HUNTER_DEER,19
2021,2022,DB1798,Zion - Any Legal Weapon,DEER,D.H.,PREFERENCE_POINT,Resident,8,0,8,8,1 in 1.0,100,hunt_total_draw_result,21_youth_dh_odds.pdf,YOUTH_DEDICATED_HUNTER_DEER,20
2021,2022,DB1798,Zion - Any Legal Weapon,DEER,D.H.,PREFERENCE_POINT,Nonresident,2,0,2,2,1 in 1.0,100,hunt_total_draw_result,21_youth_dh_odds.pdf,YOUTH_DEDICATED_HUNTER_DEER,20
2021,2022,BI1000,Sportsman Bison,BISON,SPORTSMAN,SPORTSMAN_RANDOM_ONLY,All,5910,,,1,"1 in 5,910.0",20,sportsman_random_total,21-22_sportsman_odds.pdf,SPORTSMAN,1
2021,2022,BR1000,Sportsman Black Bear,BLACK_BEAR,SPORTSMAN,SPORTSMAN_RANDOM_ONLY,All,1592,,,1,"1 in 1,592.0",100,sportsman_random_total,21-22_sportsman_odds.pdf,SPORTSMAN,1
2021,2022,CG1000,Sportsman Cougar 2022,COUGAR,SPORTSMAN,SPORTSMAN_RANDOM_ONLY,All,995,,,1,1 in 995.0,0.10050251,sportsman_random_total,21-22_sportsman_odds.pdf,SPORTSMAN,1
2021,2022,DB0007,Sportsman Deer,DEER,SPORTSMAN,SPORTSMAN_RANDOM_ONLY,All,11149,,,1,"1 in 11,149.0",9.09090909,sportsman_random_total,21-22_sportsman_odds.pdf,SPORTSMAN,1
2021,2022,DS1000,Sportsman Desert Bighorn,DESERT_BIGHORN_SHEEP,SPORTSMAN,SPORTSMAN_RANDOM_ONLY,All,4910,,,1,"1 in 4,910.0",25,sportsman_random_total,21-22_sportsman_odds.pdf,SPORTSMAN,1
2021,2022,EB1000,Sportsman Elk,ELK,SPORTSMAN,SPORTSMAN_RANDOM_ONLY,All,11225,,,1,"1 in 11,225.0",9.09090909,sportsman_random_total,21-22_sportsman_odds.pdf,SPORTSMAN,1
2021,2022,GO1000,Sportsman Mountain Goat,MOUNTAIN_GOAT,SPORTSMAN,SPORTSMAN_RANDOM_ONLY,All,3992,,,1,"1 in 3,992.0",33.33333333,sportsman_random_total,21-22_sportsman_odds.pdf,SPORTSMAN,1
2021,2022,MB1000,Sportsman Moose,MOOSE,SPORTSMAN,SPORTSMAN_RANDOM_ONLY,All,6559,,,1,"1 in 6,559.0",16.66666667,sportsman_random_total,21-22_sportsman_odds.pdf,SPORTSMAN,1
2021,2022,PB1000,Sportsman Pronghorn,PRONGHORN,SPORTSMAN,SPORTSMAN_RANDOM_ONLY,All,4651,,,1,"1 in 4,651.0",25,sportsman_random_total,21-22_sportsman_odds.pdf,SPORTSMAN,1
2021,2022,RS0001,Sportsman Rocky Mtn,ROCKY_MOUNTAIN_BIGHORN_SHEEP,SPORTSMAN,SPORTSMAN_RANDOM_ONLY,All,5040,,,1,"1 in 5,040.0",20,sportsman_random_total,21-22_sportsman_odds.pdf,SPORTSMAN,1
2021,2022,TK0001,Sportsman Bearded,BLACK_BEAR,SPORTSMAN,SPORTSMAN_RANDOM_ONLY,All,1255,,,1,"1 in 1,255.0",100,sportsman_random_total,21-22_sportsman_odds.pdf,SPORTSMAN,1
