hunt_code,reconciled_bucket,resolution_status,include_in_core_comparable_2026,resolution_rationale,universe_status,likely_cause,prefix,present_in_bible_years,present_in_2025_bible,present_in_2026_bible,present_in_live_2026_hunttable,present_in_database,hanumber_fetch_status,live_presence_status,live_comparison_status,live_shape_status,hunt_name,species,sex_type,weapon,hunt_type,live_res,live_nr,live_total,database_compared_res,database_compared_nr,database_compared_total,species_truth_direct_source_support,species_truth_direct_source_match_support,species_truth_conservation_source_support,species_truth_conservation_source_match_support,species_truth_source_families,species_truth_comparison_statuses,species_truth_total_values,permit_reconciliation_confidence,permit_reconciliation_winner,permit_reconciliation_recommended_total,permit_reconciliation_action,source_url
BI1000,SPORTSMAN_CONTINUITY_LAYER_REVIEW,REVIEW,maybe,"Sportsman codes are known continuing active permit hunts, but this row was not in 2025 BIBLE extraction.",LIVE_2026_NOT_IN_2025_BIBLE,SPORTSMAN_CURRENT_PLANNER,BI,2020|2021|2022|2023|2024,no,no,yes,yes,OK,LIVE_AND_DATABASE,BOTH_BLANK,LIVE_DWR_NO_QUOTA_PUBLISHED,Bison - Statewide Permit,Bison,Hunters Choice,Any Legal Weapon,Statewide,,,,,,,no,no,yes,yes,CONSERVATION_PERMITS_DIRECT,SOURCE_MATCHES_RECOMMENDED,,MEDIUM_SINGLE_SOURCE,UTAHDRAWS,1,PROMOTE_CANDIDATE_AFTER_REVIEW,https://dwrapps.utah.gov/huntboundary/HuntTableData?species=Bison&gender=Hunters+Choice
BI6500,CORE_DRAW_RESULTS_CONTINUING,CLOSED_CORE,yes,Present in 2025 BIBLE and fresh 2026 DWR Hunt Planner table.,LIVE_2026_AND_2025_BIBLE,CONTINUITY,BI,2020|2021|2022|2023|2024|2025,yes,no,yes,yes,OK,LIVE_AND_DATABASE,MATCH,LIVE_DWR_RES_NR_SPLIT,Antelope Island,Bison,Hunters Choice,Any Legal Weapon,Once-in-a-lifetime,2,0,2,2,0,2,no,no,no,no,,,,HIGH_CONFIRMED_2PLUS,HANUMBER,2,PROMOTE_CANDIDATE_AFTER_REVIEW,https://dwrapps.utah.gov/huntboundary/HuntTableData?species=Bison&gender=Hunters+Choice
BI6503,CORE_DRAW_RESULTS_CONTINUING,CLOSED_CORE,yes,Present in 2025 BIBLE and fresh 2026 DWR Hunt Planner table.,LIVE_2026_AND_2025_BIBLE,CONTINUITY,BI,2020|2021|2022|2023|2024|2025,yes,no,yes,yes,OK,LIVE_AND_DATABASE,MATCH,LIVE_DWR_RES_NR_SPLIT,Henry Mtns,Bison,Hunters Choice,Any Legal Weapon,Once-in-a-lifetime,4,2,6,4,2,6,no,no,yes,no,CONSERVATION_PERMITS_DIRECT,SOURCE_DIFFERS_FROM_CURRENT_RECONCILIATION,,REVIEW_SOURCE_CONFLICT,HANUMBER,6,REVIEW_BEFORE_PROMOTION,https://dwrapps.utah.gov/huntboundary/HuntTableData?species=Bison&gender=Hunters+Choice
BI6504,CORE_DRAW_RESULTS_CONTINUING,CLOSED_CORE,yes,Present in 2025 BIBLE and fresh 2026 DWR Hunt Planner table.,LIVE_2026_AND_2025_BIBLE,CONTINUITY,BI,2020|2021|2022|2023|2024|2025,yes,no,yes,yes,OK,LIVE_AND_DATABASE,MATCH,LIVE_DWR_RES_NR_SPLIT,Henry Mtns,Bison,Hunters Choice,Any Legal Weapon,Once-in-a-lifetime,5,2,7,5,2,7,no,no,no,no,,,,HIGH_CONFIRMED_2PLUS,HANUMBER,7,PROMOTE_CANDIDATE_AFTER_REVIEW,https://dwrapps.utah.gov/huntboundary/HuntTableData?species=Bison&gender=Hunters+Choice
BI6505,POSSIBLE_DROPPED_OR_NOT_EXPOSED_FROM_2025,REVIEW,maybe,Present in 2025 BIBLE but absent from fresh 2026 DWR table; needs drop/rename/crosswalk review.,BIBLE_2025_NOT_IN_LIVE_2026_TABLE,DROPPED_OR_NOT_EXPOSED_IN_CURRENT_TABLE,BI,2020|2021|2022|2023|2024|2025,yes,no,no,yes,OK,DATABASE_ONLY,DATABASE_ONLY,,Henry Mtns,Bison,Female Only,Any Legal Weapon,Once-in-a-lifetime,,,,8,3,11,no,no,no,no,,,,REVIEW_SOURCE_CONFLICT,HANUMBER,11,REVIEW_BEFORE_PROMOTION,
BI6506,POSSIBLE_DROPPED_OR_NOT_EXPOSED_FROM_2025,REVIEW,maybe,Present in 2025 BIBLE but absent from fresh 2026 DWR table; needs drop/rename/crosswalk review.,BIBLE_2025_NOT_IN_LIVE_2026_TABLE,DROPPED_OR_NOT_EXPOSED_IN_CURRENT_TABLE,BI,2020|2021|2022|2023|2024|2025,yes,no,no,yes,OK,DATABASE_ONLY,DATABASE_ONLY,,Henry Mtns,Bison,Female Only,Any Legal Weapon,Once-in-a-lifetime,,,,11,0,11,no,no,no,no,,,,HIGH_CONFIRMED_2PLUS,HANUMBER,11,PROMOTE_CANDIDATE_AFTER_REVIEW,
BI6507,HISTORICAL_LIBRARY_ONLY,CLOSED_HISTORICAL,no,Historical BIBLE-library code not part of current 2026 live table.,BIBLE_HISTORICAL_ONLY,HISTORICAL_LIBRARY,BI,2020,no,no,no,no,,,,,,,,,,,,,,,,no,no,no,no,,,,,,,,
BI6509,CORE_DRAW_RESULTS_CONTINUING,CLOSED_CORE,yes,Present in 2025 BIBLE and fresh 2026 DWR Hunt Planner table.,LIVE_2026_AND_2025_BIBLE,CONTINUITY,BI,2020|2021|2022|2023|2024|2025,yes,no,yes,yes,OK,LIVE_AND_DATABASE,MATCH,LIVE_DWR_RES_NR_SPLIT,Henry Mtns,Bison,Hunters Choice,Archery,Once-in-a-lifetime,5,0,5,5,0,5,no,no,no,no,,,,HIGH_CONFIRMED_2PLUS,HANUMBER,5,PROMOTE_CANDIDATE_AFTER_REVIEW,https://dwrapps.utah.gov/huntboundary/HuntTableData?species=Bison&gender=Hunters+Choice
BI6515,HISTORICAL_LIBRARY_ONLY,CLOSED_HISTORICAL,no,Historical BIBLE-library code not part of current 2026 live table.,BIBLE_HISTORICAL_ONLY,HISTORICAL_LIBRARY,BI,2020,no,no,no,no,,,,,,,,,,,,,,,,no,no,no,no,,,,,,,,
BI6516,CORE_DRAW_RESULTS_CONTINUING,CLOSED_CORE,yes,Present in 2025 BIBLE and fresh 2026 DWR Hunt Planner table.,LIVE_2026_AND_2025_BIBLE,CONTINUITY,BI,2020|2021|2022|2023|2024|2025,yes,no,yes,yes,OK,LIVE_AND_DATABASE,MATCH,LIVE_DWR_RES_NR_SPLIT,Henry Mtns,Bison,Hunters Choice,Any Legal Weapon,Once-in-a-lifetime,6,0,6,6,0,6,no,no,yes,no,CONSERVATION_PERMITS_DIRECT,SOURCE_DIFFERS_FROM_CURRENT_RECONCILIATION,,HIGH_CONFIRMED_2PLUS,HANUMBER,6,PROMOTE_CANDIDATE_AFTER_REVIEW,https://dwrapps.utah.gov/huntboundary/HuntTableData?species=Bison&gender=Hunters+Choice
BI6517,HISTORICAL_LIBRARY_ONLY,CLOSED_HISTORICAL,no,Historical BIBLE-library code not part of current 2026 live table.,BIBLE_HISTORICAL_ONLY,HISTORICAL_LIBRARY,BI,2020|2021,no,no,no,no,,,,,,,,,,,,,,,,no,no,no,no,,,,,,,,
BI6519,HISTORICAL_LIBRARY_ONLY,CLOSED_HISTORICAL,no,Historical BIBLE-library code not part of current 2026 live table.,BIBLE_HISTORICAL_ONLY,HISTORICAL_LIBRARY,BI,2020|2021,no,no,no,no,,,,,,,,,,,,,,,,no,no,no,no,,,,,,,,
BI6520,HISTORICAL_LIBRARY_ONLY,CLOSED_HISTORICAL,no,Historical BIBLE-library code not part of current 2026 live table.,BIBLE_HISTORICAL_ONLY,HISTORICAL_LIBRARY,BI,2020|2021,no,no,no,no,,,,,,,,,,,,,,,,no,no,no,no,,,,,,,,
BI6521,HISTORICAL_LIBRARY_ONLY,CLOSED_HISTORICAL,no,Historical BIBLE-library code not part of current 2026 live table.,BIBLE_HISTORICAL_ONLY,HISTORICAL_LIBRARY,BI,2020|2021,no,no,no,no,,,,,,,,,,,,,,,,no,no,no,no,,,,,,,,
BI6522,HISTORICAL_LIBRARY_ONLY,CLOSED_HISTORICAL,no,Historical BIBLE-library code not part of current 2026 live table.,BIBLE_HISTORICAL_ONLY,HISTORICAL_LIBRARY,BI,2020,no,no,no,no,,,,,,,,,,,,,,,,no,no,no,no,,,,,,,,
BI6523,HISTORICAL_LIBRARY_ONLY,CLOSED_HISTORICAL,no,Historical BIBLE-library code not part of current 2026 live table.,BIBLE_HISTORICAL_ONLY,HISTORICAL_LIBRARY,BI,2020|2021,no,no,no,no,,,,,,,,,,,,,,,,no,no,no,no,,,,,,,,
BI6524,HISTORICAL_LIBRARY_ONLY,CLOSED_HISTORICAL,no,Historical BIBLE-library code not part of current 2026 live table.,BIBLE_HISTORICAL_ONLY,HISTORICAL_LIBRARY,BI,2020|2021,no,no,no,no,,,,,,,,,,,,,,,,no,no,no,no,,,,,,,,
BI6526,HISTORICAL_LIBRARY_ONLY,CLOSED_HISTORICAL,no,Historical BIBLE-library code not part of current 2026 live table.,BIBLE_HISTORICAL_ONLY,HISTORICAL_LIBRARY,BI,2021,no,no,no,no,,,,,,,,,,,,,,,,no,no,no,no,,,,,,,,
BI6527,CURRENT_PLANNER_EXTRA_REVIEW,REVIEW,maybe,Fresh DWR current planner row not in 2025 BIBLE; unresolved source-family status.,LIVE_2026_NOT_IN_2025_BIBLE,OTHER_CURRENT_PLANNER_NOT_IN_2025_BIBLE,BI,,no,no,yes,yes,OK,LIVE_AND_DATABASE,BOTH_BLANK,LIVE_DWR_NO_QUOTA_PUBLISHED,Nine Mile,Bison,Hunters Choice,Any Legal Weapon,General Season,,,,,,,no,no,no,no,,,,NO_PERMIT_VALUE,NONE,,NO_CURRENT_PERMIT_VALUE_FOUND,https://dwrapps.utah.gov/huntboundary/HuntTableData?species=Bison&gender=Hunters+Choice
BI6528,CORE_DRAW_RESULTS_CONTINUING,CLOSED_CORE,yes,Present in 2025 BIBLE and fresh 2026 DWR Hunt Planner table.,LIVE_2026_AND_2025_BIBLE,CONTINUITY,BI,2022|2023|2024|2025,yes,no,yes,yes,OK,LIVE_AND_DATABASE,MATCH,LIVE_DWR_RES_NR_SPLIT,"Book Cliffs, Little Creek/South",Bison,Hunters Choice,Archery,Once-in-a-lifetime,6,0,6,6,0,6,no,no,no,no,,,,HIGH_CONFIRMED_2PLUS,HANUMBER,6,PROMOTE_CANDIDATE_AFTER_REVIEW,https://dwrapps.utah.gov/huntboundary/HuntTableData?species=Bison&gender=Hunters+Choice
BI6529,POSSIBLE_DROPPED_OR_NOT_EXPOSED_FROM_2025,REVIEW,maybe,Present in 2025 BIBLE but absent from fresh 2026 DWR table; needs drop/rename/crosswalk review.,BIBLE_2025_NOT_IN_LIVE_2026_TABLE,DROPPED_OR_NOT_EXPOSED_IN_CURRENT_TABLE,BI,2022|2023|2024|2025,yes,no,no,yes,OK,DATABASE_ONLY,DATABASE_ONLY,,"Book Cliffs, Little Creek/South",Bison,Female Only,Any Legal Weapon,Once-in-a-lifetime,,,,8,0,8,no,no,no,no,,,,HIGH_CONFIRMED_2PLUS,HANUMBER,8,PROMOTE_CANDIDATE_AFTER_REVIEW,
BI6530,DATABASE_REFERENCE_NOT_LIVE_TABLE,REVIEW,no,Database row is not exposed by the fresh DWR live table; do not count as active core without source review.,DATABASE_NOT_IN_LIVE_TABLE,DATABASE_REFERENCE_OR_ARCHIVE_REVIEW,BI,2022|2023|2024,no,no,no,yes,OK,DATABASE_ONLY,DATABASE_ONLY,,"Book Cliffs, Little Creek/South",Bison,Hunters Choice,Any Legal Weapon,Once-in-a-lifetime,,,,3,1,4,no,no,no,no,,,,MEDIUM_SINGLE_SOURCE,HANUMBER,4,PROMOTE_CANDIDATE_AFTER_REVIEW,
BI6531,CORE_DRAW_RESULTS_CONTINUING,CLOSED_CORE,yes,Present in 2025 BIBLE and fresh 2026 DWR Hunt Planner table.,LIVE_2026_AND_2025_BIBLE,CONTINUITY,BI,2022|2023|2024|2025,yes,no,yes,yes,OK,LIVE_AND_DATABASE,MATCH,LIVE_DWR_RES_NR_SPLIT,"Book Cliffs, Little Creek/South",Bison,Hunters Choice,Any Legal Weapon,Once-in-a-lifetime,10,0,10,10,0,10,no,no,yes,no,CONSERVATION_PERMITS_DIRECT,SOURCE_DIFFERS_FROM_CURRENT_RECONCILIATION,,REVIEW_SOURCE_CONFLICT,HANUMBER,10,REVIEW_BEFORE_PROMOTION,https://dwrapps.utah.gov/huntboundary/HuntTableData?species=Bison&gender=Hunters+Choice
BI6532,CORE_DRAW_RESULTS_CONTINUING,CLOSED_CORE,yes,Present in 2025 BIBLE and fresh 2026 DWR Hunt Planner table.,LIVE_2026_AND_2025_BIBLE,CONTINUITY,BI,2022|2023|2024|2025,yes,no,yes,yes,OK,LIVE_AND_DATABASE,MATCH,LIVE_DWR_RES_NR_SPLIT,"Book Cliffs, Bitter Creek",Bison,Hunters Choice,Archery,Once-in-a-lifetime,6,0,6,6,0,6,no,no,no,no,,,,HIGH_CONFIRMED_2PLUS,HANUMBER,6,PROMOTE_CANDIDATE_AFTER_REVIEW,https://dwrapps.utah.gov/huntboundary/HuntTableData?species=Bison&gender=Hunters+Choice
BI6533,HISTORICAL_LIBRARY_ONLY,CLOSED_HISTORICAL,no,Historical BIBLE-library code not part of current 2026 live table.,BIBLE_HISTORICAL_ONLY,HISTORICAL_LIBRARY,BI,2022|2023,no,no,no,no,,,,,,,,,,,,,,,,no,no,no,no,,,,,,,,
BI6534,CORE_DRAW_RESULTS_CONTINUING,CLOSED_CORE,yes,Present in 2025 BIBLE and fresh 2026 DWR Hunt Planner table.,LIVE_2026_AND_2025_BIBLE,CONTINUITY,BI,2022|2023|2024|2025,yes,no,yes,yes,OK,LIVE_AND_DATABASE,MATCH,LIVE_DWR_RES_NR_SPLIT,"Book Cliffs, Bitter Creek",Bison,Hunters Choice,Any Legal Weapon,Once-in-a-lifetime,10,0,10,10,0,10,no,no,yes,no,CONSERVATION_PERMITS_DIRECT,SOURCE_DIFFERS_FROM_CURRENT_RECONCILIATION,,HIGH_CONFIRMED_2PLUS,HANUMBER,10,PROMOTE_CANDIDATE_AFTER_REVIEW,https://dwrapps.utah.gov/huntboundary/HuntTableData?species=Bison&gender=Hunters+Choice
BI6535,CORE_DRAW_RESULTS_CONTINUING,CLOSED_CORE,yes,Present in 2025 BIBLE and fresh 2026 DWR Hunt Planner table.,LIVE_2026_AND_2025_BIBLE,CONTINUITY,BI,2022|2023|2024|2025,yes,no,yes,yes,OK,LIVE_AND_DATABASE,MATCH,LIVE_DWR_RES_NR_SPLIT,"Book Cliffs, Bitter Creek",Bison,Hunters Choice,Any Legal Weapon,Once-in-a-lifetime,8,0,8,8,0,8,no,no,no,no,,,,HIGH_CONFIRMED_2PLUS,HANUMBER,8,PROMOTE_CANDIDATE_AFTER_REVIEW,https://dwrapps.utah.gov/huntboundary/HuntTableData?species=Bison&gender=Hunters+Choice
BI6536,POSSIBLE_DROPPED_OR_NOT_EXPOSED_FROM_2025,REVIEW,maybe,Present in 2025 BIBLE but absent from fresh 2026 DWR table; needs drop/rename/crosswalk review.,BIBLE_2025_NOT_IN_LIVE_2026_TABLE,DROPPED_OR_NOT_EXPOSED_IN_CURRENT_TABLE,BI,2022|2023|2024|2025,yes,no,no,yes,OK,DATABASE_ONLY,DATABASE_ONLY,,"Book Cliffs, Bitter Creek",Bison,Female Only,Any Legal Weapon,Once-in-a-lifetime,,,,15,0,15,no,no,no,no,,,,REVIEW_SOURCE_CONFLICT,HANUMBER,15,REVIEW_BEFORE_PROMOTION,
BI6537,CORE_DRAW_RESULTS_CONTINUING,CLOSED_CORE,yes,Present in 2025 BIBLE and fresh 2026 DWR Hunt Planner table.,LIVE_2026_AND_2025_BIBLE,CONTINUITY,BI,2023|2024|2025,yes,no,yes,yes,OK,LIVE_AND_DATABASE,MATCH,LIVE_DWR_RES_NR_SPLIT,"Book Cliffs, Little Creek/South",Bison,Hunters Choice,Any Legal Weapon,Once-in-a-lifetime,8,7,15,8,7,15,no,no,no,no,,,,HIGH_CONFIRMED_2PLUS,HANUMBER,15,PROMOTE_CANDIDATE_AFTER_REVIEW,https://dwrapps.utah.gov/huntboundary/HuntTableData?species=Bison&gender=Hunters+Choice
BI6538,SEPARATE_PRIVATE_LAND_LANDOWNER_LAYER,CLOSED_SEPARATE_LAYER,no,Current Hunt Planner private-land/landowner family; separate from comparable BIBLE draw-results core.,LIVE_2026_NOT_IN_2025_BIBLE,PRIVATE_LAND_OR_LANDOWNER_CURRENT_PLANNER,BI,,no,no,yes,yes,OK,LIVE_AND_DATABASE,BOTH_BLANK,LIVE_DWR_NO_QUOTA_PUBLISHED,"Nine Mile, Private Lands Only",Bison,Hunters Choice,Any Legal Weapon,General Season,,,,,,,no,no,no,no,,,,NO_PERMIT_VALUE,NONE,,NO_CURRENT_PERMIT_VALUE_FOUND,https://dwrapps.utah.gov/huntboundary/HuntTableData?species=Bison&gender=Hunters+Choice
BI6539,DATABASE_REFERENCE_NOT_LIVE_TABLE,REVIEW,no,Database row is not exposed by the fresh DWR live table; do not count as active core without source review.,DATABASE_NOT_IN_LIVE_TABLE,DATABASE_REFERENCE_OR_ARCHIVE_REVIEW,BI,,no,no,no,yes,OK,DATABASE_ONLY,DATABASE_ONLY,,Henry Mtns,Bison,Female Only,Any Legal Weapon,Once-in-a-lifetime,,,,11,0,11,no,no,no,no,,,,HIGH_CONFIRMED_2PLUS,HANUMBER,11,PROMOTE_CANDIDATE_AFTER_REVIEW,
BR1000,SPORTSMAN_CONTINUITY_LAYER_REVIEW,REVIEW,maybe,"Sportsman codes are known continuing active permit hunts, but this row was not in 2025 BIBLE extraction.",LIVE_2026_NOT_IN_2025_BIBLE,SPORTSMAN_CURRENT_PLANNER,BR,2020|2021|2022|2023|2024,no,no,yes,yes,OK,LIVE_AND_DATABASE,BOTH_BLANK,LIVE_DWR_NO_QUOTA_PUBLISHED,Black Bear - Statewide Permit,Black Bear,Either Sex,Any Legal Weapon,Statewide,,,,,,,no,no,no,no,,,,MEDIUM_SINGLE_SOURCE,UTAHDRAWS,1,PROMOTE_CANDIDATE_AFTER_REVIEW,https://dwrapps.utah.gov/huntboundary/HuntTableData?species=Black+Bear&gender=Either+Sex
BR1001,CURRENT_PLANNER_EXTRA_REVIEW,REVIEW,maybe,Fresh DWR current planner row not in 2025 BIBLE; unresolved source-family status.,LIVE_2026_NOT_IN_2025_BIBLE,OTHER_CURRENT_PLANNER_NOT_IN_2025_BIBLE,BR,,no,no,yes,yes,OK,LIVE_AND_DATABASE,BOTH_BLANK,LIVE_DWR_NO_QUOTA_PUBLISHED,Black Bear Harvest Objective Units,Black Bear,Either Sex,Any Legal Weapon,Harvest Objective,,,,,,,no,no,no,no,,,,NO_PERMIT_VALUE,NONE,,NO_CURRENT_PERMIT_VALUE_FOUND,https://dwrapps.utah.gov/huntboundary/HuntTableData?species=Black+Bear&gender=Either+Sex
BR1007,CURRENT_PLANNER_EXTRA_REVIEW,REVIEW,maybe,Fresh DWR current planner row not in 2025 BIBLE; unresolved source-family status.,LIVE_2026_NOT_IN_2025_BIBLE,OTHER_CURRENT_PLANNER_NOT_IN_2025_BIBLE,BR,,no,no,yes,yes,OK,LIVE_AND_DATABASE,BOTH_BLANK,LIVE_DWR_NO_QUOTA_PUBLISHED,Black Bear Pursuit - Resident,Black Bear,Either Sex,Pursuit Only,Pursuit,,,,,,,no,no,no,no,,,,NO_PERMIT_VALUE,NONE,,NO_CURRENT_PERMIT_VALUE_FOUND,https://dwrapps.utah.gov/huntboundary/HuntTableData?species=Black+Bear&gender=Either+Sex
BR1008,CORE_DRAW_RESULTS_CONTINUING,CLOSED_CORE,yes,Present in 2025 BIBLE and fresh 2026 DWR Hunt Planner table.,LIVE_2026_AND_2025_BIBLE,CONTINUITY,BR,2020|2021|2022|2023|2024|2025,yes,no,yes,yes,OK,LIVE_AND_DATABASE,MATCH,LIVE_DWR_RES_NR_SPLIT,Book Cliffs,Black Bear,Either Sex,Pursuit Only,Restricted Pursuit - Summer,26,2,28,26,2,28,no,no,no,no,,,,HIGH_CONFIRMED_2PLUS,HANUMBER,28,PROMOTE_CANDIDATE_AFTER_REVIEW,https://dwrapps.utah.gov/huntboundary/HuntTableData?species=Black+Bear&gender=Either+Sex
BR1009,CORE_DRAW_RESULTS_CONTINUING,CLOSED_CORE,yes,Present in 2025 BIBLE and fresh 2026 DWR Hunt Planner table.,LIVE_2026_AND_2025_BIBLE,CONTINUITY,BR,2020|2021|2022|2023|2024|2025,yes,no,yes,yes,OK,LIVE_AND_DATABASE,MATCH,LIVE_DWR_RES_NR_SPLIT,La Sal,Black Bear,Either Sex,Pursuit Only,Restricted Pursuit - Summer,14,1,15,14,1,15,no,no,no,no,,,,HIGH_CONFIRMED_2PLUS,HANUMBER,15,PROMOTE_CANDIDATE_AFTER_REVIEW,https://dwrapps.utah.gov/huntboundary/HuntTableData?species=Black+Bear&gender=Either+Sex
BR1010,CORE_DRAW_RESULTS_CONTINUING,CLOSED_CORE,yes,Present in 2025 BIBLE and fresh 2026 DWR Hunt Planner table.,LIVE_2026_AND_2025_BIBLE,CONTINUITY,BR,2020|2021|2022|2023|2024|2025,yes,no,yes,yes,OK,LIVE_AND_DATABASE,MATCH,LIVE_DWR_RES_NR_SPLIT,San Juan,Black Bear,Either Sex,Pursuit Only,Restricted Pursuit - Summer,14,1,15,14,1,15,no,no,no,no,,,,HIGH_CONFIRMED_2PLUS,HANUMBER,15,PROMOTE_CANDIDATE_AFTER_REVIEW,https://dwrapps.utah.gov/huntboundary/HuntTableData?species=Black+Bear&gender=Either+Sex
BR1011,CORE_DRAW_RESULTS_CONTINUING,CLOSED_CORE,yes,Present in 2025 BIBLE and fresh 2026 DWR Hunt Planner table.,LIVE_2026_AND_2025_BIBLE,CONTINUITY,BR,2020|2021|2022|2023|2024|2025,yes,no,yes,yes,OK,LIVE_AND_DATABASE,MATCH,LIVE_DWR_RES_NR_SPLIT,Book Cliffs,Black Bear,Either Sex,Pursuit Only,Restricted Pursuit - Late Summer,26,2,28,26,2,28,no,no,no,no,,,,HIGH_CONFIRMED_2PLUS,HANUMBER,28,PROMOTE_CANDIDATE_AFTER_REVIEW,https://dwrapps.utah.gov/huntboundary/HuntTableData?species=Black+Bear&gender=Either+Sex
BR1012,CORE_DRAW_RESULTS_CONTINUING,CLOSED_CORE,yes,Present in 2025 BIBLE and fresh 2026 DWR Hunt Planner table.,LIVE_2026_AND_2025_BIBLE,CONTINUITY,BR,2020|2021|2022|2023|2024|2025,yes,no,yes,yes,OK,LIVE_AND_DATABASE,MATCH,LIVE_DWR_RES_NR_SPLIT,La Sal,Black Bear,Either Sex,Pursuit Only,Restricted Pursuit - Late Summer,14,1,15,14,1,15,no,no,no,no,,,,HIGH_CONFIRMED_2PLUS,HANUMBER,15,PROMOTE_CANDIDATE_AFTER_REVIEW,https://dwrapps.utah.gov/huntboundary/HuntTableData?species=Black+Bear&gender=Either+Sex
BR1013,CORE_DRAW_RESULTS_CONTINUING,CLOSED_CORE,yes,Present in 2025 BIBLE and fresh 2026 DWR Hunt Planner table.,LIVE_2026_AND_2025_BIBLE,CONTINUITY,BR,2020|2021|2022|2023|2024|2025,yes,no,yes,yes,OK,LIVE_AND_DATABASE,MATCH,LIVE_DWR_RES_NR_SPLIT,San Juan,Black Bear,Either Sex,Pursuit Only,Restricted Pursuit - Late Summer,14,1,15,14,1,15,no,no,no,no,,,,HIGH_CONFIRMED_2PLUS,HANUMBER,15,PROMOTE_CANDIDATE_AFTER_REVIEW,https://dwrapps.utah.gov/huntboundary/HuntTableData?species=Black+Bear&gender=Either+Sex
BR1015,CORE_DRAW_RESULTS_CONTINUING,CLOSED_CORE,yes,Present in 2025 BIBLE and fresh 2026 DWR Hunt Planner table.,LIVE_2026_AND_2025_BIBLE,CONTINUITY,BR,2020|2021|2022|2023|2024|2025,yes,no,yes,yes,OK,LIVE_AND_DATABASE,MATCH,LIVE_DWR_RES_NR_SPLIT,Book Cliffs,Black Bear,Either Sex,Pursuit Only,Restricted Pursuit - Spring,0,2,2,0,2,2,no,no,no,no,,,,HIGH_CONFIRMED_2PLUS,HANUMBER,2,PROMOTE_CANDIDATE_AFTER_REVIEW,https://dwrapps.utah.gov/huntboundary/HuntTableData?species=Black+Bear&gender=Either+Sex
BR1016,CORE_DRAW_RESULTS_CONTINUING,CLOSED_CORE,yes,Present in 2025 BIBLE and fresh 2026 DWR Hunt Planner table.,LIVE_2026_AND_2025_BIBLE,CONTINUITY,BR,2020|2021|2022|2023|2024|2025,yes,no,yes,yes,OK,LIVE_AND_DATABASE,MATCH,LIVE_DWR_RES_NR_SPLIT,San Juan,Black Bear,Either Sex,Pursuit Only,Restricted Pursuit - Spring,0,2,2,0,2,2,no,no,no,no,,,,HIGH_CONFIRMED_2PLUS,HANUMBER,2,PROMOTE_CANDIDATE_AFTER_REVIEW,https://dwrapps.utah.gov/huntboundary/HuntTableData?species=Black+Bear&gender=Either+Sex
BR1017,CORE_DRAW_RESULTS_CONTINUING,CLOSED_CORE,yes,Present in 2025 BIBLE and fresh 2026 DWR Hunt Planner table.,LIVE_2026_AND_2025_BIBLE,CONTINUITY,BR,2020|2021|2022|2023|2024|2025,yes,no,yes,yes,OK,LIVE_AND_DATABASE,MATCH,LIVE_DWR_RES_NR_SPLIT,La Sal,Black Bear,Either Sex,Pursuit Only,Restricted Pursuit - Spring,0,2,2,0,2,2,no,no,no,no,,,,HIGH_CONFIRMED_2PLUS,HANUMBER,2,PROMOTE_CANDIDATE_AFTER_REVIEW,https://dwrapps.utah.gov/huntboundary/HuntTableData?species=Black+Bear&gender=Either+Sex
BR1018,CURRENT_PLANNER_EXTRA_REVIEW,REVIEW,maybe,Fresh DWR current planner row not in 2025 BIBLE; unresolved source-family status.,LIVE_2026_NOT_IN_2025_BIBLE,OTHER_CURRENT_PLANNER_NOT_IN_2025_BIBLE,BR,,no,no,yes,yes,OK,LIVE_AND_DATABASE,BOTH_BLANK,LIVE_DWR_NO_QUOTA_PUBLISHED,Black Bear Pursuit - Nonresident,Black Bear,Either Sex,Pursuit Only,Pursuit,,,,,,,no,no,no,no,,,,NO_PERMIT_VALUE,NONE,,NO_CURRENT_PERMIT_VALUE_FOUND,https://dwrapps.utah.gov/huntboundary/HuntTableData?species=Black+Bear&gender=Either+Sex
BR7000,CORE_DRAW_RESULTS_CONTINUING,CLOSED_CORE,yes,Present in 2025 BIBLE and fresh 2026 DWR Hunt Planner table.,LIVE_2026_AND_2025_BIBLE,CONTINUITY,BR,2020|2021|2022|2023|2024|2025,yes,no,yes,yes,OK,LIVE_AND_DATABASE,MATCH,LIVE_DWR_RES_NR_SPLIT,Beaver,Black Bear,Either Sex,Any Legal Weapon,Limited Entry - Spring,9,1,10,9,1,10,no,no,no,no,,,,HIGH_CONFIRMED_2PLUS,HANUMBER,10,PROMOTE_CANDIDATE_AFTER_REVIEW,https://dwrapps.utah.gov/huntboundary/HuntTableData?species=Black+Bear&gender=Either+Sex
BR7001,CORE_DRAW_RESULTS_CONTINUING,CLOSED_CORE,yes,Present in 2025 BIBLE and fresh 2026 DWR Hunt Planner table.,LIVE_2026_AND_2025_BIBLE,CONTINUITY,BR,2020|2021|2022|2023|2024|2025,yes,no,yes,yes,OK,LIVE_AND_DATABASE,MATCH,LIVE_DWR_RES_NR_SPLIT,"Book Cliffs, Bitter Creek/South",Black Bear,Either Sex,Any Legal Weapon,Limited Entry - Spring,49,5,54,49,5,54,no,no,no,no,,,,HIGH_CONFIRMED_2PLUS,HANUMBER,54,PROMOTE_CANDIDATE_AFTER_REVIEW,https://dwrapps.utah.gov/huntboundary/HuntTableData?species=Black+Bear&gender=Either+Sex
BR7003,CORE_DRAW_RESULTS_CONTINUING,CLOSED_CORE,yes,Present in 2025 BIBLE and fresh 2026 DWR Hunt Planner table.,LIVE_2026_AND_2025_BIBLE,CONTINUITY,BR,2020|2021|2022|2023|2024|2025,yes,no,yes,yes,OK,LIVE_AND_DATABASE,MATCH,LIVE_DWR_RES_NR_SPLIT,"Manti, North",Black Bear,Either Sex,Any Legal Weapon,Limited Entry - Spring,17,2,19,17,2,19,no,no,no,no,,,,HIGH_CONFIRMED_2PLUS,HANUMBER,19,PROMOTE_CANDIDATE_AFTER_REVIEW,https://dwrapps.utah.gov/huntboundary/HuntTableData?species=Black+Bear&gender=Either+Sex
BR7004,CORE_DRAW_RESULTS_CONTINUING,CLOSED_CORE,yes,Present in 2025 BIBLE and fresh 2026 DWR Hunt Planner table.,LIVE_2026_AND_2025_BIBLE,CONTINUITY,BR,2020|2021|2022|2023|2024|2025,yes,no,yes,yes,OK,LIVE_AND_DATABASE,MATCH,LIVE_DWR_RES_NR_SPLIT,"Manti, South/San Rafael, North",Black Bear,Either Sex,Any Legal Weapon,Limited Entry - Spring,18,2,20,18,2,20,no,no,no,no,,,,MEDIUM_TOTAL_CONFIRMED,HANUMBER,20,PROMOTE_TOTAL_AFTER_SPLIT_REVIEW,https://dwrapps.utah.gov/huntboundary/HuntTableData?species=Black+Bear&gender=Either+Sex
BR7005,CORE_DRAW_RESULTS_CONTINUING,CLOSED_CORE,yes,Present in 2025 BIBLE and fresh 2026 DWR Hunt Planner table.,LIVE_2026_AND_2025_BIBLE,CONTINUITY,BR,2020|2021|2022|2023|2024|2025,yes,no,yes,yes,OK,LIVE_AND_DATABASE,MATCH,LIVE_DWR_RES_NR_SPLIT,Nebo,Black Bear,Either Sex,Any Legal Weapon,Limited Entry - Spring,7,0,7,7,0,7,no,no,no,no,,,,HIGH_CONFIRMED_2PLUS,HANUMBER,7,PROMOTE_CANDIDATE_AFTER_REVIEW,https://dwrapps.utah.gov/huntboundary/HuntTableData?species=Black+Bear&gender=Either+Sex
BR7007,CORE_DRAW_RESULTS_CONTINUING,CLOSED_CORE,yes,Present in 2025 BIBLE and fresh 2026 DWR Hunt Planner table.,LIVE_2026_AND_2025_BIBLE,CONTINUITY,BR,2020|2021|2022|2023|2024|2025,yes,no,yes,yes,OK,LIVE_AND_DATABASE,MATCH,LIVE_DWR_RES_NR_SPLIT,"Fillmore, Pahvant",Black Bear,Either Sex,Any Legal Weapon,Limited Entry - Spring,1,0,1,1,0,1,no,no,no,no,,,,HIGH_CONFIRMED_2PLUS,HANUMBER,1,PROMOTE_CANDIDATE_AFTER_REVIEW,https://dwrapps.utah.gov/huntboundary/HuntTableData?species=Black+Bear&gender=Either+Sex
BR7008,POSSIBLE_DROPPED_OR_NOT_EXPOSED_FROM_2025,REVIEW,maybe,Present in 2025 BIBLE but absent from fresh 2026 DWR table; needs drop/rename/crosswalk review.,BIBLE_2025_NOT_IN_LIVE_2026_TABLE,DROPPED_OR_NOT_EXPOSED_IN_CURRENT_TABLE,BR,2020|2021|2022|2023|2024|2025,yes,no,no,yes,OK,DATABASE_ONLY,DATABASE_ONLY,,La Sal,Black Bear,Either Sex,Any Legal Weapon,Limited Entry - Spring,,,,49,5,54,no,no,no,no,,,,MEDIUM_SINGLE_SOURCE,HANUMBER,54,PROMOTE_CANDIDATE_AFTER_REVIEW,
BR7009,CORE_DRAW_RESULTS_CONTINUING,CLOSED_CORE,yes,Present in 2025 BIBLE and fresh 2026 DWR Hunt Planner table.,LIVE_2026_AND_2025_BIBLE,CONTINUITY,BR,2020|2021|2022|2023|2024|2025,yes,no,yes,yes,OK,LIVE_AND_DATABASE,MATCH,LIVE_DWR_RES_NR_SPLIT,Mt Dutton,Black Bear,Either Sex,Any Legal Weapon,Limited Entry - Spring,4,0,4,4,0,4,no,no,no,no,,,,HIGH_CONFIRMED_2PLUS,HANUMBER,4,PROMOTE_CANDIDATE_AFTER_REVIEW,https://dwrapps.utah.gov/huntboundary/HuntTableData?species=Black+Bear&gender=Either+Sex
BR7010,CORE_DRAW_RESULTS_CONTINUING,CLOSED_CORE,yes,Present in 2025 BIBLE and fresh 2026 DWR Hunt Planner table.,LIVE_2026_AND_2025_BIBLE,CONTINUITY,BR,2020|2021|2022|2023|2024|2025,yes,no,yes,yes,OK,LIVE_AND_DATABASE,MATCH,LIVE_DWR_RES_NR_SPLIT,Panguitch Lake/Zion,Black Bear,Either Sex,Any Legal Weapon,Limited Entry - Spring,9,0,9,9,0,9,no,no,no,no,,,,HIGH_CONFIRMED_2PLUS,HANUMBER,9,PROMOTE_CANDIDATE_AFTER_REVIEW,https://dwrapps.utah.gov/huntboundary/HuntTableData?species=Black+Bear&gender=Either+Sex
BR7011,CORE_DRAW_RESULTS_CONTINUING,CLOSED_CORE,yes,Present in 2025 BIBLE and fresh 2026 DWR Hunt Planner table.,LIVE_2026_AND_2025_BIBLE,CONTINUITY,BR,2020|2021|2022|2023|2024|2025,yes,no,yes,yes,OK,LIVE_AND_DATABASE,MATCH,LIVE_DWR_RES_NR_SPLIT,Paunsaugunt,Black Bear,Either Sex,Any Legal Weapon,Limited Entry - Spring,4,0,4,4,0,4,no,no,no,no,,,,HIGH_CONFIRMED_2PLUS,HANUMBER,4,PROMOTE_CANDIDATE_AFTER_REVIEW,https://dwrapps.utah.gov/huntboundary/HuntTableData?species=Black+Bear&gender=Either+Sex
BR7012,CORE_DRAW_RESULTS_CONTINUING,CLOSED_CORE,yes,Present in 2025 BIBLE and fresh 2026 DWR Hunt Planner table.,LIVE_2026_AND_2025_BIBLE,CONTINUITY,BR,2020|2021|2022|2023|2024|2025,yes,no,yes,yes,OK,LIVE_AND_DATABASE,MATCH,LIVE_DWR_RES_NR_SPLIT,Boulder/Kaiparowits,Black Bear,Either Sex,Any Legal Weapon,Limited Entry - Spring,20,2,22,20,2,22,no,no,no,no,,,,HIGH_CONFIRMED_2PLUS,HANUMBER,22,PROMOTE_CANDIDATE_AFTER_REVIEW,https://dwrapps.utah.gov/huntboundary/HuntTableData?species=Black+Bear&gender=Either+Sex
BR7013,CORE_DRAW_RESULTS_CONTINUING,CLOSED_CORE,yes,Present in 2025 BIBLE and fresh 2026 DWR Hunt Planner table.,LIVE_2026_AND_2025_BIBLE,CONTINUITY,BR,2020|2021|2022|2023|2024|2025,yes,no,yes,yes,OK,LIVE_AND_DATABASE,MATCH,LIVE_DWR_RES_NR_SPLIT,Fishlake/Thousand Lakes,Black Bear,Either Sex,Any Legal Weapon,Limited Entry - Spring,7,0,7,7,0,7,no,no,no,no,,,,HIGH_CONFIRMED_2PLUS,HANUMBER,7,PROMOTE_CANDIDATE_AFTER_REVIEW,https://dwrapps.utah.gov/huntboundary/HuntTableData?species=Black+Bear&gender=Either+Sex
BR7014,CORE_DRAW_RESULTS_CONTINUING,CLOSED_CORE,yes,Present in 2025 BIBLE and fresh 2026 DWR Hunt Planner table.,LIVE_2026_AND_2025_BIBLE,CONTINUITY,BR,2020|2021|2022|2023|2024|2025,yes,no,yes,yes,OK,LIVE_AND_DATABASE,MATCH,LIVE_DWR_RES_NR_SPLIT,San Juan,Black Bear,Either Sex,Any Legal Weapon,Limited Entry - Spring,35,3,38,35,3,38,no,no,no,no,,,,HIGH_CONFIRMED_2PLUS,HANUMBER,38,PROMOTE_CANDIDATE_AFTER_REVIEW,https://dwrapps.utah.gov/huntboundary/HuntTableData?species=Black+Bear&gender=Either+Sex
BR7015,CORE_DRAW_RESULTS_CONTINUING,CLOSED_CORE,yes,Present in 2025 BIBLE and fresh 2026 DWR Hunt Planner table.,LIVE_2026_AND_2025_BIBLE,CONTINUITY,BR,2020|2021|2022|2023|2024|2025,yes,no,yes,yes,OK,LIVE_AND_DATABASE,MATCH,LIVE_DWR_RES_NR_SPLIT,Diamond Mtn/Vernal/Bonanza,Black Bear,Either Sex,Any Legal Weapon,Limited Entry - Spring,7,0,7,7,0,7,no,no,no,no,,,,HIGH_CONFIRMED_2PLUS,HANUMBER,7,PROMOTE_CANDIDATE_AFTER_REVIEW,https://dwrapps.utah.gov/huntboundary/HuntTableData?species=Black+Bear&gender=Either+Sex
BR7016,CORE_DRAW_RESULTS_CONTINUING,CLOSED_CORE,yes,Present in 2025 BIBLE and fresh 2026 DWR Hunt Planner table.,LIVE_2026_AND_2025_BIBLE,CONTINUITY,BR,2020|2021|2022|2023|2024|2025,yes,no,yes,yes,OK,LIVE_AND_DATABASE,MATCH,LIVE_DWR_RES_NR_SPLIT,"Wasatch Mtns, West-Central",Black Bear,Either Sex,Any Legal Weapon,Limited Entry - Spring,36,4,40,36,4,40,no,no,no,no,,,,HIGH_CONFIRMED_2PLUS,HANUMBER,40,PROMOTE_CANDIDATE_AFTER_REVIEW,https://dwrapps.utah.gov/huntboundary/HuntTableData?species=Black+Bear&gender=Either+Sex
BR7017,CORE_DRAW_RESULTS_CONTINUING,CLOSED_CORE,yes,Present in 2025 BIBLE and fresh 2026 DWR Hunt Planner table.,LIVE_2026_AND_2025_BIBLE,CONTINUITY,BR,2020|2021|2022|2023|2024|2025,yes,no,yes,yes,OK,LIVE_AND_DATABASE,MATCH,LIVE_DWR_RES_NR_SPLIT,Cache/Ogden,Black Bear,Either Sex,Any Legal Weapon,Limited Entry - Spring,2,0,2,2,0,2,no,no,no,no,,,,HIGH_CONFIRMED_2PLUS,HANUMBER,2,PROMOTE_CANDIDATE_AFTER_REVIEW,https://dwrapps.utah.gov/huntboundary/HuntTableData?species=Black+Bear&gender=Either+Sex
BR7018,CORE_DRAW_RESULTS_CONTINUING,CLOSED_CORE,yes,Present in 2025 BIBLE and fresh 2026 DWR Hunt Planner table.,LIVE_2026_AND_2025_BIBLE,CONTINUITY,BR,2020|2021|2022|2023|2024|2025,yes,no,yes,yes,OK,LIVE_AND_DATABASE,MATCH,LIVE_DWR_RES_NR_SPLIT,"Kamas/North Slope, Summit",Black Bear,Either Sex,Any Legal Weapon,Limited Entry - Spring,5,0,5,5,0,5,no,no,no,no,,,,HIGH_CONFIRMED_2PLUS,HANUMBER,5,PROMOTE_CANDIDATE_AFTER_REVIEW,https://dwrapps.utah.gov/huntboundary/HuntTableData?species=Black+Bear&gender=Either+Sex
BR7019,DATABASE_REFERENCE_NOT_LIVE_TABLE,REVIEW,no,Database row is not exposed by the fresh DWR live table; do not count as active core without source review.,DATABASE_NOT_IN_LIVE_TABLE,DATABASE_REFERENCE_OR_ARCHIVE_REVIEW,BR,2022|2023|2024,no,no,no,yes,OK,DATABASE_ONLY,DATABASE_ONLY,,Chalk Creek/East Canyon/Morgan-South Rich,Black Bear,Either Sex,Any Legal Weapon,Limited Entry - Spring,,,,,,,no,no,no,no,,,,NO_PERMIT_VALUE,NONE,,NO_CURRENT_PERMIT_VALUE_FOUND,
BR7020,CORE_DRAW_RESULTS_CONTINUING,CLOSED_CORE,yes,Present in 2025 BIBLE and fresh 2026 DWR Hunt Planner table.,LIVE_2026_AND_2025_BIBLE,CONTINUITY,BR,2022|2023|2024|2025,yes,no,yes,yes,OK,LIVE_AND_DATABASE,MATCH,LIVE_DWR_RES_NR_SPLIT,Monroe,Black Bear,Either Sex,Any Legal Weapon,Limited Entry - Spring,1,0,1,1,0,1,no,no,no,no,,,,HIGH_CONFIRMED_2PLUS,HANUMBER,1,PROMOTE_CANDIDATE_AFTER_REVIEW,https://dwrapps.utah.gov/huntboundary/HuntTableData?species=Black+Bear&gender=Either+Sex
BR7021,CURRENT_PLANNER_EXTRA_WITH_MULTI_SOURCE_PERMIT_SUPPORT,REVIEW,maybe,"Not in 2025 BIBLE, but current permit evidence is multi-source/total-confirmed.",LIVE_2026_NOT_IN_2025_BIBLE,OTHER_CURRENT_PLANNER_NOT_IN_2025_BIBLE,BR,,no,no,yes,yes,OK,LIVE_AND_DATABASE,MATCH,LIVE_DWR_RES_NR_SPLIT,Dolores Triangle,Black Bear,Either Sex,Any Legal Weapon,Limited Entry - Spring,2,0,2,2,0,2,no,no,no,no,,,,HIGH_CONFIRMED_2PLUS,HANUMBER,2,PROMOTE_CANDIDATE_AFTER_REVIEW,https://dwrapps.utah.gov/huntboundary/HuntTableData?species=Black+Bear&gender=Either+Sex
BR7022,CURRENT_PLANNER_EXTRA_WITH_MULTI_SOURCE_PERMIT_SUPPORT,REVIEW,maybe,"Not in 2025 BIBLE, but current permit evidence is multi-source/total-confirmed.",LIVE_2026_NOT_IN_2025_BIBLE,OTHER_CURRENT_PLANNER_NOT_IN_2025_BIBLE,BR,,no,no,yes,yes,OK,LIVE_AND_DATABASE,MATCH,LIVE_DWR_RES_NR_SPLIT,La Sal Mtns,Black Bear,Either Sex,Any Legal Weapon,Limited Entry - Spring,40,3,43,40,3,43,no,no,no,no,,,,HIGH_CONFIRMED_2PLUS,HANUMBER,43,PROMOTE_CANDIDATE_AFTER_REVIEW,https://dwrapps.utah.gov/huntboundary/HuntTableData?species=Black+Bear&gender=Either+Sex
BR7100,CORE_DRAW_RESULTS_CONTINUING,CLOSED_CORE,yes,Present in 2025 BIBLE and fresh 2026 DWR Hunt Planner table.,LIVE_2026_AND_2025_BIBLE,CONTINUITY,BR,2020|2021|2022|2023|2024|2025,yes,no,yes,yes,OK,LIVE_AND_DATABASE,MATCH,LIVE_DWR_RES_NR_SPLIT,Beaver,Black Bear,Either Sex,Any Legal Weapon,Limited Entry - Summer,9,1,10,9,1,10,no,no,no,no,,,,HIGH_CONFIRMED_2PLUS,HANUMBER,10,PROMOTE_CANDIDATE_AFTER_REVIEW,https://dwrapps.utah.gov/huntboundary/HuntTableData?species=Black+Bear&gender=Either+Sex
BR7101,CORE_DRAW_RESULTS_CONTINUING,CLOSED_CORE,yes,Present in 2025 BIBLE and fresh 2026 DWR Hunt Planner table.,LIVE_2026_AND_2025_BIBLE,CONTINUITY,BR,2020|2021|2022|2023|2024|2025,yes,no,yes,yes,OK,LIVE_AND_DATABASE,MATCH,LIVE_DWR_RES_NR_SPLIT,"Book Cliffs, Bitter Creek/South",Black Bear,Either Sex,Any Legal Weapon,Limited Entry - Summer,14,1,15,14,1,15,no,no,no,no,,,,HIGH_CONFIRMED_2PLUS,HANUMBER,15,PROMOTE_CANDIDATE_AFTER_REVIEW,https://dwrapps.utah.gov/huntboundary/HuntTableData?species=Black+Bear&gender=Either+Sex
BR7102,CORE_DRAW_RESULTS_CONTINUING,CLOSED_CORE,yes,Present in 2025 BIBLE and fresh 2026 DWR Hunt Planner table.,LIVE_2026_AND_2025_BIBLE,CONTINUITY,BR,2020|2021|2022|2023|2024|2025,yes,no,yes,yes,OK,LIVE_AND_DATABASE,MATCH,LIVE_DWR_RES_NR_SPLIT,"Book Cliffs, Little Creek Roadless",Black Bear,Either Sex,Any Legal Weapon,Limited Entry - Summer,5,0,5,5,0,5,no,no,no,no,,,,HIGH_CONFIRMED_2PLUS,HANUMBER,5,PROMOTE_CANDIDATE_AFTER_REVIEW,https://dwrapps.utah.gov/huntboundary/HuntTableData?species=Black+Bear&gender=Either+Sex
BR7104,CORE_DRAW_RESULTS_CONTINUING,CLOSED_CORE,yes,Present in 2025 BIBLE and fresh 2026 DWR Hunt Planner table.,LIVE_2026_AND_2025_BIBLE,CONTINUITY,BR,2020|2021|2022|2023|2024|2025,yes,no,yes,yes,OK,LIVE_AND_DATABASE,MATCH,LIVE_DWR_RES_NR_SPLIT,"Manti, North",Black Bear,Either Sex,Any Legal Weapon,Limited Entry - Summer,17,1,18,17,1,18,no,no,no,no,,,,HIGH_CONFIRMED_2PLUS,HANUMBER,18,PROMOTE_CANDIDATE_AFTER_REVIEW,https://dwrapps.utah.gov/huntboundary/HuntTableData?species=Black+Bear&gender=Either+Sex
BR7105,CORE_DRAW_RESULTS_CONTINUING,CLOSED_CORE,yes,Present in 2025 BIBLE and fresh 2026 DWR Hunt Planner table.,LIVE_2026_AND_2025_BIBLE,CONTINUITY,BR,2020|2021|2022|2023|2024|2025,yes,no,yes,yes,OK,LIVE_AND_DATABASE,MATCH,LIVE_DWR_RES_NR_SPLIT,"Manti, South/San Rafael, North",Black Bear,Either Sex,Any Legal Weapon,Limited Entry - Summer,18,2,20,18,2,20,no,no,no,no,,,,HIGH_CONFIRMED_2PLUS,HANUMBER,20,PROMOTE_CANDIDATE_AFTER_REVIEW,https://dwrapps.utah.gov/huntboundary/HuntTableData?species=Black+Bear&gender=Either+Sex
BR7106,CORE_DRAW_RESULTS_CONTINUING,CLOSED_CORE,yes,Present in 2025 BIBLE and fresh 2026 DWR Hunt Planner table.,LIVE_2026_AND_2025_BIBLE,CONTINUITY,BR,2020|2021|2022|2023|2024|2025,yes,no,yes,yes,OK,LIVE_AND_DATABASE,MATCH,LIVE_DWR_RES_NR_SPLIT,Nebo,Black Bear,Either Sex,Any Legal Weapon,Limited Entry - Summer,8,0,8,8,0,8,no,no,no,no,,,,HIGH_CONFIRMED_2PLUS,HANUMBER,8,PROMOTE_CANDIDATE_AFTER_REVIEW,https://dwrapps.utah.gov/huntboundary/HuntTableData?species=Black+Bear&gender=Either+Sex
BR7108,POSSIBLE_DROPPED_OR_NOT_EXPOSED_FROM_2025,REVIEW,maybe,Present in 2025 BIBLE but absent from fresh 2026 DWR table; needs drop/rename/crosswalk review.,BIBLE_2025_NOT_IN_LIVE_2026_TABLE,DROPPED_OR_NOT_EXPOSED_IN_CURRENT_TABLE,BR,2020|2021|2022|2023|2024|2025,yes,no,no,yes,OK,DATABASE_ONLY,DATABASE_ONLY,,La Sal,Black Bear,Either Sex,Any Legal Weapon,Limited Entry - Summer,,,,25,2,27,no,no,no,no,,,,MEDIUM_SINGLE_SOURCE,HANUMBER,27,PROMOTE_CANDIDATE_AFTER_REVIEW,
BR7109,CORE_DRAW_RESULTS_CONTINUING,CLOSED_CORE,yes,Present in 2025 BIBLE and fresh 2026 DWR Hunt Planner table.,LIVE_2026_AND_2025_BIBLE,CONTINUITY,BR,2020|2021|2022|2023|2024|2025,yes,no,yes,yes,OK,LIVE_AND_DATABASE,MATCH,LIVE_DWR_RES_NR_SPLIT,Mt Dutton,Black Bear,Either Sex,Any Legal Weapon,Limited Entry - Summer,3,0,3,3,0,3,no,no,no,no,,,,HIGH_CONFIRMED_2PLUS,HANUMBER,3,PROMOTE_CANDIDATE_AFTER_REVIEW,https://dwrapps.utah.gov/huntboundary/HuntTableData?species=Black+Bear&gender=Either+Sex
BR7110,CORE_DRAW_RESULTS_CONTINUING,CLOSED_CORE,yes,Present in 2025 BIBLE and fresh 2026 DWR Hunt Planner table.,LIVE_2026_AND_2025_BIBLE,CONTINUITY,BR,2020|2021|2022|2023|2024|2025,yes,no,yes,yes,OK,LIVE_AND_DATABASE,MATCH,LIVE_DWR_RES_NR_SPLIT,Nine Mile,Black Bear,Either Sex,Any Legal Weapon,Limited Entry - Summer,18,2,20,18,2,20,no,no,no,no,,,,HIGH_CONFIRMED_2PLUS,HANUMBER,20,PROMOTE_CANDIDATE_AFTER_REVIEW,https://dwrapps.utah.gov/huntboundary/HuntTableData?species=Black+Bear&gender=Either+Sex
BR7111,CORE_DRAW_RESULTS_CONTINUING,CLOSED_CORE,yes,Present in 2025 BIBLE and fresh 2026 DWR Hunt Planner table.,LIVE_2026_AND_2025_BIBLE,CONTINUITY,BR,2020|2021|2022|2023|2024|2025,yes,no,yes,yes,OK,LIVE_AND_DATABASE,MATCH,LIVE_DWR_RES_NR_SPLIT,"North Slope, Three Corners/West Daggett",Black Bear,Either Sex,Any Legal Weapon,Limited Entry - Summer,1,0,1,1,0,1,no,no,no,no,,,,HIGH_CONFIRMED_2PLUS,HANUMBER,1,PROMOTE_CANDIDATE_AFTER_REVIEW,https://dwrapps.utah.gov/huntboundary/HuntTableData?species=Black+Bear&gender=Either+Sex
BR7112,CORE_DRAW_RESULTS_CONTINUING,CLOSED_CORE,yes,Present in 2025 BIBLE and fresh 2026 DWR Hunt Planner table.,LIVE_2026_AND_2025_BIBLE,CONTINUITY,BR,2020|2021|2022|2023|2024|2025,yes,no,yes,yes,OK,LIVE_AND_DATABASE,MATCH,LIVE_DWR_RES_NR_SPLIT,Panguitch Lake/Zion,Black Bear,Either Sex,Any Legal Weapon,Limited Entry - Summer,5,0,5,5,0,5,no,no,no,no,,,,HIGH_CONFIRMED_2PLUS,HANUMBER,5,PROMOTE_CANDIDATE_AFTER_REVIEW,https://dwrapps.utah.gov/huntboundary/HuntTableData?species=Black+Bear&gender=Either+Sex
BR7113,CORE_DRAW_RESULTS_CONTINUING,CLOSED_CORE,yes,Present in 2025 BIBLE and fresh 2026 DWR Hunt Planner table.,LIVE_2026_AND_2025_BIBLE,CONTINUITY,BR,2020|2021|2022|2023|2024|2025,yes,no,yes,yes,OK,LIVE_AND_DATABASE,MATCH,LIVE_DWR_RES_NR_SPLIT,Paunsaugunt,Black Bear,Either Sex,Any Legal Weapon,Limited Entry - Summer,3,0,3,3,0,3,no,no,no,no,,,,HIGH_CONFIRMED_2PLUS,HANUMBER,3,PROMOTE_CANDIDATE_AFTER_REVIEW,https://dwrapps.utah.gov/huntboundary/HuntTableData?species=Black+Bear&gender=Either+Sex
BR7114,CORE_DRAW_RESULTS_CONTINUING,CLOSED_CORE,yes,Present in 2025 BIBLE and fresh 2026 DWR Hunt Planner table.,LIVE_2026_AND_2025_BIBLE,CONTINUITY,BR,2020|2021|2022|2023|2024|2025,yes,no,yes,yes,OK,LIVE_AND_DATABASE,MATCH,LIVE_DWR_RES_NR_SPLIT,Boulder/Kaiparowits,Black Bear,Either Sex,Any Legal Weapon,Limited Entry - Summer,13,1,14,13,1,14,no,no,no,no,,,,HIGH_CONFIRMED_2PLUS,HANUMBER,14,PROMOTE_CANDIDATE_AFTER_REVIEW,https://dwrapps.utah.gov/huntboundary/HuntTableData?species=Black+Bear&gender=Either+Sex
BR7115,CORE_DRAW_RESULTS_CONTINUING,CLOSED_CORE,yes,Present in 2025 BIBLE and fresh 2026 DWR Hunt Planner table.,LIVE_2026_AND_2025_BIBLE,CONTINUITY,BR,2020|2021|2022|2023|2024|2025,yes,no,yes,yes,OK,LIVE_AND_DATABASE,MATCH,LIVE_DWR_RES_NR_SPLIT,Fishlake/Thousand Lakes,Black Bear,Either Sex,Any Legal Weapon,Limited Entry - Summer,7,0,7,7,0,7,no,no,no,no,,,,HIGH_CONFIRMED_2PLUS,HANUMBER,7,PROMOTE_CANDIDATE_AFTER_REVIEW,https://dwrapps.utah.gov/huntboundary/HuntTableData?species=Black+Bear&gender=Either+Sex
BR7116,CORE_DRAW_RESULTS_CONTINUING,CLOSED_CORE,yes,Present in 2025 BIBLE and fresh 2026 DWR Hunt Planner table.,LIVE_2026_AND_2025_BIBLE,CONTINUITY,BR,2020|2021|2022|2023|2024|2025,yes,no,yes,yes,OK,LIVE_AND_DATABASE,MATCH,LIVE_DWR_RES_NR_SPLIT,San Juan,Black Bear,Either Sex,Any Legal Weapon,Limited Entry - Summer,22,2,24,22,2,24,no,no,no,no,,,,HIGH_CONFIRMED_2PLUS,HANUMBER,24,PROMOTE_CANDIDATE_AFTER_REVIEW,https://dwrapps.utah.gov/huntboundary/HuntTableData?species=Black+Bear&gender=Either+Sex
BR7117,CORE_DRAW_RESULTS_CONTINUING,CLOSED_CORE,yes,Present in 2025 BIBLE and fresh 2026 DWR Hunt Planner table.,LIVE_2026_AND_2025_BIBLE,CONTINUITY,BR,2020|2021|2022|2023|2024|2025,yes,no,yes,yes,OK,LIVE_AND_DATABASE,MATCH,LIVE_DWR_RES_NR_SPLIT,Diamond Mtn/Vernal/Bonanza,Black Bear,Either Sex,Any Legal Weapon,Limited Entry - Summer,5,0,5,5,0,5,no,no,no,no,,,,HIGH_CONFIRMED_2PLUS,HANUMBER,5,PROMOTE_CANDIDATE_AFTER_REVIEW,https://dwrapps.utah.gov/huntboundary/HuntTableData?species=Black+Bear&gender=Either+Sex
BR7118,CORE_DRAW_RESULTS_CONTINUING,CLOSED_CORE,yes,Present in 2025 BIBLE and fresh 2026 DWR Hunt Planner table.,LIVE_2026_AND_2025_BIBLE,CONTINUITY,BR,2020|2021|2022|2023|2024|2025,yes,no,yes,yes,OK,LIVE_AND_DATABASE,MATCH,LIVE_DWR_RES_NR_SPLIT,Yellowstone,Black Bear,Either Sex,Any Legal Weapon,Limited Entry - Summer,5,0,5,5,0,5,no,no,no,no,,,,HIGH_CONFIRMED_2PLUS,HANUMBER,5,PROMOTE_CANDIDATE_AFTER_REVIEW,https://dwrapps.utah.gov/huntboundary/HuntTableData?species=Black+Bear&gender=Either+Sex
BR7119,CORE_DRAW_RESULTS_CONTINUING,CLOSED_CORE,yes,Present in 2025 BIBLE and fresh 2026 DWR Hunt Planner table.,LIVE_2026_AND_2025_BIBLE,CONTINUITY,BR,2020|2021|2022|2023|2024|2025,yes,no,yes,yes,OK,LIVE_AND_DATABASE,MATCH,LIVE_DWR_RES_NR_SPLIT,"Wasatch Mtns, Avintaquin/Currant Creek",Black Bear,Either Sex,Any Legal Weapon,Limited Entry - Summer,5,0,5,5,0,5,no,no,no,no,,,,HIGH_CONFIRMED_2PLUS,HANUMBER,5,PROMOTE_CANDIDATE_AFTER_REVIEW,https://dwrapps.utah.gov/huntboundary/HuntTableData?species=Black+Bear&gender=Either+Sex
BR7120,CORE_DRAW_RESULTS_CONTINUING,CLOSED_CORE,yes,Present in 2025 BIBLE and fresh 2026 DWR Hunt Planner table.,LIVE_2026_AND_2025_BIBLE,CONTINUITY,BR,2020|2021|2022|2023|2024|2025,yes,no,yes,yes,OK,LIVE_AND_DATABASE,MATCH,LIVE_DWR_RES_NR_SPLIT,"Wasatch Mtns, West-Central",Black Bear,Either Sex,Any Legal Weapon,Limited Entry - Summer,22,1,23,22,1,23,no,no,no,no,,,,HIGH_CONFIRMED_2PLUS,HANUMBER,23,PROMOTE_CANDIDATE_AFTER_REVIEW,https://dwrapps.utah.gov/huntboundary/HuntTableData?species=Black+Bear&gender=Either+Sex
BR7121,CORE_DRAW_RESULTS_CONTINUING,CLOSED_CORE,yes,Present in 2025 BIBLE and fresh 2026 DWR Hunt Planner table.,LIVE_2026_AND_2025_BIBLE,CONTINUITY,BR,2020|2021|2022|2023|2024|2025,yes,no,yes,yes,OK,LIVE_AND_DATABASE,MATCH,LIVE_DWR_RES_NR_SPLIT,Cache/Ogden,Black Bear,Either Sex,Any Legal Weapon,Limited Entry - Summer,4,0,4,4,0,4,no,no,no,no,,,,HIGH_CONFIRMED_2PLUS,HANUMBER,4,PROMOTE_CANDIDATE_AFTER_REVIEW,https://dwrapps.utah.gov/huntboundary/HuntTableData?species=Black+Bear&gender=Either+Sex
BR7122,CORE_DRAW_RESULTS_CONTINUING,CLOSED_CORE,yes,Present in 2025 BIBLE and fresh 2026 DWR Hunt Planner table.,LIVE_2026_AND_2025_BIBLE,CONTINUITY,BR,2020|2021|2022|2023|2024|2025,yes,no,yes,yes,OK,LIVE_AND_DATABASE,MATCH,LIVE_DWR_RES_NR_SPLIT,Chalk Creek/East Canyon/Morgan-South Rich,Black Bear,Either Sex,Any Legal Weapon,Limited Entry - Summer,7,0,7,7,0,7,no,no,no,no,,,,HIGH_CONFIRMED_2PLUS,HANUMBER,7,PROMOTE_CANDIDATE_AFTER_REVIEW,https://dwrapps.utah.gov/huntboundary/HuntTableData?species=Black+Bear&gender=Either+Sex
BR7123,CORE_DRAW_RESULTS_CONTINUING,CLOSED_CORE,yes,Present in 2025 BIBLE and fresh 2026 DWR Hunt Planner table.,LIVE_2026_AND_2025_BIBLE,CONTINUITY,BR,2020|2021|2022|2023|2024|2025,yes,no,yes,yes,OK,LIVE_AND_DATABASE,MATCH,LIVE_DWR_RES_NR_SPLIT,"Kamas/North Slope, Summit",Black Bear,Either Sex,Any Legal Weapon,Limited Entry - Summer,6,0,6,6,0,6,no,no,no,no,,,,HIGH_CONFIRMED_2PLUS,HANUMBER,6,PROMOTE_CANDIDATE_AFTER_REVIEW,https://dwrapps.utah.gov/huntboundary/HuntTableData?species=Black+Bear&gender=Either+Sex
BR7124,CORE_DRAW_RESULTS_CONTINUING,CLOSED_CORE,yes,Present in 2025 BIBLE and fresh 2026 DWR Hunt Planner table.,LIVE_2026_AND_2025_BIBLE,CONTINUITY,BR,2022|2023|2024|2025,yes,no,yes,yes,OK,LIVE_AND_DATABASE,MATCH,LIVE_DWR_RES_NR_SPLIT,"Fillmore, Pahvant",Black Bear,Either Sex,Any Legal Weapon,Limited Entry - Summer,2,0,2,2,0,2,no,no,no,no,,,,HIGH_CONFIRMED_2PLUS,HANUMBER,2,PROMOTE_CANDIDATE_AFTER_REVIEW,https://dwrapps.utah.gov/huntboundary/HuntTableData?species=Black+Bear&gender=Either+Sex
BR7125,CORE_DRAW_RESULTS_CONTINUING,CLOSED_CORE,yes,Present in 2025 BIBLE and fresh 2026 DWR Hunt Planner table.,LIVE_2026_AND_2025_BIBLE,CONTINUITY,BR,2022|2023|2024|2025,yes,no,yes,yes,OK,LIVE_AND_DATABASE,MATCH,LIVE_DWR_RES_NR_SPLIT,Monroe,Black Bear,Either Sex,Any Legal Weapon,Limited Entry - Summer,1,0,1,1,0,1,no,no,no,no,,,,HIGH_CONFIRMED_2PLUS,HANUMBER,1,PROMOTE_CANDIDATE_AFTER_REVIEW,https://dwrapps.utah.gov/huntboundary/HuntTableData?species=Black+Bear&gender=Either+Sex
BR7126,CURRENT_PLANNER_EXTRA_WITH_MULTI_SOURCE_PERMIT_SUPPORT,REVIEW,maybe,"Not in 2025 BIBLE, but current permit evidence is multi-source/total-confirmed.",LIVE_2026_NOT_IN_2025_BIBLE,OTHER_CURRENT_PLANNER_NOT_IN_2025_BIBLE,BR,,no,no,yes,yes,OK,LIVE_AND_DATABASE,MATCH,LIVE_DWR_RES_NR_SPLIT,Dolores Triangle,Black Bear,Either Sex,Any Legal Weapon,Limited Entry - Summer,6,0,6,6,0,6,no,no,no,no,,,,HIGH_CONFIRMED_2PLUS,HANUMBER,6,PROMOTE_CANDIDATE_AFTER_REVIEW,https://dwrapps.utah.gov/huntboundary/HuntTableData?species=Black+Bear&gender=Either+Sex
BR7127,CURRENT_PLANNER_EXTRA_WITH_MULTI_SOURCE_PERMIT_SUPPORT,REVIEW,maybe,"Not in 2025 BIBLE, but current permit evidence is multi-source/total-confirmed.",LIVE_2026_NOT_IN_2025_BIBLE,OTHER_CURRENT_PLANNER_NOT_IN_2025_BIBLE,BR,,no,no,yes,yes,OK,LIVE_AND_DATABASE,MATCH,LIVE_DWR_RES_NR_SPLIT,La Sal Mtns,Black Bear,Either Sex,Any Legal Weapon,Limited Entry - Summer,25,2,27,25,2,27,no,no,no,no,,,,HIGH_CONFIRMED_2PLUS,HANUMBER,27,PROMOTE_CANDIDATE_AFTER_REVIEW,https://dwrapps.utah.gov/huntboundary/HuntTableData?species=Black+Bear&gender=Either+Sex
BR7200,CORE_DRAW_RESULTS_CONTINUING,CLOSED_CORE,yes,Present in 2025 BIBLE and fresh 2026 DWR Hunt Planner table.,LIVE_2026_AND_2025_BIBLE,CONTINUITY,BR,2020|2021|2022|2023|2024|2025,yes,no,yes,yes,OK,LIVE_AND_DATABASE,MATCH,LIVE_DWR_RES_NR_SPLIT,Beaver,Black Bear,Either Sex,Any Legal Weapon,Limited Entry - Fall,9,1,10,9,1,10,no,no,no,no,,,,HIGH_CONFIRMED_2PLUS,HANUMBER,10,PROMOTE_CANDIDATE_AFTER_REVIEW,https://dwrapps.utah.gov/huntboundary/HuntTableData?species=Black+Bear&gender=Either+Sex
BR7201,CORE_DRAW_RESULTS_CONTINUING,CLOSED_CORE,yes,Present in 2025 BIBLE and fresh 2026 DWR Hunt Planner table.,LIVE_2026_AND_2025_BIBLE,CONTINUITY,BR,2020|2021|2022|2023|2024|2025,yes,no,yes,yes,OK,LIVE_AND_DATABASE,MATCH,LIVE_DWR_RES_NR_SPLIT,"Book Cliffs, Bitter Creek/South",Black Bear,Either Sex,Any Legal Weapon,Limited Entry - Fall,18,2,20,18,2,20,no,no,no,no,,,,HIGH_CONFIRMED_2PLUS,HANUMBER,20,PROMOTE_CANDIDATE_AFTER_REVIEW,https://dwrapps.utah.gov/huntboundary/HuntTableData?species=Black+Bear&gender=Either+Sex
BR7203,CORE_DRAW_RESULTS_CONTINUING,CLOSED_CORE,yes,Present in 2025 BIBLE and fresh 2026 DWR Hunt Planner table.,LIVE_2026_AND_2025_BIBLE,CONTINUITY,BR,2020|2021|2022|2023|2024|2025,yes,no,yes,yes,OK,LIVE_AND_DATABASE,MATCH,LIVE_DWR_RES_NR_SPLIT,"Manti, North",Black Bear,Either Sex,Any Legal Weapon,Limited Entry - Fall,10,1,11,10,1,11,no,no,no,no,,,,HIGH_CONFIRMED_2PLUS,HANUMBER,11,PROMOTE_CANDIDATE_AFTER_REVIEW,https://dwrapps.utah.gov/huntboundary/HuntTableData?species=Black+Bear&gender=Either+Sex
BR7204,CORE_DRAW_RESULTS_CONTINUING,CLOSED_CORE,yes,Present in 2025 BIBLE and fresh 2026 DWR Hunt Planner table.,LIVE_2026_AND_2025_BIBLE,CONTINUITY,BR,2020|2021|2022|2023|2024|2025,yes,no,yes,yes,OK,LIVE_AND_DATABASE,MATCH,LIVE_DWR_RES_NR_SPLIT,"Manti, South/San Rafael, North",Black Bear,Either Sex,Any Legal Weapon,Limited Entry - Fall,18,2,20,18,2,20,no,no,no,no,,,,HIGH_CONFIRMED_2PLUS,HANUMBER,20,PROMOTE_CANDIDATE_AFTER_REVIEW,https://dwrapps.utah.gov/huntboundary/HuntTableData?species=Black+Bear&gender=Either+Sex
BR7205,CORE_DRAW_RESULTS_CONTINUING,CLOSED_CORE,yes,Present in 2025 BIBLE and fresh 2026 DWR Hunt Planner table.,LIVE_2026_AND_2025_BIBLE,CONTINUITY,BR,2020|2021|2022|2023|2024|2025,yes,no,yes,yes,OK,LIVE_AND_DATABASE,MATCH,LIVE_DWR_RES_NR_SPLIT,Nebo,Black Bear,Either Sex,Any Legal Weapon,Limited Entry - Fall,5,0,5,5,0,5,no,no,no,no,,,,HIGH_CONFIRMED_2PLUS,HANUMBER,5,PROMOTE_CANDIDATE_AFTER_REVIEW,https://dwrapps.utah.gov/huntboundary/HuntTableData?species=Black+Bear&gender=Either+Sex
BR7207,CORE_DRAW_RESULTS_CONTINUING,CLOSED_CORE,yes,Present in 2025 BIBLE and fresh 2026 DWR Hunt Planner table.,LIVE_2026_AND_2025_BIBLE,CONTINUITY,BR,2020|2021|2022|2023|2024|2025,yes,no,yes,yes,OK,LIVE_AND_DATABASE,MATCH,LIVE_DWR_RES_NR_SPLIT,"Fillmore, Pahvant",Black Bear,Either Sex,Any Legal Weapon,Limited Entry - Fall,1,0,1,1,0,1,no,no,no,no,,,,HIGH_CONFIRMED_2PLUS,HANUMBER,1,PROMOTE_CANDIDATE_AFTER_REVIEW,https://dwrapps.utah.gov/huntboundary/HuntTableData?species=Black+Bear&gender=Either+Sex
BR7208,POSSIBLE_DROPPED_OR_NOT_EXPOSED_FROM_2025,REVIEW,maybe,Present in 2025 BIBLE but absent from fresh 2026 DWR table; needs drop/rename/crosswalk review.,BIBLE_2025_NOT_IN_LIVE_2026_TABLE,DROPPED_OR_NOT_EXPOSED_IN_CURRENT_TABLE,BR,2020|2021|2022|2023|2024|2025,yes,no,no,yes,OK,DATABASE_ONLY,DATABASE_ONLY,,La Sal,Black Bear,Either Sex,Any Legal Weapon,Limited Entry - Fall,,,,6,,6,no,no,no,no,,,,MEDIUM_SINGLE_SOURCE,HANUMBER,6,PROMOTE_CANDIDATE_AFTER_REVIEW,
BR7209,HISTORICAL_LIBRARY_ONLY,CLOSED_HISTORICAL,no,Historical BIBLE-library code not part of current 2026 live table.,BIBLE_HISTORICAL_ONLY,HISTORICAL_LIBRARY,BR,2020|2021,no,no,no,no,,,,,,,,,,,,,,,,no,no,no,no,,,,,,,,
BR7210,CORE_DRAW_RESULTS_CONTINUING,CLOSED_CORE,yes,Present in 2025 BIBLE and fresh 2026 DWR Hunt Planner table.,LIVE_2026_AND_2025_BIBLE,CONTINUITY,BR,2020|2021|2022|2023|2024|2025,yes,no,yes,yes,OK,LIVE_AND_DATABASE,MATCH,LIVE_DWR_RES_NR_SPLIT,Mt Dutton,Black Bear,Either Sex,Any Legal Weapon,Limited Entry - Fall,3,0,3,3,0,3,no,no,no,no,,,,HIGH_CONFIRMED_2PLUS,HANUMBER,3,PROMOTE_CANDIDATE_AFTER_REVIEW,https://dwrapps.utah.gov/huntboundary/HuntTableData?species=Black+Bear&gender=Either+Sex
BR7211,CORE_DRAW_RESULTS_CONTINUING,CLOSED_CORE,yes,Present in 2025 BIBLE and fresh 2026 DWR Hunt Planner table.,LIVE_2026_AND_2025_BIBLE,CONTINUITY,BR,2020|2021|2022|2023|2024|2025,yes,no,yes,yes,OK,LIVE_AND_DATABASE,MATCH,LIVE_DWR_RES_NR_SPLIT,Nine Mile,Black Bear,Either Sex,Any Legal Weapon,Limited Entry - Fall,26,3,29,26,3,29,no,no,no,no,,,,HIGH_CONFIRMED_2PLUS,HANUMBER,29,PROMOTE_CANDIDATE_AFTER_REVIEW,https://dwrapps.utah.gov/huntboundary/HuntTableData?species=Black+Bear&gender=Either+Sex
BR7212,CORE_DRAW_RESULTS_CONTINUING,CLOSED_CORE,yes,Present in 2025 BIBLE and fresh 2026 DWR Hunt Planner table.,LIVE_2026_AND_2025_BIBLE,CONTINUITY,BR,2020|2021|2022|2023|2024|2025,yes,no,yes,yes,OK,LIVE_AND_DATABASE,MATCH,LIVE_DWR_RES_NR_SPLIT,"North Slope, Three Corners/West Daggett",Black Bear,Either Sex,Any Legal Weapon,Limited Entry - Fall,2,0,2,2,0,2,no,no,no,no,,,,HIGH_CONFIRMED_2PLUS,HANUMBER,2,PROMOTE_CANDIDATE_AFTER_REVIEW,https://dwrapps.utah.gov/huntboundary/HuntTableData?species=Black+Bear&gender=Either+Sex
BR7213,CORE_DRAW_RESULTS_CONTINUING,CLOSED_CORE,yes,Present in 2025 BIBLE and fresh 2026 DWR Hunt Planner table.,LIVE_2026_AND_2025_BIBLE,CONTINUITY,BR,2020|2021|2022|2023|2024|2025,yes,no,yes,yes,OK,LIVE_AND_DATABASE,MATCH,LIVE_DWR_RES_NR_SPLIT,Panguitch Lake/Zion,Black Bear,Either Sex,Any Legal Weapon,Limited Entry - Fall,9,0,9,9,0,9,no,no,no,no,,,,HIGH_CONFIRMED_2PLUS,HANUMBER,9,PROMOTE_CANDIDATE_AFTER_REVIEW,https://dwrapps.utah.gov/huntboundary/HuntTableData?species=Black+Bear&gender=Either+Sex
BR7214,CORE_DRAW_RESULTS_CONTINUING,CLOSED_CORE,yes,Present in 2025 BIBLE and fresh 2026 DWR Hunt Planner table.,LIVE_2026_AND_2025_BIBLE,CONTINUITY,BR,2020|2021|2022|2023|2024|2025,yes,no,yes,yes,OK,LIVE_AND_DATABASE,MATCH,LIVE_DWR_RES_NR_SPLIT,Paunsaugunt,Black Bear,Either Sex,Any Legal Weapon,Limited Entry - Fall,4,0,4,4,0,4,no,no,no,no,,,,HIGH_CONFIRMED_2PLUS,HANUMBER,4,PROMOTE_CANDIDATE_AFTER_REVIEW,https://dwrapps.utah.gov/huntboundary/HuntTableData?species=Black+Bear&gender=Either+Sex
BR7215,CORE_DRAW_RESULTS_CONTINUING,CLOSED_CORE,yes,Present in 2025 BIBLE and fresh 2026 DWR Hunt Planner table.,LIVE_2026_AND_2025_BIBLE,CONTINUITY,BR,2020|2021|2022|2023|2024|2025,yes,no,yes,yes,OK,LIVE_AND_DATABASE,MATCH,LIVE_DWR_RES_NR_SPLIT,Boulder/Kaiparowits,Black Bear,Either Sex,Any Legal Weapon,Limited Entry - Fall,9,1,10,9,1,10,no,no,no,no,,,,HIGH_CONFIRMED_2PLUS,HANUMBER,10,PROMOTE_CANDIDATE_AFTER_REVIEW,https://dwrapps.utah.gov/huntboundary/HuntTableData?species=Black+Bear&gender=Either+Sex
BR7216,CORE_DRAW_RESULTS_CONTINUING,CLOSED_CORE,yes,Present in 2025 BIBLE and fresh 2026 DWR Hunt Planner table.,LIVE_2026_AND_2025_BIBLE,CONTINUITY,BR,2020|2021|2022|2023|2024|2025,yes,no,yes,yes,OK,LIVE_AND_DATABASE,MATCH,LIVE_DWR_RES_NR_SPLIT,Fishlake/Thousand Lakes,Black Bear,Either Sex,Any Legal Weapon,Limited Entry - Fall,5,0,5,5,0,5,no,no,no,no,,,,HIGH_CONFIRMED_2PLUS,HANUMBER,5,PROMOTE_CANDIDATE_AFTER_REVIEW,https://dwrapps.utah.gov/huntboundary/HuntTableData?species=Black+Bear&gender=Either+Sex
BR7217,CORE_DRAW_RESULTS_CONTINUING,CLOSED_CORE,yes,Present in 2025 BIBLE and fresh 2026 DWR Hunt Planner table.,LIVE_2026_AND_2025_BIBLE,CONTINUITY,BR,2020|2021|2022|2023|2024|2025,yes,no,yes,yes,OK,LIVE_AND_DATABASE,MATCH,LIVE_DWR_RES_NR_SPLIT,San Juan,Black Bear,Either Sex,Any Legal Weapon,Limited Entry - Fall,6,0,6,6,0,6,no,no,no,no,,,,HIGH_CONFIRMED_2PLUS,HANUMBER,6,PROMOTE_CANDIDATE_AFTER_REVIEW,https://dwrapps.utah.gov/huntboundary/HuntTableData?species=Black+Bear&gender=Either+Sex
BR7218,CORE_DRAW_RESULTS_CONTINUING,CLOSED_CORE,yes,Present in 2025 BIBLE and fresh 2026 DWR Hunt Planner table.,LIVE_2026_AND_2025_BIBLE,CONTINUITY,BR,2020|2021|2022|2023|2024|2025,yes,no,yes,yes,OK,LIVE_AND_DATABASE,MATCH,LIVE_DWR_RES_NR_SPLIT,Diamond Mtn/Vernal/Bonanza,Black Bear,Either Sex,Any Legal Weapon,Limited Entry - Fall,7,0,7,7,0,7,no,no,no,no,,,,HIGH_CONFIRMED_2PLUS,HANUMBER,7,PROMOTE_CANDIDATE_AFTER_REVIEW,https://dwrapps.utah.gov/huntboundary/HuntTableData?species=Black+Bear&gender=Either+Sex
BR7219,CORE_DRAW_RESULTS_CONTINUING,CLOSED_CORE,yes,Present in 2025 BIBLE and fresh 2026 DWR Hunt Planner table.,LIVE_2026_AND_2025_BIBLE,CONTINUITY,BR,2020|2021|2022|2023|2024|2025,yes,no,yes,yes,OK,LIVE_AND_DATABASE,MATCH,LIVE_DWR_RES_NR_SPLIT,Yellowstone,Black Bear,Either Sex,Any Legal Weapon,Limited Entry - Fall,4,0,4,4,0,4,no,no,no,no,,,,HIGH_CONFIRMED_2PLUS,HANUMBER,4,PROMOTE_CANDIDATE_AFTER_REVIEW,https://dwrapps.utah.gov/huntboundary/HuntTableData?species=Black+Bear&gender=Either+Sex
BR7220,CORE_DRAW_RESULTS_CONTINUING,CLOSED_CORE,yes,Present in 2025 BIBLE and fresh 2026 DWR Hunt Planner table.,LIVE_2026_AND_2025_BIBLE,CONTINUITY,BR,2020|2021|2022|2023|2024|2025,yes,no,yes,yes,OK,LIVE_AND_DATABASE,MATCH,LIVE_DWR_RES_NR_SPLIT,"Wasatch Mtns, Avintaquin/Currant Creek",Black Bear,Either Sex,Any Legal Weapon,Limited Entry - Fall,9,0,9,9,0,9,no,no,no,no,,,,HIGH_CONFIRMED_2PLUS,HANUMBER,9,PROMOTE_CANDIDATE_AFTER_REVIEW,https://dwrapps.utah.gov/huntboundary/HuntTableData?species=Black+Bear&gender=Either+Sex
BR7221,CORE_DRAW_RESULTS_CONTINUING,CLOSED_CORE,yes,Present in 2025 BIBLE and fresh 2026 DWR Hunt Planner table.,LIVE_2026_AND_2025_BIBLE,CONTINUITY,BR,2020|2021|2022|2023|2024|2025,yes,no,yes,yes,OK,LIVE_AND_DATABASE,MATCH,LIVE_DWR_RES_NR_SPLIT,"Wasatch Mtns, West-Central",Black Bear,Either Sex,Any Legal Weapon,Limited Entry - Fall,18,2,20,18,2,20,no,no,no,no,,,,HIGH_CONFIRMED_2PLUS,HANUMBER,20,PROMOTE_CANDIDATE_AFTER_REVIEW,https://dwrapps.utah.gov/huntboundary/HuntTableData?species=Black+Bear&gender=Either+Sex
BR7224,CORE_DRAW_RESULTS_CONTINUING,CLOSED_CORE,yes,Present in 2025 BIBLE and fresh 2026 DWR Hunt Planner table.,LIVE_2026_AND_2025_BIBLE,CONTINUITY,BR,2020|2021|2022|2023|2024|2025,yes,no,yes,yes,OK,LIVE_AND_DATABASE,MATCH,LIVE_DWR_RES_NR_SPLIT,"Book Cliffs, Little Creek Roadless",Black Bear,Either Sex,Any Legal Weapon,Limited Entry - Spring,14,1,15,14,1,15,no,no,no,no,,,,HIGH_CONFIRMED_2PLUS,HANUMBER,15,PROMOTE_CANDIDATE_AFTER_REVIEW,https://dwrapps.utah.gov/huntboundary/HuntTableData?species=Black+Bear&gender=Either+Sex
BR7225,CORE_DRAW_RESULTS_CONTINUING,CLOSED_CORE,yes,Present in 2025 BIBLE and fresh 2026 DWR Hunt Planner table.,LIVE_2026_AND_2025_BIBLE,CONTINUITY,BR,2020|2021|2022|2023|2024|2025,yes,no,yes,yes,OK,LIVE_AND_DATABASE,MATCH,LIVE_DWR_RES_NR_SPLIT,"Book Cliffs, Little Creek Roadless",Black Bear,Either Sex,Any Legal Weapon,Spot and Stalk,5,0,5,5,0,5,no,no,no,no,,,,HIGH_CONFIRMED_2PLUS,HANUMBER,5,PROMOTE_CANDIDATE_AFTER_REVIEW,https://dwrapps.utah.gov/huntboundary/HuntTableData?species=Black+Bear&gender=Either+Sex
BR7226,HISTORICAL_LIBRARY_ONLY,CLOSED_HISTORICAL,no,Historical BIBLE-library code not part of current 2026 live table.,BIBLE_HISTORICAL_ONLY,HISTORICAL_LIBRARY,BR,2020|2021,no,no,no,no,,,,,,,,,,,,,,,,no,no,no,no,,,,,,,,
BR7227,HISTORICAL_LIBRARY_ONLY,CLOSED_HISTORICAL,no,Historical BIBLE-library code not part of current 2026 live table.,BIBLE_HISTORICAL_ONLY,HISTORICAL_LIBRARY,BR,2020|2021,no,no,no,no,,,,,,,,,,,,,,,,no,no,no,no,,,,,,,,
BR7228,CORE_DRAW_RESULTS_CONTINUING,CLOSED_CORE,yes,Present in 2025 BIBLE and fresh 2026 DWR Hunt Planner table.,LIVE_2026_AND_2025_BIBLE,CONTINUITY,BR,2020|2021|2022|2023|2024|2025,yes,no,yes,yes,OK,LIVE_AND_DATABASE,MATCH,LIVE_DWR_RES_NR_SPLIT,Cache/Ogden,Black Bear,Either Sex,Any Legal Weapon,Limited Entry - Fall,1,0,1,1,0,1,no,no,no,no,,,,HIGH_CONFIRMED_2PLUS,HANUMBER,1,PROMOTE_CANDIDATE_AFTER_REVIEW,https://dwrapps.utah.gov/huntboundary/HuntTableData?species=Black+Bear&gender=Either+Sex
BR7229,CORE_DRAW_RESULTS_CONTINUING,CLOSED_CORE,yes,Present in 2025 BIBLE and fresh 2026 DWR Hunt Planner table.,LIVE_2026_AND_2025_BIBLE,CONTINUITY,BR,2020|2021|2022|2023|2024|2025,yes,no,yes,yes,OK,LIVE_AND_DATABASE,MATCH,LIVE_DWR_RES_NR_SPLIT,"Kamas/North Slope, Summit",Black Bear,Either Sex,Any Legal Weapon,Limited Entry - Fall,4,0,4,4,0,4,no,no,no,no,,,,HIGH_CONFIRMED_2PLUS,HANUMBER,4,PROMOTE_CANDIDATE_AFTER_REVIEW,https://dwrapps.utah.gov/huntboundary/HuntTableData?species=Black+Bear&gender=Either+Sex
BR7230,HISTORICAL_LIBRARY_ONLY,CLOSED_HISTORICAL,no,Historical BIBLE-library code not part of current 2026 live table.,BIBLE_HISTORICAL_ONLY,HISTORICAL_LIBRARY,BR,2020|2021,no,no,no,no,,,,,,,,,,,,,,,,no,no,no,no,,,,,,,,
BR7231,HISTORICAL_LIBRARY_ONLY,CLOSED_HISTORICAL,no,Historical BIBLE-library code not part of current 2026 live table.,BIBLE_HISTORICAL_ONLY,HISTORICAL_LIBRARY,BR,2020|2021,no,no,no,no,,,,,,,,,,,,,,,,no,no,no,no,,,,,,,,
BR7232,HISTORICAL_LIBRARY_ONLY,CLOSED_HISTORICAL,no,Historical BIBLE-library code not part of current 2026 live table.,BIBLE_HISTORICAL_ONLY,HISTORICAL_LIBRARY,BR,2020|2021,no,no,no,no,,,,,,,,,,,,,,,,no,no,no,no,,,,,,,,
BR7233,HISTORICAL_LIBRARY_ONLY,CLOSED_HISTORICAL,no,Historical BIBLE-library code not part of current 2026 live table.,BIBLE_HISTORICAL_ONLY,HISTORICAL_LIBRARY,BR,2020|2021,no,no,no,no,,,,,,,,,,,,,,,,no,no,no,no,,,,,,,,
BR7234,HISTORICAL_LIBRARY_ONLY,CLOSED_HISTORICAL,no,Historical BIBLE-library code not part of current 2026 live table.,BIBLE_HISTORICAL_ONLY,HISTORICAL_LIBRARY,BR,2020|2021,no,no,no,no,,,,,,,,,,,,,,,,no,no,no,no,,,,,,,,
BR7235,HISTORICAL_LIBRARY_ONLY,CLOSED_HISTORICAL,no,Historical BIBLE-library code not part of current 2026 live table.,BIBLE_HISTORICAL_ONLY,HISTORICAL_LIBRARY,BR,2020|2021,no,no,no,no,,,,,,,,,,,,,,,,no,no,no,no,,,,,,,,
BR7236,HISTORICAL_LIBRARY_ONLY,CLOSED_HISTORICAL,no,Historical BIBLE-library code not part of current 2026 live table.,BIBLE_HISTORICAL_ONLY,HISTORICAL_LIBRARY,BR,2020|2021,no,no,no,no,,,,,,,,,,,,,,,,no,no,no,no,,,,,,,,
BR7237,CORE_DRAW_RESULTS_CONTINUING,CLOSED_CORE,yes,Present in 2025 BIBLE and fresh 2026 DWR Hunt Planner table.,LIVE_2026_AND_2025_BIBLE,CONTINUITY,BR,2025,yes,no,yes,yes,OK,LIVE_AND_DATABASE,MATCH,LIVE_DWR_RES_NR_SPLIT,Monroe,Black Bear,Either Sex,Any Legal Weapon,Limited Entry - Fall,1,0,1,1,0,1,no,no,no,no,,,,HIGH_CONFIRMED_2PLUS,HANUMBER,1,PROMOTE_CANDIDATE_AFTER_REVIEW,https://dwrapps.utah.gov/huntboundary/HuntTableData?species=Black+Bear&gender=Either+Sex
BR7238,CURRENT_PLANNER_EXTRA_WITH_MULTI_SOURCE_PERMIT_SUPPORT,REVIEW,maybe,"Not in 2025 BIBLE, but current permit evidence is multi-source/total-confirmed.",LIVE_2026_NOT_IN_2025_BIBLE,OTHER_CURRENT_PLANNER_NOT_IN_2025_BIBLE,BR,,no,no,yes,yes,OK,LIVE_AND_DATABASE,MATCH,LIVE_DWR_RES_NR_SPLIT,Dolores Triangle,Black Bear,Either Sex,Any Legal Weapon,Limited Entry - Fall,2,0,2,2,0,2,no,no,no,no,,,,HIGH_CONFIRMED_2PLUS,HANUMBER,2,PROMOTE_CANDIDATE_AFTER_REVIEW,https://dwrapps.utah.gov/huntboundary/HuntTableData?species=Black+Bear&gender=Either+Sex
BR7239,CURRENT_PLANNER_EXTRA_WITH_MULTI_SOURCE_PERMIT_SUPPORT,REVIEW,maybe,"Not in 2025 BIBLE, but current permit evidence is multi-source/total-confirmed.",LIVE_2026_NOT_IN_2025_BIBLE,OTHER_CURRENT_PLANNER_NOT_IN_2025_BIBLE,BR,,no,no,yes,yes,OK,LIVE_AND_DATABASE,MATCH,LIVE_DWR_RES_NR_SPLIT,La Sal Mtns,Black Bear,Either Sex,Any Legal Weapon,Limited Entry - Fall,6,0,6,6,0,6,no,no,no,no,,,,HIGH_CONFIRMED_2PLUS,HANUMBER,6,PROMOTE_CANDIDATE_AFTER_REVIEW,https://dwrapps.utah.gov/huntboundary/HuntTableData?species=Black+Bear&gender=Either+Sex
BR7300,CORE_DRAW_RESULTS_CONTINUING,CLOSED_CORE,yes,Present in 2025 BIBLE and fresh 2026 DWR Hunt Planner table.,LIVE_2026_AND_2025_BIBLE,CONTINUITY,BR,2020|2021|2022|2023|2024|2025,yes,no,yes,yes,OK,LIVE_AND_DATABASE,MATCH,LIVE_DWR_RES_NR_SPLIT,"Book Cliffs, Bitter Creek/South",Black Bear,Either Sex,Multiseason,Limited Entry - Multiseason,9,1,10,9,1,10,no,no,yes,no,CONSERVATION_PERMITS_DIRECT,SOURCE_DIFFERS_FROM_CURRENT_RECONCILIATION,,HIGH_CONFIRMED_2PLUS,HANUMBER,10,PROMOTE_CANDIDATE_AFTER_REVIEW,https://dwrapps.utah.gov/huntboundary/HuntTableData?species=Black+Bear&gender=Either+Sex
BR7301,CORE_DRAW_RESULTS_CONTINUING,CLOSED_CORE,yes,Present in 2025 BIBLE and fresh 2026 DWR Hunt Planner table.,LIVE_2026_AND_2025_BIBLE,CONTINUITY,BR,2020|2021|2022|2023|2024|2025,yes,no,yes,yes,OK,LIVE_AND_DATABASE,MATCH,LIVE_DWR_RES_NR_SPLIT,"Book Cliffs, Little Creek Roadless",Black Bear,Either Sex,Multiseason,Limited Entry - Multiseason,5,0,5,5,0,5,no,no,yes,no,CONSERVATION_PERMITS_DIRECT,SOURCE_DIFFERS_FROM_CURRENT_RECONCILIATION,,HIGH_CONFIRMED_2PLUS,HANUMBER,5,PROMOTE_CANDIDATE_AFTER_REVIEW,https://dwrapps.utah.gov/huntboundary/HuntTableData?species=Black+Bear&gender=Either+Sex
BR7303,CORE_DRAW_RESULTS_CONTINUING,CLOSED_CORE,yes,Present in 2025 BIBLE and fresh 2026 DWR Hunt Planner table.,LIVE_2026_AND_2025_BIBLE,CONTINUITY,BR,2020|2021|2022|2023|2024|2025,yes,no,yes,yes,OK,LIVE_AND_DATABASE,MATCH,LIVE_DWR_RES_NR_SPLIT,"Manti, North",Black Bear,Either Sex,Multiseason,Limited Entry - Multiseason,13,1,14,13,1,14,no,no,yes,no,CONSERVATION_PERMITS_DIRECT,SOURCE_DIFFERS_FROM_CURRENT_RECONCILIATION,,HIGH_CONFIRMED_2PLUS,HANUMBER,14,PROMOTE_CANDIDATE_AFTER_REVIEW,https://dwrapps.utah.gov/huntboundary/HuntTableData?species=Black+Bear&gender=Either+Sex
BR7304,CORE_DRAW_RESULTS_CONTINUING,CLOSED_CORE,yes,Present in 2025 BIBLE and fresh 2026 DWR Hunt Planner table.,LIVE_2026_AND_2025_BIBLE,CONTINUITY,BR,2020|2021|2022|2023|2024|2025,yes,no,yes,yes,OK,LIVE_AND_DATABASE,MATCH,LIVE_DWR_RES_NR_SPLIT,"Manti, South/San Rafael, North",Black Bear,Either Sex,Multiseason,Limited Entry - Multiseason,18,2,20,18,2,20,no,no,yes,no,CONSERVATION_PERMITS_DIRECT,SOURCE_DIFFERS_FROM_CURRENT_RECONCILIATION,,HIGH_CONFIRMED_2PLUS,HANUMBER,20,PROMOTE_CANDIDATE_AFTER_REVIEW,https://dwrapps.utah.gov/huntboundary/HuntTableData?species=Black+Bear&gender=Either+Sex
BR7305,CORE_DRAW_RESULTS_CONTINUING,CLOSED_CORE,yes,Present in 2025 BIBLE and fresh 2026 DWR Hunt Planner table.,LIVE_2026_AND_2025_BIBLE,CONTINUITY,BR,2020|2021|2022|2023|2024|2025,yes,no,yes,yes,OK,LIVE_AND_DATABASE,MATCH,LIVE_DWR_RES_NR_SPLIT,Nebo,Black Bear,Either Sex,Multiseason,Limited Entry - Multiseason,5,0,5,5,0,5,no,no,yes,no,CONSERVATION_PERMITS_DIRECT,SOURCE_DIFFERS_FROM_CURRENT_RECONCILIATION,,HIGH_CONFIRMED_2PLUS,HANUMBER,5,PROMOTE_CANDIDATE_AFTER_REVIEW,https://dwrapps.utah.gov/huntboundary/HuntTableData?species=Black+Bear&gender=Either+Sex
BR7307,CORE_DRAW_RESULTS_CONTINUING,CLOSED_CORE,yes,Present in 2025 BIBLE and fresh 2026 DWR Hunt Planner table.,LIVE_2026_AND_2025_BIBLE,CONTINUITY,BR,2020|2021|2022|2023|2024|2025,yes,no,yes,yes,OK,LIVE_AND_DATABASE,LIVE_NO_QUOTA_DATABASE_PRESERVED,LIVE_DWR_NO_QUOTA_PUBLISHED,La Sal,Black Bear,Either Sex,Multiseason,Multiseason - Conservation,,,,,,4,no,no,yes,yes,CONSERVATION_PERMITS_DIRECT,SOURCE_MATCHES_DATABASE,,REVIEW_REQUIRED,NONE_EXTERNAL_DATABASE_REFERENCE_ONLY,,FIND_EXTERNAL_SOURCE_BEFORE_PROMOTION,https://dwrapps.utah.gov/huntboundary/HuntTableData?species=Black+Bear&gender=Either+Sex
BR7308,CORE_DRAW_RESULTS_CONTINUING,CLOSED_CORE,yes,Present in 2025 BIBLE and fresh 2026 DWR Hunt Planner table.,LIVE_2026_AND_2025_BIBLE,CONTINUITY,BR,2020|2021|2022|2023|2024|2025,yes,no,yes,yes,OK,LIVE_AND_DATABASE,MATCH,LIVE_DWR_RES_NR_SPLIT,"North Slope, Three Corners/West Daggett",Black Bear,Either Sex,Multiseason,Limited Entry - Multiseason,1,0,1,1,0,1,no,no,no,no,,,,HIGH_CONFIRMED_2PLUS,HANUMBER,1,PROMOTE_CANDIDATE_AFTER_REVIEW,https://dwrapps.utah.gov/huntboundary/HuntTableData?species=Black+Bear&gender=Either+Sex
BR7309,CORE_DRAW_RESULTS_CONTINUING,CLOSED_CORE,yes,Present in 2025 BIBLE and fresh 2026 DWR Hunt Planner table.,LIVE_2026_AND_2025_BIBLE,CONTINUITY,BR,2020|2021|2022|2023|2024|2025,yes,no,yes,yes,OK,LIVE_AND_DATABASE,MATCH,LIVE_DWR_RES_NR_SPLIT,Panguitch Lake/Zion,Black Bear,Either Sex,Multiseason,Limited Entry - Multiseason,4,0,4,4,0,4,no,no,yes,no,CONSERVATION_PERMITS_DIRECT,SOURCE_DIFFERS_FROM_CURRENT_RECONCILIATION,,HIGH_CONFIRMED_2PLUS,HANUMBER,4,PROMOTE_CANDIDATE_AFTER_REVIEW,https://dwrapps.utah.gov/huntboundary/HuntTableData?species=Black+Bear&gender=Either+Sex
BR7310,CORE_DRAW_RESULTS_CONTINUING,CLOSED_CORE,yes,Present in 2025 BIBLE and fresh 2026 DWR Hunt Planner table.,LIVE_2026_AND_2025_BIBLE,CONTINUITY,BR,2020|2021|2022|2023|2024|2025,yes,no,yes,yes,OK,LIVE_AND_DATABASE,MATCH,LIVE_DWR_RES_NR_SPLIT,Boulder/Kaiparowits,Black Bear,Either Sex,Multiseason,Limited Entry - Multiseason,10,1,11,10,1,11,no,no,yes,no,CONSERVATION_PERMITS_DIRECT,SOURCE_DIFFERS_FROM_CURRENT_RECONCILIATION,,HIGH_CONFIRMED_2PLUS,HANUMBER,11,PROMOTE_CANDIDATE_AFTER_REVIEW,https://dwrapps.utah.gov/huntboundary/HuntTableData?species=Black+Bear&gender=Either+Sex
BR7311,CORE_DRAW_RESULTS_CONTINUING,CLOSED_CORE,yes,Present in 2025 BIBLE and fresh 2026 DWR Hunt Planner table.,LIVE_2026_AND_2025_BIBLE,CONTINUITY,BR,2020|2021|2022|2023|2024|2025,yes,no,yes,yes,OK,LIVE_AND_DATABASE,MATCH,LIVE_DWR_RES_NR_SPLIT,Fishlake/Thousand Lakes,Black Bear,Either Sex,Multiseason,Limited Entry - Multiseason,3,0,3,3,0,3,no,no,yes,no,CONSERVATION_PERMITS_DIRECT,SOURCE_DIFFERS_FROM_CURRENT_RECONCILIATION,,HIGH_CONFIRMED_2PLUS,HANUMBER,3,PROMOTE_CANDIDATE_AFTER_REVIEW,https://dwrapps.utah.gov/huntboundary/HuntTableData?species=Black+Bear&gender=Either+Sex
BR7312,CORE_DRAW_RESULTS_CONTINUING,CLOSED_CORE,yes,Present in 2025 BIBLE and fresh 2026 DWR Hunt Planner table.,LIVE_2026_AND_2025_BIBLE,CONTINUITY,BR,2020|2021|2022|2023|2024|2025,yes,no,yes,yes,OK,LIVE_AND_DATABASE,MATCH,LIVE_DWR_RES_NR_SPLIT,San Juan,Black Bear,Either Sex,Multiseason,Limited Entry - Multiseason,11,1,12,11,1,12,no,no,yes,no,CONSERVATION_PERMITS_DIRECT,SOURCE_DIFFERS_FROM_CURRENT_RECONCILIATION,,HIGH_CONFIRMED_2PLUS,HANUMBER,12,PROMOTE_CANDIDATE_AFTER_REVIEW,https://dwrapps.utah.gov/huntboundary/HuntTableData?species=Black+Bear&gender=Either+Sex
BR7313,CORE_DRAW_RESULTS_CONTINUING,CLOSED_CORE,yes,Present in 2025 BIBLE and fresh 2026 DWR Hunt Planner table.,LIVE_2026_AND_2025_BIBLE,CONTINUITY,BR,2020|2021|2022|2023|2024|2025,yes,no,yes,yes,OK,LIVE_AND_DATABASE,MATCH,LIVE_DWR_RES_NR_SPLIT,Diamond Mtn/Vernal/Bonanza,Black Bear,Either Sex,Multiseason,Limited Entry - Multiseason,5,0,5,5,0,5,no,no,yes,no,CONSERVATION_PERMITS_DIRECT,SOURCE_DIFFERS_FROM_CURRENT_RECONCILIATION,,HIGH_CONFIRMED_2PLUS,HANUMBER,5,PROMOTE_CANDIDATE_AFTER_REVIEW,https://dwrapps.utah.gov/huntboundary/HuntTableData?species=Black+Bear&gender=Either+Sex
BR7314,CORE_DRAW_RESULTS_CONTINUING,CLOSED_CORE,yes,Present in 2025 BIBLE and fresh 2026 DWR Hunt Planner table.,LIVE_2026_AND_2025_BIBLE,CONTINUITY,BR,2020|2021|2022|2023|2024|2025,yes,no,yes,yes,OK,LIVE_AND_DATABASE,MATCH,LIVE_DWR_RES_NR_SPLIT,Yellowstone,Black Bear,Either Sex,Multiseason,Limited Entry - Multiseason,3,0,3,3,0,3,no,no,yes,no,CONSERVATION_PERMITS_DIRECT,SOURCE_DIFFERS_FROM_CURRENT_RECONCILIATION,,HIGH_CONFIRMED_2PLUS,HANUMBER,3,PROMOTE_CANDIDATE_AFTER_REVIEW,https://dwrapps.utah.gov/huntboundary/HuntTableData?species=Black+Bear&gender=Either+Sex
BR7315,CORE_DRAW_RESULTS_CONTINUING,CLOSED_CORE,yes,Present in 2025 BIBLE and fresh 2026 DWR Hunt Planner table.,LIVE_2026_AND_2025_BIBLE,CONTINUITY,BR,2020|2021|2022|2023|2024|2025,yes,no,yes,yes,OK,LIVE_AND_DATABASE,MATCH,LIVE_DWR_RES_NR_SPLIT,"Wasatch Mtns, Avintaquin/Currant Creek",Black Bear,Either Sex,Multiseason,Limited Entry - Multiseason,3,0,3,3,0,3,no,no,yes,no,CONSERVATION_PERMITS_DIRECT,SOURCE_DIFFERS_FROM_CURRENT_RECONCILIATION,,HIGH_CONFIRMED_2PLUS,HANUMBER,3,PROMOTE_CANDIDATE_AFTER_REVIEW,https://dwrapps.utah.gov/huntboundary/HuntTableData?species=Black+Bear&gender=Either+Sex
BR7316,CORE_DRAW_RESULTS_CONTINUING,CLOSED_CORE,yes,Present in 2025 BIBLE and fresh 2026 DWR Hunt Planner table.,LIVE_2026_AND_2025_BIBLE,CONTINUITY,BR,2020|2021|2022|2023|2024|2025,yes,no,yes,yes,OK,LIVE_AND_DATABASE,MATCH,LIVE_DWR_RES_NR_SPLIT,"Wasatch Mtns, West-Central",Black Bear,Either Sex,Multiseason,Limited Entry - Multiseason,14,1,15,14,1,15,no,no,yes,no,CONSERVATION_PERMITS_DIRECT,SOURCE_DIFFERS_FROM_CURRENT_RECONCILIATION,,HIGH_CONFIRMED_2PLUS,HANUMBER,15,PROMOTE_CANDIDATE_AFTER_REVIEW,https://dwrapps.utah.gov/huntboundary/HuntTableData?species=Black+Bear&gender=Either+Sex
BR7317,CORE_DRAW_RESULTS_CONTINUING,CLOSED_CORE,yes,Present in 2025 BIBLE and fresh 2026 DWR Hunt Planner table.,LIVE_2026_AND_2025_BIBLE,CONTINUITY,BR,2020|2021|2022|2023|2024|2025,yes,no,yes,yes,OK,LIVE_AND_DATABASE,MATCH,LIVE_DWR_RES_NR_SPLIT,Nine Mile,Black Bear,Either Sex,Multiseason,Limited Entry - Multiseason,9,1,10,9,1,10,no,no,yes,no,CONSERVATION_PERMITS_DIRECT,SOURCE_DIFFERS_FROM_CURRENT_RECONCILIATION,,HIGH_CONFIRMED_2PLUS,HANUMBER,10,PROMOTE_CANDIDATE_AFTER_REVIEW,https://dwrapps.utah.gov/huntboundary/HuntTableData?species=Black+Bear&gender=Either+Sex
BR7318,CORE_DRAW_RESULTS_CONTINUING,CLOSED_CORE,yes,Present in 2025 BIBLE and fresh 2026 DWR Hunt Planner table.,LIVE_2026_AND_2025_BIBLE,CONTINUITY,BR,2020|2021|2022|2023|2024|2025,yes,no,yes,yes,OK,LIVE_AND_DATABASE,MATCH,LIVE_DWR_RES_NR_SPLIT,Beaver,Black Bear,Either Sex,Multiseason,Limited Entry - Multiseason,1,0,1,1,0,1,no,no,yes,yes,CONSERVATION_PERMITS_DIRECT,SOURCE_TOTAL_MATCHES_RECOMMENDED,,HIGH_CONFIRMED_2PLUS,HANUMBER,1,PROMOTE_CANDIDATE_AFTER_REVIEW,https://dwrapps.utah.gov/huntboundary/HuntTableData?species=Black+Bear&gender=Either+Sex
BR7320,CORE_DRAW_RESULTS_CONTINUING,CLOSED_CORE,yes,Present in 2025 BIBLE and fresh 2026 DWR Hunt Planner table.,LIVE_2026_AND_2025_BIBLE,CONTINUITY,BR,2020|2021|2022|2023|2024|2025,yes,no,yes,yes,OK,LIVE_AND_DATABASE,MATCH,LIVE_DWR_RES_NR_SPLIT,Cache/Ogden,Black Bear,Either Sex,Multiseason,Limited Entry - Multiseason,4,0,4,4,0,4,no,no,no,no,,,,HIGH_CONFIRMED_2PLUS,HANUMBER,4,PROMOTE_CANDIDATE_AFTER_REVIEW,https://dwrapps.utah.gov/huntboundary/HuntTableData?species=Black+Bear&gender=Either+Sex
BR7321,CORE_DRAW_RESULTS_CONTINUING,CLOSED_CORE,yes,Present in 2025 BIBLE and fresh 2026 DWR Hunt Planner table.,LIVE_2026_AND_2025_BIBLE,CONTINUITY,BR,2020|2021|2022|2023|2024|2025,yes,no,yes,yes,OK,LIVE_AND_DATABASE,MATCH,LIVE_DWR_RES_NR_SPLIT,"Kamas/North Slope, Summit",Black Bear,Either Sex,Multiseason,Limited Entry - Multiseason,5,0,5,5,0,5,no,no,yes,no,CONSERVATION_PERMITS_DIRECT,SOURCE_DIFFERS_FROM_CURRENT_RECONCILIATION,,HIGH_CONFIRMED_2PLUS,HANUMBER,5,PROMOTE_CANDIDATE_AFTER_REVIEW,https://dwrapps.utah.gov/huntboundary/HuntTableData?species=Black+Bear&gender=Either+Sex
BR7322,CORE_DRAW_RESULTS_CONTINUING,CLOSED_CORE,yes,Present in 2025 BIBLE and fresh 2026 DWR Hunt Planner table.,LIVE_2026_AND_2025_BIBLE,CONTINUITY,BR,2022|2023|2024|2025,yes,no,yes,yes,OK,LIVE_AND_DATABASE,MATCH,LIVE_DWR_RES_NR_SPLIT,Mt Dutton,Black Bear,Either Sex,Multiseason,Limited Entry - Multiseason,1,0,1,1,0,1,no,no,no,no,,,,HIGH_CONFIRMED_2PLUS,HANUMBER,1,PROMOTE_CANDIDATE_AFTER_REVIEW,https://dwrapps.utah.gov/huntboundary/HuntTableData?species=Black+Bear&gender=Either+Sex
BR7323,CORE_DRAW_RESULTS_CONTINUING,CLOSED_CORE,yes,Present in 2025 BIBLE and fresh 2026 DWR Hunt Planner table.,LIVE_2026_AND_2025_BIBLE,CONTINUITY,BR,2022|2023|2024|2025,yes,no,yes,yes,OK,LIVE_AND_DATABASE,MATCH,LIVE_DWR_RES_NR_SPLIT,Paunsaugunt,Black Bear,Either Sex,Multiseason,Limited Entry - Multiseason,1,0,1,1,0,1,no,no,yes,yes,CONSERVATION_PERMITS_DIRECT,SOURCE_TOTAL_MATCHES_RECOMMENDED,,HIGH_CONFIRMED_2PLUS,HANUMBER,1,PROMOTE_CANDIDATE_AFTER_REVIEW,https://dwrapps.utah.gov/huntboundary/HuntTableData?species=Black+Bear&gender=Either+Sex
BR7324,SEPARATE_CONSERVATION_LAYER,CLOSED_SEPARATE_LAYER,no,"Conservation permit family; use separate conservation layer, not core-count inflation.",LIVE_2026_NOT_IN_2025_BIBLE,CONSERVATION_CURRENT_PLANNER,BR,,no,no,yes,yes,OK,LIVE_AND_DATABASE,LIVE_NO_QUOTA_DATABASE_PRESERVED,LIVE_DWR_NO_QUOTA_PUBLISHED,Chalk Creek/East Canyon/Morgan-South Rich,Black Bear,Either Sex,Multiseason,Conservation,,,,,,1,no,no,yes,yes,CONSERVATION_PERMITS_DIRECT,SOURCE_MATCHES_DATABASE,,REVIEW_REQUIRED,NONE_EXTERNAL_DATABASE_REFERENCE_ONLY,,FIND_EXTERNAL_SOURCE_BEFORE_PROMOTION,https://dwrapps.utah.gov/huntboundary/HuntTableData?species=Black+Bear&gender=Either+Sex
BR7325,CORE_DRAW_RESULTS_CONTINUING,CLOSED_CORE,yes,Present in 2025 BIBLE and fresh 2026 DWR Hunt Planner table.,LIVE_2026_AND_2025_BIBLE,CONTINUITY,BR,2025,yes,no,yes,yes,OK,LIVE_AND_DATABASE,MATCH,LIVE_DWR_RES_NR_SPLIT,Chalk Creek/East Canyon/Morgan-South Rich,Black Bear,Either Sex,Multiseason,Limited Entry - Multiseason,1,0,1,1,0,1,no,no,no,no,,,,HIGH_CONFIRMED_2PLUS,HANUMBER,1,PROMOTE_CANDIDATE_AFTER_REVIEW,https://dwrapps.utah.gov/huntboundary/HuntTableData?species=Black+Bear&gender=Either+Sex
BR7326,CURRENT_PLANNER_EXTRA_WITH_MULTI_SOURCE_PERMIT_SUPPORT,REVIEW,maybe,"Not in 2025 BIBLE, but current permit evidence is multi-source/total-confirmed.",LIVE_2026_NOT_IN_2025_BIBLE,OTHER_CURRENT_PLANNER_NOT_IN_2025_BIBLE,BR,,no,no,yes,yes,OK,LIVE_AND_DATABASE,MATCH,LIVE_DWR_RES_NR_SPLIT,La Sal Mtns,Black Bear,Either Sex,Multiseason,Limited Entry - Multiseason,13,1,14,13,1,14,no,no,no,no,,,,HIGH_CONFIRMED_2PLUS,HANUMBER,14,PROMOTE_CANDIDATE_AFTER_REVIEW,https://dwrapps.utah.gov/huntboundary/HuntTableData?species=Black+Bear&gender=Either+Sex
CG1000,COUGAR_HISTORICAL_SPORTSMAN_ENDED,CLOSED_HISTORICAL,no,Historical sportsman cougar code; user-reviewed 2026 rule is current cougar rolls into statewide CG9999 unlimited.,BIBLE_HISTORICAL_ONLY,HISTORICAL_LIBRARY,CG,2020|2021|2022,no,no,no,no,,,,,,,,,,,,,,,,no,no,no,no,,,,,,,,
CG1029,HISTORICAL_LIBRARY_ONLY,CLOSED_HISTORICAL,no,Historical BIBLE-library code not part of current 2026 live table.,BIBLE_HISTORICAL_ONLY,HISTORICAL_LIBRARY,CG,2020|2021|2022,no,no,no,no,,,,,,,,,,,,,,,,no,no,no,no,,,,,,,,
CG1030,HISTORICAL_LIBRARY_ONLY,CLOSED_HISTORICAL,no,Historical BIBLE-library code not part of current 2026 live table.,BIBLE_HISTORICAL_ONLY,HISTORICAL_LIBRARY,CG,2020,no,no,no,no,,,,,,,,,,,,,,,,no,no,no,no,,,,,,,,
CG1034,HISTORICAL_LIBRARY_ONLY,CLOSED_HISTORICAL,no,Historical BIBLE-library code not part of current 2026 live table.,BIBLE_HISTORICAL_ONLY,HISTORICAL_LIBRARY,CG,2020|2021|2022,no,no,no,no,,,,,,,,,,,,,,,,no,no,no,no,,,,,,,,
CG7502,HISTORICAL_LIBRARY_ONLY,CLOSED_HISTORICAL,no,Historical BIBLE-library code not part of current 2026 live table.,BIBLE_HISTORICAL_ONLY,HISTORICAL_LIBRARY,CG,2020|2021|2022,no,no,no,no,,,,,,,,,,,,,,,,no,no,no,no,,,,,,,,
CG7503,HISTORICAL_LIBRARY_ONLY,CLOSED_HISTORICAL,no,Historical BIBLE-library code not part of current 2026 live table.,BIBLE_HISTORICAL_ONLY,HISTORICAL_LIBRARY,CG,2020|2021,no,no,no,no,,,,,,,,,,,,,,,,no,no,no,no,,,,,,,,
CG7506,HISTORICAL_LIBRARY_ONLY,CLOSED_HISTORICAL,no,Historical BIBLE-library code not part of current 2026 live table.,BIBLE_HISTORICAL_ONLY,HISTORICAL_LIBRARY,CG,2020|2021|2022,no,no,no,no,,,,,,,,,,,,,,,,no,no,no,no,,,,,,,,
CG7602,HISTORICAL_LIBRARY_ONLY,CLOSED_HISTORICAL,no,Historical BIBLE-library code not part of current 2026 live table.,BIBLE_HISTORICAL_ONLY,HISTORICAL_LIBRARY,CG,2020|2021|2022,no,no,no,no,,,,,,,,,,,,,,,,no,no,no,no,,,,,,,,
CG7603,HISTORICAL_LIBRARY_ONLY,CLOSED_HISTORICAL,no,Historical BIBLE-library code not part of current 2026 live table.,BIBLE_HISTORICAL_ONLY,HISTORICAL_LIBRARY,CG,2020|2021|2022,no,no,no,no,,,,,,,,,,,,,,,,no,no,no,no,,,,,,,,
CG7605,HISTORICAL_LIBRARY_ONLY,CLOSED_HISTORICAL,no,Historical BIBLE-library code not part of current 2026 live table.,BIBLE_HISTORICAL_ONLY,HISTORICAL_LIBRARY,CG,2020|2021|2022,no,no,no,no,,,,,,,,,,,,,,,,no,no,no,no,,,,,,,,
CG7610,HISTORICAL_LIBRARY_ONLY,CLOSED_HISTORICAL,no,Historical BIBLE-library code not part of current 2026 live table.,BIBLE_HISTORICAL_ONLY,HISTORICAL_LIBRARY,CG,2020|2021|2022,no,no,no,no,,,,,,,,,,,,,,,,no,no,no,no,,,,,,,,
CG7612,HISTORICAL_LIBRARY_ONLY,CLOSED_HISTORICAL,no,Historical BIBLE-library code not part of current 2026 live table.,BIBLE_HISTORICAL_ONLY,HISTORICAL_LIBRARY,CG,2020|2021|2022,no,no,no,no,,,,,,,,,,,,,,,,no,no,no,no,,,,,,,,
CG7613,HISTORICAL_LIBRARY_ONLY,CLOSED_HISTORICAL,no,Historical BIBLE-library code not part of current 2026 live table.,BIBLE_HISTORICAL_ONLY,HISTORICAL_LIBRARY,CG,2020,no,no,no,no,,,,,,,,,,,,,,,,no,no,no,no,,,,,,,,
CG7615,HISTORICAL_LIBRARY_ONLY,CLOSED_HISTORICAL,no,Historical BIBLE-library code not part of current 2026 live table.,BIBLE_HISTORICAL_ONLY,HISTORICAL_LIBRARY,CG,2020,no,no,no,no,,,,,,,,,,,,,,,,no,no,no,no,,,,,,,,
CG7619,HISTORICAL_LIBRARY_ONLY,CLOSED_HISTORICAL,no,Historical BIBLE-library code not part of current 2026 live table.,BIBLE_HISTORICAL_ONLY,HISTORICAL_LIBRARY,CG,2020,no,no,no,no,,,,,,,,,,,,,,,,no,no,no,no,,,,,,,,
CG9999,COUGAR_CURRENT_STATEWIDE_UNLIMITED_LAYER,CLOSED_SEPARATE_LAYER,no,Current statewide cougar code; DWR publishes unlimited permits rather than a numbered quota.,LIVE_2026_NOT_IN_2025_BIBLE,STATEWIDE_OR_UNLIMITED_CURRENT_PLANNER,CG,2021,no,no,yes,yes,OK,LIVE_AND_DATABASE,BOTH_BLANK,LIVE_DWR_NO_QUOTA_PUBLISHED,Cougar - Statewide,Cougar,Either Sex,Any Legal Weapon,Statewide,,,,,,,no,no,no,no,,,,NO_PERMIT_VALUE,NONE,,NO_CURRENT_PERMIT_VALUE_FOUND,https://dwrapps.utah.gov/huntboundary/HuntTableData?species=Cougar&gender=Either+Sex
DA1000,HISTORICAL_LIBRARY_ONLY,CLOSED_HISTORICAL,no,Historical BIBLE-library code not part of current 2026 live table.,BIBLE_HISTORICAL_ONLY,HISTORICAL_LIBRARY,DA,2020|2021,no,no,no,no,,,,,,,,,,,,,,,,no,no,no,no,,,,,,,,
DA1001,CORE_DRAW_RESULTS_CONTINUING,CLOSED_CORE,yes,Present in 2025 BIBLE and fresh 2026 DWR Hunt Planner table.,LIVE_2026_AND_2025_BIBLE,CONTINUITY,DA,2020|2021|2022|2023|2024|2025,yes,no,yes,yes,OK,LIVE_AND_DATABASE,MATCH,LIVE_DWR_TOTAL_ONLY,"Box Elder, West Bear River",Deer,Antlerless,"Archery, Muzzleloader, Shotgun",General Season,,,30,,,30,yes,yes,no,no,DEER_DOE_DIRECT,SOURCE_MATCHES_RECOMMENDED,30,HIGH_CONFIRMED_2PLUS,HANUMBER,30,PROMOTE_CANDIDATE_AFTER_REVIEW,https://dwrapps.utah.gov/huntboundary/HuntTableData?species=Deer&gender=Antlerless
DA1002,CORE_DRAW_RESULTS_CONTINUING,CLOSED_CORE,yes,Present in 2025 BIBLE and fresh 2026 DWR Hunt Planner table.,LIVE_2026_AND_2025_BIBLE,CONTINUITY,DA,2020|2021|2022|2023|2024|2025,yes,no,yes,yes,OK,LIVE_AND_DATABASE,MATCH,LIVE_DWR_TOTAL_ONLY,"Box Elder, West Bear River",Deer,Antlerless,"Archery, Muzzleloader, Shotgun",General Season,,,30,,,30,yes,yes,no,no,DEER_DOE_DIRECT,SOURCE_MATCHES_RECOMMENDED,30,HIGH_CONFIRMED_2PLUS,HANUMBER,30,PROMOTE_CANDIDATE_AFTER_REVIEW,https://dwrapps.utah.gov/huntboundary/HuntTableData?species=Deer&gender=Antlerless
DA1003,CORE_DRAW_RESULTS_CONTINUING,CLOSED_CORE,yes,Present in 2025 BIBLE and fresh 2026 DWR Hunt Planner table.,LIVE_2026_AND_2025_BIBLE,CONTINUITY,DA,2020|2021|2022|2023|2024|2025,yes,no,yes,yes,OK,LIVE_AND_DATABASE,MATCH,LIVE_DWR_TOTAL_ONLY,"Monroe/Plateau, Sevier Valley",Deer,Antlerless,"Archery, Muzzleloader, Shotgun",General Season,,,15,,,15,yes,yes,no,no,DEER_DOE_DIRECT,SOURCE_MATCHES_RECOMMENDED,15,HIGH_CONFIRMED_2PLUS,HANUMBER,15,PROMOTE_CANDIDATE_AFTER_REVIEW,https://dwrapps.utah.gov/huntboundary/HuntTableData?species=Deer&gender=Antlerless
DA1004,HISTORICAL_LIBRARY_ONLY,CLOSED_HISTORICAL,no,Historical BIBLE-library code not part of current 2026 live table.,BIBLE_HISTORICAL_ONLY,HISTORICAL_LIBRARY,DA,2020|2021,no,no,no,no,,,,,,,,,,,,,,,,no,no,no,no,,,,,,,,
DA1005,HISTORICAL_LIBRARY_ONLY,CLOSED_HISTORICAL,no,Historical BIBLE-library code not part of current 2026 live table.,BIBLE_HISTORICAL_ONLY,HISTORICAL_LIBRARY,DA,2020,no,no,no,no,,,,,,,,,,,,,,,,no,no,no,no,,,,,,,,
DA1007,HISTORICAL_LIBRARY_ONLY,CLOSED_HISTORICAL,no,Historical BIBLE-library code not part of current 2026 live table.,BIBLE_HISTORICAL_ONLY,HISTORICAL_LIBRARY,DA,2020|2021,no,no,no,no,,,,,,,,,,,,,,,,no,no,no,no,,,,,,,,
DA1009,CORE_DRAW_RESULTS_CONTINUING,CLOSED_CORE,yes,Present in 2025 BIBLE and fresh 2026 DWR Hunt Planner table.,LIVE_2026_AND_2025_BIBLE,CONTINUITY,DA,2020|2021|2022|2023|2024|2025,yes,no,yes,yes,OK,LIVE_AND_DATABASE,NUMERIC_MISMATCH,LIVE_DWR_TOTAL_ONLY,"Pine Valley, Enterprise",Deer,Antlerless,Any Legal Weapon,General Season,,,20,,,25,yes,yes,no,no,DEER_DOE_DIRECT,SOURCE_MATCHES_DATABASE,25,HIGH_CONFIRMED_2PLUS,HANUMBER,20,PROMOTE_CANDIDATE_AFTER_REVIEW,https://dwrapps.utah.gov/huntboundary/HuntTableData?species=Deer&gender=Antlerless
DA1011,CORE_DRAW_RESULTS_CONTINUING,CLOSED_CORE,yes,Present in 2025 BIBLE and fresh 2026 DWR Hunt Planner table.,LIVE_2026_AND_2025_BIBLE,CONTINUITY,DA,2020|2021|2022|2023|2024|2025,yes,no,yes,yes,OK,LIVE_AND_DATABASE,TOTAL_MATCH_SPLIT_DIFFERS,LIVE_DWR_CWMU_TOTAL_ONLY_FROM_QUOTA_RES,George Creek CWMU,Deer,Antlerless,Any Legal Weapon,CWMU,,,5,5,0,5,yes,yes,no,no,DEER_DOE_DIRECT,SOURCE_TOTAL_MATCHES_RECOMMENDED,5,HIGH_CONFIRMED_2PLUS,HANUMBER,5,PROMOTE_CANDIDATE_AFTER_REVIEW,https://dwrapps.utah.gov/huntboundary/HuntTableData?species=Deer&gender=Antlerless
DA1012,CORE_DRAW_RESULTS_CONTINUING,CLOSED_CORE,yes,Present in 2025 BIBLE and fresh 2026 DWR Hunt Planner table.,LIVE_2026_AND_2025_BIBLE,CONTINUITY,DA,2020|2021|2022|2023|2024|2025,yes,no,yes,yes,OK,LIVE_AND_DATABASE,TOTAL_MATCH_SPLIT_DIFFERS,LIVE_DWR_CWMU_TOTAL_ONLY_FROM_QUOTA_RES,Junction Valley CWMU,Deer,Antlerless,Any Legal Weapon,CWMU,,,15,15,0,15,yes,yes,no,no,DEER_DOE_DIRECT,SOURCE_TOTAL_MATCHES_RECOMMENDED,15,HIGH_CONFIRMED_2PLUS,HANUMBER,15,PROMOTE_CANDIDATE_AFTER_REVIEW,https://dwrapps.utah.gov/huntboundary/HuntTableData?species=Deer&gender=Antlerless
DA1013,CORE_DRAW_RESULTS_CONTINUING,CLOSED_CORE,yes,Present in 2025 BIBLE and fresh 2026 DWR Hunt Planner table.,LIVE_2026_AND_2025_BIBLE,CONTINUITY,DA,2020|2021|2022|2023|2024|2025,yes,no,yes,yes,OK,LIVE_AND_DATABASE,TOTAL_MATCH_SPLIT_DIFFERS,LIVE_DWR_CWMU_TOTAL_ONLY_FROM_QUOTA_RES,Mt Carmel CWMU,Deer,Antlerless,Any Legal Weapon,CWMU,,,5,5,0,5,yes,yes,no,no,DEER_DOE_DIRECT,SOURCE_TOTAL_MATCHES_RECOMMENDED,5,HIGH_CONFIRMED_2PLUS,HANUMBER,5,PROMOTE_CANDIDATE_AFTER_REVIEW,https://dwrapps.utah.gov/huntboundary/HuntTableData?species=Deer&gender=Antlerless
DA1017,HISTORICAL_LIBRARY_ONLY,CLOSED_HISTORICAL,no,Historical BIBLE-library code not part of current 2026 live table.,BIBLE_HISTORICAL_ONLY,HISTORICAL_LIBRARY,DA,2020|2021,no,no,no,no,,,,,,,,,,,,,,,,no,no,no,no,,,,,,,,
DA1018,CORE_DRAW_RESULTS_CONTINUING,CLOSED_CORE,yes,Present in 2025 BIBLE and fresh 2026 DWR Hunt Planner table.,LIVE_2026_AND_2025_BIBLE,CONTINUITY,DA,2020|2021|2022|2023|2024|2025,yes,no,yes,yes,OK,LIVE_AND_DATABASE,NUMERIC_MISMATCH,LIVE_DWR_TOTAL_ONLY,"Pine Valley, New Harmony",Deer,Antlerless,"Archery, Muzzleloader, Shotgun",General Season,,,15,,,20,yes,yes,no,no,DEER_DOE_DIRECT,SOURCE_MATCHES_DATABASE,20,HIGH_CONFIRMED_2PLUS,HANUMBER,15,PROMOTE_CANDIDATE_AFTER_REVIEW,https://dwrapps.utah.gov/huntboundary/HuntTableData?species=Deer&gender=Antlerless
DA1019,HISTORICAL_LIBRARY_ONLY,CLOSED_HISTORICAL,no,Historical BIBLE-library code not part of current 2026 live table.,BIBLE_HISTORICAL_ONLY,HISTORICAL_LIBRARY,DA,2020,no,no,no,no,,,,,,,,,,,,,,,,no,no,no,no,,,,,,,,
DA1026,HISTORICAL_LIBRARY_ONLY,CLOSED_HISTORICAL,no,Historical BIBLE-library code not part of current 2026 live table.,BIBLE_HISTORICAL_ONLY,HISTORICAL_LIBRARY,DA,2020|2021|2022,no,no,no,no,,,,,,,,,,,,,,,,no,no,no,no,,,,,,,,
DA1027,CORE_DRAW_RESULTS_CONTINUING,CLOSED_CORE,yes,Present in 2025 BIBLE and fresh 2026 DWR Hunt Planner table.,LIVE_2026_AND_2025_BIBLE,CONTINUITY,DA,2020|2021|2022|2023|2024|2025,yes,no,yes,yes,OK,LIVE_AND_DATABASE,MATCH,LIVE_DWR_TOTAL_ONLY,"East Canyon, Davis-North Salt Lake",Deer,Antlerless,Any Legal Weapon,General Season,,,30,,,30,yes,yes,no,no,DEER_DOE_DIRECT,SOURCE_MATCHES_RECOMMENDED,30,HIGH_CONFIRMED_2PLUS,HANUMBER,30,PROMOTE_CANDIDATE_AFTER_REVIEW,https://dwrapps.utah.gov/huntboundary/HuntTableData?species=Deer&gender=Antlerless
DA1028,HISTORICAL_LIBRARY_ONLY,CLOSED_HISTORICAL,no,Historical BIBLE-library code not part of current 2026 live table.,BIBLE_HISTORICAL_ONLY,HISTORICAL_LIBRARY,DA,2020|2021|2022,no,no,no,no,,,,,,,,,,,,,,,,no,no,no,no,,,,,,,,
DA1029,HISTORICAL_LIBRARY_ONLY,CLOSED_HISTORICAL,no,Historical BIBLE-library code not part of current 2026 live table.,BIBLE_HISTORICAL_ONLY,HISTORICAL_LIBRARY,DA,2020|2021,no,no,no,no,,,,,,,,,,,,,,,,no,no,no,no,,,,,,,,
DA1030,CORE_DRAW_RESULTS_CONTINUING,CLOSED_CORE,yes,Present in 2025 BIBLE and fresh 2026 DWR Hunt Planner table.,LIVE_2026_AND_2025_BIBLE,CONTINUITY,DA,2020|2021|2022|2023|2024|2025,yes,no,yes,yes,OK,LIVE_AND_DATABASE,MATCH,LIVE_DWR_TOTAL_ONLY,"Nine Mile, Price River Valley",Deer,Antlerless,Archery,General Season,,,25,,,25,yes,yes,no,no,DEER_DOE_DIRECT,SOURCE_MATCHES_RECOMMENDED,25,HIGH_CONFIRMED_2PLUS,HANUMBER,25,PROMOTE_CANDIDATE_AFTER_REVIEW,https://dwrapps.utah.gov/huntboundary/HuntTableData?species=Deer&gender=Antlerless
DA1031,CORE_DRAW_RESULTS_CONTINUING,CLOSED_CORE,yes,Present in 2025 BIBLE and fresh 2026 DWR Hunt Planner table.,LIVE_2026_AND_2025_BIBLE,CONTINUITY,DA,2020|2021|2022|2023|2024|2025,yes,no,yes,yes,OK,LIVE_AND_DATABASE,MATCH,LIVE_DWR_TOTAL_ONLY,"Oquirrh-Stansbury, Settlement Cyn",Deer,Antlerless,Archery,General Season,,,20,,,20,yes,yes,no,no,DEER_DOE_DIRECT,SOURCE_MATCHES_RECOMMENDED,20,HIGH_CONFIRMED_2PLUS,HANUMBER,20,PROMOTE_CANDIDATE_AFTER_REVIEW,https://dwrapps.utah.gov/huntboundary/HuntTableData?species=Deer&gender=Antlerless
DA1033,CORE_DRAW_RESULTS_CONTINUING,CLOSED_CORE,yes,Present in 2025 BIBLE and fresh 2026 DWR Hunt Planner table.,LIVE_2026_AND_2025_BIBLE,CONTINUITY,DA,2020|2021|2022|2023|2024|2025,yes,no,yes,yes,OK,LIVE_AND_DATABASE,NUMERIC_MISMATCH,LIVE_DWR_TOTAL_ONLY,"San Juan, Monticello",Deer,Antlerless,Archery,General Season,,,10,,,5,yes,yes,no,no,DEER_DOE_DIRECT,SOURCE_MATCHES_DATABASE,5,HIGH_CONFIRMED_2PLUS,HANUMBER,10,PROMOTE_CANDIDATE_AFTER_REVIEW,https://dwrapps.utah.gov/huntboundary/HuntTableData?species=Deer&gender=Antlerless
DA1036,HISTORICAL_LIBRARY_ONLY,CLOSED_HISTORICAL,no,Historical BIBLE-library code not part of current 2026 live table.,BIBLE_HISTORICAL_ONLY,HISTORICAL_LIBRARY,DA,2020,no,no,no,no,,,,,,,,,,,,,,,,no,no,no,no,,,,,,,,
DA1039,HISTORICAL_LIBRARY_ONLY,CLOSED_HISTORICAL,no,Historical BIBLE-library code not part of current 2026 live table.,BIBLE_HISTORICAL_ONLY,HISTORICAL_LIBRARY,DA,2020|2021|2022,no,no,no,no,,,,,,,,,,,,,,,,no,no,no,no,,,,,,,,
DA1040,HISTORICAL_LIBRARY_ONLY,CLOSED_HISTORICAL,no,Historical BIBLE-library code not part of current 2026 live table.,BIBLE_HISTORICAL_ONLY,HISTORICAL_LIBRARY,DA,2020|2021|2022,no,no,no,no,,,,,,,,,,,,,,,,no,no,no,no,,,,,,,,
DA1041,CORE_DRAW_RESULTS_CONTINUING,CLOSED_CORE,yes,Present in 2025 BIBLE and fresh 2026 DWR Hunt Planner table.,LIVE_2026_AND_2025_BIBLE,CONTINUITY,DA,2020|2021|2022|2023|2024|2025,yes,no,yes,yes,OK,LIVE_AND_DATABASE,MATCH,LIVE_DWR_TOTAL_ONLY,"Nine Mile, Green River Valley",Deer,Antlerless,Any Legal Weapon,General Season,,,15,,,15,yes,yes,no,no,DEER_DOE_DIRECT,SOURCE_MATCHES_RECOMMENDED,15,HIGH_CONFIRMED_2PLUS,HANUMBER,15,PROMOTE_CANDIDATE_AFTER_REVIEW,https://dwrapps.utah.gov/huntboundary/HuntTableData?species=Deer&gender=Antlerless
DA1042,CORE_DRAW_RESULTS_CONTINUING,CLOSED_CORE,yes,Present in 2025 BIBLE and fresh 2026 DWR Hunt Planner table.,LIVE_2026_AND_2025_BIBLE,CONTINUITY,DA,2020|2021|2022|2023|2024|2025,yes,no,yes,yes,OK,LIVE_AND_DATABASE,MATCH,LIVE_DWR_TOTAL_ONLY,"San Juan, Monticello",Deer,Antlerless,Archery,General Season,,,5,,,5,yes,yes,no,no,DEER_DOE_DIRECT,SOURCE_MATCHES_RECOMMENDED,5,HIGH_CONFIRMED_2PLUS,HANUMBER,5,PROMOTE_CANDIDATE_AFTER_REVIEW,https://dwrapps.utah.gov/huntboundary/HuntTableData?species=Deer&gender=Antlerless
DA1043,HISTORICAL_LIBRARY_ONLY,CLOSED_HISTORICAL,no,Historical BIBLE-library code not part of current 2026 live table.,BIBLE_HISTORICAL_ONLY,HISTORICAL_LIBRARY,DA,2020|2021|2022,no,no,no,no,,,,,,,,,,,,,,,,no,no,no,no,,,,,,,,
DA1044,DATABASE_REFERENCE_NOT_LIVE_TABLE,REVIEW,no,Database row is not exposed by the fresh DWR live table; do not count as active core without source review.,DATABASE_NOT_IN_LIVE_TABLE,DATABASE_REFERENCE_OR_ARCHIVE_REVIEW,DA,2020|2021|2022|2023|2024,no,no,no,yes,OK,DATABASE_ONLY,DATABASE_ONLY,,Myton,Deer,Antlerless,Any Legal Weapon,General Season,,,,,,50,no,no,no,no,,,,MEDIUM_SINGLE_SOURCE,HANUMBER,50,PROMOTE_CANDIDATE_AFTER_REVIEW,
DA1045,CORE_DRAW_RESULTS_CONTINUING,CLOSED_CORE,yes,Present in 2025 BIBLE and fresh 2026 DWR Hunt Planner table.,LIVE_2026_AND_2025_BIBLE,CONTINUITY,DA,2021|2022|2023|2024|2025,yes,no,yes,yes,OK,LIVE_AND_DATABASE,MATCH,LIVE_DWR_TOTAL_ONLY,"Fillmore, Oak City",Deer,Antlerless,Archery,General Season,,,20,,,20,yes,yes,no,no,DEER_DOE_DIRECT,SOURCE_MATCHES_RECOMMENDED,20,HIGH_CONFIRMED_2PLUS,HANUMBER,20,PROMOTE_CANDIDATE_AFTER_REVIEW,https://dwrapps.utah.gov/huntboundary/HuntTableData?species=Deer&gender=Antlerless
DA1046,CORE_DRAW_RESULTS_CONTINUING,CLOSED_CORE,yes,Present in 2025 BIBLE and fresh 2026 DWR Hunt Planner table.,LIVE_2026_AND_2025_BIBLE,CONTINUITY,DA,2021|2022|2023|2024|2025,yes,no,yes,yes,OK,LIVE_AND_DATABASE,MATCH,LIVE_DWR_TOTAL_ONLY,"Nine Mile, Price River Valley",Deer,Antlerless,"Archery, Muzzleloader, Shotgun",General Season,,,25,,,25,yes,yes,no,no,DEER_DOE_DIRECT,SOURCE_MATCHES_RECOMMENDED,25,HIGH_CONFIRMED_2PLUS,HANUMBER,25,PROMOTE_CANDIDATE_AFTER_REVIEW,https://dwrapps.utah.gov/huntboundary/HuntTableData?species=Deer&gender=Antlerless
DA1047,CORE_DRAW_RESULTS_CONTINUING,CLOSED_CORE,yes,Present in 2025 BIBLE and fresh 2026 DWR Hunt Planner table.,LIVE_2026_AND_2025_BIBLE,CONTINUITY,DA,2022|2023|2024|2025,yes,no,yes,yes,OK,LIVE_AND_DATABASE,MATCH,LIVE_DWR_TOTAL_ONLY,Vernal-Ouray Valley,Deer,Antlerless,Any Legal Weapon,General Season,,,25,,,25,yes,yes,no,no,DEER_DOE_DIRECT,SOURCE_MATCHES_RECOMMENDED,25,HIGH_CONFIRMED_2PLUS,HANUMBER,25,PROMOTE_CANDIDATE_AFTER_REVIEW,https://dwrapps.utah.gov/huntboundary/HuntTableData?species=Deer&gender=Antlerless
DA1048,CORE_DRAW_RESULTS_CONTINUING,CLOSED_CORE,yes,Present in 2025 BIBLE and fresh 2026 DWR Hunt Planner table.,LIVE_2026_AND_2025_BIBLE,CONTINUITY,DA,2023|2024|2025,yes,no,yes,yes,OK,LIVE_AND_DATABASE,MATCH,LIVE_DWR_TOTAL_ONLY,Fillmore City,Deer,Antlerless,Archery,General Season,,,15,,,15,yes,yes,no,no,DEER_DOE_DIRECT,SOURCE_MATCHES_RECOMMENDED,15,HIGH_CONFIRMED_2PLUS,HANUMBER,15,PROMOTE_CANDIDATE_AFTER_REVIEW,https://dwrapps.utah.gov/huntboundary/HuntTableData?species=Deer&gender=Antlerless
DA1049,CORE_DRAW_RESULTS_CONTINUING,CLOSED_CORE,yes,Present in 2025 BIBLE and fresh 2026 DWR Hunt Planner table.,LIVE_2026_AND_2025_BIBLE,CONTINUITY,DA,2023|2024|2025,yes,no,yes,yes,OK,LIVE_AND_DATABASE,MATCH,LIVE_DWR_TOTAL_ONLY,"Vernal, Ashley Valley",Deer,Antlerless,Archery,General Season,,,35,,,35,yes,yes,no,no,DEER_DOE_DIRECT,SOURCE_MATCHES_RECOMMENDED,35,HIGH_CONFIRMED_2PLUS,HANUMBER,35,PROMOTE_CANDIDATE_AFTER_REVIEW,https://dwrapps.utah.gov/huntboundary/HuntTableData?species=Deer&gender=Antlerless
DA1050,CORE_DRAW_RESULTS_CONTINUING,CLOSED_CORE,yes,Present in 2025 BIBLE and fresh 2026 DWR Hunt Planner table.,LIVE_2026_AND_2025_BIBLE,CONTINUITY,DA,2024|2025,yes,no,yes,yes,OK,LIVE_AND_DATABASE,TOTAL_MATCH_SPLIT_DIFFERS,LIVE_DWR_CWMU_TOTAL_ONLY_FROM_QUOTA_RES,The Rose of Snowville CWMU,Deer,Antlerless,Any Legal Weapon,CWMU,,,8,8,0,8,yes,yes,no,no,DEER_DOE_DIRECT,SOURCE_TOTAL_MATCHES_RECOMMENDED,8,HIGH_CONFIRMED_2PLUS,HANUMBER,8,PROMOTE_CANDIDATE_AFTER_REVIEW,https://dwrapps.utah.gov/huntboundary/HuntTableData?species=Deer&gender=Antlerless
DA1051,CURRENT_PLANNER_EXTRA_REVIEW,REVIEW,maybe,Fresh DWR current planner row not in 2025 BIBLE; unresolved source-family status.,LIVE_2026_NOT_IN_2025_BIBLE,OTHER_CURRENT_PLANNER_NOT_IN_2025_BIBLE,DA,,no,no,yes,no,,LIVE_ONLY,LIVE_ONLY,LIVE_DWR_TOTAL_ONLY,Beaver City,Deer,Antlerless,Archery,General-Season,,,10,,,,no,no,no,no,,,,MEDIUM_SINGLE_SOURCE,HUNTTABLE,10,PROMOTE_CANDIDATE_AFTER_REVIEW,https://dwrapps.utah.gov/huntboundary/HuntTableData?species=Deer&gender=Antlerless
DB0001,SEPARATE_TRIBAL_LAYER,CLOSED_SEPARATE_LAYER,no,Tribal current planner family; keep separate from core draw-results universe.,LIVE_2026_NOT_IN_2025_BIBLE,TRIBAL_CURRENT_PLANNER,DB,,no,no,yes,yes,OK,LIVE_AND_DATABASE,BOTH_BLANK,LIVE_DWR_NO_QUOTA_PUBLISHED,Southeastern Navajo Buck Deer,Deer,Buck,Any Legal Weapon,Tribal,,,,,,,no,no,no,no,DEER_BUCK_DB_DIRECT,SOURCE_NO_PERMIT_VALUE,,NO_PERMIT_VALUE,NONE,,NO_CURRENT_PERMIT_VALUE_FOUND,https://dwrapps.utah.gov/huntboundary/HuntTableData?species=Deer&gender=Buck
DB0002,SEPARATE_TRIBAL_LAYER,CLOSED_SEPARATE_LAYER,no,Tribal current planner family; keep separate from core draw-results universe.,LIVE_2026_NOT_IN_2025_BIBLE,TRIBAL_CURRENT_PLANNER,DB,,no,no,yes,yes,OK,LIVE_AND_DATABASE,BOTH_BLANK,LIVE_DWR_NO_QUOTA_PUBLISHED,Southeastern Navajo Buck Deer,Deer,Buck,Archery,Tribal,,,,,,,no,no,no,no,DEER_BUCK_DB_DIRECT,SOURCE_NO_PERMIT_VALUE,,NO_PERMIT_VALUE,NONE,,NO_CURRENT_PERMIT_VALUE_FOUND,https://dwrapps.utah.gov/huntboundary/HuntTableData?species=Deer&gender=Buck
DB0003,SEPARATE_TRIBAL_LAYER,CLOSED_SEPARATE_LAYER,no,Tribal current planner family; keep separate from core draw-results universe.,LIVE_2026_NOT_IN_2025_BIBLE,TRIBAL_CURRENT_PLANNER,DB,,no,no,yes,yes,OK,LIVE_AND_DATABASE,BOTH_BLANK,LIVE_DWR_NO_QUOTA_PUBLISHED,Southeastern Navajo Buck Deer,Deer,Buck,Muzzleloader,Tribal,,,,,,,no,no,no,no,DEER_BUCK_DB_DIRECT,SOURCE_NO_PERMIT_VALUE,,NO_PERMIT_VALUE,NONE,,NO_CURRENT_PERMIT_VALUE_FOUND,https://dwrapps.utah.gov/huntboundary/HuntTableData?species=Deer&gender=Buck
DB0004,SEPARATE_TRIBAL_LAYER,CLOSED_SEPARATE_LAYER,no,Tribal current planner family; keep separate from core draw-results universe.,LIVE_2026_NOT_IN_2025_BIBLE,TRIBAL_CURRENT_PLANNER,DB,,no,no,yes,yes,OK,LIVE_AND_DATABASE,BOTH_BLANK,LIVE_DWR_NO_QUOTA_PUBLISHED,Southern Navajo Buck Deer,Deer,Buck,Any Legal Weapon,Tribal,,,,,,,no,no,no,no,DEER_BUCK_DB_DIRECT,SOURCE_NO_PERMIT_VALUE,,NO_PERMIT_VALUE,NONE,,NO_CURRENT_PERMIT_VALUE_FOUND,https://dwrapps.utah.gov/huntboundary/HuntTableData?species=Deer&gender=Buck
DB0005,SEPARATE_TRIBAL_LAYER,CLOSED_SEPARATE_LAYER,no,Tribal current planner family; keep separate from core draw-results universe.,LIVE_2026_NOT_IN_2025_BIBLE,TRIBAL_CURRENT_PLANNER,DB,,no,no,yes,yes,OK,LIVE_AND_DATABASE,BOTH_BLANK,LIVE_DWR_NO_QUOTA_PUBLISHED,Southern Navajo Buck Deer,Deer,Buck,Archery,Tribal,,,,,,,no,no,no,no,DEER_BUCK_DB_DIRECT,SOURCE_NO_PERMIT_VALUE,,NO_PERMIT_VALUE,NONE,,NO_CURRENT_PERMIT_VALUE_FOUND,https://dwrapps.utah.gov/huntboundary/HuntTableData?species=Deer&gender=Buck
DB0006,SEPARATE_TRIBAL_LAYER,CLOSED_SEPARATE_LAYER,no,Tribal current planner family; keep separate from core draw-results universe.,LIVE_2026_NOT_IN_2025_BIBLE,TRIBAL_CURRENT_PLANNER,DB,,no,no,yes,yes,OK,LIVE_AND_DATABASE,BOTH_BLANK,LIVE_DWR_NO_QUOTA_PUBLISHED,Southern Navajo Buck Deer,Deer,Buck,Muzzleloader,Tribal,,,,,,,no,no,no,no,DEER_BUCK_DB_DIRECT,SOURCE_NO_PERMIT_VALUE,,NO_PERMIT_VALUE,NONE,,NO_CURRENT_PERMIT_VALUE_FOUND,https://dwrapps.utah.gov/huntboundary/HuntTableData?species=Deer&gender=Buck
DB0007,SPORTSMAN_CONTINUITY_LAYER_REVIEW,REVIEW,maybe,"Sportsman codes are known continuing active permit hunts, but this row was not in 2025 BIBLE extraction.",LIVE_2026_NOT_IN_2025_BIBLE,SPORTSMAN_CURRENT_PLANNER,DB,2020|2021|2022|2023|2024,no,no,yes,yes,OK,LIVE_AND_DATABASE,LIVE_NO_QUOTA_DATABASE_PRESERVED,LIVE_DWR_NO_QUOTA_PUBLISHED,Buck Deer - Statewide Permit,Deer,Buck,Any Legal Weapon,Statewide,,,,,,1,yes,yes,no,no,DEER_BUCK_DB_DIRECT,SOURCE_MATCHES_RECOMMENDED,1,MEDIUM_SINGLE_SOURCE,UTAHDRAWS,1,PROMOTE_CANDIDATE_AFTER_REVIEW,https://dwrapps.utah.gov/huntboundary/HuntTableData?species=Deer&gender=Buck
DB0008,CORE_DRAW_RESULTS_CONTINUING,CLOSED_CORE,yes,Present in 2025 BIBLE and fresh 2026 DWR Hunt Planner table.,LIVE_2026_AND_2025_BIBLE,CONTINUITY,DB,2025,yes,no,yes,yes,OK,LIVE_AND_DATABASE,MATCH,LIVE_DWR_TOTAL_ONLY,Extended Archery Deer,Deer,Hunters Choice,Archery,Extended Archery,,,2000,,,2000,no,no,no,no,,,,REVIEW_SOURCE_CONFLICT,HANUMBER,2000,REVIEW_BEFORE_PROMOTION,https://dwrapps.utah.gov/huntboundary/HuntTableData?species=Deer&gender=Hunters+Choice
DB0009,SEPARATE_CONSERVATION_LAYER,REVIEW,no,"Conservation permit family; use separate conservation layer, not core-count inflation.",LIVE_2026_NOT_IN_2025_BIBLE,CONSERVATION_CURRENT_PLANNER,DB,,no,no,yes,yes,OK,LIVE_AND_DATABASE,BOTH_BLANK,LIVE_DWR_NO_QUOTA_PUBLISHED,Antelope Island - Conservation/Expo,Deer,Buck,Any Legal Weapon,Premium Limited Entry,,,,,,,no,no,no,no,DEER_BUCK_DB_DIRECT,SOURCE_NO_PERMIT_VALUE,,NO_PERMIT_VALUE,NONE,,NO_CURRENT_PERMIT_VALUE_FOUND,https://dwrapps.utah.gov/huntboundary/HuntTableData?species=Deer&gender=Buck
DB0010,SEPARATE_TRIBAL_LAYER,CLOSED_SEPARATE_LAYER,no,Tribal current planner family; keep separate from core draw-results universe.,LIVE_2026_NOT_IN_2025_BIBLE,TRIBAL_CURRENT_PLANNER,DB,,no,no,yes,yes,OK,LIVE_AND_DATABASE,BOTH_BLANK,LIVE_DWR_NO_QUOTA_PUBLISHED,Southern Paiute Buck Deer (early),Deer,Buck,Any Legal Weapon,Tribal,,,,,,,no,no,no,no,DEER_BUCK_DB_DIRECT,SOURCE_NO_PERMIT_VALUE,,NO_PERMIT_VALUE,NONE,,NO_CURRENT_PERMIT_VALUE_FOUND,https://dwrapps.utah.gov/huntboundary/HuntTableData?species=Deer&gender=Buck
DB0011,SEPARATE_TRIBAL_LAYER,CLOSED_SEPARATE_LAYER,no,Tribal current planner family; keep separate from core draw-results universe.,LIVE_2026_NOT_IN_2025_BIBLE,TRIBAL_CURRENT_PLANNER,DB,,no,no,yes,yes,OK,LIVE_AND_DATABASE,BOTH_BLANK,LIVE_DWR_NO_QUOTA_PUBLISHED,Southern Paiute Buck Deer,Deer,Buck,Archery,Tribal,,,,,,,no,no,no,no,DEER_BUCK_DB_DIRECT,SOURCE_NO_PERMIT_VALUE,,NO_PERMIT_VALUE,NONE,,NO_CURRENT_PERMIT_VALUE_FOUND,https://dwrapps.utah.gov/huntboundary/HuntTableData?species=Deer&gender=Buck
DB0012,SEPARATE_TRIBAL_LAYER,CLOSED_SEPARATE_LAYER,no,Tribal current planner family; keep separate from core draw-results universe.,LIVE_2026_NOT_IN_2025_BIBLE,TRIBAL_CURRENT_PLANNER,DB,,no,no,yes,yes,OK,LIVE_AND_DATABASE,BOTH_BLANK,LIVE_DWR_NO_QUOTA_PUBLISHED,Southern Paiute Buck Deer,Deer,Buck,Muzzleloader,Tribal,,,,,,,no,no,no,no,DEER_BUCK_DB_DIRECT,SOURCE_NO_PERMIT_VALUE,,NO_PERMIT_VALUE,NONE,,NO_CURRENT_PERMIT_VALUE_FOUND,https://dwrapps.utah.gov/huntboundary/HuntTableData?species=Deer&gender=Buck
DB0013,SEPARATE_TRIBAL_LAYER,CLOSED_SEPARATE_LAYER,no,Tribal current planner family; keep separate from core draw-results universe.,LIVE_2026_NOT_IN_2025_BIBLE,TRIBAL_CURRENT_PLANNER,DB,,no,no,yes,yes,OK,LIVE_AND_DATABASE,BOTH_BLANK,LIVE_DWR_NO_QUOTA_PUBLISHED,Southern Paiute Buck Deer (late),Deer,Buck,Any Legal Weapon,Tribal,,,,,,,no,no,no,no,DEER_BUCK_DB_DIRECT,SOURCE_NO_PERMIT_VALUE,,NO_PERMIT_VALUE,NONE,,NO_CURRENT_PERMIT_VALUE_FOUND,https://dwrapps.utah.gov/huntboundary/HuntTableData?species=Deer&gender=Buck
DB1000,CORE_DRAW_RESULTS_CONTINUING,CLOSED_CORE,yes,Present in 2025 BIBLE and fresh 2026 DWR Hunt Planner table.,LIVE_2026_AND_2025_BIBLE,CONTINUITY,DB,2020|2021|2022|2023|2024|2025,yes,no,yes,yes,OK,LIVE_AND_DATABASE,MATCH,LIVE_DWR_RES_NR_SPLIT,Henry Mtns,Deer,Buck,Archery,Premium Limited Entry,8,1,9,8,1,9,yes,yes,no,no,DEER_BUCK_DB_DIRECT,SOURCE_MATCHES_RECOMMENDED,9,HIGH_CONFIRMED_2PLUS,HANUMBER,9,PROMOTE_CANDIDATE_AFTER_REVIEW,https://dwrapps.utah.gov/huntboundary/HuntTableData?species=Deer&gender=Buck
DB1001,CORE_DRAW_RESULTS_CONTINUING,CLOSED_CORE,yes,Present in 2025 BIBLE and fresh 2026 DWR Hunt Planner table.,LIVE_2026_AND_2025_BIBLE,CONTINUITY,DB,2020|2021|2022|2023|2024|2025,yes,no,yes,yes,OK,LIVE_AND_DATABASE,MATCH,LIVE_DWR_RES_NR_SPLIT,Paunsaugunt,Deer,Buck,Archery,Premium Limited Entry,26,3,29,26,3,29,yes,yes,yes,no,CONSERVATION_PERMITS_DIRECT|DEER_BUCK_DB_DIRECT,SOURCE_DIFFERS_FROM_CURRENT_RECONCILIATION|SOURCE_MATCHES_RECOMMENDED,29,REVIEW_SOURCE_CONFLICT,HANUMBER,29,REVIEW_BEFORE_PROMOTION,https://dwrapps.utah.gov/huntboundary/HuntTableData?species=Deer&gender=Buck
DB1002,CORE_DRAW_RESULTS_CONTINUING,CLOSED_CORE,yes,Present in 2025 BIBLE and fresh 2026 DWR Hunt Planner table.,LIVE_2026_AND_2025_BIBLE,CONTINUITY,DB,2020|2021|2022|2023|2024|2025,yes,no,yes,yes,OK,LIVE_AND_DATABASE,MATCH,LIVE_DWR_RES_NR_SPLIT,Antelope Island,Deer,Buck,Any Legal Weapon,Premium Limited Entry,1,0,1,1,0,1,yes,yes,no,no,DEER_BUCK_DB_DIRECT,SOURCE_TOTAL_MATCHES_RECOMMENDED,1,HIGH_CONFIRMED_2PLUS,HANUMBER,1,PROMOTE_CANDIDATE_AFTER_REVIEW,https://dwrapps.utah.gov/huntboundary/HuntTableData?species=Deer&gender=Buck
DB1003,CORE_DRAW_RESULTS_CONTINUING,CLOSED_CORE,yes,Present in 2025 BIBLE and fresh 2026 DWR Hunt Planner table.,LIVE_2026_AND_2025_BIBLE,CONTINUITY,DB,2020|2021|2022|2023|2024|2025,yes,no,yes,yes,OK,LIVE_AND_DATABASE,MATCH,LIVE_DWR_RES_NR_SPLIT,Henry Mtns,Deer,Buck,Any Legal Weapon,Premium Limited Entry,24,3,27,24,3,27,yes,yes,yes,no,CONSERVATION_PERMITS_DIRECT|DEER_BUCK_DB_DIRECT,SOURCE_DIFFERS_FROM_CURRENT_RECONCILIATION|SOURCE_MATCHES_RECOMMENDED,27,REVIEW_SOURCE_CONFLICT,HANUMBER,27,REVIEW_BEFORE_PROMOTION,https://dwrapps.utah.gov/huntboundary/HuntTableData?species=Deer&gender=Buck
DB1004,CORE_DRAW_RESULTS_CONTINUING,CLOSED_CORE,yes,Present in 2025 BIBLE and fresh 2026 DWR Hunt Planner table.,LIVE_2026_AND_2025_BIBLE,CONTINUITY,DB,2020|2021|2022|2023|2024|2025,yes,no,yes,yes,OK,LIVE_AND_DATABASE,MATCH,LIVE_DWR_RES_NR_SPLIT,Paunsaugunt,Deer,Buck,Any Legal Weapon,Premium Limited Entry,75,8,83,75,8,83,yes,yes,no,no,DEER_BUCK_DB_DIRECT,SOURCE_MATCHES_RECOMMENDED,83,REVIEW_SOURCE_CONFLICT,HANUMBER,83,REVIEW_BEFORE_PROMOTION,https://dwrapps.utah.gov/huntboundary/HuntTableData?species=Deer&gender=Buck
DB1005,CORE_DRAW_RESULTS_CONTINUING,CLOSED_CORE,yes,Present in 2025 BIBLE and fresh 2026 DWR Hunt Planner table.,LIVE_2026_AND_2025_BIBLE,CONTINUITY,DB,2020|2021|2022|2023|2024|2025,yes,no,yes,yes,OK,LIVE_AND_DATABASE,MATCH,LIVE_DWR_RES_NR_SPLIT,Henry Mtns,Deer,Buck,Muzzleloader,Premium Limited Entry,8,1,9,8,1,9,yes,yes,no,no,DEER_BUCK_DB_DIRECT,SOURCE_MATCHES_RECOMMENDED,9,HIGH_CONFIRMED_2PLUS,HANUMBER,9,PROMOTE_CANDIDATE_AFTER_REVIEW,https://dwrapps.utah.gov/huntboundary/HuntTableData?species=Deer&gender=Buck
DB1006,CORE_DRAW_RESULTS_CONTINUING,CLOSED_CORE,yes,Present in 2025 BIBLE and fresh 2026 DWR Hunt Planner table.,LIVE_2026_AND_2025_BIBLE,CONTINUITY,DB,2020|2021|2022|2023|2024|2025,yes,no,yes,yes,OK,LIVE_AND_DATABASE,MATCH,LIVE_DWR_RES_NR_SPLIT,Paunsaugunt,Deer,Buck,Muzzleloader,Premium Limited Entry,26,3,29,26,3,29,yes,yes,no,no,DEER_BUCK_DB_DIRECT,SOURCE_MATCHES_RECOMMENDED,29,REVIEW_SOURCE_CONFLICT,HANUMBER,29,REVIEW_BEFORE_PROMOTION,https://dwrapps.utah.gov/huntboundary/HuntTableData?species=Deer&gender=Buck
DB1007,CORE_DRAW_RESULTS_CONTINUING,CLOSED_CORE,yes,Present in 2025 BIBLE and fresh 2026 DWR Hunt Planner table.,LIVE_2026_AND_2025_BIBLE,CONTINUITY,DB,2020|2021|2022|2023|2024|2025,yes,no,yes,yes,OK,LIVE_AND_DATABASE,MATCH,LIVE_DWR_RES_NR_SPLIT,Henry Mtns,Deer,Buck,Multiseason,Premium Limited Entry,1,0,1,1,0,1,yes,yes,yes,yes,CONSERVATION_PERMITS_DIRECT|DEER_BUCK_DB_DIRECT,SOURCE_TOTAL_MATCHES_RECOMMENDED,1,HIGH_CONFIRMED_2PLUS,HANUMBER,1,PROMOTE_CANDIDATE_AFTER_REVIEW,https://dwrapps.utah.gov/huntboundary/HuntTableData?species=Deer&gender=Buck
DB1008,CORE_DRAW_RESULTS_CONTINUING,CLOSED_CORE,yes,Present in 2025 BIBLE and fresh 2026 DWR Hunt Planner table.,LIVE_2026_AND_2025_BIBLE,CONTINUITY,DB,2020|2021|2022|2023|2024|2025,yes,no,yes,yes,OK,LIVE_AND_DATABASE,MATCH,LIVE_DWR_RES_NR_SPLIT,Paunsaugunt,Deer,Buck,Multiseason,Premium Limited Entry,3,1,4,3,1,4,yes,yes,yes,no,CONSERVATION_PERMITS_DIRECT|DEER_BUCK_DB_DIRECT,SOURCE_DIFFERS_FROM_CURRENT_RECONCILIATION|SOURCE_MATCHES_RECOMMENDED,4,HIGH_CONFIRMED_2PLUS,HANUMBER,4,PROMOTE_CANDIDATE_AFTER_REVIEW,https://dwrapps.utah.gov/huntboundary/HuntTableData?species=Deer&gender=Buck
DB1009,CORE_DRAW_RESULTS_CONTINUING,CLOSED_CORE,yes,Present in 2025 BIBLE and fresh 2026 DWR Hunt Planner table.,LIVE_2026_AND_2025_BIBLE,CONTINUITY,DB,2020|2025,yes,no,yes,yes,OK,LIVE_AND_DATABASE,MATCH,LIVE_DWR_RES_NR_SPLIT,Henry Mtns (Management Buck Deer),Deer,Buck,Any Legal Weapon,Management Buck Deer,10,1,11,10,1,11,yes,yes,no,no,DEER_BUCK_DB_DIRECT,SOURCE_MATCHES_RECOMMENDED,11,HIGH_CONFIRMED_2PLUS,HANUMBER,11,PROMOTE_CANDIDATE_AFTER_REVIEW,https://dwrapps.utah.gov/huntboundary/HuntTableData?species=Deer&gender=Buck
DB1010,CORE_DRAW_RESULTS_CONTINUING,CLOSED_CORE,yes,Present in 2025 BIBLE and fresh 2026 DWR Hunt Planner table.,LIVE_2026_AND_2025_BIBLE,CONTINUITY,DB,2020|2021|2022|2023|2024|2025,yes,no,yes,yes,OK,LIVE_AND_DATABASE,MATCH,LIVE_DWR_RES_NR_SPLIT,Paunsaugunt,Deer,Buck,Any Legal Weapon,Management Buck Deer,30,3,33,30,3,33,yes,yes,no,no,DEER_BUCK_DB_DIRECT,SOURCE_MATCHES_RECOMMENDED,33,REVIEW_SOURCE_CONFLICT,HANUMBER,33,REVIEW_BEFORE_PROMOTION,https://dwrapps.utah.gov/huntboundary/HuntTableData?species=Deer&gender=Buck
DB1011,CORE_DRAW_RESULTS_CONTINUING,CLOSED_CORE,yes,Present in 2025 BIBLE and fresh 2026 DWR Hunt Planner table.,LIVE_2026_AND_2025_BIBLE,CONTINUITY,DB,2020|2021|2022|2023|2024|2025,yes,no,yes,yes,OK,LIVE_AND_DATABASE,MATCH,LIVE_DWR_RES_NR_SPLIT,Book Cliffs,Deer,Buck,Archery,Limited Entry,55,6,61,55,6,61,yes,yes,no,no,DEER_BUCK_DB_DIRECT,SOURCE_MATCHES_RECOMMENDED,61,REVIEW_SOURCE_CONFLICT,HANUMBER,61,REVIEW_BEFORE_PROMOTION,https://dwrapps.utah.gov/huntboundary/HuntTableData?species=Deer&gender=Buck
DB1012,CORE_DRAW_RESULTS_CONTINUING,CLOSED_CORE,yes,Present in 2025 BIBLE and fresh 2026 DWR Hunt Planner table.,LIVE_2026_AND_2025_BIBLE,CONTINUITY,DB,2020|2021|2022|2023|2024|2025,yes,no,yes,yes,OK,LIVE_AND_DATABASE,MATCH,LIVE_DWR_RES_NR_SPLIT,"Fillmore, Oak Creek LE",Deer,Buck,Archery,Limited Entry,12,1,13,12,1,13,yes,yes,no,no,DEER_BUCK_DB_DIRECT,SOURCE_MATCHES_RECOMMENDED,13,HIGH_CONFIRMED_2PLUS,HANUMBER,13,PROMOTE_CANDIDATE_AFTER_REVIEW,https://dwrapps.utah.gov/huntboundary/HuntTableData?species=Deer&gender=Buck
DB1013,CORE_DRAW_RESULTS_CONTINUING,CLOSED_CORE,yes,Present in 2025 BIBLE and fresh 2026 DWR Hunt Planner table.,LIVE_2026_AND_2025_BIBLE,CONTINUITY,DB,2020|2021|2022|2023|2024|2025,yes,no,yes,yes,OK,LIVE_AND_DATABASE,MATCH,LIVE_DWR_RES_NR_SPLIT,Dolores Triangle,Deer,Buck,Archery,Limited Entry,5,0,5,5,0,5,yes,yes,no,no,DEER_BUCK_DB_DIRECT,SOURCE_TOTAL_MATCHES_RECOMMENDED,5,HIGH_CONFIRMED_2PLUS,HANUMBER,5,PROMOTE_CANDIDATE_AFTER_REVIEW,https://dwrapps.utah.gov/huntboundary/HuntTableData?species=Deer&gender=Buck
DB1014,CORE_DRAW_RESULTS_CONTINUING,CLOSED_CORE,yes,Present in 2025 BIBLE and fresh 2026 DWR Hunt Planner table.,LIVE_2026_AND_2025_BIBLE,CONTINUITY,DB,2020|2021|2022|2023|2024|2025,yes,no,yes,yes,OK,LIVE_AND_DATABASE,MATCH,LIVE_DWR_RES_NR_SPLIT,"San Juan, Elk Ridge",Deer,Buck,Archery,Limited Entry,15,2,17,15,2,17,yes,yes,yes,no,CONSERVATION_PERMITS_DIRECT|DEER_BUCK_DB_DIRECT,SOURCE_DIFFERS_FROM_CURRENT_RECONCILIATION|SOURCE_MATCHES_RECOMMENDED,17,HIGH_CONFIRMED_2PLUS,HANUMBER,17,PROMOTE_CANDIDATE_AFTER_REVIEW,https://dwrapps.utah.gov/huntboundary/HuntTableData?species=Deer&gender=Buck
DB1015,CORE_DRAW_RESULTS_CONTINUING,CLOSED_CORE,yes,Present in 2025 BIBLE and fresh 2026 DWR Hunt Planner table.,LIVE_2026_AND_2025_BIBLE,CONTINUITY,DB,2020|2021|2022|2023|2024|2025,yes,no,yes,yes,OK,LIVE_AND_DATABASE,MATCH,LIVE_DWR_RES_NR_SPLIT,Diamond Mtn,Deer,Buck,Archery,Limited Entry,22,2,24,22,2,24,yes,yes,yes,no,CONSERVATION_PERMITS_DIRECT|DEER_BUCK_DB_DIRECT,SOURCE_DIFFERS_FROM_CURRENT_RECONCILIATION|SOURCE_MATCHES_RECOMMENDED,24,REVIEW_SOURCE_CONFLICT,HANUMBER,24,REVIEW_BEFORE_PROMOTION,https://dwrapps.utah.gov/huntboundary/HuntTableData?species=Deer&gender=Buck
DB1016,CORE_DRAW_RESULTS_CONTINUING,CLOSED_CORE,yes,Present in 2025 BIBLE and fresh 2026 DWR Hunt Planner table.,LIVE_2026_AND_2025_BIBLE,CONTINUITY,DB,2020|2021|2022|2023|2024|2025,yes,no,yes,yes,OK,LIVE_AND_DATABASE,MATCH,LIVE_DWR_RES_NR_SPLIT,"West Desert, Vernon",Deer,Buck,Archery,Limited Entry,46,5,51,46,5,51,yes,yes,yes,no,CONSERVATION_PERMITS_DIRECT|DEER_BUCK_DB_DIRECT,SOURCE_DIFFERS_FROM_CURRENT_RECONCILIATION|SOURCE_MATCHES_RECOMMENDED,51,REVIEW_SOURCE_CONFLICT,HANUMBER,51,REVIEW_BEFORE_PROMOTION,https://dwrapps.utah.gov/huntboundary/HuntTableData?species=Deer&gender=Buck
DB1017,CORE_DRAW_RESULTS_CONTINUING,CLOSED_CORE,yes,Present in 2025 BIBLE and fresh 2026 DWR Hunt Planner table.,LIVE_2026_AND_2025_BIBLE,CONTINUITY,DB,2020|2021|2022|2023|2024|2025,yes,no,yes,yes,OK,LIVE_AND_DATABASE,MATCH,LIVE_DWR_RES_NR_SPLIT,"Book Cliffs, North",Deer,Buck,Any Legal Weapon,Limited Entry,137,15,152,137,15,152,yes,yes,no,no,DEER_BUCK_DB_DIRECT,SOURCE_MATCHES_RECOMMENDED,152,REVIEW_SOURCE_CONFLICT,HANUMBER,152,REVIEW_BEFORE_PROMOTION,https://dwrapps.utah.gov/huntboundary/HuntTableData?species=Deer&gender=Buck
DB1018,CORE_DRAW_RESULTS_CONTINUING,CLOSED_CORE,yes,Present in 2025 BIBLE and fresh 2026 DWR Hunt Planner table.,LIVE_2026_AND_2025_BIBLE,CONTINUITY,DB,2020|2021|2022|2023|2024|2025,yes,no,yes,yes,OK,LIVE_AND_DATABASE,MATCH,LIVE_DWR_RES_NR_SPLIT,"Book Cliffs, South",Deer,Buck,Any Legal Weapon,Limited Entry,34,4,38,34,4,38,yes,yes,no,no,DEER_BUCK_DB_DIRECT,SOURCE_MATCHES_RECOMMENDED,38,REVIEW_SOURCE_CONFLICT,HANUMBER,38,REVIEW_BEFORE_PROMOTION,https://dwrapps.utah.gov/huntboundary/HuntTableData?species=Deer&gender=Buck
DB1019,CORE_DRAW_RESULTS_CONTINUING,CLOSED_CORE,yes,Present in 2025 BIBLE and fresh 2026 DWR Hunt Planner table.,LIVE_2026_AND_2025_BIBLE,CONTINUITY,DB,2020|2021|2022|2023|2024|2025,yes,no,yes,yes,OK,LIVE_AND_DATABASE,MATCH,LIVE_DWR_RES_NR_SPLIT,"Fillmore, Oak Creek LE",Deer,Buck,Any Legal Weapon,Limited Entry,33,4,37,33,4,37,yes,yes,yes,no,CONSERVATION_PERMITS_DIRECT|DEER_BUCK_DB_DIRECT,SOURCE_DIFFERS_FROM_CURRENT_RECONCILIATION|SOURCE_MATCHES_RECOMMENDED,37,REVIEW_SOURCE_CONFLICT,HANUMBER,37,REVIEW_BEFORE_PROMOTION,https://dwrapps.utah.gov/huntboundary/HuntTableData?species=Deer&gender=Buck
DB1020,CORE_DRAW_RESULTS_CONTINUING,CLOSED_CORE,yes,Present in 2025 BIBLE and fresh 2026 DWR Hunt Planner table.,LIVE_2026_AND_2025_BIBLE,CONTINUITY,DB,2020|2021|2022|2023|2024|2025,yes,no,yes,yes,OK,LIVE_AND_DATABASE,MATCH,LIVE_DWR_RES_NR_SPLIT,Dolores Triangle,Deer,Buck,Any Legal Weapon,Limited Entry,13,2,15,13,2,15,yes,yes,no,no,DEER_BUCK_DB_DIRECT,SOURCE_MATCHES_RECOMMENDED,15,HIGH_CONFIRMED_2PLUS,HANUMBER,15,PROMOTE_CANDIDATE_AFTER_REVIEW,https://dwrapps.utah.gov/huntboundary/HuntTableData?species=Deer&gender=Buck
DB1021,HISTORICAL_LIBRARY_ONLY,CLOSED_HISTORICAL,no,Historical BIBLE-library code not part of current 2026 live table.,BIBLE_HISTORICAL_ONLY,HISTORICAL_LIBRARY,DB,2020,no,no,no,no,,,,,,,,,,,,,,,,no,no,no,no,,,,,,,,
DB1022,CORE_DRAW_RESULTS_CONTINUING,CLOSED_CORE,yes,Present in 2025 BIBLE and fresh 2026 DWR Hunt Planner table.,LIVE_2026_AND_2025_BIBLE,CONTINUITY,DB,2020|2021|2022|2023|2024|2025,yes,no,yes,yes,OK,LIVE_AND_DATABASE,MATCH,LIVE_DWR_RES_NR_SPLIT,"San Juan, Elk Ridge",Deer,Buck,Any Legal Weapon,Limited Entry,42,5,47,42,5,47,yes,yes,yes,no,CONSERVATION_PERMITS_DIRECT|DEER_BUCK_DB_DIRECT,SOURCE_DIFFERS_FROM_CURRENT_RECONCILIATION|SOURCE_MATCHES_RECOMMENDED,47,REVIEW_SOURCE_CONFLICT,HANUMBER,47,REVIEW_BEFORE_PROMOTION,https://dwrapps.utah.gov/huntboundary/HuntTableData?species=Deer&gender=Buck
DB1023,CORE_DRAW_RESULTS_CONTINUING,CLOSED_CORE,yes,Present in 2025 BIBLE and fresh 2026 DWR Hunt Planner table.,LIVE_2026_AND_2025_BIBLE,CONTINUITY,DB,2020|2021|2022|2023|2024|2025,yes,no,yes,yes,OK,LIVE_AND_DATABASE,MATCH,LIVE_DWR_RES_NR_SPLIT,Diamond Mtn,Deer,Buck,Any Legal Weapon,Limited Entry,61,7,68,61,7,68,yes,yes,yes,no,CONSERVATION_PERMITS_DIRECT|DEER_BUCK_DB_DIRECT,SOURCE_DIFFERS_FROM_CURRENT_RECONCILIATION|SOURCE_MATCHES_RECOMMENDED,68,REVIEW_SOURCE_CONFLICT,HANUMBER,68,REVIEW_BEFORE_PROMOTION,https://dwrapps.utah.gov/huntboundary/HuntTableData?species=Deer&gender=Buck
DB1024,CORE_DRAW_RESULTS_CONTINUING,CLOSED_CORE,yes,Present in 2025 BIBLE and fresh 2026 DWR Hunt Planner table.,LIVE_2026_AND_2025_BIBLE,CONTINUITY,DB,2020|2021|2022|2023|2024|2025,yes,no,yes,yes,OK,LIVE_AND_DATABASE,MATCH,LIVE_DWR_RES_NR_SPLIT,"West Desert, Vernon",Deer,Buck,Any Legal Weapon,Limited Entry,130,14,144,130,14,144,yes,yes,yes,no,CONSERVATION_PERMITS_DIRECT|DEER_BUCK_DB_DIRECT,SOURCE_DIFFERS_FROM_CURRENT_RECONCILIATION|SOURCE_MATCHES_RECOMMENDED,144,REVIEW_SOURCE_CONFLICT,HANUMBER,144,REVIEW_BEFORE_PROMOTION,https://dwrapps.utah.gov/huntboundary/HuntTableData?species=Deer&gender=Buck
DB1025,CORE_DRAW_RESULTS_CONTINUING,CLOSED_CORE,yes,Present in 2025 BIBLE and fresh 2026 DWR Hunt Planner table.,LIVE_2026_AND_2025_BIBLE,CONTINUITY,DB,2020|2021|2022|2023|2024|2025,yes,no,yes,yes,OK,LIVE_AND_DATABASE,MATCH,LIVE_DWR_RES_NR_SPLIT,Book Cliffs,Deer,Buck,Muzzleloader,Limited Entry,55,6,61,55,6,61,yes,yes,no,no,DEER_BUCK_DB_DIRECT,SOURCE_MATCHES_RECOMMENDED,61,REVIEW_SOURCE_CONFLICT,HANUMBER,61,REVIEW_BEFORE_PROMOTION,https://dwrapps.utah.gov/huntboundary/HuntTableData?species=Deer&gender=Buck
DB1026,CORE_DRAW_RESULTS_CONTINUING,CLOSED_CORE,yes,Present in 2025 BIBLE and fresh 2026 DWR Hunt Planner table.,LIVE_2026_AND_2025_BIBLE,CONTINUITY,DB,2020|2021|2022|2023|2024|2025,yes,no,yes,yes,OK,LIVE_AND_DATABASE,MATCH,LIVE_DWR_RES_NR_SPLIT,"Cache, Crawford Mtn",Deer,Buck,Muzzleloader,Limited Entry,8,1,9,8,1,9,yes,yes,no,no,DEER_BUCK_DB_DIRECT,SOURCE_MATCHES_RECOMMENDED,9,REVIEW_SOURCE_CONFLICT,HANUMBER,9,REVIEW_BEFORE_PROMOTION,https://dwrapps.utah.gov/huntboundary/HuntTableData?species=Deer&gender=Buck
DB1027,HISTORICAL_LIBRARY_ONLY,CLOSED_HISTORICAL,no,Historical BIBLE-library code not part of current 2026 live table.,BIBLE_HISTORICAL_ONLY,HISTORICAL_LIBRARY,DB,2020|2021|2022,no,no,no,no,,,,,,,,,,,,,,,,no,no,no,no,,,,,,,,
DB1028,CORE_DRAW_RESULTS_CONTINUING,CLOSED_CORE,yes,Present in 2025 BIBLE and fresh 2026 DWR Hunt Planner table.,LIVE_2026_AND_2025_BIBLE,CONTINUITY,DB,2020|2021|2022|2023|2024|2025,yes,no,yes,yes,OK,LIVE_AND_DATABASE,MATCH,LIVE_DWR_RES_NR_SPLIT,Fillmore,Deer,Buck,Muzzleloader,Limited Entry,11,1,12,11,1,12,yes,yes,no,no,DEER_BUCK_DB_DIRECT,SOURCE_MATCHES_RECOMMENDED,12,HIGH_CONFIRMED_2PLUS,HANUMBER,12,PROMOTE_CANDIDATE_AFTER_REVIEW,https://dwrapps.utah.gov/huntboundary/HuntTableData?species=Deer&gender=Buck
DB1029,CORE_DRAW_RESULTS_CONTINUING,CLOSED_CORE,yes,Present in 2025 BIBLE and fresh 2026 DWR Hunt Planner table.,LIVE_2026_AND_2025_BIBLE,CONTINUITY,DB,2020|2021|2022|2023|2024|2025,yes,no,yes,yes,OK,LIVE_AND_DATABASE,MATCH,LIVE_DWR_RES_NR_SPLIT,"Fillmore, Oak Creek LE",Deer,Buck,Muzzleloader,Limited Entry,12,1,13,12,1,13,yes,yes,no,no,DEER_BUCK_DB_DIRECT,SOURCE_MATCHES_RECOMMENDED,13,HIGH_CONFIRMED_2PLUS,HANUMBER,13,PROMOTE_CANDIDATE_AFTER_REVIEW,https://dwrapps.utah.gov/huntboundary/HuntTableData?species=Deer&gender=Buck
DB1030,CORE_DRAW_RESULTS_CONTINUING,CLOSED_CORE,yes,Present in 2025 BIBLE and fresh 2026 DWR Hunt Planner table.,LIVE_2026_AND_2025_BIBLE,CONTINUITY,DB,2020|2021|2022|2023|2024|2025,yes,no,yes,yes,OK,LIVE_AND_DATABASE,MATCH,LIVE_DWR_RES_NR_SPLIT,Kamas,Deer,Buck,Muzzleloader,Limited Entry,4,1,5,4,1,5,yes,yes,no,no,DEER_BUCK_DB_DIRECT,SOURCE_MATCHES_RECOMMENDED,5,HIGH_CONFIRMED_2PLUS,HANUMBER,5,PROMOTE_CANDIDATE_AFTER_REVIEW,https://dwrapps.utah.gov/huntboundary/HuntTableData?species=Deer&gender=Buck
DB1031,CORE_DRAW_RESULTS_CONTINUING,CLOSED_CORE,yes,Present in 2025 BIBLE and fresh 2026 DWR Hunt Planner table.,LIVE_2026_AND_2025_BIBLE,CONTINUITY,DB,2020|2021|2022|2023|2024|2025,yes,no,yes,yes,OK,LIVE_AND_DATABASE,MATCH,LIVE_DWR_RES_NR_SPLIT,Dolores Triangle,Deer,Buck,Muzzleloader,Limited Entry,5,0,5,5,0,5,yes,yes,no,no,DEER_BUCK_DB_DIRECT,SOURCE_TOTAL_MATCHES_RECOMMENDED,5,HIGH_CONFIRMED_2PLUS,HANUMBER,5,PROMOTE_CANDIDATE_AFTER_REVIEW,https://dwrapps.utah.gov/huntboundary/HuntTableData?species=Deer&gender=Buck
DB1032,CORE_DRAW_RESULTS_CONTINUING,CLOSED_CORE,yes,Present in 2025 BIBLE and fresh 2026 DWR Hunt Planner table.,LIVE_2026_AND_2025_BIBLE,CONTINUITY,DB,2020|2021|2022|2023|2024|2025,yes,no,yes,yes,OK,LIVE_AND_DATABASE,MATCH,LIVE_DWR_RES_NR_SPLIT,Monroe,Deer,Buck,Muzzleloader,Limited Entry,5,1,6,5,1,6,yes,yes,no,no,DEER_BUCK_DB_DIRECT,SOURCE_MATCHES_RECOMMENDED,6,HIGH_CONFIRMED_2PLUS,HANUMBER,6,PROMOTE_CANDIDATE_AFTER_REVIEW,https://dwrapps.utah.gov/huntboundary/HuntTableData?species=Deer&gender=Buck
DB1033,CORE_DRAW_RESULTS_CONTINUING,CLOSED_CORE,yes,Present in 2025 BIBLE and fresh 2026 DWR Hunt Planner table.,LIVE_2026_AND_2025_BIBLE,CONTINUITY,DB,2020|2021|2022|2023|2024|2025,yes,no,yes,yes,OK,LIVE_AND_DATABASE,MATCH,LIVE_DWR_RES_NR_SPLIT,Nine Mile,Deer,Buck,Muzzleloader,Limited Entry,6,1,7,6,1,7,yes,yes,no,no,DEER_BUCK_DB_DIRECT,SOURCE_MATCHES_RECOMMENDED,7,HIGH_CONFIRMED_2PLUS,HANUMBER,7,PROMOTE_CANDIDATE_AFTER_REVIEW,https://dwrapps.utah.gov/huntboundary/HuntTableData?species=Deer&gender=Buck
DB1034,CORE_DRAW_RESULTS_CONTINUING,CLOSED_CORE,yes,Present in 2025 BIBLE and fresh 2026 DWR Hunt Planner table.,LIVE_2026_AND_2025_BIBLE,CONTINUITY,DB,2020|2021|2022|2023|2024|2025,yes,no,yes,yes,OK,LIVE_AND_DATABASE,MATCH,LIVE_DWR_RES_NR_SPLIT,Pine Valley,Deer,Buck,Muzzleloader,Limited Entry,13,2,15,13,2,15,yes,yes,no,no,DEER_BUCK_DB_DIRECT,SOURCE_MATCHES_RECOMMENDED,15,REVIEW_SOURCE_CONFLICT,HANUMBER,15,REVIEW_BEFORE_PROMOTION,https://dwrapps.utah.gov/huntboundary/HuntTableData?species=Deer&gender=Buck
DB1036,DATABASE_REFERENCE_NOT_LIVE_TABLE,REVIEW,no,Database row is not exposed by the fresh DWR live table; do not count as active core without source review.,DATABASE_NOT_IN_LIVE_TABLE,DATABASE_REFERENCE_OR_ARCHIVE_REVIEW,DB,2020|2021|2022|2023|2024,no,no,no,yes,OK,DATABASE_ONLY,DATABASE_ONLY,,Thousand Lakes,Deer,Buck,Muzzleloader,Limited Entry,,,,4,1,5,no,no,no,no,,,,MEDIUM_SINGLE_SOURCE,HANUMBER,5,PROMOTE_CANDIDATE_AFTER_REVIEW,
DB1037,CORE_DRAW_RESULTS_CONTINUING,CLOSED_CORE,yes,Present in 2025 BIBLE and fresh 2026 DWR Hunt Planner table.,LIVE_2026_AND_2025_BIBLE,CONTINUITY,DB,2020|2021|2022|2023|2024|2025,yes,no,yes,yes,OK,LIVE_AND_DATABASE,MATCH,LIVE_DWR_RES_NR_SPLIT,"San Juan, Elk Ridge",Deer,Buck,Muzzleloader,Limited Entry,15,2,17,15,2,17,yes,yes,no,no,DEER_BUCK_DB_DIRECT,SOURCE_MATCHES_RECOMMENDED,17,HIGH_CONFIRMED_2PLUS,HANUMBER,17,PROMOTE_CANDIDATE_AFTER_REVIEW,https://dwrapps.utah.gov/huntboundary/HuntTableData?species=Deer&gender=Buck
DB1038,CORE_DRAW_RESULTS_CONTINUING,CLOSED_CORE,yes,Present in 2025 BIBLE and fresh 2026 DWR Hunt Planner table.,LIVE_2026_AND_2025_BIBLE,CONTINUITY,DB,2020|2021|2022|2023|2024|2025,yes,no,yes,yes,OK,LIVE_AND_DATABASE,MATCH,LIVE_DWR_RES_NR_SPLIT,Diamond Mtn,Deer,Buck,Muzzleloader,Limited Entry,22,2,24,22,2,24,yes,yes,no,no,DEER_BUCK_DB_DIRECT,SOURCE_MATCHES_RECOMMENDED,24,REVIEW_SOURCE_CONFLICT,HANUMBER,24,REVIEW_BEFORE_PROMOTION,https://dwrapps.utah.gov/huntboundary/HuntTableData?species=Deer&gender=Buck
DB1039,CORE_DRAW_RESULTS_CONTINUING,CLOSED_CORE,yes,Present in 2025 BIBLE and fresh 2026 DWR Hunt Planner table.,LIVE_2026_AND_2025_BIBLE,CONTINUITY,DB,2020|2021|2022|2023|2024|2025,yes,no,yes,yes,OK,LIVE_AND_DATABASE,MATCH,LIVE_DWR_RES_NR_SPLIT,Yellowstone,Deer,Buck,Muzzleloader,Limited Entry,6,1,7,6,1,7,yes,yes,no,no,DEER_BUCK_DB_DIRECT,SOURCE_MATCHES_RECOMMENDED,7,HIGH_CONFIRMED_2PLUS,HANUMBER,7,PROMOTE_CANDIDATE_AFTER_REVIEW,https://dwrapps.utah.gov/huntboundary/HuntTableData?species=Deer&gender=Buck
DB1040,CORE_DRAW_RESULTS_CONTINUING,CLOSED_CORE,yes,Present in 2025 BIBLE and fresh 2026 DWR Hunt Planner table.,LIVE_2026_AND_2025_BIBLE,CONTINUITY,DB,2020|2021|2022|2023|2024|2025,yes,no,yes,yes,OK,LIVE_AND_DATABASE,MATCH,LIVE_DWR_RES_NR_SPLIT,Southwest Desert,Deer,Buck,Muzzleloader,Limited Entry,4,1,5,4,1,5,yes,yes,no,no,DEER_BUCK_DB_DIRECT,SOURCE_MATCHES_RECOMMENDED,5,HIGH_CONFIRMED_2PLUS,HANUMBER,5,PROMOTE_CANDIDATE_AFTER_REVIEW,https://dwrapps.utah.gov/huntboundary/HuntTableData?species=Deer&gender=Buck
DB1041,CORE_DRAW_RESULTS_CONTINUING,CLOSED_CORE,yes,Present in 2025 BIBLE and fresh 2026 DWR Hunt Planner table.,LIVE_2026_AND_2025_BIBLE,CONTINUITY,DB,2020|2021|2022|2023|2024|2025,yes,no,yes,yes,OK,LIVE_AND_DATABASE,MATCH,LIVE_DWR_RES_NR_SPLIT,"Wasatch Mtns, East",Deer,Buck,Muzzleloader,Limited Entry,30,3,33,30,3,33,yes,yes,no,no,DEER_BUCK_DB_DIRECT,SOURCE_MATCHES_RECOMMENDED,33,REVIEW_SOURCE_CONFLICT,HANUMBER,33,REVIEW_BEFORE_PROMOTION,https://dwrapps.utah.gov/huntboundary/HuntTableData?species=Deer&gender=Buck
DB1042,CORE_DRAW_RESULTS_CONTINUING,CLOSED_CORE,yes,Present in 2025 BIBLE and fresh 2026 DWR Hunt Planner table.,LIVE_2026_AND_2025_BIBLE,CONTINUITY,DB,2020|2021|2022|2023|2024|2025,yes,no,yes,yes,OK,LIVE_AND_DATABASE,MATCH,LIVE_DWR_RES_NR_SPLIT,"West Desert, Vernon",Deer,Buck,Muzzleloader,Limited Entry,46,5,51,46,5,51,yes,yes,no,no,DEER_BUCK_DB_DIRECT,SOURCE_MATCHES_RECOMMENDED,51,REVIEW_SOURCE_CONFLICT,HANUMBER,51,REVIEW_BEFORE_PROMOTION,https://dwrapps.utah.gov/huntboundary/HuntTableData?species=Deer&gender=Buck
DB1043,CORE_DRAW_RESULTS_CONTINUING,CLOSED_CORE,yes,Present in 2025 BIBLE and fresh 2026 DWR Hunt Planner table.,LIVE_2026_AND_2025_BIBLE,CONTINUITY,DB,2020|2021|2022|2023|2024|2025,yes,no,yes,yes,OK,LIVE_AND_DATABASE,MATCH,LIVE_DWR_RES_NR_SPLIT,Zion,Deer,Buck,Muzzleloader,Limited Entry,15,2,17,15,2,17,yes,yes,no,no,DEER_BUCK_DB_DIRECT,SOURCE_MATCHES_RECOMMENDED,17,REVIEW_SOURCE_CONFLICT,HANUMBER,17,REVIEW_BEFORE_PROMOTION,https://dwrapps.utah.gov/huntboundary/HuntTableData?species=Deer&gender=Buck
DB1044,CORE_DRAW_RESULTS_CONTINUING,CLOSED_CORE,yes,Present in 2025 BIBLE and fresh 2026 DWR Hunt Planner table.,LIVE_2026_AND_2025_BIBLE,CONTINUITY,DB,2020|2021|2022|2023|2024|2025,yes,no,yes,yes,OK,LIVE_AND_DATABASE,MATCH,LIVE_DWR_RES_NR_SPLIT,Book Cliffs,Deer,Buck,Multiseason,Limited Entry,8,1,9,8,1,9,yes,yes,no,no,DEER_BUCK_DB_DIRECT,SOURCE_MATCHES_RECOMMENDED,9,HIGH_CONFIRMED_2PLUS,HANUMBER,9,PROMOTE_CANDIDATE_AFTER_REVIEW,https://dwrapps.utah.gov/huntboundary/HuntTableData?species=Deer&gender=Buck
DB1045,CORE_DRAW_RESULTS_CONTINUING,CLOSED_CORE,yes,Present in 2025 BIBLE and fresh 2026 DWR Hunt Planner table.,LIVE_2026_AND_2025_BIBLE,CONTINUITY,DB,2020|2021|2022|2023|2024|2025,yes,no,yes,yes,OK,LIVE_AND_DATABASE,MATCH,LIVE_DWR_RES_NR_SPLIT,"Fillmore, Oak Creek LE",Deer,Buck,Multiseason,Limited Entry,2,0,2,2,0,2,yes,yes,yes,no,CONSERVATION_PERMITS_DIRECT|DEER_BUCK_DB_DIRECT,SOURCE_DIFFERS_FROM_CURRENT_RECONCILIATION|SOURCE_TOTAL_MATCHES_RECOMMENDED,2,HIGH_CONFIRMED_2PLUS,HANUMBER,2,PROMOTE_CANDIDATE_AFTER_REVIEW,https://dwrapps.utah.gov/huntboundary/HuntTableData?species=Deer&gender=Buck
DB1046,CORE_DRAW_RESULTS_CONTINUING,CLOSED_CORE,yes,Present in 2025 BIBLE and fresh 2026 DWR Hunt Planner table.,LIVE_2026_AND_2025_BIBLE,CONTINUITY,DB,2020|2021|2022|2023|2024|2025,yes,no,yes,yes,OK,LIVE_AND_DATABASE,MATCH,LIVE_DWR_RES_NR_SPLIT,"San Juan, Elk Ridge",Deer,Buck,Multiseason,Limited Entry,2,0,2,2,0,2,yes,yes,yes,yes,CONSERVATION_PERMITS_DIRECT|DEER_BUCK_DB_DIRECT,SOURCE_TOTAL_MATCHES_RECOMMENDED,2,HIGH_CONFIRMED_2PLUS,HANUMBER,2,PROMOTE_CANDIDATE_AFTER_REVIEW,https://dwrapps.utah.gov/huntboundary/HuntTableData?species=Deer&gender=Buck
DB1047,CORE_DRAW_RESULTS_CONTINUING,CLOSED_CORE,yes,Present in 2025 BIBLE and fresh 2026 DWR Hunt Planner table.,LIVE_2026_AND_2025_BIBLE,CONTINUITY,DB,2020|2021|2022|2023|2024|2025,yes,no,yes,yes,OK,LIVE_AND_DATABASE,MATCH,LIVE_DWR_RES_NR_SPLIT,Diamond Mtn,Deer,Buck,Multiseason,Limited Entry,4,0,4,4,0,4,yes,yes,yes,no,CONSERVATION_PERMITS_DIRECT|DEER_BUCK_DB_DIRECT,SOURCE_DIFFERS_FROM_CURRENT_RECONCILIATION|SOURCE_TOTAL_MATCHES_RECOMMENDED,4,HIGH_CONFIRMED_2PLUS,HANUMBER,4,PROMOTE_CANDIDATE_AFTER_REVIEW,https://dwrapps.utah.gov/huntboundary/HuntTableData?species=Deer&gender=Buck
DB1048,CORE_DRAW_RESULTS_CONTINUING,CLOSED_CORE,yes,Present in 2025 BIBLE and fresh 2026 DWR Hunt Planner table.,LIVE_2026_AND_2025_BIBLE,CONTINUITY,DB,2020|2021|2022|2023|2024|2025,yes,no,yes,yes,OK,LIVE_AND_DATABASE,MATCH,LIVE_DWR_RES_NR_SPLIT,"West Desert, Vernon",Deer,Buck,Multiseason,Limited Entry,7,1,8,7,1,8,yes,yes,yes,no,CONSERVATION_PERMITS_DIRECT|DEER_BUCK_DB_DIRECT,SOURCE_DIFFERS_FROM_CURRENT_RECONCILIATION|SOURCE_MATCHES_RECOMMENDED,8,HIGH_CONFIRMED_2PLUS,HANUMBER,8,PROMOTE_CANDIDATE_AFTER_REVIEW,https://dwrapps.utah.gov/huntboundary/HuntTableData?species=Deer&gender=Buck
DB1051,HISTORICAL_LIBRARY_ONLY,CLOSED_HISTORICAL,no,Historical BIBLE-library code not part of current 2026 live table.,BIBLE_HISTORICAL_ONLY,HISTORICAL_LIBRARY,DB,2020,no,no,no,no,,,,,,,,,,,,,,,,no,no,no,no,,,,,,,,
DB1052,HISTORICAL_LIBRARY_ONLY,CLOSED_HISTORICAL,no,Historical BIBLE-library code not part of current 2026 live table.,BIBLE_HISTORICAL_ONLY,HISTORICAL_LIBRARY,DB,2020,no,no,no,no,,,,,,,,,,,,,,,,no,no,no,no,,,,,,,,
DB1053,CORE_DRAW_RESULTS_CONTINUING,CLOSED_CORE,yes,Present in 2025 BIBLE and fresh 2026 DWR Hunt Planner table.,LIVE_2026_AND_2025_BIBLE,CONTINUITY,DB,2020|2021|2022|2023|2024|2025,yes,no,yes,yes,OK,LIVE_AND_DATABASE,MATCH,LIVE_DWR_RES_NR_SPLIT,Mt Dutton,Deer,Buck,Muzzleloader,Limited Entry,4,1,5,4,1,5,yes,yes,no,no,DEER_BUCK_DB_DIRECT,SOURCE_MATCHES_RECOMMENDED,5,HIGH_CONFIRMED_2PLUS,HANUMBER,5,PROMOTE_CANDIDATE_AFTER_REVIEW,https://dwrapps.utah.gov/huntboundary/HuntTableData?species=Deer&gender=Buck
DB1054,CORE_DRAW_RESULTS_CONTINUING,CLOSED_CORE,yes,Present in 2025 BIBLE and fresh 2026 DWR Hunt Planner table.,LIVE_2026_AND_2025_BIBLE,CONTINUITY,DB,2020|2021|2022|2023|2024|2025,yes,no,yes,yes,OK,LIVE_AND_DATABASE,MATCH,LIVE_DWR_RES_NR_SPLIT,Ogden,Deer,Buck,Muzzleloader,Limited Entry,13,1,14,13,1,14,yes,yes,no,no,DEER_BUCK_DB_DIRECT,SOURCE_MATCHES_RECOMMENDED,14,HIGH_CONFIRMED_2PLUS,HANUMBER,14,PROMOTE_CANDIDATE_AFTER_REVIEW,https://dwrapps.utah.gov/huntboundary/HuntTableData?species=Deer&gender=Buck
DB1055,CORE_DRAW_RESULTS_CONTINUING,CLOSED_CORE,yes,Present in 2025 BIBLE and fresh 2026 DWR Hunt Planner table.,LIVE_2026_AND_2025_BIBLE,CONTINUITY,DB,2020|2021|2022|2023|2024|2025,yes,no,yes,yes,OK,LIVE_AND_DATABASE,MATCH,LIVE_DWR_RES_NR_SPLIT,Fishlake,Deer,Buck,Muzzleloader,Limited Entry,6,1,7,6,1,7,yes,yes,no,no,DEER_BUCK_DB_DIRECT,SOURCE_MATCHES_RECOMMENDED,7,HIGH_CONFIRMED_2PLUS,HANUMBER,7,PROMOTE_CANDIDATE_AFTER_REVIEW,https://dwrapps.utah.gov/huntboundary/HuntTableData?species=Deer&gender=Buck
DB1056,SEPARATE_CONSERVATION_LAYER,CLOSED_SEPARATE_LAYER,no,"Conservation permit family; use separate conservation layer, not core-count inflation.",LIVE_2026_NOT_IN_2025_BIBLE,CONSERVATION_CURRENT_PLANNER,DB,,no,no,yes,yes,OK,LIVE_AND_DATABASE,LIVE_NO_QUOTA_DATABASE_PRESERVED,LIVE_DWR_NO_QUOTA_PUBLISHED,Book Cliffs (North & South),Deer,Buck,Any Legal Weapon,Conservation,,,,,,4,no,no,yes,yes,CONSERVATION_PERMITS_DIRECT|DEER_BUCK_DB_DIRECT,SOURCE_MATCHES_DATABASE|SOURCE_NO_PERMIT_VALUE,,REVIEW_REQUIRED,NONE_EXTERNAL_DATABASE_REFERENCE_ONLY,,FIND_EXTERNAL_SOURCE_BEFORE_PROMOTION,https://dwrapps.utah.gov/huntboundary/HuntTableData?species=Deer&gender=Buck
DB1058,CORE_DRAW_RESULTS_CONTINUING,CLOSED_CORE,yes,Present in 2025 BIBLE and fresh 2026 DWR Hunt Planner table.,LIVE_2026_AND_2025_BIBLE,CONTINUITY,DB,2020|2021|2022|2023|2024|2025,yes,no,yes,yes,OK,LIVE_AND_DATABASE,MATCH,LIVE_DWR_RES_NR_SPLIT,Paunsaugunt,Deer,Buck,Any Legal Weapon,Cactus Buck,18,2,20,18,2,20,yes,yes,yes,no,CONSERVATION_PERMITS_DIRECT|DEER_BUCK_DB_DIRECT,SOURCE_DIFFERS_FROM_CURRENT_RECONCILIATION|SOURCE_MATCHES_RECOMMENDED,20,HIGH_CONFIRMED_2PLUS,HANUMBER,20,PROMOTE_CANDIDATE_AFTER_REVIEW,https://dwrapps.utah.gov/huntboundary/HuntTableData?species=Deer&gender=Buck
DB1059,DATABASE_REFERENCE_NOT_LIVE_TABLE,REVIEW,no,Database row is not exposed by the fresh DWR live table; do not count as active core without source review.,DATABASE_NOT_IN_LIVE_TABLE,DATABASE_REFERENCE_OR_ARCHIVE_REVIEW,DB,2020|2021|2022|2023|2024,no,no,no,yes,OK,DATABASE_ONLY,DATABASE_ONLY,,Beaver,Deer,Buck,Muzzleloader,Limited Entry,,,,7,1,8,no,no,no,no,,,,MEDIUM_SINGLE_SOURCE,HANUMBER,8,PROMOTE_CANDIDATE_AFTER_REVIEW,
DB1065,CORE_DRAW_RESULTS_CONTINUING,CLOSED_CORE,yes,Present in 2025 BIBLE and fresh 2026 DWR Hunt Planner table.,LIVE_2026_AND_2025_BIBLE,CONTINUITY,DB,2020|2021|2022|2023|2024|2025,yes,no,yes,yes,OK,LIVE_AND_DATABASE,MATCH,LIVE_DWR_RES_NR_SPLIT,North Slope,Deer,Buck,Muzzleloader,Limited Entry,14,2,16,14,2,16,yes,yes,no,no,DEER_BUCK_DB_DIRECT,SOURCE_MATCHES_RECOMMENDED,16,HIGH_CONFIRMED_2PLUS,HANUMBER,16,PROMOTE_CANDIDATE_AFTER_REVIEW,https://dwrapps.utah.gov/huntboundary/HuntTableData?species=Deer&gender=Buck
DB1073,CORE_DRAW_RESULTS_CONTINUING,CLOSED_CORE,yes,Present in 2025 BIBLE and fresh 2026 DWR Hunt Planner table.,LIVE_2026_AND_2025_BIBLE,CONTINUITY,DB,2020|2021|2022|2023|2024|2025,yes,no,yes,yes,OK,LIVE_AND_DATABASE,MATCH,LIVE_DWR_RES_NR_SPLIT,Paunsaugunt,Deer,Buck,Archery,Management Buck Deer,10,1,11,10,1,11,yes,yes,no,no,DEER_BUCK_DB_DIRECT,SOURCE_MATCHES_RECOMMENDED,11,HIGH_CONFIRMED_2PLUS,HANUMBER,11,PROMOTE_CANDIDATE_AFTER_REVIEW,https://dwrapps.utah.gov/huntboundary/HuntTableData?species=Deer&gender=Buck
DB1074,CORE_DRAW_RESULTS_CONTINUING,CLOSED_CORE,yes,Present in 2025 BIBLE and fresh 2026 DWR Hunt Planner table.,LIVE_2026_AND_2025_BIBLE,CONTINUITY,DB,2020|2021|2022|2023|2024|2025,yes,no,yes,yes,OK,LIVE_AND_DATABASE,MATCH,LIVE_DWR_RES_NR_SPLIT,Paunsaugunt,Deer,Buck,Muzzleloader,Management Buck Deer,10,1,11,10,1,11,yes,yes,no,no,DEER_BUCK_DB_DIRECT,SOURCE_MATCHES_RECOMMENDED,11,HIGH_CONFIRMED_2PLUS,HANUMBER,11,PROMOTE_CANDIDATE_AFTER_REVIEW,https://dwrapps.utah.gov/huntboundary/HuntTableData?species=Deer&gender=Buck
DB1075,SEPARATE_CONSERVATION_LAYER,CLOSED_SEPARATE_LAYER,no,"Conservation permit family; use separate conservation layer, not core-count inflation.",LIVE_2026_NOT_IN_2025_BIBLE,CONSERVATION_CURRENT_PLANNER,DB,,no,no,yes,yes,OK,LIVE_AND_DATABASE,LIVE_NO_QUOTA_DATABASE_PRESERVED,LIVE_DWR_NO_QUOTA_PUBLISHED,Book Cliffs (North & South),Deer,Buck,Archery,Conservation,,,,,,2,no,no,yes,yes,CONSERVATION_PERMITS_DIRECT|DEER_BUCK_DB_DIRECT,SOURCE_MATCHES_DATABASE|SOURCE_NO_PERMIT_VALUE,,REVIEW_REQUIRED,NONE_EXTERNAL_DATABASE_REFERENCE_ONLY,,FIND_EXTERNAL_SOURCE_BEFORE_PROMOTION,https://dwrapps.utah.gov/huntboundary/HuntTableData?species=Deer&gender=Buck
DB1076,SEPARATE_CONSERVATION_LAYER,CLOSED_SEPARATE_LAYER,no,"Conservation permit family; use separate conservation layer, not core-count inflation.",LIVE_2026_NOT_IN_2025_BIBLE,CONSERVATION_CURRENT_PLANNER,DB,,no,no,yes,yes,OK,LIVE_AND_DATABASE,LIVE_NO_QUOTA_DATABASE_PRESERVED,LIVE_DWR_NO_QUOTA_PUBLISHED,Book Cliffs (North & South),Deer,Buck,Muzzleloader,Conservation,,,,,,2,no,no,yes,yes,CONSERVATION_PERMITS_DIRECT|DEER_BUCK_DB_DIRECT,SOURCE_MATCHES_DATABASE|SOURCE_NO_PERMIT_VALUE,,REVIEW_REQUIRED,NONE_EXTERNAL_DATABASE_REFERENCE_ONLY,,FIND_EXTERNAL_SOURCE_BEFORE_PROMOTION,https://dwrapps.utah.gov/huntboundary/HuntTableData?species=Deer&gender=Buck
DB1077,CORE_DRAW_RESULTS_CONTINUING,CLOSED_CORE,yes,Present in 2025 BIBLE and fresh 2026 DWR Hunt Planner table.,LIVE_2026_AND_2025_BIBLE,CONTINUITY,DB,2020|2021|2022|2023|2024|2025,yes,no,yes,yes,OK,LIVE_AND_DATABASE,MATCH,LIVE_DWR_RES_NR_SPLIT,Box Elder,Deer,Buck,Muzzleloader,Limited Entry,23,3,26,23,3,26,yes,yes,no,no,DEER_BUCK_DB_DIRECT,SOURCE_MATCHES_RECOMMENDED,26,HIGH_CONFIRMED_2PLUS,HANUMBER,26,PROMOTE_CANDIDATE_AFTER_REVIEW,https://dwrapps.utah.gov/huntboundary/HuntTableData?species=Deer&gender=Buck
DB1078,CORE_DRAW_RESULTS_CONTINUING,CLOSED_CORE,yes,Present in 2025 BIBLE and fresh 2026 DWR Hunt Planner table.,LIVE_2026_AND_2025_BIBLE,CONTINUITY,DB,2020|2021|2022|2023|2024|2025,yes,no,yes,yes,OK,LIVE_AND_DATABASE,MATCH,LIVE_DWR_RES_NR_SPLIT,Cache,Deer,Buck,Muzzleloader,Limited Entry,11,1,12,11,1,12,yes,yes,no,no,DEER_BUCK_DB_DIRECT,SOURCE_MATCHES_RECOMMENDED,12,HIGH_CONFIRMED_2PLUS,HANUMBER,12,PROMOTE_CANDIDATE_AFTER_REVIEW,https://dwrapps.utah.gov/huntboundary/HuntTableData?species=Deer&gender=Buck
DB1079,CORE_DRAW_RESULTS_CONTINUING,CLOSED_CORE,yes,Present in 2025 BIBLE and fresh 2026 DWR Hunt Planner table.,LIVE_2026_AND_2025_BIBLE,CONTINUITY,DB,2020|2021|2022|2023|2024|2025,yes,no,yes,yes,OK,LIVE_AND_DATABASE,MATCH,LIVE_DWR_RES_NR_SPLIT,Manti/San Rafael,Deer,Buck,Muzzleloader,Limited Entry,40,5,45,40,5,45,yes,yes,no,no,DEER_BUCK_DB_DIRECT,SOURCE_MATCHES_RECOMMENDED,45,REVIEW_SOURCE_CONFLICT,HANUMBER,45,REVIEW_BEFORE_PROMOTION,https://dwrapps.utah.gov/huntboundary/HuntTableData?species=Deer&gender=Buck
DB1080,CORE_DRAW_RESULTS_CONTINUING,CLOSED_CORE,yes,Present in 2025 BIBLE and fresh 2026 DWR Hunt Planner table.,LIVE_2026_AND_2025_BIBLE,CONTINUITY,DB,2020|2021|2022|2023|2024|2025,yes,no,yes,yes,OK,LIVE_AND_DATABASE,MATCH,LIVE_DWR_RES_NR_SPLIT,Nebo,Deer,Buck,Muzzleloader,Limited Entry,23,3,26,23,3,26,yes,yes,no,no,DEER_BUCK_DB_DIRECT,SOURCE_MATCHES_RECOMMENDED,26,HIGH_CONFIRMED_2PLUS,HANUMBER,26,PROMOTE_CANDIDATE_AFTER_REVIEW,https://dwrapps.utah.gov/huntboundary/HuntTableData?species=Deer&gender=Buck
DB1081,CORE_DRAW_RESULTS_CONTINUING,CLOSED_CORE,yes,Present in 2025 BIBLE and fresh 2026 DWR Hunt Planner table.,LIVE_2026_AND_2025_BIBLE,CONTINUITY,DB,2020|2021|2022|2023|2024|2025,yes,no,yes,yes,OK,LIVE_AND_DATABASE,MATCH,LIVE_DWR_RES_NR_SPLIT,La Sal Mtns,Deer,Buck,Muzzleloader,Limited Entry,8,1,9,8,1,9,yes,yes,no,no,DEER_BUCK_DB_DIRECT,SOURCE_MATCHES_RECOMMENDED,9,HIGH_CONFIRMED_2PLUS,HANUMBER,9,PROMOTE_CANDIDATE_AFTER_REVIEW,https://dwrapps.utah.gov/huntboundary/HuntTableData?species=Deer&gender=Buck
DB1082,DATABASE_REFERENCE_NOT_LIVE_TABLE,REVIEW,no,Database row is not exposed by the fresh DWR live table; do not count as active core without source review.,DATABASE_NOT_IN_LIVE_TABLE,DATABASE_REFERENCE_OR_ARCHIVE_REVIEW,DB,2020|2021|2022|2023|2024,no,no,no,yes,OK,DATABASE_ONLY,DATABASE_ONLY,,Oquirrh-Stansbury,Deer,Buck,Muzzleloader,Limited Entry,,,,12,1,13,no,no,no,no,,,,MEDIUM_SINGLE_SOURCE,HANUMBER,13,PROMOTE_CANDIDATE_AFTER_REVIEW,
DB1083,CORE_DRAW_RESULTS_CONTINUING,CLOSED_CORE,yes,Present in 2025 BIBLE and fresh 2026 DWR Hunt Planner table.,LIVE_2026_AND_2025_BIBLE,CONTINUITY,DB,2020|2021|2022|2023|2024|2025,yes,no,yes,yes,OK,LIVE_AND_DATABASE,MATCH,LIVE_DWR_RES_NR_SPLIT,Panguitch Lake,Deer,Buck,Muzzleloader,Limited Entry,12,1,13,12,1,13,yes,yes,no,no,DEER_BUCK_DB_DIRECT,SOURCE_MATCHES_RECOMMENDED,13,HIGH_CONFIRMED_2PLUS,HANUMBER,13,PROMOTE_CANDIDATE_AFTER_REVIEW,https://dwrapps.utah.gov/huntboundary/HuntTableData?species=Deer&gender=Buck
DB1084,CORE_DRAW_RESULTS_CONTINUING,CLOSED_CORE,yes,Present in 2025 BIBLE and fresh 2026 DWR Hunt Planner table.,LIVE_2026_AND_2025_BIBLE,CONTINUITY,DB,2020|2021|2022|2023|2024|2025,yes,no,yes,yes,OK,LIVE_AND_DATABASE,MATCH,LIVE_DWR_RES_NR_SPLIT,Boulder/Kaiparowits,Deer,Buck,Muzzleloader,Limited Entry,12,1,13,12,1,13,yes,yes,no,no,DEER_BUCK_DB_DIRECT,SOURCE_MATCHES_RECOMMENDED,13,HIGH_CONFIRMED_2PLUS,HANUMBER,13,PROMOTE_CANDIDATE_AFTER_REVIEW,https://dwrapps.utah.gov/huntboundary/HuntTableData?species=Deer&gender=Buck
DB1085,CORE_DRAW_RESULTS_CONTINUING,CLOSED_CORE,yes,Present in 2025 BIBLE and fresh 2026 DWR Hunt Planner table.,LIVE_2026_AND_2025_BIBLE,CONTINUITY,DB,2020|2021|2022|2023|2024|2025,yes,no,yes,yes,OK,LIVE_AND_DATABASE,MATCH,LIVE_DWR_RES_NR_SPLIT,"San Juan, Abajo Mtns",Deer,Buck,Muzzleloader,Limited Entry,13,1,14,13,1,14,yes,yes,no,no,DEER_BUCK_DB_DIRECT,SOURCE_MATCHES_RECOMMENDED,14,HIGH_CONFIRMED_2PLUS,HANUMBER,14,PROMOTE_CANDIDATE_AFTER_REVIEW,https://dwrapps.utah.gov/huntboundary/HuntTableData?species=Deer&gender=Buck
DB1086,CORE_DRAW_RESULTS_CONTINUING,CLOSED_CORE,yes,Present in 2025 BIBLE and fresh 2026 DWR Hunt Planner table.,LIVE_2026_AND_2025_BIBLE,CONTINUITY,DB,2020|2021|2022|2023|2024|2025,yes,no,yes,yes,OK,LIVE_AND_DATABASE,MATCH,LIVE_DWR_RES_NR_SPLIT,Vernal/Bonanza,Deer,Buck,Muzzleloader,Limited Entry,6,1,7,6,1,7,yes,yes,no,no,DEER_BUCK_DB_DIRECT,SOURCE_MATCHES_RECOMMENDED,7,HIGH_CONFIRMED_2PLUS,HANUMBER,7,PROMOTE_CANDIDATE_AFTER_REVIEW,https://dwrapps.utah.gov/huntboundary/HuntTableData?species=Deer&gender=Buck
DB1087,CORE_DRAW_RESULTS_CONTINUING,CLOSED_CORE,yes,Present in 2025 BIBLE and fresh 2026 DWR Hunt Planner table.,LIVE_2026_AND_2025_BIBLE,CONTINUITY,DB,2020|2021|2022|2023|2024|2025,yes,no,yes,yes,OK,LIVE_AND_DATABASE,MATCH,LIVE_DWR_RES_NR_SPLIT,"Wasatch Mtns, West",Deer,Buck,Muzzleloader,Limited Entry,36,4,40,36,4,40,yes,yes,no,no,DEER_BUCK_DB_DIRECT,SOURCE_MATCHES_RECOMMENDED,40,REVIEW_SOURCE_CONFLICT,HANUMBER,40,REVIEW_BEFORE_PROMOTION,https://dwrapps.utah.gov/huntboundary/HuntTableData?species=Deer&gender=Buck
DB1088,DATABASE_REFERENCE_NOT_LIVE_TABLE,REVIEW,no,Database row is not exposed by the fresh DWR live table; do not count as active core without source review.,DATABASE_NOT_IN_LIVE_TABLE,DATABASE_REFERENCE_OR_ARCHIVE_REVIEW,DB,2020|2021|2022|2023|2024,no,no,no,yes,OK,DATABASE_ONLY,DATABASE_ONLY,,"West Desert, Tintic",Deer,Buck,Muzzleloader,Limited Entry,,,,4,1,5,no,no,no,no,,,,MEDIUM_SINGLE_SOURCE,HANUMBER,5,PROMOTE_CANDIDATE_AFTER_REVIEW,
DB1089,DATABASE_REFERENCE_NOT_LIVE_TABLE,REVIEW,no,Database row is not exposed by the fresh DWR live table; do not count as active core without source review.,DATABASE_NOT_IN_LIVE_TABLE,DATABASE_REFERENCE_OR_ARCHIVE_REVIEW,DB,2020|2021|2022|2023|2024,no,no,no,yes,OK,DATABASE_ONLY,DATABASE_ONLY,,"West Desert, West",Deer,Buck,Muzzleloader,Limited Entry,,,,4,1,5,no,no,no,no,,,,MEDIUM_SINGLE_SOURCE,HANUMBER,5,PROMOTE_CANDIDATE_AFTER_REVIEW,
DB1090,CORE_DRAW_RESULTS_CONTINUING,CLOSED_CORE,yes,Present in 2025 BIBLE and fresh 2026 DWR Hunt Planner table.,LIVE_2026_AND_2025_BIBLE,CONTINUITY,DB,2020|2021|2022|2023|2024|2025,yes,no,yes,yes,OK,LIVE_AND_DATABASE,MATCH,LIVE_DWR_RES_NR_SPLIT,"Book Cliffs, Floy Canyon",Deer,Buck,"HAMSS (Handgun, Archery, Muzzleloader, Shotgun or Straight-walled rifle)",Limited Entry,6,1,7,6,1,7,yes,yes,no,no,DEER_BUCK_DB_DIRECT,SOURCE_MATCHES_RECOMMENDED,7,HIGH_CONFIRMED_2PLUS,HANUMBER,7,PROMOTE_CANDIDATE_AFTER_REVIEW,https://dwrapps.utah.gov/huntboundary/HuntTableData?species=Deer&gender=Buck
DB1091,CORE_DRAW_RESULTS_CONTINUING,CLOSED_CORE,yes,Present in 2025 BIBLE and fresh 2026 DWR Hunt Planner table.,LIVE_2026_AND_2025_BIBLE,CONTINUITY,DB,2020|2021|2022|2023|2024|2025,yes,no,yes,yes,OK,LIVE_AND_DATABASE,MATCH,LIVE_DWR_RES_NR_SPLIT,Kaiparowits HAMSS,Deer,Buck,"HAMSS (Handgun, Archery, Muzzleloader, Shotgun or Straight-walled rifle)",Limited Entry,4,1,5,4,1,5,yes,yes,no,no,DEER_BUCK_DB_DIRECT,SOURCE_MATCHES_RECOMMENDED,5,HIGH_CONFIRMED_2PLUS,HANUMBER,5,PROMOTE_CANDIDATE_AFTER_REVIEW,https://dwrapps.utah.gov/huntboundary/HuntTableData?species=Deer&gender=Buck
DB1092,HISTORICAL_LIBRARY_ONLY,CLOSED_HISTORICAL,no,Historical BIBLE-library code not part of current 2026 live table.,BIBLE_HISTORICAL_ONLY,HISTORICAL_LIBRARY,DB,2020|2021|2022,no,no,no,no,,,,,,,,,,,,,,,,no,no,no,no,,,,,,,,
DB1094,DATABASE_REFERENCE_NOT_LIVE_TABLE,REVIEW,no,Database row is not exposed by the fresh DWR live table; do not count as active core without source review.,DATABASE_NOT_IN_LIVE_TABLE,DATABASE_REFERENCE_OR_ARCHIVE_REVIEW,DB,2022|2023|2024,no,no,no,yes,OK,DATABASE_ONLY,DATABASE_ONLY,,Myton,Deer,Buck,Muzzleloader,Limited Entry,,,,20,,20,no,no,no,no,,,,MEDIUM_SINGLE_SOURCE,HANUMBER,20,PROMOTE_CANDIDATE_AFTER_REVIEW,
DB1100,CORE_DRAW_RESULTS_CONTINUING,CLOSED_CORE,yes,Present in 2025 BIBLE and fresh 2026 DWR Hunt Planner table.,LIVE_2026_AND_2025_BIBLE,CONTINUITY,DB,2023|2024|2025,yes,no,yes,yes,OK,LIVE_AND_DATABASE,MATCH,LIVE_DWR_RES_NR_SPLIT,Chalk Creek,Deer,Buck,Muzzleloader,Limited Entry,10,1,11,10,1,11,yes,yes,no,no,DEER_BUCK_DB_DIRECT,SOURCE_MATCHES_RECOMMENDED,11,HIGH_CONFIRMED_2PLUS,HANUMBER,11,PROMOTE_CANDIDATE_AFTER_REVIEW,https://dwrapps.utah.gov/huntboundary/HuntTableData?species=Deer&gender=Buck
DB1101,CORE_DRAW_RESULTS_CONTINUING,CLOSED_CORE,yes,Present in 2025 BIBLE and fresh 2026 DWR Hunt Planner table.,LIVE_2026_AND_2025_BIBLE,CONTINUITY,DB,2023|2024|2025,yes,no,yes,yes,OK,LIVE_AND_DATABASE,MATCH,LIVE_DWR_RES_NR_SPLIT,East Canyon,Deer,Buck,Muzzleloader,Limited Entry,9,1,10,9,1,10,yes,yes,no,no,DEER_BUCK_DB_DIRECT,SOURCE_MATCHES_RECOMMENDED,10,HIGH_CONFIRMED_2PLUS,HANUMBER,10,PROMOTE_CANDIDATE_AFTER_REVIEW,https://dwrapps.utah.gov/huntboundary/HuntTableData?species=Deer&gender=Buck
DB1103,CORE_DRAW_RESULTS_CONTINUING,CLOSED_CORE,yes,Present in 2025 BIBLE and fresh 2026 DWR Hunt Planner table.,LIVE_2026_AND_2025_BIBLE,CONTINUITY,DB,2023|2024|2025,yes,no,yes,yes,OK,LIVE_AND_DATABASE,MATCH,LIVE_DWR_RES_NR_SPLIT,Morgan-South Rich,Deer,Buck,Muzzleloader,Limited Entry,7,1,8,7,1,8,yes,yes,no,no,DEER_BUCK_DB_DIRECT,SOURCE_MATCHES_RECOMMENDED,8,HIGH_CONFIRMED_2PLUS,HANUMBER,8,PROMOTE_CANDIDATE_AFTER_REVIEW,https://dwrapps.utah.gov/huntboundary/HuntTableData?species=Deer&gender=Buck
DB1105,CORE_DRAW_RESULTS_CONTINUING,CLOSED_CORE,yes,Present in 2025 BIBLE and fresh 2026 DWR Hunt Planner table.,LIVE_2026_AND_2025_BIBLE,CONTINUITY,DB,2023|2024|2025,yes,no,yes,yes,OK,LIVE_AND_DATABASE,MATCH,LIVE_DWR_RES_NR_SPLIT,East Canyon,Deer,Buck,"HAMSS (Handgun, Archery, Muzzleloader, Shotgun or Straight-walled rifle)",Limited Entry,6,1,7,6,1,7,yes,yes,no,no,DEER_BUCK_DB_DIRECT,SOURCE_MATCHES_RECOMMENDED,7,HIGH_CONFIRMED_2PLUS,HANUMBER,7,PROMOTE_CANDIDATE_AFTER_REVIEW,https://dwrapps.utah.gov/huntboundary/HuntTableData?species=Deer&gender=Buck
DB1106,CORE_DRAW_RESULTS_CONTINUING,CLOSED_CORE,yes,Present in 2025 BIBLE and fresh 2026 DWR Hunt Planner table.,LIVE_2026_AND_2025_BIBLE,CONTINUITY,DB,2025,yes,no,yes,yes,OK,LIVE_AND_DATABASE,MATCH,LIVE_DWR_RES_NR_SPLIT,Thousand Lakes,Deer,Buck,Restricted Archery,Limited Entry,20,2,22,20,2,22,yes,yes,no,no,DEER_BUCK_DB_DIRECT,SOURCE_MATCHES_RECOMMENDED,22,HIGH_CONFIRMED_2PLUS,HANUMBER,22,PROMOTE_CANDIDATE_AFTER_REVIEW,https://dwrapps.utah.gov/huntboundary/HuntTableData?species=Deer&gender=Buck
DB1107,CORE_DRAW_RESULTS_CONTINUING,CLOSED_CORE,yes,Present in 2025 BIBLE and fresh 2026 DWR Hunt Planner table.,LIVE_2026_AND_2025_BIBLE,CONTINUITY,DB,2025,yes,no,yes,yes,OK,LIVE_AND_DATABASE,MATCH,LIVE_DWR_RES_NR_SPLIT,Thousand Lakes,Deer,Buck,Restricted Muzzleloader,Limited Entry,20,2,22,20,2,22,yes,yes,no,no,DEER_BUCK_DB_DIRECT,SOURCE_MATCHES_RECOMMENDED,22,HIGH_CONFIRMED_2PLUS,HANUMBER,22,PROMOTE_CANDIDATE_AFTER_REVIEW,https://dwrapps.utah.gov/huntboundary/HuntTableData?species=Deer&gender=Buck
DB1108,CORE_DRAW_RESULTS_CONTINUING,CLOSED_CORE,yes,Present in 2025 BIBLE and fresh 2026 DWR Hunt Planner table.,LIVE_2026_AND_2025_BIBLE,CONTINUITY,DB,2025,yes,no,yes,yes,OK,LIVE_AND_DATABASE,MATCH,LIVE_DWR_RES_NR_SPLIT,Thousand Lakes,Deer,Buck,Restricted Rifle,Limited Entry,27,3,30,27,3,30,yes,yes,no,no,DEER_BUCK_DB_DIRECT,SOURCE_MATCHES_RECOMMENDED,30,HIGH_CONFIRMED_2PLUS,HANUMBER,30,PROMOTE_CANDIDATE_AFTER_REVIEW,https://dwrapps.utah.gov/huntboundary/HuntTableData?species=Deer&gender=Buck
DB1109,CONFIRMED_2026_NEW_OR_OMITTED_DIRECT_SOURCE,REVIEW,maybe,"Not in 2025 BIBLE, but direct 2026 source matches current reconciliation; review as new or BIBLE omission.",LIVE_2026_NOT_IN_2025_BIBLE,OTHER_CURRENT_PLANNER_NOT_IN_2025_BIBLE,DB,,no,no,yes,yes,OK,LIVE_AND_DATABASE,MATCH,LIVE_DWR_RES_NR_SPLIT,Thousand Lakes,Deer,Buck,Restricted Multiseason,Limited Entry,2,0,2,2,0,2,yes,yes,no,no,DEER_BUCK_DB_DIRECT,SOURCE_TOTAL_MATCHES_RECOMMENDED,2,HIGH_CONFIRMED_2PLUS,HANUMBER,2,PROMOTE_CANDIDATE_AFTER_REVIEW,https://dwrapps.utah.gov/huntboundary/HuntTableData?species=Deer&gender=Buck
DB1110,CORE_DRAW_RESULTS_CONTINUING,CLOSED_CORE,yes,Present in 2025 BIBLE and fresh 2026 DWR Hunt Planner table.,LIVE_2026_AND_2025_BIBLE,CONTINUITY,DB,2025,yes,no,yes,yes,OK,LIVE_AND_DATABASE,MATCH,LIVE_DWR_RES_NR_SPLIT,"Beaver, East",Deer,Buck,Muzzleloader,Limited Entry,10,1,11,10,1,11,yes,yes,no,no,DEER_BUCK_DB_DIRECT,SOURCE_MATCHES_RECOMMENDED,11,HIGH_CONFIRMED_2PLUS,HANUMBER,11,PROMOTE_CANDIDATE_AFTER_REVIEW,https://dwrapps.utah.gov/huntboundary/HuntTableData?species=Deer&gender=Buck
DB1111,CORE_DRAW_RESULTS_CONTINUING,CLOSED_CORE,yes,Present in 2025 BIBLE and fresh 2026 DWR Hunt Planner table.,LIVE_2026_AND_2025_BIBLE,CONTINUITY,DB,2025,yes,no,yes,yes,OK,LIVE_AND_DATABASE,MATCH,LIVE_DWR_RES_NR_SPLIT,"Beaver, West",Deer,Buck,Muzzleloader,Limited Entry,4,1,5,4,1,5,yes,yes,no,no,DEER_BUCK_DB_DIRECT,SOURCE_MATCHES_RECOMMENDED,5,HIGH_CONFIRMED_2PLUS,HANUMBER,5,PROMOTE_CANDIDATE_AFTER_REVIEW,https://dwrapps.utah.gov/huntboundary/HuntTableData?species=Deer&gender=Buck
DB1112,CORE_DRAW_RESULTS_CONTINUING,CLOSED_CORE,yes,Present in 2025 BIBLE and fresh 2026 DWR Hunt Planner table.,LIVE_2026_AND_2025_BIBLE,CONTINUITY,DB,2025,yes,no,yes,yes,OK,LIVE_AND_DATABASE,MATCH,LIVE_DWR_RES_NR_SPLIT,"West Desert, Swasey",Deer,Buck,Muzzleloader,Limited Entry,4,1,5,4,1,5,yes,yes,no,no,DEER_BUCK_DB_DIRECT,SOURCE_MATCHES_RECOMMENDED,5,HIGH_CONFIRMED_2PLUS,HANUMBER,5,PROMOTE_CANDIDATE_AFTER_REVIEW,https://dwrapps.utah.gov/huntboundary/HuntTableData?species=Deer&gender=Buck
DB1113,CORE_DRAW_RESULTS_CONTINUING,CLOSED_CORE,yes,Present in 2025 BIBLE and fresh 2026 DWR Hunt Planner table.,LIVE_2026_AND_2025_BIBLE,CONTINUITY,DB,2025,yes,no,yes,yes,OK,LIVE_AND_DATABASE,MATCH,LIVE_DWR_RES_NR_SPLIT,Oquirrh/Tintic,Deer,Buck,Muzzleloader,Limited Entry,10,1,11,10,1,11,yes,yes,no,no,DEER_BUCK_DB_DIRECT,SOURCE_MATCHES_RECOMMENDED,11,HIGH_CONFIRMED_2PLUS,HANUMBER,11,PROMOTE_CANDIDATE_AFTER_REVIEW,https://dwrapps.utah.gov/huntboundary/HuntTableData?species=Deer&gender=Buck
DB1114,CORE_DRAW_RESULTS_CONTINUING,CLOSED_CORE,yes,Present in 2025 BIBLE and fresh 2026 DWR Hunt Planner table.,LIVE_2026_AND_2025_BIBLE,CONTINUITY,DB,2025,yes,no,yes,yes,OK,LIVE_AND_DATABASE,MATCH,LIVE_DWR_RES_NR_SPLIT,Cedar/Stansbury,Deer,Buck,Muzzleloader,Limited Entry,5,1,6,5,1,6,yes,yes,no,no,DEER_BUCK_DB_DIRECT,SOURCE_MATCHES_RECOMMENDED,6,HIGH_CONFIRMED_2PLUS,HANUMBER,6,PROMOTE_CANDIDATE_AFTER_REVIEW,https://dwrapps.utah.gov/huntboundary/HuntTableData?species=Deer&gender=Buck
DB1115,CORE_DRAW_RESULTS_CONTINUING,CLOSED_CORE,yes,Present in 2025 BIBLE and fresh 2026 DWR Hunt Planner table.,LIVE_2026_AND_2025_BIBLE,CONTINUITY,DB,2025,yes,no,yes,yes,OK,LIVE_AND_DATABASE,MATCH,LIVE_DWR_RES_NR_SPLIT,Little Rockies,Deer,Buck,Any Legal Weapon,Limited Entry,4,1,5,4,1,5,yes,yes,no,no,DEER_BUCK_DB_DIRECT,SOURCE_MATCHES_RECOMMENDED,5,HIGH_CONFIRMED_2PLUS,HANUMBER,5,PROMOTE_CANDIDATE_AFTER_REVIEW,https://dwrapps.utah.gov/huntboundary/HuntTableData?species=Deer&gender=Buck
DB1116,CORE_DRAW_RESULTS_CONTINUING,CLOSED_CORE,yes,Present in 2025 BIBLE and fresh 2026 DWR Hunt Planner table.,LIVE_2026_AND_2025_BIBLE,CONTINUITY,DB,2025,yes,no,yes,yes,OK,LIVE_AND_DATABASE,MATCH,LIVE_DWR_RES_NR_SPLIT,"San Juan, Mancos Mesa",Deer,Buck,"HAMSS (Handgun, Archery, Muzzleloader, Shotgun or Straight-walled rifle)",Limited Entry,4,1,5,4,1,5,yes,yes,no,no,DEER_BUCK_DB_DIRECT,SOURCE_MATCHES_RECOMMENDED,5,HIGH_CONFIRMED_2PLUS,HANUMBER,5,PROMOTE_CANDIDATE_AFTER_REVIEW,https://dwrapps.utah.gov/huntboundary/HuntTableData?species=Deer&gender=Buck
DB1118,SEPARATE_CONSERVATION_LAYER,CLOSED_SEPARATE_LAYER,no,"Conservation permit family; use separate conservation layer, not core-count inflation.",LIVE_2026_NOT_IN_2025_BIBLE,CONSERVATION_CURRENT_PLANNER,DB,,no,no,yes,yes,OK,LIVE_AND_DATABASE,LIVE_NO_QUOTA_DATABASE_PRESERVED,LIVE_DWR_NO_QUOTA_PUBLISHED,Dolores Triangle,Deer,Buck,Multiseason,Conservation,,,,,,1,no,no,yes,yes,CONSERVATION_PERMITS_DIRECT|DEER_BUCK_DB_DIRECT,SOURCE_MATCHES_DATABASE|SOURCE_NO_PERMIT_VALUE,,REVIEW_REQUIRED,NONE_EXTERNAL_DATABASE_REFERENCE_ONLY,,FIND_EXTERNAL_SOURCE_BEFORE_PROMOTION,https://dwrapps.utah.gov/huntboundary/HuntTableData?species=Deer&gender=Buck
DB1119,CORE_DRAW_RESULTS_CONTINUING,CLOSED_CORE,yes,Present in 2025 BIBLE and fresh 2026 DWR Hunt Planner table.,LIVE_2026_AND_2025_BIBLE,CONTINUITY,DB,2025,yes,no,yes,yes,OK,LIVE_AND_DATABASE,MATCH,LIVE_DWR_RES_NR_SPLIT,Moab Valley,Deer,Buck,Any Legal Weapon,Limited Entry,9,1,10,9,1,10,yes,yes,no,no,DEER_BUCK_DB_DIRECT,SOURCE_MATCHES_RECOMMENDED,10,HIGH_CONFIRMED_2PLUS,HANUMBER,10,PROMOTE_CANDIDATE_AFTER_REVIEW,https://dwrapps.utah.gov/huntboundary/HuntTableData?species=Deer&gender=Buck
DB1120,CORE_DRAW_RESULTS_CONTINUING,CLOSED_CORE,yes,Present in 2025 BIBLE and fresh 2026 DWR Hunt Planner table.,LIVE_2026_AND_2025_BIBLE,CONTINUITY,DB,2025,yes,no,yes,yes,OK,LIVE_AND_DATABASE,MATCH,LIVE_DWR_RES_NR_SPLIT,Castle Valley,Deer,Buck,Any Legal Weapon,Limited Entry,13,2,15,13,2,15,yes,yes,no,no,DEER_BUCK_DB_DIRECT,SOURCE_MATCHES_RECOMMENDED,15,HIGH_CONFIRMED_2PLUS,HANUMBER,15,PROMOTE_CANDIDATE_AFTER_REVIEW,https://dwrapps.utah.gov/huntboundary/HuntTableData?species=Deer&gender=Buck
DB1121,CONFIRMED_2026_NEW_OR_OMITTED_DIRECT_SOURCE,REVIEW,maybe,"Not in 2025 BIBLE, but direct 2026 source matches current reconciliation; review as new or BIBLE omission.",LIVE_2026_NOT_IN_2025_BIBLE,OTHER_CURRENT_PLANNER_NOT_IN_2025_BIBLE,DB,,no,no,yes,yes,OK,LIVE_AND_DATABASE,MATCH,LIVE_DWR_RES_NR_SPLIT,Antelope Island,Deer,Buck,Any Legal Weapon,Management Buck Deer,2,0,2,2,0,2,yes,yes,no,no,DEER_BUCK_DB_DIRECT,SOURCE_TOTAL_MATCHES_RECOMMENDED,2,HIGH_CONFIRMED_2PLUS,HANUMBER,2,PROMOTE_CANDIDATE_AFTER_REVIEW,https://dwrapps.utah.gov/huntboundary/HuntTableData?species=Deer&gender=Buck
DB1200,CORE_DRAW_RESULTS_CONTINUING,CLOSED_CORE,yes,Present in 2025 BIBLE and fresh 2026 DWR Hunt Planner table.,LIVE_2026_AND_2025_BIBLE,CONTINUITY,DB,2020|2021|2022|2023|2024|2025,yes,no,yes,yes,OK,LIVE_AND_DATABASE,TOTAL_MATCH_SPLIT_DIFFERS,LIVE_DWR_CWMU_TOTAL_ONLY_FROM_QUOTA_RES,Alton - Premium Buck CWMU,Deer,Buck,Any Legal Weapon,CWMU,,,3,3,0,3,yes,yes,no,no,DEER_BUCK_DB_DIRECT,SOURCE_TOTAL_MATCHES_RECOMMENDED,3,HIGH_CONFIRMED_2PLUS,HANUMBER,3,PROMOTE_CANDIDATE_AFTER_REVIEW,https://dwrapps.utah.gov/huntboundary/HuntTableData?species=Deer&gender=Buck
DB1201,CORE_DRAW_RESULTS_CONTINUING,CLOSED_CORE,yes,Present in 2025 BIBLE and fresh 2026 DWR Hunt Planner table.,LIVE_2026_AND_2025_BIBLE,CONTINUITY,DB,2020|2021|2022|2023|2024|2025,yes,no,yes,yes,OK,LIVE_AND_DATABASE,TOTAL_MATCH_SPLIT_DIFFERS,LIVE_DWR_CWMU_TOTAL_ONLY_FROM_QUOTA_RES,Alton - Management Buck CWMU,Deer,Buck,Any Legal Weapon,CWMU,,,1,1,0,1,yes,yes,no,no,DEER_BUCK_DB_DIRECT,SOURCE_TOTAL_MATCHES_RECOMMENDED,1,HIGH_CONFIRMED_2PLUS,HANUMBER,1,PROMOTE_CANDIDATE_AFTER_REVIEW,https://dwrapps.utah.gov/huntboundary/HuntTableData?species=Deer&gender=Buck
DB1202,CORE_DRAW_RESULTS_CONTINUING,CLOSED_CORE,yes,Present in 2025 BIBLE and fresh 2026 DWR Hunt Planner table.,LIVE_2026_AND_2025_BIBLE,CONTINUITY,DB,2020|2021|2022|2023|2024|2025,yes,no,yes,yes,OK,LIVE_AND_DATABASE,TOTAL_MATCH_SPLIT_DIFFERS,LIVE_DWR_CWMU_TOTAL_ONLY_FROM_QUOTA_RES,Antelope Creek CWMU,Deer,Buck,Any Legal Weapon,CWMU,,,1,1,0,1,yes,yes,no,no,DEER_BUCK_DB_DIRECT,SOURCE_TOTAL_MATCHES_RECOMMENDED,1,HIGH_CONFIRMED_2PLUS,HANUMBER,1,PROMOTE_CANDIDATE_AFTER_REVIEW,https://dwrapps.utah.gov/huntboundary/HuntTableData?species=Deer&gender=Buck
DB1203,CORE_DRAW_RESULTS_CONTINUING,CLOSED_CORE,yes,Present in 2025 BIBLE and fresh 2026 DWR Hunt Planner table.,LIVE_2026_AND_2025_BIBLE,CONTINUITY,DB,2020|2021|2022|2023|2024|2025,yes,no,yes,yes,OK,LIVE_AND_DATABASE,TOTAL_MATCH_SPLIT_DIFFERS,LIVE_DWR_CWMU_TOTAL_ONLY_FROM_QUOTA_RES,Avintaquin Canyon CWMU,Deer,Buck,Any Legal Weapon,CWMU,,,1,1,0,1,yes,yes,no,no,DEER_BUCK_DB_DIRECT,SOURCE_TOTAL_MATCHES_RECOMMENDED,1,HIGH_CONFIRMED_2PLUS,HANUMBER,1,PROMOTE_CANDIDATE_AFTER_REVIEW,https://dwrapps.utah.gov/huntboundary/HuntTableData?species=Deer&gender=Buck
DB1204,CORE_DRAW_RESULTS_CONTINUING,CLOSED_CORE,yes,Present in 2025 BIBLE and fresh 2026 DWR Hunt Planner table.,LIVE_2026_AND_2025_BIBLE,CONTINUITY,DB,2020|2021|2022|2023|2024|2025,yes,no,yes,yes,OK,LIVE_AND_DATABASE,TOTAL_MATCH_SPLIT_DIFFERS,LIVE_DWR_CWMU_TOTAL_ONLY_FROM_QUOTA_RES,Bally Watts CWMU,Deer,Buck,Any Legal Weapon,CWMU,,,1,1,0,1,yes,yes,no,no,DEER_BUCK_DB_DIRECT,SOURCE_TOTAL_MATCHES_RECOMMENDED,1,HIGH_CONFIRMED_2PLUS,HANUMBER,1,PROMOTE_CANDIDATE_AFTER_REVIEW,https://dwrapps.utah.gov/huntboundary/HuntTableData?species=Deer&gender=Buck
DB1205,CORE_DRAW_RESULTS_CONTINUING,CLOSED_CORE,yes,Present in 2025 BIBLE and fresh 2026 DWR Hunt Planner table.,LIVE_2026_AND_2025_BIBLE,CONTINUITY,DB,2020|2021|2022|2023|2024|2025,yes,no,yes,yes,OK,LIVE_AND_DATABASE,TOTAL_MATCH_SPLIT_DIFFERS,LIVE_DWR_CWMU_TOTAL_ONLY_FROM_QUOTA_RES,Bar J Ranch CWMU,Deer,Buck,Any Legal Weapon,CWMU,,,1,1,0,1,yes,yes,no,no,DEER_BUCK_DB_DIRECT,SOURCE_TOTAL_MATCHES_RECOMMENDED,1,HIGH_CONFIRMED_2PLUS,HANUMBER,1,PROMOTE_CANDIDATE_AFTER_REVIEW,https://dwrapps.utah.gov/huntboundary/HuntTableData?species=Deer&gender=Buck
DB1206,CORE_DRAW_RESULTS_CONTINUING,CLOSED_CORE,yes,Present in 2025 BIBLE and fresh 2026 DWR Hunt Planner table.,LIVE_2026_AND_2025_BIBLE,CONTINUITY,DB,2020|2021|2022|2023|2024|2025,yes,no,yes,yes,OK,LIVE_AND_DATABASE,TOTAL_MATCH_SPLIT_DIFFERS,LIVE_DWR_CWMU_TOTAL_ONLY_FROM_QUOTA_RES,Bear Mountain CWMU,Deer,Buck,Any Legal Weapon,CWMU,,,1,1,0,1,yes,yes,no,no,DEER_BUCK_DB_DIRECT,SOURCE_TOTAL_MATCHES_RECOMMENDED,1,HIGH_CONFIRMED_2PLUS,HANUMBER,1,PROMOTE_CANDIDATE_AFTER_REVIEW,https://dwrapps.utah.gov/huntboundary/HuntTableData?species=Deer&gender=Buck
DB1207,CORE_DRAW_RESULTS_CONTINUING,CLOSED_CORE,yes,Present in 2025 BIBLE and fresh 2026 DWR Hunt Planner table.,LIVE_2026_AND_2025_BIBLE,CONTINUITY,DB,2020|2021|2022|2023|2024|2025,yes,no,yes,yes,OK,LIVE_AND_DATABASE,TOTAL_MATCH_SPLIT_DIFFERS,LIVE_DWR_CWMU_TOTAL_ONLY_FROM_QUOTA_RES,Bear Springs CWMU,Deer,Buck,Any Legal Weapon,CWMU,,,1,1,0,1,yes,yes,no,no,DEER_BUCK_DB_DIRECT,SOURCE_TOTAL_MATCHES_RECOMMENDED,1,HIGH_CONFIRMED_2PLUS,HANUMBER,1,PROMOTE_CANDIDATE_AFTER_REVIEW,https://dwrapps.utah.gov/huntboundary/HuntTableData?species=Deer&gender=Buck
DB1208,CORE_DRAW_RESULTS_CONTINUING,CLOSED_CORE,yes,Present in 2025 BIBLE and fresh 2026 DWR Hunt Planner table.,LIVE_2026_AND_2025_BIBLE,CONTINUITY,DB,2020|2023|2024|2025,yes,no,yes,yes,OK,LIVE_AND_DATABASE,TOTAL_MATCH_SPLIT_DIFFERS,LIVE_DWR_CWMU_TOTAL_ONLY_FROM_QUOTA_RES,Blackhawk CWMU,Deer,Buck,Any Legal Weapon,CWMU,,,2,2,0,2,yes,yes,no,no,DEER_BUCK_DB_DIRECT,SOURCE_TOTAL_MATCHES_RECOMMENDED,2,HIGH_CONFIRMED_2PLUS,HANUMBER,2,PROMOTE_CANDIDATE_AFTER_REVIEW,https://dwrapps.utah.gov/huntboundary/HuntTableData?species=Deer&gender=Buck
DB1209,CORE_DRAW_RESULTS_CONTINUING,CLOSED_CORE,yes,Present in 2025 BIBLE and fresh 2026 DWR Hunt Planner table.,LIVE_2026_AND_2025_BIBLE,CONTINUITY,DB,2020|2021|2022|2023|2024|2025,yes,no,yes,yes,OK,LIVE_AND_DATABASE,TOTAL_MATCH_SPLIT_DIFFERS,LIVE_DWR_CWMU_TOTAL_ONLY_FROM_QUOTA_RES,Blind Springs CWMU,Deer,Buck,Any Legal Weapon,CWMU,,,1,1,0,1,yes,yes,no,no,DEER_BUCK_DB_DIRECT,SOURCE_TOTAL_MATCHES_RECOMMENDED,1,HIGH_CONFIRMED_2PLUS,HANUMBER,1,PROMOTE_CANDIDATE_AFTER_REVIEW,https://dwrapps.utah.gov/huntboundary/HuntTableData?species=Deer&gender=Buck
DB1210,HISTORICAL_LIBRARY_ONLY,CLOSED_HISTORICAL,no,Historical BIBLE-library code not part of current 2026 live table.,BIBLE_HISTORICAL_ONLY,HISTORICAL_LIBRARY,DB,2020|2021,no,no,no,no,,,,,,,,,,,,,,,,no,no,no,no,,,,,,,,
DB1211,CORE_DRAW_RESULTS_CONTINUING,CLOSED_CORE,yes,Present in 2025 BIBLE and fresh 2026 DWR Hunt Planner table.,LIVE_2026_AND_2025_BIBLE,CONTINUITY,DB,2020|2021|2022|2023|2024|2025,yes,no,yes,yes,OK,LIVE_AND_DATABASE,TOTAL_MATCH_SPLIT_DIFFERS,LIVE_DWR_CWMU_TOTAL_ONLY_FROM_QUOTA_RES,Blue Spring Hills CWMU,Deer,Buck,Any Legal Weapon,CWMU,,,1,1,0,1,yes,yes,no,no,DEER_BUCK_DB_DIRECT,SOURCE_TOTAL_MATCHES_RECOMMENDED,1,HIGH_CONFIRMED_2PLUS,HANUMBER,1,PROMOTE_CANDIDATE_AFTER_REVIEW,https://dwrapps.utah.gov/huntboundary/HuntTableData?species=Deer&gender=Buck
DB1212,CORE_DRAW_RESULTS_CONTINUING,CLOSED_CORE,yes,Present in 2025 BIBLE and fresh 2026 DWR Hunt Planner table.,LIVE_2026_AND_2025_BIBLE,CONTINUITY,DB,2020|2021|2022|2023|2024|2025,yes,no,yes,yes,OK,LIVE_AND_DATABASE,TOTAL_MATCH_SPLIT_DIFFERS,LIVE_DWR_CWMU_TOTAL_ONLY_FROM_QUOTA_RES,Bluebell CWMU,Deer,Buck,Any Legal Weapon,CWMU,,,1,1,0,1,yes,yes,no,no,DEER_BUCK_DB_DIRECT,SOURCE_TOTAL_MATCHES_RECOMMENDED,1,HIGH_CONFIRMED_2PLUS,HANUMBER,1,PROMOTE_CANDIDATE_AFTER_REVIEW,https://dwrapps.utah.gov/huntboundary/HuntTableData?species=Deer&gender=Buck
DB1213,CORE_DRAW_RESULTS_CONTINUING,CLOSED_CORE,yes,Present in 2025 BIBLE and fresh 2026 DWR Hunt Planner table.,LIVE_2026_AND_2025_BIBLE,CONTINUITY,DB,2020|2021|2022|2023|2024|2025,yes,no,yes,yes,OK,LIVE_AND_DATABASE,TOTAL_MATCH_SPLIT_DIFFERS,LIVE_DWR_CWMU_TOTAL_ONLY_FROM_QUOTA_RES,Boobe Hole CWMU,Deer,Buck,Any Legal Weapon,CWMU,,,2,2,0,2,yes,yes,no,no,DEER_BUCK_DB_DIRECT,SOURCE_TOTAL_MATCHES_RECOMMENDED,2,HIGH_CONFIRMED_2PLUS,HANUMBER,2,PROMOTE_CANDIDATE_AFTER_REVIEW,https://dwrapps.utah.gov/huntboundary/HuntTableData?species=Deer&gender=Buck
DB1215,CORE_DRAW_RESULTS_CONTINUING,CLOSED_CORE,yes,Present in 2025 BIBLE and fresh 2026 DWR Hunt Planner table.,LIVE_2026_AND_2025_BIBLE,CONTINUITY,DB,2020|2021|2022|2023|2024|2025,yes,no,yes,yes,OK,LIVE_AND_DATABASE,TOTAL_MATCH_SPLIT_DIFFERS,LIVE_DWR_CWMU_TOTAL_ONLY_FROM_QUOTA_RES,Buckhorn Ranch CWMU,Deer,Buck,Any Legal Weapon,CWMU,,,1,1,0,1,yes,yes,no,no,DEER_BUCK_DB_DIRECT,SOURCE_TOTAL_MATCHES_RECOMMENDED,1,HIGH_CONFIRMED_2PLUS,HANUMBER,1,PROMOTE_CANDIDATE_AFTER_REVIEW,https://dwrapps.utah.gov/huntboundary/HuntTableData?species=Deer&gender=Buck
DB1216,CORE_DRAW_RESULTS_CONTINUING,CLOSED_CORE,yes,Present in 2025 BIBLE and fresh 2026 DWR Hunt Planner table.,LIVE_2026_AND_2025_BIBLE,CONTINUITY,DB,2020|2021|2022|2023|2025,yes,no,yes,yes,OK,LIVE_AND_DATABASE,TOTAL_MATCH_SPLIT_DIFFERS,LIVE_DWR_CWMU_TOTAL_ONLY_FROM_QUOTA_RES,Castle Valley Outdoors CWMU,Deer,Buck,Any Legal Weapon,CWMU,,,1,1,0,1,yes,yes,no,no,DEER_BUCK_DB_DIRECT,SOURCE_TOTAL_MATCHES_RECOMMENDED,1,HIGH_CONFIRMED_2PLUS,HANUMBER,1,PROMOTE_CANDIDATE_AFTER_REVIEW,https://dwrapps.utah.gov/huntboundary/HuntTableData?species=Deer&gender=Buck
DB1217,CORE_DRAW_RESULTS_CONTINUING,CLOSED_CORE,yes,Present in 2025 BIBLE and fresh 2026 DWR Hunt Planner table.,LIVE_2026_AND_2025_BIBLE,CONTINUITY,DB,2020|2021|2022|2023|2024|2025,yes,no,yes,yes,OK,LIVE_AND_DATABASE,TOTAL_MATCH_SPLIT_DIFFERS,LIVE_DWR_CWMU_TOTAL_ONLY_FROM_QUOTA_RES,Causey Spring CWMU,Deer,Buck,Any Legal Weapon,CWMU,,,1,1,0,1,yes,yes,no,no,DEER_BUCK_DB_DIRECT,SOURCE_TOTAL_MATCHES_RECOMMENDED,1,HIGH_CONFIRMED_2PLUS,HANUMBER,1,PROMOTE_CANDIDATE_AFTER_REVIEW,https://dwrapps.utah.gov/huntboundary/HuntTableData?species=Deer&gender=Buck
DB1219,CORE_DRAW_RESULTS_CONTINUING,CLOSED_CORE,yes,Present in 2025 BIBLE and fresh 2026 DWR Hunt Planner table.,LIVE_2026_AND_2025_BIBLE,CONTINUITY,DB,2020|2021|2022|2023|2024|2025,yes,no,yes,yes,OK,LIVE_AND_DATABASE,TOTAL_MATCH_SPLIT_DIFFERS,LIVE_DWR_CWMU_TOTAL_ONLY_FROM_QUOTA_RES,Chimney Rock CWMU,Deer,Buck,Any Legal Weapon,CWMU,,,2,2,0,2,yes,yes,no,no,DEER_BUCK_DB_DIRECT,SOURCE_TOTAL_MATCHES_RECOMMENDED,2,HIGH_CONFIRMED_2PLUS,HANUMBER,2,PROMOTE_CANDIDATE_AFTER_REVIEW,https://dwrapps.utah.gov/huntboundary/HuntTableData?species=Deer&gender=Buck
DB1221,HISTORICAL_LIBRARY_ONLY,CLOSED_HISTORICAL,no,Historical BIBLE-library code not part of current 2026 live table.,BIBLE_HISTORICAL_ONLY,HISTORICAL_LIBRARY,DB,2020,no,no,no,no,,,,,,,,,,,,,,,,no,no,no,no,,,,,,,,
DB1222,CORE_DRAW_RESULTS_CONTINUING,CLOSED_CORE,yes,Present in 2025 BIBLE and fresh 2026 DWR Hunt Planner table.,LIVE_2026_AND_2025_BIBLE,CONTINUITY,DB,2020|2021|2022|2023|2024|2025,yes,no,yes,yes,OK,LIVE_AND_DATABASE,TOTAL_MATCH_SPLIT_DIFFERS,LIVE_DWR_CWMU_TOTAL_ONLY_FROM_QUOTA_RES,Coldwater Ranch CWMU,Deer,Buck,Any Legal Weapon,CWMU,,,2,2,0,2,yes,yes,no,no,DEER_BUCK_DB_DIRECT,SOURCE_TOTAL_MATCHES_RECOMMENDED,2,HIGH_CONFIRMED_2PLUS,HANUMBER,2,PROMOTE_CANDIDATE_AFTER_REVIEW,https://dwrapps.utah.gov/huntboundary/HuntTableData?species=Deer&gender=Buck
DB1223,HISTORICAL_LIBRARY_ONLY,CLOSED_HISTORICAL,no,Historical BIBLE-library code not part of current 2026 live table.,BIBLE_HISTORICAL_ONLY,HISTORICAL_LIBRARY,DB,2020|2021|2022|2023,no,no,no,no,,,,,,,,,,,,,,,,no,no,no,no,,,,,,,,
DB1224,CORE_DRAW_RESULTS_CONTINUING,CLOSED_CORE,yes,Present in 2025 BIBLE and fresh 2026 DWR Hunt Planner table.,LIVE_2026_AND_2025_BIBLE,CONTINUITY,DB,2020|2021|2022|2023|2024|2025,yes,no,yes,yes,OK,LIVE_AND_DATABASE,TOTAL_MATCH_SPLIT_DIFFERS,LIVE_DWR_CWMU_TOTAL_ONLY_FROM_QUOTA_RES,Cotton Thomas CWMU,Deer,Buck,Any Legal Weapon,CWMU,,,1,1,0,1,yes,yes,no,no,DEER_BUCK_DB_DIRECT,SOURCE_TOTAL_MATCHES_RECOMMENDED,1,HIGH_CONFIRMED_2PLUS,HANUMBER,1,PROMOTE_CANDIDATE_AFTER_REVIEW,https://dwrapps.utah.gov/huntboundary/HuntTableData?species=Deer&gender=Buck
DB1225,HISTORICAL_LIBRARY_ONLY,CLOSED_HISTORICAL,no,Historical BIBLE-library code not part of current 2026 live table.,BIBLE_HISTORICAL_ONLY,HISTORICAL_LIBRARY,DB,2020,no,no,no,no,,,,,,,,,,,,,,,,no,no,no,no,,,,,,,,
DB1227,CORE_DRAW_RESULTS_CONTINUING,CLOSED_CORE,yes,Present in 2025 BIBLE and fresh 2026 DWR Hunt Planner table.,LIVE_2026_AND_2025_BIBLE,CONTINUITY,DB,2020|2021|2022|2023|2024|2025,yes,no,yes,yes,OK,LIVE_AND_DATABASE,TOTAL_MATCH_SPLIT_DIFFERS,LIVE_DWR_CWMU_TOTAL_ONLY_FROM_QUOTA_RES,Deer Haven CWMU,Deer,Buck,Any Legal Weapon,CWMU,,,2,2,0,2,yes,yes,no,no,DEER_BUCK_DB_DIRECT,SOURCE_TOTAL_MATCHES_RECOMMENDED,2,HIGH_CONFIRMED_2PLUS,HANUMBER,2,PROMOTE_CANDIDATE_AFTER_REVIEW,https://dwrapps.utah.gov/huntboundary/HuntTableData?species=Deer&gender=Buck
DB1228,CORE_DRAW_RESULTS_CONTINUING,CLOSED_CORE,yes,Present in 2025 BIBLE and fresh 2026 DWR Hunt Planner table.,LIVE_2026_AND_2025_BIBLE,CONTINUITY,DB,2020|2021|2022|2023|2024|2025,yes,no,yes,yes,OK,LIVE_AND_DATABASE,TOTAL_MATCH_SPLIT_DIFFERS,LIVE_DWR_CWMU_TOTAL_ONLY_FROM_QUOTA_RES,Deseret CWMU,Deer,Buck,Any Legal Weapon,CWMU,,,13,13,0,13,yes,yes,no,no,DEER_BUCK_DB_DIRECT,SOURCE_TOTAL_MATCHES_RECOMMENDED,13,HIGH_CONFIRMED_2PLUS,HANUMBER,13,PROMOTE_CANDIDATE_AFTER_REVIEW,https://dwrapps.utah.gov/huntboundary/HuntTableData?species=Deer&gender=Buck
DB1229,CORE_DRAW_RESULTS_CONTINUING,CLOSED_CORE,yes,Present in 2025 BIBLE and fresh 2026 DWR Hunt Planner table.,LIVE_2026_AND_2025_BIBLE,CONTINUITY,DB,2020|2021|2022|2023|2024|2025,yes,no,yes,yes,OK,LIVE_AND_DATABASE,TOTAL_MATCH_SPLIT_DIFFERS,LIVE_DWR_CWMU_TOTAL_ONLY_FROM_QUOTA_RES,Dilly Ranch CWMU,Deer,Buck,Any Legal Weapon,CWMU,,,1,1,0,1,yes,yes,no,no,DEER_BUCK_DB_DIRECT,SOURCE_TOTAL_MATCHES_RECOMMENDED,1,HIGH_CONFIRMED_2PLUS,HANUMBER,1,PROMOTE_CANDIDATE_AFTER_REVIEW,https://dwrapps.utah.gov/huntboundary/HuntTableData?species=Deer&gender=Buck
DB1230,CORE_DRAW_RESULTS_CONTINUING,CLOSED_CORE,yes,Present in 2025 BIBLE and fresh 2026 DWR Hunt Planner table.,LIVE_2026_AND_2025_BIBLE,CONTINUITY,DB,2020|2021|2022|2023|2024|2025,yes,no,yes,yes,OK,LIVE_AND_DATABASE,TOTAL_MATCH_SPLIT_DIFFERS,LIVE_DWR_CWMU_TOTAL_ONLY_FROM_QUOTA_RES,Double R Ranch CWMU,Deer,Buck,Any Legal Weapon,CWMU,,,2,2,0,2,yes,yes,no,no,DEER_BUCK_DB_DIRECT,SOURCE_TOTAL_MATCHES_RECOMMENDED,2,HIGH_CONFIRMED_2PLUS,HANUMBER,2,PROMOTE_CANDIDATE_AFTER_REVIEW,https://dwrapps.utah.gov/huntboundary/HuntTableData?species=Deer&gender=Buck
DB1231,CORE_DRAW_RESULTS_CONTINUING,CLOSED_CORE,yes,Present in 2025 BIBLE and fresh 2026 DWR Hunt Planner table.,LIVE_2026_AND_2025_BIBLE,CONTINUITY,DB,2020|2021|2022|2023|2024|2025,yes,no,yes,yes,OK,LIVE_AND_DATABASE,TOTAL_MATCH_SPLIT_DIFFERS,LIVE_DWR_CWMU_TOTAL_ONLY_FROM_QUOTA_RES,Dove Creek CWMU,Deer,Buck,Any Legal Weapon,CWMU,,,2,2,0,2,yes,yes,no,no,DEER_BUCK_DB_DIRECT,SOURCE_TOTAL_MATCHES_RECOMMENDED,2,HIGH_CONFIRMED_2PLUS,HANUMBER,2,PROMOTE_CANDIDATE_AFTER_REVIEW,https://dwrapps.utah.gov/huntboundary/HuntTableData?species=Deer&gender=Buck
DB1232,CORE_DRAW_RESULTS_CONTINUING,CLOSED_CORE,yes,Present in 2025 BIBLE and fresh 2026 DWR Hunt Planner table.,LIVE_2026_AND_2025_BIBLE,CONTINUITY,DB,2020|2021|2022|2023|2024|2025,yes,no,yes,yes,OK,LIVE_AND_DATABASE,TOTAL_MATCH_SPLIT_DIFFERS,LIVE_DWR_CWMU_TOTAL_ONLY_FROM_QUOTA_RES,Durst Mountain CWMU,Deer,Buck,Any Legal Weapon,CWMU,,,2,2,0,2,yes,yes,no,no,DEER_BUCK_DB_DIRECT,SOURCE_TOTAL_MATCHES_RECOMMENDED,2,HIGH_CONFIRMED_2PLUS,HANUMBER,2,PROMOTE_CANDIDATE_AFTER_REVIEW,https://dwrapps.utah.gov/huntboundary/HuntTableData?species=Deer&gender=Buck
DB1233,CORE_DRAW_RESULTS_CONTINUING,CLOSED_CORE,yes,Present in 2025 BIBLE and fresh 2026 DWR Hunt Planner table.,LIVE_2026_AND_2025_BIBLE,CONTINUITY,DB,2020|2021|2022|2023|2024|2025,yes,no,yes,yes,OK,LIVE_AND_DATABASE,TOTAL_MATCH_SPLIT_DIFFERS,LIVE_DWR_CWMU_TOTAL_ONLY_FROM_QUOTA_RES,East Fork Chalk Creek CWMU,Deer,Buck,Any Legal Weapon,CWMU,,,4,4,0,4,yes,yes,no,no,DEER_BUCK_DB_DIRECT,SOURCE_TOTAL_MATCHES_RECOMMENDED,4,HIGH_CONFIRMED_2PLUS,HANUMBER,4,PROMOTE_CANDIDATE_AFTER_REVIEW,https://dwrapps.utah.gov/huntboundary/HuntTableData?species=Deer&gender=Buck
DB1234,CORE_DRAW_RESULTS_CONTINUING,CLOSED_CORE,yes,Present in 2025 BIBLE and fresh 2026 DWR Hunt Planner table.,LIVE_2026_AND_2025_BIBLE,CONTINUITY,DB,2020|2021|2022|2023|2024|2025,yes,no,yes,yes,OK,LIVE_AND_DATABASE,TOTAL_MATCH_SPLIT_DIFFERS,LIVE_DWR_CWMU_TOTAL_ONLY_FROM_QUOTA_RES,East Zion CWMU,Deer,Buck,Any Legal Weapon,CWMU,,,1,1,0,1,yes,yes,no,no,DEER_BUCK_DB_DIRECT,SOURCE_TOTAL_MATCHES_RECOMMENDED,1,HIGH_CONFIRMED_2PLUS,HANUMBER,1,PROMOTE_CANDIDATE_AFTER_REVIEW,https://dwrapps.utah.gov/huntboundary/HuntTableData?species=Deer&gender=Buck
DB1236,CORE_DRAW_RESULTS_CONTINUING,CLOSED_CORE,yes,Present in 2025 BIBLE and fresh 2026 DWR Hunt Planner table.,LIVE_2026_AND_2025_BIBLE,CONTINUITY,DB,2020|2021|2022|2023|2024|2025,yes,no,yes,yes,OK,LIVE_AND_DATABASE,TOTAL_MATCH_SPLIT_DIFFERS,LIVE_DWR_CWMU_TOTAL_ONLY_FROM_QUOTA_RES,Engineer Springs CWMU,Deer,Buck,Any Legal Weapon,CWMU,,,1,1,0,1,yes,yes,no,no,DEER_BUCK_DB_DIRECT,SOURCE_TOTAL_MATCHES_RECOMMENDED,1,HIGH_CONFIRMED_2PLUS,HANUMBER,1,PROMOTE_CANDIDATE_AFTER_REVIEW,https://dwrapps.utah.gov/huntboundary/HuntTableData?species=Deer&gender=Buck
DB1237,CORE_DRAW_RESULTS_CONTINUING,CLOSED_CORE,yes,Present in 2025 BIBLE and fresh 2026 DWR Hunt Planner table.,LIVE_2026_AND_2025_BIBLE,CONTINUITY,DB,2020|2021|2022|2023|2024|2025,yes,no,yes,yes,OK,LIVE_AND_DATABASE,TOTAL_MATCH_SPLIT_DIFFERS,LIVE_DWR_CWMU_TOTAL_ONLY_FROM_QUOTA_RES,Ensign Ranches CWMU,Deer,Buck,Any Legal Weapon,CWMU,,,3,3,0,3,yes,yes,no,no,DEER_BUCK_DB_DIRECT,SOURCE_TOTAL_MATCHES_RECOMMENDED,3,HIGH_CONFIRMED_2PLUS,HANUMBER,3,PROMOTE_CANDIDATE_AFTER_REVIEW,https://dwrapps.utah.gov/huntboundary/HuntTableData?species=Deer&gender=Buck
DB1238,CORE_DRAW_RESULTS_CONTINUING,CLOSED_CORE,yes,Present in 2025 BIBLE and fresh 2026 DWR Hunt Planner table.,LIVE_2026_AND_2025_BIBLE,CONTINUITY,DB,2020|2021|2022|2023|2024|2025,yes,no,yes,yes,OK,LIVE_AND_DATABASE,TOTAL_MATCH_SPLIT_DIFFERS,LIVE_DWR_CWMU_TOTAL_ONLY_FROM_QUOTA_RES,Folley Ridge CWMU,Deer,Buck,Any Legal Weapon,CWMU,,,3,3,0,3,yes,yes,no,no,DEER_BUCK_DB_DIRECT,SOURCE_TOTAL_MATCHES_RECOMMENDED,3,HIGH_CONFIRMED_2PLUS,HANUMBER,3,PROMOTE_CANDIDATE_AFTER_REVIEW,https://dwrapps.utah.gov/huntboundary/HuntTableData?species=Deer&gender=Buck
DB1239,CORE_DRAW_RESULTS_CONTINUING,CLOSED_CORE,yes,Present in 2025 BIBLE and fresh 2026 DWR Hunt Planner table.,LIVE_2026_AND_2025_BIBLE,CONTINUITY,DB,2023|2024|2025,yes,no,yes,yes,OK,LIVE_AND_DATABASE,TOTAL_MATCH_SPLIT_DIFFERS,LIVE_DWR_CWMU_TOTAL_ONLY_FROM_QUOTA_RES,Fort Ranch CWMU,Deer,Buck,Any Legal Weapon,CWMU,,,1,1,0,1,yes,yes,no,no,DEER_BUCK_DB_DIRECT,SOURCE_TOTAL_MATCHES_RECOMMENDED,1,HIGH_CONFIRMED_2PLUS,HANUMBER,1,PROMOTE_CANDIDATE_AFTER_REVIEW,https://dwrapps.utah.gov/huntboundary/HuntTableData?species=Deer&gender=Buck
DB1240,CORE_DRAW_RESULTS_CONTINUING,CLOSED_CORE,yes,Present in 2025 BIBLE and fresh 2026 DWR Hunt Planner table.,LIVE_2026_AND_2025_BIBLE,CONTINUITY,DB,2020|2021|2022|2023|2024|2025,yes,no,yes,yes,OK,LIVE_AND_DATABASE,TOTAL_MATCH_SPLIT_DIFFERS,LIVE_DWR_CWMU_TOTAL_ONLY_FROM_QUOTA_RES,George Creek CWMU,Deer,Buck,Any Legal Weapon,CWMU,,,1,1,0,1,yes,yes,no,no,DEER_BUCK_DB_DIRECT,SOURCE_TOTAL_MATCHES_RECOMMENDED,1,HIGH_CONFIRMED_2PLUS,HANUMBER,1,PROMOTE_CANDIDATE_AFTER_REVIEW,https://dwrapps.utah.gov/huntboundary/HuntTableData?species=Deer&gender=Buck
DB1241,CORE_DRAW_RESULTS_CONTINUING,CLOSED_CORE,yes,Present in 2025 BIBLE and fresh 2026 DWR Hunt Planner table.,LIVE_2026_AND_2025_BIBLE,CONTINUITY,DB,2020|2021|2022|2023|2024|2025,yes,no,yes,yes,OK,LIVE_AND_DATABASE,TOTAL_MATCH_SPLIT_DIFFERS,LIVE_DWR_CWMU_TOTAL_ONLY_FROM_QUOTA_RES,Golden Spike CWMU,Deer,Buck,Any Legal Weapon,CWMU,,,1,1,0,1,yes,yes,no,no,DEER_BUCK_DB_DIRECT,SOURCE_TOTAL_MATCHES_RECOMMENDED,1,HIGH_CONFIRMED_2PLUS,HANUMBER,1,PROMOTE_CANDIDATE_AFTER_REVIEW,https://dwrapps.utah.gov/huntboundary/HuntTableData?species=Deer&gender=Buck
DB1242,CORE_DRAW_RESULTS_CONTINUING,CLOSED_CORE,yes,Present in 2025 BIBLE and fresh 2026 DWR Hunt Planner table.,LIVE_2026_AND_2025_BIBLE,CONTINUITY,DB,2020|2021|2022|2023|2024|2025,yes,no,yes,yes,OK,LIVE_AND_DATABASE,TOTAL_MATCH_SPLIT_DIFFERS,LIVE_DWR_CWMU_TOTAL_ONLY_FROM_QUOTA_RES,Grass Valley/Clark Canyon CWMU,Deer,Buck,Any Legal Weapon,CWMU,,,14,14,0,14,yes,yes,no,no,DEER_BUCK_DB_DIRECT,SOURCE_TOTAL_MATCHES_RECOMMENDED,14,HIGH_CONFIRMED_2PLUS,HANUMBER,14,PROMOTE_CANDIDATE_AFTER_REVIEW,https://dwrapps.utah.gov/huntboundary/HuntTableData?species=Deer&gender=Buck
DB1243,CORE_DRAW_RESULTS_CONTINUING,CLOSED_CORE,yes,Present in 2025 BIBLE and fresh 2026 DWR Hunt Planner table.,LIVE_2026_AND_2025_BIBLE,CONTINUITY,DB,2020|2021|2022|2023|2024|2025,yes,no,yes,yes,OK,LIVE_AND_DATABASE,TOTAL_MATCH_SPLIT_DIFFERS,LIVE_DWR_CWMU_TOTAL_ONLY_FROM_QUOTA_RES,Grazing Pasture CWMU,Deer,Buck,Any Legal Weapon,CWMU,,,1,1,0,1,yes,yes,no,no,DEER_BUCK_DB_DIRECT,SOURCE_TOTAL_MATCHES_RECOMMENDED,1,HIGH_CONFIRMED_2PLUS,HANUMBER,1,PROMOTE_CANDIDATE_AFTER_REVIEW,https://dwrapps.utah.gov/huntboundary/HuntTableData?species=Deer&gender=Buck
DB1244,CORE_DRAW_RESULTS_CONTINUING,CLOSED_CORE,yes,Present in 2025 BIBLE and fresh 2026 DWR Hunt Planner table.,LIVE_2026_AND_2025_BIBLE,CONTINUITY,DB,2020|2021|2022|2023|2024|2025,yes,no,yes,yes,OK,LIVE_AND_DATABASE,TOTAL_MATCH_SPLIT_DIFFERS,LIVE_DWR_CWMU_TOTAL_ONLY_FROM_QUOTA_RES,Green Canyon CWMU,Deer,Buck,Any Legal Weapon,CWMU,,,1,1,0,1,yes,yes,no,no,DEER_BUCK_DB_DIRECT,SOURCE_TOTAL_MATCHES_RECOMMENDED,1,HIGH_CONFIRMED_2PLUS,HANUMBER,1,PROMOTE_CANDIDATE_AFTER_REVIEW,https://dwrapps.utah.gov/huntboundary/HuntTableData?species=Deer&gender=Buck
DB1245,CORE_DRAW_RESULTS_CONTINUING,CLOSED_CORE,yes,Present in 2025 BIBLE and fresh 2026 DWR Hunt Planner table.,LIVE_2026_AND_2025_BIBLE,CONTINUITY,DB,2020|2021|2022|2023|2024|2025,yes,no,yes,yes,OK,LIVE_AND_DATABASE,TOTAL_MATCH_SPLIT_DIFFERS,LIVE_DWR_CWMU_TOTAL_ONLY_FROM_QUOTA_RES,Guildersleeve CWMU,Deer,Buck,Any Legal Weapon,CWMU,,,1,1,0,1,yes,yes,no,no,DEER_BUCK_DB_DIRECT,SOURCE_TOTAL_MATCHES_RECOMMENDED,1,HIGH_CONFIRMED_2PLUS,HANUMBER,1,PROMOTE_CANDIDATE_AFTER_REVIEW,https://dwrapps.utah.gov/huntboundary/HuntTableData?species=Deer&gender=Buck
DB1246,CORE_DRAW_RESULTS_CONTINUING,CLOSED_CORE,yes,Present in 2025 BIBLE and fresh 2026 DWR Hunt Planner table.,LIVE_2026_AND_2025_BIBLE,CONTINUITY,DB,2020|2021|2022|2023|2024|2025,yes,no,yes,yes,OK,LIVE_AND_DATABASE,TOTAL_MATCH_SPLIT_DIFFERS,LIVE_DWR_CWMU_TOTAL_ONLY_FROM_QUOTA_RES,Hardscrabble CWMU,Deer,Buck,Any Legal Weapon,CWMU,,,2,2,0,2,yes,yes,no,no,DEER_BUCK_DB_DIRECT,SOURCE_TOTAL_MATCHES_RECOMMENDED,2,HIGH_CONFIRMED_2PLUS,HANUMBER,2,PROMOTE_CANDIDATE_AFTER_REVIEW,https://dwrapps.utah.gov/huntboundary/HuntTableData?species=Deer&gender=Buck
DB1248,CORE_DRAW_RESULTS_CONTINUING,CLOSED_CORE,yes,Present in 2025 BIBLE and fresh 2026 DWR Hunt Planner table.,LIVE_2026_AND_2025_BIBLE,CONTINUITY,DB,2020|2021|2022|2023|2024|2025,yes,no,yes,yes,OK,LIVE_AND_DATABASE,TOTAL_MATCH_SPLIT_DIFFERS,LIVE_DWR_CWMU_TOTAL_ONLY_FROM_QUOTA_RES,Heaston East CWMU,Deer,Buck,Any Legal Weapon,CWMU,,,2,2,0,2,yes,yes,no,no,DEER_BUCK_DB_DIRECT,SOURCE_TOTAL_MATCHES_RECOMMENDED,2,HIGH_CONFIRMED_2PLUS,HANUMBER,2,PROMOTE_CANDIDATE_AFTER_REVIEW,https://dwrapps.utah.gov/huntboundary/HuntTableData?species=Deer&gender=Buck
DB1249,CORE_DRAW_RESULTS_CONTINUING,CLOSED_CORE,yes,Present in 2025 BIBLE and fresh 2026 DWR Hunt Planner table.,LIVE_2026_AND_2025_BIBLE,CONTINUITY,DB,2020|2021|2022|2023|2024|2025,yes,no,yes,yes,OK,LIVE_AND_DATABASE,TOTAL_MATCH_SPLIT_DIFFERS,LIVE_DWR_CWMU_TOTAL_ONLY_FROM_QUOTA_RES,Hiawatha CWMU,Deer,Buck,Any Legal Weapon,CWMU,,,1,1,0,1,yes,yes,no,no,DEER_BUCK_DB_DIRECT,SOURCE_TOTAL_MATCHES_RECOMMENDED,1,HIGH_CONFIRMED_2PLUS,HANUMBER,1,PROMOTE_CANDIDATE_AFTER_REVIEW,https://dwrapps.utah.gov/huntboundary/HuntTableData?species=Deer&gender=Buck
DB1250,CORE_DRAW_RESULTS_CONTINUING,CLOSED_CORE,yes,Present in 2025 BIBLE and fresh 2026 DWR Hunt Planner table.,LIVE_2026_AND_2025_BIBLE,CONTINUITY,DB,2020|2021|2022|2023|2024|2025,yes,no,yes,yes,OK,LIVE_AND_DATABASE,TOTAL_MATCH_SPLIT_DIFFERS,LIVE_DWR_CWMU_TOTAL_ONLY_FROM_QUOTA_RES,Indian Creek CWMU,Deer,Buck,Any Legal Weapon,CWMU,,,1,1,0,1,yes,yes,no,no,DEER_BUCK_DB_DIRECT,SOURCE_TOTAL_MATCHES_RECOMMENDED,1,HIGH_CONFIRMED_2PLUS,HANUMBER,1,PROMOTE_CANDIDATE_AFTER_REVIEW,https://dwrapps.utah.gov/huntboundary/HuntTableData?species=Deer&gender=Buck
DB1251,CORE_DRAW_RESULTS_CONTINUING,CLOSED_CORE,yes,Present in 2025 BIBLE and fresh 2026 DWR Hunt Planner table.,LIVE_2026_AND_2025_BIBLE,CONTINUITY,DB,2020|2021|2022|2023|2024|2025,yes,no,yes,yes,OK,LIVE_AND_DATABASE,TOTAL_MATCH_SPLIT_DIFFERS,LIVE_DWR_CWMU_TOTAL_ONLY_FROM_QUOTA_RES,Indian Head CWMU,Deer,Buck,Any Legal Weapon,CWMU,,,2,2,0,2,yes,yes,no,no,DEER_BUCK_DB_DIRECT,SOURCE_TOTAL_MATCHES_RECOMMENDED,2,HIGH_CONFIRMED_2PLUS,HANUMBER,2,PROMOTE_CANDIDATE_AFTER_REVIEW,https://dwrapps.utah.gov/huntboundary/HuntTableData?species=Deer&gender=Buck
DB1252,CORE_DRAW_RESULTS_CONTINUING,CLOSED_CORE,yes,Present in 2025 BIBLE and fresh 2026 DWR Hunt Planner table.,LIVE_2026_AND_2025_BIBLE,CONTINUITY,DB,2020|2021|2022|2023|2024|2025,yes,no,yes,yes,OK,LIVE_AND_DATABASE,TOTAL_MATCH_SPLIT_DIFFERS,LIVE_DWR_CWMU_TOTAL_ONLY_FROM_QUOTA_RES,Ingham Peak CWMU,Deer,Buck,Any Legal Weapon,CWMU,,,3,3,0,3,yes,yes,no,no,DEER_BUCK_DB_DIRECT,SOURCE_TOTAL_MATCHES_RECOMMENDED,3,HIGH_CONFIRMED_2PLUS,HANUMBER,3,PROMOTE_CANDIDATE_AFTER_REVIEW,https://dwrapps.utah.gov/huntboundary/HuntTableData?species=Deer&gender=Buck
DB1253,CORE_DRAW_RESULTS_CONTINUING,CLOSED_CORE,yes,Present in 2025 BIBLE and fresh 2026 DWR Hunt Planner table.,LIVE_2026_AND_2025_BIBLE,CONTINUITY,DB,2020|2021|2022|2023|2024|2025,yes,no,yes,yes,OK,LIVE_AND_DATABASE,TOTAL_MATCH_SPLIT_DIFFERS,LIVE_DWR_CWMU_TOTAL_ONLY_FROM_QUOTA_RES,Circle E Ranch CWMU,Deer,Buck,Any Legal Weapon,CWMU,,,1,1,0,1,yes,yes,no,no,DEER_BUCK_DB_DIRECT,SOURCE_TOTAL_MATCHES_RECOMMENDED,1,HIGH_CONFIRMED_2PLUS,HANUMBER,1,PROMOTE_CANDIDATE_AFTER_REVIEW,https://dwrapps.utah.gov/huntboundary/HuntTableData?species=Deer&gender=Buck
DB1255,CORE_DRAW_RESULTS_CONTINUING,CLOSED_CORE,yes,Present in 2025 BIBLE and fresh 2026 DWR Hunt Planner table.,LIVE_2026_AND_2025_BIBLE,CONTINUITY,DB,2020|2021|2022|2023|2024|2025,yes,no,yes,yes,OK,LIVE_AND_DATABASE,TOTAL_MATCH_SPLIT_DIFFERS,LIVE_DWR_CWMU_TOTAL_ONLY_FROM_QUOTA_RES,Johnson Mountain Ranch CWMU,Deer,Buck,Any Legal Weapon,CWMU,,,1,1,0,1,yes,yes,no,no,DEER_BUCK_DB_DIRECT,SOURCE_TOTAL_MATCHES_RECOMMENDED,1,HIGH_CONFIRMED_2PLUS,HANUMBER,1,PROMOTE_CANDIDATE_AFTER_REVIEW,https://dwrapps.utah.gov/huntboundary/HuntTableData?species=Deer&gender=Buck
DB1256,CORE_DRAW_RESULTS_CONTINUING,CLOSED_CORE,yes,Present in 2025 BIBLE and fresh 2026 DWR Hunt Planner table.,LIVE_2026_AND_2025_BIBLE,CONTINUITY,DB,2020|2021|2022|2023|2024|2025,yes,no,yes,yes,OK,LIVE_AND_DATABASE,TOTAL_MATCH_SPLIT_DIFFERS,LIVE_DWR_CWMU_TOTAL_ONLY_FROM_QUOTA_RES,Junction Valley CWMU,Deer,Buck,Any Legal Weapon,CWMU,,,5,5,0,5,yes,yes,no,no,DEER_BUCK_DB_DIRECT,SOURCE_TOTAL_MATCHES_RECOMMENDED,5,HIGH_CONFIRMED_2PLUS,HANUMBER,5,PROMOTE_CANDIDATE_AFTER_REVIEW,https://dwrapps.utah.gov/huntboundary/HuntTableData?species=Deer&gender=Buck
DB1257,HISTORICAL_LIBRARY_ONLY,CLOSED_HISTORICAL,no,Historical BIBLE-library code not part of current 2026 live table.,BIBLE_HISTORICAL_ONLY,HISTORICAL_LIBRARY,DB,2020|2021|2022,no,no,no,no,,,,,,,,,,,,,,,,no,no,no,no,,,,,,,,
DB1258,CORE_DRAW_RESULTS_CONTINUING,CLOSED_CORE,yes,Present in 2025 BIBLE and fresh 2026 DWR Hunt Planner table.,LIVE_2026_AND_2025_BIBLE,CONTINUITY,DB,2020|2021|2022|2023|2025,yes,no,yes,yes,OK,LIVE_AND_DATABASE,TOTAL_MATCH_SPLIT_DIFFERS,LIVE_DWR_CWMU_TOTAL_ONLY_FROM_QUOTA_RES,Little Red Creek CWMU,Deer,Buck,Any Legal Weapon,CWMU,,,1,1,0,1,yes,yes,no,no,DEER_BUCK_DB_DIRECT,SOURCE_TOTAL_MATCHES_RECOMMENDED,1,HIGH_CONFIRMED_2PLUS,HANUMBER,1,PROMOTE_CANDIDATE_AFTER_REVIEW,https://dwrapps.utah.gov/huntboundary/HuntTableData?species=Deer&gender=Buck
DB1259,CORE_DRAW_RESULTS_CONTINUING,CLOSED_CORE,yes,Present in 2025 BIBLE and fresh 2026 DWR Hunt Planner table.,LIVE_2026_AND_2025_BIBLE,CONTINUITY,DB,2020|2021|2024|2025,yes,no,yes,yes,OK,LIVE_AND_DATABASE,TOTAL_MATCH_SPLIT_DIFFERS,LIVE_DWR_CWMU_TOTAL_ONLY_FROM_QUOTA_RES,Tunnel Hollow CWMU,Deer,Buck,Any Legal Weapon,CWMU,,,1,1,0,1,yes,yes,no,no,DEER_BUCK_DB_DIRECT,SOURCE_TOTAL_MATCHES_RECOMMENDED,1,HIGH_CONFIRMED_2PLUS,HANUMBER,1,PROMOTE_CANDIDATE_AFTER_REVIEW,https://dwrapps.utah.gov/huntboundary/HuntTableData?species=Deer&gender=Buck
DB1260,CORE_DRAW_RESULTS_CONTINUING,CLOSED_CORE,yes,Present in 2025 BIBLE and fresh 2026 DWR Hunt Planner table.,LIVE_2026_AND_2025_BIBLE,CONTINUITY,DB,2020|2021|2022|2023|2024|2025,yes,no,yes,yes,OK,LIVE_AND_DATABASE,TOTAL_MATCH_SPLIT_DIFFERS,LIVE_DWR_CWMU_TOTAL_ONLY_FROM_QUOTA_RES,Middle Ridge CWMU,Deer,Buck,Any Legal Weapon,CWMU,,,1,1,0,1,yes,yes,no,no,DEER_BUCK_DB_DIRECT,SOURCE_TOTAL_MATCHES_RECOMMENDED,1,HIGH_CONFIRMED_2PLUS,HANUMBER,1,PROMOTE_CANDIDATE_AFTER_REVIEW,https://dwrapps.utah.gov/huntboundary/HuntTableData?species=Deer&gender=Buck
DB1261,CORE_DRAW_RESULTS_CONTINUING,CLOSED_CORE,yes,Present in 2025 BIBLE and fresh 2026 DWR Hunt Planner table.,LIVE_2026_AND_2025_BIBLE,CONTINUITY,DB,2020|2021|2022|2023|2024|2025,yes,no,yes,yes,OK,LIVE_AND_DATABASE,TOTAL_MATCH_SPLIT_DIFFERS,LIVE_DWR_CWMU_TOTAL_ONLY_FROM_QUOTA_RES,Minnie Maud Ridge CWMU,Deer,Buck,Any Legal Weapon,CWMU,,,5,5,0,5,yes,yes,no,no,DEER_BUCK_DB_DIRECT,SOURCE_TOTAL_MATCHES_RECOMMENDED,5,HIGH_CONFIRMED_2PLUS,HANUMBER,5,PROMOTE_CANDIDATE_AFTER_REVIEW,https://dwrapps.utah.gov/huntboundary/HuntTableData?species=Deer&gender=Buck
DB1263,CORE_DRAW_RESULTS_CONTINUING,CLOSED_CORE,yes,Present in 2025 BIBLE and fresh 2026 DWR Hunt Planner table.,LIVE_2026_AND_2025_BIBLE,CONTINUITY,DB,2020|2021|2022|2023|2024|2025,yes,no,yes,yes,OK,LIVE_AND_DATABASE,TOTAL_MATCH_SPLIT_DIFFERS,LIVE_DWR_CWMU_TOTAL_ONLY_FROM_QUOTA_RES,Moon Ranch CWMU,Deer,Buck,Any Legal Weapon,CWMU,,,1,1,0,1,yes,yes,no,no,DEER_BUCK_DB_DIRECT,SOURCE_TOTAL_MATCHES_RECOMMENDED,1,HIGH_CONFIRMED_2PLUS,HANUMBER,1,PROMOTE_CANDIDATE_AFTER_REVIEW,https://dwrapps.utah.gov/huntboundary/HuntTableData?species=Deer&gender=Buck
DB1264,CORE_DRAW_RESULTS_CONTINUING,CLOSED_CORE,yes,Present in 2025 BIBLE and fresh 2026 DWR Hunt Planner table.,LIVE_2026_AND_2025_BIBLE,CONTINUITY,DB,2020|2021|2022|2023|2024|2025,yes,no,yes,yes,OK,LIVE_AND_DATABASE,TOTAL_MATCH_SPLIT_DIFFERS,LIVE_DWR_CWMU_TOTAL_ONLY_FROM_QUOTA_RES,Mountain Meadow CWMU,Deer,Buck,Any Legal Weapon,CWMU,,,1,1,0,1,yes,yes,no,no,DEER_BUCK_DB_DIRECT,SOURCE_TOTAL_MATCHES_RECOMMENDED,1,HIGH_CONFIRMED_2PLUS,HANUMBER,1,PROMOTE_CANDIDATE_AFTER_REVIEW,https://dwrapps.utah.gov/huntboundary/HuntTableData?species=Deer&gender=Buck
DB1265,CORE_DRAW_RESULTS_CONTINUING,CLOSED_CORE,yes,Present in 2025 BIBLE and fresh 2026 DWR Hunt Planner table.,LIVE_2026_AND_2025_BIBLE,CONTINUITY,DB,2020|2021|2022|2023|2024|2025,yes,no,yes,yes,OK,LIVE_AND_DATABASE,TOTAL_MATCH_SPLIT_DIFFERS,LIVE_DWR_CWMU_TOTAL_ONLY_FROM_QUOTA_RES,Mountain Top CWMU,Deer,Buck,Any Legal Weapon,CWMU,,,2,2,0,2,yes,yes,no,no,DEER_BUCK_DB_DIRECT,SOURCE_TOTAL_MATCHES_RECOMMENDED,2,HIGH_CONFIRMED_2PLUS,HANUMBER,2,PROMOTE_CANDIDATE_AFTER_REVIEW,https://dwrapps.utah.gov/huntboundary/HuntTableData?species=Deer&gender=Buck
DB1266,CORE_DRAW_RESULTS_CONTINUING,CLOSED_CORE,yes,Present in 2025 BIBLE and fresh 2026 DWR Hunt Planner table.,LIVE_2026_AND_2025_BIBLE,CONTINUITY,DB,2020|2021|2022|2023|2024|2025,yes,no,yes,yes,OK,LIVE_AND_DATABASE,TOTAL_MATCH_SPLIT_DIFFERS,LIVE_DWR_CWMU_TOTAL_ONLY_FROM_QUOTA_RES,Mt Carmel CWMU,Deer,Buck,Any Legal Weapon,CWMU,,,3,3,0,3,yes,yes,no,no,DEER_BUCK_DB_DIRECT,SOURCE_TOTAL_MATCHES_RECOMMENDED,3,HIGH_CONFIRMED_2PLUS,HANUMBER,3,PROMOTE_CANDIDATE_AFTER_REVIEW,https://dwrapps.utah.gov/huntboundary/HuntTableData?species=Deer&gender=Buck
DB1267,HISTORICAL_LIBRARY_ONLY,CLOSED_HISTORICAL,no,Historical BIBLE-library code not part of current 2026 live table.,BIBLE_HISTORICAL_ONLY,HISTORICAL_LIBRARY,DB,2020|2021|2022,no,no,no,no,,,,,,,,,,,,,,,,no,no,no,no,,,,,,,,
DB1269,CORE_DRAW_RESULTS_CONTINUING,CLOSED_CORE,yes,Present in 2025 BIBLE and fresh 2026 DWR Hunt Planner table.,LIVE_2026_AND_2025_BIBLE,CONTINUITY,DB,2020|2021|2022|2023|2024|2025,yes,no,yes,yes,OK,LIVE_AND_DATABASE,TOTAL_MATCH_SPLIT_DIFFERS,LIVE_DWR_CWMU_TOTAL_ONLY_FROM_QUOTA_RES,North Promontory CWMU,Deer,Buck,Any Legal Weapon,CWMU,,,1,1,0,1,yes,yes,no,no,DEER_BUCK_DB_DIRECT,SOURCE_TOTAL_MATCHES_RECOMMENDED,1,HIGH_CONFIRMED_2PLUS,HANUMBER,1,PROMOTE_CANDIDATE_AFTER_REVIEW,https://dwrapps.utah.gov/huntboundary/HuntTableData?species=Deer&gender=Buck
DB1270,CORE_DRAW_RESULTS_CONTINUING,CLOSED_CORE,yes,Present in 2025 BIBLE and fresh 2026 DWR Hunt Planner table.,LIVE_2026_AND_2025_BIBLE,CONTINUITY,DB,2020|2021|2022|2023|2024|2025,yes,no,yes,yes,OK,LIVE_AND_DATABASE,TOTAL_MATCH_SPLIT_DIFFERS,LIVE_DWR_CWMU_TOTAL_ONLY_FROM_QUOTA_RES,Nucor West CWMU,Deer,Buck,Any Legal Weapon,CWMU,,,1,1,0,1,yes,yes,no,no,DEER_BUCK_DB_DIRECT,SOURCE_TOTAL_MATCHES_RECOMMENDED,1,HIGH_CONFIRMED_2PLUS,HANUMBER,1,PROMOTE_CANDIDATE_AFTER_REVIEW,https://dwrapps.utah.gov/huntboundary/HuntTableData?species=Deer&gender=Buck
DB1271,CORE_DRAW_RESULTS_CONTINUING,CLOSED_CORE,yes,Present in 2025 BIBLE and fresh 2026 DWR Hunt Planner table.,LIVE_2026_AND_2025_BIBLE,CONTINUITY,DB,2020|2021|2022|2023|2024|2025,yes,no,yes,yes,OK,LIVE_AND_DATABASE,TOTAL_MATCH_SPLIT_DIFFERS,LIVE_DWR_CWMU_TOTAL_ONLY_FROM_QUOTA_RES,Oak Ranch CWMU,Deer,Buck,Any Legal Weapon,CWMU,,,3,3,0,3,yes,yes,no,no,DEER_BUCK_DB_DIRECT,SOURCE_TOTAL_MATCHES_RECOMMENDED,3,HIGH_CONFIRMED_2PLUS,HANUMBER,3,PROMOTE_CANDIDATE_AFTER_REVIEW,https://dwrapps.utah.gov/huntboundary/HuntTableData?species=Deer&gender=Buck
DB1272,CORE_DRAW_RESULTS_CONTINUING,CLOSED_CORE,yes,Present in 2025 BIBLE and fresh 2026 DWR Hunt Planner table.,LIVE_2026_AND_2025_BIBLE,CONTINUITY,DB,2020|2021|2022|2023|2024|2025,yes,no,yes,yes,OK,LIVE_AND_DATABASE,TOTAL_MATCH_SPLIT_DIFFERS,LIVE_DWR_CWMU_TOTAL_ONLY_FROM_QUOTA_RES,Old Woman Plateau CWMU,Deer,Buck,Any Legal Weapon,CWMU,,,3,3,0,3,yes,yes,no,no,DEER_BUCK_DB_DIRECT,SOURCE_TOTAL_MATCHES_RECOMMENDED,3,HIGH_CONFIRMED_2PLUS,HANUMBER,3,PROMOTE_CANDIDATE_AFTER_REVIEW,https://dwrapps.utah.gov/huntboundary/HuntTableData?species=Deer&gender=Buck
DB1273,CORE_DRAW_RESULTS_CONTINUING,CLOSED_CORE,yes,Present in 2025 BIBLE and fresh 2026 DWR Hunt Planner table.,LIVE_2026_AND_2025_BIBLE,CONTINUITY,DB,2020|2021|2022|2023|2024|2025,yes,no,yes,yes,OK,LIVE_AND_DATABASE,TOTAL_MATCH_SPLIT_DIFFERS,LIVE_DWR_CWMU_TOTAL_ONLY_FROM_QUOTA_RES,Park Valley Hereford CWMU,Deer,Buck,Any Legal Weapon,CWMU,,,6,6,0,6,yes,yes,no,no,DEER_BUCK_DB_DIRECT,SOURCE_TOTAL_MATCHES_RECOMMENDED,6,HIGH_CONFIRMED_2PLUS,HANUMBER,6,PROMOTE_CANDIDATE_AFTER_REVIEW,https://dwrapps.utah.gov/huntboundary/HuntTableData?species=Deer&gender=Buck
DB1274,CORE_DRAW_RESULTS_CONTINUING,CLOSED_CORE,yes,Present in 2025 BIBLE and fresh 2026 DWR Hunt Planner table.,LIVE_2026_AND_2025_BIBLE,CONTINUITY,DB,2020|2021|2022|2023|2024|2025,yes,no,yes,yes,OK,LIVE_AND_DATABASE,TOTAL_MATCH_SPLIT_DIFFERS,LIVE_DWR_CWMU_TOTAL_ONLY_FROM_QUOTA_RES,Patmos Ridge CWMU,Deer,Buck,Any Legal Weapon,CWMU,,,1,1,0,1,yes,yes,no,no,DEER_BUCK_DB_DIRECT,SOURCE_TOTAL_MATCHES_RECOMMENDED,1,HIGH_CONFIRMED_2PLUS,HANUMBER,1,PROMOTE_CANDIDATE_AFTER_REVIEW,https://dwrapps.utah.gov/huntboundary/HuntTableData?species=Deer&gender=Buck
DB1275,CORE_DRAW_RESULTS_CONTINUING,CLOSED_CORE,yes,Present in 2025 BIBLE and fresh 2026 DWR Hunt Planner table.,LIVE_2026_AND_2025_BIBLE,CONTINUITY,DB,2020|2021|2022|2023|2024|2025,yes,no,yes,yes,OK,LIVE_AND_DATABASE,TOTAL_MATCH_SPLIT_DIFFERS,LIVE_DWR_CWMU_TOTAL_ONLY_FROM_QUOTA_RES,Pine Canyon CWMU,Deer,Buck,Any Legal Weapon,CWMU,,,2,2,0,2,yes,yes,no,no,DEER_BUCK_DB_DIRECT,SOURCE_TOTAL_MATCHES_RECOMMENDED,2,HIGH_CONFIRMED_2PLUS,HANUMBER,2,PROMOTE_CANDIDATE_AFTER_REVIEW,https://dwrapps.utah.gov/huntboundary/HuntTableData?species=Deer&gender=Buck
DB1276,DATABASE_REFERENCE_NOT_LIVE_TABLE,REVIEW,no,Database row is not exposed by the fresh DWR live table; do not count as active core without source review.,DATABASE_NOT_IN_LIVE_TABLE,DATABASE_REFERENCE_OR_ARCHIVE_REVIEW,DB,2020|2021|2022|2023|2024,no,no,no,yes,OK,DATABASE_ONLY,DATABASE_ONLY,,Plymouth Peak CWMU,Deer,Buck,Any Legal Weapon,CWMU,,,,,,1,no,no,no,no,,,,MEDIUM_SINGLE_SOURCE,HANUMBER,1,PROMOTE_CANDIDATE_AFTER_REVIEW,
DB1277,CORE_DRAW_RESULTS_CONTINUING,CLOSED_CORE,yes,Present in 2025 BIBLE and fresh 2026 DWR Hunt Planner table.,LIVE_2026_AND_2025_BIBLE,CONTINUITY,DB,2020|2021|2022|2023|2024|2025,yes,no,yes,yes,OK,LIVE_AND_DATABASE,TOTAL_MATCH_SPLIT_DIFFERS,LIVE_DWR_CWMU_TOTAL_ONLY_FROM_QUOTA_RES,Pocatello Valley CWMU,Deer,Buck,Any Legal Weapon,CWMU,,,1,1,0,1,yes,yes,no,no,DEER_BUCK_DB_DIRECT,SOURCE_TOTAL_MATCHES_RECOMMENDED,1,HIGH_CONFIRMED_2PLUS,HANUMBER,1,PROMOTE_CANDIDATE_AFTER_REVIEW,https://dwrapps.utah.gov/huntboundary/HuntTableData?species=Deer&gender=Buck
DB1278,HISTORICAL_LIBRARY_ONLY,CLOSED_HISTORICAL,no,Historical BIBLE-library code not part of current 2026 live table.,BIBLE_HISTORICAL_ONLY,HISTORICAL_LIBRARY,DB,2020|2021|2022|2023,no,no,no,no,,,,,,,,,,,,,,,,no,no,no,no,,,,,,,,
DB1279,CORE_DRAW_RESULTS_CONTINUING,CLOSED_CORE,yes,Present in 2025 BIBLE and fresh 2026 DWR Hunt Planner table.,LIVE_2026_AND_2025_BIBLE,CONTINUITY,DB,2020|2021|2022|2023|2024|2025,yes,no,yes,yes,OK,LIVE_AND_DATABASE,TOTAL_MATCH_SPLIT_DIFFERS,LIVE_DWR_CWMU_TOTAL_ONLY_FROM_QUOTA_RES,Preston Nutter Ranch CWMU,Deer,Buck,Any Legal Weapon,CWMU,,,1,1,0,1,yes,yes,no,no,DEER_BUCK_DB_DIRECT,SOURCE_TOTAL_MATCHES_RECOMMENDED,1,HIGH_CONFIRMED_2PLUS,HANUMBER,1,PROMOTE_CANDIDATE_AFTER_REVIEW,https://dwrapps.utah.gov/huntboundary/HuntTableData?species=Deer&gender=Buck
DB1280,CORE_DRAW_RESULTS_CONTINUING,CLOSED_CORE,yes,Present in 2025 BIBLE and fresh 2026 DWR Hunt Planner table.,LIVE_2026_AND_2025_BIBLE,CONTINUITY,DB,2020|2021|2022|2023|2024|2025,yes,no,yes,yes,OK,LIVE_AND_DATABASE,TOTAL_MATCH_SPLIT_DIFFERS,LIVE_DWR_CWMU_TOTAL_ONLY_FROM_QUOTA_RES,Promontory Point CWMU,Deer,Buck,Any Legal Weapon,CWMU,,,1,1,0,1,yes,yes,no,no,DEER_BUCK_DB_DIRECT,SOURCE_TOTAL_MATCHES_RECOMMENDED,1,HIGH_CONFIRMED_2PLUS,HANUMBER,1,PROMOTE_CANDIDATE_AFTER_REVIEW,https://dwrapps.utah.gov/huntboundary/HuntTableData?species=Deer&gender=Buck
DB1281,CORE_DRAW_RESULTS_CONTINUING,CLOSED_CORE,yes,Present in 2025 BIBLE and fresh 2026 DWR Hunt Planner table.,LIVE_2026_AND_2025_BIBLE,CONTINUITY,DB,2020|2021|2022|2023|2024|2025,yes,no,yes,yes,OK,LIVE_AND_DATABASE,TOTAL_MATCH_SPLIT_DIFFERS,LIVE_DWR_CWMU_TOTAL_ONLY_FROM_QUOTA_RES,Rattlesnake Pass CWMU,Deer,Buck,Any Legal Weapon,CWMU,,,2,2,0,2,yes,yes,no,no,DEER_BUCK_DB_DIRECT,SOURCE_TOTAL_MATCHES_RECOMMENDED,2,HIGH_CONFIRMED_2PLUS,HANUMBER,2,PROMOTE_CANDIDATE_AFTER_REVIEW,https://dwrapps.utah.gov/huntboundary/HuntTableData?species=Deer&gender=Buck
DB1282,CORE_DRAW_RESULTS_CONTINUING,CLOSED_CORE,yes,Present in 2025 BIBLE and fresh 2026 DWR Hunt Planner table.,LIVE_2026_AND_2025_BIBLE,CONTINUITY,DB,2020|2021|2022|2023|2024|2025,yes,no,yes,yes,OK,LIVE_AND_DATABASE,TOTAL_MATCH_SPLIT_DIFFERS,LIVE_DWR_CWMU_TOTAL_ONLY_FROM_QUOTA_RES,Redd Ranches CWMU,Deer,Buck,Any Legal Weapon,CWMU,,,2,2,0,2,yes,yes,no,no,DEER_BUCK_DB_DIRECT,SOURCE_TOTAL_MATCHES_RECOMMENDED,2,HIGH_CONFIRMED_2PLUS,HANUMBER,2,PROMOTE_CANDIDATE_AFTER_REVIEW,https://dwrapps.utah.gov/huntboundary/HuntTableData?species=Deer&gender=Buck
DB1283,CORE_DRAW_RESULTS_CONTINUING,CLOSED_CORE,yes,Present in 2025 BIBLE and fresh 2026 DWR Hunt Planner table.,LIVE_2026_AND_2025_BIBLE,CONTINUITY,DB,2020|2021|2022|2023|2024|2025,yes,no,yes,yes,OK,LIVE_AND_DATABASE,TOTAL_MATCH_SPLIT_DIFFERS,LIVE_DWR_CWMU_TOTAL_ONLY_FROM_QUOTA_RES,Roan Cliffs CWMU,Deer,Buck,Any Legal Weapon,CWMU,,,1,1,0,1,yes,yes,no,no,DEER_BUCK_DB_DIRECT,SOURCE_TOTAL_MATCHES_RECOMMENDED,1,HIGH_CONFIRMED_2PLUS,HANUMBER,1,PROMOTE_CANDIDATE_AFTER_REVIEW,https://dwrapps.utah.gov/huntboundary/HuntTableData?species=Deer&gender=Buck
DB1285,CORE_DRAW_RESULTS_CONTINUING,CLOSED_CORE,yes,Present in 2025 BIBLE and fresh 2026 DWR Hunt Planner table.,LIVE_2026_AND_2025_BIBLE,CONTINUITY,DB,2020|2021|2022|2023|2024|2025,yes,no,yes,yes,OK,LIVE_AND_DATABASE,TOTAL_MATCH_SPLIT_DIFFERS,LIVE_DWR_CWMU_TOTAL_ONLY_FROM_QUOTA_RES,Sand Creek CWMU,Deer,Buck,Any Legal Weapon,CWMU,,,1,1,0,1,yes,yes,no,no,DEER_BUCK_DB_DIRECT,SOURCE_TOTAL_MATCHES_RECOMMENDED,1,HIGH_CONFIRMED_2PLUS,HANUMBER,1,PROMOTE_CANDIDATE_AFTER_REVIEW,https://dwrapps.utah.gov/huntboundary/HuntTableData?species=Deer&gender=Buck
DB1286,CORE_DRAW_RESULTS_CONTINUING,CLOSED_CORE,yes,Present in 2025 BIBLE and fresh 2026 DWR Hunt Planner table.,LIVE_2026_AND_2025_BIBLE,CONTINUITY,DB,2020|2021|2022|2023|2024|2025,yes,no,yes,yes,OK,LIVE_AND_DATABASE,TOTAL_MATCH_SPLIT_DIFFERS,LIVE_DWR_CWMU_TOTAL_ONLY_FROM_QUOTA_RES,Pisgah Mountain CWMU,Deer,Buck,Any Legal Weapon,CWMU,,,2,2,0,2,yes,yes,no,no,DEER_BUCK_DB_DIRECT,SOURCE_TOTAL_MATCHES_RECOMMENDED,2,HIGH_CONFIRMED_2PLUS,HANUMBER,2,PROMOTE_CANDIDATE_AFTER_REVIEW,https://dwrapps.utah.gov/huntboundary/HuntTableData?species=Deer&gender=Buck
DB1287,CORE_DRAW_RESULTS_CONTINUING,CLOSED_CORE,yes,Present in 2025 BIBLE and fresh 2026 DWR Hunt Planner table.,LIVE_2026_AND_2025_BIBLE,CONTINUITY,DB,2020|2021|2022|2023|2024|2025,yes,no,yes,yes,OK,LIVE_AND_DATABASE,TOTAL_MATCH_SPLIT_DIFFERS,LIVE_DWR_CWMU_TOTAL_ONLY_FROM_QUOTA_RES,Scofield Canyons CWMU,Deer,Buck,Any Legal Weapon,CWMU,,,1,1,0,1,yes,yes,no,no,DEER_BUCK_DB_DIRECT,SOURCE_TOTAL_MATCHES_RECOMMENDED,1,HIGH_CONFIRMED_2PLUS,HANUMBER,1,PROMOTE_CANDIDATE_AFTER_REVIEW,https://dwrapps.utah.gov/huntboundary/HuntTableData?species=Deer&gender=Buck
DB1288,CORE_DRAW_RESULTS_CONTINUING,CLOSED_CORE,yes,Present in 2025 BIBLE and fresh 2026 DWR Hunt Planner table.,LIVE_2026_AND_2025_BIBLE,CONTINUITY,DB,2020|2021|2022|2023|2024|2025,yes,no,yes,yes,OK,LIVE_AND_DATABASE,TOTAL_MATCH_SPLIT_DIFFERS,LIVE_DWR_CWMU_TOTAL_ONLY_FROM_QUOTA_RES,Scofield West CWMU,Deer,Buck,Any Legal Weapon,CWMU,,,2,2,0,2,yes,yes,no,no,DEER_BUCK_DB_DIRECT,SOURCE_TOTAL_MATCHES_RECOMMENDED,2,HIGH_CONFIRMED_2PLUS,HANUMBER,2,PROMOTE_CANDIDATE_AFTER_REVIEW,https://dwrapps.utah.gov/huntboundary/HuntTableData?species=Deer&gender=Buck
DB1289,CORE_DRAW_RESULTS_CONTINUING,CLOSED_CORE,yes,Present in 2025 BIBLE and fresh 2026 DWR Hunt Planner table.,LIVE_2026_AND_2025_BIBLE,CONTINUITY,DB,2020|2021|2022|2023|2024|2025,yes,no,yes,yes,OK,LIVE_AND_DATABASE,TOTAL_MATCH_SPLIT_DIFFERS,LIVE_DWR_CWMU_TOTAL_ONLY_FROM_QUOTA_RES,Sharp Mountain CWMU,Deer,Buck,Any Legal Weapon,CWMU,,,2,2,0,2,yes,yes,no,no,DEER_BUCK_DB_DIRECT,SOURCE_TOTAL_MATCHES_RECOMMENDED,2,HIGH_CONFIRMED_2PLUS,HANUMBER,2,PROMOTE_CANDIDATE_AFTER_REVIEW,https://dwrapps.utah.gov/huntboundary/HuntTableData?species=Deer&gender=Buck
DB1290,CORE_DRAW_RESULTS_CONTINUING,CLOSED_CORE,yes,Present in 2025 BIBLE and fresh 2026 DWR Hunt Planner table.,LIVE_2026_AND_2025_BIBLE,CONTINUITY,DB,2020|2021|2022|2023|2024|2025,yes,no,yes,yes,OK,LIVE_AND_DATABASE,TOTAL_MATCH_SPLIT_DIFFERS,LIVE_DWR_CWMU_TOTAL_ONLY_FROM_QUOTA_RES,Skull Crack CWMU,Deer,Buck,Any Legal Weapon,CWMU,,,1,1,0,1,yes,yes,no,no,DEER_BUCK_DB_DIRECT,SOURCE_TOTAL_MATCHES_RECOMMENDED,1,HIGH_CONFIRMED_2PLUS,HANUMBER,1,PROMOTE_CANDIDATE_AFTER_REVIEW,https://dwrapps.utah.gov/huntboundary/HuntTableData?species=Deer&gender=Buck
DB1291,CORE_DRAW_RESULTS_CONTINUING,CLOSED_CORE,yes,Present in 2025 BIBLE and fresh 2026 DWR Hunt Planner table.,LIVE_2026_AND_2025_BIBLE,CONTINUITY,DB,2020|2021|2022|2023|2024|2025,yes,no,yes,yes,OK,LIVE_AND_DATABASE,TOTAL_MATCH_SPLIT_DIFFERS,LIVE_DWR_CWMU_TOTAL_ONLY_FROM_QUOTA_RES,Skull Valley South CWMU,Deer,Buck,Any Legal Weapon,CWMU,,,1,1,0,1,yes,yes,no,no,DEER_BUCK_DB_DIRECT,SOURCE_TOTAL_MATCHES_RECOMMENDED,1,HIGH_CONFIRMED_2PLUS,HANUMBER,1,PROMOTE_CANDIDATE_AFTER_REVIEW,https://dwrapps.utah.gov/huntboundary/HuntTableData?species=Deer&gender=Buck
DB1292,CORE_DRAW_RESULTS_CONTINUING,CLOSED_CORE,yes,Present in 2025 BIBLE and fresh 2026 DWR Hunt Planner table.,LIVE_2026_AND_2025_BIBLE,CONTINUITY,DB,2020|2021|2022|2023|2024|2025,yes,no,yes,yes,OK,LIVE_AND_DATABASE,TOTAL_MATCH_SPLIT_DIFFERS,LIVE_DWR_CWMU_TOTAL_ONLY_FROM_QUOTA_RES,Soldier Summit CWMU,Deer,Buck,Any Legal Weapon,CWMU,,,2,2,0,2,yes,yes,no,no,DEER_BUCK_DB_DIRECT,SOURCE_TOTAL_MATCHES_RECOMMENDED,2,HIGH_CONFIRMED_2PLUS,HANUMBER,2,PROMOTE_CANDIDATE_AFTER_REVIEW,https://dwrapps.utah.gov/huntboundary/HuntTableData?species=Deer&gender=Buck
DB1293,CORE_DRAW_RESULTS_CONTINUING,CLOSED_CORE,yes,Present in 2025 BIBLE and fresh 2026 DWR Hunt Planner table.,LIVE_2026_AND_2025_BIBLE,CONTINUITY,DB,2020|2021|2022|2023|2024|2025,yes,no,yes,yes,OK,LIVE_AND_DATABASE,TOTAL_MATCH_SPLIT_DIFFERS,LIVE_DWR_CWMU_TOTAL_ONLY_FROM_QUOTA_RES,South Canyon CWMU,Deer,Buck,Any Legal Weapon,CWMU,,,1,1,0,1,yes,yes,no,no,DEER_BUCK_DB_DIRECT,SOURCE_TOTAL_MATCHES_RECOMMENDED,1,HIGH_CONFIRMED_2PLUS,HANUMBER,1,PROMOTE_CANDIDATE_AFTER_REVIEW,https://dwrapps.utah.gov/huntboundary/HuntTableData?species=Deer&gender=Buck
DB1294,CORE_DRAW_RESULTS_CONTINUING,CLOSED_CORE,yes,Present in 2025 BIBLE and fresh 2026 DWR Hunt Planner table.,LIVE_2026_AND_2025_BIBLE,CONTINUITY,DB,2020|2021|2022|2023|2024|2025,yes,no,yes,yes,OK,LIVE_AND_DATABASE,TOTAL_MATCH_SPLIT_DIFFERS,LIVE_DWR_CWMU_TOTAL_ONLY_FROM_QUOTA_RES,Spring Creek Acres CWMU,Deer,Buck,Any Legal Weapon,CWMU,,,1,1,0,1,yes,yes,no,no,DEER_BUCK_DB_DIRECT,SOURCE_TOTAL_MATCHES_RECOMMENDED,1,HIGH_CONFIRMED_2PLUS,HANUMBER,1,PROMOTE_CANDIDATE_AFTER_REVIEW,https://dwrapps.utah.gov/huntboundary/HuntTableData?species=Deer&gender=Buck
DB1295,CORE_DRAW_RESULTS_CONTINUING,CLOSED_CORE,yes,Present in 2025 BIBLE and fresh 2026 DWR Hunt Planner table.,LIVE_2026_AND_2025_BIBLE,CONTINUITY,DB,2020|2021|2022|2023|2024|2025,yes,no,yes,yes,OK,LIVE_AND_DATABASE,TOTAL_MATCH_SPLIT_DIFFERS,LIVE_DWR_CWMU_TOTAL_ONLY_FROM_QUOTA_RES,Spring Creek/Dodge CWMU,Deer,Buck,Any Legal Weapon,CWMU,,,6,6,0,6,yes,yes,no,no,DEER_BUCK_DB_DIRECT,SOURCE_TOTAL_MATCHES_RECOMMENDED,6,HIGH_CONFIRMED_2PLUS,HANUMBER,6,PROMOTE_CANDIDATE_AFTER_REVIEW,https://dwrapps.utah.gov/huntboundary/HuntTableData?species=Deer&gender=Buck
DB1297,HISTORICAL_LIBRARY_ONLY,CLOSED_HISTORICAL,no,Historical BIBLE-library code not part of current 2026 live table.,BIBLE_HISTORICAL_ONLY,HISTORICAL_LIBRARY,DB,2020|2021|2022|2023,no,no,no,no,,,,,,,,,,,,,,,,no,no,no,no,,,,,,,,
DB1298,CORE_DRAW_RESULTS_CONTINUING,CLOSED_CORE,yes,Present in 2025 BIBLE and fresh 2026 DWR Hunt Planner table.,LIVE_2026_AND_2025_BIBLE,CONTINUITY,DB,2020|2021|2022|2023|2024|2025,yes,no,yes,yes,OK,LIVE_AND_DATABASE,TOTAL_MATCH_SPLIT_DIFFERS,LIVE_DWR_CWMU_TOTAL_ONLY_FROM_QUOTA_RES,Strawberry Ridge CWMU,Deer,Buck,Any Legal Weapon,CWMU,,,1,1,0,1,yes,yes,no,no,DEER_BUCK_DB_DIRECT,SOURCE_TOTAL_MATCHES_RECOMMENDED,1,HIGH_CONFIRMED_2PLUS,HANUMBER,1,PROMOTE_CANDIDATE_AFTER_REVIEW,https://dwrapps.utah.gov/huntboundary/HuntTableData?species=Deer&gender=Buck
DB1299,CORE_DRAW_RESULTS_CONTINUING,CLOSED_CORE,yes,Present in 2025 BIBLE and fresh 2026 DWR Hunt Planner table.,LIVE_2026_AND_2025_BIBLE,CONTINUITY,DB,2020|2022|2023|2024|2025,yes,no,yes,yes,OK,LIVE_AND_DATABASE,TOTAL_MATCH_SPLIT_DIFFERS,LIVE_DWR_CWMU_TOTAL_ONLY_FROM_QUOTA_RES,Summit Point CWMU,Deer,Buck,Any Legal Weapon,CWMU,,,3,3,0,3,yes,yes,no,no,DEER_BUCK_DB_DIRECT,SOURCE_TOTAL_MATCHES_RECOMMENDED,3,HIGH_CONFIRMED_2PLUS,HANUMBER,3,PROMOTE_CANDIDATE_AFTER_REVIEW,https://dwrapps.utah.gov/huntboundary/HuntTableData?species=Deer&gender=Buck
DB1300,CORE_DRAW_RESULTS_CONTINUING,CLOSED_CORE,yes,Present in 2025 BIBLE and fresh 2026 DWR Hunt Planner table.,LIVE_2026_AND_2025_BIBLE,CONTINUITY,DB,2020|2021|2022|2023|2024|2025,yes,no,yes,yes,OK,LIVE_AND_DATABASE,TOTAL_MATCH_SPLIT_DIFFERS,LIVE_DWR_CWMU_TOTAL_ONLY_FROM_QUOTA_RES,Thatcher Mountain CWMU,Deer,Buck,Any Legal Weapon,CWMU,,,1,1,0,1,yes,yes,no,no,DEER_BUCK_DB_DIRECT,SOURCE_TOTAL_MATCHES_RECOMMENDED,1,HIGH_CONFIRMED_2PLUS,HANUMBER,1,PROMOTE_CANDIDATE_AFTER_REVIEW,https://dwrapps.utah.gov/huntboundary/HuntTableData?species=Deer&gender=Buck
DB1301,CORE_DRAW_RESULTS_CONTINUING,CLOSED_CORE,yes,Present in 2025 BIBLE and fresh 2026 DWR Hunt Planner table.,LIVE_2026_AND_2025_BIBLE,CONTINUITY,DB,2020|2021|2022|2023|2024|2025,yes,no,yes,yes,OK,LIVE_AND_DATABASE,TOTAL_MATCH_SPLIT_DIFFERS,LIVE_DWR_CWMU_TOTAL_ONLY_FROM_QUOTA_RES,Three C CWMU,Deer,Buck,Any Legal Weapon,CWMU,,,2,2,0,2,yes,yes,no,no,DEER_BUCK_DB_DIRECT,SOURCE_TOTAL_MATCHES_RECOMMENDED,2,HIGH_CONFIRMED_2PLUS,HANUMBER,2,PROMOTE_CANDIDATE_AFTER_REVIEW,https://dwrapps.utah.gov/huntboundary/HuntTableData?species=Deer&gender=Buck
DB1302,HISTORICAL_LIBRARY_ONLY,CLOSED_HISTORICAL,no,Historical BIBLE-library code not part of current 2026 live table.,BIBLE_HISTORICAL_ONLY,HISTORICAL_LIBRARY,DB,2020|2021,no,no,no,no,,,,,,,,,,,,,,,,no,no,no,no,,,,,,,,
DB1303,CORE_DRAW_RESULTS_CONTINUING,CLOSED_CORE,yes,Present in 2025 BIBLE and fresh 2026 DWR Hunt Planner table.,LIVE_2026_AND_2025_BIBLE,CONTINUITY,DB,2020|2021|2022|2023|2024|2025,yes,no,yes,yes,OK,LIVE_AND_DATABASE,TOTAL_MATCH_SPLIT_DIFFERS,LIVE_DWR_CWMU_TOTAL_ONLY_FROM_QUOTA_RES,North Peaks CWMU,Deer,Buck,Any Legal Weapon,CWMU,,,1,1,0,1,yes,yes,no,no,DEER_BUCK_DB_DIRECT,SOURCE_TOTAL_MATCHES_RECOMMENDED,1,HIGH_CONFIRMED_2PLUS,HANUMBER,1,PROMOTE_CANDIDATE_AFTER_REVIEW,https://dwrapps.utah.gov/huntboundary/HuntTableData?species=Deer&gender=Buck
DB1304,CORE_DRAW_RESULTS_CONTINUING,CLOSED_CORE,yes,Present in 2025 BIBLE and fresh 2026 DWR Hunt Planner table.,LIVE_2026_AND_2025_BIBLE,CONTINUITY,DB,2020|2021|2022|2023|2024|2025,yes,no,yes,yes,OK,LIVE_AND_DATABASE,TOTAL_MATCH_SPLIT_DIFFERS,LIVE_DWR_CWMU_TOTAL_ONLY_FROM_QUOTA_RES,Two Bear CWMU,Deer,Buck,Any Legal Weapon,CWMU,,,1,1,0,1,yes,yes,no,no,DEER_BUCK_DB_DIRECT,SOURCE_TOTAL_MATCHES_RECOMMENDED,1,HIGH_CONFIRMED_2PLUS,HANUMBER,1,PROMOTE_CANDIDATE_AFTER_REVIEW,https://dwrapps.utah.gov/huntboundary/HuntTableData?species=Deer&gender=Buck
DB1305,CORE_DRAW_RESULTS_CONTINUING,CLOSED_CORE,yes,Present in 2025 BIBLE and fresh 2026 DWR Hunt Planner table.,LIVE_2026_AND_2025_BIBLE,CONTINUITY,DB,2020|2021|2022|2023|2024|2025,yes,no,yes,yes,OK,LIVE_AND_DATABASE,TOTAL_MATCH_SPLIT_DIFFERS,LIVE_DWR_CWMU_TOTAL_ONLY_FROM_QUOTA_RES,Wallsburg CWMU,Deer,Buck,Any Legal Weapon,CWMU,,,1,1,0,1,yes,yes,no,no,DEER_BUCK_DB_DIRECT,SOURCE_TOTAL_MATCHES_RECOMMENDED,1,HIGH_CONFIRMED_2PLUS,HANUMBER,1,PROMOTE_CANDIDATE_AFTER_REVIEW,https://dwrapps.utah.gov/huntboundary/HuntTableData?species=Deer&gender=Buck
DB1306,CORE_DRAW_RESULTS_CONTINUING,CLOSED_CORE,yes,Present in 2025 BIBLE and fresh 2026 DWR Hunt Planner table.,LIVE_2026_AND_2025_BIBLE,CONTINUITY,DB,2020|2021|2022|2023|2024|2025,yes,no,yes,yes,OK,LIVE_AND_DATABASE,TOTAL_MATCH_SPLIT_DIFFERS,LIVE_DWR_CWMU_TOTAL_ONLY_FROM_QUOTA_RES,Washakie CWMU,Deer,Buck,Any Legal Weapon,CWMU,,,1,1,0,1,yes,yes,no,no,DEER_BUCK_DB_DIRECT,SOURCE_TOTAL_MATCHES_RECOMMENDED,1,HIGH_CONFIRMED_2PLUS,HANUMBER,1,PROMOTE_CANDIDATE_AFTER_REVIEW,https://dwrapps.utah.gov/huntboundary/HuntTableData?species=Deer&gender=Buck
DB1307,HISTORICAL_LIBRARY_ONLY,CLOSED_HISTORICAL,no,Historical BIBLE-library code not part of current 2026 live table.,BIBLE_HISTORICAL_ONLY,HISTORICAL_LIBRARY,DB,2020|2021|2022|2023,no,no,no,no,,,,,,,,,,,,,,,,no,no,no,no,,,,,,,,
DB1308,CORE_DRAW_RESULTS_CONTINUING,CLOSED_CORE,yes,Present in 2025 BIBLE and fresh 2026 DWR Hunt Planner table.,LIVE_2026_AND_2025_BIBLE,CONTINUITY,DB,2020|2022|2023|2024|2025,yes,no,yes,yes,OK,LIVE_AND_DATABASE,TOTAL_MATCH_SPLIT_DIFFERS,LIVE_DWR_CWMU_TOTAL_ONLY_FROM_QUOTA_RES,West Hills CWMU,Deer,Buck,Any Legal Weapon,CWMU,,,2,2,0,2,yes,yes,no,no,DEER_BUCK_DB_DIRECT,SOURCE_TOTAL_MATCHES_RECOMMENDED,2,HIGH_CONFIRMED_2PLUS,HANUMBER,2,PROMOTE_CANDIDATE_AFTER_REVIEW,https://dwrapps.utah.gov/huntboundary/HuntTableData?species=Deer&gender=Buck
DB1309,CORE_DRAW_RESULTS_CONTINUING,CLOSED_CORE,yes,Present in 2025 BIBLE and fresh 2026 DWR Hunt Planner table.,LIVE_2026_AND_2025_BIBLE,CONTINUITY,DB,2020|2021|2022|2023|2024|2025,yes,no,yes,yes,OK,LIVE_AND_DATABASE,TOTAL_MATCH_SPLIT_DIFFERS,LIVE_DWR_CWMU_TOTAL_ONLY_FROM_QUOTA_RES,West Willow Creek Ranch CWMU,Deer,Buck,Any Legal Weapon,CWMU,,,5,5,0,5,yes,yes,no,no,DEER_BUCK_DB_DIRECT,SOURCE_TOTAL_MATCHES_RECOMMENDED,5,HIGH_CONFIRMED_2PLUS,HANUMBER,5,PROMOTE_CANDIDATE_AFTER_REVIEW,https://dwrapps.utah.gov/huntboundary/HuntTableData?species=Deer&gender=Buck
DB1310,CORE_DRAW_RESULTS_CONTINUING,CLOSED_CORE,yes,Present in 2025 BIBLE and fresh 2026 DWR Hunt Planner table.,LIVE_2026_AND_2025_BIBLE,CONTINUITY,DB,2020|2021|2022|2023|2024|2025,yes,no,yes,yes,OK,LIVE_AND_DATABASE,TOTAL_MATCH_SPLIT_DIFFERS,LIVE_DWR_CWMU_TOTAL_ONLY_FROM_QUOTA_RES,White's Valley CWMU,Deer,Buck,Any Legal Weapon,CWMU,,,1,1,0,1,yes,yes,no,no,DEER_BUCK_DB_DIRECT,SOURCE_TOTAL_MATCHES_RECOMMENDED,1,HIGH_CONFIRMED_2PLUS,HANUMBER,1,PROMOTE_CANDIDATE_AFTER_REVIEW,https://dwrapps.utah.gov/huntboundary/HuntTableData?species=Deer&gender=Buck
DB1312,CORE_DRAW_RESULTS_CONTINUING,CLOSED_CORE,yes,Present in 2025 BIBLE and fresh 2026 DWR Hunt Planner table.,LIVE_2026_AND_2025_BIBLE,CONTINUITY,DB,2022|2023|2024|2025,yes,no,yes,yes,OK,LIVE_AND_DATABASE,TOTAL_MATCH_SPLIT_DIFFERS,LIVE_DWR_CWMU_TOTAL_ONLY_FROM_QUOTA_RES,Woodruff Creek South CWMU,Deer,Buck,Any Legal Weapon,CWMU,,,1,1,0,1,yes,yes,no,no,DEER_BUCK_DB_DIRECT,SOURCE_TOTAL_MATCHES_RECOMMENDED,1,HIGH_CONFIRMED_2PLUS,HANUMBER,1,PROMOTE_CANDIDATE_AFTER_REVIEW,https://dwrapps.utah.gov/huntboundary/HuntTableData?species=Deer&gender=Buck
DB1317,CORE_DRAW_RESULTS_CONTINUING,CLOSED_CORE,yes,Present in 2025 BIBLE and fresh 2026 DWR Hunt Planner table.,LIVE_2026_AND_2025_BIBLE,CONTINUITY,DB,2020|2021|2022|2023|2024|2025,yes,no,yes,yes,OK,LIVE_AND_DATABASE,TOTAL_MATCH_SPLIT_DIFFERS,LIVE_DWR_CWMU_TOTAL_ONLY_FROM_QUOTA_RES,Jacob's Creek CWMU,Deer,Buck,Any Legal Weapon,CWMU,,,2,2,0,2,yes,yes,no,no,DEER_BUCK_DB_DIRECT,SOURCE_TOTAL_MATCHES_RECOMMENDED,2,HIGH_CONFIRMED_2PLUS,HANUMBER,2,PROMOTE_CANDIDATE_AFTER_REVIEW,https://dwrapps.utah.gov/huntboundary/HuntTableData?species=Deer&gender=Buck
DB1320,POSSIBLE_DROPPED_OR_NOT_EXPOSED_FROM_2025,REVIEW,maybe,Present in 2025 BIBLE but absent from fresh 2026 DWR table; needs drop/rename/crosswalk review.,BIBLE_2025_NOT_IN_LIVE_2026_TABLE,DROPPED_OR_NOT_EXPOSED_IN_CURRENT_TABLE,DB,2020|2021|2022|2023|2024|2025,yes,no,no,yes,OK,DATABASE_ONLY,DATABASE_ONLY,,Deer Creek CWMU,Deer,Buck,Any Legal Weapon,CWMU,,,,1,0,1,no,no,no,no,,,,MEDIUM_SINGLE_SOURCE,HANUMBER,1,PROMOTE_CANDIDATE_AFTER_REVIEW,
DB1321,HISTORICAL_LIBRARY_ONLY,CLOSED_HISTORICAL,no,Historical BIBLE-library code not part of current 2026 live table.,BIBLE_HISTORICAL_ONLY,HISTORICAL_LIBRARY,DB,2020|2021|2022,no,no,no,no,,,,,,,,,,,,,,,,no,no,no,no,,,,,,,,
DB1322,CORE_DRAW_RESULTS_CONTINUING,CLOSED_CORE,yes,Present in 2025 BIBLE and fresh 2026 DWR Hunt Planner table.,LIVE_2026_AND_2025_BIBLE,CONTINUITY,DB,2020|2021|2022|2023|2024|2025,yes,no,yes,yes,OK,LIVE_AND_DATABASE,TOTAL_MATCH_SPLIT_DIFFERS,LIVE_DWR_CWMU_TOTAL_ONLY_FROM_QUOTA_RES,Pahvant Ensign CWMU,Deer,Buck,Any Legal Weapon,CWMU,,,1,1,0,1,yes,yes,no,no,DEER_BUCK_DB_DIRECT,SOURCE_TOTAL_MATCHES_RECOMMENDED,1,HIGH_CONFIRMED_2PLUS,HANUMBER,1,PROMOTE_CANDIDATE_AFTER_REVIEW,https://dwrapps.utah.gov/huntboundary/HuntTableData?species=Deer&gender=Buck
DB1323,CORE_DRAW_RESULTS_CONTINUING,CLOSED_CORE,yes,Present in 2025 BIBLE and fresh 2026 DWR Hunt Planner table.,LIVE_2026_AND_2025_BIBLE,CONTINUITY,DB,2020|2021|2022|2025,yes,no,yes,yes,OK,LIVE_AND_DATABASE,TOTAL_MATCH_SPLIT_DIFFERS,LIVE_DWR_CWMU_TOTAL_ONLY_FROM_QUOTA_RES,Rock House CWMU,Deer,Buck,Any Legal Weapon,CWMU,,,1,1,0,1,yes,yes,no,no,DEER_BUCK_DB_DIRECT,SOURCE_TOTAL_MATCHES_RECOMMENDED,1,HIGH_CONFIRMED_2PLUS,HANUMBER,1,PROMOTE_CANDIDATE_AFTER_REVIEW,https://dwrapps.utah.gov/huntboundary/HuntTableData?species=Deer&gender=Buck
DB1324,POSSIBLE_DROPPED_OR_NOT_EXPOSED_FROM_2025,REVIEW,maybe,Present in 2025 BIBLE but absent from fresh 2026 DWR table; needs drop/rename/crosswalk review.,BIBLE_2025_NOT_IN_LIVE_2026_TABLE,DROPPED_OR_NOT_EXPOSED_IN_CURRENT_TABLE,DB,2020|2021|2022|2023|2024|2025,yes,no,no,yes,OK,DATABASE_ONLY,DATABASE_ONLY,,Royal Ivory Outfitters CWMU,Deer,Buck,Any Legal Weapon,CWMU,,,,1,0,1,no,no,no,no,,,,MEDIUM_SINGLE_SOURCE,HANUMBER,1,PROMOTE_CANDIDATE_AFTER_REVIEW,
DB1325,CORE_DRAW_RESULTS_CONTINUING,CLOSED_CORE,yes,Present in 2025 BIBLE and fresh 2026 DWR Hunt Planner table.,LIVE_2026_AND_2025_BIBLE,CONTINUITY,DB,2020|2021|2022|2023|2024|2025,yes,no,yes,yes,OK,LIVE_AND_DATABASE,TOTAL_MATCH_SPLIT_DIFFERS,LIVE_DWR_CWMU_TOTAL_ONLY_FROM_QUOTA_RES,Double Cone CWMU,Deer,Buck,Any Legal Weapon,CWMU,,,1,1,0,1,yes,yes,no,no,DEER_BUCK_DB_DIRECT,SOURCE_TOTAL_MATCHES_RECOMMENDED,1,HIGH_CONFIRMED_2PLUS,HANUMBER,1,PROMOTE_CANDIDATE_AFTER_REVIEW,https://dwrapps.utah.gov/huntboundary/HuntTableData?species=Deer&gender=Buck
DB1326,CORE_DRAW_RESULTS_CONTINUING,CLOSED_CORE,yes,Present in 2025 BIBLE and fresh 2026 DWR Hunt Planner table.,LIVE_2026_AND_2025_BIBLE,CONTINUITY,DB,2020|2021|2022|2023|2024|2025,yes,no,yes,yes,OK,LIVE_AND_DATABASE,TOTAL_MATCH_SPLIT_DIFFERS,LIVE_DWR_CWMU_TOTAL_ONLY_FROM_QUOTA_RES,Rosette CWMU,Deer,Buck,Any Legal Weapon,CWMU,,,1,1,0,1,yes,yes,no,no,DEER_BUCK_DB_DIRECT,SOURCE_TOTAL_MATCHES_RECOMMENDED,1,HIGH_CONFIRMED_2PLUS,HANUMBER,1,PROMOTE_CANDIDATE_AFTER_REVIEW,https://dwrapps.utah.gov/huntboundary/HuntTableData?species=Deer&gender=Buck
DB1327,CORE_DRAW_RESULTS_CONTINUING,CLOSED_CORE,yes,Present in 2025 BIBLE and fresh 2026 DWR Hunt Planner table.,LIVE_2026_AND_2025_BIBLE,CONTINUITY,DB,2020|2021|2022|2023|2024|2025,yes,no,yes,yes,OK,LIVE_AND_DATABASE,TOTAL_MATCH_SPLIT_DIFFERS,LIVE_DWR_CWMU_TOTAL_ONLY_FROM_QUOTA_RES,Mountain Sky Ranch CWMU,Deer,Buck,Any Legal Weapon,CWMU,,,1,1,0,1,yes,yes,no,no,DEER_BUCK_DB_DIRECT,SOURCE_TOTAL_MATCHES_RECOMMENDED,1,HIGH_CONFIRMED_2PLUS,HANUMBER,1,PROMOTE_CANDIDATE_AFTER_REVIEW,https://dwrapps.utah.gov/huntboundary/HuntTableData?species=Deer&gender=Buck
DB1328,CORE_DRAW_RESULTS_CONTINUING,CLOSED_CORE,yes,Present in 2025 BIBLE and fresh 2026 DWR Hunt Planner table.,LIVE_2026_AND_2025_BIBLE,CONTINUITY,DB,2021|2022|2023|2024|2025,yes,no,yes,yes,OK,LIVE_AND_DATABASE,TOTAL_MATCH_SPLIT_DIFFERS,LIVE_DWR_CWMU_TOTAL_ONLY_FROM_QUOTA_RES,Clear Creek CWMU,Deer,Buck,Any Legal Weapon,CWMU,,,1,1,0,1,yes,yes,no,no,DEER_BUCK_DB_DIRECT,SOURCE_TOTAL_MATCHES_RECOMMENDED,1,HIGH_CONFIRMED_2PLUS,HANUMBER,1,PROMOTE_CANDIDATE_AFTER_REVIEW,https://dwrapps.utah.gov/huntboundary/HuntTableData?species=Deer&gender=Buck
DB1329,HISTORICAL_LIBRARY_ONLY,CLOSED_HISTORICAL,no,Historical BIBLE-library code not part of current 2026 live table.,BIBLE_HISTORICAL_ONLY,HISTORICAL_LIBRARY,DB,2021|2022,no,no,no,no,,,,,,,,,,,,,,,,no,no,no,no,,,,,,,,
DB1330,CORE_DRAW_RESULTS_CONTINUING,CLOSED_CORE,yes,Present in 2025 BIBLE and fresh 2026 DWR Hunt Planner table.,LIVE_2026_AND_2025_BIBLE,CONTINUITY,DB,2021|2022|2023|2024|2025,yes,no,yes,yes,OK,LIVE_AND_DATABASE,TOTAL_MATCH_SPLIT_DIFFERS,LIVE_DWR_CWMU_TOTAL_ONLY_FROM_QUOTA_RES,Iron Spring CWMU,Deer,Buck,Any Legal Weapon,CWMU,,,1,1,0,1,yes,yes,no,no,DEER_BUCK_DB_DIRECT,SOURCE_TOTAL_MATCHES_RECOMMENDED,1,HIGH_CONFIRMED_2PLUS,HANUMBER,1,PROMOTE_CANDIDATE_AFTER_REVIEW,https://dwrapps.utah.gov/huntboundary/HuntTableData?species=Deer&gender=Buck
DB1331,CORE_DRAW_RESULTS_CONTINUING,CLOSED_CORE,yes,Present in 2025 BIBLE and fresh 2026 DWR Hunt Planner table.,LIVE_2026_AND_2025_BIBLE,CONTINUITY,DB,2021|2022|2023|2024|2025,yes,no,yes,yes,OK,LIVE_AND_DATABASE,TOTAL_MATCH_SPLIT_DIFFERS,LIVE_DWR_CWMU_TOTAL_ONLY_FROM_QUOTA_RES,Raft River CWMU,Deer,Buck,Any Legal Weapon,CWMU,,,2,2,0,2,yes,yes,no,no,DEER_BUCK_DB_DIRECT,SOURCE_TOTAL_MATCHES_RECOMMENDED,2,HIGH_CONFIRMED_2PLUS,HANUMBER,2,PROMOTE_CANDIDATE_AFTER_REVIEW,https://dwrapps.utah.gov/huntboundary/HuntTableData?species=Deer&gender=Buck
DB1332,CORE_DRAW_RESULTS_CONTINUING,CLOSED_CORE,yes,Present in 2025 BIBLE and fresh 2026 DWR Hunt Planner table.,LIVE_2026_AND_2025_BIBLE,CONTINUITY,DB,2021|2022|2023|2024|2025,yes,no,yes,yes,OK,LIVE_AND_DATABASE,TOTAL_MATCH_SPLIT_DIFFERS,LIVE_DWR_CWMU_TOTAL_ONLY_FROM_QUOTA_RES,West Ridge CWMU,Deer,Buck,Any Legal Weapon,CWMU,,,5,5,0,5,yes,yes,no,no,DEER_BUCK_DB_DIRECT,SOURCE_TOTAL_MATCHES_RECOMMENDED,5,HIGH_CONFIRMED_2PLUS,HANUMBER,5,PROMOTE_CANDIDATE_AFTER_REVIEW,https://dwrapps.utah.gov/huntboundary/HuntTableData?species=Deer&gender=Buck
DB1333,CORE_DRAW_RESULTS_CONTINUING,CLOSED_CORE,yes,Present in 2025 BIBLE and fresh 2026 DWR Hunt Planner table.,LIVE_2026_AND_2025_BIBLE,CONTINUITY,DB,2021|2022|2023|2024|2025,yes,no,yes,yes,OK,LIVE_AND_DATABASE,TOTAL_MATCH_SPLIT_DIFFERS,LIVE_DWR_CWMU_TOTAL_ONLY_FROM_QUOTA_RES,5S CWMU,Deer,Buck,Any Legal Weapon,CWMU,,,2,2,0,2,yes,yes,no,no,DEER_BUCK_DB_DIRECT,SOURCE_TOTAL_MATCHES_RECOMMENDED,2,HIGH_CONFIRMED_2PLUS,HANUMBER,2,PROMOTE_CANDIDATE_AFTER_REVIEW,https://dwrapps.utah.gov/huntboundary/HuntTableData?species=Deer&gender=Buck
DB1334,CORE_DRAW_RESULTS_CONTINUING,CLOSED_CORE,yes,Present in 2025 BIBLE and fresh 2026 DWR Hunt Planner table.,LIVE_2026_AND_2025_BIBLE,CONTINUITY,DB,2021|2022|2023|2024|2025,yes,no,yes,yes,OK,LIVE_AND_DATABASE,TOTAL_MATCH_SPLIT_DIFFERS,LIVE_DWR_CWMU_TOTAL_ONLY_FROM_QUOTA_RES,Alton - Cactus Buck CWMU,Deer,Buck,Any Legal Weapon,CWMU,,,1,1,0,1,yes,yes,no,no,DEER_BUCK_DB_DIRECT,SOURCE_TOTAL_MATCHES_RECOMMENDED,1,HIGH_CONFIRMED_2PLUS,HANUMBER,1,PROMOTE_CANDIDATE_AFTER_REVIEW,https://dwrapps.utah.gov/huntboundary/HuntTableData?species=Deer&gender=Buck
DB1335,CORE_DRAW_RESULTS_CONTINUING,CLOSED_CORE,yes,Present in 2025 BIBLE and fresh 2026 DWR Hunt Planner table.,LIVE_2026_AND_2025_BIBLE,CONTINUITY,DB,2022|2023|2024|2025,yes,no,yes,yes,OK,LIVE_AND_DATABASE,TOTAL_MATCH_SPLIT_DIFFERS,LIVE_DWR_CWMU_TOTAL_ONLY_FROM_QUOTA_RES,Big Piney Ranch CWMU,Deer,Buck,Any Legal Weapon,CWMU,,,1,1,0,1,yes,yes,no,no,DEER_BUCK_DB_DIRECT,SOURCE_TOTAL_MATCHES_RECOMMENDED,1,HIGH_CONFIRMED_2PLUS,HANUMBER,1,PROMOTE_CANDIDATE_AFTER_REVIEW,https://dwrapps.utah.gov/huntboundary/HuntTableData?species=Deer&gender=Buck
DB1336,CORE_DRAW_RESULTS_CONTINUING,CLOSED_CORE,yes,Present in 2025 BIBLE and fresh 2026 DWR Hunt Planner table.,LIVE_2026_AND_2025_BIBLE,CONTINUITY,DB,2022|2023|2024|2025,yes,no,yes,yes,OK,LIVE_AND_DATABASE,TOTAL_MATCH_SPLIT_DIFFERS,LIVE_DWR_CWMU_TOTAL_ONLY_FROM_QUOTA_RES,First Light CWMU,Deer,Buck,Any Legal Weapon,CWMU,,,1,1,0,1,yes,yes,no,no,DEER_BUCK_DB_DIRECT,SOURCE_TOTAL_MATCHES_RECOMMENDED,1,HIGH_CONFIRMED_2PLUS,HANUMBER,1,PROMOTE_CANDIDATE_AFTER_REVIEW,https://dwrapps.utah.gov/huntboundary/HuntTableData?species=Deer&gender=Buck
DB1337,CORE_DRAW_RESULTS_CONTINUING,CLOSED_CORE,yes,Present in 2025 BIBLE and fresh 2026 DWR Hunt Planner table.,LIVE_2026_AND_2025_BIBLE,CONTINUITY,DB,2022|2023|2024|2025,yes,no,yes,yes,OK,LIVE_AND_DATABASE,TOTAL_MATCH_SPLIT_DIFFERS,LIVE_DWR_CWMU_TOTAL_ONLY_FROM_QUOTA_RES,Little Pole Canyon CWMU,Deer,Buck,Any Legal Weapon,CWMU,,,1,1,0,1,yes,yes,no,no,DEER_BUCK_DB_DIRECT,SOURCE_TOTAL_MATCHES_RECOMMENDED,1,HIGH_CONFIRMED_2PLUS,HANUMBER,1,PROMOTE_CANDIDATE_AFTER_REVIEW,https://dwrapps.utah.gov/huntboundary/HuntTableData?species=Deer&gender=Buck
DB1338,DATABASE_REFERENCE_NOT_LIVE_TABLE,REVIEW,no,Database row is not exposed by the fresh DWR live table; do not count as active core without source review.,DATABASE_NOT_IN_LIVE_TABLE,DATABASE_REFERENCE_OR_ARCHIVE_REVIEW,DB,2022|2023|2024,no,no,no,yes,OK,DATABASE_ONLY,DATABASE_ONLY,,Sweetwater CWMU,Deer,Buck,Any Legal Weapon,CWMU,,,,,,1,no,no,no,no,,,,MEDIUM_SINGLE_SOURCE,HANUMBER,1,PROMOTE_CANDIDATE_AFTER_REVIEW,
DB1339,HISTORICAL_LIBRARY_ONLY,CLOSED_HISTORICAL,no,Historical BIBLE-library code not part of current 2026 live table.,BIBLE_HISTORICAL_ONLY,HISTORICAL_LIBRARY,DB,2022|2023,no,no,no,no,,,,,,,,,,,,,,,,no,no,no,no,,,,,,,,
DB1340,HISTORICAL_LIBRARY_ONLY,CLOSED_HISTORICAL,no,Historical BIBLE-library code not part of current 2026 live table.,BIBLE_HISTORICAL_ONLY,HISTORICAL_LIBRARY,DB,2022|2023,no,no,no,no,,,,,,,,,,,,,,,,no,no,no,no,,,,,,,,
DB1341,CORE_DRAW_RESULTS_CONTINUING,CLOSED_CORE,yes,Present in 2025 BIBLE and fresh 2026 DWR Hunt Planner table.,LIVE_2026_AND_2025_BIBLE,CONTINUITY,DB,2023|2024|2025,yes,no,yes,yes,OK,LIVE_AND_DATABASE,TOTAL_MATCH_SPLIT_DIFFERS,LIVE_DWR_CWMU_TOTAL_ONLY_FROM_QUOTA_RES,Dry Creek CWMU,Deer,Buck,Any Legal Weapon,CWMU,,,1,1,0,1,yes,yes,no,no,DEER_BUCK_DB_DIRECT,SOURCE_TOTAL_MATCHES_RECOMMENDED,1,HIGH_CONFIRMED_2PLUS,HANUMBER,1,PROMOTE_CANDIDATE_AFTER_REVIEW,https://dwrapps.utah.gov/huntboundary/HuntTableData?species=Deer&gender=Buck
DB1342,CORE_DRAW_RESULTS_CONTINUING,CLOSED_CORE,yes,Present in 2025 BIBLE and fresh 2026 DWR Hunt Planner table.,LIVE_2026_AND_2025_BIBLE,CONTINUITY,DB,2023|2024|2025,yes,no,yes,yes,OK,LIVE_AND_DATABASE,TOTAL_MATCH_SPLIT_DIFFERS,LIVE_DWR_CWMU_TOTAL_ONLY_FROM_QUOTA_RES,Faust Valley CWMU,Deer,Buck,Any Legal Weapon,CWMU,,,1,1,0,1,yes,yes,no,no,DEER_BUCK_DB_DIRECT,SOURCE_TOTAL_MATCHES_RECOMMENDED,1,HIGH_CONFIRMED_2PLUS,HANUMBER,1,PROMOTE_CANDIDATE_AFTER_REVIEW,https://dwrapps.utah.gov/huntboundary/HuntTableData?species=Deer&gender=Buck
DB1343,POSSIBLE_DROPPED_OR_NOT_EXPOSED_FROM_2025,REVIEW,maybe,Present in 2025 BIBLE but absent from fresh 2026 DWR table; needs drop/rename/crosswalk review.,BIBLE_2025_NOT_IN_LIVE_2026_TABLE,DROPPED_OR_NOT_EXPOSED_IN_CURRENT_TABLE,DB,2023|2024|2025,yes,no,no,yes,OK,DATABASE_ONLY,DATABASE_ONLY,,Red Iron CWMU,Deer,Buck,Any Legal Weapon,CWMU,,,,1,0,1,no,no,no,no,,,,MEDIUM_SINGLE_SOURCE,HANUMBER,1,PROMOTE_CANDIDATE_AFTER_REVIEW,
DB1344,POSSIBLE_DROPPED_OR_NOT_EXPOSED_FROM_2025,REVIEW,maybe,Present in 2025 BIBLE but absent from fresh 2026 DWR table; needs drop/rename/crosswalk review.,BIBLE_2025_NOT_IN_LIVE_2026_TABLE,DROPPED_OR_NOT_EXPOSED_IN_CURRENT_TABLE,DB,2024|2025,yes,no,no,yes,OK,DATABASE_ONLY,DATABASE_ONLY,,Salt Wells CWMU,Deer,Buck,Any Legal Weapon,CWMU,,,,1,0,1,no,no,no,no,,,,MEDIUM_SINGLE_SOURCE,HANUMBER,1,PROMOTE_CANDIDATE_AFTER_REVIEW,
DB1345,POSSIBLE_DROPPED_OR_NOT_EXPOSED_FROM_2025,REVIEW,maybe,Present in 2025 BIBLE but absent from fresh 2026 DWR table; needs drop/rename/crosswalk review.,BIBLE_2025_NOT_IN_LIVE_2026_TABLE,DROPPED_OR_NOT_EXPOSED_IN_CURRENT_TABLE,DB,2024|2025,yes,no,no,yes,OK,DATABASE_ONLY,DATABASE_ONLY,,Diamond Mountain CWMU,Deer,Buck,Any Legal Weapon,CWMU,,,,1,0,1,no,no,no,no,,,,MEDIUM_SINGLE_SOURCE,HANUMBER,1,PROMOTE_CANDIDATE_AFTER_REVIEW,
DB1347,CORE_DRAW_RESULTS_CONTINUING,CLOSED_CORE,yes,Present in 2025 BIBLE and fresh 2026 DWR Hunt Planner table.,LIVE_2026_AND_2025_BIBLE,CONTINUITY,DB,2024|2025,yes,no,yes,yes,OK,LIVE_AND_DATABASE,TOTAL_MATCH_SPLIT_DIFFERS,LIVE_DWR_CWMU_TOTAL_ONLY_FROM_QUOTA_RES,The Rose of Snowville CWMU,Deer,Buck,Any Legal Weapon,CWMU,,,2,2,0,2,yes,yes,no,no,DEER_BUCK_DB_DIRECT,SOURCE_TOTAL_MATCHES_RECOMMENDED,2,HIGH_CONFIRMED_2PLUS,HANUMBER,2,PROMOTE_CANDIDATE_AFTER_REVIEW,https://dwrapps.utah.gov/huntboundary/HuntTableData?species=Deer&gender=Buck
DB1348,POSSIBLE_DROPPED_OR_NOT_EXPOSED_FROM_2025,REVIEW,maybe,Present in 2025 BIBLE but absent from fresh 2026 DWR table; needs drop/rename/crosswalk review.,BIBLE_2025_NOT_IN_LIVE_2026_TABLE,DROPPED_OR_NOT_EXPOSED_IN_CURRENT_TABLE,DB,2024|2025,yes,no,no,yes,OK,DATABASE_ONLY,DATABASE_ONLY,,Kimberly CWMU,Deer,Buck,Any Legal Weapon,CWMU,,,,1,0,1,no,no,no,no,,,,MEDIUM_SINGLE_SOURCE,HANUMBER,1,PROMOTE_CANDIDATE_AFTER_REVIEW,
DB1349,CORE_DRAW_RESULTS_CONTINUING,CLOSED_CORE,yes,Present in 2025 BIBLE and fresh 2026 DWR Hunt Planner table.,LIVE_2026_AND_2025_BIBLE,CONTINUITY,DB,2024|2025,yes,no,yes,yes,OK,LIVE_AND_DATABASE,TOTAL_MATCH_SPLIT_DIFFERS,LIVE_DWR_CWMU_TOTAL_ONLY_FROM_QUOTA_RES,Weber Florence Creek/Stillman Creek CWMU,Deer,Buck,Any Legal Weapon,CWMU,,,9,9,0,9,yes,yes,no,no,DEER_BUCK_DB_DIRECT,SOURCE_TOTAL_MATCHES_RECOMMENDED,9,HIGH_CONFIRMED_2PLUS,HANUMBER,9,PROMOTE_CANDIDATE_AFTER_REVIEW,https://dwrapps.utah.gov/huntboundary/HuntTableData?species=Deer&gender=Buck
DB1351,SEPARATE_CWMU_CURRENT_PLANNER_LAYER,REVIEW,maybe,"CWMU current-planner row not in 2025 BIBLE; review whether this is new, renamed, or omitted by source family.",LIVE_2026_NOT_IN_2025_BIBLE,CWMU_CURRENT_PLANNER,DB,,no,no,yes,yes,OK,LIVE_AND_DATABASE,TOTAL_MATCH_SPLIT_DIFFERS,LIVE_DWR_CWMU_TOTAL_ONLY_FROM_QUOTA_RES,The Dirty Dozen,Deer,Buck,Any Legal Weapon,CWMU,,,2,2,0,2,yes,yes,no,no,DEER_BUCK_DB_DIRECT,SOURCE_TOTAL_MATCHES_RECOMMENDED,2,HIGH_CONFIRMED_2PLUS,HANUMBER,2,PROMOTE_CANDIDATE_AFTER_REVIEW,https://dwrapps.utah.gov/huntboundary/HuntTableData?species=Deer&gender=Buck
DB1500,HISTORICAL_LIBRARY_ONLY,CLOSED_HISTORICAL,no,Historical BIBLE-library code not part of current 2026 live table.,BIBLE_HISTORICAL_ONLY,HISTORICAL_LIBRARY,DB,2020|2021|2022|2023|2024,no,no,no,no,,,,,,,,,,,,,,,,no,no,no,no,,,,,,,,
DB1501,CORE_DRAW_RESULTS_CONTINUING,CLOSED_CORE,yes,Present in 2025 BIBLE and fresh 2026 DWR Hunt Planner table.,LIVE_2026_AND_2025_BIBLE,CONTINUITY,DB,2020|2021|2022|2023|2024|2025,yes,no,yes,yes,OK,LIVE_AND_DATABASE,MATCH,LIVE_DWR_TOTAL_ONLY,Box Elder,Deer,Buck,Archery,General Season,,,1040,,,1040,yes,yes,no,no,DEER_BUCK_DB_DIRECT,SOURCE_MATCHES_RECOMMENDED,1040,REVIEW_SOURCE_CONFLICT,HANUMBER,1040,REVIEW_BEFORE_PROMOTION,https://dwrapps.utah.gov/huntboundary/HuntTableData?species=Deer&gender=Buck
DB1502,CORE_DRAW_RESULTS_CONTINUING,CLOSED_CORE,yes,Present in 2025 BIBLE and fresh 2026 DWR Hunt Planner table.,LIVE_2026_AND_2025_BIBLE,CONTINUITY,DB,2020|2021|2022|2023|2024|2025,yes,no,yes,yes,OK,LIVE_AND_DATABASE,MATCH,LIVE_DWR_TOTAL_ONLY,Cache,Deer,Buck,Archery,General Season,,,1160,,,1160,yes,yes,no,no,DEER_BUCK_DB_DIRECT,SOURCE_MATCHES_RECOMMENDED,1160,REVIEW_SOURCE_CONFLICT,HANUMBER,1160,REVIEW_BEFORE_PROMOTION,https://dwrapps.utah.gov/huntboundary/HuntTableData?species=Deer&gender=Buck
DB1503,CORE_DRAW_RESULTS_CONTINUING,CLOSED_CORE,yes,Present in 2025 BIBLE and fresh 2026 DWR Hunt Planner table.,LIVE_2026_AND_2025_BIBLE,CONTINUITY,DB,2020|2021|2022|2023|2024|2025,yes,no,yes,yes,OK,LIVE_AND_DATABASE,MATCH,LIVE_DWR_TOTAL_ONLY,Manti/San Rafael,Deer,Buck,Archery,General Season,,,1800,,,1800,yes,yes,no,no,DEER_BUCK_DB_DIRECT,SOURCE_MATCHES_RECOMMENDED,1800,REVIEW_SOURCE_CONFLICT,HANUMBER,1800,REVIEW_BEFORE_PROMOTION,https://dwrapps.utah.gov/huntboundary/HuntTableData?species=Deer&gender=Buck
DB1504,CORE_DRAW_RESULTS_CONTINUING,CLOSED_CORE,yes,Present in 2025 BIBLE and fresh 2026 DWR Hunt Planner table.,LIVE_2026_AND_2025_BIBLE,CONTINUITY,DB,2020|2021|2022|2023|2024|2025,yes,no,yes,yes,OK,LIVE_AND_DATABASE,MATCH,LIVE_DWR_TOTAL_ONLY,Nebo,Deer,Buck,Archery,General Season,,,1060,,,1060,yes,yes,no,no,DEER_BUCK_DB_DIRECT,SOURCE_MATCHES_RECOMMENDED,1060,REVIEW_SOURCE_CONFLICT,HANUMBER,1060,REVIEW_BEFORE_PROMOTION,https://dwrapps.utah.gov/huntboundary/HuntTableData?species=Deer&gender=Buck
DB1505,HISTORICAL_LIBRARY_ONLY,CLOSED_HISTORICAL,no,Historical BIBLE-library code not part of current 2026 live table.,BIBLE_HISTORICAL_ONLY,HISTORICAL_LIBRARY,DB,2020|2021|2022,no,no,no,no,,,,,,,,,,,,,,,,no,no,no,no,,,,,,,,
DB1506,CORE_DRAW_RESULTS_CONTINUING,CLOSED_CORE,yes,Present in 2025 BIBLE and fresh 2026 DWR Hunt Planner table.,LIVE_2026_AND_2025_BIBLE,CONTINUITY,DB,2020|2021|2022|2023|2024|2025,yes,no,yes,yes,OK,LIVE_AND_DATABASE,MATCH,LIVE_DWR_TOTAL_ONLY,Fillmore,Deer,Buck,Archery,General Season,,,460,,,460,yes,yes,no,no,DEER_BUCK_DB_DIRECT,SOURCE_MATCHES_RECOMMENDED,460,REVIEW_SOURCE_CONFLICT,HANUMBER,460,REVIEW_BEFORE_PROMOTION,https://dwrapps.utah.gov/huntboundary/HuntTableData?species=Deer&gender=Buck
DB1508,CORE_DRAW_RESULTS_CONTINUING,CLOSED_CORE,yes,Present in 2025 BIBLE and fresh 2026 DWR Hunt Planner table.,LIVE_2026_AND_2025_BIBLE,CONTINUITY,DB,2020|2021|2022|2023|2024|2025,yes,no,yes,yes,OK,LIVE_AND_DATABASE,MATCH,LIVE_DWR_TOTAL_ONLY,Kamas,Deer,Buck,Archery,General Season,,,200,,,200,yes,yes,no,no,DEER_BUCK_DB_DIRECT,SOURCE_MATCHES_RECOMMENDED,200,REVIEW_SOURCE_CONFLICT,HANUMBER,200,REVIEW_BEFORE_PROMOTION,https://dwrapps.utah.gov/huntboundary/HuntTableData?species=Deer&gender=Buck
DB1509,CORE_DRAW_RESULTS_CONTINUING,CLOSED_CORE,yes,Present in 2025 BIBLE and fresh 2026 DWR Hunt Planner table.,LIVE_2026_AND_2025_BIBLE,CONTINUITY,DB,2020|2021|2022|2023|2024|2025,yes,no,yes,yes,OK,LIVE_AND_DATABASE,MATCH,LIVE_DWR_TOTAL_ONLY,La Sal Mtns,Deer,Buck,Archery,General Season,,,360,,,360,yes,yes,no,no,DEER_BUCK_DB_DIRECT,SOURCE_MATCHES_RECOMMENDED,360,REVIEW_SOURCE_CONFLICT,HANUMBER,360,REVIEW_BEFORE_PROMOTION,https://dwrapps.utah.gov/huntboundary/HuntTableData?species=Deer&gender=Buck
DB1510,CORE_DRAW_RESULTS_CONTINUING,CLOSED_CORE,yes,Present in 2025 BIBLE and fresh 2026 DWR Hunt Planner table.,LIVE_2026_AND_2025_BIBLE,CONTINUITY,DB,2020|2021|2022|2023|2024|2025,yes,no,yes,yes,OK,LIVE_AND_DATABASE,MATCH,LIVE_DWR_TOTAL_ONLY,Monroe,Deer,Buck,Archery,General Season,,,220,,,220,yes,yes,no,no,DEER_BUCK_DB_DIRECT,SOURCE_MATCHES_RECOMMENDED,220,REVIEW_SOURCE_CONFLICT,HANUMBER,220,REVIEW_BEFORE_PROMOTION,https://dwrapps.utah.gov/huntboundary/HuntTableData?species=Deer&gender=Buck
DB1511,CORE_DRAW_RESULTS_CONTINUING,CLOSED_CORE,yes,Present in 2025 BIBLE and fresh 2026 DWR Hunt Planner table.,LIVE_2026_AND_2025_BIBLE,CONTINUITY,DB,2020|2021|2022|2023|2024|2025,yes,no,yes,yes,OK,LIVE_AND_DATABASE,MATCH,LIVE_DWR_TOTAL_ONLY,Mt Dutton,Deer,Buck,Archery,General Season,,,80,,,80,yes,yes,no,no,DEER_BUCK_DB_DIRECT,SOURCE_MATCHES_RECOMMENDED,80,REVIEW_SOURCE_CONFLICT,HANUMBER,80,REVIEW_BEFORE_PROMOTION,https://dwrapps.utah.gov/huntboundary/HuntTableData?species=Deer&gender=Buck
DB1512,CORE_DRAW_RESULTS_CONTINUING,CLOSED_CORE,yes,Present in 2025 BIBLE and fresh 2026 DWR Hunt Planner table.,LIVE_2026_AND_2025_BIBLE,CONTINUITY,DB,2020|2021|2022|2023|2024|2025,yes,no,yes,yes,OK,LIVE_AND_DATABASE,MATCH,LIVE_DWR_TOTAL_ONLY,Nine Mile,Deer,Buck,Archery,General Season,,,280,,,280,yes,yes,no,no,DEER_BUCK_DB_DIRECT,SOURCE_MATCHES_RECOMMENDED,280,REVIEW_SOURCE_CONFLICT,HANUMBER,280,REVIEW_BEFORE_PROMOTION,https://dwrapps.utah.gov/huntboundary/HuntTableData?species=Deer&gender=Buck
DB1513,CORE_DRAW_RESULTS_CONTINUING,CLOSED_CORE,yes,Present in 2025 BIBLE and fresh 2026 DWR Hunt Planner table.,LIVE_2026_AND_2025_BIBLE,CONTINUITY,DB,2020|2021|2022|2023|2024|2025,yes,no,yes,yes,OK,LIVE_AND_DATABASE,MATCH,LIVE_DWR_TOTAL_ONLY,North Slope,Deer,Buck,Archery,General Season,,,620,,,620,yes,yes,no,no,DEER_BUCK_DB_DIRECT,SOURCE_MATCHES_RECOMMENDED,620,REVIEW_SOURCE_CONFLICT,HANUMBER,620,REVIEW_BEFORE_PROMOTION,https://dwrapps.utah.gov/huntboundary/HuntTableData?species=Deer&gender=Buck
DB1514,CORE_DRAW_RESULTS_CONTINUING,CLOSED_CORE,yes,Present in 2025 BIBLE and fresh 2026 DWR Hunt Planner table.,LIVE_2026_AND_2025_BIBLE,CONTINUITY,DB,2020|2021|2022|2023|2024|2025,yes,no,yes,yes,OK,LIVE_AND_DATABASE,MATCH,LIVE_DWR_TOTAL_ONLY,Ogden,Deer,Buck,Archery,General Season,,,540,,,540,yes,yes,no,no,DEER_BUCK_DB_DIRECT,SOURCE_MATCHES_RECOMMENDED,540,REVIEW_SOURCE_CONFLICT,HANUMBER,540,REVIEW_BEFORE_PROMOTION,https://dwrapps.utah.gov/huntboundary/HuntTableData?species=Deer&gender=Buck
DB1515,HISTORICAL_LIBRARY_ONLY,CLOSED_HISTORICAL,no,Historical BIBLE-library code not part of current 2026 live table.,BIBLE_HISTORICAL_ONLY,HISTORICAL_LIBRARY,DB,2020|2021|2022|2023|2024,no,no,no,no,,,,,,,,,,,,,,,,no,no,no,no,,,,,,,,
DB1516,CORE_DRAW_RESULTS_CONTINUING,CLOSED_CORE,yes,Present in 2025 BIBLE and fresh 2026 DWR Hunt Planner table.,LIVE_2026_AND_2025_BIBLE,CONTINUITY,DB,2020|2021|2022|2023|2024|2025,yes,no,yes,yes,OK,LIVE_AND_DATABASE,MATCH,LIVE_DWR_TOTAL_ONLY,Panguitch Lake,Deer,Buck,Archery,General Season,,,500,,,500,yes,yes,no,no,DEER_BUCK_DB_DIRECT,SOURCE_MATCHES_RECOMMENDED,500,REVIEW_SOURCE_CONFLICT,HANUMBER,500,REVIEW_BEFORE_PROMOTION,https://dwrapps.utah.gov/huntboundary/HuntTableData?species=Deer&gender=Buck
DB1517,CORE_DRAW_RESULTS_CONTINUING,CLOSED_CORE,yes,Present in 2025 BIBLE and fresh 2026 DWR Hunt Planner table.,LIVE_2026_AND_2025_BIBLE,CONTINUITY,DB,2020|2021|2022|2023|2024|2025,yes,no,yes,yes,OK,LIVE_AND_DATABASE,MATCH,LIVE_DWR_TOTAL_ONLY,Pine Valley,Deer,Buck,Archery,General Season,,,600,,,600,yes,yes,no,no,DEER_BUCK_DB_DIRECT,SOURCE_MATCHES_RECOMMENDED,600,REVIEW_SOURCE_CONFLICT,HANUMBER,600,REVIEW_BEFORE_PROMOTION,https://dwrapps.utah.gov/huntboundary/HuntTableData?species=Deer&gender=Buck
DB1518,CORE_DRAW_RESULTS_CONTINUING,CLOSED_CORE,yes,Present in 2025 BIBLE and fresh 2026 DWR Hunt Planner table.,LIVE_2026_AND_2025_BIBLE,CONTINUITY,DB,2020|2021|2022|2023|2024|2025,yes,no,yes,yes,OK,LIVE_AND_DATABASE,MATCH,LIVE_DWR_TOTAL_ONLY,Boulder/Kaiparowits,Deer,Buck,Archery,General Season,,,720,,,720,yes,yes,no,no,DEER_BUCK_DB_DIRECT,SOURCE_MATCHES_RECOMMENDED,720,REVIEW_SOURCE_CONFLICT,HANUMBER,720,REVIEW_BEFORE_PROMOTION,https://dwrapps.utah.gov/huntboundary/HuntTableData?species=Deer&gender=Buck
DB1519,CORE_DRAW_RESULTS_CONTINUING,CLOSED_CORE,yes,Present in 2025 BIBLE and fresh 2026 DWR Hunt Planner table.,LIVE_2026_AND_2025_BIBLE,CONTINUITY,DB,2020|2021|2022|2023|2024|2025,yes,no,yes,yes,OK,LIVE_AND_DATABASE,MATCH,LIVE_DWR_TOTAL_ONLY,Fishlake,Deer,Buck,Archery,General Season,,,260,,,260,yes,yes,no,no,DEER_BUCK_DB_DIRECT,SOURCE_MATCHES_RECOMMENDED,260,REVIEW_SOURCE_CONFLICT,HANUMBER,260,REVIEW_BEFORE_PROMOTION,https://dwrapps.utah.gov/huntboundary/HuntTableData?species=Deer&gender=Buck
DB1520,HISTORICAL_LIBRARY_ONLY,CLOSED_HISTORICAL,no,Historical BIBLE-library code not part of current 2026 live table.,BIBLE_HISTORICAL_ONLY,HISTORICAL_LIBRARY,DB,2020|2021|2022|2023|2024,no,no,no,no,,,,,,,,,,,,,,,,no,no,no,no,,,,,,,,
DB1521,CORE_DRAW_RESULTS_CONTINUING,CLOSED_CORE,yes,Present in 2025 BIBLE and fresh 2026 DWR Hunt Planner table.,LIVE_2026_AND_2025_BIBLE,CONTINUITY,DB,2020|2021|2022|2023|2024|2025,yes,no,yes,yes,OK,LIVE_AND_DATABASE,MATCH,LIVE_DWR_TOTAL_ONLY,"San Juan, Abajo Mtns",Deer,Buck,Archery,General Season,,,560,,,560,yes,yes,no,no,DEER_BUCK_DB_DIRECT,SOURCE_MATCHES_RECOMMENDED,560,REVIEW_SOURCE_CONFLICT,HANUMBER,560,REVIEW_BEFORE_PROMOTION,https://dwrapps.utah.gov/huntboundary/HuntTableData?species=Deer&gender=Buck
DB1522,CORE_DRAW_RESULTS_CONTINUING,CLOSED_CORE,yes,Present in 2025 BIBLE and fresh 2026 DWR Hunt Planner table.,LIVE_2026_AND_2025_BIBLE,CONTINUITY,DB,2020|2021|2022|2023|2024|2025,yes,no,yes,yes,OK,LIVE_AND_DATABASE,MATCH,LIVE_DWR_TOTAL_ONLY,Vernal/Bonanza,Deer,Buck,Archery,General Season,,,420,,,420,yes,yes,no,no,DEER_BUCK_DB_DIRECT,SOURCE_MATCHES_RECOMMENDED,420,REVIEW_SOURCE_CONFLICT,HANUMBER,420,REVIEW_BEFORE_PROMOTION,https://dwrapps.utah.gov/huntboundary/HuntTableData?species=Deer&gender=Buck
DB1523,CORE_DRAW_RESULTS_CONTINUING,CLOSED_CORE,yes,Present in 2025 BIBLE and fresh 2026 DWR Hunt Planner table.,LIVE_2026_AND_2025_BIBLE,CONTINUITY,DB,2020|2021|2022|2023|2024|2025,yes,no,yes,yes,OK,LIVE_AND_DATABASE,MATCH,LIVE_DWR_TOTAL_ONLY,Yellowstone,Deer,Buck,Archery,General Season,,,280,,,280,yes,yes,no,no,DEER_BUCK_DB_DIRECT,SOURCE_MATCHES_RECOMMENDED,280,REVIEW_SOURCE_CONFLICT,HANUMBER,280,REVIEW_BEFORE_PROMOTION,https://dwrapps.utah.gov/huntboundary/HuntTableData?species=Deer&gender=Buck
DB1524,CORE_DRAW_RESULTS_CONTINUING,CLOSED_CORE,yes,Present in 2025 BIBLE and fresh 2026 DWR Hunt Planner table.,LIVE_2026_AND_2025_BIBLE,CONTINUITY,DB,2020|2021|2022|2023|2024|2025,yes,no,yes,yes,OK,LIVE_AND_DATABASE,MATCH,LIVE_DWR_TOTAL_ONLY,Southwest Desert,Deer,Buck,Archery,General Season,,,100,,,100,yes,yes,no,no,DEER_BUCK_DB_DIRECT,SOURCE_MATCHES_RECOMMENDED,100,REVIEW_SOURCE_CONFLICT,HANUMBER,100,REVIEW_BEFORE_PROMOTION,https://dwrapps.utah.gov/huntboundary/HuntTableData?species=Deer&gender=Buck
DB1525,CORE_DRAW_RESULTS_CONTINUING,CLOSED_CORE,yes,Present in 2025 BIBLE and fresh 2026 DWR Hunt Planner table.,LIVE_2026_AND_2025_BIBLE,CONTINUITY,DB,2020|2021|2022|2023|2024|2025,yes,no,yes,yes,OK,LIVE_AND_DATABASE,MATCH,LIVE_DWR_TOTAL_ONLY,"Wasatch Mtns, East",Deer,Buck,Archery,General Season,,,1300,,,1300,yes,yes,no,no,DEER_BUCK_DB_DIRECT,SOURCE_MATCHES_RECOMMENDED,1300,REVIEW_SOURCE_CONFLICT,HANUMBER,1300,REVIEW_BEFORE_PROMOTION,https://dwrapps.utah.gov/huntboundary/HuntTableData?species=Deer&gender=Buck
DB1526,CORE_DRAW_RESULTS_CONTINUING,CLOSED_CORE,yes,Present in 2025 BIBLE and fresh 2026 DWR Hunt Planner table.,LIVE_2026_AND_2025_BIBLE,CONTINUITY,DB,2020|2021|2022|2023|2024|2025,yes,no,yes,yes,OK,LIVE_AND_DATABASE,MATCH,LIVE_DWR_TOTAL_ONLY,"Wasatch Mtns, West",Deer,Buck,Archery,General Season,,,1580,,,1580,yes,yes,no,no,DEER_BUCK_DB_DIRECT,SOURCE_MATCHES_RECOMMENDED,1580,REVIEW_SOURCE_CONFLICT,HANUMBER,1580,REVIEW_BEFORE_PROMOTION,https://dwrapps.utah.gov/huntboundary/HuntTableData?species=Deer&gender=Buck
DB1527,HISTORICAL_LIBRARY_ONLY,CLOSED_HISTORICAL,no,Historical BIBLE-library code not part of current 2026 live table.,BIBLE_HISTORICAL_ONLY,HISTORICAL_LIBRARY,DB,2020|2021|2022|2023|2024,no,no,no,no,,,,,,,,,,,,,,,,no,no,no,no,,,,,,,,
DB1528,HISTORICAL_LIBRARY_ONLY,CLOSED_HISTORICAL,no,Historical BIBLE-library code not part of current 2026 live table.,BIBLE_HISTORICAL_ONLY,HISTORICAL_LIBRARY,DB,2020|2021|2022|2023|2024,no,no,no,no,,,,,,,,,,,,,,,,no,no,no,no,,,,,,,,
DB1529,CORE_DRAW_RESULTS_CONTINUING,CLOSED_CORE,yes,Present in 2025 BIBLE and fresh 2026 DWR Hunt Planner table.,LIVE_2026_AND_2025_BIBLE,CONTINUITY,DB,2020|2021|2022|2023|2024|2025,yes,no,yes,yes,OK,LIVE_AND_DATABASE,MATCH,LIVE_DWR_TOTAL_ONLY,Zion,Deer,Buck,Archery,General Season,,,675,,,675,yes,yes,no,no,DEER_BUCK_DB_DIRECT,SOURCE_MATCHES_RECOMMENDED,675,REVIEW_SOURCE_CONFLICT,HANUMBER,675,REVIEW_BEFORE_PROMOTION,https://dwrapps.utah.gov/huntboundary/HuntTableData?species=Deer&gender=Buck
DB1530,HISTORICAL_LIBRARY_ONLY,CLOSED_HISTORICAL,no,Historical BIBLE-library code not part of current 2026 live table.,BIBLE_HISTORICAL_ONLY,HISTORICAL_LIBRARY,DB,2020|2021|2022|2023|2024,no,no,no,no,,,,,,,,,,,,,,,,no,no,no,no,,,,,,,,
DB1531,CORE_DRAW_RESULTS_CONTINUING,CLOSED_CORE,yes,Present in 2025 BIBLE and fresh 2026 DWR Hunt Planner table.,LIVE_2026_AND_2025_BIBLE,CONTINUITY,DB,2020|2021|2022|2023|2024|2025,yes,no,yes,yes,OK,LIVE_AND_DATABASE,MATCH,LIVE_DWR_TOTAL_ONLY,Box Elder,Deer,Buck,Any Legal Weapon (Late),General Season,,,2080,,,2080,yes,yes,no,no,DEER_BUCK_DB_DIRECT,SOURCE_MATCHES_RECOMMENDED,2080,REVIEW_SOURCE_CONFLICT,HANUMBER,2080,REVIEW_BEFORE_PROMOTION,https://dwrapps.utah.gov/huntboundary/HuntTableData?species=Deer&gender=Buck
DB1532,HISTORICAL_LIBRARY_ONLY,CLOSED_HISTORICAL,no,Historical BIBLE-library code not part of current 2026 live table.,BIBLE_HISTORICAL_ONLY,HISTORICAL_LIBRARY,DB,2020|2021|2022|2023|2024,no,no,no,no,,,,,,,,,,,,,,,,no,no,no,no,,,,,,,,
DB1533,CORE_DRAW_RESULTS_CONTINUING,CLOSED_CORE,yes,Present in 2025 BIBLE and fresh 2026 DWR Hunt Planner table.,LIVE_2026_AND_2025_BIBLE,CONTINUITY,DB,2020|2021|2022|2023|2024|2025,yes,no,yes,yes,OK,LIVE_AND_DATABASE,MATCH,LIVE_DWR_TOTAL_ONLY,Manti/San Rafael,Deer,Buck,Any Legal Weapon (Late),General Season,,,5400,,,5400,yes,yes,no,no,DEER_BUCK_DB_DIRECT,SOURCE_MATCHES_RECOMMENDED,5400,REVIEW_SOURCE_CONFLICT,HANUMBER,5400,REVIEW_BEFORE_PROMOTION,https://dwrapps.utah.gov/huntboundary/HuntTableData?species=Deer&gender=Buck
DB1534,CORE_DRAW_RESULTS_CONTINUING,CLOSED_CORE,yes,Present in 2025 BIBLE and fresh 2026 DWR Hunt Planner table.,LIVE_2026_AND_2025_BIBLE,CONTINUITY,DB,2020|2021|2022|2023|2024|2025,yes,no,yes,yes,OK,LIVE_AND_DATABASE,MATCH,LIVE_DWR_TOTAL_ONLY,Nebo,Deer,Buck,Any Legal Weapon (Late),General Season,,,3180,,,3180,yes,yes,no,no,DEER_BUCK_DB_DIRECT,SOURCE_MATCHES_RECOMMENDED,3180,REVIEW_SOURCE_CONFLICT,HANUMBER,3180,REVIEW_BEFORE_PROMOTION,https://dwrapps.utah.gov/huntboundary/HuntTableData?species=Deer&gender=Buck
DB1535,HISTORICAL_LIBRARY_ONLY,CLOSED_HISTORICAL,no,Historical BIBLE-library code not part of current 2026 live table.,BIBLE_HISTORICAL_ONLY,HISTORICAL_LIBRARY,DB,2020|2021|2022,no,no,no,no,,,,,,,,,,,,,,,,no,no,no,no,,,,,,,,
DB1536,CORE_DRAW_RESULTS_CONTINUING,CLOSED_CORE,yes,Present in 2025 BIBLE and fresh 2026 DWR Hunt Planner table.,LIVE_2026_AND_2025_BIBLE,CONTINUITY,DB,2020|2021|2022|2023|2024|2025,yes,no,yes,yes,OK,LIVE_AND_DATABASE,MATCH,LIVE_DWR_TOTAL_ONLY,Fillmore,Deer,Buck,Any Legal Weapon (Late),General Season,,,920,,,920,yes,yes,no,no,DEER_BUCK_DB_DIRECT,SOURCE_MATCHES_RECOMMENDED,920,REVIEW_SOURCE_CONFLICT,HANUMBER,920,REVIEW_BEFORE_PROMOTION,https://dwrapps.utah.gov/huntboundary/HuntTableData?species=Deer&gender=Buck
DB1538,CORE_DRAW_RESULTS_CONTINUING,CLOSED_CORE,yes,Present in 2025 BIBLE and fresh 2026 DWR Hunt Planner table.,LIVE_2026_AND_2025_BIBLE,CONTINUITY,DB,2020|2021|2022|2023|2024|2025,yes,no,yes,yes,OK,LIVE_AND_DATABASE,MATCH,LIVE_DWR_TOTAL_ONLY,Kamas,Deer,Buck,Any Legal Weapon (Late),General Season,,,400,,,400,yes,yes,no,no,DEER_BUCK_DB_DIRECT,SOURCE_MATCHES_RECOMMENDED,400,REVIEW_SOURCE_CONFLICT,HANUMBER,400,REVIEW_BEFORE_PROMOTION,https://dwrapps.utah.gov/huntboundary/HuntTableData?species=Deer&gender=Buck
DB1539,CORE_DRAW_RESULTS_CONTINUING,CLOSED_CORE,yes,Present in 2025 BIBLE and fresh 2026 DWR Hunt Planner table.,LIVE_2026_AND_2025_BIBLE,CONTINUITY,DB,2020|2021|2022|2023|2024|2025,yes,no,yes,yes,OK,LIVE_AND_DATABASE,MATCH,LIVE_DWR_TOTAL_ONLY,La Sal Mtns,Deer,Buck,Any Legal Weapon (Late),General Season,,,1080,,,1080,yes,yes,no,no,DEER_BUCK_DB_DIRECT,SOURCE_MATCHES_RECOMMENDED,1080,REVIEW_SOURCE_CONFLICT,HANUMBER,1080,REVIEW_BEFORE_PROMOTION,https://dwrapps.utah.gov/huntboundary/HuntTableData?species=Deer&gender=Buck
DB1540,CORE_DRAW_RESULTS_CONTINUING,CLOSED_CORE,yes,Present in 2025 BIBLE and fresh 2026 DWR Hunt Planner table.,LIVE_2026_AND_2025_BIBLE,CONTINUITY,DB,2020|2021|2022|2023|2024|2025,yes,no,yes,yes,OK,LIVE_AND_DATABASE,MATCH,LIVE_DWR_TOTAL_ONLY,Monroe,Deer,Buck,Any Legal Weapon (Late),General Season,,,660,,,660,yes,yes,no,no,DEER_BUCK_DB_DIRECT,SOURCE_MATCHES_RECOMMENDED,660,REVIEW_SOURCE_CONFLICT,HANUMBER,660,REVIEW_BEFORE_PROMOTION,https://dwrapps.utah.gov/huntboundary/HuntTableData?species=Deer&gender=Buck
DB1541,CORE_DRAW_RESULTS_CONTINUING,CLOSED_CORE,yes,Present in 2025 BIBLE and fresh 2026 DWR Hunt Planner table.,LIVE_2026_AND_2025_BIBLE,CONTINUITY,DB,2020|2021|2022|2023|2024|2025,yes,no,yes,yes,OK,LIVE_AND_DATABASE,MATCH,LIVE_DWR_TOTAL_ONLY,Mt Dutton,Deer,Buck,Any Legal Weapon (Late),General Season,,,240,,,240,yes,yes,no,no,DEER_BUCK_DB_DIRECT,SOURCE_MATCHES_RECOMMENDED,240,REVIEW_SOURCE_CONFLICT,HANUMBER,240,REVIEW_BEFORE_PROMOTION,https://dwrapps.utah.gov/huntboundary/HuntTableData?species=Deer&gender=Buck
DB1542,CORE_DRAW_RESULTS_CONTINUING,CLOSED_CORE,yes,Present in 2025 BIBLE and fresh 2026 DWR Hunt Planner table.,LIVE_2026_AND_2025_BIBLE,CONTINUITY,DB,2020|2021|2022|2023|2024|2025,yes,no,yes,yes,OK,LIVE_AND_DATABASE,MATCH,LIVE_DWR_TOTAL_ONLY,Nine Mile,Deer,Buck,Any Legal Weapon (Late),General Season,,,560,,,560,yes,yes,no,no,DEER_BUCK_DB_DIRECT,SOURCE_MATCHES_RECOMMENDED,560,REVIEW_SOURCE_CONFLICT,HANUMBER,560,REVIEW_BEFORE_PROMOTION,https://dwrapps.utah.gov/huntboundary/HuntTableData?species=Deer&gender=Buck
DB1543,CORE_DRAW_RESULTS_CONTINUING,CLOSED_CORE,yes,Present in 2025 BIBLE and fresh 2026 DWR Hunt Planner table.,LIVE_2026_AND_2025_BIBLE,CONTINUITY,DB,2020|2021|2022|2023|2024|2025,yes,no,yes,yes,OK,LIVE_AND_DATABASE,MATCH,LIVE_DWR_TOTAL_ONLY,North Slope,Deer,Buck,Any Legal Weapon (Late),General Season,,,1240,,,1240,yes,yes,no,no,DEER_BUCK_DB_DIRECT,SOURCE_MATCHES_RECOMMENDED,1240,REVIEW_SOURCE_CONFLICT,HANUMBER,1240,REVIEW_BEFORE_PROMOTION,https://dwrapps.utah.gov/huntboundary/HuntTableData?species=Deer&gender=Buck
DB1544,CORE_DRAW_RESULTS_CONTINUING,CLOSED_CORE,yes,Present in 2025 BIBLE and fresh 2026 DWR Hunt Planner table.,LIVE_2026_AND_2025_BIBLE,CONTINUITY,DB,2020|2021|2022|2023|2024|2025,yes,no,yes,yes,OK,LIVE_AND_DATABASE,MATCH,LIVE_DWR_TOTAL_ONLY,Ogden,Deer,Buck,Any Legal Weapon (Late),General Season,,,1620,,,1620,yes,yes,no,no,DEER_BUCK_DB_DIRECT,SOURCE_MATCHES_RECOMMENDED,1620,REVIEW_SOURCE_CONFLICT,HANUMBER,1620,REVIEW_BEFORE_PROMOTION,https://dwrapps.utah.gov/huntboundary/HuntTableData?species=Deer&gender=Buck
DB1545,HISTORICAL_LIBRARY_ONLY,CLOSED_HISTORICAL,no,Historical BIBLE-library code not part of current 2026 live table.,BIBLE_HISTORICAL_ONLY,HISTORICAL_LIBRARY,DB,2020|2021|2022|2023|2024,no,no,no,no,,,,,,,,,,,,,,,,no,no,no,no,,,,,,,,
DB1546,CORE_DRAW_RESULTS_CONTINUING,CLOSED_CORE,yes,Present in 2025 BIBLE and fresh 2026 DWR Hunt Planner table.,LIVE_2026_AND_2025_BIBLE,CONTINUITY,DB,2020|2021|2022|2023|2024|2025,yes,no,yes,yes,OK,LIVE_AND_DATABASE,MATCH,LIVE_DWR_TOTAL_ONLY,Panguitch Lake,Deer,Buck,Any Legal Weapon (Late),General Season,,,1000,,,1000,yes,yes,no,no,DEER_BUCK_DB_DIRECT,SOURCE_MATCHES_RECOMMENDED,1000,REVIEW_SOURCE_CONFLICT,HANUMBER,1000,REVIEW_BEFORE_PROMOTION,https://dwrapps.utah.gov/huntboundary/HuntTableData?species=Deer&gender=Buck
DB1547,CORE_DRAW_RESULTS_CONTINUING,CLOSED_CORE,yes,Present in 2025 BIBLE and fresh 2026 DWR Hunt Planner table.,LIVE_2026_AND_2025_BIBLE,CONTINUITY,DB,2020|2021|2022|2023|2024|2025,yes,no,yes,yes,OK,LIVE_AND_DATABASE,MATCH,LIVE_DWR_TOTAL_ONLY,Pine Valley,Deer,Buck,Any Legal Weapon (Late),General Season,,,1200,,,1200,yes,yes,no,no,DEER_BUCK_DB_DIRECT,SOURCE_MATCHES_RECOMMENDED,1200,REVIEW_SOURCE_CONFLICT,HANUMBER,1200,REVIEW_BEFORE_PROMOTION,https://dwrapps.utah.gov/huntboundary/HuntTableData?species=Deer&gender=Buck
DB1548,HISTORICAL_LIBRARY_ONLY,CLOSED_HISTORICAL,no,Historical BIBLE-library code not part of current 2026 live table.,BIBLE_HISTORICAL_ONLY,HISTORICAL_LIBRARY,DB,2020|2021|2022|2023|2024,no,no,no,no,,,,,,,,,,,,,,,,no,no,no,no,,,,,,,,
DB1549,CORE_DRAW_RESULTS_CONTINUING,CLOSED_CORE,yes,Present in 2025 BIBLE and fresh 2026 DWR Hunt Planner table.,LIVE_2026_AND_2025_BIBLE,CONTINUITY,DB,2020|2021|2022|2023|2024|2025,yes,no,yes,yes,OK,LIVE_AND_DATABASE,MATCH,LIVE_DWR_TOTAL_ONLY,Fishlake,Deer,Buck,Any Legal Weapon (Late),General Season,,,520,,,520,yes,yes,no,no,DEER_BUCK_DB_DIRECT,SOURCE_MATCHES_RECOMMENDED,520,REVIEW_SOURCE_CONFLICT,HANUMBER,520,REVIEW_BEFORE_PROMOTION,https://dwrapps.utah.gov/huntboundary/HuntTableData?species=Deer&gender=Buck
DB1550,HISTORICAL_LIBRARY_ONLY,CLOSED_HISTORICAL,no,Historical BIBLE-library code not part of current 2026 live table.,BIBLE_HISTORICAL_ONLY,HISTORICAL_LIBRARY,DB,2020|2021|2022|2023|2024,no,no,no,no,,,,,,,,,,,,,,,,no,no,no,no,,,,,,,,
DB1551,CORE_DRAW_RESULTS_CONTINUING,CLOSED_CORE,yes,Present in 2025 BIBLE and fresh 2026 DWR Hunt Planner table.,LIVE_2026_AND_2025_BIBLE,CONTINUITY,DB,2020|2021|2022|2023|2024|2025,yes,no,yes,yes,OK,LIVE_AND_DATABASE,MATCH,LIVE_DWR_TOTAL_ONLY,"San Juan, Abajo Mtns",Deer,Buck,Any Legal Weapon (Late),General Season,,,1680,,,1680,yes,yes,no,no,DEER_BUCK_DB_DIRECT,SOURCE_MATCHES_RECOMMENDED,1680,REVIEW_SOURCE_CONFLICT,HANUMBER,1680,REVIEW_BEFORE_PROMOTION,https://dwrapps.utah.gov/huntboundary/HuntTableData?species=Deer&gender=Buck
DB1552,CORE_DRAW_RESULTS_CONTINUING,CLOSED_CORE,yes,Present in 2025 BIBLE and fresh 2026 DWR Hunt Planner table.,LIVE_2026_AND_2025_BIBLE,CONTINUITY,DB,2020|2021|2022|2023|2024|2025,yes,no,yes,yes,OK,LIVE_AND_DATABASE,MATCH,LIVE_DWR_TOTAL_ONLY,Vernal/Bonanza,Deer,Buck,Any Legal Weapon (Late),General Season,,,700,,,700,yes,yes,no,no,DEER_BUCK_DB_DIRECT,SOURCE_MATCHES_RECOMMENDED,700,REVIEW_SOURCE_CONFLICT,HANUMBER,700,REVIEW_BEFORE_PROMOTION,https://dwrapps.utah.gov/huntboundary/HuntTableData?species=Deer&gender=Buck
DB1553,CORE_DRAW_RESULTS_CONTINUING,CLOSED_CORE,yes,Present in 2025 BIBLE and fresh 2026 DWR Hunt Planner table.,LIVE_2026_AND_2025_BIBLE,CONTINUITY,DB,2020|2021|2022|2023|2024|2025,yes,no,yes,yes,OK,LIVE_AND_DATABASE,MATCH,LIVE_DWR_TOTAL_ONLY,Yellowstone,Deer,Buck,Any Legal Weapon (Late),General Season,,,840,,,840,yes,yes,no,no,DEER_BUCK_DB_DIRECT,SOURCE_MATCHES_RECOMMENDED,840,REVIEW_SOURCE_CONFLICT,HANUMBER,840,REVIEW_BEFORE_PROMOTION,https://dwrapps.utah.gov/huntboundary/HuntTableData?species=Deer&gender=Buck
DB1554,CORE_DRAW_RESULTS_CONTINUING,CLOSED_CORE,yes,Present in 2025 BIBLE and fresh 2026 DWR Hunt Planner table.,LIVE_2026_AND_2025_BIBLE,CONTINUITY,DB,2020|2021|2022|2023|2024|2025,yes,no,yes,yes,OK,LIVE_AND_DATABASE,MATCH,LIVE_DWR_TOTAL_ONLY,Southwest Desert,Deer,Buck,Any Legal Weapon (Late),General Season,,,300,,,300,yes,yes,no,no,DEER_BUCK_DB_DIRECT,SOURCE_MATCHES_RECOMMENDED,300,REVIEW_SOURCE_CONFLICT,HANUMBER,300,REVIEW_BEFORE_PROMOTION,https://dwrapps.utah.gov/huntboundary/HuntTableData?species=Deer&gender=Buck
DB1555,CORE_DRAW_RESULTS_CONTINUING,CLOSED_CORE,yes,Present in 2025 BIBLE and fresh 2026 DWR Hunt Planner table.,LIVE_2026_AND_2025_BIBLE,CONTINUITY,DB,2020|2021|2022|2023|2024|2025,yes,no,yes,yes,OK,LIVE_AND_DATABASE,MATCH,LIVE_DWR_TOTAL_ONLY,"Wasatch Mtns, East",Deer,Buck,Any Legal Weapon (Late),General Season,,,3900,,,3900,yes,yes,no,no,DEER_BUCK_DB_DIRECT,SOURCE_MATCHES_RECOMMENDED,3900,REVIEW_SOURCE_CONFLICT,HANUMBER,3900,REVIEW_BEFORE_PROMOTION,https://dwrapps.utah.gov/huntboundary/HuntTableData?species=Deer&gender=Buck
DB1556,CORE_DRAW_RESULTS_CONTINUING,CLOSED_CORE,yes,Present in 2025 BIBLE and fresh 2026 DWR Hunt Planner table.,LIVE_2026_AND_2025_BIBLE,CONTINUITY,DB,2020|2021|2022|2023|2024|2025,yes,no,yes,yes,OK,LIVE_AND_DATABASE,MATCH,LIVE_DWR_TOTAL_ONLY,"Wasatch Mtns, West",Deer,Buck,Any Legal Weapon (Late),General Season,,,4740,,,4740,yes,yes,no,no,DEER_BUCK_DB_DIRECT,SOURCE_MATCHES_RECOMMENDED,4740,REVIEW_SOURCE_CONFLICT,HANUMBER,4740,REVIEW_BEFORE_PROMOTION,https://dwrapps.utah.gov/huntboundary/HuntTableData?species=Deer&gender=Buck
DB1557,HISTORICAL_LIBRARY_ONLY,CLOSED_HISTORICAL,no,Historical BIBLE-library code not part of current 2026 live table.,BIBLE_HISTORICAL_ONLY,HISTORICAL_LIBRARY,DB,2020|2021|2022|2023|2024,no,no,no,no,,,,,,,,,,,,,,,,no,no,no,no,,,,,,,,
DB1558,HISTORICAL_LIBRARY_ONLY,CLOSED_HISTORICAL,no,Historical BIBLE-library code not part of current 2026 live table.,BIBLE_HISTORICAL_ONLY,HISTORICAL_LIBRARY,DB,2020|2021|2022|2023|2024,no,no,no,no,,,,,,,,,,,,,,,,no,no,no,no,,,,,,,,
DB1559,CORE_DRAW_RESULTS_CONTINUING,CLOSED_CORE,yes,Present in 2025 BIBLE and fresh 2026 DWR Hunt Planner table.,LIVE_2026_AND_2025_BIBLE,CONTINUITY,DB,2020|2021|2022|2023|2024|2025,yes,no,yes,yes,OK,LIVE_AND_DATABASE,MATCH,LIVE_DWR_TOTAL_ONLY,Zion,Deer,Buck,Any Legal Weapon (Late),General Season,,,1350,,,1350,yes,yes,no,no,DEER_BUCK_DB_DIRECT,SOURCE_MATCHES_RECOMMENDED,1350,REVIEW_SOURCE_CONFLICT,HANUMBER,1350,REVIEW_BEFORE_PROMOTION,https://dwrapps.utah.gov/huntboundary/HuntTableData?species=Deer&gender=Buck
DB1560,HISTORICAL_LIBRARY_ONLY,CLOSED_HISTORICAL,no,Historical BIBLE-library code not part of current 2026 live table.,BIBLE_HISTORICAL_ONLY,HISTORICAL_LIBRARY,DB,2020|2021|2022|2023|2024,no,no,no,no,,,,,,,,,,,,,,,,no,no,no,no,,,,,,,,
DB1561,CORE_DRAW_RESULTS_CONTINUING,CLOSED_CORE,yes,Present in 2025 BIBLE and fresh 2026 DWR Hunt Planner table.,LIVE_2026_AND_2025_BIBLE,CONTINUITY,DB,2020|2021|2022|2023|2024|2025,yes,no,yes,yes,OK,LIVE_AND_DATABASE,MATCH,LIVE_DWR_TOTAL_ONLY,Box Elder,Deer,Buck,Muzzleloader,General Season,,,1040,,,1040,yes,yes,no,no,DEER_BUCK_DB_DIRECT,SOURCE_MATCHES_RECOMMENDED,1040,REVIEW_SOURCE_CONFLICT,HANUMBER,1040,REVIEW_BEFORE_PROMOTION,https://dwrapps.utah.gov/huntboundary/HuntTableData?species=Deer&gender=Buck
DB1562,HISTORICAL_LIBRARY_ONLY,CLOSED_HISTORICAL,no,Historical BIBLE-library code not part of current 2026 live table.,BIBLE_HISTORICAL_ONLY,HISTORICAL_LIBRARY,DB,2020|2021|2022|2023|2024,no,no,no,no,,,,,,,,,,,,,,,,no,no,no,no,,,,,,,,
DB1563,CORE_DRAW_RESULTS_CONTINUING,CLOSED_CORE,yes,Present in 2025 BIBLE and fresh 2026 DWR Hunt Planner table.,LIVE_2026_AND_2025_BIBLE,CONTINUITY,DB,2020|2021|2022|2023|2024|2025,yes,no,yes,yes,OK,LIVE_AND_DATABASE,MATCH,LIVE_DWR_TOTAL_ONLY,Manti/San Rafael,Deer,Buck,Muzzleloader,General Season,,,1800,,,1800,yes,yes,no,no,DEER_BUCK_DB_DIRECT,SOURCE_MATCHES_RECOMMENDED,1800,REVIEW_SOURCE_CONFLICT,HANUMBER,1800,REVIEW_BEFORE_PROMOTION,https://dwrapps.utah.gov/huntboundary/HuntTableData?species=Deer&gender=Buck
DB1564,CORE_DRAW_RESULTS_CONTINUING,CLOSED_CORE,yes,Present in 2025 BIBLE and fresh 2026 DWR Hunt Planner table.,LIVE_2026_AND_2025_BIBLE,CONTINUITY,DB,2020|2021|2022|2023|2024|2025,yes,no,yes,yes,OK,LIVE_AND_DATABASE,MATCH,LIVE_DWR_TOTAL_ONLY,Nebo,Deer,Buck,Muzzleloader,General Season,,,1060,,,1060,yes,yes,no,no,DEER_BUCK_DB_DIRECT,SOURCE_MATCHES_RECOMMENDED,1060,REVIEW_SOURCE_CONFLICT,HANUMBER,1060,REVIEW_BEFORE_PROMOTION,https://dwrapps.utah.gov/huntboundary/HuntTableData?species=Deer&gender=Buck
DB1565,HISTORICAL_LIBRARY_ONLY,CLOSED_HISTORICAL,no,Historical BIBLE-library code not part of current 2026 live table.,BIBLE_HISTORICAL_ONLY,HISTORICAL_LIBRARY,DB,2020|2021|2022,no,no,no,no,,,,,,,,,,,,,,,,no,no,no,no,,,,,,,,
DB1566,CORE_DRAW_RESULTS_CONTINUING,CLOSED_CORE,yes,Present in 2025 BIBLE and fresh 2026 DWR Hunt Planner table.,LIVE_2026_AND_2025_BIBLE,CONTINUITY,DB,2020|2021|2022|2023|2024|2025,yes,no,yes,yes,OK,LIVE_AND_DATABASE,MATCH,LIVE_DWR_TOTAL_ONLY,Fillmore,Deer,Buck,Muzzleloader,General Season,,,460,,,460,yes,yes,no,no,DEER_BUCK_DB_DIRECT,SOURCE_MATCHES_RECOMMENDED,460,REVIEW_SOURCE_CONFLICT,HANUMBER,460,REVIEW_BEFORE_PROMOTION,https://dwrapps.utah.gov/huntboundary/HuntTableData?species=Deer&gender=Buck
DB1568,CORE_DRAW_RESULTS_CONTINUING,CLOSED_CORE,yes,Present in 2025 BIBLE and fresh 2026 DWR Hunt Planner table.,LIVE_2026_AND_2025_BIBLE,CONTINUITY,DB,2020|2021|2022|2023|2024|2025,yes,no,yes,yes,OK,LIVE_AND_DATABASE,MATCH,LIVE_DWR_TOTAL_ONLY,Kamas,Deer,Buck,Muzzleloader,General Season,,,200,,,200,yes,yes,no,no,DEER_BUCK_DB_DIRECT,SOURCE_MATCHES_RECOMMENDED,200,REVIEW_SOURCE_CONFLICT,HANUMBER,200,REVIEW_BEFORE_PROMOTION,https://dwrapps.utah.gov/huntboundary/HuntTableData?species=Deer&gender=Buck
DB1569,CORE_DRAW_RESULTS_CONTINUING,CLOSED_CORE,yes,Present in 2025 BIBLE and fresh 2026 DWR Hunt Planner table.,LIVE_2026_AND_2025_BIBLE,CONTINUITY,DB,2020|2021|2022|2023|2024|2025,yes,no,yes,yes,OK,LIVE_AND_DATABASE,MATCH,LIVE_DWR_TOTAL_ONLY,La Sal Mtns,Deer,Buck,Muzzleloader,General Season,,,360,,,360,yes,yes,no,no,DEER_BUCK_DB_DIRECT,SOURCE_MATCHES_RECOMMENDED,360,REVIEW_SOURCE_CONFLICT,HANUMBER,360,REVIEW_BEFORE_PROMOTION,https://dwrapps.utah.gov/huntboundary/HuntTableData?species=Deer&gender=Buck
DB1570,CORE_DRAW_RESULTS_CONTINUING,CLOSED_CORE,yes,Present in 2025 BIBLE and fresh 2026 DWR Hunt Planner table.,LIVE_2026_AND_2025_BIBLE,CONTINUITY,DB,2020|2021|2022|2023|2024|2025,yes,no,yes,yes,OK,LIVE_AND_DATABASE,MATCH,LIVE_DWR_TOTAL_ONLY,Monroe,Deer,Buck,Muzzleloader,General Season,,,220,,,220,yes,yes,no,no,DEER_BUCK_DB_DIRECT,SOURCE_MATCHES_RECOMMENDED,220,REVIEW_SOURCE_CONFLICT,HANUMBER,220,REVIEW_BEFORE_PROMOTION,https://dwrapps.utah.gov/huntboundary/HuntTableData?species=Deer&gender=Buck
DB1571,CORE_DRAW_RESULTS_CONTINUING,CLOSED_CORE,yes,Present in 2025 BIBLE and fresh 2026 DWR Hunt Planner table.,LIVE_2026_AND_2025_BIBLE,CONTINUITY,DB,2020|2021|2022|2023|2024|2025,yes,no,yes,yes,OK,LIVE_AND_DATABASE,MATCH,LIVE_DWR_TOTAL_ONLY,Mt Dutton,Deer,Buck,Muzzleloader,General Season,,,80,,,80,yes,yes,no,no,DEER_BUCK_DB_DIRECT,SOURCE_MATCHES_RECOMMENDED,80,REVIEW_SOURCE_CONFLICT,HANUMBER,80,REVIEW_BEFORE_PROMOTION,https://dwrapps.utah.gov/huntboundary/HuntTableData?species=Deer&gender=Buck
DB1572,CORE_DRAW_RESULTS_CONTINUING,CLOSED_CORE,yes,Present in 2025 BIBLE and fresh 2026 DWR Hunt Planner table.,LIVE_2026_AND_2025_BIBLE,CONTINUITY,DB,2020|2021|2022|2023|2024|2025,yes,no,yes,yes,OK,LIVE_AND_DATABASE,MATCH,LIVE_DWR_TOTAL_ONLY,Nine Mile,Deer,Buck,Muzzleloader,General Season,,,280,,,280,yes,yes,no,no,DEER_BUCK_DB_DIRECT,SOURCE_MATCHES_RECOMMENDED,280,REVIEW_SOURCE_CONFLICT,HANUMBER,280,REVIEW_BEFORE_PROMOTION,https://dwrapps.utah.gov/huntboundary/HuntTableData?species=Deer&gender=Buck
DB1573,CORE_DRAW_RESULTS_CONTINUING,CLOSED_CORE,yes,Present in 2025 BIBLE and fresh 2026 DWR Hunt Planner table.,LIVE_2026_AND_2025_BIBLE,CONTINUITY,DB,2020|2021|2022|2023|2024|2025,yes,no,yes,yes,OK,LIVE_AND_DATABASE,MATCH,LIVE_DWR_TOTAL_ONLY,North Slope,Deer,Buck,Muzzleloader,General Season,,,620,,,620,yes,yes,no,no,DEER_BUCK_DB_DIRECT,SOURCE_MATCHES_RECOMMENDED,620,REVIEW_SOURCE_CONFLICT,HANUMBER,620,REVIEW_BEFORE_PROMOTION,https://dwrapps.utah.gov/huntboundary/HuntTableData?species=Deer&gender=Buck
DB1574,CORE_DRAW_RESULTS_CONTINUING,CLOSED_CORE,yes,Present in 2025 BIBLE and fresh 2026 DWR Hunt Planner table.,LIVE_2026_AND_2025_BIBLE,CONTINUITY,DB,2020|2021|2022|2023|2024|2025,yes,no,yes,yes,OK,LIVE_AND_DATABASE,MATCH,LIVE_DWR_TOTAL_ONLY,Ogden,Deer,Buck,Muzzleloader,General Season,,,540,,,540,yes,yes,no,no,DEER_BUCK_DB_DIRECT,SOURCE_MATCHES_RECOMMENDED,540,REVIEW_SOURCE_CONFLICT,HANUMBER,540,REVIEW_BEFORE_PROMOTION,https://dwrapps.utah.gov/huntboundary/HuntTableData?species=Deer&gender=Buck
DB1575,HISTORICAL_LIBRARY_ONLY,CLOSED_HISTORICAL,no,Historical BIBLE-library code not part of current 2026 live table.,BIBLE_HISTORICAL_ONLY,HISTORICAL_LIBRARY,DB,2020|2021|2022|2023|2024,no,no,no,no,,,,,,,,,,,,,,,,no,no,no,no,,,,,,,,
DB1576,CORE_DRAW_RESULTS_CONTINUING,CLOSED_CORE,yes,Present in 2025 BIBLE and fresh 2026 DWR Hunt Planner table.,LIVE_2026_AND_2025_BIBLE,CONTINUITY,DB,2020|2021|2022|2023|2024|2025,yes,no,yes,yes,OK,LIVE_AND_DATABASE,MATCH,LIVE_DWR_TOTAL_ONLY,Panguitch Lake,Deer,Buck,Muzzleloader,General Season,,,500,,,500,yes,yes,no,no,DEER_BUCK_DB_DIRECT,SOURCE_MATCHES_RECOMMENDED,500,REVIEW_SOURCE_CONFLICT,HANUMBER,500,REVIEW_BEFORE_PROMOTION,https://dwrapps.utah.gov/huntboundary/HuntTableData?species=Deer&gender=Buck
DB1577,CORE_DRAW_RESULTS_CONTINUING,CLOSED_CORE,yes,Present in 2025 BIBLE and fresh 2026 DWR Hunt Planner table.,LIVE_2026_AND_2025_BIBLE,CONTINUITY,DB,2020|2021|2022|2023|2024|2025,yes,no,yes,yes,OK,LIVE_AND_DATABASE,MATCH,LIVE_DWR_TOTAL_ONLY,Pine Valley,Deer,Buck,Muzzleloader,General Season,,,600,,,600,yes,yes,no,no,DEER_BUCK_DB_DIRECT,SOURCE_MATCHES_RECOMMENDED,600,REVIEW_SOURCE_CONFLICT,HANUMBER,600,REVIEW_BEFORE_PROMOTION,https://dwrapps.utah.gov/huntboundary/HuntTableData?species=Deer&gender=Buck
DB1578,HISTORICAL_LIBRARY_ONLY,CLOSED_HISTORICAL,no,Historical BIBLE-library code not part of current 2026 live table.,BIBLE_HISTORICAL_ONLY,HISTORICAL_LIBRARY,DB,2020|2021|2022|2023|2024,no,no,no,no,,,,,,,,,,,,,,,,no,no,no,no,,,,,,,,
DB1579,CORE_DRAW_RESULTS_CONTINUING,CLOSED_CORE,yes,Present in 2025 BIBLE and fresh 2026 DWR Hunt Planner table.,LIVE_2026_AND_2025_BIBLE,CONTINUITY,DB,2020|2021|2022|2023|2024|2025,yes,no,yes,yes,OK,LIVE_AND_DATABASE,MATCH,LIVE_DWR_TOTAL_ONLY,Fishlake,Deer,Buck,Muzzleloader,General Season,,,260,,,260,yes,yes,no,no,DEER_BUCK_DB_DIRECT,SOURCE_MATCHES_RECOMMENDED,260,REVIEW_SOURCE_CONFLICT,HANUMBER,260,REVIEW_BEFORE_PROMOTION,https://dwrapps.utah.gov/huntboundary/HuntTableData?species=Deer&gender=Buck
DB1580,HISTORICAL_LIBRARY_ONLY,CLOSED_HISTORICAL,no,Historical BIBLE-library code not part of current 2026 live table.,BIBLE_HISTORICAL_ONLY,HISTORICAL_LIBRARY,DB,2020|2021|2022|2023|2024,no,no,no,no,,,,,,,,,,,,,,,,no,no,no,no,,,,,,,,
DB1581,CORE_DRAW_RESULTS_CONTINUING,CLOSED_CORE,yes,Present in 2025 BIBLE and fresh 2026 DWR Hunt Planner table.,LIVE_2026_AND_2025_BIBLE,CONTINUITY,DB,2020|2021|2022|2023|2024|2025,yes,no,yes,yes,OK,LIVE_AND_DATABASE,MATCH,LIVE_DWR_TOTAL_ONLY,"San Juan, Abajo Mtns",Deer,Buck,Muzzleloader,General Season,,,560,,,560,yes,yes,no,no,DEER_BUCK_DB_DIRECT,SOURCE_MATCHES_RECOMMENDED,560,REVIEW_SOURCE_CONFLICT,HANUMBER,560,REVIEW_BEFORE_PROMOTION,https://dwrapps.utah.gov/huntboundary/HuntTableData?species=Deer&gender=Buck
DB1582,CORE_DRAW_RESULTS_CONTINUING,CLOSED_CORE,yes,Present in 2025 BIBLE and fresh 2026 DWR Hunt Planner table.,LIVE_2026_AND_2025_BIBLE,CONTINUITY,DB,2020|2021|2022|2023|2024|2025,yes,no,yes,yes,OK,LIVE_AND_DATABASE,MATCH,LIVE_DWR_TOTAL_ONLY,Vernal/Bonanza,Deer,Buck,Muzzleloader,General Season,,,280,,,280,yes,yes,no,no,DEER_BUCK_DB_DIRECT,SOURCE_MATCHES_RECOMMENDED,280,REVIEW_SOURCE_CONFLICT,HANUMBER,280,REVIEW_BEFORE_PROMOTION,https://dwrapps.utah.gov/huntboundary/HuntTableData?species=Deer&gender=Buck
DB1583,CORE_DRAW_RESULTS_CONTINUING,CLOSED_CORE,yes,Present in 2025 BIBLE and fresh 2026 DWR Hunt Planner table.,LIVE_2026_AND_2025_BIBLE,CONTINUITY,DB,2020|2021|2022|2023|2024|2025,yes,no,yes,yes,OK,LIVE_AND_DATABASE,MATCH,LIVE_DWR_TOTAL_ONLY,Yellowstone,Deer,Buck,Muzzleloader,General Season,,,280,,,280,yes,yes,no,no,DEER_BUCK_DB_DIRECT,SOURCE_MATCHES_RECOMMENDED,280,REVIEW_SOURCE_CONFLICT,HANUMBER,280,REVIEW_BEFORE_PROMOTION,https://dwrapps.utah.gov/huntboundary/HuntTableData?species=Deer&gender=Buck
DB1584,CORE_DRAW_RESULTS_CONTINUING,CLOSED_CORE,yes,Present in 2025 BIBLE and fresh 2026 DWR Hunt Planner table.,LIVE_2026_AND_2025_BIBLE,CONTINUITY,DB,2020|2021|2022|2023|2024|2025,yes,no,yes,yes,OK,LIVE_AND_DATABASE,MATCH,LIVE_DWR_TOTAL_ONLY,Southwest Desert,Deer,Buck,Muzzleloader,General Season,,,100,,,100,yes,yes,no,no,DEER_BUCK_DB_DIRECT,SOURCE_MATCHES_RECOMMENDED,100,REVIEW_SOURCE_CONFLICT,HANUMBER,100,REVIEW_BEFORE_PROMOTION,https://dwrapps.utah.gov/huntboundary/HuntTableData?species=Deer&gender=Buck
DB1585,CORE_DRAW_RESULTS_CONTINUING,CLOSED_CORE,yes,Present in 2025 BIBLE and fresh 2026 DWR Hunt Planner table.,LIVE_2026_AND_2025_BIBLE,CONTINUITY,DB,2020|2021|2022|2023|2024|2025,yes,no,yes,yes,OK,LIVE_AND_DATABASE,MATCH,LIVE_DWR_TOTAL_ONLY,"Wasatch Mtns, East",Deer,Buck,Muzzleloader,General Season,,,1300,,,1300,yes,yes,no,no,DEER_BUCK_DB_DIRECT,SOURCE_MATCHES_RECOMMENDED,1300,REVIEW_SOURCE_CONFLICT,HANUMBER,1300,REVIEW_BEFORE_PROMOTION,https://dwrapps.utah.gov/huntboundary/HuntTableData?species=Deer&gender=Buck
DB1586,CORE_DRAW_RESULTS_CONTINUING,CLOSED_CORE,yes,Present in 2025 BIBLE and fresh 2026 DWR Hunt Planner table.,LIVE_2026_AND_2025_BIBLE,CONTINUITY,DB,2020|2021|2022|2023|2024|2025,yes,no,yes,yes,OK,LIVE_AND_DATABASE,MATCH,LIVE_DWR_TOTAL_ONLY,"Wasatch Mtns, West",Deer,Buck,Muzzleloader,General Season,,,1580,,,1580,yes,yes,no,no,DEER_BUCK_DB_DIRECT,SOURCE_MATCHES_RECOMMENDED,1580,REVIEW_SOURCE_CONFLICT,HANUMBER,1580,REVIEW_BEFORE_PROMOTION,https://dwrapps.utah.gov/huntboundary/HuntTableData?species=Deer&gender=Buck
DB1587,HISTORICAL_LIBRARY_ONLY,CLOSED_HISTORICAL,no,Historical BIBLE-library code not part of current 2026 live table.,BIBLE_HISTORICAL_ONLY,HISTORICAL_LIBRARY,DB,2020|2021|2022|2023|2024,no,no,no,no,,,,,,,,,,,,,,,,no,no,no,no,,,,,,,,
DB1588,HISTORICAL_LIBRARY_ONLY,CLOSED_HISTORICAL,no,Historical BIBLE-library code not part of current 2026 live table.,BIBLE_HISTORICAL_ONLY,HISTORICAL_LIBRARY,DB,2020|2021|2022|2023|2024,no,no,no,no,,,,,,,,,,,,,,,,no,no,no,no,,,,,,,,
DB1589,CORE_DRAW_RESULTS_CONTINUING,CLOSED_CORE,yes,Present in 2025 BIBLE and fresh 2026 DWR Hunt Planner table.,LIVE_2026_AND_2025_BIBLE,CONTINUITY,DB,2020|2021|2022|2023|2024|2025,yes,no,yes,yes,OK,LIVE_AND_DATABASE,MATCH,LIVE_DWR_TOTAL_ONLY,Zion,Deer,Buck,Muzzleloader,General Season,,,675,,,675,yes,yes,no,no,DEER_BUCK_DB_DIRECT,SOURCE_MATCHES_RECOMMENDED,675,REVIEW_SOURCE_CONFLICT,HANUMBER,675,REVIEW_BEFORE_PROMOTION,https://dwrapps.utah.gov/huntboundary/HuntTableData?species=Deer&gender=Buck
DB1590,HISTORICAL_LIBRARY_ONLY,CLOSED_HISTORICAL,no,Historical BIBLE-library code not part of current 2026 live table.,BIBLE_HISTORICAL_ONLY,HISTORICAL_LIBRARY,DB,2020|2021|2022,no,no,no,no,,,,,,,,,,,,,,,,no,no,no,no,,,,,,,,
DB1591,CORE_DRAW_RESULTS_CONTINUING,CLOSED_CORE,yes,Present in 2025 BIBLE and fresh 2026 DWR Hunt Planner table.,LIVE_2026_AND_2025_BIBLE,CONTINUITY,DB,2020|2021|2022|2023|2024|2025,yes,no,yes,yes,OK,LIVE_AND_DATABASE,MATCH,LIVE_DWR_TOTAL_ONLY,Fillmore,Deer,Buck,Any Legal Weapon (Early),General Season,,,460,,,460,yes,yes,no,no,DEER_BUCK_DB_DIRECT,SOURCE_MATCHES_RECOMMENDED,460,REVIEW_SOURCE_CONFLICT,HANUMBER,460,REVIEW_BEFORE_PROMOTION,https://dwrapps.utah.gov/huntboundary/HuntTableData?species=Deer&gender=Buck
DB1592,CORE_DRAW_RESULTS_CONTINUING,CLOSED_CORE,yes,Present in 2025 BIBLE and fresh 2026 DWR Hunt Planner table.,LIVE_2026_AND_2025_BIBLE,CONTINUITY,DB,2020|2021|2022|2023|2024|2025,yes,no,yes,yes,OK,LIVE_AND_DATABASE,MATCH,LIVE_DWR_TOTAL_ONLY,Kamas,Deer,Buck,Any Legal Weapon (Early),General Season,,,200,,,200,yes,yes,no,no,DEER_BUCK_DB_DIRECT,SOURCE_MATCHES_RECOMMENDED,200,REVIEW_SOURCE_CONFLICT,HANUMBER,200,REVIEW_BEFORE_PROMOTION,https://dwrapps.utah.gov/huntboundary/HuntTableData?species=Deer&gender=Buck
DB1593,CORE_DRAW_RESULTS_CONTINUING,CLOSED_CORE,yes,Present in 2025 BIBLE and fresh 2026 DWR Hunt Planner table.,LIVE_2026_AND_2025_BIBLE,CONTINUITY,DB,2020|2021|2022|2023|2024|2025,yes,no,yes,yes,OK,LIVE_AND_DATABASE,MATCH,LIVE_DWR_TOTAL_ONLY,Nine Mile,Deer,Buck,Any Legal Weapon (Early),General Season,,,280,,,280,yes,yes,no,no,DEER_BUCK_DB_DIRECT,SOURCE_MATCHES_RECOMMENDED,280,REVIEW_SOURCE_CONFLICT,HANUMBER,280,REVIEW_BEFORE_PROMOTION,https://dwrapps.utah.gov/huntboundary/HuntTableData?species=Deer&gender=Buck
DB1594,CORE_DRAW_RESULTS_CONTINUING,CLOSED_CORE,yes,Present in 2025 BIBLE and fresh 2026 DWR Hunt Planner table.,LIVE_2026_AND_2025_BIBLE,CONTINUITY,DB,2020|2021|2022|2023|2024|2025,yes,no,yes,yes,OK,LIVE_AND_DATABASE,MATCH,LIVE_DWR_TOTAL_ONLY,Panguitch Lake,Deer,Buck,Any Legal Weapon (Early),General Season,,,500,,,500,yes,yes,no,no,DEER_BUCK_DB_DIRECT,SOURCE_MATCHES_RECOMMENDED,500,REVIEW_SOURCE_CONFLICT,HANUMBER,500,REVIEW_BEFORE_PROMOTION,https://dwrapps.utah.gov/huntboundary/HuntTableData?species=Deer&gender=Buck
DB1595,CORE_DRAW_RESULTS_CONTINUING,CLOSED_CORE,yes,Present in 2025 BIBLE and fresh 2026 DWR Hunt Planner table.,LIVE_2026_AND_2025_BIBLE,CONTINUITY,DB,2020|2021|2022|2023|2024|2025,yes,no,yes,yes,OK,LIVE_AND_DATABASE,MATCH,LIVE_DWR_TOTAL_ONLY,Pine Valley,Deer,Buck,Any Legal Weapon (Early),General Season,,,600,,,600,yes,yes,no,no,DEER_BUCK_DB_DIRECT,SOURCE_MATCHES_RECOMMENDED,600,REVIEW_SOURCE_CONFLICT,HANUMBER,600,REVIEW_BEFORE_PROMOTION,https://dwrapps.utah.gov/huntboundary/HuntTableData?species=Deer&gender=Buck
DB1596,CORE_DRAW_RESULTS_CONTINUING,CLOSED_CORE,yes,Present in 2025 BIBLE and fresh 2026 DWR Hunt Planner table.,LIVE_2026_AND_2025_BIBLE,CONTINUITY,DB,2020|2021|2022|2023|2024|2025,yes,no,yes,yes,OK,LIVE_AND_DATABASE,MATCH,LIVE_DWR_TOTAL_ONLY,Fishlake,Deer,Buck,Any Legal Weapon (Early),General Season,,,260,,,260,yes,yes,no,no,DEER_BUCK_DB_DIRECT,SOURCE_MATCHES_RECOMMENDED,260,REVIEW_SOURCE_CONFLICT,HANUMBER,260,REVIEW_BEFORE_PROMOTION,https://dwrapps.utah.gov/huntboundary/HuntTableData?species=Deer&gender=Buck
DB1597,CORE_DRAW_RESULTS_CONTINUING,CLOSED_CORE,yes,Present in 2025 BIBLE and fresh 2026 DWR Hunt Planner table.,LIVE_2026_AND_2025_BIBLE,CONTINUITY,DB,2020|2021|2022|2023|2024|2025,yes,no,yes,yes,OK,LIVE_AND_DATABASE,MATCH,LIVE_DWR_TOTAL_ONLY,Zion,Deer,Buck,Any Legal Weapon (Early),General Season,,,675,,,675,yes,yes,no,no,DEER_BUCK_DB_DIRECT,SOURCE_MATCHES_RECOMMENDED,675,REVIEW_SOURCE_CONFLICT,HANUMBER,675,REVIEW_BEFORE_PROMOTION,https://dwrapps.utah.gov/huntboundary/HuntTableData?species=Deer&gender=Buck
DB1598,CORE_DRAW_RESULTS_CONTINUING,CLOSED_CORE,yes,Present in 2025 BIBLE and fresh 2026 DWR Hunt Planner table.,LIVE_2026_AND_2025_BIBLE,CONTINUITY,DB,2021|2022|2023|2024|2025,yes,no,yes,yes,OK,LIVE_AND_DATABASE,MATCH,LIVE_DWR_TOTAL_ONLY,North Slope,Deer,Buck,Any Legal Weapon (Early),General Season,,,620,,,620,yes,yes,no,no,DEER_BUCK_DB_DIRECT,SOURCE_MATCHES_RECOMMENDED,620,REVIEW_SOURCE_CONFLICT,HANUMBER,620,REVIEW_BEFORE_PROMOTION,https://dwrapps.utah.gov/huntboundary/HuntTableData?species=Deer&gender=Buck
DB1599,CORE_DRAW_RESULTS_CONTINUING,CLOSED_CORE,yes,Present in 2025 BIBLE and fresh 2026 DWR Hunt Planner table.,LIVE_2026_AND_2025_BIBLE,CONTINUITY,DB,2023|2024|2025,yes,no,yes,yes,OK,LIVE_AND_DATABASE,MATCH,LIVE_DWR_TOTAL_ONLY,Chalk Creek,Deer,Buck,Any Legal Weapon (Late),General Season,,,880,,,880,yes,yes,no,no,DEER_BUCK_DB_DIRECT,SOURCE_MATCHES_RECOMMENDED,880,REVIEW_SOURCE_CONFLICT,HANUMBER,880,REVIEW_BEFORE_PROMOTION,https://dwrapps.utah.gov/huntboundary/HuntTableData?species=Deer&gender=Buck
DB1600,CORE_DRAW_RESULTS_CONTINUING,CLOSED_CORE,yes,Present in 2025 BIBLE and fresh 2026 DWR Hunt Planner table.,LIVE_2026_AND_2025_BIBLE,CONTINUITY,DB,2023|2024|2025,yes,no,yes,yes,OK,LIVE_AND_DATABASE,MATCH,LIVE_DWR_TOTAL_ONLY,Chalk Creek,Deer,Buck,Archery,General Season,,,440,,,440,yes,yes,no,no,DEER_BUCK_DB_DIRECT,SOURCE_MATCHES_RECOMMENDED,440,REVIEW_SOURCE_CONFLICT,HANUMBER,440,REVIEW_BEFORE_PROMOTION,https://dwrapps.utah.gov/huntboundary/HuntTableData?species=Deer&gender=Buck
DB1601,CORE_DRAW_RESULTS_CONTINUING,CLOSED_CORE,yes,Present in 2025 BIBLE and fresh 2026 DWR Hunt Planner table.,LIVE_2026_AND_2025_BIBLE,CONTINUITY,DB,2023|2024|2025,yes,no,yes,yes,OK,LIVE_AND_DATABASE,MATCH,LIVE_DWR_TOTAL_ONLY,Chalk Creek,Deer,Buck,Any Legal Weapon (Early),General Season,,,440,,,440,yes,yes,no,no,DEER_BUCK_DB_DIRECT,SOURCE_MATCHES_RECOMMENDED,440,REVIEW_SOURCE_CONFLICT,HANUMBER,440,REVIEW_BEFORE_PROMOTION,https://dwrapps.utah.gov/huntboundary/HuntTableData?species=Deer&gender=Buck
DB1602,CORE_DRAW_RESULTS_CONTINUING,CLOSED_CORE,yes,Present in 2025 BIBLE and fresh 2026 DWR Hunt Planner table.,LIVE_2026_AND_2025_BIBLE,CONTINUITY,DB,2023|2024|2025,yes,no,yes,yes,OK,LIVE_AND_DATABASE,MATCH,LIVE_DWR_TOTAL_ONLY,Chalk Creek,Deer,Buck,Muzzleloader,General Season,,,440,,,440,yes,yes,no,no,DEER_BUCK_DB_DIRECT,SOURCE_MATCHES_RECOMMENDED,440,REVIEW_SOURCE_CONFLICT,HANUMBER,440,REVIEW_BEFORE_PROMOTION,https://dwrapps.utah.gov/huntboundary/HuntTableData?species=Deer&gender=Buck
DB1603,CORE_DRAW_RESULTS_CONTINUING,CLOSED_CORE,yes,Present in 2025 BIBLE and fresh 2026 DWR Hunt Planner table.,LIVE_2026_AND_2025_BIBLE,CONTINUITY,DB,2023|2024|2025,yes,no,yes,yes,OK,LIVE_AND_DATABASE,MATCH,LIVE_DWR_TOTAL_ONLY,East Canyon,Deer,Buck,Any Legal Weapon (Late),General Season,,,760,,,760,yes,yes,no,no,DEER_BUCK_DB_DIRECT,SOURCE_MATCHES_RECOMMENDED,760,REVIEW_SOURCE_CONFLICT,HANUMBER,760,REVIEW_BEFORE_PROMOTION,https://dwrapps.utah.gov/huntboundary/HuntTableData?species=Deer&gender=Buck
DB1604,CORE_DRAW_RESULTS_CONTINUING,CLOSED_CORE,yes,Present in 2025 BIBLE and fresh 2026 DWR Hunt Planner table.,LIVE_2026_AND_2025_BIBLE,CONTINUITY,DB,2023|2024|2025,yes,no,yes,yes,OK,LIVE_AND_DATABASE,MATCH,LIVE_DWR_TOTAL_ONLY,East Canyon,Deer,Buck,Archery,General Season,,,380,,,380,yes,yes,no,no,DEER_BUCK_DB_DIRECT,SOURCE_MATCHES_RECOMMENDED,380,REVIEW_SOURCE_CONFLICT,HANUMBER,380,REVIEW_BEFORE_PROMOTION,https://dwrapps.utah.gov/huntboundary/HuntTableData?species=Deer&gender=Buck
DB1605,CORE_DRAW_RESULTS_CONTINUING,CLOSED_CORE,yes,Present in 2025 BIBLE and fresh 2026 DWR Hunt Planner table.,LIVE_2026_AND_2025_BIBLE,CONTINUITY,DB,2023|2024|2025,yes,no,yes,yes,OK,LIVE_AND_DATABASE,MATCH,LIVE_DWR_TOTAL_ONLY,East Canyon,Deer,Buck,Any Legal Weapon (Early),General Season,,,380,,,380,yes,yes,no,no,DEER_BUCK_DB_DIRECT,SOURCE_MATCHES_RECOMMENDED,380,REVIEW_SOURCE_CONFLICT,HANUMBER,380,REVIEW_BEFORE_PROMOTION,https://dwrapps.utah.gov/huntboundary/HuntTableData?species=Deer&gender=Buck
DB1606,CORE_DRAW_RESULTS_CONTINUING,CLOSED_CORE,yes,Present in 2025 BIBLE and fresh 2026 DWR Hunt Planner table.,LIVE_2026_AND_2025_BIBLE,CONTINUITY,DB,2023|2024|2025,yes,no,yes,yes,OK,LIVE_AND_DATABASE,MATCH,LIVE_DWR_TOTAL_ONLY,East Canyon,Deer,Buck,Muzzleloader,General Season,,,380,,,380,yes,yes,no,no,DEER_BUCK_DB_DIRECT,SOURCE_MATCHES_RECOMMENDED,380,REVIEW_SOURCE_CONFLICT,HANUMBER,380,REVIEW_BEFORE_PROMOTION,https://dwrapps.utah.gov/huntboundary/HuntTableData?species=Deer&gender=Buck
DB1607,CORE_DRAW_RESULTS_CONTINUING,CLOSED_CORE,yes,Present in 2025 BIBLE and fresh 2026 DWR Hunt Planner table.,LIVE_2026_AND_2025_BIBLE,CONTINUITY,DB,2023|2024|2025,yes,no,yes,yes,OK,LIVE_AND_DATABASE,MATCH,LIVE_DWR_TOTAL_ONLY,Morgan-South Rich,Deer,Buck,Any Legal Weapon (Late),General Season,,,640,,,640,yes,yes,no,no,DEER_BUCK_DB_DIRECT,SOURCE_MATCHES_RECOMMENDED,640,REVIEW_SOURCE_CONFLICT,HANUMBER,640,REVIEW_BEFORE_PROMOTION,https://dwrapps.utah.gov/huntboundary/HuntTableData?species=Deer&gender=Buck
DB1608,CORE_DRAW_RESULTS_CONTINUING,CLOSED_CORE,yes,Present in 2025 BIBLE and fresh 2026 DWR Hunt Planner table.,LIVE_2026_AND_2025_BIBLE,CONTINUITY,DB,2023|2024|2025,yes,no,yes,yes,OK,LIVE_AND_DATABASE,MATCH,LIVE_DWR_TOTAL_ONLY,Morgan-South Rich,Deer,Buck,Archery,General Season,,,320,,,320,yes,yes,no,no,DEER_BUCK_DB_DIRECT,SOURCE_MATCHES_RECOMMENDED,320,REVIEW_SOURCE_CONFLICT,HANUMBER,320,REVIEW_BEFORE_PROMOTION,https://dwrapps.utah.gov/huntboundary/HuntTableData?species=Deer&gender=Buck
DB1609,CORE_DRAW_RESULTS_CONTINUING,CLOSED_CORE,yes,Present in 2025 BIBLE and fresh 2026 DWR Hunt Planner table.,LIVE_2026_AND_2025_BIBLE,CONTINUITY,DB,2023|2024|2025,yes,no,yes,yes,OK,LIVE_AND_DATABASE,MATCH,LIVE_DWR_TOTAL_ONLY,Morgan-South Rich,Deer,Buck,Any Legal Weapon (Early),General Season,,,320,,,320,yes,yes,no,no,DEER_BUCK_DB_DIRECT,SOURCE_MATCHES_RECOMMENDED,320,HIGH_CONFIRMED_2PLUS,HANUMBER,320,PROMOTE_CANDIDATE_AFTER_REVIEW,https://dwrapps.utah.gov/huntboundary/HuntTableData?species=Deer&gender=Buck
DB1610,CORE_DRAW_RESULTS_CONTINUING,CLOSED_CORE,yes,Present in 2025 BIBLE and fresh 2026 DWR Hunt Planner table.,LIVE_2026_AND_2025_BIBLE,CONTINUITY,DB,2023|2024|2025,yes,no,yes,yes,OK,LIVE_AND_DATABASE,MATCH,LIVE_DWR_TOTAL_ONLY,Morgan-South Rich,Deer,Buck,Muzzleloader,General Season,,,320,,,320,yes,yes,no,no,DEER_BUCK_DB_DIRECT,SOURCE_MATCHES_RECOMMENDED,320,REVIEW_SOURCE_CONFLICT,HANUMBER,320,REVIEW_BEFORE_PROMOTION,https://dwrapps.utah.gov/huntboundary/HuntTableData?species=Deer&gender=Buck
DB1611,CORE_DRAW_RESULTS_CONTINUING,CLOSED_CORE,yes,Present in 2025 BIBLE and fresh 2026 DWR Hunt Planner table.,LIVE_2026_AND_2025_BIBLE,CONTINUITY,DB,2025,yes,no,yes,yes,OK,LIVE_AND_DATABASE,MATCH,LIVE_DWR_TOTAL_ONLY,"Beaver, East",Deer,Buck,Archery,General Season,,,440,,,440,yes,yes,no,no,DEER_BUCK_DB_DIRECT,SOURCE_MATCHES_RECOMMENDED,440,REVIEW_SOURCE_CONFLICT,HANUMBER,440,REVIEW_BEFORE_PROMOTION,https://dwrapps.utah.gov/huntboundary/HuntTableData?species=Deer&gender=Buck
DB1612,CORE_DRAW_RESULTS_CONTINUING,CLOSED_CORE,yes,Present in 2025 BIBLE and fresh 2026 DWR Hunt Planner table.,LIVE_2026_AND_2025_BIBLE,CONTINUITY,DB,2025,yes,no,yes,yes,OK,LIVE_AND_DATABASE,MATCH,LIVE_DWR_TOTAL_ONLY,"Beaver, East",Deer,Buck,Muzzleloader,General Season,,,440,,,440,yes,yes,no,no,DEER_BUCK_DB_DIRECT,SOURCE_MATCHES_RECOMMENDED,440,REVIEW_SOURCE_CONFLICT,HANUMBER,440,REVIEW_BEFORE_PROMOTION,https://dwrapps.utah.gov/huntboundary/HuntTableData?species=Deer&gender=Buck
DB1613,CORE_DRAW_RESULTS_CONTINUING,CLOSED_CORE,yes,Present in 2025 BIBLE and fresh 2026 DWR Hunt Planner table.,LIVE_2026_AND_2025_BIBLE,CONTINUITY,DB,2025,yes,no,yes,yes,OK,LIVE_AND_DATABASE,MATCH,LIVE_DWR_TOTAL_ONLY,"Beaver, East",Deer,Buck,Any Legal Weapon (Late),General Season,,,1320,,,1320,yes,yes,no,no,DEER_BUCK_DB_DIRECT,SOURCE_MATCHES_RECOMMENDED,1320,REVIEW_SOURCE_CONFLICT,HANUMBER,1320,REVIEW_BEFORE_PROMOTION,https://dwrapps.utah.gov/huntboundary/HuntTableData?species=Deer&gender=Buck
DB1614,CORE_DRAW_RESULTS_CONTINUING,CLOSED_CORE,yes,Present in 2025 BIBLE and fresh 2026 DWR Hunt Planner table.,LIVE_2026_AND_2025_BIBLE,CONTINUITY,DB,2025,yes,no,yes,yes,OK,LIVE_AND_DATABASE,MATCH,LIVE_DWR_TOTAL_ONLY,"Beaver, West",Deer,Buck,Archery,General Season,,,130,,,130,yes,yes,no,no,DEER_BUCK_DB_DIRECT,SOURCE_MATCHES_RECOMMENDED,130,REVIEW_SOURCE_CONFLICT,HANUMBER,130,REVIEW_BEFORE_PROMOTION,https://dwrapps.utah.gov/huntboundary/HuntTableData?species=Deer&gender=Buck
DB1615,CORE_DRAW_RESULTS_CONTINUING,CLOSED_CORE,yes,Present in 2025 BIBLE and fresh 2026 DWR Hunt Planner table.,LIVE_2026_AND_2025_BIBLE,CONTINUITY,DB,2025,yes,no,yes,yes,OK,LIVE_AND_DATABASE,MATCH,LIVE_DWR_TOTAL_ONLY,"Beaver, West",Deer,Buck,Restricted Muzzleloader,General Season,,,130,,,130,yes,yes,no,no,DEER_BUCK_DB_DIRECT,SOURCE_MATCHES_RECOMMENDED,130,REVIEW_SOURCE_CONFLICT,HANUMBER,130,REVIEW_BEFORE_PROMOTION,https://dwrapps.utah.gov/huntboundary/HuntTableData?species=Deer&gender=Buck
DB1616,CORE_DRAW_RESULTS_CONTINUING,CLOSED_CORE,yes,Present in 2025 BIBLE and fresh 2026 DWR Hunt Planner table.,LIVE_2026_AND_2025_BIBLE,CONTINUITY,DB,2025,yes,no,yes,yes,OK,LIVE_AND_DATABASE,MATCH,LIVE_DWR_TOTAL_ONLY,"Beaver, West",Deer,Buck,Restricted Rifle,General Season,,,390,,,390,yes,yes,no,no,DEER_BUCK_DB_DIRECT,SOURCE_MATCHES_RECOMMENDED,390,REVIEW_SOURCE_CONFLICT,HANUMBER,390,REVIEW_BEFORE_PROMOTION,https://dwrapps.utah.gov/huntboundary/HuntTableData?species=Deer&gender=Buck
DB1617,CORE_DRAW_RESULTS_CONTINUING,CLOSED_CORE,yes,Present in 2025 BIBLE and fresh 2026 DWR Hunt Planner table.,LIVE_2026_AND_2025_BIBLE,CONTINUITY,DB,2025,yes,no,yes,yes,OK,LIVE_AND_DATABASE,MATCH,LIVE_DWR_TOTAL_ONLY,"West Desert, Swasey",Deer,Buck,Archery,General Season,,,80,,,80,yes,yes,no,no,DEER_BUCK_DB_DIRECT,SOURCE_MATCHES_RECOMMENDED,80,REVIEW_SOURCE_CONFLICT,HANUMBER,80,REVIEW_BEFORE_PROMOTION,https://dwrapps.utah.gov/huntboundary/HuntTableData?species=Deer&gender=Buck
DB1618,CORE_DRAW_RESULTS_CONTINUING,CLOSED_CORE,yes,Present in 2025 BIBLE and fresh 2026 DWR Hunt Planner table.,LIVE_2026_AND_2025_BIBLE,CONTINUITY,DB,2025,yes,no,yes,yes,OK,LIVE_AND_DATABASE,MATCH,LIVE_DWR_TOTAL_ONLY,"West Desert, Swasey",Deer,Buck,Muzzleloader,General Season,,,80,,,80,yes,yes,no,no,DEER_BUCK_DB_DIRECT,SOURCE_MATCHES_RECOMMENDED,80,REVIEW_SOURCE_CONFLICT,HANUMBER,80,REVIEW_BEFORE_PROMOTION,https://dwrapps.utah.gov/huntboundary/HuntTableData?species=Deer&gender=Buck
DB1619,CORE_DRAW_RESULTS_CONTINUING,CLOSED_CORE,yes,Present in 2025 BIBLE and fresh 2026 DWR Hunt Planner table.,LIVE_2026_AND_2025_BIBLE,CONTINUITY,DB,2025,yes,no,yes,yes,OK,LIVE_AND_DATABASE,MATCH,LIVE_DWR_TOTAL_ONLY,"West Desert, Swasey",Deer,Buck,Any Legal Weapon (Late),General Season,,,240,,,240,yes,yes,no,no,DEER_BUCK_DB_DIRECT,SOURCE_MATCHES_RECOMMENDED,240,REVIEW_SOURCE_CONFLICT,HANUMBER,240,REVIEW_BEFORE_PROMOTION,https://dwrapps.utah.gov/huntboundary/HuntTableData?species=Deer&gender=Buck
DB1620,CORE_DRAW_RESULTS_CONTINUING,CLOSED_CORE,yes,Present in 2025 BIBLE and fresh 2026 DWR Hunt Planner table.,LIVE_2026_AND_2025_BIBLE,CONTINUITY,DB,2025,yes,no,yes,yes,OK,LIVE_AND_DATABASE,MATCH,LIVE_DWR_TOTAL_ONLY,Oquirrh/Tintic,Deer,Buck,Archery,General Season,,,450,,,450,yes,yes,no,no,DEER_BUCK_DB_DIRECT,SOURCE_MATCHES_RECOMMENDED,450,REVIEW_SOURCE_CONFLICT,HANUMBER,450,REVIEW_BEFORE_PROMOTION,https://dwrapps.utah.gov/huntboundary/HuntTableData?species=Deer&gender=Buck
DB1621,CORE_DRAW_RESULTS_CONTINUING,CLOSED_CORE,yes,Present in 2025 BIBLE and fresh 2026 DWR Hunt Planner table.,LIVE_2026_AND_2025_BIBLE,CONTINUITY,DB,2025,yes,no,yes,yes,OK,LIVE_AND_DATABASE,MATCH,LIVE_DWR_TOTAL_ONLY,Oquirrh/Tintic,Deer,Buck,Muzzleloader,General Season,,,450,,,450,yes,yes,no,no,DEER_BUCK_DB_DIRECT,SOURCE_MATCHES_RECOMMENDED,450,REVIEW_SOURCE_CONFLICT,HANUMBER,450,REVIEW_BEFORE_PROMOTION,https://dwrapps.utah.gov/huntboundary/HuntTableData?species=Deer&gender=Buck
DB1622,CORE_DRAW_RESULTS_CONTINUING,CLOSED_CORE,yes,Present in 2025 BIBLE and fresh 2026 DWR Hunt Planner table.,LIVE_2026_AND_2025_BIBLE,CONTINUITY,DB,2025,yes,no,yes,yes,OK,LIVE_AND_DATABASE,MATCH,LIVE_DWR_TOTAL_ONLY,Oquirrh/Tintic,Deer,Buck,Any Legal Weapon (Late),General Season,,,1350,,,1350,yes,yes,no,no,DEER_BUCK_DB_DIRECT,SOURCE_MATCHES_RECOMMENDED,1350,REVIEW_SOURCE_CONFLICT,HANUMBER,1350,REVIEW_BEFORE_PROMOTION,https://dwrapps.utah.gov/huntboundary/HuntTableData?species=Deer&gender=Buck
DB1623,CORE_DRAW_RESULTS_CONTINUING,CLOSED_CORE,yes,Present in 2025 BIBLE and fresh 2026 DWR Hunt Planner table.,LIVE_2026_AND_2025_BIBLE,CONTINUITY,DB,2025,yes,no,yes,yes,OK,LIVE_AND_DATABASE,MATCH,LIVE_DWR_TOTAL_ONLY,Cedar/Stansbury,Deer,Buck,Archery,General Season,,,250,,,250,yes,yes,no,no,DEER_BUCK_DB_DIRECT,SOURCE_MATCHES_RECOMMENDED,250,REVIEW_SOURCE_CONFLICT,HANUMBER,250,REVIEW_BEFORE_PROMOTION,https://dwrapps.utah.gov/huntboundary/HuntTableData?species=Deer&gender=Buck
DB1624,CORE_DRAW_RESULTS_CONTINUING,CLOSED_CORE,yes,Present in 2025 BIBLE and fresh 2026 DWR Hunt Planner table.,LIVE_2026_AND_2025_BIBLE,CONTINUITY,DB,2025,yes,no,yes,yes,OK,LIVE_AND_DATABASE,MATCH,LIVE_DWR_TOTAL_ONLY,Cedar/Stansbury,Deer,Buck,Muzzleloader,General Season,,,250,,,250,yes,yes,no,no,DEER_BUCK_DB_DIRECT,SOURCE_MATCHES_RECOMMENDED,250,REVIEW_SOURCE_CONFLICT,HANUMBER,250,REVIEW_BEFORE_PROMOTION,https://dwrapps.utah.gov/huntboundary/HuntTableData?species=Deer&gender=Buck
DB1625,CORE_DRAW_RESULTS_CONTINUING,CLOSED_CORE,yes,Present in 2025 BIBLE and fresh 2026 DWR Hunt Planner table.,LIVE_2026_AND_2025_BIBLE,CONTINUITY,DB,2025,yes,no,yes,yes,OK,LIVE_AND_DATABASE,MATCH,LIVE_DWR_TOTAL_ONLY,Cedar/Stansbury,Deer,Buck,Any Legal Weapon (Late),General Season,,,750,,,750,yes,yes,no,no,DEER_BUCK_DB_DIRECT,SOURCE_MATCHES_RECOMMENDED,750,REVIEW_SOURCE_CONFLICT,HANUMBER,750,REVIEW_BEFORE_PROMOTION,https://dwrapps.utah.gov/huntboundary/HuntTableData?species=Deer&gender=Buck
DB1627,CORE_DRAW_RESULTS_CONTINUING,CLOSED_CORE,yes,Present in 2025 BIBLE and fresh 2026 DWR Hunt Planner table.,LIVE_2026_AND_2025_BIBLE,CONTINUITY,DB,2025,yes,no,yes,yes,OK,LIVE_AND_DATABASE,MATCH,LIVE_DWR_TOTAL_ONLY,Cache,Deer,Buck,Restricted Rifle,General Season,,,3480,,,3480,yes,yes,no,no,DEER_BUCK_DB_DIRECT,SOURCE_MATCHES_RECOMMENDED,3480,REVIEW_SOURCE_CONFLICT,HANUMBER,3480,REVIEW_BEFORE_PROMOTION,https://dwrapps.utah.gov/huntboundary/HuntTableData?species=Deer&gender=Buck
DB1628,CORE_DRAW_RESULTS_CONTINUING,CLOSED_CORE,yes,Present in 2025 BIBLE and fresh 2026 DWR Hunt Planner table.,LIVE_2026_AND_2025_BIBLE,CONTINUITY,DB,2025,yes,no,yes,yes,OK,LIVE_AND_DATABASE,MATCH,LIVE_DWR_TOTAL_ONLY,Cache,Deer,Buck,Restricted Muzzleloader,General Season,,,1160,,,1160,yes,yes,no,no,DEER_BUCK_DB_DIRECT,SOURCE_MATCHES_RECOMMENDED,1160,REVIEW_SOURCE_CONFLICT,HANUMBER,1160,REVIEW_BEFORE_PROMOTION,https://dwrapps.utah.gov/huntboundary/HuntTableData?species=Deer&gender=Buck
DB1629,CORE_DRAW_RESULTS_CONTINUING,CLOSED_CORE,yes,Present in 2025 BIBLE and fresh 2026 DWR Hunt Planner table.,LIVE_2026_AND_2025_BIBLE,CONTINUITY,DB,2025,yes,no,yes,yes,OK,LIVE_AND_DATABASE,MATCH,LIVE_DWR_TOTAL_ONLY,Boulder/Kaiparowits,Deer,Buck,Restricted Rifle,General Season,,,960,,,960,yes,yes,no,no,DEER_BUCK_DB_DIRECT,SOURCE_MATCHES_RECOMMENDED,960,REVIEW_SOURCE_CONFLICT,HANUMBER,960,REVIEW_BEFORE_PROMOTION,https://dwrapps.utah.gov/huntboundary/HuntTableData?species=Deer&gender=Buck
DB1630,CORE_DRAW_RESULTS_CONTINUING,CLOSED_CORE,yes,Present in 2025 BIBLE and fresh 2026 DWR Hunt Planner table.,LIVE_2026_AND_2025_BIBLE,CONTINUITY,DB,2025,yes,no,yes,yes,OK,LIVE_AND_DATABASE,MATCH,LIVE_DWR_TOTAL_ONLY,Boulder/Kaiparowits,Deer,Buck,Restricted Muzzleloader,General Season,,,720,,,720,yes,yes,no,no,DEER_BUCK_DB_DIRECT,SOURCE_MATCHES_RECOMMENDED,720,REVIEW_SOURCE_CONFLICT,HANUMBER,720,REVIEW_BEFORE_PROMOTION,https://dwrapps.utah.gov/huntboundary/HuntTableData?species=Deer&gender=Buck
DB1631,CORE_DRAW_RESULTS_CONTINUING,CLOSED_CORE,yes,Present in 2025 BIBLE and fresh 2026 DWR Hunt Planner table.,LIVE_2026_AND_2025_BIBLE,CONTINUITY,DB,2025,yes,no,yes,yes,OK,LIVE_AND_DATABASE,MATCH,LIVE_DWR_TOTAL_ONLY,Box Elder,Deer,Buck,Any Legal Weapon (Early),General Season,,,1040,,,1040,yes,yes,no,no,DEER_BUCK_DB_DIRECT,SOURCE_MATCHES_RECOMMENDED,1040,REVIEW_SOURCE_CONFLICT,HANUMBER,1040,REVIEW_BEFORE_PROMOTION,https://dwrapps.utah.gov/huntboundary/HuntTableData?species=Deer&gender=Buck
DB1769,HISTORICAL_LIBRARY_ONLY,CLOSED_HISTORICAL,no,Historical BIBLE-library code not part of current 2026 live table.,BIBLE_HISTORICAL_ONLY,HISTORICAL_LIBRARY,DB,2020|2021|2022|2023|2024,no,no,no,no,,,,,,,,,,,,,,,,no,no,no,no,,,,,,,,
DB1770,CORE_DRAW_RESULTS_CONTINUING,CLOSED_CORE,yes,Present in 2025 BIBLE and fresh 2026 DWR Hunt Planner table.,LIVE_2026_AND_2025_BIBLE,CONTINUITY,DB,2020|2021|2022|2023|2024|2025|2026,yes,yes,yes,yes,OK,LIVE_AND_DATABASE,MATCH,LIVE_DWR_TOTAL_ONLY,Box Elder,Deer,Buck,Dedicated Hunter,General Season,,,688,,,688,yes,yes,no,no,DEER_BUCK_DB_DIRECT,SOURCE_MATCHES_RECOMMENDED,688,REVIEW_SOURCE_CONFLICT,HANUMBER,688,REVIEW_BEFORE_PROMOTION,https://dwrapps.utah.gov/huntboundary/HuntTableData?species=Deer&gender=Buck
DB1771,CORE_DRAW_RESULTS_CONTINUING,CLOSED_CORE,yes,Present in 2025 BIBLE and fresh 2026 DWR Hunt Planner table.,LIVE_2026_AND_2025_BIBLE,CONTINUITY,DB,2020|2021|2022|2023|2024|2025|2026,yes,yes,yes,yes,OK,LIVE_AND_DATABASE,MATCH,LIVE_DWR_TOTAL_ONLY,Cache,Deer,Buck,Dedicated Hunter,General Season,,,588,,,588,yes,yes,no,no,DEER_BUCK_DB_DIRECT,SOURCE_MATCHES_RECOMMENDED,588,REVIEW_SOURCE_CONFLICT,HANUMBER,588,REVIEW_BEFORE_PROMOTION,https://dwrapps.utah.gov/huntboundary/HuntTableData?species=Deer&gender=Buck
DB1772,CORE_DRAW_RESULTS_CONTINUING,CLOSED_CORE,yes,Present in 2025 BIBLE and fresh 2026 DWR Hunt Planner table.,LIVE_2026_AND_2025_BIBLE,CONTINUITY,DB,2020|2021|2022|2023|2024|2025|2026,yes,yes,yes,yes,OK,LIVE_AND_DATABASE,MATCH,LIVE_DWR_TOTAL_ONLY,Manti/San Rafael,Deer,Buck,Dedicated Hunter,General Season,,,573,,,573,yes,yes,no,no,DEER_BUCK_DB_DIRECT,SOURCE_MATCHES_RECOMMENDED,573,REVIEW_SOURCE_CONFLICT,HANUMBER,573,REVIEW_BEFORE_PROMOTION,https://dwrapps.utah.gov/huntboundary/HuntTableData?species=Deer&gender=Buck
DB1773,CORE_DRAW_RESULTS_CONTINUING,CLOSED_CORE,yes,Present in 2025 BIBLE and fresh 2026 DWR Hunt Planner table.,LIVE_2026_AND_2025_BIBLE,CONTINUITY,DB,2020|2021|2022|2023|2024|2025|2026,yes,yes,yes,yes,OK,LIVE_AND_DATABASE,MATCH,LIVE_DWR_TOTAL_ONLY,Nebo,Deer,Buck,Dedicated Hunter,General Season,,,349,,,349,yes,yes,no,no,DEER_BUCK_DB_DIRECT,SOURCE_MATCHES_RECOMMENDED,349,REVIEW_SOURCE_CONFLICT,HANUMBER,349,REVIEW_BEFORE_PROMOTION,https://dwrapps.utah.gov/huntboundary/HuntTableData?species=Deer&gender=Buck
DB1774,HISTORICAL_LIBRARY_ONLY,CLOSED_HISTORICAL,no,Historical BIBLE-library code not part of current 2026 live table.,BIBLE_HISTORICAL_ONLY,HISTORICAL_LIBRARY,DB,2020|2021|2022,no,no,no,no,,,,,,,,,,,,,,,,no,no,no,no,,,,,,,,
DB1775,CORE_DRAW_RESULTS_CONTINUING,CLOSED_CORE,yes,Present in 2025 BIBLE and fresh 2026 DWR Hunt Planner table.,LIVE_2026_AND_2025_BIBLE,CONTINUITY,DB,2020|2021|2022|2023|2024|2025|2026,yes,yes,yes,yes,OK,LIVE_AND_DATABASE,MATCH,LIVE_DWR_TOTAL_ONLY,Fillmore,Deer,Buck,Dedicated Hunter,General Season,,,42,,,42,yes,yes,no,no,DEER_BUCK_DB_DIRECT,SOURCE_MATCHES_RECOMMENDED,42,REVIEW_SOURCE_CONFLICT,HANUMBER,42,REVIEW_BEFORE_PROMOTION,https://dwrapps.utah.gov/huntboundary/HuntTableData?species=Deer&gender=Buck
DB1777,CORE_DRAW_RESULTS_CONTINUING,CLOSED_CORE,yes,Present in 2025 BIBLE and fresh 2026 DWR Hunt Planner table.,LIVE_2026_AND_2025_BIBLE,CONTINUITY,DB,2020|2021|2022|2023|2024|2025|2026,yes,yes,yes,yes,OK,LIVE_AND_DATABASE,MATCH,LIVE_DWR_TOTAL_ONLY,Kamas,Deer,Buck,Dedicated Hunter,General Season,,,55,,,55,yes,yes,no,no,DEER_BUCK_DB_DIRECT,SOURCE_MATCHES_RECOMMENDED,55,REVIEW_SOURCE_CONFLICT,HANUMBER,55,REVIEW_BEFORE_PROMOTION,https://dwrapps.utah.gov/huntboundary/HuntTableData?species=Deer&gender=Buck
DB1778,CORE_DRAW_RESULTS_CONTINUING,CLOSED_CORE,yes,Present in 2025 BIBLE and fresh 2026 DWR Hunt Planner table.,LIVE_2026_AND_2025_BIBLE,CONTINUITY,DB,2020|2021|2022|2023|2024|2025|2026,yes,yes,yes,yes,OK,LIVE_AND_DATABASE,MATCH,LIVE_DWR_TOTAL_ONLY,La Sal Mtns,Deer,Buck,Dedicated Hunter,General Season,,,67,,,67,yes,yes,no,no,DEER_BUCK_DB_DIRECT,SOURCE_MATCHES_RECOMMENDED,67,REVIEW_SOURCE_CONFLICT,HANUMBER,67,REVIEW_BEFORE_PROMOTION,https://dwrapps.utah.gov/huntboundary/HuntTableData?species=Deer&gender=Buck
DB1779,CORE_DRAW_RESULTS_CONTINUING,CLOSED_CORE,yes,Present in 2025 BIBLE and fresh 2026 DWR Hunt Planner table.,LIVE_2026_AND_2025_BIBLE,CONTINUITY,DB,2020|2021|2022|2023|2024|2025|2026,yes,yes,yes,yes,OK,LIVE_AND_DATABASE,MATCH,LIVE_DWR_TOTAL_ONLY,Monroe,Deer,Buck,Dedicated Hunter,General Season,,,45,,,45,yes,yes,no,no,DEER_BUCK_DB_DIRECT,SOURCE_MATCHES_RECOMMENDED,45,REVIEW_SOURCE_CONFLICT,HANUMBER,45,REVIEW_BEFORE_PROMOTION,https://dwrapps.utah.gov/huntboundary/HuntTableData?species=Deer&gender=Buck
DB1780,CORE_DRAW_RESULTS_CONTINUING,CLOSED_CORE,yes,Present in 2025 BIBLE and fresh 2026 DWR Hunt Planner table.,LIVE_2026_AND_2025_BIBLE,CONTINUITY,DB,2020|2021|2022|2023|2024|2025|2026,yes,yes,yes,yes,OK,LIVE_AND_DATABASE,MATCH,LIVE_DWR_TOTAL_ONLY,Mt Dutton,Deer,Buck,Dedicated Hunter,General Season,,,26,,,26,yes,yes,no,no,DEER_BUCK_DB_DIRECT,SOURCE_MATCHES_RECOMMENDED,26,REVIEW_SOURCE_CONFLICT,HANUMBER,26,REVIEW_BEFORE_PROMOTION,https://dwrapps.utah.gov/huntboundary/HuntTableData?species=Deer&gender=Buck
DB1781,CORE_DRAW_RESULTS_CONTINUING,CLOSED_CORE,yes,Present in 2025 BIBLE and fresh 2026 DWR Hunt Planner table.,LIVE_2026_AND_2025_BIBLE,CONTINUITY,DB,2020|2021|2022|2023|2024|2025|2026,yes,yes,yes,yes,OK,LIVE_AND_DATABASE,MATCH,LIVE_DWR_TOTAL_ONLY,Nine Mile,Deer,Buck,Dedicated Hunter,General Season,,,62,,,62,yes,yes,no,no,DEER_BUCK_DB_DIRECT,SOURCE_MATCHES_RECOMMENDED,62,REVIEW_SOURCE_CONFLICT,HANUMBER,62,REVIEW_BEFORE_PROMOTION,https://dwrapps.utah.gov/huntboundary/HuntTableData?species=Deer&gender=Buck
DB1782,CORE_DRAW_RESULTS_CONTINUING,CLOSED_CORE,yes,Present in 2025 BIBLE and fresh 2026 DWR Hunt Planner table.,LIVE_2026_AND_2025_BIBLE,CONTINUITY,DB,2020|2021|2022|2023|2024|2025|2026,yes,yes,yes,yes,OK,LIVE_AND_DATABASE,MATCH,LIVE_DWR_TOTAL_ONLY,North Slope,Deer,Buck,Dedicated Hunter,General Season,,,340,,,340,yes,yes,no,no,DEER_BUCK_DB_DIRECT,SOURCE_MATCHES_RECOMMENDED,340,REVIEW_SOURCE_CONFLICT,HANUMBER,340,REVIEW_BEFORE_PROMOTION,https://dwrapps.utah.gov/huntboundary/HuntTableData?species=Deer&gender=Buck
DB1783,CORE_DRAW_RESULTS_CONTINUING,CLOSED_CORE,yes,Present in 2025 BIBLE and fresh 2026 DWR Hunt Planner table.,LIVE_2026_AND_2025_BIBLE,CONTINUITY,DB,2020|2021|2022|2023|2024|2025|2026,yes,yes,yes,yes,OK,LIVE_AND_DATABASE,MATCH,LIVE_DWR_TOTAL_ONLY,Ogden,Deer,Buck,Dedicated Hunter,General Season,,,297,,,297,yes,yes,no,no,DEER_BUCK_DB_DIRECT,SOURCE_MATCHES_RECOMMENDED,297,REVIEW_SOURCE_CONFLICT,HANUMBER,297,REVIEW_BEFORE_PROMOTION,https://dwrapps.utah.gov/huntboundary/HuntTableData?species=Deer&gender=Buck
DB1784,HISTORICAL_LIBRARY_ONLY,CLOSED_HISTORICAL,no,Historical BIBLE-library code not part of current 2026 live table.,BIBLE_HISTORICAL_ONLY,HISTORICAL_LIBRARY,DB,2020|2021|2022|2023|2024,no,no,no,no,,,,,,,,,,,,,,,,no,no,no,no,,,,,,,,
DB1785,CORE_DRAW_RESULTS_CONTINUING,CLOSED_CORE,yes,Present in 2025 BIBLE and fresh 2026 DWR Hunt Planner table.,LIVE_2026_AND_2025_BIBLE,CONTINUITY,DB,2020|2021|2022|2023|2024|2025|2026,yes,yes,yes,yes,OK,LIVE_AND_DATABASE,MATCH,LIVE_DWR_TOTAL_ONLY,Panguitch Lake,Deer,Buck,Dedicated Hunter,General Season,,,112,,,112,yes,yes,no,no,DEER_BUCK_DB_DIRECT,SOURCE_MATCHES_RECOMMENDED,112,REVIEW_SOURCE_CONFLICT,HANUMBER,112,REVIEW_BEFORE_PROMOTION,https://dwrapps.utah.gov/huntboundary/HuntTableData?species=Deer&gender=Buck
DB1786,CORE_DRAW_RESULTS_CONTINUING,CLOSED_CORE,yes,Present in 2025 BIBLE and fresh 2026 DWR Hunt Planner table.,LIVE_2026_AND_2025_BIBLE,CONTINUITY,DB,2020|2021|2022|2023|2024|2025|2026,yes,yes,yes,yes,OK,LIVE_AND_DATABASE,MATCH,LIVE_DWR_TOTAL_ONLY,Pine Valley,Deer,Buck,Dedicated Hunter,General Season,,,228,,,228,yes,yes,no,no,DEER_BUCK_DB_DIRECT,SOURCE_MATCHES_RECOMMENDED,228,REVIEW_SOURCE_CONFLICT,HANUMBER,228,REVIEW_BEFORE_PROMOTION,https://dwrapps.utah.gov/huntboundary/HuntTableData?species=Deer&gender=Buck
DB1787,CORE_DRAW_RESULTS_CONTINUING,CLOSED_CORE,yes,Present in 2025 BIBLE and fresh 2026 DWR Hunt Planner table.,LIVE_2026_AND_2025_BIBLE,CONTINUITY,DB,2020|2021|2022|2023|2024|2025|2026,yes,yes,yes,yes,OK,LIVE_AND_DATABASE,MATCH,LIVE_DWR_TOTAL_ONLY,Boulder/Kaiparowits,Deer,Buck,Dedicated Hunter,General Season,,,70,,,70,yes,yes,no,no,DEER_BUCK_DB_DIRECT,SOURCE_MATCHES_RECOMMENDED,70,REVIEW_SOURCE_CONFLICT,HANUMBER,70,REVIEW_BEFORE_PROMOTION,https://dwrapps.utah.gov/huntboundary/HuntTableData?species=Deer&gender=Buck
DB1788,CORE_DRAW_RESULTS_CONTINUING,CLOSED_CORE,yes,Present in 2025 BIBLE and fresh 2026 DWR Hunt Planner table.,LIVE_2026_AND_2025_BIBLE,CONTINUITY,DB,2020|2021|2022|2023|2024|2025|2026,yes,yes,yes,yes,OK,LIVE_AND_DATABASE,MATCH,LIVE_DWR_TOTAL_ONLY,Fishlake,Deer,Buck,Dedicated Hunter,General Season,,,49,,,49,yes,yes,no,no,DEER_BUCK_DB_DIRECT,SOURCE_MATCHES_RECOMMENDED,49,REVIEW_SOURCE_CONFLICT,HANUMBER,49,REVIEW_BEFORE_PROMOTION,https://dwrapps.utah.gov/huntboundary/HuntTableData?species=Deer&gender=Buck
DB1789,HISTORICAL_LIBRARY_ONLY,CLOSED_HISTORICAL,no,Historical BIBLE-library code not part of current 2026 live table.,BIBLE_HISTORICAL_ONLY,HISTORICAL_LIBRARY,DB,2020|2021|2022|2023|2024,no,no,no,no,,,,,,,,,,,,,,,,no,no,no,no,,,,,,,,
DB1790,CORE_DRAW_RESULTS_CONTINUING,CLOSED_CORE,yes,Present in 2025 BIBLE and fresh 2026 DWR Hunt Planner table.,LIVE_2026_AND_2025_BIBLE,CONTINUITY,DB,2020|2021|2022|2023|2024|2025|2026,yes,yes,yes,yes,OK,LIVE_AND_DATABASE,MATCH,LIVE_DWR_TOTAL_ONLY,"San Juan, Abajo Mtns",Deer,Buck,Dedicated Hunter,General Season,,,261,,,261,yes,yes,no,no,DEER_BUCK_DB_DIRECT,SOURCE_MATCHES_RECOMMENDED,261,REVIEW_SOURCE_CONFLICT,HANUMBER,261,REVIEW_BEFORE_PROMOTION,https://dwrapps.utah.gov/huntboundary/HuntTableData?species=Deer&gender=Buck
DB1791,CORE_DRAW_RESULTS_CONTINUING,CLOSED_CORE,yes,Present in 2025 BIBLE and fresh 2026 DWR Hunt Planner table.,LIVE_2026_AND_2025_BIBLE,CONTINUITY,DB,2020|2021|2022|2023|2024|2025|2026,yes,yes,yes,yes,OK,LIVE_AND_DATABASE,MATCH,LIVE_DWR_TOTAL_ONLY,Vernal/Bonanza,Deer,Buck,Dedicated Hunter,General Season,,,45,,,45,yes,yes,no,no,DEER_BUCK_DB_DIRECT,SOURCE_MATCHES_RECOMMENDED,45,REVIEW_SOURCE_CONFLICT,HANUMBER,45,REVIEW_BEFORE_PROMOTION,https://dwrapps.utah.gov/huntboundary/HuntTableData?species=Deer&gender=Buck
DB1792,CORE_DRAW_RESULTS_CONTINUING,CLOSED_CORE,yes,Present in 2025 BIBLE and fresh 2026 DWR Hunt Planner table.,LIVE_2026_AND_2025_BIBLE,CONTINUITY,DB,2020|2021|2022|2023|2024|2025|2026,yes,yes,yes,yes,OK,LIVE_AND_DATABASE,MATCH,LIVE_DWR_TOTAL_ONLY,Yellowstone,Deer,Buck,Dedicated Hunter,General Season,,,63,,,63,yes,yes,no,no,DEER_BUCK_DB_DIRECT,SOURCE_MATCHES_RECOMMENDED,63,REVIEW_SOURCE_CONFLICT,HANUMBER,63,REVIEW_BEFORE_PROMOTION,https://dwrapps.utah.gov/huntboundary/HuntTableData?species=Deer&gender=Buck
DB1793,CORE_DRAW_RESULTS_CONTINUING,CLOSED_CORE,yes,Present in 2025 BIBLE and fresh 2026 DWR Hunt Planner table.,LIVE_2026_AND_2025_BIBLE,CONTINUITY,DB,2020|2021|2022|2023|2024|2025|2026,yes,yes,yes,yes,OK,LIVE_AND_DATABASE,MATCH,LIVE_DWR_TOTAL_ONLY,Southwest Desert,Deer,Buck,Dedicated Hunter,General Season,,,46,,,46,yes,yes,no,no,DEER_BUCK_DB_DIRECT,SOURCE_MATCHES_RECOMMENDED,46,REVIEW_SOURCE_CONFLICT,HANUMBER,46,REVIEW_BEFORE_PROMOTION,https://dwrapps.utah.gov/huntboundary/HuntTableData?species=Deer&gender=Buck
DB1794,CORE_DRAW_RESULTS_CONTINUING,CLOSED_CORE,yes,Present in 2025 BIBLE and fresh 2026 DWR Hunt Planner table.,LIVE_2026_AND_2025_BIBLE,CONTINUITY,DB,2020|2021|2022|2023|2024|2025|2026,yes,yes,yes,yes,OK,LIVE_AND_DATABASE,MATCH,LIVE_DWR_TOTAL_ONLY,"Wasatch Mtns, East",Deer,Buck,Dedicated Hunter,General Season,,,271,,,271,yes,yes,no,no,DEER_BUCK_DB_DIRECT,SOURCE_MATCHES_RECOMMENDED,271,REVIEW_SOURCE_CONFLICT,HANUMBER,271,REVIEW_BEFORE_PROMOTION,https://dwrapps.utah.gov/huntboundary/HuntTableData?species=Deer&gender=Buck
DB1795,CORE_DRAW_RESULTS_CONTINUING,CLOSED_CORE,yes,Present in 2025 BIBLE and fresh 2026 DWR Hunt Planner table.,LIVE_2026_AND_2025_BIBLE,CONTINUITY,DB,2020|2021|2022|2023|2024|2025|2026,yes,yes,yes,yes,OK,LIVE_AND_DATABASE,MATCH,LIVE_DWR_TOTAL_ONLY,"Wasatch Mtns, West",Deer,Buck,Dedicated Hunter,General Season,,,701,,,701,yes,yes,no,no,DEER_BUCK_DB_DIRECT,SOURCE_MATCHES_RECOMMENDED,701,REVIEW_SOURCE_CONFLICT,HANUMBER,701,REVIEW_BEFORE_PROMOTION,https://dwrapps.utah.gov/huntboundary/HuntTableData?species=Deer&gender=Buck
DB1796,HISTORICAL_LIBRARY_ONLY,CLOSED_HISTORICAL,no,Historical BIBLE-library code not part of current 2026 live table.,BIBLE_HISTORICAL_ONLY,HISTORICAL_LIBRARY,DB,2020|2021|2022|2023|2024,no,no,no,no,,,,,,,,,,,,,,,,no,no,no,no,,,,,,,,
DB1797,HISTORICAL_LIBRARY_ONLY,CLOSED_HISTORICAL,no,Historical BIBLE-library code not part of current 2026 live table.,BIBLE_HISTORICAL_ONLY,HISTORICAL_LIBRARY,DB,2020|2021|2022|2023|2024,no,no,no,no,,,,,,,,,,,,,,,,no,no,no,no,,,,,,,,
DB1798,CORE_DRAW_RESULTS_CONTINUING,CLOSED_CORE,yes,Present in 2025 BIBLE and fresh 2026 DWR Hunt Planner table.,LIVE_2026_AND_2025_BIBLE,CONTINUITY,DB,2020|2021|2022|2023|2024|2025|2026,yes,yes,yes,yes,OK,LIVE_AND_DATABASE,MATCH,LIVE_DWR_TOTAL_ONLY,Zion,Deer,Buck,Dedicated Hunter,General Season,,,256,,,256,yes,yes,no,no,DEER_BUCK_DB_DIRECT,SOURCE_MATCHES_RECOMMENDED,256,REVIEW_SOURCE_CONFLICT,HANUMBER,256,REVIEW_BEFORE_PROMOTION,https://dwrapps.utah.gov/huntboundary/HuntTableData?species=Deer&gender=Buck
DB1799,CORE_DRAW_RESULTS_CONTINUING,CLOSED_CORE,yes,Present in 2025 BIBLE and fresh 2026 DWR Hunt Planner table.,LIVE_2026_AND_2025_BIBLE,CONTINUITY,DB,2023|2024|2025|2026,yes,yes,yes,yes,OK,LIVE_AND_DATABASE,MATCH,LIVE_DWR_TOTAL_ONLY,Chalk Creek,Deer,Buck,Dedicated Hunter,General Season,,,292,,,292,yes,yes,no,no,DEER_BUCK_DB_DIRECT,SOURCE_MATCHES_RECOMMENDED,292,REVIEW_SOURCE_CONFLICT,HANUMBER,292,REVIEW_BEFORE_PROMOTION,https://dwrapps.utah.gov/huntboundary/HuntTableData?species=Deer&gender=Buck
DB1800,CORE_DRAW_RESULTS_CONTINUING,CLOSED_CORE,yes,Present in 2025 BIBLE and fresh 2026 DWR Hunt Planner table.,LIVE_2026_AND_2025_BIBLE,CONTINUITY,DB,2023|2024|2025|2026,yes,yes,yes,yes,OK,LIVE_AND_DATABASE,MATCH,LIVE_DWR_TOTAL_ONLY,East Canyon,Deer,Buck,Dedicated Hunter,General Season,,,186,,,186,yes,yes,no,no,DEER_BUCK_DB_DIRECT,SOURCE_MATCHES_RECOMMENDED,186,REVIEW_SOURCE_CONFLICT,HANUMBER,186,REVIEW_BEFORE_PROMOTION,https://dwrapps.utah.gov/huntboundary/HuntTableData?species=Deer&gender=Buck
DB1801,CORE_DRAW_RESULTS_CONTINUING,CLOSED_CORE,yes,Present in 2025 BIBLE and fresh 2026 DWR Hunt Planner table.,LIVE_2026_AND_2025_BIBLE,CONTINUITY,DB,2023|2024|2025|2026,yes,yes,yes,yes,OK,LIVE_AND_DATABASE,MATCH,LIVE_DWR_TOTAL_ONLY,Morgan-South Rich,Deer,Buck,Dedicated Hunter,General Season,,,211,,,211,yes,yes,no,no,DEER_BUCK_DB_DIRECT,SOURCE_MATCHES_RECOMMENDED,211,REVIEW_SOURCE_CONFLICT,HANUMBER,211,REVIEW_BEFORE_PROMOTION,https://dwrapps.utah.gov/huntboundary/HuntTableData?species=Deer&gender=Buck
DB1802,CORE_DRAW_RESULTS_CONTINUING,CLOSED_CORE,yes,Present in 2025 BIBLE and fresh 2026 DWR Hunt Planner table.,LIVE_2026_AND_2025_BIBLE,CONTINUITY,DB,2025|2026,yes,yes,yes,yes,OK,LIVE_AND_DATABASE,MATCH,LIVE_DWR_TOTAL_ONLY,"Beaver, East",Deer,Buck,Dedicated Hunter,General Season,,,61,,,61,yes,yes,no,no,DEER_BUCK_DB_DIRECT,SOURCE_MATCHES_RECOMMENDED,61,REVIEW_SOURCE_CONFLICT,HANUMBER,61,REVIEW_BEFORE_PROMOTION,https://dwrapps.utah.gov/huntboundary/HuntTableData?species=Deer&gender=Buck
DB1803,CORE_DRAW_RESULTS_CONTINUING,CLOSED_CORE,yes,Present in 2025 BIBLE and fresh 2026 DWR Hunt Planner table.,LIVE_2026_AND_2025_BIBLE,CONTINUITY,DB,2025|2026,yes,yes,yes,yes,OK,LIVE_AND_DATABASE,MATCH,LIVE_DWR_TOTAL_ONLY,"Beaver, West",Deer,Buck,Dedicated Hunter,General Season,,,44,,,44,yes,yes,no,no,DEER_BUCK_DB_DIRECT,SOURCE_MATCHES_RECOMMENDED,44,REVIEW_SOURCE_CONFLICT,HANUMBER,44,REVIEW_BEFORE_PROMOTION,https://dwrapps.utah.gov/huntboundary/HuntTableData?species=Deer&gender=Buck
DB1804,CORE_DRAW_RESULTS_CONTINUING,CLOSED_CORE,yes,Present in 2025 BIBLE and fresh 2026 DWR Hunt Planner table.,LIVE_2026_AND_2025_BIBLE,CONTINUITY,DB,2025|2026,yes,yes,yes,yes,OK,LIVE_AND_DATABASE,MATCH,LIVE_DWR_TOTAL_ONLY,Cedar/Stansbury,Deer,Buck,Dedicated Hunter,General Season,,,42,,,42,yes,yes,no,no,DEER_BUCK_DB_DIRECT,SOURCE_MATCHES_RECOMMENDED,42,REVIEW_SOURCE_CONFLICT,HANUMBER,42,REVIEW_BEFORE_PROMOTION,https://dwrapps.utah.gov/huntboundary/HuntTableData?species=Deer&gender=Buck
DB1805,CORE_DRAW_RESULTS_CONTINUING,CLOSED_CORE,yes,Present in 2025 BIBLE and fresh 2026 DWR Hunt Planner table.,LIVE_2026_AND_2025_BIBLE,CONTINUITY,DB,2025|2026,yes,yes,yes,yes,OK,LIVE_AND_DATABASE,MATCH,LIVE_DWR_TOTAL_ONLY,Oquirrh/Tintic,Deer,Buck,Dedicated Hunter,General Season,,,65,,,65,yes,yes,no,no,DEER_BUCK_DB_DIRECT,SOURCE_MATCHES_RECOMMENDED,65,REVIEW_SOURCE_CONFLICT,HANUMBER,65,REVIEW_BEFORE_PROMOTION,https://dwrapps.utah.gov/huntboundary/HuntTableData?species=Deer&gender=Buck
DB1806,CORE_DRAW_RESULTS_CONTINUING,CLOSED_CORE,yes,Present in 2025 BIBLE and fresh 2026 DWR Hunt Planner table.,LIVE_2026_AND_2025_BIBLE,CONTINUITY,DB,2025|2026,yes,yes,yes,yes,OK,LIVE_AND_DATABASE,MATCH,LIVE_DWR_TOTAL_ONLY,"West Desert, Swasey",Deer,Buck,Dedicated Hunter,General Season,,,36,,,36,yes,yes,no,no,DEER_BUCK_DB_DIRECT,SOURCE_MATCHES_RECOMMENDED,36,REVIEW_SOURCE_CONFLICT,HANUMBER,36,REVIEW_BEFORE_PROMOTION,https://dwrapps.utah.gov/huntboundary/HuntTableData?species=Deer&gender=Buck
DS1000,SPORTSMAN_CONTINUITY_LAYER_REVIEW,REVIEW,maybe,"Sportsman codes are known continuing active permit hunts, but this row was not in 2025 BIBLE extraction.",LIVE_2026_NOT_IN_2025_BIBLE,SPORTSMAN_CURRENT_PLANNER,DS,2020|2021|2022|2023|2024,no,no,yes,yes,OK,LIVE_AND_DATABASE,LIVE_NO_QUOTA_DATABASE_PRESERVED,LIVE_DWR_NO_QUOTA_PUBLISHED,Desert Bighorn Sheep - Statewide Permit,Desert Bighorn Sheep,Male Only,Any Legal Weapon,Statewide,,,,1,0,1,no,no,yes,yes,CONSERVATION_PERMITS_DIRECT,SOURCE_MATCHES_RECOMMENDED,,MEDIUM_SINGLE_SOURCE,UTAHDRAWS,1,PROMOTE_CANDIDATE_AFTER_REVIEW,https://dwrapps.utah.gov/huntboundary/HuntTableData?species=Desert+Bighorn+Sheep&gender=Male+Only
DS1002,SEPARATE_CONSERVATION_LAYER,CLOSED_SEPARATE_LAYER,no,"Conservation permit family; use separate conservation layer, not core-count inflation.",LIVE_2026_NOT_IN_2025_BIBLE,CONSERVATION_CURRENT_PLANNER,DS,,no,no,yes,yes,OK,LIVE_AND_DATABASE,LIVE_NO_QUOTA_DATABASE_PRESERVED,LIVE_DWR_NO_QUOTA_PUBLISHED,"Kaiparowits, East",Desert Bighorn Sheep,Male Only,Any Legal Weapon,Conservation,,,,1,0,1,no,no,yes,yes,CONSERVATION_PERMITS_DIRECT,SOURCE_TOTAL_MATCHES_DATABASE,,REVIEW_REQUIRED,NONE_EXTERNAL_DATABASE_REFERENCE_ONLY,,FIND_EXTERNAL_SOURCE_BEFORE_PROMOTION,https://dwrapps.utah.gov/huntboundary/HuntTableData?species=Desert+Bighorn+Sheep&gender=Male+Only
DS1003,SEPARATE_CONSERVATION_LAYER,CLOSED_SEPARATE_LAYER,no,"Conservation permit family; use separate conservation layer, not core-count inflation.",LIVE_2026_NOT_IN_2025_BIBLE,CONSERVATION_CURRENT_PLANNER,DS,,no,no,yes,yes,OK,LIVE_AND_DATABASE,LIVE_NO_QUOTA_DATABASE_PRESERVED,LIVE_DWR_NO_QUOTA_PUBLISHED,"Kaiparowits, Escalante East/West",Desert Bighorn Sheep,Male Only,Any Legal Weapon,Conservation,,,,1,0,1,no,no,yes,yes,CONSERVATION_PERMITS_DIRECT,SOURCE_TOTAL_MATCHES_DATABASE,,REVIEW_REQUIRED,NONE_EXTERNAL_DATABASE_REFERENCE_ONLY,,FIND_EXTERNAL_SOURCE_BEFORE_PROMOTION,https://dwrapps.utah.gov/huntboundary/HuntTableData?species=Desert+Bighorn+Sheep&gender=Male+Only
DS1004,SEPARATE_CONSERVATION_LAYER,CLOSED_SEPARATE_LAYER,no,"Conservation permit family; use separate conservation layer, not core-count inflation.",LIVE_2026_NOT_IN_2025_BIBLE,CONSERVATION_CURRENT_PLANNER,DS,,no,no,yes,yes,OK,LIVE_AND_DATABASE,LIVE_NO_QUOTA_DATABASE_PRESERVED,LIVE_DWR_NO_QUOTA_PUBLISHED,"San Rafael, Dirty Devil",Desert Bighorn Sheep,Male Only,Any Legal Weapon,Conservation,,,,1,0,1,no,no,yes,yes,CONSERVATION_PERMITS_DIRECT,SOURCE_TOTAL_MATCHES_DATABASE,,REVIEW_REQUIRED,NONE_EXTERNAL_DATABASE_REFERENCE_ONLY,,FIND_EXTERNAL_SOURCE_BEFORE_PROMOTION,https://dwrapps.utah.gov/huntboundary/HuntTableData?species=Desert+Bighorn+Sheep&gender=Male+Only
DS1006,SEPARATE_CONSERVATION_LAYER,CLOSED_SEPARATE_LAYER,no,"Conservation permit family; use separate conservation layer, not core-count inflation.",LIVE_2026_NOT_IN_2025_BIBLE,CONSERVATION_CURRENT_PLANNER,DS,,no,no,yes,yes,OK,LIVE_AND_DATABASE,LIVE_NO_QUOTA_DATABASE_PRESERVED,LIVE_DWR_NO_QUOTA_PUBLISHED,"Kaiparowits, West",Desert Bighorn Sheep,Male Only,Any Legal Weapon,Conservation,,,,1,0,1,no,no,yes,yes,CONSERVATION_PERMITS_DIRECT,SOURCE_TOTAL_MATCHES_DATABASE,,REVIEW_REQUIRED,NONE_EXTERNAL_DATABASE_REFERENCE_ONLY,,FIND_EXTERNAL_SOURCE_BEFORE_PROMOTION,https://dwrapps.utah.gov/huntboundary/HuntTableData?species=Desert+Bighorn+Sheep&gender=Male+Only
DS1007,SEPARATE_CONSERVATION_LAYER,CLOSED_SEPARATE_LAYER,no,"Conservation permit family; use separate conservation layer, not core-count inflation.",LIVE_2026_NOT_IN_2025_BIBLE,CONSERVATION_CURRENT_PLANNER,DS,,no,no,yes,yes,OK,LIVE_AND_DATABASE,LIVE_NO_QUOTA_DATABASE_PRESERVED,LIVE_DWR_NO_QUOTA_PUBLISHED,"San Rafael, South",Desert Bighorn Sheep,Male Only,Any Legal Weapon,Conservation,,,,1,0,1,no,no,yes,no,CONSERVATION_PERMITS_DIRECT,SOURCE_DIFFERS_FROM_CURRENT_RECONCILIATION,,REVIEW_REQUIRED,NONE_EXTERNAL_DATABASE_REFERENCE_ONLY,,FIND_EXTERNAL_SOURCE_BEFORE_PROMOTION,https://dwrapps.utah.gov/huntboundary/HuntTableData?species=Desert+Bighorn+Sheep&gender=Male+Only
DS6600,CORE_DRAW_RESULTS_CONTINUING,CLOSED_CORE,yes,Present in 2025 BIBLE and fresh 2026 DWR Hunt Planner table.,LIVE_2026_AND_2025_BIBLE,CONTINUITY,DS,2020|2021|2022|2023|2024|2025,yes,no,yes,yes,OK,LIVE_AND_DATABASE,MATCH,LIVE_DWR_RES_NR_SPLIT,Henry Mtns,Desert Bighorn Sheep,Male Only,Any Legal Weapon,Once-in-a-lifetime,3,0,3,3,0,3,no,no,no,no,,,,HIGH_CONFIRMED_2PLUS,HANUMBER,3,PROMOTE_CANDIDATE_AFTER_REVIEW,https://dwrapps.utah.gov/huntboundary/HuntTableData?species=Desert+Bighorn+Sheep&gender=Male+Only
DS6601,CORE_DRAW_RESULTS_CONTINUING,CLOSED_CORE,yes,Present in 2025 BIBLE and fresh 2026 DWR Hunt Planner table.,LIVE_2026_AND_2025_BIBLE,CONTINUITY,DS,2020|2021|2022|2023|2024|2025,yes,no,yes,yes,OK,LIVE_AND_DATABASE,MATCH,LIVE_DWR_RES_NR_SPLIT,"Kaiparowits, East",Desert Bighorn Sheep,Male Only,Any Legal Weapon,Once-in-a-lifetime,10,3,13,10,3,13,no,no,no,no,,,,REVIEW_SOURCE_CONFLICT,HANUMBER,13,REVIEW_BEFORE_PROMOTION,https://dwrapps.utah.gov/huntboundary/HuntTableData?species=Desert+Bighorn+Sheep&gender=Male+Only
DS6602,DATABASE_REFERENCE_NOT_LIVE_TABLE,REVIEW,no,Database row is not exposed by the fresh DWR live table; do not count as active core without source review.,DATABASE_NOT_IN_LIVE_TABLE,DATABASE_REFERENCE_OR_ARCHIVE_REVIEW,DS,2020|2021|2022|2023|2024,no,no,no,yes,OK,DATABASE_ONLY,DATABASE_ONLY,,"Kaiparowits, Escalante",Desert Bighorn Sheep,Male Only,Any Legal Weapon,Once-in-a-lifetime,,,,7,1,8,no,no,no,no,,,,MEDIUM_SINGLE_SOURCE,HANUMBER,8,PROMOTE_CANDIDATE_AFTER_REVIEW,
DS6603,CORE_DRAW_RESULTS_CONTINUING,CLOSED_CORE,yes,Present in 2025 BIBLE and fresh 2026 DWR Hunt Planner table.,LIVE_2026_AND_2025_BIBLE,CONTINUITY,DS,2020|2021|2022|2023|2024|2025,yes,no,yes,yes,OK,LIVE_AND_DATABASE,MATCH,LIVE_DWR_RES_NR_SPLIT,"Kaiparowits, West",Desert Bighorn Sheep,Male Only,Any Legal Weapon,Once-in-a-lifetime,3,1,4,3,1,4,no,no,no,no,,,,HIGH_CONFIRMED_2PLUS,HANUMBER,4,PROMOTE_CANDIDATE_AFTER_REVIEW,https://dwrapps.utah.gov/huntboundary/HuntTableData?species=Desert+Bighorn+Sheep&gender=Male+Only
DS6604,CORE_DRAW_RESULTS_CONTINUING,CLOSED_CORE,yes,Present in 2025 BIBLE and fresh 2026 DWR Hunt Planner table.,LIVE_2026_AND_2025_BIBLE,CONTINUITY,DS,2020|2021|2022|2023|2024|2025,yes,no,yes,yes,OK,LIVE_AND_DATABASE,MATCH,LIVE_DWR_RES_NR_SPLIT,"La Sal, Potash/South Cisco",Desert Bighorn Sheep,Male Only,Any Legal Weapon,Once-in-a-lifetime,8,0,8,8,0,8,no,no,no,no,,,,HIGH_CONFIRMED_2PLUS,HANUMBER,8,PROMOTE_CANDIDATE_AFTER_REVIEW,https://dwrapps.utah.gov/huntboundary/HuntTableData?species=Desert+Bighorn+Sheep&gender=Male+Only
DS6605,SEPARATE_CONSERVATION_LAYER,CLOSED_SEPARATE_LAYER,no,"Conservation permit family; use separate conservation layer, not core-count inflation.",LIVE_2026_NOT_IN_2025_BIBLE,CONSERVATION_CURRENT_PLANNER,DS,,no,no,yes,yes,OK,LIVE_AND_DATABASE,LIVE_NO_QUOTA_DATABASE_PRESERVED,LIVE_DWR_NO_QUOTA_PUBLISHED,"Pine Valley, Beaver Dam",Desert Bighorn Sheep,Male Only,Any Legal Weapon,Conservation,,,,1,0,1,no,no,yes,yes,CONSERVATION_PERMITS_DIRECT,SOURCE_TOTAL_MATCHES_DATABASE,,REVIEW_REQUIRED,NONE_EXTERNAL_DATABASE_REFERENCE_ONLY,,FIND_EXTERNAL_SOURCE_BEFORE_PROMOTION,https://dwrapps.utah.gov/huntboundary/HuntTableData?species=Desert+Bighorn+Sheep&gender=Male+Only
DS6606,CORE_DRAW_RESULTS_CONTINUING,CLOSED_CORE,yes,Present in 2025 BIBLE and fresh 2026 DWR Hunt Planner table.,LIVE_2026_AND_2025_BIBLE,CONTINUITY,DS,2020|2021|2022|2023|2024|2025,yes,no,yes,yes,OK,LIVE_AND_DATABASE,MATCH,LIVE_DWR_RES_NR_SPLIT,"San Juan, Lockhart",Desert Bighorn Sheep,Male Only,Any Legal Weapon,Once-in-a-lifetime,2,0,2,2,0,2,no,no,no,no,,,,HIGH_CONFIRMED_2PLUS,HANUMBER,2,PROMOTE_CANDIDATE_AFTER_REVIEW,https://dwrapps.utah.gov/huntboundary/HuntTableData?species=Desert+Bighorn+Sheep&gender=Male+Only
DS6607,CORE_DRAW_RESULTS_CONTINUING,CLOSED_CORE,yes,Present in 2025 BIBLE and fresh 2026 DWR Hunt Planner table.,LIVE_2026_AND_2025_BIBLE,CONTINUITY,DS,2020|2021|2022|2023|2024|2025,yes,no,yes,yes,OK,LIVE_AND_DATABASE,MATCH,LIVE_DWR_RES_NR_SPLIT,"San Juan, South",Desert Bighorn Sheep,Male Only,Any Legal Weapon,Once-in-a-lifetime,2,0,2,2,0,2,no,no,no,no,,,,HIGH_CONFIRMED_2PLUS,HANUMBER,2,PROMOTE_CANDIDATE_AFTER_REVIEW,https://dwrapps.utah.gov/huntboundary/HuntTableData?species=Desert+Bighorn+Sheep&gender=Male+Only
DS6608,CORE_DRAW_RESULTS_CONTINUING,CLOSED_CORE,yes,Present in 2025 BIBLE and fresh 2026 DWR Hunt Planner table.,LIVE_2026_AND_2025_BIBLE,CONTINUITY,DS,2020|2021|2022|2023|2024|2025,yes,no,yes,yes,OK,LIVE_AND_DATABASE,MATCH,LIVE_DWR_RES_NR_SPLIT,"San Rafael, Dirty Devil",Desert Bighorn Sheep,Male Only,Any Legal Weapon,Once-in-a-lifetime,3,1,4,3,1,4,no,no,no,no,,,,HIGH_CONFIRMED_2PLUS,HANUMBER,4,PROMOTE_CANDIDATE_AFTER_REVIEW,https://dwrapps.utah.gov/huntboundary/HuntTableData?species=Desert+Bighorn+Sheep&gender=Male+Only
DS6609,CORE_DRAW_RESULTS_CONTINUING,CLOSED_CORE,yes,Present in 2025 BIBLE and fresh 2026 DWR Hunt Planner table.,LIVE_2026_AND_2025_BIBLE,CONTINUITY,DS,2020|2021|2022|2023|2024|2025,yes,no,yes,yes,OK,LIVE_AND_DATABASE,MATCH,LIVE_DWR_RES_NR_SPLIT,"San Rafael, North",Desert Bighorn Sheep,Male Only,Any Legal Weapon,Once-in-a-lifetime,8,0,8,8,0,8,no,no,no,no,,,,REVIEW_SOURCE_CONFLICT,HANUMBER,8,REVIEW_BEFORE_PROMOTION,https://dwrapps.utah.gov/huntboundary/HuntTableData?species=Desert+Bighorn+Sheep&gender=Male+Only
DS6610,CORE_DRAW_RESULTS_CONTINUING,CLOSED_CORE,yes,Present in 2025 BIBLE and fresh 2026 DWR Hunt Planner table.,LIVE_2026_AND_2025_BIBLE,CONTINUITY,DS,2020|2021|2022|2023|2024|2025,yes,no,yes,yes,OK,LIVE_AND_DATABASE,MATCH,LIVE_DWR_RES_NR_SPLIT,"San Rafael, South",Desert Bighorn Sheep,Male Only,Any Legal Weapon,Once-in-a-lifetime,10,2,12,10,2,12,no,no,no,no,,,,HIGH_CONFIRMED_2PLUS,HANUMBER,12,PROMOTE_CANDIDATE_AFTER_REVIEW,https://dwrapps.utah.gov/huntboundary/HuntTableData?species=Desert+Bighorn+Sheep&gender=Male+Only
DS6611,CORE_DRAW_RESULTS_CONTINUING,CLOSED_CORE,yes,Present in 2025 BIBLE and fresh 2026 DWR Hunt Planner table.,LIVE_2026_AND_2025_BIBLE,CONTINUITY,DS,2020|2021|2022|2023|2024|2025,yes,no,yes,yes,OK,LIVE_AND_DATABASE,MATCH,LIVE_DWR_RES_NR_SPLIT,Zion,Desert Bighorn Sheep,Male Only,Any Legal Weapon,Once-in-a-lifetime,3,0,3,3,0,3,no,no,no,no,,,,HIGH_CONFIRMED_2PLUS,HANUMBER,3,PROMOTE_CANDIDATE_AFTER_REVIEW,https://dwrapps.utah.gov/huntboundary/HuntTableData?species=Desert+Bighorn+Sheep&gender=Male+Only
DS6612,HISTORICAL_LIBRARY_ONLY,CLOSED_HISTORICAL,no,Historical BIBLE-library code not part of current 2026 live table.,BIBLE_HISTORICAL_ONLY,HISTORICAL_LIBRARY,DS,2020|2021,no,no,no,no,,,,,,,,,,,,,,,,no,no,no,no,,,,,,,,
DS6619,HISTORICAL_LIBRARY_ONLY,CLOSED_HISTORICAL,no,Historical BIBLE-library code not part of current 2026 live table.,BIBLE_HISTORICAL_ONLY,HISTORICAL_LIBRARY,DS,2020,no,no,no,no,,,,,,,,,,,,,,,,no,no,no,no,,,,,,,,
DS6620,CORE_DRAW_RESULTS_CONTINUING,CLOSED_CORE,yes,Present in 2025 BIBLE and fresh 2026 DWR Hunt Planner table.,LIVE_2026_AND_2025_BIBLE,CONTINUITY,DS,2020|2021|2022|2023|2024|2025,yes,no,yes,yes,OK,LIVE_AND_DATABASE,MATCH,LIVE_DWR_RES_NR_SPLIT,"Pine Valley, Virgin River",Desert Bighorn Sheep,Male Only,Any Legal Weapon,Once-in-a-lifetime,3,0,3,3,0,3,no,no,no,no,,,,HIGH_CONFIRMED_2PLUS,HANUMBER,3,PROMOTE_CANDIDATE_AFTER_REVIEW,https://dwrapps.utah.gov/huntboundary/HuntTableData?species=Desert+Bighorn+Sheep&gender=Male+Only
DS6621,CORE_DRAW_RESULTS_CONTINUING,CLOSED_CORE,yes,Present in 2025 BIBLE and fresh 2026 DWR Hunt Planner table.,LIVE_2026_AND_2025_BIBLE,CONTINUITY,DS,2020|2021|2022|2023|2024|2025,yes,no,yes,yes,OK,LIVE_AND_DATABASE,MATCH,LIVE_DWR_RES_NR_SPLIT,"Pine Valley, Beaver Dam",Desert Bighorn Sheep,Male Only,Any Legal Weapon,Once-in-a-lifetime,2,0,2,2,0,2,no,no,no,no,,,,HIGH_CONFIRMED_2PLUS,HANUMBER,2,PROMOTE_CANDIDATE_AFTER_REVIEW,https://dwrapps.utah.gov/huntboundary/HuntTableData?species=Desert+Bighorn+Sheep&gender=Male+Only
DS6622,CORE_DRAW_RESULTS_CONTINUING,CLOSED_CORE,yes,Present in 2025 BIBLE and fresh 2026 DWR Hunt Planner table.,LIVE_2026_AND_2025_BIBLE,CONTINUITY,DS,2020|2021|2022|2023|2024|2025,yes,no,yes,yes,OK,LIVE_AND_DATABASE,MATCH,LIVE_DWR_RES_NR_SPLIT,"San Juan, North",Desert Bighorn Sheep,Male Only,Any Legal Weapon,Once-in-a-lifetime,3,0,3,3,0,3,no,no,no,no,,,,HIGH_CONFIRMED_2PLUS,HANUMBER,3,PROMOTE_CANDIDATE_AFTER_REVIEW,https://dwrapps.utah.gov/huntboundary/HuntTableData?species=Desert+Bighorn+Sheep&gender=Male+Only
DS6623,CORE_DRAW_RESULTS_CONTINUING,CLOSED_CORE,yes,Present in 2025 BIBLE and fresh 2026 DWR Hunt Planner table.,LIVE_2026_AND_2025_BIBLE,CONTINUITY,DS,2020|2021|2022|2023|2024|2025,yes,no,yes,yes,OK,LIVE_AND_DATABASE,MATCH,LIVE_DWR_RES_NR_SPLIT,"San Juan, San Juan River",Desert Bighorn Sheep,Male Only,Any Legal Weapon,Once-in-a-lifetime,2,0,2,2,0,2,no,no,no,no,,,,HIGH_CONFIRMED_2PLUS,HANUMBER,2,PROMOTE_CANDIDATE_AFTER_REVIEW,https://dwrapps.utah.gov/huntboundary/HuntTableData?species=Desert+Bighorn+Sheep&gender=Male+Only
DS6624,CORE_DRAW_RESULTS_CONTINUING,CLOSED_CORE,yes,Present in 2025 BIBLE and fresh 2026 DWR Hunt Planner table.,LIVE_2026_AND_2025_BIBLE,CONTINUITY,DS,2021|2022|2023|2024|2025,yes,no,yes,yes,OK,LIVE_AND_DATABASE,MATCH,LIVE_DWR_RES_NR_SPLIT,"San Rafael, Dirty Devil",Desert Bighorn Sheep,Male Only,Archery,Once-in-a-lifetime,2,0,2,2,0,2,no,no,no,no,,,,HIGH_CONFIRMED_2PLUS,HANUMBER,2,PROMOTE_CANDIDATE_AFTER_REVIEW,https://dwrapps.utah.gov/huntboundary/HuntTableData?species=Desert+Bighorn+Sheep&gender=Male+Only
DS6625,CORE_DRAW_RESULTS_CONTINUING,CLOSED_CORE,yes,Present in 2025 BIBLE and fresh 2026 DWR Hunt Planner table.,LIVE_2026_AND_2025_BIBLE,CONTINUITY,DS,2024|2025,yes,no,yes,yes,OK,LIVE_AND_DATABASE,MATCH,LIVE_DWR_RES_NR_SPLIT,Mineral Mtns,Desert Bighorn Sheep,Male Only,Any Legal Weapon,Once-in-a-lifetime,4,0,4,4,0,4,no,no,no,no,,,,HIGH_CONFIRMED_2PLUS,HANUMBER,4,PROMOTE_CANDIDATE_AFTER_REVIEW,https://dwrapps.utah.gov/huntboundary/HuntTableData?species=Desert+Bighorn+Sheep&gender=Male+Only
DS6626,CORE_DRAW_RESULTS_CONTINUING,CLOSED_CORE,yes,Present in 2025 BIBLE and fresh 2026 DWR Hunt Planner table.,LIVE_2026_AND_2025_BIBLE,CONTINUITY,DS,2025,yes,no,yes,yes,OK,LIVE_AND_DATABASE,MATCH,LIVE_DWR_RES_NR_SPLIT,"Escalante, East",Desert Bighorn Sheep,Male Only,Any Legal Weapon,Once-in-a-lifetime,5,2,7,5,2,7,no,no,no,no,,,,HIGH_CONFIRMED_2PLUS,HANUMBER,7,PROMOTE_CANDIDATE_AFTER_REVIEW,https://dwrapps.utah.gov/huntboundary/HuntTableData?species=Desert+Bighorn+Sheep&gender=Male+Only
DS6627,CORE_DRAW_RESULTS_CONTINUING,CLOSED_CORE,yes,Present in 2025 BIBLE and fresh 2026 DWR Hunt Planner table.,LIVE_2026_AND_2025_BIBLE,CONTINUITY,DS,2025,yes,no,yes,yes,OK,LIVE_AND_DATABASE,MATCH,LIVE_DWR_RES_NR_SPLIT,"Escalante, West",Desert Bighorn Sheep,Male Only,Any Legal Weapon,Once-in-a-lifetime,3,0,3,3,0,3,no,no,no,no,,,,HIGH_CONFIRMED_2PLUS,HANUMBER,3,PROMOTE_CANDIDATE_AFTER_REVIEW,https://dwrapps.utah.gov/huntboundary/HuntTableData?species=Desert+Bighorn+Sheep&gender=Male+Only
EA1004,HISTORICAL_LIBRARY_ONLY,CLOSED_HISTORICAL,no,Historical BIBLE-library code not part of current 2026 live table.,BIBLE_HISTORICAL_ONLY,HISTORICAL_LIBRARY,EA,2020|2021|2022,no,no,no,no,,,,,,,,,,,,,,,,no,no,no,no,,,,,,,,
EA1007,CURRENT_PLANNER_EXTRA_REVIEW,REVIEW,maybe,Fresh DWR current planner row not in 2025 BIBLE; unresolved source-family status.,LIVE_2026_NOT_IN_2025_BIBLE,OTHER_CURRENT_PLANNER_NOT_IN_2025_BIBLE,EA,2020|2021|2022,no,no,yes,no,,LIVE_ONLY,LIVE_ONLY,LIVE_DWR_RES_NR_SPLIT,"Box Elder, Grouse Creek",Elk,Antlerless,Any Legal Weapon,General Season,27,3,30,,,,no,no,no,no,,,,MEDIUM_SINGLE_SOURCE,HUNTTABLE,30,PROMOTE_CANDIDATE_AFTER_REVIEW,https://dwrapps.utah.gov/huntboundary/HuntTableData?species=Elk&gender=Antlerless
EA1008,HISTORICAL_LIBRARY_ONLY,CLOSED_HISTORICAL,no,Historical BIBLE-library code not part of current 2026 live table.,BIBLE_HISTORICAL_ONLY,HISTORICAL_LIBRARY,EA,2020|2021|2022,no,no,no,no,,,,,,,,,,,,,,,,no,no,no,no,,,,,,,,
EA1009,HISTORICAL_LIBRARY_ONLY,CLOSED_HISTORICAL,no,Historical BIBLE-library code not part of current 2026 live table.,BIBLE_HISTORICAL_ONLY,HISTORICAL_LIBRARY,EA,2020|2021|2022|2023,no,no,no,no,,,,,,,,,,,,,,,,no,no,no,no,,,,,,,,
EA1010,CORE_DRAW_RESULTS_CONTINUING,CLOSED_CORE,yes,Present in 2025 BIBLE and fresh 2026 DWR Hunt Planner table.,LIVE_2026_AND_2025_BIBLE,CONTINUITY,EA,2020|2021|2022|2023|2024|2025,yes,no,yes,yes,OK,LIVE_AND_DATABASE,NUMERIC_MISMATCH,LIVE_DWR_RES_NR_SPLIT,"Cache, Rich",Elk,Antlerless,Any Legal Weapon,General Season,31,4,35,18,2,20,no,no,no,no,,,,HIGH_CONFIRMED_2PLUS,HANUMBER,35,PROMOTE_CANDIDATE_AFTER_REVIEW,https://dwrapps.utah.gov/huntboundary/HuntTableData?species=Elk&gender=Antlerless
EA1011,CORE_DRAW_RESULTS_CONTINUING,CLOSED_CORE,yes,Present in 2025 BIBLE and fresh 2026 DWR Hunt Planner table.,LIVE_2026_AND_2025_BIBLE,CONTINUITY,EA,2020|2021|2022|2023|2024|2025,yes,no,yes,yes,OK,LIVE_AND_DATABASE,NUMERIC_MISMATCH,LIVE_DWR_RES_NR_SPLIT,"Cache, Richards Hollow",Elk,Antlerless,Any Legal Weapon,General Season,18,2,20,9,1,10,no,no,no,no,,,,HIGH_CONFIRMED_2PLUS,HANUMBER,20,PROMOTE_CANDIDATE_AFTER_REVIEW,https://dwrapps.utah.gov/huntboundary/HuntTableData?species=Elk&gender=Antlerless
EA1012,CORE_DRAW_RESULTS_CONTINUING,CLOSED_CORE,yes,Present in 2025 BIBLE and fresh 2026 DWR Hunt Planner table.,LIVE_2026_AND_2025_BIBLE,CONTINUITY,EA,2020|2021|2022|2023|2024|2025,yes,no,yes,yes,OK,LIVE_AND_DATABASE,MATCH,LIVE_DWR_RES_NR_SPLIT,"Cache, Richmond Hyde Park",Elk,Antlerless,Any Legal Weapon,General Season,4,1,5,4,1,5,no,no,no,no,,,,HIGH_CONFIRMED_2PLUS,HANUMBER,5,PROMOTE_CANDIDATE_AFTER_REVIEW,https://dwrapps.utah.gov/huntboundary/HuntTableData?species=Elk&gender=Antlerless
EA1013,CORE_DRAW_RESULTS_CONTINUING,CLOSED_CORE,yes,Present in 2025 BIBLE and fresh 2026 DWR Hunt Planner table.,LIVE_2026_AND_2025_BIBLE,CONTINUITY,EA,2020|2021|2022|2023|2024|2025,yes,no,yes,yes,OK,LIVE_AND_DATABASE,MATCH,LIVE_DWR_RES_NR_SPLIT,"Manti, Central",Elk,Antlerless,Any Legal Weapon,General Season,63,7,70,63,7,70,no,no,no,no,,,,HIGH_CONFIRMED_2PLUS,HANUMBER,70,PROMOTE_CANDIDATE_AFTER_REVIEW,https://dwrapps.utah.gov/huntboundary/HuntTableData?species=Elk&gender=Antlerless
EA1015,CORE_DRAW_RESULTS_CONTINUING,CLOSED_CORE,yes,Present in 2025 BIBLE and fresh 2026 DWR Hunt Planner table.,LIVE_2026_AND_2025_BIBLE,CONTINUITY,EA,2020|2021|2022|2023|2024|2025,yes,no,yes,yes,OK,LIVE_AND_DATABASE,MATCH,LIVE_DWR_RES_NR_SPLIT,"Manti, Ferron Canyon",Elk,Antlerless,Any Legal Weapon,General Season,63,7,70,63,7,70,no,no,no,no,,,,HIGH_CONFIRMED_2PLUS,HANUMBER,70,PROMOTE_CANDIDATE_AFTER_REVIEW,https://dwrapps.utah.gov/huntboundary/HuntTableData?species=Elk&gender=Antlerless
EA1017,CORE_DRAW_RESULTS_CONTINUING,CLOSED_CORE,yes,Present in 2025 BIBLE and fresh 2026 DWR Hunt Planner table.,LIVE_2026_AND_2025_BIBLE,CONTINUITY,EA,2020|2021|2022|2023|2024|2025,yes,no,yes,yes,OK,LIVE_AND_DATABASE,MATCH,LIVE_DWR_RES_NR_SPLIT,"Manti, Gordon Creek-Price Canyon",Elk,Antlerless,Any Legal Weapon,General Season,90,10,100,90,10,100,no,no,no,no,,,,HIGH_CONFIRMED_2PLUS,HANUMBER,100,PROMOTE_CANDIDATE_AFTER_REVIEW,https://dwrapps.utah.gov/huntboundary/HuntTableData?species=Elk&gender=Antlerless
EA1018,CORE_DRAW_RESULTS_CONTINUING,CLOSED_CORE,yes,Present in 2025 BIBLE and fresh 2026 DWR Hunt Planner table.,LIVE_2026_AND_2025_BIBLE,CONTINUITY,EA,2020|2021|2022|2023|2024|2025,yes,no,yes,yes,OK,LIVE_AND_DATABASE,MATCH,LIVE_DWR_RES_NR_SPLIT,"Manti, Horn Mtn",Elk,Antlerless,Any Legal Weapon,General Season,54,6,60,54,6,60,no,no,no,no,,,,HIGH_CONFIRMED_2PLUS,HANUMBER,60,PROMOTE_CANDIDATE_AFTER_REVIEW,https://dwrapps.utah.gov/huntboundary/HuntTableData?species=Elk&gender=Antlerless
EA1020,CORE_DRAW_RESULTS_CONTINUING,CLOSED_CORE,yes,Present in 2025 BIBLE and fresh 2026 DWR Hunt Planner table.,LIVE_2026_AND_2025_BIBLE,CONTINUITY,EA,2020|2021|2022|2023|2024|2025,yes,no,yes,yes,OK,LIVE_AND_DATABASE,MATCH,LIVE_DWR_RES_NR_SPLIT,"Manti, Mohrland-Stump Flat",Elk,Antlerless,Any Legal Weapon,General Season,108,12,120,108,12,120,no,no,no,no,,,,HIGH_CONFIRMED_2PLUS,HANUMBER,120,PROMOTE_CANDIDATE_AFTER_REVIEW,https://dwrapps.utah.gov/huntboundary/HuntTableData?species=Elk&gender=Antlerless
EA1021,CORE_DRAW_RESULTS_CONTINUING,CLOSED_CORE,yes,Present in 2025 BIBLE and fresh 2026 DWR Hunt Planner table.,LIVE_2026_AND_2025_BIBLE,CONTINUITY,EA,2020|2021|2022|2023|2024|2025,yes,no,yes,yes,OK,LIVE_AND_DATABASE,NUMERIC_MISMATCH,LIVE_DWR_RES_NR_SPLIT,Nebo,Elk,Antlerless,Any Legal Weapon,General Season,252,28,280,207,23,230,no,no,no,no,,,,HIGH_CONFIRMED_2PLUS,HANUMBER,280,PROMOTE_CANDIDATE_AFTER_REVIEW,https://dwrapps.utah.gov/huntboundary/HuntTableData?species=Elk&gender=Antlerless
EA1022,CORE_DRAW_RESULTS_CONTINUING,CLOSED_CORE,yes,Present in 2025 BIBLE and fresh 2026 DWR Hunt Planner table.,LIVE_2026_AND_2025_BIBLE,CONTINUITY,EA,2020|2021|2022|2023|2024|2025,yes,no,yes,yes,OK,LIVE_AND_DATABASE,MATCH,LIVE_DWR_RES_NR_SPLIT,"Manti, North",Elk,Antlerless,Any Legal Weapon,General Season,270,30,300,270,30,300,no,no,no,no,,,,HIGH_CONFIRMED_2PLUS,HANUMBER,300,PROMOTE_CANDIDATE_AFTER_REVIEW,https://dwrapps.utah.gov/huntboundary/HuntTableData?species=Elk&gender=Antlerless
EA1023,CORE_DRAW_RESULTS_CONTINUING,CLOSED_CORE,yes,Present in 2025 BIBLE and fresh 2026 DWR Hunt Planner table.,LIVE_2026_AND_2025_BIBLE,CONTINUITY,EA,2020|2021|2022|2023|2024|2025,yes,no,yes,yes,OK,LIVE_AND_DATABASE,MATCH,LIVE_DWR_RES_NR_SPLIT,"Manti, South",Elk,Antlerless,Any Legal Weapon,General Season,90,10,100,90,10,100,no,no,no,no,,,,HIGH_CONFIRMED_2PLUS,HANUMBER,100,PROMOTE_CANDIDATE_AFTER_REVIEW,https://dwrapps.utah.gov/huntboundary/HuntTableData?species=Elk&gender=Antlerless
EA1024,CORE_DRAW_RESULTS_CONTINUING,CLOSED_CORE,yes,Present in 2025 BIBLE and fresh 2026 DWR Hunt Planner table.,LIVE_2026_AND_2025_BIBLE,CONTINUITY,EA,2020|2021|2022|2023|2024|2025,yes,no,yes,yes,OK,LIVE_AND_DATABASE,MATCH,LIVE_DWR_RES_NR_SPLIT,"Manti, South",Elk,Antlerless,Any Legal Weapon,General Season,90,10,100,90,10,100,no,no,no,no,,,,HIGH_CONFIRMED_2PLUS,HANUMBER,100,PROMOTE_CANDIDATE_AFTER_REVIEW,https://dwrapps.utah.gov/huntboundary/HuntTableData?species=Elk&gender=Antlerless
EA1025,CORE_DRAW_RESULTS_CONTINUING,CLOSED_CORE,yes,Present in 2025 BIBLE and fresh 2026 DWR Hunt Planner table.,LIVE_2026_AND_2025_BIBLE,CONTINUITY,EA,2020|2021|2022|2023|2024|2025,yes,no,yes,yes,OK,LIVE_AND_DATABASE,MATCH,LIVE_DWR_RES_NR_SPLIT,"Manti, West",Elk,Antlerless,Any Legal Weapon,General Season,108,12,120,108,12,120,no,no,no,no,,,,HIGH_CONFIRMED_2PLUS,HANUMBER,120,PROMOTE_CANDIDATE_AFTER_REVIEW,https://dwrapps.utah.gov/huntboundary/HuntTableData?species=Elk&gender=Antlerless
EA1026,CORE_DRAW_RESULTS_CONTINUING,CLOSED_CORE,yes,Present in 2025 BIBLE and fresh 2026 DWR Hunt Planner table.,LIVE_2026_AND_2025_BIBLE,CONTINUITY,EA,2020|2021|2022|2023|2024|2025,yes,no,yes,yes,OK,LIVE_AND_DATABASE,MATCH,LIVE_DWR_RES_NR_SPLIT,Chalk Creek,Elk,Antlerless,Any Legal Weapon,General Season,315,35,350,315,35,350,no,no,no,no,,,,HIGH_CONFIRMED_2PLUS,HANUMBER,350,PROMOTE_CANDIDATE_AFTER_REVIEW,https://dwrapps.utah.gov/huntboundary/HuntTableData?species=Elk&gender=Antlerless
EA1027,HISTORICAL_LIBRARY_ONLY,CLOSED_HISTORICAL,no,Historical BIBLE-library code not part of current 2026 live table.,BIBLE_HISTORICAL_ONLY,HISTORICAL_LIBRARY,EA,2020,no,no,no,no,,,,,,,,,,,,,,,,no,no,no,no,,,,,,,,
EA1028,HISTORICAL_LIBRARY_ONLY,CLOSED_HISTORICAL,no,Historical BIBLE-library code not part of current 2026 live table.,BIBLE_HISTORICAL_ONLY,HISTORICAL_LIBRARY,EA,2020,no,no,no,no,,,,,,,,,,,,,,,,no,no,no,no,,,,,,,,
EA1029,HISTORICAL_LIBRARY_ONLY,CLOSED_HISTORICAL,no,Historical BIBLE-library code not part of current 2026 live table.,BIBLE_HISTORICAL_ONLY,HISTORICAL_LIBRARY,EA,2020,no,no,no,no,,,,,,,,,,,,,,,,no,no,no,no,,,,,,,,
EA1030,CORE_DRAW_RESULTS_CONTINUING,CLOSED_CORE,yes,Present in 2025 BIBLE and fresh 2026 DWR Hunt Planner table.,LIVE_2026_AND_2025_BIBLE,CONTINUITY,EA,2020|2021|2022|2023|2024|2025,yes,no,yes,yes,OK,LIVE_AND_DATABASE,MATCH,LIVE_DWR_RES_NR_SPLIT,"Fillmore, Pahvant",Elk,Antlerless,Any Legal Weapon,General Season,45,5,50,45,5,50,no,no,no,no,,,,HIGH_CONFIRMED_2PLUS,HANUMBER,50,PROMOTE_CANDIDATE_AFTER_REVIEW,https://dwrapps.utah.gov/huntboundary/HuntTableData?species=Elk&gender=Antlerless
EA1031,CORE_DRAW_RESULTS_CONTINUING,CLOSED_CORE,yes,Present in 2025 BIBLE and fresh 2026 DWR Hunt Planner table.,LIVE_2026_AND_2025_BIBLE,CONTINUITY,EA,2020|2021|2022|2023|2024|2025,yes,no,yes,yes,OK,LIVE_AND_DATABASE,MATCH,LIVE_DWR_RES_NR_SPLIT,"Fillmore, Pahvant",Elk,Antlerless,Any Legal Weapon,General Season,45,5,50,45,5,50,no,no,no,no,,,,HIGH_CONFIRMED_2PLUS,HANUMBER,50,PROMOTE_CANDIDATE_AFTER_REVIEW,https://dwrapps.utah.gov/huntboundary/HuntTableData?species=Elk&gender=Antlerless
EA1033,CORE_DRAW_RESULTS_CONTINUING,CLOSED_CORE,yes,Present in 2025 BIBLE and fresh 2026 DWR Hunt Planner table.,LIVE_2026_AND_2025_BIBLE,CONTINUITY,EA,2020|2021|2022|2023|2024|2025,yes,no,yes,yes,OK,LIVE_AND_DATABASE,NUMERIC_MISMATCH,LIVE_DWR_RES_NR_SPLIT,Kamas,Elk,Antlerless,Any Legal Weapon,General Season,90,10,100,112,13,125,no,no,no,no,,,,HIGH_CONFIRMED_2PLUS,HANUMBER,100,PROMOTE_CANDIDATE_AFTER_REVIEW,https://dwrapps.utah.gov/huntboundary/HuntTableData?species=Elk&gender=Antlerless
EA1034,HISTORICAL_LIBRARY_ONLY,CLOSED_HISTORICAL,no,Historical BIBLE-library code not part of current 2026 live table.,BIBLE_HISTORICAL_ONLY,HISTORICAL_LIBRARY,EA,2020|2021|2022,no,no,no,no,,,,,,,,,,,,,,,,no,no,no,no,,,,,,,,
EA1035,CORE_DRAW_RESULTS_CONTINUING,CLOSED_CORE,yes,Present in 2025 BIBLE and fresh 2026 DWR Hunt Planner table.,LIVE_2026_AND_2025_BIBLE,CONTINUITY,EA,2020|2021|2022|2023|2024|2025,yes,no,yes,yes,OK,LIVE_AND_DATABASE,NUMERIC_MISMATCH,LIVE_DWR_RES_NR_SPLIT,"Kamas, Oakley",Elk,Antlerless,Any Legal Weapon,General Season,90,10,100,112,13,125,no,no,no,no,,,,HIGH_CONFIRMED_2PLUS,HANUMBER,100,PROMOTE_CANDIDATE_AFTER_REVIEW,https://dwrapps.utah.gov/huntboundary/HuntTableData?species=Elk&gender=Antlerless
EA1037,CORE_DRAW_RESULTS_CONTINUING,CLOSED_CORE,yes,Present in 2025 BIBLE and fresh 2026 DWR Hunt Planner table.,LIVE_2026_AND_2025_BIBLE,CONTINUITY,EA,2020|2022|2023|2024|2025,yes,no,yes,yes,OK,LIVE_AND_DATABASE,MATCH,LIVE_DWR_RES_NR_SPLIT,"La Sal, Dolores Triangle",Elk,Antlerless,Any Legal Weapon,General Season,45,5,50,45,5,50,no,no,no,no,,,,HIGH_CONFIRMED_2PLUS,HANUMBER,50,PROMOTE_CANDIDATE_AFTER_REVIEW,https://dwrapps.utah.gov/huntboundary/HuntTableData?species=Elk&gender=Antlerless
EA1038,CORE_DRAW_RESULTS_CONTINUING,CLOSED_CORE,yes,Present in 2025 BIBLE and fresh 2026 DWR Hunt Planner table.,LIVE_2026_AND_2025_BIBLE,CONTINUITY,EA,2020|2021|2022|2023|2024|2025,yes,no,yes,yes,OK,LIVE_AND_DATABASE,MATCH,LIVE_DWR_RES_NR_SPLIT,La Sal Mtns,Elk,Antlerless,Any Legal Weapon,General Season,180,20,200,180,20,200,no,no,no,no,,,,HIGH_CONFIRMED_2PLUS,HANUMBER,200,PROMOTE_CANDIDATE_AFTER_REVIEW,https://dwrapps.utah.gov/huntboundary/HuntTableData?species=Elk&gender=Antlerless
EA1039,CORE_DRAW_RESULTS_CONTINUING,CLOSED_CORE,yes,Present in 2025 BIBLE and fresh 2026 DWR Hunt Planner table.,LIVE_2026_AND_2025_BIBLE,CONTINUITY,EA,2020|2021|2022|2023|2024|2025,yes,no,yes,yes,OK,LIVE_AND_DATABASE,MATCH,LIVE_DWR_RES_NR_SPLIT,La Sal Mtns,Elk,Antlerless,Any Legal Weapon,General Season,135,15,150,135,15,150,no,no,no,no,,,,HIGH_CONFIRMED_2PLUS,HANUMBER,150,PROMOTE_CANDIDATE_AFTER_REVIEW,https://dwrapps.utah.gov/huntboundary/HuntTableData?species=Elk&gender=Antlerless
EA1040,DATABASE_REFERENCE_NOT_LIVE_TABLE,REVIEW,no,Database row is not exposed by the fresh DWR live table; do not count as active core without source review.,DATABASE_NOT_IN_LIVE_TABLE,DATABASE_REFERENCE_OR_ARCHIVE_REVIEW,EA,2020|2021|2022|2023|2024,no,no,no,yes,OK,DATABASE_ONLY,DATABASE_ONLY,,"Monroe, Koosharem Valley",Elk,Antlerless,Any Legal Weapon,General Season,,,,7,1,8,no,no,no,no,,,,MEDIUM_SINGLE_SOURCE,HANUMBER,8,PROMOTE_CANDIDATE_AFTER_REVIEW,
EA1044,CORE_DRAW_RESULTS_CONTINUING,CLOSED_CORE,yes,Present in 2025 BIBLE and fresh 2026 DWR Hunt Planner table.,LIVE_2026_AND_2025_BIBLE,CONTINUITY,EA,2020|2021|2022|2023|2024|2025,yes,no,yes,yes,OK,LIVE_AND_DATABASE,MATCH,LIVE_DWR_RES_NR_SPLIT,"Morgan-South Rich, South Rich",Elk,Antlerless,Any Legal Weapon,General Season,31,4,35,31,4,35,no,no,no,no,,,,HIGH_CONFIRMED_2PLUS,HANUMBER,35,PROMOTE_CANDIDATE_AFTER_REVIEW,https://dwrapps.utah.gov/huntboundary/HuntTableData?species=Elk&gender=Antlerless
EA1049,CORE_DRAW_RESULTS_CONTINUING,CLOSED_CORE,yes,Present in 2025 BIBLE and fresh 2026 DWR Hunt Planner table.,LIVE_2026_AND_2025_BIBLE,CONTINUITY,EA,2020|2021|2022|2023|2024|2025,yes,no,yes,yes,OK,LIVE_AND_DATABASE,MATCH,LIVE_DWR_RES_NR_SPLIT,"Mt Dutton, Deep Creek",Elk,Antlerless,Any Legal Weapon,General Season,67,8,75,67,8,75,no,no,no,no,,,,HIGH_CONFIRMED_2PLUS,HANUMBER,75,PROMOTE_CANDIDATE_AFTER_REVIEW,https://dwrapps.utah.gov/huntboundary/HuntTableData?species=Elk&gender=Antlerless
EA1052,HISTORICAL_LIBRARY_ONLY,CLOSED_HISTORICAL,no,Historical BIBLE-library code not part of current 2026 live table.,BIBLE_HISTORICAL_ONLY,HISTORICAL_LIBRARY,EA,2020|2021|2022|2023,no,no,no,no,,,,,,,,,,,,,,,,no,no,no,no,,,,,,,,
EA1053,CURRENT_PLANNER_EXTRA_REVIEW,REVIEW,maybe,Fresh DWR current planner row not in 2025 BIBLE; unresolved source-family status.,LIVE_2026_NOT_IN_2025_BIBLE,OTHER_CURRENT_PLANNER_NOT_IN_2025_BIBLE,EA,,no,no,yes,no,,LIVE_ONLY,LIVE_ONLY,LIVE_DWR_RES_NR_SPLIT,"Nine Mile, West Anthro",Elk,Antlerless,Any Legal Weapon,General Season,45,5,50,,,,no,no,no,no,,,,MEDIUM_SINGLE_SOURCE,HUNTTABLE,50,PROMOTE_CANDIDATE_AFTER_REVIEW,https://dwrapps.utah.gov/huntboundary/HuntTableData?species=Elk&gender=Antlerless
EA1054,CORE_DRAW_RESULTS_CONTINUING,CLOSED_CORE,yes,Present in 2025 BIBLE and fresh 2026 DWR Hunt Planner table.,LIVE_2026_AND_2025_BIBLE,CONTINUITY,EA,2020|2021|2022|2023|2024|2025,yes,no,yes,yes,OK,LIVE_AND_DATABASE,NUMERIC_MISMATCH,LIVE_DWR_RES_NR_SPLIT,"Nine Mile, West Anthro",Elk,Antlerless,Any Legal Weapon,General Season,90,10,100,45,5,50,no,no,no,no,,,,HIGH_CONFIRMED_2PLUS,HANUMBER,100,PROMOTE_CANDIDATE_AFTER_REVIEW,https://dwrapps.utah.gov/huntboundary/HuntTableData?species=Elk&gender=Antlerless
EA1055,HISTORICAL_LIBRARY_ONLY,CLOSED_HISTORICAL,no,Historical BIBLE-library code not part of current 2026 live table.,BIBLE_HISTORICAL_ONLY,HISTORICAL_LIBRARY,EA,2020|2021,no,no,no,no,,,,,,,,,,,,,,,,no,no,no,no,,,,,,,,
EA1056,CORE_DRAW_RESULTS_CONTINUING,CLOSED_CORE,yes,Present in 2025 BIBLE and fresh 2026 DWR Hunt Planner table.,LIVE_2026_AND_2025_BIBLE,CONTINUITY,EA,2020|2021|2022|2023|2024|2025,yes,no,yes,yes,OK,LIVE_AND_DATABASE,MATCH,LIVE_DWR_RES_NR_SPLIT,"North Slope, Greendale",Elk,Antlerless,Any Legal Weapon,General Season,4,1,5,4,1,5,no,no,no,no,,,,HIGH_CONFIRMED_2PLUS,HANUMBER,5,PROMOTE_CANDIDATE_AFTER_REVIEW,https://dwrapps.utah.gov/huntboundary/HuntTableData?species=Elk&gender=Antlerless
EA1058,CORE_DRAW_RESULTS_CONTINUING,CLOSED_CORE,yes,Present in 2025 BIBLE and fresh 2026 DWR Hunt Planner table.,LIVE_2026_AND_2025_BIBLE,CONTINUITY,EA,2020|2021|2022|2023|2024|2025,yes,no,yes,yes,OK,LIVE_AND_DATABASE,MATCH,LIVE_DWR_RES_NR_SPLIT,"North Slope, Henry's Fork-Burnt Fork",Elk,Antlerless,Any Legal Weapon,General Season,90,10,100,90,10,100,no,no,no,no,,,,HIGH_CONFIRMED_2PLUS,HANUMBER,100,PROMOTE_CANDIDATE_AFTER_REVIEW,https://dwrapps.utah.gov/huntboundary/HuntTableData?species=Elk&gender=Antlerless
EA1060,CORE_DRAW_RESULTS_CONTINUING,CLOSED_CORE,yes,Present in 2025 BIBLE and fresh 2026 DWR Hunt Planner table.,LIVE_2026_AND_2025_BIBLE,CONTINUITY,EA,2020|2021|2022|2023|2024|2025,yes,no,yes,yes,OK,LIVE_AND_DATABASE,MATCH,LIVE_DWR_RES_NR_SPLIT,"North Slope, West Daggett",Elk,Antlerless,Muzzleloader,General Season,18,2,20,18,2,20,no,no,no,no,,,,HIGH_CONFIRMED_2PLUS,HANUMBER,20,PROMOTE_CANDIDATE_AFTER_REVIEW,https://dwrapps.utah.gov/huntboundary/HuntTableData?species=Elk&gender=Antlerless
EA1061,CORE_DRAW_RESULTS_CONTINUING,CLOSED_CORE,yes,Present in 2025 BIBLE and fresh 2026 DWR Hunt Planner table.,LIVE_2026_AND_2025_BIBLE,CONTINUITY,EA,2020|2021|2022|2023|2024|2025,yes,no,yes,yes,OK,LIVE_AND_DATABASE,MATCH,LIVE_DWR_RES_NR_SPLIT,"North Slope, West Daggett",Elk,Antlerless,Muzzleloader,General Season,18,2,20,18,2,20,no,no,no,no,,,,HIGH_CONFIRMED_2PLUS,HANUMBER,20,PROMOTE_CANDIDATE_AFTER_REVIEW,https://dwrapps.utah.gov/huntboundary/HuntTableData?species=Elk&gender=Antlerless
EA1063,CORE_DRAW_RESULTS_CONTINUING,CLOSED_CORE,yes,Present in 2025 BIBLE and fresh 2026 DWR Hunt Planner table.,LIVE_2026_AND_2025_BIBLE,CONTINUITY,EA,2020|2021|2022|2023|2024|2025,yes,no,yes,yes,OK,LIVE_AND_DATABASE,NUMERIC_MISMATCH,LIVE_DWR_RES_NR_SPLIT,Ogden,Elk,Antlerless,Any Legal Weapon,General Season,90,10,100,67,8,75,no,no,no,no,,,,HIGH_CONFIRMED_2PLUS,HANUMBER,100,PROMOTE_CANDIDATE_AFTER_REVIEW,https://dwrapps.utah.gov/huntboundary/HuntTableData?species=Elk&gender=Antlerless
EA1064,CORE_DRAW_RESULTS_CONTINUING,CLOSED_CORE,yes,Present in 2025 BIBLE and fresh 2026 DWR Hunt Planner table.,LIVE_2026_AND_2025_BIBLE,CONTINUITY,EA,2020|2021|2022|2023|2024|2025,yes,no,yes,yes,OK,LIVE_AND_DATABASE,MATCH,LIVE_DWR_RES_NR_SPLIT,Ogden,Elk,Antlerless,Any Legal Weapon,General Season,67,8,75,67,8,75,no,no,no,no,,,,HIGH_CONFIRMED_2PLUS,HANUMBER,75,PROMOTE_CANDIDATE_AFTER_REVIEW,https://dwrapps.utah.gov/huntboundary/HuntTableData?species=Elk&gender=Antlerless
EA1066,HISTORICAL_LIBRARY_ONLY,CLOSED_HISTORICAL,no,Historical BIBLE-library code not part of current 2026 live table.,BIBLE_HISTORICAL_ONLY,HISTORICAL_LIBRARY,EA,2020|2021,no,no,no,no,,,,,,,,,,,,,,,,no,no,no,no,,,,,,,,
EA1067,HISTORICAL_LIBRARY_ONLY,CLOSED_HISTORICAL,no,Historical BIBLE-library code not part of current 2026 live table.,BIBLE_HISTORICAL_ONLY,HISTORICAL_LIBRARY,EA,2020|2021,no,no,no,no,,,,,,,,,,,,,,,,no,no,no,no,,,,,,,,
EA1068,HISTORICAL_LIBRARY_ONLY,CLOSED_HISTORICAL,no,Historical BIBLE-library code not part of current 2026 live table.,BIBLE_HISTORICAL_ONLY,HISTORICAL_LIBRARY,EA,2020|2021,no,no,no,no,,,,,,,,,,,,,,,,no,no,no,no,,,,,,,,
EA1069,CORE_DRAW_RESULTS_CONTINUING,CLOSED_CORE,yes,Present in 2025 BIBLE and fresh 2026 DWR Hunt Planner table.,LIVE_2026_AND_2025_BIBLE,CONTINUITY,EA,2020|2021|2022|2023|2024|2025,yes,no,yes,yes,OK,LIVE_AND_DATABASE,NUMERIC_MISMATCH,LIVE_DWR_RES_NR_SPLIT,Panguitch Lake,Elk,Antlerless,Any Legal Weapon,General Season,22,3,25,31,4,35,no,no,no,no,,,,HIGH_CONFIRMED_2PLUS,HANUMBER,25,PROMOTE_CANDIDATE_AFTER_REVIEW,https://dwrapps.utah.gov/huntboundary/HuntTableData?species=Elk&gender=Antlerless
EA1073,CORE_DRAW_RESULTS_CONTINUING,CLOSED_CORE,yes,Present in 2025 BIBLE and fresh 2026 DWR Hunt Planner table.,LIVE_2026_AND_2025_BIBLE,CONTINUITY,EA,2020|2021|2022|2023|2024|2025,yes,no,yes,yes,OK,LIVE_AND_DATABASE,MATCH,LIVE_DWR_RES_NR_SPLIT,Paunsaugunt,Elk,Antlerless,Any Legal Weapon,General Season,18,2,20,18,2,20,no,no,no,no,,,,HIGH_CONFIRMED_2PLUS,HANUMBER,20,PROMOTE_CANDIDATE_AFTER_REVIEW,https://dwrapps.utah.gov/huntboundary/HuntTableData?species=Elk&gender=Antlerless
EA1074,DATABASE_REFERENCE_NOT_LIVE_TABLE,REVIEW,no,Database row is not exposed by the fresh DWR live table; do not count as active core without source review.,DATABASE_NOT_IN_LIVE_TABLE,DATABASE_REFERENCE_OR_ARCHIVE_REVIEW,EA,2020|2021|2022|2023|2024,no,no,no,yes,OK,DATABASE_ONLY,DATABASE_ONLY,,Pine Valley,Elk,Antlerless,Any Legal Weapon,General Season,,,,4,1,5,no,no,no,no,,,,MEDIUM_SINGLE_SOURCE,HANUMBER,5,PROMOTE_CANDIDATE_AFTER_REVIEW,
EA1075,CORE_DRAW_RESULTS_CONTINUING,CLOSED_CORE,yes,Present in 2025 BIBLE and fresh 2026 DWR Hunt Planner table.,LIVE_2026_AND_2025_BIBLE,CONTINUITY,EA,2020|2021|2022|2023|2024|2025,yes,no,yes,yes,OK,LIVE_AND_DATABASE,MATCH,LIVE_DWR_RES_NR_SPLIT,Boulder East,Elk,Antlerless,Any Legal Weapon,General Season,45,5,50,45,5,50,no,no,no,no,,,,HIGH_CONFIRMED_2PLUS,HANUMBER,50,PROMOTE_CANDIDATE_AFTER_REVIEW,https://dwrapps.utah.gov/huntboundary/HuntTableData?species=Elk&gender=Antlerless
EA1076,CORE_DRAW_RESULTS_CONTINUING,CLOSED_CORE,yes,Present in 2025 BIBLE and fresh 2026 DWR Hunt Planner table.,LIVE_2026_AND_2025_BIBLE,CONTINUITY,EA,2020|2021|2022|2023|2024|2025,yes,no,yes,yes,OK,LIVE_AND_DATABASE,MATCH,LIVE_DWR_RES_NR_SPLIT,Boulder West,Elk,Antlerless,Any Legal Weapon,General Season,45,5,50,45,5,50,no,no,no,no,,,,HIGH_CONFIRMED_2PLUS,HANUMBER,50,PROMOTE_CANDIDATE_AFTER_REVIEW,https://dwrapps.utah.gov/huntboundary/HuntTableData?species=Elk&gender=Antlerless
EA1077,CORE_DRAW_RESULTS_CONTINUING,CLOSED_CORE,yes,Present in 2025 BIBLE and fresh 2026 DWR Hunt Planner table.,LIVE_2026_AND_2025_BIBLE,CONTINUITY,EA,2020|2021|2022|2023|2024|2025,yes,no,yes,yes,OK,LIVE_AND_DATABASE,MATCH,LIVE_DWR_RES_NR_SPLIT,Boulder-Circle Cliffs,Elk,Antlerless,Any Legal Weapon,General Season,27,3,30,27,3,30,no,no,no,no,,,,HIGH_CONFIRMED_2PLUS,HANUMBER,30,PROMOTE_CANDIDATE_AFTER_REVIEW,https://dwrapps.utah.gov/huntboundary/HuntTableData?species=Elk&gender=Antlerless
EA1078,CORE_DRAW_RESULTS_CONTINUING,CLOSED_CORE,yes,Present in 2025 BIBLE and fresh 2026 DWR Hunt Planner table.,LIVE_2026_AND_2025_BIBLE,CONTINUITY,EA,2020|2021|2022|2023|2024|2025,yes,no,yes,yes,OK,LIVE_AND_DATABASE,MATCH,LIVE_DWR_RES_NR_SPLIT,Fishlake/Thousand Lakes,Elk,Antlerless,Any Legal Weapon,General Season,243,27,270,243,27,270,no,no,no,no,,,,HIGH_CONFIRMED_2PLUS,HANUMBER,270,PROMOTE_CANDIDATE_AFTER_REVIEW,https://dwrapps.utah.gov/huntboundary/HuntTableData?species=Elk&gender=Antlerless
EA1079,CORE_DRAW_RESULTS_CONTINUING,CLOSED_CORE,yes,Present in 2025 BIBLE and fresh 2026 DWR Hunt Planner table.,LIVE_2026_AND_2025_BIBLE,CONTINUITY,EA,2020|2021|2022|2023|2024|2025,yes,no,yes,yes,OK,LIVE_AND_DATABASE,MATCH,LIVE_DWR_RES_NR_SPLIT,Fishlake/Thousand Lakes East,Elk,Antlerless,Any Legal Weapon,General Season,58,7,65,58,7,65,no,no,no,no,,,,HIGH_CONFIRMED_2PLUS,HANUMBER,65,PROMOTE_CANDIDATE_AFTER_REVIEW,https://dwrapps.utah.gov/huntboundary/HuntTableData?species=Elk&gender=Antlerless
EA1080,CORE_DRAW_RESULTS_CONTINUING,CLOSED_CORE,yes,Present in 2025 BIBLE and fresh 2026 DWR Hunt Planner table.,LIVE_2026_AND_2025_BIBLE,CONTINUITY,EA,2020|2021|2022|2023|2024|2025,yes,no,yes,yes,OK,LIVE_AND_DATABASE,MATCH,LIVE_DWR_RES_NR_SPLIT,Fishlake/Thousand Lakes West,Elk,Antlerless,Any Legal Weapon,General Season,54,6,60,54,6,60,no,no,no,no,,,,HIGH_CONFIRMED_2PLUS,HANUMBER,60,PROMOTE_CANDIDATE_AFTER_REVIEW,https://dwrapps.utah.gov/huntboundary/HuntTableData?species=Elk&gender=Antlerless
EA1081,CORE_DRAW_RESULTS_CONTINUING,CLOSED_CORE,yes,Present in 2025 BIBLE and fresh 2026 DWR Hunt Planner table.,LIVE_2026_AND_2025_BIBLE,CONTINUITY,EA,2020|2021|2022|2023|2024|2025,yes,no,yes,yes,OK,LIVE_AND_DATABASE,MATCH,LIVE_DWR_RES_NR_SPLIT,San Juan,Elk,Antlerless,Any Legal Weapon,General Season,112,13,125,112,13,125,no,no,no,no,,,,HIGH_CONFIRMED_2PLUS,HANUMBER,125,PROMOTE_CANDIDATE_AFTER_REVIEW,https://dwrapps.utah.gov/huntboundary/HuntTableData?species=Elk&gender=Antlerless
EA1082,CORE_DRAW_RESULTS_CONTINUING,CLOSED_CORE,yes,Present in 2025 BIBLE and fresh 2026 DWR Hunt Planner table.,LIVE_2026_AND_2025_BIBLE,CONTINUITY,EA,2021|2022|2023|2024|2025,yes,no,yes,yes,OK,LIVE_AND_DATABASE,MATCH,LIVE_DWR_RES_NR_SPLIT,San Juan,Elk,Antlerless,Any Legal Weapon,General Season,112,13,125,112,13,125,no,no,no,no,,,,HIGH_CONFIRMED_2PLUS,HANUMBER,125,PROMOTE_CANDIDATE_AFTER_REVIEW,https://dwrapps.utah.gov/huntboundary/HuntTableData?species=Elk&gender=Antlerless
EA1084,CORE_DRAW_RESULTS_CONTINUING,CLOSED_CORE,yes,Present in 2025 BIBLE and fresh 2026 DWR Hunt Planner table.,LIVE_2026_AND_2025_BIBLE,CONTINUITY,EA,2020|2021|2022|2023|2024|2025,yes,no,yes,yes,OK,LIVE_AND_DATABASE,MATCH,LIVE_DWR_RES_NR_SPLIT,"San Rafael, North",Elk,Antlerless,Any Legal Weapon,General Season,4,1,5,4,1,5,no,no,no,no,,,,HIGH_CONFIRMED_2PLUS,HANUMBER,5,PROMOTE_CANDIDATE_AFTER_REVIEW,https://dwrapps.utah.gov/huntboundary/HuntTableData?species=Elk&gender=Antlerless
EA1085,CORE_DRAW_RESULTS_CONTINUING,CLOSED_CORE,yes,Present in 2025 BIBLE and fresh 2026 DWR Hunt Planner table.,LIVE_2026_AND_2025_BIBLE,CONTINUITY,EA,2020|2021|2022|2023|2024|2025,yes,no,yes,yes,OK,LIVE_AND_DATABASE,MATCH,LIVE_DWR_RES_NR_SPLIT,Vernal/Bonanza,Elk,Antlerless,Archery,General Season,90,10,100,90,10,100,no,no,no,no,,,,HIGH_CONFIRMED_2PLUS,HANUMBER,100,PROMOTE_CANDIDATE_AFTER_REVIEW,https://dwrapps.utah.gov/huntboundary/HuntTableData?species=Elk&gender=Antlerless
EA1087,CORE_DRAW_RESULTS_CONTINUING,CLOSED_CORE,yes,Present in 2025 BIBLE and fresh 2026 DWR Hunt Planner table.,LIVE_2026_AND_2025_BIBLE,CONTINUITY,EA,2020|2021|2022|2023|2024|2025,yes,no,yes,yes,OK,LIVE_AND_DATABASE,MATCH,LIVE_DWR_RES_NR_SPLIT,Bonanza/Vernal,Elk,Antlerless,Any Legal Weapon,General Season,90,10,100,90,10,100,no,no,no,no,,,,HIGH_CONFIRMED_2PLUS,HANUMBER,100,PROMOTE_CANDIDATE_AFTER_REVIEW,https://dwrapps.utah.gov/huntboundary/HuntTableData?species=Elk&gender=Antlerless
EA1089,CORE_DRAW_RESULTS_CONTINUING,CLOSED_CORE,yes,Present in 2025 BIBLE and fresh 2026 DWR Hunt Planner table.,LIVE_2026_AND_2025_BIBLE,CONTINUITY,EA,2020|2021|2022|2023|2024|2025,yes,no,yes,yes,OK,LIVE_AND_DATABASE,MATCH,LIVE_DWR_RES_NR_SPLIT,Diamond Mtn,Elk,Antlerless,Any Legal Weapon,General Season,45,5,50,45,5,50,no,no,no,no,,,,HIGH_CONFIRMED_2PLUS,HANUMBER,50,PROMOTE_CANDIDATE_AFTER_REVIEW,https://dwrapps.utah.gov/huntboundary/HuntTableData?species=Elk&gender=Antlerless
EA1090,CORE_DRAW_RESULTS_CONTINUING,CLOSED_CORE,yes,Present in 2025 BIBLE and fresh 2026 DWR Hunt Planner table.,LIVE_2026_AND_2025_BIBLE,CONTINUITY,EA,2020|2021|2022|2023|2024|2025,yes,no,yes,yes,OK,LIVE_AND_DATABASE,MATCH,LIVE_DWR_RES_NR_SPLIT,Diamond Mtn,Elk,Antlerless,Any Legal Weapon,General Season,45,5,50,45,5,50,no,no,no,no,,,,HIGH_CONFIRMED_2PLUS,HANUMBER,50,PROMOTE_CANDIDATE_AFTER_REVIEW,https://dwrapps.utah.gov/huntboundary/HuntTableData?species=Elk&gender=Antlerless
EA1091,HISTORICAL_LIBRARY_ONLY,CLOSED_HISTORICAL,no,Historical BIBLE-library code not part of current 2026 live table.,BIBLE_HISTORICAL_ONLY,HISTORICAL_LIBRARY,EA,2020|2021|2022|2023,no,no,no,no,,,,,,,,,,,,,,,,no,no,no,no,,,,,,,,
EA1092,HISTORICAL_LIBRARY_ONLY,CLOSED_HISTORICAL,no,Historical BIBLE-library code not part of current 2026 live table.,BIBLE_HISTORICAL_ONLY,HISTORICAL_LIBRARY,EA,2020,no,no,no,no,,,,,,,,,,,,,,,,no,no,no,no,,,,,,,,
EA1093,HISTORICAL_LIBRARY_ONLY,CLOSED_HISTORICAL,no,Historical BIBLE-library code not part of current 2026 live table.,BIBLE_HISTORICAL_ONLY,HISTORICAL_LIBRARY,EA,2020,no,no,no,no,,,,,,,,,,,,,,,,no,no,no,no,,,,,,,,
EA1094,CORE_DRAW_RESULTS_CONTINUING,CLOSED_CORE,yes,Present in 2025 BIBLE and fresh 2026 DWR Hunt Planner table.,LIVE_2026_AND_2025_BIBLE,CONTINUITY,EA,2020|2021|2022|2023|2024|2025,yes,no,yes,yes,OK,LIVE_AND_DATABASE,MATCH,LIVE_DWR_RES_NR_SPLIT,"Vernal, Mosby Mtn",Elk,Antlerless,Any Legal Weapon,General Season,90,10,100,90,10,100,no,no,no,no,,,,HIGH_CONFIRMED_2PLUS,HANUMBER,100,PROMOTE_CANDIDATE_AFTER_REVIEW,https://dwrapps.utah.gov/huntboundary/HuntTableData?species=Elk&gender=Antlerless
EA1098,HISTORICAL_LIBRARY_ONLY,CLOSED_HISTORICAL,no,Historical BIBLE-library code not part of current 2026 live table.,BIBLE_HISTORICAL_ONLY,HISTORICAL_LIBRARY,EA,2020|2021|2022|2023,no,no,no,no,,,,,,,,,,,,,,,,no,no,no,no,,,,,,,,
EA1099,HISTORICAL_LIBRARY_ONLY,CLOSED_HISTORICAL,no,Historical BIBLE-library code not part of current 2026 live table.,BIBLE_HISTORICAL_ONLY,HISTORICAL_LIBRARY,EA,2020|2021|2022|2023,no,no,no,no,,,,,,,,,,,,,,,,no,no,no,no,,,,,,,,
EA1100,HISTORICAL_LIBRARY_ONLY,CLOSED_HISTORICAL,no,Historical BIBLE-library code not part of current 2026 live table.,BIBLE_HISTORICAL_ONLY,HISTORICAL_LIBRARY,EA,2020|2021|2022|2023,no,no,no,no,,,,,,,,,,,,,,,,no,no,no,no,,,,,,,,
EA1101,CORE_DRAW_RESULTS_CONTINUING,CLOSED_CORE,yes,Present in 2025 BIBLE and fresh 2026 DWR Hunt Planner table.,LIVE_2026_AND_2025_BIBLE,CONTINUITY,EA,2020|2021|2022|2023|2024|2025,yes,no,yes,yes,OK,LIVE_AND_DATABASE,MATCH,LIVE_DWR_RES_NR_SPLIT,Southwest Desert,Elk,Antlerless,Any Legal Weapon,General Season,90,10,100,90,10,100,no,no,no,no,,,,HIGH_CONFIRMED_2PLUS,HANUMBER,100,PROMOTE_CANDIDATE_AFTER_REVIEW,https://dwrapps.utah.gov/huntboundary/HuntTableData?species=Elk&gender=Antlerless
EA1102,HISTORICAL_LIBRARY_ONLY,CLOSED_HISTORICAL,no,Historical BIBLE-library code not part of current 2026 live table.,BIBLE_HISTORICAL_ONLY,HISTORICAL_LIBRARY,EA,2020,no,no,no,no,,,,,,,,,,,,,,,,no,no,no,no,,,,,,,,
EA1103,HISTORICAL_LIBRARY_ONLY,CLOSED_HISTORICAL,no,Historical BIBLE-library code not part of current 2026 live table.,BIBLE_HISTORICAL_ONLY,HISTORICAL_LIBRARY,EA,2020,no,no,no,no,,,,,,,,,,,,,,,,no,no,no,no,,,,,,,,
EA1104,HISTORICAL_LIBRARY_ONLY,CLOSED_HISTORICAL,no,Historical BIBLE-library code not part of current 2026 live table.,BIBLE_HISTORICAL_ONLY,HISTORICAL_LIBRARY,EA,2020,no,no,no,no,,,,,,,,,,,,,,,,no,no,no,no,,,,,,,,
EA1106,CORE_DRAW_RESULTS_CONTINUING,CLOSED_CORE,yes,Present in 2025 BIBLE and fresh 2026 DWR Hunt Planner table.,LIVE_2026_AND_2025_BIBLE,CONTINUITY,EA,2024|2025,yes,no,yes,yes,OK,LIVE_AND_DATABASE,MATCH,LIVE_DWR_RES_NR_SPLIT,"Wasatch Mtns, Avintaquin",Elk,Antlerless,Any Legal Weapon,General Season,180,20,200,180,20,200,no,no,no,no,,,,HIGH_CONFIRMED_2PLUS,HANUMBER,200,PROMOTE_CANDIDATE_AFTER_REVIEW,https://dwrapps.utah.gov/huntboundary/HuntTableData?species=Elk&gender=Antlerless
EA1107,CURRENT_PLANNER_EXTRA_REVIEW,REVIEW,maybe,Fresh DWR current planner row not in 2025 BIBLE; unresolved source-family status.,LIVE_2026_NOT_IN_2025_BIBLE,OTHER_CURRENT_PLANNER_NOT_IN_2025_BIBLE,EA,,no,no,yes,no,,LIVE_ONLY,LIVE_ONLY,LIVE_DWR_RES_NR_SPLIT,"Wasatch Mtns, Currant Creek",Elk,Antlerless,Any Legal Weapon,General Season,180,20,200,,,,no,no,no,no,,,,MEDIUM_SINGLE_SOURCE,HUNTTABLE,200,PROMOTE_CANDIDATE_AFTER_REVIEW,https://dwrapps.utah.gov/huntboundary/HuntTableData?species=Elk&gender=Antlerless
EA1110,CORE_DRAW_RESULTS_CONTINUING,CLOSED_CORE,yes,Present in 2025 BIBLE and fresh 2026 DWR Hunt Planner table.,LIVE_2026_AND_2025_BIBLE,CONTINUITY,EA,2020|2021|2022|2023|2024|2025,yes,no,yes,yes,OK,LIVE_AND_DATABASE,MATCH,LIVE_DWR_RES_NR_SPLIT,"Wasatch Mtns, Salt Lake",Elk,Antlerless,Any Legal Weapon,General Season,40,5,45,40,5,45,no,no,no,no,,,,HIGH_CONFIRMED_2PLUS,HANUMBER,45,PROMOTE_CANDIDATE_AFTER_REVIEW,https://dwrapps.utah.gov/huntboundary/HuntTableData?species=Elk&gender=Antlerless
EA1111,CORE_DRAW_RESULTS_CONTINUING,CLOSED_CORE,yes,Present in 2025 BIBLE and fresh 2026 DWR Hunt Planner table.,LIVE_2026_AND_2025_BIBLE,CONTINUITY,EA,2020|2021|2022|2023|2024|2025,yes,no,yes,yes,OK,LIVE_AND_DATABASE,MATCH,LIVE_DWR_RES_NR_SPLIT,"Wasatch Mtns, Wallsburg",Elk,Antlerless,Any Legal Weapon,General Season,31,4,35,31,4,35,no,no,no,no,,,,HIGH_CONFIRMED_2PLUS,HANUMBER,35,PROMOTE_CANDIDATE_AFTER_REVIEW,https://dwrapps.utah.gov/huntboundary/HuntTableData?species=Elk&gender=Antlerless
EA1112,CORE_DRAW_RESULTS_CONTINUING,CLOSED_CORE,yes,Present in 2025 BIBLE and fresh 2026 DWR Hunt Planner table.,LIVE_2026_AND_2025_BIBLE,CONTINUITY,EA,2020|2021|2022|2023|2024|2025,yes,no,yes,yes,OK,LIVE_AND_DATABASE,MATCH,LIVE_DWR_RES_NR_SPLIT,"Wasatch Mtns, Wallsburg",Elk,Antlerless,Any Legal Weapon,General Season,49,6,55,49,6,55,no,no,no,no,,,,HIGH_CONFIRMED_2PLUS,HANUMBER,55,PROMOTE_CANDIDATE_AFTER_REVIEW,https://dwrapps.utah.gov/huntboundary/HuntTableData?species=Elk&gender=Antlerless
EA1113,CORE_DRAW_RESULTS_CONTINUING,CLOSED_CORE,yes,Present in 2025 BIBLE and fresh 2026 DWR Hunt Planner table.,LIVE_2026_AND_2025_BIBLE,CONTINUITY,EA,2020|2021|2022|2023|2024|2025,yes,no,yes,yes,OK,LIVE_AND_DATABASE,MATCH,LIVE_DWR_RES_NR_SPLIT,"Wasatch Mtns, West Heber",Elk,Antlerless,Any Legal Weapon,General Season,27,3,30,27,3,30,no,no,no,no,,,,HIGH_CONFIRMED_2PLUS,HANUMBER,30,PROMOTE_CANDIDATE_AFTER_REVIEW,https://dwrapps.utah.gov/huntboundary/HuntTableData?species=Elk&gender=Antlerless
EA1114,CORE_DRAW_RESULTS_CONTINUING,CLOSED_CORE,yes,Present in 2025 BIBLE and fresh 2026 DWR Hunt Planner table.,LIVE_2026_AND_2025_BIBLE,CONTINUITY,EA,2020|2021|2022|2023|2024|2025,yes,no,yes,yes,OK,LIVE_AND_DATABASE,MATCH,LIVE_DWR_RES_NR_SPLIT,"Wasatch Mtns, West Timpanogos",Elk,Antlerless,Any Legal Weapon,General Season,22,3,25,22,3,25,no,no,no,no,,,,HIGH_CONFIRMED_2PLUS,HANUMBER,25,PROMOTE_CANDIDATE_AFTER_REVIEW,https://dwrapps.utah.gov/huntboundary/HuntTableData?species=Elk&gender=Antlerless
EA1116,DATABASE_REFERENCE_NOT_LIVE_TABLE,REVIEW,no,Database row is not exposed by the fresh DWR live table; do not count as active core without source review.,DATABASE_NOT_IN_LIVE_TABLE,DATABASE_REFERENCE_OR_ARCHIVE_REVIEW,EA,2020|2021|2022|2023|2024,no,no,no,yes,OK,DATABASE_ONLY,DATABASE_ONLY,,Zion,Elk,Antlerless,Any Legal Weapon,General Season,,,,18,2,20,no,no,no,no,,,,MEDIUM_SINGLE_SOURCE,HANUMBER,20,PROMOTE_CANDIDATE_AFTER_REVIEW,
EA1117,CORE_DRAW_RESULTS_CONTINUING,CLOSED_CORE,yes,Present in 2025 BIBLE and fresh 2026 DWR Hunt Planner table.,LIVE_2026_AND_2025_BIBLE,CONTINUITY,EA,2020|2021|2022|2023|2024|2025,yes,no,yes,yes,OK,LIVE_AND_DATABASE,MATCH,LIVE_DWR_RES_NR_SPLIT,Zion,Elk,Antlerless,Any Legal Weapon,General Season,198,22,220,198,22,220,no,no,no,no,,,,HIGH_CONFIRMED_2PLUS,HANUMBER,220,PROMOTE_CANDIDATE_AFTER_REVIEW,https://dwrapps.utah.gov/huntboundary/HuntTableData?species=Elk&gender=Antlerless
EA1118,CORE_DRAW_RESULTS_CONTINUING,CLOSED_CORE,yes,Present in 2025 BIBLE and fresh 2026 DWR Hunt Planner table.,LIVE_2026_AND_2025_BIBLE,CONTINUITY,EA,2020|2021|2022|2023|2024|2025,yes,no,yes,yes,OK,LIVE_AND_DATABASE,TOTAL_MATCH_SPLIT_DIFFERS,LIVE_DWR_CWMU_TOTAL_ONLY_FROM_QUOTA_RES,Alton CWMU,Elk,Antlerless,Any Legal Weapon,CWMU,,,6,6,0,6,no,no,no,no,,,,MEDIUM_TOTAL_CONFIRMED,HANUMBER,6,PROMOTE_TOTAL_AFTER_SPLIT_REVIEW,https://dwrapps.utah.gov/huntboundary/HuntTableData?species=Elk&gender=Antlerless
EA1119,CORE_DRAW_RESULTS_CONTINUING,CLOSED_CORE,yes,Present in 2025 BIBLE and fresh 2026 DWR Hunt Planner table.,LIVE_2026_AND_2025_BIBLE,CONTINUITY,EA,2020|2021|2022|2023|2024|2025,yes,no,yes,yes,OK,LIVE_AND_DATABASE,TOTAL_MATCH_SPLIT_DIFFERS,LIVE_DWR_CWMU_TOTAL_ONLY_FROM_QUOTA_RES,Bar J Ranch CWMU,Elk,Antlerless,Any Legal Weapon,CWMU,,,12,12,0,12,no,no,no,no,,,,MEDIUM_TOTAL_CONFIRMED,HANUMBER,12,PROMOTE_TOTAL_AFTER_SPLIT_REVIEW,https://dwrapps.utah.gov/huntboundary/HuntTableData?species=Elk&gender=Antlerless
EA1120,CORE_DRAW_RESULTS_CONTINUING,CLOSED_CORE,yes,Present in 2025 BIBLE and fresh 2026 DWR Hunt Planner table.,LIVE_2026_AND_2025_BIBLE,CONTINUITY,EA,2020|2021|2022|2023|2024|2025,yes,no,yes,yes,OK,LIVE_AND_DATABASE,TOTAL_MATCH_SPLIT_DIFFERS,LIVE_DWR_CWMU_TOTAL_ONLY_FROM_QUOTA_RES,Bear Mountain CWMU,Elk,Antlerless,Any Legal Weapon,CWMU,,,20,20,0,20,no,no,no,no,,,,MEDIUM_TOTAL_CONFIRMED,HANUMBER,20,PROMOTE_TOTAL_AFTER_SPLIT_REVIEW,https://dwrapps.utah.gov/huntboundary/HuntTableData?species=Elk&gender=Antlerless
EA1121,CORE_DRAW_RESULTS_CONTINUING,CLOSED_CORE,yes,Present in 2025 BIBLE and fresh 2026 DWR Hunt Planner table.,LIVE_2026_AND_2025_BIBLE,CONTINUITY,EA,2020|2021|2022|2023|2024|2025,yes,no,yes,yes,OK,LIVE_AND_DATABASE,TOTAL_MATCH_SPLIT_DIFFERS,LIVE_DWR_CWMU_TOTAL_ONLY_FROM_QUOTA_RES,Boobe Hole CWMU,Elk,Antlerless,Any Legal Weapon,CWMU,,,10,10,0,10,no,no,no,no,,,,MEDIUM_TOTAL_CONFIRMED,HANUMBER,10,PROMOTE_TOTAL_AFTER_SPLIT_REVIEW,https://dwrapps.utah.gov/huntboundary/HuntTableData?species=Elk&gender=Antlerless
EA1122,CORE_DRAW_RESULTS_CONTINUING,CLOSED_CORE,yes,Present in 2025 BIBLE and fresh 2026 DWR Hunt Planner table.,LIVE_2026_AND_2025_BIBLE,CONTINUITY,EA,2020|2021|2022|2023|2024|2025,yes,no,yes,yes,OK,LIVE_AND_DATABASE,TOTAL_MATCH_SPLIT_DIFFERS,LIVE_DWR_CWMU_TOTAL_ONLY_FROM_QUOTA_RES,Causey Spring CWMU,Elk,Antlerless,Any Legal Weapon,CWMU,,,5,5,0,5,no,no,no,no,,,,MEDIUM_TOTAL_CONFIRMED,HANUMBER,5,PROMOTE_TOTAL_AFTER_SPLIT_REVIEW,https://dwrapps.utah.gov/huntboundary/HuntTableData?species=Elk&gender=Antlerless
EA1124,CORE_DRAW_RESULTS_CONTINUING,CLOSED_CORE,yes,Present in 2025 BIBLE and fresh 2026 DWR Hunt Planner table.,LIVE_2026_AND_2025_BIBLE,CONTINUITY,EA,2020|2021|2022|2023|2024|2025,yes,no,yes,yes,OK,LIVE_AND_DATABASE,TOTAL_MATCH_SPLIT_DIFFERS,LIVE_DWR_CWMU_TOTAL_ONLY_FROM_QUOTA_RES,Chimney Rock CWMU,Elk,Antlerless,Any Legal Weapon,CWMU,,,12,12,0,12,no,no,no,no,,,,MEDIUM_TOTAL_CONFIRMED,HANUMBER,12,PROMOTE_TOTAL_AFTER_SPLIT_REVIEW,https://dwrapps.utah.gov/huntboundary/HuntTableData?species=Elk&gender=Antlerless
EA1125,CORE_DRAW_RESULTS_CONTINUING,CLOSED_CORE,yes,Present in 2025 BIBLE and fresh 2026 DWR Hunt Planner table.,LIVE_2026_AND_2025_BIBLE,CONTINUITY,EA,2020|2021|2022|2023|2024|2025,yes,no,yes,yes,OK,LIVE_AND_DATABASE,TOTAL_MATCH_SPLIT_DIFFERS,LIVE_DWR_CWMU_TOTAL_ONLY_FROM_QUOTA_RES,Coldwater Ranch CWMU,Elk,Antlerless,Any Legal Weapon,CWMU,,,25,25,0,25,no,no,no,no,,,,MEDIUM_TOTAL_CONFIRMED,HANUMBER,25,PROMOTE_TOTAL_AFTER_SPLIT_REVIEW,https://dwrapps.utah.gov/huntboundary/HuntTableData?species=Elk&gender=Antlerless
EA1126,DATABASE_REFERENCE_NOT_LIVE_TABLE,REVIEW,no,Database row is not exposed by the fresh DWR live table; do not count as active core without source review.,DATABASE_NOT_IN_LIVE_TABLE,DATABASE_REFERENCE_OR_ARCHIVE_REVIEW,EA,2020|2021|2022|2023|2024,no,no,no,yes,OK,DATABASE_ONLY,DATABASE_ONLY,,Cotton Thomas CWMU,Elk,Antlerless,Any Legal Weapon,CWMU,,,,5,,5,no,no,no,no,,,,MEDIUM_SINGLE_SOURCE,HANUMBER,5,PROMOTE_CANDIDATE_AFTER_REVIEW,
EA1127,HISTORICAL_LIBRARY_ONLY,CLOSED_HISTORICAL,no,Historical BIBLE-library code not part of current 2026 live table.,BIBLE_HISTORICAL_ONLY,HISTORICAL_LIBRARY,EA,2020,no,no,no,no,,,,,,,,,,,,,,,,no,no,no,no,,,,,,,,
EA1129,CORE_DRAW_RESULTS_CONTINUING,CLOSED_CORE,yes,Present in 2025 BIBLE and fresh 2026 DWR Hunt Planner table.,LIVE_2026_AND_2025_BIBLE,CONTINUITY,EA,2020|2021|2022|2023|2024|2025,yes,no,yes,yes,OK,LIVE_AND_DATABASE,NUMERIC_MISMATCH,LIVE_DWR_CWMU_TOTAL_ONLY_FROM_QUOTA_RES,Deseret CWMU,Elk,Antlerless,Any Legal Weapon,CWMU,,,360,425,0,425,no,no,no,no,,,,MEDIUM_TOTAL_CONFIRMED,HANUMBER,360,PROMOTE_TOTAL_AFTER_SPLIT_REVIEW,https://dwrapps.utah.gov/huntboundary/HuntTableData?species=Elk&gender=Antlerless
EA1130,CORE_DRAW_RESULTS_CONTINUING,CLOSED_CORE,yes,Present in 2025 BIBLE and fresh 2026 DWR Hunt Planner table.,LIVE_2026_AND_2025_BIBLE,CONTINUITY,EA,2020|2021|2022|2023|2024|2025,yes,no,yes,yes,OK,LIVE_AND_DATABASE,TOTAL_MATCH_SPLIT_DIFFERS,LIVE_DWR_CWMU_TOTAL_ONLY_FROM_QUOTA_RES,Double Cone CWMU,Elk,Antlerless,Any Legal Weapon,CWMU,,,7,7,0,7,no,no,no,no,,,,MEDIUM_TOTAL_CONFIRMED,HANUMBER,7,PROMOTE_TOTAL_AFTER_SPLIT_REVIEW,https://dwrapps.utah.gov/huntboundary/HuntTableData?species=Elk&gender=Antlerless
EA1131,CORE_DRAW_RESULTS_CONTINUING,CLOSED_CORE,yes,Present in 2025 BIBLE and fresh 2026 DWR Hunt Planner table.,LIVE_2026_AND_2025_BIBLE,CONTINUITY,EA,2020|2021|2022|2023|2024|2025,yes,no,yes,yes,OK,LIVE_AND_DATABASE,TOTAL_MATCH_SPLIT_DIFFERS,LIVE_DWR_CWMU_TOTAL_ONLY_FROM_QUOTA_RES,Durst Mountain CWMU,Elk,Antlerless,Any Legal Weapon,CWMU,,,30,30,0,30,no,no,no,no,,,,MEDIUM_TOTAL_CONFIRMED,HANUMBER,30,PROMOTE_TOTAL_AFTER_SPLIT_REVIEW,https://dwrapps.utah.gov/huntboundary/HuntTableData?species=Elk&gender=Antlerless
EA1132,CORE_DRAW_RESULTS_CONTINUING,CLOSED_CORE,yes,Present in 2025 BIBLE and fresh 2026 DWR Hunt Planner table.,LIVE_2026_AND_2025_BIBLE,CONTINUITY,EA,2020|2021|2022|2023|2024|2025,yes,no,yes,yes,OK,LIVE_AND_DATABASE,TOTAL_MATCH_SPLIT_DIFFERS,LIVE_DWR_CWMU_TOTAL_ONLY_FROM_QUOTA_RES,East Fork Chalk Creek CWMU,Elk,Antlerless,Any Legal Weapon,CWMU,,,30,30,0,30,no,no,no,no,,,,MEDIUM_TOTAL_CONFIRMED,HANUMBER,30,PROMOTE_TOTAL_AFTER_SPLIT_REVIEW,https://dwrapps.utah.gov/huntboundary/HuntTableData?species=Elk&gender=Antlerless
EA1134,CORE_DRAW_RESULTS_CONTINUING,CLOSED_CORE,yes,Present in 2025 BIBLE and fresh 2026 DWR Hunt Planner table.,LIVE_2026_AND_2025_BIBLE,CONTINUITY,EA,2020|2021|2022|2023|2024|2025,yes,no,yes,yes,OK,LIVE_AND_DATABASE,NUMERIC_MISMATCH,LIVE_DWR_CWMU_TOTAL_ONLY_FROM_QUOTA_RES,Ensign Ranches CWMU,Elk,Antlerless,Any Legal Weapon,CWMU,,,48,60,0,60,no,no,no,no,,,,MEDIUM_TOTAL_CONFIRMED,HANUMBER,48,PROMOTE_TOTAL_AFTER_SPLIT_REVIEW,https://dwrapps.utah.gov/huntboundary/HuntTableData?species=Elk&gender=Antlerless
EA1135,CORE_DRAW_RESULTS_CONTINUING,CLOSED_CORE,yes,Present in 2025 BIBLE and fresh 2026 DWR Hunt Planner table.,LIVE_2026_AND_2025_BIBLE,CONTINUITY,EA,2020|2021|2022|2023|2024|2025,yes,no,yes,yes,OK,LIVE_AND_DATABASE,TOTAL_MATCH_SPLIT_DIFFERS,LIVE_DWR_CWMU_TOTAL_ONLY_FROM_QUOTA_RES,Folley Ridge CWMU,Elk,Antlerless,Any Legal Weapon,CWMU,,,20,20,0,20,no,no,no,no,,,,MEDIUM_TOTAL_CONFIRMED,HANUMBER,20,PROMOTE_TOTAL_AFTER_SPLIT_REVIEW,https://dwrapps.utah.gov/huntboundary/HuntTableData?species=Elk&gender=Antlerless
EA1136,CORE_DRAW_RESULTS_CONTINUING,CLOSED_CORE,yes,Present in 2025 BIBLE and fresh 2026 DWR Hunt Planner table.,LIVE_2026_AND_2025_BIBLE,CONTINUITY,EA,2020|2021|2022|2023|2024|2025,yes,no,yes,yes,OK,LIVE_AND_DATABASE,TOTAL_MATCH_SPLIT_DIFFERS,LIVE_DWR_CWMU_TOTAL_ONLY_FROM_QUOTA_RES,Grass Valley/Clark Canyon CWMU,Elk,Antlerless,Any Legal Weapon,CWMU,,,50,50,0,50,no,no,no,no,,,,MEDIUM_TOTAL_CONFIRMED,HANUMBER,50,PROMOTE_TOTAL_AFTER_SPLIT_REVIEW,https://dwrapps.utah.gov/huntboundary/HuntTableData?species=Elk&gender=Antlerless
EA1137,CORE_DRAW_RESULTS_CONTINUING,CLOSED_CORE,yes,Present in 2025 BIBLE and fresh 2026 DWR Hunt Planner table.,LIVE_2026_AND_2025_BIBLE,CONTINUITY,EA,2020|2021|2022|2023|2024|2025,yes,no,yes,yes,OK,LIVE_AND_DATABASE,TOTAL_MATCH_SPLIT_DIFFERS,LIVE_DWR_CWMU_TOTAL_ONLY_FROM_QUOTA_RES,Grazing Pasture CWMU,Elk,Antlerless,Any Legal Weapon,CWMU,,,9,9,0,9,no,no,no,no,,,,MEDIUM_TOTAL_CONFIRMED,HANUMBER,9,PROMOTE_TOTAL_AFTER_SPLIT_REVIEW,https://dwrapps.utah.gov/huntboundary/HuntTableData?species=Elk&gender=Antlerless
EA1138,CORE_DRAW_RESULTS_CONTINUING,CLOSED_CORE,yes,Present in 2025 BIBLE and fresh 2026 DWR Hunt Planner table.,LIVE_2026_AND_2025_BIBLE,CONTINUITY,EA,2020|2021|2022|2023|2024|2025,yes,no,yes,yes,OK,LIVE_AND_DATABASE,TOTAL_MATCH_SPLIT_DIFFERS,LIVE_DWR_CWMU_TOTAL_ONLY_FROM_QUOTA_RES,Guildersleeve CWMU,Elk,Antlerless,Any Legal Weapon,CWMU,,,20,20,0,20,no,no,no,no,,,,MEDIUM_TOTAL_CONFIRMED,HANUMBER,20,PROMOTE_TOTAL_AFTER_SPLIT_REVIEW,https://dwrapps.utah.gov/huntboundary/HuntTableData?species=Elk&gender=Antlerless
EA1139,CORE_DRAW_RESULTS_CONTINUING,CLOSED_CORE,yes,Present in 2025 BIBLE and fresh 2026 DWR Hunt Planner table.,LIVE_2026_AND_2025_BIBLE,CONTINUITY,EA,2020|2021|2022|2023|2024|2025,yes,no,yes,yes,OK,LIVE_AND_DATABASE,NUMERIC_MISMATCH,LIVE_DWR_CWMU_TOTAL_ONLY_FROM_QUOTA_RES,Hardscrabble CWMU,Elk,Antlerless,Any Legal Weapon,CWMU,,,5,10,0,10,no,no,no,no,,,,MEDIUM_TOTAL_CONFIRMED,HANUMBER,5,PROMOTE_TOTAL_AFTER_SPLIT_REVIEW,https://dwrapps.utah.gov/huntboundary/HuntTableData?species=Elk&gender=Antlerless
EA1140,CORE_DRAW_RESULTS_CONTINUING,CLOSED_CORE,yes,Present in 2025 BIBLE and fresh 2026 DWR Hunt Planner table.,LIVE_2026_AND_2025_BIBLE,CONTINUITY,EA,2020|2021|2022|2023|2024|2025,yes,no,yes,yes,OK,LIVE_AND_DATABASE,TOTAL_MATCH_SPLIT_DIFFERS,LIVE_DWR_CWMU_TOTAL_ONLY_FROM_QUOTA_RES,Heaston East CWMU,Elk,Antlerless,Any Legal Weapon,CWMU,,,24,24,0,24,no,no,no,no,,,,MEDIUM_TOTAL_CONFIRMED,HANUMBER,24,PROMOTE_TOTAL_AFTER_SPLIT_REVIEW,https://dwrapps.utah.gov/huntboundary/HuntTableData?species=Elk&gender=Antlerless
EA1141,CORE_DRAW_RESULTS_CONTINUING,CLOSED_CORE,yes,Present in 2025 BIBLE and fresh 2026 DWR Hunt Planner table.,LIVE_2026_AND_2025_BIBLE,CONTINUITY,EA,2020|2021|2022|2023|2024|2025,yes,no,yes,yes,OK,LIVE_AND_DATABASE,TOTAL_MATCH_SPLIT_DIFFERS,LIVE_DWR_CWMU_TOTAL_ONLY_FROM_QUOTA_RES,Hiawatha CWMU,Elk,Antlerless,Any Legal Weapon,CWMU,,,12,12,0,12,no,no,no,no,,,,MEDIUM_TOTAL_CONFIRMED,HANUMBER,12,PROMOTE_TOTAL_AFTER_SPLIT_REVIEW,https://dwrapps.utah.gov/huntboundary/HuntTableData?species=Elk&gender=Antlerless
EA1142,CORE_DRAW_RESULTS_CONTINUING,CLOSED_CORE,yes,Present in 2025 BIBLE and fresh 2026 DWR Hunt Planner table.,LIVE_2026_AND_2025_BIBLE,CONTINUITY,EA,2020|2021|2022|2023|2024|2025,yes,no,yes,yes,OK,LIVE_AND_DATABASE,TOTAL_MATCH_SPLIT_DIFFERS,LIVE_DWR_CWMU_TOTAL_ONLY_FROM_QUOTA_RES,Indian Head CWMU,Elk,Antlerless,Any Legal Weapon,CWMU,,,12,12,0,12,no,no,no,no,,,,MEDIUM_TOTAL_CONFIRMED,HANUMBER,12,PROMOTE_TOTAL_AFTER_SPLIT_REVIEW,https://dwrapps.utah.gov/huntboundary/HuntTableData?species=Elk&gender=Antlerless
EA1143,CORE_DRAW_RESULTS_CONTINUING,CLOSED_CORE,yes,Present in 2025 BIBLE and fresh 2026 DWR Hunt Planner table.,LIVE_2026_AND_2025_BIBLE,CONTINUITY,EA,2020|2021|2022|2023|2024|2025,yes,no,yes,yes,OK,LIVE_AND_DATABASE,TOTAL_MATCH_SPLIT_DIFFERS,LIVE_DWR_CWMU_TOTAL_ONLY_FROM_QUOTA_RES,Circle E Ranch CWMU,Elk,Antlerless,Any Legal Weapon,CWMU,,,21,21,0,21,no,no,no,no,,,,MEDIUM_TOTAL_CONFIRMED,HANUMBER,21,PROMOTE_TOTAL_AFTER_SPLIT_REVIEW,https://dwrapps.utah.gov/huntboundary/HuntTableData?species=Elk&gender=Antlerless
EA1144,HISTORICAL_LIBRARY_ONLY,CLOSED_HISTORICAL,no,Historical BIBLE-library code not part of current 2026 live table.,BIBLE_HISTORICAL_ONLY,HISTORICAL_LIBRARY,EA,2023,no,no,no,no,,,,,,,,,,,,,,,,no,no,no,no,,,,,,,,
EA1145,CORE_DRAW_RESULTS_CONTINUING,CLOSED_CORE,yes,Present in 2025 BIBLE and fresh 2026 DWR Hunt Planner table.,LIVE_2026_AND_2025_BIBLE,CONTINUITY,EA,2020|2021|2022|2023|2024|2025,yes,no,yes,yes,OK,LIVE_AND_DATABASE,TOTAL_MATCH_SPLIT_DIFFERS,LIVE_DWR_CWMU_TOTAL_ONLY_FROM_QUOTA_RES,Johnson Mountain Ranch CWMU,Elk,Antlerless,Any Legal Weapon,CWMU,,,20,20,0,20,no,no,no,no,,,,MEDIUM_TOTAL_CONFIRMED,HANUMBER,20,PROMOTE_TOTAL_AFTER_SPLIT_REVIEW,https://dwrapps.utah.gov/huntboundary/HuntTableData?species=Elk&gender=Antlerless
EA1146,CORE_DRAW_RESULTS_CONTINUING,CLOSED_CORE,yes,Present in 2025 BIBLE and fresh 2026 DWR Hunt Planner table.,LIVE_2026_AND_2025_BIBLE,CONTINUITY,EA,2020|2021|2022|2023|2024|2025,yes,no,yes,yes,OK,LIVE_AND_DATABASE,TOTAL_MATCH_SPLIT_DIFFERS,LIVE_DWR_CWMU_TOTAL_ONLY_FROM_QUOTA_RES,Jump Creek CWMU,Elk,Antlerless,Any Legal Weapon,CWMU,,,9,9,0,9,no,no,no,no,,,,MEDIUM_TOTAL_CONFIRMED,HANUMBER,9,PROMOTE_TOTAL_AFTER_SPLIT_REVIEW,https://dwrapps.utah.gov/huntboundary/HuntTableData?species=Elk&gender=Antlerless
EA1147,CORE_DRAW_RESULTS_CONTINUING,CLOSED_CORE,yes,Present in 2025 BIBLE and fresh 2026 DWR Hunt Planner table.,LIVE_2026_AND_2025_BIBLE,CONTINUITY,EA,2020|2021|2022|2023|2024|2025,yes,no,yes,yes,OK,LIVE_AND_DATABASE,TOTAL_MATCH_SPLIT_DIFFERS,LIVE_DWR_CWMU_TOTAL_ONLY_FROM_QUOTA_RES,Little Red Creek CWMU,Elk,Antlerless,Any Legal Weapon,CWMU,,,15,15,0,15,no,no,no,no,,,,MEDIUM_TOTAL_CONFIRMED,HANUMBER,15,PROMOTE_TOTAL_AFTER_SPLIT_REVIEW,https://dwrapps.utah.gov/huntboundary/HuntTableData?species=Elk&gender=Antlerless
EA1149,CORE_DRAW_RESULTS_CONTINUING,CLOSED_CORE,yes,Present in 2025 BIBLE and fresh 2026 DWR Hunt Planner table.,LIVE_2026_AND_2025_BIBLE,CONTINUITY,EA,2020|2021|2022|2023|2024|2025,yes,no,yes,yes,OK,LIVE_AND_DATABASE,NUMERIC_MISMATCH,LIVE_DWR_CWMU_TOTAL_ONLY_FROM_QUOTA_RES,Minnie Maud Ridge CWMU,Elk,Antlerless,Any Legal Weapon,CWMU,,,16,15,0,15,no,no,no,no,,,,MEDIUM_TOTAL_CONFIRMED,HANUMBER,16,PROMOTE_TOTAL_AFTER_SPLIT_REVIEW,https://dwrapps.utah.gov/huntboundary/HuntTableData?species=Elk&gender=Antlerless
EA1151,CORE_DRAW_RESULTS_CONTINUING,CLOSED_CORE,yes,Present in 2025 BIBLE and fresh 2026 DWR Hunt Planner table.,LIVE_2026_AND_2025_BIBLE,CONTINUITY,EA,2020|2021|2022|2023|2024|2025,yes,no,yes,yes,OK,LIVE_AND_DATABASE,TOTAL_MATCH_SPLIT_DIFFERS,LIVE_DWR_CWMU_TOTAL_ONLY_FROM_QUOTA_RES,Moon Ranch CWMU,Elk,Antlerless,Any Legal Weapon,CWMU,,,6,6,0,6,no,no,no,no,,,,MEDIUM_TOTAL_CONFIRMED,HANUMBER,6,PROMOTE_TOTAL_AFTER_SPLIT_REVIEW,https://dwrapps.utah.gov/huntboundary/HuntTableData?species=Elk&gender=Antlerless
EA1153,CORE_DRAW_RESULTS_CONTINUING,CLOSED_CORE,yes,Present in 2025 BIBLE and fresh 2026 DWR Hunt Planner table.,LIVE_2026_AND_2025_BIBLE,CONTINUITY,EA,2020|2021|2022|2023|2024|2025,yes,no,yes,yes,OK,LIVE_AND_DATABASE,TOTAL_MATCH_SPLIT_DIFFERS,LIVE_DWR_CWMU_TOTAL_ONLY_FROM_QUOTA_RES,Old Woman Plateau CWMU,Elk,Antlerless,Any Legal Weapon,CWMU,,,4,4,0,4,no,no,no,no,,,,MEDIUM_TOTAL_CONFIRMED,HANUMBER,4,PROMOTE_TOTAL_AFTER_SPLIT_REVIEW,https://dwrapps.utah.gov/huntboundary/HuntTableData?species=Elk&gender=Antlerless
EA1155,HISTORICAL_LIBRARY_ONLY,CLOSED_HISTORICAL,no,Historical BIBLE-library code not part of current 2026 live table.,BIBLE_HISTORICAL_ONLY,HISTORICAL_LIBRARY,EA,2020|2021|2022|2023,no,no,no,no,,,,,,,,,,,,,,,,no,no,no,no,,,,,,,,
EA1156,CORE_DRAW_RESULTS_CONTINUING,CLOSED_CORE,yes,Present in 2025 BIBLE and fresh 2026 DWR Hunt Planner table.,LIVE_2026_AND_2025_BIBLE,CONTINUITY,EA,2020|2021|2022|2023|2024|2025,yes,no,yes,yes,OK,LIVE_AND_DATABASE,TOTAL_MATCH_SPLIT_DIFFERS,LIVE_DWR_CWMU_TOTAL_ONLY_FROM_QUOTA_RES,Preston Nutter Ranch CWMU,Elk,Antlerless,Any Legal Weapon,CWMU,,,21,21,0,21,no,no,no,no,,,,MEDIUM_TOTAL_CONFIRMED,HANUMBER,21,PROMOTE_TOTAL_AFTER_SPLIT_REVIEW,https://dwrapps.utah.gov/huntboundary/HuntTableData?species=Elk&gender=Antlerless
EA1157,CORE_DRAW_RESULTS_CONTINUING,CLOSED_CORE,yes,Present in 2025 BIBLE and fresh 2026 DWR Hunt Planner table.,LIVE_2026_AND_2025_BIBLE,CONTINUITY,EA,2020|2021|2022|2023|2024|2025,yes,no,yes,yes,OK,LIVE_AND_DATABASE,TOTAL_MATCH_SPLIT_DIFFERS,LIVE_DWR_CWMU_TOTAL_ONLY_FROM_QUOTA_RES,Redd Ranches CWMU,Elk,Antlerless,Any Legal Weapon,CWMU,,,35,35,0,35,no,no,no,no,,,,MEDIUM_TOTAL_CONFIRMED,HANUMBER,35,PROMOTE_TOTAL_AFTER_SPLIT_REVIEW,https://dwrapps.utah.gov/huntboundary/HuntTableData?species=Elk&gender=Antlerless
EA1158,CORE_DRAW_RESULTS_CONTINUING,CLOSED_CORE,yes,Present in 2025 BIBLE and fresh 2026 DWR Hunt Planner table.,LIVE_2026_AND_2025_BIBLE,CONTINUITY,EA,2020|2021|2022|2023|2024|2025,yes,no,yes,yes,OK,LIVE_AND_DATABASE,TOTAL_MATCH_SPLIT_DIFFERS,LIVE_DWR_CWMU_TOTAL_ONLY_FROM_QUOTA_RES,Cactus Ranch LLC CWMU,Elk,Antlerless,Any Legal Weapon,CWMU,,,7,7,0,7,no,no,no,no,,,,MEDIUM_TOTAL_CONFIRMED,HANUMBER,7,PROMOTE_TOTAL_AFTER_SPLIT_REVIEW,https://dwrapps.utah.gov/huntboundary/HuntTableData?species=Elk&gender=Antlerless
EA1159,CORE_DRAW_RESULTS_CONTINUING,CLOSED_CORE,yes,Present in 2025 BIBLE and fresh 2026 DWR Hunt Planner table.,LIVE_2026_AND_2025_BIBLE,CONTINUITY,EA,2020|2021|2022|2023|2024|2025,yes,no,yes,yes,OK,LIVE_AND_DATABASE,TOTAL_MATCH_SPLIT_DIFFERS,LIVE_DWR_CWMU_TOTAL_ONLY_FROM_QUOTA_RES,Roan Cliffs CWMU,Elk,Antlerless,Any Legal Weapon,CWMU,,,6,6,0,6,no,no,no,no,,,,MEDIUM_TOTAL_CONFIRMED,HANUMBER,6,PROMOTE_TOTAL_AFTER_SPLIT_REVIEW,https://dwrapps.utah.gov/huntboundary/HuntTableData?species=Elk&gender=Antlerless
EA1160,CORE_DRAW_RESULTS_CONTINUING,CLOSED_CORE,yes,Present in 2025 BIBLE and fresh 2026 DWR Hunt Planner table.,LIVE_2026_AND_2025_BIBLE,CONTINUITY,EA,2020|2021|2022|2023|2024|2025,yes,no,yes,yes,OK,LIVE_AND_DATABASE,TOTAL_MATCH_SPLIT_DIFFERS,LIVE_DWR_CWMU_TOTAL_ONLY_FROM_QUOTA_RES,Sand Creek CWMU,Elk,Antlerless,Any Legal Weapon,CWMU,,,5,5,0,5,no,no,no,no,,,,MEDIUM_TOTAL_CONFIRMED,HANUMBER,5,PROMOTE_TOTAL_AFTER_SPLIT_REVIEW,https://dwrapps.utah.gov/huntboundary/HuntTableData?species=Elk&gender=Antlerless
EA1161,CORE_DRAW_RESULTS_CONTINUING,CLOSED_CORE,yes,Present in 2025 BIBLE and fresh 2026 DWR Hunt Planner table.,LIVE_2026_AND_2025_BIBLE,CONTINUITY,EA,2020|2021|2022|2023|2024|2025,yes,no,yes,yes,OK,LIVE_AND_DATABASE,TOTAL_MATCH_SPLIT_DIFFERS,LIVE_DWR_CWMU_TOTAL_ONLY_FROM_QUOTA_RES,Scofield Canyons CWMU,Elk,Antlerless,Any Legal Weapon,CWMU,,,9,9,0,9,no,no,no,no,,,,MEDIUM_TOTAL_CONFIRMED,HANUMBER,9,PROMOTE_TOTAL_AFTER_SPLIT_REVIEW,https://dwrapps.utah.gov/huntboundary/HuntTableData?species=Elk&gender=Antlerless
EA1162,CORE_DRAW_RESULTS_CONTINUING,CLOSED_CORE,yes,Present in 2025 BIBLE and fresh 2026 DWR Hunt Planner table.,LIVE_2026_AND_2025_BIBLE,CONTINUITY,EA,2020|2021|2022|2023|2024|2025,yes,no,yes,yes,OK,LIVE_AND_DATABASE,TOTAL_MATCH_SPLIT_DIFFERS,LIVE_DWR_CWMU_TOTAL_ONLY_FROM_QUOTA_RES,Scofield East CWMU,Elk,Antlerless,Any Legal Weapon,CWMU,,,14,14,0,14,no,no,no,no,,,,MEDIUM_TOTAL_CONFIRMED,HANUMBER,14,PROMOTE_TOTAL_AFTER_SPLIT_REVIEW,https://dwrapps.utah.gov/huntboundary/HuntTableData?species=Elk&gender=Antlerless
EA1163,CORE_DRAW_RESULTS_CONTINUING,CLOSED_CORE,yes,Present in 2025 BIBLE and fresh 2026 DWR Hunt Planner table.,LIVE_2026_AND_2025_BIBLE,CONTINUITY,EA,2020|2021|2022|2023|2024|2025,yes,no,yes,yes,OK,LIVE_AND_DATABASE,TOTAL_MATCH_SPLIT_DIFFERS,LIVE_DWR_CWMU_TOTAL_ONLY_FROM_QUOTA_RES,Scofield West CWMU,Elk,Antlerless,Any Legal Weapon,CWMU,,,19,19,0,19,no,no,no,no,,,,MEDIUM_TOTAL_CONFIRMED,HANUMBER,19,PROMOTE_TOTAL_AFTER_SPLIT_REVIEW,https://dwrapps.utah.gov/huntboundary/HuntTableData?species=Elk&gender=Antlerless
EA1164,CORE_DRAW_RESULTS_CONTINUING,CLOSED_CORE,yes,Present in 2025 BIBLE and fresh 2026 DWR Hunt Planner table.,LIVE_2026_AND_2025_BIBLE,CONTINUITY,EA,2020|2021|2022|2023|2024|2025,yes,no,yes,yes,OK,LIVE_AND_DATABASE,TOTAL_MATCH_SPLIT_DIFFERS,LIVE_DWR_CWMU_TOTAL_ONLY_FROM_QUOTA_RES,SJ Ranch CWMU,Elk,Antlerless,Any Legal Weapon,CWMU,,,6,6,0,6,no,no,no,no,,,,MEDIUM_TOTAL_CONFIRMED,HANUMBER,6,PROMOTE_TOTAL_AFTER_SPLIT_REVIEW,https://dwrapps.utah.gov/huntboundary/HuntTableData?species=Elk&gender=Antlerless
EA1165,CORE_DRAW_RESULTS_CONTINUING,CLOSED_CORE,yes,Present in 2025 BIBLE and fresh 2026 DWR Hunt Planner table.,LIVE_2026_AND_2025_BIBLE,CONTINUITY,EA,2020|2021|2022|2023|2024|2025,yes,no,yes,yes,OK,LIVE_AND_DATABASE,TOTAL_MATCH_SPLIT_DIFFERS,LIVE_DWR_CWMU_TOTAL_ONLY_FROM_QUOTA_RES,Skull Crack CWMU,Elk,Antlerless,Any Legal Weapon,CWMU,,,15,15,0,15,no,no,no,no,,,,MEDIUM_TOTAL_CONFIRMED,HANUMBER,15,PROMOTE_TOTAL_AFTER_SPLIT_REVIEW,https://dwrapps.utah.gov/huntboundary/HuntTableData?species=Elk&gender=Antlerless
EA1166,CORE_DRAW_RESULTS_CONTINUING,CLOSED_CORE,yes,Present in 2025 BIBLE and fresh 2026 DWR Hunt Planner table.,LIVE_2026_AND_2025_BIBLE,CONTINUITY,EA,2020|2021|2022|2023|2024|2025,yes,no,yes,yes,OK,LIVE_AND_DATABASE,TOTAL_MATCH_SPLIT_DIFFERS,LIVE_DWR_CWMU_TOTAL_ONLY_FROM_QUOTA_RES,Soldier Summit CWMU,Elk,Antlerless,Any Legal Weapon,CWMU,,,16,16,0,16,no,no,no,no,,,,MEDIUM_TOTAL_CONFIRMED,HANUMBER,16,PROMOTE_TOTAL_AFTER_SPLIT_REVIEW,https://dwrapps.utah.gov/huntboundary/HuntTableData?species=Elk&gender=Antlerless
EA1167,CORE_DRAW_RESULTS_CONTINUING,CLOSED_CORE,yes,Present in 2025 BIBLE and fresh 2026 DWR Hunt Planner table.,LIVE_2026_AND_2025_BIBLE,CONTINUITY,EA,2020|2021|2022|2023|2024|2025,yes,no,yes,yes,OK,LIVE_AND_DATABASE,TOTAL_MATCH_SPLIT_DIFFERS,LIVE_DWR_CWMU_TOTAL_ONLY_FROM_QUOTA_RES,South Canyon CWMU,Elk,Antlerless,Any Legal Weapon,CWMU,,,12,12,0,12,no,no,no,no,,,,MEDIUM_TOTAL_CONFIRMED,HANUMBER,12,PROMOTE_TOTAL_AFTER_SPLIT_REVIEW,https://dwrapps.utah.gov/huntboundary/HuntTableData?species=Elk&gender=Antlerless
EA1168,CORE_DRAW_RESULTS_CONTINUING,CLOSED_CORE,yes,Present in 2025 BIBLE and fresh 2026 DWR Hunt Planner table.,LIVE_2026_AND_2025_BIBLE,CONTINUITY,EA,2020|2021|2022|2023|2024|2025,yes,no,yes,yes,OK,LIVE_AND_DATABASE,TOTAL_MATCH_SPLIT_DIFFERS,LIVE_DWR_CWMU_TOTAL_ONLY_FROM_QUOTA_RES,Spring Creek/Dodge CWMU,Elk,Antlerless,Any Legal Weapon,CWMU,,,15,15,0,15,no,no,no,no,,,,MEDIUM_TOTAL_CONFIRMED,HANUMBER,15,PROMOTE_TOTAL_AFTER_SPLIT_REVIEW,https://dwrapps.utah.gov/huntboundary/HuntTableData?species=Elk&gender=Antlerless
EA1170,CORE_DRAW_RESULTS_CONTINUING,CLOSED_CORE,yes,Present in 2025 BIBLE and fresh 2026 DWR Hunt Planner table.,LIVE_2026_AND_2025_BIBLE,CONTINUITY,EA,2020|2021|2022|2023|2024|2025,yes,no,yes,yes,OK,LIVE_AND_DATABASE,TOTAL_MATCH_SPLIT_DIFFERS,LIVE_DWR_CWMU_TOTAL_ONLY_FROM_QUOTA_RES,Strawberry Ridge CWMU,Elk,Antlerless,Any Legal Weapon,CWMU,,,10,10,0,10,no,no,no,no,,,,MEDIUM_TOTAL_CONFIRMED,HANUMBER,10,PROMOTE_TOTAL_AFTER_SPLIT_REVIEW,https://dwrapps.utah.gov/huntboundary/HuntTableData?species=Elk&gender=Antlerless
EA1171,CORE_DRAW_RESULTS_CONTINUING,CLOSED_CORE,yes,Present in 2025 BIBLE and fresh 2026 DWR Hunt Planner table.,LIVE_2026_AND_2025_BIBLE,CONTINUITY,EA,2023|2024|2025,yes,no,yes,yes,OK,LIVE_AND_DATABASE,TOTAL_MATCH_SPLIT_DIFFERS,LIVE_DWR_CWMU_TOTAL_ONLY_FROM_QUOTA_RES,Summit Point CWMU,Elk,Antlerless,Any Legal Weapon,CWMU,,,5,5,0,5,no,no,no,no,,,,MEDIUM_TOTAL_CONFIRMED,HANUMBER,5,PROMOTE_TOTAL_AFTER_SPLIT_REVIEW,https://dwrapps.utah.gov/huntboundary/HuntTableData?species=Elk&gender=Antlerless
EA1172,CORE_DRAW_RESULTS_CONTINUING,CLOSED_CORE,yes,Present in 2025 BIBLE and fresh 2026 DWR Hunt Planner table.,LIVE_2026_AND_2025_BIBLE,CONTINUITY,EA,2020|2021|2022|2023|2024|2025,yes,no,yes,yes,OK,LIVE_AND_DATABASE,TOTAL_MATCH_SPLIT_DIFFERS,LIVE_DWR_CWMU_TOTAL_ONLY_FROM_QUOTA_RES,Three C CWMU,Elk,Antlerless,Any Legal Weapon,CWMU,,,9,9,0,9,no,no,no,no,,,,MEDIUM_TOTAL_CONFIRMED,HANUMBER,9,PROMOTE_TOTAL_AFTER_SPLIT_REVIEW,https://dwrapps.utah.gov/huntboundary/HuntTableData?species=Elk&gender=Antlerless
EA1174,CORE_DRAW_RESULTS_CONTINUING,CLOSED_CORE,yes,Present in 2025 BIBLE and fresh 2026 DWR Hunt Planner table.,LIVE_2026_AND_2025_BIBLE,CONTINUITY,EA,2020|2021|2022|2023|2024|2025,yes,no,yes,yes,OK,LIVE_AND_DATABASE,TOTAL_MATCH_SPLIT_DIFFERS,LIVE_DWR_CWMU_TOTAL_ONLY_FROM_QUOTA_RES,Two Bear CWMU,Elk,Antlerless,Any Legal Weapon,CWMU,,,60,60,0,60,no,no,no,no,,,,MEDIUM_TOTAL_CONFIRMED,HANUMBER,60,PROMOTE_TOTAL_AFTER_SPLIT_REVIEW,https://dwrapps.utah.gov/huntboundary/HuntTableData?species=Elk&gender=Antlerless
EA1175,CORE_DRAW_RESULTS_CONTINUING,CLOSED_CORE,yes,Present in 2025 BIBLE and fresh 2026 DWR Hunt Planner table.,LIVE_2026_AND_2025_BIBLE,CONTINUITY,EA,2020|2021|2022|2023|2024|2025,yes,no,yes,yes,OK,LIVE_AND_DATABASE,TOTAL_MATCH_SPLIT_DIFFERS,LIVE_DWR_CWMU_TOTAL_ONLY_FROM_QUOTA_RES,Wallsburg CWMU,Elk,Antlerless,Any Legal Weapon,CWMU,,,10,10,0,10,no,no,no,no,,,,MEDIUM_TOTAL_CONFIRMED,HANUMBER,10,PROMOTE_TOTAL_AFTER_SPLIT_REVIEW,https://dwrapps.utah.gov/huntboundary/HuntTableData?species=Elk&gender=Antlerless
EA1176,DATABASE_REFERENCE_NOT_LIVE_TABLE,REVIEW,no,Database row is not exposed by the fresh DWR live table; do not count as active core without source review.,DATABASE_NOT_IN_LIVE_TABLE,DATABASE_REFERENCE_OR_ARCHIVE_REVIEW,EA,2020|2021|2022|2023|2024,no,no,no,yes,OK,DATABASE_ONLY,DATABASE_ONLY,,Weber Florence Creek CWMU,Elk,Antlerless,Any Legal Weapon,CWMU,,,,65,,65,no,no,no,no,,,,MEDIUM_SINGLE_SOURCE,HANUMBER,35,PROMOTE_CANDIDATE_AFTER_REVIEW,
EA1177,CORE_DRAW_RESULTS_CONTINUING,CLOSED_CORE,yes,Present in 2025 BIBLE and fresh 2026 DWR Hunt Planner table.,LIVE_2026_AND_2025_BIBLE,CONTINUITY,EA,2022|2023|2024|2025,yes,no,yes,yes,OK,LIVE_AND_DATABASE,TOTAL_MATCH_SPLIT_DIFFERS,LIVE_DWR_CWMU_TOTAL_ONLY_FROM_QUOTA_RES,Woodruff Creek South CWMU,Elk,Antlerless,Any Legal Weapon,CWMU,,,8,8,0,8,no,no,no,no,,,,MEDIUM_TOTAL_CONFIRMED,HANUMBER,8,PROMOTE_TOTAL_AFTER_SPLIT_REVIEW,https://dwrapps.utah.gov/huntboundary/HuntTableData?species=Elk&gender=Antlerless
EA1180,SEPARATE_CONSERVATION_LAYER,CLOSED_SEPARATE_LAYER,no,"Conservation permit family; use separate conservation layer, not core-count inflation.",LIVE_2026_NOT_IN_2025_BIBLE,CONSERVATION_CURRENT_PLANNER,EA,,no,no,yes,yes,OK,LIVE_AND_DATABASE,LIVE_NO_QUOTA_DATABASE_PRESERVED,LIVE_DWR_NO_QUOTA_PUBLISHED,La Sal (Conservation),Elk,Antlerless,Any Legal Weapon,Conservation,,,,,,8,no,no,yes,yes,CONSERVATION_PERMITS_DIRECT,SOURCE_MATCHES_DATABASE,,REVIEW_REQUIRED,NONE_EXTERNAL_DATABASE_REFERENCE_ONLY,,FIND_EXTERNAL_SOURCE_BEFORE_PROMOTION,https://dwrapps.utah.gov/huntboundary/HuntTableData?species=Elk&gender=Antlerless
EA1185,HISTORICAL_LIBRARY_ONLY,CLOSED_HISTORICAL,no,Historical BIBLE-library code not part of current 2026 live table.,BIBLE_HISTORICAL_ONLY,HISTORICAL_LIBRARY,EA,2020,no,no,no,no,,,,,,,,,,,,,,,,no,no,no,no,,,,,,,,
EA1186,HISTORICAL_LIBRARY_ONLY,CLOSED_HISTORICAL,no,Historical BIBLE-library code not part of current 2026 live table.,BIBLE_HISTORICAL_ONLY,HISTORICAL_LIBRARY,EA,2020|2021|2022,no,no,no,no,,,,,,,,,,,,,,,,no,no,no,no,,,,,,,,
EA1187,CORE_DRAW_RESULTS_CONTINUING,CLOSED_CORE,yes,Present in 2025 BIBLE and fresh 2026 DWR Hunt Planner table.,LIVE_2026_AND_2025_BIBLE,CONTINUITY,EA,2020|2021|2022|2023|2024|2025,yes,no,yes,yes,OK,LIVE_AND_DATABASE,MATCH,LIVE_DWR_RES_NR_SPLIT,"Paunsaugunt, Hatch Bench",Elk,Antlerless,Any Legal Weapon,General Season,13,2,15,13,2,15,no,no,no,no,,,,HIGH_CONFIRMED_2PLUS,HANUMBER,15,PROMOTE_CANDIDATE_AFTER_REVIEW,https://dwrapps.utah.gov/huntboundary/HuntTableData?species=Elk&gender=Antlerless
EA1189,CORE_DRAW_RESULTS_CONTINUING,CLOSED_CORE,yes,Present in 2025 BIBLE and fresh 2026 DWR Hunt Planner table.,LIVE_2026_AND_2025_BIBLE,CONTINUITY,EA,2020|2021|2022|2023|2024|2025,yes,no,yes,yes,OK,LIVE_AND_DATABASE,MATCH,LIVE_DWR_RES_NR_SPLIT,"Wasatch Mtns, West-Central",Elk,Antlerless,Muzzleloader,General Season,382,43,425,382,43,425,no,no,no,no,,,,HIGH_CONFIRMED_2PLUS,HANUMBER,425,PROMOTE_CANDIDATE_AFTER_REVIEW,https://dwrapps.utah.gov/huntboundary/HuntTableData?species=Elk&gender=Antlerless
EA1190,HISTORICAL_LIBRARY_ONLY,CLOSED_HISTORICAL,no,Historical BIBLE-library code not part of current 2026 live table.,BIBLE_HISTORICAL_ONLY,HISTORICAL_LIBRARY,EA,2020|2021,no,no,no,no,,,,,,,,,,,,,,,,no,no,no,no,,,,,,,,
EA1192,CORE_DRAW_RESULTS_CONTINUING,CLOSED_CORE,yes,Present in 2025 BIBLE and fresh 2026 DWR Hunt Planner table.,LIVE_2026_AND_2025_BIBLE,CONTINUITY,EA,2020|2021|2022|2023|2024|2025,yes,no,yes,yes,OK,LIVE_AND_DATABASE,TOTAL_MATCH_SPLIT_DIFFERS,LIVE_DWR_CWMU_TOTAL_ONLY_FROM_QUOTA_RES,Pahvant Ensign CWMU,Elk,Antlerless,Any Legal Weapon,CWMU,,,6,6,0,6,no,no,no,no,,,,MEDIUM_TOTAL_CONFIRMED,HANUMBER,6,PROMOTE_TOTAL_AFTER_SPLIT_REVIEW,https://dwrapps.utah.gov/huntboundary/HuntTableData?species=Elk&gender=Antlerless
EA1193,CORE_DRAW_RESULTS_CONTINUING,CLOSED_CORE,yes,Present in 2025 BIBLE and fresh 2026 DWR Hunt Planner table.,LIVE_2026_AND_2025_BIBLE,CONTINUITY,EA,2020|2021|2022|2023|2024|2025,yes,no,yes,yes,OK,LIVE_AND_DATABASE,NUMERIC_MISMATCH,LIVE_DWR_RES_NR_SPLIT,"Cache, Rich",Elk,Antlerless,Any Legal Weapon,General Season,31,4,35,18,2,20,no,no,no,no,,,,HIGH_CONFIRMED_2PLUS,HANUMBER,35,PROMOTE_CANDIDATE_AFTER_REVIEW,https://dwrapps.utah.gov/huntboundary/HuntTableData?species=Elk&gender=Antlerless
EA1194,HISTORICAL_LIBRARY_ONLY,CLOSED_HISTORICAL,no,Historical BIBLE-library code not part of current 2026 live table.,BIBLE_HISTORICAL_ONLY,HISTORICAL_LIBRARY,EA,2020|2021|2022|2023,no,no,no,no,,,,,,,,,,,,,,,,no,no,no,no,,,,,,,,
EA1196,CORE_DRAW_RESULTS_CONTINUING,CLOSED_CORE,yes,Present in 2025 BIBLE and fresh 2026 DWR Hunt Planner table.,LIVE_2026_AND_2025_BIBLE,CONTINUITY,EA,2020|2021|2022|2023|2024|2025,yes,no,yes,yes,OK,LIVE_AND_DATABASE,MATCH,LIVE_DWR_RES_NR_SPLIT,"North Slope, Summit",Elk,Antlerless,Any Legal Weapon,General Season,67,8,75,67,8,75,no,no,no,no,,,,HIGH_CONFIRMED_2PLUS,HANUMBER,75,PROMOTE_CANDIDATE_AFTER_REVIEW,https://dwrapps.utah.gov/huntboundary/HuntTableData?species=Elk&gender=Antlerless
EA1197,HISTORICAL_LIBRARY_ONLY,CLOSED_HISTORICAL,no,Historical BIBLE-library code not part of current 2026 live table.,BIBLE_HISTORICAL_ONLY,HISTORICAL_LIBRARY,EA,2020,no,no,no,no,,,,,,,,,,,,,,,,no,no,no,no,,,,,,,,
EA1198,CORE_DRAW_RESULTS_CONTINUING,CLOSED_CORE,yes,Present in 2025 BIBLE and fresh 2026 DWR Hunt Planner table.,LIVE_2026_AND_2025_BIBLE,CONTINUITY,EA,2020|2021|2022|2023|2024|2025,yes,no,yes,yes,OK,LIVE_AND_DATABASE,TOTAL_MATCH_SPLIT_DIFFERS,LIVE_DWR_CWMU_TOTAL_ONLY_FROM_QUOTA_RES,Bear Springs CWMU,Elk,Antlerless,Any Legal Weapon,CWMU,,,2,2,0,2,no,no,no,no,,,,MEDIUM_TOTAL_CONFIRMED,HANUMBER,2,PROMOTE_TOTAL_AFTER_SPLIT_REVIEW,https://dwrapps.utah.gov/huntboundary/HuntTableData?species=Elk&gender=Antlerless
EA1200,CORE_DRAW_RESULTS_CONTINUING,CLOSED_CORE,yes,Present in 2025 BIBLE and fresh 2026 DWR Hunt Planner table.,LIVE_2026_AND_2025_BIBLE,CONTINUITY,EA,2024|2025,yes,no,yes,yes,OK,LIVE_AND_DATABASE,TOTAL_MATCH_SPLIT_DIFFERS,LIVE_DWR_CWMU_TOTAL_ONLY_FROM_QUOTA_RES,Double R Ranch CWMU,Elk,Antlerless,Any Legal Weapon,CWMU,,,10,10,0,10,no,no,no,no,,,,MEDIUM_TOTAL_CONFIRMED,HANUMBER,10,PROMOTE_TOTAL_AFTER_SPLIT_REVIEW,https://dwrapps.utah.gov/huntboundary/HuntTableData?species=Elk&gender=Antlerless
EA1201,CORE_DRAW_RESULTS_CONTINUING,CLOSED_CORE,yes,Present in 2025 BIBLE and fresh 2026 DWR Hunt Planner table.,LIVE_2026_AND_2025_BIBLE,CONTINUITY,EA,2020|2021|2022|2023|2024|2025,yes,no,yes,yes,OK,LIVE_AND_DATABASE,TOTAL_MATCH_SPLIT_DIFFERS,LIVE_DWR_CWMU_TOTAL_ONLY_FROM_QUOTA_RES,Mountain Sky Ranch CWMU,Elk,Antlerless,Any Legal Weapon,CWMU,,,10,10,0,10,no,no,no,no,,,,MEDIUM_TOTAL_CONFIRMED,HANUMBER,10,PROMOTE_TOTAL_AFTER_SPLIT_REVIEW,https://dwrapps.utah.gov/huntboundary/HuntTableData?species=Elk&gender=Antlerless
EA1203,CORE_DRAW_RESULTS_CONTINUING,CLOSED_CORE,yes,Present in 2025 BIBLE and fresh 2026 DWR Hunt Planner table.,LIVE_2026_AND_2025_BIBLE,CONTINUITY,EA,2020|2021|2022|2023|2024|2025,yes,no,yes,yes,OK,LIVE_AND_DATABASE,MATCH,LIVE_DWR_RES_NR_SPLIT,"Box Elder, Pilot Mtn",Elk,Antlerless,Any Legal Weapon,General Season,4,1,5,4,1,5,no,no,no,no,,,,HIGH_CONFIRMED_2PLUS,HANUMBER,5,PROMOTE_CANDIDATE_AFTER_REVIEW,https://dwrapps.utah.gov/huntboundary/HuntTableData?species=Elk&gender=Antlerless
EA1204,CORE_DRAW_RESULTS_CONTINUING,CLOSED_CORE,yes,Present in 2025 BIBLE and fresh 2026 DWR Hunt Planner table.,LIVE_2026_AND_2025_BIBLE,CONTINUITY,EA,2020|2021|2022|2023|2024|2025,yes,no,yes,yes,OK,LIVE_AND_DATABASE,MATCH,LIVE_DWR_RES_NR_SPLIT,"Box Elder, Pilot Mtn",Elk,Antlerless,Any Legal Weapon,General Season,4,1,5,4,1,5,no,no,no,no,,,,HIGH_CONFIRMED_2PLUS,HANUMBER,5,PROMOTE_CANDIDATE_AFTER_REVIEW,https://dwrapps.utah.gov/huntboundary/HuntTableData?species=Elk&gender=Antlerless
EA1205,HISTORICAL_LIBRARY_ONLY,CLOSED_HISTORICAL,no,Historical BIBLE-library code not part of current 2026 live table.,BIBLE_HISTORICAL_ONLY,HISTORICAL_LIBRARY,EA,2020|2021|2022|2023,no,no,no,no,,,,,,,,,,,,,,,,no,no,no,no,,,,,,,,
EA1206,CORE_DRAW_RESULTS_CONTINUING,CLOSED_CORE,yes,Present in 2025 BIBLE and fresh 2026 DWR Hunt Planner table.,LIVE_2026_AND_2025_BIBLE,CONTINUITY,EA,2020|2021|2022|2023|2024|2025,yes,no,yes,yes,OK,LIVE_AND_DATABASE,MATCH,LIVE_DWR_RES_NR_SPLIT,"Cache, Richmond Hyde Park",Elk,Antlerless,Any Legal Weapon,General Season,9,1,10,9,1,10,no,no,no,no,,,,HIGH_CONFIRMED_2PLUS,HANUMBER,10,PROMOTE_CANDIDATE_AFTER_REVIEW,https://dwrapps.utah.gov/huntboundary/HuntTableData?species=Elk&gender=Antlerless
EA1207,CORE_DRAW_RESULTS_CONTINUING,CLOSED_CORE,yes,Present in 2025 BIBLE and fresh 2026 DWR Hunt Planner table.,LIVE_2026_AND_2025_BIBLE,CONTINUITY,EA,2020|2021|2022|2023|2024|2025,yes,no,yes,yes,OK,LIVE_AND_DATABASE,MATCH,LIVE_DWR_RES_NR_SPLIT,"Nebo, Moroni Hills",Elk,Antlerless,Any Legal Weapon,General Season,9,1,10,9,1,10,no,no,no,no,,,,HIGH_CONFIRMED_2PLUS,HANUMBER,10,PROMOTE_CANDIDATE_AFTER_REVIEW,https://dwrapps.utah.gov/huntboundary/HuntTableData?species=Elk&gender=Antlerless
EA1208,CORE_DRAW_RESULTS_CONTINUING,CLOSED_CORE,yes,Present in 2025 BIBLE and fresh 2026 DWR Hunt Planner table.,LIVE_2026_AND_2025_BIBLE,CONTINUITY,EA,2020|2021|2022|2023|2024|2025,yes,no,yes,yes,OK,LIVE_AND_DATABASE,NUMERIC_MISMATCH,LIVE_DWR_RES_NR_SPLIT,Nebo,Elk,Antlerless,Any Legal Weapon,General Season,292,33,325,247,28,275,no,no,no,no,,,,HIGH_CONFIRMED_2PLUS,HANUMBER,325,PROMOTE_CANDIDATE_AFTER_REVIEW,https://dwrapps.utah.gov/huntboundary/HuntTableData?species=Elk&gender=Antlerless
EA1209,CORE_DRAW_RESULTS_CONTINUING,CLOSED_CORE,yes,Present in 2025 BIBLE and fresh 2026 DWR Hunt Planner table.,LIVE_2026_AND_2025_BIBLE,CONTINUITY,EA,2020|2021|2022|2023|2024|2025,yes,no,yes,yes,OK,LIVE_AND_DATABASE,MATCH,LIVE_DWR_RES_NR_SPLIT,"Fillmore, Oak Creek LE",Elk,Antlerless,Any Legal Weapon,General Season,45,5,50,45,5,50,no,no,no,no,,,,HIGH_CONFIRMED_2PLUS,HANUMBER,50,PROMOTE_CANDIDATE_AFTER_REVIEW,https://dwrapps.utah.gov/huntboundary/HuntTableData?species=Elk&gender=Antlerless
EA1210,HISTORICAL_LIBRARY_ONLY,CLOSED_HISTORICAL,no,Historical BIBLE-library code not part of current 2026 live table.,BIBLE_HISTORICAL_ONLY,HISTORICAL_LIBRARY,EA,2020,no,no,no,no,,,,,,,,,,,,,,,,no,no,no,no,,,,,,,,
EA1211,HISTORICAL_LIBRARY_ONLY,CLOSED_HISTORICAL,no,Historical BIBLE-library code not part of current 2026 live table.,BIBLE_HISTORICAL_ONLY,HISTORICAL_LIBRARY,EA,2020,no,no,no,no,,,,,,,,,,,,,,,,no,no,no,no,,,,,,,,
EA1214,HISTORICAL_LIBRARY_ONLY,CLOSED_HISTORICAL,no,Historical BIBLE-library code not part of current 2026 live table.,BIBLE_HISTORICAL_ONLY,HISTORICAL_LIBRARY,EA,2020,no,no,no,no,,,,,,,,,,,,,,,,no,no,no,no,,,,,,,,
EA1217,CORE_DRAW_RESULTS_CONTINUING,CLOSED_CORE,yes,Present in 2025 BIBLE and fresh 2026 DWR Hunt Planner table.,LIVE_2026_AND_2025_BIBLE,CONTINUITY,EA,2020|2021|2022|2023|2024|2025,yes,no,yes,yes,OK,LIVE_AND_DATABASE,MATCH,LIVE_DWR_RES_NR_SPLIT,"Wasatch Mtns, Avintaquin",Elk,Antlerless,Any Legal Weapon,General Season,135,15,150,135,15,150,no,no,no,no,,,,HIGH_CONFIRMED_2PLUS,HANUMBER,150,PROMOTE_CANDIDATE_AFTER_REVIEW,https://dwrapps.utah.gov/huntboundary/HuntTableData?species=Elk&gender=Antlerless
EA1219,HISTORICAL_LIBRARY_ONLY,CLOSED_HISTORICAL,no,Historical BIBLE-library code not part of current 2026 live table.,BIBLE_HISTORICAL_ONLY,HISTORICAL_LIBRARY,EA,2020,no,no,no,no,,,,,,,,,,,,,,,,no,no,no,no,,,,,,,,
EA1220,CURRENT_PLANNER_EXTRA_REVIEW,REVIEW,maybe,Fresh DWR current planner row not in 2025 BIBLE; unresolved source-family status.,LIVE_2026_NOT_IN_2025_BIBLE,OTHER_CURRENT_PLANNER_NOT_IN_2025_BIBLE,EA,,no,no,yes,yes,OK,LIVE_AND_DATABASE,LIVE_NO_QUOTA_DATABASE_PRESERVED,LIVE_DWR_NO_QUOTA_PUBLISHED,Manti (Expo),Elk,Antlerless,Any Legal Weapon,General Season,,,,,,3,no,no,yes,no,CONSERVATION_PERMITS_DIRECT,SOURCE_DIFFERS_FROM_CURRENT_RECONCILIATION,,REVIEW_REQUIRED,NONE_EXTERNAL_DATABASE_REFERENCE_ONLY,,FIND_EXTERNAL_SOURCE_BEFORE_PROMOTION,https://dwrapps.utah.gov/huntboundary/HuntTableData?species=Elk&gender=Antlerless
EA1221,CURRENT_PLANNER_EXTRA_REVIEW,REVIEW,maybe,Fresh DWR current planner row not in 2025 BIBLE; unresolved source-family status.,LIVE_2026_NOT_IN_2025_BIBLE,OTHER_CURRENT_PLANNER_NOT_IN_2025_BIBLE,EA,,no,no,yes,yes,OK,LIVE_AND_DATABASE,LIVE_NO_QUOTA_DATABASE_PRESERVED,LIVE_DWR_NO_QUOTA_PUBLISHED,Fishlake/Thousand Lake (Expo),Elk,Antlerless,Any Legal Weapon,General Season,,,,,,1,no,no,yes,no,CONSERVATION_PERMITS_DIRECT,SOURCE_DIFFERS_FROM_CURRENT_RECONCILIATION,,REVIEW_REQUIRED,NONE_EXTERNAL_DATABASE_REFERENCE_ONLY,,FIND_EXTERNAL_SOURCE_BEFORE_PROMOTION,https://dwrapps.utah.gov/huntboundary/HuntTableData?species=Elk&gender=Antlerless
EA1222,CORE_DRAW_RESULTS_CONTINUING,CLOSED_CORE,yes,Present in 2025 BIBLE and fresh 2026 DWR Hunt Planner table.,LIVE_2026_AND_2025_BIBLE,CONTINUITY,EA,2020|2021|2022|2023|2024|2025,yes,no,yes,yes,OK,LIVE_AND_DATABASE,NUMERIC_MISMATCH,LIVE_DWR_RES_NR_SPLIT,"Beaver, East",Elk,Antlerless,Any Legal Weapon,General Season,36,4,40,27,3,30,no,no,no,no,,,,HIGH_CONFIRMED_2PLUS,HANUMBER,40,PROMOTE_CANDIDATE_AFTER_REVIEW,https://dwrapps.utah.gov/huntboundary/HuntTableData?species=Elk&gender=Antlerless
EA1223,CORE_DRAW_RESULTS_CONTINUING,CLOSED_CORE,yes,Present in 2025 BIBLE and fresh 2026 DWR Hunt Planner table.,LIVE_2026_AND_2025_BIBLE,CONTINUITY,EA,2020|2021|2022|2023|2024|2025,yes,no,yes,yes,OK,LIVE_AND_DATABASE,NUMERIC_MISMATCH,LIVE_DWR_RES_NR_SPLIT,"Beaver, East",Elk,Antlerless,Any Legal Weapon,General Season,36,4,40,27,3,30,no,no,no,no,,,,HIGH_CONFIRMED_2PLUS,HANUMBER,40,PROMOTE_CANDIDATE_AFTER_REVIEW,https://dwrapps.utah.gov/huntboundary/HuntTableData?species=Elk&gender=Antlerless
EA1224,CORE_DRAW_RESULTS_CONTINUING,CLOSED_CORE,yes,Present in 2025 BIBLE and fresh 2026 DWR Hunt Planner table.,LIVE_2026_AND_2025_BIBLE,CONTINUITY,EA,2020|2021|2022|2023|2024|2025,yes,no,yes,yes,OK,LIVE_AND_DATABASE,MATCH,LIVE_DWR_RES_NR_SPLIT,"Book Cliffs, Bitter Creek/South",Elk,Antlerless,Any Legal Weapon,General Season,117,13,130,117,13,130,no,no,no,no,,,,HIGH_CONFIRMED_2PLUS,HANUMBER,130,PROMOTE_CANDIDATE_AFTER_REVIEW,https://dwrapps.utah.gov/huntboundary/HuntTableData?species=Elk&gender=Antlerless
EA1225,CORE_DRAW_RESULTS_CONTINUING,CLOSED_CORE,yes,Present in 2025 BIBLE and fresh 2026 DWR Hunt Planner table.,LIVE_2026_AND_2025_BIBLE,CONTINUITY,EA,2020|2021|2022|2023|2024|2025,yes,no,yes,yes,OK,LIVE_AND_DATABASE,MATCH,LIVE_DWR_RES_NR_SPLIT,"Book Cliffs, Bitter Creek/South",Elk,Antlerless,Any Legal Weapon,General Season,147,16,163,147,16,163,no,no,no,no,,,,HIGH_CONFIRMED_2PLUS,HANUMBER,163,PROMOTE_CANDIDATE_AFTER_REVIEW,https://dwrapps.utah.gov/huntboundary/HuntTableData?species=Elk&gender=Antlerless
EA1226,CORE_DRAW_RESULTS_CONTINUING,CLOSED_CORE,yes,Present in 2025 BIBLE and fresh 2026 DWR Hunt Planner table.,LIVE_2026_AND_2025_BIBLE,CONTINUITY,EA,2020|2021|2022|2023|2024|2025,yes,no,yes,yes,OK,LIVE_AND_DATABASE,MATCH,LIVE_DWR_RES_NR_SPLIT,"Nebo, Moroni Hills",Elk,Antlerless,Any Legal Weapon,General Season,9,1,10,9,1,10,no,no,no,no,,,,HIGH_CONFIRMED_2PLUS,HANUMBER,10,PROMOTE_CANDIDATE_AFTER_REVIEW,https://dwrapps.utah.gov/huntboundary/HuntTableData?species=Elk&gender=Antlerless
EA1227,HISTORICAL_LIBRARY_ONLY,CLOSED_HISTORICAL,no,Historical BIBLE-library code not part of current 2026 live table.,BIBLE_HISTORICAL_ONLY,HISTORICAL_LIBRARY,EA,2020|2021|2022|2023,no,no,no,no,,,,,,,,,,,,,,,,no,no,no,no,,,,,,,,
EA1228,CORE_DRAW_RESULTS_CONTINUING,CLOSED_CORE,yes,Present in 2025 BIBLE and fresh 2026 DWR Hunt Planner table.,LIVE_2026_AND_2025_BIBLE,CONTINUITY,EA,2020|2021|2022|2023|2024|2025,yes,no,yes,yes,OK,LIVE_AND_DATABASE,MATCH,LIVE_DWR_RES_NR_SPLIT,Morgan-South Rich,Elk,Antlerless,Any Legal Weapon,General Season,67,8,75,67,8,75,no,no,no,no,,,,HIGH_CONFIRMED_2PLUS,HANUMBER,75,PROMOTE_CANDIDATE_AFTER_REVIEW,https://dwrapps.utah.gov/huntboundary/HuntTableData?species=Elk&gender=Antlerless
EA1229,CORE_DRAW_RESULTS_CONTINUING,CLOSED_CORE,yes,Present in 2025 BIBLE and fresh 2026 DWR Hunt Planner table.,LIVE_2026_AND_2025_BIBLE,CONTINUITY,EA,2020|2021|2022|2023|2024|2025,yes,no,yes,yes,OK,LIVE_AND_DATABASE,MATCH,LIVE_DWR_RES_NR_SPLIT,Morgan-South Rich,Elk,Antlerless,Any Legal Weapon,General Season,144,16,160,144,16,160,no,no,no,no,,,,HIGH_CONFIRMED_2PLUS,HANUMBER,160,PROMOTE_CANDIDATE_AFTER_REVIEW,https://dwrapps.utah.gov/huntboundary/HuntTableData?species=Elk&gender=Antlerless
EA1230,HISTORICAL_LIBRARY_ONLY,CLOSED_HISTORICAL,no,Historical BIBLE-library code not part of current 2026 live table.,BIBLE_HISTORICAL_ONLY,HISTORICAL_LIBRARY,EA,2020,no,no,no,no,,,,,,,,,,,,,,,,no,no,no,no,,,,,,,,
EA1231,CORE_DRAW_RESULTS_CONTINUING,CLOSED_CORE,yes,Present in 2025 BIBLE and fresh 2026 DWR Hunt Planner table.,LIVE_2026_AND_2025_BIBLE,CONTINUITY,EA,2020|2021|2022|2023|2024|2025,yes,no,yes,yes,OK,LIVE_AND_DATABASE,MATCH,LIVE_DWR_RES_NR_SPLIT,"West Desert, Tintic Valley",Elk,Antlerless,Any Legal Weapon,General Season,45,5,50,45,5,50,no,no,no,no,,,,HIGH_CONFIRMED_2PLUS,HANUMBER,50,PROMOTE_CANDIDATE_AFTER_REVIEW,https://dwrapps.utah.gov/huntboundary/HuntTableData?species=Elk&gender=Antlerless
EA1233,CORE_DRAW_RESULTS_CONTINUING,CLOSED_CORE,yes,Present in 2025 BIBLE and fresh 2026 DWR Hunt Planner table.,LIVE_2026_AND_2025_BIBLE,CONTINUITY,EA,2021|2022|2023|2024|2025,yes,no,yes,yes,OK,LIVE_AND_DATABASE,TOTAL_MATCH_SPLIT_DIFFERS,LIVE_DWR_CWMU_TOTAL_ONLY_FROM_QUOTA_RES,Avintaquin Canyon CWMU,Elk,Antlerless,Any Legal Weapon,CWMU,,,4,4,0,4,no,no,no,no,,,,MEDIUM_TOTAL_CONFIRMED,HANUMBER,4,PROMOTE_TOTAL_AFTER_SPLIT_REVIEW,https://dwrapps.utah.gov/huntboundary/HuntTableData?species=Elk&gender=Antlerless
EA1234,CORE_DRAW_RESULTS_CONTINUING,CLOSED_CORE,yes,Present in 2025 BIBLE and fresh 2026 DWR Hunt Planner table.,LIVE_2026_AND_2025_BIBLE,CONTINUITY,EA,2021|2022|2023|2024|2025,yes,no,yes,yes,OK,LIVE_AND_DATABASE,TOTAL_MATCH_SPLIT_DIFFERS,LIVE_DWR_CWMU_TOTAL_ONLY_FROM_QUOTA_RES,Royal Ivory Outfitters CWMU,Elk,Antlerless,Any Legal Weapon,CWMU,,,15,15,0,15,no,no,no,no,,,,MEDIUM_TOTAL_CONFIRMED,HANUMBER,15,PROMOTE_TOTAL_AFTER_SPLIT_REVIEW,https://dwrapps.utah.gov/huntboundary/HuntTableData?species=Elk&gender=Antlerless
EA1235,CORE_DRAW_RESULTS_CONTINUING,CLOSED_CORE,yes,Present in 2025 BIBLE and fresh 2026 DWR Hunt Planner table.,LIVE_2026_AND_2025_BIBLE,CONTINUITY,EA,2021|2022|2023|2024|2025,yes,no,yes,yes,OK,LIVE_AND_DATABASE,TOTAL_MATCH_SPLIT_DIFFERS,LIVE_DWR_CWMU_TOTAL_ONLY_FROM_QUOTA_RES,Sharp Mountain CWMU,Elk,Antlerless,Any Legal Weapon,CWMU,,,10,10,0,10,no,no,no,no,,,,MEDIUM_TOTAL_CONFIRMED,HANUMBER,10,PROMOTE_TOTAL_AFTER_SPLIT_REVIEW,https://dwrapps.utah.gov/huntboundary/HuntTableData?species=Elk&gender=Antlerless
EA1236,CORE_DRAW_RESULTS_CONTINUING,CLOSED_CORE,yes,Present in 2025 BIBLE and fresh 2026 DWR Hunt Planner table.,LIVE_2026_AND_2025_BIBLE,CONTINUITY,EA,2021|2022|2023|2024|2025,yes,no,yes,yes,OK,LIVE_AND_DATABASE,MATCH,LIVE_DWR_RES_NR_SPLIT,East Canyon,Elk,Antlerless,Any Legal Weapon,General Season,135,15,150,135,15,150,no,no,no,no,,,,HIGH_CONFIRMED_2PLUS,HANUMBER,150,PROMOTE_CANDIDATE_AFTER_REVIEW,https://dwrapps.utah.gov/huntboundary/HuntTableData?species=Elk&gender=Antlerless
EA1237,CORE_DRAW_RESULTS_CONTINUING,CLOSED_CORE,yes,Present in 2025 BIBLE and fresh 2026 DWR Hunt Planner table.,LIVE_2026_AND_2025_BIBLE,CONTINUITY,EA,2021|2022|2023|2024|2025,yes,no,yes,yes,OK,LIVE_AND_DATABASE,MATCH,LIVE_DWR_RES_NR_SPLIT,La Sal Mtns-North,Elk,Antlerless,Any Legal Weapon,General Season,157,18,175,157,18,175,no,no,no,no,,,,HIGH_CONFIRMED_2PLUS,HANUMBER,175,PROMOTE_CANDIDATE_AFTER_REVIEW,https://dwrapps.utah.gov/huntboundary/HuntTableData?species=Elk&gender=Antlerless
EA1238,HISTORICAL_LIBRARY_ONLY,CLOSED_HISTORICAL,no,Historical BIBLE-library code not part of current 2026 live table.,BIBLE_HISTORICAL_ONLY,HISTORICAL_LIBRARY,EA,2021|2022,no,no,no,no,,,,,,,,,,,,,,,,no,no,no,no,,,,,,,,
EA1239,CORE_DRAW_RESULTS_CONTINUING,CLOSED_CORE,yes,Present in 2025 BIBLE and fresh 2026 DWR Hunt Planner table.,LIVE_2026_AND_2025_BIBLE,CONTINUITY,EA,2021|2022|2023|2024|2025,yes,no,yes,yes,OK,LIVE_AND_DATABASE,MATCH,LIVE_DWR_RES_NR_SPLIT,"Nine Mile, Range Creek",Elk,Antlerless,Any Legal Weapon,General Season,45,5,50,45,5,50,no,no,no,no,,,,HIGH_CONFIRMED_2PLUS,HANUMBER,50,PROMOTE_CANDIDATE_AFTER_REVIEW,https://dwrapps.utah.gov/huntboundary/HuntTableData?species=Elk&gender=Antlerless
EA1240,CORE_DRAW_RESULTS_CONTINUING,CLOSED_CORE,yes,Present in 2025 BIBLE and fresh 2026 DWR Hunt Planner table.,LIVE_2026_AND_2025_BIBLE,CONTINUITY,EA,2021|2022|2023|2024|2025,yes,no,yes,yes,OK,LIVE_AND_DATABASE,MATCH,LIVE_DWR_RES_NR_SPLIT,"Nine Mile, Range Creek",Elk,Antlerless,Any Legal Weapon,General Season,135,15,150,135,15,150,no,no,no,no,,,,HIGH_CONFIRMED_2PLUS,HANUMBER,150,PROMOTE_CANDIDATE_AFTER_REVIEW,https://dwrapps.utah.gov/huntboundary/HuntTableData?species=Elk&gender=Antlerless
EA1241,HISTORICAL_LIBRARY_ONLY,CLOSED_HISTORICAL,no,Historical BIBLE-library code not part of current 2026 live table.,BIBLE_HISTORICAL_ONLY,HISTORICAL_LIBRARY,EA,2021,no,no,no,no,,,,,,,,,,,,,,,,no,no,no,no,,,,,,,,
EA1242,CORE_DRAW_RESULTS_CONTINUING,CLOSED_CORE,yes,Present in 2025 BIBLE and fresh 2026 DWR Hunt Planner table.,LIVE_2026_AND_2025_BIBLE,CONTINUITY,EA,2021|2022|2023|2024|2025,yes,no,yes,yes,OK,LIVE_AND_DATABASE,MATCH,LIVE_DWR_RES_NR_SPLIT,"Vernal, Buckskin Hills-Jensen",Elk,Antlerless,Any Legal Weapon,General Season,90,10,100,90,10,100,no,no,no,no,,,,HIGH_CONFIRMED_2PLUS,HANUMBER,100,PROMOTE_CANDIDATE_AFTER_REVIEW,https://dwrapps.utah.gov/huntboundary/HuntTableData?species=Elk&gender=Antlerless
EA1243,CORE_DRAW_RESULTS_CONTINUING,CLOSED_CORE,yes,Present in 2025 BIBLE and fresh 2026 DWR Hunt Planner table.,LIVE_2026_AND_2025_BIBLE,CONTINUITY,EA,2021|2022|2023|2024|2025,yes,no,yes,yes,OK,LIVE_AND_DATABASE,MATCH,LIVE_DWR_RES_NR_SPLIT,"Vernal, Buckskin Hills-Jensen",Elk,Antlerless,Any Legal Weapon,General Season,90,10,100,90,10,100,no,no,no,no,,,,HIGH_CONFIRMED_2PLUS,HANUMBER,100,PROMOTE_CANDIDATE_AFTER_REVIEW,https://dwrapps.utah.gov/huntboundary/HuntTableData?species=Elk&gender=Antlerless
EA1244,CORE_DRAW_RESULTS_CONTINUING,CLOSED_CORE,yes,Present in 2025 BIBLE and fresh 2026 DWR Hunt Planner table.,LIVE_2026_AND_2025_BIBLE,CONTINUITY,EA,2021|2022|2023|2024|2025,yes,no,yes,yes,OK,LIVE_AND_DATABASE,MATCH,LIVE_DWR_RES_NR_SPLIT,Yellowstone,Elk,Antlerless,Any Legal Weapon,General Season,90,10,100,90,10,100,no,no,no,no,,,,HIGH_CONFIRMED_2PLUS,HANUMBER,100,PROMOTE_CANDIDATE_AFTER_REVIEW,https://dwrapps.utah.gov/huntboundary/HuntTableData?species=Elk&gender=Antlerless
EA1245,CORE_DRAW_RESULTS_CONTINUING,CLOSED_CORE,yes,Present in 2025 BIBLE and fresh 2026 DWR Hunt Planner table.,LIVE_2026_AND_2025_BIBLE,CONTINUITY,EA,2021|2022|2023|2024|2025,yes,no,yes,yes,OK,LIVE_AND_DATABASE,MATCH,LIVE_DWR_RES_NR_SPLIT,Yellowstone,Elk,Antlerless,Muzzleloader,General Season,45,5,50,45,5,50,no,no,no,no,,,,HIGH_CONFIRMED_2PLUS,HANUMBER,50,PROMOTE_CANDIDATE_AFTER_REVIEW,https://dwrapps.utah.gov/huntboundary/HuntTableData?species=Elk&gender=Antlerless
EA1250,CORE_DRAW_RESULTS_CONTINUING,CLOSED_CORE,yes,Present in 2025 BIBLE and fresh 2026 DWR Hunt Planner table.,LIVE_2026_AND_2025_BIBLE,CONTINUITY,EA,2022|2023|2024|2025,yes,no,yes,yes,OK,LIVE_AND_DATABASE,MATCH,LIVE_DWR_RES_NR_SPLIT,"North Slope, West Daggett",Elk,Antlerless,Any Legal Weapon,General Season,27,3,30,27,3,30,no,no,no,no,,,,HIGH_CONFIRMED_2PLUS,HANUMBER,30,PROMOTE_CANDIDATE_AFTER_REVIEW,https://dwrapps.utah.gov/huntboundary/HuntTableData?species=Elk&gender=Antlerless
EA1251,CORE_DRAW_RESULTS_CONTINUING,CLOSED_CORE,yes,Present in 2025 BIBLE and fresh 2026 DWR Hunt Planner table.,LIVE_2026_AND_2025_BIBLE,CONTINUITY,EA,2022|2023|2024|2025,yes,no,yes,yes,OK,LIVE_AND_DATABASE,NUMERIC_MISMATCH,LIVE_DWR_RES_NR_SPLIT,"Southwest Desert, Burbank/Garrison",Elk,Antlerless,Any Legal Weapon,General Season,11,1,12,13,2,15,no,no,no,no,,,,HIGH_CONFIRMED_2PLUS,HANUMBER,12,PROMOTE_CANDIDATE_AFTER_REVIEW,https://dwrapps.utah.gov/huntboundary/HuntTableData?species=Elk&gender=Antlerless
EA1252,DATABASE_REFERENCE_NOT_LIVE_TABLE,REVIEW,no,Database row is not exposed by the fresh DWR live table; do not count as active core without source review.,DATABASE_NOT_IN_LIVE_TABLE,DATABASE_REFERENCE_OR_ARCHIVE_REVIEW,EA,2022|2023|2024,no,no,no,yes,OK,DATABASE_ONLY,DATABASE_ONLY,,"Southwest Desert, Burbank/Garrison",Elk,Antlerless,Any Legal Weapon,General Season,,,,4,1,5,no,no,no,no,,,,MEDIUM_SINGLE_SOURCE,HANUMBER,5,PROMOTE_CANDIDATE_AFTER_REVIEW,
EA1253,HISTORICAL_LIBRARY_ONLY,CLOSED_HISTORICAL,no,Historical BIBLE-library code not part of current 2026 live table.,BIBLE_HISTORICAL_ONLY,HISTORICAL_LIBRARY,EA,2022|2023,no,no,no,no,,,,,,,,,,,,,,,,no,no,no,no,,,,,,,,
EA1254,CORE_DRAW_RESULTS_CONTINUING,CLOSED_CORE,yes,Present in 2025 BIBLE and fresh 2026 DWR Hunt Planner table.,LIVE_2026_AND_2025_BIBLE,CONTINUITY,EA,2022|2023|2024|2025,yes,no,yes,yes,OK,LIVE_AND_DATABASE,MATCH,LIVE_DWR_RES_NR_SPLIT,Pine Valley,Elk,Antlerless,Any Legal Weapon,General Season,27,3,30,27,3,30,no,no,no,no,,,,HIGH_CONFIRMED_2PLUS,HANUMBER,30,PROMOTE_CANDIDATE_AFTER_REVIEW,https://dwrapps.utah.gov/huntboundary/HuntTableData?species=Elk&gender=Antlerless
EA1255,HISTORICAL_LIBRARY_ONLY,CLOSED_HISTORICAL,no,Historical BIBLE-library code not part of current 2026 live table.,BIBLE_HISTORICAL_ONLY,HISTORICAL_LIBRARY,EA,2022|2023,no,no,no,no,,,,,,,,,,,,,,,,no,no,no,no,,,,,,,,
EA1256,CORE_DRAW_RESULTS_CONTINUING,CLOSED_CORE,yes,Present in 2025 BIBLE and fresh 2026 DWR Hunt Planner table.,LIVE_2026_AND_2025_BIBLE,CONTINUITY,EA,2022|2023|2024|2025,yes,no,yes,yes,OK,LIVE_AND_DATABASE,TOTAL_MATCH_SPLIT_DIFFERS,LIVE_DWR_CWMU_TOTAL_ONLY_FROM_QUOTA_RES,Little Pole Canyon CWMU,Elk,Antlerless,Any Legal Weapon,CWMU,,,9,9,0,9,no,no,no,no,,,,MEDIUM_TOTAL_CONFIRMED,HANUMBER,9,PROMOTE_TOTAL_AFTER_SPLIT_REVIEW,https://dwrapps.utah.gov/huntboundary/HuntTableData?species=Elk&gender=Antlerless
EA1257,CORE_DRAW_RESULTS_CONTINUING,CLOSED_CORE,yes,Present in 2025 BIBLE and fresh 2026 DWR Hunt Planner table.,LIVE_2026_AND_2025_BIBLE,CONTINUITY,EA,2022|2023|2025,yes,no,yes,yes,OK,LIVE_AND_DATABASE,TOTAL_MATCH_SPLIT_DIFFERS,LIVE_DWR_CWMU_TOTAL_ONLY_FROM_QUOTA_RES,Tunnel Hollow CWMU,Elk,Antlerless,Any Legal Weapon,CWMU,,,5,5,0,5,no,no,no,no,,,,MEDIUM_TOTAL_CONFIRMED,HANUMBER,5,PROMOTE_TOTAL_AFTER_SPLIT_REVIEW,https://dwrapps.utah.gov/huntboundary/HuntTableData?species=Elk&gender=Antlerless
EA1258,CURRENT_PLANNER_EXTRA_REVIEW,REVIEW,maybe,Fresh DWR current planner row not in 2025 BIBLE; unresolved source-family status.,LIVE_2026_NOT_IN_2025_BIBLE,OTHER_CURRENT_PLANNER_NOT_IN_2025_BIBLE,EA,,no,no,yes,yes,OK,LIVE_AND_DATABASE,LIVE_NO_QUOTA_DATABASE_PRESERVED,LIVE_DWR_NO_QUOTA_PUBLISHED,La Sal (Expo),Elk,Antlerless,Any Legal Weapon,General Season,,,,,,1,no,no,no,no,,,,REVIEW_REQUIRED,NONE_EXTERNAL_DATABASE_REFERENCE_ONLY,,FIND_EXTERNAL_SOURCE_BEFORE_PROMOTION,https://dwrapps.utah.gov/huntboundary/HuntTableData?species=Elk&gender=Antlerless
EA1259,CORE_DRAW_RESULTS_CONTINUING,CLOSED_CORE,yes,Present in 2025 BIBLE and fresh 2026 DWR Hunt Planner table.,LIVE_2026_AND_2025_BIBLE,CONTINUITY,EA,2024|2025,yes,no,yes,yes,OK,LIVE_AND_DATABASE,TOTAL_MATCH_SPLIT_DIFFERS,LIVE_DWR_CWMU_TOTAL_ONLY_FROM_QUOTA_RES,Diamond Mountain CWMU,Elk,Antlerless,Any Legal Weapon,CWMU,,,2,2,0,2,no,no,no,no,,,,MEDIUM_TOTAL_CONFIRMED,HANUMBER,2,PROMOTE_TOTAL_AFTER_SPLIT_REVIEW,https://dwrapps.utah.gov/huntboundary/HuntTableData?species=Elk&gender=Antlerless
EA1260,CORE_DRAW_RESULTS_CONTINUING,CLOSED_CORE,yes,Present in 2025 BIBLE and fresh 2026 DWR Hunt Planner table.,LIVE_2026_AND_2025_BIBLE,CONTINUITY,EA,2024|2025,yes,no,yes,yes,OK,LIVE_AND_DATABASE,TOTAL_MATCH_SPLIT_DIFFERS,LIVE_DWR_CWMU_TOTAL_ONLY_FROM_QUOTA_RES,West Ridge CWMU,Elk,Antlerless,Any Legal Weapon,CWMU,,,5,5,0,5,no,no,no,no,,,,MEDIUM_TOTAL_CONFIRMED,HANUMBER,5,PROMOTE_TOTAL_AFTER_SPLIT_REVIEW,https://dwrapps.utah.gov/huntboundary/HuntTableData?species=Elk&gender=Antlerless
EA1261,CORE_DRAW_RESULTS_CONTINUING,CLOSED_CORE,yes,Present in 2025 BIBLE and fresh 2026 DWR Hunt Planner table.,LIVE_2026_AND_2025_BIBLE,CONTINUITY,EA,2024|2025,yes,no,yes,yes,OK,LIVE_AND_DATABASE,TOTAL_MATCH_SPLIT_DIFFERS,LIVE_DWR_CWMU_TOTAL_ONLY_FROM_QUOTA_RES,Blackhawk CWMU,Elk,Antlerless,Any Legal Weapon,CWMU,,,5,5,0,5,no,no,no,no,,,,MEDIUM_TOTAL_CONFIRMED,HANUMBER,5,PROMOTE_TOTAL_AFTER_SPLIT_REVIEW,https://dwrapps.utah.gov/huntboundary/HuntTableData?species=Elk&gender=Antlerless
EA1263,CORE_DRAW_RESULTS_CONTINUING,CLOSED_CORE,yes,Present in 2025 BIBLE and fresh 2026 DWR Hunt Planner table.,LIVE_2026_AND_2025_BIBLE,CONTINUITY,EA,2025,yes,no,yes,yes,OK,LIVE_AND_DATABASE,TOTAL_MATCH_SPLIT_DIFFERS,LIVE_DWR_CWMU_TOTAL_ONLY_FROM_QUOTA_RES,Weber Florence Creek/Stillman Creek CWMU,Elk,Antlerless,Any Legal Weapon,CWMU,,,35,35,0,35,no,no,no,no,,,,MEDIUM_TOTAL_CONFIRMED,HANUMBER,35,PROMOTE_TOTAL_AFTER_SPLIT_REVIEW,https://dwrapps.utah.gov/huntboundary/HuntTableData?species=Elk&gender=Antlerless
EA1264,CORE_DRAW_RESULTS_CONTINUING,CLOSED_CORE,yes,Present in 2025 BIBLE and fresh 2026 DWR Hunt Planner table.,LIVE_2026_AND_2025_BIBLE,CONTINUITY,EA,2024|2025,yes,no,yes,yes,OK,LIVE_AND_DATABASE,MATCH,LIVE_DWR_RES_NR_SPLIT,"Wasatch Mtns, Rabbit Gulch",Elk,Antlerless,Any Legal Weapon,General Season,45,5,50,45,5,50,no,no,no,no,,,,HIGH_CONFIRMED_2PLUS,HANUMBER,50,PROMOTE_CANDIDATE_AFTER_REVIEW,https://dwrapps.utah.gov/huntboundary/HuntTableData?species=Elk&gender=Antlerless
EA1265,CORE_DRAW_RESULTS_CONTINUING,CLOSED_CORE,yes,Present in 2025 BIBLE and fresh 2026 DWR Hunt Planner table.,LIVE_2026_AND_2025_BIBLE,CONTINUITY,EA,2024|2025,yes,no,yes,yes,OK,LIVE_AND_DATABASE,MATCH,LIVE_DWR_RES_NR_SPLIT,"Wasatch Mtns, Tabby Mtn",Elk,Antlerless,Any Legal Weapon,General Season,90,10,100,90,10,100,no,no,no,no,,,,HIGH_CONFIRMED_2PLUS,HANUMBER,100,PROMOTE_CANDIDATE_AFTER_REVIEW,https://dwrapps.utah.gov/huntboundary/HuntTableData?species=Elk&gender=Antlerless
EA1266,CORE_DRAW_RESULTS_CONTINUING,CLOSED_CORE,yes,Present in 2025 BIBLE and fresh 2026 DWR Hunt Planner table.,LIVE_2026_AND_2025_BIBLE,CONTINUITY,EA,2024|2025,yes,no,yes,yes,OK,LIVE_AND_DATABASE,NUMERIC_MISMATCH,LIVE_DWR_RES_NR_SPLIT,"Box Elder, Hansel Mtn",Elk,Antlerless,Any Legal Weapon,General Season,27,3,30,18,2,20,no,no,no,no,,,,HIGH_CONFIRMED_2PLUS,HANUMBER,30,PROMOTE_CANDIDATE_AFTER_REVIEW,https://dwrapps.utah.gov/huntboundary/HuntTableData?species=Elk&gender=Antlerless
EA1267,CORE_DRAW_RESULTS_CONTINUING,CLOSED_CORE,yes,Present in 2025 BIBLE and fresh 2026 DWR Hunt Planner table.,LIVE_2026_AND_2025_BIBLE,CONTINUITY,EA,2024|2025,yes,no,yes,yes,OK,LIVE_AND_DATABASE,NUMERIC_MISMATCH,LIVE_DWR_RES_NR_SPLIT,Cache,Elk,Antlerless,Any Legal Weapon,General Season,180,20,200,81,9,90,no,no,no,no,,,,HIGH_CONFIRMED_2PLUS,HANUMBER,200,PROMOTE_CANDIDATE_AFTER_REVIEW,https://dwrapps.utah.gov/huntboundary/HuntTableData?species=Elk&gender=Antlerless
EA1268,CORE_DRAW_RESULTS_CONTINUING,CLOSED_CORE,yes,Present in 2025 BIBLE and fresh 2026 DWR Hunt Planner table.,LIVE_2026_AND_2025_BIBLE,CONTINUITY,EA,2024|2025,yes,no,yes,yes,OK,LIVE_AND_DATABASE,MATCH,LIVE_DWR_RES_NR_SPLIT,"North Slope, Summit",Elk,Antlerless,Archery,General Season,180,20,200,180,20,200,no,no,no,no,,,,HIGH_CONFIRMED_2PLUS,HANUMBER,200,PROMOTE_CANDIDATE_AFTER_REVIEW,https://dwrapps.utah.gov/huntboundary/HuntTableData?species=Elk&gender=Antlerless
EA1269,CORE_DRAW_RESULTS_CONTINUING,CLOSED_CORE,yes,Present in 2025 BIBLE and fresh 2026 DWR Hunt Planner table.,LIVE_2026_AND_2025_BIBLE,CONTINUITY,EA,2024|2025,yes,no,yes,yes,OK,LIVE_AND_DATABASE,NUMERIC_MISMATCH,LIVE_DWR_RES_NR_SPLIT,Ogden (Excludes Hyrum),Elk,Antlerless,Any Legal Weapon,General Season,270,30,300,180,20,200,no,no,no,no,,,,HIGH_CONFIRMED_2PLUS,HANUMBER,300,PROMOTE_CANDIDATE_AFTER_REVIEW,https://dwrapps.utah.gov/huntboundary/HuntTableData?species=Elk&gender=Antlerless
EA1270,SEPARATE_CONSERVATION_LAYER,CLOSED_SEPARATE_LAYER,no,"Conservation permit family; use separate conservation layer, not core-count inflation.",LIVE_2026_NOT_IN_2025_BIBLE,CONSERVATION_CURRENT_PLANNER,EA,,no,no,yes,yes,OK,LIVE_AND_DATABASE,LIVE_NO_QUOTA_DATABASE_PRESERVED,LIVE_DWR_NO_QUOTA_PUBLISHED,Fishlake (Conservation),Elk,Antlerless,Any Legal Weapon,Conservation,,,,,,4,no,no,yes,yes,CONSERVATION_PERMITS_DIRECT,SOURCE_MATCHES_DATABASE,,REVIEW_REQUIRED,NONE_EXTERNAL_DATABASE_REFERENCE_ONLY,,FIND_EXTERNAL_SOURCE_BEFORE_PROMOTION,https://dwrapps.utah.gov/huntboundary/HuntTableData?species=Elk&gender=Antlerless
EA1271,SEPARATE_CONSERVATION_LAYER,CLOSED_SEPARATE_LAYER,no,"Conservation permit family; use separate conservation layer, not core-count inflation.",LIVE_2026_NOT_IN_2025_BIBLE,CONSERVATION_CURRENT_PLANNER,EA,,no,no,yes,yes,OK,LIVE_AND_DATABASE,LIVE_NO_QUOTA_DATABASE_PRESERVED,LIVE_DWR_NO_QUOTA_PUBLISHED,Manti (Conservation),Elk,Antlerless,Any Legal Weapon,Conservation,,,,,,4,no,no,yes,yes,CONSERVATION_PERMITS_DIRECT,SOURCE_MATCHES_DATABASE,,REVIEW_REQUIRED,NONE_EXTERNAL_DATABASE_REFERENCE_ONLY,,FIND_EXTERNAL_SOURCE_BEFORE_PROMOTION,https://dwrapps.utah.gov/huntboundary/HuntTableData?species=Elk&gender=Antlerless
EA1272,CORE_DRAW_RESULTS_CONTINUING,CLOSED_CORE,yes,Present in 2025 BIBLE and fresh 2026 DWR Hunt Planner table.,LIVE_2026_AND_2025_BIBLE,CONTINUITY,EA,2025,yes,no,yes,yes,OK,LIVE_AND_DATABASE,MATCH,LIVE_DWR_RES_NR_SPLIT,"East Canyon, East",Elk,Antlerless,Any Legal Weapon,General Season,135,15,150,135,15,150,no,no,no,no,,,,HIGH_CONFIRMED_2PLUS,HANUMBER,150,PROMOTE_CANDIDATE_AFTER_REVIEW,https://dwrapps.utah.gov/huntboundary/HuntTableData?species=Elk&gender=Antlerless
EA1273,CORE_DRAW_RESULTS_CONTINUING,CLOSED_CORE,yes,Present in 2025 BIBLE and fresh 2026 DWR Hunt Planner table.,LIVE_2026_AND_2025_BIBLE,CONTINUITY,EA,2025,yes,no,yes,yes,OK,LIVE_AND_DATABASE,MATCH,LIVE_DWR_RES_NR_SPLIT,"North Slope, Three Corners",Elk,Antlerless,Any Legal Weapon,General Season,22,3,25,22,3,25,no,no,no,no,,,,HIGH_CONFIRMED_2PLUS,HANUMBER,25,PROMOTE_CANDIDATE_AFTER_REVIEW,https://dwrapps.utah.gov/huntboundary/HuntTableData?species=Elk&gender=Antlerless
EA1274,CORE_DRAW_RESULTS_CONTINUING,CLOSED_CORE,yes,Present in 2025 BIBLE and fresh 2026 DWR Hunt Planner table.,LIVE_2026_AND_2025_BIBLE,CONTINUITY,EA,2025,yes,no,yes,yes,OK,LIVE_AND_DATABASE,MATCH,LIVE_DWR_RES_NR_SPLIT,"North Slope, Three Corners",Elk,Antlerless,Archery,General Season,22,3,25,22,3,25,no,no,no,no,,,,HIGH_CONFIRMED_2PLUS,HANUMBER,25,PROMOTE_CANDIDATE_AFTER_REVIEW,https://dwrapps.utah.gov/huntboundary/HuntTableData?species=Elk&gender=Antlerless
EA1276,CORE_DRAW_RESULTS_CONTINUING,CLOSED_CORE,yes,Present in 2025 BIBLE and fresh 2026 DWR Hunt Planner table.,LIVE_2026_AND_2025_BIBLE,CONTINUITY,EA,2025,yes,no,yes,yes,OK,LIVE_AND_DATABASE,MATCH,LIVE_DWR_RES_NR_SPLIT,"Wasatch Mtns, Box Elder Peak",Elk,Antlerless,Any Legal Weapon,General Season,40,5,45,40,5,45,no,no,no,no,,,,HIGH_CONFIRMED_2PLUS,HANUMBER,45,PROMOTE_CANDIDATE_AFTER_REVIEW,https://dwrapps.utah.gov/huntboundary/HuntTableData?species=Elk&gender=Antlerless
EA1277,CORE_DRAW_RESULTS_CONTINUING,CLOSED_CORE,yes,Present in 2025 BIBLE and fresh 2026 DWR Hunt Planner table.,LIVE_2026_AND_2025_BIBLE,CONTINUITY,EA,2025,yes,no,yes,yes,OK,LIVE_AND_DATABASE,MATCH,LIVE_DWR_RES_NR_SPLIT,"North Slope, Three Corners",Elk,Antlerless,Any Legal Weapon,General Season,22,3,25,22,3,25,no,no,no,no,,,,HIGH_CONFIRMED_2PLUS,HANUMBER,25,PROMOTE_CANDIDATE_AFTER_REVIEW,https://dwrapps.utah.gov/huntboundary/HuntTableData?species=Elk&gender=Antlerless
EA1278,CORE_DRAW_RESULTS_CONTINUING,CLOSED_CORE,yes,Present in 2025 BIBLE and fresh 2026 DWR Hunt Planner table.,LIVE_2026_AND_2025_BIBLE,CONTINUITY,EA,2025,yes,no,yes,yes,OK,LIVE_AND_DATABASE,MATCH,LIVE_DWR_RES_NR_SPLIT,"Manti, Ferron-Nelson Mtn",Elk,Antlerless,Any Legal Weapon,General Season,45,5,50,45,5,50,no,no,no,no,,,,HIGH_CONFIRMED_2PLUS,HANUMBER,50,PROMOTE_CANDIDATE_AFTER_REVIEW,https://dwrapps.utah.gov/huntboundary/HuntTableData?species=Elk&gender=Antlerless
EA1279,CORE_DRAW_RESULTS_CONTINUING,CLOSED_CORE,yes,Present in 2025 BIBLE and fresh 2026 DWR Hunt Planner table.,LIVE_2026_AND_2025_BIBLE,CONTINUITY,EA,2025,yes,no,yes,yes,OK,LIVE_AND_DATABASE,MATCH,LIVE_DWR_RES_NR_SPLIT,"Manti, Ferron-Nelson Mtn",Elk,Antlerless,Any Legal Weapon,General Season,45,5,50,45,5,50,no,no,no,no,,,,HIGH_CONFIRMED_2PLUS,HANUMBER,50,PROMOTE_CANDIDATE_AFTER_REVIEW,https://dwrapps.utah.gov/huntboundary/HuntTableData?species=Elk&gender=Antlerless
EA1280,CORE_DRAW_RESULTS_CONTINUING,CLOSED_CORE,yes,Present in 2025 BIBLE and fresh 2026 DWR Hunt Planner table.,LIVE_2026_AND_2025_BIBLE,CONTINUITY,EA,2025,yes,no,yes,yes,OK,LIVE_AND_DATABASE,MATCH,LIVE_DWR_RES_NR_SPLIT,"La Sal, La Sal Mtns-North",Elk,Antlerless,Any Legal Weapon,General Season,157,18,175,157,18,175,no,no,no,no,,,,HIGH_CONFIRMED_2PLUS,HANUMBER,175,PROMOTE_CANDIDATE_AFTER_REVIEW,https://dwrapps.utah.gov/huntboundary/HuntTableData?species=Elk&gender=Antlerless
EA1281,CORE_DRAW_RESULTS_CONTINUING,CLOSED_CORE,yes,Present in 2025 BIBLE and fresh 2026 DWR Hunt Planner table.,LIVE_2026_AND_2025_BIBLE,CONTINUITY,EA,2025,yes,no,yes,yes,OK,LIVE_AND_DATABASE,MATCH,LIVE_DWR_RES_NR_SPLIT,"Mt Dutton, Deep Creek",Elk,Antlerless,Any Legal Weapon,General Season,67,8,75,67,8,75,no,no,no,no,,,,HIGH_CONFIRMED_2PLUS,HANUMBER,75,PROMOTE_CANDIDATE_AFTER_REVIEW,https://dwrapps.utah.gov/huntboundary/HuntTableData?species=Elk&gender=Antlerless
EA1282,CORE_DRAW_RESULTS_CONTINUING,CLOSED_CORE,yes,Present in 2025 BIBLE and fresh 2026 DWR Hunt Planner table.,LIVE_2026_AND_2025_BIBLE,CONTINUITY,EA,2025,yes,no,yes,yes,OK,LIVE_AND_DATABASE,MATCH,LIVE_DWR_RES_NR_SPLIT,"Ogden, North",Elk,Antlerless,Archery,General Season,180,20,200,180,20,200,no,no,no,no,,,,HIGH_CONFIRMED_2PLUS,HANUMBER,200,PROMOTE_CANDIDATE_AFTER_REVIEW,https://dwrapps.utah.gov/huntboundary/HuntTableData?species=Elk&gender=Antlerless
EA1283,CORE_DRAW_RESULTS_CONTINUING,CLOSED_CORE,yes,Present in 2025 BIBLE and fresh 2026 DWR Hunt Planner table.,LIVE_2026_AND_2025_BIBLE,CONTINUITY,EA,2025,yes,no,yes,yes,OK,LIVE_AND_DATABASE,MATCH,LIVE_DWR_RES_NR_SPLIT,Panguitch Lake,Elk,Antlerless,Archery,General Season,31,4,35,31,4,35,no,no,no,no,,,,HIGH_CONFIRMED_2PLUS,HANUMBER,35,PROMOTE_CANDIDATE_AFTER_REVIEW,https://dwrapps.utah.gov/huntboundary/HuntTableData?species=Elk&gender=Antlerless
EA1284,CORE_DRAW_RESULTS_CONTINUING,CLOSED_CORE,yes,Present in 2025 BIBLE and fresh 2026 DWR Hunt Planner table.,LIVE_2026_AND_2025_BIBLE,CONTINUITY,EA,2025,yes,no,yes,yes,OK,LIVE_AND_DATABASE,NUMERIC_MISMATCH,LIVE_DWR_RES_NR_SPLIT,Panguitch Lake,Elk,Antlerless,Muzzleloader,General Season,49,6,55,31,4,35,no,no,no,no,,,,HIGH_CONFIRMED_2PLUS,HANUMBER,55,PROMOTE_CANDIDATE_AFTER_REVIEW,https://dwrapps.utah.gov/huntboundary/HuntTableData?species=Elk&gender=Antlerless
EA1285,CORE_DRAW_RESULTS_CONTINUING,CLOSED_CORE,yes,Present in 2025 BIBLE and fresh 2026 DWR Hunt Planner table.,LIVE_2026_AND_2025_BIBLE,CONTINUITY,EA,2025,yes,no,yes,yes,OK,LIVE_AND_DATABASE,NUMERIC_MISMATCH,LIVE_DWR_RES_NR_SPLIT,Panguitch Lake,Elk,Antlerless,Any Legal Weapon,General Season,22,3,25,31,4,35,no,no,no,no,,,,HIGH_CONFIRMED_2PLUS,HANUMBER,25,PROMOTE_CANDIDATE_AFTER_REVIEW,https://dwrapps.utah.gov/huntboundary/HuntTableData?species=Elk&gender=Antlerless
EA1286,CORE_DRAW_RESULTS_CONTINUING,CLOSED_CORE,yes,Present in 2025 BIBLE and fresh 2026 DWR Hunt Planner table.,LIVE_2026_AND_2025_BIBLE,CONTINUITY,EA,2025,yes,no,yes,yes,OK,LIVE_AND_DATABASE,NUMERIC_MISMATCH,LIVE_DWR_RES_NR_SPLIT,Monroe,Elk,Antlerless,Any Legal Weapon,General Season,46,4,50,36,4,40,no,no,no,no,,,,HIGH_CONFIRMED_2PLUS,HANUMBER,50,PROMOTE_CANDIDATE_AFTER_REVIEW,https://dwrapps.utah.gov/huntboundary/HuntTableData?species=Elk&gender=Antlerless
EA1288,CURRENT_PLANNER_EXTRA_REVIEW,REVIEW,maybe,Fresh DWR current planner row not in 2025 BIBLE; unresolved source-family status.,LIVE_2026_NOT_IN_2025_BIBLE,OTHER_CURRENT_PLANNER_NOT_IN_2025_BIBLE,EA,,no,no,yes,no,,LIVE_ONLY,LIVE_ONLY,LIVE_DWR_RES_NR_SPLIT,"Manti, Ferron Lower Escarpment",Elk,Antlerless,Any Legal Weapon,General-Season,36,4,40,,,,no,no,no,no,,,,MEDIUM_SINGLE_SOURCE,HUNTTABLE,40,PROMOTE_CANDIDATE_AFTER_REVIEW,https://dwrapps.utah.gov/huntboundary/HuntTableData?species=Elk&gender=Antlerless
EA1289,CURRENT_PLANNER_EXTRA_REVIEW,REVIEW,maybe,Fresh DWR current planner row not in 2025 BIBLE; unresolved source-family status.,LIVE_2026_NOT_IN_2025_BIBLE,OTHER_CURRENT_PLANNER_NOT_IN_2025_BIBLE,EA,,no,no,yes,no,,LIVE_ONLY,LIVE_ONLY,LIVE_DWR_RES_NR_SPLIT,"Manti, Ferron Lower Escarpment",Elk,Antlerless,Any Legal Weapon,General-Season,36,4,40,,,,no,no,no,no,,,,MEDIUM_SINGLE_SOURCE,HUNTTABLE,40,PROMOTE_CANDIDATE_AFTER_REVIEW,https://dwrapps.utah.gov/huntboundary/HuntTableData?species=Elk&gender=Antlerless
EA1290,CURRENT_PLANNER_EXTRA_REVIEW,REVIEW,maybe,Fresh DWR current planner row not in 2025 BIBLE; unresolved source-family status.,LIVE_2026_NOT_IN_2025_BIBLE,OTHER_CURRENT_PLANNER_NOT_IN_2025_BIBLE,EA,,no,no,yes,no,,LIVE_ONLY,LIVE_ONLY,LIVE_DWR_RES_NR_SPLIT,"Manti, Ferron Lower Escarpment",Elk,Antlerless,Any Legal Weapon,General-Season,36,4,40,,,,no,no,no,no,,,,MEDIUM_SINGLE_SOURCE,HUNTTABLE,40,PROMOTE_CANDIDATE_AFTER_REVIEW,https://dwrapps.utah.gov/huntboundary/HuntTableData?species=Elk&gender=Antlerless
EA1291,CURRENT_PLANNER_EXTRA_REVIEW,REVIEW,maybe,Fresh DWR current planner row not in 2025 BIBLE; unresolved source-family status.,LIVE_2026_NOT_IN_2025_BIBLE,OTHER_CURRENT_PLANNER_NOT_IN_2025_BIBLE,EA,,no,no,yes,no,,LIVE_ONLY,LIVE_ONLY,LIVE_DWR_RES_NR_SPLIT,"Mt Dutton, North",Elk,Antlerless,Any Legal Weapon,General-Season,72,8,80,,,,no,no,no,no,,,,MEDIUM_SINGLE_SOURCE,HUNTTABLE,80,PROMOTE_CANDIDATE_AFTER_REVIEW,https://dwrapps.utah.gov/huntboundary/HuntTableData?species=Elk&gender=Antlerless
EA1292,CURRENT_PLANNER_EXTRA_REVIEW,REVIEW,maybe,Fresh DWR current planner row not in 2025 BIBLE; unresolved source-family status.,LIVE_2026_NOT_IN_2025_BIBLE,OTHER_CURRENT_PLANNER_NOT_IN_2025_BIBLE,EA,,no,no,yes,no,,LIVE_ONLY,LIVE_ONLY,LIVE_DWR_RES_NR_SPLIT,"Mt Dutton, North",Elk,Antlerless,Any Legal Weapon,General-season,72,8,80,,,,no,no,no,no,,,,MEDIUM_SINGLE_SOURCE,HUNTTABLE,80,PROMOTE_CANDIDATE_AFTER_REVIEW,https://dwrapps.utah.gov/huntboundary/HuntTableData?species=Elk&gender=Antlerless
EA1293,CURRENT_PLANNER_EXTRA_REVIEW,REVIEW,maybe,Fresh DWR current planner row not in 2025 BIBLE; unresolved source-family status.,LIVE_2026_NOT_IN_2025_BIBLE,OTHER_CURRENT_PLANNER_NOT_IN_2025_BIBLE,EA,,no,no,yes,no,,LIVE_ONLY,LIVE_ONLY,LIVE_DWR_RES_NR_SPLIT,"North Slope, Three Corners",Elk,Antlerless,Any Legal Weapon,General-Season,22,3,25,,,,no,no,no,no,,,,MEDIUM_SINGLE_SOURCE,HUNTTABLE,25,PROMOTE_CANDIDATE_AFTER_REVIEW,https://dwrapps.utah.gov/huntboundary/HuntTableData?species=Elk&gender=Antlerless
EA1294,CURRENT_PLANNER_EXTRA_REVIEW,REVIEW,maybe,Fresh DWR current planner row not in 2025 BIBLE; unresolved source-family status.,LIVE_2026_NOT_IN_2025_BIBLE,OTHER_CURRENT_PLANNER_NOT_IN_2025_BIBLE,EA,,no,no,yes,no,,LIVE_ONLY,LIVE_ONLY,LIVE_DWR_RES_NR_SPLIT,"Paunsaugunt, East Creek",Elk,Antlerless,Any Legal Weapon,General-Season,22,3,25,,,,no,no,no,no,,,,MEDIUM_SINGLE_SOURCE,HUNTTABLE,25,PROMOTE_CANDIDATE_AFTER_REVIEW,https://dwrapps.utah.gov/huntboundary/HuntTableData?species=Elk&gender=Antlerless
EA1295,CURRENT_PLANNER_EXTRA_REVIEW,REVIEW,maybe,Fresh DWR current planner row not in 2025 BIBLE; unresolved source-family status.,LIVE_2026_NOT_IN_2025_BIBLE,OTHER_CURRENT_PLANNER_NOT_IN_2025_BIBLE,EA,,no,no,yes,no,,LIVE_ONLY,LIVE_ONLY,LIVE_DWR_RES_NR_SPLIT,"Wasatch Mtns, Avintaquin",Elk,Antlerless,Muzzleloader,General-Season,90,10,100,,,,no,no,no,no,,,,MEDIUM_SINGLE_SOURCE,HUNTTABLE,100,PROMOTE_CANDIDATE_AFTER_REVIEW,https://dwrapps.utah.gov/huntboundary/HuntTableData?species=Elk&gender=Antlerless
EA1296,CURRENT_PLANNER_EXTRA_REVIEW,REVIEW,maybe,Fresh DWR current planner row not in 2025 BIBLE; unresolved source-family status.,LIVE_2026_NOT_IN_2025_BIBLE,OTHER_CURRENT_PLANNER_NOT_IN_2025_BIBLE,EA,,no,no,yes,no,,LIVE_ONLY,LIVE_ONLY,LIVE_DWR_RES_NR_SPLIT,"Wasatch Mtns, Currant Creek",Elk,Antlerless,Muzzleloader,General-Season,90,10,100,,,,no,no,no,no,,,,MEDIUM_SINGLE_SOURCE,HUNTTABLE,100,PROMOTE_CANDIDATE_AFTER_REVIEW,https://dwrapps.utah.gov/huntboundary/HuntTableData?species=Elk&gender=Antlerless
EA1297,CURRENT_PLANNER_EXTRA_REVIEW,REVIEW,maybe,Fresh DWR current planner row not in 2025 BIBLE; unresolved source-family status.,LIVE_2026_NOT_IN_2025_BIBLE,OTHER_CURRENT_PLANNER_NOT_IN_2025_BIBLE,EA,,no,no,yes,no,,LIVE_ONLY,LIVE_ONLY,LIVE_DWR_RES_NR_SPLIT,"Wasatch Mtns, Red Creek West",Elk,Antlerless,Any Legal Weapon,General-Season,90,10,100,,,,no,no,no,no,,,,MEDIUM_SINGLE_SOURCE,HUNTTABLE,100,PROMOTE_CANDIDATE_AFTER_REVIEW,https://dwrapps.utah.gov/huntboundary/HuntTableData?species=Elk&gender=Antlerless
EA1298,CURRENT_PLANNER_EXTRA_REVIEW,REVIEW,maybe,Fresh DWR current planner row not in 2025 BIBLE; unresolved source-family status.,LIVE_2026_NOT_IN_2025_BIBLE,OTHER_CURRENT_PLANNER_NOT_IN_2025_BIBLE,EA,,no,no,yes,no,,LIVE_ONLY,LIVE_ONLY,LIVE_DWR_RES_NR_SPLIT,"Wasatch Mtns, Wildcat/Timber Canyon",Elk,Antlerless,Any Legal Weapon,General-Season,90,10,100,,,,no,no,no,no,,,,MEDIUM_SINGLE_SOURCE,HUNTTABLE,100,PROMOTE_CANDIDATE_AFTER_REVIEW,https://dwrapps.utah.gov/huntboundary/HuntTableData?species=Elk&gender=Antlerless
EA1299,CURRENT_PLANNER_EXTRA_REVIEW,REVIEW,maybe,Fresh DWR current planner row not in 2025 BIBLE; unresolved source-family status.,LIVE_2026_NOT_IN_2025_BIBLE,OTHER_CURRENT_PLANNER_NOT_IN_2025_BIBLE,EA,,no,no,yes,no,,LIVE_ONLY,LIVE_ONLY,LIVE_DWR_RES_NR_SPLIT,"Wasatch Mtns, West-Central",Elk,Antlerless,Any Legal Weapon,General-Season,45,5,50,,,,no,no,no,no,,,,MEDIUM_SINGLE_SOURCE,HUNTTABLE,50,PROMOTE_CANDIDATE_AFTER_REVIEW,https://dwrapps.utah.gov/huntboundary/HuntTableData?species=Elk&gender=Antlerless
EA1300,CURRENT_PLANNER_EXTRA_REVIEW,REVIEW,maybe,Fresh DWR current planner row not in 2025 BIBLE; unresolved source-family status.,LIVE_2026_NOT_IN_2025_BIBLE,OTHER_CURRENT_PLANNER_NOT_IN_2025_BIBLE,EA,,no,no,yes,no,,LIVE_ONLY,LIVE_ONLY,LIVE_DWR_RES_NR_SPLIT,"Wasatch Mtns, West-Central",Elk,Antlerless,Any Legal Weapon,General-Season,45,5,50,,,,no,no,no,no,,,,MEDIUM_SINGLE_SOURCE,HUNTTABLE,50,PROMOTE_CANDIDATE_AFTER_REVIEW,https://dwrapps.utah.gov/huntboundary/HuntTableData?species=Elk&gender=Antlerless
EA1301,CURRENT_PLANNER_EXTRA_REVIEW,REVIEW,maybe,Fresh DWR current planner row not in 2025 BIBLE; unresolved source-family status.,LIVE_2026_NOT_IN_2025_BIBLE,OTHER_CURRENT_PLANNER_NOT_IN_2025_BIBLE,EA,,no,no,yes,no,,LIVE_ONLY,LIVE_ONLY,LIVE_DWR_RES_NR_SPLIT,The Dirty Dozen,Elk,Antlerless,Any Legal Weapon,General-Season,10,0,10,,,,no,no,no,no,,,,MEDIUM_SINGLE_SOURCE,HUNTTABLE,10,PROMOTE_CANDIDATE_AFTER_REVIEW,https://dwrapps.utah.gov/huntboundary/HuntTableData?species=Elk&gender=Antlerless
EA2000,CURRENT_PLANNER_EXTRA_REVIEW,REVIEW,maybe,Fresh DWR current planner row not in 2025 BIBLE; unresolved source-family status.,LIVE_2026_NOT_IN_2025_BIBLE,OTHER_CURRENT_PLANNER_NOT_IN_2025_BIBLE,EA,,no,no,yes,yes,OK,LIVE_AND_DATABASE,BOTH_BLANK,LIVE_DWR_NO_QUOTA_PUBLISHED,Antlerless Elk Control,Elk,Antlerless,Any Legal Weapon,Antlerless Elk Control,,,,,,,no,no,no,no,,,,NO_PERMIT_VALUE,NONE,,NO_CURRENT_PERMIT_VALUE_FOUND,https://dwrapps.utah.gov/huntboundary/HuntTableData?species=Elk&gender=Antlerless
EA2002,SEPARATE_PRIVATE_LAND_LANDOWNER_LAYER,CLOSED_SEPARATE_LAYER,no,Current Hunt Planner private-land/landowner family; separate from comparable BIBLE draw-results core.,LIVE_2026_NOT_IN_2025_BIBLE,PRIVATE_LAND_OR_LANDOWNER_CURRENT_PLANNER,EA,,no,no,yes,yes,OK,LIVE_AND_DATABASE,MATCH,LIVE_DWR_TOTAL_ONLY,Morgan-South Rich,Elk,Antlerless,Any Legal Weapon,Private Lands Only,,,600,,,600,no,no,no,no,,,,HIGH_CONFIRMED_2PLUS,HANUMBER,600,PROMOTE_CANDIDATE_AFTER_REVIEW,https://dwrapps.utah.gov/huntboundary/HuntTableData?species=Elk&gender=Antlerless
EA2003,SEPARATE_PRIVATE_LAND_LANDOWNER_LAYER,CLOSED_SEPARATE_LAYER,no,Current Hunt Planner private-land/landowner family; separate from comparable BIBLE draw-results core.,LIVE_2026_NOT_IN_2025_BIBLE,PRIVATE_LAND_OR_LANDOWNER_CURRENT_PLANNER,EA,,no,no,yes,yes,OK,LIVE_AND_DATABASE,MATCH,LIVE_DWR_TOTAL_ONLY,East Canyon,Elk,Antlerless,Any Legal Weapon,Private Lands Only,,,500,,,500,no,no,no,no,,,,HIGH_CONFIRMED_2PLUS,HANUMBER,500,PROMOTE_CANDIDATE_AFTER_REVIEW,https://dwrapps.utah.gov/huntboundary/HuntTableData?species=Elk&gender=Antlerless
EA2004,SEPARATE_PRIVATE_LAND_LANDOWNER_LAYER,CLOSED_SEPARATE_LAYER,no,Current Hunt Planner private-land/landowner family; separate from comparable BIBLE draw-results core.,LIVE_2026_NOT_IN_2025_BIBLE,PRIVATE_LAND_OR_LANDOWNER_CURRENT_PLANNER,EA,,no,no,yes,yes,OK,LIVE_AND_DATABASE,MATCH,LIVE_DWR_TOTAL_ONLY,Chalk Creek,Elk,Antlerless,Any Legal Weapon,Private Lands Only,,,600,,,600,no,no,no,no,,,,HIGH_CONFIRMED_2PLUS,HANUMBER,600,PROMOTE_CANDIDATE_AFTER_REVIEW,https://dwrapps.utah.gov/huntboundary/HuntTableData?species=Elk&gender=Antlerless
EA2005,SEPARATE_PRIVATE_LAND_LANDOWNER_LAYER,CLOSED_SEPARATE_LAYER,no,Current Hunt Planner private-land/landowner family; separate from comparable BIBLE draw-results core.,LIVE_2026_NOT_IN_2025_BIBLE,PRIVATE_LAND_OR_LANDOWNER_CURRENT_PLANNER,EA,,no,no,yes,yes,OK,LIVE_AND_DATABASE,MATCH,LIVE_DWR_TOTAL_ONLY,"North Slope, West Daggett",Elk,Antlerless,Any Legal Weapon,Private Lands Only,,,100,,,100,no,no,no,no,,,,HIGH_CONFIRMED_2PLUS,HANUMBER,100,PROMOTE_CANDIDATE_AFTER_REVIEW,https://dwrapps.utah.gov/huntboundary/HuntTableData?species=Elk&gender=Antlerless
EA2006,SEPARATE_PRIVATE_LAND_LANDOWNER_LAYER,CLOSED_SEPARATE_LAYER,no,Current Hunt Planner private-land/landowner family; separate from comparable BIBLE draw-results core.,LIVE_2026_NOT_IN_2025_BIBLE,PRIVATE_LAND_OR_LANDOWNER_CURRENT_PLANNER,EA,,no,no,yes,yes,OK,LIVE_AND_DATABASE,MATCH,LIVE_DWR_TOTAL_ONLY,Yellowstone,Elk,Antlerless,Any Legal Weapon,Private Lands Only,,,2000,,,2000,no,no,no,no,,,,HIGH_CONFIRMED_2PLUS,HANUMBER,2000,PROMOTE_CANDIDATE_AFTER_REVIEW,https://dwrapps.utah.gov/huntboundary/HuntTableData?species=Elk&gender=Antlerless
EA2008,SEPARATE_PRIVATE_LAND_LANDOWNER_LAYER,CLOSED_SEPARATE_LAYER,no,Current Hunt Planner private-land/landowner family; separate from comparable BIBLE draw-results core.,LIVE_2026_NOT_IN_2025_BIBLE,PRIVATE_LAND_OR_LANDOWNER_CURRENT_PLANNER,EA,,no,no,yes,yes,OK,LIVE_AND_DATABASE,MATCH,LIVE_DWR_TOTAL_ONLY,"Nine Mile, Anthro-Myton Bench",Elk,Antlerless,Any Legal Weapon,Private Lands Only,,,250,,,250,no,no,no,no,,,,HIGH_CONFIRMED_2PLUS,HANUMBER,250,PROMOTE_CANDIDATE_AFTER_REVIEW,https://dwrapps.utah.gov/huntboundary/HuntTableData?species=Elk&gender=Antlerless
EA2009,SEPARATE_PRIVATE_LAND_LANDOWNER_LAYER,CLOSED_SEPARATE_LAYER,no,Current Hunt Planner private-land/landowner family; separate from comparable BIBLE draw-results core.,LIVE_2026_NOT_IN_2025_BIBLE,PRIVATE_LAND_OR_LANDOWNER_CURRENT_PLANNER,EA,,no,no,yes,yes,OK,LIVE_AND_DATABASE,MATCH,LIVE_DWR_TOTAL_ONLY,"La Sal, La Sal Mtns",Elk,Antlerless,Any Legal Weapon,Private Lands Only,,,70,,,70,no,no,no,no,,,,HIGH_CONFIRMED_2PLUS,HANUMBER,70,PROMOTE_CANDIDATE_AFTER_REVIEW,https://dwrapps.utah.gov/huntboundary/HuntTableData?species=Elk&gender=Antlerless
EA2010,SEPARATE_PRIVATE_LAND_LANDOWNER_LAYER,CLOSED_SEPARATE_LAYER,no,Current Hunt Planner private-land/landowner family; separate from comparable BIBLE draw-results core.,LIVE_2026_NOT_IN_2025_BIBLE,PRIVATE_LAND_OR_LANDOWNER_CURRENT_PLANNER,EA,,no,no,yes,yes,OK,LIVE_AND_DATABASE,MATCH,LIVE_DWR_TOTAL_ONLY,San Juan,Elk,Antlerless,Any Legal Weapon,Private Lands Only,,,50,,,50,no,no,no,no,,,,HIGH_CONFIRMED_2PLUS,HANUMBER,50,PROMOTE_CANDIDATE_AFTER_REVIEW,https://dwrapps.utah.gov/huntboundary/HuntTableData?species=Elk&gender=Antlerless
EA2011,SEPARATE_PRIVATE_LAND_LANDOWNER_LAYER,CLOSED_SEPARATE_LAYER,no,Current Hunt Planner private-land/landowner family; separate from comparable BIBLE draw-results core.,LIVE_2026_NOT_IN_2025_BIBLE,PRIVATE_LAND_OR_LANDOWNER_CURRENT_PLANNER,EA,,no,no,yes,yes,OK,LIVE_AND_DATABASE,MATCH,LIVE_DWR_TOTAL_ONLY,Manti,Elk,Antlerless,Any Legal Weapon,Private Lands Only,,,300,,,300,no,no,no,no,,,,HIGH_CONFIRMED_2PLUS,HANUMBER,300,PROMOTE_CANDIDATE_AFTER_REVIEW,https://dwrapps.utah.gov/huntboundary/HuntTableData?species=Elk&gender=Antlerless
EA2012,SEPARATE_PRIVATE_LAND_LANDOWNER_LAYER,CLOSED_SEPARATE_LAYER,no,Current Hunt Planner private-land/landowner family; separate from comparable BIBLE draw-results core.,LIVE_2026_NOT_IN_2025_BIBLE,PRIVATE_LAND_OR_LANDOWNER_CURRENT_PLANNER,EA,,no,no,yes,yes,OK,LIVE_AND_DATABASE,MATCH,LIVE_DWR_TOTAL_ONLY,"Wasatch Mtns, West",Elk,Antlerless,Any Legal Weapon,Private Lands Only,,,400,,,400,no,no,no,no,,,,HIGH_CONFIRMED_2PLUS,HANUMBER,400,PROMOTE_CANDIDATE_AFTER_REVIEW,https://dwrapps.utah.gov/huntboundary/HuntTableData?species=Elk&gender=Antlerless
EA2013,SEPARATE_PRIVATE_LAND_LANDOWNER_LAYER,CLOSED_SEPARATE_LAYER,no,Current Hunt Planner private-land/landowner family; separate from comparable BIBLE draw-results core.,LIVE_2026_NOT_IN_2025_BIBLE,PRIVATE_LAND_OR_LANDOWNER_CURRENT_PLANNER,EA,,no,no,yes,yes,OK,LIVE_AND_DATABASE,MATCH,LIVE_DWR_TOTAL_ONLY,"Wasatch Mtns, Currant Creek",Elk,Antlerless,Any Legal Weapon,Private Lands Only,,,2000,,,2000,no,no,no,no,,,,HIGH_CONFIRMED_2PLUS,HANUMBER,2000,PROMOTE_CANDIDATE_AFTER_REVIEW,https://dwrapps.utah.gov/huntboundary/HuntTableData?species=Elk&gender=Antlerless
EA2014,SEPARATE_PRIVATE_LAND_LANDOWNER_LAYER,CLOSED_SEPARATE_LAYER,no,Current Hunt Planner private-land/landowner family; separate from comparable BIBLE draw-results core.,LIVE_2026_NOT_IN_2025_BIBLE,PRIVATE_LAND_OR_LANDOWNER_CURRENT_PLANNER,EA,,no,no,yes,yes,OK,LIVE_AND_DATABASE,MATCH,LIVE_DWR_TOTAL_ONLY,"Wasatch Mtns, Avintaquin - White River",Elk,Antlerless,Any Legal Weapon,Private Lands Only,,,400,,,400,no,no,no,no,,,,HIGH_CONFIRMED_2PLUS,HANUMBER,400,PROMOTE_CANDIDATE_AFTER_REVIEW,https://dwrapps.utah.gov/huntboundary/HuntTableData?species=Elk&gender=Antlerless
EA2015,SEPARATE_PRIVATE_LAND_LANDOWNER_LAYER,CLOSED_SEPARATE_LAYER,no,Current Hunt Planner private-land/landowner family; separate from comparable BIBLE draw-results core.,LIVE_2026_NOT_IN_2025_BIBLE,PRIVATE_LAND_OR_LANDOWNER_CURRENT_PLANNER,EA,,no,no,yes,yes,OK,LIVE_AND_DATABASE,MATCH,LIVE_DWR_TOTAL_ONLY,Paunsaugunt,Elk,Antlerless,Any Legal Weapon,Private Lands Only,,,100,,,100,no,no,no,no,,,,HIGH_CONFIRMED_2PLUS,HANUMBER,100,PROMOTE_CANDIDATE_AFTER_REVIEW,https://dwrapps.utah.gov/huntboundary/HuntTableData?species=Elk&gender=Antlerless
EA2016,SEPARATE_PRIVATE_LAND_LANDOWNER_LAYER,CLOSED_SEPARATE_LAYER,no,Current Hunt Planner private-land/landowner family; separate from comparable BIBLE draw-results core.,LIVE_2026_NOT_IN_2025_BIBLE,PRIVATE_LAND_OR_LANDOWNER_CURRENT_PLANNER,EA,,no,no,yes,yes,OK,LIVE_AND_DATABASE,MATCH,LIVE_DWR_TOTAL_ONLY,Nebo,Elk,Antlerless,Any Legal Weapon,Private Lands Only,,,275,,,275,no,no,no,no,,,,HIGH_CONFIRMED_2PLUS,HANUMBER,275,PROMOTE_CANDIDATE_AFTER_REVIEW,https://dwrapps.utah.gov/huntboundary/HuntTableData?species=Elk&gender=Antlerless
EA2017,SEPARATE_PRIVATE_LAND_LANDOWNER_LAYER,CLOSED_SEPARATE_LAYER,no,Current Hunt Planner private-land/landowner family; separate from comparable BIBLE draw-results core.,LIVE_2026_NOT_IN_2025_BIBLE,PRIVATE_LAND_OR_LANDOWNER_CURRENT_PLANNER,EA,,no,no,yes,yes,OK,LIVE_AND_DATABASE,MATCH,LIVE_DWR_TOTAL_ONLY,Mt Dutton,Elk,Antlerless,Any Legal Weapon,Private Lands Only,,,75,,,75,no,no,no,no,,,,HIGH_CONFIRMED_2PLUS,HANUMBER,75,PROMOTE_CANDIDATE_AFTER_REVIEW,https://dwrapps.utah.gov/huntboundary/HuntTableData?species=Elk&gender=Antlerless
EA2018,SEPARATE_PRIVATE_LAND_LANDOWNER_LAYER,CLOSED_SEPARATE_LAYER,no,Current Hunt Planner private-land/landowner family; separate from comparable BIBLE draw-results core.,LIVE_2026_NOT_IN_2025_BIBLE,PRIVATE_LAND_OR_LANDOWNER_CURRENT_PLANNER,EA,,no,no,yes,yes,OK,LIVE_AND_DATABASE,MATCH,LIVE_DWR_TOTAL_ONLY,Panguitch Lake,Elk,Antlerless,Any Legal Weapon,Private Lands Only,,,75,,,75,no,no,no,no,,,,HIGH_CONFIRMED_2PLUS,HANUMBER,75,PROMOTE_CANDIDATE_AFTER_REVIEW,https://dwrapps.utah.gov/huntboundary/HuntTableData?species=Elk&gender=Antlerless
EA2019,SEPARATE_PRIVATE_LAND_LANDOWNER_LAYER,CLOSED_SEPARATE_LAYER,no,Current Hunt Planner private-land/landowner family; separate from comparable BIBLE draw-results core.,LIVE_2026_NOT_IN_2025_BIBLE,PRIVATE_LAND_OR_LANDOWNER_CURRENT_PLANNER,EA,,no,no,yes,yes,OK,LIVE_AND_DATABASE,MATCH,LIVE_DWR_TOTAL_ONLY,"West Desert, Tintic Valley",Elk,Antlerless,Any Legal Weapon,Private Lands Only,,,60,,,60,no,no,no,no,,,,HIGH_CONFIRMED_2PLUS,HANUMBER,60,PROMOTE_CANDIDATE_AFTER_REVIEW,https://dwrapps.utah.gov/huntboundary/HuntTableData?species=Elk&gender=Antlerless
EA2020,SEPARATE_PRIVATE_LAND_LANDOWNER_LAYER,CLOSED_SEPARATE_LAYER,no,Current Hunt Planner private-land/landowner family; separate from comparable BIBLE draw-results core.,LIVE_2026_NOT_IN_2025_BIBLE,PRIVATE_LAND_OR_LANDOWNER_CURRENT_PLANNER,EA,,no,no,yes,yes,OK,LIVE_AND_DATABASE,MATCH,LIVE_DWR_TOTAL_ONLY,Zion,Elk,Antlerless,Any Legal Weapon,Private Lands Only,,,320,,,320,no,no,no,no,,,,HIGH_CONFIRMED_2PLUS,HANUMBER,320,PROMOTE_CANDIDATE_AFTER_REVIEW,https://dwrapps.utah.gov/huntboundary/HuntTableData?species=Elk&gender=Antlerless
EA2021,SEPARATE_PRIVATE_LAND_LANDOWNER_LAYER,CLOSED_SEPARATE_LAYER,no,Current Hunt Planner private-land/landowner family; separate from comparable BIBLE draw-results core.,LIVE_2026_NOT_IN_2025_BIBLE,PRIVATE_LAND_OR_LANDOWNER_CURRENT_PLANNER,EA,,no,no,yes,yes,OK,LIVE_AND_DATABASE,MATCH,LIVE_DWR_TOTAL_ONLY,"Beaver, East",Elk,Antlerless,Any Legal Weapon,Private Lands Only,,,30,,,30,no,no,no,no,,,,HIGH_CONFIRMED_2PLUS,HANUMBER,30,PROMOTE_CANDIDATE_AFTER_REVIEW,https://dwrapps.utah.gov/huntboundary/HuntTableData?species=Elk&gender=Antlerless
EA2026,SEPARATE_PRIVATE_LAND_LANDOWNER_LAYER,CLOSED_SEPARATE_LAYER,no,Current Hunt Planner private-land/landowner family; separate from comparable BIBLE draw-results core.,LIVE_2026_NOT_IN_2025_BIBLE,PRIVATE_LAND_OR_LANDOWNER_CURRENT_PLANNER,EA,,no,no,yes,yes,OK,LIVE_AND_DATABASE,MATCH,LIVE_DWR_TOTAL_ONLY,"Box Elder, Hansel Mtn",Elk,Antlerless,Any Legal Weapon,Private Lands Only,,,200,,,200,no,no,no,no,,,,HIGH_CONFIRMED_2PLUS,HANUMBER,200,PROMOTE_CANDIDATE_AFTER_REVIEW,https://dwrapps.utah.gov/huntboundary/HuntTableData?species=Elk&gender=Antlerless
EA2027,SEPARATE_PRIVATE_LAND_LANDOWNER_LAYER,CLOSED_SEPARATE_LAYER,no,Current Hunt Planner private-land/landowner family; separate from comparable BIBLE draw-results core.,LIVE_2026_NOT_IN_2025_BIBLE,PRIVATE_LAND_OR_LANDOWNER_CURRENT_PLANNER,EA,,no,no,yes,yes,OK,LIVE_AND_DATABASE,MATCH,LIVE_DWR_TOTAL_ONLY,Cache,Elk,Antlerless,Any Legal Weapon,Private Lands Only,,,300,,,300,no,no,no,no,,,,HIGH_CONFIRMED_2PLUS,HANUMBER,300,PROMOTE_CANDIDATE_AFTER_REVIEW,https://dwrapps.utah.gov/huntboundary/HuntTableData?species=Elk&gender=Antlerless
EA2028,SEPARATE_PRIVATE_LAND_LANDOWNER_LAYER,CLOSED_SEPARATE_LAYER,no,Current Hunt Planner private-land/landowner family; separate from comparable BIBLE draw-results core.,LIVE_2026_NOT_IN_2025_BIBLE,PRIVATE_LAND_OR_LANDOWNER_CURRENT_PLANNER,EA,,no,no,yes,yes,OK,LIVE_AND_DATABASE,MATCH,LIVE_DWR_TOTAL_ONLY,Vernal/Bonanza,Elk,Antlerless,Any Legal Weapon,Private Lands Only,,,450,,,450,no,no,no,no,,,,HIGH_CONFIRMED_2PLUS,HANUMBER,450,PROMOTE_CANDIDATE_AFTER_REVIEW,https://dwrapps.utah.gov/huntboundary/HuntTableData?species=Elk&gender=Antlerless
EA2029,SEPARATE_PRIVATE_LAND_LANDOWNER_LAYER,CLOSED_SEPARATE_LAYER,no,Current Hunt Planner private-land/landowner family; separate from comparable BIBLE draw-results core.,LIVE_2026_NOT_IN_2025_BIBLE,PRIVATE_LAND_OR_LANDOWNER_CURRENT_PLANNER,EA,,no,no,yes,yes,OK,LIVE_AND_DATABASE,MATCH,LIVE_DWR_TOTAL_ONLY,"Nine Mile, Range Creek",Elk,Antlerless,Any Legal Weapon,Private Lands Only,,,150,,,150,no,no,no,no,,,,HIGH_CONFIRMED_2PLUS,HANUMBER,150,PROMOTE_CANDIDATE_AFTER_REVIEW,https://dwrapps.utah.gov/huntboundary/HuntTableData?species=Elk&gender=Antlerless
EA2030,SEPARATE_PRIVATE_LAND_LANDOWNER_LAYER,CLOSED_SEPARATE_LAYER,no,Current Hunt Planner private-land/landowner family; separate from comparable BIBLE draw-results core.,LIVE_2026_NOT_IN_2025_BIBLE,PRIVATE_LAND_OR_LANDOWNER_CURRENT_PLANNER,EA,,no,no,yes,yes,OK,LIVE_AND_DATABASE,MATCH,LIVE_DWR_TOTAL_ONLY,Diamond Mtn,Elk,Antlerless,Any Legal Weapon,Private Lands Only,,,200,,,200,no,no,no,no,,,,HIGH_CONFIRMED_2PLUS,HANUMBER,200,PROMOTE_CANDIDATE_AFTER_REVIEW,https://dwrapps.utah.gov/huntboundary/HuntTableData?species=Elk&gender=Antlerless
EA2033,CORE_DRAW_RESULTS_CONTINUING,CLOSED_CORE,yes,Present in 2025 BIBLE and fresh 2026 DWR Hunt Planner table.,LIVE_2026_AND_2025_BIBLE,CONTINUITY,EA,2023|2024|2025,yes,no,yes,yes,OK,LIVE_AND_DATABASE,NUMERIC_MISMATCH,LIVE_DWR_RES_NR_SPLIT,Kamas,Elk,Antlerless,Archery,General Season,180,20,200,225,25,250,no,no,no,no,,,,HIGH_CONFIRMED_2PLUS,HANUMBER,200,PROMOTE_CANDIDATE_AFTER_REVIEW,https://dwrapps.utah.gov/huntboundary/HuntTableData?species=Elk&gender=Antlerless
EA2034,CORE_DRAW_RESULTS_CONTINUING,CLOSED_CORE,yes,Present in 2025 BIBLE and fresh 2026 DWR Hunt Planner table.,LIVE_2026_AND_2025_BIBLE,CONTINUITY,EA,2023|2024|2025,yes,no,yes,yes,OK,LIVE_AND_DATABASE,MATCH,LIVE_DWR_RES_NR_SPLIT,"Nine Mile, Anthro",Elk,Antlerless,Archery,General Season,180,20,200,180,20,200,no,no,no,no,,,,HIGH_CONFIRMED_2PLUS,HANUMBER,200,PROMOTE_CANDIDATE_AFTER_REVIEW,https://dwrapps.utah.gov/huntboundary/HuntTableData?species=Elk&gender=Antlerless
EA2035,HISTORICAL_LIBRARY_ONLY,CLOSED_HISTORICAL,no,Historical BIBLE-library code not part of current 2026 live table.,BIBLE_HISTORICAL_ONLY,HISTORICAL_LIBRARY,EA,2023,no,no,no,no,,,,,,,,,,,,,,,,no,no,no,no,,,,,,,,
EA2036,CORE_DRAW_RESULTS_CONTINUING,CLOSED_CORE,yes,Present in 2025 BIBLE and fresh 2026 DWR Hunt Planner table.,LIVE_2026_AND_2025_BIBLE,CONTINUITY,EA,2023|2024|2025,yes,no,yes,yes,OK,LIVE_AND_DATABASE,NUMERIC_MISMATCH,LIVE_DWR_RES_NR_SPLIT,"Oquirrh-Stansbury, East",Elk,Antlerless,Any Legal Weapon,General Season,63,7,70,54,6,60,no,no,no,no,,,,HIGH_CONFIRMED_2PLUS,HANUMBER,70,PROMOTE_CANDIDATE_AFTER_REVIEW,https://dwrapps.utah.gov/huntboundary/HuntTableData?species=Elk&gender=Antlerless
EA2037,CORE_DRAW_RESULTS_CONTINUING,CLOSED_CORE,yes,Present in 2025 BIBLE and fresh 2026 DWR Hunt Planner table.,LIVE_2026_AND_2025_BIBLE,CONTINUITY,EA,2023|2024|2025,yes,no,yes,yes,OK,LIVE_AND_DATABASE,MATCH,LIVE_DWR_RES_NR_SPLIT,Yellowstone,Elk,Antlerless,Archery,General Season,180,20,200,180,20,200,no,no,no,no,,,,HIGH_CONFIRMED_2PLUS,HANUMBER,200,PROMOTE_CANDIDATE_AFTER_REVIEW,https://dwrapps.utah.gov/huntboundary/HuntTableData?species=Elk&gender=Antlerless
EA2038,CORE_DRAW_RESULTS_CONTINUING,CLOSED_CORE,yes,Present in 2025 BIBLE and fresh 2026 DWR Hunt Planner table.,LIVE_2026_AND_2025_BIBLE,CONTINUITY,EA,2023|2024|2025,yes,no,yes,yes,OK,LIVE_AND_DATABASE,MATCH,LIVE_DWR_RES_NR_SPLIT,Wasatch Mtns,Elk,Antlerless,Archery,General Season,1080,120,1200,1080,120,1200,no,no,no,no,,,,HIGH_CONFIRMED_2PLUS,HANUMBER,1200,PROMOTE_CANDIDATE_AFTER_REVIEW,https://dwrapps.utah.gov/huntboundary/HuntTableData?species=Elk&gender=Antlerless
EA2039,SEPARATE_PRIVATE_LAND_LANDOWNER_LAYER,CLOSED_SEPARATE_LAYER,no,Current Hunt Planner private-land/landowner family; separate from comparable BIBLE draw-results core.,LIVE_2026_NOT_IN_2025_BIBLE,PRIVATE_LAND_OR_LANDOWNER_CURRENT_PLANNER,EA,,no,no,yes,yes,OK,LIVE_AND_DATABASE,MATCH,LIVE_DWR_TOTAL_ONLY,"Fillmore, Pahvant",Elk,Antlerless,Any Legal Weapon,Private Lands Only,,,150,,,150,no,no,no,no,,,,HIGH_CONFIRMED_2PLUS,HANUMBER,150,PROMOTE_CANDIDATE_AFTER_REVIEW,https://dwrapps.utah.gov/huntboundary/HuntTableData?species=Elk&gender=Antlerless
EA2040,SEPARATE_PRIVATE_LAND_LANDOWNER_LAYER,CLOSED_SEPARATE_LAYER,no,Current Hunt Planner private-land/landowner family; separate from comparable BIBLE draw-results core.,LIVE_2026_NOT_IN_2025_BIBLE,PRIVATE_LAND_OR_LANDOWNER_CURRENT_PLANNER,EA,,no,no,yes,yes,OK,LIVE_AND_DATABASE,MATCH,LIVE_DWR_TOTAL_ONLY,Kamas,Elk,Antlerless,Any Legal Weapon,Private Lands Only,,,150,,,150,no,no,no,no,,,,HIGH_CONFIRMED_2PLUS,HANUMBER,150,PROMOTE_CANDIDATE_AFTER_REVIEW,https://dwrapps.utah.gov/huntboundary/HuntTableData?species=Elk&gender=Antlerless
EA2041,SEPARATE_CONSERVATION_LAYER,CLOSED_SEPARATE_LAYER,no,"Conservation permit family; use separate conservation layer, not core-count inflation.",LIVE_2026_NOT_IN_2025_BIBLE,CONSERVATION_CURRENT_PLANNER,EA,,no,no,yes,yes,OK,LIVE_AND_DATABASE,LIVE_NO_QUOTA_DATABASE_PRESERVED,LIVE_DWR_NO_QUOTA_PUBLISHED,Cache (Conservation),Elk,Antlerless,Any Legal Weapon,Conservation,,,,,,6,no,no,yes,yes,CONSERVATION_PERMITS_DIRECT,SOURCE_MATCHES_DATABASE,,REVIEW_REQUIRED,NONE_EXTERNAL_DATABASE_REFERENCE_ONLY,,FIND_EXTERNAL_SOURCE_BEFORE_PROMOTION,https://dwrapps.utah.gov/huntboundary/HuntTableData?species=Elk&gender=Antlerless
EA2045,SEPARATE_CONSERVATION_LAYER,CLOSED_SEPARATE_LAYER,no,"Conservation permit family; use separate conservation layer, not core-count inflation.",LIVE_2026_NOT_IN_2025_BIBLE,CONSERVATION_CURRENT_PLANNER,EA,,no,no,yes,yes,OK,LIVE_AND_DATABASE,LIVE_NO_QUOTA_DATABASE_PRESERVED,LIVE_DWR_NO_QUOTA_PUBLISHED,Wasatch Mtns (Conservation),Elk,Antlerless,Any Legal Weapon,Conservation,,,,,,10,no,no,yes,yes,CONSERVATION_PERMITS_DIRECT,SOURCE_MATCHES_DATABASE,,REVIEW_REQUIRED,NONE_EXTERNAL_DATABASE_REFERENCE_ONLY,,FIND_EXTERNAL_SOURCE_BEFORE_PROMOTION,https://dwrapps.utah.gov/huntboundary/HuntTableData?species=Elk&gender=Antlerless
EA2046,SEPARATE_PRIVATE_LAND_LANDOWNER_LAYER,CLOSED_SEPARATE_LAYER,no,Current Hunt Planner private-land/landowner family; separate from comparable BIBLE draw-results core.,LIVE_2026_NOT_IN_2025_BIBLE,PRIVATE_LAND_OR_LANDOWNER_CURRENT_PLANNER,EA,,no,no,yes,yes,OK,LIVE_AND_DATABASE,MATCH,LIVE_DWR_TOTAL_ONLY,"Box Elder, Sawtooth",Elk,Antlerless,Any Legal Weapon,Private Lands Only,,,25,,,25,no,no,no,no,,,,HIGH_CONFIRMED_2PLUS,HANUMBER,25,PROMOTE_CANDIDATE_AFTER_REVIEW,https://dwrapps.utah.gov/huntboundary/HuntTableData?species=Elk&gender=Antlerless
EB1000,SPORTSMAN_CONTINUITY_LAYER_REVIEW,REVIEW,maybe,"Sportsman codes are known continuing active permit hunts, but this row was not in 2025 BIBLE extraction.",LIVE_2026_NOT_IN_2025_BIBLE,SPORTSMAN_CURRENT_PLANNER,EB,2020|2021|2022|2023|2024,no,no,yes,yes,OK,LIVE_AND_DATABASE,LIVE_NO_QUOTA_DATABASE_PRESERVED,LIVE_DWR_NO_QUOTA_PUBLISHED,Elk - Statewide Permit,Elk,Bull,Any Legal Weapon,Statewide,,,,,,15,no,no,yes,no,CONSERVATION_PERMITS_DIRECT,SOURCE_DIFFERS_FROM_CURRENT_RECONCILIATION,,MEDIUM_SINGLE_SOURCE,UTAHDRAWS,1,PROMOTE_CANDIDATE_AFTER_REVIEW,https://dwrapps.utah.gov/huntboundary/HuntTableData?species=Elk&gender=Bull
EB1001,CURRENT_PLANNER_EXTRA_REVIEW,REVIEW,maybe,Fresh DWR current planner row not in 2025 BIBLE; unresolved source-family status.,LIVE_2026_NOT_IN_2025_BIBLE,OTHER_CURRENT_PLANNER_NOT_IN_2025_BIBLE,EB,,no,no,yes,yes,OK,LIVE_AND_DATABASE,LIVE_NO_QUOTA_DATABASE_PRESERVED,LIVE_DWR_NO_QUOTA_PUBLISHED,Any Bull Elk Units,Elk,Bull,Any Legal Weapon,General Season - Any Bull,,,,,,10,no,no,no,no,,,,REVIEW_REQUIRED,NONE_EXTERNAL_DATABASE_REFERENCE_ONLY,,FIND_EXTERNAL_SOURCE_BEFORE_PROMOTION,https://dwrapps.utah.gov/huntboundary/HuntTableData?species=Elk&gender=Bull
EB1002,CURRENT_PLANNER_EXTRA_REVIEW,REVIEW,maybe,Fresh DWR current planner row not in 2025 BIBLE; unresolved source-family status.,LIVE_2026_NOT_IN_2025_BIBLE,OTHER_CURRENT_PLANNER_NOT_IN_2025_BIBLE,EB,,no,no,yes,yes,OK,LIVE_AND_DATABASE,LIVE_NO_QUOTA_DATABASE_PRESERVED,LIVE_DWR_NO_QUOTA_PUBLISHED,Any Bull Elk Units,Elk,Bull,Muzzleloader,General Season - Any Bull,,,,,,6,no,no,no,no,,,,REVIEW_REQUIRED,NONE_EXTERNAL_DATABASE_REFERENCE_ONLY,,FIND_EXTERNAL_SOURCE_BEFORE_PROMOTION,https://dwrapps.utah.gov/huntboundary/HuntTableData?species=Elk&gender=Bull
EB1003,CURRENT_PLANNER_EXTRA_REVIEW,REVIEW,maybe,Fresh DWR current planner row not in 2025 BIBLE; unresolved source-family status.,LIVE_2026_NOT_IN_2025_BIBLE,OTHER_CURRENT_PLANNER_NOT_IN_2025_BIBLE,EB,,no,no,yes,yes,OK,LIVE_AND_DATABASE,LIVE_NO_QUOTA_DATABASE_PRESERVED,LIVE_DWR_NO_QUOTA_PUBLISHED,Spike Only Units,Elk,Bull,Any Legal Weapon,General Season - Spike Bull,,,,,,16,no,no,no,no,,,,REVIEW_REQUIRED,NONE_EXTERNAL_DATABASE_REFERENCE_ONLY,,FIND_EXTERNAL_SOURCE_BEFORE_PROMOTION,https://dwrapps.utah.gov/huntboundary/HuntTableData?species=Elk&gender=Bull
EB1004,CURRENT_PLANNER_EXTRA_REVIEW,REVIEW,maybe,Fresh DWR current planner row not in 2025 BIBLE; unresolved source-family status.,LIVE_2026_NOT_IN_2025_BIBLE,OTHER_CURRENT_PLANNER_NOT_IN_2025_BIBLE,EB,,no,no,yes,yes,OK,LIVE_AND_DATABASE,LIVE_NO_QUOTA_DATABASE_PRESERVED,LIVE_DWR_NO_QUOTA_PUBLISHED,Spike Only Units,Elk,Bull,Muzzleloader,General Season - Spike Bull,,,,,,6,no,no,no,no,,,,REVIEW_REQUIRED,NONE_EXTERNAL_DATABASE_REFERENCE_ONLY,,FIND_EXTERNAL_SOURCE_BEFORE_PROMOTION,https://dwrapps.utah.gov/huntboundary/HuntTableData?species=Elk&gender=Bull
EB1005,CURRENT_PLANNER_EXTRA_REVIEW,REVIEW,maybe,Fresh DWR current planner row not in 2025 BIBLE; unresolved source-family status.,LIVE_2026_NOT_IN_2025_BIBLE,OTHER_CURRENT_PLANNER_NOT_IN_2025_BIBLE,EB,,no,no,yes,yes,OK,LIVE_AND_DATABASE,LIVE_NO_QUOTA_DATABASE_PRESERVED,LIVE_DWR_NO_QUOTA_PUBLISHED,Archery Hunters Choice Elk,Elk,Bull,Archery,General Season - Archery,,,,,,16,no,no,no,no,,,,REVIEW_REQUIRED,NONE_EXTERNAL_DATABASE_REFERENCE_ONLY,,FIND_EXTERNAL_SOURCE_BEFORE_PROMOTION,https://dwrapps.utah.gov/huntboundary/HuntTableData?species=Elk&gender=Bull
EB1007,CORE_DRAW_RESULTS_CONTINUING,CLOSED_CORE,yes,Present in 2025 BIBLE and fresh 2026 DWR Hunt Planner table.,LIVE_2026_AND_2025_BIBLE,CONTINUITY,EB,2020|2021|2022|2023|2024|2025,yes,no,yes,yes,OK,LIVE_AND_DATABASE,MATCH,LIVE_DWR_TOTAL_ONLY,Draw-only Youth Any Bull/Hunters Choice Elk,Elk,Bull,Any Legal Weapon,General Season - Any Bull,,,750,,,750,no,no,no,no,,,,HIGH_CONFIRMED_2PLUS,HANUMBER,750,PROMOTE_CANDIDATE_AFTER_REVIEW,https://dwrapps.utah.gov/huntboundary/HuntTableData?species=Elk&gender=Bull
EB1009,CURRENT_PLANNER_EXTRA_REVIEW,REVIEW,maybe,Fresh DWR current planner row not in 2025 BIBLE; unresolved source-family status.,LIVE_2026_NOT_IN_2025_BIBLE,OTHER_CURRENT_PLANNER_NOT_IN_2025_BIBLE,EB,,no,no,yes,yes,OK,LIVE_AND_DATABASE,BOTH_BLANK,LIVE_DWR_NO_QUOTA_PUBLISHED,Spike Only Elk Units - Multiseason,Elk,Bull,Multiseason,General Season - Spike Bull,,,,,,,no,no,no,no,,,,NO_PERMIT_VALUE,NONE,,NO_CURRENT_PERMIT_VALUE_FOUND,https://dwrapps.utah.gov/huntboundary/HuntTableData?species=Elk&gender=Bull
EB1010,CURRENT_PLANNER_EXTRA_REVIEW,REVIEW,maybe,Fresh DWR current planner row not in 2025 BIBLE; unresolved source-family status.,LIVE_2026_NOT_IN_2025_BIBLE,OTHER_CURRENT_PLANNER_NOT_IN_2025_BIBLE,EB,,no,no,yes,yes,OK,LIVE_AND_DATABASE,LIVE_NO_QUOTA_DATABASE_PRESERVED,LIVE_DWR_NO_QUOTA_PUBLISHED,Any Bull Elk Units,Elk,Bull,Any Legal Weapon,General Season - Any Bull,,,,,,17,no,no,no,no,,,,REVIEW_REQUIRED,NONE_EXTERNAL_DATABASE_REFERENCE_ONLY,,FIND_EXTERNAL_SOURCE_BEFORE_PROMOTION,https://dwrapps.utah.gov/huntboundary/HuntTableData?species=Elk&gender=Bull
EB1011,CURRENT_PLANNER_EXTRA_REVIEW,REVIEW,maybe,Fresh DWR current planner row not in 2025 BIBLE; unresolved source-family status.,LIVE_2026_NOT_IN_2025_BIBLE,OTHER_CURRENT_PLANNER_NOT_IN_2025_BIBLE,EB,,no,no,yes,yes,OK,LIVE_AND_DATABASE,BOTH_BLANK,LIVE_DWR_NO_QUOTA_PUBLISHED,Youth General Season Bull Elk,Elk,Bull,Any Legal Weapon,General Season - Youth,,,,,,,no,no,no,no,,,,NO_PERMIT_VALUE,NONE,,NO_CURRENT_PERMIT_VALUE_FOUND,https://dwrapps.utah.gov/huntboundary/HuntTableData?species=Elk&gender=Bull
EB1012,SEPARATE_PRIVATE_LAND_LANDOWNER_LAYER,CLOSED_SEPARATE_LAYER,no,Current Hunt Planner private-land/landowner family; separate from comparable BIBLE draw-results core.,LIVE_2026_NOT_IN_2025_BIBLE,PRIVATE_LAND_OR_LANDOWNER_CURRENT_PLANNER,EB,,no,no,yes,yes,OK,LIVE_AND_DATABASE,MATCH,LIVE_DWR_TOTAL_ONLY,Uinta Basin Private Lands Any Bull Elk,Elk,Bull,Any Legal Weapon,General Season - Any Bull,,,500,,,500,no,no,no,no,,,,HIGH_CONFIRMED_2PLUS,HANUMBER,500,PROMOTE_CANDIDATE_AFTER_REVIEW,https://dwrapps.utah.gov/huntboundary/HuntTableData?species=Elk&gender=Bull
EB3000,CORE_DRAW_RESULTS_CONTINUING,CLOSED_CORE,yes,Present in 2025 BIBLE and fresh 2026 DWR Hunt Planner table.,LIVE_2026_AND_2025_BIBLE,CONTINUITY,EB,2020|2021|2022|2023|2024|2025,yes,no,yes,yes,OK,LIVE_AND_DATABASE,MATCH,LIVE_DWR_RES_NR_SPLIT,"Beaver, East",Elk,Bull,Archery,Limited Entry,22,3,25,22,3,25,no,no,no,no,,,,REVIEW_SOURCE_CONFLICT,HANUMBER,25,REVIEW_BEFORE_PROMOTION,https://dwrapps.utah.gov/huntboundary/HuntTableData?species=Elk&gender=Bull
EB3001,HISTORICAL_LIBRARY_ONLY,CLOSED_HISTORICAL,no,Historical BIBLE-library code not part of current 2026 live table.,BIBLE_HISTORICAL_ONLY,HISTORICAL_LIBRARY,EB,2020|2021|2022,no,no,no,no,,,,,,,,,,,,,,,,no,no,no,no,,,,,,,,
EB3002,CORE_DRAW_RESULTS_CONTINUING,CLOSED_CORE,yes,Present in 2025 BIBLE and fresh 2026 DWR Hunt Planner table.,LIVE_2026_AND_2025_BIBLE,CONTINUITY,EB,2020|2021|2022|2023|2024|2025,yes,no,yes,yes,OK,LIVE_AND_DATABASE,MATCH,LIVE_DWR_RES_NR_SPLIT,"Book Cliffs, Little Creek Roadless",Elk,Bull,Archery,Limited Entry,4,0,4,4,0,4,no,no,no,no,,,,HIGH_CONFIRMED_2PLUS,HANUMBER,4,PROMOTE_CANDIDATE_AFTER_REVIEW,https://dwrapps.utah.gov/huntboundary/HuntTableData?species=Elk&gender=Bull
EB3003,CORE_DRAW_RESULTS_CONTINUING,CLOSED_CORE,yes,Present in 2025 BIBLE and fresh 2026 DWR Hunt Planner table.,LIVE_2026_AND_2025_BIBLE,CONTINUITY,EB,2020|2021|2022|2023|2024|2025,yes,no,yes,yes,OK,LIVE_AND_DATABASE,MATCH,LIVE_DWR_RES_NR_SPLIT,"Cache, Meadowville",Elk,Bull,Archery,Limited Entry,9,1,10,9,1,10,no,no,no,no,,,,REVIEW_SOURCE_CONFLICT,HANUMBER,10,REVIEW_BEFORE_PROMOTION,https://dwrapps.utah.gov/huntboundary/HuntTableData?species=Elk&gender=Bull
EB3004,HISTORICAL_LIBRARY_ONLY,CLOSED_HISTORICAL,no,Historical BIBLE-library code not part of current 2026 live table.,BIBLE_HISTORICAL_ONLY,HISTORICAL_LIBRARY,EB,2020,no,no,no,no,,,,,,,,,,,,,,,,no,no,no,no,,,,,,,,
EB3005,CORE_DRAW_RESULTS_CONTINUING,CLOSED_CORE,yes,Present in 2025 BIBLE and fresh 2026 DWR Hunt Planner table.,LIVE_2026_AND_2025_BIBLE,CONTINUITY,EB,2020|2021|2022|2023|2024|2025,yes,no,yes,yes,OK,LIVE_AND_DATABASE,MATCH,LIVE_DWR_RES_NR_SPLIT,"Cache, South",Elk,Bull,Archery,Limited Entry,10,1,11,10,1,11,no,no,no,no,,,,REVIEW_SOURCE_CONFLICT,HANUMBER,11,REVIEW_BEFORE_PROMOTION,https://dwrapps.utah.gov/huntboundary/HuntTableData?species=Elk&gender=Bull
EB3006,CORE_DRAW_RESULTS_CONTINUING,CLOSED_CORE,yes,Present in 2025 BIBLE and fresh 2026 DWR Hunt Planner table.,LIVE_2026_AND_2025_BIBLE,CONTINUITY,EB,2020|2021|2022|2023|2024|2025,yes,no,yes,yes,OK,LIVE_AND_DATABASE,MATCH,LIVE_DWR_RES_NR_SPLIT,Manti,Elk,Bull,Archery,Limited Entry,148,17,165,148,17,165,no,no,no,no,,,,REVIEW_SOURCE_CONFLICT,HANUMBER,165,REVIEW_BEFORE_PROMOTION,https://dwrapps.utah.gov/huntboundary/HuntTableData?species=Elk&gender=Bull
EB3007,HISTORICAL_LIBRARY_ONLY,CLOSED_HISTORICAL,no,Historical BIBLE-library code not part of current 2026 live table.,BIBLE_HISTORICAL_ONLY,HISTORICAL_LIBRARY,EB,2020|2021|2022,no,no,no,no,,,,,,,,,,,,,,,,no,no,no,no,,,,,,,,
EB3008,CORE_DRAW_RESULTS_CONTINUING,CLOSED_CORE,yes,Present in 2025 BIBLE and fresh 2026 DWR Hunt Planner table.,LIVE_2026_AND_2025_BIBLE,CONTINUITY,EB,2020|2021|2022|2023|2024|2025,yes,no,yes,yes,OK,LIVE_AND_DATABASE,MATCH,LIVE_DWR_RES_NR_SPLIT,"Fillmore, Pahvant",Elk,Bull,Archery,Limited Entry,19,2,21,19,2,21,no,no,no,no,,,,REVIEW_SOURCE_CONFLICT,HANUMBER,21,REVIEW_BEFORE_PROMOTION,https://dwrapps.utah.gov/huntboundary/HuntTableData?species=Elk&gender=Bull
EB3009,CORE_DRAW_RESULTS_CONTINUING,CLOSED_CORE,yes,Present in 2025 BIBLE and fresh 2026 DWR Hunt Planner table.,LIVE_2026_AND_2025_BIBLE,CONTINUITY,EB,2020|2021|2022|2023|2024|2025,yes,no,yes,yes,OK,LIVE_AND_DATABASE,MATCH,LIVE_DWR_RES_NR_SPLIT,La Sal Mtns,Elk,Bull,Archery,Limited Entry,36,4,40,36,4,40,no,no,no,no,,,,REVIEW_SOURCE_CONFLICT,HANUMBER,40,REVIEW_BEFORE_PROMOTION,https://dwrapps.utah.gov/huntboundary/HuntTableData?species=Elk&gender=Bull
EB3010,CORE_DRAW_RESULTS_CONTINUING,CLOSED_CORE,yes,Present in 2025 BIBLE and fresh 2026 DWR Hunt Planner table.,LIVE_2026_AND_2025_BIBLE,CONTINUITY,EB,2020|2021|2022|2023|2024|2025,yes,no,yes,yes,OK,LIVE_AND_DATABASE,MATCH,LIVE_DWR_RES_NR_SPLIT,Monroe,Elk,Bull,Archery,Limited Entry,10,1,11,10,1,11,no,no,no,no,,,,HIGH_CONFIRMED_2PLUS,HANUMBER,11,PROMOTE_CANDIDATE_AFTER_REVIEW,https://dwrapps.utah.gov/huntboundary/HuntTableData?species=Elk&gender=Bull
EB3011,CORE_DRAW_RESULTS_CONTINUING,CLOSED_CORE,yes,Present in 2025 BIBLE and fresh 2026 DWR Hunt Planner table.,LIVE_2026_AND_2025_BIBLE,CONTINUITY,EB,2020|2021|2022|2023|2024|2025,yes,no,yes,yes,OK,LIVE_AND_DATABASE,MATCH,LIVE_DWR_RES_NR_SPLIT,Mt Dutton,Elk,Bull,Archery,Limited Entry,19,2,21,19,2,21,no,no,no,no,,,,REVIEW_SOURCE_CONFLICT,HANUMBER,21,REVIEW_BEFORE_PROMOTION,https://dwrapps.utah.gov/huntboundary/HuntTableData?species=Elk&gender=Bull
EB3012,HISTORICAL_LIBRARY_ONLY,CLOSED_HISTORICAL,no,Historical BIBLE-library code not part of current 2026 live table.,BIBLE_HISTORICAL_ONLY,HISTORICAL_LIBRARY,EB,2020,no,no,no,no,,,,,,,,,,,,,,,,no,no,no,no,,,,,,,,
EB3013,CORE_DRAW_RESULTS_CONTINUING,CLOSED_CORE,yes,Present in 2025 BIBLE and fresh 2026 DWR Hunt Planner table.,LIVE_2026_AND_2025_BIBLE,CONTINUITY,EB,2020|2021|2022|2023|2024|2025,yes,no,yes,yes,OK,LIVE_AND_DATABASE,MATCH,LIVE_DWR_RES_NR_SPLIT,"North Slope, Three Corners",Elk,Bull,Archery,Limited Entry,6,1,7,6,1,7,no,no,no,no,,,,HIGH_CONFIRMED_2PLUS,HANUMBER,7,PROMOTE_CANDIDATE_AFTER_REVIEW,https://dwrapps.utah.gov/huntboundary/HuntTableData?species=Elk&gender=Bull
EB3014,HISTORICAL_LIBRARY_ONLY,CLOSED_HISTORICAL,no,Historical BIBLE-library code not part of current 2026 live table.,BIBLE_HISTORICAL_ONLY,HISTORICAL_LIBRARY,EB,2020,no,no,no,no,,,,,,,,,,,,,,,,no,no,no,no,,,,,,,,
EB3015,CORE_DRAW_RESULTS_CONTINUING,CLOSED_CORE,yes,Present in 2025 BIBLE and fresh 2026 DWR Hunt Planner table.,LIVE_2026_AND_2025_BIBLE,CONTINUITY,EB,2020|2021|2022|2023|2024|2025,yes,no,yes,yes,OK,LIVE_AND_DATABASE,MATCH,LIVE_DWR_RES_NR_SPLIT,Panguitch Lake,Elk,Bull,Archery,Limited Entry,17,2,19,17,2,19,no,no,no,no,,,,REVIEW_SOURCE_CONFLICT,HANUMBER,19,REVIEW_BEFORE_PROMOTION,https://dwrapps.utah.gov/huntboundary/HuntTableData?species=Elk&gender=Bull
EB3016,HISTORICAL_LIBRARY_ONLY,CLOSED_HISTORICAL,no,Historical BIBLE-library code not part of current 2026 live table.,BIBLE_HISTORICAL_ONLY,HISTORICAL_LIBRARY,EB,2020|2021|2022,no,no,no,no,,,,,,,,,,,,,,,,no,no,no,no,,,,,,,,
EB3017,HISTORICAL_LIBRARY_ONLY,CLOSED_HISTORICAL,no,Historical BIBLE-library code not part of current 2026 live table.,BIBLE_HISTORICAL_ONLY,HISTORICAL_LIBRARY,EB,2020,no,no,no,no,,,,,,,,,,,,,,,,no,no,no,no,,,,,,,,
EB3018,CORE_DRAW_RESULTS_CONTINUING,CLOSED_CORE,yes,Present in 2025 BIBLE and fresh 2026 DWR Hunt Planner table.,LIVE_2026_AND_2025_BIBLE,CONTINUITY,EB,2020|2021|2022|2023|2024|2025,yes,no,yes,yes,OK,LIVE_AND_DATABASE,MATCH,LIVE_DWR_RES_NR_SPLIT,Fishlake/Thousand Lakes,Elk,Bull,Archery,Limited Entry,84,9,93,84,9,93,no,no,no,no,,,,REVIEW_SOURCE_CONFLICT,HANUMBER,93,REVIEW_BEFORE_PROMOTION,https://dwrapps.utah.gov/huntboundary/HuntTableData?species=Elk&gender=Bull
EB3019,CORE_DRAW_RESULTS_CONTINUING,CLOSED_CORE,yes,Present in 2025 BIBLE and fresh 2026 DWR Hunt Planner table.,LIVE_2026_AND_2025_BIBLE,CONTINUITY,EB,2020|2021|2022|2023|2024|2025,yes,no,yes,yes,OK,LIVE_AND_DATABASE,MATCH,LIVE_DWR_RES_NR_SPLIT,San Juan Bull Elk,Elk,Bull,Archery,Limited Entry,29,3,32,29,3,32,no,no,no,no,,,,REVIEW_SOURCE_CONFLICT,HANUMBER,32,REVIEW_BEFORE_PROMOTION,https://dwrapps.utah.gov/huntboundary/HuntTableData?species=Elk&gender=Bull
EB3020,CORE_DRAW_RESULTS_CONTINUING,CLOSED_CORE,yes,Present in 2025 BIBLE and fresh 2026 DWR Hunt Planner table.,LIVE_2026_AND_2025_BIBLE,CONTINUITY,EB,2020|2021|2022|2023|2024|2025,yes,no,yes,yes,OK,LIVE_AND_DATABASE,MATCH,LIVE_DWR_RES_NR_SPLIT,Diamond Mtn,Elk,Bull,Archery,Limited Entry,25,3,28,25,3,28,no,no,no,no,,,,REVIEW_SOURCE_CONFLICT,HANUMBER,28,REVIEW_BEFORE_PROMOTION,https://dwrapps.utah.gov/huntboundary/HuntTableData?species=Elk&gender=Bull
EB3021,HISTORICAL_LIBRARY_ONLY,CLOSED_HISTORICAL,no,Historical BIBLE-library code not part of current 2026 live table.,BIBLE_HISTORICAL_ONLY,HISTORICAL_LIBRARY,EB,2020,no,no,no,no,,,,,,,,,,,,,,,,no,no,no,no,,,,,,,,
EB3022,CORE_DRAW_RESULTS_CONTINUING,CLOSED_CORE,yes,Present in 2025 BIBLE and fresh 2026 DWR Hunt Planner table.,LIVE_2026_AND_2025_BIBLE,CONTINUITY,EB,2020|2021|2022|2023|2024|2025,yes,no,yes,yes,OK,LIVE_AND_DATABASE,MATCH,LIVE_DWR_RES_NR_SPLIT,Wasatch Mtns,Elk,Bull,Archery,Limited Entry,130,15,145,130,15,145,no,no,no,no,,,,REVIEW_SOURCE_CONFLICT,HANUMBER,145,REVIEW_BEFORE_PROMOTION,https://dwrapps.utah.gov/huntboundary/HuntTableData?species=Elk&gender=Bull
EB3023,HISTORICAL_LIBRARY_ONLY,CLOSED_HISTORICAL,no,Historical BIBLE-library code not part of current 2026 live table.,BIBLE_HISTORICAL_ONLY,HISTORICAL_LIBRARY,EB,2020,no,no,no,no,,,,,,,,,,,,,,,,no,no,no,no,,,,,,,,
EB3024,CORE_DRAW_RESULTS_CONTINUING,CLOSED_CORE,yes,Present in 2025 BIBLE and fresh 2026 DWR Hunt Planner table.,LIVE_2026_AND_2025_BIBLE,CONTINUITY,EB,2020|2021|2022|2023|2024|2025,yes,no,yes,yes,OK,LIVE_AND_DATABASE,MATCH,LIVE_DWR_RES_NR_SPLIT,"Beaver, East",Elk,Bull,Any Legal Weapon,Limited Entry,9,1,10,9,1,10,no,no,no,no,,,,HIGH_CONFIRMED_2PLUS,HANUMBER,10,PROMOTE_CANDIDATE_AFTER_REVIEW,https://dwrapps.utah.gov/huntboundary/HuntTableData?species=Elk&gender=Bull
EB3025,CORE_DRAW_RESULTS_CONTINUING,CLOSED_CORE,yes,Present in 2025 BIBLE and fresh 2026 DWR Hunt Planner table.,LIVE_2026_AND_2025_BIBLE,CONTINUITY,EB,2020|2021|2022|2023|2024|2025,yes,no,yes,yes,OK,LIVE_AND_DATABASE,MATCH,LIVE_DWR_RES_NR_SPLIT,"Beaver, East",Elk,Bull,Any Legal Weapon,Limited Entry,15,2,17,15,2,17,no,no,no,no,,,,REVIEW_SOURCE_CONFLICT,HANUMBER,17,REVIEW_BEFORE_PROMOTION,https://dwrapps.utah.gov/huntboundary/HuntTableData?species=Elk&gender=Bull
EB3026,HISTORICAL_LIBRARY_ONLY,CLOSED_HISTORICAL,no,Historical BIBLE-library code not part of current 2026 live table.,BIBLE_HISTORICAL_ONLY,HISTORICAL_LIBRARY,EB,2020|2021|2022,no,no,no,no,,,,,,,,,,,,,,,,no,no,no,no,,,,,,,,
EB3027,HISTORICAL_LIBRARY_ONLY,CLOSED_HISTORICAL,no,Historical BIBLE-library code not part of current 2026 live table.,BIBLE_HISTORICAL_ONLY,HISTORICAL_LIBRARY,EB,2020|2021|2022,no,no,no,no,,,,,,,,,,,,,,,,no,no,no,no,,,,,,,,
EB3028,CORE_DRAW_RESULTS_CONTINUING,CLOSED_CORE,yes,Present in 2025 BIBLE and fresh 2026 DWR Hunt Planner table.,LIVE_2026_AND_2025_BIBLE,CONTINUITY,EB,2020|2021|2022|2023|2024|2025,yes,no,yes,yes,OK,LIVE_AND_DATABASE,MATCH,LIVE_DWR_RES_NR_SPLIT,"Book Cliffs, Little Creek Roadless",Elk,Bull,Any Legal Weapon,Limited Entry,3,0,3,3,0,3,no,no,no,no,,,,HIGH_CONFIRMED_2PLUS,HANUMBER,3,PROMOTE_CANDIDATE_AFTER_REVIEW,https://dwrapps.utah.gov/huntboundary/HuntTableData?species=Elk&gender=Bull
EB3029,HISTORICAL_LIBRARY_ONLY,CLOSED_HISTORICAL,no,Historical BIBLE-library code not part of current 2026 live table.,BIBLE_HISTORICAL_ONLY,HISTORICAL_LIBRARY,EB,2020,no,no,no,no,,,,,,,,,,,,,,,,no,no,no,no,,,,,,,,
EB3030,HISTORICAL_LIBRARY_ONLY,CLOSED_HISTORICAL,no,Historical BIBLE-library code not part of current 2026 live table.,BIBLE_HISTORICAL_ONLY,HISTORICAL_LIBRARY,EB,2020,no,no,no,no,,,,,,,,,,,,,,,,no,no,no,no,,,,,,,,
EB3031,CORE_DRAW_RESULTS_CONTINUING,CLOSED_CORE,yes,Present in 2025 BIBLE and fresh 2026 DWR Hunt Planner table.,LIVE_2026_AND_2025_BIBLE,CONTINUITY,EB,2020|2021|2022|2023|2024|2025,yes,no,yes,yes,OK,LIVE_AND_DATABASE,MATCH,LIVE_DWR_RES_NR_SPLIT,"Box Elder, Pilot Mtn",Elk,Bull,Any Legal Weapon,Limited Entry,6,1,7,6,1,7,no,no,no,no,,,,HIGH_CONFIRMED_2PLUS,HANUMBER,7,PROMOTE_CANDIDATE_AFTER_REVIEW,https://dwrapps.utah.gov/huntboundary/HuntTableData?species=Elk&gender=Bull
EB3032,CORE_DRAW_RESULTS_CONTINUING,CLOSED_CORE,yes,Present in 2025 BIBLE and fresh 2026 DWR Hunt Planner table.,LIVE_2026_AND_2025_BIBLE,CONTINUITY,EB,2020|2021|2022|2023|2024|2025,yes,no,yes,yes,OK,LIVE_AND_DATABASE,MATCH,LIVE_DWR_RES_NR_SPLIT,"Cache, Meadowville",Elk,Bull,Any Legal Weapon,Limited Entry,3,1,4,3,1,4,no,no,no,no,,,,HIGH_CONFIRMED_2PLUS,HANUMBER,4,PROMOTE_CANDIDATE_AFTER_REVIEW,https://dwrapps.utah.gov/huntboundary/HuntTableData?species=Elk&gender=Bull
EB3033,CORE_DRAW_RESULTS_CONTINUING,CLOSED_CORE,yes,Present in 2025 BIBLE and fresh 2026 DWR Hunt Planner table.,LIVE_2026_AND_2025_BIBLE,CONTINUITY,EB,2020|2021|2022|2023|2024|2025,yes,no,yes,yes,OK,LIVE_AND_DATABASE,MATCH,LIVE_DWR_RES_NR_SPLIT,"Cache, Meadowville",Elk,Bull,Any Legal Weapon,Limited Entry,6,1,7,6,1,7,no,no,no,no,,,,HIGH_CONFIRMED_2PLUS,HANUMBER,7,PROMOTE_CANDIDATE_AFTER_REVIEW,https://dwrapps.utah.gov/huntboundary/HuntTableData?species=Elk&gender=Bull
EB3034,HISTORICAL_LIBRARY_ONLY,CLOSED_HISTORICAL,no,Historical BIBLE-library code not part of current 2026 live table.,BIBLE_HISTORICAL_ONLY,HISTORICAL_LIBRARY,EB,2020,no,no,no,no,,,,,,,,,,,,,,,,no,no,no,no,,,,,,,,
EB3035,HISTORICAL_LIBRARY_ONLY,CLOSED_HISTORICAL,no,Historical BIBLE-library code not part of current 2026 live table.,BIBLE_HISTORICAL_ONLY,HISTORICAL_LIBRARY,EB,2020,no,no,no,no,,,,,,,,,,,,,,,,no,no,no,no,,,,,,,,
EB3036,CORE_DRAW_RESULTS_CONTINUING,CLOSED_CORE,yes,Present in 2025 BIBLE and fresh 2026 DWR Hunt Planner table.,LIVE_2026_AND_2025_BIBLE,CONTINUITY,EB,2020|2021|2022|2023|2024|2025,yes,no,yes,yes,OK,LIVE_AND_DATABASE,MATCH,LIVE_DWR_RES_NR_SPLIT,"Cache, South",Elk,Bull,Any Legal Weapon,Limited Entry,4,0,4,4,0,4,no,no,no,no,,,,REVIEW_SOURCE_CONFLICT,HANUMBER,4,REVIEW_BEFORE_PROMOTION,https://dwrapps.utah.gov/huntboundary/HuntTableData?species=Elk&gender=Bull
EB3037,CORE_DRAW_RESULTS_CONTINUING,CLOSED_CORE,yes,Present in 2025 BIBLE and fresh 2026 DWR Hunt Planner table.,LIVE_2026_AND_2025_BIBLE,CONTINUITY,EB,2020|2021|2022|2023|2024|2025,yes,no,yes,yes,OK,LIVE_AND_DATABASE,MATCH,LIVE_DWR_RES_NR_SPLIT,"Cache, South",Elk,Bull,Any Legal Weapon,Limited Entry,6,1,7,6,1,7,no,no,no,no,,,,HIGH_CONFIRMED_2PLUS,HANUMBER,7,PROMOTE_CANDIDATE_AFTER_REVIEW,https://dwrapps.utah.gov/huntboundary/HuntTableData?species=Elk&gender=Bull
EB3038,CORE_DRAW_RESULTS_CONTINUING,CLOSED_CORE,yes,Present in 2025 BIBLE and fresh 2026 DWR Hunt Planner table.,LIVE_2026_AND_2025_BIBLE,CONTINUITY,EB,2020|2021|2022|2023|2024|2025,yes,no,yes,yes,OK,LIVE_AND_DATABASE,MATCH,LIVE_DWR_RES_NR_SPLIT,Manti,Elk,Bull,Any Legal Weapon,Limited Entry,61,7,68,61,7,68,no,no,no,no,,,,REVIEW_SOURCE_CONFLICT,HANUMBER,68,REVIEW_BEFORE_PROMOTION,https://dwrapps.utah.gov/huntboundary/HuntTableData?species=Elk&gender=Bull
EB3039,CORE_DRAW_RESULTS_CONTINUING,CLOSED_CORE,yes,Present in 2025 BIBLE and fresh 2026 DWR Hunt Planner table.,LIVE_2026_AND_2025_BIBLE,CONTINUITY,EB,2020|2021|2022|2023|2024|2025,yes,no,yes,yes,OK,LIVE_AND_DATABASE,MATCH,LIVE_DWR_RES_NR_SPLIT,Manti,Elk,Bull,Any Legal Weapon,Limited Entry,102,11,113,102,11,113,no,no,no,no,,,,REVIEW_SOURCE_CONFLICT,HANUMBER,113,REVIEW_BEFORE_PROMOTION,https://dwrapps.utah.gov/huntboundary/HuntTableData?species=Elk&gender=Bull
EB3040,HISTORICAL_LIBRARY_ONLY,CLOSED_HISTORICAL,no,Historical BIBLE-library code not part of current 2026 live table.,BIBLE_HISTORICAL_ONLY,HISTORICAL_LIBRARY,EB,2020|2021|2022,no,no,no,no,,,,,,,,,,,,,,,,no,no,no,no,,,,,,,,
EB3041,HISTORICAL_LIBRARY_ONLY,CLOSED_HISTORICAL,no,Historical BIBLE-library code not part of current 2026 live table.,BIBLE_HISTORICAL_ONLY,HISTORICAL_LIBRARY,EB,2020|2021|2022,no,no,no,no,,,,,,,,,,,,,,,,no,no,no,no,,,,,,,,
EB3042,CORE_DRAW_RESULTS_CONTINUING,CLOSED_CORE,yes,Present in 2025 BIBLE and fresh 2026 DWR Hunt Planner table.,LIVE_2026_AND_2025_BIBLE,CONTINUITY,EB,2020|2021|2022|2023|2024|2025,yes,no,yes,yes,OK,LIVE_AND_DATABASE,MATCH,LIVE_DWR_RES_NR_SPLIT,"Fillmore, Pahvant",Elk,Bull,Any Legal Weapon,Limited Entry,8,1,9,8,1,9,no,no,no,no,,,,HIGH_CONFIRMED_2PLUS,HANUMBER,9,PROMOTE_CANDIDATE_AFTER_REVIEW,https://dwrapps.utah.gov/huntboundary/HuntTableData?species=Elk&gender=Bull
EB3043,CORE_DRAW_RESULTS_CONTINUING,CLOSED_CORE,yes,Present in 2025 BIBLE and fresh 2026 DWR Hunt Planner table.,LIVE_2026_AND_2025_BIBLE,CONTINUITY,EB,2020|2021|2022|2023|2024|2025,yes,no,yes,yes,OK,LIVE_AND_DATABASE,MATCH,LIVE_DWR_RES_NR_SPLIT,"Fillmore, Pahvant",Elk,Bull,Any Legal Weapon,Limited Entry,13,2,15,13,2,15,no,no,no,no,,,,REVIEW_SOURCE_CONFLICT,HANUMBER,15,REVIEW_BEFORE_PROMOTION,https://dwrapps.utah.gov/huntboundary/HuntTableData?species=Elk&gender=Bull
EB3044,CORE_DRAW_RESULTS_CONTINUING,CLOSED_CORE,yes,Present in 2025 BIBLE and fresh 2026 DWR Hunt Planner table.,LIVE_2026_AND_2025_BIBLE,CONTINUITY,EB,2020|2021|2022|2023|2024|2025,yes,no,yes,yes,OK,LIVE_AND_DATABASE,MATCH,LIVE_DWR_RES_NR_SPLIT,Dolores Triangle,Elk,Bull,Any Legal Weapon,Limited Entry,6,1,7,6,1,7,no,no,no,no,,,,HIGH_CONFIRMED_2PLUS,HANUMBER,7,PROMOTE_CANDIDATE_AFTER_REVIEW,https://dwrapps.utah.gov/huntboundary/HuntTableData?species=Elk&gender=Bull
EB3045,CORE_DRAW_RESULTS_CONTINUING,CLOSED_CORE,yes,Present in 2025 BIBLE and fresh 2026 DWR Hunt Planner table.,LIVE_2026_AND_2025_BIBLE,CONTINUITY,EB,2020|2021|2022|2023|2024|2025,yes,no,yes,yes,OK,LIVE_AND_DATABASE,MATCH,LIVE_DWR_RES_NR_SPLIT,La Sal Mtns,Elk,Bull,Any Legal Weapon,Limited Entry,14,2,16,14,2,16,no,no,no,no,,,,REVIEW_SOURCE_CONFLICT,HANUMBER,16,REVIEW_BEFORE_PROMOTION,https://dwrapps.utah.gov/huntboundary/HuntTableData?species=Elk&gender=Bull
EB3046,CORE_DRAW_RESULTS_CONTINUING,CLOSED_CORE,yes,Present in 2025 BIBLE and fresh 2026 DWR Hunt Planner table.,LIVE_2026_AND_2025_BIBLE,CONTINUITY,EB,2020|2021|2022|2023|2024|2025,yes,no,yes,yes,OK,LIVE_AND_DATABASE,MATCH,LIVE_DWR_RES_NR_SPLIT,La Sal Mtns,Elk,Bull,Any Legal Weapon,Limited Entry,24,3,27,24,3,27,no,no,no,no,,,,REVIEW_SOURCE_CONFLICT,HANUMBER,27,REVIEW_BEFORE_PROMOTION,https://dwrapps.utah.gov/huntboundary/HuntTableData?species=Elk&gender=Bull
EB3047,CORE_DRAW_RESULTS_CONTINUING,CLOSED_CORE,yes,Present in 2025 BIBLE and fresh 2026 DWR Hunt Planner table.,LIVE_2026_AND_2025_BIBLE,CONTINUITY,EB,2020|2021|2022|2023|2024|2025,yes,no,yes,yes,OK,LIVE_AND_DATABASE,MATCH,LIVE_DWR_RES_NR_SPLIT,Monroe,Elk,Bull,Any Legal Weapon,Limited Entry,3,1,4,3,1,4,no,no,no,no,,,,HIGH_CONFIRMED_2PLUS,HANUMBER,4,PROMOTE_CANDIDATE_AFTER_REVIEW,https://dwrapps.utah.gov/huntboundary/HuntTableData?species=Elk&gender=Bull
EB3048,CORE_DRAW_RESULTS_CONTINUING,CLOSED_CORE,yes,Present in 2025 BIBLE and fresh 2026 DWR Hunt Planner table.,LIVE_2026_AND_2025_BIBLE,CONTINUITY,EB,2020|2021|2022|2023|2024|2025,yes,no,yes,yes,OK,LIVE_AND_DATABASE,MATCH,LIVE_DWR_RES_NR_SPLIT,Monroe,Elk,Bull,Any Legal Weapon,Limited Entry,13,2,15,13,2,15,no,no,no,no,,,,HIGH_CONFIRMED_2PLUS,HANUMBER,15,PROMOTE_CANDIDATE_AFTER_REVIEW,https://dwrapps.utah.gov/huntboundary/HuntTableData?species=Elk&gender=Bull
EB3049,CORE_DRAW_RESULTS_CONTINUING,CLOSED_CORE,yes,Present in 2025 BIBLE and fresh 2026 DWR Hunt Planner table.,LIVE_2026_AND_2025_BIBLE,CONTINUITY,EB,2020|2021|2022|2023|2024|2025,yes,no,yes,yes,OK,LIVE_AND_DATABASE,MATCH,LIVE_DWR_RES_NR_SPLIT,Mt Dutton,Elk,Bull,Any Legal Weapon,Limited Entry,8,1,9,8,1,9,no,no,no,no,,,,HIGH_CONFIRMED_2PLUS,HANUMBER,9,PROMOTE_CANDIDATE_AFTER_REVIEW,https://dwrapps.utah.gov/huntboundary/HuntTableData?species=Elk&gender=Bull
EB3050,CORE_DRAW_RESULTS_CONTINUING,CLOSED_CORE,yes,Present in 2025 BIBLE and fresh 2026 DWR Hunt Planner table.,LIVE_2026_AND_2025_BIBLE,CONTINUITY,EB,2020|2021|2022|2023|2024|2025,yes,no,yes,yes,OK,LIVE_AND_DATABASE,MATCH,LIVE_DWR_RES_NR_SPLIT,Mt Dutton,Elk,Bull,Any Legal Weapon,Limited Entry,13,2,15,13,2,15,no,no,no,no,,,,REVIEW_SOURCE_CONFLICT,HANUMBER,15,REVIEW_BEFORE_PROMOTION,https://dwrapps.utah.gov/huntboundary/HuntTableData?species=Elk&gender=Bull
EB3051,HISTORICAL_LIBRARY_ONLY,CLOSED_HISTORICAL,no,Historical BIBLE-library code not part of current 2026 live table.,BIBLE_HISTORICAL_ONLY,HISTORICAL_LIBRARY,EB,2020,no,no,no,no,,,,,,,,,,,,,,,,no,no,no,no,,,,,,,,
EB3052,HISTORICAL_LIBRARY_ONLY,CLOSED_HISTORICAL,no,Historical BIBLE-library code not part of current 2026 live table.,BIBLE_HISTORICAL_ONLY,HISTORICAL_LIBRARY,EB,2020,no,no,no,no,,,,,,,,,,,,,,,,no,no,no,no,,,,,,,,
EB3053,CORE_DRAW_RESULTS_CONTINUING,CLOSED_CORE,yes,Present in 2025 BIBLE and fresh 2026 DWR Hunt Planner table.,LIVE_2026_AND_2025_BIBLE,CONTINUITY,EB,2020|2021|2022|2023|2024|2025,yes,no,yes,yes,OK,LIVE_AND_DATABASE,MATCH,LIVE_DWR_RES_NR_SPLIT,"North Slope, Three Corners",Elk,Bull,Any Legal Weapon,Limited Entry,9,1,10,9,1,10,no,no,no,no,,,,HIGH_CONFIRMED_2PLUS,HANUMBER,10,PROMOTE_CANDIDATE_AFTER_REVIEW,https://dwrapps.utah.gov/huntboundary/HuntTableData?species=Elk&gender=Bull
EB3054,HISTORICAL_LIBRARY_ONLY,CLOSED_HISTORICAL,no,Historical BIBLE-library code not part of current 2026 live table.,BIBLE_HISTORICAL_ONLY,HISTORICAL_LIBRARY,EB,2020,no,no,no,no,,,,,,,,,,,,,,,,no,no,no,no,,,,,,,,
EB3055,HISTORICAL_LIBRARY_ONLY,CLOSED_HISTORICAL,no,Historical BIBLE-library code not part of current 2026 live table.,BIBLE_HISTORICAL_ONLY,HISTORICAL_LIBRARY,EB,2020,no,no,no,no,,,,,,,,,,,,,,,,no,no,no,no,,,,,,,,
EB3056,CORE_DRAW_RESULTS_CONTINUING,CLOSED_CORE,yes,Present in 2025 BIBLE and fresh 2026 DWR Hunt Planner table.,LIVE_2026_AND_2025_BIBLE,CONTINUITY,EB,2020|2021|2022|2023|2024|2025,yes,no,yes,yes,OK,LIVE_AND_DATABASE,MATCH,LIVE_DWR_RES_NR_SPLIT,Panguitch Lake,Elk,Bull,Any Legal Weapon,Limited Entry,7,1,8,7,1,8,no,no,no,no,,,,REVIEW_SOURCE_CONFLICT,HANUMBER,8,REVIEW_BEFORE_PROMOTION,https://dwrapps.utah.gov/huntboundary/HuntTableData?species=Elk&gender=Bull
EB3057,CORE_DRAW_RESULTS_CONTINUING,CLOSED_CORE,yes,Present in 2025 BIBLE and fresh 2026 DWR Hunt Planner table.,LIVE_2026_AND_2025_BIBLE,CONTINUITY,EB,2020|2021|2022|2023|2024|2025,yes,no,yes,yes,OK,LIVE_AND_DATABASE,MATCH,LIVE_DWR_RES_NR_SPLIT,Panguitch Lake,Elk,Bull,Any Legal Weapon,Limited Entry,12,1,13,12,1,13,no,no,no,no,,,,HIGH_CONFIRMED_2PLUS,HANUMBER,13,PROMOTE_CANDIDATE_AFTER_REVIEW,https://dwrapps.utah.gov/huntboundary/HuntTableData?species=Elk&gender=Bull
EB3058,HISTORICAL_LIBRARY_ONLY,CLOSED_HISTORICAL,no,Historical BIBLE-library code not part of current 2026 live table.,BIBLE_HISTORICAL_ONLY,HISTORICAL_LIBRARY,EB,2020|2021|2022,no,no,no,no,,,,,,,,,,,,,,,,no,no,no,no,,,,,,,,
EB3059,HISTORICAL_LIBRARY_ONLY,CLOSED_HISTORICAL,no,Historical BIBLE-library code not part of current 2026 live table.,BIBLE_HISTORICAL_ONLY,HISTORICAL_LIBRARY,EB,2020|2021|2022,no,no,no,no,,,,,,,,,,,,,,,,no,no,no,no,,,,,,,,
EB3060,HISTORICAL_LIBRARY_ONLY,CLOSED_HISTORICAL,no,Historical BIBLE-library code not part of current 2026 live table.,BIBLE_HISTORICAL_ONLY,HISTORICAL_LIBRARY,EB,2020|2021|2022,no,no,no,no,,,,,,,,,,,,,,,,no,no,no,no,,,,,,,,
EB3061,HISTORICAL_LIBRARY_ONLY,CLOSED_HISTORICAL,no,Historical BIBLE-library code not part of current 2026 live table.,BIBLE_HISTORICAL_ONLY,HISTORICAL_LIBRARY,EB,2020,no,no,no,no,,,,,,,,,,,,,,,,no,no,no,no,,,,,,,,
EB3062,HISTORICAL_LIBRARY_ONLY,CLOSED_HISTORICAL,no,Historical BIBLE-library code not part of current 2026 live table.,BIBLE_HISTORICAL_ONLY,HISTORICAL_LIBRARY,EB,2020,no,no,no,no,,,,,,,,,,,,,,,,no,no,no,no,,,,,,,,
EB3063,CORE_DRAW_RESULTS_CONTINUING,CLOSED_CORE,yes,Present in 2025 BIBLE and fresh 2026 DWR Hunt Planner table.,LIVE_2026_AND_2025_BIBLE,CONTINUITY,EB,2020|2021|2022|2023|2024|2025,yes,no,yes,yes,OK,LIVE_AND_DATABASE,MATCH,LIVE_DWR_RES_NR_SPLIT,Fishlake/Thousand Lakes,Elk,Bull,Any Legal Weapon,Limited Entry,34,4,38,34,4,38,no,no,no,no,,,,REVIEW_SOURCE_CONFLICT,HANUMBER,38,REVIEW_BEFORE_PROMOTION,https://dwrapps.utah.gov/huntboundary/HuntTableData?species=Elk&gender=Bull
EB3064,CORE_DRAW_RESULTS_CONTINUING,CLOSED_CORE,yes,Present in 2025 BIBLE and fresh 2026 DWR Hunt Planner table.,LIVE_2026_AND_2025_BIBLE,CONTINUITY,EB,2020|2021|2022|2023|2024|2025,yes,no,yes,yes,OK,LIVE_AND_DATABASE,MATCH,LIVE_DWR_RES_NR_SPLIT,Fishlake/Thousand Lakes,Elk,Bull,Any Legal Weapon,Limited Entry,99,11,110,99,11,110,no,no,no,no,,,,REVIEW_SOURCE_CONFLICT,HANUMBER,110,REVIEW_BEFORE_PROMOTION,https://dwrapps.utah.gov/huntboundary/HuntTableData?species=Elk&gender=Bull
EB3065,CORE_DRAW_RESULTS_CONTINUING,CLOSED_CORE,yes,Present in 2025 BIBLE and fresh 2026 DWR Hunt Planner table.,LIVE_2026_AND_2025_BIBLE,CONTINUITY,EB,2020|2021|2022|2023|2024|2025,yes,no,yes,yes,OK,LIVE_AND_DATABASE,MATCH,LIVE_DWR_RES_NR_SPLIT,Fishlake/Thousand Lakes,Elk,Bull,Any Legal Weapon,Limited Entry,57,6,63,57,6,63,no,no,no,no,,,,REVIEW_SOURCE_CONFLICT,HANUMBER,63,REVIEW_BEFORE_PROMOTION,https://dwrapps.utah.gov/huntboundary/HuntTableData?species=Elk&gender=Bull
EB3066,CORE_DRAW_RESULTS_CONTINUING,CLOSED_CORE,yes,Present in 2025 BIBLE and fresh 2026 DWR Hunt Planner table.,LIVE_2026_AND_2025_BIBLE,CONTINUITY,EB,2020|2021|2022|2023|2024|2025,yes,no,yes,yes,OK,LIVE_AND_DATABASE,MATCH,LIVE_DWR_RES_NR_SPLIT,San Juan Bull Elk,Elk,Bull,Any Legal Weapon,Limited Entry,12,1,13,12,1,13,no,no,no,no,,,,REVIEW_SOURCE_CONFLICT,HANUMBER,13,REVIEW_BEFORE_PROMOTION,https://dwrapps.utah.gov/huntboundary/HuntTableData?species=Elk&gender=Bull
EB3067,CORE_DRAW_RESULTS_CONTINUING,CLOSED_CORE,yes,Present in 2025 BIBLE and fresh 2026 DWR Hunt Planner table.,LIVE_2026_AND_2025_BIBLE,CONTINUITY,EB,2020|2021|2022|2023|2024|2025,yes,no,yes,yes,OK,LIVE_AND_DATABASE,MATCH,LIVE_DWR_RES_NR_SPLIT,San Juan Bull Elk,Elk,Bull,Any Legal Weapon,Limited Entry,20,2,22,20,2,22,no,no,no,no,,,,HIGH_CONFIRMED_2PLUS,HANUMBER,22,PROMOTE_CANDIDATE_AFTER_REVIEW,https://dwrapps.utah.gov/huntboundary/HuntTableData?species=Elk&gender=Bull
EB3068,CORE_DRAW_RESULTS_CONTINUING,CLOSED_CORE,yes,Present in 2025 BIBLE and fresh 2026 DWR Hunt Planner table.,LIVE_2026_AND_2025_BIBLE,CONTINUITY,EB,2020|2021|2022|2023|2024|2025,yes,no,yes,yes,OK,LIVE_AND_DATABASE,MATCH,LIVE_DWR_RES_NR_SPLIT,Diamond Mtn,Elk,Bull,Any Legal Weapon,Limited Entry,10,1,11,10,1,11,no,no,no,no,,,,REVIEW_SOURCE_CONFLICT,HANUMBER,11,REVIEW_BEFORE_PROMOTION,https://dwrapps.utah.gov/huntboundary/HuntTableData?species=Elk&gender=Bull
EB3069,CORE_DRAW_RESULTS_CONTINUING,CLOSED_CORE,yes,Present in 2025 BIBLE and fresh 2026 DWR Hunt Planner table.,LIVE_2026_AND_2025_BIBLE,CONTINUITY,EB,2020|2021|2022|2023|2024|2025,yes,no,yes,yes,OK,LIVE_AND_DATABASE,MATCH,LIVE_DWR_RES_NR_SPLIT,Diamond Mtn,Elk,Bull,Any Legal Weapon,Limited Entry,30,3,33,30,3,33,no,no,no,no,,,,REVIEW_SOURCE_CONFLICT,HANUMBER,33,REVIEW_BEFORE_PROMOTION,https://dwrapps.utah.gov/huntboundary/HuntTableData?species=Elk&gender=Bull
EB3070,HISTORICAL_LIBRARY_ONLY,CLOSED_HISTORICAL,no,Historical BIBLE-library code not part of current 2026 live table.,BIBLE_HISTORICAL_ONLY,HISTORICAL_LIBRARY,EB,2020,no,no,no,no,,,,,,,,,,,,,,,,no,no,no,no,,,,,,,,
EB3071,HISTORICAL_LIBRARY_ONLY,CLOSED_HISTORICAL,no,Historical BIBLE-library code not part of current 2026 live table.,BIBLE_HISTORICAL_ONLY,HISTORICAL_LIBRARY,EB,2020,no,no,no,no,,,,,,,,,,,,,,,,no,no,no,no,,,,,,,,
EB3072,CORE_DRAW_RESULTS_CONTINUING,CLOSED_CORE,yes,Present in 2025 BIBLE and fresh 2026 DWR Hunt Planner table.,LIVE_2026_AND_2025_BIBLE,CONTINUITY,EB,2020|2021|2022|2023|2024|2025,yes,no,yes,yes,OK,LIVE_AND_DATABASE,MATCH,LIVE_DWR_RES_NR_SPLIT,Wasatch Mtns,Elk,Bull,Any Legal Weapon,Limited Entry,54,6,60,54,6,60,no,no,no,no,,,,REVIEW_SOURCE_CONFLICT,HANUMBER,60,REVIEW_BEFORE_PROMOTION,https://dwrapps.utah.gov/huntboundary/HuntTableData?species=Elk&gender=Bull
EB3073,CORE_DRAW_RESULTS_CONTINUING,CLOSED_CORE,yes,Present in 2025 BIBLE and fresh 2026 DWR Hunt Planner table.,LIVE_2026_AND_2025_BIBLE,CONTINUITY,EB,2020|2021|2022|2023|2024|2025,yes,no,yes,yes,OK,LIVE_AND_DATABASE,MATCH,LIVE_DWR_RES_NR_SPLIT,Wasatch Mtns,Elk,Bull,Any Legal Weapon,Limited Entry,89,10,99,89,10,99,no,no,no,no,,,,REVIEW_SOURCE_CONFLICT,HANUMBER,99,REVIEW_BEFORE_PROMOTION,https://dwrapps.utah.gov/huntboundary/HuntTableData?species=Elk&gender=Bull
EB3074,HISTORICAL_LIBRARY_ONLY,CLOSED_HISTORICAL,no,Historical BIBLE-library code not part of current 2026 live table.,BIBLE_HISTORICAL_ONLY,HISTORICAL_LIBRARY,EB,2020,no,no,no,no,,,,,,,,,,,,,,,,no,no,no,no,,,,,,,,
EB3075,HISTORICAL_LIBRARY_ONLY,CLOSED_HISTORICAL,no,Historical BIBLE-library code not part of current 2026 live table.,BIBLE_HISTORICAL_ONLY,HISTORICAL_LIBRARY,EB,2020,no,no,no,no,,,,,,,,,,,,,,,,no,no,no,no,,,,,,,,
EB3076,HISTORICAL_LIBRARY_ONLY,CLOSED_HISTORICAL,no,Historical BIBLE-library code not part of current 2026 live table.,BIBLE_HISTORICAL_ONLY,HISTORICAL_LIBRARY,EB,2020,no,no,no,no,,,,,,,,,,,,,,,,no,no,no,no,,,,,,,,
EB3077,CORE_DRAW_RESULTS_CONTINUING,CLOSED_CORE,yes,Present in 2025 BIBLE and fresh 2026 DWR Hunt Planner table.,LIVE_2026_AND_2025_BIBLE,CONTINUITY,EB,2020|2021|2022|2023|2024|2025,yes,no,yes,yes,OK,LIVE_AND_DATABASE,MATCH,LIVE_DWR_RES_NR_SPLIT,"Beaver, East",Elk,Bull,Muzzleloader,Limited Entry,13,2,15,13,2,15,no,no,no,no,,,,HIGH_CONFIRMED_2PLUS,HANUMBER,15,PROMOTE_CANDIDATE_AFTER_REVIEW,https://dwrapps.utah.gov/huntboundary/HuntTableData?species=Elk&gender=Bull
EB3078,HISTORICAL_LIBRARY_ONLY,CLOSED_HISTORICAL,no,Historical BIBLE-library code not part of current 2026 live table.,BIBLE_HISTORICAL_ONLY,HISTORICAL_LIBRARY,EB,2020|2021|2022,no,no,no,no,,,,,,,,,,,,,,,,no,no,no,no,,,,,,,,
EB3079,CORE_DRAW_RESULTS_CONTINUING,CLOSED_CORE,yes,Present in 2025 BIBLE and fresh 2026 DWR Hunt Planner table.,LIVE_2026_AND_2025_BIBLE,CONTINUITY,EB,2020|2021|2022|2023|2024|2025,yes,no,yes,yes,OK,LIVE_AND_DATABASE,MATCH,LIVE_DWR_RES_NR_SPLIT,"Book Cliffs, Little Creek Roadless",Elk,Bull,Muzzleloader,Limited Entry,2,0,2,2,0,2,no,no,no,no,,,,HIGH_CONFIRMED_2PLUS,HANUMBER,2,PROMOTE_CANDIDATE_AFTER_REVIEW,https://dwrapps.utah.gov/huntboundary/HuntTableData?species=Elk&gender=Bull
EB3080,HISTORICAL_LIBRARY_ONLY,CLOSED_HISTORICAL,no,Historical BIBLE-library code not part of current 2026 live table.,BIBLE_HISTORICAL_ONLY,HISTORICAL_LIBRARY,EB,2020,no,no,no,no,,,,,,,,,,,,,,,,no,no,no,no,,,,,,,,
EB3081,CORE_DRAW_RESULTS_CONTINUING,CLOSED_CORE,yes,Present in 2025 BIBLE and fresh 2026 DWR Hunt Planner table.,LIVE_2026_AND_2025_BIBLE,CONTINUITY,EB,2020|2021|2022|2023|2024|2025,yes,no,yes,yes,OK,LIVE_AND_DATABASE,MATCH,LIVE_DWR_RES_NR_SPLIT,"Cache, Meadowville",Elk,Bull,Muzzleloader,Limited Entry,5,1,6,5,1,6,no,no,no,no,,,,HIGH_CONFIRMED_2PLUS,HANUMBER,6,PROMOTE_CANDIDATE_AFTER_REVIEW,https://dwrapps.utah.gov/huntboundary/HuntTableData?species=Elk&gender=Bull
EB3082,HISTORICAL_LIBRARY_ONLY,CLOSED_HISTORICAL,no,Historical BIBLE-library code not part of current 2026 live table.,BIBLE_HISTORICAL_ONLY,HISTORICAL_LIBRARY,EB,2020,no,no,no,no,,,,,,,,,,,,,,,,no,no,no,no,,,,,,,,
EB3083,CORE_DRAW_RESULTS_CONTINUING,CLOSED_CORE,yes,Present in 2025 BIBLE and fresh 2026 DWR Hunt Planner table.,LIVE_2026_AND_2025_BIBLE,CONTINUITY,EB,2020|2021|2022|2023|2024|2025,yes,no,yes,yes,OK,LIVE_AND_DATABASE,MATCH,LIVE_DWR_RES_NR_SPLIT,"Cache, South",Elk,Bull,Muzzleloader,Limited Entry,5,1,6,5,1,6,no,no,no,no,,,,HIGH_CONFIRMED_2PLUS,HANUMBER,6,PROMOTE_CANDIDATE_AFTER_REVIEW,https://dwrapps.utah.gov/huntboundary/HuntTableData?species=Elk&gender=Bull
EB3084,CORE_DRAW_RESULTS_CONTINUING,CLOSED_CORE,yes,Present in 2025 BIBLE and fresh 2026 DWR Hunt Planner table.,LIVE_2026_AND_2025_BIBLE,CONTINUITY,EB,2020|2021|2022|2023|2024|2025,yes,no,yes,yes,OK,LIVE_AND_DATABASE,MATCH,LIVE_DWR_RES_NR_SPLIT,Manti,Elk,Bull,Muzzleloader,Limited Entry,89,10,99,89,10,99,no,no,no,no,,,,REVIEW_SOURCE_CONFLICT,HANUMBER,99,REVIEW_BEFORE_PROMOTION,https://dwrapps.utah.gov/huntboundary/HuntTableData?species=Elk&gender=Bull
EB3085,HISTORICAL_LIBRARY_ONLY,CLOSED_HISTORICAL,no,Historical BIBLE-library code not part of current 2026 live table.,BIBLE_HISTORICAL_ONLY,HISTORICAL_LIBRARY,EB,2020|2021|2022,no,no,no,no,,,,,,,,,,,,,,,,no,no,no,no,,,,,,,,
EB3086,CORE_DRAW_RESULTS_CONTINUING,CLOSED_CORE,yes,Present in 2025 BIBLE and fresh 2026 DWR Hunt Planner table.,LIVE_2026_AND_2025_BIBLE,CONTINUITY,EB,2020|2021|2022|2023|2024|2025,yes,no,yes,yes,OK,LIVE_AND_DATABASE,MATCH,LIVE_DWR_RES_NR_SPLIT,"Fillmore, Pahvant",Elk,Bull,Muzzleloader,Limited Entry,12,1,13,12,1,13,no,no,no,no,,,,HIGH_CONFIRMED_2PLUS,HANUMBER,13,PROMOTE_CANDIDATE_AFTER_REVIEW,https://dwrapps.utah.gov/huntboundary/HuntTableData?species=Elk&gender=Bull
EB3087,CORE_DRAW_RESULTS_CONTINUING,CLOSED_CORE,yes,Present in 2025 BIBLE and fresh 2026 DWR Hunt Planner table.,LIVE_2026_AND_2025_BIBLE,CONTINUITY,EB,2020|2021|2022|2023|2024|2025,yes,no,yes,yes,OK,LIVE_AND_DATABASE,MATCH,LIVE_DWR_RES_NR_SPLIT,La Sal Mtns,Elk,Bull,Muzzleloader,Limited Entry,22,2,24,22,2,24,no,no,no,no,,,,HIGH_CONFIRMED_2PLUS,HANUMBER,24,PROMOTE_CANDIDATE_AFTER_REVIEW,https://dwrapps.utah.gov/huntboundary/HuntTableData?species=Elk&gender=Bull
EB3088,CORE_DRAW_RESULTS_CONTINUING,CLOSED_CORE,yes,Present in 2025 BIBLE and fresh 2026 DWR Hunt Planner table.,LIVE_2026_AND_2025_BIBLE,CONTINUITY,EB,2020|2021|2022|2023|2024|2025,yes,no,yes,yes,OK,LIVE_AND_DATABASE,MATCH,LIVE_DWR_RES_NR_SPLIT,Monroe,Elk,Bull,Muzzleloader,Limited Entry,10,1,11,10,1,11,no,no,no,no,,,,HIGH_CONFIRMED_2PLUS,HANUMBER,11,PROMOTE_CANDIDATE_AFTER_REVIEW,https://dwrapps.utah.gov/huntboundary/HuntTableData?species=Elk&gender=Bull
EB3089,CORE_DRAW_RESULTS_CONTINUING,CLOSED_CORE,yes,Present in 2025 BIBLE and fresh 2026 DWR Hunt Planner table.,LIVE_2026_AND_2025_BIBLE,CONTINUITY,EB,2020|2021|2022|2023|2024|2025,yes,no,yes,yes,OK,LIVE_AND_DATABASE,MATCH,LIVE_DWR_RES_NR_SPLIT,Mt Dutton,Elk,Bull,Muzzleloader,Limited Entry,12,1,13,12,1,13,no,no,no,no,,,,HIGH_CONFIRMED_2PLUS,HANUMBER,13,PROMOTE_CANDIDATE_AFTER_REVIEW,https://dwrapps.utah.gov/huntboundary/HuntTableData?species=Elk&gender=Bull
EB3090,HISTORICAL_LIBRARY_ONLY,CLOSED_HISTORICAL,no,Historical BIBLE-library code not part of current 2026 live table.,BIBLE_HISTORICAL_ONLY,HISTORICAL_LIBRARY,EB,2020,no,no,no,no,,,,,,,,,,,,,,,,no,no,no,no,,,,,,,,
EB3091,CORE_DRAW_RESULTS_CONTINUING,CLOSED_CORE,yes,Present in 2025 BIBLE and fresh 2026 DWR Hunt Planner table.,LIVE_2026_AND_2025_BIBLE,CONTINUITY,EB,2020|2021|2022|2023|2024|2025,yes,no,yes,yes,OK,LIVE_AND_DATABASE,MATCH,LIVE_DWR_RES_NR_SPLIT,"North Slope, Three Corners",Elk,Bull,Muzzleloader,Limited Entry,4,0,4,4,0,4,no,no,no,no,,,,HIGH_CONFIRMED_2PLUS,HANUMBER,4,PROMOTE_CANDIDATE_AFTER_REVIEW,https://dwrapps.utah.gov/huntboundary/HuntTableData?species=Elk&gender=Bull
EB3092,HISTORICAL_LIBRARY_ONLY,CLOSED_HISTORICAL,no,Historical BIBLE-library code not part of current 2026 live table.,BIBLE_HISTORICAL_ONLY,HISTORICAL_LIBRARY,EB,2020,no,no,no,no,,,,,,,,,,,,,,,,no,no,no,no,,,,,,,,
EB3093,CORE_DRAW_RESULTS_CONTINUING,CLOSED_CORE,yes,Present in 2025 BIBLE and fresh 2026 DWR Hunt Planner table.,LIVE_2026_AND_2025_BIBLE,CONTINUITY,EB,2020|2021|2022|2023|2024|2025,yes,no,yes,yes,OK,LIVE_AND_DATABASE,MATCH,LIVE_DWR_RES_NR_SPLIT,Panguitch Lake,Elk,Bull,Muzzleloader,Limited Entry,10,1,11,10,1,11,no,no,no,no,,,,HIGH_CONFIRMED_2PLUS,HANUMBER,11,PROMOTE_CANDIDATE_AFTER_REVIEW,https://dwrapps.utah.gov/huntboundary/HuntTableData?species=Elk&gender=Bull
EB3094,HISTORICAL_LIBRARY_ONLY,CLOSED_HISTORICAL,no,Historical BIBLE-library code not part of current 2026 live table.,BIBLE_HISTORICAL_ONLY,HISTORICAL_LIBRARY,EB,2020|2021|2022,no,no,no,no,,,,,,,,,,,,,,,,no,no,no,no,,,,,,,,
EB3095,HISTORICAL_LIBRARY_ONLY,CLOSED_HISTORICAL,no,Historical BIBLE-library code not part of current 2026 live table.,BIBLE_HISTORICAL_ONLY,HISTORICAL_LIBRARY,EB,2020,no,no,no,no,,,,,,,,,,,,,,,,no,no,no,no,,,,,,,,
EB3096,CORE_DRAW_RESULTS_CONTINUING,CLOSED_CORE,yes,Present in 2025 BIBLE and fresh 2026 DWR Hunt Planner table.,LIVE_2026_AND_2025_BIBLE,CONTINUITY,EB,2020|2021|2022|2023|2024|2025,yes,no,yes,yes,OK,LIVE_AND_DATABASE,MATCH,LIVE_DWR_RES_NR_SPLIT,Fishlake/Thousand Lakes,Elk,Bull,Muzzleloader,Limited Entry,50,6,56,50,6,56,no,no,no,no,,,,REVIEW_SOURCE_CONFLICT,HANUMBER,56,REVIEW_BEFORE_PROMOTION,https://dwrapps.utah.gov/huntboundary/HuntTableData?species=Elk&gender=Bull
EB3097,CORE_DRAW_RESULTS_CONTINUING,CLOSED_CORE,yes,Present in 2025 BIBLE and fresh 2026 DWR Hunt Planner table.,LIVE_2026_AND_2025_BIBLE,CONTINUITY,EB,2020|2021|2022|2023|2024|2025,yes,no,yes,yes,OK,LIVE_AND_DATABASE,MATCH,LIVE_DWR_RES_NR_SPLIT,San Juan Bull Elk,Elk,Bull,Muzzleloader,Limited Entry,17,2,19,17,2,19,no,no,no,no,,,,HIGH_CONFIRMED_2PLUS,HANUMBER,19,PROMOTE_CANDIDATE_AFTER_REVIEW,https://dwrapps.utah.gov/huntboundary/HuntTableData?species=Elk&gender=Bull
EB3098,CORE_DRAW_RESULTS_CONTINUING,CLOSED_CORE,yes,Present in 2025 BIBLE and fresh 2026 DWR Hunt Planner table.,LIVE_2026_AND_2025_BIBLE,CONTINUITY,EB,2020|2021|2022|2023|2024|2025,yes,no,yes,yes,OK,LIVE_AND_DATABASE,MATCH,LIVE_DWR_RES_NR_SPLIT,Diamond Mtn,Elk,Bull,Muzzleloader,Limited Entry,15,2,17,15,2,17,no,no,no,no,,,,HIGH_CONFIRMED_2PLUS,HANUMBER,17,PROMOTE_CANDIDATE_AFTER_REVIEW,https://dwrapps.utah.gov/huntboundary/HuntTableData?species=Elk&gender=Bull
EB3099,HISTORICAL_LIBRARY_ONLY,CLOSED_HISTORICAL,no,Historical BIBLE-library code not part of current 2026 live table.,BIBLE_HISTORICAL_ONLY,HISTORICAL_LIBRARY,EB,2020,no,no,no,no,,,,,,,,,,,,,,,,no,no,no,no,,,,,,,,
EB3100,CORE_DRAW_RESULTS_CONTINUING,CLOSED_CORE,yes,Present in 2025 BIBLE and fresh 2026 DWR Hunt Planner table.,LIVE_2026_AND_2025_BIBLE,CONTINUITY,EB,2020|2021|2022|2023|2024|2025,yes,no,yes,yes,OK,LIVE_AND_DATABASE,MATCH,LIVE_DWR_RES_NR_SPLIT,Wasatch Mtns,Elk,Bull,Muzzleloader,Limited Entry,78,9,87,78,9,87,no,no,no,no,,,,REVIEW_SOURCE_CONFLICT,HANUMBER,87,REVIEW_BEFORE_PROMOTION,https://dwrapps.utah.gov/huntboundary/HuntTableData?species=Elk&gender=Bull
EB3101,HISTORICAL_LIBRARY_ONLY,CLOSED_HISTORICAL,no,Historical BIBLE-library code not part of current 2026 live table.,BIBLE_HISTORICAL_ONLY,HISTORICAL_LIBRARY,EB,2020,no,no,no,no,,,,,,,,,,,,,,,,no,no,no,no,,,,,,,,
EB3102,CORE_DRAW_RESULTS_CONTINUING,CLOSED_CORE,yes,Present in 2025 BIBLE and fresh 2026 DWR Hunt Planner table.,LIVE_2026_AND_2025_BIBLE,CONTINUITY,EB,2020|2021|2022|2023|2024|2025,yes,no,yes,yes,OK,LIVE_AND_DATABASE,MATCH,LIVE_DWR_RES_NR_SPLIT,"Beaver, East",Elk,Bull,Multiseason,Limited Entry,3,0,3,3,0,3,no,no,no,no,,,,HIGH_CONFIRMED_2PLUS,HANUMBER,3,PROMOTE_CANDIDATE_AFTER_REVIEW,https://dwrapps.utah.gov/huntboundary/HuntTableData?species=Elk&gender=Bull
EB3103,HISTORICAL_LIBRARY_ONLY,CLOSED_HISTORICAL,no,Historical BIBLE-library code not part of current 2026 live table.,BIBLE_HISTORICAL_ONLY,HISTORICAL_LIBRARY,EB,2020|2021|2022,no,no,no,no,,,,,,,,,,,,,,,,no,no,no,no,,,,,,,,
EB3104,CORE_DRAW_RESULTS_CONTINUING,CLOSED_CORE,yes,Present in 2025 BIBLE and fresh 2026 DWR Hunt Planner table.,LIVE_2026_AND_2025_BIBLE,CONTINUITY,EB,2020|2021|2022|2023|2024|2025,yes,no,yes,yes,OK,LIVE_AND_DATABASE,MATCH,LIVE_DWR_RES_NR_SPLIT,"Book Cliffs, Little Creek Roadless",Elk,Bull,Multiseason,Limited Entry,1,0,1,1,0,1,no,no,no,no,,,,HIGH_CONFIRMED_2PLUS,HANUMBER,1,PROMOTE_CANDIDATE_AFTER_REVIEW,https://dwrapps.utah.gov/huntboundary/HuntTableData?species=Elk&gender=Bull
EB3105,CORE_DRAW_RESULTS_CONTINUING,CLOSED_CORE,yes,Present in 2025 BIBLE and fresh 2026 DWR Hunt Planner table.,LIVE_2026_AND_2025_BIBLE,CONTINUITY,EB,2020|2021|2022|2023|2024|2025,yes,no,yes,yes,OK,LIVE_AND_DATABASE,MATCH,LIVE_DWR_RES_NR_SPLIT,"Cache, Meadowville",Elk,Bull,Multiseason,Limited Entry,1,0,1,1,0,1,no,no,no,no,,,,HIGH_CONFIRMED_2PLUS,HANUMBER,1,PROMOTE_CANDIDATE_AFTER_REVIEW,https://dwrapps.utah.gov/huntboundary/HuntTableData?species=Elk&gender=Bull
EB3106,HISTORICAL_LIBRARY_ONLY,CLOSED_HISTORICAL,no,Historical BIBLE-library code not part of current 2026 live table.,BIBLE_HISTORICAL_ONLY,HISTORICAL_LIBRARY,EB,2020,no,no,no,no,,,,,,,,,,,,,,,,no,no,no,no,,,,,,,,
EB3107,CORE_DRAW_RESULTS_CONTINUING,CLOSED_CORE,yes,Present in 2025 BIBLE and fresh 2026 DWR Hunt Planner table.,LIVE_2026_AND_2025_BIBLE,CONTINUITY,EB,2020|2021|2022|2023|2024|2025,yes,no,yes,yes,OK,LIVE_AND_DATABASE,MATCH,LIVE_DWR_RES_NR_SPLIT,"Cache, South",Elk,Bull,Multiseason,Limited Entry,1,0,1,1,0,1,no,no,no,no,,,,HIGH_CONFIRMED_2PLUS,HANUMBER,1,PROMOTE_CANDIDATE_AFTER_REVIEW,https://dwrapps.utah.gov/huntboundary/HuntTableData?species=Elk&gender=Bull
EB3108,CORE_DRAW_RESULTS_CONTINUING,CLOSED_CORE,yes,Present in 2025 BIBLE and fresh 2026 DWR Hunt Planner table.,LIVE_2026_AND_2025_BIBLE,CONTINUITY,EB,2020|2021|2022|2023|2024|2025,yes,no,yes,yes,OK,LIVE_AND_DATABASE,MATCH,LIVE_DWR_RES_NR_SPLIT,Manti,Elk,Bull,Multiseason,Limited Entry,18,2,20,18,2,20,no,no,no,no,,,,HIGH_CONFIRMED_2PLUS,HANUMBER,20,PROMOTE_CANDIDATE_AFTER_REVIEW,https://dwrapps.utah.gov/huntboundary/HuntTableData?species=Elk&gender=Bull
EB3109,HISTORICAL_LIBRARY_ONLY,CLOSED_HISTORICAL,no,Historical BIBLE-library code not part of current 2026 live table.,BIBLE_HISTORICAL_ONLY,HISTORICAL_LIBRARY,EB,2020|2021|2022,no,no,no,no,,,,,,,,,,,,,,,,no,no,no,no,,,,,,,,
EB3110,CORE_DRAW_RESULTS_CONTINUING,CLOSED_CORE,yes,Present in 2025 BIBLE and fresh 2026 DWR Hunt Planner table.,LIVE_2026_AND_2025_BIBLE,CONTINUITY,EB,2020|2021|2022|2023|2024|2025,yes,no,yes,yes,OK,LIVE_AND_DATABASE,MATCH,LIVE_DWR_RES_NR_SPLIT,"Fillmore, Pahvant",Elk,Bull,Multiseason,Limited Entry,3,0,3,3,0,3,no,no,no,no,,,,HIGH_CONFIRMED_2PLUS,HANUMBER,3,PROMOTE_CANDIDATE_AFTER_REVIEW,https://dwrapps.utah.gov/huntboundary/HuntTableData?species=Elk&gender=Bull
EB3111,CORE_DRAW_RESULTS_CONTINUING,CLOSED_CORE,yes,Present in 2025 BIBLE and fresh 2026 DWR Hunt Planner table.,LIVE_2026_AND_2025_BIBLE,CONTINUITY,EB,2020|2021|2022|2023|2024|2025,yes,no,yes,yes,OK,LIVE_AND_DATABASE,MATCH,LIVE_DWR_RES_NR_SPLIT,La Sal Mtns,Elk,Bull,Multiseason,Limited Entry,5,0,5,5,0,5,no,no,no,no,,,,HIGH_CONFIRMED_2PLUS,HANUMBER,5,PROMOTE_CANDIDATE_AFTER_REVIEW,https://dwrapps.utah.gov/huntboundary/HuntTableData?species=Elk&gender=Bull
EB3112,CORE_DRAW_RESULTS_CONTINUING,CLOSED_CORE,yes,Present in 2025 BIBLE and fresh 2026 DWR Hunt Planner table.,LIVE_2026_AND_2025_BIBLE,CONTINUITY,EB,2020|2021|2022|2023|2024|2025,yes,no,yes,yes,OK,LIVE_AND_DATABASE,MATCH,LIVE_DWR_RES_NR_SPLIT,Monroe,Elk,Bull,Multiseason,Limited Entry,2,0,2,2,0,2,no,no,no,no,,,,HIGH_CONFIRMED_2PLUS,HANUMBER,2,PROMOTE_CANDIDATE_AFTER_REVIEW,https://dwrapps.utah.gov/huntboundary/HuntTableData?species=Elk&gender=Bull
EB3113,CORE_DRAW_RESULTS_CONTINUING,CLOSED_CORE,yes,Present in 2025 BIBLE and fresh 2026 DWR Hunt Planner table.,LIVE_2026_AND_2025_BIBLE,CONTINUITY,EB,2020|2021|2022|2023|2024|2025,yes,no,yes,yes,OK,LIVE_AND_DATABASE,MATCH,LIVE_DWR_RES_NR_SPLIT,Mt Dutton,Elk,Bull,Multiseason,Limited Entry,3,0,3,3,0,3,no,no,no,no,,,,HIGH_CONFIRMED_2PLUS,HANUMBER,3,PROMOTE_CANDIDATE_AFTER_REVIEW,https://dwrapps.utah.gov/huntboundary/HuntTableData?species=Elk&gender=Bull
EB3114,HISTORICAL_LIBRARY_ONLY,CLOSED_HISTORICAL,no,Historical BIBLE-library code not part of current 2026 live table.,BIBLE_HISTORICAL_ONLY,HISTORICAL_LIBRARY,EB,2020,no,no,no,no,,,,,,,,,,,,,,,,no,no,no,no,,,,,,,,
EB3115,CORE_DRAW_RESULTS_CONTINUING,CLOSED_CORE,yes,Present in 2025 BIBLE and fresh 2026 DWR Hunt Planner table.,LIVE_2026_AND_2025_BIBLE,CONTINUITY,EB,2020|2021|2022|2023|2024|2025,yes,no,yes,yes,OK,LIVE_AND_DATABASE,MATCH,LIVE_DWR_RES_NR_SPLIT,"North Slope, Three Corners",Elk,Bull,Multiseason,Limited Entry,1,0,1,1,0,1,no,no,no,no,,,,HIGH_CONFIRMED_2PLUS,HANUMBER,1,PROMOTE_CANDIDATE_AFTER_REVIEW,https://dwrapps.utah.gov/huntboundary/HuntTableData?species=Elk&gender=Bull
EB3116,HISTORICAL_LIBRARY_ONLY,CLOSED_HISTORICAL,no,Historical BIBLE-library code not part of current 2026 live table.,BIBLE_HISTORICAL_ONLY,HISTORICAL_LIBRARY,EB,2020,no,no,no,no,,,,,,,,,,,,,,,,no,no,no,no,,,,,,,,
EB3117,CORE_DRAW_RESULTS_CONTINUING,CLOSED_CORE,yes,Present in 2025 BIBLE and fresh 2026 DWR Hunt Planner table.,LIVE_2026_AND_2025_BIBLE,CONTINUITY,EB,2020|2021|2022|2023|2024|2025,yes,no,yes,yes,OK,LIVE_AND_DATABASE,MATCH,LIVE_DWR_RES_NR_SPLIT,Panguitch Lake,Elk,Bull,Multiseason,Limited Entry,2,0,2,2,0,2,no,no,no,no,,,,HIGH_CONFIRMED_2PLUS,HANUMBER,2,PROMOTE_CANDIDATE_AFTER_REVIEW,https://dwrapps.utah.gov/huntboundary/HuntTableData?species=Elk&gender=Bull
EB3118,HISTORICAL_LIBRARY_ONLY,CLOSED_HISTORICAL,no,Historical BIBLE-library code not part of current 2026 live table.,BIBLE_HISTORICAL_ONLY,HISTORICAL_LIBRARY,EB,2020|2021|2022,no,no,no,no,,,,,,,,,,,,,,,,no,no,no,no,,,,,,,,
EB3119,HISTORICAL_LIBRARY_ONLY,CLOSED_HISTORICAL,no,Historical BIBLE-library code not part of current 2026 live table.,BIBLE_HISTORICAL_ONLY,HISTORICAL_LIBRARY,EB,2020,no,no,no,no,,,,,,,,,,,,,,,,no,no,no,no,,,,,,,,
EB3120,CORE_DRAW_RESULTS_CONTINUING,CLOSED_CORE,yes,Present in 2025 BIBLE and fresh 2026 DWR Hunt Planner table.,LIVE_2026_AND_2025_BIBLE,CONTINUITY,EB,2020|2021|2022|2023|2024|2025,yes,no,yes,yes,OK,LIVE_AND_DATABASE,MATCH,LIVE_DWR_RES_NR_SPLIT,Fishlake/Thousand Lakes,Elk,Bull,Multiseason,Limited Entry,10,1,11,10,1,11,no,no,no,no,,,,HIGH_CONFIRMED_2PLUS,HANUMBER,11,PROMOTE_CANDIDATE_AFTER_REVIEW,https://dwrapps.utah.gov/huntboundary/HuntTableData?species=Elk&gender=Bull
EB3121,CORE_DRAW_RESULTS_CONTINUING,CLOSED_CORE,yes,Present in 2025 BIBLE and fresh 2026 DWR Hunt Planner table.,LIVE_2026_AND_2025_BIBLE,CONTINUITY,EB,2020|2021|2022|2023|2024|2025,yes,no,yes,yes,OK,LIVE_AND_DATABASE,MATCH,LIVE_DWR_RES_NR_SPLIT,San Juan Bull Elk,Elk,Bull,Multiseason,Limited Entry,4,0,4,4,0,4,no,no,no,no,,,,HIGH_CONFIRMED_2PLUS,HANUMBER,4,PROMOTE_CANDIDATE_AFTER_REVIEW,https://dwrapps.utah.gov/huntboundary/HuntTableData?species=Elk&gender=Bull
EB3122,CORE_DRAW_RESULTS_CONTINUING,CLOSED_CORE,yes,Present in 2025 BIBLE and fresh 2026 DWR Hunt Planner table.,LIVE_2026_AND_2025_BIBLE,CONTINUITY,EB,2020|2021|2022|2023|2024|2025,yes,no,yes,yes,OK,LIVE_AND_DATABASE,MATCH,LIVE_DWR_RES_NR_SPLIT,Diamond Mtn,Elk,Bull,Multiseason,Limited Entry,3,0,3,3,0,3,no,no,no,no,,,,HIGH_CONFIRMED_2PLUS,HANUMBER,3,PROMOTE_CANDIDATE_AFTER_REVIEW,https://dwrapps.utah.gov/huntboundary/HuntTableData?species=Elk&gender=Bull
EB3123,HISTORICAL_LIBRARY_ONLY,CLOSED_HISTORICAL,no,Historical BIBLE-library code not part of current 2026 live table.,BIBLE_HISTORICAL_ONLY,HISTORICAL_LIBRARY,EB,2020,no,no,no,no,,,,,,,,,,,,,,,,no,no,no,no,,,,,,,,
EB3124,CORE_DRAW_RESULTS_CONTINUING,CLOSED_CORE,yes,Present in 2025 BIBLE and fresh 2026 DWR Hunt Planner table.,LIVE_2026_AND_2025_BIBLE,CONTINUITY,EB,2020|2021|2022|2023|2024|2025,yes,no,yes,yes,OK,LIVE_AND_DATABASE,MATCH,LIVE_DWR_RES_NR_SPLIT,Wasatch Mtns,Elk,Bull,Multiseason,Limited Entry,15,2,17,15,2,17,no,no,no,no,,,,REVIEW_SOURCE_CONFLICT,HANUMBER,17,REVIEW_BEFORE_PROMOTION,https://dwrapps.utah.gov/huntboundary/HuntTableData?species=Elk&gender=Bull
EB3125,HISTORICAL_LIBRARY_ONLY,CLOSED_HISTORICAL,no,Historical BIBLE-library code not part of current 2026 live table.,BIBLE_HISTORICAL_ONLY,HISTORICAL_LIBRARY,EB,2020,no,no,no,no,,,,,,,,,,,,,,,,no,no,no,no,,,,,,,,
EB3126,CORE_DRAW_RESULTS_CONTINUING,CLOSED_CORE,yes,Present in 2025 BIBLE and fresh 2026 DWR Hunt Planner table.,LIVE_2026_AND_2025_BIBLE,CONTINUITY,EB,2020|2021|2022|2023|2024|2025,yes,no,yes,yes,OK,LIVE_AND_DATABASE,MATCH,LIVE_DWR_RES_NR_SPLIT,Manti,Elk,Bull,Any Legal Weapon,Limited Entry,175,20,195,175,20,195,no,no,no,no,,,,REVIEW_SOURCE_CONFLICT,HANUMBER,195,REVIEW_BEFORE_PROMOTION,https://dwrapps.utah.gov/huntboundary/HuntTableData?species=Elk&gender=Bull
EB3127,CORE_DRAW_RESULTS_CONTINUING,CLOSED_CORE,yes,Present in 2025 BIBLE and fresh 2026 DWR Hunt Planner table.,LIVE_2026_AND_2025_BIBLE,CONTINUITY,EB,2020|2021|2022|2023|2024|2025,yes,no,yes,yes,OK,LIVE_AND_DATABASE,MATCH,LIVE_DWR_RES_NR_SPLIT,Wasatch Mtns,Elk,Bull,Any Legal Weapon,Limited Entry,155,17,172,155,17,172,no,no,no,no,,,,REVIEW_SOURCE_CONFLICT,HANUMBER,172,REVIEW_BEFORE_PROMOTION,https://dwrapps.utah.gov/huntboundary/HuntTableData?species=Elk&gender=Bull
EB3128,SEPARATE_CONSERVATION_LAYER,CLOSED_SEPARATE_LAYER,no,"Conservation permit family; use separate conservation layer, not core-count inflation.",LIVE_2026_NOT_IN_2025_BIBLE,CONSERVATION_CURRENT_PLANNER,EB,,no,no,yes,yes,OK,LIVE_AND_DATABASE,LIVE_NO_QUOTA_DATABASE_PRESERVED,LIVE_DWR_NO_QUOTA_PUBLISHED,"Box Elder, Grouse Creek",Elk,Bull,Multiseason,Conservation,,,,,,1,no,no,yes,yes,CONSERVATION_PERMITS_DIRECT,SOURCE_MATCHES_DATABASE,,REVIEW_REQUIRED,NONE_EXTERNAL_DATABASE_REFERENCE_ONLY,,FIND_EXTERNAL_SOURCE_BEFORE_PROMOTION,https://dwrapps.utah.gov/huntboundary/HuntTableData?species=Elk&gender=Bull
EB3130,CORE_DRAW_RESULTS_CONTINUING,CLOSED_CORE,yes,Present in 2025 BIBLE and fresh 2026 DWR Hunt Planner table.,LIVE_2026_AND_2025_BIBLE,CONTINUITY,EB,2021|2022|2023|2024|2025,yes,no,yes,yes,OK,LIVE_AND_DATABASE,MATCH,LIVE_DWR_RES_NR_SPLIT,"Box Elder, Pilot Mtn",Elk,Bull,Archery,Limited Entry,2,0,2,2,0,2,no,no,no,no,,,,HIGH_CONFIRMED_2PLUS,HANUMBER,2,PROMOTE_CANDIDATE_AFTER_REVIEW,https://dwrapps.utah.gov/huntboundary/HuntTableData?species=Elk&gender=Bull
EB3131,HISTORICAL_LIBRARY_ONLY,CLOSED_HISTORICAL,no,Historical BIBLE-library code not part of current 2026 live table.,BIBLE_HISTORICAL_ONLY,HISTORICAL_LIBRARY,EB,2021|2022,no,no,no,no,,,,,,,,,,,,,,,,no,no,no,no,,,,,,,,
EB3132,CORE_DRAW_RESULTS_CONTINUING,CLOSED_CORE,yes,Present in 2025 BIBLE and fresh 2026 DWR Hunt Planner table.,LIVE_2026_AND_2025_BIBLE,CONTINUITY,EB,2021|2022|2023|2024|2025,yes,no,yes,yes,OK,LIVE_AND_DATABASE,MATCH,LIVE_DWR_RES_NR_SPLIT,"Cache, North",Elk,Bull,Archery,Limited Entry,22,2,24,22,2,24,no,no,no,no,,,,HIGH_CONFIRMED_2PLUS,HANUMBER,24,PROMOTE_CANDIDATE_AFTER_REVIEW,https://dwrapps.utah.gov/huntboundary/HuntTableData?species=Elk&gender=Bull
EB3133,HISTORICAL_LIBRARY_ONLY,CLOSED_HISTORICAL,no,Historical BIBLE-library code not part of current 2026 live table.,BIBLE_HISTORICAL_ONLY,HISTORICAL_LIBRARY,EB,2021|2022,no,no,no,no,,,,,,,,,,,,,,,,no,no,no,no,,,,,,,,
EB3134,HISTORICAL_LIBRARY_ONLY,CLOSED_HISTORICAL,no,Historical BIBLE-library code not part of current 2026 live table.,BIBLE_HISTORICAL_ONLY,HISTORICAL_LIBRARY,EB,2021|2022,no,no,no,no,,,,,,,,,,,,,,,,no,no,no,no,,,,,,,,
EB3135,CORE_DRAW_RESULTS_CONTINUING,CLOSED_CORE,yes,Present in 2025 BIBLE and fresh 2026 DWR Hunt Planner table.,LIVE_2026_AND_2025_BIBLE,CONTINUITY,EB,2021|2022|2023|2024|2025,yes,no,yes,yes,OK,LIVE_AND_DATABASE,MATCH,LIVE_DWR_RES_NR_SPLIT,Barney Top/Kaiparowits,Elk,Bull,Archery,Limited Entry,9,1,10,9,1,10,no,no,no,no,,,,HIGH_CONFIRMED_2PLUS,HANUMBER,10,PROMOTE_CANDIDATE_AFTER_REVIEW,https://dwrapps.utah.gov/huntboundary/HuntTableData?species=Elk&gender=Bull
EB3136,CORE_DRAW_RESULTS_CONTINUING,CLOSED_CORE,yes,Present in 2025 BIBLE and fresh 2026 DWR Hunt Planner table.,LIVE_2026_AND_2025_BIBLE,CONTINUITY,EB,2021|2022|2023|2024|2025,yes,no,yes,yes,OK,LIVE_AND_DATABASE,MATCH,LIVE_DWR_RES_NR_SPLIT,"Southwest Desert, North",Elk,Bull,Archery,Limited Entry,21,2,23,21,2,23,no,no,no,no,,,,HIGH_CONFIRMED_2PLUS,HANUMBER,23,PROMOTE_CANDIDATE_AFTER_REVIEW,https://dwrapps.utah.gov/huntboundary/HuntTableData?species=Elk&gender=Bull
EB3137,CORE_DRAW_RESULTS_CONTINUING,CLOSED_CORE,yes,Present in 2025 BIBLE and fresh 2026 DWR Hunt Planner table.,LIVE_2026_AND_2025_BIBLE,CONTINUITY,EB,2021|2022|2023|2024|2025,yes,no,yes,yes,OK,LIVE_AND_DATABASE,MATCH,LIVE_DWR_RES_NR_SPLIT,"West Desert, Deep Creek",Elk,Bull,Archery,Limited Entry,13,2,15,13,2,15,no,no,no,no,,,,HIGH_CONFIRMED_2PLUS,HANUMBER,15,PROMOTE_CANDIDATE_AFTER_REVIEW,https://dwrapps.utah.gov/huntboundary/HuntTableData?species=Elk&gender=Bull
EB3138,HISTORICAL_LIBRARY_ONLY,CLOSED_HISTORICAL,no,Historical BIBLE-library code not part of current 2026 live table.,BIBLE_HISTORICAL_ONLY,HISTORICAL_LIBRARY,EB,2021|2022,no,no,no,no,,,,,,,,,,,,,,,,no,no,no,no,,,,,,,,
EB3139,CORE_DRAW_RESULTS_CONTINUING,CLOSED_CORE,yes,Present in 2025 BIBLE and fresh 2026 DWR Hunt Planner table.,LIVE_2026_AND_2025_BIBLE,CONTINUITY,EB,2021|2022|2023|2024|2025,yes,no,yes,yes,OK,LIVE_AND_DATABASE,MATCH,LIVE_DWR_RES_NR_SPLIT,"Cache, North",Elk,Bull,"HAMSS (Handgun, Archery, Muzzleloader, Shotgun or Straight-walled rifle)",Limited Entry,22,2,24,22,2,24,no,no,no,no,,,,HIGH_CONFIRMED_2PLUS,HANUMBER,24,PROMOTE_CANDIDATE_AFTER_REVIEW,https://dwrapps.utah.gov/huntboundary/HuntTableData?species=Elk&gender=Bull
EB3140,HISTORICAL_LIBRARY_ONLY,CLOSED_HISTORICAL,no,Historical BIBLE-library code not part of current 2026 live table.,BIBLE_HISTORICAL_ONLY,HISTORICAL_LIBRARY,EB,2021|2022,no,no,no,no,,,,,,,,,,,,,,,,no,no,no,no,,,,,,,,
EB3141,HISTORICAL_LIBRARY_ONLY,CLOSED_HISTORICAL,no,Historical BIBLE-library code not part of current 2026 live table.,BIBLE_HISTORICAL_ONLY,HISTORICAL_LIBRARY,EB,2021|2022,no,no,no,no,,,,,,,,,,,,,,,,no,no,no,no,,,,,,,,
EB3142,CORE_DRAW_RESULTS_CONTINUING,CLOSED_CORE,yes,Present in 2025 BIBLE and fresh 2026 DWR Hunt Planner table.,LIVE_2026_AND_2025_BIBLE,CONTINUITY,EB,2021|2022|2023|2024|2025,yes,no,yes,yes,OK,LIVE_AND_DATABASE,MATCH,LIVE_DWR_RES_NR_SPLIT,Barney Top/Kaiparowits,Elk,Bull,"HAMSS (Handgun, Archery, Muzzleloader, Shotgun or Straight-walled rifle)",Limited Entry,9,1,10,9,1,10,no,no,no,no,,,,HIGH_CONFIRMED_2PLUS,HANUMBER,10,PROMOTE_CANDIDATE_AFTER_REVIEW,https://dwrapps.utah.gov/huntboundary/HuntTableData?species=Elk&gender=Bull
EB3143,CORE_DRAW_RESULTS_CONTINUING,CLOSED_CORE,yes,Present in 2025 BIBLE and fresh 2026 DWR Hunt Planner table.,LIVE_2026_AND_2025_BIBLE,CONTINUITY,EB,2021|2022|2023|2024|2025,yes,no,yes,yes,OK,LIVE_AND_DATABASE,MATCH,LIVE_DWR_RES_NR_SPLIT,"Southwest Desert, North",Elk,Bull,"HAMSS (Handgun, Archery, Muzzleloader, Shotgun or Straight-walled rifle)",Limited Entry,21,2,23,21,2,23,no,no,no,no,,,,HIGH_CONFIRMED_2PLUS,HANUMBER,23,PROMOTE_CANDIDATE_AFTER_REVIEW,https://dwrapps.utah.gov/huntboundary/HuntTableData?species=Elk&gender=Bull
EB3144,CORE_DRAW_RESULTS_CONTINUING,CLOSED_CORE,yes,Present in 2025 BIBLE and fresh 2026 DWR Hunt Planner table.,LIVE_2026_AND_2025_BIBLE,CONTINUITY,EB,2021|2022|2023|2024|2025,yes,no,yes,yes,OK,LIVE_AND_DATABASE,MATCH,LIVE_DWR_RES_NR_SPLIT,"West Desert, Deep Creek",Elk,Bull,"HAMSS (Handgun, Archery, Muzzleloader, Shotgun or Straight-walled rifle)",Limited Entry,13,2,15,13,2,15,no,no,no,no,,,,HIGH_CONFIRMED_2PLUS,HANUMBER,15,PROMOTE_CANDIDATE_AFTER_REVIEW,https://dwrapps.utah.gov/huntboundary/HuntTableData?species=Elk&gender=Bull
EB3145,CORE_DRAW_RESULTS_CONTINUING,CLOSED_CORE,yes,Present in 2025 BIBLE and fresh 2026 DWR Hunt Planner table.,LIVE_2026_AND_2025_BIBLE,CONTINUITY,EB,2021|2022|2023|2024|2025,yes,no,yes,yes,OK,LIVE_AND_DATABASE,MATCH,LIVE_DWR_RES_NR_SPLIT,Boulder,Elk,Bull,Archery,Limited Entry,31,4,35,31,4,35,no,no,no,no,,,,REVIEW_SOURCE_CONFLICT,HANUMBER,35,REVIEW_BEFORE_PROMOTION,https://dwrapps.utah.gov/huntboundary/HuntTableData?species=Elk&gender=Bull
EB3146,CORE_DRAW_RESULTS_CONTINUING,CLOSED_CORE,yes,Present in 2025 BIBLE and fresh 2026 DWR Hunt Planner table.,LIVE_2026_AND_2025_BIBLE,CONTINUITY,EB,2021|2022|2023|2024|2025,yes,no,yes,yes,OK,LIVE_AND_DATABASE,MATCH,LIVE_DWR_RES_NR_SPLIT,"Southwest Desert, South",Elk,Bull,Archery,Limited Entry,39,4,43,39,4,43,no,no,no,no,,,,REVIEW_SOURCE_CONFLICT,HANUMBER,43,REVIEW_BEFORE_PROMOTION,https://dwrapps.utah.gov/huntboundary/HuntTableData?species=Elk&gender=Bull
EB3147,CORE_DRAW_RESULTS_CONTINUING,CLOSED_CORE,yes,Present in 2025 BIBLE and fresh 2026 DWR Hunt Planner table.,LIVE_2026_AND_2025_BIBLE,CONTINUITY,EB,2021|2022|2023|2024|2025,yes,no,yes,yes,OK,LIVE_AND_DATABASE,MATCH,LIVE_DWR_RES_NR_SPLIT,"Box Elder, Grouse Creek",Elk,Bull,Any Legal Weapon,Limited Entry,6,1,7,6,1,7,no,no,no,no,,,,HIGH_CONFIRMED_2PLUS,HANUMBER,7,PROMOTE_CANDIDATE_AFTER_REVIEW,https://dwrapps.utah.gov/huntboundary/HuntTableData?species=Elk&gender=Bull
EB3148,CORE_DRAW_RESULTS_CONTINUING,CLOSED_CORE,yes,Present in 2025 BIBLE and fresh 2026 DWR Hunt Planner table.,LIVE_2026_AND_2025_BIBLE,CONTINUITY,EB,2021|2022|2023|2024|2025,yes,no,yes,yes,OK,LIVE_AND_DATABASE,MATCH,LIVE_DWR_RES_NR_SPLIT,Boulder,Elk,Bull,Any Legal Weapon,Limited Entry,13,1,14,13,1,14,no,no,no,no,,,,REVIEW_SOURCE_CONFLICT,HANUMBER,14,REVIEW_BEFORE_PROMOTION,https://dwrapps.utah.gov/huntboundary/HuntTableData?species=Elk&gender=Bull
EB3149,CORE_DRAW_RESULTS_CONTINUING,CLOSED_CORE,yes,Present in 2025 BIBLE and fresh 2026 DWR Hunt Planner table.,LIVE_2026_AND_2025_BIBLE,CONTINUITY,EB,2021|2022|2023|2024|2025,yes,no,yes,yes,OK,LIVE_AND_DATABASE,MATCH,LIVE_DWR_RES_NR_SPLIT,"Southwest Desert, South",Elk,Bull,Any Legal Weapon,Limited Entry,16,2,18,16,2,18,no,no,no,no,,,,REVIEW_SOURCE_CONFLICT,HANUMBER,18,REVIEW_BEFORE_PROMOTION,https://dwrapps.utah.gov/huntboundary/HuntTableData?species=Elk&gender=Bull
EB3150,CORE_DRAW_RESULTS_CONTINUING,CLOSED_CORE,yes,Present in 2025 BIBLE and fresh 2026 DWR Hunt Planner table.,LIVE_2026_AND_2025_BIBLE,CONTINUITY,EB,2021|2022|2023|2024|2025,yes,no,yes,yes,OK,LIVE_AND_DATABASE,MATCH,LIVE_DWR_RES_NR_SPLIT,"Box Elder, Grouse Creek",Elk,Bull,Any Legal Weapon,Limited Entry,12,1,13,12,1,13,no,no,no,no,,,,HIGH_CONFIRMED_2PLUS,HANUMBER,13,PROMOTE_CANDIDATE_AFTER_REVIEW,https://dwrapps.utah.gov/huntboundary/HuntTableData?species=Elk&gender=Bull
EB3151,CORE_DRAW_RESULTS_CONTINUING,CLOSED_CORE,yes,Present in 2025 BIBLE and fresh 2026 DWR Hunt Planner table.,LIVE_2026_AND_2025_BIBLE,CONTINUITY,EB,2021|2022|2023|2024|2025,yes,no,yes,yes,OK,LIVE_AND_DATABASE,MATCH,LIVE_DWR_RES_NR_SPLIT,Boulder,Elk,Bull,Any Legal Weapon,Limited Entry,22,2,24,22,2,24,no,no,no,no,,,,HIGH_CONFIRMED_2PLUS,HANUMBER,24,PROMOTE_CANDIDATE_AFTER_REVIEW,https://dwrapps.utah.gov/huntboundary/HuntTableData?species=Elk&gender=Bull
EB3152,CORE_DRAW_RESULTS_CONTINUING,CLOSED_CORE,yes,Present in 2025 BIBLE and fresh 2026 DWR Hunt Planner table.,LIVE_2026_AND_2025_BIBLE,CONTINUITY,EB,2021|2022|2023|2024|2025,yes,no,yes,yes,OK,LIVE_AND_DATABASE,MATCH,LIVE_DWR_RES_NR_SPLIT,"Southwest Desert, South",Elk,Bull,Any Legal Weapon,Limited Entry,26,3,29,26,3,29,no,no,no,no,,,,REVIEW_SOURCE_CONFLICT,HANUMBER,29,REVIEW_BEFORE_PROMOTION,https://dwrapps.utah.gov/huntboundary/HuntTableData?species=Elk&gender=Bull
EB3153,CORE_DRAW_RESULTS_CONTINUING,CLOSED_CORE,yes,Present in 2025 BIBLE and fresh 2026 DWR Hunt Planner table.,LIVE_2026_AND_2025_BIBLE,CONTINUITY,EB,2021|2022|2023|2024|2025,yes,no,yes,yes,OK,LIVE_AND_DATABASE,MATCH,LIVE_DWR_RES_NR_SPLIT,"Box Elder, Grouse Creek",Elk,Bull,Muzzleloader,Limited Entry,2,1,3,2,1,3,no,no,no,no,,,,HIGH_CONFIRMED_2PLUS,HANUMBER,3,PROMOTE_CANDIDATE_AFTER_REVIEW,https://dwrapps.utah.gov/huntboundary/HuntTableData?species=Elk&gender=Bull
EB3154,CORE_DRAW_RESULTS_CONTINUING,CLOSED_CORE,yes,Present in 2025 BIBLE and fresh 2026 DWR Hunt Planner table.,LIVE_2026_AND_2025_BIBLE,CONTINUITY,EB,2021|2022|2023|2024|2025,yes,no,yes,yes,OK,LIVE_AND_DATABASE,MATCH,LIVE_DWR_RES_NR_SPLIT,Boulder,Elk,Bull,Muzzleloader,Limited Entry,19,2,21,19,2,21,no,no,no,no,,,,HIGH_CONFIRMED_2PLUS,HANUMBER,21,PROMOTE_CANDIDATE_AFTER_REVIEW,https://dwrapps.utah.gov/huntboundary/HuntTableData?species=Elk&gender=Bull
EB3155,CORE_DRAW_RESULTS_CONTINUING,CLOSED_CORE,yes,Present in 2025 BIBLE and fresh 2026 DWR Hunt Planner table.,LIVE_2026_AND_2025_BIBLE,CONTINUITY,EB,2021|2022|2023|2024|2025,yes,no,yes,yes,OK,LIVE_AND_DATABASE,MATCH,LIVE_DWR_RES_NR_SPLIT,"Southwest Desert, South",Elk,Bull,Muzzleloader,Limited Entry,23,3,26,23,3,26,no,no,no,no,,,,HIGH_CONFIRMED_2PLUS,HANUMBER,26,PROMOTE_CANDIDATE_AFTER_REVIEW,https://dwrapps.utah.gov/huntboundary/HuntTableData?species=Elk&gender=Bull
EB3156,CORE_DRAW_RESULTS_CONTINUING,CLOSED_CORE,yes,Present in 2025 BIBLE and fresh 2026 DWR Hunt Planner table.,LIVE_2026_AND_2025_BIBLE,CONTINUITY,EB,2021|2022|2023|2024|2025,yes,no,yes,yes,OK,LIVE_AND_DATABASE,MATCH,LIVE_DWR_RES_NR_SPLIT,Boulder,Elk,Bull,Multiseason,Limited Entry,4,0,4,4,0,4,no,no,no,no,,,,HIGH_CONFIRMED_2PLUS,HANUMBER,4,PROMOTE_CANDIDATE_AFTER_REVIEW,https://dwrapps.utah.gov/huntboundary/HuntTableData?species=Elk&gender=Bull
EB3157,CORE_DRAW_RESULTS_CONTINUING,CLOSED_CORE,yes,Present in 2025 BIBLE and fresh 2026 DWR Hunt Planner table.,LIVE_2026_AND_2025_BIBLE,CONTINUITY,EB,2021|2022|2023|2024|2025,yes,no,yes,yes,OK,LIVE_AND_DATABASE,MATCH,LIVE_DWR_RES_NR_SPLIT,"Southwest Desert, South",Elk,Bull,Multiseason,Limited Entry,5,0,5,5,0,5,no,no,no,no,,,,HIGH_CONFIRMED_2PLUS,HANUMBER,5,PROMOTE_CANDIDATE_AFTER_REVIEW,https://dwrapps.utah.gov/huntboundary/HuntTableData?species=Elk&gender=Bull
EB3158,CORE_DRAW_RESULTS_CONTINUING,CLOSED_CORE,yes,Present in 2025 BIBLE and fresh 2026 DWR Hunt Planner table.,LIVE_2026_AND_2025_BIBLE,CONTINUITY,EB,2023|2024|2025,yes,no,yes,yes,OK,LIVE_AND_DATABASE,MATCH,LIVE_DWR_RES_NR_SPLIT,"Beaver, East",Elk,Bull,Archery,Limited Entry,18,2,20,18,2,20,no,no,yes,no,CONSERVATION_PERMITS_DIRECT,SOURCE_DIFFERS_FROM_CURRENT_RECONCILIATION,,REVIEW_SOURCE_CONFLICT,HANUMBER,20,REVIEW_BEFORE_PROMOTION,https://dwrapps.utah.gov/huntboundary/HuntTableData?species=Elk&gender=Bull
EB3159,CORE_DRAW_RESULTS_CONTINUING,CLOSED_CORE,yes,Present in 2025 BIBLE and fresh 2026 DWR Hunt Planner table.,LIVE_2026_AND_2025_BIBLE,CONTINUITY,EB,2023|2024|2025,yes,no,yes,yes,OK,LIVE_AND_DATABASE,MATCH,LIVE_DWR_RES_NR_SPLIT,"Beaver, East",Elk,Bull,Any Legal Weapon,Limited Entry,27,3,30,27,3,30,no,no,yes,no,CONSERVATION_PERMITS_DIRECT,SOURCE_DIFFERS_FROM_CURRENT_RECONCILIATION,,REVIEW_SOURCE_CONFLICT,HANUMBER,30,REVIEW_BEFORE_PROMOTION,https://dwrapps.utah.gov/huntboundary/HuntTableData?species=Elk&gender=Bull
EB3160,CORE_DRAW_RESULTS_CONTINUING,CLOSED_CORE,yes,Present in 2025 BIBLE and fresh 2026 DWR Hunt Planner table.,LIVE_2026_AND_2025_BIBLE,CONTINUITY,EB,2023|2024|2025,yes,no,yes,yes,OK,LIVE_AND_DATABASE,MATCH,LIVE_DWR_RES_NR_SPLIT,"Book Cliffs, Bitter Creek/East",Elk,Bull,Archery,Limited Entry,22,2,24,22,2,24,no,no,no,no,,,,REVIEW_SOURCE_CONFLICT,HANUMBER,24,REVIEW_BEFORE_PROMOTION,https://dwrapps.utah.gov/huntboundary/HuntTableData?species=Elk&gender=Bull
EB3161,CORE_DRAW_RESULTS_CONTINUING,CLOSED_CORE,yes,Present in 2025 BIBLE and fresh 2026 DWR Hunt Planner table.,LIVE_2026_AND_2025_BIBLE,CONTINUITY,EB,2023|2024|2025,yes,no,yes,yes,OK,LIVE_AND_DATABASE,MATCH,LIVE_DWR_RES_NR_SPLIT,"Book Cliffs, Bitter Creek/East",Elk,Bull,Archery,Limited Entry,4,1,5,4,1,5,no,no,yes,no,CONSERVATION_PERMITS_DIRECT,SOURCE_DIFFERS_FROM_CURRENT_RECONCILIATION,,HIGH_CONFIRMED_2PLUS,HANUMBER,5,PROMOTE_CANDIDATE_AFTER_REVIEW,https://dwrapps.utah.gov/huntboundary/HuntTableData?species=Elk&gender=Bull
EB3162,CORE_DRAW_RESULTS_CONTINUING,CLOSED_CORE,yes,Present in 2025 BIBLE and fresh 2026 DWR Hunt Planner table.,LIVE_2026_AND_2025_BIBLE,CONTINUITY,EB,2023|2024|2025,yes,no,yes,yes,OK,LIVE_AND_DATABASE,MATCH,LIVE_DWR_RES_NR_SPLIT,"Book Cliffs, Bitter Creek/East",Elk,Bull,Any Legal Weapon,Limited Entry,9,1,10,9,1,10,no,no,no,no,,,,HIGH_CONFIRMED_2PLUS,HANUMBER,10,PROMOTE_CANDIDATE_AFTER_REVIEW,https://dwrapps.utah.gov/huntboundary/HuntTableData?species=Elk&gender=Bull
EB3163,CORE_DRAW_RESULTS_CONTINUING,CLOSED_CORE,yes,Present in 2025 BIBLE and fresh 2026 DWR Hunt Planner table.,LIVE_2026_AND_2025_BIBLE,CONTINUITY,EB,2023|2024|2025,yes,no,yes,yes,OK,LIVE_AND_DATABASE,MATCH,LIVE_DWR_RES_NR_SPLIT,"Book Cliffs, Bitter Creek/East",Elk,Bull,Any Legal Weapon,Limited Entry,14,2,16,14,2,16,no,no,no,no,,,,REVIEW_SOURCE_CONFLICT,HANUMBER,16,REVIEW_BEFORE_PROMOTION,https://dwrapps.utah.gov/huntboundary/HuntTableData?species=Elk&gender=Bull
EB3164,CORE_DRAW_RESULTS_CONTINUING,CLOSED_CORE,yes,Present in 2025 BIBLE and fresh 2026 DWR Hunt Planner table.,LIVE_2026_AND_2025_BIBLE,CONTINUITY,EB,2023|2024|2025,yes,no,yes,yes,OK,LIVE_AND_DATABASE,MATCH,LIVE_DWR_RES_NR_SPLIT,"Book Cliffs, Bitter Creek/East",Elk,Bull,Any Legal Weapon,Limited Entry,25,3,28,25,3,28,no,no,yes,no,CONSERVATION_PERMITS_DIRECT,SOURCE_DIFFERS_FROM_CURRENT_RECONCILIATION,,REVIEW_SOURCE_CONFLICT,HANUMBER,28,REVIEW_BEFORE_PROMOTION,https://dwrapps.utah.gov/huntboundary/HuntTableData?species=Elk&gender=Bull
EB3165,CORE_DRAW_RESULTS_CONTINUING,CLOSED_CORE,yes,Present in 2025 BIBLE and fresh 2026 DWR Hunt Planner table.,LIVE_2026_AND_2025_BIBLE,CONTINUITY,EB,2023|2024|2025,yes,no,yes,yes,OK,LIVE_AND_DATABASE,MATCH,LIVE_DWR_RES_NR_SPLIT,"Book Cliffs, Bitter Creek/East",Elk,Bull,Multiseason,Limited Entry,3,0,3,3,0,3,no,no,no,no,,,,HIGH_CONFIRMED_2PLUS,HANUMBER,3,PROMOTE_CANDIDATE_AFTER_REVIEW,https://dwrapps.utah.gov/huntboundary/HuntTableData?species=Elk&gender=Bull
EB3166,CORE_DRAW_RESULTS_CONTINUING,CLOSED_CORE,yes,Present in 2025 BIBLE and fresh 2026 DWR Hunt Planner table.,LIVE_2026_AND_2025_BIBLE,CONTINUITY,EB,2023|2024|2025,yes,no,yes,yes,OK,LIVE_AND_DATABASE,MATCH,LIVE_DWR_RES_NR_SPLIT,"Book Cliffs, Bitter Creek/East",Elk,Bull,Muzzleloader,Limited Entry,13,1,14,13,1,14,no,no,yes,no,CONSERVATION_PERMITS_DIRECT,SOURCE_DIFFERS_FROM_CURRENT_RECONCILIATION,,HIGH_CONFIRMED_2PLUS,HANUMBER,14,PROMOTE_CANDIDATE_AFTER_REVIEW,https://dwrapps.utah.gov/huntboundary/HuntTableData?species=Elk&gender=Bull
EB3167,CORE_DRAW_RESULTS_CONTINUING,CLOSED_CORE,yes,Present in 2025 BIBLE and fresh 2026 DWR Hunt Planner table.,LIVE_2026_AND_2025_BIBLE,CONTINUITY,EB,2023|2024|2025,yes,no,yes,yes,OK,LIVE_AND_DATABASE,MATCH,LIVE_DWR_RES_NR_SPLIT,"Book Cliffs, Little Creek Roadless",Elk,Bull,Any Legal Weapon,Limited Entry,4,1,5,4,1,5,no,no,no,no,,,,HIGH_CONFIRMED_2PLUS,HANUMBER,5,PROMOTE_CANDIDATE_AFTER_REVIEW,https://dwrapps.utah.gov/huntboundary/HuntTableData?species=Elk&gender=Bull
EB3168,CURRENT_PLANNER_EXTRA_WITH_MULTI_SOURCE_PERMIT_SUPPORT,REVIEW,maybe,"Not in 2025 BIBLE, but current permit evidence is multi-source/total-confirmed.",LIVE_2026_NOT_IN_2025_BIBLE,OTHER_CURRENT_PLANNER_NOT_IN_2025_BIBLE,EB,2023|2024,no,no,yes,yes,OK,LIVE_AND_DATABASE,MATCH,LIVE_DWR_RES_NR_SPLIT,"Cache, Meadowville",Elk,Bull,Archery,Limited Entry,4,1,5,4,1,5,no,no,no,no,,,,HIGH_CONFIRMED_2PLUS,HANUMBER,5,PROMOTE_CANDIDATE_AFTER_REVIEW,https://dwrapps.utah.gov/huntboundary/HuntTableData?species=Elk&gender=Bull
EB3169,CORE_DRAW_RESULTS_CONTINUING,CLOSED_CORE,yes,Present in 2025 BIBLE and fresh 2026 DWR Hunt Planner table.,LIVE_2026_AND_2025_BIBLE,CONTINUITY,EB,2023|2024|2025,yes,no,yes,yes,OK,LIVE_AND_DATABASE,MATCH,LIVE_DWR_RES_NR_SPLIT,"Cache, Meadowville",Elk,Bull,Any Legal Weapon,Limited Entry,11,1,12,11,1,12,no,no,yes,no,CONSERVATION_PERMITS_DIRECT,SOURCE_DIFFERS_FROM_CURRENT_RECONCILIATION,,HIGH_CONFIRMED_2PLUS,HANUMBER,12,PROMOTE_CANDIDATE_AFTER_REVIEW,https://dwrapps.utah.gov/huntboundary/HuntTableData?species=Elk&gender=Bull
EB3170,CORE_DRAW_RESULTS_CONTINUING,CLOSED_CORE,yes,Present in 2025 BIBLE and fresh 2026 DWR Hunt Planner table.,LIVE_2026_AND_2025_BIBLE,CONTINUITY,EB,2023|2024|2025,yes,no,yes,yes,OK,LIVE_AND_DATABASE,MATCH,LIVE_DWR_RES_NR_SPLIT,"Cache, South",Elk,Bull,Archery,Limited Entry,4,1,5,4,1,5,no,no,no,no,,,,HIGH_CONFIRMED_2PLUS,HANUMBER,5,PROMOTE_CANDIDATE_AFTER_REVIEW,https://dwrapps.utah.gov/huntboundary/HuntTableData?species=Elk&gender=Bull
EB3171,CORE_DRAW_RESULTS_CONTINUING,CLOSED_CORE,yes,Present in 2025 BIBLE and fresh 2026 DWR Hunt Planner table.,LIVE_2026_AND_2025_BIBLE,CONTINUITY,EB,2023|2024|2025,yes,no,yes,yes,OK,LIVE_AND_DATABASE,MATCH,LIVE_DWR_RES_NR_SPLIT,"Cache, South",Elk,Bull,Any Legal Weapon,Limited Entry,11,1,12,11,1,12,no,no,yes,no,CONSERVATION_PERMITS_DIRECT,SOURCE_DIFFERS_FROM_CURRENT_RECONCILIATION,,HIGH_CONFIRMED_2PLUS,HANUMBER,12,PROMOTE_CANDIDATE_AFTER_REVIEW,https://dwrapps.utah.gov/huntboundary/HuntTableData?species=Elk&gender=Bull
EB3172,CORE_DRAW_RESULTS_CONTINUING,CLOSED_CORE,yes,Present in 2025 BIBLE and fresh 2026 DWR Hunt Planner table.,LIVE_2026_AND_2025_BIBLE,CONTINUITY,EB,2023|2024|2025,yes,no,yes,yes,OK,LIVE_AND_DATABASE,MATCH,LIVE_DWR_RES_NR_SPLIT,Manti,Elk,Bull,Archery,Limited Entry,9,1,10,9,1,10,no,no,yes,no,CONSERVATION_PERMITS_DIRECT,SOURCE_DIFFERS_FROM_CURRENT_RECONCILIATION,,HIGH_CONFIRMED_2PLUS,HANUMBER,10,PROMOTE_CANDIDATE_AFTER_REVIEW,https://dwrapps.utah.gov/huntboundary/HuntTableData?species=Elk&gender=Bull
EB3173,CORE_DRAW_RESULTS_CONTINUING,CLOSED_CORE,yes,Present in 2025 BIBLE and fresh 2026 DWR Hunt Planner table.,LIVE_2026_AND_2025_BIBLE,CONTINUITY,EB,2023|2024|2025,yes,no,yes,yes,OK,LIVE_AND_DATABASE,MATCH,LIVE_DWR_RES_NR_SPLIT,Nebo/San Pitch Mtns,Elk,Bull,Archery,Limited Entry,29,3,32,29,3,32,no,no,no,no,,,,REVIEW_SOURCE_CONFLICT,HANUMBER,32,REVIEW_BEFORE_PROMOTION,https://dwrapps.utah.gov/huntboundary/HuntTableData?species=Elk&gender=Bull
EB3174,CORE_DRAW_RESULTS_CONTINUING,CLOSED_CORE,yes,Present in 2025 BIBLE and fresh 2026 DWR Hunt Planner table.,LIVE_2026_AND_2025_BIBLE,CONTINUITY,EB,2023|2024|2025,yes,no,yes,yes,OK,LIVE_AND_DATABASE,MATCH,LIVE_DWR_RES_NR_SPLIT,Nebo/San Pitch Mtns,Elk,Bull,Archery,Limited Entry,13,2,15,13,2,15,no,no,yes,no,CONSERVATION_PERMITS_DIRECT,SOURCE_DIFFERS_FROM_CURRENT_RECONCILIATION,,HIGH_CONFIRMED_2PLUS,HANUMBER,15,PROMOTE_CANDIDATE_AFTER_REVIEW,https://dwrapps.utah.gov/huntboundary/HuntTableData?species=Elk&gender=Bull
EB3175,CORE_DRAW_RESULTS_CONTINUING,CLOSED_CORE,yes,Present in 2025 BIBLE and fresh 2026 DWR Hunt Planner table.,LIVE_2026_AND_2025_BIBLE,CONTINUITY,EB,2023|2024|2025,yes,no,yes,yes,OK,LIVE_AND_DATABASE,MATCH,LIVE_DWR_RES_NR_SPLIT,Nebo/San Pitch Mtns,Elk,Bull,Any Legal Weapon,Limited Entry,12,1,13,12,1,13,no,no,no,no,,,,REVIEW_SOURCE_CONFLICT,HANUMBER,13,REVIEW_BEFORE_PROMOTION,https://dwrapps.utah.gov/huntboundary/HuntTableData?species=Elk&gender=Bull
EB3176,CORE_DRAW_RESULTS_CONTINUING,CLOSED_CORE,yes,Present in 2025 BIBLE and fresh 2026 DWR Hunt Planner table.,LIVE_2026_AND_2025_BIBLE,CONTINUITY,EB,2023|2024|2025,yes,no,yes,yes,OK,LIVE_AND_DATABASE,MATCH,LIVE_DWR_RES_NR_SPLIT,Nebo/San Pitch Mtns,Elk,Bull,Any Legal Weapon,Limited Entry,20,2,22,20,2,22,no,no,no,no,,,,HIGH_CONFIRMED_2PLUS,HANUMBER,22,PROMOTE_CANDIDATE_AFTER_REVIEW,https://dwrapps.utah.gov/huntboundary/HuntTableData?species=Elk&gender=Bull
EB3177,CORE_DRAW_RESULTS_CONTINUING,CLOSED_CORE,yes,Present in 2025 BIBLE and fresh 2026 DWR Hunt Planner table.,LIVE_2026_AND_2025_BIBLE,CONTINUITY,EB,2023|2024|2025,yes,no,yes,yes,OK,LIVE_AND_DATABASE,MATCH,LIVE_DWR_RES_NR_SPLIT,Nebo/San Pitch Mtns,Elk,Bull,Any Legal Weapon,Limited Entry,34,4,38,34,4,38,no,no,no,no,,,,REVIEW_SOURCE_CONFLICT,HANUMBER,38,REVIEW_BEFORE_PROMOTION,https://dwrapps.utah.gov/huntboundary/HuntTableData?species=Elk&gender=Bull
EB3178,CORE_DRAW_RESULTS_CONTINUING,CLOSED_CORE,yes,Present in 2025 BIBLE and fresh 2026 DWR Hunt Planner table.,LIVE_2026_AND_2025_BIBLE,CONTINUITY,EB,2023|2024|2025,yes,no,yes,yes,OK,LIVE_AND_DATABASE,MATCH,LIVE_DWR_RES_NR_SPLIT,Nebo/San Pitch Mtns,Elk,Bull,Multiseason,Limited Entry,4,0,4,4,0,4,no,no,no,no,,,,HIGH_CONFIRMED_2PLUS,HANUMBER,4,PROMOTE_CANDIDATE_AFTER_REVIEW,https://dwrapps.utah.gov/huntboundary/HuntTableData?species=Elk&gender=Bull
EB3179,CORE_DRAW_RESULTS_CONTINUING,CLOSED_CORE,yes,Present in 2025 BIBLE and fresh 2026 DWR Hunt Planner table.,LIVE_2026_AND_2025_BIBLE,CONTINUITY,EB,2023|2024|2025,yes,no,yes,yes,OK,LIVE_AND_DATABASE,MATCH,LIVE_DWR_RES_NR_SPLIT,Nebo/San Pitch Mtns,Elk,Bull,Muzzleloader,Limited Entry,17,2,19,17,2,19,no,no,yes,no,CONSERVATION_PERMITS_DIRECT,SOURCE_DIFFERS_FROM_CURRENT_RECONCILIATION,,HIGH_CONFIRMED_2PLUS,HANUMBER,19,PROMOTE_CANDIDATE_AFTER_REVIEW,https://dwrapps.utah.gov/huntboundary/HuntTableData?species=Elk&gender=Bull
EB3180,CORE_DRAW_RESULTS_CONTINUING,CLOSED_CORE,yes,Present in 2025 BIBLE and fresh 2026 DWR Hunt Planner table.,LIVE_2026_AND_2025_BIBLE,CONTINUITY,EB,2023|2024|2025,yes,no,yes,yes,OK,LIVE_AND_DATABASE,MATCH,LIVE_DWR_RES_NR_SPLIT,"Fillmore, Pahvant",Elk,Bull,Archery,Limited Entry,18,2,20,18,2,20,no,no,yes,no,CONSERVATION_PERMITS_DIRECT,SOURCE_DIFFERS_FROM_CURRENT_RECONCILIATION,,HIGH_CONFIRMED_2PLUS,HANUMBER,20,PROMOTE_CANDIDATE_AFTER_REVIEW,https://dwrapps.utah.gov/huntboundary/HuntTableData?species=Elk&gender=Bull
EB3181,CORE_DRAW_RESULTS_CONTINUING,CLOSED_CORE,yes,Present in 2025 BIBLE and fresh 2026 DWR Hunt Planner table.,LIVE_2026_AND_2025_BIBLE,CONTINUITY,EB,2023|2024|2025,yes,no,yes,yes,OK,LIVE_AND_DATABASE,MATCH,LIVE_DWR_RES_NR_SPLIT,"Fillmore, Pahvant",Elk,Bull,Any Legal Weapon,Limited Entry,22,3,25,22,3,25,no,no,yes,no,CONSERVATION_PERMITS_DIRECT,SOURCE_DIFFERS_FROM_CURRENT_RECONCILIATION,,HIGH_CONFIRMED_2PLUS,HANUMBER,25,PROMOTE_CANDIDATE_AFTER_REVIEW,https://dwrapps.utah.gov/huntboundary/HuntTableData?species=Elk&gender=Bull
EB3182,CORE_DRAW_RESULTS_CONTINUING,CLOSED_CORE,yes,Present in 2025 BIBLE and fresh 2026 DWR Hunt Planner table.,LIVE_2026_AND_2025_BIBLE,CONTINUITY,EB,2023|2024|2025,yes,no,yes,yes,OK,LIVE_AND_DATABASE,MATCH,LIVE_DWR_RES_NR_SPLIT,La Sal Mtns,Elk,Bull,Archery,Limited Entry,9,1,10,9,1,10,no,no,yes,no,CONSERVATION_PERMITS_DIRECT,SOURCE_DIFFERS_FROM_CURRENT_RECONCILIATION,,HIGH_CONFIRMED_2PLUS,HANUMBER,10,PROMOTE_CANDIDATE_AFTER_REVIEW,https://dwrapps.utah.gov/huntboundary/HuntTableData?species=Elk&gender=Bull
EB3183,CORE_DRAW_RESULTS_CONTINUING,CLOSED_CORE,yes,Present in 2025 BIBLE and fresh 2026 DWR Hunt Planner table.,LIVE_2026_AND_2025_BIBLE,CONTINUITY,EB,2023|2024|2025,yes,no,yes,yes,OK,LIVE_AND_DATABASE,MATCH,LIVE_DWR_RES_NR_SPLIT,La Sal Mtns,Elk,Bull,Any Legal Weapon,Limited Entry,42,5,47,42,5,47,no,no,yes,no,CONSERVATION_PERMITS_DIRECT,SOURCE_DIFFERS_FROM_CURRENT_RECONCILIATION,,REVIEW_SOURCE_CONFLICT,HANUMBER,47,REVIEW_BEFORE_PROMOTION,https://dwrapps.utah.gov/huntboundary/HuntTableData?species=Elk&gender=Bull
EB3184,CORE_DRAW_RESULTS_CONTINUING,CLOSED_CORE,yes,Present in 2025 BIBLE and fresh 2026 DWR Hunt Planner table.,LIVE_2026_AND_2025_BIBLE,CONTINUITY,EB,2023|2024|2025,yes,no,yes,yes,OK,LIVE_AND_DATABASE,MATCH,LIVE_DWR_RES_NR_SPLIT,Monroe,Elk,Bull,Archery,Limited Entry,7,1,8,7,1,8,no,no,yes,no,CONSERVATION_PERMITS_DIRECT,SOURCE_DIFFERS_FROM_CURRENT_RECONCILIATION,,HIGH_CONFIRMED_2PLUS,HANUMBER,8,PROMOTE_CANDIDATE_AFTER_REVIEW,https://dwrapps.utah.gov/huntboundary/HuntTableData?species=Elk&gender=Bull
EB3185,CORE_DRAW_RESULTS_CONTINUING,CLOSED_CORE,yes,Present in 2025 BIBLE and fresh 2026 DWR Hunt Planner table.,LIVE_2026_AND_2025_BIBLE,CONTINUITY,EB,2023|2024|2025,yes,no,yes,yes,OK,LIVE_AND_DATABASE,MATCH,LIVE_DWR_RES_NR_SPLIT,Monroe,Elk,Bull,Any Legal Weapon,Limited Entry,18,3,21,18,3,21,no,no,yes,no,CONSERVATION_PERMITS_DIRECT,SOURCE_DIFFERS_FROM_CURRENT_RECONCILIATION,,HIGH_CONFIRMED_2PLUS,HANUMBER,21,PROMOTE_CANDIDATE_AFTER_REVIEW,https://dwrapps.utah.gov/huntboundary/HuntTableData?species=Elk&gender=Bull
EB3186,CORE_DRAW_RESULTS_CONTINUING,CLOSED_CORE,yes,Present in 2025 BIBLE and fresh 2026 DWR Hunt Planner table.,LIVE_2026_AND_2025_BIBLE,CONTINUITY,EB,2023|2024|2025,yes,no,yes,yes,OK,LIVE_AND_DATABASE,MATCH,LIVE_DWR_RES_NR_SPLIT,Mt Dutton,Elk,Bull,Archery,Limited Entry,13,2,15,13,2,15,no,no,yes,no,CONSERVATION_PERMITS_DIRECT,SOURCE_DIFFERS_FROM_CURRENT_RECONCILIATION,,HIGH_CONFIRMED_2PLUS,HANUMBER,15,PROMOTE_CANDIDATE_AFTER_REVIEW,https://dwrapps.utah.gov/huntboundary/HuntTableData?species=Elk&gender=Bull
EB3187,CORE_DRAW_RESULTS_CONTINUING,CLOSED_CORE,yes,Present in 2025 BIBLE and fresh 2026 DWR Hunt Planner table.,LIVE_2026_AND_2025_BIBLE,CONTINUITY,EB,2023|2024|2025,yes,no,yes,yes,OK,LIVE_AND_DATABASE,MATCH,LIVE_DWR_RES_NR_SPLIT,Mt Dutton,Elk,Bull,Any Legal Weapon,Limited Entry,22,3,25,22,3,25,no,no,yes,no,CONSERVATION_PERMITS_DIRECT,SOURCE_DIFFERS_FROM_CURRENT_RECONCILIATION,,REVIEW_SOURCE_CONFLICT,HANUMBER,25,REVIEW_BEFORE_PROMOTION,https://dwrapps.utah.gov/huntboundary/HuntTableData?species=Elk&gender=Bull
EB3188,CORE_DRAW_RESULTS_CONTINUING,CLOSED_CORE,yes,Present in 2025 BIBLE and fresh 2026 DWR Hunt Planner table.,LIVE_2026_AND_2025_BIBLE,CONTINUITY,EB,2023|2024|2025,yes,no,yes,yes,OK,LIVE_AND_DATABASE,MATCH,LIVE_DWR_RES_NR_SPLIT,Panguitch Lake,Elk,Bull,Archery,Limited Entry,13,2,15,13,2,15,no,no,no,no,,,,HIGH_CONFIRMED_2PLUS,HANUMBER,15,PROMOTE_CANDIDATE_AFTER_REVIEW,https://dwrapps.utah.gov/huntboundary/HuntTableData?species=Elk&gender=Bull
EB3189,CORE_DRAW_RESULTS_CONTINUING,CLOSED_CORE,yes,Present in 2025 BIBLE and fresh 2026 DWR Hunt Planner table.,LIVE_2026_AND_2025_BIBLE,CONTINUITY,EB,2023|2024|2025,yes,no,yes,yes,OK,LIVE_AND_DATABASE,MATCH,LIVE_DWR_RES_NR_SPLIT,Panguitch Lake,Elk,Bull,Any Legal Weapon,Limited Entry,20,2,22,20,2,22,no,no,yes,no,CONSERVATION_PERMITS_DIRECT,SOURCE_DIFFERS_FROM_CURRENT_RECONCILIATION,,REVIEW_SOURCE_CONFLICT,HANUMBER,22,REVIEW_BEFORE_PROMOTION,https://dwrapps.utah.gov/huntboundary/HuntTableData?species=Elk&gender=Bull
EB3190,CORE_DRAW_RESULTS_CONTINUING,CLOSED_CORE,yes,Present in 2025 BIBLE and fresh 2026 DWR Hunt Planner table.,LIVE_2026_AND_2025_BIBLE,CONTINUITY,EB,2023|2024|2025,yes,no,yes,yes,OK,LIVE_AND_DATABASE,MATCH,LIVE_DWR_RES_NR_SPLIT,Boulder,Elk,Bull,Archery,Limited Entry,4,1,5,4,1,5,no,no,yes,no,CONSERVATION_PERMITS_DIRECT,SOURCE_DIFFERS_FROM_CURRENT_RECONCILIATION,,HIGH_CONFIRMED_2PLUS,HANUMBER,5,PROMOTE_CANDIDATE_AFTER_REVIEW,https://dwrapps.utah.gov/huntboundary/HuntTableData?species=Elk&gender=Bull
EB3191,CORE_DRAW_RESULTS_CONTINUING,CLOSED_CORE,yes,Present in 2025 BIBLE and fresh 2026 DWR Hunt Planner table.,LIVE_2026_AND_2025_BIBLE,CONTINUITY,EB,2023|2024|2025,yes,no,yes,yes,OK,LIVE_AND_DATABASE,MATCH,LIVE_DWR_RES_NR_SPLIT,Boulder,Elk,Bull,Any Legal Weapon,Limited Entry,37,4,41,37,4,41,no,no,yes,no,CONSERVATION_PERMITS_DIRECT,SOURCE_DIFFERS_FROM_CURRENT_RECONCILIATION,,REVIEW_SOURCE_CONFLICT,HANUMBER,41,REVIEW_BEFORE_PROMOTION,https://dwrapps.utah.gov/huntboundary/HuntTableData?species=Elk&gender=Bull
EB3192,CORE_DRAW_RESULTS_CONTINUING,CLOSED_CORE,yes,Present in 2025 BIBLE and fresh 2026 DWR Hunt Planner table.,LIVE_2026_AND_2025_BIBLE,CONTINUITY,EB,2023|2024|2025,yes,no,yes,yes,OK,LIVE_AND_DATABASE,MATCH,LIVE_DWR_RES_NR_SPLIT,Fishlake/Thousand Lakes,Elk,Bull,Archery,Limited Entry,13,2,15,13,2,15,no,no,yes,no,CONSERVATION_PERMITS_DIRECT,SOURCE_DIFFERS_FROM_CURRENT_RECONCILIATION,,HIGH_CONFIRMED_2PLUS,HANUMBER,15,PROMOTE_CANDIDATE_AFTER_REVIEW,https://dwrapps.utah.gov/huntboundary/HuntTableData?species=Elk&gender=Bull
EB3193,CORE_DRAW_RESULTS_CONTINUING,CLOSED_CORE,yes,Present in 2025 BIBLE and fresh 2026 DWR Hunt Planner table.,LIVE_2026_AND_2025_BIBLE,CONTINUITY,EB,2023|2024|2025,yes,no,yes,yes,OK,LIVE_AND_DATABASE,MATCH,LIVE_DWR_RES_NR_SPLIT,San Juan Bull Elk,Elk,Bull,Archery,Limited Entry,9,1,10,9,1,10,no,no,yes,no,CONSERVATION_PERMITS_DIRECT,SOURCE_DIFFERS_FROM_CURRENT_RECONCILIATION,,HIGH_CONFIRMED_2PLUS,HANUMBER,10,PROMOTE_CANDIDATE_AFTER_REVIEW,https://dwrapps.utah.gov/huntboundary/HuntTableData?species=Elk&gender=Bull
EB3194,CORE_DRAW_RESULTS_CONTINUING,CLOSED_CORE,yes,Present in 2025 BIBLE and fresh 2026 DWR Hunt Planner table.,LIVE_2026_AND_2025_BIBLE,CONTINUITY,EB,2023|2024|2025,yes,no,yes,yes,OK,LIVE_AND_DATABASE,MATCH,LIVE_DWR_RES_NR_SPLIT,San Juan Bull Elk,Elk,Bull,Any Legal Weapon,Limited Entry,33,4,37,33,4,37,no,no,yes,no,CONSERVATION_PERMITS_DIRECT,SOURCE_DIFFERS_FROM_CURRENT_RECONCILIATION,,REVIEW_SOURCE_CONFLICT,HANUMBER,37,REVIEW_BEFORE_PROMOTION,https://dwrapps.utah.gov/huntboundary/HuntTableData?species=Elk&gender=Bull
EB3195,CORE_DRAW_RESULTS_CONTINUING,CLOSED_CORE,yes,Present in 2025 BIBLE and fresh 2026 DWR Hunt Planner table.,LIVE_2026_AND_2025_BIBLE,CONTINUITY,EB,2023|2024|2025,yes,no,yes,yes,OK,LIVE_AND_DATABASE,MATCH,LIVE_DWR_RES_NR_SPLIT,Diamond Mtn,Elk,Bull,Archery,Limited Entry,4,1,5,4,1,5,no,no,yes,no,CONSERVATION_PERMITS_DIRECT,SOURCE_DIFFERS_FROM_CURRENT_RECONCILIATION,,HIGH_CONFIRMED_2PLUS,HANUMBER,5,PROMOTE_CANDIDATE_AFTER_REVIEW,https://dwrapps.utah.gov/huntboundary/HuntTableData?species=Elk&gender=Bull
EB3196,CORE_DRAW_RESULTS_CONTINUING,CLOSED_CORE,yes,Present in 2025 BIBLE and fresh 2026 DWR Hunt Planner table.,LIVE_2026_AND_2025_BIBLE,CONTINUITY,EB,2023|2024|2025,yes,no,yes,yes,OK,LIVE_AND_DATABASE,MATCH,LIVE_DWR_RES_NR_SPLIT,Diamond Mtn,Elk,Bull,Any Legal Weapon,Limited Entry,17,2,19,17,2,19,no,no,yes,no,CONSERVATION_PERMITS_DIRECT,SOURCE_DIFFERS_FROM_CURRENT_RECONCILIATION,,HIGH_CONFIRMED_2PLUS,HANUMBER,19,PROMOTE_CANDIDATE_AFTER_REVIEW,https://dwrapps.utah.gov/huntboundary/HuntTableData?species=Elk&gender=Bull
EB3197,CORE_DRAW_RESULTS_CONTINUING,CLOSED_CORE,yes,Present in 2025 BIBLE and fresh 2026 DWR Hunt Planner table.,LIVE_2026_AND_2025_BIBLE,CONTINUITY,EB,2023|2024|2025,yes,no,yes,yes,OK,LIVE_AND_DATABASE,MATCH,LIVE_DWR_RES_NR_SPLIT,"Southwest Desert, South",Elk,Bull,Archery,Limited Entry,18,2,20,18,2,20,no,no,yes,no,CONSERVATION_PERMITS_DIRECT,SOURCE_DIFFERS_FROM_CURRENT_RECONCILIATION,,HIGH_CONFIRMED_2PLUS,HANUMBER,20,PROMOTE_CANDIDATE_AFTER_REVIEW,https://dwrapps.utah.gov/huntboundary/HuntTableData?species=Elk&gender=Bull
EB3198,CORE_DRAW_RESULTS_CONTINUING,CLOSED_CORE,yes,Present in 2025 BIBLE and fresh 2026 DWR Hunt Planner table.,LIVE_2026_AND_2025_BIBLE,CONTINUITY,EB,2023|2024|2025,yes,no,yes,yes,OK,LIVE_AND_DATABASE,MATCH,LIVE_DWR_RES_NR_SPLIT,"Southwest Desert, South",Elk,Bull,Any Legal Weapon,Limited Entry,46,5,51,46,5,51,no,no,yes,no,CONSERVATION_PERMITS_DIRECT,SOURCE_DIFFERS_FROM_CURRENT_RECONCILIATION,,REVIEW_SOURCE_CONFLICT,HANUMBER,51,REVIEW_BEFORE_PROMOTION,https://dwrapps.utah.gov/huntboundary/HuntTableData?species=Elk&gender=Bull
EB3199,CORE_DRAW_RESULTS_CONTINUING,CLOSED_CORE,yes,Present in 2025 BIBLE and fresh 2026 DWR Hunt Planner table.,LIVE_2026_AND_2025_BIBLE,CONTINUITY,EB,2023|2024|2025,yes,no,yes,yes,OK,LIVE_AND_DATABASE,MATCH,LIVE_DWR_RES_NR_SPLIT,Wasatch Mtns,Elk,Bull,Archery,Limited Entry,9,1,10,9,1,10,no,no,yes,no,CONSERVATION_PERMITS_DIRECT,SOURCE_DIFFERS_FROM_CURRENT_RECONCILIATION,,REVIEW_SOURCE_CONFLICT,HANUMBER,10,REVIEW_BEFORE_PROMOTION,https://dwrapps.utah.gov/huntboundary/HuntTableData?species=Elk&gender=Bull
EB3205,CORE_DRAW_RESULTS_CONTINUING,CLOSED_CORE,yes,Present in 2025 BIBLE and fresh 2026 DWR Hunt Planner table.,LIVE_2026_AND_2025_BIBLE,CONTINUITY,EB,2025,yes,no,yes,yes,OK,LIVE_AND_DATABASE,MATCH,LIVE_DWR_RES_NR_SPLIT,East Canyon,Elk,Bull,"HAMSS (Handgun, Archery, Muzzleloader, Shotgun or Straight-walled rifle)",Limited Entry,7,1,8,7,1,8,no,no,no,no,,,,HIGH_CONFIRMED_2PLUS,HANUMBER,8,PROMOTE_CANDIDATE_AFTER_REVIEW,https://dwrapps.utah.gov/huntboundary/HuntTableData?species=Elk&gender=Bull
EB3208,CORE_DRAW_RESULTS_CONTINUING,CLOSED_CORE,yes,Present in 2025 BIBLE and fresh 2026 DWR Hunt Planner table.,LIVE_2026_AND_2025_BIBLE,CONTINUITY,EB,2025,yes,no,yes,yes,OK,LIVE_AND_DATABASE,MATCH,LIVE_DWR_RES_NR_SPLIT,Morgan-South Rich,Elk,Bull,Any Legal Weapon,Limited Entry,9,1,10,9,1,10,no,no,no,no,,,,HIGH_CONFIRMED_2PLUS,HANUMBER,10,PROMOTE_CANDIDATE_AFTER_REVIEW,https://dwrapps.utah.gov/huntboundary/HuntTableData?species=Elk&gender=Bull
EB3209,SEPARATE_CONSERVATION_LAYER,CLOSED_SEPARATE_LAYER,no,"Conservation permit family; use separate conservation layer, not core-count inflation.",LIVE_2026_NOT_IN_2025_BIBLE,CONSERVATION_CURRENT_PLANNER,EB,,no,no,yes,yes,OK,LIVE_AND_DATABASE,LIVE_NO_QUOTA_DATABASE_PRESERVED,LIVE_DWR_NO_QUOTA_PUBLISHED,"Box Elder, Pilot Mtn",Elk,Bull,Multiseason,Conservation,,,,,,1,no,no,yes,yes,CONSERVATION_PERMITS_DIRECT,SOURCE_MATCHES_DATABASE,,REVIEW_REQUIRED,NONE_EXTERNAL_DATABASE_REFERENCE_ONLY,,FIND_EXTERNAL_SOURCE_BEFORE_PROMOTION,https://dwrapps.utah.gov/huntboundary/HuntTableData?species=Elk&gender=Bull
EB3210,CORE_DRAW_RESULTS_CONTINUING,CLOSED_CORE,yes,Present in 2025 BIBLE and fresh 2026 DWR Hunt Planner table.,LIVE_2026_AND_2025_BIBLE,CONTINUITY,EB,2025,yes,no,yes,yes,OK,LIVE_AND_DATABASE,MATCH,LIVE_DWR_RES_NR_SPLIT,"North Slope, Three Corners",Elk,Bull,Any Legal Weapon,Limited Entry,5,0,5,5,0,5,no,no,yes,no,CONSERVATION_PERMITS_DIRECT,SOURCE_DIFFERS_FROM_CURRENT_RECONCILIATION,,HIGH_CONFIRMED_2PLUS,HANUMBER,5,PROMOTE_CANDIDATE_AFTER_REVIEW,https://dwrapps.utah.gov/huntboundary/HuntTableData?species=Elk&gender=Bull
EB3500,CORE_DRAW_RESULTS_CONTINUING,CLOSED_CORE,yes,Present in 2025 BIBLE and fresh 2026 DWR Hunt Planner table.,LIVE_2026_AND_2025_BIBLE,CONTINUITY,EB,2020|2021|2022|2023|2024|2025,yes,no,yes,yes,OK,LIVE_AND_DATABASE,TOTAL_MATCH_SPLIT_DIFFERS,LIVE_DWR_CWMU_TOTAL_ONLY_FROM_QUOTA_RES,Alton CWMU,Elk,Bull,Any Legal Weapon,CWMU,,,1,1,0,1,no,no,no,no,,,,HIGH_CONFIRMED_2PLUS,HANUMBER,1,PROMOTE_CANDIDATE_AFTER_REVIEW,https://dwrapps.utah.gov/huntboundary/HuntTableData?species=Elk&gender=Bull
EB3501,CORE_DRAW_RESULTS_CONTINUING,CLOSED_CORE,yes,Present in 2025 BIBLE and fresh 2026 DWR Hunt Planner table.,LIVE_2026_AND_2025_BIBLE,CONTINUITY,EB,2020|2021|2022|2023|2024|2025,yes,no,yes,yes,OK,LIVE_AND_DATABASE,TOTAL_MATCH_SPLIT_DIFFERS,LIVE_DWR_CWMU_TOTAL_ONLY_FROM_QUOTA_RES,Bar J Ranch CWMU,Elk,Bull,Any Legal Weapon,CWMU,,,2,2,0,2,no,no,no,no,,,,HIGH_CONFIRMED_2PLUS,HANUMBER,2,PROMOTE_CANDIDATE_AFTER_REVIEW,https://dwrapps.utah.gov/huntboundary/HuntTableData?species=Elk&gender=Bull
EB3502,CORE_DRAW_RESULTS_CONTINUING,CLOSED_CORE,yes,Present in 2025 BIBLE and fresh 2026 DWR Hunt Planner table.,LIVE_2026_AND_2025_BIBLE,CONTINUITY,EB,2020|2021|2022|2023|2024|2025,yes,no,yes,yes,OK,LIVE_AND_DATABASE,TOTAL_MATCH_SPLIT_DIFFERS,LIVE_DWR_CWMU_TOTAL_ONLY_FROM_QUOTA_RES,Bear Mountain CWMU,Elk,Bull,Any Legal Weapon,CWMU,,,1,1,0,1,no,no,no,no,,,,HIGH_CONFIRMED_2PLUS,HANUMBER,1,PROMOTE_CANDIDATE_AFTER_REVIEW,https://dwrapps.utah.gov/huntboundary/HuntTableData?species=Elk&gender=Bull
EB3503,CORE_DRAW_RESULTS_CONTINUING,CLOSED_CORE,yes,Present in 2025 BIBLE and fresh 2026 DWR Hunt Planner table.,LIVE_2026_AND_2025_BIBLE,CONTINUITY,EB,2020|2021|2022|2023|2024|2025,yes,no,yes,yes,OK,LIVE_AND_DATABASE,TOTAL_MATCH_SPLIT_DIFFERS,LIVE_DWR_CWMU_TOTAL_ONLY_FROM_QUOTA_RES,Bear Springs CWMU,Elk,Bull,Any Legal Weapon,CWMU,,,1,1,0,1,no,no,no,no,,,,HIGH_CONFIRMED_2PLUS,HANUMBER,1,PROMOTE_CANDIDATE_AFTER_REVIEW,https://dwrapps.utah.gov/huntboundary/HuntTableData?species=Elk&gender=Bull
EB3504,CORE_DRAW_RESULTS_CONTINUING,CLOSED_CORE,yes,Present in 2025 BIBLE and fresh 2026 DWR Hunt Planner table.,LIVE_2026_AND_2025_BIBLE,CONTINUITY,EB,2020|2021|2022|2023|2024|2025,yes,no,yes,yes,OK,LIVE_AND_DATABASE,TOTAL_MATCH_SPLIT_DIFFERS,LIVE_DWR_CWMU_TOTAL_ONLY_FROM_QUOTA_RES,Blackhawk CWMU,Elk,Bull,Any Legal Weapon,CWMU,,,1,1,0,1,no,no,no,no,,,,HIGH_CONFIRMED_2PLUS,HANUMBER,1,PROMOTE_CANDIDATE_AFTER_REVIEW,https://dwrapps.utah.gov/huntboundary/HuntTableData?species=Elk&gender=Bull
EB3505,CORE_DRAW_RESULTS_CONTINUING,CLOSED_CORE,yes,Present in 2025 BIBLE and fresh 2026 DWR Hunt Planner table.,LIVE_2026_AND_2025_BIBLE,CONTINUITY,EB,2020|2021|2022|2023|2024|2025,yes,no,yes,yes,OK,LIVE_AND_DATABASE,TOTAL_MATCH_SPLIT_DIFFERS,LIVE_DWR_CWMU_TOTAL_ONLY_FROM_QUOTA_RES,Boobe Hole CWMU,Elk,Bull,Any Legal Weapon,CWMU,,,2,2,0,2,no,no,no,no,,,,HIGH_CONFIRMED_2PLUS,HANUMBER,2,PROMOTE_CANDIDATE_AFTER_REVIEW,https://dwrapps.utah.gov/huntboundary/HuntTableData?species=Elk&gender=Bull
EB3506,CORE_DRAW_RESULTS_CONTINUING,CLOSED_CORE,yes,Present in 2025 BIBLE and fresh 2026 DWR Hunt Planner table.,LIVE_2026_AND_2025_BIBLE,CONTINUITY,EB,2020|2021|2022|2023|2024|2025,yes,no,yes,yes,OK,LIVE_AND_DATABASE,TOTAL_MATCH_SPLIT_DIFFERS,LIVE_DWR_CWMU_TOTAL_ONLY_FROM_QUOTA_RES,Causey Spring CWMU,Elk,Bull,Any Legal Weapon,CWMU,,,1,1,0,1,no,no,no,no,,,,HIGH_CONFIRMED_2PLUS,HANUMBER,1,PROMOTE_CANDIDATE_AFTER_REVIEW,https://dwrapps.utah.gov/huntboundary/HuntTableData?species=Elk&gender=Bull
EB3508,CORE_DRAW_RESULTS_CONTINUING,CLOSED_CORE,yes,Present in 2025 BIBLE and fresh 2026 DWR Hunt Planner table.,LIVE_2026_AND_2025_BIBLE,CONTINUITY,EB,2020|2021|2022|2023|2024|2025,yes,no,yes,yes,OK,LIVE_AND_DATABASE,TOTAL_MATCH_SPLIT_DIFFERS,LIVE_DWR_CWMU_TOTAL_ONLY_FROM_QUOTA_RES,Chimney Rock CWMU,Elk,Bull,Any Legal Weapon,CWMU,,,2,2,0,2,no,no,no,no,,,,HIGH_CONFIRMED_2PLUS,HANUMBER,2,PROMOTE_CANDIDATE_AFTER_REVIEW,https://dwrapps.utah.gov/huntboundary/HuntTableData?species=Elk&gender=Bull
EB3509,CORE_DRAW_RESULTS_CONTINUING,CLOSED_CORE,yes,Present in 2025 BIBLE and fresh 2026 DWR Hunt Planner table.,LIVE_2026_AND_2025_BIBLE,CONTINUITY,EB,2020|2021|2022|2023|2024|2025,yes,no,yes,yes,OK,LIVE_AND_DATABASE,TOTAL_MATCH_SPLIT_DIFFERS,LIVE_DWR_CWMU_TOTAL_ONLY_FROM_QUOTA_RES,Coldwater Ranch CWMU,Elk,Bull,Any Legal Weapon,CWMU,,,3,3,0,3,no,no,no,no,,,,HIGH_CONFIRMED_2PLUS,HANUMBER,3,PROMOTE_CANDIDATE_AFTER_REVIEW,https://dwrapps.utah.gov/huntboundary/HuntTableData?species=Elk&gender=Bull
EB3510,HISTORICAL_LIBRARY_ONLY,CLOSED_HISTORICAL,no,Historical BIBLE-library code not part of current 2026 live table.,BIBLE_HISTORICAL_ONLY,HISTORICAL_LIBRARY,EB,2020|2021|2022|2023,no,no,no,no,,,,,,,,,,,,,,,,no,no,no,no,,,,,,,,
EB3511,CORE_DRAW_RESULTS_CONTINUING,CLOSED_CORE,yes,Present in 2025 BIBLE and fresh 2026 DWR Hunt Planner table.,LIVE_2026_AND_2025_BIBLE,CONTINUITY,EB,2020|2021|2022|2023|2024|2025,yes,no,yes,yes,OK,LIVE_AND_DATABASE,TOTAL_MATCH_SPLIT_DIFFERS,LIVE_DWR_CWMU_TOTAL_ONLY_FROM_QUOTA_RES,Cotton Thomas CWMU,Elk,Bull,Any Legal Weapon,CWMU,,,1,1,0,1,no,no,no,no,,,,HIGH_CONFIRMED_2PLUS,HANUMBER,1,PROMOTE_CANDIDATE_AFTER_REVIEW,https://dwrapps.utah.gov/huntboundary/HuntTableData?species=Elk&gender=Bull
EB3512,HISTORICAL_LIBRARY_ONLY,CLOSED_HISTORICAL,no,Historical BIBLE-library code not part of current 2026 live table.,BIBLE_HISTORICAL_ONLY,HISTORICAL_LIBRARY,EB,2020,no,no,no,no,,,,,,,,,,,,,,,,no,no,no,no,,,,,,,,
EB3514,CORE_DRAW_RESULTS_CONTINUING,CLOSED_CORE,yes,Present in 2025 BIBLE and fresh 2026 DWR Hunt Planner table.,LIVE_2026_AND_2025_BIBLE,CONTINUITY,EB,2020|2021|2022|2023|2024|2025,yes,no,yes,yes,OK,LIVE_AND_DATABASE,TOTAL_MATCH_SPLIT_DIFFERS,LIVE_DWR_CWMU_TOTAL_ONLY_FROM_QUOTA_RES,Deseret CWMU,Elk,Bull,Any Legal Weapon,CWMU,,,19,19,0,19,no,no,no,no,,,,HIGH_CONFIRMED_2PLUS,HANUMBER,19,PROMOTE_CANDIDATE_AFTER_REVIEW,https://dwrapps.utah.gov/huntboundary/HuntTableData?species=Elk&gender=Bull
EB3515,CORE_DRAW_RESULTS_CONTINUING,CLOSED_CORE,yes,Present in 2025 BIBLE and fresh 2026 DWR Hunt Planner table.,LIVE_2026_AND_2025_BIBLE,CONTINUITY,EB,2020|2021|2022|2023|2024|2025,yes,no,yes,yes,OK,LIVE_AND_DATABASE,TOTAL_MATCH_SPLIT_DIFFERS,LIVE_DWR_CWMU_TOTAL_ONLY_FROM_QUOTA_RES,Double Cone CWMU,Elk,Bull,Any Legal Weapon,CWMU,,,1,1,0,1,no,no,no,no,,,,HIGH_CONFIRMED_2PLUS,HANUMBER,1,PROMOTE_CANDIDATE_AFTER_REVIEW,https://dwrapps.utah.gov/huntboundary/HuntTableData?species=Elk&gender=Bull
EB3516,CORE_DRAW_RESULTS_CONTINUING,CLOSED_CORE,yes,Present in 2025 BIBLE and fresh 2026 DWR Hunt Planner table.,LIVE_2026_AND_2025_BIBLE,CONTINUITY,EB,2020|2021|2022|2023|2024|2025,yes,no,yes,yes,OK,LIVE_AND_DATABASE,TOTAL_MATCH_SPLIT_DIFFERS,LIVE_DWR_CWMU_TOTAL_ONLY_FROM_QUOTA_RES,Durst Mountain CWMU,Elk,Bull,Any Legal Weapon,CWMU,,,3,3,0,3,no,no,no,no,,,,HIGH_CONFIRMED_2PLUS,HANUMBER,3,PROMOTE_CANDIDATE_AFTER_REVIEW,https://dwrapps.utah.gov/huntboundary/HuntTableData?species=Elk&gender=Bull
EB3517,CORE_DRAW_RESULTS_CONTINUING,CLOSED_CORE,yes,Present in 2025 BIBLE and fresh 2026 DWR Hunt Planner table.,LIVE_2026_AND_2025_BIBLE,CONTINUITY,EB,2020|2021|2022|2023|2024|2025,yes,no,yes,yes,OK,LIVE_AND_DATABASE,TOTAL_MATCH_SPLIT_DIFFERS,LIVE_DWR_CWMU_TOTAL_ONLY_FROM_QUOTA_RES,East Fork Chalk Creek CWMU,Elk,Bull,Any Legal Weapon,CWMU,,,3,3,0,3,no,no,no,no,,,,HIGH_CONFIRMED_2PLUS,HANUMBER,3,PROMOTE_CANDIDATE_AFTER_REVIEW,https://dwrapps.utah.gov/huntboundary/HuntTableData?species=Elk&gender=Bull
EB3519,CORE_DRAW_RESULTS_CONTINUING,CLOSED_CORE,yes,Present in 2025 BIBLE and fresh 2026 DWR Hunt Planner table.,LIVE_2026_AND_2025_BIBLE,CONTINUITY,EB,2020|2021|2022|2023|2024|2025,yes,no,yes,yes,OK,LIVE_AND_DATABASE,TOTAL_MATCH_SPLIT_DIFFERS,LIVE_DWR_CWMU_TOTAL_ONLY_FROM_QUOTA_RES,Ensign Ranches CWMU,Elk,Bull,Any Legal Weapon,CWMU,,,6,6,0,6,no,no,no,no,,,,HIGH_CONFIRMED_2PLUS,HANUMBER,6,PROMOTE_CANDIDATE_AFTER_REVIEW,https://dwrapps.utah.gov/huntboundary/HuntTableData?species=Elk&gender=Bull
EB3520,CORE_DRAW_RESULTS_CONTINUING,CLOSED_CORE,yes,Present in 2025 BIBLE and fresh 2026 DWR Hunt Planner table.,LIVE_2026_AND_2025_BIBLE,CONTINUITY,EB,2020|2021|2022|2023|2024|2025,yes,no,yes,yes,OK,LIVE_AND_DATABASE,TOTAL_MATCH_SPLIT_DIFFERS,LIVE_DWR_CWMU_TOTAL_ONLY_FROM_QUOTA_RES,Folley Ridge CWMU,Elk,Bull,Any Legal Weapon,CWMU,,,2,2,0,2,no,no,no,no,,,,HIGH_CONFIRMED_2PLUS,HANUMBER,2,PROMOTE_CANDIDATE_AFTER_REVIEW,https://dwrapps.utah.gov/huntboundary/HuntTableData?species=Elk&gender=Bull
EB3521,CORE_DRAW_RESULTS_CONTINUING,CLOSED_CORE,yes,Present in 2025 BIBLE and fresh 2026 DWR Hunt Planner table.,LIVE_2026_AND_2025_BIBLE,CONTINUITY,EB,2020|2021|2022|2023|2024|2025,yes,no,yes,yes,OK,LIVE_AND_DATABASE,TOTAL_MATCH_SPLIT_DIFFERS,LIVE_DWR_CWMU_TOTAL_ONLY_FROM_QUOTA_RES,Grass Valley/Clark Canyon CWMU,Elk,Bull,Any Legal Weapon,CWMU,,,10,10,0,10,no,no,no,no,,,,HIGH_CONFIRMED_2PLUS,HANUMBER,10,PROMOTE_CANDIDATE_AFTER_REVIEW,https://dwrapps.utah.gov/huntboundary/HuntTableData?species=Elk&gender=Bull
EB3522,CORE_DRAW_RESULTS_CONTINUING,CLOSED_CORE,yes,Present in 2025 BIBLE and fresh 2026 DWR Hunt Planner table.,LIVE_2026_AND_2025_BIBLE,CONTINUITY,EB,2020|2021|2022|2023|2024|2025,yes,no,yes,yes,OK,LIVE_AND_DATABASE,TOTAL_MATCH_SPLIT_DIFFERS,LIVE_DWR_CWMU_TOTAL_ONLY_FROM_QUOTA_RES,Grazing Pasture CWMU,Elk,Bull,Any Legal Weapon,CWMU,,,1,1,0,1,no,no,no,no,,,,HIGH_CONFIRMED_2PLUS,HANUMBER,1,PROMOTE_CANDIDATE_AFTER_REVIEW,https://dwrapps.utah.gov/huntboundary/HuntTableData?species=Elk&gender=Bull
EB3523,CORE_DRAW_RESULTS_CONTINUING,CLOSED_CORE,yes,Present in 2025 BIBLE and fresh 2026 DWR Hunt Planner table.,LIVE_2026_AND_2025_BIBLE,CONTINUITY,EB,2020|2021|2022|2023|2024|2025,yes,no,yes,yes,OK,LIVE_AND_DATABASE,TOTAL_MATCH_SPLIT_DIFFERS,LIVE_DWR_CWMU_TOTAL_ONLY_FROM_QUOTA_RES,Guildersleeve CWMU,Elk,Bull,Any Legal Weapon,CWMU,,,2,2,0,2,no,no,no,no,,,,HIGH_CONFIRMED_2PLUS,HANUMBER,2,PROMOTE_CANDIDATE_AFTER_REVIEW,https://dwrapps.utah.gov/huntboundary/HuntTableData?species=Elk&gender=Bull
EB3524,CORE_DRAW_RESULTS_CONTINUING,CLOSED_CORE,yes,Present in 2025 BIBLE and fresh 2026 DWR Hunt Planner table.,LIVE_2026_AND_2025_BIBLE,CONTINUITY,EB,2020|2021|2022|2023|2024|2025,yes,no,yes,yes,OK,LIVE_AND_DATABASE,TOTAL_MATCH_SPLIT_DIFFERS,LIVE_DWR_CWMU_TOTAL_ONLY_FROM_QUOTA_RES,Hardscrabble CWMU,Elk,Bull,Any Legal Weapon,CWMU,,,2,2,0,2,no,no,no,no,,,,HIGH_CONFIRMED_2PLUS,HANUMBER,2,PROMOTE_CANDIDATE_AFTER_REVIEW,https://dwrapps.utah.gov/huntboundary/HuntTableData?species=Elk&gender=Bull
EB3525,CORE_DRAW_RESULTS_CONTINUING,CLOSED_CORE,yes,Present in 2025 BIBLE and fresh 2026 DWR Hunt Planner table.,LIVE_2026_AND_2025_BIBLE,CONTINUITY,EB,2020|2021|2022|2023|2024|2025,yes,no,yes,yes,OK,LIVE_AND_DATABASE,TOTAL_MATCH_SPLIT_DIFFERS,LIVE_DWR_CWMU_TOTAL_ONLY_FROM_QUOTA_RES,Heaston East CWMU,Elk,Bull,Any Legal Weapon,CWMU,,,2,2,0,2,no,no,no,no,,,,HIGH_CONFIRMED_2PLUS,HANUMBER,2,PROMOTE_CANDIDATE_AFTER_REVIEW,https://dwrapps.utah.gov/huntboundary/HuntTableData?species=Elk&gender=Bull
EB3526,CORE_DRAW_RESULTS_CONTINUING,CLOSED_CORE,yes,Present in 2025 BIBLE and fresh 2026 DWR Hunt Planner table.,LIVE_2026_AND_2025_BIBLE,CONTINUITY,EB,2020|2021|2022|2023|2024|2025,yes,no,yes,yes,OK,LIVE_AND_DATABASE,TOTAL_MATCH_SPLIT_DIFFERS,LIVE_DWR_CWMU_TOTAL_ONLY_FROM_QUOTA_RES,Hiawatha CWMU,Elk,Bull,Any Legal Weapon,CWMU,,,2,2,0,2,no,no,no,no,,,,HIGH_CONFIRMED_2PLUS,HANUMBER,2,PROMOTE_CANDIDATE_AFTER_REVIEW,https://dwrapps.utah.gov/huntboundary/HuntTableData?species=Elk&gender=Bull
EB3527,CORE_DRAW_RESULTS_CONTINUING,CLOSED_CORE,yes,Present in 2025 BIBLE and fresh 2026 DWR Hunt Planner table.,LIVE_2026_AND_2025_BIBLE,CONTINUITY,EB,2020|2021|2022|2023|2024|2025,yes,no,yes,yes,OK,LIVE_AND_DATABASE,TOTAL_MATCH_SPLIT_DIFFERS,LIVE_DWR_CWMU_TOTAL_ONLY_FROM_QUOTA_RES,Indian Head CWMU,Elk,Bull,Any Legal Weapon,CWMU,,,2,2,0,2,no,no,no,no,,,,HIGH_CONFIRMED_2PLUS,HANUMBER,2,PROMOTE_CANDIDATE_AFTER_REVIEW,https://dwrapps.utah.gov/huntboundary/HuntTableData?species=Elk&gender=Bull
EB3528,CORE_DRAW_RESULTS_CONTINUING,CLOSED_CORE,yes,Present in 2025 BIBLE and fresh 2026 DWR Hunt Planner table.,LIVE_2026_AND_2025_BIBLE,CONTINUITY,EB,2020|2021|2023|2024|2025,yes,no,yes,yes,OK,LIVE_AND_DATABASE,TOTAL_MATCH_SPLIT_DIFFERS,LIVE_DWR_CWMU_TOTAL_ONLY_FROM_QUOTA_RES,Ingham Peak CWMU,Elk,Bull,Any Legal Weapon,CWMU,,,1,1,0,1,no,no,no,no,,,,HIGH_CONFIRMED_2PLUS,HANUMBER,1,PROMOTE_CANDIDATE_AFTER_REVIEW,https://dwrapps.utah.gov/huntboundary/HuntTableData?species=Elk&gender=Bull
EB3529,CORE_DRAW_RESULTS_CONTINUING,CLOSED_CORE,yes,Present in 2025 BIBLE and fresh 2026 DWR Hunt Planner table.,LIVE_2026_AND_2025_BIBLE,CONTINUITY,EB,2020|2021|2022|2023|2024|2025,yes,no,yes,yes,OK,LIVE_AND_DATABASE,TOTAL_MATCH_SPLIT_DIFFERS,LIVE_DWR_CWMU_TOTAL_ONLY_FROM_QUOTA_RES,Circle E Ranch CWMU,Elk,Bull,Any Legal Weapon,CWMU,,,2,2,0,2,no,no,no,no,,,,HIGH_CONFIRMED_2PLUS,HANUMBER,2,PROMOTE_CANDIDATE_AFTER_REVIEW,https://dwrapps.utah.gov/huntboundary/HuntTableData?species=Elk&gender=Bull
EB3530,CORE_DRAW_RESULTS_CONTINUING,CLOSED_CORE,yes,Present in 2025 BIBLE and fresh 2026 DWR Hunt Planner table.,LIVE_2026_AND_2025_BIBLE,CONTINUITY,EB,2020|2021|2022|2023|2024|2025,yes,no,yes,yes,OK,LIVE_AND_DATABASE,TOTAL_MATCH_SPLIT_DIFFERS,LIVE_DWR_CWMU_TOTAL_ONLY_FROM_QUOTA_RES,Jacob's Creek CWMU,Elk,Bull,Any Legal Weapon,CWMU,,,2,2,0,2,no,no,no,no,,,,HIGH_CONFIRMED_2PLUS,HANUMBER,2,PROMOTE_CANDIDATE_AFTER_REVIEW,https://dwrapps.utah.gov/huntboundary/HuntTableData?species=Elk&gender=Bull
EB3531,CORE_DRAW_RESULTS_CONTINUING,CLOSED_CORE,yes,Present in 2025 BIBLE and fresh 2026 DWR Hunt Planner table.,LIVE_2026_AND_2025_BIBLE,CONTINUITY,EB,2020|2021|2022|2023|2024|2025,yes,no,yes,yes,OK,LIVE_AND_DATABASE,TOTAL_MATCH_SPLIT_DIFFERS,LIVE_DWR_CWMU_TOTAL_ONLY_FROM_QUOTA_RES,Johnson Mountain Ranch CWMU,Elk,Bull,Any Legal Weapon,CWMU,,,2,2,0,2,no,no,no,no,,,,HIGH_CONFIRMED_2PLUS,HANUMBER,2,PROMOTE_CANDIDATE_AFTER_REVIEW,https://dwrapps.utah.gov/huntboundary/HuntTableData?species=Elk&gender=Bull
EB3532,CORE_DRAW_RESULTS_CONTINUING,CLOSED_CORE,yes,Present in 2025 BIBLE and fresh 2026 DWR Hunt Planner table.,LIVE_2026_AND_2025_BIBLE,CONTINUITY,EB,2020|2021|2022|2023|2024|2025,yes,no,yes,yes,OK,LIVE_AND_DATABASE,TOTAL_MATCH_SPLIT_DIFFERS,LIVE_DWR_CWMU_TOTAL_ONLY_FROM_QUOTA_RES,Jump Creek CWMU,Elk,Bull,Any Legal Weapon,CWMU,,,1,1,0,1,no,no,no,no,,,,HIGH_CONFIRMED_2PLUS,HANUMBER,1,PROMOTE_CANDIDATE_AFTER_REVIEW,https://dwrapps.utah.gov/huntboundary/HuntTableData?species=Elk&gender=Bull
EB3533,CORE_DRAW_RESULTS_CONTINUING,CLOSED_CORE,yes,Present in 2025 BIBLE and fresh 2026 DWR Hunt Planner table.,LIVE_2026_AND_2025_BIBLE,CONTINUITY,EB,2020|2021|2022|2023|2024|2025,yes,no,yes,yes,OK,LIVE_AND_DATABASE,TOTAL_MATCH_SPLIT_DIFFERS,LIVE_DWR_CWMU_TOTAL_ONLY_FROM_QUOTA_RES,Junction Valley CWMU,Elk,Bull,Any Legal Weapon,CWMU,,,1,1,0,1,no,no,no,no,,,,HIGH_CONFIRMED_2PLUS,HANUMBER,1,PROMOTE_CANDIDATE_AFTER_REVIEW,https://dwrapps.utah.gov/huntboundary/HuntTableData?species=Elk&gender=Bull
EB3534,CORE_DRAW_RESULTS_CONTINUING,CLOSED_CORE,yes,Present in 2025 BIBLE and fresh 2026 DWR Hunt Planner table.,LIVE_2026_AND_2025_BIBLE,CONTINUITY,EB,2020|2021|2022|2023|2024|2025,yes,no,yes,yes,OK,LIVE_AND_DATABASE,TOTAL_MATCH_SPLIT_DIFFERS,LIVE_DWR_CWMU_TOTAL_ONLY_FROM_QUOTA_RES,Little Red Creek CWMU,Elk,Bull,Any Legal Weapon,CWMU,,,2,2,0,2,no,no,no,no,,,,HIGH_CONFIRMED_2PLUS,HANUMBER,2,PROMOTE_CANDIDATE_AFTER_REVIEW,https://dwrapps.utah.gov/huntboundary/HuntTableData?species=Elk&gender=Bull
EB3535,HISTORICAL_LIBRARY_ONLY,CLOSED_HISTORICAL,no,Historical BIBLE-library code not part of current 2026 live table.,BIBLE_HISTORICAL_ONLY,HISTORICAL_LIBRARY,EB,2020|2021,no,no,no,no,,,,,,,,,,,,,,,,no,no,no,no,,,,,,,,
EB3536,CORE_DRAW_RESULTS_CONTINUING,CLOSED_CORE,yes,Present in 2025 BIBLE and fresh 2026 DWR Hunt Planner table.,LIVE_2026_AND_2025_BIBLE,CONTINUITY,EB,2020|2021|2022|2023|2024|2025,yes,no,yes,yes,OK,LIVE_AND_DATABASE,TOTAL_MATCH_SPLIT_DIFFERS,LIVE_DWR_CWMU_TOTAL_ONLY_FROM_QUOTA_RES,Minnie Maud Ridge CWMU,Elk,Bull,Any Legal Weapon,CWMU,,,5,5,0,5,no,no,no,no,,,,HIGH_CONFIRMED_2PLUS,HANUMBER,5,PROMOTE_CANDIDATE_AFTER_REVIEW,https://dwrapps.utah.gov/huntboundary/HuntTableData?species=Elk&gender=Bull
EB3538,CORE_DRAW_RESULTS_CONTINUING,CLOSED_CORE,yes,Present in 2025 BIBLE and fresh 2026 DWR Hunt Planner table.,LIVE_2026_AND_2025_BIBLE,CONTINUITY,EB,2020|2021|2023|2024|2025,yes,no,yes,yes,OK,LIVE_AND_DATABASE,TOTAL_MATCH_SPLIT_DIFFERS,LIVE_DWR_CWMU_TOTAL_ONLY_FROM_QUOTA_RES,Moon Ranch CWMU,Elk,Bull,Any Legal Weapon,CWMU,,,1,1,0,1,no,no,no,no,,,,HIGH_CONFIRMED_2PLUS,HANUMBER,1,PROMOTE_CANDIDATE_AFTER_REVIEW,https://dwrapps.utah.gov/huntboundary/HuntTableData?species=Elk&gender=Bull
EB3540,CORE_DRAW_RESULTS_CONTINUING,CLOSED_CORE,yes,Present in 2025 BIBLE and fresh 2026 DWR Hunt Planner table.,LIVE_2026_AND_2025_BIBLE,CONTINUITY,EB,2020|2021|2022|2023|2024|2025,yes,no,yes,yes,OK,LIVE_AND_DATABASE,TOTAL_MATCH_SPLIT_DIFFERS,LIVE_DWR_CWMU_TOTAL_ONLY_FROM_QUOTA_RES,Old Woman Plateau CWMU,Elk,Bull,Any Legal Weapon,CWMU,,,2,2,0,2,no,no,no,no,,,,HIGH_CONFIRMED_2PLUS,HANUMBER,2,PROMOTE_CANDIDATE_AFTER_REVIEW,https://dwrapps.utah.gov/huntboundary/HuntTableData?species=Elk&gender=Bull
EB3541,CORE_DRAW_RESULTS_CONTINUING,CLOSED_CORE,yes,Present in 2025 BIBLE and fresh 2026 DWR Hunt Planner table.,LIVE_2026_AND_2025_BIBLE,CONTINUITY,EB,2020|2021|2022|2023|2024|2025,yes,no,yes,yes,OK,LIVE_AND_DATABASE,TOTAL_MATCH_SPLIT_DIFFERS,LIVE_DWR_CWMU_TOTAL_ONLY_FROM_QUOTA_RES,Patmos Ridge CWMU,Elk,Bull,Any Legal Weapon,CWMU,,,1,1,0,1,no,no,no,no,,,,HIGH_CONFIRMED_2PLUS,HANUMBER,1,PROMOTE_CANDIDATE_AFTER_REVIEW,https://dwrapps.utah.gov/huntboundary/HuntTableData?species=Elk&gender=Bull
EB3542,HISTORICAL_LIBRARY_ONLY,CLOSED_HISTORICAL,no,Historical BIBLE-library code not part of current 2026 live table.,BIBLE_HISTORICAL_ONLY,HISTORICAL_LIBRARY,EB,2020|2021|2022|2023,no,no,no,no,,,,,,,,,,,,,,,,no,no,no,no,,,,,,,,
EB3543,CORE_DRAW_RESULTS_CONTINUING,CLOSED_CORE,yes,Present in 2025 BIBLE and fresh 2026 DWR Hunt Planner table.,LIVE_2026_AND_2025_BIBLE,CONTINUITY,EB,2020|2021|2022|2023|2024|2025,yes,no,yes,yes,OK,LIVE_AND_DATABASE,TOTAL_MATCH_SPLIT_DIFFERS,LIVE_DWR_CWMU_TOTAL_ONLY_FROM_QUOTA_RES,Preston Nutter Ranch CWMU,Elk,Bull,Any Legal Weapon,CWMU,,,3,3,0,3,no,no,no,no,,,,HIGH_CONFIRMED_2PLUS,HANUMBER,3,PROMOTE_CANDIDATE_AFTER_REVIEW,https://dwrapps.utah.gov/huntboundary/HuntTableData?species=Elk&gender=Bull
EB3544,CORE_DRAW_RESULTS_CONTINUING,CLOSED_CORE,yes,Present in 2025 BIBLE and fresh 2026 DWR Hunt Planner table.,LIVE_2026_AND_2025_BIBLE,CONTINUITY,EB,2020|2021|2022|2023|2024|2025,yes,no,yes,yes,OK,LIVE_AND_DATABASE,TOTAL_MATCH_SPLIT_DIFFERS,LIVE_DWR_CWMU_TOTAL_ONLY_FROM_QUOTA_RES,Redd Ranches CWMU,Elk,Bull,Any Legal Weapon,CWMU,,,2,2,0,2,no,no,no,no,,,,HIGH_CONFIRMED_2PLUS,HANUMBER,2,PROMOTE_CANDIDATE_AFTER_REVIEW,https://dwrapps.utah.gov/huntboundary/HuntTableData?species=Elk&gender=Bull
EB3545,CORE_DRAW_RESULTS_CONTINUING,CLOSED_CORE,yes,Present in 2025 BIBLE and fresh 2026 DWR Hunt Planner table.,LIVE_2026_AND_2025_BIBLE,CONTINUITY,EB,2020|2021|2022|2023|2024|2025,yes,no,yes,yes,OK,LIVE_AND_DATABASE,TOTAL_MATCH_SPLIT_DIFFERS,LIVE_DWR_CWMU_TOTAL_ONLY_FROM_QUOTA_RES,Cactus Ranch LLC CWMU,Elk,Bull,Any Legal Weapon,CWMU,,,3,3,0,3,no,no,no,no,,,,HIGH_CONFIRMED_2PLUS,HANUMBER,3,PROMOTE_CANDIDATE_AFTER_REVIEW,https://dwrapps.utah.gov/huntboundary/HuntTableData?species=Elk&gender=Bull
EB3546,CORE_DRAW_RESULTS_CONTINUING,CLOSED_CORE,yes,Present in 2025 BIBLE and fresh 2026 DWR Hunt Planner table.,LIVE_2026_AND_2025_BIBLE,CONTINUITY,EB,2020|2021|2022|2023|2024|2025,yes,no,yes,yes,OK,LIVE_AND_DATABASE,TOTAL_MATCH_SPLIT_DIFFERS,LIVE_DWR_CWMU_TOTAL_ONLY_FROM_QUOTA_RES,Roan Cliffs CWMU,Elk,Bull,Any Legal Weapon,CWMU,,,1,1,0,1,no,no,no,no,,,,HIGH_CONFIRMED_2PLUS,HANUMBER,1,PROMOTE_CANDIDATE_AFTER_REVIEW,https://dwrapps.utah.gov/huntboundary/HuntTableData?species=Elk&gender=Bull
EB3547,CORE_DRAW_RESULTS_CONTINUING,CLOSED_CORE,yes,Present in 2025 BIBLE and fresh 2026 DWR Hunt Planner table.,LIVE_2026_AND_2025_BIBLE,CONTINUITY,EB,2020|2021|2022|2023|2024|2025,yes,no,yes,yes,OK,LIVE_AND_DATABASE,TOTAL_MATCH_SPLIT_DIFFERS,LIVE_DWR_CWMU_TOTAL_ONLY_FROM_QUOTA_RES,Sand Creek CWMU,Elk,Bull,Any Legal Weapon,CWMU,,,1,1,0,1,no,no,no,no,,,,HIGH_CONFIRMED_2PLUS,HANUMBER,1,PROMOTE_CANDIDATE_AFTER_REVIEW,https://dwrapps.utah.gov/huntboundary/HuntTableData?species=Elk&gender=Bull
EB3548,CORE_DRAW_RESULTS_CONTINUING,CLOSED_CORE,yes,Present in 2025 BIBLE and fresh 2026 DWR Hunt Planner table.,LIVE_2026_AND_2025_BIBLE,CONTINUITY,EB,2020|2021|2022|2023|2024|2025,yes,no,yes,yes,OK,LIVE_AND_DATABASE,TOTAL_MATCH_SPLIT_DIFFERS,LIVE_DWR_CWMU_TOTAL_ONLY_FROM_QUOTA_RES,Scofield Canyons CWMU,Elk,Bull,Any Legal Weapon,CWMU,,,1,1,0,1,no,no,no,no,,,,HIGH_CONFIRMED_2PLUS,HANUMBER,1,PROMOTE_CANDIDATE_AFTER_REVIEW,https://dwrapps.utah.gov/huntboundary/HuntTableData?species=Elk&gender=Bull
EB3549,CORE_DRAW_RESULTS_CONTINUING,CLOSED_CORE,yes,Present in 2025 BIBLE and fresh 2026 DWR Hunt Planner table.,LIVE_2026_AND_2025_BIBLE,CONTINUITY,EB,2020|2021|2022|2023|2024|2025,yes,no,yes,yes,OK,LIVE_AND_DATABASE,TOTAL_MATCH_SPLIT_DIFFERS,LIVE_DWR_CWMU_TOTAL_ONLY_FROM_QUOTA_RES,Scofield East CWMU,Elk,Bull,Any Legal Weapon,CWMU,,,1,1,0,1,no,no,no,no,,,,HIGH_CONFIRMED_2PLUS,HANUMBER,1,PROMOTE_CANDIDATE_AFTER_REVIEW,https://dwrapps.utah.gov/huntboundary/HuntTableData?species=Elk&gender=Bull
EB3550,CORE_DRAW_RESULTS_CONTINUING,CLOSED_CORE,yes,Present in 2025 BIBLE and fresh 2026 DWR Hunt Planner table.,LIVE_2026_AND_2025_BIBLE,CONTINUITY,EB,2020|2021|2022|2023|2024|2025,yes,no,yes,yes,OK,LIVE_AND_DATABASE,TOTAL_MATCH_SPLIT_DIFFERS,LIVE_DWR_CWMU_TOTAL_ONLY_FROM_QUOTA_RES,Scofield West CWMU,Elk,Bull,Any Legal Weapon,CWMU,,,2,2,0,2,no,no,no,no,,,,HIGH_CONFIRMED_2PLUS,HANUMBER,2,PROMOTE_CANDIDATE_AFTER_REVIEW,https://dwrapps.utah.gov/huntboundary/HuntTableData?species=Elk&gender=Bull
EB3551,CORE_DRAW_RESULTS_CONTINUING,CLOSED_CORE,yes,Present in 2025 BIBLE and fresh 2026 DWR Hunt Planner table.,LIVE_2026_AND_2025_BIBLE,CONTINUITY,EB,2020|2021|2022|2023|2024|2025,yes,no,yes,yes,OK,LIVE_AND_DATABASE,TOTAL_MATCH_SPLIT_DIFFERS,LIVE_DWR_CWMU_TOTAL_ONLY_FROM_QUOTA_RES,SJ Ranch CWMU,Elk,Bull,Any Legal Weapon,CWMU,,,1,1,0,1,no,no,no,no,,,,HIGH_CONFIRMED_2PLUS,HANUMBER,1,PROMOTE_CANDIDATE_AFTER_REVIEW,https://dwrapps.utah.gov/huntboundary/HuntTableData?species=Elk&gender=Bull
EB3552,CORE_DRAW_RESULTS_CONTINUING,CLOSED_CORE,yes,Present in 2025 BIBLE and fresh 2026 DWR Hunt Planner table.,LIVE_2026_AND_2025_BIBLE,CONTINUITY,EB,2020|2021|2022|2023|2024|2025,yes,no,yes,yes,OK,LIVE_AND_DATABASE,TOTAL_MATCH_SPLIT_DIFFERS,LIVE_DWR_CWMU_TOTAL_ONLY_FROM_QUOTA_RES,Skull Crack CWMU,Elk,Bull,Any Legal Weapon,CWMU,,,1,1,0,1,no,no,no,no,,,,HIGH_CONFIRMED_2PLUS,HANUMBER,1,PROMOTE_CANDIDATE_AFTER_REVIEW,https://dwrapps.utah.gov/huntboundary/HuntTableData?species=Elk&gender=Bull
EB3553,CORE_DRAW_RESULTS_CONTINUING,CLOSED_CORE,yes,Present in 2025 BIBLE and fresh 2026 DWR Hunt Planner table.,LIVE_2026_AND_2025_BIBLE,CONTINUITY,EB,2020|2021|2022|2023|2024|2025,yes,no,yes,yes,OK,LIVE_AND_DATABASE,TOTAL_MATCH_SPLIT_DIFFERS,LIVE_DWR_CWMU_TOTAL_ONLY_FROM_QUOTA_RES,Soldier Summit CWMU,Elk,Bull,Any Legal Weapon,CWMU,,,2,2,0,2,no,no,no,no,,,,HIGH_CONFIRMED_2PLUS,HANUMBER,2,PROMOTE_CANDIDATE_AFTER_REVIEW,https://dwrapps.utah.gov/huntboundary/HuntTableData?species=Elk&gender=Bull
EB3554,CORE_DRAW_RESULTS_CONTINUING,CLOSED_CORE,yes,Present in 2025 BIBLE and fresh 2026 DWR Hunt Planner table.,LIVE_2026_AND_2025_BIBLE,CONTINUITY,EB,2020|2021|2022|2023|2024|2025,yes,no,yes,yes,OK,LIVE_AND_DATABASE,TOTAL_MATCH_SPLIT_DIFFERS,LIVE_DWR_CWMU_TOTAL_ONLY_FROM_QUOTA_RES,South Canyon CWMU,Elk,Bull,Any Legal Weapon,CWMU,,,1,1,0,1,no,no,no,no,,,,HIGH_CONFIRMED_2PLUS,HANUMBER,1,PROMOTE_CANDIDATE_AFTER_REVIEW,https://dwrapps.utah.gov/huntboundary/HuntTableData?species=Elk&gender=Bull
EB3555,CORE_DRAW_RESULTS_CONTINUING,CLOSED_CORE,yes,Present in 2025 BIBLE and fresh 2026 DWR Hunt Planner table.,LIVE_2026_AND_2025_BIBLE,CONTINUITY,EB,2020|2021|2022|2023|2024|2025,yes,no,yes,yes,OK,LIVE_AND_DATABASE,TOTAL_MATCH_SPLIT_DIFFERS,LIVE_DWR_CWMU_TOTAL_ONLY_FROM_QUOTA_RES,Spring Creek/Dodge CWMU,Elk,Bull,Any Legal Weapon,CWMU,,,2,2,0,2,no,no,no,no,,,,HIGH_CONFIRMED_2PLUS,HANUMBER,2,PROMOTE_CANDIDATE_AFTER_REVIEW,https://dwrapps.utah.gov/huntboundary/HuntTableData?species=Elk&gender=Bull
EB3557,CORE_DRAW_RESULTS_CONTINUING,CLOSED_CORE,yes,Present in 2025 BIBLE and fresh 2026 DWR Hunt Planner table.,LIVE_2026_AND_2025_BIBLE,CONTINUITY,EB,2020|2021|2022|2023|2024|2025,yes,no,yes,yes,OK,LIVE_AND_DATABASE,TOTAL_MATCH_SPLIT_DIFFERS,LIVE_DWR_CWMU_TOTAL_ONLY_FROM_QUOTA_RES,Strawberry Ridge CWMU,Elk,Bull,Any Legal Weapon,CWMU,,,2,2,0,2,no,no,no,no,,,,HIGH_CONFIRMED_2PLUS,HANUMBER,2,PROMOTE_CANDIDATE_AFTER_REVIEW,https://dwrapps.utah.gov/huntboundary/HuntTableData?species=Elk&gender=Bull
EB3558,CORE_DRAW_RESULTS_CONTINUING,CLOSED_CORE,yes,Present in 2025 BIBLE and fresh 2026 DWR Hunt Planner table.,LIVE_2026_AND_2025_BIBLE,CONTINUITY,EB,2020|2022|2023|2024|2025,yes,no,yes,yes,OK,LIVE_AND_DATABASE,TOTAL_MATCH_SPLIT_DIFFERS,LIVE_DWR_CWMU_TOTAL_ONLY_FROM_QUOTA_RES,Summit Point CWMU,Elk,Bull,Any Legal Weapon,CWMU,,,1,1,0,1,no,no,no,no,,,,HIGH_CONFIRMED_2PLUS,HANUMBER,1,PROMOTE_CANDIDATE_AFTER_REVIEW,https://dwrapps.utah.gov/huntboundary/HuntTableData?species=Elk&gender=Bull
EB3559,CORE_DRAW_RESULTS_CONTINUING,CLOSED_CORE,yes,Present in 2025 BIBLE and fresh 2026 DWR Hunt Planner table.,LIVE_2026_AND_2025_BIBLE,CONTINUITY,EB,2020|2021|2022|2023|2024|2025,yes,no,yes,yes,OK,LIVE_AND_DATABASE,TOTAL_MATCH_SPLIT_DIFFERS,LIVE_DWR_CWMU_TOTAL_ONLY_FROM_QUOTA_RES,Three C CWMU,Elk,Bull,Any Legal Weapon,CWMU,,,2,2,0,2,no,no,no,no,,,,HIGH_CONFIRMED_2PLUS,HANUMBER,2,PROMOTE_CANDIDATE_AFTER_REVIEW,https://dwrapps.utah.gov/huntboundary/HuntTableData?species=Elk&gender=Bull
EB3561,POSSIBLE_DROPPED_OR_NOT_EXPOSED_FROM_2025,REVIEW,maybe,Present in 2025 BIBLE but absent from fresh 2026 DWR table; needs drop/rename/crosswalk review.,BIBLE_2025_NOT_IN_LIVE_2026_TABLE,DROPPED_OR_NOT_EXPOSED_IN_CURRENT_TABLE,EB,2020|2021|2022|2023|2024|2025,yes,no,no,yes,OK,DATABASE_ONLY,DATABASE_ONLY,,Two Bear CWMU,Elk,Bull,Any Legal Weapon,CWMU,,,,5,0,5,no,no,no,no,,,,MEDIUM_SINGLE_SOURCE,HANUMBER,5,PROMOTE_CANDIDATE_AFTER_REVIEW,
EB3562,CORE_DRAW_RESULTS_CONTINUING,CLOSED_CORE,yes,Present in 2025 BIBLE and fresh 2026 DWR Hunt Planner table.,LIVE_2026_AND_2025_BIBLE,CONTINUITY,EB,2020|2021|2022|2023|2024|2025,yes,no,yes,yes,OK,LIVE_AND_DATABASE,TOTAL_MATCH_SPLIT_DIFFERS,LIVE_DWR_CWMU_TOTAL_ONLY_FROM_QUOTA_RES,Wallsburg CWMU,Elk,Bull,Any Legal Weapon,CWMU,,,1,1,0,1,no,no,no,no,,,,HIGH_CONFIRMED_2PLUS,HANUMBER,1,PROMOTE_CANDIDATE_AFTER_REVIEW,https://dwrapps.utah.gov/huntboundary/HuntTableData?species=Elk&gender=Bull
EB3563,HISTORICAL_LIBRARY_ONLY,CLOSED_HISTORICAL,no,Historical BIBLE-library code not part of current 2026 live table.,BIBLE_HISTORICAL_ONLY,HISTORICAL_LIBRARY,EB,2020|2021|2022|2023,no,no,no,no,,,,,,,,,,,,,,,,no,no,no,no,,,,,,,,
EB3564,CORE_DRAW_RESULTS_CONTINUING,CLOSED_CORE,yes,Present in 2025 BIBLE and fresh 2026 DWR Hunt Planner table.,LIVE_2026_AND_2025_BIBLE,CONTINUITY,EB,2022|2023|2024|2025,yes,no,yes,yes,OK,LIVE_AND_DATABASE,TOTAL_MATCH_SPLIT_DIFFERS,LIVE_DWR_CWMU_TOTAL_ONLY_FROM_QUOTA_RES,Woodruff Creek South CWMU,Elk,Bull,Any Legal Weapon,CWMU,,,2,2,0,2,no,no,no,no,,,,HIGH_CONFIRMED_2PLUS,HANUMBER,2,PROMOTE_CANDIDATE_AFTER_REVIEW,https://dwrapps.utah.gov/huntboundary/HuntTableData?species=Elk&gender=Bull
EB3565,CORE_DRAW_RESULTS_CONTINUING,CLOSED_CORE,yes,Present in 2025 BIBLE and fresh 2026 DWR Hunt Planner table.,LIVE_2026_AND_2025_BIBLE,CONTINUITY,EB,2020|2021|2022|2023|2024|2025,yes,no,yes,yes,OK,LIVE_AND_DATABASE,TOTAL_MATCH_SPLIT_DIFFERS,LIVE_DWR_CWMU_TOTAL_ONLY_FROM_QUOTA_RES,North Peaks CWMU,Elk,Bull,Any Legal Weapon,CWMU,,,1,1,0,1,no,no,no,no,,,,HIGH_CONFIRMED_2PLUS,HANUMBER,1,PROMOTE_CANDIDATE_AFTER_REVIEW,https://dwrapps.utah.gov/huntboundary/HuntTableData?species=Elk&gender=Bull
EB3603,CORE_DRAW_RESULTS_CONTINUING,CLOSED_CORE,yes,Present in 2025 BIBLE and fresh 2026 DWR Hunt Planner table.,LIVE_2026_AND_2025_BIBLE,CONTINUITY,EB,2020|2021|2022|2023|2024|2025,yes,no,yes,yes,OK,LIVE_AND_DATABASE,TOTAL_MATCH_SPLIT_DIFFERS,LIVE_DWR_CWMU_TOTAL_ONLY_FROM_QUOTA_RES,Pahvant Ensign CWMU,Elk,Bull,Any Legal Weapon,CWMU,,,1,1,0,1,no,no,no,no,,,,HIGH_CONFIRMED_2PLUS,HANUMBER,1,PROMOTE_CANDIDATE_AFTER_REVIEW,https://dwrapps.utah.gov/huntboundary/HuntTableData?species=Elk&gender=Bull
EB3604,CORE_DRAW_RESULTS_CONTINUING,CLOSED_CORE,yes,Present in 2025 BIBLE and fresh 2026 DWR Hunt Planner table.,LIVE_2026_AND_2025_BIBLE,CONTINUITY,EB,2020|2021|2022|2023|2024|2025,yes,no,yes,yes,OK,LIVE_AND_DATABASE,TOTAL_MATCH_SPLIT_DIFFERS,LIVE_DWR_CWMU_TOTAL_ONLY_FROM_QUOTA_RES,Double R Ranch CWMU,Elk,Bull,Any Legal Weapon,CWMU,,,1,1,0,1,no,no,no,no,,,,HIGH_CONFIRMED_2PLUS,HANUMBER,1,PROMOTE_CANDIDATE_AFTER_REVIEW,https://dwrapps.utah.gov/huntboundary/HuntTableData?species=Elk&gender=Bull
EB3606,CORE_DRAW_RESULTS_CONTINUING,CLOSED_CORE,yes,Present in 2025 BIBLE and fresh 2026 DWR Hunt Planner table.,LIVE_2026_AND_2025_BIBLE,CONTINUITY,EB,2020|2021|2022|2023|2024|2025,yes,no,yes,yes,OK,LIVE_AND_DATABASE,TOTAL_MATCH_SPLIT_DIFFERS,LIVE_DWR_CWMU_TOTAL_ONLY_FROM_QUOTA_RES,Mountain Sky Ranch CWMU,Elk,Bull,Any Legal Weapon,CWMU,,,1,1,0,1,no,no,no,no,,,,HIGH_CONFIRMED_2PLUS,HANUMBER,1,PROMOTE_CANDIDATE_AFTER_REVIEW,https://dwrapps.utah.gov/huntboundary/HuntTableData?species=Elk&gender=Bull
EB3607,CORE_DRAW_RESULTS_CONTINUING,CLOSED_CORE,yes,Present in 2025 BIBLE and fresh 2026 DWR Hunt Planner table.,LIVE_2026_AND_2025_BIBLE,CONTINUITY,EB,2020|2021|2022|2023|2024|2025,yes,no,yes,yes,OK,LIVE_AND_DATABASE,TOTAL_MATCH_SPLIT_DIFFERS,LIVE_DWR_CWMU_TOTAL_ONLY_FROM_QUOTA_RES,West Willow Creek Ranch CWMU,Elk,Bull,Any Legal Weapon,CWMU,,,1,1,0,1,no,no,no,no,,,,HIGH_CONFIRMED_2PLUS,HANUMBER,1,PROMOTE_CANDIDATE_AFTER_REVIEW,https://dwrapps.utah.gov/huntboundary/HuntTableData?species=Elk&gender=Bull
EB3608,CORE_DRAW_RESULTS_CONTINUING,CLOSED_CORE,yes,Present in 2025 BIBLE and fresh 2026 DWR Hunt Planner table.,LIVE_2026_AND_2025_BIBLE,CONTINUITY,EB,2021|2022|2023|2024|2025,yes,no,yes,yes,OK,LIVE_AND_DATABASE,TOTAL_MATCH_SPLIT_DIFFERS,LIVE_DWR_CWMU_TOTAL_ONLY_FROM_QUOTA_RES,Avintaquin Canyon CWMU,Elk,Bull,Any Legal Weapon,CWMU,,,1,1,0,1,no,no,no,no,,,,HIGH_CONFIRMED_2PLUS,HANUMBER,1,PROMOTE_CANDIDATE_AFTER_REVIEW,https://dwrapps.utah.gov/huntboundary/HuntTableData?species=Elk&gender=Bull
EB3609,POSSIBLE_DROPPED_OR_NOT_EXPOSED_FROM_2025,REVIEW,maybe,Present in 2025 BIBLE but absent from fresh 2026 DWR table; needs drop/rename/crosswalk review.,BIBLE_2025_NOT_IN_LIVE_2026_TABLE,DROPPED_OR_NOT_EXPOSED_IN_CURRENT_TABLE,EB,2021|2022|2023|2024|2025,yes,no,no,yes,OK,DATABASE_ONLY,DATABASE_ONLY,,Royal Ivory Outfitters CWMU,Elk,Bull,Any Legal Weapon,CWMU,,,,3,0,3,no,no,no,no,,,,MEDIUM_SINGLE_SOURCE,HANUMBER,3,PROMOTE_CANDIDATE_AFTER_REVIEW,
EB3610,CORE_DRAW_RESULTS_CONTINUING,CLOSED_CORE,yes,Present in 2025 BIBLE and fresh 2026 DWR Hunt Planner table.,LIVE_2026_AND_2025_BIBLE,CONTINUITY,EB,2021|2022|2023|2024|2025,yes,no,yes,yes,OK,LIVE_AND_DATABASE,TOTAL_MATCH_SPLIT_DIFFERS,LIVE_DWR_CWMU_TOTAL_ONLY_FROM_QUOTA_RES,Sharp Mountain CWMU,Elk,Bull,Any Legal Weapon,CWMU,,,2,2,0,2,no,no,no,no,,,,HIGH_CONFIRMED_2PLUS,HANUMBER,2,PROMOTE_CANDIDATE_AFTER_REVIEW,https://dwrapps.utah.gov/huntboundary/HuntTableData?species=Elk&gender=Bull
EB3611,CORE_DRAW_RESULTS_CONTINUING,CLOSED_CORE,yes,Present in 2025 BIBLE and fresh 2026 DWR Hunt Planner table.,LIVE_2026_AND_2025_BIBLE,CONTINUITY,EB,2022|2023|2024|2025,yes,no,yes,yes,OK,LIVE_AND_DATABASE,TOTAL_MATCH_SPLIT_DIFFERS,LIVE_DWR_CWMU_TOTAL_ONLY_FROM_QUOTA_RES,West Ridge CWMU,Elk,Bull,Any Legal Weapon,CWMU,,,2,2,0,2,no,no,no,no,,,,HIGH_CONFIRMED_2PLUS,HANUMBER,2,PROMOTE_CANDIDATE_AFTER_REVIEW,https://dwrapps.utah.gov/huntboundary/HuntTableData?species=Elk&gender=Bull
EB3612,HISTORICAL_LIBRARY_ONLY,CLOSED_HISTORICAL,no,Historical BIBLE-library code not part of current 2026 live table.,BIBLE_HISTORICAL_ONLY,HISTORICAL_LIBRARY,EB,2022|2023,no,no,no,no,,,,,,,,,,,,,,,,no,no,no,no,,,,,,,,
EB3613,CORE_DRAW_RESULTS_CONTINUING,CLOSED_CORE,yes,Present in 2025 BIBLE and fresh 2026 DWR Hunt Planner table.,LIVE_2026_AND_2025_BIBLE,CONTINUITY,EB,2022|2023|2024|2025,yes,no,yes,yes,OK,LIVE_AND_DATABASE,TOTAL_MATCH_SPLIT_DIFFERS,LIVE_DWR_CWMU_TOTAL_ONLY_FROM_QUOTA_RES,Little Pole Canyon CWMU,Elk,Bull,Any Legal Weapon,CWMU,,,1,1,0,1,no,no,no,no,,,,HIGH_CONFIRMED_2PLUS,HANUMBER,1,PROMOTE_CANDIDATE_AFTER_REVIEW,https://dwrapps.utah.gov/huntboundary/HuntTableData?species=Elk&gender=Bull
EB3614,CORE_DRAW_RESULTS_CONTINUING,CLOSED_CORE,yes,Present in 2025 BIBLE and fresh 2026 DWR Hunt Planner table.,LIVE_2026_AND_2025_BIBLE,CONTINUITY,EB,2022|2023|2024|2025,yes,no,yes,yes,OK,LIVE_AND_DATABASE,TOTAL_MATCH_SPLIT_DIFFERS,LIVE_DWR_CWMU_TOTAL_ONLY_FROM_QUOTA_RES,Tunnel Hollow CWMU,Elk,Bull,Any Legal Weapon,CWMU,,,1,1,0,1,no,no,no,no,,,,HIGH_CONFIRMED_2PLUS,HANUMBER,1,PROMOTE_CANDIDATE_AFTER_REVIEW,https://dwrapps.utah.gov/huntboundary/HuntTableData?species=Elk&gender=Bull
EB3616,DATABASE_REFERENCE_NOT_LIVE_TABLE,REVIEW,no,Database row is not exposed by the fresh DWR live table; do not count as active core without source review.,DATABASE_NOT_IN_LIVE_TABLE,DATABASE_REFERENCE_OR_ARCHIVE_REVIEW,EB,2023|2024,no,no,no,yes,OK,DATABASE_ONLY,DATABASE_ONLY,,Sweetwater CWMU,Elk,Bull,Any Legal Weapon,CWMU,,,,,,1,no,no,no,no,,,,MEDIUM_SINGLE_SOURCE,HANUMBER,1,PROMOTE_CANDIDATE_AFTER_REVIEW,
EB3617,POSSIBLE_DROPPED_OR_NOT_EXPOSED_FROM_2025,REVIEW,maybe,Present in 2025 BIBLE but absent from fresh 2026 DWR table; needs drop/rename/crosswalk review.,BIBLE_2025_NOT_IN_LIVE_2026_TABLE,DROPPED_OR_NOT_EXPOSED_IN_CURRENT_TABLE,EB,2024|2025,yes,no,no,yes,OK,DATABASE_ONLY,DATABASE_ONLY,,Diamond Mountain CWMU,Elk,Bull,Any Legal Weapon,CWMU,,,,1,0,1,no,no,no,no,,,,MEDIUM_SINGLE_SOURCE,HANUMBER,1,PROMOTE_CANDIDATE_AFTER_REVIEW,
EB3619,CORE_DRAW_RESULTS_CONTINUING,CLOSED_CORE,yes,Present in 2025 BIBLE and fresh 2026 DWR Hunt Planner table.,LIVE_2026_AND_2025_BIBLE,CONTINUITY,EB,2024|2025,yes,no,yes,yes,OK,LIVE_AND_DATABASE,TOTAL_MATCH_SPLIT_DIFFERS,LIVE_DWR_CWMU_TOTAL_ONLY_FROM_QUOTA_RES,Weber Florence Creek/Stillman Creek CWMU,Elk,Bull,Any Legal Weapon,CWMU,,,10,10,0,10,no,no,no,no,,,,HIGH_CONFIRMED_2PLUS,HANUMBER,10,PROMOTE_CANDIDATE_AFTER_REVIEW,https://dwrapps.utah.gov/huntboundary/HuntTableData?species=Elk&gender=Bull
EB3620,SEPARATE_CWMU_CURRENT_PLANNER_LAYER,REVIEW,maybe,"CWMU current-planner row not in 2025 BIBLE; review whether this is new, renamed, or omitted by source family.",LIVE_2026_NOT_IN_2025_BIBLE,CWMU_CURRENT_PLANNER,EB,,no,no,yes,yes,OK,LIVE_AND_DATABASE,TOTAL_MATCH_SPLIT_DIFFERS,LIVE_DWR_CWMU_TOTAL_ONLY_FROM_QUOTA_RES,The Dirty Dozen,Elk,Bull,Any Legal Weapon,CWMU,,,1,1,0,1,no,no,no,no,,,,HIGH_CONFIRMED_2PLUS,HANUMBER,1,PROMOTE_CANDIDATE_AFTER_REVIEW,https://dwrapps.utah.gov/huntboundary/HuntTableData?species=Elk&gender=Bull
EL3000,SEPARATE_PRIVATE_LAND_LANDOWNER_LAYER,CLOSED_SEPARATE_LAYER,no,Current Hunt Planner private-land/landowner family; separate from comparable BIBLE draw-results core.,LIVE_2026_NOT_IN_2025_BIBLE,PRIVATE_LAND_OR_LANDOWNER_CURRENT_PLANNER,EL,,no,no,yes,yes,OK,LIVE_AND_DATABASE,BOTH_BLANK,LIVE_DWR_NO_QUOTA_PUBLISHED,"Beaver, East",Elk,Bull,Archery,Limited Entry - Private Land Only,,,,,,,no,no,no,no,,,,NO_PERMIT_VALUE,NONE,,NO_CURRENT_PERMIT_VALUE_FOUND,https://dwrapps.utah.gov/huntboundary/HuntTableData?species=Elk&gender=Bull
EL3002,SEPARATE_PRIVATE_LAND_LANDOWNER_LAYER,CLOSED_SEPARATE_LAYER,no,Current Hunt Planner private-land/landowner family; separate from comparable BIBLE draw-results core.,LIVE_2026_NOT_IN_2025_BIBLE,PRIVATE_LAND_OR_LANDOWNER_CURRENT_PLANNER,EL,,no,no,yes,yes,OK,LIVE_AND_DATABASE,BOTH_BLANK,LIVE_DWR_NO_QUOTA_PUBLISHED,"Book Cliffs, Little Creek Roadless",Elk,Bull,Archery,Limited Entry - Private Land Only,,,,,,,no,no,no,no,,,,NO_PERMIT_VALUE,NONE,,NO_CURRENT_PERMIT_VALUE_FOUND,https://dwrapps.utah.gov/huntboundary/HuntTableData?species=Elk&gender=Bull
EL3003,SEPARATE_PRIVATE_LAND_LANDOWNER_LAYER,CLOSED_SEPARATE_LAYER,no,Current Hunt Planner private-land/landowner family; separate from comparable BIBLE draw-results core.,LIVE_2026_NOT_IN_2025_BIBLE,PRIVATE_LAND_OR_LANDOWNER_CURRENT_PLANNER,EL,,no,no,yes,yes,OK,LIVE_AND_DATABASE,BOTH_BLANK,LIVE_DWR_NO_QUOTA_PUBLISHED,"Cache, Meadowville",Elk,Bull,Archery,Limited Entry - Private Land Only,,,,,,,no,no,no,no,,,,NO_PERMIT_VALUE,NONE,,NO_CURRENT_PERMIT_VALUE_FOUND,https://dwrapps.utah.gov/huntboundary/HuntTableData?species=Elk&gender=Bull
EL3005,SEPARATE_PRIVATE_LAND_LANDOWNER_LAYER,CLOSED_SEPARATE_LAYER,no,Current Hunt Planner private-land/landowner family; separate from comparable BIBLE draw-results core.,LIVE_2026_NOT_IN_2025_BIBLE,PRIVATE_LAND_OR_LANDOWNER_CURRENT_PLANNER,EL,,no,no,yes,yes,OK,LIVE_AND_DATABASE,BOTH_BLANK,LIVE_DWR_NO_QUOTA_PUBLISHED,"Cache, South",Elk,Bull,Archery,Limited Entry - Private Land Only,,,,,,,no,no,no,no,,,,NO_PERMIT_VALUE,NONE,,NO_CURRENT_PERMIT_VALUE_FOUND,https://dwrapps.utah.gov/huntboundary/HuntTableData?species=Elk&gender=Bull
EL3006,SEPARATE_PRIVATE_LAND_LANDOWNER_LAYER,CLOSED_SEPARATE_LAYER,no,Current Hunt Planner private-land/landowner family; separate from comparable BIBLE draw-results core.,LIVE_2026_NOT_IN_2025_BIBLE,PRIVATE_LAND_OR_LANDOWNER_CURRENT_PLANNER,EL,,no,no,yes,yes,OK,LIVE_AND_DATABASE,BOTH_BLANK,LIVE_DWR_NO_QUOTA_PUBLISHED,Manti,Elk,Bull,Archery,Limited Entry - Private Land Only,,,,,,,no,no,no,no,,,,NO_PERMIT_VALUE,NONE,,NO_CURRENT_PERMIT_VALUE_FOUND,https://dwrapps.utah.gov/huntboundary/HuntTableData?species=Elk&gender=Bull
EL3008,SEPARATE_PRIVATE_LAND_LANDOWNER_LAYER,CLOSED_SEPARATE_LAYER,no,Current Hunt Planner private-land/landowner family; separate from comparable BIBLE draw-results core.,LIVE_2026_NOT_IN_2025_BIBLE,PRIVATE_LAND_OR_LANDOWNER_CURRENT_PLANNER,EL,,no,no,yes,yes,OK,LIVE_AND_DATABASE,BOTH_BLANK,LIVE_DWR_NO_QUOTA_PUBLISHED,"Fillmore, Pahvant",Elk,Bull,Archery,Limited Entry - Private Land Only,,,,,,,no,no,no,no,,,,NO_PERMIT_VALUE,NONE,,NO_CURRENT_PERMIT_VALUE_FOUND,https://dwrapps.utah.gov/huntboundary/HuntTableData?species=Elk&gender=Bull
EL3009,SEPARATE_PRIVATE_LAND_LANDOWNER_LAYER,CLOSED_SEPARATE_LAYER,no,Current Hunt Planner private-land/landowner family; separate from comparable BIBLE draw-results core.,LIVE_2026_NOT_IN_2025_BIBLE,PRIVATE_LAND_OR_LANDOWNER_CURRENT_PLANNER,EL,,no,no,yes,yes,OK,LIVE_AND_DATABASE,BOTH_BLANK,LIVE_DWR_NO_QUOTA_PUBLISHED,"La Sal, La Sal Mtns",Elk,Bull,Archery,Limited Entry - Private Land Only,,,,,,,no,no,no,no,,,,NO_PERMIT_VALUE,NONE,,NO_CURRENT_PERMIT_VALUE_FOUND,https://dwrapps.utah.gov/huntboundary/HuntTableData?species=Elk&gender=Bull
EL3010,SEPARATE_PRIVATE_LAND_LANDOWNER_LAYER,CLOSED_SEPARATE_LAYER,no,Current Hunt Planner private-land/landowner family; separate from comparable BIBLE draw-results core.,LIVE_2026_NOT_IN_2025_BIBLE,PRIVATE_LAND_OR_LANDOWNER_CURRENT_PLANNER,EL,,no,no,yes,yes,OK,LIVE_AND_DATABASE,BOTH_BLANK,LIVE_DWR_NO_QUOTA_PUBLISHED,Monroe,Elk,Bull,Archery,Limited Entry - Private Land Only,,,,,,,no,no,no,no,,,,NO_PERMIT_VALUE,NONE,,NO_CURRENT_PERMIT_VALUE_FOUND,https://dwrapps.utah.gov/huntboundary/HuntTableData?species=Elk&gender=Bull
EL3011,SEPARATE_PRIVATE_LAND_LANDOWNER_LAYER,CLOSED_SEPARATE_LAYER,no,Current Hunt Planner private-land/landowner family; separate from comparable BIBLE draw-results core.,LIVE_2026_NOT_IN_2025_BIBLE,PRIVATE_LAND_OR_LANDOWNER_CURRENT_PLANNER,EL,,no,no,yes,yes,OK,LIVE_AND_DATABASE,BOTH_BLANK,LIVE_DWR_NO_QUOTA_PUBLISHED,Mt Dutton,Elk,Bull,Archery,Limited Entry - Private Land Only,,,,,,,no,no,no,no,,,,NO_PERMIT_VALUE,NONE,,NO_CURRENT_PERMIT_VALUE_FOUND,https://dwrapps.utah.gov/huntboundary/HuntTableData?species=Elk&gender=Bull
EL3013,SEPARATE_PRIVATE_LAND_LANDOWNER_LAYER,CLOSED_SEPARATE_LAYER,no,Current Hunt Planner private-land/landowner family; separate from comparable BIBLE draw-results core.,LIVE_2026_NOT_IN_2025_BIBLE,PRIVATE_LAND_OR_LANDOWNER_CURRENT_PLANNER,EL,,no,no,yes,yes,OK,LIVE_AND_DATABASE,BOTH_BLANK,LIVE_DWR_NO_QUOTA_PUBLISHED,"North Slope, Three Corners",Elk,Bull,Archery,Limited Entry - Private Land Only,,,,,,,no,no,no,no,,,,NO_PERMIT_VALUE,NONE,,NO_CURRENT_PERMIT_VALUE_FOUND,https://dwrapps.utah.gov/huntboundary/HuntTableData?species=Elk&gender=Bull
EL3015,SEPARATE_PRIVATE_LAND_LANDOWNER_LAYER,CLOSED_SEPARATE_LAYER,no,Current Hunt Planner private-land/landowner family; separate from comparable BIBLE draw-results core.,LIVE_2026_NOT_IN_2025_BIBLE,PRIVATE_LAND_OR_LANDOWNER_CURRENT_PLANNER,EL,,no,no,yes,yes,OK,LIVE_AND_DATABASE,BOTH_BLANK,LIVE_DWR_NO_QUOTA_PUBLISHED,Panguitch Lake,Elk,Bull,Archery,Limited Entry - Private Land Only,,,,,,,no,no,no,no,,,,NO_PERMIT_VALUE,NONE,,NO_CURRENT_PERMIT_VALUE_FOUND,https://dwrapps.utah.gov/huntboundary/HuntTableData?species=Elk&gender=Bull
EL3018,SEPARATE_PRIVATE_LAND_LANDOWNER_LAYER,CLOSED_SEPARATE_LAYER,no,Current Hunt Planner private-land/landowner family; separate from comparable BIBLE draw-results core.,LIVE_2026_NOT_IN_2025_BIBLE,PRIVATE_LAND_OR_LANDOWNER_CURRENT_PLANNER,EL,,no,no,yes,yes,OK,LIVE_AND_DATABASE,BOTH_BLANK,LIVE_DWR_NO_QUOTA_PUBLISHED,Fishlake/Thousand Lakes,Elk,Bull,Archery,Limited Entry - Private Land Only,,,,,,,no,no,no,no,,,,NO_PERMIT_VALUE,NONE,,NO_CURRENT_PERMIT_VALUE_FOUND,https://dwrapps.utah.gov/huntboundary/HuntTableData?species=Elk&gender=Bull
EL3019,SEPARATE_PRIVATE_LAND_LANDOWNER_LAYER,CLOSED_SEPARATE_LAYER,no,Current Hunt Planner private-land/landowner family; separate from comparable BIBLE draw-results core.,LIVE_2026_NOT_IN_2025_BIBLE,PRIVATE_LAND_OR_LANDOWNER_CURRENT_PLANNER,EL,,no,no,yes,yes,OK,LIVE_AND_DATABASE,BOTH_BLANK,LIVE_DWR_NO_QUOTA_PUBLISHED,San Juan Bull Elk,Elk,Bull,Archery,Limited Entry - Private Land Only,,,,,,,no,no,no,no,,,,NO_PERMIT_VALUE,NONE,,NO_CURRENT_PERMIT_VALUE_FOUND,https://dwrapps.utah.gov/huntboundary/HuntTableData?species=Elk&gender=Bull
EL3020,SEPARATE_PRIVATE_LAND_LANDOWNER_LAYER,CLOSED_SEPARATE_LAYER,no,Current Hunt Planner private-land/landowner family; separate from comparable BIBLE draw-results core.,LIVE_2026_NOT_IN_2025_BIBLE,PRIVATE_LAND_OR_LANDOWNER_CURRENT_PLANNER,EL,,no,no,yes,yes,OK,LIVE_AND_DATABASE,BOTH_BLANK,LIVE_DWR_NO_QUOTA_PUBLISHED,Diamond Mtn,Elk,Bull,Archery,Limited Entry - Private Land Only,,,,,,,no,no,no,no,,,,NO_PERMIT_VALUE,NONE,,NO_CURRENT_PERMIT_VALUE_FOUND,https://dwrapps.utah.gov/huntboundary/HuntTableData?species=Elk&gender=Bull
EL3022,SEPARATE_PRIVATE_LAND_LANDOWNER_LAYER,CLOSED_SEPARATE_LAYER,no,Current Hunt Planner private-land/landowner family; separate from comparable BIBLE draw-results core.,LIVE_2026_NOT_IN_2025_BIBLE,PRIVATE_LAND_OR_LANDOWNER_CURRENT_PLANNER,EL,,no,no,yes,yes,OK,LIVE_AND_DATABASE,BOTH_BLANK,LIVE_DWR_NO_QUOTA_PUBLISHED,Wasatch Mtns,Elk,Bull,Archery,Limited Entry - Private Land Only,,,,,,,no,no,no,no,,,,NO_PERMIT_VALUE,NONE,,NO_CURRENT_PERMIT_VALUE_FOUND,https://dwrapps.utah.gov/huntboundary/HuntTableData?species=Elk&gender=Bull
EL3024,SEPARATE_PRIVATE_LAND_LANDOWNER_LAYER,CLOSED_SEPARATE_LAYER,no,Current Hunt Planner private-land/landowner family; separate from comparable BIBLE draw-results core.,LIVE_2026_NOT_IN_2025_BIBLE,PRIVATE_LAND_OR_LANDOWNER_CURRENT_PLANNER,EL,,no,no,yes,yes,OK,LIVE_AND_DATABASE,BOTH_BLANK,LIVE_DWR_NO_QUOTA_PUBLISHED,"Beaver, East",Elk,Bull,Any Legal Weapon,Limited Entry - Private Land Only,,,,,,,no,no,no,no,,,,NO_PERMIT_VALUE,NONE,,NO_CURRENT_PERMIT_VALUE_FOUND,https://dwrapps.utah.gov/huntboundary/HuntTableData?species=Elk&gender=Bull
EL3025,SEPARATE_PRIVATE_LAND_LANDOWNER_LAYER,CLOSED_SEPARATE_LAYER,no,Current Hunt Planner private-land/landowner family; separate from comparable BIBLE draw-results core.,LIVE_2026_NOT_IN_2025_BIBLE,PRIVATE_LAND_OR_LANDOWNER_CURRENT_PLANNER,EL,,no,no,yes,yes,OK,LIVE_AND_DATABASE,BOTH_BLANK,LIVE_DWR_NO_QUOTA_PUBLISHED,"Beaver, East",Elk,Bull,Any Legal Weapon,Limited Entry - Private Land Only,,,,,,,no,no,no,no,,,,NO_PERMIT_VALUE,NONE,,NO_CURRENT_PERMIT_VALUE_FOUND,https://dwrapps.utah.gov/huntboundary/HuntTableData?species=Elk&gender=Bull
EL3028,SEPARATE_PRIVATE_LAND_LANDOWNER_LAYER,CLOSED_SEPARATE_LAYER,no,Current Hunt Planner private-land/landowner family; separate from comparable BIBLE draw-results core.,LIVE_2026_NOT_IN_2025_BIBLE,PRIVATE_LAND_OR_LANDOWNER_CURRENT_PLANNER,EL,,no,no,yes,yes,OK,LIVE_AND_DATABASE,BOTH_BLANK,LIVE_DWR_NO_QUOTA_PUBLISHED,"Book Cliffs, Little Creek Roadless",Elk,Bull,Any Legal Weapon,Limited Entry - Private Land Only,,,,,,,no,no,no,no,,,,NO_PERMIT_VALUE,NONE,,NO_CURRENT_PERMIT_VALUE_FOUND,https://dwrapps.utah.gov/huntboundary/HuntTableData?species=Elk&gender=Bull
EL3031,SEPARATE_PRIVATE_LAND_LANDOWNER_LAYER,CLOSED_SEPARATE_LAYER,no,Current Hunt Planner private-land/landowner family; separate from comparable BIBLE draw-results core.,LIVE_2026_NOT_IN_2025_BIBLE,PRIVATE_LAND_OR_LANDOWNER_CURRENT_PLANNER,EL,,no,no,yes,yes,OK,LIVE_AND_DATABASE,BOTH_BLANK,LIVE_DWR_NO_QUOTA_PUBLISHED,"Box Elder, Pilot Mtn",Elk,Bull,Any Legal Weapon,Limited Entry - Private Land Only,,,,,,,no,no,no,no,,,,NO_PERMIT_VALUE,NONE,,NO_CURRENT_PERMIT_VALUE_FOUND,https://dwrapps.utah.gov/huntboundary/HuntTableData?species=Elk&gender=Bull
EL3032,SEPARATE_PRIVATE_LAND_LANDOWNER_LAYER,CLOSED_SEPARATE_LAYER,no,Current Hunt Planner private-land/landowner family; separate from comparable BIBLE draw-results core.,LIVE_2026_NOT_IN_2025_BIBLE,PRIVATE_LAND_OR_LANDOWNER_CURRENT_PLANNER,EL,,no,no,yes,yes,OK,LIVE_AND_DATABASE,BOTH_BLANK,LIVE_DWR_NO_QUOTA_PUBLISHED,"Cache, Meadowville",Elk,Bull,Any Legal Weapon,Limited Entry - Private Land Only,,,,,,,no,no,no,no,,,,NO_PERMIT_VALUE,NONE,,NO_CURRENT_PERMIT_VALUE_FOUND,https://dwrapps.utah.gov/huntboundary/HuntTableData?species=Elk&gender=Bull
EL3033,SEPARATE_PRIVATE_LAND_LANDOWNER_LAYER,CLOSED_SEPARATE_LAYER,no,Current Hunt Planner private-land/landowner family; separate from comparable BIBLE draw-results core.,LIVE_2026_NOT_IN_2025_BIBLE,PRIVATE_LAND_OR_LANDOWNER_CURRENT_PLANNER,EL,,no,no,yes,yes,OK,LIVE_AND_DATABASE,BOTH_BLANK,LIVE_DWR_NO_QUOTA_PUBLISHED,"Cache, Meadowville",Elk,Bull,Any Legal Weapon,Limited Entry - Private Land Only,,,,,,,no,no,no,no,,,,NO_PERMIT_VALUE,NONE,,NO_CURRENT_PERMIT_VALUE_FOUND,https://dwrapps.utah.gov/huntboundary/HuntTableData?species=Elk&gender=Bull
EL3036,SEPARATE_PRIVATE_LAND_LANDOWNER_LAYER,CLOSED_SEPARATE_LAYER,no,Current Hunt Planner private-land/landowner family; separate from comparable BIBLE draw-results core.,LIVE_2026_NOT_IN_2025_BIBLE,PRIVATE_LAND_OR_LANDOWNER_CURRENT_PLANNER,EL,,no,no,yes,yes,OK,LIVE_AND_DATABASE,BOTH_BLANK,LIVE_DWR_NO_QUOTA_PUBLISHED,"Cache, South",Elk,Bull,Any Legal Weapon,Limited Entry - Private Land Only,,,,,,,no,no,no,no,,,,NO_PERMIT_VALUE,NONE,,NO_CURRENT_PERMIT_VALUE_FOUND,https://dwrapps.utah.gov/huntboundary/HuntTableData?species=Elk&gender=Bull
EL3037,SEPARATE_PRIVATE_LAND_LANDOWNER_LAYER,CLOSED_SEPARATE_LAYER,no,Current Hunt Planner private-land/landowner family; separate from comparable BIBLE draw-results core.,LIVE_2026_NOT_IN_2025_BIBLE,PRIVATE_LAND_OR_LANDOWNER_CURRENT_PLANNER,EL,,no,no,yes,yes,OK,LIVE_AND_DATABASE,BOTH_BLANK,LIVE_DWR_NO_QUOTA_PUBLISHED,"Cache, South",Elk,Bull,Any Legal Weapon,Limited Entry - Private Land Only,,,,,,,no,no,no,no,,,,NO_PERMIT_VALUE,NONE,,NO_CURRENT_PERMIT_VALUE_FOUND,https://dwrapps.utah.gov/huntboundary/HuntTableData?species=Elk&gender=Bull
EL3038,SEPARATE_PRIVATE_LAND_LANDOWNER_LAYER,CLOSED_SEPARATE_LAYER,no,Current Hunt Planner private-land/landowner family; separate from comparable BIBLE draw-results core.,LIVE_2026_NOT_IN_2025_BIBLE,PRIVATE_LAND_OR_LANDOWNER_CURRENT_PLANNER,EL,,no,no,yes,yes,OK,LIVE_AND_DATABASE,BOTH_BLANK,LIVE_DWR_NO_QUOTA_PUBLISHED,Manti,Elk,Bull,Any Legal Weapon,Limited Entry - Private Land Only,,,,,,,no,no,no,no,,,,NO_PERMIT_VALUE,NONE,,NO_CURRENT_PERMIT_VALUE_FOUND,https://dwrapps.utah.gov/huntboundary/HuntTableData?species=Elk&gender=Bull
EL3039,SEPARATE_PRIVATE_LAND_LANDOWNER_LAYER,CLOSED_SEPARATE_LAYER,no,Current Hunt Planner private-land/landowner family; separate from comparable BIBLE draw-results core.,LIVE_2026_NOT_IN_2025_BIBLE,PRIVATE_LAND_OR_LANDOWNER_CURRENT_PLANNER,EL,,no,no,yes,yes,OK,LIVE_AND_DATABASE,BOTH_BLANK,LIVE_DWR_NO_QUOTA_PUBLISHED,Manti,Elk,Bull,Any Legal Weapon,Limited Entry - Private Land Only,,,,,,,no,no,no,no,,,,NO_PERMIT_VALUE,NONE,,NO_CURRENT_PERMIT_VALUE_FOUND,https://dwrapps.utah.gov/huntboundary/HuntTableData?species=Elk&gender=Bull
EL3042,SEPARATE_PRIVATE_LAND_LANDOWNER_LAYER,CLOSED_SEPARATE_LAYER,no,Current Hunt Planner private-land/landowner family; separate from comparable BIBLE draw-results core.,LIVE_2026_NOT_IN_2025_BIBLE,PRIVATE_LAND_OR_LANDOWNER_CURRENT_PLANNER,EL,,no,no,yes,yes,OK,LIVE_AND_DATABASE,BOTH_BLANK,LIVE_DWR_NO_QUOTA_PUBLISHED,"Fillmore, Pahvant",Elk,Bull,Any Legal Weapon,Limited Entry - Private Land Only,,,,,,,no,no,no,no,,,,NO_PERMIT_VALUE,NONE,,NO_CURRENT_PERMIT_VALUE_FOUND,https://dwrapps.utah.gov/huntboundary/HuntTableData?species=Elk&gender=Bull
EL3043,SEPARATE_PRIVATE_LAND_LANDOWNER_LAYER,CLOSED_SEPARATE_LAYER,no,Current Hunt Planner private-land/landowner family; separate from comparable BIBLE draw-results core.,LIVE_2026_NOT_IN_2025_BIBLE,PRIVATE_LAND_OR_LANDOWNER_CURRENT_PLANNER,EL,,no,no,yes,yes,OK,LIVE_AND_DATABASE,BOTH_BLANK,LIVE_DWR_NO_QUOTA_PUBLISHED,"Fillmore, Pahvant",Elk,Bull,Any Legal Weapon,Limited Entry - Private Land Only,,,,,,,no,no,no,no,,,,NO_PERMIT_VALUE,NONE,,NO_CURRENT_PERMIT_VALUE_FOUND,https://dwrapps.utah.gov/huntboundary/HuntTableData?species=Elk&gender=Bull
EL3044,SEPARATE_PRIVATE_LAND_LANDOWNER_LAYER,CLOSED_SEPARATE_LAYER,no,Current Hunt Planner private-land/landowner family; separate from comparable BIBLE draw-results core.,LIVE_2026_NOT_IN_2025_BIBLE,PRIVATE_LAND_OR_LANDOWNER_CURRENT_PLANNER,EL,,no,no,yes,yes,OK,LIVE_AND_DATABASE,BOTH_BLANK,LIVE_DWR_NO_QUOTA_PUBLISHED,"La Sal, Dolores Triangle",Elk,Bull,Any Legal Weapon,Limited Entry - Private Land Only,,,,,,,no,no,no,no,,,,NO_PERMIT_VALUE,NONE,,NO_CURRENT_PERMIT_VALUE_FOUND,https://dwrapps.utah.gov/huntboundary/HuntTableData?species=Elk&gender=Bull
EL3045,SEPARATE_PRIVATE_LAND_LANDOWNER_LAYER,CLOSED_SEPARATE_LAYER,no,Current Hunt Planner private-land/landowner family; separate from comparable BIBLE draw-results core.,LIVE_2026_NOT_IN_2025_BIBLE,PRIVATE_LAND_OR_LANDOWNER_CURRENT_PLANNER,EL,,no,no,yes,yes,OK,LIVE_AND_DATABASE,BOTH_BLANK,LIVE_DWR_NO_QUOTA_PUBLISHED,"La Sal, La Sal Mtns",Elk,Bull,Any Legal Weapon,Limited Entry - Private Land Only,,,,,,,no,no,no,no,,,,NO_PERMIT_VALUE,NONE,,NO_CURRENT_PERMIT_VALUE_FOUND,https://dwrapps.utah.gov/huntboundary/HuntTableData?species=Elk&gender=Bull
EL3046,SEPARATE_PRIVATE_LAND_LANDOWNER_LAYER,CLOSED_SEPARATE_LAYER,no,Current Hunt Planner private-land/landowner family; separate from comparable BIBLE draw-results core.,LIVE_2026_NOT_IN_2025_BIBLE,PRIVATE_LAND_OR_LANDOWNER_CURRENT_PLANNER,EL,,no,no,yes,yes,OK,LIVE_AND_DATABASE,BOTH_BLANK,LIVE_DWR_NO_QUOTA_PUBLISHED,"La Sal, La Sal Mtns",Elk,Bull,Any Legal Weapon,Limited Entry - Private Land Only,,,,,,,no,no,no,no,,,,NO_PERMIT_VALUE,NONE,,NO_CURRENT_PERMIT_VALUE_FOUND,https://dwrapps.utah.gov/huntboundary/HuntTableData?species=Elk&gender=Bull
EL3047,SEPARATE_PRIVATE_LAND_LANDOWNER_LAYER,CLOSED_SEPARATE_LAYER,no,Current Hunt Planner private-land/landowner family; separate from comparable BIBLE draw-results core.,LIVE_2026_NOT_IN_2025_BIBLE,PRIVATE_LAND_OR_LANDOWNER_CURRENT_PLANNER,EL,,no,no,yes,yes,OK,LIVE_AND_DATABASE,BOTH_BLANK,LIVE_DWR_NO_QUOTA_PUBLISHED,Monroe,Elk,Bull,Any Legal Weapon,Limited Entry - Private Land Only,,,,,,,no,no,no,no,,,,NO_PERMIT_VALUE,NONE,,NO_CURRENT_PERMIT_VALUE_FOUND,https://dwrapps.utah.gov/huntboundary/HuntTableData?species=Elk&gender=Bull
EL3048,SEPARATE_PRIVATE_LAND_LANDOWNER_LAYER,CLOSED_SEPARATE_LAYER,no,Current Hunt Planner private-land/landowner family; separate from comparable BIBLE draw-results core.,LIVE_2026_NOT_IN_2025_BIBLE,PRIVATE_LAND_OR_LANDOWNER_CURRENT_PLANNER,EL,,no,no,yes,yes,OK,LIVE_AND_DATABASE,BOTH_BLANK,LIVE_DWR_NO_QUOTA_PUBLISHED,Monroe,Elk,Bull,Any Legal Weapon,Limited Entry - Private Land Only,,,,,,,no,no,no,no,,,,NO_PERMIT_VALUE,NONE,,NO_CURRENT_PERMIT_VALUE_FOUND,https://dwrapps.utah.gov/huntboundary/HuntTableData?species=Elk&gender=Bull
EL3049,SEPARATE_PRIVATE_LAND_LANDOWNER_LAYER,CLOSED_SEPARATE_LAYER,no,Current Hunt Planner private-land/landowner family; separate from comparable BIBLE draw-results core.,LIVE_2026_NOT_IN_2025_BIBLE,PRIVATE_LAND_OR_LANDOWNER_CURRENT_PLANNER,EL,,no,no,yes,yes,OK,LIVE_AND_DATABASE,BOTH_BLANK,LIVE_DWR_NO_QUOTA_PUBLISHED,Mt Dutton,Elk,Bull,Any Legal Weapon,Limited Entry - Private Land Only,,,,,,,no,no,no,no,,,,NO_PERMIT_VALUE,NONE,,NO_CURRENT_PERMIT_VALUE_FOUND,https://dwrapps.utah.gov/huntboundary/HuntTableData?species=Elk&gender=Bull
EL3050,SEPARATE_PRIVATE_LAND_LANDOWNER_LAYER,CLOSED_SEPARATE_LAYER,no,Current Hunt Planner private-land/landowner family; separate from comparable BIBLE draw-results core.,LIVE_2026_NOT_IN_2025_BIBLE,PRIVATE_LAND_OR_LANDOWNER_CURRENT_PLANNER,EL,,no,no,yes,yes,OK,LIVE_AND_DATABASE,BOTH_BLANK,LIVE_DWR_NO_QUOTA_PUBLISHED,Mt Dutton,Elk,Bull,Any Legal Weapon,Limited Entry - Private Land Only,,,,,,,no,no,no,no,,,,NO_PERMIT_VALUE,NONE,,NO_CURRENT_PERMIT_VALUE_FOUND,https://dwrapps.utah.gov/huntboundary/HuntTableData?species=Elk&gender=Bull
EL3053,SEPARATE_PRIVATE_LAND_LANDOWNER_LAYER,CLOSED_SEPARATE_LAYER,no,Current Hunt Planner private-land/landowner family; separate from comparable BIBLE draw-results core.,LIVE_2026_NOT_IN_2025_BIBLE,PRIVATE_LAND_OR_LANDOWNER_CURRENT_PLANNER,EL,,no,no,yes,yes,OK,LIVE_AND_DATABASE,BOTH_BLANK,LIVE_DWR_NO_QUOTA_PUBLISHED,"North Slope, Three Corners",Elk,Bull,Any Legal Weapon,Limited Entry - Private Land Only,,,,,,,no,no,no,no,,,,NO_PERMIT_VALUE,NONE,,NO_CURRENT_PERMIT_VALUE_FOUND,https://dwrapps.utah.gov/huntboundary/HuntTableData?species=Elk&gender=Bull
EL3056,SEPARATE_PRIVATE_LAND_LANDOWNER_LAYER,CLOSED_SEPARATE_LAYER,no,Current Hunt Planner private-land/landowner family; separate from comparable BIBLE draw-results core.,LIVE_2026_NOT_IN_2025_BIBLE,PRIVATE_LAND_OR_LANDOWNER_CURRENT_PLANNER,EL,,no,no,yes,yes,OK,LIVE_AND_DATABASE,BOTH_BLANK,LIVE_DWR_NO_QUOTA_PUBLISHED,Panguitch Lake,Elk,Bull,Any Legal Weapon,Limited Entry - Private Land Only,,,,,,,no,no,no,no,,,,NO_PERMIT_VALUE,NONE,,NO_CURRENT_PERMIT_VALUE_FOUND,https://dwrapps.utah.gov/huntboundary/HuntTableData?species=Elk&gender=Bull
EL3057,SEPARATE_PRIVATE_LAND_LANDOWNER_LAYER,CLOSED_SEPARATE_LAYER,no,Current Hunt Planner private-land/landowner family; separate from comparable BIBLE draw-results core.,LIVE_2026_NOT_IN_2025_BIBLE,PRIVATE_LAND_OR_LANDOWNER_CURRENT_PLANNER,EL,,no,no,yes,yes,OK,LIVE_AND_DATABASE,BOTH_BLANK,LIVE_DWR_NO_QUOTA_PUBLISHED,Panguitch Lake,Elk,Bull,Any Legal Weapon,Limited Entry - Private Land Only,,,,,,,no,no,no,no,,,,NO_PERMIT_VALUE,NONE,,NO_CURRENT_PERMIT_VALUE_FOUND,https://dwrapps.utah.gov/huntboundary/HuntTableData?species=Elk&gender=Bull
EL3063,SEPARATE_PRIVATE_LAND_LANDOWNER_LAYER,CLOSED_SEPARATE_LAYER,no,Current Hunt Planner private-land/landowner family; separate from comparable BIBLE draw-results core.,LIVE_2026_NOT_IN_2025_BIBLE,PRIVATE_LAND_OR_LANDOWNER_CURRENT_PLANNER,EL,,no,no,yes,yes,OK,LIVE_AND_DATABASE,BOTH_BLANK,LIVE_DWR_NO_QUOTA_PUBLISHED,Fishlake/Thousand Lakes,Elk,Bull,Any Legal Weapon,Limited Entry - Private Land Only,,,,,,,no,no,no,no,,,,NO_PERMIT_VALUE,NONE,,NO_CURRENT_PERMIT_VALUE_FOUND,https://dwrapps.utah.gov/huntboundary/HuntTableData?species=Elk&gender=Bull
EL3064,SEPARATE_PRIVATE_LAND_LANDOWNER_LAYER,CLOSED_SEPARATE_LAYER,no,Current Hunt Planner private-land/landowner family; separate from comparable BIBLE draw-results core.,LIVE_2026_NOT_IN_2025_BIBLE,PRIVATE_LAND_OR_LANDOWNER_CURRENT_PLANNER,EL,,no,no,yes,yes,OK,LIVE_AND_DATABASE,BOTH_BLANK,LIVE_DWR_NO_QUOTA_PUBLISHED,Fishlake/Thousand Lakes,Elk,Bull,Any Legal Weapon,Limited Entry - Private Land Only,,,,,,,no,no,no,no,,,,NO_PERMIT_VALUE,NONE,,NO_CURRENT_PERMIT_VALUE_FOUND,https://dwrapps.utah.gov/huntboundary/HuntTableData?species=Elk&gender=Bull
EL3065,SEPARATE_PRIVATE_LAND_LANDOWNER_LAYER,CLOSED_SEPARATE_LAYER,no,Current Hunt Planner private-land/landowner family; separate from comparable BIBLE draw-results core.,LIVE_2026_NOT_IN_2025_BIBLE,PRIVATE_LAND_OR_LANDOWNER_CURRENT_PLANNER,EL,,no,no,yes,yes,OK,LIVE_AND_DATABASE,BOTH_BLANK,LIVE_DWR_NO_QUOTA_PUBLISHED,Fishlake/Thousand Lakes,Elk,Bull,Any Legal Weapon,Limited Entry - Private Land Only,,,,,,,no,no,no,no,,,,NO_PERMIT_VALUE,NONE,,NO_CURRENT_PERMIT_VALUE_FOUND,https://dwrapps.utah.gov/huntboundary/HuntTableData?species=Elk&gender=Bull
EL3066,SEPARATE_PRIVATE_LAND_LANDOWNER_LAYER,CLOSED_SEPARATE_LAYER,no,Current Hunt Planner private-land/landowner family; separate from comparable BIBLE draw-results core.,LIVE_2026_NOT_IN_2025_BIBLE,PRIVATE_LAND_OR_LANDOWNER_CURRENT_PLANNER,EL,,no,no,yes,yes,OK,LIVE_AND_DATABASE,BOTH_BLANK,LIVE_DWR_NO_QUOTA_PUBLISHED,San Juan Bull Elk,Elk,Bull,Any Legal Weapon,Limited Entry - Private Land Only,,,,,,,no,no,no,no,,,,NO_PERMIT_VALUE,NONE,,NO_CURRENT_PERMIT_VALUE_FOUND,https://dwrapps.utah.gov/huntboundary/HuntTableData?species=Elk&gender=Bull
EL3067,SEPARATE_PRIVATE_LAND_LANDOWNER_LAYER,CLOSED_SEPARATE_LAYER,no,Current Hunt Planner private-land/landowner family; separate from comparable BIBLE draw-results core.,LIVE_2026_NOT_IN_2025_BIBLE,PRIVATE_LAND_OR_LANDOWNER_CURRENT_PLANNER,EL,,no,no,yes,yes,OK,LIVE_AND_DATABASE,BOTH_BLANK,LIVE_DWR_NO_QUOTA_PUBLISHED,San Juan Bull Elk,Elk,Bull,Any Legal Weapon,Limited Entry - Private Land Only,,,,,,,no,no,no,no,,,,NO_PERMIT_VALUE,NONE,,NO_CURRENT_PERMIT_VALUE_FOUND,https://dwrapps.utah.gov/huntboundary/HuntTableData?species=Elk&gender=Bull
EL3068,SEPARATE_PRIVATE_LAND_LANDOWNER_LAYER,CLOSED_SEPARATE_LAYER,no,Current Hunt Planner private-land/landowner family; separate from comparable BIBLE draw-results core.,LIVE_2026_NOT_IN_2025_BIBLE,PRIVATE_LAND_OR_LANDOWNER_CURRENT_PLANNER,EL,,no,no,yes,yes,OK,LIVE_AND_DATABASE,BOTH_BLANK,LIVE_DWR_NO_QUOTA_PUBLISHED,Diamond Mtn,Elk,Bull,Any Legal Weapon,Limited Entry - Private Land Only,,,,,,,no,no,no,no,,,,NO_PERMIT_VALUE,NONE,,NO_CURRENT_PERMIT_VALUE_FOUND,https://dwrapps.utah.gov/huntboundary/HuntTableData?species=Elk&gender=Bull
EL3069,SEPARATE_PRIVATE_LAND_LANDOWNER_LAYER,CLOSED_SEPARATE_LAYER,no,Current Hunt Planner private-land/landowner family; separate from comparable BIBLE draw-results core.,LIVE_2026_NOT_IN_2025_BIBLE,PRIVATE_LAND_OR_LANDOWNER_CURRENT_PLANNER,EL,,no,no,yes,yes,OK,LIVE_AND_DATABASE,BOTH_BLANK,LIVE_DWR_NO_QUOTA_PUBLISHED,Diamond Mtn,Elk,Bull,Any Legal Weapon,Limited Entry - Private Land Only,,,,,,,no,no,no,no,,,,NO_PERMIT_VALUE,NONE,,NO_CURRENT_PERMIT_VALUE_FOUND,https://dwrapps.utah.gov/huntboundary/HuntTableData?species=Elk&gender=Bull
EL3072,SEPARATE_PRIVATE_LAND_LANDOWNER_LAYER,CLOSED_SEPARATE_LAYER,no,Current Hunt Planner private-land/landowner family; separate from comparable BIBLE draw-results core.,LIVE_2026_NOT_IN_2025_BIBLE,PRIVATE_LAND_OR_LANDOWNER_CURRENT_PLANNER,EL,,no,no,yes,yes,OK,LIVE_AND_DATABASE,BOTH_BLANK,LIVE_DWR_NO_QUOTA_PUBLISHED,Wasatch Mtns,Elk,Bull,Any Legal Weapon,Limited Entry - Private Land Only,,,,,,,no,no,no,no,,,,NO_PERMIT_VALUE,NONE,,NO_CURRENT_PERMIT_VALUE_FOUND,https://dwrapps.utah.gov/huntboundary/HuntTableData?species=Elk&gender=Bull
EL3073,SEPARATE_PRIVATE_LAND_LANDOWNER_LAYER,CLOSED_SEPARATE_LAYER,no,Current Hunt Planner private-land/landowner family; separate from comparable BIBLE draw-results core.,LIVE_2026_NOT_IN_2025_BIBLE,PRIVATE_LAND_OR_LANDOWNER_CURRENT_PLANNER,EL,,no,no,yes,yes,OK,LIVE_AND_DATABASE,BOTH_BLANK,LIVE_DWR_NO_QUOTA_PUBLISHED,Wasatch Mtns,Elk,Bull,Any Legal Weapon,Limited Entry - Private Land Only,,,,,,,no,no,no,no,,,,NO_PERMIT_VALUE,NONE,,NO_CURRENT_PERMIT_VALUE_FOUND,https://dwrapps.utah.gov/huntboundary/HuntTableData?species=Elk&gender=Bull
EL3077,SEPARATE_PRIVATE_LAND_LANDOWNER_LAYER,CLOSED_SEPARATE_LAYER,no,Current Hunt Planner private-land/landowner family; separate from comparable BIBLE draw-results core.,LIVE_2026_NOT_IN_2025_BIBLE,PRIVATE_LAND_OR_LANDOWNER_CURRENT_PLANNER,EL,,no,no,yes,yes,OK,LIVE_AND_DATABASE,BOTH_BLANK,LIVE_DWR_NO_QUOTA_PUBLISHED,"Beaver, East",Elk,Bull,Muzzleloader,Limited Entry - Private Land Only,,,,,,,no,no,no,no,,,,NO_PERMIT_VALUE,NONE,,NO_CURRENT_PERMIT_VALUE_FOUND,https://dwrapps.utah.gov/huntboundary/HuntTableData?species=Elk&gender=Bull
EL3079,SEPARATE_PRIVATE_LAND_LANDOWNER_LAYER,CLOSED_SEPARATE_LAYER,no,Current Hunt Planner private-land/landowner family; separate from comparable BIBLE draw-results core.,LIVE_2026_NOT_IN_2025_BIBLE,PRIVATE_LAND_OR_LANDOWNER_CURRENT_PLANNER,EL,,no,no,yes,yes,OK,LIVE_AND_DATABASE,BOTH_BLANK,LIVE_DWR_NO_QUOTA_PUBLISHED,"Book Cliffs, Little Creek Roadless",Elk,Bull,Muzzleloader,Limited Entry - Private Land Only,,,,,,,no,no,no,no,,,,NO_PERMIT_VALUE,NONE,,NO_CURRENT_PERMIT_VALUE_FOUND,https://dwrapps.utah.gov/huntboundary/HuntTableData?species=Elk&gender=Bull
EL3081,SEPARATE_PRIVATE_LAND_LANDOWNER_LAYER,CLOSED_SEPARATE_LAYER,no,Current Hunt Planner private-land/landowner family; separate from comparable BIBLE draw-results core.,LIVE_2026_NOT_IN_2025_BIBLE,PRIVATE_LAND_OR_LANDOWNER_CURRENT_PLANNER,EL,,no,no,yes,yes,OK,LIVE_AND_DATABASE,BOTH_BLANK,LIVE_DWR_NO_QUOTA_PUBLISHED,"Cache, Meadowville",Elk,Bull,Muzzleloader,Limited Entry - Private Land Only,,,,,,,no,no,no,no,,,,NO_PERMIT_VALUE,NONE,,NO_CURRENT_PERMIT_VALUE_FOUND,https://dwrapps.utah.gov/huntboundary/HuntTableData?species=Elk&gender=Bull
EL3083,SEPARATE_PRIVATE_LAND_LANDOWNER_LAYER,CLOSED_SEPARATE_LAYER,no,Current Hunt Planner private-land/landowner family; separate from comparable BIBLE draw-results core.,LIVE_2026_NOT_IN_2025_BIBLE,PRIVATE_LAND_OR_LANDOWNER_CURRENT_PLANNER,EL,,no,no,yes,yes,OK,LIVE_AND_DATABASE,BOTH_BLANK,LIVE_DWR_NO_QUOTA_PUBLISHED,"Cache, South",Elk,Bull,Muzzleloader,Limited Entry - Private Land Only,,,,,,,no,no,no,no,,,,NO_PERMIT_VALUE,NONE,,NO_CURRENT_PERMIT_VALUE_FOUND,https://dwrapps.utah.gov/huntboundary/HuntTableData?species=Elk&gender=Bull
EL3084,SEPARATE_PRIVATE_LAND_LANDOWNER_LAYER,CLOSED_SEPARATE_LAYER,no,Current Hunt Planner private-land/landowner family; separate from comparable BIBLE draw-results core.,LIVE_2026_NOT_IN_2025_BIBLE,PRIVATE_LAND_OR_LANDOWNER_CURRENT_PLANNER,EL,,no,no,yes,yes,OK,LIVE_AND_DATABASE,BOTH_BLANK,LIVE_DWR_NO_QUOTA_PUBLISHED,Manti,Elk,Bull,Muzzleloader,Limited Entry - Private Land Only,,,,,,,no,no,no,no,,,,NO_PERMIT_VALUE,NONE,,NO_CURRENT_PERMIT_VALUE_FOUND,https://dwrapps.utah.gov/huntboundary/HuntTableData?species=Elk&gender=Bull
EL3086,SEPARATE_PRIVATE_LAND_LANDOWNER_LAYER,CLOSED_SEPARATE_LAYER,no,Current Hunt Planner private-land/landowner family; separate from comparable BIBLE draw-results core.,LIVE_2026_NOT_IN_2025_BIBLE,PRIVATE_LAND_OR_LANDOWNER_CURRENT_PLANNER,EL,,no,no,yes,yes,OK,LIVE_AND_DATABASE,BOTH_BLANK,LIVE_DWR_NO_QUOTA_PUBLISHED,"Fillmore, Pahvant",Elk,Bull,Muzzleloader,Limited Entry - Private Land Only,,,,,,,no,no,no,no,,,,NO_PERMIT_VALUE,NONE,,NO_CURRENT_PERMIT_VALUE_FOUND,https://dwrapps.utah.gov/huntboundary/HuntTableData?species=Elk&gender=Bull
EL3087,SEPARATE_PRIVATE_LAND_LANDOWNER_LAYER,CLOSED_SEPARATE_LAYER,no,Current Hunt Planner private-land/landowner family; separate from comparable BIBLE draw-results core.,LIVE_2026_NOT_IN_2025_BIBLE,PRIVATE_LAND_OR_LANDOWNER_CURRENT_PLANNER,EL,,no,no,yes,yes,OK,LIVE_AND_DATABASE,BOTH_BLANK,LIVE_DWR_NO_QUOTA_PUBLISHED,"La Sal, La Sal Mtns",Elk,Bull,Muzzleloader,Limited Entry - Private Land Only,,,,,,,no,no,no,no,,,,NO_PERMIT_VALUE,NONE,,NO_CURRENT_PERMIT_VALUE_FOUND,https://dwrapps.utah.gov/huntboundary/HuntTableData?species=Elk&gender=Bull
EL3088,SEPARATE_PRIVATE_LAND_LANDOWNER_LAYER,CLOSED_SEPARATE_LAYER,no,Current Hunt Planner private-land/landowner family; separate from comparable BIBLE draw-results core.,LIVE_2026_NOT_IN_2025_BIBLE,PRIVATE_LAND_OR_LANDOWNER_CURRENT_PLANNER,EL,,no,no,yes,yes,OK,LIVE_AND_DATABASE,BOTH_BLANK,LIVE_DWR_NO_QUOTA_PUBLISHED,Monroe,Elk,Bull,Muzzleloader,Limited Entry - Private Land Only,,,,,,,no,no,no,no,,,,NO_PERMIT_VALUE,NONE,,NO_CURRENT_PERMIT_VALUE_FOUND,https://dwrapps.utah.gov/huntboundary/HuntTableData?species=Elk&gender=Bull
EL3089,SEPARATE_PRIVATE_LAND_LANDOWNER_LAYER,CLOSED_SEPARATE_LAYER,no,Current Hunt Planner private-land/landowner family; separate from comparable BIBLE draw-results core.,LIVE_2026_NOT_IN_2025_BIBLE,PRIVATE_LAND_OR_LANDOWNER_CURRENT_PLANNER,EL,,no,no,yes,yes,OK,LIVE_AND_DATABASE,BOTH_BLANK,LIVE_DWR_NO_QUOTA_PUBLISHED,Mt Dutton,Elk,Bull,Muzzleloader,Limited Entry - Private Land Only,,,,,,,no,no,no,no,,,,NO_PERMIT_VALUE,NONE,,NO_CURRENT_PERMIT_VALUE_FOUND,https://dwrapps.utah.gov/huntboundary/HuntTableData?species=Elk&gender=Bull
EL3091,SEPARATE_PRIVATE_LAND_LANDOWNER_LAYER,CLOSED_SEPARATE_LAYER,no,Current Hunt Planner private-land/landowner family; separate from comparable BIBLE draw-results core.,LIVE_2026_NOT_IN_2025_BIBLE,PRIVATE_LAND_OR_LANDOWNER_CURRENT_PLANNER,EL,,no,no,yes,yes,OK,LIVE_AND_DATABASE,BOTH_BLANK,LIVE_DWR_NO_QUOTA_PUBLISHED,"North Slope, Three Corners",Elk,Bull,Muzzleloader,Limited Entry - Private Land Only,,,,,,,no,no,no,no,,,,NO_PERMIT_VALUE,NONE,,NO_CURRENT_PERMIT_VALUE_FOUND,https://dwrapps.utah.gov/huntboundary/HuntTableData?species=Elk&gender=Bull
EL3093,SEPARATE_PRIVATE_LAND_LANDOWNER_LAYER,CLOSED_SEPARATE_LAYER,no,Current Hunt Planner private-land/landowner family; separate from comparable BIBLE draw-results core.,LIVE_2026_NOT_IN_2025_BIBLE,PRIVATE_LAND_OR_LANDOWNER_CURRENT_PLANNER,EL,,no,no,yes,yes,OK,LIVE_AND_DATABASE,BOTH_BLANK,LIVE_DWR_NO_QUOTA_PUBLISHED,Panguitch Lake,Elk,Bull,Muzzleloader,Limited Entry - Private Land Only,,,,,,,no,no,no,no,,,,NO_PERMIT_VALUE,NONE,,NO_CURRENT_PERMIT_VALUE_FOUND,https://dwrapps.utah.gov/huntboundary/HuntTableData?species=Elk&gender=Bull
EL3096,SEPARATE_PRIVATE_LAND_LANDOWNER_LAYER,CLOSED_SEPARATE_LAYER,no,Current Hunt Planner private-land/landowner family; separate from comparable BIBLE draw-results core.,LIVE_2026_NOT_IN_2025_BIBLE,PRIVATE_LAND_OR_LANDOWNER_CURRENT_PLANNER,EL,,no,no,yes,yes,OK,LIVE_AND_DATABASE,BOTH_BLANK,LIVE_DWR_NO_QUOTA_PUBLISHED,Fishlake/Thousand Lakes,Elk,Bull,Muzzleloader,Limited Entry - Private Land Only,,,,,,,no,no,no,no,,,,NO_PERMIT_VALUE,NONE,,NO_CURRENT_PERMIT_VALUE_FOUND,https://dwrapps.utah.gov/huntboundary/HuntTableData?species=Elk&gender=Bull
EL3097,SEPARATE_PRIVATE_LAND_LANDOWNER_LAYER,CLOSED_SEPARATE_LAYER,no,Current Hunt Planner private-land/landowner family; separate from comparable BIBLE draw-results core.,LIVE_2026_NOT_IN_2025_BIBLE,PRIVATE_LAND_OR_LANDOWNER_CURRENT_PLANNER,EL,,no,no,yes,yes,OK,LIVE_AND_DATABASE,BOTH_BLANK,LIVE_DWR_NO_QUOTA_PUBLISHED,San Juan Bull Elk,Elk,Bull,Muzzleloader,Limited Entry - Private Land Only,,,,,,,no,no,no,no,,,,NO_PERMIT_VALUE,NONE,,NO_CURRENT_PERMIT_VALUE_FOUND,https://dwrapps.utah.gov/huntboundary/HuntTableData?species=Elk&gender=Bull
EL3098,SEPARATE_PRIVATE_LAND_LANDOWNER_LAYER,CLOSED_SEPARATE_LAYER,no,Current Hunt Planner private-land/landowner family; separate from comparable BIBLE draw-results core.,LIVE_2026_NOT_IN_2025_BIBLE,PRIVATE_LAND_OR_LANDOWNER_CURRENT_PLANNER,EL,,no,no,yes,yes,OK,LIVE_AND_DATABASE,BOTH_BLANK,LIVE_DWR_NO_QUOTA_PUBLISHED,Diamond Mtn,Elk,Bull,Muzzleloader,Limited Entry - Private Land Only,,,,,,,no,no,no,no,,,,NO_PERMIT_VALUE,NONE,,NO_CURRENT_PERMIT_VALUE_FOUND,https://dwrapps.utah.gov/huntboundary/HuntTableData?species=Elk&gender=Bull
EL3100,SEPARATE_PRIVATE_LAND_LANDOWNER_LAYER,CLOSED_SEPARATE_LAYER,no,Current Hunt Planner private-land/landowner family; separate from comparable BIBLE draw-results core.,LIVE_2026_NOT_IN_2025_BIBLE,PRIVATE_LAND_OR_LANDOWNER_CURRENT_PLANNER,EL,,no,no,yes,yes,OK,LIVE_AND_DATABASE,BOTH_BLANK,LIVE_DWR_NO_QUOTA_PUBLISHED,Wasatch Mtns,Elk,Bull,Muzzleloader,Limited Entry - Private Land Only,,,,,,,no,no,no,no,,,,NO_PERMIT_VALUE,NONE,,NO_CURRENT_PERMIT_VALUE_FOUND,https://dwrapps.utah.gov/huntboundary/HuntTableData?species=Elk&gender=Bull
EL3126,SEPARATE_PRIVATE_LAND_LANDOWNER_LAYER,CLOSED_SEPARATE_LAYER,no,Current Hunt Planner private-land/landowner family; separate from comparable BIBLE draw-results core.,LIVE_2026_NOT_IN_2025_BIBLE,PRIVATE_LAND_OR_LANDOWNER_CURRENT_PLANNER,EL,,no,no,yes,yes,OK,LIVE_AND_DATABASE,BOTH_BLANK,LIVE_DWR_NO_QUOTA_PUBLISHED,Manti,Elk,Bull,Any Legal Weapon,Limited Entry - Private Land Only,,,,,,,no,no,no,no,,,,NO_PERMIT_VALUE,NONE,,NO_CURRENT_PERMIT_VALUE_FOUND,https://dwrapps.utah.gov/huntboundary/HuntTableData?species=Elk&gender=Bull
EL3127,SEPARATE_PRIVATE_LAND_LANDOWNER_LAYER,CLOSED_SEPARATE_LAYER,no,Current Hunt Planner private-land/landowner family; separate from comparable BIBLE draw-results core.,LIVE_2026_NOT_IN_2025_BIBLE,PRIVATE_LAND_OR_LANDOWNER_CURRENT_PLANNER,EL,,no,no,yes,yes,OK,LIVE_AND_DATABASE,BOTH_BLANK,LIVE_DWR_NO_QUOTA_PUBLISHED,Wasatch Mtns,Elk,Bull,Any Legal Weapon,Limited Entry - Private Land Only,,,,,,,no,no,no,no,,,,NO_PERMIT_VALUE,NONE,,NO_CURRENT_PERMIT_VALUE_FOUND,https://dwrapps.utah.gov/huntboundary/HuntTableData?species=Elk&gender=Bull
EL3130,SEPARATE_PRIVATE_LAND_LANDOWNER_LAYER,CLOSED_SEPARATE_LAYER,no,Current Hunt Planner private-land/landowner family; separate from comparable BIBLE draw-results core.,LIVE_2026_NOT_IN_2025_BIBLE,PRIVATE_LAND_OR_LANDOWNER_CURRENT_PLANNER,EL,,no,no,yes,yes,OK,LIVE_AND_DATABASE,BOTH_BLANK,LIVE_DWR_NO_QUOTA_PUBLISHED,"Box Elder, Pilot Mtn",Elk,Bull,Archery,Limited Entry - Private Land Only,,,,,,,no,no,no,no,,,,NO_PERMIT_VALUE,NONE,,NO_CURRENT_PERMIT_VALUE_FOUND,https://dwrapps.utah.gov/huntboundary/HuntTableData?species=Elk&gender=Bull
EL3132,SEPARATE_PRIVATE_LAND_LANDOWNER_LAYER,CLOSED_SEPARATE_LAYER,no,Current Hunt Planner private-land/landowner family; separate from comparable BIBLE draw-results core.,LIVE_2026_NOT_IN_2025_BIBLE,PRIVATE_LAND_OR_LANDOWNER_CURRENT_PLANNER,EL,,no,no,yes,yes,OK,LIVE_AND_DATABASE,BOTH_BLANK,LIVE_DWR_NO_QUOTA_PUBLISHED,"Cache, North",Elk,Bull,Archery,Limited Entry - Private Land Only,,,,,,,no,no,no,no,,,,NO_PERMIT_VALUE,NONE,,NO_CURRENT_PERMIT_VALUE_FOUND,https://dwrapps.utah.gov/huntboundary/HuntTableData?species=Elk&gender=Bull
EL3135,SEPARATE_PRIVATE_LAND_LANDOWNER_LAYER,CLOSED_SEPARATE_LAYER,no,Current Hunt Planner private-land/landowner family; separate from comparable BIBLE draw-results core.,LIVE_2026_NOT_IN_2025_BIBLE,PRIVATE_LAND_OR_LANDOWNER_CURRENT_PLANNER,EL,,no,no,yes,yes,OK,LIVE_AND_DATABASE,BOTH_BLANK,LIVE_DWR_NO_QUOTA_PUBLISHED,Barney Top/Kaiparowits,Elk,Bull,Archery,Limited Entry - Private Land Only,,,,,,,no,no,no,no,,,,NO_PERMIT_VALUE,NONE,,NO_CURRENT_PERMIT_VALUE_FOUND,https://dwrapps.utah.gov/huntboundary/HuntTableData?species=Elk&gender=Bull
EL3136,SEPARATE_PRIVATE_LAND_LANDOWNER_LAYER,CLOSED_SEPARATE_LAYER,no,Current Hunt Planner private-land/landowner family; separate from comparable BIBLE draw-results core.,LIVE_2026_NOT_IN_2025_BIBLE,PRIVATE_LAND_OR_LANDOWNER_CURRENT_PLANNER,EL,,no,no,yes,yes,OK,LIVE_AND_DATABASE,BOTH_BLANK,LIVE_DWR_NO_QUOTA_PUBLISHED,"Southwest Desert, North",Elk,Bull,Archery,Limited Entry - Private Land Only,,,,,,,no,no,no,no,,,,NO_PERMIT_VALUE,NONE,,NO_CURRENT_PERMIT_VALUE_FOUND,https://dwrapps.utah.gov/huntboundary/HuntTableData?species=Elk&gender=Bull
EL3137,SEPARATE_PRIVATE_LAND_LANDOWNER_LAYER,CLOSED_SEPARATE_LAYER,no,Current Hunt Planner private-land/landowner family; separate from comparable BIBLE draw-results core.,LIVE_2026_NOT_IN_2025_BIBLE,PRIVATE_LAND_OR_LANDOWNER_CURRENT_PLANNER,EL,,no,no,yes,yes,OK,LIVE_AND_DATABASE,BOTH_BLANK,LIVE_DWR_NO_QUOTA_PUBLISHED,"West Desert, Deep Creek",Elk,Bull,Archery,Limited Entry - Private Land Only,,,,,,,no,no,no,no,,,,NO_PERMIT_VALUE,NONE,,NO_CURRENT_PERMIT_VALUE_FOUND,https://dwrapps.utah.gov/huntboundary/HuntTableData?species=Elk&gender=Bull
EL3139,SEPARATE_PRIVATE_LAND_LANDOWNER_LAYER,CLOSED_SEPARATE_LAYER,no,Current Hunt Planner private-land/landowner family; separate from comparable BIBLE draw-results core.,LIVE_2026_NOT_IN_2025_BIBLE,PRIVATE_LAND_OR_LANDOWNER_CURRENT_PLANNER,EL,,no,no,yes,yes,OK,LIVE_AND_DATABASE,BOTH_BLANK,LIVE_DWR_NO_QUOTA_PUBLISHED,"Cache, North",Elk,Bull,"HAMSS (Handgun, Archery, Muzzleloader, Shotgun or Straight-walled rifle)",Limited Entry - Private Land Only,,,,,,,no,no,no,no,,,,NO_PERMIT_VALUE,NONE,,NO_CURRENT_PERMIT_VALUE_FOUND,https://dwrapps.utah.gov/huntboundary/HuntTableData?species=Elk&gender=Bull
EL3142,SEPARATE_PRIVATE_LAND_LANDOWNER_LAYER,CLOSED_SEPARATE_LAYER,no,Current Hunt Planner private-land/landowner family; separate from comparable BIBLE draw-results core.,LIVE_2026_NOT_IN_2025_BIBLE,PRIVATE_LAND_OR_LANDOWNER_CURRENT_PLANNER,EL,,no,no,yes,yes,OK,LIVE_AND_DATABASE,BOTH_BLANK,LIVE_DWR_NO_QUOTA_PUBLISHED,Barney Top/Kaiparowits,Elk,Bull,"HAMSS (Handgun, Archery, Muzzleloader, Shotgun or Straight-walled rifle)",Limited Entry - Private Land Only,,,,,,,no,no,no,no,,,,NO_PERMIT_VALUE,NONE,,NO_CURRENT_PERMIT_VALUE_FOUND,https://dwrapps.utah.gov/huntboundary/HuntTableData?species=Elk&gender=Bull
EL3143,SEPARATE_PRIVATE_LAND_LANDOWNER_LAYER,CLOSED_SEPARATE_LAYER,no,Current Hunt Planner private-land/landowner family; separate from comparable BIBLE draw-results core.,LIVE_2026_NOT_IN_2025_BIBLE,PRIVATE_LAND_OR_LANDOWNER_CURRENT_PLANNER,EL,,no,no,yes,yes,OK,LIVE_AND_DATABASE,BOTH_BLANK,LIVE_DWR_NO_QUOTA_PUBLISHED,"Southwest Desert, North",Elk,Bull,"HAMSS (Handgun, Archery, Muzzleloader, Shotgun or Straight-walled rifle)",Limited Entry - Private Land Only,,,,,,,no,no,no,no,,,,NO_PERMIT_VALUE,NONE,,NO_CURRENT_PERMIT_VALUE_FOUND,https://dwrapps.utah.gov/huntboundary/HuntTableData?species=Elk&gender=Bull
EL3144,SEPARATE_PRIVATE_LAND_LANDOWNER_LAYER,CLOSED_SEPARATE_LAYER,no,Current Hunt Planner private-land/landowner family; separate from comparable BIBLE draw-results core.,LIVE_2026_NOT_IN_2025_BIBLE,PRIVATE_LAND_OR_LANDOWNER_CURRENT_PLANNER,EL,,no,no,yes,yes,OK,LIVE_AND_DATABASE,BOTH_BLANK,LIVE_DWR_NO_QUOTA_PUBLISHED,"West Desert, Deep Creek",Elk,Bull,"HAMSS (Handgun, Archery, Muzzleloader, Shotgun or Straight-walled rifle)",Limited Entry - Private Land Only,,,,,,,no,no,no,no,,,,NO_PERMIT_VALUE,NONE,,NO_CURRENT_PERMIT_VALUE_FOUND,https://dwrapps.utah.gov/huntboundary/HuntTableData?species=Elk&gender=Bull
EL3145,SEPARATE_PRIVATE_LAND_LANDOWNER_LAYER,CLOSED_SEPARATE_LAYER,no,Current Hunt Planner private-land/landowner family; separate from comparable BIBLE draw-results core.,LIVE_2026_NOT_IN_2025_BIBLE,PRIVATE_LAND_OR_LANDOWNER_CURRENT_PLANNER,EL,,no,no,yes,yes,OK,LIVE_AND_DATABASE,BOTH_BLANK,LIVE_DWR_NO_QUOTA_PUBLISHED,Boulder,Elk,Bull,Archery,Limited Entry - Private Land Only,,,,,,,no,no,no,no,,,,NO_PERMIT_VALUE,NONE,,NO_CURRENT_PERMIT_VALUE_FOUND,https://dwrapps.utah.gov/huntboundary/HuntTableData?species=Elk&gender=Bull
EL3146,SEPARATE_PRIVATE_LAND_LANDOWNER_LAYER,CLOSED_SEPARATE_LAYER,no,Current Hunt Planner private-land/landowner family; separate from comparable BIBLE draw-results core.,LIVE_2026_NOT_IN_2025_BIBLE,PRIVATE_LAND_OR_LANDOWNER_CURRENT_PLANNER,EL,,no,no,yes,yes,OK,LIVE_AND_DATABASE,BOTH_BLANK,LIVE_DWR_NO_QUOTA_PUBLISHED,"Southwest Desert, South",Elk,Bull,Archery,Limited Entry - Private Land Only,,,,,,,no,no,no,no,,,,NO_PERMIT_VALUE,NONE,,NO_CURRENT_PERMIT_VALUE_FOUND,https://dwrapps.utah.gov/huntboundary/HuntTableData?species=Elk&gender=Bull
EL3147,SEPARATE_PRIVATE_LAND_LANDOWNER_LAYER,CLOSED_SEPARATE_LAYER,no,Current Hunt Planner private-land/landowner family; separate from comparable BIBLE draw-results core.,LIVE_2026_NOT_IN_2025_BIBLE,PRIVATE_LAND_OR_LANDOWNER_CURRENT_PLANNER,EL,,no,no,yes,yes,OK,LIVE_AND_DATABASE,BOTH_BLANK,LIVE_DWR_NO_QUOTA_PUBLISHED,"Box Elder, Grouse Creek",Elk,Bull,Any Legal Weapon,Limited Entry - Private Land Only,,,,,,,no,no,no,no,,,,NO_PERMIT_VALUE,NONE,,NO_CURRENT_PERMIT_VALUE_FOUND,https://dwrapps.utah.gov/huntboundary/HuntTableData?species=Elk&gender=Bull
EL3148,SEPARATE_PRIVATE_LAND_LANDOWNER_LAYER,CLOSED_SEPARATE_LAYER,no,Current Hunt Planner private-land/landowner family; separate from comparable BIBLE draw-results core.,LIVE_2026_NOT_IN_2025_BIBLE,PRIVATE_LAND_OR_LANDOWNER_CURRENT_PLANNER,EL,,no,no,yes,yes,OK,LIVE_AND_DATABASE,BOTH_BLANK,LIVE_DWR_NO_QUOTA_PUBLISHED,Boulder,Elk,Bull,Any Legal Weapon,Limited Entry - Private Land Only,,,,,,,no,no,no,no,,,,NO_PERMIT_VALUE,NONE,,NO_CURRENT_PERMIT_VALUE_FOUND,https://dwrapps.utah.gov/huntboundary/HuntTableData?species=Elk&gender=Bull
EL3149,SEPARATE_PRIVATE_LAND_LANDOWNER_LAYER,CLOSED_SEPARATE_LAYER,no,Current Hunt Planner private-land/landowner family; separate from comparable BIBLE draw-results core.,LIVE_2026_NOT_IN_2025_BIBLE,PRIVATE_LAND_OR_LANDOWNER_CURRENT_PLANNER,EL,,no,no,yes,yes,OK,LIVE_AND_DATABASE,BOTH_BLANK,LIVE_DWR_NO_QUOTA_PUBLISHED,"Southwest Desert, South",Elk,Bull,Any Legal Weapon,Limited Entry - Private Land Only,,,,,,,no,no,no,no,,,,NO_PERMIT_VALUE,NONE,,NO_CURRENT_PERMIT_VALUE_FOUND,https://dwrapps.utah.gov/huntboundary/HuntTableData?species=Elk&gender=Bull
EL3150,SEPARATE_PRIVATE_LAND_LANDOWNER_LAYER,CLOSED_SEPARATE_LAYER,no,Current Hunt Planner private-land/landowner family; separate from comparable BIBLE draw-results core.,LIVE_2026_NOT_IN_2025_BIBLE,PRIVATE_LAND_OR_LANDOWNER_CURRENT_PLANNER,EL,,no,no,yes,yes,OK,LIVE_AND_DATABASE,BOTH_BLANK,LIVE_DWR_NO_QUOTA_PUBLISHED,"Box Elder, Grouse Creek",Elk,Bull,Any Legal Weapon,Limited Entry - Private Land Only,,,,,,,no,no,no,no,,,,NO_PERMIT_VALUE,NONE,,NO_CURRENT_PERMIT_VALUE_FOUND,https://dwrapps.utah.gov/huntboundary/HuntTableData?species=Elk&gender=Bull
EL3151,SEPARATE_PRIVATE_LAND_LANDOWNER_LAYER,CLOSED_SEPARATE_LAYER,no,Current Hunt Planner private-land/landowner family; separate from comparable BIBLE draw-results core.,LIVE_2026_NOT_IN_2025_BIBLE,PRIVATE_LAND_OR_LANDOWNER_CURRENT_PLANNER,EL,,no,no,yes,yes,OK,LIVE_AND_DATABASE,BOTH_BLANK,LIVE_DWR_NO_QUOTA_PUBLISHED,Boulder,Elk,Bull,Any Legal Weapon,Limited Entry - Private Land Only,,,,,,,no,no,no,no,,,,NO_PERMIT_VALUE,NONE,,NO_CURRENT_PERMIT_VALUE_FOUND,https://dwrapps.utah.gov/huntboundary/HuntTableData?species=Elk&gender=Bull
EL3152,SEPARATE_PRIVATE_LAND_LANDOWNER_LAYER,CLOSED_SEPARATE_LAYER,no,Current Hunt Planner private-land/landowner family; separate from comparable BIBLE draw-results core.,LIVE_2026_NOT_IN_2025_BIBLE,PRIVATE_LAND_OR_LANDOWNER_CURRENT_PLANNER,EL,,no,no,yes,yes,OK,LIVE_AND_DATABASE,BOTH_BLANK,LIVE_DWR_NO_QUOTA_PUBLISHED,"Southwest Desert, South",Elk,Bull,Any Legal Weapon,Limited Entry - Private Land Only,,,,,,,no,no,no,no,,,,NO_PERMIT_VALUE,NONE,,NO_CURRENT_PERMIT_VALUE_FOUND,https://dwrapps.utah.gov/huntboundary/HuntTableData?species=Elk&gender=Bull
EL3153,SEPARATE_PRIVATE_LAND_LANDOWNER_LAYER,CLOSED_SEPARATE_LAYER,no,Current Hunt Planner private-land/landowner family; separate from comparable BIBLE draw-results core.,LIVE_2026_NOT_IN_2025_BIBLE,PRIVATE_LAND_OR_LANDOWNER_CURRENT_PLANNER,EL,,no,no,yes,yes,OK,LIVE_AND_DATABASE,BOTH_BLANK,LIVE_DWR_NO_QUOTA_PUBLISHED,"Box Elder, Grouse Creek",Elk,Bull,Muzzleloader,Limited Entry - Private Land Only,,,,,,,no,no,no,no,,,,NO_PERMIT_VALUE,NONE,,NO_CURRENT_PERMIT_VALUE_FOUND,https://dwrapps.utah.gov/huntboundary/HuntTableData?species=Elk&gender=Bull
EL3154,SEPARATE_PRIVATE_LAND_LANDOWNER_LAYER,CLOSED_SEPARATE_LAYER,no,Current Hunt Planner private-land/landowner family; separate from comparable BIBLE draw-results core.,LIVE_2026_NOT_IN_2025_BIBLE,PRIVATE_LAND_OR_LANDOWNER_CURRENT_PLANNER,EL,,no,no,yes,yes,OK,LIVE_AND_DATABASE,BOTH_BLANK,LIVE_DWR_NO_QUOTA_PUBLISHED,Boulder,Elk,Bull,Muzzleloader,Limited Entry - Private Land Only,,,,,,,no,no,no,no,,,,NO_PERMIT_VALUE,NONE,,NO_CURRENT_PERMIT_VALUE_FOUND,https://dwrapps.utah.gov/huntboundary/HuntTableData?species=Elk&gender=Bull
EL3155,SEPARATE_PRIVATE_LAND_LANDOWNER_LAYER,CLOSED_SEPARATE_LAYER,no,Current Hunt Planner private-land/landowner family; separate from comparable BIBLE draw-results core.,LIVE_2026_NOT_IN_2025_BIBLE,PRIVATE_LAND_OR_LANDOWNER_CURRENT_PLANNER,EL,,no,no,yes,yes,OK,LIVE_AND_DATABASE,BOTH_BLANK,LIVE_DWR_NO_QUOTA_PUBLISHED,"Southwest Desert, South",Elk,Bull,Muzzleloader,Limited Entry - Private Land Only,,,,,,,no,no,no,no,,,,NO_PERMIT_VALUE,NONE,,NO_CURRENT_PERMIT_VALUE_FOUND,https://dwrapps.utah.gov/huntboundary/HuntTableData?species=Elk&gender=Bull
EL3158,SEPARATE_PRIVATE_LAND_LANDOWNER_LAYER,CLOSED_SEPARATE_LAYER,no,Current Hunt Planner private-land/landowner family; separate from comparable BIBLE draw-results core.,LIVE_2026_NOT_IN_2025_BIBLE,PRIVATE_LAND_OR_LANDOWNER_CURRENT_PLANNER,EL,,no,no,yes,yes,OK,LIVE_AND_DATABASE,BOTH_BLANK,LIVE_DWR_NO_QUOTA_PUBLISHED,"Beaver, East",Elk,Bull,Archery,Limited Entry - Private Land Only,,,,,,,no,no,no,no,,,,NO_PERMIT_VALUE,NONE,,NO_CURRENT_PERMIT_VALUE_FOUND,https://dwrapps.utah.gov/huntboundary/HuntTableData?species=Elk&gender=Bull
EL3159,SEPARATE_PRIVATE_LAND_LANDOWNER_LAYER,CLOSED_SEPARATE_LAYER,no,Current Hunt Planner private-land/landowner family; separate from comparable BIBLE draw-results core.,LIVE_2026_NOT_IN_2025_BIBLE,PRIVATE_LAND_OR_LANDOWNER_CURRENT_PLANNER,EL,,no,no,yes,yes,OK,LIVE_AND_DATABASE,BOTH_BLANK,LIVE_DWR_NO_QUOTA_PUBLISHED,"Beaver, East",Elk,Bull,Any Legal Weapon,Limited Entry - Private Land Only,,,,,,,no,no,no,no,,,,NO_PERMIT_VALUE,NONE,,NO_CURRENT_PERMIT_VALUE_FOUND,https://dwrapps.utah.gov/huntboundary/HuntTableData?species=Elk&gender=Bull
EL3160,SEPARATE_PRIVATE_LAND_LANDOWNER_LAYER,CLOSED_SEPARATE_LAYER,no,Current Hunt Planner private-land/landowner family; separate from comparable BIBLE draw-results core.,LIVE_2026_NOT_IN_2025_BIBLE,PRIVATE_LAND_OR_LANDOWNER_CURRENT_PLANNER,EL,,no,no,yes,yes,OK,LIVE_AND_DATABASE,BOTH_BLANK,LIVE_DWR_NO_QUOTA_PUBLISHED,"Book Cliffs, Bitter Creek/East",Elk,Bull,Archery,Limited Entry - Private Land Only,,,,,,,no,no,no,no,,,,NO_PERMIT_VALUE,NONE,,NO_CURRENT_PERMIT_VALUE_FOUND,https://dwrapps.utah.gov/huntboundary/HuntTableData?species=Elk&gender=Bull
EL3161,SEPARATE_PRIVATE_LAND_LANDOWNER_LAYER,CLOSED_SEPARATE_LAYER,no,Current Hunt Planner private-land/landowner family; separate from comparable BIBLE draw-results core.,LIVE_2026_NOT_IN_2025_BIBLE,PRIVATE_LAND_OR_LANDOWNER_CURRENT_PLANNER,EL,,no,no,yes,yes,OK,LIVE_AND_DATABASE,BOTH_BLANK,LIVE_DWR_NO_QUOTA_PUBLISHED,"Book Cliffs, Bitter Creek/East",Elk,Bull,Archery,Limited Entry - Private Land Only,,,,,,,no,no,no,no,,,,NO_PERMIT_VALUE,NONE,,NO_CURRENT_PERMIT_VALUE_FOUND,https://dwrapps.utah.gov/huntboundary/HuntTableData?species=Elk&gender=Bull
EL3162,SEPARATE_PRIVATE_LAND_LANDOWNER_LAYER,CLOSED_SEPARATE_LAYER,no,Current Hunt Planner private-land/landowner family; separate from comparable BIBLE draw-results core.,LIVE_2026_NOT_IN_2025_BIBLE,PRIVATE_LAND_OR_LANDOWNER_CURRENT_PLANNER,EL,,no,no,yes,yes,OK,LIVE_AND_DATABASE,BOTH_BLANK,LIVE_DWR_NO_QUOTA_PUBLISHED,"Book Cliffs, Bitter Creek/East",Elk,Bull,Any Legal Weapon,Limited Entry - Private Land Only,,,,,,,no,no,no,no,,,,NO_PERMIT_VALUE,NONE,,NO_CURRENT_PERMIT_VALUE_FOUND,https://dwrapps.utah.gov/huntboundary/HuntTableData?species=Elk&gender=Bull
EL3163,SEPARATE_PRIVATE_LAND_LANDOWNER_LAYER,CLOSED_SEPARATE_LAYER,no,Current Hunt Planner private-land/landowner family; separate from comparable BIBLE draw-results core.,LIVE_2026_NOT_IN_2025_BIBLE,PRIVATE_LAND_OR_LANDOWNER_CURRENT_PLANNER,EL,,no,no,yes,yes,OK,LIVE_AND_DATABASE,BOTH_BLANK,LIVE_DWR_NO_QUOTA_PUBLISHED,"Book Cliffs, Bitter Creek/East",Elk,Bull,Any Legal Weapon,Limited Entry - Private Land Only,,,,,,,no,no,no,no,,,,NO_PERMIT_VALUE,NONE,,NO_CURRENT_PERMIT_VALUE_FOUND,https://dwrapps.utah.gov/huntboundary/HuntTableData?species=Elk&gender=Bull
EL3164,SEPARATE_PRIVATE_LAND_LANDOWNER_LAYER,CLOSED_SEPARATE_LAYER,no,Current Hunt Planner private-land/landowner family; separate from comparable BIBLE draw-results core.,LIVE_2026_NOT_IN_2025_BIBLE,PRIVATE_LAND_OR_LANDOWNER_CURRENT_PLANNER,EL,,no,no,yes,yes,OK,LIVE_AND_DATABASE,BOTH_BLANK,LIVE_DWR_NO_QUOTA_PUBLISHED,"Book Cliffs, Bitter Creek/East",Elk,Bull,Any Legal Weapon,Limited Entry - Private Land Only,,,,,,,no,no,no,no,,,,NO_PERMIT_VALUE,NONE,,NO_CURRENT_PERMIT_VALUE_FOUND,https://dwrapps.utah.gov/huntboundary/HuntTableData?species=Elk&gender=Bull
EL3166,SEPARATE_PRIVATE_LAND_LANDOWNER_LAYER,CLOSED_SEPARATE_LAYER,no,Current Hunt Planner private-land/landowner family; separate from comparable BIBLE draw-results core.,LIVE_2026_NOT_IN_2025_BIBLE,PRIVATE_LAND_OR_LANDOWNER_CURRENT_PLANNER,EL,,no,no,yes,yes,OK,LIVE_AND_DATABASE,BOTH_BLANK,LIVE_DWR_NO_QUOTA_PUBLISHED,"Book Cliffs, Bitter Creek/East",Elk,Bull,Muzzleloader,Limited Entry - Private Land Only,,,,,,,no,no,no,no,,,,NO_PERMIT_VALUE,NONE,,NO_CURRENT_PERMIT_VALUE_FOUND,https://dwrapps.utah.gov/huntboundary/HuntTableData?species=Elk&gender=Bull
EL3167,SEPARATE_PRIVATE_LAND_LANDOWNER_LAYER,CLOSED_SEPARATE_LAYER,no,Current Hunt Planner private-land/landowner family; separate from comparable BIBLE draw-results core.,LIVE_2026_NOT_IN_2025_BIBLE,PRIVATE_LAND_OR_LANDOWNER_CURRENT_PLANNER,EL,,no,no,yes,yes,OK,LIVE_AND_DATABASE,BOTH_BLANK,LIVE_DWR_NO_QUOTA_PUBLISHED,"Book Cliffs, Little Creek Roadless",Elk,Bull,Any Legal Weapon,Limited Entry - Private Land Only,,,,,,,no,no,no,no,,,,NO_PERMIT_VALUE,NONE,,NO_CURRENT_PERMIT_VALUE_FOUND,https://dwrapps.utah.gov/huntboundary/HuntTableData?species=Elk&gender=Bull
EL3168,SEPARATE_PRIVATE_LAND_LANDOWNER_LAYER,CLOSED_SEPARATE_LAYER,no,Current Hunt Planner private-land/landowner family; separate from comparable BIBLE draw-results core.,LIVE_2026_NOT_IN_2025_BIBLE,PRIVATE_LAND_OR_LANDOWNER_CURRENT_PLANNER,EL,,no,no,yes,yes,OK,LIVE_AND_DATABASE,BOTH_BLANK,LIVE_DWR_NO_QUOTA_PUBLISHED,"Cache, Meadowville",Elk,Bull,Archery,Limited Entry - Private Land Only,,,,,,,no,no,no,no,,,,NO_PERMIT_VALUE,NONE,,NO_CURRENT_PERMIT_VALUE_FOUND,https://dwrapps.utah.gov/huntboundary/HuntTableData?species=Elk&gender=Bull
EL3169,SEPARATE_PRIVATE_LAND_LANDOWNER_LAYER,CLOSED_SEPARATE_LAYER,no,Current Hunt Planner private-land/landowner family; separate from comparable BIBLE draw-results core.,LIVE_2026_NOT_IN_2025_BIBLE,PRIVATE_LAND_OR_LANDOWNER_CURRENT_PLANNER,EL,,no,no,yes,yes,OK,LIVE_AND_DATABASE,BOTH_BLANK,LIVE_DWR_NO_QUOTA_PUBLISHED,"Cache, Meadowville",Elk,Bull,Any Legal Weapon,Limited Entry - Private Land Only,,,,,,,no,no,no,no,,,,NO_PERMIT_VALUE,NONE,,NO_CURRENT_PERMIT_VALUE_FOUND,https://dwrapps.utah.gov/huntboundary/HuntTableData?species=Elk&gender=Bull
EL3170,SEPARATE_PRIVATE_LAND_LANDOWNER_LAYER,CLOSED_SEPARATE_LAYER,no,Current Hunt Planner private-land/landowner family; separate from comparable BIBLE draw-results core.,LIVE_2026_NOT_IN_2025_BIBLE,PRIVATE_LAND_OR_LANDOWNER_CURRENT_PLANNER,EL,,no,no,yes,yes,OK,LIVE_AND_DATABASE,BOTH_BLANK,LIVE_DWR_NO_QUOTA_PUBLISHED,"Cache, South",Elk,Bull,Archery,Limited Entry - Private Land Only,,,,,,,no,no,no,no,,,,NO_PERMIT_VALUE,NONE,,NO_CURRENT_PERMIT_VALUE_FOUND,https://dwrapps.utah.gov/huntboundary/HuntTableData?species=Elk&gender=Bull
EL3171,SEPARATE_PRIVATE_LAND_LANDOWNER_LAYER,CLOSED_SEPARATE_LAYER,no,Current Hunt Planner private-land/landowner family; separate from comparable BIBLE draw-results core.,LIVE_2026_NOT_IN_2025_BIBLE,PRIVATE_LAND_OR_LANDOWNER_CURRENT_PLANNER,EL,,no,no,yes,yes,OK,LIVE_AND_DATABASE,BOTH_BLANK,LIVE_DWR_NO_QUOTA_PUBLISHED,"Cache, South",Elk,Bull,Any Legal Weapon,Limited Entry - Private Land Only,,,,,,,no,no,no,no,,,,NO_PERMIT_VALUE,NONE,,NO_CURRENT_PERMIT_VALUE_FOUND,https://dwrapps.utah.gov/huntboundary/HuntTableData?species=Elk&gender=Bull
EL3172,SEPARATE_PRIVATE_LAND_LANDOWNER_LAYER,CLOSED_SEPARATE_LAYER,no,Current Hunt Planner private-land/landowner family; separate from comparable BIBLE draw-results core.,LIVE_2026_NOT_IN_2025_BIBLE,PRIVATE_LAND_OR_LANDOWNER_CURRENT_PLANNER,EL,,no,no,yes,yes,OK,LIVE_AND_DATABASE,BOTH_BLANK,LIVE_DWR_NO_QUOTA_PUBLISHED,Manti,Elk,Bull,Archery,Limited Entry - Private Land Only,,,,,,,no,no,no,no,,,,NO_PERMIT_VALUE,NONE,,NO_CURRENT_PERMIT_VALUE_FOUND,https://dwrapps.utah.gov/huntboundary/HuntTableData?species=Elk&gender=Bull
EL3173,SEPARATE_PRIVATE_LAND_LANDOWNER_LAYER,CLOSED_SEPARATE_LAYER,no,Current Hunt Planner private-land/landowner family; separate from comparable BIBLE draw-results core.,LIVE_2026_NOT_IN_2025_BIBLE,PRIVATE_LAND_OR_LANDOWNER_CURRENT_PLANNER,EL,,no,no,yes,yes,OK,LIVE_AND_DATABASE,BOTH_BLANK,LIVE_DWR_NO_QUOTA_PUBLISHED,Nebo/San Pitch Mtns,Elk,Bull,Archery,Limited Entry - Private Land Only,,,,,,,no,no,no,no,,,,NO_PERMIT_VALUE,NONE,,NO_CURRENT_PERMIT_VALUE_FOUND,https://dwrapps.utah.gov/huntboundary/HuntTableData?species=Elk&gender=Bull
EL3174,SEPARATE_PRIVATE_LAND_LANDOWNER_LAYER,CLOSED_SEPARATE_LAYER,no,Current Hunt Planner private-land/landowner family; separate from comparable BIBLE draw-results core.,LIVE_2026_NOT_IN_2025_BIBLE,PRIVATE_LAND_OR_LANDOWNER_CURRENT_PLANNER,EL,,no,no,yes,yes,OK,LIVE_AND_DATABASE,BOTH_BLANK,LIVE_DWR_NO_QUOTA_PUBLISHED,Nebo/San Pitch Mtns,Elk,Bull,Archery,Limited Entry - Private Land Only,,,,,,,no,no,no,no,,,,NO_PERMIT_VALUE,NONE,,NO_CURRENT_PERMIT_VALUE_FOUND,https://dwrapps.utah.gov/huntboundary/HuntTableData?species=Elk&gender=Bull
EL3175,SEPARATE_PRIVATE_LAND_LANDOWNER_LAYER,CLOSED_SEPARATE_LAYER,no,Current Hunt Planner private-land/landowner family; separate from comparable BIBLE draw-results core.,LIVE_2026_NOT_IN_2025_BIBLE,PRIVATE_LAND_OR_LANDOWNER_CURRENT_PLANNER,EL,,no,no,yes,yes,OK,LIVE_AND_DATABASE,BOTH_BLANK,LIVE_DWR_NO_QUOTA_PUBLISHED,Nebo/San Pitch Mtns,Elk,Bull,Any Legal Weapon,Limited Entry - Private Land Only,,,,,,,no,no,no,no,,,,NO_PERMIT_VALUE,NONE,,NO_CURRENT_PERMIT_VALUE_FOUND,https://dwrapps.utah.gov/huntboundary/HuntTableData?species=Elk&gender=Bull
EL3176,SEPARATE_PRIVATE_LAND_LANDOWNER_LAYER,CLOSED_SEPARATE_LAYER,no,Current Hunt Planner private-land/landowner family; separate from comparable BIBLE draw-results core.,LIVE_2026_NOT_IN_2025_BIBLE,PRIVATE_LAND_OR_LANDOWNER_CURRENT_PLANNER,EL,,no,no,yes,yes,OK,LIVE_AND_DATABASE,BOTH_BLANK,LIVE_DWR_NO_QUOTA_PUBLISHED,Nebo/San Pitch Mtns,Elk,Bull,Any Legal Weapon,Limited Entry - Private Land Only,,,,,,,no,no,no,no,,,,NO_PERMIT_VALUE,NONE,,NO_CURRENT_PERMIT_VALUE_FOUND,https://dwrapps.utah.gov/huntboundary/HuntTableData?species=Elk&gender=Bull
EL3177,SEPARATE_PRIVATE_LAND_LANDOWNER_LAYER,CLOSED_SEPARATE_LAYER,no,Current Hunt Planner private-land/landowner family; separate from comparable BIBLE draw-results core.,LIVE_2026_NOT_IN_2025_BIBLE,PRIVATE_LAND_OR_LANDOWNER_CURRENT_PLANNER,EL,,no,no,yes,yes,OK,LIVE_AND_DATABASE,BOTH_BLANK,LIVE_DWR_NO_QUOTA_PUBLISHED,Nebo/San Pitch Mtns,Elk,Bull,Any Legal Weapon,Limited Entry - Private Land Only,,,,,,,no,no,no,no,,,,NO_PERMIT_VALUE,NONE,,NO_CURRENT_PERMIT_VALUE_FOUND,https://dwrapps.utah.gov/huntboundary/HuntTableData?species=Elk&gender=Bull
EL3179,SEPARATE_PRIVATE_LAND_LANDOWNER_LAYER,CLOSED_SEPARATE_LAYER,no,Current Hunt Planner private-land/landowner family; separate from comparable BIBLE draw-results core.,LIVE_2026_NOT_IN_2025_BIBLE,PRIVATE_LAND_OR_LANDOWNER_CURRENT_PLANNER,EL,,no,no,yes,yes,OK,LIVE_AND_DATABASE,BOTH_BLANK,LIVE_DWR_NO_QUOTA_PUBLISHED,Nebo/San Pitch Mtns,Elk,Bull,Muzzleloader,Limited Entry - Private Land Only,,,,,,,no,no,no,no,,,,NO_PERMIT_VALUE,NONE,,NO_CURRENT_PERMIT_VALUE_FOUND,https://dwrapps.utah.gov/huntboundary/HuntTableData?species=Elk&gender=Bull
EL3180,SEPARATE_PRIVATE_LAND_LANDOWNER_LAYER,CLOSED_SEPARATE_LAYER,no,Current Hunt Planner private-land/landowner family; separate from comparable BIBLE draw-results core.,LIVE_2026_NOT_IN_2025_BIBLE,PRIVATE_LAND_OR_LANDOWNER_CURRENT_PLANNER,EL,,no,no,yes,yes,OK,LIVE_AND_DATABASE,BOTH_BLANK,LIVE_DWR_NO_QUOTA_PUBLISHED,"Fillmore, Pahvant",Elk,Bull,Archery,Limited Entry - Private Land Only,,,,,,,no,no,no,no,,,,NO_PERMIT_VALUE,NONE,,NO_CURRENT_PERMIT_VALUE_FOUND,https://dwrapps.utah.gov/huntboundary/HuntTableData?species=Elk&gender=Bull
EL3181,SEPARATE_PRIVATE_LAND_LANDOWNER_LAYER,CLOSED_SEPARATE_LAYER,no,Current Hunt Planner private-land/landowner family; separate from comparable BIBLE draw-results core.,LIVE_2026_NOT_IN_2025_BIBLE,PRIVATE_LAND_OR_LANDOWNER_CURRENT_PLANNER,EL,,no,no,yes,yes,OK,LIVE_AND_DATABASE,BOTH_BLANK,LIVE_DWR_NO_QUOTA_PUBLISHED,"Fillmore, Pahvant",Elk,Bull,Any Legal Weapon,Limited Entry - Private Land Only,,,,,,,no,no,no,no,,,,NO_PERMIT_VALUE,NONE,,NO_CURRENT_PERMIT_VALUE_FOUND,https://dwrapps.utah.gov/huntboundary/HuntTableData?species=Elk&gender=Bull
EL3182,SEPARATE_PRIVATE_LAND_LANDOWNER_LAYER,CLOSED_SEPARATE_LAYER,no,Current Hunt Planner private-land/landowner family; separate from comparable BIBLE draw-results core.,LIVE_2026_NOT_IN_2025_BIBLE,PRIVATE_LAND_OR_LANDOWNER_CURRENT_PLANNER,EL,,no,no,yes,yes,OK,LIVE_AND_DATABASE,BOTH_BLANK,LIVE_DWR_NO_QUOTA_PUBLISHED,"La Sal, La Sal Mtns",Elk,Bull,Archery,Limited Entry - Private Land Only,,,,,,,no,no,no,no,,,,NO_PERMIT_VALUE,NONE,,NO_CURRENT_PERMIT_VALUE_FOUND,https://dwrapps.utah.gov/huntboundary/HuntTableData?species=Elk&gender=Bull
EL3183,SEPARATE_PRIVATE_LAND_LANDOWNER_LAYER,CLOSED_SEPARATE_LAYER,no,Current Hunt Planner private-land/landowner family; separate from comparable BIBLE draw-results core.,LIVE_2026_NOT_IN_2025_BIBLE,PRIVATE_LAND_OR_LANDOWNER_CURRENT_PLANNER,EL,,no,no,yes,yes,OK,LIVE_AND_DATABASE,BOTH_BLANK,LIVE_DWR_NO_QUOTA_PUBLISHED,"La Sal, La Sal Mtns",Elk,Bull,Any Legal Weapon,Limited Entry - Private Land Only,,,,,,,no,no,no,no,,,,NO_PERMIT_VALUE,NONE,,NO_CURRENT_PERMIT_VALUE_FOUND,https://dwrapps.utah.gov/huntboundary/HuntTableData?species=Elk&gender=Bull
EL3184,SEPARATE_PRIVATE_LAND_LANDOWNER_LAYER,CLOSED_SEPARATE_LAYER,no,Current Hunt Planner private-land/landowner family; separate from comparable BIBLE draw-results core.,LIVE_2026_NOT_IN_2025_BIBLE,PRIVATE_LAND_OR_LANDOWNER_CURRENT_PLANNER,EL,,no,no,yes,yes,OK,LIVE_AND_DATABASE,BOTH_BLANK,LIVE_DWR_NO_QUOTA_PUBLISHED,Monroe,Elk,Bull,Archery,Limited Entry - Private Land Only,,,,,,,no,no,no,no,,,,NO_PERMIT_VALUE,NONE,,NO_CURRENT_PERMIT_VALUE_FOUND,https://dwrapps.utah.gov/huntboundary/HuntTableData?species=Elk&gender=Bull
EL3185,SEPARATE_PRIVATE_LAND_LANDOWNER_LAYER,CLOSED_SEPARATE_LAYER,no,Current Hunt Planner private-land/landowner family; separate from comparable BIBLE draw-results core.,LIVE_2026_NOT_IN_2025_BIBLE,PRIVATE_LAND_OR_LANDOWNER_CURRENT_PLANNER,EL,,no,no,yes,yes,OK,LIVE_AND_DATABASE,BOTH_BLANK,LIVE_DWR_NO_QUOTA_PUBLISHED,Monroe,Elk,Bull,Any Legal Weapon,Limited Entry - Private Land Only,,,,,,,no,no,no,no,,,,NO_PERMIT_VALUE,NONE,,NO_CURRENT_PERMIT_VALUE_FOUND,https://dwrapps.utah.gov/huntboundary/HuntTableData?species=Elk&gender=Bull
EL3186,SEPARATE_PRIVATE_LAND_LANDOWNER_LAYER,CLOSED_SEPARATE_LAYER,no,Current Hunt Planner private-land/landowner family; separate from comparable BIBLE draw-results core.,LIVE_2026_NOT_IN_2025_BIBLE,PRIVATE_LAND_OR_LANDOWNER_CURRENT_PLANNER,EL,,no,no,yes,yes,OK,LIVE_AND_DATABASE,BOTH_BLANK,LIVE_DWR_NO_QUOTA_PUBLISHED,Mt Dutton,Elk,Bull,Archery,Limited Entry - Private Land Only,,,,,,,no,no,no,no,,,,NO_PERMIT_VALUE,NONE,,NO_CURRENT_PERMIT_VALUE_FOUND,https://dwrapps.utah.gov/huntboundary/HuntTableData?species=Elk&gender=Bull
EL3187,SEPARATE_PRIVATE_LAND_LANDOWNER_LAYER,CLOSED_SEPARATE_LAYER,no,Current Hunt Planner private-land/landowner family; separate from comparable BIBLE draw-results core.,LIVE_2026_NOT_IN_2025_BIBLE,PRIVATE_LAND_OR_LANDOWNER_CURRENT_PLANNER,EL,,no,no,yes,yes,OK,LIVE_AND_DATABASE,BOTH_BLANK,LIVE_DWR_NO_QUOTA_PUBLISHED,Mt Dutton,Elk,Bull,Any Legal Weapon,Limited Entry - Private Land Only,,,,,,,no,no,no,no,,,,NO_PERMIT_VALUE,NONE,,NO_CURRENT_PERMIT_VALUE_FOUND,https://dwrapps.utah.gov/huntboundary/HuntTableData?species=Elk&gender=Bull
EL3188,SEPARATE_PRIVATE_LAND_LANDOWNER_LAYER,CLOSED_SEPARATE_LAYER,no,Current Hunt Planner private-land/landowner family; separate from comparable BIBLE draw-results core.,LIVE_2026_NOT_IN_2025_BIBLE,PRIVATE_LAND_OR_LANDOWNER_CURRENT_PLANNER,EL,,no,no,yes,yes,OK,LIVE_AND_DATABASE,BOTH_BLANK,LIVE_DWR_NO_QUOTA_PUBLISHED,Panguitch Lake,Elk,Bull,Archery,Limited Entry - Private Land Only,,,,,,,no,no,no,no,,,,NO_PERMIT_VALUE,NONE,,NO_CURRENT_PERMIT_VALUE_FOUND,https://dwrapps.utah.gov/huntboundary/HuntTableData?species=Elk&gender=Bull
EL3189,SEPARATE_PRIVATE_LAND_LANDOWNER_LAYER,CLOSED_SEPARATE_LAYER,no,Current Hunt Planner private-land/landowner family; separate from comparable BIBLE draw-results core.,LIVE_2026_NOT_IN_2025_BIBLE,PRIVATE_LAND_OR_LANDOWNER_CURRENT_PLANNER,EL,,no,no,yes,yes,OK,LIVE_AND_DATABASE,BOTH_BLANK,LIVE_DWR_NO_QUOTA_PUBLISHED,Panguitch Lake,Elk,Bull,Any Legal Weapon,Limited Entry - Private Land Only,,,,,,,no,no,no,no,,,,NO_PERMIT_VALUE,NONE,,NO_CURRENT_PERMIT_VALUE_FOUND,https://dwrapps.utah.gov/huntboundary/HuntTableData?species=Elk&gender=Bull
EL3190,SEPARATE_PRIVATE_LAND_LANDOWNER_LAYER,CLOSED_SEPARATE_LAYER,no,Current Hunt Planner private-land/landowner family; separate from comparable BIBLE draw-results core.,LIVE_2026_NOT_IN_2025_BIBLE,PRIVATE_LAND_OR_LANDOWNER_CURRENT_PLANNER,EL,,no,no,yes,yes,OK,LIVE_AND_DATABASE,BOTH_BLANK,LIVE_DWR_NO_QUOTA_PUBLISHED,Boulder,Elk,Bull,Archery,Limited Entry - Private Land Only,,,,,,,no,no,no,no,,,,NO_PERMIT_VALUE,NONE,,NO_CURRENT_PERMIT_VALUE_FOUND,https://dwrapps.utah.gov/huntboundary/HuntTableData?species=Elk&gender=Bull
EL3191,SEPARATE_PRIVATE_LAND_LANDOWNER_LAYER,CLOSED_SEPARATE_LAYER,no,Current Hunt Planner private-land/landowner family; separate from comparable BIBLE draw-results core.,LIVE_2026_NOT_IN_2025_BIBLE,PRIVATE_LAND_OR_LANDOWNER_CURRENT_PLANNER,EL,,no,no,yes,yes,OK,LIVE_AND_DATABASE,BOTH_BLANK,LIVE_DWR_NO_QUOTA_PUBLISHED,Boulder,Elk,Bull,Any Legal Weapon,Limited Entry - Private Land Only,,,,,,,no,no,no,no,,,,NO_PERMIT_VALUE,NONE,,NO_CURRENT_PERMIT_VALUE_FOUND,https://dwrapps.utah.gov/huntboundary/HuntTableData?species=Elk&gender=Bull
EL3192,SEPARATE_PRIVATE_LAND_LANDOWNER_LAYER,CLOSED_SEPARATE_LAYER,no,Current Hunt Planner private-land/landowner family; separate from comparable BIBLE draw-results core.,LIVE_2026_NOT_IN_2025_BIBLE,PRIVATE_LAND_OR_LANDOWNER_CURRENT_PLANNER,EL,,no,no,yes,yes,OK,LIVE_AND_DATABASE,BOTH_BLANK,LIVE_DWR_NO_QUOTA_PUBLISHED,Fishlake/Thousand Lakes,Elk,Bull,Archery,Limited Entry - Private Land Only,,,,,,,no,no,no,no,,,,NO_PERMIT_VALUE,NONE,,NO_CURRENT_PERMIT_VALUE_FOUND,https://dwrapps.utah.gov/huntboundary/HuntTableData?species=Elk&gender=Bull
EL3193,SEPARATE_PRIVATE_LAND_LANDOWNER_LAYER,CLOSED_SEPARATE_LAYER,no,Current Hunt Planner private-land/landowner family; separate from comparable BIBLE draw-results core.,LIVE_2026_NOT_IN_2025_BIBLE,PRIVATE_LAND_OR_LANDOWNER_CURRENT_PLANNER,EL,,no,no,yes,yes,OK,LIVE_AND_DATABASE,BOTH_BLANK,LIVE_DWR_NO_QUOTA_PUBLISHED,San Juan Bull Elk,Elk,Bull,Archery,Limited Entry - Private Land Only,,,,,,,no,no,no,no,,,,NO_PERMIT_VALUE,NONE,,NO_CURRENT_PERMIT_VALUE_FOUND,https://dwrapps.utah.gov/huntboundary/HuntTableData?species=Elk&gender=Bull
EL3194,SEPARATE_PRIVATE_LAND_LANDOWNER_LAYER,CLOSED_SEPARATE_LAYER,no,Current Hunt Planner private-land/landowner family; separate from comparable BIBLE draw-results core.,LIVE_2026_NOT_IN_2025_BIBLE,PRIVATE_LAND_OR_LANDOWNER_CURRENT_PLANNER,EL,,no,no,yes,yes,OK,LIVE_AND_DATABASE,BOTH_BLANK,LIVE_DWR_NO_QUOTA_PUBLISHED,San Juan Bull Elk,Elk,Bull,Any Legal Weapon,Limited Entry - Private Land Only,,,,,,,no,no,no,no,,,,NO_PERMIT_VALUE,NONE,,NO_CURRENT_PERMIT_VALUE_FOUND,https://dwrapps.utah.gov/huntboundary/HuntTableData?species=Elk&gender=Bull
EL3195,SEPARATE_PRIVATE_LAND_LANDOWNER_LAYER,CLOSED_SEPARATE_LAYER,no,Current Hunt Planner private-land/landowner family; separate from comparable BIBLE draw-results core.,LIVE_2026_NOT_IN_2025_BIBLE,PRIVATE_LAND_OR_LANDOWNER_CURRENT_PLANNER,EL,,no,no,yes,yes,OK,LIVE_AND_DATABASE,BOTH_BLANK,LIVE_DWR_NO_QUOTA_PUBLISHED,Diamond Mtn,Elk,Bull,Archery,Limited Entry - Private Land Only,,,,,,,no,no,no,no,,,,NO_PERMIT_VALUE,NONE,,NO_CURRENT_PERMIT_VALUE_FOUND,https://dwrapps.utah.gov/huntboundary/HuntTableData?species=Elk&gender=Bull
EL3196,SEPARATE_PRIVATE_LAND_LANDOWNER_LAYER,CLOSED_SEPARATE_LAYER,no,Current Hunt Planner private-land/landowner family; separate from comparable BIBLE draw-results core.,LIVE_2026_NOT_IN_2025_BIBLE,PRIVATE_LAND_OR_LANDOWNER_CURRENT_PLANNER,EL,,no,no,yes,yes,OK,LIVE_AND_DATABASE,BOTH_BLANK,LIVE_DWR_NO_QUOTA_PUBLISHED,Diamond Mtn,Elk,Bull,Any Legal Weapon,Limited Entry - Private Land Only,,,,,,,no,no,no,no,,,,NO_PERMIT_VALUE,NONE,,NO_CURRENT_PERMIT_VALUE_FOUND,https://dwrapps.utah.gov/huntboundary/HuntTableData?species=Elk&gender=Bull
EL3197,SEPARATE_PRIVATE_LAND_LANDOWNER_LAYER,CLOSED_SEPARATE_LAYER,no,Current Hunt Planner private-land/landowner family; separate from comparable BIBLE draw-results core.,LIVE_2026_NOT_IN_2025_BIBLE,PRIVATE_LAND_OR_LANDOWNER_CURRENT_PLANNER,EL,,no,no,yes,yes,OK,LIVE_AND_DATABASE,BOTH_BLANK,LIVE_DWR_NO_QUOTA_PUBLISHED,"Southwest Desert, South",Elk,Bull,Archery,Limited Entry - Private Land Only,,,,,,,no,no,no,no,,,,NO_PERMIT_VALUE,NONE,,NO_CURRENT_PERMIT_VALUE_FOUND,https://dwrapps.utah.gov/huntboundary/HuntTableData?species=Elk&gender=Bull
EL3198,SEPARATE_PRIVATE_LAND_LANDOWNER_LAYER,CLOSED_SEPARATE_LAYER,no,Current Hunt Planner private-land/landowner family; separate from comparable BIBLE draw-results core.,LIVE_2026_NOT_IN_2025_BIBLE,PRIVATE_LAND_OR_LANDOWNER_CURRENT_PLANNER,EL,,no,no,yes,yes,OK,LIVE_AND_DATABASE,BOTH_BLANK,LIVE_DWR_NO_QUOTA_PUBLISHED,"Southwest Desert, South",Elk,Bull,Any Legal Weapon,Limited Entry - Private Land Only,,,,,,,no,no,no,no,,,,NO_PERMIT_VALUE,NONE,,NO_CURRENT_PERMIT_VALUE_FOUND,https://dwrapps.utah.gov/huntboundary/HuntTableData?species=Elk&gender=Bull
EL3199,SEPARATE_PRIVATE_LAND_LANDOWNER_LAYER,CLOSED_SEPARATE_LAYER,no,Current Hunt Planner private-land/landowner family; separate from comparable BIBLE draw-results core.,LIVE_2026_NOT_IN_2025_BIBLE,PRIVATE_LAND_OR_LANDOWNER_CURRENT_PLANNER,EL,,no,no,yes,yes,OK,LIVE_AND_DATABASE,BOTH_BLANK,LIVE_DWR_NO_QUOTA_PUBLISHED,Wasatch Mtns,Elk,Bull,Archery,Limited Entry - Private Land Only,,,,,,,no,no,no,no,,,,NO_PERMIT_VALUE,NONE,,NO_CURRENT_PERMIT_VALUE_FOUND,https://dwrapps.utah.gov/huntboundary/HuntTableData?species=Elk&gender=Bull
EL3205,SEPARATE_PRIVATE_LAND_LANDOWNER_LAYER,CLOSED_SEPARATE_LAYER,no,Current Hunt Planner private-land/landowner family; separate from comparable BIBLE draw-results core.,LIVE_2026_NOT_IN_2025_BIBLE,PRIVATE_LAND_OR_LANDOWNER_CURRENT_PLANNER,EL,,no,no,yes,yes,OK,LIVE_AND_DATABASE,BOTH_BLANK,LIVE_DWR_NO_QUOTA_PUBLISHED,East Canyon,Elk,Bull,"HAMSS (Handgun, Archery, Muzzleloader, Shotgun or Straight-walled rifle)",Limited Entry - Private Land Only,,,,,,,no,no,no,no,,,,NO_PERMIT_VALUE,NONE,,NO_CURRENT_PERMIT_VALUE_FOUND,https://dwrapps.utah.gov/huntboundary/HuntTableData?species=Elk&gender=Bull
EL3208,SEPARATE_PRIVATE_LAND_LANDOWNER_LAYER,CLOSED_SEPARATE_LAYER,no,Current Hunt Planner private-land/landowner family; separate from comparable BIBLE draw-results core.,LIVE_2026_NOT_IN_2025_BIBLE,PRIVATE_LAND_OR_LANDOWNER_CURRENT_PLANNER,EL,,no,no,yes,yes,OK,LIVE_AND_DATABASE,BOTH_BLANK,LIVE_DWR_NO_QUOTA_PUBLISHED,Morgan-South Rich,Elk,Bull,Any Legal Weapon (Late),Limited Entry - Private Land Only,,,,,,,no,no,no,no,,,,NO_PERMIT_VALUE,NONE,,NO_CURRENT_PERMIT_VALUE_FOUND,https://dwrapps.utah.gov/huntboundary/HuntTableData?species=Elk&gender=Bull
EL3210,SEPARATE_PRIVATE_LAND_LANDOWNER_LAYER,CLOSED_SEPARATE_LAYER,no,Current Hunt Planner private-land/landowner family; separate from comparable BIBLE draw-results core.,LIVE_2026_NOT_IN_2025_BIBLE,PRIVATE_LAND_OR_LANDOWNER_CURRENT_PLANNER,EL,,no,no,yes,yes,OK,LIVE_AND_DATABASE,BOTH_BLANK,LIVE_DWR_NO_QUOTA_PUBLISHED,"North Slope, Three Corners",Elk,Bull,Any Legal Weapon,Limited Entry - Private Land Only,,,,,,,no,no,no,no,,,,NO_PERMIT_VALUE,NONE,,NO_CURRENT_PERMIT_VALUE_FOUND,https://dwrapps.utah.gov/huntboundary/HuntTableData?species=Elk&gender=Bull
EX1000,SEPARATE_EXTENDED_ARCHERY_NO_QUOTA_LAYER,CLOSED_SEPARATE_LAYER,no,Extended-archery current planner row with no quota; not a sportsman code and not part of core draw-results count.,LIVE_2026_NOT_IN_2025_BIBLE,EXTENDED_ARCHERY_CURRENT_PLANNER,EX,,no,no,yes,yes,OK,LIVE_AND_DATABASE,BOTH_BLANK,LIVE_DWR_NO_QUOTA_PUBLISHED,Elk Extended Archery,Elk,Hunters Choice,Archery,Extended Archery,,,,,,,no,no,no,no,,,,NO_PERMIT_VALUE,NONE,,NO_CURRENT_PERMIT_VALUE_FOUND,https://dwrapps.utah.gov/huntboundary/HuntTableData?species=Elk&gender=Hunters+Choice
GO1000,SPORTSMAN_CONTINUITY_LAYER_REVIEW,REVIEW,maybe,"Sportsman codes are known continuing active permit hunts, but this row was not in 2025 BIBLE extraction.",LIVE_2026_NOT_IN_2025_BIBLE,SPORTSMAN_CURRENT_PLANNER,GO,2020|2021|2022|2023|2024,no,no,yes,yes,OK,LIVE_AND_DATABASE,LIVE_NO_QUOTA_DATABASE_PRESERVED,LIVE_DWR_NO_QUOTA_PUBLISHED,Mountain Goat - Statewide Permit,Mountain Goat,Hunters Choice,Any Legal Weapon,Statewide,,,,,,1,no,no,yes,no,CONSERVATION_PERMITS_DIRECT,SOURCE_DIFFERS_FROM_CURRENT_RECONCILIATION,,MEDIUM_SINGLE_SOURCE,UTAHDRAWS,1,PROMOTE_CANDIDATE_AFTER_REVIEW,https://dwrapps.utah.gov/huntboundary/HuntTableData?species=Mountain+Goat&gender=Hunters+Choice
GO6800,CORE_DRAW_RESULTS_CONTINUING,CLOSED_CORE,yes,Present in 2025 BIBLE and fresh 2026 DWR Hunt Planner table.,LIVE_2026_AND_2025_BIBLE,CONTINUITY,GO,2020|2021|2022|2023|2024|2025,yes,no,yes,yes,OK,LIVE_AND_DATABASE,MATCH,LIVE_DWR_RES_NR_SPLIT,Beaver,Mountain Goat,Hunters Choice,Any Legal Weapon,Once-in-a-lifetime,7,2,9,7,2,9,no,no,no,no,,,,REVIEW_SOURCE_CONFLICT,HANUMBER,9,REVIEW_BEFORE_PROMOTION,https://dwrapps.utah.gov/huntboundary/HuntTableData?species=Mountain+Goat&gender=Hunters+Choice
GO6801,CORE_DRAW_RESULTS_CONTINUING,CLOSED_CORE,yes,Present in 2025 BIBLE and fresh 2026 DWR Hunt Planner table.,LIVE_2026_AND_2025_BIBLE,CONTINUITY,GO,2020|2021|2022|2023|2024|2025,yes,no,yes,yes,OK,LIVE_AND_DATABASE,MATCH,LIVE_DWR_RES_NR_SPLIT,Beaver,Mountain Goat,Hunters Choice,Any Legal Weapon,Once-in-a-lifetime,9,0,9,9,0,9,no,no,no,no,,,,HIGH_CONFIRMED_2PLUS,HANUMBER,9,PROMOTE_CANDIDATE_AFTER_REVIEW,https://dwrapps.utah.gov/huntboundary/HuntTableData?species=Mountain+Goat&gender=Hunters+Choice
GO6803,CORE_DRAW_RESULTS_CONTINUING,CLOSED_CORE,yes,Present in 2025 BIBLE and fresh 2026 DWR Hunt Planner table.,LIVE_2026_AND_2025_BIBLE,CONTINUITY,GO,2020|2021|2022|2023|2024|2025,yes,no,yes,yes,OK,LIVE_AND_DATABASE,MATCH,LIVE_DWR_RES_NR_SPLIT,Nebo,Mountain Goat,Hunters Choice,Any Legal Weapon,Once-in-a-lifetime,21,3,24,21,3,24,no,no,no,no,,,,HIGH_CONFIRMED_2PLUS,HANUMBER,24,PROMOTE_CANDIDATE_AFTER_REVIEW,https://dwrapps.utah.gov/huntboundary/HuntTableData?species=Mountain+Goat&gender=Hunters+Choice
GO6804,CORE_DRAW_RESULTS_CONTINUING,CLOSED_CORE,yes,Present in 2025 BIBLE and fresh 2026 DWR Hunt Planner table.,LIVE_2026_AND_2025_BIBLE,CONTINUITY,GO,2020|2021|2022|2023|2024|2025,yes,no,yes,yes,OK,LIVE_AND_DATABASE,MATCH,LIVE_DWR_RES_NR_SPLIT,High Uintas Kamas,Mountain Goat,Hunters Choice,Any Legal Weapon,Once-in-a-lifetime,1,0,1,1,0,1,no,no,no,no,,,,HIGH_CONFIRMED_2PLUS,HANUMBER,1,PROMOTE_CANDIDATE_AFTER_REVIEW,https://dwrapps.utah.gov/huntboundary/HuntTableData?species=Mountain+Goat&gender=Hunters+Choice
GO6805,CORE_DRAW_RESULTS_CONTINUING,CLOSED_CORE,yes,Present in 2025 BIBLE and fresh 2026 DWR Hunt Planner table.,LIVE_2026_AND_2025_BIBLE,CONTINUITY,GO,2020|2021|2022|2023|2024|2025,yes,no,yes,yes,OK,LIVE_AND_DATABASE,MATCH,LIVE_DWR_RES_NR_SPLIT,High Uintas Central,Mountain Goat,Hunters Choice,Any Legal Weapon,Once-in-a-lifetime,5,0,5,5,0,5,no,no,no,no,,,,HIGH_CONFIRMED_2PLUS,HANUMBER,5,PROMOTE_CANDIDATE_AFTER_REVIEW,https://dwrapps.utah.gov/huntboundary/HuntTableData?species=Mountain+Goat&gender=Hunters+Choice
GO6806,CORE_DRAW_RESULTS_CONTINUING,CLOSED_CORE,yes,Present in 2025 BIBLE and fresh 2026 DWR Hunt Planner table.,LIVE_2026_AND_2025_BIBLE,CONTINUITY,GO,2020|2021|2022|2023|2024|2025,yes,no,yes,yes,OK,LIVE_AND_DATABASE,MATCH,LIVE_DWR_RES_NR_SPLIT,High Uintas East,Mountain Goat,Hunters Choice,Any Legal Weapon,Once-in-a-lifetime,3,0,3,3,0,3,no,no,no,no,,,,HIGH_CONFIRMED_2PLUS,HANUMBER,3,PROMOTE_CANDIDATE_AFTER_REVIEW,https://dwrapps.utah.gov/huntboundary/HuntTableData?species=Mountain+Goat&gender=Hunters+Choice
GO6807,CORE_DRAW_RESULTS_CONTINUING,CLOSED_CORE,yes,Present in 2025 BIBLE and fresh 2026 DWR Hunt Planner table.,LIVE_2026_AND_2025_BIBLE,CONTINUITY,GO,2020|2021|2022|2023|2024|2025,yes,no,yes,yes,OK,LIVE_AND_DATABASE,MATCH,LIVE_DWR_RES_NR_SPLIT,High Uintas Leidy Peak,Mountain Goat,Hunters Choice,Any Legal Weapon,Once-in-a-lifetime,2,0,2,2,0,2,no,no,no,no,,,,HIGH_CONFIRMED_2PLUS,HANUMBER,2,PROMOTE_CANDIDATE_AFTER_REVIEW,https://dwrapps.utah.gov/huntboundary/HuntTableData?species=Mountain+Goat&gender=Hunters+Choice
GO6808,CORE_DRAW_RESULTS_CONTINUING,CLOSED_CORE,yes,Present in 2025 BIBLE and fresh 2026 DWR Hunt Planner table.,LIVE_2026_AND_2025_BIBLE,CONTINUITY,GO,2020|2021|2022|2023|2024|2025,yes,no,yes,yes,OK,LIVE_AND_DATABASE,MATCH,LIVE_DWR_RES_NR_SPLIT,High Uintas West,Mountain Goat,Hunters Choice,Any Legal Weapon,Once-in-a-lifetime,9,2,11,9,2,11,no,no,yes,no,CONSERVATION_PERMITS_DIRECT,SOURCE_DIFFERS_FROM_CURRENT_RECONCILIATION,,HIGH_CONFIRMED_2PLUS,HANUMBER,11,PROMOTE_CANDIDATE_AFTER_REVIEW,https://dwrapps.utah.gov/huntboundary/HuntTableData?species=Mountain+Goat&gender=Hunters+Choice
GO6810,CORE_DRAW_RESULTS_CONTINUING,CLOSED_CORE,yes,Present in 2025 BIBLE and fresh 2026 DWR Hunt Planner table.,LIVE_2026_AND_2025_BIBLE,CONTINUITY,GO,2020|2021|2022|2023|2024|2025,yes,no,yes,yes,OK,LIVE_AND_DATABASE,MATCH,LIVE_DWR_RES_NR_SPLIT,"Ogden, Willard Peak",Mountain Goat,Hunters Choice,Any Legal Weapon,Once-in-a-lifetime,1,0,1,1,0,1,no,no,no,no,,,,HIGH_CONFIRMED_2PLUS,HANUMBER,1,PROMOTE_CANDIDATE_AFTER_REVIEW,https://dwrapps.utah.gov/huntboundary/HuntTableData?species=Mountain+Goat&gender=Hunters+Choice
GO6813,CORE_DRAW_RESULTS_CONTINUING,CLOSED_CORE,yes,Present in 2025 BIBLE and fresh 2026 DWR Hunt Planner table.,LIVE_2026_AND_2025_BIBLE,CONTINUITY,GO,2020|2021|2022|2023|2024|2025,yes,no,yes,yes,OK,LIVE_AND_DATABASE,MATCH,LIVE_DWR_RES_NR_SPLIT,"Wasatch Mtns, Provo Peak",Mountain Goat,Hunters Choice,Any Legal Weapon,Once-in-a-lifetime,5,0,5,5,0,5,no,no,no,no,,,,HIGH_CONFIRMED_2PLUS,HANUMBER,5,PROMOTE_CANDIDATE_AFTER_REVIEW,https://dwrapps.utah.gov/huntboundary/HuntTableData?species=Mountain+Goat&gender=Hunters+Choice
GO6814,CORE_DRAW_RESULTS_CONTINUING,CLOSED_CORE,yes,Present in 2025 BIBLE and fresh 2026 DWR Hunt Planner table.,LIVE_2026_AND_2025_BIBLE,CONTINUITY,GO,2020|2021|2022|2023|2024|2025,yes,no,yes,yes,OK,LIVE_AND_DATABASE,MATCH,LIVE_DWR_RES_NR_SPLIT,Mt Dutton,Mountain Goat,Hunters Choice,Any Legal Weapon,Once-in-a-lifetime,2,0,2,2,0,2,no,no,no,no,,,,HIGH_CONFIRMED_2PLUS,HANUMBER,2,PROMOTE_CANDIDATE_AFTER_REVIEW,https://dwrapps.utah.gov/huntboundary/HuntTableData?species=Mountain+Goat&gender=Hunters+Choice
GO6815,HISTORICAL_LIBRARY_ONLY,CLOSED_HISTORICAL,no,Historical BIBLE-library code not part of current 2026 live table.,BIBLE_HISTORICAL_ONLY,HISTORICAL_LIBRARY,GO,2020|2021|2022,no,no,no,no,,,,,,,,,,,,,,,,no,no,no,no,,,,,,,,
GO6817,CORE_DRAW_RESULTS_CONTINUING,CLOSED_CORE,yes,Present in 2025 BIBLE and fresh 2026 DWR Hunt Planner table.,LIVE_2026_AND_2025_BIBLE,CONTINUITY,GO,2020|2021|2022|2023|2024|2025,yes,no,yes,yes,OK,LIVE_AND_DATABASE,MATCH,LIVE_DWR_RES_NR_SPLIT,La Sal Mtns,Mountain Goat,Hunters Choice,Any Legal Weapon,Once-in-a-lifetime,10,2,12,10,2,12,no,no,yes,no,CONSERVATION_PERMITS_DIRECT,SOURCE_DIFFERS_FROM_CURRENT_RECONCILIATION,,HIGH_CONFIRMED_2PLUS,HANUMBER,12,PROMOTE_CANDIDATE_AFTER_REVIEW,https://dwrapps.utah.gov/huntboundary/HuntTableData?species=Mountain+Goat&gender=Hunters+Choice
GO6818,CORE_DRAW_RESULTS_CONTINUING,CLOSED_CORE,yes,Present in 2025 BIBLE and fresh 2026 DWR Hunt Planner table.,LIVE_2026_AND_2025_BIBLE,CONTINUITY,GO,2020|2021|2022|2023|2024|2025,yes,no,yes,yes,OK,LIVE_AND_DATABASE,MATCH,LIVE_DWR_RES_NR_SPLIT,"Wasatch Mtns, Box Elder Peak",Mountain Goat,Hunters Choice,Any Legal Weapon,Once-in-a-lifetime,3,0,3,3,0,3,no,no,no,no,,,,HIGH_CONFIRMED_2PLUS,HANUMBER,3,PROMOTE_CANDIDATE_AFTER_REVIEW,https://dwrapps.utah.gov/huntboundary/HuntTableData?species=Mountain+Goat&gender=Hunters+Choice
GO6819,CORE_DRAW_RESULTS_CONTINUING,CLOSED_CORE,yes,Present in 2025 BIBLE and fresh 2026 DWR Hunt Planner table.,LIVE_2026_AND_2025_BIBLE,CONTINUITY,GO,2020|2021|2022|2023|2024|2025,yes,no,yes,yes,OK,LIVE_AND_DATABASE,MATCH,LIVE_DWR_RES_NR_SPLIT,"Wasatch Mtns, Lone Peak",Mountain Goat,Hunters Choice,Any Legal Weapon,Once-in-a-lifetime,1,0,1,1,0,1,no,no,no,no,,,,HIGH_CONFIRMED_2PLUS,HANUMBER,1,PROMOTE_CANDIDATE_AFTER_REVIEW,https://dwrapps.utah.gov/huntboundary/HuntTableData?species=Mountain+Goat&gender=Hunters+Choice
GO6820,CORE_DRAW_RESULTS_CONTINUING,CLOSED_CORE,yes,Present in 2025 BIBLE and fresh 2026 DWR Hunt Planner table.,LIVE_2026_AND_2025_BIBLE,CONTINUITY,GO,2020|2021|2022|2023|2024|2025,yes,no,yes,yes,OK,LIVE_AND_DATABASE,MATCH,LIVE_DWR_RES_NR_SPLIT,"Wasatch Mtns, Timpanogos",Mountain Goat,Hunters Choice,Any Legal Weapon,Once-in-a-lifetime,8,2,10,8,2,10,no,no,yes,no,CONSERVATION_PERMITS_DIRECT,SOURCE_DIFFERS_FROM_CURRENT_RECONCILIATION,,HIGH_CONFIRMED_2PLUS,HANUMBER,10,PROMOTE_CANDIDATE_AFTER_REVIEW,https://dwrapps.utah.gov/huntboundary/HuntTableData?species=Mountain+Goat&gender=Hunters+Choice
GO6821,CORE_DRAW_RESULTS_CONTINUING,CLOSED_CORE,yes,Present in 2025 BIBLE and fresh 2026 DWR Hunt Planner table.,LIVE_2026_AND_2025_BIBLE,CONTINUITY,GO,2020|2021|2022|2023|2024|2025,yes,no,yes,yes,OK,LIVE_AND_DATABASE,MATCH,LIVE_DWR_RES_NR_SPLIT,Nebo,Mountain Goat,Hunters Choice,Archery,Once-in-a-lifetime,12,0,12,12,0,12,no,no,yes,no,CONSERVATION_PERMITS_DIRECT,SOURCE_DIFFERS_FROM_CURRENT_RECONCILIATION,,REVIEW_SOURCE_CONFLICT,HANUMBER,12,REVIEW_BEFORE_PROMOTION,https://dwrapps.utah.gov/huntboundary/HuntTableData?species=Mountain+Goat&gender=Hunters+Choice
GO6822,CORE_DRAW_RESULTS_CONTINUING,CLOSED_CORE,yes,Present in 2025 BIBLE and fresh 2026 DWR Hunt Planner table.,LIVE_2026_AND_2025_BIBLE,CONTINUITY,GO,2023|2024|2025,yes,no,yes,yes,OK,LIVE_AND_DATABASE,MATCH,LIVE_DWR_RES_NR_SPLIT,Beaver,Mountain Goat,Hunters Choice,Archery,Once-in-a-lifetime,2,0,2,2,0,2,no,no,no,no,,,,HIGH_CONFIRMED_2PLUS,HANUMBER,2,PROMOTE_CANDIDATE_AFTER_REVIEW,https://dwrapps.utah.gov/huntboundary/HuntTableData?species=Mountain+Goat&gender=Hunters+Choice
LD1001,SEPARATE_PRIVATE_LAND_LANDOWNER_LAYER,CLOSED_SEPARATE_LAYER,no,Current Hunt Planner private-land/landowner family; separate from comparable BIBLE draw-results core.,LIVE_2026_NOT_IN_2025_BIBLE,PRIVATE_LAND_OR_LANDOWNER_CURRENT_PLANNER,LD,,no,no,yes,yes,OK,LIVE_AND_DATABASE,BOTH_BLANK,LIVE_DWR_NO_QUOTA_PUBLISHED,Paunsaugunt - Private Land Only,Deer,Buck,Archery,Limited Entry - Private Land Only,,,,,,,no,no,no,no,DEER_BUCK_DB_DIRECT,SOURCE_NO_PERMIT_VALUE,,NO_PERMIT_VALUE,NONE,,NO_CURRENT_PERMIT_VALUE_FOUND,https://dwrapps.utah.gov/huntboundary/HuntTableData?species=Deer&gender=Buck
LD1004,SEPARATE_PRIVATE_LAND_LANDOWNER_LAYER,CLOSED_SEPARATE_LAYER,no,Current Hunt Planner private-land/landowner family; separate from comparable BIBLE draw-results core.,LIVE_2026_NOT_IN_2025_BIBLE,PRIVATE_LAND_OR_LANDOWNER_CURRENT_PLANNER,LD,,no,no,yes,yes,OK,LIVE_AND_DATABASE,BOTH_BLANK,LIVE_DWR_NO_QUOTA_PUBLISHED,Paunsaugunt - Private Land Only,Deer,Buck,Any Legal Weapon,Limited Entry - Private Land Only,,,,,,,no,no,no,no,DEER_BUCK_DB_DIRECT,SOURCE_NO_PERMIT_VALUE,,NO_PERMIT_VALUE,NONE,,NO_CURRENT_PERMIT_VALUE_FOUND,https://dwrapps.utah.gov/huntboundary/HuntTableData?species=Deer&gender=Buck
LD1006,SEPARATE_PRIVATE_LAND_LANDOWNER_LAYER,CLOSED_SEPARATE_LAYER,no,Current Hunt Planner private-land/landowner family; separate from comparable BIBLE draw-results core.,LIVE_2026_NOT_IN_2025_BIBLE,PRIVATE_LAND_OR_LANDOWNER_CURRENT_PLANNER,LD,,no,no,yes,yes,OK,LIVE_AND_DATABASE,BOTH_BLANK,LIVE_DWR_NO_QUOTA_PUBLISHED,Paunsaugunt - Private Land Only,Deer,Buck,Muzzleloader,Limited Entry - Private Land Only,,,,,,,no,no,no,no,DEER_BUCK_DB_DIRECT,SOURCE_NO_PERMIT_VALUE,,NO_PERMIT_VALUE,NONE,,NO_CURRENT_PERMIT_VALUE_FOUND,https://dwrapps.utah.gov/huntboundary/HuntTableData?species=Deer&gender=Buck
LD1019,SEPARATE_PRIVATE_LAND_LANDOWNER_LAYER,CLOSED_SEPARATE_LAYER,no,Current Hunt Planner private-land/landowner family; separate from comparable BIBLE draw-results core.,LIVE_2026_NOT_IN_2025_BIBLE,PRIVATE_LAND_OR_LANDOWNER_CURRENT_PLANNER,LD,,no,no,yes,yes,OK,LIVE_AND_DATABASE,BOTH_BLANK,LIVE_DWR_NO_QUOTA_PUBLISHED,"Fillmore, Oak Creek LE - Private Land Only",Deer,Buck,Any Legal Weapon,Limited Entry - Private Land Only,,,,,,,no,no,no,no,DEER_BUCK_DB_DIRECT,SOURCE_NO_PERMIT_VALUE,,NO_PERMIT_VALUE,NONE,,NO_CURRENT_PERMIT_VALUE_FOUND,https://dwrapps.utah.gov/huntboundary/HuntTableData?species=Deer&gender=Buck
LD1023,SEPARATE_PRIVATE_LAND_LANDOWNER_LAYER,CLOSED_SEPARATE_LAYER,no,Current Hunt Planner private-land/landowner family; separate from comparable BIBLE draw-results core.,LIVE_2026_NOT_IN_2025_BIBLE,PRIVATE_LAND_OR_LANDOWNER_CURRENT_PLANNER,LD,,no,no,yes,yes,OK,LIVE_AND_DATABASE,BOTH_BLANK,LIVE_DWR_NO_QUOTA_PUBLISHED,Diamond Mtn - Private Land Only,Deer,Buck,Any Legal Weapon,Limited Entry - Private Land Only,,,,,,,no,no,no,no,DEER_BUCK_DB_DIRECT,SOURCE_NO_PERMIT_VALUE,,NO_PERMIT_VALUE,NONE,,NO_CURRENT_PERMIT_VALUE_FOUND,https://dwrapps.utah.gov/huntboundary/HuntTableData?species=Deer&gender=Buck
LD1108,SEPARATE_PRIVATE_LAND_LANDOWNER_LAYER,CLOSED_SEPARATE_LAYER,no,Current Hunt Planner private-land/landowner family; separate from comparable BIBLE draw-results core.,LIVE_2026_NOT_IN_2025_BIBLE,PRIVATE_LAND_OR_LANDOWNER_CURRENT_PLANNER,LD,,no,no,yes,yes,OK,LIVE_AND_DATABASE,BOTH_BLANK,LIVE_DWR_NO_QUOTA_PUBLISHED,Thousand Lakes - Private Land Only,Deer,Buck,Restricted Rifle,Limited Entry - Private Land Only,,,,,,,no,no,no,no,DEER_BUCK_DB_DIRECT,SOURCE_NO_PERMIT_VALUE,,NO_PERMIT_VALUE,NONE,,NO_CURRENT_PERMIT_VALUE_FOUND,https://dwrapps.utah.gov/huntboundary/HuntTableData?species=Deer&gender=Buck
LO0008,SEPARATE_PRIVATE_LAND_LANDOWNER_LAYER,CLOSED_SEPARATE_LAYER,no,Current Hunt Planner private-land/landowner family; separate from comparable BIBLE draw-results core.,LIVE_2026_NOT_IN_2025_BIBLE,PRIVATE_LAND_OR_LANDOWNER_CURRENT_PLANNER,LO,,no,no,yes,yes,OK,LIVE_AND_DATABASE,BOTH_BLANK,LIVE_DWR_NO_QUOTA_PUBLISHED,Diamond Mtn Landowner Association,Deer,Buck,Archery,Limited Entry - Private Land Only,,,,,,,no,no,no,no,DEER_BUCK_DB_DIRECT,SOURCE_NO_PERMIT_VALUE,,NO_PERMIT_VALUE,NONE,,NO_CURRENT_PERMIT_VALUE_FOUND,https://dwrapps.utah.gov/huntboundary/HuntTableData?species=Deer&gender=Buck
LO0009,SEPARATE_PRIVATE_LAND_LANDOWNER_LAYER,CLOSED_SEPARATE_LAYER,no,Current Hunt Planner private-land/landowner family; separate from comparable BIBLE draw-results core.,LIVE_2026_NOT_IN_2025_BIBLE,PRIVATE_LAND_OR_LANDOWNER_CURRENT_PLANNER,LO,,no,no,yes,yes,OK,LIVE_AND_DATABASE,BOTH_BLANK,LIVE_DWR_NO_QUOTA_PUBLISHED,Diamond Mtn Landowner Association,Deer,Buck,Any Legal Weapon,Limited Entry - Private Land Only,,,,,,,no,no,no,no,DEER_BUCK_DB_DIRECT,SOURCE_NO_PERMIT_VALUE,,NO_PERMIT_VALUE,NONE,,NO_CURRENT_PERMIT_VALUE_FOUND,https://dwrapps.utah.gov/huntboundary/HuntTableData?species=Deer&gender=Buck
LO0010,SEPARATE_PRIVATE_LAND_LANDOWNER_LAYER,CLOSED_SEPARATE_LAYER,no,Current Hunt Planner private-land/landowner family; separate from comparable BIBLE draw-results core.,LIVE_2026_NOT_IN_2025_BIBLE,PRIVATE_LAND_OR_LANDOWNER_CURRENT_PLANNER,LO,,no,no,yes,yes,OK,LIVE_AND_DATABASE,BOTH_BLANK,LIVE_DWR_NO_QUOTA_PUBLISHED,Diamond Mtn Landowner Association,Deer,Buck,Muzzleloader,Limited Entry - Private Land Only,,,,,,,no,no,no,no,DEER_BUCK_DB_DIRECT,SOURCE_NO_PERMIT_VALUE,,NO_PERMIT_VALUE,NONE,,NO_CURRENT_PERMIT_VALUE_FOUND,https://dwrapps.utah.gov/huntboundary/HuntTableData?species=Deer&gender=Buck
LO0011,SEPARATE_PRIVATE_LAND_LANDOWNER_LAYER,CLOSED_SEPARATE_LAYER,no,Current Hunt Planner private-land/landowner family; separate from comparable BIBLE draw-results core.,LIVE_2026_NOT_IN_2025_BIBLE,PRIVATE_LAND_OR_LANDOWNER_CURRENT_PLANNER,LO,,no,no,yes,yes,OK,LIVE_AND_DATABASE,BOTH_BLANK,LIVE_DWR_NO_QUOTA_PUBLISHED,Diamond Mtn Landowner Association,Elk,Bull,Archery,Limited Entry - Private Land Only,,,,,,,no,no,no,no,,,,NO_PERMIT_VALUE,NONE,,NO_CURRENT_PERMIT_VALUE_FOUND,https://dwrapps.utah.gov/huntboundary/HuntTableData?species=Elk&gender=Bull
LO0012,SEPARATE_PRIVATE_LAND_LANDOWNER_LAYER,CLOSED_SEPARATE_LAYER,no,Current Hunt Planner private-land/landowner family; separate from comparable BIBLE draw-results core.,LIVE_2026_NOT_IN_2025_BIBLE,PRIVATE_LAND_OR_LANDOWNER_CURRENT_PLANNER,LO,,no,no,yes,yes,OK,LIVE_AND_DATABASE,BOTH_BLANK,LIVE_DWR_NO_QUOTA_PUBLISHED,Diamond Mtn Landowner Association,Elk,Bull,Any Legal Weapon,Limited Entry - Private Land Only,,,,,,,no,no,no,no,,,,NO_PERMIT_VALUE,NONE,,NO_CURRENT_PERMIT_VALUE_FOUND,https://dwrapps.utah.gov/huntboundary/HuntTableData?species=Elk&gender=Bull
LO0013,SEPARATE_PRIVATE_LAND_LANDOWNER_LAYER,CLOSED_SEPARATE_LAYER,no,Current Hunt Planner private-land/landowner family; separate from comparable BIBLE draw-results core.,LIVE_2026_NOT_IN_2025_BIBLE,PRIVATE_LAND_OR_LANDOWNER_CURRENT_PLANNER,LO,,no,no,yes,yes,OK,LIVE_AND_DATABASE,BOTH_BLANK,LIVE_DWR_NO_QUOTA_PUBLISHED,Diamond Mtn Landowner Association,Elk,Bull,Any Legal Weapon,Limited Entry - Private Land Only,,,,,,,no,no,no,no,,,,NO_PERMIT_VALUE,NONE,,NO_CURRENT_PERMIT_VALUE_FOUND,https://dwrapps.utah.gov/huntboundary/HuntTableData?species=Elk&gender=Bull
LO0014,SEPARATE_PRIVATE_LAND_LANDOWNER_LAYER,CLOSED_SEPARATE_LAYER,no,Current Hunt Planner private-land/landowner family; separate from comparable BIBLE draw-results core.,LIVE_2026_NOT_IN_2025_BIBLE,PRIVATE_LAND_OR_LANDOWNER_CURRENT_PLANNER,LO,,no,no,yes,yes,OK,LIVE_AND_DATABASE,BOTH_BLANK,LIVE_DWR_NO_QUOTA_PUBLISHED,Diamond Mtn Landowner Association,Elk,Bull,Muzzleloader,Limited Entry - Private Land Only,,,,,,,no,no,no,no,,,,NO_PERMIT_VALUE,NONE,,NO_CURRENT_PERMIT_VALUE_FOUND,https://dwrapps.utah.gov/huntboundary/HuntTableData?species=Elk&gender=Bull
LO0015,SEPARATE_PRIVATE_LAND_LANDOWNER_LAYER,CLOSED_SEPARATE_LAYER,no,Current Hunt Planner private-land/landowner family; separate from comparable BIBLE draw-results core.,LIVE_2026_NOT_IN_2025_BIBLE,PRIVATE_LAND_OR_LANDOWNER_CURRENT_PLANNER,LO,,no,no,yes,yes,OK,LIVE_AND_DATABASE,BOTH_BLANK,LIVE_DWR_NO_QUOTA_PUBLISHED,Diamond Mtn Landowner Association,Elk,Bull,Any Legal Weapon,Limited Entry - Private Land Only,,,,,,,no,no,no,no,,,,NO_PERMIT_VALUE,NONE,,NO_CURRENT_PERMIT_VALUE_FOUND,https://dwrapps.utah.gov/huntboundary/HuntTableData?species=Elk&gender=Bull
LO1501,SEPARATE_PRIVATE_LAND_LANDOWNER_LAYER,CLOSED_SEPARATE_LAYER,no,Current Hunt Planner private-land/landowner family; separate from comparable BIBLE draw-results core.,LIVE_2026_NOT_IN_2025_BIBLE,PRIVATE_LAND_OR_LANDOWNER_CURRENT_PLANNER,LO,,no,no,yes,yes,OK,LIVE_AND_DATABASE,BOTH_BLANK,LIVE_DWR_NO_QUOTA_PUBLISHED,Box Elder,Deer,Buck,Archery,General Season - Private Land Only,,,,,,,no,no,no,no,DEER_BUCK_DB_DIRECT,SOURCE_NO_PERMIT_VALUE,,NO_PERMIT_VALUE,NONE,,NO_CURRENT_PERMIT_VALUE_FOUND,https://dwrapps.utah.gov/huntboundary/HuntTableData?species=Deer&gender=Buck
LO1502,SEPARATE_PRIVATE_LAND_LANDOWNER_LAYER,CLOSED_SEPARATE_LAYER,no,Current Hunt Planner private-land/landowner family; separate from comparable BIBLE draw-results core.,LIVE_2026_NOT_IN_2025_BIBLE,PRIVATE_LAND_OR_LANDOWNER_CURRENT_PLANNER,LO,,no,no,yes,yes,OK,LIVE_AND_DATABASE,BOTH_BLANK,LIVE_DWR_NO_QUOTA_PUBLISHED,Cache,Deer,Buck,Archery,General Season - Private Land Only,,,,,,,no,no,no,no,DEER_BUCK_DB_DIRECT,SOURCE_NO_PERMIT_VALUE,,NO_PERMIT_VALUE,NONE,,NO_CURRENT_PERMIT_VALUE_FOUND,https://dwrapps.utah.gov/huntboundary/HuntTableData?species=Deer&gender=Buck
LO1503,SEPARATE_PRIVATE_LAND_LANDOWNER_LAYER,CLOSED_SEPARATE_LAYER,no,Current Hunt Planner private-land/landowner family; separate from comparable BIBLE draw-results core.,LIVE_2026_NOT_IN_2025_BIBLE,PRIVATE_LAND_OR_LANDOWNER_CURRENT_PLANNER,LO,,no,no,yes,yes,OK,LIVE_AND_DATABASE,BOTH_BLANK,LIVE_DWR_NO_QUOTA_PUBLISHED,Manti/San Rafael,Deer,Buck,Archery,General Season - Private Land Only,,,,,,,no,no,no,no,DEER_BUCK_DB_DIRECT,SOURCE_NO_PERMIT_VALUE,,NO_PERMIT_VALUE,NONE,,NO_CURRENT_PERMIT_VALUE_FOUND,https://dwrapps.utah.gov/huntboundary/HuntTableData?species=Deer&gender=Buck
LO1504,SEPARATE_PRIVATE_LAND_LANDOWNER_LAYER,CLOSED_SEPARATE_LAYER,no,Current Hunt Planner private-land/landowner family; separate from comparable BIBLE draw-results core.,LIVE_2026_NOT_IN_2025_BIBLE,PRIVATE_LAND_OR_LANDOWNER_CURRENT_PLANNER,LO,,no,no,yes,yes,OK,LIVE_AND_DATABASE,BOTH_BLANK,LIVE_DWR_NO_QUOTA_PUBLISHED,Nebo,Deer,Buck,Archery,General Season - Private Land Only,,,,,,,no,no,no,no,DEER_BUCK_DB_DIRECT,SOURCE_NO_PERMIT_VALUE,,NO_PERMIT_VALUE,NONE,,NO_CURRENT_PERMIT_VALUE_FOUND,https://dwrapps.utah.gov/huntboundary/HuntTableData?species=Deer&gender=Buck
LO1506,SEPARATE_PRIVATE_LAND_LANDOWNER_LAYER,CLOSED_SEPARATE_LAYER,no,Current Hunt Planner private-land/landowner family; separate from comparable BIBLE draw-results core.,LIVE_2026_NOT_IN_2025_BIBLE,PRIVATE_LAND_OR_LANDOWNER_CURRENT_PLANNER,LO,,no,no,yes,yes,OK,LIVE_AND_DATABASE,BOTH_BLANK,LIVE_DWR_NO_QUOTA_PUBLISHED,Fillmore,Deer,Buck,Archery,General Season - Private Land Only,,,,,,,no,no,no,no,DEER_BUCK_DB_DIRECT,SOURCE_NO_PERMIT_VALUE,,NO_PERMIT_VALUE,NONE,,NO_CURRENT_PERMIT_VALUE_FOUND,https://dwrapps.utah.gov/huntboundary/HuntTableData?species=Deer&gender=Buck
LO1508,SEPARATE_PRIVATE_LAND_LANDOWNER_LAYER,CLOSED_SEPARATE_LAYER,no,Current Hunt Planner private-land/landowner family; separate from comparable BIBLE draw-results core.,LIVE_2026_NOT_IN_2025_BIBLE,PRIVATE_LAND_OR_LANDOWNER_CURRENT_PLANNER,LO,,no,no,yes,yes,OK,LIVE_AND_DATABASE,BOTH_BLANK,LIVE_DWR_NO_QUOTA_PUBLISHED,Kamas,Deer,Buck,Archery,General Season - Private Land Only,,,,,,,no,no,no,no,DEER_BUCK_DB_DIRECT,SOURCE_NO_PERMIT_VALUE,,NO_PERMIT_VALUE,NONE,,NO_CURRENT_PERMIT_VALUE_FOUND,https://dwrapps.utah.gov/huntboundary/HuntTableData?species=Deer&gender=Buck
LO1509,SEPARATE_PRIVATE_LAND_LANDOWNER_LAYER,CLOSED_SEPARATE_LAYER,no,Current Hunt Planner private-land/landowner family; separate from comparable BIBLE draw-results core.,LIVE_2026_NOT_IN_2025_BIBLE,PRIVATE_LAND_OR_LANDOWNER_CURRENT_PLANNER,LO,,no,no,yes,yes,OK,LIVE_AND_DATABASE,BOTH_BLANK,LIVE_DWR_NO_QUOTA_PUBLISHED,"La Sal, La Sal Mtns",Deer,Buck,Archery,General Season - Private Land Only,,,,,,,no,no,no,no,DEER_BUCK_DB_DIRECT,SOURCE_NO_PERMIT_VALUE,,NO_PERMIT_VALUE,NONE,,NO_CURRENT_PERMIT_VALUE_FOUND,https://dwrapps.utah.gov/huntboundary/HuntTableData?species=Deer&gender=Buck
LO1510,SEPARATE_PRIVATE_LAND_LANDOWNER_LAYER,CLOSED_SEPARATE_LAYER,no,Current Hunt Planner private-land/landowner family; separate from comparable BIBLE draw-results core.,LIVE_2026_NOT_IN_2025_BIBLE,PRIVATE_LAND_OR_LANDOWNER_CURRENT_PLANNER,LO,,no,no,yes,yes,OK,LIVE_AND_DATABASE,BOTH_BLANK,LIVE_DWR_NO_QUOTA_PUBLISHED,Monroe,Deer,Buck,Archery,General Season - Private Land Only,,,,,,,no,no,no,no,DEER_BUCK_DB_DIRECT,SOURCE_NO_PERMIT_VALUE,,NO_PERMIT_VALUE,NONE,,NO_CURRENT_PERMIT_VALUE_FOUND,https://dwrapps.utah.gov/huntboundary/HuntTableData?species=Deer&gender=Buck
LO1511,SEPARATE_PRIVATE_LAND_LANDOWNER_LAYER,CLOSED_SEPARATE_LAYER,no,Current Hunt Planner private-land/landowner family; separate from comparable BIBLE draw-results core.,LIVE_2026_NOT_IN_2025_BIBLE,PRIVATE_LAND_OR_LANDOWNER_CURRENT_PLANNER,LO,,no,no,yes,yes,OK,LIVE_AND_DATABASE,BOTH_BLANK,LIVE_DWR_NO_QUOTA_PUBLISHED,Mt Dutton,Deer,Buck,Archery,General Season - Private Land Only,,,,,,,no,no,no,no,DEER_BUCK_DB_DIRECT,SOURCE_NO_PERMIT_VALUE,,NO_PERMIT_VALUE,NONE,,NO_CURRENT_PERMIT_VALUE_FOUND,https://dwrapps.utah.gov/huntboundary/HuntTableData?species=Deer&gender=Buck
LO1512,SEPARATE_PRIVATE_LAND_LANDOWNER_LAYER,CLOSED_SEPARATE_LAYER,no,Current Hunt Planner private-land/landowner family; separate from comparable BIBLE draw-results core.,LIVE_2026_NOT_IN_2025_BIBLE,PRIVATE_LAND_OR_LANDOWNER_CURRENT_PLANNER,LO,,no,no,yes,yes,OK,LIVE_AND_DATABASE,BOTH_BLANK,LIVE_DWR_NO_QUOTA_PUBLISHED,Nine Mile,Deer,Buck,Archery,General Season - Private Land Only,,,,,,,no,no,no,no,DEER_BUCK_DB_DIRECT,SOURCE_NO_PERMIT_VALUE,,NO_PERMIT_VALUE,NONE,,NO_CURRENT_PERMIT_VALUE_FOUND,https://dwrapps.utah.gov/huntboundary/HuntTableData?species=Deer&gender=Buck
LO1513,SEPARATE_PRIVATE_LAND_LANDOWNER_LAYER,CLOSED_SEPARATE_LAYER,no,Current Hunt Planner private-land/landowner family; separate from comparable BIBLE draw-results core.,LIVE_2026_NOT_IN_2025_BIBLE,PRIVATE_LAND_OR_LANDOWNER_CURRENT_PLANNER,LO,,no,no,yes,yes,OK,LIVE_AND_DATABASE,BOTH_BLANK,LIVE_DWR_NO_QUOTA_PUBLISHED,North Slope,Deer,Buck,Archery,General Season - Private Land Only,,,,,,,no,no,no,no,DEER_BUCK_DB_DIRECT,SOURCE_NO_PERMIT_VALUE,,NO_PERMIT_VALUE,NONE,,NO_CURRENT_PERMIT_VALUE_FOUND,https://dwrapps.utah.gov/huntboundary/HuntTableData?species=Deer&gender=Buck
LO1514,SEPARATE_PRIVATE_LAND_LANDOWNER_LAYER,CLOSED_SEPARATE_LAYER,no,Current Hunt Planner private-land/landowner family; separate from comparable BIBLE draw-results core.,LIVE_2026_NOT_IN_2025_BIBLE,PRIVATE_LAND_OR_LANDOWNER_CURRENT_PLANNER,LO,,no,no,yes,yes,OK,LIVE_AND_DATABASE,BOTH_BLANK,LIVE_DWR_NO_QUOTA_PUBLISHED,Ogden,Deer,Buck,Archery,General Season - Private Land Only,,,,,,,no,no,no,no,DEER_BUCK_DB_DIRECT,SOURCE_NO_PERMIT_VALUE,,NO_PERMIT_VALUE,NONE,,NO_CURRENT_PERMIT_VALUE_FOUND,https://dwrapps.utah.gov/huntboundary/HuntTableData?species=Deer&gender=Buck
LO1516,SEPARATE_PRIVATE_LAND_LANDOWNER_LAYER,CLOSED_SEPARATE_LAYER,no,Current Hunt Planner private-land/landowner family; separate from comparable BIBLE draw-results core.,LIVE_2026_NOT_IN_2025_BIBLE,PRIVATE_LAND_OR_LANDOWNER_CURRENT_PLANNER,LO,,no,no,yes,yes,OK,LIVE_AND_DATABASE,BOTH_BLANK,LIVE_DWR_NO_QUOTA_PUBLISHED,Panguitch Lake,Deer,Buck,Archery,General Season - Private Land Only,,,,,,,no,no,no,no,DEER_BUCK_DB_DIRECT,SOURCE_NO_PERMIT_VALUE,,NO_PERMIT_VALUE,NONE,,NO_CURRENT_PERMIT_VALUE_FOUND,https://dwrapps.utah.gov/huntboundary/HuntTableData?species=Deer&gender=Buck
LO1517,SEPARATE_PRIVATE_LAND_LANDOWNER_LAYER,CLOSED_SEPARATE_LAYER,no,Current Hunt Planner private-land/landowner family; separate from comparable BIBLE draw-results core.,LIVE_2026_NOT_IN_2025_BIBLE,PRIVATE_LAND_OR_LANDOWNER_CURRENT_PLANNER,LO,,no,no,yes,yes,OK,LIVE_AND_DATABASE,BOTH_BLANK,LIVE_DWR_NO_QUOTA_PUBLISHED,Pine Valley,Deer,Buck,Archery,General Season - Private Land Only,,,,,,,no,no,no,no,DEER_BUCK_DB_DIRECT,SOURCE_NO_PERMIT_VALUE,,NO_PERMIT_VALUE,NONE,,NO_CURRENT_PERMIT_VALUE_FOUND,https://dwrapps.utah.gov/huntboundary/HuntTableData?species=Deer&gender=Buck
LO1518,SEPARATE_PRIVATE_LAND_LANDOWNER_LAYER,CLOSED_SEPARATE_LAYER,no,Current Hunt Planner private-land/landowner family; separate from comparable BIBLE draw-results core.,LIVE_2026_NOT_IN_2025_BIBLE,PRIVATE_LAND_OR_LANDOWNER_CURRENT_PLANNER,LO,,no,no,yes,yes,OK,LIVE_AND_DATABASE,BOTH_BLANK,LIVE_DWR_NO_QUOTA_PUBLISHED,Boulder/Kaiparowits,Deer,Buck,Archery,General Season - Private Land Only,,,,,,,no,no,no,no,DEER_BUCK_DB_DIRECT,SOURCE_NO_PERMIT_VALUE,,NO_PERMIT_VALUE,NONE,,NO_CURRENT_PERMIT_VALUE_FOUND,https://dwrapps.utah.gov/huntboundary/HuntTableData?species=Deer&gender=Buck
LO1519,SEPARATE_PRIVATE_LAND_LANDOWNER_LAYER,CLOSED_SEPARATE_LAYER,no,Current Hunt Planner private-land/landowner family; separate from comparable BIBLE draw-results core.,LIVE_2026_NOT_IN_2025_BIBLE,PRIVATE_LAND_OR_LANDOWNER_CURRENT_PLANNER,LO,,no,no,yes,yes,OK,LIVE_AND_DATABASE,BOTH_BLANK,LIVE_DWR_NO_QUOTA_PUBLISHED,Fishlake,Deer,Buck,Archery,General Season - Private Land Only,,,,,,,no,no,no,no,DEER_BUCK_DB_DIRECT,SOURCE_NO_PERMIT_VALUE,,NO_PERMIT_VALUE,NONE,,NO_CURRENT_PERMIT_VALUE_FOUND,https://dwrapps.utah.gov/huntboundary/HuntTableData?species=Deer&gender=Buck
LO1521,SEPARATE_PRIVATE_LAND_LANDOWNER_LAYER,CLOSED_SEPARATE_LAYER,no,Current Hunt Planner private-land/landowner family; separate from comparable BIBLE draw-results core.,LIVE_2026_NOT_IN_2025_BIBLE,PRIVATE_LAND_OR_LANDOWNER_CURRENT_PLANNER,LO,,no,no,yes,yes,OK,LIVE_AND_DATABASE,BOTH_BLANK,LIVE_DWR_NO_QUOTA_PUBLISHED,"San Juan, Abajo Mtns",Deer,Buck,Archery,General Season - Private Land Only,,,,,,,no,no,no,no,DEER_BUCK_DB_DIRECT,SOURCE_NO_PERMIT_VALUE,,NO_PERMIT_VALUE,NONE,,NO_CURRENT_PERMIT_VALUE_FOUND,https://dwrapps.utah.gov/huntboundary/HuntTableData?species=Deer&gender=Buck
LO1522,SEPARATE_PRIVATE_LAND_LANDOWNER_LAYER,CLOSED_SEPARATE_LAYER,no,Current Hunt Planner private-land/landowner family; separate from comparable BIBLE draw-results core.,LIVE_2026_NOT_IN_2025_BIBLE,PRIVATE_LAND_OR_LANDOWNER_CURRENT_PLANNER,LO,,no,no,yes,yes,OK,LIVE_AND_DATABASE,BOTH_BLANK,LIVE_DWR_NO_QUOTA_PUBLISHED,Vernal/Bonanza,Deer,Buck,Archery,General Season - Private Land Only,,,,,,,no,no,no,no,DEER_BUCK_DB_DIRECT,SOURCE_NO_PERMIT_VALUE,,NO_PERMIT_VALUE,NONE,,NO_CURRENT_PERMIT_VALUE_FOUND,https://dwrapps.utah.gov/huntboundary/HuntTableData?species=Deer&gender=Buck
LO1523,SEPARATE_PRIVATE_LAND_LANDOWNER_LAYER,CLOSED_SEPARATE_LAYER,no,Current Hunt Planner private-land/landowner family; separate from comparable BIBLE draw-results core.,LIVE_2026_NOT_IN_2025_BIBLE,PRIVATE_LAND_OR_LANDOWNER_CURRENT_PLANNER,LO,,no,no,yes,yes,OK,LIVE_AND_DATABASE,BOTH_BLANK,LIVE_DWR_NO_QUOTA_PUBLISHED,Yellowstone,Deer,Buck,Archery,General Season - Private Land Only,,,,,,,no,no,no,no,DEER_BUCK_DB_DIRECT,SOURCE_NO_PERMIT_VALUE,,NO_PERMIT_VALUE,NONE,,NO_CURRENT_PERMIT_VALUE_FOUND,https://dwrapps.utah.gov/huntboundary/HuntTableData?species=Deer&gender=Buck
LO1524,SEPARATE_PRIVATE_LAND_LANDOWNER_LAYER,CLOSED_SEPARATE_LAYER,no,Current Hunt Planner private-land/landowner family; separate from comparable BIBLE draw-results core.,LIVE_2026_NOT_IN_2025_BIBLE,PRIVATE_LAND_OR_LANDOWNER_CURRENT_PLANNER,LO,,no,no,yes,yes,OK,LIVE_AND_DATABASE,BOTH_BLANK,LIVE_DWR_NO_QUOTA_PUBLISHED,Southwest Desert,Deer,Buck,Archery,General Season - Private Land Only,,,,,,,no,no,no,no,DEER_BUCK_DB_DIRECT,SOURCE_NO_PERMIT_VALUE,,NO_PERMIT_VALUE,NONE,,NO_CURRENT_PERMIT_VALUE_FOUND,https://dwrapps.utah.gov/huntboundary/HuntTableData?species=Deer&gender=Buck
LO1525,SEPARATE_PRIVATE_LAND_LANDOWNER_LAYER,CLOSED_SEPARATE_LAYER,no,Current Hunt Planner private-land/landowner family; separate from comparable BIBLE draw-results core.,LIVE_2026_NOT_IN_2025_BIBLE,PRIVATE_LAND_OR_LANDOWNER_CURRENT_PLANNER,LO,,no,no,yes,yes,OK,LIVE_AND_DATABASE,BOTH_BLANK,LIVE_DWR_NO_QUOTA_PUBLISHED,"Wasatch Mtns, East",Deer,Buck,Archery,General Season - Private Land Only,,,,,,,no,no,no,no,DEER_BUCK_DB_DIRECT,SOURCE_NO_PERMIT_VALUE,,NO_PERMIT_VALUE,NONE,,NO_CURRENT_PERMIT_VALUE_FOUND,https://dwrapps.utah.gov/huntboundary/HuntTableData?species=Deer&gender=Buck
LO1526,SEPARATE_PRIVATE_LAND_LANDOWNER_LAYER,CLOSED_SEPARATE_LAYER,no,Current Hunt Planner private-land/landowner family; separate from comparable BIBLE draw-results core.,LIVE_2026_NOT_IN_2025_BIBLE,PRIVATE_LAND_OR_LANDOWNER_CURRENT_PLANNER,LO,,no,no,yes,yes,OK,LIVE_AND_DATABASE,BOTH_BLANK,LIVE_DWR_NO_QUOTA_PUBLISHED,"Wasatch Mtns, West",Deer,Buck,Archery,General Season - Private Land Only,,,,,,,no,no,no,no,DEER_BUCK_DB_DIRECT,SOURCE_NO_PERMIT_VALUE,,NO_PERMIT_VALUE,NONE,,NO_CURRENT_PERMIT_VALUE_FOUND,https://dwrapps.utah.gov/huntboundary/HuntTableData?species=Deer&gender=Buck
LO1529,SEPARATE_PRIVATE_LAND_LANDOWNER_LAYER,CLOSED_SEPARATE_LAYER,no,Current Hunt Planner private-land/landowner family; separate from comparable BIBLE draw-results core.,LIVE_2026_NOT_IN_2025_BIBLE,PRIVATE_LAND_OR_LANDOWNER_CURRENT_PLANNER,LO,,no,no,yes,yes,OK,LIVE_AND_DATABASE,BOTH_BLANK,LIVE_DWR_NO_QUOTA_PUBLISHED,Zion,Deer,Buck,Archery,General Season - Private Land Only,,,,,,,no,no,no,no,DEER_BUCK_DB_DIRECT,SOURCE_NO_PERMIT_VALUE,,NO_PERMIT_VALUE,NONE,,NO_CURRENT_PERMIT_VALUE_FOUND,https://dwrapps.utah.gov/huntboundary/HuntTableData?species=Deer&gender=Buck
LO1531,SEPARATE_PRIVATE_LAND_LANDOWNER_LAYER,CLOSED_SEPARATE_LAYER,no,Current Hunt Planner private-land/landowner family; separate from comparable BIBLE draw-results core.,LIVE_2026_NOT_IN_2025_BIBLE,PRIVATE_LAND_OR_LANDOWNER_CURRENT_PLANNER,LO,,no,no,yes,yes,OK,LIVE_AND_DATABASE,LIVE_NO_QUOTA_DATABASE_PRESERVED,LIVE_DWR_NO_QUOTA_PUBLISHED,Box Elder,Deer,Buck,Any Legal Weapon (Late),General Season - Private Land Only,,,,,,2,no,no,no,no,DEER_BUCK_DB_DIRECT,SOURCE_NO_PERMIT_VALUE,,REVIEW_REQUIRED,NONE_EXTERNAL_DATABASE_REFERENCE_ONLY,,FIND_EXTERNAL_SOURCE_BEFORE_PROMOTION,https://dwrapps.utah.gov/huntboundary/HuntTableData?species=Deer&gender=Buck
LO1533,SEPARATE_PRIVATE_LAND_LANDOWNER_LAYER,CLOSED_SEPARATE_LAYER,no,Current Hunt Planner private-land/landowner family; separate from comparable BIBLE draw-results core.,LIVE_2026_NOT_IN_2025_BIBLE,PRIVATE_LAND_OR_LANDOWNER_CURRENT_PLANNER,LO,,no,no,yes,yes,OK,LIVE_AND_DATABASE,BOTH_BLANK,LIVE_DWR_NO_QUOTA_PUBLISHED,Manti/San Rafael,Deer,Buck,Any Legal Weapon (Late),General Season - Private Land Only,,,,,,,no,no,no,no,DEER_BUCK_DB_DIRECT,SOURCE_NO_PERMIT_VALUE,,NO_PERMIT_VALUE,NONE,,NO_CURRENT_PERMIT_VALUE_FOUND,https://dwrapps.utah.gov/huntboundary/HuntTableData?species=Deer&gender=Buck
LO1534,SEPARATE_PRIVATE_LAND_LANDOWNER_LAYER,CLOSED_SEPARATE_LAYER,no,Current Hunt Planner private-land/landowner family; separate from comparable BIBLE draw-results core.,LIVE_2026_NOT_IN_2025_BIBLE,PRIVATE_LAND_OR_LANDOWNER_CURRENT_PLANNER,LO,,no,no,yes,yes,OK,LIVE_AND_DATABASE,LIVE_NO_QUOTA_DATABASE_PRESERVED,LIVE_DWR_NO_QUOTA_PUBLISHED,Nebo,Deer,Buck,Any Legal Weapon (Late),General Season - Private Land Only,,,,,,2,no,no,no,no,DEER_BUCK_DB_DIRECT,SOURCE_NO_PERMIT_VALUE,,REVIEW_REQUIRED,NONE_EXTERNAL_DATABASE_REFERENCE_ONLY,,FIND_EXTERNAL_SOURCE_BEFORE_PROMOTION,https://dwrapps.utah.gov/huntboundary/HuntTableData?species=Deer&gender=Buck
LO1536,SEPARATE_PRIVATE_LAND_LANDOWNER_LAYER,CLOSED_SEPARATE_LAYER,no,Current Hunt Planner private-land/landowner family; separate from comparable BIBLE draw-results core.,LIVE_2026_NOT_IN_2025_BIBLE,PRIVATE_LAND_OR_LANDOWNER_CURRENT_PLANNER,LO,,no,no,yes,yes,OK,LIVE_AND_DATABASE,LIVE_NO_QUOTA_DATABASE_PRESERVED,LIVE_DWR_NO_QUOTA_PUBLISHED,Fillmore,Deer,Buck,Any Legal Weapon (Late),General Season - Private Land Only,,,,,,2,no,no,no,no,DEER_BUCK_DB_DIRECT,SOURCE_NO_PERMIT_VALUE,,REVIEW_REQUIRED,NONE_EXTERNAL_DATABASE_REFERENCE_ONLY,,FIND_EXTERNAL_SOURCE_BEFORE_PROMOTION,https://dwrapps.utah.gov/huntboundary/HuntTableData?species=Deer&gender=Buck
LO1538,SEPARATE_PRIVATE_LAND_LANDOWNER_LAYER,CLOSED_SEPARATE_LAYER,no,Current Hunt Planner private-land/landowner family; separate from comparable BIBLE draw-results core.,LIVE_2026_NOT_IN_2025_BIBLE,PRIVATE_LAND_OR_LANDOWNER_CURRENT_PLANNER,LO,,no,no,yes,yes,OK,LIVE_AND_DATABASE,LIVE_NO_QUOTA_DATABASE_PRESERVED,LIVE_DWR_NO_QUOTA_PUBLISHED,Kamas,Deer,Buck,Any Legal Weapon (Late),General Season - Private Land Only,,,,,,2,no,no,no,no,DEER_BUCK_DB_DIRECT,SOURCE_NO_PERMIT_VALUE,,REVIEW_REQUIRED,NONE_EXTERNAL_DATABASE_REFERENCE_ONLY,,FIND_EXTERNAL_SOURCE_BEFORE_PROMOTION,https://dwrapps.utah.gov/huntboundary/HuntTableData?species=Deer&gender=Buck
LO1539,SEPARATE_PRIVATE_LAND_LANDOWNER_LAYER,CLOSED_SEPARATE_LAYER,no,Current Hunt Planner private-land/landowner family; separate from comparable BIBLE draw-results core.,LIVE_2026_NOT_IN_2025_BIBLE,PRIVATE_LAND_OR_LANDOWNER_CURRENT_PLANNER,LO,,no,no,yes,yes,OK,LIVE_AND_DATABASE,BOTH_BLANK,LIVE_DWR_NO_QUOTA_PUBLISHED,"La Sal, La Sal Mtns",Deer,Buck,Any Legal Weapon (Late),General Season - Private Land Only,,,,,,,no,no,no,no,DEER_BUCK_DB_DIRECT,SOURCE_NO_PERMIT_VALUE,,NO_PERMIT_VALUE,NONE,,NO_CURRENT_PERMIT_VALUE_FOUND,https://dwrapps.utah.gov/huntboundary/HuntTableData?species=Deer&gender=Buck
LO1540,SEPARATE_PRIVATE_LAND_LANDOWNER_LAYER,CLOSED_SEPARATE_LAYER,no,Current Hunt Planner private-land/landowner family; separate from comparable BIBLE draw-results core.,LIVE_2026_NOT_IN_2025_BIBLE,PRIVATE_LAND_OR_LANDOWNER_CURRENT_PLANNER,LO,,no,no,yes,yes,OK,LIVE_AND_DATABASE,LIVE_NO_QUOTA_DATABASE_PRESERVED,LIVE_DWR_NO_QUOTA_PUBLISHED,Monroe,Deer,Buck,Any Legal Weapon (Late),General Season - Private Land Only,,,,,,2,no,no,no,no,DEER_BUCK_DB_DIRECT,SOURCE_NO_PERMIT_VALUE,,REVIEW_REQUIRED,NONE_EXTERNAL_DATABASE_REFERENCE_ONLY,,FIND_EXTERNAL_SOURCE_BEFORE_PROMOTION,https://dwrapps.utah.gov/huntboundary/HuntTableData?species=Deer&gender=Buck
LO1541,SEPARATE_PRIVATE_LAND_LANDOWNER_LAYER,CLOSED_SEPARATE_LAYER,no,Current Hunt Planner private-land/landowner family; separate from comparable BIBLE draw-results core.,LIVE_2026_NOT_IN_2025_BIBLE,PRIVATE_LAND_OR_LANDOWNER_CURRENT_PLANNER,LO,,no,no,yes,yes,OK,LIVE_AND_DATABASE,LIVE_NO_QUOTA_DATABASE_PRESERVED,LIVE_DWR_NO_QUOTA_PUBLISHED,Mt Dutton,Deer,Buck,Any Legal Weapon (Late),General Season - Private Land Only,,,,,,2,no,no,no,no,DEER_BUCK_DB_DIRECT,SOURCE_NO_PERMIT_VALUE,,REVIEW_REQUIRED,NONE_EXTERNAL_DATABASE_REFERENCE_ONLY,,FIND_EXTERNAL_SOURCE_BEFORE_PROMOTION,https://dwrapps.utah.gov/huntboundary/HuntTableData?species=Deer&gender=Buck
LO1542,SEPARATE_PRIVATE_LAND_LANDOWNER_LAYER,CLOSED_SEPARATE_LAYER,no,Current Hunt Planner private-land/landowner family; separate from comparable BIBLE draw-results core.,LIVE_2026_NOT_IN_2025_BIBLE,PRIVATE_LAND_OR_LANDOWNER_CURRENT_PLANNER,LO,,no,no,yes,yes,OK,LIVE_AND_DATABASE,LIVE_NO_QUOTA_DATABASE_PRESERVED,LIVE_DWR_NO_QUOTA_PUBLISHED,Nine Mile,Deer,Buck,Any Legal Weapon (Late),General Season - Private Land Only,,,,,,2,no,no,no,no,DEER_BUCK_DB_DIRECT,SOURCE_NO_PERMIT_VALUE,,REVIEW_REQUIRED,NONE_EXTERNAL_DATABASE_REFERENCE_ONLY,,FIND_EXTERNAL_SOURCE_BEFORE_PROMOTION,https://dwrapps.utah.gov/huntboundary/HuntTableData?species=Deer&gender=Buck
LO1543,SEPARATE_PRIVATE_LAND_LANDOWNER_LAYER,CLOSED_SEPARATE_LAYER,no,Current Hunt Planner private-land/landowner family; separate from comparable BIBLE draw-results core.,LIVE_2026_NOT_IN_2025_BIBLE,PRIVATE_LAND_OR_LANDOWNER_CURRENT_PLANNER,LO,,no,no,yes,yes,OK,LIVE_AND_DATABASE,BOTH_BLANK,LIVE_DWR_NO_QUOTA_PUBLISHED,North Slope,Deer,Buck,Any Legal Weapon (Late),General Season - Private Land Only,,,,,,,no,no,no,no,DEER_BUCK_DB_DIRECT,SOURCE_NO_PERMIT_VALUE,,NO_PERMIT_VALUE,NONE,,NO_CURRENT_PERMIT_VALUE_FOUND,https://dwrapps.utah.gov/huntboundary/HuntTableData?species=Deer&gender=Buck
LO1544,SEPARATE_PRIVATE_LAND_LANDOWNER_LAYER,CLOSED_SEPARATE_LAYER,no,Current Hunt Planner private-land/landowner family; separate from comparable BIBLE draw-results core.,LIVE_2026_NOT_IN_2025_BIBLE,PRIVATE_LAND_OR_LANDOWNER_CURRENT_PLANNER,LO,,no,no,yes,yes,OK,LIVE_AND_DATABASE,LIVE_NO_QUOTA_DATABASE_PRESERVED,LIVE_DWR_NO_QUOTA_PUBLISHED,Ogden,Deer,Buck,Any Legal Weapon (Late),General Season - Private Land Only,,,,,,2,no,no,no,no,DEER_BUCK_DB_DIRECT,SOURCE_NO_PERMIT_VALUE,,REVIEW_REQUIRED,NONE_EXTERNAL_DATABASE_REFERENCE_ONLY,,FIND_EXTERNAL_SOURCE_BEFORE_PROMOTION,https://dwrapps.utah.gov/huntboundary/HuntTableData?species=Deer&gender=Buck
LO1546,SEPARATE_PRIVATE_LAND_LANDOWNER_LAYER,CLOSED_SEPARATE_LAYER,no,Current Hunt Planner private-land/landowner family; separate from comparable BIBLE draw-results core.,LIVE_2026_NOT_IN_2025_BIBLE,PRIVATE_LAND_OR_LANDOWNER_CURRENT_PLANNER,LO,,no,no,yes,yes,OK,LIVE_AND_DATABASE,BOTH_BLANK,LIVE_DWR_NO_QUOTA_PUBLISHED,Panguitch Lake,Deer,Buck,Any Legal Weapon (Late),General Season - Private Land Only,,,,,,,no,no,no,no,DEER_BUCK_DB_DIRECT,SOURCE_NO_PERMIT_VALUE,,NO_PERMIT_VALUE,NONE,,NO_CURRENT_PERMIT_VALUE_FOUND,https://dwrapps.utah.gov/huntboundary/HuntTableData?species=Deer&gender=Buck
LO1547,SEPARATE_PRIVATE_LAND_LANDOWNER_LAYER,CLOSED_SEPARATE_LAYER,no,Current Hunt Planner private-land/landowner family; separate from comparable BIBLE draw-results core.,LIVE_2026_NOT_IN_2025_BIBLE,PRIVATE_LAND_OR_LANDOWNER_CURRENT_PLANNER,LO,,no,no,yes,yes,OK,LIVE_AND_DATABASE,LIVE_NO_QUOTA_DATABASE_PRESERVED,LIVE_DWR_NO_QUOTA_PUBLISHED,Pine Valley,Deer,Buck,Any Legal Weapon (Late),General Season - Private Land Only,,,,,,2,no,no,no,no,DEER_BUCK_DB_DIRECT,SOURCE_NO_PERMIT_VALUE,,REVIEW_REQUIRED,NONE_EXTERNAL_DATABASE_REFERENCE_ONLY,,FIND_EXTERNAL_SOURCE_BEFORE_PROMOTION,https://dwrapps.utah.gov/huntboundary/HuntTableData?species=Deer&gender=Buck
LO1549,SEPARATE_PRIVATE_LAND_LANDOWNER_LAYER,CLOSED_SEPARATE_LAYER,no,Current Hunt Planner private-land/landowner family; separate from comparable BIBLE draw-results core.,LIVE_2026_NOT_IN_2025_BIBLE,PRIVATE_LAND_OR_LANDOWNER_CURRENT_PLANNER,LO,,no,no,yes,yes,OK,LIVE_AND_DATABASE,LIVE_NO_QUOTA_DATABASE_PRESERVED,LIVE_DWR_NO_QUOTA_PUBLISHED,Fishlake,Deer,Buck,Any Legal Weapon (Late),General Season - Private Land Only,,,,,,2,no,no,no,no,DEER_BUCK_DB_DIRECT,SOURCE_NO_PERMIT_VALUE,,REVIEW_REQUIRED,NONE_EXTERNAL_DATABASE_REFERENCE_ONLY,,FIND_EXTERNAL_SOURCE_BEFORE_PROMOTION,https://dwrapps.utah.gov/huntboundary/HuntTableData?species=Deer&gender=Buck
LO1551,SEPARATE_PRIVATE_LAND_LANDOWNER_LAYER,CLOSED_SEPARATE_LAYER,no,Current Hunt Planner private-land/landowner family; separate from comparable BIBLE draw-results core.,LIVE_2026_NOT_IN_2025_BIBLE,PRIVATE_LAND_OR_LANDOWNER_CURRENT_PLANNER,LO,,no,no,yes,yes,OK,LIVE_AND_DATABASE,BOTH_BLANK,LIVE_DWR_NO_QUOTA_PUBLISHED,"San Juan, Abajo Mtns",Deer,Buck,Any Legal Weapon (Late),General Season - Private Land Only,,,,,,,no,no,no,no,DEER_BUCK_DB_DIRECT,SOURCE_NO_PERMIT_VALUE,,NO_PERMIT_VALUE,NONE,,NO_CURRENT_PERMIT_VALUE_FOUND,https://dwrapps.utah.gov/huntboundary/HuntTableData?species=Deer&gender=Buck
LO1552,SEPARATE_PRIVATE_LAND_LANDOWNER_LAYER,CLOSED_SEPARATE_LAYER,no,Current Hunt Planner private-land/landowner family; separate from comparable BIBLE draw-results core.,LIVE_2026_NOT_IN_2025_BIBLE,PRIVATE_LAND_OR_LANDOWNER_CURRENT_PLANNER,LO,,no,no,yes,yes,OK,LIVE_AND_DATABASE,BOTH_BLANK,LIVE_DWR_NO_QUOTA_PUBLISHED,Vernal/Bonanza,Deer,Buck,Any Legal Weapon (Late),General Season - Private Land Only,,,,,,,no,no,no,no,DEER_BUCK_DB_DIRECT,SOURCE_NO_PERMIT_VALUE,,NO_PERMIT_VALUE,NONE,,NO_CURRENT_PERMIT_VALUE_FOUND,https://dwrapps.utah.gov/huntboundary/HuntTableData?species=Deer&gender=Buck
LO1553,SEPARATE_PRIVATE_LAND_LANDOWNER_LAYER,CLOSED_SEPARATE_LAYER,no,Current Hunt Planner private-land/landowner family; separate from comparable BIBLE draw-results core.,LIVE_2026_NOT_IN_2025_BIBLE,PRIVATE_LAND_OR_LANDOWNER_CURRENT_PLANNER,LO,,no,no,yes,yes,OK,LIVE_AND_DATABASE,BOTH_BLANK,LIVE_DWR_NO_QUOTA_PUBLISHED,Yellowstone,Deer,Buck,Any Legal Weapon (Late),General Season - Private Land Only,,,,,,,no,no,no,no,DEER_BUCK_DB_DIRECT,SOURCE_NO_PERMIT_VALUE,,NO_PERMIT_VALUE,NONE,,NO_CURRENT_PERMIT_VALUE_FOUND,https://dwrapps.utah.gov/huntboundary/HuntTableData?species=Deer&gender=Buck
LO1554,SEPARATE_PRIVATE_LAND_LANDOWNER_LAYER,CLOSED_SEPARATE_LAYER,no,Current Hunt Planner private-land/landowner family; separate from comparable BIBLE draw-results core.,LIVE_2026_NOT_IN_2025_BIBLE,PRIVATE_LAND_OR_LANDOWNER_CURRENT_PLANNER,LO,,no,no,yes,yes,OK,LIVE_AND_DATABASE,BOTH_BLANK,LIVE_DWR_NO_QUOTA_PUBLISHED,Southwest Desert,Deer,Buck,Any Legal Weapon (Late),General Season - Private Land Only,,,,,,,no,no,no,no,DEER_BUCK_DB_DIRECT,SOURCE_NO_PERMIT_VALUE,,NO_PERMIT_VALUE,NONE,,NO_CURRENT_PERMIT_VALUE_FOUND,https://dwrapps.utah.gov/huntboundary/HuntTableData?species=Deer&gender=Buck
LO1555,SEPARATE_PRIVATE_LAND_LANDOWNER_LAYER,CLOSED_SEPARATE_LAYER,no,Current Hunt Planner private-land/landowner family; separate from comparable BIBLE draw-results core.,LIVE_2026_NOT_IN_2025_BIBLE,PRIVATE_LAND_OR_LANDOWNER_CURRENT_PLANNER,LO,,no,no,yes,yes,OK,LIVE_AND_DATABASE,BOTH_BLANK,LIVE_DWR_NO_QUOTA_PUBLISHED,"Wasatch Mtns, East",Deer,Buck,Any Legal Weapon (Late),General Season - Private Land Only,,,,,,,no,no,no,no,DEER_BUCK_DB_DIRECT,SOURCE_NO_PERMIT_VALUE,,NO_PERMIT_VALUE,NONE,,NO_CURRENT_PERMIT_VALUE_FOUND,https://dwrapps.utah.gov/huntboundary/HuntTableData?species=Deer&gender=Buck
LO1556,SEPARATE_PRIVATE_LAND_LANDOWNER_LAYER,CLOSED_SEPARATE_LAYER,no,Current Hunt Planner private-land/landowner family; separate from comparable BIBLE draw-results core.,LIVE_2026_NOT_IN_2025_BIBLE,PRIVATE_LAND_OR_LANDOWNER_CURRENT_PLANNER,LO,,no,no,yes,yes,OK,LIVE_AND_DATABASE,BOTH_BLANK,LIVE_DWR_NO_QUOTA_PUBLISHED,"Wasatch Mtns, West",Deer,Buck,Any Legal Weapon (Late),General Season - Private Land Only,,,,,,,no,no,no,no,DEER_BUCK_DB_DIRECT,SOURCE_NO_PERMIT_VALUE,,NO_PERMIT_VALUE,NONE,,NO_CURRENT_PERMIT_VALUE_FOUND,https://dwrapps.utah.gov/huntboundary/HuntTableData?species=Deer&gender=Buck
LO1559,SEPARATE_PRIVATE_LAND_LANDOWNER_LAYER,CLOSED_SEPARATE_LAYER,no,Current Hunt Planner private-land/landowner family; separate from comparable BIBLE draw-results core.,LIVE_2026_NOT_IN_2025_BIBLE,PRIVATE_LAND_OR_LANDOWNER_CURRENT_PLANNER,LO,,no,no,yes,yes,OK,LIVE_AND_DATABASE,LIVE_NO_QUOTA_DATABASE_PRESERVED,LIVE_DWR_NO_QUOTA_PUBLISHED,Zion,Deer,Buck,Any Legal Weapon (Late),General Season - Private Land Only,,,,,,2,no,no,no,no,DEER_BUCK_DB_DIRECT,SOURCE_NO_PERMIT_VALUE,,REVIEW_REQUIRED,NONE_EXTERNAL_DATABASE_REFERENCE_ONLY,,FIND_EXTERNAL_SOURCE_BEFORE_PROMOTION,https://dwrapps.utah.gov/huntboundary/HuntTableData?species=Deer&gender=Buck
LO1561,SEPARATE_PRIVATE_LAND_LANDOWNER_LAYER,CLOSED_SEPARATE_LAYER,no,Current Hunt Planner private-land/landowner family; separate from comparable BIBLE draw-results core.,LIVE_2026_NOT_IN_2025_BIBLE,PRIVATE_LAND_OR_LANDOWNER_CURRENT_PLANNER,LO,,no,no,yes,yes,OK,LIVE_AND_DATABASE,BOTH_BLANK,LIVE_DWR_NO_QUOTA_PUBLISHED,Box Elder,Deer,Buck,Muzzleloader,General Season - Private Land Only,,,,,,,no,no,no,no,DEER_BUCK_DB_DIRECT,SOURCE_NO_PERMIT_VALUE,,NO_PERMIT_VALUE,NONE,,NO_CURRENT_PERMIT_VALUE_FOUND,https://dwrapps.utah.gov/huntboundary/HuntTableData?species=Deer&gender=Buck
LO1563,SEPARATE_PRIVATE_LAND_LANDOWNER_LAYER,CLOSED_SEPARATE_LAYER,no,Current Hunt Planner private-land/landowner family; separate from comparable BIBLE draw-results core.,LIVE_2026_NOT_IN_2025_BIBLE,PRIVATE_LAND_OR_LANDOWNER_CURRENT_PLANNER,LO,,no,no,yes,yes,OK,LIVE_AND_DATABASE,BOTH_BLANK,LIVE_DWR_NO_QUOTA_PUBLISHED,Manti/San Rafael,Deer,Buck,Muzzleloader,General Season - Private Land Only,,,,,,,no,no,no,no,DEER_BUCK_DB_DIRECT,SOURCE_NO_PERMIT_VALUE,,NO_PERMIT_VALUE,NONE,,NO_CURRENT_PERMIT_VALUE_FOUND,https://dwrapps.utah.gov/huntboundary/HuntTableData?species=Deer&gender=Buck
LO1564,SEPARATE_PRIVATE_LAND_LANDOWNER_LAYER,CLOSED_SEPARATE_LAYER,no,Current Hunt Planner private-land/landowner family; separate from comparable BIBLE draw-results core.,LIVE_2026_NOT_IN_2025_BIBLE,PRIVATE_LAND_OR_LANDOWNER_CURRENT_PLANNER,LO,,no,no,yes,yes,OK,LIVE_AND_DATABASE,BOTH_BLANK,LIVE_DWR_NO_QUOTA_PUBLISHED,Nebo,Deer,Buck,Muzzleloader,General Season - Private Land Only,,,,,,,no,no,no,no,DEER_BUCK_DB_DIRECT,SOURCE_NO_PERMIT_VALUE,,NO_PERMIT_VALUE,NONE,,NO_CURRENT_PERMIT_VALUE_FOUND,https://dwrapps.utah.gov/huntboundary/HuntTableData?species=Deer&gender=Buck
LO1566,SEPARATE_PRIVATE_LAND_LANDOWNER_LAYER,CLOSED_SEPARATE_LAYER,no,Current Hunt Planner private-land/landowner family; separate from comparable BIBLE draw-results core.,LIVE_2026_NOT_IN_2025_BIBLE,PRIVATE_LAND_OR_LANDOWNER_CURRENT_PLANNER,LO,,no,no,yes,yes,OK,LIVE_AND_DATABASE,BOTH_BLANK,LIVE_DWR_NO_QUOTA_PUBLISHED,Fillmore,Deer,Buck,Muzzleloader,General Season - Private Land Only,,,,,,,no,no,no,no,DEER_BUCK_DB_DIRECT,SOURCE_NO_PERMIT_VALUE,,NO_PERMIT_VALUE,NONE,,NO_CURRENT_PERMIT_VALUE_FOUND,https://dwrapps.utah.gov/huntboundary/HuntTableData?species=Deer&gender=Buck
LO1568,SEPARATE_PRIVATE_LAND_LANDOWNER_LAYER,CLOSED_SEPARATE_LAYER,no,Current Hunt Planner private-land/landowner family; separate from comparable BIBLE draw-results core.,LIVE_2026_NOT_IN_2025_BIBLE,PRIVATE_LAND_OR_LANDOWNER_CURRENT_PLANNER,LO,,no,no,yes,yes,OK,LIVE_AND_DATABASE,BOTH_BLANK,LIVE_DWR_NO_QUOTA_PUBLISHED,Kamas,Deer,Buck,Muzzleloader,General Season - Private Land Only,,,,,,,no,no,no,no,DEER_BUCK_DB_DIRECT,SOURCE_NO_PERMIT_VALUE,,NO_PERMIT_VALUE,NONE,,NO_CURRENT_PERMIT_VALUE_FOUND,https://dwrapps.utah.gov/huntboundary/HuntTableData?species=Deer&gender=Buck
LO1569,SEPARATE_PRIVATE_LAND_LANDOWNER_LAYER,CLOSED_SEPARATE_LAYER,no,Current Hunt Planner private-land/landowner family; separate from comparable BIBLE draw-results core.,LIVE_2026_NOT_IN_2025_BIBLE,PRIVATE_LAND_OR_LANDOWNER_CURRENT_PLANNER,LO,,no,no,yes,yes,OK,LIVE_AND_DATABASE,BOTH_BLANK,LIVE_DWR_NO_QUOTA_PUBLISHED,"La Sal, La Sal Mtns",Deer,Buck,Muzzleloader,General Season - Private Land Only,,,,,,,no,no,no,no,DEER_BUCK_DB_DIRECT,SOURCE_NO_PERMIT_VALUE,,NO_PERMIT_VALUE,NONE,,NO_CURRENT_PERMIT_VALUE_FOUND,https://dwrapps.utah.gov/huntboundary/HuntTableData?species=Deer&gender=Buck
LO1570,SEPARATE_PRIVATE_LAND_LANDOWNER_LAYER,CLOSED_SEPARATE_LAYER,no,Current Hunt Planner private-land/landowner family; separate from comparable BIBLE draw-results core.,LIVE_2026_NOT_IN_2025_BIBLE,PRIVATE_LAND_OR_LANDOWNER_CURRENT_PLANNER,LO,,no,no,yes,yes,OK,LIVE_AND_DATABASE,BOTH_BLANK,LIVE_DWR_NO_QUOTA_PUBLISHED,Monroe,Deer,Buck,Muzzleloader,General Season - Private Land Only,,,,,,,no,no,no,no,DEER_BUCK_DB_DIRECT,SOURCE_NO_PERMIT_VALUE,,NO_PERMIT_VALUE,NONE,,NO_CURRENT_PERMIT_VALUE_FOUND,https://dwrapps.utah.gov/huntboundary/HuntTableData?species=Deer&gender=Buck
LO1571,SEPARATE_PRIVATE_LAND_LANDOWNER_LAYER,CLOSED_SEPARATE_LAYER,no,Current Hunt Planner private-land/landowner family; separate from comparable BIBLE draw-results core.,LIVE_2026_NOT_IN_2025_BIBLE,PRIVATE_LAND_OR_LANDOWNER_CURRENT_PLANNER,LO,,no,no,yes,yes,OK,LIVE_AND_DATABASE,BOTH_BLANK,LIVE_DWR_NO_QUOTA_PUBLISHED,Mt Dutton,Deer,Buck,Muzzleloader,General Season - Private Land Only,,,,,,,no,no,no,no,DEER_BUCK_DB_DIRECT,SOURCE_NO_PERMIT_VALUE,,NO_PERMIT_VALUE,NONE,,NO_CURRENT_PERMIT_VALUE_FOUND,https://dwrapps.utah.gov/huntboundary/HuntTableData?species=Deer&gender=Buck
LO1572,SEPARATE_PRIVATE_LAND_LANDOWNER_LAYER,CLOSED_SEPARATE_LAYER,no,Current Hunt Planner private-land/landowner family; separate from comparable BIBLE draw-results core.,LIVE_2026_NOT_IN_2025_BIBLE,PRIVATE_LAND_OR_LANDOWNER_CURRENT_PLANNER,LO,,no,no,yes,yes,OK,LIVE_AND_DATABASE,BOTH_BLANK,LIVE_DWR_NO_QUOTA_PUBLISHED,Nine Mile,Deer,Buck,Muzzleloader,General Season - Private Land Only,,,,,,,no,no,no,no,DEER_BUCK_DB_DIRECT,SOURCE_NO_PERMIT_VALUE,,NO_PERMIT_VALUE,NONE,,NO_CURRENT_PERMIT_VALUE_FOUND,https://dwrapps.utah.gov/huntboundary/HuntTableData?species=Deer&gender=Buck
LO1573,SEPARATE_PRIVATE_LAND_LANDOWNER_LAYER,CLOSED_SEPARATE_LAYER,no,Current Hunt Planner private-land/landowner family; separate from comparable BIBLE draw-results core.,LIVE_2026_NOT_IN_2025_BIBLE,PRIVATE_LAND_OR_LANDOWNER_CURRENT_PLANNER,LO,,no,no,yes,yes,OK,LIVE_AND_DATABASE,BOTH_BLANK,LIVE_DWR_NO_QUOTA_PUBLISHED,North Slope,Deer,Buck,Muzzleloader,General Season - Private Land Only,,,,,,,no,no,no,no,DEER_BUCK_DB_DIRECT,SOURCE_NO_PERMIT_VALUE,,NO_PERMIT_VALUE,NONE,,NO_CURRENT_PERMIT_VALUE_FOUND,https://dwrapps.utah.gov/huntboundary/HuntTableData?species=Deer&gender=Buck
LO1574,SEPARATE_PRIVATE_LAND_LANDOWNER_LAYER,CLOSED_SEPARATE_LAYER,no,Current Hunt Planner private-land/landowner family; separate from comparable BIBLE draw-results core.,LIVE_2026_NOT_IN_2025_BIBLE,PRIVATE_LAND_OR_LANDOWNER_CURRENT_PLANNER,LO,,no,no,yes,yes,OK,LIVE_AND_DATABASE,BOTH_BLANK,LIVE_DWR_NO_QUOTA_PUBLISHED,Ogden,Deer,Buck,Muzzleloader,General Season - Private Land Only,,,,,,,no,no,no,no,DEER_BUCK_DB_DIRECT,SOURCE_NO_PERMIT_VALUE,,NO_PERMIT_VALUE,NONE,,NO_CURRENT_PERMIT_VALUE_FOUND,https://dwrapps.utah.gov/huntboundary/HuntTableData?species=Deer&gender=Buck
LO1576,SEPARATE_PRIVATE_LAND_LANDOWNER_LAYER,CLOSED_SEPARATE_LAYER,no,Current Hunt Planner private-land/landowner family; separate from comparable BIBLE draw-results core.,LIVE_2026_NOT_IN_2025_BIBLE,PRIVATE_LAND_OR_LANDOWNER_CURRENT_PLANNER,LO,,no,no,yes,yes,OK,LIVE_AND_DATABASE,BOTH_BLANK,LIVE_DWR_NO_QUOTA_PUBLISHED,Panguitch Lake,Deer,Buck,Muzzleloader,General Season - Private Land Only,,,,,,,no,no,no,no,DEER_BUCK_DB_DIRECT,SOURCE_NO_PERMIT_VALUE,,NO_PERMIT_VALUE,NONE,,NO_CURRENT_PERMIT_VALUE_FOUND,https://dwrapps.utah.gov/huntboundary/HuntTableData?species=Deer&gender=Buck
LO1577,SEPARATE_PRIVATE_LAND_LANDOWNER_LAYER,CLOSED_SEPARATE_LAYER,no,Current Hunt Planner private-land/landowner family; separate from comparable BIBLE draw-results core.,LIVE_2026_NOT_IN_2025_BIBLE,PRIVATE_LAND_OR_LANDOWNER_CURRENT_PLANNER,LO,,no,no,yes,yes,OK,LIVE_AND_DATABASE,BOTH_BLANK,LIVE_DWR_NO_QUOTA_PUBLISHED,Pine Valley,Deer,Buck,Muzzleloader,General Season - Private Land Only,,,,,,,no,no,no,no,DEER_BUCK_DB_DIRECT,SOURCE_NO_PERMIT_VALUE,,NO_PERMIT_VALUE,NONE,,NO_CURRENT_PERMIT_VALUE_FOUND,https://dwrapps.utah.gov/huntboundary/HuntTableData?species=Deer&gender=Buck
LO1579,SEPARATE_PRIVATE_LAND_LANDOWNER_LAYER,CLOSED_SEPARATE_LAYER,no,Current Hunt Planner private-land/landowner family; separate from comparable BIBLE draw-results core.,LIVE_2026_NOT_IN_2025_BIBLE,PRIVATE_LAND_OR_LANDOWNER_CURRENT_PLANNER,LO,,no,no,yes,yes,OK,LIVE_AND_DATABASE,BOTH_BLANK,LIVE_DWR_NO_QUOTA_PUBLISHED,Fishlake,Deer,Buck,Muzzleloader,General Season - Private Land Only,,,,,,,no,no,no,no,DEER_BUCK_DB_DIRECT,SOURCE_NO_PERMIT_VALUE,,NO_PERMIT_VALUE,NONE,,NO_CURRENT_PERMIT_VALUE_FOUND,https://dwrapps.utah.gov/huntboundary/HuntTableData?species=Deer&gender=Buck
LO1581,SEPARATE_PRIVATE_LAND_LANDOWNER_LAYER,CLOSED_SEPARATE_LAYER,no,Current Hunt Planner private-land/landowner family; separate from comparable BIBLE draw-results core.,LIVE_2026_NOT_IN_2025_BIBLE,PRIVATE_LAND_OR_LANDOWNER_CURRENT_PLANNER,LO,,no,no,yes,yes,OK,LIVE_AND_DATABASE,BOTH_BLANK,LIVE_DWR_NO_QUOTA_PUBLISHED,"San Juan, Abajo Mtns",Deer,Buck,Muzzleloader,General Season - Private Land Only,,,,,,,no,no,no,no,DEER_BUCK_DB_DIRECT,SOURCE_NO_PERMIT_VALUE,,NO_PERMIT_VALUE,NONE,,NO_CURRENT_PERMIT_VALUE_FOUND,https://dwrapps.utah.gov/huntboundary/HuntTableData?species=Deer&gender=Buck
LO1582,SEPARATE_PRIVATE_LAND_LANDOWNER_LAYER,CLOSED_SEPARATE_LAYER,no,Current Hunt Planner private-land/landowner family; separate from comparable BIBLE draw-results core.,LIVE_2026_NOT_IN_2025_BIBLE,PRIVATE_LAND_OR_LANDOWNER_CURRENT_PLANNER,LO,,no,no,yes,yes,OK,LIVE_AND_DATABASE,BOTH_BLANK,LIVE_DWR_NO_QUOTA_PUBLISHED,Vernal/Bonanza,Deer,Buck,Muzzleloader,General Season - Private Land Only,,,,,,,no,no,no,no,DEER_BUCK_DB_DIRECT,SOURCE_NO_PERMIT_VALUE,,NO_PERMIT_VALUE,NONE,,NO_CURRENT_PERMIT_VALUE_FOUND,https://dwrapps.utah.gov/huntboundary/HuntTableData?species=Deer&gender=Buck
LO1583,SEPARATE_PRIVATE_LAND_LANDOWNER_LAYER,CLOSED_SEPARATE_LAYER,no,Current Hunt Planner private-land/landowner family; separate from comparable BIBLE draw-results core.,LIVE_2026_NOT_IN_2025_BIBLE,PRIVATE_LAND_OR_LANDOWNER_CURRENT_PLANNER,LO,,no,no,yes,yes,OK,LIVE_AND_DATABASE,BOTH_BLANK,LIVE_DWR_NO_QUOTA_PUBLISHED,Yellowstone,Deer,Buck,Muzzleloader,General Season - Private Land Only,,,,,,,no,no,no,no,DEER_BUCK_DB_DIRECT,SOURCE_NO_PERMIT_VALUE,,NO_PERMIT_VALUE,NONE,,NO_CURRENT_PERMIT_VALUE_FOUND,https://dwrapps.utah.gov/huntboundary/HuntTableData?species=Deer&gender=Buck
LO1584,SEPARATE_PRIVATE_LAND_LANDOWNER_LAYER,CLOSED_SEPARATE_LAYER,no,Current Hunt Planner private-land/landowner family; separate from comparable BIBLE draw-results core.,LIVE_2026_NOT_IN_2025_BIBLE,PRIVATE_LAND_OR_LANDOWNER_CURRENT_PLANNER,LO,,no,no,yes,yes,OK,LIVE_AND_DATABASE,BOTH_BLANK,LIVE_DWR_NO_QUOTA_PUBLISHED,Southwest Desert,Deer,Buck,Muzzleloader,General Season - Private Land Only,,,,,,,no,no,no,no,DEER_BUCK_DB_DIRECT,SOURCE_NO_PERMIT_VALUE,,NO_PERMIT_VALUE,NONE,,NO_CURRENT_PERMIT_VALUE_FOUND,https://dwrapps.utah.gov/huntboundary/HuntTableData?species=Deer&gender=Buck
LO1585,SEPARATE_PRIVATE_LAND_LANDOWNER_LAYER,CLOSED_SEPARATE_LAYER,no,Current Hunt Planner private-land/landowner family; separate from comparable BIBLE draw-results core.,LIVE_2026_NOT_IN_2025_BIBLE,PRIVATE_LAND_OR_LANDOWNER_CURRENT_PLANNER,LO,,no,no,yes,yes,OK,LIVE_AND_DATABASE,BOTH_BLANK,LIVE_DWR_NO_QUOTA_PUBLISHED,"Wasatch Mtns, East",Deer,Buck,Muzzleloader,General Season - Private Land Only,,,,,,,no,no,no,no,DEER_BUCK_DB_DIRECT,SOURCE_NO_PERMIT_VALUE,,NO_PERMIT_VALUE,NONE,,NO_CURRENT_PERMIT_VALUE_FOUND,https://dwrapps.utah.gov/huntboundary/HuntTableData?species=Deer&gender=Buck
LO1586,SEPARATE_PRIVATE_LAND_LANDOWNER_LAYER,CLOSED_SEPARATE_LAYER,no,Current Hunt Planner private-land/landowner family; separate from comparable BIBLE draw-results core.,LIVE_2026_NOT_IN_2025_BIBLE,PRIVATE_LAND_OR_LANDOWNER_CURRENT_PLANNER,LO,,no,no,yes,yes,OK,LIVE_AND_DATABASE,BOTH_BLANK,LIVE_DWR_NO_QUOTA_PUBLISHED,"Wasatch Mtns, West",Deer,Buck,Muzzleloader,General Season - Private Land Only,,,,,,,no,no,no,no,DEER_BUCK_DB_DIRECT,SOURCE_NO_PERMIT_VALUE,,NO_PERMIT_VALUE,NONE,,NO_CURRENT_PERMIT_VALUE_FOUND,https://dwrapps.utah.gov/huntboundary/HuntTableData?species=Deer&gender=Buck
LO1589,SEPARATE_PRIVATE_LAND_LANDOWNER_LAYER,CLOSED_SEPARATE_LAYER,no,Current Hunt Planner private-land/landowner family; separate from comparable BIBLE draw-results core.,LIVE_2026_NOT_IN_2025_BIBLE,PRIVATE_LAND_OR_LANDOWNER_CURRENT_PLANNER,LO,,no,no,yes,yes,OK,LIVE_AND_DATABASE,BOTH_BLANK,LIVE_DWR_NO_QUOTA_PUBLISHED,Zion,Deer,Buck,Muzzleloader,General Season - Private Land Only,,,,,,,no,no,no,no,DEER_BUCK_DB_DIRECT,SOURCE_NO_PERMIT_VALUE,,NO_PERMIT_VALUE,NONE,,NO_CURRENT_PERMIT_VALUE_FOUND,https://dwrapps.utah.gov/huntboundary/HuntTableData?species=Deer&gender=Buck
LO1591,SEPARATE_PRIVATE_LAND_LANDOWNER_LAYER,CLOSED_SEPARATE_LAYER,no,Current Hunt Planner private-land/landowner family; separate from comparable BIBLE draw-results core.,LIVE_2026_NOT_IN_2025_BIBLE,PRIVATE_LAND_OR_LANDOWNER_CURRENT_PLANNER,LO,,no,no,yes,yes,OK,LIVE_AND_DATABASE,LIVE_NO_QUOTA_DATABASE_PRESERVED,LIVE_DWR_NO_QUOTA_PUBLISHED,Fillmore,Deer,Buck,Any Legal Weapon (Early),General Season - Private Land Only,,,,,,1,no,no,no,no,DEER_BUCK_DB_DIRECT,SOURCE_NO_PERMIT_VALUE,,REVIEW_REQUIRED,NONE_EXTERNAL_DATABASE_REFERENCE_ONLY,,FIND_EXTERNAL_SOURCE_BEFORE_PROMOTION,https://dwrapps.utah.gov/huntboundary/HuntTableData?species=Deer&gender=Buck
LO1592,SEPARATE_PRIVATE_LAND_LANDOWNER_LAYER,CLOSED_SEPARATE_LAYER,no,Current Hunt Planner private-land/landowner family; separate from comparable BIBLE draw-results core.,LIVE_2026_NOT_IN_2025_BIBLE,PRIVATE_LAND_OR_LANDOWNER_CURRENT_PLANNER,LO,,no,no,yes,yes,OK,LIVE_AND_DATABASE,LIVE_NO_QUOTA_DATABASE_PRESERVED,LIVE_DWR_NO_QUOTA_PUBLISHED,Kamas,Deer,Buck,Any Legal Weapon (Early),General Season - Private Land Only,,,,,,1,no,no,no,no,DEER_BUCK_DB_DIRECT,SOURCE_NO_PERMIT_VALUE,,REVIEW_REQUIRED,NONE_EXTERNAL_DATABASE_REFERENCE_ONLY,,FIND_EXTERNAL_SOURCE_BEFORE_PROMOTION,https://dwrapps.utah.gov/huntboundary/HuntTableData?species=Deer&gender=Buck
LO1593,SEPARATE_PRIVATE_LAND_LANDOWNER_LAYER,CLOSED_SEPARATE_LAYER,no,Current Hunt Planner private-land/landowner family; separate from comparable BIBLE draw-results core.,LIVE_2026_NOT_IN_2025_BIBLE,PRIVATE_LAND_OR_LANDOWNER_CURRENT_PLANNER,LO,,no,no,yes,yes,OK,LIVE_AND_DATABASE,LIVE_NO_QUOTA_DATABASE_PRESERVED,LIVE_DWR_NO_QUOTA_PUBLISHED,Nine Mile,Deer,Buck,Any Legal Weapon (Early),General Season - Private Land Only,,,,,,1,no,no,no,no,DEER_BUCK_DB_DIRECT,SOURCE_NO_PERMIT_VALUE,,REVIEW_REQUIRED,NONE_EXTERNAL_DATABASE_REFERENCE_ONLY,,FIND_EXTERNAL_SOURCE_BEFORE_PROMOTION,https://dwrapps.utah.gov/huntboundary/HuntTableData?species=Deer&gender=Buck
LO1594,SEPARATE_PRIVATE_LAND_LANDOWNER_LAYER,CLOSED_SEPARATE_LAYER,no,Current Hunt Planner private-land/landowner family; separate from comparable BIBLE draw-results core.,LIVE_2026_NOT_IN_2025_BIBLE,PRIVATE_LAND_OR_LANDOWNER_CURRENT_PLANNER,LO,,no,no,yes,yes,OK,LIVE_AND_DATABASE,BOTH_BLANK,LIVE_DWR_NO_QUOTA_PUBLISHED,Panguitch Lake,Deer,Buck,Any Legal Weapon (Early),General Season - Private Land Only,,,,,,,no,no,no,no,DEER_BUCK_DB_DIRECT,SOURCE_NO_PERMIT_VALUE,,NO_PERMIT_VALUE,NONE,,NO_CURRENT_PERMIT_VALUE_FOUND,https://dwrapps.utah.gov/huntboundary/HuntTableData?species=Deer&gender=Buck
LO1595,SEPARATE_PRIVATE_LAND_LANDOWNER_LAYER,CLOSED_SEPARATE_LAYER,no,Current Hunt Planner private-land/landowner family; separate from comparable BIBLE draw-results core.,LIVE_2026_NOT_IN_2025_BIBLE,PRIVATE_LAND_OR_LANDOWNER_CURRENT_PLANNER,LO,,no,no,yes,yes,OK,LIVE_AND_DATABASE,LIVE_NO_QUOTA_DATABASE_PRESERVED,LIVE_DWR_NO_QUOTA_PUBLISHED,Pine Valley,Deer,Buck,Any Legal Weapon (Early),General Season - Private Land Only,,,,,,1,no,no,no,no,DEER_BUCK_DB_DIRECT,SOURCE_NO_PERMIT_VALUE,,REVIEW_REQUIRED,NONE_EXTERNAL_DATABASE_REFERENCE_ONLY,,FIND_EXTERNAL_SOURCE_BEFORE_PROMOTION,https://dwrapps.utah.gov/huntboundary/HuntTableData?species=Deer&gender=Buck
LO1596,SEPARATE_PRIVATE_LAND_LANDOWNER_LAYER,CLOSED_SEPARATE_LAYER,no,Current Hunt Planner private-land/landowner family; separate from comparable BIBLE draw-results core.,LIVE_2026_NOT_IN_2025_BIBLE,PRIVATE_LAND_OR_LANDOWNER_CURRENT_PLANNER,LO,,no,no,yes,yes,OK,LIVE_AND_DATABASE,LIVE_NO_QUOTA_DATABASE_PRESERVED,LIVE_DWR_NO_QUOTA_PUBLISHED,Fishlake,Deer,Buck,Any Legal Weapon (Early),General Season - Private Land Only,,,,,,1,no,no,no,no,DEER_BUCK_DB_DIRECT,SOURCE_NO_PERMIT_VALUE,,REVIEW_REQUIRED,NONE_EXTERNAL_DATABASE_REFERENCE_ONLY,,FIND_EXTERNAL_SOURCE_BEFORE_PROMOTION,https://dwrapps.utah.gov/huntboundary/HuntTableData?species=Deer&gender=Buck
LO1597,SEPARATE_PRIVATE_LAND_LANDOWNER_LAYER,CLOSED_SEPARATE_LAYER,no,Current Hunt Planner private-land/landowner family; separate from comparable BIBLE draw-results core.,LIVE_2026_NOT_IN_2025_BIBLE,PRIVATE_LAND_OR_LANDOWNER_CURRENT_PLANNER,LO,,no,no,yes,yes,OK,LIVE_AND_DATABASE,LIVE_NO_QUOTA_DATABASE_PRESERVED,LIVE_DWR_NO_QUOTA_PUBLISHED,Zion,Deer,Buck,Any Legal Weapon (Early),General Season - Private Land Only,,,,,,1,no,no,no,no,DEER_BUCK_DB_DIRECT,SOURCE_NO_PERMIT_VALUE,,REVIEW_REQUIRED,NONE_EXTERNAL_DATABASE_REFERENCE_ONLY,,FIND_EXTERNAL_SOURCE_BEFORE_PROMOTION,https://dwrapps.utah.gov/huntboundary/HuntTableData?species=Deer&gender=Buck
LO1598,SEPARATE_PRIVATE_LAND_LANDOWNER_LAYER,CLOSED_SEPARATE_LAYER,no,Current Hunt Planner private-land/landowner family; separate from comparable BIBLE draw-results core.,LIVE_2026_NOT_IN_2025_BIBLE,PRIVATE_LAND_OR_LANDOWNER_CURRENT_PLANNER,LO,,no,no,yes,yes,OK,LIVE_AND_DATABASE,BOTH_BLANK,LIVE_DWR_NO_QUOTA_PUBLISHED,North Slope,Deer,Buck,Any Legal Weapon (Early),General Season - Private Land Only,,,,,,,no,no,no,no,DEER_BUCK_DB_DIRECT,SOURCE_NO_PERMIT_VALUE,,NO_PERMIT_VALUE,NONE,,NO_CURRENT_PERMIT_VALUE_FOUND,https://dwrapps.utah.gov/huntboundary/HuntTableData?species=Deer&gender=Buck
LO1599,SEPARATE_PRIVATE_LAND_LANDOWNER_LAYER,CLOSED_SEPARATE_LAYER,no,Current Hunt Planner private-land/landowner family; separate from comparable BIBLE draw-results core.,LIVE_2026_NOT_IN_2025_BIBLE,PRIVATE_LAND_OR_LANDOWNER_CURRENT_PLANNER,LO,,no,no,yes,yes,OK,LIVE_AND_DATABASE,BOTH_BLANK,LIVE_DWR_NO_QUOTA_PUBLISHED,Chalk Creek,Deer,Buck,Any Legal Weapon (Late),General Season - Private Land Only,,,,,,,no,no,no,no,DEER_BUCK_DB_DIRECT,SOURCE_NO_PERMIT_VALUE,,NO_PERMIT_VALUE,NONE,,NO_CURRENT_PERMIT_VALUE_FOUND,https://dwrapps.utah.gov/huntboundary/HuntTableData?species=Deer&gender=Buck
LO1600,SEPARATE_PRIVATE_LAND_LANDOWNER_LAYER,CLOSED_SEPARATE_LAYER,no,Current Hunt Planner private-land/landowner family; separate from comparable BIBLE draw-results core.,LIVE_2026_NOT_IN_2025_BIBLE,PRIVATE_LAND_OR_LANDOWNER_CURRENT_PLANNER,LO,,no,no,yes,yes,OK,LIVE_AND_DATABASE,BOTH_BLANK,LIVE_DWR_NO_QUOTA_PUBLISHED,Chalk Creek,Deer,Buck,Archery,General Season - Private Land Only,,,,,,,no,no,no,no,DEER_BUCK_DB_DIRECT,SOURCE_NO_PERMIT_VALUE,,NO_PERMIT_VALUE,NONE,,NO_CURRENT_PERMIT_VALUE_FOUND,https://dwrapps.utah.gov/huntboundary/HuntTableData?species=Deer&gender=Buck
LO1601,SEPARATE_PRIVATE_LAND_LANDOWNER_LAYER,CLOSED_SEPARATE_LAYER,no,Current Hunt Planner private-land/landowner family; separate from comparable BIBLE draw-results core.,LIVE_2026_NOT_IN_2025_BIBLE,PRIVATE_LAND_OR_LANDOWNER_CURRENT_PLANNER,LO,,no,no,yes,yes,OK,LIVE_AND_DATABASE,BOTH_BLANK,LIVE_DWR_NO_QUOTA_PUBLISHED,Chalk Creek,Deer,Buck,Any Legal Weapon (Early),General Season - Private Land Only,,,,,,,no,no,no,no,DEER_BUCK_DB_DIRECT,SOURCE_NO_PERMIT_VALUE,,NO_PERMIT_VALUE,NONE,,NO_CURRENT_PERMIT_VALUE_FOUND,https://dwrapps.utah.gov/huntboundary/HuntTableData?species=Deer&gender=Buck
LO1602,SEPARATE_PRIVATE_LAND_LANDOWNER_LAYER,CLOSED_SEPARATE_LAYER,no,Current Hunt Planner private-land/landowner family; separate from comparable BIBLE draw-results core.,LIVE_2026_NOT_IN_2025_BIBLE,PRIVATE_LAND_OR_LANDOWNER_CURRENT_PLANNER,LO,,no,no,yes,yes,OK,LIVE_AND_DATABASE,BOTH_BLANK,LIVE_DWR_NO_QUOTA_PUBLISHED,Chalk Creek,Deer,Buck,Muzzleloader,General Season - Private Land Only,,,,,,,no,no,no,no,DEER_BUCK_DB_DIRECT,SOURCE_NO_PERMIT_VALUE,,NO_PERMIT_VALUE,NONE,,NO_CURRENT_PERMIT_VALUE_FOUND,https://dwrapps.utah.gov/huntboundary/HuntTableData?species=Deer&gender=Buck
LO1603,SEPARATE_PRIVATE_LAND_LANDOWNER_LAYER,CLOSED_SEPARATE_LAYER,no,Current Hunt Planner private-land/landowner family; separate from comparable BIBLE draw-results core.,LIVE_2026_NOT_IN_2025_BIBLE,PRIVATE_LAND_OR_LANDOWNER_CURRENT_PLANNER,LO,,no,no,yes,yes,OK,LIVE_AND_DATABASE,BOTH_BLANK,LIVE_DWR_NO_QUOTA_PUBLISHED,East Canyon,Deer,Buck,Any Legal Weapon (Late),General Season - Private Land Only,,,,,,,no,no,no,no,DEER_BUCK_DB_DIRECT,SOURCE_NO_PERMIT_VALUE,,NO_PERMIT_VALUE,NONE,,NO_CURRENT_PERMIT_VALUE_FOUND,https://dwrapps.utah.gov/huntboundary/HuntTableData?species=Deer&gender=Buck
LO1604,SEPARATE_PRIVATE_LAND_LANDOWNER_LAYER,CLOSED_SEPARATE_LAYER,no,Current Hunt Planner private-land/landowner family; separate from comparable BIBLE draw-results core.,LIVE_2026_NOT_IN_2025_BIBLE,PRIVATE_LAND_OR_LANDOWNER_CURRENT_PLANNER,LO,,no,no,yes,yes,OK,LIVE_AND_DATABASE,BOTH_BLANK,LIVE_DWR_NO_QUOTA_PUBLISHED,East Canyon,Deer,Buck,Archery,General Season - Private Land Only,,,,,,,no,no,no,no,DEER_BUCK_DB_DIRECT,SOURCE_NO_PERMIT_VALUE,,NO_PERMIT_VALUE,NONE,,NO_CURRENT_PERMIT_VALUE_FOUND,https://dwrapps.utah.gov/huntboundary/HuntTableData?species=Deer&gender=Buck
LO1605,SEPARATE_PRIVATE_LAND_LANDOWNER_LAYER,CLOSED_SEPARATE_LAYER,no,Current Hunt Planner private-land/landowner family; separate from comparable BIBLE draw-results core.,LIVE_2026_NOT_IN_2025_BIBLE,PRIVATE_LAND_OR_LANDOWNER_CURRENT_PLANNER,LO,,no,no,yes,yes,OK,LIVE_AND_DATABASE,BOTH_BLANK,LIVE_DWR_NO_QUOTA_PUBLISHED,East Canyon,Deer,Buck,Any Legal Weapon (Early),General Season - Private Land Only,,,,,,,no,no,no,no,DEER_BUCK_DB_DIRECT,SOURCE_NO_PERMIT_VALUE,,NO_PERMIT_VALUE,NONE,,NO_CURRENT_PERMIT_VALUE_FOUND,https://dwrapps.utah.gov/huntboundary/HuntTableData?species=Deer&gender=Buck
LO1606,SEPARATE_PRIVATE_LAND_LANDOWNER_LAYER,CLOSED_SEPARATE_LAYER,no,Current Hunt Planner private-land/landowner family; separate from comparable BIBLE draw-results core.,LIVE_2026_NOT_IN_2025_BIBLE,PRIVATE_LAND_OR_LANDOWNER_CURRENT_PLANNER,LO,,no,no,yes,yes,OK,LIVE_AND_DATABASE,BOTH_BLANK,LIVE_DWR_NO_QUOTA_PUBLISHED,East Canyon,Deer,Buck,Muzzleloader,General Season - Private Land Only,,,,,,,no,no,no,no,DEER_BUCK_DB_DIRECT,SOURCE_NO_PERMIT_VALUE,,NO_PERMIT_VALUE,NONE,,NO_CURRENT_PERMIT_VALUE_FOUND,https://dwrapps.utah.gov/huntboundary/HuntTableData?species=Deer&gender=Buck
LO1607,SEPARATE_PRIVATE_LAND_LANDOWNER_LAYER,CLOSED_SEPARATE_LAYER,no,Current Hunt Planner private-land/landowner family; separate from comparable BIBLE draw-results core.,LIVE_2026_NOT_IN_2025_BIBLE,PRIVATE_LAND_OR_LANDOWNER_CURRENT_PLANNER,LO,,no,no,yes,yes,OK,LIVE_AND_DATABASE,BOTH_BLANK,LIVE_DWR_NO_QUOTA_PUBLISHED,Morgan-South Rich,Deer,Buck,Any Legal Weapon (Late),General Season - Private Land Only,,,,,,,no,no,no,no,DEER_BUCK_DB_DIRECT,SOURCE_NO_PERMIT_VALUE,,NO_PERMIT_VALUE,NONE,,NO_CURRENT_PERMIT_VALUE_FOUND,https://dwrapps.utah.gov/huntboundary/HuntTableData?species=Deer&gender=Buck
LO1608,SEPARATE_PRIVATE_LAND_LANDOWNER_LAYER,CLOSED_SEPARATE_LAYER,no,Current Hunt Planner private-land/landowner family; separate from comparable BIBLE draw-results core.,LIVE_2026_NOT_IN_2025_BIBLE,PRIVATE_LAND_OR_LANDOWNER_CURRENT_PLANNER,LO,,no,no,yes,yes,OK,LIVE_AND_DATABASE,BOTH_BLANK,LIVE_DWR_NO_QUOTA_PUBLISHED,Morgan-South Rich,Deer,Buck,Archery,General Season - Private Land Only,,,,,,,no,no,no,no,DEER_BUCK_DB_DIRECT,SOURCE_NO_PERMIT_VALUE,,NO_PERMIT_VALUE,NONE,,NO_CURRENT_PERMIT_VALUE_FOUND,https://dwrapps.utah.gov/huntboundary/HuntTableData?species=Deer&gender=Buck
LO1609,SEPARATE_PRIVATE_LAND_LANDOWNER_LAYER,CLOSED_SEPARATE_LAYER,no,Current Hunt Planner private-land/landowner family; separate from comparable BIBLE draw-results core.,LIVE_2026_NOT_IN_2025_BIBLE,PRIVATE_LAND_OR_LANDOWNER_CURRENT_PLANNER,LO,,no,no,yes,yes,OK,LIVE_AND_DATABASE,BOTH_BLANK,LIVE_DWR_NO_QUOTA_PUBLISHED,Morgan-South Rich,Deer,Buck,Any Legal Weapon (Early),General Season - Private Land Only,,,,,,,no,no,no,no,DEER_BUCK_DB_DIRECT,SOURCE_NO_PERMIT_VALUE,,NO_PERMIT_VALUE,NONE,,NO_CURRENT_PERMIT_VALUE_FOUND,https://dwrapps.utah.gov/huntboundary/HuntTableData?species=Deer&gender=Buck
LO1610,SEPARATE_PRIVATE_LAND_LANDOWNER_LAYER,CLOSED_SEPARATE_LAYER,no,Current Hunt Planner private-land/landowner family; separate from comparable BIBLE draw-results core.,LIVE_2026_NOT_IN_2025_BIBLE,PRIVATE_LAND_OR_LANDOWNER_CURRENT_PLANNER,LO,,no,no,yes,yes,OK,LIVE_AND_DATABASE,BOTH_BLANK,LIVE_DWR_NO_QUOTA_PUBLISHED,Morgan-South Rich,Deer,Buck,Muzzleloader,General Season - Private Land Only,,,,,,,no,no,no,no,DEER_BUCK_DB_DIRECT,SOURCE_NO_PERMIT_VALUE,,NO_PERMIT_VALUE,NONE,,NO_CURRENT_PERMIT_VALUE_FOUND,https://dwrapps.utah.gov/huntboundary/HuntTableData?species=Deer&gender=Buck
LO1611,SEPARATE_PRIVATE_LAND_LANDOWNER_LAYER,CLOSED_SEPARATE_LAYER,no,Current Hunt Planner private-land/landowner family; separate from comparable BIBLE draw-results core.,LIVE_2026_NOT_IN_2025_BIBLE,PRIVATE_LAND_OR_LANDOWNER_CURRENT_PLANNER,LO,,no,no,yes,yes,OK,LIVE_AND_DATABASE,BOTH_BLANK,LIVE_DWR_NO_QUOTA_PUBLISHED,"Beaver, East",Deer,Buck,Archery,General Season - Private Land Only,,,,,,,no,no,no,no,DEER_BUCK_DB_DIRECT,SOURCE_NO_PERMIT_VALUE,,NO_PERMIT_VALUE,NONE,,NO_CURRENT_PERMIT_VALUE_FOUND,https://dwrapps.utah.gov/huntboundary/HuntTableData?species=Deer&gender=Buck
LO1612,SEPARATE_PRIVATE_LAND_LANDOWNER_LAYER,CLOSED_SEPARATE_LAYER,no,Current Hunt Planner private-land/landowner family; separate from comparable BIBLE draw-results core.,LIVE_2026_NOT_IN_2025_BIBLE,PRIVATE_LAND_OR_LANDOWNER_CURRENT_PLANNER,LO,,no,no,yes,yes,OK,LIVE_AND_DATABASE,BOTH_BLANK,LIVE_DWR_NO_QUOTA_PUBLISHED,"Beaver, East",Deer,Buck,Muzzleloader,General Season - Private Land Only,,,,,,,no,no,no,no,DEER_BUCK_DB_DIRECT,SOURCE_NO_PERMIT_VALUE,,NO_PERMIT_VALUE,NONE,,NO_CURRENT_PERMIT_VALUE_FOUND,https://dwrapps.utah.gov/huntboundary/HuntTableData?species=Deer&gender=Buck
LO1613,SEPARATE_PRIVATE_LAND_LANDOWNER_LAYER,CLOSED_SEPARATE_LAYER,no,Current Hunt Planner private-land/landowner family; separate from comparable BIBLE draw-results core.,LIVE_2026_NOT_IN_2025_BIBLE,PRIVATE_LAND_OR_LANDOWNER_CURRENT_PLANNER,LO,,no,no,yes,yes,OK,LIVE_AND_DATABASE,BOTH_BLANK,LIVE_DWR_NO_QUOTA_PUBLISHED,"Beaver, East",Deer,Buck,Any Legal Weapon (Late),General Season - Private Land Only,,,,,,,no,no,no,no,DEER_BUCK_DB_DIRECT,SOURCE_NO_PERMIT_VALUE,,NO_PERMIT_VALUE,NONE,,NO_CURRENT_PERMIT_VALUE_FOUND,https://dwrapps.utah.gov/huntboundary/HuntTableData?species=Deer&gender=Buck
LO1614,SEPARATE_PRIVATE_LAND_LANDOWNER_LAYER,CLOSED_SEPARATE_LAYER,no,Current Hunt Planner private-land/landowner family; separate from comparable BIBLE draw-results core.,LIVE_2026_NOT_IN_2025_BIBLE,PRIVATE_LAND_OR_LANDOWNER_CURRENT_PLANNER,LO,,no,no,yes,yes,OK,LIVE_AND_DATABASE,BOTH_BLANK,LIVE_DWR_NO_QUOTA_PUBLISHED,"Beaver, West",Deer,Buck,Archery,General Season - Private Land Only,,,,,,,no,no,no,no,DEER_BUCK_DB_DIRECT,SOURCE_NO_PERMIT_VALUE,,NO_PERMIT_VALUE,NONE,,NO_CURRENT_PERMIT_VALUE_FOUND,https://dwrapps.utah.gov/huntboundary/HuntTableData?species=Deer&gender=Buck
LO1615,SEPARATE_PRIVATE_LAND_LANDOWNER_LAYER,CLOSED_SEPARATE_LAYER,no,Current Hunt Planner private-land/landowner family; separate from comparable BIBLE draw-results core.,LIVE_2026_NOT_IN_2025_BIBLE,PRIVATE_LAND_OR_LANDOWNER_CURRENT_PLANNER,LO,,no,no,yes,yes,OK,LIVE_AND_DATABASE,BOTH_BLANK,LIVE_DWR_NO_QUOTA_PUBLISHED,"Beaver, West",Deer,Buck,Restricted Muzzleloader,General Season - Private Land Only,,,,,,,no,no,no,no,DEER_BUCK_DB_DIRECT,SOURCE_NO_PERMIT_VALUE,,NO_PERMIT_VALUE,NONE,,NO_CURRENT_PERMIT_VALUE_FOUND,https://dwrapps.utah.gov/huntboundary/HuntTableData?species=Deer&gender=Buck
LO1616,SEPARATE_PRIVATE_LAND_LANDOWNER_LAYER,CLOSED_SEPARATE_LAYER,no,Current Hunt Planner private-land/landowner family; separate from comparable BIBLE draw-results core.,LIVE_2026_NOT_IN_2025_BIBLE,PRIVATE_LAND_OR_LANDOWNER_CURRENT_PLANNER,LO,,no,no,yes,yes,OK,LIVE_AND_DATABASE,BOTH_BLANK,LIVE_DWR_NO_QUOTA_PUBLISHED,"Beaver, West",Deer,Buck,Restricted Rifle,General Season - Private Land Only,,,,,,,no,no,no,no,DEER_BUCK_DB_DIRECT,SOURCE_NO_PERMIT_VALUE,,NO_PERMIT_VALUE,NONE,,NO_CURRENT_PERMIT_VALUE_FOUND,https://dwrapps.utah.gov/huntboundary/HuntTableData?species=Deer&gender=Buck
LO1617,SEPARATE_PRIVATE_LAND_LANDOWNER_LAYER,CLOSED_SEPARATE_LAYER,no,Current Hunt Planner private-land/landowner family; separate from comparable BIBLE draw-results core.,LIVE_2026_NOT_IN_2025_BIBLE,PRIVATE_LAND_OR_LANDOWNER_CURRENT_PLANNER,LO,,no,no,yes,yes,OK,LIVE_AND_DATABASE,BOTH_BLANK,LIVE_DWR_NO_QUOTA_PUBLISHED,"West Desert, Swasey",Deer,Buck,Archery,General Season - Private Land Only,,,,,,,no,no,no,no,DEER_BUCK_DB_DIRECT,SOURCE_NO_PERMIT_VALUE,,NO_PERMIT_VALUE,NONE,,NO_CURRENT_PERMIT_VALUE_FOUND,https://dwrapps.utah.gov/huntboundary/HuntTableData?species=Deer&gender=Buck
LO1618,SEPARATE_PRIVATE_LAND_LANDOWNER_LAYER,CLOSED_SEPARATE_LAYER,no,Current Hunt Planner private-land/landowner family; separate from comparable BIBLE draw-results core.,LIVE_2026_NOT_IN_2025_BIBLE,PRIVATE_LAND_OR_LANDOWNER_CURRENT_PLANNER,LO,,no,no,yes,yes,OK,LIVE_AND_DATABASE,BOTH_BLANK,LIVE_DWR_NO_QUOTA_PUBLISHED,"West Desert, Swasey",Deer,Buck,Muzzleloader,General Season - Private Land Only,,,,,,,no,no,no,no,DEER_BUCK_DB_DIRECT,SOURCE_NO_PERMIT_VALUE,,NO_PERMIT_VALUE,NONE,,NO_CURRENT_PERMIT_VALUE_FOUND,https://dwrapps.utah.gov/huntboundary/HuntTableData?species=Deer&gender=Buck
LO1619,SEPARATE_PRIVATE_LAND_LANDOWNER_LAYER,CLOSED_SEPARATE_LAYER,no,Current Hunt Planner private-land/landowner family; separate from comparable BIBLE draw-results core.,LIVE_2026_NOT_IN_2025_BIBLE,PRIVATE_LAND_OR_LANDOWNER_CURRENT_PLANNER,LO,,no,no,yes,yes,OK,LIVE_AND_DATABASE,BOTH_BLANK,LIVE_DWR_NO_QUOTA_PUBLISHED,"West Desert, Swasey",Deer,Buck,Any Legal Weapon (Late),General Season - Private Land Only,,,,,,,no,no,no,no,DEER_BUCK_DB_DIRECT,SOURCE_NO_PERMIT_VALUE,,NO_PERMIT_VALUE,NONE,,NO_CURRENT_PERMIT_VALUE_FOUND,https://dwrapps.utah.gov/huntboundary/HuntTableData?species=Deer&gender=Buck
LO1620,SEPARATE_PRIVATE_LAND_LANDOWNER_LAYER,CLOSED_SEPARATE_LAYER,no,Current Hunt Planner private-land/landowner family; separate from comparable BIBLE draw-results core.,LIVE_2026_NOT_IN_2025_BIBLE,PRIVATE_LAND_OR_LANDOWNER_CURRENT_PLANNER,LO,,no,no,yes,yes,OK,LIVE_AND_DATABASE,BOTH_BLANK,LIVE_DWR_NO_QUOTA_PUBLISHED,Oquirrh/Tintic,Deer,Buck,Archery,General Season - Private Land Only,,,,,,,no,no,no,no,DEER_BUCK_DB_DIRECT,SOURCE_NO_PERMIT_VALUE,,NO_PERMIT_VALUE,NONE,,NO_CURRENT_PERMIT_VALUE_FOUND,https://dwrapps.utah.gov/huntboundary/HuntTableData?species=Deer&gender=Buck
LO1621,SEPARATE_PRIVATE_LAND_LANDOWNER_LAYER,CLOSED_SEPARATE_LAYER,no,Current Hunt Planner private-land/landowner family; separate from comparable BIBLE draw-results core.,LIVE_2026_NOT_IN_2025_BIBLE,PRIVATE_LAND_OR_LANDOWNER_CURRENT_PLANNER,LO,,no,no,yes,yes,OK,LIVE_AND_DATABASE,BOTH_BLANK,LIVE_DWR_NO_QUOTA_PUBLISHED,Oquirrh/Tintic,Deer,Buck,Muzzleloader,General Season - Private Land Only,,,,,,,no,no,no,no,DEER_BUCK_DB_DIRECT,SOURCE_NO_PERMIT_VALUE,,NO_PERMIT_VALUE,NONE,,NO_CURRENT_PERMIT_VALUE_FOUND,https://dwrapps.utah.gov/huntboundary/HuntTableData?species=Deer&gender=Buck
LO1622,SEPARATE_PRIVATE_LAND_LANDOWNER_LAYER,CLOSED_SEPARATE_LAYER,no,Current Hunt Planner private-land/landowner family; separate from comparable BIBLE draw-results core.,LIVE_2026_NOT_IN_2025_BIBLE,PRIVATE_LAND_OR_LANDOWNER_CURRENT_PLANNER,LO,,no,no,yes,yes,OK,LIVE_AND_DATABASE,BOTH_BLANK,LIVE_DWR_NO_QUOTA_PUBLISHED,Oquirrh/Tintic,Deer,Buck,Any Legal Weapon (Late),General Season - Private Land Only,,,,,,,no,no,no,no,DEER_BUCK_DB_DIRECT,SOURCE_NO_PERMIT_VALUE,,NO_PERMIT_VALUE,NONE,,NO_CURRENT_PERMIT_VALUE_FOUND,https://dwrapps.utah.gov/huntboundary/HuntTableData?species=Deer&gender=Buck
LO1623,SEPARATE_PRIVATE_LAND_LANDOWNER_LAYER,CLOSED_SEPARATE_LAYER,no,Current Hunt Planner private-land/landowner family; separate from comparable BIBLE draw-results core.,LIVE_2026_NOT_IN_2025_BIBLE,PRIVATE_LAND_OR_LANDOWNER_CURRENT_PLANNER,LO,,no,no,yes,yes,OK,LIVE_AND_DATABASE,BOTH_BLANK,LIVE_DWR_NO_QUOTA_PUBLISHED,Cedar/Stansbury,Deer,Buck,Archery,General Season - Private Land Only,,,,,,,no,no,no,no,DEER_BUCK_DB_DIRECT,SOURCE_NO_PERMIT_VALUE,,NO_PERMIT_VALUE,NONE,,NO_CURRENT_PERMIT_VALUE_FOUND,https://dwrapps.utah.gov/huntboundary/HuntTableData?species=Deer&gender=Buck
LO1624,SEPARATE_PRIVATE_LAND_LANDOWNER_LAYER,CLOSED_SEPARATE_LAYER,no,Current Hunt Planner private-land/landowner family; separate from comparable BIBLE draw-results core.,LIVE_2026_NOT_IN_2025_BIBLE,PRIVATE_LAND_OR_LANDOWNER_CURRENT_PLANNER,LO,,no,no,yes,yes,OK,LIVE_AND_DATABASE,BOTH_BLANK,LIVE_DWR_NO_QUOTA_PUBLISHED,Cedar/Stansbury,Deer,Buck,Muzzleloader,General Season - Private Land Only,,,,,,,no,no,no,no,DEER_BUCK_DB_DIRECT,SOURCE_NO_PERMIT_VALUE,,NO_PERMIT_VALUE,NONE,,NO_CURRENT_PERMIT_VALUE_FOUND,https://dwrapps.utah.gov/huntboundary/HuntTableData?species=Deer&gender=Buck
LO1625,SEPARATE_PRIVATE_LAND_LANDOWNER_LAYER,CLOSED_SEPARATE_LAYER,no,Current Hunt Planner private-land/landowner family; separate from comparable BIBLE draw-results core.,LIVE_2026_NOT_IN_2025_BIBLE,PRIVATE_LAND_OR_LANDOWNER_CURRENT_PLANNER,LO,,no,no,yes,yes,OK,LIVE_AND_DATABASE,BOTH_BLANK,LIVE_DWR_NO_QUOTA_PUBLISHED,Cedar/Stansbury,Deer,Buck,Any Legal Weapon (Late),General Season - Private Land Only,,,,,,,no,no,no,no,DEER_BUCK_DB_DIRECT,SOURCE_NO_PERMIT_VALUE,,NO_PERMIT_VALUE,NONE,,NO_CURRENT_PERMIT_VALUE_FOUND,https://dwrapps.utah.gov/huntboundary/HuntTableData?species=Deer&gender=Buck
LO1627,SEPARATE_PRIVATE_LAND_LANDOWNER_LAYER,CLOSED_SEPARATE_LAYER,no,Current Hunt Planner private-land/landowner family; separate from comparable BIBLE draw-results core.,LIVE_2026_NOT_IN_2025_BIBLE,PRIVATE_LAND_OR_LANDOWNER_CURRENT_PLANNER,LO,,no,no,yes,yes,OK,LIVE_AND_DATABASE,LIVE_NO_QUOTA_DATABASE_PRESERVED,LIVE_DWR_NO_QUOTA_PUBLISHED,Cache,Deer,Buck,Restricted Rifle,General Season - Private Land Only,,,,,,2,no,no,no,no,DEER_BUCK_DB_DIRECT,SOURCE_NO_PERMIT_VALUE,,REVIEW_REQUIRED,NONE_EXTERNAL_DATABASE_REFERENCE_ONLY,,FIND_EXTERNAL_SOURCE_BEFORE_PROMOTION,https://dwrapps.utah.gov/huntboundary/HuntTableData?species=Deer&gender=Buck
LO1628,SEPARATE_PRIVATE_LAND_LANDOWNER_LAYER,CLOSED_SEPARATE_LAYER,no,Current Hunt Planner private-land/landowner family; separate from comparable BIBLE draw-results core.,LIVE_2026_NOT_IN_2025_BIBLE,PRIVATE_LAND_OR_LANDOWNER_CURRENT_PLANNER,LO,,no,no,yes,yes,OK,LIVE_AND_DATABASE,LIVE_NO_QUOTA_DATABASE_PRESERVED,LIVE_DWR_NO_QUOTA_PUBLISHED,Cache,Deer,Buck,Restricted Muzzleloader,General Season - Private Land Only,,,,,,2,no,no,no,no,DEER_BUCK_DB_DIRECT,SOURCE_NO_PERMIT_VALUE,,REVIEW_REQUIRED,NONE_EXTERNAL_DATABASE_REFERENCE_ONLY,,FIND_EXTERNAL_SOURCE_BEFORE_PROMOTION,https://dwrapps.utah.gov/huntboundary/HuntTableData?species=Deer&gender=Buck
LO1629,SEPARATE_PRIVATE_LAND_LANDOWNER_LAYER,CLOSED_SEPARATE_LAYER,no,Current Hunt Planner private-land/landowner family; separate from comparable BIBLE draw-results core.,LIVE_2026_NOT_IN_2025_BIBLE,PRIVATE_LAND_OR_LANDOWNER_CURRENT_PLANNER,LO,,no,no,yes,yes,OK,LIVE_AND_DATABASE,BOTH_BLANK,LIVE_DWR_NO_QUOTA_PUBLISHED,Boulder/Kaiparowits,Deer,Buck,Restricted Rifle,General Season - Private Land Only,,,,,,,no,no,no,no,DEER_BUCK_DB_DIRECT,SOURCE_NO_PERMIT_VALUE,,NO_PERMIT_VALUE,NONE,,NO_CURRENT_PERMIT_VALUE_FOUND,https://dwrapps.utah.gov/huntboundary/HuntTableData?species=Deer&gender=Buck
LO1630,SEPARATE_PRIVATE_LAND_LANDOWNER_LAYER,CLOSED_SEPARATE_LAYER,no,Current Hunt Planner private-land/landowner family; separate from comparable BIBLE draw-results core.,LIVE_2026_NOT_IN_2025_BIBLE,PRIVATE_LAND_OR_LANDOWNER_CURRENT_PLANNER,LO,,no,no,yes,yes,OK,LIVE_AND_DATABASE,BOTH_BLANK,LIVE_DWR_NO_QUOTA_PUBLISHED,Boulder/Kaiparowits,Deer,Buck,Restricted Muzzleloader,General Season - Private Land Only,,,,,,,no,no,no,no,DEER_BUCK_DB_DIRECT,SOURCE_NO_PERMIT_VALUE,,NO_PERMIT_VALUE,NONE,,NO_CURRENT_PERMIT_VALUE_FOUND,https://dwrapps.utah.gov/huntboundary/HuntTableData?species=Deer&gender=Buck
LO1631,SEPARATE_PRIVATE_LAND_LANDOWNER_LAYER,CLOSED_SEPARATE_LAYER,no,Current Hunt Planner private-land/landowner family; separate from comparable BIBLE draw-results core.,LIVE_2026_NOT_IN_2025_BIBLE,PRIVATE_LAND_OR_LANDOWNER_CURRENT_PLANNER,LO,,no,no,yes,yes,OK,LIVE_AND_DATABASE,LIVE_NO_QUOTA_DATABASE_PRESERVED,LIVE_DWR_NO_QUOTA_PUBLISHED,Box Elder,Deer,Buck,Any Legal Weapon (Early),General Season - Private Land Only,,,,,,1,no,no,no,no,DEER_BUCK_DB_DIRECT,SOURCE_NO_PERMIT_VALUE,,REVIEW_REQUIRED,NONE_EXTERNAL_DATABASE_REFERENCE_ONLY,,FIND_EXTERNAL_SOURCE_BEFORE_PROMOTION,https://dwrapps.utah.gov/huntboundary/HuntTableData?species=Deer&gender=Buck
LP5025,SEPARATE_PRIVATE_LAND_LANDOWNER_LAYER,CLOSED_SEPARATE_LAYER,no,Current Hunt Planner private-land/landowner family; separate from comparable BIBLE draw-results core.,LIVE_2026_NOT_IN_2025_BIBLE,PRIVATE_LAND_OR_LANDOWNER_CURRENT_PLANNER,LP,,no,no,yes,yes,OK,LIVE_AND_DATABASE,BOTH_BLANK,LIVE_DWR_NO_QUOTA_PUBLISHED,Beaver - Private Land Only,Pronghorn,Buck,Any Legal Weapon,Limited Entry - Private Land Only,,,,,,,no,no,no,no,,,,NO_PERMIT_VALUE,NONE,,NO_CURRENT_PERMIT_VALUE_FOUND,https://dwrapps.utah.gov/huntboundary/HuntTableData?species=Pronghorn&gender=Buck
LP5031,SEPARATE_PRIVATE_LAND_LANDOWNER_LAYER,CLOSED_SEPARATE_LAYER,no,Current Hunt Planner private-land/landowner family; separate from comparable BIBLE draw-results core.,LIVE_2026_NOT_IN_2025_BIBLE,PRIVATE_LAND_OR_LANDOWNER_CURRENT_PLANNER,LP,,no,no,yes,yes,OK,LIVE_AND_DATABASE,BOTH_BLANK,LIVE_DWR_NO_QUOTA_PUBLISHED,"Box Elder, West - Private Land Only",Pronghorn,Buck,Any Legal Weapon,Limited Entry - Private Land Only,,,,,,,no,no,no,no,,,,NO_PERMIT_VALUE,NONE,,NO_CURRENT_PERMIT_VALUE_FOUND,https://dwrapps.utah.gov/huntboundary/HuntTableData?species=Pronghorn&gender=Buck
LP5033,SEPARATE_PRIVATE_LAND_LANDOWNER_LAYER,CLOSED_SEPARATE_LAYER,no,Current Hunt Planner private-land/landowner family; separate from comparable BIBLE draw-results core.,LIVE_2026_NOT_IN_2025_BIBLE,PRIVATE_LAND_OR_LANDOWNER_CURRENT_PLANNER,LP,,no,no,yes,yes,OK,LIVE_AND_DATABASE,BOTH_BLANK,LIVE_DWR_NO_QUOTA_PUBLISHED,"Fillmore, Oak Creek South - Private Land Only",Pronghorn,Buck,Any Legal Weapon,Limited Entry - Private Land Only,,,,,,,no,no,no,no,,,,NO_PERMIT_VALUE,NONE,,NO_CURRENT_PERMIT_VALUE_FOUND,https://dwrapps.utah.gov/huntboundary/HuntTableData?species=Pronghorn&gender=Buck
LP5046,SEPARATE_PRIVATE_LAND_LANDOWNER_LAYER,CLOSED_SEPARATE_LAYER,no,Current Hunt Planner private-land/landowner family; separate from comparable BIBLE draw-results core.,LIVE_2026_NOT_IN_2025_BIBLE,PRIVATE_LAND_OR_LANDOWNER_CURRENT_PLANNER,LP,,no,no,yes,yes,OK,LIVE_AND_DATABASE,BOTH_BLANK,LIVE_DWR_NO_QUOTA_PUBLISHED,"San Rafael, North - Private Land Only",Pronghorn,Buck,Any Legal Weapon,Limited Entry - Private Land Only,,,,,,,no,no,no,no,,,,NO_PERMIT_VALUE,NONE,,NO_CURRENT_PERMIT_VALUE_FOUND,https://dwrapps.utah.gov/huntboundary/HuntTableData?species=Pronghorn&gender=Buck
LP5049,SEPARATE_PRIVATE_LAND_LANDOWNER_LAYER,CLOSED_SEPARATE_LAYER,no,Current Hunt Planner private-land/landowner family; separate from comparable BIBLE draw-results core.,LIVE_2026_NOT_IN_2025_BIBLE,PRIVATE_LAND_OR_LANDOWNER_CURRENT_PLANNER,LP,,no,no,yes,yes,OK,LIVE_AND_DATABASE,BOTH_BLANK,LIVE_DWR_NO_QUOTA_PUBLISHED,Southwest Desert - Private Land Only,Pronghorn,Buck,Any Legal Weapon,Limited Entry - Private Land Only,,,,,,,no,no,no,no,,,,NO_PERMIT_VALUE,NONE,,NO_CURRENT_PERMIT_VALUE_FOUND,https://dwrapps.utah.gov/huntboundary/HuntTableData?species=Pronghorn&gender=Buck
LP5051,SEPARATE_PRIVATE_LAND_LANDOWNER_LAYER,CLOSED_SEPARATE_LAYER,no,Current Hunt Planner private-land/landowner family; separate from comparable BIBLE draw-results core.,LIVE_2026_NOT_IN_2025_BIBLE,PRIVATE_LAND_OR_LANDOWNER_CURRENT_PLANNER,LP,,no,no,yes,yes,OK,LIVE_AND_DATABASE,BOTH_BLANK,LIVE_DWR_NO_QUOTA_PUBLISHED,"West Desert, Rush Valley - Private Land Only",Pronghorn,Buck,Any Legal Weapon,Limited Entry - Private Land Only,,,,,,,no,no,no,no,,,,NO_PERMIT_VALUE,NONE,,NO_CURRENT_PERMIT_VALUE_FOUND,https://dwrapps.utah.gov/huntboundary/HuntTableData?species=Pronghorn&gender=Buck
MA1000,HISTORICAL_LIBRARY_ONLY,CLOSED_HISTORICAL,no,Historical BIBLE-library code not part of current 2026 live table.,BIBLE_HISTORICAL_ONLY,HISTORICAL_LIBRARY,MA,2020|2021|2022|2023,no,no,no,no,,,,,,,,,,,,,,,,no,no,no,no,,,,,,,,
MA1001,HISTORICAL_LIBRARY_ONLY,CLOSED_HISTORICAL,no,Historical BIBLE-library code not part of current 2026 live table.,BIBLE_HISTORICAL_ONLY,HISTORICAL_LIBRARY,MA,2020|2021,no,no,no,no,,,,,,,,,,,,,,,,no,no,no,no,,,,,,,,
MA1003,HISTORICAL_LIBRARY_ONLY,CLOSED_HISTORICAL,no,Historical BIBLE-library code not part of current 2026 live table.,BIBLE_HISTORICAL_ONLY,HISTORICAL_LIBRARY,MA,2020|2021,no,no,no,no,,,,,,,,,,,,,,,,no,no,no,no,,,,,,,,
MA1004,HISTORICAL_LIBRARY_ONLY,CLOSED_HISTORICAL,no,Historical BIBLE-library code not part of current 2026 live table.,BIBLE_HISTORICAL_ONLY,HISTORICAL_LIBRARY,MA,2020,no,no,no,no,,,,,,,,,,,,,,,,no,no,no,no,,,,,,,,
MA1005,CORE_DRAW_RESULTS_CONTINUING,CLOSED_CORE,yes,Present in 2025 BIBLE and fresh 2026 DWR Hunt Planner table.,LIVE_2026_AND_2025_BIBLE,CONTINUITY,MA,2020|2021|2022|2023|2024|2025,yes,no,yes,yes,OK,LIVE_AND_DATABASE,NUMERIC_MISMATCH,LIVE_DWR_RES_NR_SPLIT,Morgan-South Rich,Moose,Antlerless,Any Legal Weapon,Limited Entry,2,1,3,6,1,7,no,no,no,no,,,,HIGH_CONFIRMED_2PLUS,HANUMBER,3,PROMOTE_CANDIDATE_AFTER_REVIEW,https://dwrapps.utah.gov/huntboundary/HuntTableData?species=Moose&gender=Antlerless
MA1006,DATABASE_REFERENCE_NOT_LIVE_TABLE,REVIEW,no,Database row is not exposed by the fresh DWR live table; do not count as active core without source review.,DATABASE_NOT_IN_LIVE_TABLE,DATABASE_REFERENCE_OR_ARCHIVE_REVIEW,MA,2022|2023|2024,no,no,no,yes,OK,DATABASE_ONLY,DATABASE_ONLY,,"Wasatch Mtns, West",Moose,Antlerless,Any Legal Weapon,Once-in-a-lifetime,,,,4,1,5,no,no,no,no,,,,MEDIUM_SINGLE_SOURCE,HANUMBER,5,PROMOTE_CANDIDATE_AFTER_REVIEW,
MA1007,CORE_DRAW_RESULTS_CONTINUING,CLOSED_CORE,yes,Present in 2025 BIBLE and fresh 2026 DWR Hunt Planner table.,LIVE_2026_AND_2025_BIBLE,CONTINUITY,MA,2025,yes,no,yes,yes,OK,LIVE_AND_DATABASE,NUMERIC_MISMATCH,LIVE_DWR_RES_NR_SPLIT,Morgan-South Rich,Moose,Antlerless,Archery,Limited Entry,2,0,2,3,0,3,no,no,no,no,,,,HIGH_CONFIRMED_2PLUS,HANUMBER,2,PROMOTE_CANDIDATE_AFTER_REVIEW,https://dwrapps.utah.gov/huntboundary/HuntTableData?species=Moose&gender=Antlerless
MA1008,CORE_DRAW_RESULTS_CONTINUING,CLOSED_CORE,yes,Present in 2025 BIBLE and fresh 2026 DWR Hunt Planner table.,LIVE_2026_AND_2025_BIBLE,CONTINUITY,MA,2025,yes,no,yes,yes,OK,LIVE_AND_DATABASE,NUMERIC_MISMATCH,LIVE_DWR_RES_NR_SPLIT,"Wasatch Mtns, Salt Lake-Timpanogos",Moose,Antlerless,Any Legal Weapon,Limited Entry,2,0,2,4,1,5,no,no,no,no,,,,HIGH_CONFIRMED_2PLUS,HANUMBER,2,PROMOTE_CANDIDATE_AFTER_REVIEW,https://dwrapps.utah.gov/huntboundary/HuntTableData?species=Moose&gender=Antlerless
MA1009,CORE_DRAW_RESULTS_CONTINUING,CLOSED_CORE,yes,Present in 2025 BIBLE and fresh 2026 DWR Hunt Planner table.,LIVE_2026_AND_2025_BIBLE,CONTINUITY,MA,2025,yes,no,yes,yes,OK,LIVE_AND_DATABASE,TOTAL_MATCH_SPLIT_DIFFERS,LIVE_DWR_CWMU_TOTAL_ONLY_FROM_QUOTA_RES,Causey Spring CWMU,Moose,Antlerless,Any Legal Weapon,CWMU,,,1,1,0,1,no,no,no,no,,,,MEDIUM_TOTAL_CONFIRMED,HANUMBER,1,PROMOTE_TOTAL_AFTER_SPLIT_REVIEW,https://dwrapps.utah.gov/huntboundary/HuntTableData?species=Moose&gender=Antlerless
MA1010,CORE_DRAW_RESULTS_CONTINUING,CLOSED_CORE,yes,Present in 2025 BIBLE and fresh 2026 DWR Hunt Planner table.,LIVE_2026_AND_2025_BIBLE,CONTINUITY,MA,2025,yes,no,yes,yes,OK,LIVE_AND_DATABASE,TOTAL_MATCH_SPLIT_DIFFERS,LIVE_DWR_CWMU_TOTAL_ONLY_FROM_QUOTA_RES,Deseret CWMU,Moose,Antlerless,Any Legal Weapon,CWMU,,,2,2,0,2,no,no,no,no,,,,MEDIUM_TOTAL_CONFIRMED,HANUMBER,2,PROMOTE_TOTAL_AFTER_SPLIT_REVIEW,https://dwrapps.utah.gov/huntboundary/HuntTableData?species=Moose&gender=Antlerless
MA1011,SEPARATE_CWMU_CURRENT_PLANNER_LAYER,REVIEW,maybe,"CWMU current-planner row not in 2025 BIBLE; review whether this is new, renamed, or omitted by source family.",LIVE_2026_NOT_IN_2025_BIBLE,CWMU_CURRENT_PLANNER,MA,,no,no,yes,no,,LIVE_ONLY,LIVE_ONLY,LIVE_DWR_CWMU_TOTAL_ONLY_FROM_QUOTA_RES,Beaver Hollow,Moose,Antlerless,Any Legal Weapon,CWMU,,,1,,,,no,no,no,no,,,,MEDIUM_SINGLE_SOURCE,HUNTTABLE,1,PROMOTE_CANDIDATE_AFTER_REVIEW,https://dwrapps.utah.gov/huntboundary/HuntTableData?species=Moose&gender=Antlerless
MB1000,SPORTSMAN_CONTINUITY_LAYER_REVIEW,REVIEW,maybe,"Sportsman codes are known continuing active permit hunts, but this row was not in 2025 BIBLE extraction.",LIVE_2026_NOT_IN_2025_BIBLE,SPORTSMAN_CURRENT_PLANNER,MB,2020|2021|2022|2023|2024,no,no,yes,yes,OK,LIVE_AND_DATABASE,BOTH_BLANK,LIVE_DWR_NO_QUOTA_PUBLISHED,Moose - Statewide Permit,Moose,Bull,Any Legal Weapon,Statewide,,,,,,,no,no,yes,no,CONSERVATION_PERMITS_DIRECT,SOURCE_DIFFERS_FROM_CURRENT_RECONCILIATION,,MEDIUM_SINGLE_SOURCE,UTAHDRAWS,1,PROMOTE_CANDIDATE_AFTER_REVIEW,https://dwrapps.utah.gov/huntboundary/HuntTableData?species=Moose&gender=Bull
MB6000,CORE_DRAW_RESULTS_CONTINUING,CLOSED_CORE,yes,Present in 2025 BIBLE and fresh 2026 DWR Hunt Planner table.,LIVE_2026_AND_2025_BIBLE,CONTINUITY,MB,2020|2021|2022|2023|2024|2025,yes,no,yes,yes,OK,LIVE_AND_DATABASE,MATCH,LIVE_DWR_RES_NR_SPLIT,Cache,Moose,Bull,Any Legal Weapon,Once-in-a-lifetime,14,3,17,14,3,17,no,no,no,no,,,,HIGH_CONFIRMED_2PLUS,HANUMBER,17,PROMOTE_CANDIDATE_AFTER_REVIEW,https://dwrapps.utah.gov/huntboundary/HuntTableData?species=Moose&gender=Bull
MB6001,CORE_DRAW_RESULTS_CONTINUING,CLOSED_CORE,yes,Present in 2025 BIBLE and fresh 2026 DWR Hunt Planner table.,LIVE_2026_AND_2025_BIBLE,CONTINUITY,MB,2020|2021|2022|2023|2024|2025,yes,no,yes,yes,OK,LIVE_AND_DATABASE,MATCH,LIVE_DWR_RES_NR_SPLIT,Chalk Creek,Moose,Bull,Any Legal Weapon,Once-in-a-lifetime,4,0,4,4,0,4,no,no,no,no,,,,HIGH_CONFIRMED_2PLUS,HANUMBER,4,PROMOTE_CANDIDATE_AFTER_REVIEW,https://dwrapps.utah.gov/huntboundary/HuntTableData?species=Moose&gender=Bull
MB6002,CORE_DRAW_RESULTS_CONTINUING,CLOSED_CORE,yes,Present in 2025 BIBLE and fresh 2026 DWR Hunt Planner table.,LIVE_2026_AND_2025_BIBLE,CONTINUITY,MB,2020|2021|2022|2023|2024|2025,yes,no,yes,yes,OK,LIVE_AND_DATABASE,MATCH,LIVE_DWR_RES_NR_SPLIT,East Canyon,Moose,Bull,Any Legal Weapon,Once-in-a-lifetime,5,0,5,5,0,5,no,no,no,no,,,,HIGH_CONFIRMED_2PLUS,HANUMBER,5,PROMOTE_CANDIDATE_AFTER_REVIEW,https://dwrapps.utah.gov/huntboundary/HuntTableData?species=Moose&gender=Bull
MB6003,CORE_DRAW_RESULTS_CONTINUING,CLOSED_CORE,yes,Present in 2025 BIBLE and fresh 2026 DWR Hunt Planner table.,LIVE_2026_AND_2025_BIBLE,CONTINUITY,MB,2020|2021|2022|2023|2024|2025,yes,no,yes,yes,OK,LIVE_AND_DATABASE,MATCH,LIVE_DWR_RES_NR_SPLIT,"East Canyon, Morgan-Summit",Moose,Bull,Any Legal Weapon,Once-in-a-lifetime,5,0,5,5,0,5,no,no,no,no,,,,HIGH_CONFIRMED_2PLUS,HANUMBER,5,PROMOTE_CANDIDATE_AFTER_REVIEW,https://dwrapps.utah.gov/huntboundary/HuntTableData?species=Moose&gender=Bull
MB6004,CORE_DRAW_RESULTS_CONTINUING,CLOSED_CORE,yes,Present in 2025 BIBLE and fresh 2026 DWR Hunt Planner table.,LIVE_2026_AND_2025_BIBLE,CONTINUITY,MB,2020|2021|2022|2023|2024|2025,yes,no,yes,yes,OK,LIVE_AND_DATABASE,MATCH,LIVE_DWR_RES_NR_SPLIT,Kamas,Moose,Bull,Any Legal Weapon,Once-in-a-lifetime,6,0,6,6,0,6,no,no,no,no,,,,HIGH_CONFIRMED_2PLUS,HANUMBER,6,PROMOTE_CANDIDATE_AFTER_REVIEW,https://dwrapps.utah.gov/huntboundary/HuntTableData?species=Moose&gender=Bull
MB6005,CORE_DRAW_RESULTS_CONTINUING,CLOSED_CORE,yes,Present in 2025 BIBLE and fresh 2026 DWR Hunt Planner table.,LIVE_2026_AND_2025_BIBLE,CONTINUITY,MB,2020|2021|2022|2023|2024|2025,yes,no,yes,yes,OK,LIVE_AND_DATABASE,MATCH,LIVE_DWR_RES_NR_SPLIT,Morgan-South Rich,Moose,Bull,Any Legal Weapon,Once-in-a-lifetime,6,0,6,6,0,6,no,no,no,no,,,,HIGH_CONFIRMED_2PLUS,HANUMBER,6,PROMOTE_CANDIDATE_AFTER_REVIEW,https://dwrapps.utah.gov/huntboundary/HuntTableData?species=Moose&gender=Bull
MB6006,CORE_DRAW_RESULTS_CONTINUING,CLOSED_CORE,yes,Present in 2025 BIBLE and fresh 2026 DWR Hunt Planner table.,LIVE_2026_AND_2025_BIBLE,CONTINUITY,MB,2020|2021|2022|2023|2024|2025,yes,no,yes,yes,OK,LIVE_AND_DATABASE,MATCH,LIVE_DWR_RES_NR_SPLIT,"North Slope, Summit",Moose,Bull,Any Legal Weapon,Once-in-a-lifetime,20,3,23,20,3,23,no,no,no,no,,,,HIGH_CONFIRMED_2PLUS,HANUMBER,23,PROMOTE_CANDIDATE_AFTER_REVIEW,https://dwrapps.utah.gov/huntboundary/HuntTableData?species=Moose&gender=Bull
MB6007,CORE_DRAW_RESULTS_CONTINUING,CLOSED_CORE,yes,Present in 2025 BIBLE and fresh 2026 DWR Hunt Planner table.,LIVE_2026_AND_2025_BIBLE,CONTINUITY,MB,2020|2021|2022|2023|2024|2025,yes,no,yes,yes,OK,LIVE_AND_DATABASE,MATCH,LIVE_DWR_RES_NR_SPLIT,"North Slope, Three Corners/West Daggett",Moose,Bull,Any Legal Weapon,Once-in-a-lifetime,6,2,8,6,2,8,no,no,no,no,,,,HIGH_CONFIRMED_2PLUS,HANUMBER,8,PROMOTE_CANDIDATE_AFTER_REVIEW,https://dwrapps.utah.gov/huntboundary/HuntTableData?species=Moose&gender=Bull
MB6008,CORE_DRAW_RESULTS_CONTINUING,CLOSED_CORE,yes,Present in 2025 BIBLE and fresh 2026 DWR Hunt Planner table.,LIVE_2026_AND_2025_BIBLE,CONTINUITY,MB,2020|2021|2022|2023|2024|2025,yes,no,yes,yes,OK,LIVE_AND_DATABASE,MATCH,LIVE_DWR_RES_NR_SPLIT,Ogden,Moose,Bull,Any Legal Weapon,Once-in-a-lifetime,7,0,7,7,0,7,no,no,no,no,,,,HIGH_CONFIRMED_2PLUS,HANUMBER,7,PROMOTE_CANDIDATE_AFTER_REVIEW,https://dwrapps.utah.gov/huntboundary/HuntTableData?species=Moose&gender=Bull
MB6009,CORE_DRAW_RESULTS_CONTINUING,CLOSED_CORE,yes,Present in 2025 BIBLE and fresh 2026 DWR Hunt Planner table.,LIVE_2026_AND_2025_BIBLE,CONTINUITY,MB,2020|2021|2022|2023|2024|2025,yes,no,yes,yes,OK,LIVE_AND_DATABASE,MATCH,LIVE_DWR_RES_NR_SPLIT,Diamond Mtn/Vernal,Moose,Bull,Any Legal Weapon,Once-in-a-lifetime,2,0,2,2,0,2,no,no,no,no,,,,HIGH_CONFIRMED_2PLUS,HANUMBER,2,PROMOTE_CANDIDATE_AFTER_REVIEW,https://dwrapps.utah.gov/huntboundary/HuntTableData?species=Moose&gender=Bull
MB6010,CORE_DRAW_RESULTS_CONTINUING,CLOSED_CORE,yes,Present in 2025 BIBLE and fresh 2026 DWR Hunt Planner table.,LIVE_2026_AND_2025_BIBLE,CONTINUITY,MB,2020|2021|2022|2023|2024|2025,yes,no,yes,yes,OK,LIVE_AND_DATABASE,MATCH,LIVE_DWR_RES_NR_SPLIT,Yellowstone,Moose,Bull,Any Legal Weapon,Once-in-a-lifetime,6,0,6,6,0,6,no,no,no,no,,,,HIGH_CONFIRMED_2PLUS,HANUMBER,6,PROMOTE_CANDIDATE_AFTER_REVIEW,https://dwrapps.utah.gov/huntboundary/HuntTableData?species=Moose&gender=Bull
MB6011,CORE_DRAW_RESULTS_CONTINUING,CLOSED_CORE,yes,Present in 2025 BIBLE and fresh 2026 DWR Hunt Planner table.,LIVE_2026_AND_2025_BIBLE,CONTINUITY,MB,2020|2021|2022|2023|2024|2025,yes,no,yes,yes,OK,LIVE_AND_DATABASE,MATCH,LIVE_DWR_RES_NR_SPLIT,Wasatch Mtns/Central Mtns,Moose,Bull,Any Legal Weapon,Once-in-a-lifetime,19,3,22,19,3,22,no,no,no,no,,,,REVIEW_SOURCE_CONFLICT,HANUMBER,22,REVIEW_BEFORE_PROMOTION,https://dwrapps.utah.gov/huntboundary/HuntTableData?species=Moose&gender=Bull
MB6012,CORE_DRAW_RESULTS_CONTINUING,CLOSED_CORE,yes,Present in 2025 BIBLE and fresh 2026 DWR Hunt Planner table.,LIVE_2026_AND_2025_BIBLE,CONTINUITY,MB,2025,yes,no,yes,yes,OK,LIVE_AND_DATABASE,MATCH,LIVE_DWR_RES_NR_SPLIT,Box Elder,Moose,Bull,Any Legal Weapon,Once-in-a-lifetime,2,0,2,2,0,2,no,no,no,no,,,,HIGH_CONFIRMED_2PLUS,HANUMBER,2,PROMOTE_CANDIDATE_AFTER_REVIEW,https://dwrapps.utah.gov/huntboundary/HuntTableData?species=Moose&gender=Bull
MB6200,POSSIBLE_DROPPED_OR_NOT_EXPOSED_FROM_2025,REVIEW,maybe,Present in 2025 BIBLE but absent from fresh 2026 DWR table; needs drop/rename/crosswalk review.,BIBLE_2025_NOT_IN_LIVE_2026_TABLE,DROPPED_OR_NOT_EXPOSED_IN_CURRENT_TABLE,MB,2021|2022|2024|2025,yes,no,no,yes,OK,DATABASE_ONLY,DATABASE_ONLY,,Bear Springs CWMU,Moose,Bull,Any Legal Weapon,CWMU,,,,1,0,1,no,no,no,no,,,,MEDIUM_SINGLE_SOURCE,HANUMBER,1,PROMOTE_CANDIDATE_AFTER_REVIEW,
MB6201,SEPARATE_CWMU_CURRENT_PLANNER_LAYER,REVIEW,maybe,"CWMU current-planner row not in 2025 BIBLE; review whether this is new, renamed, or omitted by source family.",LIVE_2026_NOT_IN_2025_BIBLE,CWMU_CURRENT_PLANNER,MB,2020|2021,no,no,yes,yes,OK,LIVE_AND_DATABASE,TOTAL_MATCH_SPLIT_DIFFERS,LIVE_DWR_CWMU_TOTAL_ONLY_FROM_QUOTA_RES,Beaver Hollow CWMU,Moose,Bull,Any Legal Weapon,CWMU,,,1,1,0,1,no,no,no,no,,,,HIGH_CONFIRMED_2PLUS,HANUMBER,1,PROMOTE_CANDIDATE_AFTER_REVIEW,https://dwrapps.utah.gov/huntboundary/HuntTableData?species=Moose&gender=Bull
MB6202,CORE_DRAW_RESULTS_CONTINUING,CLOSED_CORE,yes,Present in 2025 BIBLE and fresh 2026 DWR Hunt Planner table.,LIVE_2026_AND_2025_BIBLE,CONTINUITY,MB,2020|2021|2022|2023|2024|2025,yes,no,yes,yes,OK,LIVE_AND_DATABASE,TOTAL_MATCH_SPLIT_DIFFERS,LIVE_DWR_CWMU_TOTAL_ONLY_FROM_QUOTA_RES,Causey Spring CWMU,Moose,Bull,Any Legal Weapon,CWMU,,,1,1,0,1,no,no,no,no,,,,HIGH_CONFIRMED_2PLUS,HANUMBER,1,PROMOTE_CANDIDATE_AFTER_REVIEW,https://dwrapps.utah.gov/huntboundary/HuntTableData?species=Moose&gender=Bull
MB6205,HISTORICAL_LIBRARY_ONLY,CLOSED_HISTORICAL,no,Historical BIBLE-library code not part of current 2026 live table.,BIBLE_HISTORICAL_ONLY,HISTORICAL_LIBRARY,MB,2020,no,no,no,no,,,,,,,,,,,,,,,,no,no,no,no,,,,,,,,
MB6206,CORE_DRAW_RESULTS_CONTINUING,CLOSED_CORE,yes,Present in 2025 BIBLE and fresh 2026 DWR Hunt Planner table.,LIVE_2026_AND_2025_BIBLE,CONTINUITY,MB,2020|2021|2022|2023|2024|2025,yes,no,yes,yes,OK,LIVE_AND_DATABASE,TOTAL_MATCH_SPLIT_DIFFERS,LIVE_DWR_CWMU_TOTAL_ONLY_FROM_QUOTA_RES,Deseret CWMU,Moose,Bull,Any Legal Weapon,CWMU,,,1,1,0,1,no,no,no,no,,,,HIGH_CONFIRMED_2PLUS,HANUMBER,1,PROMOTE_CANDIDATE_AFTER_REVIEW,https://dwrapps.utah.gov/huntboundary/HuntTableData?species=Moose&gender=Bull
MB6207,POSSIBLE_DROPPED_OR_NOT_EXPOSED_FROM_2025,REVIEW,maybe,Present in 2025 BIBLE but absent from fresh 2026 DWR table; needs drop/rename/crosswalk review.,BIBLE_2025_NOT_IN_LIVE_2026_TABLE,DROPPED_OR_NOT_EXPOSED_IN_CURRENT_TABLE,MB,2020|2021|2022|2023|2024|2025,yes,no,no,yes,OK,DATABASE_ONLY,DATABASE_ONLY,,Durst Mountain CWMU,Moose,Bull,Any Legal Weapon,CWMU,,,,1,0,1,no,no,no,no,,,,MEDIUM_SINGLE_SOURCE,HANUMBER,1,PROMOTE_CANDIDATE_AFTER_REVIEW,
MB6208,CORE_DRAW_RESULTS_CONTINUING,CLOSED_CORE,yes,Present in 2025 BIBLE and fresh 2026 DWR Hunt Planner table.,LIVE_2026_AND_2025_BIBLE,CONTINUITY,MB,2020|2021|2022|2023|2024|2025,yes,no,yes,yes,OK,LIVE_AND_DATABASE,TOTAL_MATCH_SPLIT_DIFFERS,LIVE_DWR_CWMU_TOTAL_ONLY_FROM_QUOTA_RES,East Fork Chalk Creek CWMU,Moose,Bull,Any Legal Weapon,CWMU,,,2,2,0,2,no,no,no,no,,,,HIGH_CONFIRMED_2PLUS,HANUMBER,2,PROMOTE_CANDIDATE_AFTER_REVIEW,https://dwrapps.utah.gov/huntboundary/HuntTableData?species=Moose&gender=Bull
MB6209,POSSIBLE_DROPPED_OR_NOT_EXPOSED_FROM_2025,REVIEW,maybe,Present in 2025 BIBLE but absent from fresh 2026 DWR table; needs drop/rename/crosswalk review.,BIBLE_2025_NOT_IN_LIVE_2026_TABLE,DROPPED_OR_NOT_EXPOSED_IN_CURRENT_TABLE,MB,2020|2021|2022|2024|2025,yes,no,no,yes,OK,DATABASE_ONLY,DATABASE_ONLY,,Ensign Ranches CWMU,Moose,Bull,Any Legal Weapon,CWMU,,,,1,0,1,no,no,no,no,,,,MEDIUM_SINGLE_SOURCE,HANUMBER,1,PROMOTE_CANDIDATE_AFTER_REVIEW,
MB6210,HISTORICAL_LIBRARY_ONLY,CLOSED_HISTORICAL,no,Historical BIBLE-library code not part of current 2026 live table.,BIBLE_HISTORICAL_ONLY,HISTORICAL_LIBRARY,MB,2020|2021|2022|2023,no,no,no,no,,,,,,,,,,,,,,,,no,no,no,no,,,,,,,,
MB6211,CORE_DRAW_RESULTS_CONTINUING,CLOSED_CORE,yes,Present in 2025 BIBLE and fresh 2026 DWR Hunt Planner table.,LIVE_2026_AND_2025_BIBLE,CONTINUITY,MB,2020|2021|2022|2023|2024|2025,yes,no,yes,yes,OK,LIVE_AND_DATABASE,TOTAL_MATCH_SPLIT_DIFFERS,LIVE_DWR_CWMU_TOTAL_ONLY_FROM_QUOTA_RES,Grass Valley/Clark Canyon CWMU,Moose,Bull,Any Legal Weapon,CWMU,,,4,4,0,4,no,no,no,no,,,,HIGH_CONFIRMED_2PLUS,HANUMBER,4,PROMOTE_CANDIDATE_AFTER_REVIEW,https://dwrapps.utah.gov/huntboundary/HuntTableData?species=Moose&gender=Bull
MB6216,HISTORICAL_LIBRARY_ONLY,CLOSED_HISTORICAL,no,Historical BIBLE-library code not part of current 2026 live table.,BIBLE_HISTORICAL_ONLY,HISTORICAL_LIBRARY,MB,2021|2022,no,no,no,no,,,,,,,,,,,,,,,,no,no,no,no,,,,,,,,
MB6217,POSSIBLE_DROPPED_OR_NOT_EXPOSED_FROM_2025,REVIEW,maybe,Present in 2025 BIBLE but absent from fresh 2026 DWR table; needs drop/rename/crosswalk review.,BIBLE_2025_NOT_IN_LIVE_2026_TABLE,DROPPED_OR_NOT_EXPOSED_IN_CURRENT_TABLE,MB,2021|2022|2024|2025,yes,no,no,yes,OK,DATABASE_ONLY,DATABASE_ONLY,,Sharp Mountain CWMU,Moose,Bull,Any Legal Weapon,CWMU,,,,1,0,1,no,no,no,no,,,,MEDIUM_SINGLE_SOURCE,HANUMBER,1,PROMOTE_CANDIDATE_AFTER_REVIEW,
MB6219,CORE_DRAW_RESULTS_CONTINUING,CLOSED_CORE,yes,Present in 2025 BIBLE and fresh 2026 DWR Hunt Planner table.,LIVE_2026_AND_2025_BIBLE,CONTINUITY,MB,2020|2021|2022|2023|2024|2025,yes,no,yes,yes,OK,LIVE_AND_DATABASE,TOTAL_MATCH_SPLIT_DIFFERS,LIVE_DWR_CWMU_TOTAL_ONLY_FROM_QUOTA_RES,Skull Crack CWMU,Moose,Bull,Any Legal Weapon,CWMU,,,2,2,0,2,no,no,no,no,,,,HIGH_CONFIRMED_2PLUS,HANUMBER,2,PROMOTE_CANDIDATE_AFTER_REVIEW,https://dwrapps.utah.gov/huntboundary/HuntTableData?species=Moose&gender=Bull
MB6220,POSSIBLE_DROPPED_OR_NOT_EXPOSED_FROM_2025,REVIEW,maybe,Present in 2025 BIBLE but absent from fresh 2026 DWR table; needs drop/rename/crosswalk review.,BIBLE_2025_NOT_IN_LIVE_2026_TABLE,DROPPED_OR_NOT_EXPOSED_IN_CURRENT_TABLE,MB,2021|2022|2024|2025,yes,no,no,yes,OK,DATABASE_ONLY,DATABASE_ONLY,,South Canyon CWMU,Moose,Bull,Any Legal Weapon,CWMU,,,,1,0,1,no,no,no,no,,,,MEDIUM_SINGLE_SOURCE,HANUMBER,1,PROMOTE_CANDIDATE_AFTER_REVIEW,
MB6222,CORE_DRAW_RESULTS_CONTINUING,CLOSED_CORE,yes,Present in 2025 BIBLE and fresh 2026 DWR Hunt Planner table.,LIVE_2026_AND_2025_BIBLE,CONTINUITY,MB,2020|2021|2022|2023|2024|2025,yes,no,yes,yes,OK,LIVE_AND_DATABASE,TOTAL_MATCH_SPLIT_DIFFERS,LIVE_DWR_CWMU_TOTAL_ONLY_FROM_QUOTA_RES,Strawberry Ridge CWMU,Moose,Bull,Any Legal Weapon,CWMU,,,1,1,0,1,no,no,no,no,,,,HIGH_CONFIRMED_2PLUS,HANUMBER,1,PROMOTE_CANDIDATE_AFTER_REVIEW,https://dwrapps.utah.gov/huntboundary/HuntTableData?species=Moose&gender=Bull
MB6223,POSSIBLE_DROPPED_OR_NOT_EXPOSED_FROM_2025,REVIEW,maybe,Present in 2025 BIBLE but absent from fresh 2026 DWR table; needs drop/rename/crosswalk review.,BIBLE_2025_NOT_IN_LIVE_2026_TABLE,DROPPED_OR_NOT_EXPOSED_IN_CURRENT_TABLE,MB,2021|2022|2023|2024|2025,yes,no,no,yes,OK,DATABASE_ONLY,DATABASE_ONLY,,Three C CWMU,Moose,Bull,Any Legal Weapon,CWMU,,,,1,0,1,no,no,no,no,,,,MEDIUM_SINGLE_SOURCE,HANUMBER,1,PROMOTE_CANDIDATE_AFTER_REVIEW,
MB6224,POSSIBLE_DROPPED_OR_NOT_EXPOSED_FROM_2025,REVIEW,maybe,Present in 2025 BIBLE but absent from fresh 2026 DWR table; needs drop/rename/crosswalk review.,BIBLE_2025_NOT_IN_LIVE_2026_TABLE,DROPPED_OR_NOT_EXPOSED_IN_CURRENT_TABLE,MB,2020|2021|2022|2023|2024|2025,yes,no,no,yes,OK,DATABASE_ONLY,DATABASE_ONLY,,Two Bear CWMU,Moose,Bull,Any Legal Weapon,CWMU,,,,1,0,1,no,no,no,no,,,,MEDIUM_SINGLE_SOURCE,HANUMBER,1,PROMOTE_CANDIDATE_AFTER_REVIEW,
MB6225,POSSIBLE_DROPPED_OR_NOT_EXPOSED_FROM_2025,REVIEW,maybe,Present in 2025 BIBLE but absent from fresh 2026 DWR table; needs drop/rename/crosswalk review.,BIBLE_2025_NOT_IN_LIVE_2026_TABLE,DROPPED_OR_NOT_EXPOSED_IN_CURRENT_TABLE,MB,2021|2023|2025,yes,no,no,yes,OK,DATABASE_ONLY,DATABASE_ONLY,,Wallsburg CWMU,Moose,Bull,Any Legal Weapon,CWMU,,,,1,0,1,no,no,no,no,,,,MEDIUM_SINGLE_SOURCE,HANUMBER,1,PROMOTE_CANDIDATE_AFTER_REVIEW,
MB6226,HISTORICAL_LIBRARY_ONLY,CLOSED_HISTORICAL,no,Historical BIBLE-library code not part of current 2026 live table.,BIBLE_HISTORICAL_ONLY,HISTORICAL_LIBRARY,MB,2020|2021|2022|2023,no,no,no,no,,,,,,,,,,,,,,,,no,no,no,no,,,,,,,,
MB6240,POSSIBLE_DROPPED_OR_NOT_EXPOSED_FROM_2025,REVIEW,maybe,Present in 2025 BIBLE but absent from fresh 2026 DWR table; needs drop/rename/crosswalk review.,BIBLE_2025_NOT_IN_LIVE_2026_TABLE,DROPPED_OR_NOT_EXPOSED_IN_CURRENT_TABLE,MB,2021|2022|2024|2025,yes,no,no,yes,OK,DATABASE_ONLY,DATABASE_ONLY,,Chimney Rock CWMU,Moose,Bull,Any Legal Weapon,CWMU,,,,1,0,1,no,no,no,no,,,,MEDIUM_SINGLE_SOURCE,HANUMBER,1,PROMOTE_CANDIDATE_AFTER_REVIEW,
MB6251,CORE_DRAW_RESULTS_CONTINUING,CLOSED_CORE,yes,Present in 2025 BIBLE and fresh 2026 DWR Hunt Planner table.,LIVE_2026_AND_2025_BIBLE,CONTINUITY,MB,2020|2021|2022|2023|2024|2025,yes,no,yes,yes,OK,LIVE_AND_DATABASE,TOTAL_MATCH_SPLIT_DIFFERS,LIVE_DWR_CWMU_TOTAL_ONLY_FROM_QUOTA_RES,Hardscrabble CWMU,Moose,Bull,Any Legal Weapon,CWMU,,,1,1,0,1,no,no,no,no,,,,HIGH_CONFIRMED_2PLUS,HANUMBER,1,PROMOTE_CANDIDATE_AFTER_REVIEW,https://dwrapps.utah.gov/huntboundary/HuntTableData?species=Moose&gender=Bull
MB6252,HISTORICAL_LIBRARY_ONLY,CLOSED_HISTORICAL,no,Historical BIBLE-library code not part of current 2026 live table.,BIBLE_HISTORICAL_ONLY,HISTORICAL_LIBRARY,MB,2021|2023,no,no,no,no,,,,,,,,,,,,,,,,no,no,no,no,,,,,,,,
MB6254,POSSIBLE_DROPPED_OR_NOT_EXPOSED_FROM_2025,REVIEW,maybe,Present in 2025 BIBLE but absent from fresh 2026 DWR table; needs drop/rename/crosswalk review.,BIBLE_2025_NOT_IN_LIVE_2026_TABLE,DROPPED_OR_NOT_EXPOSED_IN_CURRENT_TABLE,MB,2020|2021|2022|2024|2025,yes,no,no,yes,OK,DATABASE_ONLY,DATABASE_ONLY,,SJ Ranch CWMU,Moose,Bull,Any Legal Weapon,CWMU,,,,1,0,1,no,no,no,no,,,,MEDIUM_SINGLE_SOURCE,HANUMBER,1,PROMOTE_CANDIDATE_AFTER_REVIEW,
MB6256,CORE_DRAW_RESULTS_CONTINUING,CLOSED_CORE,yes,Present in 2025 BIBLE and fresh 2026 DWR Hunt Planner table.,LIVE_2026_AND_2025_BIBLE,CONTINUITY,MB,2022|2023|2024|2025,yes,no,yes,yes,OK,LIVE_AND_DATABASE,TOTAL_MATCH_SPLIT_DIFFERS,LIVE_DWR_CWMU_TOTAL_ONLY_FROM_QUOTA_RES,Woodruff Creek South CWMU,Moose,Bull,Any Legal Weapon,CWMU,,,1,1,0,1,no,no,no,no,,,,HIGH_CONFIRMED_2PLUS,HANUMBER,1,PROMOTE_CANDIDATE_AFTER_REVIEW,https://dwrapps.utah.gov/huntboundary/HuntTableData?species=Moose&gender=Bull
MB6257,POSSIBLE_DROPPED_OR_NOT_EXPOSED_FROM_2025,REVIEW,maybe,Present in 2025 BIBLE but absent from fresh 2026 DWR table; needs drop/rename/crosswalk review.,BIBLE_2025_NOT_IN_LIVE_2026_TABLE,DROPPED_OR_NOT_EXPOSED_IN_CURRENT_TABLE,MB,2021|2023|2025,yes,no,no,yes,OK,DATABASE_ONLY,DATABASE_ONLY,,Ingham Peak CWMU,Moose,Bull,Any Legal Weapon,CWMU,,,,1,0,1,no,no,no,no,,,,MEDIUM_SINGLE_SOURCE,HANUMBER,1,PROMOTE_CANDIDATE_AFTER_REVIEW,
MB6258,CORE_DRAW_RESULTS_CONTINUING,CLOSED_CORE,yes,Present in 2025 BIBLE and fresh 2026 DWR Hunt Planner table.,LIVE_2026_AND_2025_BIBLE,CONTINUITY,MB,2020|2024|2025,yes,no,yes,yes,OK,LIVE_AND_DATABASE,TOTAL_MATCH_SPLIT_DIFFERS,LIVE_DWR_CWMU_TOTAL_ONLY_FROM_QUOTA_RES,Jacob's Creek CWMU,Moose,Bull,Any Legal Weapon,CWMU,,,1,1,0,1,no,no,no,no,,,,HIGH_CONFIRMED_2PLUS,HANUMBER,1,PROMOTE_CANDIDATE_AFTER_REVIEW,https://dwrapps.utah.gov/huntboundary/HuntTableData?species=Moose&gender=Bull
MB6259,POSSIBLE_DROPPED_OR_NOT_EXPOSED_FROM_2025,REVIEW,maybe,Present in 2025 BIBLE but absent from fresh 2026 DWR table; needs drop/rename/crosswalk review.,BIBLE_2025_NOT_IN_LIVE_2026_TABLE,DROPPED_OR_NOT_EXPOSED_IN_CURRENT_TABLE,MB,2023|2024|2025,yes,no,no,yes,OK,DATABASE_ONLY,DATABASE_ONLY,,Royal Ivory Outfitters CWMU,Moose,Bull,Any Legal Weapon,CWMU,,,,1,0,1,no,no,no,no,,,,MEDIUM_SINGLE_SOURCE,HANUMBER,1,PROMOTE_CANDIDATE_AFTER_REVIEW,
MB6262,CORE_DRAW_RESULTS_CONTINUING,CLOSED_CORE,yes,Present in 2025 BIBLE and fresh 2026 DWR Hunt Planner table.,LIVE_2026_AND_2025_BIBLE,CONTINUITY,MB,2021|2022|2023|2025,yes,no,yes,yes,OK,LIVE_AND_DATABASE,TOTAL_MATCH_SPLIT_DIFFERS,LIVE_DWR_CWMU_TOTAL_ONLY_FROM_QUOTA_RES,Junction Valley CWMU,Moose,Bull,Any Legal Weapon,CWMU,,,1,1,0,1,no,no,no,no,,,,HIGH_CONFIRMED_2PLUS,HANUMBER,1,PROMOTE_CANDIDATE_AFTER_REVIEW,https://dwrapps.utah.gov/huntboundary/HuntTableData?species=Moose&gender=Bull
MB6263,DATABASE_REFERENCE_NOT_LIVE_TABLE,REVIEW,no,Database row is not exposed by the fresh DWR live table; do not count as active core without source review.,DATABASE_NOT_IN_LIVE_TABLE,DATABASE_REFERENCE_OR_ARCHIVE_REVIEW,MB,2021|2024,no,no,no,yes,OK,DATABASE_ONLY,DATABASE_ONLY,,Moon Ranch CWMU,Moose,Bull,Any Legal Weapon,CWMU,,,,,,,no,no,no,no,,,,NO_PERMIT_VALUE,NONE,,NO_CURRENT_PERMIT_VALUE_FOUND,
MB6264,DATABASE_REFERENCE_NOT_LIVE_TABLE,REVIEW,no,Database row is not exposed by the fresh DWR live table; do not count as active core without source review.,DATABASE_NOT_IN_LIVE_TABLE,DATABASE_REFERENCE_OR_ARCHIVE_REVIEW,MB,2021|2024,no,no,no,yes,OK,DATABASE_ONLY,DATABASE_ONLY,,Sand Creek CWMU,Moose,Bull,Any Legal Weapon,CWMU,,,,,,,no,no,no,no,,,,MEDIUM_SINGLE_SOURCE,HANUMBER,1,PROMOTE_CANDIDATE_AFTER_REVIEW,
MB6265,SEPARATE_CWMU_CURRENT_PLANNER_LAYER,REVIEW,maybe,"CWMU current-planner row not in 2025 BIBLE; review whether this is new, renamed, or omitted by source family.",LIVE_2026_NOT_IN_2025_BIBLE,CWMU_CURRENT_PLANNER,MB,2022|2024,no,no,yes,yes,OK,LIVE_AND_DATABASE,TOTAL_MATCH_SPLIT_DIFFERS,LIVE_DWR_CWMU_TOTAL_ONLY_FROM_QUOTA_RES,Little Pole Canyon CWMU,Moose,Bull,Any Legal Weapon,CWMU,,,1,1,0,1,no,no,no,no,,,,HIGH_CONFIRMED_2PLUS,HANUMBER,1,PROMOTE_CANDIDATE_AFTER_REVIEW,https://dwrapps.utah.gov/huntboundary/HuntTableData?species=Moose&gender=Bull
MB6266,CORE_DRAW_RESULTS_CONTINUING,CLOSED_CORE,yes,Present in 2025 BIBLE and fresh 2026 DWR Hunt Planner table.,LIVE_2026_AND_2025_BIBLE,CONTINUITY,MB,2024|2025,yes,no,yes,yes,OK,LIVE_AND_DATABASE,TOTAL_MATCH_SPLIT_DIFFERS,LIVE_DWR_CWMU_TOTAL_ONLY_FROM_QUOTA_RES,Weber Florence Creek/Stillman Creek CWMU,Moose,Bull,Any Legal Weapon,CWMU,,,3,3,0,3,no,no,no,no,,,,HIGH_CONFIRMED_2PLUS,HANUMBER,3,PROMOTE_CANDIDATE_AFTER_REVIEW,https://dwrapps.utah.gov/huntboundary/HuntTableData?species=Moose&gender=Bull
PB1000,SPORTSMAN_CONTINUITY_LAYER_REVIEW,REVIEW,maybe,"Sportsman codes are known continuing active permit hunts, but this row was not in 2025 BIBLE extraction.",LIVE_2026_NOT_IN_2025_BIBLE,SPORTSMAN_CURRENT_PLANNER,PB,2020|2021|2022|2023|2024,no,no,yes,yes,OK,LIVE_AND_DATABASE,BOTH_BLANK,LIVE_DWR_NO_QUOTA_PUBLISHED,Pronghorn - Statewide Permit,Pronghorn,Buck,Any Legal Weapon,Statewide,,,,,,,no,no,yes,no,CONSERVATION_PERMITS_DIRECT,SOURCE_DIFFERS_FROM_CURRENT_RECONCILIATION,,MEDIUM_SINGLE_SOURCE,UTAHDRAWS,1,PROMOTE_CANDIDATE_AFTER_REVIEW,https://dwrapps.utah.gov/huntboundary/HuntTableData?species=Pronghorn&gender=Buck
PB5000,CORE_DRAW_RESULTS_CONTINUING,CLOSED_CORE,yes,Present in 2025 BIBLE and fresh 2026 DWR Hunt Planner table.,LIVE_2026_AND_2025_BIBLE,CONTINUITY,PB,2020|2021|2022|2023|2024|2025,yes,no,yes,yes,OK,LIVE_AND_DATABASE,MATCH,LIVE_DWR_RES_NR_SPLIT,Beaver,Pronghorn,Buck,Archery,Limited Entry,11,1,12,11,1,12,no,no,no,no,,,,HIGH_CONFIRMED_2PLUS,HANUMBER,12,PROMOTE_CANDIDATE_AFTER_REVIEW,https://dwrapps.utah.gov/huntboundary/HuntTableData?species=Pronghorn&gender=Buck
PB5001,CORE_DRAW_RESULTS_CONTINUING,CLOSED_CORE,yes,Present in 2025 BIBLE and fresh 2026 DWR Hunt Planner table.,LIVE_2026_AND_2025_BIBLE,CONTINUITY,PB,2020|2021|2022|2023|2024|2025,yes,no,yes,yes,OK,LIVE_AND_DATABASE,MATCH,LIVE_DWR_RES_NR_SPLIT,"Book Cliffs, Bitter Creek",Pronghorn,Buck,Archery,Limited Entry,13,1,14,13,1,14,no,no,no,no,,,,HIGH_CONFIRMED_2PLUS,HANUMBER,14,PROMOTE_CANDIDATE_AFTER_REVIEW,https://dwrapps.utah.gov/huntboundary/HuntTableData?species=Pronghorn&gender=Buck
PB5002,CORE_DRAW_RESULTS_CONTINUING,CLOSED_CORE,yes,Present in 2025 BIBLE and fresh 2026 DWR Hunt Planner table.,LIVE_2026_AND_2025_BIBLE,CONTINUITY,PB,2020|2021|2022|2023|2024|2025,yes,no,yes,yes,OK,LIVE_AND_DATABASE,MATCH,LIVE_DWR_RES_NR_SPLIT,"Book Cliffs, South",Pronghorn,Buck,Archery,Limited Entry,8,1,9,8,1,9,no,no,no,no,,,,HIGH_CONFIRMED_2PLUS,HANUMBER,9,PROMOTE_CANDIDATE_AFTER_REVIEW,https://dwrapps.utah.gov/huntboundary/HuntTableData?species=Pronghorn&gender=Buck
PB5003,CORE_DRAW_RESULTS_CONTINUING,CLOSED_CORE,yes,Present in 2025 BIBLE and fresh 2026 DWR Hunt Planner table.,LIVE_2026_AND_2025_BIBLE,CONTINUITY,PB,2020|2021|2022|2023|2024|2025,yes,no,yes,yes,OK,LIVE_AND_DATABASE,MATCH,LIVE_DWR_RES_NR_SPLIT,"Box Elder, Promontory",Pronghorn,Buck,Archery,Limited Entry,4,0,4,4,0,4,no,no,no,no,,,,HIGH_CONFIRMED_2PLUS,HANUMBER,4,PROMOTE_CANDIDATE_AFTER_REVIEW,https://dwrapps.utah.gov/huntboundary/HuntTableData?species=Pronghorn&gender=Buck
PB5004,CORE_DRAW_RESULTS_CONTINUING,CLOSED_CORE,yes,Present in 2025 BIBLE and fresh 2026 DWR Hunt Planner table.,LIVE_2026_AND_2025_BIBLE,CONTINUITY,PB,2020|2021|2022|2023|2024|2025,yes,no,yes,yes,OK,LIVE_AND_DATABASE,MATCH,LIVE_DWR_RES_NR_SPLIT,"Box Elder, Puddle Valley",Pronghorn,Buck,Archery,Limited Entry,3,1,4,3,1,4,no,no,no,no,,,,HIGH_CONFIRMED_2PLUS,HANUMBER,4,PROMOTE_CANDIDATE_AFTER_REVIEW,https://dwrapps.utah.gov/huntboundary/HuntTableData?species=Pronghorn&gender=Buck
PB5005,CORE_DRAW_RESULTS_CONTINUING,CLOSED_CORE,yes,Present in 2025 BIBLE and fresh 2026 DWR Hunt Planner table.,LIVE_2026_AND_2025_BIBLE,CONTINUITY,PB,2020|2021|2022|2023|2024|2025,yes,no,yes,yes,OK,LIVE_AND_DATABASE,MATCH,LIVE_DWR_RES_NR_SPLIT,"Box Elder, Snowville",Pronghorn,Buck,Archery,Limited Entry,9,1,10,9,1,10,no,no,no,no,,,,HIGH_CONFIRMED_2PLUS,HANUMBER,10,PROMOTE_CANDIDATE_AFTER_REVIEW,https://dwrapps.utah.gov/huntboundary/HuntTableData?species=Pronghorn&gender=Buck
PB5006,CORE_DRAW_RESULTS_CONTINUING,CLOSED_CORE,yes,Present in 2025 BIBLE and fresh 2026 DWR Hunt Planner table.,LIVE_2026_AND_2025_BIBLE,CONTINUITY,PB,2020|2021|2022|2023|2024|2025,yes,no,yes,yes,OK,LIVE_AND_DATABASE,MATCH,LIVE_DWR_RES_NR_SPLIT,"Box Elder, West",Pronghorn,Buck,Archery,Limited Entry,10,1,11,10,1,11,no,no,no,no,,,,HIGH_CONFIRMED_2PLUS,HANUMBER,11,PROMOTE_CANDIDATE_AFTER_REVIEW,https://dwrapps.utah.gov/huntboundary/HuntTableData?species=Pronghorn&gender=Buck
PB5007,HISTORICAL_LIBRARY_ONLY,CLOSED_HISTORICAL,no,Historical BIBLE-library code not part of current 2026 live table.,BIBLE_HISTORICAL_ONLY,HISTORICAL_LIBRARY,PB,2020|2021|2022,no,no,no,no,,,,,,,,,,,,,,,,no,no,no,no,,,,,,,,
PB5008,CORE_DRAW_RESULTS_CONTINUING,CLOSED_CORE,yes,Present in 2025 BIBLE and fresh 2026 DWR Hunt Planner table.,LIVE_2026_AND_2025_BIBLE,CONTINUITY,PB,2020|2021|2022|2023|2024|2025,yes,no,yes,yes,OK,LIVE_AND_DATABASE,MATCH,LIVE_DWR_RES_NR_SPLIT,"Fillmore, Oak Creek South",Pronghorn,Buck,Archery,Limited Entry,15,2,17,15,2,17,no,no,no,no,,,,REVIEW_SOURCE_CONFLICT,HANUMBER,17,REVIEW_BEFORE_PROMOTION,https://dwrapps.utah.gov/huntboundary/HuntTableData?species=Pronghorn&gender=Buck
PB5009,CORE_DRAW_RESULTS_CONTINUING,CLOSED_CORE,yes,Present in 2025 BIBLE and fresh 2026 DWR Hunt Planner table.,LIVE_2026_AND_2025_BIBLE,CONTINUITY,PB,2020|2021|2022|2023|2024|2025,yes,no,yes,yes,OK,LIVE_AND_DATABASE,MATCH,LIVE_DWR_RES_NR_SPLIT,"La Sal, Potash/South Cisco",Pronghorn,Buck,Archery,Limited Entry,6,0,6,6,0,6,no,no,no,no,,,,HIGH_CONFIRMED_2PLUS,HANUMBER,6,PROMOTE_CANDIDATE_AFTER_REVIEW,https://dwrapps.utah.gov/huntboundary/HuntTableData?species=Pronghorn&gender=Buck
PB5011,CORE_DRAW_RESULTS_CONTINUING,CLOSED_CORE,yes,Present in 2025 BIBLE and fresh 2026 DWR Hunt Planner table.,LIVE_2026_AND_2025_BIBLE,CONTINUITY,PB,2020|2021|2022|2023|2024|2025,yes,no,yes,yes,OK,LIVE_AND_DATABASE,MATCH,LIVE_DWR_RES_NR_SPLIT,"Nine Mile, Anthro-Myton Bench",Pronghorn,Buck,Archery,Limited Entry,30,3,33,30,3,33,no,no,no,no,,,,REVIEW_SOURCE_CONFLICT,HANUMBER,33,REVIEW_BEFORE_PROMOTION,https://dwrapps.utah.gov/huntboundary/HuntTableData?species=Pronghorn&gender=Buck
PB5012,CORE_DRAW_RESULTS_CONTINUING,CLOSED_CORE,yes,Present in 2025 BIBLE and fresh 2026 DWR Hunt Planner table.,LIVE_2026_AND_2025_BIBLE,CONTINUITY,PB,2020|2021|2022|2023|2024|2025,yes,no,yes,yes,OK,LIVE_AND_DATABASE,MATCH,LIVE_DWR_RES_NR_SPLIT,"North Slope, Three Corners/West Daggett",Pronghorn,Buck,Archery,Limited Entry,10,1,11,10,1,11,no,no,no,no,,,,HIGH_CONFIRMED_2PLUS,HANUMBER,11,PROMOTE_CANDIDATE_AFTER_REVIEW,https://dwrapps.utah.gov/huntboundary/HuntTableData?species=Pronghorn&gender=Buck
PB5013,CORE_DRAW_RESULTS_CONTINUING,CLOSED_CORE,yes,Present in 2025 BIBLE and fresh 2026 DWR Hunt Planner table.,LIVE_2026_AND_2025_BIBLE,CONTINUITY,PB,2020|2021|2022|2023|2024|2025,yes,no,yes,yes,OK,LIVE_AND_DATABASE,MATCH,LIVE_DWR_RES_NR_SPLIT,Pine Valley,Pronghorn,Buck,Archery,Limited Entry,7,1,8,7,1,8,no,no,no,no,,,,HIGH_CONFIRMED_2PLUS,HANUMBER,8,PROMOTE_CANDIDATE_AFTER_REVIEW,https://dwrapps.utah.gov/huntboundary/HuntTableData?species=Pronghorn&gender=Buck
PB5015,CORE_DRAW_RESULTS_CONTINUING,CLOSED_CORE,yes,Present in 2025 BIBLE and fresh 2026 DWR Hunt Planner table.,LIVE_2026_AND_2025_BIBLE,CONTINUITY,PB,2020|2021|2022|2023|2024|2025,yes,no,yes,yes,OK,LIVE_AND_DATABASE,MATCH,LIVE_DWR_RES_NR_SPLIT,"San Rafael, North",Pronghorn,Buck,Archery,Limited Entry,21,2,23,21,2,23,no,no,no,no,,,,REVIEW_SOURCE_CONFLICT,HANUMBER,23,REVIEW_BEFORE_PROMOTION,https://dwrapps.utah.gov/huntboundary/HuntTableData?species=Pronghorn&gender=Buck
PB5016,CORE_DRAW_RESULTS_CONTINUING,CLOSED_CORE,yes,Present in 2025 BIBLE and fresh 2026 DWR Hunt Planner table.,LIVE_2026_AND_2025_BIBLE,CONTINUITY,PB,2020|2021|2022|2023|2024|2025,yes,no,yes,yes,OK,LIVE_AND_DATABASE,MATCH,LIVE_DWR_RES_NR_SPLIT,Diamond Mtn/Bonanza,Pronghorn,Buck,Archery,Limited Entry,17,2,19,17,2,19,no,no,no,no,,,,HIGH_CONFIRMED_2PLUS,HANUMBER,19,PROMOTE_CANDIDATE_AFTER_REVIEW,https://dwrapps.utah.gov/huntboundary/HuntTableData?species=Pronghorn&gender=Buck
PB5017,CORE_DRAW_RESULTS_CONTINUING,CLOSED_CORE,yes,Present in 2025 BIBLE and fresh 2026 DWR Hunt Planner table.,LIVE_2026_AND_2025_BIBLE,CONTINUITY,PB,2020|2021|2022|2023|2024|2025,yes,no,yes,yes,OK,LIVE_AND_DATABASE,MATCH,LIVE_DWR_RES_NR_SPLIT,Vernal,Pronghorn,Buck,Archery,Limited Entry,18,2,20,18,2,20,no,no,no,no,,,,HIGH_CONFIRMED_2PLUS,HANUMBER,20,PROMOTE_CANDIDATE_AFTER_REVIEW,https://dwrapps.utah.gov/huntboundary/HuntTableData?species=Pronghorn&gender=Buck
PB5018,CORE_DRAW_RESULTS_CONTINUING,CLOSED_CORE,yes,Present in 2025 BIBLE and fresh 2026 DWR Hunt Planner table.,LIVE_2026_AND_2025_BIBLE,CONTINUITY,PB,2020|2021|2022|2023|2024|2025,yes,no,yes,yes,OK,LIVE_AND_DATABASE,MATCH,LIVE_DWR_RES_NR_SPLIT,Southwest Desert,Pronghorn,Buck,Archery,Limited Entry,31,4,35,31,4,35,no,no,no,no,,,,REVIEW_SOURCE_CONFLICT,HANUMBER,35,REVIEW_BEFORE_PROMOTION,https://dwrapps.utah.gov/huntboundary/HuntTableData?species=Pronghorn&gender=Buck
PB5019,CORE_DRAW_RESULTS_CONTINUING,CLOSED_CORE,yes,Present in 2025 BIBLE and fresh 2026 DWR Hunt Planner table.,LIVE_2026_AND_2025_BIBLE,CONTINUITY,PB,2020|2021|2022|2023|2024|2025,yes,no,yes,yes,OK,LIVE_AND_DATABASE,MATCH,LIVE_DWR_RES_NR_SPLIT,"West Desert, Riverbed",Pronghorn,Buck,Archery,Limited Entry,18,2,20,18,2,20,no,no,no,no,,,,HIGH_CONFIRMED_2PLUS,HANUMBER,20,PROMOTE_CANDIDATE_AFTER_REVIEW,https://dwrapps.utah.gov/huntboundary/HuntTableData?species=Pronghorn&gender=Buck
PB5020,CORE_DRAW_RESULTS_CONTINUING,CLOSED_CORE,yes,Present in 2025 BIBLE and fresh 2026 DWR Hunt Planner table.,LIVE_2026_AND_2025_BIBLE,CONTINUITY,PB,2020|2021|2022|2023|2024|2025,yes,no,yes,yes,OK,LIVE_AND_DATABASE,MATCH,LIVE_DWR_RES_NR_SPLIT,"West Desert, Rush Valley",Pronghorn,Buck,Archery,Limited Entry,8,1,9,8,1,9,no,no,no,no,,,,HIGH_CONFIRMED_2PLUS,HANUMBER,9,PROMOTE_CANDIDATE_AFTER_REVIEW,https://dwrapps.utah.gov/huntboundary/HuntTableData?species=Pronghorn&gender=Buck
PB5021,CORE_DRAW_RESULTS_CONTINUING,CLOSED_CORE,yes,Present in 2025 BIBLE and fresh 2026 DWR Hunt Planner table.,LIVE_2026_AND_2025_BIBLE,CONTINUITY,PB,2020|2021|2022|2023|2024|2025,yes,no,yes,yes,OK,LIVE_AND_DATABASE,MATCH,LIVE_DWR_RES_NR_SPLIT,"West Desert, Snake Valley",Pronghorn,Buck,Archery,Limited Entry,23,3,26,23,3,26,no,no,no,no,,,,HIGH_CONFIRMED_2PLUS,HANUMBER,26,PROMOTE_CANDIDATE_AFTER_REVIEW,https://dwrapps.utah.gov/huntboundary/HuntTableData?species=Pronghorn&gender=Buck
PB5022,HISTORICAL_LIBRARY_ONLY,CLOSED_HISTORICAL,no,Historical BIBLE-library code not part of current 2026 live table.,BIBLE_HISTORICAL_ONLY,HISTORICAL_LIBRARY,PB,2020|2021|2022,no,no,no,no,,,,,,,,,,,,,,,,no,no,no,no,,,,,,,,
PB5024,CORE_DRAW_RESULTS_CONTINUING,CLOSED_CORE,yes,Present in 2025 BIBLE and fresh 2026 DWR Hunt Planner table.,LIVE_2026_AND_2025_BIBLE,CONTINUITY,PB,2020|2021|2022|2023|2024|2025,yes,no,yes,yes,OK,LIVE_AND_DATABASE,MATCH,LIVE_DWR_RES_NR_SPLIT,Southwest Desert,Pronghorn,Buck,Muzzleloader,Limited Entry,31,4,35,31,4,35,no,no,no,no,,,,REVIEW_SOURCE_CONFLICT,HANUMBER,35,REVIEW_BEFORE_PROMOTION,https://dwrapps.utah.gov/huntboundary/HuntTableData?species=Pronghorn&gender=Buck
PB5025,CORE_DRAW_RESULTS_CONTINUING,CLOSED_CORE,yes,Present in 2025 BIBLE and fresh 2026 DWR Hunt Planner table.,LIVE_2026_AND_2025_BIBLE,CONTINUITY,PB,2020|2021|2022|2023|2024|2025,yes,no,yes,yes,OK,LIVE_AND_DATABASE,MATCH,LIVE_DWR_RES_NR_SPLIT,Beaver,Pronghorn,Buck,Any Legal Weapon,Limited Entry,43,5,48,43,5,48,no,no,yes,no,CONSERVATION_PERMITS_DIRECT,SOURCE_DIFFERS_FROM_CURRENT_RECONCILIATION,,REVIEW_SOURCE_CONFLICT,HANUMBER,48,REVIEW_BEFORE_PROMOTION,https://dwrapps.utah.gov/huntboundary/HuntTableData?species=Pronghorn&gender=Buck
PB5026,CORE_DRAW_RESULTS_CONTINUING,CLOSED_CORE,yes,Present in 2025 BIBLE and fresh 2026 DWR Hunt Planner table.,LIVE_2026_AND_2025_BIBLE,CONTINUITY,PB,2020|2021|2022|2023|2024|2025,yes,no,yes,yes,OK,LIVE_AND_DATABASE,MATCH,LIVE_DWR_RES_NR_SPLIT,"Book Cliffs, Bitter Creek",Pronghorn,Buck,Any Legal Weapon,Limited Entry,50,6,56,50,6,56,no,no,yes,no,CONSERVATION_PERMITS_DIRECT,SOURCE_DIFFERS_FROM_CURRENT_RECONCILIATION,,REVIEW_SOURCE_CONFLICT,HANUMBER,56,REVIEW_BEFORE_PROMOTION,https://dwrapps.utah.gov/huntboundary/HuntTableData?species=Pronghorn&gender=Buck
PB5027,CORE_DRAW_RESULTS_CONTINUING,CLOSED_CORE,yes,Present in 2025 BIBLE and fresh 2026 DWR Hunt Planner table.,LIVE_2026_AND_2025_BIBLE,CONTINUITY,PB,2020|2021|2022|2023|2024|2025,yes,no,yes,yes,OK,LIVE_AND_DATABASE,MATCH,LIVE_DWR_RES_NR_SPLIT,"Book Cliffs, South",Pronghorn,Buck,Any Legal Weapon,Limited Entry,34,4,38,34,4,38,no,no,no,no,,,,HIGH_CONFIRMED_2PLUS,HANUMBER,38,PROMOTE_CANDIDATE_AFTER_REVIEW,https://dwrapps.utah.gov/huntboundary/HuntTableData?species=Pronghorn&gender=Buck
PB5028,CORE_DRAW_RESULTS_CONTINUING,CLOSED_CORE,yes,Present in 2025 BIBLE and fresh 2026 DWR Hunt Planner table.,LIVE_2026_AND_2025_BIBLE,CONTINUITY,PB,2020|2021|2022|2023|2024|2025,yes,no,yes,yes,OK,LIVE_AND_DATABASE,MATCH,LIVE_DWR_RES_NR_SPLIT,"Box Elder, Promontory",Pronghorn,Buck,Any Legal Weapon,Limited Entry,14,2,16,14,2,16,no,no,no,no,,,,HIGH_CONFIRMED_2PLUS,HANUMBER,16,PROMOTE_CANDIDATE_AFTER_REVIEW,https://dwrapps.utah.gov/huntboundary/HuntTableData?species=Pronghorn&gender=Buck
PB5029,CORE_DRAW_RESULTS_CONTINUING,CLOSED_CORE,yes,Present in 2025 BIBLE and fresh 2026 DWR Hunt Planner table.,LIVE_2026_AND_2025_BIBLE,CONTINUITY,PB,2020|2021|2022|2023|2024|2025,yes,no,yes,yes,OK,LIVE_AND_DATABASE,MATCH,LIVE_DWR_RES_NR_SPLIT,"Box Elder, Puddle Valley",Pronghorn,Buck,Any Legal Weapon,Limited Entry,14,2,16,14,2,16,no,no,yes,no,CONSERVATION_PERMITS_DIRECT,SOURCE_DIFFERS_FROM_CURRENT_RECONCILIATION,,HIGH_CONFIRMED_2PLUS,HANUMBER,16,PROMOTE_CANDIDATE_AFTER_REVIEW,https://dwrapps.utah.gov/huntboundary/HuntTableData?species=Pronghorn&gender=Buck
PB5030,CORE_DRAW_RESULTS_CONTINUING,CLOSED_CORE,yes,Present in 2025 BIBLE and fresh 2026 DWR Hunt Planner table.,LIVE_2026_AND_2025_BIBLE,CONTINUITY,PB,2020|2021|2022|2023|2024|2025,yes,no,yes,yes,OK,LIVE_AND_DATABASE,MATCH,LIVE_DWR_RES_NR_SPLIT,"Box Elder, Snowville",Pronghorn,Buck,Any Legal Weapon,Limited Entry,28,3,31,28,3,31,no,no,no,no,,,,HIGH_CONFIRMED_2PLUS,HANUMBER,31,PROMOTE_CANDIDATE_AFTER_REVIEW,https://dwrapps.utah.gov/huntboundary/HuntTableData?species=Pronghorn&gender=Buck
PB5031,CORE_DRAW_RESULTS_CONTINUING,CLOSED_CORE,yes,Present in 2025 BIBLE and fresh 2026 DWR Hunt Planner table.,LIVE_2026_AND_2025_BIBLE,CONTINUITY,PB,2020|2021|2022|2023|2024|2025,yes,no,yes,yes,OK,LIVE_AND_DATABASE,MATCH,LIVE_DWR_RES_NR_SPLIT,"Box Elder, West",Pronghorn,Buck,Any Legal Weapon,Limited Entry,30,3,33,30,3,33,no,no,no,no,,,,HIGH_CONFIRMED_2PLUS,HANUMBER,33,PROMOTE_CANDIDATE_AFTER_REVIEW,https://dwrapps.utah.gov/huntboundary/HuntTableData?species=Pronghorn&gender=Buck
PB5032,HISTORICAL_LIBRARY_ONLY,CLOSED_HISTORICAL,no,Historical BIBLE-library code not part of current 2026 live table.,BIBLE_HISTORICAL_ONLY,HISTORICAL_LIBRARY,PB,2020|2021|2022,no,no,no,no,,,,,,,,,,,,,,,,no,no,no,no,,,,,,,,
PB5033,CORE_DRAW_RESULTS_CONTINUING,CLOSED_CORE,yes,Present in 2025 BIBLE and fresh 2026 DWR Hunt Planner table.,LIVE_2026_AND_2025_BIBLE,CONTINUITY,PB,2020|2021|2022|2023|2024|2025,yes,no,yes,yes,OK,LIVE_AND_DATABASE,MATCH,LIVE_DWR_RES_NR_SPLIT,"Fillmore, Oak Creek South",Pronghorn,Buck,Any Legal Weapon,Limited Entry,46,5,51,46,5,51,no,no,yes,no,CONSERVATION_PERMITS_DIRECT,SOURCE_DIFFERS_FROM_CURRENT_RECONCILIATION,,REVIEW_SOURCE_CONFLICT,HANUMBER,51,REVIEW_BEFORE_PROMOTION,https://dwrapps.utah.gov/huntboundary/HuntTableData?species=Pronghorn&gender=Buck
PB5034,CORE_DRAW_RESULTS_CONTINUING,CLOSED_CORE,yes,Present in 2025 BIBLE and fresh 2026 DWR Hunt Planner table.,LIVE_2026_AND_2025_BIBLE,CONTINUITY,PB,2020|2021|2022|2023|2024|2025,yes,no,yes,yes,OK,LIVE_AND_DATABASE,MATCH,LIVE_DWR_RES_NR_SPLIT,Kaiparowits,Pronghorn,Buck,Any Legal Weapon,Limited Entry,2,0,2,2,0,2,no,no,no,no,,,,HIGH_CONFIRMED_2PLUS,HANUMBER,2,PROMOTE_CANDIDATE_AFTER_REVIEW,https://dwrapps.utah.gov/huntboundary/HuntTableData?species=Pronghorn&gender=Buck
PB5035,CORE_DRAW_RESULTS_CONTINUING,CLOSED_CORE,yes,Present in 2025 BIBLE and fresh 2026 DWR Hunt Planner table.,LIVE_2026_AND_2025_BIBLE,CONTINUITY,PB,2020|2021|2022|2023|2024|2025,yes,no,yes,yes,OK,LIVE_AND_DATABASE,MATCH,LIVE_DWR_RES_NR_SPLIT,"La Sal, Potash/South Cisco",Pronghorn,Buck,Any Legal Weapon,Limited Entry,22,2,24,22,2,24,no,no,yes,no,CONSERVATION_PERMITS_DIRECT,SOURCE_DIFFERS_FROM_CURRENT_RECONCILIATION,,HIGH_CONFIRMED_2PLUS,HANUMBER,24,PROMOTE_CANDIDATE_AFTER_REVIEW,https://dwrapps.utah.gov/huntboundary/HuntTableData?species=Pronghorn&gender=Buck
PB5037,CORE_DRAW_RESULTS_CONTINUING,CLOSED_CORE,yes,Present in 2025 BIBLE and fresh 2026 DWR Hunt Planner table.,LIVE_2026_AND_2025_BIBLE,CONTINUITY,PB,2020|2021|2022|2023|2024|2025,yes,no,yes,yes,OK,LIVE_AND_DATABASE,MATCH,LIVE_DWR_RES_NR_SPLIT,"Nine Mile, Anthro-Myton Bench",Pronghorn,Buck,Any Legal Weapon,Limited Entry,89,10,99,89,10,99,no,no,yes,no,CONSERVATION_PERMITS_DIRECT,SOURCE_DIFFERS_FROM_CURRENT_RECONCILIATION,,REVIEW_SOURCE_CONFLICT,HANUMBER,99,REVIEW_BEFORE_PROMOTION,https://dwrapps.utah.gov/huntboundary/HuntTableData?species=Pronghorn&gender=Buck
PB5038,CORE_DRAW_RESULTS_CONTINUING,CLOSED_CORE,yes,Present in 2025 BIBLE and fresh 2026 DWR Hunt Planner table.,LIVE_2026_AND_2025_BIBLE,CONTINUITY,PB,2020|2021|2022|2023|2024|2025,yes,no,yes,yes,OK,LIVE_AND_DATABASE,MATCH,LIVE_DWR_RES_NR_SPLIT,"Nine Mile, Range Creek",Pronghorn,Buck,Any Legal Weapon,Limited Entry,13,1,14,13,1,14,no,no,yes,no,CONSERVATION_PERMITS_DIRECT,SOURCE_DIFFERS_FROM_CURRENT_RECONCILIATION,,HIGH_CONFIRMED_2PLUS,HANUMBER,14,PROMOTE_CANDIDATE_AFTER_REVIEW,https://dwrapps.utah.gov/huntboundary/HuntTableData?species=Pronghorn&gender=Buck
PB5039,CORE_DRAW_RESULTS_CONTINUING,CLOSED_CORE,yes,Present in 2025 BIBLE and fresh 2026 DWR Hunt Planner table.,LIVE_2026_AND_2025_BIBLE,CONTINUITY,PB,2020|2021|2022|2023|2024|2025,yes,no,yes,yes,OK,LIVE_AND_DATABASE,MATCH,LIVE_DWR_RES_NR_SPLIT,"North Slope, Summit",Pronghorn,Buck,Any Legal Weapon,Limited Entry,15,2,17,15,2,17,no,no,no,no,,,,HIGH_CONFIRMED_2PLUS,HANUMBER,17,PROMOTE_CANDIDATE_AFTER_REVIEW,https://dwrapps.utah.gov/huntboundary/HuntTableData?species=Pronghorn&gender=Buck
PB5040,CORE_DRAW_RESULTS_CONTINUING,CLOSED_CORE,yes,Present in 2025 BIBLE and fresh 2026 DWR Hunt Planner table.,LIVE_2026_AND_2025_BIBLE,CONTINUITY,PB,2020|2021|2022|2023|2024|2025,yes,no,yes,yes,OK,LIVE_AND_DATABASE,MATCH,LIVE_DWR_RES_NR_SPLIT,"North Slope, Three Corners/West Daggett",Pronghorn,Buck,Any Legal Weapon,Limited Entry,29,3,32,29,3,32,no,no,yes,no,CONSERVATION_PERMITS_DIRECT,SOURCE_DIFFERS_FROM_CURRENT_RECONCILIATION,,HIGH_CONFIRMED_2PLUS,HANUMBER,32,PROMOTE_CANDIDATE_AFTER_REVIEW,https://dwrapps.utah.gov/huntboundary/HuntTableData?species=Pronghorn&gender=Buck
PB5041,CORE_DRAW_RESULTS_CONTINUING,CLOSED_CORE,yes,Present in 2025 BIBLE and fresh 2026 DWR Hunt Planner table.,LIVE_2026_AND_2025_BIBLE,CONTINUITY,PB,2020|2021|2022|2023|2024|2025,yes,no,yes,yes,OK,LIVE_AND_DATABASE,MATCH,LIVE_DWR_RES_NR_SPLIT,"Panguitch Lake/Zion, North",Pronghorn,Buck,Any Legal Weapon,Limited Entry,21,2,23,21,2,23,no,no,yes,no,CONSERVATION_PERMITS_DIRECT,SOURCE_DIFFERS_FROM_CURRENT_RECONCILIATION,,HIGH_CONFIRMED_2PLUS,HANUMBER,23,PROMOTE_CANDIDATE_AFTER_REVIEW,https://dwrapps.utah.gov/huntboundary/HuntTableData?species=Pronghorn&gender=Buck
PB5042,CORE_DRAW_RESULTS_CONTINUING,CLOSED_CORE,yes,Present in 2025 BIBLE and fresh 2026 DWR Hunt Planner table.,LIVE_2026_AND_2025_BIBLE,CONTINUITY,PB,2020|2021|2022|2023|2024|2025,yes,no,yes,yes,OK,LIVE_AND_DATABASE,MATCH,LIVE_DWR_RES_NR_SPLIT,Pine Valley,Pronghorn,Buck,Any Legal Weapon,Limited Entry,21,2,23,21,2,23,no,no,no,no,,,,REVIEW_SOURCE_CONFLICT,HANUMBER,23,REVIEW_BEFORE_PROMOTION,https://dwrapps.utah.gov/huntboundary/HuntTableData?species=Pronghorn&gender=Buck
PB5044,CORE_DRAW_RESULTS_CONTINUING,CLOSED_CORE,yes,Present in 2025 BIBLE and fresh 2026 DWR Hunt Planner table.,LIVE_2026_AND_2025_BIBLE,CONTINUITY,PB,2020|2021|2022|2023|2024|2025,yes,no,yes,yes,OK,LIVE_AND_DATABASE,MATCH,LIVE_DWR_RES_NR_SPLIT,"San Juan, Hatch Point",Pronghorn,Buck,Any Legal Weapon,Limited Entry,3,0,3,3,0,3,no,no,no,no,,,,HIGH_CONFIRMED_2PLUS,HANUMBER,3,PROMOTE_CANDIDATE_AFTER_REVIEW,https://dwrapps.utah.gov/huntboundary/HuntTableData?species=Pronghorn&gender=Buck
PB5045,CORE_DRAW_RESULTS_CONTINUING,CLOSED_CORE,yes,Present in 2025 BIBLE and fresh 2026 DWR Hunt Planner table.,LIVE_2026_AND_2025_BIBLE,CONTINUITY,PB,2020|2021|2022|2023|2024|2025,yes,no,yes,yes,OK,LIVE_AND_DATABASE,MATCH,LIVE_DWR_RES_NR_SPLIT,"San Rafael, Desert",Pronghorn,Buck,Any Legal Weapon,Limited Entry,7,1,8,7,1,8,no,no,no,no,,,,HIGH_CONFIRMED_2PLUS,HANUMBER,8,PROMOTE_CANDIDATE_AFTER_REVIEW,https://dwrapps.utah.gov/huntboundary/HuntTableData?species=Pronghorn&gender=Buck
PB5046,CORE_DRAW_RESULTS_CONTINUING,CLOSED_CORE,yes,Present in 2025 BIBLE and fresh 2026 DWR Hunt Planner table.,LIVE_2026_AND_2025_BIBLE,CONTINUITY,PB,2020|2021|2022|2023|2024|2025,yes,no,yes,yes,OK,LIVE_AND_DATABASE,MATCH,LIVE_DWR_RES_NR_SPLIT,"San Rafael, North",Pronghorn,Buck,Any Legal Weapon,Limited Entry,62,7,69,62,7,69,no,no,no,no,,,,REVIEW_SOURCE_CONFLICT,HANUMBER,69,REVIEW_BEFORE_PROMOTION,https://dwrapps.utah.gov/huntboundary/HuntTableData?species=Pronghorn&gender=Buck
PB5047,CORE_DRAW_RESULTS_CONTINUING,CLOSED_CORE,yes,Present in 2025 BIBLE and fresh 2026 DWR Hunt Planner table.,LIVE_2026_AND_2025_BIBLE,CONTINUITY,PB,2020|2021|2022|2023|2024|2025,yes,no,yes,yes,OK,LIVE_AND_DATABASE,MATCH,LIVE_DWR_RES_NR_SPLIT,Diamond Mtn/Bonanza,Pronghorn,Buck,Any Legal Weapon,Limited Entry,50,6,56,50,6,56,no,no,no,no,,,,REVIEW_SOURCE_CONFLICT,HANUMBER,56,REVIEW_BEFORE_PROMOTION,https://dwrapps.utah.gov/huntboundary/HuntTableData?species=Pronghorn&gender=Buck
PB5048,CORE_DRAW_RESULTS_CONTINUING,CLOSED_CORE,yes,Present in 2025 BIBLE and fresh 2026 DWR Hunt Planner table.,LIVE_2026_AND_2025_BIBLE,CONTINUITY,PB,2020|2021|2022|2023|2024|2025,yes,no,yes,yes,OK,LIVE_AND_DATABASE,MATCH,LIVE_DWR_RES_NR_SPLIT,Vernal,Pronghorn,Buck,Any Legal Weapon,Limited Entry,54,6,60,54,6,60,no,no,no,no,,,,HIGH_CONFIRMED_2PLUS,HANUMBER,60,PROMOTE_CANDIDATE_AFTER_REVIEW,https://dwrapps.utah.gov/huntboundary/HuntTableData?species=Pronghorn&gender=Buck
PB5049,CORE_DRAW_RESULTS_CONTINUING,CLOSED_CORE,yes,Present in 2025 BIBLE and fresh 2026 DWR Hunt Planner table.,LIVE_2026_AND_2025_BIBLE,CONTINUITY,PB,2020|2021|2022|2023|2024|2025,yes,no,yes,yes,OK,LIVE_AND_DATABASE,MATCH,LIVE_DWR_RES_NR_SPLIT,Southwest Desert,Pronghorn,Buck,Any Legal Weapon,Limited Entry,94,11,105,94,11,105,no,no,no,no,,,,REVIEW_SOURCE_CONFLICT,HANUMBER,105,REVIEW_BEFORE_PROMOTION,https://dwrapps.utah.gov/huntboundary/HuntTableData?species=Pronghorn&gender=Buck
PB5050,CORE_DRAW_RESULTS_CONTINUING,CLOSED_CORE,yes,Present in 2025 BIBLE and fresh 2026 DWR Hunt Planner table.,LIVE_2026_AND_2025_BIBLE,CONTINUITY,PB,2020|2021|2022|2023|2024|2025,yes,no,yes,yes,OK,LIVE_AND_DATABASE,MATCH,LIVE_DWR_RES_NR_SPLIT,"West Desert, Riverbed",Pronghorn,Buck,Any Legal Weapon,Limited Entry,73,8,81,73,8,81,no,no,no,no,,,,REVIEW_SOURCE_CONFLICT,HANUMBER,81,REVIEW_BEFORE_PROMOTION,https://dwrapps.utah.gov/huntboundary/HuntTableData?species=Pronghorn&gender=Buck
PB5051,CORE_DRAW_RESULTS_CONTINUING,CLOSED_CORE,yes,Present in 2025 BIBLE and fresh 2026 DWR Hunt Planner table.,LIVE_2026_AND_2025_BIBLE,CONTINUITY,PB,2020|2021|2022|2023|2024|2025,yes,no,yes,yes,OK,LIVE_AND_DATABASE,MATCH,LIVE_DWR_RES_NR_SPLIT,"West Desert, Rush Valley",Pronghorn,Buck,Any Legal Weapon,Limited Entry,32,4,36,32,4,36,no,no,yes,no,CONSERVATION_PERMITS_DIRECT,SOURCE_DIFFERS_FROM_CURRENT_RECONCILIATION,,HIGH_CONFIRMED_2PLUS,HANUMBER,36,PROMOTE_CANDIDATE_AFTER_REVIEW,https://dwrapps.utah.gov/huntboundary/HuntTableData?species=Pronghorn&gender=Buck
PB5052,CORE_DRAW_RESULTS_CONTINUING,CLOSED_CORE,yes,Present in 2025 BIBLE and fresh 2026 DWR Hunt Planner table.,LIVE_2026_AND_2025_BIBLE,CONTINUITY,PB,2020|2021|2022|2023|2024|2025,yes,no,yes,yes,OK,LIVE_AND_DATABASE,MATCH,LIVE_DWR_RES_NR_SPLIT,"West Desert, Snake Valley",Pronghorn,Buck,Any Legal Weapon,Limited Entry,95,11,106,95,11,106,no,no,yes,no,CONSERVATION_PERMITS_DIRECT,SOURCE_DIFFERS_FROM_CURRENT_RECONCILIATION,,HIGH_CONFIRMED_2PLUS,HANUMBER,106,PROMOTE_CANDIDATE_AFTER_REVIEW,https://dwrapps.utah.gov/huntboundary/HuntTableData?species=Pronghorn&gender=Buck
PB5053,CORE_DRAW_RESULTS_CONTINUING,CLOSED_CORE,yes,Present in 2025 BIBLE and fresh 2026 DWR Hunt Planner table.,LIVE_2026_AND_2025_BIBLE,CONTINUITY,PB,2020|2021|2022|2023|2024|2025,yes,no,yes,yes,OK,LIVE_AND_DATABASE,MATCH,LIVE_DWR_RES_NR_SPLIT,"Nine Mile, Range Creek",Pronghorn,Buck,Archery,Limited Entry,4,0,4,4,0,4,no,no,no,no,,,,HIGH_CONFIRMED_2PLUS,HANUMBER,4,PROMOTE_CANDIDATE_AFTER_REVIEW,https://dwrapps.utah.gov/huntboundary/HuntTableData?species=Pronghorn&gender=Buck
PB5054,CORE_DRAW_RESULTS_CONTINUING,CLOSED_CORE,yes,Present in 2025 BIBLE and fresh 2026 DWR Hunt Planner table.,LIVE_2026_AND_2025_BIBLE,CONTINUITY,PB,2020|2021|2022|2023|2024|2025,yes,no,yes,yes,OK,LIVE_AND_DATABASE,MATCH,LIVE_DWR_RES_NR_SPLIT,"Panguitch Lake/Zion, North",Pronghorn,Buck,Archery,Limited Entry,7,1,8,7,1,8,no,no,no,no,,,,HIGH_CONFIRMED_2PLUS,HANUMBER,8,PROMOTE_CANDIDATE_AFTER_REVIEW,https://dwrapps.utah.gov/huntboundary/HuntTableData?species=Pronghorn&gender=Buck
PB5055,CORE_DRAW_RESULTS_CONTINUING,CLOSED_CORE,yes,Present in 2025 BIBLE and fresh 2026 DWR Hunt Planner table.,LIVE_2026_AND_2025_BIBLE,CONTINUITY,PB,2020|2021|2022|2023|2024|2025,yes,no,yes,yes,OK,LIVE_AND_DATABASE,MATCH,LIVE_DWR_RES_NR_SPLIT,"San Rafael, Desert",Pronghorn,Buck,Archery,Limited Entry,2,0,2,2,0,2,no,no,no,no,,,,HIGH_CONFIRMED_2PLUS,HANUMBER,2,PROMOTE_CANDIDATE_AFTER_REVIEW,https://dwrapps.utah.gov/huntboundary/HuntTableData?species=Pronghorn&gender=Buck
PB5056,CORE_DRAW_RESULTS_CONTINUING,CLOSED_CORE,yes,Present in 2025 BIBLE and fresh 2026 DWR Hunt Planner table.,LIVE_2026_AND_2025_BIBLE,CONTINUITY,PB,2020|2021|2022|2023|2024|2025,yes,no,yes,yes,OK,LIVE_AND_DATABASE,MATCH,LIVE_DWR_RES_NR_SPLIT,"San Rafael, North",Pronghorn,Buck,Muzzleloader,Limited Entry,21,2,23,21,2,23,no,no,no,no,,,,REVIEW_SOURCE_CONFLICT,HANUMBER,23,REVIEW_BEFORE_PROMOTION,https://dwrapps.utah.gov/huntboundary/HuntTableData?species=Pronghorn&gender=Buck
PB5058,HISTORICAL_LIBRARY_ONLY,CLOSED_HISTORICAL,no,Historical BIBLE-library code not part of current 2026 live table.,BIBLE_HISTORICAL_ONLY,HISTORICAL_LIBRARY,PB,2020|2021|2022,no,no,no,no,,,,,,,,,,,,,,,,no,no,no,no,,,,,,,,
PB5059,CORE_DRAW_RESULTS_CONTINUING,CLOSED_CORE,yes,Present in 2025 BIBLE and fresh 2026 DWR Hunt Planner table.,LIVE_2026_AND_2025_BIBLE,CONTINUITY,PB,2020|2021|2022|2023|2024|2025,yes,no,yes,yes,OK,LIVE_AND_DATABASE,MATCH,LIVE_DWR_RES_NR_SPLIT,"Nine Mile, Anthro-Myton Bench",Pronghorn,Buck,Muzzleloader,Limited Entry,30,3,33,30,3,33,no,no,no,no,,,,REVIEW_SOURCE_CONFLICT,HANUMBER,33,REVIEW_BEFORE_PROMOTION,https://dwrapps.utah.gov/huntboundary/HuntTableData?species=Pronghorn&gender=Buck
PB5060,CORE_DRAW_RESULTS_CONTINUING,CLOSED_CORE,yes,Present in 2025 BIBLE and fresh 2026 DWR Hunt Planner table.,LIVE_2026_AND_2025_BIBLE,CONTINUITY,PB,2020|2021|2022|2023|2024|2025,yes,no,yes,yes,OK,LIVE_AND_DATABASE,MATCH,LIVE_DWR_RES_NR_SPLIT,Diamond Mtn/Bonanza,Pronghorn,Buck,Muzzleloader,Limited Entry,17,2,19,17,2,19,no,no,no,no,,,,HIGH_CONFIRMED_2PLUS,HANUMBER,19,PROMOTE_CANDIDATE_AFTER_REVIEW,https://dwrapps.utah.gov/huntboundary/HuntTableData?species=Pronghorn&gender=Buck
PB5061,CORE_DRAW_RESULTS_CONTINUING,CLOSED_CORE,yes,Present in 2025 BIBLE and fresh 2026 DWR Hunt Planner table.,LIVE_2026_AND_2025_BIBLE,CONTINUITY,PB,2020|2021|2022|2023|2024|2025,yes,no,yes,yes,OK,LIVE_AND_DATABASE,MATCH,LIVE_DWR_RES_NR_SPLIT,"Panguitch Lake/Zion, North",Pronghorn,Buck,Muzzleloader,Limited Entry,7,1,8,7,1,8,no,no,no,no,,,,HIGH_CONFIRMED_2PLUS,HANUMBER,8,PROMOTE_CANDIDATE_AFTER_REVIEW,https://dwrapps.utah.gov/huntboundary/HuntTableData?species=Pronghorn&gender=Buck
PB5062,CORE_DRAW_RESULTS_CONTINUING,CLOSED_CORE,yes,Present in 2025 BIBLE and fresh 2026 DWR Hunt Planner table.,LIVE_2026_AND_2025_BIBLE,CONTINUITY,PB,2020|2021|2022|2023|2024|2025,yes,no,yes,yes,OK,LIVE_AND_DATABASE,MATCH,LIVE_DWR_RES_NR_SPLIT,Pine Valley,Pronghorn,Buck,Muzzleloader,Limited Entry,7,1,8,7,1,8,no,no,no,no,,,,HIGH_CONFIRMED_2PLUS,HANUMBER,8,PROMOTE_CANDIDATE_AFTER_REVIEW,https://dwrapps.utah.gov/huntboundary/HuntTableData?species=Pronghorn&gender=Buck
PB5063,HISTORICAL_LIBRARY_ONLY,CLOSED_HISTORICAL,no,Historical BIBLE-library code not part of current 2026 live table.,BIBLE_HISTORICAL_ONLY,HISTORICAL_LIBRARY,PB,2021|2022,no,no,no,no,,,,,,,,,,,,,,,,no,no,no,no,,,,,,,,
PB5064,HISTORICAL_LIBRARY_ONLY,CLOSED_HISTORICAL,no,Historical BIBLE-library code not part of current 2026 live table.,BIBLE_HISTORICAL_ONLY,HISTORICAL_LIBRARY,PB,2021|2022,no,no,no,no,,,,,,,,,,,,,,,,no,no,no,no,,,,,,,,
PB5065,CORE_DRAW_RESULTS_CONTINUING,CLOSED_CORE,yes,Present in 2025 BIBLE and fresh 2026 DWR Hunt Planner table.,LIVE_2026_AND_2025_BIBLE,CONTINUITY,PB,2021|2022|2023|2024|2025,yes,no,yes,yes,OK,LIVE_AND_DATABASE,MATCH,LIVE_DWR_RES_NR_SPLIT,"Fillmore, Oak Creek South",Pronghorn,Buck,Muzzleloader,Limited Entry,15,2,17,15,2,17,no,no,no,no,,,,HIGH_CONFIRMED_2PLUS,HANUMBER,17,PROMOTE_CANDIDATE_AFTER_REVIEW,https://dwrapps.utah.gov/huntboundary/HuntTableData?species=Pronghorn&gender=Buck
PB5066,CORE_DRAW_RESULTS_CONTINUING,CLOSED_CORE,yes,Present in 2025 BIBLE and fresh 2026 DWR Hunt Planner table.,LIVE_2026_AND_2025_BIBLE,CONTINUITY,PB,2021|2022|2023|2024|2025,yes,no,yes,yes,OK,LIVE_AND_DATABASE,MATCH,LIVE_DWR_RES_NR_SPLIT,"North Slope, Three Corners/West Daggett",Pronghorn,Buck,Muzzleloader,Limited Entry,10,1,11,10,1,11,no,no,no,no,,,,HIGH_CONFIRMED_2PLUS,HANUMBER,11,PROMOTE_CANDIDATE_AFTER_REVIEW,https://dwrapps.utah.gov/huntboundary/HuntTableData?species=Pronghorn&gender=Buck
PB5067,HISTORICAL_LIBRARY_ONLY,CLOSED_HISTORICAL,no,Historical BIBLE-library code not part of current 2026 live table.,BIBLE_HISTORICAL_ONLY,HISTORICAL_LIBRARY,PB,2021|2022,no,no,no,no,,,,,,,,,,,,,,,,no,no,no,no,,,,,,,,
PB5072,CORE_DRAW_RESULTS_CONTINUING,CLOSED_CORE,yes,Present in 2025 BIBLE and fresh 2026 DWR Hunt Planner table.,LIVE_2026_AND_2025_BIBLE,CONTINUITY,PB,2022|2023|2024|2025,yes,no,yes,yes,OK,LIVE_AND_DATABASE,MATCH,LIVE_DWR_RES_NR_SPLIT,Vernal,Pronghorn,Buck,Muzzleloader,Limited Entry,18,2,20,18,2,20,no,no,no,no,,,,HIGH_CONFIRMED_2PLUS,HANUMBER,20,PROMOTE_CANDIDATE_AFTER_REVIEW,https://dwrapps.utah.gov/huntboundary/HuntTableData?species=Pronghorn&gender=Buck
PB5073,CORE_DRAW_RESULTS_CONTINUING,CLOSED_CORE,yes,Present in 2025 BIBLE and fresh 2026 DWR Hunt Planner table.,LIVE_2026_AND_2025_BIBLE,CONTINUITY,PB,2023|2024|2025,yes,no,yes,yes,OK,LIVE_AND_DATABASE,MATCH,LIVE_DWR_RES_NR_SPLIT,"Cache, Rich",Pronghorn,Buck,Any Legal Weapon,Limited Entry,6,0,6,6,0,6,no,no,no,no,,,,HIGH_CONFIRMED_2PLUS,HANUMBER,6,PROMOTE_CANDIDATE_AFTER_REVIEW,https://dwrapps.utah.gov/huntboundary/HuntTableData?species=Pronghorn&gender=Buck
PB5074,CORE_DRAW_RESULTS_CONTINUING,CLOSED_CORE,yes,Present in 2025 BIBLE and fresh 2026 DWR Hunt Planner table.,LIVE_2026_AND_2025_BIBLE,CONTINUITY,PB,2023|2024|2025,yes,no,yes,yes,OK,LIVE_AND_DATABASE,MATCH,LIVE_DWR_RES_NR_SPLIT,"Cache, Rich",Pronghorn,Buck,Archery,Limited Entry,2,0,2,2,0,2,no,no,no,no,,,,HIGH_CONFIRMED_2PLUS,HANUMBER,2,PROMOTE_CANDIDATE_AFTER_REVIEW,https://dwrapps.utah.gov/huntboundary/HuntTableData?species=Pronghorn&gender=Buck
PB5075,CORE_DRAW_RESULTS_CONTINUING,CLOSED_CORE,yes,Present in 2025 BIBLE and fresh 2026 DWR Hunt Planner table.,LIVE_2026_AND_2025_BIBLE,CONTINUITY,PB,2023|2024|2025,yes,no,yes,yes,OK,LIVE_AND_DATABASE,MATCH,LIVE_DWR_RES_NR_SPLIT,"Cache, Rich",Pronghorn,Buck,Muzzleloader,Limited Entry,2,0,2,2,0,2,no,no,no,no,,,,HIGH_CONFIRMED_2PLUS,HANUMBER,2,PROMOTE_CANDIDATE_AFTER_REVIEW,https://dwrapps.utah.gov/huntboundary/HuntTableData?species=Pronghorn&gender=Buck
PB5076,CORE_DRAW_RESULTS_CONTINUING,CLOSED_CORE,yes,Present in 2025 BIBLE and fresh 2026 DWR Hunt Planner table.,LIVE_2026_AND_2025_BIBLE,CONTINUITY,PB,2023|2024|2025,yes,no,yes,yes,OK,LIVE_AND_DATABASE,MATCH,LIVE_DWR_RES_NR_SPLIT,Parker Mtn,Pronghorn,Buck,Any Legal Weapon,Limited Entry,135,15,150,135,15,150,no,no,no,no,,,,REVIEW_SOURCE_CONFLICT,HANUMBER,150,REVIEW_BEFORE_PROMOTION,https://dwrapps.utah.gov/huntboundary/HuntTableData?species=Pronghorn&gender=Buck
PB5077,CORE_DRAW_RESULTS_CONTINUING,CLOSED_CORE,yes,Present in 2025 BIBLE and fresh 2026 DWR Hunt Planner table.,LIVE_2026_AND_2025_BIBLE,CONTINUITY,PB,2023|2024|2025,yes,no,yes,yes,OK,LIVE_AND_DATABASE,MATCH,LIVE_DWR_RES_NR_SPLIT,Parker Mtn,Pronghorn,Buck,Archery,Limited Entry,45,5,50,45,5,50,no,no,no,no,,,,REVIEW_SOURCE_CONFLICT,HANUMBER,50,REVIEW_BEFORE_PROMOTION,https://dwrapps.utah.gov/huntboundary/HuntTableData?species=Pronghorn&gender=Buck
PB5078,CORE_DRAW_RESULTS_CONTINUING,CLOSED_CORE,yes,Present in 2025 BIBLE and fresh 2026 DWR Hunt Planner table.,LIVE_2026_AND_2025_BIBLE,CONTINUITY,PB,2023|2024|2025,yes,no,yes,yes,OK,LIVE_AND_DATABASE,MATCH,LIVE_DWR_RES_NR_SPLIT,Parker Mtn,Pronghorn,Buck,Muzzleloader,Limited Entry,45,5,50,45,5,50,no,no,no,no,,,,HIGH_CONFIRMED_2PLUS,HANUMBER,50,PROMOTE_CANDIDATE_AFTER_REVIEW,https://dwrapps.utah.gov/huntboundary/HuntTableData?species=Pronghorn&gender=Buck
PB5079,CORE_DRAW_RESULTS_CONTINUING,CLOSED_CORE,yes,Present in 2025 BIBLE and fresh 2026 DWR Hunt Planner table.,LIVE_2026_AND_2025_BIBLE,CONTINUITY,PB,2025,yes,no,yes,yes,OK,LIVE_AND_DATABASE,MATCH,LIVE_DWR_RES_NR_SPLIT,"Box Elder, West",Pronghorn,Buck,Muzzleloader,Limited Entry,10,1,11,10,1,11,no,no,no,no,,,,HIGH_CONFIRMED_2PLUS,HANUMBER,11,PROMOTE_CANDIDATE_AFTER_REVIEW,https://dwrapps.utah.gov/huntboundary/HuntTableData?species=Pronghorn&gender=Buck
PB5080,CORE_DRAW_RESULTS_CONTINUING,CLOSED_CORE,yes,Present in 2025 BIBLE and fresh 2026 DWR Hunt Planner table.,LIVE_2026_AND_2025_BIBLE,CONTINUITY,PB,2025,yes,no,yes,yes,OK,LIVE_AND_DATABASE,MATCH,LIVE_DWR_RES_NR_SPLIT,"Box Elder, Snowville",Pronghorn,Buck,Muzzleloader,Limited Entry,9,1,10,9,1,10,no,no,no,no,,,,HIGH_CONFIRMED_2PLUS,HANUMBER,10,PROMOTE_CANDIDATE_AFTER_REVIEW,https://dwrapps.utah.gov/huntboundary/HuntTableData?species=Pronghorn&gender=Buck
PB5300,CORE_DRAW_RESULTS_CONTINUING,CLOSED_CORE,yes,Present in 2025 BIBLE and fresh 2026 DWR Hunt Planner table.,LIVE_2026_AND_2025_BIBLE,CONTINUITY,PB,2020|2021|2022|2023|2024|2025,yes,no,yes,yes,OK,LIVE_AND_DATABASE,TOTAL_MATCH_SPLIT_DIFFERS,LIVE_DWR_CWMU_TOTAL_ONLY_FROM_QUOTA_RES,Antelope Creek CWMU,Pronghorn,Buck,Any Legal Weapon,CWMU,,,4,4,0,4,no,no,no,no,,,,HIGH_CONFIRMED_2PLUS,HANUMBER,4,PROMOTE_CANDIDATE_AFTER_REVIEW,https://dwrapps.utah.gov/huntboundary/HuntTableData?species=Pronghorn&gender=Buck
PB5302,CORE_DRAW_RESULTS_CONTINUING,CLOSED_CORE,yes,Present in 2025 BIBLE and fresh 2026 DWR Hunt Planner table.,LIVE_2026_AND_2025_BIBLE,CONTINUITY,PB,2020|2021|2022|2023|2024|2025,yes,no,yes,yes,OK,LIVE_AND_DATABASE,TOTAL_MATCH_SPLIT_DIFFERS,LIVE_DWR_CWMU_TOTAL_ONLY_FROM_QUOTA_RES,Deseret CWMU,Pronghorn,Buck,Any Legal Weapon,CWMU,,,29,29,0,29,no,no,no,no,,,,HIGH_CONFIRMED_2PLUS,HANUMBER,29,PROMOTE_CANDIDATE_AFTER_REVIEW,https://dwrapps.utah.gov/huntboundary/HuntTableData?species=Pronghorn&gender=Buck
PB5303,HISTORICAL_LIBRARY_ONLY,CLOSED_HISTORICAL,no,Historical BIBLE-library code not part of current 2026 live table.,BIBLE_HISTORICAL_ONLY,HISTORICAL_LIBRARY,PB,2020|2021|2022|2023,no,no,no,no,,,,,,,,,,,,,,,,no,no,no,no,,,,,,,,
PB5305,CORE_DRAW_RESULTS_CONTINUING,CLOSED_CORE,yes,Present in 2025 BIBLE and fresh 2026 DWR Hunt Planner table.,LIVE_2026_AND_2025_BIBLE,CONTINUITY,PB,2020|2021|2022|2023|2024|2025,yes,no,yes,yes,OK,LIVE_AND_DATABASE,TOTAL_MATCH_SPLIT_DIFFERS,LIVE_DWR_CWMU_TOTAL_ONLY_FROM_QUOTA_RES,Park Valley CWMU,Pronghorn,Buck,Any Legal Weapon,CWMU,,,1,1,0,1,no,no,no,no,,,,HIGH_CONFIRMED_2PLUS,HANUMBER,1,PROMOTE_CANDIDATE_AFTER_REVIEW,https://dwrapps.utah.gov/huntboundary/HuntTableData?species=Pronghorn&gender=Buck
PB5306,CORE_DRAW_RESULTS_CONTINUING,CLOSED_CORE,yes,Present in 2025 BIBLE and fresh 2026 DWR Hunt Planner table.,LIVE_2026_AND_2025_BIBLE,CONTINUITY,PB,2020|2021|2022|2023|2024|2025,yes,no,yes,yes,OK,LIVE_AND_DATABASE,TOTAL_MATCH_SPLIT_DIFFERS,LIVE_DWR_CWMU_TOTAL_ONLY_FROM_QUOTA_RES,Rabbit Creek CWMU,Pronghorn,Buck,Any Legal Weapon,CWMU,,,1,1,0,1,no,no,no,no,,,,HIGH_CONFIRMED_2PLUS,HANUMBER,1,PROMOTE_CANDIDATE_AFTER_REVIEW,https://dwrapps.utah.gov/huntboundary/HuntTableData?species=Pronghorn&gender=Buck
PB5307,HISTORICAL_LIBRARY_ONLY,CLOSED_HISTORICAL,no,Historical BIBLE-library code not part of current 2026 live table.,BIBLE_HISTORICAL_ONLY,HISTORICAL_LIBRARY,PB,2020|2021|2022|2023,no,no,no,no,,,,,,,,,,,,,,,,no,no,no,no,,,,,,,,
PB5309,CORE_DRAW_RESULTS_CONTINUING,CLOSED_CORE,yes,Present in 2025 BIBLE and fresh 2026 DWR Hunt Planner table.,LIVE_2026_AND_2025_BIBLE,CONTINUITY,PB,2020|2021|2022|2023|2024|2025,yes,no,yes,yes,OK,LIVE_AND_DATABASE,TOTAL_MATCH_SPLIT_DIFFERS,LIVE_DWR_CWMU_TOTAL_ONLY_FROM_QUOTA_RES,Skull Valley South CWMU,Pronghorn,Buck,Any Legal Weapon,CWMU,,,2,2,0,2,no,no,no,no,,,,HIGH_CONFIRMED_2PLUS,HANUMBER,2,PROMOTE_CANDIDATE_AFTER_REVIEW,https://dwrapps.utah.gov/huntboundary/HuntTableData?species=Pronghorn&gender=Buck
PB5311,CORE_DRAW_RESULTS_CONTINUING,CLOSED_CORE,yes,Present in 2025 BIBLE and fresh 2026 DWR Hunt Planner table.,LIVE_2026_AND_2025_BIBLE,CONTINUITY,PB,2020|2021|2022|2023|2024|2025,yes,no,yes,yes,OK,LIVE_AND_DATABASE,TOTAL_MATCH_SPLIT_DIFFERS,LIVE_DWR_CWMU_TOTAL_ONLY_FROM_QUOTA_RES,The Rose of Snowville CWMU,Pronghorn,Buck,Any Legal Weapon,CWMU,,,3,3,0,3,no,no,no,no,,,,HIGH_CONFIRMED_2PLUS,HANUMBER,3,PROMOTE_CANDIDATE_AFTER_REVIEW,https://dwrapps.utah.gov/huntboundary/HuntTableData?species=Pronghorn&gender=Buck
PB5312,CORE_DRAW_RESULTS_CONTINUING,CLOSED_CORE,yes,Present in 2025 BIBLE and fresh 2026 DWR Hunt Planner table.,LIVE_2026_AND_2025_BIBLE,CONTINUITY,PB,2020|2021|2022|2023|2024|2025,yes,no,yes,yes,OK,LIVE_AND_DATABASE,TOTAL_MATCH_SPLIT_DIFFERS,LIVE_DWR_CWMU_TOTAL_ONLY_FROM_QUOTA_RES,TL Bar Ranch CWMU,Pronghorn,Buck,Any Legal Weapon,CWMU,,,1,1,0,1,no,no,no,no,,,,HIGH_CONFIRMED_2PLUS,HANUMBER,1,PROMOTE_CANDIDATE_AFTER_REVIEW,https://dwrapps.utah.gov/huntboundary/HuntTableData?species=Pronghorn&gender=Buck
PB5313,DATABASE_REFERENCE_NOT_LIVE_TABLE,REVIEW,no,Database row is not exposed by the fresh DWR live table; do not count as active core without source review.,DATABASE_NOT_IN_LIVE_TABLE,DATABASE_REFERENCE_OR_ARCHIVE_REVIEW,PB,2020|2021|2022|2024,no,no,no,yes,OK,DATABASE_ONLY,DATABASE_ONLY,,West Willow Creek Ranch CWMU,Pronghorn,Buck,Any Legal Weapon,CWMU,,,,,,1,no,no,no,no,,,,MEDIUM_SINGLE_SOURCE,HANUMBER,1,PROMOTE_CANDIDATE_AFTER_REVIEW,
PB5314,CORE_DRAW_RESULTS_CONTINUING,CLOSED_CORE,yes,Present in 2025 BIBLE and fresh 2026 DWR Hunt Planner table.,LIVE_2026_AND_2025_BIBLE,CONTINUITY,PB,2020|2021|2022|2023|2024|2025,yes,no,yes,yes,OK,LIVE_AND_DATABASE,TOTAL_MATCH_SPLIT_DIFFERS,LIVE_DWR_CWMU_TOTAL_ONLY_FROM_QUOTA_RES,Westlake CWMU,Pronghorn,Buck,Any Legal Weapon,CWMU,,,2,2,0,2,no,no,no,no,,,,HIGH_CONFIRMED_2PLUS,HANUMBER,2,PROMOTE_CANDIDATE_AFTER_REVIEW,https://dwrapps.utah.gov/huntboundary/HuntTableData?species=Pronghorn&gender=Buck
PB5315,CORE_DRAW_RESULTS_CONTINUING,CLOSED_CORE,yes,Present in 2025 BIBLE and fresh 2026 DWR Hunt Planner table.,LIVE_2026_AND_2025_BIBLE,CONTINUITY,PB,2020|2021|2022|2023|2024|2025,yes,no,yes,yes,OK,LIVE_AND_DATABASE,TOTAL_MATCH_SPLIT_DIFFERS,LIVE_DWR_CWMU_TOTAL_ONLY_FROM_QUOTA_RES,Zane CWMU,Pronghorn,Buck,Any Legal Weapon,CWMU,,,2,2,0,2,no,no,no,no,,,,HIGH_CONFIRMED_2PLUS,HANUMBER,2,PROMOTE_CANDIDATE_AFTER_REVIEW,https://dwrapps.utah.gov/huntboundary/HuntTableData?species=Pronghorn&gender=Buck
PB5325,CORE_DRAW_RESULTS_CONTINUING,CLOSED_CORE,yes,Present in 2025 BIBLE and fresh 2026 DWR Hunt Planner table.,LIVE_2026_AND_2025_BIBLE,CONTINUITY,PB,2020|2021|2022|2023|2024|2025,yes,no,yes,yes,OK,LIVE_AND_DATABASE,TOTAL_MATCH_SPLIT_DIFFERS,LIVE_DWR_CWMU_TOTAL_ONLY_FROM_QUOTA_RES,Allen Ranch CWMU,Pronghorn,Buck,Any Legal Weapon,CWMU,,,2,2,0,2,no,no,no,no,,,,HIGH_CONFIRMED_2PLUS,HANUMBER,2,PROMOTE_CANDIDATE_AFTER_REVIEW,https://dwrapps.utah.gov/huntboundary/HuntTableData?species=Pronghorn&gender=Buck
PB5326,CORE_DRAW_RESULTS_CONTINUING,CLOSED_CORE,yes,Present in 2025 BIBLE and fresh 2026 DWR Hunt Planner table.,LIVE_2026_AND_2025_BIBLE,CONTINUITY,PB,2020|2021|2022|2023|2024|2025,yes,no,yes,yes,OK,LIVE_AND_DATABASE,TOTAL_MATCH_SPLIT_DIFFERS,LIVE_DWR_CWMU_TOTAL_ONLY_FROM_QUOTA_RES,Cedar Springs CWMU,Pronghorn,Buck,Any Legal Weapon,CWMU,,,1,1,0,1,no,no,no,no,,,,HIGH_CONFIRMED_2PLUS,HANUMBER,1,PROMOTE_CANDIDATE_AFTER_REVIEW,https://dwrapps.utah.gov/huntboundary/HuntTableData?species=Pronghorn&gender=Buck
PB5327,CORE_DRAW_RESULTS_CONTINUING,CLOSED_CORE,yes,Present in 2025 BIBLE and fresh 2026 DWR Hunt Planner table.,LIVE_2026_AND_2025_BIBLE,CONTINUITY,PB,2020|2021|2022|2023|2024|2025,yes,no,yes,yes,OK,LIVE_AND_DATABASE,TOTAL_MATCH_SPLIT_DIFFERS,LIVE_DWR_CWMU_TOTAL_ONLY_FROM_QUOTA_RES,Cottonwood Ridge CWMU,Pronghorn,Buck,Any Legal Weapon,CWMU,,,4,4,0,4,no,no,no,no,,,,HIGH_CONFIRMED_2PLUS,HANUMBER,4,PROMOTE_CANDIDATE_AFTER_REVIEW,https://dwrapps.utah.gov/huntboundary/HuntTableData?species=Pronghorn&gender=Buck
PB5328,CORE_DRAW_RESULTS_CONTINUING,CLOSED_CORE,yes,Present in 2025 BIBLE and fresh 2026 DWR Hunt Planner table.,LIVE_2026_AND_2025_BIBLE,CONTINUITY,PB,2020|2021|2022|2023|2024|2025,yes,no,yes,yes,OK,LIVE_AND_DATABASE,TOTAL_MATCH_SPLIT_DIFFERS,LIVE_DWR_CWMU_TOTAL_ONLY_FROM_QUOTA_RES,Pahvant Ensign CWMU,Pronghorn,Buck,Any Legal Weapon,CWMU,,,3,3,0,3,no,no,no,no,,,,HIGH_CONFIRMED_2PLUS,HANUMBER,3,PROMOTE_CANDIDATE_AFTER_REVIEW,https://dwrapps.utah.gov/huntboundary/HuntTableData?species=Pronghorn&gender=Buck
PB5329,CORE_DRAW_RESULTS_CONTINUING,CLOSED_CORE,yes,Present in 2025 BIBLE and fresh 2026 DWR Hunt Planner table.,LIVE_2026_AND_2025_BIBLE,CONTINUITY,PB,2020|2021|2022|2023|2024|2025,yes,no,yes,yes,OK,LIVE_AND_DATABASE,TOTAL_MATCH_SPLIT_DIFFERS,LIVE_DWR_CWMU_TOTAL_ONLY_FROM_QUOTA_RES,Snowville Flat CWMU,Pronghorn,Buck,Any Legal Weapon,CWMU,,,2,2,0,2,no,no,no,no,,,,HIGH_CONFIRMED_2PLUS,HANUMBER,2,PROMOTE_CANDIDATE_AFTER_REVIEW,https://dwrapps.utah.gov/huntboundary/HuntTableData?species=Pronghorn&gender=Buck
PB5330,CORE_DRAW_RESULTS_CONTINUING,CLOSED_CORE,yes,Present in 2025 BIBLE and fresh 2026 DWR Hunt Planner table.,LIVE_2026_AND_2025_BIBLE,CONTINUITY,PB,2020|2021|2022|2023|2024|2025,yes,no,yes,yes,OK,LIVE_AND_DATABASE,TOTAL_MATCH_SPLIT_DIFFERS,LIVE_DWR_CWMU_TOTAL_ONLY_FROM_QUOTA_RES,George Creek CWMU,Pronghorn,Buck,Any Legal Weapon,CWMU,,,1,1,0,1,no,no,no,no,,,,HIGH_CONFIRMED_2PLUS,HANUMBER,1,PROMOTE_CANDIDATE_AFTER_REVIEW,https://dwrapps.utah.gov/huntboundary/HuntTableData?species=Pronghorn&gender=Buck
PB5331,CORE_DRAW_RESULTS_CONTINUING,CLOSED_CORE,yes,Present in 2025 BIBLE and fresh 2026 DWR Hunt Planner table.,LIVE_2026_AND_2025_BIBLE,CONTINUITY,PB,2020|2021|2022|2023|2024|2025,yes,no,yes,yes,OK,LIVE_AND_DATABASE,MATCH,LIVE_DWR_RES_NR_SPLIT,Mt Dutton/Paunsaugunt,Pronghorn,Buck,Any Legal Weapon,Limited Entry,13,2,15,13,2,15,no,no,no,no,,,,REVIEW_SOURCE_CONFLICT,HANUMBER,15,REVIEW_BEFORE_PROMOTION,https://dwrapps.utah.gov/huntboundary/HuntTableData?species=Pronghorn&gender=Buck
PB5332,CORE_DRAW_RESULTS_CONTINUING,CLOSED_CORE,yes,Present in 2025 BIBLE and fresh 2026 DWR Hunt Planner table.,LIVE_2026_AND_2025_BIBLE,CONTINUITY,PB,2020|2021|2022|2023|2024|2025,yes,no,yes,yes,OK,LIVE_AND_DATABASE,MATCH,LIVE_DWR_RES_NR_SPLIT,Mt Dutton/Paunsaugunt,Pronghorn,Buck,Archery,Limited Entry,4,1,5,4,1,5,no,no,no,no,,,,HIGH_CONFIRMED_2PLUS,HANUMBER,5,PROMOTE_CANDIDATE_AFTER_REVIEW,https://dwrapps.utah.gov/huntboundary/HuntTableData?species=Pronghorn&gender=Buck
PB5333,HISTORICAL_LIBRARY_ONLY,CLOSED_HISTORICAL,no,Historical BIBLE-library code not part of current 2026 live table.,BIBLE_HISTORICAL_ONLY,HISTORICAL_LIBRARY,PB,2020,no,no,no,no,,,,,,,,,,,,,,,,no,no,no,no,,,,,,,,
PB5334,HISTORICAL_LIBRARY_ONLY,CLOSED_HISTORICAL,no,Historical BIBLE-library code not part of current 2026 live table.,BIBLE_HISTORICAL_ONLY,HISTORICAL_LIBRARY,PB,2020,no,no,no,no,,,,,,,,,,,,,,,,no,no,no,no,,,,,,,,
PB5335,HISTORICAL_LIBRARY_ONLY,CLOSED_HISTORICAL,no,Historical BIBLE-library code not part of current 2026 live table.,BIBLE_HISTORICAL_ONLY,HISTORICAL_LIBRARY,PB,2020,no,no,no,no,,,,,,,,,,,,,,,,no,no,no,no,,,,,,,,
PB5337,CORE_DRAW_RESULTS_CONTINUING,CLOSED_CORE,yes,Present in 2025 BIBLE and fresh 2026 DWR Hunt Planner table.,LIVE_2026_AND_2025_BIBLE,CONTINUITY,PB,2020|2021|2022|2023|2024|2025,yes,no,yes,yes,OK,LIVE_AND_DATABASE,TOTAL_MATCH_SPLIT_DIFFERS,LIVE_DWR_CWMU_TOTAL_ONLY_FROM_QUOTA_RES,Heist CWMU,Pronghorn,Buck,Any Legal Weapon,CWMU,,,2,2,0,2,no,no,no,no,,,,HIGH_CONFIRMED_2PLUS,HANUMBER,2,PROMOTE_CANDIDATE_AFTER_REVIEW,https://dwrapps.utah.gov/huntboundary/HuntTableData?species=Pronghorn&gender=Buck
PB5338,CORE_DRAW_RESULTS_CONTINUING,CLOSED_CORE,yes,Present in 2025 BIBLE and fresh 2026 DWR Hunt Planner table.,LIVE_2026_AND_2025_BIBLE,CONTINUITY,PB,2021|2022|2023|2025,yes,no,yes,yes,OK,LIVE_AND_DATABASE,TOTAL_MATCH_SPLIT_DIFFERS,LIVE_DWR_CWMU_TOTAL_ONLY_FROM_QUOTA_RES,Castle Valley Outdoors CWMU,Pronghorn,Buck,Any Legal Weapon,CWMU,,,1,1,0,1,no,no,no,no,,,,HIGH_CONFIRMED_2PLUS,HANUMBER,1,PROMOTE_CANDIDATE_AFTER_REVIEW,https://dwrapps.utah.gov/huntboundary/HuntTableData?species=Pronghorn&gender=Buck
PB5339,CORE_DRAW_RESULTS_CONTINUING,CLOSED_CORE,yes,Present in 2025 BIBLE and fresh 2026 DWR Hunt Planner table.,LIVE_2026_AND_2025_BIBLE,CONTINUITY,PB,2021|2022|2023|2024|2025,yes,no,yes,yes,OK,LIVE_AND_DATABASE,TOTAL_MATCH_SPLIT_DIFFERS,LIVE_DWR_CWMU_TOTAL_ONLY_FROM_QUOTA_RES,Iron Spring CWMU,Pronghorn,Buck,Any Legal Weapon,CWMU,,,1,1,0,1,no,no,no,no,,,,HIGH_CONFIRMED_2PLUS,HANUMBER,1,PROMOTE_CANDIDATE_AFTER_REVIEW,https://dwrapps.utah.gov/huntboundary/HuntTableData?species=Pronghorn&gender=Buck
PB5341,DATABASE_REFERENCE_NOT_LIVE_TABLE,REVIEW,no,Database row is not exposed by the fresh DWR live table; do not count as active core without source review.,DATABASE_NOT_IN_LIVE_TABLE,DATABASE_REFERENCE_OR_ARCHIVE_REVIEW,PB,2022|2023|2024,no,no,no,yes,OK,DATABASE_ONLY,DATABASE_ONLY,,Sweetwater CWMU,Pronghorn,Buck,Any Legal Weapon,CWMU,,,,,,1,no,no,no,no,,,,MEDIUM_SINGLE_SOURCE,HANUMBER,1,PROMOTE_CANDIDATE_AFTER_REVIEW,
PB5342,CORE_DRAW_RESULTS_CONTINUING,CLOSED_CORE,yes,Present in 2025 BIBLE and fresh 2026 DWR Hunt Planner table.,LIVE_2026_AND_2025_BIBLE,CONTINUITY,PB,2023|2024|2025,yes,no,yes,yes,OK,LIVE_AND_DATABASE,TOTAL_MATCH_SPLIT_DIFFERS,LIVE_DWR_CWMU_TOTAL_ONLY_FROM_QUOTA_RES,Salt Wells CWMU,Pronghorn,Buck,Any Legal Weapon,CWMU,,,1,1,0,1,no,no,no,no,,,,HIGH_CONFIRMED_2PLUS,HANUMBER,1,PROMOTE_CANDIDATE_AFTER_REVIEW,https://dwrapps.utah.gov/huntboundary/HuntTableData?species=Pronghorn&gender=Buck
PB5343,POSSIBLE_DROPPED_OR_NOT_EXPOSED_FROM_2025,REVIEW,maybe,Present in 2025 BIBLE but absent from fresh 2026 DWR table; needs drop/rename/crosswalk review.,BIBLE_2025_NOT_IN_LIVE_2026_TABLE,DROPPED_OR_NOT_EXPOSED_IN_CURRENT_TABLE,PB,2025,yes,no,no,no,,,,,,,,,,,,,,,,no,no,no,no,,,,,,,,
PB5345,CORE_DRAW_RESULTS_CONTINUING,CLOSED_CORE,yes,Present in 2025 BIBLE and fresh 2026 DWR Hunt Planner table.,LIVE_2026_AND_2025_BIBLE,CONTINUITY,PB,2024|2025,yes,no,yes,yes,OK,LIVE_AND_DATABASE,TOTAL_MATCH_SPLIT_DIFFERS,LIVE_DWR_CWMU_TOTAL_ONLY_FROM_QUOTA_RES,Green River Flat CWMU,Pronghorn,Buck,Any Legal Weapon,CWMU,,,2,2,0,2,no,no,no,no,,,,HIGH_CONFIRMED_2PLUS,HANUMBER,2,PROMOTE_CANDIDATE_AFTER_REVIEW,https://dwrapps.utah.gov/huntboundary/HuntTableData?species=Pronghorn&gender=Buck
PB5346,CORE_DRAW_RESULTS_CONTINUING,CLOSED_CORE,yes,Present in 2025 BIBLE and fresh 2026 DWR Hunt Planner table.,LIVE_2026_AND_2025_BIBLE,CONTINUITY,PB,2025,yes,no,yes,yes,OK,LIVE_AND_DATABASE,TOTAL_MATCH_SPLIT_DIFFERS,LIVE_DWR_CWMU_TOTAL_ONLY_FROM_QUOTA_RES,Junction Valley CWMU,Pronghorn,Buck,Any Legal Weapon,CWMU,,,1,1,0,1,no,no,no,no,,,,HIGH_CONFIRMED_2PLUS,HANUMBER,1,PROMOTE_CANDIDATE_AFTER_REVIEW,https://dwrapps.utah.gov/huntboundary/HuntTableData?species=Pronghorn&gender=Buck
PD1000,CORE_DRAW_RESULTS_CONTINUING,CLOSED_CORE,yes,Present in 2025 BIBLE and fresh 2026 DWR Hunt Planner table.,LIVE_2026_AND_2025_BIBLE,CONTINUITY,PD,2020|2021|2022|2023|2024|2025,yes,no,yes,yes,OK,LIVE_AND_DATABASE,NUMERIC_MISMATCH,LIVE_DWR_RES_NR_SPLIT,"Box Elder, Snowville",Pronghorn,Doe,Any Legal Weapon,General Season,36,4,40,72,8,80,no,no,no,no,,,,HIGH_CONFIRMED_2PLUS,HANUMBER,40,PROMOTE_CANDIDATE_AFTER_REVIEW,https://dwrapps.utah.gov/huntboundary/HuntTableData?species=Pronghorn&gender=Doe
PD1001,HISTORICAL_LIBRARY_ONLY,CLOSED_HISTORICAL,no,Historical BIBLE-library code not part of current 2026 live table.,BIBLE_HISTORICAL_ONLY,HISTORICAL_LIBRARY,PD,2020,no,no,no,no,,,,,,,,,,,,,,,,no,no,no,no,,,,,,,,
PD1002,HISTORICAL_LIBRARY_ONLY,CLOSED_HISTORICAL,no,Historical BIBLE-library code not part of current 2026 live table.,BIBLE_HISTORICAL_ONLY,HISTORICAL_LIBRARY,PD,2020|2021|2022,no,no,no,no,,,,,,,,,,,,,,,,no,no,no,no,,,,,,,,
PD1003,HISTORICAL_LIBRARY_ONLY,CLOSED_HISTORICAL,no,Historical BIBLE-library code not part of current 2026 live table.,BIBLE_HISTORICAL_ONLY,HISTORICAL_LIBRARY,PD,2020|2021|2022,no,no,no,no,,,,,,,,,,,,,,,,no,no,no,no,,,,,,,,
PD1005,HISTORICAL_LIBRARY_ONLY,CLOSED_HISTORICAL,no,Historical BIBLE-library code not part of current 2026 live table.,BIBLE_HISTORICAL_ONLY,HISTORICAL_LIBRARY,PD,2020|2021|2022|2023,no,no,no,no,,,,,,,,,,,,,,,,no,no,no,no,,,,,,,,
PD1006,DATABASE_REFERENCE_NOT_LIVE_TABLE,REVIEW,no,Database row is not exposed by the fresh DWR live table; do not count as active core without source review.,DATABASE_NOT_IN_LIVE_TABLE,DATABASE_REFERENCE_OR_ARCHIVE_REVIEW,PD,2024,no,no,no,yes,OK,DATABASE_ONLY,DATABASE_ONLY,,Parker Mtn,Pronghorn,Doe,Any Legal Weapon,General Season,,,,22,3,25,no,no,no,no,,,,MEDIUM_SINGLE_SOURCE,HANUMBER,25,PROMOTE_CANDIDATE_AFTER_REVIEW,
PD1007,HISTORICAL_LIBRARY_ONLY,CLOSED_HISTORICAL,no,Historical BIBLE-library code not part of current 2026 live table.,BIBLE_HISTORICAL_ONLY,HISTORICAL_LIBRARY,PD,2020|2021|2022,no,no,no,no,,,,,,,,,,,,,,,,no,no,no,no,,,,,,,,
PD1008,HISTORICAL_LIBRARY_ONLY,CLOSED_HISTORICAL,no,Historical BIBLE-library code not part of current 2026 live table.,BIBLE_HISTORICAL_ONLY,HISTORICAL_LIBRARY,PD,2020|2021|2022,no,no,no,no,,,,,,,,,,,,,,,,no,no,no,no,,,,,,,,
PD1011,SEPARATE_CWMU_CURRENT_PLANNER_LAYER,REVIEW,maybe,"CWMU current-planner row not in 2025 BIBLE; review whether this is new, renamed, or omitted by source family.",LIVE_2026_NOT_IN_2025_BIBLE,CWMU_CURRENT_PLANNER,PD,,no,no,yes,no,,LIVE_ONLY,LIVE_ONLY,LIVE_DWR_CWMU_TOTAL_ONLY_FROM_QUOTA_RES,Deseret CWMU,Pronghorn,Doe,Any Legal Weapon,CWMU,,,40,,,,no,no,no,no,,,,MEDIUM_SINGLE_SOURCE,HUNTTABLE,40,PROMOTE_CANDIDATE_AFTER_REVIEW,https://dwrapps.utah.gov/huntboundary/HuntTableData?species=Pronghorn&gender=Doe
PD1012,CORE_DRAW_RESULTS_CONTINUING,CLOSED_CORE,yes,Present in 2025 BIBLE and fresh 2026 DWR Hunt Planner table.,LIVE_2026_AND_2025_BIBLE,CONTINUITY,PD,2020|2021|2022|2023|2024|2025,yes,no,yes,yes,OK,LIVE_AND_DATABASE,NUMERIC_MISMATCH,LIVE_DWR_RES_NR_SPLIT,"Box Elder, Promontory",Pronghorn,Doe,Any Legal Weapon,General Season,18,2,20,22,3,25,no,no,no,no,,,,HIGH_CONFIRMED_2PLUS,HANUMBER,20,PROMOTE_CANDIDATE_AFTER_REVIEW,https://dwrapps.utah.gov/huntboundary/HuntTableData?species=Pronghorn&gender=Doe
PD1013,HISTORICAL_LIBRARY_ONLY,CLOSED_HISTORICAL,no,Historical BIBLE-library code not part of current 2026 live table.,BIBLE_HISTORICAL_ONLY,HISTORICAL_LIBRARY,PD,2020|2021,no,no,no,no,,,,,,,,,,,,,,,,no,no,no,no,,,,,,,,
PD1014,HISTORICAL_LIBRARY_ONLY,CLOSED_HISTORICAL,no,Historical BIBLE-library code not part of current 2026 live table.,BIBLE_HISTORICAL_ONLY,HISTORICAL_LIBRARY,PD,2020|2021|2022|2023,no,no,no,no,,,,,,,,,,,,,,,,no,no,no,no,,,,,,,,
PD1016,SEPARATE_CWMU_CURRENT_PLANNER_LAYER,REVIEW,maybe,"CWMU current-planner row not in 2025 BIBLE; review whether this is new, renamed, or omitted by source family.",LIVE_2026_NOT_IN_2025_BIBLE,CWMU_CURRENT_PLANNER,PD,2020|2021|2022|2023|2024,no,no,yes,yes,OK,LIVE_AND_DATABASE,NUMERIC_MISMATCH,LIVE_DWR_CWMU_TOTAL_ONLY_FROM_QUOTA_RES,Zane CWMU,Pronghorn,Doe,Any Legal Weapon,CWMU,,,6,4,0,4,no,no,no,no,,,,MEDIUM_TOTAL_CONFIRMED,HANUMBER,6,PROMOTE_TOTAL_AFTER_SPLIT_REVIEW,https://dwrapps.utah.gov/huntboundary/HuntTableData?species=Pronghorn&gender=Doe
PD1017,CORE_DRAW_RESULTS_CONTINUING,CLOSED_CORE,yes,Present in 2025 BIBLE and fresh 2026 DWR Hunt Planner table.,LIVE_2026_AND_2025_BIBLE,CONTINUITY,PD,2020|2021|2022|2023|2024|2025,yes,no,yes,yes,OK,LIVE_AND_DATABASE,NUMERIC_MISMATCH,LIVE_DWR_RES_NR_SPLIT,"Box Elder, West",Pronghorn,Doe,Any Legal Weapon,General Season,31,4,35,49,6,55,no,no,no,no,,,,HIGH_CONFIRMED_2PLUS,HANUMBER,35,PROMOTE_CANDIDATE_AFTER_REVIEW,https://dwrapps.utah.gov/huntboundary/HuntTableData?species=Pronghorn&gender=Doe
PD1018,HISTORICAL_LIBRARY_ONLY,CLOSED_HISTORICAL,no,Historical BIBLE-library code not part of current 2026 live table.,BIBLE_HISTORICAL_ONLY,HISTORICAL_LIBRARY,PD,2020|2021,no,no,no,no,,,,,,,,,,,,,,,,no,no,no,no,,,,,,,,
PD1022,HISTORICAL_LIBRARY_ONLY,CLOSED_HISTORICAL,no,Historical BIBLE-library code not part of current 2026 live table.,BIBLE_HISTORICAL_ONLY,HISTORICAL_LIBRARY,PD,2020|2021|2022,no,no,no,no,,,,,,,,,,,,,,,,no,no,no,no,,,,,,,,
PD1023,HISTORICAL_LIBRARY_ONLY,CLOSED_HISTORICAL,no,Historical BIBLE-library code not part of current 2026 live table.,BIBLE_HISTORICAL_ONLY,HISTORICAL_LIBRARY,PD,2020|2021,no,no,no,no,,,,,,,,,,,,,,,,no,no,no,no,,,,,,,,
PD1024,HISTORICAL_LIBRARY_ONLY,CLOSED_HISTORICAL,no,Historical BIBLE-library code not part of current 2026 live table.,BIBLE_HISTORICAL_ONLY,HISTORICAL_LIBRARY,PD,2020|2021|2022,no,no,no,no,,,,,,,,,,,,,,,,no,no,no,no,,,,,,,,
PD1025,DATABASE_REFERENCE_NOT_LIVE_TABLE,REVIEW,no,Database row is not exposed by the fresh DWR live table; do not count as active core without source review.,DATABASE_NOT_IN_LIVE_TABLE,DATABASE_REFERENCE_OR_ARCHIVE_REVIEW,PD,2020|2021|2022|2023|2024,no,no,no,yes,OK,DATABASE_ONLY,DATABASE_ONLY,,Cottonwood Ridge CWMU,Pronghorn,Doe,Any Legal Weapon,CWMU,,,,4,0,4,no,no,no,no,,,,MEDIUM_SINGLE_SOURCE,HANUMBER,6,PROMOTE_CANDIDATE_AFTER_REVIEW,
PD1026,SEPARATE_CWMU_CURRENT_PLANNER_LAYER,REVIEW,maybe,"CWMU current-planner row not in 2025 BIBLE; review whether this is new, renamed, or omitted by source family.",LIVE_2026_NOT_IN_2025_BIBLE,CWMU_CURRENT_PLANNER,PD,2020|2021|2022|2023|2024,no,no,yes,yes,OK,LIVE_AND_DATABASE,NUMERIC_MISMATCH,LIVE_DWR_CWMU_TOTAL_ONLY_FROM_QUOTA_RES,Pahvant Ensign CWMU,Pronghorn,Doe,Any Legal Weapon,CWMU,,,6,4,0,4,no,no,no,no,,,,MEDIUM_TOTAL_CONFIRMED,HANUMBER,6,PROMOTE_TOTAL_AFTER_SPLIT_REVIEW,https://dwrapps.utah.gov/huntboundary/HuntTableData?species=Pronghorn&gender=Doe
PD1027,HISTORICAL_LIBRARY_ONLY,CLOSED_HISTORICAL,no,Historical BIBLE-library code not part of current 2026 live table.,BIBLE_HISTORICAL_ONLY,HISTORICAL_LIBRARY,PD,2020|2021,no,no,no,no,,,,,,,,,,,,,,,,no,no,no,no,,,,,,,,
PD1028,HISTORICAL_LIBRARY_ONLY,CLOSED_HISTORICAL,no,Historical BIBLE-library code not part of current 2026 live table.,BIBLE_HISTORICAL_ONLY,HISTORICAL_LIBRARY,PD,2020,no,no,no,no,,,,,,,,,,,,,,,,no,no,no,no,,,,,,,,
PD1029,HISTORICAL_LIBRARY_ONLY,CLOSED_HISTORICAL,no,Historical BIBLE-library code not part of current 2026 live table.,BIBLE_HISTORICAL_ONLY,HISTORICAL_LIBRARY,PD,2020,no,no,no,no,,,,,,,,,,,,,,,,no,no,no,no,,,,,,,,
PD1030,HISTORICAL_LIBRARY_ONLY,CLOSED_HISTORICAL,no,Historical BIBLE-library code not part of current 2026 live table.,BIBLE_HISTORICAL_ONLY,HISTORICAL_LIBRARY,PD,2020|2021|2022,no,no,no,no,,,,,,,,,,,,,,,,no,no,no,no,,,,,,,,
PD1031,CORE_DRAW_RESULTS_CONTINUING,CLOSED_CORE,yes,Present in 2025 BIBLE and fresh 2026 DWR Hunt Planner table.,LIVE_2026_AND_2025_BIBLE,CONTINUITY,PD,2020|2021|2022|2023|2024|2025,yes,no,yes,yes,OK,LIVE_AND_DATABASE,TOTAL_MATCH_SPLIT_DIFFERS,LIVE_DWR_CWMU_TOTAL_ONLY_FROM_QUOTA_RES,Westlake CWMU,Pronghorn,Doe,Any Legal Weapon,CWMU,,,9,9,0,9,no,no,no,no,,,,MEDIUM_TOTAL_CONFIRMED,HANUMBER,9,PROMOTE_TOTAL_AFTER_SPLIT_REVIEW,https://dwrapps.utah.gov/huntboundary/HuntTableData?species=Pronghorn&gender=Doe
PD1032,DATABASE_REFERENCE_NOT_LIVE_TABLE,REVIEW,no,Database row is not exposed by the fresh DWR live table; do not count as active core without source review.,DATABASE_NOT_IN_LIVE_TABLE,DATABASE_REFERENCE_OR_ARCHIVE_REVIEW,PD,2020|2021|2022|2023|2024,no,no,no,yes,OK,DATABASE_ONLY,DATABASE_ONLY,,Antelope Creek CWMU,Pronghorn,Doe,Any Legal Weapon,CWMU,,,,6,,6,no,no,no,no,,,,MEDIUM_SINGLE_SOURCE,HANUMBER,6,PROMOTE_CANDIDATE_AFTER_REVIEW,
PD1033,CORE_DRAW_RESULTS_CONTINUING,CLOSED_CORE,yes,Present in 2025 BIBLE and fresh 2026 DWR Hunt Planner table.,LIVE_2026_AND_2025_BIBLE,CONTINUITY,PD,2020|2021|2022|2023|2024|2025,yes,no,yes,yes,OK,LIVE_AND_DATABASE,MATCH,LIVE_DWR_RES_NR_SPLIT,"San Rafael, Poison Springs Bench",Pronghorn,Doe,Any Legal Weapon,General Season,13,2,15,13,2,15,no,no,no,no,,,,HIGH_CONFIRMED_2PLUS,HANUMBER,15,PROMOTE_CANDIDATE_AFTER_REVIEW,https://dwrapps.utah.gov/huntboundary/HuntTableData?species=Pronghorn&gender=Doe
PD1034,CORE_DRAW_RESULTS_CONTINUING,CLOSED_CORE,yes,Present in 2025 BIBLE and fresh 2026 DWR Hunt Planner table.,LIVE_2026_AND_2025_BIBLE,CONTINUITY,PD,2020|2021|2022|2023|2024|2025,yes,no,yes,yes,OK,LIVE_AND_DATABASE,MATCH,LIVE_DWR_RES_NR_SPLIT,"Fillmore, Oak Creek South",Pronghorn,Doe,Any Legal Weapon,General Season,27,3,30,27,3,30,no,no,no,no,,,,HIGH_CONFIRMED_2PLUS,HANUMBER,30,PROMOTE_CANDIDATE_AFTER_REVIEW,https://dwrapps.utah.gov/huntboundary/HuntTableData?species=Pronghorn&gender=Doe
PD1035,CORE_DRAW_RESULTS_CONTINUING,CLOSED_CORE,yes,Present in 2025 BIBLE and fresh 2026 DWR Hunt Planner table.,LIVE_2026_AND_2025_BIBLE,CONTINUITY,PD,2020|2021|2022|2023|2024|2025,yes,no,yes,yes,OK,LIVE_AND_DATABASE,MATCH,LIVE_DWR_RES_NR_SPLIT,"Fillmore, Oak Creek South",Pronghorn,Doe,Any Legal Weapon,General Season,27,3,30,27,3,30,no,no,no,no,,,,HIGH_CONFIRMED_2PLUS,HANUMBER,30,PROMOTE_CANDIDATE_AFTER_REVIEW,https://dwrapps.utah.gov/huntboundary/HuntTableData?species=Pronghorn&gender=Doe
PD1036,HISTORICAL_LIBRARY_ONLY,CLOSED_HISTORICAL,no,Historical BIBLE-library code not part of current 2026 live table.,BIBLE_HISTORICAL_ONLY,HISTORICAL_LIBRARY,PD,2020|2021,no,no,no,no,,,,,,,,,,,,,,,,no,no,no,no,,,,,,,,
PD1037,HISTORICAL_LIBRARY_ONLY,CLOSED_HISTORICAL,no,Historical BIBLE-library code not part of current 2026 live table.,BIBLE_HISTORICAL_ONLY,HISTORICAL_LIBRARY,PD,2020|2021|2022|2023,no,no,no,no,,,,,,,,,,,,,,,,no,no,no,no,,,,,,,,
PD1038,HISTORICAL_LIBRARY_ONLY,CLOSED_HISTORICAL,no,Historical BIBLE-library code not part of current 2026 live table.,BIBLE_HISTORICAL_ONLY,HISTORICAL_LIBRARY,PD,2020|2021|2022|2023,no,no,no,no,,,,,,,,,,,,,,,,no,no,no,no,,,,,,,,
PD1039,CURRENT_PLANNER_EXTRA_REVIEW,REVIEW,maybe,Fresh DWR current planner row not in 2025 BIBLE; unresolved source-family status.,LIVE_2026_NOT_IN_2025_BIBLE,OTHER_CURRENT_PLANNER_NOT_IN_2025_BIBLE,PD,2020|2021,no,no,yes,no,,LIVE_ONLY,LIVE_ONLY,LIVE_DWR_RES_NR_SPLIT,"Panguitch Lake/Zion, North",Pronghorn,Doe,Any Legal Weapon,General Season,36,4,40,,,,no,no,no,no,,,,MEDIUM_SINGLE_SOURCE,HUNTTABLE,40,PROMOTE_CANDIDATE_AFTER_REVIEW,https://dwrapps.utah.gov/huntboundary/HuntTableData?species=Pronghorn&gender=Doe
PD1040,HISTORICAL_LIBRARY_ONLY,CLOSED_HISTORICAL,no,Historical BIBLE-library code not part of current 2026 live table.,BIBLE_HISTORICAL_ONLY,HISTORICAL_LIBRARY,PD,2020,no,no,no,no,,,,,,,,,,,,,,,,no,no,no,no,,,,,,,,
PD1041,SEPARATE_CWMU_CURRENT_PLANNER_LAYER,REVIEW,maybe,"CWMU current-planner row not in 2025 BIBLE; review whether this is new, renamed, or omitted by source family.",LIVE_2026_NOT_IN_2025_BIBLE,CWMU_CURRENT_PLANNER,PD,2020|2021|2022|2023,no,no,yes,no,,LIVE_ONLY,LIVE_ONLY,LIVE_DWR_CWMU_TOTAL_ONLY_FROM_QUOTA_RES,Heist CWMU,Pronghorn,Doe,Any Legal Weapon,CWMU,,,6,,,,no,no,no,no,,,,MEDIUM_SINGLE_SOURCE,HUNTTABLE,6,PROMOTE_CANDIDATE_AFTER_REVIEW,https://dwrapps.utah.gov/huntboundary/HuntTableData?species=Pronghorn&gender=Doe
PD1042,HISTORICAL_LIBRARY_ONLY,CLOSED_HISTORICAL,no,Historical BIBLE-library code not part of current 2026 live table.,BIBLE_HISTORICAL_ONLY,HISTORICAL_LIBRARY,PD,2020|2021,no,no,no,no,,,,,,,,,,,,,,,,no,no,no,no,,,,,,,,
PD1043,CORE_DRAW_RESULTS_CONTINUING,CLOSED_CORE,yes,Present in 2025 BIBLE and fresh 2026 DWR Hunt Planner table.,LIVE_2026_AND_2025_BIBLE,CONTINUITY,PD,2021|2022|2023|2024|2025,yes,no,yes,yes,OK,LIVE_AND_DATABASE,MATCH,LIVE_DWR_RES_NR_SPLIT,"Nine Mile, Anthro-Pleasant Valley",Pronghorn,Doe,Any Legal Weapon,General Season,9,1,10,9,1,10,no,no,no,no,,,,HIGH_CONFIRMED_2PLUS,HANUMBER,10,PROMOTE_CANDIDATE_AFTER_REVIEW,https://dwrapps.utah.gov/huntboundary/HuntTableData?species=Pronghorn&gender=Doe
PD1044,CORE_DRAW_RESULTS_CONTINUING,CLOSED_CORE,yes,Present in 2025 BIBLE and fresh 2026 DWR Hunt Planner table.,LIVE_2026_AND_2025_BIBLE,CONTINUITY,PD,2022|2023|2024|2025,yes,no,yes,yes,OK,LIVE_AND_DATABASE,NUMERIC_MISMATCH,LIVE_DWR_RES_NR_SPLIT,Vernal-Ouray Valley,Pronghorn,Doe,Any Legal Weapon,General Season,4,1,5,9,1,10,no,no,no,no,,,,HIGH_CONFIRMED_2PLUS,HANUMBER,5,PROMOTE_CANDIDATE_AFTER_REVIEW,https://dwrapps.utah.gov/huntboundary/HuntTableData?species=Pronghorn&gender=Doe
PD1045,DATABASE_REFERENCE_NOT_LIVE_TABLE,REVIEW,no,Database row is not exposed by the fresh DWR live table; do not count as active core without source review.,DATABASE_NOT_IN_LIVE_TABLE,DATABASE_REFERENCE_OR_ARCHIVE_REVIEW,PD,2024,no,no,no,yes,OK,DATABASE_ONLY,DATABASE_ONLY,,The Rose of Snowville CWMU,Pronghorn,Doe,Any Legal Weapon,CWMU,,,,4,0,4,no,no,no,no,,,,MEDIUM_SINGLE_SOURCE,HANUMBER,4,PROMOTE_CANDIDATE_AFTER_REVIEW,
PD1046,DATABASE_REFERENCE_NOT_LIVE_TABLE,REVIEW,no,Database row is not exposed by the fresh DWR live table; do not count as active core without source review.,DATABASE_NOT_IN_LIVE_TABLE,DATABASE_REFERENCE_OR_ARCHIVE_REVIEW,PD,2024,no,no,no,yes,OK,DATABASE_ONLY,DATABASE_ONLY,,Green River Flat CWMU,Pronghorn,Doe,Any Legal Weapon,CWMU,,,,6,,6,no,no,no,no,,,,MEDIUM_SINGLE_SOURCE,HANUMBER,6,PROMOTE_CANDIDATE_AFTER_REVIEW,
PD1047,CORE_DRAW_RESULTS_CONTINUING,CLOSED_CORE,yes,Present in 2025 BIBLE and fresh 2026 DWR Hunt Planner table.,LIVE_2026_AND_2025_BIBLE,CONTINUITY,PD,2025,yes,no,yes,yes,OK,LIVE_AND_DATABASE,TOTAL_MATCH_SPLIT_DIFFERS,LIVE_DWR_CWMU_TOTAL_ONLY_FROM_QUOTA_RES,Antelope Creek CWMU,Pronghorn,Doe,Any Legal Weapon,CWMU,,,6,6,0,6,no,no,no,no,,,,MEDIUM_TOTAL_CONFIRMED,HANUMBER,6,PROMOTE_TOTAL_AFTER_SPLIT_REVIEW,https://dwrapps.utah.gov/huntboundary/HuntTableData?species=Pronghorn&gender=Doe
PD1048,CORE_DRAW_RESULTS_CONTINUING,CLOSED_CORE,yes,Present in 2025 BIBLE and fresh 2026 DWR Hunt Planner table.,LIVE_2026_AND_2025_BIBLE,CONTINUITY,PD,2025,yes,no,yes,yes,OK,LIVE_AND_DATABASE,TOTAL_MATCH_SPLIT_DIFFERS,LIVE_DWR_CWMU_TOTAL_ONLY_FROM_QUOTA_RES,The Rose of Snowville CWMU,Pronghorn,Doe,Any Legal Weapon,CWMU,,,2,2,0,2,no,no,no,no,,,,MEDIUM_TOTAL_CONFIRMED,HANUMBER,2,PROMOTE_TOTAL_AFTER_SPLIT_REVIEW,https://dwrapps.utah.gov/huntboundary/HuntTableData?species=Pronghorn&gender=Doe
PD1049,CORE_DRAW_RESULTS_CONTINUING,CLOSED_CORE,yes,Present in 2025 BIBLE and fresh 2026 DWR Hunt Planner table.,LIVE_2026_AND_2025_BIBLE,CONTINUITY,PD,2025,yes,no,yes,yes,OK,LIVE_AND_DATABASE,TOTAL_MATCH_SPLIT_DIFFERS,LIVE_DWR_CWMU_TOTAL_ONLY_FROM_QUOTA_RES,Zane CWMU,Pronghorn,Doe,Any Legal Weapon,CWMU,,,6,6,0,6,no,no,no,no,,,,MEDIUM_TOTAL_CONFIRMED,HANUMBER,6,PROMOTE_TOTAL_AFTER_SPLIT_REVIEW,https://dwrapps.utah.gov/huntboundary/HuntTableData?species=Pronghorn&gender=Doe
PD1050,CORE_DRAW_RESULTS_CONTINUING,CLOSED_CORE,yes,Present in 2025 BIBLE and fresh 2026 DWR Hunt Planner table.,LIVE_2026_AND_2025_BIBLE,CONTINUITY,PD,2025,yes,no,yes,yes,OK,LIVE_AND_DATABASE,TOTAL_MATCH_SPLIT_DIFFERS,LIVE_DWR_CWMU_TOTAL_ONLY_FROM_QUOTA_RES,Cottonwood Ridge CWMU,Pronghorn,Doe,Any Legal Weapon,CWMU,,,6,6,0,6,no,no,no,no,,,,MEDIUM_TOTAL_CONFIRMED,HANUMBER,6,PROMOTE_TOTAL_AFTER_SPLIT_REVIEW,https://dwrapps.utah.gov/huntboundary/HuntTableData?species=Pronghorn&gender=Doe
PD1051,CORE_DRAW_RESULTS_CONTINUING,CLOSED_CORE,yes,Present in 2025 BIBLE and fresh 2026 DWR Hunt Planner table.,LIVE_2026_AND_2025_BIBLE,CONTINUITY,PD,2025,yes,no,yes,yes,OK,LIVE_AND_DATABASE,TOTAL_MATCH_SPLIT_DIFFERS,LIVE_DWR_CWMU_TOTAL_ONLY_FROM_QUOTA_RES,Pahvant Ensign CWMU,Pronghorn,Doe,Any Legal Weapon,CWMU,,,6,6,0,6,no,no,no,no,,,,MEDIUM_TOTAL_CONFIRMED,HANUMBER,6,PROMOTE_TOTAL_AFTER_SPLIT_REVIEW,https://dwrapps.utah.gov/huntboundary/HuntTableData?species=Pronghorn&gender=Doe
PD1052,CORE_DRAW_RESULTS_CONTINUING,CLOSED_CORE,yes,Present in 2025 BIBLE and fresh 2026 DWR Hunt Planner table.,LIVE_2026_AND_2025_BIBLE,CONTINUITY,PD,2025,yes,no,yes,yes,OK,LIVE_AND_DATABASE,TOTAL_MATCH_SPLIT_DIFFERS,LIVE_DWR_CWMU_TOTAL_ONLY_FROM_QUOTA_RES,Heist CWMU,Pronghorn,Doe,Any Legal Weapon,CWMU,,,6,6,0,6,no,no,no,no,,,,MEDIUM_TOTAL_CONFIRMED,HANUMBER,6,PROMOTE_TOTAL_AFTER_SPLIT_REVIEW,https://dwrapps.utah.gov/huntboundary/HuntTableData?species=Pronghorn&gender=Doe
PD1053,CORE_DRAW_RESULTS_CONTINUING,CLOSED_CORE,yes,Present in 2025 BIBLE and fresh 2026 DWR Hunt Planner table.,LIVE_2026_AND_2025_BIBLE,CONTINUITY,PD,2025,yes,no,yes,yes,OK,LIVE_AND_DATABASE,TOTAL_MATCH_SPLIT_DIFFERS,LIVE_DWR_CWMU_TOTAL_ONLY_FROM_QUOTA_RES,Green River Flat CWMU,Pronghorn,Doe,Any Legal Weapon,CWMU,,,6,6,0,6,no,no,no,no,,,,MEDIUM_TOTAL_CONFIRMED,HANUMBER,6,PROMOTE_TOTAL_AFTER_SPLIT_REVIEW,https://dwrapps.utah.gov/huntboundary/HuntTableData?species=Pronghorn&gender=Doe
PD1054,CORE_DRAW_RESULTS_CONTINUING,CLOSED_CORE,yes,Present in 2025 BIBLE and fresh 2026 DWR Hunt Planner table.,LIVE_2026_AND_2025_BIBLE,CONTINUITY,PD,2025,yes,no,yes,yes,OK,LIVE_AND_DATABASE,MATCH,LIVE_DWR_RES_NR_SPLIT,Parker Mtn,Pronghorn,Doe,Archery,General Season,27,3,30,27,3,30,no,no,no,no,,,,HIGH_CONFIRMED_2PLUS,HANUMBER,30,PROMOTE_CANDIDATE_AFTER_REVIEW,https://dwrapps.utah.gov/huntboundary/HuntTableData?species=Pronghorn&gender=Doe
PD1055,CORE_DRAW_RESULTS_CONTINUING,CLOSED_CORE,yes,Present in 2025 BIBLE and fresh 2026 DWR Hunt Planner table.,LIVE_2026_AND_2025_BIBLE,CONTINUITY,PD,2025,yes,no,yes,yes,OK,LIVE_AND_DATABASE,MATCH,LIVE_DWR_RES_NR_SPLIT,Parker Mtn,Pronghorn,Doe,Muzzleloader,General Season,31,4,35,31,4,35,no,no,no,no,,,,HIGH_CONFIRMED_2PLUS,HANUMBER,35,PROMOTE_CANDIDATE_AFTER_REVIEW,https://dwrapps.utah.gov/huntboundary/HuntTableData?species=Pronghorn&gender=Doe
PD1056,CORE_DRAW_RESULTS_CONTINUING,CLOSED_CORE,yes,Present in 2025 BIBLE and fresh 2026 DWR Hunt Planner table.,LIVE_2026_AND_2025_BIBLE,CONTINUITY,PD,2025,yes,no,yes,yes,OK,LIVE_AND_DATABASE,NUMERIC_MISMATCH,LIVE_DWR_RES_NR_SPLIT,Parker Mtn,Pronghorn,Doe,Any Legal Weapon,General Season,63,4,67,36,4,40,no,no,no,no,,,,HIGH_CONFIRMED_2PLUS,HANUMBER,67,PROMOTE_CANDIDATE_AFTER_REVIEW,https://dwrapps.utah.gov/huntboundary/HuntTableData?species=Pronghorn&gender=Doe
PD1057,CORE_DRAW_RESULTS_CONTINUING,CLOSED_CORE,yes,Present in 2025 BIBLE and fresh 2026 DWR Hunt Planner table.,LIVE_2026_AND_2025_BIBLE,CONTINUITY,PD,2025,yes,no,yes,yes,OK,LIVE_AND_DATABASE,NUMERIC_MISMATCH,LIVE_DWR_RES_NR_SPLIT,"Parker Mtn, Highlands",Pronghorn,Doe,Any Legal Weapon,General Season,27,3,30,31,4,35,no,no,no,no,,,,HIGH_CONFIRMED_2PLUS,HANUMBER,30,PROMOTE_CANDIDATE_AFTER_REVIEW,https://dwrapps.utah.gov/huntboundary/HuntTableData?species=Pronghorn&gender=Doe
PD1058,CORE_DRAW_RESULTS_CONTINUING,CLOSED_CORE,yes,Present in 2025 BIBLE and fresh 2026 DWR Hunt Planner table.,LIVE_2026_AND_2025_BIBLE,CONTINUITY,PD,2025,yes,no,yes,yes,OK,LIVE_AND_DATABASE,MATCH,LIVE_DWR_RES_NR_SPLIT,"Parker Mtn, Highlands",Pronghorn,Doe,Any Legal Weapon,General Season,36,4,40,36,4,40,no,no,no,no,,,,HIGH_CONFIRMED_2PLUS,HANUMBER,40,PROMOTE_CANDIDATE_AFTER_REVIEW,https://dwrapps.utah.gov/huntboundary/HuntTableData?species=Pronghorn&gender=Doe
PD1059,CORE_DRAW_RESULTS_CONTINUING,CLOSED_CORE,yes,Present in 2025 BIBLE and fresh 2026 DWR Hunt Planner table.,LIVE_2026_AND_2025_BIBLE,CONTINUITY,PD,2025,yes,no,yes,yes,OK,LIVE_AND_DATABASE,NUMERIC_MISMATCH,LIVE_DWR_RES_NR_SPLIT,"Parker Mtn, Plains",Pronghorn,Doe,Any Legal Weapon,General Season,31,4,35,27,3,30,no,no,no,no,,,,HIGH_CONFIRMED_2PLUS,HANUMBER,35,PROMOTE_CANDIDATE_AFTER_REVIEW,https://dwrapps.utah.gov/huntboundary/HuntTableData?species=Pronghorn&gender=Doe
PD1060,CORE_DRAW_RESULTS_CONTINUING,CLOSED_CORE,yes,Present in 2025 BIBLE and fresh 2026 DWR Hunt Planner table.,LIVE_2026_AND_2025_BIBLE,CONTINUITY,PD,2025,yes,no,yes,yes,OK,LIVE_AND_DATABASE,MATCH,LIVE_DWR_RES_NR_SPLIT,"Parker Mtn, Plains",Pronghorn,Doe,Any Legal Weapon,General Season,36,4,40,36,4,40,no,no,no,no,,,,HIGH_CONFIRMED_2PLUS,HANUMBER,40,PROMOTE_CANDIDATE_AFTER_REVIEW,https://dwrapps.utah.gov/huntboundary/HuntTableData?species=Pronghorn&gender=Doe
RE1000,CORE_DRAW_RESULTS_CONTINUING,CLOSED_CORE,yes,Present in 2025 BIBLE and fresh 2026 DWR Hunt Planner table.,LIVE_2026_AND_2025_BIBLE,CONTINUITY,RE,2020|2021|2022|2023|2024|2025,yes,no,yes,yes,OK,LIVE_AND_DATABASE,MATCH,LIVE_DWR_RES_NR_SPLIT,"Box Elder, Newfoundland Mtn",Rocky Mountain Bighorn Sheep,Ewe,Any Legal Weapon,General Season,4,1,5,4,1,5,no,no,no,no,,,,HIGH_CONFIRMED_2PLUS,HANUMBER,5,PROMOTE_CANDIDATE_AFTER_REVIEW,https://dwrapps.utah.gov/huntboundary/HuntTableData?species=Rocky+Mountain+Bighorn+Sheep&gender=Ewe
RS0001,SPORTSMAN_CONTINUITY_LAYER_REVIEW,REVIEW,maybe,"Sportsman codes are known continuing active permit hunts, but this row was not in 2025 BIBLE extraction.",LIVE_2026_NOT_IN_2025_BIBLE,SPORTSMAN_CURRENT_PLANNER,RS,2020|2021|2022|2023|2024,no,no,yes,yes,OK,LIVE_AND_DATABASE,LIVE_NO_QUOTA_DATABASE_PRESERVED,LIVE_DWR_NO_QUOTA_PUBLISHED,Rocky Mountain Bighorn Sheep - Statewide Permit,Rocky Mountain Bighorn Sheep,Male Only,Any Legal Weapon,Statewide,,,,1,0,1,no,no,yes,yes,CONSERVATION_PERMITS_DIRECT,SOURCE_MATCHES_RECOMMENDED,,MEDIUM_SINGLE_SOURCE,UTAHDRAWS,1,PROMOTE_CANDIDATE_AFTER_REVIEW,https://dwrapps.utah.gov/huntboundary/HuntTableData?species=Rocky+Mountain+Bighorn+Sheep&gender=Male+Only
RS1000,SEPARATE_CONSERVATION_LAYER,REVIEW,no,"Conservation permit family; use separate conservation layer, not core-count inflation.",LIVE_2026_NOT_IN_2025_BIBLE,CONSERVATION_CURRENT_PLANNER,RS,,no,no,yes,yes,OK,LIVE_AND_DATABASE,BOTH_BLANK,LIVE_DWR_NO_QUOTA_PUBLISHED,Antelope Island Conservation,Rocky Mountain Bighorn Sheep,Male Only,Any Legal Weapon,Once-in-a-lifetime,,,,,,,no,no,no,no,,,,NO_PERMIT_VALUE,NONE,,NO_CURRENT_PERMIT_VALUE_FOUND,https://dwrapps.utah.gov/huntboundary/HuntTableData?species=Rocky+Mountain+Bighorn+Sheep&gender=Male+Only
RS1001,SEPARATE_CONSERVATION_LAYER,CLOSED_SEPARATE_LAYER,no,"Conservation permit family; use separate conservation layer, not core-count inflation.",LIVE_2026_NOT_IN_2025_BIBLE,CONSERVATION_CURRENT_PLANNER,RS,,no,no,yes,yes,OK,LIVE_AND_DATABASE,LIVE_NO_QUOTA_DATABASE_PRESERVED,LIVE_DWR_NO_QUOTA_PUBLISHED,"Book Cliffs, South",Rocky Mountain Bighorn Sheep,Male Only,Any Legal Weapon,Conservation,,,,1,0,1,no,no,yes,yes,CONSERVATION_PERMITS_DIRECT,SOURCE_TOTAL_MATCHES_DATABASE,,REVIEW_REQUIRED,NONE_EXTERNAL_DATABASE_REFERENCE_ONLY,,FIND_EXTERNAL_SOURCE_BEFORE_PROMOTION,https://dwrapps.utah.gov/huntboundary/HuntTableData?species=Rocky+Mountain+Bighorn+Sheep&gender=Male+Only
RS1003,SEPARATE_CONSERVATION_LAYER,CLOSED_SEPARATE_LAYER,no,"Conservation permit family; use separate conservation layer, not core-count inflation.",LIVE_2026_NOT_IN_2025_BIBLE,CONSERVATION_CURRENT_PLANNER,RS,,no,no,yes,yes,OK,LIVE_AND_DATABASE,LIVE_NO_QUOTA_DATABASE_PRESERVED,LIVE_DWR_NO_QUOTA_PUBLISHED,"Box Elder, Newfoundland Mtn",Rocky Mountain Bighorn Sheep,Male Only,Any Legal Weapon,Conservation,,,,1,0,1,no,no,yes,no,CONSERVATION_PERMITS_DIRECT,SOURCE_DIFFERS_FROM_CURRENT_RECONCILIATION,,REVIEW_REQUIRED,NONE_EXTERNAL_DATABASE_REFERENCE_ONLY,,FIND_EXTERNAL_SOURCE_BEFORE_PROMOTION,https://dwrapps.utah.gov/huntboundary/HuntTableData?species=Rocky+Mountain+Bighorn+Sheep&gender=Male+Only
RS1006,SEPARATE_CONSERVATION_LAYER,CLOSED_SEPARATE_LAYER,no,"Conservation permit family; use separate conservation layer, not core-count inflation.",LIVE_2026_NOT_IN_2025_BIBLE,CONSERVATION_CURRENT_PLANNER,RS,,no,no,yes,yes,OK,LIVE_AND_DATABASE,LIVE_NO_QUOTA_DATABASE_PRESERVED,LIVE_DWR_NO_QUOTA_PUBLISHED,"Nine Mile, Gray Canyon",Rocky Mountain Bighorn Sheep,Male Only,Any Legal Weapon,Conservation,,,,1,0,1,no,no,yes,yes,CONSERVATION_PERMITS_DIRECT,SOURCE_TOTAL_MATCHES_DATABASE,,REVIEW_REQUIRED,NONE_EXTERNAL_DATABASE_REFERENCE_ONLY,,FIND_EXTERNAL_SOURCE_BEFORE_PROMOTION,https://dwrapps.utah.gov/huntboundary/HuntTableData?species=Rocky+Mountain+Bighorn+Sheep&gender=Male+Only
RS6700,CORE_DRAW_RESULTS_CONTINUING,CLOSED_CORE,yes,Present in 2025 BIBLE and fresh 2026 DWR Hunt Planner table.,LIVE_2026_AND_2025_BIBLE,CONTINUITY,RS,2025,yes,no,yes,yes,OK,LIVE_AND_DATABASE,MATCH,LIVE_DWR_RES_NR_SPLIT,Antelope Island,Rocky Mountain Bighorn Sheep,Male Only,Any Legal Weapon,Once-in-a-lifetime,2,0,2,2,0,2,no,no,no,no,,,,HIGH_CONFIRMED_2PLUS,HANUMBER,2,PROMOTE_CANDIDATE_AFTER_REVIEW,https://dwrapps.utah.gov/huntboundary/HuntTableData?species=Rocky+Mountain+Bighorn+Sheep&gender=Male+Only
RS6701,CORE_DRAW_RESULTS_CONTINUING,CLOSED_CORE,yes,Present in 2025 BIBLE and fresh 2026 DWR Hunt Planner table.,LIVE_2026_AND_2025_BIBLE,CONTINUITY,RS,2020|2021|2022|2023|2024|2025,yes,no,yes,yes,OK,LIVE_AND_DATABASE,MATCH,LIVE_DWR_RES_NR_SPLIT,"Book Cliffs, South",Rocky Mountain Bighorn Sheep,Male Only,Any Legal Weapon,Once-in-a-lifetime,5,1,6,5,1,6,no,no,no,no,,,,HIGH_CONFIRMED_2PLUS,HANUMBER,6,PROMOTE_CANDIDATE_AFTER_REVIEW,https://dwrapps.utah.gov/huntboundary/HuntTableData?species=Rocky+Mountain+Bighorn+Sheep&gender=Male+Only
RS6702,HISTORICAL_LIBRARY_ONLY,CLOSED_HISTORICAL,no,Historical BIBLE-library code not part of current 2026 live table.,BIBLE_HISTORICAL_ONLY,HISTORICAL_LIBRARY,RS,2020,no,no,no,no,,,,,,,,,,,,,,,,no,no,no,no,,,,,,,,
RS6703,CORE_DRAW_RESULTS_CONTINUING,CLOSED_CORE,yes,Present in 2025 BIBLE and fresh 2026 DWR Hunt Planner table.,LIVE_2026_AND_2025_BIBLE,CONTINUITY,RS,2020|2021|2022|2023|2024|2025,yes,no,yes,yes,OK,LIVE_AND_DATABASE,MATCH,LIVE_DWR_RES_NR_SPLIT,"Box Elder, Newfoundland Mtn",Rocky Mountain Bighorn Sheep,Male Only,Any Legal Weapon,Once-in-a-lifetime,4,0,4,4,0,4,no,no,no,no,,,,REVIEW_SOURCE_CONFLICT,HANUMBER,4,REVIEW_BEFORE_PROMOTION,https://dwrapps.utah.gov/huntboundary/HuntTableData?species=Rocky+Mountain+Bighorn+Sheep&gender=Male+Only
RS6704,CORE_DRAW_RESULTS_CONTINUING,CLOSED_CORE,yes,Present in 2025 BIBLE and fresh 2026 DWR Hunt Planner table.,LIVE_2026_AND_2025_BIBLE,CONTINUITY,RS,2020|2021|2022|2023|2024|2025,yes,no,yes,yes,OK,LIVE_AND_DATABASE,MATCH,LIVE_DWR_RES_NR_SPLIT,"Box Elder, Newfoundland Mtn",Rocky Mountain Bighorn Sheep,Male Only,Any Legal Weapon,Once-in-a-lifetime,3,1,4,3,1,4,no,no,no,no,,,,HIGH_CONFIRMED_2PLUS,HANUMBER,4,PROMOTE_CANDIDATE_AFTER_REVIEW,https://dwrapps.utah.gov/huntboundary/HuntTableData?species=Rocky+Mountain+Bighorn+Sheep&gender=Male+Only
RS6708,CORE_DRAW_RESULTS_CONTINUING,CLOSED_CORE,yes,Present in 2025 BIBLE and fresh 2026 DWR Hunt Planner table.,LIVE_2026_AND_2025_BIBLE,CONTINUITY,RS,2020|2021|2022|2023|2024|2025,yes,no,yes,yes,OK,LIVE_AND_DATABASE,MATCH,LIVE_DWR_RES_NR_SPLIT,"North Slope, Three Corners",Rocky Mountain Bighorn Sheep,Male Only,Any Legal Weapon,Once-in-a-lifetime,2,0,2,2,0,2,no,no,no,no,,,,HIGH_CONFIRMED_2PLUS,HANUMBER,2,PROMOTE_CANDIDATE_AFTER_REVIEW,https://dwrapps.utah.gov/huntboundary/HuntTableData?species=Rocky+Mountain+Bighorn+Sheep&gender=Male+Only
RS6709,CORE_DRAW_RESULTS_CONTINUING,CLOSED_CORE,yes,Present in 2025 BIBLE and fresh 2026 DWR Hunt Planner table.,LIVE_2026_AND_2025_BIBLE,CONTINUITY,RS,2020|2021|2022|2023|2024|2025,yes,no,yes,yes,OK,LIVE_AND_DATABASE,MATCH,LIVE_DWR_RES_NR_SPLIT,"North Slope, Summit/West Daggett",Rocky Mountain Bighorn Sheep,Male Only,Any Legal Weapon,Once-in-a-lifetime,3,0,3,3,0,3,no,no,no,no,,,,HIGH_CONFIRMED_2PLUS,HANUMBER,3,PROMOTE_CANDIDATE_AFTER_REVIEW,https://dwrapps.utah.gov/huntboundary/HuntTableData?species=Rocky+Mountain+Bighorn+Sheep&gender=Male+Only
RS6712,CORE_DRAW_RESULTS_CONTINUING,CLOSED_CORE,yes,Present in 2025 BIBLE and fresh 2026 DWR Hunt Planner table.,LIVE_2026_AND_2025_BIBLE,CONTINUITY,RS,2020|2021|2022|2023|2024|2025,yes,no,yes,yes,OK,LIVE_AND_DATABASE,MATCH,LIVE_DWR_RES_NR_SPLIT,"Nine Mile, Gray Canyon",Rocky Mountain Bighorn Sheep,Male Only,Any Legal Weapon,Once-in-a-lifetime,4,2,6,4,2,6,no,no,no,no,,,,HIGH_CONFIRMED_2PLUS,HANUMBER,6,PROMOTE_CANDIDATE_AFTER_REVIEW,https://dwrapps.utah.gov/huntboundary/HuntTableData?species=Rocky+Mountain+Bighorn+Sheep&gender=Male+Only
RS6713,CORE_DRAW_RESULTS_CONTINUING,CLOSED_CORE,yes,Present in 2025 BIBLE and fresh 2026 DWR Hunt Planner table.,LIVE_2026_AND_2025_BIBLE,CONTINUITY,RS,2020|2021|2022|2023|2024|2025,yes,no,yes,yes,OK,LIVE_AND_DATABASE,MATCH,LIVE_DWR_RES_NR_SPLIT,"Nine Mile, Jack Creek",Rocky Mountain Bighorn Sheep,Male Only,Any Legal Weapon,Once-in-a-lifetime,4,0,4,4,0,4,no,no,no,no,,,,HIGH_CONFIRMED_2PLUS,HANUMBER,4,PROMOTE_CANDIDATE_AFTER_REVIEW,https://dwrapps.utah.gov/huntboundary/HuntTableData?species=Rocky+Mountain+Bighorn+Sheep&gender=Male+Only
RS6720,CORE_DRAW_RESULTS_CONTINUING,CLOSED_CORE,yes,Present in 2025 BIBLE and fresh 2026 DWR Hunt Planner table.,LIVE_2026_AND_2025_BIBLE,CONTINUITY,RS,2020|2021|2022|2023|2024|2025,yes,no,yes,yes,OK,LIVE_AND_DATABASE,MATCH,LIVE_DWR_RES_NR_SPLIT,"Fillmore, Oak Creek",Rocky Mountain Bighorn Sheep,Male Only,Any Legal Weapon,Once-in-a-lifetime,4,0,4,4,0,4,no,no,yes,no,CONSERVATION_PERMITS_DIRECT,SOURCE_DIFFERS_FROM_CURRENT_RECONCILIATION,,REVIEW_SOURCE_CONFLICT,HANUMBER,4,REVIEW_BEFORE_PROMOTION,https://dwrapps.utah.gov/huntboundary/HuntTableData?species=Rocky+Mountain+Bighorn+Sheep&gender=Male+Only
RS6721,CORE_DRAW_RESULTS_CONTINUING,CLOSED_CORE,yes,Present in 2025 BIBLE and fresh 2026 DWR Hunt Planner table.,LIVE_2026_AND_2025_BIBLE,CONTINUITY,RS,2020|2021|2022|2023|2024|2025,yes,no,yes,yes,OK,LIVE_AND_DATABASE,MATCH,LIVE_DWR_RES_NR_SPLIT,"Oquirrh-Stansbury, West",Rocky Mountain Bighorn Sheep,Male Only,Any Legal Weapon,Once-in-a-lifetime,3,0,3,3,0,3,no,no,no,no,,,,HIGH_CONFIRMED_2PLUS,HANUMBER,3,PROMOTE_CANDIDATE_AFTER_REVIEW,https://dwrapps.utah.gov/huntboundary/HuntTableData?species=Rocky+Mountain+Bighorn+Sheep&gender=Male+Only
RS6722,CORE_DRAW_RESULTS_CONTINUING,CLOSED_CORE,yes,Present in 2025 BIBLE and fresh 2026 DWR Hunt Planner table.,LIVE_2026_AND_2025_BIBLE,CONTINUITY,RS,2020|2021|2022|2023|2024|2025,yes,no,yes,yes,OK,LIVE_AND_DATABASE,MATCH,LIVE_DWR_RES_NR_SPLIT,"Box Elder, Newfoundland Mtn",Rocky Mountain Bighorn Sheep,Male Only,Archery,Once-in-a-lifetime,2,0,2,2,0,2,no,no,no,no,,,,HIGH_CONFIRMED_2PLUS,HANUMBER,2,PROMOTE_CANDIDATE_AFTER_REVIEW,https://dwrapps.utah.gov/huntboundary/HuntTableData?species=Rocky+Mountain+Bighorn+Sheep&gender=Male+Only
RS6724,CORE_DRAW_RESULTS_CONTINUING,CLOSED_CORE,yes,Present in 2025 BIBLE and fresh 2026 DWR Hunt Planner table.,LIVE_2026_AND_2025_BIBLE,CONTINUITY,RS,2020|2021|2022|2023|2024|2025,yes,no,yes,yes,OK,LIVE_AND_DATABASE,MATCH,LIVE_DWR_RES_NR_SPLIT,"Wasatch Mtns, West",Rocky Mountain Bighorn Sheep,Male Only,Any Legal Weapon,Once-in-a-lifetime,3,0,3,3,0,3,no,no,no,no,,,,HIGH_CONFIRMED_2PLUS,HANUMBER,3,PROMOTE_CANDIDATE_AFTER_REVIEW,https://dwrapps.utah.gov/huntboundary/HuntTableData?species=Rocky+Mountain+Bighorn+Sheep&gender=Male+Only
RS6725,CORE_DRAW_RESULTS_CONTINUING,CLOSED_CORE,yes,Present in 2025 BIBLE and fresh 2026 DWR Hunt Planner table.,LIVE_2026_AND_2025_BIBLE,CONTINUITY,RS,2020|2021|2022|2023|2024|2025,yes,no,yes,yes,OK,LIVE_AND_DATABASE,MATCH,LIVE_DWR_RES_NR_SPLIT,Nebo,Rocky Mountain Bighorn Sheep,Male Only,Any Legal Weapon,Once-in-a-lifetime,2,0,2,2,0,2,no,no,no,no,,,,HIGH_CONFIRMED_2PLUS,HANUMBER,2,PROMOTE_CANDIDATE_AFTER_REVIEW,https://dwrapps.utah.gov/huntboundary/HuntTableData?species=Rocky+Mountain+Bighorn+Sheep&gender=Male+Only
RS6726,CORE_DRAW_RESULTS_CONTINUING,CLOSED_CORE,yes,Present in 2025 BIBLE and fresh 2026 DWR Hunt Planner table.,LIVE_2026_AND_2025_BIBLE,CONTINUITY,RS,2020|2021|2022|2023|2024|2025,yes,no,yes,yes,OK,LIVE_AND_DATABASE,MATCH,LIVE_DWR_RES_NR_SPLIT,"Fillmore, Oak Creek",Rocky Mountain Bighorn Sheep,Male Only,Any Legal Weapon,Once-in-a-lifetime,3,1,4,3,1,4,no,no,no,no,,,,HIGH_CONFIRMED_2PLUS,HANUMBER,4,PROMOTE_CANDIDATE_AFTER_REVIEW,https://dwrapps.utah.gov/huntboundary/HuntTableData?species=Rocky+Mountain+Bighorn+Sheep&gender=Male+Only
RS6727,CORE_DRAW_RESULTS_CONTINUING,CLOSED_CORE,yes,Present in 2025 BIBLE and fresh 2026 DWR Hunt Planner table.,LIVE_2026_AND_2025_BIBLE,CONTINUITY,RS,2021|2022|2023|2024|2025,yes,no,yes,yes,OK,LIVE_AND_DATABASE,MATCH,LIVE_DWR_RES_NR_SPLIT,"Fillmore, Oak Creek",Rocky Mountain Bighorn Sheep,Male Only,Archery,Once-in-a-lifetime,2,0,2,2,0,2,no,no,no,no,,,,HIGH_CONFIRMED_2PLUS,HANUMBER,2,PROMOTE_CANDIDATE_AFTER_REVIEW,https://dwrapps.utah.gov/huntboundary/HuntTableData?species=Rocky+Mountain+Bighorn+Sheep&gender=Male+Only
TK0001,SPORTSMAN_CONTINUITY_LAYER_REVIEW,REVIEW,maybe,"Sportsman codes are known continuing active permit hunts, but this row was not in 2025 BIBLE extraction.",LIVE_2026_NOT_IN_2025_BIBLE,SPORTSMAN_CURRENT_PLANNER,TK,2020|2021|2022|2023|2024,no,no,yes,yes,OK,LIVE_AND_DATABASE,BOTH_BLANK,LIVE_DWR_NO_QUOTA_PUBLISHED,Turkey - Statewide Permit,Turkey,Bearded,Any Legal Weapon,Statewide,,,,,,,no,no,no,no,,,,MEDIUM_SINGLE_SOURCE,UTAHDRAWS,1,PROMOTE_CANDIDATE_AFTER_REVIEW,https://dwrapps.utah.gov/huntboundary/HuntTableData?species=Turkey&gender=Bearded
TK1000,SEPARATE_STATEWIDE_UNLIMITED_LAYER,CLOSED_SEPARATE_LAYER,no,Statewide/unlimited current planner family; not comparable to local draw-results rows.,LIVE_2026_NOT_IN_2025_BIBLE,STATEWIDE_OR_UNLIMITED_CURRENT_PLANNER,TK,,no,no,yes,yes,OK,LIVE_AND_DATABASE,BOTH_BLANK,LIVE_DWR_NO_QUOTA_PUBLISHED,Statewide,Turkey,Bearded,Any Legal Weapon,Spring General Season,,,,,,,no,no,yes,no,CONSERVATION_PERMITS_DIRECT,SOURCE_HAS_VALUE_NO_CURRENT_COMPARISON_VALUE,,NO_PERMIT_VALUE,NONE,,NO_CURRENT_PERMIT_VALUE_FOUND,https://dwrapps.utah.gov/huntboundary/HuntTableData?species=Turkey&gender=Bearded
TK1001,SEPARATE_PRIVATE_LAND_LANDOWNER_LAYER,CLOSED_SEPARATE_LAYER,no,Current Hunt Planner private-land/landowner family; separate from comparable BIBLE draw-results core.,LIVE_2026_NOT_IN_2025_BIBLE,PRIVATE_LAND_OR_LANDOWNER_CURRENT_PLANNER,TK,,no,no,yes,yes,OK,LIVE_AND_DATABASE,MATCH,LIVE_DWR_TOTAL_ONLY,Northern Region - Private land only,Turkey,Either Sex,Any Legal Weapon,Fall Management,,,2060,,,2060,no,no,no,no,,,,HIGH_CONFIRMED_2PLUS,HANUMBER,2060,PROMOTE_CANDIDATE_AFTER_REVIEW,https://dwrapps.utah.gov/huntboundary/HuntTableData?species=Turkey&gender=Either+Sex
TK1003,CORE_DRAW_RESULTS_CONTINUING,CLOSED_CORE,yes,Present in 2025 BIBLE and fresh 2026 DWR Hunt Planner table.,LIVE_2026_AND_2025_BIBLE,CONTINUITY,TK,2020|2021|2022|2023|2024|2025,yes,no,yes,yes,OK,LIVE_AND_DATABASE,MATCH,LIVE_DWR_TOTAL_ONLY,Central Area,Turkey,Bearded,Any Legal Weapon,Limited Entry,,,600,,,600,no,no,no,no,,,,HIGH_CONFIRMED_2PLUS,HANUMBER,600,PROMOTE_CANDIDATE_AFTER_REVIEW,https://dwrapps.utah.gov/huntboundary/HuntTableData?species=Turkey&gender=Bearded
TK1004,CORE_DRAW_RESULTS_CONTINUING,CLOSED_CORE,yes,Present in 2025 BIBLE and fresh 2026 DWR Hunt Planner table.,LIVE_2026_AND_2025_BIBLE,CONTINUITY,TK,2020|2021|2022|2023|2024|2025,yes,no,yes,yes,OK,LIVE_AND_DATABASE,MATCH,LIVE_DWR_TOTAL_ONLY,Northeastern Area,Turkey,Bearded,Any Legal Weapon,Limited Entry,,,347,,,347,no,no,no,no,,,,HIGH_CONFIRMED_2PLUS,HANUMBER,347,PROMOTE_CANDIDATE_AFTER_REVIEW,https://dwrapps.utah.gov/huntboundary/HuntTableData?species=Turkey&gender=Bearded
TK1005,CORE_DRAW_RESULTS_CONTINUING,CLOSED_CORE,yes,Present in 2025 BIBLE and fresh 2026 DWR Hunt Planner table.,LIVE_2026_AND_2025_BIBLE,CONTINUITY,TK,2020|2021|2022|2023|2024|2025,yes,no,yes,yes,OK,LIVE_AND_DATABASE,MATCH,LIVE_DWR_TOTAL_ONLY,Northern Area,Turkey,Bearded,Any Legal Weapon,Limited Entry,,,500,,,500,no,no,no,no,,,,HIGH_CONFIRMED_2PLUS,HANUMBER,500,PROMOTE_CANDIDATE_AFTER_REVIEW,https://dwrapps.utah.gov/huntboundary/HuntTableData?species=Turkey&gender=Bearded
TK1006,CORE_DRAW_RESULTS_CONTINUING,CLOSED_CORE,yes,Present in 2025 BIBLE and fresh 2026 DWR Hunt Planner table.,LIVE_2026_AND_2025_BIBLE,CONTINUITY,TK,2020|2021|2022|2023|2024|2025,yes,no,yes,yes,OK,LIVE_AND_DATABASE,MATCH,LIVE_DWR_TOTAL_ONLY,Southeastern Area,Turkey,Bearded,Any Legal Weapon,Limited Entry,,,250,,,250,no,no,no,no,,,,HIGH_CONFIRMED_2PLUS,HANUMBER,250,PROMOTE_CANDIDATE_AFTER_REVIEW,https://dwrapps.utah.gov/huntboundary/HuntTableData?species=Turkey&gender=Bearded
TK1007,CORE_DRAW_RESULTS_CONTINUING,CLOSED_CORE,yes,Present in 2025 BIBLE and fresh 2026 DWR Hunt Planner table.,LIVE_2026_AND_2025_BIBLE,CONTINUITY,TK,2020|2021|2022|2023|2024|2025,yes,no,yes,yes,OK,LIVE_AND_DATABASE,MATCH,LIVE_DWR_TOTAL_ONLY,Southern Area,Turkey,Bearded,Any Legal Weapon,Limited Entry,,,542,,,542,no,no,no,no,,,,HIGH_CONFIRMED_2PLUS,HANUMBER,542,PROMOTE_CANDIDATE_AFTER_REVIEW,https://dwrapps.utah.gov/huntboundary/HuntTableData?species=Turkey&gender=Bearded
TK1012,SEPARATE_CONSERVATION_LAYER,CLOSED_SEPARATE_LAYER,no,"Conservation permit family; use separate conservation layer, not core-count inflation.",LIVE_2026_NOT_IN_2025_BIBLE,CONSERVATION_CURRENT_PLANNER,TK,,no,no,yes,yes,OK,LIVE_AND_DATABASE,LIVE_NO_QUOTA_DATABASE_PRESERVED,LIVE_DWR_NO_QUOTA_PUBLISHED,Central Area,Turkey,Bearded,Any Legal Weapon,Conservation,,,,,,8,no,no,yes,yes,CONSERVATION_PERMITS_DIRECT,SOURCE_MATCHES_DATABASE,,REVIEW_REQUIRED,NONE_EXTERNAL_DATABASE_REFERENCE_ONLY,,FIND_EXTERNAL_SOURCE_BEFORE_PROMOTION,https://dwrapps.utah.gov/huntboundary/HuntTableData?species=Turkey&gender=Bearded
TK1013,SEPARATE_CONSERVATION_LAYER,CLOSED_SEPARATE_LAYER,no,"Conservation permit family; use separate conservation layer, not core-count inflation.",LIVE_2026_NOT_IN_2025_BIBLE,CONSERVATION_CURRENT_PLANNER,TK,,no,no,yes,yes,OK,LIVE_AND_DATABASE,LIVE_NO_QUOTA_DATABASE_PRESERVED,LIVE_DWR_NO_QUOTA_PUBLISHED,Northeastern Area,Turkey,Bearded,Any Legal Weapon,Conservation,,,,,,8,no,no,yes,yes,CONSERVATION_PERMITS_DIRECT,SOURCE_MATCHES_DATABASE,,REVIEW_REQUIRED,NONE_EXTERNAL_DATABASE_REFERENCE_ONLY,,FIND_EXTERNAL_SOURCE_BEFORE_PROMOTION,https://dwrapps.utah.gov/huntboundary/HuntTableData?species=Turkey&gender=Bearded
TK1014,SEPARATE_CONSERVATION_LAYER,CLOSED_SEPARATE_LAYER,no,"Conservation permit family; use separate conservation layer, not core-count inflation.",LIVE_2026_NOT_IN_2025_BIBLE,CONSERVATION_CURRENT_PLANNER,TK,,no,no,yes,yes,OK,LIVE_AND_DATABASE,LIVE_NO_QUOTA_DATABASE_PRESERVED,LIVE_DWR_NO_QUOTA_PUBLISHED,Northern Area,Turkey,Bearded,Any Legal Weapon,Conservation,,,,,,8,no,no,yes,yes,CONSERVATION_PERMITS_DIRECT,SOURCE_MATCHES_DATABASE,,REVIEW_REQUIRED,NONE_EXTERNAL_DATABASE_REFERENCE_ONLY,,FIND_EXTERNAL_SOURCE_BEFORE_PROMOTION,https://dwrapps.utah.gov/huntboundary/HuntTableData?species=Turkey&gender=Bearded
TK1015,SEPARATE_CONSERVATION_LAYER,CLOSED_SEPARATE_LAYER,no,"Conservation permit family; use separate conservation layer, not core-count inflation.",LIVE_2026_NOT_IN_2025_BIBLE,CONSERVATION_CURRENT_PLANNER,TK,,no,no,yes,yes,OK,LIVE_AND_DATABASE,LIVE_NO_QUOTA_DATABASE_PRESERVED,LIVE_DWR_NO_QUOTA_PUBLISHED,Southeastern Area,Turkey,Bearded,Any Legal Weapon,Conservation,,,,,,8,no,no,yes,yes,CONSERVATION_PERMITS_DIRECT,SOURCE_MATCHES_DATABASE,,REVIEW_REQUIRED,NONE_EXTERNAL_DATABASE_REFERENCE_ONLY,,FIND_EXTERNAL_SOURCE_BEFORE_PROMOTION,https://dwrapps.utah.gov/huntboundary/HuntTableData?species=Turkey&gender=Bearded
TK1016,SEPARATE_CONSERVATION_LAYER,CLOSED_SEPARATE_LAYER,no,"Conservation permit family; use separate conservation layer, not core-count inflation.",LIVE_2026_NOT_IN_2025_BIBLE,CONSERVATION_CURRENT_PLANNER,TK,,no,no,yes,yes,OK,LIVE_AND_DATABASE,LIVE_NO_QUOTA_DATABASE_PRESERVED,LIVE_DWR_NO_QUOTA_PUBLISHED,Southern Area,Turkey,Bearded,Any Legal Weapon,Conservation,,,,,,8,no,no,yes,yes,CONSERVATION_PERMITS_DIRECT,SOURCE_MATCHES_DATABASE,,REVIEW_REQUIRED,NONE_EXTERNAL_DATABASE_REFERENCE_ONLY,,FIND_EXTERNAL_SOURCE_BEFORE_PROMOTION,https://dwrapps.utah.gov/huntboundary/HuntTableData?species=Turkey&gender=Bearded
TK1018,CORE_DRAW_RESULTS_CONTINUING,CLOSED_CORE,yes,Present in 2025 BIBLE and fresh 2026 DWR Hunt Planner table.,LIVE_2026_AND_2025_BIBLE,CONTINUITY,TK,2020|2021|2022|2023|2024|2025,yes,no,yes,yes,OK,LIVE_AND_DATABASE,MATCH,LIVE_DWR_CWMU_TOTAL_ONLY_FROM_QUOTA_RES,Pahvant Ensign CWMU,Turkey,Bearded,Any Legal Weapon,CWMU,,,6,,,6,no,no,no,no,,,,HIGH_CONFIRMED_2PLUS,HANUMBER,6,PROMOTE_CANDIDATE_AFTER_REVIEW,https://dwrapps.utah.gov/huntboundary/HuntTableData?species=Turkey&gender=Bearded
TK1019,CURRENT_PLANNER_EXTRA_WITH_MULTI_SOURCE_PERMIT_SUPPORT,REVIEW,maybe,"Not in 2025 BIBLE, but current permit evidence is multi-source/total-confirmed.",LIVE_2026_NOT_IN_2025_BIBLE,OTHER_CURRENT_PLANNER_NOT_IN_2025_BIBLE,TK,,no,no,yes,yes,OK,LIVE_AND_DATABASE,MATCH,LIVE_DWR_TOTAL_ONLY,Southeastern Region - Select areas only,Turkey,Either Sex,Any Legal Weapon,Fall Management,,,66,,,66,no,no,no,no,,,,HIGH_CONFIRMED_2PLUS,HANUMBER,66,PROMOTE_CANDIDATE_AFTER_REVIEW,https://dwrapps.utah.gov/huntboundary/HuntTableData?species=Turkey&gender=Either+Sex
TK1020,SEPARATE_PRIVATE_LAND_LANDOWNER_LAYER,CLOSED_SEPARATE_LAYER,no,Current Hunt Planner private-land/landowner family; separate from comparable BIBLE draw-results core.,LIVE_2026_NOT_IN_2025_BIBLE,PRIVATE_LAND_OR_LANDOWNER_CURRENT_PLANNER,TK,,no,no,yes,yes,OK,LIVE_AND_DATABASE,MATCH,LIVE_DWR_TOTAL_ONLY,Central Region - Private land only,Turkey,Either Sex,Any Legal Weapon,Fall Management,,,800,,,800,no,no,no,no,,,,HIGH_CONFIRMED_2PLUS,HANUMBER,800,PROMOTE_CANDIDATE_AFTER_REVIEW,https://dwrapps.utah.gov/huntboundary/HuntTableData?species=Turkey&gender=Either+Sex
TK1021,CORE_DRAW_RESULTS_CONTINUING,CLOSED_CORE,yes,Present in 2025 BIBLE and fresh 2026 DWR Hunt Planner table.,LIVE_2026_AND_2025_BIBLE,CONTINUITY,TK,2022|2023|2024|2025,yes,no,yes,yes,OK,LIVE_AND_DATABASE,MATCH,LIVE_DWR_CWMU_TOTAL_ONLY_FROM_QUOTA_RES,East Zion CWMU,Turkey,Bearded,Any Legal Weapon,CWMU,,,4,,,4,no,no,no,no,,,,HIGH_CONFIRMED_2PLUS,HANUMBER,4,PROMOTE_CANDIDATE_AFTER_REVIEW,https://dwrapps.utah.gov/huntboundary/HuntTableData?species=Turkey&gender=Bearded
TK1022,CURRENT_PLANNER_EXTRA_WITH_MULTI_SOURCE_PERMIT_SUPPORT,REVIEW,maybe,"Not in 2025 BIBLE, but current permit evidence is multi-source/total-confirmed.",LIVE_2026_NOT_IN_2025_BIBLE,OTHER_CURRENT_PLANNER_NOT_IN_2025_BIBLE,TK,,no,no,yes,yes,OK,LIVE_AND_DATABASE,MATCH,LIVE_DWR_TOTAL_ONLY,Southern Region - Select areas only,Turkey,Either Sex,Any Legal Weapon,Fall Management,,,155,,,155,no,no,no,no,,,,HIGH_CONFIRMED_2PLUS,HANUMBER,155,PROMOTE_CANDIDATE_AFTER_REVIEW,https://dwrapps.utah.gov/huntboundary/HuntTableData?species=Turkey&gender=Either+Sex
