hunt_code,hunt_name,species,sex_type,hunt_type,universe_status,delete_recommendation,successor_hunt_code,permit_allotment_2026_res,permit_allotment_2026_nr,permit_allotment_2026_total,permit_allotment_2026_status,notes
BI1000,Bison - Statewide Permit,Bison,Hunters Choice,Statewide,ACTIVE_RECONCILIATION_ROW,KEEP,,,,1,RECONCILED_2026_RECOMMENDED_TOTAL_ONLY,Included in active 2026 permit reconciliation union.
BI6500,Antelope Island,Bison,Hunters Choice,Once-in-a-lifetime,ACTIVE_RECONCILIATION_ROW,KEEP,,2.0,0.0,2,LIVE_DWR_RES_NR_SPLIT,Included in active 2026 permit reconciliation union.
BI6503,Henry Mtns,Bison,Hunters Choice,Once-in-a-lifetime,ACTIVE_RECONCILIATION_ROW,KEEP,,4.0,2.0,6,LIVE_DWR_RES_NR_SPLIT,Included in active 2026 permit reconciliation union.
BI6504,Henry Mtns,Bison,Hunters Choice,Once-in-a-lifetime,ACTIVE_RECONCILIATION_ROW,KEEP,,5.0,2.0,7,LIVE_DWR_RES_NR_SPLIT,Included in active 2026 permit reconciliation union.
BI6505,Henry Mtns,Bison,Female Only,Once-in-a-lifetime,ACTIVE_RECONCILIATION_ROW,KEEP,,8.0,3.0,11,RAC_CURRENT_YEAR_SPLIT,Included in active 2026 permit reconciliation union.
BI6506,Henry Mtns,Bison,Female Only,Once-in-a-lifetime,ACTIVE_RECONCILIATION_ROW,KEEP,,11.0,0.0,11,RAC_CURRENT_YEAR_SPLIT,Included in active 2026 permit reconciliation union.
BI6509,Henry Mtns,Bison,Hunters Choice,Once-in-a-lifetime,ACTIVE_RECONCILIATION_ROW,KEEP,,5.0,0.0,5,LIVE_DWR_RES_NR_SPLIT,Included in active 2026 permit reconciliation union.
BI6516,Henry Mtns,Bison,Hunters Choice,Once-in-a-lifetime,ACTIVE_RECONCILIATION_ROW,KEEP,,6.0,0.0,6,LIVE_DWR_RES_NR_SPLIT,Included in active 2026 permit reconciliation union.
BI6527,Nine Mile,Bison,Hunters Choice,General Season,ACTIVE_RECONCILIATION_ROW,KEEP,,,,,NO_QUOTA_PUBLISHED,Included in active 2026 permit reconciliation union.
BI6528,"Book Cliffs, Little Creek/South",Bison,Hunters Choice,Once-in-a-lifetime,ACTIVE_RECONCILIATION_ROW,KEEP,,6.0,0.0,6,LIVE_DWR_RES_NR_SPLIT,Included in active 2026 permit reconciliation union.
BI6529,"Book Cliffs, Little Creek/South",Bison,Female Only,Once-in-a-lifetime,ACTIVE_RECONCILIATION_ROW,KEEP,,8.0,0.0,8,RAC_CURRENT_YEAR_SPLIT,Included in active 2026 permit reconciliation union.
BI6530,"Book Cliffs, Little Creek/South",Bison,Hunters Choice,Once-in-a-lifetime,ACTIVE_RECONCILIATION_ROW,KEEP,,3.0,1.0,4,HISTORICAL_2025_ONLY_NOT_ACTIVE_2026,Included in active 2026 permit reconciliation union.
BI6531,"Book Cliffs, Little Creek/South",Bison,Hunters Choice,Once-in-a-lifetime,ACTIVE_RECONCILIATION_ROW,KEEP,,10.0,0.0,10,LIVE_DWR_RES_NR_SPLIT,Included in active 2026 permit reconciliation union.
BI6532,"Book Cliffs, Bitter Creek",Bison,Hunters Choice,Once-in-a-lifetime,ACTIVE_RECONCILIATION_ROW,KEEP,,6.0,0.0,6,LIVE_DWR_RES_NR_SPLIT,Included in active 2026 permit reconciliation union.
BI6534,"Book Cliffs, Bitter Creek",Bison,Hunters Choice,Once-in-a-lifetime,ACTIVE_RECONCILIATION_ROW,KEEP,,10.0,0.0,10,LIVE_DWR_RES_NR_SPLIT,Included in active 2026 permit reconciliation union.
BI6535,"Book Cliffs, Bitter Creek",Bison,Hunters Choice,Once-in-a-lifetime,ACTIVE_RECONCILIATION_ROW,KEEP,,8.0,0.0,8,LIVE_DWR_RES_NR_SPLIT,Included in active 2026 permit reconciliation union.
BI6536,"Book Cliffs, Bitter Creek",Bison,Female Only,Once-in-a-lifetime,ACTIVE_RECONCILIATION_ROW,KEEP,,15.0,0.0,15,RAC_CURRENT_YEAR_SPLIT,Included in active 2026 permit reconciliation union.
BI6537,"Book Cliffs, Little Creek/South",Bison,Hunters Choice,Once-in-a-lifetime,ACTIVE_RECONCILIATION_ROW,KEEP,,8.0,7.0,15,LIVE_DWR_RES_NR_SPLIT,Included in active 2026 permit reconciliation union.
BI6538,"Nine Mile, Private Lands Only",Bison,Hunters Choice,General Season,ACTIVE_RECONCILIATION_ROW,KEEP,,,,,NO_QUOTA_PUBLISHED,Included in active 2026 permit reconciliation union.
BI6539,Henry Mtns,Bison,Female Only,Once-in-a-lifetime,ACTIVE_RECONCILIATION_ROW,KEEP,,11.0,0.0,11,RAC_CURRENT_YEAR_SPLIT,Included in active 2026 permit reconciliation union.
BR1000,Black Bear - Statewide Permit,Black Bear,Either Sex,Statewide,ACTIVE_RECONCILIATION_ROW,KEEP,,,,1,RECONCILED_2026_RECOMMENDED_TOTAL_ONLY,Included in active 2026 permit reconciliation union.
BR1001,Black Bear Harvest Objective Units,Black Bear,Either Sex,Harvest Objective,ACTIVE_RECONCILIATION_ROW,KEEP,,,,,,Included in active 2026 permit reconciliation union.
BR1007,Black Bear Pursuit - Resident,Black Bear,Either Sex,Pursuit,ACTIVE_RECONCILIATION_ROW,KEEP,,,,,,Included in active 2026 permit reconciliation union.
BR1008,Book Cliffs,Black Bear,Either Sex,Restricted Pursuit - Summer,ACTIVE_RECONCILIATION_ROW,KEEP,,26.0,2.0,28,LIVE_DWR_RES_NR_SPLIT,Included in active 2026 permit reconciliation union.
BR1009,La Sal,Black Bear,Either Sex,Restricted Pursuit - Summer,ACTIVE_RECONCILIATION_ROW,KEEP,,14.0,1.0,15,LIVE_DWR_RES_NR_SPLIT,Included in active 2026 permit reconciliation union.
BR1010,San Juan,Black Bear,Either Sex,Restricted Pursuit - Summer,ACTIVE_RECONCILIATION_ROW,KEEP,,14.0,1.0,15,LIVE_DWR_RES_NR_SPLIT,Included in active 2026 permit reconciliation union.
BR1011,Book Cliffs,Black Bear,Either Sex,Restricted Pursuit - Late Summer,ACTIVE_RECONCILIATION_ROW,KEEP,,26.0,2.0,28,LIVE_DWR_RES_NR_SPLIT,Included in active 2026 permit reconciliation union.
BR1012,La Sal,Black Bear,Either Sex,Restricted Pursuit - Late Summer,ACTIVE_RECONCILIATION_ROW,KEEP,,14.0,1.0,15,LIVE_DWR_RES_NR_SPLIT,Included in active 2026 permit reconciliation union.
BR1013,San Juan,Black Bear,Either Sex,Restricted Pursuit - Late Summer,ACTIVE_RECONCILIATION_ROW,KEEP,,14.0,1.0,15,LIVE_DWR_RES_NR_SPLIT,Included in active 2026 permit reconciliation union.
BR1015,Book Cliffs,Black Bear,Either Sex,Restricted Pursuit - Spring,ACTIVE_RECONCILIATION_ROW,KEEP,,0.0,2.0,2,LIVE_DWR_RES_NR_SPLIT,Included in active 2026 permit reconciliation union.
BR1016,San Juan,Black Bear,Either Sex,Restricted Pursuit - Spring,ACTIVE_RECONCILIATION_ROW,KEEP,,0.0,2.0,2,LIVE_DWR_RES_NR_SPLIT,Included in active 2026 permit reconciliation union.
BR1017,La Sal,Black Bear,Either Sex,Restricted Pursuit - Spring,ACTIVE_RECONCILIATION_ROW,KEEP,,0.0,2.0,2,LIVE_DWR_RES_NR_SPLIT,Included in active 2026 permit reconciliation union.
BR1018,Black Bear Pursuit - Nonresident,Black Bear,Either Sex,Pursuit,ACTIVE_RECONCILIATION_ROW,KEEP,,,,,,Included in active 2026 permit reconciliation union.
BR7000,Beaver,Black Bear,Either Sex,Limited Entry - Spring,ACTIVE_RECONCILIATION_ROW,KEEP,,9.0,1.0,10,LIVE_DWR_RES_NR_SPLIT,Included in active 2026 permit reconciliation union.
BR7001,Book Cliffs Bitter Creek/South,Black Bear,Either Sex,Limited Entry - Spring,ACTIVE_RECONCILIATION_ROW,KEEP,,49.0,5.0,54,LIVE_DWR_RES_NR_SPLIT,Included in active 2026 permit reconciliation union.
BR7003,Manti North,Black Bear,Either Sex,Limited Entry - Spring,ACTIVE_RECONCILIATION_ROW,KEEP,,17.0,2.0,19,LIVE_DWR_RES_NR_SPLIT,Included in active 2026 permit reconciliation union.
BR7004,Manti South/San Rafael North,Black Bear,Either Sex,Limited Entry - Spring,ACTIVE_RECONCILIATION_ROW,KEEP,,18.0,2.0,20,LIVE_DWR_RES_NR_SPLIT,Included in active 2026 permit reconciliation union.
BR7005,Nebo,Black Bear,Either Sex,Limited Entry - Spring,ACTIVE_RECONCILIATION_ROW,KEEP,,7.0,0.0,7,LIVE_DWR_RES_NR_SPLIT,Included in active 2026 permit reconciliation union.
BR7007,Fillmore Pahvant,Black Bear,Either Sex,Limited Entry - Spring,ACTIVE_RECONCILIATION_ROW,KEEP,,1.0,0.0,1,LIVE_DWR_RES_NR_SPLIT,Included in active 2026 permit reconciliation union.
BR7008,La Sal,Black Bear,Either Sex,Limited Entry - Spring,ACTIVE_RECONCILIATION_ROW,KEEP,,49.0,5.0,54,HISTORICAL_2025_ONLY_NOT_ACTIVE_2026,Included in active 2026 permit reconciliation union.
BR7009,Mt Dutton,Black Bear,Either Sex,Limited Entry - Spring,ACTIVE_RECONCILIATION_ROW,KEEP,,4.0,0.0,4,LIVE_DWR_RES_NR_SPLIT,Included in active 2026 permit reconciliation union.
BR7010,Panguitch Lake/Zion,Black Bear,Either Sex,Limited Entry - Spring,ACTIVE_RECONCILIATION_ROW,KEEP,,9.0,0.0,9,LIVE_DWR_RES_NR_SPLIT,Included in active 2026 permit reconciliation union.
BR7011,Paunsaugunt,Black Bear,Either Sex,Limited Entry - Spring,ACTIVE_RECONCILIATION_ROW,KEEP,,4.0,0.0,4,LIVE_DWR_RES_NR_SPLIT,Included in active 2026 permit reconciliation union.
BR7012,Boulder/Kaiparowits,Black Bear,Either Sex,Limited Entry - Spring,ACTIVE_RECONCILIATION_ROW,KEEP,,20.0,2.0,22,LIVE_DWR_RES_NR_SPLIT,Included in active 2026 permit reconciliation union.
BR7013,Fishlake/Thousand Lakes,Black Bear,Either Sex,Limited Entry - Spring,ACTIVE_RECONCILIATION_ROW,KEEP,,7.0,0.0,7,LIVE_DWR_RES_NR_SPLIT,Included in active 2026 permit reconciliation union.
BR7014,San Juan,Black Bear,Either Sex,Limited Entry - Spring,ACTIVE_RECONCILIATION_ROW,KEEP,,35.0,3.0,38,LIVE_DWR_RES_NR_SPLIT,Included in active 2026 permit reconciliation union.
BR7015,Diamond Mtn/Vernal/Bonanza,Black Bear,Either Sex,Limited Entry - Spring,ACTIVE_RECONCILIATION_ROW,KEEP,,7.0,0.0,7,LIVE_DWR_RES_NR_SPLIT,Included in active 2026 permit reconciliation union.
BR7016,Wasatch Mtns West-Central,Black Bear,Either Sex,Limited Entry - Spring,ACTIVE_RECONCILIATION_ROW,KEEP,,36.0,4.0,40,LIVE_DWR_RES_NR_SPLIT,Included in active 2026 permit reconciliation union.
BR7017,Cache/Ogden,Black Bear,Either Sex,Limited Entry - Spring,ACTIVE_RECONCILIATION_ROW,KEEP,,2.0,0.0,2,LIVE_DWR_RES_NR_SPLIT,Included in active 2026 permit reconciliation union.
BR7018,Kamas/North Slope Summit,Black Bear,Either Sex,Limited Entry - Spring,ACTIVE_RECONCILIATION_ROW,KEEP,,5.0,0.0,5,LIVE_DWR_RES_NR_SPLIT,Included in active 2026 permit reconciliation union.
BR7019,Chalk Creek/East Canyon/Morgan-South Rich,Black Bear,Either Sex,Limited Entry - Spring,ACTIVE_RECONCILIATION_ROW,KEEP,,,,,HISTORICAL_2025_ONLY_NOT_ACTIVE_2026,Included in active 2026 permit reconciliation union.
BR7020,Monroe,Black Bear,Either Sex,Limited Entry - Spring,ACTIVE_RECONCILIATION_ROW,KEEP,,1.0,0.0,1,LIVE_DWR_RES_NR_SPLIT,Included in active 2026 permit reconciliation union.
BR7021,Dolores Triangle,Black Bear,Either Sex,Limited Entry - Spring,ACTIVE_RECONCILIATION_ROW,KEEP,,2.0,0.0,2,LIVE_DWR_RES_NR_SPLIT,Included in active 2026 permit reconciliation union.
BR7022,La Sal Mtns,Black Bear,Either Sex,Limited Entry - Spring,ACTIVE_RECONCILIATION_ROW,KEEP,,40.0,3.0,43,LIVE_DWR_RES_NR_SPLIT,Included in active 2026 permit reconciliation union.
BR7100,Beaver,Black Bear,Either Sex,Limited Entry - Summer,ACTIVE_RECONCILIATION_ROW,KEEP,,9.0,1.0,10,LIVE_DWR_RES_NR_SPLIT,Included in active 2026 permit reconciliation union.
BR7101,Book Cliffs Bitter Creek/South,Black Bear,Either Sex,Limited Entry - Summer,ACTIVE_RECONCILIATION_ROW,KEEP,,14.0,1.0,15,LIVE_DWR_RES_NR_SPLIT,Included in active 2026 permit reconciliation union.
BR7102,Book Cliffs Little Creek Roadless,Black Bear,Either Sex,Limited Entry - Summer,ACTIVE_RECONCILIATION_ROW,KEEP,,5.0,0.0,5,LIVE_DWR_RES_NR_SPLIT,Included in active 2026 permit reconciliation union.
BR7104,Manti North,Black Bear,Either Sex,Limited Entry - Summer,ACTIVE_RECONCILIATION_ROW,KEEP,,17.0,1.0,18,LIVE_DWR_RES_NR_SPLIT,Included in active 2026 permit reconciliation union.
BR7105,Manti South/San Rafael North,Black Bear,Either Sex,Limited Entry - Summer,ACTIVE_RECONCILIATION_ROW,KEEP,,18.0,2.0,20,LIVE_DWR_RES_NR_SPLIT,Included in active 2026 permit reconciliation union.
BR7106,Nebo,Black Bear,Either Sex,Limited Entry - Summer,ACTIVE_RECONCILIATION_ROW,KEEP,,8.0,0.0,8,LIVE_DWR_RES_NR_SPLIT,Included in active 2026 permit reconciliation union.
BR7108,La Sal,Black Bear,Either Sex,Limited Entry - Summer,ACTIVE_RECONCILIATION_ROW,KEEP,,25.0,2.0,27,HISTORICAL_2025_ONLY_NOT_ACTIVE_2026,Included in active 2026 permit reconciliation union.
BR7109,Mt Dutton,Black Bear,Either Sex,Limited Entry - Summer,ACTIVE_RECONCILIATION_ROW,KEEP,,3.0,0.0,3,LIVE_DWR_RES_NR_SPLIT,Included in active 2026 permit reconciliation union.
BR7110,Nine Mile,Black Bear,Either Sex,Limited Entry - Summer,ACTIVE_RECONCILIATION_ROW,KEEP,,18.0,2.0,20,LIVE_DWR_RES_NR_SPLIT,Included in active 2026 permit reconciliation union.
BR7111,North Slope Three Corners/West Daggett,Black Bear,Either Sex,Limited Entry - Summer,ACTIVE_RECONCILIATION_ROW,KEEP,,1.0,0.0,1,LIVE_DWR_RES_NR_SPLIT,Included in active 2026 permit reconciliation union.
BR7112,Panguitch Lake/Zion,Black Bear,Either Sex,Limited Entry - Summer,ACTIVE_RECONCILIATION_ROW,KEEP,,5.0,0.0,5,LIVE_DWR_RES_NR_SPLIT,Included in active 2026 permit reconciliation union.
BR7113,Paunsaugunt,Black Bear,Either Sex,Limited Entry - Summer,ACTIVE_RECONCILIATION_ROW,KEEP,,3.0,0.0,3,LIVE_DWR_RES_NR_SPLIT,Included in active 2026 permit reconciliation union.
BR7114,Boulder/Kaiparowits,Black Bear,Either Sex,Limited Entry - Summer,ACTIVE_RECONCILIATION_ROW,KEEP,,13.0,1.0,14,LIVE_DWR_RES_NR_SPLIT,Included in active 2026 permit reconciliation union.
BR7115,Fishlake/Thousand Lakes,Black Bear,Either Sex,Limited Entry - Summer,ACTIVE_RECONCILIATION_ROW,KEEP,,7.0,0.0,7,LIVE_DWR_RES_NR_SPLIT,Included in active 2026 permit reconciliation union.
BR7116,San Juan,Black Bear,Either Sex,Limited Entry - Summer,ACTIVE_RECONCILIATION_ROW,KEEP,,22.0,2.0,24,LIVE_DWR_RES_NR_SPLIT,Included in active 2026 permit reconciliation union.
BR7117,Diamond Mtn/Vernal/Bonanza,Black Bear,Either Sex,Limited Entry - Summer,ACTIVE_RECONCILIATION_ROW,KEEP,,5.0,0.0,5,LIVE_DWR_RES_NR_SPLIT,Included in active 2026 permit reconciliation union.
BR7118,Yellowstone,Black Bear,Either Sex,Limited Entry - Summer,ACTIVE_RECONCILIATION_ROW,KEEP,,5.0,0.0,5,LIVE_DWR_RES_NR_SPLIT,Included in active 2026 permit reconciliation union.
BR7119,Wasatch Mtns Avintaquin/Currant Creek,Black Bear,Either Sex,Limited Entry - Summer,ACTIVE_RECONCILIATION_ROW,KEEP,,5.0,0.0,5,LIVE_DWR_RES_NR_SPLIT,Included in active 2026 permit reconciliation union.
BR7120,Wasatch Mtns West-Central,Black Bear,Either Sex,Limited Entry - Summer,ACTIVE_RECONCILIATION_ROW,KEEP,,22.0,1.0,23,LIVE_DWR_RES_NR_SPLIT,Included in active 2026 permit reconciliation union.
BR7121,Cache/Ogden,Black Bear,Either Sex,Limited Entry - Summer,ACTIVE_RECONCILIATION_ROW,KEEP,,4.0,0.0,4,LIVE_DWR_RES_NR_SPLIT,Included in active 2026 permit reconciliation union.
BR7122,Chalk Creek/East Canyon/Morgan-South Rich,Black Bear,Either Sex,Limited Entry - Summer,ACTIVE_RECONCILIATION_ROW,KEEP,,7.0,0.0,7,LIVE_DWR_RES_NR_SPLIT,Included in active 2026 permit reconciliation union.
BR7123,Kamas/North Slope Summit,Black Bear,Either Sex,Limited Entry - Summer,ACTIVE_RECONCILIATION_ROW,KEEP,,6.0,0.0,6,LIVE_DWR_RES_NR_SPLIT,Included in active 2026 permit reconciliation union.
BR7124,Fillmore Pahvant,Black Bear,Either Sex,Limited Entry - Summer,ACTIVE_RECONCILIATION_ROW,KEEP,,2.0,0.0,2,LIVE_DWR_RES_NR_SPLIT,Included in active 2026 permit reconciliation union.
BR7125,Monroe,Black Bear,Either Sex,Limited Entry - Summer,ACTIVE_RECONCILIATION_ROW,KEEP,,1.0,0.0,1,LIVE_DWR_RES_NR_SPLIT,Included in active 2026 permit reconciliation union.
BR7126,Dolores Triangle,Black Bear,Either Sex,Limited Entry - Summer,ACTIVE_RECONCILIATION_ROW,KEEP,,6.0,0.0,6,LIVE_DWR_RES_NR_SPLIT,Included in active 2026 permit reconciliation union.
BR7127,La Sal Mtns,Black Bear,Either Sex,Limited Entry - Summer,ACTIVE_RECONCILIATION_ROW,KEEP,,25.0,2.0,27,LIVE_DWR_RES_NR_SPLIT,Included in active 2026 permit reconciliation union.
BR7200,Beaver,Black Bear,Either Sex,Limited Entry - Fall,ACTIVE_RECONCILIATION_ROW,KEEP,,9.0,1.0,10,LIVE_DWR_RES_NR_SPLIT,Included in active 2026 permit reconciliation union.
BR7201,Book Cliffs Bitter Creek/South,Black Bear,Either Sex,Limited Entry - Fall,ACTIVE_RECONCILIATION_ROW,KEEP,,18.0,2.0,20,LIVE_DWR_RES_NR_SPLIT,Included in active 2026 permit reconciliation union.
BR7203,Manti North,Black Bear,Either Sex,Limited Entry - Fall,ACTIVE_RECONCILIATION_ROW,KEEP,,10.0,1.0,11,LIVE_DWR_RES_NR_SPLIT,Included in active 2026 permit reconciliation union.
BR7204,Manti South/San Rafael North,Black Bear,Either Sex,Limited Entry - Fall,ACTIVE_RECONCILIATION_ROW,KEEP,,18.0,2.0,20,LIVE_DWR_RES_NR_SPLIT,Included in active 2026 permit reconciliation union.
BR7205,Nebo,Black Bear,Either Sex,Limited Entry - Fall,ACTIVE_RECONCILIATION_ROW,KEEP,,5.0,0.0,5,LIVE_DWR_RES_NR_SPLIT,Included in active 2026 permit reconciliation union.
BR7207,Fillmore Pahvant,Black Bear,Either Sex,Limited Entry - Fall,ACTIVE_RECONCILIATION_ROW,KEEP,,1.0,0.0,1,LIVE_DWR_RES_NR_SPLIT,Included in active 2026 permit reconciliation union.
BR7208,La Sal,Black Bear,Either Sex,Limited Entry - Fall,ACTIVE_RECONCILIATION_ROW,KEEP,,6.0,0,6,RECONCILED_2026_TOTAL_MATCH_SPLIT_FILLED,Included in active 2026 permit reconciliation union.
BR7210,Mt Dutton,Black Bear,Either Sex,Limited Entry - Fall,ACTIVE_RECONCILIATION_ROW,KEEP,,3.0,0.0,3,LIVE_DWR_RES_NR_SPLIT,Included in active 2026 permit reconciliation union.
BR7211,Nine Mile,Black Bear,Either Sex,Limited Entry - Fall,ACTIVE_RECONCILIATION_ROW,KEEP,,26.0,3.0,29,LIVE_DWR_RES_NR_SPLIT,Included in active 2026 permit reconciliation union.
BR7212,North Slope Three Corners/West Daggett,Black Bear,Either Sex,Limited Entry - Fall,ACTIVE_RECONCILIATION_ROW,KEEP,,2.0,0.0,2,LIVE_DWR_RES_NR_SPLIT,Included in active 2026 permit reconciliation union.
BR7213,Panguitch Lake/Zion,Black Bear,Either Sex,Limited Entry - Fall,ACTIVE_RECONCILIATION_ROW,KEEP,,9.0,0.0,9,LIVE_DWR_RES_NR_SPLIT,Included in active 2026 permit reconciliation union.
BR7214,Paunsaugunt,Black Bear,Either Sex,Limited Entry - Fall,ACTIVE_RECONCILIATION_ROW,KEEP,,4.0,0.0,4,LIVE_DWR_RES_NR_SPLIT,Included in active 2026 permit reconciliation union.
BR7215,Boulder/Kaiparowits,Black Bear,Either Sex,Limited Entry - Fall,ACTIVE_RECONCILIATION_ROW,KEEP,,9.0,1.0,10,LIVE_DWR_RES_NR_SPLIT,Included in active 2026 permit reconciliation union.
BR7216,Fishlake/Thousand Lakes,Black Bear,Either Sex,Limited Entry - Fall,ACTIVE_RECONCILIATION_ROW,KEEP,,5.0,0.0,5,LIVE_DWR_RES_NR_SPLIT,Included in active 2026 permit reconciliation union.
BR7217,San Juan,Black Bear,Either Sex,Limited Entry - Fall,ACTIVE_RECONCILIATION_ROW,KEEP,,6.0,0.0,6,LIVE_DWR_RES_NR_SPLIT,Included in active 2026 permit reconciliation union.
BR7218,Diamond Mtn/Vernal/Bonanza,Black Bear,Either Sex,Limited Entry - Fall,ACTIVE_RECONCILIATION_ROW,KEEP,,7.0,0.0,7,LIVE_DWR_RES_NR_SPLIT,Included in active 2026 permit reconciliation union.
BR7219,Yellowstone,Black Bear,Either Sex,Limited Entry - Fall,ACTIVE_RECONCILIATION_ROW,KEEP,,4.0,0.0,4,LIVE_DWR_RES_NR_SPLIT,Included in active 2026 permit reconciliation union.
BR7220,Wasatch Mtns Avintaquin/Currant Creek,Black Bear,Either Sex,Limited Entry - Fall,ACTIVE_RECONCILIATION_ROW,KEEP,,9.0,0.0,9,LIVE_DWR_RES_NR_SPLIT,Included in active 2026 permit reconciliation union.
BR7221,Wasatch Mtns West-Central,Black Bear,Either Sex,Limited Entry - Fall,ACTIVE_RECONCILIATION_ROW,KEEP,,18.0,2.0,20,LIVE_DWR_RES_NR_SPLIT,Included in active 2026 permit reconciliation union.
BR7224,Book Cliffs Little Creek Roadless,Black Bear,Either Sex,Limited Entry - Spring,ACTIVE_RECONCILIATION_ROW,KEEP,,14.0,1.0,15,LIVE_DWR_RES_NR_SPLIT,Included in active 2026 permit reconciliation union.
BR7225,Book Cliffs Little Creek Roadless,Black Bear,Either Sex,Spot and Stalk,ACTIVE_RECONCILIATION_ROW,KEEP,,5.0,0.0,5,LIVE_DWR_RES_NR_SPLIT,Included in active 2026 permit reconciliation union.
BR7228,Cache/Ogden,Black Bear,Either Sex,Limited Entry - Fall,ACTIVE_RECONCILIATION_ROW,KEEP,,1.0,0.0,1,LIVE_DWR_RES_NR_SPLIT,Included in active 2026 permit reconciliation union.
BR7229,Kamas/North Slope Summit,Black Bear,Either Sex,Limited Entry - Fall,ACTIVE_RECONCILIATION_ROW,KEEP,,4.0,0.0,4,LIVE_DWR_RES_NR_SPLIT,Included in active 2026 permit reconciliation union.
BR7237,Monroe,Black Bear,Either Sex,Limited Entry - Fall,ACTIVE_RECONCILIATION_ROW,KEEP,,1.0,0.0,1,LIVE_DWR_RES_NR_SPLIT,Included in active 2026 permit reconciliation union.
BR7238,Dolores Triangle,Black Bear,Either Sex,Limited Entry - Fall,ACTIVE_RECONCILIATION_ROW,KEEP,,2.0,0.0,2,LIVE_DWR_RES_NR_SPLIT,Included in active 2026 permit reconciliation union.
BR7239,La Sal Mtns,Black Bear,Either Sex,Limited Entry - Fall,ACTIVE_RECONCILIATION_ROW,KEEP,,6.0,0.0,6,LIVE_DWR_RES_NR_SPLIT,Included in active 2026 permit reconciliation union.
BR7300,Book Cliffs Bitter Creek/South,Black Bear,Either Sex,Limited Entry - Multiseason,ACTIVE_RECONCILIATION_ROW,KEEP,,9.0,1.0,10,LIVE_DWR_RES_NR_SPLIT,Included in active 2026 permit reconciliation union.
BR7301,Book Cliffs Little Creek Roadless,Black Bear,Either Sex,Limited Entry - Multiseason,ACTIVE_RECONCILIATION_ROW,KEEP,,5.0,0.0,5,LIVE_DWR_RES_NR_SPLIT,Included in active 2026 permit reconciliation union.
BR7303,Manti North,Black Bear,Either Sex,Limited Entry - Multiseason,ACTIVE_RECONCILIATION_ROW,KEEP,,13.0,1.0,14,LIVE_DWR_RES_NR_SPLIT,Included in active 2026 permit reconciliation union.
BR7304,Manti South/San Rafael North,Black Bear,Either Sex,Limited Entry - Multiseason,ACTIVE_RECONCILIATION_ROW,KEEP,,18.0,2.0,20,LIVE_DWR_RES_NR_SPLIT,Included in active 2026 permit reconciliation union.
BR7305,Nebo,Black Bear,Either Sex,Limited Entry - Multiseason,ACTIVE_RECONCILIATION_ROW,KEEP,,5.0,0.0,5,LIVE_DWR_RES_NR_SPLIT,Included in active 2026 permit reconciliation union.
BR7307,La Sal,Black Bear,Either Sex,Multiseason - Conservation,ACTIVE_RECONCILIATION_ROW,KEEP,,,,4,TOTAL_ONLY,Included in active 2026 permit reconciliation union.
BR7308,North Slope Three Corners/West Daggett,Black Bear,Either Sex,Limited Entry - Multiseason,ACTIVE_RECONCILIATION_ROW,KEEP,,1.0,0.0,1,LIVE_DWR_RES_NR_SPLIT,Included in active 2026 permit reconciliation union.
BR7309,Panguitch Lake/Zion,Black Bear,Either Sex,Limited Entry - Multiseason,ACTIVE_RECONCILIATION_ROW,KEEP,,4.0,0.0,4,LIVE_DWR_RES_NR_SPLIT,Included in active 2026 permit reconciliation union.
BR7310,Boulder/Kaiparowits,Black Bear,Either Sex,Limited Entry - Multiseason,ACTIVE_RECONCILIATION_ROW,KEEP,,10.0,1.0,11,LIVE_DWR_RES_NR_SPLIT,Included in active 2026 permit reconciliation union.
BR7311,Fishlake/Thousand Lakes,Black Bear,Either Sex,Limited Entry - Multiseason,ACTIVE_RECONCILIATION_ROW,KEEP,,3.0,0.0,3,LIVE_DWR_RES_NR_SPLIT,Included in active 2026 permit reconciliation union.
BR7312,San Juan,Black Bear,Either Sex,Limited Entry - Multiseason,ACTIVE_RECONCILIATION_ROW,KEEP,,11.0,1.0,12,LIVE_DWR_RES_NR_SPLIT,Included in active 2026 permit reconciliation union.
BR7313,Diamond Mtn/Vernal/Bonanza,Black Bear,Either Sex,Limited Entry - Multiseason,ACTIVE_RECONCILIATION_ROW,KEEP,,5.0,0.0,5,LIVE_DWR_RES_NR_SPLIT,Included in active 2026 permit reconciliation union.
BR7314,Yellowstone,Black Bear,Either Sex,Limited Entry - Multiseason,ACTIVE_RECONCILIATION_ROW,KEEP,,3.0,0.0,3,LIVE_DWR_RES_NR_SPLIT,Included in active 2026 permit reconciliation union.
BR7315,Wasatch Mtns Avintaquin/Currant Creek,Black Bear,Either Sex,Limited Entry - Multiseason,ACTIVE_RECONCILIATION_ROW,KEEP,,3.0,0.0,3,LIVE_DWR_RES_NR_SPLIT,Included in active 2026 permit reconciliation union.
BR7316,Wasatch Mtns West-Central,Black Bear,Either Sex,Limited Entry - Multiseason,ACTIVE_RECONCILIATION_ROW,KEEP,,14.0,1.0,15,LIVE_DWR_RES_NR_SPLIT,Included in active 2026 permit reconciliation union.
BR7317,Nine Mile,Black Bear,Either Sex,Limited Entry - Multiseason,ACTIVE_RECONCILIATION_ROW,KEEP,,9.0,1.0,10,LIVE_DWR_RES_NR_SPLIT,Included in active 2026 permit reconciliation union.
BR7318,Beaver,Black Bear,Either Sex,Limited Entry - Multiseason,ACTIVE_RECONCILIATION_ROW,KEEP,,1.0,0.0,1,LIVE_DWR_RES_NR_SPLIT,Included in active 2026 permit reconciliation union.
BR7320,Cache/Ogden,Black Bear,Either Sex,Limited Entry - Multiseason,ACTIVE_RECONCILIATION_ROW,KEEP,,4.0,0.0,4,LIVE_DWR_RES_NR_SPLIT,Included in active 2026 permit reconciliation union.
BR7321,Kamas/North Slope Summit,Black Bear,Either Sex,Limited Entry - Multiseason,ACTIVE_RECONCILIATION_ROW,KEEP,,5.0,0.0,5,LIVE_DWR_RES_NR_SPLIT,Included in active 2026 permit reconciliation union.
BR7322,Mt Dutton,Black Bear,Either Sex,Limited Entry - Multiseason,ACTIVE_RECONCILIATION_ROW,KEEP,,1.0,0.0,1,LIVE_DWR_RES_NR_SPLIT,Included in active 2026 permit reconciliation union.
BR7323,Paunsaugunt,Black Bear,Either Sex,Limited Entry - Multiseason,ACTIVE_RECONCILIATION_ROW,KEEP,,1.0,0.0,1,LIVE_DWR_RES_NR_SPLIT,Included in active 2026 permit reconciliation union.
BR7324,Chalk Creek/East Canyon/Morgan-South Rich,Black Bear,Either Sex,Conservation,ACTIVE_RECONCILIATION_ROW,KEEP,,,,1,,Included in active 2026 permit reconciliation union.
BR7325,Chalk Creek/East Canyon/Morgan-South Rich,Black Bear,Either Sex,Limited Entry - Multiseason,ACTIVE_RECONCILIATION_ROW,KEEP,,1.0,0.0,1,LIVE_DWR_RES_NR_SPLIT,Included in active 2026 permit reconciliation union.
BR7326,La Sal Mtns,Black Bear,Either Sex,Limited Entry - Multiseason,ACTIVE_RECONCILIATION_ROW,KEEP,,13.0,1.0,14,LIVE_DWR_RES_NR_SPLIT,Included in active 2026 permit reconciliation union.
CG9999,Cougar - Statewide,Cougar,Either Sex,Statewide,ACTIVE_RECONCILIATION_ROW,KEEP,,,,unlimited,UNLIMITED_PERMITS,Included in active 2026 permit reconciliation union.
DA1001,"Box Elder, West Bear River",Deer,Antlerless,General Season,ACTIVE_RECONCILIATION_ROW,KEEP,,,,30,LIVE_DWR_TOTAL_ONLY,Included in active 2026 permit reconciliation union.
DA1002,"Box Elder, West Bear River",Deer,Antlerless,General Season,ACTIVE_RECONCILIATION_ROW,KEEP,,,,30,LIVE_DWR_TOTAL_ONLY,Included in active 2026 permit reconciliation union.
DA1003,"Monroe/Plateau, Sevier Valley",Deer,Antlerless,General Season,ACTIVE_RECONCILIATION_ROW,KEEP,,,,15,LIVE_DWR_TOTAL_ONLY,Included in active 2026 permit reconciliation union.
DA1009,"Pine Valley, Enterprise",Deer,Antlerless,General Season,ACTIVE_RECONCILIATION_ROW,KEEP,,,,20,RECONCILED_2026_DA_RECOMMENDED_USER_CONFIRMED,Included in active 2026 permit reconciliation union.
DA1011,George Creek CWMU,Deer,Antlerless,CWMU,ACTIVE_RECONCILIATION_ROW,KEEP,,5.0,0.0,5,DWR_HUNTPLANNER_CWMU_RES_NR_TOTAL_DERIVED,Included in active 2026 permit reconciliation union.
DA1012,Junction Valley CWMU,Deer,Antlerless,CWMU,ACTIVE_RECONCILIATION_ROW,KEEP,,15.0,0.0,15,DWR_HUNTPLANNER_CWMU_RES_NR_TOTAL_DERIVED,Included in active 2026 permit reconciliation union.
DA1013,Mt Carmel CWMU,Deer,Antlerless,CWMU,ACTIVE_RECONCILIATION_ROW,KEEP,,5.0,0.0,5,DWR_HUNTPLANNER_CWMU_RES_NR_TOTAL_DERIVED,Included in active 2026 permit reconciliation union.
DA1018,"Pine Valley, New Harmony",Deer,Antlerless,General Season,ACTIVE_RECONCILIATION_ROW,KEEP,,,,15,RECONCILED_2026_DA_RECOMMENDED_USER_CONFIRMED,Included in active 2026 permit reconciliation union.
DA1027,"East Canyon, Davis-North Salt Lake",Deer,Antlerless,General Season,ACTIVE_RECONCILIATION_ROW,KEEP,,,,30,LIVE_DWR_TOTAL_ONLY,Included in active 2026 permit reconciliation union.
DA1030,"Nine Mile, Price River Valley",Deer,Antlerless,General Season,ACTIVE_RECONCILIATION_ROW,KEEP,,,,25,LIVE_DWR_TOTAL_ONLY,Included in active 2026 permit reconciliation union.
DA1031,"Oquirrh-Stansbury, Settlement Cyn",Deer,Antlerless,General Season,ACTIVE_RECONCILIATION_ROW,KEEP,,,,20,LIVE_DWR_TOTAL_ONLY,Included in active 2026 permit reconciliation union.
DA1033,"San Juan, Monticello",Deer,Antlerless,General Season,ACTIVE_RECONCILIATION_ROW,KEEP,,,,10,RECONCILED_2026_DA_RECOMMENDED_USER_CONFIRMED,Included in active 2026 permit reconciliation union.
DA1041,"Nine Mile, Green River Valley",Deer,Antlerless,General Season,ACTIVE_RECONCILIATION_ROW,KEEP,,,,15,LIVE_DWR_TOTAL_ONLY,Included in active 2026 permit reconciliation union.
DA1042,"San Juan, Monticello",Deer,Antlerless,General Season,ACTIVE_RECONCILIATION_ROW,KEEP,,,,5,LIVE_DWR_TOTAL_ONLY,Included in active 2026 permit reconciliation union.
DA1044,Myton,Deer,Antlerless,General Season,ACTIVE_RECONCILIATION_ROW,KEEP,,,,50,HISTORICAL_2025_ONLY_NOT_ACTIVE_2026,Included in active 2026 permit reconciliation union.
DA1045,"Fillmore, Oak City",Deer,Antlerless,General Season,ACTIVE_RECONCILIATION_ROW,KEEP,,,,20,LIVE_DWR_TOTAL_ONLY,Included in active 2026 permit reconciliation union.
DA1046,"Nine Mile, Price River Valley",Deer,Antlerless,General Season,ACTIVE_RECONCILIATION_ROW,KEEP,,,,25,LIVE_DWR_TOTAL_ONLY,Included in active 2026 permit reconciliation union.
DA1047,Vernal-Ouray Valley,Deer,Antlerless,General Season,ACTIVE_RECONCILIATION_ROW,KEEP,,,,25,LIVE_DWR_TOTAL_ONLY,Included in active 2026 permit reconciliation union.
DA1048,Fillmore City,Deer,Antlerless,General Season,ACTIVE_RECONCILIATION_ROW,KEEP,,,,15,LIVE_DWR_TOTAL_ONLY,Included in active 2026 permit reconciliation union.
DA1049,"Vernal, Ashley Valley",Deer,Antlerless,General Season,ACTIVE_RECONCILIATION_ROW,KEEP,,,,35,LIVE_DWR_TOTAL_ONLY,Included in active 2026 permit reconciliation union.
DA1050,The Rose of Snowville CWMU,Deer,Antlerless,CWMU,ACTIVE_RECONCILIATION_ROW,KEEP,,8.0,0.0,8,DWR_HUNTPLANNER_CWMU_RES_NR_TOTAL_DERIVED,Included in active 2026 permit reconciliation union.
DA1051,Beaver City,Deer,Antlerless,General-Season,ACTIVE_RECONCILIATION_ROW,KEEP,,,,10,RECONCILED_2026_RECOMMENDED_TOTAL_ONLY,Included in active 2026 permit reconciliation union.
DB0001,Southeastern Navajo Buck Deer,Deer,Buck,Tribal,ACTIVE_RECONCILIATION_ROW,KEEP,,,,,,Included in active 2026 permit reconciliation union.
DB0002,Southeastern Navajo Buck Deer,Deer,Buck,Tribal,ACTIVE_RECONCILIATION_ROW,KEEP,,,,,,Included in active 2026 permit reconciliation union.
DB0003,Southeastern Navajo Buck Deer,Deer,Buck,Tribal,ACTIVE_RECONCILIATION_ROW,KEEP,,,,,,Included in active 2026 permit reconciliation union.
DB0004,Southern Navajo Buck Deer,Deer,Buck,Tribal,ACTIVE_RECONCILIATION_ROW,KEEP,,,,,,Included in active 2026 permit reconciliation union.
DB0005,Southern Navajo Buck Deer,Deer,Buck,Tribal,ACTIVE_RECONCILIATION_ROW,KEEP,,,,,,Included in active 2026 permit reconciliation union.
DB0006,Southern Navajo Buck Deer,Deer,Buck,Tribal,ACTIVE_RECONCILIATION_ROW,KEEP,,,,,,Included in active 2026 permit reconciliation union.
DB0007,Buck Deer - Statewide Permit,Deer,Buck,Statewide,ACTIVE_RECONCILIATION_ROW,KEEP,,,,1,,Included in active 2026 permit reconciliation union.
DB0008,Extended Archery Deer,Deer,Hunters Choice,Extended Archery,ACTIVE_RECONCILIATION_ROW,KEEP,,,,2000,LIVE_DWR_TOTAL_ONLY,Included in active 2026 permit reconciliation union.
DB0009,Antelope Island - Conservation/Expo,Deer,Buck,Premium Limited Entry,ACTIVE_RECONCILIATION_ROW,KEEP,,,,,,Included in active 2026 permit reconciliation union.
DB0010,Southern Paiute Buck Deer (early),Deer,Buck,Tribal,ACTIVE_RECONCILIATION_ROW,KEEP,,,,,,Included in active 2026 permit reconciliation union.
DB0011,Southern Paiute Buck Deer,Deer,Buck,Tribal,ACTIVE_RECONCILIATION_ROW,KEEP,,,,,,Included in active 2026 permit reconciliation union.
DB0012,Southern Paiute Buck Deer,Deer,Buck,Tribal,ACTIVE_RECONCILIATION_ROW,KEEP,,,,,,Included in active 2026 permit reconciliation union.
DB0013,Southern Paiute Buck Deer (late),Deer,Buck,Tribal,ACTIVE_RECONCILIATION_ROW,KEEP,,,,,,Included in active 2026 permit reconciliation union.
DB1000,Henry Mtns Premium,Deer,Buck,Premium Limited Entry,ACTIVE_RECONCILIATION_ROW,KEEP,,8.0,1.0,9,LIVE_DWR_RES_NR_SPLIT,Included in active 2026 permit reconciliation union.
DB1001,Paunsaugunt Premium,Deer,Buck,Premium Limited Entry,ACTIVE_RECONCILIATION_ROW,KEEP,,26.0,3.0,29,LIVE_DWR_RES_NR_SPLIT,Included in active 2026 permit reconciliation union.
DB1002,Antelope Island Premium,Deer,Buck,Premium Limited Entry,ACTIVE_RECONCILIATION_ROW,KEEP,,1.0,0.0,1,LIVE_DWR_RES_NR_SPLIT,Included in active 2026 permit reconciliation union.
DB1003,Henry Mtns Premium,Deer,Buck,Premium Limited Entry,ACTIVE_RECONCILIATION_ROW,KEEP,,24.0,3.0,27,LIVE_DWR_RES_NR_SPLIT,Included in active 2026 permit reconciliation union.
DB1004,Paunsaugunt Premium,Deer,Buck,Premium Limited Entry,ACTIVE_RECONCILIATION_ROW,KEEP,,75.0,8.0,83,LIVE_DWR_RES_NR_SPLIT,Included in active 2026 permit reconciliation union.
DB1005,Henry Mtns Premium,Deer,Buck,Premium Limited Entry,ACTIVE_RECONCILIATION_ROW,KEEP,,8.0,1.0,9,LIVE_DWR_RES_NR_SPLIT,Included in active 2026 permit reconciliation union.
DB1006,Paunsaugunt Premium,Deer,Buck,Premium Limited Entry,ACTIVE_RECONCILIATION_ROW,KEEP,,26.0,3.0,29,LIVE_DWR_RES_NR_SPLIT,Included in active 2026 permit reconciliation union.
DB1007,Henry Mtns Premium,Deer,Buck,Premium Limited Entry,ACTIVE_RECONCILIATION_ROW,KEEP,,1.0,0.0,1,LIVE_DWR_RES_NR_SPLIT,Included in active 2026 permit reconciliation union.
DB1008,Paunsaugunt Premium,Deer,Buck,Premium Limited Entry,ACTIVE_RECONCILIATION_ROW,KEEP,,3.0,1.0,4,LIVE_DWR_RES_NR_SPLIT,Included in active 2026 permit reconciliation union.
DB1009,Henry Mtns Management,Deer,Buck,Premium Limited Entry,ACTIVE_RECONCILIATION_ROW,KEEP,,10.0,1.0,11,LIVE_DWR_RES_NR_SPLIT,Included in active 2026 permit reconciliation union.
DB1010,Paunsaugunt Management,Deer,Buck,Premium Limited Entry,ACTIVE_RECONCILIATION_ROW,KEEP,,30.0,3.0,33,LIVE_DWR_RES_NR_SPLIT,Included in active 2026 permit reconciliation union.
DB1011,Book Cliffs,Deer,Buck,Limited Entry,ACTIVE_RECONCILIATION_ROW,KEEP,,55.0,6.0,61,LIVE_DWR_RES_NR_SPLIT,Included in active 2026 permit reconciliation union.
DB1012,"Fillmore, Oak Creek LE",Deer,Buck,Limited Entry,ACTIVE_RECONCILIATION_ROW,KEEP,,12.0,1.0,13,LIVE_DWR_RES_NR_SPLIT,Included in active 2026 permit reconciliation union.
DB1013,Dolores Triangle,Deer,Buck,Limited Entry,ACTIVE_RECONCILIATION_ROW,KEEP,,5.0,0.0,5,LIVE_DWR_RES_NR_SPLIT,Included in active 2026 permit reconciliation union.
DB1014,"San Juan, Elk Ridge",Deer,Buck,Limited Entry,ACTIVE_RECONCILIATION_ROW,KEEP,,15.0,2.0,17,LIVE_DWR_RES_NR_SPLIT,Included in active 2026 permit reconciliation union.
DB1015,Diamond Mtn,Deer,Buck,Limited Entry,ACTIVE_RECONCILIATION_ROW,KEEP,,22.0,2.0,24,LIVE_DWR_RES_NR_SPLIT,Included in active 2026 permit reconciliation union.
DB1016,"West Desert, Vernon",Deer,Buck,Limited Entry,ACTIVE_RECONCILIATION_ROW,KEEP,,46.0,5.0,51,LIVE_DWR_RES_NR_SPLIT,Included in active 2026 permit reconciliation union.
DB1017,"Book Cliffs, North",Deer,Buck,Limited Entry,ACTIVE_RECONCILIATION_ROW,KEEP,,137.0,15.0,152,LIVE_DWR_RES_NR_SPLIT,Included in active 2026 permit reconciliation union.
DB1018,"Book Cliffs, South",Deer,Buck,Limited Entry,ACTIVE_RECONCILIATION_ROW,KEEP,,34.0,4.0,38,LIVE_DWR_RES_NR_SPLIT,Included in active 2026 permit reconciliation union.
DB1019,"Fillmore, Oak Creek LE",Deer,Buck,Limited Entry,ACTIVE_RECONCILIATION_ROW,KEEP,,33.0,4.0,37,LIVE_DWR_RES_NR_SPLIT,Included in active 2026 permit reconciliation union.
DB1020,Dolores Triangle,Deer,Buck,Limited Entry,ACTIVE_RECONCILIATION_ROW,KEEP,,13.0,2.0,15,LIVE_DWR_RES_NR_SPLIT,Included in active 2026 permit reconciliation union.
DB1022,"San Juan, Elk Ridge",Deer,Buck,Limited Entry,ACTIVE_RECONCILIATION_ROW,KEEP,,42.0,5.0,47,LIVE_DWR_RES_NR_SPLIT,Included in active 2026 permit reconciliation union.
DB1023,Diamond Mtn,Deer,Buck,Limited Entry,ACTIVE_RECONCILIATION_ROW,KEEP,,61.0,7.0,68,LIVE_DWR_RES_NR_SPLIT,Included in active 2026 permit reconciliation union.
DB1024,"West Desert, Vernon",Deer,Buck,Limited Entry,ACTIVE_RECONCILIATION_ROW,KEEP,,130.0,14.0,144,LIVE_DWR_RES_NR_SPLIT,Included in active 2026 permit reconciliation union.
DB1025,Book Cliffs,Deer,Buck,Limited Entry,ACTIVE_RECONCILIATION_ROW,KEEP,,55.0,6.0,61,LIVE_DWR_RES_NR_SPLIT,Included in active 2026 permit reconciliation union.
DB1026,"Cache, Crawford Mtn",Deer,Buck,Limited Entry,ACTIVE_RECONCILIATION_ROW,KEEP,,8.0,1.0,9,LIVE_DWR_RES_NR_SPLIT,Included in active 2026 permit reconciliation union.
DB1028,Fillmore,Deer,Buck,Limited Entry,ACTIVE_RECONCILIATION_ROW,KEEP,,11.0,1.0,12,LIVE_DWR_RES_NR_SPLIT,Included in active 2026 permit reconciliation union.
DB1029,"Fillmore, Oak Creek LE",Deer,Buck,Limited Entry,ACTIVE_RECONCILIATION_ROW,KEEP,,12.0,1.0,13,LIVE_DWR_RES_NR_SPLIT,Included in active 2026 permit reconciliation union.
DB1030,Kamas,Deer,Buck,Limited Entry,ACTIVE_RECONCILIATION_ROW,KEEP,,4.0,1.0,5,LIVE_DWR_RES_NR_SPLIT,Included in active 2026 permit reconciliation union.
DB1031,Dolores Triangle,Deer,Buck,Limited Entry,ACTIVE_RECONCILIATION_ROW,KEEP,,5.0,0.0,5,LIVE_DWR_RES_NR_SPLIT,Included in active 2026 permit reconciliation union.
DB1032,Monroe,Deer,Buck,Limited Entry,ACTIVE_RECONCILIATION_ROW,KEEP,,5.0,1.0,6,LIVE_DWR_RES_NR_SPLIT,Included in active 2026 permit reconciliation union.
DB1033,Nine Mile,Deer,Buck,Limited Entry,ACTIVE_RECONCILIATION_ROW,KEEP,,6.0,1.0,7,LIVE_DWR_RES_NR_SPLIT,Included in active 2026 permit reconciliation union.
DB1034,Pine Valley,Deer,Buck,Limited Entry,ACTIVE_RECONCILIATION_ROW,KEEP,,13.0,2.0,15,LIVE_DWR_RES_NR_SPLIT,Included in active 2026 permit reconciliation union.
DB1036,Thousand Lakes,Deer,Buck,Limited Entry,ACTIVE_RECONCILIATION_ROW,KEEP,,4.0,1.0,5,HISTORICAL_2025_ONLY_NOT_ACTIVE_2026,Included in active 2026 permit reconciliation union.
DB1037,"San Juan, Elk Ridge",Deer,Buck,Limited Entry,ACTIVE_RECONCILIATION_ROW,KEEP,,15.0,2.0,17,LIVE_DWR_RES_NR_SPLIT,Included in active 2026 permit reconciliation union.
DB1038,Diamond Mtn,Deer,Buck,Limited Entry,ACTIVE_RECONCILIATION_ROW,KEEP,,22.0,2.0,24,LIVE_DWR_RES_NR_SPLIT,Included in active 2026 permit reconciliation union.
DB1039,Yellowstone,Deer,Buck,Limited Entry,ACTIVE_RECONCILIATION_ROW,KEEP,,6.0,1.0,7,LIVE_DWR_RES_NR_SPLIT,Included in active 2026 permit reconciliation union.
DB1040,Southwest Desert,Deer,Buck,Limited Entry,ACTIVE_RECONCILIATION_ROW,KEEP,,4.0,1.0,5,LIVE_DWR_RES_NR_SPLIT,Included in active 2026 permit reconciliation union.
DB1041,"Wasatch Mtns, East",Deer,Buck,Limited Entry,ACTIVE_RECONCILIATION_ROW,KEEP,,30.0,3.0,33,LIVE_DWR_RES_NR_SPLIT,Included in active 2026 permit reconciliation union.
DB1042,"West Desert, Vernon",Deer,Buck,Limited Entry,ACTIVE_RECONCILIATION_ROW,KEEP,,46.0,5.0,51,LIVE_DWR_RES_NR_SPLIT,Included in active 2026 permit reconciliation union.
DB1043,Zion,Deer,Buck,Limited Entry,ACTIVE_RECONCILIATION_ROW,KEEP,,15.0,2.0,17,LIVE_DWR_RES_NR_SPLIT,Included in active 2026 permit reconciliation union.
DB1044,Book Cliffs,Deer,Buck,Limited Entry,ACTIVE_RECONCILIATION_ROW,KEEP,,8.0,1.0,9,LIVE_DWR_RES_NR_SPLIT,Included in active 2026 permit reconciliation union.
DB1045,"Fillmore, Oak Creek LE",Deer,Buck,Limited Entry,ACTIVE_RECONCILIATION_ROW,KEEP,,2.0,0.0,2,LIVE_DWR_RES_NR_SPLIT,Included in active 2026 permit reconciliation union.
DB1046,"San Juan, Elk Ridge",Deer,Buck,Limited Entry,ACTIVE_RECONCILIATION_ROW,KEEP,,2.0,0.0,2,LIVE_DWR_RES_NR_SPLIT,Included in active 2026 permit reconciliation union.
DB1047,Diamond Mtn,Deer,Buck,Limited Entry,ACTIVE_RECONCILIATION_ROW,KEEP,,4.0,0.0,4,LIVE_DWR_RES_NR_SPLIT,Included in active 2026 permit reconciliation union.
DB1048,"West Desert, Vernon",Deer,Buck,Limited Entry,ACTIVE_RECONCILIATION_ROW,KEEP,,7.0,1.0,8,LIVE_DWR_RES_NR_SPLIT,Included in active 2026 permit reconciliation union.
DB1053,Mt Dutton,Deer,Buck,Limited Entry,ACTIVE_RECONCILIATION_ROW,KEEP,,4.0,1.0,5,LIVE_DWR_RES_NR_SPLIT,Included in active 2026 permit reconciliation union.
DB1054,Ogden,Deer,Buck,Limited Entry,ACTIVE_RECONCILIATION_ROW,KEEP,,13.0,1.0,14,LIVE_DWR_RES_NR_SPLIT,Included in active 2026 permit reconciliation union.
DB1055,Fishlake,Deer,Buck,Limited Entry,ACTIVE_RECONCILIATION_ROW,KEEP,,6.0,1.0,7,LIVE_DWR_RES_NR_SPLIT,Included in active 2026 permit reconciliation union.
DB1056,Book Cliffs (North & South),Deer,Buck,Conservation,ACTIVE_RECONCILIATION_ROW,KEEP,,,,4,,Included in active 2026 permit reconciliation union.
DB1058,Paunsaugunt Cactus,Deer,Buck,Premium Limited Entry,ACTIVE_RECONCILIATION_ROW,KEEP,,18.0,2.0,20,LIVE_DWR_RES_NR_SPLIT,Included in active 2026 permit reconciliation union.
DB1059,Beaver,Deer,Buck,Limited Entry,ACTIVE_RECONCILIATION_ROW,KEEP,,7.0,1.0,8,HISTORICAL_2025_ONLY_NOT_ACTIVE_2026,Included in active 2026 permit reconciliation union.
DB1065,North Slope,Deer,Buck,Limited Entry,ACTIVE_RECONCILIATION_ROW,KEEP,,14.0,2.0,16,LIVE_DWR_RES_NR_SPLIT,Included in active 2026 permit reconciliation union.
DB1073,Paunsaugunt Management,Deer,Buck,Premium Limited Entry,ACTIVE_RECONCILIATION_ROW,KEEP,,10.0,1.0,11,LIVE_DWR_RES_NR_SPLIT,Included in active 2026 permit reconciliation union.
DB1074,Paunsaugunt Management,Deer,Buck,Premium Limited Entry,ACTIVE_RECONCILIATION_ROW,KEEP,,10.0,1.0,11,LIVE_DWR_RES_NR_SPLIT,Included in active 2026 permit reconciliation union.
DB1075,Book Cliffs (North & South),Deer,Buck,Conservation,ACTIVE_RECONCILIATION_ROW,KEEP,,,,2,,Included in active 2026 permit reconciliation union.
DB1076,Book Cliffs (North & South),Deer,Buck,Conservation,ACTIVE_RECONCILIATION_ROW,KEEP,,,,2,,Included in active 2026 permit reconciliation union.
DB1077,Box Elder,Deer,Buck,Limited Entry,ACTIVE_RECONCILIATION_ROW,KEEP,,23.0,3.0,26,LIVE_DWR_RES_NR_SPLIT,Included in active 2026 permit reconciliation union.
DB1078,Cache,Deer,Buck,Limited Entry,ACTIVE_RECONCILIATION_ROW,KEEP,,11.0,1.0,12,LIVE_DWR_RES_NR_SPLIT,Included in active 2026 permit reconciliation union.
DB1079,Manti/San Rafael,Deer,Buck,Limited Entry,ACTIVE_RECONCILIATION_ROW,KEEP,,40.0,5.0,45,LIVE_DWR_RES_NR_SPLIT,Included in active 2026 permit reconciliation union.
DB1080,Nebo,Deer,Buck,Limited Entry,ACTIVE_RECONCILIATION_ROW,KEEP,,23.0,3.0,26,LIVE_DWR_RES_NR_SPLIT,Included in active 2026 permit reconciliation union.
DB1081,La Sal Mtns,Deer,Buck,Limited Entry,ACTIVE_RECONCILIATION_ROW,KEEP,,8.0,1.0,9,LIVE_DWR_RES_NR_SPLIT,Included in active 2026 permit reconciliation union.
DB1082,Oquirrh-Stansbury,Deer,Buck,Limited Entry,ACTIVE_RECONCILIATION_ROW,KEEP,,12.0,1.0,13,HISTORICAL_2025_ONLY_NOT_ACTIVE_2026,Included in active 2026 permit reconciliation union.
DB1083,Panguitch Lake,Deer,Buck,Limited Entry,ACTIVE_RECONCILIATION_ROW,KEEP,,12.0,1.0,13,LIVE_DWR_RES_NR_SPLIT,Included in active 2026 permit reconciliation union.
DB1084,Boulder/Kaiparowits,Deer,Buck,Limited Entry,ACTIVE_RECONCILIATION_ROW,KEEP,,12.0,1.0,13,LIVE_DWR_RES_NR_SPLIT,Included in active 2026 permit reconciliation union.
DB1085,"San Juan, Abajo Mtns",Deer,Buck,Limited Entry,ACTIVE_RECONCILIATION_ROW,KEEP,,13.0,1.0,14,LIVE_DWR_RES_NR_SPLIT,Included in active 2026 permit reconciliation union.
DB1086,Vernal/Bonanza,Deer,Buck,Limited Entry,ACTIVE_RECONCILIATION_ROW,KEEP,,6.0,1.0,7,LIVE_DWR_RES_NR_SPLIT,Included in active 2026 permit reconciliation union.
DB1087,"Wasatch Mtns, West",Deer,Buck,Limited Entry,ACTIVE_RECONCILIATION_ROW,KEEP,,36.0,4.0,40,LIVE_DWR_RES_NR_SPLIT,Included in active 2026 permit reconciliation union.
DB1088,"West Desert, Tintic",Deer,Buck,Limited Entry,ACTIVE_RECONCILIATION_ROW,KEEP,,4.0,1.0,5,HISTORICAL_2025_ONLY_NOT_ACTIVE_2026,Included in active 2026 permit reconciliation union.
DB1089,"West Desert, West",Deer,Buck,Limited Entry,ACTIVE_RECONCILIATION_ROW,KEEP,,4.0,1.0,5,HISTORICAL_2025_ONLY_NOT_ACTIVE_2026,Included in active 2026 permit reconciliation union.
DB1090,HAMSS,Deer,Buck,Limited Entry,ACTIVE_RECONCILIATION_ROW,KEEP,,6.0,1.0,7,LIVE_DWR_RES_NR_SPLIT,Included in active 2026 permit reconciliation union.
DB1091,HAMSS,Deer,Buck,Limited Entry,ACTIVE_RECONCILIATION_ROW,KEEP,,4.0,1.0,5,LIVE_DWR_RES_NR_SPLIT,Included in active 2026 permit reconciliation union.
DB1094,Myton,Deer,Buck,Limited Entry,ACTIVE_RECONCILIATION_ROW,KEEP,,20.0,0,20,RECONCILED_2026_TOTAL_MATCH_SPLIT_FILLED,Included in active 2026 permit reconciliation union.
DB1100,Chalk Creek,Deer,Buck,Limited Entry,ACTIVE_RECONCILIATION_ROW,KEEP,,10.0,1.0,11,LIVE_DWR_RES_NR_SPLIT,Included in active 2026 permit reconciliation union.
DB1101,East Canyon,Deer,Buck,Limited Entry,ACTIVE_RECONCILIATION_ROW,KEEP,,9.0,1.0,10,LIVE_DWR_RES_NR_SPLIT,Included in active 2026 permit reconciliation union.
DB1103,Morgan-South Rich,Deer,Buck,Limited Entry,ACTIVE_RECONCILIATION_ROW,KEEP,,7.0,1.0,8,LIVE_DWR_RES_NR_SPLIT,Included in active 2026 permit reconciliation union.
DB1105,HAMSS,Deer,Buck,Limited Entry,ACTIVE_RECONCILIATION_ROW,KEEP,,6.0,1.0,7,LIVE_DWR_RES_NR_SPLIT,Included in active 2026 permit reconciliation union.
DB1106,Thousand Lakes,Deer,Buck,Limited Entry,ACTIVE_RECONCILIATION_ROW,KEEP,,20.0,2.0,22,LIVE_DWR_RES_NR_SPLIT,Included in active 2026 permit reconciliation union.
DB1107,Thousand Lakes,Deer,Buck,Limited Entry,ACTIVE_RECONCILIATION_ROW,KEEP,,20.0,2.0,22,LIVE_DWR_RES_NR_SPLIT,Included in active 2026 permit reconciliation union.
DB1108,Thousand Lakes,Deer,Buck,Limited Entry,ACTIVE_RECONCILIATION_ROW,KEEP,,27.0,3.0,30,LIVE_DWR_RES_NR_SPLIT,Included in active 2026 permit reconciliation union.
DB1109,Thousand Lakes,Deer,Buck,Limited Entry,ACTIVE_RECONCILIATION_ROW,KEEP,,2.0,0.0,2,LIVE_DWR_RES_NR_SPLIT,Included in active 2026 permit reconciliation union.
DB1110,"Beaver, East",Deer,Buck,Limited Entry,ACTIVE_RECONCILIATION_ROW,KEEP,,10.0,1.0,11,LIVE_DWR_RES_NR_SPLIT,Included in active 2026 permit reconciliation union.
DB1111,"Beaver, West",Deer,Buck,Limited Entry,ACTIVE_RECONCILIATION_ROW,KEEP,,4.0,1.0,5,LIVE_DWR_RES_NR_SPLIT,Included in active 2026 permit reconciliation union.
DB1112,"West Desert, Swasey",Deer,Buck,Limited Entry,ACTIVE_RECONCILIATION_ROW,KEEP,,4.0,1.0,5,LIVE_DWR_RES_NR_SPLIT,Included in active 2026 permit reconciliation union.
DB1113,Oquirrh/Tintic,Deer,Buck,Limited Entry,ACTIVE_RECONCILIATION_ROW,KEEP,,10.0,1.0,11,LIVE_DWR_RES_NR_SPLIT,Included in active 2026 permit reconciliation union.
DB1114,Cedar/Stansbury,Deer,Buck,Limited Entry,ACTIVE_RECONCILIATION_ROW,KEEP,,5.0,1.0,6,LIVE_DWR_RES_NR_SPLIT,Included in active 2026 permit reconciliation union.
DB1115,Little Rockies,Deer,Buck,Limited Entry,ACTIVE_RECONCILIATION_ROW,KEEP,,4.0,1.0,5,LIVE_DWR_RES_NR_SPLIT,Included in active 2026 permit reconciliation union.
DB1116,HAMSS,Deer,Buck,Limited Entry,ACTIVE_RECONCILIATION_ROW,KEEP,,4.0,1.0,5,LIVE_DWR_RES_NR_SPLIT,Included in active 2026 permit reconciliation union.
DB1118,Dolores Triangle,Deer,Buck,Conservation,ACTIVE_RECONCILIATION_ROW,KEEP,,,,1,,Included in active 2026 permit reconciliation union.
DB1119,Moab Valley,Deer,Buck,Limited Entry,ACTIVE_RECONCILIATION_ROW,KEEP,,9.0,1.0,10,LIVE_DWR_RES_NR_SPLIT,Included in active 2026 permit reconciliation union.
DB1120,Castle Valley,Deer,Buck,Limited Entry,ACTIVE_RECONCILIATION_ROW,KEEP,,13.0,2.0,15,LIVE_DWR_RES_NR_SPLIT,Included in active 2026 permit reconciliation union.
DB1121,Antelope Island Management,Deer,Buck,Premium Limited Entry,ACTIVE_RECONCILIATION_ROW,KEEP,,2.0,0.0,2,LIVE_DWR_RES_NR_SPLIT,Included in active 2026 permit reconciliation union.
DB1200,Alton - Premium Buck CWMU,Deer,Buck,CWMU,ACTIVE_RECONCILIATION_ROW,KEEP,,3.0,0.0,3,DWR_HUNTPLANNER_CWMU_RES_NR_TOTAL_DERIVED,Included in active 2026 permit reconciliation union.
DB1201,Alton - Management Buck CWMU,Deer,Buck,CWMU,ACTIVE_RECONCILIATION_ROW,KEEP,,1.0,0.0,1,DWR_HUNTPLANNER_CWMU_RES_NR_TOTAL_DERIVED,Included in active 2026 permit reconciliation union.
DB1202,Antelope Creek CWMU,Deer,Buck,CWMU,ACTIVE_RECONCILIATION_ROW,KEEP,,1.0,0.0,1,DWR_HUNTPLANNER_CWMU_RES_NR_TOTAL_DERIVED,Included in active 2026 permit reconciliation union.
DB1203,Avintaquin Canyon CWMU,Deer,Buck,CWMU,ACTIVE_RECONCILIATION_ROW,KEEP,,1.0,0.0,1,DWR_HUNTPLANNER_CWMU_RES_NR_TOTAL_DERIVED,Included in active 2026 permit reconciliation union.
DB1204,Bally Watts CWMU,Deer,Buck,CWMU,ACTIVE_RECONCILIATION_ROW,KEEP,,1.0,0.0,1,DWR_HUNTPLANNER_CWMU_RES_NR_TOTAL_DERIVED,Included in active 2026 permit reconciliation union.
DB1205,Bar J Ranch CWMU,Deer,Buck,CWMU,ACTIVE_RECONCILIATION_ROW,KEEP,,1.0,0.0,1,DWR_HUNTPLANNER_CWMU_RES_NR_TOTAL_DERIVED,Included in active 2026 permit reconciliation union.
DB1206,Bear Mountain CWMU,Deer,Buck,CWMU,ACTIVE_RECONCILIATION_ROW,KEEP,,1.0,0.0,1,DWR_HUNTPLANNER_CWMU_RES_NR_TOTAL_DERIVED,Included in active 2026 permit reconciliation union.
DB1207,Bear Springs CWMU,Deer,Buck,CWMU,ACTIVE_RECONCILIATION_ROW,KEEP,,1.0,0.0,1,DWR_HUNTPLANNER_CWMU_RES_NR_TOTAL_DERIVED,Included in active 2026 permit reconciliation union.
DB1208,Blackhawk CWMU,Deer,Buck,CWMU,ACTIVE_RECONCILIATION_ROW,KEEP,,2.0,0.0,2,DWR_HUNTPLANNER_CWMU_RES_NR_TOTAL_DERIVED,Included in active 2026 permit reconciliation union.
DB1209,Blind Springs CWMU,Deer,Buck,CWMU,ACTIVE_RECONCILIATION_ROW,KEEP,,1.0,0.0,1,DWR_HUNTPLANNER_CWMU_RES_NR_TOTAL_DERIVED,Included in active 2026 permit reconciliation union.
DB1211,Blue Spring Hills CWMU,Deer,Buck,CWMU,ACTIVE_RECONCILIATION_ROW,KEEP,,1.0,0.0,1,DWR_HUNTPLANNER_CWMU_RES_NR_TOTAL_DERIVED,Included in active 2026 permit reconciliation union.
DB1212,Bluebell CWMU,Deer,Buck,CWMU,ACTIVE_RECONCILIATION_ROW,KEEP,,1.0,0.0,1,DWR_HUNTPLANNER_CWMU_RES_NR_TOTAL_DERIVED,Included in active 2026 permit reconciliation union.
DB1213,Boobe Hole CWMU,Deer,Buck,CWMU,ACTIVE_RECONCILIATION_ROW,KEEP,,2.0,0.0,2,DWR_HUNTPLANNER_CWMU_RES_NR_TOTAL_DERIVED,Included in active 2026 permit reconciliation union.
DB1215,Buckhorn Ranch CWMU,Deer,Buck,CWMU,ACTIVE_RECONCILIATION_ROW,KEEP,,1.0,0.0,1,DWR_HUNTPLANNER_CWMU_RES_NR_TOTAL_DERIVED,Included in active 2026 permit reconciliation union.
DB1216,Castle Valley Outdoors CWMU,Deer,Buck,CWMU,ACTIVE_RECONCILIATION_ROW,KEEP,,1.0,0.0,1,DWR_HUNTPLANNER_CWMU_RES_NR_TOTAL_DERIVED,Included in active 2026 permit reconciliation union.
DB1217,Causey Spring CWMU,Deer,Buck,CWMU,ACTIVE_RECONCILIATION_ROW,KEEP,,1.0,0.0,1,DWR_HUNTPLANNER_CWMU_RES_NR_TOTAL_DERIVED,Included in active 2026 permit reconciliation union.
DB1219,Chimney Rock CWMU,Deer,Buck,CWMU,ACTIVE_RECONCILIATION_ROW,KEEP,,2.0,0.0,2,DWR_HUNTPLANNER_CWMU_RES_NR_TOTAL_DERIVED,Included in active 2026 permit reconciliation union.
DB1222,Coldwater Ranch CWMU,Deer,Buck,CWMU,ACTIVE_RECONCILIATION_ROW,KEEP,,2.0,0.0,2,DWR_HUNTPLANNER_CWMU_RES_NR_TOTAL_DERIVED,Included in active 2026 permit reconciliation union.
DB1224,Cotton Thomas CWMU,Deer,Buck,CWMU,ACTIVE_RECONCILIATION_ROW,KEEP,,1.0,0.0,1,DWR_HUNTPLANNER_CWMU_RES_NR_TOTAL_DERIVED,Included in active 2026 permit reconciliation union.
DB1227,Deer Haven CWMU,Deer,Buck,CWMU,ACTIVE_RECONCILIATION_ROW,KEEP,,2.0,0.0,2,DWR_HUNTPLANNER_CWMU_RES_NR_TOTAL_DERIVED,Included in active 2026 permit reconciliation union.
DB1228,Deseret CWMU,Deer,Buck,CWMU,ACTIVE_RECONCILIATION_ROW,KEEP,,13.0,0.0,13,DWR_HUNTPLANNER_CWMU_RES_NR_TOTAL_DERIVED,Included in active 2026 permit reconciliation union.
DB1229,Dilly Ranch CWMU,Deer,Buck,CWMU,ACTIVE_RECONCILIATION_ROW,KEEP,,1.0,0.0,1,DWR_HUNTPLANNER_CWMU_RES_NR_TOTAL_DERIVED,Included in active 2026 permit reconciliation union.
DB1230,Double R Ranch CWMU,Deer,Buck,CWMU,ACTIVE_RECONCILIATION_ROW,KEEP,,2.0,0.0,2,DWR_HUNTPLANNER_CWMU_RES_NR_TOTAL_DERIVED,Included in active 2026 permit reconciliation union.
DB1231,Dove Creek CWMU,Deer,Buck,CWMU,ACTIVE_RECONCILIATION_ROW,KEEP,,2.0,0.0,2,DWR_HUNTPLANNER_CWMU_RES_NR_TOTAL_DERIVED,Included in active 2026 permit reconciliation union.
DB1232,Durst Mountain CWMU,Deer,Buck,CWMU,ACTIVE_RECONCILIATION_ROW,KEEP,,2.0,0.0,2,DWR_HUNTPLANNER_CWMU_RES_NR_TOTAL_DERIVED,Included in active 2026 permit reconciliation union.
DB1233,East Fork Chalk Creek CWMU,Deer,Buck,CWMU,ACTIVE_RECONCILIATION_ROW,KEEP,,4.0,0.0,4,DWR_HUNTPLANNER_CWMU_RES_NR_TOTAL_DERIVED,Included in active 2026 permit reconciliation union.
DB1234,East Zion CWMU,Deer,Buck,CWMU,ACTIVE_RECONCILIATION_ROW,KEEP,,1.0,0.0,1,DWR_HUNTPLANNER_CWMU_RES_NR_TOTAL_DERIVED,Included in active 2026 permit reconciliation union.
DB1236,Engineer Springs CWMU,Deer,Buck,CWMU,ACTIVE_RECONCILIATION_ROW,KEEP,,1.0,0.0,1,DWR_HUNTPLANNER_CWMU_RES_NR_TOTAL_DERIVED,Included in active 2026 permit reconciliation union.
DB1237,Ensign Ranches CWMU,Deer,Buck,CWMU,ACTIVE_RECONCILIATION_ROW,KEEP,,3.0,0.0,3,DWR_HUNTPLANNER_CWMU_RES_NR_TOTAL_DERIVED,Included in active 2026 permit reconciliation union.
DB1238,Folley Ridge CWMU,Deer,Buck,CWMU,ACTIVE_RECONCILIATION_ROW,KEEP,,3.0,0.0,3,DWR_HUNTPLANNER_CWMU_RES_NR_TOTAL_DERIVED,Included in active 2026 permit reconciliation union.
DB1239,Fort Ranch CWMU,Deer,Buck,CWMU,ACTIVE_RECONCILIATION_ROW,KEEP,,1.0,0.0,1,DWR_HUNTPLANNER_CWMU_RES_NR_TOTAL_DERIVED,Included in active 2026 permit reconciliation union.
DB1240,George Creek CWMU,Deer,Buck,CWMU,ACTIVE_RECONCILIATION_ROW,KEEP,,1.0,0.0,1,DWR_HUNTPLANNER_CWMU_RES_NR_TOTAL_DERIVED,Included in active 2026 permit reconciliation union.
DB1241,Golden Spike CWMU,Deer,Buck,CWMU,ACTIVE_RECONCILIATION_ROW,KEEP,,1.0,0.0,1,DWR_HUNTPLANNER_CWMU_RES_NR_TOTAL_DERIVED,Included in active 2026 permit reconciliation union.
DB1242,Grass Valley/Clark Canyon CWMU,Deer,Buck,CWMU,ACTIVE_RECONCILIATION_ROW,KEEP,,14.0,0.0,14,DWR_HUNTPLANNER_CWMU_RES_NR_TOTAL_DERIVED,Included in active 2026 permit reconciliation union.
DB1243,Grazing Pasture CWMU,Deer,Buck,CWMU,ACTIVE_RECONCILIATION_ROW,KEEP,,1.0,0.0,1,DWR_HUNTPLANNER_CWMU_RES_NR_TOTAL_DERIVED,Included in active 2026 permit reconciliation union.
DB1244,Green Canyon CWMU,Deer,Buck,CWMU,ACTIVE_RECONCILIATION_ROW,KEEP,,1.0,0.0,1,DWR_HUNTPLANNER_CWMU_RES_NR_TOTAL_DERIVED,Included in active 2026 permit reconciliation union.
DB1245,Guildersleeve CWMU,Deer,Buck,CWMU,ACTIVE_RECONCILIATION_ROW,KEEP,,1.0,0.0,1,DWR_HUNTPLANNER_CWMU_RES_NR_TOTAL_DERIVED,Included in active 2026 permit reconciliation union.
DB1246,Hardscrabble CWMU,Deer,Buck,CWMU,ACTIVE_RECONCILIATION_ROW,KEEP,,2.0,0.0,2,DWR_HUNTPLANNER_CWMU_RES_NR_TOTAL_DERIVED,Included in active 2026 permit reconciliation union.
DB1248,Heaston East CWMU,Deer,Buck,CWMU,ACTIVE_RECONCILIATION_ROW,KEEP,,2.0,0.0,2,DWR_HUNTPLANNER_CWMU_RES_NR_TOTAL_DERIVED,Included in active 2026 permit reconciliation union.
DB1249,Hiawatha CWMU,Deer,Buck,CWMU,ACTIVE_RECONCILIATION_ROW,KEEP,,1.0,0.0,1,DWR_HUNTPLANNER_CWMU_RES_NR_TOTAL_DERIVED,Included in active 2026 permit reconciliation union.
DB1250,Indian Creek CWMU,Deer,Buck,CWMU,ACTIVE_RECONCILIATION_ROW,KEEP,,1.0,0.0,1,DWR_HUNTPLANNER_CWMU_RES_NR_TOTAL_DERIVED,Included in active 2026 permit reconciliation union.
DB1251,Indian Head CWMU,Deer,Buck,CWMU,ACTIVE_RECONCILIATION_ROW,KEEP,,2.0,0.0,2,DWR_HUNTPLANNER_CWMU_RES_NR_TOTAL_DERIVED,Included in active 2026 permit reconciliation union.
DB1252,Ingham Peak CWMU,Deer,Buck,CWMU,ACTIVE_RECONCILIATION_ROW,KEEP,,3.0,0.0,3,DWR_HUNTPLANNER_CWMU_RES_NR_TOTAL_DERIVED,Included in active 2026 permit reconciliation union.
DB1253,Circle E Ranch CWMU,Deer,Buck,CWMU,ACTIVE_RECONCILIATION_ROW,KEEP,,1.0,0.0,1,DWR_HUNTPLANNER_CWMU_RES_NR_TOTAL_DERIVED,Included in active 2026 permit reconciliation union.
DB1255,Johnson Mountain Ranch CWMU,Deer,Buck,CWMU,ACTIVE_RECONCILIATION_ROW,KEEP,,1.0,0.0,1,DWR_HUNTPLANNER_CWMU_RES_NR_TOTAL_DERIVED,Included in active 2026 permit reconciliation union.
DB1256,Junction Valley CWMU,Deer,Buck,CWMU,ACTIVE_RECONCILIATION_ROW,KEEP,,5.0,0.0,5,DWR_HUNTPLANNER_CWMU_RES_NR_TOTAL_DERIVED,Included in active 2026 permit reconciliation union.
DB1258,Little Red Creek CWMU,Deer,Buck,CWMU,ACTIVE_RECONCILIATION_ROW,KEEP,,1.0,0.0,1,DWR_HUNTPLANNER_CWMU_RES_NR_TOTAL_DERIVED,Included in active 2026 permit reconciliation union.
DB1259,Tunnel Hollow CWMU,Deer,Buck,CWMU,ACTIVE_RECONCILIATION_ROW,KEEP,,1.0,0.0,1,DWR_HUNTPLANNER_CWMU_RES_NR_TOTAL_DERIVED,Included in active 2026 permit reconciliation union.
DB1260,Middle Ridge CWMU,Deer,Buck,CWMU,ACTIVE_RECONCILIATION_ROW,KEEP,,1.0,0.0,1,DWR_HUNTPLANNER_CWMU_RES_NR_TOTAL_DERIVED,Included in active 2026 permit reconciliation union.
DB1261,Minnie Maud Ridge CWMU,Deer,Buck,CWMU,ACTIVE_RECONCILIATION_ROW,KEEP,,5.0,0.0,5,DWR_HUNTPLANNER_CWMU_RES_NR_TOTAL_DERIVED,Included in active 2026 permit reconciliation union.
DB1263,Moon Ranch CWMU,Deer,Buck,CWMU,ACTIVE_RECONCILIATION_ROW,KEEP,,1.0,0.0,1,DWR_HUNTPLANNER_CWMU_RES_NR_TOTAL_DERIVED,Included in active 2026 permit reconciliation union.
DB1264,Mountain Meadow CWMU,Deer,Buck,CWMU,ACTIVE_RECONCILIATION_ROW,KEEP,,1.0,0.0,1,DWR_HUNTPLANNER_CWMU_RES_NR_TOTAL_DERIVED,Included in active 2026 permit reconciliation union.
DB1265,Mountain Top CWMU,Deer,Buck,CWMU,ACTIVE_RECONCILIATION_ROW,KEEP,,2.0,0.0,2,DWR_HUNTPLANNER_CWMU_RES_NR_TOTAL_DERIVED,Included in active 2026 permit reconciliation union.
DB1266,Mt Carmel CWMU,Deer,Buck,CWMU,ACTIVE_RECONCILIATION_ROW,KEEP,,3.0,0.0,3,DWR_HUNTPLANNER_CWMU_RES_NR_TOTAL_DERIVED,Included in active 2026 permit reconciliation union.
DB1269,North Promontory CWMU,Deer,Buck,CWMU,ACTIVE_RECONCILIATION_ROW,KEEP,,1.0,0.0,1,DWR_HUNTPLANNER_CWMU_RES_NR_TOTAL_DERIVED,Included in active 2026 permit reconciliation union.
DB1270,Nucor West CWMU,Deer,Buck,CWMU,ACTIVE_RECONCILIATION_ROW,KEEP,,1.0,0.0,1,DWR_HUNTPLANNER_CWMU_RES_NR_TOTAL_DERIVED,Included in active 2026 permit reconciliation union.
DB1271,Oak Ranch CWMU,Deer,Buck,CWMU,ACTIVE_RECONCILIATION_ROW,KEEP,,3.0,0.0,3,DWR_HUNTPLANNER_CWMU_RES_NR_TOTAL_DERIVED,Included in active 2026 permit reconciliation union.
DB1272,Old Woman Plateau CWMU,Deer,Buck,CWMU,ACTIVE_RECONCILIATION_ROW,KEEP,,3.0,0.0,3,DWR_HUNTPLANNER_CWMU_RES_NR_TOTAL_DERIVED,Included in active 2026 permit reconciliation union.
DB1273,Park Valley Hereford CWMU,Deer,Buck,CWMU,ACTIVE_RECONCILIATION_ROW,KEEP,,6.0,0.0,6,DWR_HUNTPLANNER_CWMU_RES_NR_TOTAL_DERIVED,Included in active 2026 permit reconciliation union.
DB1274,Patmos Ridge CWMU,Deer,Buck,CWMU,ACTIVE_RECONCILIATION_ROW,KEEP,,1.0,0.0,1,DWR_HUNTPLANNER_CWMU_RES_NR_TOTAL_DERIVED,Included in active 2026 permit reconciliation union.
DB1275,Pine Canyon CWMU,Deer,Buck,CWMU,ACTIVE_RECONCILIATION_ROW,KEEP,,2.0,0.0,2,DWR_HUNTPLANNER_CWMU_RES_NR_TOTAL_DERIVED,Included in active 2026 permit reconciliation union.
DB1276,Plymouth Peak CWMU,Deer,Buck,CWMU,ACTIVE_RECONCILIATION_ROW,KEEP,,1,0,1,RECONCILED_2026_TOTAL_MATCH_SPLIT_FILLED,Included in active 2026 permit reconciliation union.
DB1277,Pocatello Valley CWMU,Deer,Buck,CWMU,ACTIVE_RECONCILIATION_ROW,KEEP,,1.0,0.0,1,DWR_HUNTPLANNER_CWMU_RES_NR_TOTAL_DERIVED,Included in active 2026 permit reconciliation union.
DB1279,Preston Nutter Ranch CWMU,Deer,Buck,CWMU,ACTIVE_RECONCILIATION_ROW,KEEP,,1.0,0.0,1,DWR_HUNTPLANNER_CWMU_RES_NR_TOTAL_DERIVED,Included in active 2026 permit reconciliation union.
DB1280,Promontory Point CWMU,Deer,Buck,CWMU,ACTIVE_RECONCILIATION_ROW,KEEP,,1.0,0.0,1,DWR_HUNTPLANNER_CWMU_RES_NR_TOTAL_DERIVED,Included in active 2026 permit reconciliation union.
DB1281,Rattlesnake Pass CWMU,Deer,Buck,CWMU,ACTIVE_RECONCILIATION_ROW,KEEP,,2.0,0.0,2,DWR_HUNTPLANNER_CWMU_RES_NR_TOTAL_DERIVED,Included in active 2026 permit reconciliation union.
DB1282,Redd Ranches CWMU,Deer,Buck,CWMU,ACTIVE_RECONCILIATION_ROW,KEEP,,2.0,0.0,2,DWR_HUNTPLANNER_CWMU_RES_NR_TOTAL_DERIVED,Included in active 2026 permit reconciliation union.
DB1283,Roan Cliffs CWMU,Deer,Buck,CWMU,ACTIVE_RECONCILIATION_ROW,KEEP,,1.0,0.0,1,DWR_HUNTPLANNER_CWMU_RES_NR_TOTAL_DERIVED,Included in active 2026 permit reconciliation union.
DB1285,Sand Creek CWMU,Deer,Buck,CWMU,ACTIVE_RECONCILIATION_ROW,KEEP,,1.0,0.0,1,DWR_HUNTPLANNER_CWMU_RES_NR_TOTAL_DERIVED,Included in active 2026 permit reconciliation union.
DB1286,Pisgah Mountain CWMU,Deer,Buck,CWMU,ACTIVE_RECONCILIATION_ROW,KEEP,,2.0,0.0,2,DWR_HUNTPLANNER_CWMU_RES_NR_TOTAL_DERIVED,Included in active 2026 permit reconciliation union.
DB1287,Scofield Canyons CWMU,Deer,Buck,CWMU,ACTIVE_RECONCILIATION_ROW,KEEP,,1.0,0.0,1,DWR_HUNTPLANNER_CWMU_RES_NR_TOTAL_DERIVED,Included in active 2026 permit reconciliation union.
DB1288,Scofield West CWMU,Deer,Buck,CWMU,ACTIVE_RECONCILIATION_ROW,KEEP,,2.0,0.0,2,DWR_HUNTPLANNER_CWMU_RES_NR_TOTAL_DERIVED,Included in active 2026 permit reconciliation union.
DB1289,Sharp Mountain CWMU,Deer,Buck,CWMU,ACTIVE_RECONCILIATION_ROW,KEEP,,2.0,0.0,2,DWR_HUNTPLANNER_CWMU_RES_NR_TOTAL_DERIVED,Included in active 2026 permit reconciliation union.
DB1290,Skull Crack CWMU,Deer,Buck,CWMU,ACTIVE_RECONCILIATION_ROW,KEEP,,1.0,0.0,1,DWR_HUNTPLANNER_CWMU_RES_NR_TOTAL_DERIVED,Included in active 2026 permit reconciliation union.
DB1291,Skull Valley South CWMU,Deer,Buck,CWMU,ACTIVE_RECONCILIATION_ROW,KEEP,,1.0,0.0,1,DWR_HUNTPLANNER_CWMU_RES_NR_TOTAL_DERIVED,Included in active 2026 permit reconciliation union.
DB1292,Soldier Summit CWMU,Deer,Buck,CWMU,ACTIVE_RECONCILIATION_ROW,KEEP,,2.0,0.0,2,DWR_HUNTPLANNER_CWMU_RES_NR_TOTAL_DERIVED,Included in active 2026 permit reconciliation union.
DB1293,South Canyon CWMU,Deer,Buck,CWMU,ACTIVE_RECONCILIATION_ROW,KEEP,,1.0,0.0,1,DWR_HUNTPLANNER_CWMU_RES_NR_TOTAL_DERIVED,Included in active 2026 permit reconciliation union.
DB1294,Spring Creek Acres CWMU,Deer,Buck,CWMU,ACTIVE_RECONCILIATION_ROW,KEEP,,1.0,0.0,1,DWR_HUNTPLANNER_CWMU_RES_NR_TOTAL_DERIVED,Included in active 2026 permit reconciliation union.
DB1295,Spring Creek/Dodge CWMU,Deer,Buck,CWMU,ACTIVE_RECONCILIATION_ROW,KEEP,,6.0,0.0,6,DWR_HUNTPLANNER_CWMU_RES_NR_TOTAL_DERIVED,Included in active 2026 permit reconciliation union.
DB1298,Strawberry Ridge CWMU,Deer,Buck,CWMU,ACTIVE_RECONCILIATION_ROW,KEEP,,1.0,0.0,1,DWR_HUNTPLANNER_CWMU_RES_NR_TOTAL_DERIVED,Included in active 2026 permit reconciliation union.
DB1299,Summit Point CWMU,Deer,Buck,CWMU,ACTIVE_RECONCILIATION_ROW,KEEP,,3.0,0.0,3,DWR_HUNTPLANNER_CWMU_RES_NR_TOTAL_DERIVED,Included in active 2026 permit reconciliation union.
DB1300,Thatcher Mountain CWMU,Deer,Buck,CWMU,ACTIVE_RECONCILIATION_ROW,KEEP,,1.0,0.0,1,DWR_HUNTPLANNER_CWMU_RES_NR_TOTAL_DERIVED,Included in active 2026 permit reconciliation union.
DB1301,Three C CWMU,Deer,Buck,CWMU,ACTIVE_RECONCILIATION_ROW,KEEP,,2.0,0.0,2,DWR_HUNTPLANNER_CWMU_RES_NR_TOTAL_DERIVED,Included in active 2026 permit reconciliation union.
DB1303,North Peaks CWMU,Deer,Buck,CWMU,ACTIVE_RECONCILIATION_ROW,KEEP,,1.0,0.0,1,DWR_HUNTPLANNER_CWMU_RES_NR_TOTAL_DERIVED,Included in active 2026 permit reconciliation union.
DB1304,Two Bear CWMU,Deer,Buck,CWMU,ACTIVE_RECONCILIATION_ROW,KEEP,,1.0,0.0,1,DWR_HUNTPLANNER_CWMU_RES_NR_TOTAL_DERIVED,Included in active 2026 permit reconciliation union.
DB1305,Wallsburg CWMU,Deer,Buck,CWMU,ACTIVE_RECONCILIATION_ROW,KEEP,,1.0,0.0,1,DWR_HUNTPLANNER_CWMU_RES_NR_TOTAL_DERIVED,Included in active 2026 permit reconciliation union.
DB1306,Washakie CWMU,Deer,Buck,CWMU,ACTIVE_RECONCILIATION_ROW,KEEP,,1.0,0.0,1,DWR_HUNTPLANNER_CWMU_RES_NR_TOTAL_DERIVED,Included in active 2026 permit reconciliation union.
DB1308,West Hills CWMU,Deer,Buck,CWMU,ACTIVE_RECONCILIATION_ROW,KEEP,,2.0,0.0,2,DWR_HUNTPLANNER_CWMU_RES_NR_TOTAL_DERIVED,Included in active 2026 permit reconciliation union.
DB1309,West Willow Creek Ranch CWMU,Deer,Buck,CWMU,ACTIVE_RECONCILIATION_ROW,KEEP,,5.0,0.0,5,DWR_HUNTPLANNER_CWMU_RES_NR_TOTAL_DERIVED,Included in active 2026 permit reconciliation union.
DB1310,White's Valley CWMU,Deer,Buck,CWMU,ACTIVE_RECONCILIATION_ROW,KEEP,,1.0,0.0,1,DWR_HUNTPLANNER_CWMU_RES_NR_TOTAL_DERIVED,Included in active 2026 permit reconciliation union.
DB1312,Woodruff Creek South CWMU,Deer,Buck,CWMU,ACTIVE_RECONCILIATION_ROW,KEEP,,1.0,0.0,1,DWR_HUNTPLANNER_CWMU_RES_NR_TOTAL_DERIVED,Included in active 2026 permit reconciliation union.
DB1317,Jacob's Creek CWMU,Deer,Buck,CWMU,ACTIVE_RECONCILIATION_ROW,KEEP,,2.0,0.0,2,DWR_HUNTPLANNER_CWMU_RES_NR_TOTAL_DERIVED,Included in active 2026 permit reconciliation union.
DB1320,Deer Creek CWMU,Deer,Buck,CWMU,ACTIVE_RECONCILIATION_ROW,KEEP,,1.0,0.0,1,CROSSWALK_CONFIRMED_ACTIVE_2025_PDF_2026_NUMBERS_PENDING,Included in active 2026 permit reconciliation union.
DB1322,Pahvant Ensign CWMU,Deer,Buck,CWMU,ACTIVE_RECONCILIATION_ROW,KEEP,,1.0,0.0,1,DWR_HUNTPLANNER_CWMU_RES_NR_TOTAL_DERIVED,Included in active 2026 permit reconciliation union.
DB1323,Rock House CWMU,Deer,Buck,CWMU,ACTIVE_RECONCILIATION_ROW,KEEP,,1.0,0.0,1,DWR_HUNTPLANNER_CWMU_RES_NR_TOTAL_DERIVED,Included in active 2026 permit reconciliation union.
DB1324,Royal Ivory Outfitters CWMU,Deer,Buck,CWMU,ACTIVE_RECONCILIATION_ROW,KEEP,,1.0,0.0,1,CROSSWALK_CONFIRMED_ACTIVE_2025_PDF_2026_NUMBERS_PENDING,Included in active 2026 permit reconciliation union.
DB1325,Double Cone CWMU,Deer,Buck,CWMU,ACTIVE_RECONCILIATION_ROW,KEEP,,1.0,0.0,1,DWR_HUNTPLANNER_CWMU_RES_NR_TOTAL_DERIVED,Included in active 2026 permit reconciliation union.
DB1326,Rosette CWMU,Deer,Buck,CWMU,ACTIVE_RECONCILIATION_ROW,KEEP,,1.0,0.0,1,DWR_HUNTPLANNER_CWMU_RES_NR_TOTAL_DERIVED,Included in active 2026 permit reconciliation union.
DB1327,Mountain Sky Ranch CWMU,Deer,Buck,CWMU,ACTIVE_RECONCILIATION_ROW,KEEP,,1.0,0.0,1,DWR_HUNTPLANNER_CWMU_RES_NR_TOTAL_DERIVED,Included in active 2026 permit reconciliation union.
DB1328,Clear Creek CWMU,Deer,Buck,CWMU,ACTIVE_RECONCILIATION_ROW,KEEP,,1.0,0.0,1,DWR_HUNTPLANNER_CWMU_RES_NR_TOTAL_DERIVED,Included in active 2026 permit reconciliation union.
DB1330,Iron Spring CWMU,Deer,Buck,CWMU,ACTIVE_RECONCILIATION_ROW,KEEP,,1.0,0.0,1,DWR_HUNTPLANNER_CWMU_RES_NR_TOTAL_DERIVED,Included in active 2026 permit reconciliation union.
DB1331,Raft River CWMU,Deer,Buck,CWMU,ACTIVE_RECONCILIATION_ROW,KEEP,,2.0,0.0,2,DWR_HUNTPLANNER_CWMU_RES_NR_TOTAL_DERIVED,Included in active 2026 permit reconciliation union.
DB1332,West Ridge CWMU,Deer,Buck,CWMU,ACTIVE_RECONCILIATION_ROW,KEEP,,5.0,0.0,5,DWR_HUNTPLANNER_CWMU_RES_NR_TOTAL_DERIVED,Included in active 2026 permit reconciliation union.
DB1333,5S CWMU,Deer,Buck,CWMU,ACTIVE_RECONCILIATION_ROW,KEEP,,2.0,0.0,2,DWR_HUNTPLANNER_CWMU_RES_NR_TOTAL_DERIVED,Included in active 2026 permit reconciliation union.
DB1334,Alton - Cactus Buck CWMU,Deer,Buck,CWMU,ACTIVE_RECONCILIATION_ROW,KEEP,,1.0,0.0,1,DWR_HUNTPLANNER_CWMU_RES_NR_TOTAL_DERIVED,Included in active 2026 permit reconciliation union.
DB1335,Big Piney Ranch CWMU,Deer,Buck,CWMU,ACTIVE_RECONCILIATION_ROW,KEEP,,1.0,0.0,1,DWR_HUNTPLANNER_CWMU_RES_NR_TOTAL_DERIVED,Included in active 2026 permit reconciliation union.
DB1336,First Light CWMU,Deer,Buck,CWMU,ACTIVE_RECONCILIATION_ROW,KEEP,,1.0,0.0,1,DWR_HUNTPLANNER_CWMU_RES_NR_TOTAL_DERIVED,Included in active 2026 permit reconciliation union.
DB1337,Little Pole Canyon CWMU,Deer,Buck,CWMU,ACTIVE_RECONCILIATION_ROW,KEEP,,1.0,0.0,1,DWR_HUNTPLANNER_CWMU_RES_NR_TOTAL_DERIVED,Included in active 2026 permit reconciliation union.
DB1338,Sweetwater CWMU,Deer,Buck,CWMU,ACTIVE_RECONCILIATION_ROW,KEEP,,,,1,HISTORICAL_2025_ONLY_NOT_ACTIVE_2026,Included in active 2026 permit reconciliation union.
DB1341,Dry Creek CWMU,Deer,Buck,CWMU,ACTIVE_RECONCILIATION_ROW,KEEP,,1.0,0.0,1,DWR_HUNTPLANNER_CWMU_RES_NR_TOTAL_DERIVED,Included in active 2026 permit reconciliation union.
DB1342,Faust Valley CWMU,Deer,Buck,CWMU,ACTIVE_RECONCILIATION_ROW,KEEP,,1.0,0.0,1,DWR_HUNTPLANNER_CWMU_RES_NR_TOTAL_DERIVED,Included in active 2026 permit reconciliation union.
DB1343,Red Iron CWMU,Deer,Buck,CWMU,ACTIVE_RECONCILIATION_ROW,KEEP,,1.0,0.0,1,CROSSWALK_CONFIRMED_ACTIVE_2025_PDF_2026_NUMBERS_PENDING,Included in active 2026 permit reconciliation union.
DB1344,Salt Wells CWMU,Deer,Buck,CWMU,ACTIVE_RECONCILIATION_ROW,KEEP,,1.0,0.0,1,CROSSWALK_CONFIRMED_ACTIVE_2025_PDF_2026_NUMBERS_PENDING,Included in active 2026 permit reconciliation union.
DB1345,Diamond Mountain CWMU,Deer,Buck,CWMU,ACTIVE_RECONCILIATION_ROW,KEEP,,1.0,0.0,1,CROSSWALK_CONFIRMED_ACTIVE_2025_PDF_2026_NUMBERS_PENDING,Included in active 2026 permit reconciliation union.
DB1347,The Rose of Snowville CWMU,Deer,Buck,CWMU,ACTIVE_RECONCILIATION_ROW,KEEP,,2.0,0.0,2,DWR_HUNTPLANNER_CWMU_RES_NR_TOTAL_DERIVED,Included in active 2026 permit reconciliation union.
DB1348,Kimberly CWMU,Deer,Buck,CWMU,ACTIVE_RECONCILIATION_ROW,KEEP,,1.0,0.0,1,CROSSWALK_CONFIRMED_ACTIVE_2025_PDF_2026_NUMBERS_PENDING,Included in active 2026 permit reconciliation union.
DB1349,Weber Florence Creek/Stillman Creek CWMU,Deer,Buck,CWMU,ACTIVE_RECONCILIATION_ROW,KEEP,,9.0,0.0,9,DWR_HUNTPLANNER_CWMU_RES_NR_TOTAL_DERIVED,Included in active 2026 permit reconciliation union.
DB1351,The Dirty Dozen,Deer,Buck,CWMU,ACTIVE_RECONCILIATION_ROW,KEEP,,2.0,0.0,2,DWR_HUNTPLANNER_CWMU_RES_NR_TOTAL_DERIVED,Included in active 2026 permit reconciliation union.
DB1501,Box Elder,Deer,Buck,General Season,ACTIVE_RECONCILIATION_ROW,KEEP,,,,1040,LIVE_DWR_TOTAL_ONLY,Included in active 2026 permit reconciliation union.
DB1502,Cache,Deer,Buck,General Season,ACTIVE_RECONCILIATION_ROW,KEEP,,,,1160,LIVE_DWR_TOTAL_ONLY,Included in active 2026 permit reconciliation union.
DB1503,Manti/San Rafael,Deer,Buck,General Season,ACTIVE_RECONCILIATION_ROW,KEEP,,,,1800,LIVE_DWR_TOTAL_ONLY,Included in active 2026 permit reconciliation union.
DB1504,Nebo,Deer,Buck,General Season,ACTIVE_RECONCILIATION_ROW,KEEP,,,,1060,LIVE_DWR_TOTAL_ONLY,Included in active 2026 permit reconciliation union.
DB1506,Fillmore,Deer,Buck,General Season,ACTIVE_RECONCILIATION_ROW,KEEP,,,,460,LIVE_DWR_TOTAL_ONLY,Included in active 2026 permit reconciliation union.
DB1508,Kamas,Deer,Buck,General Season,ACTIVE_RECONCILIATION_ROW,KEEP,,,,200,LIVE_DWR_TOTAL_ONLY,Included in active 2026 permit reconciliation union.
DB1509,La Sal Mtns,Deer,Buck,General Season,ACTIVE_RECONCILIATION_ROW,KEEP,,,,360,LIVE_DWR_TOTAL_ONLY,Included in active 2026 permit reconciliation union.
DB1510,Monroe,Deer,Buck,General Season,ACTIVE_RECONCILIATION_ROW,KEEP,,,,220,LIVE_DWR_TOTAL_ONLY,Included in active 2026 permit reconciliation union.
DB1511,Mt Dutton,Deer,Buck,General Season,ACTIVE_RECONCILIATION_ROW,KEEP,,,,80,LIVE_DWR_TOTAL_ONLY,Included in active 2026 permit reconciliation union.
DB1512,Nine Mile,Deer,Buck,General Season,ACTIVE_RECONCILIATION_ROW,KEEP,,,,280,LIVE_DWR_TOTAL_ONLY,Included in active 2026 permit reconciliation union.
DB1513,North Slope,Deer,Buck,General Season,ACTIVE_RECONCILIATION_ROW,KEEP,,,,620,LIVE_DWR_TOTAL_ONLY,Included in active 2026 permit reconciliation union.
DB1514,Ogden,Deer,Buck,General Season,ACTIVE_RECONCILIATION_ROW,KEEP,,,,540,LIVE_DWR_TOTAL_ONLY,Included in active 2026 permit reconciliation union.
DB1516,Panguitch Lake,Deer,Buck,General Season,ACTIVE_RECONCILIATION_ROW,KEEP,,,,500,LIVE_DWR_TOTAL_ONLY,Included in active 2026 permit reconciliation union.
DB1517,Pine Valley,Deer,Buck,General Season,ACTIVE_RECONCILIATION_ROW,KEEP,,,,600,LIVE_DWR_TOTAL_ONLY,Included in active 2026 permit reconciliation union.
DB1518,Boulder/Kaiparowits,Deer,Buck,General Season,ACTIVE_RECONCILIATION_ROW,KEEP,,,,720,LIVE_DWR_TOTAL_ONLY,Included in active 2026 permit reconciliation union.
DB1519,Fishlake,Deer,Buck,General Season,ACTIVE_RECONCILIATION_ROW,KEEP,,,,260,LIVE_DWR_TOTAL_ONLY,Included in active 2026 permit reconciliation union.
DB1521,"San Juan, Abajo Mtns",Deer,Buck,General Season,ACTIVE_RECONCILIATION_ROW,KEEP,,,,560,LIVE_DWR_TOTAL_ONLY,Included in active 2026 permit reconciliation union.
DB1522,Vernal/Bonanza,Deer,Buck,General Season,ACTIVE_RECONCILIATION_ROW,KEEP,,,,420,LIVE_DWR_TOTAL_ONLY,Included in active 2026 permit reconciliation union.
DB1523,Yellowstone,Deer,Buck,General Season,ACTIVE_RECONCILIATION_ROW,KEEP,,,,280,LIVE_DWR_TOTAL_ONLY,Included in active 2026 permit reconciliation union.
DB1524,Southwest Desert,Deer,Buck,General Season,ACTIVE_RECONCILIATION_ROW,KEEP,,,,100,LIVE_DWR_TOTAL_ONLY,Included in active 2026 permit reconciliation union.
DB1525,"Wasatch Mtns, East",Deer,Buck,General Season,ACTIVE_RECONCILIATION_ROW,KEEP,,,,1300,LIVE_DWR_TOTAL_ONLY,Included in active 2026 permit reconciliation union.
DB1526,"Wasatch Mtns, West",Deer,Buck,General Season,ACTIVE_RECONCILIATION_ROW,KEEP,,,,1580,LIVE_DWR_TOTAL_ONLY,Included in active 2026 permit reconciliation union.
DB1529,Zion,Deer,Buck,General Season,ACTIVE_RECONCILIATION_ROW,KEEP,,,,675,LIVE_DWR_TOTAL_ONLY,Included in active 2026 permit reconciliation union.
DB1531,Box Elder,Deer,Buck,General Season,ACTIVE_RECONCILIATION_ROW,KEEP,,,,2080,LIVE_DWR_TOTAL_ONLY,Included in active 2026 permit reconciliation union.
DB1533,Manti/San Rafael,Deer,Buck,General Season,ACTIVE_RECONCILIATION_ROW,KEEP,,,,5400,LIVE_DWR_TOTAL_ONLY,Included in active 2026 permit reconciliation union.
DB1534,Nebo,Deer,Buck,General Season,ACTIVE_RECONCILIATION_ROW,KEEP,,,,3180,LIVE_DWR_TOTAL_ONLY,Included in active 2026 permit reconciliation union.
DB1536,Fillmore,Deer,Buck,General Season,ACTIVE_RECONCILIATION_ROW,KEEP,,,,920,LIVE_DWR_TOTAL_ONLY,Included in active 2026 permit reconciliation union.
DB1538,Kamas,Deer,Buck,General Season,ACTIVE_RECONCILIATION_ROW,KEEP,,,,400,LIVE_DWR_TOTAL_ONLY,Included in active 2026 permit reconciliation union.
DB1539,La Sal Mtns,Deer,Buck,General Season,ACTIVE_RECONCILIATION_ROW,KEEP,,,,1080,LIVE_DWR_TOTAL_ONLY,Included in active 2026 permit reconciliation union.
DB1540,Monroe,Deer,Buck,General Season,ACTIVE_RECONCILIATION_ROW,KEEP,,,,660,LIVE_DWR_TOTAL_ONLY,Included in active 2026 permit reconciliation union.
DB1541,Mt Dutton,Deer,Buck,General Season,ACTIVE_RECONCILIATION_ROW,KEEP,,,,240,LIVE_DWR_TOTAL_ONLY,Included in active 2026 permit reconciliation union.
DB1542,Nine Mile,Deer,Buck,General Season,ACTIVE_RECONCILIATION_ROW,KEEP,,,,560,LIVE_DWR_TOTAL_ONLY,Included in active 2026 permit reconciliation union.
DB1543,North Slope,Deer,Buck,General Season,ACTIVE_RECONCILIATION_ROW,KEEP,,,,1240,LIVE_DWR_TOTAL_ONLY,Included in active 2026 permit reconciliation union.
DB1544,Ogden,Deer,Buck,General Season,ACTIVE_RECONCILIATION_ROW,KEEP,,,,1620,LIVE_DWR_TOTAL_ONLY,Included in active 2026 permit reconciliation union.
DB1546,Panguitch Lake,Deer,Buck,General Season,ACTIVE_RECONCILIATION_ROW,KEEP,,,,1000,LIVE_DWR_TOTAL_ONLY,Included in active 2026 permit reconciliation union.
DB1547,Pine Valley,Deer,Buck,General Season,ACTIVE_RECONCILIATION_ROW,KEEP,,,,1200,LIVE_DWR_TOTAL_ONLY,Included in active 2026 permit reconciliation union.
DB1549,Fishlake,Deer,Buck,General Season,ACTIVE_RECONCILIATION_ROW,KEEP,,,,520,LIVE_DWR_TOTAL_ONLY,Included in active 2026 permit reconciliation union.
DB1551,"San Juan, Abajo Mtns",Deer,Buck,General Season,ACTIVE_RECONCILIATION_ROW,KEEP,,,,1680,LIVE_DWR_TOTAL_ONLY,Included in active 2026 permit reconciliation union.
DB1552,Vernal/Bonanza,Deer,Buck,General Season,ACTIVE_RECONCILIATION_ROW,KEEP,,,,700,LIVE_DWR_TOTAL_ONLY,Included in active 2026 permit reconciliation union.
DB1553,Yellowstone,Deer,Buck,General Season,ACTIVE_RECONCILIATION_ROW,KEEP,,,,840,LIVE_DWR_TOTAL_ONLY,Included in active 2026 permit reconciliation union.
DB1554,Southwest Desert,Deer,Buck,General Season,ACTIVE_RECONCILIATION_ROW,KEEP,,,,300,LIVE_DWR_TOTAL_ONLY,Included in active 2026 permit reconciliation union.
DB1555,"Wasatch Mtns, East",Deer,Buck,General Season,ACTIVE_RECONCILIATION_ROW,KEEP,,,,3900,LIVE_DWR_TOTAL_ONLY,Included in active 2026 permit reconciliation union.
DB1556,"Wasatch Mtns, West",Deer,Buck,General Season,ACTIVE_RECONCILIATION_ROW,KEEP,,,,4740,LIVE_DWR_TOTAL_ONLY,Included in active 2026 permit reconciliation union.
DB1559,Zion,Deer,Buck,General Season,ACTIVE_RECONCILIATION_ROW,KEEP,,,,1350,LIVE_DWR_TOTAL_ONLY,Included in active 2026 permit reconciliation union.
DB1561,Box Elder,Deer,Buck,General Season,ACTIVE_RECONCILIATION_ROW,KEEP,,,,1040,LIVE_DWR_TOTAL_ONLY,Included in active 2026 permit reconciliation union.
DB1563,Manti/San Rafael,Deer,Buck,General Season,ACTIVE_RECONCILIATION_ROW,KEEP,,,,1800,LIVE_DWR_TOTAL_ONLY,Included in active 2026 permit reconciliation union.
DB1564,Nebo,Deer,Buck,General Season,ACTIVE_RECONCILIATION_ROW,KEEP,,,,1060,LIVE_DWR_TOTAL_ONLY,Included in active 2026 permit reconciliation union.
DB1566,Fillmore,Deer,Buck,General Season,ACTIVE_RECONCILIATION_ROW,KEEP,,,,460,LIVE_DWR_TOTAL_ONLY,Included in active 2026 permit reconciliation union.
DB1568,Kamas,Deer,Buck,General Season,ACTIVE_RECONCILIATION_ROW,KEEP,,,,200,LIVE_DWR_TOTAL_ONLY,Included in active 2026 permit reconciliation union.
DB1569,La Sal Mtns,Deer,Buck,General Season,ACTIVE_RECONCILIATION_ROW,KEEP,,,,360,LIVE_DWR_TOTAL_ONLY,Included in active 2026 permit reconciliation union.
DB1570,Monroe,Deer,Buck,General Season,ACTIVE_RECONCILIATION_ROW,KEEP,,,,220,LIVE_DWR_TOTAL_ONLY,Included in active 2026 permit reconciliation union.
DB1571,Mt Dutton,Deer,Buck,General Season,ACTIVE_RECONCILIATION_ROW,KEEP,,,,80,LIVE_DWR_TOTAL_ONLY,Included in active 2026 permit reconciliation union.
DB1572,Nine Mile,Deer,Buck,General Season,ACTIVE_RECONCILIATION_ROW,KEEP,,,,280,LIVE_DWR_TOTAL_ONLY,Included in active 2026 permit reconciliation union.
DB1573,North Slope,Deer,Buck,General Season,ACTIVE_RECONCILIATION_ROW,KEEP,,,,620,LIVE_DWR_TOTAL_ONLY,Included in active 2026 permit reconciliation union.
DB1574,Ogden,Deer,Buck,General Season,ACTIVE_RECONCILIATION_ROW,KEEP,,,,540,LIVE_DWR_TOTAL_ONLY,Included in active 2026 permit reconciliation union.
DB1576,Panguitch Lake,Deer,Buck,General Season,ACTIVE_RECONCILIATION_ROW,KEEP,,,,500,LIVE_DWR_TOTAL_ONLY,Included in active 2026 permit reconciliation union.
DB1577,Pine Valley,Deer,Buck,General Season,ACTIVE_RECONCILIATION_ROW,KEEP,,,,600,LIVE_DWR_TOTAL_ONLY,Included in active 2026 permit reconciliation union.
DB1579,Fishlake,Deer,Buck,General Season,ACTIVE_RECONCILIATION_ROW,KEEP,,,,260,LIVE_DWR_TOTAL_ONLY,Included in active 2026 permit reconciliation union.
DB1581,"San Juan, Abajo Mtns",Deer,Buck,General Season,ACTIVE_RECONCILIATION_ROW,KEEP,,,,560,LIVE_DWR_TOTAL_ONLY,Included in active 2026 permit reconciliation union.
DB1582,Vernal/Bonanza,Deer,Buck,General Season,ACTIVE_RECONCILIATION_ROW,KEEP,,,,280,LIVE_DWR_TOTAL_ONLY,Included in active 2026 permit reconciliation union.
DB1583,Yellowstone,Deer,Buck,General Season,ACTIVE_RECONCILIATION_ROW,KEEP,,,,280,LIVE_DWR_TOTAL_ONLY,Included in active 2026 permit reconciliation union.
DB1584,Southwest Desert,Deer,Buck,General Season,ACTIVE_RECONCILIATION_ROW,KEEP,,,,100,LIVE_DWR_TOTAL_ONLY,Included in active 2026 permit reconciliation union.
DB1585,"Wasatch Mtns, East",Deer,Buck,General Season,ACTIVE_RECONCILIATION_ROW,KEEP,,,,1300,LIVE_DWR_TOTAL_ONLY,Included in active 2026 permit reconciliation union.
DB1586,"Wasatch Mtns, West",Deer,Buck,General Season,ACTIVE_RECONCILIATION_ROW,KEEP,,,,1580,LIVE_DWR_TOTAL_ONLY,Included in active 2026 permit reconciliation union.
DB1589,Zion,Deer,Buck,General Season,ACTIVE_RECONCILIATION_ROW,KEEP,,,,675,LIVE_DWR_TOTAL_ONLY,Included in active 2026 permit reconciliation union.
DB1591,Fillmore,Deer,Buck,General Season,ACTIVE_RECONCILIATION_ROW,KEEP,,,,460,LIVE_DWR_TOTAL_ONLY,Included in active 2026 permit reconciliation union.
DB1592,Kamas,Deer,Buck,General Season,ACTIVE_RECONCILIATION_ROW,KEEP,,,,200,LIVE_DWR_TOTAL_ONLY,Included in active 2026 permit reconciliation union.
DB1593,Nine Mile,Deer,Buck,General Season,ACTIVE_RECONCILIATION_ROW,KEEP,,,,280,LIVE_DWR_TOTAL_ONLY,Included in active 2026 permit reconciliation union.
DB1594,Panguitch Lake,Deer,Buck,General Season,ACTIVE_RECONCILIATION_ROW,KEEP,,,,500,LIVE_DWR_TOTAL_ONLY,Included in active 2026 permit reconciliation union.
DB1595,Pine Valley,Deer,Buck,General Season,ACTIVE_RECONCILIATION_ROW,KEEP,,,,600,LIVE_DWR_TOTAL_ONLY,Included in active 2026 permit reconciliation union.
DB1596,Fishlake,Deer,Buck,General Season,ACTIVE_RECONCILIATION_ROW,KEEP,,,,260,LIVE_DWR_TOTAL_ONLY,Included in active 2026 permit reconciliation union.
DB1597,Zion,Deer,Buck,General Season,ACTIVE_RECONCILIATION_ROW,KEEP,,,,675,LIVE_DWR_TOTAL_ONLY,Included in active 2026 permit reconciliation union.
DB1598,North Slope,Deer,Buck,General Season,ACTIVE_RECONCILIATION_ROW,KEEP,,,,620,LIVE_DWR_TOTAL_ONLY,Included in active 2026 permit reconciliation union.
DB1599,Chalk Creek,Deer,Buck,General Season,ACTIVE_RECONCILIATION_ROW,KEEP,,,,880,LIVE_DWR_TOTAL_ONLY,Included in active 2026 permit reconciliation union.
DB1600,Chalk Creek,Deer,Buck,General Season,ACTIVE_RECONCILIATION_ROW,KEEP,,,,440,LIVE_DWR_TOTAL_ONLY,Included in active 2026 permit reconciliation union.
DB1601,Chalk Creek,Deer,Buck,General Season,ACTIVE_RECONCILIATION_ROW,KEEP,,,,440,LIVE_DWR_TOTAL_ONLY,Included in active 2026 permit reconciliation union.
DB1602,Chalk Creek,Deer,Buck,General Season,ACTIVE_RECONCILIATION_ROW,KEEP,,,,440,LIVE_DWR_TOTAL_ONLY,Included in active 2026 permit reconciliation union.
DB1603,East Canyon,Deer,Buck,General Season,ACTIVE_RECONCILIATION_ROW,KEEP,,,,760,LIVE_DWR_TOTAL_ONLY,Included in active 2026 permit reconciliation union.
DB1604,East Canyon,Deer,Buck,General Season,ACTIVE_RECONCILIATION_ROW,KEEP,,,,380,LIVE_DWR_TOTAL_ONLY,Included in active 2026 permit reconciliation union.
DB1605,East Canyon,Deer,Buck,General Season,ACTIVE_RECONCILIATION_ROW,KEEP,,,,380,LIVE_DWR_TOTAL_ONLY,Included in active 2026 permit reconciliation union.
DB1606,East Canyon,Deer,Buck,General Season,ACTIVE_RECONCILIATION_ROW,KEEP,,,,380,LIVE_DWR_TOTAL_ONLY,Included in active 2026 permit reconciliation union.
DB1607,Morgan-South Rich,Deer,Buck,General Season,ACTIVE_RECONCILIATION_ROW,KEEP,,,,640,LIVE_DWR_TOTAL_ONLY,Included in active 2026 permit reconciliation union.
DB1608,Morgan-South Rich,Deer,Buck,General Season,ACTIVE_RECONCILIATION_ROW,KEEP,,,,320,LIVE_DWR_TOTAL_ONLY,Included in active 2026 permit reconciliation union.
DB1609,Morgan-South Rich,Deer,Buck,General Season,ACTIVE_RECONCILIATION_ROW,KEEP,,,,320,LIVE_DWR_TOTAL_ONLY,Included in active 2026 permit reconciliation union.
DB1610,Morgan-South Rich,Deer,Buck,General Season,ACTIVE_RECONCILIATION_ROW,KEEP,,,,320,LIVE_DWR_TOTAL_ONLY,Included in active 2026 permit reconciliation union.
DB1611,"Beaver, East",Deer,Buck,General Season,ACTIVE_RECONCILIATION_ROW,KEEP,,,,440,LIVE_DWR_TOTAL_ONLY,Included in active 2026 permit reconciliation union.
DB1612,"Beaver, East",Deer,Buck,General Season,ACTIVE_RECONCILIATION_ROW,KEEP,,,,440,LIVE_DWR_TOTAL_ONLY,Included in active 2026 permit reconciliation union.
DB1613,"Beaver, East",Deer,Buck,General Season,ACTIVE_RECONCILIATION_ROW,KEEP,,,,1320,LIVE_DWR_TOTAL_ONLY,Included in active 2026 permit reconciliation union.
DB1614,"Beaver, West",Deer,Buck,General Season,ACTIVE_RECONCILIATION_ROW,KEEP,,,,130,LIVE_DWR_TOTAL_ONLY,Included in active 2026 permit reconciliation union.
DB1615,"Beaver, West",Deer,Buck,General Season,ACTIVE_RECONCILIATION_ROW,KEEP,,,,130,LIVE_DWR_TOTAL_ONLY,Included in active 2026 permit reconciliation union.
DB1616,"Beaver, West",Deer,Buck,General Season,ACTIVE_RECONCILIATION_ROW,KEEP,,,,390,LIVE_DWR_TOTAL_ONLY,Included in active 2026 permit reconciliation union.
DB1617,"West Desert, Swasey",Deer,Buck,General Season,ACTIVE_RECONCILIATION_ROW,KEEP,,,,80,LIVE_DWR_TOTAL_ONLY,Included in active 2026 permit reconciliation union.
DB1618,"West Desert, Swasey",Deer,Buck,General Season,ACTIVE_RECONCILIATION_ROW,KEEP,,,,80,LIVE_DWR_TOTAL_ONLY,Included in active 2026 permit reconciliation union.
DB1619,"West Desert, Swasey",Deer,Buck,General Season,ACTIVE_RECONCILIATION_ROW,KEEP,,,,240,LIVE_DWR_TOTAL_ONLY,Included in active 2026 permit reconciliation union.
DB1620,Oquirrh/Tintic,Deer,Buck,General Season,ACTIVE_RECONCILIATION_ROW,KEEP,,,,450,LIVE_DWR_TOTAL_ONLY,Included in active 2026 permit reconciliation union.
DB1621,Oquirrh/Tintic,Deer,Buck,General Season,ACTIVE_RECONCILIATION_ROW,KEEP,,,,450,LIVE_DWR_TOTAL_ONLY,Included in active 2026 permit reconciliation union.
DB1622,Oquirrh/Tintic,Deer,Buck,General Season,ACTIVE_RECONCILIATION_ROW,KEEP,,,,1350,LIVE_DWR_TOTAL_ONLY,Included in active 2026 permit reconciliation union.
DB1623,Cedar/Stansbury,Deer,Buck,General Season,ACTIVE_RECONCILIATION_ROW,KEEP,,,,250,LIVE_DWR_TOTAL_ONLY,Included in active 2026 permit reconciliation union.
DB1624,Cedar/Stansbury,Deer,Buck,General Season,ACTIVE_RECONCILIATION_ROW,KEEP,,,,250,LIVE_DWR_TOTAL_ONLY,Included in active 2026 permit reconciliation union.
DB1625,Cedar/Stansbury,Deer,Buck,General Season,ACTIVE_RECONCILIATION_ROW,KEEP,,,,750,LIVE_DWR_TOTAL_ONLY,Included in active 2026 permit reconciliation union.
DB1627,Cache,Deer,Buck,General Season,ACTIVE_RECONCILIATION_ROW,KEEP,,,,3480,LIVE_DWR_TOTAL_ONLY,Included in active 2026 permit reconciliation union.
DB1628,Cache,Deer,Buck,General Season,ACTIVE_RECONCILIATION_ROW,KEEP,,,,1160,LIVE_DWR_TOTAL_ONLY,Included in active 2026 permit reconciliation union.
DB1629,Boulder/Kaiparowits,Deer,Buck,General Season,ACTIVE_RECONCILIATION_ROW,KEEP,,,,960,LIVE_DWR_TOTAL_ONLY,Included in active 2026 permit reconciliation union.
DB1630,Boulder/Kaiparowits,Deer,Buck,General Season,ACTIVE_RECONCILIATION_ROW,KEEP,,,,720,LIVE_DWR_TOTAL_ONLY,Included in active 2026 permit reconciliation union.
DB1631,Box Elder,Deer,Buck,General Season,ACTIVE_RECONCILIATION_ROW,KEEP,,,,1040,LIVE_DWR_TOTAL_ONLY,Included in active 2026 permit reconciliation union.
DB1770,Box Elder,Deer,Buck,General Season,ACTIVE_RECONCILIATION_ROW,KEEP,,,,688,LIVE_DWR_TOTAL_ONLY,Included in active 2026 permit reconciliation union.
DB1771,Cache,Deer,Buck,General Season,ACTIVE_RECONCILIATION_ROW,KEEP,,,,588,LIVE_DWR_TOTAL_ONLY,Included in active 2026 permit reconciliation union.
DB1772,Manti/San Rafael,Deer,Buck,General Season,ACTIVE_RECONCILIATION_ROW,KEEP,,,,573,LIVE_DWR_TOTAL_ONLY,Included in active 2026 permit reconciliation union.
DB1773,Nebo,Deer,Buck,General Season,ACTIVE_RECONCILIATION_ROW,KEEP,,,,349,LIVE_DWR_TOTAL_ONLY,Included in active 2026 permit reconciliation union.
DB1775,Fillmore,Deer,Buck,General Season,ACTIVE_RECONCILIATION_ROW,KEEP,,,,42,LIVE_DWR_TOTAL_ONLY,Included in active 2026 permit reconciliation union.
DB1777,Kamas,Deer,Buck,General Season,ACTIVE_RECONCILIATION_ROW,KEEP,,,,55,LIVE_DWR_TOTAL_ONLY,Included in active 2026 permit reconciliation union.
DB1778,La Sal Mtns,Deer,Buck,General Season,ACTIVE_RECONCILIATION_ROW,KEEP,,,,67,LIVE_DWR_TOTAL_ONLY,Included in active 2026 permit reconciliation union.
DB1779,Monroe,Deer,Buck,General Season,ACTIVE_RECONCILIATION_ROW,KEEP,,,,45,LIVE_DWR_TOTAL_ONLY,Included in active 2026 permit reconciliation union.
DB1780,Mt Dutton,Deer,Buck,General Season,ACTIVE_RECONCILIATION_ROW,KEEP,,,,26,LIVE_DWR_TOTAL_ONLY,Included in active 2026 permit reconciliation union.
DB1781,Nine Mile,Deer,Buck,General Season,ACTIVE_RECONCILIATION_ROW,KEEP,,,,62,LIVE_DWR_TOTAL_ONLY,Included in active 2026 permit reconciliation union.
DB1782,North Slope,Deer,Buck,General Season,ACTIVE_RECONCILIATION_ROW,KEEP,,,,340,LIVE_DWR_TOTAL_ONLY,Included in active 2026 permit reconciliation union.
DB1783,Ogden,Deer,Buck,General Season,ACTIVE_RECONCILIATION_ROW,KEEP,,,,297,LIVE_DWR_TOTAL_ONLY,Included in active 2026 permit reconciliation union.
DB1785,Panguitch Lake,Deer,Buck,General Season,ACTIVE_RECONCILIATION_ROW,KEEP,,,,112,LIVE_DWR_TOTAL_ONLY,Included in active 2026 permit reconciliation union.
DB1786,Pine Valley,Deer,Buck,General Season,ACTIVE_RECONCILIATION_ROW,KEEP,,,,228,LIVE_DWR_TOTAL_ONLY,Included in active 2026 permit reconciliation union.
DB1787,Boulder/Kaiparowits,Deer,Buck,General Season,ACTIVE_RECONCILIATION_ROW,KEEP,,,,70,LIVE_DWR_TOTAL_ONLY,Included in active 2026 permit reconciliation union.
DB1788,Fishlake,Deer,Buck,General Season,ACTIVE_RECONCILIATION_ROW,KEEP,,,,49,LIVE_DWR_TOTAL_ONLY,Included in active 2026 permit reconciliation union.
DB1790,"San Juan, Abajo Mtns",Deer,Buck,General Season,ACTIVE_RECONCILIATION_ROW,KEEP,,,,261,LIVE_DWR_TOTAL_ONLY,Included in active 2026 permit reconciliation union.
DB1791,Vernal/Bonanza,Deer,Buck,General Season,ACTIVE_RECONCILIATION_ROW,KEEP,,,,45,LIVE_DWR_TOTAL_ONLY,Included in active 2026 permit reconciliation union.
DB1792,Yellowstone,Deer,Buck,General Season,ACTIVE_RECONCILIATION_ROW,KEEP,,,,63,LIVE_DWR_TOTAL_ONLY,Included in active 2026 permit reconciliation union.
DB1793,Southwest Desert,Deer,Buck,General Season,ACTIVE_RECONCILIATION_ROW,KEEP,,,,46,LIVE_DWR_TOTAL_ONLY,Included in active 2026 permit reconciliation union.
DB1794,"Wasatch Mtns, East",Deer,Buck,General Season,ACTIVE_RECONCILIATION_ROW,KEEP,,,,271,LIVE_DWR_TOTAL_ONLY,Included in active 2026 permit reconciliation union.
DB1795,"Wasatch Mtns, West",Deer,Buck,General Season,ACTIVE_RECONCILIATION_ROW,KEEP,,,,701,LIVE_DWR_TOTAL_ONLY,Included in active 2026 permit reconciliation union.
DB1798,Zion,Deer,Buck,General Season,ACTIVE_RECONCILIATION_ROW,KEEP,,,,256,LIVE_DWR_TOTAL_ONLY,Included in active 2026 permit reconciliation union.
DB1799,Chalk Creek,Deer,Buck,General Season,ACTIVE_RECONCILIATION_ROW,KEEP,,,,292,LIVE_DWR_TOTAL_ONLY,Included in active 2026 permit reconciliation union.
DB1800,East Canyon,Deer,Buck,General Season,ACTIVE_RECONCILIATION_ROW,KEEP,,,,186,LIVE_DWR_TOTAL_ONLY,Included in active 2026 permit reconciliation union.
DB1801,Morgan-South Rich,Deer,Buck,General Season,ACTIVE_RECONCILIATION_ROW,KEEP,,,,211,LIVE_DWR_TOTAL_ONLY,Included in active 2026 permit reconciliation union.
DB1802,"Beaver, East",Deer,Buck,General Season,ACTIVE_RECONCILIATION_ROW,KEEP,,,,61,LIVE_DWR_TOTAL_ONLY,Included in active 2026 permit reconciliation union.
DB1803,"Beaver, West",Deer,Buck,General Season,ACTIVE_RECONCILIATION_ROW,KEEP,,,,44,LIVE_DWR_TOTAL_ONLY,Included in active 2026 permit reconciliation union.
DB1804,Cedar/Stansbury,Deer,Buck,General Season,ACTIVE_RECONCILIATION_ROW,KEEP,,,,42,LIVE_DWR_TOTAL_ONLY,Included in active 2026 permit reconciliation union.
DB1805,Oquirrh/Tintic,Deer,Buck,General Season,ACTIVE_RECONCILIATION_ROW,KEEP,,,,65,LIVE_DWR_TOTAL_ONLY,Included in active 2026 permit reconciliation union.
DB1806,"West Desert, Swasey",Deer,Buck,General Season,ACTIVE_RECONCILIATION_ROW,KEEP,,,,36,LIVE_DWR_TOTAL_ONLY,Included in active 2026 permit reconciliation union.
DS1000,Desert Bighorn Sheep - Statewide Permit,Desert Bighorn Sheep,Male Only,Statewide,ACTIVE_RECONCILIATION_ROW,KEEP,,1.0,0.0,1,FULL_SPLIT,Included in active 2026 permit reconciliation union.
DS1002,"Kaiparowits, East",Desert Bighorn Sheep,Male Only,Conservation,ACTIVE_RECONCILIATION_ROW,KEEP,,1.0,0.0,1,FULL_SPLIT,Included in active 2026 permit reconciliation union.
DS1003,"Kaiparowits, Escalante East/West",Desert Bighorn Sheep,Male Only,Conservation,ACTIVE_RECONCILIATION_ROW,KEEP,,1.0,0.0,1,FULL_SPLIT,Included in active 2026 permit reconciliation union.
DS1004,"San Rafael, Dirty Devil",Desert Bighorn Sheep,Male Only,Conservation,ACTIVE_RECONCILIATION_ROW,KEEP,,1.0,0.0,1,FULL_SPLIT,Included in active 2026 permit reconciliation union.
DS1006,"Kaiparowits, West",Desert Bighorn Sheep,Male Only,Conservation,ACTIVE_RECONCILIATION_ROW,KEEP,,1.0,0.0,1,FULL_SPLIT,Included in active 2026 permit reconciliation union.
DS1007,"San Rafael, South",Desert Bighorn Sheep,Male Only,Conservation,ACTIVE_RECONCILIATION_ROW,KEEP,,1.0,0.0,1,FULL_SPLIT,Included in active 2026 permit reconciliation union.
DS6600,Henry Mtns,Desert Bighorn Sheep,Male Only,Once-in-a-lifetime,ACTIVE_RECONCILIATION_ROW,KEEP,,3.0,0.0,3,LIVE_DWR_RES_NR_SPLIT,Included in active 2026 permit reconciliation union.
DS6601,"Kaiparowits, East",Desert Bighorn Sheep,Male Only,Once-in-a-lifetime,ACTIVE_RECONCILIATION_ROW,KEEP,,10.0,3.0,13,LIVE_DWR_RES_NR_SPLIT,Included in active 2026 permit reconciliation union.
DS6602,"Kaiparowits, Escalante",Desert Bighorn Sheep,Male Only,Once-in-a-lifetime,ACTIVE_RECONCILIATION_ROW,KEEP,,7.0,1.0,8,HISTORICAL_2025_ONLY_NOT_ACTIVE_2026,Included in active 2026 permit reconciliation union.
DS6603,"Kaiparowits, West",Desert Bighorn Sheep,Male Only,Once-in-a-lifetime,ACTIVE_RECONCILIATION_ROW,KEEP,,3.0,1.0,4,LIVE_DWR_RES_NR_SPLIT,Included in active 2026 permit reconciliation union.
DS6604,"La Sal, Potash/South Cisco",Desert Bighorn Sheep,Male Only,Once-in-a-lifetime,ACTIVE_RECONCILIATION_ROW,KEEP,,8.0,0.0,8,LIVE_DWR_RES_NR_SPLIT,Included in active 2026 permit reconciliation union.
DS6605,"Pine Valley, Beaver Dam",Desert Bighorn Sheep,Male Only,Conservation,ACTIVE_RECONCILIATION_ROW,KEEP,,1.0,0.0,1,FULL_SPLIT,Included in active 2026 permit reconciliation union.
DS6606,"San Juan, Lockhart",Desert Bighorn Sheep,Male Only,Once-in-a-lifetime,ACTIVE_RECONCILIATION_ROW,KEEP,,2.0,0.0,2,LIVE_DWR_RES_NR_SPLIT,Included in active 2026 permit reconciliation union.
DS6607,"San Juan, South",Desert Bighorn Sheep,Male Only,Once-in-a-lifetime,ACTIVE_RECONCILIATION_ROW,KEEP,,2.0,0.0,2,LIVE_DWR_RES_NR_SPLIT,Included in active 2026 permit reconciliation union.
DS6608,"San Rafael, Dirty Devil",Desert Bighorn Sheep,Male Only,Once-in-a-lifetime,ACTIVE_RECONCILIATION_ROW,KEEP,,3.0,1.0,4,LIVE_DWR_RES_NR_SPLIT,Included in active 2026 permit reconciliation union.
DS6609,"San Rafael, North",Desert Bighorn Sheep,Male Only,Once-in-a-lifetime,ACTIVE_RECONCILIATION_ROW,KEEP,,8.0,0.0,8,LIVE_DWR_RES_NR_SPLIT,Included in active 2026 permit reconciliation union.
DS6610,"San Rafael, South",Desert Bighorn Sheep,Male Only,Once-in-a-lifetime,ACTIVE_RECONCILIATION_ROW,KEEP,,10.0,2.0,12,LIVE_DWR_RES_NR_SPLIT,Included in active 2026 permit reconciliation union.
DS6611,Zion,Desert Bighorn Sheep,Male Only,Once-in-a-lifetime,ACTIVE_RECONCILIATION_ROW,KEEP,,3.0,0.0,3,LIVE_DWR_RES_NR_SPLIT,Included in active 2026 permit reconciliation union.
DS6620,"Pine Valley, Virgin River",Desert Bighorn Sheep,Male Only,Once-in-a-lifetime,ACTIVE_RECONCILIATION_ROW,KEEP,,3.0,0.0,3,LIVE_DWR_RES_NR_SPLIT,Included in active 2026 permit reconciliation union.
DS6621,"Pine Valley, Beaver Dam",Desert Bighorn Sheep,Male Only,Once-in-a-lifetime,ACTIVE_RECONCILIATION_ROW,KEEP,,2.0,0.0,2,LIVE_DWR_RES_NR_SPLIT,Included in active 2026 permit reconciliation union.
DS6622,"San Juan, North",Desert Bighorn Sheep,Male Only,Once-in-a-lifetime,ACTIVE_RECONCILIATION_ROW,KEEP,,3.0,0.0,3,LIVE_DWR_RES_NR_SPLIT,Included in active 2026 permit reconciliation union.
DS6623,"San Juan, San Juan River",Desert Bighorn Sheep,Male Only,Once-in-a-lifetime,ACTIVE_RECONCILIATION_ROW,KEEP,,2.0,0.0,2,LIVE_DWR_RES_NR_SPLIT,Included in active 2026 permit reconciliation union.
DS6624,"San Rafael, Dirty Devil",Desert Bighorn Sheep,Male Only,Once-in-a-lifetime,ACTIVE_RECONCILIATION_ROW,KEEP,,2.0,0.0,2,LIVE_DWR_RES_NR_SPLIT,Included in active 2026 permit reconciliation union.
DS6625,Mineral Mtns,Desert Bighorn Sheep,Male Only,Once-in-a-lifetime,ACTIVE_RECONCILIATION_ROW,KEEP,,4.0,0.0,4,LIVE_DWR_RES_NR_SPLIT,Included in active 2026 permit reconciliation union.
DS6626,"Escalante, East",Desert Bighorn Sheep,Male Only,Once-in-a-lifetime,ACTIVE_RECONCILIATION_ROW,KEEP,,5.0,2.0,7,LIVE_DWR_RES_NR_SPLIT,Included in active 2026 permit reconciliation union.
DS6627,"Escalante, West",Desert Bighorn Sheep,Male Only,Once-in-a-lifetime,ACTIVE_RECONCILIATION_ROW,KEEP,,3.0,0.0,3,LIVE_DWR_RES_NR_SPLIT,Included in active 2026 permit reconciliation union.
EA1007,"Box Elder, Grouse Creek",Elk,Antlerless,General Season,ACTIVE_RECONCILIATION_ROW,KEEP,,27,3,30,RECONCILED_2026_RECOMMENDED_RES_NR_SPLIT,Included in active 2026 permit reconciliation union.
EA1010,"Cache, Rich",Elk,Antlerless,General Season,ACTIVE_RECONCILIATION_ROW,KEEP,,31,4,35,RECONCILED_2026_ELK_ANTLERLESS_RECOMMENDED_CONFIRMED,Included in active 2026 permit reconciliation union.
EA1011,"Cache, Richards Hollow",Elk,Antlerless,General Season,ACTIVE_RECONCILIATION_ROW,KEEP,,18,2,20,RECONCILED_2026_ELK_ANTLERLESS_RECOMMENDED_CONFIRMED,Included in active 2026 permit reconciliation union.
EA1012,"Cache, Richmond Hyde Park",Elk,Antlerless,General Season,ACTIVE_RECONCILIATION_ROW,KEEP,,4.0,1.0,5,LIVE_DWR_RES_NR_SPLIT,Included in active 2026 permit reconciliation union.
EA1013,"Manti, Central",Elk,Antlerless,General Season,ACTIVE_RECONCILIATION_ROW,KEEP,,63.0,7.0,70,LIVE_DWR_RES_NR_SPLIT,Included in active 2026 permit reconciliation union.
EA1015,"Manti, Ferron Canyon",Elk,Antlerless,General Season,ACTIVE_RECONCILIATION_ROW,KEEP,,63.0,7.0,70,LIVE_DWR_RES_NR_SPLIT,Included in active 2026 permit reconciliation union.
EA1017,"Manti, Gordon Creek-Price Canyon",Elk,Antlerless,General Season,ACTIVE_RECONCILIATION_ROW,KEEP,,90.0,10.0,100,LIVE_DWR_RES_NR_SPLIT,Included in active 2026 permit reconciliation union.
EA1018,"Manti, Horn Mtn",Elk,Antlerless,General Season,ACTIVE_RECONCILIATION_ROW,KEEP,,54.0,6.0,60,LIVE_DWR_RES_NR_SPLIT,Included in active 2026 permit reconciliation union.
EA1020,"Manti, Mohrland-Stump Flat",Elk,Antlerless,General Season,ACTIVE_RECONCILIATION_ROW,KEEP,,108.0,12.0,120,LIVE_DWR_RES_NR_SPLIT,Included in active 2026 permit reconciliation union.
EA1021,Nebo,Elk,Antlerless,General Season,ACTIVE_RECONCILIATION_ROW,KEEP,,252,28,280,RECONCILED_2026_ELK_ANTLERLESS_RECOMMENDED_CONFIRMED,Included in active 2026 permit reconciliation union.
EA1022,"Manti, North",Elk,Antlerless,General Season,ACTIVE_RECONCILIATION_ROW,KEEP,,270.0,30.0,300,LIVE_DWR_RES_NR_SPLIT,Included in active 2026 permit reconciliation union.
EA1023,"Manti, South",Elk,Antlerless,General Season,ACTIVE_RECONCILIATION_ROW,KEEP,,90.0,10.0,100,LIVE_DWR_RES_NR_SPLIT,Included in active 2026 permit reconciliation union.
EA1024,"Manti, South",Elk,Antlerless,General Season,ACTIVE_RECONCILIATION_ROW,KEEP,,90.0,10.0,100,LIVE_DWR_RES_NR_SPLIT,Included in active 2026 permit reconciliation union.
EA1025,"Manti, West",Elk,Antlerless,General Season,ACTIVE_RECONCILIATION_ROW,KEEP,,108.0,12.0,120,LIVE_DWR_RES_NR_SPLIT,Included in active 2026 permit reconciliation union.
EA1026,Chalk Creek,Elk,Antlerless,General Season,ACTIVE_RECONCILIATION_ROW,KEEP,,315.0,35.0,350,LIVE_DWR_RES_NR_SPLIT,Included in active 2026 permit reconciliation union.
EA1030,"Fillmore, Pahvant",Elk,Antlerless,General Season,ACTIVE_RECONCILIATION_ROW,KEEP,,45.0,5.0,50,LIVE_DWR_RES_NR_SPLIT,Included in active 2026 permit reconciliation union.
EA1031,"Fillmore, Pahvant",Elk,Antlerless,General Season,ACTIVE_RECONCILIATION_ROW,KEEP,,45.0,5.0,50,LIVE_DWR_RES_NR_SPLIT,Included in active 2026 permit reconciliation union.
EA1033,Kamas,Elk,Antlerless,General Season,ACTIVE_RECONCILIATION_ROW,KEEP,,90,10,100,RECONCILED_2026_ELK_ANTLERLESS_RECOMMENDED_CONFIRMED,Included in active 2026 permit reconciliation union.
EA1035,"Kamas, Oakley",Elk,Antlerless,General Season,ACTIVE_RECONCILIATION_ROW,KEEP,,90,10,100,RECONCILED_2026_ELK_ANTLERLESS_RECOMMENDED_CONFIRMED,Included in active 2026 permit reconciliation union.
EA1037,Dolores Triangle,Elk,Antlerless,General Season,ACTIVE_RECONCILIATION_ROW,KEEP,,45.0,5.0,50,LIVE_DWR_RES_NR_SPLIT,Included in active 2026 permit reconciliation union.
EA1038,La Sal Mtns,Elk,Antlerless,General Season,ACTIVE_RECONCILIATION_ROW,KEEP,,180.0,20.0,200,LIVE_DWR_RES_NR_SPLIT,Included in active 2026 permit reconciliation union.
EA1039,La Sal Mtns,Elk,Antlerless,General Season,ACTIVE_RECONCILIATION_ROW,KEEP,,135.0,15.0,150,LIVE_DWR_RES_NR_SPLIT,Included in active 2026 permit reconciliation union.
EA1040,"Monroe, Koosharem Valley",Elk,Antlerless,General Season,ACTIVE_RECONCILIATION_ROW,KEEP,,7.0,1.0,8,HISTORICAL_2025_ONLY_NOT_ACTIVE_2026,Included in active 2026 permit reconciliation union.
EA1044,"Morgan-South Rich, South Rich",Elk,Antlerless,General Season,ACTIVE_RECONCILIATION_ROW,KEEP,,31.0,4.0,35,LIVE_DWR_RES_NR_SPLIT,Included in active 2026 permit reconciliation union.
EA1049,"Mt Dutton, Deep Creek",Elk,Antlerless,General Season,ACTIVE_RECONCILIATION_ROW,KEEP,,67.0,8.0,75,LIVE_DWR_RES_NR_SPLIT,Included in active 2026 permit reconciliation union.
EA1053,"Nine Mile, West Anthro",Elk,Antlerless,General Season,ACTIVE_RECONCILIATION_ROW,KEEP,,45,5,50,RECONCILED_2026_RECOMMENDED_RES_NR_SPLIT,Included in active 2026 permit reconciliation union.
EA1054,"Nine Mile, West Anthro",Elk,Antlerless,General Season,ACTIVE_RECONCILIATION_ROW,KEEP,,90,10,100,RECONCILED_2026_ELK_ANTLERLESS_RECOMMENDED_CONFIRMED,Included in active 2026 permit reconciliation union.
EA1056,"North Slope, Greendale",Elk,Antlerless,General Season,ACTIVE_RECONCILIATION_ROW,KEEP,,4.0,1.0,5,LIVE_DWR_RES_NR_SPLIT,Included in active 2026 permit reconciliation union.
EA1058,"North Slope, Henrys Fork-Burnt Fork",Elk,Antlerless,General Season,ACTIVE_RECONCILIATION_ROW,KEEP,,90.0,10.0,100,LIVE_DWR_RES_NR_SPLIT,Included in active 2026 permit reconciliation union.
EA1060,"North Slope, West Daggett",Elk,Antlerless,General Season,ACTIVE_RECONCILIATION_ROW,KEEP,,18.0,2.0,20,LIVE_DWR_RES_NR_SPLIT,Included in active 2026 permit reconciliation union.
EA1061,"North Slope, West Daggett",Elk,Antlerless,General Season,ACTIVE_RECONCILIATION_ROW,KEEP,,18.0,2.0,20,LIVE_DWR_RES_NR_SPLIT,Included in active 2026 permit reconciliation union.
EA1063,Ogden,Elk,Antlerless,General Season,ACTIVE_RECONCILIATION_ROW,KEEP,,90,10,100,RECONCILED_2026_ELK_ANTLERLESS_RECOMMENDED_CONFIRMED,Included in active 2026 permit reconciliation union.
EA1064,Ogden,Elk,Antlerless,General Season,ACTIVE_RECONCILIATION_ROW,KEEP,,67.0,8.0,75,LIVE_DWR_RES_NR_SPLIT,Included in active 2026 permit reconciliation union.
EA1069,Panguitch Lake,Elk,Antlerless,General Season,ACTIVE_RECONCILIATION_ROW,KEEP,,22,3,25,RECONCILED_2026_ELK_ANTLERLESS_RECOMMENDED_CONFIRMED,Included in active 2026 permit reconciliation union.
EA1073,Paunsaugunt,Elk,Antlerless,General Season,ACTIVE_RECONCILIATION_ROW,KEEP,,18.0,2.0,20,LIVE_DWR_RES_NR_SPLIT,Included in active 2026 permit reconciliation union.
EA1074,Pine Valley,Elk,Antlerless,General Season,ACTIVE_RECONCILIATION_ROW,KEEP,,4.0,1.0,5,HISTORICAL_2025_ONLY_NOT_ACTIVE_2026,Included in active 2026 permit reconciliation union.
EA1075,Boulder East,Elk,Antlerless,General Season,ACTIVE_RECONCILIATION_ROW,KEEP,,45.0,5.0,50,LIVE_DWR_RES_NR_SPLIT,Included in active 2026 permit reconciliation union.
EA1076,Boulder West,Elk,Antlerless,General Season,ACTIVE_RECONCILIATION_ROW,KEEP,,45.0,5.0,50,LIVE_DWR_RES_NR_SPLIT,Included in active 2026 permit reconciliation union.
EA1077,Boulder-Circle Cliffs,Elk,Antlerless,General Season,ACTIVE_RECONCILIATION_ROW,KEEP,,27.0,3.0,30,LIVE_DWR_RES_NR_SPLIT,Included in active 2026 permit reconciliation union.
EA1078,Fishlake/Thousand Lakes,Elk,Antlerless,General Season,ACTIVE_RECONCILIATION_ROW,KEEP,,243.0,27.0,270,LIVE_DWR_RES_NR_SPLIT,Included in active 2026 permit reconciliation union.
EA1079,Fishlake/Thousand Lakes East,Elk,Antlerless,General Season,ACTIVE_RECONCILIATION_ROW,KEEP,,58.0,7.0,65,LIVE_DWR_RES_NR_SPLIT,Included in active 2026 permit reconciliation union.
EA1080,Fishlake/Thousand Lakes West,Elk,Antlerless,General Season,ACTIVE_RECONCILIATION_ROW,KEEP,,54.0,6.0,60,LIVE_DWR_RES_NR_SPLIT,Included in active 2026 permit reconciliation union.
EA1081,San Juan,Elk,Antlerless,General Season,ACTIVE_RECONCILIATION_ROW,KEEP,,112.0,13.0,125,LIVE_DWR_RES_NR_SPLIT,Included in active 2026 permit reconciliation union.
EA1082,San Juan,Elk,Antlerless,General Season,ACTIVE_RECONCILIATION_ROW,KEEP,,112.0,13.0,125,LIVE_DWR_RES_NR_SPLIT,Included in active 2026 permit reconciliation union.
EA1084,"San Rafael, North",Elk,Antlerless,General Season,ACTIVE_RECONCILIATION_ROW,KEEP,,4.0,1.0,5,LIVE_DWR_RES_NR_SPLIT,Included in active 2026 permit reconciliation union.
EA1085,Vernal/Bonanza,Elk,Antlerless,General Season,ACTIVE_RECONCILIATION_ROW,KEEP,,90.0,10.0,100,LIVE_DWR_RES_NR_SPLIT,Included in active 2026 permit reconciliation union.
EA1087,Vernal/Bonanza,Elk,Antlerless,General Season,ACTIVE_RECONCILIATION_ROW,KEEP,,90.0,10.0,100,LIVE_DWR_RES_NR_SPLIT,Included in active 2026 permit reconciliation union.
EA1089,Diamond Mtn,Elk,Antlerless,General Season,ACTIVE_RECONCILIATION_ROW,KEEP,,45.0,5.0,50,LIVE_DWR_RES_NR_SPLIT,Included in active 2026 permit reconciliation union.
EA1090,Diamond Mtn,Elk,Antlerless,General Season,ACTIVE_RECONCILIATION_ROW,KEEP,,45.0,5.0,50,LIVE_DWR_RES_NR_SPLIT,Included in active 2026 permit reconciliation union.
EA1094,"Vernal, Mosby Mtn",Elk,Antlerless,General Season,ACTIVE_RECONCILIATION_ROW,KEEP,,90.0,10.0,100,LIVE_DWR_RES_NR_SPLIT,Included in active 2026 permit reconciliation union.
EA1101,Southwest Desert,Elk,Antlerless,General Season,ACTIVE_RECONCILIATION_ROW,KEEP,,90.0,10.0,100,LIVE_DWR_RES_NR_SPLIT,Included in active 2026 permit reconciliation union.
EA1106,"Wasatch Mtns, Avintaquin",Elk,Antlerless,General Season,ACTIVE_RECONCILIATION_ROW,KEEP,,180.0,20.0,200,LIVE_DWR_RES_NR_SPLIT,Included in active 2026 permit reconciliation union.
EA1107,"Wasatch Mtns, Currant Creek",Elk,Antlerless,General Season,ACTIVE_RECONCILIATION_ROW,KEEP,,180,20,200,RECONCILED_2026_RECOMMENDED_RES_NR_SPLIT,Included in active 2026 permit reconciliation union.
EA1110,"Wasatch Mtns, Salt Lake",Elk,Antlerless,General Season,ACTIVE_RECONCILIATION_ROW,KEEP,,40.0,5.0,45,LIVE_DWR_RES_NR_SPLIT,Included in active 2026 permit reconciliation union.
EA1111,"Wasatch Mtns, Wallsburg",Elk,Antlerless,General Season,ACTIVE_RECONCILIATION_ROW,KEEP,,31.0,4.0,35,LIVE_DWR_RES_NR_SPLIT,Included in active 2026 permit reconciliation union.
EA1112,"Wasatch Mtns, Wallsburg",Elk,Antlerless,General Season,ACTIVE_RECONCILIATION_ROW,KEEP,,49.0,6.0,55,LIVE_DWR_RES_NR_SPLIT,Included in active 2026 permit reconciliation union.
EA1113,"Wasatch Mtns, West Heber",Elk,Antlerless,General Season,ACTIVE_RECONCILIATION_ROW,KEEP,,27.0,3.0,30,LIVE_DWR_RES_NR_SPLIT,Included in active 2026 permit reconciliation union.
EA1114,"Wasatch Mtns, West Timpanogos",Elk,Antlerless,General Season,ACTIVE_RECONCILIATION_ROW,KEEP,,22.0,3.0,25,LIVE_DWR_RES_NR_SPLIT,Included in active 2026 permit reconciliation union.
EA1116,Zion,Elk,Antlerless,General Season,ACTIVE_RECONCILIATION_ROW,KEEP,,18.0,2.0,20,HISTORICAL_2025_ONLY_NOT_ACTIVE_2026,Included in active 2026 permit reconciliation union.
EA1117,Zion,Elk,Antlerless,General Season,ACTIVE_RECONCILIATION_ROW,KEEP,,198.0,22.0,220,LIVE_DWR_RES_NR_SPLIT,Included in active 2026 permit reconciliation union.
EA1118,Alton CWMU,Elk,Antlerless,CWMU,ACTIVE_RECONCILIATION_ROW,KEEP,,6.0,0.0,6,DWR_HUNTPLANNER_CWMU_RES_NR_TOTAL_DERIVED,Included in active 2026 permit reconciliation union.
EA1119,Bar J Ranch CWMU,Elk,Antlerless,CWMU,ACTIVE_RECONCILIATION_ROW,KEEP,,12.0,0.0,12,DWR_HUNTPLANNER_CWMU_RES_NR_TOTAL_DERIVED,Included in active 2026 permit reconciliation union.
EA1120,Bear Mountain CWMU,Elk,Antlerless,CWMU,ACTIVE_RECONCILIATION_ROW,KEEP,,20.0,0.0,20,DWR_HUNTPLANNER_CWMU_RES_NR_TOTAL_DERIVED,Included in active 2026 permit reconciliation union.
EA1121,Boobe Hole CWMU,Elk,Antlerless,CWMU,ACTIVE_RECONCILIATION_ROW,KEEP,,10.0,0.0,10,DWR_HUNTPLANNER_CWMU_RES_NR_TOTAL_DERIVED,Included in active 2026 permit reconciliation union.
EA1122,Causey Spring CWMU,Elk,Antlerless,CWMU,ACTIVE_RECONCILIATION_ROW,KEEP,,5.0,0.0,5,DWR_HUNTPLANNER_CWMU_RES_NR_TOTAL_DERIVED,Included in active 2026 permit reconciliation union.
EA1124,Chimney Rock CWMU,Elk,Antlerless,CWMU,ACTIVE_RECONCILIATION_ROW,KEEP,,12.0,0.0,12,DWR_HUNTPLANNER_CWMU_RES_NR_TOTAL_DERIVED,Included in active 2026 permit reconciliation union.
EA1125,Coldwater Ranch CWMU,Elk,Antlerless,CWMU,ACTIVE_RECONCILIATION_ROW,KEEP,,25.0,0.0,25,DWR_HUNTPLANNER_CWMU_RES_NR_TOTAL_DERIVED,Included in active 2026 permit reconciliation union.
EA1126,Cotton Thomas CWMU,Elk,Antlerless,CWMU,ACTIVE_RECONCILIATION_ROW,KEEP,,5.0,0,5,RECONCILED_2026_TOTAL_MATCH_SPLIT_FILLED,Included in active 2026 permit reconciliation union.
EA1129,Deseret CWMU,Elk,Antlerless,CWMU,ACTIVE_RECONCILIATION_ROW,KEEP,,360,0,360,RECONCILED_2026_ELK_ANTLERLESS_RECOMMENDED_CONFIRMED,Included in active 2026 permit reconciliation union.
EA1130,Double Cone CWMU,Elk,Antlerless,CWMU,ACTIVE_RECONCILIATION_ROW,KEEP,,7.0,0.0,7,DWR_HUNTPLANNER_CWMU_RES_NR_TOTAL_DERIVED,Included in active 2026 permit reconciliation union.
EA1131,Durst Mountain CWMU,Elk,Antlerless,CWMU,ACTIVE_RECONCILIATION_ROW,KEEP,,30.0,0.0,30,DWR_HUNTPLANNER_CWMU_RES_NR_TOTAL_DERIVED,Included in active 2026 permit reconciliation union.
EA1132,East Fork Chalk Creek CWMU,Elk,Antlerless,CWMU,ACTIVE_RECONCILIATION_ROW,KEEP,,30.0,0.0,30,DWR_HUNTPLANNER_CWMU_RES_NR_TOTAL_DERIVED,Included in active 2026 permit reconciliation union.
EA1134,Ensign Ranches CWMU,Elk,Antlerless,CWMU,ACTIVE_RECONCILIATION_ROW,KEEP,,48,0,48,RECONCILED_2026_ELK_ANTLERLESS_RECOMMENDED_CONFIRMED,Included in active 2026 permit reconciliation union.
EA1135,Folley Ridge CWMU,Elk,Antlerless,CWMU,ACTIVE_RECONCILIATION_ROW,KEEP,,20.0,0.0,20,DWR_HUNTPLANNER_CWMU_RES_NR_TOTAL_DERIVED,Included in active 2026 permit reconciliation union.
EA1136,Grass Valley/Clark Canyon CWMU,Elk,Antlerless,CWMU,ACTIVE_RECONCILIATION_ROW,KEEP,,50.0,0.0,50,DWR_HUNTPLANNER_CWMU_RES_NR_TOTAL_DERIVED,Included in active 2026 permit reconciliation union.
EA1137,Grazing Pasture CWMU,Elk,Antlerless,CWMU,ACTIVE_RECONCILIATION_ROW,KEEP,,9.0,0.0,9,DWR_HUNTPLANNER_CWMU_RES_NR_TOTAL_DERIVED,Included in active 2026 permit reconciliation union.
EA1138,Guildersleeve CWMU,Elk,Antlerless,CWMU,ACTIVE_RECONCILIATION_ROW,KEEP,,20.0,0.0,20,DWR_HUNTPLANNER_CWMU_RES_NR_TOTAL_DERIVED,Included in active 2026 permit reconciliation union.
EA1139,Hardscrabble CWMU,Elk,Antlerless,CWMU,ACTIVE_RECONCILIATION_ROW,KEEP,,5,0,5,RECONCILED_2026_ELK_ANTLERLESS_RECOMMENDED_CONFIRMED,Included in active 2026 permit reconciliation union.
EA1140,Heaston East CWMU,Elk,Antlerless,CWMU,ACTIVE_RECONCILIATION_ROW,KEEP,,24.0,0.0,24,DWR_HUNTPLANNER_CWMU_RES_NR_TOTAL_DERIVED,Included in active 2026 permit reconciliation union.
EA1141,Hiawatha CWMU,Elk,Antlerless,CWMU,ACTIVE_RECONCILIATION_ROW,KEEP,,12.0,0.0,12,DWR_HUNTPLANNER_CWMU_RES_NR_TOTAL_DERIVED,Included in active 2026 permit reconciliation union.
EA1142,Indian Head CWMU,Elk,Antlerless,CWMU,ACTIVE_RECONCILIATION_ROW,KEEP,,12.0,0.0,12,DWR_HUNTPLANNER_CWMU_RES_NR_TOTAL_DERIVED,Included in active 2026 permit reconciliation union.
EA1143,Circle E Ranch CWMU,Elk,Antlerless,CWMU,ACTIVE_RECONCILIATION_ROW,KEEP,,21.0,0.0,21,DWR_HUNTPLANNER_CWMU_RES_NR_TOTAL_DERIVED,Included in active 2026 permit reconciliation union.
EA1145,Johnson Mountain Ranch CWMU,Elk,Antlerless,CWMU,ACTIVE_RECONCILIATION_ROW,KEEP,,20.0,0.0,20,DWR_HUNTPLANNER_CWMU_RES_NR_TOTAL_DERIVED,Included in active 2026 permit reconciliation union.
EA1146,Jump Creek CWMU,Elk,Antlerless,CWMU,ACTIVE_RECONCILIATION_ROW,KEEP,,9.0,0.0,9,DWR_HUNTPLANNER_CWMU_RES_NR_TOTAL_DERIVED,Included in active 2026 permit reconciliation union.
EA1147,Little Red Creek CWMU,Elk,Antlerless,CWMU,ACTIVE_RECONCILIATION_ROW,KEEP,,15.0,0.0,15,DWR_HUNTPLANNER_CWMU_RES_NR_TOTAL_DERIVED,Included in active 2026 permit reconciliation union.
EA1149,Minnie Maud Ridge CWMU,Elk,Antlerless,CWMU,ACTIVE_RECONCILIATION_ROW,KEEP,,16,0,16,RECONCILED_2026_ELK_ANTLERLESS_RECOMMENDED_CONFIRMED,Included in active 2026 permit reconciliation union.
EA1151,Moon Ranch CWMU,Elk,Antlerless,CWMU,ACTIVE_RECONCILIATION_ROW,KEEP,,6.0,0.0,6,DWR_HUNTPLANNER_CWMU_RES_NR_TOTAL_DERIVED,Included in active 2026 permit reconciliation union.
EA1153,Old Woman Plateau CWMU,Elk,Antlerless,CWMU,ACTIVE_RECONCILIATION_ROW,KEEP,,4.0,0.0,4,DWR_HUNTPLANNER_CWMU_RES_NR_TOTAL_DERIVED,Included in active 2026 permit reconciliation union.
EA1156,Preston Nutter Ranch CWMU,Elk,Antlerless,CWMU,ACTIVE_RECONCILIATION_ROW,KEEP,,21.0,0.0,21,DWR_HUNTPLANNER_CWMU_RES_NR_TOTAL_DERIVED,Included in active 2026 permit reconciliation union.
EA1157,Redd Ranches CWMU,Elk,Antlerless,CWMU,ACTIVE_RECONCILIATION_ROW,KEEP,,35.0,0.0,35,DWR_HUNTPLANNER_CWMU_RES_NR_TOTAL_DERIVED,Included in active 2026 permit reconciliation union.
EA1158,Cactus Ranch LLC CWMU,Elk,Antlerless,CWMU,ACTIVE_RECONCILIATION_ROW,KEEP,,7.0,0.0,7,DWR_HUNTPLANNER_CWMU_RES_NR_TOTAL_DERIVED,Included in active 2026 permit reconciliation union.
EA1159,Roan Cliffs CWMU,Elk,Antlerless,CWMU,ACTIVE_RECONCILIATION_ROW,KEEP,,6.0,0.0,6,DWR_HUNTPLANNER_CWMU_RES_NR_TOTAL_DERIVED,Included in active 2026 permit reconciliation union.
EA1160,Sand Creek CWMU,Elk,Antlerless,CWMU,ACTIVE_RECONCILIATION_ROW,KEEP,,5.0,0.0,5,DWR_HUNTPLANNER_CWMU_RES_NR_TOTAL_DERIVED,Included in active 2026 permit reconciliation union.
EA1161,Scofield Canyons CWMU,Elk,Antlerless,CWMU,ACTIVE_RECONCILIATION_ROW,KEEP,,9.0,0.0,9,DWR_HUNTPLANNER_CWMU_RES_NR_TOTAL_DERIVED,Included in active 2026 permit reconciliation union.
EA1162,Scofield East CWMU,Elk,Antlerless,CWMU,ACTIVE_RECONCILIATION_ROW,KEEP,,14.0,0.0,14,DWR_HUNTPLANNER_CWMU_RES_NR_TOTAL_DERIVED,Included in active 2026 permit reconciliation union.
EA1163,Scofield West CWMU,Elk,Antlerless,CWMU,ACTIVE_RECONCILIATION_ROW,KEEP,,19.0,0.0,19,DWR_HUNTPLANNER_CWMU_RES_NR_TOTAL_DERIVED,Included in active 2026 permit reconciliation union.
EA1164,SJ Ranch CWMU,Elk,Antlerless,CWMU,ACTIVE_RECONCILIATION_ROW,KEEP,,6.0,0.0,6,DWR_HUNTPLANNER_CWMU_RES_NR_TOTAL_DERIVED,Included in active 2026 permit reconciliation union.
EA1165,Skull Crack CWMU,Elk,Antlerless,CWMU,ACTIVE_RECONCILIATION_ROW,KEEP,,15.0,0.0,15,DWR_HUNTPLANNER_CWMU_RES_NR_TOTAL_DERIVED,Included in active 2026 permit reconciliation union.
EA1166,Soldier Summit CWMU,Elk,Antlerless,CWMU,ACTIVE_RECONCILIATION_ROW,KEEP,,16.0,0.0,16,DWR_HUNTPLANNER_CWMU_RES_NR_TOTAL_DERIVED,Included in active 2026 permit reconciliation union.
EA1167,South Canyon CWMU,Elk,Antlerless,CWMU,ACTIVE_RECONCILIATION_ROW,KEEP,,12.0,0.0,12,DWR_HUNTPLANNER_CWMU_RES_NR_TOTAL_DERIVED,Included in active 2026 permit reconciliation union.
EA1168,Spring Creek/Dodge CWMU,Elk,Antlerless,CWMU,ACTIVE_RECONCILIATION_ROW,KEEP,,15.0,0.0,15,DWR_HUNTPLANNER_CWMU_RES_NR_TOTAL_DERIVED,Included in active 2026 permit reconciliation union.
EA1170,Strawberry Ridge CWMU,Elk,Antlerless,CWMU,ACTIVE_RECONCILIATION_ROW,KEEP,,10.0,0.0,10,DWR_HUNTPLANNER_CWMU_RES_NR_TOTAL_DERIVED,Included in active 2026 permit reconciliation union.
EA1171,Summit Point CWMU,Elk,Antlerless,CWMU,ACTIVE_RECONCILIATION_ROW,KEEP,,5.0,0.0,5,DWR_HUNTPLANNER_CWMU_RES_NR_TOTAL_DERIVED,Included in active 2026 permit reconciliation union.
EA1172,Three C CWMU,Elk,Antlerless,CWMU,ACTIVE_RECONCILIATION_ROW,KEEP,,9.0,0.0,9,DWR_HUNTPLANNER_CWMU_RES_NR_TOTAL_DERIVED,Included in active 2026 permit reconciliation union.
EA1174,Two Bear CWMU,Elk,Antlerless,CWMU,ACTIVE_RECONCILIATION_ROW,KEEP,,60.0,0.0,60,DWR_HUNTPLANNER_CWMU_RES_NR_TOTAL_DERIVED,Included in active 2026 permit reconciliation union.
EA1175,Wallsburg CWMU,Elk,Antlerless,CWMU,ACTIVE_RECONCILIATION_ROW,KEEP,,10.0,0.0,10,DWR_HUNTPLANNER_CWMU_RES_NR_TOTAL_DERIVED,Included in active 2026 permit reconciliation union.
EA1176,Weber Florence Creek CWMU,Elk,Antlerless,CWMU,ACTIVE_RECONCILIATION_ROW,KEEP,,45,5,50,REVIEWED_OVERRIDE_USER_CONFIRMED,Included in active 2026 permit reconciliation union.
EA1177,Woodruff Creek South CWMU,Elk,Antlerless,CWMU,ACTIVE_RECONCILIATION_ROW,KEEP,,8.0,0.0,8,DWR_HUNTPLANNER_CWMU_RES_NR_TOTAL_DERIVED,Included in active 2026 permit reconciliation union.
EA1180,La Sal (Conservation),Elk,Antlerless,Conservation,ACTIVE_RECONCILIATION_ROW,KEEP,,,,8,NO_QUOTA_PUBLISHED,Included in active 2026 permit reconciliation union.
EA1187,"Paunsaugunt, Hatch Bench",Elk,Antlerless,General Season,ACTIVE_RECONCILIATION_ROW,KEEP,,13.0,2.0,15,LIVE_DWR_RES_NR_SPLIT,Included in active 2026 permit reconciliation union.
EA1189,"Wasatch Mtns, West-Central",Elk,Antlerless,General Season,ACTIVE_RECONCILIATION_ROW,KEEP,,382.0,43.0,425,LIVE_DWR_RES_NR_SPLIT,Included in active 2026 permit reconciliation union.
EA1192,Pahvant Ensign CWMU,Elk,Antlerless,CWMU,ACTIVE_RECONCILIATION_ROW,KEEP,,6.0,0.0,6,DWR_HUNTPLANNER_CWMU_RES_NR_TOTAL_DERIVED,Included in active 2026 permit reconciliation union.
EA1193,"Cache, Rich",Elk,Antlerless,General Season,ACTIVE_RECONCILIATION_ROW,KEEP,,31,4,35,RECONCILED_2026_ELK_ANTLERLESS_RECOMMENDED_CONFIRMED,Included in active 2026 permit reconciliation union.
EA1196,"North Slope, Summit",Elk,Antlerless,General Season,ACTIVE_RECONCILIATION_ROW,KEEP,,67.0,8.0,75,LIVE_DWR_RES_NR_SPLIT,Included in active 2026 permit reconciliation union.
EA1198,Bear Springs CWMU,Elk,Antlerless,CWMU,ACTIVE_RECONCILIATION_ROW,KEEP,,2.0,0.0,2,DWR_HUNTPLANNER_CWMU_RES_NR_TOTAL_DERIVED,Included in active 2026 permit reconciliation union.
EA1200,Double R Ranch CWMU,Elk,Antlerless,CWMU,ACTIVE_RECONCILIATION_ROW,KEEP,,10.0,0.0,10,DWR_HUNTPLANNER_CWMU_RES_NR_TOTAL_DERIVED,Included in active 2026 permit reconciliation union.
EA1201,Mountain Sky Ranch CWMU,Elk,Antlerless,CWMU,ACTIVE_RECONCILIATION_ROW,KEEP,,10.0,0.0,10,DWR_HUNTPLANNER_CWMU_RES_NR_TOTAL_DERIVED,Included in active 2026 permit reconciliation union.
EA1203,"Box Elder, Pilot Mtn",Elk,Antlerless,General Season,ACTIVE_RECONCILIATION_ROW,KEEP,,4.0,1.0,5,LIVE_DWR_RES_NR_SPLIT,Included in active 2026 permit reconciliation union.
EA1204,"Box Elder, Pilot Mtn",Elk,Antlerless,General Season,ACTIVE_RECONCILIATION_ROW,KEEP,,4.0,1.0,5,LIVE_DWR_RES_NR_SPLIT,Included in active 2026 permit reconciliation union.
EA1206,"Cache, Richmond Hyde Park",Elk,Antlerless,General Season,ACTIVE_RECONCILIATION_ROW,KEEP,,9.0,1.0,10,LIVE_DWR_RES_NR_SPLIT,Included in active 2026 permit reconciliation union.
EA1207,"Nebo, Moroni Hills",Elk,Antlerless,General Season,ACTIVE_RECONCILIATION_ROW,KEEP,,9.0,1.0,10,LIVE_DWR_RES_NR_SPLIT,Included in active 2026 permit reconciliation union.
EA1208,Nebo,Elk,Antlerless,General Season,ACTIVE_RECONCILIATION_ROW,KEEP,,292,33,325,RECONCILED_2026_ELK_ANTLERLESS_RECOMMENDED_CONFIRMED,Included in active 2026 permit reconciliation union.
EA1209,"Fillmore, Oak Creek LE",Elk,Antlerless,General Season,ACTIVE_RECONCILIATION_ROW,KEEP,,45.0,5.0,50,LIVE_DWR_RES_NR_SPLIT,Included in active 2026 permit reconciliation union.
EA1217,"Wasatch Mtns, Avintaquin",Elk,Antlerless,General Season,ACTIVE_RECONCILIATION_ROW,KEEP,,135.0,15.0,150,LIVE_DWR_RES_NR_SPLIT,Included in active 2026 permit reconciliation union.
EA1220,Manti (Expo),Elk,Antlerless,General Season,ACTIVE_RECONCILIATION_ROW,KEEP,,,,3,HARD_COPY_EXPO_TOTAL_ONLY,Included in active 2026 permit reconciliation union.
EA1221,Fishlake/Thousand Lake (Expo),Elk,Antlerless,General Season,ACTIVE_RECONCILIATION_ROW,KEEP,,,,1,HARD_COPY_EXPO_TOTAL_ONLY,Included in active 2026 permit reconciliation union.
EA1222,"Beaver, East",Elk,Antlerless,General Season,ACTIVE_RECONCILIATION_ROW,KEEP,,36,4,40,RECONCILED_2026_ELK_ANTLERLESS_RECOMMENDED_CONFIRMED,Included in active 2026 permit reconciliation union.
EA1223,"Beaver, East",Elk,Antlerless,General Season,ACTIVE_RECONCILIATION_ROW,KEEP,,36,4,40,RECONCILED_2026_ELK_ANTLERLESS_RECOMMENDED_CONFIRMED,Included in active 2026 permit reconciliation union.
EA1224,"Book Cliffs, Bitter Creek/South",Elk,Antlerless,General Season,ACTIVE_RECONCILIATION_ROW,KEEP,,117.0,13.0,130,LIVE_DWR_RES_NR_SPLIT,Included in active 2026 permit reconciliation union.
EA1225,"Book Cliffs, Bitter Creek/South",Elk,Antlerless,General Season,ACTIVE_RECONCILIATION_ROW,KEEP,,147.0,16.0,163,LIVE_DWR_RES_NR_SPLIT,Included in active 2026 permit reconciliation union.
EA1226,"Nebo, Moroni Hills",Elk,Antlerless,General Season,ACTIVE_RECONCILIATION_ROW,KEEP,,9.0,1.0,10,LIVE_DWR_RES_NR_SPLIT,Included in active 2026 permit reconciliation union.
EA1228,Morgan-South Rich,Elk,Antlerless,General Season,ACTIVE_RECONCILIATION_ROW,KEEP,,67.0,8.0,75,LIVE_DWR_RES_NR_SPLIT,Included in active 2026 permit reconciliation union.
EA1229,Morgan-South Rich,Elk,Antlerless,General Season,ACTIVE_RECONCILIATION_ROW,KEEP,,144.0,16.0,160,LIVE_DWR_RES_NR_SPLIT,Included in active 2026 permit reconciliation union.
EA1231,"West Desert, Tintic Valley",Elk,Antlerless,General Season,ACTIVE_RECONCILIATION_ROW,KEEP,,45.0,5.0,50,LIVE_DWR_RES_NR_SPLIT,Included in active 2026 permit reconciliation union.
EA1233,Avintaquin Canyon CWMU,Elk,Antlerless,CWMU,ACTIVE_RECONCILIATION_ROW,KEEP,,4.0,0.0,4,DWR_HUNTPLANNER_CWMU_RES_NR_TOTAL_DERIVED,Included in active 2026 permit reconciliation union.
EA1234,Royal Ivory Outfitters CWMU,Elk,Antlerless,CWMU,ACTIVE_RECONCILIATION_ROW,KEEP,,15.0,0.0,15,DWR_HUNTPLANNER_CWMU_RES_NR_TOTAL_DERIVED,Included in active 2026 permit reconciliation union.
EA1235,Sharp Mountain CWMU,Elk,Antlerless,CWMU,ACTIVE_RECONCILIATION_ROW,KEEP,,10.0,0.0,10,DWR_HUNTPLANNER_CWMU_RES_NR_TOTAL_DERIVED,Included in active 2026 permit reconciliation union.
EA1236,East Canyon,Elk,Antlerless,General Season,ACTIVE_RECONCILIATION_ROW,KEEP,,135.0,15.0,150,LIVE_DWR_RES_NR_SPLIT,Included in active 2026 permit reconciliation union.
EA1237,"La Sal Mtns, North",Elk,Antlerless,General Season,ACTIVE_RECONCILIATION_ROW,KEEP,,157.0,18.0,175,LIVE_DWR_RES_NR_SPLIT,Included in active 2026 permit reconciliation union.
EA1239,"Nine Mile, Range Creek",Elk,Antlerless,General Season,ACTIVE_RECONCILIATION_ROW,KEEP,,45.0,5.0,50,LIVE_DWR_RES_NR_SPLIT,Included in active 2026 permit reconciliation union.
EA1240,"Nine Mile, Range Creek",Elk,Antlerless,General Season,ACTIVE_RECONCILIATION_ROW,KEEP,,135.0,15.0,150,LIVE_DWR_RES_NR_SPLIT,Included in active 2026 permit reconciliation union.
EA1242,"Vernal, Buckskin Hills-Jensen",Elk,Antlerless,General Season,ACTIVE_RECONCILIATION_ROW,KEEP,,90.0,10.0,100,LIVE_DWR_RES_NR_SPLIT,Included in active 2026 permit reconciliation union.
EA1243,"Vernal, Buckskin Hills-Jensen",Elk,Antlerless,General Season,ACTIVE_RECONCILIATION_ROW,KEEP,,90.0,10.0,100,LIVE_DWR_RES_NR_SPLIT,Included in active 2026 permit reconciliation union.
EA1244,Yellowstone,Elk,Antlerless,General Season,ACTIVE_RECONCILIATION_ROW,KEEP,,90.0,10.0,100,LIVE_DWR_RES_NR_SPLIT,Included in active 2026 permit reconciliation union.
EA1245,Yellowstone,Elk,Antlerless,General Season,ACTIVE_RECONCILIATION_ROW,KEEP,,45.0,5.0,50,LIVE_DWR_RES_NR_SPLIT,Included in active 2026 permit reconciliation union.
EA1250,"North Slope, West Daggett",Elk,Antlerless,General Season,ACTIVE_RECONCILIATION_ROW,KEEP,,27.0,3.0,30,LIVE_DWR_RES_NR_SPLIT,Included in active 2026 permit reconciliation union.
EA1251,"Southwest Desert, Burbank/Garrison",Elk,Antlerless,General Season,ACTIVE_RECONCILIATION_ROW,KEEP,,11,1,12,RECONCILED_2026_ELK_ANTLERLESS_RECOMMENDED_CONFIRMED,Included in active 2026 permit reconciliation union.
EA1252,"Southwest Desert, Burbank/Garrison",Elk,Antlerless,General Season,ACTIVE_RECONCILIATION_ROW,KEEP,,4.0,1.0,5,HISTORICAL_2025_ONLY_NOT_ACTIVE_2026,Included in active 2026 permit reconciliation union.
EA1254,Pine Valley,Elk,Antlerless,General Season,ACTIVE_RECONCILIATION_ROW,KEEP,,27.0,3.0,30,LIVE_DWR_RES_NR_SPLIT,Included in active 2026 permit reconciliation union.
EA1256,Little Pole Canyon CWMU,Elk,Antlerless,CWMU,ACTIVE_RECONCILIATION_ROW,KEEP,,9.0,0.0,9,DWR_HUNTPLANNER_CWMU_RES_NR_TOTAL_DERIVED,Included in active 2026 permit reconciliation union.
EA1257,Tunnel Hollow CWMU,Elk,Antlerless,CWMU,ACTIVE_RECONCILIATION_ROW,KEEP,,5.0,0.0,5,DWR_HUNTPLANNER_CWMU_RES_NR_TOTAL_DERIVED,Included in active 2026 permit reconciliation union.
EA1258,La Sal (Expo),Elk,Antlerless,General Season,ACTIVE_RECONCILIATION_ROW,KEEP,,,,1,HARD_COPY_EXPO_TOTAL_ONLY,Included in active 2026 permit reconciliation union.
EA1259,Diamond Mountain CWMU,Elk,Antlerless,CWMU,ACTIVE_RECONCILIATION_ROW,KEEP,,2.0,0.0,2,DWR_HUNTPLANNER_CWMU_RES_NR_TOTAL_DERIVED,Included in active 2026 permit reconciliation union.
EA1260,West Ridge CWMU,Elk,Antlerless,CWMU,ACTIVE_RECONCILIATION_ROW,KEEP,,5.0,0.0,5,DWR_HUNTPLANNER_CWMU_RES_NR_TOTAL_DERIVED,Included in active 2026 permit reconciliation union.
EA1261,Blackhawk CWMU,Elk,Antlerless,CWMU,ACTIVE_RECONCILIATION_ROW,KEEP,,5.0,0.0,5,DWR_HUNTPLANNER_CWMU_RES_NR_TOTAL_DERIVED,Included in active 2026 permit reconciliation union.
EA1263,Weber Florence Creek/Stillman Creek CWMU,Elk,Antlerless,CWMU,ACTIVE_RECONCILIATION_ROW,KEEP,,35.0,0.0,35,DWR_HUNTPLANNER_CWMU_RES_NR_TOTAL_DERIVED,Included in active 2026 permit reconciliation union.
EA1264,"Wasatch Mtns, Rabbit Gulch",Elk,Antlerless,General Season,ACTIVE_RECONCILIATION_ROW,KEEP,,45.0,5.0,50,LIVE_DWR_RES_NR_SPLIT,Included in active 2026 permit reconciliation union.
EA1265,"Wasatch Mtns, Tabby Mtn",Elk,Antlerless,General Season,ACTIVE_RECONCILIATION_ROW,KEEP,,90.0,10.0,100,LIVE_DWR_RES_NR_SPLIT,Included in active 2026 permit reconciliation union.
EA1266,"Box Elder, Hansel Mtn",Elk,Antlerless,General Season,ACTIVE_RECONCILIATION_ROW,KEEP,,27,3,30,RECONCILED_2026_ELK_ANTLERLESS_RECOMMENDED_CONFIRMED,Included in active 2026 permit reconciliation union.
EA1267,Cache,Elk,Antlerless,General Season,ACTIVE_RECONCILIATION_ROW,KEEP,,180,20,200,RECONCILED_2026_ELK_ANTLERLESS_RECOMMENDED_CONFIRMED,Included in active 2026 permit reconciliation union.
EA1268,"North Slope, Summit",Elk,Antlerless,General Season,ACTIVE_RECONCILIATION_ROW,KEEP,,180.0,20.0,200,LIVE_DWR_RES_NR_SPLIT,Included in active 2026 permit reconciliation union.
EA1269,Ogden (excludes Hyrum),Elk,Antlerless,General Season,ACTIVE_RECONCILIATION_ROW,KEEP,,270,30,300,RECONCILED_2026_ELK_ANTLERLESS_RECOMMENDED_CONFIRMED,Included in active 2026 permit reconciliation union.
EA1270,Fishlake (Conservation),Elk,Antlerless,Conservation,ACTIVE_RECONCILIATION_ROW,KEEP,,,,4,NO_QUOTA_PUBLISHED,Included in active 2026 permit reconciliation union.
EA1271,Manti (Conservation),Elk,Antlerless,Conservation,ACTIVE_RECONCILIATION_ROW,KEEP,,,,4,NO_QUOTA_PUBLISHED,Included in active 2026 permit reconciliation union.
EA1272,"East Canyon, East",Elk,Antlerless,General Season,ACTIVE_RECONCILIATION_ROW,KEEP,,135.0,15.0,150,LIVE_DWR_RES_NR_SPLIT,Included in active 2026 permit reconciliation union.
EA1273,"North Slope, Three Corners",Elk,Antlerless,General Season,ACTIVE_RECONCILIATION_ROW,KEEP,,22.0,3.0,25,LIVE_DWR_RES_NR_SPLIT,Included in active 2026 permit reconciliation union.
EA1274,"North Slope, Three Corners",Elk,Antlerless,General Season,ACTIVE_RECONCILIATION_ROW,KEEP,,22.0,3.0,25,LIVE_DWR_RES_NR_SPLIT,Included in active 2026 permit reconciliation union.
EA1276,"Wasatch Mtns, Box Elder Peak",Elk,Antlerless,General Season,ACTIVE_RECONCILIATION_ROW,KEEP,,40.0,5.0,45,LIVE_DWR_RES_NR_SPLIT,Included in active 2026 permit reconciliation union.
EA1277,"North Slope, Three Corners",Elk,Antlerless,General Season,ACTIVE_RECONCILIATION_ROW,KEEP,,22.0,3.0,25,LIVE_DWR_RES_NR_SPLIT,Included in active 2026 permit reconciliation union.
EA1278,"Manti, Ferron-Nelson Mtn",Elk,Antlerless,General Season,ACTIVE_RECONCILIATION_ROW,KEEP,,45.0,5.0,50,LIVE_DWR_RES_NR_SPLIT,Included in active 2026 permit reconciliation union.
EA1279,"Manti, Ferron-Nelson Mtn",Elk,Antlerless,General Season,ACTIVE_RECONCILIATION_ROW,KEEP,,45.0,5.0,50,LIVE_DWR_RES_NR_SPLIT,Included in active 2026 permit reconciliation union.
EA1280,"La Sal, La Sal Mtns-North",Elk,Antlerless,General Season,ACTIVE_RECONCILIATION_ROW,KEEP,,157.0,18.0,175,LIVE_DWR_RES_NR_SPLIT,Included in active 2026 permit reconciliation union.
EA1281,"Mt Dutton, Deep Creek",Elk,Antlerless,General Season,ACTIVE_RECONCILIATION_ROW,KEEP,,67.0,8.0,75,LIVE_DWR_RES_NR_SPLIT,Included in active 2026 permit reconciliation union.
EA1282,"Ogden, North",Elk,Antlerless,General Season,ACTIVE_RECONCILIATION_ROW,KEEP,,180.0,20.0,200,LIVE_DWR_RES_NR_SPLIT,Included in active 2026 permit reconciliation union.
EA1283,Panguitch Lake,Elk,Antlerless,General Season,ACTIVE_RECONCILIATION_ROW,KEEP,,31.0,4.0,35,LIVE_DWR_RES_NR_SPLIT,Included in active 2026 permit reconciliation union.
EA1284,Panguitch Lake,Elk,Antlerless,General Season,ACTIVE_RECONCILIATION_ROW,KEEP,,49,6,55,RECONCILED_2026_ELK_ANTLERLESS_RECOMMENDED_CONFIRMED,Included in active 2026 permit reconciliation union.
EA1285,Panguitch Lake,Elk,Antlerless,General Season,ACTIVE_RECONCILIATION_ROW,KEEP,,22,3,25,RECONCILED_2026_ELK_ANTLERLESS_RECOMMENDED_CONFIRMED,Included in active 2026 permit reconciliation union.
EA1286,Monroe,Elk,Antlerless,General Season,ACTIVE_RECONCILIATION_ROW,KEEP,,46,4,50,RECONCILED_2026_ELK_ANTLERLESS_RECOMMENDED_CONFIRMED,Included in active 2026 permit reconciliation union.
EA1288,"Manti, Ferron Lower Escarpment",Elk,Antlerless,General-Season,ACTIVE_RECONCILIATION_ROW,KEEP,,36,4,40,RECONCILED_2026_RECOMMENDED_RES_NR_SPLIT,Included in active 2026 permit reconciliation union.
EA1289,"Manti, Ferron Lower Escarpment",Elk,Antlerless,General-Season,ACTIVE_RECONCILIATION_ROW,KEEP,,36,4,40,RECONCILED_2026_RECOMMENDED_RES_NR_SPLIT,Included in active 2026 permit reconciliation union.
EA1290,"Manti, Ferron Lower Escarpment",Elk,Antlerless,General-Season,ACTIVE_RECONCILIATION_ROW,KEEP,,36,4,40,RECONCILED_2026_RECOMMENDED_RES_NR_SPLIT,Included in active 2026 permit reconciliation union.
EA1291,"Mt Dutton, North",Elk,Antlerless,General-Season,ACTIVE_RECONCILIATION_ROW,KEEP,,72,8,80,RECONCILED_2026_RECOMMENDED_RES_NR_SPLIT,Included in active 2026 permit reconciliation union.
EA1292,"Mt Dutton, North",Elk,Antlerless,General-season,ACTIVE_RECONCILIATION_ROW,KEEP,,72,8,80,RECONCILED_2026_RECOMMENDED_RES_NR_SPLIT,Included in active 2026 permit reconciliation union.
EA1293,"North Slope, Three Corners",Elk,Antlerless,General-Season,ACTIVE_RECONCILIATION_ROW,KEEP,,22,3,25,RECONCILED_2026_RECOMMENDED_RES_NR_SPLIT,Included in active 2026 permit reconciliation union.
EA1294,"Paunsaugunt, East Creek",Elk,Antlerless,General-Season,ACTIVE_RECONCILIATION_ROW,KEEP,,22,3,25,RECONCILED_2026_RECOMMENDED_RES_NR_SPLIT,Included in active 2026 permit reconciliation union.
EA1295,"Wasatch Mtns, Avintaquin",Elk,Antlerless,General-Season,ACTIVE_RECONCILIATION_ROW,KEEP,,90,10,100,RECONCILED_2026_RECOMMENDED_RES_NR_SPLIT,Included in active 2026 permit reconciliation union.
EA1296,"Wasatch Mtns, Currant Creek",Elk,Antlerless,General-Season,ACTIVE_RECONCILIATION_ROW,KEEP,,90,10,100,RECONCILED_2026_RECOMMENDED_RES_NR_SPLIT,Included in active 2026 permit reconciliation union.
EA1297,"Wasatch Mtns, Red Creek West",Elk,Antlerless,General-Season,ACTIVE_RECONCILIATION_ROW,KEEP,,90,10,100,RECONCILED_2026_RECOMMENDED_RES_NR_SPLIT,Included in active 2026 permit reconciliation union.
EA1298,"Wasatch Mtns, Wildcat/Timber Canyon",Elk,Antlerless,General-Season,ACTIVE_RECONCILIATION_ROW,KEEP,,90,10,100,RECONCILED_2026_RECOMMENDED_RES_NR_SPLIT,Included in active 2026 permit reconciliation union.
EA1299,"Wasatch Mtns, West-Central",Elk,Antlerless,General-Season,ACTIVE_RECONCILIATION_ROW,KEEP,,45,5,50,RECONCILED_2026_RECOMMENDED_RES_NR_SPLIT,Included in active 2026 permit reconciliation union.
EA1300,"Wasatch Mtns, West-Central",Elk,Antlerless,General-Season,ACTIVE_RECONCILIATION_ROW,KEEP,,45,5,50,RECONCILED_2026_RECOMMENDED_RES_NR_SPLIT,Included in active 2026 permit reconciliation union.
EA1301,The Dirty Dozen,Elk,Antlerless,General-Season,ACTIVE_RECONCILIATION_ROW,KEEP,,10,0,10,RECONCILED_2026_RECOMMENDED_RES_NR_SPLIT,Included in active 2026 permit reconciliation union.
EA2000,Antlerless Elk Control,Elk,Antlerless,Antlerless Elk Control,ACTIVE_RECONCILIATION_ROW,KEEP,,,,,,Included in active 2026 permit reconciliation union.
EA2002,Morgan-South Rich,Elk,Antlerless,Private Lands Only,ACTIVE_RECONCILIATION_ROW,KEEP,,,,600,LIVE_DWR_TOTAL_ONLY,Included in active 2026 permit reconciliation union.
EA2003,East Canyon,Elk,Antlerless,Private Lands Only,ACTIVE_RECONCILIATION_ROW,KEEP,,,,500,LIVE_DWR_TOTAL_ONLY,Included in active 2026 permit reconciliation union.
EA2004,Chalk Creek,Elk,Antlerless,Private Lands Only,ACTIVE_RECONCILIATION_ROW,KEEP,,,,600,LIVE_DWR_TOTAL_ONLY,Included in active 2026 permit reconciliation union.
EA2005,"North Slope, West Daggett",Elk,Antlerless,Private Lands Only,ACTIVE_RECONCILIATION_ROW,KEEP,,,,100,LIVE_DWR_TOTAL_ONLY,Included in active 2026 permit reconciliation union.
EA2006,Yellowstone,Elk,Antlerless,Private Lands Only,ACTIVE_RECONCILIATION_ROW,KEEP,,,,2000,LIVE_DWR_TOTAL_ONLY,Included in active 2026 permit reconciliation union.
EA2008,"Nine Mile, Anthro-Myton Bench",Elk,Antlerless,Private Lands Only,ACTIVE_RECONCILIATION_ROW,KEEP,,,,250,LIVE_DWR_TOTAL_ONLY,Included in active 2026 permit reconciliation union.
EA2009,La Sal Mtns,Elk,Antlerless,Private Lands Only,ACTIVE_RECONCILIATION_ROW,KEEP,,,,70,LIVE_DWR_TOTAL_ONLY,Included in active 2026 permit reconciliation union.
EA2010,San Juan,Elk,Antlerless,Private Lands Only,ACTIVE_RECONCILIATION_ROW,KEEP,,,,50,LIVE_DWR_TOTAL_ONLY,Included in active 2026 permit reconciliation union.
EA2011,Manti,Elk,Antlerless,Private Lands Only,ACTIVE_RECONCILIATION_ROW,KEEP,,,,300,LIVE_DWR_TOTAL_ONLY,Included in active 2026 permit reconciliation union.
EA2012,"Wasatch Mtns, West-Central",Elk,Antlerless,Private Lands Only,ACTIVE_RECONCILIATION_ROW,KEEP,,,,400,LIVE_DWR_TOTAL_ONLY,Included in active 2026 permit reconciliation union.
EA2013,"Wasatch Mtns, Currant Creek",Elk,Antlerless,Private Lands Only,ACTIVE_RECONCILIATION_ROW,KEEP,,,,2000,LIVE_DWR_TOTAL_ONLY,Included in active 2026 permit reconciliation union.
EA2014,"Wasatch Mtns, Avintaquin-White River",Elk,Antlerless,Private Lands Only,ACTIVE_RECONCILIATION_ROW,KEEP,,,,400,LIVE_DWR_TOTAL_ONLY,Included in active 2026 permit reconciliation union.
EA2015,Paunsaugunt,Elk,Antlerless,Private Lands Only,ACTIVE_RECONCILIATION_ROW,KEEP,,,,100,LIVE_DWR_TOTAL_ONLY,Included in active 2026 permit reconciliation union.
EA2016,Nebo,Elk,Antlerless,Private Lands Only,ACTIVE_RECONCILIATION_ROW,KEEP,,,,275,LIVE_DWR_TOTAL_ONLY,Included in active 2026 permit reconciliation union.
EA2017,Mt Dutton,Elk,Antlerless,Private Lands Only,ACTIVE_RECONCILIATION_ROW,KEEP,,,,75,LIVE_DWR_TOTAL_ONLY,Included in active 2026 permit reconciliation union.
EA2018,Panguitch Lake,Elk,Antlerless,Private Lands Only,ACTIVE_RECONCILIATION_ROW,KEEP,,,,75,LIVE_DWR_TOTAL_ONLY,Included in active 2026 permit reconciliation union.
EA2019,"West Desert, Tintic Valley",Elk,Antlerless,Private Lands Only,ACTIVE_RECONCILIATION_ROW,KEEP,,,,60,LIVE_DWR_TOTAL_ONLY,Included in active 2026 permit reconciliation union.
EA2020,Zion,Elk,Antlerless,Private Lands Only,ACTIVE_RECONCILIATION_ROW,KEEP,,,,320,LIVE_DWR_TOTAL_ONLY,Included in active 2026 permit reconciliation union.
EA2021,"Beaver, East",Elk,Antlerless,Private Lands Only,ACTIVE_RECONCILIATION_ROW,KEEP,,,,30,LIVE_DWR_TOTAL_ONLY,Included in active 2026 permit reconciliation union.
EA2026,"Box Elder, Hansel Mtn",Elk,Antlerless,Private Lands Only,ACTIVE_RECONCILIATION_ROW,KEEP,,,,200,LIVE_DWR_TOTAL_ONLY,Included in active 2026 permit reconciliation union.
EA2027,Cache,Elk,Antlerless,Private Lands Only,ACTIVE_RECONCILIATION_ROW,KEEP,,,,300,LIVE_DWR_TOTAL_ONLY,Included in active 2026 permit reconciliation union.
EA2028,Vernal/Bonanza,Elk,Antlerless,Private Lands Only,ACTIVE_RECONCILIATION_ROW,KEEP,,,,450,LIVE_DWR_TOTAL_ONLY,Included in active 2026 permit reconciliation union.
EA2029,"Nine Mile, Range Creek",Elk,Antlerless,Private Lands Only,ACTIVE_RECONCILIATION_ROW,KEEP,,,,150,LIVE_DWR_TOTAL_ONLY,Included in active 2026 permit reconciliation union.
EA2030,Diamond Mtn,Elk,Antlerless,Private Lands Only,ACTIVE_RECONCILIATION_ROW,KEEP,,,,200,LIVE_DWR_TOTAL_ONLY,Included in active 2026 permit reconciliation union.
EA2033,Kamas,Elk,Antlerless,General Season,ACTIVE_RECONCILIATION_ROW,KEEP,,180,20,200,RECONCILED_2026_ELK_ANTLERLESS_RECOMMENDED_CONFIRMED,Included in active 2026 permit reconciliation union.
EA2034,"Nine Mile, Anthro",Elk,Antlerless,General Season,ACTIVE_RECONCILIATION_ROW,KEEP,,180.0,20.0,200,LIVE_DWR_RES_NR_SPLIT,Included in active 2026 permit reconciliation union.
EA2036,"Oquirrh-Stansbury, East",Elk,Antlerless,General Season,ACTIVE_RECONCILIATION_ROW,KEEP,,63,7,70,RECONCILED_2026_ELK_ANTLERLESS_RECOMMENDED_CONFIRMED,Included in active 2026 permit reconciliation union.
EA2037,Yellowstone,Elk,Antlerless,General Season,ACTIVE_RECONCILIATION_ROW,KEEP,,180.0,20.0,200,LIVE_DWR_RES_NR_SPLIT,Included in active 2026 permit reconciliation union.
EA2038,Wasatch Mtns,Elk,Antlerless,General Season,ACTIVE_RECONCILIATION_ROW,KEEP,,1080.0,120.0,1200,LIVE_DWR_RES_NR_SPLIT,Included in active 2026 permit reconciliation union.
EA2039,"Fillmore, Pahvant",Elk,Antlerless,Private Lands Only,ACTIVE_RECONCILIATION_ROW,KEEP,,,,150,LIVE_DWR_TOTAL_ONLY,Included in active 2026 permit reconciliation union.
EA2040,Kamas,Elk,Antlerless,Private Lands Only,ACTIVE_RECONCILIATION_ROW,KEEP,,,,150,LIVE_DWR_TOTAL_ONLY,Included in active 2026 permit reconciliation union.
EA2041,Cache (Conservation),Elk,Antlerless,Conservation,ACTIVE_RECONCILIATION_ROW,KEEP,,,,6,NO_QUOTA_PUBLISHED,Included in active 2026 permit reconciliation union.
EA2045,Wasatch Mtns (Conservation),Elk,Antlerless,Conservation,ACTIVE_RECONCILIATION_ROW,KEEP,,,,10,NO_QUOTA_PUBLISHED,Included in active 2026 permit reconciliation union.
EA2046,"Box Elder, Sawtooth",Elk,Antlerless,Private Lands Only,ACTIVE_RECONCILIATION_ROW,KEEP,,,,25,LIVE_DWR_TOTAL_ONLY,Included in active 2026 permit reconciliation union.
EB1000,Elk - Statewide Permit,Elk,Bull,Statewide,ACTIVE_RECONCILIATION_ROW,KEEP,,,,1,RECONCILED_2026_USER_CONFIRMED_EB1000_TOTAL_ONLY,Included in active 2026 permit reconciliation union.
EB1001,Any Bull Elk Units,Elk,Bull,General Season - Any Bull,ACTIVE_RECONCILIATION_ROW,KEEP,,,,10,,Included in active 2026 permit reconciliation union.
EB1002,Any Bull Elk Units,Elk,Bull,General Season - Any Bull,ACTIVE_RECONCILIATION_ROW,KEEP,,,,6,,Included in active 2026 permit reconciliation union.
EB1003,Spike Only Units,Elk,Bull,General Season - Spike Bull,ACTIVE_RECONCILIATION_ROW,KEEP,,,,16,,Included in active 2026 permit reconciliation union.
EB1004,Spike Only Units,Elk,Bull,General Season - Spike Bull,ACTIVE_RECONCILIATION_ROW,KEEP,,,,6,,Included in active 2026 permit reconciliation union.
EB1005,Archery Hunters Choice Elk,Elk,Bull,General Season - Archery,ACTIVE_RECONCILIATION_ROW,KEEP,,,,16,,Included in active 2026 permit reconciliation union.
EB1007,Draw-only Youth Any Bull/Hunters Choice Elk,Elk,Bull,General Season - Any Bull,ACTIVE_RECONCILIATION_ROW,KEEP,,,,750,LIVE_DWR_TOTAL_ONLY,Included in active 2026 permit reconciliation union.
EB1009,Spike Only Elk Units - Multiseason,Elk,Bull,General Season - Spike Bull,ACTIVE_RECONCILIATION_ROW,KEEP,,,,,,Included in active 2026 permit reconciliation union.
EB1010,Any Bull Elk Units,Elk,Bull,General Season - Any Bull,ACTIVE_RECONCILIATION_ROW,KEEP,,,,17,,Included in active 2026 permit reconciliation union.
EB1011,Youth General Season Bull Elk,Elk,Bull,General Season - Youth,ACTIVE_RECONCILIATION_ROW,KEEP,,,,,,Included in active 2026 permit reconciliation union.
EB1012,Uinta Basin Private Lands Any Bull Elk,Elk,Bull,General Season - Any Bull,ACTIVE_RECONCILIATION_ROW,KEEP,,,,500,LIVE_DWR_TOTAL_ONLY,Included in active 2026 permit reconciliation union.
EB3000,"Beaver, East",Elk,Bull,Limited Entry,ACTIVE_RECONCILIATION_ROW,KEEP,,22.0,3.0,25,LIVE_DWR_RES_NR_SPLIT,Included in active 2026 permit reconciliation union.
EB3002,"Book Cliffs, Little Creek Roadless",Elk,Bull,Limited Entry,ACTIVE_RECONCILIATION_ROW,KEEP,,4.0,0.0,4,LIVE_DWR_RES_NR_SPLIT,Included in active 2026 permit reconciliation union.
EB3003,"Cache, Meadowville",Elk,Bull,Limited Entry,ACTIVE_RECONCILIATION_ROW,KEEP,,9.0,1.0,10,LIVE_DWR_RES_NR_SPLIT,Included in active 2026 permit reconciliation union.
EB3005,"Cache, South",Elk,Bull,Limited Entry,ACTIVE_RECONCILIATION_ROW,KEEP,,10.0,1.0,11,LIVE_DWR_RES_NR_SPLIT,Included in active 2026 permit reconciliation union.
EB3006,Manti,Elk,Bull,Limited Entry,ACTIVE_RECONCILIATION_ROW,KEEP,,148.0,17.0,165,LIVE_DWR_RES_NR_SPLIT,Included in active 2026 permit reconciliation union.
EB3008,"Fillmore, Pahvant",Elk,Bull,Limited Entry,ACTIVE_RECONCILIATION_ROW,KEEP,,19.0,2.0,21,LIVE_DWR_RES_NR_SPLIT,Included in active 2026 permit reconciliation union.
EB3009,La Sal Mtns,Elk,Bull,Limited Entry,ACTIVE_RECONCILIATION_ROW,KEEP,,36.0,4.0,40,LIVE_DWR_RES_NR_SPLIT,Included in active 2026 permit reconciliation union.
EB3010,Monroe,Elk,Bull,Limited Entry,ACTIVE_RECONCILIATION_ROW,KEEP,,10.0,1.0,11,LIVE_DWR_RES_NR_SPLIT,Included in active 2026 permit reconciliation union.
EB3011,Mt Dutton,Elk,Bull,Limited Entry,ACTIVE_RECONCILIATION_ROW,KEEP,,19.0,2.0,21,LIVE_DWR_RES_NR_SPLIT,Included in active 2026 permit reconciliation union.
EB3013,"North Slope, Three Corners",Elk,Bull,Limited Entry,ACTIVE_RECONCILIATION_ROW,KEEP,,6.0,1.0,7,LIVE_DWR_RES_NR_SPLIT,Included in active 2026 permit reconciliation union.
EB3015,Panguitch Lake,Elk,Bull,Limited Entry,ACTIVE_RECONCILIATION_ROW,KEEP,,17.0,2.0,19,LIVE_DWR_RES_NR_SPLIT,Included in active 2026 permit reconciliation union.
EB3018,Fishlake/Thousand Lakes,Elk,Bull,Limited Entry,ACTIVE_RECONCILIATION_ROW,KEEP,,84.0,9.0,93,LIVE_DWR_RES_NR_SPLIT,Included in active 2026 permit reconciliation union.
EB3019,San Juan Bull Elk,Elk,Bull,Limited Entry,ACTIVE_RECONCILIATION_ROW,KEEP,,29.0,3.0,32,LIVE_DWR_RES_NR_SPLIT,Included in active 2026 permit reconciliation union.
EB3020,Diamond Mtn,Elk,Bull,Limited Entry,ACTIVE_RECONCILIATION_ROW,KEEP,,25.0,3.0,28,LIVE_DWR_RES_NR_SPLIT,Included in active 2026 permit reconciliation union.
EB3022,Wasatch Mtns,Elk,Bull,Limited Entry,ACTIVE_RECONCILIATION_ROW,KEEP,,130.0,15.0,145,LIVE_DWR_RES_NR_SPLIT,Included in active 2026 permit reconciliation union.
EB3024,"Beaver, East",Elk,Bull,Limited Entry,ACTIVE_RECONCILIATION_ROW,KEEP,,9.0,1.0,10,LIVE_DWR_RES_NR_SPLIT,Included in active 2026 permit reconciliation union.
EB3025,"Beaver, East",Elk,Bull,Limited Entry,ACTIVE_RECONCILIATION_ROW,KEEP,,15.0,2.0,17,LIVE_DWR_RES_NR_SPLIT,Included in active 2026 permit reconciliation union.
EB3028,"Book Cliffs, Little Creek Roadless",Elk,Bull,Limited Entry,ACTIVE_RECONCILIATION_ROW,KEEP,,3.0,0.0,3,LIVE_DWR_RES_NR_SPLIT,Included in active 2026 permit reconciliation union.
EB3031,"Box Elder, Pilot Mtn",Elk,Bull,Limited Entry,ACTIVE_RECONCILIATION_ROW,KEEP,,6.0,1.0,7,LIVE_DWR_RES_NR_SPLIT,Included in active 2026 permit reconciliation union.
EB3032,"Cache, Meadowville",Elk,Bull,Limited Entry,ACTIVE_RECONCILIATION_ROW,KEEP,,3.0,1.0,4,LIVE_DWR_RES_NR_SPLIT,Included in active 2026 permit reconciliation union.
EB3033,"Cache, Meadowville",Elk,Bull,Limited Entry,ACTIVE_RECONCILIATION_ROW,KEEP,,6.0,1.0,7,LIVE_DWR_RES_NR_SPLIT,Included in active 2026 permit reconciliation union.
EB3036,"Cache, South",Elk,Bull,Limited Entry,ACTIVE_RECONCILIATION_ROW,KEEP,,4.0,0.0,4,LIVE_DWR_RES_NR_SPLIT,Included in active 2026 permit reconciliation union.
EB3037,"Cache, South",Elk,Bull,Limited Entry,ACTIVE_RECONCILIATION_ROW,KEEP,,6.0,1.0,7,LIVE_DWR_RES_NR_SPLIT,Included in active 2026 permit reconciliation union.
EB3038,Manti,Elk,Bull,Limited Entry,ACTIVE_RECONCILIATION_ROW,KEEP,,61.0,7.0,68,LIVE_DWR_RES_NR_SPLIT,Included in active 2026 permit reconciliation union.
EB3039,Manti,Elk,Bull,Limited Entry,ACTIVE_RECONCILIATION_ROW,KEEP,,102.0,11.0,113,LIVE_DWR_RES_NR_SPLIT,Included in active 2026 permit reconciliation union.
EB3042,"Fillmore, Pahvant",Elk,Bull,Limited Entry,ACTIVE_RECONCILIATION_ROW,KEEP,,8.0,1.0,9,LIVE_DWR_RES_NR_SPLIT,Included in active 2026 permit reconciliation union.
EB3043,"Fillmore, Pahvant",Elk,Bull,Limited Entry,ACTIVE_RECONCILIATION_ROW,KEEP,,13.0,2.0,15,LIVE_DWR_RES_NR_SPLIT,Included in active 2026 permit reconciliation union.
EB3044,Dolores Triangle,Elk,Bull,Limited Entry,ACTIVE_RECONCILIATION_ROW,KEEP,,6.0,1.0,7,LIVE_DWR_RES_NR_SPLIT,Included in active 2026 permit reconciliation union.
EB3045,La Sal Mtns,Elk,Bull,Limited Entry,ACTIVE_RECONCILIATION_ROW,KEEP,,14.0,2.0,16,LIVE_DWR_RES_NR_SPLIT,Included in active 2026 permit reconciliation union.
EB3046,La Sal Mtns,Elk,Bull,Limited Entry,ACTIVE_RECONCILIATION_ROW,KEEP,,24.0,3.0,27,LIVE_DWR_RES_NR_SPLIT,Included in active 2026 permit reconciliation union.
EB3047,Monroe,Elk,Bull,Limited Entry,ACTIVE_RECONCILIATION_ROW,KEEP,,3.0,1.0,4,LIVE_DWR_RES_NR_SPLIT,Included in active 2026 permit reconciliation union.
EB3048,Monroe,Elk,Bull,Limited Entry,ACTIVE_RECONCILIATION_ROW,KEEP,,13.0,2.0,15,LIVE_DWR_RES_NR_SPLIT,Included in active 2026 permit reconciliation union.
EB3049,Mt Dutton,Elk,Bull,Limited Entry,ACTIVE_RECONCILIATION_ROW,KEEP,,8.0,1.0,9,LIVE_DWR_RES_NR_SPLIT,Included in active 2026 permit reconciliation union.
EB3050,Mt Dutton,Elk,Bull,Limited Entry,ACTIVE_RECONCILIATION_ROW,KEEP,,13.0,2.0,15,LIVE_DWR_RES_NR_SPLIT,Included in active 2026 permit reconciliation union.
EB3053,"North Slope, Three Corners",Elk,Bull,Limited Entry,ACTIVE_RECONCILIATION_ROW,KEEP,,9.0,1.0,10,LIVE_DWR_RES_NR_SPLIT,Included in active 2026 permit reconciliation union.
EB3056,Panguitch Lake,Elk,Bull,Limited Entry,ACTIVE_RECONCILIATION_ROW,KEEP,,7.0,1.0,8,LIVE_DWR_RES_NR_SPLIT,Included in active 2026 permit reconciliation union.
EB3057,Panguitch Lake,Elk,Bull,Limited Entry,ACTIVE_RECONCILIATION_ROW,KEEP,,12.0,1.0,13,LIVE_DWR_RES_NR_SPLIT,Included in active 2026 permit reconciliation union.
EB3063,Fishlake/Thousand Lakes,Elk,Bull,Limited Entry,ACTIVE_RECONCILIATION_ROW,KEEP,,34.0,4.0,38,LIVE_DWR_RES_NR_SPLIT,Included in active 2026 permit reconciliation union.
EB3064,Fishlake/Thousand Lakes,Elk,Bull,Limited Entry,ACTIVE_RECONCILIATION_ROW,KEEP,,99.0,11.0,110,LIVE_DWR_RES_NR_SPLIT,Included in active 2026 permit reconciliation union.
EB3065,Fishlake/Thousand Lakes,Elk,Bull,Limited Entry,ACTIVE_RECONCILIATION_ROW,KEEP,,57.0,6.0,63,LIVE_DWR_RES_NR_SPLIT,Included in active 2026 permit reconciliation union.
EB3066,San Juan Bull Elk,Elk,Bull,Limited Entry,ACTIVE_RECONCILIATION_ROW,KEEP,,12.0,1.0,13,LIVE_DWR_RES_NR_SPLIT,Included in active 2026 permit reconciliation union.
EB3067,San Juan Bull Elk,Elk,Bull,Limited Entry,ACTIVE_RECONCILIATION_ROW,KEEP,,20.0,2.0,22,LIVE_DWR_RES_NR_SPLIT,Included in active 2026 permit reconciliation union.
EB3068,Diamond Mtn,Elk,Bull,Limited Entry,ACTIVE_RECONCILIATION_ROW,KEEP,,10.0,1.0,11,LIVE_DWR_RES_NR_SPLIT,Included in active 2026 permit reconciliation union.
EB3069,Diamond Mtn,Elk,Bull,Limited Entry,ACTIVE_RECONCILIATION_ROW,KEEP,,30.0,3.0,33,LIVE_DWR_RES_NR_SPLIT,Included in active 2026 permit reconciliation union.
EB3072,Wasatch Mtns,Elk,Bull,Limited Entry,ACTIVE_RECONCILIATION_ROW,KEEP,,54.0,6.0,60,LIVE_DWR_RES_NR_SPLIT,Included in active 2026 permit reconciliation union.
EB3073,Wasatch Mtns,Elk,Bull,Limited Entry,ACTIVE_RECONCILIATION_ROW,KEEP,,89.0,10.0,99,LIVE_DWR_RES_NR_SPLIT,Included in active 2026 permit reconciliation union.
EB3077,"Beaver, East",Elk,Bull,Limited Entry,ACTIVE_RECONCILIATION_ROW,KEEP,,13.0,2.0,15,LIVE_DWR_RES_NR_SPLIT,Included in active 2026 permit reconciliation union.
EB3079,"Book Cliffs, Little Creek Roadless",Elk,Bull,Limited Entry,ACTIVE_RECONCILIATION_ROW,KEEP,,2.0,0.0,2,LIVE_DWR_RES_NR_SPLIT,Included in active 2026 permit reconciliation union.
EB3081,"Cache, Meadowville",Elk,Bull,Limited Entry,ACTIVE_RECONCILIATION_ROW,KEEP,,5.0,1.0,6,LIVE_DWR_RES_NR_SPLIT,Included in active 2026 permit reconciliation union.
EB3083,"Cache, South",Elk,Bull,Limited Entry,ACTIVE_RECONCILIATION_ROW,KEEP,,5.0,1.0,6,LIVE_DWR_RES_NR_SPLIT,Included in active 2026 permit reconciliation union.
EB3084,Manti,Elk,Bull,Limited Entry,ACTIVE_RECONCILIATION_ROW,KEEP,,89.0,10.0,99,LIVE_DWR_RES_NR_SPLIT,Included in active 2026 permit reconciliation union.
EB3086,"Fillmore, Pahvant",Elk,Bull,Limited Entry,ACTIVE_RECONCILIATION_ROW,KEEP,,12.0,1.0,13,LIVE_DWR_RES_NR_SPLIT,Included in active 2026 permit reconciliation union.
EB3087,La Sal Mtns,Elk,Bull,Limited Entry,ACTIVE_RECONCILIATION_ROW,KEEP,,22.0,2.0,24,LIVE_DWR_RES_NR_SPLIT,Included in active 2026 permit reconciliation union.
EB3088,Monroe,Elk,Bull,Limited Entry,ACTIVE_RECONCILIATION_ROW,KEEP,,10.0,1.0,11,LIVE_DWR_RES_NR_SPLIT,Included in active 2026 permit reconciliation union.
EB3089,Mt Dutton,Elk,Bull,Limited Entry,ACTIVE_RECONCILIATION_ROW,KEEP,,12.0,1.0,13,LIVE_DWR_RES_NR_SPLIT,Included in active 2026 permit reconciliation union.
EB3091,"North Slope, Three Corners",Elk,Bull,Limited Entry,ACTIVE_RECONCILIATION_ROW,KEEP,,4.0,0.0,4,LIVE_DWR_RES_NR_SPLIT,Included in active 2026 permit reconciliation union.
EB3093,Panguitch Lake,Elk,Bull,Limited Entry,ACTIVE_RECONCILIATION_ROW,KEEP,,10.0,1.0,11,LIVE_DWR_RES_NR_SPLIT,Included in active 2026 permit reconciliation union.
EB3096,Fishlake/Thousand Lakes,Elk,Bull,Limited Entry,ACTIVE_RECONCILIATION_ROW,KEEP,,50.0,6.0,56,LIVE_DWR_RES_NR_SPLIT,Included in active 2026 permit reconciliation union.
EB3097,San Juan Bull Elk,Elk,Bull,Limited Entry,ACTIVE_RECONCILIATION_ROW,KEEP,,17.0,2.0,19,LIVE_DWR_RES_NR_SPLIT,Included in active 2026 permit reconciliation union.
EB3098,Diamond Mtn,Elk,Bull,Limited Entry,ACTIVE_RECONCILIATION_ROW,KEEP,,15.0,2.0,17,LIVE_DWR_RES_NR_SPLIT,Included in active 2026 permit reconciliation union.
EB3100,Wasatch Mtns,Elk,Bull,Limited Entry,ACTIVE_RECONCILIATION_ROW,KEEP,,78.0,9.0,87,LIVE_DWR_RES_NR_SPLIT,Included in active 2026 permit reconciliation union.
EB3102,"Beaver, East",Elk,Bull,Limited Entry,ACTIVE_RECONCILIATION_ROW,KEEP,,3.0,0.0,3,LIVE_DWR_RES_NR_SPLIT,Included in active 2026 permit reconciliation union.
EB3104,"Book Cliffs, Little Creek Roadless",Elk,Bull,Limited Entry,ACTIVE_RECONCILIATION_ROW,KEEP,,1.0,0.0,1,LIVE_DWR_RES_NR_SPLIT,Included in active 2026 permit reconciliation union.
EB3105,"Cache, Meadowville",Elk,Bull,Limited Entry,ACTIVE_RECONCILIATION_ROW,KEEP,,1.0,0.0,1,LIVE_DWR_RES_NR_SPLIT,Included in active 2026 permit reconciliation union.
EB3107,"Cache, South",Elk,Bull,Limited Entry,ACTIVE_RECONCILIATION_ROW,KEEP,,1.0,0.0,1,LIVE_DWR_RES_NR_SPLIT,Included in active 2026 permit reconciliation union.
EB3108,Manti,Elk,Bull,Limited Entry,ACTIVE_RECONCILIATION_ROW,KEEP,,18.0,2.0,20,LIVE_DWR_RES_NR_SPLIT,Included in active 2026 permit reconciliation union.
EB3110,"Fillmore, Pahvant",Elk,Bull,Limited Entry,ACTIVE_RECONCILIATION_ROW,KEEP,,3.0,0.0,3,LIVE_DWR_RES_NR_SPLIT,Included in active 2026 permit reconciliation union.
EB3111,La Sal Mtns,Elk,Bull,Limited Entry,ACTIVE_RECONCILIATION_ROW,KEEP,,5.0,0.0,5,LIVE_DWR_RES_NR_SPLIT,Included in active 2026 permit reconciliation union.
EB3112,Monroe,Elk,Bull,Limited Entry,ACTIVE_RECONCILIATION_ROW,KEEP,,2.0,0.0,2,LIVE_DWR_RES_NR_SPLIT,Included in active 2026 permit reconciliation union.
EB3113,Mt Dutton,Elk,Bull,Limited Entry,ACTIVE_RECONCILIATION_ROW,KEEP,,3.0,0.0,3,LIVE_DWR_RES_NR_SPLIT,Included in active 2026 permit reconciliation union.
EB3115,"North Slope, Three Corners",Elk,Bull,Limited Entry,ACTIVE_RECONCILIATION_ROW,KEEP,,1.0,0.0,1,LIVE_DWR_RES_NR_SPLIT,Included in active 2026 permit reconciliation union.
EB3117,Panguitch Lake,Elk,Bull,Limited Entry,ACTIVE_RECONCILIATION_ROW,KEEP,,2.0,0.0,2,LIVE_DWR_RES_NR_SPLIT,Included in active 2026 permit reconciliation union.
EB3120,Fishlake/Thousand Lakes,Elk,Bull,Limited Entry,ACTIVE_RECONCILIATION_ROW,KEEP,,10.0,1.0,11,LIVE_DWR_RES_NR_SPLIT,Included in active 2026 permit reconciliation union.
EB3121,San Juan Bull Elk,Elk,Bull,Limited Entry,ACTIVE_RECONCILIATION_ROW,KEEP,,4.0,0.0,4,LIVE_DWR_RES_NR_SPLIT,Included in active 2026 permit reconciliation union.
EB3122,Diamond Mtn,Elk,Bull,Limited Entry,ACTIVE_RECONCILIATION_ROW,KEEP,,3.0,0.0,3,LIVE_DWR_RES_NR_SPLIT,Included in active 2026 permit reconciliation union.
EB3124,Wasatch Mtns,Elk,Bull,Limited Entry,ACTIVE_RECONCILIATION_ROW,KEEP,,15.0,2.0,17,LIVE_DWR_RES_NR_SPLIT,Included in active 2026 permit reconciliation union.
EB3126,Manti,Elk,Bull,Limited Entry,ACTIVE_RECONCILIATION_ROW,KEEP,,175.0,20.0,195,LIVE_DWR_RES_NR_SPLIT,Included in active 2026 permit reconciliation union.
EB3127,Wasatch Mtns,Elk,Bull,Limited Entry,ACTIVE_RECONCILIATION_ROW,KEEP,,155.0,17.0,172,LIVE_DWR_RES_NR_SPLIT,Included in active 2026 permit reconciliation union.
EB3128,"Box Elder, Grouse Creek",Elk,Bull,Conservation,ACTIVE_RECONCILIATION_ROW,KEEP,,,,1,TOTAL_ONLY,Included in active 2026 permit reconciliation union.
EB3130,"Box Elder, Pilot Mtn",Elk,Bull,Limited Entry,ACTIVE_RECONCILIATION_ROW,KEEP,,2.0,0.0,2,LIVE_DWR_RES_NR_SPLIT,Included in active 2026 permit reconciliation union.
EB3132,"Cache, North",Elk,Bull,Limited Entry,ACTIVE_RECONCILIATION_ROW,KEEP,,22.0,2.0,24,LIVE_DWR_RES_NR_SPLIT,Included in active 2026 permit reconciliation union.
EB3135,Barney Top/Kaiparowits,Elk,Bull,Limited Entry,ACTIVE_RECONCILIATION_ROW,KEEP,,9.0,1.0,10,LIVE_DWR_RES_NR_SPLIT,Included in active 2026 permit reconciliation union.
EB3136,"Southwest Desert, North",Elk,Bull,Limited Entry,ACTIVE_RECONCILIATION_ROW,KEEP,,21.0,2.0,23,LIVE_DWR_RES_NR_SPLIT,Included in active 2026 permit reconciliation union.
EB3137,"West Desert, Deep Creek",Elk,Bull,Limited Entry,ACTIVE_RECONCILIATION_ROW,KEEP,,13.0,2.0,15,LIVE_DWR_RES_NR_SPLIT,Included in active 2026 permit reconciliation union.
EB3139,"Cache, North",Elk,Bull,Limited Entry,ACTIVE_RECONCILIATION_ROW,KEEP,,22.0,2.0,24,LIVE_DWR_RES_NR_SPLIT,Included in active 2026 permit reconciliation union.
EB3142,Barney Top/Kaiparowits,Elk,Bull,Limited Entry,ACTIVE_RECONCILIATION_ROW,KEEP,,9.0,1.0,10,LIVE_DWR_RES_NR_SPLIT,Included in active 2026 permit reconciliation union.
EB3143,"Southwest Desert, North",Elk,Bull,Limited Entry,ACTIVE_RECONCILIATION_ROW,KEEP,,21.0,2.0,23,LIVE_DWR_RES_NR_SPLIT,Included in active 2026 permit reconciliation union.
EB3144,"West Desert, Deep Creek",Elk,Bull,Limited Entry,ACTIVE_RECONCILIATION_ROW,KEEP,,13.0,2.0,15,LIVE_DWR_RES_NR_SPLIT,Included in active 2026 permit reconciliation union.
EB3145,Boulder,Elk,Bull,Limited Entry,ACTIVE_RECONCILIATION_ROW,KEEP,,31.0,4.0,35,LIVE_DWR_RES_NR_SPLIT,Included in active 2026 permit reconciliation union.
EB3146,"Southwest Desert, South",Elk,Bull,Limited Entry,ACTIVE_RECONCILIATION_ROW,KEEP,,39.0,4.0,43,LIVE_DWR_RES_NR_SPLIT,Included in active 2026 permit reconciliation union.
EB3147,"Box Elder, Grouse Creek",Elk,Bull,Limited Entry,ACTIVE_RECONCILIATION_ROW,KEEP,,6.0,1.0,7,LIVE_DWR_RES_NR_SPLIT,Included in active 2026 permit reconciliation union.
EB3148,Boulder,Elk,Bull,Limited Entry,ACTIVE_RECONCILIATION_ROW,KEEP,,13.0,1.0,14,LIVE_DWR_RES_NR_SPLIT,Included in active 2026 permit reconciliation union.
EB3149,"Southwest Desert, South",Elk,Bull,Limited Entry,ACTIVE_RECONCILIATION_ROW,KEEP,,16.0,2.0,18,LIVE_DWR_RES_NR_SPLIT,Included in active 2026 permit reconciliation union.
EB3150,"Box Elder, Grouse Creek",Elk,Bull,Limited Entry,ACTIVE_RECONCILIATION_ROW,KEEP,,12.0,1.0,13,LIVE_DWR_RES_NR_SPLIT,Included in active 2026 permit reconciliation union.
EB3151,Boulder,Elk,Bull,Limited Entry,ACTIVE_RECONCILIATION_ROW,KEEP,,22.0,2.0,24,LIVE_DWR_RES_NR_SPLIT,Included in active 2026 permit reconciliation union.
EB3152,"Southwest Desert, South",Elk,Bull,Limited Entry,ACTIVE_RECONCILIATION_ROW,KEEP,,26.0,3.0,29,LIVE_DWR_RES_NR_SPLIT,Included in active 2026 permit reconciliation union.
EB3153,"Box Elder, Grouse Creek",Elk,Bull,Limited Entry,ACTIVE_RECONCILIATION_ROW,KEEP,,2.0,1.0,3,LIVE_DWR_RES_NR_SPLIT,Included in active 2026 permit reconciliation union.
EB3154,Boulder,Elk,Bull,Limited Entry,ACTIVE_RECONCILIATION_ROW,KEEP,,19.0,2.0,21,LIVE_DWR_RES_NR_SPLIT,Included in active 2026 permit reconciliation union.
EB3155,"Southwest Desert, South",Elk,Bull,Limited Entry,ACTIVE_RECONCILIATION_ROW,KEEP,,23.0,3.0,26,LIVE_DWR_RES_NR_SPLIT,Included in active 2026 permit reconciliation union.
EB3156,Boulder,Elk,Bull,Limited Entry,ACTIVE_RECONCILIATION_ROW,KEEP,,4.0,0.0,4,LIVE_DWR_RES_NR_SPLIT,Included in active 2026 permit reconciliation union.
EB3157,"Southwest Desert, South",Elk,Bull,Limited Entry,ACTIVE_RECONCILIATION_ROW,KEEP,,5.0,0.0,5,LIVE_DWR_RES_NR_SPLIT,Included in active 2026 permit reconciliation union.
EB3158,"Beaver, East",Elk,Bull,Limited Entry,ACTIVE_RECONCILIATION_ROW,KEEP,,18.0,2.0,20,LIVE_DWR_RES_NR_SPLIT,Included in active 2026 permit reconciliation union.
EB3159,"Beaver, East",Elk,Bull,Limited Entry,ACTIVE_RECONCILIATION_ROW,KEEP,,27.0,3.0,30,LIVE_DWR_RES_NR_SPLIT,Included in active 2026 permit reconciliation union.
EB3160,"Book Cliffs, Bitter Creek/East",Elk,Bull,Limited Entry,ACTIVE_RECONCILIATION_ROW,KEEP,,22.0,2.0,24,LIVE_DWR_RES_NR_SPLIT,Included in active 2026 permit reconciliation union.
EB3161,"Book Cliffs, Bitter Creek/East",Elk,Bull,Limited Entry,ACTIVE_RECONCILIATION_ROW,KEEP,,4.0,1.0,5,LIVE_DWR_RES_NR_SPLIT,Included in active 2026 permit reconciliation union.
EB3162,"Book Cliffs, Bitter Creek/East",Elk,Bull,Limited Entry,ACTIVE_RECONCILIATION_ROW,KEEP,,9.0,1.0,10,LIVE_DWR_RES_NR_SPLIT,Included in active 2026 permit reconciliation union.
EB3163,"Book Cliffs, Bitter Creek/East",Elk,Bull,Limited Entry,ACTIVE_RECONCILIATION_ROW,KEEP,,14.0,2.0,16,LIVE_DWR_RES_NR_SPLIT,Included in active 2026 permit reconciliation union.
EB3164,"Book Cliffs, Bitter Creek/East",Elk,Bull,Limited Entry,ACTIVE_RECONCILIATION_ROW,KEEP,,25.0,3.0,28,LIVE_DWR_RES_NR_SPLIT,Included in active 2026 permit reconciliation union.
EB3165,"Book Cliffs, Bitter Creek/East",Elk,Bull,Limited Entry,ACTIVE_RECONCILIATION_ROW,KEEP,,3.0,0.0,3,LIVE_DWR_RES_NR_SPLIT,Included in active 2026 permit reconciliation union.
EB3166,"Book Cliffs, Bitter Creek/East",Elk,Bull,Limited Entry,ACTIVE_RECONCILIATION_ROW,KEEP,,13.0,1.0,14,LIVE_DWR_RES_NR_SPLIT,Included in active 2026 permit reconciliation union.
EB3167,"Book Cliffs, Little Creek Roadless",Elk,Bull,Limited Entry,ACTIVE_RECONCILIATION_ROW,KEEP,,4.0,1.0,5,LIVE_DWR_RES_NR_SPLIT,Included in active 2026 permit reconciliation union.
EB3168,"Cache, Meadowville",Elk,Bull,Limited Entry,ACTIVE_RECONCILIATION_ROW,KEEP,,4.0,1.0,5,LIVE_DWR_RES_NR_SPLIT,Included in active 2026 permit reconciliation union.
EB3169,"Cache, Meadowville",Elk,Bull,Limited Entry,ACTIVE_RECONCILIATION_ROW,KEEP,,11.0,1.0,12,LIVE_DWR_RES_NR_SPLIT,Included in active 2026 permit reconciliation union.
EB3170,"Cache, South",Elk,Bull,Limited Entry,ACTIVE_RECONCILIATION_ROW,KEEP,,4.0,1.0,5,LIVE_DWR_RES_NR_SPLIT,Included in active 2026 permit reconciliation union.
EB3171,"Cache, South",Elk,Bull,Limited Entry,ACTIVE_RECONCILIATION_ROW,KEEP,,11.0,1.0,12,LIVE_DWR_RES_NR_SPLIT,Included in active 2026 permit reconciliation union.
EB3172,Manti,Elk,Bull,Limited Entry,ACTIVE_RECONCILIATION_ROW,KEEP,,9.0,1.0,10,LIVE_DWR_RES_NR_SPLIT,Included in active 2026 permit reconciliation union.
EB3173,Nebo/San Pitch Mtns,Elk,Bull,Limited Entry,ACTIVE_RECONCILIATION_ROW,KEEP,,29.0,3.0,32,LIVE_DWR_RES_NR_SPLIT,Included in active 2026 permit reconciliation union.
EB3174,Nebo/San Pitch Mtns,Elk,Bull,Limited Entry,ACTIVE_RECONCILIATION_ROW,KEEP,,13.0,2.0,15,LIVE_DWR_RES_NR_SPLIT,Included in active 2026 permit reconciliation union.
EB3175,Nebo/San Pitch Mtns,Elk,Bull,Limited Entry,ACTIVE_RECONCILIATION_ROW,KEEP,,12.0,1.0,13,LIVE_DWR_RES_NR_SPLIT,Included in active 2026 permit reconciliation union.
EB3176,Nebo/San Pitch Mtns,Elk,Bull,Limited Entry,ACTIVE_RECONCILIATION_ROW,KEEP,,20.0,2.0,22,LIVE_DWR_RES_NR_SPLIT,Included in active 2026 permit reconciliation union.
EB3177,Nebo/San Pitch Mtns,Elk,Bull,Limited Entry,ACTIVE_RECONCILIATION_ROW,KEEP,,34.0,4.0,38,LIVE_DWR_RES_NR_SPLIT,Included in active 2026 permit reconciliation union.
EB3178,Nebo/San Pitch Mtns,Elk,Bull,Limited Entry,ACTIVE_RECONCILIATION_ROW,KEEP,,4.0,0.0,4,LIVE_DWR_RES_NR_SPLIT,Included in active 2026 permit reconciliation union.
EB3179,Nebo/San Pitch Mtns,Elk,Bull,Limited Entry,ACTIVE_RECONCILIATION_ROW,KEEP,,17.0,2.0,19,LIVE_DWR_RES_NR_SPLIT,Included in active 2026 permit reconciliation union.
EB3180,"Fillmore, Pahvant",Elk,Bull,Limited Entry,ACTIVE_RECONCILIATION_ROW,KEEP,,18.0,2.0,20,LIVE_DWR_RES_NR_SPLIT,Included in active 2026 permit reconciliation union.
EB3181,"Fillmore, Pahvant",Elk,Bull,Limited Entry,ACTIVE_RECONCILIATION_ROW,KEEP,,22.0,3.0,25,LIVE_DWR_RES_NR_SPLIT,Included in active 2026 permit reconciliation union.
EB3182,La Sal Mtns,Elk,Bull,Limited Entry,ACTIVE_RECONCILIATION_ROW,KEEP,,9.0,1.0,10,LIVE_DWR_RES_NR_SPLIT,Included in active 2026 permit reconciliation union.
EB3183,La Sal Mtns,Elk,Bull,Limited Entry,ACTIVE_RECONCILIATION_ROW,KEEP,,42.0,5.0,47,LIVE_DWR_RES_NR_SPLIT,Included in active 2026 permit reconciliation union.
EB3184,Monroe,Elk,Bull,Limited Entry,ACTIVE_RECONCILIATION_ROW,KEEP,,7.0,1.0,8,LIVE_DWR_RES_NR_SPLIT,Included in active 2026 permit reconciliation union.
EB3185,Monroe,Elk,Bull,Limited Entry,ACTIVE_RECONCILIATION_ROW,KEEP,,18.0,3.0,21,LIVE_DWR_RES_NR_SPLIT,Included in active 2026 permit reconciliation union.
EB3186,Mt Dutton,Elk,Bull,Limited Entry,ACTIVE_RECONCILIATION_ROW,KEEP,,13.0,2.0,15,LIVE_DWR_RES_NR_SPLIT,Included in active 2026 permit reconciliation union.
EB3187,Mt Dutton,Elk,Bull,Limited Entry,ACTIVE_RECONCILIATION_ROW,KEEP,,22.0,3.0,25,LIVE_DWR_RES_NR_SPLIT,Included in active 2026 permit reconciliation union.
EB3188,Panguitch Lake,Elk,Bull,Limited Entry,ACTIVE_RECONCILIATION_ROW,KEEP,,13.0,2.0,15,LIVE_DWR_RES_NR_SPLIT,Included in active 2026 permit reconciliation union.
EB3189,Panguitch Lake,Elk,Bull,Limited Entry,ACTIVE_RECONCILIATION_ROW,KEEP,,20.0,2.0,22,LIVE_DWR_RES_NR_SPLIT,Included in active 2026 permit reconciliation union.
EB3190,Boulder,Elk,Bull,Limited Entry,ACTIVE_RECONCILIATION_ROW,KEEP,,4.0,1.0,5,LIVE_DWR_RES_NR_SPLIT,Included in active 2026 permit reconciliation union.
EB3191,Boulder,Elk,Bull,Limited Entry,ACTIVE_RECONCILIATION_ROW,KEEP,,37.0,4.0,41,LIVE_DWR_RES_NR_SPLIT,Included in active 2026 permit reconciliation union.
EB3192,Fishlake/Thousand Lakes,Elk,Bull,Limited Entry,ACTIVE_RECONCILIATION_ROW,KEEP,,13.0,2.0,15,LIVE_DWR_RES_NR_SPLIT,Included in active 2026 permit reconciliation union.
EB3193,San Juan Bull Elk,Elk,Bull,Limited Entry,ACTIVE_RECONCILIATION_ROW,KEEP,,9.0,1.0,10,LIVE_DWR_RES_NR_SPLIT,Included in active 2026 permit reconciliation union.
EB3194,San Juan Bull Elk,Elk,Bull,Limited Entry,ACTIVE_RECONCILIATION_ROW,KEEP,,33.0,4.0,37,LIVE_DWR_RES_NR_SPLIT,Included in active 2026 permit reconciliation union.
EB3195,Diamond Mtn,Elk,Bull,Limited Entry,ACTIVE_RECONCILIATION_ROW,KEEP,,4.0,1.0,5,LIVE_DWR_RES_NR_SPLIT,Included in active 2026 permit reconciliation union.
EB3196,Diamond Mtn,Elk,Bull,Limited Entry,ACTIVE_RECONCILIATION_ROW,KEEP,,17.0,2.0,19,LIVE_DWR_RES_NR_SPLIT,Included in active 2026 permit reconciliation union.
EB3197,"Southwest Desert, South",Elk,Bull,Limited Entry,ACTIVE_RECONCILIATION_ROW,KEEP,,18.0,2.0,20,LIVE_DWR_RES_NR_SPLIT,Included in active 2026 permit reconciliation union.
EB3198,"Southwest Desert, South",Elk,Bull,Limited Entry,ACTIVE_RECONCILIATION_ROW,KEEP,,46.0,5.0,51,LIVE_DWR_RES_NR_SPLIT,Included in active 2026 permit reconciliation union.
EB3199,Wasatch Mtns,Elk,Bull,Limited Entry,ACTIVE_RECONCILIATION_ROW,KEEP,,9.0,1.0,10,LIVE_DWR_RES_NR_SPLIT,Included in active 2026 permit reconciliation union.
EB3205,East Canyon,Elk,Bull,Limited Entry,ACTIVE_RECONCILIATION_ROW,KEEP,,7.0,1.0,8,LIVE_DWR_RES_NR_SPLIT,Included in active 2026 permit reconciliation union.
EB3208,Morgan-South Rich,Elk,Bull,Limited Entry,ACTIVE_RECONCILIATION_ROW,KEEP,,9.0,1.0,10,LIVE_DWR_RES_NR_SPLIT,Included in active 2026 permit reconciliation union.
EB3209,"Box Elder, Pilot Mtn",Elk,Bull,Conservation,ACTIVE_RECONCILIATION_ROW,KEEP,,,,1,TOTAL_ONLY,Included in active 2026 permit reconciliation union.
EB3210,"North Slope, Three Corners",Elk,Bull,Limited Entry,ACTIVE_RECONCILIATION_ROW,KEEP,,5.0,0.0,5,LIVE_DWR_RES_NR_SPLIT,Included in active 2026 permit reconciliation union.
EB3500,Alton CWMU,Elk,Bull,CWMU,ACTIVE_RECONCILIATION_ROW,KEEP,,1.0,0.0,1,DWR_HUNTPLANNER_CWMU_RES_NR_TOTAL_DERIVED,Included in active 2026 permit reconciliation union.
EB3501,Bar J Ranch CWMU,Elk,Bull,CWMU,ACTIVE_RECONCILIATION_ROW,KEEP,,2.0,0.0,2,DWR_HUNTPLANNER_CWMU_RES_NR_TOTAL_DERIVED,Included in active 2026 permit reconciliation union.
EB3502,Bear Mountain CWMU,Elk,Bull,CWMU,ACTIVE_RECONCILIATION_ROW,KEEP,,1.0,0.0,1,DWR_HUNTPLANNER_CWMU_RES_NR_TOTAL_DERIVED,Included in active 2026 permit reconciliation union.
EB3503,Bear Springs CWMU,Elk,Bull,CWMU,ACTIVE_RECONCILIATION_ROW,KEEP,,1.0,0.0,1,DWR_HUNTPLANNER_CWMU_RES_NR_TOTAL_DERIVED,Included in active 2026 permit reconciliation union.
EB3504,Blackhawk CWMU,Elk,Bull,CWMU,ACTIVE_RECONCILIATION_ROW,KEEP,,1.0,0.0,1,DWR_HUNTPLANNER_CWMU_RES_NR_TOTAL_DERIVED,Included in active 2026 permit reconciliation union.
EB3505,Boobe Hole CWMU,Elk,Bull,CWMU,ACTIVE_RECONCILIATION_ROW,KEEP,,2.0,0.0,2,DWR_HUNTPLANNER_CWMU_RES_NR_TOTAL_DERIVED,Included in active 2026 permit reconciliation union.
EB3506,Causey Spring CWMU,Elk,Bull,CWMU,ACTIVE_RECONCILIATION_ROW,KEEP,,1.0,0.0,1,DWR_HUNTPLANNER_CWMU_RES_NR_TOTAL_DERIVED,Included in active 2026 permit reconciliation union.
EB3508,Chimney Rock CWMU,Elk,Bull,CWMU,ACTIVE_RECONCILIATION_ROW,KEEP,,2.0,0.0,2,DWR_HUNTPLANNER_CWMU_RES_NR_TOTAL_DERIVED,Included in active 2026 permit reconciliation union.
EB3509,Coldwater Ranch CWMU,Elk,Bull,CWMU,ACTIVE_RECONCILIATION_ROW,KEEP,,3.0,0.0,3,DWR_HUNTPLANNER_CWMU_RES_NR_TOTAL_DERIVED,Included in active 2026 permit reconciliation union.
EB3511,Cotton Thomas CWMU,Elk,Bull,CWMU,ACTIVE_RECONCILIATION_ROW,KEEP,,1.0,0.0,1,DWR_HUNTPLANNER_CWMU_RES_NR_TOTAL_DERIVED,Included in active 2026 permit reconciliation union.
EB3514,Deseret CWMU,Elk,Bull,CWMU,ACTIVE_RECONCILIATION_ROW,KEEP,,19.0,0.0,19,DWR_HUNTPLANNER_CWMU_RES_NR_TOTAL_DERIVED,Included in active 2026 permit reconciliation union.
EB3515,Double Cone CWMU,Elk,Bull,CWMU,ACTIVE_RECONCILIATION_ROW,KEEP,,1.0,0.0,1,DWR_HUNTPLANNER_CWMU_RES_NR_TOTAL_DERIVED,Included in active 2026 permit reconciliation union.
EB3516,Durst Mountain CWMU,Elk,Bull,CWMU,ACTIVE_RECONCILIATION_ROW,KEEP,,3.0,0.0,3,DWR_HUNTPLANNER_CWMU_RES_NR_TOTAL_DERIVED,Included in active 2026 permit reconciliation union.
EB3517,East Fork Chalk Creek CWMU,Elk,Bull,CWMU,ACTIVE_RECONCILIATION_ROW,KEEP,,3.0,0.0,3,DWR_HUNTPLANNER_CWMU_RES_NR_TOTAL_DERIVED,Included in active 2026 permit reconciliation union.
EB3519,Ensign Ranches CWMU,Elk,Bull,CWMU,ACTIVE_RECONCILIATION_ROW,KEEP,,6.0,0.0,6,DWR_HUNTPLANNER_CWMU_RES_NR_TOTAL_DERIVED,Included in active 2026 permit reconciliation union.
EB3520,Folley Ridge CWMU,Elk,Bull,CWMU,ACTIVE_RECONCILIATION_ROW,KEEP,,2.0,0.0,2,DWR_HUNTPLANNER_CWMU_RES_NR_TOTAL_DERIVED,Included in active 2026 permit reconciliation union.
EB3521,Grass Valley/Clark Canyon CWMU,Elk,Bull,CWMU,ACTIVE_RECONCILIATION_ROW,KEEP,,10.0,0.0,10,DWR_HUNTPLANNER_CWMU_RES_NR_TOTAL_DERIVED,Included in active 2026 permit reconciliation union.
EB3522,Grazing Pasture CWMU,Elk,Bull,CWMU,ACTIVE_RECONCILIATION_ROW,KEEP,,1.0,0.0,1,DWR_HUNTPLANNER_CWMU_RES_NR_TOTAL_DERIVED,Included in active 2026 permit reconciliation union.
EB3523,Guildersleeve CWMU,Elk,Bull,CWMU,ACTIVE_RECONCILIATION_ROW,KEEP,,2.0,0.0,2,DWR_HUNTPLANNER_CWMU_RES_NR_TOTAL_DERIVED,Included in active 2026 permit reconciliation union.
EB3524,Hardscrabble CWMU,Elk,Bull,CWMU,ACTIVE_RECONCILIATION_ROW,KEEP,,2.0,0.0,2,DWR_HUNTPLANNER_CWMU_RES_NR_TOTAL_DERIVED,Included in active 2026 permit reconciliation union.
EB3525,Heaston East CWMU,Elk,Bull,CWMU,ACTIVE_RECONCILIATION_ROW,KEEP,,2.0,0.0,2,DWR_HUNTPLANNER_CWMU_RES_NR_TOTAL_DERIVED,Included in active 2026 permit reconciliation union.
EB3526,Hiawatha CWMU,Elk,Bull,CWMU,ACTIVE_RECONCILIATION_ROW,KEEP,,2.0,0.0,2,DWR_HUNTPLANNER_CWMU_RES_NR_TOTAL_DERIVED,Included in active 2026 permit reconciliation union.
EB3527,Indian Head CWMU,Elk,Bull,CWMU,ACTIVE_RECONCILIATION_ROW,KEEP,,2.0,0.0,2,DWR_HUNTPLANNER_CWMU_RES_NR_TOTAL_DERIVED,Included in active 2026 permit reconciliation union.
EB3528,Ingham Peak CWMU,Elk,Bull,CWMU,ACTIVE_RECONCILIATION_ROW,KEEP,,1.0,0.0,1,DWR_HUNTPLANNER_CWMU_RES_NR_TOTAL_DERIVED,Included in active 2026 permit reconciliation union.
EB3529,Circle E Ranch CWMU,Elk,Bull,CWMU,ACTIVE_RECONCILIATION_ROW,KEEP,,2.0,0.0,2,DWR_HUNTPLANNER_CWMU_RES_NR_TOTAL_DERIVED,Included in active 2026 permit reconciliation union.
EB3530,Jacob's Creek CWMU,Elk,Bull,CWMU,ACTIVE_RECONCILIATION_ROW,KEEP,,2.0,0.0,2,DWR_HUNTPLANNER_CWMU_RES_NR_TOTAL_DERIVED,Included in active 2026 permit reconciliation union.
EB3531,Johnson Mountain Ranch CWMU,Elk,Bull,CWMU,ACTIVE_RECONCILIATION_ROW,KEEP,,2.0,0.0,2,DWR_HUNTPLANNER_CWMU_RES_NR_TOTAL_DERIVED,Included in active 2026 permit reconciliation union.
EB3532,Jump Creek CWMU,Elk,Bull,CWMU,ACTIVE_RECONCILIATION_ROW,KEEP,,1.0,0.0,1,DWR_HUNTPLANNER_CWMU_RES_NR_TOTAL_DERIVED,Included in active 2026 permit reconciliation union.
EB3533,Junction Valley CWMU,Elk,Bull,CWMU,ACTIVE_RECONCILIATION_ROW,KEEP,,1.0,0.0,1,DWR_HUNTPLANNER_CWMU_RES_NR_TOTAL_DERIVED,Included in active 2026 permit reconciliation union.
EB3534,Little Red Creek CWMU,Elk,Bull,CWMU,ACTIVE_RECONCILIATION_ROW,KEEP,,2.0,0.0,2,DWR_HUNTPLANNER_CWMU_RES_NR_TOTAL_DERIVED,Included in active 2026 permit reconciliation union.
EB3536,Minnie Maud Ridge CWMU,Elk,Bull,CWMU,ACTIVE_RECONCILIATION_ROW,KEEP,,5.0,0.0,5,DWR_HUNTPLANNER_CWMU_RES_NR_TOTAL_DERIVED,Included in active 2026 permit reconciliation union.
EB3538,Moon Ranch CWMU,Elk,Bull,CWMU,ACTIVE_RECONCILIATION_ROW,KEEP,,1.0,0.0,1,DWR_HUNTPLANNER_CWMU_RES_NR_TOTAL_DERIVED,Included in active 2026 permit reconciliation union.
EB3540,Old Woman Plateau CWMU,Elk,Bull,CWMU,ACTIVE_RECONCILIATION_ROW,KEEP,,2.0,0.0,2,DWR_HUNTPLANNER_CWMU_RES_NR_TOTAL_DERIVED,Included in active 2026 permit reconciliation union.
EB3541,Patmos Ridge CWMU,Elk,Bull,CWMU,ACTIVE_RECONCILIATION_ROW,KEEP,,1.0,0.0,1,DWR_HUNTPLANNER_CWMU_RES_NR_TOTAL_DERIVED,Included in active 2026 permit reconciliation union.
EB3543,Preston Nutter Ranch CWMU,Elk,Bull,CWMU,ACTIVE_RECONCILIATION_ROW,KEEP,,3.0,0.0,3,DWR_HUNTPLANNER_CWMU_RES_NR_TOTAL_DERIVED,Included in active 2026 permit reconciliation union.
EB3544,Redd Ranches CWMU,Elk,Bull,CWMU,ACTIVE_RECONCILIATION_ROW,KEEP,,2.0,0.0,2,DWR_HUNTPLANNER_CWMU_RES_NR_TOTAL_DERIVED,Included in active 2026 permit reconciliation union.
EB3545,Cactus Ranch LLC CWMU,Elk,Bull,CWMU,ACTIVE_RECONCILIATION_ROW,KEEP,,3.0,0.0,3,DWR_HUNTPLANNER_CWMU_RES_NR_TOTAL_DERIVED,Included in active 2026 permit reconciliation union.
EB3546,Roan Cliffs CWMU,Elk,Bull,CWMU,ACTIVE_RECONCILIATION_ROW,KEEP,,1.0,0.0,1,DWR_HUNTPLANNER_CWMU_RES_NR_TOTAL_DERIVED,Included in active 2026 permit reconciliation union.
EB3547,Sand Creek CWMU,Elk,Bull,CWMU,ACTIVE_RECONCILIATION_ROW,KEEP,,1.0,0.0,1,DWR_HUNTPLANNER_CWMU_RES_NR_TOTAL_DERIVED,Included in active 2026 permit reconciliation union.
EB3548,Scofield Canyons CWMU,Elk,Bull,CWMU,ACTIVE_RECONCILIATION_ROW,KEEP,,1.0,0.0,1,DWR_HUNTPLANNER_CWMU_RES_NR_TOTAL_DERIVED,Included in active 2026 permit reconciliation union.
EB3549,Scofield East CWMU,Elk,Bull,CWMU,ACTIVE_RECONCILIATION_ROW,KEEP,,1.0,0.0,1,DWR_HUNTPLANNER_CWMU_RES_NR_TOTAL_DERIVED,Included in active 2026 permit reconciliation union.
EB3550,Scofield West CWMU,Elk,Bull,CWMU,ACTIVE_RECONCILIATION_ROW,KEEP,,2.0,0.0,2,DWR_HUNTPLANNER_CWMU_RES_NR_TOTAL_DERIVED,Included in active 2026 permit reconciliation union.
EB3551,SJ Ranch CWMU,Elk,Bull,CWMU,ACTIVE_RECONCILIATION_ROW,KEEP,,1.0,0.0,1,DWR_HUNTPLANNER_CWMU_RES_NR_TOTAL_DERIVED,Included in active 2026 permit reconciliation union.
EB3552,Skull Crack CWMU,Elk,Bull,CWMU,ACTIVE_RECONCILIATION_ROW,KEEP,,1.0,0.0,1,DWR_HUNTPLANNER_CWMU_RES_NR_TOTAL_DERIVED,Included in active 2026 permit reconciliation union.
EB3553,Soldier Summit CWMU,Elk,Bull,CWMU,ACTIVE_RECONCILIATION_ROW,KEEP,,2.0,0.0,2,DWR_HUNTPLANNER_CWMU_RES_NR_TOTAL_DERIVED,Included in active 2026 permit reconciliation union.
EB3554,South Canyon CWMU,Elk,Bull,CWMU,ACTIVE_RECONCILIATION_ROW,KEEP,,1.0,0.0,1,DWR_HUNTPLANNER_CWMU_RES_NR_TOTAL_DERIVED,Included in active 2026 permit reconciliation union.
EB3555,Spring Creek/Dodge CWMU,Elk,Bull,CWMU,ACTIVE_RECONCILIATION_ROW,KEEP,,2.0,0.0,2,DWR_HUNTPLANNER_CWMU_RES_NR_TOTAL_DERIVED,Included in active 2026 permit reconciliation union.
EB3557,Strawberry Ridge CWMU,Elk,Bull,CWMU,ACTIVE_RECONCILIATION_ROW,KEEP,,2.0,0.0,2,DWR_HUNTPLANNER_CWMU_RES_NR_TOTAL_DERIVED,Included in active 2026 permit reconciliation union.
EB3558,Summit Point CWMU,Elk,Bull,CWMU,ACTIVE_RECONCILIATION_ROW,KEEP,,1.0,0.0,1,DWR_HUNTPLANNER_CWMU_RES_NR_TOTAL_DERIVED,Included in active 2026 permit reconciliation union.
EB3559,Three C CWMU,Elk,Bull,CWMU,ACTIVE_RECONCILIATION_ROW,KEEP,,2.0,0.0,2,DWR_HUNTPLANNER_CWMU_RES_NR_TOTAL_DERIVED,Included in active 2026 permit reconciliation union.
EB3561,Two Bear CWMU,Elk,Bull,CWMU,ACTIVE_RECONCILIATION_ROW,KEEP,,5.0,0.0,5,HISTORICAL_2025_ONLY_NOT_ACTIVE_2026,Included in active 2026 permit reconciliation union.
EB3562,Wallsburg CWMU,Elk,Bull,CWMU,ACTIVE_RECONCILIATION_ROW,KEEP,,1.0,0.0,1,DWR_HUNTPLANNER_CWMU_RES_NR_TOTAL_DERIVED,Included in active 2026 permit reconciliation union.
EB3564,Woodruff Creek South CWMU,Elk,Bull,CWMU,ACTIVE_RECONCILIATION_ROW,KEEP,,2.0,0.0,2,DWR_HUNTPLANNER_CWMU_RES_NR_TOTAL_DERIVED,Included in active 2026 permit reconciliation union.
EB3565,North Peaks CWMU,Elk,Bull,CWMU,ACTIVE_RECONCILIATION_ROW,KEEP,,1.0,0.0,1,DWR_HUNTPLANNER_CWMU_RES_NR_TOTAL_DERIVED,Included in active 2026 permit reconciliation union.
EB3603,Pahvant Ensign CWMU,Elk,Bull,CWMU,ACTIVE_RECONCILIATION_ROW,KEEP,,1.0,0.0,1,DWR_HUNTPLANNER_CWMU_RES_NR_TOTAL_DERIVED,Included in active 2026 permit reconciliation union.
EB3604,Double R Ranch CWMU,Elk,Bull,CWMU,ACTIVE_RECONCILIATION_ROW,KEEP,,1.0,0.0,1,DWR_HUNTPLANNER_CWMU_RES_NR_TOTAL_DERIVED,Included in active 2026 permit reconciliation union.
EB3606,Mountain Sky Ranch CWMU,Elk,Bull,CWMU,ACTIVE_RECONCILIATION_ROW,KEEP,,1.0,0.0,1,DWR_HUNTPLANNER_CWMU_RES_NR_TOTAL_DERIVED,Included in active 2026 permit reconciliation union.
EB3607,West Willow Creek Ranch CWMU,Elk,Bull,CWMU,ACTIVE_RECONCILIATION_ROW,KEEP,,1.0,0.0,1,DWR_HUNTPLANNER_CWMU_RES_NR_TOTAL_DERIVED,Included in active 2026 permit reconciliation union.
EB3608,Avintaquin Canyon CWMU,Elk,Bull,CWMU,ACTIVE_RECONCILIATION_ROW,KEEP,,1.0,0.0,1,DWR_HUNTPLANNER_CWMU_RES_NR_TOTAL_DERIVED,Included in active 2026 permit reconciliation union.
EB3609,Royal Ivory Outfitters CWMU,Elk,Bull,CWMU,ACTIVE_RECONCILIATION_ROW,KEEP,,3.0,0.0,3,HISTORICAL_2025_ONLY_NOT_ACTIVE_2026,Included in active 2026 permit reconciliation union.
EB3610,Sharp Mountain CWMU,Elk,Bull,CWMU,ACTIVE_RECONCILIATION_ROW,KEEP,,2.0,0.0,2,DWR_HUNTPLANNER_CWMU_RES_NR_TOTAL_DERIVED,Included in active 2026 permit reconciliation union.
EB3611,West Ridge CWMU,Elk,Bull,CWMU,ACTIVE_RECONCILIATION_ROW,KEEP,,2.0,0.0,2,DWR_HUNTPLANNER_CWMU_RES_NR_TOTAL_DERIVED,Included in active 2026 permit reconciliation union.
EB3613,Little Pole Canyon CWMU,Elk,Bull,CWMU,ACTIVE_RECONCILIATION_ROW,KEEP,,1.0,0.0,1,DWR_HUNTPLANNER_CWMU_RES_NR_TOTAL_DERIVED,Included in active 2026 permit reconciliation union.
EB3614,Tunnel Hollow CWMU,Elk,Bull,CWMU,ACTIVE_RECONCILIATION_ROW,KEEP,,1.0,0.0,1,DWR_HUNTPLANNER_CWMU_RES_NR_TOTAL_DERIVED,Included in active 2026 permit reconciliation union.
EB3616,Sweetwater CWMU,Elk,Bull,CWMU,ACTIVE_RECONCILIATION_ROW,KEEP,,,,1,HISTORICAL_2025_ONLY_NOT_ACTIVE_2026,Included in active 2026 permit reconciliation union.
EB3617,Diamond Mountain CWMU,Elk,Bull,CWMU,ACTIVE_RECONCILIATION_ROW,KEEP,,1.0,0.0,1,HISTORICAL_2025_ONLY_NOT_ACTIVE_2026,Included in active 2026 permit reconciliation union.
EB3619,Weber Florence Creek/Stillman Creek CWMU,Elk,Bull,CWMU,ACTIVE_RECONCILIATION_ROW,KEEP,,10.0,0.0,10,DWR_HUNTPLANNER_CWMU_RES_NR_TOTAL_DERIVED,Included in active 2026 permit reconciliation union.
EB3620,The Dirty Dozen,Elk,Bull,CWMU,ACTIVE_RECONCILIATION_ROW,KEEP,,1.0,0.0,1,DWR_HUNTPLANNER_CWMU_RES_NR_TOTAL_DERIVED,Included in active 2026 permit reconciliation union.
EL3000,Beaver East,Elk,Bull,Limited Entry - Private Land Only,ACTIVE_RECONCILIATION_ROW,KEEP,,,,,NO_QUOTA_PUBLISHED,Included in active 2026 permit reconciliation union.
EL3002,Book Cliffs Little Creek Roadless,Elk,Bull,Limited Entry - Private Land Only,ACTIVE_RECONCILIATION_ROW,KEEP,,,,,NO_QUOTA_PUBLISHED,Included in active 2026 permit reconciliation union.
EL3003,Cache Meadowville,Elk,Bull,Limited Entry - Private Land Only,ACTIVE_RECONCILIATION_ROW,KEEP,,,,,NO_QUOTA_PUBLISHED,Included in active 2026 permit reconciliation union.
EL3005,Cache South,Elk,Bull,Limited Entry - Private Land Only,ACTIVE_RECONCILIATION_ROW,KEEP,,,,,NO_QUOTA_PUBLISHED,Included in active 2026 permit reconciliation union.
EL3006,Manti,Elk,Bull,Limited Entry - Private Land Only,ACTIVE_RECONCILIATION_ROW,KEEP,,,,,NO_QUOTA_PUBLISHED,Included in active 2026 permit reconciliation union.
EL3008,Fillmore Pahvant,Elk,Bull,Limited Entry - Private Land Only,ACTIVE_RECONCILIATION_ROW,KEEP,,,,,NO_QUOTA_PUBLISHED,Included in active 2026 permit reconciliation union.
EL3009,La Sal La Sal Mtns,Elk,Bull,Limited Entry - Private Land Only,ACTIVE_RECONCILIATION_ROW,KEEP,,,,,NO_QUOTA_PUBLISHED,Included in active 2026 permit reconciliation union.
EL3010,Monroe,Elk,Bull,Limited Entry - Private Land Only,ACTIVE_RECONCILIATION_ROW,KEEP,,,,,NO_QUOTA_PUBLISHED,Included in active 2026 permit reconciliation union.
EL3011,Mt Dutton,Elk,Bull,Limited Entry - Private Land Only,ACTIVE_RECONCILIATION_ROW,KEEP,,,,,NO_QUOTA_PUBLISHED,Included in active 2026 permit reconciliation union.
EL3013,North Slope Three Corners,Elk,Bull,Limited Entry - Private Land Only,ACTIVE_RECONCILIATION_ROW,KEEP,,,,,NO_QUOTA_PUBLISHED,Included in active 2026 permit reconciliation union.
EL3015,Panguitch Lake,Elk,Bull,Limited Entry - Private Land Only,ACTIVE_RECONCILIATION_ROW,KEEP,,,,,NO_QUOTA_PUBLISHED,Included in active 2026 permit reconciliation union.
EL3018,Fishlake/Thousand Lakes,Elk,Bull,Limited Entry - Private Land Only,ACTIVE_RECONCILIATION_ROW,KEEP,,,,,NO_QUOTA_PUBLISHED,Included in active 2026 permit reconciliation union.
EL3019,San Juan Bull Elk,Elk,Bull,Limited Entry - Private Land Only,ACTIVE_RECONCILIATION_ROW,KEEP,,,,,NO_QUOTA_PUBLISHED,Included in active 2026 permit reconciliation union.
EL3020,Diamond Mtn,Elk,Bull,Limited Entry - Private Land Only,ACTIVE_RECONCILIATION_ROW,KEEP,,,,,NO_QUOTA_PUBLISHED,Included in active 2026 permit reconciliation union.
EL3022,Wasatch Mtns,Elk,Bull,Limited Entry - Private Land Only,ACTIVE_RECONCILIATION_ROW,KEEP,,,,,NO_QUOTA_PUBLISHED,Included in active 2026 permit reconciliation union.
EL3024,Beaver East,Elk,Bull,Limited Entry - Private Land Only,ACTIVE_RECONCILIATION_ROW,KEEP,,,,,NO_QUOTA_PUBLISHED,Included in active 2026 permit reconciliation union.
EL3025,Beaver East,Elk,Bull,Limited Entry - Private Land Only,ACTIVE_RECONCILIATION_ROW,KEEP,,,,,NO_QUOTA_PUBLISHED,Included in active 2026 permit reconciliation union.
EL3028,Book Cliffs Little Creek Roadless,Elk,Bull,Limited Entry - Private Land Only,ACTIVE_RECONCILIATION_ROW,KEEP,,,,,NO_QUOTA_PUBLISHED,Included in active 2026 permit reconciliation union.
EL3031,Box Elder Pilot Mtn,Elk,Bull,Limited Entry - Private Land Only,ACTIVE_RECONCILIATION_ROW,KEEP,,,,,NO_QUOTA_PUBLISHED,Included in active 2026 permit reconciliation union.
EL3032,Cache Meadowville,Elk,Bull,Limited Entry - Private Land Only,ACTIVE_RECONCILIATION_ROW,KEEP,,,,,NO_QUOTA_PUBLISHED,Included in active 2026 permit reconciliation union.
EL3033,Cache Meadowville,Elk,Bull,Limited Entry - Private Land Only,ACTIVE_RECONCILIATION_ROW,KEEP,,,,,NO_QUOTA_PUBLISHED,Included in active 2026 permit reconciliation union.
EL3036,Cache South,Elk,Bull,Limited Entry - Private Land Only,ACTIVE_RECONCILIATION_ROW,KEEP,,,,,NO_QUOTA_PUBLISHED,Included in active 2026 permit reconciliation union.
EL3037,Cache South,Elk,Bull,Limited Entry - Private Land Only,ACTIVE_RECONCILIATION_ROW,KEEP,,,,,NO_QUOTA_PUBLISHED,Included in active 2026 permit reconciliation union.
EL3038,Manti,Elk,Bull,Limited Entry - Private Land Only,ACTIVE_RECONCILIATION_ROW,KEEP,,,,,NO_QUOTA_PUBLISHED,Included in active 2026 permit reconciliation union.
EL3039,Manti,Elk,Bull,Limited Entry - Private Land Only,ACTIVE_RECONCILIATION_ROW,KEEP,,,,,NO_QUOTA_PUBLISHED,Included in active 2026 permit reconciliation union.
EL3042,Fillmore Pahvant,Elk,Bull,Limited Entry - Private Land Only,ACTIVE_RECONCILIATION_ROW,KEEP,,,,,NO_QUOTA_PUBLISHED,Included in active 2026 permit reconciliation union.
EL3043,Fillmore Pahvant,Elk,Bull,Limited Entry - Private Land Only,ACTIVE_RECONCILIATION_ROW,KEEP,,,,,NO_QUOTA_PUBLISHED,Included in active 2026 permit reconciliation union.
EL3044,La Sal Dolores Triangle,Elk,Bull,Limited Entry - Private Land Only,ACTIVE_RECONCILIATION_ROW,KEEP,,,,,NO_QUOTA_PUBLISHED,Included in active 2026 permit reconciliation union.
EL3045,La Sal La Sal Mtns,Elk,Bull,Limited Entry - Private Land Only,ACTIVE_RECONCILIATION_ROW,KEEP,,,,,NO_QUOTA_PUBLISHED,Included in active 2026 permit reconciliation union.
EL3046,La Sal La Sal Mtns,Elk,Bull,Limited Entry - Private Land Only,ACTIVE_RECONCILIATION_ROW,KEEP,,,,,NO_QUOTA_PUBLISHED,Included in active 2026 permit reconciliation union.
EL3047,Monroe,Elk,Bull,Limited Entry - Private Land Only,ACTIVE_RECONCILIATION_ROW,KEEP,,,,,NO_QUOTA_PUBLISHED,Included in active 2026 permit reconciliation union.
EL3048,Monroe,Elk,Bull,Limited Entry - Private Land Only,ACTIVE_RECONCILIATION_ROW,KEEP,,,,,NO_QUOTA_PUBLISHED,Included in active 2026 permit reconciliation union.
EL3049,Mt Dutton,Elk,Bull,Limited Entry - Private Land Only,ACTIVE_RECONCILIATION_ROW,KEEP,,,,,NO_QUOTA_PUBLISHED,Included in active 2026 permit reconciliation union.
EL3050,Mt Dutton,Elk,Bull,Limited Entry - Private Land Only,ACTIVE_RECONCILIATION_ROW,KEEP,,,,,NO_QUOTA_PUBLISHED,Included in active 2026 permit reconciliation union.
EL3053,North Slope Three Corners,Elk,Bull,Limited Entry - Private Land Only,ACTIVE_RECONCILIATION_ROW,KEEP,,,,,NO_QUOTA_PUBLISHED,Included in active 2026 permit reconciliation union.
EL3056,Panguitch Lake,Elk,Bull,Limited Entry - Private Land Only,ACTIVE_RECONCILIATION_ROW,KEEP,,,,,NO_QUOTA_PUBLISHED,Included in active 2026 permit reconciliation union.
EL3057,Panguitch Lake,Elk,Bull,Limited Entry - Private Land Only,ACTIVE_RECONCILIATION_ROW,KEEP,,,,,NO_QUOTA_PUBLISHED,Included in active 2026 permit reconciliation union.
EL3063,Fishlake/Thousand Lakes,Elk,Bull,Limited Entry - Private Land Only,ACTIVE_RECONCILIATION_ROW,KEEP,,,,,NO_QUOTA_PUBLISHED,Included in active 2026 permit reconciliation union.
EL3064,Fishlake/Thousand Lakes,Elk,Bull,Limited Entry - Private Land Only,ACTIVE_RECONCILIATION_ROW,KEEP,,,,,NO_QUOTA_PUBLISHED,Included in active 2026 permit reconciliation union.
EL3065,Fishlake/Thousand Lakes,Elk,Bull,Limited Entry - Private Land Only,ACTIVE_RECONCILIATION_ROW,KEEP,,,,,NO_QUOTA_PUBLISHED,Included in active 2026 permit reconciliation union.
EL3066,San Juan Bull Elk,Elk,Bull,Limited Entry - Private Land Only,ACTIVE_RECONCILIATION_ROW,KEEP,,,,,NO_QUOTA_PUBLISHED,Included in active 2026 permit reconciliation union.
EL3067,San Juan Bull Elk,Elk,Bull,Limited Entry - Private Land Only,ACTIVE_RECONCILIATION_ROW,KEEP,,,,,NO_QUOTA_PUBLISHED,Included in active 2026 permit reconciliation union.
EL3068,Diamond Mtn,Elk,Bull,Limited Entry - Private Land Only,ACTIVE_RECONCILIATION_ROW,KEEP,,,,,NO_QUOTA_PUBLISHED,Included in active 2026 permit reconciliation union.
EL3069,Diamond Mtn,Elk,Bull,Limited Entry - Private Land Only,ACTIVE_RECONCILIATION_ROW,KEEP,,,,,NO_QUOTA_PUBLISHED,Included in active 2026 permit reconciliation union.
EL3072,Wasatch Mtns,Elk,Bull,Limited Entry - Private Land Only,ACTIVE_RECONCILIATION_ROW,KEEP,,,,,NO_QUOTA_PUBLISHED,Included in active 2026 permit reconciliation union.
EL3073,Wasatch Mtns,Elk,Bull,Limited Entry - Private Land Only,ACTIVE_RECONCILIATION_ROW,KEEP,,,,,NO_QUOTA_PUBLISHED,Included in active 2026 permit reconciliation union.
EL3077,Beaver East,Elk,Bull,Limited Entry - Private Land Only,ACTIVE_RECONCILIATION_ROW,KEEP,,,,,NO_QUOTA_PUBLISHED,Included in active 2026 permit reconciliation union.
EL3079,Book Cliffs Little Creek Roadless,Elk,Bull,Limited Entry - Private Land Only,ACTIVE_RECONCILIATION_ROW,KEEP,,,,,NO_QUOTA_PUBLISHED,Included in active 2026 permit reconciliation union.
EL3081,Cache Meadowville,Elk,Bull,Limited Entry - Private Land Only,ACTIVE_RECONCILIATION_ROW,KEEP,,,,,NO_QUOTA_PUBLISHED,Included in active 2026 permit reconciliation union.
EL3083,Cache South,Elk,Bull,Limited Entry - Private Land Only,ACTIVE_RECONCILIATION_ROW,KEEP,,,,,NO_QUOTA_PUBLISHED,Included in active 2026 permit reconciliation union.
EL3084,Manti,Elk,Bull,Limited Entry - Private Land Only,ACTIVE_RECONCILIATION_ROW,KEEP,,,,,NO_QUOTA_PUBLISHED,Included in active 2026 permit reconciliation union.
EL3086,Fillmore Pahvant,Elk,Bull,Limited Entry - Private Land Only,ACTIVE_RECONCILIATION_ROW,KEEP,,,,,NO_QUOTA_PUBLISHED,Included in active 2026 permit reconciliation union.
EL3087,La Sal La Sal Mtns,Elk,Bull,Limited Entry - Private Land Only,ACTIVE_RECONCILIATION_ROW,KEEP,,,,,NO_QUOTA_PUBLISHED,Included in active 2026 permit reconciliation union.
EL3088,Monroe,Elk,Bull,Limited Entry - Private Land Only,ACTIVE_RECONCILIATION_ROW,KEEP,,,,,NO_QUOTA_PUBLISHED,Included in active 2026 permit reconciliation union.
EL3089,Mt Dutton,Elk,Bull,Limited Entry - Private Land Only,ACTIVE_RECONCILIATION_ROW,KEEP,,,,,NO_QUOTA_PUBLISHED,Included in active 2026 permit reconciliation union.
EL3091,North Slope Three Corners,Elk,Bull,Limited Entry - Private Land Only,ACTIVE_RECONCILIATION_ROW,KEEP,,,,,NO_QUOTA_PUBLISHED,Included in active 2026 permit reconciliation union.
EL3093,Panguitch Lake,Elk,Bull,Limited Entry - Private Land Only,ACTIVE_RECONCILIATION_ROW,KEEP,,,,,NO_QUOTA_PUBLISHED,Included in active 2026 permit reconciliation union.
EL3096,Fishlake/Thousand Lakes,Elk,Bull,Limited Entry - Private Land Only,ACTIVE_RECONCILIATION_ROW,KEEP,,,,,NO_QUOTA_PUBLISHED,Included in active 2026 permit reconciliation union.
EL3097,San Juan Bull Elk,Elk,Bull,Limited Entry - Private Land Only,ACTIVE_RECONCILIATION_ROW,KEEP,,,,,NO_QUOTA_PUBLISHED,Included in active 2026 permit reconciliation union.
EL3098,Diamond Mtn,Elk,Bull,Limited Entry - Private Land Only,ACTIVE_RECONCILIATION_ROW,KEEP,,,,,NO_QUOTA_PUBLISHED,Included in active 2026 permit reconciliation union.
EL3100,Wasatch Mtns,Elk,Bull,Limited Entry - Private Land Only,ACTIVE_RECONCILIATION_ROW,KEEP,,,,,NO_QUOTA_PUBLISHED,Included in active 2026 permit reconciliation union.
EL3126,Manti,Elk,Bull,Limited Entry - Private Land Only,ACTIVE_RECONCILIATION_ROW,KEEP,,,,,NO_QUOTA_PUBLISHED,Included in active 2026 permit reconciliation union.
EL3127,Wasatch Mtns,Elk,Bull,Limited Entry - Private Land Only,ACTIVE_RECONCILIATION_ROW,KEEP,,,,,NO_QUOTA_PUBLISHED,Included in active 2026 permit reconciliation union.
EL3130,Box Elder Pilot Mtn,Elk,Bull,Limited Entry - Private Land Only,ACTIVE_RECONCILIATION_ROW,KEEP,,,,,NO_QUOTA_PUBLISHED,Included in active 2026 permit reconciliation union.
EL3132,Cache North,Elk,Bull,Limited Entry - Private Land Only,ACTIVE_RECONCILIATION_ROW,KEEP,,,,,NO_QUOTA_PUBLISHED,Included in active 2026 permit reconciliation union.
EL3135,Barney Top/Kaiparowits,Elk,Bull,Limited Entry - Private Land Only,ACTIVE_RECONCILIATION_ROW,KEEP,,,,,NO_QUOTA_PUBLISHED,Included in active 2026 permit reconciliation union.
EL3136,Southwest Desert North,Elk,Bull,Limited Entry - Private Land Only,ACTIVE_RECONCILIATION_ROW,KEEP,,,,,NO_QUOTA_PUBLISHED,Included in active 2026 permit reconciliation union.
EL3137,West Desert Deep Creek,Elk,Bull,Limited Entry - Private Land Only,ACTIVE_RECONCILIATION_ROW,KEEP,,,,,NO_QUOTA_PUBLISHED,Included in active 2026 permit reconciliation union.
EL3139,Cache North,Elk,Bull,Limited Entry - Private Land Only,ACTIVE_RECONCILIATION_ROW,KEEP,,,,,NO_QUOTA_PUBLISHED,Included in active 2026 permit reconciliation union.
EL3142,Barney Top/Kaiparowits,Elk,Bull,Limited Entry - Private Land Only,ACTIVE_RECONCILIATION_ROW,KEEP,,,,,NO_QUOTA_PUBLISHED,Included in active 2026 permit reconciliation union.
EL3143,Southwest Desert North,Elk,Bull,Limited Entry - Private Land Only,ACTIVE_RECONCILIATION_ROW,KEEP,,,,,NO_QUOTA_PUBLISHED,Included in active 2026 permit reconciliation union.
EL3144,West Desert Deep Creek,Elk,Bull,Limited Entry - Private Land Only,ACTIVE_RECONCILIATION_ROW,KEEP,,,,,NO_QUOTA_PUBLISHED,Included in active 2026 permit reconciliation union.
EL3145,Boulder,Elk,Bull,Limited Entry - Private Land Only,ACTIVE_RECONCILIATION_ROW,KEEP,,,,,NO_QUOTA_PUBLISHED,Included in active 2026 permit reconciliation union.
EL3146,Southwest Desert South,Elk,Bull,Limited Entry - Private Land Only,ACTIVE_RECONCILIATION_ROW,KEEP,,,,,NO_QUOTA_PUBLISHED,Included in active 2026 permit reconciliation union.
EL3147,Box Elder Grouse Creek,Elk,Bull,Limited Entry - Private Land Only,ACTIVE_RECONCILIATION_ROW,KEEP,,,,,NO_QUOTA_PUBLISHED,Included in active 2026 permit reconciliation union.
EL3148,Boulder,Elk,Bull,Limited Entry - Private Land Only,ACTIVE_RECONCILIATION_ROW,KEEP,,,,,NO_QUOTA_PUBLISHED,Included in active 2026 permit reconciliation union.
EL3149,Southwest Desert South,Elk,Bull,Limited Entry - Private Land Only,ACTIVE_RECONCILIATION_ROW,KEEP,,,,,NO_QUOTA_PUBLISHED,Included in active 2026 permit reconciliation union.
EL3150,Box Elder Grouse Creek,Elk,Bull,Limited Entry - Private Land Only,ACTIVE_RECONCILIATION_ROW,KEEP,,,,,NO_QUOTA_PUBLISHED,Included in active 2026 permit reconciliation union.
EL3151,Boulder,Elk,Bull,Limited Entry - Private Land Only,ACTIVE_RECONCILIATION_ROW,KEEP,,,,,NO_QUOTA_PUBLISHED,Included in active 2026 permit reconciliation union.
EL3152,Southwest Desert South,Elk,Bull,Limited Entry - Private Land Only,ACTIVE_RECONCILIATION_ROW,KEEP,,,,,NO_QUOTA_PUBLISHED,Included in active 2026 permit reconciliation union.
EL3153,Box Elder Grouse Creek,Elk,Bull,Limited Entry - Private Land Only,ACTIVE_RECONCILIATION_ROW,KEEP,,,,,NO_QUOTA_PUBLISHED,Included in active 2026 permit reconciliation union.
EL3154,Boulder,Elk,Bull,Limited Entry - Private Land Only,ACTIVE_RECONCILIATION_ROW,KEEP,,,,,NO_QUOTA_PUBLISHED,Included in active 2026 permit reconciliation union.
EL3155,Southwest Desert South,Elk,Bull,Limited Entry - Private Land Only,ACTIVE_RECONCILIATION_ROW,KEEP,,,,,NO_QUOTA_PUBLISHED,Included in active 2026 permit reconciliation union.
EL3158,Beaver East,Elk,Bull,Limited Entry - Private Land Only,ACTIVE_RECONCILIATION_ROW,KEEP,,,,,NO_QUOTA_PUBLISHED,Included in active 2026 permit reconciliation union.
EL3159,Beaver East,Elk,Bull,Limited Entry - Private Land Only,ACTIVE_RECONCILIATION_ROW,KEEP,,,,,NO_QUOTA_PUBLISHED,Included in active 2026 permit reconciliation union.
EL3160,Book Cliffs Bitter Creek/East,Elk,Bull,Limited Entry - Private Land Only,ACTIVE_RECONCILIATION_ROW,KEEP,,,,,NO_QUOTA_PUBLISHED,Included in active 2026 permit reconciliation union.
EL3161,Book Cliffs Bitter Creek/East,Elk,Bull,Limited Entry - Private Land Only,ACTIVE_RECONCILIATION_ROW,KEEP,,,,,NO_QUOTA_PUBLISHED,Included in active 2026 permit reconciliation union.
EL3162,Book Cliffs Bitter Creek/East,Elk,Bull,Limited Entry - Private Land Only,ACTIVE_RECONCILIATION_ROW,KEEP,,,,,NO_QUOTA_PUBLISHED,Included in active 2026 permit reconciliation union.
EL3163,Book Cliffs Bitter Creek/East,Elk,Bull,Limited Entry - Private Land Only,ACTIVE_RECONCILIATION_ROW,KEEP,,,,,NO_QUOTA_PUBLISHED,Included in active 2026 permit reconciliation union.
EL3164,Book Cliffs Bitter Creek/East,Elk,Bull,Limited Entry - Private Land Only,ACTIVE_RECONCILIATION_ROW,KEEP,,,,,NO_QUOTA_PUBLISHED,Included in active 2026 permit reconciliation union.
EL3166,Book Cliffs Bitter Creek/East,Elk,Bull,Limited Entry - Private Land Only,ACTIVE_RECONCILIATION_ROW,KEEP,,,,,NO_QUOTA_PUBLISHED,Included in active 2026 permit reconciliation union.
EL3167,Book Cliffs Little Creek Roadless,Elk,Bull,Limited Entry - Private Land Only,ACTIVE_RECONCILIATION_ROW,KEEP,,,,,NO_QUOTA_PUBLISHED,Included in active 2026 permit reconciliation union.
EL3168,Cache Meadowville,Elk,Bull,Limited Entry - Private Land Only,ACTIVE_RECONCILIATION_ROW,KEEP,,,,,NO_QUOTA_PUBLISHED,Included in active 2026 permit reconciliation union.
EL3169,Cache Meadowville,Elk,Bull,Limited Entry - Private Land Only,ACTIVE_RECONCILIATION_ROW,KEEP,,,,,NO_QUOTA_PUBLISHED,Included in active 2026 permit reconciliation union.
EL3170,Cache South,Elk,Bull,Limited Entry - Private Land Only,ACTIVE_RECONCILIATION_ROW,KEEP,,,,,NO_QUOTA_PUBLISHED,Included in active 2026 permit reconciliation union.
EL3171,Cache South,Elk,Bull,Limited Entry - Private Land Only,ACTIVE_RECONCILIATION_ROW,KEEP,,,,,NO_QUOTA_PUBLISHED,Included in active 2026 permit reconciliation union.
EL3172,Manti,Elk,Bull,Limited Entry - Private Land Only,ACTIVE_RECONCILIATION_ROW,KEEP,,,,,NO_QUOTA_PUBLISHED,Included in active 2026 permit reconciliation union.
EL3173,Nebo/San Pitch Mtns,Elk,Bull,Limited Entry - Private Land Only,ACTIVE_RECONCILIATION_ROW,KEEP,,,,,NO_QUOTA_PUBLISHED,Included in active 2026 permit reconciliation union.
EL3174,Nebo/San Pitch Mtns,Elk,Bull,Limited Entry - Private Land Only,ACTIVE_RECONCILIATION_ROW,KEEP,,,,,NO_QUOTA_PUBLISHED,Included in active 2026 permit reconciliation union.
EL3175,Nebo/San Pitch Mtns,Elk,Bull,Limited Entry - Private Land Only,ACTIVE_RECONCILIATION_ROW,KEEP,,,,,NO_QUOTA_PUBLISHED,Included in active 2026 permit reconciliation union.
EL3176,Nebo/San Pitch Mtns,Elk,Bull,Limited Entry - Private Land Only,ACTIVE_RECONCILIATION_ROW,KEEP,,,,,NO_QUOTA_PUBLISHED,Included in active 2026 permit reconciliation union.
EL3177,Nebo/San Pitch Mtns,Elk,Bull,Limited Entry - Private Land Only,ACTIVE_RECONCILIATION_ROW,KEEP,,,,,NO_QUOTA_PUBLISHED,Included in active 2026 permit reconciliation union.
EL3179,Nebo/San Pitch Mtns,Elk,Bull,Limited Entry - Private Land Only,ACTIVE_RECONCILIATION_ROW,KEEP,,,,,NO_QUOTA_PUBLISHED,Included in active 2026 permit reconciliation union.
EL3180,Fillmore Pahvant,Elk,Bull,Limited Entry - Private Land Only,ACTIVE_RECONCILIATION_ROW,KEEP,,,,,NO_QUOTA_PUBLISHED,Included in active 2026 permit reconciliation union.
EL3181,Fillmore Pahvant,Elk,Bull,Limited Entry - Private Land Only,ACTIVE_RECONCILIATION_ROW,KEEP,,,,,NO_QUOTA_PUBLISHED,Included in active 2026 permit reconciliation union.
EL3182,La Sal La Sal Mtns,Elk,Bull,Limited Entry - Private Land Only,ACTIVE_RECONCILIATION_ROW,KEEP,,,,,NO_QUOTA_PUBLISHED,Included in active 2026 permit reconciliation union.
EL3183,La Sal La Sal Mtns,Elk,Bull,Limited Entry - Private Land Only,ACTIVE_RECONCILIATION_ROW,KEEP,,,,,NO_QUOTA_PUBLISHED,Included in active 2026 permit reconciliation union.
EL3184,Monroe,Elk,Bull,Limited Entry - Private Land Only,ACTIVE_RECONCILIATION_ROW,KEEP,,,,,NO_QUOTA_PUBLISHED,Included in active 2026 permit reconciliation union.
EL3185,Monroe,Elk,Bull,Limited Entry - Private Land Only,ACTIVE_RECONCILIATION_ROW,KEEP,,,,,NO_QUOTA_PUBLISHED,Included in active 2026 permit reconciliation union.
EL3186,Mt Dutton,Elk,Bull,Limited Entry - Private Land Only,ACTIVE_RECONCILIATION_ROW,KEEP,,,,,NO_QUOTA_PUBLISHED,Included in active 2026 permit reconciliation union.
EL3187,Mt Dutton,Elk,Bull,Limited Entry - Private Land Only,ACTIVE_RECONCILIATION_ROW,KEEP,,,,,NO_QUOTA_PUBLISHED,Included in active 2026 permit reconciliation union.
EL3188,Panguitch Lake,Elk,Bull,Limited Entry - Private Land Only,ACTIVE_RECONCILIATION_ROW,KEEP,,,,,NO_QUOTA_PUBLISHED,Included in active 2026 permit reconciliation union.
EL3189,Panguitch Lake,Elk,Bull,Limited Entry - Private Land Only,ACTIVE_RECONCILIATION_ROW,KEEP,,,,,NO_QUOTA_PUBLISHED,Included in active 2026 permit reconciliation union.
EL3190,Boulder,Elk,Bull,Limited Entry - Private Land Only,ACTIVE_RECONCILIATION_ROW,KEEP,,,,,NO_QUOTA_PUBLISHED,Included in active 2026 permit reconciliation union.
EL3191,Boulder,Elk,Bull,Limited Entry - Private Land Only,ACTIVE_RECONCILIATION_ROW,KEEP,,,,,NO_QUOTA_PUBLISHED,Included in active 2026 permit reconciliation union.
EL3192,Fishlake/Thousand Lakes,Elk,Bull,Limited Entry - Private Land Only,ACTIVE_RECONCILIATION_ROW,KEEP,,,,,NO_QUOTA_PUBLISHED,Included in active 2026 permit reconciliation union.
EL3193,San Juan Bull Elk,Elk,Bull,Limited Entry - Private Land Only,ACTIVE_RECONCILIATION_ROW,KEEP,,,,,NO_QUOTA_PUBLISHED,Included in active 2026 permit reconciliation union.
EL3194,San Juan Bull Elk,Elk,Bull,Limited Entry - Private Land Only,ACTIVE_RECONCILIATION_ROW,KEEP,,,,,NO_QUOTA_PUBLISHED,Included in active 2026 permit reconciliation union.
EL3195,Diamond Mtn,Elk,Bull,Limited Entry - Private Land Only,ACTIVE_RECONCILIATION_ROW,KEEP,,,,,NO_QUOTA_PUBLISHED,Included in active 2026 permit reconciliation union.
EL3196,Diamond Mtn,Elk,Bull,Limited Entry - Private Land Only,ACTIVE_RECONCILIATION_ROW,KEEP,,,,,NO_QUOTA_PUBLISHED,Included in active 2026 permit reconciliation union.
EL3197,Southwest Desert South,Elk,Bull,Limited Entry - Private Land Only,ACTIVE_RECONCILIATION_ROW,KEEP,,,,,NO_QUOTA_PUBLISHED,Included in active 2026 permit reconciliation union.
EL3198,Southwest Desert South,Elk,Bull,Limited Entry - Private Land Only,ACTIVE_RECONCILIATION_ROW,KEEP,,,,,NO_QUOTA_PUBLISHED,Included in active 2026 permit reconciliation union.
EL3199,Wasatch Mtns,Elk,Bull,Limited Entry - Private Land Only,ACTIVE_RECONCILIATION_ROW,KEEP,,,,,NO_QUOTA_PUBLISHED,Included in active 2026 permit reconciliation union.
EL3205,East Canyon,Elk,Bull,Limited Entry - Private Land Only,ACTIVE_RECONCILIATION_ROW,KEEP,,,,,NO_QUOTA_PUBLISHED,Included in active 2026 permit reconciliation union.
EL3208,Morgan-South Rich,Elk,Bull,Limited Entry - Private Land Only,ACTIVE_RECONCILIATION_ROW,KEEP,,,,,NO_QUOTA_PUBLISHED,Included in active 2026 permit reconciliation union.
EL3210,North Slope Three Corners,Elk,Bull,Limited Entry - Private Land Only,ACTIVE_RECONCILIATION_ROW,KEEP,,,,,NO_QUOTA_PUBLISHED,Included in active 2026 permit reconciliation union.
EX1000,Elk Extended Archery,Elk,Hunters Choice,Extended Archery,ACTIVE_RECONCILIATION_ROW,KEEP,,,,,NO_QUOTA_PUBLISHED,Included in active 2026 permit reconciliation union.
GO1000,Mountain Goat - Statewide Permit,Mountain Goat,Hunters Choice,Statewide,ACTIVE_RECONCILIATION_ROW,KEEP,,,,1,,Included in active 2026 permit reconciliation union.
GO6800,Beaver,Mountain Goat,Either Sex,Once-in-a-lifetime,ACTIVE_RECONCILIATION_ROW,KEEP,,7.0,2.0,9,LIVE_DWR_RES_NR_SPLIT,Included in active 2026 permit reconciliation union.
GO6801,Beaver,Mountain Goat,Either Sex,Once-in-a-lifetime,ACTIVE_RECONCILIATION_ROW,KEEP,,9.0,0.0,9,LIVE_DWR_RES_NR_SPLIT,Included in active 2026 permit reconciliation union.
GO6803,Nebo,Mountain Goat,Either Sex,Once-in-a-lifetime,ACTIVE_RECONCILIATION_ROW,KEEP,,21.0,3.0,24,LIVE_DWR_RES_NR_SPLIT,Included in active 2026 permit reconciliation union.
GO6804,High Uintas Kamas,Mountain Goat,Either Sex,Once-in-a-lifetime,ACTIVE_RECONCILIATION_ROW,KEEP,,1.0,0.0,1,LIVE_DWR_RES_NR_SPLIT,Included in active 2026 permit reconciliation union.
GO6805,High Uintas Central,Mountain Goat,Either Sex,Once-in-a-lifetime,ACTIVE_RECONCILIATION_ROW,KEEP,,5.0,0.0,5,LIVE_DWR_RES_NR_SPLIT,Included in active 2026 permit reconciliation union.
GO6806,High Uintas East,Mountain Goat,Either Sex,Once-in-a-lifetime,ACTIVE_RECONCILIATION_ROW,KEEP,,3.0,0.0,3,LIVE_DWR_RES_NR_SPLIT,Included in active 2026 permit reconciliation union.
GO6807,High Uintas Leidy Peak,Mountain Goat,Either Sex,Once-in-a-lifetime,ACTIVE_RECONCILIATION_ROW,KEEP,,2.0,0.0,2,LIVE_DWR_RES_NR_SPLIT,Included in active 2026 permit reconciliation union.
GO6808,High Uintas West,Mountain Goat,Either Sex,Once-in-a-lifetime,ACTIVE_RECONCILIATION_ROW,KEEP,,9.0,2.0,11,LIVE_DWR_RES_NR_SPLIT,Included in active 2026 permit reconciliation union.
GO6810,"Ogden, Willard Peak",Mountain Goat,Either Sex,Once-in-a-lifetime,ACTIVE_RECONCILIATION_ROW,KEEP,,1.0,0.0,1,LIVE_DWR_RES_NR_SPLIT,Included in active 2026 permit reconciliation union.
GO6813,"Wasatch Mtns, Provo Peak",Mountain Goat,Either Sex,Once-in-a-lifetime,ACTIVE_RECONCILIATION_ROW,KEEP,,5.0,0.0,5,LIVE_DWR_RES_NR_SPLIT,Included in active 2026 permit reconciliation union.
GO6814,Mt Dutton,Mountain Goat,Either Sex,Once-in-a-lifetime,ACTIVE_RECONCILIATION_ROW,KEEP,,2.0,0.0,2,LIVE_DWR_RES_NR_SPLIT,Included in active 2026 permit reconciliation union.
GO6817,La Sal Mtns,Mountain Goat,Either Sex,Once-in-a-lifetime,ACTIVE_RECONCILIATION_ROW,KEEP,,10.0,2.0,12,LIVE_DWR_RES_NR_SPLIT,Included in active 2026 permit reconciliation union.
GO6818,"Wasatch Mtns, Box Elder Peak",Mountain Goat,Either Sex,Once-in-a-lifetime,ACTIVE_RECONCILIATION_ROW,KEEP,,3.0,0.0,3,LIVE_DWR_RES_NR_SPLIT,Included in active 2026 permit reconciliation union.
GO6819,"Wasatch Mtns, Lone Peak",Mountain Goat,Either Sex,Once-in-a-lifetime,ACTIVE_RECONCILIATION_ROW,KEEP,,1.0,0.0,1,LIVE_DWR_RES_NR_SPLIT,Included in active 2026 permit reconciliation union.
GO6820,"Wasatch Mtns, Timpanogos",Mountain Goat,Either Sex,Once-in-a-lifetime,ACTIVE_RECONCILIATION_ROW,KEEP,,8.0,2.0,10,LIVE_DWR_RES_NR_SPLIT,Included in active 2026 permit reconciliation union.
GO6821,Nebo,Mountain Goat,Either Sex,Once-in-a-lifetime,ACTIVE_RECONCILIATION_ROW,KEEP,,12.0,0.0,12,LIVE_DWR_RES_NR_SPLIT,Included in active 2026 permit reconciliation union.
GO6822,Beaver,Mountain Goat,Either Sex,Once-in-a-lifetime,ACTIVE_RECONCILIATION_ROW,KEEP,,2.0,0.0,2,LIVE_DWR_RES_NR_SPLIT,Included in active 2026 permit reconciliation union.
LD1001,Paunsaugunt - Private Land Only,Deer,Buck,Limited Entry - Private Land Only,ACTIVE_RECONCILIATION_ROW,KEEP,,,,,NO_QUOTA_PUBLISHED,Included in active 2026 permit reconciliation union.
LD1004,Paunsaugunt - Private Land Only,Deer,Buck,Limited Entry - Private Land Only,ACTIVE_RECONCILIATION_ROW,KEEP,,,,,NO_QUOTA_PUBLISHED,Included in active 2026 permit reconciliation union.
LD1006,Paunsaugunt - Private Land Only,Deer,Buck,Limited Entry - Private Land Only,ACTIVE_RECONCILIATION_ROW,KEEP,,,,,NO_QUOTA_PUBLISHED,Included in active 2026 permit reconciliation union.
LD1019,"Fillmore, Oak Creek LE - Private Land Only",Deer,Buck,Limited Entry - Private Land Only,ACTIVE_RECONCILIATION_ROW,KEEP,,,,,NO_QUOTA_PUBLISHED,Included in active 2026 permit reconciliation union.
LD1023,Diamond Mtn - Private Land Only,Deer,Buck,Limited Entry - Private Land Only,ACTIVE_RECONCILIATION_ROW,KEEP,,,,,NO_QUOTA_PUBLISHED,Included in active 2026 permit reconciliation union.
LD1108,Thousand Lakes - Private Land Only,Deer,Buck,Limited Entry - Private Land Only,ACTIVE_RECONCILIATION_ROW,KEEP,,,,,NO_QUOTA_PUBLISHED,Included in active 2026 permit reconciliation union.
LO0008,Diamond Mtn Landowner Association,Deer,Buck,Limited Entry - Private Land Only,ACTIVE_RECONCILIATION_ROW,KEEP,,,,,NO_QUOTA_PUBLISHED,Included in active 2026 permit reconciliation union.
LO0009,Diamond Mtn Landowner Association,Deer,Buck,Limited Entry - Private Land Only,ACTIVE_RECONCILIATION_ROW,KEEP,,,,,NO_QUOTA_PUBLISHED,Included in active 2026 permit reconciliation union.
LO0010,Diamond Mtn Landowner Association,Deer,Buck,Limited Entry - Private Land Only,ACTIVE_RECONCILIATION_ROW,KEEP,,,,,NO_QUOTA_PUBLISHED,Included in active 2026 permit reconciliation union.
LO0011,Diamond Mtn Landowner Association,Elk,Bull,Limited Entry - Private Land Only,ACTIVE_RECONCILIATION_ROW,KEEP,,,,,NO_QUOTA_PUBLISHED,Included in active 2026 permit reconciliation union.
LO0012,Diamond Mtn Landowner Association,Elk,Bull,Limited Entry - Private Land Only,ACTIVE_RECONCILIATION_ROW,KEEP,,,,,NO_QUOTA_PUBLISHED,Included in active 2026 permit reconciliation union.
LO0013,Diamond Mtn Landowner Association,Elk,Bull,Limited Entry - Private Land Only,ACTIVE_RECONCILIATION_ROW,KEEP,,,,,NO_QUOTA_PUBLISHED,Included in active 2026 permit reconciliation union.
LO0014,Diamond Mtn Landowner Association,Elk,Bull,Limited Entry - Private Land Only,ACTIVE_RECONCILIATION_ROW,KEEP,,,,,NO_QUOTA_PUBLISHED,Included in active 2026 permit reconciliation union.
LO0015,Diamond Mtn Landowner Association,Elk,Bull,Limited Entry - Private Land Only,ACTIVE_RECONCILIATION_ROW,KEEP,,,,,NO_QUOTA_PUBLISHED,Included in active 2026 permit reconciliation union.
LO1501,Box Elder,Deer,Buck,General Season - Private Land Only,ACTIVE_RECONCILIATION_ROW,KEEP,,,,,,Included in active 2026 permit reconciliation union.
LO1502,Cache,Deer,Buck,General Season - Private Land Only,ACTIVE_RECONCILIATION_ROW,KEEP,,,,,,Included in active 2026 permit reconciliation union.
LO1503,Manti/San Rafael,Deer,Buck,General Season - Private Land Only,ACTIVE_RECONCILIATION_ROW,KEEP,,,,,,Included in active 2026 permit reconciliation union.
LO1504,Nebo,Deer,Buck,General Season - Private Land Only,ACTIVE_RECONCILIATION_ROW,KEEP,,,,,,Included in active 2026 permit reconciliation union.
LO1506,Fillmore,Deer,Buck,General Season - Private Land Only,ACTIVE_RECONCILIATION_ROW,KEEP,,,,,,Included in active 2026 permit reconciliation union.
LO1508,Kamas,Deer,Buck,General Season - Private Land Only,ACTIVE_RECONCILIATION_ROW,KEEP,,,,,,Included in active 2026 permit reconciliation union.
LO1509,"La Sal, La Sal Mtns",Deer,Buck,General Season - Private Land Only,ACTIVE_RECONCILIATION_ROW,KEEP,,,,,,Included in active 2026 permit reconciliation union.
LO1510,Monroe,Deer,Buck,General Season - Private Land Only,ACTIVE_RECONCILIATION_ROW,KEEP,,,,,,Included in active 2026 permit reconciliation union.
LO1511,Mt Dutton,Deer,Buck,General Season - Private Land Only,ACTIVE_RECONCILIATION_ROW,KEEP,,,,,,Included in active 2026 permit reconciliation union.
LO1512,Nine Mile,Deer,Buck,General Season - Private Land Only,ACTIVE_RECONCILIATION_ROW,KEEP,,,,,,Included in active 2026 permit reconciliation union.
LO1513,North Slope,Deer,Buck,General Season - Private Land Only,ACTIVE_RECONCILIATION_ROW,KEEP,,,,,,Included in active 2026 permit reconciliation union.
LO1514,Ogden,Deer,Buck,General Season - Private Land Only,ACTIVE_RECONCILIATION_ROW,KEEP,,,,,,Included in active 2026 permit reconciliation union.
LO1516,Panguitch Lake,Deer,Buck,General Season - Private Land Only,ACTIVE_RECONCILIATION_ROW,KEEP,,,,,,Included in active 2026 permit reconciliation union.
LO1517,Pine Valley,Deer,Buck,General Season - Private Land Only,ACTIVE_RECONCILIATION_ROW,KEEP,,,,,,Included in active 2026 permit reconciliation union.
LO1518,Boulder/Kaiparowits,Deer,Buck,General Season - Private Land Only,ACTIVE_RECONCILIATION_ROW,KEEP,,,,,,Included in active 2026 permit reconciliation union.
LO1519,Fishlake,Deer,Buck,General Season - Private Land Only,ACTIVE_RECONCILIATION_ROW,KEEP,,,,,,Included in active 2026 permit reconciliation union.
LO1521,"San Juan, Abajo Mtns",Deer,Buck,General Season - Private Land Only,ACTIVE_RECONCILIATION_ROW,KEEP,,,,,,Included in active 2026 permit reconciliation union.
LO1522,Vernal/Bonanza,Deer,Buck,General Season - Private Land Only,ACTIVE_RECONCILIATION_ROW,KEEP,,,,,,Included in active 2026 permit reconciliation union.
LO1523,Yellowstone,Deer,Buck,General Season - Private Land Only,ACTIVE_RECONCILIATION_ROW,KEEP,,,,,,Included in active 2026 permit reconciliation union.
LO1524,Southwest Desert,Deer,Buck,General Season - Private Land Only,ACTIVE_RECONCILIATION_ROW,KEEP,,,,,,Included in active 2026 permit reconciliation union.
LO1525,"Wasatch Mtns, East",Deer,Buck,General Season - Private Land Only,ACTIVE_RECONCILIATION_ROW,KEEP,,,,,,Included in active 2026 permit reconciliation union.
LO1526,"Wasatch Mtns, West",Deer,Buck,General Season - Private Land Only,ACTIVE_RECONCILIATION_ROW,KEEP,,,,,,Included in active 2026 permit reconciliation union.
LO1529,Zion,Deer,Buck,General Season - Private Land Only,ACTIVE_RECONCILIATION_ROW,KEEP,,,,,,Included in active 2026 permit reconciliation union.
LO1531,Box Elder,Deer,Buck,General Season - Private Land Only,ACTIVE_RECONCILIATION_ROW,KEEP,,,,2,,Included in active 2026 permit reconciliation union.
LO1533,Manti/San Rafael,Deer,Buck,General Season - Private Land Only,ACTIVE_RECONCILIATION_ROW,KEEP,,,,,,Included in active 2026 permit reconciliation union.
LO1534,Nebo,Deer,Buck,General Season - Private Land Only,ACTIVE_RECONCILIATION_ROW,KEEP,,,,2,,Included in active 2026 permit reconciliation union.
LO1536,Fillmore,Deer,Buck,General Season - Private Land Only,ACTIVE_RECONCILIATION_ROW,KEEP,,,,2,,Included in active 2026 permit reconciliation union.
LO1538,Kamas,Deer,Buck,General Season - Private Land Only,ACTIVE_RECONCILIATION_ROW,KEEP,,,,2,,Included in active 2026 permit reconciliation union.
LO1539,"La Sal, La Sal Mtns",Deer,Buck,General Season - Private Land Only,ACTIVE_RECONCILIATION_ROW,KEEP,,,,,,Included in active 2026 permit reconciliation union.
LO1540,Monroe,Deer,Buck,General Season - Private Land Only,ACTIVE_RECONCILIATION_ROW,KEEP,,,,2,,Included in active 2026 permit reconciliation union.
LO1541,Mt Dutton,Deer,Buck,General Season - Private Land Only,ACTIVE_RECONCILIATION_ROW,KEEP,,,,2,,Included in active 2026 permit reconciliation union.
LO1542,Nine Mile,Deer,Buck,General Season - Private Land Only,ACTIVE_RECONCILIATION_ROW,KEEP,,,,2,,Included in active 2026 permit reconciliation union.
LO1543,North Slope,Deer,Buck,General Season - Private Land Only,ACTIVE_RECONCILIATION_ROW,KEEP,,,,,,Included in active 2026 permit reconciliation union.
LO1544,Ogden,Deer,Buck,General Season - Private Land Only,ACTIVE_RECONCILIATION_ROW,KEEP,,,,2,,Included in active 2026 permit reconciliation union.
LO1546,Panguitch Lake,Deer,Buck,General Season - Private Land Only,ACTIVE_RECONCILIATION_ROW,KEEP,,,,,,Included in active 2026 permit reconciliation union.
LO1547,Pine Valley,Deer,Buck,General Season - Private Land Only,ACTIVE_RECONCILIATION_ROW,KEEP,,,,2,,Included in active 2026 permit reconciliation union.
LO1549,Fishlake,Deer,Buck,General Season - Private Land Only,ACTIVE_RECONCILIATION_ROW,KEEP,,,,2,,Included in active 2026 permit reconciliation union.
LO1551,"San Juan, Abajo Mtns",Deer,Buck,General Season - Private Land Only,ACTIVE_RECONCILIATION_ROW,KEEP,,,,,,Included in active 2026 permit reconciliation union.
LO1552,Vernal/Bonanza,Deer,Buck,General Season - Private Land Only,ACTIVE_RECONCILIATION_ROW,KEEP,,,,,,Included in active 2026 permit reconciliation union.
LO1553,Yellowstone,Deer,Buck,General Season - Private Land Only,ACTIVE_RECONCILIATION_ROW,KEEP,,,,,,Included in active 2026 permit reconciliation union.
LO1554,Southwest Desert,Deer,Buck,General Season - Private Land Only,ACTIVE_RECONCILIATION_ROW,KEEP,,,,,,Included in active 2026 permit reconciliation union.
LO1555,"Wasatch Mtns, East",Deer,Buck,General Season - Private Land Only,ACTIVE_RECONCILIATION_ROW,KEEP,,,,,,Included in active 2026 permit reconciliation union.
LO1556,"Wasatch Mtns, West",Deer,Buck,General Season - Private Land Only,ACTIVE_RECONCILIATION_ROW,KEEP,,,,,,Included in active 2026 permit reconciliation union.
LO1559,Zion,Deer,Buck,General Season - Private Land Only,ACTIVE_RECONCILIATION_ROW,KEEP,,,,2,,Included in active 2026 permit reconciliation union.
LO1561,Box Elder,Deer,Buck,General Season - Private Land Only,ACTIVE_RECONCILIATION_ROW,KEEP,,,,,,Included in active 2026 permit reconciliation union.
LO1563,Manti/San Rafael,Deer,Buck,General Season - Private Land Only,ACTIVE_RECONCILIATION_ROW,KEEP,,,,,,Included in active 2026 permit reconciliation union.
LO1564,Nebo,Deer,Buck,General Season - Private Land Only,ACTIVE_RECONCILIATION_ROW,KEEP,,,,,,Included in active 2026 permit reconciliation union.
LO1566,Fillmore,Deer,Buck,General Season - Private Land Only,ACTIVE_RECONCILIATION_ROW,KEEP,,,,,,Included in active 2026 permit reconciliation union.
LO1568,Kamas,Deer,Buck,General Season - Private Land Only,ACTIVE_RECONCILIATION_ROW,KEEP,,,,,,Included in active 2026 permit reconciliation union.
LO1569,"La Sal, La Sal Mtns",Deer,Buck,General Season - Private Land Only,ACTIVE_RECONCILIATION_ROW,KEEP,,,,,,Included in active 2026 permit reconciliation union.
LO1570,Monroe,Deer,Buck,General Season - Private Land Only,ACTIVE_RECONCILIATION_ROW,KEEP,,,,,,Included in active 2026 permit reconciliation union.
LO1571,Mt Dutton,Deer,Buck,General Season - Private Land Only,ACTIVE_RECONCILIATION_ROW,KEEP,,,,,,Included in active 2026 permit reconciliation union.
LO1572,Nine Mile,Deer,Buck,General Season - Private Land Only,ACTIVE_RECONCILIATION_ROW,KEEP,,,,,,Included in active 2026 permit reconciliation union.
LO1573,North Slope,Deer,Buck,General Season - Private Land Only,ACTIVE_RECONCILIATION_ROW,KEEP,,,,,,Included in active 2026 permit reconciliation union.
LO1574,Ogden,Deer,Buck,General Season - Private Land Only,ACTIVE_RECONCILIATION_ROW,KEEP,,,,,,Included in active 2026 permit reconciliation union.
LO1576,Panguitch Lake,Deer,Buck,General Season - Private Land Only,ACTIVE_RECONCILIATION_ROW,KEEP,,,,,,Included in active 2026 permit reconciliation union.
LO1577,Pine Valley,Deer,Buck,General Season - Private Land Only,ACTIVE_RECONCILIATION_ROW,KEEP,,,,,,Included in active 2026 permit reconciliation union.
LO1579,Fishlake,Deer,Buck,General Season - Private Land Only,ACTIVE_RECONCILIATION_ROW,KEEP,,,,,,Included in active 2026 permit reconciliation union.
LO1581,"San Juan, Abajo Mtns",Deer,Buck,General Season - Private Land Only,ACTIVE_RECONCILIATION_ROW,KEEP,,,,,,Included in active 2026 permit reconciliation union.
LO1582,Vernal/Bonanza,Deer,Buck,General Season - Private Land Only,ACTIVE_RECONCILIATION_ROW,KEEP,,,,,,Included in active 2026 permit reconciliation union.
LO1583,Yellowstone,Deer,Buck,General Season - Private Land Only,ACTIVE_RECONCILIATION_ROW,KEEP,,,,,,Included in active 2026 permit reconciliation union.
LO1584,Southwest Desert,Deer,Buck,General Season - Private Land Only,ACTIVE_RECONCILIATION_ROW,KEEP,,,,,,Included in active 2026 permit reconciliation union.
LO1585,"Wasatch Mtns, East",Deer,Buck,General Season - Private Land Only,ACTIVE_RECONCILIATION_ROW,KEEP,,,,,,Included in active 2026 permit reconciliation union.
LO1586,"Wasatch Mtns, West",Deer,Buck,General Season - Private Land Only,ACTIVE_RECONCILIATION_ROW,KEEP,,,,,,Included in active 2026 permit reconciliation union.
LO1589,Zion,Deer,Buck,General Season - Private Land Only,ACTIVE_RECONCILIATION_ROW,KEEP,,,,,,Included in active 2026 permit reconciliation union.
LO1591,Fillmore,Deer,Buck,General Season - Private Land Only,ACTIVE_RECONCILIATION_ROW,KEEP,,,,1,,Included in active 2026 permit reconciliation union.
LO1592,Kamas,Deer,Buck,General Season - Private Land Only,ACTIVE_RECONCILIATION_ROW,KEEP,,,,1,,Included in active 2026 permit reconciliation union.
LO1593,Nine Mile,Deer,Buck,General Season - Private Land Only,ACTIVE_RECONCILIATION_ROW,KEEP,,,,1,,Included in active 2026 permit reconciliation union.
LO1594,Panguitch Lake,Deer,Buck,General Season - Private Land Only,ACTIVE_RECONCILIATION_ROW,KEEP,,,,,,Included in active 2026 permit reconciliation union.
LO1595,Pine Valley,Deer,Buck,General Season - Private Land Only,ACTIVE_RECONCILIATION_ROW,KEEP,,,,1,,Included in active 2026 permit reconciliation union.
LO1596,Fishlake,Deer,Buck,General Season - Private Land Only,ACTIVE_RECONCILIATION_ROW,KEEP,,,,1,,Included in active 2026 permit reconciliation union.
LO1597,Zion,Deer,Buck,General Season - Private Land Only,ACTIVE_RECONCILIATION_ROW,KEEP,,,,1,,Included in active 2026 permit reconciliation union.
LO1598,North Slope,Deer,Buck,General Season - Private Land Only,ACTIVE_RECONCILIATION_ROW,KEEP,,,,,,Included in active 2026 permit reconciliation union.
LO1599,Chalk Creek,Deer,Buck,General Season - Private Land Only,ACTIVE_RECONCILIATION_ROW,KEEP,,,,,,Included in active 2026 permit reconciliation union.
LO1600,Chalk Creek,Deer,Buck,General Season - Private Land Only,ACTIVE_RECONCILIATION_ROW,KEEP,,,,,,Included in active 2026 permit reconciliation union.
LO1601,Chalk Creek,Deer,Buck,General Season - Private Land Only,ACTIVE_RECONCILIATION_ROW,KEEP,,,,,,Included in active 2026 permit reconciliation union.
LO1602,Chalk Creek,Deer,Buck,General Season - Private Land Only,ACTIVE_RECONCILIATION_ROW,KEEP,,,,,,Included in active 2026 permit reconciliation union.
LO1603,East Canyon,Deer,Buck,General Season - Private Land Only,ACTIVE_RECONCILIATION_ROW,KEEP,,,,,,Included in active 2026 permit reconciliation union.
LO1604,East Canyon,Deer,Buck,General Season - Private Land Only,ACTIVE_RECONCILIATION_ROW,KEEP,,,,,,Included in active 2026 permit reconciliation union.
LO1605,East Canyon,Deer,Buck,General Season - Private Land Only,ACTIVE_RECONCILIATION_ROW,KEEP,,,,,,Included in active 2026 permit reconciliation union.
LO1606,East Canyon,Deer,Buck,General Season - Private Land Only,ACTIVE_RECONCILIATION_ROW,KEEP,,,,,,Included in active 2026 permit reconciliation union.
LO1607,Morgan-South Rich,Deer,Buck,General Season - Private Land Only,ACTIVE_RECONCILIATION_ROW,KEEP,,,,,,Included in active 2026 permit reconciliation union.
LO1608,Morgan-South Rich,Deer,Buck,General Season - Private Land Only,ACTIVE_RECONCILIATION_ROW,KEEP,,,,,,Included in active 2026 permit reconciliation union.
LO1609,Morgan-South Rich,Deer,Buck,General Season - Private Land Only,ACTIVE_RECONCILIATION_ROW,KEEP,,,,,,Included in active 2026 permit reconciliation union.
LO1610,Morgan-South Rich,Deer,Buck,General Season - Private Land Only,ACTIVE_RECONCILIATION_ROW,KEEP,,,,,,Included in active 2026 permit reconciliation union.
LO1611,"Beaver, East",Deer,Buck,General Season - Private Land Only,ACTIVE_RECONCILIATION_ROW,KEEP,,,,,,Included in active 2026 permit reconciliation union.
LO1612,"Beaver, East",Deer,Buck,General Season - Private Land Only,ACTIVE_RECONCILIATION_ROW,KEEP,,,,,,Included in active 2026 permit reconciliation union.
LO1613,"Beaver, East",Deer,Buck,General Season - Private Land Only,ACTIVE_RECONCILIATION_ROW,KEEP,,,,,,Included in active 2026 permit reconciliation union.
LO1614,"Beaver, West",Deer,Buck,General Season - Private Land Only,ACTIVE_RECONCILIATION_ROW,KEEP,,,,,,Included in active 2026 permit reconciliation union.
LO1615,"Beaver, West",Deer,Buck,General Season - Private Land Only,ACTIVE_RECONCILIATION_ROW,KEEP,,,,,,Included in active 2026 permit reconciliation union.
LO1616,"Beaver, West",Deer,Buck,General Season - Private Land Only,ACTIVE_RECONCILIATION_ROW,KEEP,,,,,,Included in active 2026 permit reconciliation union.
LO1617,"West Desert, Swasey",Deer,Buck,General Season - Private Land Only,ACTIVE_RECONCILIATION_ROW,KEEP,,,,,,Included in active 2026 permit reconciliation union.
LO1618,"West Desert, Swasey",Deer,Buck,General Season - Private Land Only,ACTIVE_RECONCILIATION_ROW,KEEP,,,,,,Included in active 2026 permit reconciliation union.
LO1619,"West Desert, Swasey",Deer,Buck,General Season - Private Land Only,ACTIVE_RECONCILIATION_ROW,KEEP,,,,,,Included in active 2026 permit reconciliation union.
LO1620,Oquirrh/Tintic,Deer,Buck,General Season - Private Land Only,ACTIVE_RECONCILIATION_ROW,KEEP,,,,,,Included in active 2026 permit reconciliation union.
LO1621,Oquirrh/Tintic,Deer,Buck,General Season - Private Land Only,ACTIVE_RECONCILIATION_ROW,KEEP,,,,,,Included in active 2026 permit reconciliation union.
LO1622,Oquirrh/Tintic,Deer,Buck,General Season - Private Land Only,ACTIVE_RECONCILIATION_ROW,KEEP,,,,,,Included in active 2026 permit reconciliation union.
LO1623,Cedar/Stansbury,Deer,Buck,General Season - Private Land Only,ACTIVE_RECONCILIATION_ROW,KEEP,,,,,,Included in active 2026 permit reconciliation union.
LO1624,Cedar/Stansbury,Deer,Buck,General Season - Private Land Only,ACTIVE_RECONCILIATION_ROW,KEEP,,,,,,Included in active 2026 permit reconciliation union.
LO1625,Cedar/Stansbury,Deer,Buck,General Season - Private Land Only,ACTIVE_RECONCILIATION_ROW,KEEP,,,,,,Included in active 2026 permit reconciliation union.
LO1627,Cache,Deer,Buck,General Season - Private Land Only,ACTIVE_RECONCILIATION_ROW,KEEP,,,,2,,Included in active 2026 permit reconciliation union.
LO1628,Cache,Deer,Buck,General Season - Private Land Only,ACTIVE_RECONCILIATION_ROW,KEEP,,,,2,,Included in active 2026 permit reconciliation union.
LO1629,Boulder/Kaiparowits,Deer,Buck,General Season - Private Land Only,ACTIVE_RECONCILIATION_ROW,KEEP,,,,,,Included in active 2026 permit reconciliation union.
LO1630,Boulder/Kaiparowits,Deer,Buck,General Season - Private Land Only,ACTIVE_RECONCILIATION_ROW,KEEP,,,,,,Included in active 2026 permit reconciliation union.
LO1631,Box Elder,Deer,Buck,General Season - Private Land Only,ACTIVE_RECONCILIATION_ROW,KEEP,,,,1,,Included in active 2026 permit reconciliation union.
LP5025,Beaver - Private Land Only,Pronghorn,Buck,Limited Entry - Private Land Only,ACTIVE_RECONCILIATION_ROW,KEEP,,,,,,Included in active 2026 permit reconciliation union.
LP5031,"Box Elder, West - Private Land Only",Pronghorn,Buck,Limited Entry - Private Land Only,ACTIVE_RECONCILIATION_ROW,KEEP,,,,,,Included in active 2026 permit reconciliation union.
LP5033,"Fillmore, Oak Creek South - Private Land Only",Pronghorn,Buck,Limited Entry - Private Land Only,ACTIVE_RECONCILIATION_ROW,KEEP,,,,,,Included in active 2026 permit reconciliation union.
LP5046,"San Rafael, North - Private Land Only",Pronghorn,Buck,Limited Entry - Private Land Only,ACTIVE_RECONCILIATION_ROW,KEEP,,,,,,Included in active 2026 permit reconciliation union.
LP5049,Southwest Desert - Private Land Only,Pronghorn,Buck,Limited Entry - Private Land Only,ACTIVE_RECONCILIATION_ROW,KEEP,,,,,,Included in active 2026 permit reconciliation union.
LP5051,"West Desert, Rush Valley - Private Land Only",Pronghorn,Buck,Limited Entry - Private Land Only,ACTIVE_RECONCILIATION_ROW,KEEP,,,,,,Included in active 2026 permit reconciliation union.
MA1005,Morgan-South Rich,Moose,Antlerless,General Season,ACTIVE_RECONCILIATION_ROW,KEEP,,2,1,3,RECONCILED_2026_MOOSE_RECOMMENDED_USER_CONFIRMED,Included in active 2026 permit reconciliation union.
MA1006,"Wasatch Mtns, West",Moose,Antlerless,Once-in-a-lifetime,ACTIVE_RECONCILIATION_ROW,KEEP,,4.0,1.0,5,HISTORICAL_2025_ONLY_NOT_ACTIVE_2026,Included in active 2026 permit reconciliation union.
MA1007,Morgan-South Rich,Moose,Antlerless,General Season,ACTIVE_RECONCILIATION_ROW,KEEP,,2,0,2,RECONCILED_2026_MOOSE_RECOMMENDED_USER_CONFIRMED,Included in active 2026 permit reconciliation union.
MA1008,"Wasatch Mtns, Salt Lake-Timpanogos",Moose,Antlerless,General Season,ACTIVE_RECONCILIATION_ROW,KEEP,,2,0,2,RECONCILED_2026_MOOSE_RECOMMENDED_USER_CONFIRMED,Included in active 2026 permit reconciliation union.
MA1009,Causey Spring CWMU,Moose,Antlerless,CWMU,ACTIVE_RECONCILIATION_ROW,KEEP,,1.0,0.0,1,DWR_HUNTPLANNER_CWMU_RES_NR_TOTAL_DERIVED,Included in active 2026 permit reconciliation union.
MA1010,Deseret CWMU,Moose,Antlerless,CWMU,ACTIVE_RECONCILIATION_ROW,KEEP,,2.0,0.0,2,DWR_HUNTPLANNER_CWMU_RES_NR_TOTAL_DERIVED,Included in active 2026 permit reconciliation union.
MA1011,Beaver Hollow,Moose,Antlerless,CWMU,ACTIVE_RECONCILIATION_ROW,KEEP,,,,1,RECONCILED_2026_RECOMMENDED_TOTAL_ONLY,Included in active 2026 permit reconciliation union.
MB1000,Moose - Statewide Permit,Moose,Bull,Statewide,ACTIVE_RECONCILIATION_ROW,KEEP,,,,1,RECONCILED_2026_RECOMMENDED_TOTAL_ONLY,Included in active 2026 permit reconciliation union.
MB6000,Cache,Moose,Bull,Once-in-a-lifetime,ACTIVE_RECONCILIATION_ROW,KEEP,,14.0,3.0,17,LIVE_DWR_RES_NR_SPLIT,Included in active 2026 permit reconciliation union.
MB6001,Chalk Creek,Moose,Bull,Once-in-a-lifetime,ACTIVE_RECONCILIATION_ROW,KEEP,,4.0,0.0,4,LIVE_DWR_RES_NR_SPLIT,Included in active 2026 permit reconciliation union.
MB6002,East Canyon,Moose,Bull,Once-in-a-lifetime,ACTIVE_RECONCILIATION_ROW,KEEP,,5.0,0.0,5,LIVE_DWR_RES_NR_SPLIT,Included in active 2026 permit reconciliation union.
MB6003,"East Canyon, Morgan-Summit",Moose,Bull,Once-in-a-lifetime,ACTIVE_RECONCILIATION_ROW,KEEP,,5.0,0.0,5,LIVE_DWR_RES_NR_SPLIT,Included in active 2026 permit reconciliation union.
MB6004,Kamas,Moose,Bull,Once-in-a-lifetime,ACTIVE_RECONCILIATION_ROW,KEEP,,6.0,0.0,6,LIVE_DWR_RES_NR_SPLIT,Included in active 2026 permit reconciliation union.
MB6005,Morgan-South Rich,Moose,Bull,Once-in-a-lifetime,ACTIVE_RECONCILIATION_ROW,KEEP,,6.0,0.0,6,LIVE_DWR_RES_NR_SPLIT,Included in active 2026 permit reconciliation union.
MB6006,"North Slope, Summit",Moose,Bull,Once-in-a-lifetime,ACTIVE_RECONCILIATION_ROW,KEEP,,20.0,3.0,23,LIVE_DWR_RES_NR_SPLIT,Included in active 2026 permit reconciliation union.
MB6007,"North Slope, Three Corners/West Daggett",Moose,Bull,Once-in-a-lifetime,ACTIVE_RECONCILIATION_ROW,KEEP,,6.0,2.0,8,LIVE_DWR_RES_NR_SPLIT,Included in active 2026 permit reconciliation union.
MB6008,Ogden,Moose,Bull,Once-in-a-lifetime,ACTIVE_RECONCILIATION_ROW,KEEP,,7.0,0.0,7,LIVE_DWR_RES_NR_SPLIT,Included in active 2026 permit reconciliation union.
MB6009,Diamond Mtn/Vernal,Moose,Bull,Once-in-a-lifetime,ACTIVE_RECONCILIATION_ROW,KEEP,,2.0,0.0,2,LIVE_DWR_RES_NR_SPLIT,Included in active 2026 permit reconciliation union.
MB6010,Yellowstone,Moose,Bull,Once-in-a-lifetime,ACTIVE_RECONCILIATION_ROW,KEEP,,6.0,0.0,6,LIVE_DWR_RES_NR_SPLIT,Included in active 2026 permit reconciliation union.
MB6011,Wasatch Mtns/Central Mtns,Moose,Bull,Once-in-a-lifetime,ACTIVE_RECONCILIATION_ROW,KEEP,,19.0,3.0,22,LIVE_DWR_RES_NR_SPLIT,Included in active 2026 permit reconciliation union.
MB6012,Box Elder,Moose,Bull,Once-in-a-lifetime,ACTIVE_RECONCILIATION_ROW,KEEP,,2.0,0.0,2,LIVE_DWR_RES_NR_SPLIT,Included in active 2026 permit reconciliation union.
MB6200,Bear Springs CWMU,Moose,Bull,CWMU,ACTIVE_RECONCILIATION_ROW,KEEP,,1.0,0.0,1,CROSSWALK_CONFIRMED_ACTIVE_2025_PDF_2026_NUMBERS_PENDING,Included in active 2026 permit reconciliation union.
MB6201,Beaver Hollow CWMU,Moose,Bull,CWMU,ACTIVE_RECONCILIATION_ROW,KEEP,,1.0,0.0,1,DWR_HUNTPLANNER_CWMU_RES_NR_TOTAL_DERIVED,Included in active 2026 permit reconciliation union.
MB6202,Causey Spring CWMU,Moose,Bull,CWMU,ACTIVE_RECONCILIATION_ROW,KEEP,,1.0,0.0,1,DWR_HUNTPLANNER_CWMU_RES_NR_TOTAL_DERIVED,Included in active 2026 permit reconciliation union.
MB6206,Deseret CWMU,Moose,Bull,CWMU,ACTIVE_RECONCILIATION_ROW,KEEP,,1.0,0.0,1,DWR_HUNTPLANNER_CWMU_RES_NR_TOTAL_DERIVED,Included in active 2026 permit reconciliation union.
MB6207,Durst Mountain CWMU,Moose,Bull,CWMU,ACTIVE_RECONCILIATION_ROW,KEEP,,1.0,0.0,1,CROSSWALK_CONFIRMED_ACTIVE_2025_PDF_2026_NUMBERS_PENDING,Included in active 2026 permit reconciliation union.
MB6208,East Fork Chalk Creek CWMU,Moose,Bull,CWMU,ACTIVE_RECONCILIATION_ROW,KEEP,,2.0,0.0,2,DWR_HUNTPLANNER_CWMU_RES_NR_TOTAL_DERIVED,Included in active 2026 permit reconciliation union.
MB6209,Ensign Ranches CWMU,Moose,Bull,CWMU,ACTIVE_RECONCILIATION_ROW,KEEP,,1.0,0.0,1,CROSSWALK_CONFIRMED_ACTIVE_2025_PDF_2026_NUMBERS_PENDING,Included in active 2026 permit reconciliation union.
MB6211,Grass Valley/Clark Canyon CWMU,Moose,Bull,CWMU,ACTIVE_RECONCILIATION_ROW,KEEP,,4.0,0.0,4,DWR_HUNTPLANNER_CWMU_RES_NR_TOTAL_DERIVED,Included in active 2026 permit reconciliation union.
MB6217,Sharp Mountain CWMU,Moose,Bull,CWMU,ACTIVE_RECONCILIATION_ROW,KEEP,,1.0,0.0,1,CROSSWALK_CONFIRMED_ACTIVE_2025_PDF_2026_NUMBERS_PENDING,Included in active 2026 permit reconciliation union.
MB6219,Skull Crack CWMU,Moose,Bull,CWMU,ACTIVE_RECONCILIATION_ROW,KEEP,,2.0,0.0,2,DWR_HUNTPLANNER_CWMU_RES_NR_TOTAL_DERIVED,Included in active 2026 permit reconciliation union.
MB6220,South Canyon CWMU,Moose,Bull,CWMU,ACTIVE_RECONCILIATION_ROW,KEEP,,1.0,0.0,1,CROSSWALK_CONFIRMED_ACTIVE_2025_PDF_2026_NUMBERS_PENDING,Included in active 2026 permit reconciliation union.
MB6222,Strawberry Ridge CWMU,Moose,Bull,CWMU,ACTIVE_RECONCILIATION_ROW,KEEP,,1.0,0.0,1,DWR_HUNTPLANNER_CWMU_RES_NR_TOTAL_DERIVED,Included in active 2026 permit reconciliation union.
MB6223,Three C CWMU,Moose,Bull,CWMU,ACTIVE_RECONCILIATION_ROW,KEEP,,1.0,0.0,1,CROSSWALK_CONFIRMED_ACTIVE_2025_PDF_2026_NUMBERS_PENDING,Included in active 2026 permit reconciliation union.
MB6224,Two Bear CWMU,Moose,Bull,CWMU,ACTIVE_RECONCILIATION_ROW,KEEP,,1.0,0.0,1,CROSSWALK_CONFIRMED_ACTIVE_2025_PDF_2026_NUMBERS_PENDING,Included in active 2026 permit reconciliation union.
MB6225,Wallsburg CWMU,Moose,Bull,CWMU,ACTIVE_RECONCILIATION_ROW,KEEP,,1.0,0.0,1,CROSSWALK_CONFIRMED_ACTIVE_2025_OIL_PDF_2026_NUMBERS_PENDING,Included in active 2026 permit reconciliation union.
MB6240,Chimney Rock CWMU,Moose,Bull,CWMU,ACTIVE_RECONCILIATION_ROW,KEEP,,1.0,0.0,1,CROSSWALK_CONFIRMED_ACTIVE_2025_PDF_2026_NUMBERS_PENDING,Included in active 2026 permit reconciliation union.
MB6251,Hardscrabble CWMU,Moose,Bull,CWMU,ACTIVE_RECONCILIATION_ROW,KEEP,,1.0,0.0,1,DWR_HUNTPLANNER_CWMU_RES_NR_TOTAL_DERIVED,Included in active 2026 permit reconciliation union.
MB6254,SJ Ranch CWMU,Moose,Bull,CWMU,ACTIVE_RECONCILIATION_ROW,KEEP,,1.0,0.0,1,CROSSWALK_CONFIRMED_ACTIVE_2025_PDF_2026_NUMBERS_PENDING,Included in active 2026 permit reconciliation union.
MB6256,Woodruff Creek South CWMU,Moose,Bull,CWMU,ACTIVE_RECONCILIATION_ROW,KEEP,,1.0,0.0,1,DWR_HUNTPLANNER_CWMU_RES_NR_TOTAL_DERIVED,Included in active 2026 permit reconciliation union.
MB6257,Ingham Peak CWMU,Moose,Bull,CWMU,ACTIVE_RECONCILIATION_ROW,KEEP,,1.0,0.0,1,CROSSWALK_CONFIRMED_ACTIVE_2025_OIL_PDF_2026_NUMBERS_PENDING,Included in active 2026 permit reconciliation union.
MB6258,Jacob's Creek CWMU,Moose,Bull,CWMU,ACTIVE_RECONCILIATION_ROW,KEEP,,1.0,0.0,1,DWR_HUNTPLANNER_CWMU_RES_NR_TOTAL_DERIVED,Included in active 2026 permit reconciliation union.
MB6259,Royal Ivory Outfitters CWMU,Moose,Bull,CWMU,ACTIVE_RECONCILIATION_ROW,KEEP,,1.0,0.0,1,CROSSWALK_CONFIRMED_ACTIVE_2025_PDF_2026_NUMBERS_PENDING,Included in active 2026 permit reconciliation union.
MB6262,Junction Valley CWMU,Moose,Bull,CWMU,ACTIVE_RECONCILIATION_ROW,KEEP,,1.0,0.0,1,DWR_HUNTPLANNER_CWMU_RES_NR_TOTAL_DERIVED,Included in active 2026 permit reconciliation union.
MB6263,Moon Ranch CWMU,Moose,Bull,CWMU,ACTIVE_RECONCILIATION_ROW,KEEP,,,,,HISTORICAL_2025_ONLY_NOT_ACTIVE_2026,Included in active 2026 permit reconciliation union.
MB6264,Sand Creek CWMU,Moose,Bull,CWMU,ACTIVE_RECONCILIATION_ROW,KEEP,,1,0,1,RECONCILED_2026_RECOMMENDED_RES_NR_SPLIT,Included in active 2026 permit reconciliation union.
MB6265,Little Pole Canyon CWMU,Moose,Bull,CWMU,ACTIVE_RECONCILIATION_ROW,KEEP,,1.0,0.0,1,DWR_HUNTPLANNER_CWMU_RES_NR_TOTAL_DERIVED,Included in active 2026 permit reconciliation union.
MB6266,Weber Florence Creek/Stillman Creek CWMU,Moose,Bull,CWMU,ACTIVE_RECONCILIATION_ROW,KEEP,,3.0,0.0,3,DWR_HUNTPLANNER_CWMU_RES_NR_TOTAL_DERIVED,Included in active 2026 permit reconciliation union.
PB1000,Pronghorn - Statewide Permit,Pronghorn,Buck,Statewide,ACTIVE_RECONCILIATION_ROW,KEEP,,,,1,RECONCILED_2026_RECOMMENDED_TOTAL_ONLY,Included in active 2026 permit reconciliation union.
PB5000,Beaver,Pronghorn,Buck,Limited Entry,ACTIVE_RECONCILIATION_ROW,KEEP,,11.0,1.0,12,LIVE_DWR_RES_NR_SPLIT,Included in active 2026 permit reconciliation union.
PB5001,"Book Cliffs, Bitter Creek",Pronghorn,Buck,Limited Entry,ACTIVE_RECONCILIATION_ROW,KEEP,,13.0,1.0,14,LIVE_DWR_RES_NR_SPLIT,Included in active 2026 permit reconciliation union.
PB5002,"Book Cliffs, South",Pronghorn,Buck,Limited Entry,ACTIVE_RECONCILIATION_ROW,KEEP,,8.0,1.0,9,LIVE_DWR_RES_NR_SPLIT,Included in active 2026 permit reconciliation union.
PB5003,"Box Elder, Promontory",Pronghorn,Buck,Limited Entry,ACTIVE_RECONCILIATION_ROW,KEEP,,4.0,0.0,4,LIVE_DWR_RES_NR_SPLIT,Included in active 2026 permit reconciliation union.
PB5004,"Box Elder, Puddle Valley",Pronghorn,Buck,Limited Entry,ACTIVE_RECONCILIATION_ROW,KEEP,,3.0,1.0,4,LIVE_DWR_RES_NR_SPLIT,Included in active 2026 permit reconciliation union.
PB5005,"Box Elder, Snowville",Pronghorn,Buck,Limited Entry,ACTIVE_RECONCILIATION_ROW,KEEP,,9.0,1.0,10,LIVE_DWR_RES_NR_SPLIT,Included in active 2026 permit reconciliation union.
PB5006,"Box Elder, West",Pronghorn,Buck,Limited Entry,ACTIVE_RECONCILIATION_ROW,KEEP,,10.0,1.0,11,LIVE_DWR_RES_NR_SPLIT,Included in active 2026 permit reconciliation union.
PB5008,"Fillmore, Oak Creek South",Pronghorn,Buck,Limited Entry,ACTIVE_RECONCILIATION_ROW,KEEP,,15.0,2.0,17,LIVE_DWR_RES_NR_SPLIT,Included in active 2026 permit reconciliation union.
PB5009,"La Sal, Potash/South Cisco",Pronghorn,Buck,Limited Entry,ACTIVE_RECONCILIATION_ROW,KEEP,,6.0,0.0,6,LIVE_DWR_RES_NR_SPLIT,Included in active 2026 permit reconciliation union.
PB5011,"Nine Mile, Anthro-Myton Bench",Pronghorn,Buck,Limited Entry,ACTIVE_RECONCILIATION_ROW,KEEP,,30.0,3.0,33,LIVE_DWR_RES_NR_SPLIT,Included in active 2026 permit reconciliation union.
PB5012,"North Slope, Three Corners/West Daggett",Pronghorn,Buck,Limited Entry,ACTIVE_RECONCILIATION_ROW,KEEP,,10.0,1.0,11,LIVE_DWR_RES_NR_SPLIT,Included in active 2026 permit reconciliation union.
PB5013,Pine Valley,Pronghorn,Buck,Limited Entry,ACTIVE_RECONCILIATION_ROW,KEEP,,7.0,1.0,8,LIVE_DWR_RES_NR_SPLIT,Included in active 2026 permit reconciliation union.
PB5015,"San Rafael, North",Pronghorn,Buck,Limited Entry,ACTIVE_RECONCILIATION_ROW,KEEP,,21.0,2.0,23,LIVE_DWR_RES_NR_SPLIT,Included in active 2026 permit reconciliation union.
PB5016,Diamond Mtn/Bonanza,Pronghorn,Buck,Limited Entry,ACTIVE_RECONCILIATION_ROW,KEEP,,17.0,2.0,19,LIVE_DWR_RES_NR_SPLIT,Included in active 2026 permit reconciliation union.
PB5017,Vernal,Pronghorn,Buck,Limited Entry,ACTIVE_RECONCILIATION_ROW,KEEP,,18.0,2.0,20,LIVE_DWR_RES_NR_SPLIT,Included in active 2026 permit reconciliation union.
PB5018,Southwest Desert,Pronghorn,Buck,Limited Entry,ACTIVE_RECONCILIATION_ROW,KEEP,,31.0,4.0,35,LIVE_DWR_RES_NR_SPLIT,Included in active 2026 permit reconciliation union.
PB5019,"West Desert, Riverbed",Pronghorn,Buck,Limited Entry,ACTIVE_RECONCILIATION_ROW,KEEP,,18.0,2.0,20,LIVE_DWR_RES_NR_SPLIT,Included in active 2026 permit reconciliation union.
PB5020,"West Desert, Rush Valley",Pronghorn,Buck,Limited Entry,ACTIVE_RECONCILIATION_ROW,KEEP,,8.0,1.0,9,LIVE_DWR_RES_NR_SPLIT,Included in active 2026 permit reconciliation union.
PB5021,"West Desert, Snake Valley",Pronghorn,Buck,Limited Entry,ACTIVE_RECONCILIATION_ROW,KEEP,,23.0,3.0,26,LIVE_DWR_RES_NR_SPLIT,Included in active 2026 permit reconciliation union.
PB5024,Southwest Desert,Pronghorn,Buck,Limited Entry,ACTIVE_RECONCILIATION_ROW,KEEP,,31.0,4.0,35,LIVE_DWR_RES_NR_SPLIT,Included in active 2026 permit reconciliation union.
PB5025,Beaver,Pronghorn,Buck,Limited Entry,ACTIVE_RECONCILIATION_ROW,KEEP,,43.0,5.0,48,LIVE_DWR_RES_NR_SPLIT,Included in active 2026 permit reconciliation union.
PB5026,"Book Cliffs, Bitter Creek",Pronghorn,Buck,Limited Entry,ACTIVE_RECONCILIATION_ROW,KEEP,,50.0,6.0,56,LIVE_DWR_RES_NR_SPLIT,Included in active 2026 permit reconciliation union.
PB5027,"Book Cliffs, South",Pronghorn,Buck,Limited Entry,ACTIVE_RECONCILIATION_ROW,KEEP,,34.0,4.0,38,LIVE_DWR_RES_NR_SPLIT,Included in active 2026 permit reconciliation union.
PB5028,"Box Elder, Promontory",Pronghorn,Buck,Limited Entry,ACTIVE_RECONCILIATION_ROW,KEEP,,14.0,2.0,16,LIVE_DWR_RES_NR_SPLIT,Included in active 2026 permit reconciliation union.
PB5029,"Box Elder, Puddle Valley",Pronghorn,Buck,Limited Entry,ACTIVE_RECONCILIATION_ROW,KEEP,,14.0,2.0,16,LIVE_DWR_RES_NR_SPLIT,Included in active 2026 permit reconciliation union.
PB5030,"Box Elder, Snowville",Pronghorn,Buck,Limited Entry,ACTIVE_RECONCILIATION_ROW,KEEP,,28.0,3.0,31,LIVE_DWR_RES_NR_SPLIT,Included in active 2026 permit reconciliation union.
PB5031,"Box Elder, West",Pronghorn,Buck,Limited Entry,ACTIVE_RECONCILIATION_ROW,KEEP,,30.0,3.0,33,LIVE_DWR_RES_NR_SPLIT,Included in active 2026 permit reconciliation union.
PB5033,"Fillmore, Oak Creek South",Pronghorn,Buck,Limited Entry,ACTIVE_RECONCILIATION_ROW,KEEP,,46.0,5.0,51,LIVE_DWR_RES_NR_SPLIT,Included in active 2026 permit reconciliation union.
PB5034,Kaiparowits,Pronghorn,Buck,Limited Entry,ACTIVE_RECONCILIATION_ROW,KEEP,,2.0,0.0,2,LIVE_DWR_RES_NR_SPLIT,Included in active 2026 permit reconciliation union.
PB5035,"La Sal, Potash/South Cisco",Pronghorn,Buck,Limited Entry,ACTIVE_RECONCILIATION_ROW,KEEP,,22.0,2.0,24,LIVE_DWR_RES_NR_SPLIT,Included in active 2026 permit reconciliation union.
PB5037,"Nine Mile, Anthro-Myton Bench",Pronghorn,Buck,Limited Entry,ACTIVE_RECONCILIATION_ROW,KEEP,,89.0,10.0,99,LIVE_DWR_RES_NR_SPLIT,Included in active 2026 permit reconciliation union.
PB5038,"Nine Mile, Range Creek",Pronghorn,Buck,Limited Entry,ACTIVE_RECONCILIATION_ROW,KEEP,,13.0,1.0,14,LIVE_DWR_RES_NR_SPLIT,Included in active 2026 permit reconciliation union.
PB5039,"North Slope, Summit",Pronghorn,Buck,Limited Entry,ACTIVE_RECONCILIATION_ROW,KEEP,,15.0,2.0,17,LIVE_DWR_RES_NR_SPLIT,Included in active 2026 permit reconciliation union.
PB5040,"North Slope, Three Corners/West Daggett",Pronghorn,Buck,Limited Entry,ACTIVE_RECONCILIATION_ROW,KEEP,,29.0,3.0,32,LIVE_DWR_RES_NR_SPLIT,Included in active 2026 permit reconciliation union.
PB5041,"Panguitch Lake/Zion, North",Pronghorn,Buck,Limited Entry,ACTIVE_RECONCILIATION_ROW,KEEP,,21.0,2.0,23,LIVE_DWR_RES_NR_SPLIT,Included in active 2026 permit reconciliation union.
PB5042,Pine Valley,Pronghorn,Buck,Limited Entry,ACTIVE_RECONCILIATION_ROW,KEEP,,21.0,2.0,23,LIVE_DWR_RES_NR_SPLIT,Included in active 2026 permit reconciliation union.
PB5044,"San Juan, Hatch Point",Pronghorn,Buck,Limited Entry,ACTIVE_RECONCILIATION_ROW,KEEP,,3.0,0.0,3,LIVE_DWR_RES_NR_SPLIT,Included in active 2026 permit reconciliation union.
PB5045,"San Rafael, Desert",Pronghorn,Buck,Limited Entry,ACTIVE_RECONCILIATION_ROW,KEEP,,7.0,1.0,8,LIVE_DWR_RES_NR_SPLIT,Included in active 2026 permit reconciliation union.
PB5046,"San Rafael, North",Pronghorn,Buck,Limited Entry,ACTIVE_RECONCILIATION_ROW,KEEP,,62.0,7.0,69,LIVE_DWR_RES_NR_SPLIT,Included in active 2026 permit reconciliation union.
PB5047,Diamond Mtn/Bonanza,Pronghorn,Buck,Limited Entry,ACTIVE_RECONCILIATION_ROW,KEEP,,50.0,6.0,56,LIVE_DWR_RES_NR_SPLIT,Included in active 2026 permit reconciliation union.
PB5048,Vernal,Pronghorn,Buck,Limited Entry,ACTIVE_RECONCILIATION_ROW,KEEP,,54.0,6.0,60,LIVE_DWR_RES_NR_SPLIT,Included in active 2026 permit reconciliation union.
PB5049,Southwest Desert,Pronghorn,Buck,Limited Entry,ACTIVE_RECONCILIATION_ROW,KEEP,,94.0,11.0,105,LIVE_DWR_RES_NR_SPLIT,Included in active 2026 permit reconciliation union.
PB5050,"West Desert, Riverbed",Pronghorn,Buck,Limited Entry,ACTIVE_RECONCILIATION_ROW,KEEP,,73.0,8.0,81,LIVE_DWR_RES_NR_SPLIT,Included in active 2026 permit reconciliation union.
PB5051,"West Desert, Rush Valley",Pronghorn,Buck,Limited Entry,ACTIVE_RECONCILIATION_ROW,KEEP,,32.0,4.0,36,LIVE_DWR_RES_NR_SPLIT,Included in active 2026 permit reconciliation union.
PB5052,"West Desert, Snake Valley",Pronghorn,Buck,Limited Entry,ACTIVE_RECONCILIATION_ROW,KEEP,,95.0,11.0,106,LIVE_DWR_RES_NR_SPLIT,Included in active 2026 permit reconciliation union.
PB5053,"Nine Mile, Range Creek",Pronghorn,Buck,Limited Entry,ACTIVE_RECONCILIATION_ROW,KEEP,,4.0,0.0,4,LIVE_DWR_RES_NR_SPLIT,Included in active 2026 permit reconciliation union.
PB5054,"Panguitch Lake/Zion, North",Pronghorn,Buck,Limited Entry,ACTIVE_RECONCILIATION_ROW,KEEP,,7.0,1.0,8,LIVE_DWR_RES_NR_SPLIT,Included in active 2026 permit reconciliation union.
PB5055,"San Rafael, Desert",Pronghorn,Buck,Limited Entry,ACTIVE_RECONCILIATION_ROW,KEEP,,2.0,0.0,2,LIVE_DWR_RES_NR_SPLIT,Included in active 2026 permit reconciliation union.
PB5056,"San Rafael, North",Pronghorn,Buck,Limited Entry,ACTIVE_RECONCILIATION_ROW,KEEP,,21.0,2.0,23,LIVE_DWR_RES_NR_SPLIT,Included in active 2026 permit reconciliation union.
PB5059,"Nine Mile, Anthro-Myton Bench",Pronghorn,Buck,Limited Entry,ACTIVE_RECONCILIATION_ROW,KEEP,,30.0,3.0,33,LIVE_DWR_RES_NR_SPLIT,Included in active 2026 permit reconciliation union.
PB5060,Diamond Mtn/Bonanza,Pronghorn,Buck,Limited Entry,ACTIVE_RECONCILIATION_ROW,KEEP,,17.0,2.0,19,LIVE_DWR_RES_NR_SPLIT,Included in active 2026 permit reconciliation union.
PB5061,"Panguitch Lake/Zion, North",Pronghorn,Buck,Limited Entry,ACTIVE_RECONCILIATION_ROW,KEEP,,7.0,1.0,8,LIVE_DWR_RES_NR_SPLIT,Included in active 2026 permit reconciliation union.
PB5062,Pine Valley,Pronghorn,Buck,Limited Entry,ACTIVE_RECONCILIATION_ROW,KEEP,,7.0,1.0,8,LIVE_DWR_RES_NR_SPLIT,Included in active 2026 permit reconciliation union.
PB5065,"Fillmore, Oak Creek South",Pronghorn,Buck,Limited Entry,ACTIVE_RECONCILIATION_ROW,KEEP,,15.0,2.0,17,LIVE_DWR_RES_NR_SPLIT,Included in active 2026 permit reconciliation union.
PB5066,"North Slope, Three Corners/West Daggett",Pronghorn,Buck,Limited Entry,ACTIVE_RECONCILIATION_ROW,KEEP,,10.0,1.0,11,LIVE_DWR_RES_NR_SPLIT,Included in active 2026 permit reconciliation union.
PB5072,Vernal,Pronghorn,Buck,Limited Entry,ACTIVE_RECONCILIATION_ROW,KEEP,,18.0,2.0,20,LIVE_DWR_RES_NR_SPLIT,Included in active 2026 permit reconciliation union.
PB5073,"Cache, Rich",Pronghorn,Buck,Limited Entry,ACTIVE_RECONCILIATION_ROW,KEEP,,6.0,0.0,6,LIVE_DWR_RES_NR_SPLIT,Included in active 2026 permit reconciliation union.
PB5074,"Cache, Rich",Pronghorn,Buck,Limited Entry,ACTIVE_RECONCILIATION_ROW,KEEP,,2.0,0.0,2,LIVE_DWR_RES_NR_SPLIT,Included in active 2026 permit reconciliation union.
PB5075,"Cache, Rich",Pronghorn,Buck,Limited Entry,ACTIVE_RECONCILIATION_ROW,KEEP,,2.0,0.0,2,LIVE_DWR_RES_NR_SPLIT,Included in active 2026 permit reconciliation union.
PB5076,Parker Mtn,Pronghorn,Buck,Limited Entry,ACTIVE_RECONCILIATION_ROW,KEEP,,135.0,15.0,150,LIVE_DWR_RES_NR_SPLIT,Included in active 2026 permit reconciliation union.
PB5077,Parker Mtn,Pronghorn,Buck,Limited Entry,ACTIVE_RECONCILIATION_ROW,KEEP,,45.0,5.0,50,LIVE_DWR_RES_NR_SPLIT,Included in active 2026 permit reconciliation union.
PB5078,Parker Mtn,Pronghorn,Buck,Limited Entry,ACTIVE_RECONCILIATION_ROW,KEEP,,45.0,5.0,50,LIVE_DWR_RES_NR_SPLIT,Included in active 2026 permit reconciliation union.
PB5079,"Box Elder, West",Pronghorn,Buck,Limited Entry,ACTIVE_RECONCILIATION_ROW,KEEP,,10.0,1.0,11,LIVE_DWR_RES_NR_SPLIT,Included in active 2026 permit reconciliation union.
PB5080,"Box Elder, Snowville",Pronghorn,Buck,Limited Entry,ACTIVE_RECONCILIATION_ROW,KEEP,,9.0,1.0,10,LIVE_DWR_RES_NR_SPLIT,Included in active 2026 permit reconciliation union.
PB5300,Antelope Creek CWMU,Pronghorn,Buck,CWMU,ACTIVE_RECONCILIATION_ROW,KEEP,,4.0,0.0,4,DWR_HUNTPLANNER_CWMU_RES_NR_TOTAL_DERIVED,Included in active 2026 permit reconciliation union.
PB5302,Deseret CWMU,Pronghorn,Buck,CWMU,ACTIVE_RECONCILIATION_ROW,KEEP,,29.0,0.0,29,DWR_HUNTPLANNER_CWMU_RES_NR_TOTAL_DERIVED,Included in active 2026 permit reconciliation union.
PB5305,Park Valley CWMU,Pronghorn,Buck,CWMU,ACTIVE_RECONCILIATION_ROW,KEEP,,1.0,0.0,1,DWR_HUNTPLANNER_CWMU_RES_NR_TOTAL_DERIVED,Included in active 2026 permit reconciliation union.
PB5306,Rabbit Creek CWMU,Pronghorn,Buck,CWMU,ACTIVE_RECONCILIATION_ROW,KEEP,,1.0,0.0,1,DWR_HUNTPLANNER_CWMU_RES_NR_TOTAL_DERIVED,Included in active 2026 permit reconciliation union.
PB5309,Skull Valley South CWMU,Pronghorn,Buck,CWMU,ACTIVE_RECONCILIATION_ROW,KEEP,,2.0,0.0,2,DWR_HUNTPLANNER_CWMU_RES_NR_TOTAL_DERIVED,Included in active 2026 permit reconciliation union.
PB5311,The Rose of Snowville CWMU,Pronghorn,Buck,CWMU,ACTIVE_RECONCILIATION_ROW,KEEP,,3.0,0.0,3,DWR_HUNTPLANNER_CWMU_RES_NR_TOTAL_DERIVED,Included in active 2026 permit reconciliation union.
PB5312,TL Bar Ranch CWMU,Pronghorn,Buck,CWMU,ACTIVE_RECONCILIATION_ROW,KEEP,,1.0,0.0,1,DWR_HUNTPLANNER_CWMU_RES_NR_TOTAL_DERIVED,Included in active 2026 permit reconciliation union.
PB5313,West Willow Creek Ranch CWMU,Pronghorn,Buck,CWMU,ACTIVE_RECONCILIATION_ROW,KEEP,,,,1,HISTORICAL_2025_ONLY_NOT_ACTIVE_2026,Included in active 2026 permit reconciliation union.
PB5314,Westlake CWMU,Pronghorn,Buck,CWMU,ACTIVE_RECONCILIATION_ROW,KEEP,,2.0,0.0,2,DWR_HUNTPLANNER_CWMU_RES_NR_TOTAL_DERIVED,Included in active 2026 permit reconciliation union.
PB5315,Zane CWMU,Pronghorn,Buck,CWMU,ACTIVE_RECONCILIATION_ROW,KEEP,,2.0,0.0,2,DWR_HUNTPLANNER_CWMU_RES_NR_TOTAL_DERIVED,Included in active 2026 permit reconciliation union.
PB5325,Allen Ranch CWMU,Pronghorn,Buck,CWMU,ACTIVE_RECONCILIATION_ROW,KEEP,,2.0,0.0,2,DWR_HUNTPLANNER_CWMU_RES_NR_TOTAL_DERIVED,Included in active 2026 permit reconciliation union.
PB5326,Cedar Springs CWMU,Pronghorn,Buck,CWMU,ACTIVE_RECONCILIATION_ROW,KEEP,,1.0,0.0,1,DWR_HUNTPLANNER_CWMU_RES_NR_TOTAL_DERIVED,Included in active 2026 permit reconciliation union.
PB5327,Cottonwood Ridge CWMU,Pronghorn,Buck,CWMU,ACTIVE_RECONCILIATION_ROW,KEEP,,4.0,0.0,4,DWR_HUNTPLANNER_CWMU_RES_NR_TOTAL_DERIVED,Included in active 2026 permit reconciliation union.
PB5328,Pahvant Ensign CWMU,Pronghorn,Buck,CWMU,ACTIVE_RECONCILIATION_ROW,KEEP,,3.0,0.0,3,DWR_HUNTPLANNER_CWMU_RES_NR_TOTAL_DERIVED,Included in active 2026 permit reconciliation union.
PB5329,Snowville Flat CWMU,Pronghorn,Buck,CWMU,ACTIVE_RECONCILIATION_ROW,KEEP,,2.0,0.0,2,DWR_HUNTPLANNER_CWMU_RES_NR_TOTAL_DERIVED,Included in active 2026 permit reconciliation union.
PB5330,George Creek CWMU,Pronghorn,Buck,CWMU,ACTIVE_RECONCILIATION_ROW,KEEP,,1.0,0.0,1,DWR_HUNTPLANNER_CWMU_RES_NR_TOTAL_DERIVED,Included in active 2026 permit reconciliation union.
PB5331,Mt Dutton/Paunsaugunt,Pronghorn,Buck,Limited Entry,ACTIVE_RECONCILIATION_ROW,KEEP,,13.0,2.0,15,LIVE_DWR_RES_NR_SPLIT,Included in active 2026 permit reconciliation union.
PB5332,Mt Dutton/Paunsaugunt,Pronghorn,Buck,Limited Entry,ACTIVE_RECONCILIATION_ROW,KEEP,,4.0,1.0,5,LIVE_DWR_RES_NR_SPLIT,Included in active 2026 permit reconciliation union.
PB5337,Heist CWMU,Pronghorn,Buck,CWMU,ACTIVE_RECONCILIATION_ROW,KEEP,,2.0,0.0,2,DWR_HUNTPLANNER_CWMU_RES_NR_TOTAL_DERIVED,Included in active 2026 permit reconciliation union.
PB5338,Castle Valley Outdoors CWMU,Pronghorn,Buck,CWMU,ACTIVE_RECONCILIATION_ROW,KEEP,,1.0,0.0,1,DWR_HUNTPLANNER_CWMU_RES_NR_TOTAL_DERIVED,Included in active 2026 permit reconciliation union.
PB5339,Iron Spring CWMU,Pronghorn,Buck,CWMU,ACTIVE_RECONCILIATION_ROW,KEEP,,1.0,0.0,1,DWR_HUNTPLANNER_CWMU_RES_NR_TOTAL_DERIVED,Included in active 2026 permit reconciliation union.
PB5341,Sweetwater CWMU,Pronghorn,Buck,CWMU,ACTIVE_RECONCILIATION_ROW,KEEP,,,,1,HISTORICAL_2025_ONLY_NOT_ACTIVE_2026,Included in active 2026 permit reconciliation union.
PB5342,Salt Wells CWMU,Pronghorn,Buck,CWMU,ACTIVE_RECONCILIATION_ROW,KEEP,,1.0,0.0,1,DWR_HUNTPLANNER_CWMU_RES_NR_TOTAL_DERIVED,Included in active 2026 permit reconciliation union.
PB5345,Green River Flat CWMU,Pronghorn,Buck,CWMU,ACTIVE_RECONCILIATION_ROW,KEEP,,2.0,0.0,2,DWR_HUNTPLANNER_CWMU_RES_NR_TOTAL_DERIVED,Included in active 2026 permit reconciliation union.
PB5346,Junction Valley CWMU,Pronghorn,Buck,CWMU,ACTIVE_RECONCILIATION_ROW,KEEP,,1.0,0.0,1,DWR_HUNTPLANNER_CWMU_RES_NR_TOTAL_DERIVED,Included in active 2026 permit reconciliation union.
PD1000,"Box Elder, Snowville",Pronghorn,Doe,General Season,ACTIVE_RECONCILIATION_ROW,KEEP,,36,4,40,RECONCILED_2026_PRONGHORN_DOE_SOURCE_CONFIRMED,Included in active 2026 permit reconciliation union.
PD1006,Parker Mtn,Pronghorn,Doe,General Season,ACTIVE_RECONCILIATION_ROW,KEEP,,22.0,3.0,25,HISTORICAL_2025_ONLY_NOT_ACTIVE_2026,Included in active 2026 permit reconciliation union.
PD1011,Deseret CWMU,Pronghorn,Doe,CWMU,ACTIVE_RECONCILIATION_ROW,KEEP,,,,40,RECONCILED_2026_RECOMMENDED_TOTAL_ONLY,Included in active 2026 permit reconciliation union.
PD1012,"Box Elder, Promontory",Pronghorn,Doe,General Season,ACTIVE_RECONCILIATION_ROW,KEEP,,18,2,20,RECONCILED_2026_PRONGHORN_DOE_SOURCE_CONFIRMED,Included in active 2026 permit reconciliation union.
PD1016,Zane CWMU,Pronghorn,Doe,CWMU,ACTIVE_RECONCILIATION_ROW,KEEP,,6,0,6,RECONCILED_2026_PRONGHORN_DOE_SOURCE_CONFIRMED,Included in active 2026 permit reconciliation union.
PD1017,"Box Elder, West",Pronghorn,Doe,General Season,ACTIVE_RECONCILIATION_ROW,KEEP,,31,4,35,RECONCILED_2026_PRONGHORN_DOE_SOURCE_CONFIRMED,Included in active 2026 permit reconciliation union.
PD1025,Cottonwood Ridge CWMU,Pronghorn,Doe,CWMU,RETIRED_REFERENCE_ROW,KEEP_REFERENCE_DO_NOT_DELETE,PD1050,,,,RETIRED_2026_SUCCESSOR_PD1050,Retired for 2026; successor PD1050. Keep as historical/crosswalk row unless building a current-active-only export.
PD1026,Pahvant Ensign CWMU,Pronghorn,Doe,CWMU,ACTIVE_RECONCILIATION_ROW,KEEP,,6,0,6,RECONCILED_2026_PRONGHORN_DOE_SOURCE_CONFIRMED,Included in active 2026 permit reconciliation union.
PD1031,Westlake CWMU,Pronghorn,Doe,CWMU,ACTIVE_RECONCILIATION_ROW,KEEP,,9.0,0.0,9,DWR_HUNTPLANNER_CWMU_RES_NR_TOTAL_DERIVED,Included in active 2026 permit reconciliation union.
PD1032,Antelope Creek CWMU,Pronghorn,Doe,CWMU,ACTIVE_RECONCILIATION_ROW,KEEP,,6.0,0,6,RECONCILED_2026_TOTAL_MATCH_SPLIT_FILLED,Included in active 2026 permit reconciliation union.
PD1033,"San Rafael, Poison Springs Bench",Pronghorn,Doe,General Season,ACTIVE_RECONCILIATION_ROW,KEEP,,13.0,2.0,15,LIVE_DWR_RES_NR_SPLIT,Included in active 2026 permit reconciliation union.
PD1034,"Fillmore, Oak Creek South",Pronghorn,Doe,General Season,ACTIVE_RECONCILIATION_ROW,KEEP,,27.0,3.0,30,LIVE_DWR_RES_NR_SPLIT,Included in active 2026 permit reconciliation union.
PD1035,"Fillmore, Oak Creek South",Pronghorn,Doe,General Season,ACTIVE_RECONCILIATION_ROW,KEEP,,27.0,3.0,30,LIVE_DWR_RES_NR_SPLIT,Included in active 2026 permit reconciliation union.
PD1039,"Panguitch Lake/Zion, North",Pronghorn,Doe,General Season,ACTIVE_RECONCILIATION_ROW,KEEP,,36,4,40,RECONCILED_2026_RECOMMENDED_RES_NR_SPLIT,Included in active 2026 permit reconciliation union.
PD1041,Heist CWMU,Pronghorn,Doe,CWMU,ACTIVE_RECONCILIATION_ROW,KEEP,,,,6,RECONCILED_2026_RECOMMENDED_TOTAL_ONLY,Included in active 2026 permit reconciliation union.
PD1043,"Nine Mile, Anthro-Pleasant Valley",Pronghorn,Doe,General Season,ACTIVE_RECONCILIATION_ROW,KEEP,,9.0,1.0,10,LIVE_DWR_RES_NR_SPLIT,Included in active 2026 permit reconciliation union.
PD1044,Vernal-Ouray Valley,Pronghorn,Doe,General Season,ACTIVE_RECONCILIATION_ROW,KEEP,,4,1,5,RECONCILED_2026_PRONGHORN_DOE_SOURCE_CONFIRMED,Included in active 2026 permit reconciliation union.
PD1045,The Rose of Snowville CWMU,Pronghorn,Doe,CWMU,ACTIVE_RECONCILIATION_ROW,KEEP,,4.0,0.0,4,HISTORICAL_2025_ONLY_NOT_ACTIVE_2026,Included in active 2026 permit reconciliation union.
PD1046,Green River Flat CWMU,Pronghorn,Doe,CWMU,ACTIVE_RECONCILIATION_ROW,KEEP,,6.0,0,6,RECONCILED_2026_TOTAL_MATCH_SPLIT_FILLED,Included in active 2026 permit reconciliation union.
PD1047,Antelope Creek CWMU,Pronghorn,Doe,CWMU,ACTIVE_RECONCILIATION_ROW,KEEP,,6.0,0.0,6,DWR_HUNTPLANNER_CWMU_RES_NR_TOTAL_DERIVED,Included in active 2026 permit reconciliation union.
PD1048,The Rose of Snowville CWMU,Pronghorn,Doe,CWMU,ACTIVE_RECONCILIATION_ROW,KEEP,,2.0,0.0,2,DWR_HUNTPLANNER_CWMU_RES_NR_TOTAL_DERIVED,Included in active 2026 permit reconciliation union.
PD1049,Zane CWMU,Pronghorn,Doe,CWMU,ACTIVE_RECONCILIATION_ROW,KEEP,,6.0,0.0,6,DWR_HUNTPLANNER_CWMU_RES_NR_TOTAL_DERIVED,Included in active 2026 permit reconciliation union.
PD1050,Cottonwood Ridge CWMU,Pronghorn,Doe,CWMU,ACTIVE_RECONCILIATION_ROW,KEEP,,6.0,0.0,6,DWR_HUNTPLANNER_CWMU_RES_NR_TOTAL_DERIVED,Included in active 2026 permit reconciliation union.
PD1051,Pahvant Ensign CWMU,Pronghorn,Doe,CWMU,ACTIVE_RECONCILIATION_ROW,KEEP,,6.0,0.0,6,DWR_HUNTPLANNER_CWMU_RES_NR_TOTAL_DERIVED,Included in active 2026 permit reconciliation union.
PD1052,Heist CWMU,Pronghorn,Doe,CWMU,ACTIVE_RECONCILIATION_ROW,KEEP,,6.0,0.0,6,DWR_HUNTPLANNER_CWMU_RES_NR_TOTAL_DERIVED,Included in active 2026 permit reconciliation union.
PD1053,Green River Flat CWMU,Pronghorn,Doe,CWMU,ACTIVE_RECONCILIATION_ROW,KEEP,,6.0,0.0,6,DWR_HUNTPLANNER_CWMU_RES_NR_TOTAL_DERIVED,Included in active 2026 permit reconciliation union.
PD1054,Parker Mtn,Pronghorn,Doe,General Season,ACTIVE_RECONCILIATION_ROW,KEEP,,27.0,3.0,30,LIVE_DWR_RES_NR_SPLIT,Included in active 2026 permit reconciliation union.
PD1055,Parker Mtn,Pronghorn,Doe,General Season,ACTIVE_RECONCILIATION_ROW,KEEP,,31.0,4.0,35,LIVE_DWR_RES_NR_SPLIT,Included in active 2026 permit reconciliation union.
PD1056,Parker Mtn,Pronghorn,Doe,General Season,ACTIVE_RECONCILIATION_ROW,KEEP,,63,4,67,RECONCILED_2026_PRONGHORN_DOE_SOURCE_CONFIRMED,Included in active 2026 permit reconciliation union.
PD1057,"Parker Mtn, Highlands",Pronghorn,Doe,General Season,ACTIVE_RECONCILIATION_ROW,KEEP,,27,3,30,RECONCILED_2026_PRONGHORN_DOE_SOURCE_CONFIRMED,Included in active 2026 permit reconciliation union.
PD1058,"Parker Mtn, Highlands",Pronghorn,Doe,General Season,ACTIVE_RECONCILIATION_ROW,KEEP,,36.0,4.0,40,LIVE_DWR_RES_NR_SPLIT,Included in active 2026 permit reconciliation union.
PD1059,"Parker Mtn, Plains",Pronghorn,Doe,General Season,ACTIVE_RECONCILIATION_ROW,KEEP,,31,4,35,RECONCILED_2026_PRONGHORN_DOE_SOURCE_CONFIRMED,Included in active 2026 permit reconciliation union.
PD1060,"Parker Mtn, Plains",Pronghorn,Doe,General Season,ACTIVE_RECONCILIATION_ROW,KEEP,,36.0,4.0,40,LIVE_DWR_RES_NR_SPLIT,Included in active 2026 permit reconciliation union.
RE1000,"Box Elder, Newfoundland Mtn",Rocky Mountain Bighorn Sheep,Ewe,General Season,ACTIVE_RECONCILIATION_ROW,KEEP,,4.0,1.0,5,LIVE_DWR_RES_NR_SPLIT,Included in active 2026 permit reconciliation union.
RS0001,Rocky Mountain Bighorn Sheep - Statewide Permit,Rocky Mountain Bighorn Sheep,Ram,Statewide,ACTIVE_RECONCILIATION_ROW,KEEP,,1.0,0.0,1,FULL_SPLIT,Included in active 2026 permit reconciliation union.
RS1000,Antelope Island Conservation,Rocky Mountain Bighorn Sheep,Ram,Once-in-a-lifetime,ACTIVE_RECONCILIATION_ROW,KEEP,,,,,NO_QUOTA_PUBLISHED,Included in active 2026 permit reconciliation union.
RS1001,"Book Cliffs, South",Rocky Mountain Bighorn Sheep,Ram,Conservation,ACTIVE_RECONCILIATION_ROW,KEEP,,1.0,0.0,1,FULL_SPLIT,Included in active 2026 permit reconciliation union.
RS1003,"Box Elder, Newfoundland Mtn",Rocky Mountain Bighorn Sheep,Ram,Conservation,ACTIVE_RECONCILIATION_ROW,KEEP,,1.0,0.0,1,FULL_SPLIT,Included in active 2026 permit reconciliation union.
RS1006,"Nine Mile, Gray Canyon",Rocky Mountain Bighorn Sheep,Ram,Conservation,ACTIVE_RECONCILIATION_ROW,KEEP,,1.0,0.0,1,FULL_SPLIT,Included in active 2026 permit reconciliation union.
RS6700,Antelope Island,Rocky Mountain Bighorn Sheep,Ram,Once-in-a-lifetime,ACTIVE_RECONCILIATION_ROW,KEEP,,2.0,0.0,2,LIVE_DWR_RES_NR_SPLIT,Included in active 2026 permit reconciliation union.
RS6701,"Book Cliffs, South",Rocky Mountain Bighorn Sheep,Ram,Once-in-a-lifetime,ACTIVE_RECONCILIATION_ROW,KEEP,,5.0,1.0,6,LIVE_DWR_RES_NR_SPLIT,Included in active 2026 permit reconciliation union.
RS6703,"Box Elder, Newfoundland Mtn",Rocky Mountain Bighorn Sheep,Ram,Once-in-a-lifetime,ACTIVE_RECONCILIATION_ROW,KEEP,,4.0,0.0,4,LIVE_DWR_RES_NR_SPLIT,Included in active 2026 permit reconciliation union.
RS6704,"Box Elder, Newfoundland Mtn",Rocky Mountain Bighorn Sheep,Ram,Once-in-a-lifetime,ACTIVE_RECONCILIATION_ROW,KEEP,,3.0,1.0,4,LIVE_DWR_RES_NR_SPLIT,Included in active 2026 permit reconciliation union.
RS6708,"North Slope, Three Corners",Rocky Mountain Bighorn Sheep,Ram,Once-in-a-lifetime,ACTIVE_RECONCILIATION_ROW,KEEP,,2.0,0.0,2,LIVE_DWR_RES_NR_SPLIT,Included in active 2026 permit reconciliation union.
RS6709,"North Slope, Summit/West Daggett",Rocky Mountain Bighorn Sheep,Ram,Once-in-a-lifetime,ACTIVE_RECONCILIATION_ROW,KEEP,,3.0,0.0,3,LIVE_DWR_RES_NR_SPLIT,Included in active 2026 permit reconciliation union.
RS6712,"Nine Mile, Gray Canyon",Rocky Mountain Bighorn Sheep,Ram,Once-in-a-lifetime,ACTIVE_RECONCILIATION_ROW,KEEP,,4.0,2.0,6,LIVE_DWR_RES_NR_SPLIT,Included in active 2026 permit reconciliation union.
RS6713,"Nine Mile, Jack Creek",Rocky Mountain Bighorn Sheep,Ram,Once-in-a-lifetime,ACTIVE_RECONCILIATION_ROW,KEEP,,4.0,0.0,4,LIVE_DWR_RES_NR_SPLIT,Included in active 2026 permit reconciliation union.
RS6720,"Fillmore, Oak Creek",Rocky Mountain Bighorn Sheep,Ram,Once-in-a-lifetime,ACTIVE_RECONCILIATION_ROW,KEEP,,4.0,0.0,4,LIVE_DWR_RES_NR_SPLIT,Included in active 2026 permit reconciliation union.
RS6721,"Oquirrh-Stansbury, West",Rocky Mountain Bighorn Sheep,Ram,Once-in-a-lifetime,ACTIVE_RECONCILIATION_ROW,KEEP,,3.0,0.0,3,LIVE_DWR_RES_NR_SPLIT,Included in active 2026 permit reconciliation union.
RS6722,"Box Elder, Newfoundland Mtn",Rocky Mountain Bighorn Sheep,Ram,Once-in-a-lifetime,ACTIVE_RECONCILIATION_ROW,KEEP,,2.0,0.0,2,LIVE_DWR_RES_NR_SPLIT,Included in active 2026 permit reconciliation union.
RS6724,"Wasatch Mtns, West",Rocky Mountain Bighorn Sheep,Ram,Once-in-a-lifetime,ACTIVE_RECONCILIATION_ROW,KEEP,,3.0,0.0,3,LIVE_DWR_RES_NR_SPLIT,Included in active 2026 permit reconciliation union.
RS6725,Nebo,Rocky Mountain Bighorn Sheep,Ram,Once-in-a-lifetime,ACTIVE_RECONCILIATION_ROW,KEEP,,2.0,0.0,2,LIVE_DWR_RES_NR_SPLIT,Included in active 2026 permit reconciliation union.
RS6726,"Fillmore, Oak Creek",Rocky Mountain Bighorn Sheep,Ram,Once-in-a-lifetime,ACTIVE_RECONCILIATION_ROW,KEEP,,3.0,1.0,4,LIVE_DWR_RES_NR_SPLIT,Included in active 2026 permit reconciliation union.
RS6727,"Fillmore, Oak Creek",Rocky Mountain Bighorn Sheep,Ram,Once-in-a-lifetime,ACTIVE_RECONCILIATION_ROW,KEEP,,2.0,0.0,2,LIVE_DWR_RES_NR_SPLIT,Included in active 2026 permit reconciliation union.
TK0001,Turkey - Statewide Permit,Turkey,Bearded,Statewide,ACTIVE_RECONCILIATION_ROW,KEEP,,,,1,RECONCILED_2026_RECOMMENDED_TOTAL_ONLY,Included in active 2026 permit reconciliation union.
TK1000,Statewide,Turkey,Bearded,Spring General Season,ACTIVE_RECONCILIATION_ROW,KEEP,,,,,,Included in active 2026 permit reconciliation union.
TK1001,Northern Region - Private land only,Turkey,Either Sex,Fall Management,ACTIVE_RECONCILIATION_ROW,KEEP,,,,2060,LIVE_DWR_TOTAL_ONLY,Included in active 2026 permit reconciliation union.
TK1003,Central Area,Turkey,Bearded,Limited Entry,ACTIVE_RECONCILIATION_ROW,KEEP,,,,600,LIVE_DWR_TOTAL_ONLY,Included in active 2026 permit reconciliation union.
TK1004,Northeastern Area,Turkey,Bearded,Limited Entry,ACTIVE_RECONCILIATION_ROW,KEEP,,,,347,LIVE_DWR_TOTAL_ONLY,Included in active 2026 permit reconciliation union.
TK1005,Northern Area,Turkey,Bearded,Limited Entry,ACTIVE_RECONCILIATION_ROW,KEEP,,,,500,LIVE_DWR_TOTAL_ONLY,Included in active 2026 permit reconciliation union.
TK1006,Southeastern Area,Turkey,Bearded,Limited Entry,ACTIVE_RECONCILIATION_ROW,KEEP,,,,250,LIVE_DWR_TOTAL_ONLY,Included in active 2026 permit reconciliation union.
TK1007,Southern Area,Turkey,Bearded,Limited Entry,ACTIVE_RECONCILIATION_ROW,KEEP,,,,542,LIVE_DWR_TOTAL_ONLY,Included in active 2026 permit reconciliation union.
TK1012,Central Area,Turkey,Bearded,Conservation,ACTIVE_RECONCILIATION_ROW,KEEP,,,,8,,Included in active 2026 permit reconciliation union.
TK1013,Northeastern Area,Turkey,Bearded,Conservation,ACTIVE_RECONCILIATION_ROW,KEEP,,,,8,,Included in active 2026 permit reconciliation union.
TK1014,Northern Area,Turkey,Bearded,Conservation,ACTIVE_RECONCILIATION_ROW,KEEP,,,,8,,Included in active 2026 permit reconciliation union.
TK1015,Southeastern Area,Turkey,Bearded,Conservation,ACTIVE_RECONCILIATION_ROW,KEEP,,,,8,,Included in active 2026 permit reconciliation union.
TK1016,Southern Area,Turkey,Bearded,Conservation,ACTIVE_RECONCILIATION_ROW,KEEP,,,,8,,Included in active 2026 permit reconciliation union.
TK1018,Pahvant Ensign CWMU,Turkey,Bearded,CWMU,ACTIVE_RECONCILIATION_ROW,KEEP,,,,6,LIVE_DWR_CWMU_TOTAL_ONLY_FROM_QUOTA_RES,Included in active 2026 permit reconciliation union.
TK1019,Southeastern Region - Select areas only,Turkey,Either Sex,Fall Management,ACTIVE_RECONCILIATION_ROW,KEEP,,,,66,LIVE_DWR_TOTAL_ONLY,Included in active 2026 permit reconciliation union.
TK1020,Central Region - Private land only,Turkey,Either Sex,Fall Management,ACTIVE_RECONCILIATION_ROW,KEEP,,,,800,LIVE_DWR_TOTAL_ONLY,Included in active 2026 permit reconciliation union.
TK1021,East Zion CWMU,Turkey,Bearded,CWMU,ACTIVE_RECONCILIATION_ROW,KEEP,,,,4,LIVE_DWR_CWMU_TOTAL_ONLY_FROM_QUOTA_RES,Included in active 2026 permit reconciliation union.
TK1022,Southern Region - Select areas only,Turkey,Either Sex,Fall Management,ACTIVE_RECONCILIATION_ROW,KEEP,,,,155,LIVE_DWR_TOTAL_ONLY,Included in active 2026 permit reconciliation union.
