hunt_code,prefix,first_present_year_in_transition,previous_year_absent,seen_before_previous_year,source_files_first_present_year,source_pages_first_present_year
BI6500,BI,2019,2018,NO,C:\Users\tyler\Desktop\BIBLE HUNT CODES\2019\19_bg-odds.pdf,488
BI6501,BI,2019,2018,NO,C:\Users\tyler\Desktop\BIBLE HUNT CODES\2019\19_bg-odds.pdf,489
BI6503,BI,2019,2018,NO,C:\Users\tyler\Desktop\BIBLE HUNT CODES\2019\19_bg-odds.pdf,490
BI6504,BI,2019,2018,NO,C:\Users\tyler\Desktop\BIBLE HUNT CODES\2019\19_bg-odds.pdf,491
BI6505,BI,2019,2018,NO,C:\Users\tyler\Desktop\BIBLE HUNT CODES\2019\19_bg-odds.pdf,492
BI6506,BI,2019,2018,NO,C:\Users\tyler\Desktop\BIBLE HUNT CODES\2019\19_bg-odds.pdf,493
BI6507,BI,2019,2018,NO,C:\Users\tyler\Desktop\BIBLE HUNT CODES\2019\19_bg-odds.pdf,494
BI6508,BI,2019,2018,NO,C:\Users\tyler\Desktop\BIBLE HUNT CODES\2019\19_bg-odds.pdf,495
BI6509,BI,2019,2018,NO,C:\Users\tyler\Desktop\BIBLE HUNT CODES\2019\19_bg-odds.pdf,496
BI6515,BI,2019,2018,NO,C:\Users\tyler\Desktop\BIBLE HUNT CODES\2019\19_bg-odds.pdf,497
BI6516,BI,2019,2018,NO,C:\Users\tyler\Desktop\BIBLE HUNT CODES\2019\19_bg-odds.pdf,498
BI6517,BI,2019,2018,NO,C:\Users\tyler\Desktop\BIBLE HUNT CODES\2019\19_bg-odds.pdf,499
BI6518,BI,2019,2018,NO,C:\Users\tyler\Desktop\BIBLE HUNT CODES\2019\19_bg-odds.pdf,500
BI6519,BI,2019,2018,NO,C:\Users\tyler\Desktop\BIBLE HUNT CODES\2019\19_bg-odds.pdf,501
BI6520,BI,2019,2018,NO,C:\Users\tyler\Desktop\BIBLE HUNT CODES\2019\19_bg-odds.pdf,502
BR1008,BR,2019,2018,NO,C:\Users\tyler\Desktop\BIBLE HUNT CODES\2019\19_drawing_odds.pdf,2
BR1009,BR,2019,2018,NO,C:\Users\tyler\Desktop\BIBLE HUNT CODES\2019\19_drawing_odds.pdf,3
BR1010,BR,2019,2018,NO,C:\Users\tyler\Desktop\BIBLE HUNT CODES\2019\19_drawing_odds.pdf,4
BR1011,BR,2019,2018,NO,C:\Users\tyler\Desktop\BIBLE HUNT CODES\2019\19_drawing_odds.pdf,5
BR1012,BR,2019,2018,NO,C:\Users\tyler\Desktop\BIBLE HUNT CODES\2019\19_drawing_odds.pdf,6
BR1013,BR,2019,2018,NO,C:\Users\tyler\Desktop\BIBLE HUNT CODES\2019\19_drawing_odds.pdf,7
BR7000,BR,2019,2018,NO,C:\Users\tyler\Desktop\BIBLE HUNT CODES\2019\19_drawing_odds.pdf,9
BR7001,BR,2019,2018,NO,C:\Users\tyler\Desktop\BIBLE HUNT CODES\2019\19_drawing_odds.pdf,10
BR7003,BR,2019,2018,NO,C:\Users\tyler\Desktop\BIBLE HUNT CODES\2019\19_drawing_odds.pdf,11
BR7004,BR,2019,2018,NO,C:\Users\tyler\Desktop\BIBLE HUNT CODES\2019\19_drawing_odds.pdf,12
BR7005,BR,2019,2018,NO,C:\Users\tyler\Desktop\BIBLE HUNT CODES\2019\19_drawing_odds.pdf,13
BR7007,BR,2019,2018,NO,C:\Users\tyler\Desktop\BIBLE HUNT CODES\2019\19_drawing_odds.pdf,14
BR7008,BR,2019,2018,NO,C:\Users\tyler\Desktop\BIBLE HUNT CODES\2019\19_drawing_odds.pdf,15
BR7009,BR,2019,2018,NO,C:\Users\tyler\Desktop\BIBLE HUNT CODES\2019\19_drawing_odds.pdf,16
BR7010,BR,2019,2018,NO,C:\Users\tyler\Desktop\BIBLE HUNT CODES\2019\19_drawing_odds.pdf,17
BR7011,BR,2019,2018,NO,C:\Users\tyler\Desktop\BIBLE HUNT CODES\2019\19_drawing_odds.pdf,18
BR7012,BR,2019,2018,NO,C:\Users\tyler\Desktop\BIBLE HUNT CODES\2019\19_drawing_odds.pdf,19
BR7013,BR,2019,2018,NO,C:\Users\tyler\Desktop\BIBLE HUNT CODES\2019\19_drawing_odds.pdf,20
BR7014,BR,2019,2018,NO,C:\Users\tyler\Desktop\BIBLE HUNT CODES\2019\19_drawing_odds.pdf,21
BR7015,BR,2019,2018,NO,C:\Users\tyler\Desktop\BIBLE HUNT CODES\2019\19_drawing_odds.pdf,22
BR7016,BR,2019,2018,NO,C:\Users\tyler\Desktop\BIBLE HUNT CODES\2019\19_drawing_odds.pdf,23
BR7017,BR,2019,2018,NO,C:\Users\tyler\Desktop\BIBLE HUNT CODES\2019\19_drawing_odds.pdf,24
BR7018,BR,2019,2018,NO,C:\Users\tyler\Desktop\BIBLE HUNT CODES\2019\19_drawing_odds.pdf,25
BR7100,BR,2019,2018,NO,C:\Users\tyler\Desktop\BIBLE HUNT CODES\2019\19_drawing_odds.pdf,26
BR7101,BR,2019,2018,NO,C:\Users\tyler\Desktop\BIBLE HUNT CODES\2019\19_drawing_odds.pdf,27
BR7102,BR,2019,2018,NO,C:\Users\tyler\Desktop\BIBLE HUNT CODES\2019\19_drawing_odds.pdf,28
BR7104,BR,2019,2018,NO,C:\Users\tyler\Desktop\BIBLE HUNT CODES\2019\19_drawing_odds.pdf,29
BR7105,BR,2019,2018,NO,C:\Users\tyler\Desktop\BIBLE HUNT CODES\2019\19_drawing_odds.pdf,30
BR7106,BR,2019,2018,NO,C:\Users\tyler\Desktop\BIBLE HUNT CODES\2019\19_drawing_odds.pdf,31
BR7108,BR,2019,2018,NO,C:\Users\tyler\Desktop\BIBLE HUNT CODES\2019\19_drawing_odds.pdf,32
BR7109,BR,2019,2018,NO,C:\Users\tyler\Desktop\BIBLE HUNT CODES\2019\19_drawing_odds.pdf,33
BR7110,BR,2019,2018,NO,C:\Users\tyler\Desktop\BIBLE HUNT CODES\2019\19_drawing_odds.pdf,34
BR7111,BR,2019,2018,NO,C:\Users\tyler\Desktop\BIBLE HUNT CODES\2019\19_drawing_odds.pdf,35
BR7112,BR,2019,2018,NO,C:\Users\tyler\Desktop\BIBLE HUNT CODES\2019\19_drawing_odds.pdf,36
BR7113,BR,2019,2018,NO,C:\Users\tyler\Desktop\BIBLE HUNT CODES\2019\19_drawing_odds.pdf,37
BR7114,BR,2019,2018,NO,C:\Users\tyler\Desktop\BIBLE HUNT CODES\2019\19_drawing_odds.pdf,38
BR7115,BR,2019,2018,NO,C:\Users\tyler\Desktop\BIBLE HUNT CODES\2019\19_drawing_odds.pdf,39
BR7116,BR,2019,2018,NO,C:\Users\tyler\Desktop\BIBLE HUNT CODES\2019\19_drawing_odds.pdf,40
BR7117,BR,2019,2018,NO,C:\Users\tyler\Desktop\BIBLE HUNT CODES\2019\19_drawing_odds.pdf,41
BR7118,BR,2019,2018,NO,C:\Users\tyler\Desktop\BIBLE HUNT CODES\2019\19_drawing_odds.pdf,42
BR7119,BR,2019,2018,NO,C:\Users\tyler\Desktop\BIBLE HUNT CODES\2019\19_drawing_odds.pdf,43
BR7120,BR,2019,2018,NO,C:\Users\tyler\Desktop\BIBLE HUNT CODES\2019\19_drawing_odds.pdf,44
BR7121,BR,2019,2018,NO,C:\Users\tyler\Desktop\BIBLE HUNT CODES\2019\19_drawing_odds.pdf,45
BR7122,BR,2019,2018,NO,C:\Users\tyler\Desktop\BIBLE HUNT CODES\2019\19_drawing_odds.pdf,46
BR7123,BR,2019,2018,NO,C:\Users\tyler\Desktop\BIBLE HUNT CODES\2019\19_drawing_odds.pdf,47
BR7200,BR,2019,2018,NO,C:\Users\tyler\Desktop\BIBLE HUNT CODES\2019\19_drawing_odds.pdf,48
BR7201,BR,2019,2018,NO,C:\Users\tyler\Desktop\BIBLE HUNT CODES\2019\19_drawing_odds.pdf,49
BR7203,BR,2019,2018,NO,C:\Users\tyler\Desktop\BIBLE HUNT CODES\2019\19_drawing_odds.pdf,50
BR7204,BR,2019,2018,NO,C:\Users\tyler\Desktop\BIBLE HUNT CODES\2019\19_drawing_odds.pdf,51
BR7205,BR,2019,2018,NO,C:\Users\tyler\Desktop\BIBLE HUNT CODES\2019\19_drawing_odds.pdf,52
BR7207,BR,2019,2018,NO,C:\Users\tyler\Desktop\BIBLE HUNT CODES\2019\19_drawing_odds.pdf,53
BR7208,BR,2019,2018,NO,C:\Users\tyler\Desktop\BIBLE HUNT CODES\2019\19_drawing_odds.pdf,54
BR7209,BR,2019,2018,NO,C:\Users\tyler\Desktop\BIBLE HUNT CODES\2019\19_drawing_odds.pdf,55
BR7210,BR,2019,2018,NO,C:\Users\tyler\Desktop\BIBLE HUNT CODES\2019\19_drawing_odds.pdf,56
BR7211,BR,2019,2018,NO,C:\Users\tyler\Desktop\BIBLE HUNT CODES\2019\19_drawing_odds.pdf,57
BR7212,BR,2019,2018,NO,C:\Users\tyler\Desktop\BIBLE HUNT CODES\2019\19_drawing_odds.pdf,58
BR7213,BR,2019,2018,NO,C:\Users\tyler\Desktop\BIBLE HUNT CODES\2019\19_drawing_odds.pdf,59
BR7214,BR,2019,2018,NO,C:\Users\tyler\Desktop\BIBLE HUNT CODES\2019\19_drawing_odds.pdf,60
BR7215,BR,2019,2018,NO,C:\Users\tyler\Desktop\BIBLE HUNT CODES\2019\19_drawing_odds.pdf,61
BR7216,BR,2019,2018,NO,C:\Users\tyler\Desktop\BIBLE HUNT CODES\2019\19_drawing_odds.pdf,62
BR7217,BR,2019,2018,NO,C:\Users\tyler\Desktop\BIBLE HUNT CODES\2019\19_drawing_odds.pdf,63
BR7218,BR,2019,2018,NO,C:\Users\tyler\Desktop\BIBLE HUNT CODES\2019\19_drawing_odds.pdf,64
BR7219,BR,2019,2018,NO,C:\Users\tyler\Desktop\BIBLE HUNT CODES\2019\19_drawing_odds.pdf,65
BR7220,BR,2019,2018,NO,C:\Users\tyler\Desktop\BIBLE HUNT CODES\2019\19_drawing_odds.pdf,66
BR7221,BR,2019,2018,NO,C:\Users\tyler\Desktop\BIBLE HUNT CODES\2019\19_drawing_odds.pdf,67
BR7224,BR,2019,2018,NO,C:\Users\tyler\Desktop\BIBLE HUNT CODES\2019\19_drawing_odds.pdf,68
BR7225,BR,2019,2018,NO,C:\Users\tyler\Desktop\BIBLE HUNT CODES\2019\19_drawing_odds.pdf,69
BR7226,BR,2019,2018,NO,C:\Users\tyler\Desktop\BIBLE HUNT CODES\2019\19_drawing_odds.pdf,70
BR7227,BR,2019,2018,NO,C:\Users\tyler\Desktop\BIBLE HUNT CODES\2019\19_drawing_odds.pdf,71
BR7228,BR,2019,2018,NO,C:\Users\tyler\Desktop\BIBLE HUNT CODES\2019\19_drawing_odds.pdf,72
BR7229,BR,2019,2018,NO,C:\Users\tyler\Desktop\BIBLE HUNT CODES\2019\19_drawing_odds.pdf,73
BR7230,BR,2019,2018,NO,C:\Users\tyler\Desktop\BIBLE HUNT CODES\2019\19_drawing_odds.pdf,74
BR7231,BR,2019,2018,NO,C:\Users\tyler\Desktop\BIBLE HUNT CODES\2019\19_drawing_odds.pdf,75
BR7232,BR,2019,2018,NO,C:\Users\tyler\Desktop\BIBLE HUNT CODES\2019\19_drawing_odds.pdf,76
BR7233,BR,2019,2018,NO,C:\Users\tyler\Desktop\BIBLE HUNT CODES\2019\19_drawing_odds.pdf,77
BR7234,BR,2019,2018,NO,C:\Users\tyler\Desktop\BIBLE HUNT CODES\2019\19_drawing_odds.pdf,78
BR7235,BR,2019,2018,NO,C:\Users\tyler\Desktop\BIBLE HUNT CODES\2019\19_drawing_odds.pdf,79
BR7236,BR,2019,2018,NO,C:\Users\tyler\Desktop\BIBLE HUNT CODES\2019\19_drawing_odds.pdf,80
BR7300,BR,2019,2018,NO,C:\Users\tyler\Desktop\BIBLE HUNT CODES\2019\19_drawing_odds.pdf,81
BR7301,BR,2019,2018,NO,C:\Users\tyler\Desktop\BIBLE HUNT CODES\2019\19_drawing_odds.pdf,82
BR7303,BR,2019,2018,NO,C:\Users\tyler\Desktop\BIBLE HUNT CODES\2019\19_drawing_odds.pdf,83
BR7304,BR,2019,2018,NO,C:\Users\tyler\Desktop\BIBLE HUNT CODES\2019\19_drawing_odds.pdf,84
BR7305,BR,2019,2018,NO,C:\Users\tyler\Desktop\BIBLE HUNT CODES\2019\19_drawing_odds.pdf,85
BR7307,BR,2019,2018,NO,C:\Users\tyler\Desktop\BIBLE HUNT CODES\2019\19_drawing_odds.pdf,86
BR7308,BR,2019,2018,NO,C:\Users\tyler\Desktop\BIBLE HUNT CODES\2019\19_drawing_odds.pdf,87
BR7309,BR,2019,2018,NO,C:\Users\tyler\Desktop\BIBLE HUNT CODES\2019\19_drawing_odds.pdf,88
BR7310,BR,2019,2018,NO,C:\Users\tyler\Desktop\BIBLE HUNT CODES\2019\19_drawing_odds.pdf,89
BR7311,BR,2019,2018,NO,C:\Users\tyler\Desktop\BIBLE HUNT CODES\2019\19_drawing_odds.pdf,90
BR7312,BR,2019,2018,NO,C:\Users\tyler\Desktop\BIBLE HUNT CODES\2019\19_drawing_odds.pdf,91
BR7313,BR,2019,2018,NO,C:\Users\tyler\Desktop\BIBLE HUNT CODES\2019\19_drawing_odds.pdf,92
BR7314,BR,2019,2018,NO,C:\Users\tyler\Desktop\BIBLE HUNT CODES\2019\19_drawing_odds.pdf,93
BR7315,BR,2019,2018,NO,C:\Users\tyler\Desktop\BIBLE HUNT CODES\2019\19_drawing_odds.pdf,94
BR7316,BR,2019,2018,NO,C:\Users\tyler\Desktop\BIBLE HUNT CODES\2019\19_drawing_odds.pdf,95
BR7317,BR,2019,2018,NO,C:\Users\tyler\Desktop\BIBLE HUNT CODES\2019\19_drawing_odds.pdf,96
BR7318,BR,2019,2018,NO,C:\Users\tyler\Desktop\BIBLE HUNT CODES\2019\19_drawing_odds.pdf,97
BR7320,BR,2019,2018,NO,C:\Users\tyler\Desktop\BIBLE HUNT CODES\2019\19_drawing_odds.pdf,98
BR7321,BR,2019,2018,NO,C:\Users\tyler\Desktop\BIBLE HUNT CODES\2019\19_drawing_odds.pdf,99
CG1013,CG,2019,2018,NO,C:\Users\tyler\Desktop\BIBLE HUNT CODES\2019\2019 Cougar draw odds report.pdf,2
CG1029,CG,2019,2018,NO,C:\Users\tyler\Desktop\BIBLE HUNT CODES\2019\2019 Cougar draw odds report.pdf,3
CG1030,CG,2019,2018,NO,C:\Users\tyler\Desktop\BIBLE HUNT CODES\2019\2019 Cougar draw odds report.pdf,4
CG1034,CG,2019,2018,NO,C:\Users\tyler\Desktop\BIBLE HUNT CODES\2019\2019 Cougar draw odds report.pdf,5
CG7500,CG,2019,2018,NO,C:\Users\tyler\Desktop\BIBLE HUNT CODES\2019\2019 Cougar draw odds report.pdf,6
CG7502,CG,2019,2018,NO,C:\Users\tyler\Desktop\BIBLE HUNT CODES\2019\2019 Cougar draw odds report.pdf,7
CG7503,CG,2019,2018,NO,C:\Users\tyler\Desktop\BIBLE HUNT CODES\2019\2019 Cougar draw odds report.pdf,8
CG7505,CG,2019,2018,NO,C:\Users\tyler\Desktop\BIBLE HUNT CODES\2019\2019 Cougar draw odds report.pdf,9
CG7506,CG,2019,2018,NO,C:\Users\tyler\Desktop\BIBLE HUNT CODES\2019\2019 Cougar draw odds report.pdf,10
CG7507,CG,2019,2018,NO,C:\Users\tyler\Desktop\BIBLE HUNT CODES\2019\2019 Cougar draw odds report.pdf,11
CG7602,CG,2019,2018,NO,C:\Users\tyler\Desktop\BIBLE HUNT CODES\2019\2019 Cougar draw odds report.pdf,12
CG7603,CG,2019,2018,NO,C:\Users\tyler\Desktop\BIBLE HUNT CODES\2019\2019 Cougar draw odds report.pdf,13
CG7605,CG,2019,2018,NO,C:\Users\tyler\Desktop\BIBLE HUNT CODES\2019\2019 Cougar draw odds report.pdf,14
CG7606,CG,2019,2018,NO,C:\Users\tyler\Desktop\BIBLE HUNT CODES\2019\2019 Cougar draw odds report.pdf,15
CG7607,CG,2019,2018,NO,C:\Users\tyler\Desktop\BIBLE HUNT CODES\2019\2019 Cougar draw odds report.pdf,16
CG7609,CG,2019,2018,NO,C:\Users\tyler\Desktop\BIBLE HUNT CODES\2019\2019 Cougar draw odds report.pdf,17
CG7610,CG,2019,2018,NO,C:\Users\tyler\Desktop\BIBLE HUNT CODES\2019\2019 Cougar draw odds report.pdf,18
CG7611,CG,2019,2018,NO,C:\Users\tyler\Desktop\BIBLE HUNT CODES\2019\2019 Cougar draw odds report.pdf,19
CG7612,CG,2019,2018,NO,C:\Users\tyler\Desktop\BIBLE HUNT CODES\2019\2019 Cougar draw odds report.pdf,20
CG7613,CG,2019,2018,NO,C:\Users\tyler\Desktop\BIBLE HUNT CODES\2019\2019 Cougar draw odds report.pdf,21
CG7615,CG,2019,2018,NO,C:\Users\tyler\Desktop\BIBLE HUNT CODES\2019\2019 Cougar draw odds report.pdf,22
CG7618,CG,2019,2018,NO,C:\Users\tyler\Desktop\BIBLE HUNT CODES\2019\2019 Cougar draw odds report.pdf,23
CG7619,CG,2019,2018,NO,C:\Users\tyler\Desktop\BIBLE HUNT CODES\2019\2019 Cougar draw odds report.pdf,24
CG7620,CG,2019,2018,NO,C:\Users\tyler\Desktop\BIBLE HUNT CODES\2019\2019 Cougar draw odds report.pdf,25
DA1000,DA,2019,2018,NO,C:\Users\tyler\Desktop\BIBLE HUNT CODES\2019\19_antlerless_drawing_odds_report.pdf|C:\Users\tyler\Desktop\BIBLE HUNT CODES\2019\19_youth_antlerless_drawing_odds_report.pdf,2|3
DA1001,DA,2019,2018,NO,C:\Users\tyler\Desktop\BIBLE HUNT CODES\2019\19_antlerless_drawing_odds_report.pdf|C:\Users\tyler\Desktop\BIBLE HUNT CODES\2019\19_youth_antlerless_drawing_odds_report.pdf,3|4
DA1002,DA,2019,2018,NO,C:\Users\tyler\Desktop\BIBLE HUNT CODES\2019\19_antlerless_drawing_odds_report.pdf|C:\Users\tyler\Desktop\BIBLE HUNT CODES\2019\19_youth_antlerless_drawing_odds_report.pdf,4|5
DA1003,DA,2019,2018,NO,C:\Users\tyler\Desktop\BIBLE HUNT CODES\2019\19_antlerless_drawing_odds_report.pdf|C:\Users\tyler\Desktop\BIBLE HUNT CODES\2019\19_youth_antlerless_drawing_odds_report.pdf,5|6
DA1004,DA,2019,2018,NO,C:\Users\tyler\Desktop\BIBLE HUNT CODES\2019\19_antlerless_drawing_odds_report.pdf|C:\Users\tyler\Desktop\BIBLE HUNT CODES\2019\19_youth_antlerless_drawing_odds_report.pdf,6|7
DA1005,DA,2019,2018,NO,C:\Users\tyler\Desktop\BIBLE HUNT CODES\2019\19_antlerless_drawing_odds_report.pdf|C:\Users\tyler\Desktop\BIBLE HUNT CODES\2019\19_youth_antlerless_drawing_odds_report.pdf,7|8
DA1007,DA,2019,2018,NO,C:\Users\tyler\Desktop\BIBLE HUNT CODES\2019\19_antlerless_drawing_odds_report.pdf|C:\Users\tyler\Desktop\BIBLE HUNT CODES\2019\19_youth_antlerless_drawing_odds_report.pdf,8|9
DA1009,DA,2019,2018,NO,C:\Users\tyler\Desktop\BIBLE HUNT CODES\2019\19_antlerless_drawing_odds_report.pdf|C:\Users\tyler\Desktop\BIBLE HUNT CODES\2019\19_youth_antlerless_drawing_odds_report.pdf,9|10
DA1010,DA,2019,2018,NO,C:\Users\tyler\Desktop\BIBLE HUNT CODES\2019\19_antlerless_drawing_odds_report.pdf|C:\Users\tyler\Desktop\BIBLE HUNT CODES\2019\19_youth_antlerless_drawing_odds_report.pdf,10|11
DA1011,DA,2019,2018,NO,C:\Users\tyler\Desktop\BIBLE HUNT CODES\2019\19_antlerless_drawing_odds_report.pdf|C:\Users\tyler\Desktop\BIBLE HUNT CODES\2019\19_youth_antlerless_drawing_odds_report.pdf,11|12
DA1012,DA,2019,2018,NO,C:\Users\tyler\Desktop\BIBLE HUNT CODES\2019\19_antlerless_drawing_odds_report.pdf|C:\Users\tyler\Desktop\BIBLE HUNT CODES\2019\19_youth_antlerless_drawing_odds_report.pdf,12|13
DA1013,DA,2019,2018,NO,C:\Users\tyler\Desktop\BIBLE HUNT CODES\2019\19_antlerless_drawing_odds_report.pdf|C:\Users\tyler\Desktop\BIBLE HUNT CODES\2019\19_youth_antlerless_drawing_odds_report.pdf,13|14
DA1016,DA,2019,2018,NO,C:\Users\tyler\Desktop\BIBLE HUNT CODES\2019\19_antlerless_drawing_odds_report.pdf|C:\Users\tyler\Desktop\BIBLE HUNT CODES\2019\19_youth_antlerless_drawing_odds_report.pdf,14|15
DA1017,DA,2019,2018,NO,C:\Users\tyler\Desktop\BIBLE HUNT CODES\2019\19_antlerless_drawing_odds_report.pdf|C:\Users\tyler\Desktop\BIBLE HUNT CODES\2019\19_youth_antlerless_drawing_odds_report.pdf,15|16
DA1018,DA,2019,2018,NO,C:\Users\tyler\Desktop\BIBLE HUNT CODES\2019\19_antlerless_drawing_odds_report.pdf|C:\Users\tyler\Desktop\BIBLE HUNT CODES\2019\19_youth_antlerless_drawing_odds_report.pdf,16|17
DA1019,DA,2019,2018,NO,C:\Users\tyler\Desktop\BIBLE HUNT CODES\2019\19_antlerless_drawing_odds_report.pdf|C:\Users\tyler\Desktop\BIBLE HUNT CODES\2019\19_youth_antlerless_drawing_odds_report.pdf,17|18
DA1020,DA,2019,2018,NO,C:\Users\tyler\Desktop\BIBLE HUNT CODES\2019\19_antlerless_drawing_odds_report.pdf|C:\Users\tyler\Desktop\BIBLE HUNT CODES\2019\19_youth_antlerless_drawing_odds_report.pdf,18|19
DA1021,DA,2019,2018,NO,C:\Users\tyler\Desktop\BIBLE HUNT CODES\2019\19_antlerless_drawing_odds_report.pdf|C:\Users\tyler\Desktop\BIBLE HUNT CODES\2019\19_youth_antlerless_drawing_odds_report.pdf,19|20
DA1022,DA,2019,2018,NO,C:\Users\tyler\Desktop\BIBLE HUNT CODES\2019\19_antlerless_drawing_odds_report.pdf|C:\Users\tyler\Desktop\BIBLE HUNT CODES\2019\19_youth_antlerless_drawing_odds_report.pdf,20|21
DA1023,DA,2019,2018,NO,C:\Users\tyler\Desktop\BIBLE HUNT CODES\2019\19_antlerless_drawing_odds_report.pdf|C:\Users\tyler\Desktop\BIBLE HUNT CODES\2019\19_youth_antlerless_drawing_odds_report.pdf,21|22
DA1024,DA,2019,2018,NO,C:\Users\tyler\Desktop\BIBLE HUNT CODES\2019\19_antlerless_drawing_odds_report.pdf|C:\Users\tyler\Desktop\BIBLE HUNT CODES\2019\19_youth_antlerless_drawing_odds_report.pdf,22|23
DA1025,DA,2019,2018,NO,C:\Users\tyler\Desktop\BIBLE HUNT CODES\2019\19_antlerless_drawing_odds_report.pdf|C:\Users\tyler\Desktop\BIBLE HUNT CODES\2019\19_youth_antlerless_drawing_odds_report.pdf,23|24
DA1026,DA,2019,2018,NO,C:\Users\tyler\Desktop\BIBLE HUNT CODES\2019\19_antlerless_drawing_odds_report.pdf|C:\Users\tyler\Desktop\BIBLE HUNT CODES\2019\19_youth_antlerless_drawing_odds_report.pdf,24|25
DA1027,DA,2019,2018,NO,C:\Users\tyler\Desktop\BIBLE HUNT CODES\2019\19_antlerless_drawing_odds_report.pdf|C:\Users\tyler\Desktop\BIBLE HUNT CODES\2019\19_youth_antlerless_drawing_odds_report.pdf,25|26
DA1028,DA,2019,2018,NO,C:\Users\tyler\Desktop\BIBLE HUNT CODES\2019\19_antlerless_drawing_odds_report.pdf|C:\Users\tyler\Desktop\BIBLE HUNT CODES\2019\19_youth_antlerless_drawing_odds_report.pdf,26|27
DA1029,DA,2019,2018,NO,C:\Users\tyler\Desktop\BIBLE HUNT CODES\2019\19_antlerless_drawing_odds_report.pdf|C:\Users\tyler\Desktop\BIBLE HUNT CODES\2019\19_youth_antlerless_drawing_odds_report.pdf,27|28
DA1030,DA,2019,2018,NO,C:\Users\tyler\Desktop\BIBLE HUNT CODES\2019\19_antlerless_drawing_odds_report.pdf|C:\Users\tyler\Desktop\BIBLE HUNT CODES\2019\19_youth_antlerless_drawing_odds_report.pdf,28|29
DA1031,DA,2019,2018,NO,C:\Users\tyler\Desktop\BIBLE HUNT CODES\2019\19_antlerless_drawing_odds_report.pdf|C:\Users\tyler\Desktop\BIBLE HUNT CODES\2019\19_youth_antlerless_drawing_odds_report.pdf,29|30
DA1032,DA,2019,2018,NO,C:\Users\tyler\Desktop\BIBLE HUNT CODES\2019\19_antlerless_drawing_odds_report.pdf|C:\Users\tyler\Desktop\BIBLE HUNT CODES\2019\19_youth_antlerless_drawing_odds_report.pdf,30|31
DA1033,DA,2019,2018,NO,C:\Users\tyler\Desktop\BIBLE HUNT CODES\2019\19_antlerless_drawing_odds_report.pdf|C:\Users\tyler\Desktop\BIBLE HUNT CODES\2019\19_youth_antlerless_drawing_odds_report.pdf,31|32
DA1035,DA,2019,2018,NO,C:\Users\tyler\Desktop\BIBLE HUNT CODES\2019\19_antlerless_drawing_odds_report.pdf|C:\Users\tyler\Desktop\BIBLE HUNT CODES\2019\19_youth_antlerless_drawing_odds_report.pdf,32|33
DA1036,DA,2019,2018,NO,C:\Users\tyler\Desktop\BIBLE HUNT CODES\2019\19_antlerless_drawing_odds_report.pdf|C:\Users\tyler\Desktop\BIBLE HUNT CODES\2019\19_youth_antlerless_drawing_odds_report.pdf,33|34
DA1039,DA,2019,2018,NO,C:\Users\tyler\Desktop\BIBLE HUNT CODES\2019\19_antlerless_drawing_odds_report.pdf|C:\Users\tyler\Desktop\BIBLE HUNT CODES\2019\19_youth_antlerless_drawing_odds_report.pdf,34|35
DA1040,DA,2019,2018,NO,C:\Users\tyler\Desktop\BIBLE HUNT CODES\2019\19_antlerless_drawing_odds_report.pdf,36
DA1041,DA,2019,2018,NO,C:\Users\tyler\Desktop\BIBLE HUNT CODES\2019\19_antlerless_drawing_odds_report.pdf|C:\Users\tyler\Desktop\BIBLE HUNT CODES\2019\19_youth_antlerless_drawing_odds_report.pdf,35|37
DA1042,DA,2019,2018,NO,C:\Users\tyler\Desktop\BIBLE HUNT CODES\2019\19_antlerless_drawing_odds_report.pdf|C:\Users\tyler\Desktop\BIBLE HUNT CODES\2019\19_youth_antlerless_drawing_odds_report.pdf,36|38
DA1043,DA,2019,2018,NO,C:\Users\tyler\Desktop\BIBLE HUNT CODES\2019\19_antlerless_drawing_odds_report.pdf|C:\Users\tyler\Desktop\BIBLE HUNT CODES\2019\19_youth_antlerless_drawing_odds_report.pdf,37|39
DB1000,DB,2019,2018,NO,C:\Users\tyler\Desktop\BIBLE HUNT CODES\2019\19_bg-odds.pdf,3
DB1001,DB,2019,2018,NO,C:\Users\tyler\Desktop\BIBLE HUNT CODES\2019\19_bg-odds.pdf,4
DB1002,DB,2019,2018,NO,C:\Users\tyler\Desktop\BIBLE HUNT CODES\2019\19_bg-odds.pdf,5
DB1003,DB,2019,2018,NO,C:\Users\tyler\Desktop\BIBLE HUNT CODES\2019\19_bg-odds.pdf,6
DB1004,DB,2019,2018,NO,C:\Users\tyler\Desktop\BIBLE HUNT CODES\2019\19_bg-odds.pdf,7
DB1005,DB,2019,2018,NO,C:\Users\tyler\Desktop\BIBLE HUNT CODES\2019\19_bg-odds.pdf,8
DB1006,DB,2019,2018,NO,C:\Users\tyler\Desktop\BIBLE HUNT CODES\2019\19_bg-odds.pdf,9
DB1007,DB,2019,2018,NO,C:\Users\tyler\Desktop\BIBLE HUNT CODES\2019\19_bg-odds.pdf,10
DB1008,DB,2019,2018,NO,C:\Users\tyler\Desktop\BIBLE HUNT CODES\2019\19_bg-odds.pdf,11
DB1009,DB,2019,2018,NO,C:\Users\tyler\Desktop\BIBLE HUNT CODES\2019\19_bg-odds.pdf,12
DB1010,DB,2019,2018,NO,C:\Users\tyler\Desktop\BIBLE HUNT CODES\2019\19_bg-odds.pdf,13
DB1011,DB,2019,2018,NO,C:\Users\tyler\Desktop\BIBLE HUNT CODES\2019\19_bg-odds.pdf,14
DB1012,DB,2019,2018,NO,C:\Users\tyler\Desktop\BIBLE HUNT CODES\2019\19_bg-odds.pdf,15
DB1013,DB,2019,2018,NO,C:\Users\tyler\Desktop\BIBLE HUNT CODES\2019\19_bg-odds.pdf,16
DB1014,DB,2019,2018,NO,C:\Users\tyler\Desktop\BIBLE HUNT CODES\2019\19_bg-odds.pdf,17
DB1015,DB,2019,2018,NO,C:\Users\tyler\Desktop\BIBLE HUNT CODES\2019\19_bg-odds.pdf,18
DB1016,DB,2019,2018,NO,C:\Users\tyler\Desktop\BIBLE HUNT CODES\2019\19_bg-odds.pdf,19
DB1017,DB,2019,2018,NO,C:\Users\tyler\Desktop\BIBLE HUNT CODES\2019\19_bg-odds.pdf,20
DB1018,DB,2019,2018,NO,C:\Users\tyler\Desktop\BIBLE HUNT CODES\2019\19_bg-odds.pdf,21
DB1019,DB,2019,2018,NO,C:\Users\tyler\Desktop\BIBLE HUNT CODES\2019\19_bg-odds.pdf,22
DB1020,DB,2019,2018,NO,C:\Users\tyler\Desktop\BIBLE HUNT CODES\2019\19_bg-odds.pdf,23
DB1021,DB,2019,2018,NO,C:\Users\tyler\Desktop\BIBLE HUNT CODES\2019\19_bg-odds.pdf,24
DB1022,DB,2019,2018,NO,C:\Users\tyler\Desktop\BIBLE HUNT CODES\2019\19_bg-odds.pdf,25
DB1023,DB,2019,2018,NO,C:\Users\tyler\Desktop\BIBLE HUNT CODES\2019\19_bg-odds.pdf,26
DB1024,DB,2019,2018,NO,C:\Users\tyler\Desktop\BIBLE HUNT CODES\2019\19_bg-odds.pdf,27
DB1025,DB,2019,2018,NO,C:\Users\tyler\Desktop\BIBLE HUNT CODES\2019\19_bg-odds.pdf,28
DB1026,DB,2019,2018,NO,C:\Users\tyler\Desktop\BIBLE HUNT CODES\2019\19_bg-odds.pdf,29
DB1027,DB,2019,2018,NO,C:\Users\tyler\Desktop\BIBLE HUNT CODES\2019\19_bg-odds.pdf,30
DB1028,DB,2019,2018,NO,C:\Users\tyler\Desktop\BIBLE HUNT CODES\2019\19_bg-odds.pdf,31
DB1029,DB,2019,2018,NO,C:\Users\tyler\Desktop\BIBLE HUNT CODES\2019\19_bg-odds.pdf,32
DB1030,DB,2019,2018,NO,C:\Users\tyler\Desktop\BIBLE HUNT CODES\2019\19_bg-odds.pdf,33
DB1031,DB,2019,2018,NO,C:\Users\tyler\Desktop\BIBLE HUNT CODES\2019\19_bg-odds.pdf,34
DB1033,DB,2019,2018,NO,C:\Users\tyler\Desktop\BIBLE HUNT CODES\2019\19_bg-odds.pdf,35
DB1034,DB,2019,2018,NO,C:\Users\tyler\Desktop\BIBLE HUNT CODES\2019\19_bg-odds.pdf,36
DB1036,DB,2019,2018,NO,C:\Users\tyler\Desktop\BIBLE HUNT CODES\2019\19_bg-odds.pdf,37
DB1037,DB,2019,2018,NO,C:\Users\tyler\Desktop\BIBLE HUNT CODES\2019\19_bg-odds.pdf,38
DB1038,DB,2019,2018,NO,C:\Users\tyler\Desktop\BIBLE HUNT CODES\2019\19_bg-odds.pdf,39
DB1039,DB,2019,2018,NO,C:\Users\tyler\Desktop\BIBLE HUNT CODES\2019\19_bg-odds.pdf,40
DB1040,DB,2019,2018,NO,C:\Users\tyler\Desktop\BIBLE HUNT CODES\2019\19_bg-odds.pdf,41
DB1041,DB,2019,2018,NO,C:\Users\tyler\Desktop\BIBLE HUNT CODES\2019\19_bg-odds.pdf,42
DB1042,DB,2019,2018,NO,C:\Users\tyler\Desktop\BIBLE HUNT CODES\2019\19_bg-odds.pdf,43
DB1043,DB,2019,2018,NO,C:\Users\tyler\Desktop\BIBLE HUNT CODES\2019\19_bg-odds.pdf,44
DB1044,DB,2019,2018,NO,C:\Users\tyler\Desktop\BIBLE HUNT CODES\2019\19_bg-odds.pdf,45
DB1045,DB,2019,2018,NO,C:\Users\tyler\Desktop\BIBLE HUNT CODES\2019\19_bg-odds.pdf,46
DB1046,DB,2019,2018,NO,C:\Users\tyler\Desktop\BIBLE HUNT CODES\2019\19_bg-odds.pdf,47
DB1047,DB,2019,2018,NO,C:\Users\tyler\Desktop\BIBLE HUNT CODES\2019\19_bg-odds.pdf,48
DB1048,DB,2019,2018,NO,C:\Users\tyler\Desktop\BIBLE HUNT CODES\2019\19_bg-odds.pdf,49
DB1051,DB,2019,2018,NO,C:\Users\tyler\Desktop\BIBLE HUNT CODES\2019\19_bg-odds.pdf,50
DB1052,DB,2019,2018,NO,C:\Users\tyler\Desktop\BIBLE HUNT CODES\2019\19_bg-odds.pdf,51
DB1053,DB,2019,2018,NO,C:\Users\tyler\Desktop\BIBLE HUNT CODES\2019\19_bg-odds.pdf,52
DB1054,DB,2019,2018,NO,C:\Users\tyler\Desktop\BIBLE HUNT CODES\2019\19_bg-odds.pdf,53
DB1058,DB,2019,2018,NO,C:\Users\tyler\Desktop\BIBLE HUNT CODES\2019\19_bg-odds.pdf,54
DB1059,DB,2019,2018,NO,C:\Users\tyler\Desktop\BIBLE HUNT CODES\2019\19_bg-odds.pdf,55
DB1065,DB,2019,2018,NO,C:\Users\tyler\Desktop\BIBLE HUNT CODES\2019\19_bg-odds.pdf,56
DB1073,DB,2019,2018,NO,C:\Users\tyler\Desktop\BIBLE HUNT CODES\2019\19_bg-odds.pdf,57
DB1074,DB,2019,2018,NO,C:\Users\tyler\Desktop\BIBLE HUNT CODES\2019\19_bg-odds.pdf,58
DB1200,DB,2019,2018,NO,C:\Users\tyler\Desktop\BIBLE HUNT CODES\2019\19_bg-odds.pdf,59
DB1201,DB,2019,2018,NO,C:\Users\tyler\Desktop\BIBLE HUNT CODES\2019\19_bg-odds.pdf,60
DB1202,DB,2019,2018,NO,C:\Users\tyler\Desktop\BIBLE HUNT CODES\2019\19_bg-odds.pdf,61
DB1203,DB,2019,2018,NO,C:\Users\tyler\Desktop\BIBLE HUNT CODES\2019\19_bg-odds.pdf,62
DB1204,DB,2019,2018,NO,C:\Users\tyler\Desktop\BIBLE HUNT CODES\2019\19_bg-odds.pdf,63
DB1205,DB,2019,2018,NO,C:\Users\tyler\Desktop\BIBLE HUNT CODES\2019\19_bg-odds.pdf,64
DB1206,DB,2019,2018,NO,C:\Users\tyler\Desktop\BIBLE HUNT CODES\2019\19_bg-odds.pdf,65
DB1207,DB,2019,2018,NO,C:\Users\tyler\Desktop\BIBLE HUNT CODES\2019\19_bg-odds.pdf,66
DB1208,DB,2019,2018,NO,C:\Users\tyler\Desktop\BIBLE HUNT CODES\2019\19_bg-odds.pdf,67
DB1209,DB,2019,2018,NO,C:\Users\tyler\Desktop\BIBLE HUNT CODES\2019\19_bg-odds.pdf,68
DB1210,DB,2019,2018,NO,C:\Users\tyler\Desktop\BIBLE HUNT CODES\2019\19_bg-odds.pdf,69
DB1211,DB,2019,2018,NO,C:\Users\tyler\Desktop\BIBLE HUNT CODES\2019\19_bg-odds.pdf,70
DB1212,DB,2019,2018,NO,C:\Users\tyler\Desktop\BIBLE HUNT CODES\2019\19_bg-odds.pdf,71
DB1213,DB,2019,2018,NO,C:\Users\tyler\Desktop\BIBLE HUNT CODES\2019\19_bg-odds.pdf,72
DB1215,DB,2019,2018,NO,C:\Users\tyler\Desktop\BIBLE HUNT CODES\2019\19_bg-odds.pdf,73
DB1216,DB,2019,2018,NO,C:\Users\tyler\Desktop\BIBLE HUNT CODES\2019\19_bg-odds.pdf,74
DB1217,DB,2019,2018,NO,C:\Users\tyler\Desktop\BIBLE HUNT CODES\2019\19_bg-odds.pdf,75
DB1219,DB,2019,2018,NO,C:\Users\tyler\Desktop\BIBLE HUNT CODES\2019\19_bg-odds.pdf,76
DB1221,DB,2019,2018,NO,C:\Users\tyler\Desktop\BIBLE HUNT CODES\2019\19_bg-odds.pdf,77
DB1222,DB,2019,2018,NO,C:\Users\tyler\Desktop\BIBLE HUNT CODES\2019\19_bg-odds.pdf,78
DB1223,DB,2019,2018,NO,C:\Users\tyler\Desktop\BIBLE HUNT CODES\2019\19_bg-odds.pdf,79
DB1224,DB,2019,2018,NO,C:\Users\tyler\Desktop\BIBLE HUNT CODES\2019\19_bg-odds.pdf,80
DB1225,DB,2019,2018,NO,C:\Users\tyler\Desktop\BIBLE HUNT CODES\2019\19_bg-odds.pdf,81
DB1227,DB,2019,2018,NO,C:\Users\tyler\Desktop\BIBLE HUNT CODES\2019\19_bg-odds.pdf,82
DB1228,DB,2019,2018,NO,C:\Users\tyler\Desktop\BIBLE HUNT CODES\2019\19_bg-odds.pdf,83
DB1229,DB,2019,2018,NO,C:\Users\tyler\Desktop\BIBLE HUNT CODES\2019\19_bg-odds.pdf,84
DB1230,DB,2019,2018,NO,C:\Users\tyler\Desktop\BIBLE HUNT CODES\2019\19_bg-odds.pdf,85
DB1231,DB,2019,2018,NO,C:\Users\tyler\Desktop\BIBLE HUNT CODES\2019\19_bg-odds.pdf,86
DB1232,DB,2019,2018,NO,C:\Users\tyler\Desktop\BIBLE HUNT CODES\2019\19_bg-odds.pdf,87
DB1233,DB,2019,2018,NO,C:\Users\tyler\Desktop\BIBLE HUNT CODES\2019\19_bg-odds.pdf,88
DB1234,DB,2019,2018,NO,C:\Users\tyler\Desktop\BIBLE HUNT CODES\2019\19_bg-odds.pdf,89
DB1236,DB,2019,2018,NO,C:\Users\tyler\Desktop\BIBLE HUNT CODES\2019\19_bg-odds.pdf,90
DB1237,DB,2019,2018,NO,C:\Users\tyler\Desktop\BIBLE HUNT CODES\2019\19_bg-odds.pdf,91
DB1238,DB,2019,2018,NO,C:\Users\tyler\Desktop\BIBLE HUNT CODES\2019\19_bg-odds.pdf,92
DB1240,DB,2019,2018,NO,C:\Users\tyler\Desktop\BIBLE HUNT CODES\2019\19_bg-odds.pdf,93
DB1241,DB,2019,2018,NO,C:\Users\tyler\Desktop\BIBLE HUNT CODES\2019\19_bg-odds.pdf,94
DB1242,DB,2019,2018,NO,C:\Users\tyler\Desktop\BIBLE HUNT CODES\2019\19_bg-odds.pdf,95
DB1243,DB,2019,2018,NO,C:\Users\tyler\Desktop\BIBLE HUNT CODES\2019\19_bg-odds.pdf,96
DB1244,DB,2019,2018,NO,C:\Users\tyler\Desktop\BIBLE HUNT CODES\2019\19_bg-odds.pdf,97
DB1245,DB,2019,2018,NO,C:\Users\tyler\Desktop\BIBLE HUNT CODES\2019\19_bg-odds.pdf,98
DB1246,DB,2019,2018,NO,C:\Users\tyler\Desktop\BIBLE HUNT CODES\2019\19_bg-odds.pdf,99
DB1248,DB,2019,2018,NO,C:\Users\tyler\Desktop\BIBLE HUNT CODES\2019\19_bg-odds.pdf,100
DB1249,DB,2019,2018,NO,C:\Users\tyler\Desktop\BIBLE HUNT CODES\2019\19_bg-odds.pdf,101
DB1250,DB,2019,2018,NO,C:\Users\tyler\Desktop\BIBLE HUNT CODES\2019\19_bg-odds.pdf,102
DB1251,DB,2019,2018,NO,C:\Users\tyler\Desktop\BIBLE HUNT CODES\2019\19_bg-odds.pdf,103
DB1252,DB,2019,2018,NO,C:\Users\tyler\Desktop\BIBLE HUNT CODES\2019\19_bg-odds.pdf,104
DB1253,DB,2019,2018,NO,C:\Users\tyler\Desktop\BIBLE HUNT CODES\2019\19_bg-odds.pdf,105
DB1255,DB,2019,2018,NO,C:\Users\tyler\Desktop\BIBLE HUNT CODES\2019\19_bg-odds.pdf,106
DB1256,DB,2019,2018,NO,C:\Users\tyler\Desktop\BIBLE HUNT CODES\2019\19_bg-odds.pdf,107
DB1257,DB,2019,2018,NO,C:\Users\tyler\Desktop\BIBLE HUNT CODES\2019\19_bg-odds.pdf,108
DB1258,DB,2019,2018,NO,C:\Users\tyler\Desktop\BIBLE HUNT CODES\2019\19_bg-odds.pdf,109
DB1259,DB,2019,2018,NO,C:\Users\tyler\Desktop\BIBLE HUNT CODES\2019\19_bg-odds.pdf,110
DB1260,DB,2019,2018,NO,C:\Users\tyler\Desktop\BIBLE HUNT CODES\2019\19_bg-odds.pdf,111
DB1261,DB,2019,2018,NO,C:\Users\tyler\Desktop\BIBLE HUNT CODES\2019\19_bg-odds.pdf,112
DB1263,DB,2019,2018,NO,C:\Users\tyler\Desktop\BIBLE HUNT CODES\2019\19_bg-odds.pdf,113
DB1264,DB,2019,2018,NO,C:\Users\tyler\Desktop\BIBLE HUNT CODES\2019\19_bg-odds.pdf,114
DB1265,DB,2019,2018,NO,C:\Users\tyler\Desktop\BIBLE HUNT CODES\2019\19_bg-odds.pdf,115
DB1266,DB,2019,2018,NO,C:\Users\tyler\Desktop\BIBLE HUNT CODES\2019\19_bg-odds.pdf,116
DB1267,DB,2019,2018,NO,C:\Users\tyler\Desktop\BIBLE HUNT CODES\2019\19_bg-odds.pdf,117
DB1269,DB,2019,2018,NO,C:\Users\tyler\Desktop\BIBLE HUNT CODES\2019\19_bg-odds.pdf,118
DB1270,DB,2019,2018,NO,C:\Users\tyler\Desktop\BIBLE HUNT CODES\2019\19_bg-odds.pdf,119
DB1271,DB,2019,2018,NO,C:\Users\tyler\Desktop\BIBLE HUNT CODES\2019\19_bg-odds.pdf,120
DB1272,DB,2019,2018,NO,C:\Users\tyler\Desktop\BIBLE HUNT CODES\2019\19_bg-odds.pdf,121
DB1273,DB,2019,2018,NO,C:\Users\tyler\Desktop\BIBLE HUNT CODES\2019\19_bg-odds.pdf,122
DB1274,DB,2019,2018,NO,C:\Users\tyler\Desktop\BIBLE HUNT CODES\2019\19_bg-odds.pdf,123
DB1275,DB,2019,2018,NO,C:\Users\tyler\Desktop\BIBLE HUNT CODES\2019\19_bg-odds.pdf,124
DB1276,DB,2019,2018,NO,C:\Users\tyler\Desktop\BIBLE HUNT CODES\2019\19_bg-odds.pdf,125
DB1277,DB,2019,2018,NO,C:\Users\tyler\Desktop\BIBLE HUNT CODES\2019\19_bg-odds.pdf,126
DB1278,DB,2019,2018,NO,C:\Users\tyler\Desktop\BIBLE HUNT CODES\2019\19_bg-odds.pdf,127
DB1279,DB,2019,2018,NO,C:\Users\tyler\Desktop\BIBLE HUNT CODES\2019\19_bg-odds.pdf,128
DB1280,DB,2019,2018,NO,C:\Users\tyler\Desktop\BIBLE HUNT CODES\2019\19_bg-odds.pdf,129
DB1281,DB,2019,2018,NO,C:\Users\tyler\Desktop\BIBLE HUNT CODES\2019\19_bg-odds.pdf,130
DB1282,DB,2019,2018,NO,C:\Users\tyler\Desktop\BIBLE HUNT CODES\2019\19_bg-odds.pdf,131
DB1283,DB,2019,2018,NO,C:\Users\tyler\Desktop\BIBLE HUNT CODES\2019\19_bg-odds.pdf,132
DB1285,DB,2019,2018,NO,C:\Users\tyler\Desktop\BIBLE HUNT CODES\2019\19_bg-odds.pdf,133
DB1286,DB,2019,2018,NO,C:\Users\tyler\Desktop\BIBLE HUNT CODES\2019\19_bg-odds.pdf,134
DB1287,DB,2019,2018,NO,C:\Users\tyler\Desktop\BIBLE HUNT CODES\2019\19_bg-odds.pdf,135
DB1288,DB,2019,2018,NO,C:\Users\tyler\Desktop\BIBLE HUNT CODES\2019\19_bg-odds.pdf,136
DB1289,DB,2019,2018,NO,C:\Users\tyler\Desktop\BIBLE HUNT CODES\2019\19_bg-odds.pdf,137
DB1290,DB,2019,2018,NO,C:\Users\tyler\Desktop\BIBLE HUNT CODES\2019\19_bg-odds.pdf,138
DB1291,DB,2019,2018,NO,C:\Users\tyler\Desktop\BIBLE HUNT CODES\2019\19_bg-odds.pdf,139
DB1292,DB,2019,2018,NO,C:\Users\tyler\Desktop\BIBLE HUNT CODES\2019\19_bg-odds.pdf,140
DB1293,DB,2019,2018,NO,C:\Users\tyler\Desktop\BIBLE HUNT CODES\2019\19_bg-odds.pdf,141
DB1294,DB,2019,2018,NO,C:\Users\tyler\Desktop\BIBLE HUNT CODES\2019\19_bg-odds.pdf,142
DB1295,DB,2019,2018,NO,C:\Users\tyler\Desktop\BIBLE HUNT CODES\2019\19_bg-odds.pdf,143
DB1297,DB,2019,2018,NO,C:\Users\tyler\Desktop\BIBLE HUNT CODES\2019\19_bg-odds.pdf,144
DB1298,DB,2019,2018,NO,C:\Users\tyler\Desktop\BIBLE HUNT CODES\2019\19_bg-odds.pdf,145
DB1299,DB,2019,2018,NO,C:\Users\tyler\Desktop\BIBLE HUNT CODES\2019\19_bg-odds.pdf,146
DB1300,DB,2019,2018,NO,C:\Users\tyler\Desktop\BIBLE HUNT CODES\2019\19_bg-odds.pdf,147
DB1301,DB,2019,2018,NO,C:\Users\tyler\Desktop\BIBLE HUNT CODES\2019\19_bg-odds.pdf,148
DB1302,DB,2019,2018,NO,C:\Users\tyler\Desktop\BIBLE HUNT CODES\2019\19_bg-odds.pdf,149
DB1303,DB,2019,2018,NO,C:\Users\tyler\Desktop\BIBLE HUNT CODES\2019\19_bg-odds.pdf,150
DB1304,DB,2019,2018,NO,C:\Users\tyler\Desktop\BIBLE HUNT CODES\2019\19_bg-odds.pdf,151
DB1305,DB,2019,2018,NO,C:\Users\tyler\Desktop\BIBLE HUNT CODES\2019\19_bg-odds.pdf,152
DB1306,DB,2019,2018,NO,C:\Users\tyler\Desktop\BIBLE HUNT CODES\2019\19_bg-odds.pdf,153
DB1307,DB,2019,2018,NO,C:\Users\tyler\Desktop\BIBLE HUNT CODES\2019\19_bg-odds.pdf,154
DB1308,DB,2019,2018,NO,C:\Users\tyler\Desktop\BIBLE HUNT CODES\2019\19_bg-odds.pdf,155
DB1309,DB,2019,2018,NO,C:\Users\tyler\Desktop\BIBLE HUNT CODES\2019\19_bg-odds.pdf,156
DB1310,DB,2019,2018,NO,C:\Users\tyler\Desktop\BIBLE HUNT CODES\2019\19_bg-odds.pdf,157
DB1312,DB,2019,2018,NO,C:\Users\tyler\Desktop\BIBLE HUNT CODES\2019\19_bg-odds.pdf,158
DB1317,DB,2019,2018,NO,C:\Users\tyler\Desktop\BIBLE HUNT CODES\2019\19_bg-odds.pdf,159
DB1320,DB,2019,2018,NO,C:\Users\tyler\Desktop\BIBLE HUNT CODES\2019\19_bg-odds.pdf,160
DB1321,DB,2019,2018,NO,C:\Users\tyler\Desktop\BIBLE HUNT CODES\2019\19_bg-odds.pdf,161
DB1322,DB,2019,2018,NO,C:\Users\tyler\Desktop\BIBLE HUNT CODES\2019\19_bg-odds.pdf,162
DB1323,DB,2019,2018,NO,C:\Users\tyler\Desktop\BIBLE HUNT CODES\2019\19_bg-odds.pdf,163
DB1324,DB,2019,2018,NO,C:\Users\tyler\Desktop\BIBLE HUNT CODES\2019\19_bg-odds.pdf,164
DB1325,DB,2019,2018,NO,C:\Users\tyler\Desktop\BIBLE HUNT CODES\2019\19_bg-odds.pdf,165
DB1326,DB,2019,2018,NO,C:\Users\tyler\Desktop\BIBLE HUNT CODES\2019\19_bg-odds.pdf,166
DB1327,DB,2019,2018,NO,C:\Users\tyler\Desktop\BIBLE HUNT CODES\2019\19_bg-odds.pdf,167
DB1500,DB,2019,2018,NO,C:\Users\tyler\Desktop\BIBLE HUNT CODES\2019\19_deer_odds.pdf|C:\Users\tyler\Desktop\BIBLE HUNT CODES\2019\19_lifetime_deer.pdf|C:\Users\tyler\Desktop\BIBLE HUNT CODES\2019\19_youth_deer.pdf,2|3
DB1501,DB,2019,2018,NO,C:\Users\tyler\Desktop\BIBLE HUNT CODES\2019\19_deer_odds.pdf|C:\Users\tyler\Desktop\BIBLE HUNT CODES\2019\19_lifetime_deer.pdf|C:\Users\tyler\Desktop\BIBLE HUNT CODES\2019\19_youth_deer.pdf,3|4
DB1502,DB,2019,2018,NO,C:\Users\tyler\Desktop\BIBLE HUNT CODES\2019\19_deer_odds.pdf|C:\Users\tyler\Desktop\BIBLE HUNT CODES\2019\19_lifetime_deer.pdf|C:\Users\tyler\Desktop\BIBLE HUNT CODES\2019\19_youth_deer.pdf,4|5
DB1503,DB,2019,2018,NO,C:\Users\tyler\Desktop\BIBLE HUNT CODES\2019\19_deer_odds.pdf|C:\Users\tyler\Desktop\BIBLE HUNT CODES\2019\19_lifetime_deer.pdf|C:\Users\tyler\Desktop\BIBLE HUNT CODES\2019\19_youth_deer.pdf,5|6
DB1504,DB,2019,2018,NO,C:\Users\tyler\Desktop\BIBLE HUNT CODES\2019\19_deer_odds.pdf|C:\Users\tyler\Desktop\BIBLE HUNT CODES\2019\19_lifetime_deer.pdf|C:\Users\tyler\Desktop\BIBLE HUNT CODES\2019\19_youth_deer.pdf,6|7
DB1505,DB,2019,2018,NO,C:\Users\tyler\Desktop\BIBLE HUNT CODES\2019\19_deer_odds.pdf|C:\Users\tyler\Desktop\BIBLE HUNT CODES\2019\19_lifetime_deer.pdf|C:\Users\tyler\Desktop\BIBLE HUNT CODES\2019\19_youth_deer.pdf,7|8
DB1506,DB,2019,2018,NO,C:\Users\tyler\Desktop\BIBLE HUNT CODES\2019\19_deer_odds.pdf|C:\Users\tyler\Desktop\BIBLE HUNT CODES\2019\19_lifetime_deer.pdf|C:\Users\tyler\Desktop\BIBLE HUNT CODES\2019\19_youth_deer.pdf,8|9
DB1508,DB,2019,2018,NO,C:\Users\tyler\Desktop\BIBLE HUNT CODES\2019\19_deer_odds.pdf|C:\Users\tyler\Desktop\BIBLE HUNT CODES\2019\19_lifetime_deer.pdf|C:\Users\tyler\Desktop\BIBLE HUNT CODES\2019\19_youth_deer.pdf,9|10
DB1509,DB,2019,2018,NO,C:\Users\tyler\Desktop\BIBLE HUNT CODES\2019\19_deer_odds.pdf|C:\Users\tyler\Desktop\BIBLE HUNT CODES\2019\19_lifetime_deer.pdf|C:\Users\tyler\Desktop\BIBLE HUNT CODES\2019\19_youth_deer.pdf,10|11
DB1510,DB,2019,2018,NO,C:\Users\tyler\Desktop\BIBLE HUNT CODES\2019\19_deer_odds.pdf|C:\Users\tyler\Desktop\BIBLE HUNT CODES\2019\19_lifetime_deer.pdf|C:\Users\tyler\Desktop\BIBLE HUNT CODES\2019\19_youth_deer.pdf,11|12
DB1511,DB,2019,2018,NO,C:\Users\tyler\Desktop\BIBLE HUNT CODES\2019\19_deer_odds.pdf|C:\Users\tyler\Desktop\BIBLE HUNT CODES\2019\19_lifetime_deer.pdf|C:\Users\tyler\Desktop\BIBLE HUNT CODES\2019\19_youth_deer.pdf,12|13
DB1512,DB,2019,2018,NO,C:\Users\tyler\Desktop\BIBLE HUNT CODES\2019\19_deer_odds.pdf|C:\Users\tyler\Desktop\BIBLE HUNT CODES\2019\19_lifetime_deer.pdf|C:\Users\tyler\Desktop\BIBLE HUNT CODES\2019\19_youth_deer.pdf,13|14
DB1513,DB,2019,2018,NO,C:\Users\tyler\Desktop\BIBLE HUNT CODES\2019\19_deer_odds.pdf|C:\Users\tyler\Desktop\BIBLE HUNT CODES\2019\19_lifetime_deer.pdf|C:\Users\tyler\Desktop\BIBLE HUNT CODES\2019\19_youth_deer.pdf,14|15
DB1514,DB,2019,2018,NO,C:\Users\tyler\Desktop\BIBLE HUNT CODES\2019\19_deer_odds.pdf|C:\Users\tyler\Desktop\BIBLE HUNT CODES\2019\19_lifetime_deer.pdf|C:\Users\tyler\Desktop\BIBLE HUNT CODES\2019\19_youth_deer.pdf,15|16
DB1515,DB,2019,2018,NO,C:\Users\tyler\Desktop\BIBLE HUNT CODES\2019\19_deer_odds.pdf|C:\Users\tyler\Desktop\BIBLE HUNT CODES\2019\19_lifetime_deer.pdf|C:\Users\tyler\Desktop\BIBLE HUNT CODES\2019\19_youth_deer.pdf,16|17
DB1516,DB,2019,2018,NO,C:\Users\tyler\Desktop\BIBLE HUNT CODES\2019\19_deer_odds.pdf|C:\Users\tyler\Desktop\BIBLE HUNT CODES\2019\19_lifetime_deer.pdf|C:\Users\tyler\Desktop\BIBLE HUNT CODES\2019\19_youth_deer.pdf,17|18
DB1517,DB,2019,2018,NO,C:\Users\tyler\Desktop\BIBLE HUNT CODES\2019\19_deer_odds.pdf|C:\Users\tyler\Desktop\BIBLE HUNT CODES\2019\19_lifetime_deer.pdf|C:\Users\tyler\Desktop\BIBLE HUNT CODES\2019\19_youth_deer.pdf,18|19
DB1518,DB,2019,2018,NO,C:\Users\tyler\Desktop\BIBLE HUNT CODES\2019\19_deer_odds.pdf|C:\Users\tyler\Desktop\BIBLE HUNT CODES\2019\19_lifetime_deer.pdf|C:\Users\tyler\Desktop\BIBLE HUNT CODES\2019\19_youth_deer.pdf,19|20
DB1519,DB,2019,2018,NO,C:\Users\tyler\Desktop\BIBLE HUNT CODES\2019\19_deer_odds.pdf|C:\Users\tyler\Desktop\BIBLE HUNT CODES\2019\19_lifetime_deer.pdf|C:\Users\tyler\Desktop\BIBLE HUNT CODES\2019\19_youth_deer.pdf,20|21
DB1520,DB,2019,2018,NO,C:\Users\tyler\Desktop\BIBLE HUNT CODES\2019\19_deer_odds.pdf|C:\Users\tyler\Desktop\BIBLE HUNT CODES\2019\19_lifetime_deer.pdf|C:\Users\tyler\Desktop\BIBLE HUNT CODES\2019\19_youth_deer.pdf,21|22
DB1521,DB,2019,2018,NO,C:\Users\tyler\Desktop\BIBLE HUNT CODES\2019\19_deer_odds.pdf|C:\Users\tyler\Desktop\BIBLE HUNT CODES\2019\19_lifetime_deer.pdf|C:\Users\tyler\Desktop\BIBLE HUNT CODES\2019\19_youth_deer.pdf,22|23
DB1522,DB,2019,2018,NO,C:\Users\tyler\Desktop\BIBLE HUNT CODES\2019\19_deer_odds.pdf|C:\Users\tyler\Desktop\BIBLE HUNT CODES\2019\19_lifetime_deer.pdf|C:\Users\tyler\Desktop\BIBLE HUNT CODES\2019\19_youth_deer.pdf,23|24
DB1523,DB,2019,2018,NO,C:\Users\tyler\Desktop\BIBLE HUNT CODES\2019\19_deer_odds.pdf|C:\Users\tyler\Desktop\BIBLE HUNT CODES\2019\19_lifetime_deer.pdf|C:\Users\tyler\Desktop\BIBLE HUNT CODES\2019\19_youth_deer.pdf,24|25
DB1524,DB,2019,2018,NO,C:\Users\tyler\Desktop\BIBLE HUNT CODES\2019\19_deer_odds.pdf|C:\Users\tyler\Desktop\BIBLE HUNT CODES\2019\19_lifetime_deer.pdf|C:\Users\tyler\Desktop\BIBLE HUNT CODES\2019\19_youth_deer.pdf,25|26
DB1525,DB,2019,2018,NO,C:\Users\tyler\Desktop\BIBLE HUNT CODES\2019\19_deer_odds.pdf|C:\Users\tyler\Desktop\BIBLE HUNT CODES\2019\19_lifetime_deer.pdf|C:\Users\tyler\Desktop\BIBLE HUNT CODES\2019\19_youth_deer.pdf,26|27
DB1526,DB,2019,2018,NO,C:\Users\tyler\Desktop\BIBLE HUNT CODES\2019\19_deer_odds.pdf|C:\Users\tyler\Desktop\BIBLE HUNT CODES\2019\19_lifetime_deer.pdf|C:\Users\tyler\Desktop\BIBLE HUNT CODES\2019\19_youth_deer.pdf,27|28
DB1527,DB,2019,2018,NO,C:\Users\tyler\Desktop\BIBLE HUNT CODES\2019\19_deer_odds.pdf|C:\Users\tyler\Desktop\BIBLE HUNT CODES\2019\19_lifetime_deer.pdf|C:\Users\tyler\Desktop\BIBLE HUNT CODES\2019\19_youth_deer.pdf,28|29
DB1528,DB,2019,2018,NO,C:\Users\tyler\Desktop\BIBLE HUNT CODES\2019\19_deer_odds.pdf|C:\Users\tyler\Desktop\BIBLE HUNT CODES\2019\19_lifetime_deer.pdf,29|30
DB1529,DB,2019,2018,NO,C:\Users\tyler\Desktop\BIBLE HUNT CODES\2019\19_deer_odds.pdf|C:\Users\tyler\Desktop\BIBLE HUNT CODES\2019\19_lifetime_deer.pdf|C:\Users\tyler\Desktop\BIBLE HUNT CODES\2019\19_youth_deer.pdf,29|30|31
DB1530,DB,2019,2018,NO,C:\Users\tyler\Desktop\BIBLE HUNT CODES\2019\19_deer_odds.pdf|C:\Users\tyler\Desktop\BIBLE HUNT CODES\2019\19_lifetime_deer.pdf|C:\Users\tyler\Desktop\BIBLE HUNT CODES\2019\19_youth_deer.pdf,30|31|32
DB1531,DB,2019,2018,NO,C:\Users\tyler\Desktop\BIBLE HUNT CODES\2019\19_deer_odds.pdf|C:\Users\tyler\Desktop\BIBLE HUNT CODES\2019\19_lifetime_deer.pdf|C:\Users\tyler\Desktop\BIBLE HUNT CODES\2019\19_youth_deer.pdf,31|32|33
DB1532,DB,2019,2018,NO,C:\Users\tyler\Desktop\BIBLE HUNT CODES\2019\19_deer_odds.pdf|C:\Users\tyler\Desktop\BIBLE HUNT CODES\2019\19_lifetime_deer.pdf|C:\Users\tyler\Desktop\BIBLE HUNT CODES\2019\19_youth_deer.pdf,32|33|34
DB1533,DB,2019,2018,NO,C:\Users\tyler\Desktop\BIBLE HUNT CODES\2019\19_deer_odds.pdf|C:\Users\tyler\Desktop\BIBLE HUNT CODES\2019\19_lifetime_deer.pdf|C:\Users\tyler\Desktop\BIBLE HUNT CODES\2019\19_youth_deer.pdf,33|34|35
DB1534,DB,2019,2018,NO,C:\Users\tyler\Desktop\BIBLE HUNT CODES\2019\19_deer_odds.pdf|C:\Users\tyler\Desktop\BIBLE HUNT CODES\2019\19_lifetime_deer.pdf|C:\Users\tyler\Desktop\BIBLE HUNT CODES\2019\19_youth_deer.pdf,34|35|36
DB1535,DB,2019,2018,NO,C:\Users\tyler\Desktop\BIBLE HUNT CODES\2019\19_deer_odds.pdf|C:\Users\tyler\Desktop\BIBLE HUNT CODES\2019\19_lifetime_deer.pdf|C:\Users\tyler\Desktop\BIBLE HUNT CODES\2019\19_youth_deer.pdf,35|36|37
DB1536,DB,2019,2018,NO,C:\Users\tyler\Desktop\BIBLE HUNT CODES\2019\19_deer_odds.pdf|C:\Users\tyler\Desktop\BIBLE HUNT CODES\2019\19_lifetime_deer.pdf|C:\Users\tyler\Desktop\BIBLE HUNT CODES\2019\19_youth_deer.pdf,36|37|38
DB1538,DB,2019,2018,NO,C:\Users\tyler\Desktop\BIBLE HUNT CODES\2019\19_deer_odds.pdf|C:\Users\tyler\Desktop\BIBLE HUNT CODES\2019\19_lifetime_deer.pdf|C:\Users\tyler\Desktop\BIBLE HUNT CODES\2019\19_youth_deer.pdf,37|38|39
DB1539,DB,2019,2018,NO,C:\Users\tyler\Desktop\BIBLE HUNT CODES\2019\19_deer_odds.pdf|C:\Users\tyler\Desktop\BIBLE HUNT CODES\2019\19_lifetime_deer.pdf|C:\Users\tyler\Desktop\BIBLE HUNT CODES\2019\19_youth_deer.pdf,38|39|40
DB1540,DB,2019,2018,NO,C:\Users\tyler\Desktop\BIBLE HUNT CODES\2019\19_deer_odds.pdf|C:\Users\tyler\Desktop\BIBLE HUNT CODES\2019\19_lifetime_deer.pdf|C:\Users\tyler\Desktop\BIBLE HUNT CODES\2019\19_youth_deer.pdf,39|40|41
DB1541,DB,2019,2018,NO,C:\Users\tyler\Desktop\BIBLE HUNT CODES\2019\19_deer_odds.pdf|C:\Users\tyler\Desktop\BIBLE HUNT CODES\2019\19_lifetime_deer.pdf|C:\Users\tyler\Desktop\BIBLE HUNT CODES\2019\19_youth_deer.pdf,40|41|42
DB1542,DB,2019,2018,NO,C:\Users\tyler\Desktop\BIBLE HUNT CODES\2019\19_deer_odds.pdf|C:\Users\tyler\Desktop\BIBLE HUNT CODES\2019\19_lifetime_deer.pdf|C:\Users\tyler\Desktop\BIBLE HUNT CODES\2019\19_youth_deer.pdf,41|42|43
DB1543,DB,2019,2018,NO,C:\Users\tyler\Desktop\BIBLE HUNT CODES\2019\19_deer_odds.pdf|C:\Users\tyler\Desktop\BIBLE HUNT CODES\2019\19_lifetime_deer.pdf|C:\Users\tyler\Desktop\BIBLE HUNT CODES\2019\19_youth_deer.pdf,42|43|44
DB1544,DB,2019,2018,NO,C:\Users\tyler\Desktop\BIBLE HUNT CODES\2019\19_deer_odds.pdf|C:\Users\tyler\Desktop\BIBLE HUNT CODES\2019\19_lifetime_deer.pdf|C:\Users\tyler\Desktop\BIBLE HUNT CODES\2019\19_youth_deer.pdf,43|44|45
DB1545,DB,2019,2018,NO,C:\Users\tyler\Desktop\BIBLE HUNT CODES\2019\19_deer_odds.pdf|C:\Users\tyler\Desktop\BIBLE HUNT CODES\2019\19_lifetime_deer.pdf|C:\Users\tyler\Desktop\BIBLE HUNT CODES\2019\19_youth_deer.pdf,44|45|46
DB1546,DB,2019,2018,NO,C:\Users\tyler\Desktop\BIBLE HUNT CODES\2019\19_deer_odds.pdf|C:\Users\tyler\Desktop\BIBLE HUNT CODES\2019\19_lifetime_deer.pdf|C:\Users\tyler\Desktop\BIBLE HUNT CODES\2019\19_youth_deer.pdf,45|46|47
DB1547,DB,2019,2018,NO,C:\Users\tyler\Desktop\BIBLE HUNT CODES\2019\19_deer_odds.pdf|C:\Users\tyler\Desktop\BIBLE HUNT CODES\2019\19_lifetime_deer.pdf|C:\Users\tyler\Desktop\BIBLE HUNT CODES\2019\19_youth_deer.pdf,46|47|48
DB1548,DB,2019,2018,NO,C:\Users\tyler\Desktop\BIBLE HUNT CODES\2019\19_deer_odds.pdf|C:\Users\tyler\Desktop\BIBLE HUNT CODES\2019\19_lifetime_deer.pdf|C:\Users\tyler\Desktop\BIBLE HUNT CODES\2019\19_youth_deer.pdf,47|48|49
DB1549,DB,2019,2018,NO,C:\Users\tyler\Desktop\BIBLE HUNT CODES\2019\19_deer_odds.pdf|C:\Users\tyler\Desktop\BIBLE HUNT CODES\2019\19_lifetime_deer.pdf|C:\Users\tyler\Desktop\BIBLE HUNT CODES\2019\19_youth_deer.pdf,48|49|50
DB1550,DB,2019,2018,NO,C:\Users\tyler\Desktop\BIBLE HUNT CODES\2019\19_deer_odds.pdf|C:\Users\tyler\Desktop\BIBLE HUNT CODES\2019\19_lifetime_deer.pdf|C:\Users\tyler\Desktop\BIBLE HUNT CODES\2019\19_youth_deer.pdf,49|50|51
DB1551,DB,2019,2018,NO,C:\Users\tyler\Desktop\BIBLE HUNT CODES\2019\19_deer_odds.pdf|C:\Users\tyler\Desktop\BIBLE HUNT CODES\2019\19_lifetime_deer.pdf|C:\Users\tyler\Desktop\BIBLE HUNT CODES\2019\19_youth_deer.pdf,50|51|52
DB1552,DB,2019,2018,NO,C:\Users\tyler\Desktop\BIBLE HUNT CODES\2019\19_deer_odds.pdf|C:\Users\tyler\Desktop\BIBLE HUNT CODES\2019\19_lifetime_deer.pdf|C:\Users\tyler\Desktop\BIBLE HUNT CODES\2019\19_youth_deer.pdf,51|52|53
DB1553,DB,2019,2018,NO,C:\Users\tyler\Desktop\BIBLE HUNT CODES\2019\19_deer_odds.pdf|C:\Users\tyler\Desktop\BIBLE HUNT CODES\2019\19_lifetime_deer.pdf|C:\Users\tyler\Desktop\BIBLE HUNT CODES\2019\19_youth_deer.pdf,52|53|54
DB1554,DB,2019,2018,NO,C:\Users\tyler\Desktop\BIBLE HUNT CODES\2019\19_deer_odds.pdf|C:\Users\tyler\Desktop\BIBLE HUNT CODES\2019\19_lifetime_deer.pdf|C:\Users\tyler\Desktop\BIBLE HUNT CODES\2019\19_youth_deer.pdf,53|54|55
DB1555,DB,2019,2018,NO,C:\Users\tyler\Desktop\BIBLE HUNT CODES\2019\19_deer_odds.pdf|C:\Users\tyler\Desktop\BIBLE HUNT CODES\2019\19_lifetime_deer.pdf|C:\Users\tyler\Desktop\BIBLE HUNT CODES\2019\19_youth_deer.pdf,54|55|56
DB1556,DB,2019,2018,NO,C:\Users\tyler\Desktop\BIBLE HUNT CODES\2019\19_deer_odds.pdf|C:\Users\tyler\Desktop\BIBLE HUNT CODES\2019\19_lifetime_deer.pdf|C:\Users\tyler\Desktop\BIBLE HUNT CODES\2019\19_youth_deer.pdf,55|56|57
DB1557,DB,2019,2018,NO,C:\Users\tyler\Desktop\BIBLE HUNT CODES\2019\19_deer_odds.pdf|C:\Users\tyler\Desktop\BIBLE HUNT CODES\2019\19_lifetime_deer.pdf|C:\Users\tyler\Desktop\BIBLE HUNT CODES\2019\19_youth_deer.pdf,56|57|58
DB1558,DB,2019,2018,NO,C:\Users\tyler\Desktop\BIBLE HUNT CODES\2019\19_deer_odds.pdf|C:\Users\tyler\Desktop\BIBLE HUNT CODES\2019\19_lifetime_deer.pdf|C:\Users\tyler\Desktop\BIBLE HUNT CODES\2019\19_youth_deer.pdf,57|58|59
DB1559,DB,2019,2018,NO,C:\Users\tyler\Desktop\BIBLE HUNT CODES\2019\19_deer_odds.pdf|C:\Users\tyler\Desktop\BIBLE HUNT CODES\2019\19_lifetime_deer.pdf|C:\Users\tyler\Desktop\BIBLE HUNT CODES\2019\19_youth_deer.pdf,58|59|60
DB1560,DB,2019,2018,NO,C:\Users\tyler\Desktop\BIBLE HUNT CODES\2019\19_deer_odds.pdf|C:\Users\tyler\Desktop\BIBLE HUNT CODES\2019\19_lifetime_deer.pdf|C:\Users\tyler\Desktop\BIBLE HUNT CODES\2019\19_youth_deer.pdf,59|60|61
DB1561,DB,2019,2018,NO,C:\Users\tyler\Desktop\BIBLE HUNT CODES\2019\19_deer_odds.pdf|C:\Users\tyler\Desktop\BIBLE HUNT CODES\2019\19_lifetime_deer.pdf|C:\Users\tyler\Desktop\BIBLE HUNT CODES\2019\19_youth_deer.pdf,60|61|62
DB1562,DB,2019,2018,NO,C:\Users\tyler\Desktop\BIBLE HUNT CODES\2019\19_deer_odds.pdf|C:\Users\tyler\Desktop\BIBLE HUNT CODES\2019\19_lifetime_deer.pdf|C:\Users\tyler\Desktop\BIBLE HUNT CODES\2019\19_youth_deer.pdf,61|62|63
DB1563,DB,2019,2018,NO,C:\Users\tyler\Desktop\BIBLE HUNT CODES\2019\19_deer_odds.pdf|C:\Users\tyler\Desktop\BIBLE HUNT CODES\2019\19_lifetime_deer.pdf|C:\Users\tyler\Desktop\BIBLE HUNT CODES\2019\19_youth_deer.pdf,62|63|64
DB1564,DB,2019,2018,NO,C:\Users\tyler\Desktop\BIBLE HUNT CODES\2019\19_deer_odds.pdf|C:\Users\tyler\Desktop\BIBLE HUNT CODES\2019\19_lifetime_deer.pdf|C:\Users\tyler\Desktop\BIBLE HUNT CODES\2019\19_youth_deer.pdf,63|64|65
DB1565,DB,2019,2018,NO,C:\Users\tyler\Desktop\BIBLE HUNT CODES\2019\19_deer_odds.pdf|C:\Users\tyler\Desktop\BIBLE HUNT CODES\2019\19_lifetime_deer.pdf|C:\Users\tyler\Desktop\BIBLE HUNT CODES\2019\19_youth_deer.pdf,64|65|66
DB1566,DB,2019,2018,NO,C:\Users\tyler\Desktop\BIBLE HUNT CODES\2019\19_deer_odds.pdf|C:\Users\tyler\Desktop\BIBLE HUNT CODES\2019\19_lifetime_deer.pdf|C:\Users\tyler\Desktop\BIBLE HUNT CODES\2019\19_youth_deer.pdf,65|66|67
DB1568,DB,2019,2018,NO,C:\Users\tyler\Desktop\BIBLE HUNT CODES\2019\19_deer_odds.pdf|C:\Users\tyler\Desktop\BIBLE HUNT CODES\2019\19_lifetime_deer.pdf|C:\Users\tyler\Desktop\BIBLE HUNT CODES\2019\19_youth_deer.pdf,66|67|68
DB1569,DB,2019,2018,NO,C:\Users\tyler\Desktop\BIBLE HUNT CODES\2019\19_deer_odds.pdf|C:\Users\tyler\Desktop\BIBLE HUNT CODES\2019\19_lifetime_deer.pdf|C:\Users\tyler\Desktop\BIBLE HUNT CODES\2019\19_youth_deer.pdf,67|68|69
DB1570,DB,2019,2018,NO,C:\Users\tyler\Desktop\BIBLE HUNT CODES\2019\19_deer_odds.pdf|C:\Users\tyler\Desktop\BIBLE HUNT CODES\2019\19_lifetime_deer.pdf|C:\Users\tyler\Desktop\BIBLE HUNT CODES\2019\19_youth_deer.pdf,68|69|70
DB1571,DB,2019,2018,NO,C:\Users\tyler\Desktop\BIBLE HUNT CODES\2019\19_deer_odds.pdf|C:\Users\tyler\Desktop\BIBLE HUNT CODES\2019\19_lifetime_deer.pdf|C:\Users\tyler\Desktop\BIBLE HUNT CODES\2019\19_youth_deer.pdf,69|70|71
DB1572,DB,2019,2018,NO,C:\Users\tyler\Desktop\BIBLE HUNT CODES\2019\19_deer_odds.pdf|C:\Users\tyler\Desktop\BIBLE HUNT CODES\2019\19_lifetime_deer.pdf|C:\Users\tyler\Desktop\BIBLE HUNT CODES\2019\19_youth_deer.pdf,70|71|72
DB1573,DB,2019,2018,NO,C:\Users\tyler\Desktop\BIBLE HUNT CODES\2019\19_deer_odds.pdf|C:\Users\tyler\Desktop\BIBLE HUNT CODES\2019\19_lifetime_deer.pdf|C:\Users\tyler\Desktop\BIBLE HUNT CODES\2019\19_youth_deer.pdf,71|72|73
DB1574,DB,2019,2018,NO,C:\Users\tyler\Desktop\BIBLE HUNT CODES\2019\19_deer_odds.pdf|C:\Users\tyler\Desktop\BIBLE HUNT CODES\2019\19_lifetime_deer.pdf|C:\Users\tyler\Desktop\BIBLE HUNT CODES\2019\19_youth_deer.pdf,72|73|74
DB1575,DB,2019,2018,NO,C:\Users\tyler\Desktop\BIBLE HUNT CODES\2019\19_deer_odds.pdf|C:\Users\tyler\Desktop\BIBLE HUNT CODES\2019\19_lifetime_deer.pdf|C:\Users\tyler\Desktop\BIBLE HUNT CODES\2019\19_youth_deer.pdf,73|74|75
DB1576,DB,2019,2018,NO,C:\Users\tyler\Desktop\BIBLE HUNT CODES\2019\19_deer_odds.pdf|C:\Users\tyler\Desktop\BIBLE HUNT CODES\2019\19_lifetime_deer.pdf|C:\Users\tyler\Desktop\BIBLE HUNT CODES\2019\19_youth_deer.pdf,74|75|76
DB1577,DB,2019,2018,NO,C:\Users\tyler\Desktop\BIBLE HUNT CODES\2019\19_deer_odds.pdf|C:\Users\tyler\Desktop\BIBLE HUNT CODES\2019\19_lifetime_deer.pdf|C:\Users\tyler\Desktop\BIBLE HUNT CODES\2019\19_youth_deer.pdf,75|76|77
DB1578,DB,2019,2018,NO,C:\Users\tyler\Desktop\BIBLE HUNT CODES\2019\19_deer_odds.pdf|C:\Users\tyler\Desktop\BIBLE HUNT CODES\2019\19_lifetime_deer.pdf|C:\Users\tyler\Desktop\BIBLE HUNT CODES\2019\19_youth_deer.pdf,76|77|78
DB1579,DB,2019,2018,NO,C:\Users\tyler\Desktop\BIBLE HUNT CODES\2019\19_deer_odds.pdf|C:\Users\tyler\Desktop\BIBLE HUNT CODES\2019\19_lifetime_deer.pdf|C:\Users\tyler\Desktop\BIBLE HUNT CODES\2019\19_youth_deer.pdf,77|78|79
DB1580,DB,2019,2018,NO,C:\Users\tyler\Desktop\BIBLE HUNT CODES\2019\19_deer_odds.pdf|C:\Users\tyler\Desktop\BIBLE HUNT CODES\2019\19_lifetime_deer.pdf|C:\Users\tyler\Desktop\BIBLE HUNT CODES\2019\19_youth_deer.pdf,78|79|80
DB1581,DB,2019,2018,NO,C:\Users\tyler\Desktop\BIBLE HUNT CODES\2019\19_deer_odds.pdf|C:\Users\tyler\Desktop\BIBLE HUNT CODES\2019\19_lifetime_deer.pdf|C:\Users\tyler\Desktop\BIBLE HUNT CODES\2019\19_youth_deer.pdf,79|80|81
DB1582,DB,2019,2018,NO,C:\Users\tyler\Desktop\BIBLE HUNT CODES\2019\19_deer_odds.pdf|C:\Users\tyler\Desktop\BIBLE HUNT CODES\2019\19_lifetime_deer.pdf|C:\Users\tyler\Desktop\BIBLE HUNT CODES\2019\19_youth_deer.pdf,80|81|82
DB1583,DB,2019,2018,NO,C:\Users\tyler\Desktop\BIBLE HUNT CODES\2019\19_deer_odds.pdf|C:\Users\tyler\Desktop\BIBLE HUNT CODES\2019\19_lifetime_deer.pdf|C:\Users\tyler\Desktop\BIBLE HUNT CODES\2019\19_youth_deer.pdf,81|82|83
DB1584,DB,2019,2018,NO,C:\Users\tyler\Desktop\BIBLE HUNT CODES\2019\19_deer_odds.pdf|C:\Users\tyler\Desktop\BIBLE HUNT CODES\2019\19_lifetime_deer.pdf|C:\Users\tyler\Desktop\BIBLE HUNT CODES\2019\19_youth_deer.pdf,82|83|84
DB1585,DB,2019,2018,NO,C:\Users\tyler\Desktop\BIBLE HUNT CODES\2019\19_deer_odds.pdf|C:\Users\tyler\Desktop\BIBLE HUNT CODES\2019\19_lifetime_deer.pdf|C:\Users\tyler\Desktop\BIBLE HUNT CODES\2019\19_youth_deer.pdf,83|84|85
DB1586,DB,2019,2018,NO,C:\Users\tyler\Desktop\BIBLE HUNT CODES\2019\19_deer_odds.pdf|C:\Users\tyler\Desktop\BIBLE HUNT CODES\2019\19_lifetime_deer.pdf|C:\Users\tyler\Desktop\BIBLE HUNT CODES\2019\19_youth_deer.pdf,84|85|86
DB1587,DB,2019,2018,NO,C:\Users\tyler\Desktop\BIBLE HUNT CODES\2019\19_deer_odds.pdf|C:\Users\tyler\Desktop\BIBLE HUNT CODES\2019\19_lifetime_deer.pdf|C:\Users\tyler\Desktop\BIBLE HUNT CODES\2019\19_youth_deer.pdf,85|86|87
DB1588,DB,2019,2018,NO,C:\Users\tyler\Desktop\BIBLE HUNT CODES\2019\19_deer_odds.pdf|C:\Users\tyler\Desktop\BIBLE HUNT CODES\2019\19_lifetime_deer.pdf|C:\Users\tyler\Desktop\BIBLE HUNT CODES\2019\19_youth_deer.pdf,86|87|88
DB1589,DB,2019,2018,NO,C:\Users\tyler\Desktop\BIBLE HUNT CODES\2019\19_deer_odds.pdf|C:\Users\tyler\Desktop\BIBLE HUNT CODES\2019\19_lifetime_deer.pdf|C:\Users\tyler\Desktop\BIBLE HUNT CODES\2019\19_youth_deer.pdf,87|88|89
DB1590,DB,2019,2018,NO,C:\Users\tyler\Desktop\BIBLE HUNT CODES\2019\19_deer_odds.pdf|C:\Users\tyler\Desktop\BIBLE HUNT CODES\2019\19_lifetime_deer.pdf|C:\Users\tyler\Desktop\BIBLE HUNT CODES\2019\19_youth_deer.pdf,88|89|90
DB1591,DB,2019,2018,NO,C:\Users\tyler\Desktop\BIBLE HUNT CODES\2019\19_deer_odds.pdf|C:\Users\tyler\Desktop\BIBLE HUNT CODES\2019\19_lifetime_deer.pdf|C:\Users\tyler\Desktop\BIBLE HUNT CODES\2019\19_youth_deer.pdf,89|90|91
DB1592,DB,2019,2018,NO,C:\Users\tyler\Desktop\BIBLE HUNT CODES\2019\19_deer_odds.pdf|C:\Users\tyler\Desktop\BIBLE HUNT CODES\2019\19_lifetime_deer.pdf|C:\Users\tyler\Desktop\BIBLE HUNT CODES\2019\19_youth_deer.pdf,90|91|92
DB1593,DB,2019,2018,NO,C:\Users\tyler\Desktop\BIBLE HUNT CODES\2019\19_deer_odds.pdf|C:\Users\tyler\Desktop\BIBLE HUNT CODES\2019\19_lifetime_deer.pdf|C:\Users\tyler\Desktop\BIBLE HUNT CODES\2019\19_youth_deer.pdf,91|92|93
DB1594,DB,2019,2018,NO,C:\Users\tyler\Desktop\BIBLE HUNT CODES\2019\19_deer_odds.pdf|C:\Users\tyler\Desktop\BIBLE HUNT CODES\2019\19_lifetime_deer.pdf|C:\Users\tyler\Desktop\BIBLE HUNT CODES\2019\19_youth_deer.pdf,92|93|94
DB1595,DB,2019,2018,NO,C:\Users\tyler\Desktop\BIBLE HUNT CODES\2019\19_deer_odds.pdf|C:\Users\tyler\Desktop\BIBLE HUNT CODES\2019\19_lifetime_deer.pdf|C:\Users\tyler\Desktop\BIBLE HUNT CODES\2019\19_youth_deer.pdf,93|94|95
DB1596,DB,2019,2018,NO,C:\Users\tyler\Desktop\BIBLE HUNT CODES\2019\19_deer_odds.pdf|C:\Users\tyler\Desktop\BIBLE HUNT CODES\2019\19_lifetime_deer.pdf|C:\Users\tyler\Desktop\BIBLE HUNT CODES\2019\19_youth_deer.pdf,94|95|96
DB1597,DB,2019,2018,NO,C:\Users\tyler\Desktop\BIBLE HUNT CODES\2019\19_deer_odds.pdf|C:\Users\tyler\Desktop\BIBLE HUNT CODES\2019\19_lifetime_deer.pdf|C:\Users\tyler\Desktop\BIBLE HUNT CODES\2019\19_youth_deer.pdf,95|96|97
DB1769,DB,2019,2018,NO,C:\Users\tyler\Desktop\BIBLE HUNT CODES\2019\19_dh_odds.pdf|C:\Users\tyler\Desktop\BIBLE HUNT CODES\2019\19_youth_dh_odds.pdf,2|3
DB1770,DB,2019,2018,NO,C:\Users\tyler\Desktop\BIBLE HUNT CODES\2019\19_dh_odds.pdf,4
DB1771,DB,2019,2018,NO,C:\Users\tyler\Desktop\BIBLE HUNT CODES\2019\19_dh_odds.pdf|C:\Users\tyler\Desktop\BIBLE HUNT CODES\2019\19_youth_dh_odds.pdf,3|5
DB1772,DB,2019,2018,NO,C:\Users\tyler\Desktop\BIBLE HUNT CODES\2019\19_dh_odds.pdf|C:\Users\tyler\Desktop\BIBLE HUNT CODES\2019\19_youth_dh_odds.pdf,4|6
DB1773,DB,2019,2018,NO,C:\Users\tyler\Desktop\BIBLE HUNT CODES\2019\19_dh_odds.pdf|C:\Users\tyler\Desktop\BIBLE HUNT CODES\2019\19_youth_dh_odds.pdf,5|7
DB1774,DB,2019,2018,NO,C:\Users\tyler\Desktop\BIBLE HUNT CODES\2019\19_dh_odds.pdf|C:\Users\tyler\Desktop\BIBLE HUNT CODES\2019\19_youth_dh_odds.pdf,6|8
DB1775,DB,2019,2018,NO,C:\Users\tyler\Desktop\BIBLE HUNT CODES\2019\19_dh_odds.pdf|C:\Users\tyler\Desktop\BIBLE HUNT CODES\2019\19_youth_dh_odds.pdf,7|9
DB1777,DB,2019,2018,NO,C:\Users\tyler\Desktop\BIBLE HUNT CODES\2019\19_dh_odds.pdf,10
DB1778,DB,2019,2018,NO,C:\Users\tyler\Desktop\BIBLE HUNT CODES\2019\19_dh_odds.pdf,11
DB1779,DB,2019,2018,NO,C:\Users\tyler\Desktop\BIBLE HUNT CODES\2019\19_dh_odds.pdf|C:\Users\tyler\Desktop\BIBLE HUNT CODES\2019\19_youth_dh_odds.pdf,8|12
DB1780,DB,2019,2018,NO,C:\Users\tyler\Desktop\BIBLE HUNT CODES\2019\19_dh_odds.pdf|C:\Users\tyler\Desktop\BIBLE HUNT CODES\2019\19_youth_dh_odds.pdf,9|13
DB1781,DB,2019,2018,NO,C:\Users\tyler\Desktop\BIBLE HUNT CODES\2019\19_dh_odds.pdf|C:\Users\tyler\Desktop\BIBLE HUNT CODES\2019\19_youth_dh_odds.pdf,10|14
DB1782,DB,2019,2018,NO,C:\Users\tyler\Desktop\BIBLE HUNT CODES\2019\19_dh_odds.pdf,15
DB1783,DB,2019,2018,NO,C:\Users\tyler\Desktop\BIBLE HUNT CODES\2019\19_dh_odds.pdf,16
DB1784,DB,2019,2018,NO,C:\Users\tyler\Desktop\BIBLE HUNT CODES\2019\19_dh_odds.pdf|C:\Users\tyler\Desktop\BIBLE HUNT CODES\2019\19_youth_dh_odds.pdf,11|17
DB1785,DB,2019,2018,NO,C:\Users\tyler\Desktop\BIBLE HUNT CODES\2019\19_dh_odds.pdf,18
DB1786,DB,2019,2018,NO,C:\Users\tyler\Desktop\BIBLE HUNT CODES\2019\19_dh_odds.pdf|C:\Users\tyler\Desktop\BIBLE HUNT CODES\2019\19_youth_dh_odds.pdf,12|19
DB1787,DB,2019,2018,NO,C:\Users\tyler\Desktop\BIBLE HUNT CODES\2019\19_dh_odds.pdf|C:\Users\tyler\Desktop\BIBLE HUNT CODES\2019\19_youth_dh_odds.pdf,13|20
DB1788,DB,2019,2018,NO,C:\Users\tyler\Desktop\BIBLE HUNT CODES\2019\19_dh_odds.pdf|C:\Users\tyler\Desktop\BIBLE HUNT CODES\2019\19_youth_dh_odds.pdf,14|21
DB1789,DB,2019,2018,NO,C:\Users\tyler\Desktop\BIBLE HUNT CODES\2019\19_dh_odds.pdf|C:\Users\tyler\Desktop\BIBLE HUNT CODES\2019\19_youth_dh_odds.pdf,15|22
DB1790,DB,2019,2018,NO,C:\Users\tyler\Desktop\BIBLE HUNT CODES\2019\19_dh_odds.pdf,23
DB1791,DB,2019,2018,NO,C:\Users\tyler\Desktop\BIBLE HUNT CODES\2019\19_dh_odds.pdf|C:\Users\tyler\Desktop\BIBLE HUNT CODES\2019\19_youth_dh_odds.pdf,16|24
DB1792,DB,2019,2018,NO,C:\Users\tyler\Desktop\BIBLE HUNT CODES\2019\19_dh_odds.pdf|C:\Users\tyler\Desktop\BIBLE HUNT CODES\2019\19_youth_dh_odds.pdf,17|25
DB1793,DB,2019,2018,NO,C:\Users\tyler\Desktop\BIBLE HUNT CODES\2019\19_dh_odds.pdf|C:\Users\tyler\Desktop\BIBLE HUNT CODES\2019\19_youth_dh_odds.pdf,18|26
DB1794,DB,2019,2018,NO,C:\Users\tyler\Desktop\BIBLE HUNT CODES\2019\19_dh_odds.pdf|C:\Users\tyler\Desktop\BIBLE HUNT CODES\2019\19_youth_dh_odds.pdf,19|27
DB1795,DB,2019,2018,NO,C:\Users\tyler\Desktop\BIBLE HUNT CODES\2019\19_dh_odds.pdf|C:\Users\tyler\Desktop\BIBLE HUNT CODES\2019\19_youth_dh_odds.pdf,20|28
DB1796,DB,2019,2018,NO,C:\Users\tyler\Desktop\BIBLE HUNT CODES\2019\19_dh_odds.pdf|C:\Users\tyler\Desktop\BIBLE HUNT CODES\2019\19_youth_dh_odds.pdf,21|29
DB1797,DB,2019,2018,NO,C:\Users\tyler\Desktop\BIBLE HUNT CODES\2019\19_dh_odds.pdf|C:\Users\tyler\Desktop\BIBLE HUNT CODES\2019\19_youth_dh_odds.pdf,22|30
DB1798,DB,2019,2018,NO,C:\Users\tyler\Desktop\BIBLE HUNT CODES\2019\19_dh_odds.pdf|C:\Users\tyler\Desktop\BIBLE HUNT CODES\2019\19_youth_dh_odds.pdf,23|31
DS6600,DS,2019,2018,NO,C:\Users\tyler\Desktop\BIBLE HUNT CODES\2019\19_bg-odds.pdf,505
DS6601,DS,2019,2018,NO,C:\Users\tyler\Desktop\BIBLE HUNT CODES\2019\19_bg-odds.pdf,506
DS6602,DS,2019,2018,NO,C:\Users\tyler\Desktop\BIBLE HUNT CODES\2019\19_bg-odds.pdf,507
DS6603,DS,2019,2018,NO,C:\Users\tyler\Desktop\BIBLE HUNT CODES\2019\19_bg-odds.pdf,508
DS6604,DS,2019,2018,NO,C:\Users\tyler\Desktop\BIBLE HUNT CODES\2019\19_bg-odds.pdf,509
DS6605,DS,2019,2018,NO,C:\Users\tyler\Desktop\BIBLE HUNT CODES\2019\19_bg-odds.pdf,510
DS6606,DS,2019,2018,NO,C:\Users\tyler\Desktop\BIBLE HUNT CODES\2019\19_bg-odds.pdf,511
DS6607,DS,2019,2018,NO,C:\Users\tyler\Desktop\BIBLE HUNT CODES\2019\19_bg-odds.pdf,512
DS6608,DS,2019,2018,NO,C:\Users\tyler\Desktop\BIBLE HUNT CODES\2019\19_bg-odds.pdf,513
DS6609,DS,2019,2018,NO,C:\Users\tyler\Desktop\BIBLE HUNT CODES\2019\19_bg-odds.pdf,514
DS6610,DS,2019,2018,NO,C:\Users\tyler\Desktop\BIBLE HUNT CODES\2019\19_bg-odds.pdf,515
DS6611,DS,2019,2018,NO,C:\Users\tyler\Desktop\BIBLE HUNT CODES\2019\19_bg-odds.pdf,516
DS6612,DS,2019,2018,NO,C:\Users\tyler\Desktop\BIBLE HUNT CODES\2019\19_bg-odds.pdf,517
DS6619,DS,2019,2018,NO,C:\Users\tyler\Desktop\BIBLE HUNT CODES\2019\19_bg-odds.pdf,518
EA1003,EA,2019,2018,NO,C:\Users\tyler\Desktop\BIBLE HUNT CODES\2019\19_antlerless_drawing_odds_report.pdf|C:\Users\tyler\Desktop\BIBLE HUNT CODES\2019\19_youth_antlerless_drawing_odds_report.pdf,39|42
EA1004,EA,2019,2018,NO,C:\Users\tyler\Desktop\BIBLE HUNT CODES\2019\19_antlerless_drawing_odds_report.pdf|C:\Users\tyler\Desktop\BIBLE HUNT CODES\2019\19_youth_antlerless_drawing_odds_report.pdf,40|43
EA1007,EA,2019,2018,NO,C:\Users\tyler\Desktop\BIBLE HUNT CODES\2019\19_antlerless_drawing_odds_report.pdf|C:\Users\tyler\Desktop\BIBLE HUNT CODES\2019\19_youth_antlerless_drawing_odds_report.pdf,41|44
EA1008,EA,2019,2018,NO,C:\Users\tyler\Desktop\BIBLE HUNT CODES\2019\19_antlerless_drawing_odds_report.pdf|C:\Users\tyler\Desktop\BIBLE HUNT CODES\2019\19_youth_antlerless_drawing_odds_report.pdf,42|45
EA1009,EA,2019,2018,NO,C:\Users\tyler\Desktop\BIBLE HUNT CODES\2019\19_antlerless_drawing_odds_report.pdf|C:\Users\tyler\Desktop\BIBLE HUNT CODES\2019\19_youth_antlerless_drawing_odds_report.pdf,43|46
EA1010,EA,2019,2018,NO,C:\Users\tyler\Desktop\BIBLE HUNT CODES\2019\19_antlerless_drawing_odds_report.pdf|C:\Users\tyler\Desktop\BIBLE HUNT CODES\2019\19_youth_antlerless_drawing_odds_report.pdf,44|47
EA1011,EA,2019,2018,NO,C:\Users\tyler\Desktop\BIBLE HUNT CODES\2019\19_antlerless_drawing_odds_report.pdf|C:\Users\tyler\Desktop\BIBLE HUNT CODES\2019\19_youth_antlerless_drawing_odds_report.pdf,45|48
EA1012,EA,2019,2018,NO,C:\Users\tyler\Desktop\BIBLE HUNT CODES\2019\19_antlerless_drawing_odds_report.pdf|C:\Users\tyler\Desktop\BIBLE HUNT CODES\2019\19_youth_antlerless_drawing_odds_report.pdf,46|49
EA1013,EA,2019,2018,NO,C:\Users\tyler\Desktop\BIBLE HUNT CODES\2019\19_antlerless_drawing_odds_report.pdf|C:\Users\tyler\Desktop\BIBLE HUNT CODES\2019\19_youth_antlerless_drawing_odds_report.pdf,47|50
EA1014,EA,2019,2018,NO,C:\Users\tyler\Desktop\BIBLE HUNT CODES\2019\19_antlerless_drawing_odds_report.pdf|C:\Users\tyler\Desktop\BIBLE HUNT CODES\2019\19_youth_antlerless_drawing_odds_report.pdf,48|51
EA1015,EA,2019,2018,NO,C:\Users\tyler\Desktop\BIBLE HUNT CODES\2019\19_antlerless_drawing_odds_report.pdf|C:\Users\tyler\Desktop\BIBLE HUNT CODES\2019\19_youth_antlerless_drawing_odds_report.pdf,49|52
EA1017,EA,2019,2018,NO,C:\Users\tyler\Desktop\BIBLE HUNT CODES\2019\19_antlerless_drawing_odds_report.pdf|C:\Users\tyler\Desktop\BIBLE HUNT CODES\2019\19_youth_antlerless_drawing_odds_report.pdf,50|53
EA1018,EA,2019,2018,NO,C:\Users\tyler\Desktop\BIBLE HUNT CODES\2019\19_antlerless_drawing_odds_report.pdf|C:\Users\tyler\Desktop\BIBLE HUNT CODES\2019\19_youth_antlerless_drawing_odds_report.pdf,51|54
EA1019,EA,2019,2018,NO,C:\Users\tyler\Desktop\BIBLE HUNT CODES\2019\19_antlerless_drawing_odds_report.pdf|C:\Users\tyler\Desktop\BIBLE HUNT CODES\2019\19_youth_antlerless_drawing_odds_report.pdf,52|55
EA1020,EA,2019,2018,NO,C:\Users\tyler\Desktop\BIBLE HUNT CODES\2019\19_antlerless_drawing_odds_report.pdf|C:\Users\tyler\Desktop\BIBLE HUNT CODES\2019\19_youth_antlerless_drawing_odds_report.pdf,53|56
EA1021,EA,2019,2018,NO,C:\Users\tyler\Desktop\BIBLE HUNT CODES\2019\19_antlerless_drawing_odds_report.pdf|C:\Users\tyler\Desktop\BIBLE HUNT CODES\2019\19_youth_antlerless_drawing_odds_report.pdf,54|57
EA1022,EA,2019,2018,NO,C:\Users\tyler\Desktop\BIBLE HUNT CODES\2019\19_antlerless_drawing_odds_report.pdf|C:\Users\tyler\Desktop\BIBLE HUNT CODES\2019\19_youth_antlerless_drawing_odds_report.pdf,55|58
EA1023,EA,2019,2018,NO,C:\Users\tyler\Desktop\BIBLE HUNT CODES\2019\19_antlerless_drawing_odds_report.pdf|C:\Users\tyler\Desktop\BIBLE HUNT CODES\2019\19_youth_antlerless_drawing_odds_report.pdf,56|59
EA1024,EA,2019,2018,NO,C:\Users\tyler\Desktop\BIBLE HUNT CODES\2019\19_antlerless_drawing_odds_report.pdf|C:\Users\tyler\Desktop\BIBLE HUNT CODES\2019\19_youth_antlerless_drawing_odds_report.pdf,57|60
EA1025,EA,2019,2018,NO,C:\Users\tyler\Desktop\BIBLE HUNT CODES\2019\19_antlerless_drawing_odds_report.pdf|C:\Users\tyler\Desktop\BIBLE HUNT CODES\2019\19_youth_antlerless_drawing_odds_report.pdf,58|61
EA1026,EA,2019,2018,NO,C:\Users\tyler\Desktop\BIBLE HUNT CODES\2019\19_antlerless_drawing_odds_report.pdf|C:\Users\tyler\Desktop\BIBLE HUNT CODES\2019\19_youth_antlerless_drawing_odds_report.pdf,59|62
EA1027,EA,2019,2018,NO,C:\Users\tyler\Desktop\BIBLE HUNT CODES\2019\19_antlerless_drawing_odds_report.pdf|C:\Users\tyler\Desktop\BIBLE HUNT CODES\2019\19_youth_antlerless_drawing_odds_report.pdf,60|63
EA1028,EA,2019,2018,NO,C:\Users\tyler\Desktop\BIBLE HUNT CODES\2019\19_antlerless_drawing_odds_report.pdf|C:\Users\tyler\Desktop\BIBLE HUNT CODES\2019\19_youth_antlerless_drawing_odds_report.pdf,61|64
EA1029,EA,2019,2018,NO,C:\Users\tyler\Desktop\BIBLE HUNT CODES\2019\19_antlerless_drawing_odds_report.pdf|C:\Users\tyler\Desktop\BIBLE HUNT CODES\2019\19_youth_antlerless_drawing_odds_report.pdf,62|65
EA1030,EA,2019,2018,NO,C:\Users\tyler\Desktop\BIBLE HUNT CODES\2019\19_antlerless_drawing_odds_report.pdf|C:\Users\tyler\Desktop\BIBLE HUNT CODES\2019\19_youth_antlerless_drawing_odds_report.pdf,63|66
EA1031,EA,2019,2018,NO,C:\Users\tyler\Desktop\BIBLE HUNT CODES\2019\19_antlerless_drawing_odds_report.pdf|C:\Users\tyler\Desktop\BIBLE HUNT CODES\2019\19_youth_antlerless_drawing_odds_report.pdf,64|67
EA1033,EA,2019,2018,NO,C:\Users\tyler\Desktop\BIBLE HUNT CODES\2019\19_antlerless_drawing_odds_report.pdf|C:\Users\tyler\Desktop\BIBLE HUNT CODES\2019\19_youth_antlerless_drawing_odds_report.pdf,65|68
EA1034,EA,2019,2018,NO,C:\Users\tyler\Desktop\BIBLE HUNT CODES\2019\19_antlerless_drawing_odds_report.pdf|C:\Users\tyler\Desktop\BIBLE HUNT CODES\2019\19_youth_antlerless_drawing_odds_report.pdf,66|69
EA1035,EA,2019,2018,NO,C:\Users\tyler\Desktop\BIBLE HUNT CODES\2019\19_antlerless_drawing_odds_report.pdf|C:\Users\tyler\Desktop\BIBLE HUNT CODES\2019\19_youth_antlerless_drawing_odds_report.pdf,67|70
EA1036,EA,2019,2018,NO,C:\Users\tyler\Desktop\BIBLE HUNT CODES\2019\19_antlerless_drawing_odds_report.pdf|C:\Users\tyler\Desktop\BIBLE HUNT CODES\2019\19_youth_antlerless_drawing_odds_report.pdf,68|71
EA1037,EA,2019,2018,NO,C:\Users\tyler\Desktop\BIBLE HUNT CODES\2019\19_antlerless_drawing_odds_report.pdf|C:\Users\tyler\Desktop\BIBLE HUNT CODES\2019\19_youth_antlerless_drawing_odds_report.pdf,69|72
EA1038,EA,2019,2018,NO,C:\Users\tyler\Desktop\BIBLE HUNT CODES\2019\19_antlerless_drawing_odds_report.pdf|C:\Users\tyler\Desktop\BIBLE HUNT CODES\2019\19_youth_antlerless_drawing_odds_report.pdf,70|73
EA1039,EA,2019,2018,NO,C:\Users\tyler\Desktop\BIBLE HUNT CODES\2019\19_antlerless_drawing_odds_report.pdf|C:\Users\tyler\Desktop\BIBLE HUNT CODES\2019\19_youth_antlerless_drawing_odds_report.pdf,71|74
EA1040,EA,2019,2018,NO,C:\Users\tyler\Desktop\BIBLE HUNT CODES\2019\19_antlerless_drawing_odds_report.pdf|C:\Users\tyler\Desktop\BIBLE HUNT CODES\2019\19_youth_antlerless_drawing_odds_report.pdf,72|75
EA1042,EA,2019,2018,NO,C:\Users\tyler\Desktop\BIBLE HUNT CODES\2019\19_antlerless_drawing_odds_report.pdf,76
EA1044,EA,2019,2018,NO,C:\Users\tyler\Desktop\BIBLE HUNT CODES\2019\19_antlerless_drawing_odds_report.pdf,77
EA1045,EA,2019,2018,NO,C:\Users\tyler\Desktop\BIBLE HUNT CODES\2019\19_antlerless_drawing_odds_report.pdf,78
EA1046,EA,2019,2018,NO,C:\Users\tyler\Desktop\BIBLE HUNT CODES\2019\19_antlerless_drawing_odds_report.pdf,79
EA1047,EA,2019,2018,NO,C:\Users\tyler\Desktop\BIBLE HUNT CODES\2019\19_antlerless_drawing_odds_report.pdf|C:\Users\tyler\Desktop\BIBLE HUNT CODES\2019\19_youth_antlerless_drawing_odds_report.pdf,73|80
EA1048,EA,2019,2018,NO,C:\Users\tyler\Desktop\BIBLE HUNT CODES\2019\19_antlerless_drawing_odds_report.pdf|C:\Users\tyler\Desktop\BIBLE HUNT CODES\2019\19_youth_antlerless_drawing_odds_report.pdf,74|81
EA1049,EA,2019,2018,NO,C:\Users\tyler\Desktop\BIBLE HUNT CODES\2019\19_antlerless_drawing_odds_report.pdf,82
EA1050,EA,2019,2018,NO,C:\Users\tyler\Desktop\BIBLE HUNT CODES\2019\19_antlerless_drawing_odds_report.pdf|C:\Users\tyler\Desktop\BIBLE HUNT CODES\2019\19_youth_antlerless_drawing_odds_report.pdf,75|83
EA1051,EA,2019,2018,NO,C:\Users\tyler\Desktop\BIBLE HUNT CODES\2019\19_antlerless_drawing_odds_report.pdf|C:\Users\tyler\Desktop\BIBLE HUNT CODES\2019\19_youth_antlerless_drawing_odds_report.pdf,76|84
EA1052,EA,2019,2018,NO,C:\Users\tyler\Desktop\BIBLE HUNT CODES\2019\19_antlerless_drawing_odds_report.pdf|C:\Users\tyler\Desktop\BIBLE HUNT CODES\2019\19_youth_antlerless_drawing_odds_report.pdf,77|85
EA1054,EA,2019,2018,NO,C:\Users\tyler\Desktop\BIBLE HUNT CODES\2019\19_antlerless_drawing_odds_report.pdf|C:\Users\tyler\Desktop\BIBLE HUNT CODES\2019\19_youth_antlerless_drawing_odds_report.pdf,78|86
EA1055,EA,2019,2018,NO,C:\Users\tyler\Desktop\BIBLE HUNT CODES\2019\19_antlerless_drawing_odds_report.pdf|C:\Users\tyler\Desktop\BIBLE HUNT CODES\2019\19_youth_antlerless_drawing_odds_report.pdf,79|87
EA1056,EA,2019,2018,NO,C:\Users\tyler\Desktop\BIBLE HUNT CODES\2019\19_antlerless_drawing_odds_report.pdf|C:\Users\tyler\Desktop\BIBLE HUNT CODES\2019\19_youth_antlerless_drawing_odds_report.pdf,80|88
EA1058,EA,2019,2018,NO,C:\Users\tyler\Desktop\BIBLE HUNT CODES\2019\19_antlerless_drawing_odds_report.pdf|C:\Users\tyler\Desktop\BIBLE HUNT CODES\2019\19_youth_antlerless_drawing_odds_report.pdf,81|89
EA1059,EA,2019,2018,NO,C:\Users\tyler\Desktop\BIBLE HUNT CODES\2019\19_antlerless_drawing_odds_report.pdf|C:\Users\tyler\Desktop\BIBLE HUNT CODES\2019\19_youth_antlerless_drawing_odds_report.pdf,82|90
EA1060,EA,2019,2018,NO,C:\Users\tyler\Desktop\BIBLE HUNT CODES\2019\19_antlerless_drawing_odds_report.pdf|C:\Users\tyler\Desktop\BIBLE HUNT CODES\2019\19_youth_antlerless_drawing_odds_report.pdf,83|91
EA1061,EA,2019,2018,NO,C:\Users\tyler\Desktop\BIBLE HUNT CODES\2019\19_antlerless_drawing_odds_report.pdf|C:\Users\tyler\Desktop\BIBLE HUNT CODES\2019\19_youth_antlerless_drawing_odds_report.pdf,84|92
EA1062,EA,2019,2018,NO,C:\Users\tyler\Desktop\BIBLE HUNT CODES\2019\19_antlerless_drawing_odds_report.pdf|C:\Users\tyler\Desktop\BIBLE HUNT CODES\2019\19_youth_antlerless_drawing_odds_report.pdf,85|93
EA1063,EA,2019,2018,NO,C:\Users\tyler\Desktop\BIBLE HUNT CODES\2019\19_antlerless_drawing_odds_report.pdf|C:\Users\tyler\Desktop\BIBLE HUNT CODES\2019\19_youth_antlerless_drawing_odds_report.pdf,86|94
EA1064,EA,2019,2018,NO,C:\Users\tyler\Desktop\BIBLE HUNT CODES\2019\19_antlerless_drawing_odds_report.pdf|C:\Users\tyler\Desktop\BIBLE HUNT CODES\2019\19_youth_antlerless_drawing_odds_report.pdf,87|95
EA1066,EA,2019,2018,NO,C:\Users\tyler\Desktop\BIBLE HUNT CODES\2019\19_antlerless_drawing_odds_report.pdf|C:\Users\tyler\Desktop\BIBLE HUNT CODES\2019\19_youth_antlerless_drawing_odds_report.pdf,88|96
EA1067,EA,2019,2018,NO,C:\Users\tyler\Desktop\BIBLE HUNT CODES\2019\19_antlerless_drawing_odds_report.pdf|C:\Users\tyler\Desktop\BIBLE HUNT CODES\2019\19_youth_antlerless_drawing_odds_report.pdf,89|97
EA1068,EA,2019,2018,NO,C:\Users\tyler\Desktop\BIBLE HUNT CODES\2019\19_antlerless_drawing_odds_report.pdf|C:\Users\tyler\Desktop\BIBLE HUNT CODES\2019\19_youth_antlerless_drawing_odds_report.pdf,90|98
EA1069,EA,2019,2018,NO,C:\Users\tyler\Desktop\BIBLE HUNT CODES\2019\19_antlerless_drawing_odds_report.pdf|C:\Users\tyler\Desktop\BIBLE HUNT CODES\2019\19_youth_antlerless_drawing_odds_report.pdf,91|99
EA1073,EA,2019,2018,NO,C:\Users\tyler\Desktop\BIBLE HUNT CODES\2019\19_antlerless_drawing_odds_report.pdf|C:\Users\tyler\Desktop\BIBLE HUNT CODES\2019\19_youth_antlerless_drawing_odds_report.pdf,92|100
EA1074,EA,2019,2018,NO,C:\Users\tyler\Desktop\BIBLE HUNT CODES\2019\19_antlerless_drawing_odds_report.pdf|C:\Users\tyler\Desktop\BIBLE HUNT CODES\2019\19_youth_antlerless_drawing_odds_report.pdf,93|101
EA1075,EA,2019,2018,NO,C:\Users\tyler\Desktop\BIBLE HUNT CODES\2019\19_antlerless_drawing_odds_report.pdf|C:\Users\tyler\Desktop\BIBLE HUNT CODES\2019\19_youth_antlerless_drawing_odds_report.pdf,94|102
EA1076,EA,2019,2018,NO,C:\Users\tyler\Desktop\BIBLE HUNT CODES\2019\19_antlerless_drawing_odds_report.pdf|C:\Users\tyler\Desktop\BIBLE HUNT CODES\2019\19_youth_antlerless_drawing_odds_report.pdf,95|103
EA1077,EA,2019,2018,NO,C:\Users\tyler\Desktop\BIBLE HUNT CODES\2019\19_antlerless_drawing_odds_report.pdf|C:\Users\tyler\Desktop\BIBLE HUNT CODES\2019\19_youth_antlerless_drawing_odds_report.pdf,96|104
EA1078,EA,2019,2018,NO,C:\Users\tyler\Desktop\BIBLE HUNT CODES\2019\19_antlerless_drawing_odds_report.pdf|C:\Users\tyler\Desktop\BIBLE HUNT CODES\2019\19_youth_antlerless_drawing_odds_report.pdf,97|105
EA1079,EA,2019,2018,NO,C:\Users\tyler\Desktop\BIBLE HUNT CODES\2019\19_antlerless_drawing_odds_report.pdf|C:\Users\tyler\Desktop\BIBLE HUNT CODES\2019\19_youth_antlerless_drawing_odds_report.pdf,98|106
EA1080,EA,2019,2018,NO,C:\Users\tyler\Desktop\BIBLE HUNT CODES\2019\19_antlerless_drawing_odds_report.pdf|C:\Users\tyler\Desktop\BIBLE HUNT CODES\2019\19_youth_antlerless_drawing_odds_report.pdf,99|107
EA1081,EA,2019,2018,NO,C:\Users\tyler\Desktop\BIBLE HUNT CODES\2019\19_antlerless_drawing_odds_report.pdf|C:\Users\tyler\Desktop\BIBLE HUNT CODES\2019\19_youth_antlerless_drawing_odds_report.pdf,100|108
EA1084,EA,2019,2018,NO,C:\Users\tyler\Desktop\BIBLE HUNT CODES\2019\19_antlerless_drawing_odds_report.pdf,109
EA1085,EA,2019,2018,NO,C:\Users\tyler\Desktop\BIBLE HUNT CODES\2019\19_antlerless_drawing_odds_report.pdf|C:\Users\tyler\Desktop\BIBLE HUNT CODES\2019\19_youth_antlerless_drawing_odds_report.pdf,101|110
EA1087,EA,2019,2018,NO,C:\Users\tyler\Desktop\BIBLE HUNT CODES\2019\19_antlerless_drawing_odds_report.pdf|C:\Users\tyler\Desktop\BIBLE HUNT CODES\2019\19_youth_antlerless_drawing_odds_report.pdf,102|111
EA1089,EA,2019,2018,NO,C:\Users\tyler\Desktop\BIBLE HUNT CODES\2019\19_antlerless_drawing_odds_report.pdf|C:\Users\tyler\Desktop\BIBLE HUNT CODES\2019\19_youth_antlerless_drawing_odds_report.pdf,103|112
EA1090,EA,2019,2018,NO,C:\Users\tyler\Desktop\BIBLE HUNT CODES\2019\19_antlerless_drawing_odds_report.pdf|C:\Users\tyler\Desktop\BIBLE HUNT CODES\2019\19_youth_antlerless_drawing_odds_report.pdf,104|113
EA1091,EA,2019,2018,NO,C:\Users\tyler\Desktop\BIBLE HUNT CODES\2019\19_antlerless_drawing_odds_report.pdf|C:\Users\tyler\Desktop\BIBLE HUNT CODES\2019\19_youth_antlerless_drawing_odds_report.pdf,105|114
EA1092,EA,2019,2018,NO,C:\Users\tyler\Desktop\BIBLE HUNT CODES\2019\19_antlerless_drawing_odds_report.pdf|C:\Users\tyler\Desktop\BIBLE HUNT CODES\2019\19_youth_antlerless_drawing_odds_report.pdf,106|115
EA1093,EA,2019,2018,NO,C:\Users\tyler\Desktop\BIBLE HUNT CODES\2019\19_antlerless_drawing_odds_report.pdf|C:\Users\tyler\Desktop\BIBLE HUNT CODES\2019\19_youth_antlerless_drawing_odds_report.pdf,107|116
EA1094,EA,2019,2018,NO,C:\Users\tyler\Desktop\BIBLE HUNT CODES\2019\19_antlerless_drawing_odds_report.pdf|C:\Users\tyler\Desktop\BIBLE HUNT CODES\2019\19_youth_antlerless_drawing_odds_report.pdf,108|117
EA1098,EA,2019,2018,NO,C:\Users\tyler\Desktop\BIBLE HUNT CODES\2019\19_antlerless_drawing_odds_report.pdf|C:\Users\tyler\Desktop\BIBLE HUNT CODES\2019\19_youth_antlerless_drawing_odds_report.pdf,109|118
EA1099,EA,2019,2018,NO,C:\Users\tyler\Desktop\BIBLE HUNT CODES\2019\19_antlerless_drawing_odds_report.pdf|C:\Users\tyler\Desktop\BIBLE HUNT CODES\2019\19_youth_antlerless_drawing_odds_report.pdf,110|119
EA1100,EA,2019,2018,NO,C:\Users\tyler\Desktop\BIBLE HUNT CODES\2019\19_antlerless_drawing_odds_report.pdf|C:\Users\tyler\Desktop\BIBLE HUNT CODES\2019\19_youth_antlerless_drawing_odds_report.pdf,111|120
EA1101,EA,2019,2018,NO,C:\Users\tyler\Desktop\BIBLE HUNT CODES\2019\19_antlerless_drawing_odds_report.pdf|C:\Users\tyler\Desktop\BIBLE HUNT CODES\2019\19_youth_antlerless_drawing_odds_report.pdf,112|121
EA1102,EA,2019,2018,NO,C:\Users\tyler\Desktop\BIBLE HUNT CODES\2019\19_antlerless_drawing_odds_report.pdf|C:\Users\tyler\Desktop\BIBLE HUNT CODES\2019\19_youth_antlerless_drawing_odds_report.pdf,113|122
EA1103,EA,2019,2018,NO,C:\Users\tyler\Desktop\BIBLE HUNT CODES\2019\19_antlerless_drawing_odds_report.pdf,123
EA1104,EA,2019,2018,NO,C:\Users\tyler\Desktop\BIBLE HUNT CODES\2019\19_antlerless_drawing_odds_report.pdf|C:\Users\tyler\Desktop\BIBLE HUNT CODES\2019\19_youth_antlerless_drawing_odds_report.pdf,114|124
EA1110,EA,2019,2018,NO,C:\Users\tyler\Desktop\BIBLE HUNT CODES\2019\19_antlerless_drawing_odds_report.pdf|C:\Users\tyler\Desktop\BIBLE HUNT CODES\2019\19_youth_antlerless_drawing_odds_report.pdf,115|125
EA1111,EA,2019,2018,NO,C:\Users\tyler\Desktop\BIBLE HUNT CODES\2019\19_antlerless_drawing_odds_report.pdf|C:\Users\tyler\Desktop\BIBLE HUNT CODES\2019\19_youth_antlerless_drawing_odds_report.pdf,116|126
EA1112,EA,2019,2018,NO,C:\Users\tyler\Desktop\BIBLE HUNT CODES\2019\19_antlerless_drawing_odds_report.pdf|C:\Users\tyler\Desktop\BIBLE HUNT CODES\2019\19_youth_antlerless_drawing_odds_report.pdf,117|127
EA1113,EA,2019,2018,NO,C:\Users\tyler\Desktop\BIBLE HUNT CODES\2019\19_antlerless_drawing_odds_report.pdf|C:\Users\tyler\Desktop\BIBLE HUNT CODES\2019\19_youth_antlerless_drawing_odds_report.pdf,118|128
EA1114,EA,2019,2018,NO,C:\Users\tyler\Desktop\BIBLE HUNT CODES\2019\19_antlerless_drawing_odds_report.pdf|C:\Users\tyler\Desktop\BIBLE HUNT CODES\2019\19_youth_antlerless_drawing_odds_report.pdf,119|129
EA1116,EA,2019,2018,NO,C:\Users\tyler\Desktop\BIBLE HUNT CODES\2019\19_antlerless_drawing_odds_report.pdf|C:\Users\tyler\Desktop\BIBLE HUNT CODES\2019\19_youth_antlerless_drawing_odds_report.pdf,120|130
EA1117,EA,2019,2018,NO,C:\Users\tyler\Desktop\BIBLE HUNT CODES\2019\19_antlerless_drawing_odds_report.pdf|C:\Users\tyler\Desktop\BIBLE HUNT CODES\2019\19_youth_antlerless_drawing_odds_report.pdf,121|131
EA1118,EA,2019,2018,NO,C:\Users\tyler\Desktop\BIBLE HUNT CODES\2019\19_antlerless_drawing_odds_report.pdf|C:\Users\tyler\Desktop\BIBLE HUNT CODES\2019\19_youth_antlerless_drawing_odds_report.pdf,122|132
EA1119,EA,2019,2018,NO,C:\Users\tyler\Desktop\BIBLE HUNT CODES\2019\19_antlerless_drawing_odds_report.pdf|C:\Users\tyler\Desktop\BIBLE HUNT CODES\2019\19_youth_antlerless_drawing_odds_report.pdf,123|133
EA1120,EA,2019,2018,NO,C:\Users\tyler\Desktop\BIBLE HUNT CODES\2019\19_antlerless_drawing_odds_report.pdf|C:\Users\tyler\Desktop\BIBLE HUNT CODES\2019\19_youth_antlerless_drawing_odds_report.pdf,124|134
EA1121,EA,2019,2018,NO,C:\Users\tyler\Desktop\BIBLE HUNT CODES\2019\19_antlerless_drawing_odds_report.pdf|C:\Users\tyler\Desktop\BIBLE HUNT CODES\2019\19_youth_antlerless_drawing_odds_report.pdf,125|135
EA1122,EA,2019,2018,NO,C:\Users\tyler\Desktop\BIBLE HUNT CODES\2019\19_antlerless_drawing_odds_report.pdf|C:\Users\tyler\Desktop\BIBLE HUNT CODES\2019\19_youth_antlerless_drawing_odds_report.pdf,126|136
EA1124,EA,2019,2018,NO,C:\Users\tyler\Desktop\BIBLE HUNT CODES\2019\19_antlerless_drawing_odds_report.pdf|C:\Users\tyler\Desktop\BIBLE HUNT CODES\2019\19_youth_antlerless_drawing_odds_report.pdf,127|137
EA1125,EA,2019,2018,NO,C:\Users\tyler\Desktop\BIBLE HUNT CODES\2019\19_antlerless_drawing_odds_report.pdf|C:\Users\tyler\Desktop\BIBLE HUNT CODES\2019\19_youth_antlerless_drawing_odds_report.pdf,128|138
EA1126,EA,2019,2018,NO,C:\Users\tyler\Desktop\BIBLE HUNT CODES\2019\19_antlerless_drawing_odds_report.pdf,139
EA1127,EA,2019,2018,NO,C:\Users\tyler\Desktop\BIBLE HUNT CODES\2019\19_antlerless_drawing_odds_report.pdf|C:\Users\tyler\Desktop\BIBLE HUNT CODES\2019\19_youth_antlerless_drawing_odds_report.pdf,129|140
EA1129,EA,2019,2018,NO,C:\Users\tyler\Desktop\BIBLE HUNT CODES\2019\19_antlerless_drawing_odds_report.pdf|C:\Users\tyler\Desktop\BIBLE HUNT CODES\2019\19_youth_antlerless_drawing_odds_report.pdf,130|141
EA1130,EA,2019,2018,NO,C:\Users\tyler\Desktop\BIBLE HUNT CODES\2019\19_antlerless_drawing_odds_report.pdf|C:\Users\tyler\Desktop\BIBLE HUNT CODES\2019\19_youth_antlerless_drawing_odds_report.pdf,131|142
EA1131,EA,2019,2018,NO,C:\Users\tyler\Desktop\BIBLE HUNT CODES\2019\19_antlerless_drawing_odds_report.pdf|C:\Users\tyler\Desktop\BIBLE HUNT CODES\2019\19_youth_antlerless_drawing_odds_report.pdf,132|143
EA1132,EA,2019,2018,NO,C:\Users\tyler\Desktop\BIBLE HUNT CODES\2019\19_antlerless_drawing_odds_report.pdf|C:\Users\tyler\Desktop\BIBLE HUNT CODES\2019\19_youth_antlerless_drawing_odds_report.pdf,133|144
EA1134,EA,2019,2018,NO,C:\Users\tyler\Desktop\BIBLE HUNT CODES\2019\19_antlerless_drawing_odds_report.pdf|C:\Users\tyler\Desktop\BIBLE HUNT CODES\2019\19_youth_antlerless_drawing_odds_report.pdf,134|145
EA1135,EA,2019,2018,NO,C:\Users\tyler\Desktop\BIBLE HUNT CODES\2019\19_antlerless_drawing_odds_report.pdf|C:\Users\tyler\Desktop\BIBLE HUNT CODES\2019\19_youth_antlerless_drawing_odds_report.pdf,135|146
EA1136,EA,2019,2018,NO,C:\Users\tyler\Desktop\BIBLE HUNT CODES\2019\19_antlerless_drawing_odds_report.pdf|C:\Users\tyler\Desktop\BIBLE HUNT CODES\2019\19_youth_antlerless_drawing_odds_report.pdf,136|147
EA1137,EA,2019,2018,NO,C:\Users\tyler\Desktop\BIBLE HUNT CODES\2019\19_antlerless_drawing_odds_report.pdf|C:\Users\tyler\Desktop\BIBLE HUNT CODES\2019\19_youth_antlerless_drawing_odds_report.pdf,137|148
EA1138,EA,2019,2018,NO,C:\Users\tyler\Desktop\BIBLE HUNT CODES\2019\19_antlerless_drawing_odds_report.pdf|C:\Users\tyler\Desktop\BIBLE HUNT CODES\2019\19_youth_antlerless_drawing_odds_report.pdf,138|149
EA1139,EA,2019,2018,NO,C:\Users\tyler\Desktop\BIBLE HUNT CODES\2019\19_antlerless_drawing_odds_report.pdf|C:\Users\tyler\Desktop\BIBLE HUNT CODES\2019\19_youth_antlerless_drawing_odds_report.pdf,139|150
EA1140,EA,2019,2018,NO,C:\Users\tyler\Desktop\BIBLE HUNT CODES\2019\19_antlerless_drawing_odds_report.pdf|C:\Users\tyler\Desktop\BIBLE HUNT CODES\2019\19_youth_antlerless_drawing_odds_report.pdf,140|151
EA1141,EA,2019,2018,NO,C:\Users\tyler\Desktop\BIBLE HUNT CODES\2019\19_antlerless_drawing_odds_report.pdf|C:\Users\tyler\Desktop\BIBLE HUNT CODES\2019\19_youth_antlerless_drawing_odds_report.pdf,141|152
EA1142,EA,2019,2018,NO,C:\Users\tyler\Desktop\BIBLE HUNT CODES\2019\19_antlerless_drawing_odds_report.pdf|C:\Users\tyler\Desktop\BIBLE HUNT CODES\2019\19_youth_antlerless_drawing_odds_report.pdf,142|153
EA1143,EA,2019,2018,NO,C:\Users\tyler\Desktop\BIBLE HUNT CODES\2019\19_antlerless_drawing_odds_report.pdf|C:\Users\tyler\Desktop\BIBLE HUNT CODES\2019\19_youth_antlerless_drawing_odds_report.pdf,143|154
EA1145,EA,2019,2018,NO,C:\Users\tyler\Desktop\BIBLE HUNT CODES\2019\19_antlerless_drawing_odds_report.pdf|C:\Users\tyler\Desktop\BIBLE HUNT CODES\2019\19_youth_antlerless_drawing_odds_report.pdf,144|155
EA1146,EA,2019,2018,NO,C:\Users\tyler\Desktop\BIBLE HUNT CODES\2019\19_antlerless_drawing_odds_report.pdf|C:\Users\tyler\Desktop\BIBLE HUNT CODES\2019\19_youth_antlerless_drawing_odds_report.pdf,145|156
EA1147,EA,2019,2018,NO,C:\Users\tyler\Desktop\BIBLE HUNT CODES\2019\19_antlerless_drawing_odds_report.pdf|C:\Users\tyler\Desktop\BIBLE HUNT CODES\2019\19_youth_antlerless_drawing_odds_report.pdf,146|157
EA1148,EA,2019,2018,NO,C:\Users\tyler\Desktop\BIBLE HUNT CODES\2019\19_antlerless_drawing_odds_report.pdf|C:\Users\tyler\Desktop\BIBLE HUNT CODES\2019\19_youth_antlerless_drawing_odds_report.pdf,147|158
EA1149,EA,2019,2018,NO,C:\Users\tyler\Desktop\BIBLE HUNT CODES\2019\19_antlerless_drawing_odds_report.pdf|C:\Users\tyler\Desktop\BIBLE HUNT CODES\2019\19_youth_antlerless_drawing_odds_report.pdf,148|159
EA1151,EA,2019,2018,NO,C:\Users\tyler\Desktop\BIBLE HUNT CODES\2019\19_antlerless_drawing_odds_report.pdf|C:\Users\tyler\Desktop\BIBLE HUNT CODES\2019\19_youth_antlerless_drawing_odds_report.pdf,149|160
EA1152,EA,2019,2018,NO,C:\Users\tyler\Desktop\BIBLE HUNT CODES\2019\19_antlerless_drawing_odds_report.pdf,161
EA1153,EA,2019,2018,NO,C:\Users\tyler\Desktop\BIBLE HUNT CODES\2019\19_antlerless_drawing_odds_report.pdf|C:\Users\tyler\Desktop\BIBLE HUNT CODES\2019\19_youth_antlerless_drawing_odds_report.pdf,150|162
EA1155,EA,2019,2018,NO,C:\Users\tyler\Desktop\BIBLE HUNT CODES\2019\19_antlerless_drawing_odds_report.pdf|C:\Users\tyler\Desktop\BIBLE HUNT CODES\2019\19_youth_antlerless_drawing_odds_report.pdf,151|163
EA1156,EA,2019,2018,NO,C:\Users\tyler\Desktop\BIBLE HUNT CODES\2019\19_antlerless_drawing_odds_report.pdf|C:\Users\tyler\Desktop\BIBLE HUNT CODES\2019\19_youth_antlerless_drawing_odds_report.pdf,152|164
EA1157,EA,2019,2018,NO,C:\Users\tyler\Desktop\BIBLE HUNT CODES\2019\19_antlerless_drawing_odds_report.pdf|C:\Users\tyler\Desktop\BIBLE HUNT CODES\2019\19_youth_antlerless_drawing_odds_report.pdf,153|165
EA1158,EA,2019,2018,NO,C:\Users\tyler\Desktop\BIBLE HUNT CODES\2019\19_antlerless_drawing_odds_report.pdf,166
EA1159,EA,2019,2018,NO,C:\Users\tyler\Desktop\BIBLE HUNT CODES\2019\19_antlerless_drawing_odds_report.pdf|C:\Users\tyler\Desktop\BIBLE HUNT CODES\2019\19_youth_antlerless_drawing_odds_report.pdf,154|167
EA1160,EA,2019,2018,NO,C:\Users\tyler\Desktop\BIBLE HUNT CODES\2019\19_antlerless_drawing_odds_report.pdf|C:\Users\tyler\Desktop\BIBLE HUNT CODES\2019\19_youth_antlerless_drawing_odds_report.pdf,155|168
EA1161,EA,2019,2018,NO,C:\Users\tyler\Desktop\BIBLE HUNT CODES\2019\19_antlerless_drawing_odds_report.pdf|C:\Users\tyler\Desktop\BIBLE HUNT CODES\2019\19_youth_antlerless_drawing_odds_report.pdf,156|169
EA1162,EA,2019,2018,NO,C:\Users\tyler\Desktop\BIBLE HUNT CODES\2019\19_antlerless_drawing_odds_report.pdf|C:\Users\tyler\Desktop\BIBLE HUNT CODES\2019\19_youth_antlerless_drawing_odds_report.pdf,157|170
EA1163,EA,2019,2018,NO,C:\Users\tyler\Desktop\BIBLE HUNT CODES\2019\19_antlerless_drawing_odds_report.pdf|C:\Users\tyler\Desktop\BIBLE HUNT CODES\2019\19_youth_antlerless_drawing_odds_report.pdf,158|171
EA1164,EA,2019,2018,NO,C:\Users\tyler\Desktop\BIBLE HUNT CODES\2019\19_antlerless_drawing_odds_report.pdf|C:\Users\tyler\Desktop\BIBLE HUNT CODES\2019\19_youth_antlerless_drawing_odds_report.pdf,159|172
EA1165,EA,2019,2018,NO,C:\Users\tyler\Desktop\BIBLE HUNT CODES\2019\19_antlerless_drawing_odds_report.pdf|C:\Users\tyler\Desktop\BIBLE HUNT CODES\2019\19_youth_antlerless_drawing_odds_report.pdf,160|173
EA1166,EA,2019,2018,NO,C:\Users\tyler\Desktop\BIBLE HUNT CODES\2019\19_antlerless_drawing_odds_report.pdf|C:\Users\tyler\Desktop\BIBLE HUNT CODES\2019\19_youth_antlerless_drawing_odds_report.pdf,161|174
EA1167,EA,2019,2018,NO,C:\Users\tyler\Desktop\BIBLE HUNT CODES\2019\19_antlerless_drawing_odds_report.pdf|C:\Users\tyler\Desktop\BIBLE HUNT CODES\2019\19_youth_antlerless_drawing_odds_report.pdf,162|175
EA1168,EA,2019,2018,NO,C:\Users\tyler\Desktop\BIBLE HUNT CODES\2019\19_antlerless_drawing_odds_report.pdf|C:\Users\tyler\Desktop\BIBLE HUNT CODES\2019\19_youth_antlerless_drawing_odds_report.pdf,163|176
EA1170,EA,2019,2018,NO,C:\Users\tyler\Desktop\BIBLE HUNT CODES\2019\19_antlerless_drawing_odds_report.pdf|C:\Users\tyler\Desktop\BIBLE HUNT CODES\2019\19_youth_antlerless_drawing_odds_report.pdf,164|177
EA1172,EA,2019,2018,NO,C:\Users\tyler\Desktop\BIBLE HUNT CODES\2019\19_antlerless_drawing_odds_report.pdf|C:\Users\tyler\Desktop\BIBLE HUNT CODES\2019\19_youth_antlerless_drawing_odds_report.pdf,165|178
EA1174,EA,2019,2018,NO,C:\Users\tyler\Desktop\BIBLE HUNT CODES\2019\19_antlerless_drawing_odds_report.pdf|C:\Users\tyler\Desktop\BIBLE HUNT CODES\2019\19_youth_antlerless_drawing_odds_report.pdf,166|179
EA1175,EA,2019,2018,NO,C:\Users\tyler\Desktop\BIBLE HUNT CODES\2019\19_antlerless_drawing_odds_report.pdf|C:\Users\tyler\Desktop\BIBLE HUNT CODES\2019\19_youth_antlerless_drawing_odds_report.pdf,167|180
EA1176,EA,2019,2018,NO,C:\Users\tyler\Desktop\BIBLE HUNT CODES\2019\19_antlerless_drawing_odds_report.pdf|C:\Users\tyler\Desktop\BIBLE HUNT CODES\2019\19_youth_antlerless_drawing_odds_report.pdf,168|181
EA1177,EA,2019,2018,NO,C:\Users\tyler\Desktop\BIBLE HUNT CODES\2019\19_antlerless_drawing_odds_report.pdf|C:\Users\tyler\Desktop\BIBLE HUNT CODES\2019\19_youth_antlerless_drawing_odds_report.pdf,169|182
EA1183,EA,2019,2018,NO,C:\Users\tyler\Desktop\BIBLE HUNT CODES\2019\19_antlerless_drawing_odds_report.pdf,183
EA1184,EA,2019,2018,NO,C:\Users\tyler\Desktop\BIBLE HUNT CODES\2019\19_antlerless_drawing_odds_report.pdf|C:\Users\tyler\Desktop\BIBLE HUNT CODES\2019\19_youth_antlerless_drawing_odds_report.pdf,170|184
EA1185,EA,2019,2018,NO,C:\Users\tyler\Desktop\BIBLE HUNT CODES\2019\19_antlerless_drawing_odds_report.pdf|C:\Users\tyler\Desktop\BIBLE HUNT CODES\2019\19_youth_antlerless_drawing_odds_report.pdf,171|185
EA1186,EA,2019,2018,NO,C:\Users\tyler\Desktop\BIBLE HUNT CODES\2019\19_antlerless_drawing_odds_report.pdf|C:\Users\tyler\Desktop\BIBLE HUNT CODES\2019\19_youth_antlerless_drawing_odds_report.pdf,172|186
EA1187,EA,2019,2018,NO,C:\Users\tyler\Desktop\BIBLE HUNT CODES\2019\19_antlerless_drawing_odds_report.pdf|C:\Users\tyler\Desktop\BIBLE HUNT CODES\2019\19_youth_antlerless_drawing_odds_report.pdf,173|187
EA1189,EA,2019,2018,NO,C:\Users\tyler\Desktop\BIBLE HUNT CODES\2019\19_antlerless_drawing_odds_report.pdf|C:\Users\tyler\Desktop\BIBLE HUNT CODES\2019\19_youth_antlerless_drawing_odds_report.pdf,174|188
EA1190,EA,2019,2018,NO,C:\Users\tyler\Desktop\BIBLE HUNT CODES\2019\19_antlerless_drawing_odds_report.pdf|C:\Users\tyler\Desktop\BIBLE HUNT CODES\2019\19_youth_antlerless_drawing_odds_report.pdf,175|189
EA1191,EA,2019,2018,NO,C:\Users\tyler\Desktop\BIBLE HUNT CODES\2019\19_antlerless_drawing_odds_report.pdf|C:\Users\tyler\Desktop\BIBLE HUNT CODES\2019\19_youth_antlerless_drawing_odds_report.pdf,176|190
EA1192,EA,2019,2018,NO,C:\Users\tyler\Desktop\BIBLE HUNT CODES\2019\19_antlerless_drawing_odds_report.pdf|C:\Users\tyler\Desktop\BIBLE HUNT CODES\2019\19_youth_antlerless_drawing_odds_report.pdf,177|191
EA1193,EA,2019,2018,NO,C:\Users\tyler\Desktop\BIBLE HUNT CODES\2019\19_antlerless_drawing_odds_report.pdf|C:\Users\tyler\Desktop\BIBLE HUNT CODES\2019\19_youth_antlerless_drawing_odds_report.pdf,178|192
EA1194,EA,2019,2018,NO,C:\Users\tyler\Desktop\BIBLE HUNT CODES\2019\19_antlerless_drawing_odds_report.pdf|C:\Users\tyler\Desktop\BIBLE HUNT CODES\2019\19_youth_antlerless_drawing_odds_report.pdf,179|193
EA1196,EA,2019,2018,NO,C:\Users\tyler\Desktop\BIBLE HUNT CODES\2019\19_antlerless_drawing_odds_report.pdf|C:\Users\tyler\Desktop\BIBLE HUNT CODES\2019\19_youth_antlerless_drawing_odds_report.pdf,180|194
EA1197,EA,2019,2018,NO,C:\Users\tyler\Desktop\BIBLE HUNT CODES\2019\19_antlerless_drawing_odds_report.pdf|C:\Users\tyler\Desktop\BIBLE HUNT CODES\2019\19_youth_antlerless_drawing_odds_report.pdf,181|195
EA1198,EA,2019,2018,NO,C:\Users\tyler\Desktop\BIBLE HUNT CODES\2019\19_antlerless_drawing_odds_report.pdf|C:\Users\tyler\Desktop\BIBLE HUNT CODES\2019\19_youth_antlerless_drawing_odds_report.pdf,182|196
EA1200,EA,2019,2018,NO,C:\Users\tyler\Desktop\BIBLE HUNT CODES\2019\19_antlerless_drawing_odds_report.pdf|C:\Users\tyler\Desktop\BIBLE HUNT CODES\2019\19_youth_antlerless_drawing_odds_report.pdf,183|197
EA1201,EA,2019,2018,NO,C:\Users\tyler\Desktop\BIBLE HUNT CODES\2019\19_antlerless_drawing_odds_report.pdf|C:\Users\tyler\Desktop\BIBLE HUNT CODES\2019\19_youth_antlerless_drawing_odds_report.pdf,184|198
EA1202,EA,2019,2018,NO,C:\Users\tyler\Desktop\BIBLE HUNT CODES\2019\19_antlerless_drawing_odds_report.pdf,199
EA1203,EA,2019,2018,NO,C:\Users\tyler\Desktop\BIBLE HUNT CODES\2019\19_antlerless_drawing_odds_report.pdf|C:\Users\tyler\Desktop\BIBLE HUNT CODES\2019\19_youth_antlerless_drawing_odds_report.pdf,185|200
EA1204,EA,2019,2018,NO,C:\Users\tyler\Desktop\BIBLE HUNT CODES\2019\19_antlerless_drawing_odds_report.pdf|C:\Users\tyler\Desktop\BIBLE HUNT CODES\2019\19_youth_antlerless_drawing_odds_report.pdf,186|201
EA1205,EA,2019,2018,NO,C:\Users\tyler\Desktop\BIBLE HUNT CODES\2019\19_antlerless_drawing_odds_report.pdf,202
EA1206,EA,2019,2018,NO,C:\Users\tyler\Desktop\BIBLE HUNT CODES\2019\19_antlerless_drawing_odds_report.pdf|C:\Users\tyler\Desktop\BIBLE HUNT CODES\2019\19_youth_antlerless_drawing_odds_report.pdf,187|203
EA1207,EA,2019,2018,NO,C:\Users\tyler\Desktop\BIBLE HUNT CODES\2019\19_antlerless_drawing_odds_report.pdf|C:\Users\tyler\Desktop\BIBLE HUNT CODES\2019\19_youth_antlerless_drawing_odds_report.pdf,188|204
EA1208,EA,2019,2018,NO,C:\Users\tyler\Desktop\BIBLE HUNT CODES\2019\19_antlerless_drawing_odds_report.pdf|C:\Users\tyler\Desktop\BIBLE HUNT CODES\2019\19_youth_antlerless_drawing_odds_report.pdf,189|205
EA1209,EA,2019,2018,NO,C:\Users\tyler\Desktop\BIBLE HUNT CODES\2019\19_antlerless_drawing_odds_report.pdf|C:\Users\tyler\Desktop\BIBLE HUNT CODES\2019\19_youth_antlerless_drawing_odds_report.pdf,190|206
EA1210,EA,2019,2018,NO,C:\Users\tyler\Desktop\BIBLE HUNT CODES\2019\19_antlerless_drawing_odds_report.pdf,207
EA1211,EA,2019,2018,NO,C:\Users\tyler\Desktop\BIBLE HUNT CODES\2019\19_antlerless_drawing_odds_report.pdf|C:\Users\tyler\Desktop\BIBLE HUNT CODES\2019\19_youth_antlerless_drawing_odds_report.pdf,191|208
EA1212,EA,2019,2018,NO,C:\Users\tyler\Desktop\BIBLE HUNT CODES\2019\19_antlerless_drawing_odds_report.pdf|C:\Users\tyler\Desktop\BIBLE HUNT CODES\2019\19_youth_antlerless_drawing_odds_report.pdf,192|209
EA1213,EA,2019,2018,NO,C:\Users\tyler\Desktop\BIBLE HUNT CODES\2019\19_antlerless_drawing_odds_report.pdf|C:\Users\tyler\Desktop\BIBLE HUNT CODES\2019\19_youth_antlerless_drawing_odds_report.pdf,193|210
EA1214,EA,2019,2018,NO,C:\Users\tyler\Desktop\BIBLE HUNT CODES\2019\19_antlerless_drawing_odds_report.pdf|C:\Users\tyler\Desktop\BIBLE HUNT CODES\2019\19_youth_antlerless_drawing_odds_report.pdf,194|211
EA1215,EA,2019,2018,NO,C:\Users\tyler\Desktop\BIBLE HUNT CODES\2019\19_antlerless_drawing_odds_report.pdf|C:\Users\tyler\Desktop\BIBLE HUNT CODES\2019\19_youth_antlerless_drawing_odds_report.pdf,195|212
EA1216,EA,2019,2018,NO,C:\Users\tyler\Desktop\BIBLE HUNT CODES\2019\19_antlerless_drawing_odds_report.pdf|C:\Users\tyler\Desktop\BIBLE HUNT CODES\2019\19_youth_antlerless_drawing_odds_report.pdf,196|213
EA1217,EA,2019,2018,NO,C:\Users\tyler\Desktop\BIBLE HUNT CODES\2019\19_antlerless_drawing_odds_report.pdf|C:\Users\tyler\Desktop\BIBLE HUNT CODES\2019\19_youth_antlerless_drawing_odds_report.pdf,197|214
EA1218,EA,2019,2018,NO,C:\Users\tyler\Desktop\BIBLE HUNT CODES\2019\19_antlerless_drawing_odds_report.pdf|C:\Users\tyler\Desktop\BIBLE HUNT CODES\2019\19_youth_antlerless_drawing_odds_report.pdf,198|215
EA1219,EA,2019,2018,NO,C:\Users\tyler\Desktop\BIBLE HUNT CODES\2019\19_antlerless_drawing_odds_report.pdf|C:\Users\tyler\Desktop\BIBLE HUNT CODES\2019\19_youth_antlerless_drawing_odds_report.pdf,199|216
EB1007,EB,2019,2018,NO,C:\Users\tyler\Desktop\BIBLE HUNT CODES\2019\19_youth_bull_elk.pdf,1
EB3000,EB,2019,2018,NO,C:\Users\tyler\Desktop\BIBLE HUNT CODES\2019\19_bg-odds.pdf,170
EB3001,EB,2019,2018,NO,C:\Users\tyler\Desktop\BIBLE HUNT CODES\2019\19_bg-odds.pdf,171
EB3002,EB,2019,2018,NO,C:\Users\tyler\Desktop\BIBLE HUNT CODES\2019\19_bg-odds.pdf,172
EB3003,EB,2019,2018,NO,C:\Users\tyler\Desktop\BIBLE HUNT CODES\2019\19_bg-odds.pdf,173
EB3004,EB,2019,2018,NO,C:\Users\tyler\Desktop\BIBLE HUNT CODES\2019\19_bg-odds.pdf,174
EB3005,EB,2019,2018,NO,C:\Users\tyler\Desktop\BIBLE HUNT CODES\2019\19_bg-odds.pdf,175
EB3006,EB,2019,2018,NO,C:\Users\tyler\Desktop\BIBLE HUNT CODES\2019\19_bg-odds.pdf,176
EB3007,EB,2019,2018,NO,C:\Users\tyler\Desktop\BIBLE HUNT CODES\2019\19_bg-odds.pdf,177
EB3008,EB,2019,2018,NO,C:\Users\tyler\Desktop\BIBLE HUNT CODES\2019\19_bg-odds.pdf,178
EB3009,EB,2019,2018,NO,C:\Users\tyler\Desktop\BIBLE HUNT CODES\2019\19_bg-odds.pdf,179
EB3010,EB,2019,2018,NO,C:\Users\tyler\Desktop\BIBLE HUNT CODES\2019\19_bg-odds.pdf,180
EB3011,EB,2019,2018,NO,C:\Users\tyler\Desktop\BIBLE HUNT CODES\2019\19_bg-odds.pdf,181
EB3012,EB,2019,2018,NO,C:\Users\tyler\Desktop\BIBLE HUNT CODES\2019\19_bg-odds.pdf,182
EB3013,EB,2019,2018,NO,C:\Users\tyler\Desktop\BIBLE HUNT CODES\2019\19_bg-odds.pdf,183
EB3014,EB,2019,2018,NO,C:\Users\tyler\Desktop\BIBLE HUNT CODES\2019\19_bg-odds.pdf,184
EB3015,EB,2019,2018,NO,C:\Users\tyler\Desktop\BIBLE HUNT CODES\2019\19_bg-odds.pdf,185
EB3016,EB,2019,2018,NO,C:\Users\tyler\Desktop\BIBLE HUNT CODES\2019\19_bg-odds.pdf,186
EB3017,EB,2019,2018,NO,C:\Users\tyler\Desktop\BIBLE HUNT CODES\2019\19_bg-odds.pdf,187
EB3018,EB,2019,2018,NO,C:\Users\tyler\Desktop\BIBLE HUNT CODES\2019\19_bg-odds.pdf,188
EB3019,EB,2019,2018,NO,C:\Users\tyler\Desktop\BIBLE HUNT CODES\2019\19_bg-odds.pdf,189
EB3020,EB,2019,2018,NO,C:\Users\tyler\Desktop\BIBLE HUNT CODES\2019\19_bg-odds.pdf,190
EB3021,EB,2019,2018,NO,C:\Users\tyler\Desktop\BIBLE HUNT CODES\2019\19_bg-odds.pdf,191
EB3022,EB,2019,2018,NO,C:\Users\tyler\Desktop\BIBLE HUNT CODES\2019\19_bg-odds.pdf,192
EB3023,EB,2019,2018,NO,C:\Users\tyler\Desktop\BIBLE HUNT CODES\2019\19_bg-odds.pdf,193
EB3024,EB,2019,2018,NO,C:\Users\tyler\Desktop\BIBLE HUNT CODES\2019\19_bg-odds.pdf,194
EB3025,EB,2019,2018,NO,C:\Users\tyler\Desktop\BIBLE HUNT CODES\2019\19_bg-odds.pdf,195
EB3026,EB,2019,2018,NO,C:\Users\tyler\Desktop\BIBLE HUNT CODES\2019\19_bg-odds.pdf,196
EB3027,EB,2019,2018,NO,C:\Users\tyler\Desktop\BIBLE HUNT CODES\2019\19_bg-odds.pdf,197
EB3028,EB,2019,2018,NO,C:\Users\tyler\Desktop\BIBLE HUNT CODES\2019\19_bg-odds.pdf,198
EB3029,EB,2019,2018,NO,C:\Users\tyler\Desktop\BIBLE HUNT CODES\2019\19_bg-odds.pdf,199
EB3030,EB,2019,2018,NO,C:\Users\tyler\Desktop\BIBLE HUNT CODES\2019\19_bg-odds.pdf,200
EB3031,EB,2019,2018,NO,C:\Users\tyler\Desktop\BIBLE HUNT CODES\2019\19_bg-odds.pdf,201
EB3032,EB,2019,2018,NO,C:\Users\tyler\Desktop\BIBLE HUNT CODES\2019\19_bg-odds.pdf,202
EB3033,EB,2019,2018,NO,C:\Users\tyler\Desktop\BIBLE HUNT CODES\2019\19_bg-odds.pdf,203
EB3034,EB,2019,2018,NO,C:\Users\tyler\Desktop\BIBLE HUNT CODES\2019\19_bg-odds.pdf,204
EB3035,EB,2019,2018,NO,C:\Users\tyler\Desktop\BIBLE HUNT CODES\2019\19_bg-odds.pdf,205
EB3036,EB,2019,2018,NO,C:\Users\tyler\Desktop\BIBLE HUNT CODES\2019\19_bg-odds.pdf,206
EB3037,EB,2019,2018,NO,C:\Users\tyler\Desktop\BIBLE HUNT CODES\2019\19_bg-odds.pdf,207
EB3038,EB,2019,2018,NO,C:\Users\tyler\Desktop\BIBLE HUNT CODES\2019\19_bg-odds.pdf,208
EB3039,EB,2019,2018,NO,C:\Users\tyler\Desktop\BIBLE HUNT CODES\2019\19_bg-odds.pdf,209
EB3040,EB,2019,2018,NO,C:\Users\tyler\Desktop\BIBLE HUNT CODES\2019\19_bg-odds.pdf,210
EB3041,EB,2019,2018,NO,C:\Users\tyler\Desktop\BIBLE HUNT CODES\2019\19_bg-odds.pdf,211
EB3042,EB,2019,2018,NO,C:\Users\tyler\Desktop\BIBLE HUNT CODES\2019\19_bg-odds.pdf,212
EB3043,EB,2019,2018,NO,C:\Users\tyler\Desktop\BIBLE HUNT CODES\2019\19_bg-odds.pdf,213
EB3044,EB,2019,2018,NO,C:\Users\tyler\Desktop\BIBLE HUNT CODES\2019\19_bg-odds.pdf,214
EB3045,EB,2019,2018,NO,C:\Users\tyler\Desktop\BIBLE HUNT CODES\2019\19_bg-odds.pdf,215
EB3046,EB,2019,2018,NO,C:\Users\tyler\Desktop\BIBLE HUNT CODES\2019\19_bg-odds.pdf,216
EB3047,EB,2019,2018,NO,C:\Users\tyler\Desktop\BIBLE HUNT CODES\2019\19_bg-odds.pdf,217
EB3048,EB,2019,2018,NO,C:\Users\tyler\Desktop\BIBLE HUNT CODES\2019\19_bg-odds.pdf,218
EB3049,EB,2019,2018,NO,C:\Users\tyler\Desktop\BIBLE HUNT CODES\2019\19_bg-odds.pdf,219
EB3050,EB,2019,2018,NO,C:\Users\tyler\Desktop\BIBLE HUNT CODES\2019\19_bg-odds.pdf,220
EB3051,EB,2019,2018,NO,C:\Users\tyler\Desktop\BIBLE HUNT CODES\2019\19_bg-odds.pdf,221
EB3052,EB,2019,2018,NO,C:\Users\tyler\Desktop\BIBLE HUNT CODES\2019\19_bg-odds.pdf,222
EB3053,EB,2019,2018,NO,C:\Users\tyler\Desktop\BIBLE HUNT CODES\2019\19_bg-odds.pdf,223
EB3054,EB,2019,2018,NO,C:\Users\tyler\Desktop\BIBLE HUNT CODES\2019\19_bg-odds.pdf,224
EB3055,EB,2019,2018,NO,C:\Users\tyler\Desktop\BIBLE HUNT CODES\2019\19_bg-odds.pdf,225
EB3056,EB,2019,2018,NO,C:\Users\tyler\Desktop\BIBLE HUNT CODES\2019\19_bg-odds.pdf,226
EB3057,EB,2019,2018,NO,C:\Users\tyler\Desktop\BIBLE HUNT CODES\2019\19_bg-odds.pdf,227
EB3058,EB,2019,2018,NO,C:\Users\tyler\Desktop\BIBLE HUNT CODES\2019\19_bg-odds.pdf,228
EB3059,EB,2019,2018,NO,C:\Users\tyler\Desktop\BIBLE HUNT CODES\2019\19_bg-odds.pdf,229
EB3060,EB,2019,2018,NO,C:\Users\tyler\Desktop\BIBLE HUNT CODES\2019\19_bg-odds.pdf,230
EB3061,EB,2019,2018,NO,C:\Users\tyler\Desktop\BIBLE HUNT CODES\2019\19_bg-odds.pdf,231
EB3062,EB,2019,2018,NO,C:\Users\tyler\Desktop\BIBLE HUNT CODES\2019\19_bg-odds.pdf,232
EB3063,EB,2019,2018,NO,C:\Users\tyler\Desktop\BIBLE HUNT CODES\2019\19_bg-odds.pdf,233
EB3064,EB,2019,2018,NO,C:\Users\tyler\Desktop\BIBLE HUNT CODES\2019\19_bg-odds.pdf,234
EB3065,EB,2019,2018,NO,C:\Users\tyler\Desktop\BIBLE HUNT CODES\2019\19_bg-odds.pdf,235
EB3066,EB,2019,2018,NO,C:\Users\tyler\Desktop\BIBLE HUNT CODES\2019\19_bg-odds.pdf,236
EB3067,EB,2019,2018,NO,C:\Users\tyler\Desktop\BIBLE HUNT CODES\2019\19_bg-odds.pdf,237
EB3068,EB,2019,2018,NO,C:\Users\tyler\Desktop\BIBLE HUNT CODES\2019\19_bg-odds.pdf,238
EB3069,EB,2019,2018,NO,C:\Users\tyler\Desktop\BIBLE HUNT CODES\2019\19_bg-odds.pdf,239
EB3070,EB,2019,2018,NO,C:\Users\tyler\Desktop\BIBLE HUNT CODES\2019\19_bg-odds.pdf,240
EB3071,EB,2019,2018,NO,C:\Users\tyler\Desktop\BIBLE HUNT CODES\2019\19_bg-odds.pdf,241
EB3072,EB,2019,2018,NO,C:\Users\tyler\Desktop\BIBLE HUNT CODES\2019\19_bg-odds.pdf,242
EB3073,EB,2019,2018,NO,C:\Users\tyler\Desktop\BIBLE HUNT CODES\2019\19_bg-odds.pdf,243
EB3074,EB,2019,2018,NO,C:\Users\tyler\Desktop\BIBLE HUNT CODES\2019\19_bg-odds.pdf,244
EB3075,EB,2019,2018,NO,C:\Users\tyler\Desktop\BIBLE HUNT CODES\2019\19_bg-odds.pdf,245
EB3076,EB,2019,2018,NO,C:\Users\tyler\Desktop\BIBLE HUNT CODES\2019\19_bg-odds.pdf,246
EB3077,EB,2019,2018,NO,C:\Users\tyler\Desktop\BIBLE HUNT CODES\2019\19_bg-odds.pdf,247
EB3078,EB,2019,2018,NO,C:\Users\tyler\Desktop\BIBLE HUNT CODES\2019\19_bg-odds.pdf,248
EB3079,EB,2019,2018,NO,C:\Users\tyler\Desktop\BIBLE HUNT CODES\2019\19_bg-odds.pdf,249
EB3080,EB,2019,2018,NO,C:\Users\tyler\Desktop\BIBLE HUNT CODES\2019\19_bg-odds.pdf,250
EB3081,EB,2019,2018,NO,C:\Users\tyler\Desktop\BIBLE HUNT CODES\2019\19_bg-odds.pdf,251
EB3082,EB,2019,2018,NO,C:\Users\tyler\Desktop\BIBLE HUNT CODES\2019\19_bg-odds.pdf,252
EB3083,EB,2019,2018,NO,C:\Users\tyler\Desktop\BIBLE HUNT CODES\2019\19_bg-odds.pdf,253
EB3084,EB,2019,2018,NO,C:\Users\tyler\Desktop\BIBLE HUNT CODES\2019\19_bg-odds.pdf,254
EB3085,EB,2019,2018,NO,C:\Users\tyler\Desktop\BIBLE HUNT CODES\2019\19_bg-odds.pdf,255
EB3086,EB,2019,2018,NO,C:\Users\tyler\Desktop\BIBLE HUNT CODES\2019\19_bg-odds.pdf,256
EB3087,EB,2019,2018,NO,C:\Users\tyler\Desktop\BIBLE HUNT CODES\2019\19_bg-odds.pdf,257
EB3088,EB,2019,2018,NO,C:\Users\tyler\Desktop\BIBLE HUNT CODES\2019\19_bg-odds.pdf,258
EB3089,EB,2019,2018,NO,C:\Users\tyler\Desktop\BIBLE HUNT CODES\2019\19_bg-odds.pdf,259
EB3090,EB,2019,2018,NO,C:\Users\tyler\Desktop\BIBLE HUNT CODES\2019\19_bg-odds.pdf,260
EB3091,EB,2019,2018,NO,C:\Users\tyler\Desktop\BIBLE HUNT CODES\2019\19_bg-odds.pdf,261
EB3092,EB,2019,2018,NO,C:\Users\tyler\Desktop\BIBLE HUNT CODES\2019\19_bg-odds.pdf,262
EB3093,EB,2019,2018,NO,C:\Users\tyler\Desktop\BIBLE HUNT CODES\2019\19_bg-odds.pdf,263
EB3094,EB,2019,2018,NO,C:\Users\tyler\Desktop\BIBLE HUNT CODES\2019\19_bg-odds.pdf,264
EB3095,EB,2019,2018,NO,C:\Users\tyler\Desktop\BIBLE HUNT CODES\2019\19_bg-odds.pdf,265
EB3096,EB,2019,2018,NO,C:\Users\tyler\Desktop\BIBLE HUNT CODES\2019\19_bg-odds.pdf,266
EB3097,EB,2019,2018,NO,C:\Users\tyler\Desktop\BIBLE HUNT CODES\2019\19_bg-odds.pdf,267
EB3098,EB,2019,2018,NO,C:\Users\tyler\Desktop\BIBLE HUNT CODES\2019\19_bg-odds.pdf,268
EB3099,EB,2019,2018,NO,C:\Users\tyler\Desktop\BIBLE HUNT CODES\2019\19_bg-odds.pdf,269
EB3100,EB,2019,2018,NO,C:\Users\tyler\Desktop\BIBLE HUNT CODES\2019\19_bg-odds.pdf,270
EB3101,EB,2019,2018,NO,C:\Users\tyler\Desktop\BIBLE HUNT CODES\2019\19_bg-odds.pdf,271
EB3102,EB,2019,2018,NO,C:\Users\tyler\Desktop\BIBLE HUNT CODES\2019\19_bg-odds.pdf,272
EB3103,EB,2019,2018,NO,C:\Users\tyler\Desktop\BIBLE HUNT CODES\2019\19_bg-odds.pdf,273
EB3104,EB,2019,2018,NO,C:\Users\tyler\Desktop\BIBLE HUNT CODES\2019\19_bg-odds.pdf,274
EB3105,EB,2019,2018,NO,C:\Users\tyler\Desktop\BIBLE HUNT CODES\2019\19_bg-odds.pdf,275
EB3106,EB,2019,2018,NO,C:\Users\tyler\Desktop\BIBLE HUNT CODES\2019\19_bg-odds.pdf,276
EB3107,EB,2019,2018,NO,C:\Users\tyler\Desktop\BIBLE HUNT CODES\2019\19_bg-odds.pdf,277
EB3108,EB,2019,2018,NO,C:\Users\tyler\Desktop\BIBLE HUNT CODES\2019\19_bg-odds.pdf,278
EB3109,EB,2019,2018,NO,C:\Users\tyler\Desktop\BIBLE HUNT CODES\2019\19_bg-odds.pdf,279
EB3110,EB,2019,2018,NO,C:\Users\tyler\Desktop\BIBLE HUNT CODES\2019\19_bg-odds.pdf,280
EB3111,EB,2019,2018,NO,C:\Users\tyler\Desktop\BIBLE HUNT CODES\2019\19_bg-odds.pdf,281
EB3112,EB,2019,2018,NO,C:\Users\tyler\Desktop\BIBLE HUNT CODES\2019\19_bg-odds.pdf,282
EB3113,EB,2019,2018,NO,C:\Users\tyler\Desktop\BIBLE HUNT CODES\2019\19_bg-odds.pdf,283
EB3114,EB,2019,2018,NO,C:\Users\tyler\Desktop\BIBLE HUNT CODES\2019\19_bg-odds.pdf,284
EB3115,EB,2019,2018,NO,C:\Users\tyler\Desktop\BIBLE HUNT CODES\2019\19_bg-odds.pdf,285
EB3116,EB,2019,2018,NO,C:\Users\tyler\Desktop\BIBLE HUNT CODES\2019\19_bg-odds.pdf,286
EB3117,EB,2019,2018,NO,C:\Users\tyler\Desktop\BIBLE HUNT CODES\2019\19_bg-odds.pdf,287
EB3118,EB,2019,2018,NO,C:\Users\tyler\Desktop\BIBLE HUNT CODES\2019\19_bg-odds.pdf,288
EB3119,EB,2019,2018,NO,C:\Users\tyler\Desktop\BIBLE HUNT CODES\2019\19_bg-odds.pdf,289
EB3120,EB,2019,2018,NO,C:\Users\tyler\Desktop\BIBLE HUNT CODES\2019\19_bg-odds.pdf,290
EB3121,EB,2019,2018,NO,C:\Users\tyler\Desktop\BIBLE HUNT CODES\2019\19_bg-odds.pdf,291
EB3122,EB,2019,2018,NO,C:\Users\tyler\Desktop\BIBLE HUNT CODES\2019\19_bg-odds.pdf,292
EB3123,EB,2019,2018,NO,C:\Users\tyler\Desktop\BIBLE HUNT CODES\2019\19_bg-odds.pdf,293
EB3124,EB,2019,2018,NO,C:\Users\tyler\Desktop\BIBLE HUNT CODES\2019\19_bg-odds.pdf,294
EB3125,EB,2019,2018,NO,C:\Users\tyler\Desktop\BIBLE HUNT CODES\2019\19_bg-odds.pdf,295
EB3126,EB,2019,2018,NO,C:\Users\tyler\Desktop\BIBLE HUNT CODES\2019\19_bg-odds.pdf,296
EB3127,EB,2019,2018,NO,C:\Users\tyler\Desktop\BIBLE HUNT CODES\2019\19_bg-odds.pdf,297
EB3500,EB,2019,2018,NO,C:\Users\tyler\Desktop\BIBLE HUNT CODES\2019\19_bg-odds.pdf,298
EB3501,EB,2019,2018,NO,C:\Users\tyler\Desktop\BIBLE HUNT CODES\2019\19_bg-odds.pdf,299
EB3502,EB,2019,2018,NO,C:\Users\tyler\Desktop\BIBLE HUNT CODES\2019\19_bg-odds.pdf,300
EB3503,EB,2019,2018,NO,C:\Users\tyler\Desktop\BIBLE HUNT CODES\2019\19_bg-odds.pdf,301
EB3504,EB,2019,2018,NO,C:\Users\tyler\Desktop\BIBLE HUNT CODES\2019\19_bg-odds.pdf,302
EB3505,EB,2019,2018,NO,C:\Users\tyler\Desktop\BIBLE HUNT CODES\2019\19_bg-odds.pdf,303
EB3506,EB,2019,2018,NO,C:\Users\tyler\Desktop\BIBLE HUNT CODES\2019\19_bg-odds.pdf,304
EB3508,EB,2019,2018,NO,C:\Users\tyler\Desktop\BIBLE HUNT CODES\2019\19_bg-odds.pdf,305
EB3509,EB,2019,2018,NO,C:\Users\tyler\Desktop\BIBLE HUNT CODES\2019\19_bg-odds.pdf,306
EB3510,EB,2019,2018,NO,C:\Users\tyler\Desktop\BIBLE HUNT CODES\2019\19_bg-odds.pdf,307
EB3511,EB,2019,2018,NO,C:\Users\tyler\Desktop\BIBLE HUNT CODES\2019\19_bg-odds.pdf,308
EB3512,EB,2019,2018,NO,C:\Users\tyler\Desktop\BIBLE HUNT CODES\2019\19_bg-odds.pdf,309
EB3514,EB,2019,2018,NO,C:\Users\tyler\Desktop\BIBLE HUNT CODES\2019\19_bg-odds.pdf,310
EB3515,EB,2019,2018,NO,C:\Users\tyler\Desktop\BIBLE HUNT CODES\2019\19_bg-odds.pdf,311
EB3516,EB,2019,2018,NO,C:\Users\tyler\Desktop\BIBLE HUNT CODES\2019\19_bg-odds.pdf,312
EB3517,EB,2019,2018,NO,C:\Users\tyler\Desktop\BIBLE HUNT CODES\2019\19_bg-odds.pdf,313
EB3519,EB,2019,2018,NO,C:\Users\tyler\Desktop\BIBLE HUNT CODES\2019\19_bg-odds.pdf,314
EB3520,EB,2019,2018,NO,C:\Users\tyler\Desktop\BIBLE HUNT CODES\2019\19_bg-odds.pdf,315
EB3521,EB,2019,2018,NO,C:\Users\tyler\Desktop\BIBLE HUNT CODES\2019\19_bg-odds.pdf,316
EB3522,EB,2019,2018,NO,C:\Users\tyler\Desktop\BIBLE HUNT CODES\2019\19_bg-odds.pdf,317
EB3523,EB,2019,2018,NO,C:\Users\tyler\Desktop\BIBLE HUNT CODES\2019\19_bg-odds.pdf,318
EB3524,EB,2019,2018,NO,C:\Users\tyler\Desktop\BIBLE HUNT CODES\2019\19_bg-odds.pdf,319
EB3525,EB,2019,2018,NO,C:\Users\tyler\Desktop\BIBLE HUNT CODES\2019\19_bg-odds.pdf,320
EB3526,EB,2019,2018,NO,C:\Users\tyler\Desktop\BIBLE HUNT CODES\2019\19_bg-odds.pdf,321
EB3527,EB,2019,2018,NO,C:\Users\tyler\Desktop\BIBLE HUNT CODES\2019\19_bg-odds.pdf,322
EB3528,EB,2019,2018,NO,C:\Users\tyler\Desktop\BIBLE HUNT CODES\2019\19_bg-odds.pdf,323
EB3529,EB,2019,2018,NO,C:\Users\tyler\Desktop\BIBLE HUNT CODES\2019\19_bg-odds.pdf,324
EB3531,EB,2019,2018,NO,C:\Users\tyler\Desktop\BIBLE HUNT CODES\2019\19_bg-odds.pdf,325
EB3532,EB,2019,2018,NO,C:\Users\tyler\Desktop\BIBLE HUNT CODES\2019\19_bg-odds.pdf,326
EB3533,EB,2019,2018,NO,C:\Users\tyler\Desktop\BIBLE HUNT CODES\2019\19_bg-odds.pdf,327
EB3534,EB,2019,2018,NO,C:\Users\tyler\Desktop\BIBLE HUNT CODES\2019\19_bg-odds.pdf,328
EB3535,EB,2019,2018,NO,C:\Users\tyler\Desktop\BIBLE HUNT CODES\2019\19_bg-odds.pdf,329
EB3536,EB,2019,2018,NO,C:\Users\tyler\Desktop\BIBLE HUNT CODES\2019\19_bg-odds.pdf,330
EB3538,EB,2019,2018,NO,C:\Users\tyler\Desktop\BIBLE HUNT CODES\2019\19_bg-odds.pdf,331
EB3539,EB,2019,2018,NO,C:\Users\tyler\Desktop\BIBLE HUNT CODES\2019\19_bg-odds.pdf,332
EB3540,EB,2019,2018,NO,C:\Users\tyler\Desktop\BIBLE HUNT CODES\2019\19_bg-odds.pdf,333
EB3541,EB,2019,2018,NO,C:\Users\tyler\Desktop\BIBLE HUNT CODES\2019\19_bg-odds.pdf,334
EB3542,EB,2019,2018,NO,C:\Users\tyler\Desktop\BIBLE HUNT CODES\2019\19_bg-odds.pdf,335
EB3543,EB,2019,2018,NO,C:\Users\tyler\Desktop\BIBLE HUNT CODES\2019\19_bg-odds.pdf,336
EB3544,EB,2019,2018,NO,C:\Users\tyler\Desktop\BIBLE HUNT CODES\2019\19_bg-odds.pdf,337
EB3545,EB,2019,2018,NO,C:\Users\tyler\Desktop\BIBLE HUNT CODES\2019\19_bg-odds.pdf,338
EB3546,EB,2019,2018,NO,C:\Users\tyler\Desktop\BIBLE HUNT CODES\2019\19_bg-odds.pdf,339
EB3547,EB,2019,2018,NO,C:\Users\tyler\Desktop\BIBLE HUNT CODES\2019\19_bg-odds.pdf,340
EB3548,EB,2019,2018,NO,C:\Users\tyler\Desktop\BIBLE HUNT CODES\2019\19_bg-odds.pdf,341
EB3549,EB,2019,2018,NO,C:\Users\tyler\Desktop\BIBLE HUNT CODES\2019\19_bg-odds.pdf,342
EB3550,EB,2019,2018,NO,C:\Users\tyler\Desktop\BIBLE HUNT CODES\2019\19_bg-odds.pdf,343
EB3551,EB,2019,2018,NO,C:\Users\tyler\Desktop\BIBLE HUNT CODES\2019\19_bg-odds.pdf,344
EB3552,EB,2019,2018,NO,C:\Users\tyler\Desktop\BIBLE HUNT CODES\2019\19_bg-odds.pdf,345
EB3553,EB,2019,2018,NO,C:\Users\tyler\Desktop\BIBLE HUNT CODES\2019\19_bg-odds.pdf,346
EB3554,EB,2019,2018,NO,C:\Users\tyler\Desktop\BIBLE HUNT CODES\2019\19_bg-odds.pdf,347
EB3555,EB,2019,2018,NO,C:\Users\tyler\Desktop\BIBLE HUNT CODES\2019\19_bg-odds.pdf,348
EB3557,EB,2019,2018,NO,C:\Users\tyler\Desktop\BIBLE HUNT CODES\2019\19_bg-odds.pdf,349
EB3558,EB,2019,2018,NO,C:\Users\tyler\Desktop\BIBLE HUNT CODES\2019\19_bg-odds.pdf,350
EB3559,EB,2019,2018,NO,C:\Users\tyler\Desktop\BIBLE HUNT CODES\2019\19_bg-odds.pdf,351
EB3561,EB,2019,2018,NO,C:\Users\tyler\Desktop\BIBLE HUNT CODES\2019\19_bg-odds.pdf,352
EB3562,EB,2019,2018,NO,C:\Users\tyler\Desktop\BIBLE HUNT CODES\2019\19_bg-odds.pdf,353
EB3563,EB,2019,2018,NO,C:\Users\tyler\Desktop\BIBLE HUNT CODES\2019\19_bg-odds.pdf,354
EB3564,EB,2019,2018,NO,C:\Users\tyler\Desktop\BIBLE HUNT CODES\2019\19_bg-odds.pdf,355
EB3565,EB,2019,2018,NO,C:\Users\tyler\Desktop\BIBLE HUNT CODES\2019\19_bg-odds.pdf,356
EB3603,EB,2019,2018,NO,C:\Users\tyler\Desktop\BIBLE HUNT CODES\2019\19_bg-odds.pdf,357
EB3604,EB,2019,2018,NO,C:\Users\tyler\Desktop\BIBLE HUNT CODES\2019\19_bg-odds.pdf,358
EB3606,EB,2019,2018,NO,C:\Users\tyler\Desktop\BIBLE HUNT CODES\2019\19_bg-odds.pdf,359
EB3607,EB,2019,2018,NO,C:\Users\tyler\Desktop\BIBLE HUNT CODES\2019\19_bg-odds.pdf,360
GO6800,GO,2019,2018,NO,C:\Users\tyler\Desktop\BIBLE HUNT CODES\2019\19_bg-odds.pdf,533
GO6801,GO,2019,2018,NO,C:\Users\tyler\Desktop\BIBLE HUNT CODES\2019\19_bg-odds.pdf,534
GO6803,GO,2019,2018,NO,C:\Users\tyler\Desktop\BIBLE HUNT CODES\2019\19_bg-odds.pdf,535
GO6804,GO,2019,2018,NO,C:\Users\tyler\Desktop\BIBLE HUNT CODES\2019\19_bg-odds.pdf,536
GO6805,GO,2019,2018,NO,C:\Users\tyler\Desktop\BIBLE HUNT CODES\2019\19_bg-odds.pdf,537
GO6806,GO,2019,2018,NO,C:\Users\tyler\Desktop\BIBLE HUNT CODES\2019\19_bg-odds.pdf,538
GO6807,GO,2019,2018,NO,C:\Users\tyler\Desktop\BIBLE HUNT CODES\2019\19_bg-odds.pdf,539
GO6808,GO,2019,2018,NO,C:\Users\tyler\Desktop\BIBLE HUNT CODES\2019\19_bg-odds.pdf,540
GO6809,GO,2019,2018,NO,C:\Users\tyler\Desktop\BIBLE HUNT CODES\2019\19_bg-odds.pdf,541
GO6810,GO,2019,2018,NO,C:\Users\tyler\Desktop\BIBLE HUNT CODES\2019\19_bg-odds.pdf,542
GO6811,GO,2019,2018,NO,C:\Users\tyler\Desktop\BIBLE HUNT CODES\2019\19_bg-odds.pdf,543
GO6813,GO,2019,2018,NO,C:\Users\tyler\Desktop\BIBLE HUNT CODES\2019\19_bg-odds.pdf,544
GO6814,GO,2019,2018,NO,C:\Users\tyler\Desktop\BIBLE HUNT CODES\2019\19_bg-odds.pdf,545
GO6815,GO,2019,2018,NO,C:\Users\tyler\Desktop\BIBLE HUNT CODES\2019\19_bg-odds.pdf,546
GO6817,GO,2019,2018,NO,C:\Users\tyler\Desktop\BIBLE HUNT CODES\2019\19_bg-odds.pdf,547
GO6818,GO,2019,2018,NO,C:\Users\tyler\Desktop\BIBLE HUNT CODES\2019\19_bg-odds.pdf,548
GO6819,GO,2019,2018,NO,C:\Users\tyler\Desktop\BIBLE HUNT CODES\2019\19_bg-odds.pdf,549
GO6820,GO,2019,2018,NO,C:\Users\tyler\Desktop\BIBLE HUNT CODES\2019\19_bg-odds.pdf,550
GO6821,GO,2019,2018,NO,C:\Users\tyler\Desktop\BIBLE HUNT CODES\2019\19_bg-odds.pdf,551
MA1000,MA,2019,2018,NO,C:\Users\tyler\Desktop\BIBLE HUNT CODES\2019\19_antlerless_drawing_odds_report.pdf,219
MA1001,MA,2019,2018,NO,C:\Users\tyler\Desktop\BIBLE HUNT CODES\2019\19_antlerless_drawing_odds_report.pdf,220
MA1002,MA,2019,2018,NO,C:\Users\tyler\Desktop\BIBLE HUNT CODES\2019\19_antlerless_drawing_odds_report.pdf,221
MA1003,MA,2019,2018,NO,C:\Users\tyler\Desktop\BIBLE HUNT CODES\2019\19_antlerless_drawing_odds_report.pdf,222
MA1004,MA,2019,2018,NO,C:\Users\tyler\Desktop\BIBLE HUNT CODES\2019\19_antlerless_drawing_odds_report.pdf,223
MB6000,MB,2019,2018,NO,C:\Users\tyler\Desktop\BIBLE HUNT CODES\2019\19_bg-odds.pdf,447
MB6001,MB,2019,2018,NO,C:\Users\tyler\Desktop\BIBLE HUNT CODES\2019\19_bg-odds.pdf,448
MB6002,MB,2019,2018,NO,C:\Users\tyler\Desktop\BIBLE HUNT CODES\2019\19_bg-odds.pdf,449
MB6003,MB,2019,2018,NO,C:\Users\tyler\Desktop\BIBLE HUNT CODES\2019\19_bg-odds.pdf,450
MB6004,MB,2019,2018,NO,C:\Users\tyler\Desktop\BIBLE HUNT CODES\2019\19_bg-odds.pdf,451
MB6005,MB,2019,2018,NO,C:\Users\tyler\Desktop\BIBLE HUNT CODES\2019\19_bg-odds.pdf,452
MB6006,MB,2019,2018,NO,C:\Users\tyler\Desktop\BIBLE HUNT CODES\2019\19_bg-odds.pdf,453
MB6007,MB,2019,2018,NO,C:\Users\tyler\Desktop\BIBLE HUNT CODES\2019\19_bg-odds.pdf,454
MB6008,MB,2019,2018,NO,C:\Users\tyler\Desktop\BIBLE HUNT CODES\2019\19_bg-odds.pdf,455
MB6009,MB,2019,2018,NO,C:\Users\tyler\Desktop\BIBLE HUNT CODES\2019\19_bg-odds.pdf,456
MB6010,MB,2019,2018,NO,C:\Users\tyler\Desktop\BIBLE HUNT CODES\2019\19_bg-odds.pdf,457
MB6011,MB,2019,2018,NO,C:\Users\tyler\Desktop\BIBLE HUNT CODES\2019\19_bg-odds.pdf,458
MB6200,MB,2019,2018,NO,C:\Users\tyler\Desktop\BIBLE HUNT CODES\2019\19_bg-odds.pdf,459
MB6201,MB,2019,2018,NO,C:\Users\tyler\Desktop\BIBLE HUNT CODES\2019\19_bg-odds.pdf,460
MB6202,MB,2019,2018,NO,C:\Users\tyler\Desktop\BIBLE HUNT CODES\2019\19_bg-odds.pdf,461
MB6205,MB,2019,2018,NO,C:\Users\tyler\Desktop\BIBLE HUNT CODES\2019\19_bg-odds.pdf,462
MB6206,MB,2019,2018,NO,C:\Users\tyler\Desktop\BIBLE HUNT CODES\2019\19_bg-odds.pdf,463
MB6207,MB,2019,2018,NO,C:\Users\tyler\Desktop\BIBLE HUNT CODES\2019\19_bg-odds.pdf,464
MB6208,MB,2019,2018,NO,C:\Users\tyler\Desktop\BIBLE HUNT CODES\2019\19_bg-odds.pdf,465
MB6209,MB,2019,2018,NO,C:\Users\tyler\Desktop\BIBLE HUNT CODES\2019\19_bg-odds.pdf,466
MB6210,MB,2019,2018,NO,C:\Users\tyler\Desktop\BIBLE HUNT CODES\2019\19_bg-odds.pdf,467
MB6211,MB,2019,2018,NO,C:\Users\tyler\Desktop\BIBLE HUNT CODES\2019\19_bg-odds.pdf,468
MB6215,MB,2019,2018,NO,C:\Users\tyler\Desktop\BIBLE HUNT CODES\2019\19_bg-odds.pdf,469
MB6216,MB,2019,2018,NO,C:\Users\tyler\Desktop\BIBLE HUNT CODES\2019\19_bg-odds.pdf,470
MB6217,MB,2019,2018,NO,C:\Users\tyler\Desktop\BIBLE HUNT CODES\2019\19_bg-odds.pdf,471
MB6219,MB,2019,2018,NO,C:\Users\tyler\Desktop\BIBLE HUNT CODES\2019\19_bg-odds.pdf,472
MB6220,MB,2019,2018,NO,C:\Users\tyler\Desktop\BIBLE HUNT CODES\2019\19_bg-odds.pdf,473
MB6222,MB,2019,2018,NO,C:\Users\tyler\Desktop\BIBLE HUNT CODES\2019\19_bg-odds.pdf,474
MB6223,MB,2019,2018,NO,C:\Users\tyler\Desktop\BIBLE HUNT CODES\2019\19_bg-odds.pdf,475
MB6224,MB,2019,2018,NO,C:\Users\tyler\Desktop\BIBLE HUNT CODES\2019\19_bg-odds.pdf,476
MB6226,MB,2019,2018,NO,C:\Users\tyler\Desktop\BIBLE HUNT CODES\2019\19_bg-odds.pdf,477
MB6240,MB,2019,2018,NO,C:\Users\tyler\Desktop\BIBLE HUNT CODES\2019\19_bg-odds.pdf,478
MB6251,MB,2019,2018,NO,C:\Users\tyler\Desktop\BIBLE HUNT CODES\2019\19_bg-odds.pdf,479
MB6256,MB,2019,2018,NO,C:\Users\tyler\Desktop\BIBLE HUNT CODES\2019\19_bg-odds.pdf,480
MB6257,MB,2019,2018,NO,C:\Users\tyler\Desktop\BIBLE HUNT CODES\2019\19_bg-odds.pdf,481
MB6258,MB,2019,2018,NO,C:\Users\tyler\Desktop\BIBLE HUNT CODES\2019\19_bg-odds.pdf,482
MB6259,MB,2019,2018,NO,C:\Users\tyler\Desktop\BIBLE HUNT CODES\2019\19_bg-odds.pdf,483
MB6261,MB,2019,2018,NO,C:\Users\tyler\Desktop\BIBLE HUNT CODES\2019\19_bg-odds.pdf,484
MB6262,MB,2019,2018,NO,C:\Users\tyler\Desktop\BIBLE HUNT CODES\2019\19_bg-odds.pdf,485
PB5000,PB,2019,2018,NO,C:\Users\tyler\Desktop\BIBLE HUNT CODES\2019\19_bg-odds.pdf,363
PB5001,PB,2019,2018,NO,C:\Users\tyler\Desktop\BIBLE HUNT CODES\2019\19_bg-odds.pdf,364
PB5002,PB,2019,2018,NO,C:\Users\tyler\Desktop\BIBLE HUNT CODES\2019\19_bg-odds.pdf,365
PB5003,PB,2019,2018,NO,C:\Users\tyler\Desktop\BIBLE HUNT CODES\2019\19_bg-odds.pdf,366
PB5004,PB,2019,2018,NO,C:\Users\tyler\Desktop\BIBLE HUNT CODES\2019\19_bg-odds.pdf,367
PB5005,PB,2019,2018,NO,C:\Users\tyler\Desktop\BIBLE HUNT CODES\2019\19_bg-odds.pdf,368
PB5006,PB,2019,2018,NO,C:\Users\tyler\Desktop\BIBLE HUNT CODES\2019\19_bg-odds.pdf,369
PB5007,PB,2019,2018,NO,C:\Users\tyler\Desktop\BIBLE HUNT CODES\2019\19_bg-odds.pdf,370
PB5008,PB,2019,2018,NO,C:\Users\tyler\Desktop\BIBLE HUNT CODES\2019\19_bg-odds.pdf,371
PB5009,PB,2019,2018,NO,C:\Users\tyler\Desktop\BIBLE HUNT CODES\2019\19_bg-odds.pdf,372
PB5011,PB,2019,2018,NO,C:\Users\tyler\Desktop\BIBLE HUNT CODES\2019\19_bg-odds.pdf,373
PB5012,PB,2019,2018,NO,C:\Users\tyler\Desktop\BIBLE HUNT CODES\2019\19_bg-odds.pdf,374
PB5013,PB,2019,2018,NO,C:\Users\tyler\Desktop\BIBLE HUNT CODES\2019\19_bg-odds.pdf,375
PB5015,PB,2019,2018,NO,C:\Users\tyler\Desktop\BIBLE HUNT CODES\2019\19_bg-odds.pdf,376
PB5016,PB,2019,2018,NO,C:\Users\tyler\Desktop\BIBLE HUNT CODES\2019\19_bg-odds.pdf,377
PB5017,PB,2019,2018,NO,C:\Users\tyler\Desktop\BIBLE HUNT CODES\2019\19_bg-odds.pdf,378
PB5018,PB,2019,2018,NO,C:\Users\tyler\Desktop\BIBLE HUNT CODES\2019\19_bg-odds.pdf,379
PB5019,PB,2019,2018,NO,C:\Users\tyler\Desktop\BIBLE HUNT CODES\2019\19_bg-odds.pdf,380
PB5020,PB,2019,2018,NO,C:\Users\tyler\Desktop\BIBLE HUNT CODES\2019\19_bg-odds.pdf,381
PB5021,PB,2019,2018,NO,C:\Users\tyler\Desktop\BIBLE HUNT CODES\2019\19_bg-odds.pdf,382
PB5022,PB,2019,2018,NO,C:\Users\tyler\Desktop\BIBLE HUNT CODES\2019\19_bg-odds.pdf,383
PB5024,PB,2019,2018,NO,C:\Users\tyler\Desktop\BIBLE HUNT CODES\2019\19_bg-odds.pdf,384
PB5025,PB,2019,2018,NO,C:\Users\tyler\Desktop\BIBLE HUNT CODES\2019\19_bg-odds.pdf,385
PB5026,PB,2019,2018,NO,C:\Users\tyler\Desktop\BIBLE HUNT CODES\2019\19_bg-odds.pdf,386
PB5027,PB,2019,2018,NO,C:\Users\tyler\Desktop\BIBLE HUNT CODES\2019\19_bg-odds.pdf,387
PB5028,PB,2019,2018,NO,C:\Users\tyler\Desktop\BIBLE HUNT CODES\2019\19_bg-odds.pdf,388
PB5029,PB,2019,2018,NO,C:\Users\tyler\Desktop\BIBLE HUNT CODES\2019\19_bg-odds.pdf,389
PB5030,PB,2019,2018,NO,C:\Users\tyler\Desktop\BIBLE HUNT CODES\2019\19_bg-odds.pdf,390
PB5031,PB,2019,2018,NO,C:\Users\tyler\Desktop\BIBLE HUNT CODES\2019\19_bg-odds.pdf,391
PB5032,PB,2019,2018,NO,C:\Users\tyler\Desktop\BIBLE HUNT CODES\2019\19_bg-odds.pdf,392
PB5033,PB,2019,2018,NO,C:\Users\tyler\Desktop\BIBLE HUNT CODES\2019\19_bg-odds.pdf,393
PB5034,PB,2019,2018,NO,C:\Users\tyler\Desktop\BIBLE HUNT CODES\2019\19_bg-odds.pdf,394
PB5035,PB,2019,2018,NO,C:\Users\tyler\Desktop\BIBLE HUNT CODES\2019\19_bg-odds.pdf,395
PB5037,PB,2019,2018,NO,C:\Users\tyler\Desktop\BIBLE HUNT CODES\2019\19_bg-odds.pdf,396
PB5038,PB,2019,2018,NO,C:\Users\tyler\Desktop\BIBLE HUNT CODES\2019\19_bg-odds.pdf,397
PB5039,PB,2019,2018,NO,C:\Users\tyler\Desktop\BIBLE HUNT CODES\2019\19_bg-odds.pdf,398
PB5040,PB,2019,2018,NO,C:\Users\tyler\Desktop\BIBLE HUNT CODES\2019\19_bg-odds.pdf,399
PB5041,PB,2019,2018,NO,C:\Users\tyler\Desktop\BIBLE HUNT CODES\2019\19_bg-odds.pdf,400
PB5042,PB,2019,2018,NO,C:\Users\tyler\Desktop\BIBLE HUNT CODES\2019\19_bg-odds.pdf,401
PB5044,PB,2019,2018,NO,C:\Users\tyler\Desktop\BIBLE HUNT CODES\2019\19_bg-odds.pdf,402
PB5045,PB,2019,2018,NO,C:\Users\tyler\Desktop\BIBLE HUNT CODES\2019\19_bg-odds.pdf,403
PB5046,PB,2019,2018,NO,C:\Users\tyler\Desktop\BIBLE HUNT CODES\2019\19_bg-odds.pdf,404
PB5047,PB,2019,2018,NO,C:\Users\tyler\Desktop\BIBLE HUNT CODES\2019\19_bg-odds.pdf,405
PB5048,PB,2019,2018,NO,C:\Users\tyler\Desktop\BIBLE HUNT CODES\2019\19_bg-odds.pdf,406
PB5049,PB,2019,2018,NO,C:\Users\tyler\Desktop\BIBLE HUNT CODES\2019\19_bg-odds.pdf,407
PB5050,PB,2019,2018,NO,C:\Users\tyler\Desktop\BIBLE HUNT CODES\2019\19_bg-odds.pdf,408
PB5051,PB,2019,2018,NO,C:\Users\tyler\Desktop\BIBLE HUNT CODES\2019\19_bg-odds.pdf,409
PB5052,PB,2019,2018,NO,C:\Users\tyler\Desktop\BIBLE HUNT CODES\2019\19_bg-odds.pdf,410
PB5053,PB,2019,2018,NO,C:\Users\tyler\Desktop\BIBLE HUNT CODES\2019\19_bg-odds.pdf,411
PB5054,PB,2019,2018,NO,C:\Users\tyler\Desktop\BIBLE HUNT CODES\2019\19_bg-odds.pdf,412
PB5055,PB,2019,2018,NO,C:\Users\tyler\Desktop\BIBLE HUNT CODES\2019\19_bg-odds.pdf,413
PB5056,PB,2019,2018,NO,C:\Users\tyler\Desktop\BIBLE HUNT CODES\2019\19_bg-odds.pdf,414
PB5058,PB,2019,2018,NO,C:\Users\tyler\Desktop\BIBLE HUNT CODES\2019\19_bg-odds.pdf,415
PB5059,PB,2019,2018,NO,C:\Users\tyler\Desktop\BIBLE HUNT CODES\2019\19_bg-odds.pdf,416
PB5060,PB,2019,2018,NO,C:\Users\tyler\Desktop\BIBLE HUNT CODES\2019\19_bg-odds.pdf,417
PB5300,PB,2019,2018,NO,C:\Users\tyler\Desktop\BIBLE HUNT CODES\2019\19_bg-odds.pdf,418
PB5302,PB,2019,2018,NO,C:\Users\tyler\Desktop\BIBLE HUNT CODES\2019\19_bg-odds.pdf,419
PB5303,PB,2019,2018,NO,C:\Users\tyler\Desktop\BIBLE HUNT CODES\2019\19_bg-odds.pdf,420
PB5304,PB,2019,2018,NO,C:\Users\tyler\Desktop\BIBLE HUNT CODES\2019\19_bg-odds.pdf,421
PB5305,PB,2019,2018,NO,C:\Users\tyler\Desktop\BIBLE HUNT CODES\2019\19_bg-odds.pdf,422
PB5306,PB,2019,2018,NO,C:\Users\tyler\Desktop\BIBLE HUNT CODES\2019\19_bg-odds.pdf,423
PB5307,PB,2019,2018,NO,C:\Users\tyler\Desktop\BIBLE HUNT CODES\2019\19_bg-odds.pdf,424
PB5308,PB,2019,2018,NO,C:\Users\tyler\Desktop\BIBLE HUNT CODES\2019\19_bg-odds.pdf,425
PB5309,PB,2019,2018,NO,C:\Users\tyler\Desktop\BIBLE HUNT CODES\2019\19_bg-odds.pdf,426
PB5310,PB,2019,2018,NO,C:\Users\tyler\Desktop\BIBLE HUNT CODES\2019\19_bg-odds.pdf,427
PB5311,PB,2019,2018,NO,C:\Users\tyler\Desktop\BIBLE HUNT CODES\2019\19_bg-odds.pdf,428
PB5312,PB,2019,2018,NO,C:\Users\tyler\Desktop\BIBLE HUNT CODES\2019\19_bg-odds.pdf,429
PB5313,PB,2019,2018,NO,C:\Users\tyler\Desktop\BIBLE HUNT CODES\2019\19_bg-odds.pdf,430
PB5314,PB,2019,2018,NO,C:\Users\tyler\Desktop\BIBLE HUNT CODES\2019\19_bg-odds.pdf,431
PB5315,PB,2019,2018,NO,C:\Users\tyler\Desktop\BIBLE HUNT CODES\2019\19_bg-odds.pdf,432
PB5325,PB,2019,2018,NO,C:\Users\tyler\Desktop\BIBLE HUNT CODES\2019\19_bg-odds.pdf,433
PB5326,PB,2019,2018,NO,C:\Users\tyler\Desktop\BIBLE HUNT CODES\2019\19_bg-odds.pdf,434
PB5327,PB,2019,2018,NO,C:\Users\tyler\Desktop\BIBLE HUNT CODES\2019\19_bg-odds.pdf,435
PB5328,PB,2019,2018,NO,C:\Users\tyler\Desktop\BIBLE HUNT CODES\2019\19_bg-odds.pdf,436
PB5329,PB,2019,2018,NO,C:\Users\tyler\Desktop\BIBLE HUNT CODES\2019\19_bg-odds.pdf,437
PB5330,PB,2019,2018,NO,C:\Users\tyler\Desktop\BIBLE HUNT CODES\2019\19_bg-odds.pdf,438
PB5331,PB,2019,2018,NO,C:\Users\tyler\Desktop\BIBLE HUNT CODES\2019\19_bg-odds.pdf,439
PB5332,PB,2019,2018,NO,C:\Users\tyler\Desktop\BIBLE HUNT CODES\2019\19_bg-odds.pdf,440
PB5333,PB,2019,2018,NO,C:\Users\tyler\Desktop\BIBLE HUNT CODES\2019\19_bg-odds.pdf,441
PB5334,PB,2019,2018,NO,C:\Users\tyler\Desktop\BIBLE HUNT CODES\2019\19_bg-odds.pdf,442
PB5335,PB,2019,2018,NO,C:\Users\tyler\Desktop\BIBLE HUNT CODES\2019\19_bg-odds.pdf,443
PB5337,PB,2019,2018,NO,C:\Users\tyler\Desktop\BIBLE HUNT CODES\2019\19_bg-odds.pdf,444
PD1000,PD,2019,2018,NO,C:\Users\tyler\Desktop\BIBLE HUNT CODES\2019\19_antlerless_drawing_odds_report.pdf|C:\Users\tyler\Desktop\BIBLE HUNT CODES\2019\19_youth_antlerless_drawing_odds_report.pdf,201|226
PD1001,PD,2019,2018,NO,C:\Users\tyler\Desktop\BIBLE HUNT CODES\2019\19_antlerless_drawing_odds_report.pdf|C:\Users\tyler\Desktop\BIBLE HUNT CODES\2019\19_youth_antlerless_drawing_odds_report.pdf,202|227
PD1002,PD,2019,2018,NO,C:\Users\tyler\Desktop\BIBLE HUNT CODES\2019\19_antlerless_drawing_odds_report.pdf|C:\Users\tyler\Desktop\BIBLE HUNT CODES\2019\19_youth_antlerless_drawing_odds_report.pdf,203|228
PD1003,PD,2019,2018,NO,C:\Users\tyler\Desktop\BIBLE HUNT CODES\2019\19_antlerless_drawing_odds_report.pdf|C:\Users\tyler\Desktop\BIBLE HUNT CODES\2019\19_youth_antlerless_drawing_odds_report.pdf,204|229
PD1005,PD,2019,2018,NO,C:\Users\tyler\Desktop\BIBLE HUNT CODES\2019\19_antlerless_drawing_odds_report.pdf,230
PD1006,PD,2019,2018,NO,C:\Users\tyler\Desktop\BIBLE HUNT CODES\2019\19_antlerless_drawing_odds_report.pdf|C:\Users\tyler\Desktop\BIBLE HUNT CODES\2019\19_youth_antlerless_drawing_odds_report.pdf,205|231
PD1007,PD,2019,2018,NO,C:\Users\tyler\Desktop\BIBLE HUNT CODES\2019\19_antlerless_drawing_odds_report.pdf|C:\Users\tyler\Desktop\BIBLE HUNT CODES\2019\19_youth_antlerless_drawing_odds_report.pdf,206|232
PD1008,PD,2019,2018,NO,C:\Users\tyler\Desktop\BIBLE HUNT CODES\2019\19_antlerless_drawing_odds_report.pdf|C:\Users\tyler\Desktop\BIBLE HUNT CODES\2019\19_youth_antlerless_drawing_odds_report.pdf,207|233
PD1009,PD,2019,2018,NO,C:\Users\tyler\Desktop\BIBLE HUNT CODES\2019\19_antlerless_drawing_odds_report.pdf|C:\Users\tyler\Desktop\BIBLE HUNT CODES\2019\19_youth_antlerless_drawing_odds_report.pdf,208|234
PD1011,PD,2019,2018,NO,C:\Users\tyler\Desktop\BIBLE HUNT CODES\2019\19_antlerless_drawing_odds_report.pdf|C:\Users\tyler\Desktop\BIBLE HUNT CODES\2019\19_youth_antlerless_drawing_odds_report.pdf,209|235
PD1012,PD,2019,2018,NO,C:\Users\tyler\Desktop\BIBLE HUNT CODES\2019\19_antlerless_drawing_odds_report.pdf|C:\Users\tyler\Desktop\BIBLE HUNT CODES\2019\19_youth_antlerless_drawing_odds_report.pdf,210|236
PD1013,PD,2019,2018,NO,C:\Users\tyler\Desktop\BIBLE HUNT CODES\2019\19_antlerless_drawing_odds_report.pdf,237
PD1014,PD,2019,2018,NO,C:\Users\tyler\Desktop\BIBLE HUNT CODES\2019\19_antlerless_drawing_odds_report.pdf|C:\Users\tyler\Desktop\BIBLE HUNT CODES\2019\19_youth_antlerless_drawing_odds_report.pdf,211|238
PD1015,PD,2019,2018,NO,C:\Users\tyler\Desktop\BIBLE HUNT CODES\2019\19_antlerless_drawing_odds_report.pdf|C:\Users\tyler\Desktop\BIBLE HUNT CODES\2019\19_youth_antlerless_drawing_odds_report.pdf,212|239
PD1016,PD,2019,2018,NO,C:\Users\tyler\Desktop\BIBLE HUNT CODES\2019\19_antlerless_drawing_odds_report.pdf|C:\Users\tyler\Desktop\BIBLE HUNT CODES\2019\19_youth_antlerless_drawing_odds_report.pdf,213|240
PD1017,PD,2019,2018,NO,C:\Users\tyler\Desktop\BIBLE HUNT CODES\2019\19_antlerless_drawing_odds_report.pdf|C:\Users\tyler\Desktop\BIBLE HUNT CODES\2019\19_youth_antlerless_drawing_odds_report.pdf,214|241
PD1018,PD,2019,2018,NO,C:\Users\tyler\Desktop\BIBLE HUNT CODES\2019\19_antlerless_drawing_odds_report.pdf|C:\Users\tyler\Desktop\BIBLE HUNT CODES\2019\19_youth_antlerless_drawing_odds_report.pdf,215|242
PD1019,PD,2019,2018,NO,C:\Users\tyler\Desktop\BIBLE HUNT CODES\2019\19_antlerless_drawing_odds_report.pdf|C:\Users\tyler\Desktop\BIBLE HUNT CODES\2019\19_youth_antlerless_drawing_odds_report.pdf,216|243
PD1020,PD,2019,2018,NO,C:\Users\tyler\Desktop\BIBLE HUNT CODES\2019\19_antlerless_drawing_odds_report.pdf|C:\Users\tyler\Desktop\BIBLE HUNT CODES\2019\19_youth_antlerless_drawing_odds_report.pdf,217|244
PD1022,PD,2019,2018,NO,C:\Users\tyler\Desktop\BIBLE HUNT CODES\2019\19_antlerless_drawing_odds_report.pdf|C:\Users\tyler\Desktop\BIBLE HUNT CODES\2019\19_youth_antlerless_drawing_odds_report.pdf,218|245
PD1023,PD,2019,2018,NO,C:\Users\tyler\Desktop\BIBLE HUNT CODES\2019\19_antlerless_drawing_odds_report.pdf,246
PD1024,PD,2019,2018,NO,C:\Users\tyler\Desktop\BIBLE HUNT CODES\2019\19_antlerless_drawing_odds_report.pdf|C:\Users\tyler\Desktop\BIBLE HUNT CODES\2019\19_youth_antlerless_drawing_odds_report.pdf,219|247
PD1025,PD,2019,2018,NO,C:\Users\tyler\Desktop\BIBLE HUNT CODES\2019\19_antlerless_drawing_odds_report.pdf|C:\Users\tyler\Desktop\BIBLE HUNT CODES\2019\19_youth_antlerless_drawing_odds_report.pdf,220|248
PD1026,PD,2019,2018,NO,C:\Users\tyler\Desktop\BIBLE HUNT CODES\2019\19_antlerless_drawing_odds_report.pdf|C:\Users\tyler\Desktop\BIBLE HUNT CODES\2019\19_youth_antlerless_drawing_odds_report.pdf,221|249
PD1027,PD,2019,2018,NO,C:\Users\tyler\Desktop\BIBLE HUNT CODES\2019\19_antlerless_drawing_odds_report.pdf|C:\Users\tyler\Desktop\BIBLE HUNT CODES\2019\19_youth_antlerless_drawing_odds_report.pdf,222|250
PD1028,PD,2019,2018,NO,C:\Users\tyler\Desktop\BIBLE HUNT CODES\2019\19_antlerless_drawing_odds_report.pdf|C:\Users\tyler\Desktop\BIBLE HUNT CODES\2019\19_youth_antlerless_drawing_odds_report.pdf,223|251
PD1029,PD,2019,2018,NO,C:\Users\tyler\Desktop\BIBLE HUNT CODES\2019\19_antlerless_drawing_odds_report.pdf|C:\Users\tyler\Desktop\BIBLE HUNT CODES\2019\19_youth_antlerless_drawing_odds_report.pdf,224|252
PD1030,PD,2019,2018,NO,C:\Users\tyler\Desktop\BIBLE HUNT CODES\2019\19_antlerless_drawing_odds_report.pdf|C:\Users\tyler\Desktop\BIBLE HUNT CODES\2019\19_youth_antlerless_drawing_odds_report.pdf,225|253
PD1031,PD,2019,2018,NO,C:\Users\tyler\Desktop\BIBLE HUNT CODES\2019\19_antlerless_drawing_odds_report.pdf|C:\Users\tyler\Desktop\BIBLE HUNT CODES\2019\19_youth_antlerless_drawing_odds_report.pdf,226|254
PD1032,PD,2019,2018,NO,C:\Users\tyler\Desktop\BIBLE HUNT CODES\2019\19_antlerless_drawing_odds_report.pdf|C:\Users\tyler\Desktop\BIBLE HUNT CODES\2019\19_youth_antlerless_drawing_odds_report.pdf,227|255
PD1033,PD,2019,2018,NO,C:\Users\tyler\Desktop\BIBLE HUNT CODES\2019\19_antlerless_drawing_odds_report.pdf|C:\Users\tyler\Desktop\BIBLE HUNT CODES\2019\19_youth_antlerless_drawing_odds_report.pdf,228|256
PD1034,PD,2019,2018,NO,C:\Users\tyler\Desktop\BIBLE HUNT CODES\2019\19_antlerless_drawing_odds_report.pdf|C:\Users\tyler\Desktop\BIBLE HUNT CODES\2019\19_youth_antlerless_drawing_odds_report.pdf,229|257
PD1035,PD,2019,2018,NO,C:\Users\tyler\Desktop\BIBLE HUNT CODES\2019\19_antlerless_drawing_odds_report.pdf|C:\Users\tyler\Desktop\BIBLE HUNT CODES\2019\19_youth_antlerless_drawing_odds_report.pdf,230|258
PD1036,PD,2019,2018,NO,C:\Users\tyler\Desktop\BIBLE HUNT CODES\2019\19_antlerless_drawing_odds_report.pdf|C:\Users\tyler\Desktop\BIBLE HUNT CODES\2019\19_youth_antlerless_drawing_odds_report.pdf,231|259
PD1037,PD,2019,2018,NO,C:\Users\tyler\Desktop\BIBLE HUNT CODES\2019\19_antlerless_drawing_odds_report.pdf|C:\Users\tyler\Desktop\BIBLE HUNT CODES\2019\19_youth_antlerless_drawing_odds_report.pdf,232|260
PD1038,PD,2019,2018,NO,C:\Users\tyler\Desktop\BIBLE HUNT CODES\2019\19_antlerless_drawing_odds_report.pdf|C:\Users\tyler\Desktop\BIBLE HUNT CODES\2019\19_youth_antlerless_drawing_odds_report.pdf,233|261
PD1039,PD,2019,2018,NO,C:\Users\tyler\Desktop\BIBLE HUNT CODES\2019\19_antlerless_drawing_odds_report.pdf|C:\Users\tyler\Desktop\BIBLE HUNT CODES\2019\19_youth_antlerless_drawing_odds_report.pdf,234|262
PD1040,PD,2019,2018,NO,C:\Users\tyler\Desktop\BIBLE HUNT CODES\2019\19_antlerless_drawing_odds_report.pdf|C:\Users\tyler\Desktop\BIBLE HUNT CODES\2019\19_youth_antlerless_drawing_odds_report.pdf,235|263
PD1041,PD,2019,2018,NO,C:\Users\tyler\Desktop\BIBLE HUNT CODES\2019\19_antlerless_drawing_odds_report.pdf,264
RS6701,RS,2019,2018,NO,C:\Users\tyler\Desktop\BIBLE HUNT CODES\2019\19_bg-odds.pdf,521
RS6703,RS,2019,2018,NO,C:\Users\tyler\Desktop\BIBLE HUNT CODES\2019\19_bg-odds.pdf,522
RS6704,RS,2019,2018,NO,C:\Users\tyler\Desktop\BIBLE HUNT CODES\2019\19_bg-odds.pdf,523
RS6712,RS,2019,2018,NO,C:\Users\tyler\Desktop\BIBLE HUNT CODES\2019\19_bg-odds.pdf,524
RS6713,RS,2019,2018,NO,C:\Users\tyler\Desktop\BIBLE HUNT CODES\2019\19_bg-odds.pdf,525
RS6714,RS,2019,2018,NO,C:\Users\tyler\Desktop\BIBLE HUNT CODES\2019\19_bg-odds.pdf,526
RS6719,RS,2019,2018,NO,C:\Users\tyler\Desktop\BIBLE HUNT CODES\2019\19_bg-odds.pdf,527
RS6720,RS,2019,2018,NO,C:\Users\tyler\Desktop\BIBLE HUNT CODES\2019\19_bg-odds.pdf,528
RS6721,RS,2019,2018,NO,C:\Users\tyler\Desktop\BIBLE HUNT CODES\2019\19_bg-odds.pdf,529
RS6722,RS,2019,2018,NO,C:\Users\tyler\Desktop\BIBLE HUNT CODES\2019\19_bg-odds.pdf,530
BI6521,BI,2020,2019,NO,C:\Users\tyler\Desktop\BIBLE HUNT CODES\2020\2020_PERMITS=2021_MODEL__L.E. BIG GAME DRAW RESULTS.pdf|C:\Users\tyler\Desktop\BIBLE HUNT CODES\2020\2020_PERMITS=2021_MODEL__O.I.L. BISON.pdf,14|504
BI6522,BI,2020,2019,NO,C:\Users\tyler\Desktop\BIBLE HUNT CODES\2020\2020_PERMITS=2021_MODEL__L.E. BIG GAME DRAW RESULTS.pdf|C:\Users\tyler\Desktop\BIBLE HUNT CODES\2020\2020_PERMITS=2021_MODEL__O.I.L. BISON.pdf,15|505
BI6523,BI,2020,2019,NO,C:\Users\tyler\Desktop\BIBLE HUNT CODES\2020\2020_PERMITS=2021_MODEL__L.E. BIG GAME DRAW RESULTS.pdf|C:\Users\tyler\Desktop\BIBLE HUNT CODES\2020\2020_PERMITS=2021_MODEL__O.I.L. BISON.pdf,16|506
BI6524,BI,2020,2019,NO,C:\Users\tyler\Desktop\BIBLE HUNT CODES\2020\2020_PERMITS=2021_MODEL__L.E. BIG GAME DRAW RESULTS.pdf|C:\Users\tyler\Desktop\BIBLE HUNT CODES\2020\2020_PERMITS=2021_MODEL__O.I.L. BISON.pdf,17|507
BR1015,BR,2020,2019,NO,C:\Users\tyler\Desktop\BIBLE HUNT CODES\2020\2020_PERMITS=2021_MODEL__BEAR DRAW RESULTS.pdf,9
BR1016,BR,2020,2019,NO,C:\Users\tyler\Desktop\BIBLE HUNT CODES\2020\2020_PERMITS=2021_MODEL__BEAR DRAW RESULTS.pdf,10
BR1017,BR,2020,2019,NO,C:\Users\tyler\Desktop\BIBLE HUNT CODES\2020\2020_PERMITS=2021_MODEL__BEAR DRAW RESULTS.pdf,11
DA1044,DA,2020,2019,NO,C:\Users\tyler\Desktop\BIBLE HUNT CODES\2020\2020_PERMITS=2021_MODEL__ANTLERLESS DRAW RESULTS.pdf|C:\Users\tyler\Desktop\BIBLE HUNT CODES\2020\2020_PERMITS=2021_MODEL__YOUTH ANTLERLESS DRAW RESULTS.pdf,28|30
DB1032,DB,2020,2019,NO,C:\Users\tyler\Desktop\BIBLE HUNT CODES\2020\2020_PERMITS=2021_MODEL__L.E. BIG GAME DRAW RESULTS.pdf|C:\Users\tyler\Desktop\BIBLE HUNT CODES\2020\2020_PERMITS=2021_MODEL__L.E. DEER.pdf,34|35
DB1055,DB,2020,2019,NO,C:\Users\tyler\Desktop\BIBLE HUNT CODES\2020\2020_PERMITS=2021_MODEL__L.E. BIG GAME DRAW RESULTS.pdf|C:\Users\tyler\Desktop\BIBLE HUNT CODES\2020\2020_PERMITS=2021_MODEL__L.E. DEER.pdf,54|55
DB1077,DB,2020,2019,NO,C:\Users\tyler\Desktop\BIBLE HUNT CODES\2020\2020_PERMITS=2021_MODEL__L.E. BIG GAME DRAW RESULTS.pdf|C:\Users\tyler\Desktop\BIBLE HUNT CODES\2020\2020_PERMITS=2021_MODEL__L.E. DEER.pdf,60|61
DB1078,DB,2020,2019,NO,C:\Users\tyler\Desktop\BIBLE HUNT CODES\2020\2020_PERMITS=2021_MODEL__L.E. BIG GAME DRAW RESULTS.pdf|C:\Users\tyler\Desktop\BIBLE HUNT CODES\2020\2020_PERMITS=2021_MODEL__L.E. DEER.pdf,61|62
DB1079,DB,2020,2019,NO,C:\Users\tyler\Desktop\BIBLE HUNT CODES\2020\2020_PERMITS=2021_MODEL__L.E. BIG GAME DRAW RESULTS.pdf|C:\Users\tyler\Desktop\BIBLE HUNT CODES\2020\2020_PERMITS=2021_MODEL__L.E. DEER.pdf,62|63
DB1080,DB,2020,2019,NO,C:\Users\tyler\Desktop\BIBLE HUNT CODES\2020\2020_PERMITS=2021_MODEL__L.E. BIG GAME DRAW RESULTS.pdf|C:\Users\tyler\Desktop\BIBLE HUNT CODES\2020\2020_PERMITS=2021_MODEL__L.E. DEER.pdf,63|64
DB1081,DB,2020,2019,NO,C:\Users\tyler\Desktop\BIBLE HUNT CODES\2020\2020_PERMITS=2021_MODEL__L.E. BIG GAME DRAW RESULTS.pdf|C:\Users\tyler\Desktop\BIBLE HUNT CODES\2020\2020_PERMITS=2021_MODEL__L.E. DEER.pdf,64|65
DB1082,DB,2020,2019,NO,C:\Users\tyler\Desktop\BIBLE HUNT CODES\2020\2020_PERMITS=2021_MODEL__L.E. BIG GAME DRAW RESULTS.pdf|C:\Users\tyler\Desktop\BIBLE HUNT CODES\2020\2020_PERMITS=2021_MODEL__L.E. DEER.pdf,65|66
DB1083,DB,2020,2019,NO,C:\Users\tyler\Desktop\BIBLE HUNT CODES\2020\2020_PERMITS=2021_MODEL__L.E. BIG GAME DRAW RESULTS.pdf|C:\Users\tyler\Desktop\BIBLE HUNT CODES\2020\2020_PERMITS=2021_MODEL__L.E. DEER.pdf,66|67
DB1084,DB,2020,2019,NO,C:\Users\tyler\Desktop\BIBLE HUNT CODES\2020\2020_PERMITS=2021_MODEL__L.E. BIG GAME DRAW RESULTS.pdf|C:\Users\tyler\Desktop\BIBLE HUNT CODES\2020\2020_PERMITS=2021_MODEL__L.E. DEER.pdf,67|68
DB1085,DB,2020,2019,NO,C:\Users\tyler\Desktop\BIBLE HUNT CODES\2020\2020_PERMITS=2021_MODEL__L.E. BIG GAME DRAW RESULTS.pdf|C:\Users\tyler\Desktop\BIBLE HUNT CODES\2020\2020_PERMITS=2021_MODEL__L.E. DEER.pdf,68|69
DB1086,DB,2020,2019,NO,C:\Users\tyler\Desktop\BIBLE HUNT CODES\2020\2020_PERMITS=2021_MODEL__L.E. BIG GAME DRAW RESULTS.pdf|C:\Users\tyler\Desktop\BIBLE HUNT CODES\2020\2020_PERMITS=2021_MODEL__L.E. DEER.pdf,69|70
DB1087,DB,2020,2019,NO,C:\Users\tyler\Desktop\BIBLE HUNT CODES\2020\2020_PERMITS=2021_MODEL__L.E. BIG GAME DRAW RESULTS.pdf|C:\Users\tyler\Desktop\BIBLE HUNT CODES\2020\2020_PERMITS=2021_MODEL__L.E. DEER.pdf,70|71
DB1088,DB,2020,2019,NO,C:\Users\tyler\Desktop\BIBLE HUNT CODES\2020\2020_PERMITS=2021_MODEL__L.E. BIG GAME DRAW RESULTS.pdf|C:\Users\tyler\Desktop\BIBLE HUNT CODES\2020\2020_PERMITS=2021_MODEL__L.E. DEER.pdf,71|72
DB1089,DB,2020,2019,NO,C:\Users\tyler\Desktop\BIBLE HUNT CODES\2020\2020_PERMITS=2021_MODEL__L.E. BIG GAME DRAW RESULTS.pdf|C:\Users\tyler\Desktop\BIBLE HUNT CODES\2020\2020_PERMITS=2021_MODEL__L.E. DEER.pdf,72|73
DB1090,DB,2020,2019,NO,C:\Users\tyler\Desktop\BIBLE HUNT CODES\2020\2020_PERMITS=2021_MODEL__L.E. BIG GAME DRAW RESULTS.pdf|C:\Users\tyler\Desktop\BIBLE HUNT CODES\2020\2020_PERMITS=2021_MODEL__L.E. DEER.pdf,73|74
DB1091,DB,2020,2019,NO,C:\Users\tyler\Desktop\BIBLE HUNT CODES\2020\2020_PERMITS=2021_MODEL__L.E. BIG GAME DRAW RESULTS.pdf|C:\Users\tyler\Desktop\BIBLE HUNT CODES\2020\2020_PERMITS=2021_MODEL__L.E. DEER.pdf,74|75
DB1092,DB,2020,2019,NO,C:\Users\tyler\Desktop\BIBLE HUNT CODES\2020\2020_PERMITS=2021_MODEL__L.E. BIG GAME DRAW RESULTS.pdf|C:\Users\tyler\Desktop\BIBLE HUNT CODES\2020\2020_PERMITS=2021_MODEL__L.E. DEER.pdf,75|76
DS6620,DS,2020,2019,NO,C:\Users\tyler\Desktop\BIBLE HUNT CODES\2020\2020_PERMITS=2021_MODEL__L.E. BIG GAME DRAW RESULTS.pdf|C:\Users\tyler\Desktop\BIBLE HUNT CODES\2020\2020_PERMITS=2021_MODEL__O.I.L. DESERT BIGHORN SHEEP.pdf,15|523
DS6621,DS,2020,2019,NO,C:\Users\tyler\Desktop\BIBLE HUNT CODES\2020\2020_PERMITS=2021_MODEL__L.E. BIG GAME DRAW RESULTS.pdf|C:\Users\tyler\Desktop\BIBLE HUNT CODES\2020\2020_PERMITS=2021_MODEL__O.I.L. DESERT BIGHORN SHEEP.pdf,16|524
DS6622,DS,2020,2019,NO,C:\Users\tyler\Desktop\BIBLE HUNT CODES\2020\2020_PERMITS=2021_MODEL__L.E. BIG GAME DRAW RESULTS.pdf|C:\Users\tyler\Desktop\BIBLE HUNT CODES\2020\2020_PERMITS=2021_MODEL__O.I.L. DESERT BIGHORN SHEEP.pdf,17|525
DS6623,DS,2020,2019,NO,C:\Users\tyler\Desktop\BIBLE HUNT CODES\2020\2020_PERMITS=2021_MODEL__L.E. BIG GAME DRAW RESULTS.pdf|C:\Users\tyler\Desktop\BIBLE HUNT CODES\2020\2020_PERMITS=2021_MODEL__O.I.L. DESERT BIGHORN SHEEP.pdf,18|526
EA1222,EA,2020,2019,NO,C:\Users\tyler\Desktop\BIBLE HUNT CODES\2020\2020_PERMITS=2021_MODEL__ANTLERLESS DRAW RESULTS.pdf|C:\Users\tyler\Desktop\BIBLE HUNT CODES\2020\2020_PERMITS=2021_MODEL__YOUTH ANTLERLESS DRAW RESULTS.pdf,172|182
EA1223,EA,2020,2019,NO,C:\Users\tyler\Desktop\BIBLE HUNT CODES\2020\2020_PERMITS=2021_MODEL__ANTLERLESS DRAW RESULTS.pdf|C:\Users\tyler\Desktop\BIBLE HUNT CODES\2020\2020_PERMITS=2021_MODEL__YOUTH ANTLERLESS DRAW RESULTS.pdf,173|183
EA1224,EA,2020,2019,NO,C:\Users\tyler\Desktop\BIBLE HUNT CODES\2020\2020_PERMITS=2021_MODEL__ANTLERLESS DRAW RESULTS.pdf|C:\Users\tyler\Desktop\BIBLE HUNT CODES\2020\2020_PERMITS=2021_MODEL__YOUTH ANTLERLESS DRAW RESULTS.pdf,174|184
EA1225,EA,2020,2019,NO,C:\Users\tyler\Desktop\BIBLE HUNT CODES\2020\2020_PERMITS=2021_MODEL__ANTLERLESS DRAW RESULTS.pdf|C:\Users\tyler\Desktop\BIBLE HUNT CODES\2020\2020_PERMITS=2021_MODEL__YOUTH ANTLERLESS DRAW RESULTS.pdf,175|185
EA1226,EA,2020,2019,NO,C:\Users\tyler\Desktop\BIBLE HUNT CODES\2020\2020_PERMITS=2021_MODEL__ANTLERLESS DRAW RESULTS.pdf|C:\Users\tyler\Desktop\BIBLE HUNT CODES\2020\2020_PERMITS=2021_MODEL__YOUTH ANTLERLESS DRAW RESULTS.pdf,176|186
EA1227,EA,2020,2019,NO,C:\Users\tyler\Desktop\BIBLE HUNT CODES\2020\2020_PERMITS=2021_MODEL__ANTLERLESS DRAW RESULTS.pdf|C:\Users\tyler\Desktop\BIBLE HUNT CODES\2020\2020_PERMITS=2021_MODEL__YOUTH ANTLERLESS DRAW RESULTS.pdf,177|187
EA1228,EA,2020,2019,NO,C:\Users\tyler\Desktop\BIBLE HUNT CODES\2020\2020_PERMITS=2021_MODEL__ANTLERLESS DRAW RESULTS.pdf|C:\Users\tyler\Desktop\BIBLE HUNT CODES\2020\2020_PERMITS=2021_MODEL__YOUTH ANTLERLESS DRAW RESULTS.pdf,178|188
EA1229,EA,2020,2019,NO,C:\Users\tyler\Desktop\BIBLE HUNT CODES\2020\2020_PERMITS=2021_MODEL__ANTLERLESS DRAW RESULTS.pdf|C:\Users\tyler\Desktop\BIBLE HUNT CODES\2020\2020_PERMITS=2021_MODEL__YOUTH ANTLERLESS DRAW RESULTS.pdf,179|189
EA1230,EA,2020,2019,NO,C:\Users\tyler\Desktop\BIBLE HUNT CODES\2020\2020_PERMITS=2021_MODEL__ANTLERLESS DRAW RESULTS.pdf|C:\Users\tyler\Desktop\BIBLE HUNT CODES\2020\2020_PERMITS=2021_MODEL__YOUTH ANTLERLESS DRAW RESULTS.pdf,180|190
EA1231,EA,2020,2019,NO,C:\Users\tyler\Desktop\BIBLE HUNT CODES\2020\2020_PERMITS=2021_MODEL__ANTLERLESS DRAW RESULTS.pdf|C:\Users\tyler\Desktop\BIBLE HUNT CODES\2020\2020_PERMITS=2021_MODEL__YOUTH ANTLERLESS DRAW RESULTS.pdf,181|191
EB3530,EB,2020,2019,NO,C:\Users\tyler\Desktop\BIBLE HUNT CODES\2020\2020_PERMITS=2021_MODEL__L.E. BIG GAME DRAW RESULTS.pdf|C:\Users\tyler\Desktop\BIBLE HUNT CODES\2020\2020_PERMITS=2021_MODEL__L.E. ELK.pdf,157|342
MA1005,MA,2020,2019,NO,C:\Users\tyler\Desktop\BIBLE HUNT CODES\2020\2020_PERMITS=2021_MODEL__ANTLERLESS DRAW RESULTS.pdf,234
MB6254,MB,2020,2019,NO,C:\Users\tyler\Desktop\BIBLE HUNT CODES\2020\2020_PERMITS=2021_MODEL__L.E. BIG GAME DRAW RESULTS.pdf|C:\Users\tyler\Desktop\BIBLE HUNT CODES\2020\2020_PERMITS=2021_MODEL__O.I.L. BULL MOOSE.pdf|C:\Users\tyler\Desktop\BIBLE HUNT CODES\2020\2020_PERMITS=2021_MODEL__O.I.L. MOOSE.pdf,28|488
PB5061,PB,2020,2019,NO,C:\Users\tyler\Desktop\BIBLE HUNT CODES\2020\2020_PERMITS=2021_MODEL__L.E. BIG GAME DRAW RESULTS.pdf|C:\Users\tyler\Desktop\BIBLE HUNT CODES\2020\2020_PERMITS=2021_MODEL__L.E. PRONGHORN.pdf,57|434
PB5062,PB,2020,2019,NO,C:\Users\tyler\Desktop\BIBLE HUNT CODES\2020\2020_PERMITS=2021_MODEL__L.E. BIG GAME DRAW RESULTS.pdf|C:\Users\tyler\Desktop\BIBLE HUNT CODES\2020\2020_PERMITS=2021_MODEL__L.E. PRONGHORN.pdf,58|435
PD1042,PD,2020,2019,NO,C:\Users\tyler\Desktop\BIBLE HUNT CODES\2020\2020_PERMITS=2021_MODEL__ANTLERLESS DRAW RESULTS.pdf|C:\Users\tyler\Desktop\BIBLE HUNT CODES\2020\2020_PERMITS=2021_MODEL__YOUTH ANTLERLESS DRAW RESULTS.pdf,216|227
RE1000,RE,2020,2019,NO,C:\Users\tyler\Desktop\BIBLE HUNT CODES\2020\2020_PERMITS=2021_MODEL__ANTLERLESS DRAW RESULTS.pdf,237
RS6702,RS,2020,2019,NO,C:\Users\tyler\Desktop\BIBLE HUNT CODES\2020\2020_PERMITS=2021_MODEL__L.E. BIG GAME DRAW RESULTS.pdf|C:\Users\tyler\Desktop\BIBLE HUNT CODES\2020\2020_PERMITS=2021_MODEL__O.I.L. ROCKY MTN SHEEP.pdf,3|530
RS6708,RS,2020,2019,NO,C:\Users\tyler\Desktop\BIBLE HUNT CODES\2020\2020_PERMITS=2021_MODEL__L.E. BIG GAME DRAW RESULTS.pdf|C:\Users\tyler\Desktop\BIBLE HUNT CODES\2020\2020_PERMITS=2021_MODEL__O.I.L. ROCKY MTN SHEEP.pdf,6|533
RS6709,RS,2020,2019,NO,C:\Users\tyler\Desktop\BIBLE HUNT CODES\2020\2020_PERMITS=2021_MODEL__L.E. BIG GAME DRAW RESULTS.pdf|C:\Users\tyler\Desktop\BIBLE HUNT CODES\2020\2020_PERMITS=2021_MODEL__O.I.L. ROCKY MTN SHEEP.pdf,7|534
RS6724,RS,2020,2019,NO,C:\Users\tyler\Desktop\BIBLE HUNT CODES\2020\2020_PERMITS=2021_MODEL__L.E. BIG GAME DRAW RESULTS.pdf|C:\Users\tyler\Desktop\BIBLE HUNT CODES\2020\2020_PERMITS=2021_MODEL__O.I.L. ROCKY MTN SHEEP.pdf,13|540
RS6725,RS,2020,2019,NO,C:\Users\tyler\Desktop\BIBLE HUNT CODES\2020\2020_PERMITS=2021_MODEL__L.E. BIG GAME DRAW RESULTS.pdf|C:\Users\tyler\Desktop\BIBLE HUNT CODES\2020\2020_PERMITS=2021_MODEL__O.I.L. ROCKY MTN SHEEP.pdf,14|541
RS6726,RS,2020,2019,NO,C:\Users\tyler\Desktop\BIBLE HUNT CODES\2020\2020_PERMITS=2021_MODEL__L.E. BIG GAME DRAW RESULTS.pdf|C:\Users\tyler\Desktop\BIBLE HUNT CODES\2020\2020_PERMITS=2021_MODEL__O.I.L. ROCKY MTN SHEEP.pdf,15|542
TK1003,TK,2020,2019,NO,C:\Users\tyler\Desktop\BIBLE HUNT CODES\2020\2020_PERMITS=2021_MODEL__TURKEY DRAW RESULTS.pdf|C:\Users\tyler\Desktop\BIBLE HUNT CODES\2020\2020_PERMITS=2021_MODEL__YOUTH TURKEY DRAW RESULTS.pdf,1|2
TK1004,TK,2020,2019,NO,C:\Users\tyler\Desktop\BIBLE HUNT CODES\2020\2020_PERMITS=2021_MODEL__TURKEY DRAW RESULTS.pdf|C:\Users\tyler\Desktop\BIBLE HUNT CODES\2020\2020_PERMITS=2021_MODEL__YOUTH TURKEY DRAW RESULTS.pdf,2|3
TK1005,TK,2020,2019,NO,C:\Users\tyler\Desktop\BIBLE HUNT CODES\2020\2020_PERMITS=2021_MODEL__TURKEY DRAW RESULTS.pdf|C:\Users\tyler\Desktop\BIBLE HUNT CODES\2020\2020_PERMITS=2021_MODEL__YOUTH TURKEY DRAW RESULTS.pdf,3|4
TK1006,TK,2020,2019,NO,C:\Users\tyler\Desktop\BIBLE HUNT CODES\2020\2020_PERMITS=2021_MODEL__TURKEY DRAW RESULTS.pdf|C:\Users\tyler\Desktop\BIBLE HUNT CODES\2020\2020_PERMITS=2021_MODEL__YOUTH TURKEY DRAW RESULTS.pdf,4|5
TK1007,TK,2020,2019,NO,C:\Users\tyler\Desktop\BIBLE HUNT CODES\2020\2020_PERMITS=2021_MODEL__TURKEY DRAW RESULTS.pdf|C:\Users\tyler\Desktop\BIBLE HUNT CODES\2020\2020_PERMITS=2021_MODEL__YOUTH TURKEY DRAW RESULTS.pdf,5|6
TK1018,TK,2020,2019,NO,C:\Users\tyler\Desktop\BIBLE HUNT CODES\2020\2020_PERMITS=2021_MODEL__TURKEY DRAW RESULTS.pdf|C:\Users\tyler\Desktop\BIBLE HUNT CODES\2020\2020_PERMITS=2021_MODEL__YOUTH TURKEY DRAW RESULTS.pdf,6|7
BI6526,BI,2021,2020,NO,C:\Users\tyler\Desktop\BIBLE HUNT CODES\2021\2021_PERMITS=2021_MODEL__L.E. BIG GAME DRAW RESULTS.pdf|C:\Users\tyler\Desktop\BIBLE HUNT CODES\2021\2021_PERMITS=2022_MODEL__O.I.L. BISON.pdf,15|512
CG9999,CG,2021,2020,NO,C:\Users\tyler\Desktop\BIBLE HUNT CODES\2021\2021_PERMITS=2022_MODEL__SPORTSMAN DRAW RESULTS.pdf,1
DA1045,DA,2021,2020,NO,C:\Users\tyler\Desktop\BIBLE HUNT CODES\2021\2021_PERMITS=2022_MODEL__ANTLERLESS DRAW RESULTS.pdf|C:\Users\tyler\Desktop\BIBLE HUNT CODES\2021\2021_PERMITS=2022_MODEL__YOUTH ANTLERLESS DRAW RESULTS.pdf,26|28
DA1046,DA,2021,2020,NO,C:\Users\tyler\Desktop\BIBLE HUNT CODES\2021\2021_PERMITS=2022_MODEL__ANTLERLESS DRAW RESULTS.pdf|C:\Users\tyler\Desktop\BIBLE HUNT CODES\2021\2021_PERMITS=2022_MODEL__YOUTH ANTLERLESS DRAW RESULTS.pdf,27|29
DB1328,DB,2021,2020,NO,C:\Users\tyler\Desktop\BIBLE HUNT CODES\2021\2021_PERMITS=2021_MODEL__L.E. BIG GAME DRAW RESULTS.pdf|C:\Users\tyler\Desktop\BIBLE HUNT CODES\2021\2021_PERMITS=2022_MODEL__L.E. DEER.pdf,175|176
DB1329,DB,2021,2020,NO,C:\Users\tyler\Desktop\BIBLE HUNT CODES\2021\2021_PERMITS=2021_MODEL__L.E. BIG GAME DRAW RESULTS.pdf|C:\Users\tyler\Desktop\BIBLE HUNT CODES\2021\2021_PERMITS=2022_MODEL__L.E. DEER.pdf,176|177
DB1330,DB,2021,2020,NO,C:\Users\tyler\Desktop\BIBLE HUNT CODES\2021\2021_PERMITS=2021_MODEL__L.E. BIG GAME DRAW RESULTS.pdf|C:\Users\tyler\Desktop\BIBLE HUNT CODES\2021\2021_PERMITS=2022_MODEL__L.E. DEER.pdf,177|178
DB1331,DB,2021,2020,NO,C:\Users\tyler\Desktop\BIBLE HUNT CODES\2021\2021_PERMITS=2021_MODEL__L.E. BIG GAME DRAW RESULTS.pdf|C:\Users\tyler\Desktop\BIBLE HUNT CODES\2021\2021_PERMITS=2022_MODEL__L.E. DEER.pdf,178|179
DB1332,DB,2021,2020,NO,C:\Users\tyler\Desktop\BIBLE HUNT CODES\2021\2021_PERMITS=2021_MODEL__L.E. BIG GAME DRAW RESULTS.pdf|C:\Users\tyler\Desktop\BIBLE HUNT CODES\2021\2021_PERMITS=2022_MODEL__L.E. DEER.pdf,179|180
DB1333,DB,2021,2020,NO,C:\Users\tyler\Desktop\BIBLE HUNT CODES\2021\2021_PERMITS=2021_MODEL__L.E. BIG GAME DRAW RESULTS.pdf|C:\Users\tyler\Desktop\BIBLE HUNT CODES\2021\2021_PERMITS=2022_MODEL__L.E. DEER.pdf,180|181
DB1334,DB,2021,2020,NO,C:\Users\tyler\Desktop\BIBLE HUNT CODES\2021\2021_PERMITS=2021_MODEL__L.E. BIG GAME DRAW RESULTS.pdf|C:\Users\tyler\Desktop\BIBLE HUNT CODES\2021\2021_PERMITS=2022_MODEL__L.E. DEER.pdf,181|182
DB1598,DB,2021,2020,NO,C:\Users\tyler\Desktop\BIBLE HUNT CODES\2021\2021_PERMITS=2022_MODEL__G.S. BUCK DEER DRAW RESULTS.pdf|C:\Users\tyler\Desktop\BIBLE HUNT CODES\2021\2021_PERMITS=2022_MODEL__LIFETIME G.S. DEER DRAW RESULTS.pdf|C:\Users\tyler\Desktop\BIBLE HUNT CODES\2021\2021_PERMITS=2022_MODEL__YOUTH G.S. DEER DRAW RESULTS.pdf,95|98
DS6624,DS,2021,2020,NO,C:\Users\tyler\Desktop\BIBLE HUNT CODES\2021\2021_PERMITS=2021_MODEL__L.E. BIG GAME DRAW RESULTS.pdf|C:\Users\tyler\Desktop\BIBLE HUNT CODES\2021\2021_PERMITS=2022_MODEL__O.I.L. DESERT BIGHORN SHEEP.pdf,18|531
EA1082,EA,2021,2020,NO,C:\Users\tyler\Desktop\BIBLE HUNT CODES\2021\2021_PERMITS=2022_MODEL__ANTLERLESS DRAW RESULTS.pdf|C:\Users\tyler\Desktop\BIBLE HUNT CODES\2021\2021_PERMITS=2022_MODEL__YOUTH ANTLERLESS DRAW RESULTS.pdf,78|82
EA1233,EA,2021,2020,NO,C:\Users\tyler\Desktop\BIBLE HUNT CODES\2021\2021_PERMITS=2022_MODEL__ANTLERLESS DRAW RESULTS.pdf,175
EA1234,EA,2021,2020,NO,C:\Users\tyler\Desktop\BIBLE HUNT CODES\2021\2021_PERMITS=2022_MODEL__ANTLERLESS DRAW RESULTS.pdf|C:\Users\tyler\Desktop\BIBLE HUNT CODES\2021\2021_PERMITS=2022_MODEL__YOUTH ANTLERLESS DRAW RESULTS.pdf,167|176
EA1235,EA,2021,2020,NO,C:\Users\tyler\Desktop\BIBLE HUNT CODES\2021\2021_PERMITS=2022_MODEL__ANTLERLESS DRAW RESULTS.pdf,177
EA1236,EA,2021,2020,NO,C:\Users\tyler\Desktop\BIBLE HUNT CODES\2021\2021_PERMITS=2022_MODEL__ANTLERLESS DRAW RESULTS.pdf|C:\Users\tyler\Desktop\BIBLE HUNT CODES\2021\2021_PERMITS=2022_MODEL__YOUTH ANTLERLESS DRAW RESULTS.pdf,168|178
EA1237,EA,2021,2020,NO,C:\Users\tyler\Desktop\BIBLE HUNT CODES\2021\2021_PERMITS=2022_MODEL__ANTLERLESS DRAW RESULTS.pdf|C:\Users\tyler\Desktop\BIBLE HUNT CODES\2021\2021_PERMITS=2022_MODEL__YOUTH ANTLERLESS DRAW RESULTS.pdf,169|179
EA1238,EA,2021,2020,NO,C:\Users\tyler\Desktop\BIBLE HUNT CODES\2021\2021_PERMITS=2022_MODEL__ANTLERLESS DRAW RESULTS.pdf|C:\Users\tyler\Desktop\BIBLE HUNT CODES\2021\2021_PERMITS=2022_MODEL__YOUTH ANTLERLESS DRAW RESULTS.pdf,170|180
EA1239,EA,2021,2020,NO,C:\Users\tyler\Desktop\BIBLE HUNT CODES\2021\2021_PERMITS=2022_MODEL__ANTLERLESS DRAW RESULTS.pdf,181
EA1240,EA,2021,2020,NO,C:\Users\tyler\Desktop\BIBLE HUNT CODES\2021\2021_PERMITS=2022_MODEL__ANTLERLESS DRAW RESULTS.pdf|C:\Users\tyler\Desktop\BIBLE HUNT CODES\2021\2021_PERMITS=2022_MODEL__YOUTH ANTLERLESS DRAW RESULTS.pdf,171|182
EA1241,EA,2021,2020,NO,C:\Users\tyler\Desktop\BIBLE HUNT CODES\2021\2021_PERMITS=2022_MODEL__ANTLERLESS DRAW RESULTS.pdf|C:\Users\tyler\Desktop\BIBLE HUNT CODES\2021\2021_PERMITS=2022_MODEL__YOUTH ANTLERLESS DRAW RESULTS.pdf,172|183
EA1242,EA,2021,2020,NO,C:\Users\tyler\Desktop\BIBLE HUNT CODES\2021\2021_PERMITS=2022_MODEL__ANTLERLESS DRAW RESULTS.pdf|C:\Users\tyler\Desktop\BIBLE HUNT CODES\2021\2021_PERMITS=2022_MODEL__YOUTH ANTLERLESS DRAW RESULTS.pdf,173|184
EA1243,EA,2021,2020,NO,C:\Users\tyler\Desktop\BIBLE HUNT CODES\2021\2021_PERMITS=2022_MODEL__ANTLERLESS DRAW RESULTS.pdf|C:\Users\tyler\Desktop\BIBLE HUNT CODES\2021\2021_PERMITS=2022_MODEL__YOUTH ANTLERLESS DRAW RESULTS.pdf,174|185
EA1244,EA,2021,2020,NO,C:\Users\tyler\Desktop\BIBLE HUNT CODES\2021\2021_PERMITS=2022_MODEL__ANTLERLESS DRAW RESULTS.pdf|C:\Users\tyler\Desktop\BIBLE HUNT CODES\2021\2021_PERMITS=2022_MODEL__YOUTH ANTLERLESS DRAW RESULTS.pdf,175|186
EA1245,EA,2021,2020,NO,C:\Users\tyler\Desktop\BIBLE HUNT CODES\2021\2021_PERMITS=2022_MODEL__ANTLERLESS DRAW RESULTS.pdf|C:\Users\tyler\Desktop\BIBLE HUNT CODES\2021\2021_PERMITS=2022_MODEL__YOUTH ANTLERLESS DRAW RESULTS.pdf,176|187
EB3130,EB,2021,2020,NO,C:\Users\tyler\Desktop\BIBLE HUNT CODES\2021\2021_PERMITS=2021_MODEL__L.E. BIG GAME DRAW RESULTS.pdf|C:\Users\tyler\Desktop\BIBLE HUNT CODES\2021\2021_PERMITS=2022_MODEL__L.E. ELK.pdf,96|279
EB3131,EB,2021,2020,NO,C:\Users\tyler\Desktop\BIBLE HUNT CODES\2021\2021_PERMITS=2021_MODEL__L.E. BIG GAME DRAW RESULTS.pdf|C:\Users\tyler\Desktop\BIBLE HUNT CODES\2021\2021_PERMITS=2022_MODEL__L.E. ELK.pdf,97|280
EB3132,EB,2021,2020,NO,C:\Users\tyler\Desktop\BIBLE HUNT CODES\2021\2021_PERMITS=2021_MODEL__L.E. BIG GAME DRAW RESULTS.pdf|C:\Users\tyler\Desktop\BIBLE HUNT CODES\2021\2021_PERMITS=2022_MODEL__L.E. ELK.pdf,98|281
EB3133,EB,2021,2020,NO,C:\Users\tyler\Desktop\BIBLE HUNT CODES\2021\2021_PERMITS=2021_MODEL__L.E. BIG GAME DRAW RESULTS.pdf|C:\Users\tyler\Desktop\BIBLE HUNT CODES\2021\2021_PERMITS=2022_MODEL__L.E. ELK.pdf,99|282
EB3134,EB,2021,2020,NO,C:\Users\tyler\Desktop\BIBLE HUNT CODES\2021\2021_PERMITS=2021_MODEL__L.E. BIG GAME DRAW RESULTS.pdf|C:\Users\tyler\Desktop\BIBLE HUNT CODES\2021\2021_PERMITS=2022_MODEL__L.E. ELK.pdf,100|283
EB3135,EB,2021,2020,NO,C:\Users\tyler\Desktop\BIBLE HUNT CODES\2021\2021_PERMITS=2021_MODEL__L.E. BIG GAME DRAW RESULTS.pdf|C:\Users\tyler\Desktop\BIBLE HUNT CODES\2021\2021_PERMITS=2022_MODEL__L.E. ELK.pdf,101|284
EB3136,EB,2021,2020,NO,C:\Users\tyler\Desktop\BIBLE HUNT CODES\2021\2021_PERMITS=2021_MODEL__L.E. BIG GAME DRAW RESULTS.pdf|C:\Users\tyler\Desktop\BIBLE HUNT CODES\2021\2021_PERMITS=2022_MODEL__L.E. ELK.pdf,102|285
EB3137,EB,2021,2020,NO,C:\Users\tyler\Desktop\BIBLE HUNT CODES\2021\2021_PERMITS=2021_MODEL__L.E. BIG GAME DRAW RESULTS.pdf|C:\Users\tyler\Desktop\BIBLE HUNT CODES\2021\2021_PERMITS=2022_MODEL__L.E. ELK.pdf,103|286
EB3138,EB,2021,2020,NO,C:\Users\tyler\Desktop\BIBLE HUNT CODES\2021\2021_PERMITS=2021_MODEL__L.E. BIG GAME DRAW RESULTS.pdf|C:\Users\tyler\Desktop\BIBLE HUNT CODES\2021\2021_PERMITS=2022_MODEL__L.E. ELK.pdf,104|287
EB3139,EB,2021,2020,NO,C:\Users\tyler\Desktop\BIBLE HUNT CODES\2021\2021_PERMITS=2021_MODEL__L.E. BIG GAME DRAW RESULTS.pdf|C:\Users\tyler\Desktop\BIBLE HUNT CODES\2021\2021_PERMITS=2022_MODEL__L.E. ELK.pdf,105|288
EB3140,EB,2021,2020,NO,C:\Users\tyler\Desktop\BIBLE HUNT CODES\2021\2021_PERMITS=2021_MODEL__L.E. BIG GAME DRAW RESULTS.pdf|C:\Users\tyler\Desktop\BIBLE HUNT CODES\2021\2021_PERMITS=2022_MODEL__L.E. ELK.pdf,106|289
EB3141,EB,2021,2020,NO,C:\Users\tyler\Desktop\BIBLE HUNT CODES\2021\2021_PERMITS=2021_MODEL__L.E. BIG GAME DRAW RESULTS.pdf|C:\Users\tyler\Desktop\BIBLE HUNT CODES\2021\2021_PERMITS=2022_MODEL__L.E. ELK.pdf,107|290
EB3142,EB,2021,2020,NO,C:\Users\tyler\Desktop\BIBLE HUNT CODES\2021\2021_PERMITS=2021_MODEL__L.E. BIG GAME DRAW RESULTS.pdf|C:\Users\tyler\Desktop\BIBLE HUNT CODES\2021\2021_PERMITS=2022_MODEL__L.E. ELK.pdf,108|291
EB3143,EB,2021,2020,NO,C:\Users\tyler\Desktop\BIBLE HUNT CODES\2021\2021_PERMITS=2021_MODEL__L.E. BIG GAME DRAW RESULTS.pdf|C:\Users\tyler\Desktop\BIBLE HUNT CODES\2021\2021_PERMITS=2022_MODEL__L.E. ELK.pdf,109|292
EB3144,EB,2021,2020,NO,C:\Users\tyler\Desktop\BIBLE HUNT CODES\2021\2021_PERMITS=2021_MODEL__L.E. BIG GAME DRAW RESULTS.pdf|C:\Users\tyler\Desktop\BIBLE HUNT CODES\2021\2021_PERMITS=2022_MODEL__L.E. ELK.pdf,110|293
EB3145,EB,2021,2020,NO,C:\Users\tyler\Desktop\BIBLE HUNT CODES\2021\2021_PERMITS=2021_MODEL__L.E. BIG GAME DRAW RESULTS.pdf|C:\Users\tyler\Desktop\BIBLE HUNT CODES\2021\2021_PERMITS=2022_MODEL__L.E. ELK.pdf,111|294
EB3146,EB,2021,2020,NO,C:\Users\tyler\Desktop\BIBLE HUNT CODES\2021\2021_PERMITS=2021_MODEL__L.E. BIG GAME DRAW RESULTS.pdf|C:\Users\tyler\Desktop\BIBLE HUNT CODES\2021\2021_PERMITS=2022_MODEL__L.E. ELK.pdf,112|295
EB3147,EB,2021,2020,NO,C:\Users\tyler\Desktop\BIBLE HUNT CODES\2021\2021_PERMITS=2021_MODEL__L.E. BIG GAME DRAW RESULTS.pdf|C:\Users\tyler\Desktop\BIBLE HUNT CODES\2021\2021_PERMITS=2022_MODEL__L.E. ELK.pdf,113|296
EB3148,EB,2021,2020,NO,C:\Users\tyler\Desktop\BIBLE HUNT CODES\2021\2021_PERMITS=2021_MODEL__L.E. BIG GAME DRAW RESULTS.pdf|C:\Users\tyler\Desktop\BIBLE HUNT CODES\2021\2021_PERMITS=2022_MODEL__L.E. ELK.pdf,114|297
EB3149,EB,2021,2020,NO,C:\Users\tyler\Desktop\BIBLE HUNT CODES\2021\2021_PERMITS=2021_MODEL__L.E. BIG GAME DRAW RESULTS.pdf|C:\Users\tyler\Desktop\BIBLE HUNT CODES\2021\2021_PERMITS=2022_MODEL__L.E. ELK.pdf,115|298
EB3150,EB,2021,2020,NO,C:\Users\tyler\Desktop\BIBLE HUNT CODES\2021\2021_PERMITS=2021_MODEL__L.E. BIG GAME DRAW RESULTS.pdf|C:\Users\tyler\Desktop\BIBLE HUNT CODES\2021\2021_PERMITS=2022_MODEL__L.E. ELK.pdf,116|299
EB3151,EB,2021,2020,NO,C:\Users\tyler\Desktop\BIBLE HUNT CODES\2021\2021_PERMITS=2021_MODEL__L.E. BIG GAME DRAW RESULTS.pdf|C:\Users\tyler\Desktop\BIBLE HUNT CODES\2021\2021_PERMITS=2022_MODEL__L.E. ELK.pdf,117|300
EB3152,EB,2021,2020,NO,C:\Users\tyler\Desktop\BIBLE HUNT CODES\2021\2021_PERMITS=2021_MODEL__L.E. BIG GAME DRAW RESULTS.pdf|C:\Users\tyler\Desktop\BIBLE HUNT CODES\2021\2021_PERMITS=2022_MODEL__L.E. ELK.pdf,118|301
EB3153,EB,2021,2020,NO,C:\Users\tyler\Desktop\BIBLE HUNT CODES\2021\2021_PERMITS=2021_MODEL__L.E. BIG GAME DRAW RESULTS.pdf|C:\Users\tyler\Desktop\BIBLE HUNT CODES\2021\2021_PERMITS=2022_MODEL__L.E. ELK.pdf,119|302
EB3154,EB,2021,2020,NO,C:\Users\tyler\Desktop\BIBLE HUNT CODES\2021\2021_PERMITS=2021_MODEL__L.E. BIG GAME DRAW RESULTS.pdf|C:\Users\tyler\Desktop\BIBLE HUNT CODES\2021\2021_PERMITS=2022_MODEL__L.E. ELK.pdf,120|303
EB3155,EB,2021,2020,NO,C:\Users\tyler\Desktop\BIBLE HUNT CODES\2021\2021_PERMITS=2021_MODEL__L.E. BIG GAME DRAW RESULTS.pdf|C:\Users\tyler\Desktop\BIBLE HUNT CODES\2021\2021_PERMITS=2022_MODEL__L.E. ELK.pdf,121|304
EB3156,EB,2021,2020,NO,C:\Users\tyler\Desktop\BIBLE HUNT CODES\2021\2021_PERMITS=2021_MODEL__L.E. BIG GAME DRAW RESULTS.pdf|C:\Users\tyler\Desktop\BIBLE HUNT CODES\2021\2021_PERMITS=2022_MODEL__L.E. ELK.pdf,122|305
EB3157,EB,2021,2020,NO,C:\Users\tyler\Desktop\BIBLE HUNT CODES\2021\2021_PERMITS=2021_MODEL__L.E. BIG GAME DRAW RESULTS.pdf|C:\Users\tyler\Desktop\BIBLE HUNT CODES\2021\2021_PERMITS=2022_MODEL__L.E. ELK.pdf,123|306
EB3608,EB,2021,2020,NO,C:\Users\tyler\Desktop\BIBLE HUNT CODES\2021\2021_PERMITS=2021_MODEL__L.E. BIG GAME DRAW RESULTS.pdf|C:\Users\tyler\Desktop\BIBLE HUNT CODES\2021\2021_PERMITS=2022_MODEL__L.E. ELK.pdf,184|367
EB3609,EB,2021,2020,NO,C:\Users\tyler\Desktop\BIBLE HUNT CODES\2021\2021_PERMITS=2021_MODEL__L.E. BIG GAME DRAW RESULTS.pdf|C:\Users\tyler\Desktop\BIBLE HUNT CODES\2021\2021_PERMITS=2022_MODEL__L.E. ELK.pdf,185|368
EB3610,EB,2021,2020,NO,C:\Users\tyler\Desktop\BIBLE HUNT CODES\2021\2021_PERMITS=2021_MODEL__L.E. BIG GAME DRAW RESULTS.pdf|C:\Users\tyler\Desktop\BIBLE HUNT CODES\2021\2021_PERMITS=2022_MODEL__L.E. ELK.pdf,186|369
MB6200,MB,2021,2020,YES,C:\Users\tyler\Desktop\BIBLE HUNT CODES\2021\2021_PERMITS=2021_MODEL__L.E. BIG GAME DRAW RESULTS.pdf|C:\Users\tyler\Desktop\BIBLE HUNT CODES\2021\2021_PERMITS=2022_MODEL__O.I.L. BULL MOOSE.pdf,14|471
MB6216,MB,2021,2020,YES,C:\Users\tyler\Desktop\BIBLE HUNT CODES\2021\2021_PERMITS=2021_MODEL__L.E. BIG GAME DRAW RESULTS.pdf|C:\Users\tyler\Desktop\BIBLE HUNT CODES\2021\2021_PERMITS=2022_MODEL__O.I.L. BULL MOOSE.pdf,23|480
MB6217,MB,2021,2020,YES,C:\Users\tyler\Desktop\BIBLE HUNT CODES\2021\2021_PERMITS=2021_MODEL__L.E. BIG GAME DRAW RESULTS.pdf|C:\Users\tyler\Desktop\BIBLE HUNT CODES\2021\2021_PERMITS=2022_MODEL__O.I.L. BULL MOOSE.pdf,24|481
MB6220,MB,2021,2020,YES,C:\Users\tyler\Desktop\BIBLE HUNT CODES\2021\2021_PERMITS=2021_MODEL__L.E. BIG GAME DRAW RESULTS.pdf|C:\Users\tyler\Desktop\BIBLE HUNT CODES\2021\2021_PERMITS=2022_MODEL__O.I.L. BULL MOOSE.pdf,26|483
MB6223,MB,2021,2020,YES,C:\Users\tyler\Desktop\BIBLE HUNT CODES\2021\2021_PERMITS=2021_MODEL__L.E. BIG GAME DRAW RESULTS.pdf|C:\Users\tyler\Desktop\BIBLE HUNT CODES\2021\2021_PERMITS=2022_MODEL__O.I.L. BULL MOOSE.pdf,28|485
MB6225,MB,2021,2020,NO,C:\Users\tyler\Desktop\BIBLE HUNT CODES\2021\2021_PERMITS=2021_MODEL__L.E. BIG GAME DRAW RESULTS.pdf|C:\Users\tyler\Desktop\BIBLE HUNT CODES\2021\2021_PERMITS=2022_MODEL__O.I.L. BULL MOOSE.pdf,30|487
MB6240,MB,2021,2020,YES,C:\Users\tyler\Desktop\BIBLE HUNT CODES\2021\2021_PERMITS=2021_MODEL__L.E. BIG GAME DRAW RESULTS.pdf|C:\Users\tyler\Desktop\BIBLE HUNT CODES\2021\2021_PERMITS=2022_MODEL__O.I.L. BULL MOOSE.pdf,32|489
MB6252,MB,2021,2020,NO,C:\Users\tyler\Desktop\BIBLE HUNT CODES\2021\2021_PERMITS=2021_MODEL__L.E. BIG GAME DRAW RESULTS.pdf|C:\Users\tyler\Desktop\BIBLE HUNT CODES\2021\2021_PERMITS=2022_MODEL__O.I.L. BULL MOOSE.pdf,34|491
MB6257,MB,2021,2020,YES,C:\Users\tyler\Desktop\BIBLE HUNT CODES\2021\2021_PERMITS=2021_MODEL__L.E. BIG GAME DRAW RESULTS.pdf|C:\Users\tyler\Desktop\BIBLE HUNT CODES\2021\2021_PERMITS=2022_MODEL__O.I.L. BULL MOOSE.pdf,36|493
MB6262,MB,2021,2020,YES,C:\Users\tyler\Desktop\BIBLE HUNT CODES\2021\2021_PERMITS=2021_MODEL__L.E. BIG GAME DRAW RESULTS.pdf|C:\Users\tyler\Desktop\BIBLE HUNT CODES\2021\2021_PERMITS=2022_MODEL__O.I.L. BULL MOOSE.pdf,37|494
MB6263,MB,2021,2020,NO,C:\Users\tyler\Desktop\BIBLE HUNT CODES\2021\2021_PERMITS=2021_MODEL__L.E. BIG GAME DRAW RESULTS.pdf|C:\Users\tyler\Desktop\BIBLE HUNT CODES\2021\2021_PERMITS=2022_MODEL__O.I.L. BULL MOOSE.pdf,38|495
MB6264,MB,2021,2020,NO,C:\Users\tyler\Desktop\BIBLE HUNT CODES\2021\2021_PERMITS=2021_MODEL__L.E. BIG GAME DRAW RESULTS.pdf|C:\Users\tyler\Desktop\BIBLE HUNT CODES\2021\2021_PERMITS=2022_MODEL__O.I.L. BULL MOOSE.pdf,39|496
PB5063,PB,2021,2020,NO,C:\Users\tyler\Desktop\BIBLE HUNT CODES\2021\2021_PERMITS=2021_MODEL__L.E. BIG GAME DRAW RESULTS.pdf|C:\Users\tyler\Desktop\BIBLE HUNT CODES\2021\2021_PERMITS=2022_MODEL__L.E. PRONGHORN.pdf,59|429
PB5064,PB,2021,2020,NO,C:\Users\tyler\Desktop\BIBLE HUNT CODES\2021\2021_PERMITS=2021_MODEL__L.E. BIG GAME DRAW RESULTS.pdf|C:\Users\tyler\Desktop\BIBLE HUNT CODES\2021\2021_PERMITS=2022_MODEL__L.E. PRONGHORN.pdf,60|430
PB5065,PB,2021,2020,NO,C:\Users\tyler\Desktop\BIBLE HUNT CODES\2021\2021_PERMITS=2021_MODEL__L.E. BIG GAME DRAW RESULTS.pdf|C:\Users\tyler\Desktop\BIBLE HUNT CODES\2021\2021_PERMITS=2022_MODEL__L.E. PRONGHORN.pdf,61|431
PB5066,PB,2021,2020,NO,C:\Users\tyler\Desktop\BIBLE HUNT CODES\2021\2021_PERMITS=2021_MODEL__L.E. BIG GAME DRAW RESULTS.pdf|C:\Users\tyler\Desktop\BIBLE HUNT CODES\2021\2021_PERMITS=2022_MODEL__L.E. PRONGHORN.pdf,62|432
PB5067,PB,2021,2020,NO,C:\Users\tyler\Desktop\BIBLE HUNT CODES\2021\2021_PERMITS=2021_MODEL__L.E. BIG GAME DRAW RESULTS.pdf|C:\Users\tyler\Desktop\BIBLE HUNT CODES\2021\2021_PERMITS=2022_MODEL__L.E. PRONGHORN.pdf,63|433
PB5338,PB,2021,2020,NO,C:\Users\tyler\Desktop\BIBLE HUNT CODES\2021\2021_PERMITS=2021_MODEL__L.E. BIG GAME DRAW RESULTS.pdf|C:\Users\tyler\Desktop\BIBLE HUNT CODES\2021\2021_PERMITS=2022_MODEL__L.E. PRONGHORN.pdf,85|455
PB5339,PB,2021,2020,NO,C:\Users\tyler\Desktop\BIBLE HUNT CODES\2021\2021_PERMITS=2021_MODEL__L.E. BIG GAME DRAW RESULTS.pdf|C:\Users\tyler\Desktop\BIBLE HUNT CODES\2021\2021_PERMITS=2022_MODEL__L.E. PRONGHORN.pdf,86|456
PD1043,PD,2021,2020,NO,C:\Users\tyler\Desktop\BIBLE HUNT CODES\2021\2021_PERMITS=2022_MODEL__ANTLERLESS DRAW RESULTS.pdf|C:\Users\tyler\Desktop\BIBLE HUNT CODES\2021\2021_PERMITS=2022_MODEL__YOUTH ANTLERLESS DRAW RESULTS.pdf,207|220
RS6727,RS,2021,2020,NO,C:\Users\tyler\Desktop\BIBLE HUNT CODES\2021\2021_PERMITS=2021_MODEL__L.E. BIG GAME DRAW RESULTS.pdf|C:\Users\tyler\Desktop\BIBLE HUNT CODES\2021\2021_PERMITS=2022_MODEL__O.I.L. ROCKY MTN SHEEP.pdf,15|547
ABI1000,ABI,2022,2021,NO,C:\Users\tyler\Desktop\BIBLE HUNT CODES\2022\2022_PERMITS=2023_MODEL__SPORTSMAN DRAW RESULTS.pdf,1
ABR1000,ABR,2022,2021,NO,C:\Users\tyler\Desktop\BIBLE HUNT CODES\2022\2022_PERMITS=2023_MODEL__SPORTSMAN DRAW RESULTS.pdf,1
ACG1000,ACG,2022,2021,NO,C:\Users\tyler\Desktop\BIBLE HUNT CODES\2022\2022_PERMITS=2023_MODEL__SPORTSMAN DRAW RESULTS.pdf,1
ADB0007,ADB,2022,2021,NO,C:\Users\tyler\Desktop\BIBLE HUNT CODES\2022\2022_PERMITS=2023_MODEL__SPORTSMAN DRAW RESULTS.pdf,1
ADS1000,ADS,2022,2021,NO,C:\Users\tyler\Desktop\BIBLE HUNT CODES\2022\2022_PERMITS=2023_MODEL__SPORTSMAN DRAW RESULTS.pdf,1
AEB1000,AEB,2022,2021,NO,C:\Users\tyler\Desktop\BIBLE HUNT CODES\2022\2022_PERMITS=2023_MODEL__SPORTSMAN DRAW RESULTS.pdf,1
AGO1000,AGO,2022,2021,NO,C:\Users\tyler\Desktop\BIBLE HUNT CODES\2022\2022_PERMITS=2023_MODEL__SPORTSMAN DRAW RESULTS.pdf,1
AMB1000,AMB,2022,2021,NO,C:\Users\tyler\Desktop\BIBLE HUNT CODES\2022\2022_PERMITS=2023_MODEL__SPORTSMAN DRAW RESULTS.pdf,1
APB1000,APB,2022,2021,NO,C:\Users\tyler\Desktop\BIBLE HUNT CODES\2022\2022_PERMITS=2023_MODEL__SPORTSMAN DRAW RESULTS.pdf,1
ARS0001,ARS,2022,2021,NO,C:\Users\tyler\Desktop\BIBLE HUNT CODES\2022\2022_PERMITS=2023_MODEL__SPORTSMAN DRAW RESULTS.pdf,1
ATK0001,ATK,2022,2021,NO,C:\Users\tyler\Desktop\BIBLE HUNT CODES\2022\2022_PERMITS=2023_MODEL__SPORTSMAN DRAW RESULTS.pdf,1
BI6528,BI,2022,2021,NO,C:\Users\tyler\Desktop\BIBLE HUNT CODES\2022\2022_PERMITS=2023_MODEL__L.E. BIG GAME DRAW RESULTS.pdf|C:\Users\tyler\Desktop\BIBLE HUNT CODES\2022\2022_PERMITS=2023_MODEL__O.I.L. BISON.pdf,9|514
BI6529,BI,2022,2021,NO,C:\Users\tyler\Desktop\BIBLE HUNT CODES\2022\2022_PERMITS=2023_MODEL__L.E. BIG GAME DRAW RESULTS.pdf|C:\Users\tyler\Desktop\BIBLE HUNT CODES\2022\2022_PERMITS=2023_MODEL__O.I.L. BISON.pdf,10|515
BI6530,BI,2022,2021,NO,C:\Users\tyler\Desktop\BIBLE HUNT CODES\2022\2022_PERMITS=2023_MODEL__L.E. BIG GAME DRAW RESULTS.pdf|C:\Users\tyler\Desktop\BIBLE HUNT CODES\2022\2022_PERMITS=2023_MODEL__O.I.L. BISON.pdf,11|516
BI6531,BI,2022,2021,NO,C:\Users\tyler\Desktop\BIBLE HUNT CODES\2022\2022_PERMITS=2023_MODEL__L.E. BIG GAME DRAW RESULTS.pdf|C:\Users\tyler\Desktop\BIBLE HUNT CODES\2022\2022_PERMITS=2023_MODEL__O.I.L. BISON.pdf,12|517
BI6532,BI,2022,2021,NO,C:\Users\tyler\Desktop\BIBLE HUNT CODES\2022\2022_PERMITS=2023_MODEL__L.E. BIG GAME DRAW RESULTS.pdf|C:\Users\tyler\Desktop\BIBLE HUNT CODES\2022\2022_PERMITS=2023_MODEL__O.I.L. BISON.pdf,13|518
BI6533,BI,2022,2021,NO,C:\Users\tyler\Desktop\BIBLE HUNT CODES\2022\2022_PERMITS=2023_MODEL__L.E. BIG GAME DRAW RESULTS.pdf|C:\Users\tyler\Desktop\BIBLE HUNT CODES\2022\2022_PERMITS=2023_MODEL__O.I.L. BISON.pdf,14|519
BI6534,BI,2022,2021,NO,C:\Users\tyler\Desktop\BIBLE HUNT CODES\2022\2022_PERMITS=2023_MODEL__L.E. BIG GAME DRAW RESULTS.pdf|C:\Users\tyler\Desktop\BIBLE HUNT CODES\2022\2022_PERMITS=2023_MODEL__O.I.L. BISON.pdf,15|520
BI6535,BI,2022,2021,NO,C:\Users\tyler\Desktop\BIBLE HUNT CODES\2022\2022_PERMITS=2023_MODEL__L.E. BIG GAME DRAW RESULTS.pdf|C:\Users\tyler\Desktop\BIBLE HUNT CODES\2022\2022_PERMITS=2023_MODEL__O.I.L. BISON.pdf,16|521
BI6536,BI,2022,2021,NO,C:\Users\tyler\Desktop\BIBLE HUNT CODES\2022\2022_PERMITS=2023_MODEL__L.E. BIG GAME DRAW RESULTS.pdf|C:\Users\tyler\Desktop\BIBLE HUNT CODES\2022\2022_PERMITS=2023_MODEL__O.I.L. BISON.pdf,17|522
BR7019,BR,2022,2021,NO,C:\Users\tyler\Desktop\BIBLE HUNT CODES\2022\2022_PERMITS=2023_MODEL__BEAR DRAW RESULTS.pdf,29
BR7020,BR,2022,2021,NO,C:\Users\tyler\Desktop\BIBLE HUNT CODES\2022\2022_PERMITS=2023_MODEL__BEAR DRAW RESULTS.pdf,30
BR7124,BR,2022,2021,NO,C:\Users\tyler\Desktop\BIBLE HUNT CODES\2022\2022_PERMITS=2023_MODEL__BEAR DRAW RESULTS.pdf,53
BR7125,BR,2022,2021,NO,C:\Users\tyler\Desktop\BIBLE HUNT CODES\2022\2022_PERMITS=2023_MODEL__BEAR DRAW RESULTS.pdf,54
BR7322,BR,2022,2021,NO,C:\Users\tyler\Desktop\BIBLE HUNT CODES\2022\2022_PERMITS=2023_MODEL__BEAR DRAW RESULTS.pdf,97
BR7323,BR,2022,2021,NO,C:\Users\tyler\Desktop\BIBLE HUNT CODES\2022\2022_PERMITS=2023_MODEL__BEAR DRAW RESULTS.pdf,98
DA1047,DA,2022,2021,NO,C:\Users\tyler\Desktop\BIBLE HUNT CODES\2022\2022_PERMITS=2023_MODEL__ANTLERLESS DRAW RESULTS.pdf|C:\Users\tyler\Desktop\BIBLE HUNT CODES\2022\2022_PERMITS=2023_MODEL__YOUTH ANTLERLESS DRAW RESULTS.pdf,24|25
DB1094,DB,2022,2021,NO,C:\Users\tyler\Desktop\BIBLE HUNT CODES\2022\2022_PERMITS=2023_MODEL__L.E. BIG GAME DRAW RESULTS.pdf|C:\Users\tyler\Desktop\BIBLE HUNT CODES\2022\2022_PERMITS=2023_MODEL__L.E. DEER.pdf,72|73
DB1299,DB,2022,2021,YES,C:\Users\tyler\Desktop\BIBLE HUNT CODES\2022\2022_PERMITS=2023_MODEL__L.E. BIG GAME DRAW RESULTS.pdf|C:\Users\tyler\Desktop\BIBLE HUNT CODES\2022\2022_PERMITS=2023_MODEL__L.E. DEER.pdf,155|156
DB1308,DB,2022,2021,YES,C:\Users\tyler\Desktop\BIBLE HUNT CODES\2022\2022_PERMITS=2023_MODEL__L.E. BIG GAME DRAW RESULTS.pdf|C:\Users\tyler\Desktop\BIBLE HUNT CODES\2022\2022_PERMITS=2023_MODEL__L.E. DEER.pdf,163|164
DB1312,DB,2022,2021,YES,C:\Users\tyler\Desktop\BIBLE HUNT CODES\2022\2022_PERMITS=2023_MODEL__L.E. BIG GAME DRAW RESULTS.pdf|C:\Users\tyler\Desktop\BIBLE HUNT CODES\2022\2022_PERMITS=2023_MODEL__L.E. DEER.pdf,166|167
DB1335,DB,2022,2021,NO,C:\Users\tyler\Desktop\BIBLE HUNT CODES\2022\2022_PERMITS=2023_MODEL__L.E. BIG GAME DRAW RESULTS.pdf|C:\Users\tyler\Desktop\BIBLE HUNT CODES\2022\2022_PERMITS=2023_MODEL__L.E. DEER.pdf,183|184
DB1336,DB,2022,2021,NO,C:\Users\tyler\Desktop\BIBLE HUNT CODES\2022\2022_PERMITS=2023_MODEL__L.E. BIG GAME DRAW RESULTS.pdf|C:\Users\tyler\Desktop\BIBLE HUNT CODES\2022\2022_PERMITS=2023_MODEL__L.E. DEER.pdf,184|185
DB1337,DB,2022,2021,NO,C:\Users\tyler\Desktop\BIBLE HUNT CODES\2022\2022_PERMITS=2023_MODEL__L.E. BIG GAME DRAW RESULTS.pdf|C:\Users\tyler\Desktop\BIBLE HUNT CODES\2022\2022_PERMITS=2023_MODEL__L.E. DEER.pdf,185|186
DB1338,DB,2022,2021,NO,C:\Users\tyler\Desktop\BIBLE HUNT CODES\2022\2022_PERMITS=2023_MODEL__L.E. BIG GAME DRAW RESULTS.pdf|C:\Users\tyler\Desktop\BIBLE HUNT CODES\2022\2022_PERMITS=2023_MODEL__L.E. DEER.pdf,186|187
DB1339,DB,2022,2021,NO,C:\Users\tyler\Desktop\BIBLE HUNT CODES\2022\2022_PERMITS=2023_MODEL__L.E. BIG GAME DRAW RESULTS.pdf|C:\Users\tyler\Desktop\BIBLE HUNT CODES\2022\2022_PERMITS=2023_MODEL__L.E. DEER.pdf,187|188
DB1340,DB,2022,2021,NO,C:\Users\tyler\Desktop\BIBLE HUNT CODES\2022\2022_PERMITS=2023_MODEL__L.E. BIG GAME DRAW RESULTS.pdf|C:\Users\tyler\Desktop\BIBLE HUNT CODES\2022\2022_PERMITS=2023_MODEL__L.E. DEER.pdf,188|189
EA1037,EA,2022,2021,YES,C:\Users\tyler\Desktop\BIBLE HUNT CODES\2022\2022_PERMITS=2023_MODEL__ANTLERLESS DRAW RESULTS.pdf|C:\Users\tyler\Desktop\BIBLE HUNT CODES\2022\2022_PERMITS=2023_MODEL__YOUTH ANTLERLESS DRAW RESULTS.pdf,49|51
EA1177,EA,2022,2021,YES,C:\Users\tyler\Desktop\BIBLE HUNT CODES\2022\2022_PERMITS=2023_MODEL__ANTLERLESS DRAW RESULTS.pdf,141
EA1250,EA,2022,2021,NO,C:\Users\tyler\Desktop\BIBLE HUNT CODES\2022\2022_PERMITS=2023_MODEL__ANTLERLESS DRAW RESULTS.pdf|C:\Users\tyler\Desktop\BIBLE HUNT CODES\2022\2022_PERMITS=2023_MODEL__YOUTH ANTLERLESS DRAW RESULTS.pdf,170|180
EA1251,EA,2022,2021,NO,C:\Users\tyler\Desktop\BIBLE HUNT CODES\2022\2022_PERMITS=2023_MODEL__ANTLERLESS DRAW RESULTS.pdf|C:\Users\tyler\Desktop\BIBLE HUNT CODES\2022\2022_PERMITS=2023_MODEL__YOUTH ANTLERLESS DRAW RESULTS.pdf,171|181
EA1252,EA,2022,2021,NO,C:\Users\tyler\Desktop\BIBLE HUNT CODES\2022\2022_PERMITS=2023_MODEL__ANTLERLESS DRAW RESULTS.pdf|C:\Users\tyler\Desktop\BIBLE HUNT CODES\2022\2022_PERMITS=2023_MODEL__YOUTH ANTLERLESS DRAW RESULTS.pdf,172|182
EA1253,EA,2022,2021,NO,C:\Users\tyler\Desktop\BIBLE HUNT CODES\2022\2022_PERMITS=2023_MODEL__ANTLERLESS DRAW RESULTS.pdf|C:\Users\tyler\Desktop\BIBLE HUNT CODES\2022\2022_PERMITS=2023_MODEL__YOUTH ANTLERLESS DRAW RESULTS.pdf,173|183
EA1254,EA,2022,2021,NO,C:\Users\tyler\Desktop\BIBLE HUNT CODES\2022\2022_PERMITS=2023_MODEL__ANTLERLESS DRAW RESULTS.pdf|C:\Users\tyler\Desktop\BIBLE HUNT CODES\2022\2022_PERMITS=2023_MODEL__YOUTH ANTLERLESS DRAW RESULTS.pdf,174|184
EA1255,EA,2022,2021,NO,C:\Users\tyler\Desktop\BIBLE HUNT CODES\2022\2022_PERMITS=2023_MODEL__ANTLERLESS DRAW RESULTS.pdf,185
EA1256,EA,2022,2021,NO,C:\Users\tyler\Desktop\BIBLE HUNT CODES\2022\2022_PERMITS=2023_MODEL__ANTLERLESS DRAW RESULTS.pdf|C:\Users\tyler\Desktop\BIBLE HUNT CODES\2022\2022_PERMITS=2023_MODEL__YOUTH ANTLERLESS DRAW RESULTS.pdf,175|186
EA1257,EA,2022,2021,NO,C:\Users\tyler\Desktop\BIBLE HUNT CODES\2022\2022_PERMITS=2023_MODEL__ANTLERLESS DRAW RESULTS.pdf|C:\Users\tyler\Desktop\BIBLE HUNT CODES\2022\2022_PERMITS=2023_MODEL__YOUTH ANTLERLESS DRAW RESULTS.pdf,176|187
EB3558,EB,2022,2021,YES,C:\Users\tyler\Desktop\BIBLE HUNT CODES\2022\2022_PERMITS=2023_MODEL__L.E. BIG GAME DRAW RESULTS.pdf|C:\Users\tyler\Desktop\BIBLE HUNT CODES\2022\2022_PERMITS=2023_MODEL__L.E. ELK.pdf,172|362
EB3564,EB,2022,2021,YES,C:\Users\tyler\Desktop\BIBLE HUNT CODES\2022\2022_PERMITS=2023_MODEL__L.E. BIG GAME DRAW RESULTS.pdf|C:\Users\tyler\Desktop\BIBLE HUNT CODES\2022\2022_PERMITS=2023_MODEL__L.E. ELK.pdf,177|367
EB3611,EB,2022,2021,NO,C:\Users\tyler\Desktop\BIBLE HUNT CODES\2022\2022_PERMITS=2023_MODEL__L.E. BIG GAME DRAW RESULTS.pdf|C:\Users\tyler\Desktop\BIBLE HUNT CODES\2022\2022_PERMITS=2023_MODEL__L.E. ELK.pdf,186|376
EB3612,EB,2022,2021,NO,C:\Users\tyler\Desktop\BIBLE HUNT CODES\2022\2022_PERMITS=2023_MODEL__L.E. BIG GAME DRAW RESULTS.pdf|C:\Users\tyler\Desktop\BIBLE HUNT CODES\2022\2022_PERMITS=2023_MODEL__L.E. ELK.pdf,187|377
EB3613,EB,2022,2021,NO,C:\Users\tyler\Desktop\BIBLE HUNT CODES\2022\2022_PERMITS=2023_MODEL__L.E. BIG GAME DRAW RESULTS.pdf|C:\Users\tyler\Desktop\BIBLE HUNT CODES\2022\2022_PERMITS=2023_MODEL__L.E. ELK.pdf,188|378
EB3614,EB,2022,2021,NO,C:\Users\tyler\Desktop\BIBLE HUNT CODES\2022\2022_PERMITS=2023_MODEL__L.E. BIG GAME DRAW RESULTS.pdf|C:\Users\tyler\Desktop\BIBLE HUNT CODES\2022\2022_PERMITS=2023_MODEL__L.E. ELK.pdf,189|379
MA1006,MA,2022,2021,NO,C:\Users\tyler\Desktop\BIBLE HUNT CODES\2022\2022_PERMITS=2023_MODEL__ANTLERLESS DRAW RESULTS.pdf,219
MB6256,MB,2022,2021,YES,C:\Users\tyler\Desktop\BIBLE HUNT CODES\2022\2022_PERMITS=2023_MODEL__L.E. BIG GAME DRAW RESULTS.pdf|C:\Users\tyler\Desktop\BIBLE HUNT CODES\2022\2022_PERMITS=2023_MODEL__O.I.L. BULL MOOSE.pdf,33|502
MB6265,MB,2022,2021,NO,C:\Users\tyler\Desktop\BIBLE HUNT CODES\2022\2022_PERMITS=2023_MODEL__L.E. BIG GAME DRAW RESULTS.pdf|C:\Users\tyler\Desktop\BIBLE HUNT CODES\2022\2022_PERMITS=2023_MODEL__O.I.L. BULL MOOSE.pdf,35|504
PB5072,PB,2022,2021,NO,C:\Users\tyler\Desktop\BIBLE HUNT CODES\2022\2022_PERMITS=2023_MODEL__L.E. BIG GAME DRAW RESULTS.pdf|C:\Users\tyler\Desktop\BIBLE HUNT CODES\2022\2022_PERMITS=2023_MODEL__L.E. PRONGHORN.pdf,64|444
PB5341,PB,2022,2021,NO,C:\Users\tyler\Desktop\BIBLE HUNT CODES\2022\2022_PERMITS=2023_MODEL__L.E. BIG GAME DRAW RESULTS.pdf|C:\Users\tyler\Desktop\BIBLE HUNT CODES\2022\2022_PERMITS=2023_MODEL__L.E. PRONGHORN.pdf,88|468
PD1044,PD,2022,2021,NO,C:\Users\tyler\Desktop\BIBLE HUNT CODES\2022\2022_PERMITS=2023_MODEL__ANTLERLESS DRAW RESULTS.pdf|C:\Users\tyler\Desktop\BIBLE HUNT CODES\2022\2022_PERMITS=2023_MODEL__YOUTH ANTLERLESS DRAW RESULTS.pdf,202|214
TK1021,TK,2022,2021,NO,C:\Users\tyler\Desktop\BIBLE HUNT CODES\2022\2022_PERMITS=2023_MODEL__TURKEY DRAW RESULTS.pdf|C:\Users\tyler\Desktop\BIBLE HUNT CODES\2022\2022_PERMITS=2023_MODEL__YOUTH TURKEY DRAW RESULTS.pdf,7|8
BI6537,BI,2023,2022,NO,C:\Users\tyler\Desktop\BIBLE HUNT CODES\2023\2023_PERMITS=2023_MODEL__L.E. BIG GAME DRAW RESULTS.pdf|C:\Users\tyler\Desktop\BIBLE HUNT CODES\2023\2023_PERMITS=2024_MODEL__O.I.L. BISON.pdf,18|507
DA1048,DA,2023,2022,NO,C:\Users\tyler\Desktop\BIBLE HUNT CODES\2023\2023_PERMITS=2024_MODEL__ANTLERLESS DRAW RESULTS.pdf|C:\Users\tyler\Desktop\BIBLE HUNT CODES\2023\2023_PERMITS=2024_MODEL__YOUTH ANTLERLESS DRAW RESULTS.pdf,20
DA1049,DA,2023,2022,NO,C:\Users\tyler\Desktop\BIBLE HUNT CODES\2023\2023_PERMITS=2024_MODEL__ANTLERLESS DRAW RESULTS.pdf|C:\Users\tyler\Desktop\BIBLE HUNT CODES\2023\2023_PERMITS=2024_MODEL__YOUTH ANTLERLESS DRAW RESULTS.pdf,21
DB1100,DB,2023,2022,NO,C:\Users\tyler\Desktop\BIBLE HUNT CODES\2023\2023_PERMITS=2023_MODEL__L.E. BIG GAME DRAW RESULTS.pdf|C:\Users\tyler\Desktop\BIBLE HUNT CODES\2023\2023_PERMITS=2024_MODEL__L.E. DEER.pdf,71
DB1101,DB,2023,2022,NO,C:\Users\tyler\Desktop\BIBLE HUNT CODES\2023\2023_PERMITS=2023_MODEL__L.E. BIG GAME DRAW RESULTS.pdf|C:\Users\tyler\Desktop\BIBLE HUNT CODES\2023\2023_PERMITS=2024_MODEL__L.E. DEER.pdf,72
DB1103,DB,2023,2022,NO,C:\Users\tyler\Desktop\BIBLE HUNT CODES\2023\2023_PERMITS=2023_MODEL__L.E. BIG GAME DRAW RESULTS.pdf|C:\Users\tyler\Desktop\BIBLE HUNT CODES\2023\2023_PERMITS=2024_MODEL__L.E. DEER.pdf,73
DB1105,DB,2023,2022,NO,C:\Users\tyler\Desktop\BIBLE HUNT CODES\2023\2023_PERMITS=2023_MODEL__L.E. BIG GAME DRAW RESULTS.pdf|C:\Users\tyler\Desktop\BIBLE HUNT CODES\2023\2023_PERMITS=2024_MODEL__L.E. DEER.pdf,74
DB1208,DB,2023,2022,YES,C:\Users\tyler\Desktop\BIBLE HUNT CODES\2023\2023_PERMITS=2023_MODEL__L.E. BIG GAME DRAW RESULTS.pdf|C:\Users\tyler\Desktop\BIBLE HUNT CODES\2023\2023_PERMITS=2024_MODEL__L.E. DEER.pdf,83
DB1239,DB,2023,2022,NO,C:\Users\tyler\Desktop\BIBLE HUNT CODES\2023\2023_PERMITS=2023_MODEL__L.E. BIG GAME DRAW RESULTS.pdf|C:\Users\tyler\Desktop\BIBLE HUNT CODES\2023\2023_PERMITS=2024_MODEL__L.E. DEER.pdf,106
DB1341,DB,2023,2022,NO,C:\Users\tyler\Desktop\BIBLE HUNT CODES\2023\2023_PERMITS=2023_MODEL__L.E. BIG GAME DRAW RESULTS.pdf|C:\Users\tyler\Desktop\BIBLE HUNT CODES\2023\2023_PERMITS=2024_MODEL__L.E. DEER.pdf,188
DB1342,DB,2023,2022,NO,C:\Users\tyler\Desktop\BIBLE HUNT CODES\2023\2023_PERMITS=2023_MODEL__L.E. BIG GAME DRAW RESULTS.pdf|C:\Users\tyler\Desktop\BIBLE HUNT CODES\2023\2023_PERMITS=2024_MODEL__L.E. DEER.pdf,189
DB1343,DB,2023,2022,NO,C:\Users\tyler\Desktop\BIBLE HUNT CODES\2023\2023_PERMITS=2023_MODEL__L.E. BIG GAME DRAW RESULTS.pdf|C:\Users\tyler\Desktop\BIBLE HUNT CODES\2023\2023_PERMITS=2024_MODEL__L.E. DEER.pdf,190
DB1599,DB,2023,2022,NO,C:\Users\tyler\Desktop\BIBLE HUNT CODES\2023\2023_PERMITS=2024_MODEL__G.S. BUCK DEER DRAW RESULTS.pdf|C:\Users\tyler\Desktop\BIBLE HUNT CODES\2023\2023_PERMITS=2024_MODEL__LIFETIME G.S. DEER DRAW RESULTS.pdf|C:\Users\tyler\Desktop\BIBLE HUNT CODES\2023\2023_PERMITS=2024_MODEL__YOUTH G.S. DEER DRAW RESULTS.pdf,93|94
DB1600,DB,2023,2022,NO,C:\Users\tyler\Desktop\BIBLE HUNT CODES\2023\2023_PERMITS=2024_MODEL__G.S. BUCK DEER DRAW RESULTS.pdf|C:\Users\tyler\Desktop\BIBLE HUNT CODES\2023\2023_PERMITS=2024_MODEL__LIFETIME G.S. DEER DRAW RESULTS.pdf|C:\Users\tyler\Desktop\BIBLE HUNT CODES\2023\2023_PERMITS=2024_MODEL__YOUTH G.S. DEER DRAW RESULTS.pdf,94|95
DB1601,DB,2023,2022,NO,C:\Users\tyler\Desktop\BIBLE HUNT CODES\2023\2023_PERMITS=2024_MODEL__G.S. BUCK DEER DRAW RESULTS.pdf|C:\Users\tyler\Desktop\BIBLE HUNT CODES\2023\2023_PERMITS=2024_MODEL__LIFETIME G.S. DEER DRAW RESULTS.pdf|C:\Users\tyler\Desktop\BIBLE HUNT CODES\2023\2023_PERMITS=2024_MODEL__YOUTH G.S. DEER DRAW RESULTS.pdf,95|96
DB1602,DB,2023,2022,NO,C:\Users\tyler\Desktop\BIBLE HUNT CODES\2023\2023_PERMITS=2024_MODEL__G.S. BUCK DEER DRAW RESULTS.pdf|C:\Users\tyler\Desktop\BIBLE HUNT CODES\2023\2023_PERMITS=2024_MODEL__LIFETIME G.S. DEER DRAW RESULTS.pdf|C:\Users\tyler\Desktop\BIBLE HUNT CODES\2023\2023_PERMITS=2024_MODEL__YOUTH G.S. DEER DRAW RESULTS.pdf,96|97
DB1603,DB,2023,2022,NO,C:\Users\tyler\Desktop\BIBLE HUNT CODES\2023\2023_PERMITS=2024_MODEL__G.S. BUCK DEER DRAW RESULTS.pdf|C:\Users\tyler\Desktop\BIBLE HUNT CODES\2023\2023_PERMITS=2024_MODEL__LIFETIME G.S. DEER DRAW RESULTS.pdf|C:\Users\tyler\Desktop\BIBLE HUNT CODES\2023\2023_PERMITS=2024_MODEL__YOUTH G.S. DEER DRAW RESULTS.pdf,97|98
DB1604,DB,2023,2022,NO,C:\Users\tyler\Desktop\BIBLE HUNT CODES\2023\2023_PERMITS=2024_MODEL__G.S. BUCK DEER DRAW RESULTS.pdf|C:\Users\tyler\Desktop\BIBLE HUNT CODES\2023\2023_PERMITS=2024_MODEL__LIFETIME G.S. DEER DRAW RESULTS.pdf|C:\Users\tyler\Desktop\BIBLE HUNT CODES\2023\2023_PERMITS=2024_MODEL__YOUTH G.S. DEER DRAW RESULTS.pdf,98|99
DB1605,DB,2023,2022,NO,C:\Users\tyler\Desktop\BIBLE HUNT CODES\2023\2023_PERMITS=2024_MODEL__G.S. BUCK DEER DRAW RESULTS.pdf|C:\Users\tyler\Desktop\BIBLE HUNT CODES\2023\2023_PERMITS=2024_MODEL__LIFETIME G.S. DEER DRAW RESULTS.pdf|C:\Users\tyler\Desktop\BIBLE HUNT CODES\2023\2023_PERMITS=2024_MODEL__YOUTH G.S. DEER DRAW RESULTS.pdf,99|100
DB1606,DB,2023,2022,NO,C:\Users\tyler\Desktop\BIBLE HUNT CODES\2023\2023_PERMITS=2024_MODEL__G.S. BUCK DEER DRAW RESULTS.pdf|C:\Users\tyler\Desktop\BIBLE HUNT CODES\2023\2023_PERMITS=2024_MODEL__LIFETIME G.S. DEER DRAW RESULTS.pdf|C:\Users\tyler\Desktop\BIBLE HUNT CODES\2023\2023_PERMITS=2024_MODEL__YOUTH G.S. DEER DRAW RESULTS.pdf,100|101
DB1607,DB,2023,2022,NO,C:\Users\tyler\Desktop\BIBLE HUNT CODES\2023\2023_PERMITS=2024_MODEL__G.S. BUCK DEER DRAW RESULTS.pdf|C:\Users\tyler\Desktop\BIBLE HUNT CODES\2023\2023_PERMITS=2024_MODEL__LIFETIME G.S. DEER DRAW RESULTS.pdf|C:\Users\tyler\Desktop\BIBLE HUNT CODES\2023\2023_PERMITS=2024_MODEL__YOUTH G.S. DEER DRAW RESULTS.pdf,101|102
DB1608,DB,2023,2022,NO,C:\Users\tyler\Desktop\BIBLE HUNT CODES\2023\2023_PERMITS=2024_MODEL__G.S. BUCK DEER DRAW RESULTS.pdf|C:\Users\tyler\Desktop\BIBLE HUNT CODES\2023\2023_PERMITS=2024_MODEL__LIFETIME G.S. DEER DRAW RESULTS.pdf|C:\Users\tyler\Desktop\BIBLE HUNT CODES\2023\2023_PERMITS=2024_MODEL__YOUTH G.S. DEER DRAW RESULTS.pdf,102|103
DB1609,DB,2023,2022,NO,C:\Users\tyler\Desktop\BIBLE HUNT CODES\2023\2023_PERMITS=2024_MODEL__G.S. BUCK DEER DRAW RESULTS.pdf|C:\Users\tyler\Desktop\BIBLE HUNT CODES\2023\2023_PERMITS=2024_MODEL__LIFETIME G.S. DEER DRAW RESULTS.pdf|C:\Users\tyler\Desktop\BIBLE HUNT CODES\2023\2023_PERMITS=2024_MODEL__YOUTH G.S. DEER DRAW RESULTS.pdf,103|104
DB1610,DB,2023,2022,NO,C:\Users\tyler\Desktop\BIBLE HUNT CODES\2023\2023_PERMITS=2024_MODEL__G.S. BUCK DEER DRAW RESULTS.pdf|C:\Users\tyler\Desktop\BIBLE HUNT CODES\2023\2023_PERMITS=2024_MODEL__LIFETIME G.S. DEER DRAW RESULTS.pdf|C:\Users\tyler\Desktop\BIBLE HUNT CODES\2023\2023_PERMITS=2024_MODEL__YOUTH G.S. DEER DRAW RESULTS.pdf,104|105
DB1799,DB,2023,2022,NO,C:\Users\tyler\Desktop\BIBLE HUNT CODES\2023\2023_PERMITS=2024_MODEL__D.H. DEER DRAW RESULTS.pdf,30
DB1800,DB,2023,2022,NO,C:\Users\tyler\Desktop\BIBLE HUNT CODES\2023\2023_PERMITS=2024_MODEL__D.H. DEER DRAW RESULTS.pdf|C:\Users\tyler\Desktop\BIBLE HUNT CODES\2023\2023_PERMITS=2024_MODEL__YOUTH D.H. DEER DRAW RESULTS.pdf,22|31
DB1801,DB,2023,2022,NO,C:\Users\tyler\Desktop\BIBLE HUNT CODES\2023\2023_PERMITS=2024_MODEL__D.H. DEER DRAW RESULTS.pdf|C:\Users\tyler\Desktop\BIBLE HUNT CODES\2023\2023_PERMITS=2024_MODEL__YOUTH D.H. DEER DRAW RESULTS.pdf,23|32
EA1144,EA,2023,2022,NO,C:\Users\tyler\Desktop\BIBLE HUNT CODES\2023\2023_PERMITS=2024_MODEL__ANTLERLESS DRAW RESULTS.pdf,107
EA1171,EA,2023,2022,NO,C:\Users\tyler\Desktop\BIBLE HUNT CODES\2023\2023_PERMITS=2024_MODEL__ANTLERLESS DRAW RESULTS.pdf,129
EA2033,EA,2023,2022,NO,C:\Users\tyler\Desktop\BIBLE HUNT CODES\2023\2023_PERMITS=2024_MODEL__ANTLERLESS DRAW RESULTS.pdf,179
EA2034,EA,2023,2022,NO,C:\Users\tyler\Desktop\BIBLE HUNT CODES\2023\2023_PERMITS=2024_MODEL__ANTLERLESS DRAW RESULTS.pdf,180
EA2035,EA,2023,2022,NO,C:\Users\tyler\Desktop\BIBLE HUNT CODES\2023\2023_PERMITS=2024_MODEL__ANTLERLESS DRAW RESULTS.pdf|C:\Users\tyler\Desktop\BIBLE HUNT CODES\2023\2023_PERMITS=2024_MODEL__YOUTH ANTLERLESS DRAW RESULTS.pdf,171|181
EA2036,EA,2023,2022,NO,C:\Users\tyler\Desktop\BIBLE HUNT CODES\2023\2023_PERMITS=2024_MODEL__ANTLERLESS DRAW RESULTS.pdf|C:\Users\tyler\Desktop\BIBLE HUNT CODES\2023\2023_PERMITS=2024_MODEL__YOUTH ANTLERLESS DRAW RESULTS.pdf,172|182
EA2037,EA,2023,2022,NO,C:\Users\tyler\Desktop\BIBLE HUNT CODES\2023\2023_PERMITS=2024_MODEL__ANTLERLESS DRAW RESULTS.pdf|C:\Users\tyler\Desktop\BIBLE HUNT CODES\2023\2023_PERMITS=2024_MODEL__YOUTH ANTLERLESS DRAW RESULTS.pdf,173|183
EA2038,EA,2023,2022,NO,C:\Users\tyler\Desktop\BIBLE HUNT CODES\2023\2023_PERMITS=2024_MODEL__ANTLERLESS DRAW RESULTS.pdf|C:\Users\tyler\Desktop\BIBLE HUNT CODES\2023\2023_PERMITS=2024_MODEL__YOUTH ANTLERLESS DRAW RESULTS.pdf,174|184
EB3158,EB,2023,2022,NO,C:\Users\tyler\Desktop\BIBLE HUNT CODES\2023\2023_PERMITS=2023_MODEL__L.E. BIG GAME DRAW RESULTS.pdf|C:\Users\tyler\Desktop\BIBLE HUNT CODES\2023\2023_PERMITS=2024_MODEL__L.E. ELK.pdf,102|292
EB3159,EB,2023,2022,NO,C:\Users\tyler\Desktop\BIBLE HUNT CODES\2023\2023_PERMITS=2023_MODEL__L.E. BIG GAME DRAW RESULTS.pdf|C:\Users\tyler\Desktop\BIBLE HUNT CODES\2023\2023_PERMITS=2024_MODEL__L.E. ELK.pdf,103|293
EB3160,EB,2023,2022,NO,C:\Users\tyler\Desktop\BIBLE HUNT CODES\2023\2023_PERMITS=2023_MODEL__L.E. BIG GAME DRAW RESULTS.pdf|C:\Users\tyler\Desktop\BIBLE HUNT CODES\2023\2023_PERMITS=2024_MODEL__L.E. ELK.pdf,104|294
EB3161,EB,2023,2022,NO,C:\Users\tyler\Desktop\BIBLE HUNT CODES\2023\2023_PERMITS=2023_MODEL__L.E. BIG GAME DRAW RESULTS.pdf|C:\Users\tyler\Desktop\BIBLE HUNT CODES\2023\2023_PERMITS=2024_MODEL__L.E. ELK.pdf,105|295
EB3162,EB,2023,2022,NO,C:\Users\tyler\Desktop\BIBLE HUNT CODES\2023\2023_PERMITS=2023_MODEL__L.E. BIG GAME DRAW RESULTS.pdf|C:\Users\tyler\Desktop\BIBLE HUNT CODES\2023\2023_PERMITS=2024_MODEL__L.E. ELK.pdf,106|296
EB3163,EB,2023,2022,NO,C:\Users\tyler\Desktop\BIBLE HUNT CODES\2023\2023_PERMITS=2023_MODEL__L.E. BIG GAME DRAW RESULTS.pdf|C:\Users\tyler\Desktop\BIBLE HUNT CODES\2023\2023_PERMITS=2024_MODEL__L.E. ELK.pdf,107|297
EB3164,EB,2023,2022,NO,C:\Users\tyler\Desktop\BIBLE HUNT CODES\2023\2023_PERMITS=2023_MODEL__L.E. BIG GAME DRAW RESULTS.pdf|C:\Users\tyler\Desktop\BIBLE HUNT CODES\2023\2023_PERMITS=2024_MODEL__L.E. ELK.pdf,108|298
EB3165,EB,2023,2022,NO,C:\Users\tyler\Desktop\BIBLE HUNT CODES\2023\2023_PERMITS=2023_MODEL__L.E. BIG GAME DRAW RESULTS.pdf|C:\Users\tyler\Desktop\BIBLE HUNT CODES\2023\2023_PERMITS=2024_MODEL__L.E. ELK.pdf,109|299
EB3166,EB,2023,2022,NO,C:\Users\tyler\Desktop\BIBLE HUNT CODES\2023\2023_PERMITS=2023_MODEL__L.E. BIG GAME DRAW RESULTS.pdf|C:\Users\tyler\Desktop\BIBLE HUNT CODES\2023\2023_PERMITS=2024_MODEL__L.E. ELK.pdf,110|300
EB3167,EB,2023,2022,NO,C:\Users\tyler\Desktop\BIBLE HUNT CODES\2023\2023_PERMITS=2023_MODEL__L.E. BIG GAME DRAW RESULTS.pdf|C:\Users\tyler\Desktop\BIBLE HUNT CODES\2023\2023_PERMITS=2024_MODEL__L.E. ELK.pdf,111|301
EB3168,EB,2023,2022,NO,C:\Users\tyler\Desktop\BIBLE HUNT CODES\2023\2023_PERMITS=2023_MODEL__L.E. BIG GAME DRAW RESULTS.pdf|C:\Users\tyler\Desktop\BIBLE HUNT CODES\2023\2023_PERMITS=2024_MODEL__L.E. ELK.pdf,112|302
EB3169,EB,2023,2022,NO,C:\Users\tyler\Desktop\BIBLE HUNT CODES\2023\2023_PERMITS=2023_MODEL__L.E. BIG GAME DRAW RESULTS.pdf|C:\Users\tyler\Desktop\BIBLE HUNT CODES\2023\2023_PERMITS=2024_MODEL__L.E. ELK.pdf,113|303
EB3170,EB,2023,2022,NO,C:\Users\tyler\Desktop\BIBLE HUNT CODES\2023\2023_PERMITS=2023_MODEL__L.E. BIG GAME DRAW RESULTS.pdf|C:\Users\tyler\Desktop\BIBLE HUNT CODES\2023\2023_PERMITS=2024_MODEL__L.E. ELK.pdf,114|304
EB3171,EB,2023,2022,NO,C:\Users\tyler\Desktop\BIBLE HUNT CODES\2023\2023_PERMITS=2023_MODEL__L.E. BIG GAME DRAW RESULTS.pdf|C:\Users\tyler\Desktop\BIBLE HUNT CODES\2023\2023_PERMITS=2024_MODEL__L.E. ELK.pdf,115|305
EB3172,EB,2023,2022,NO,C:\Users\tyler\Desktop\BIBLE HUNT CODES\2023\2023_PERMITS=2023_MODEL__L.E. BIG GAME DRAW RESULTS.pdf|C:\Users\tyler\Desktop\BIBLE HUNT CODES\2023\2023_PERMITS=2024_MODEL__L.E. ELK.pdf,116|306
EB3173,EB,2023,2022,NO,C:\Users\tyler\Desktop\BIBLE HUNT CODES\2023\2023_PERMITS=2023_MODEL__L.E. BIG GAME DRAW RESULTS.pdf|C:\Users\tyler\Desktop\BIBLE HUNT CODES\2023\2023_PERMITS=2024_MODEL__L.E. ELK.pdf,117|307
EB3174,EB,2023,2022,NO,C:\Users\tyler\Desktop\BIBLE HUNT CODES\2023\2023_PERMITS=2023_MODEL__L.E. BIG GAME DRAW RESULTS.pdf|C:\Users\tyler\Desktop\BIBLE HUNT CODES\2023\2023_PERMITS=2024_MODEL__L.E. ELK.pdf,118|308
EB3175,EB,2023,2022,NO,C:\Users\tyler\Desktop\BIBLE HUNT CODES\2023\2023_PERMITS=2023_MODEL__L.E. BIG GAME DRAW RESULTS.pdf|C:\Users\tyler\Desktop\BIBLE HUNT CODES\2023\2023_PERMITS=2024_MODEL__L.E. ELK.pdf,119|309
EB3176,EB,2023,2022,NO,C:\Users\tyler\Desktop\BIBLE HUNT CODES\2023\2023_PERMITS=2023_MODEL__L.E. BIG GAME DRAW RESULTS.pdf|C:\Users\tyler\Desktop\BIBLE HUNT CODES\2023\2023_PERMITS=2024_MODEL__L.E. ELK.pdf,120|310
EB3177,EB,2023,2022,NO,C:\Users\tyler\Desktop\BIBLE HUNT CODES\2023\2023_PERMITS=2023_MODEL__L.E. BIG GAME DRAW RESULTS.pdf|C:\Users\tyler\Desktop\BIBLE HUNT CODES\2023\2023_PERMITS=2024_MODEL__L.E. ELK.pdf,121|311
EB3178,EB,2023,2022,NO,C:\Users\tyler\Desktop\BIBLE HUNT CODES\2023\2023_PERMITS=2023_MODEL__L.E. BIG GAME DRAW RESULTS.pdf|C:\Users\tyler\Desktop\BIBLE HUNT CODES\2023\2023_PERMITS=2024_MODEL__L.E. ELK.pdf,122|312
EB3179,EB,2023,2022,NO,C:\Users\tyler\Desktop\BIBLE HUNT CODES\2023\2023_PERMITS=2023_MODEL__L.E. BIG GAME DRAW RESULTS.pdf|C:\Users\tyler\Desktop\BIBLE HUNT CODES\2023\2023_PERMITS=2024_MODEL__L.E. ELK.pdf,123|313
EB3180,EB,2023,2022,NO,C:\Users\tyler\Desktop\BIBLE HUNT CODES\2023\2023_PERMITS=2023_MODEL__L.E. BIG GAME DRAW RESULTS.pdf|C:\Users\tyler\Desktop\BIBLE HUNT CODES\2023\2023_PERMITS=2024_MODEL__L.E. ELK.pdf,124|314
EB3181,EB,2023,2022,NO,C:\Users\tyler\Desktop\BIBLE HUNT CODES\2023\2023_PERMITS=2023_MODEL__L.E. BIG GAME DRAW RESULTS.pdf|C:\Users\tyler\Desktop\BIBLE HUNT CODES\2023\2023_PERMITS=2024_MODEL__L.E. ELK.pdf,125|315
EB3182,EB,2023,2022,NO,C:\Users\tyler\Desktop\BIBLE HUNT CODES\2023\2023_PERMITS=2023_MODEL__L.E. BIG GAME DRAW RESULTS.pdf|C:\Users\tyler\Desktop\BIBLE HUNT CODES\2023\2023_PERMITS=2024_MODEL__L.E. ELK.pdf,126|316
EB3183,EB,2023,2022,NO,C:\Users\tyler\Desktop\BIBLE HUNT CODES\2023\2023_PERMITS=2023_MODEL__L.E. BIG GAME DRAW RESULTS.pdf|C:\Users\tyler\Desktop\BIBLE HUNT CODES\2023\2023_PERMITS=2024_MODEL__L.E. ELK.pdf,127|317
EB3184,EB,2023,2022,NO,C:\Users\tyler\Desktop\BIBLE HUNT CODES\2023\2023_PERMITS=2023_MODEL__L.E. BIG GAME DRAW RESULTS.pdf|C:\Users\tyler\Desktop\BIBLE HUNT CODES\2023\2023_PERMITS=2024_MODEL__L.E. ELK.pdf,128|318
EB3185,EB,2023,2022,NO,C:\Users\tyler\Desktop\BIBLE HUNT CODES\2023\2023_PERMITS=2023_MODEL__L.E. BIG GAME DRAW RESULTS.pdf|C:\Users\tyler\Desktop\BIBLE HUNT CODES\2023\2023_PERMITS=2024_MODEL__L.E. ELK.pdf,129|319
EB3186,EB,2023,2022,NO,C:\Users\tyler\Desktop\BIBLE HUNT CODES\2023\2023_PERMITS=2023_MODEL__L.E. BIG GAME DRAW RESULTS.pdf|C:\Users\tyler\Desktop\BIBLE HUNT CODES\2023\2023_PERMITS=2024_MODEL__L.E. ELK.pdf,130|320
EB3187,EB,2023,2022,NO,C:\Users\tyler\Desktop\BIBLE HUNT CODES\2023\2023_PERMITS=2023_MODEL__L.E. BIG GAME DRAW RESULTS.pdf|C:\Users\tyler\Desktop\BIBLE HUNT CODES\2023\2023_PERMITS=2024_MODEL__L.E. ELK.pdf,131|321
EB3188,EB,2023,2022,NO,C:\Users\tyler\Desktop\BIBLE HUNT CODES\2023\2023_PERMITS=2023_MODEL__L.E. BIG GAME DRAW RESULTS.pdf|C:\Users\tyler\Desktop\BIBLE HUNT CODES\2023\2023_PERMITS=2024_MODEL__L.E. ELK.pdf,132|322
EB3189,EB,2023,2022,NO,C:\Users\tyler\Desktop\BIBLE HUNT CODES\2023\2023_PERMITS=2023_MODEL__L.E. BIG GAME DRAW RESULTS.pdf|C:\Users\tyler\Desktop\BIBLE HUNT CODES\2023\2023_PERMITS=2024_MODEL__L.E. ELK.pdf,133|323
EB3190,EB,2023,2022,NO,C:\Users\tyler\Desktop\BIBLE HUNT CODES\2023\2023_PERMITS=2023_MODEL__L.E. BIG GAME DRAW RESULTS.pdf|C:\Users\tyler\Desktop\BIBLE HUNT CODES\2023\2023_PERMITS=2024_MODEL__L.E. ELK.pdf,134|324
EB3191,EB,2023,2022,NO,C:\Users\tyler\Desktop\BIBLE HUNT CODES\2023\2023_PERMITS=2023_MODEL__L.E. BIG GAME DRAW RESULTS.pdf|C:\Users\tyler\Desktop\BIBLE HUNT CODES\2023\2023_PERMITS=2024_MODEL__L.E. ELK.pdf,135|325
EB3192,EB,2023,2022,NO,C:\Users\tyler\Desktop\BIBLE HUNT CODES\2023\2023_PERMITS=2023_MODEL__L.E. BIG GAME DRAW RESULTS.pdf|C:\Users\tyler\Desktop\BIBLE HUNT CODES\2023\2023_PERMITS=2024_MODEL__L.E. ELK.pdf,136|326
EB3193,EB,2023,2022,NO,C:\Users\tyler\Desktop\BIBLE HUNT CODES\2023\2023_PERMITS=2023_MODEL__L.E. BIG GAME DRAW RESULTS.pdf|C:\Users\tyler\Desktop\BIBLE HUNT CODES\2023\2023_PERMITS=2024_MODEL__L.E. ELK.pdf,137|327
EB3194,EB,2023,2022,NO,C:\Users\tyler\Desktop\BIBLE HUNT CODES\2023\2023_PERMITS=2023_MODEL__L.E. BIG GAME DRAW RESULTS.pdf|C:\Users\tyler\Desktop\BIBLE HUNT CODES\2023\2023_PERMITS=2024_MODEL__L.E. ELK.pdf,138|328
EB3195,EB,2023,2022,NO,C:\Users\tyler\Desktop\BIBLE HUNT CODES\2023\2023_PERMITS=2023_MODEL__L.E. BIG GAME DRAW RESULTS.pdf|C:\Users\tyler\Desktop\BIBLE HUNT CODES\2023\2023_PERMITS=2024_MODEL__L.E. ELK.pdf,139|329
EB3196,EB,2023,2022,NO,C:\Users\tyler\Desktop\BIBLE HUNT CODES\2023\2023_PERMITS=2023_MODEL__L.E. BIG GAME DRAW RESULTS.pdf|C:\Users\tyler\Desktop\BIBLE HUNT CODES\2023\2023_PERMITS=2024_MODEL__L.E. ELK.pdf,140|330
EB3197,EB,2023,2022,NO,C:\Users\tyler\Desktop\BIBLE HUNT CODES\2023\2023_PERMITS=2023_MODEL__L.E. BIG GAME DRAW RESULTS.pdf|C:\Users\tyler\Desktop\BIBLE HUNT CODES\2023\2023_PERMITS=2024_MODEL__L.E. ELK.pdf,141|331
EB3198,EB,2023,2022,NO,C:\Users\tyler\Desktop\BIBLE HUNT CODES\2023\2023_PERMITS=2023_MODEL__L.E. BIG GAME DRAW RESULTS.pdf|C:\Users\tyler\Desktop\BIBLE HUNT CODES\2023\2023_PERMITS=2024_MODEL__L.E. ELK.pdf,142|332
EB3199,EB,2023,2022,NO,C:\Users\tyler\Desktop\BIBLE HUNT CODES\2023\2023_PERMITS=2023_MODEL__L.E. BIG GAME DRAW RESULTS.pdf|C:\Users\tyler\Desktop\BIBLE HUNT CODES\2023\2023_PERMITS=2024_MODEL__L.E. ELK.pdf,143|333
EB3528,EB,2023,2022,YES,C:\Users\tyler\Desktop\BIBLE HUNT CODES\2023\2023_PERMITS=2023_MODEL__L.E. BIG GAME DRAW RESULTS.pdf|C:\Users\tyler\Desktop\BIBLE HUNT CODES\2023\2023_PERMITS=2024_MODEL__L.E. ELK.pdf,168|358
EB3538,EB,2023,2022,YES,C:\Users\tyler\Desktop\BIBLE HUNT CODES\2023\2023_PERMITS=2023_MODEL__L.E. BIG GAME DRAW RESULTS.pdf|C:\Users\tyler\Desktop\BIBLE HUNT CODES\2023\2023_PERMITS=2024_MODEL__L.E. ELK.pdf,176|366
EB3616,EB,2023,2022,NO,C:\Users\tyler\Desktop\BIBLE HUNT CODES\2023\2023_PERMITS=2023_MODEL__L.E. BIG GAME DRAW RESULTS.pdf|C:\Users\tyler\Desktop\BIBLE HUNT CODES\2023\2023_PERMITS=2024_MODEL__L.E. ELK.pdf,212|402
GO6822,GO,2023,2022,NO,C:\Users\tyler\Desktop\BIBLE HUNT CODES\2023\2023_PERMITS=2023_MODEL__L.E. BIG GAME DRAW RESULTS.pdf|C:\Users\tyler\Desktop\BIBLE HUNT CODES\2023\2023_PERMITS=2024_MODEL__O.I.L. MTN GOAT.pdf,18|542
MB6225,MB,2023,2022,YES,C:\Users\tyler\Desktop\BIBLE HUNT CODES\2023\2023_PERMITS=2023_MODEL__L.E. BIG GAME DRAW RESULTS.pdf|C:\Users\tyler\Desktop\BIBLE HUNT CODES\2023\2023_PERMITS=2024_MODEL__O.I.L. BULL MOOSE.pdf,24|566
MB6252,MB,2023,2022,YES,C:\Users\tyler\Desktop\BIBLE HUNT CODES\2023\2023_PERMITS=2023_MODEL__L.E. BIG GAME DRAW RESULTS.pdf|C:\Users\tyler\Desktop\BIBLE HUNT CODES\2023\2023_PERMITS=2024_MODEL__O.I.L. BULL MOOSE.pdf,27|569
MB6257,MB,2023,2022,YES,C:\Users\tyler\Desktop\BIBLE HUNT CODES\2023\2023_PERMITS=2023_MODEL__L.E. BIG GAME DRAW RESULTS.pdf|C:\Users\tyler\Desktop\BIBLE HUNT CODES\2023\2023_PERMITS=2024_MODEL__O.I.L. BULL MOOSE.pdf,29|571
MB6259,MB,2023,2022,YES,C:\Users\tyler\Desktop\BIBLE HUNT CODES\2023\2023_PERMITS=2023_MODEL__L.E. BIG GAME DRAW RESULTS.pdf|C:\Users\tyler\Desktop\BIBLE HUNT CODES\2023\2023_PERMITS=2024_MODEL__O.I.L. BULL MOOSE.pdf,30|572
PB5073,PB,2023,2022,NO,C:\Users\tyler\Desktop\BIBLE HUNT CODES\2023\2023_PERMITS=2023_MODEL__L.E. BIG GAME DRAW RESULTS.pdf|C:\Users\tyler\Desktop\BIBLE HUNT CODES\2023\2023_PERMITS=2024_MODEL__L.E. PRONGHORN.pdf,58|460
PB5074,PB,2023,2022,NO,C:\Users\tyler\Desktop\BIBLE HUNT CODES\2023\2023_PERMITS=2023_MODEL__L.E. BIG GAME DRAW RESULTS.pdf|C:\Users\tyler\Desktop\BIBLE HUNT CODES\2023\2023_PERMITS=2024_MODEL__L.E. PRONGHORN.pdf,59|461
PB5075,PB,2023,2022,NO,C:\Users\tyler\Desktop\BIBLE HUNT CODES\2023\2023_PERMITS=2023_MODEL__L.E. BIG GAME DRAW RESULTS.pdf|C:\Users\tyler\Desktop\BIBLE HUNT CODES\2023\2023_PERMITS=2024_MODEL__L.E. PRONGHORN.pdf,60|462
PB5076,PB,2023,2022,NO,C:\Users\tyler\Desktop\BIBLE HUNT CODES\2023\2023_PERMITS=2023_MODEL__L.E. BIG GAME DRAW RESULTS.pdf|C:\Users\tyler\Desktop\BIBLE HUNT CODES\2023\2023_PERMITS=2024_MODEL__L.E. PRONGHORN.pdf,61|463
PB5077,PB,2023,2022,NO,C:\Users\tyler\Desktop\BIBLE HUNT CODES\2023\2023_PERMITS=2023_MODEL__L.E. BIG GAME DRAW RESULTS.pdf|C:\Users\tyler\Desktop\BIBLE HUNT CODES\2023\2023_PERMITS=2024_MODEL__L.E. PRONGHORN.pdf,62|464
PB5078,PB,2023,2022,NO,C:\Users\tyler\Desktop\BIBLE HUNT CODES\2023\2023_PERMITS=2023_MODEL__L.E. BIG GAME DRAW RESULTS.pdf|C:\Users\tyler\Desktop\BIBLE HUNT CODES\2023\2023_PERMITS=2024_MODEL__L.E. PRONGHORN.pdf,63|465
PB5342,PB,2023,2022,NO,C:\Users\tyler\Desktop\BIBLE HUNT CODES\2023\2023_PERMITS=2023_MODEL__L.E. BIG GAME DRAW RESULTS.pdf|C:\Users\tyler\Desktop\BIBLE HUNT CODES\2023\2023_PERMITS=2024_MODEL__L.E. PRONGHORN.pdf,87|489
DA1050,DA,2024,2023,NO,C:\Users\tyler\Desktop\BIBLE HUNT CODES\2024\2024_PERMITS=2025_MODEL__ANTLERLESS DRAW RESULTS.pdf|C:\Users\tyler\Desktop\BIBLE HUNT CODES\2024\2024_PERMITS=2025_MODEL__YOUTH ANTLERLESS DRAW RESULTS.pdf,21|22
DB1259,DB,2024,2023,YES,C:\Users\tyler\Desktop\BIBLE HUNT CODES\2024\2024_PERMITS=2024_MODEL__L.E. BIG GAME DRAW RESULTS.pdf|C:\Users\tyler\Desktop\BIBLE HUNT CODES\2024\2024_PERMITS=2025_MODEL__L.E. DEER.pdf,119|120
DB1344,DB,2024,2023,NO,C:\Users\tyler\Desktop\BIBLE HUNT CODES\2024\2024_PERMITS=2024_MODEL__L.E. BIG GAME DRAW RESULTS.pdf|C:\Users\tyler\Desktop\BIBLE HUNT CODES\2024\2024_PERMITS=2025_MODEL__L.E. DEER.pdf,183|184
DB1345,DB,2024,2023,NO,C:\Users\tyler\Desktop\BIBLE HUNT CODES\2024\2024_PERMITS=2024_MODEL__L.E. BIG GAME DRAW RESULTS.pdf|C:\Users\tyler\Desktop\BIBLE HUNT CODES\2024\2024_PERMITS=2025_MODEL__L.E. DEER.pdf,184|185
DB1347,DB,2024,2023,NO,C:\Users\tyler\Desktop\BIBLE HUNT CODES\2024\2024_PERMITS=2024_MODEL__L.E. BIG GAME DRAW RESULTS.pdf|C:\Users\tyler\Desktop\BIBLE HUNT CODES\2024\2024_PERMITS=2025_MODEL__L.E. DEER.pdf,185|186
DB1348,DB,2024,2023,NO,C:\Users\tyler\Desktop\BIBLE HUNT CODES\2024\2024_PERMITS=2024_MODEL__L.E. BIG GAME DRAW RESULTS.pdf|C:\Users\tyler\Desktop\BIBLE HUNT CODES\2024\2024_PERMITS=2025_MODEL__L.E. DEER.pdf,186|187
DB1349,DB,2024,2023,NO,C:\Users\tyler\Desktop\BIBLE HUNT CODES\2024\2024_PERMITS=2024_MODEL__L.E. BIG GAME DRAW RESULTS.pdf|C:\Users\tyler\Desktop\BIBLE HUNT CODES\2024\2024_PERMITS=2025_MODEL__L.E. DEER.pdf,187|188
DS6625,DS,2024,2023,NO,C:\Users\tyler\Desktop\BIBLE HUNT CODES\2024\2024_PERMITS=2024_MODEL__L.E. BIG GAME DRAW RESULTS.pdf|C:\Users\tyler\Desktop\BIBLE HUNT CODES\2024\2024_PERMITS=2025_MODEL__O.I.L. DESERT BIGHORN SHEEP.pdf,18|514
EA1106,EA,2024,2023,NO,C:\Users\tyler\Desktop\BIBLE HUNT CODES\2024\2024_PERMITS=2025_MODEL__ANTLERLESS DRAW RESULTS.pdf|C:\Users\tyler\Desktop\BIBLE HUNT CODES\2024\2024_PERMITS=2025_MODEL__YOUTH ANTLERLESS DRAW RESULTS.pdf,71|72
EA1200,EA,2024,2023,YES,C:\Users\tyler\Desktop\BIBLE HUNT CODES\2024\2024_PERMITS=2025_MODEL__ANTLERLESS DRAW RESULTS.pdf|C:\Users\tyler\Desktop\BIBLE HUNT CODES\2024\2024_PERMITS=2025_MODEL__YOUTH ANTLERLESS DRAW RESULTS.pdf,130|133
EA1259,EA,2024,2023,NO,C:\Users\tyler\Desktop\BIBLE HUNT CODES\2024\2024_PERMITS=2025_MODEL__ANTLERLESS DRAW RESULTS.pdf,166
EA1260,EA,2024,2023,NO,C:\Users\tyler\Desktop\BIBLE HUNT CODES\2024\2024_PERMITS=2025_MODEL__ANTLERLESS DRAW RESULTS.pdf,167
EA1261,EA,2024,2023,NO,C:\Users\tyler\Desktop\BIBLE HUNT CODES\2024\2024_PERMITS=2025_MODEL__ANTLERLESS DRAW RESULTS.pdf|C:\Users\tyler\Desktop\BIBLE HUNT CODES\2024\2024_PERMITS=2025_MODEL__YOUTH ANTLERLESS DRAW RESULTS.pdf,162|168
EA1264,EA,2024,2023,NO,C:\Users\tyler\Desktop\BIBLE HUNT CODES\2024\2024_PERMITS=2025_MODEL__ANTLERLESS DRAW RESULTS.pdf|C:\Users\tyler\Desktop\BIBLE HUNT CODES\2024\2024_PERMITS=2025_MODEL__YOUTH ANTLERLESS DRAW RESULTS.pdf,163|169
EA1265,EA,2024,2023,NO,C:\Users\tyler\Desktop\BIBLE HUNT CODES\2024\2024_PERMITS=2025_MODEL__ANTLERLESS DRAW RESULTS.pdf|C:\Users\tyler\Desktop\BIBLE HUNT CODES\2024\2024_PERMITS=2025_MODEL__YOUTH ANTLERLESS DRAW RESULTS.pdf,164|170
EA1266,EA,2024,2023,NO,C:\Users\tyler\Desktop\BIBLE HUNT CODES\2024\2024_PERMITS=2025_MODEL__ANTLERLESS DRAW RESULTS.pdf|C:\Users\tyler\Desktop\BIBLE HUNT CODES\2024\2024_PERMITS=2025_MODEL__YOUTH ANTLERLESS DRAW RESULTS.pdf,165|171
EA1267,EA,2024,2023,NO,C:\Users\tyler\Desktop\BIBLE HUNT CODES\2024\2024_PERMITS=2025_MODEL__ANTLERLESS DRAW RESULTS.pdf|C:\Users\tyler\Desktop\BIBLE HUNT CODES\2024\2024_PERMITS=2025_MODEL__YOUTH ANTLERLESS DRAW RESULTS.pdf,166|172
EA1268,EA,2024,2023,NO,C:\Users\tyler\Desktop\BIBLE HUNT CODES\2024\2024_PERMITS=2025_MODEL__ANTLERLESS DRAW RESULTS.pdf,173
EA1269,EA,2024,2023,NO,C:\Users\tyler\Desktop\BIBLE HUNT CODES\2024\2024_PERMITS=2025_MODEL__ANTLERLESS DRAW RESULTS.pdf|C:\Users\tyler\Desktop\BIBLE HUNT CODES\2024\2024_PERMITS=2025_MODEL__YOUTH ANTLERLESS DRAW RESULTS.pdf,167|174
EB3617,EB,2024,2023,NO,C:\Users\tyler\Desktop\BIBLE HUNT CODES\2024\2024_PERMITS=2024_MODEL__L.E. BIG GAME DRAW RESULTS.pdf|C:\Users\tyler\Desktop\BIBLE HUNT CODES\2024\2024_PERMITS=2025_MODEL__L.E. ELK.pdf,209|395
EB3619,EB,2024,2023,NO,C:\Users\tyler\Desktop\BIBLE HUNT CODES\2024\2024_PERMITS=2024_MODEL__L.E. BIG GAME DRAW RESULTS.pdf|C:\Users\tyler\Desktop\BIBLE HUNT CODES\2024\2024_PERMITS=2025_MODEL__L.E. ELK.pdf,210|396
MB6200,MB,2024,2023,YES,C:\Users\tyler\Desktop\BIBLE HUNT CODES\2024\2024_PERMITS=2024_MODEL__L.E. BIG GAME DRAW RESULTS.pdf|C:\Users\tyler\Desktop\BIBLE HUNT CODES\2024\2024_PERMITS=2025_MODEL__O.I.L. BULL MOOSE.pdf,14|544
MB6209,MB,2024,2023,YES,C:\Users\tyler\Desktop\BIBLE HUNT CODES\2024\2024_PERMITS=2024_MODEL__L.E. BIG GAME DRAW RESULTS.pdf|C:\Users\tyler\Desktop\BIBLE HUNT CODES\2024\2024_PERMITS=2025_MODEL__O.I.L. BULL MOOSE.pdf,19|549
MB6217,MB,2024,2023,YES,C:\Users\tyler\Desktop\BIBLE HUNT CODES\2024\2024_PERMITS=2024_MODEL__L.E. BIG GAME DRAW RESULTS.pdf|C:\Users\tyler\Desktop\BIBLE HUNT CODES\2024\2024_PERMITS=2025_MODEL__O.I.L. BULL MOOSE.pdf,21|551
MB6220,MB,2024,2023,YES,C:\Users\tyler\Desktop\BIBLE HUNT CODES\2024\2024_PERMITS=2024_MODEL__L.E. BIG GAME DRAW RESULTS.pdf|C:\Users\tyler\Desktop\BIBLE HUNT CODES\2024\2024_PERMITS=2025_MODEL__O.I.L. BULL MOOSE.pdf,23|553
MB6240,MB,2024,2023,YES,C:\Users\tyler\Desktop\BIBLE HUNT CODES\2024\2024_PERMITS=2024_MODEL__L.E. BIG GAME DRAW RESULTS.pdf|C:\Users\tyler\Desktop\BIBLE HUNT CODES\2024\2024_PERMITS=2025_MODEL__O.I.L. BULL MOOSE.pdf,27|557
MB6254,MB,2024,2023,YES,C:\Users\tyler\Desktop\BIBLE HUNT CODES\2024\2024_PERMITS=2024_MODEL__L.E. BIG GAME DRAW RESULTS.pdf|C:\Users\tyler\Desktop\BIBLE HUNT CODES\2024\2024_PERMITS=2025_MODEL__O.I.L. BULL MOOSE.pdf,29|559
MB6258,MB,2024,2023,YES,C:\Users\tyler\Desktop\BIBLE HUNT CODES\2024\2024_PERMITS=2024_MODEL__L.E. BIG GAME DRAW RESULTS.pdf|C:\Users\tyler\Desktop\BIBLE HUNT CODES\2024\2024_PERMITS=2025_MODEL__O.I.L. BULL MOOSE.pdf,31|561
MB6263,MB,2024,2023,YES,C:\Users\tyler\Desktop\BIBLE HUNT CODES\2024\2024_PERMITS=2024_MODEL__L.E. BIG GAME DRAW RESULTS.pdf|C:\Users\tyler\Desktop\BIBLE HUNT CODES\2024\2024_PERMITS=2025_MODEL__O.I.L. BULL MOOSE.pdf,33|563
MB6264,MB,2024,2023,YES,C:\Users\tyler\Desktop\BIBLE HUNT CODES\2024\2024_PERMITS=2024_MODEL__L.E. BIG GAME DRAW RESULTS.pdf|C:\Users\tyler\Desktop\BIBLE HUNT CODES\2024\2024_PERMITS=2025_MODEL__O.I.L. BULL MOOSE.pdf,34|564
MB6265,MB,2024,2023,YES,C:\Users\tyler\Desktop\BIBLE HUNT CODES\2024\2024_PERMITS=2024_MODEL__L.E. BIG GAME DRAW RESULTS.pdf|C:\Users\tyler\Desktop\BIBLE HUNT CODES\2024\2024_PERMITS=2025_MODEL__O.I.L. BULL MOOSE.pdf,35|565
MB6266,MB,2024,2023,NO,C:\Users\tyler\Desktop\BIBLE HUNT CODES\2024\2024_PERMITS=2024_MODEL__L.E. BIG GAME DRAW RESULTS.pdf|C:\Users\tyler\Desktop\BIBLE HUNT CODES\2024\2024_PERMITS=2025_MODEL__O.I.L. BULL MOOSE.pdf,36|566
PB5313,PB,2024,2023,YES,C:\Users\tyler\Desktop\BIBLE HUNT CODES\2024\2024_PERMITS=2024_MODEL__L.E. BIG GAME DRAW RESULTS.pdf|C:\Users\tyler\Desktop\BIBLE HUNT CODES\2024\2024_PERMITS=2025_MODEL__L.E. PRONGHORN.pdf,71|466
PB5345,PB,2024,2023,NO,C:\Users\tyler\Desktop\BIBLE HUNT CODES\2024\2024_PERMITS=2024_MODEL__L.E. BIG GAME DRAW RESULTS.pdf|C:\Users\tyler\Desktop\BIBLE HUNT CODES\2024\2024_PERMITS=2025_MODEL__L.E. PRONGHORN.pdf,86|481
PD1006,PD,2024,2023,YES,C:\Users\tyler\Desktop\BIBLE HUNT CODES\2024\2024_PERMITS=2025_MODEL__ANTLERLESS DRAW RESULTS.pdf|C:\Users\tyler\Desktop\BIBLE HUNT CODES\2024\2024_PERMITS=2025_MODEL__YOUTH ANTLERLESS DRAW RESULTS.pdf,173|181
PD1045,PD,2024,2023,NO,C:\Users\tyler\Desktop\BIBLE HUNT CODES\2024\2024_PERMITS=2025_MODEL__ANTLERLESS DRAW RESULTS.pdf|C:\Users\tyler\Desktop\BIBLE HUNT CODES\2024\2024_PERMITS=2025_MODEL__YOUTH ANTLERLESS DRAW RESULTS.pdf,186|194
PD1046,PD,2024,2023,NO,C:\Users\tyler\Desktop\BIBLE HUNT CODES\2024\2024_PERMITS=2025_MODEL__ANTLERLESS DRAW RESULTS.pdf|C:\Users\tyler\Desktop\BIBLE HUNT CODES\2024\2024_PERMITS=2025_MODEL__YOUTH ANTLERLESS DRAW RESULTS.pdf,187|195
BR7237,BR,2025,2024,NO,C:\Users\tyler\Desktop\BIBLE HUNT CODES\2025\2025_PERMITS=2026_MODEL__BEAR DRAW RESULTS.pdf,77
BR7325,BR,2025,2024,NO,C:\Users\tyler\Desktop\BIBLE HUNT CODES\2025\2025_PERMITS=2026_MODEL__BEAR DRAW RESULTS.pdf,99
DB0008,DB,2025,2024,NO,C:\Users\tyler\Desktop\BIBLE HUNT CODES\2025\2025_PERMITS=2026_MODEL__G.S. BUCK DEER DRAW RESULTS.pdf|C:\Users\tyler\Desktop\BIBLE HUNT CODES\2025\2025_PERMITS=2026_MODEL__LIFETIME G.S. DEER DRAW RESULTS.pdf|C:\Users\tyler\Desktop\BIBLE HUNT CODES\2025\2025_PERMITS=2026_MODEL__YOUTH G.S. DEER DRAW RESULTS.pdf,2
DB1009,DB,2025,2024,YES,C:\Users\tyler\Desktop\BIBLE HUNT CODES\2025\2025_PERMITS=2026_MODEL__L.E. BIG GAME DRAW RESULTS.pdf|C:\Users\tyler\Desktop\BIBLE HUNT CODES\2025\2025_PERMITS=2026_MODEL__L.E. DEER.pdf,11
DB1106,DB,2025,2024,NO,C:\Users\tyler\Desktop\BIBLE HUNT CODES\2025\2025_PERMITS=2026_MODEL__L.E. BIG GAME DRAW RESULTS.pdf|C:\Users\tyler\Desktop\BIBLE HUNT CODES\2025\2025_PERMITS=2026_MODEL__L.E. DEER.pdf,70
DB1107,DB,2025,2024,NO,C:\Users\tyler\Desktop\BIBLE HUNT CODES\2025\2025_PERMITS=2026_MODEL__L.E. BIG GAME DRAW RESULTS.pdf|C:\Users\tyler\Desktop\BIBLE HUNT CODES\2025\2025_PERMITS=2026_MODEL__L.E. DEER.pdf,71
DB1108,DB,2025,2024,NO,C:\Users\tyler\Desktop\BIBLE HUNT CODES\2025\2025_PERMITS=2026_MODEL__L.E. BIG GAME DRAW RESULTS.pdf|C:\Users\tyler\Desktop\BIBLE HUNT CODES\2025\2025_PERMITS=2026_MODEL__L.E. DEER.pdf,72
DB1110,DB,2025,2024,NO,C:\Users\tyler\Desktop\BIBLE HUNT CODES\2025\2025_PERMITS=2026_MODEL__L.E. BIG GAME DRAW RESULTS.pdf|C:\Users\tyler\Desktop\BIBLE HUNT CODES\2025\2025_PERMITS=2026_MODEL__L.E. DEER.pdf,73
DB1111,DB,2025,2024,NO,C:\Users\tyler\Desktop\BIBLE HUNT CODES\2025\2025_PERMITS=2026_MODEL__L.E. BIG GAME DRAW RESULTS.pdf|C:\Users\tyler\Desktop\BIBLE HUNT CODES\2025\2025_PERMITS=2026_MODEL__L.E. DEER.pdf,74
DB1112,DB,2025,2024,NO,C:\Users\tyler\Desktop\BIBLE HUNT CODES\2025\2025_PERMITS=2026_MODEL__L.E. BIG GAME DRAW RESULTS.pdf|C:\Users\tyler\Desktop\BIBLE HUNT CODES\2025\2025_PERMITS=2026_MODEL__L.E. DEER.pdf,75
DB1113,DB,2025,2024,NO,C:\Users\tyler\Desktop\BIBLE HUNT CODES\2025\2025_PERMITS=2026_MODEL__L.E. BIG GAME DRAW RESULTS.pdf|C:\Users\tyler\Desktop\BIBLE HUNT CODES\2025\2025_PERMITS=2026_MODEL__L.E. DEER.pdf,76
DB1114,DB,2025,2024,NO,C:\Users\tyler\Desktop\BIBLE HUNT CODES\2025\2025_PERMITS=2026_MODEL__L.E. BIG GAME DRAW RESULTS.pdf|C:\Users\tyler\Desktop\BIBLE HUNT CODES\2025\2025_PERMITS=2026_MODEL__L.E. DEER.pdf,77
DB1115,DB,2025,2024,NO,C:\Users\tyler\Desktop\BIBLE HUNT CODES\2025\2025_PERMITS=2026_MODEL__L.E. BIG GAME DRAW RESULTS.pdf|C:\Users\tyler\Desktop\BIBLE HUNT CODES\2025\2025_PERMITS=2026_MODEL__L.E. DEER.pdf,78
DB1116,DB,2025,2024,NO,C:\Users\tyler\Desktop\BIBLE HUNT CODES\2025\2025_PERMITS=2026_MODEL__L.E. BIG GAME DRAW RESULTS.pdf|C:\Users\tyler\Desktop\BIBLE HUNT CODES\2025\2025_PERMITS=2026_MODEL__L.E. DEER.pdf,79
DB1119,DB,2025,2024,NO,C:\Users\tyler\Desktop\BIBLE HUNT CODES\2025\2025_PERMITS=2026_MODEL__L.E. BIG GAME DRAW RESULTS.pdf|C:\Users\tyler\Desktop\BIBLE HUNT CODES\2025\2025_PERMITS=2026_MODEL__L.E. DEER.pdf,80
DB1120,DB,2025,2024,NO,C:\Users\tyler\Desktop\BIBLE HUNT CODES\2025\2025_PERMITS=2026_MODEL__L.E. BIG GAME DRAW RESULTS.pdf|C:\Users\tyler\Desktop\BIBLE HUNT CODES\2025\2025_PERMITS=2026_MODEL__L.E. DEER.pdf,81
DB1216,DB,2025,2024,YES,C:\Users\tyler\Desktop\BIBLE HUNT CODES\2025\2025_PERMITS=2026_MODEL__L.E. BIG GAME DRAW RESULTS.pdf|C:\Users\tyler\Desktop\BIBLE HUNT CODES\2025\2025_PERMITS=2026_MODEL__L.E. DEER.pdf,96
DB1258,DB,2025,2024,YES,C:\Users\tyler\Desktop\BIBLE HUNT CODES\2025\2025_PERMITS=2026_MODEL__L.E. BIG GAME DRAW RESULTS.pdf|C:\Users\tyler\Desktop\BIBLE HUNT CODES\2025\2025_PERMITS=2026_MODEL__L.E. DEER.pdf,128
DB1323,DB,2025,2024,YES,C:\Users\tyler\Desktop\BIBLE HUNT CODES\2025\2025_PERMITS=2026_MODEL__L.E. BIG GAME DRAW RESULTS.pdf|C:\Users\tyler\Desktop\BIBLE HUNT CODES\2025\2025_PERMITS=2026_MODEL__L.E. DEER.pdf,175
DB1611,DB,2025,2024,NO,C:\Users\tyler\Desktop\BIBLE HUNT CODES\2025\2025_PERMITS=2026_MODEL__G.S. BUCK DEER DRAW RESULTS.pdf|C:\Users\tyler\Desktop\BIBLE HUNT CODES\2025\2025_PERMITS=2026_MODEL__LIFETIME G.S. DEER DRAW RESULTS.pdf|C:\Users\tyler\Desktop\BIBLE HUNT CODES\2025\2025_PERMITS=2026_MODEL__YOUTH G.S. DEER DRAW RESULTS.pdf,87|88
DB1612,DB,2025,2024,NO,C:\Users\tyler\Desktop\BIBLE HUNT CODES\2025\2025_PERMITS=2026_MODEL__G.S. BUCK DEER DRAW RESULTS.pdf|C:\Users\tyler\Desktop\BIBLE HUNT CODES\2025\2025_PERMITS=2026_MODEL__LIFETIME G.S. DEER DRAW RESULTS.pdf|C:\Users\tyler\Desktop\BIBLE HUNT CODES\2025\2025_PERMITS=2026_MODEL__YOUTH G.S. DEER DRAW RESULTS.pdf,88|89
DB1613,DB,2025,2024,NO,C:\Users\tyler\Desktop\BIBLE HUNT CODES\2025\2025_PERMITS=2026_MODEL__G.S. BUCK DEER DRAW RESULTS.pdf|C:\Users\tyler\Desktop\BIBLE HUNT CODES\2025\2025_PERMITS=2026_MODEL__LIFETIME G.S. DEER DRAW RESULTS.pdf|C:\Users\tyler\Desktop\BIBLE HUNT CODES\2025\2025_PERMITS=2026_MODEL__YOUTH G.S. DEER DRAW RESULTS.pdf,89|90
DB1614,DB,2025,2024,NO,C:\Users\tyler\Desktop\BIBLE HUNT CODES\2025\2025_PERMITS=2026_MODEL__G.S. BUCK DEER DRAW RESULTS.pdf|C:\Users\tyler\Desktop\BIBLE HUNT CODES\2025\2025_PERMITS=2026_MODEL__YOUTH G.S. DEER DRAW RESULTS.pdf,91
DB1615,DB,2025,2024,NO,C:\Users\tyler\Desktop\BIBLE HUNT CODES\2025\2025_PERMITS=2026_MODEL__G.S. BUCK DEER DRAW RESULTS.pdf|C:\Users\tyler\Desktop\BIBLE HUNT CODES\2025\2025_PERMITS=2026_MODEL__LIFETIME G.S. DEER DRAW RESULTS.pdf|C:\Users\tyler\Desktop\BIBLE HUNT CODES\2025\2025_PERMITS=2026_MODEL__YOUTH G.S. DEER DRAW RESULTS.pdf,90|92
DB1616,DB,2025,2024,NO,C:\Users\tyler\Desktop\BIBLE HUNT CODES\2025\2025_PERMITS=2026_MODEL__G.S. BUCK DEER DRAW RESULTS.pdf|C:\Users\tyler\Desktop\BIBLE HUNT CODES\2025\2025_PERMITS=2026_MODEL__LIFETIME G.S. DEER DRAW RESULTS.pdf|C:\Users\tyler\Desktop\BIBLE HUNT CODES\2025\2025_PERMITS=2026_MODEL__YOUTH G.S. DEER DRAW RESULTS.pdf,91|93
DB1617,DB,2025,2024,NO,C:\Users\tyler\Desktop\BIBLE HUNT CODES\2025\2025_PERMITS=2026_MODEL__G.S. BUCK DEER DRAW RESULTS.pdf|C:\Users\tyler\Desktop\BIBLE HUNT CODES\2025\2025_PERMITS=2026_MODEL__YOUTH G.S. DEER DRAW RESULTS.pdf,94
DB1618,DB,2025,2024,NO,C:\Users\tyler\Desktop\BIBLE HUNT CODES\2025\2025_PERMITS=2026_MODEL__G.S. BUCK DEER DRAW RESULTS.pdf|C:\Users\tyler\Desktop\BIBLE HUNT CODES\2025\2025_PERMITS=2026_MODEL__LIFETIME G.S. DEER DRAW RESULTS.pdf|C:\Users\tyler\Desktop\BIBLE HUNT CODES\2025\2025_PERMITS=2026_MODEL__YOUTH G.S. DEER DRAW RESULTS.pdf,92|95
DB1619,DB,2025,2024,NO,C:\Users\tyler\Desktop\BIBLE HUNT CODES\2025\2025_PERMITS=2026_MODEL__G.S. BUCK DEER DRAW RESULTS.pdf|C:\Users\tyler\Desktop\BIBLE HUNT CODES\2025\2025_PERMITS=2026_MODEL__LIFETIME G.S. DEER DRAW RESULTS.pdf|C:\Users\tyler\Desktop\BIBLE HUNT CODES\2025\2025_PERMITS=2026_MODEL__YOUTH G.S. DEER DRAW RESULTS.pdf,93|96
DB1620,DB,2025,2024,NO,C:\Users\tyler\Desktop\BIBLE HUNT CODES\2025\2025_PERMITS=2026_MODEL__G.S. BUCK DEER DRAW RESULTS.pdf|C:\Users\tyler\Desktop\BIBLE HUNT CODES\2025\2025_PERMITS=2026_MODEL__LIFETIME G.S. DEER DRAW RESULTS.pdf|C:\Users\tyler\Desktop\BIBLE HUNT CODES\2025\2025_PERMITS=2026_MODEL__YOUTH G.S. DEER DRAW RESULTS.pdf,94|97
DB1621,DB,2025,2024,NO,C:\Users\tyler\Desktop\BIBLE HUNT CODES\2025\2025_PERMITS=2026_MODEL__G.S. BUCK DEER DRAW RESULTS.pdf|C:\Users\tyler\Desktop\BIBLE HUNT CODES\2025\2025_PERMITS=2026_MODEL__LIFETIME G.S. DEER DRAW RESULTS.pdf|C:\Users\tyler\Desktop\BIBLE HUNT CODES\2025\2025_PERMITS=2026_MODEL__YOUTH G.S. DEER DRAW RESULTS.pdf,95|98
DB1622,DB,2025,2024,NO,C:\Users\tyler\Desktop\BIBLE HUNT CODES\2025\2025_PERMITS=2026_MODEL__G.S. BUCK DEER DRAW RESULTS.pdf|C:\Users\tyler\Desktop\BIBLE HUNT CODES\2025\2025_PERMITS=2026_MODEL__LIFETIME G.S. DEER DRAW RESULTS.pdf|C:\Users\tyler\Desktop\BIBLE HUNT CODES\2025\2025_PERMITS=2026_MODEL__YOUTH G.S. DEER DRAW RESULTS.pdf,96|99
DB1623,DB,2025,2024,NO,C:\Users\tyler\Desktop\BIBLE HUNT CODES\2025\2025_PERMITS=2026_MODEL__G.S. BUCK DEER DRAW RESULTS.pdf|C:\Users\tyler\Desktop\BIBLE HUNT CODES\2025\2025_PERMITS=2026_MODEL__LIFETIME G.S. DEER DRAW RESULTS.pdf|C:\Users\tyler\Desktop\BIBLE HUNT CODES\2025\2025_PERMITS=2026_MODEL__YOUTH G.S. DEER DRAW RESULTS.pdf,97|100
DB1624,DB,2025,2024,NO,C:\Users\tyler\Desktop\BIBLE HUNT CODES\2025\2025_PERMITS=2026_MODEL__G.S. BUCK DEER DRAW RESULTS.pdf|C:\Users\tyler\Desktop\BIBLE HUNT CODES\2025\2025_PERMITS=2026_MODEL__LIFETIME G.S. DEER DRAW RESULTS.pdf|C:\Users\tyler\Desktop\BIBLE HUNT CODES\2025\2025_PERMITS=2026_MODEL__YOUTH G.S. DEER DRAW RESULTS.pdf,98|101
DB1625,DB,2025,2024,NO,C:\Users\tyler\Desktop\BIBLE HUNT CODES\2025\2025_PERMITS=2026_MODEL__G.S. BUCK DEER DRAW RESULTS.pdf|C:\Users\tyler\Desktop\BIBLE HUNT CODES\2025\2025_PERMITS=2026_MODEL__LIFETIME G.S. DEER DRAW RESULTS.pdf|C:\Users\tyler\Desktop\BIBLE HUNT CODES\2025\2025_PERMITS=2026_MODEL__YOUTH G.S. DEER DRAW RESULTS.pdf,99|102
DB1627,DB,2025,2024,NO,C:\Users\tyler\Desktop\BIBLE HUNT CODES\2025\2025_PERMITS=2026_MODEL__G.S. BUCK DEER DRAW RESULTS.pdf|C:\Users\tyler\Desktop\BIBLE HUNT CODES\2025\2025_PERMITS=2026_MODEL__LIFETIME G.S. DEER DRAW RESULTS.pdf|C:\Users\tyler\Desktop\BIBLE HUNT CODES\2025\2025_PERMITS=2026_MODEL__YOUTH G.S. DEER DRAW RESULTS.pdf,100|103
DB1628,DB,2025,2024,NO,C:\Users\tyler\Desktop\BIBLE HUNT CODES\2025\2025_PERMITS=2026_MODEL__G.S. BUCK DEER DRAW RESULTS.pdf|C:\Users\tyler\Desktop\BIBLE HUNT CODES\2025\2025_PERMITS=2026_MODEL__LIFETIME G.S. DEER DRAW RESULTS.pdf|C:\Users\tyler\Desktop\BIBLE HUNT CODES\2025\2025_PERMITS=2026_MODEL__YOUTH G.S. DEER DRAW RESULTS.pdf,101|104
DB1629,DB,2025,2024,NO,C:\Users\tyler\Desktop\BIBLE HUNT CODES\2025\2025_PERMITS=2026_MODEL__G.S. BUCK DEER DRAW RESULTS.pdf|C:\Users\tyler\Desktop\BIBLE HUNT CODES\2025\2025_PERMITS=2026_MODEL__LIFETIME G.S. DEER DRAW RESULTS.pdf|C:\Users\tyler\Desktop\BIBLE HUNT CODES\2025\2025_PERMITS=2026_MODEL__YOUTH G.S. DEER DRAW RESULTS.pdf,102|105
DB1630,DB,2025,2024,NO,C:\Users\tyler\Desktop\BIBLE HUNT CODES\2025\2025_PERMITS=2026_MODEL__G.S. BUCK DEER DRAW RESULTS.pdf|C:\Users\tyler\Desktop\BIBLE HUNT CODES\2025\2025_PERMITS=2026_MODEL__LIFETIME G.S. DEER DRAW RESULTS.pdf|C:\Users\tyler\Desktop\BIBLE HUNT CODES\2025\2025_PERMITS=2026_MODEL__YOUTH G.S. DEER DRAW RESULTS.pdf,103|106
DB1631,DB,2025,2024,NO,C:\Users\tyler\Desktop\BIBLE HUNT CODES\2025\2025_PERMITS=2026_MODEL__G.S. BUCK DEER DRAW RESULTS.pdf|C:\Users\tyler\Desktop\BIBLE HUNT CODES\2025\2025_PERMITS=2026_MODEL__LIFETIME G.S. DEER DRAW RESULTS.pdf|C:\Users\tyler\Desktop\BIBLE HUNT CODES\2025\2025_PERMITS=2026_MODEL__YOUTH G.S. DEER DRAW RESULTS.pdf,104|107
DB1802,DB,2025,2024,NO,C:\Users\tyler\Desktop\BIBLE HUNT CODES\2025\2025_PERMITS=2026_MODEL__D.H. DEER DRAW RESULTS.pdf|C:\Users\tyler\Desktop\BIBLE HUNT CODES\2025\2025_PERMITS=2026_MODEL__YOUTH D.H. DEER DRAW RESULTS.pdf,22|28
DB1803,DB,2025,2024,NO,C:\Users\tyler\Desktop\BIBLE HUNT CODES\2025\2025_PERMITS=2026_MODEL__D.H. DEER DRAW RESULTS.pdf,29
DB1804,DB,2025,2024,NO,C:\Users\tyler\Desktop\BIBLE HUNT CODES\2025\2025_PERMITS=2026_MODEL__D.H. DEER DRAW RESULTS.pdf|C:\Users\tyler\Desktop\BIBLE HUNT CODES\2025\2025_PERMITS=2026_MODEL__YOUTH D.H. DEER DRAW RESULTS.pdf,23|30
DB1805,DB,2025,2024,NO,C:\Users\tyler\Desktop\BIBLE HUNT CODES\2025\2025_PERMITS=2026_MODEL__D.H. DEER DRAW RESULTS.pdf|C:\Users\tyler\Desktop\BIBLE HUNT CODES\2025\2025_PERMITS=2026_MODEL__YOUTH D.H. DEER DRAW RESULTS.pdf,24|31
DB1806,DB,2025,2024,NO,C:\Users\tyler\Desktop\BIBLE HUNT CODES\2025\2025_PERMITS=2026_MODEL__D.H. DEER DRAW RESULTS.pdf,32
DS6626,DS,2025,2024,NO,C:\Users\tyler\Desktop\BIBLE HUNT CODES\2025\2025_PERMITS=2026_MODEL__L.E. BIG GAME DRAW RESULTS.pdf|C:\Users\tyler\Desktop\BIBLE HUNT CODES\2025\2025_PERMITS=2026_MODEL__O.I.L. BULL MOOSE.pdf|C:\Users\tyler\Desktop\BIBLE HUNT CODES\2025\2025_PERMITS=2026_MODEL__OIL DRAW RESULTS.pdf,16|68|567
DS6627,DS,2025,2024,NO,C:\Users\tyler\Desktop\BIBLE HUNT CODES\2025\2025_PERMITS=2026_MODEL__L.E. BIG GAME DRAW RESULTS.pdf|C:\Users\tyler\Desktop\BIBLE HUNT CODES\2025\2025_PERMITS=2026_MODEL__O.I.L. BULL MOOSE.pdf|C:\Users\tyler\Desktop\BIBLE HUNT CODES\2025\2025_PERMITS=2026_MODEL__OIL DRAW RESULTS.pdf,17|69|568
EA1257,EA,2025,2024,YES,C:\Users\tyler\Desktop\BIBLE HUNT CODES\2025\2025_PERMITS=2026_MODEL__ANTLERLESS DRAW RESULTS.pdf|C:\Users\tyler\Desktop\BIBLE HUNT CODES\2025\2025_PERMITS=2026_MODEL__YOUTH ANTLERLESS DRAW RESULTS.pdf,155|161
EA1263,EA,2025,2024,NO,C:\Users\tyler\Desktop\BIBLE HUNT CODES\2025\2025_PERMITS=2026_MODEL__ANTLERLESS DRAW RESULTS.pdf|C:\Users\tyler\Desktop\BIBLE HUNT CODES\2025\2025_PERMITS=2026_MODEL__YOUTH ANTLERLESS DRAW RESULTS.pdf,158|165
EA1272,EA,2025,2024,NO,C:\Users\tyler\Desktop\BIBLE HUNT CODES\2025\2025_PERMITS=2026_MODEL__ANTLERLESS DRAW RESULTS.pdf|C:\Users\tyler\Desktop\BIBLE HUNT CODES\2025\2025_PERMITS=2026_MODEL__YOUTH ANTLERLESS DRAW RESULTS.pdf,165|172
EA1273,EA,2025,2024,NO,C:\Users\tyler\Desktop\BIBLE HUNT CODES\2025\2025_PERMITS=2026_MODEL__ANTLERLESS DRAW RESULTS.pdf|C:\Users\tyler\Desktop\BIBLE HUNT CODES\2025\2025_PERMITS=2026_MODEL__YOUTH ANTLERLESS DRAW RESULTS.pdf,166|173
EA1274,EA,2025,2024,NO,C:\Users\tyler\Desktop\BIBLE HUNT CODES\2025\2025_PERMITS=2026_MODEL__ANTLERLESS DRAW RESULTS.pdf|C:\Users\tyler\Desktop\BIBLE HUNT CODES\2025\2025_PERMITS=2026_MODEL__YOUTH ANTLERLESS DRAW RESULTS.pdf,167|174
EA1276,EA,2025,2024,NO,C:\Users\tyler\Desktop\BIBLE HUNT CODES\2025\2025_PERMITS=2026_MODEL__ANTLERLESS DRAW RESULTS.pdf|C:\Users\tyler\Desktop\BIBLE HUNT CODES\2025\2025_PERMITS=2026_MODEL__YOUTH ANTLERLESS DRAW RESULTS.pdf,168|175
EA1277,EA,2025,2024,NO,C:\Users\tyler\Desktop\BIBLE HUNT CODES\2025\2025_PERMITS=2026_MODEL__ANTLERLESS DRAW RESULTS.pdf|C:\Users\tyler\Desktop\BIBLE HUNT CODES\2025\2025_PERMITS=2026_MODEL__YOUTH ANTLERLESS DRAW RESULTS.pdf,169|176
EA1278,EA,2025,2024,NO,C:\Users\tyler\Desktop\BIBLE HUNT CODES\2025\2025_PERMITS=2026_MODEL__ANTLERLESS DRAW RESULTS.pdf|C:\Users\tyler\Desktop\BIBLE HUNT CODES\2025\2025_PERMITS=2026_MODEL__YOUTH ANTLERLESS DRAW RESULTS.pdf,170|177
EA1279,EA,2025,2024,NO,C:\Users\tyler\Desktop\BIBLE HUNT CODES\2025\2025_PERMITS=2026_MODEL__ANTLERLESS DRAW RESULTS.pdf|C:\Users\tyler\Desktop\BIBLE HUNT CODES\2025\2025_PERMITS=2026_MODEL__YOUTH ANTLERLESS DRAW RESULTS.pdf,171|178
EA1280,EA,2025,2024,NO,C:\Users\tyler\Desktop\BIBLE HUNT CODES\2025\2025_PERMITS=2026_MODEL__ANTLERLESS DRAW RESULTS.pdf|C:\Users\tyler\Desktop\BIBLE HUNT CODES\2025\2025_PERMITS=2026_MODEL__YOUTH ANTLERLESS DRAW RESULTS.pdf,172|179
EA1281,EA,2025,2024,NO,C:\Users\tyler\Desktop\BIBLE HUNT CODES\2025\2025_PERMITS=2026_MODEL__ANTLERLESS DRAW RESULTS.pdf|C:\Users\tyler\Desktop\BIBLE HUNT CODES\2025\2025_PERMITS=2026_MODEL__YOUTH ANTLERLESS DRAW RESULTS.pdf,173|180
EA1282,EA,2025,2024,NO,C:\Users\tyler\Desktop\BIBLE HUNT CODES\2025\2025_PERMITS=2026_MODEL__ANTLERLESS DRAW RESULTS.pdf,181
EA1283,EA,2025,2024,NO,C:\Users\tyler\Desktop\BIBLE HUNT CODES\2025\2025_PERMITS=2026_MODEL__ANTLERLESS DRAW RESULTS.pdf,182
EA1284,EA,2025,2024,NO,C:\Users\tyler\Desktop\BIBLE HUNT CODES\2025\2025_PERMITS=2026_MODEL__ANTLERLESS DRAW RESULTS.pdf|C:\Users\tyler\Desktop\BIBLE HUNT CODES\2025\2025_PERMITS=2026_MODEL__YOUTH ANTLERLESS DRAW RESULTS.pdf,174|183
EA1285,EA,2025,2024,NO,C:\Users\tyler\Desktop\BIBLE HUNT CODES\2025\2025_PERMITS=2026_MODEL__ANTLERLESS DRAW RESULTS.pdf|C:\Users\tyler\Desktop\BIBLE HUNT CODES\2025\2025_PERMITS=2026_MODEL__YOUTH ANTLERLESS DRAW RESULTS.pdf,175|184
EA1286,EA,2025,2024,NO,C:\Users\tyler\Desktop\BIBLE HUNT CODES\2025\2025_PERMITS=2026_MODEL__ANTLERLESS DRAW RESULTS.pdf|C:\Users\tyler\Desktop\BIBLE HUNT CODES\2025\2025_PERMITS=2026_MODEL__YOUTH ANTLERLESS DRAW RESULTS.pdf,176|185
EB1007,EB,2025,2024,YES,C:\Users\tyler\Desktop\BIBLE HUNT CODES\2025\2025_PERMITS=2026_MODEL__YOUTH G.S. MATURE BULL ELK DRAW RESULTS.pdf,1
EB3205,EB,2025,2024,NO,C:\Users\tyler\Desktop\BIBLE HUNT CODES\2025\2025_PERMITS=2026_MODEL__L.E. BIG GAME DRAW RESULTS.pdf|C:\Users\tyler\Desktop\BIBLE HUNT CODES\2025\2025_PERMITS=2026_MODEL__L.E. ELK.pdf,145|339
EB3208,EB,2025,2024,NO,C:\Users\tyler\Desktop\BIBLE HUNT CODES\2025\2025_PERMITS=2026_MODEL__L.E. BIG GAME DRAW RESULTS.pdf|C:\Users\tyler\Desktop\BIBLE HUNT CODES\2025\2025_PERMITS=2026_MODEL__L.E. ELK.pdf,146|340
EB3210,EB,2025,2024,NO,C:\Users\tyler\Desktop\BIBLE HUNT CODES\2025\2025_PERMITS=2026_MODEL__L.E. BIG GAME DRAW RESULTS.pdf|C:\Users\tyler\Desktop\BIBLE HUNT CODES\2025\2025_PERMITS=2026_MODEL__L.E. ELK.pdf,147|341
MA1007,MA,2025,2024,NO,C:\Users\tyler\Desktop\BIBLE HUNT CODES\2025\2025_PERMITS=2026_MODEL__ANTLERLESS DRAW RESULTS.pdf,193
MA1008,MA,2025,2024,NO,C:\Users\tyler\Desktop\BIBLE HUNT CODES\2025\2025_PERMITS=2026_MODEL__ANTLERLESS DRAW RESULTS.pdf,194
MA1009,MA,2025,2024,NO,C:\Users\tyler\Desktop\BIBLE HUNT CODES\2025\2025_PERMITS=2026_MODEL__ANTLERLESS DRAW RESULTS.pdf,195
MA1010,MA,2025,2024,NO,C:\Users\tyler\Desktop\BIBLE HUNT CODES\2025\2025_PERMITS=2026_MODEL__ANTLERLESS DRAW RESULTS.pdf,196
MB6012,MB,2025,2024,NO,C:\Users\tyler\Desktop\BIBLE HUNT CODES\2025\2025_PERMITS=2026_MODEL__L.E. BIG GAME DRAW RESULTS.pdf|C:\Users\tyler\Desktop\BIBLE HUNT CODES\2025\2025_PERMITS=2026_MODEL__O.I.L. BISON.pdf|C:\Users\tyler\Desktop\BIBLE HUNT CODES\2025\2025_PERMITS=2026_MODEL__OIL DRAW RESULTS.pdf,12|13|510
MB6225,MB,2025,2024,YES,C:\Users\tyler\Desktop\BIBLE HUNT CODES\2025\2025_PERMITS=2026_MODEL__L.E. BIG GAME DRAW RESULTS.pdf|C:\Users\tyler\Desktop\BIBLE HUNT CODES\2025\2025_PERMITS=2026_MODEL__O.I.L. DESERT BIGHORN SHEEP.pdf|C:\Users\tyler\Desktop\BIBLE HUNT CODES\2025\2025_PERMITS=2026_MODEL__OIL DRAW RESULTS.pdf,9|27|524
MB6257,MB,2025,2024,YES,C:\Users\tyler\Desktop\BIBLE HUNT CODES\2025\2025_PERMITS=2026_MODEL__L.E. BIG GAME DRAW RESULTS.pdf|C:\Users\tyler\Desktop\BIBLE HUNT CODES\2025\2025_PERMITS=2026_MODEL__O.I.L. DESERT BIGHORN SHEEP.pdf|C:\Users\tyler\Desktop\BIBLE HUNT CODES\2025\2025_PERMITS=2026_MODEL__OIL DRAW RESULTS.pdf,14|32|529
MB6262,MB,2025,2024,YES,C:\Users\tyler\Desktop\BIBLE HUNT CODES\2025\2025_PERMITS=2026_MODEL__L.E. BIG GAME DRAW RESULTS.pdf|C:\Users\tyler\Desktop\BIBLE HUNT CODES\2025\2025_PERMITS=2026_MODEL__O.I.L. DESERT BIGHORN SHEEP.pdf|C:\Users\tyler\Desktop\BIBLE HUNT CODES\2025\2025_PERMITS=2026_MODEL__OIL DRAW RESULTS.pdf,17|35|532
PB5079,PB,2025,2024,NO,C:\Users\tyler\Desktop\BIBLE HUNT CODES\2025\2025_PERMITS=2026_MODEL__L.E. BIG GAME DRAW RESULTS.pdf|C:\Users\tyler\Desktop\BIBLE HUNT CODES\2025\2025_PERMITS=2026_MODEL__L.E. PRONGHORN.pdf|C:\Users\tyler\Desktop\BIBLE HUNT CODES\2025\2025_PERMITS=2026_MODEL__LE PRONGHORN DRAW RESULTS.pdf,64|65|471
PB5080,PB,2025,2024,NO,C:\Users\tyler\Desktop\BIBLE HUNT CODES\2025\2025_PERMITS=2026_MODEL__L.E. BIG GAME DRAW RESULTS.pdf|C:\Users\tyler\Desktop\BIBLE HUNT CODES\2025\2025_PERMITS=2026_MODEL__L.E. PRONGHORN.pdf|C:\Users\tyler\Desktop\BIBLE HUNT CODES\2025\2025_PERMITS=2026_MODEL__LE PRONGHORN DRAW RESULTS.pdf,65|66|472
PB5338,PB,2025,2024,YES,C:\Users\tyler\Desktop\BIBLE HUNT CODES\2025\2025_PERMITS=2026_MODEL__L.E. BIG GAME DRAW RESULTS.pdf|C:\Users\tyler\Desktop\BIBLE HUNT CODES\2025\2025_PERMITS=2026_MODEL__L.E. PRONGHORN.pdf|C:\Users\tyler\Desktop\BIBLE HUNT CODES\2025\2025_PERMITS=2026_MODEL__LE PRONGHORN DRAW RESULTS.pdf,84|85|491
PB5343,PB,2025,2024,NO,C:\Users\tyler\Desktop\BIBLE HUNT CODES\2025\2025_PERMITS=2026_MODEL__L.E. BIG GAME DRAW RESULTS.pdf|C:\Users\tyler\Desktop\BIBLE HUNT CODES\2025\2025_PERMITS=2026_MODEL__L.E. PRONGHORN.pdf|C:\Users\tyler\Desktop\BIBLE HUNT CODES\2025\2025_PERMITS=2026_MODEL__LE PRONGHORN DRAW RESULTS.pdf,87|88|494
PB5346,PB,2025,2024,NO,C:\Users\tyler\Desktop\BIBLE HUNT CODES\2025\2025_PERMITS=2026_MODEL__L.E. BIG GAME DRAW RESULTS.pdf|C:\Users\tyler\Desktop\BIBLE HUNT CODES\2025\2025_PERMITS=2026_MODEL__L.E. PRONGHORN.pdf|C:\Users\tyler\Desktop\BIBLE HUNT CODES\2025\2025_PERMITS=2026_MODEL__LE PRONGHORN DRAW RESULTS.pdf,89|90|496
PD1047,PD,2025,2024,NO,C:\Users\tyler\Desktop\BIBLE HUNT CODES\2025\2025_PERMITS=2026_MODEL__ANTLERLESS DRAW RESULTS.pdf|C:\Users\tyler\Desktop\BIBLE HUNT CODES\2025\2025_PERMITS=2026_MODEL__YOUTH ANTLERLESS DRAW RESULTS.pdf,190|207
PD1048,PD,2025,2024,NO,C:\Users\tyler\Desktop\BIBLE HUNT CODES\2025\2025_PERMITS=2026_MODEL__ANTLERLESS DRAW RESULTS.pdf|C:\Users\tyler\Desktop\BIBLE HUNT CODES\2025\2025_PERMITS=2026_MODEL__YOUTH ANTLERLESS DRAW RESULTS.pdf,191|208
PD1049,PD,2025,2024,NO,C:\Users\tyler\Desktop\BIBLE HUNT CODES\2025\2025_PERMITS=2026_MODEL__ANTLERLESS DRAW RESULTS.pdf|C:\Users\tyler\Desktop\BIBLE HUNT CODES\2025\2025_PERMITS=2026_MODEL__YOUTH ANTLERLESS DRAW RESULTS.pdf,192|209
PD1050,PD,2025,2024,NO,C:\Users\tyler\Desktop\BIBLE HUNT CODES\2025\2025_PERMITS=2026_MODEL__ANTLERLESS DRAW RESULTS.pdf|C:\Users\tyler\Desktop\BIBLE HUNT CODES\2025\2025_PERMITS=2026_MODEL__YOUTH ANTLERLESS DRAW RESULTS.pdf,193|210
PD1051,PD,2025,2024,NO,C:\Users\tyler\Desktop\BIBLE HUNT CODES\2025\2025_PERMITS=2026_MODEL__ANTLERLESS DRAW RESULTS.pdf|C:\Users\tyler\Desktop\BIBLE HUNT CODES\2025\2025_PERMITS=2026_MODEL__YOUTH ANTLERLESS DRAW RESULTS.pdf,194|211
PD1052,PD,2025,2024,NO,C:\Users\tyler\Desktop\BIBLE HUNT CODES\2025\2025_PERMITS=2026_MODEL__ANTLERLESS DRAW RESULTS.pdf|C:\Users\tyler\Desktop\BIBLE HUNT CODES\2025\2025_PERMITS=2026_MODEL__YOUTH ANTLERLESS DRAW RESULTS.pdf,195|212
PD1053,PD,2025,2024,NO,C:\Users\tyler\Desktop\BIBLE HUNT CODES\2025\2025_PERMITS=2026_MODEL__ANTLERLESS DRAW RESULTS.pdf|C:\Users\tyler\Desktop\BIBLE HUNT CODES\2025\2025_PERMITS=2026_MODEL__YOUTH ANTLERLESS DRAW RESULTS.pdf,196|213
PD1054,PD,2025,2024,NO,C:\Users\tyler\Desktop\BIBLE HUNT CODES\2025\2025_PERMITS=2026_MODEL__ANTLERLESS DRAW RESULTS.pdf|C:\Users\tyler\Desktop\BIBLE HUNT CODES\2025\2025_PERMITS=2026_MODEL__YOUTH ANTLERLESS DRAW RESULTS.pdf,197|214
PD1055,PD,2025,2024,NO,C:\Users\tyler\Desktop\BIBLE HUNT CODES\2025\2025_PERMITS=2026_MODEL__ANTLERLESS DRAW RESULTS.pdf,215
PD1056,PD,2025,2024,NO,C:\Users\tyler\Desktop\BIBLE HUNT CODES\2025\2025_PERMITS=2026_MODEL__ANTLERLESS DRAW RESULTS.pdf|C:\Users\tyler\Desktop\BIBLE HUNT CODES\2025\2025_PERMITS=2026_MODEL__YOUTH ANTLERLESS DRAW RESULTS.pdf,198|216
PD1057,PD,2025,2024,NO,C:\Users\tyler\Desktop\BIBLE HUNT CODES\2025\2025_PERMITS=2026_MODEL__ANTLERLESS DRAW RESULTS.pdf|C:\Users\tyler\Desktop\BIBLE HUNT CODES\2025\2025_PERMITS=2026_MODEL__YOUTH ANTLERLESS DRAW RESULTS.pdf,199|217
PD1058,PD,2025,2024,NO,C:\Users\tyler\Desktop\BIBLE HUNT CODES\2025\2025_PERMITS=2026_MODEL__ANTLERLESS DRAW RESULTS.pdf|C:\Users\tyler\Desktop\BIBLE HUNT CODES\2025\2025_PERMITS=2026_MODEL__YOUTH ANTLERLESS DRAW RESULTS.pdf,200|218
PD1059,PD,2025,2024,NO,C:\Users\tyler\Desktop\BIBLE HUNT CODES\2025\2025_PERMITS=2026_MODEL__ANTLERLESS DRAW RESULTS.pdf|C:\Users\tyler\Desktop\BIBLE HUNT CODES\2025\2025_PERMITS=2026_MODEL__YOUTH ANTLERLESS DRAW RESULTS.pdf,201|219
PD1060,PD,2025,2024,NO,C:\Users\tyler\Desktop\BIBLE HUNT CODES\2025\2025_PERMITS=2026_MODEL__ANTLERLESS DRAW RESULTS.pdf|C:\Users\tyler\Desktop\BIBLE HUNT CODES\2025\2025_PERMITS=2026_MODEL__YOUTH ANTLERLESS DRAW RESULTS.pdf,202|220
RS6700,RS,2025,2024,NO,C:\Users\tyler\Desktop\BIBLE HUNT CODES\2025\2025_PERMITS=2026_MODEL__L.E. BIG GAME DRAW RESULTS.pdf|C:\Users\tyler\Desktop\BIBLE HUNT CODES\2025\2025_PERMITS=2026_MODEL__O.I.L. ROCKY MTN SHEEP.pdf|C:\Users\tyler\Desktop\BIBLE HUNT CODES\2025\2025_PERMITS=2026_MODEL__OIL DRAW RESULTS.pdf,1|87|588
BI1000,BI,2026,2025,YES,C:\Users\tyler\Desktop\GitHub\HUNT-BUILDER\pipeline\RAW\hunt_unit_database\2026\exports\utahdraws_draw_odds_20260603\official_style\pdf_2025_naming_convention\2026_PERMITS=2027_MODEL__SPORTSMAN PERMITS DRAW RESULTS.pdf,5
BI6539,BI,2026,2025,NO,C:\Users\tyler\Desktop\GitHub\HUNT-BUILDER\pipeline\RAW\hunt_unit_database\2026\exports\utahdraws_draw_odds_20260603\official_style\pdf_2025_naming_convention\2026_PERMITS=2027_MODEL__O.I.L. BISON.pdf,17
BR1000,BR,2026,2025,YES,C:\Users\tyler\Desktop\GitHub\HUNT-BUILDER\pipeline\RAW\hunt_unit_database\2026\exports\utahdraws_draw_odds_20260603\official_style\pdf_2025_naming_convention\2026_PERMITS=2027_MODEL__SPORTSMAN PERMITS DRAW RESULTS.pdf,9
BR7021,BR,2026,2025,NO,C:\Users\tyler\Desktop\GitHub\HUNT-BUILDER\pipeline\RAW\hunt_unit_database\2026\exports\utahdraws_draw_odds_20260603\official_style\pdf_2025_naming_convention\2026_PERMITS=2027_MODEL__BEAR DRAW RESULTS.pdf,19
BR7022,BR,2026,2025,NO,C:\Users\tyler\Desktop\GitHub\HUNT-BUILDER\pipeline\RAW\hunt_unit_database\2026\exports\utahdraws_draw_odds_20260603\official_style\pdf_2025_naming_convention\2026_PERMITS=2027_MODEL__BEAR DRAW RESULTS.pdf,20
BR7126,BR,2026,2025,NO,C:\Users\tyler\Desktop\GitHub\HUNT-BUILDER\pipeline\RAW\hunt_unit_database\2026\exports\utahdraws_draw_odds_20260603\official_style\pdf_2025_naming_convention\2026_PERMITS=2027_MODEL__BEAR DRAW RESULTS.pdf,44
BR7127,BR,2026,2025,NO,C:\Users\tyler\Desktop\GitHub\HUNT-BUILDER\pipeline\RAW\hunt_unit_database\2026\exports\utahdraws_draw_odds_20260603\official_style\pdf_2025_naming_convention\2026_PERMITS=2027_MODEL__BEAR DRAW RESULTS.pdf,45
BR7238,BR,2026,2025,NO,C:\Users\tyler\Desktop\GitHub\HUNT-BUILDER\pipeline\RAW\hunt_unit_database\2026\exports\utahdraws_draw_odds_20260603\official_style\pdf_2025_naming_convention\2026_PERMITS=2027_MODEL__BEAR DRAW RESULTS.pdf,68
BR7239,BR,2026,2025,NO,C:\Users\tyler\Desktop\GitHub\HUNT-BUILDER\pipeline\RAW\hunt_unit_database\2026\exports\utahdraws_draw_odds_20260603\official_style\pdf_2025_naming_convention\2026_PERMITS=2027_MODEL__BEAR DRAW RESULTS.pdf,69
BR7326,BR,2026,2025,NO,C:\Users\tyler\Desktop\GitHub\HUNT-BUILDER\pipeline\RAW\hunt_unit_database\2026\exports\utahdraws_draw_odds_20260603\official_style\pdf_2025_naming_convention\2026_PERMITS=2027_MODEL__BEAR DRAW RESULTS.pdf,91
DB0007,DB,2026,2025,YES,C:\Users\tyler\Desktop\GitHub\HUNT-BUILDER\pipeline\RAW\hunt_unit_database\2026\exports\utahdraws_draw_odds_20260603\official_style\pdf_2025_naming_convention\2026_PERMITS=2027_MODEL__SPORTSMAN PERMITS DRAW RESULTS.pdf,1
DB1109,DB,2026,2025,NO,C:\Users\tyler\Desktop\GitHub\HUNT-BUILDER\pipeline\RAW\hunt_unit_database\2026\exports\utahdraws_draw_odds_20260603\official_style\pdf_2025_naming_convention\2026_PERMITS=2027_MODEL__L.E. DEER.pdf,73
DB1121,DB,2026,2025,NO,C:\Users\tyler\Desktop\GitHub\HUNT-BUILDER\pipeline\RAW\hunt_unit_database\2026\exports\utahdraws_draw_odds_20260603\official_style\pdf_2025_naming_convention\2026_PERMITS=2027_MODEL__L.E. DEER.pdf,83
DB1351,DB,2026,2025,NO,C:\Users\tyler\Desktop\GitHub\HUNT-BUILDER\pipeline\RAW\hunt_unit_database\2026\exports\utahdraws_draw_odds_20260603\official_style\pdf_2025_naming_convention\2026_PERMITS=2027_MODEL__L.E. DEER.pdf,193
DS1000,DS,2026,2025,YES,C:\Users\tyler\Desktop\GitHub\HUNT-BUILDER\pipeline\RAW\hunt_unit_database\2026\exports\utahdraws_draw_odds_20260603\official_style\pdf_2025_naming_convention\2026_PERMITS=2027_MODEL__SPORTSMAN PERMITS DRAW RESULTS.pdf,7
EB1000,EB,2026,2025,YES,C:\Users\tyler\Desktop\GitHub\HUNT-BUILDER\pipeline\RAW\hunt_unit_database\2026\exports\utahdraws_draw_odds_20260603\official_style\pdf_2025_naming_convention\2026_PERMITS=2027_MODEL__SPORTSMAN PERMITS DRAW RESULTS.pdf,2
EB3168,EB,2026,2025,YES,C:\Users\tyler\Desktop\GitHub\HUNT-BUILDER\pipeline\RAW\hunt_unit_database\2026\exports\utahdraws_draw_odds_20260603\official_style\pdf_2025_naming_convention\2026_PERMITS=2027_MODEL__L.E. ELK.pdf,112
EB3620,EB,2026,2025,NO,C:\Users\tyler\Desktop\GitHub\HUNT-BUILDER\pipeline\RAW\hunt_unit_database\2026\exports\utahdraws_draw_odds_20260603\official_style\pdf_2025_naming_convention\2026_PERMITS=2027_MODEL__L.E. ELK.pdf,210
GO1000,GO,2026,2025,YES,C:\Users\tyler\Desktop\GitHub\HUNT-BUILDER\pipeline\RAW\hunt_unit_database\2026\exports\utahdraws_draw_odds_20260603\official_style\pdf_2025_naming_convention\2026_PERMITS=2027_MODEL__SPORTSMAN PERMITS DRAW RESULTS.pdf,8
MB1000,MB,2026,2025,YES,C:\Users\tyler\Desktop\GitHub\HUNT-BUILDER\pipeline\RAW\hunt_unit_database\2026\exports\utahdraws_draw_odds_20260603\official_style\pdf_2025_naming_convention\2026_PERMITS=2027_MODEL__SPORTSMAN PERMITS DRAW RESULTS.pdf,4
MB6201,MB,2026,2025,YES,C:\Users\tyler\Desktop\GitHub\HUNT-BUILDER\pipeline\RAW\hunt_unit_database\2026\exports\utahdraws_draw_odds_20260603\official_style\pdf_2025_naming_convention\2026_PERMITS=2027_MODEL__O.I.L. BULL MOOSE.pdf,15
MB6265,MB,2026,2025,YES,C:\Users\tyler\Desktop\GitHub\HUNT-BUILDER\pipeline\RAW\hunt_unit_database\2026\exports\utahdraws_draw_odds_20260603\official_style\pdf_2025_naming_convention\2026_PERMITS=2027_MODEL__O.I.L. BULL MOOSE.pdf,26
PB1000,PB,2026,2025,YES,C:\Users\tyler\Desktop\GitHub\HUNT-BUILDER\pipeline\RAW\hunt_unit_database\2026\exports\utahdraws_draw_odds_20260603\official_style\pdf_2025_naming_convention\2026_PERMITS=2027_MODEL__SPORTSMAN PERMITS DRAW RESULTS.pdf,3
RS0001,RS,2026,2025,YES,C:\Users\tyler\Desktop\GitHub\HUNT-BUILDER\pipeline\RAW\hunt_unit_database\2026\exports\utahdraws_draw_odds_20260603\official_style\pdf_2025_naming_convention\2026_PERMITS=2027_MODEL__SPORTSMAN PERMITS DRAW RESULTS.pdf,6
TK0001,TK,2026,2025,YES,C:\Users\tyler\Desktop\GitHub\HUNT-BUILDER\pipeline\RAW\hunt_unit_database\2026\exports\utahdraws_draw_odds_20260603\official_style\pdf_2025_naming_convention\2026_PERMITS=2027_MODEL__SPORTSMAN PERMITS DRAW RESULTS.pdf,10
