hunt_code,unresolved_sources,classification,notes,database_present,database_hunt_name,database_species,database_sex_type,database_weapon,database_hunt_type,database_hunt_class,database_boundary_id,db_allotment_res,db_allotment_nr,db_allotment_total,permit_recommended_res,permit_recommended_nr,permit_recommended_total,conservation_table_row_count
BI1000,CORE_REVIEW,SPORTSMAN_CONSERVATION_OVERLAP_REVIEW,Code is current sportsman in review set and also appears in conservation table; keep families separate.,yes,Bison - Statewide Permit,Bison,Hunters Choice,Any Legal Weapon,Statewide,Statewide Permit,5000,,,,,,,1
BI6503,PERMIT_UNRESOLVED|REMAINING_AFTER_3_SOURCE_RULE,CONSERVATION_TABLE_DB_MATCH,Conservation source matches DATABASE conservation field.,yes,Henry Mtns,Bison,Hunters Choice,Any Legal Weapon,Once-in-a-lifetime,Once-in-a-lifetime,94,4,2,6,4,2,6,1
BI6505,CORE_REVIEW|PERMIT_UNRESOLVED|REMAINING_AFTER_3_SOURCE_RULE,DATABASE_MATCHES_RECOMMENDED,Unresolved source recommendation matches DATABASE allotment total.,yes,Henry Mtns,Bison,Female Only,Any Legal Weapon,Once-in-a-lifetime,Antlerless,94,8,3,11,8,3,11,0
BI6506,CORE_REVIEW,DATABASE_HAS_VALUE_NO_RECOMMENDED_VALUE,DATABASE has an allotment value but unresolved source winner has no value.,yes,Henry Mtns,Bison,Female Only,Any Legal Weapon,Once-in-a-lifetime,Antlerless,94,11,0,11,,,,0
BI6527,CORE_REVIEW|PERMIT_UNRESOLVED|REMAINING_AFTER_3_SOURCE_RULE,REMAINING_UNRESOLVED_REVIEW,Still present in remaining-after-3-source unresolved split.,yes,Nine Mile,Bison,Hunters Choice,Any Legal Weapon,General Season,General Season,615,,,,,,,0
BI6529,CORE_REVIEW,DATABASE_HAS_VALUE_NO_RECOMMENDED_VALUE,DATABASE has an allotment value but unresolved source winner has no value.,yes,"Book Cliffs, Little Creek/South",Bison,Female Only,Any Legal Weapon,Once-in-a-lifetime,Antlerless,889,8,0,8,,,,0
BI6530,CORE_REVIEW,DATABASE_HAS_VALUE_NO_RECOMMENDED_VALUE,DATABASE has an allotment value but unresolved source winner has no value.,yes,"Book Cliffs, Little Creek/South",Bison,Hunters Choice,Any Legal Weapon,Once-in-a-lifetime,,889,3,1,4,,,,0
BI6531,PERMIT_UNRESOLVED|REMAINING_AFTER_3_SOURCE_RULE,CONSERVATION_TABLE_DB_MATCH,Conservation source matches DATABASE conservation field.,yes,"Book Cliffs, Little Creek/South",Bison,Hunters Choice,Any Legal Weapon,Once-in-a-lifetime,Once-in-a-lifetime,889,10,0,10,10,0,10,1
BI6536,CORE_REVIEW|PERMIT_UNRESOLVED|REMAINING_AFTER_3_SOURCE_RULE,DATABASE_MATCHES_RECOMMENDED,Unresolved source recommendation matches DATABASE allotment total.,yes,"Book Cliffs, Bitter Creek",Bison,Female Only,Any Legal Weapon,Once-in-a-lifetime,Antlerless,667,15,0,15,15,0,15,0
BI6538,PERMIT_UNRESOLVED|REMAINING_AFTER_3_SOURCE_RULE,REMAINING_UNRESOLVED_REVIEW,Still present in remaining-after-3-source unresolved split.,yes,"Nine Mile, Private Lands Only",Bison,Hunters Choice,Any Legal Weapon,General Season,General Season,615,,,,,,,0
BI6539,CORE_REVIEW,DATABASE_HAS_VALUE_NO_RECOMMENDED_VALUE,DATABASE has an allotment value but unresolved source winner has no value.,yes,Henry Mtns,Bison,Female Only,Any Legal Weapon,Once-in-a-lifetime,Antlerless,94,11,0,11,,,,0
BR1000,CORE_REVIEW,UNRESOLVED_DATABASE_PRESENT_REVIEW,Present in DATABASE but unresolved status remains.,yes,Black Bear - Statewide Permit,Black Bear,Either Sex,Any Legal Weapon,Statewide,Statewide Permit,5001,,,,,,,0
BR1001,CORE_REVIEW|PERMIT_UNRESOLVED|REMAINING_AFTER_3_SOURCE_RULE,REMAINING_UNRESOLVED_REVIEW,Still present in remaining-after-3-source unresolved split.,yes,Black Bear Harvest Objective Units,Black Bear,Either Sex,Any Legal Weapon,Harvest Objective,,5002,,,,,,,0
BR1007,CORE_REVIEW|PERMIT_UNRESOLVED|REMAINING_AFTER_3_SOURCE_RULE,REMAINING_UNRESOLVED_REVIEW,Still present in remaining-after-3-source unresolved split.,yes,Black Bear Pursuit - Resident,Black Bear,Either Sex,Pursuit Only,Pursuit,Pursuit,5003,,,,,,,0
BR1018,CORE_REVIEW|PERMIT_UNRESOLVED|REMAINING_AFTER_3_SOURCE_RULE,REMAINING_UNRESOLVED_REVIEW,Still present in remaining-after-3-source unresolved split.,yes,Black Bear Pursuit - Nonresident,Black Bear,Either Sex,Pursuit Only,Pursuit,,5013,,,,,,,0
BR7008,CORE_REVIEW,DATABASE_HAS_VALUE_NO_RECOMMENDED_VALUE,DATABASE has an allotment value but unresolved source winner has no value.,yes,La Sal,Black Bear,Either Sex,Any Legal Weapon,Limited Entry - Spring,,684,49,5,54,,,,0
BR7019,CORE_REVIEW|PERMIT_UNRESOLVED|REMAINING_AFTER_3_SOURCE_RULE,DATABASE_REFERENCE_NOT_LIVE,DATABASE row is not exposed by the fresh live DWR table.,yes,Chalk Creek/East Canyon/Morgan-South Rich,Black Bear,Either Sex,Any Legal Weapon,Limited Entry - Spring,,610,,,,,,,0
BR7021,CORE_REVIEW,DATABASE_HAS_VALUE_NO_RECOMMENDED_VALUE,DATABASE has an allotment value but unresolved source winner has no value.,yes,Dolores Triangle,Black Bear,Either Sex,Any Legal Weapon,Limited Entry - Spring,,108,2,0,2,,,,0
BR7022,CORE_REVIEW,DATABASE_HAS_VALUE_NO_RECOMMENDED_VALUE,DATABASE has an allotment value but unresolved source winner has no value.,yes,La Sal Mtns,Black Bear,Either Sex,Any Legal Weapon,Limited Entry - Spring,,617,40,3,43,,,,0
BR7108,CORE_REVIEW,DATABASE_HAS_VALUE_NO_RECOMMENDED_VALUE,DATABASE has an allotment value but unresolved source winner has no value.,yes,La Sal,Black Bear,Either Sex,Any Legal Weapon,Limited Entry - Summer,,684,25,2,27,,,,0
BR7126,CORE_REVIEW,DATABASE_HAS_VALUE_NO_RECOMMENDED_VALUE,DATABASE has an allotment value but unresolved source winner has no value.,yes,Dolores Triangle,Black Bear,Either Sex,Any Legal Weapon,Limited Entry - Summer,,108,6,0,6,,,,0
BR7127,CORE_REVIEW,DATABASE_HAS_VALUE_NO_RECOMMENDED_VALUE,DATABASE has an allotment value but unresolved source winner has no value.,yes,La Sal Mtns,Black Bear,Either Sex,Any Legal Weapon,Limited Entry - Summer,,617,25,2,27,,,,0
BR7208,CORE_REVIEW,DATABASE_HAS_VALUE_NO_RECOMMENDED_VALUE,DATABASE has an allotment value but unresolved source winner has no value.,yes,La Sal,Black Bear,Either Sex,Any Legal Weapon,Limited Entry - Fall,,684,6,,6,,,,0
BR7238,CORE_REVIEW,DATABASE_HAS_VALUE_NO_RECOMMENDED_VALUE,DATABASE has an allotment value but unresolved source winner has no value.,yes,Dolores Triangle,Black Bear,Either Sex,Any Legal Weapon,Limited Entry - Fall,,108,2,0,2,,,,0
BR7239,CORE_REVIEW,DATABASE_HAS_VALUE_NO_RECOMMENDED_VALUE,DATABASE has an allotment value but unresolved source winner has no value.,yes,La Sal Mtns,Black Bear,Either Sex,Any Legal Weapon,Limited Entry - Fall,,617,6,0,6,,,,0
BR7307,PERMIT_UNRESOLVED|REMAINING_AFTER_3_SOURCE_RULE,CONSERVATION_TABLE_DB_MATCH,Conservation source matches DATABASE conservation field.,yes,La Sal,Black Bear,Either Sex,Multiseason,Multiseason - Conservation,,684,,,4,,,,1
BR7324,PERMIT_UNRESOLVED|REMAINING_AFTER_3_SOURCE_RULE,CONSERVATION_TABLE_DB_MATCH,Conservation source matches DATABASE conservation field.,yes,Chalk Creek/East Canyon/Morgan-South Rich,Black Bear,Either Sex,Multiseason,Conservation,,610,,,1,,,,1
BR7326,CORE_REVIEW,DATABASE_HAS_VALUE_NO_RECOMMENDED_VALUE,DATABASE has an allotment value but unresolved source winner has no value.,yes,La Sal Mtns,Black Bear,Either Sex,Multiseason,Limited Entry - Multiseason,,617,13,1,14,,,,0
CG9999,PERMIT_UNRESOLVED|REMAINING_AFTER_3_SOURCE_RULE,CLOSED_CURRENT_STATEWIDE_UNLIMITED,CG9999 is current statewide/unlimited cougar; no numbered quota expected.,yes,Cougar - Statewide,Cougar,Either Sex,Any Legal Weapon,Statewide,Statewide Permit,5107,,,unlimited,,,,0
DA1009,REMAINING_AFTER_3_SOURCE_RULE,DATABASE_HAS_VALUE_NO_RECOMMENDED_VALUE,DATABASE has an allotment value but unresolved source winner has no value.,yes,"Pine Valley, Enterprise",Deer,Antlerless,Any Legal Weapon,General Season,Antlerless,169,,,25,,,,0
DA1018,REMAINING_AFTER_3_SOURCE_RULE,DATABASE_HAS_VALUE_NO_RECOMMENDED_VALUE,DATABASE has an allotment value but unresolved source winner has no value.,yes,"Pine Valley, New Harmony",Deer,Antlerless,"Archery, Muzzleloader, Shotgun",General Season,Antlerless,840,,,20,,,,0
DA1033,REMAINING_AFTER_3_SOURCE_RULE,DATABASE_HAS_VALUE_NO_RECOMMENDED_VALUE,DATABASE has an allotment value but unresolved source winner has no value.,yes,"San Juan, Monticello",Deer,Antlerless,Archery,General Season,Antlerless,23,,,5,,,,0
DA1044,CORE_REVIEW,DATABASE_HAS_VALUE_NO_RECOMMENDED_VALUE,DATABASE has an allotment value but unresolved source winner has no value.,yes,Myton,Deer,Antlerless,Any Legal Weapon,General Season,,864,,,50,,,,0
DA1051,CORE_REVIEW,DATABASE_MISSING,Hunt code is unresolved and is not present in DATABASE.csv.,no,,,,,,,,,,,,,,0
DB0001,PERMIT_UNRESOLVED|REMAINING_AFTER_3_SOURCE_RULE,REMAINING_UNRESOLVED_REVIEW,Still present in remaining-after-3-source unresolved split.,yes,Southeastern Navajo Buck Deer,Deer,Buck,Any Legal Weapon,Tribal,Tribal,866,,,,,,,0
DB0002,PERMIT_UNRESOLVED|REMAINING_AFTER_3_SOURCE_RULE,REMAINING_UNRESOLVED_REVIEW,Still present in remaining-after-3-source unresolved split.,yes,Southeastern Navajo Buck Deer,Deer,Buck,Archery,Tribal,Tribal,866,,,,,,,0
DB0003,PERMIT_UNRESOLVED|REMAINING_AFTER_3_SOURCE_RULE,REMAINING_UNRESOLVED_REVIEW,Still present in remaining-after-3-source unresolved split.,yes,Southeastern Navajo Buck Deer,Deer,Buck,Muzzleloader,Tribal,Tribal,866,,,,,,,0
DB0004,PERMIT_UNRESOLVED|REMAINING_AFTER_3_SOURCE_RULE,REMAINING_UNRESOLVED_REVIEW,Still present in remaining-after-3-source unresolved split.,yes,Southern Navajo Buck Deer,Deer,Buck,Any Legal Weapon,Tribal,Tribal,865,,,,,,,0
DB0005,PERMIT_UNRESOLVED|REMAINING_AFTER_3_SOURCE_RULE,REMAINING_UNRESOLVED_REVIEW,Still present in remaining-after-3-source unresolved split.,yes,Southern Navajo Buck Deer,Deer,Buck,Archery,Tribal,Tribal,865,,,,,,,0
DB0006,PERMIT_UNRESOLVED|REMAINING_AFTER_3_SOURCE_RULE,REMAINING_UNRESOLVED_REVIEW,Still present in remaining-after-3-source unresolved split.,yes,Southern Navajo Buck Deer,Deer,Buck,Muzzleloader,Tribal,Tribal,865,,,,,,,0
DB0007,CORE_REVIEW,DATABASE_HAS_VALUE_NO_RECOMMENDED_VALUE,DATABASE has an allotment value but unresolved source winner has no value.,yes,Buck Deer - Statewide Permit,Deer,Buck,Any Legal Weapon,Statewide,Statewide Permit,5108,,,1,,,,0
DB0008,PERMIT_UNRESOLVED|REMAINING_AFTER_3_SOURCE_RULE,DATABASE_MATCHES_RECOMMENDED,Unresolved source recommendation matches DATABASE allotment total.,yes,Extended Archery Deer,Deer,Hunters Choice,Archery,Extended Archery,Extended Archery,5109,,,2000,,,2000,0
DB0009,CORE_REVIEW|PERMIT_UNRESOLVED|REMAINING_AFTER_3_SOURCE_RULE,REMAINING_UNRESOLVED_REVIEW,Still present in remaining-after-3-source unresolved split.,yes,Antelope Island - Conservation/Expo,Deer,Buck,Any Legal Weapon,Premium Limited Entry,Premium Limited Entry,1,,,,,,,0
DB0010,PERMIT_UNRESOLVED|REMAINING_AFTER_3_SOURCE_RULE,REMAINING_UNRESOLVED_REVIEW,Still present in remaining-after-3-source unresolved split.,yes,Southern Paiute Buck Deer (early),Deer,Buck,Any Legal Weapon,Tribal,Tribal,865,,,,,,,0
DB0011,PERMIT_UNRESOLVED|REMAINING_AFTER_3_SOURCE_RULE,REMAINING_UNRESOLVED_REVIEW,Still present in remaining-after-3-source unresolved split.,yes,Southern Paiute Buck Deer,Deer,Buck,Archery,Tribal,Tribal,865,,,,,,,0
DB0012,PERMIT_UNRESOLVED|REMAINING_AFTER_3_SOURCE_RULE,REMAINING_UNRESOLVED_REVIEW,Still present in remaining-after-3-source unresolved split.,yes,Southern Paiute Buck Deer,Deer,Buck,Muzzleloader,Tribal,Tribal,865,,,,,,,0
DB0013,PERMIT_UNRESOLVED|REMAINING_AFTER_3_SOURCE_RULE,REMAINING_UNRESOLVED_REVIEW,Still present in remaining-after-3-source unresolved split.,yes,Southern Paiute Buck Deer (late),Deer,Buck,Any Legal Weapon,Tribal,Tribal,865,,,,,,,0
DB1001,PERMIT_UNRESOLVED,CONSERVATION_TABLE_DB_MATCH,Conservation source matches DATABASE conservation field.,yes,Paunsaugunt Premium,Deer,Buck,Archery,Premium Limited Entry,Premium Limited Entry,163,26,3,29,26,3,29,1
DB1003,PERMIT_UNRESOLVED,CONSERVATION_TABLE_DB_MATCH,Conservation source matches DATABASE conservation field.,yes,Henry Mtns Premium,Deer,Buck,Any Legal Weapon,Premium Limited Entry,Premium Limited Entry,94,24,3,27,24,3,27,1
DB1004,PERMIT_UNRESOLVED,DATABASE_MATCHES_RECOMMENDED,Unresolved source recommendation matches DATABASE allotment total.,yes,Paunsaugunt Premium,Deer,Buck,Any Legal Weapon,Premium Limited Entry,Premium Limited Entry,163,75,8,83,75,8,83,0
DB1006,PERMIT_UNRESOLVED,DATABASE_MATCHES_RECOMMENDED,Unresolved source recommendation matches DATABASE allotment total.,yes,Paunsaugunt Premium,Deer,Buck,Muzzleloader,Premium Limited Entry,Premium Limited Entry,163,26,3,29,26,3,29,0
DB1010,PERMIT_UNRESOLVED,DATABASE_MATCHES_RECOMMENDED,Unresolved source recommendation matches DATABASE allotment total.,yes,Paunsaugunt Management,Deer,Buck,Any Legal Weapon,Premium Limited Entry,Management,163,30,3,33,30,3,33,0
DB1011,PERMIT_UNRESOLVED,DATABASE_MATCHES_RECOMMENDED,Unresolved source recommendation matches DATABASE allotment total.,yes,Book Cliffs,Deer,Buck,Archery,Limited Entry,Limited Entry,7,55,6,61,55,6,61,0
DB1015,PERMIT_UNRESOLVED,CONSERVATION_TABLE_DB_MATCH,Conservation source matches DATABASE conservation field.,yes,Diamond Mtn,Deer,Buck,Archery,Limited Entry,Limited Entry,206,22,2,24,22,2,24,1
DB1016,PERMIT_UNRESOLVED,CONSERVATION_TABLE_DB_MATCH,Conservation source matches DATABASE conservation field.,yes,"West Desert, Vernon",Deer,Buck,Archery,Limited Entry,Limited Entry,248,46,5,51,46,5,51,1
DB1017,PERMIT_UNRESOLVED,DATABASE_MATCHES_RECOMMENDED,Unresolved source recommendation matches DATABASE allotment total.,yes,"Book Cliffs, North",Deer,Buck,Any Legal Weapon,Limited Entry,Limited Entry,714,137,15,152,137,15,152,0
DB1018,PERMIT_UNRESOLVED,DATABASE_MATCHES_RECOMMENDED,Unresolved source recommendation matches DATABASE allotment total.,yes,"Book Cliffs, South",Deer,Buck,Any Legal Weapon,Limited Entry,Limited Entry,15,34,4,38,34,4,38,0
DB1019,PERMIT_UNRESOLVED,CONSERVATION_TABLE_DB_MATCH,Conservation source matches DATABASE conservation field.,yes,"Fillmore, Oak Creek LE",Deer,Buck,Any Legal Weapon,Limited Entry,Limited Entry,85,33,4,37,33,4,37,1
DB1022,PERMIT_UNRESOLVED,CONSERVATION_TABLE_DB_MATCH,Conservation source matches DATABASE conservation field.,yes,"San Juan, Elk Ridge",Deer,Buck,Any Legal Weapon,Limited Entry,Limited Entry,185,42,5,47,42,5,47,1
DB1023,PERMIT_UNRESOLVED,CONSERVATION_TABLE_DB_MATCH,Conservation source matches DATABASE conservation field.,yes,Diamond Mtn,Deer,Buck,Any Legal Weapon,Limited Entry,Limited Entry,206,61,7,68,61,7,68,1
DB1024,PERMIT_UNRESOLVED,CONSERVATION_TABLE_DB_MATCH,Conservation source matches DATABASE conservation field.,yes,"West Desert, Vernon",Deer,Buck,Any Legal Weapon,Limited Entry,Limited Entry,248,130,14,144,130,14,144,1
DB1025,PERMIT_UNRESOLVED,DATABASE_MATCHES_RECOMMENDED,Unresolved source recommendation matches DATABASE allotment total.,yes,Book Cliffs,Deer,Buck,Muzzleloader,Limited Entry,Limited Entry,7,55,6,61,55,6,61,0
DB1026,PERMIT_UNRESOLVED,DATABASE_MATCHES_RECOMMENDED,Unresolved source recommendation matches DATABASE allotment total.,yes,"Cache, Crawford Mtn",Deer,Buck,Muzzleloader,Limited Entry,Limited Entry,32,8,1,9,8,1,9,0
DB1034,PERMIT_UNRESOLVED,DATABASE_MATCHES_RECOMMENDED,Unresolved source recommendation matches DATABASE allotment total.,yes,Pine Valley,Deer,Buck,Muzzleloader,Limited Entry,Limited Entry,636,13,2,15,13,2,15,0
DB1036,CORE_REVIEW,DATABASE_HAS_VALUE_NO_RECOMMENDED_VALUE,DATABASE has an allotment value but unresolved source winner has no value.,yes,Thousand Lakes,Deer,Buck,Muzzleloader,Limited Entry,,632,4,1,5,,,,0
DB1038,PERMIT_UNRESOLVED,DATABASE_MATCHES_RECOMMENDED,Unresolved source recommendation matches DATABASE allotment total.,yes,Diamond Mtn,Deer,Buck,Muzzleloader,Limited Entry,Limited Entry,206,22,2,24,22,2,24,0
DB1041,PERMIT_UNRESOLVED,DATABASE_MATCHES_RECOMMENDED,Unresolved source recommendation matches DATABASE allotment total.,yes,"Wasatch Mtns, East",Deer,Buck,Muzzleloader,Limited Entry,Limited Entry,621,30,3,33,30,3,33,0
DB1042,PERMIT_UNRESOLVED,DATABASE_MATCHES_RECOMMENDED,Unresolved source recommendation matches DATABASE allotment total.,yes,"West Desert, Vernon",Deer,Buck,Muzzleloader,Limited Entry,Limited Entry,248,46,5,51,46,5,51,0
DB1043,PERMIT_UNRESOLVED,DATABASE_MATCHES_RECOMMENDED,Unresolved source recommendation matches DATABASE allotment total.,yes,Zion,Deer,Buck,Muzzleloader,Limited Entry,Limited Entry,635,15,2,17,15,2,17,0
DB1056,PERMIT_UNRESOLVED|REMAINING_AFTER_3_SOURCE_RULE,CONSERVATION_TABLE_DB_MATCH,Conservation source matches DATABASE conservation field.,yes,Book Cliffs (North & South),Deer,Buck,Any Legal Weapon,Conservation,Conservation,7,,,4,,,,1
DB1059,CORE_REVIEW,DATABASE_HAS_VALUE_NO_RECOMMENDED_VALUE,DATABASE has an allotment value but unresolved source winner has no value.,yes,Beaver,Deer,Buck,Muzzleloader,Limited Entry,,628,7,1,8,,,,0
DB1075,PERMIT_UNRESOLVED|REMAINING_AFTER_3_SOURCE_RULE,CONSERVATION_TABLE_DB_MATCH,Conservation source matches DATABASE conservation field.,yes,Book Cliffs (North & South),Deer,Buck,Archery,Conservation,Conservation,7,,,2,,,,1
DB1076,PERMIT_UNRESOLVED|REMAINING_AFTER_3_SOURCE_RULE,CONSERVATION_TABLE_DB_MATCH,Conservation source matches DATABASE conservation field.,yes,Book Cliffs (North & South),Deer,Buck,Muzzleloader,Conservation,Conservation,7,,,2,,,,1
DB1079,PERMIT_UNRESOLVED,DATABASE_MATCHES_RECOMMENDED,Unresolved source recommendation matches DATABASE allotment total.,yes,Manti/San Rafael,Deer,Buck,Muzzleloader,Limited Entry,Limited Entry,619,40,5,45,40,5,45,0
DB1082,CORE_REVIEW,DATABASE_HAS_VALUE_NO_RECOMMENDED_VALUE,DATABASE has an allotment value but unresolved source winner has no value.,yes,Oquirrh-Stansbury,Deer,Buck,Muzzleloader,Limited Entry,,622,12,1,13,,,,0
DB1087,PERMIT_UNRESOLVED,DATABASE_MATCHES_RECOMMENDED,Unresolved source recommendation matches DATABASE allotment total.,yes,"Wasatch Mtns, West",Deer,Buck,Muzzleloader,Limited Entry,Limited Entry,620,36,4,40,36,4,40,0
DB1088,CORE_REVIEW,DATABASE_HAS_VALUE_NO_RECOMMENDED_VALUE,DATABASE has an allotment value but unresolved source winner has no value.,yes,"West Desert, Tintic",Deer,Buck,Muzzleloader,Limited Entry,,624,4,1,5,,,,0
DB1089,CORE_REVIEW,DATABASE_HAS_VALUE_NO_RECOMMENDED_VALUE,DATABASE has an allotment value but unresolved source winner has no value.,yes,"West Desert, West",Deer,Buck,Muzzleloader,Limited Entry,,623,4,1,5,,,,0
DB1094,CORE_REVIEW,DATABASE_HAS_VALUE_NO_RECOMMENDED_VALUE,DATABASE has an allotment value but unresolved source winner has no value.,yes,Myton,Deer,Buck,Muzzleloader,Limited Entry,,864,20,,20,,,,0
DB1109,CORE_REVIEW,DATABASE_HAS_VALUE_NO_RECOMMENDED_VALUE,DATABASE has an allotment value but unresolved source winner has no value.,yes,Thousand Lakes,Deer,Buck,Restricted Multiseason,Limited Entry,Limited Entry,632,2,0,2,,,,0
DB1118,PERMIT_UNRESOLVED|REMAINING_AFTER_3_SOURCE_RULE,CONSERVATION_TABLE_DB_MATCH,Conservation source matches DATABASE conservation field.,yes,Dolores Triangle,Deer,Buck,Multiseason,Conservation,Conservation,108,,,1,,,,1
DB1121,CORE_REVIEW,DATABASE_HAS_VALUE_NO_RECOMMENDED_VALUE,DATABASE has an allotment value but unresolved source winner has no value.,yes,Antelope Island Management,Deer,Buck,Any Legal Weapon,Premium Limited Entry,Management,1,2,0,2,,,,0
DB1276,CORE_REVIEW,DATABASE_HAS_VALUE_NO_RECOMMENDED_VALUE,DATABASE has an allotment value but unresolved source winner has no value.,yes,Plymouth Peak CWMU,Deer,Buck,Any Legal Weapon,CWMU,,737,,,1,,,,0
DB1320,CORE_REVIEW,DATABASE_HAS_VALUE_NO_RECOMMENDED_VALUE,DATABASE has an allotment value but unresolved source winner has no value.,yes,Deer Creek CWMU,Deer,Buck,Any Legal Weapon,CWMU,,686,1,0,1,,,,0
DB1324,CORE_REVIEW,DATABASE_HAS_VALUE_NO_RECOMMENDED_VALUE,DATABASE has an allotment value but unresolved source winner has no value.,yes,Royal Ivory Outfitters CWMU,Deer,Buck,Any Legal Weapon,CWMU,,828,1,0,1,,,,0
DB1338,CORE_REVIEW,DATABASE_HAS_VALUE_NO_RECOMMENDED_VALUE,DATABASE has an allotment value but unresolved source winner has no value.,yes,Sweetwater CWMU,Deer,Buck,Any Legal Weapon,CWMU,,891,,,1,,,,0
DB1343,CORE_REVIEW,DATABASE_HAS_VALUE_NO_RECOMMENDED_VALUE,DATABASE has an allotment value but unresolved source winner has no value.,yes,Red Iron CWMU,Deer,Buck,Any Legal Weapon,CWMU,,907,1,0,1,,,,0
DB1344,CORE_REVIEW,DATABASE_HAS_VALUE_NO_RECOMMENDED_VALUE,DATABASE has an allotment value but unresolved source winner has no value.,yes,Salt Wells CWMU,Deer,Buck,Any Legal Weapon,CWMU,,906,1,0,1,,,,0
DB1345,CORE_REVIEW,DATABASE_HAS_VALUE_NO_RECOMMENDED_VALUE,DATABASE has an allotment value but unresolved source winner has no value.,yes,Diamond Mountain CWMU,Deer,Buck,Any Legal Weapon,CWMU,,923,1,0,1,,,,0
DB1348,CORE_REVIEW,DATABASE_HAS_VALUE_NO_RECOMMENDED_VALUE,DATABASE has an allotment value but unresolved source winner has no value.,yes,Kimberly CWMU,Deer,Buck,Any Legal Weapon,CWMU,,922,1,0,1,,,,0
DB1351,CORE_REVIEW,DATABASE_HAS_VALUE_NO_RECOMMENDED_VALUE,DATABASE has an allotment value but unresolved source winner has no value.,yes,The Dirty Dozen,Deer,Buck,Any Legal Weapon,CWMU,CWMU,923,2,0,2,,,,0
DB1501,PERMIT_UNRESOLVED,DATABASE_MATCHES_RECOMMENDED,Unresolved source recommendation matches DATABASE allotment total.,yes,Box Elder,Deer,Buck,Archery,General Season,General Season,607,,,1040,,,1040,0
DB1502,PERMIT_UNRESOLVED,DATABASE_MATCHES_RECOMMENDED,Unresolved source recommendation matches DATABASE allotment total.,yes,Cache,Deer,Buck,Archery,General Season,General Season,29,,,1160,,,1160,0
DB1503,PERMIT_UNRESOLVED,DATABASE_MATCHES_RECOMMENDED,Unresolved source recommendation matches DATABASE allotment total.,yes,Manti/San Rafael,Deer,Buck,Archery,General Season,General Season,619,,,1800,,,1800,0
DB1504,PERMIT_UNRESOLVED,DATABASE_MATCHES_RECOMMENDED,Unresolved source recommendation matches DATABASE allotment total.,yes,Nebo,Deer,Buck,Archery,General Season,General Season,616,,,1060,,,1060,0
DB1506,PERMIT_UNRESOLVED,DATABASE_MATCHES_RECOMMENDED,Unresolved source recommendation matches DATABASE allotment total.,yes,Fillmore,Deer,Buck,Archery,General Season,General Season,804,,,460,,,460,0
DB1508,PERMIT_UNRESOLVED,DATABASE_MATCHES_RECOMMENDED,Unresolved source recommendation matches DATABASE allotment total.,yes,Kamas,Deer,Buck,Archery,General Season,General Season,611,,,200,,,200,0
DB1509,PERMIT_UNRESOLVED,DATABASE_MATCHES_RECOMMENDED,Unresolved source recommendation matches DATABASE allotment total.,yes,La Sal Mtns,Deer,Buck,Archery,General Season,General Season,617,,,360,,,360,0
DB1510,PERMIT_UNRESOLVED,DATABASE_MATCHES_RECOMMENDED,Unresolved source recommendation matches DATABASE allotment total.,yes,Monroe,Deer,Buck,Archery,General Season,General Season,629,,,220,,,220,0
DB1511,PERMIT_UNRESOLVED,DATABASE_MATCHES_RECOMMENDED,Unresolved source recommendation matches DATABASE allotment total.,yes,Mt Dutton,Deer,Buck,Archery,General Season,General Season,630,,,80,,,80,0
DB1512,PERMIT_UNRESOLVED,DATABASE_MATCHES_RECOMMENDED,Unresolved source recommendation matches DATABASE allotment total.,yes,Nine Mile,Deer,Buck,Archery,General Season,General Season,615,,,280,,,280,0
DB1513,PERMIT_UNRESOLVED,DATABASE_MATCHES_RECOMMENDED,Unresolved source recommendation matches DATABASE allotment total.,yes,North Slope,Deer,Buck,Archery,General Season,General Season,612,,,620,,,620,0
DB1514,PERMIT_UNRESOLVED,DATABASE_MATCHES_RECOMMENDED,Unresolved source recommendation matches DATABASE allotment total.,yes,Ogden,Deer,Buck,Archery,General Season,General Season,609,,,540,,,540,0
DB1516,PERMIT_UNRESOLVED,DATABASE_MATCHES_RECOMMENDED,Unresolved source recommendation matches DATABASE allotment total.,yes,Panguitch Lake,Deer,Buck,Archery,General Season,General Season,634,,,500,,,500,0
DB1517,PERMIT_UNRESOLVED,DATABASE_MATCHES_RECOMMENDED,Unresolved source recommendation matches DATABASE allotment total.,yes,Pine Valley,Deer,Buck,Archery,General Season,General Season,636,,,600,,,600,0
DB1518,PERMIT_UNRESOLVED,DATABASE_MATCHES_RECOMMENDED,Unresolved source recommendation matches DATABASE allotment total.,yes,Boulder/Kaiparowits,Deer,Buck,Archery,General Season,General Season,455,,,720,,,720,0
DB1519,PERMIT_UNRESOLVED,DATABASE_MATCHES_RECOMMENDED,Unresolved source recommendation matches DATABASE allotment total.,yes,Fishlake,Deer,Buck,Archery,General Season,General Season,633,,,260,,,260,0
DB1521,PERMIT_UNRESOLVED,DATABASE_MATCHES_RECOMMENDED,Unresolved source recommendation matches DATABASE allotment total.,yes,"San Juan, Abajo Mtns",Deer,Buck,Archery,General Season,General Season,618,,,560,,,560,0
DB1522,PERMIT_UNRESOLVED,DATABASE_MATCHES_RECOMMENDED,Unresolved source recommendation matches DATABASE allotment total.,yes,Vernal/Bonanza,Deer,Buck,Archery,General Season,General Season,614,,,420,,,420,0
DB1523,PERMIT_UNRESOLVED,DATABASE_MATCHES_RECOMMENDED,Unresolved source recommendation matches DATABASE allotment total.,yes,Yellowstone,Deer,Buck,Archery,General Season,General Season,613,,,280,,,280,0
DB1524,PERMIT_UNRESOLVED,DATABASE_MATCHES_RECOMMENDED,Unresolved source recommendation matches DATABASE allotment total.,yes,Southwest Desert,Deer,Buck,Archery,General Season,General Season,625,,,100,,,100,0
DB1525,PERMIT_UNRESOLVED,DATABASE_MATCHES_RECOMMENDED,Unresolved source recommendation matches DATABASE allotment total.,yes,"Wasatch Mtns, East",Deer,Buck,Archery,General Season,General Season,621,,,1300,,,1300,0
DB1526,PERMIT_UNRESOLVED,DATABASE_MATCHES_RECOMMENDED,Unresolved source recommendation matches DATABASE allotment total.,yes,"Wasatch Mtns, West",Deer,Buck,Archery,General Season,General Season,620,,,1580,,,1580,0
DB1529,PERMIT_UNRESOLVED,DATABASE_MATCHES_RECOMMENDED,Unresolved source recommendation matches DATABASE allotment total.,yes,Zion,Deer,Buck,Archery,General Season,General Season,635,,,675,,,675,0
DB1531,PERMIT_UNRESOLVED,DATABASE_MATCHES_RECOMMENDED,Unresolved source recommendation matches DATABASE allotment total.,yes,Box Elder,Deer,Buck,Any Legal Weapon (Late),General Season,General Season,607,,,2080,,,2080,0
DB1533,PERMIT_UNRESOLVED,DATABASE_MATCHES_RECOMMENDED,Unresolved source recommendation matches DATABASE allotment total.,yes,Manti/San Rafael,Deer,Buck,Any Legal Weapon (Late),General Season,General Season,619,,,5400,,,5400,0
DB1534,PERMIT_UNRESOLVED,DATABASE_MATCHES_RECOMMENDED,Unresolved source recommendation matches DATABASE allotment total.,yes,Nebo,Deer,Buck,Any Legal Weapon (Late),General Season,General Season,616,,,3180,,,3180,0
DB1536,PERMIT_UNRESOLVED,DATABASE_MATCHES_RECOMMENDED,Unresolved source recommendation matches DATABASE allotment total.,yes,Fillmore,Deer,Buck,Any Legal Weapon (Late),General Season,General Season,804,,,920,,,920,0
DB1538,PERMIT_UNRESOLVED,DATABASE_MATCHES_RECOMMENDED,Unresolved source recommendation matches DATABASE allotment total.,yes,Kamas,Deer,Buck,Any Legal Weapon (Late),General Season,General Season,611,,,400,,,400,0
DB1539,PERMIT_UNRESOLVED,DATABASE_MATCHES_RECOMMENDED,Unresolved source recommendation matches DATABASE allotment total.,yes,La Sal Mtns,Deer,Buck,Any Legal Weapon (Late),General Season,General Season,617,,,1080,,,1080,0
DB1540,PERMIT_UNRESOLVED,DATABASE_MATCHES_RECOMMENDED,Unresolved source recommendation matches DATABASE allotment total.,yes,Monroe,Deer,Buck,Any Legal Weapon (Late),General Season,General Season,629,,,660,,,660,0
DB1541,PERMIT_UNRESOLVED,DATABASE_MATCHES_RECOMMENDED,Unresolved source recommendation matches DATABASE allotment total.,yes,Mt Dutton,Deer,Buck,Any Legal Weapon (Late),General Season,General Season,630,,,240,,,240,0
DB1542,PERMIT_UNRESOLVED,DATABASE_MATCHES_RECOMMENDED,Unresolved source recommendation matches DATABASE allotment total.,yes,Nine Mile,Deer,Buck,Any Legal Weapon (Late),General Season,General Season,615,,,560,,,560,0
DB1543,PERMIT_UNRESOLVED,DATABASE_MATCHES_RECOMMENDED,Unresolved source recommendation matches DATABASE allotment total.,yes,North Slope,Deer,Buck,Any Legal Weapon (Late),General Season,General Season,612,,,1240,,,1240,0
DB1544,PERMIT_UNRESOLVED,DATABASE_MATCHES_RECOMMENDED,Unresolved source recommendation matches DATABASE allotment total.,yes,Ogden,Deer,Buck,Any Legal Weapon (Late),General Season,General Season,609,,,1620,,,1620,0
DB1546,PERMIT_UNRESOLVED,DATABASE_MATCHES_RECOMMENDED,Unresolved source recommendation matches DATABASE allotment total.,yes,Panguitch Lake,Deer,Buck,Any Legal Weapon (Late),General Season,General Season,634,,,1000,,,1000,0
DB1547,PERMIT_UNRESOLVED,DATABASE_MATCHES_RECOMMENDED,Unresolved source recommendation matches DATABASE allotment total.,yes,Pine Valley,Deer,Buck,Any Legal Weapon (Late),General Season,General Season,636,,,1200,,,1200,0
DB1549,PERMIT_UNRESOLVED,DATABASE_MATCHES_RECOMMENDED,Unresolved source recommendation matches DATABASE allotment total.,yes,Fishlake,Deer,Buck,Any Legal Weapon (Late),General Season,General Season,633,,,520,,,520,0
DB1551,PERMIT_UNRESOLVED,DATABASE_MATCHES_RECOMMENDED,Unresolved source recommendation matches DATABASE allotment total.,yes,"San Juan, Abajo Mtns",Deer,Buck,Any Legal Weapon (Late),General Season,General Season,618,,,1680,,,1680,0
DB1552,PERMIT_UNRESOLVED,DATABASE_MATCHES_RECOMMENDED,Unresolved source recommendation matches DATABASE allotment total.,yes,Vernal/Bonanza,Deer,Buck,Any Legal Weapon (Late),General Season,General Season,614,,,700,,,700,0
DB1553,PERMIT_UNRESOLVED,DATABASE_MATCHES_RECOMMENDED,Unresolved source recommendation matches DATABASE allotment total.,yes,Yellowstone,Deer,Buck,Any Legal Weapon (Late),General Season,General Season,613,,,840,,,840,0
DB1554,PERMIT_UNRESOLVED,DATABASE_MATCHES_RECOMMENDED,Unresolved source recommendation matches DATABASE allotment total.,yes,Southwest Desert,Deer,Buck,Any Legal Weapon (Late),General Season,General Season,625,,,300,,,300,0
DB1555,PERMIT_UNRESOLVED,DATABASE_MATCHES_RECOMMENDED,Unresolved source recommendation matches DATABASE allotment total.,yes,"Wasatch Mtns, East",Deer,Buck,Any Legal Weapon (Late),General Season,General Season,621,,,3900,,,3900,0
DB1556,PERMIT_UNRESOLVED,DATABASE_MATCHES_RECOMMENDED,Unresolved source recommendation matches DATABASE allotment total.,yes,"Wasatch Mtns, West",Deer,Buck,Any Legal Weapon (Late),General Season,General Season,620,,,4740,,,4740,0
DB1559,PERMIT_UNRESOLVED,DATABASE_MATCHES_RECOMMENDED,Unresolved source recommendation matches DATABASE allotment total.,yes,Zion,Deer,Buck,Any Legal Weapon (Late),General Season,General Season,635,,,1350,,,1350,0
DB1561,PERMIT_UNRESOLVED,DATABASE_MATCHES_RECOMMENDED,Unresolved source recommendation matches DATABASE allotment total.,yes,Box Elder,Deer,Buck,Muzzleloader,General Season,General Season,607,,,1040,,,1040,0
DB1563,PERMIT_UNRESOLVED,DATABASE_MATCHES_RECOMMENDED,Unresolved source recommendation matches DATABASE allotment total.,yes,Manti/San Rafael,Deer,Buck,Muzzleloader,General Season,General Season,619,,,1800,,,1800,0
DB1564,PERMIT_UNRESOLVED,DATABASE_MATCHES_RECOMMENDED,Unresolved source recommendation matches DATABASE allotment total.,yes,Nebo,Deer,Buck,Muzzleloader,General Season,General Season,616,,,1060,,,1060,0
DB1566,PERMIT_UNRESOLVED,DATABASE_MATCHES_RECOMMENDED,Unresolved source recommendation matches DATABASE allotment total.,yes,Fillmore,Deer,Buck,Muzzleloader,General Season,General Season,804,,,460,,,460,0
DB1568,PERMIT_UNRESOLVED,DATABASE_MATCHES_RECOMMENDED,Unresolved source recommendation matches DATABASE allotment total.,yes,Kamas,Deer,Buck,Muzzleloader,General Season,General Season,611,,,200,,,200,0
DB1569,PERMIT_UNRESOLVED,DATABASE_MATCHES_RECOMMENDED,Unresolved source recommendation matches DATABASE allotment total.,yes,La Sal Mtns,Deer,Buck,Muzzleloader,General Season,General Season,617,,,360,,,360,0
DB1570,PERMIT_UNRESOLVED,DATABASE_MATCHES_RECOMMENDED,Unresolved source recommendation matches DATABASE allotment total.,yes,Monroe,Deer,Buck,Muzzleloader,General Season,General Season,629,,,220,,,220,0
DB1571,PERMIT_UNRESOLVED,DATABASE_MATCHES_RECOMMENDED,Unresolved source recommendation matches DATABASE allotment total.,yes,Mt Dutton,Deer,Buck,Muzzleloader,General Season,General Season,630,,,80,,,80,0
DB1572,PERMIT_UNRESOLVED,DATABASE_MATCHES_RECOMMENDED,Unresolved source recommendation matches DATABASE allotment total.,yes,Nine Mile,Deer,Buck,Muzzleloader,General Season,General Season,615,,,280,,,280,0
DB1573,PERMIT_UNRESOLVED,DATABASE_MATCHES_RECOMMENDED,Unresolved source recommendation matches DATABASE allotment total.,yes,North Slope,Deer,Buck,Muzzleloader,General Season,General Season,612,,,620,,,620,0
DB1574,PERMIT_UNRESOLVED,DATABASE_MATCHES_RECOMMENDED,Unresolved source recommendation matches DATABASE allotment total.,yes,Ogden,Deer,Buck,Muzzleloader,General Season,General Season,609,,,540,,,540,0
DB1576,PERMIT_UNRESOLVED,DATABASE_MATCHES_RECOMMENDED,Unresolved source recommendation matches DATABASE allotment total.,yes,Panguitch Lake,Deer,Buck,Muzzleloader,General Season,General Season,634,,,500,,,500,0
DB1577,PERMIT_UNRESOLVED,DATABASE_MATCHES_RECOMMENDED,Unresolved source recommendation matches DATABASE allotment total.,yes,Pine Valley,Deer,Buck,Muzzleloader,General Season,General Season,636,,,600,,,600,0
DB1579,PERMIT_UNRESOLVED,DATABASE_MATCHES_RECOMMENDED,Unresolved source recommendation matches DATABASE allotment total.,yes,Fishlake,Deer,Buck,Muzzleloader,General Season,General Season,633,,,260,,,260,0
DB1581,PERMIT_UNRESOLVED,DATABASE_MATCHES_RECOMMENDED,Unresolved source recommendation matches DATABASE allotment total.,yes,"San Juan, Abajo Mtns",Deer,Buck,Muzzleloader,General Season,General Season,618,,,560,,,560,0
DB1582,PERMIT_UNRESOLVED,DATABASE_MATCHES_RECOMMENDED,Unresolved source recommendation matches DATABASE allotment total.,yes,Vernal/Bonanza,Deer,Buck,Muzzleloader,General Season,General Season,614,,,280,,,280,0
DB1583,PERMIT_UNRESOLVED,DATABASE_MATCHES_RECOMMENDED,Unresolved source recommendation matches DATABASE allotment total.,yes,Yellowstone,Deer,Buck,Muzzleloader,General Season,General Season,613,,,280,,,280,0
DB1584,PERMIT_UNRESOLVED,DATABASE_MATCHES_RECOMMENDED,Unresolved source recommendation matches DATABASE allotment total.,yes,Southwest Desert,Deer,Buck,Muzzleloader,General Season,General Season,625,,,100,,,100,0
DB1585,PERMIT_UNRESOLVED,DATABASE_MATCHES_RECOMMENDED,Unresolved source recommendation matches DATABASE allotment total.,yes,"Wasatch Mtns, East",Deer,Buck,Muzzleloader,General Season,General Season,621,,,1300,,,1300,0
DB1586,PERMIT_UNRESOLVED,DATABASE_MATCHES_RECOMMENDED,Unresolved source recommendation matches DATABASE allotment total.,yes,"Wasatch Mtns, West",Deer,Buck,Muzzleloader,General Season,General Season,620,,,1580,,,1580,0
DB1589,PERMIT_UNRESOLVED,DATABASE_MATCHES_RECOMMENDED,Unresolved source recommendation matches DATABASE allotment total.,yes,Zion,Deer,Buck,Muzzleloader,General Season,General Season,635,,,675,,,675,0
DB1591,PERMIT_UNRESOLVED,DATABASE_MATCHES_RECOMMENDED,Unresolved source recommendation matches DATABASE allotment total.,yes,Fillmore,Deer,Buck,Any Legal Weapon (Early),General Season,General Season,804,,,460,,,460,0
DB1592,PERMIT_UNRESOLVED,DATABASE_MATCHES_RECOMMENDED,Unresolved source recommendation matches DATABASE allotment total.,yes,Kamas,Deer,Buck,Any Legal Weapon (Early),General Season,General Season,611,,,200,,,200,0
DB1593,PERMIT_UNRESOLVED,DATABASE_MATCHES_RECOMMENDED,Unresolved source recommendation matches DATABASE allotment total.,yes,Nine Mile,Deer,Buck,Any Legal Weapon (Early),General Season,General Season,615,,,280,,,280,0
DB1594,PERMIT_UNRESOLVED,DATABASE_MATCHES_RECOMMENDED,Unresolved source recommendation matches DATABASE allotment total.,yes,Panguitch Lake,Deer,Buck,Any Legal Weapon (Early),General Season,General Season,634,,,500,,,500,0
DB1595,PERMIT_UNRESOLVED,DATABASE_MATCHES_RECOMMENDED,Unresolved source recommendation matches DATABASE allotment total.,yes,Pine Valley,Deer,Buck,Any Legal Weapon (Early),General Season,General Season,636,,,600,,,600,0
DB1596,PERMIT_UNRESOLVED,DATABASE_MATCHES_RECOMMENDED,Unresolved source recommendation matches DATABASE allotment total.,yes,Fishlake,Deer,Buck,Any Legal Weapon (Early),General Season,General Season,633,,,260,,,260,0
DB1597,PERMIT_UNRESOLVED,DATABASE_MATCHES_RECOMMENDED,Unresolved source recommendation matches DATABASE allotment total.,yes,Zion,Deer,Buck,Any Legal Weapon (Early),General Season,General Season,635,,,675,,,675,0
DB1598,PERMIT_UNRESOLVED,DATABASE_MATCHES_RECOMMENDED,Unresolved source recommendation matches DATABASE allotment total.,yes,North Slope,Deer,Buck,Any Legal Weapon (Early),General Season,General Season,612,,,620,,,620,0
DB1599,PERMIT_UNRESOLVED,DATABASE_MATCHES_RECOMMENDED,Unresolved source recommendation matches DATABASE allotment total.,yes,Chalk Creek,Deer,Buck,Any Legal Weapon (Late),General Season,General Season,69,,,880,,,880,0
DB1600,PERMIT_UNRESOLVED,DATABASE_MATCHES_RECOMMENDED,Unresolved source recommendation matches DATABASE allotment total.,yes,Chalk Creek,Deer,Buck,Archery,General Season,General Season,69,,,440,,,440,0
DB1601,PERMIT_UNRESOLVED,DATABASE_MATCHES_RECOMMENDED,Unresolved source recommendation matches DATABASE allotment total.,yes,Chalk Creek,Deer,Buck,Any Legal Weapon (Early),General Season,General Season,69,,,440,,,440,0
DB1602,PERMIT_UNRESOLVED,DATABASE_MATCHES_RECOMMENDED,Unresolved source recommendation matches DATABASE allotment total.,yes,Chalk Creek,Deer,Buck,Muzzleloader,General Season,General Season,69,,,440,,,440,0
DB1603,PERMIT_UNRESOLVED,DATABASE_MATCHES_RECOMMENDED,Unresolved source recommendation matches DATABASE allotment total.,yes,East Canyon,Deer,Buck,Any Legal Weapon (Late),General Season,General Season,276,,,760,,,760,0
DB1604,PERMIT_UNRESOLVED,DATABASE_MATCHES_RECOMMENDED,Unresolved source recommendation matches DATABASE allotment total.,yes,East Canyon,Deer,Buck,Archery,General Season,General Season,276,,,380,,,380,0
DB1605,PERMIT_UNRESOLVED,DATABASE_MATCHES_RECOMMENDED,Unresolved source recommendation matches DATABASE allotment total.,yes,East Canyon,Deer,Buck,Any Legal Weapon (Early),General Season,General Season,276,,,380,,,380,0
DB1606,PERMIT_UNRESOLVED,DATABASE_MATCHES_RECOMMENDED,Unresolved source recommendation matches DATABASE allotment total.,yes,East Canyon,Deer,Buck,Muzzleloader,General Season,General Season,276,,,380,,,380,0
DB1607,PERMIT_UNRESOLVED,DATABASE_MATCHES_RECOMMENDED,Unresolved source recommendation matches DATABASE allotment total.,yes,Morgan-South Rich,Deer,Buck,Any Legal Weapon (Late),General Season,General Season,117,,,640,,,640,0
DB1608,PERMIT_UNRESOLVED,DATABASE_MATCHES_RECOMMENDED,Unresolved source recommendation matches DATABASE allotment total.,yes,Morgan-South Rich,Deer,Buck,Archery,General Season,General Season,117,,,320,,,320,0
DB1610,PERMIT_UNRESOLVED,DATABASE_MATCHES_RECOMMENDED,Unresolved source recommendation matches DATABASE allotment total.,yes,Morgan-South Rich,Deer,Buck,Muzzleloader,General Season,General Season,117,,,320,,,320,0
DB1611,PERMIT_UNRESOLVED,DATABASE_MATCHES_RECOMMENDED,Unresolved source recommendation matches DATABASE allotment total.,yes,"Beaver, East",Deer,Buck,Archery,General Season,General Season,685,,,440,,,440,0
DB1612,PERMIT_UNRESOLVED,DATABASE_MATCHES_RECOMMENDED,Unresolved source recommendation matches DATABASE allotment total.,yes,"Beaver, East",Deer,Buck,Muzzleloader,General Season,General Season,685,,,440,,,440,0
DB1613,PERMIT_UNRESOLVED,DATABASE_MATCHES_RECOMMENDED,Unresolved source recommendation matches DATABASE allotment total.,yes,"Beaver, East",Deer,Buck,Any Legal Weapon (Late),General Season,General Season,685,,,1320,,,1320,0
DB1614,PERMIT_UNRESOLVED,DATABASE_MATCHES_RECOMMENDED,Unresolved source recommendation matches DATABASE allotment total.,yes,"Beaver, West",Deer,Buck,Archery,General Season,General Season,672,,,130,,,130,0
DB1615,PERMIT_UNRESOLVED,DATABASE_MATCHES_RECOMMENDED,Unresolved source recommendation matches DATABASE allotment total.,yes,"Beaver, West",Deer,Buck,Restricted Muzzleloader,General Season,General Season,672,,,130,,,130,0
DB1616,PERMIT_UNRESOLVED,DATABASE_MATCHES_RECOMMENDED,Unresolved source recommendation matches DATABASE allotment total.,yes,"Beaver, West",Deer,Buck,Restricted Rifle,General Season,General Season,672,,,390,,,390,0
DB1617,PERMIT_UNRESOLVED,DATABASE_MATCHES_RECOMMENDED,Unresolved source recommendation matches DATABASE allotment total.,yes,"West Desert, Swasey",Deer,Buck,Archery,General Season,General Season,926,,,80,,,80,0
DB1618,PERMIT_UNRESOLVED,DATABASE_MATCHES_RECOMMENDED,Unresolved source recommendation matches DATABASE allotment total.,yes,"West Desert, Swasey",Deer,Buck,Muzzleloader,General Season,General Season,926,,,80,,,80,0
DB1619,PERMIT_UNRESOLVED,DATABASE_MATCHES_RECOMMENDED,Unresolved source recommendation matches DATABASE allotment total.,yes,"West Desert, Swasey",Deer,Buck,Any Legal Weapon (Late),General Season,General Season,926,,,240,,,240,0
DB1620,PERMIT_UNRESOLVED,DATABASE_MATCHES_RECOMMENDED,Unresolved source recommendation matches DATABASE allotment total.,yes,Oquirrh/Tintic,Deer,Buck,Archery,General Season,General Season,927,,,450,,,450,0
DB1621,PERMIT_UNRESOLVED,DATABASE_MATCHES_RECOMMENDED,Unresolved source recommendation matches DATABASE allotment total.,yes,Oquirrh/Tintic,Deer,Buck,Muzzleloader,General Season,General Season,927,,,450,,,450,0
DB1622,PERMIT_UNRESOLVED,DATABASE_MATCHES_RECOMMENDED,Unresolved source recommendation matches DATABASE allotment total.,yes,Oquirrh/Tintic,Deer,Buck,Any Legal Weapon (Late),General Season,General Season,927,,,1350,,,1350,0
DB1623,PERMIT_UNRESOLVED,DATABASE_MATCHES_RECOMMENDED,Unresolved source recommendation matches DATABASE allotment total.,yes,Cedar/Stansbury,Deer,Buck,Archery,General Season,General Season,925,,,250,,,250,0
DB1624,PERMIT_UNRESOLVED,DATABASE_MATCHES_RECOMMENDED,Unresolved source recommendation matches DATABASE allotment total.,yes,Cedar/Stansbury,Deer,Buck,Muzzleloader,General Season,General Season,925,,,250,,,250,0
DB1625,PERMIT_UNRESOLVED,DATABASE_MATCHES_RECOMMENDED,Unresolved source recommendation matches DATABASE allotment total.,yes,Cedar/Stansbury,Deer,Buck,Any Legal Weapon (Late),General Season,General Season,925,,,750,,,750,0
DB1627,PERMIT_UNRESOLVED,DATABASE_MATCHES_RECOMMENDED,Unresolved source recommendation matches DATABASE allotment total.,yes,Cache,Deer,Buck,Restricted Rifle,General Season,General Season,29,,,3480,,,3480,0
DB1628,PERMIT_UNRESOLVED,DATABASE_MATCHES_RECOMMENDED,Unresolved source recommendation matches DATABASE allotment total.,yes,Cache,Deer,Buck,Restricted Muzzleloader,General Season,General Season,29,,,1160,,,1160,0
DB1629,PERMIT_UNRESOLVED,DATABASE_MATCHES_RECOMMENDED,Unresolved source recommendation matches DATABASE allotment total.,yes,Boulder/Kaiparowits,Deer,Buck,Restricted Rifle,General Season,General Season,455,,,960,,,960,0
DB1630,PERMIT_UNRESOLVED,DATABASE_MATCHES_RECOMMENDED,Unresolved source recommendation matches DATABASE allotment total.,yes,Boulder/Kaiparowits,Deer,Buck,Restricted Muzzleloader,General Season,General Season,455,,,720,,,720,0
DB1631,PERMIT_UNRESOLVED,DATABASE_MATCHES_RECOMMENDED,Unresolved source recommendation matches DATABASE allotment total.,yes,Box Elder,Deer,Buck,Any Legal Weapon (Early),General Season,General Season,607,,,1040,,,1040,0
DB1770,PERMIT_UNRESOLVED,DATABASE_MATCHES_RECOMMENDED,Unresolved source recommendation matches DATABASE allotment total.,yes,Box Elder,Deer,Buck,Dedicated Hunter,General Season,General Season,607,,,688,,,688,0
DB1771,PERMIT_UNRESOLVED,DATABASE_MATCHES_RECOMMENDED,Unresolved source recommendation matches DATABASE allotment total.,yes,Cache,Deer,Buck,Dedicated Hunter,General Season,General Season,29,,,588,,,588,0
DB1772,PERMIT_UNRESOLVED,DATABASE_MATCHES_RECOMMENDED,Unresolved source recommendation matches DATABASE allotment total.,yes,Manti/San Rafael,Deer,Buck,Dedicated Hunter,General Season,General Season,619,,,573,,,573,0
DB1773,PERMIT_UNRESOLVED,DATABASE_MATCHES_RECOMMENDED,Unresolved source recommendation matches DATABASE allotment total.,yes,Nebo,Deer,Buck,Dedicated Hunter,General Season,General Season,616,,,349,,,349,0
DB1775,PERMIT_UNRESOLVED,DATABASE_MATCHES_RECOMMENDED,Unresolved source recommendation matches DATABASE allotment total.,yes,Fillmore,Deer,Buck,Dedicated Hunter,General Season,General Season,804,,,42,,,42,0
DB1777,PERMIT_UNRESOLVED,DATABASE_MATCHES_RECOMMENDED,Unresolved source recommendation matches DATABASE allotment total.,yes,Kamas,Deer,Buck,Dedicated Hunter,General Season,General Season,611,,,55,,,55,0
DB1778,PERMIT_UNRESOLVED,DATABASE_MATCHES_RECOMMENDED,Unresolved source recommendation matches DATABASE allotment total.,yes,La Sal Mtns,Deer,Buck,Dedicated Hunter,General Season,General Season,617,,,67,,,67,0
DB1779,PERMIT_UNRESOLVED,DATABASE_MATCHES_RECOMMENDED,Unresolved source recommendation matches DATABASE allotment total.,yes,Monroe,Deer,Buck,Dedicated Hunter,General Season,General Season,629,,,45,,,45,0
DB1780,PERMIT_UNRESOLVED,DATABASE_MATCHES_RECOMMENDED,Unresolved source recommendation matches DATABASE allotment total.,yes,Mt Dutton,Deer,Buck,Dedicated Hunter,General Season,General Season,630,,,26,,,26,0
DB1781,PERMIT_UNRESOLVED,DATABASE_MATCHES_RECOMMENDED,Unresolved source recommendation matches DATABASE allotment total.,yes,Nine Mile,Deer,Buck,Dedicated Hunter,General Season,General Season,615,,,62,,,62,0
DB1782,PERMIT_UNRESOLVED,DATABASE_MATCHES_RECOMMENDED,Unresolved source recommendation matches DATABASE allotment total.,yes,North Slope,Deer,Buck,Dedicated Hunter,General Season,General Season,612,,,340,,,340,0
DB1783,PERMIT_UNRESOLVED,DATABASE_MATCHES_RECOMMENDED,Unresolved source recommendation matches DATABASE allotment total.,yes,Ogden,Deer,Buck,Dedicated Hunter,General Season,General Season,609,,,297,,,297,0
DB1785,PERMIT_UNRESOLVED,DATABASE_MATCHES_RECOMMENDED,Unresolved source recommendation matches DATABASE allotment total.,yes,Panguitch Lake,Deer,Buck,Dedicated Hunter,General Season,General Season,634,,,112,,,112,0
DB1786,PERMIT_UNRESOLVED,DATABASE_MATCHES_RECOMMENDED,Unresolved source recommendation matches DATABASE allotment total.,yes,Pine Valley,Deer,Buck,Dedicated Hunter,General Season,General Season,636,,,228,,,228,0
DB1787,PERMIT_UNRESOLVED,DATABASE_MATCHES_RECOMMENDED,Unresolved source recommendation matches DATABASE allotment total.,yes,Boulder/Kaiparowits,Deer,Buck,Dedicated Hunter,General Season,General Season,455,,,70,,,70,0
DB1788,PERMIT_UNRESOLVED,DATABASE_MATCHES_RECOMMENDED,Unresolved source recommendation matches DATABASE allotment total.,yes,Fishlake,Deer,Buck,Dedicated Hunter,General Season,General Season,633,,,49,,,49,0
DB1790,PERMIT_UNRESOLVED,DATABASE_MATCHES_RECOMMENDED,Unresolved source recommendation matches DATABASE allotment total.,yes,"San Juan, Abajo Mtns",Deer,Buck,Dedicated Hunter,General Season,General Season,618,,,261,,,261,0
DB1791,PERMIT_UNRESOLVED,DATABASE_MATCHES_RECOMMENDED,Unresolved source recommendation matches DATABASE allotment total.,yes,Vernal/Bonanza,Deer,Buck,Dedicated Hunter,General Season,General Season,614,,,45,,,45,0
DB1792,PERMIT_UNRESOLVED,DATABASE_MATCHES_RECOMMENDED,Unresolved source recommendation matches DATABASE allotment total.,yes,Yellowstone,Deer,Buck,Dedicated Hunter,General Season,General Season,613,,,63,,,63,0
DB1793,PERMIT_UNRESOLVED,DATABASE_MATCHES_RECOMMENDED,Unresolved source recommendation matches DATABASE allotment total.,yes,Southwest Desert,Deer,Buck,Dedicated Hunter,General Season,General Season,625,,,46,,,46,0
DB1794,PERMIT_UNRESOLVED,DATABASE_MATCHES_RECOMMENDED,Unresolved source recommendation matches DATABASE allotment total.,yes,"Wasatch Mtns, East",Deer,Buck,Dedicated Hunter,General Season,General Season,621,,,271,,,271,0
DB1795,PERMIT_UNRESOLVED,DATABASE_MATCHES_RECOMMENDED,Unresolved source recommendation matches DATABASE allotment total.,yes,"Wasatch Mtns, West",Deer,Buck,Dedicated Hunter,General Season,General Season,620,,,701,,,701,0
DB1798,PERMIT_UNRESOLVED,DATABASE_MATCHES_RECOMMENDED,Unresolved source recommendation matches DATABASE allotment total.,yes,Zion,Deer,Buck,Dedicated Hunter,General Season,General Season,635,,,256,,,256,0
DB1799,PERMIT_UNRESOLVED,DATABASE_MATCHES_RECOMMENDED,Unresolved source recommendation matches DATABASE allotment total.,yes,Chalk Creek,Deer,Buck,Dedicated Hunter,General Season,General Season,69,,,292,,,292,0
DB1800,PERMIT_UNRESOLVED,DATABASE_MATCHES_RECOMMENDED,Unresolved source recommendation matches DATABASE allotment total.,yes,East Canyon,Deer,Buck,Dedicated Hunter,General Season,General Season,276,,,186,,,186,0
DB1801,PERMIT_UNRESOLVED,DATABASE_MATCHES_RECOMMENDED,Unresolved source recommendation matches DATABASE allotment total.,yes,Morgan-South Rich,Deer,Buck,Dedicated Hunter,General Season,General Season,117,,,211,,,211,0
DB1802,PERMIT_UNRESOLVED,DATABASE_MATCHES_RECOMMENDED,Unresolved source recommendation matches DATABASE allotment total.,yes,"Beaver, East",Deer,Buck,Dedicated Hunter,General Season,General Season,685,,,61,,,61,0
DB1803,PERMIT_UNRESOLVED,DATABASE_MATCHES_RECOMMENDED,Unresolved source recommendation matches DATABASE allotment total.,yes,"Beaver, West",Deer,Buck,Dedicated Hunter,General Season,General Season,672,,,44,,,44,0
DB1804,PERMIT_UNRESOLVED,DATABASE_MATCHES_RECOMMENDED,Unresolved source recommendation matches DATABASE allotment total.,yes,Cedar/Stansbury,Deer,Buck,Dedicated Hunter,General Season,General Season,925,,,42,,,42,0
DB1805,PERMIT_UNRESOLVED,DATABASE_MATCHES_RECOMMENDED,Unresolved source recommendation matches DATABASE allotment total.,yes,Oquirrh/Tintic,Deer,Buck,Dedicated Hunter,General Season,General Season,927,,,65,,,65,0
DB1806,PERMIT_UNRESOLVED,DATABASE_MATCHES_RECOMMENDED,Unresolved source recommendation matches DATABASE allotment total.,yes,"West Desert, Swasey",Deer,Buck,Dedicated Hunter,General Season,General Season,926,,,36,,,36,0
DS1000,CORE_REVIEW,SPORTSMAN_CONSERVATION_OVERLAP_REVIEW,Code is current sportsman in review set and also appears in conservation table; keep families separate.,yes,Desert Bighorn Sheep - Statewide Permit,Desert Bighorn Sheep,Male Only,Any Legal Weapon,Statewide,,5110,1,0,1,,,,1
DS1002,PERMIT_UNRESOLVED|REMAINING_AFTER_3_SOURCE_RULE,CONSERVATION_TABLE_DB_MATCH,Conservation source matches DATABASE conservation field.,yes,"Kaiparowits, East",Desert Bighorn Sheep,Male Only,Any Legal Weapon,Conservation,Conservation,98,1,0,1,,,,1
DS1003,PERMIT_UNRESOLVED|REMAINING_AFTER_3_SOURCE_RULE,CONSERVATION_TABLE_DB_MATCH,Conservation source matches DATABASE conservation field.,yes,"Kaiparowits, Escalante East/West",Desert Bighorn Sheep,Male Only,Any Legal Weapon,Conservation,Conservation,5141,1,0,1,,,,1
DS1004,PERMIT_UNRESOLVED|REMAINING_AFTER_3_SOURCE_RULE,CONSERVATION_TABLE_DB_MATCH,Conservation source matches DATABASE conservation field.,yes,"San Rafael, Dirty Devil",Desert Bighorn Sheep,Male Only,Any Legal Weapon,Conservation,Conservation,193,1,0,1,,,,1
DS1006,PERMIT_UNRESOLVED|REMAINING_AFTER_3_SOURCE_RULE,CONSERVATION_TABLE_DB_MATCH,Conservation source matches DATABASE conservation field.,yes,"Kaiparowits, West",Desert Bighorn Sheep,Male Only,Any Legal Weapon,Conservation,Conservation,100,1,0,1,,,,1
DS1007,PERMIT_UNRESOLVED|REMAINING_AFTER_3_SOURCE_RULE,CONSERVATION_TABLE_DB_MATCH,Conservation source matches DATABASE conservation field.,yes,"San Rafael, South",Desert Bighorn Sheep,Male Only,Any Legal Weapon,Conservation,Conservation,195,1,0,1,,,,1
DS6601,PERMIT_UNRESOLVED|REMAINING_AFTER_3_SOURCE_RULE,DATABASE_MATCHES_RECOMMENDED,Unresolved source recommendation matches DATABASE allotment total.,yes,"Kaiparowits, East",Desert Bighorn Sheep,Male Only,Any Legal Weapon,Once-in-a-lifetime,Once-in-a-lifetime,98,10,3,13,10,3,13,0
DS6602,CORE_REVIEW,DATABASE_HAS_VALUE_NO_RECOMMENDED_VALUE,DATABASE has an allotment value but unresolved source winner has no value.,yes,"Kaiparowits, Escalante",Desert Bighorn Sheep,Male Only,Any Legal Weapon,Once-in-a-lifetime,,99,7,1,8,,,,0
DS6605,PERMIT_UNRESOLVED|REMAINING_AFTER_3_SOURCE_RULE,CONSERVATION_TABLE_DB_MATCH,Conservation source matches DATABASE conservation field.,yes,"Pine Valley, Beaver Dam",Desert Bighorn Sheep,Male Only,Any Legal Weapon,Conservation,Conservation,305,1,0,1,,,,1
DS6609,PERMIT_UNRESOLVED|REMAINING_AFTER_3_SOURCE_RULE,DATABASE_MATCHES_RECOMMENDED,Unresolved source recommendation matches DATABASE allotment total.,yes,"San Rafael, North",Desert Bighorn Sheep,Male Only,Any Legal Weapon,Once-in-a-lifetime,Once-in-a-lifetime,194,8,0,8,8,0,8,0
EA1007,CORE_REVIEW,DATABASE_MISSING,Hunt code is unresolved and is not present in DATABASE.csv.,no,,,,,,,,,,,,,,0
EA1010,REMAINING_AFTER_3_SOURCE_RULE,DATABASE_HAS_VALUE_NO_RECOMMENDED_VALUE,DATABASE has an allotment value but unresolved source winner has no value.,yes,"Cache, Rich",Elk,Antlerless,Any Legal Weapon,General Season,Antlerless,38,18,2,20,,,,0
EA1011,REMAINING_AFTER_3_SOURCE_RULE,DATABASE_HAS_VALUE_NO_RECOMMENDED_VALUE,DATABASE has an allotment value but unresolved source winner has no value.,yes,"Cache, Richards Hollow",Elk,Antlerless,Any Legal Weapon,General Season,Antlerless,39,9,1,10,,,,0
EA1021,REMAINING_AFTER_3_SOURCE_RULE,DATABASE_HAS_VALUE_NO_RECOMMENDED_VALUE,DATABASE has an allotment value but unresolved source winner has no value.,yes,Nebo,Elk,Antlerless,Any Legal Weapon,General Season,Antlerless,616,207,23,230,,,,0
EA1033,REMAINING_AFTER_3_SOURCE_RULE,DATABASE_HAS_VALUE_NO_RECOMMENDED_VALUE,DATABASE has an allotment value but unresolved source winner has no value.,yes,Kamas,Elk,Antlerless,Any Legal Weapon,General Season,Antlerless,611,112,13,125,,,,0
EA1035,REMAINING_AFTER_3_SOURCE_RULE,DATABASE_HAS_VALUE_NO_RECOMMENDED_VALUE,DATABASE has an allotment value but unresolved source winner has no value.,yes,"Kamas, Oakley",Elk,Antlerless,Any Legal Weapon,General Season,Antlerless,104,112,13,125,,,,0
EA1040,CORE_REVIEW,DATABASE_HAS_VALUE_NO_RECOMMENDED_VALUE,DATABASE has an allotment value but unresolved source winner has no value.,yes,"Monroe, Koosharem Valley",Elk,Antlerless,Any Legal Weapon,General Season,,723,7,1,8,,,,0
EA1053,CORE_REVIEW,DATABASE_MISSING,Hunt code is unresolved and is not present in DATABASE.csv.,no,,,,,,,,,,,,,,0
EA1054,REMAINING_AFTER_3_SOURCE_RULE,DATABASE_HAS_VALUE_NO_RECOMMENDED_VALUE,DATABASE has an allotment value but unresolved source winner has no value.,yes,"Nine Mile, West Anthro",Elk,Antlerless,Any Legal Weapon,General Season,Antlerless,132,45,5,50,,,,0
EA1063,REMAINING_AFTER_3_SOURCE_RULE,DATABASE_HAS_VALUE_NO_RECOMMENDED_VALUE,DATABASE has an allotment value but unresolved source winner has no value.,yes,Ogden,Elk,Antlerless,Any Legal Weapon,General Season,Antlerless,609,67,8,75,,,,0
EA1069,REMAINING_AFTER_3_SOURCE_RULE,DATABASE_HAS_VALUE_NO_RECOMMENDED_VALUE,DATABASE has an allotment value but unresolved source winner has no value.,yes,Panguitch Lake,Elk,Antlerless,Any Legal Weapon,General Season,Antlerless,634,31,4,35,,,,0
EA1074,CORE_REVIEW,DATABASE_HAS_VALUE_NO_RECOMMENDED_VALUE,DATABASE has an allotment value but unresolved source winner has no value.,yes,Pine Valley,Elk,Antlerless,Any Legal Weapon,General Season,,636,4,1,5,,,,0
EA1107,CORE_REVIEW,DATABASE_MISSING,Hunt code is unresolved and is not present in DATABASE.csv.,no,,,,,,,,,,,,,,0
EA1116,CORE_REVIEW,DATABASE_HAS_VALUE_NO_RECOMMENDED_VALUE,DATABASE has an allotment value but unresolved source winner has no value.,yes,Zion,Elk,Antlerless,Any Legal Weapon,General Season,,635,18,2,20,,,,0
EA1126,CORE_REVIEW,DATABASE_HAS_VALUE_NO_RECOMMENDED_VALUE,DATABASE has an allotment value but unresolved source winner has no value.,yes,Cotton Thomas CWMU,Elk,Antlerless,Any Legal Weapon,CWMU,,640,5,,5,,,,0
EA1129,REMAINING_AFTER_3_SOURCE_RULE,DATABASE_HAS_VALUE_NO_RECOMMENDED_VALUE,DATABASE has an allotment value but unresolved source winner has no value.,yes,Deseret CWMU,Elk,Antlerless,Any Legal Weapon,CWMU,CWMU,568,425,0,425,,,,0
EA1134,REMAINING_AFTER_3_SOURCE_RULE,DATABASE_HAS_VALUE_NO_RECOMMENDED_VALUE,DATABASE has an allotment value but unresolved source winner has no value.,yes,Ensign Ranches CWMU,Elk,Antlerless,Any Legal Weapon,CWMU,CWMU,522,60,0,60,,,,0
EA1139,REMAINING_AFTER_3_SOURCE_RULE,DATABASE_HAS_VALUE_NO_RECOMMENDED_VALUE,DATABASE has an allotment value but unresolved source winner has no value.,yes,Hardscrabble CWMU,Elk,Antlerless,Any Legal Weapon,CWMU,CWMU,577,10,0,10,,,,0
EA1149,REMAINING_AFTER_3_SOURCE_RULE,DATABASE_HAS_VALUE_NO_RECOMMENDED_VALUE,DATABASE has an allotment value but unresolved source winner has no value.,yes,Minnie Maud Ridge CWMU,Elk,Antlerless,Any Legal Weapon,CWMU,CWMU,551,15,0,15,,,,0
EA1176,CORE_REVIEW,DATABASE_HAS_VALUE_NO_RECOMMENDED_VALUE,DATABASE has an allotment value but unresolved source winner has no value.,yes,Weber Florence Creek CWMU,Elk,Antlerless,Any Legal Weapon,CWMU,,524,65,,65,,,,0
EA1180,PERMIT_UNRESOLVED|REMAINING_AFTER_3_SOURCE_RULE,CONSERVATION_TABLE_DB_MATCH,Conservation source matches DATABASE conservation field.,yes,La Sal (Conservation),Elk,Antlerless,Any Legal Weapon,Conservation,Conservation,684,,,8,,,,1
EA1193,REMAINING_AFTER_3_SOURCE_RULE,DATABASE_HAS_VALUE_NO_RECOMMENDED_VALUE,DATABASE has an allotment value but unresolved source winner has no value.,yes,"Cache, Rich",Elk,Antlerless,Any Legal Weapon,General Season,Antlerless,38,18,2,20,,,,0
EA1208,REMAINING_AFTER_3_SOURCE_RULE,DATABASE_HAS_VALUE_NO_RECOMMENDED_VALUE,DATABASE has an allotment value but unresolved source winner has no value.,yes,Nebo,Elk,Antlerless,Any Legal Weapon,General Season,Antlerless,616,247,28,275,,,,0
EA1220,CORE_REVIEW|PERMIT_UNRESOLVED|REMAINING_AFTER_3_SOURCE_RULE,CONSERVATION_TABLE_DB_MATCH,Conservation source matches DATABASE conservation field.,yes,Manti (Expo),Elk,Antlerless,Any Legal Weapon,General Season,Antlerless,5112,,,3,,,,1
EA1221,CORE_REVIEW|PERMIT_UNRESOLVED|REMAINING_AFTER_3_SOURCE_RULE,CONSERVATION_TABLE_DB_MATCH,Conservation source matches DATABASE conservation field.,yes,Fishlake/Thousand Lake (Expo),Elk,Antlerless,Any Legal Weapon,General Season,Antlerless,5145,,,1,,,,1
EA1222,REMAINING_AFTER_3_SOURCE_RULE,DATABASE_HAS_VALUE_NO_RECOMMENDED_VALUE,DATABASE has an allotment value but unresolved source winner has no value.,yes,"Beaver, East",Elk,Antlerless,Any Legal Weapon,General Season,Antlerless,685,27,3,30,,,,0
EA1223,REMAINING_AFTER_3_SOURCE_RULE,DATABASE_HAS_VALUE_NO_RECOMMENDED_VALUE,DATABASE has an allotment value but unresolved source winner has no value.,yes,"Beaver, East",Elk,Antlerless,Any Legal Weapon,General Season,Antlerless,685,27,3,30,,,,0
EA1251,REMAINING_AFTER_3_SOURCE_RULE,DATABASE_HAS_VALUE_NO_RECOMMENDED_VALUE,DATABASE has an allotment value but unresolved source winner has no value.,yes,"Southwest Desert, Burbank/Garrison",Elk,Antlerless,Any Legal Weapon,General Season,Antlerless,893,13,2,15,,,,0
EA1252,CORE_REVIEW,DATABASE_HAS_VALUE_NO_RECOMMENDED_VALUE,DATABASE has an allotment value but unresolved source winner has no value.,yes,"Southwest Desert, Burbank/Garrison",Elk,Antlerless,Any Legal Weapon,General Season,,893,4,1,5,,,,0
EA1258,CORE_REVIEW|PERMIT_UNRESOLVED|REMAINING_AFTER_3_SOURCE_RULE,DATABASE_HAS_VALUE_NO_RECOMMENDED_VALUE,DATABASE has an allotment value but unresolved source winner has no value.,yes,La Sal (Expo),Elk,Antlerless,Any Legal Weapon,General Season,Antlerless,5113,,,1,,,,0
EA1266,REMAINING_AFTER_3_SOURCE_RULE,DATABASE_HAS_VALUE_NO_RECOMMENDED_VALUE,DATABASE has an allotment value but unresolved source winner has no value.,yes,"Box Elder, Hansel Mtn",Elk,Antlerless,Any Legal Weapon,General Season,Antlerless,18,18,2,20,,,,0
EA1267,REMAINING_AFTER_3_SOURCE_RULE,DATABASE_HAS_VALUE_NO_RECOMMENDED_VALUE,DATABASE has an allotment value but unresolved source winner has no value.,yes,Cache,Elk,Antlerless,Any Legal Weapon,General Season,Antlerless,29,81,9,90,,,,0
EA1269,REMAINING_AFTER_3_SOURCE_RULE,DATABASE_HAS_VALUE_NO_RECOMMENDED_VALUE,DATABASE has an allotment value but unresolved source winner has no value.,yes,Ogden (excludes Hyrum),Elk,Antlerless,Any Legal Weapon,General Season,Antlerless,924,180,20,200,,,,0
EA1270,PERMIT_UNRESOLVED|REMAINING_AFTER_3_SOURCE_RULE,CONSERVATION_TABLE_DB_MATCH,Conservation source matches DATABASE conservation field.,yes,Fishlake (Conservation),Elk,Antlerless,Any Legal Weapon,Conservation,Conservation,175,,,4,,,,1
EA1271,PERMIT_UNRESOLVED|REMAINING_AFTER_3_SOURCE_RULE,CONSERVATION_TABLE_DB_MATCH,Conservation source matches DATABASE conservation field.,yes,Manti (Conservation),Elk,Antlerless,Any Legal Weapon,Conservation,Conservation,51,,,4,,,,1
EA1284,REMAINING_AFTER_3_SOURCE_RULE,DATABASE_HAS_VALUE_NO_RECOMMENDED_VALUE,DATABASE has an allotment value but unresolved source winner has no value.,yes,Panguitch Lake,Elk,Antlerless,Muzzleloader,General Season,Antlerless,634,31,4,35,,,,0
EA1285,REMAINING_AFTER_3_SOURCE_RULE,DATABASE_HAS_VALUE_NO_RECOMMENDED_VALUE,DATABASE has an allotment value but unresolved source winner has no value.,yes,Panguitch Lake,Elk,Antlerless,Any Legal Weapon,General Season,Antlerless,634,31,4,35,,,,0
EA1288,CORE_REVIEW,DATABASE_MISSING,Hunt code is unresolved and is not present in DATABASE.csv.,no,,,,,,,,,,,,,,0
EA1289,CORE_REVIEW,DATABASE_MISSING,Hunt code is unresolved and is not present in DATABASE.csv.,no,,,,,,,,,,,,,,0
EA1290,CORE_REVIEW,DATABASE_MISSING,Hunt code is unresolved and is not present in DATABASE.csv.,no,,,,,,,,,,,,,,0
EA1291,CORE_REVIEW,DATABASE_MISSING,Hunt code is unresolved and is not present in DATABASE.csv.,no,,,,,,,,,,,,,,0
EA1292,CORE_REVIEW,DATABASE_MISSING,Hunt code is unresolved and is not present in DATABASE.csv.,no,,,,,,,,,,,,,,0
EA1293,CORE_REVIEW,DATABASE_MISSING,Hunt code is unresolved and is not present in DATABASE.csv.,no,,,,,,,,,,,,,,0
EA1294,CORE_REVIEW,DATABASE_MISSING,Hunt code is unresolved and is not present in DATABASE.csv.,no,,,,,,,,,,,,,,0
EA1295,CORE_REVIEW,DATABASE_MISSING,Hunt code is unresolved and is not present in DATABASE.csv.,no,,,,,,,,,,,,,,0
EA1296,CORE_REVIEW,DATABASE_MISSING,Hunt code is unresolved and is not present in DATABASE.csv.,no,,,,,,,,,,,,,,0
EA1297,CORE_REVIEW,DATABASE_MISSING,Hunt code is unresolved and is not present in DATABASE.csv.,no,,,,,,,,,,,,,,0
EA1298,CORE_REVIEW,DATABASE_MISSING,Hunt code is unresolved and is not present in DATABASE.csv.,no,,,,,,,,,,,,,,0
EA1299,CORE_REVIEW,DATABASE_MISSING,Hunt code is unresolved and is not present in DATABASE.csv.,no,,,,,,,,,,,,,,0
EA1300,CORE_REVIEW,DATABASE_MISSING,Hunt code is unresolved and is not present in DATABASE.csv.,no,,,,,,,,,,,,,,0
EA1301,CORE_REVIEW,DATABASE_MISSING,Hunt code is unresolved and is not present in DATABASE.csv.,no,,,,,,,,,,,,,,0
EA2000,CORE_REVIEW|PERMIT_UNRESOLVED|REMAINING_AFTER_3_SOURCE_RULE,REMAINING_UNRESOLVED_REVIEW,Still present in remaining-after-3-source unresolved split.,yes,Antlerless Elk Control,Elk,Antlerless,Any Legal Weapon,Antlerless Elk Control,Antlerless,5116,,,,,,,0
EA2033,REMAINING_AFTER_3_SOURCE_RULE,DATABASE_HAS_VALUE_NO_RECOMMENDED_VALUE,DATABASE has an allotment value but unresolved source winner has no value.,yes,Kamas,Elk,Antlerless,Archery,General Season,Antlerless,611,225,25,250,,,,0
EA2036,REMAINING_AFTER_3_SOURCE_RULE,DATABASE_HAS_VALUE_NO_RECOMMENDED_VALUE,DATABASE has an allotment value but unresolved source winner has no value.,yes,"Oquirrh-Stansbury, East",Elk,Antlerless,Any Legal Weapon,General Season,Antlerless,86,54,6,60,,,,0
EA2041,PERMIT_UNRESOLVED|REMAINING_AFTER_3_SOURCE_RULE,CONSERVATION_TABLE_DB_MATCH,Conservation source matches DATABASE conservation field.,yes,Cache (Conservation),Elk,Antlerless,Any Legal Weapon,Conservation,Conservation,29,,,6,,,,1
EA2045,PERMIT_UNRESOLVED|REMAINING_AFTER_3_SOURCE_RULE,CONSERVATION_TABLE_DB_MATCH,Conservation source matches DATABASE conservation field.,yes,Wasatch Mtns (Conservation),Elk,Antlerless,Any Legal Weapon,Conservation,Conservation,5118,,,10,,,,1
EB1000,CORE_REVIEW,SPORTSMAN_CONSERVATION_OVERLAP_REVIEW,Code is current sportsman in review set and also appears in conservation table; keep families separate.,yes,Elk - Statewide Permit,Elk,Bull,Any Legal Weapon,Statewide,Statewide Permit,5119,,,15,,,,1
EB1001,CORE_REVIEW|PERMIT_UNRESOLVED|REMAINING_AFTER_3_SOURCE_RULE,DATABASE_HAS_VALUE_NO_RECOMMENDED_VALUE,DATABASE has an allotment value but unresolved source winner has no value.,yes,Any Bull Elk Units,Elk,Bull,Any Legal Weapon,General Season - Any Bull,General Bull,5120,,,10,,,,0
EB1002,CORE_REVIEW|PERMIT_UNRESOLVED|REMAINING_AFTER_3_SOURCE_RULE,DATABASE_HAS_VALUE_NO_RECOMMENDED_VALUE,DATABASE has an allotment value but unresolved source winner has no value.,yes,Any Bull Elk Units,Elk,Bull,Muzzleloader,General Season - Any Bull,General Bull,5121,,,6,,,,0
EB1003,CORE_REVIEW|PERMIT_UNRESOLVED|REMAINING_AFTER_3_SOURCE_RULE,DATABASE_HAS_VALUE_NO_RECOMMENDED_VALUE,DATABASE has an allotment value but unresolved source winner has no value.,yes,Spike Only Units,Elk,Bull,Any Legal Weapon,General Season - Spike Bull,Spike Only,5122,,,16,,,,0
EB1004,CORE_REVIEW|PERMIT_UNRESOLVED|REMAINING_AFTER_3_SOURCE_RULE,DATABASE_HAS_VALUE_NO_RECOMMENDED_VALUE,DATABASE has an allotment value but unresolved source winner has no value.,yes,Spike Only Units,Elk,Bull,Muzzleloader,General Season - Spike Bull,Spike Only,5123,,,6,,,,0
EB1005,CORE_REVIEW|PERMIT_UNRESOLVED|REMAINING_AFTER_3_SOURCE_RULE,DATABASE_HAS_VALUE_NO_RECOMMENDED_VALUE,DATABASE has an allotment value but unresolved source winner has no value.,yes,Archery Hunters Choice Elk,Elk,Bull,Archery,General Season - Archery,General Bull,5124,,,16,,,,0
EB1009,CORE_REVIEW|PERMIT_UNRESOLVED|REMAINING_AFTER_3_SOURCE_RULE,REMAINING_UNRESOLVED_REVIEW,Still present in remaining-after-3-source unresolved split.,yes,Spike Only Elk Units - Multiseason,Elk,Bull,Multiseason,General Season - Spike Bull,Spike Only,5126,,,,,,,0
EB1010,CORE_REVIEW|PERMIT_UNRESOLVED|REMAINING_AFTER_3_SOURCE_RULE,DATABASE_HAS_VALUE_NO_RECOMMENDED_VALUE,DATABASE has an allotment value but unresolved source winner has no value.,yes,Any Bull Elk Units,Elk,Bull,Any Legal Weapon,General Season - Any Bull,General Bull,5127,,,17,,,,0
EB1011,CORE_REVIEW|PERMIT_UNRESOLVED|REMAINING_AFTER_3_SOURCE_RULE,REMAINING_UNRESOLVED_REVIEW,Still present in remaining-after-3-source unresolved split.,yes,Youth General Season Bull Elk,Elk,Bull,Any Legal Weapon,General Season - Youth,General Bull,5128,,,,,,,0
EB3000,PERMIT_UNRESOLVED|REMAINING_AFTER_3_SOURCE_RULE,DATABASE_MATCHES_RECOMMENDED,Unresolved source recommendation matches DATABASE allotment total.,yes,"Beaver, East",Elk,Bull,Archery,Limited Entry,Mature Bull,685,22,3,25,22,3,25,0
EB3003,PERMIT_UNRESOLVED|REMAINING_AFTER_3_SOURCE_RULE,DATABASE_MATCHES_RECOMMENDED,Unresolved source recommendation matches DATABASE allotment total.,yes,"Cache, Meadowville",Elk,Bull,Archery,Limited Entry,Mature Bull,33,9,1,10,9,1,10,0
EB3005,PERMIT_UNRESOLVED|REMAINING_AFTER_3_SOURCE_RULE,DATABASE_MATCHES_RECOMMENDED,Unresolved source recommendation matches DATABASE allotment total.,yes,"Cache, South",Elk,Bull,Archery,Limited Entry,Mature Bull,41,10,1,11,10,1,11,0
EB3006,PERMIT_UNRESOLVED|REMAINING_AFTER_3_SOURCE_RULE,DATABASE_MATCHES_RECOMMENDED,Unresolved source recommendation matches DATABASE allotment total.,yes,Manti,Elk,Bull,Archery,Limited Entry,Mature Bull,51,148,17,165,148,17,165,0
EB3008,PERMIT_UNRESOLVED|REMAINING_AFTER_3_SOURCE_RULE,DATABASE_MATCHES_RECOMMENDED,Unresolved source recommendation matches DATABASE allotment total.,yes,"Fillmore, Pahvant",Elk,Bull,Archery,Limited Entry,Mature Bull,88,19,2,21,19,2,21,0
EB3009,PERMIT_UNRESOLVED|REMAINING_AFTER_3_SOURCE_RULE,DATABASE_MATCHES_RECOMMENDED,Unresolved source recommendation matches DATABASE allotment total.,yes,La Sal Mtns,Elk,Bull,Archery,Limited Entry,Mature Bull,617,36,4,40,36,4,40,0
EB3011,PERMIT_UNRESOLVED|REMAINING_AFTER_3_SOURCE_RULE,DATABASE_MATCHES_RECOMMENDED,Unresolved source recommendation matches DATABASE allotment total.,yes,Mt Dutton,Elk,Bull,Archery,Limited Entry,Mature Bull,630,19,2,21,19,2,21,0
EB3015,PERMIT_UNRESOLVED|REMAINING_AFTER_3_SOURCE_RULE,DATABASE_MATCHES_RECOMMENDED,Unresolved source recommendation matches DATABASE allotment total.,yes,Panguitch Lake,Elk,Bull,Archery,Limited Entry,Mature Bull,634,17,2,19,17,2,19,0
EB3018,PERMIT_UNRESOLVED|REMAINING_AFTER_3_SOURCE_RULE,DATABASE_MATCHES_RECOMMENDED,Unresolved source recommendation matches DATABASE allotment total.,yes,Fishlake/Thousand Lakes,Elk,Bull,Archery,Limited Entry,Mature Bull,175,84,9,93,84,9,93,0
EB3019,PERMIT_UNRESOLVED|REMAINING_AFTER_3_SOURCE_RULE,DATABASE_MATCHES_RECOMMENDED,Unresolved source recommendation matches DATABASE allotment total.,yes,San Juan Bull Elk,Elk,Bull,Archery,Limited Entry,Mature Bull,183,29,3,32,29,3,32,0
EB3020,PERMIT_UNRESOLVED|REMAINING_AFTER_3_SOURCE_RULE,DATABASE_MATCHES_RECOMMENDED,Unresolved source recommendation matches DATABASE allotment total.,yes,Diamond Mtn,Elk,Bull,Archery,Limited Entry,Mature Bull,206,25,3,28,25,3,28,0
EB3022,PERMIT_UNRESOLVED|REMAINING_AFTER_3_SOURCE_RULE,DATABASE_MATCHES_RECOMMENDED,Unresolved source recommendation matches DATABASE allotment total.,yes,Wasatch Mtns,Elk,Bull,Archery,Limited Entry,Mature Bull,222,130,15,145,130,15,145,0
EB3025,PERMIT_UNRESOLVED|REMAINING_AFTER_3_SOURCE_RULE,DATABASE_MATCHES_RECOMMENDED,Unresolved source recommendation matches DATABASE allotment total.,yes,"Beaver, East",Elk,Bull,Late Any Legal Weapon,Limited Entry,Mature Bull,685,15,2,17,15,2,17,0
EB3036,PERMIT_UNRESOLVED|REMAINING_AFTER_3_SOURCE_RULE,DATABASE_MATCHES_RECOMMENDED,Unresolved source recommendation matches DATABASE allotment total.,yes,"Cache, South",Elk,Bull,Early Any Legal Weapon,Limited Entry,Mature Bull,41,4,0,4,4,0,4,0
EB3038,PERMIT_UNRESOLVED|REMAINING_AFTER_3_SOURCE_RULE,DATABASE_MATCHES_RECOMMENDED,Unresolved source recommendation matches DATABASE allotment total.,yes,Manti,Elk,Bull,Early Any Legal Weapon,Limited Entry,Mature Bull,51,61,7,68,61,7,68,0
EB3039,PERMIT_UNRESOLVED|REMAINING_AFTER_3_SOURCE_RULE,DATABASE_MATCHES_RECOMMENDED,Unresolved source recommendation matches DATABASE allotment total.,yes,Manti,Elk,Bull,Late Any Legal Weapon,Limited Entry,Mature Bull,51,102,11,113,102,11,113,0
EB3043,PERMIT_UNRESOLVED|REMAINING_AFTER_3_SOURCE_RULE,DATABASE_MATCHES_RECOMMENDED,Unresolved source recommendation matches DATABASE allotment total.,yes,"Fillmore, Pahvant",Elk,Bull,Late Any Legal Weapon,Limited Entry,Mature Bull,88,13,2,15,13,2,15,0
EB3045,PERMIT_UNRESOLVED|REMAINING_AFTER_3_SOURCE_RULE,DATABASE_MATCHES_RECOMMENDED,Unresolved source recommendation matches DATABASE allotment total.,yes,La Sal Mtns,Elk,Bull,Early Any Legal Weapon,Limited Entry,Mature Bull,617,14,2,16,14,2,16,0
EB3046,PERMIT_UNRESOLVED|REMAINING_AFTER_3_SOURCE_RULE,DATABASE_MATCHES_RECOMMENDED,Unresolved source recommendation matches DATABASE allotment total.,yes,La Sal Mtns,Elk,Bull,Late Any Legal Weapon,Limited Entry,Mature Bull,617,24,3,27,24,3,27,0
EB3050,PERMIT_UNRESOLVED|REMAINING_AFTER_3_SOURCE_RULE,DATABASE_MATCHES_RECOMMENDED,Unresolved source recommendation matches DATABASE allotment total.,yes,Mt Dutton,Elk,Bull,Late Any Legal Weapon,Limited Entry,Mature Bull,630,13,2,15,13,2,15,0
EB3056,PERMIT_UNRESOLVED|REMAINING_AFTER_3_SOURCE_RULE,DATABASE_MATCHES_RECOMMENDED,Unresolved source recommendation matches DATABASE allotment total.,yes,Panguitch Lake,Elk,Bull,Early Any Legal Weapon,Limited Entry,Mature Bull,634,7,1,8,7,1,8,0
EB3063,PERMIT_UNRESOLVED|REMAINING_AFTER_3_SOURCE_RULE,DATABASE_MATCHES_RECOMMENDED,Unresolved source recommendation matches DATABASE allotment total.,yes,Fishlake/Thousand Lakes,Elk,Bull,Early Any Legal Weapon,Limited Entry,Mature Bull,175,34,4,38,34,4,38,0
EB3064,PERMIT_UNRESOLVED|REMAINING_AFTER_3_SOURCE_RULE,DATABASE_MATCHES_RECOMMENDED,Unresolved source recommendation matches DATABASE allotment total.,yes,Fishlake/Thousand Lakes,Elk,Bull,Mid Any Legal Weapon,Limited Entry,Mature Bull,175,99,11,110,99,11,110,0
EB3065,PERMIT_UNRESOLVED|REMAINING_AFTER_3_SOURCE_RULE,DATABASE_MATCHES_RECOMMENDED,Unresolved source recommendation matches DATABASE allotment total.,yes,Fishlake/Thousand Lakes,Elk,Bull,Late Any Legal Weapon,Limited Entry,Mature Bull,175,57,6,63,57,6,63,0
EB3066,PERMIT_UNRESOLVED|REMAINING_AFTER_3_SOURCE_RULE,DATABASE_MATCHES_RECOMMENDED,Unresolved source recommendation matches DATABASE allotment total.,yes,San Juan Bull Elk,Elk,Bull,Early Any Legal Weapon,Limited Entry,Mature Bull,183,12,1,13,12,1,13,0
EB3068,PERMIT_UNRESOLVED|REMAINING_AFTER_3_SOURCE_RULE,DATABASE_MATCHES_RECOMMENDED,Unresolved source recommendation matches DATABASE allotment total.,yes,Diamond Mtn,Elk,Bull,Early Any Legal Weapon,Limited Entry,Mature Bull,206,10,1,11,10,1,11,0
EB3069,PERMIT_UNRESOLVED|REMAINING_AFTER_3_SOURCE_RULE,DATABASE_MATCHES_RECOMMENDED,Unresolved source recommendation matches DATABASE allotment total.,yes,Diamond Mtn,Elk,Bull,Mid Any Legal Weapon,Limited Entry,Mature Bull,206,30,3,33,30,3,33,0
EB3072,PERMIT_UNRESOLVED|REMAINING_AFTER_3_SOURCE_RULE,DATABASE_MATCHES_RECOMMENDED,Unresolved source recommendation matches DATABASE allotment total.,yes,Wasatch Mtns,Elk,Bull,Early Any Legal Weapon,Limited Entry,Mature Bull,222,54,6,60,54,6,60,0
EB3073,PERMIT_UNRESOLVED|REMAINING_AFTER_3_SOURCE_RULE,DATABASE_MATCHES_RECOMMENDED,Unresolved source recommendation matches DATABASE allotment total.,yes,Wasatch Mtns,Elk,Bull,Late Any Legal Weapon,Limited Entry,Mature Bull,222,89,10,99,89,10,99,0
EB3084,PERMIT_UNRESOLVED|REMAINING_AFTER_3_SOURCE_RULE,DATABASE_MATCHES_RECOMMENDED,Unresolved source recommendation matches DATABASE allotment total.,yes,Manti,Elk,Bull,Muzzleloader,Limited Entry,Mature Bull,51,89,10,99,89,10,99,0
EB3096,PERMIT_UNRESOLVED|REMAINING_AFTER_3_SOURCE_RULE,DATABASE_MATCHES_RECOMMENDED,Unresolved source recommendation matches DATABASE allotment total.,yes,Fishlake/Thousand Lakes,Elk,Bull,Muzzleloader,Limited Entry,Mature Bull,175,50,6,56,50,6,56,0
EB3100,PERMIT_UNRESOLVED|REMAINING_AFTER_3_SOURCE_RULE,DATABASE_MATCHES_RECOMMENDED,Unresolved source recommendation matches DATABASE allotment total.,yes,Wasatch Mtns,Elk,Bull,Muzzleloader,Limited Entry,Mature Bull,222,78,9,87,78,9,87,0
EB3124,PERMIT_UNRESOLVED|REMAINING_AFTER_3_SOURCE_RULE,DATABASE_MATCHES_RECOMMENDED,Unresolved source recommendation matches DATABASE allotment total.,yes,Wasatch Mtns,Elk,Bull,Multiseason,Limited Entry,Mature Bull,222,15,2,17,15,2,17,0
EB3126,PERMIT_UNRESOLVED|REMAINING_AFTER_3_SOURCE_RULE,DATABASE_MATCHES_RECOMMENDED,Unresolved source recommendation matches DATABASE allotment total.,yes,Manti,Elk,Bull,Mid Any Legal Weapon,Limited Entry,Mature Bull,51,175,20,195,175,20,195,0
EB3127,PERMIT_UNRESOLVED|REMAINING_AFTER_3_SOURCE_RULE,DATABASE_MATCHES_RECOMMENDED,Unresolved source recommendation matches DATABASE allotment total.,yes,Wasatch Mtns,Elk,Bull,Mid Any Legal Weapon,Limited Entry,Mature Bull,222,155,17,172,155,17,172,0
EB3128,PERMIT_UNRESOLVED|REMAINING_AFTER_3_SOURCE_RULE,CONSERVATION_TABLE_DB_MATCH,Conservation source matches DATABASE conservation field.,yes,"Box Elder, Grouse Creek",Elk,Bull,Multiseason,Conservation,Conservation,867,,,1,,,,1
EB3145,PERMIT_UNRESOLVED|REMAINING_AFTER_3_SOURCE_RULE,DATABASE_MATCHES_RECOMMENDED,Unresolved source recommendation matches DATABASE allotment total.,yes,Boulder,Elk,Bull,Archery,Limited Entry,Mature Bull,172,31,4,35,31,4,35,0
EB3146,PERMIT_UNRESOLVED|REMAINING_AFTER_3_SOURCE_RULE,DATABASE_MATCHES_RECOMMENDED,Unresolved source recommendation matches DATABASE allotment total.,yes,"Southwest Desert, South",Elk,Bull,Archery,Limited Entry,Mature Bull,872,39,4,43,39,4,43,0
EB3148,PERMIT_UNRESOLVED|REMAINING_AFTER_3_SOURCE_RULE,DATABASE_MATCHES_RECOMMENDED,Unresolved source recommendation matches DATABASE allotment total.,yes,Boulder,Elk,Bull,Early Any Legal Weapon,Limited Entry,Mature Bull,172,13,1,14,13,1,14,0
EB3149,PERMIT_UNRESOLVED|REMAINING_AFTER_3_SOURCE_RULE,DATABASE_MATCHES_RECOMMENDED,Unresolved source recommendation matches DATABASE allotment total.,yes,"Southwest Desert, South",Elk,Bull,Early Any Legal Weapon,Limited Entry,Mature Bull,872,16,2,18,16,2,18,0
EB3152,PERMIT_UNRESOLVED|REMAINING_AFTER_3_SOURCE_RULE,DATABASE_MATCHES_RECOMMENDED,Unresolved source recommendation matches DATABASE allotment total.,yes,"Southwest Desert, South",Elk,Bull,Late Any Legal Weapon,Limited Entry,Mature Bull,872,26,3,29,26,3,29,0
EB3158,PERMIT_UNRESOLVED|REMAINING_AFTER_3_SOURCE_RULE,CONSERVATION_TABLE_DB_MATCH,Conservation source matches DATABASE conservation field.,yes,"Beaver, East",Elk,Bull,Late Archery,Limited Entry,Mature Bull,685,18,2,20,18,2,20,1
EB3159,PERMIT_UNRESOLVED|REMAINING_AFTER_3_SOURCE_RULE,CONSERVATION_TABLE_DB_MATCH,Conservation source matches DATABASE conservation field.,yes,"Beaver, East",Elk,Bull,Mid Any Legal Weapon,Limited Entry,Mature Bull,685,27,3,30,27,3,30,1
EB3160,PERMIT_UNRESOLVED|REMAINING_AFTER_3_SOURCE_RULE,DATABASE_MATCHES_RECOMMENDED,Unresolved source recommendation matches DATABASE allotment total.,yes,"Book Cliffs, Bitter Creek/East",Elk,Bull,Archery,Limited Entry,Mature Bull,899,22,2,24,22,2,24,0
EB3163,PERMIT_UNRESOLVED|REMAINING_AFTER_3_SOURCE_RULE,DATABASE_MATCHES_RECOMMENDED,Unresolved source recommendation matches DATABASE allotment total.,yes,"Book Cliffs, Bitter Creek/East",Elk,Bull,Late Any Legal Weapon,Limited Entry,Mature Bull,899,14,2,16,14,2,16,0
EB3164,PERMIT_UNRESOLVED|REMAINING_AFTER_3_SOURCE_RULE,CONSERVATION_TABLE_DB_MATCH,Conservation source matches DATABASE conservation field.,yes,"Book Cliffs, Bitter Creek/East",Elk,Bull,Mid Any Legal Weapon,Limited Entry,Mature Bull,899,25,3,28,25,3,28,1
EB3168,CORE_REVIEW,DATABASE_HAS_VALUE_NO_RECOMMENDED_VALUE,DATABASE has an allotment value but unresolved source winner has no value.,yes,"Cache, Meadowville",Elk,Bull,Late Archery,Limited Entry,Mature Bull,33,4,1,5,,,,0
EB3173,PERMIT_UNRESOLVED|REMAINING_AFTER_3_SOURCE_RULE,DATABASE_MATCHES_RECOMMENDED,Unresolved source recommendation matches DATABASE allotment total.,yes,Nebo/San Pitch Mtns,Elk,Bull,Archery,Limited Entry,Mature Bull,901,29,3,32,29,3,32,0
EB3175,PERMIT_UNRESOLVED|REMAINING_AFTER_3_SOURCE_RULE,DATABASE_MATCHES_RECOMMENDED,Unresolved source recommendation matches DATABASE allotment total.,yes,Nebo/San Pitch Mtns,Elk,Bull,Early Any Legal Weapon,Limited Entry,Mature Bull,901,12,1,13,12,1,13,0
EB3177,PERMIT_UNRESOLVED|REMAINING_AFTER_3_SOURCE_RULE,DATABASE_MATCHES_RECOMMENDED,Unresolved source recommendation matches DATABASE allotment total.,yes,Nebo/San Pitch Mtns,Elk,Bull,Mid Any Legal Weapon,Limited Entry,Mature Bull,901,34,4,38,34,4,38,0
EB3183,PERMIT_UNRESOLVED|REMAINING_AFTER_3_SOURCE_RULE,CONSERVATION_TABLE_DB_MATCH,Conservation source matches DATABASE conservation field.,yes,La Sal Mtns,Elk,Bull,Mid Any Legal Weapon,Limited Entry,Mature Bull,617,42,5,47,42,5,47,1
EB3187,PERMIT_UNRESOLVED|REMAINING_AFTER_3_SOURCE_RULE,CONSERVATION_TABLE_DB_MATCH,Conservation source matches DATABASE conservation field.,yes,Mt Dutton,Elk,Bull,Mid Any Legal Weapon,Limited Entry,Mature Bull,630,22,3,25,22,3,25,1
EB3189,PERMIT_UNRESOLVED|REMAINING_AFTER_3_SOURCE_RULE,CONSERVATION_TABLE_DB_MATCH,Conservation source matches DATABASE conservation field.,yes,Panguitch Lake,Elk,Bull,Mid Any Legal Weapon,Limited Entry,Mature Bull,634,20,2,22,20,2,22,1
EB3191,PERMIT_UNRESOLVED|REMAINING_AFTER_3_SOURCE_RULE,CONSERVATION_TABLE_DB_MATCH,Conservation source matches DATABASE conservation field.,yes,Boulder,Elk,Bull,Mid Any Legal Weapon,Limited Entry,Mature Bull,172,37,4,41,37,4,41,1
EB3194,PERMIT_UNRESOLVED|REMAINING_AFTER_3_SOURCE_RULE,CONSERVATION_TABLE_DB_MATCH,Conservation source matches DATABASE conservation field.,yes,San Juan Bull Elk,Elk,Bull,Mid Any Legal Weapon,Limited Entry,Mature Bull,183,33,4,37,33,4,37,1
EB3198,PERMIT_UNRESOLVED|REMAINING_AFTER_3_SOURCE_RULE,CONSERVATION_TABLE_DB_MATCH,Conservation source matches DATABASE conservation field.,yes,"Southwest Desert, South",Elk,Bull,Mid Any Legal Weapon,Limited Entry,Mature Bull,872,46,5,51,46,5,51,1
EB3199,PERMIT_UNRESOLVED|REMAINING_AFTER_3_SOURCE_RULE,CONSERVATION_TABLE_DB_MATCH,Conservation source matches DATABASE conservation field.,yes,Wasatch Mtns,Elk,Bull,Late Archery,Limited Entry,Mature Bull,222,9,1,10,9,1,10,1
EB3209,PERMIT_UNRESOLVED|REMAINING_AFTER_3_SOURCE_RULE,CONSERVATION_TABLE_DB_MATCH,Conservation source matches DATABASE conservation field.,yes,"Box Elder, Pilot Mtn",Elk,Bull,Multiseason,Conservation,Conservation,683,,,1,,,,1
EB3561,CORE_REVIEW,DATABASE_HAS_VALUE_NO_RECOMMENDED_VALUE,DATABASE has an allotment value but unresolved source winner has no value.,yes,Two Bear CWMU,Elk,Bull,Any Legal Weapon,CWMU,,521,5,0,5,,,,0
EB3609,CORE_REVIEW,DATABASE_HAS_VALUE_NO_RECOMMENDED_VALUE,DATABASE has an allotment value but unresolved source winner has no value.,yes,Royal Ivory Outfitters CWMU,Elk,Bull,Any Legal Weapon,CWMU,,828,3,0,3,,,,0
EB3616,CORE_REVIEW,DATABASE_HAS_VALUE_NO_RECOMMENDED_VALUE,DATABASE has an allotment value but unresolved source winner has no value.,yes,Sweetwater CWMU,Elk,Bull,Any Legal Weapon,CWMU,,891,,,1,,,,0
EB3617,CORE_REVIEW,DATABASE_HAS_VALUE_NO_RECOMMENDED_VALUE,DATABASE has an allotment value but unresolved source winner has no value.,yes,Diamond Mountain CWMU,Elk,Bull,Any Legal Weapon,CWMU,,923,1,0,1,,,,0
EB3620,CORE_REVIEW,DATABASE_HAS_VALUE_NO_RECOMMENDED_VALUE,DATABASE has an allotment value but unresolved source winner has no value.,yes,The Dirty Dozen,Elk,Bull,Any Legal Weapon,CWMU,CWMU,923,1,0,1,,,,0
EL3000,PERMIT_UNRESOLVED|REMAINING_AFTER_3_SOURCE_RULE,REMAINING_UNRESOLVED_REVIEW,Still present in remaining-after-3-source unresolved split.,yes,Beaver East,Elk,Bull,Archery,Limited Entry - Private Land Only,Private Land Only,685,,,,,,,0
EL3002,PERMIT_UNRESOLVED|REMAINING_AFTER_3_SOURCE_RULE,REMAINING_UNRESOLVED_REVIEW,Still present in remaining-after-3-source unresolved split.,yes,Book Cliffs Little Creek Roadless,Elk,Bull,Archery,Limited Entry - Private Land Only,Private Land Only,12,,,,,,,0
EL3003,PERMIT_UNRESOLVED|REMAINING_AFTER_3_SOURCE_RULE,REMAINING_UNRESOLVED_REVIEW,Still present in remaining-after-3-source unresolved split.,yes,Cache Meadowville,Elk,Bull,Archery,Limited Entry - Private Land Only,Private Land Only,33,,,,,,,0
EL3005,PERMIT_UNRESOLVED|REMAINING_AFTER_3_SOURCE_RULE,REMAINING_UNRESOLVED_REVIEW,Still present in remaining-after-3-source unresolved split.,yes,Cache South,Elk,Bull,Archery,Limited Entry - Private Land Only,Private Land Only,41,,,,,,,0
EL3006,PERMIT_UNRESOLVED|REMAINING_AFTER_3_SOURCE_RULE,REMAINING_UNRESOLVED_REVIEW,Still present in remaining-after-3-source unresolved split.,yes,Manti,Elk,Bull,Archery,Limited Entry - Private Land Only,Private Land Only,51,,,,,,,0
EL3008,PERMIT_UNRESOLVED|REMAINING_AFTER_3_SOURCE_RULE,REMAINING_UNRESOLVED_REVIEW,Still present in remaining-after-3-source unresolved split.,yes,Fillmore Pahvant,Elk,Bull,Archery,Limited Entry - Private Land Only,Private Land Only,88,,,,,,,0
EL3009,PERMIT_UNRESOLVED|REMAINING_AFTER_3_SOURCE_RULE,REMAINING_UNRESOLVED_REVIEW,Still present in remaining-after-3-source unresolved split.,yes,La Sal La Sal Mtns,Elk,Bull,Archery,Limited Entry - Private Land Only,Private Land Only,617,,,,,,,0
EL3010,PERMIT_UNRESOLVED|REMAINING_AFTER_3_SOURCE_RULE,REMAINING_UNRESOLVED_REVIEW,Still present in remaining-after-3-source unresolved split.,yes,Monroe,Elk,Bull,Archery,Limited Entry - Private Land Only,Private Land Only,629,,,,,,,0
EL3011,PERMIT_UNRESOLVED|REMAINING_AFTER_3_SOURCE_RULE,REMAINING_UNRESOLVED_REVIEW,Still present in remaining-after-3-source unresolved split.,yes,Mt Dutton,Elk,Bull,Archery,Limited Entry - Private Land Only,Private Land Only,630,,,,,,,0
EL3013,PERMIT_UNRESOLVED|REMAINING_AFTER_3_SOURCE_RULE,REMAINING_UNRESOLVED_REVIEW,Still present in remaining-after-3-source unresolved split.,yes,North Slope Three Corners,Elk,Bull,Archery,Limited Entry - Private Land Only,Private Land Only,140,,,,,,,0
EL3015,PERMIT_UNRESOLVED|REMAINING_AFTER_3_SOURCE_RULE,REMAINING_UNRESOLVED_REVIEW,Still present in remaining-after-3-source unresolved split.,yes,Panguitch Lake,Elk,Bull,Archery,Limited Entry - Private Land Only,Private Land Only,634,,,,,,,0
EL3018,PERMIT_UNRESOLVED|REMAINING_AFTER_3_SOURCE_RULE,REMAINING_UNRESOLVED_REVIEW,Still present in remaining-after-3-source unresolved split.,yes,Fishlake/Thousand Lakes,Elk,Bull,Archery,Limited Entry - Private Land Only,Private Land Only,175,,,,,,,0
EL3019,PERMIT_UNRESOLVED|REMAINING_AFTER_3_SOURCE_RULE,REMAINING_UNRESOLVED_REVIEW,Still present in remaining-after-3-source unresolved split.,yes,San Juan Bull Elk,Elk,Bull,Archery,Limited Entry - Private Land Only,Private Land Only,183,,,,,,,0
EL3020,PERMIT_UNRESOLVED|REMAINING_AFTER_3_SOURCE_RULE,REMAINING_UNRESOLVED_REVIEW,Still present in remaining-after-3-source unresolved split.,yes,Diamond Mtn,Elk,Bull,Archery,Limited Entry - Private Land Only,Private Land Only,206,,,,,,,0
EL3022,PERMIT_UNRESOLVED|REMAINING_AFTER_3_SOURCE_RULE,REMAINING_UNRESOLVED_REVIEW,Still present in remaining-after-3-source unresolved split.,yes,Wasatch Mtns,Elk,Bull,Archery,Limited Entry - Private Land Only,Private Land Only,222,,,,,,,0
EL3024,PERMIT_UNRESOLVED|REMAINING_AFTER_3_SOURCE_RULE,REMAINING_UNRESOLVED_REVIEW,Still present in remaining-after-3-source unresolved split.,yes,Beaver East,Elk,Bull,Any Legal Weapon,Limited Entry - Private Land Only,Private Land Only,685,,,,,,,0
EL3025,PERMIT_UNRESOLVED|REMAINING_AFTER_3_SOURCE_RULE,REMAINING_UNRESOLVED_REVIEW,Still present in remaining-after-3-source unresolved split.,yes,Beaver East,Elk,Bull,Any Legal Weapon,Limited Entry - Private Land Only,Private Land Only,685,,,,,,,0
EL3028,PERMIT_UNRESOLVED|REMAINING_AFTER_3_SOURCE_RULE,REMAINING_UNRESOLVED_REVIEW,Still present in remaining-after-3-source unresolved split.,yes,Book Cliffs Little Creek Roadless,Elk,Bull,Any Legal Weapon,Limited Entry - Private Land Only,Private Land Only,12,,,,,,,0
EL3031,PERMIT_UNRESOLVED|REMAINING_AFTER_3_SOURCE_RULE,REMAINING_UNRESOLVED_REVIEW,Still present in remaining-after-3-source unresolved split.,yes,Box Elder Pilot Mtn,Elk,Bull,Any Legal Weapon,Limited Entry - Private Land Only,Private Land Only,682,,,,,,,0
EL3032,PERMIT_UNRESOLVED|REMAINING_AFTER_3_SOURCE_RULE,REMAINING_UNRESOLVED_REVIEW,Still present in remaining-after-3-source unresolved split.,yes,Cache Meadowville,Elk,Bull,Any Legal Weapon,Limited Entry - Private Land Only,Private Land Only,33,,,,,,,0
EL3033,PERMIT_UNRESOLVED|REMAINING_AFTER_3_SOURCE_RULE,REMAINING_UNRESOLVED_REVIEW,Still present in remaining-after-3-source unresolved split.,yes,Cache Meadowville,Elk,Bull,Any Legal Weapon,Limited Entry - Private Land Only,Private Land Only,33,,,,,,,0
EL3036,PERMIT_UNRESOLVED|REMAINING_AFTER_3_SOURCE_RULE,REMAINING_UNRESOLVED_REVIEW,Still present in remaining-after-3-source unresolved split.,yes,Cache South,Elk,Bull,Any Legal Weapon,Limited Entry - Private Land Only,Private Land Only,41,,,,,,,0
EL3037,PERMIT_UNRESOLVED|REMAINING_AFTER_3_SOURCE_RULE,REMAINING_UNRESOLVED_REVIEW,Still present in remaining-after-3-source unresolved split.,yes,Cache South,Elk,Bull,Any Legal Weapon,Limited Entry - Private Land Only,Private Land Only,41,,,,,,,0
EL3038,PERMIT_UNRESOLVED|REMAINING_AFTER_3_SOURCE_RULE,REMAINING_UNRESOLVED_REVIEW,Still present in remaining-after-3-source unresolved split.,yes,Manti,Elk,Bull,Any Legal Weapon,Limited Entry - Private Land Only,Private Land Only,51,,,,,,,0
EL3039,PERMIT_UNRESOLVED|REMAINING_AFTER_3_SOURCE_RULE,REMAINING_UNRESOLVED_REVIEW,Still present in remaining-after-3-source unresolved split.,yes,Manti,Elk,Bull,Any Legal Weapon,Limited Entry - Private Land Only,Private Land Only,51,,,,,,,0
EL3042,PERMIT_UNRESOLVED|REMAINING_AFTER_3_SOURCE_RULE,REMAINING_UNRESOLVED_REVIEW,Still present in remaining-after-3-source unresolved split.,yes,Fillmore Pahvant,Elk,Bull,Any Legal Weapon,Limited Entry - Private Land Only,Private Land Only,88,,,,,,,0
EL3043,PERMIT_UNRESOLVED|REMAINING_AFTER_3_SOURCE_RULE,REMAINING_UNRESOLVED_REVIEW,Still present in remaining-after-3-source unresolved split.,yes,Fillmore Pahvant,Elk,Bull,Any Legal Weapon,Limited Entry - Private Land Only,Private Land Only,88,,,,,,,0
EL3044,PERMIT_UNRESOLVED|REMAINING_AFTER_3_SOURCE_RULE,REMAINING_UNRESOLVED_REVIEW,Still present in remaining-after-3-source unresolved split.,yes,La Sal Dolores Triangle,Elk,Bull,Any Legal Weapon,Limited Entry - Private Land Only,Private Land Only,108,,,,,,,0
EL3045,PERMIT_UNRESOLVED|REMAINING_AFTER_3_SOURCE_RULE,REMAINING_UNRESOLVED_REVIEW,Still present in remaining-after-3-source unresolved split.,yes,La Sal La Sal Mtns,Elk,Bull,Any Legal Weapon,Limited Entry - Private Land Only,Private Land Only,617,,,,,,,0
EL3046,PERMIT_UNRESOLVED|REMAINING_AFTER_3_SOURCE_RULE,REMAINING_UNRESOLVED_REVIEW,Still present in remaining-after-3-source unresolved split.,yes,La Sal La Sal Mtns,Elk,Bull,Any Legal Weapon,Limited Entry - Private Land Only,Private Land Only,617,,,,,,,0
EL3047,PERMIT_UNRESOLVED|REMAINING_AFTER_3_SOURCE_RULE,REMAINING_UNRESOLVED_REVIEW,Still present in remaining-after-3-source unresolved split.,yes,Monroe,Elk,Bull,Any Legal Weapon,Limited Entry - Private Land Only,Private Land Only,629,,,,,,,0
EL3048,PERMIT_UNRESOLVED|REMAINING_AFTER_3_SOURCE_RULE,REMAINING_UNRESOLVED_REVIEW,Still present in remaining-after-3-source unresolved split.,yes,Monroe,Elk,Bull,Any Legal Weapon,Limited Entry - Private Land Only,Private Land Only,629,,,,,,,0
EL3049,PERMIT_UNRESOLVED|REMAINING_AFTER_3_SOURCE_RULE,REMAINING_UNRESOLVED_REVIEW,Still present in remaining-after-3-source unresolved split.,yes,Mt Dutton,Elk,Bull,Any Legal Weapon,Limited Entry - Private Land Only,Private Land Only,630,,,,,,,0
EL3050,PERMIT_UNRESOLVED|REMAINING_AFTER_3_SOURCE_RULE,REMAINING_UNRESOLVED_REVIEW,Still present in remaining-after-3-source unresolved split.,yes,Mt Dutton,Elk,Bull,Any Legal Weapon,Limited Entry - Private Land Only,Private Land Only,630,,,,,,,0
EL3053,PERMIT_UNRESOLVED|REMAINING_AFTER_3_SOURCE_RULE,REMAINING_UNRESOLVED_REVIEW,Still present in remaining-after-3-source unresolved split.,yes,North Slope Three Corners,Elk,Bull,Any Legal Weapon,Limited Entry - Private Land Only,Private Land Only,140,,,,,,,0
EL3056,PERMIT_UNRESOLVED|REMAINING_AFTER_3_SOURCE_RULE,REMAINING_UNRESOLVED_REVIEW,Still present in remaining-after-3-source unresolved split.,yes,Panguitch Lake,Elk,Bull,Any Legal Weapon,Limited Entry - Private Land Only,Private Land Only,634,,,,,,,0
EL3057,PERMIT_UNRESOLVED|REMAINING_AFTER_3_SOURCE_RULE,REMAINING_UNRESOLVED_REVIEW,Still present in remaining-after-3-source unresolved split.,yes,Panguitch Lake,Elk,Bull,Any Legal Weapon,Limited Entry - Private Land Only,Private Land Only,634,,,,,,,0
EL3063,PERMIT_UNRESOLVED|REMAINING_AFTER_3_SOURCE_RULE,REMAINING_UNRESOLVED_REVIEW,Still present in remaining-after-3-source unresolved split.,yes,Fishlake/Thousand Lakes,Elk,Bull,Any Legal Weapon,Limited Entry - Private Land Only,Private Land Only,175,,,,,,,0
EL3064,PERMIT_UNRESOLVED|REMAINING_AFTER_3_SOURCE_RULE,REMAINING_UNRESOLVED_REVIEW,Still present in remaining-after-3-source unresolved split.,yes,Fishlake/Thousand Lakes,Elk,Bull,Any Legal Weapon,Limited Entry - Private Land Only,Private Land Only,175,,,,,,,0
EL3065,PERMIT_UNRESOLVED|REMAINING_AFTER_3_SOURCE_RULE,REMAINING_UNRESOLVED_REVIEW,Still present in remaining-after-3-source unresolved split.,yes,Fishlake/Thousand Lakes,Elk,Bull,Any Legal Weapon,Limited Entry - Private Land Only,Private Land Only,175,,,,,,,0
EL3066,PERMIT_UNRESOLVED|REMAINING_AFTER_3_SOURCE_RULE,REMAINING_UNRESOLVED_REVIEW,Still present in remaining-after-3-source unresolved split.,yes,San Juan Bull Elk,Elk,Bull,Any Legal Weapon,Limited Entry - Private Land Only,Private Land Only,183,,,,,,,0
EL3067,PERMIT_UNRESOLVED|REMAINING_AFTER_3_SOURCE_RULE,REMAINING_UNRESOLVED_REVIEW,Still present in remaining-after-3-source unresolved split.,yes,San Juan Bull Elk,Elk,Bull,Any Legal Weapon,Limited Entry - Private Land Only,Private Land Only,183,,,,,,,0
EL3068,PERMIT_UNRESOLVED|REMAINING_AFTER_3_SOURCE_RULE,REMAINING_UNRESOLVED_REVIEW,Still present in remaining-after-3-source unresolved split.,yes,Diamond Mtn,Elk,Bull,Any Legal Weapon,Limited Entry - Private Land Only,Private Land Only,206,,,,,,,0
EL3069,PERMIT_UNRESOLVED|REMAINING_AFTER_3_SOURCE_RULE,REMAINING_UNRESOLVED_REVIEW,Still present in remaining-after-3-source unresolved split.,yes,Diamond Mtn,Elk,Bull,Any Legal Weapon,Limited Entry - Private Land Only,Private Land Only,206,,,,,,,0
EL3072,PERMIT_UNRESOLVED|REMAINING_AFTER_3_SOURCE_RULE,REMAINING_UNRESOLVED_REVIEW,Still present in remaining-after-3-source unresolved split.,yes,Wasatch Mtns,Elk,Bull,Any Legal Weapon,Limited Entry - Private Land Only,Private Land Only,222,,,,,,,0
EL3073,PERMIT_UNRESOLVED|REMAINING_AFTER_3_SOURCE_RULE,REMAINING_UNRESOLVED_REVIEW,Still present in remaining-after-3-source unresolved split.,yes,Wasatch Mtns,Elk,Bull,Any Legal Weapon,Limited Entry - Private Land Only,Private Land Only,222,,,,,,,0
EL3077,PERMIT_UNRESOLVED|REMAINING_AFTER_3_SOURCE_RULE,REMAINING_UNRESOLVED_REVIEW,Still present in remaining-after-3-source unresolved split.,yes,Beaver East,Elk,Bull,Muzzleloader,Limited Entry - Private Land Only,Private Land Only,685,,,,,,,0
EL3079,PERMIT_UNRESOLVED|REMAINING_AFTER_3_SOURCE_RULE,REMAINING_UNRESOLVED_REVIEW,Still present in remaining-after-3-source unresolved split.,yes,Book Cliffs Little Creek Roadless,Elk,Bull,Muzzleloader,Limited Entry - Private Land Only,Private Land Only,12,,,,,,,0
EL3081,PERMIT_UNRESOLVED|REMAINING_AFTER_3_SOURCE_RULE,REMAINING_UNRESOLVED_REVIEW,Still present in remaining-after-3-source unresolved split.,yes,Cache Meadowville,Elk,Bull,Muzzleloader,Limited Entry - Private Land Only,Private Land Only,33,,,,,,,0
EL3083,PERMIT_UNRESOLVED|REMAINING_AFTER_3_SOURCE_RULE,REMAINING_UNRESOLVED_REVIEW,Still present in remaining-after-3-source unresolved split.,yes,Cache South,Elk,Bull,Muzzleloader,Limited Entry - Private Land Only,Private Land Only,41,,,,,,,0
EL3084,PERMIT_UNRESOLVED|REMAINING_AFTER_3_SOURCE_RULE,REMAINING_UNRESOLVED_REVIEW,Still present in remaining-after-3-source unresolved split.,yes,Manti,Elk,Bull,Muzzleloader,Limited Entry - Private Land Only,Private Land Only,51,,,,,,,0
EL3086,PERMIT_UNRESOLVED|REMAINING_AFTER_3_SOURCE_RULE,REMAINING_UNRESOLVED_REVIEW,Still present in remaining-after-3-source unresolved split.,yes,Fillmore Pahvant,Elk,Bull,Muzzleloader,Limited Entry - Private Land Only,Private Land Only,88,,,,,,,0
EL3087,PERMIT_UNRESOLVED|REMAINING_AFTER_3_SOURCE_RULE,REMAINING_UNRESOLVED_REVIEW,Still present in remaining-after-3-source unresolved split.,yes,La Sal La Sal Mtns,Elk,Bull,Muzzleloader,Limited Entry - Private Land Only,Private Land Only,617,,,,,,,0
EL3088,PERMIT_UNRESOLVED|REMAINING_AFTER_3_SOURCE_RULE,REMAINING_UNRESOLVED_REVIEW,Still present in remaining-after-3-source unresolved split.,yes,Monroe,Elk,Bull,Muzzleloader,Limited Entry - Private Land Only,Private Land Only,629,,,,,,,0
EL3089,PERMIT_UNRESOLVED|REMAINING_AFTER_3_SOURCE_RULE,REMAINING_UNRESOLVED_REVIEW,Still present in remaining-after-3-source unresolved split.,yes,Mt Dutton,Elk,Bull,Muzzleloader,Limited Entry - Private Land Only,Private Land Only,630,,,,,,,0
EL3091,PERMIT_UNRESOLVED|REMAINING_AFTER_3_SOURCE_RULE,REMAINING_UNRESOLVED_REVIEW,Still present in remaining-after-3-source unresolved split.,yes,North Slope Three Corners,Elk,Bull,Muzzleloader,Limited Entry - Private Land Only,Private Land Only,140,,,,,,,0
EL3093,PERMIT_UNRESOLVED|REMAINING_AFTER_3_SOURCE_RULE,REMAINING_UNRESOLVED_REVIEW,Still present in remaining-after-3-source unresolved split.,yes,Panguitch Lake,Elk,Bull,Muzzleloader,Limited Entry - Private Land Only,Private Land Only,634,,,,,,,0
EL3096,PERMIT_UNRESOLVED|REMAINING_AFTER_3_SOURCE_RULE,REMAINING_UNRESOLVED_REVIEW,Still present in remaining-after-3-source unresolved split.,yes,Fishlake/Thousand Lakes,Elk,Bull,Muzzleloader,Limited Entry - Private Land Only,Private Land Only,175,,,,,,,0
EL3097,PERMIT_UNRESOLVED|REMAINING_AFTER_3_SOURCE_RULE,REMAINING_UNRESOLVED_REVIEW,Still present in remaining-after-3-source unresolved split.,yes,San Juan Bull Elk,Elk,Bull,Muzzleloader,Limited Entry - Private Land Only,Private Land Only,183,,,,,,,0
EL3098,PERMIT_UNRESOLVED|REMAINING_AFTER_3_SOURCE_RULE,REMAINING_UNRESOLVED_REVIEW,Still present in remaining-after-3-source unresolved split.,yes,Diamond Mtn,Elk,Bull,Muzzleloader,Limited Entry - Private Land Only,Private Land Only,206,,,,,,,0
EL3100,PERMIT_UNRESOLVED|REMAINING_AFTER_3_SOURCE_RULE,REMAINING_UNRESOLVED_REVIEW,Still present in remaining-after-3-source unresolved split.,yes,Wasatch Mtns,Elk,Bull,Muzzleloader,Limited Entry - Private Land Only,Private Land Only,222,,,,,,,0
EL3126,PERMIT_UNRESOLVED|REMAINING_AFTER_3_SOURCE_RULE,REMAINING_UNRESOLVED_REVIEW,Still present in remaining-after-3-source unresolved split.,yes,Manti,Elk,Bull,Any Legal Weapon,Limited Entry - Private Land Only,Private Land Only,51,,,,,,,0
EL3127,PERMIT_UNRESOLVED|REMAINING_AFTER_3_SOURCE_RULE,REMAINING_UNRESOLVED_REVIEW,Still present in remaining-after-3-source unresolved split.,yes,Wasatch Mtns,Elk,Bull,Any Legal Weapon,Limited Entry - Private Land Only,Private Land Only,222,,,,,,,0
EL3130,PERMIT_UNRESOLVED|REMAINING_AFTER_3_SOURCE_RULE,REMAINING_UNRESOLVED_REVIEW,Still present in remaining-after-3-source unresolved split.,yes,Box Elder Pilot Mtn,Elk,Bull,Archery,Limited Entry - Private Land Only,Private Land Only,682,,,,,,,0
EL3132,PERMIT_UNRESOLVED|REMAINING_AFTER_3_SOURCE_RULE,REMAINING_UNRESOLVED_REVIEW,Still present in remaining-after-3-source unresolved split.,yes,Cache North,Elk,Bull,Archery,Limited Entry - Private Land Only,Private Land Only,36,,,,,,,0
EL3135,PERMIT_UNRESOLVED|REMAINING_AFTER_3_SOURCE_RULE,REMAINING_UNRESOLVED_REVIEW,Still present in remaining-after-3-source unresolved split.,yes,Barney Top/Kaiparowits,Elk,Bull,Archery,Limited Entry - Private Land Only,Private Land Only,869,,,,,,,0
EL3136,PERMIT_UNRESOLVED|REMAINING_AFTER_3_SOURCE_RULE,REMAINING_UNRESOLVED_REVIEW,Still present in remaining-after-3-source unresolved split.,yes,Southwest Desert North,Elk,Bull,Archery,Limited Entry - Private Land Only,Private Land Only,871,,,,,,,0
EL3137,PERMIT_UNRESOLVED|REMAINING_AFTER_3_SOURCE_RULE,REMAINING_UNRESOLVED_REVIEW,Still present in remaining-after-3-source unresolved split.,yes,West Desert Deep Creek,Elk,Bull,Archery,Limited Entry - Private Land Only,Private Land Only,241,,,,,,,0
EL3139,PERMIT_UNRESOLVED|REMAINING_AFTER_3_SOURCE_RULE,REMAINING_UNRESOLVED_REVIEW,Still present in remaining-after-3-source unresolved split.,yes,Cache North,Elk,Bull,"HAMSS (Handgun, Archery, Muzzleloader, Shotgun or Straight-walled rifle)",Limited Entry - Private Land Only,Private Land Only,36,,,,,,,0
EL3142,PERMIT_UNRESOLVED|REMAINING_AFTER_3_SOURCE_RULE,REMAINING_UNRESOLVED_REVIEW,Still present in remaining-after-3-source unresolved split.,yes,Barney Top/Kaiparowits,Elk,Bull,"HAMSS (Handgun, Archery, Muzzleloader, Shotgun or Straight-walled rifle)",Limited Entry - Private Land Only,Private Land Only,869,,,,,,,0
EL3143,PERMIT_UNRESOLVED|REMAINING_AFTER_3_SOURCE_RULE,REMAINING_UNRESOLVED_REVIEW,Still present in remaining-after-3-source unresolved split.,yes,Southwest Desert North,Elk,Bull,"HAMSS (Handgun, Archery, Muzzleloader, Shotgun or Straight-walled rifle)",Limited Entry - Private Land Only,Private Land Only,871,,,,,,,0
EL3144,PERMIT_UNRESOLVED|REMAINING_AFTER_3_SOURCE_RULE,REMAINING_UNRESOLVED_REVIEW,Still present in remaining-after-3-source unresolved split.,yes,West Desert Deep Creek,Elk,Bull,"HAMSS (Handgun, Archery, Muzzleloader, Shotgun or Straight-walled rifle)",Limited Entry - Private Land Only,Private Land Only,241,,,,,,,0
EL3145,PERMIT_UNRESOLVED|REMAINING_AFTER_3_SOURCE_RULE,REMAINING_UNRESOLVED_REVIEW,Still present in remaining-after-3-source unresolved split.,yes,Boulder,Elk,Bull,Archery,Limited Entry - Private Land Only,Private Land Only,172,,,,,,,0
EL3146,PERMIT_UNRESOLVED|REMAINING_AFTER_3_SOURCE_RULE,REMAINING_UNRESOLVED_REVIEW,Still present in remaining-after-3-source unresolved split.,yes,Southwest Desert South,Elk,Bull,Archery,Limited Entry - Private Land Only,Private Land Only,872,,,,,,,0
EL3147,PERMIT_UNRESOLVED|REMAINING_AFTER_3_SOURCE_RULE,REMAINING_UNRESOLVED_REVIEW,Still present in remaining-after-3-source unresolved split.,yes,Box Elder Grouse Creek,Elk,Bull,Any Legal Weapon,Limited Entry - Private Land Only,Private Land Only,867,,,,,,,0
EL3148,PERMIT_UNRESOLVED|REMAINING_AFTER_3_SOURCE_RULE,REMAINING_UNRESOLVED_REVIEW,Still present in remaining-after-3-source unresolved split.,yes,Boulder,Elk,Bull,Any Legal Weapon,Limited Entry - Private Land Only,Private Land Only,172,,,,,,,0
EL3149,PERMIT_UNRESOLVED|REMAINING_AFTER_3_SOURCE_RULE,REMAINING_UNRESOLVED_REVIEW,Still present in remaining-after-3-source unresolved split.,yes,Southwest Desert South,Elk,Bull,Any Legal Weapon,Limited Entry - Private Land Only,Private Land Only,872,,,,,,,0
EL3150,PERMIT_UNRESOLVED|REMAINING_AFTER_3_SOURCE_RULE,REMAINING_UNRESOLVED_REVIEW,Still present in remaining-after-3-source unresolved split.,yes,Box Elder Grouse Creek,Elk,Bull,Any Legal Weapon,Limited Entry - Private Land Only,Private Land Only,867,,,,,,,0
EL3151,PERMIT_UNRESOLVED|REMAINING_AFTER_3_SOURCE_RULE,REMAINING_UNRESOLVED_REVIEW,Still present in remaining-after-3-source unresolved split.,yes,Boulder,Elk,Bull,Any Legal Weapon,Limited Entry - Private Land Only,Private Land Only,172,,,,,,,0
EL3152,PERMIT_UNRESOLVED|REMAINING_AFTER_3_SOURCE_RULE,REMAINING_UNRESOLVED_REVIEW,Still present in remaining-after-3-source unresolved split.,yes,Southwest Desert South,Elk,Bull,Any Legal Weapon,Limited Entry - Private Land Only,Private Land Only,872,,,,,,,0
EL3153,PERMIT_UNRESOLVED|REMAINING_AFTER_3_SOURCE_RULE,REMAINING_UNRESOLVED_REVIEW,Still present in remaining-after-3-source unresolved split.,yes,Box Elder Grouse Creek,Elk,Bull,Muzzleloader,Limited Entry - Private Land Only,Private Land Only,867,,,,,,,0
EL3154,PERMIT_UNRESOLVED|REMAINING_AFTER_3_SOURCE_RULE,REMAINING_UNRESOLVED_REVIEW,Still present in remaining-after-3-source unresolved split.,yes,Boulder,Elk,Bull,Muzzleloader,Limited Entry - Private Land Only,Private Land Only,172,,,,,,,0
EL3155,PERMIT_UNRESOLVED|REMAINING_AFTER_3_SOURCE_RULE,REMAINING_UNRESOLVED_REVIEW,Still present in remaining-after-3-source unresolved split.,yes,Southwest Desert South,Elk,Bull,Muzzleloader,Limited Entry - Private Land Only,Private Land Only,872,,,,,,,0
EL3158,PERMIT_UNRESOLVED|REMAINING_AFTER_3_SOURCE_RULE,REMAINING_UNRESOLVED_REVIEW,Still present in remaining-after-3-source unresolved split.,yes,Beaver East,Elk,Bull,Archery,Limited Entry - Private Land Only,Private Land Only,685,,,,,,,0
EL3159,PERMIT_UNRESOLVED|REMAINING_AFTER_3_SOURCE_RULE,REMAINING_UNRESOLVED_REVIEW,Still present in remaining-after-3-source unresolved split.,yes,Beaver East,Elk,Bull,Any Legal Weapon,Limited Entry - Private Land Only,Private Land Only,685,,,,,,,0
EL3160,PERMIT_UNRESOLVED|REMAINING_AFTER_3_SOURCE_RULE,REMAINING_UNRESOLVED_REVIEW,Still present in remaining-after-3-source unresolved split.,yes,Book Cliffs Bitter Creek/East,Elk,Bull,Archery,Limited Entry - Private Land Only,Private Land Only,899,,,,,,,0
EL3161,PERMIT_UNRESOLVED|REMAINING_AFTER_3_SOURCE_RULE,REMAINING_UNRESOLVED_REVIEW,Still present in remaining-after-3-source unresolved split.,yes,Book Cliffs Bitter Creek/East,Elk,Bull,Archery,Limited Entry - Private Land Only,Private Land Only,899,,,,,,,0
EL3162,PERMIT_UNRESOLVED|REMAINING_AFTER_3_SOURCE_RULE,REMAINING_UNRESOLVED_REVIEW,Still present in remaining-after-3-source unresolved split.,yes,Book Cliffs Bitter Creek/East,Elk,Bull,Any Legal Weapon,Limited Entry - Private Land Only,Private Land Only,899,,,,,,,0
EL3163,PERMIT_UNRESOLVED|REMAINING_AFTER_3_SOURCE_RULE,REMAINING_UNRESOLVED_REVIEW,Still present in remaining-after-3-source unresolved split.,yes,Book Cliffs Bitter Creek/East,Elk,Bull,Any Legal Weapon,Limited Entry - Private Land Only,Private Land Only,899,,,,,,,0
EL3164,PERMIT_UNRESOLVED|REMAINING_AFTER_3_SOURCE_RULE,REMAINING_UNRESOLVED_REVIEW,Still present in remaining-after-3-source unresolved split.,yes,Book Cliffs Bitter Creek/East,Elk,Bull,Any Legal Weapon,Limited Entry - Private Land Only,Private Land Only,899,,,,,,,0
EL3166,PERMIT_UNRESOLVED|REMAINING_AFTER_3_SOURCE_RULE,REMAINING_UNRESOLVED_REVIEW,Still present in remaining-after-3-source unresolved split.,yes,Book Cliffs Bitter Creek/East,Elk,Bull,Muzzleloader,Limited Entry - Private Land Only,Private Land Only,899,,,,,,,0
EL3167,PERMIT_UNRESOLVED|REMAINING_AFTER_3_SOURCE_RULE,REMAINING_UNRESOLVED_REVIEW,Still present in remaining-after-3-source unresolved split.,yes,Book Cliffs Little Creek Roadless,Elk,Bull,Any Legal Weapon,Limited Entry - Private Land Only,Private Land Only,12,,,,,,,0
EL3168,PERMIT_UNRESOLVED|REMAINING_AFTER_3_SOURCE_RULE,REMAINING_UNRESOLVED_REVIEW,Still present in remaining-after-3-source unresolved split.,yes,Cache Meadowville,Elk,Bull,Archery,Limited Entry - Private Land Only,Private Land Only,33,,,,,,,0
EL3169,PERMIT_UNRESOLVED|REMAINING_AFTER_3_SOURCE_RULE,REMAINING_UNRESOLVED_REVIEW,Still present in remaining-after-3-source unresolved split.,yes,Cache Meadowville,Elk,Bull,Any Legal Weapon,Limited Entry - Private Land Only,Private Land Only,33,,,,,,,0
EL3170,PERMIT_UNRESOLVED|REMAINING_AFTER_3_SOURCE_RULE,REMAINING_UNRESOLVED_REVIEW,Still present in remaining-after-3-source unresolved split.,yes,Cache South,Elk,Bull,Archery,Limited Entry - Private Land Only,Private Land Only,41,,,,,,,0
EL3171,PERMIT_UNRESOLVED|REMAINING_AFTER_3_SOURCE_RULE,REMAINING_UNRESOLVED_REVIEW,Still present in remaining-after-3-source unresolved split.,yes,Cache South,Elk,Bull,Any Legal Weapon,Limited Entry - Private Land Only,Private Land Only,41,,,,,,,0
EL3172,PERMIT_UNRESOLVED|REMAINING_AFTER_3_SOURCE_RULE,REMAINING_UNRESOLVED_REVIEW,Still present in remaining-after-3-source unresolved split.,yes,Manti,Elk,Bull,Archery,Limited Entry - Private Land Only,Private Land Only,51,,,,,,,0
EL3173,PERMIT_UNRESOLVED|REMAINING_AFTER_3_SOURCE_RULE,REMAINING_UNRESOLVED_REVIEW,Still present in remaining-after-3-source unresolved split.,yes,Nebo/San Pitch Mtns,Elk,Bull,Archery,Limited Entry - Private Land Only,Private Land Only,901,,,,,,,0
EL3174,PERMIT_UNRESOLVED|REMAINING_AFTER_3_SOURCE_RULE,REMAINING_UNRESOLVED_REVIEW,Still present in remaining-after-3-source unresolved split.,yes,Nebo/San Pitch Mtns,Elk,Bull,Archery,Limited Entry - Private Land Only,Private Land Only,901,,,,,,,0
EL3175,PERMIT_UNRESOLVED|REMAINING_AFTER_3_SOURCE_RULE,REMAINING_UNRESOLVED_REVIEW,Still present in remaining-after-3-source unresolved split.,yes,Nebo/San Pitch Mtns,Elk,Bull,Any Legal Weapon,Limited Entry - Private Land Only,Private Land Only,901,,,,,,,0
EL3176,PERMIT_UNRESOLVED|REMAINING_AFTER_3_SOURCE_RULE,REMAINING_UNRESOLVED_REVIEW,Still present in remaining-after-3-source unresolved split.,yes,Nebo/San Pitch Mtns,Elk,Bull,Any Legal Weapon,Limited Entry - Private Land Only,Private Land Only,901,,,,,,,0
EL3177,PERMIT_UNRESOLVED|REMAINING_AFTER_3_SOURCE_RULE,REMAINING_UNRESOLVED_REVIEW,Still present in remaining-after-3-source unresolved split.,yes,Nebo/San Pitch Mtns,Elk,Bull,Any Legal Weapon,Limited Entry - Private Land Only,Private Land Only,901,,,,,,,0
EL3179,PERMIT_UNRESOLVED|REMAINING_AFTER_3_SOURCE_RULE,REMAINING_UNRESOLVED_REVIEW,Still present in remaining-after-3-source unresolved split.,yes,Nebo/San Pitch Mtns,Elk,Bull,Muzzleloader,Limited Entry - Private Land Only,Private Land Only,901,,,,,,,0
EL3180,PERMIT_UNRESOLVED|REMAINING_AFTER_3_SOURCE_RULE,REMAINING_UNRESOLVED_REVIEW,Still present in remaining-after-3-source unresolved split.,yes,Fillmore Pahvant,Elk,Bull,Archery,Limited Entry - Private Land Only,Private Land Only,88,,,,,,,0
EL3181,PERMIT_UNRESOLVED|REMAINING_AFTER_3_SOURCE_RULE,REMAINING_UNRESOLVED_REVIEW,Still present in remaining-after-3-source unresolved split.,yes,Fillmore Pahvant,Elk,Bull,Any Legal Weapon,Limited Entry - Private Land Only,Private Land Only,88,,,,,,,0
EL3182,PERMIT_UNRESOLVED|REMAINING_AFTER_3_SOURCE_RULE,REMAINING_UNRESOLVED_REVIEW,Still present in remaining-after-3-source unresolved split.,yes,La Sal La Sal Mtns,Elk,Bull,Archery,Limited Entry - Private Land Only,Private Land Only,617,,,,,,,0
EL3183,PERMIT_UNRESOLVED|REMAINING_AFTER_3_SOURCE_RULE,REMAINING_UNRESOLVED_REVIEW,Still present in remaining-after-3-source unresolved split.,yes,La Sal La Sal Mtns,Elk,Bull,Any Legal Weapon,Limited Entry - Private Land Only,Private Land Only,617,,,,,,,0
EL3184,PERMIT_UNRESOLVED|REMAINING_AFTER_3_SOURCE_RULE,REMAINING_UNRESOLVED_REVIEW,Still present in remaining-after-3-source unresolved split.,yes,Monroe,Elk,Bull,Archery,Limited Entry - Private Land Only,Private Land Only,629,,,,,,,0
EL3185,PERMIT_UNRESOLVED|REMAINING_AFTER_3_SOURCE_RULE,REMAINING_UNRESOLVED_REVIEW,Still present in remaining-after-3-source unresolved split.,yes,Monroe,Elk,Bull,Any Legal Weapon,Limited Entry - Private Land Only,Private Land Only,629,,,,,,,0
EL3186,PERMIT_UNRESOLVED|REMAINING_AFTER_3_SOURCE_RULE,REMAINING_UNRESOLVED_REVIEW,Still present in remaining-after-3-source unresolved split.,yes,Mt Dutton,Elk,Bull,Archery,Limited Entry - Private Land Only,Private Land Only,630,,,,,,,0
EL3187,PERMIT_UNRESOLVED|REMAINING_AFTER_3_SOURCE_RULE,REMAINING_UNRESOLVED_REVIEW,Still present in remaining-after-3-source unresolved split.,yes,Mt Dutton,Elk,Bull,Any Legal Weapon,Limited Entry - Private Land Only,Private Land Only,630,,,,,,,0
EL3188,PERMIT_UNRESOLVED|REMAINING_AFTER_3_SOURCE_RULE,REMAINING_UNRESOLVED_REVIEW,Still present in remaining-after-3-source unresolved split.,yes,Panguitch Lake,Elk,Bull,Archery,Limited Entry - Private Land Only,Private Land Only,634,,,,,,,0
EL3189,PERMIT_UNRESOLVED|REMAINING_AFTER_3_SOURCE_RULE,REMAINING_UNRESOLVED_REVIEW,Still present in remaining-after-3-source unresolved split.,yes,Panguitch Lake,Elk,Bull,Any Legal Weapon,Limited Entry - Private Land Only,Private Land Only,634,,,,,,,0
EL3190,PERMIT_UNRESOLVED|REMAINING_AFTER_3_SOURCE_RULE,REMAINING_UNRESOLVED_REVIEW,Still present in remaining-after-3-source unresolved split.,yes,Boulder,Elk,Bull,Archery,Limited Entry - Private Land Only,Private Land Only,172,,,,,,,0
EL3191,PERMIT_UNRESOLVED|REMAINING_AFTER_3_SOURCE_RULE,REMAINING_UNRESOLVED_REVIEW,Still present in remaining-after-3-source unresolved split.,yes,Boulder,Elk,Bull,Any Legal Weapon,Limited Entry - Private Land Only,Private Land Only,172,,,,,,,0
EL3192,PERMIT_UNRESOLVED|REMAINING_AFTER_3_SOURCE_RULE,REMAINING_UNRESOLVED_REVIEW,Still present in remaining-after-3-source unresolved split.,yes,Fishlake/Thousand Lakes,Elk,Bull,Archery,Limited Entry - Private Land Only,Private Land Only,175,,,,,,,0
EL3193,PERMIT_UNRESOLVED|REMAINING_AFTER_3_SOURCE_RULE,REMAINING_UNRESOLVED_REVIEW,Still present in remaining-after-3-source unresolved split.,yes,San Juan Bull Elk,Elk,Bull,Archery,Limited Entry - Private Land Only,Private Land Only,183,,,,,,,0
EL3194,PERMIT_UNRESOLVED|REMAINING_AFTER_3_SOURCE_RULE,REMAINING_UNRESOLVED_REVIEW,Still present in remaining-after-3-source unresolved split.,yes,San Juan Bull Elk,Elk,Bull,Any Legal Weapon,Limited Entry - Private Land Only,Private Land Only,183,,,,,,,0
EL3195,PERMIT_UNRESOLVED|REMAINING_AFTER_3_SOURCE_RULE,REMAINING_UNRESOLVED_REVIEW,Still present in remaining-after-3-source unresolved split.,yes,Diamond Mtn,Elk,Bull,Archery,Limited Entry - Private Land Only,Private Land Only,206,,,,,,,0
EL3196,PERMIT_UNRESOLVED|REMAINING_AFTER_3_SOURCE_RULE,REMAINING_UNRESOLVED_REVIEW,Still present in remaining-after-3-source unresolved split.,yes,Diamond Mtn,Elk,Bull,Any Legal Weapon,Limited Entry - Private Land Only,Private Land Only,206,,,,,,,0
EL3197,PERMIT_UNRESOLVED|REMAINING_AFTER_3_SOURCE_RULE,REMAINING_UNRESOLVED_REVIEW,Still present in remaining-after-3-source unresolved split.,yes,Southwest Desert South,Elk,Bull,Archery,Limited Entry - Private Land Only,Private Land Only,872,,,,,,,0
EL3198,PERMIT_UNRESOLVED|REMAINING_AFTER_3_SOURCE_RULE,REMAINING_UNRESOLVED_REVIEW,Still present in remaining-after-3-source unresolved split.,yes,Southwest Desert South,Elk,Bull,Any Legal Weapon,Limited Entry - Private Land Only,Private Land Only,872,,,,,,,0
EL3199,PERMIT_UNRESOLVED|REMAINING_AFTER_3_SOURCE_RULE,REMAINING_UNRESOLVED_REVIEW,Still present in remaining-after-3-source unresolved split.,yes,Wasatch Mtns,Elk,Bull,Archery,Limited Entry - Private Land Only,Private Land Only,222,,,,,,,0
EL3205,PERMIT_UNRESOLVED|REMAINING_AFTER_3_SOURCE_RULE,REMAINING_UNRESOLVED_REVIEW,Still present in remaining-after-3-source unresolved split.,yes,East Canyon,Elk,Bull,"HAMSS (Handgun, Archery, Muzzleloader, Shotgun or Straight-walled rifle)",Limited Entry - Private Land Only,Private Land Only,276,,,,,,,0
EL3208,PERMIT_UNRESOLVED|REMAINING_AFTER_3_SOURCE_RULE,REMAINING_UNRESOLVED_REVIEW,Still present in remaining-after-3-source unresolved split.,yes,Morgan-South Rich,Elk,Bull,Any Legal Weapon (Late),Limited Entry - Private Land Only,Private Land Only,117,,,,,,,0
EL3210,PERMIT_UNRESOLVED|REMAINING_AFTER_3_SOURCE_RULE,REMAINING_UNRESOLVED_REVIEW,Still present in remaining-after-3-source unresolved split.,yes,North Slope Three Corners,Elk,Bull,Any Legal Weapon,Limited Entry - Private Land Only,Private Land Only,140,,,,,,,0
EX1000,PERMIT_UNRESOLVED|REMAINING_AFTER_3_SOURCE_RULE,REMAINING_UNRESOLVED_REVIEW,Still present in remaining-after-3-source unresolved split.,yes,Elk Extended Archery,Elk,Hunters Choice,Archery,Extended Archery,Extended Archery,5130,,,,,,,0
GO1000,CORE_REVIEW,SPORTSMAN_CONSERVATION_OVERLAP_REVIEW,Code is current sportsman in review set and also appears in conservation table; keep families separate.,yes,Mountain Goat - Statewide Permit,Mountain Goat,Hunters Choice,Any Legal Weapon,Statewide,Statewide Permit,5131,,,1,,,,1
GO6800,PERMIT_UNRESOLVED|REMAINING_AFTER_3_SOURCE_RULE,DATABASE_MATCHES_RECOMMENDED,Unresolved source recommendation matches DATABASE allotment total.,yes,Beaver,Mountain Goat,Either Sex,Any Legal Weapon,Once-in-a-lifetime,Once-in-a-lifetime,628,7,2,9,7,2,9,0
GO6821,PERMIT_UNRESOLVED|REMAINING_AFTER_3_SOURCE_RULE,CONSERVATION_TABLE_DB_MATCH,Conservation source matches DATABASE conservation field.,yes,Nebo,Mountain Goat,Either Sex,Archery,Once-in-a-lifetime,Once-in-a-lifetime,616,12,0,12,12,0,12,1
LD1001,PERMIT_UNRESOLVED|REMAINING_AFTER_3_SOURCE_RULE,REMAINING_UNRESOLVED_REVIEW,Still present in remaining-after-3-source unresolved split.,yes,Paunsaugunt - Private Land Only,Deer,Buck,Archery,Limited Entry - Private Land Only,Private Land Only,163,,,,,,,0
LD1004,PERMIT_UNRESOLVED|REMAINING_AFTER_3_SOURCE_RULE,REMAINING_UNRESOLVED_REVIEW,Still present in remaining-after-3-source unresolved split.,yes,Paunsaugunt - Private Land Only,Deer,Buck,Any Legal Weapon,Limited Entry - Private Land Only,Private Land Only,163,,,,,,,0
LD1006,PERMIT_UNRESOLVED|REMAINING_AFTER_3_SOURCE_RULE,REMAINING_UNRESOLVED_REVIEW,Still present in remaining-after-3-source unresolved split.,yes,Paunsaugunt - Private Land Only,Deer,Buck,Muzzleloader,Limited Entry - Private Land Only,Private Land Only,163,,,,,,,0
LD1019,PERMIT_UNRESOLVED|REMAINING_AFTER_3_SOURCE_RULE,REMAINING_UNRESOLVED_REVIEW,Still present in remaining-after-3-source unresolved split.,yes,"Fillmore, Oak Creek LE - Private Land Only",Deer,Buck,Any Legal Weapon,Limited Entry - Private Land Only,Private Land Only,85,,,,,,,0
LD1023,PERMIT_UNRESOLVED|REMAINING_AFTER_3_SOURCE_RULE,REMAINING_UNRESOLVED_REVIEW,Still present in remaining-after-3-source unresolved split.,yes,Diamond Mtn - Private Land Only,Deer,Buck,Any Legal Weapon,Limited Entry - Private Land Only,Private Land Only,206,,,,,,,0
LD1108,PERMIT_UNRESOLVED|REMAINING_AFTER_3_SOURCE_RULE,REMAINING_UNRESOLVED_REVIEW,Still present in remaining-after-3-source unresolved split.,yes,Thousand Lakes - Private Land Only,Deer,Buck,Restricted Rifle,Limited Entry - Private Land Only,Private Land Only,632,,,,,,,0
LO0008,PERMIT_UNRESOLVED|REMAINING_AFTER_3_SOURCE_RULE,REMAINING_UNRESOLVED_REVIEW,Still present in remaining-after-3-source unresolved split.,yes,Diamond Mtn Landowner Association,Deer,Buck,Archery,Limited Entry - Private Land Only,Private Land Only,206,,,,,,,0
LO0009,PERMIT_UNRESOLVED|REMAINING_AFTER_3_SOURCE_RULE,REMAINING_UNRESOLVED_REVIEW,Still present in remaining-after-3-source unresolved split.,yes,Diamond Mtn Landowner Association,Deer,Buck,Any Legal Weapon,Limited Entry - Private Land Only,Private Land Only,206,,,,,,,0
LO0010,PERMIT_UNRESOLVED|REMAINING_AFTER_3_SOURCE_RULE,REMAINING_UNRESOLVED_REVIEW,Still present in remaining-after-3-source unresolved split.,yes,Diamond Mtn Landowner Association,Deer,Buck,Muzzleloader,Limited Entry - Private Land Only,,206,,,,,,,0
LO0011,PERMIT_UNRESOLVED|REMAINING_AFTER_3_SOURCE_RULE,REMAINING_UNRESOLVED_REVIEW,Still present in remaining-after-3-source unresolved split.,yes,Diamond Mtn Landowner Association,Elk,Bull,Archery,Limited Entry - Private Land Only,Private Land Only,206,,,,,,,0
LO0012,PERMIT_UNRESOLVED|REMAINING_AFTER_3_SOURCE_RULE,REMAINING_UNRESOLVED_REVIEW,Still present in remaining-after-3-source unresolved split.,yes,Diamond Mtn Landowner Association,Elk,Bull,Any Legal Weapon,Limited Entry - Private Land Only,Private Land Only,206,,,,,,,0
LO0013,PERMIT_UNRESOLVED|REMAINING_AFTER_3_SOURCE_RULE,REMAINING_UNRESOLVED_REVIEW,Still present in remaining-after-3-source unresolved split.,yes,Diamond Mtn Landowner Association,Elk,Bull,Any Legal Weapon,Limited Entry - Private Land Only,Private Land Only,206,,,,,,,0
LO0014,PERMIT_UNRESOLVED|REMAINING_AFTER_3_SOURCE_RULE,REMAINING_UNRESOLVED_REVIEW,Still present in remaining-after-3-source unresolved split.,yes,Diamond Mtn Landowner Association,Elk,Bull,Muzzleloader,Limited Entry - Private Land Only,Private Land Only,206,,,,,,,0
LO0015,PERMIT_UNRESOLVED|REMAINING_AFTER_3_SOURCE_RULE,REMAINING_UNRESOLVED_REVIEW,Still present in remaining-after-3-source unresolved split.,yes,Diamond Mtn Landowner Association,Elk,Bull,Any Legal Weapon,Limited Entry - Private Land Only,Private Land Only,206,,,,,,,0
LO1501,PERMIT_UNRESOLVED|REMAINING_AFTER_3_SOURCE_RULE,REMAINING_UNRESOLVED_REVIEW,Still present in remaining-after-3-source unresolved split.,yes,Box Elder,Deer,Buck,Archery,General Season - Private Land Only,Private Land Only,607,,,,,,,0
LO1502,PERMIT_UNRESOLVED|REMAINING_AFTER_3_SOURCE_RULE,REMAINING_UNRESOLVED_REVIEW,Still present in remaining-after-3-source unresolved split.,yes,Cache,Deer,Buck,Archery,General Season - Private Land Only,Private Land Only,29,,,,,,,0
LO1503,PERMIT_UNRESOLVED|REMAINING_AFTER_3_SOURCE_RULE,REMAINING_UNRESOLVED_REVIEW,Still present in remaining-after-3-source unresolved split.,yes,Manti/San Rafael,Deer,Buck,Archery,General Season - Private Land Only,Private Land Only,619,,,,,,,0
LO1504,PERMIT_UNRESOLVED|REMAINING_AFTER_3_SOURCE_RULE,REMAINING_UNRESOLVED_REVIEW,Still present in remaining-after-3-source unresolved split.,yes,Nebo,Deer,Buck,Archery,General Season - Private Land Only,Private Land Only,616,,,,,,,0
LO1506,PERMIT_UNRESOLVED|REMAINING_AFTER_3_SOURCE_RULE,REMAINING_UNRESOLVED_REVIEW,Still present in remaining-after-3-source unresolved split.,yes,Fillmore,Deer,Buck,Archery,General Season - Private Land Only,Private Land Only,804,,,,,,,0
LO1508,PERMIT_UNRESOLVED|REMAINING_AFTER_3_SOURCE_RULE,REMAINING_UNRESOLVED_REVIEW,Still present in remaining-after-3-source unresolved split.,yes,Kamas,Deer,Buck,Archery,General Season - Private Land Only,Private Land Only,611,,,,,,,0
LO1509,PERMIT_UNRESOLVED|REMAINING_AFTER_3_SOURCE_RULE,REMAINING_UNRESOLVED_REVIEW,Still present in remaining-after-3-source unresolved split.,yes,"La Sal, La Sal Mtns",Deer,Buck,Archery,General Season - Private Land Only,Private Land Only,617,,,,,,,0
LO1510,PERMIT_UNRESOLVED|REMAINING_AFTER_3_SOURCE_RULE,REMAINING_UNRESOLVED_REVIEW,Still present in remaining-after-3-source unresolved split.,yes,Monroe,Deer,Buck,Archery,General Season - Private Land Only,Private Land Only,629,,,,,,,0
LO1511,PERMIT_UNRESOLVED|REMAINING_AFTER_3_SOURCE_RULE,REMAINING_UNRESOLVED_REVIEW,Still present in remaining-after-3-source unresolved split.,yes,Mt Dutton,Deer,Buck,Archery,General Season - Private Land Only,Private Land Only,630,,,,,,,0
LO1512,PERMIT_UNRESOLVED|REMAINING_AFTER_3_SOURCE_RULE,REMAINING_UNRESOLVED_REVIEW,Still present in remaining-after-3-source unresolved split.,yes,Nine Mile,Deer,Buck,Archery,General Season - Private Land Only,Private Land Only,615,,,,,,,0
LO1513,PERMIT_UNRESOLVED|REMAINING_AFTER_3_SOURCE_RULE,REMAINING_UNRESOLVED_REVIEW,Still present in remaining-after-3-source unresolved split.,yes,North Slope,Deer,Buck,Archery,General Season - Private Land Only,Private Land Only,612,,,,,,,0
LO1514,PERMIT_UNRESOLVED|REMAINING_AFTER_3_SOURCE_RULE,REMAINING_UNRESOLVED_REVIEW,Still present in remaining-after-3-source unresolved split.,yes,Ogden,Deer,Buck,Archery,General Season - Private Land Only,Private Land Only,609,,,,,,,0
LO1516,PERMIT_UNRESOLVED|REMAINING_AFTER_3_SOURCE_RULE,REMAINING_UNRESOLVED_REVIEW,Still present in remaining-after-3-source unresolved split.,yes,Panguitch Lake,Deer,Buck,Archery,General Season - Private Land Only,Private Land Only,634,,,,,,,0
LO1517,PERMIT_UNRESOLVED|REMAINING_AFTER_3_SOURCE_RULE,REMAINING_UNRESOLVED_REVIEW,Still present in remaining-after-3-source unresolved split.,yes,Pine Valley,Deer,Buck,Archery,General Season - Private Land Only,Private Land Only,636,,,,,,,0
LO1518,PERMIT_UNRESOLVED|REMAINING_AFTER_3_SOURCE_RULE,REMAINING_UNRESOLVED_REVIEW,Still present in remaining-after-3-source unresolved split.,yes,Boulder/Kaiparowits,Deer,Buck,Archery,General Season - Private Land Only,Private Land Only,455,,,,,,,0
LO1519,PERMIT_UNRESOLVED|REMAINING_AFTER_3_SOURCE_RULE,REMAINING_UNRESOLVED_REVIEW,Still present in remaining-after-3-source unresolved split.,yes,Fishlake,Deer,Buck,Archery,General Season - Private Land Only,Private Land Only,633,,,,,,,0
LO1521,PERMIT_UNRESOLVED|REMAINING_AFTER_3_SOURCE_RULE,REMAINING_UNRESOLVED_REVIEW,Still present in remaining-after-3-source unresolved split.,yes,"San Juan, Abajo Mtns",Deer,Buck,Archery,General Season - Private Land Only,Private Land Only,618,,,,,,,0
LO1522,PERMIT_UNRESOLVED|REMAINING_AFTER_3_SOURCE_RULE,REMAINING_UNRESOLVED_REVIEW,Still present in remaining-after-3-source unresolved split.,yes,Vernal/Bonanza,Deer,Buck,Archery,General Season - Private Land Only,Private Land Only,614,,,,,,,0
LO1523,PERMIT_UNRESOLVED|REMAINING_AFTER_3_SOURCE_RULE,REMAINING_UNRESOLVED_REVIEW,Still present in remaining-after-3-source unresolved split.,yes,Yellowstone,Deer,Buck,Archery,General Season - Private Land Only,Private Land Only,613,,,,,,,0
LO1524,PERMIT_UNRESOLVED|REMAINING_AFTER_3_SOURCE_RULE,REMAINING_UNRESOLVED_REVIEW,Still present in remaining-after-3-source unresolved split.,yes,Southwest Desert,Deer,Buck,Archery,General Season - Private Land Only,Private Land Only,625,,,,,,,0
LO1525,PERMIT_UNRESOLVED|REMAINING_AFTER_3_SOURCE_RULE,REMAINING_UNRESOLVED_REVIEW,Still present in remaining-after-3-source unresolved split.,yes,"Wasatch Mtns, East",Deer,Buck,Archery,General Season - Private Land Only,Private Land Only,621,,,,,,,0
LO1526,PERMIT_UNRESOLVED|REMAINING_AFTER_3_SOURCE_RULE,REMAINING_UNRESOLVED_REVIEW,Still present in remaining-after-3-source unresolved split.,yes,"Wasatch Mtns, West",Deer,Buck,Archery,General Season - Private Land Only,Private Land Only,620,,,,,,,0
LO1529,PERMIT_UNRESOLVED|REMAINING_AFTER_3_SOURCE_RULE,REMAINING_UNRESOLVED_REVIEW,Still present in remaining-after-3-source unresolved split.,yes,Zion,Deer,Buck,Archery,General Season - Private Land Only,Private Land Only,635,,,,,,,0
LO1531,PERMIT_UNRESOLVED|REMAINING_AFTER_3_SOURCE_RULE,DATABASE_HAS_VALUE_NO_RECOMMENDED_VALUE,DATABASE has an allotment value but unresolved source winner has no value.,yes,Box Elder,Deer,Buck,Any Legal Weapon (Late),General Season - Private Land Only,Private Land Only,607,,,2,,,,0
LO1533,PERMIT_UNRESOLVED|REMAINING_AFTER_3_SOURCE_RULE,REMAINING_UNRESOLVED_REVIEW,Still present in remaining-after-3-source unresolved split.,yes,Manti/San Rafael,Deer,Buck,Any Legal Weapon (Late),General Season - Private Land Only,Private Land Only,619,,,,,,,0
LO1534,PERMIT_UNRESOLVED|REMAINING_AFTER_3_SOURCE_RULE,DATABASE_HAS_VALUE_NO_RECOMMENDED_VALUE,DATABASE has an allotment value but unresolved source winner has no value.,yes,Nebo,Deer,Buck,Any Legal Weapon (Late),General Season - Private Land Only,Private Land Only,616,,,2,,,,0
LO1536,PERMIT_UNRESOLVED|REMAINING_AFTER_3_SOURCE_RULE,DATABASE_HAS_VALUE_NO_RECOMMENDED_VALUE,DATABASE has an allotment value but unresolved source winner has no value.,yes,Fillmore,Deer,Buck,Any Legal Weapon (Late),General Season - Private Land Only,Private Land Only,804,,,2,,,,0
LO1538,PERMIT_UNRESOLVED|REMAINING_AFTER_3_SOURCE_RULE,DATABASE_HAS_VALUE_NO_RECOMMENDED_VALUE,DATABASE has an allotment value but unresolved source winner has no value.,yes,Kamas,Deer,Buck,Any Legal Weapon (Late),General Season - Private Land Only,Private Land Only,611,,,2,,,,0
LO1539,PERMIT_UNRESOLVED|REMAINING_AFTER_3_SOURCE_RULE,REMAINING_UNRESOLVED_REVIEW,Still present in remaining-after-3-source unresolved split.,yes,"La Sal, La Sal Mtns",Deer,Buck,Any Legal Weapon (Late),General Season - Private Land Only,Private Land Only,617,,,,,,,0
LO1540,PERMIT_UNRESOLVED|REMAINING_AFTER_3_SOURCE_RULE,DATABASE_HAS_VALUE_NO_RECOMMENDED_VALUE,DATABASE has an allotment value but unresolved source winner has no value.,yes,Monroe,Deer,Buck,Any Legal Weapon (Late),General Season - Private Land Only,Private Land Only,629,,,2,,,,0
LO1541,PERMIT_UNRESOLVED|REMAINING_AFTER_3_SOURCE_RULE,DATABASE_HAS_VALUE_NO_RECOMMENDED_VALUE,DATABASE has an allotment value but unresolved source winner has no value.,yes,Mt Dutton,Deer,Buck,Any Legal Weapon (Late),General Season - Private Land Only,Private Land Only,630,,,2,,,,0
LO1542,PERMIT_UNRESOLVED|REMAINING_AFTER_3_SOURCE_RULE,DATABASE_HAS_VALUE_NO_RECOMMENDED_VALUE,DATABASE has an allotment value but unresolved source winner has no value.,yes,Nine Mile,Deer,Buck,Any Legal Weapon (Late),General Season - Private Land Only,Private Land Only,615,,,2,,,,0
LO1543,PERMIT_UNRESOLVED|REMAINING_AFTER_3_SOURCE_RULE,REMAINING_UNRESOLVED_REVIEW,Still present in remaining-after-3-source unresolved split.,yes,North Slope,Deer,Buck,Any Legal Weapon (Late),General Season - Private Land Only,Private Land Only,612,,,,,,,0
LO1544,PERMIT_UNRESOLVED|REMAINING_AFTER_3_SOURCE_RULE,DATABASE_HAS_VALUE_NO_RECOMMENDED_VALUE,DATABASE has an allotment value but unresolved source winner has no value.,yes,Ogden,Deer,Buck,Any Legal Weapon (Late),General Season - Private Land Only,Private Land Only,609,,,2,,,,0
LO1546,PERMIT_UNRESOLVED|REMAINING_AFTER_3_SOURCE_RULE,REMAINING_UNRESOLVED_REVIEW,Still present in remaining-after-3-source unresolved split.,yes,Panguitch Lake,Deer,Buck,Any Legal Weapon (Late),General Season - Private Land Only,Private Land Only,634,,,,,,,0
LO1547,PERMIT_UNRESOLVED|REMAINING_AFTER_3_SOURCE_RULE,DATABASE_HAS_VALUE_NO_RECOMMENDED_VALUE,DATABASE has an allotment value but unresolved source winner has no value.,yes,Pine Valley,Deer,Buck,Any Legal Weapon (Late),General Season - Private Land Only,Private Land Only,636,,,2,,,,0
LO1549,PERMIT_UNRESOLVED|REMAINING_AFTER_3_SOURCE_RULE,DATABASE_HAS_VALUE_NO_RECOMMENDED_VALUE,DATABASE has an allotment value but unresolved source winner has no value.,yes,Fishlake,Deer,Buck,Any Legal Weapon (Late),General Season - Private Land Only,Private Land Only,633,,,2,,,,0
LO1551,PERMIT_UNRESOLVED|REMAINING_AFTER_3_SOURCE_RULE,REMAINING_UNRESOLVED_REVIEW,Still present in remaining-after-3-source unresolved split.,yes,"San Juan, Abajo Mtns",Deer,Buck,Any Legal Weapon (Late),General Season - Private Land Only,Private Land Only,618,,,,,,,0
LO1552,PERMIT_UNRESOLVED|REMAINING_AFTER_3_SOURCE_RULE,REMAINING_UNRESOLVED_REVIEW,Still present in remaining-after-3-source unresolved split.,yes,Vernal/Bonanza,Deer,Buck,Any Legal Weapon (Late),General Season - Private Land Only,Private Land Only,614,,,,,,,0
LO1553,PERMIT_UNRESOLVED|REMAINING_AFTER_3_SOURCE_RULE,REMAINING_UNRESOLVED_REVIEW,Still present in remaining-after-3-source unresolved split.,yes,Yellowstone,Deer,Buck,Any Legal Weapon (Late),General Season - Private Land Only,Private Land Only,613,,,,,,,0
LO1554,PERMIT_UNRESOLVED|REMAINING_AFTER_3_SOURCE_RULE,REMAINING_UNRESOLVED_REVIEW,Still present in remaining-after-3-source unresolved split.,yes,Southwest Desert,Deer,Buck,Any Legal Weapon (Late),General Season - Private Land Only,Private Land Only,625,,,,,,,0
LO1555,PERMIT_UNRESOLVED|REMAINING_AFTER_3_SOURCE_RULE,REMAINING_UNRESOLVED_REVIEW,Still present in remaining-after-3-source unresolved split.,yes,"Wasatch Mtns, East",Deer,Buck,Any Legal Weapon (Late),General Season - Private Land Only,Private Land Only,621,,,,,,,0
LO1556,PERMIT_UNRESOLVED|REMAINING_AFTER_3_SOURCE_RULE,REMAINING_UNRESOLVED_REVIEW,Still present in remaining-after-3-source unresolved split.,yes,"Wasatch Mtns, West",Deer,Buck,Any Legal Weapon (Late),General Season - Private Land Only,Private Land Only,620,,,,,,,0
LO1559,PERMIT_UNRESOLVED|REMAINING_AFTER_3_SOURCE_RULE,DATABASE_HAS_VALUE_NO_RECOMMENDED_VALUE,DATABASE has an allotment value but unresolved source winner has no value.,yes,Zion,Deer,Buck,Any Legal Weapon (Late),General Season - Private Land Only,Private Land Only,635,,,2,,,,0
LO1561,PERMIT_UNRESOLVED|REMAINING_AFTER_3_SOURCE_RULE,REMAINING_UNRESOLVED_REVIEW,Still present in remaining-after-3-source unresolved split.,yes,Box Elder,Deer,Buck,Muzzleloader,General Season - Private Land Only,Private Land Only,607,,,,,,,0
LO1563,PERMIT_UNRESOLVED|REMAINING_AFTER_3_SOURCE_RULE,REMAINING_UNRESOLVED_REVIEW,Still present in remaining-after-3-source unresolved split.,yes,Manti/San Rafael,Deer,Buck,Muzzleloader,General Season - Private Land Only,Private Land Only,619,,,,,,,0
LO1564,PERMIT_UNRESOLVED|REMAINING_AFTER_3_SOURCE_RULE,REMAINING_UNRESOLVED_REVIEW,Still present in remaining-after-3-source unresolved split.,yes,Nebo,Deer,Buck,Muzzleloader,General Season - Private Land Only,Private Land Only,616,,,,,,,0
LO1566,PERMIT_UNRESOLVED|REMAINING_AFTER_3_SOURCE_RULE,REMAINING_UNRESOLVED_REVIEW,Still present in remaining-after-3-source unresolved split.,yes,Fillmore,Deer,Buck,Muzzleloader,General Season - Private Land Only,Private Land Only,804,,,,,,,0
LO1568,PERMIT_UNRESOLVED|REMAINING_AFTER_3_SOURCE_RULE,REMAINING_UNRESOLVED_REVIEW,Still present in remaining-after-3-source unresolved split.,yes,Kamas,Deer,Buck,Muzzleloader,General Season - Private Land Only,Private Land Only,611,,,,,,,0
LO1569,PERMIT_UNRESOLVED|REMAINING_AFTER_3_SOURCE_RULE,REMAINING_UNRESOLVED_REVIEW,Still present in remaining-after-3-source unresolved split.,yes,"La Sal, La Sal Mtns",Deer,Buck,Muzzleloader,General Season - Private Land Only,Private Land Only,617,,,,,,,0
LO1570,PERMIT_UNRESOLVED|REMAINING_AFTER_3_SOURCE_RULE,REMAINING_UNRESOLVED_REVIEW,Still present in remaining-after-3-source unresolved split.,yes,Monroe,Deer,Buck,Muzzleloader,General Season - Private Land Only,Private Land Only,629,,,,,,,0
LO1571,PERMIT_UNRESOLVED|REMAINING_AFTER_3_SOURCE_RULE,REMAINING_UNRESOLVED_REVIEW,Still present in remaining-after-3-source unresolved split.,yes,Mt Dutton,Deer,Buck,Muzzleloader,General Season - Private Land Only,Private Land Only,630,,,,,,,0
LO1572,PERMIT_UNRESOLVED|REMAINING_AFTER_3_SOURCE_RULE,REMAINING_UNRESOLVED_REVIEW,Still present in remaining-after-3-source unresolved split.,yes,Nine Mile,Deer,Buck,Muzzleloader,General Season - Private Land Only,Private Land Only,615,,,,,,,0
LO1573,PERMIT_UNRESOLVED|REMAINING_AFTER_3_SOURCE_RULE,REMAINING_UNRESOLVED_REVIEW,Still present in remaining-after-3-source unresolved split.,yes,North Slope,Deer,Buck,Muzzleloader,General Season - Private Land Only,Private Land Only,612,,,,,,,0
LO1574,PERMIT_UNRESOLVED|REMAINING_AFTER_3_SOURCE_RULE,REMAINING_UNRESOLVED_REVIEW,Still present in remaining-after-3-source unresolved split.,yes,Ogden,Deer,Buck,Muzzleloader,General Season - Private Land Only,Private Land Only,609,,,,,,,0
LO1576,PERMIT_UNRESOLVED|REMAINING_AFTER_3_SOURCE_RULE,REMAINING_UNRESOLVED_REVIEW,Still present in remaining-after-3-source unresolved split.,yes,Panguitch Lake,Deer,Buck,Muzzleloader,General Season - Private Land Only,Private Land Only,634,,,,,,,0
LO1577,PERMIT_UNRESOLVED|REMAINING_AFTER_3_SOURCE_RULE,REMAINING_UNRESOLVED_REVIEW,Still present in remaining-after-3-source unresolved split.,yes,Pine Valley,Deer,Buck,Muzzleloader,General Season - Private Land Only,Private Land Only,636,,,,,,,0
LO1579,PERMIT_UNRESOLVED|REMAINING_AFTER_3_SOURCE_RULE,REMAINING_UNRESOLVED_REVIEW,Still present in remaining-after-3-source unresolved split.,yes,Fishlake,Deer,Buck,Muzzleloader,General Season - Private Land Only,Private Land Only,633,,,,,,,0
LO1581,PERMIT_UNRESOLVED|REMAINING_AFTER_3_SOURCE_RULE,REMAINING_UNRESOLVED_REVIEW,Still present in remaining-after-3-source unresolved split.,yes,"San Juan, Abajo Mtns",Deer,Buck,Muzzleloader,General Season - Private Land Only,Private Land Only,618,,,,,,,0
LO1582,PERMIT_UNRESOLVED|REMAINING_AFTER_3_SOURCE_RULE,REMAINING_UNRESOLVED_REVIEW,Still present in remaining-after-3-source unresolved split.,yes,Vernal/Bonanza,Deer,Buck,Muzzleloader,General Season - Private Land Only,Private Land Only,614,,,,,,,0
LO1583,PERMIT_UNRESOLVED|REMAINING_AFTER_3_SOURCE_RULE,REMAINING_UNRESOLVED_REVIEW,Still present in remaining-after-3-source unresolved split.,yes,Yellowstone,Deer,Buck,Muzzleloader,General Season - Private Land Only,Private Land Only,613,,,,,,,0
LO1584,PERMIT_UNRESOLVED|REMAINING_AFTER_3_SOURCE_RULE,REMAINING_UNRESOLVED_REVIEW,Still present in remaining-after-3-source unresolved split.,yes,Southwest Desert,Deer,Buck,Muzzleloader,General Season - Private Land Only,Private Land Only,625,,,,,,,0
LO1585,PERMIT_UNRESOLVED|REMAINING_AFTER_3_SOURCE_RULE,REMAINING_UNRESOLVED_REVIEW,Still present in remaining-after-3-source unresolved split.,yes,"Wasatch Mtns, East",Deer,Buck,Muzzleloader,General Season - Private Land Only,Private Land Only,621,,,,,,,0
LO1586,PERMIT_UNRESOLVED|REMAINING_AFTER_3_SOURCE_RULE,REMAINING_UNRESOLVED_REVIEW,Still present in remaining-after-3-source unresolved split.,yes,"Wasatch Mtns, West",Deer,Buck,Muzzleloader,General Season - Private Land Only,Private Land Only,620,,,,,,,0
LO1589,PERMIT_UNRESOLVED|REMAINING_AFTER_3_SOURCE_RULE,REMAINING_UNRESOLVED_REVIEW,Still present in remaining-after-3-source unresolved split.,yes,Zion,Deer,Buck,Muzzleloader,General Season - Private Land Only,Private Land Only,635,,,,,,,0
LO1591,PERMIT_UNRESOLVED|REMAINING_AFTER_3_SOURCE_RULE,DATABASE_HAS_VALUE_NO_RECOMMENDED_VALUE,DATABASE has an allotment value but unresolved source winner has no value.,yes,Fillmore,Deer,Buck,Any Legal Weapon (Early),General Season - Private Land Only,Private Land Only,804,,,1,,,,0
LO1592,PERMIT_UNRESOLVED|REMAINING_AFTER_3_SOURCE_RULE,DATABASE_HAS_VALUE_NO_RECOMMENDED_VALUE,DATABASE has an allotment value but unresolved source winner has no value.,yes,Kamas,Deer,Buck,Any Legal Weapon (Early),General Season - Private Land Only,Private Land Only,611,,,1,,,,0
LO1593,PERMIT_UNRESOLVED|REMAINING_AFTER_3_SOURCE_RULE,DATABASE_HAS_VALUE_NO_RECOMMENDED_VALUE,DATABASE has an allotment value but unresolved source winner has no value.,yes,Nine Mile,Deer,Buck,Any Legal Weapon (Early),General Season - Private Land Only,Private Land Only,615,,,1,,,,0
LO1594,PERMIT_UNRESOLVED|REMAINING_AFTER_3_SOURCE_RULE,REMAINING_UNRESOLVED_REVIEW,Still present in remaining-after-3-source unresolved split.,yes,Panguitch Lake,Deer,Buck,Any Legal Weapon (Early),General Season - Private Land Only,Private Land Only,634,,,,,,,0
LO1595,PERMIT_UNRESOLVED|REMAINING_AFTER_3_SOURCE_RULE,DATABASE_HAS_VALUE_NO_RECOMMENDED_VALUE,DATABASE has an allotment value but unresolved source winner has no value.,yes,Pine Valley,Deer,Buck,Any Legal Weapon (Early),General Season - Private Land Only,Private Land Only,636,,,1,,,,0
LO1596,PERMIT_UNRESOLVED|REMAINING_AFTER_3_SOURCE_RULE,DATABASE_HAS_VALUE_NO_RECOMMENDED_VALUE,DATABASE has an allotment value but unresolved source winner has no value.,yes,Fishlake,Deer,Buck,Any Legal Weapon (Early),General Season - Private Land Only,Private Land Only,633,,,1,,,,0
LO1597,PERMIT_UNRESOLVED|REMAINING_AFTER_3_SOURCE_RULE,DATABASE_HAS_VALUE_NO_RECOMMENDED_VALUE,DATABASE has an allotment value but unresolved source winner has no value.,yes,Zion,Deer,Buck,Any Legal Weapon (Early),General Season - Private Land Only,Private Land Only,635,,,1,,,,0
LO1598,PERMIT_UNRESOLVED|REMAINING_AFTER_3_SOURCE_RULE,REMAINING_UNRESOLVED_REVIEW,Still present in remaining-after-3-source unresolved split.,yes,North Slope,Deer,Buck,Any Legal Weapon (Early),General Season - Private Land Only,Private Land Only,612,,,,,,,0
LO1599,PERMIT_UNRESOLVED|REMAINING_AFTER_3_SOURCE_RULE,REMAINING_UNRESOLVED_REVIEW,Still present in remaining-after-3-source unresolved split.,yes,Chalk Creek,Deer,Buck,Any Legal Weapon (Late),General Season - Private Land Only,Private Land Only,69,,,,,,,0
LO1600,PERMIT_UNRESOLVED|REMAINING_AFTER_3_SOURCE_RULE,REMAINING_UNRESOLVED_REVIEW,Still present in remaining-after-3-source unresolved split.,yes,Chalk Creek,Deer,Buck,Archery,General Season - Private Land Only,Private Land Only,69,,,,,,,0
LO1601,PERMIT_UNRESOLVED|REMAINING_AFTER_3_SOURCE_RULE,REMAINING_UNRESOLVED_REVIEW,Still present in remaining-after-3-source unresolved split.,yes,Chalk Creek,Deer,Buck,Any Legal Weapon (Early),General Season - Private Land Only,Private Land Only,69,,,,,,,0
LO1602,PERMIT_UNRESOLVED|REMAINING_AFTER_3_SOURCE_RULE,REMAINING_UNRESOLVED_REVIEW,Still present in remaining-after-3-source unresolved split.,yes,Chalk Creek,Deer,Buck,Muzzleloader,General Season - Private Land Only,Private Land Only,69,,,,,,,0
LO1603,PERMIT_UNRESOLVED|REMAINING_AFTER_3_SOURCE_RULE,REMAINING_UNRESOLVED_REVIEW,Still present in remaining-after-3-source unresolved split.,yes,East Canyon,Deer,Buck,Any Legal Weapon (Late),General Season - Private Land Only,Private Land Only,276,,,,,,,0
LO1604,PERMIT_UNRESOLVED|REMAINING_AFTER_3_SOURCE_RULE,REMAINING_UNRESOLVED_REVIEW,Still present in remaining-after-3-source unresolved split.,yes,East Canyon,Deer,Buck,Archery,General Season - Private Land Only,Private Land Only,276,,,,,,,0
LO1605,PERMIT_UNRESOLVED|REMAINING_AFTER_3_SOURCE_RULE,REMAINING_UNRESOLVED_REVIEW,Still present in remaining-after-3-source unresolved split.,yes,East Canyon,Deer,Buck,Any Legal Weapon (Early),General Season - Private Land Only,Private Land Only,276,,,,,,,0
LO1606,PERMIT_UNRESOLVED|REMAINING_AFTER_3_SOURCE_RULE,REMAINING_UNRESOLVED_REVIEW,Still present in remaining-after-3-source unresolved split.,yes,East Canyon,Deer,Buck,Muzzleloader,General Season - Private Land Only,Private Land Only,276,,,,,,,0
LO1607,PERMIT_UNRESOLVED|REMAINING_AFTER_3_SOURCE_RULE,REMAINING_UNRESOLVED_REVIEW,Still present in remaining-after-3-source unresolved split.,yes,Morgan-South Rich,Deer,Buck,Any Legal Weapon (Late),General Season - Private Land Only,Private Land Only,117,,,,,,,0
LO1608,PERMIT_UNRESOLVED|REMAINING_AFTER_3_SOURCE_RULE,REMAINING_UNRESOLVED_REVIEW,Still present in remaining-after-3-source unresolved split.,yes,Morgan-South Rich,Deer,Buck,Archery,General Season - Private Land Only,Private Land Only,117,,,,,,,0
LO1609,PERMIT_UNRESOLVED|REMAINING_AFTER_3_SOURCE_RULE,REMAINING_UNRESOLVED_REVIEW,Still present in remaining-after-3-source unresolved split.,yes,Morgan-South Rich,Deer,Buck,Any Legal Weapon (Early),General Season - Private Land Only,Private Land Only,117,,,,,,,0
LO1610,PERMIT_UNRESOLVED|REMAINING_AFTER_3_SOURCE_RULE,REMAINING_UNRESOLVED_REVIEW,Still present in remaining-after-3-source unresolved split.,yes,Morgan-South Rich,Deer,Buck,Muzzleloader,General Season - Private Land Only,Private Land Only,117,,,,,,,0
LO1611,PERMIT_UNRESOLVED|REMAINING_AFTER_3_SOURCE_RULE,REMAINING_UNRESOLVED_REVIEW,Still present in remaining-after-3-source unresolved split.,yes,"Beaver, East",Deer,Buck,Archery,General Season - Private Land Only,Private Land Only,685,,,,,,,0
LO1612,PERMIT_UNRESOLVED|REMAINING_AFTER_3_SOURCE_RULE,REMAINING_UNRESOLVED_REVIEW,Still present in remaining-after-3-source unresolved split.,yes,"Beaver, East",Deer,Buck,Muzzleloader,General Season - Private Land Only,Private Land Only,685,,,,,,,0
LO1613,PERMIT_UNRESOLVED|REMAINING_AFTER_3_SOURCE_RULE,REMAINING_UNRESOLVED_REVIEW,Still present in remaining-after-3-source unresolved split.,yes,"Beaver, East",Deer,Buck,Any Legal Weapon (Late),General Season - Private Land Only,Private Land Only,685,,,,,,,0
LO1614,PERMIT_UNRESOLVED|REMAINING_AFTER_3_SOURCE_RULE,REMAINING_UNRESOLVED_REVIEW,Still present in remaining-after-3-source unresolved split.,yes,"Beaver, West",Deer,Buck,Archery,General Season - Private Land Only,Private Land Only,672,,,,,,,0
LO1615,PERMIT_UNRESOLVED|REMAINING_AFTER_3_SOURCE_RULE,REMAINING_UNRESOLVED_REVIEW,Still present in remaining-after-3-source unresolved split.,yes,"Beaver, West",Deer,Buck,Restricted Muzzleloader,General Season - Private Land Only,Private Land Only,672,,,,,,,0
LO1616,PERMIT_UNRESOLVED|REMAINING_AFTER_3_SOURCE_RULE,REMAINING_UNRESOLVED_REVIEW,Still present in remaining-after-3-source unresolved split.,yes,"Beaver, West",Deer,Buck,Restricted Rifle,General Season - Private Land Only,Private Land Only,672,,,,,,,0
LO1617,PERMIT_UNRESOLVED|REMAINING_AFTER_3_SOURCE_RULE,REMAINING_UNRESOLVED_REVIEW,Still present in remaining-after-3-source unresolved split.,yes,"West Desert, Swasey",Deer,Buck,Archery,General Season - Private Land Only,Private Land Only,926,,,,,,,0
LO1618,PERMIT_UNRESOLVED|REMAINING_AFTER_3_SOURCE_RULE,REMAINING_UNRESOLVED_REVIEW,Still present in remaining-after-3-source unresolved split.,yes,"West Desert, Swasey",Deer,Buck,Muzzleloader,General Season - Private Land Only,Private Land Only,926,,,,,,,0
LO1619,PERMIT_UNRESOLVED|REMAINING_AFTER_3_SOURCE_RULE,REMAINING_UNRESOLVED_REVIEW,Still present in remaining-after-3-source unresolved split.,yes,"West Desert, Swasey",Deer,Buck,Any Legal Weapon (Late),General Season - Private Land Only,Private Land Only,926,,,,,,,0
LO1620,PERMIT_UNRESOLVED|REMAINING_AFTER_3_SOURCE_RULE,REMAINING_UNRESOLVED_REVIEW,Still present in remaining-after-3-source unresolved split.,yes,Oquirrh/Tintic,Deer,Buck,Archery,General Season - Private Land Only,Private Land Only,927,,,,,,,0
LO1621,PERMIT_UNRESOLVED|REMAINING_AFTER_3_SOURCE_RULE,REMAINING_UNRESOLVED_REVIEW,Still present in remaining-after-3-source unresolved split.,yes,Oquirrh/Tintic,Deer,Buck,Muzzleloader,General Season - Private Land Only,Private Land Only,927,,,,,,,0
LO1622,PERMIT_UNRESOLVED|REMAINING_AFTER_3_SOURCE_RULE,REMAINING_UNRESOLVED_REVIEW,Still present in remaining-after-3-source unresolved split.,yes,Oquirrh/Tintic,Deer,Buck,Any Legal Weapon (Late),General Season - Private Land Only,Private Land Only,927,,,,,,,0
LO1623,PERMIT_UNRESOLVED|REMAINING_AFTER_3_SOURCE_RULE,REMAINING_UNRESOLVED_REVIEW,Still present in remaining-after-3-source unresolved split.,yes,Cedar/Stansbury,Deer,Buck,Archery,General Season - Private Land Only,Private Land Only,925,,,,,,,0
LO1624,PERMIT_UNRESOLVED|REMAINING_AFTER_3_SOURCE_RULE,REMAINING_UNRESOLVED_REVIEW,Still present in remaining-after-3-source unresolved split.,yes,Cedar/Stansbury,Deer,Buck,Muzzleloader,General Season - Private Land Only,Private Land Only,925,,,,,,,0
LO1625,PERMIT_UNRESOLVED|REMAINING_AFTER_3_SOURCE_RULE,REMAINING_UNRESOLVED_REVIEW,Still present in remaining-after-3-source unresolved split.,yes,Cedar/Stansbury,Deer,Buck,Any Legal Weapon (Late),General Season - Private Land Only,Private Land Only,925,,,,,,,0
LO1627,PERMIT_UNRESOLVED|REMAINING_AFTER_3_SOURCE_RULE,DATABASE_HAS_VALUE_NO_RECOMMENDED_VALUE,DATABASE has an allotment value but unresolved source winner has no value.,yes,Cache,Deer,Buck,Restricted Rifle,General Season - Private Land Only,Private Land Only,29,,,2,,,,0
LO1628,PERMIT_UNRESOLVED|REMAINING_AFTER_3_SOURCE_RULE,DATABASE_HAS_VALUE_NO_RECOMMENDED_VALUE,DATABASE has an allotment value but unresolved source winner has no value.,yes,Cache,Deer,Buck,Restricted Muzzleloader,General Season - Private Land Only,Private Land Only,29,,,2,,,,0
LO1629,PERMIT_UNRESOLVED|REMAINING_AFTER_3_SOURCE_RULE,REMAINING_UNRESOLVED_REVIEW,Still present in remaining-after-3-source unresolved split.,yes,Boulder/Kaiparowits,Deer,Buck,Restricted Rifle,General Season - Private Land Only,Private Land Only,455,,,,,,,0
LO1630,PERMIT_UNRESOLVED|REMAINING_AFTER_3_SOURCE_RULE,REMAINING_UNRESOLVED_REVIEW,Still present in remaining-after-3-source unresolved split.,yes,Boulder/Kaiparowits,Deer,Buck,Restricted Muzzleloader,General Season - Private Land Only,Private Land Only,455,,,,,,,0
LO1631,PERMIT_UNRESOLVED|REMAINING_AFTER_3_SOURCE_RULE,DATABASE_HAS_VALUE_NO_RECOMMENDED_VALUE,DATABASE has an allotment value but unresolved source winner has no value.,yes,Box Elder,Deer,Buck,Any Legal Weapon (Early),General Season - Private Land Only,Private Land Only,607,,,1,,,,0
LP5025,PERMIT_UNRESOLVED|REMAINING_AFTER_3_SOURCE_RULE,REMAINING_UNRESOLVED_REVIEW,Still present in remaining-after-3-source unresolved split.,yes,Beaver - Private Land Only,Pronghorn,Buck,Any Legal Weapon,Limited Entry - Private Land Only,Private Land Only,628,,,,,,,0
LP5031,PERMIT_UNRESOLVED|REMAINING_AFTER_3_SOURCE_RULE,REMAINING_UNRESOLVED_REVIEW,Still present in remaining-after-3-source unresolved split.,yes,"Box Elder, West - Private Land Only",Pronghorn,Buck,Any Legal Weapon,Limited Entry - Private Land Only,Private Land Only,755,,,,,,,0
LP5033,PERMIT_UNRESOLVED|REMAINING_AFTER_3_SOURCE_RULE,REMAINING_UNRESOLVED_REVIEW,Still present in remaining-after-3-source unresolved split.,yes,"Fillmore, Oak Creek South - Private Land Only",Pronghorn,Buck,Any Legal Weapon,Limited Entry - Private Land Only,Private Land Only,81,,,,,,,0
LP5046,PERMIT_UNRESOLVED|REMAINING_AFTER_3_SOURCE_RULE,REMAINING_UNRESOLVED_REVIEW,Still present in remaining-after-3-source unresolved split.,yes,"San Rafael, North - Private Land Only",Pronghorn,Buck,Any Legal Weapon,Limited Entry - Private Land Only,Private Land Only,194,,,,,,,0
LP5049,PERMIT_UNRESOLVED|REMAINING_AFTER_3_SOURCE_RULE,REMAINING_UNRESOLVED_REVIEW,Still present in remaining-after-3-source unresolved split.,yes,Southwest Desert - Private Land Only,Pronghorn,Buck,Any Legal Weapon,Limited Entry - Private Land Only,Private Land Only,625,,,,,,,0
LP5051,PERMIT_UNRESOLVED|REMAINING_AFTER_3_SOURCE_RULE,REMAINING_UNRESOLVED_REVIEW,Still present in remaining-after-3-source unresolved split.,yes,"West Desert, Rush Valley - Private Land Only",Pronghorn,Buck,Any Legal Weapon,Limited Entry - Private Land Only,Private Land Only,245,,,,,,,0
MA1005,REMAINING_AFTER_3_SOURCE_RULE,DATABASE_HAS_VALUE_NO_RECOMMENDED_VALUE,DATABASE has an allotment value but unresolved source winner has no value.,yes,Morgan-South Rich,Moose,Antlerless,Any Legal Weapon,General Season,Antlerless,117,6,1,7,,,,0
MA1006,CORE_REVIEW,DATABASE_HAS_VALUE_NO_RECOMMENDED_VALUE,DATABASE has an allotment value but unresolved source winner has no value.,yes,"Wasatch Mtns, West",Moose,Antlerless,Any Legal Weapon,Once-in-a-lifetime,,620,4,1,5,,,,0
MA1007,REMAINING_AFTER_3_SOURCE_RULE,DATABASE_HAS_VALUE_NO_RECOMMENDED_VALUE,DATABASE has an allotment value but unresolved source winner has no value.,yes,Morgan-South Rich,Moose,Antlerless,Archery,General Season,Antlerless,117,3,0,3,,,,0
MA1008,REMAINING_AFTER_3_SOURCE_RULE,DATABASE_HAS_VALUE_NO_RECOMMENDED_VALUE,DATABASE has an allotment value but unresolved source winner has no value.,yes,"Wasatch Mtns, Salt Lake-Timpanogos",Moose,Antlerless,Any Legal Weapon,General Season,Antlerless,937,4,1,5,,,,0
MA1011,CORE_REVIEW,DATABASE_MISSING,Hunt code is unresolved and is not present in DATABASE.csv.,no,,,,,,,,,,,,,,0
MB1000,CORE_REVIEW,SPORTSMAN_CONSERVATION_OVERLAP_REVIEW,Code is current sportsman in review set and also appears in conservation table; keep families separate.,yes,Moose - Statewide Permit,Moose,Bull,Any Legal Weapon,Statewide,Statewide Permit,5133,,,,,,,1
MB6011,PERMIT_UNRESOLVED|REMAINING_AFTER_3_SOURCE_RULE,DATABASE_MATCHES_RECOMMENDED,Unresolved source recommendation matches DATABASE allotment total.,yes,Wasatch Mtns/Central Mtns,Moose,Bull,Any Legal Weapon,Once-in-a-lifetime,Once-in-a-lifetime,743,19,3,22,19,3,22,0
MB6200,CORE_REVIEW,DATABASE_HAS_VALUE_NO_RECOMMENDED_VALUE,DATABASE has an allotment value but unresolved source winner has no value.,yes,Bear Springs CWMU,Moose,Bull,Any Legal Weapon,CWMU,,575,1,0,1,,,,0
MB6201,CORE_REVIEW,DATABASE_HAS_VALUE_NO_RECOMMENDED_VALUE,DATABASE has an allotment value but unresolved source winner has no value.,yes,Beaver Hollow CWMU,Moose,Bull,Any Legal Weapon,CWMU,CWMU,561,1,0,1,,,,0
MB6207,CORE_REVIEW,DATABASE_HAS_VALUE_NO_RECOMMENDED_VALUE,DATABASE has an allotment value but unresolved source winner has no value.,yes,Durst Mountain CWMU,Moose,Bull,Any Legal Weapon,CWMU,,567,1,0,1,,,,0
MB6209,CORE_REVIEW,DATABASE_HAS_VALUE_NO_RECOMMENDED_VALUE,DATABASE has an allotment value but unresolved source winner has no value.,yes,Ensign Ranches CWMU,Moose,Bull,Any Legal Weapon,CWMU,,522,1,0,1,,,,0
MB6217,CORE_REVIEW,DATABASE_HAS_VALUE_NO_RECOMMENDED_VALUE,DATABASE has an allotment value but unresolved source winner has no value.,yes,Sharp Mountain CWMU,Moose,Bull,Any Legal Weapon,CWMU,,490,1,0,1,,,,0
MB6220,CORE_REVIEW,DATABASE_HAS_VALUE_NO_RECOMMENDED_VALUE,DATABASE has an allotment value but unresolved source winner has no value.,yes,South Canyon CWMU,Moose,Bull,Any Legal Weapon,CWMU,,491,1,0,1,,,,0
MB6223,CORE_REVIEW,DATABASE_HAS_VALUE_NO_RECOMMENDED_VALUE,DATABASE has an allotment value but unresolved source winner has no value.,yes,Three C CWMU,Moose,Bull,Any Legal Weapon,CWMU,,553,1,0,1,,,,0
MB6224,CORE_REVIEW,DATABASE_HAS_VALUE_NO_RECOMMENDED_VALUE,DATABASE has an allotment value but unresolved source winner has no value.,yes,Two Bear CWMU,Moose,Bull,Any Legal Weapon,CWMU,,521,1,0,1,,,,0
MB6225,CORE_REVIEW,DATABASE_HAS_VALUE_NO_RECOMMENDED_VALUE,DATABASE has an allotment value but unresolved source winner has no value.,yes,Wallsburg CWMU,Moose,Bull,Any Legal Weapon,CWMU,,586,1,0,1,,,,0
MB6240,CORE_REVIEW,DATABASE_HAS_VALUE_NO_RECOMMENDED_VALUE,DATABASE has an allotment value but unresolved source winner has no value.,yes,Chimney Rock CWMU,Moose,Bull,Any Legal Weapon,CWMU,,732,1,0,1,,,,0
MB6254,CORE_REVIEW,DATABASE_HAS_VALUE_NO_RECOMMENDED_VALUE,DATABASE has an allotment value but unresolved source winner has no value.,yes,SJ Ranch CWMU,Moose,Bull,Any Legal Weapon,CWMU,,576,1,0,1,,,,0
MB6257,CORE_REVIEW,DATABASE_HAS_VALUE_NO_RECOMMENDED_VALUE,DATABASE has an allotment value but unresolved source winner has no value.,yes,Ingham Peak CWMU,Moose,Bull,Any Legal Weapon,CWMU,,493,1,0,1,,,,0
MB6259,CORE_REVIEW,DATABASE_HAS_VALUE_NO_RECOMMENDED_VALUE,DATABASE has an allotment value but unresolved source winner has no value.,yes,Royal Ivory Outfitters CWMU,Moose,Bull,Any Legal Weapon,CWMU,,828,1,0,1,,,,0
MB6263,CORE_REVIEW|PERMIT_UNRESOLVED|REMAINING_AFTER_3_SOURCE_RULE,DATABASE_REFERENCE_NOT_LIVE,DATABASE row is not exposed by the fresh live DWR table.,yes,Moon Ranch CWMU,Moose,Bull,Any Legal Weapon,CWMU,,485,,,,,,,0
MB6264,CORE_REVIEW|REMAINING_AFTER_3_SOURCE_RULE,DATABASE_REFERENCE_NOT_LIVE,DATABASE row is not exposed by the fresh live DWR table.,yes,Sand Creek CWMU,Moose,Bull,Any Legal Weapon,CWMU,,740,,,,,,,0
MB6265,CORE_REVIEW,DATABASE_HAS_VALUE_NO_RECOMMENDED_VALUE,DATABASE has an allotment value but unresolved source winner has no value.,yes,Little Pole Canyon CWMU,Moose,Bull,Any Legal Weapon,CWMU,CWMU,556,1,0,1,,,,0
PB1000,CORE_REVIEW,SPORTSMAN_CONSERVATION_OVERLAP_REVIEW,Code is current sportsman in review set and also appears in conservation table; keep families separate.,yes,Pronghorn - Statewide Permit,Pronghorn,Buck,Any Legal Weapon,Statewide,Statewide Permit,5134,,,,,,,1
PB5008,PERMIT_UNRESOLVED|REMAINING_AFTER_3_SOURCE_RULE,DATABASE_MATCHES_RECOMMENDED,Unresolved source recommendation matches DATABASE allotment total.,yes,"Fillmore, Oak Creek South",Pronghorn,Buck,Archery,Limited Entry,Limited Entry,81,15,2,17,15,2,17,0
PB5011,PERMIT_UNRESOLVED|REMAINING_AFTER_3_SOURCE_RULE,DATABASE_MATCHES_RECOMMENDED,Unresolved source recommendation matches DATABASE allotment total.,yes,"Nine Mile, Anthro-Myton Bench",Pronghorn,Buck,Archery,Limited Entry,Limited Entry,129,30,3,33,30,3,33,0
PB5015,PERMIT_UNRESOLVED|REMAINING_AFTER_3_SOURCE_RULE,DATABASE_MATCHES_RECOMMENDED,Unresolved source recommendation matches DATABASE allotment total.,yes,"San Rafael, North",Pronghorn,Buck,Archery,Limited Entry,Limited Entry,194,21,2,23,21,2,23,0
PB5018,PERMIT_UNRESOLVED|REMAINING_AFTER_3_SOURCE_RULE,DATABASE_MATCHES_RECOMMENDED,Unresolved source recommendation matches DATABASE allotment total.,yes,Southwest Desert,Pronghorn,Buck,Archery,Limited Entry,Limited Entry,625,31,4,35,31,4,35,0
PB5024,PERMIT_UNRESOLVED|REMAINING_AFTER_3_SOURCE_RULE,DATABASE_MATCHES_RECOMMENDED,Unresolved source recommendation matches DATABASE allotment total.,yes,Southwest Desert,Pronghorn,Buck,Muzzleloader,Limited Entry,Limited Entry,625,31,4,35,31,4,35,0
PB5025,PERMIT_UNRESOLVED|REMAINING_AFTER_3_SOURCE_RULE,CONSERVATION_TABLE_DB_MATCH,Conservation source matches DATABASE conservation field.,yes,Beaver,Pronghorn,Buck,Any Legal Weapon,Limited Entry,Limited Entry,628,43,5,48,43,5,48,1
PB5026,PERMIT_UNRESOLVED|REMAINING_AFTER_3_SOURCE_RULE,CONSERVATION_TABLE_DB_MATCH,Conservation source matches DATABASE conservation field.,yes,"Book Cliffs, Bitter Creek",Pronghorn,Buck,Any Legal Weapon,Limited Entry,Limited Entry,667,50,6,56,50,6,56,1
PB5033,PERMIT_UNRESOLVED|REMAINING_AFTER_3_SOURCE_RULE,CONSERVATION_TABLE_DB_MATCH,Conservation source matches DATABASE conservation field.,yes,"Fillmore, Oak Creek South",Pronghorn,Buck,Any Legal Weapon,Limited Entry,Limited Entry,81,46,5,51,46,5,51,1
PB5037,PERMIT_UNRESOLVED|REMAINING_AFTER_3_SOURCE_RULE,CONSERVATION_TABLE_DB_MATCH,Conservation source matches DATABASE conservation field.,yes,"Nine Mile, Anthro-Myton Bench",Pronghorn,Buck,Any Legal Weapon,Limited Entry,Limited Entry,129,89,10,99,89,10,99,1
PB5042,PERMIT_UNRESOLVED|REMAINING_AFTER_3_SOURCE_RULE,DATABASE_MATCHES_RECOMMENDED,Unresolved source recommendation matches DATABASE allotment total.,yes,Pine Valley,Pronghorn,Buck,Any Legal Weapon,Limited Entry,Limited Entry,636,21,2,23,21,2,23,0
PB5046,PERMIT_UNRESOLVED|REMAINING_AFTER_3_SOURCE_RULE,DATABASE_MATCHES_RECOMMENDED,Unresolved source recommendation matches DATABASE allotment total.,yes,"San Rafael, North",Pronghorn,Buck,Any Legal Weapon,Limited Entry,Limited Entry,194,62,7,69,62,7,69,0
PB5047,PERMIT_UNRESOLVED|REMAINING_AFTER_3_SOURCE_RULE,DATABASE_MATCHES_RECOMMENDED,Unresolved source recommendation matches DATABASE allotment total.,yes,Diamond Mtn/Bonanza,Pronghorn,Buck,Any Legal Weapon,Limited Entry,Limited Entry,461,50,6,56,50,6,56,0
PB5049,PERMIT_UNRESOLVED|REMAINING_AFTER_3_SOURCE_RULE,DATABASE_MATCHES_RECOMMENDED,Unresolved source recommendation matches DATABASE allotment total.,yes,Southwest Desert,Pronghorn,Buck,Any Legal Weapon,Limited Entry,Limited Entry,625,94,11,105,94,11,105,0
PB5050,PERMIT_UNRESOLVED|REMAINING_AFTER_3_SOURCE_RULE,DATABASE_MATCHES_RECOMMENDED,Unresolved source recommendation matches DATABASE allotment total.,yes,"West Desert, Riverbed",Pronghorn,Buck,Any Legal Weapon,Limited Entry,Limited Entry,244,73,8,81,73,8,81,0
PB5056,PERMIT_UNRESOLVED|REMAINING_AFTER_3_SOURCE_RULE,DATABASE_MATCHES_RECOMMENDED,Unresolved source recommendation matches DATABASE allotment total.,yes,"San Rafael, North",Pronghorn,Buck,Muzzleloader,Limited Entry,Limited Entry,194,21,2,23,21,2,23,0
PB5059,PERMIT_UNRESOLVED|REMAINING_AFTER_3_SOURCE_RULE,DATABASE_MATCHES_RECOMMENDED,Unresolved source recommendation matches DATABASE allotment total.,yes,"Nine Mile, Anthro-Myton Bench",Pronghorn,Buck,Muzzleloader,Limited Entry,Limited Entry,129,30,3,33,30,3,33,0
PB5076,PERMIT_UNRESOLVED|REMAINING_AFTER_3_SOURCE_RULE,DATABASE_MATCHES_RECOMMENDED,Unresolved source recommendation matches DATABASE allotment total.,yes,Parker Mtn,Pronghorn,Buck,Any Legal Weapon,Limited Entry,Limited Entry,703,135,15,150,135,15,150,0
PB5077,PERMIT_UNRESOLVED|REMAINING_AFTER_3_SOURCE_RULE,DATABASE_MATCHES_RECOMMENDED,Unresolved source recommendation matches DATABASE allotment total.,yes,Parker Mtn,Pronghorn,Buck,Archery,Limited Entry,Limited Entry,703,45,5,50,45,5,50,0
PB5313,CORE_REVIEW,DATABASE_HAS_VALUE_NO_RECOMMENDED_VALUE,DATABASE has an allotment value but unresolved source winner has no value.,yes,West Willow Creek Ranch CWMU,Pronghorn,Buck,Any Legal Weapon,CWMU,,805,,,1,,,,0
PB5331,PERMIT_UNRESOLVED|REMAINING_AFTER_3_SOURCE_RULE,DATABASE_MATCHES_RECOMMENDED,Unresolved source recommendation matches DATABASE allotment total.,yes,Mt Dutton/Paunsaugunt,Pronghorn,Buck,Any Legal Weapon,Limited Entry,Limited Entry,453,13,2,15,13,2,15,0
PB5341,CORE_REVIEW,DATABASE_HAS_VALUE_NO_RECOMMENDED_VALUE,DATABASE has an allotment value but unresolved source winner has no value.,yes,Sweetwater CWMU,Pronghorn,Buck,Any Legal Weapon,CWMU,,891,,,1,,,,0
PB5343,CORE_REVIEW,DATABASE_MISSING,Hunt code is unresolved and is not present in DATABASE.csv.,no,,,,,,,,,,,,,,0
PD1000,REMAINING_AFTER_3_SOURCE_RULE,DATABASE_HAS_VALUE_NO_RECOMMENDED_VALUE,DATABASE has an allotment value but unresolved source winner has no value.,yes,"Box Elder, Snowville",Pronghorn,Doe,Any Legal Weapon,General Season,Antlerless,27,72,8,80,,,,0
PD1006,CORE_REVIEW,DATABASE_HAS_VALUE_NO_RECOMMENDED_VALUE,DATABASE has an allotment value but unresolved source winner has no value.,yes,Parker Mtn,Pronghorn,Doe,Any Legal Weapon,General Season,,171,22,3,25,,,,0
PD1011,CORE_REVIEW,DATABASE_MISSING,Hunt code is unresolved and is not present in DATABASE.csv.,no,,,,,,,,,,,,,,0
PD1012,REMAINING_AFTER_3_SOURCE_RULE,DATABASE_HAS_VALUE_NO_RECOMMENDED_VALUE,DATABASE has an allotment value but unresolved source winner has no value.,yes,"Box Elder, Promontory",Pronghorn,Doe,Any Legal Weapon,General Season,Antlerless,24,22,3,25,,,,0
PD1016,CORE_REVIEW|REMAINING_AFTER_3_SOURCE_RULE,DATABASE_HAS_VALUE_NO_RECOMMENDED_VALUE,DATABASE has an allotment value but unresolved source winner has no value.,yes,Zane CWMU,Pronghorn,Doe,Any Legal Weapon,CWMU,,537,4,0,4,,,,0
PD1017,REMAINING_AFTER_3_SOURCE_RULE,DATABASE_HAS_VALUE_NO_RECOMMENDED_VALUE,DATABASE has an allotment value but unresolved source winner has no value.,yes,"Box Elder, West",Pronghorn,Doe,Any Legal Weapon,General Season,Antlerless,755,49,6,55,,,,0
PD1025,CORE_REVIEW,DATABASE_HAS_VALUE_NO_RECOMMENDED_VALUE,DATABASE has an allotment value but unresolved source winner has no value.,yes,Cottonwood Ridge CWMU,Pronghorn,Doe,Any Legal Weapon,CWMU,,824,4,0,4,,,,0
PD1026,CORE_REVIEW|REMAINING_AFTER_3_SOURCE_RULE,DATABASE_HAS_VALUE_NO_RECOMMENDED_VALUE,DATABASE has an allotment value but unresolved source winner has no value.,yes,Pahvant Ensign CWMU,Pronghorn,Doe,Any Legal Weapon,CWMU,,826,4,0,4,,,,0
PD1032,CORE_REVIEW,DATABASE_HAS_VALUE_NO_RECOMMENDED_VALUE,DATABASE has an allotment value but unresolved source winner has no value.,yes,Antelope Creek CWMU,Pronghorn,Doe,Any Legal Weapon,CWMU,,581,6,,6,,,,0
PD1039,CORE_REVIEW,DATABASE_MISSING,Hunt code is unresolved and is not present in DATABASE.csv.,no,,,,,,,,,,,,,,0
PD1041,CORE_REVIEW,DATABASE_MISSING,Hunt code is unresolved and is not present in DATABASE.csv.,no,,,,,,,,,,,,,,0
PD1044,REMAINING_AFTER_3_SOURCE_RULE,DATABASE_HAS_VALUE_NO_RECOMMENDED_VALUE,DATABASE has an allotment value but unresolved source winner has no value.,yes,Vernal-Ouray Valley,Pronghorn,Doe,Any Legal Weapon,General Season,Antlerless,895,9,1,10,,,,0
PD1045,CORE_REVIEW,DATABASE_HAS_VALUE_NO_RECOMMENDED_VALUE,DATABASE has an allotment value but unresolved source winner has no value.,yes,The Rose of Snowville CWMU,Pronghorn,Doe,Any Legal Weapon,CWMU,,509,4,0,4,,,,0
PD1046,CORE_REVIEW,DATABASE_HAS_VALUE_NO_RECOMMENDED_VALUE,DATABASE has an allotment value but unresolved source winner has no value.,yes,Green River Flat CWMU,Pronghorn,Doe,Any Legal Weapon,CWMU,,918,6,,6,,,,0
PD1056,REMAINING_AFTER_3_SOURCE_RULE,DATABASE_HAS_VALUE_NO_RECOMMENDED_VALUE,DATABASE has an allotment value but unresolved source winner has no value.,yes,Parker Mtn,Pronghorn,Doe,Any Legal Weapon,General Season,Antlerless,703,36,4,40,,,,0
PD1057,REMAINING_AFTER_3_SOURCE_RULE,DATABASE_HAS_VALUE_NO_RECOMMENDED_VALUE,DATABASE has an allotment value but unresolved source winner has no value.,yes,"Parker Mtn, Highlands",Pronghorn,Doe,Any Legal Weapon,General Season,Antlerless,873,31,4,35,,,,0
PD1059,REMAINING_AFTER_3_SOURCE_RULE,DATABASE_HAS_VALUE_NO_RECOMMENDED_VALUE,DATABASE has an allotment value but unresolved source winner has no value.,yes,"Parker Mtn, Plains",Pronghorn,Doe,Any Legal Weapon,General Season,Antlerless,940,27,3,30,,,,0
RS0001,CORE_REVIEW,SPORTSMAN_CONSERVATION_OVERLAP_REVIEW,Code is current sportsman in review set and also appears in conservation table; keep families separate.,yes,Rocky Mountain Bighorn Sheep - Statewide Permit,Rocky Mountain Bighorn Sheep,Ram,Any Legal Weapon,Statewide,Statewide Permit,5135,1,0,1,,,,1
RS1000,CORE_REVIEW|PERMIT_UNRESOLVED|REMAINING_AFTER_3_SOURCE_RULE,REMAINING_UNRESOLVED_REVIEW,Still present in remaining-after-3-source unresolved split.,yes,Antelope Island Conservation,Rocky Mountain Bighorn Sheep,Ram,Any Legal Weapon,Once-in-a-lifetime,Once-in-a-lifetime,1,,,,,,,0
RS1001,PERMIT_UNRESOLVED|REMAINING_AFTER_3_SOURCE_RULE,CONSERVATION_TABLE_DB_MATCH,Conservation source matches DATABASE conservation field.,yes,"Book Cliffs, South",Rocky Mountain Bighorn Sheep,Ram,Any Legal Weapon,Conservation,Conservation,15,1,0,1,,,,1
RS1003,PERMIT_UNRESOLVED|REMAINING_AFTER_3_SOURCE_RULE,CONSERVATION_TABLE_DB_MATCH,Conservation source matches DATABASE conservation field.,yes,"Box Elder, Newfoundland Mtn",Rocky Mountain Bighorn Sheep,Ram,Any Legal Weapon,Conservation,Conservation,20,1,0,1,,,,1
RS1006,PERMIT_UNRESOLVED|REMAINING_AFTER_3_SOURCE_RULE,CONSERVATION_TABLE_DB_MATCH,Conservation source matches DATABASE conservation field.,yes,"Nine Mile, Gray Canyon",Rocky Mountain Bighorn Sheep,Ram,Any Legal Weapon,Conservation,Conservation,821,1,0,1,,,,1
RS6703,PERMIT_UNRESOLVED|REMAINING_AFTER_3_SOURCE_RULE,DATABASE_MATCHES_RECOMMENDED,Unresolved source recommendation matches DATABASE allotment total.,yes,"Box Elder, Newfoundland Mtn",Rocky Mountain Bighorn Sheep,Ram,Any Legal Weapon,Once-in-a-lifetime,Once-in-a-lifetime,20,4,0,4,4,0,4,0
RS6720,PERMIT_UNRESOLVED|REMAINING_AFTER_3_SOURCE_RULE,CONSERVATION_TABLE_DB_MATCH,Conservation source matches DATABASE conservation field.,yes,"Fillmore, Oak Creek",Rocky Mountain Bighorn Sheep,Ram,Any Legal Weapon,Once-in-a-lifetime,Once-in-a-lifetime,668,4,0,4,4,0,4,1
TK0001,CORE_REVIEW,UNRESOLVED_DATABASE_PRESENT_REVIEW,Present in DATABASE but unresolved status remains.,yes,Turkey - Statewide Permit,Turkey,Bearded,Any Legal Weapon,Statewide,Statewide Permit,454,,,,,,,0
TK1000,PERMIT_UNRESOLVED|REMAINING_AFTER_3_SOURCE_RULE,CONSERVATION_TABLE_DB_MATCH,Conservation source matches DATABASE conservation field.,yes,Statewide,Turkey,Bearded,Any Legal Weapon,Spring General Season,Youth,454,,,,,,,1
TK1012,PERMIT_UNRESOLVED|REMAINING_AFTER_3_SOURCE_RULE,CONSERVATION_TABLE_DB_MATCH,Conservation source matches DATABASE conservation field.,yes,Central Area,Turkey,Bearded,Any Legal Weapon,Conservation,Conservation,887,,,8,,,,1
TK1013,PERMIT_UNRESOLVED|REMAINING_AFTER_3_SOURCE_RULE,CONSERVATION_TABLE_DB_MATCH,Conservation source matches DATABASE conservation field.,yes,Northeastern Area,Turkey,Bearded,Any Legal Weapon,Conservation,Conservation,886,,,8,,,,1
TK1014,PERMIT_UNRESOLVED|REMAINING_AFTER_3_SOURCE_RULE,CONSERVATION_TABLE_DB_MATCH,Conservation source matches DATABASE conservation field.,yes,Northern Area,Turkey,Bearded,Any Legal Weapon,Conservation,Conservation,888,,,8,,,,1
TK1015,PERMIT_UNRESOLVED|REMAINING_AFTER_3_SOURCE_RULE,CONSERVATION_TABLE_DB_MATCH,Conservation source matches DATABASE conservation field.,yes,Southeastern Area,Turkey,Bearded,Any Legal Weapon,Conservation,Conservation,884,,,8,,,,1
TK1016,PERMIT_UNRESOLVED|REMAINING_AFTER_3_SOURCE_RULE,CONSERVATION_TABLE_DB_MATCH,Conservation source matches DATABASE conservation field.,yes,Southern Area,Turkey,Bearded,Any Legal Weapon,Conservation,Conservation,885,,,8,,,,1
TK1019,CORE_REVIEW,DATABASE_HAS_VALUE_NO_RECOMMENDED_VALUE,DATABASE has an allotment value but unresolved source winner has no value.,yes,Southeastern Region - Select areas only,Turkey,Either Sex,Any Legal Weapon,Fall Management,Management,5137,,,66,,,,0
TK1022,CORE_REVIEW,DATABASE_HAS_VALUE_NO_RECOMMENDED_VALUE,DATABASE has an allotment value but unresolved source winner has no value.,yes,Southern Region - Select areas only,Turkey,Either Sex,Any Legal Weapon,Fall Management,Management,5138,,,155,,,,0
