{"type":"FeatureCollection","metadata":{"hunt_code":"EA1116","boundary_id":"635","member_boundary_ids":[],"source_boundary_ids":["635"],"source_hunt_code":"EA1116","merged_boundary_id":null,"boundary_geometry_type":"single_boundary_id","generated_from":"display-boundary-index-2026-existing-fallback-reconcile","boundary_source_authority":"Utah DWR","boundary_source_file":"data/hunt-master-canonical-2026-source-of-truth.json","fallback_source_file":"data/hunt_boundaries.geojson"},"features":[{"type":"Feature","properties":{"boundary_id":"635","BoundaryID":"635","Boundary_Name":"Zion","boundary_name":"Zion","source":"arcgis_lite_individual"},"geometry":{"type":"MultiPolygon","coordinates":[[[[-113.07897,37.68085],[-113.06863,37.68088],[-113.05504,37.67739],[-113.05117,37.67638],[-113.04275,37.67267],[-113.03366,37.67351],[-113.02683,37.67365],[-113.01942,37.67315],[-113.01317,37.67034],[-113.00859,37.66658],[-112.99965,37.66472],[-112.99429,37.6592],[-112.98631,37.65323],[-112.97055,37.64699],[-112.96398,37.6435],[-112.95801,37.64317],[-112.95258,37.63999],[-112.94679,37.63528],[-112.9398,37.63099],[-112.9356,37.62908],[-112.93334,37.62423],[-112.93284,37.61168],[-112.93598,37.60603],[-112.93465,37.60154],[-112.92883,37.59796],[-112.91875,37.59443],[-112.91069,37.5937],[-112.90348,37.59054],[-112.89791,37.5918],[-112.89973,37.59318],[-112.89355,37.59364],[-112.88628,37.59334],[-112.88143,37.58959],[-112.88352,37.58307],[-112.87793,37.58193],[-112.87523,37.58147],[-112.87116,37.57918],[-112.86692,37.57738],[-112.8602,37.57302],[-112.85571,37.57009],[-112.84796,37.56718],[-112.84127,37.57097],[-112.82976,37.57195],[-112.81844,37.57154],[-112.81014,37.57129],[-112.80092,37.57028],[-112.78997,37.5666],[-112.78937,37.55418],[-112.78592,37.54648],[-112.78299,37.54164],[-112.77521,37.53889],[-112.77221,37.53429],[-112.76704,37.53161],[-112.7612,37.527],[-112.75706,37.52775],[-112.75203,37.52811],[-112.74711,37.52635],[-112.74217,37.52431],[-112.73359,37.52147],[-112.7281,37.52066],[-112.7194,37.51798],[-112.70901,37.51906],[-112.70621,37.51974],[-112.69642,37.51523],[-112.68915,37.51384],[-112.6855,37.51429],[-112.68203,37.51655],[-112.67545,37.51811],[-112.66458,37.52457],[-112.66022,37.52431],[-112.64803,37.51864],[-112.6391,37.51432],[-112.63365,37.51241],[-112.62567,37.50518],[-112.62088,37.49654],[-112.61856,37.49242],[-112.61317,37.49121],[-112.60802,37.49351],[-112.60364,37.49758],[-112.5978,37.50022],[-112.59204,37.50071],[-112.58934,37.49841],[-112.57926,37.49513],[-112.57218,37.49181],[-112.56741,37.49085],[-112.54786,37.49674],[-112.54396,37.4967],[-112.53959,37.49584],[-112.53572,37.49721],[-112.53157,37.49615],[-112.53018,37.49398],[-112.53096,37.49087],[-112.52759,37.49032],[-112.52538,37.48884],[-112.52384,37.49069],[-112.51879,37.4899],[-112.51368,37.48647],[-112.51439,37.48056],[-112.51341,37.47403],[-112.51826,37.46511],[-112.52287,37.45983],[-112.52838,37.45276],[-112.53575,37.44619],[-112.53784,37.44137],[-112.53823,37.42727],[-112.54076,37.42257],[-112.54714,37.41521],[-112.55173,37.40785],[-112.55578,37.40291],[-112.56237,37.3921],[-112.56688,37.38928],[-112.57116,37.38562],[-112.57803,37.38212],[-112.58496,37.37898],[-112.59039,37.37791],[-112.59472,37.37304],[-112.59462,37.36902],[-112.59244,37.3658],[-112.59446,37.36273],[-112.59925,37.35757],[-112.59787,37.35314],[-112.60068,37.34576],[-112.60519,37.34005],[-112.60092,37.33277],[-112.59982,37.32715],[-112.59769,37.32261],[-112.59752,37.31221],[-112.59953,37.30656],[-112.60364,37.30241],[-112.61186,37.29841],[-112.61707,37.29309],[-112.62226,37.28474],[-112.62618,37.28209],[-112.63004,37.27716],[-112.63607,37.27594],[-112.64265,37.27515],[-112.64936,37.27139],[-112.65868,37.25729],[-112.66112,37.25118],[-112.66555,37.24655],[-112.67278,37.23921],[-112.67804,37.22667],[-112.68112,37.22323],[-112.68433,37.21478],[-112.68444,37.2081],[-112.68516,37.20468],[-112.68302,37.20342],[-112.67367,37.20387],[-112.66582,37.19657],[-112.66178,37.19517],[-112.66089,37.19211],[-112.65932,37.1895],[-112.57934,37.15713],[-112.57185,37.15159],[-112.56851,37.14587],[-112.56686,37.13956],[-112.56638,37.13431],[-112.56484,37.12926],[-112.56463,37.12278],[-112.56123,37.11578],[-112.55732,37.11368],[-112.55163,37.11169],[-112.54929,37.10845],[-112.54694,37.09896],[-112.5433,37.09539],[-112.54151,37.0891],[-112.53849,37.07801],[-112.53622,37.07433],[-112.53683,37.06957],[-112.5371,37.05957],[-112.53504,37.05157],[-112.53367,37.04819],[-112.52651,37.04767],[-112.52619,37.04039],[-112.52492,37.03676],[-112.52485,37.02941],[-112.52505,37.01386],[-112.52944,37.00346],[-112.56571,37.00056],[-112.89244,37.00039],[-113.00879,37.0001],[-113.13631,36.99995],[-113.31727,37.00005],[-113.49455,37],[-113.61079,37.00002],[-113.61848,37.00658],[-113.60743,37.02379],[-113.59871,37.03727],[-113.5899,37.04655],[-113.587,37.05593],[-113.58372,37.06094],[-113.58471,37.07548],[-113.5828,37.08354],[-113.57239,37.09188],[-113.56202,37.10001],[-113.55691,37.1117],[-113.54392,37.11936],[-113.52542,37.1284],[-113.50987,37.13857],[-113.48894,37.14622],[-113.47586,37.15762],[-113.46288,37.16194],[-113.44818,37.16781],[-113.4302,37.17521],[-113.41402,37.18153],[-113.39617,37.20468],[-113.38342,37.2214],[-113.3721,37.23091],[-113.36292,37.2399],[-113.3565,37.24242],[-113.3512,37.24524],[-113.33341,37.25701],[-113.32107,37.26868],[-113.30899,37.2809],[-113.30148,37.28981],[-113.29791,37.30011],[-113.29614,37.30961],[-113.28843,37.3212],[-113.27646,37.33923],[-113.26784,37.35133],[-113.26008,37.36464],[-113.24917,37.37754],[-113.243,37.39193],[-113.23521,37.41149],[-113.23527,37.41925],[-113.23555,37.4266],[-113.22701,37.45814],[-113.21959,37.48571],[-113.20905,37.52452],[-113.20391,37.53829],[-113.1729,37.58697],[-113.15305,37.61313],[-113.14729,37.61841],[-113.13843,37.6233],[-113.10881,37.63195],[-113.08908,37.64414],[-113.08371,37.65141],[-113.08026,37.66053],[-113.07967,37.67701],[-113.07897,37.68085]]]]}},{"type":"Feature","properties":{"boundary_id":"635","BoundaryID":"635","Boundary_Name":"Zion","boundary_name":"Zion","source":"arcgis_lite_individual"},"geometry":{"type":"MultiPolygon","coordinates":[[[[-113.07897,37.68085],[-113.06863,37.68088],[-113.05504,37.67739],[-113.05117,37.67638],[-113.04275,37.67267],[-113.03366,37.67351],[-113.02683,37.67365],[-113.01942,37.67315],[-113.01317,37.67034],[-113.00859,37.66658],[-112.99965,37.66472],[-112.99429,37.6592],[-112.98631,37.65323],[-112.97055,37.64699],[-112.96398,37.6435],[-112.95801,37.64317],[-112.95258,37.63999],[-112.94679,37.63528],[-112.9398,37.63099],[-112.9356,37.62908],[-112.93334,37.62423],[-112.93284,37.61168],[-112.93598,37.60603],[-112.93465,37.60154],[-112.92883,37.59796],[-112.91875,37.59443],[-112.91069,37.5937],[-112.90348,37.59054],[-112.89791,37.5918],[-112.89973,37.59318],[-112.89355,37.59364],[-112.88628,37.59334],[-112.88143,37.58959],[-112.88352,37.58307],[-112.87793,37.58193],[-112.87523,37.58147],[-112.87116,37.57918],[-112.86692,37.57738],[-112.8602,37.57302],[-112.85571,37.57009],[-112.84796,37.56718],[-112.84127,37.57097],[-112.82976,37.57195],[-112.81844,37.57154],[-112.81014,37.57129],[-112.80092,37.57028],[-112.78997,37.5666],[-112.78937,37.55418],[-112.78592,37.54648],[-112.78299,37.54164],[-112.77521,37.53889],[-112.77221,37.53429],[-112.76704,37.53161],[-112.7612,37.527],[-112.75706,37.52775],[-112.75203,37.52811],[-112.74711,37.52635],[-112.74217,37.52431],[-112.73359,37.52147],[-112.7281,37.52066],[-112.7194,37.51798],[-112.70901,37.51906],[-112.70621,37.51974],[-112.69642,37.51523],[-112.68915,37.51384],[-112.6855,37.51429],[-112.68203,37.51655],[-112.67545,37.51811],[-112.66458,37.52457],[-112.66022,37.52431],[-112.64803,37.51864],[-112.6391,37.51432],[-112.63365,37.51241],[-112.62567,37.50518],[-112.62088,37.49654],[-112.61856,37.49242],[-112.61317,37.49121],[-112.60802,37.49351],[-112.60364,37.49758],[-112.5978,37.50022],[-112.59204,37.50071],[-112.58934,37.49841],[-112.57926,37.49513],[-112.57218,37.49181],[-112.56741,37.49085],[-112.54786,37.49674],[-112.54396,37.4967],[-112.53959,37.49584],[-112.53572,37.49721],[-112.53157,37.49615],[-112.53018,37.49398],[-112.53096,37.49087],[-112.52759,37.49032],[-112.52538,37.48884],[-112.52384,37.49069],[-112.51879,37.4899],[-112.51368,37.48647],[-112.51439,37.48056],[-112.51341,37.47403],[-112.51826,37.46511],[-112.52287,37.45983],[-112.52838,37.45276],[-112.53575,37.44619],[-112.53784,37.44137],[-112.53823,37.42727],[-112.54076,37.42257],[-112.54714,37.41521],[-112.55173,37.40785],[-112.55578,37.40291],[-112.56237,37.3921],[-112.56688,37.38928],[-112.57116,37.38562],[-112.57803,37.38212],[-112.58496,37.37898],[-112.59039,37.37791],[-112.59472,37.37304],[-112.59462,37.36902],[-112.59244,37.3658],[-112.59446,37.36273],[-112.59925,37.35757],[-112.59787,37.35314],[-112.60068,37.34576],[-112.60519,37.34005],[-112.60092,37.33277],[-112.59982,37.32715],[-112.59769,37.32261],[-112.59752,37.31221],[-112.59953,37.30656],[-112.60364,37.30241],[-112.61186,37.29841],[-112.61707,37.29309],[-112.62226,37.28474],[-112.62618,37.28209],[-112.63004,37.27716],[-112.63607,37.27594],[-112.64265,37.27515],[-112.64936,37.27139],[-112.65868,37.25729],[-112.66112,37.25118],[-112.66555,37.24655],[-112.67278,37.23921],[-112.67804,37.22667],[-112.68112,37.22323],[-112.68433,37.21478],[-112.68444,37.2081],[-112.68516,37.20468],[-112.68302,37.20342],[-112.67367,37.20387],[-112.66582,37.19657],[-112.66178,37.19517],[-112.66089,37.19211],[-112.65932,37.1895],[-112.57934,37.15713],[-112.57185,37.15159],[-112.56851,37.14587],[-112.56686,37.13956],[-112.56638,37.13431],[-112.56484,37.12926],[-112.56463,37.12278],[-112.56123,37.11578],[-112.55732,37.11368],[-112.55163,37.11169],[-112.54929,37.10845],[-112.54694,37.09896],[-112.5433,37.09539],[-112.54151,37.0891],[-112.53849,37.07801],[-112.53622,37.07433],[-112.53683,37.06957],[-112.5371,37.05957],[-112.53504,37.05157],[-112.53367,37.04819],[-112.52651,37.04767],[-112.52619,37.04039],[-112.52492,37.03676],[-112.52485,37.02941],[-112.52505,37.01386],[-112.52944,37.00346],[-112.56571,37.00056],[-112.89244,37.00039],[-113.00879,37.0001],[-113.13631,36.99995],[-113.31727,37.00005],[-113.49455,37],[-113.61079,37.00002],[-113.61848,37.00658],[-113.60743,37.02379],[-113.59871,37.03727],[-113.5899,37.04655],[-113.587,37.05593],[-113.58372,37.06094],[-113.58471,37.07548],[-113.5828,37.08354],[-113.57239,37.09188],[-113.56202,37.10001],[-113.55691,37.1117],[-113.54392,37.11936],[-113.52542,37.1284],[-113.50987,37.13857],[-113.48894,37.14622],[-113.47586,37.15762],[-113.46288,37.16194],[-113.44818,37.16781],[-113.4302,37.17521],[-113.41402,37.18153],[-113.39617,37.20468],[-113.38342,37.2214],[-113.3721,37.23091],[-113.36292,37.2399],[-113.3565,37.24242],[-113.3512,37.24524],[-113.33341,37.25701],[-113.32107,37.26868],[-113.30899,37.2809],[-113.30148,37.28981],[-113.29791,37.30011],[-113.29614,37.30961],[-113.28843,37.3212],[-113.27646,37.33923],[-113.26784,37.35133],[-113.26008,37.36464],[-113.24917,37.37754],[-113.243,37.39193],[-113.23521,37.41149],[-113.23527,37.41925],[-113.23555,37.4266],[-113.22701,37.45814],[-113.21959,37.48571],[-113.20905,37.52452],[-113.20391,37.53829],[-113.1729,37.58697],[-113.15305,37.61313],[-113.14729,37.61841],[-113.13843,37.6233],[-113.10881,37.63195],[-113.08908,37.64414],[-113.08371,37.65141],[-113.08026,37.66053],[-113.07967,37.67701],[-113.07897,37.68085]]]]}},{"type":"Feature","properties":{"boundary_id":"635","BoundaryID":"635","Boundary_Name":"Zion","boundary_name":"Zion","source":"arcgis_lite_individual"},"geometry":{"type":"MultiPolygon","coordinates":[[[[-113.07897,37.68085],[-113.06863,37.68088],[-113.05504,37.67739],[-113.05117,37.67638],[-113.04275,37.67267],[-113.03366,37.67351],[-113.02683,37.67365],[-113.01942,37.67315],[-113.01317,37.67034],[-113.00859,37.66658],[-112.99965,37.66472],[-112.99429,37.6592],[-112.98631,37.65323],[-112.97055,37.64699],[-112.96398,37.6435],[-112.95801,37.64317],[-112.95258,37.63999],[-112.94679,37.63528],[-112.9398,37.63099],[-112.9356,37.62908],[-112.93334,37.62423],[-112.93284,37.61168],[-112.93598,37.60603],[-112.93465,37.60154],[-112.92883,37.59796],[-112.91875,37.59443],[-112.91069,37.5937],[-112.90348,37.59054],[-112.89791,37.5918],[-112.89973,37.59318],[-112.89355,37.59364],[-112.88628,37.59334],[-112.88143,37.58959],[-112.88352,37.58307],[-112.87793,37.58193],[-112.87523,37.58147],[-112.87116,37.57918],[-112.86692,37.57738],[-112.8602,37.57302],[-112.85571,37.57009],[-112.84796,37.56718],[-112.84127,37.57097],[-112.82976,37.57195],[-112.81844,37.57154],[-112.81014,37.57129],[-112.80092,37.57028],[-112.78997,37.5666],[-112.78937,37.55418],[-112.78592,37.54648],[-112.78299,37.54164],[-112.77521,37.53889],[-112.77221,37.53429],[-112.76704,37.53161],[-112.7612,37.527],[-112.75706,37.52775],[-112.75203,37.52811],[-112.74711,37.52635],[-112.74217,37.52431],[-112.73359,37.52147],[-112.7281,37.52066],[-112.7194,37.51798],[-112.70901,37.51906],[-112.70621,37.51974],[-112.69642,37.51523],[-112.68915,37.51384],[-112.6855,37.51429],[-112.68203,37.51655],[-112.67545,37.51811],[-112.66458,37.52457],[-112.66022,37.52431],[-112.64803,37.51864],[-112.6391,37.51432],[-112.63365,37.51241],[-112.62567,37.50518],[-112.62088,37.49654],[-112.61856,37.49242],[-112.61317,37.49121],[-112.60802,37.49351],[-112.60364,37.49758],[-112.5978,37.50022],[-112.59204,37.50071],[-112.58934,37.49841],[-112.57926,37.49513],[-112.57218,37.49181],[-112.56741,37.49085],[-112.54786,37.49674],[-112.54396,37.4967],[-112.53959,37.49584],[-112.53572,37.49721],[-112.53157,37.49615],[-112.53018,37.49398],[-112.53096,37.49087],[-112.52759,37.49032],[-112.52538,37.48884],[-112.52384,37.49069],[-112.51879,37.4899],[-112.51368,37.48647],[-112.51439,37.48056],[-112.51341,37.47403],[-112.51826,37.46511],[-112.52287,37.45983],[-112.52838,37.45276],[-112.53575,37.44619],[-112.53784,37.44137],[-112.53823,37.42727],[-112.54076,37.42257],[-112.54714,37.41521],[-112.55173,37.40785],[-112.55578,37.40291],[-112.56237,37.3921],[-112.56688,37.38928],[-112.57116,37.38562],[-112.57803,37.38212],[-112.58496,37.37898],[-112.59039,37.37791],[-112.59472,37.37304],[-112.59462,37.36902],[-112.59244,37.3658],[-112.59446,37.36273],[-112.59925,37.35757],[-112.59787,37.35314],[-112.60068,37.34576],[-112.60519,37.34005],[-112.60092,37.33277],[-112.59982,37.32715],[-112.59769,37.32261],[-112.59752,37.31221],[-112.59953,37.30656],[-112.60364,37.30241],[-112.61186,37.29841],[-112.61707,37.29309],[-112.62226,37.28474],[-112.62618,37.28209],[-112.63004,37.27716],[-112.63607,37.27594],[-112.64265,37.27515],[-112.64936,37.27139],[-112.65868,37.25729],[-112.66112,37.25118],[-112.66555,37.24655],[-112.67278,37.23921],[-112.67804,37.22667],[-112.68112,37.22323],[-112.68433,37.21478],[-112.68444,37.2081],[-112.68516,37.20468],[-112.68302,37.20342],[-112.67367,37.20387],[-112.66582,37.19657],[-112.66178,37.19517],[-112.66089,37.19211],[-112.65932,37.1895],[-112.57934,37.15713],[-112.57185,37.15159],[-112.56851,37.14587],[-112.56686,37.13956],[-112.56638,37.13431],[-112.56484,37.12926],[-112.56463,37.12278],[-112.56123,37.11578],[-112.55732,37.11368],[-112.55163,37.11169],[-112.54929,37.10845],[-112.54694,37.09896],[-112.5433,37.09539],[-112.54151,37.0891],[-112.53849,37.07801],[-112.53622,37.07433],[-112.53683,37.06957],[-112.5371,37.05957],[-112.53504,37.05157],[-112.53367,37.04819],[-112.52651,37.04767],[-112.52619,37.04039],[-112.52492,37.03676],[-112.52485,37.02941],[-112.52505,37.01386],[-112.52944,37.00346],[-112.56571,37.00056],[-112.89244,37.00039],[-113.00879,37.0001],[-113.13631,36.99995],[-113.31727,37.00005],[-113.49455,37],[-113.61079,37.00002],[-113.61848,37.00658],[-113.60743,37.02379],[-113.59871,37.03727],[-113.5899,37.04655],[-113.587,37.05593],[-113.58372,37.06094],[-113.58471,37.07548],[-113.5828,37.08354],[-113.57239,37.09188],[-113.56202,37.10001],[-113.55691,37.1117],[-113.54392,37.11936],[-113.52542,37.1284],[-113.50987,37.13857],[-113.48894,37.14622],[-113.47586,37.15762],[-113.46288,37.16194],[-113.44818,37.16781],[-113.4302,37.17521],[-113.41402,37.18153],[-113.39617,37.20468],[-113.38342,37.2214],[-113.3721,37.23091],[-113.36292,37.2399],[-113.3565,37.24242],[-113.3512,37.24524],[-113.33341,37.25701],[-113.32107,37.26868],[-113.30899,37.2809],[-113.30148,37.28981],[-113.29791,37.30011],[-113.29614,37.30961],[-113.28843,37.3212],[-113.27646,37.33923],[-113.26784,37.35133],[-113.26008,37.36464],[-113.24917,37.37754],[-113.243,37.39193],[-113.23521,37.41149],[-113.23527,37.41925],[-113.23555,37.4266],[-113.22701,37.45814],[-113.21959,37.48571],[-113.20905,37.52452],[-113.20391,37.53829],[-113.1729,37.58697],[-113.15305,37.61313],[-113.14729,37.61841],[-113.13843,37.6233],[-113.10881,37.63195],[-113.08908,37.64414],[-113.08371,37.65141],[-113.08026,37.66053],[-113.07967,37.67701],[-113.07897,37.68085]]]]}},{"type":"Feature","properties":{"boundary_id":"635","BoundaryID":"635","Boundary_Name":"Zion","boundary_name":"Zion","source":"arcgis_lite_individual"},"geometry":{"type":"MultiPolygon","coordinates":[[[[-113.07897,37.68085],[-113.06863,37.68088],[-113.05504,37.67739],[-113.05117,37.67638],[-113.04275,37.67267],[-113.03366,37.67351],[-113.02683,37.67365],[-113.01942,37.67315],[-113.01317,37.67034],[-113.00859,37.66658],[-112.99965,37.66472],[-112.99429,37.6592],[-112.98631,37.65323],[-112.97055,37.64699],[-112.96398,37.6435],[-112.95801,37.64317],[-112.95258,37.63999],[-112.94679,37.63528],[-112.9398,37.63099],[-112.9356,37.62908],[-112.93334,37.62423],[-112.93284,37.61168],[-112.93598,37.60603],[-112.93465,37.60154],[-112.92883,37.59796],[-112.91875,37.59443],[-112.91069,37.5937],[-112.90348,37.59054],[-112.89791,37.5918],[-112.89973,37.59318],[-112.89355,37.59364],[-112.88628,37.59334],[-112.88143,37.58959],[-112.88352,37.58307],[-112.87793,37.58193],[-112.87523,37.58147],[-112.87116,37.57918],[-112.86692,37.57738],[-112.8602,37.57302],[-112.85571,37.57009],[-112.84796,37.56718],[-112.84127,37.57097],[-112.82976,37.57195],[-112.81844,37.57154],[-112.81014,37.57129],[-112.80092,37.57028],[-112.78997,37.5666],[-112.78937,37.55418],[-112.78592,37.54648],[-112.78299,37.54164],[-112.77521,37.53889],[-112.77221,37.53429],[-112.76704,37.53161],[-112.7612,37.527],[-112.75706,37.52775],[-112.75203,37.52811],[-112.74711,37.52635],[-112.74217,37.52431],[-112.73359,37.52147],[-112.7281,37.52066],[-112.7194,37.51798],[-112.70901,37.51906],[-112.70621,37.51974],[-112.69642,37.51523],[-112.68915,37.51384],[-112.6855,37.51429],[-112.68203,37.51655],[-112.67545,37.51811],[-112.66458,37.52457],[-112.66022,37.52431],[-112.64803,37.51864],[-112.6391,37.51432],[-112.63365,37.51241],[-112.62567,37.50518],[-112.62088,37.49654],[-112.61856,37.49242],[-112.61317,37.49121],[-112.60802,37.49351],[-112.60364,37.49758],[-112.5978,37.50022],[-112.59204,37.50071],[-112.58934,37.49841],[-112.57926,37.49513],[-112.57218,37.49181],[-112.56741,37.49085],[-112.54786,37.49674],[-112.54396,37.4967],[-112.53959,37.49584],[-112.53572,37.49721],[-112.53157,37.49615],[-112.53018,37.49398],[-112.53096,37.49087],[-112.52759,37.49032],[-112.52538,37.48884],[-112.52384,37.49069],[-112.51879,37.4899],[-112.51368,37.48647],[-112.51439,37.48056],[-112.51341,37.47403],[-112.51826,37.46511],[-112.52287,37.45983],[-112.52838,37.45276],[-112.53575,37.44619],[-112.53784,37.44137],[-112.53823,37.42727],[-112.54076,37.42257],[-112.54714,37.41521],[-112.55173,37.40785],[-112.55578,37.40291],[-112.56237,37.3921],[-112.56688,37.38928],[-112.57116,37.38562],[-112.57803,37.38212],[-112.58496,37.37898],[-112.59039,37.37791],[-112.59472,37.37304],[-112.59462,37.36902],[-112.59244,37.3658],[-112.59446,37.36273],[-112.59925,37.35757],[-112.59787,37.35314],[-112.60068,37.34576],[-112.60519,37.34005],[-112.60092,37.33277],[-112.59982,37.32715],[-112.59769,37.32261],[-112.59752,37.31221],[-112.59953,37.30656],[-112.60364,37.30241],[-112.61186,37.29841],[-112.61707,37.29309],[-112.62226,37.28474],[-112.62618,37.28209],[-112.63004,37.27716],[-112.63607,37.27594],[-112.64265,37.27515],[-112.64936,37.27139],[-112.65868,37.25729],[-112.66112,37.25118],[-112.66555,37.24655],[-112.67278,37.23921],[-112.67804,37.22667],[-112.68112,37.22323],[-112.68433,37.21478],[-112.68444,37.2081],[-112.68516,37.20468],[-112.68302,37.20342],[-112.67367,37.20387],[-112.66582,37.19657],[-112.66178,37.19517],[-112.66089,37.19211],[-112.65932,37.1895],[-112.57934,37.15713],[-112.57185,37.15159],[-112.56851,37.14587],[-112.56686,37.13956],[-112.56638,37.13431],[-112.56484,37.12926],[-112.56463,37.12278],[-112.56123,37.11578],[-112.55732,37.11368],[-112.55163,37.11169],[-112.54929,37.10845],[-112.54694,37.09896],[-112.5433,37.09539],[-112.54151,37.0891],[-112.53849,37.07801],[-112.53622,37.07433],[-112.53683,37.06957],[-112.5371,37.05957],[-112.53504,37.05157],[-112.53367,37.04819],[-112.52651,37.04767],[-112.52619,37.04039],[-112.52492,37.03676],[-112.52485,37.02941],[-112.52505,37.01386],[-112.52944,37.00346],[-112.56571,37.00056],[-112.89244,37.00039],[-113.00879,37.0001],[-113.13631,36.99995],[-113.31727,37.00005],[-113.49455,37],[-113.61079,37.00002],[-113.61848,37.00658],[-113.60743,37.02379],[-113.59871,37.03727],[-113.5899,37.04655],[-113.587,37.05593],[-113.58372,37.06094],[-113.58471,37.07548],[-113.5828,37.08354],[-113.57239,37.09188],[-113.56202,37.10001],[-113.55691,37.1117],[-113.54392,37.11936],[-113.52542,37.1284],[-113.50987,37.13857],[-113.48894,37.14622],[-113.47586,37.15762],[-113.46288,37.16194],[-113.44818,37.16781],[-113.4302,37.17521],[-113.41402,37.18153],[-113.39617,37.20468],[-113.38342,37.2214],[-113.3721,37.23091],[-113.36292,37.2399],[-113.3565,37.24242],[-113.3512,37.24524],[-113.33341,37.25701],[-113.32107,37.26868],[-113.30899,37.2809],[-113.30148,37.28981],[-113.29791,37.30011],[-113.29614,37.30961],[-113.28843,37.3212],[-113.27646,37.33923],[-113.26784,37.35133],[-113.26008,37.36464],[-113.24917,37.37754],[-113.243,37.39193],[-113.23521,37.41149],[-113.23527,37.41925],[-113.23555,37.4266],[-113.22701,37.45814],[-113.21959,37.48571],[-113.20905,37.52452],[-113.20391,37.53829],[-113.1729,37.58697],[-113.15305,37.61313],[-113.14729,37.61841],[-113.13843,37.6233],[-113.10881,37.63195],[-113.08908,37.64414],[-113.08371,37.65141],[-113.08026,37.66053],[-113.07967,37.67701],[-113.07897,37.68085]]]]}},{"type":"Feature","id":12,"geometry":{"type":"Polygon","coordinates":[[[-113.07896689493,37.6808451699974],[-113.07890658123,37.6808414573421],[-113.078820580572,37.6808477502162],[-113.077792115136,37.6808308256214],[-113.077329439676,37.6808373574173],[-113.076732641292,37.6808526486726],[-113.076141362032,37.6808503566562],[-113.075021199496,37.6808509737623],[-113.073889509667,37.6808692660601],[-113.072739020804,37.680863996524],[-113.071586915619,37.6808699188889],[-113.070136223919,37.6808747653405],[-113.068629472953,37.6808821096626],[-113.066954415747,37.6808922956887],[-113.065234067613,37.6809171296636],[-113.063520637151,37.6809256861273],[-113.061820279142,37.6809149739142],[-113.061772717137,37.6797295689569],[-113.061775899159,37.6785462502284],[-113.061745863516,37.677354860799],[-113.061618760683,37.6773549207262],[-113.060018131718,37.6773558651944],[-113.058291589142,37.6773670970561],[-113.056662533928,37.677377504127],[-113.055040600646,37.6773912791659],[-113.054870330882,37.6773925348705],[-113.054171990612,37.677396594325],[-113.05361168998,37.6773901344015],[-113.053328975021,37.6773761338054],[-113.053044555705,37.6773414347951],[-113.052581652695,37.6772485617176],[-113.052388998441,37.6771699073471],[-113.052188336998,37.6770886884642],[-113.051839235761,37.6768874005852],[-113.051795453163,37.6768621181342],[-113.051445215175,37.6766194841134],[-113.051165417287,37.6763819318203],[-113.050668993299,37.6758949120255],[-113.050359926258,37.6756236215269],[-113.049965964771,37.6753574111508],[-113.04950140295,37.6751212649409],[-113.049225977621,37.6750051126258],[-113.04858840463,37.6747897233893],[-113.048344262036,37.6747184455127],[-113.045671817822,37.6739405257926],[-113.044401452299,37.6734551898052],[-113.043727220912,37.6731920154446],[-113.043628352717,37.6731423612327],[-113.042749160837,37.6726691508352],[-113.041960048862,37.6722141998461],[-113.041532261175,37.6719530523806],[-113.041070677043,37.6716996979669],[-113.040559852805,37.6715111787593],[-113.040003410669,37.6714369971623],[-113.039440641177,37.6714629549868],[-113.038883761019,37.6715798289499],[-113.03832463779,37.6717390952349],[-113.037771227818,37.6719415174944],[-113.035658883783,37.6727665545499],[-113.034254175608,37.6733080865417],[-113.033664502439,37.6735120166199],[-113.033053664968,37.6736883716917],[-113.032431740212,37.6738324717275],[-113.031831642867,37.6739455516842],[-113.031252166823,37.6740249290808],[-113.0306869308,37.6740860344522],[-113.030125563931,37.6741227382124],[-113.029561316218,37.6741369590026],[-113.029004093183,37.6741177119507],[-113.028450741068,37.6740740633681],[-113.027902001296,37.6739915814137],[-113.027359552833,37.6738486085626],[-113.026825712544,37.6736469074447],[-113.025777098072,37.6731521493874],[-113.025231664824,37.6729407269481],[-113.024678735543,37.6727871072548],[-113.024126559972,37.6727028641417],[-113.023590023292,37.672651694281],[-113.023060555887,37.6726103138275],[-113.022516821348,37.6725862984797],[-113.021971407373,37.6725839381487],[-113.021430762014,37.6726319605681],[-113.020915160655,37.6727255122854],[-113.019908465842,37.6730221351707],[-113.019416452913,37.6731495217348],[-113.018902051581,37.6732457477396],[-113.018364847439,37.6732954996244],[-113.017818416264,37.6732976435199],[-113.01726890004,37.6732277418584],[-113.016744046727,37.6730636911799],[-113.016271154049,37.6728086297385],[-113.015874850551,37.6724927777572],[-113.014721690282,37.6712733419124],[-113.014427794262,37.671012510284],[-113.014055975083,37.6707629222372],[-113.013628276032,37.6705431257191],[-113.013171529378,37.6703391439831],[-113.012723412895,37.670118791536],[-113.012327222148,37.6698479851606],[-113.012009118719,37.6695298837182],[-113.011730767688,37.6691723515367],[-113.011457598983,37.6687967062543],[-113.011166253253,37.6684195679493],[-113.010832165197,37.6680548734339],[-113.010453239029,37.667708966473],[-113.010038443325,37.6673780889381],[-113.009578041303,37.6670795291963],[-113.009088981948,37.6668111955096],[-113.008590820314,37.6665835687919],[-113.008096141928,37.6664009405902],[-113.00759655249,37.6662463310963],[-113.007089809385,37.6661206796318],[-113.006578323941,37.6660293522756],[-113.006054042027,37.6659679800085],[-113.003057615066,37.6656692575221],[-113.002459294909,37.6655947077565],[-113.001875871989,37.6654838539714],[-113.001301826484,37.6653421972746],[-113.000737183253,37.6651706385726],[-113.000185076396,37.6649592116119],[-112.99964582099,37.6647196268284],[-112.99911584892,37.6644456364778],[-112.998609940034,37.6641387925504],[-112.998122694754,37.6638091000683],[-112.99765891149,37.6634663911793],[-112.997216444644,37.6631152085121],[-112.996789652599,37.6627565490498],[-112.996391553491,37.6623685636986],[-112.996027644036,37.6619448512791],[-112.995721695307,37.6614841085607],[-112.994924774895,37.660087212502],[-112.994629472686,37.6596425081732],[-112.994289984291,37.6591985503713],[-112.9938825643,37.6587575426401],[-112.993422256829,37.6583309455703],[-112.992940402563,37.6579038095862],[-112.991011326303,37.6562583572918],[-112.990033165187,37.6554124173849],[-112.989037451141,37.6545874927675],[-112.988517505383,37.6542177562602],[-112.987981094541,37.6539104780592],[-112.987448106913,37.6536463974673],[-112.986896822635,37.6534186708829],[-112.986613224491,37.6533252177451],[-112.986306799275,37.6532258399958],[-112.985675362367,37.6530526287877],[-112.977206702239,37.6507751911166],[-112.975895945253,37.6504150496442],[-112.975208252056,37.6502129844832],[-112.974526942238,37.6499522299381],[-112.973870335225,37.6496396891129],[-112.973248676227,37.6492769933818],[-112.972675680379,37.6488684198886],[-112.972174649846,37.6484379122286],[-112.971360346328,37.6476043927293],[-112.970972904698,37.6472684100113],[-112.970551798911,37.6469879621586],[-112.970078997181,37.6467669548918],[-112.969042297898,37.6464373041848],[-112.968351611895,37.6461412522075],[-112.967910703718,37.6458613955631],[-112.967686121534,37.6456830989505],[-112.966942761422,37.6450439261567],[-112.966613548266,37.6448087939539],[-112.966234514706,37.6445753926668],[-112.965816284427,37.6443597664773],[-112.965376627107,37.6441481006981],[-112.96445854163,37.6437154966505],[-112.963982545589,37.6435008260354],[-112.963484749115,37.6433189599529],[-112.962949392019,37.6432170233414],[-112.962404419715,37.6432233893959],[-112.96187583804,37.643335822969],[-112.96135381932,37.6434823909947],[-112.960826603767,37.643603809269],[-112.960289182971,37.6436388787199],[-112.959796859306,37.6436218273569],[-112.959345433746,37.643565342433],[-112.9589008739,37.6434681872893],[-112.958447462459,37.6433360302646],[-112.958006795281,37.6431712163265],[-112.95758895029,37.6429690722742],[-112.956018030579,37.6419281049043],[-112.955596019729,37.6416962827536],[-112.955186851302,37.6415219236186],[-112.954774710706,37.6413205759816],[-112.954663551449,37.6412737530327],[-112.954338216735,37.6411412595001],[-112.95391741911,37.6409553728443],[-112.953533652627,37.6407553530967],[-112.953190008969,37.6405294336733],[-112.952868245208,37.6402734109499],[-112.9525797132,37.6399879983672],[-112.951776106694,37.6390315970385],[-112.951411502557,37.6386104562154],[-112.950879116478,37.6380136497953],[-112.950250507034,37.637290459949],[-112.949610890996,37.6365359060582],[-112.949260278562,37.6361722044241],[-112.948844249667,37.6358636553765],[-112.94838748595,37.6356440965577],[-112.947949856814,37.6355062302229],[-112.94754540427,37.6354236895747],[-112.947172077451,37.635361361541],[-112.94679382055,37.6352837930821],[-112.946414788669,37.6351764961729],[-112.945674151762,37.6348913165719],[-112.944459356169,37.634413881172],[-112.944042112416,37.6342315046065],[-112.943647601619,37.6340081973159],[-112.943277972352,37.6337394180527],[-112.942941318303,37.6334313422027],[-112.942012833669,37.6325021622114],[-112.941681424696,37.6322210326284],[-112.941311881714,37.6319549491649],[-112.940124534821,37.6312228738655],[-112.939799051316,37.6309948129497],[-112.939526384069,37.6307496607429],[-112.939298557225,37.6304857463263],[-112.938859664311,37.629948628423],[-112.938599650573,37.6297104756668],[-112.938290190116,37.6295317138425],[-112.937931656909,37.6294267558576],[-112.937548219904,37.6293663653853],[-112.936750839071,37.6293362030842],[-112.936322868585,37.6293062799434],[-112.936095858267,37.6292609804115],[-112.935871344326,37.6291983361408],[-112.935596398549,37.6290829868978],[-112.935458552411,37.628962863961],[-112.934754164795,37.6283368107438],[-112.93404325822,37.6277429432806],[-112.933900474449,37.6276026220585],[-112.933757567824,37.6274050754918],[-112.933614497726,37.6271618397947],[-112.933499546647,37.626823064734],[-112.933440359566,37.6265154587423],[-112.933376484488,37.6253228456443],[-112.933382084326,37.6249704686225],[-112.933365981052,37.6244932684412],[-112.933340884543,37.6242287223327],[-112.932803589614,37.622579650687],[-112.932553429046,37.6218889117964],[-112.931721358854,37.619990159725],[-112.931643372091,37.6193846476178],[-112.931634200054,37.6190302591307],[-112.931670561145,37.6181894592144],[-112.93181929099,37.6168225810487],[-112.931911397249,37.6159513980849],[-112.931928011719,37.6158885815097],[-112.932326301637,37.6143854964983],[-112.932742793617,37.6122689233501],[-112.932842005976,37.611681506386],[-112.932972433898,37.6110746522503],[-112.933101687026,37.6106850106694],[-112.93326978738,37.6103956687064],[-112.933414138942,37.6102391947445],[-112.933964439894,37.6099228592106],[-112.934276636303,37.6096861277448],[-112.934551241479,37.609397741294],[-112.934856044764,37.6090070213277],[-112.935108932167,37.6085802022651],[-112.935512552553,37.6071947176168],[-112.935732603293,37.606550341203],[-112.935977340618,37.6060281248931],[-112.936329571413,37.6054140220023],[-112.936473577234,37.6050700966813],[-112.936550555847,37.6047624189585],[-112.936594362273,37.6044292405125],[-112.936507093931,37.6038727288545],[-112.936252102759,37.6034136879471],[-112.935966760754,37.6030640116577],[-112.935770647671,37.6028922130565],[-112.935345620432,37.602589707754],[-112.935183253418,37.602417444664],[-112.93500192531,37.6021647431397],[-112.934653006808,37.6015379901051],[-112.934337583485,37.6009315950191],[-112.934046431441,37.6006236453164],[-112.933711941607,37.6003479478467],[-112.933360994476,37.6001365056388],[-112.933046290023,37.6000167533878],[-112.931872555178,37.599538054996],[-112.93118343427,37.5992667145884],[-112.930807217514,37.5991069576266],[-112.930203609279,37.598874586546],[-112.929900647356,37.5987135380203],[-112.929125915196,37.5981879997688],[-112.928832542448,37.5979594704919],[-112.92847031329,37.5976873654457],[-112.928028839918,37.5973948348446],[-112.927713623611,37.5972018072309],[-112.927268094994,37.5969757598949],[-112.926618183163,37.5966948296591],[-112.925952334204,37.5964545306146],[-112.92522005322,37.5962601024564],[-112.923674509087,37.5960071951662],[-112.923192490551,37.5958984352412],[-112.920307820306,37.5948689120613],[-112.919251036826,37.5945451750861],[-112.9187519332,37.5944276624962],[-112.918327463808,37.594362827401],[-112.917802360281,37.5943309890896],[-112.916433152655,37.5943577429561],[-112.916072796902,37.594377023815],[-112.915487144711,37.594399961435],[-112.914999912113,37.5944271567184],[-112.914318792261,37.5944196446092],[-112.913738651631,37.5943659703282],[-112.913112741548,37.5942941096505],[-112.912377712598,37.5941760692757],[-112.91143614676,37.5939448423225],[-112.910691878984,37.5937000488211],[-112.909923542621,37.5934616783642],[-112.9093743824,37.5932903219443],[-112.908606267198,37.5930469824833],[-112.907184351525,37.5925966524938],[-112.906818859474,37.5924322284914],[-112.906505561258,37.5922714660998],[-112.906215647993,37.5920950042487],[-112.905071280252,37.5912329909336],[-112.904772576916,37.5910224208245],[-112.904362004531,37.5908217665629],[-112.903926521074,37.5906656728101],[-112.903484935377,37.5905367126036],[-112.902973062029,37.5904494394556],[-112.901996933008,37.5904102038043],[-112.899132742897,37.5903984805574],[-112.898098555671,37.5904053885614],[-112.897719559072,37.5904660990247],[-112.897496550016,37.5905638636326],[-112.897337743491,37.5907458513575],[-112.897250632989,37.5909994149291],[-112.897262658438,37.5913391637291],[-112.897396841068,37.5915209460879],[-112.897586148495,37.5916479484819],[-112.897913913416,37.5918039058908],[-112.898438360305,37.5919579596651],[-112.899073730523,37.5920735459377],[-112.90007002968,37.5921257287535],[-112.900294980682,37.5922022248692],[-112.900387337567,37.5922710328926],[-112.900493614623,37.5923972950029],[-112.900508652954,37.5926322724036],[-112.900486294526,37.5928218897075],[-112.9003409555,37.5929855498478],[-112.900144908377,37.593114878692],[-112.899936609386,37.5931632942891],[-112.899733365635,37.5931789136717],[-112.899460732043,37.5930980471779],[-112.89925420778,37.5929578967896],[-112.898815369436,37.5926297944056],[-112.898328153157,37.5924524325203],[-112.897919779548,37.5923558118691],[-112.897564518175,37.592348097641],[-112.897001629101,37.5923840054672],[-112.896337568127,37.5925213023291],[-112.89590950404,37.5926662491539],[-112.894840491923,37.5931902708648],[-112.893906607859,37.5935722438751],[-112.893550762047,37.5936444656864],[-112.893051428938,37.593627874792],[-112.892713264199,37.5935441687537],[-112.892121579033,37.5933334893791],[-112.891826655736,37.5932755833548],[-112.891514116525,37.5932778905062],[-112.891092984705,37.5933079827988],[-112.890545361235,37.5933970579214],[-112.889636921055,37.5935724792977],[-112.888762040533,37.5936284847798],[-112.88823487246,37.5936263781747],[-112.887508307576,37.5935547302519],[-112.886283939966,37.5933430558719],[-112.884608971379,37.5929314649836],[-112.883870232491,37.5927314740202],[-112.883372185823,37.5924825753112],[-112.883075508451,37.5923052626935],[-112.882816056505,37.5921219479323],[-112.882518785943,37.5918310887208],[-112.882122269088,37.5914219486583],[-112.881809782548,37.5910213805468],[-112.881556774781,37.5905090121092],[-112.881458241481,37.5901491911047],[-112.881428090713,37.589851365559],[-112.881428236615,37.5895873035546],[-112.881480980329,37.5893431310806],[-112.881580345568,37.5891513875693],[-112.882603403736,37.587952658399],[-112.882999366185,37.5874416526916],[-112.88331216145,37.5869112448835],[-112.883449431003,37.5865611799735],[-112.883800629541,37.5844097501742],[-112.883816015204,37.5839868286127],[-112.883810940845,37.5836507515574],[-112.883756205241,37.5834560588775],[-112.883639729197,37.5832380185859],[-112.883517778777,37.5830723367824],[-112.883334857302,37.582868875168],[-112.882545929963,37.5822772806286],[-112.88090144557,37.5811223543117],[-112.880487852187,37.5808689415385],[-112.880209058926,37.5807656871962],[-112.879994608054,37.5807127771661],[-112.879739756559,37.5807059322585],[-112.87942472846,37.5807333005971],[-112.879111844962,37.5808414741949],[-112.878651559715,37.5811404407717],[-112.878415742563,37.5813998735556],[-112.877933007725,37.5819278365594],[-112.877735227349,37.582132859286],[-112.877501458637,37.5822531980242],[-112.877339917082,37.582327596141],[-112.877037214505,37.5823951371504],[-112.87676123639,37.582404032943],[-112.876489678572,37.5823634704356],[-112.876239186507,37.5822643529409],[-112.876010319267,37.5821289320609],[-112.875825605732,37.5819569399094],[-112.875647000588,37.5818026947041],[-112.875421883243,37.5815909690264],[-112.875232345713,37.5814748386775],[-112.875019290122,37.581378187779],[-112.874664643501,37.5812890131141],[-112.87381441721,37.5813204517831],[-112.873458308716,37.5812813149363],[-112.87322015276,37.5812267861942],[-112.872945903036,37.5810785612104],[-112.872747407983,37.5808035920142],[-112.872478324996,37.5803010103856],[-112.872327153481,37.5800028488412],[-112.871992990159,37.5796821754685],[-112.871717919549,37.5794872767991],[-112.871159206371,37.5791755698206],[-112.870762184065,37.5790124332665],[-112.870045699488,37.5785272116447],[-112.869724748764,37.5782632799888],[-112.869322587966,37.5777313461283],[-112.869131231898,37.5775190731636],[-112.868936348723,37.5773876060208],[-112.868656555241,37.577270370745],[-112.868297750927,37.5771859288113],[-112.86790095133,37.5771669758361],[-112.867610837698,37.5772031106934],[-112.867258461796,37.5772852916068],[-112.866918492884,37.577383677599],[-112.866543124691,37.5774747818318],[-112.866295907254,37.577505638685],[-112.865673255582,37.5774707832965],[-112.86516996599,37.5773138138139],[-112.864131961868,37.5766930447527],[-112.862551374964,37.5756094869174],[-112.861903395834,37.5751617061071],[-112.861533956328,37.5748131698727],[-112.860989162813,37.5741705318877],[-112.860826920819,37.5738846958944],[-112.860447562144,37.5732827056216],[-112.86020313606,37.5730248407704],[-112.859753905658,37.5725722923529],[-112.859508013838,37.5723463527226],[-112.859295128467,37.5721180900773],[-112.858875404474,37.5714947402097],[-112.858707911961,37.5710882184959],[-112.858471535121,37.5707801144838],[-112.858242026143,37.5706115929785],[-112.857814346173,37.5703326354248],[-112.857329497314,37.570172457348],[-112.856846214314,37.5700752488367],[-112.856280098474,37.570089381869],[-112.855713593259,37.5700878368423],[-112.855356660134,37.5700357698836],[-112.854999178789,37.5698794377073],[-112.854664198633,37.5697035545331],[-112.854160193751,37.5694690421607],[-112.853543123517,37.569240809599],[-112.852801365363,37.5690249856787],[-112.851826409056,37.568819846055],[-112.851124226202,37.5686609793627],[-112.85067410088,37.5684617462349],[-112.849315470918,37.5675983915348],[-112.848782421514,37.5673968454576],[-112.847964467753,37.5671752447783],[-112.847490324481,37.5671075951763],[-112.847034941339,37.5670843513239],[-112.846481916405,37.5671188704995],[-112.846055316501,37.5671883602592],[-112.845256472155,37.5674149866391],[-112.844636693087,37.5677039683078],[-112.843959975316,37.5681451538418],[-112.843271142597,37.5687749731095],[-112.842386601055,37.5700187012372],[-112.842090222542,37.5703330823482],[-112.841709329289,37.5706823977475],[-112.841268330239,37.5709728076888],[-112.840889620215,37.5711581516913],[-112.840496395421,37.5712690985594],[-112.840175372996,37.5713371911088],[-112.838359882954,37.5716872268121],[-112.836170470268,37.5720685581235],[-112.835470167896,37.5721984151445],[-112.834712967017,37.572293734042],[-112.833795644901,37.5723562078399],[-112.833579506838,37.5723522661578],[-112.831865797673,37.5722235064095],[-112.831173515814,37.5721125833372],[-112.829762028333,37.5719470190518],[-112.829380151474,37.5719349145274],[-112.828864915423,37.5719237940159],[-112.828279939565,37.5719732333215],[-112.827555912353,37.5720965616156],[-112.824261040244,37.5729541470663],[-112.823520166114,37.5730791531319],[-112.823109360077,37.573088203817],[-112.822452464802,37.5730352632753],[-112.822032408412,37.572943514439],[-112.821292784672,37.5727016834683],[-112.819445688818,37.5719442953443],[-112.818435078035,37.5715421477301],[-112.817364440519,37.5710876525016],[-112.816463339081,37.5707366138646],[-112.815906659244,37.5705198710614],[-112.815456386909,37.5703952176103],[-112.814968136383,37.5702918749853],[-112.814481225618,37.5702483519948],[-112.814036072359,37.5702551952731],[-112.813592227432,37.5703113145463],[-112.812920095932,37.57047863729],[-112.811170261406,37.5710617494058],[-112.810627276788,37.5712136486597],[-112.810138234493,37.5712880225986],[-112.809700177981,37.5713310606767],[-112.809290429447,37.5713460852196],[-112.808436204515,37.5712651788572],[-112.807932404831,37.5711742120727],[-112.807345994922,37.5710054695405],[-112.805652655566,37.5703716820369],[-112.805332648325,37.5702954660671],[-112.804843202364,37.5702076911005],[-112.804385656942,37.5701608834168],[-112.803602099804,37.5701549260393],[-112.80131136233,37.5702795854174],[-112.800916919403,37.5702811890933],[-112.800434772899,37.5702612379407],[-112.800037432371,37.5702177307107],[-112.798779033967,37.570010705931],[-112.797764470717,37.569772916329],[-112.795901771172,37.5692488149716],[-112.795047341469,37.5689833301214],[-112.793918995074,37.5685796066918],[-112.791623488936,37.5676817808472],[-112.791053627171,37.5674213193254],[-112.790622746724,37.5671489229083],[-112.790302970317,37.5669392784011],[-112.789974409808,37.5665990860412],[-112.789752877429,37.5663311716383],[-112.789511394683,37.5659391877833],[-112.789363647895,37.5655845357221],[-112.789287312553,37.5652333070498],[-112.789264365449,37.5648893801248],[-112.78944076891,37.5612509103128],[-112.789522463666,37.559947735272],[-112.789768165398,37.5563294811666],[-112.789773447038,37.555840476136],[-112.789734434452,37.555388012225],[-112.789583864454,37.5547487895073],[-112.789371655042,37.5541827807578],[-112.789161858636,37.5538311410437],[-112.788857954159,37.5533736790671],[-112.788237792925,37.5526518962008],[-112.787515189974,37.5518823631423],[-112.787102757119,37.5513637229794],[-112.786786598325,37.5508661551198],[-112.786536076111,37.5502823351265],[-112.786464854722,37.5500207000158],[-112.786128842376,37.5491272431176],[-112.786037748431,37.5485356018497],[-112.785961742155,37.5477697917383],[-112.785915649642,37.5464787334028],[-112.785835687764,37.5459596538228],[-112.785526361259,37.5450401952714],[-112.784921312754,37.5435286725071],[-112.784778550763,37.5432472087584],[-112.784605181389,37.5429542209491],[-112.78448216935,37.5427794361969],[-112.784288400259,37.5425327198307],[-112.783857906111,37.5421363686082],[-112.783566564963,37.5419271752548],[-112.783370428266,37.5418183838449],[-112.783157449473,37.5417152539872],[-112.78299165386,37.5416447572408],[-112.782716318838,37.5415371608887],[-112.782114056062,37.5413416712865],[-112.779738385831,37.5406294757954],[-112.778598150507,37.5402753464951],[-112.777560971592,37.5399710254415],[-112.776759369692,37.5397208296795],[-112.776349518612,37.539571982835],[-112.77615275851,37.5394839172956],[-112.775791900585,37.5393009851607],[-112.775632349675,37.5392069515232],[-112.77548511629,37.539107324922],[-112.775208411114,37.5388933840901],[-112.774953566252,37.538646668969],[-112.774740584304,37.5383993239358],[-112.774555824229,37.538148850526],[-112.774186732912,37.5373315580371],[-112.773974247454,37.5367705694637],[-112.773788747006,37.536393029754],[-112.773664981425,37.5361848982758],[-112.773266365986,37.53555370333],[-112.772897234884,37.5350203002965],[-112.772648879926,37.5347121974199],[-112.772502663664,37.5345593779113],[-112.772205322728,37.5342853557313],[-112.772084102769,37.5341844329114],[-112.771982797923,37.534112051031],[-112.771349697099,37.5337574470036],[-112.770839568331,37.5335298737251],[-112.769003304345,37.5327850315787],[-112.768580168038,37.5325985035799],[-112.768178124218,37.5323945343835],[-112.767982013128,37.5322848150931],[-112.767787995028,37.5321678541274],[-112.767600573868,37.5320426828123],[-112.767416355809,37.531909351986],[-112.767036932134,37.5316086063793],[-112.766620826289,37.5312399133711],[-112.76538677259,37.5301137843525],[-112.763997348738,37.5288277381255],[-112.763204003671,37.528104167767],[-112.762881580817,37.5278196807439],[-112.762735072661,37.5277011005306],[-112.762429119108,37.5274911702058],[-112.762084358763,37.5273151645548],[-112.761908221274,37.5272357793049],[-112.761563412871,37.5271057366542],[-112.761384370111,37.5270471227459],[-112.761196489736,37.5269976529114],[-112.760999792879,37.5269582280459],[-112.760592138688,37.5268985162646],[-112.760386943244,37.5268826496496],[-112.759982759166,37.5268742553735],[-112.759571376301,37.526896609565],[-112.759157340179,37.5269505456786],[-112.758950126574,37.526993288017],[-112.758549992593,37.5271092012883],[-112.758344670914,37.5271843594667],[-112.758107072017,37.5272825292351],[-112.757273958901,37.5276581367262],[-112.757059859296,37.527745139619],[-112.756855750078,37.5278238821971],[-112.756645667231,37.5278891945216],[-112.7564364828,37.5279445793349],[-112.756231548328,37.527988184282],[-112.756026360089,37.5280209776223],[-112.755806359922,37.5280494846223],[-112.755306170985,37.5280974784753],[-112.754385349325,37.5281598326122],[-112.75351798169,37.5281853355799],[-112.752906730717,37.5281781898203],[-112.752477314763,37.5281557244635],[-112.752029356471,37.5281146063928],[-112.751809073389,37.5280827262168],[-112.751368170616,37.5280045495716],[-112.751139611257,37.5279574696081],[-112.750688901676,37.5278469907539],[-112.750470187379,37.5277853434507],[-112.750048281335,37.5276482987345],[-112.749639404332,37.5274876268296],[-112.749182949027,37.527276286945],[-112.748142019333,37.5267500506914],[-112.747755565332,37.5265800276014],[-112.747333082178,37.5264177464689],[-112.747114164441,37.5263470833323],[-112.746630139367,37.5262145504221],[-112.746362832637,37.5261554167519],[-112.745405791473,37.5259739965655],[-112.745196493287,37.5259275214825],[-112.744777309952,37.5258093437552],[-112.74456505759,37.5257331698146],[-112.744351191805,37.5256362904799],[-112.744129072401,37.5255251126087],[-112.743892854704,37.5253916111914],[-112.743171258991,37.5249209972813],[-112.742563693708,37.5245361176178],[-112.742166872505,37.5243085486285],[-112.741938936618,37.5241902423241],[-112.741671053698,37.5240572035125],[-112.741116269978,37.5238004170212],[-112.740616854485,37.5235887756339],[-112.740164803878,37.5234187930088],[-112.739709968607,37.5232749860509],[-112.739301827033,37.5231440083107],[-112.737475364033,37.5226022076091],[-112.736203477434,37.5222108458029],[-112.734713169381,37.5217686039994],[-112.733997775866,37.5215619096286],[-112.733588245564,37.5214678837775],[-112.733372263069,37.5214250906429],[-112.732908814106,37.5213480765633],[-112.732411744045,37.5212850727985],[-112.731890331023,37.5212458566545],[-112.730682941191,37.5211950648456],[-112.730171730572,37.5211565928023],[-112.729950448663,37.5211291923859],[-112.729508641995,37.521058156594],[-112.729273266795,37.5210084299197],[-112.728805453269,37.5208891045042],[-112.728347280999,37.5207462034146],[-112.728104247629,37.5206587337012],[-112.727855122675,37.5205524262287],[-112.727038450383,37.5201723274772],[-112.725362303218,37.5193703790515],[-112.724657241623,37.5190697457171],[-112.724054617585,37.5188442193268],[-112.723009485258,37.518516095661],[-112.722483678207,37.518383170986],[-112.721406330579,37.5181789752435],[-112.72115873403,37.5181384229595],[-112.720634443218,37.5180712597119],[-112.72004261767,37.5180194980552],[-112.719404665488,37.5179792202078],[-112.716247000801,37.5178449070061],[-112.714676295451,37.5177866132403],[-112.712466144095,37.5177213513663],[-112.712000250382,37.5177335147664],[-112.711568886698,37.517771312331],[-112.711190438572,37.5178470956301],[-112.71082046296,37.517947088966],[-112.710447977512,37.5180858716575],[-112.710266587824,37.5181696124233],[-112.709952630473,37.5183444974511],[-112.709659463652,37.5185380070731],[-112.709010520804,37.5190575142294],[-112.708735631857,37.5192588683714],[-112.708592839845,37.5193483568435],[-112.708429625365,37.5194354368578],[-112.708262873264,37.5195162590137],[-112.70808116945,37.5195864821147],[-112.707893604167,37.5196477771266],[-112.707508725259,37.5197398644145],[-112.707134273923,37.5197930455372],[-112.706767906367,37.5198037494298],[-112.70658322193,37.5197928999675],[-112.706394877299,37.5197703867368],[-112.706205155376,37.519737077991],[-112.705834084103,37.5196405970525],[-112.705651624267,37.5195783421854],[-112.705463180831,37.5195017533023],[-112.705235622736,37.5193968886918],[-112.701996375225,37.5178150473543],[-112.699231836791,37.5164543039975],[-112.698920645517,37.516302953762],[-112.697323670214,37.5155327199742],[-112.697087127327,37.5154297710169],[-112.696866889559,37.51534731628],[-112.696650433161,37.5152819307601],[-112.696424001397,37.5152257007645],[-112.696189999145,37.5151849005221],[-112.695954020489,37.5151567458597],[-112.695712610896,37.5151385825913],[-112.695165565047,37.5151139917538],[-112.694411511353,37.5150914677469],[-112.694001387892,37.5150676104474],[-112.693589583681,37.5150194417574],[-112.693150186108,37.5149518395213],[-112.692677316288,37.5148549738172],[-112.692173074258,37.514721604044],[-112.689598370989,37.5139392251091],[-112.689150374772,37.5138410879746],[-112.688670187996,37.5137704473525],[-112.688436640617,37.5137494529075],[-112.687961187794,37.5137382250324],[-112.687711303824,37.513745401816],[-112.687468429375,37.5137623917916],[-112.687235937267,37.5137882455483],[-112.686774954205,37.5138669324204],[-112.686552037308,37.5139160808892],[-112.686346207795,37.513970392493],[-112.68598455821,37.514089115765],[-112.685662717945,37.5142171835497],[-112.685502596009,37.5142915702457],[-112.685342554814,37.5143695606259],[-112.685030875253,37.5145470511445],[-112.684722266718,37.5147605475506],[-112.684562186489,37.5148872056386],[-112.684216920794,37.5151814360834],[-112.683633529097,37.5157043767448],[-112.683395644725,37.5158934284716],[-112.683203021045,37.5160322651005],[-112.683126108533,37.5160838321562],[-112.682741724379,37.5162993047924],[-112.682406295586,37.516427557447],[-112.682034528504,37.5165500179524],[-112.681913015889,37.5165805892251],[-112.681839918454,37.5166005569068],[-112.68161240478,37.5166470578194],[-112.680970965219,37.5167526261013],[-112.680279613192,37.5168525923325],[-112.679226563893,37.5170198859569],[-112.678494102114,37.517153773129],[-112.678005374968,37.5172580557451],[-112.677247314568,37.5174616962738],[-112.676600120767,37.5176646591017],[-112.675638601487,37.5180298004614],[-112.675445778995,37.5181100452692],[-112.675055020971,37.5182949405981],[-112.674418450272,37.5186194114518],[-112.674191566116,37.5187452004184],[-112.67350494732,37.5191596011],[-112.67234914192,37.5198960861952],[-112.668144069742,37.5226251122123],[-112.666365615108,37.5237605817238],[-112.666014007921,37.5239782416836],[-112.665644949278,37.5241745164626],[-112.665250480623,37.5243477156136],[-112.665038359231,37.5244264132594],[-112.664579777363,37.5245662662529],[-112.664130474076,37.5246654298256],[-112.663713235124,37.5247307931277],[-112.663267194045,37.5247731278288],[-112.662910020706,37.5247916776842],[-112.662276043298,37.5247789744454],[-112.661854220364,37.5247398490781],[-112.661210146443,37.5246290444],[-112.661182676862,37.524615010647],[-112.660952786994,37.5245560575317],[-112.66071581036,37.5244836846749],[-112.660476391916,37.5244032342961],[-112.660220777132,37.5243067884014],[-112.659627914044,37.5240555589233],[-112.657358803936,37.5230203337636],[-112.657118775657,37.5229119458145],[-112.656121199851,37.5224726056479],[-112.654259010357,37.5216181735436],[-112.652704512279,37.5209117191589],[-112.651251175065,37.5202245584179],[-112.650327016068,37.5197760302813],[-112.648836255488,37.5190316812201],[-112.648533284403,37.5188899062609],[-112.648276890342,37.5187564930162],[-112.648025319134,37.5186365308919],[-112.646262999186,37.5176841407599],[-112.645100817166,37.5170595369391],[-112.644762858681,37.5168695711043],[-112.643303273288,37.5160454048977],[-112.642210672059,37.5154441378554],[-112.64178952498,37.5152264796271],[-112.64141572301,37.515052323891],[-112.64104455991,37.5148952543696],[-112.640645239055,37.514743982493],[-112.640003732389,37.5145383918935],[-112.639546347348,37.5144221708481],[-112.639097255864,37.5143229569936],[-112.638290844677,37.5141818333826],[-112.638026195507,37.5141350337396],[-112.637544955546,37.514066001745],[-112.637348389605,37.5140281703658],[-112.636811775685,37.5139103333788],[-112.636619360941,37.5138553191297],[-112.636224175349,37.5137373217583],[-112.63565622922,37.5135315892635],[-112.635020579355,37.5132303556581],[-112.634775912355,37.5131138742738],[-112.634354111421,37.5128646537213],[-112.633646058628,37.5124075937706],[-112.633167114778,37.5120798476781],[-112.632578760862,37.511663485288],[-112.631910643729,37.5111689104476],[-112.630982093972,37.5104562165484],[-112.630369517076,37.5099653719338],[-112.629488651597,37.5092069440085],[-112.628970263305,37.5087283111936],[-112.628463035192,37.5082423119416],[-112.627749523709,37.5075302311852],[-112.626692839332,37.5063830532615],[-112.62611738381,37.5057231366358],[-112.62567223941,37.505176786002],[-112.625223103066,37.5046025491036],[-112.624718416692,37.5039182182238],[-112.62426981966,37.5032637568424],[-112.623782055641,37.5025242113182],[-112.623469169142,37.5020238006346],[-112.622997078124,37.5012236508856],[-112.622438366077,37.5001840493542],[-112.622182881682,37.4996693272257],[-112.621684792604,37.4986072584163],[-112.621489644119,37.4981620053389],[-112.621328130837,37.4977550448766],[-112.62087661066,37.4965436227518],[-112.62045710409,37.4951902593971],[-112.620121224447,37.4941466863596],[-112.620064883895,37.4939996503401],[-112.619933544366,37.4937319710504],[-112.619853847031,37.4936032807364],[-112.619663707644,37.4933364075383],[-112.619554513282,37.493203615136],[-112.619435356237,37.4930808732391],[-112.619167623386,37.4928348910998],[-112.618884703231,37.4926188585302],[-112.618728718632,37.492519152511],[-112.618561523865,37.4924241062727],[-112.61838315783,37.4923355217827],[-112.618000846806,37.4921785304169],[-112.616575330036,37.4916392601323],[-112.615753617775,37.4913521822166],[-112.615488363187,37.4912728933491],[-112.61510430115,37.4911916234668],[-112.614792254128,37.491145418753],[-112.61457351211,37.491124976009],[-112.614231652623,37.4911125244959],[-112.613766029551,37.4911306038374],[-112.613407202179,37.4911706556972],[-112.613169405197,37.4912108560411],[-112.612931821118,37.4912609670222],[-112.612569748274,37.4913605447969],[-112.612320383462,37.491441458737],[-112.611968362196,37.4915877637536],[-112.611507653421,37.4918346909426],[-112.610679454214,37.4923507019374],[-112.610098739264,37.4926984003925],[-112.609759803979,37.4928751638435],[-112.609410399829,37.4930385498628],[-112.609176112932,37.4931372772625],[-112.60893151288,37.4932298357678],[-112.608015572242,37.4935063830953],[-112.60777537679,37.4935934716075],[-112.6074504756,37.4937393941019],[-112.607251451369,37.4938475518126],[-112.607061724089,37.4939672992659],[-112.606880278762,37.4941040579656],[-112.606630652763,37.4943318713727],[-112.606482520751,37.4944925107252],[-112.605744707061,37.4954290547217],[-112.605170677036,37.4960911832704],[-112.60465511912,37.4966317437985],[-112.604061010373,37.4972022097715],[-112.603637057403,37.4975837986206],[-112.603063431752,37.4980548412739],[-112.60285068997,37.4982100441458],[-112.602515014151,37.4984354116484],[-112.602177858821,37.4986445753307],[-112.601840412822,37.4988402228799],[-112.601500260568,37.4990151768495],[-112.601092560962,37.49920546599],[-112.600821347244,37.4993245056497],[-112.600589156205,37.4994168788693],[-112.600218710225,37.4995507810864],[-112.599623332137,37.4997463118043],[-112.597798863176,37.500222998508],[-112.594872555481,37.5009876282859],[-112.594460400233,37.5010761107669],[-112.594391624551,37.5010869533034],[-112.594208931867,37.5011137539907],[-112.593960568635,37.5011378356402],[-112.593579273764,37.5011348697196],[-112.593335703059,37.5011183279898],[-112.593104285419,37.5010881026866],[-112.592879308892,37.501041567093],[-112.592478351718,37.5009117829334],[-112.592299188941,37.5008384914678],[-112.592036282789,37.5007104495389],[-112.591858693969,37.5006046902481],[-112.591520770836,37.50035328219],[-112.591294501842,37.5001391236382],[-112.590853760472,37.4996268276026],[-112.590580424295,37.4993267790995],[-112.590506479103,37.4992538703066],[-112.590269098521,37.4990488720946],[-112.590006858666,37.4988451093404],[-112.589726602391,37.4986451935983],[-112.589533957163,37.4985225091111],[-112.589432200013,37.4984716045621],[-112.58933586823,37.4984098115978],[-112.58913812366,37.4983133320864],[-112.588669877562,37.4981033252246],[-112.58805374154,37.4978538463892],[-112.586978471039,37.4974501072986],[-112.586396729489,37.4972217881669],[-112.585741383911,37.4969896776203],[-112.585242182533,37.4968127889191],[-112.584368391016,37.4965207834566],[-112.58326184774,37.4961877291988],[-112.582208264922,37.4958981175909],[-112.580095192187,37.4953595024211],[-112.579264701037,37.4951344753111],[-112.578830946377,37.495002378851],[-112.578294450233,37.4948256885821],[-112.577432900159,37.4945217510061],[-112.577053128922,37.4943745064822],[-112.576498428451,37.4941385666444],[-112.576216609432,37.4940070460647],[-112.575643951803,37.4937398871671],[-112.575361552292,37.4935967457588],[-112.574743716965,37.4932624989565],[-112.573597736938,37.4926090235477],[-112.572621062516,37.4920452131088],[-112.572183995777,37.4918076863047],[-112.571756695771,37.4916042764939],[-112.571483962104,37.4914898379285],[-112.571216035599,37.4913888539663],[-112.570667162508,37.4912131944406],[-112.57037483239,37.4911350650511],[-112.569925963653,37.4910355824324],[-112.569628377048,37.4909764479189],[-112.569329867512,37.4909272389896],[-112.568733603468,37.4908648600176],[-112.568142560576,37.4908357560594],[-112.567702647135,37.4908397932303],[-112.567406531788,37.4908509333971],[-112.566953782929,37.4908902880274],[-112.566500335641,37.4909503796289],[-112.566200505587,37.4910003210849],[-112.565754518929,37.4910927569859],[-112.565177544773,37.4912500166759],[-112.563204341143,37.491874598269],[-112.559434034413,37.4930842055298],[-112.558377032559,37.4934128836858],[-112.550837907953,37.4958157904699],[-112.548909636946,37.496436841015],[-112.548536473479,37.4965525918165],[-112.54786055176,37.4967426095726],[-112.547538550393,37.4968162277851],[-112.547233121216,37.4968707011182],[-112.54691949649,37.4969117617859],[-112.546601161967,37.4969438704833],[-112.546272370392,37.4969625960081],[-112.545951234751,37.4969686024668],[-112.545663839991,37.4969651536777],[-112.545409073907,37.4969531657208],[-112.544882948261,37.4968924526584],[-112.544456339372,37.4968138523533],[-112.544284538092,37.4967822106267],[-112.543957153739,37.4967044741574],[-112.543634015322,37.4966131620532],[-112.543318552751,37.496510032092],[-112.543018793588,37.4964003871495],[-112.542164441333,37.4960555393122],[-112.541770452244,37.4959290958549],[-112.541485138708,37.4958616186536],[-112.541196747892,37.4958095027092],[-112.540882680642,37.4957739441202],[-112.54057469384,37.4957590348729],[-112.540252487005,37.4957677436032],[-112.539916968635,37.4957892429646],[-112.539589884215,37.4958358673404],[-112.539267914795,37.495911265187],[-112.538945257673,37.4960083018981],[-112.538626528547,37.4961314237522],[-112.538492006022,37.4961908582027],[-112.538295839275,37.4962781338702],[-112.5373540216,37.4967419392721],[-112.537102973989,37.4968560645111],[-112.536837039271,37.4969613701106],[-112.5365482458,37.4970552558316],[-112.536266943235,37.4971283139169],[-112.535990851574,37.4971796727872],[-112.535717727727,37.4972102629263],[-112.535453374043,37.4972272191805],[-112.535192154624,37.4972315161471],[-112.534937443858,37.4972222087091],[-112.534671165929,37.4972004330658],[-112.534385257163,37.4971590836343],[-112.53407513891,37.497095515892],[-112.533743110162,37.4970115023555],[-112.533366369064,37.49689832604],[-112.532998436724,37.4967733174975],[-112.532348615404,37.4965266870441],[-112.531817688712,37.4962857212794],[-112.531567097868,37.4961456670412],[-112.531327503946,37.495990147866],[-112.531107990877,37.4958208486264],[-112.53091904931,37.4956529552719],[-112.530754932678,37.495482036013],[-112.53062010915,37.4953053291999],[-112.530501136848,37.4951293181022],[-112.530399036185,37.4949485818463],[-112.530313807061,37.4947631204779],[-112.53024543098,37.4945720329901],[-112.530201768685,37.4943725137214],[-112.530179666463,37.4941763202447],[-112.530176733725,37.4939771745596],[-112.530189632928,37.4937778237589],[-112.530223834309,37.4935691841312],[-112.530289110736,37.4933313007976],[-112.530389019867,37.4930722391637],[-112.530554507409,37.4927564480724],[-112.53090408668,37.4921498599984],[-112.531035894392,37.4919021010415],[-112.531124169662,37.4916828460595],[-112.531162780556,37.491468741259],[-112.531146294214,37.4912706725198],[-112.531081164782,37.4910723330425],[-112.530958309404,37.490872037904],[-112.530779723788,37.4907121214046],[-112.530568695089,37.4905697494326],[-112.53032132528,37.4904756159784],[-112.530054392174,37.4904204906401],[-112.529778146109,37.4904078456687],[-112.529477978092,37.4904423765975],[-112.528830559641,37.490587753474],[-112.528550910145,37.4906301280287],[-112.528273716254,37.4906265046507],[-112.528012401251,37.4905694994265],[-112.527788671171,37.4904696471082],[-112.527591071434,37.4903198857732],[-112.527434265947,37.4901182233498],[-112.527355119078,37.4898975308366],[-112.52730216437,37.4896855124288],[-112.527240640757,37.4894970381829],[-112.527132480079,37.4892956476082],[-112.526957005114,37.4891212644041],[-112.526731507989,37.4889898878854],[-112.526471984522,37.488909422613],[-112.526191636906,37.4888616720875],[-112.525911747939,37.4888364470882],[-112.525641326936,37.4888318286842],[-112.525383656054,37.4888423668472],[-112.525130856338,37.4888699659652],[-112.52490023741,37.4889315270173],[-112.524691835656,37.4890288522351],[-112.524504281983,37.4891502427028],[-112.524335699339,37.4893146497269],[-112.524228746257,37.4895062010656],[-112.524169670472,37.4897160614915],[-112.524132628852,37.48995267611],[-112.524089255496,37.4901560248719],[-112.524032074254,37.4903478350732],[-112.523951947052,37.4905237181735],[-112.523838751436,37.4906865085761],[-112.523688055541,37.4908407697836],[-112.523504327514,37.4909837401677],[-112.523297286999,37.4910927621047],[-112.523059109962,37.4911724427852],[-112.522802235548,37.4912226216483],[-112.522545631783,37.491230436078],[-112.522295282413,37.4912120320803],[-112.52205116941,37.4911665086397],[-112.521735666287,37.491058814522],[-112.520198741847,37.4904017403489],[-112.519470497926,37.4901317124612],[-112.518790573772,37.4899016165605],[-112.518469627116,37.4898038977365],[-112.517923507143,37.4896459819732],[-112.517361849982,37.4895026838255],[-112.516727806039,37.4893594112309],[-112.516018110818,37.4892225139195],[-112.512811347032,37.488649041705],[-112.512663594357,37.4886192988274],[-112.512839706904,37.488322322706],[-112.513056460721,37.4879094610733],[-112.513279105986,37.4874523605253],[-112.51348433271,37.4869729505754],[-112.513684524748,37.4864683687526],[-112.513861899326,37.4859541648583],[-112.514030756258,37.4854103273955],[-112.514172127887,37.4848497175495],[-112.514292326105,37.484248821038],[-112.514380132274,37.4836681679563],[-112.514440397435,37.483123919345],[-112.514474052838,37.4826061491532],[-112.514485603592,37.4821138983576],[-112.514476965861,37.4816300179446],[-112.514452605235,37.4812076265998],[-112.514417338499,37.4808052033586],[-112.514386349506,37.4805586479366],[-112.514264062873,37.479767082734],[-112.514140875327,37.479154885044],[-112.513995695583,37.4785736127911],[-112.513817072287,37.4780162023463],[-112.51337126902,37.4768277080631],[-112.513213873962,37.4763691661971],[-112.513112806529,37.4759558682924],[-112.513076070533,37.4755922184378],[-112.513078065385,37.4752424930878],[-112.513131358094,37.4748569604294],[-112.513243789102,37.4744319148083],[-112.513407475804,37.4740251394942],[-112.513618004296,37.473642098568],[-112.513864504802,37.4733045620024],[-112.514816924291,37.4721405066538],[-112.516035780055,37.4706765009305],[-112.516657600019,37.4698871024743],[-112.516775798208,37.4696368293496],[-112.516979605892,37.469258375162],[-112.517174842476,37.4688475843008],[-112.517333792477,37.4684318514314],[-112.51746863659,37.4679984021963],[-112.51780788479,37.4667691927518],[-112.518256085105,37.4651131736868],[-112.518435917625,37.464500689831],[-112.51860739608,37.4640902018232],[-112.518811909648,37.4636919069274],[-112.519022164307,37.463353924235],[-112.519275007323,37.4629973677324],[-112.519569690536,37.462641173847],[-112.519889804904,37.4623125920435],[-112.520228458683,37.4620063030619],[-112.520723354069,37.4615988603481],[-112.522094376806,37.4605158815273],[-112.522492245923,37.4601754755399],[-112.522874085589,37.4598253606559],[-112.523256631574,37.4594545057902],[-112.523638936087,37.4590719360509],[-112.524009713998,37.4586786982955],[-112.524829676325,37.4577451985796],[-112.525231206992,37.4572524183008],[-112.525623195777,37.4567354250607],[-112.525991388279,37.456216033999],[-112.526341289833,37.4556869638982],[-112.527507949763,37.4537926982641],[-112.527785073302,37.4534105736544],[-112.528057752963,37.4530879909866],[-112.528378938667,37.4527602738204],[-112.52872509667,37.4524376404364],[-112.529214287363,37.4520329401955],[-112.530367147882,37.4511320463237],[-112.532847575997,37.4491981731978],[-112.533436893509,37.4487164483776],[-112.533854403336,37.448346908358],[-112.534190456563,37.4480297980395],[-112.53469281537,37.4474978225324],[-112.53491378197,37.4472470977303],[-112.535197599899,37.4469189463263],[-112.535404743626,37.4466557821458],[-112.535750248286,37.4461934369659],[-112.53610138707,37.4456751375689],[-112.536358580652,37.4452617069645],[-112.536571580772,37.4448984214266],[-112.536744669277,37.4445735087386],[-112.536972570816,37.4441099854942],[-112.537123889085,37.4437709347638],[-112.537326966253,37.443254557624],[-112.537408113638,37.4430218703399],[-112.537531660598,37.4426516352271],[-112.537666683224,37.44217940486],[-112.537768613897,37.4417472617308],[-112.537843398722,37.4413695491886],[-112.537949766336,37.4406020681232],[-112.538096714753,37.4390562449978],[-112.53855275482,37.4340030795418],[-112.53861629435,37.4330766261537],[-112.538623438224,37.4324870885764],[-112.538604220531,37.4319348471079],[-112.538571393455,37.4315459165417],[-112.538385002462,37.4297836138297],[-112.538329738872,37.4290714113008],[-112.538245088283,37.4280828944875],[-112.538223771825,37.4276487491288],[-112.538234141629,37.4272718740264],[-112.538271179976,37.4269279996052],[-112.538318395019,37.4266948516477],[-112.538375962697,37.4264705818322],[-112.53854302345,37.4259087046032],[-112.538676924538,37.4256041271632],[-112.538898867129,37.4251839390781],[-112.539157426775,37.4247308271816],[-112.539517138546,37.424140301978],[-112.539888973235,37.4235901758912],[-112.540161795286,37.42322700522],[-112.540352706097,37.4230027992627],[-112.540759693278,37.42256938034],[-112.542348029291,37.421000242966],[-112.543077979348,37.4202813978555],[-112.545963675916,37.4174028136936],[-112.546231410284,37.4171244171972],[-112.546441066221,37.4168792265384],[-112.546532291158,37.4167545558287],[-112.546694220582,37.4164964698006],[-112.546834481208,37.4162287529112],[-112.546892703254,37.4160927970212],[-112.546946387879,37.4159559991942],[-112.547033441108,37.4156835706672],[-112.547138952942,37.4152099121383],[-112.547344359193,37.414154513102],[-112.5474229825,37.4138569583934],[-112.547520272706,37.4135880006095],[-112.547593657493,37.41342030057],[-112.54768059752,37.4132524229945],[-112.547781055604,37.4130825657547],[-112.54804343193,37.4127095995469],[-112.550593965504,37.4095450758561],[-112.550879055898,37.4091790157711],[-112.551191156139,37.4087531151931],[-112.551418726354,37.4083923151017],[-112.551726089044,37.407846603268],[-112.55257525287,37.4062356569964],[-112.552787641862,37.4058516200192],[-112.552979925975,37.4055336412273],[-112.553067775473,37.4054108124114],[-112.553155661897,37.4052897856326],[-112.553334492957,37.4050864473208],[-112.553633801805,37.4048085205552],[-112.553858126702,37.4046199055102],[-112.555027973448,37.4037149452527],[-112.55526089899,37.4035054846806],[-112.555542805201,37.4032061510476],[-112.555781770696,37.4029064806104],[-112.555914541829,37.4027163627383],[-112.55603262927,37.4025264380026],[-112.556205355183,37.4021924881619],[-112.55708136708,37.4001395221136],[-112.557485877554,37.3992148734629],[-112.557855840488,37.3984772465418],[-112.5581992124,37.3978742617702],[-112.558555897984,37.3973143625907],[-112.559181826127,37.3963912951792],[-112.559896444043,37.3953877403357],[-112.560854777738,37.394098858535],[-112.562371070283,37.3921004881911],[-112.562702328571,37.3916788106294],[-112.562969593363,37.3913850607171],[-112.563121405919,37.391243352931],[-112.563341168716,37.3910556816974],[-112.563602545496,37.3908593480381],[-112.563797455759,37.390726082329],[-112.564009398158,37.3905970974541],[-112.564226119105,37.3904806671012],[-112.564682556561,37.3902673293529],[-112.565963742763,37.3897357269873],[-112.56641471181,37.389531467988],[-112.566878160333,37.3892756681111],[-112.567096756244,37.3891411818099],[-112.567306129706,37.3889978044268],[-112.5675085955,37.3888482092028],[-112.567800671753,37.3886081971992],[-112.56806660457,37.3883604195835],[-112.569367377362,37.3869831068049],[-112.5697291552,37.3866195888045],[-112.570024227567,37.3863615057018],[-112.570310997281,37.3861386826294],[-112.570524779107,37.3859907345887],[-112.570763346214,37.3858397529934],[-112.571158533961,37.3856163887149],[-112.571426833964,37.3854830365556],[-112.571703206698,37.3853576881267],[-112.572549595958,37.3849976325792],[-112.57432003705,37.3842656538296],[-112.575048799125,37.3839531127794],[-112.575340761018,37.3838176340102],[-112.575883937226,37.3835427109827],[-112.576249081521,37.3833422626497],[-112.57647112504,37.3832122197106],[-112.577045150805,37.3828467506458],[-112.577485991309,37.3825398374197],[-112.57802942157,37.3821161877221],[-112.579675430158,37.3806809782908],[-112.580047597879,37.3803857886404],[-112.58048284177,37.3800825443373],[-112.580832862222,37.3798624557015],[-112.58119588737,37.3796701322428],[-112.581733051131,37.3794340186888],[-112.582149070731,37.3792914558361],[-112.58258136955,37.3791712059849],[-112.583008627632,37.379079863458],[-112.583423017603,37.3790211383071],[-112.584099641357,37.3789724180581],[-112.584963740585,37.3789770611797],[-112.586335837316,37.3789703769551],[-112.586741106155,37.3789613337165],[-112.587081693652,37.3789378353351],[-112.587419775769,37.3789026527955],[-112.588078147419,37.3787919656004],[-112.588518659912,37.378686905801],[-112.58880720066,37.3786055176374],[-112.58921311574,37.3784666710192],[-112.589468511991,37.3783667995832],[-112.589823197313,37.378208811112],[-112.590160716607,37.3780402369334],[-112.590385035083,37.3779128414033],[-112.590757330628,37.3776798059428],[-112.591027735297,37.3774886986283],[-112.59123106101,37.3773300387282],[-112.59152395476,37.3770809448657],[-112.591807318883,37.3768085449566],[-112.592238854783,37.3763331607395],[-112.594095849632,37.3742135338454],[-112.594309789832,37.3739168277268],[-112.594478625219,37.3736234333471],[-112.594648843103,37.3732353842708],[-112.594675007698,37.3731376917125],[-112.594716959162,37.3730388849398],[-112.594789998129,37.3727548937021],[-112.594839518547,37.3724802325637],[-112.594870440581,37.3721805860343],[-112.594914325853,37.3711065533879],[-112.594930869451,37.3709278740863],[-112.594920413193,37.3707540654322],[-112.594931061048,37.3702969658619],[-112.594921546359,37.3700609552143],[-112.594883277038,37.3697469198301],[-112.594821106071,37.3694773701893],[-112.594713682468,37.3692039243317],[-112.594617103322,37.3690159550486],[-112.594442902261,37.3687352977718],[-112.594303539374,37.3685533128583],[-112.594011035743,37.3682318890614],[-112.593323475864,37.3675985327015],[-112.593092279985,37.3673456800805],[-112.59299139663,37.3672208579529],[-112.592898225472,37.3670869188998],[-112.59271642376,37.3667667043123],[-112.592587257995,37.3664791284254],[-112.592520653859,37.3662664186003],[-112.592454422242,37.3659644755341],[-112.59244075754,37.3657988213235],[-112.592439654309,37.3655329542266],[-112.592484173895,37.3651817510127],[-112.592564012182,37.3648453941262],[-112.592620414079,37.3646824014383],[-112.592726991413,37.3644358137918],[-112.592860737139,37.3641924652699],[-112.593280893769,37.3636631526565],[-112.593481177357,37.3634693794346],[-112.593677344758,37.3632945885445],[-112.593880455928,37.3631278153959],[-112.594270963127,37.3628521628103],[-112.594463793984,37.3627332959001],[-112.594813098476,37.3625384123398],[-112.595197509653,37.3623484619591],[-112.596455598127,37.3617717801132],[-112.596863152705,37.3615553743788],[-112.597240476832,37.3612979160113],[-112.597586536935,37.3610039257357],[-112.597878813951,37.3606764119883],[-112.598115050605,37.3603154056648],[-112.598303359277,37.3599307116916],[-112.598478981717,37.3595335707654],[-112.599128592553,37.3579547323904],[-112.599254827494,37.3575717775211],[-112.599322327411,37.3571878142525],[-112.59933222196,37.3568028273993],[-112.599282464869,37.3564267588873],[-112.599165117557,37.3560579133923],[-112.599000574742,37.3556996201329],[-112.598787689164,37.3553509931223],[-112.598537806023,37.3550145826304],[-112.598295596904,37.3546672523105],[-112.598101523715,37.3543003437867],[-112.597969264206,37.3539199815565],[-112.597891069409,37.3535334808984],[-112.597874877631,37.3531425372638],[-112.597909324549,37.3527436990503],[-112.59810982831,37.3514440248547],[-112.598189612815,37.3510004103164],[-112.598300023201,37.3505635921883],[-112.598449016871,37.3501361667313],[-112.59862410163,37.349714697479],[-112.599747203314,37.3472038216822],[-112.599935377622,37.3468146200563],[-112.600149871218,37.3464421866785],[-112.600282491537,37.3462547252319],[-112.600396518094,37.3460954554343],[-112.60067723085,37.3457581769049],[-112.600997556364,37.3454257692843],[-112.602035201287,37.3444247989267],[-112.604128446336,37.3424216864076],[-112.604433269156,37.3421048018886],[-112.604686979703,37.3417732880123],[-112.604893079162,37.3414325053734],[-112.604978757741,37.3412150315621],[-112.605034448564,37.3410736735535],[-112.605037370574,37.3410624578219],[-112.605138764443,37.3406711808709],[-112.60518442266,37.3403767384779],[-112.6051932588,37.340049447802],[-112.605182881701,37.3398801448168],[-112.605141626158,37.3395859806008],[-112.605043406393,37.3392141765282],[-112.604893239087,37.3388412746156],[-112.60472044625,37.3384659755492],[-112.603530750484,37.3360801525374],[-112.603308969498,37.3356829827802],[-112.603063742847,37.3352978471843],[-112.602748784811,37.3348712949088],[-112.602330913531,37.3343821437171],[-112.601212760173,37.3331264548282],[-112.600917387145,37.3327708347928],[-112.600641199555,37.33241495436],[-112.600411909653,37.3320350049657],[-112.60020488382,37.3316403331163],[-112.600097958551,37.331388514627],[-112.6000349627,37.3312388498753],[-112.599901151175,37.3308368779579],[-112.59980444326,37.3304280949564],[-112.599763407129,37.3300897615578],[-112.599751742275,37.3300187166988],[-112.599733829636,37.3295998549314],[-112.599818662002,37.3275329300528],[-112.599824157068,37.3271534087324],[-112.599795898525,37.3267788503731],[-112.599725855022,37.3264030544614],[-112.599621140844,37.3260421481059],[-112.599270075736,37.3250275249504],[-112.599149205709,37.3247028884626],[-112.599003820376,37.3243930039956],[-112.598829578732,37.3241060418287],[-112.598589727433,37.3238118543045],[-112.59810402441,37.3232596107645],[-112.597891771915,37.3229893839955],[-112.597730234787,37.3227157679702],[-112.597685090944,37.3226091229474],[-112.597625110951,37.3224413898516],[-112.597563989185,37.3221664174037],[-112.59753786222,37.3218918736362],[-112.597528525385,37.3216107940123],[-112.59753604644,37.3211131746222],[-112.59753117322,37.319550385272],[-112.597518098965,37.3179732854671],[-112.597509522816,37.3163420464609],[-112.597494386487,37.3147739867105],[-112.597482140449,37.3131824537006],[-112.597491039016,37.3126965319844],[-112.597524831823,37.3122138792978],[-112.597546852168,37.3119747370045],[-112.597587861968,37.3116731484585],[-112.597655417008,37.3112396113628],[-112.597751442866,37.3107651311389],[-112.597990964876,37.309820035749],[-112.598097649416,37.3094761000093],[-112.598289804566,37.3089588608858],[-112.598682552433,37.3080567590621],[-112.598862056795,37.3076884047672],[-112.599065171434,37.3073161258902],[-112.599288569204,37.3069426711927],[-112.59952865578,37.3065581748296],[-112.59979579281,37.3061724109236],[-112.600085353314,37.3057800340554],[-112.600388637684,37.3053964838759],[-112.600696660175,37.3050236844529],[-112.601015079822,37.3046624604785],[-112.601352901252,37.3043117886982],[-112.601698882919,37.3039736237317],[-112.602067611862,37.3036441627892],[-112.602445514209,37.3033217868924],[-112.602832589944,37.3030064959547],[-112.603232242016,37.30269914508],[-112.603637855852,37.3024070342103],[-112.604472398534,37.3018585442875],[-112.604899148343,37.301605799836],[-112.60533180307,37.30136559198],[-112.605773727464,37.3011369736886],[-112.606224883302,37.3009181427723],[-112.606681906108,37.3007100461134],[-112.607595180594,37.3003109827688],[-112.608182855491,37.3000398166437],[-112.609324130263,37.2995403003795],[-112.611013420625,37.298816099343],[-112.611434690257,37.2986255960195],[-112.611857751905,37.2984134355524],[-112.612286065756,37.2981831759838],[-112.612703533445,37.2979206158394],[-112.613096908913,37.2976394553428],[-112.613466249907,37.2973423978507],[-112.613815094087,37.2970366057519],[-112.613944395581,37.2969104625189],[-112.61414114738,37.2967203079159],[-112.614435444985,37.2963963307484],[-112.614718172735,37.2960589912129],[-112.616037799327,37.2943564427399],[-112.616309118714,37.2940138474323],[-112.617068833302,37.2930877449314],[-112.617168802084,37.2929620891932],[-112.617619210824,37.2923961341121],[-112.618384096382,37.2913969470874],[-112.618647056376,37.2910337308466],[-112.618911748,37.2906461551759],[-112.619162459756,37.2902380402526],[-112.619399500741,37.2898238027676],[-112.620525053605,37.2877606355248],[-112.621454094411,37.2860570660652],[-112.62181899283,37.2853995226847],[-112.622020513393,37.285065982658],[-112.622256113673,37.284743692048],[-112.622322109702,37.2846652753011],[-112.622506913341,37.284446429056],[-112.622783860024,37.2841587213208],[-112.623093719428,37.2838804758678],[-112.62343118217,37.2836270874222],[-112.623784952484,37.2833978094395],[-112.623954320968,37.2833008486062],[-112.624157111513,37.2831845014882],[-112.624542993794,37.2829800170199],[-112.625715461582,37.2823744642697],[-112.626087513047,37.2821566452793],[-112.626182042486,37.2820940577886],[-112.62641709398,37.2819361641343],[-112.626424431548,37.2819311962584],[-112.626660735336,37.2817476879237],[-112.627006479549,37.2814608273824],[-112.627264129622,37.2812211436274],[-112.627505758704,37.2809708640152],[-112.627734691438,37.2807072390067],[-112.627944395195,37.2804411741673],[-112.62813152621,37.2801745182043],[-112.628305086023,37.2799062460685],[-112.629786838382,37.2775370549295],[-112.630044875703,37.2771594605392],[-112.630269433661,37.2769031013498],[-112.63053172379,37.276670557071],[-112.630827371928,37.2764681968498],[-112.631129356216,37.2762981954714],[-112.631436782859,37.2761713808401],[-112.631731242238,37.2760708819818],[-112.632091292055,37.2759784909206],[-112.632470490736,37.2759372088907],[-112.632881824265,37.2759216200604],[-112.633311490087,37.2759192963412],[-112.634798193958,37.2759276110502],[-112.636071912085,37.2759442594041],[-112.636667499399,37.275947741381],[-112.638682314062,37.2759685314047],[-112.640174674133,37.2759776014915],[-112.640492596828,37.2759713924408],[-112.640623233131,37.2759623711448],[-112.640806765197,37.2759481098553],[-112.641116885553,37.2758942383156],[-112.641444263018,37.2758040745575],[-112.641769807529,37.2756814884712],[-112.642080047213,37.2755293708993],[-112.642373873877,37.2753486386433],[-112.642651463563,37.2751474010955],[-112.643212776652,37.2747159972608],[-112.643561718475,37.2744768135475],[-112.643763130935,37.2743514393154],[-112.644049644444,37.274197843566],[-112.646201915543,37.2731269231377],[-112.646779765539,37.2728349742879],[-112.64753384608,37.2724531433278],[-112.648451015206,37.2719996359951],[-112.648742911472,37.2718351384198],[-112.649024187603,37.2716491568741],[-112.649287128221,37.2714499106606],[-112.649357928561,37.2713867342366],[-112.649522831728,37.271242931771],[-112.649743444539,37.2710163341414],[-112.649906117408,37.2708220893674],[-112.650039253322,37.2706697160221],[-112.65020982302,37.27042398657],[-112.650959354046,37.2692677092898],[-112.65385252672,37.2648040004957],[-112.655191873197,37.2627169714384],[-112.656139253669,37.2612407265501],[-112.657721112829,37.2588130084395],[-112.65838295229,37.2577816612159],[-112.658677842865,37.2572944314587],[-112.658919294763,37.2568385941783],[-112.659121587575,37.2563968248084],[-112.659239038997,37.2560968475013],[-112.659504355005,37.255341442169],[-112.659555139471,37.255189311412],[-112.659585100036,37.2550645116541],[-112.659607031174,37.2550362638055],[-112.660002461547,37.2538905716982],[-112.66023319659,37.2532555227923],[-112.660512969072,37.252543174834],[-112.660675910517,37.2521587367816],[-112.661116636172,37.2511773436968],[-112.66135775742,37.2506566122072],[-112.661527474302,37.2503243534222],[-112.661656971482,37.2501116309173],[-112.661803612318,37.2499094832399],[-112.662039056095,37.2496438987257],[-112.662315014988,37.2493750409186],[-112.662663362819,37.2490655084546],[-112.662932279313,37.2488355041575],[-112.663007853007,37.2487857721622],[-112.663560845464,37.2482976080049],[-112.664287810868,37.2476718001597],[-112.66555298002,37.2465535160598],[-112.666097121732,37.2460744777659],[-112.666343654592,37.2458528925715],[-112.667613986198,37.2447669609741],[-112.668649127095,37.2438555787329],[-112.670455232136,37.2422744592694],[-112.671012119874,37.2417627719427],[-112.67124857365,37.2414944511956],[-112.671609521725,37.2410441116609],[-112.671883640684,37.2405418204141],[-112.672017190222,37.2403614763927],[-112.672234230816,37.2400312379801],[-112.672781905454,37.239206019189],[-112.673070549619,37.2387494864126],[-112.67323683734,37.2384695350531],[-112.673576731087,37.2378329174334],[-112.673925636652,37.2370943241782],[-112.674898539471,37.2346010797165],[-112.675579267717,37.2328131763055],[-112.676774349595,37.2296687341185],[-112.677262263209,37.228390083767],[-112.677627361428,37.2274700878825],[-112.67785686243,37.2269927500479],[-112.677936908859,37.2268410979495],[-112.678037944214,37.2266702209563],[-112.678105327497,37.2265575042778],[-112.678357002013,37.2261654750843],[-112.678501260027,37.2259615380725],[-112.678608526041,37.2258176113884],[-112.678874228097,37.2254992891647],[-112.679063533396,37.2252938114323],[-112.679467189047,37.2248942167865],[-112.679882167782,37.2244971640499],[-112.680095489109,37.2243075674328],[-112.680702291751,37.2237176147184],[-112.680977331571,37.223414477463],[-112.681119724094,37.223228589865],[-112.681208147323,37.2230993492444],[-112.681337444674,37.2228821016761],[-112.681450887379,37.2226614738956],[-112.681553969022,37.222431078802],[-112.682249006955,37.2206393280053],[-112.683101791968,37.2183910734357],[-112.684002436697,37.2160673235702],[-112.684083010285,37.2158390489112],[-112.684145252619,37.2156479884023],[-112.684220096847,37.2153648155391],[-112.684309399643,37.2149210047164],[-112.684333272101,37.2147782590015],[-112.684378432097,37.2143765359916],[-112.684399728697,37.2140166124117],[-112.684396055718,37.2136994053173],[-112.684371338689,37.2133987210277],[-112.68428767252,37.2127275374788],[-112.684163261558,37.2119469740256],[-112.684131622008,37.2116896506935],[-112.684100357707,37.2112971262047],[-112.684096761849,37.2110339961789],[-112.684117673329,37.2105046325151],[-112.684156233935,37.210110213635],[-112.684436076929,37.2080999272116],[-112.684494541934,37.2077899477329],[-112.68455629659,37.2075772624482],[-112.684629576138,37.2073761301595],[-112.684813427891,37.2069787427264],[-112.685307502116,37.2060397623643],[-112.685366523442,37.2057550110602],[-112.685378064959,37.2055646712512],[-112.685375700042,37.2054583508012],[-112.685351660345,37.2052387742492],[-112.685327732737,37.205125550202],[-112.685259601832,37.204899390615],[-112.685162324268,37.2046799548625],[-112.685034914091,37.2044735660426],[-112.684878618115,37.2042856141562],[-112.684612603281,37.2040280196197],[-112.684413259996,37.2038803368884],[-112.684198628191,37.2037545025837],[-112.684084724228,37.2036993400695],[-112.683970920546,37.2036486825496],[-112.683741381121,37.2035618155474],[-112.683624478876,37.2035238200323],[-112.683386609411,37.2034677151753],[-112.683265582085,37.2034469027607],[-112.683020468556,37.203419741933],[-112.68277124969,37.2034106650606],[-112.682522330956,37.2034151029983],[-112.682270412974,37.203436707843],[-112.679973221931,37.2037045577983],[-112.675970285398,37.2041353160468],[-112.675474085655,37.204167573667],[-112.675062797393,37.2041670824917],[-112.674931911818,37.204159019283],[-112.674682212904,37.2041283007999],[-112.674331425301,37.2040611560862],[-112.673998322825,37.2039784381182],[-112.673672648336,37.2038748841537],[-112.673184614242,37.2036645649843],[-112.672923280329,37.2035150345114],[-112.672672734345,37.2033437196932],[-112.672514503569,37.2032197712849],[-112.672436415366,37.2031532759533],[-112.67212787372,37.2028556945002],[-112.669483644219,37.2001584288606],[-112.667696439701,37.1983566549153],[-112.666648728695,37.1972862265677],[-112.66627336157,37.1969192672922],[-112.666042591659,37.1967233242908],[-112.665817219374,37.1965678638395],[-112.665584438928,37.1964341385592],[-112.665220233691,37.1962671096047],[-112.66496370532,37.1961805850756],[-112.664687240148,37.1961096624695],[-112.664398702512,37.1960533298227],[-112.663324485765,37.1958764416659],[-112.663061716841,37.1958134346758],[-112.662816712444,37.195738460663],[-112.662469984211,37.1955973157571],[-112.662256952582,37.1954903459223],[-112.662057219963,37.1953732746592],[-112.661775682815,37.1951735289768],[-112.661601145781,37.1950236562375],[-112.661519380676,37.194942784046],[-112.661366896795,37.1947709701232],[-112.661231090912,37.1945890076545],[-112.66106473913,37.1942984148316],[-112.660974658805,37.1940950806133],[-112.660937433776,37.1939901492934],[-112.660880925699,37.1937764297723],[-112.660861662346,37.1936685426145],[-112.660844554963,37.1934533692442],[-112.660845270784,37.1932289328329],[-112.660886115629,37.1921107346574],[-112.660887146284,37.1919520894837],[-112.660864962951,37.1916594744905],[-112.660780956583,37.1912703847616],[-112.660694537186,37.191028242481],[-112.660578993896,37.1907937189269],[-112.660354999556,37.1904426437835],[-112.660176349565,37.1902072017761],[-112.66007694807,37.1900923258251],[-112.659966383192,37.1899821127922],[-112.659721879731,37.1897746322853],[-112.659456432903,37.1895881748378],[-112.659318246469,37.1895026835627],[-112.659028655593,37.1893454053273],[-112.658721361762,37.1892027952644],[-112.657028779633,37.1885108443531],[-112.655491083365,37.1878942170347],[-112.649963233311,37.1856739009326],[-112.63517851158,37.1797040095534],[-112.628562025013,37.1770362265471],[-112.587900291348,37.1606208394516],[-112.584738204778,37.1593337216327],[-112.580841860738,37.1577696953315],[-112.579920716163,37.1573917077076],[-112.579337615413,37.1571317877225],[-112.578512741171,37.1567254659364],[-112.577760112804,37.1563271895599],[-112.577059146802,37.1559219114068],[-112.576519563107,37.1555874893117],[-112.575876607678,37.1551552936569],[-112.575171298094,37.1546482119169],[-112.574439941957,37.1540792803961],[-112.573902587932,37.1536339532092],[-112.57352746656,37.1533009377257],[-112.572926757613,37.1527320641267],[-112.572478204812,37.1522783407588],[-112.571853679444,37.1515917036407],[-112.571403237602,37.1510460656455],[-112.571095689045,37.1506580663036],[-112.570672543145,37.1500706023531],[-112.570391422444,37.1496534082502],[-112.57011569105,37.1492244247495],[-112.569937313948,37.1489293499556],[-112.569676732497,37.1484704207885],[-112.56933699172,37.1478313724045],[-112.569175868069,37.1474991133807],[-112.568963010313,37.1470062013247],[-112.568685834152,37.1463428878743],[-112.568512770937,37.1458683759555],[-112.568245686666,37.1450390832184],[-112.568135012588,37.1446412591972],[-112.568018274487,37.1441678036526],[-112.567883082341,37.1434548386059],[-112.567795213411,37.1429070917754],[-112.56766129263,37.1419282173614],[-112.567600932741,37.1415675828027],[-112.567525057397,37.1412188706993],[-112.567429015777,37.1408749319008],[-112.56724046802,37.1403582598356],[-112.567015058947,37.1398555947679],[-112.566864781121,37.1395565376992],[-112.566216410194,37.1383609318536],[-112.566096516734,37.1381155519122],[-112.565994847517,37.1378257658479],[-112.56592456329,37.1375292556653],[-112.565886937815,37.1372332152331],[-112.565882888451,37.1370367787776],[-112.565905873042,37.1367318254968],[-112.565937467961,37.1365168914452],[-112.566080339418,37.1359111123032],[-112.566322797966,37.1350029724732],[-112.566365348557,37.1347734721864],[-112.566381721696,37.13431177462],[-112.566374473049,37.1340694125334],[-112.566351338095,37.133820951087],[-112.566305601463,37.1335682816818],[-112.566245122922,37.1333103990867],[-112.56615977367,37.1330474371281],[-112.566008558809,37.1326474418313],[-112.565552706309,37.1315583474068],[-112.565116054919,37.1304717013428],[-112.564962816317,37.1300275659403],[-112.564898950826,37.1297688258329],[-112.564862150813,37.1295124323154],[-112.564843450033,37.1292603064627],[-112.56483843956,37.1290170131546],[-112.564853500384,37.1287644415173],[-112.564907063747,37.1283590364867],[-112.565072501914,37.1273734993161],[-112.565139739663,37.1268669644021],[-112.565165526332,37.1265340324962],[-112.565166718897,37.1258814525838],[-112.565116975064,37.1252151239241],[-112.56507094515,37.1248930549254],[-112.56483153604,37.1237073590485],[-112.564683748311,37.12303511365],[-112.564629041222,37.1227834628031],[-112.564042504857,37.1199889611621],[-112.563896542176,37.1195140820559],[-112.563713189154,37.1190270773306],[-112.563530566823,37.1186301959212],[-112.56338416801,37.1183527137159],[-112.563224267647,37.1180754093684],[-112.562869663017,37.1175248641857],[-112.562684312601,37.1172686252605],[-112.562499426491,37.1170349132353],[-112.561980127431,37.1164658053911],[-112.561617253292,37.1161145598464],[-112.561232119345,37.1157753236621],[-112.56096650567,37.115556192352],[-112.560690933383,37.1153453035474],[-112.560404277294,37.1151426719916],[-112.56011456156,37.1149554026664],[-112.559819387769,37.1147763164413],[-112.55951982558,37.1146026952018],[-112.559206947526,37.114438261682],[-112.558522871594,37.1141191722539],[-112.55816987961,37.1139741913702],[-112.557830760154,37.1138470537912],[-112.5576835623,37.1137982430643],[-112.557316300744,37.1136762508727],[-112.556582899026,37.1134758728971],[-112.556389482729,37.113428839188],[-112.554885173326,37.1131195938529],[-112.554448598558,37.113014455477],[-112.554141803915,37.1129265420557],[-112.553541110841,37.1127207997366],[-112.553249462906,37.1126029414123],[-112.552963147089,37.1124705911424],[-112.552397897614,37.1121814557618],[-112.552127928421,37.1120227506352],[-112.551871351613,37.1118584615403],[-112.551629292296,37.1116885738369],[-112.551405217751,37.1115175489127],[-112.551091362189,37.1112485514572],[-112.550885994519,37.1110565500189],[-112.550666501622,37.1108340875751],[-112.550407267753,37.1105391362959],[-112.549882638981,37.1098123094442],[-112.549838378908,37.1097389785757],[-112.549747278244,37.1095761264742],[-112.549565046346,37.1091936382722],[-112.549511345499,37.1090987986114],[-112.549393498073,37.108783068695],[-112.549286590423,37.108451872948],[-112.549226834905,37.1082255171958],[-112.549180507285,37.1079953805778],[-112.549064992872,37.1072415703427],[-112.548765702475,37.1040394267872],[-112.54870101081,37.1036256569919],[-112.548642740732,37.1033614251651],[-112.548543890814,37.1029832535784],[-112.548380818857,37.102490549553],[-112.547666648468,37.1006296003108],[-112.54728018483,37.0996648056755],[-112.547145781567,37.0993637102953],[-112.546936223693,37.0989635469146],[-112.546779353671,37.0987195284876],[-112.546604870377,37.0984946677008],[-112.546316300854,37.098192878317],[-112.546118984117,37.0980070721136],[-112.545927695871,37.0978410163934],[-112.544606929775,37.0968559432083],[-112.544285102672,37.096578016742],[-112.544080881041,37.0963841849014],[-112.543901536427,37.0961963381089],[-112.543579551136,37.0957994350183],[-112.543431358994,37.0955940564445],[-112.543303507189,37.0953929195928],[-112.543138737311,37.0950913131787],[-112.543005538717,37.0947929009816],[-112.542926022918,37.0945893319156],[-112.542825045605,37.0942706706948],[-112.54274304588,37.0939445517133],[-112.542520814565,37.0924178708904],[-112.542470120946,37.0921373125914],[-112.542348907931,37.091597184591],[-112.542243989184,37.0911947493763],[-112.542164398969,37.0909316921957],[-112.541990542803,37.090403064472],[-112.541509663117,37.0891032764095],[-112.541116991684,37.0879916208835],[-112.540610705396,37.0866579076795],[-112.539431818918,37.0836077603075],[-112.53927066875,37.0831492672584],[-112.539096865449,37.0825656517885],[-112.539008702731,37.0821557846259],[-112.538927006206,37.0816205470313],[-112.538723900121,37.079364421643],[-112.538680092451,37.0789224314444],[-112.538636167027,37.0785858996838],[-112.538536237568,37.0781500456167],[-112.538493997663,37.0780081816815],[-112.538395098375,37.0777345555821],[-112.538218755511,37.0773582796983],[-112.537940119998,37.07687426788],[-112.537676603372,37.0764702787205],[-112.537127887038,37.0757022386074],[-112.537040051795,37.0755862026619],[-112.536774171168,37.0752318157881],[-112.536677755501,37.0750807384037],[-112.53649027843,37.0748208770922],[-112.536355515797,37.074609005],[-112.53630417906,37.0745177331773],[-112.536218320247,37.0743322676032],[-112.53614786063,37.0741294769694],[-112.536126597367,37.0740233940006],[-112.536113455578,37.0738180581466],[-112.536117060473,37.0737179624298],[-112.53612859195,37.0736204680597],[-112.536171933541,37.0734270193064],[-112.536273077267,37.0731435888051],[-112.53660663663,37.0723929554001],[-112.536690421108,37.0721412964542],[-112.536739271198,37.0718864847853],[-112.536764044788,37.0714976850266],[-112.53682970787,37.0695679602866],[-112.537027166872,37.0665891658902],[-112.537081631345,37.0656096009553],[-112.537082846397,37.0652796934544],[-112.537066161224,37.0649545246546],[-112.536922012741,37.0635520992238],[-112.536895773586,37.0629205971721],[-112.536905060721,37.062600499705],[-112.536944101078,37.0621385056281],[-112.537139351319,37.060500035514],[-112.537157996201,37.0601978435221],[-112.537149404405,37.0599392690531],[-112.53710138106,37.0595658335381],[-112.537010796028,37.0592010616607],[-112.536887532784,37.0588331077667],[-112.536738771545,37.0584276276191],[-112.536444992941,37.0576905284106],[-112.535746790261,37.0559707915707],[-112.535369953637,37.0550175404503],[-112.535244168089,37.0546910789972],[-112.53515458034,37.0544308484323],[-112.535092882656,37.0541594406709],[-112.535055792685,37.0538814049662],[-112.535037174069,37.053292165974],[-112.535036192682,37.0515688057636],[-112.535037315963,37.0498382070808],[-112.535031166081,37.0497003807256],[-112.535003037697,37.049476309575],[-112.534936740505,37.049255436383],[-112.53483343534,37.049039548754],[-112.534689840586,37.0488331957794],[-112.534506156102,37.0486462895344],[-112.534355474332,37.0485346691718],[-112.534191102968,37.0484133108675],[-112.533953676916,37.0482937984593],[-112.533841546294,37.048253786575],[-112.533665988847,37.0481911596911],[-112.533537249328,37.0481639811145],[-112.533290323497,37.048131119437],[-112.53285369754,37.0481151304264],[-112.530686867512,37.0481187761302],[-112.528526853407,37.0481258997811],[-112.527614941624,37.0481286341259],[-112.527335867543,37.0481187077229],[-112.527075327212,37.0480796989455],[-112.526844129668,37.0479898364425],[-112.526745042133,37.0479271162259],[-112.526582047796,37.0477615634845],[-112.526513914951,37.0476723056037],[-112.52642809425,37.0474859297873],[-112.526408583423,37.047297799262],[-112.526403316848,37.0464172505699],[-112.526391258674,37.0446922263511],[-112.526390033657,37.0438449751599],[-112.526370209039,37.0429897609231],[-112.526382393899,37.0428682826894],[-112.526371857506,37.0414773677103],[-112.526352588855,37.0412450678012],[-112.526304068519,37.040899574373],[-112.526246442156,37.0406046735712],[-112.526191564056,37.040390858721],[-112.526171954903,37.0403099896503],[-112.52605882438,37.0399327886067],[-112.525992433574,37.0397110997357],[-112.525773356199,37.0391019020622],[-112.525677905887,37.0388832006441],[-112.52537883308,37.0382092324621],[-112.525258283523,37.0379160414381],[-112.525121193409,37.0375266185882],[-112.525060009293,37.0373345165056],[-112.524984550394,37.0370470548943],[-112.524924281378,37.0367882411267],[-112.524919280556,37.0367630676369],[-112.524874297956,37.0364815235992],[-112.524832612989,37.0359151108049],[-112.524826251274,37.0355970163056],[-112.524830719423,37.0349209469134],[-112.524829687577,37.0347569145966],[-112.524832013925,37.0342548330864],[-112.524835576561,37.0329712655883],[-112.524839937179,37.0318400156877],[-112.524842874257,37.0307612424496],[-112.524842651766,37.0306826475962],[-112.524847217915,37.0299551994751],[-112.524851997996,37.0294071171954],[-112.524826156769,37.0280022443583],[-112.524849938223,37.0272799570649],[-112.524837303473,37.0269853778661],[-112.524838180477,37.0266356426101],[-112.524861245157,37.0252589838088],[-112.524861243799,37.0242467669193],[-112.524886441487,37.0229205558511],[-112.524903317873,37.0204470312728],[-112.524953794287,37.0151554478289],[-112.524970915483,37.0144936353016],[-112.524999248979,37.014167882998],[-112.525050326483,37.0138553586356],[-112.52517447195,37.0133183596832],[-112.52552059233,37.0125279309641],[-112.526704979996,37.0100420907734],[-112.527121666952,37.0091849505876],[-112.527344046102,37.0087278066665],[-112.527892274622,37.0076490404562],[-112.528507688028,37.0063341531763],[-112.5288951633,37.0054233017468],[-112.529105983291,37.0048950965007],[-112.529257139204,37.00441813555],[-112.529363549751,37.0039516659573],[-112.529440259365,37.0034612425145],[-112.52952975863,37.0027678496506],[-112.529772311301,37.000739291777],[-112.52977703099,37.0007000220545],[-112.5297773725,37.0007394969393],[-112.530080867856,37.0007373869029],[-112.538356823252,37.0006917739282],[-112.542890260611,37.0006663590963],[-112.547363329603,37.0006402061338],[-112.55193101145,37.0006138189504],[-112.55652900336,37.0005861372235],[-112.558531430345,37.0005778824772],[-112.565708785677,37.0005636224482],[-112.610373673649,37.000457593388],[-112.625786684782,37.0005804762644],[-112.700909296755,37.0004779324433],[-112.750746695794,37.0004863301891],[-112.773179641797,37.000459680886],[-112.776104595037,37.0004567663887],[-112.777118320378,37.0004561901119],[-112.79105822213,37.0004453415472],[-112.799023333436,37.0004438226531],[-112.863193925655,37.0004089500175],[-112.875766452531,37.0004379950057],[-112.892440482445,37.0003945038145],[-112.89900823022,37.0003756474504],[-112.949901556888,37.0002550250607],[-112.965622998432,37.0002132853458],[-112.965926400242,37.0002132158555],[-112.974805921294,37.0001882463147],[-112.983703382358,37.0001624919088],[-112.983829778405,37.0001919239065],[-112.9840029805,37.0002322899264],[-112.993254361751,37.0002180159091],[-112.998007800105,37.000210439816],[-113.000795652432,37.0002076245065],[-113.008788122232,37.0001041239556],[-113.015935244017,37.0000960171968],[-113.028255219133,37.0000838857582],[-113.046257643266,37.0000690454908],[-113.05224620192,37.0000826899159],[-113.052388358798,37.0000830249331],[-113.064427413923,37.0000949748049],[-113.082016146756,37.0000946077091],[-113.100159091752,37.0000924560956],[-113.107503743917,37.0001005658402],[-113.113561216011,37.0001090761424],[-113.125747468834,37.0000846848079],[-113.136313070261,36.9999503387956],[-113.145622841442,36.9999535818213],[-113.154370210968,36.9999572943308],[-113.172564272361,36.9999603425833],[-113.190550649495,36.9999135105131],[-113.208723143529,36.9999717886187],[-113.22693799747,37.0000003473892],[-113.244830459704,36.9999957053668],[-113.250787194357,36.9999653089013],[-113.263010352495,36.9999666561318],[-113.281092395038,36.9999934769668],[-113.299217566403,37.0000176028674],[-113.317268073651,37.0000453704279],[-113.335316313623,37.0000190613378],[-113.353412043816,37.0000413316801],[-113.371421339056,37.0000319232725],[-113.375775569729,37.0000371786088],[-113.389439969014,36.9999281141384],[-113.407559947605,36.9999240493338],[-113.425494429244,36.9999543501295],[-113.443619112736,36.9999608937708],[-113.456584148264,36.9999684360724],[-113.461691042068,36.9999711653843],[-113.479761538794,37.0000084487728],[-113.494553798249,36.999998676514],[-113.494894466922,36.9999984513493],[-113.49778992519,36.9999965476864],[-113.500755317618,37.0000372579464],[-113.500978765572,37.0000361519441],[-113.515877475056,36.9999581169733],[-113.518761305193,36.9999618049526],[-113.538453201691,36.9999728149186],[-113.556434519858,36.9999885893182],[-113.57458578104,36.9999812722479],[-113.592710737534,36.9999956287835],[-113.600571636923,37.0000060369695],[-113.610788733738,37.0000186075289],[-113.622436127576,37.0000085959389],[-113.62226405428,37.0003895442259],[-113.622097038376,37.0008032735668],[-113.621880692905,37.0012496344028],[-113.621428780816,37.0020278792117],[-113.621069491326,37.0025359744305],[-113.62076851844,37.0030540448588],[-113.620492600754,37.0034544075333],[-113.620134086576,37.0039985301313],[-113.619721334739,37.0046452324558],[-113.619585144974,37.0048938120898],[-113.618482547302,37.006580837008],[-113.616857875524,37.0090814227895],[-113.615756992752,37.0108021798522],[-113.614753973835,37.0124058690643],[-113.612619695629,37.0157016603543],[-113.61209735936,37.0165287344371],[-113.611243243216,37.0178542553934],[-113.610692948632,37.0187157334052],[-113.609675461158,37.0202966297065],[-113.608749975516,37.0217098568066],[-113.608056289375,37.0227968887111],[-113.607561676802,37.0235730480389],[-113.607428141628,37.0237895640043],[-113.605783902048,37.0263530665927],[-113.604735251159,37.0279914715142],[-113.60352334106,37.0298566745605],[-113.602412789086,37.0315777954531],[-113.602218496783,37.0318789984036],[-113.60177480135,37.0325563291929],[-113.601338042724,37.0332230525138],[-113.600491687895,37.0345460759606],[-113.599995568402,37.0353252119538],[-113.599442174006,37.0361754430841],[-113.599025122988,37.0368311823745],[-113.59870721839,37.0372662110085],[-113.598332445468,37.0377610617672],[-113.598046592408,37.0381142800605],[-113.597679313797,37.0384895581564],[-113.597001996433,37.039191545376],[-113.594307127774,37.0417062579313],[-113.592934279258,37.0429190887029],[-113.592302407211,37.0435614793488],[-113.59178691895,37.0441157104853],[-113.59135176768,37.0445960891405],[-113.590793389834,37.0453044543352],[-113.590211630423,37.0460628026704],[-113.589902757379,37.0465543857135],[-113.589664292592,37.047043619077],[-113.589274668112,37.0478091211023],[-113.588910357739,37.0486348988833],[-113.58863726058,37.049346036401],[-113.58844483879,37.0499697997645],[-113.588092967887,37.051516248534],[-113.587768412463,37.0531522180591],[-113.587584817406,37.0540461416244],[-113.587450751981,37.0546506059861],[-113.587269836885,37.0552628514787],[-113.587093393438,37.0556857511219],[-113.586995098051,37.0559267090498],[-113.586793179577,37.0562750056738],[-113.586717827567,37.0563903788487],[-113.586363125009,37.0568619554819],[-113.586060263104,37.0572245289044],[-113.585389091955,37.0579398360672],[-113.584996494977,37.0583787112397],[-113.584678151072,37.0587956897053],[-113.584353381232,37.0592984196295],[-113.584137445624,37.0597180305461],[-113.583955727225,37.0601519449894],[-113.583806388987,37.060599031611],[-113.583715034653,37.0609389655503],[-113.583652687324,37.0613616264642],[-113.583625762593,37.0616550970563],[-113.583616540523,37.0622117772083],[-113.583683627738,37.0631813373058],[-113.583812631954,37.0647691092479],[-113.583894225064,37.0656125478591],[-113.584128209682,37.0683511803791],[-113.5842807213,37.0698389476952],[-113.584344936424,37.071110824424],[-113.584451434932,37.0724354892386],[-113.584593168839,37.0737179311138],[-113.584709490547,37.0754771997702],[-113.584793826603,37.076483329277],[-113.584772102071,37.0770357750476],[-113.584725363273,37.0777690020063],[-113.584666376885,37.0784529311442],[-113.584576412022,37.0790593134286],[-113.584440542417,37.0796586760901],[-113.584274808593,37.080223273422],[-113.584032386107,37.0809607663978],[-113.583682640909,37.0818402811108],[-113.583386909162,37.0824888170312],[-113.583070797635,37.0831070662176],[-113.582795849913,37.0835431004747],[-113.582762011126,37.0835966469339],[-113.582347886459,37.0842570424131],[-113.581945543481,37.0848074163124],[-113.581524466723,37.0853296295949],[-113.581154813411,37.0857298734955],[-113.58071875925,37.0861922114838],[-113.580321853922,37.0865951189935],[-113.579695948538,37.0871281836567],[-113.57881095487,37.0878763168412],[-113.578063135133,37.0884339244663],[-113.576994189089,37.0891322454585],[-113.572386223212,37.0918818195824],[-113.569215242722,37.0937867595289],[-113.56730864567,37.0949365293971],[-113.56657632043,37.0954277643369],[-113.565814516978,37.0959691980108],[-113.5654232792,37.0962637927928],[-113.565287416054,37.0963816343319],[-113.56452633931,37.0970552473608],[-113.563847477487,37.097728518864],[-113.563317535462,37.0983009676623],[-113.563024704692,37.0986452440068],[-113.562506253505,37.0993053058659],[-113.562017265135,37.100005281681],[-113.561612866319,37.1006516091777],[-113.561157117309,37.1014837871615],[-113.560640935733,37.1026732355821],[-113.55993912606,37.1043848707732],[-113.559323548778,37.1059617153947],[-113.559160970704,37.1063830138334],[-113.558841592081,37.1071166227332],[-113.55834968831,37.1084745084464],[-113.558062784584,37.1091872277097],[-113.557600791634,37.1103245767197],[-113.557261404514,37.1110663635],[-113.556908331432,37.1117025560277],[-113.556660441079,37.1120571122641],[-113.556342115324,37.1125055585762],[-113.555861683485,37.1130658227262],[-113.555283417201,37.1136783906417],[-113.554350370465,37.1144792913473],[-113.553739693065,37.114925021299],[-113.553151809077,37.1152823919603],[-113.552450852781,37.1157075312335],[-113.551718494251,37.1160589953591],[-113.550499114933,37.1165854050843],[-113.547322566499,37.1179176472831],[-113.543924048482,37.1193559547454],[-113.537305903223,37.122138332877],[-113.534015555274,37.1235312380534],[-113.533255252598,37.1238696699815],[-113.53213255621,37.1244276209127],[-113.531107874148,37.1249789615684],[-113.529736949209,37.1257724454417],[-113.528823370176,37.1263254497117],[-113.52784501241,37.1269039809965],[-113.527078596071,37.12737849311],[-113.526303731875,37.1278530904013],[-113.525525624148,37.1283387463266],[-113.525420876924,37.1284041522078],[-113.524555456845,37.1289789877944],[-113.524089544069,37.1292885588578],[-113.523458398859,37.1297538577246],[-113.52221047964,37.1306434061466],[-113.521363586665,37.1312217897618],[-113.519615375609,37.1323575276762],[-113.518251076159,37.1332532054228],[-113.514824035154,37.1354618129598],[-113.512432164586,37.1370175439745],[-113.511635437047,37.1375481143761],[-113.51066711027,37.1381251228224],[-113.509871781783,37.1385727429143],[-113.508196666262,37.1394030679513],[-113.50731998521,37.139787778686],[-113.506411133316,37.1401189123239],[-113.504191002921,37.1409049285388],[-113.502340328953,37.1415455787537],[-113.500780679873,37.1420719145274],[-113.496786408328,37.1434155799697],[-113.494260468167,37.1442983371093],[-113.491977154719,37.1450808618031],[-113.490427206318,37.1456191151193],[-113.489666913131,37.1459122127397],[-113.488938076758,37.1462206857487],[-113.488284475958,37.1465269431136],[-113.48770749143,37.1468009474857],[-113.486291397109,37.1476504907137],[-113.485400005766,37.1482558714563],[-113.484227219488,37.1491557984154],[-113.483644135393,37.1497089194866],[-113.482449112248,37.1508768586466],[-113.481262929794,37.1520890295526],[-113.479065760594,37.1543722387317],[-113.476787100641,37.1567292076889],[-113.476285134117,37.1572285987082],[-113.475863010144,37.1576181759447],[-113.475424486995,37.1579607820084],[-113.474959688532,37.158274646881],[-113.474562693791,37.15848570954],[-113.473998978622,37.1587565778379],[-113.473293435822,37.1590461760742],[-113.47238619784,37.1593106919629],[-113.471317031083,37.159585338749],[-113.468408662451,37.1603263866896],[-113.465977049291,37.1609898491444],[-113.465002380713,37.1612737368201],[-113.463499969401,37.1617420740584],[-113.462878155216,37.1619352443927],[-113.460657007375,37.162682088255],[-113.46000528235,37.1629186717266],[-113.458536568,37.1634628481801],[-113.456899909802,37.1640825860976],[-113.455113628815,37.1648293174071],[-113.453204950901,37.1656678657472],[-113.452059292257,37.1661590397647],[-113.451118571681,37.1665388998784],[-113.450315209886,37.166883467877],[-113.449814616762,37.1670981243295],[-113.4490851038,37.1674109665373],[-113.448181031478,37.1678107732645],[-113.447408918105,37.1681160147033],[-113.444389715486,37.1694016491854],[-113.442491857134,37.1702023146445],[-113.440753520757,37.1709500969189],[-113.438180306958,37.1720439814343],[-113.436051220387,37.1729461840098],[-113.434808510367,37.1734696504827],[-113.433973298988,37.1738089965352],[-113.432969950634,37.1742013569052],[-113.431900590674,37.1746040764412],[-113.431290776074,37.1748261255993],[-113.43019770789,37.1752135457768],[-113.428555296411,37.1757744380736],[-113.426432248169,37.1764217585226],[-113.42549747036,37.176706760876],[-113.424296700166,37.1770738032128],[-113.420883870507,37.1781326837318],[-113.420087047896,37.1784080646048],[-113.418927763245,37.178873337022],[-113.417566878462,37.1794733877538],[-113.416901742586,37.1798068898608],[-113.41637057002,37.1800925949535],[-113.415275563553,37.1807209891525],[-113.41402431364,37.1815260392352],[-113.412930005572,37.182312107605],[-113.412038487865,37.1830332047535],[-113.411132350307,37.1838334478832],[-113.410353042514,37.1845882957854],[-113.409386117169,37.1856601227129],[-113.408683252418,37.1865283073017],[-113.406636689742,37.1891631180106],[-113.404072164129,37.1924978287646],[-113.403435443927,37.1933668931922],[-113.401856853484,37.195764571362],[-113.399423647945,37.199580914743],[-113.396174574291,37.2046776553516],[-113.395166543246,37.2062593787586],[-113.393873570843,37.2082952018877],[-113.392157643953,37.2109974330799],[-113.391269679656,37.2123829405618],[-113.390343434139,37.2137061306897],[-113.389232015462,37.2151862548711],[-113.388250533048,37.216400147172],[-113.387327681879,37.2174731634799],[-113.386495109465,37.2183866431453],[-113.385612265549,37.2193146482173],[-113.384793620719,37.2201241977894],[-113.383417511028,37.2214000725926],[-113.382261845247,37.222423666045],[-113.38082989537,37.2235857325327],[-113.379243363319,37.2248184792146],[-113.375271212071,37.2278907741962],[-113.375060332256,37.2280662335155],[-113.374937587291,37.2281627815202],[-113.374344160785,37.2286568281022],[-113.373920423313,37.2290348187936],[-113.373628282854,37.229311037233],[-113.373304493882,37.2296239375096],[-113.37283359057,37.2301155199951],[-113.372095930349,37.2309098426371],[-113.370801152253,37.2323123655765],[-113.370317588247,37.232828974909],[-113.369396811582,37.2338636931873],[-113.368776229739,37.2345333592302],[-113.367785316155,37.2356260642955],[-113.367369717533,37.2360647003216],[-113.366903114878,37.2365088609039],[-113.366242041409,37.2370853286789],[-113.365680466052,37.2375674312272],[-113.363883245209,37.2390835601374],[-113.363202483208,37.2396626576012],[-113.362915305718,37.239898197246],[-113.362614890515,37.2401249884693],[-113.36233252697,37.2403198766536],[-113.361980585842,37.240531923746],[-113.361552742458,37.2407860383267],[-113.361180239751,37.240971457363],[-113.360732088364,37.2411854201885],[-113.360359006267,37.2413415592449],[-113.359877606155,37.2415268929739],[-113.359383011639,37.2416831988046],[-113.358702903129,37.2418657299246],[-113.357355254209,37.2421967352089],[-113.356503813642,37.2424232203046],[-113.356205329141,37.2425102710705],[-113.355755373227,37.2426634202059],[-113.35534316943,37.2428090573414],[-113.355013867336,37.2429237544559],[-113.354451729512,37.2431850219612],[-113.354060858727,37.2433933143458],[-113.353701220929,37.2436272993845],[-113.35339462999,37.243827244586],[-113.353268212179,37.2439088837518],[-113.352863316756,37.2441702614878],[-113.352151542434,37.2446298733588],[-113.351202763211,37.2452367597508],[-113.350160505536,37.2459085790943],[-113.349680080281,37.2462177677451],[-113.34940656372,37.2463944260239],[-113.347982051271,37.2473509337197],[-113.347291067392,37.2477994703188],[-113.345394258095,37.2490356745452],[-113.343397822644,37.2503549299545],[-113.339874136377,37.2526528742435],[-113.337595543901,37.2541398287231],[-113.335664511759,37.2554171103809],[-113.334010614913,37.2565762451692],[-113.333414976493,37.2570070508419],[-113.332657491634,37.2575897424513],[-113.332032579414,37.2580954675857],[-113.330713737371,37.2591803637977],[-113.329690323128,37.2600769362452],[-113.329011700482,37.2607143776347],[-113.328177017082,37.2614945722614],[-113.327554685762,37.2620971028661],[-113.327131800487,37.2625199735197],[-113.325746186007,37.2639350679893],[-113.324291681498,37.2654033190579],[-113.322762530621,37.2669541263482],[-113.321072304685,37.2686815557992],[-113.320178057566,37.2695912853446],[-113.319407249768,37.2703791792407],[-113.318698686434,37.27110501727],[-113.316632919669,37.2731393938034],[-113.315085370045,37.2747107418438],[-113.314281694131,37.27555557157],[-113.313396257132,37.2764267777542],[-113.312075994176,37.2777458122479],[-113.310885191109,37.2789811955487],[-113.310163473316,37.2797320238573],[-113.309210755426,37.2806743565287],[-113.308993097394,37.280896065035],[-113.307861082674,37.2820322204067],[-113.307196494103,37.2827278444491],[-113.306435349686,37.2835084382478],[-113.306178133496,37.2837722781488],[-113.305617648418,37.2843469954506],[-113.30467551007,37.2853994838569],[-113.303828311526,37.2864185740538],[-113.303532090471,37.2867983417673],[-113.303264051475,37.2871370059156],[-113.30268774473,37.2879119948822],[-113.302047561351,37.2889045130312],[-113.30148346291,37.2898144393082],[-113.300839571619,37.2909602278763],[-113.300321746339,37.291957116142],[-113.299807968183,37.2931206461945],[-113.299477210019,37.2939494242843],[-113.299325150269,37.2943827046747],[-113.298947776358,37.2954331822194],[-113.29873483856,37.2961605360668],[-113.298602483023,37.2966632758803],[-113.298424169944,37.2973831973013],[-113.298187102735,37.2984669942417],[-113.298084009673,37.2990863213179],[-113.297914464604,37.3001057215723],[-113.297847156511,37.3007333652219],[-113.297768093955,37.3015752728269],[-113.297706716922,37.3049402042881],[-113.297665439492,37.305478032669],[-113.297613184215,37.3060073325798],[-113.297518230158,37.3065719778707],[-113.297408982616,37.3069895541074],[-113.29728766316,37.3073552752056],[-113.29708740366,37.3078000326475],[-113.296867502025,37.3083112293048],[-113.296612497194,37.3087960710816],[-113.296142697194,37.3096117680755],[-113.295690914124,37.3102671501728],[-113.295008866153,37.3112942386355],[-113.29377591395,37.3131768854265],[-113.293371522972,37.3138299879968],[-113.293026772074,37.3143926238473],[-113.292406933589,37.3153081844804],[-113.29187221622,37.3160436545088],[-113.291253462292,37.3170069519536],[-113.290447827948,37.3182710819803],[-113.289190964103,37.3200943956288],[-113.289080020583,37.3202573174255],[-113.288434864512,37.3212043491679],[-113.287798955686,37.3221963488217],[-113.287526259045,37.3226406892907],[-113.287400665741,37.3228454383233],[-113.286622180489,37.323955723426],[-113.285802317151,37.3252094635751],[-113.283880521226,37.3280830360169],[-113.282206957171,37.3305866207788],[-113.281105651571,37.3322376029174],[-113.279680892656,37.3343980420936],[-113.278807099965,37.3357419035097],[-113.27711145431,37.3382726092706],[-113.276462921247,37.3392334308434],[-113.275987882585,37.3399372214336],[-113.274278753182,37.342378747965],[-113.273497504993,37.3433988819355],[-113.273399982753,37.343526204251],[-113.272607790212,37.3445472638818],[-113.271695034203,37.3456773369977],[-113.270053905608,37.3476980783603],[-113.269446249124,37.3484886517662],[-113.268981496099,37.3491743737405],[-113.268540192529,37.3499043436259],[-113.268166020424,37.3506333845909],[-113.267835829645,37.3513349052403],[-113.267517652958,37.3520719722729],[-113.267082683832,37.3530697425526],[-113.266194088218,37.3547576053462],[-113.265344024349,37.3561813021619],[-113.264278768121,37.3579700456514],[-113.263514313369,37.3592317663108],[-113.26345299145,37.3593363982447],[-113.262127007295,37.3615967561931],[-113.261243165232,37.3630209804183],[-113.260722945786,37.3637298110573],[-113.260609698086,37.3638914892166],[-113.26008426464,37.3646414214706],[-113.259268911467,37.3656449029502],[-113.258298886693,37.3667400119059],[-113.256731330802,37.3685897419628],[-113.255521669172,37.3699652607907],[-113.253954401024,37.3718327932688],[-113.253135981058,37.3727201271834],[-113.252712222499,37.373253333299],[-113.252057406,37.3739597350891],[-113.250750390258,37.3754839568239],[-113.25003401939,37.3763537359241],[-113.249554046421,37.3769571231491],[-113.249169982759,37.3775354326136],[-113.24885779914,37.3780931777866],[-113.248589984132,37.3786771141849],[-113.248288434576,37.379526915127],[-113.248059183211,37.380351188116],[-113.247099074568,37.3835527564066],[-113.246850735534,37.3844042455759],[-113.246638606719,37.3849442218246],[-113.246457966602,37.3854192534977],[-113.246129097855,37.3861007731474],[-113.245626454054,37.3870374791602],[-113.243669102074,37.3905164264615],[-113.242998864808,37.3919332181359],[-113.242787799961,37.3924611813887],[-113.242509020641,37.3933132390354],[-113.242214135302,37.394235264339],[-113.240959317646,37.3980264406773],[-113.240610803136,37.3989201897524],[-113.24011307476,37.400133087331],[-113.238784332789,37.4031701657455],[-113.238773962716,37.4031937032663],[-113.237051087275,37.4073476949215],[-113.236796376001,37.4078694443149],[-113.23625226263,37.4090687844748],[-113.235205882779,37.4114934314305],[-113.23450426765,37.4130933517325],[-113.234228999584,37.4137761681556],[-113.234137602669,37.4141793803352],[-113.234070918549,37.4146804460129],[-113.234025758021,37.4151454172348],[-113.234048520043,37.4156452423538],[-113.234102979284,37.4160596653453],[-113.234201876173,37.4164600004587],[-113.234335002709,37.4168867241732],[-113.23453688465,37.4173837927859],[-113.235129981697,37.4188171963309],[-113.235274450324,37.4192526260279],[-113.235419340863,37.419705981357],[-113.23555263053,37.4201415319814],[-113.23565237926,37.4205776269065],[-113.235765972249,37.4211296241444],[-113.235856366319,37.4216461925224],[-113.235915156853,37.4222436555252],[-113.235969629037,37.4231403076072],[-113.235954676976,37.4239442784327],[-113.235903779613,37.4246415066645],[-113.235828999399,37.4252766436652],[-113.235710062399,37.4259392915579],[-113.235546145156,37.4265980140201],[-113.234719856841,37.4295839906056],[-113.233440495956,37.434282238853],[-113.231905965143,37.4400514080694],[-113.230559475629,37.4447684643208],[-113.22904498642,37.4504569185361],[-113.228832221405,37.4512518219661],[-113.228818286499,37.4513040838431],[-113.228436947204,37.4527340849762],[-113.227900855856,37.4547170027737],[-113.227590984878,37.4558631284363],[-113.227105661189,37.4576419556685],[-113.227013880746,37.4581378110288],[-113.226622030956,37.4596424426237],[-113.225383147102,37.464249984707],[-113.22497617502,37.4658032894001],[-113.224469095695,37.4677064288752],[-113.223760768904,37.4702783459348],[-113.223485688672,37.4712478919492],[-113.222656478593,37.4743940649544],[-113.222184105402,37.4760218570475],[-113.221704289281,37.4777655003014],[-113.221578093014,37.4782809232859],[-113.220083109986,37.483787476107],[-113.219588238919,37.4857132536861],[-113.218935782996,37.488249753981],[-113.216692658584,37.4963246540869],[-113.214277517221,37.5052349839369],[-113.214118113071,37.5058507827299],[-113.213730997058,37.5072593924705],[-113.213506063028,37.5080314237361],[-113.213444997505,37.5083002220342],[-113.212813902625,37.5106416280416],[-113.212171464797,37.5129832429398],[-113.210974684115,37.5174350083446],[-113.210589481829,37.5188354604336],[-113.209048750392,37.5245210643462],[-113.208766115202,37.5256032733966],[-113.208031212215,37.52823227083],[-113.207717180799,37.5292483765098],[-113.207385699037,37.5302485862542],[-113.207216955033,37.5307428891982],[-113.206682143661,37.5322164177563],[-113.206287140969,37.5332124046937],[-113.205636154756,37.5347385664025],[-113.205165929876,37.5357557813019],[-113.20467985791,37.5367732903404],[-113.204176621444,37.5377848096185],[-113.203907386899,37.5382881938334],[-113.203364038229,37.5392833361015],[-113.202520821548,37.5407418752888],[-113.202214742203,37.5412630658151],[-113.201610472645,37.5422277952517],[-113.198758644803,37.5466652343643],[-113.196028274657,37.5509327252494],[-113.193631367088,37.5546541453791],[-113.191499178505,37.5579912025342],[-113.184993480864,37.5681411487811],[-113.182496813065,37.5720110880264],[-113.18096832323,37.5744175808671],[-113.172901427307,37.5869739514891],[-113.172126721792,37.5881777826009],[-113.171799985601,37.5886641298326],[-113.171128050271,37.5896254459885],[-113.170451995787,37.5905625021571],[-113.170105394501,37.5910284829751],[-113.163758969192,37.5992845654964],[-113.161357474677,37.6024052378328],[-113.160753556703,37.6031814080287],[-113.159373073549,37.6049928366314],[-113.15811411945,37.6066217889461],[-113.153787182586,37.6122431655438],[-113.153054963146,37.6131324856426],[-113.152671244922,37.6135756630107],[-113.152279310609,37.6140090760328],[-113.151878053893,37.6144336459973],[-113.151465314025,37.6148530169657],[-113.151042197222,37.6152662674603],[-113.150607648967,37.6156761201554],[-113.150162879271,37.6160852564263],[-113.14970538986,37.6164856110197],[-113.148756271027,37.6172815298254],[-113.148274572994,37.6176679010245],[-113.147785687129,37.618040883393],[-113.147293295675,37.6184103228502],[-113.1467927397,37.6187717982204],[-113.146281780431,37.6191262513247],[-113.145761576109,37.6194745621435],[-113.144730308675,37.6201349633563],[-113.143677630853,37.6207605985819],[-113.143142443126,37.6210614075027],[-113.142595720217,37.6213552140902],[-113.141465662569,37.6219308679116],[-113.140887012381,37.6222180368829],[-113.139683652773,37.6227670676089],[-113.139061414795,37.6230360935638],[-113.138429854692,37.6232962734296],[-113.137799087012,37.6235447201652],[-113.137171325322,37.6237795912969],[-113.135960982078,37.6242052484754],[-113.135364966863,37.6244016853153],[-113.134761921778,37.6245901357307],[-113.134149556295,37.6247697398719],[-113.124936022323,37.6273269486244],[-113.118373586193,37.6291347303492],[-113.11803705757,37.6292146719359],[-113.115627603783,37.6299572408061],[-113.110446849439,37.6314342888668],[-113.108807126315,37.6319529658716],[-113.106601642498,37.6327421713184],[-113.103108086569,37.6341481973333],[-113.101285726227,37.6350259978758],[-113.099604733451,37.6359354991459],[-113.098981370149,37.6362944551029],[-113.097515374121,37.63719469316],[-113.095982078061,37.6382015487638],[-113.094494267676,37.6393364472346],[-113.092335532465,37.6410780191484],[-113.090805135463,37.6423956681168],[-113.089902984717,37.6432840126385],[-113.089075749664,37.6441367779981],[-113.088674170722,37.6445683524653],[-113.088287363904,37.6450014663791],[-113.087525518948,37.6458837035831],[-113.087158435688,37.6463335873422],[-113.086837283618,37.6467482316557],[-113.086486811992,37.6472007032035],[-113.085754909283,37.64818243161],[-113.085100348505,37.6491339498801],[-113.084785070405,37.6496135508391],[-113.084481268172,37.6500983552538],[-113.084186625851,37.6505866017621],[-113.083709687164,37.6514061025477],[-113.08334932673,37.6520577226497],[-113.082836619053,37.6530580900907],[-113.082345675481,37.6540670828789],[-113.082149671427,37.654516633561],[-113.081909704476,37.6550967316115],[-113.081710018075,37.6556175406405],[-113.081336922108,37.6566668045529],[-113.080988792312,37.6577174290068],[-113.08068164269,37.6587745387642],[-113.080541107077,37.6593033138351],[-113.080410842264,37.6598346110715],[-113.080255617994,37.6605276615671],[-113.080079157203,37.6614346685449],[-113.079900470227,37.6625057310502],[-113.079829771278,37.6630188541203],[-113.079766094577,37.6635805175088],[-113.079715360461,37.664118521597],[-113.079645542026,37.6651912677813],[-113.079619734925,37.6657288320402],[-113.079600109313,37.6665690869199],[-113.079602878588,37.6684146740244],[-113.079622002012,37.670033773693],[-113.079644654253,37.6743374518237],[-113.079671757941,37.677013503049],[-113.079705461954,37.6775301904566],[-113.079694347258,37.6777818180014],[-113.079696180393,37.6787000962198],[-113.079715960649,37.6791566495307],[-113.079692247781,37.6808450826356],[-113.079373557659,37.6808427739377],[-113.07896689493,37.6808451699974]]]},"properties":{"OBJECTID":12,"boundary_name":"Zion","description":"Iron, Kane and Washington counties\u2014Boundary begins at the Utah-Arizona state line and I-15; north on I-15 to SR-14; east on SR-14 to US-89; south on US-89 to US-89A; south on US-89A to the Utah-Arizona state line; west on this state line to I-15. This hunt is comprised of all or largely private property. Excludes Zion National Park. EXCLUDES ALL NATIVE AMERICAN TRUST LANDS WITHIN THIS BOUNDARY. Excludes all CWMUs. USGS 1:100,000 Maps: Cedar City, Kanab, Panguitch, Saint George. Boundary questions? Call the Cedar City office, 435-865-6100. - A hunting permit does not authorize the permit holder to hunt on Native American trust lands, CWMUs (unless you specifically have a permit for that CWMU) or on National Park lands. Furthermore, it is the responsibility of hunters to learn if hunting is allowed and what specific rules and regulations may apply on National Monuments, National Wildlife Refuges, State Parks, UDWR Wildlife and Waterfowl Management areas, military installations and within the boundaries of cities, towns and municipalities. Written permission is required to hunt private lands.","hunt_type":"OIAL","species":"Desert Bighorn Sheep","season":"Fall 2026","source_OBJECTID":12,"boundary_id":"635","BoundaryID":"635","Boundary_Name":"Zion","source_boundary_name":"Zion","boundary_id_source":"canonical_hunt_master_name_match"}},{"type":"Feature","id":12,"geometry":{"type":"Polygon","coordinates":[[[-113.07896689493,37.6808451699974],[-113.07890658123,37.6808414573421],[-113.078820580572,37.6808477502162],[-113.077792115136,37.6808308256214],[-113.077329439676,37.6808373574173],[-113.076732641292,37.6808526486726],[-113.076141362032,37.6808503566562],[-113.075021199496,37.6808509737623],[-113.073889509667,37.6808692660601],[-113.072739020804,37.680863996524],[-113.071586915619,37.6808699188889],[-113.070136223919,37.6808747653405],[-113.068629472953,37.6808821096626],[-113.066954415747,37.6808922956887],[-113.065234067613,37.6809171296636],[-113.063520637151,37.6809256861273],[-113.061820279142,37.6809149739142],[-113.061772717137,37.6797295689569],[-113.061775899159,37.6785462502284],[-113.061745863516,37.677354860799],[-113.061618760683,37.6773549207262],[-113.060018131718,37.6773558651944],[-113.058291589142,37.6773670970561],[-113.056662533928,37.677377504127],[-113.055040600646,37.6773912791659],[-113.054870330882,37.6773925348705],[-113.054171990612,37.677396594325],[-113.05361168998,37.6773901344015],[-113.053328975021,37.6773761338054],[-113.053044555705,37.6773414347951],[-113.052581652695,37.6772485617176],[-113.052388998441,37.6771699073471],[-113.052188336998,37.6770886884642],[-113.051839235761,37.6768874005852],[-113.051795453163,37.6768621181342],[-113.051445215175,37.6766194841134],[-113.051165417287,37.6763819318203],[-113.050668993299,37.6758949120255],[-113.050359926258,37.6756236215269],[-113.049965964771,37.6753574111508],[-113.04950140295,37.6751212649409],[-113.049225977621,37.6750051126258],[-113.04858840463,37.6747897233893],[-113.048344262036,37.6747184455127],[-113.045671817822,37.6739405257926],[-113.044401452299,37.6734551898052],[-113.043727220912,37.6731920154446],[-113.043628352717,37.6731423612327],[-113.042749160837,37.6726691508352],[-113.041960048862,37.6722141998461],[-113.041532261175,37.6719530523806],[-113.041070677043,37.6716996979669],[-113.040559852805,37.6715111787593],[-113.040003410669,37.6714369971623],[-113.039440641177,37.6714629549868],[-113.038883761019,37.6715798289499],[-113.03832463779,37.6717390952349],[-113.037771227818,37.6719415174944],[-113.035658883783,37.6727665545499],[-113.034254175608,37.6733080865417],[-113.033664502439,37.6735120166199],[-113.033053664968,37.6736883716917],[-113.032431740212,37.6738324717275],[-113.031831642867,37.6739455516842],[-113.031252166823,37.6740249290808],[-113.0306869308,37.6740860344522],[-113.030125563931,37.6741227382124],[-113.029561316218,37.6741369590026],[-113.029004093183,37.6741177119507],[-113.028450741068,37.6740740633681],[-113.027902001296,37.6739915814137],[-113.027359552833,37.6738486085626],[-113.026825712544,37.6736469074447],[-113.025777098072,37.6731521493874],[-113.025231664824,37.6729407269481],[-113.024678735543,37.6727871072548],[-113.024126559972,37.6727028641417],[-113.023590023292,37.672651694281],[-113.023060555887,37.6726103138275],[-113.022516821348,37.6725862984797],[-113.021971407373,37.6725839381487],[-113.021430762014,37.6726319605681],[-113.020915160655,37.6727255122854],[-113.019908465842,37.6730221351707],[-113.019416452913,37.6731495217348],[-113.018902051581,37.6732457477396],[-113.018364847439,37.6732954996244],[-113.017818416264,37.6732976435199],[-113.01726890004,37.6732277418584],[-113.016744046727,37.6730636911799],[-113.016271154049,37.6728086297385],[-113.015874850551,37.6724927777572],[-113.014721690282,37.6712733419124],[-113.014427794262,37.671012510284],[-113.014055975083,37.6707629222372],[-113.013628276032,37.6705431257191],[-113.013171529378,37.6703391439831],[-113.012723412895,37.670118791536],[-113.012327222148,37.6698479851606],[-113.012009118719,37.6695298837182],[-113.011730767688,37.6691723515367],[-113.011457598983,37.6687967062543],[-113.011166253253,37.6684195679493],[-113.010832165197,37.6680548734339],[-113.010453239029,37.667708966473],[-113.010038443325,37.6673780889381],[-113.009578041303,37.6670795291963],[-113.009088981948,37.6668111955096],[-113.008590820314,37.6665835687919],[-113.008096141928,37.6664009405902],[-113.00759655249,37.6662463310963],[-113.007089809385,37.6661206796318],[-113.006578323941,37.6660293522756],[-113.006054042027,37.6659679800085],[-113.003057615066,37.6656692575221],[-113.002459294909,37.6655947077565],[-113.001875871989,37.6654838539714],[-113.001301826484,37.6653421972746],[-113.000737183253,37.6651706385726],[-113.000185076396,37.6649592116119],[-112.99964582099,37.6647196268284],[-112.99911584892,37.6644456364778],[-112.998609940034,37.6641387925504],[-112.998122694754,37.6638091000683],[-112.99765891149,37.6634663911793],[-112.997216444644,37.6631152085121],[-112.996789652599,37.6627565490498],[-112.996391553491,37.6623685636986],[-112.996027644036,37.6619448512791],[-112.995721695307,37.6614841085607],[-112.994924774895,37.660087212502],[-112.994629472686,37.6596425081732],[-112.994289984291,37.6591985503713],[-112.9938825643,37.6587575426401],[-112.993422256829,37.6583309455703],[-112.992940402563,37.6579038095862],[-112.991011326303,37.6562583572918],[-112.990033165187,37.6554124173849],[-112.989037451141,37.6545874927675],[-112.988517505383,37.6542177562602],[-112.987981094541,37.6539104780592],[-112.987448106913,37.6536463974673],[-112.986896822635,37.6534186708829],[-112.986613224491,37.6533252177451],[-112.986306799275,37.6532258399958],[-112.985675362367,37.6530526287877],[-112.977206702239,37.6507751911166],[-112.975895945253,37.6504150496442],[-112.975208252056,37.6502129844832],[-112.974526942238,37.6499522299381],[-112.973870335225,37.6496396891129],[-112.973248676227,37.6492769933818],[-112.972675680379,37.6488684198886],[-112.972174649846,37.6484379122286],[-112.971360346328,37.6476043927293],[-112.970972904698,37.6472684100113],[-112.970551798911,37.6469879621586],[-112.970078997181,37.6467669548918],[-112.969042297898,37.6464373041848],[-112.968351611895,37.6461412522075],[-112.967910703718,37.6458613955631],[-112.967686121534,37.6456830989505],[-112.966942761422,37.6450439261567],[-112.966613548266,37.6448087939539],[-112.966234514706,37.6445753926668],[-112.965816284427,37.6443597664773],[-112.965376627107,37.6441481006981],[-112.96445854163,37.6437154966505],[-112.963982545589,37.6435008260354],[-112.963484749115,37.6433189599529],[-112.962949392019,37.6432170233414],[-112.962404419715,37.6432233893959],[-112.96187583804,37.643335822969],[-112.96135381932,37.6434823909947],[-112.960826603767,37.643603809269],[-112.960289182971,37.6436388787199],[-112.959796859306,37.6436218273569],[-112.959345433746,37.643565342433],[-112.9589008739,37.6434681872893],[-112.958447462459,37.6433360302646],[-112.958006795281,37.6431712163265],[-112.95758895029,37.6429690722742],[-112.956018030579,37.6419281049043],[-112.955596019729,37.6416962827536],[-112.955186851302,37.6415219236186],[-112.954774710706,37.6413205759816],[-112.954663551449,37.6412737530327],[-112.954338216735,37.6411412595001],[-112.95391741911,37.6409553728443],[-112.953533652627,37.6407553530967],[-112.953190008969,37.6405294336733],[-112.952868245208,37.6402734109499],[-112.9525797132,37.6399879983672],[-112.951776106694,37.6390315970385],[-112.951411502557,37.6386104562154],[-112.950879116478,37.6380136497953],[-112.950250507034,37.637290459949],[-112.949610890996,37.6365359060582],[-112.949260278562,37.6361722044241],[-112.948844249667,37.6358636553765],[-112.94838748595,37.6356440965577],[-112.947949856814,37.6355062302229],[-112.94754540427,37.6354236895747],[-112.947172077451,37.635361361541],[-112.94679382055,37.6352837930821],[-112.946414788669,37.6351764961729],[-112.945674151762,37.6348913165719],[-112.944459356169,37.634413881172],[-112.944042112416,37.6342315046065],[-112.943647601619,37.6340081973159],[-112.943277972352,37.6337394180527],[-112.942941318303,37.6334313422027],[-112.942012833669,37.6325021622114],[-112.941681424696,37.6322210326284],[-112.941311881714,37.6319549491649],[-112.940124534821,37.6312228738655],[-112.939799051316,37.6309948129497],[-112.939526384069,37.6307496607429],[-112.939298557225,37.6304857463263],[-112.938859664311,37.629948628423],[-112.938599650573,37.6297104756668],[-112.938290190116,37.6295317138425],[-112.937931656909,37.6294267558576],[-112.937548219904,37.6293663653853],[-112.936750839071,37.6293362030842],[-112.936322868585,37.6293062799434],[-112.936095858267,37.6292609804115],[-112.935871344326,37.6291983361408],[-112.935596398549,37.6290829868978],[-112.935458552411,37.628962863961],[-112.934754164795,37.6283368107438],[-112.93404325822,37.6277429432806],[-112.933900474449,37.6276026220585],[-112.933757567824,37.6274050754918],[-112.933614497726,37.6271618397947],[-112.933499546647,37.626823064734],[-112.933440359566,37.6265154587423],[-112.933376484488,37.6253228456443],[-112.933382084326,37.6249704686225],[-112.933365981052,37.6244932684412],[-112.933340884543,37.6242287223327],[-112.932803589614,37.622579650687],[-112.932553429046,37.6218889117964],[-112.931721358854,37.619990159725],[-112.931643372091,37.6193846476178],[-112.931634200054,37.6190302591307],[-112.931670561145,37.6181894592144],[-112.93181929099,37.6168225810487],[-112.931911397249,37.6159513980849],[-112.931928011719,37.6158885815097],[-112.932326301637,37.6143854964983],[-112.932742793617,37.6122689233501],[-112.932842005976,37.611681506386],[-112.932972433898,37.6110746522503],[-112.933101687026,37.6106850106694],[-112.93326978738,37.6103956687064],[-112.933414138942,37.6102391947445],[-112.933964439894,37.6099228592106],[-112.934276636303,37.6096861277448],[-112.934551241479,37.609397741294],[-112.934856044764,37.6090070213277],[-112.935108932167,37.6085802022651],[-112.935512552553,37.6071947176168],[-112.935732603293,37.606550341203],[-112.935977340618,37.6060281248931],[-112.936329571413,37.6054140220023],[-112.936473577234,37.6050700966813],[-112.936550555847,37.6047624189585],[-112.936594362273,37.6044292405125],[-112.936507093931,37.6038727288545],[-112.936252102759,37.6034136879471],[-112.935966760754,37.6030640116577],[-112.935770647671,37.6028922130565],[-112.935345620432,37.602589707754],[-112.935183253418,37.602417444664],[-112.93500192531,37.6021647431397],[-112.934653006808,37.6015379901051],[-112.934337583485,37.6009315950191],[-112.934046431441,37.6006236453164],[-112.933711941607,37.6003479478467],[-112.933360994476,37.6001365056388],[-112.933046290023,37.6000167533878],[-112.931872555178,37.599538054996],[-112.93118343427,37.5992667145884],[-112.930807217514,37.5991069576266],[-112.930203609279,37.598874586546],[-112.929900647356,37.5987135380203],[-112.929125915196,37.5981879997688],[-112.928832542448,37.5979594704919],[-112.92847031329,37.5976873654457],[-112.928028839918,37.5973948348446],[-112.927713623611,37.5972018072309],[-112.927268094994,37.5969757598949],[-112.926618183163,37.5966948296591],[-112.925952334204,37.5964545306146],[-112.92522005322,37.5962601024564],[-112.923674509087,37.5960071951662],[-112.923192490551,37.5958984352412],[-112.920307820306,37.5948689120613],[-112.919251036826,37.5945451750861],[-112.9187519332,37.5944276624962],[-112.918327463808,37.594362827401],[-112.917802360281,37.5943309890896],[-112.916433152655,37.5943577429561],[-112.916072796902,37.594377023815],[-112.915487144711,37.594399961435],[-112.914999912113,37.5944271567184],[-112.914318792261,37.5944196446092],[-112.913738651631,37.5943659703282],[-112.913112741548,37.5942941096505],[-112.912377712598,37.5941760692757],[-112.91143614676,37.5939448423225],[-112.910691878984,37.5937000488211],[-112.909923542621,37.5934616783642],[-112.9093743824,37.5932903219443],[-112.908606267198,37.5930469824833],[-112.907184351525,37.5925966524938],[-112.906818859474,37.5924322284914],[-112.906505561258,37.5922714660998],[-112.906215647993,37.5920950042487],[-112.905071280252,37.5912329909336],[-112.904772576916,37.5910224208245],[-112.904362004531,37.5908217665629],[-112.903926521074,37.5906656728101],[-112.903484935377,37.5905367126036],[-112.902973062029,37.5904494394556],[-112.901996933008,37.5904102038043],[-112.899132742897,37.5903984805574],[-112.898098555671,37.5904053885614],[-112.897719559072,37.5904660990247],[-112.897496550016,37.5905638636326],[-112.897337743491,37.5907458513575],[-112.897250632989,37.5909994149291],[-112.897262658438,37.5913391637291],[-112.897396841068,37.5915209460879],[-112.897586148495,37.5916479484819],[-112.897913913416,37.5918039058908],[-112.898438360305,37.5919579596651],[-112.899073730523,37.5920735459377],[-112.90007002968,37.5921257287535],[-112.900294980682,37.5922022248692],[-112.900387337567,37.5922710328926],[-112.900493614623,37.5923972950029],[-112.900508652954,37.5926322724036],[-112.900486294526,37.5928218897075],[-112.9003409555,37.5929855498478],[-112.900144908377,37.593114878692],[-112.899936609386,37.5931632942891],[-112.899733365635,37.5931789136717],[-112.899460732043,37.5930980471779],[-112.89925420778,37.5929578967896],[-112.898815369436,37.5926297944056],[-112.898328153157,37.5924524325203],[-112.897919779548,37.5923558118691],[-112.897564518175,37.592348097641],[-112.897001629101,37.5923840054672],[-112.896337568127,37.5925213023291],[-112.89590950404,37.5926662491539],[-112.894840491923,37.5931902708648],[-112.893906607859,37.5935722438751],[-112.893550762047,37.5936444656864],[-112.893051428938,37.593627874792],[-112.892713264199,37.5935441687537],[-112.892121579033,37.5933334893791],[-112.891826655736,37.5932755833548],[-112.891514116525,37.5932778905062],[-112.891092984705,37.5933079827988],[-112.890545361235,37.5933970579214],[-112.889636921055,37.5935724792977],[-112.888762040533,37.5936284847798],[-112.88823487246,37.5936263781747],[-112.887508307576,37.5935547302519],[-112.886283939966,37.5933430558719],[-112.884608971379,37.5929314649836],[-112.883870232491,37.5927314740202],[-112.883372185823,37.5924825753112],[-112.883075508451,37.5923052626935],[-112.882816056505,37.5921219479323],[-112.882518785943,37.5918310887208],[-112.882122269088,37.5914219486583],[-112.881809782548,37.5910213805468],[-112.881556774781,37.5905090121092],[-112.881458241481,37.5901491911047],[-112.881428090713,37.589851365559],[-112.881428236615,37.5895873035546],[-112.881480980329,37.5893431310806],[-112.881580345568,37.5891513875693],[-112.882603403736,37.587952658399],[-112.882999366185,37.5874416526916],[-112.88331216145,37.5869112448835],[-112.883449431003,37.5865611799735],[-112.883800629541,37.5844097501742],[-112.883816015204,37.5839868286127],[-112.883810940845,37.5836507515574],[-112.883756205241,37.5834560588775],[-112.883639729197,37.5832380185859],[-112.883517778777,37.5830723367824],[-112.883334857302,37.582868875168],[-112.882545929963,37.5822772806286],[-112.88090144557,37.5811223543117],[-112.880487852187,37.5808689415385],[-112.880209058926,37.5807656871962],[-112.879994608054,37.5807127771661],[-112.879739756559,37.5807059322585],[-112.87942472846,37.5807333005971],[-112.879111844962,37.5808414741949],[-112.878651559715,37.5811404407717],[-112.878415742563,37.5813998735556],[-112.877933007725,37.5819278365594],[-112.877735227349,37.582132859286],[-112.877501458637,37.5822531980242],[-112.877339917082,37.582327596141],[-112.877037214505,37.5823951371504],[-112.87676123639,37.582404032943],[-112.876489678572,37.5823634704356],[-112.876239186507,37.5822643529409],[-112.876010319267,37.5821289320609],[-112.875825605732,37.5819569399094],[-112.875647000588,37.5818026947041],[-112.875421883243,37.5815909690264],[-112.875232345713,37.5814748386775],[-112.875019290122,37.581378187779],[-112.874664643501,37.5812890131141],[-112.87381441721,37.5813204517831],[-112.873458308716,37.5812813149363],[-112.87322015276,37.5812267861942],[-112.872945903036,37.5810785612104],[-112.872747407983,37.5808035920142],[-112.872478324996,37.5803010103856],[-112.872327153481,37.5800028488412],[-112.871992990159,37.5796821754685],[-112.871717919549,37.5794872767991],[-112.871159206371,37.5791755698206],[-112.870762184065,37.5790124332665],[-112.870045699488,37.5785272116447],[-112.869724748764,37.5782632799888],[-112.869322587966,37.5777313461283],[-112.869131231898,37.5775190731636],[-112.868936348723,37.5773876060208],[-112.868656555241,37.577270370745],[-112.868297750927,37.5771859288113],[-112.86790095133,37.5771669758361],[-112.867610837698,37.5772031106934],[-112.867258461796,37.5772852916068],[-112.866918492884,37.577383677599],[-112.866543124691,37.5774747818318],[-112.866295907254,37.577505638685],[-112.865673255582,37.5774707832965],[-112.86516996599,37.5773138138139],[-112.864131961868,37.5766930447527],[-112.862551374964,37.5756094869174],[-112.861903395834,37.5751617061071],[-112.861533956328,37.5748131698727],[-112.860989162813,37.5741705318877],[-112.860826920819,37.5738846958944],[-112.860447562144,37.5732827056216],[-112.86020313606,37.5730248407704],[-112.859753905658,37.5725722923529],[-112.859508013838,37.5723463527226],[-112.859295128467,37.5721180900773],[-112.858875404474,37.5714947402097],[-112.858707911961,37.5710882184959],[-112.858471535121,37.5707801144838],[-112.858242026143,37.5706115929785],[-112.857814346173,37.5703326354248],[-112.857329497314,37.570172457348],[-112.856846214314,37.5700752488367],[-112.856280098474,37.570089381869],[-112.855713593259,37.5700878368423],[-112.855356660134,37.5700357698836],[-112.854999178789,37.5698794377073],[-112.854664198633,37.5697035545331],[-112.854160193751,37.5694690421607],[-112.853543123517,37.569240809599],[-112.852801365363,37.5690249856787],[-112.851826409056,37.568819846055],[-112.851124226202,37.5686609793627],[-112.85067410088,37.5684617462349],[-112.849315470918,37.5675983915348],[-112.848782421514,37.5673968454576],[-112.847964467753,37.5671752447783],[-112.847490324481,37.5671075951763],[-112.847034941339,37.5670843513239],[-112.846481916405,37.5671188704995],[-112.846055316501,37.5671883602592],[-112.845256472155,37.5674149866391],[-112.844636693087,37.5677039683078],[-112.843959975316,37.5681451538418],[-112.843271142597,37.5687749731095],[-112.842386601055,37.5700187012372],[-112.842090222542,37.5703330823482],[-112.841709329289,37.5706823977475],[-112.841268330239,37.5709728076888],[-112.840889620215,37.5711581516913],[-112.840496395421,37.5712690985594],[-112.840175372996,37.5713371911088],[-112.838359882954,37.5716872268121],[-112.836170470268,37.5720685581235],[-112.835470167896,37.5721984151445],[-112.834712967017,37.572293734042],[-112.833795644901,37.5723562078399],[-112.833579506838,37.5723522661578],[-112.831865797673,37.5722235064095],[-112.831173515814,37.5721125833372],[-112.829762028333,37.5719470190518],[-112.829380151474,37.5719349145274],[-112.828864915423,37.5719237940159],[-112.828279939565,37.5719732333215],[-112.827555912353,37.5720965616156],[-112.824261040244,37.5729541470663],[-112.823520166114,37.5730791531319],[-112.823109360077,37.573088203817],[-112.822452464802,37.5730352632753],[-112.822032408412,37.572943514439],[-112.821292784672,37.5727016834683],[-112.819445688818,37.5719442953443],[-112.818435078035,37.5715421477301],[-112.817364440519,37.5710876525016],[-112.816463339081,37.5707366138646],[-112.815906659244,37.5705198710614],[-112.815456386909,37.5703952176103],[-112.814968136383,37.5702918749853],[-112.814481225618,37.5702483519948],[-112.814036072359,37.5702551952731],[-112.813592227432,37.5703113145463],[-112.812920095932,37.57047863729],[-112.811170261406,37.5710617494058],[-112.810627276788,37.5712136486597],[-112.810138234493,37.5712880225986],[-112.809700177981,37.5713310606767],[-112.809290429447,37.5713460852196],[-112.808436204515,37.5712651788572],[-112.807932404831,37.5711742120727],[-112.807345994922,37.5710054695405],[-112.805652655566,37.5703716820369],[-112.805332648325,37.5702954660671],[-112.804843202364,37.5702076911005],[-112.804385656942,37.5701608834168],[-112.803602099804,37.5701549260393],[-112.80131136233,37.5702795854174],[-112.800916919403,37.5702811890933],[-112.800434772899,37.5702612379407],[-112.800037432371,37.5702177307107],[-112.798779033967,37.570010705931],[-112.797764470717,37.569772916329],[-112.795901771172,37.5692488149716],[-112.795047341469,37.5689833301214],[-112.793918995074,37.5685796066918],[-112.791623488936,37.5676817808472],[-112.791053627171,37.5674213193254],[-112.790622746724,37.5671489229083],[-112.790302970317,37.5669392784011],[-112.789974409808,37.5665990860412],[-112.789752877429,37.5663311716383],[-112.789511394683,37.5659391877833],[-112.789363647895,37.5655845357221],[-112.789287312553,37.5652333070498],[-112.789264365449,37.5648893801248],[-112.78944076891,37.5612509103128],[-112.789522463666,37.559947735272],[-112.789768165398,37.5563294811666],[-112.789773447038,37.555840476136],[-112.789734434452,37.555388012225],[-112.789583864454,37.5547487895073],[-112.789371655042,37.5541827807578],[-112.789161858636,37.5538311410437],[-112.788857954159,37.5533736790671],[-112.788237792925,37.5526518962008],[-112.787515189974,37.5518823631423],[-112.787102757119,37.5513637229794],[-112.786786598325,37.5508661551198],[-112.786536076111,37.5502823351265],[-112.786464854722,37.5500207000158],[-112.786128842376,37.5491272431176],[-112.786037748431,37.5485356018497],[-112.785961742155,37.5477697917383],[-112.785915649642,37.5464787334028],[-112.785835687764,37.5459596538228],[-112.785526361259,37.5450401952714],[-112.784921312754,37.5435286725071],[-112.784778550763,37.5432472087584],[-112.784605181389,37.5429542209491],[-112.78448216935,37.5427794361969],[-112.784288400259,37.5425327198307],[-112.783857906111,37.5421363686082],[-112.783566564963,37.5419271752548],[-112.783370428266,37.5418183838449],[-112.783157449473,37.5417152539872],[-112.78299165386,37.5416447572408],[-112.782716318838,37.5415371608887],[-112.782114056062,37.5413416712865],[-112.779738385831,37.5406294757954],[-112.778598150507,37.5402753464951],[-112.777560971592,37.5399710254415],[-112.776759369692,37.5397208296795],[-112.776349518612,37.539571982835],[-112.77615275851,37.5394839172956],[-112.775791900585,37.5393009851607],[-112.775632349675,37.5392069515232],[-112.77548511629,37.539107324922],[-112.775208411114,37.5388933840901],[-112.774953566252,37.538646668969],[-112.774740584304,37.5383993239358],[-112.774555824229,37.538148850526],[-112.774186732912,37.5373315580371],[-112.773974247454,37.5367705694637],[-112.773788747006,37.536393029754],[-112.773664981425,37.5361848982758],[-112.773266365986,37.53555370333],[-112.772897234884,37.5350203002965],[-112.772648879926,37.5347121974199],[-112.772502663664,37.5345593779113],[-112.772205322728,37.5342853557313],[-112.772084102769,37.5341844329114],[-112.771982797923,37.534112051031],[-112.771349697099,37.5337574470036],[-112.770839568331,37.5335298737251],[-112.769003304345,37.5327850315787],[-112.768580168038,37.5325985035799],[-112.768178124218,37.5323945343835],[-112.767982013128,37.5322848150931],[-112.767787995028,37.5321678541274],[-112.767600573868,37.5320426828123],[-112.767416355809,37.531909351986],[-112.767036932134,37.5316086063793],[-112.766620826289,37.5312399133711],[-112.76538677259,37.5301137843525],[-112.763997348738,37.5288277381255],[-112.763204003671,37.528104167767],[-112.762881580817,37.5278196807439],[-112.762735072661,37.5277011005306],[-112.762429119108,37.5274911702058],[-112.762084358763,37.5273151645548],[-112.761908221274,37.5272357793049],[-112.761563412871,37.5271057366542],[-112.761384370111,37.5270471227459],[-112.761196489736,37.5269976529114],[-112.760999792879,37.5269582280459],[-112.760592138688,37.5268985162646],[-112.760386943244,37.5268826496496],[-112.759982759166,37.5268742553735],[-112.759571376301,37.526896609565],[-112.759157340179,37.5269505456786],[-112.758950126574,37.526993288017],[-112.758549992593,37.5271092012883],[-112.758344670914,37.5271843594667],[-112.758107072017,37.5272825292351],[-112.757273958901,37.5276581367262],[-112.757059859296,37.527745139619],[-112.756855750078,37.5278238821971],[-112.756645667231,37.5278891945216],[-112.7564364828,37.5279445793349],[-112.756231548328,37.527988184282],[-112.756026360089,37.5280209776223],[-112.755806359922,37.5280494846223],[-112.755306170985,37.5280974784753],[-112.754385349325,37.5281598326122],[-112.75351798169,37.5281853355799],[-112.752906730717,37.5281781898203],[-112.752477314763,37.5281557244635],[-112.752029356471,37.5281146063928],[-112.751809073389,37.5280827262168],[-112.751368170616,37.5280045495716],[-112.751139611257,37.5279574696081],[-112.750688901676,37.5278469907539],[-112.750470187379,37.5277853434507],[-112.750048281335,37.5276482987345],[-112.749639404332,37.5274876268296],[-112.749182949027,37.527276286945],[-112.748142019333,37.5267500506914],[-112.747755565332,37.5265800276014],[-112.747333082178,37.5264177464689],[-112.747114164441,37.5263470833323],[-112.746630139367,37.5262145504221],[-112.746362832637,37.5261554167519],[-112.745405791473,37.5259739965655],[-112.745196493287,37.5259275214825],[-112.744777309952,37.5258093437552],[-112.74456505759,37.5257331698146],[-112.744351191805,37.5256362904799],[-112.744129072401,37.5255251126087],[-112.743892854704,37.5253916111914],[-112.743171258991,37.5249209972813],[-112.742563693708,37.5245361176178],[-112.742166872505,37.5243085486285],[-112.741938936618,37.5241902423241],[-112.741671053698,37.5240572035125],[-112.741116269978,37.5238004170212],[-112.740616854485,37.5235887756339],[-112.740164803878,37.5234187930088],[-112.739709968607,37.5232749860509],[-112.739301827033,37.5231440083107],[-112.737475364033,37.5226022076091],[-112.736203477434,37.5222108458029],[-112.734713169381,37.5217686039994],[-112.733997775866,37.5215619096286],[-112.733588245564,37.5214678837775],[-112.733372263069,37.5214250906429],[-112.732908814106,37.5213480765633],[-112.732411744045,37.5212850727985],[-112.731890331023,37.5212458566545],[-112.730682941191,37.5211950648456],[-112.730171730572,37.5211565928023],[-112.729950448663,37.5211291923859],[-112.729508641995,37.521058156594],[-112.729273266795,37.5210084299197],[-112.728805453269,37.5208891045042],[-112.728347280999,37.5207462034146],[-112.728104247629,37.5206587337012],[-112.727855122675,37.5205524262287],[-112.727038450383,37.5201723274772],[-112.725362303218,37.5193703790515],[-112.724657241623,37.5190697457171],[-112.724054617585,37.5188442193268],[-112.723009485258,37.518516095661],[-112.722483678207,37.518383170986],[-112.721406330579,37.5181789752435],[-112.72115873403,37.5181384229595],[-112.720634443218,37.5180712597119],[-112.72004261767,37.5180194980552],[-112.719404665488,37.5179792202078],[-112.716247000801,37.5178449070061],[-112.714676295451,37.5177866132403],[-112.712466144095,37.5177213513663],[-112.712000250382,37.5177335147664],[-112.711568886698,37.517771312331],[-112.711190438572,37.5178470956301],[-112.71082046296,37.517947088966],[-112.710447977512,37.5180858716575],[-112.710266587824,37.5181696124233],[-112.709952630473,37.5183444974511],[-112.709659463652,37.5185380070731],[-112.709010520804,37.5190575142294],[-112.708735631857,37.5192588683714],[-112.708592839845,37.5193483568435],[-112.708429625365,37.5194354368578],[-112.708262873264,37.5195162590137],[-112.70808116945,37.5195864821147],[-112.707893604167,37.5196477771266],[-112.707508725259,37.5197398644145],[-112.707134273923,37.5197930455372],[-112.706767906367,37.5198037494298],[-112.70658322193,37.5197928999675],[-112.706394877299,37.5197703867368],[-112.706205155376,37.519737077991],[-112.705834084103,37.5196405970525],[-112.705651624267,37.5195783421854],[-112.705463180831,37.5195017533023],[-112.705235622736,37.5193968886918],[-112.701996375225,37.5178150473543],[-112.699231836791,37.5164543039975],[-112.698920645517,37.516302953762],[-112.697323670214,37.5155327199742],[-112.697087127327,37.5154297710169],[-112.696866889559,37.51534731628],[-112.696650433161,37.5152819307601],[-112.696424001397,37.5152257007645],[-112.696189999145,37.5151849005221],[-112.695954020489,37.5151567458597],[-112.695712610896,37.5151385825913],[-112.695165565047,37.5151139917538],[-112.694411511353,37.5150914677469],[-112.694001387892,37.5150676104474],[-112.693589583681,37.5150194417574],[-112.693150186108,37.5149518395213],[-112.692677316288,37.5148549738172],[-112.692173074258,37.514721604044],[-112.689598370989,37.5139392251091],[-112.689150374772,37.5138410879746],[-112.688670187996,37.5137704473525],[-112.688436640617,37.5137494529075],[-112.687961187794,37.5137382250324],[-112.687711303824,37.513745401816],[-112.687468429375,37.5137623917916],[-112.687235937267,37.5137882455483],[-112.686774954205,37.5138669324204],[-112.686552037308,37.5139160808892],[-112.686346207795,37.513970392493],[-112.68598455821,37.514089115765],[-112.685662717945,37.5142171835497],[-112.685502596009,37.5142915702457],[-112.685342554814,37.5143695606259],[-112.685030875253,37.5145470511445],[-112.684722266718,37.5147605475506],[-112.684562186489,37.5148872056386],[-112.684216920794,37.5151814360834],[-112.683633529097,37.5157043767448],[-112.683395644725,37.5158934284716],[-112.683203021045,37.5160322651005],[-112.683126108533,37.5160838321562],[-112.682741724379,37.5162993047924],[-112.682406295586,37.516427557447],[-112.682034528504,37.5165500179524],[-112.681913015889,37.5165805892251],[-112.681839918454,37.5166005569068],[-112.68161240478,37.5166470578194],[-112.680970965219,37.5167526261013],[-112.680279613192,37.5168525923325],[-112.679226563893,37.5170198859569],[-112.678494102114,37.517153773129],[-112.678005374968,37.5172580557451],[-112.677247314568,37.5174616962738],[-112.676600120767,37.5176646591017],[-112.675638601487,37.5180298004614],[-112.675445778995,37.5181100452692],[-112.675055020971,37.5182949405981],[-112.674418450272,37.5186194114518],[-112.674191566116,37.5187452004184],[-112.67350494732,37.5191596011],[-112.67234914192,37.5198960861952],[-112.668144069742,37.5226251122123],[-112.666365615108,37.5237605817238],[-112.666014007921,37.5239782416836],[-112.665644949278,37.5241745164626],[-112.665250480623,37.5243477156136],[-112.665038359231,37.5244264132594],[-112.664579777363,37.5245662662529],[-112.664130474076,37.5246654298256],[-112.663713235124,37.5247307931277],[-112.663267194045,37.5247731278288],[-112.662910020706,37.5247916776842],[-112.662276043298,37.5247789744454],[-112.661854220364,37.5247398490781],[-112.661210146443,37.5246290444],[-112.661182676862,37.524615010647],[-112.660952786994,37.5245560575317],[-112.66071581036,37.5244836846749],[-112.660476391916,37.5244032342961],[-112.660220777132,37.5243067884014],[-112.659627914044,37.5240555589233],[-112.657358803936,37.5230203337636],[-112.657118775657,37.5229119458145],[-112.656121199851,37.5224726056479],[-112.654259010357,37.5216181735436],[-112.652704512279,37.5209117191589],[-112.651251175065,37.5202245584179],[-112.650327016068,37.5197760302813],[-112.648836255488,37.5190316812201],[-112.648533284403,37.5188899062609],[-112.648276890342,37.5187564930162],[-112.648025319134,37.5186365308919],[-112.646262999186,37.5176841407599],[-112.645100817166,37.5170595369391],[-112.644762858681,37.5168695711043],[-112.643303273288,37.5160454048977],[-112.642210672059,37.5154441378554],[-112.64178952498,37.5152264796271],[-112.64141572301,37.515052323891],[-112.64104455991,37.5148952543696],[-112.640645239055,37.514743982493],[-112.640003732389,37.5145383918935],[-112.639546347348,37.5144221708481],[-112.639097255864,37.5143229569936],[-112.638290844677,37.5141818333826],[-112.638026195507,37.5141350337396],[-112.637544955546,37.514066001745],[-112.637348389605,37.5140281703658],[-112.636811775685,37.5139103333788],[-112.636619360941,37.5138553191297],[-112.636224175349,37.5137373217583],[-112.63565622922,37.5135315892635],[-112.635020579355,37.5132303556581],[-112.634775912355,37.5131138742738],[-112.634354111421,37.5128646537213],[-112.633646058628,37.5124075937706],[-112.633167114778,37.5120798476781],[-112.632578760862,37.511663485288],[-112.631910643729,37.5111689104476],[-112.630982093972,37.5104562165484],[-112.630369517076,37.5099653719338],[-112.629488651597,37.5092069440085],[-112.628970263305,37.5087283111936],[-112.628463035192,37.5082423119416],[-112.627749523709,37.5075302311852],[-112.626692839332,37.5063830532615],[-112.62611738381,37.5057231366358],[-112.62567223941,37.505176786002],[-112.625223103066,37.5046025491036],[-112.624718416692,37.5039182182238],[-112.62426981966,37.5032637568424],[-112.623782055641,37.5025242113182],[-112.623469169142,37.5020238006346],[-112.622997078124,37.5012236508856],[-112.622438366077,37.5001840493542],[-112.622182881682,37.4996693272257],[-112.621684792604,37.4986072584163],[-112.621489644119,37.4981620053389],[-112.621328130837,37.4977550448766],[-112.62087661066,37.4965436227518],[-112.62045710409,37.4951902593971],[-112.620121224447,37.4941466863596],[-112.620064883895,37.4939996503401],[-112.619933544366,37.4937319710504],[-112.619853847031,37.4936032807364],[-112.619663707644,37.4933364075383],[-112.619554513282,37.493203615136],[-112.619435356237,37.4930808732391],[-112.619167623386,37.4928348910998],[-112.618884703231,37.4926188585302],[-112.618728718632,37.492519152511],[-112.618561523865,37.4924241062727],[-112.61838315783,37.4923355217827],[-112.618000846806,37.4921785304169],[-112.616575330036,37.4916392601323],[-112.615753617775,37.4913521822166],[-112.615488363187,37.4912728933491],[-112.61510430115,37.4911916234668],[-112.614792254128,37.491145418753],[-112.61457351211,37.491124976009],[-112.614231652623,37.4911125244959],[-112.613766029551,37.4911306038374],[-112.613407202179,37.4911706556972],[-112.613169405197,37.4912108560411],[-112.612931821118,37.4912609670222],[-112.612569748274,37.4913605447969],[-112.612320383462,37.491441458737],[-112.611968362196,37.4915877637536],[-112.611507653421,37.4918346909426],[-112.610679454214,37.4923507019374],[-112.610098739264,37.4926984003925],[-112.609759803979,37.4928751638435],[-112.609410399829,37.4930385498628],[-112.609176112932,37.4931372772625],[-112.60893151288,37.4932298357678],[-112.608015572242,37.4935063830953],[-112.60777537679,37.4935934716075],[-112.6074504756,37.4937393941019],[-112.607251451369,37.4938475518126],[-112.607061724089,37.4939672992659],[-112.606880278762,37.4941040579656],[-112.606630652763,37.4943318713727],[-112.606482520751,37.4944925107252],[-112.605744707061,37.4954290547217],[-112.605170677036,37.4960911832704],[-112.60465511912,37.4966317437985],[-112.604061010373,37.4972022097715],[-112.603637057403,37.4975837986206],[-112.603063431752,37.4980548412739],[-112.60285068997,37.4982100441458],[-112.602515014151,37.4984354116484],[-112.602177858821,37.4986445753307],[-112.601840412822,37.4988402228799],[-112.601500260568,37.4990151768495],[-112.601092560962,37.49920546599],[-112.600821347244,37.4993245056497],[-112.600589156205,37.4994168788693],[-112.600218710225,37.4995507810864],[-112.599623332137,37.4997463118043],[-112.597798863176,37.500222998508],[-112.594872555481,37.5009876282859],[-112.594460400233,37.5010761107669],[-112.594391624551,37.5010869533034],[-112.594208931867,37.5011137539907],[-112.593960568635,37.5011378356402],[-112.593579273764,37.5011348697196],[-112.593335703059,37.5011183279898],[-112.593104285419,37.5010881026866],[-112.592879308892,37.501041567093],[-112.592478351718,37.5009117829334],[-112.592299188941,37.5008384914678],[-112.592036282789,37.5007104495389],[-112.591858693969,37.5006046902481],[-112.591520770836,37.50035328219],[-112.591294501842,37.5001391236382],[-112.590853760472,37.4996268276026],[-112.590580424295,37.4993267790995],[-112.590506479103,37.4992538703066],[-112.590269098521,37.4990488720946],[-112.590006858666,37.4988451093404],[-112.589726602391,37.4986451935983],[-112.589533957163,37.4985225091111],[-112.589432200013,37.4984716045621],[-112.58933586823,37.4984098115978],[-112.58913812366,37.4983133320864],[-112.588669877562,37.4981033252246],[-112.58805374154,37.4978538463892],[-112.586978471039,37.4974501072986],[-112.586396729489,37.4972217881669],[-112.585741383911,37.4969896776203],[-112.585242182533,37.4968127889191],[-112.584368391016,37.4965207834566],[-112.58326184774,37.4961877291988],[-112.582208264922,37.4958981175909],[-112.580095192187,37.4953595024211],[-112.579264701037,37.4951344753111],[-112.578830946377,37.495002378851],[-112.578294450233,37.4948256885821],[-112.577432900159,37.4945217510061],[-112.577053128922,37.4943745064822],[-112.576498428451,37.4941385666444],[-112.576216609432,37.4940070460647],[-112.575643951803,37.4937398871671],[-112.575361552292,37.4935967457588],[-112.574743716965,37.4932624989565],[-112.573597736938,37.4926090235477],[-112.572621062516,37.4920452131088],[-112.572183995777,37.4918076863047],[-112.571756695771,37.4916042764939],[-112.571483962104,37.4914898379285],[-112.571216035599,37.4913888539663],[-112.570667162508,37.4912131944406],[-112.57037483239,37.4911350650511],[-112.569925963653,37.4910355824324],[-112.569628377048,37.4909764479189],[-112.569329867512,37.4909272389896],[-112.568733603468,37.4908648600176],[-112.568142560576,37.4908357560594],[-112.567702647135,37.4908397932303],[-112.567406531788,37.4908509333971],[-112.566953782929,37.4908902880274],[-112.566500335641,37.4909503796289],[-112.566200505587,37.4910003210849],[-112.565754518929,37.4910927569859],[-112.565177544773,37.4912500166759],[-112.563204341143,37.491874598269],[-112.559434034413,37.4930842055298],[-112.558377032559,37.4934128836858],[-112.550837907953,37.4958157904699],[-112.548909636946,37.496436841015],[-112.548536473479,37.4965525918165],[-112.54786055176,37.4967426095726],[-112.547538550393,37.4968162277851],[-112.547233121216,37.4968707011182],[-112.54691949649,37.4969117617859],[-112.546601161967,37.4969438704833],[-112.546272370392,37.4969625960081],[-112.545951234751,37.4969686024668],[-112.545663839991,37.4969651536777],[-112.545409073907,37.4969531657208],[-112.544882948261,37.4968924526584],[-112.544456339372,37.4968138523533],[-112.544284538092,37.4967822106267],[-112.543957153739,37.4967044741574],[-112.543634015322,37.4966131620532],[-112.543318552751,37.496510032092],[-112.543018793588,37.4964003871495],[-112.542164441333,37.4960555393122],[-112.541770452244,37.4959290958549],[-112.541485138708,37.4958616186536],[-112.541196747892,37.4958095027092],[-112.540882680642,37.4957739441202],[-112.54057469384,37.4957590348729],[-112.540252487005,37.4957677436032],[-112.539916968635,37.4957892429646],[-112.539589884215,37.4958358673404],[-112.539267914795,37.495911265187],[-112.538945257673,37.4960083018981],[-112.538626528547,37.4961314237522],[-112.538492006022,37.4961908582027],[-112.538295839275,37.4962781338702],[-112.5373540216,37.4967419392721],[-112.537102973989,37.4968560645111],[-112.536837039271,37.4969613701106],[-112.5365482458,37.4970552558316],[-112.536266943235,37.4971283139169],[-112.535990851574,37.4971796727872],[-112.535717727727,37.4972102629263],[-112.535453374043,37.4972272191805],[-112.535192154624,37.4972315161471],[-112.534937443858,37.4972222087091],[-112.534671165929,37.4972004330658],[-112.534385257163,37.4971590836343],[-112.53407513891,37.497095515892],[-112.533743110162,37.4970115023555],[-112.533366369064,37.49689832604],[-112.532998436724,37.4967733174975],[-112.532348615404,37.4965266870441],[-112.531817688712,37.4962857212794],[-112.531567097868,37.4961456670412],[-112.531327503946,37.495990147866],[-112.531107990877,37.4958208486264],[-112.53091904931,37.4956529552719],[-112.530754932678,37.495482036013],[-112.53062010915,37.4953053291999],[-112.530501136848,37.4951293181022],[-112.530399036185,37.4949485818463],[-112.530313807061,37.4947631204779],[-112.53024543098,37.4945720329901],[-112.530201768685,37.4943725137214],[-112.530179666463,37.4941763202447],[-112.530176733725,37.4939771745596],[-112.530189632928,37.4937778237589],[-112.530223834309,37.4935691841312],[-112.530289110736,37.4933313007976],[-112.530389019867,37.4930722391637],[-112.530554507409,37.4927564480724],[-112.53090408668,37.4921498599984],[-112.531035894392,37.4919021010415],[-112.531124169662,37.4916828460595],[-112.531162780556,37.491468741259],[-112.531146294214,37.4912706725198],[-112.531081164782,37.4910723330425],[-112.530958309404,37.490872037904],[-112.530779723788,37.4907121214046],[-112.530568695089,37.4905697494326],[-112.53032132528,37.4904756159784],[-112.530054392174,37.4904204906401],[-112.529778146109,37.4904078456687],[-112.529477978092,37.4904423765975],[-112.528830559641,37.490587753474],[-112.528550910145,37.4906301280287],[-112.528273716254,37.4906265046507],[-112.528012401251,37.4905694994265],[-112.527788671171,37.4904696471082],[-112.527591071434,37.4903198857732],[-112.527434265947,37.4901182233498],[-112.527355119078,37.4898975308366],[-112.52730216437,37.4896855124288],[-112.527240640757,37.4894970381829],[-112.527132480079,37.4892956476082],[-112.526957005114,37.4891212644041],[-112.526731507989,37.4889898878854],[-112.526471984522,37.488909422613],[-112.526191636906,37.4888616720875],[-112.525911747939,37.4888364470882],[-112.525641326936,37.4888318286842],[-112.525383656054,37.4888423668472],[-112.525130856338,37.4888699659652],[-112.52490023741,37.4889315270173],[-112.524691835656,37.4890288522351],[-112.524504281983,37.4891502427028],[-112.524335699339,37.4893146497269],[-112.524228746257,37.4895062010656],[-112.524169670472,37.4897160614915],[-112.524132628852,37.48995267611],[-112.524089255496,37.4901560248719],[-112.524032074254,37.4903478350732],[-112.523951947052,37.4905237181735],[-112.523838751436,37.4906865085761],[-112.523688055541,37.4908407697836],[-112.523504327514,37.4909837401677],[-112.523297286999,37.4910927621047],[-112.523059109962,37.4911724427852],[-112.522802235548,37.4912226216483],[-112.522545631783,37.491230436078],[-112.522295282413,37.4912120320803],[-112.52205116941,37.4911665086397],[-112.521735666287,37.491058814522],[-112.520198741847,37.4904017403489],[-112.519470497926,37.4901317124612],[-112.518790573772,37.4899016165605],[-112.518469627116,37.4898038977365],[-112.517923507143,37.4896459819732],[-112.517361849982,37.4895026838255],[-112.516727806039,37.4893594112309],[-112.516018110818,37.4892225139195],[-112.512811347032,37.488649041705],[-112.512663594357,37.4886192988274],[-112.512839706904,37.488322322706],[-112.513056460721,37.4879094610733],[-112.513279105986,37.4874523605253],[-112.51348433271,37.4869729505754],[-112.513684524748,37.4864683687526],[-112.513861899326,37.4859541648583],[-112.514030756258,37.4854103273955],[-112.514172127887,37.4848497175495],[-112.514292326105,37.484248821038],[-112.514380132274,37.4836681679563],[-112.514440397435,37.483123919345],[-112.514474052838,37.4826061491532],[-112.514485603592,37.4821138983576],[-112.514476965861,37.4816300179446],[-112.514452605235,37.4812076265998],[-112.514417338499,37.4808052033586],[-112.514386349506,37.4805586479366],[-112.514264062873,37.479767082734],[-112.514140875327,37.479154885044],[-112.513995695583,37.4785736127911],[-112.513817072287,37.4780162023463],[-112.51337126902,37.4768277080631],[-112.513213873962,37.4763691661971],[-112.513112806529,37.4759558682924],[-112.513076070533,37.4755922184378],[-112.513078065385,37.4752424930878],[-112.513131358094,37.4748569604294],[-112.513243789102,37.4744319148083],[-112.513407475804,37.4740251394942],[-112.513618004296,37.473642098568],[-112.513864504802,37.4733045620024],[-112.514816924291,37.4721405066538],[-112.516035780055,37.4706765009305],[-112.516657600019,37.4698871024743],[-112.516775798208,37.4696368293496],[-112.516979605892,37.469258375162],[-112.517174842476,37.4688475843008],[-112.517333792477,37.4684318514314],[-112.51746863659,37.4679984021963],[-112.51780788479,37.4667691927518],[-112.518256085105,37.4651131736868],[-112.518435917625,37.464500689831],[-112.51860739608,37.4640902018232],[-112.518811909648,37.4636919069274],[-112.519022164307,37.463353924235],[-112.519275007323,37.4629973677324],[-112.519569690536,37.462641173847],[-112.519889804904,37.4623125920435],[-112.520228458683,37.4620063030619],[-112.520723354069,37.4615988603481],[-112.522094376806,37.4605158815273],[-112.522492245923,37.4601754755399],[-112.522874085589,37.4598253606559],[-112.523256631574,37.4594545057902],[-112.523638936087,37.4590719360509],[-112.524009713998,37.4586786982955],[-112.524829676325,37.4577451985796],[-112.525231206992,37.4572524183008],[-112.525623195777,37.4567354250607],[-112.525991388279,37.456216033999],[-112.526341289833,37.4556869638982],[-112.527507949763,37.4537926982641],[-112.527785073302,37.4534105736544],[-112.528057752963,37.4530879909866],[-112.528378938667,37.4527602738204],[-112.52872509667,37.4524376404364],[-112.529214287363,37.4520329401955],[-112.530367147882,37.4511320463237],[-112.532847575997,37.4491981731978],[-112.533436893509,37.4487164483776],[-112.533854403336,37.448346908358],[-112.534190456563,37.4480297980395],[-112.53469281537,37.4474978225324],[-112.53491378197,37.4472470977303],[-112.535197599899,37.4469189463263],[-112.535404743626,37.4466557821458],[-112.535750248286,37.4461934369659],[-112.53610138707,37.4456751375689],[-112.536358580652,37.4452617069645],[-112.536571580772,37.4448984214266],[-112.536744669277,37.4445735087386],[-112.536972570816,37.4441099854942],[-112.537123889085,37.4437709347638],[-112.537326966253,37.443254557624],[-112.537408113638,37.4430218703399],[-112.537531660598,37.4426516352271],[-112.537666683224,37.44217940486],[-112.537768613897,37.4417472617308],[-112.537843398722,37.4413695491886],[-112.537949766336,37.4406020681232],[-112.538096714753,37.4390562449978],[-112.53855275482,37.4340030795418],[-112.53861629435,37.4330766261537],[-112.538623438224,37.4324870885764],[-112.538604220531,37.4319348471079],[-112.538571393455,37.4315459165417],[-112.538385002462,37.4297836138297],[-112.538329738872,37.4290714113008],[-112.538245088283,37.4280828944875],[-112.538223771825,37.4276487491288],[-112.538234141629,37.4272718740264],[-112.538271179976,37.4269279996052],[-112.538318395019,37.4266948516477],[-112.538375962697,37.4264705818322],[-112.53854302345,37.4259087046032],[-112.538676924538,37.4256041271632],[-112.538898867129,37.4251839390781],[-112.539157426775,37.4247308271816],[-112.539517138546,37.424140301978],[-112.539888973235,37.4235901758912],[-112.540161795286,37.42322700522],[-112.540352706097,37.4230027992627],[-112.540759693278,37.42256938034],[-112.542348029291,37.421000242966],[-112.543077979348,37.4202813978555],[-112.545963675916,37.4174028136936],[-112.546231410284,37.4171244171972],[-112.546441066221,37.4168792265384],[-112.546532291158,37.4167545558287],[-112.546694220582,37.4164964698006],[-112.546834481208,37.4162287529112],[-112.546892703254,37.4160927970212],[-112.546946387879,37.4159559991942],[-112.547033441108,37.4156835706672],[-112.547138952942,37.4152099121383],[-112.547344359193,37.414154513102],[-112.5474229825,37.4138569583934],[-112.547520272706,37.4135880006095],[-112.547593657493,37.41342030057],[-112.54768059752,37.4132524229945],[-112.547781055604,37.4130825657547],[-112.54804343193,37.4127095995469],[-112.550593965504,37.4095450758561],[-112.550879055898,37.4091790157711],[-112.551191156139,37.4087531151931],[-112.551418726354,37.4083923151017],[-112.551726089044,37.407846603268],[-112.55257525287,37.4062356569964],[-112.552787641862,37.4058516200192],[-112.552979925975,37.4055336412273],[-112.553067775473,37.4054108124114],[-112.553155661897,37.4052897856326],[-112.553334492957,37.4050864473208],[-112.553633801805,37.4048085205552],[-112.553858126702,37.4046199055102],[-112.555027973448,37.4037149452527],[-112.55526089899,37.4035054846806],[-112.555542805201,37.4032061510476],[-112.555781770696,37.4029064806104],[-112.555914541829,37.4027163627383],[-112.55603262927,37.4025264380026],[-112.556205355183,37.4021924881619],[-112.55708136708,37.4001395221136],[-112.557485877554,37.3992148734629],[-112.557855840488,37.3984772465418],[-112.5581992124,37.3978742617702],[-112.558555897984,37.3973143625907],[-112.559181826127,37.3963912951792],[-112.559896444043,37.3953877403357],[-112.560854777738,37.394098858535],[-112.562371070283,37.3921004881911],[-112.562702328571,37.3916788106294],[-112.562969593363,37.3913850607171],[-112.563121405919,37.391243352931],[-112.563341168716,37.3910556816974],[-112.563602545496,37.3908593480381],[-112.563797455759,37.390726082329],[-112.564009398158,37.3905970974541],[-112.564226119105,37.3904806671012],[-112.564682556561,37.3902673293529],[-112.565963742763,37.3897357269873],[-112.56641471181,37.389531467988],[-112.566878160333,37.3892756681111],[-112.567096756244,37.3891411818099],[-112.567306129706,37.3889978044268],[-112.5675085955,37.3888482092028],[-112.567800671753,37.3886081971992],[-112.56806660457,37.3883604195835],[-112.569367377362,37.3869831068049],[-112.5697291552,37.3866195888045],[-112.570024227567,37.3863615057018],[-112.570310997281,37.3861386826294],[-112.570524779107,37.3859907345887],[-112.570763346214,37.3858397529934],[-112.571158533961,37.3856163887149],[-112.571426833964,37.3854830365556],[-112.571703206698,37.3853576881267],[-112.572549595958,37.3849976325792],[-112.57432003705,37.3842656538296],[-112.575048799125,37.3839531127794],[-112.575340761018,37.3838176340102],[-112.575883937226,37.3835427109827],[-112.576249081521,37.3833422626497],[-112.57647112504,37.3832122197106],[-112.577045150805,37.3828467506458],[-112.577485991309,37.3825398374197],[-112.57802942157,37.3821161877221],[-112.579675430158,37.3806809782908],[-112.580047597879,37.3803857886404],[-112.58048284177,37.3800825443373],[-112.580832862222,37.3798624557015],[-112.58119588737,37.3796701322428],[-112.581733051131,37.3794340186888],[-112.582149070731,37.3792914558361],[-112.58258136955,37.3791712059849],[-112.583008627632,37.379079863458],[-112.583423017603,37.3790211383071],[-112.584099641357,37.3789724180581],[-112.584963740585,37.3789770611797],[-112.586335837316,37.3789703769551],[-112.586741106155,37.3789613337165],[-112.587081693652,37.3789378353351],[-112.587419775769,37.3789026527955],[-112.588078147419,37.3787919656004],[-112.588518659912,37.378686905801],[-112.58880720066,37.3786055176374],[-112.58921311574,37.3784666710192],[-112.589468511991,37.3783667995832],[-112.589823197313,37.378208811112],[-112.590160716607,37.3780402369334],[-112.590385035083,37.3779128414033],[-112.590757330628,37.3776798059428],[-112.591027735297,37.3774886986283],[-112.59123106101,37.3773300387282],[-112.59152395476,37.3770809448657],[-112.591807318883,37.3768085449566],[-112.592238854783,37.3763331607395],[-112.594095849632,37.3742135338454],[-112.594309789832,37.3739168277268],[-112.594478625219,37.3736234333471],[-112.594648843103,37.3732353842708],[-112.594675007698,37.3731376917125],[-112.594716959162,37.3730388849398],[-112.594789998129,37.3727548937021],[-112.594839518547,37.3724802325637],[-112.594870440581,37.3721805860343],[-112.594914325853,37.3711065533879],[-112.594930869451,37.3709278740863],[-112.594920413193,37.3707540654322],[-112.594931061048,37.3702969658619],[-112.594921546359,37.3700609552143],[-112.594883277038,37.3697469198301],[-112.594821106071,37.3694773701893],[-112.594713682468,37.3692039243317],[-112.594617103322,37.3690159550486],[-112.594442902261,37.3687352977718],[-112.594303539374,37.3685533128583],[-112.594011035743,37.3682318890614],[-112.593323475864,37.3675985327015],[-112.593092279985,37.3673456800805],[-112.59299139663,37.3672208579529],[-112.592898225472,37.3670869188998],[-112.59271642376,37.3667667043123],[-112.592587257995,37.3664791284254],[-112.592520653859,37.3662664186003],[-112.592454422242,37.3659644755341],[-112.59244075754,37.3657988213235],[-112.592439654309,37.3655329542266],[-112.592484173895,37.3651817510127],[-112.592564012182,37.3648453941262],[-112.592620414079,37.3646824014383],[-112.592726991413,37.3644358137918],[-112.592860737139,37.3641924652699],[-112.593280893769,37.3636631526565],[-112.593481177357,37.3634693794346],[-112.593677344758,37.3632945885445],[-112.593880455928,37.3631278153959],[-112.594270963127,37.3628521628103],[-112.594463793984,37.3627332959001],[-112.594813098476,37.3625384123398],[-112.595197509653,37.3623484619591],[-112.596455598127,37.3617717801132],[-112.596863152705,37.3615553743788],[-112.597240476832,37.3612979160113],[-112.597586536935,37.3610039257357],[-112.597878813951,37.3606764119883],[-112.598115050605,37.3603154056648],[-112.598303359277,37.3599307116916],[-112.598478981717,37.3595335707654],[-112.599128592553,37.3579547323904],[-112.599254827494,37.3575717775211],[-112.599322327411,37.3571878142525],[-112.59933222196,37.3568028273993],[-112.599282464869,37.3564267588873],[-112.599165117557,37.3560579133923],[-112.599000574742,37.3556996201329],[-112.598787689164,37.3553509931223],[-112.598537806023,37.3550145826304],[-112.598295596904,37.3546672523105],[-112.598101523715,37.3543003437867],[-112.597969264206,37.3539199815565],[-112.597891069409,37.3535334808984],[-112.597874877631,37.3531425372638],[-112.597909324549,37.3527436990503],[-112.59810982831,37.3514440248547],[-112.598189612815,37.3510004103164],[-112.598300023201,37.3505635921883],[-112.598449016871,37.3501361667313],[-112.59862410163,37.349714697479],[-112.599747203314,37.3472038216822],[-112.599935377622,37.3468146200563],[-112.600149871218,37.3464421866785],[-112.600282491537,37.3462547252319],[-112.600396518094,37.3460954554343],[-112.60067723085,37.3457581769049],[-112.600997556364,37.3454257692843],[-112.602035201287,37.3444247989267],[-112.604128446336,37.3424216864076],[-112.604433269156,37.3421048018886],[-112.604686979703,37.3417732880123],[-112.604893079162,37.3414325053734],[-112.604978757741,37.3412150315621],[-112.605034448564,37.3410736735535],[-112.605037370574,37.3410624578219],[-112.605138764443,37.3406711808709],[-112.60518442266,37.3403767384779],[-112.6051932588,37.340049447802],[-112.605182881701,37.3398801448168],[-112.605141626158,37.3395859806008],[-112.605043406393,37.3392141765282],[-112.604893239087,37.3388412746156],[-112.60472044625,37.3384659755492],[-112.603530750484,37.3360801525374],[-112.603308969498,37.3356829827802],[-112.603063742847,37.3352978471843],[-112.602748784811,37.3348712949088],[-112.602330913531,37.3343821437171],[-112.601212760173,37.3331264548282],[-112.600917387145,37.3327708347928],[-112.600641199555,37.33241495436],[-112.600411909653,37.3320350049657],[-112.60020488382,37.3316403331163],[-112.600097958551,37.331388514627],[-112.6000349627,37.3312388498753],[-112.599901151175,37.3308368779579],[-112.59980444326,37.3304280949564],[-112.599763407129,37.3300897615578],[-112.599751742275,37.3300187166988],[-112.599733829636,37.3295998549314],[-112.599818662002,37.3275329300528],[-112.599824157068,37.3271534087324],[-112.599795898525,37.3267788503731],[-112.599725855022,37.3264030544614],[-112.599621140844,37.3260421481059],[-112.599270075736,37.3250275249504],[-112.599149205709,37.3247028884626],[-112.599003820376,37.3243930039956],[-112.598829578732,37.3241060418287],[-112.598589727433,37.3238118543045],[-112.59810402441,37.3232596107645],[-112.597891771915,37.3229893839955],[-112.597730234787,37.3227157679702],[-112.597685090944,37.3226091229474],[-112.597625110951,37.3224413898516],[-112.597563989185,37.3221664174037],[-112.59753786222,37.3218918736362],[-112.597528525385,37.3216107940123],[-112.59753604644,37.3211131746222],[-112.59753117322,37.319550385272],[-112.597518098965,37.3179732854671],[-112.597509522816,37.3163420464609],[-112.597494386487,37.3147739867105],[-112.597482140449,37.3131824537006],[-112.597491039016,37.3126965319844],[-112.597524831823,37.3122138792978],[-112.597546852168,37.3119747370045],[-112.597587861968,37.3116731484585],[-112.597655417008,37.3112396113628],[-112.597751442866,37.3107651311389],[-112.597990964876,37.309820035749],[-112.598097649416,37.3094761000093],[-112.598289804566,37.3089588608858],[-112.598682552433,37.3080567590621],[-112.598862056795,37.3076884047672],[-112.599065171434,37.3073161258902],[-112.599288569204,37.3069426711927],[-112.59952865578,37.3065581748296],[-112.59979579281,37.3061724109236],[-112.600085353314,37.3057800340554],[-112.600388637684,37.3053964838759],[-112.600696660175,37.3050236844529],[-112.601015079822,37.3046624604785],[-112.601352901252,37.3043117886982],[-112.601698882919,37.3039736237317],[-112.602067611862,37.3036441627892],[-112.602445514209,37.3033217868924],[-112.602832589944,37.3030064959547],[-112.603232242016,37.30269914508],[-112.603637855852,37.3024070342103],[-112.604472398534,37.3018585442875],[-112.604899148343,37.301605799836],[-112.60533180307,37.30136559198],[-112.605773727464,37.3011369736886],[-112.606224883302,37.3009181427723],[-112.606681906108,37.3007100461134],[-112.607595180594,37.3003109827688],[-112.608182855491,37.3000398166437],[-112.609324130263,37.2995403003795],[-112.611013420625,37.298816099343],[-112.611434690257,37.2986255960195],[-112.611857751905,37.2984134355524],[-112.612286065756,37.2981831759838],[-112.612703533445,37.2979206158394],[-112.613096908913,37.2976394553428],[-112.613466249907,37.2973423978507],[-112.613815094087,37.2970366057519],[-112.613944395581,37.2969104625189],[-112.61414114738,37.2967203079159],[-112.614435444985,37.2963963307484],[-112.614718172735,37.2960589912129],[-112.616037799327,37.2943564427399],[-112.616309118714,37.2940138474323],[-112.617068833302,37.2930877449314],[-112.617168802084,37.2929620891932],[-112.617619210824,37.2923961341121],[-112.618384096382,37.2913969470874],[-112.618647056376,37.2910337308466],[-112.618911748,37.2906461551759],[-112.619162459756,37.2902380402526],[-112.619399500741,37.2898238027676],[-112.620525053605,37.2877606355248],[-112.621454094411,37.2860570660652],[-112.62181899283,37.2853995226847],[-112.622020513393,37.285065982658],[-112.622256113673,37.284743692048],[-112.622322109702,37.2846652753011],[-112.622506913341,37.284446429056],[-112.622783860024,37.2841587213208],[-112.623093719428,37.2838804758678],[-112.62343118217,37.2836270874222],[-112.623784952484,37.2833978094395],[-112.623954320968,37.2833008486062],[-112.624157111513,37.2831845014882],[-112.624542993794,37.2829800170199],[-112.625715461582,37.2823744642697],[-112.626087513047,37.2821566452793],[-112.626182042486,37.2820940577886],[-112.62641709398,37.2819361641343],[-112.626424431548,37.2819311962584],[-112.626660735336,37.2817476879237],[-112.627006479549,37.2814608273824],[-112.627264129622,37.2812211436274],[-112.627505758704,37.2809708640152],[-112.627734691438,37.2807072390067],[-112.627944395195,37.2804411741673],[-112.62813152621,37.2801745182043],[-112.628305086023,37.2799062460685],[-112.629786838382,37.2775370549295],[-112.630044875703,37.2771594605392],[-112.630269433661,37.2769031013498],[-112.63053172379,37.276670557071],[-112.630827371928,37.2764681968498],[-112.631129356216,37.2762981954714],[-112.631436782859,37.2761713808401],[-112.631731242238,37.2760708819818],[-112.632091292055,37.2759784909206],[-112.632470490736,37.2759372088907],[-112.632881824265,37.2759216200604],[-112.633311490087,37.2759192963412],[-112.634798193958,37.2759276110502],[-112.636071912085,37.2759442594041],[-112.636667499399,37.275947741381],[-112.638682314062,37.2759685314047],[-112.640174674133,37.2759776014915],[-112.640492596828,37.2759713924408],[-112.640623233131,37.2759623711448],[-112.640806765197,37.2759481098553],[-112.641116885553,37.2758942383156],[-112.641444263018,37.2758040745575],[-112.641769807529,37.2756814884712],[-112.642080047213,37.2755293708993],[-112.642373873877,37.2753486386433],[-112.642651463563,37.2751474010955],[-112.643212776652,37.2747159972608],[-112.643561718475,37.2744768135475],[-112.643763130935,37.2743514393154],[-112.644049644444,37.274197843566],[-112.646201915543,37.2731269231377],[-112.646779765539,37.2728349742879],[-112.64753384608,37.2724531433278],[-112.648451015206,37.2719996359951],[-112.648742911472,37.2718351384198],[-112.649024187603,37.2716491568741],[-112.649287128221,37.2714499106606],[-112.649357928561,37.2713867342366],[-112.649522831728,37.271242931771],[-112.649743444539,37.2710163341414],[-112.649906117408,37.2708220893674],[-112.650039253322,37.2706697160221],[-112.65020982302,37.27042398657],[-112.650959354046,37.2692677092898],[-112.65385252672,37.2648040004957],[-112.655191873197,37.2627169714384],[-112.656139253669,37.2612407265501],[-112.657721112829,37.2588130084395],[-112.65838295229,37.2577816612159],[-112.658677842865,37.2572944314587],[-112.658919294763,37.2568385941783],[-112.659121587575,37.2563968248084],[-112.659239038997,37.2560968475013],[-112.659504355005,37.255341442169],[-112.659555139471,37.255189311412],[-112.659585100036,37.2550645116541],[-112.659607031174,37.2550362638055],[-112.660002461547,37.2538905716982],[-112.66023319659,37.2532555227923],[-112.660512969072,37.252543174834],[-112.660675910517,37.2521587367816],[-112.661116636172,37.2511773436968],[-112.66135775742,37.2506566122072],[-112.661527474302,37.2503243534222],[-112.661656971482,37.2501116309173],[-112.661803612318,37.2499094832399],[-112.662039056095,37.2496438987257],[-112.662315014988,37.2493750409186],[-112.662663362819,37.2490655084546],[-112.662932279313,37.2488355041575],[-112.663007853007,37.2487857721622],[-112.663560845464,37.2482976080049],[-112.664287810868,37.2476718001597],[-112.66555298002,37.2465535160598],[-112.666097121732,37.2460744777659],[-112.666343654592,37.2458528925715],[-112.667613986198,37.2447669609741],[-112.668649127095,37.2438555787329],[-112.670455232136,37.2422744592694],[-112.671012119874,37.2417627719427],[-112.67124857365,37.2414944511956],[-112.671609521725,37.2410441116609],[-112.671883640684,37.2405418204141],[-112.672017190222,37.2403614763927],[-112.672234230816,37.2400312379801],[-112.672781905454,37.239206019189],[-112.673070549619,37.2387494864126],[-112.67323683734,37.2384695350531],[-112.673576731087,37.2378329174334],[-112.673925636652,37.2370943241782],[-112.674898539471,37.2346010797165],[-112.675579267717,37.2328131763055],[-112.676774349595,37.2296687341185],[-112.677262263209,37.228390083767],[-112.677627361428,37.2274700878825],[-112.67785686243,37.2269927500479],[-112.677936908859,37.2268410979495],[-112.678037944214,37.2266702209563],[-112.678105327497,37.2265575042778],[-112.678357002013,37.2261654750843],[-112.678501260027,37.2259615380725],[-112.678608526041,37.2258176113884],[-112.678874228097,37.2254992891647],[-112.679063533396,37.2252938114323],[-112.679467189047,37.2248942167865],[-112.679882167782,37.2244971640499],[-112.680095489109,37.2243075674328],[-112.680702291751,37.2237176147184],[-112.680977331571,37.223414477463],[-112.681119724094,37.223228589865],[-112.681208147323,37.2230993492444],[-112.681337444674,37.2228821016761],[-112.681450887379,37.2226614738956],[-112.681553969022,37.222431078802],[-112.682249006955,37.2206393280053],[-112.683101791968,37.2183910734357],[-112.684002436697,37.2160673235702],[-112.684083010285,37.2158390489112],[-112.684145252619,37.2156479884023],[-112.684220096847,37.2153648155391],[-112.684309399643,37.2149210047164],[-112.684333272101,37.2147782590015],[-112.684378432097,37.2143765359916],[-112.684399728697,37.2140166124117],[-112.684396055718,37.2136994053173],[-112.684371338689,37.2133987210277],[-112.68428767252,37.2127275374788],[-112.684163261558,37.2119469740256],[-112.684131622008,37.2116896506935],[-112.684100357707,37.2112971262047],[-112.684096761849,37.2110339961789],[-112.684117673329,37.2105046325151],[-112.684156233935,37.210110213635],[-112.684436076929,37.2080999272116],[-112.684494541934,37.2077899477329],[-112.68455629659,37.2075772624482],[-112.684629576138,37.2073761301595],[-112.684813427891,37.2069787427264],[-112.685307502116,37.2060397623643],[-112.685366523442,37.2057550110602],[-112.685378064959,37.2055646712512],[-112.685375700042,37.2054583508012],[-112.685351660345,37.2052387742492],[-112.685327732737,37.205125550202],[-112.685259601832,37.204899390615],[-112.685162324268,37.2046799548625],[-112.685034914091,37.2044735660426],[-112.684878618115,37.2042856141562],[-112.684612603281,37.2040280196197],[-112.684413259996,37.2038803368884],[-112.684198628191,37.2037545025837],[-112.684084724228,37.2036993400695],[-112.683970920546,37.2036486825496],[-112.683741381121,37.2035618155474],[-112.683624478876,37.2035238200323],[-112.683386609411,37.2034677151753],[-112.683265582085,37.2034469027607],[-112.683020468556,37.203419741933],[-112.68277124969,37.2034106650606],[-112.682522330956,37.2034151029983],[-112.682270412974,37.203436707843],[-112.679973221931,37.2037045577983],[-112.675970285398,37.2041353160468],[-112.675474085655,37.204167573667],[-112.675062797393,37.2041670824917],[-112.674931911818,37.204159019283],[-112.674682212904,37.2041283007999],[-112.674331425301,37.2040611560862],[-112.673998322825,37.2039784381182],[-112.673672648336,37.2038748841537],[-112.673184614242,37.2036645649843],[-112.672923280329,37.2035150345114],[-112.672672734345,37.2033437196932],[-112.672514503569,37.2032197712849],[-112.672436415366,37.2031532759533],[-112.67212787372,37.2028556945002],[-112.669483644219,37.2001584288606],[-112.667696439701,37.1983566549153],[-112.666648728695,37.1972862265677],[-112.66627336157,37.1969192672922],[-112.666042591659,37.1967233242908],[-112.665817219374,37.1965678638395],[-112.665584438928,37.1964341385592],[-112.665220233691,37.1962671096047],[-112.66496370532,37.1961805850756],[-112.664687240148,37.1961096624695],[-112.664398702512,37.1960533298227],[-112.663324485765,37.1958764416659],[-112.663061716841,37.1958134346758],[-112.662816712444,37.195738460663],[-112.662469984211,37.1955973157571],[-112.662256952582,37.1954903459223],[-112.662057219963,37.1953732746592],[-112.661775682815,37.1951735289768],[-112.661601145781,37.1950236562375],[-112.661519380676,37.194942784046],[-112.661366896795,37.1947709701232],[-112.661231090912,37.1945890076545],[-112.66106473913,37.1942984148316],[-112.660974658805,37.1940950806133],[-112.660937433776,37.1939901492934],[-112.660880925699,37.1937764297723],[-112.660861662346,37.1936685426145],[-112.660844554963,37.1934533692442],[-112.660845270784,37.1932289328329],[-112.660886115629,37.1921107346574],[-112.660887146284,37.1919520894837],[-112.660864962951,37.1916594744905],[-112.660780956583,37.1912703847616],[-112.660694537186,37.191028242481],[-112.660578993896,37.1907937189269],[-112.660354999556,37.1904426437835],[-112.660176349565,37.1902072017761],[-112.66007694807,37.1900923258251],[-112.659966383192,37.1899821127922],[-112.659721879731,37.1897746322853],[-112.659456432903,37.1895881748378],[-112.659318246469,37.1895026835627],[-112.659028655593,37.1893454053273],[-112.658721361762,37.1892027952644],[-112.657028779633,37.1885108443531],[-112.655491083365,37.1878942170347],[-112.649963233311,37.1856739009326],[-112.63517851158,37.1797040095534],[-112.628562025013,37.1770362265471],[-112.587900291348,37.1606208394516],[-112.584738204778,37.1593337216327],[-112.580841860738,37.1577696953315],[-112.579920716163,37.1573917077076],[-112.579337615413,37.1571317877225],[-112.578512741171,37.1567254659364],[-112.577760112804,37.1563271895599],[-112.577059146802,37.1559219114068],[-112.576519563107,37.1555874893117],[-112.575876607678,37.1551552936569],[-112.575171298094,37.1546482119169],[-112.574439941957,37.1540792803961],[-112.573902587932,37.1536339532092],[-112.57352746656,37.1533009377257],[-112.572926757613,37.1527320641267],[-112.572478204812,37.1522783407588],[-112.571853679444,37.1515917036407],[-112.571403237602,37.1510460656455],[-112.571095689045,37.1506580663036],[-112.570672543145,37.1500706023531],[-112.570391422444,37.1496534082502],[-112.57011569105,37.1492244247495],[-112.569937313948,37.1489293499556],[-112.569676732497,37.1484704207885],[-112.56933699172,37.1478313724045],[-112.569175868069,37.1474991133807],[-112.568963010313,37.1470062013247],[-112.568685834152,37.1463428878743],[-112.568512770937,37.1458683759555],[-112.568245686666,37.1450390832184],[-112.568135012588,37.1446412591972],[-112.568018274487,37.1441678036526],[-112.567883082341,37.1434548386059],[-112.567795213411,37.1429070917754],[-112.56766129263,37.1419282173614],[-112.567600932741,37.1415675828027],[-112.567525057397,37.1412188706993],[-112.567429015777,37.1408749319008],[-112.56724046802,37.1403582598356],[-112.567015058947,37.1398555947679],[-112.566864781121,37.1395565376992],[-112.566216410194,37.1383609318536],[-112.566096516734,37.1381155519122],[-112.565994847517,37.1378257658479],[-112.56592456329,37.1375292556653],[-112.565886937815,37.1372332152331],[-112.565882888451,37.1370367787776],[-112.565905873042,37.1367318254968],[-112.565937467961,37.1365168914452],[-112.566080339418,37.1359111123032],[-112.566322797966,37.1350029724732],[-112.566365348557,37.1347734721864],[-112.566381721696,37.13431177462],[-112.566374473049,37.1340694125334],[-112.566351338095,37.133820951087],[-112.566305601463,37.1335682816818],[-112.566245122922,37.1333103990867],[-112.56615977367,37.1330474371281],[-112.566008558809,37.1326474418313],[-112.565552706309,37.1315583474068],[-112.565116054919,37.1304717013428],[-112.564962816317,37.1300275659403],[-112.564898950826,37.1297688258329],[-112.564862150813,37.1295124323154],[-112.564843450033,37.1292603064627],[-112.56483843956,37.1290170131546],[-112.564853500384,37.1287644415173],[-112.564907063747,37.1283590364867],[-112.565072501914,37.1273734993161],[-112.565139739663,37.1268669644021],[-112.565165526332,37.1265340324962],[-112.565166718897,37.1258814525838],[-112.565116975064,37.1252151239241],[-112.56507094515,37.1248930549254],[-112.56483153604,37.1237073590485],[-112.564683748311,37.12303511365],[-112.564629041222,37.1227834628031],[-112.564042504857,37.1199889611621],[-112.563896542176,37.1195140820559],[-112.563713189154,37.1190270773306],[-112.563530566823,37.1186301959212],[-112.56338416801,37.1183527137159],[-112.563224267647,37.1180754093684],[-112.562869663017,37.1175248641857],[-112.562684312601,37.1172686252605],[-112.562499426491,37.1170349132353],[-112.561980127431,37.1164658053911],[-112.561617253292,37.1161145598464],[-112.561232119345,37.1157753236621],[-112.56096650567,37.115556192352],[-112.560690933383,37.1153453035474],[-112.560404277294,37.1151426719916],[-112.56011456156,37.1149554026664],[-112.559819387769,37.1147763164413],[-112.55951982558,37.1146026952018],[-112.559206947526,37.114438261682],[-112.558522871594,37.1141191722539],[-112.55816987961,37.1139741913702],[-112.557830760154,37.1138470537912],[-112.5576835623,37.1137982430643],[-112.557316300744,37.1136762508727],[-112.556582899026,37.1134758728971],[-112.556389482729,37.113428839188],[-112.554885173326,37.1131195938529],[-112.554448598558,37.113014455477],[-112.554141803915,37.1129265420557],[-112.553541110841,37.1127207997366],[-112.553249462906,37.1126029414123],[-112.552963147089,37.1124705911424],[-112.552397897614,37.1121814557618],[-112.552127928421,37.1120227506352],[-112.551871351613,37.1118584615403],[-112.551629292296,37.1116885738369],[-112.551405217751,37.1115175489127],[-112.551091362189,37.1112485514572],[-112.550885994519,37.1110565500189],[-112.550666501622,37.1108340875751],[-112.550407267753,37.1105391362959],[-112.549882638981,37.1098123094442],[-112.549838378908,37.1097389785757],[-112.549747278244,37.1095761264742],[-112.549565046346,37.1091936382722],[-112.549511345499,37.1090987986114],[-112.549393498073,37.108783068695],[-112.549286590423,37.108451872948],[-112.549226834905,37.1082255171958],[-112.549180507285,37.1079953805778],[-112.549064992872,37.1072415703427],[-112.548765702475,37.1040394267872],[-112.54870101081,37.1036256569919],[-112.548642740732,37.1033614251651],[-112.548543890814,37.1029832535784],[-112.548380818857,37.102490549553],[-112.547666648468,37.1006296003108],[-112.54728018483,37.0996648056755],[-112.547145781567,37.0993637102953],[-112.546936223693,37.0989635469146],[-112.546779353671,37.0987195284876],[-112.546604870377,37.0984946677008],[-112.546316300854,37.098192878317],[-112.546118984117,37.0980070721136],[-112.545927695871,37.0978410163934],[-112.544606929775,37.0968559432083],[-112.544285102672,37.096578016742],[-112.544080881041,37.0963841849014],[-112.543901536427,37.0961963381089],[-112.543579551136,37.0957994350183],[-112.543431358994,37.0955940564445],[-112.543303507189,37.0953929195928],[-112.543138737311,37.0950913131787],[-112.543005538717,37.0947929009816],[-112.542926022918,37.0945893319156],[-112.542825045605,37.0942706706948],[-112.54274304588,37.0939445517133],[-112.542520814565,37.0924178708904],[-112.542470120946,37.0921373125914],[-112.542348907931,37.091597184591],[-112.542243989184,37.0911947493763],[-112.542164398969,37.0909316921957],[-112.541990542803,37.090403064472],[-112.541509663117,37.0891032764095],[-112.541116991684,37.0879916208835],[-112.540610705396,37.0866579076795],[-112.539431818918,37.0836077603075],[-112.53927066875,37.0831492672584],[-112.539096865449,37.0825656517885],[-112.539008702731,37.0821557846259],[-112.538927006206,37.0816205470313],[-112.538723900121,37.079364421643],[-112.538680092451,37.0789224314444],[-112.538636167027,37.0785858996838],[-112.538536237568,37.0781500456167],[-112.538493997663,37.0780081816815],[-112.538395098375,37.0777345555821],[-112.538218755511,37.0773582796983],[-112.537940119998,37.07687426788],[-112.537676603372,37.0764702787205],[-112.537127887038,37.0757022386074],[-112.537040051795,37.0755862026619],[-112.536774171168,37.0752318157881],[-112.536677755501,37.0750807384037],[-112.53649027843,37.0748208770922],[-112.536355515797,37.074609005],[-112.53630417906,37.0745177331773],[-112.536218320247,37.0743322676032],[-112.53614786063,37.0741294769694],[-112.536126597367,37.0740233940006],[-112.536113455578,37.0738180581466],[-112.536117060473,37.0737179624298],[-112.53612859195,37.0736204680597],[-112.536171933541,37.0734270193064],[-112.536273077267,37.0731435888051],[-112.53660663663,37.0723929554001],[-112.536690421108,37.0721412964542],[-112.536739271198,37.0718864847853],[-112.536764044788,37.0714976850266],[-112.53682970787,37.0695679602866],[-112.537027166872,37.0665891658902],[-112.537081631345,37.0656096009553],[-112.537082846397,37.0652796934544],[-112.537066161224,37.0649545246546],[-112.536922012741,37.0635520992238],[-112.536895773586,37.0629205971721],[-112.536905060721,37.062600499705],[-112.536944101078,37.0621385056281],[-112.537139351319,37.060500035514],[-112.537157996201,37.0601978435221],[-112.537149404405,37.0599392690531],[-112.53710138106,37.0595658335381],[-112.537010796028,37.0592010616607],[-112.536887532784,37.0588331077667],[-112.536738771545,37.0584276276191],[-112.536444992941,37.0576905284106],[-112.535746790261,37.0559707915707],[-112.535369953637,37.0550175404503],[-112.535244168089,37.0546910789972],[-112.53515458034,37.0544308484323],[-112.535092882656,37.0541594406709],[-112.535055792685,37.0538814049662],[-112.535037174069,37.053292165974],[-112.535036192682,37.0515688057636],[-112.535037315963,37.0498382070808],[-112.535031166081,37.0497003807256],[-112.535003037697,37.049476309575],[-112.534936740505,37.049255436383],[-112.53483343534,37.049039548754],[-112.534689840586,37.0488331957794],[-112.534506156102,37.0486462895344],[-112.534355474332,37.0485346691718],[-112.534191102968,37.0484133108675],[-112.533953676916,37.0482937984593],[-112.533841546294,37.048253786575],[-112.533665988847,37.0481911596911],[-112.533537249328,37.0481639811145],[-112.533290323497,37.048131119437],[-112.53285369754,37.0481151304264],[-112.530686867512,37.0481187761302],[-112.528526853407,37.0481258997811],[-112.527614941624,37.0481286341259],[-112.527335867543,37.0481187077229],[-112.527075327212,37.0480796989455],[-112.526844129668,37.0479898364425],[-112.526745042133,37.0479271162259],[-112.526582047796,37.0477615634845],[-112.526513914951,37.0476723056037],[-112.52642809425,37.0474859297873],[-112.526408583423,37.047297799262],[-112.526403316848,37.0464172505699],[-112.526391258674,37.0446922263511],[-112.526390033657,37.0438449751599],[-112.526370209039,37.0429897609231],[-112.526382393899,37.0428682826894],[-112.526371857506,37.0414773677103],[-112.526352588855,37.0412450678012],[-112.526304068519,37.040899574373],[-112.526246442156,37.0406046735712],[-112.526191564056,37.040390858721],[-112.526171954903,37.0403099896503],[-112.52605882438,37.0399327886067],[-112.525992433574,37.0397110997357],[-112.525773356199,37.0391019020622],[-112.525677905887,37.0388832006441],[-112.52537883308,37.0382092324621],[-112.525258283523,37.0379160414381],[-112.525121193409,37.0375266185882],[-112.525060009293,37.0373345165056],[-112.524984550394,37.0370470548943],[-112.524924281378,37.0367882411267],[-112.524919280556,37.0367630676369],[-112.524874297956,37.0364815235992],[-112.524832612989,37.0359151108049],[-112.524826251274,37.0355970163056],[-112.524830719423,37.0349209469134],[-112.524829687577,37.0347569145966],[-112.524832013925,37.0342548330864],[-112.524835576561,37.0329712655883],[-112.524839937179,37.0318400156877],[-112.524842874257,37.0307612424496],[-112.524842651766,37.0306826475962],[-112.524847217915,37.0299551994751],[-112.524851997996,37.0294071171954],[-112.524826156769,37.0280022443583],[-112.524849938223,37.0272799570649],[-112.524837303473,37.0269853778661],[-112.524838180477,37.0266356426101],[-112.524861245157,37.0252589838088],[-112.524861243799,37.0242467669193],[-112.524886441487,37.0229205558511],[-112.524903317873,37.0204470312728],[-112.524953794287,37.0151554478289],[-112.524970915483,37.0144936353016],[-112.524999248979,37.014167882998],[-112.525050326483,37.0138553586356],[-112.52517447195,37.0133183596832],[-112.52552059233,37.0125279309641],[-112.526704979996,37.0100420907734],[-112.527121666952,37.0091849505876],[-112.527344046102,37.0087278066665],[-112.527892274622,37.0076490404562],[-112.528507688028,37.0063341531763],[-112.5288951633,37.0054233017468],[-112.529105983291,37.0048950965007],[-112.529257139204,37.00441813555],[-112.529363549751,37.0039516659573],[-112.529440259365,37.0034612425145],[-112.52952975863,37.0027678496506],[-112.529772311301,37.000739291777],[-112.52977703099,37.0007000220545],[-112.5297773725,37.0007394969393],[-112.530080867856,37.0007373869029],[-112.538356823252,37.0006917739282],[-112.542890260611,37.0006663590963],[-112.547363329603,37.0006402061338],[-112.55193101145,37.0006138189504],[-112.55652900336,37.0005861372235],[-112.558531430345,37.0005778824772],[-112.565708785677,37.0005636224482],[-112.610373673649,37.000457593388],[-112.625786684782,37.0005804762644],[-112.700909296755,37.0004779324433],[-112.750746695794,37.0004863301891],[-112.773179641797,37.000459680886],[-112.776104595037,37.0004567663887],[-112.777118320378,37.0004561901119],[-112.79105822213,37.0004453415472],[-112.799023333436,37.0004438226531],[-112.863193925655,37.0004089500175],[-112.875766452531,37.0004379950057],[-112.892440482445,37.0003945038145],[-112.89900823022,37.0003756474504],[-112.949901556888,37.0002550250607],[-112.965622998432,37.0002132853458],[-112.965926400242,37.0002132158555],[-112.974805921294,37.0001882463147],[-112.983703382358,37.0001624919088],[-112.983829778405,37.0001919239065],[-112.9840029805,37.0002322899264],[-112.993254361751,37.0002180159091],[-112.998007800105,37.000210439816],[-113.000795652432,37.0002076245065],[-113.008788122232,37.0001041239556],[-113.015935244017,37.0000960171968],[-113.028255219133,37.0000838857582],[-113.046257643266,37.0000690454908],[-113.05224620192,37.0000826899159],[-113.052388358798,37.0000830249331],[-113.064427413923,37.0000949748049],[-113.082016146756,37.0000946077091],[-113.100159091752,37.0000924560956],[-113.107503743917,37.0001005658402],[-113.113561216011,37.0001090761424],[-113.125747468834,37.0000846848079],[-113.136313070261,36.9999503387956],[-113.145622841442,36.9999535818213],[-113.154370210968,36.9999572943308],[-113.172564272361,36.9999603425833],[-113.190550649495,36.9999135105131],[-113.208723143529,36.9999717886187],[-113.22693799747,37.0000003473892],[-113.244830459704,36.9999957053668],[-113.250787194357,36.9999653089013],[-113.263010352495,36.9999666561318],[-113.281092395038,36.9999934769668],[-113.299217566403,37.0000176028674],[-113.317268073651,37.0000453704279],[-113.335316313623,37.0000190613378],[-113.353412043816,37.0000413316801],[-113.371421339056,37.0000319232725],[-113.375775569729,37.0000371786088],[-113.389439969014,36.9999281141384],[-113.407559947605,36.9999240493338],[-113.425494429244,36.9999543501295],[-113.443619112736,36.9999608937708],[-113.456584148264,36.9999684360724],[-113.461691042068,36.9999711653843],[-113.479761538794,37.0000084487728],[-113.494553798249,36.999998676514],[-113.494894466922,36.9999984513493],[-113.49778992519,36.9999965476864],[-113.500755317618,37.0000372579464],[-113.500978765572,37.0000361519441],[-113.515877475056,36.9999581169733],[-113.518761305193,36.9999618049526],[-113.538453201691,36.9999728149186],[-113.556434519858,36.9999885893182],[-113.57458578104,36.9999812722479],[-113.592710737534,36.9999956287835],[-113.600571636923,37.0000060369695],[-113.610788733738,37.0000186075289],[-113.622436127576,37.0000085959389],[-113.62226405428,37.0003895442259],[-113.622097038376,37.0008032735668],[-113.621880692905,37.0012496344028],[-113.621428780816,37.0020278792117],[-113.621069491326,37.0025359744305],[-113.62076851844,37.0030540448588],[-113.620492600754,37.0034544075333],[-113.620134086576,37.0039985301313],[-113.619721334739,37.0046452324558],[-113.619585144974,37.0048938120898],[-113.618482547302,37.006580837008],[-113.616857875524,37.0090814227895],[-113.615756992752,37.0108021798522],[-113.614753973835,37.0124058690643],[-113.612619695629,37.0157016603543],[-113.61209735936,37.0165287344371],[-113.611243243216,37.0178542553934],[-113.610692948632,37.0187157334052],[-113.609675461158,37.0202966297065],[-113.608749975516,37.0217098568066],[-113.608056289375,37.0227968887111],[-113.607561676802,37.0235730480389],[-113.607428141628,37.0237895640043],[-113.605783902048,37.0263530665927],[-113.604735251159,37.0279914715142],[-113.60352334106,37.0298566745605],[-113.602412789086,37.0315777954531],[-113.602218496783,37.0318789984036],[-113.60177480135,37.0325563291929],[-113.601338042724,37.0332230525138],[-113.600491687895,37.0345460759606],[-113.599995568402,37.0353252119538],[-113.599442174006,37.0361754430841],[-113.599025122988,37.0368311823745],[-113.59870721839,37.0372662110085],[-113.598332445468,37.0377610617672],[-113.598046592408,37.0381142800605],[-113.597679313797,37.0384895581564],[-113.597001996433,37.039191545376],[-113.594307127774,37.0417062579313],[-113.592934279258,37.0429190887029],[-113.592302407211,37.0435614793488],[-113.59178691895,37.0441157104853],[-113.59135176768,37.0445960891405],[-113.590793389834,37.0453044543352],[-113.590211630423,37.0460628026704],[-113.589902757379,37.0465543857135],[-113.589664292592,37.047043619077],[-113.589274668112,37.0478091211023],[-113.588910357739,37.0486348988833],[-113.58863726058,37.049346036401],[-113.58844483879,37.0499697997645],[-113.588092967887,37.051516248534],[-113.587768412463,37.0531522180591],[-113.587584817406,37.0540461416244],[-113.587450751981,37.0546506059861],[-113.587269836885,37.0552628514787],[-113.587093393438,37.0556857511219],[-113.586995098051,37.0559267090498],[-113.586793179577,37.0562750056738],[-113.586717827567,37.0563903788487],[-113.586363125009,37.0568619554819],[-113.586060263104,37.0572245289044],[-113.585389091955,37.0579398360672],[-113.584996494977,37.0583787112397],[-113.584678151072,37.0587956897053],[-113.584353381232,37.0592984196295],[-113.584137445624,37.0597180305461],[-113.583955727225,37.0601519449894],[-113.583806388987,37.060599031611],[-113.583715034653,37.0609389655503],[-113.583652687324,37.0613616264642],[-113.583625762593,37.0616550970563],[-113.583616540523,37.0622117772083],[-113.583683627738,37.0631813373058],[-113.583812631954,37.0647691092479],[-113.583894225064,37.0656125478591],[-113.584128209682,37.0683511803791],[-113.5842807213,37.0698389476952],[-113.584344936424,37.071110824424],[-113.584451434932,37.0724354892386],[-113.584593168839,37.0737179311138],[-113.584709490547,37.0754771997702],[-113.584793826603,37.076483329277],[-113.584772102071,37.0770357750476],[-113.584725363273,37.0777690020063],[-113.584666376885,37.0784529311442],[-113.584576412022,37.0790593134286],[-113.584440542417,37.0796586760901],[-113.584274808593,37.080223273422],[-113.584032386107,37.0809607663978],[-113.583682640909,37.0818402811108],[-113.583386909162,37.0824888170312],[-113.583070797635,37.0831070662176],[-113.582795849913,37.0835431004747],[-113.582762011126,37.0835966469339],[-113.582347886459,37.0842570424131],[-113.581945543481,37.0848074163124],[-113.581524466723,37.0853296295949],[-113.581154813411,37.0857298734955],[-113.58071875925,37.0861922114838],[-113.580321853922,37.0865951189935],[-113.579695948538,37.0871281836567],[-113.57881095487,37.0878763168412],[-113.578063135133,37.0884339244663],[-113.576994189089,37.0891322454585],[-113.572386223212,37.0918818195824],[-113.569215242722,37.0937867595289],[-113.56730864567,37.0949365293971],[-113.56657632043,37.0954277643369],[-113.565814516978,37.0959691980108],[-113.5654232792,37.0962637927928],[-113.565287416054,37.0963816343319],[-113.56452633931,37.0970552473608],[-113.563847477487,37.097728518864],[-113.563317535462,37.0983009676623],[-113.563024704692,37.0986452440068],[-113.562506253505,37.0993053058659],[-113.562017265135,37.100005281681],[-113.561612866319,37.1006516091777],[-113.561157117309,37.1014837871615],[-113.560640935733,37.1026732355821],[-113.55993912606,37.1043848707732],[-113.559323548778,37.1059617153947],[-113.559160970704,37.1063830138334],[-113.558841592081,37.1071166227332],[-113.55834968831,37.1084745084464],[-113.558062784584,37.1091872277097],[-113.557600791634,37.1103245767197],[-113.557261404514,37.1110663635],[-113.556908331432,37.1117025560277],[-113.556660441079,37.1120571122641],[-113.556342115324,37.1125055585762],[-113.555861683485,37.1130658227262],[-113.555283417201,37.1136783906417],[-113.554350370465,37.1144792913473],[-113.553739693065,37.114925021299],[-113.553151809077,37.1152823919603],[-113.552450852781,37.1157075312335],[-113.551718494251,37.1160589953591],[-113.550499114933,37.1165854050843],[-113.547322566499,37.1179176472831],[-113.543924048482,37.1193559547454],[-113.537305903223,37.122138332877],[-113.534015555274,37.1235312380534],[-113.533255252598,37.1238696699815],[-113.53213255621,37.1244276209127],[-113.531107874148,37.1249789615684],[-113.529736949209,37.1257724454417],[-113.528823370176,37.1263254497117],[-113.52784501241,37.1269039809965],[-113.527078596071,37.12737849311],[-113.526303731875,37.1278530904013],[-113.525525624148,37.1283387463266],[-113.525420876924,37.1284041522078],[-113.524555456845,37.1289789877944],[-113.524089544069,37.1292885588578],[-113.523458398859,37.1297538577246],[-113.52221047964,37.1306434061466],[-113.521363586665,37.1312217897618],[-113.519615375609,37.1323575276762],[-113.518251076159,37.1332532054228],[-113.514824035154,37.1354618129598],[-113.512432164586,37.1370175439745],[-113.511635437047,37.1375481143761],[-113.51066711027,37.1381251228224],[-113.509871781783,37.1385727429143],[-113.508196666262,37.1394030679513],[-113.50731998521,37.139787778686],[-113.506411133316,37.1401189123239],[-113.504191002921,37.1409049285388],[-113.502340328953,37.1415455787537],[-113.500780679873,37.1420719145274],[-113.496786408328,37.1434155799697],[-113.494260468167,37.1442983371093],[-113.491977154719,37.1450808618031],[-113.490427206318,37.1456191151193],[-113.489666913131,37.1459122127397],[-113.488938076758,37.1462206857487],[-113.488284475958,37.1465269431136],[-113.48770749143,37.1468009474857],[-113.486291397109,37.1476504907137],[-113.485400005766,37.1482558714563],[-113.484227219488,37.1491557984154],[-113.483644135393,37.1497089194866],[-113.482449112248,37.1508768586466],[-113.481262929794,37.1520890295526],[-113.479065760594,37.1543722387317],[-113.476787100641,37.1567292076889],[-113.476285134117,37.1572285987082],[-113.475863010144,37.1576181759447],[-113.475424486995,37.1579607820084],[-113.474959688532,37.158274646881],[-113.474562693791,37.15848570954],[-113.473998978622,37.1587565778379],[-113.473293435822,37.1590461760742],[-113.47238619784,37.1593106919629],[-113.471317031083,37.159585338749],[-113.468408662451,37.1603263866896],[-113.465977049291,37.1609898491444],[-113.465002380713,37.1612737368201],[-113.463499969401,37.1617420740584],[-113.462878155216,37.1619352443927],[-113.460657007375,37.162682088255],[-113.46000528235,37.1629186717266],[-113.458536568,37.1634628481801],[-113.456899909802,37.1640825860976],[-113.455113628815,37.1648293174071],[-113.453204950901,37.1656678657472],[-113.452059292257,37.1661590397647],[-113.451118571681,37.1665388998784],[-113.450315209886,37.166883467877],[-113.449814616762,37.1670981243295],[-113.4490851038,37.1674109665373],[-113.448181031478,37.1678107732645],[-113.447408918105,37.1681160147033],[-113.444389715486,37.1694016491854],[-113.442491857134,37.1702023146445],[-113.440753520757,37.1709500969189],[-113.438180306958,37.1720439814343],[-113.436051220387,37.1729461840098],[-113.434808510367,37.1734696504827],[-113.433973298988,37.1738089965352],[-113.432969950634,37.1742013569052],[-113.431900590674,37.1746040764412],[-113.431290776074,37.1748261255993],[-113.43019770789,37.1752135457768],[-113.428555296411,37.1757744380736],[-113.426432248169,37.1764217585226],[-113.42549747036,37.176706760876],[-113.424296700166,37.1770738032128],[-113.420883870507,37.1781326837318],[-113.420087047896,37.1784080646048],[-113.418927763245,37.178873337022],[-113.417566878462,37.1794733877538],[-113.416901742586,37.1798068898608],[-113.41637057002,37.1800925949535],[-113.415275563553,37.1807209891525],[-113.41402431364,37.1815260392352],[-113.412930005572,37.182312107605],[-113.412038487865,37.1830332047535],[-113.411132350307,37.1838334478832],[-113.410353042514,37.1845882957854],[-113.409386117169,37.1856601227129],[-113.408683252418,37.1865283073017],[-113.406636689742,37.1891631180106],[-113.404072164129,37.1924978287646],[-113.403435443927,37.1933668931922],[-113.401856853484,37.195764571362],[-113.399423647945,37.199580914743],[-113.396174574291,37.2046776553516],[-113.395166543246,37.2062593787586],[-113.393873570843,37.2082952018877],[-113.392157643953,37.2109974330799],[-113.391269679656,37.2123829405618],[-113.390343434139,37.2137061306897],[-113.389232015462,37.2151862548711],[-113.388250533048,37.216400147172],[-113.387327681879,37.2174731634799],[-113.386495109465,37.2183866431453],[-113.385612265549,37.2193146482173],[-113.384793620719,37.2201241977894],[-113.383417511028,37.2214000725926],[-113.382261845247,37.222423666045],[-113.38082989537,37.2235857325327],[-113.379243363319,37.2248184792146],[-113.375271212071,37.2278907741962],[-113.375060332256,37.2280662335155],[-113.374937587291,37.2281627815202],[-113.374344160785,37.2286568281022],[-113.373920423313,37.2290348187936],[-113.373628282854,37.229311037233],[-113.373304493882,37.2296239375096],[-113.37283359057,37.2301155199951],[-113.372095930349,37.2309098426371],[-113.370801152253,37.2323123655765],[-113.370317588247,37.232828974909],[-113.369396811582,37.2338636931873],[-113.368776229739,37.2345333592302],[-113.367785316155,37.2356260642955],[-113.367369717533,37.2360647003216],[-113.366903114878,37.2365088609039],[-113.366242041409,37.2370853286789],[-113.365680466052,37.2375674312272],[-113.363883245209,37.2390835601374],[-113.363202483208,37.2396626576012],[-113.362915305718,37.239898197246],[-113.362614890515,37.2401249884693],[-113.36233252697,37.2403198766536],[-113.361980585842,37.240531923746],[-113.361552742458,37.2407860383267],[-113.361180239751,37.240971457363],[-113.360732088364,37.2411854201885],[-113.360359006267,37.2413415592449],[-113.359877606155,37.2415268929739],[-113.359383011639,37.2416831988046],[-113.358702903129,37.2418657299246],[-113.357355254209,37.2421967352089],[-113.356503813642,37.2424232203046],[-113.356205329141,37.2425102710705],[-113.355755373227,37.2426634202059],[-113.35534316943,37.2428090573414],[-113.355013867336,37.2429237544559],[-113.354451729512,37.2431850219612],[-113.354060858727,37.2433933143458],[-113.353701220929,37.2436272993845],[-113.35339462999,37.243827244586],[-113.353268212179,37.2439088837518],[-113.352863316756,37.2441702614878],[-113.352151542434,37.2446298733588],[-113.351202763211,37.2452367597508],[-113.350160505536,37.2459085790943],[-113.349680080281,37.2462177677451],[-113.34940656372,37.2463944260239],[-113.347982051271,37.2473509337197],[-113.347291067392,37.2477994703188],[-113.345394258095,37.2490356745452],[-113.343397822644,37.2503549299545],[-113.339874136377,37.2526528742435],[-113.337595543901,37.2541398287231],[-113.335664511759,37.2554171103809],[-113.334010614913,37.2565762451692],[-113.333414976493,37.2570070508419],[-113.332657491634,37.2575897424513],[-113.332032579414,37.2580954675857],[-113.330713737371,37.2591803637977],[-113.329690323128,37.2600769362452],[-113.329011700482,37.2607143776347],[-113.328177017082,37.2614945722614],[-113.327554685762,37.2620971028661],[-113.327131800487,37.2625199735197],[-113.325746186007,37.2639350679893],[-113.324291681498,37.2654033190579],[-113.322762530621,37.2669541263482],[-113.321072304685,37.2686815557992],[-113.320178057566,37.2695912853446],[-113.319407249768,37.2703791792407],[-113.318698686434,37.27110501727],[-113.316632919669,37.2731393938034],[-113.315085370045,37.2747107418438],[-113.314281694131,37.27555557157],[-113.313396257132,37.2764267777542],[-113.312075994176,37.2777458122479],[-113.310885191109,37.2789811955487],[-113.310163473316,37.2797320238573],[-113.309210755426,37.2806743565287],[-113.308993097394,37.280896065035],[-113.307861082674,37.2820322204067],[-113.307196494103,37.2827278444491],[-113.306435349686,37.2835084382478],[-113.306178133496,37.2837722781488],[-113.305617648418,37.2843469954506],[-113.30467551007,37.2853994838569],[-113.303828311526,37.2864185740538],[-113.303532090471,37.2867983417673],[-113.303264051475,37.2871370059156],[-113.30268774473,37.2879119948822],[-113.302047561351,37.2889045130312],[-113.30148346291,37.2898144393082],[-113.300839571619,37.2909602278763],[-113.300321746339,37.291957116142],[-113.299807968183,37.2931206461945],[-113.299477210019,37.2939494242843],[-113.299325150269,37.2943827046747],[-113.298947776358,37.2954331822194],[-113.29873483856,37.2961605360668],[-113.298602483023,37.2966632758803],[-113.298424169944,37.2973831973013],[-113.298187102735,37.2984669942417],[-113.298084009673,37.2990863213179],[-113.297914464604,37.3001057215723],[-113.297847156511,37.3007333652219],[-113.297768093955,37.3015752728269],[-113.297706716922,37.3049402042881],[-113.297665439492,37.305478032669],[-113.297613184215,37.3060073325798],[-113.297518230158,37.3065719778707],[-113.297408982616,37.3069895541074],[-113.29728766316,37.3073552752056],[-113.29708740366,37.3078000326475],[-113.296867502025,37.3083112293048],[-113.296612497194,37.3087960710816],[-113.296142697194,37.3096117680755],[-113.295690914124,37.3102671501728],[-113.295008866153,37.3112942386355],[-113.29377591395,37.3131768854265],[-113.293371522972,37.3138299879968],[-113.293026772074,37.3143926238473],[-113.292406933589,37.3153081844804],[-113.29187221622,37.3160436545088],[-113.291253462292,37.3170069519536],[-113.290447827948,37.3182710819803],[-113.289190964103,37.3200943956288],[-113.289080020583,37.3202573174255],[-113.288434864512,37.3212043491679],[-113.287798955686,37.3221963488217],[-113.287526259045,37.3226406892907],[-113.287400665741,37.3228454383233],[-113.286622180489,37.323955723426],[-113.285802317151,37.3252094635751],[-113.283880521226,37.3280830360169],[-113.282206957171,37.3305866207788],[-113.281105651571,37.3322376029174],[-113.279680892656,37.3343980420936],[-113.278807099965,37.3357419035097],[-113.27711145431,37.3382726092706],[-113.276462921247,37.3392334308434],[-113.275987882585,37.3399372214336],[-113.274278753182,37.342378747965],[-113.273497504993,37.3433988819355],[-113.273399982753,37.343526204251],[-113.272607790212,37.3445472638818],[-113.271695034203,37.3456773369977],[-113.270053905608,37.3476980783603],[-113.269446249124,37.3484886517662],[-113.268981496099,37.3491743737405],[-113.268540192529,37.3499043436259],[-113.268166020424,37.3506333845909],[-113.267835829645,37.3513349052403],[-113.267517652958,37.3520719722729],[-113.267082683832,37.3530697425526],[-113.266194088218,37.3547576053462],[-113.265344024349,37.3561813021619],[-113.264278768121,37.3579700456514],[-113.263514313369,37.3592317663108],[-113.26345299145,37.3593363982447],[-113.262127007295,37.3615967561931],[-113.261243165232,37.3630209804183],[-113.260722945786,37.3637298110573],[-113.260609698086,37.3638914892166],[-113.26008426464,37.3646414214706],[-113.259268911467,37.3656449029502],[-113.258298886693,37.3667400119059],[-113.256731330802,37.3685897419628],[-113.255521669172,37.3699652607907],[-113.253954401024,37.3718327932688],[-113.253135981058,37.3727201271834],[-113.252712222499,37.373253333299],[-113.252057406,37.3739597350891],[-113.250750390258,37.3754839568239],[-113.25003401939,37.3763537359241],[-113.249554046421,37.3769571231491],[-113.249169982759,37.3775354326136],[-113.24885779914,37.3780931777866],[-113.248589984132,37.3786771141849],[-113.248288434576,37.379526915127],[-113.248059183211,37.380351188116],[-113.247099074568,37.3835527564066],[-113.246850735534,37.3844042455759],[-113.246638606719,37.3849442218246],[-113.246457966602,37.3854192534977],[-113.246129097855,37.3861007731474],[-113.245626454054,37.3870374791602],[-113.243669102074,37.3905164264615],[-113.242998864808,37.3919332181359],[-113.242787799961,37.3924611813887],[-113.242509020641,37.3933132390354],[-113.242214135302,37.394235264339],[-113.240959317646,37.3980264406773],[-113.240610803136,37.3989201897524],[-113.24011307476,37.400133087331],[-113.238784332789,37.4031701657455],[-113.238773962716,37.4031937032663],[-113.237051087275,37.4073476949215],[-113.236796376001,37.4078694443149],[-113.23625226263,37.4090687844748],[-113.235205882779,37.4114934314305],[-113.23450426765,37.4130933517325],[-113.234228999584,37.4137761681556],[-113.234137602669,37.4141793803352],[-113.234070918549,37.4146804460129],[-113.234025758021,37.4151454172348],[-113.234048520043,37.4156452423538],[-113.234102979284,37.4160596653453],[-113.234201876173,37.4164600004587],[-113.234335002709,37.4168867241732],[-113.23453688465,37.4173837927859],[-113.235129981697,37.4188171963309],[-113.235274450324,37.4192526260279],[-113.235419340863,37.419705981357],[-113.23555263053,37.4201415319814],[-113.23565237926,37.4205776269065],[-113.235765972249,37.4211296241444],[-113.235856366319,37.4216461925224],[-113.235915156853,37.4222436555252],[-113.235969629037,37.4231403076072],[-113.235954676976,37.4239442784327],[-113.235903779613,37.4246415066645],[-113.235828999399,37.4252766436652],[-113.235710062399,37.4259392915579],[-113.235546145156,37.4265980140201],[-113.234719856841,37.4295839906056],[-113.233440495956,37.434282238853],[-113.231905965143,37.4400514080694],[-113.230559475629,37.4447684643208],[-113.22904498642,37.4504569185361],[-113.228832221405,37.4512518219661],[-113.228818286499,37.4513040838431],[-113.228436947204,37.4527340849762],[-113.227900855856,37.4547170027737],[-113.227590984878,37.4558631284363],[-113.227105661189,37.4576419556685],[-113.227013880746,37.4581378110288],[-113.226622030956,37.4596424426237],[-113.225383147102,37.464249984707],[-113.22497617502,37.4658032894001],[-113.224469095695,37.4677064288752],[-113.223760768904,37.4702783459348],[-113.223485688672,37.4712478919492],[-113.222656478593,37.4743940649544],[-113.222184105402,37.4760218570475],[-113.221704289281,37.4777655003014],[-113.221578093014,37.4782809232859],[-113.220083109986,37.483787476107],[-113.219588238919,37.4857132536861],[-113.218935782996,37.488249753981],[-113.216692658584,37.4963246540869],[-113.214277517221,37.5052349839369],[-113.214118113071,37.5058507827299],[-113.213730997058,37.5072593924705],[-113.213506063028,37.5080314237361],[-113.213444997505,37.5083002220342],[-113.212813902625,37.5106416280416],[-113.212171464797,37.5129832429398],[-113.210974684115,37.5174350083446],[-113.210589481829,37.5188354604336],[-113.209048750392,37.5245210643462],[-113.208766115202,37.5256032733966],[-113.208031212215,37.52823227083],[-113.207717180799,37.5292483765098],[-113.207385699037,37.5302485862542],[-113.207216955033,37.5307428891982],[-113.206682143661,37.5322164177563],[-113.206287140969,37.5332124046937],[-113.205636154756,37.5347385664025],[-113.205165929876,37.5357557813019],[-113.20467985791,37.5367732903404],[-113.204176621444,37.5377848096185],[-113.203907386899,37.5382881938334],[-113.203364038229,37.5392833361015],[-113.202520821548,37.5407418752888],[-113.202214742203,37.5412630658151],[-113.201610472645,37.5422277952517],[-113.198758644803,37.5466652343643],[-113.196028274657,37.5509327252494],[-113.193631367088,37.5546541453791],[-113.191499178505,37.5579912025342],[-113.184993480864,37.5681411487811],[-113.182496813065,37.5720110880264],[-113.18096832323,37.5744175808671],[-113.172901427307,37.5869739514891],[-113.172126721792,37.5881777826009],[-113.171799985601,37.5886641298326],[-113.171128050271,37.5896254459885],[-113.170451995787,37.5905625021571],[-113.170105394501,37.5910284829751],[-113.163758969192,37.5992845654964],[-113.161357474677,37.6024052378328],[-113.160753556703,37.6031814080287],[-113.159373073549,37.6049928366314],[-113.15811411945,37.6066217889461],[-113.153787182586,37.6122431655438],[-113.153054963146,37.6131324856426],[-113.152671244922,37.6135756630107],[-113.152279310609,37.6140090760328],[-113.151878053893,37.6144336459973],[-113.151465314025,37.6148530169657],[-113.151042197222,37.6152662674603],[-113.150607648967,37.6156761201554],[-113.150162879271,37.6160852564263],[-113.14970538986,37.6164856110197],[-113.148756271027,37.6172815298254],[-113.148274572994,37.6176679010245],[-113.147785687129,37.618040883393],[-113.147293295675,37.6184103228502],[-113.1467927397,37.6187717982204],[-113.146281780431,37.6191262513247],[-113.145761576109,37.6194745621435],[-113.144730308675,37.6201349633563],[-113.143677630853,37.6207605985819],[-113.143142443126,37.6210614075027],[-113.142595720217,37.6213552140902],[-113.141465662569,37.6219308679116],[-113.140887012381,37.6222180368829],[-113.139683652773,37.6227670676089],[-113.139061414795,37.6230360935638],[-113.138429854692,37.6232962734296],[-113.137799087012,37.6235447201652],[-113.137171325322,37.6237795912969],[-113.135960982078,37.6242052484754],[-113.135364966863,37.6244016853153],[-113.134761921778,37.6245901357307],[-113.134149556295,37.6247697398719],[-113.124936022323,37.6273269486244],[-113.118373586193,37.6291347303492],[-113.11803705757,37.6292146719359],[-113.115627603783,37.6299572408061],[-113.110446849439,37.6314342888668],[-113.108807126315,37.6319529658716],[-113.106601642498,37.6327421713184],[-113.103108086569,37.6341481973333],[-113.101285726227,37.6350259978758],[-113.099604733451,37.6359354991459],[-113.098981370149,37.6362944551029],[-113.097515374121,37.63719469316],[-113.095982078061,37.6382015487638],[-113.094494267676,37.6393364472346],[-113.092335532465,37.6410780191484],[-113.090805135463,37.6423956681168],[-113.089902984717,37.6432840126385],[-113.089075749664,37.6441367779981],[-113.088674170722,37.6445683524653],[-113.088287363904,37.6450014663791],[-113.087525518948,37.6458837035831],[-113.087158435688,37.6463335873422],[-113.086837283618,37.6467482316557],[-113.086486811992,37.6472007032035],[-113.085754909283,37.64818243161],[-113.085100348505,37.6491339498801],[-113.084785070405,37.6496135508391],[-113.084481268172,37.6500983552538],[-113.084186625851,37.6505866017621],[-113.083709687164,37.6514061025477],[-113.08334932673,37.6520577226497],[-113.082836619053,37.6530580900907],[-113.082345675481,37.6540670828789],[-113.082149671427,37.654516633561],[-113.081909704476,37.6550967316115],[-113.081710018075,37.6556175406405],[-113.081336922108,37.6566668045529],[-113.080988792312,37.6577174290068],[-113.08068164269,37.6587745387642],[-113.080541107077,37.6593033138351],[-113.080410842264,37.6598346110715],[-113.080255617994,37.6605276615671],[-113.080079157203,37.6614346685449],[-113.079900470227,37.6625057310502],[-113.079829771278,37.6630188541203],[-113.079766094577,37.6635805175088],[-113.079715360461,37.664118521597],[-113.079645542026,37.6651912677813],[-113.079619734925,37.6657288320402],[-113.079600109313,37.6665690869199],[-113.079602878588,37.6684146740244],[-113.079622002012,37.670033773693],[-113.079644654253,37.6743374518237],[-113.079671757941,37.677013503049],[-113.079705461954,37.6775301904566],[-113.079694347258,37.6777818180014],[-113.079696180393,37.6787000962198],[-113.079715960649,37.6791566495307],[-113.079692247781,37.6808450826356],[-113.079373557659,37.6808427739377],[-113.07896689493,37.6808451699974]]]},"properties":{"OBJECTID":12,"boundary_name":"Zion","description":"Iron, Kane and Washington counties\u2014Boundary begins at the Utah-Arizona state line and I-15; north on I-15 to SR-14; east on SR-14 to US-89; south on US-89 to US-89A; south on US-89A to the Utah-Arizona state line; west on this state line to I-15. This hunt is comprised of all or largely private property. Excludes Zion National Park. EXCLUDES ALL NATIVE AMERICAN TRUST LANDS WITHIN THIS BOUNDARY. Excludes all CWMUs. USGS 1:100,000 Maps: Cedar City, Kanab, Panguitch, Saint George. Boundary questions? Call the Cedar City office, 435-865-6100. - A hunting permit does not authorize the permit holder to hunt on Native American trust lands, CWMUs (unless you specifically have a permit for that CWMU) or on National Park lands. Furthermore, it is the responsibility of hunters to learn if hunting is allowed and what specific rules and regulations may apply on National Monuments, National Wildlife Refuges, State Parks, UDWR Wildlife and Waterfowl Management areas, military installations and within the boundaries of cities, towns and municipalities. Written permission is required to hunt private lands.","hunt_type":"OIAL","species":"Desert Bighorn Sheep","season":"Fall 2026","source_OBJECTID":12,"boundary_id":"635","BoundaryID":"635","Boundary_Name":"Zion","source_boundary_name":"Zion","boundary_id_source":"canonical_hunt_master_name_match"}}]}