{"type":"FeatureCollection","features":[{"type":"Feature","properties":{"hunt_code":"EA1295","boundary_id":"224","BoundaryID":"224","Boundary_Name":"Wasatch Mtns, Avintaquin","boundary_name":"Wasatch Mtns, Avintaquin","species":"Elk","sex_type":"Antlerless","weapon":"Muzzleloader","season_dates":"Oct 28 2026 - Nov 05 2026","resident_permits":"90","nonresident_permits":"10","total_permits":"100","source":"DWR KMZ upload","source_file":"D:\\DOWNLOADS\\EA1295.kmz","source_boundary_ids":["224"]},"geometry":{"type":"Polygon","coordinates":[[[-110.7603813653497,39.87848797779508],[-110.760394512523,39.87850737641099],[-110.7605524366564,39.87896387777831],[-110.7605814164892,39.87937389161112],[-110.7602527246206,39.88006698090257],[-110.7602582581593,39.88015709210767],[-110.7603130346144,39.88021126517864],[-110.7605948279486,39.88022536214241],[-110.7611030906715,39.88035705480607],[-110.7613289378821,39.88031697487957],[-110.7615480801253,39.88018678096155],[-110.7624543050436,39.87886417378739],[-110.7626229217513,39.87880144915179],[-110.7628568559439,39.87878841272191],[-110.763070615047,39.87886092940987],[-110.7637210749602,39.87947042987453],[-110.7639929698885,39.87964217303169],[-110.7642629129065,39.87970128685885],[-110.76493988814,39.87974320573062],[-110.7651960601118,39.87972570466454],[-110.7654418450085,39.87966763712601],[-110.7671725974116,39.87899087096742],[-110.7675599260046,39.87891956800807],[-110.7678627807482,39.87892918453011],[-110.7690196294325,39.87919909051695],[-110.7700064173141,39.87961821350638],[-110.770276365469,39.87967731335262],[-110.7712424935856,39.87980725468086],[-110.771500245298,39.87984191058084],[-110.7717341037601,39.87985228204475],[-110.7719585021836,39.87989416936222],[-110.7721396011058,39.87994498116639],[-110.7724686618033,39.88016547063494],[-110.7725968919389,39.88029005981505],[-110.7727448726023,39.88045433145303],[-110.7727727911206,39.8804994360403],[-110.7755991197744,39.88274211582029],[-110.7760648001816,39.88303584004027],[-110.7763462308532,39.88316612670306],[-110.776716613004,39.88327586102163],[-110.7776005628864,39.88334062921508],[-110.7785804728779,39.88338755396128],[-110.7786346834345,39.88340477639154],[-110.7787662379258,39.88344647328396],[-110.7793466943626,39.88369535331795],[-110.7794962864798,39.88372897472004],[-110.7796564592564,39.88374549708182],[-110.7798378160997,39.88372061356004],[-110.7798881488117,39.88370719413347],[-110.7799548692231,39.88368930079098],[-110.780286318649,39.88354126459525],[-110.7803004334088,39.88351606340695],[-110.7804669333562,39.88338213007272],[-110.7813727090735,39.88209991957534],[-110.7815674171515,39.88192008691393],[-110.7817454685577,39.88182942134381],[-110.7820907935942,39.88172735692439],[-110.7833498165192,39.88152248608201],[-110.7837912221398,39.88136113017431],[-110.7845867815259,39.88088958664369],[-110.7852712896285,39.88039891110903],[-110.7856135428274,39.88015267080872],[-110.7860252425067,39.87976149694772],[-110.7863581509978,39.87950983118991],[-110.7865596878311,39.87938406251385],[-110.7868114097481,39.87929082167076],[-110.7881383878414,39.87902565672498],[-110.7882566180754,39.87898803070567],[-110.7885877448708,39.87893187185847],[-110.7890781470479,39.87880031797356],[-110.7896538888125,39.87867792679309],[-110.7903159912018,39.87861335279744],[-110.7936998404016,39.87839687436706],[-110.7944005142189,39.87833685063799],[-110.7946039955302,39.87833721115778],[-110.7950731311954,39.87827316911274],[-110.7954356550532,39.87827380906646],[-110.7957370719006,39.87825605002043],[-110.795969012097,39.87824231258701],[-110.7960559219291,39.87823534755156],[-110.7963749033686,39.87820968894563],[-110.7968861386765,39.8781448124686],[-110.7973130786779,39.87811222240147],[-110.7976545069965,39.87812813552508],[-110.7979104137124,39.87819615657099],[-110.7983997825496,39.87840964381638],[-110.7985702300003,39.87850904977335],[-110.7986260862221,39.87860375158938],[-110.7987077914371,39.8786570523186],[-110.7991034739399,39.87891722586205],[-110.7992285728133,39.87892825445702],[-110.799337210234,39.87896988837996],[-110.7995078519668,39.87900352041431],[-110.7997417408705,39.87900392448095],[-110.7999337182889,39.87893938391277],[-110.800148108295,39.87880820777257],[-110.8003404244655,39.8786265373295],[-110.8005539277862,39.87839715008247],[-110.8007461400417,39.87825061771107],[-110.8008657478339,39.87813819832549],[-110.8010133538027,39.87804925281096],[-110.8012532426817,39.8779956042144],[-110.8022685645656,39.87790723972912],[-110.8026979763231,39.87782688113029],[-110.8030787222711,39.87758876358515],[-110.803394505676,39.87716582997102],[-110.803806084095,39.87677549349453],[-110.8050177624588,39.8763036114328],[-110.8058141100048,39.87589499297329],[-110.8067554392423,39.87549111564736],[-110.8078948349056,39.87492537904872],[-110.8095199973736,39.87418023013041],[-110.811736065629,39.87328284906354],[-110.8123180543481,39.87298195747493],[-110.812539501697,39.87282013570596],[-110.8129169594726,39.87247836536869],[-110.8134365491395,39.87189805761457],[-110.8137902333998,39.87169590106439],[-110.8140231595156,39.87161067981192],[-110.8142161216172,39.87160197904888],[-110.814432336532,39.87164287014424],[-110.8149790338889,39.87184646839339],[-110.817807595833,39.87274744037176],[-110.818319267353,39.87293745283772],[-110.8185679338053,39.87309101196782],[-110.8188139781888,39.87335268638637],[-110.8195853730938,39.8743900379641],[-110.8201129974745,39.87474675212868],[-110.8206480502558,39.87539630005366],[-110.8208290704316,39.87548667972783],[-110.8210768585671,39.87553391418237],[-110.8211154296133,39.87554118166823],[-110.8215293342926,39.87556434426211],[-110.8221234413884,39.87554273192487],[-110.8225901778068,39.87548488183115],[-110.8229961864747,39.87539540223295],[-110.8233929776821,39.8752518472326],[-110.824838881729,39.87457919145747],[-110.8263535839303,39.8739723935287],[-110.8268637990655,39.87382449136475],[-110.82720524041,39.87382950552988],[-110.8279650083026,39.87395677481973],[-110.8284163231627,39.87398086931947],[-110.8287169072454,39.87395788760796],[-110.8289486197273,39.87388614960663],[-110.8295199921603,39.87359416602659],[-110.8302946023346,39.87339347809616],[-110.8309522997627,39.87318180265373],[-110.8311244037898,39.87309645840927],[-110.8312884875355,39.87294352727999],[-110.8319394743015,39.87212456273496],[-110.8321374644076,39.87197167949931],[-110.8322743744454,39.87193133257266],[-110.832565547714,39.87192724825715],[-110.8330260875933,39.87199999211961],[-110.8335260676354,39.87220433671484],[-110.8343592287075,39.87244339341918],[-110.8353909334602,39.87278724202139],[-110.8358939327265,39.87271136981319],[-110.8363830165686,39.87258592081558],[-110.837012589534,39.87238858728115],[-110.8374831298472,39.87219102760321],[-110.8383025714723,39.8718047429837],[-110.8395394610342,39.87141452579372],[-110.8400167103204,39.87134310505366],[-110.8409088992341,39.87134433220591],[-110.8415060677606,39.87149831971133],[-110.8427138891258,39.87204957371058],[-110.84315074624,39.8722573952189],[-110.8437776048256,39.87273126603797],[-110.8440755215169,39.87284879686332],[-110.8444729719136,39.87290519245371],[-110.8446541632911,39.87293066325729],[-110.8462268408339,39.87297330389389],[-110.8464313857995,39.87301411987371],[-110.8471539414987,39.87306012426514],[-110.84777348606,39.87315554398507],[-110.8482502426031,39.87330933864408],[-110.8486323034531,39.87345399780337],[-110.8489139594615,39.87352644499414],[-110.8490952291687,39.87351767097839],[-110.8494438543936,39.87344604406293],[-110.8504162524264,39.87314096232341],[-110.8533617620774,39.87208334589999],[-110.8549918098957,39.87152947830135],[-110.855506547454,39.87141749568497],[-110.8567452687936,39.87122081221016],[-110.8578025870937,39.8710977752476],[-110.8582060226262,39.87108745713626],[-110.8584469679132,39.87105531543382],[-110.8614729747574,39.87114636587418],[-110.8617067870621,39.87117187288159],[-110.8621230091857,39.87119939839154],[-110.8624725320386,39.87125117034287],[-110.8635361281625,39.87149569655539],[-110.8656468951899,39.8720243446741],[-110.8680592892397,39.87260285284282],[-110.8687242520215,39.87280903531074],[-110.8690572973089,39.87292383874697],[-110.8715825104042,39.87386099876355],[-110.8721200067057,39.87408233752728],[-110.8734579761612,39.87460278072983],[-110.873961676241,39.87476731108976],[-110.8747739442286,39.87501506477091],[-110.8752402873323,39.87514801424905],[-110.8755325403548,39.87519968520935],[-110.8762247948252,39.87521213900767],[-110.8771311048555,39.87519237964753],[-110.87755686968,39.87513156192882],[-110.8780903636814,39.87498796397129],[-110.8790639215417,39.87462858333577],[-110.8799835856418,39.87432229772712],[-110.880422385581,39.87415786800383],[-110.8808611428965,39.87401686256307],[-110.8817269848583,39.87371951779209],[-110.8820884418987,39.87364690482831],[-110.8822077349333,39.8736362140416],[-110.882580777055,39.87362668129035],[-110.8829268886153,39.87363784315435],[-110.883509094829,39.87371771732631],[-110.8836212802472,39.87376107793218],[-110.8842537602641,39.87384730579605],[-110.8846056294323,39.87391252838025],[-110.8849714232685,39.87404263568632],[-110.8852810513323,39.8741952112907],[-110.8855613192319,39.8744243420716],[-110.8858554796115,39.87473908080273],[-110.8864894516843,39.87534607567713],[-110.8872904626282,39.8760730623902],[-110.8874012712214,39.87624706289856],[-110.8874583260083,39.87639758516757],[-110.8874996767318,39.87685533293785],[-110.8875694369068,39.8771031753791],[-110.8876389476152,39.87750418738967],[-110.8877799324513,39.87782057458934],[-110.8880468585819,39.87835782800563],[-110.8883011807614,39.87873739379972],[-110.8884681150862,39.87892045723992],[-110.8886362693019,39.87907288764166],[-110.8888885754552,39.87925603240672],[-110.8891141044402,39.87936526911093],[-110.8894647863466,39.879462010732],[-110.890844571711,39.87957323936126],[-110.8911087512163,39.87964827059455],[-110.8912933709062,39.87974665265455],[-110.891909047979,39.8801481725496],[-110.8921766531852,39.88027816546268],[-110.8923589737744,39.88035311771182],[-110.8932020279111,39.88044129394858],[-110.894497490398,39.88064790730393],[-110.8961543942596,39.88081248342897],[-110.8968150386545,39.88088785595379],[-110.8971939655588,39.88087828146604],[-110.8977846501169,39.88081393163432],[-110.8984876660526,39.88070733022386],[-110.8999358776513,39.88043558608818],[-110.9026216622585,39.87996304577018],[-110.9031410295259,39.87987518277399],[-110.9034650167644,39.87984301692796],[-110.9036778138819,39.87987562980894],[-110.9038718368514,39.87995327668511],[-110.904546049174,39.88036468900216],[-110.9048008149121,39.88049464222533],[-110.905039253668,39.88059214556327],[-110.9053326883361,39.88066806934091],[-110.9058249031489,39.88076757991939],[-110.9062200413549,39.88087511894355],[-110.9064841680201,39.88100507602815],[-110.9067376665526,39.8812116088533],[-110.9068930036842,39.88136310143832],[-110.9070330346665,39.88159116642907],[-110.9072429596512,39.88202471484134],[-110.9076218131334,39.88294493669304],[-110.9079306638348,39.88374616983811],[-110.9088576980391,39.88581829681354],[-110.9090000420172,39.8860778960054],[-110.909324825307,39.88634935076453],[-110.9097747396444,39.88663351598626],[-110.9100271992906,39.88676345580594],[-110.9104807287793,39.88697013526272],[-110.9112697646486,39.88730771478831],[-110.9120309003117,39.88751822708904],[-110.912714748864,39.8878061620503],[-110.9129485172719,39.88792617044468],[-110.9131951260021,39.88806691092331],[-110.9133915072805,39.8881562565107],[-110.9136791523462,39.88821863979843],[-110.9142124683976,39.88823885746606],[-110.918541256718,39.88818161183966],[-110.9189716485515,39.88820173528631],[-110.9192055233703,39.88824154234775],[-110.9193107531836,39.88827134853095],[-110.919439290885,39.88837325062316],[-110.9195046836483,39.88846339579228],[-110.9195841350972,39.88853372872452],[-110.9198560242174,39.88907541647346],[-110.9201163018328,39.88954771873394],[-110.9202331488835,39.88964780987689],[-110.9205604595107,39.88980931307819],[-110.9207545482308,39.88987071368566],[-110.9210562820743,39.88989885038735],[-110.9213978465697,39.88987205246398],[-110.9216528824437,39.88982357117388],[-110.9218950806213,39.88974985274925],[-110.9219280818577,39.88973437781377],[-110.9222941371446,39.88956271334263],[-110.9229846463735,39.88918115100362],[-110.9232994417989,39.88903179402961],[-110.923519401641,39.88896796846523],[-110.9238445968627,39.88893124156081],[-110.924111199529,39.8889953871469],[-110.9243637147532,39.88910727580313],[-110.9254039002812,39.88982604452677],[-110.9264197540041,39.89034927197901],[-110.9267470853873,39.89050805472733],[-110.9270124765813,39.8906199457222],[-110.9273258528344,39.89070483626804],[-110.9290799827298,39.89104019220935],[-110.9292378852694,39.89104118965953],[-110.9295771719858,39.89095670243812],[-110.9297350651423,39.89096670917846],[-110.9308107256658,39.89138631962148],[-110.9313800901395,39.8916479470923],[-110.9320209369938,39.89177987009038],[-110.9325413668072,39.89185405574649],[-110.9329401607951,39.89191915882449],[-110.9331950868258,39.89198327674897],[-110.9333774735724,39.89206807539741],[-110.93350836811,39.89218077515697],[-110.9335936387286,39.89230065662784],[-110.9337382917075,39.89270258405158],[-110.933822320033,39.89289904937856],[-110.933932153827,39.893020746594],[-110.9340630528106,39.89313164371826],[-110.9341612439202,39.89319747228159],[-110.934317930199,39.8932525219422],[-110.9344758121617,39.89328054215829],[-110.9346816611149,39.89329867821935],[-110.9348746767988,39.89328166782875],[-110.9351776809001,39.89322507478171],[-110.9353707241822,39.89317833068139],[-110.9356269296739,39.8931325223333],[-110.9360538836457,39.89311473860023],[-110.9364597646674,39.89311676368465],[-110.9368258001251,39.89320165737022],[-110.9371765687741,39.89335411640035],[-110.9385806476726,39.89416666669236],[-110.938974647714,39.89438311391993],[-110.9397463059854,39.89478536195932],[-110.9402373540672,39.89505501406163],[-110.9406734839224,39.89526066523033],[-110.9410944461395,39.89542396020801],[-110.9414452923261,39.89550973256442],[-110.941995047174,39.8955325337562],[-110.9423880944663,39.89551200676065],[-110.9429367718292,39.8954239803695],[-110.9435813648016,39.89533689907977],[-110.94445405877,39.89524271571062],[-110.9468264526657,39.89500145964683],[-110.9482641323938,39.89488227736986],[-110.9488677399182,39.89484019823289],[-110.949277134063,39.89485118997828],[-110.9499660365556,39.89493798493203],[-110.9523426571115,39.89530659260878],[-110.9527929580055,39.89537164854612],[-110.9531181280532,39.89539340437668],[-110.9533988699194,39.89538360656785],[-110.9537790611071,39.89534051088268],[-110.9540036755616,39.8953009563355],[-110.9544178130836,39.89522003015414],[-110.9551513663312,39.89501398791857],[-110.9554309891679,39.89492309505143],[-110.9555643444411,39.89491233426522],[-110.9557105463101,39.89493311311833],[-110.9559105295161,39.89499445709918],[-110.9562718697279,39.89515857531443],[-110.9565922643398,39.89533348904047],[-110.9567629479311,39.89548762323217],[-110.95695115293,39.89568230852222],[-110.957125295748,39.89591933514175],[-110.9571895865327,39.89599143861926],[-110.9573239412129,39.89625818311864],[-110.9574454609016,39.89647446693754],[-110.9579772643555,39.89718194307292],[-110.9582425243235,39.89763614105338],[-110.9582961359398,39.89796232100309],[-110.9583638393962,39.89819930734411],[-110.9586160403662,39.8989823632904],[-110.9587492371535,39.89924820459312],[-110.9588157995239,39.89944194240253],[-110.9589408184908,39.89969246362776],[-110.9589408007447,39.89972219648932],[-110.9608635184789,39.90255108706531],[-110.9616384859197,39.90370642221247],[-110.9624611783818,39.90535010679026],[-110.9630863360655,39.90672612687386],[-110.9633538009106,39.90756593890389],[-110.9633545421221,39.9083705274196],[-110.9627828323893,39.90980022367137],[-110.9627405312017,39.91013628099911],[-110.9629614920656,39.91044359086333],[-110.9633896023352,39.91064014358072],[-110.9638901703765,39.91099709427602],[-110.9640690304213,39.91128276500607],[-110.964068796905,39.91172965804],[-110.964058368012,39.91175992821065],[-110.963890683665,39.91224767431263],[-110.9638191528854,39.91255128700199],[-110.9644445046705,39.91373088147366],[-110.9648197405098,39.91441034522873],[-110.9651413603951,39.91469605736383],[-110.9655694406515,39.91501783999919],[-110.9658558315421,39.91557113474344],[-110.9662486249393,39.91628663856761],[-110.9664811934288,39.91685793583466],[-110.966713652794,39.91766258979431],[-110.9668922494364,39.91855552513105],[-110.9670532895543,39.91946737591957],[-110.9672656135244,39.92081442033144],[-110.9673540156962,39.92193077512881],[-110.9672595763327,39.92366245591508],[-110.9670393135505,39.92421109777855],[-110.9670287331602,39.92431200589476],[-110.9671632423971,39.9244507968606],[-110.9678605115675,39.92484562678884],[-110.9692736584836,39.9259470221356],[-110.9695543603865,39.92630388897648],[-110.9701799961553,39.92734379609998],[-110.9703344077118,39.92749340033318],[-110.9709755531483,39.92788639497027],[-110.9710995500861,39.92801256477117],[-110.971164983596,39.92825674978297],[-110.9711238091908,39.92876670073949],[-110.9705650958603,39.92989009651352],[-110.9705017552513,39.93022434818192],[-110.9705461236273,39.93046672610557],[-110.9707459971181,39.93105962890372],[-110.9708992181488,39.93127950929507],[-110.9714022516407,39.93179139738609],[-110.9721673951762,39.93244570303662],[-110.9724364082216,39.93286923302027],[-110.9724783494644,39.9333485700961],[-110.9724313478853,39.93381347015002],[-110.9721276702125,39.93516488343478],[-110.9719437125027,39.93566398777334],[-110.9716884698794,39.93588737134156],[-110.9711313019083,39.9360025607083],[-110.9708714095955,39.93614124821539],[-110.9702391077186,39.9367717808267],[-110.9699369697089,39.93715101975055],[-110.9694708032075,39.93789601676053],[-110.9686182303942,39.93895265036019],[-110.9686475294908,39.93912736022548],[-110.9686754327091,39.93928332911225],[-110.9689972455616,39.93943478190956],[-110.9701416824176,39.94010722067421],[-110.9717225173061,39.94131854709726],[-110.97188050208,39.94140237755057],[-110.9720068899564,39.94146998235109],[-110.9722339427712,39.94153671017714],[-110.9724446507236,39.94149891889244],[-110.9726846033823,39.94150618359416],[-110.9735192284309,39.94138204069065],[-110.974477712012,39.94183004744236],[-110.9747515200621,39.94208508740923],[-110.9750450500793,39.94283297213332],[-110.9754704331665,39.94378901249],[-110.9761152556435,39.94523793751197],[-110.9764648047355,39.94656246257407],[-110.9765219008257,39.9473328194559],[-110.9765826455686,39.9477058410109],[-110.9767101435956,39.94799958895337],[-110.9768013930379,39.94817530000417],[-110.9773513320173,39.94895296175035],[-110.977181532665,39.94912231425801],[-110.9766065389226,39.9497303667338],[-110.9765818912533,39.94991776730522],[-110.9780725887116,39.95584205323449],[-110.9791029689849,39.95932005340581],[-110.9793416665728,39.95981653986172],[-110.9803166332687,39.9609753782478],[-110.9809241800862,39.96141696318227],[-110.9814205325932,39.96174860679479],[-110.9816230274529,39.96198740045598],[-110.9823965723182,39.9635327118509],[-110.982522796752,39.96444272682182],[-110.9827870651336,39.96586362101907],[-110.98281599726,39.96722591555584],[-110.9829725276393,39.96874680198934],[-110.9830940166994,39.96993521921976],[-110.9830505955649,39.97031632955543],[-110.9825375905082,39.97072620157026],[-110.9824941735974,39.97107667815909],[-110.9825548013147,39.97212002772522],[-110.9822404969553,39.97392194919259],[-110.9822918737026,39.97450399298571],[-110.9823626214191,39.97535813689275],[-110.9823710195725,39.9754893214738],[-110.9823835831521,39.97581737172785],[-110.9824131299176,39.9765942948083],[-110.9823240396358,39.97692674435779],[-110.9821576209818,39.97738712165899],[-110.9819020928254,39.97823040292663],[-110.9817507262781,39.97931786652136],[-110.9815653248854,39.98065039179775],[-110.9815054782033,39.9810819533006],[-110.9815814886898,39.98151714034368],[-110.9820170635649,39.98193886890546],[-110.982764192701,39.98233451404168],[-110.9830463773552,39.98264719680891],[-110.9860837818122,39.98625333459253],[-110.9872711659834,39.98782658639929],[-110.9880558217916,39.98850781250664],[-110.9881916683174,39.98866009241715],[-110.988622632975,39.98914756686285],[-110.9887724469557,39.98985575335508],[-110.9885521678205,39.99025847073413],[-110.9883295234524,39.99077831506806],[-110.9879276463149,39.99135850617092],[-110.9877050041418,39.99181978539765],[-110.9877786602867,39.99260725111831],[-110.9879507762383,39.99305055204887],[-110.9887893749896,39.99378223313069],[-110.9905872888671,39.99520774547739],[-110.9920115905123,39.9965701357633],[-110.9923606508262,39.99686748300522],[-110.994936514522,39.99924981720302],[-110.9951977421742,39.99949129110112],[-110.9960903929471,40.00011570411033],[-110.9962836784281,40.00038330164137],[-110.9962391435143,40.00069594037379],[-110.9960739382908,40.0010482181751],[-110.9959884010099,40.0013131034278],[-110.9955994309328,40.0016284323627],[-110.9952034341808,40.00185546363387],[-110.9929059245272,40.00291940313661],[-110.9920119726589,40.00334190452832],[-110.9918221617155,40.00348064218579],[-110.9916838940555,40.00366263027208],[-110.9915948158375,40.00397616481597],[-110.9916556924114,40.00435097679262],[-110.9923866219612,40.00562050741841],[-110.9926864974661,40.00614940169299],[-110.9927473594289,40.00673684408501],[-110.9926253871088,40.00787927808758],[-110.9925550343867,40.00837481211102],[-110.9924964365713,40.00851175715126],[-110.9924732356117,40.00853103659837],[-110.992162950878,40.00878833564088],[-110.9921097522761,40.00883248000229],[-110.9917301013399,40.00909553939294],[-110.9916386614831,40.00950277531511],[-110.9913737795286,40.01016407438377],[-110.9909366178992,40.01108934617854],[-110.9908756736376,40.01120736959953],[-110.9907842567909,40.0113848551557],[-110.990552204228,40.01177946508904],[-110.9903060847671,40.01219930075254],[-110.9899286078492,40.01344081678959],[-110.9902671561667,40.01404179822126],[-110.9908036509911,40.01529420162441],[-110.9915450662312,40.01787105465239],[-110.9916773817793,40.01869365673553],[-110.9917007786913,40.01902161420915],[-110.9916304262161,40.01936668349461],[-110.991058431633,40.0203973587892],[-110.9910489587572,40.02114697105504],[-110.9910466011076,40.02125328616991],[-110.991142647438,40.02162089219208],[-110.9913312871567,40.02188489272426],[-110.9915246152278,40.02215429914215],[-110.9916429633412,40.02226062301855],[-110.9918620837081,40.02246065549306],[-110.9924433053484,40.02281748170539],[-110.9927081263285,40.02309139563117],[-110.9932424143815,40.02412484832794],[-110.993195493567,40.02456542314051],[-110.9932681334055,40.02476904808589],[-110.9934814118175,40.02491682043471],[-110.9950376922627,40.02567371778741],[-110.9952814461452,40.02585031934595],[-110.9954150376934,40.02601970826679],[-110.9954044823881,40.02613413184288],[-110.9954185439791,40.02616296364236],[-110.9953446694687,40.02676571382365],[-110.9957477900586,40.0273675814149],[-110.9957477820538,40.02749642100021],[-110.9952930018799,40.02823250084646],[-110.9951570003015,40.02893976135436],[-110.995332780194,40.02925240719622],[-110.9959375108856,40.0297281452124],[-110.9959890720194,40.02986149142148],[-110.9958906167133,40.02994978359174],[-110.9957546616588,40.02995158063892],[-110.9948381524745,40.02975693265491],[-110.9932466043779,40.02917031554304],[-110.9928153159629,40.02905586566094],[-110.9923816736434,40.02904322429092],[-110.9918683162081,40.02918734552954],[-110.9916760829645,40.0293783387526],[-110.9916830606566,40.0298261242181],[-110.9914533204796,40.03001531240007],[-110.9912798517235,40.03008467460191],[-110.990839145811,40.03026033084993],[-110.9905812691892,40.03047744530535],[-110.9905320290413,40.03058375641675],[-110.9906901152262,40.03160367355215],[-110.9909912322324,40.03236952645981],[-110.9908938202863,40.03334977994262],[-110.9906956676247,40.03386872588778],[-110.9903581062727,40.03385968853249],[-110.9900978921419,40.03392633874071],[-110.9896969814058,40.03429029771065],[-110.9895399148211,40.03432452068702],[-110.9886631966805,40.03424695435478],[-110.987681013149,40.03405044151143],[-110.987596619332,40.03406665005826],[-110.9875450279366,40.03417205860728],[-110.9882435167245,40.03464604446211],[-110.9889350074053,40.03496595868626],[-110.989642897414,40.03539669014499],[-110.9903789353317,40.03577065817515],[-110.9907117712688,40.03612116453476],[-110.9909063438171,40.03613018972],[-110.9912087680043,40.03601849219415],[-110.9916424626444,40.03596266385947],[-110.9924606730985,40.03537348245978],[-110.9930046015127,40.03473202243321],[-110.9932718566622,40.03458247641614],[-110.993759466168,40.03442933796056],[-110.9941204731324,40.03443476269895],[-110.9943853611186,40.03452126944504],[-110.9946924331194,40.0347681510736],[-110.9949315177608,40.03511053226534],[-110.9956534304846,40.03683142346178],[-110.9959300420154,40.03707109276793],[-110.996096461841,40.03751077409535],[-110.996287509383,40.03776305324718],[-110.9963496185278,40.03804956510956],[-110.9963099720416,40.03855645206586],[-110.9960325869159,40.0394024577823],[-110.9960576710779,40.03941363071981],[-110.9960412458557,40.03966590294512],[-110.9961596215374,40.03994520893163],[-110.9963225243469,40.04054976785751],[-110.9964877383809,40.04185708622521],[-110.9966154877363,40.04233460616324],[-110.9966166483855,40.0425688593801],[-110.9965099601646,40.04284815807279],[-110.9964161739068,40.04297339055331],[-110.996158247846,40.04353288692266],[-110.995432527005,40.04492846852701],[-110.9950444188919,40.0460717876927],[-110.994867374811,40.04642586244412],[-110.9946340369984,40.04704572136848],[-110.9945871079138,40.04750521542866],[-110.994669131409,40.04800976408683],[-110.9945518664449,40.04840528572489],[-110.9944111676645,40.04862331444635],[-110.9941192282472,40.04891972003927],[-110.9938847065775,40.04949723141069],[-110.9938131609119,40.04984770597305],[-110.9935903731946,40.05025493347022],[-110.9932163390094,40.05073062565972],[-110.993179984412,40.05083874022228],[-110.9931564854596,40.05135139214968],[-110.9932150719842,40.05168475537189],[-110.9931446971576,40.05199378473198],[-110.9929101850213,40.05229829924023],[-110.9926885476967,40.0527866123963],[-110.9925818002462,40.05331727819069],[-110.9923578096903,40.0538299167212],[-110.9922076856462,40.05429030339441],[-110.9921947384012,40.0547317787528],[-110.9922298863051,40.05495702407767],[-110.9921712440292,40.05512820477362],[-110.9921681899368,40.05517802830758],[-110.9922725010836,40.05551049389663],[-110.9921925741615,40.05725747248073],[-110.9923519619651,40.05894302029543],[-110.9921523858521,40.06007696919431],[-110.99239146966,40.06216102086124],[-110.9924710699112,40.0633869767715],[-110.991553470143,40.06467403981809],[-110.991114601756,40.06614511111946],[-110.9902368845314,40.06691122536552],[-110.9886810936697,40.06776916750343],[-110.9872847607125,40.06856593039171],[-110.9866463091613,40.06997560566765],[-110.9860076010958,40.07193694050206],[-110.9872040371321,40.07380658959769],[-110.9875230322267,40.07445018643944],[-110.9879617059067,40.07549229326813],[-110.9872433224468,40.07696322765668],[-110.9862853866572,40.07913913664141],[-110.984728993994,40.08122297071898],[-110.9829734093337,40.08162113386251],[-110.9817762005082,40.08257102200625],[-110.9803795228489,40.08364339556184],[-110.9787034395474,40.08459316950264],[-110.9777053829301,40.08633986672605],[-110.976906951275,40.08765755445638],[-110.9762280852739,40.08912851538273],[-110.9760680481363,40.09023180587928],[-110.9763469396065,40.09142708495666],[-110.9756369437533,40.0922205987951],[-110.9754304460665,40.09231335467269],[-110.9752156979075,40.09251152143338],[-110.9750572412373,40.09275384725529],[-110.9749855840504,40.09302141867337],[-110.974993682682,40.09333045170967],[-110.9750006349742,40.09356650625281],[-110.9749430677048,40.09379714105126],[-110.9747635174792,40.09396738459395],[-110.9746707596146,40.09418629901399],[-110.9745416317689,40.09441151212247],[-110.9742846521353,40.09458173785936],[-110.9740347453095,40.09465916514865],[-110.973805960927,40.09471947833003],[-110.9736628109456,40.09479062215021],[-110.9734692262282,40.09483472528315],[-110.9732193479286,40.09483466777587],[-110.9730551498928,40.09473011768407],[-110.9728405033009,40.09463636712648],[-110.9725331798281,40.09454259422906],[-110.9722680672368,40.09450469049925],[-110.9719818337743,40.09447849360859],[-110.9718375256094,40.09450999240767],[-110.9716392412474,40.09457030872304],[-110.9712380274863,40.09457561558063],[-110.9708379867969,40.09458092134392],[-110.9705588020688,40.09453219857091],[-110.9702585162772,40.09444923301373],[-110.9700016176207,40.09441042523945],[-110.9697728229417,40.09448784880192],[-110.9695217362096,40.09456977087571],[-110.9691217003116,40.09456425912549],[-110.9687850235287,40.09453713991125],[-110.968491776165,40.09445957746485],[-110.968277126231,40.09438834258806],[-110.9679557068274,40.0943495125869],[-110.9677128609995,40.09436656349418],[-110.9674477075549,40.09442144818235],[-110.9671403582249,40.09439883725425],[-110.9669115978739,40.09439877212937],[-110.966733257984,40.09444827415567],[-110.966468057446,40.09459685701211],[-110.9661465563908,40.09472289867572],[-110.9658884283295,40.09479940501817],[-110.9657171254797,40.09484890754864],[-110.9655094773748,40.09485425169504],[-110.9653593436033,40.09479924799062],[-110.9652021625386,40.09476136032037],[-110.9649804767429,40.09468921625907],[-110.9648232645958,40.09471259372564],[-110.9645299358479,40.09479899696635],[-110.9643011336746,40.09487640971289],[-110.9640008392636,40.09482135786965],[-110.9637509758552,40.09479335000892],[-110.9634717577503,40.09481488546237],[-110.9632570436171,40.0948706774146],[-110.9631068556719,40.09491928181467],[-110.9629285087373,40.0949741837693],[-110.9626914651152,40.09510114380022],[-110.9624626544038,40.09518846352886],[-110.9622057085623,40.09523793307562],[-110.9618842484114,40.09527116346069],[-110.9615909657283,40.0952647598186],[-110.9613539716203,40.09529801671068],[-110.9611040413855,40.09538622766925],[-110.960925676165,40.09546815549351],[-110.9607168272758,40.09551763795054],[-110.9604891758986,40.09562207251081],[-110.9602380387466,40.09576433910971],[-110.9601171587149,40.09584178057604],[-110.9599164948129,40.095934510744],[-110.9596301797259,40.09604432908417],[-110.9593520399212,40.09621451426275],[-110.9590421773876,40.09646126960731],[-110.9587217236025,40.09675847439331],[-110.9585292241095,40.09692238130663],[-110.958328537292,40.09704393958462],[-110.9581572238964,40.09709252994528],[-110.9580339928015,40.0971699683698],[-110.9578919505801,40.09731226931835],[-110.9577698279166,40.09749331885516],[-110.9575268731571,40.09766351243003],[-110.9572475861121,40.09777332742338],[-110.9569400410926,40.09804260205783],[-110.9567545272469,40.09827858578363],[-110.9563965131075,40.0985748690457],[-110.9561957685311,40.09877300559185],[-110.9559457590787,40.09895400472218],[-110.9556874896494,40.09920617637321],[-110.9553506375272,40.09942047664745],[-110.955037287422,40.09957442041682],[-110.9549293007688,40.09965096045585],[-110.9546792847478,40.09983195682155],[-110.9544503193848,40.10011206704392],[-110.9543070716646,40.10028229295374],[-110.9541848858405,40.1005354157646],[-110.9541847462405,40.10074353854431],[-110.9542490643605,40.10105709965336],[-110.954299433081,40.10117784879185],[-110.9543779707714,40.10128239164294],[-110.954427096902,40.10150765211693],[-110.9544128350711,40.1017815397116],[-110.9543634114055,40.10200135557621],[-110.9542342277953,40.1021878042397],[-110.9539841557231,40.10243547036546],[-110.9537552239162,40.10264890773826],[-110.9536037782508,40.10278669471356],[-110.9533901114423,40.10297851432238],[-110.9533184701019,40.10308299732635],[-110.9532174662836,40.10323161567609],[-110.9530742052283,40.10340724574762],[-110.9528746449063,40.10355492285338],[-110.9526386805047,40.10374763293941],[-110.9523733792884,40.10394483529907],[-110.9521867215088,40.10409341747431],[-110.9520153278293,40.10422488735197],[-110.951829896457,40.10429598654264],[-110.9516937006431,40.10442747057291],[-110.9516290286442,40.10462565567099],[-110.9516793252355,40.10484551188372],[-110.9517003052554,40.10504283174545],[-110.9516637769706,40.10526265170903],[-110.9515780041392,40.10543289806094],[-110.9514206537384,40.10560942109144],[-110.9512915298061,40.10569135457227],[-110.9511130788263,40.1058390374584],[-110.9509123493704,40.10596508749416],[-110.9507913576116,40.10615784240505],[-110.950719558769,40.1064704463026],[-110.9507476038448,40.10662992881115],[-110.9507193838724,40.10671280546807],[-110.9507122209233,40.10688308455651],[-110.9507050540357,40.10705876941966],[-110.9507260358145,40.10725068360094],[-110.9507118366053,40.10741555389829],[-110.9505955357853,40.10760740958826],[-110.950388881015,40.10780553323209],[-110.9502104462046,40.10792077999288],[-110.9500249264302,40.10809638797301],[-110.9498381919613,40.10832695389475],[-110.9497735274418,40.10850261373923],[-110.9496302956427,40.10861156810891],[-110.9493943246377,40.10877724250814],[-110.9490867857397,40.10893027149623],[-110.9487933544243,40.10904546544193],[-110.9486360257705,40.10917243160411],[-110.9485208935856,40.10935887988958],[-110.9484280510968,40.1095507437613],[-110.948304690993,40.10975430645654],[-110.9481062834166,40.10989116413556],[-110.9478914804736,40.10998476786344],[-110.9477482632464,40.11006669098825],[-110.9476566663078,40.11016034979662],[-110.947283401847,40.11031965097694],[-110.9471894619998,40.11040700160333],[-110.9471036631664,40.11058805603216],[-110.9470613178017,40.11072047825648],[-110.9470248784792,40.11080244923316],[-110.9468745275905,40.11100059223303],[-110.9465810025872,40.11121939123153],[-110.9463238036333,40.11149947179886],[-110.9460302996462,40.11168673569001],[-110.9457439140987,40.11177399528535],[-110.945451634039,40.11189458702156],[-110.9452215622063,40.11199358434828],[-110.9449727147692,40.11209257229701],[-110.9448776266415,40.11214208003593],[-110.9446205334194,40.11227890373877],[-110.9444267909476,40.11243287557572],[-110.9442986934702,40.11266886628538],[-110.944126022533,40.1128823112805],[-110.9440262248655,40.11294893433267],[-110.9437538809479,40.11307493716791],[-110.9434463234915,40.11321173372232],[-110.943158754046,40.11329988728513],[-110.9429814616185,40.11342052913095],[-110.9427806903343,40.11355197065672],[-110.9426444026162,40.11375011501453],[-110.9425164542903,40.11379870355945],[-110.9423368672918,40.11385447396459],[-110.9422652677127,40.11387606139576],[-110.9422007088757,40.11389765229648],[-110.9421654629616,40.11394718764168],[-110.9421372341224,40.11402465632037],[-110.9421007542668,40.11414536706754],[-110.9420431938721,40.11421651431587],[-110.9419152580423,40.11424888487373],[-110.9418002947901,40.1142055809597],[-110.941585611478,40.11413339587793],[-110.9414354353195,40.11410088538555],[-110.9412922203101,40.1141611773666],[-110.9411207943673,40.11427641354373],[-110.9409987058815,40.1143313101234],[-110.9409775125049,40.11441328691027],[-110.9409211140533,40.11449614670151],[-110.9405912100417,40.11467707139609],[-110.9405054550758,40.11478153901656],[-110.9402765650529,40.11485169627783],[-110.9401473992142,40.11494623064964],[-110.9400041622926,40.11502814411421],[-110.9398187708898,40.11500642483115],[-110.9396967922644,40.11493428439299],[-110.9395466152472,40.11490177145544],[-110.9394398140203,40.11491793298144],[-110.939324734308,40.11500616706258],[-110.9390523638645,40.1151429703286],[-110.9388374488596,40.1153293562351],[-110.9385733392311,40.11541210499041],[-110.9382516887423,40.11553806866804],[-110.9380438562549,40.11567490393991],[-110.9378641565302,40.11584508953516],[-110.9376221195899,40.11616930582478],[-110.9373061194902,40.11652591621215],[-110.93723439955,40.11667363515369],[-110.9372202154911,40.11678444580406],[-110.9371342859491,40.11707000416814],[-110.9370330649721,40.11739339454537],[-110.9368826147491,40.11765188873663],[-110.936682834869,40.11795360193366],[-110.9364678022414,40.11824990063258],[-110.9361952581781,40.11855247397919],[-110.935894593889,40.1188045772473],[-110.9355798804534,40.11901883151668],[-110.9354224897529,40.11916109581558],[-110.9352568202582,40.11937002643394],[-110.9350712360449,40.11954020429341],[-110.9349420343755,40.11965545487728],[-110.9347412818215,40.11973192366936],[-110.9344628987229,40.11999034245087],[-110.9342116385691,40.12011092884428],[-110.9339826013512,40.12030810909051],[-110.9335681585369,40.12048355959795],[-110.9329095114176,40.12075797316736],[-110.9327158809979,40.12074704929761],[-110.9324799482172,40.12079015813651],[-110.9322874636512,40.12080716402357],[-110.9321723817763,40.12087827263509],[-110.9319854200612,40.1212412504343],[-110.9317494076348,40.12136184041147],[-110.9314418105274,40.12147698178259],[-110.931235104474,40.12162912169752],[-110.9309768675293,40.12167401614399],[-110.9306833509136,40.12178916388486],[-110.9304825533675,40.12189896080437],[-110.9303038346839,40.12222319943729],[-110.9301029457512,40.12242038887098],[-110.9298750903017,40.12259053278909],[-110.9297306792307,40.1226454038876],[-110.9296237781055,40.12274444470138],[-110.929580224158,40.12287055278421],[-110.9294814475063,40.12305699162865],[-110.9294155541752,40.12322182736359],[-110.929142926252,40.12355591742594],[-110.9289138037112,40.12380984801326],[-110.9287139536249,40.12412776438322],[-110.9285845882911,40.1243808546939],[-110.928498722517,40.12456189484598],[-110.9283482250956,40.12481947662835],[-110.9283903262555,40.12496275543555],[-110.9284689035016,40.12501776260384],[-110.9284617236828,40.12514929844111],[-110.9284122977483,40.12527540240385],[-110.9283898081887,40.12545648160531],[-110.9283404386607,40.12552852792381],[-110.9283402314762,40.12572583818521],[-110.9283681800995,40.12593487834678],[-110.9283748646877,40.12627544559128],[-110.9283676732032,40.12641779291349],[-110.9282818383698,40.12656639828003],[-110.9281737097926,40.12670868303067],[-110.928166546293,40.12682400153216],[-110.9281311041786,40.1270438138996],[-110.9280734604091,40.12716991257572],[-110.927908992134,40.12731306301918],[-110.9278443465079,40.12740041591908],[-110.9276728235443,40.12755437315003],[-110.9275154311201,40.12766419191025],[-110.9273651216429,40.12773527360204],[-110.9270351764759,40.12786120063835],[-110.9267075417008,40.12802046372517],[-110.9264057619921,40.12814730774357],[-110.9262049865946,40.12821295008018],[-110.9261697752851,40.12821292763754],[-110.9259186012781,40.12821276723616],[-110.9257190234506,40.1282558854889],[-110.9255323434193,40.12831072417497],[-110.9253456266182,40.12839889806483],[-110.9251177759205,40.12853569691399],[-110.9247948769674,40.12865081058175],[-110.9246715331601,40.12874443027703],[-110.9246092593382,40.12880475408559],[-110.9245234063384,40.12895966331138],[-110.9244656455732,40.12918396472483],[-110.9244654889926,40.12932541535898],[-110.924416093557,40.12941457817912],[-110.9241917407868,40.12956759474481],[-110.9240931281246,40.12958464839129],[-110.9239065044421,40.12958452591681],[-110.9238278713146,40.12957816750232],[-110.9235485771966,40.12952933161722],[-110.9233983525357,40.12951751986665],[-110.9232774763041,40.129501222568],[-110.9228831022208,40.12950096062321],[-110.9225685235408,40.129516967997],[-110.9221260006294,40.12953919527192],[-110.9218960304283,40.12946786455713],[-110.9217962952365,40.12943986748785],[-110.9217176666092,40.12942990380328],[-110.9213596786172,40.12942966126104],[-110.9210158150322,40.12939519076382],[-110.9208655963347,40.12937887093155],[-110.9205804375655,40.12932912291981],[-110.9203222875932,40.12926858127031],[-110.9201791443814,40.12922433565244],[-110.9199080577338,40.12918630816379],[-110.9194995752706,40.12920764798167],[-110.9191990488218,40.12925158573378],[-110.918833935828,40.12932160529903],[-110.9186120279393,40.12938271484257],[-110.9184829240725,40.12937721827787],[-110.9180756278217,40.12938684142635],[-110.9178537786988,40.1293983967547],[-110.9175169115199,40.12940356307412],[-110.9171741822001,40.12940331846087],[-110.9171025977718,40.12939245572085],[-110.9169312660454,40.12936530414989],[-110.9168092530592,40.12932016856281],[-110.9167306989672,40.12924983722124],[-110.9166216952977,40.12912452534127],[-110.9165091741647,40.12899650793992],[-110.9164013196405,40.12889191875877],[-110.9163521779492,40.12876574885476],[-110.9163088851361,40.12865580043716],[-110.9162526274078,40.12858998967525],[-110.9160731429695,40.12851327812562],[-110.9159217470306,40.12850235678707],[-110.9158513519061,40.12847978165325],[-110.9157444960412,40.12851844524852],[-110.9155437572767,40.12854532783411],[-110.9154509790341,40.1285894071847],[-110.9153933641544,40.1286722534424],[-110.9153216924536,40.12873256538908],[-110.915164305464,40.12881984333562],[-110.9149060116912,40.12888001816238],[-110.9146278329408,40.12888521918776],[-110.9144705542534,40.12888510313734],[-110.9143049972854,40.12893453355444],[-110.9141699772806,40.12896776908864],[-110.914074871686,40.12899472736624],[-110.9137754879698,40.12906117589552],[-110.91345963152,40.12915914494418],[-110.9131097142574,40.12927420581987],[-110.9129383143061,40.12930200685402],[-110.9126166780396,40.12932879341034],[-110.9124441814775,40.12929622856224],[-110.9122728252174,40.12928979216244],[-110.9120298553013,40.12929591457274],[-110.9117293097032,40.12935064444483],[-110.9112643921604,40.12944308802725],[-110.9109485362282,40.12953654541954],[-110.9106197541937,40.12964080349284],[-110.9102264524106,40.12971708087399],[-110.9100256711349,40.12977188361366],[-110.9097602994159,40.12985276353118],[-110.9095817873678,40.12993100780872],[-110.9093245492764,40.13007315834997],[-110.9091025212411,40.13021623691765],[-110.9088664229576,40.1303475915059],[-110.9085082091947,40.13051218471286],[-110.9081922560563,40.13067140455803],[-110.9078986185954,40.13081892880885],[-110.9075051201311,40.13103304361776],[-110.9072044517691,40.13116974896566],[-110.9068180815124,40.1313180970788],[-110.9065174623647,40.13141696036803],[-110.9061311425165,40.13152656495679],[-110.9060219300928,40.1315643166878],[-110.9058951632183,40.13156421374608],[-110.9056874288141,40.13154782748017],[-110.9054011208393,40.13148182390182],[-110.9052145759161,40.13142130707014],[-110.9050937483134,40.13137075436953],[-110.9048861214475,40.13127778517933],[-110.9047359716893,40.13121189170275],[-110.9046140466232,40.13110728001342],[-110.9044862758442,40.1309864460973],[-110.904357369649,40.13083858230689],[-110.9042283881369,40.13074477589473],[-110.9040500625363,40.13068426397762],[-110.9038787251834,40.13066249885745],[-110.9036850179888,40.13068936671048],[-110.9035699278799,40.13073341796465],[-110.9034841508799,40.13079911657252],[-110.9034195714491,40.13081528000886],[-110.9031705872077,40.13091958342729],[-110.9029462895688,40.13099687820756],[-110.9027114288777,40.13107326271904],[-110.9025822137893,40.13114432991279],[-110.9025398876491,40.13119384708435],[-110.9022674731799,40.13126479332395],[-110.9020667197776,40.13129255347957],[-110.9018307546184,40.13131938248375],[-110.9015736056466,40.13138493427067],[-110.9013376230398,40.13142347473039],[-110.9011720269438,40.13148910358699],[-110.9009934864089,40.13157724513125],[-110.900814993872,40.13163205093348],[-110.9004992580728,40.13162637432717],[-110.9004417776096,40.13160289997538],[-110.9003068877745,40.13153881579848],[-110.9001708204728,40.13147743332781],[-110.8999701131498,40.13147275533964],[-110.89973421275,40.13145453214395],[-110.8994337368151,40.13144886584385],[-110.8993480174042,40.13147221632481],[-110.8991332356256,40.13146031697561],[-110.8989548966801,40.13141060872563],[-110.8985900206387,40.13129947174632],[-110.8983107698897,40.13122895202019],[-110.898103080066,40.13118462243863],[-110.8978742547458,40.13114567960591],[-110.8977099945476,40.13110138760965],[-110.8974812590761,40.13100298073836],[-110.8973593373893,40.13090376717295],[-110.8973735877804,40.13079386271381],[-110.8974455009249,40.13058490375371],[-110.8974891597885,40.13043177924285],[-110.8974824394702,40.13021734485592],[-110.8974685278323,40.13010200967926],[-110.8973818687553,40.12997039278178],[-110.8973607997167,40.1299316328356],[-110.8973174703483,40.1298658243533],[-110.8972037250052,40.12979454761182],[-110.8970887735529,40.12974489272399],[-110.8969608785323,40.12971684924406],[-110.8968458851655,40.12969512383486],[-110.8966534431343,40.12966161674362],[-110.8963237086711,40.12960546250591],[-110.8960737775744,40.12955658665141],[-110.8959516997811,40.12956278375421],[-110.8957520909163,40.12961125607936],[-110.8954222041741,40.12965510568947],[-110.8952719579078,40.12966037567539],[-110.8950782917614,40.12966020037683],[-110.8948575020093,40.12974288844357],[-110.8947705969432,40.12977434310618],[-110.8945052113865,40.12985248516931],[-110.8943361680741,40.12986854833478],[-110.8941049333452,40.12987374288377],[-110.8937258061998,40.12987970230829],[-110.8932469309925,40.12987295514771],[-110.892981727011,40.12983396910197],[-110.8925886371181,40.12976242935029],[-110.8922882645554,40.12969638029536],[-110.8920595259546,40.12960787325253],[-110.8917732822412,40.1295148072311],[-110.8916665685031,40.12945434313953],[-110.8913440551457,40.12928916532506],[-110.8912081483636,40.12913497357838],[-110.8910160085649,40.12891495868246],[-110.8908870749881,40.12880492015316],[-110.8907228422924,40.12874980673804],[-110.890579674654,40.12873345427623],[-110.8902933135117,40.12871696607781],[-110.8901079023722,40.12869426628724],[-110.8898719400988,40.1287219719017],[-110.8896923263105,40.12874342400039],[-110.8895337941307,40.12879282569209],[-110.8893564281512,40.12887554469445],[-110.8891625959767,40.12897896974555],[-110.8888548650235,40.12911111593326],[-110.8885753126212,40.12923698169541],[-110.8884037849723,40.12933682308743],[-110.8883532542121,40.12937371374078],[-110.8882885442422,40.1294682521297],[-110.8882178783516,40.12961594136576],[-110.8881027535103,40.12967619449842],[-110.8879524445177,40.12971929524223],[-110.8877587589851,40.12973082016298],[-110.8876449793678,40.12968656279853],[-110.8875946171334,40.12962074385606],[-110.8875372036939,40.12956032380305],[-110.8874445264064,40.12953140304955],[-110.8873083898967,40.12952136009831],[-110.8871945215553,40.12953115979762],[-110.8870301155895,40.12958145329213],[-110.8867859149434,40.12961995609476],[-110.8866426745918,40.12964684477116],[-110.8862999173446,40.12966272603916],[-110.8859700981172,40.12966240175506],[-110.8857270884288,40.12969009197848],[-110.8855768307905,40.12970165609394],[-110.8852186856542,40.12979410054394],[-110.8848606216445,40.12983789213426],[-110.8846822517069,40.12981519066155],[-110.8846036205054,40.12980970657782],[-110.8844733815298,40.12978254793386],[-110.8843173586647,40.12973283939417],[-110.884252868954,40.12969403368302],[-110.8841954951128,40.12961198897813],[-110.8840888537631,40.12951277670534],[-110.8840173220069,40.12947396381318],[-110.8839035161281,40.12944682098374],[-110.8837450334003,40.12946378023666],[-110.88346568557,40.1294634994755],[-110.8830008620868,40.12947834712485],[-110.8826510609299,40.12949511143744],[-110.8822719085528,40.12951634965872],[-110.882135738612,40.12952612171046],[-110.881790622566,40.12954829395114],[-110.8816062982208,40.12957603541478],[-110.8813844158463,40.12960283716274],[-110.8811331413166,40.12965753807599],[-110.8808830778664,40.12969061665304],[-110.8806259150245,40.12975612192587],[-110.8804180091457,40.12984420149436],[-110.8802101027309,40.1299322806875],[-110.8799669281147,40.13005185654863],[-110.8797871617197,40.13015618141763],[-110.8795944740534,40.13026589833043],[-110.8793864681458,40.13040893447697],[-110.8792066807841,40.13052406993222],[-110.8789857348533,40.13068240816857],[-110.8787413208256,40.13083621661011],[-110.8785697074555,40.13097388361606],[-110.8783827879622,40.13113766211957],[-110.8781325021373,40.13129146309624],[-110.8779469108183,40.13136784920761],[-110.8776957045665,40.13137929665544],[-110.8775607719318,40.13135122432828],[-110.8774822188161,40.13130158847434],[-110.8774177703687,40.13124115598248],[-110.8773170245833,40.1311311322303],[-110.8772034667044,40.13096613626767],[-110.8771603832203,40.13077418617481],[-110.8771324013506,40.13066964517069],[-110.8770608820907,40.130625422246],[-110.8769388413309,40.13060907535206],[-110.8767675129135,40.13058727013445],[-110.8765527363321,40.13057622987341],[-110.8763027881834,40.13054262766],[-110.8760586779285,40.13052614938899],[-110.8757229366802,40.13055281837227],[-110.8752792794105,40.1305415299049],[-110.8747921638448,40.13054641003456],[-110.8745069131054,40.13056231855382],[-110.8742920556465,40.13059542103608],[-110.874119403116,40.13065559779233],[-110.8739337874128,40.13074368992835],[-110.8737832938396,40.13088047186869],[-110.8735037983389,40.13095674848112],[-110.8733393604979,40.13101693304252],[-110.8732464897857,40.13109431395511],[-110.8731102433843,40.13114281656776],[-110.8730386440973,40.13114273809479],[-110.8727664849401,40.1310604520831],[-110.8724731887303,40.13098354791441],[-110.8722948806746,40.1309283928907],[-110.8721870386592,40.13085169235376],[-110.8720803216558,40.13080112078697],[-110.8720088461011,40.13073527176218],[-110.8718517478049,40.13063689343101],[-110.8715725818301,40.13053747862098],[-110.8712441397141,40.13042719684588],[-110.8710001554634,40.13034493799675],[-110.8707785684783,40.13021224988354],[-110.8704572674459,40.13005152009584],[-110.8701782276078,40.12988813391635],[-110.869992945373,40.12979963201102],[-110.86979233287,40.12974895288291],[-110.8694918860894,40.12973329837491],[-110.8692489973064,40.12969428313228],[-110.8690061295575,40.12964445588665],[-110.8687410548438,40.12954595113566],[-110.8683270998066,40.12935267581814],[-110.8681406773035,40.12924885332944],[-110.8678335973557,40.12902326332228],[-110.8676401901048,40.12889060133516],[-110.8675194876243,40.12879225869214],[-110.8672686869791,40.1285991660957],[-110.8668617401857,40.12842841754419],[-110.8664969625819,40.12830186321662],[-110.8663681121159,40.12817017445234],[-110.8662183191501,40.12794476150998],[-110.8659897707571,40.12777962158353],[-110.8658397531738,40.12766953076641],[-110.8655833076642,40.12736741177549],[-110.8653396683241,40.12711936470214],[-110.8648109752348,40.12679530405085],[-110.8644321600019,40.12665160855859],[-110.8641752977709,40.12656391445085],[-110.8640111908835,40.12645921048109],[-110.8637744262932,40.1262994622589],[-110.8636246675978,40.12606323441173],[-110.8635898662658,40.12585867543444],[-110.8636394645342,40.12570647154605],[-110.8636619081584,40.12563442114099],[-110.8636397723668,40.12555240768593],[-110.8635459892772,40.12549733864164],[-110.8633182989953,40.12549707014409],[-110.8628887607084,40.12548575087941],[-110.8626247758456,40.12544129098417],[-110.8625461623847,40.12543038618205],[-110.8623104893838,40.12531478329763],[-110.8620171076614,40.1252982168353],[-110.8617811805578,40.12530874702698],[-110.8616309194637,40.1253247848836],[-110.8614444193902,40.12526960332334],[-110.8612591463913,40.12518829508028],[-110.8611876450125,40.12514316137964],[-110.8610657297848,40.1250718393138],[-110.8608005189398,40.12505440260098],[-110.8606432714478,40.12504340196653],[-110.8603790538437,40.12511425960605],[-110.8601629888059,40.12516895750595],[-110.8600350363427,40.12518051542467],[-110.8597627723057,40.12516847357377],[-110.8596700757592,40.12515754976513],[-110.859505717661,40.12517987450541],[-110.8590762397162,40.1251406114017],[-110.8587688223076,40.12510149562076],[-110.8584615042847,40.12501462824265],[-110.8581891850348,40.1250296114379],[-110.8578100256852,40.12506248207588],[-110.857652733568,40.12507310037644],[-110.8574742478977,40.12511612695778],[-110.8572088606276,40.12518337208109],[-110.8568154005988,40.12531893131127],[-110.8563069297998,40.12544984175707],[-110.8559346589405,40.12555389066419],[-110.8555495719989,40.12561287437207],[-110.8552618946723,40.12567378049981],[-110.8550470185038,40.1257185597695],[-110.8549036915862,40.12578415039014],[-110.854703819303,40.12594787457392],[-110.8544884520457,40.12622239704714],[-110.8543517444754,40.12648530557565],[-110.8542939630329,40.12661226827585],[-110.8542586352639,40.12666718239227],[-110.8542010671538,40.12669413873606],[-110.8541154461943,40.12666700210879],[-110.854057972439,40.12664981145348],[-110.8540004620899,40.12664973896621],[-110.8539439133132,40.12674877327787],[-110.8538720486035,40.12687481703907],[-110.8537133269557,40.12700255299204],[-110.8535558905402,40.12707803466557],[-110.853398616358,40.12707783568373],[-110.852998602266,40.12697822301878],[-110.8526985294932,40.12679674876141],[-110.8526846709038,40.12669221975987],[-110.8527919617639,40.12646711615125],[-110.852806317949,40.12634099997437],[-110.8525425018897,40.12621993570391],[-110.8522421722698,40.12615918858463],[-110.8520065728872,40.12601653604172],[-110.8517488568324,40.12579006540329],[-110.8514698459819,40.12564195041964],[-110.8512551971982,40.12558131059171],[-110.8508913619605,40.12558084272263],[-110.8505614425867,40.12563537605614],[-110.8502819902355,40.12568997370231],[-110.8500669939938,40.12578790023008],[-110.8499164259885,40.12594176940321],[-110.849801951596,40.12622722537988],[-110.8495075637629,40.12666651175826],[-110.8492348220098,40.12686887303938],[-110.8489200552668,40.12696756844888],[-110.8485406128282,40.12712113699692],[-110.8482610065454,40.12724149962813],[-110.8479393912716,40.12725188931089],[-110.8477317706618,40.12719665795642],[-110.8475102251696,40.12707023205307],[-110.8473534306877,40.12685559700228],[-110.8473467070126,40.12671323644802],[-110.8473329916796,40.12654834267067],[-110.84728302755,40.12632303676298],[-110.8470615483144,40.12616868030644],[-110.8468822231245,40.12605852621267],[-110.8467826209691,40.12598721862805],[-110.8467112619202,40.12588261281537],[-110.8466762968317,40.12577355034368],[-110.8466768048881,40.12554740999474],[-110.8467123708869,40.12538888806655],[-110.8467773044101,40.1252186924967],[-110.8467778849406,40.12496011764861],[-110.8467358682015,40.12485555064983],[-110.8464568355974,40.12472364083132],[-110.8462633563422,40.12464680252312],[-110.8461272642209,40.12462409777613],[-110.8458125908994,40.12468404360886],[-110.8453546320164,40.12478794440228],[-110.8450681616614,40.12483170857958],[-110.8447535233513,40.12487543429204],[-110.8445247376271,40.12484179184575],[-110.8444107827608,40.1248902906672],[-110.844346067634,40.12496228053442],[-110.8442448334414,40.12509368463717],[-110.8440661211234,40.12523219203701],[-110.8437865167958,40.1253516429471],[-110.8435504484326,40.1254225001459],[-110.843321471183,40.12547174340998],[-110.8431711930461,40.12549316305172],[-110.8430210018553,40.1254767422859],[-110.8428638185669,40.1254386887925],[-110.8427137812265,40.12535559677786],[-110.8425990162783,40.12524552370377],[-110.8424562108739,40.12508045379465],[-110.8424564895664,40.12495972549166],[-110.8424496764474,40.12486061058689],[-110.8424417021801,40.12475608833822],[-110.8424935817829,40.12465254846493],[-110.8425079566021,40.12452643356048],[-110.8424578975618,40.12434977723567],[-110.8423654317638,40.12424063520434],[-110.842072607963,40.1239870663802],[-110.8417152868475,40.12371178562138],[-110.8412796668063,40.12329404469874],[-110.8409239230093,40.12284848207217],[-110.8406451160227,40.122628264381],[-110.8404447613682,40.12248563674061],[-110.8402737097444,40.12235926646071],[-110.8401450118884,40.12218880731717],[-110.8400751762297,40.12194094669577],[-110.8401248915598,40.12175992221658],[-110.8403543580618,40.12149715819252],[-110.8404049509886,40.12144226930965],[-110.8404615023325,40.12134864729479],[-110.840505348274,40.12116761454748],[-110.8404342481915,40.12095849367758],[-110.8403983537875,40.12075032223896],[-110.8402917900387,40.12065106963063],[-110.8400489377824,40.12061739892882],[-110.8398623117061,40.12062885352435],[-110.8395266307666,40.12064460618992],[-110.8390757055003,40.12075930351457],[-110.8386175966506,40.1209334524919],[-110.8383379044421,40.12109343345918],[-110.8379439858192,40.12141632788365],[-110.8376499090704,40.12170152059721],[-110.8375556419721,40.12186085847275],[-110.8374555064324,40.12202018803079],[-110.8373481720755,40.1222452775197],[-110.8371251289999,40.1227612145207],[-110.8370742829805,40.12292061303084],[-110.8369812531746,40.1230520223662],[-110.8367872916874,40.12318328942757],[-110.8365582243475,40.12327126051704],[-110.8364009849793,40.12326022697989],[-110.8361079106608,40.123121965646],[-110.8359861725564,40.122989352102],[-110.8359165201437,40.12267121434633],[-110.8357808559825,40.12247371167863],[-110.8355805401884,40.12231936319193],[-110.8354445605644,40.12225339993398],[-110.835394202062,40.12220918129674],[-110.8352739689012,40.12194052405381],[-110.8351736638483,40.12168180560588],[-110.8350098114855,40.12149507341272],[-110.8348024696774,40.12133620874321],[-110.8347169330068,40.121280227131],[-110.8346176146932,40.12109989317781],[-110.8345827958212,40.12093947241539],[-110.8346837220083,40.12045580050396],[-110.8347493307556,40.12001712612827],[-110.8347355795319,40.11988016042762],[-110.8345441284841,40.11946184113187],[-110.8344434823744,40.11934637427981],[-110.8344793553119,40.11907163240006],[-110.8345374444993,40.11883025780278],[-110.8345463384552,40.1185500715629],[-110.8344166218456,40.11832464585971],[-110.8341951954931,40.11817116565279],[-110.8339020137528,40.11808785711818],[-110.8335303379918,40.11795037736331],[-110.8332454123298,40.11785086172649],[-110.8329660575232,40.1178729832064],[-110.832707706829,40.11794378626634],[-110.8323647264154,40.11806942492639],[-110.8322928709357,40.11817923817956],[-110.8321986516075,40.11831604782469],[-110.8317836340836,40.118623574532],[-110.8316471788794,40.11875491659715],[-110.831532858204,40.11895206086354],[-110.8313670475492,40.11908966661424],[-110.8311378934092,40.11921546729072],[-110.8309158891,40.11929713085442],[-110.8307081702455,40.11929682741245],[-110.8301145700203,40.11920856498132],[-110.8294003569128,40.1190156104129],[-110.8291800162354,40.11890086357096],[-110.8287008521338,40.11857490886339],[-110.8281797741802,40.11811825060011],[-110.8279009027575,40.11794755486144],[-110.827435567277,40.1177270278981],[-110.8267007982328,40.11731959721021],[-110.8264220460269,40.11710475096017],[-110.8263003512198,40.11696672141115],[-110.8260650054716,40.11675824611194],[-110.825943337271,40.11661030564385],[-110.8258444028639,40.11629121654034],[-110.8258664359203,40.11593446888618],[-110.8259455079861,40.11575890022921],[-110.8260468621555,40.11558877075112],[-110.8261903489173,40.11546285153747],[-110.8262483129455,40.11528094424784],[-110.8260691739439,40.11512210610292],[-110.8258840856664,40.11499569335646],[-110.8256903236787,40.11504945960848],[-110.8256045192857,40.11510428910551],[-110.8254249468273,40.11511573107644],[-110.8250313967221,40.11528451800837],[-110.8248879498008,40.11539421853908],[-110.824665314184,40.115723633676],[-110.8245360611307,40.11578920812958],[-110.8243434368742,40.11585558730496],[-110.8237847285005,40.11590339051769],[-110.8232696625678,40.11586476532555],[-110.8229551523263,40.11586969074989],[-110.822555077712,40.11583574291102],[-110.8222898683334,40.11583533628227],[-110.8218404629146,40.11581842854243],[-110.8216326817731,40.11584603854332],[-110.8213461773822,40.11591136715095],[-110.8209443107398,40.11611346291061],[-110.8208091858953,40.11617902411994],[-110.8206937357902,40.11634912716632],[-110.8204575586887,40.11646408435356],[-110.8201569234372,40.11654650637102],[-110.8200276930134,40.11660126427802],[-110.8197060382067,40.1166440101546],[-110.8194478667685,40.11664360797186],[-110.819304784823,40.11661095021736],[-110.8189763775602,40.11654466719779],[-110.8185388063632,40.11648902380026],[-110.8181964503693,40.11637316383277],[-110.817810940532,40.11615812921227],[-110.8175039970368,40.11596574116435],[-110.8172182384227,40.11575086169409],[-110.8170260370242,40.11565685820565],[-110.8168538724589,40.11553045146625],[-110.8166688437448,40.11538780679755],[-110.816311243609,40.11527101614838],[-110.8157611914359,40.115154819373],[-110.8151535504339,40.11507186366833],[-110.8146384517714,40.11504941735108],[-110.8141795479996,40.11507571084434],[-110.8137439610802,40.11515789963921],[-110.813249459961,40.11532738508862],[-110.8128771496123,40.1154421072466],[-110.8124838365006,40.11551264708623],[-110.8122972818536,40.11550153335699],[-110.8120036844832,40.11558304466516],[-110.8118461043887,40.11570351761992],[-110.8118177270559,40.11578095420592],[-110.8117451155455,40.11615383425486],[-110.8116588586526,40.11636812283832],[-110.8115933911166,40.11670317399344],[-110.8115069215967,40.11699404380881],[-110.8114768249379,40.11726878801669],[-110.8113832831935,40.11757045773306],[-110.8112254557371,40.11777832263121],[-110.8109526189767,40.11798690059594],[-110.8108386643273,40.11803086162924],[-110.8105589691964,40.11817275633167],[-110.8102650051803,40.1183812981003],[-110.810100482094,40.11846301591484],[-110.8099642740293,40.11849072229412],[-110.8097789329107,40.11846248823986],[-110.8095573932832,40.11836932517451],[-110.809257537136,40.11816521451357],[-110.8090570622521,40.11809370824456],[-110.8088142498884,40.11805456634753],[-110.8084777703113,40.11793868738942],[-110.8084192633173,40.11787822622754],[-110.8083995889908,40.11777998891543],[-110.8084717276189,40.11758279773598],[-110.8086367303795,40.11732990038297],[-110.8086510146207,40.11725784708437],[-110.8086161930553,40.11712084343748],[-110.8084945620958,40.11697288473446],[-110.8083024477607,40.11685093713838],[-110.8082453000987,40.11672470795148],[-110.808194978514,40.11667507175237],[-110.8080813332989,40.11660911331268],[-110.8079241748631,40.11657641817557],[-110.8076662373775,40.11649310167446],[-110.8074812888354,40.11632791846162],[-110.8073300471473,40.11627811408599],[-110.8072162177029,40.116277924669],[-110.8070154092258,40.11632714311838],[-110.8067443612757,40.11631587962626],[-110.8063218859323,40.11632057967821],[-110.8059570836201,40.11626501041722],[-110.8054418071128,40.11630288731306],[-110.8050700443788,40.11621937376319],[-110.8049199601784,40.11617587491862],[-110.8046199238551,40.11604292783701],[-110.8041699633104,40.11581152178121],[-110.8038491049423,40.11557492692063],[-110.8036630723856,40.11538270691189],[-110.8034486568679,40.11526702016354],[-110.8032774116043,40.11523789865634],[-110.8029699725164,40.11523287124582],[-110.8027984855202,40.11528753803939],[-110.8025762518903,40.1154412238504],[-110.8023683703536,40.11550123372995],[-110.8020526870223,40.11550610039188],[-110.8016594253268,40.11555498047716],[-110.8012449117751,40.11564796986853],[-110.8008512965209,40.11581757542966],[-110.8006361951028,40.1159379341923],[-110.8005150225608,40.11604133610685],[-110.8003925602476,40.11618437796867],[-110.8002839395685,40.11640943104529],[-110.8001403715064,40.11654612950512],[-110.8001049368865,40.11662445198333],[-110.800232305816,40.11681026976215],[-110.8002881202422,40.11698605345855],[-110.8002679148631,40.11707341185234],[-110.8001242134723,40.11725515810403],[-110.7999877636054,40.11736483980295],[-110.7998736762008,40.11745203595358],[-110.7995940718508,40.11755606396638],[-110.7993932541695,40.11760526916704],[-110.7991136007406,40.11772551323071],[-110.7988057339133,40.11786192490712],[-110.7983769099435,40.11802605504547],[-110.7980901452016,40.11816880827175],[-110.7978748367698,40.11835493163882],[-110.7976089822369,40.11856889606937],[-110.7974232209845,40.11868389430011],[-110.7970377131905,40.11888052979931],[-110.796856561194,40.11902346497784],[-110.7967057436042,40.11922591653425],[-110.7962462387196,40.11983505949362],[-110.7960814801026,40.11998883380111],[-110.7958733823584,40.12011460171104],[-110.795479943992,40.1202121123172],[-110.7952369482204,40.12023420697077],[-110.7950292756353,40.12021762232647],[-110.7949366640455,40.12018412284119],[-110.7947151906979,40.12007381328765],[-110.7945723467127,40.11996364280382],[-110.794379023826,40.1198587882966],[-110.7940790545018,40.119705092018],[-110.7936934034201,40.11955574716771],[-110.7934284445073,40.11946788169347],[-110.7933146616722,40.11945056043862],[-110.7930715859954,40.11949967923341],[-110.792898690902,40.11962550469718],[-110.7927548332294,40.11985048754082],[-110.7926334392745,40.12002055181907],[-110.7925248197498,40.12023478592085],[-110.792445221004,40.12055358335272],[-110.7923084698591,40.12075605432509],[-110.7921715313623,40.12101979010681],[-110.7921146973814,40.12118456387529],[-110.7918847444519,40.12154633698766],[-110.7917340742303,40.12169382364755],[-110.7914685563063,40.1217870457514],[-110.7912750484644,40.12174255010873],[-110.7910829985058,40.12160525785165],[-110.7909192009729,40.12144008650781],[-110.7908049460427,40.12119301702507],[-110.790634479,40.12090710451405],[-110.7905421893547,40.12076909068134],[-110.7905343116329,40.12065915924836],[-110.7905279420562,40.12044021431151],[-110.7905286857988,40.12019785725581],[-110.7904295716984,40.11998955604386],[-110.7903077924857,40.11990104147484],[-110.7899655175742,40.11976888100157],[-110.789429607271,40.11963636762002],[-110.7892418383335,40.11963602607726],[-110.7890504652032,40.11966270648604],[-110.7887849181002,40.11976673394823],[-110.7886484785095,40.11986559071403],[-110.7882539218156,40.12032075608887],[-110.7880809486551,40.12046819724497],[-110.7877725516938,40.12076404854353],[-110.7876933056517,40.1209621146078],[-110.7876355452226,40.12104399611209],[-110.7875356198592,40.1210987714286],[-110.7872712693362,40.12119288701885],[-110.7871773012736,40.12121884223309],[-110.7870268943157,40.1212789300947],[-110.7869139714959,40.12136161074264],[-110.786811543147,40.12146593364663],[-110.7866057541586,40.12159709486824],[-110.7865256767552,40.12168434044852],[-110.7865743308903,40.12188804715399],[-110.7865388666526,40.12196996918232],[-110.7864164856563,40.12207425494783],[-110.7861873236805,40.12217293773421],[-110.78609450487,40.12220610186796],[-110.7857084273159,40.12219367566893],[-110.7852788360354,40.12220999824444],[-110.7847427793957,40.12212070904524],[-110.7846990948006,40.12220351618645],[-110.7845779211496,40.12229608976392],[-110.7842689337023,40.12240002600136],[-110.7840114100102,40.12255901597236],[-110.7835457564161,40.12284375098227],[-110.7832869184413,40.12304598295611],[-110.7831585222182,40.12319440104213],[-110.7829495342755,40.12358953101854],[-110.7826831938104,40.12393500018721],[-110.7824742352913,40.12431931778794],[-110.7823457860516,40.12448305115518],[-110.7821881130477,40.12460979006316],[-110.7817512046255,40.12470717215747],[-110.7812777156528,40.12486574878764],[-110.7810415152545,40.12495810132],[-110.7806621609784,40.12504027178016],[-110.7805259424674,40.12506343866913],[-110.7803757357559,40.12505684719977],[-110.7801692636079,40.12502852571431],[-110.7798760637768,40.12496219874069],[-110.77954651643,40.12488499032413],[-110.7792966202932,40.12485658461558],[-110.7790820386867,40.1247958111851],[-110.7787892322353,40.12460875359598],[-110.7779685473222,40.12398101602594],[-110.7774757916701,40.12356833160494],[-110.7771622315565,40.12327041191318],[-110.7764703852545,40.12273120552077],[-110.776205672715,40.12257122436852],[-110.7758130357834,40.12241189600977],[-110.7755621040774,40.12234473894933],[-110.7750763756402,40.12230055054688],[-110.7748404640986,40.12230549790288],[-110.774511674366,40.12235981679024],[-110.7740958019598,40.12248514076277],[-110.7737811119499,40.12253407931443],[-110.7735155305469,40.12263807162066],[-110.7733238886332,40.12274130709621],[-110.7732146502882,40.1227690230003],[-110.7731079807052,40.12273007279084],[-110.7727928110721,40.12256998498267],[-110.7726569639858,40.1224823252682],[-110.772501021871,40.1224378720057],[-110.7722864178989,40.1223878974468],[-110.7719706618211,40.12240439442029],[-110.7716698911672,40.12250200648399],[-110.7713419939256,40.12263920645186],[-110.7707386629793,40.12301641689417],[-110.7702656486278,40.12337856642123],[-110.7701068641471,40.12348096076776],[-110.7697423336019,40.12369016024208],[-110.769305020688,40.12390371840242],[-110.7690184329582,40.12396891724433],[-110.7685745966159,40.12402839549986],[-110.7680872616967,40.12410940799128],[-110.7677444111923,40.12415286796396],[-110.7673713227347,40.12445934642913],[-110.7671770517754,40.12464094990079],[-110.7670119363195,40.12487666927655],[-110.7669470874603,40.12496393188229],[-110.7668259187612,40.12504657627299],[-110.766689436898,40.12514540696011],[-110.7664813650438,40.12524319219632],[-110.7663379946099,40.12529696059685],[-110.7660878154184,40.1253523150605],[-110.765944345571,40.12543491347692],[-110.7657152573194,40.12550022031131],[-110.7654499556013,40.12551590058161],[-110.7651271477554,40.12553056267362],[-110.7649416667794,40.12554279979402],[-110.7646917371889,40.12552517402404],[-110.7644488652073,40.12550305727188],[-110.7642342389015,40.12545847352725],[-110.7640619017692,40.12540316403155],[-110.763898916731,40.12535868485951],[-110.7636900627917,40.12534204161925],[-110.7631977118118,40.12551131730127],[-110.7628451770698,40.12563673026248],[-110.7625018766756,40.12580630809732],[-110.7623009109822,40.12588337831048],[-110.7621436215545,40.12588846113063],[-110.7620006454051,40.12582780311388],[-110.7617007263738,40.125673122312],[-110.7614723040276,40.12554651775139],[-110.7613011236791,40.12549661228939],[-110.7611567263557,40.1255071260981],[-110.7607343609738,40.1257981651332],[-110.7605837690784,40.12590146424849],[-110.7601672133199,40.1262078295103],[-110.760023772557,40.12627960912049],[-110.7599028087084,40.1263009814296],[-110.7598112816241,40.12629538588639],[-110.7596306351302,40.12626708135265],[-110.7594372499479,40.12619009827232],[-110.7592158530083,40.12606890962367],[-110.7589452998957,40.1259088769914],[-110.7587521935889,40.12575350987591],[-110.758553054133,40.12564497974763],[-110.758445195708,40.12561141933369],[-110.7583020479546,40.12560030916227],[-110.758202287204,40.12560010092047],[-110.7578511691002,40.12565432583369],[-110.7571133719677,40.12586090246204],[-110.7567549335378,40.1259925911995],[-110.7563822939691,40.12615668348702],[-110.7560460975155,40.12630373311466],[-110.7558311390194,40.12635283287269],[-110.7557172931638,40.12635259279255],[-110.7555589059907,40.12633604132961],[-110.7553733501364,40.12636808406671],[-110.7550923679988,40.12649993122522],[-110.7547510773853,40.12675688333299],[-110.7543896727568,40.12705793876469],[-110.754103793122,40.12724473162528],[-110.7539814181969,40.1273309638033],[-110.7538675707253,40.12733072190001],[-110.7537598290007,40.12726472285166],[-110.7536885269389,40.12718348490426],[-110.7535890046442,40.12711660221762],[-110.7534740033803,40.12711095171797],[-110.7532954637477,40.12714931276791],[-110.7531167250907,40.1272426316243],[-110.7528295304682,40.12746725880784],[-110.7527072482206,40.12752736201929],[-110.7524496548255,40.12767997472886],[-110.7523191560181,40.12774005996414],[-110.7522275655033,40.12775157651354],[-110.7520774736305,40.12771251406256],[-110.7519553114525,40.12773928124966],[-110.751855704877,40.12769582183508],[-110.7517341031359,40.12756852599419],[-110.7514420984845,40.12717868532901],[-110.7512713056608,40.12702335367335],[-110.7510134149749,40.12693540647652],[-110.7508565433817,40.12682515209086],[-110.7507291128821,40.1266879320882],[-110.750600591537,40.12652818561346],[-110.7505574851374,40.12644069973319],[-110.7503582645056,40.12635738221986],[-110.7500287244504,40.12628549562137],[-110.7497425909011,40.12621910764548],[-110.7493567361275,40.12614169167485],[-110.749056543074,40.12606896485982],[-110.7488069341906,40.1259648134189],[-110.7486427045652,40.12594193311115],[-110.7485134391827,40.12598579948644],[-110.7483264615026,40.12608449882942],[-110.7480903523093,40.12613894400761],[-110.7478331999951,40.12617081890604],[-110.7476110308269,40.12626403470347],[-110.7474532927631,40.126389825124],[-110.7470806488449,40.12654848168469],[-110.7468222372935,40.12660287556283],[-110.7466787850923,40.12667373764216],[-110.7464931003916,40.1267391013503],[-110.7463287658788,40.12674414726632],[-110.746107246424,40.12666167456255],[-110.7459782262279,40.12663886766246],[-110.7456850128732,40.12658326564827],[-110.7454352224549,40.12652865930659],[-110.7451773647736,40.12643439247331],[-110.744978006006,40.12638980665037],[-110.7447772042789,40.1264172940364],[-110.7447207064109,40.12646041555292],[-110.7446839721073,40.12655403432474],[-110.7446764581712,40.12668015203547],[-110.7446608700607,40.12676841165974],[-110.7446254136996,40.12683410349395],[-110.7444606065205,40.12696527998585],[-110.7444026238694,40.12709128629837],[-110.7443515177156,40.1272614547504],[-110.7442145262209,40.1274863920138],[-110.7441425800036,40.12757993282005],[-110.7440001918931,40.12767872364322],[-110.7438849436867,40.12773883307837],[-110.7436993989348,40.12776545136599],[-110.7434986400643,40.12778032319442],[-110.7433342147399,40.12780878958848],[-110.743190817428,40.12786343018836],[-110.7431330385346,40.12793447780258],[-110.7429896000796,40.12799992956704],[-110.7427538502516,40.12795616011761],[-110.742582698094,40.1279008213247],[-110.7423550931422,40.12756515847811],[-110.7421261941776,40.12726192680895],[-110.7418561094619,40.12698743356626],[-110.7416777848962,40.12665728493158],[-110.7415444776663,40.1262173194645],[-110.7416176915062,40.12578952722431],[-110.7417831046454,40.12549888631914],[-110.7421562315903,40.12521411355583],[-110.7424642678923,40.12507154642368],[-110.7424142159973,40.12496151807196],[-110.74225011347,40.12490619444533],[-110.742206957548,40.12483492260134],[-110.7421581003021,40.12471949103789],[-110.7421795797754,40.12462583908084],[-110.7422139453647,40.12453852251775],[-110.7421437348355,40.12448340769188],[-110.742008868956,40.12445607855353],[-110.7418293675937,40.12443856031878],[-110.7416522101829,40.12442194799401],[-110.7415725088182,40.12439384043213],[-110.7415011662737,40.12432791117678],[-110.741294307601,40.1240968036575],[-110.7412371960463,40.12399216476761],[-110.7411520201778,40.12386043434131],[-110.7409948570763,40.12383305418327],[-110.7408727386141,40.12384899828415],[-110.7406868678301,40.12396390507205],[-110.7405709346534,40.1242051025677],[-110.7405631188657,40.12440870188954],[-110.7405990221045,40.12453491662801],[-110.7406196476343,40.12466650289322],[-110.7405686811712,40.12479792880129],[-110.740433085448,40.12496250053299],[-110.7401461538966,40.12510961441391],[-110.7399018226828,40.12516492541499],[-110.7397945605303,40.12528541301247],[-110.7396431992459,40.12558238938605],[-110.7393855428699,40.12574578443783],[-110.7391412741994,40.12578397574199],[-110.7390850867613,40.12574510792532],[-110.7388559946781,40.12549772875305],[-110.7387279182549,40.12553618113009],[-110.7385776285475,40.12555205924523],[-110.7384694004057,40.12561758491345],[-110.7384982998803,40.12573297294734],[-110.7385048999425,40.12584831062352],[-110.7383176767906,40.12600735750464],[-110.7379026997067,40.12618210612876],[-110.7378792823551,40.12647306291176],[-110.7380426842997,40.1270167109156],[-110.7380131105992,40.12707700826887],[-110.7379270721643,40.12717051333286],[-110.7377979464787,40.12717562681166],[-110.736896451732,40.12720151200178],[-110.7363522540452,40.12740299015073],[-110.7351988450267,40.12792201379718],[-110.7349835237431,40.12805936795825],[-110.7348403328238,40.12805904019698],[-110.7347398222254,40.12794889305362],[-110.7346992575146,40.12751453798376],[-110.734577726742,40.12737731376907],[-110.7336567968025,40.12696886700668],[-110.7332015255529,40.12663806810345],[-110.7327013467901,40.1260873297519],[-110.7326164637026,40.12588441801752],[-110.7326596824425,40.12563765499822],[-110.7329340151072,40.12511573162683],[-110.7329627783579,40.12496353584433],[-110.732927854659,40.12489047761515],[-110.7329212182728,40.12478685199758],[-110.7329728480438,40.12448965448876],[-110.7329651895722,40.12434728525908],[-110.7328870287288,40.12422637646354],[-110.7326093937841,40.12409419572486],[-110.7322656940703,40.12404925466932],[-110.7313428368508,40.12414532212159],[-110.7309344567968,40.12413356255167],[-110.7305921912604,40.124022849831],[-110.730119629605,40.12391813925691],[-110.7298262663119,40.12390664374728],[-110.7290461751265,40.12410753714266],[-110.7283807498524,40.12410057266204],[-110.7281004072595,40.12406117357907],[-110.7279374706864,40.12401123816944],[-110.7277734900974,40.12392886554082],[-110.7275240800204,40.12378502648448],[-110.727373337795,40.12362069713065],[-110.7273024273919,40.1234502488623],[-110.7272959580687,40.12330698108423],[-110.7273175654504,40.12318630339786],[-110.7273978964087,40.12305495242951],[-110.7274841202729,40.12291730855225],[-110.7275267873413,40.12281289764167],[-110.7275199399376,40.12276422971884],[-110.72742751304,40.1226919354654],[-110.7273349711632,40.12264847157139],[-110.7271778849221,40.12260395461534],[-110.7270123422496,40.12261978180159],[-110.7266409789292,40.12274504018983],[-110.7263468518971,40.12292543843543],[-110.7261092518275,40.12305731781311],[-110.7257077041783,40.12339152438781],[-110.7254992025268,40.12358293473064],[-110.7253059350267,40.12377978658089],[-110.725190165559,40.12396691146736],[-110.7249736023603,40.1244105702974],[-110.7248086072338,40.12458045964662],[-110.724542456586,40.1248050667116],[-110.7243998022875,40.12496419709044],[-110.7239186930573,40.12523243796007],[-110.7236677031906,40.12547960310015],[-110.7233526316197,40.12561039091542],[-110.7229638340127,40.12597705277911],[-110.7226987356816,40.12622868682574],[-110.7223289968906,40.12710173098993],[-110.7223866545746,40.12735413766391],[-110.7222200578937,40.12791413448671],[-110.7221831159089,40.12805099158305],[-110.7220536278528,40.12814438057723],[-110.7211513087719,40.12836745112709],[-110.7210864643577,40.12843847070085],[-110.7211645494476,40.12886120826978],[-110.7211410818559,40.12914675559225],[-110.7209972367994,40.12930587877634],[-110.7205814319328,40.12966706155644],[-110.7203595061127,40.12968904985167],[-110.7200876976941,40.12956766479026],[-110.7197466179207,40.1291659134201],[-110.7185386263412,40.12865214041629],[-110.7182403063125,40.12841536388166],[-110.7180695887979,40.12797528064603],[-110.7166385414542,40.12635186435128],[-110.715747229724,40.12562440823929],[-110.7152754619497,40.12533223962691],[-110.7149907698555,40.12521081086289],[-110.7146892635953,40.12518123779034],[-110.7144388324706,40.12528693372335],[-110.7143227636766,40.12581821321914],[-110.7140592858972,40.1270762023655],[-110.7137494583207,40.12762952652146],[-110.7133958054121,40.12827644102145],[-110.7130662229895,40.12850086451991],[-110.7127443746819,40.12856043086781],[-110.7121574740554,40.12857068609065],[-110.7115857543769,40.12832150012586],[-110.7114936340501,40.12817891923969],[-110.7114802467912,40.12801401049057],[-110.7116018339597,40.1278494379349],[-110.711745534121,40.12772906725557],[-110.7118105283251,40.12762471781944],[-110.7117607143539,40.12746962897869],[-110.711562868295,40.12734930890527],[-110.7112964425911,40.12734864504269],[-110.7108513250973,40.12769350263952],[-110.7106216613927,40.12788032836956],[-110.710540952804,40.12836844614893],[-110.7104111921199,40.12852218563395],[-110.7100612414811,40.12856545699714],[-110.7095948867616,40.12865708721687],[-110.7090881501563,40.12858463970707],[-110.7085014413151,40.1285498289654],[-110.708273624799,40.12830239272655],[-110.7080590963906,40.12824148791852],[-110.7072715924461,40.12822868855832],[-110.7070071587866,40.12831000707159],[-110.706525438747,40.12869890230401],[-110.7062318691887,40.12873149345308],[-110.7058462640529,40.12860438050912],[-110.7056677213737,40.12863636137779],[-110.7047202745234,40.12923849253407],[-110.704411024923,40.12963863000608],[-110.7042101039792,40.12968766970252],[-110.7041187686083,40.12963788368955],[-110.703918413365,40.12928599795313],[-110.703761190443,40.12927298247223],[-110.7035461581427,40.12932829163015],[-110.7033319492129,40.12973407520565],[-110.7032343190733,40.13032215066944],[-110.7034187181456,40.13083436717626],[-110.7034180093385,40.13099743874269],[-110.7032797511778,40.13148089895451],[-110.7031635280568,40.13175539324063],[-110.7033494385049,40.13192074488422],[-110.7041075753721,40.1322190995243],[-110.7047708111766,40.13247846611898],[-110.7048917180055,40.13274816062705],[-110.7054268295207,40.13305134380548],[-110.7060124146391,40.13335555360138],[-110.7063053953183,40.13346441189968],[-110.7064115895577,40.13360883437439],[-110.7063827556122,40.133762825008],[-110.7059966882876,40.13400870787561],[-110.7055286388599,40.13421113505195],[-110.7048063978107,40.13429128341463],[-110.7038341035886,40.13410770848675],[-110.7033258025003,40.13411721891875],[-110.7029744057178,40.13421542348635],[-110.7028447855729,40.13433041350221],[-110.7027872970749,40.13459334552002],[-110.7028001621418,40.13487357625954],[-110.7025841609048,40.13514691272759],[-110.7024684748159,40.13529617446047],[-110.7023039005835,40.13535070990348],[-110.7021679539985,40.13530080770541],[-110.7010778091244,40.13441866461864],[-110.7005218991256,40.1337748457452],[-110.7003379596997,40.13342840226782],[-110.6998723632507,40.1317360991366],[-110.6991905857782,40.13062975596285],[-110.6991562912771,40.13042154560158],[-110.6991859860653,40.13007565488343],[-110.6995911414319,40.1289604195129],[-110.6999436687486,40.12860004919121],[-110.699930071627,40.12848919609893],[-110.6998155048145,40.12838528899572],[-110.6995517361173,40.12831342929466],[-110.6991794319534,40.12836742127533],[-110.6988851845826,40.12855315493827],[-110.6986976670983,40.1287562837792],[-110.6983963067997,40.12895731396685],[-110.6967471491148,40.12976747340463],[-110.6965473520158,40.12982641327984],[-110.6963820014556,40.12979354540956],[-110.6961402887412,40.12951271351815],[-110.6961337599798,40.1293973737595],[-110.6961704861298,40.12932088868321],[-110.6963285215663,40.12915102211022],[-110.696357328065,40.12900784530466],[-110.696235579227,40.12893635033557],[-110.6960430430901,40.12894665665847],[-110.6956911965707,40.12914934918858],[-110.6954268422143,40.12920901844318],[-110.695284384556,40.12930684812724],[-110.6952753317031,40.12949422357753],[-110.695165510414,40.12990567235497],[-110.6946551512716,40.130381835546],[-110.6940424275381,40.13143523995836],[-110.6936032801566,40.13199357362495],[-110.6932510047332,40.13254763091491],[-110.6932963543007,40.13342618453492],[-110.6931819016592,40.13355832209339],[-110.6929809612074,40.13360734220163],[-110.6926680551553,40.13349659542637],[-110.6922809295217,40.13344601475713],[-110.69130104386,40.13339385422722],[-110.690899160979,40.13349188756271],[-110.6905476517027,40.13361167709262],[-110.68988346438,40.13357115921771],[-110.6893184009837,40.13341558096648],[-110.6887608785048,40.13340867818211],[-110.6878518230302,40.13326928594995],[-110.6876879473693,40.13316973881427],[-110.6875191669382,40.13260348228679],[-110.6873556442706,40.13242735424198],[-110.6866625910334,40.13202996081068],[-110.6862638760492,40.13169462609449],[-110.6861729189492,40.13130967076345],[-110.6862163132291,40.13106202500327],[-110.6865692777588,40.13062421443609],[-110.68674814048,40.13052559303208],[-110.6871994075944,40.13040608445067],[-110.6873360145643,40.13030734799249],[-110.6873578186969,40.13015964978102],[-110.6872799593574,40.1299891585369],[-110.6871473650962,40.12972481976835],[-110.6866744440995,40.12944874907912],[-110.6859960240138,40.12919464339404],[-110.685431901221,40.12909941284388],[-110.6847217283336,40.1291145998593],[-110.6842998082734,40.12923417882188],[-110.6835318745556,40.12980869588417],[-110.683108061108,40.13033459724945],[-110.6827261933346,40.13067321274448],[-110.6825461717513,40.13101958809358],[-110.6823706114679,40.13192006423403],[-110.6822195019782,40.13210614787139],[-110.6819834208156,40.1321388352393],[-110.6816184358992,40.13212611994111],[-110.6814751067413,40.13215365548721],[-110.6812231516089,40.13231783742],[-110.6811092460013,40.13232833531067],[-110.6808374722357,40.13221226408408],[-110.6803231447969,40.13200722909902],[-110.6801669423374,40.13177615271086],[-110.6802972373166,40.13152424439178],[-110.6803120694743,40.13136481586077],[-110.6802408804445,40.13127722644324],[-110.6799602284564,40.13130347991739],[-110.6797973863941,40.13123725988495],[-110.6797839483641,40.13109937622713],[-110.6798923638064,40.13100777828106],[-110.6802866519775,40.13077732137036],[-110.6803801959313,40.13060279380355],[-110.6803019989766,40.13050797741043],[-110.6796159577603,40.13037994744426],[-110.6786730184851,40.12997100306443],[-110.6782947342445,40.1297942660962],[-110.6773667072118,40.12946193389024],[-110.6768312539962,40.12901536778882],[-110.6764670386573,40.12884406983849],[-110.6759038694728,40.12855148578063],[-110.6739154456469,40.1283377828082],[-110.673314410629,40.1283577119137],[-110.6725287486298,40.12820683494843],[-110.6723925181812,40.12822356785529],[-110.6718767691097,40.12832571789356],[-110.6708605327408,40.1282849939174],[-110.6699944839996,40.12849695727502],[-110.6696153799865,40.1284958763816],[-110.6692640211453,40.12858226639074],[-110.6689985250321,40.12863106054586],[-110.668461982717,40.12866286122405],[-110.6669100406235,40.12848182024365],[-110.6665028209468,40.1284698367993],[-110.6662232389817,40.12851858402724],[-110.6659090812599,40.12867714768023],[-110.6656061822808,40.12893304641216],[-110.6650182999745,40.12914127057181],[-110.6638273171094,40.12978560797907],[-110.6635333722596,40.12988926540586],[-110.6632049174798,40.12985047044764],[-110.6628619436686,40.12966207334876],[-110.662499146112,40.12921053785714],[-110.6622637436051,40.12910624146949],[-110.661949190345,40.12910532370832],[-110.6615837611349,40.12918624357328],[-110.6612032892932,40.12945992318651],[-110.6610661586469,40.12965683162344],[-110.6610653665565,40.12981629877564],[-110.6612367849344,40.13004203969155],[-110.6615137057147,40.13029511747862],[-110.6615491081023,40.13049343156782],[-110.6615621874135,40.13069618519162],[-110.6612527593674,40.1310799892682],[-110.6612149285362,40.13137088778966],[-110.6611075986611,40.13147508479181],[-110.660728285814,40.13151271533432],[-110.6593477747992,40.13131045217268],[-110.6591121808855,40.13124398905287],[-110.6586251318107,40.13123174288521],[-110.6579746301982,40.13127937617787],[-110.6561932198346,40.1312083314202],[-110.6554350419248,40.13119436564498],[-110.6543459797324,40.13138933079103],[-110.6541030968315,40.13137238837185],[-110.6537107567289,40.13120093496826],[-110.6533461168674,40.13112236173656],[-110.6531090214306,40.13112165178505],[-110.6528160313413,40.13126402597264],[-110.652729536546,40.13142323603766],[-110.6525188197016,40.1320046222057],[-110.6523101147404,40.1321904938861],[-110.6509895083582,40.13290007931807],[-110.6505437098152,40.13331137314332],[-110.6500174368124,40.1340782999099],[-110.6495001711677,40.13446054300195],[-110.6489136816218,40.13460742426339],[-110.6481909047481,40.13455027243093],[-110.6478971111401,40.13461605031615],[-110.6473091077177,40.13482778770269],[-110.6467078641112,40.13487550763227],[-110.6464288397249,40.13480888624717],[-110.6459071523442,40.13468115838451],[-110.6458285077382,40.13468091789038],[-110.6454493469124,40.13468426245446],[-110.645034076727,40.13485957777602],[-110.6446821383252,40.13504499645438],[-110.644494329336,40.13504442006059],[-110.6444244738393,40.13493428891606],[-110.6439820969636,40.13467976102666],[-110.6433962248911,40.13470588806397],[-110.6430089839798,40.13468307202056],[-110.642644794602,40.13474141189234],[-110.6422577449149,40.13490599285049],[-110.6418911162585,40.1349814409824],[-110.64139101389,40.13499160585214],[-110.6405761166497,40.13481879878835],[-110.6400896876024,40.13468484746313],[-110.6398396683319,40.13468407016273],[-110.6395246521579,40.13476597800322],[-110.6394387361536,40.13480895643848],[-110.6386282976347,40.13512536881961],[-110.638204327288,40.13538802521362],[-110.6379673441832,40.13558459399874],[-110.637665067607,40.13591880430295],[-110.6372685659912,40.13653291602087],[-110.6372306297581,40.13682380597177],[-110.6373147103724,40.13712679052978],[-110.6372282054918,40.13727968207764],[-110.6367908387111,40.1376296839241],[-110.6363890315777,40.13769419276461],[-110.6361879523505,40.13775933099637],[-110.635658631821,40.13774144965206],[-110.6353942792999,40.13778476447731],[-110.6349352716122,40.13800855732794],[-110.6345972312119,40.13822101768314],[-110.6339740221501,40.13841725979541],[-110.6332133218569,40.13864009181166],[-110.6330198916747,40.13880975959964],[-110.6330609684534,40.13902972292348],[-110.6333606781527,40.1393982620683],[-110.6333958869541,40.13961820667428],[-110.6330062611459,40.14003411491235],[-110.6328031881536,40.14046773164726],[-110.6326730599052,40.14065291574197],[-110.6323707299909,40.1409880126572],[-110.6319312800596,40.14149745831219],[-110.6316999340994,40.14194720031139],[-110.6318482705479,40.14230445019453],[-110.631934251604,40.14246959827954],[-110.6318833932337,40.14253971110667],[-110.630810827742,40.1424606163508],[-110.6299874753297,40.14232014233826],[-110.6292370650727,40.14236729467306],[-110.6286347506136,40.14238158183984],[-110.6283496033643,40.14235904411855],[-110.6277772369286,40.14226350643275],[-110.6274406787894,40.14219665441709],[-110.6269621945545,40.1421077213928],[-110.6261325898438,40.14203927623464],[-110.6257236764074,40.14189470347718],[-110.6250183030917,40.14165096557396],[-110.6245244757383,40.14157818998336],[-110.6240382063741,40.14162526384033],[-110.6238304529296,40.14161918342658],[-110.6236875383182,40.14156376083759],[-110.623338169447,40.14126711174015],[-110.6230957823318,40.14115550561323],[-110.6229454971417,40.14115952114958],[-110.622794833273,40.14123200783995],[-110.6227437472156,40.14134175793564],[-110.6227151497394,40.14141824594268],[-110.6226221962712,40.14145668412341],[-110.622486117035,40.14143912243689],[-110.6220643269583,40.1412899900035],[-110.6209204050597,40.14117092873708],[-110.6203547065612,40.14114655164352],[-110.6200123520647,40.14106884757899],[-110.6193693806271,40.14079735041101],[-110.619233419248,40.1407590633245],[-110.6190468645698,40.14074133161795],[-110.6185528790268,40.14090908503756],[-110.6181012626768,40.14105715506876],[-110.6175932108946,40.1412203532147],[-110.6170117266459,40.14149862851018],[-110.6167453135209,40.14169505621062],[-110.6166151647705,40.14187571731779],[-110.6164703101867,40.14216624605059],[-110.6161758402898,40.14234095657164],[-110.6156744118297,40.14257624457245],[-110.6153226338198,40.14271202164319],[-110.6149783303396,40.14277124134767],[-110.6146354190954,40.14279172361073],[-110.6145710308379,40.14275997590608],[-110.6142358899171,40.14244442675993],[-110.6139665428301,40.14212008643325],[-110.6137807919247,40.14195999807387],[-110.6135817561824,40.14186563478174],[-110.6133166955659,40.14182150416144],[-110.6129953230244,40.14177087807094],[-110.6127099511723,40.14158252541526],[-110.6121894597279,40.14124652925264],[-110.6118184587409,40.14104707613255],[-110.6116405227487,40.14095908690776],[-110.6113614468427,40.14090319239467],[-110.6112114389483,40.14085854206963],[-110.6111544210981,40.14077005704646],[-110.6111696018401,40.14057820462534],[-110.6112874624485,40.14008397603589],[-110.6114603486789,40.13982147736817],[-110.6115412513139,40.13942622950661],[-110.6115505161175,40.13903614701051],[-110.611431639765,40.13867896993241],[-110.6112254883664,40.13839357616593],[-110.6110252978409,40.13829830360876],[-110.6108749823868,40.1383086100746],[-110.6107607069104,40.13838030244683],[-110.6105730243699,40.13856166441021],[-110.6104588201807,40.13862074334713],[-110.6102864578904,40.13858592712282],[-110.6100876531277,40.13845371844803],[-110.609796192817,40.13810226513051],[-110.6095034255358,40.1379796493044],[-110.6092170675902,40.13796787186759],[-110.6089374378027,40.13801107471595],[-110.6087652027694,40.13815915057585],[-110.608347795955,40.13848208351511],[-110.6080610944738,40.13852976509857],[-110.6078396127998,40.13846324554539],[-110.607669462468,40.13824824187692],[-110.6077066084624,40.1381168282548],[-110.6077855415923,40.13806754308251],[-110.6077935948043,40.13789188408141],[-110.6077225546548,40.13779343933255],[-110.6075654507212,40.13775957169916],[-110.6074431787092,40.13779249262463],[-110.6074076832637,40.13784102387984],[-110.6071037260001,40.13823551236626],[-110.6067158184608,40.13853060987878],[-110.6063506529502,40.13874920219727],[-110.6060569318108,40.13879235017522],[-110.6057848189078,40.13875268309896],[-110.6055915114933,40.13868625515796],[-110.6054565171807,40.13868579530666],[-110.6052408085894,40.13883912350074],[-110.6050680937797,40.13886556325707],[-110.6048617124505,40.1388270191192],[-110.6047394737826,40.13885363060756],[-110.6045888950987,40.13890897576427],[-110.6041873673854,40.13912113038348],[-110.6038846937653,40.13929037594428],[-110.6037343437179,40.13930607874629],[-110.6034202221469,40.139223016519],[-110.6030416695124,40.13911720871957],[-110.6026554660792,40.1391158842109],[-110.6023832226404,40.13909873257133],[-110.6020185327251,40.1390317100909],[-110.6017966083687,40.13904175864438],[-110.6015107844833,40.13913897953694],[-110.6010936272858,40.13941233455549],[-110.6002557459472,40.14076628317682],[-110.6000826822507,40.14105128826268],[-110.5999222077357,40.1413912947987],[-110.5997494000994,40.14163215346362],[-110.5996911063424,40.14176349132585],[-110.5997114438208,40.14209871670192],[-110.5997448850204,40.14240155298892],[-110.5998152100126,40.14262072796283],[-110.5998501482785,40.14286861115138],[-110.5997771214083,40.14310981454369],[-110.5995946419999,40.14359750093808],[-110.5996787589822,40.14386717707458],[-110.5998922391211,40.14409855915638],[-110.5999554221255,40.14433482743548],[-110.5999907844667,40.1445106356475],[-110.599960209354,40.14471955137443],[-110.5998734790544,40.14489493776264],[-110.5997660344942,40.14499907711965],[-110.5996436188444,40.14505361214465],[-110.5987046896618,40.14540713989383],[-110.5975221097329,40.14566701514631],[-110.5968261373726,40.14582946862353],[-110.596647206704,40.14591083229967],[-110.5964814518875,40.14614630471102],[-110.5962786513833,40.14649156407765],[-110.5962494673328,40.14666174257687],[-110.5962413565014,40.14684190503347],[-110.5962893578871,40.14706280603899],[-110.5963811294424,40.14742621025713],[-110.5963788257979,40.14781541416219],[-110.5963911596662,40.14811187085388],[-110.5963321391552,40.14836393208987],[-110.5962016248828,40.14859502206821],[-110.5958921061974,40.14891828552656],[-110.5956045027898,40.14910918453816],[-110.5954187743672,40.14914727675735],[-110.5952886214473,40.14911889238703],[-110.5951688371023,40.14912387939236],[-110.5950601083287,40.14924422695626],[-110.5948707268559,40.14969944686671],[-110.5944808686447,40.15030262178563],[-110.5942872128257,40.15048844071891],[-110.5938774200623,40.15069152053228],[-110.5933331439234,40.15080403136113],[-110.5927247817423,40.1508343275182],[-110.5923454222055,40.15085551642687],[-110.5921727367489,40.15087112551144],[-110.5911687473906,40.15128562726444],[-110.5908396486233,40.15134392774516],[-110.5904958381751,40.15131027807058],[-110.5903741994682,40.1512323658859],[-110.5901187933711,40.1509458600281],[-110.590004167667,40.15087337799292],[-110.589790779414,40.15082397078911],[-110.5894969689585,40.1508715810307],[-110.5889946413989,40.15103557446928],[-110.5885849058355,40.15122602236841],[-110.5883196070585,40.15141247764804],[-110.5882612828165,40.15154380938259],[-110.5881468635024,40.15163169584717],[-110.5877809281682,40.15176193281922],[-110.5876727814869,40.15178317063832],[-110.5875942484798,40.15176126809942],[-110.5875522157286,40.15172237742178],[-110.5875670350165,40.15160170253661],[-110.5875603556527,40.15154131491033],[-110.5875381788913,40.15151961305139],[-110.5874527053148,40.15148056759039],[-110.5872172822427,40.15138602950243],[-110.5869535455131,40.15131391376156],[-110.5868828660933,40.15135240259095],[-110.5859076803066,40.15146424127593],[-110.5857070110461,40.15144730633593],[-110.5854927239563,40.15135284036415],[-110.5854498855828,40.15125358220299],[-110.5854801029071,40.15111133983816],[-110.5854591065016,40.15108874085323],[-110.5853298542397,40.1511053961635],[-110.5851499577386,40.15114799753064],[-110.5848061238477,40.1513116395394],[-110.584346058556,40.15166676628067],[-110.584243307392,40.15195830606338],[-110.5843271099531,40.15227123748641],[-110.5842908818782,40.15243598175294],[-110.5841118860405,40.15252273140022],[-110.5834662326143,40.15269609638403],[-110.5832880334909,40.15265220950344],[-110.5831094372393,40.15248128661171],[-110.5829391983205,40.15228786972811],[-110.5827457759851,40.15223762051244],[-110.582624474836,40.1522975471695],[-110.5821786132728,40.15263109354834],[-110.5820117505897,40.15284491802036],[-110.5819840060205,40.15296554549383],[-110.5820103310794,40.15307645767497],[-110.5820964805995,40.1531965952982],[-110.5823095614736,40.15329646889024],[-110.5826317031617,40.1534183581022],[-110.5829803440262,40.15381513232336],[-110.583078601642,40.1540677527995],[-110.583098760759,40.15422729393695],[-110.5830980225159,40.15434801888202],[-110.5828153487826,40.15506686158742],[-110.5828420176818,40.15531381854964],[-110.5830246453479,40.1557865752351],[-110.5830239730598,40.15589648896045],[-110.5830083346472,40.15614960015306],[-110.5830719051707,40.15631470327781],[-110.5832998593348,40.15648039805468],[-110.5834419956294,40.1566629017661],[-110.5835618362952,40.15703542595684],[-110.5837605716001,40.15717939187841],[-110.5839329779307,40.15721244577849],[-110.584642281147,40.15719877520566],[-110.5848192804299,40.15724896234711],[-110.5849618941252,40.15735398403254],[-110.5851192736794,40.15754104506284],[-110.5851249480058,40.15776630333878],[-110.5849646936346,40.15805133073547],[-110.5847063101791,40.158253118429],[-110.5844699944415,40.15830182295163],[-110.5842904080438,40.15829036691506],[-110.5842272376416,40.15825139918017],[-110.583884704732,40.15800330795552],[-110.5836629143164,40.15798088784873],[-110.5833477956784,40.15805092955026],[-110.5822803470125,40.15825610434442],[-110.5818650154328,40.15839154990001],[-110.5816558752429,40.15841241730739],[-110.5813201537335,40.15839498673612],[-110.5806469661814,40.15845291436786],[-110.5803243661848,40.15840219322293],[-110.5797245981375,40.15816937421768],[-110.5791605221925,40.15805200363768],[-110.5783946879537,40.15790146159829],[-110.5778155442656,40.15794259708464],[-110.5774290957965,40.15796371118397],[-110.5771062602499,40.1579517211337],[-110.5767708890909,40.15787841965732],[-110.576086240358,40.15751373259054],[-110.5750991840767,40.15725244254034],[-110.5738133124502,40.15689544469046],[-110.5733981346581,40.15681733491597],[-110.5727544066594,40.15686000904347],[-110.5720671430228,40.15691693392744],[-110.5718377266972,40.1569881619614],[-110.5716424028973,40.15723970598552],[-110.5713762795923,40.15735944868179],[-110.5707407021648,40.15741205223801],[-110.5703099879309,40.15737711947302],[-110.5698534732237,40.15715108753669],[-110.5696529734712,40.15710529495114],[-110.5693746199245,40.15711597245262],[-110.5688448559509,40.15714733624294],[-110.5682138041835,40.15722697132726],[-110.5677422762427,40.15714773018563],[-110.566090401764,40.15692712529719],[-110.5644376403199,40.15666324784065],[-110.5639668180693,40.15647497884796],[-110.5637826376853,40.15626526437048],[-110.5636349114566,40.15586378428633],[-110.5633054954211,40.15468139469471],[-110.5633512233624,40.1543247902172],[-110.5635965858806,40.15396353255374],[-110.5641086319279,40.15339425769624],[-110.564189088375,40.15311436445441],[-110.5640839219788,40.1526679973007],[-110.5640490446759,40.15261380886747],[-110.5640058450524,40.1525758062263],[-110.5637198267119,40.15250265275893],[-110.5634264413714,40.15247992413012],[-110.5628184740615,40.1524442950897],[-110.5624261066069,40.15229415592053],[-110.5620121334874,40.15203491848522],[-110.5616257836136,40.15204516885139],[-110.5606588773187,40.15213970805139],[-110.5596185333548,40.15251505694964],[-110.559015479725,40.15280917507536],[-110.5586145809685,40.15288963423171],[-110.5582930874102,40.1528559740257],[-110.5579349166915,40.15286541860475],[-110.5576621337504,40.15292474065384],[-110.5569373857571,40.15333370481115],[-110.5566284839261,40.15334964051682],[-110.5559489273662,40.15330829555509],[-110.5555619646338,40.15341132136338],[-110.5550601476893,40.15366166069219],[-110.5548285507075,40.15388600847469],[-110.5547991128873,40.15407869896685],[-110.5547978597611,40.15427059686263],[-110.5548760884787,40.15451775837329],[-110.5551158777495,40.15483761679832],[-110.5558768296954,40.15572437144543],[-110.5562526024159,40.15626007635094],[-110.5565838468043,40.15696318643133],[-110.55665211383,40.15747969291902],[-110.5565719786625,40.15770462386458],[-110.5561463394743,40.15815346862788],[-110.5556875122843,40.15828865346621],[-110.555509111233,40.15827625639342],[-110.5553944692487,40.15821004681943],[-110.5552385559083,40.15799051692075],[-110.5551392908115,40.15790724808404],[-110.5548745658176,40.15780802703752],[-110.5548471031394,40.15769800541948],[-110.5549775572485,40.15750029761777],[-110.5551218420126,40.15734228465502],[-110.5550864127306,40.15719349157222],[-110.5549376594633,40.15695687067269],[-110.5546459120085,40.15668095876864],[-110.5544537374599,40.15662075667667],[-110.5542963346036,40.15663006136715],[-110.5535069594761,40.1568576637121],[-110.5530825636431,40.15711459944308],[-110.5530674694255,40.15726770288717],[-110.5532218211626,40.15772417984818],[-110.5533353090563,40.15796607258744],[-110.5535697749112,40.15820302599995],[-110.5536615981062,40.15834663120898],[-110.5536741783029,40.15857732316294],[-110.5536447350742,40.15877001317672],[-110.5535361007431,40.15886239229885],[-110.5533364862155,40.1588616224423],[-110.5529130108466,40.15897621074893],[-110.5526415921199,40.15900219094598],[-110.5522263199486,40.15894022205181],[-110.5510827762529,40.15873758492955],[-110.5503804557882,40.15875738364768],[-110.5496932626805,40.15879795880723],[-110.5491843925795,40.15886264903598],[-110.5488487853571,40.15882890765256],[-110.5484774406569,40.15869502039619],[-110.5481417593,40.15849550171229],[-110.547735550659,40.15830741895967],[-110.5474303227183,40.15794314312648],[-110.5473325569693,40.15763553667343],[-110.5473263418984,40.15733369377839],[-110.5472938149732,40.15692723766892],[-110.547216504029,40.15672241947048],[-110.5470168472526,40.15655225974474],[-110.5467167050149,40.15648441478041],[-110.5465007612703,40.15646825305471],[-110.5462363172428,40.15650595794168],[-110.5460228160916,40.15665197610416],[-110.5458269445283,40.15679536016592],[-110.5454019015775,40.15714506312205],[-110.5453445198163,40.15729799949936],[-110.5453436365178,40.15743043583012],[-110.5454920630448,40.15771121429967],[-110.5456540766184,40.15806772575959],[-110.5457171499473,40.15829411191132],[-110.5457970129475,40.15917285225722],[-110.5457579048219,40.15957902761179],[-110.5456632743128,40.159858851987],[-110.5454606504733,40.16013284667525],[-110.544404360881,40.16093054120421],[-110.5441586132149,40.16115481158752],[-110.5440717546132,40.16132474922449],[-110.5439030981201,40.16196105686736],[-110.5438574438972,40.16229062481008],[-110.5437274712358,40.16258562436988],[-110.5435613024599,40.16267416350275],[-110.5433758829328,40.16265631436067],[-110.5431405920708,40.16254547028785],[-110.5424391921896,40.162421973313],[-110.5421255974059,40.16225585974969],[-110.5419263490838,40.16202442840298],[-110.5417768559881,40.16190310955212],[-110.5413556324011,40.16185188953691],[-110.5412053280642,40.16185129406541],[-110.5408404964776,40.16197057520285],[-110.5403580496159,40.16211731779867],[-110.5402211672669,40.16221587884734],[-110.5398391749294,40.16261528415295],[-110.5390102562754,40.16346338461456],[-110.5384608783631,40.16430088127451],[-110.5381558265155,40.16495375438747],[-110.5375210735563,40.16573594783442],[-110.5371323122474,40.16591638614422],[-110.5367457766005,40.16594186873279],[-110.5363743009682,40.16582506031448],[-110.5360749077492,40.16564277023238],[-110.5356977025714,40.16533313347932],[-110.5351841645404,40.16504006630104],[-110.534763185086,40.16495098340219],[-110.5344121417769,40.16493876093578],[-110.5336738154287,40.16506192259025],[-110.5330286704526,40.16512509175929],[-110.5320482721206,40.16509951075658],[-110.5314910089491,40.16501977552941],[-110.5303130602686,40.16452128273996],[-110.5296555730939,40.1643312162244],[-110.5292550581558,40.16434130089086],[-110.5290606958476,40.16442790261875],[-110.5288665170631,40.16465775574149],[-110.5286075606094,40.16474499479576],[-110.5283644430296,40.16474941043398],[-110.5277784290148,40.16458304907478],[-110.5275147554618,40.16433421227418],[-110.5272875242771,40.16408011795648],[-110.5271448673894,40.16399214333628],[-110.5261237046341,40.16375191970305],[-110.5245073094073,40.16349212612337],[-110.5235926384127,40.16330727537885],[-110.5227711625531,40.16306243794201],[-110.5219196092363,40.16292107969971],[-110.5217051102263,40.16286433495336],[-110.5212417143873,40.16263267763762],[-110.5208706701388,40.16246086333665],[-110.5203434516335,40.16228840098029],[-110.5200212606977,40.16218345660313],[-110.519455892431,40.16209281847694],[-110.5189560485073,40.16203578497593],[-110.5179673283876,40.16203167302663],[-110.5178243437336,40.16199233683786],[-110.5176972811509,40.16186026897685],[-110.5174986594488,40.16155221759773],[-110.5173829962432,40.16146884817432],[-110.5170205449058,40.16141237891508],[-110.5167336404581,40.16146613973223],[-110.5161961102717,40.16159092886782],[-110.5160097189705,40.16154600336086],[-110.5157452361702,40.16141876455205],[-110.5155316844323,40.16139534747269],[-110.5153446663048,40.16143871134611],[-110.5149215107989,40.16166217676633],[-110.5149211196744,40.16171713305792],[-110.5150134940472,40.16177247794709],[-110.5155126345258,40.16192772903192],[-110.5155695068056,40.16202166575344],[-110.5155546345534,40.16213151938419],[-110.5154538879185,40.16226263646216],[-110.5151522531252,40.1624055257074],[-110.5148430385608,40.16245828744643],[-110.5142979129441,40.16249384189914],[-110.5140044945601,40.16263676260878],[-110.5137597834254,40.16286547732496],[-110.5136159379685,40.16294685955842],[-110.5134010471462,40.16294595665943],[-110.5131381371475,40.1627628596678],[-110.513081924136,40.16257702769325],[-110.5131114772498,40.16238524972442],[-110.5132570142523,40.1620669254854],[-110.513186601098,40.16189634998756],[-110.5129865899582,40.16178559303219],[-110.5127294299382,40.16178451109477],[-110.5123216505066,40.16182694082271],[-110.5115822541647,40.16209861382278],[-110.5112250102623,40.16213494619691],[-110.5109022848139,40.16210655491931],[-110.5103942738672,40.16204314332201],[-110.509986062142,40.16198195379531],[-110.509701432411,40.16188164442735],[-110.5095586085319,40.16182067593041],[-110.5093006699224,40.16176462515793],[-110.5091867291656,40.16176954792066],[-110.5090572441533,40.16181314549299],[-110.5088495055685,40.16196092114662],[-110.508445852707,40.16224480917618],[-110.508120520708,40.16257767979396],[-110.507809767824,40.16300521112622],[-110.5075852537727,40.16336103243842],[-110.5075047090307,40.16361926229507],[-110.5075326012147,40.16382209450021],[-110.5077090680042,40.16410304012005],[-110.5079287833382,40.16441209869151],[-110.508070069914,40.16468658757699],[-110.5082102158245,40.16495656668906],[-110.5082817938804,40.1651271500547],[-110.5083086316458,40.1653137604661],[-110.5083077151268,40.1654407903763],[-110.508278660641,40.16556139414559],[-110.5081618746142,40.16579694672073],[-110.5081328977433,40.16590673938866],[-110.5080952648384,40.16607685884483],[-110.5080587670424,40.16625238879924],[-110.5079778463201,40.16639980055666],[-110.5074446723673,40.16705162237053],[-110.5070921968412,40.16723661872486],[-110.5068125475401,40.16725705063455],[-110.5064352845041,40.16713471591259],[-110.5062975481262,40.16701880725351],[-110.506179117317,40.16683180582505],[-110.5061726654336,40.16674979197686],[-110.5062913925212,40.16608539812717],[-110.5062503964034,40.16590863734271],[-110.5061503975545,40.16577126663946],[-110.5060863261135,40.16569981837986],[-110.5055947095105,40.16547788865815],[-110.5053939026734,40.16547703102304],[-110.5052996375006,40.16552077479586],[-110.5051207596673,40.16573443620325],[-110.5049620703007,40.16575538059948],[-110.5045611512193,40.16581943501851],[-110.5039116123838,40.16648155397468],[-110.5038095577545,40.16678834015332],[-110.5038574499486,40.16714622198253],[-110.5038900040101,40.16751394848386],[-110.5037595599265,40.16784854231523],[-110.5033841329725,40.16828028882242],[-110.5028290563797,40.16870675804564],[-110.5025588013608,40.1687263190535],[-110.502256249682,40.16866555619301],[-110.5021430539192,40.16856686614422],[-110.5019797692475,40.16841210174665],[-110.5017651448229,40.16837243758918],[-110.5015781780481,40.16840496796583],[-110.5015133115098,40.16844252853696],[-110.5013698427702,40.1686293080041],[-110.5012082504435,40.16904575101086],[-110.5010002352583,40.16922594527166],[-110.5007204506862,40.16926347987405],[-110.5000616272657,40.16926063697272],[-110.4994970780421,40.16921405143366],[-110.4991616886835,40.16898736407265],[-110.4988273500241,40.16877779829917],[-110.4983990313862,40.16857232918541],[-110.4982916800327,40.1684781654404],[-110.4982925290895,40.16836284774369],[-110.4985104275737,40.16811693191183],[-110.4986743917687,40.16801853766496],[-110.4988611136705,40.16801934600432],[-110.498967092019,40.16814053173665],[-110.4991526819316,40.16829539686714],[-110.4994738533986,40.16837877203654],[-110.4997814492055,40.16839181369807],[-110.5000403368253,40.16832085603294],[-110.5000832944612,40.16822824384511],[-110.4999982540232,40.16813417800455],[-110.4996346441723,40.16791277579515],[-110.4990081799259,40.16750373904339],[-110.4987792626148,40.16749193690674],[-110.4985358090829,40.1675404349032],[-110.4982767703394,40.16763211037373],[-110.4976722195526,40.16791599064207],[-110.4969762741233,40.16833010819003],[-110.496142593283,40.16878776865397],[-110.4955509424919,40.16938882760945],[-110.4951543497148,40.1698159502484],[-110.4949716252048,40.1700674187807],[-110.4948611215314,40.17071561917799],[-110.494628692734,40.17117589013561],[-110.4945876816356,40.17179646407377],[-110.4946159460768,40.17194434286436],[-110.4948208534959,40.17218669107552],[-110.4950274643059,40.17235787148892],[-110.4950922907587,40.17248518781808],[-110.4952030466662,40.17275415313078],[-110.4952585111793,40.17319405731031],[-110.4952907733415,40.17338916297685],[-110.4950283735293,40.17334441295168],[-110.4940680237488,40.1731357053022],[-110.4921979561037,40.17286083788839],[-110.4920231065248,40.17284115097429],[-110.4914999345659,40.17275506627261],[-110.4909722614318,40.17264283194303],[-110.4904425107243,40.17249454816847],[-110.4899212126422,40.17231566699653],[-110.4894130317411,40.17211071384791],[-110.4889202902824,40.17188330293449],[-110.4884476388931,40.17163976163212],[-110.4879997753193,40.17138011095958],[-110.4875790619468,40.17110255976286],[-110.4871760968087,40.17080796763918],[-110.4867967315763,40.1704990635525],[-110.4864456093867,40.17018307590914],[-110.4861051074429,40.1698608276942],[-110.4854254712665,40.16919200871141],[-110.4850686469205,40.16885526970113],[-110.4846800366803,40.1685291994846],[-110.4842655057677,40.16821472481797],[-110.4838215108201,40.16791453247204],[-110.4833609287331,40.16763408525791],[-110.4831223333163,40.16750508573929],[-110.4830307556853,40.16745548511695],[-110.4828755526264,40.16737154442947],[-110.4823653550357,40.16713051334666],[-110.4818373885737,40.16691012229838],[-110.4812916117924,40.16671577654625],[-110.4807280310883,40.16654657492074],[-110.480151350129,40.16640163733398],[-110.4795697679718,40.16628370328944],[-110.4789879881069,40.166191892931],[-110.4784096569331,40.16611000561603],[-110.4760961732874,40.16580495046479],[-110.4756525849718,40.16574861526303],[-110.468178290009,40.1648048379399],[-110.466919389894,40.16465669887802],[-110.4666600767761,40.16462937718899],[-110.4656615213471,40.1645274708039],[-110.4650372400869,40.16446872930529],[-110.4637861976612,40.16436834274176],[-110.4625278576066,40.16430034291828],[-110.4612669580047,40.16425934595274],[-110.4606364197043,40.16425010375882],[-110.4529141909447,40.16423549604982],[-110.4515696576102,40.16422733334763],[-110.4508991162521,40.16422775906226],[-110.4411892859216,40.16422157573757],[-110.4395963278303,40.16422045355367],[-110.4394460206499,40.16421972595599],[-110.4378807274664,40.16421033528959],[-110.4365795199735,40.16421752494686],[-110.435922981435,40.16422874343048],[-110.4346366729918,40.16428013025328],[-110.4333806692283,40.16435867950644],[-110.4321208921646,40.16446692787796],[-110.4308643858139,40.16460490986488],[-110.4302342940479,40.16468289616304],[-110.4296017618297,40.16477167837049],[-110.4270970800977,40.16517104491367],[-110.4264844948071,40.16526080970924],[-110.4258744159098,40.16533166380214],[-110.4252691925057,40.16538361889433],[-110.424664150757,40.16541394899833],[-110.4240627912761,40.1654253743721],[-110.4234674783923,40.16541610495353],[-110.4228723411868,40.16538611157307],[-110.4222797516952,40.16533270322949],[-110.4218844132313,40.16528388070417],[-110.4216873313623,40.16525947186935],[-110.4210938987633,40.1651673125353],[-110.4205030155562,40.16505173830418],[-110.4199134543726,40.16491904969322],[-110.4193275411791,40.16477196122801],[-110.4172794910269,40.16422470749105],[-110.4167216872402,40.16408765772666],[-110.4164427206287,40.16402678955924],[-110.4157612685453,40.16386190331309],[-110.4153631215799,40.163772411659],[-110.4147751596381,40.16367475180457],[-110.4137505089173,40.16354568802126],[-110.4128615131257,40.16348262180414],[-110.4126569558805,40.16346816020886],[-110.4121180591223,40.16342812606688],[-110.4112349016146,40.16342363855031],[-110.4099446893858,40.16341022339436],[-110.4082126170122,40.16340678917216],[-110.4064931164516,40.16341609682893],[-110.4048287999652,40.16341286918356],[-110.4030717390769,40.16342013105091],[-110.4030789805957,40.16322349174306],[-110.4030692768187,40.16272251537873],[-110.4030721030698,40.16226574996141],[-110.4030727930358,40.16111434344896],[-110.4030724505605,40.1599467143385],[-110.4030749200431,40.15966473061573],[-110.4031044522505,40.15924233862905],[-110.4031724387884,40.15898772101791],[-110.4032573512299,40.15881157300383],[-110.4032896927453,40.15873876294949],[-110.4034573247077,40.15850267757438],[-110.4036891877976,40.15830656444118],[-110.4039796316268,40.15812516755449],[-110.4043862527224,40.15795157518675],[-110.4060740279822,40.15736291661262],[-110.4067525493176,40.15711232781722],[-110.4071167628921,40.15695292368004],[-110.407445985497,40.15676631089425],[-110.4077318180389,40.15657316859246],[-110.4082709545302,40.15614617295942],[-110.4085672242154,40.15596749706807],[-110.4088797582158,40.15580872429688],[-110.4092096995862,40.15567346414017],[-110.4098905097681,40.1554264722931],[-110.4105196540764,40.15517921340427],[-110.4108698527021,40.15500891464035],[-110.4111613364342,40.15483921718207],[-110.4114412176723,40.15465324294027],[-110.4117035947074,40.15445456580532],[-110.4119473089874,40.15424137811469],[-110.4121700045741,40.15401456897261],[-110.4123740607798,40.15377054678045],[-110.4126010906736,40.15344915920142],[-110.4152524694784,40.14945786187117],[-110.4157030183653,40.14880694810769],[-110.4161709833747,40.14817774309617],[-110.4164190003683,40.14786906675157],[-110.4166822152359,40.14756767401052],[-110.4172308741612,40.14697310709398],[-110.4175198399982,40.14667995052929],[-110.4178240110289,40.14639317631779],[-110.4182451537987,40.14601878603644],[-110.4184888488195,40.14580189017249],[-110.4216847691315,40.14299972384825],[-110.4219888603692,40.14271834374819],[-110.4222836113416,40.14243060958024],[-110.4225632136462,40.1421292848478],[-110.4228288411988,40.14181437550967],[-110.4230723073527,40.14148223707105],[-110.4232947708816,40.14113467734116],[-110.4234985492284,40.14077531177852],[-110.4236290462656,40.14051639749217],[-110.4236859979144,40.14040325125229],[-110.4238536107536,40.14001667649367],[-110.4241644613891,40.13921006977082],[-110.4246644697857,40.13796563886483],[-110.4249327150797,40.13761560033276],[-110.4252314158839,40.13727291992875],[-110.4255698029465,40.13695656318366],[-110.4257531118221,40.13680872527331],[-110.4259443395602,40.13666831412408],[-110.4267552052522,40.13614076958726],[-110.4268815620676,40.1360507592923],[-110.4271449007914,40.13586340304111],[-110.4274949341599,40.13555610768824],[-110.4278087587371,40.13522700951169],[-110.4280817174326,40.13487158104443],[-110.4282961513029,40.13449604205548],[-110.4284847903841,40.13411677153387],[-110.4286862933074,40.13374296985093],[-110.4289404313933,40.13339105020354],[-110.4292413956922,40.13305377600209],[-110.4296007196561,40.13275552939695],[-110.4299985777458,40.13248089608383],[-110.4304302223824,40.1322361589837],[-110.441901918111,40.12601237056367],[-110.4436973724499,40.12503536594846],[-110.4441489236536,40.12478436615072],[-110.4445769850264,40.12453505382845],[-110.4449582169679,40.12427110021899],[-110.4453044288275,40.1239835528087],[-110.4456226548327,40.12367334653454],[-110.4459035210904,40.12333863486722],[-110.4461458762069,40.12297670970648],[-110.4465722151033,40.12221383783158],[-110.4468343741986,40.12186912390921],[-110.4471443612372,40.12155977490917],[-110.4475009441825,40.12129299220943],[-110.4478924752759,40.12105790840668],[-110.4482806068863,40.12080749084631],[-110.4486385587584,40.12051548438992],[-110.4489569351925,40.12018274556061],[-110.4490980527193,40.1200014241016],[-110.4492263335484,40.11981103187147],[-110.4494361490054,40.11940569897207],[-110.4496226009352,40.11898674031248],[-110.4498231542286,40.11856514544294],[-110.4500494127939,40.11815718657816],[-110.4503084171752,40.11776289698623],[-110.4505919454181,40.11738313840123],[-110.4509081825667,40.1170215532718],[-110.4512419458133,40.11666905984394],[-110.4516026081729,40.11632750426001],[-110.451997188409,40.11599962234626],[-110.452416305965,40.11568446845153],[-110.4532649821296,40.11506771965802],[-110.4540984965474,40.11443737875398],[-110.4545082722754,40.11411406453337],[-110.4549052588906,40.11377537240057],[-110.4552765991846,40.1134149353244],[-110.4556117613611,40.11302910022185],[-110.4559235452541,40.11263144186994],[-110.4562072503969,40.112222839342],[-110.4564569815834,40.11180686900056],[-110.4566797078748,40.11139257331812],[-110.4569105303224,40.11099273043434],[-110.4571786753973,40.11062099162756],[-110.4574900167385,40.1102764831997],[-110.4578585412217,40.10997098271008],[-110.4582748834412,40.10970174294562],[-110.458729663954,40.10946781860659],[-110.4592216455328,40.10927731207632],[-110.4597414065267,40.10913468372097],[-110.4602901140712,40.10904083956697],[-110.4608513070594,40.10900020736477],[-110.461398078378,40.10900275129211],[-110.4619236446501,40.10901600560572],[-110.4624364392811,40.10901208008345],[-110.4629401306721,40.10897207181606],[-110.4634359126038,40.10889328358071],[-110.4639144471607,40.10876936555875],[-110.4643722064478,40.10860120260118],[-110.4648067865963,40.10839599149504],[-110.4652111472101,40.10815369998875],[-110.4660074888848,40.10760058289728],[-110.4688735447967,40.10554426272639],[-110.4692651852462,40.10527396887983],[-110.4696354100336,40.10504141583871],[-110.4699970978794,40.10485026657678],[-110.4703610114445,40.10467444262942],[-110.4707377102419,40.10451399222978],[-110.4711518257403,40.10436992868038],[-110.4715939720126,40.10424220876202],[-110.4725086596404,40.10400041663705],[-110.4729697467265,40.10385025376701],[-110.4734227233116,40.10368653781605],[-110.4738596541356,40.10347319452352],[-110.4742814897114,40.10323905902663],[-110.4746847516959,40.10297870996502],[-110.4750682181393,40.10269844869577],[-110.4765980085891,40.10149268225312],[-110.4773920961913,40.1009052393307],[-110.4781977230289,40.10034126777963],[-110.4786139473734,40.10006925078334],[-110.4790441846595,40.09980540392442],[-110.4803922861226,40.09902402165797],[-110.4813497943609,40.0985372906376],[-110.4818174428872,40.0982880162202],[-110.4822687800627,40.09802335069158],[-110.4827026394503,40.09774238807205],[-110.483115508364,40.09744421192141],[-110.4835026329401,40.09713690989397],[-110.4838745510635,40.09682323207985],[-110.4842207999967,40.09649051860909],[-110.4845483437215,40.09614871124933],[-110.4855206279958,40.0950926048829],[-110.4868466906467,40.09363082423343],[-110.4871907723499,40.0932701622957],[-110.4875417941541,40.09292214344637],[-110.4879137855101,40.09259313636665],[-110.4883067464306,40.09228314085771],[-110.4887171510954,40.09199304210642],[-110.489144965966,40.09172734458225],[-110.4895785148085,40.09147878896569],[-110.4899330055125,40.09129177956181],[-110.4900154451059,40.09124826579764],[-110.4904569839456,40.09102857276],[-110.491850905261,40.09035447119446],[-110.4923079225853,40.09010240437814],[-110.492763890608,40.08983321290124],[-110.4932047396673,40.08954593425698],[-110.4936351615825,40.08924058912498],[-110.4940539564762,40.08892077621933],[-110.4944552859793,40.08858286634113],[-110.4948356244319,40.08822774525385],[-110.4952019963919,40.08785724569466],[-110.49554735074,40.08747313900816],[-110.4958716942662,40.0870745244487],[-110.496176200079,40.08666140729242],[-110.4964596953953,40.08623378259492],[-110.4967186549788,40.08579253615272],[-110.4979432071009,40.08356166427798],[-110.4986293214194,40.08228977540028],[-110.4988514635087,40.08190692699061],[-110.4990781624978,40.08154211706483],[-110.4993352675811,40.08118915059042],[-110.4996357061859,40.08084447935848],[-110.4999736530789,40.08050267211655],[-110.5004363259718,40.08010554216411],[-110.500761892015,40.07985197345177],[-110.5012014832733,40.07956285635718],[-110.5016714460758,40.07929008554743],[-110.5021740735569,40.07904087820719],[-110.5027034559151,40.07882151528042],[-110.5032630989455,40.078633813362],[-110.5038331307568,40.07846867728261],[-110.5082826039936,40.07720828259981],[-110.5088280028566,40.07704031440858],[-110.5093501955131,40.07683710780894],[-110.5098468680901,40.07659414850603],[-110.5103051388004,40.0763086794808],[-110.510729595182,40.0759951359634],[-110.5111097080486,40.07564987003435],[-110.5114430998246,40.07527737691268],[-110.5117226635737,40.07488753763596],[-110.5119413506599,40.0744821248222],[-110.5121120107021,40.07406840063719],[-110.512233510339,40.07364095474139],[-110.5122917905825,40.07319792617454],[-110.512316106255,40.07274844782301],[-110.5123967089023,40.06999724424585],[-110.5124187414518,40.06953874637373],[-110.5124572486299,40.06907220911832],[-110.5125273524437,40.0686148144087],[-110.5126723885171,40.06817395220249],[-110.5128923105905,40.06775592877431],[-110.5131835098603,40.06737334203559],[-110.513527319836,40.06701259860839],[-110.5139354085144,40.06668185566161],[-110.514833374883,40.06606035036278],[-110.5157278837234,40.06542801198037],[-110.5161641198525,40.06509377485368],[-110.5165688640047,40.06473507860392],[-110.516944397748,40.06436094271795],[-110.5172977249085,40.06397590148326],[-110.5197075682421,40.06128302164505],[-110.5205939867931,40.06028391848903],[-110.5208827785719,40.0598994998813],[-110.5211209796982,40.05953919749507],[-110.5213112135937,40.05916337999721],[-110.5214605220855,40.05877117574238],[-110.5215641528716,40.05837157492022],[-110.5219526829122,40.05629645207878],[-110.5221381004971,40.05543319036774],[-110.5222829956255,40.054999522123],[-110.522465399599,40.05456690923292],[-110.5226781893283,40.05414793570502],[-110.5233605031412,40.05297588423162],[-110.5266395231261,40.04944852685216],[-110.5271093891028,40.04914501760504],[-110.5275931133802,40.04887129485985],[-110.5280908144739,40.0486102405484],[-110.5286059411395,40.04837177916678],[-110.5291419920051,40.04815862760675],[-110.5302243127838,40.04777920875856],[-110.5338717093265,40.04653078290124],[-110.5348270677755,40.04619585842179],[-110.5352657663971,40.04598499040426],[-110.5356812372155,40.04574159278118],[-110.5360605789955,40.04546651510881],[-110.5363944563801,40.04515341360749],[-110.5366874913052,40.044812217797],[-110.5369174237376,40.04444103708195],[-110.5371017403249,40.04405435718981],[-110.5372169972773,40.04365208470238],[-110.5372783614282,40.04324509201713],[-110.5372164165908,40.04200421082272],[-110.53708455305,40.0403558120569],[-110.537059260439,40.03993585944922],[-110.5378572860694,40.03701900364524],[-110.5388001362719,40.03590826085029],[-110.5391984976152,40.03558369469],[-110.5400500179726,40.03497622032951],[-110.5404821100219,40.03468872333836],[-110.5422367029077,40.03346764601941],[-110.5431023006106,40.03285029385604],[-110.5435320824468,40.03255376652962],[-110.5439431741291,40.03224725335517],[-110.5443635543782,40.03195338881022],[-110.5447932472677,40.03166856900834],[-110.5452463409441,40.03138924525487],[-110.5457333414705,40.0311217652571],[-110.546241440244,40.03085346484353],[-110.5478781881364,40.03005439475734],[-110.5484203770576,40.02976819830132],[-110.5489462902154,40.02946121360308],[-110.5494523877093,40.02913703100084],[-110.5504400872106,40.02846874269264],[-110.5523532919896,40.02713550413587],[-110.553266113022,40.02643897201628],[-110.5537103141183,40.02607488919337],[-110.5541359005799,40.02568910969738],[-110.554976599779,40.02490399111708],[-110.556232417715,40.0237141183995],[-110.5570556478288,40.02290459124426],[-110.5574509426317,40.02248534753918],[-110.5579315190698,40.02192497516423],[-110.5581890576322,40.02160431021853],[-110.5585294646803,40.02115331940696],[-110.5588476430296,40.0206959361263],[-110.559149481146,40.0202276780971],[-110.5597275214905,40.01926673588921],[-110.5602915823296,40.01829042103134],[-110.561161118977,40.01681972521406],[-110.5614629586167,40.01634605496002],[-110.5617892336985,40.01589860450218],[-110.5621445792783,40.01548549991307],[-110.562523234484,40.01509140263692],[-110.5633634485779,40.0143467633931],[-110.5642422478489,40.01361217373583],[-110.5708416166322,40.00816608469396],[-110.5717505098734,40.00746488456912],[-110.5722223660875,40.00713957335004],[-110.5732009996269,40.0065233107309],[-110.5742346911246,40.00590544008668],[-110.5763230674142,40.0046760544279],[-110.5793674803749,40.00285546062457],[-110.5824515464111,40.00103763182034],[-110.582933681222,40.00074024377144],[-110.5833736929845,40.00043369251863],[-110.5837670000851,40.00010084353878],[-110.5841077617531,39.99973897341547],[-110.5843961040084,39.99932736060356],[-110.5851933893264,39.99805533519015],[-110.5854793695861,39.99764461206605],[-110.5858038785725,39.99725474836362],[-110.5861797799001,39.99688939359991],[-110.5863869842146,39.99671894764845],[-110.5868258647061,39.99639886432404],[-110.5870575191975,39.99625283068981],[-110.5875230488029,39.99598059141189],[-110.5877662736704,39.99585802292351],[-110.5885204560778,39.99550481701607],[-110.5890104284331,39.99525698486815],[-110.5894747721582,39.99498473347683],[-110.5899123372197,39.99468445516872],[-110.5907468070258,39.99402518644416],[-110.5920365804677,39.99303145053343],[-110.5924648420121,39.99271581308656],[-110.592912820068,39.99243267847879],[-110.5933898804913,39.99218298032184],[-110.5938925042932,39.99196760690928],[-110.5944207559403,39.99177574640624],[-110.5949769890898,39.99160560473441],[-110.596145639396,39.99127091500172],[-110.5979407296851,39.99077441020653],[-110.5985227943451,39.99059082639701],[-110.5990745964738,39.99037379879067],[-110.599593798174,39.99012241876072],[-110.600082736385,39.98983759578164],[-110.6005414055137,39.98952023118998],[-110.6009580975665,39.98916938405331],[-110.602140616247,39.98804722627379],[-110.6029262997028,39.98728318782413],[-110.6033243195493,39.98691605042365],[-110.6037326994358,39.98657958032212],[-110.604181803885,39.98628919775153],[-110.6046705035925,39.98603769056386],[-110.6051941139891,39.98582504230751],[-110.6057490390623,39.98566565594496],[-110.6063072735956,39.98554141633568],[-110.6068456260948,39.98541170072169],[-110.6073618623852,39.98525758125314],[-110.6078654291734,39.98506557549778],[-110.6083539112494,39.98484828916188],[-110.6088179743996,39.98459938407741],[-110.6096972277333,39.98404374105933],[-110.6101495787352,39.98379298919662],[-110.6106111528636,39.98356749395778],[-110.611100643798,39.98337542677233],[-110.6120935648303,39.98301025338634],[-110.6125959358847,39.98281732198053],[-110.6130937769083,39.98259644290168],[-110.6135894347789,39.98234672304852],[-110.6160810471062,39.9810098398604],[-110.6165521336959,39.98075191703253],[-110.6169916257814,39.98048848200079],[-110.6173914361251,39.9801996868711],[-110.6177480764502,39.97988101564688],[-110.618058023441,39.97953425907251],[-110.6183200862366,39.97916301751717],[-110.6185272285615,39.97876907010573],[-110.6186829645028,39.97835242868932],[-110.6187755286671,39.97792296556074],[-110.6188728813573,39.97705293864286],[-110.6206598231209,39.97454416324684],[-110.6225052029679,39.97352216831668],[-110.6229679276496,39.9732804094033],[-110.6234375367992,39.97306389846533],[-110.623679297245,39.97296827859697],[-110.6239268726393,39.97287988493714],[-110.6244359505045,39.97272566567872],[-110.6249578038999,39.97259040611863],[-110.6260284477435,39.97231816487637],[-110.6293058172108,39.97151780861744],[-110.6298312038534,39.9713753305096],[-110.630342686817,39.97120487524813],[-110.6308379429768,39.97100283168908],[-110.6313088039046,39.97076376816633],[-110.6317435592386,39.9704876477706],[-110.6321421845555,39.97017897573377],[-110.6325022847484,39.96984765563027],[-110.6328180244552,39.96949006540435],[-110.6330893943671,39.9691080073485],[-110.6333105064575,39.96870777001893],[-110.6334872305989,39.96828666931338],[-110.6339379351207,39.96699158007934],[-110.6341006239155,39.96656592906895],[-110.6342901888214,39.96615027339447],[-110.6345112938617,39.96574823156075],[-110.6347604019513,39.96536429715807],[-110.6351777731943,39.96482502185838],[-110.6356580640633,39.96434270467969],[-110.6360132753648,39.96404109033804],[-110.6364000493179,39.96374858371816],[-110.6368253965702,39.96346790941747],[-110.6372904448865,39.96320717938782],[-110.6377858131026,39.96296906679127],[-110.6388115746631,39.96251006301631],[-110.6403935241811,39.96181942212377],[-110.6409146300338,39.9615813759086],[-110.643024672344,39.96064906800469],[-110.6435446502495,39.96039929363631],[-110.644064722482,39.96013059655523],[-110.6445848839441,39.95984387772489],[-110.6451004696548,39.95953551892507],[-110.6455985446346,39.95921629247442],[-110.6460849396093,39.95889072131649],[-110.6465596731623,39.95855520171858],[-110.6470169052658,39.95820701308877],[-110.6474566174241,39.95784975951141],[-110.6478788004919,39.95748524312456],[-110.6482857822835,39.95711617413315],[-110.6494271738505,39.95599250014951],[-110.6501603506113,39.95524779895106],[-110.6523571930612,39.95306321293971],[-110.6571001104746,39.94829851282073],[-110.6582377304485,39.94716843195376],[-110.6601929967498,39.94520462397139],[-110.6609928757501,39.94441680072389],[-110.6645207769603,39.94085645289999],[-110.6656757915285,39.93970922886383],[-110.6668037554691,39.93858083604324],[-110.6675212894694,39.93784678923443],[-110.6710636900277,39.93429438791117],[-110.6714552077017,39.93392248894023],[-110.6718700982205,39.93355696168334],[-110.6723013349066,39.93319868701938],[-110.6727500751187,39.9328503709985],[-110.6741231347943,39.93181629965372],[-110.6794878788405,39.92782816018311],[-110.6799059865828,39.92750856303297],[-110.6802231887847,39.92724454744432],[-110.6803054208724,39.92717720000817],[-110.6806181651026,39.92686451760646],[-110.6806640140598,39.9268195944215],[-110.6809817580026,39.92643754860368],[-110.6812562875019,39.92603646232097],[-110.681488773308,39.92561633909302],[-110.6816815522597,39.92517808657414],[-110.6819947251664,39.92426354040079],[-110.6821969252633,39.92381089691512],[-110.6824528805662,39.92337371709215],[-110.6827555441914,39.92295738723816],[-110.683104882342,39.92256911481892],[-110.6834973634139,39.92221339472853],[-110.6839154804258,39.92188026792144],[-110.6843627273467,39.92157334759597],[-110.6866045309466,39.92008738831407],[-110.6870400201253,39.91978763368463],[-110.6874615172853,39.91947612681018],[-110.6878772009457,39.91915559282796],[-110.6882870710228,39.91882603179863],[-110.6886806168856,39.91848291061013],[-110.6890695517635,39.91812355786283],[-110.6894538591728,39.91775157751911],[-110.6901945541373,39.9169687957214],[-110.6905812418475,39.91658510502828],[-110.69145717341,39.91590628974597],[-110.6919510330315,39.91562559251432],[-110.6924739706949,39.91538281191418],[-110.6930166667893,39.91516891297258],[-110.6935791178025,39.91498479639792],[-110.6941450198401,39.91481330006773],[-110.6946957765462,39.91462644423875],[-110.6952279374637,39.91441070518438],[-110.6957426402327,39.9141732940739],[-110.6962410545734,39.91391421420092],[-110.6967126579277,39.9136316362683],[-110.6971679565005,39.91333099398714],[-110.6978415862981,39.91286874049924],[-110.6985268715272,39.91241462227964],[-110.6990008346581,39.91212303116172],[-110.6999802088527,39.91156965715948],[-110.7019140907026,39.9105204837097],[-110.7032932854531,39.90975727638966],[-110.7051145121029,39.9087636223625],[-110.7065604029099,39.90798162461251],[-110.7075582267924,39.90746337148033],[-110.708077507204,39.90722771875922],[-110.7086142335059,39.90701553335027],[-110.70916606627,39.90682680914706],[-110.7097318360321,39.90666154300948],[-110.7103103505999,39.90652513771533],[-110.7114766149341,39.90628027221147],[-110.7153862316434,39.90548804966392],[-110.715940105601,39.90536416966062],[-110.7164800541072,39.90521232217301],[-110.716994437108,39.90501806309501],[-110.7174727286853,39.90478046612479],[-110.7183897735919,39.90424480366357],[-110.7188576219733,39.90398374974951],[-110.7190498731268,39.90388780937376],[-110.7193347227362,39.90374794414277],[-110.719841972236,39.90357708093114],[-110.7203711680642,39.90347474392213],[-110.7219992976238,39.90326512288823],[-110.723059773269,39.90312079828921],[-110.7235783598538,39.9030364411644],[-110.725099348038,39.90270038201901],[-110.7255992834493,39.90259795175631],[-110.7260991061714,39.90252344987524],[-110.7265964341679,39.90248768268836],[-110.7270912861552,39.90248614530449],[-110.7275813017875,39.90252423817416],[-110.7280746743415,39.90260107957711],[-110.7285679022473,39.90271485928668],[-110.7290539885258,39.90286015499343],[-110.7295378009394,39.90298922547095],[-110.7300335894735,39.90304804429947],[-110.7305331778294,39.90303298835254],[-110.731557191438,39.90293355097734],[-110.7320837903822,39.90289152105692],[-110.7326185145672,39.90286572536671],[-110.7352895680987,39.90279436766877],[-110.7357985815427,39.90276129067132],[-110.7362867065941,39.90268401524115],[-110.7367329956081,39.90253366228205],[-110.7371396528308,39.90234537602972],[-110.7379097798946,39.90194167180607],[-110.7382965570773,39.901749732564],[-110.7387007836232,39.90158305917537],[-110.7391200757925,39.901453359021],[-110.7395532063695,39.90137594608426],[-110.7399943067677,39.90135621302041],[-110.7404328905041,39.90138332433983],[-110.7412922779288,39.90149967093404],[-110.7417331926149,39.90152948551882],[-110.7421766837136,39.90149623456719],[-110.7426063859988,39.90139627774916],[-110.743012909445,39.90123770335299],[-110.7434008349662,39.90104665058497],[-110.7454379970019,39.89996364008721],[-110.7478430162445,39.89871470995941],[-110.748212270363,39.89850377850555],[-110.7485512070346,39.89826575029454],[-110.7488469653528,39.89799879574778],[-110.7490714581023,39.89770645840173],[-110.7491684249232,39.89645698824862],[-110.7490220864607,39.8961692542374],[-110.7488347692965,39.8958922432278],[-110.7486229059184,39.89561067372566],[-110.7484192817093,39.89531560677058],[-110.7482602039125,39.89499450728775],[-110.7481830861934,39.89465196167556],[-110.7481914167147,39.89429338363824],[-110.7482523998547,39.89393041490743],[-110.7484106177189,39.89320635791857],[-110.7484318429165,39.89283969878558],[-110.7483909601055,39.89250443974402],[-110.7483079203467,39.89218260412151],[-110.7482108256714,39.89186614388338],[-110.7481406438055,39.89154703900883],[-110.7481394685211,39.89122898495007],[-110.7482096018849,39.8909218976607],[-110.7483626998219,39.89063661425372],[-110.7486010513459,39.89038665430371],[-110.7488907990873,39.8901548250637],[-110.7492062372476,39.8899338625978],[-110.7494995095878,39.88969663346058],[-110.7497402879709,39.8894205474768],[-110.7499074803087,39.88911637144094],[-110.7499904758112,39.88880750869581],[-110.7499846004595,39.88849304835038],[-110.7498945109391,39.88817930740768],[-110.749726003934,39.887880714123],[-110.7494825432031,39.88760988958892],[-110.749169921433,39.88738216280483],[-110.7488292121107,39.88715978032498],[-110.7485002172046,39.88693291725869],[-110.7482099060156,39.88668271133187],[-110.7479829217779,39.88638669146936],[-110.747842595908,39.88606112670266],[-110.747804082039,39.88571956524235],[-110.7478334584771,39.88536283443399],[-110.7479354799529,39.88465036777011],[-110.7480358713325,39.88406313595696],[-110.7481114892196,39.88385336792571],[-110.7482116401804,39.88365086107529],[-110.7483151244999,39.8834961142054],[-110.7484795185562,39.88331537043118],[-110.7496996950054,39.88225032852113],[-110.7500070124843,39.88200051410168],[-110.7503202666679,39.88172548371103],[-110.7506100928001,39.88146031305639],[-110.7508636791885,39.88119055883762],[-110.7510705726232,39.88089637691382],[-110.7512202352498,39.88058134891865],[-110.7513266654566,39.88025541605777],[-110.7515840506587,39.8792549592583],[-110.7517068784578,39.87892095210974],[-110.7519033111934,39.87860602323195],[-110.7521802770319,39.87833451399847],[-110.7525143449368,39.87811808681669],[-110.7528914400618,39.8779684241867],[-110.7532870021409,39.87788637445315],[-110.7536963674818,39.87786832353564],[-110.7541171919362,39.87791606831608],[-110.7545389454903,39.87803138838085],[-110.7549535011184,39.87819804858468],[-110.7562482747967,39.87879994045979],[-110.756717643725,39.87901175941608],[-110.7571602136561,39.87919649042799],[-110.7576018322351,39.87931994991173],[-110.7580366573743,39.87938032369804],[-110.7584716855813,39.87938303242068],[-110.7589104556549,39.87931907345451],[-110.7593306964701,39.87920281650794],[-110.7597089900209,39.87904232224501],[-110.7600336352011,39.87883936885951],[-110.7601438826036,39.87874769511991],[-110.7603186400011,39.87860119372874],[-110.7603813653497,39.87848797779508],[-110.7603813653497,39.87848797779508]]]}}],"metadata":{"hunt_code":"EA1295","boundary_id":"224","member_boundary_ids":[],"source_boundary_ids":["224"],"boundary_source_file":"processed_data/boundaries/EA1295.geojson","boundary_geometry_type":"single_geojson_path","geometry_status":"mapped"}}
