{"type":"FeatureCollection","features":[{"type":"Feature","properties":{"hunt_code":"EA1300","boundary_id":"845","BoundaryID":"845","Boundary_Name":"Wasatch Mtns, West-Central","boundary_name":"Wasatch Mtns, West-Central","species":"Elk","sex_type":"Antlerless","weapon":"Any Legal Weapon","season_dates":"Jan 23 2027 - Jan 31 2027","resident_permits":"45","nonresident_permits":"5","total_permits":"50","source":"DWR KMZ upload","source_file":"D:\\DOWNLOADS\\ea1300.kmz","source_boundary_ids":["845"]},"geometry":{"type":"Polygon","coordinates":[[[-111.5685580193281,40.75049126671819],[-111.5601918687443,40.74165783147906],[-111.5577935865607,40.73912542290839],[-111.5518327195282,40.73282914423113],[-111.5506677790037,40.73158161193548],[-111.5495772271892,40.7304463208811],[-111.5491119265303,40.73002603200554],[-111.5483865540963,40.72951599021564],[-111.5476212418647,40.72904396942821],[-111.5464488001551,40.72845405720083],[-111.5442009635898,40.7274052648835],[-111.5436688391668,40.72717733227486],[-111.5436033487908,40.72714746188473],[-111.5435081434565,40.72710394820918],[-111.5428342255266,40.72679641260591],[-111.5423050589763,40.72652323654872],[-111.5417653201936,40.72626001713576],[-111.5412185905387,40.72601034087183],[-111.5409381664365,40.72589094000981],[-111.5403656041889,40.72566750570397],[-111.5400710904906,40.72556258245657],[-111.5394584205218,40.72535734849777],[-111.5391438819563,40.72526512851309],[-111.5384983174134,40.7250915732142],[-111.5365751356147,40.72461424429031],[-111.5365370458682,40.72460433169829],[-111.5342246858095,40.72403940638137],[-111.5302570568887,40.72303432214354],[-111.5299319853567,40.722954737427],[-111.5292784066403,40.72280999477992],[-111.5279887120518,40.72248168142983],[-111.5273457343818,40.72232877156687],[-111.5267121679575,40.72216770741414],[-111.5260663474018,40.72201390251644],[-111.525134397632,40.7217920296745],[-111.5244999544834,40.72166879353663],[-111.5241798514564,40.72161709672371],[-111.5235279689989,40.72153447321381],[-111.5231961611648,40.72149994313227],[-111.5228597162744,40.7214780451681],[-111.5221787009109,40.72145500288056],[-111.5218377033919,40.72145654494341],[-111.5214955851036,40.72146619882049],[-111.5208127569063,40.72151432476364],[-111.5204732307254,40.72155279150095],[-111.5198014424776,40.72165040909651],[-111.5194715482626,40.72170954934112],[-111.5188261971972,40.72185749055945],[-111.5185083231031,40.72193999643748],[-111.517886983397,40.7221310659225],[-111.5175823405297,40.72224053574718],[-111.5169874066089,40.72247832680713],[-111.5161070712975,40.72286513257026],[-111.50596074458,40.72757020998565],[-111.5040119756589,40.72848311034841],[-111.5037316625248,40.72860658086193],[-111.4998399938371,40.73041711332968],[-111.4986020457867,40.73099307284779],[-111.4976495148246,40.7314308580014],[-111.4976231964137,40.73144295291858],[-111.4975719772494,40.73146668619329],[-111.4975540384563,40.73147496135601],[-111.4974127926147,40.73130458670378],[-111.4968543521018,40.73043504842258],[-111.4965982814074,40.73006301368846],[-111.4962943462528,40.72965569023244],[-111.4956019239242,40.72872771516715],[-111.4947292929689,40.72762429975567],[-111.494493704832,40.72731271025299],[-111.4913823359514,40.72321085939745],[-111.4901618563423,40.72164043985961],[-111.4894983522714,40.72077392285806],[-111.4885455981912,40.71953386743188],[-111.4873730385563,40.71802177050296],[-111.4872080751987,40.71780625968175],[-111.487148661226,40.71771191978283],[-111.4868805524112,40.71737973148094],[-111.4845152308746,40.71431683770671],[-111.4800002185663,40.70845395596192],[-111.4768995724613,40.7044444433048],[-111.4759852294527,40.7032131299929],[-111.4753969606335,40.70238765824243],[-111.4749615862089,40.70175433975669],[-111.4742508522245,40.70068162749132],[-111.4737085852607,40.69982713000316],[-111.4731781175401,40.69896537452833],[-111.4722724717581,40.6974367087585],[-111.4717313195528,40.69656508039647],[-111.4710408772561,40.69550127300631],[-111.4706174186225,40.69486698777266],[-111.4701929491748,40.69425612757145],[-111.469488909557,40.69327164212059],[-111.4690503973943,40.69268065371242],[-111.4681318163594,40.69147631850249],[-111.4654040430288,40.68794243090073],[-111.4644761384287,40.68673990474976],[-111.463985156628,40.68607883962653],[-111.4636790524713,40.68562513067366],[-111.4632541130192,40.68492866315148],[-111.4631199216752,40.6846904712445],[-111.4628752092811,40.68421399203403],[-111.4626458280444,40.68372934300569],[-111.4624376758059,40.68323379801901],[-111.4624058444659,40.6831484330241],[-111.4624011428587,40.68313592977245],[-111.4623437720515,40.68298517385018],[-111.4622484352981,40.68273457341819],[-111.4621614673802,40.68247907470195],[-111.4620816188104,40.68222625002296],[-111.4619384403241,40.68171332741873],[-111.4618763184917,40.68145682815851],[-111.461771015503,40.68094465461935],[-111.4613795512034,40.67857422960341],[-111.4605824656429,40.67365505663776],[-111.4593644906121,40.66617637084981],[-111.4590726213236,40.66432984309271],[-111.4584923901066,40.6607962240809],[-111.4582349065487,40.65929999548365],[-111.4578928391117,40.65754194723983],[-111.4575667570029,40.65604328565485],[-111.4572171250954,40.65455822909474],[-111.4568501414784,40.65312819303523],[-111.4568511584023,40.65310386541483],[-111.456546429135,40.65195465443833],[-111.4558406778112,40.6495800351644],[-111.4554022051354,40.64823856109817],[-111.4550631068369,40.64724623294626],[-111.4544842551581,40.64560531648642],[-111.4539036893392,40.64405629265214],[-111.453589531897,40.64324763997788],[-111.4532157264108,40.64236174512578],[-111.4527935913863,40.64132288952391],[-111.4522601384238,40.64008447369482],[-111.4515208450017,40.63848200519189],[-111.4506656151709,40.63669170073822],[-111.4497249225828,40.63484676868264],[-111.4495358217208,40.6345096760646],[-111.4493620468093,40.63416531646472],[-111.4489696044845,40.63348217621015],[-111.4487603851964,40.63314155693495],[-111.4485381971058,40.6328063928918],[-111.4481215540244,40.63221523305666],[-111.4478090307035,40.63180924872092],[-111.4474549092965,40.6313709930941],[-111.4470891064101,40.63095350174996],[-111.4466853444347,40.63051723760466],[-111.4456751172429,40.62956621012972],[-111.4448595555175,40.62890180401592],[-111.4443355750531,40.62852004716045],[-111.4435535810249,40.62792126661773],[-111.4431862367319,40.62762178356608],[-111.4428354369859,40.62732043413178],[-111.4424762092663,40.62699569306637],[-111.4418134476102,40.62636311115801],[-111.4414836878007,40.62602293926891],[-111.4411692247073,40.62567099656078],[-111.4407377888175,40.62515103512306],[-111.4404432616571,40.62477288881081],[-111.4401724137555,40.6243991558655],[-111.4399241037274,40.62403614695457],[-111.4394210430418,40.62322817197332],[-111.438210141062,40.62120759655608],[-111.4371607570222,40.6194692725775],[-111.4369398372548,40.61913137784425],[-111.4366844887088,40.61877109085334],[-111.43641616789,40.61841535668886],[-111.4361312228761,40.61804797321487],[-111.4355117661689,40.61732510243102],[-111.4329095935487,40.61437909741875],[-111.432308082746,40.61367866364699],[-111.432026825509,40.6133265708546],[-111.4317561291131,40.61296182554418],[-111.4312668041308,40.61223934557859],[-111.431036261328,40.61186724151568],[-111.4308281981983,40.6114977557579],[-111.4306295709254,40.61112463089425],[-111.4304403389214,40.61074156095681],[-111.4298566138399,40.60948700566407],[-111.4292882195738,40.60822338132526],[-111.4291485392101,40.60782300812785],[-111.4290224110879,40.60732348741706],[-111.4289583080863,40.60691112171069],[-111.4289390990095,40.6064949856983],[-111.42894816596,40.60606433053683],[-111.4289998938569,40.60565063365534],[-111.4290811649213,40.60523592609432],[-111.4292073442685,40.60482015069656],[-111.4293690790877,40.60441955796112],[-111.429564004927,40.60403415653596],[-111.4297861884923,40.60366036480576],[-111.4299746704016,40.60337678631125],[-111.4306576871283,40.60243011708247],[-111.4322940352558,40.60012495227127],[-111.4327577826103,40.59945926515556],[-111.4359237524706,40.59503663668945],[-111.4361707356763,40.59466994565937],[-111.4364139541103,40.59426993561593],[-111.436605382278,40.59390255261381],[-111.4367731318413,40.5935289526259],[-111.4369123529404,40.59313023554099],[-111.4370172603006,40.59272534190291],[-111.437091511229,40.59233137475603],[-111.4371290333074,40.59192313239298],[-111.4371370936104,40.5915276138623],[-111.4371251465205,40.59114478339463],[-111.4370824039607,40.59038820254139],[-111.4366002299115,40.58257124756609],[-111.4365728673551,40.58199748700033],[-111.4365655245745,40.58177679781988],[-111.4365020529514,40.58091939466405],[-111.4364552791399,40.58044930910268],[-111.4364055526873,40.58007022409592],[-111.4363416074705,40.57968488655027],[-111.4361831812313,40.5789422540383],[-111.4359870322923,40.57821237599003],[-111.4357786570134,40.57760055971505],[-111.4356116772078,40.57717687212001],[-111.4353130435055,40.57649242341348],[-111.4349719532943,40.57581894435186],[-111.4347926460681,40.5754971020157],[-111.4343974178017,40.57485445501933],[-111.433783230648,40.57396758780154],[-111.4322191420907,40.57178970045072],[-111.4318123522533,40.57119744698345],[-111.4317969682353,40.57117507239484],[-111.4315929203861,40.57085962347725],[-111.43121083785,40.57023133006869],[-111.4308500095465,40.56960025339038],[-111.430676634068,40.56927658037188],[-111.4302061221148,40.56830357310882],[-111.4299266115506,40.56763885761493],[-111.4296323432709,40.56688230567982],[-111.4293965408084,40.56621562439442],[-111.4284427716983,40.56318227116324],[-111.4282116675765,40.56250746157789],[-111.4279824034584,40.56193534594093],[-111.4276015538845,40.56106046167329],[-111.4272823339584,40.56053228042342],[-111.4270896352894,40.56015407905038],[-111.4269133253071,40.55980797850847],[-111.4267760618157,40.55950930038632],[-111.4263846978135,40.55875976423167],[-111.4260848309492,40.55828132718693],[-111.4259083150006,40.55797567567699],[-111.4256968387654,40.55767015270086],[-111.4253451347241,40.55790189557872],[-111.4251157963969,40.55805859354603],[-111.4249736403066,40.55817983571266],[-111.424833994079,40.55832449159551],[-111.4247192597724,40.55848617262458],[-111.424627143459,40.55867569797488],[-111.4245670262595,40.5588822225526],[-111.4245412536937,40.55910303511895],[-111.4245186506869,40.55982563126742],[-111.4244863847221,40.56032754502348],[-111.4244611519427,40.56063393998658],[-111.4243908021398,40.56109094911736],[-111.4242760089395,40.5616183907221],[-111.4241234887134,40.56215768222744],[-111.4240353187617,40.56241205649331],[-111.4239306108821,40.56266649136815],[-111.4238279521756,40.5628713697463],[-111.4228391698241,40.56455064557249],[-111.4219413366393,40.5660476009699],[-111.4216902591689,40.56651067332202],[-111.4215736382883,40.56675163606382],[-111.4214641270418,40.56699617629393],[-111.4213700229403,40.56724876820809],[-111.4213292756713,40.56738206806518],[-111.4211464678735,40.56795768130213],[-111.4210890220562,40.56821644552122],[-111.4210080831387,40.56868520217299],[-111.4209418329614,40.56923588599096],[-111.4207385212768,40.57129245196652],[-111.4205886218786,40.57282432595651],[-111.420519780109,40.573528349558],[-111.420498029604,40.57382842410309],[-111.4204903433498,40.57411042969844],[-111.4204975307432,40.5743149048676],[-111.4205831033805,40.57515061633919],[-111.4206433709054,40.57590714174431],[-111.42064622807,40.57617469467054],[-111.4206290001715,40.5764423207188],[-111.4205641155453,40.57683534348735],[-111.4204901419161,40.57709777074092],[-111.4203983663853,40.57734765031152],[-111.420152740422,40.57793502096722],[-111.4200597810092,40.57818490454176],[-111.419969223369,40.57844108550393],[-111.4198975467707,40.57869359421132],[-111.4198460118064,40.57895503852446],[-111.4198192546867,40.57921098744152],[-111.4198079192018,40.57947679004584],[-111.4198296384389,40.5797379680807],[-111.4198785332476,40.57999904732699],[-111.4199277345908,40.58019571207742],[-111.419941556265,40.58025196720734],[-111.4200223086157,40.58050572346545],[-111.4202085827634,40.58100593859086],[-111.4205015421647,40.58174900422517],[-111.4205956682028,40.58206216978481],[-111.4206470324964,40.58233945554513],[-111.4206604962127,40.58260246512182],[-111.420634339054,40.58295390574929],[-111.4205805196398,40.58322797091387],[-111.42047851486,40.58358157945488],[-111.4203584695939,40.5839981353368],[-111.4202915715526,40.5842596355168],[-111.4202483448352,40.58452735573004],[-111.420222909788,40.58480582181739],[-111.4202328049833,40.585065240774],[-111.4202688879008,40.58535519454124],[-111.4203088066574,40.58550279447087],[-111.4203450678782,40.58563238998916],[-111.4204459219583,40.58588697344022],[-111.4205667801616,40.58612797068579],[-111.4211603424671,40.58712759221255],[-111.4215495244722,40.58775679200534],[-111.4217420944154,40.58812545184383],[-111.4218380044433,40.58834401662062],[-111.4219187682839,40.58859687024896],[-111.4219724330459,40.58886243519029],[-111.4220083557645,40.58912536225924],[-111.4220107342362,40.58950372507775],[-111.4219687665069,40.58978315258622],[-111.4219031188309,40.59005545948315],[-111.4218020303421,40.59032969751964],[-111.421676085195,40.59059772000703],[-111.421526504453,40.59086582859947],[-111.4213389769654,40.59111335506921],[-111.4211253650765,40.59134746306196],[-111.4208586975431,40.59160158342166],[-111.4206282218542,40.59178530240654],[-111.420341082983,40.59197913686201],[-111.4199572021435,40.59219944799873],[-111.4196473921617,40.59235912954657],[-111.418745995373,40.5927867171769],[-111.4181932184643,40.59302475138347],[-111.4177498995494,40.59319121729469],[-111.4174090678723,40.59330505992797],[-111.417048083279,40.59340906459429],[-111.4163329555275,40.59357740698793],[-111.4149708428,40.5938507718319],[-111.412509924295,40.59436408149124],[-111.4122195020211,40.59441376601592],[-111.4117448243445,40.59448122354587],[-111.411477876741,40.5945046968927],[-111.4113219625513,40.59451876545531],[-111.4109746028598,40.59453441599731],[-111.4105763430948,40.5945367331698],[-111.4101389684153,40.59452026929763],[-111.4097629538168,40.59448827108766],[-111.4058145356251,40.59410492045666],[-111.3993450129558,40.59346351654479],[-111.3973880592413,40.59328288162985],[-111.3955882756853,40.59309897273607],[-111.3951766102871,40.59303101372478],[-111.3947600861771,40.59294054773797],[-111.3943741568462,40.59282745368277],[-111.3940106083382,40.59270166961208],[-111.3936776919489,40.59255956407693],[-111.3929901434201,40.59219884880469],[-111.3916860625404,40.59149248014283],[-111.3913447272793,40.59132336984435],[-111.3909122371701,40.59112663962033],[-111.3905047442129,40.59096045334805],[-111.3900108977646,40.5907792421804],[-111.3891867872758,40.59050184652437],[-111.3888920620378,40.59042085861171],[-111.3882530385827,40.59026895689077],[-111.3878271390375,40.59018750618878],[-111.3873575688017,40.59011520921648],[-111.3868939704683,40.59005370095164],[-111.3864056242686,40.59000398511748],[-111.3859492680572,40.58996857449863],[-111.3819334749609,40.5897197645896],[-111.3810445283226,40.5896704490471],[-111.3805894762246,40.58965573330191],[-111.380144061673,40.58967341591525],[-111.3796410230277,40.5897408348969],[-111.3793306541866,40.58981662799745],[-111.3789225579191,40.58995580284761],[-111.3785383128328,40.59013363615826],[-111.3781261406649,40.59038903573029],[-111.3778203314013,40.59064588775002],[-111.3775666428932,40.59092509072652],[-111.3772921973771,40.59129625120482],[-111.3764951244388,40.59246009255681],[-111.3760144665648,40.59315173594279],[-111.3757529425269,40.59351203996285],[-111.3755381328424,40.59377309419806],[-111.3752573425836,40.59407039777684],[-111.3749445104496,40.59434438167395],[-111.3745937424416,40.59459776740009],[-111.3742049430208,40.59481343811655],[-111.3739361988788,40.59494133313699],[-111.3735377052085,40.59511469141241],[-111.3730965339445,40.59526476317111],[-111.3725276644646,40.59540443453686],[-111.3720399286571,40.59546996928628],[-111.3715556076758,40.59551206799703],[-111.371061587473,40.59551005249808],[-111.370095723489,40.59545549457986],[-111.3649007314792,40.59508914667287],[-111.3645106747171,40.59507956760324],[-111.363990701787,40.59508571171434],[-111.3635547984571,40.59512131810838],[-111.3631627192457,40.59517480277565],[-111.3622842567714,40.59532710816132],[-111.3611151660481,40.59554346782494],[-111.3595333061748,40.59583659529823],[-111.3588839279998,40.59595572970954],[-111.3585107734095,40.5960136442112],[-111.3581316032609,40.59605175669837],[-111.3573966919987,40.59608916741409],[-111.3552883848666,40.59617765195831],[-111.3544491655257,40.59622500417536],[-111.3537651187768,40.59622683093105],[-111.3519730027348,40.59628059306764],[-111.3515358606451,40.5963080499254],[-111.3511082906929,40.59635799814891],[-111.350678516457,40.59643858155879],[-111.3502465185365,40.59654619665025],[-111.349875998472,40.59665812834928],[-111.3495268348022,40.5967862101595],[-111.3491933906266,40.59693739612571],[-111.3485269700282,40.59723967366365],[-111.3481885402504,40.59738753849257],[-111.3478394302372,40.59752732653001],[-111.3474771830426,40.59764102738142],[-111.3471147528975,40.59771959315174],[-111.3467580776057,40.59776841132157],[-111.3463941292721,40.5977821157073],[-111.3449568367031,40.59775758869975],[-111.3445892684263,40.5977568840575],[-111.3442123145607,40.59776971948222],[-111.3438567402252,40.59780321037771],[-111.3435096322335,40.59787451214991],[-111.3431792216298,40.59797549245962],[-111.3430597380787,40.59802269337977],[-111.3428135748784,40.59811981885935],[-111.3424575332164,40.59829384480969],[-111.3414345790128,40.59886893472098],[-111.3406885469556,40.59928464345074],[-111.3403890507728,40.59942426260537],[-111.3397049626562,40.599704649759],[-111.3367582258805,40.60083758195552],[-111.3360680721422,40.60109274046155],[-111.3357483167669,40.60120267732606],[-111.3353564268622,40.60130561568636],[-111.3348663728417,40.60139622496999],[-111.3345332580153,40.60143502735763],[-111.3341918199457,40.60146394314174],[-111.3334543950822,40.60148589380861],[-111.3318624213793,40.60150759548615],[-111.3301368086299,40.60151344134833],[-111.3298709275758,40.60152501158395],[-111.3293888681675,40.60156062087088],[-111.3288561176334,40.60162339900255],[-111.3286435728558,40.60166544460827],[-111.3283790668265,40.60171664639888],[-111.3278336296841,40.60184431953696],[-111.3273544273297,40.6019817121276],[-111.3265189957858,40.60226785527154],[-111.3237355672176,40.60326576160833],[-111.32279397416,40.6036035256579],[-111.3206735949217,40.60436617430146],[-111.320005762241,40.60461306685091],[-111.3192953687009,40.60485917231063],[-111.3161730441944,40.60597584826139],[-111.3147487415859,40.60648783661868],[-111.3134542550747,40.60695981629117],[-111.3102361097562,40.60810271715491],[-111.3097086283737,40.60829782266674],[-111.3092152989425,40.60846580784241],[-111.3087279519411,40.60864999081736],[-111.3073129753228,40.60915825889302],[-111.3065023687197,40.60948292899719],[-111.306024557956,40.60968779555372],[-111.304413332381,40.61046140748379],[-111.3042034105273,40.6105700665268],[-111.3039839781686,40.61066703873816],[-111.3037681648905,40.61078021690794],[-111.3035416671603,40.61088351303951],[-111.3028349407262,40.61118446133912],[-111.302351106716,40.61136950902822],[-111.3021056139814,40.61145573528365],[-111.3013417815041,40.61167844696915],[-111.3005481972815,40.61185798864235],[-111.3002847831596,40.61190281704366],[-111.2997555171508,40.61197626247866],[-111.2992202348928,40.61202629811949],[-111.2986801671859,40.61206373129448],[-111.2981364724218,40.612083153649],[-111.2973207140334,40.61206363526215],[-111.2965910516161,40.61199884591504],[-111.2959535162294,40.61191579827172],[-111.2954092941437,40.6118153917057],[-111.2950680337083,40.61173932861736],[-111.29486380048,40.6116942655094],[-111.2929123243427,40.61120194353419],[-111.2927821434205,40.6111680400438],[-111.2922532562231,40.61105766999587],[-111.2919847386572,40.61101690849151],[-111.2914670619695,40.61095587489476],[-111.2911805576942,40.61093785916295],[-111.2906637613223,40.61088871140225],[-111.2887871411897,40.61074747567208],[-111.2885293239138,40.6107201926231],[-111.2875383948311,40.610645187814],[-111.2868512738092,40.61057122214986],[-111.286420722284,40.61050922880524],[-111.2859973946825,40.61047784599918],[-111.2857904900998,40.61046934930466],[-111.2853826724112,40.61047134863755],[-111.2835611434063,40.61049376250978],[-111.2806852474289,40.61050529156847],[-111.2802868013065,40.61051526799572],[-111.2789711083038,40.61051304798469],[-111.2765159174526,40.61052345633274],[-111.2753681444465,40.61053610816681],[-111.2705641430034,40.61055556946411],[-111.268504986491,40.61057388796311],[-111.2640295910817,40.61058961044441],[-111.2615199408701,40.61061063510233],[-111.2591790431318,40.61049609414339],[-111.2589754131696,40.61041637225583],[-111.2587906207167,40.6103167883625],[-111.2586282225447,40.61020003723955],[-111.2584882151911,40.61006521810443],[-111.2583647402518,40.60992585739762],[-111.2581649538017,40.60961549923769],[-111.2579792848154,40.60928709150689],[-111.257741627403,40.60896420478321],[-111.2562131486532,40.60709376667103],[-111.255534611291,40.60627555525547],[-111.255351030401,40.60605515450518],[-111.255202623707,40.60588341358763],[-111.2548928515766,40.60555077037406],[-111.2545500718834,40.60524072116674],[-111.2541766316685,40.60494875608794],[-111.2539810904383,40.6048140535429],[-111.2537784955124,40.60468927589132],[-111.2531483118774,40.60432940403143],[-111.251114722598,40.60323386278697],[-111.2490208098974,40.60210868633849],[-111.2485685246036,40.60189885343162],[-111.2483318022024,40.60180927410283],[-111.2480903659863,40.60172330795198],[-111.2475288977885,40.60155190294012],[-111.2470940429087,40.60141914264798],[-111.2468538148045,40.60133947751598],[-111.2466253834319,40.6012534804994],[-111.2464110729789,40.60115033608741],[-111.2462191702768,40.60103363023435],[-111.2460496588103,40.60089885866008],[-111.2459001945391,40.60075143176368],[-111.2453742431877,40.60010751635195],[-111.2451283596123,40.59977200816562],[-111.2450022880287,40.59955606313461],[-111.2449284806176,40.59941117710039],[-111.2448486095506,40.5992239622495],[-111.2445764182984,40.59847860564455],[-111.2444332632122,40.59811404997389],[-111.2443510739758,40.59793855115451],[-111.2442547027001,40.59776308226091],[-111.2441406563217,40.59760206481296],[-111.244004164846,40.59744379732032],[-111.2438464364638,40.59729548423962],[-111.2429740240223,40.59659012721811],[-111.2428092446789,40.59645173727285],[-111.2426562486596,40.59630341258978],[-111.2425233088646,40.59614513584572],[-111.2424840899376,40.59608485881827],[-111.2424151720997,40.5959823024637],[-111.2423560817338,40.59585197815633],[-111.2423016483027,40.59563660039947],[-111.242287314787,40.59526726715072],[-111.2422932734794,40.59429880194685],[-111.2422840851889,40.59371774951823],[-111.2422943185775,40.59196910727865],[-111.2422881965546,40.59158263972231],[-111.2422992793055,40.59137901606963],[-111.2422938401587,40.59118173327277],[-111.2422966672422,40.59088452477988],[-111.2423042409031,40.58980695803604],[-111.2422946064182,40.58942950657353],[-111.2422923854752,40.58815926031831],[-111.2422995369057,40.58686647193796],[-111.2422725289214,40.5865863525737],[-111.2422425189658,40.58645668770551],[-111.2421959852257,40.58633246279731],[-111.242130548198,40.58620917837919],[-111.2420830378077,40.58614171138541],[-111.2419453799547,40.58597984001764],[-111.2418291873773,40.58587197680458],[-111.2416988606366,40.58577675547353],[-111.2415555716559,40.58569147086371],[-111.2412348108783,40.58554439557535],[-111.2403319838421,40.58520484097384],[-111.2399615762506,40.5850515591978],[-111.2397792934271,40.58496545247749],[-111.2394217805,40.58478241289784],[-111.2392489073007,40.58468367340289],[-111.2385927470149,40.58425440610345],[-111.2384127961868,40.58415838262805],[-111.2382222495394,40.58407319137702],[-111.2378104800028,40.5839154835143],[-111.2367042273789,40.58351235598225],[-111.2360192731982,40.58328763455489],[-111.2353119928755,40.58309718828357],[-111.2340938738947,40.58279696474672],[-111.2327426514754,40.58247807793494],[-111.2320793436747,40.58232148671728],[-111.231940391262,40.58228870319009],[-111.2314638612612,40.58218966038498],[-111.2311150692472,40.58212639565501],[-111.2309885607388,40.58210412647793],[-111.2303831274508,40.58200713866444],[-111.2300558797687,40.58195472851376],[-111.2293204089124,40.58183898527601],[-111.2285884964783,40.58169178930443],[-111.2278505998153,40.58152117739301],[-111.2271987473108,40.58135660769566],[-111.2263911867137,40.58112855666027],[-111.2259144942209,40.58097633882477],[-111.2248509850435,40.58059913965761],[-111.2243035771301,40.58039227874477],[-111.2239139933901,40.58024510861217],[-111.2231604617018,40.57998350722085],[-111.2224200046007,40.5797434970564],[-111.221726913052,40.57953312056132],[-111.2210129017226,40.57931953672229],[-111.2202757135647,40.57909896572126],[-111.2200286616132,40.57903015817725],[-111.2197778256882,40.57896027623599],[-111.2192810772788,40.57880806910274],[-111.2185418812146,40.57858424762063],[-111.2182923543287,40.5785162518367],[-111.2173366703286,40.57820814793125],[-111.2171083582475,40.57812299277667],[-111.2168929999076,40.57802429951268],[-111.2166858867203,40.57791748237776],[-111.2165000183849,40.57780341794298],[-111.2163271271057,40.57768302268219],[-111.2160120600602,40.57744037216716],[-111.215846329167,40.5773415841301],[-111.2156935809465,40.57723826716769],[-111.2155208226563,40.57715841045455],[-111.2153114754826,40.57709033324237],[-111.2142000792158,40.57684915920954],[-111.2139742219555,40.57679011907344],[-111.2137447804377,40.57671847267595],[-111.2130716639944,40.57645485466637],[-111.212632685727,40.57625296337086],[-111.2121902083061,40.5760645901674],[-111.211754779699,40.57586268899871],[-111.2113464428478,40.57563370993388],[-111.2111546314826,40.57550343170335],[-111.2102415557918,40.57481762815397],[-111.2100627087163,40.57467570301767],[-111.2094849015051,40.574275856296],[-111.2085989852869,40.57372683551299],[-111.2084645128266,40.57364347566778],[-111.2078041594808,40.57328791298683],[-111.2073568614,40.57305808888417],[-111.2062456683682,40.57246729239041],[-111.2058101566935,40.572224828755],[-111.2051344893575,40.5718746833296],[-111.2047049035877,40.57163580853578],[-111.2044824573374,40.57152449209424],[-111.2039878137734,40.57125780215215],[-111.2034233566762,40.57095339563476],[-111.2023194814127,40.57041570076446],[-111.2018782093444,40.5702128714701],[-111.2016675728476,40.5700970244848],[-111.2014381240252,40.57001093930258],[-111.2012121848705,40.56991313597361],[-111.2005308998095,40.56964405338719],[-111.1975883638278,40.56854102799842],[-111.196540485744,40.56813561279583],[-111.1961266064742,40.56799757896843],[-111.195911468944,40.56795289945254],[-111.1956904774236,40.56792624726902],[-111.1954695280139,40.56791400884523],[-111.1947985831997,40.56793676348842],[-111.194355521593,40.56791859099887],[-111.1941357121418,40.56789193385194],[-111.1939347420593,40.56784362328148],[-111.193733733298,40.56778179906206],[-111.1935480123559,40.56769562482608],[-111.1928606305343,40.56734182333086],[-111.1927068081003,40.56725559447973],[-111.1922537207823,40.56703473016702],[-111.1914326055721,40.56659105348524],[-111.19106349317,40.56640247737814],[-111.1903251571862,40.56598388079092],[-111.1886141671829,40.56498759836276],[-111.1882519699639,40.56473143506339],[-111.1875393338171,40.56419656364454],[-111.1854427479855,40.56255942424929],[-111.1849301997646,40.56217376322012],[-111.1847432252689,40.56205154106117],[-111.1846959134118,40.56202909440902],[-111.1843398411112,40.5618413766888],[-111.1841245804891,40.56174172094762],[-111.1840382510261,40.56170582282152],[-111.1836799182891,40.56155414233418],[-111.1816591838863,40.56073203013106],[-111.1813763212364,40.5606163495511],[-111.1806869507291,40.5603507656633],[-111.1799634558841,40.56013207720156],[-111.1789882212877,40.55985882004693],[-111.1785330913797,40.55972258862427],[-111.1783988145182,40.55968829186781],[-111.1778250493555,40.55953539409072],[-111.1773416868477,40.55944154335555],[-111.1760927368983,40.55928399576104],[-111.1758422798999,40.55926816116364],[-111.1750862552128,40.55924768793739],[-111.1748357938917,40.55923004937952],[-111.1745912714637,40.55922501379763],[-111.17409264176,40.55916270376488],[-111.1738503911371,40.55912252838717],[-111.1733717130739,40.55900973524065],[-111.172894178406,40.55888162322481],[-111.17216486017,40.55867911062612],[-111.1707156542723,40.55826144515783],[-111.1702286987583,40.55814054316302],[-111.1699852410236,40.55808774895235],[-111.1697394417886,40.5580430657016],[-111.1692455477283,40.55797982687886],[-111.1685036909447,40.55795028088191],[-111.168260320948,40.55793171682623],[-111.1680204743459,40.55790503909994],[-111.1677853189032,40.557864840673],[-111.1673361354257,40.557730358223],[-111.1657094427408,40.5571660412672],[-111.1643652692827,40.55668147922831],[-111.1639278021934,40.55650192217794],[-111.1635127464034,40.55630881835485],[-111.1633164129411,40.55620098889597],[-111.1631306885525,40.5560841351925],[-111.1628335741274,40.55586626794737],[-111.162783993314,40.55582877057586],[-111.1626207462783,40.55567701981214],[-111.1623175751686,40.55539519633892],[-111.1621683937366,40.55524675846645],[-111.1620298127133,40.55508569302769],[-111.1619053928353,40.55491920221535],[-111.1617915819882,40.55474368747619],[-111.1615704608156,40.55439372962618],[-111.1611347460798,40.55370407366994],[-111.1608989279894,40.55337917980094],[-111.1607662787351,40.55322621257101],[-111.1604844811937,40.55293471485543],[-111.1603282549858,40.55279979772629],[-111.1601625893075,40.55266849704216],[-111.1597970470945,40.5524221583563],[-111.1596018778014,40.55229990659595],[-111.159187977449,40.55207975867074],[-111.1589680631124,40.55198096315686],[-111.1587422632089,40.55189028335179],[-111.1585082219122,40.55181042513441],[-111.1582694887091,40.55174408627406],[-111.1577720153462,40.55164116388455],[-111.1575179802656,40.55159646581199],[-111.1570005362307,40.55153861200815],[-111.1566807807631,40.55152147863785],[-111.1564760758905,40.55151049488158],[-111.1562127129664,40.55151715751283],[-111.1559505582228,40.55153552953151],[-111.1554322223716,40.55160199324142],[-111.154919890484,40.55171168947373],[-111.154669659316,40.55177959175157],[-111.1541739796677,40.55194151421465],[-111.1532052035721,40.55233108804276],[-111.1520158259821,40.55284166392356],[-111.1501042400229,40.55364055307036],[-111.1494092410709,40.55394325320226],[-111.1487343765823,40.55427385091664],[-111.1482955188024,40.55450864730235],[-111.14764672287,40.55488244805051],[-111.1467259542861,40.55544145412909],[-111.1464553568258,40.55560467894207],[-111.1442860676939,40.55692271226143],[-111.143480398151,40.55742190939503],[-111.1428469370457,40.55781188005215],[-111.1424363934573,40.55805112351125],[-111.1420104439462,40.55826786212094],[-111.1417909450232,40.55836362634273],[-111.1415643279826,40.55844498458429],[-111.1413294231213,40.55851734359153],[-111.1410897457096,40.55856718563061],[-111.1408476772387,40.5586035166963],[-111.140376459235,40.55864102679385],[-111.1402666046623,40.55863935843069],[-111.13991813441,40.55863077204175],[-111.1396972066805,40.55860941795819],[-111.1392659207471,40.55853696632283],[-111.1386277270605,40.55836746510577],[-111.1381370035082,40.5582246307377],[-111.137975323539,40.55817905857868],[-111.1378900101119,40.55816357498498],[-111.1378295109892,40.55815265628173],[-111.1377874451727,40.55814504886811],[-111.137226041134,40.55797815096731],[-111.1359354417777,40.55760850878652],[-111.1355549367106,40.55752607370048],[-111.1351532457761,40.55748059875506],[-111.1347374716355,40.557480183484],[-111.1343135139123,40.5575221181985],[-111.133884909927,40.55760369603011],[-111.1324941267019,40.55792962076671],[-111.1319203635,40.55807802375305],[-111.1314965641454,40.55820373098253],[-111.1305061960253,40.55853728337359],[-111.129993822597,40.5586738958137],[-111.129467194644,40.55876998177921],[-111.1288094351521,40.55885720268774],[-111.1273226525209,40.55903993016695],[-111.1267758626613,40.55909638679857],[-111.1262207780887,40.55913933651352],[-111.1256668470487,40.55916786802327],[-111.1251117024647,40.55917928122961],[-111.1245541735763,40.55917898273349],[-111.1239918932855,40.55916427236249],[-111.1234260381946,40.55913244611178],[-111.1228566136815,40.5590862066009],[-111.1222836168415,40.55902375199416],[-111.1217058669016,40.55894508348154],[-111.1169147882703,40.55819057841865],[-111.1163204714913,40.55808667471957],[-111.1157473759122,40.55795842259271],[-111.1151895946011,40.55780492734839],[-111.1146459376876,40.55762078502882],[-111.1141164012113,40.55740329315495],[-111.1135950906501,40.55715876396427],[-111.1130890935159,40.55688719062735],[-111.1126078489233,40.55658225788963],[-111.1121419320977,40.55625838949515],[-111.1097922582361,40.55459129077804],[-111.1093511516935,40.55425477491848],[-111.1090980141974,40.55402168278203],[-111.1082339428563,40.55308754798561],[-111.108014088561,40.55283460257709],[-111.1079755349278,40.55280346768757],[-111.1078714638029,40.5527193313271],[-111.1071853196946,40.55231853159447],[-111.1067841931685,40.55215061603919],[-111.1058612891118,40.55184579200401],[-111.1047864286925,40.55141443279028],[-111.104666131224,40.5512969751551],[-111.1040898674798,40.55105407416513],[-111.103675768074,40.55081183569644],[-111.1029190575327,40.55049855060448],[-111.1027744213278,40.55037192353573],[-111.1024351345188,40.55023573936014],[-111.1007563283217,40.54924614169976],[-111.0988412420635,40.54841113515315],[-111.0985813234559,40.54818505249744],[-111.098285414703,40.54781710896554],[-111.0978480872471,40.54741036584803],[-111.0975778902369,40.54717672208152],[-111.0971192098486,40.54677999412036],[-111.0962554291152,40.54611495563994],[-111.0960691179206,40.54589961663343],[-111.0956964236972,40.54566488241416],[-111.0954858053985,40.54537884231961],[-111.0953705331673,40.54503848928378],[-111.0952552619786,40.54469804602212],[-111.0952106152554,40.54435961651004],[-111.0953506271383,40.54374274817894],[-111.0956632860658,40.54312501608681],[-111.0962022391845,40.54236826690296],[-111.0965283926154,40.5416183597069],[-111.0967383164866,40.54052377605959],[-111.0968238428838,40.54029920119202],[-111.0971860283442,40.53981709802963],[-111.0973288489026,40.53960968166984],[-111.0979861333143,40.53897327378269],[-111.0985896640396,40.53824735889281],[-111.0988608696823,40.53766289600819],[-111.099131695357,40.53714428827475],[-111.0993092075657,40.53652846328772],[-111.099315879577,40.53616890979274],[-111.0991078834989,40.5356492711057],[-111.0988842318812,40.53524099621492],[-111.098471499208,40.53480441381488],[-111.0982713478226,40.53455521600675],[-111.0980844331198,40.53423231325156],[-111.0979615647067,40.53377971684455],[-111.0977691408443,40.53258844363982],[-111.0977049634132,40.53213831966763],[-111.0976319565352,40.53186820233341],[-111.0974772947905,40.53163283839174],[-111.0972691956069,40.53134896086818],[-111.097022627205,40.53107907916925],[-111.0965953221462,40.53066385324142],[-111.095877354217,40.53009643539635],[-111.0950047214328,40.52927292503863],[-111.0942595762467,40.52875398762935],[-111.0940868287202,40.52857403897398],[-111.0939685319556,40.528324766756],[-111.0938955636053,40.52806852067016],[-111.0938588708625,40.5278330558064],[-111.0938759897526,40.52707106251397],[-111.0938575471435,40.52688414117942],[-111.0938389498435,40.52658622933289],[-111.0937387234301,40.52625387931977],[-111.0930653958596,40.52513226487116],[-111.0928472397047,40.52489000864954],[-111.0925563889966,40.52466862100353],[-111.0920385870929,40.52432957609978],[-111.0917295131439,40.52407351627519],[-111.0904389260219,40.52277931179469],[-111.0898389668277,40.52216329484867],[-111.0894299891514,40.52178262201285],[-111.0891755237112,40.52156110747685],[-111.0889575305732,40.52142280735016],[-111.0886487822756,40.52130529713768],[-111.0882946389074,40.52122935222708],[-111.0870328021108,40.52107787737282],[-111.0857437448841,40.5209610935414],[-111.0851445197309,40.52087847372604],[-111.0847359426725,40.52078868415245],[-111.0843001538554,40.52065044462407],[-111.0838279032145,40.52042916701939],[-111.0834282317971,40.520187024333],[-111.0830738436312,40.51990322617306],[-111.0827448591958,40.51953949897381],[-111.0823557402051,40.51903797611036],[-111.0821285271629,40.51877489506203],[-111.0818323105097,40.51855564614298],[-111.0812967153594,40.51825719587492],[-111.0807351677659,40.51806831060372],[-111.080003787557,40.51780972059424],[-111.0792203065916,40.51761107148266],[-111.0785935948686,40.51751185992876],[-111.0780189578614,40.51732297033162],[-111.0776662859508,40.51716374868066],[-111.07696092447,40.51682548235691],[-111.0760337627799,40.51648735785022],[-111.0749107225959,40.51620917275879],[-111.072040295975,40.51572640382792],[-111.072047985536,40.51563171447025],[-111.0720594272067,40.51551341919682],[-111.0720592403947,40.51533891502375],[-111.0720861875747,40.5151495290758],[-111.0720588888607,40.51501053725467],[-111.0720083453179,40.51488038872875],[-111.0718880137291,40.51472668003372],[-111.0716319547817,40.51448134380528],[-111.0712245573676,40.51400240691044],[-111.0707174399674,40.51252956644411],[-111.0706231122668,40.51195277766872],[-111.0706219646709,40.51142142732562],[-111.0710225172921,40.51046604715152],[-111.0713060752661,40.51016767444545],[-111.0715180117373,40.5100063723623],[-111.0717532387605,40.50977082121269],[-111.071918265267,40.5095642321952],[-111.0726965834483,40.50891419577854],[-111.0729555011451,40.50854592453849],[-111.0730623281693,40.50844495615419],[-111.0740057794367,40.50782471619733],[-111.0740877678688,40.50767871770646],[-111.0741466522244,40.50734570692466],[-111.0742056462331,40.50721981318253],[-111.0748899534504,40.50687784016661],[-111.0750426581436,40.50675008342186],[-111.0751022702422,40.50665121584286],[-111.0752197255361,40.50613834649611],[-111.0752544438515,40.5053098550603],[-111.0751710692234,40.50494936858336],[-111.075052820275,40.50464277858452],[-111.0750401292968,40.50405729093167],[-111.0750046193785,40.50385902554606],[-111.0747085807451,40.50297543276396],[-111.0747083627778,40.50288534273117],[-111.074814146557,40.50270563449119],[-111.0750029589828,40.50258019667374],[-111.0753449642956,40.50224600991294],[-111.0759116934761,40.50182248544602],[-111.0763356982125,40.50157869237833],[-111.07739764595,40.50107366115503],[-111.0783645914141,40.50068535140889],[-111.0790481593976,40.50019029063278],[-111.0792838600579,40.50010778672422],[-111.0795671876407,40.50008182621101],[-111.0806053797529,40.50008101670789],[-111.0807763670557,40.49996684311329],[-111.0810309641699,40.49970206991424],[-111.0813004148539,40.49903431209958],[-111.0813951033065,40.49887253348297],[-111.0821022663282,40.49801725707763],[-111.0829388014565,40.49710620767403],[-111.0833277567613,40.49642989053385],[-111.0835043519315,40.49637642963567],[-111.0836938855857,40.49638386012339],[-111.0846261853515,40.49649282109966],[-111.0849318763814,40.49652773206888],[-111.0851927647421,40.49650177424026],[-111.0857113009074,40.49622220109958],[-111.0859946902718,40.49616694543126],[-111.0868682767334,40.49631854469509],[-111.0871631970312,40.49632859294313],[-111.0880241739439,40.49621911136533],[-111.0885313559864,40.4961105255543],[-111.0893925175014,40.4958771595067],[-111.0896636993486,40.49578577807885],[-111.0898523468085,40.49566040608142],[-111.0899942400725,40.49560687214441],[-111.090666612109,40.49548760764544],[-111.0912915778789,40.49530747565461],[-111.0921882387974,40.49490081707216],[-111.0934979315445,40.4942523761089],[-111.0943345170247,40.49377349696421],[-111.0948653886646,40.49341288137543],[-111.0972586450173,40.492266114479],[-111.098049003843,40.49200544598546],[-111.0988986577723,40.49186886584063],[-111.1001492081864,40.49192256391645],[-111.1013531590724,40.49190412697499],[-111.1021077131034,40.49185715639018],[-111.1026037610268,40.49175752762838],[-111.1028042475995,40.4917581602861],[-111.1033949095853,40.49187502110178],[-111.1036896009286,40.49190070311366],[-111.1055650544494,40.49192738380169],[-111.1060490142987,40.49187270637278],[-111.1065092305126,40.49172795846463],[-111.1066389011922,40.49171937040368],[-111.107158946306,40.49179988061994],[-111.1074766350517,40.49181670279826],[-111.1077363306177,40.4917996141205],[-111.1084565751502,40.49155434523274],[-111.1098948556547,40.49087694868739],[-111.1103542896875,40.49062407777127],[-111.1105788449184,40.49055278185939],[-111.1116168403366,40.49030854014511],[-111.1121939137644,40.49020014325342],[-111.1127603627893,40.49001968155732],[-111.113467370926,40.48950412319695],[-111.113680397321,40.48938778738079],[-111.113985320349,40.48890919727374],[-111.1141863761898,40.48869368281131],[-111.1143041751169,40.48857707950952],[-111.1146924707603,40.48835092834485],[-111.1152110367003,40.48778302332335],[-111.1156823568238,40.48746705597929],[-111.1160235063605,40.4872772539134],[-111.116590251422,40.48701524125501],[-111.1176155457891,40.486365731685],[-111.118405423907,40.48591573437808],[-111.1190885592493,40.48542710278904],[-111.1193252474041,40.48529280411698],[-111.1198315144127,40.48507606330504],[-111.12072751771,40.48460621015703],[-111.1210814452919,40.48445196545597],[-111.1218000571136,40.48383066741592],[-111.1221179262737,40.48364024115259],[-111.1223660505253,40.48344295090361],[-111.1224950873772,40.48329029107431],[-111.1225656238575,40.48295498968581],[-111.1225766855801,40.48254984111825],[-111.1224570581187,40.48203609184845],[-111.1225516044773,40.48160409786456],[-111.1225609652599,40.48084759807434],[-111.1226427278899,40.48019949035682],[-111.1227131402464,40.47999256781225],[-111.1228307571818,40.4797925320329],[-111.1231969731981,40.47940664495388],[-111.1236321274167,40.47910807078312],[-111.1238912671458,40.47888166608976],[-111.1240207476671,40.47872026518424],[-111.1242071207106,40.4780615032424],[-111.1242305842569,40.4773497627088],[-111.1251097570852,40.4743037529915],[-111.1253447481968,40.47379178377821],[-111.1257353748529,40.47323640135495],[-111.1260034257481,40.47274421468185],[-111.1260739053064,40.47258287561316],[-111.1261089250267,40.47238463803191],[-111.1262499652253,40.47210610402061],[-111.1264017851393,40.47191494595413],[-111.1270157148981,40.47155391041341],[-111.1278745456752,40.47094935617276],[-111.1283232085759,40.47053624376576],[-111.1284990892979,40.46997658537476],[-111.1286402847799,40.46978723792589],[-111.1289938991612,40.46964269877967],[-111.1291117070247,40.46956148564826],[-111.1292751418082,40.46928292280064],[-111.1298430409581,40.46892913081966],[-111.1302300079357,40.46834490785587],[-111.130995141455,40.46751430798879],[-111.1311715056905,40.46721861047908],[-111.1315011369505,40.46688309851382],[-111.1327616605208,40.46605372394344],[-111.1333505681305,40.46560979969079],[-111.1334211652902,40.4655205284033],[-111.1338570638206,40.46524885134665],[-111.1351178004308,40.46455548765445],[-111.1358819235566,40.46385999225613],[-111.1360609957849,40.46375257361604],[-111.1373667957726,40.4633185035013],[-111.1379399741399,40.46305367481982],[-111.1381749796082,40.46284555474323],[-111.1386227098226,40.46232249219505],[-111.1389012197956,40.46187828058569],[-111.1390975537933,40.46150975335925],[-111.1393142975014,40.46154417730065],[-111.1396586150624,40.46149871642621],[-111.1398614590391,40.4614849575609],[-111.1405136990751,40.46147605839255],[-111.1409382243605,40.46143229799718],[-111.1411716666383,40.46138606683735],[-111.1413979787927,40.46131461850581],[-111.1416159962438,40.46122516173386],[-111.1418257036936,40.46111048932281],[-111.1420271275115,40.4609832139957],[-111.1426489226126,40.46052388617927],[-111.143368418915,40.45997704576579],[-111.1439607169569,40.45952135103407],[-111.1441255208754,40.45937159491365],[-111.1444902454729,40.4589486136359],[-111.1446597587844,40.45879614812868],[-111.1448340703362,40.45868151450696],[-111.1450237875855,40.4586010958106],[-111.1452501503253,40.45855936982064],[-111.145486020174,40.45855096503082],[-111.1457290600155,40.45858579432081],[-111.1462317287616,40.4586905658068],[-111.1465160302998,40.45871633215417],[-111.1467931711006,40.45870336783867],[-111.146982988158,40.45866979303354],[-111.1471585986973,40.45861191147835],[-111.1473765603775,40.45850442571192],[-111.1477004454901,40.45829410068975],[-111.1487082376019,40.45747568469576],[-111.149232320968,40.45713266408305],[-111.1493488592918,40.45703161182237],[-111.1496029603895,40.45673758706123],[-111.149759547166,40.45661395982907],[-111.1501575975547,40.45634947723711],[-111.1502576717676,40.45627096814927],[-111.1503341518229,40.45618978693396],[-111.1503999890293,40.45609600679281],[-111.1505091399,40.45585712392445],[-111.1505465707034,40.45571833523909],[-111.1505426304131,40.45553815861918],[-111.1503997444777,40.45492842933751],[-111.150392308703,40.45476717632204],[-111.1504167600777,40.45462570181107],[-111.1504636594791,40.45450221625428],[-111.1505318073535,40.45438771209811],[-111.1506211774686,40.45427047752315],[-111.1507270542785,40.45415141953758],[-111.1513625296561,40.45353616925846],[-111.1517472241331,40.45311223763463],[-111.1520836382771,40.4527226027788],[-111.1521824157967,40.45259544458734],[-111.1522822990625,40.45243585211956],[-111.152364467543,40.45226547199977],[-111.1524837060439,40.45179954466906],[-111.1525435457039,40.4516643293196],[-111.152624604613,40.4515254822856],[-111.1527233610104,40.45139021545017],[-111.152942112385,40.45112505887712],[-111.1531398186616,40.45094101161249],[-111.1532821479391,40.45077956018184],[-111.1534152326815,40.4507019054253],[-111.1535200262772,40.45062969354585],[-111.1537049420143,40.45052674414403],[-111.1538239440768,40.45047973856191],[-111.1541480937514,40.45041083765957],[-111.1543047976444,40.45034846584035],[-111.1545239830651,40.45027700121151],[-111.1550480534295,40.44996548570051],[-111.1557321184596,40.44948798499768],[-111.1559606004939,40.44935884689183],[-111.1560972442647,40.44929289605619],[-111.1562504414039,40.44924584178992],[-111.1563671393462,40.44922406216777],[-111.1568894210542,40.44916479540819],[-111.1570119919429,40.44913309715744],[-111.1571769618931,40.44907791748456],[-111.1579604489288,40.44876603571731],[-111.1581889728251,40.44865761406255],[-111.1583373337245,40.44856101360548],[-111.158524503926,40.44841931425363],[-111.1586810995505,40.44831459387096],[-111.1590622102784,40.44790325521687],[-111.1591090467208,40.44776174790722],[-111.1591852833167,40.44758596551721],[-111.1592659557777,40.44729125684191],[-111.1593327745694,40.44712269459534],[-111.1594314855383,40.4469766110782],[-111.1595432698699,40.44687375311502],[-111.1599046684128,40.44660928713886],[-111.1601331947072,40.44650626706302],[-111.1606442277176,40.44619023951459],[-111.161012751615,40.44595008472101],[-111.1611858595507,40.44585074336765],[-111.1613141504624,40.4457487615687],[-111.1614447304305,40.44561794730132],[-111.1615587923628,40.44548355232783],[-111.161661040209,40.44534016465724],[-111.1619088407408,40.44491819184217],[-111.1619744519378,40.44474152150195],[-111.1620955691759,40.44459990881123],[-111.1623802983784,40.44433554247856],[-111.1626627473368,40.44410451232973],[-111.1627839315332,40.4439917279451],[-111.1629156648615,40.44385280216111],[-111.1629224462963,40.44373116968405],[-111.162902191514,40.44364471081547],[-111.1627957028089,40.44349440875749],[-111.162571295432,40.44334337156905],[-111.162436716111,40.44327959608931],[-111.1622467486598,40.44322941185812],[-111.1620486138568,40.4432152751876],[-111.1611950019735,40.44326061318129],[-111.1603779046293,40.44328967783144],[-111.1594287012665,40.4433027025727],[-111.1588037140017,40.44329185093877],[-111.1577824524398,40.44325000557473],[-111.1573508515908,40.44323978289756],[-111.1569157489757,40.44324487884305],[-111.1562673106732,40.4432908026952],[-111.1561434666387,40.4432774563705],[-111.1560384726874,40.44325687718689],[-111.1559358059099,40.44322278110894],[-111.1558507372804,40.44314992205803],[-111.155805727181,40.44306259439197],[-111.1558159902023,40.4429112275629],[-111.1558842047428,40.44283455819226],[-111.1559913709723,40.44277495353255],[-111.1561269014447,40.44274323870353],[-111.1564464578805,40.44274460852471],[-111.1565914088063,40.44270747493803],[-111.1568209428467,40.44253418894059],[-111.1568018293448,40.4424279073957],[-111.1567461517218,40.44231717087277],[-111.1566303857124,40.44222723669547],[-111.1564922245365,40.44214093636133],[-111.1563694573442,40.44208254327584],[-111.1561440753864,40.44201167594815],[-111.1559682242634,40.44194344410038],[-111.1558265645253,40.4418733640813],[-111.1554713327951,40.44173960662664],[-111.1552447116076,40.44164171187956],[-111.154950720894,40.44147453686006],[-111.1548679848648,40.44138906118248],[-111.154802872002,40.44127563360769],[-111.1547742793957,40.44114774253121],[-111.1547928355518,40.44101258103694],[-111.154863279429,40.44088005277519],[-111.1551361141774,40.44056526901984],[-111.15523016624,40.44044442068674],[-111.1553088106589,40.44028935835192],[-111.1553825349939,40.4400460132796],[-111.155519758312,40.43921608952941],[-111.1555440418357,40.43900884726053],[-111.1554818510349,40.43862784541583],[-111.1553586348954,40.43837125131226],[-111.1552829497131,40.43827405456007],[-111.1552295595249,40.43812998042763],[-111.1552044674033,40.43798586828073],[-111.1551959777155,40.43788317576781],[-111.155288214697,40.4374875517509],[-111.1553951966787,40.43735137035637],[-111.1557657062256,40.43696257884931],[-111.1563995029228,40.43622117377132],[-111.1567417265704,40.4358423273578],[-111.1569040528229,40.43567814121764],[-111.1570734734498,40.43552295432549],[-111.1571711612149,40.4354489467906],[-111.1573818592857,40.43529910878942],[-111.1575820124797,40.43517811395528],[-111.1586971238341,40.43456937400494],[-111.1591292219351,40.43431382197371],[-111.1592669282991,40.43421273020481],[-111.1596081895069,40.43393658049217],[-111.1606188610107,40.43305498963642],[-111.1608942207859,40.4328347841741],[-111.1610154586828,40.43275173146201],[-111.1613757413205,40.43254762296043],[-111.1629524747515,40.43174900486804],[-111.1633009739689,40.43155211424428],[-111.1636128993664,40.43134536429093],[-111.1639318440896,40.43111698163718],[-111.1644284200476,40.43072888408413],[-111.1650107954734,40.43023525517446],[-111.1651117503263,40.43005763125408],[-111.1651948817594,40.42982327520944],[-111.1652122020076,40.42967459986535],[-111.1652095862171,40.42956919681529],[-111.1652268578654,40.42940070145145],[-111.1653218986461,40.42921587847228],[-111.1653945526775,40.42903649291377],[-111.1654733194969,40.42894628892554],[-111.1656003686513,40.42883439382813],[-111.1656967810927,40.42872884889059],[-111.1659753621384,40.42839421062531],[-111.166339816097,40.42798467238007],[-111.1667526514702,40.42759578418912],[-111.166940800132,40.42740361819495],[-111.1670994443171,40.42719888175174],[-111.1671616532486,40.42708888042847],[-111.1672097198362,40.42698070134999],[-111.1672611800882,40.42681485889936],[-111.1672774076651,40.4267031221916],[-111.1672806563836,40.42658689969268],[-111.1672600196316,40.42634638572594],[-111.1671479277515,40.42583032453587],[-111.1671024732404,40.42556462081178],[-111.1670842174494,40.42533311246302],[-111.1671014811418,40.42516371579665],[-111.1671341500601,40.42502672973777],[-111.1671997596467,40.42486266863128],[-111.1673489217036,40.42463992720172],[-111.1674629745417,40.42452084148255],[-111.1676182371325,40.42438187581486],[-111.1681853780979,40.42395582101794],[-111.1684854944312,40.42376078672793],[-111.1687985873533,40.42357023727703],[-111.1691529552849,40.42338683390368],[-111.1695333095575,40.42322501326698],[-111.1697158587956,40.42315807783746],[-111.1701387294396,40.42302862568106],[-111.1703390051926,40.42297968145377],[-111.1707549487183,40.42290879663856],[-111.1715138613286,40.42281217648014],[-111.1723657780824,40.42266856521209],[-111.1725719382702,40.42261690560142],[-111.1732208902258,40.42239340946666],[-111.1735989734135,40.42227121904567],[-111.1744577049547,40.42203208525859],[-111.1747204228149,40.42197222823579],[-111.1748264701226,40.42195495057005],[-111.1756809538523,40.42189869962549],[-111.1758800832989,40.42186506307166],[-111.1762275782813,40.42176903707642],[-111.1768847213306,40.42153019233456],[-111.1770543675915,40.42149209428936],[-111.1772217057336,40.42147291872484],[-111.1773973355156,40.42146904573285],[-111.1775694454978,40.42147148427707],[-111.1778123443768,40.42149723748204],[-111.1774898461222,40.42078691189538],[-111.1774134223808,40.42041314986412],[-111.1773416014748,40.41820061468161],[-111.1768487700339,40.41680405111042],[-111.1767540727878,40.41620058307816],[-111.1768306237442,40.41572568394957],[-111.176968660809,40.41532546657488],[-111.1776040667445,40.41446501947369],[-111.1777036915519,40.41425134954708],[-111.1777046995753,40.41418648211581],[-111.177713624027,40.41399457349419],[-111.1775180306583,40.41357054294041],[-111.1775220066049,40.41328945130842],[-111.1776146457506,40.41310912600342],[-111.1781998574686,40.4124442510312],[-111.1784450939555,40.41202855085189],[-111.1786718738539,40.4113200811243],[-111.1788324925687,40.41055315370016],[-111.1788538055061,40.41014500595762],[-111.1787926484471,40.40974869763739],[-111.1780754864318,40.40818671535087],[-111.1780050379051,40.40783997116618],[-111.17803607536,40.40754262108668],[-111.1781191297385,40.40730645316249],[-111.1783094374054,40.40707282257517],[-111.1787681891312,40.40674057708927],[-111.1792239121412,40.4066011305326],[-111.1812582111857,40.40621867379213],[-111.1815773408792,40.40612537872033],[-111.1819834106389,40.40593194426278],[-111.1823221910663,40.40569717234245],[-111.1827089444658,40.4053352944214],[-111.1833545016652,40.40436849014058],[-111.1835031445948,40.40399077031061],[-111.1835469064981,40.40361501862831],[-111.18349571163,40.40212137990197],[-111.1834536246384,40.40181153126938],[-111.1830754970821,40.40056345956649],[-111.1829619553359,40.39910505427476],[-111.1830722119072,40.39848054401577],[-111.1830613525238,40.39795172264445],[-111.1834093770016,40.39723133802138],[-111.1834219478476,40.39665292893149],[-111.1832216998625,40.39624513064593],[-111.1830360944689,40.39602199696467],[-111.1826688873702,40.39574779767211],[-111.1821874286492,40.3954899937821],[-111.1791379604031,40.39418302136909],[-111.1785166385029,40.39405064631868],[-111.1776456459438,40.39396730132634],[-111.1768776227406,40.39360721042008],[-111.1765285657201,40.39350053452871],[-111.1755741036822,40.39348667201828],[-111.1750912111456,40.39356848683165],[-111.1749014838149,40.39356066568266],[-111.1742408521418,40.39371481909712],[-111.1739536846915,40.39384678550127],[-111.1725821281193,40.39384523691506],[-111.1717541777465,40.39400322938371],[-111.1706788964725,40.39420842898765],[-111.1703324251432,40.39419002056899],[-111.1699668563833,40.39407434001495],[-111.1696764676374,40.39386575343372],[-111.1695202806221,40.39360651803438],[-111.1692613447127,40.39278165609852],[-111.1691850000619,40.39193760717768],[-111.1690710973606,40.39162245225582],[-111.168773314995,40.39127873631968],[-111.1687328831278,40.3911301437377],[-111.1678745841295,40.38997010858119],[-111.1666366628198,40.38918089218398],[-111.1663909802262,40.3889325922899],[-111.1662110757699,40.38860131278023],[-111.1661324281795,40.38824105813492],[-111.1661530935265,40.38802030324332],[-111.166319292705,40.38757050562946],[-111.1663096123056,40.38746691383381],[-111.1665181461623,40.38698552282396],[-111.166575777409,40.38694489845273],[-111.166906857776,40.38599395106559],[-111.1668846279578,40.3855795601539],[-111.1667329791466,40.38523742944547],[-111.1663631458891,40.38480281786896],[-111.1660067391664,40.3845564780322],[-111.16594423343,40.38453044106907],[-111.1656434935005,40.38440294161873],[-111.1654903153039,40.38439505264424],[-111.1654843253889,40.38435451982563],[-111.164524576074,40.38405047740201],[-111.1640230448411,40.38371154303822],[-111.1637820497174,40.38344070770273],[-111.163670769628,40.38321923893944],[-111.1634908413371,40.38237893504891],[-111.1632887804824,40.38212876473394],[-111.163065782559,40.38198943676056],[-111.1620046320773,40.38163146099548],[-111.1616464508542,40.381614844719],[-111.161403912083,40.38167734697344],[-111.1610286857222,40.38192382127551],[-111.1606317039319,40.38243609601286],[-111.1602920338352,40.38277531327095],[-111.1596167090949,40.38316274204035],[-111.1595837196111,40.38316188664859],[-111.1593622160821,40.38315498473797],[-111.1586228714175,40.38287311231606],[-111.1581584433991,40.38276653891737],[-111.1575163864315,40.38277372166085],[-111.1574717377016,40.38282513491139],[-111.1572468519617,40.38288309979907],[-111.1568074108124,40.3828818946456],[-111.1562663540775,40.38275199360204],[-111.1558866528192,40.38260115147088],[-111.1547482074974,40.3819170801894],[-111.1537121456372,40.38117430174604],[-111.1535243392023,40.38095833032474],[-111.1534000010179,40.38067650722753],[-111.1533740424636,40.38065852324838],[-111.1533671367345,40.38021077492627],[-111.1531693301272,40.37973895470886],[-111.1528435685041,40.37946640675732],[-111.1524909743214,40.37930921110421],[-111.1521867507672,40.37918258203132],[-111.1519591804631,40.37909098736696],[-111.1513865435754,40.37904489050504],[-111.1510753696933,40.37896962008073],[-111.1508327401531,40.37899155887926],[-111.150567577123,40.37894595745359],[-111.1501490004474,40.37877983132073],[-111.1496263914872,40.37844806888275],[-111.1486283455094,40.37833674074604],[-111.1479789458357,40.37819973262129],[-111.1476240449237,40.37805693977165],[-111.1469387415081,40.37765870454907],[-111.1459449279404,40.37731761299761],[-111.144627592663,40.37717421963242],[-111.143909348779,40.37678411586378],[-111.1431759974547,40.37648772211035],[-111.1424927979126,40.3759498150154],[-111.1419176753981,40.37582619505888],[-111.1410315766282,40.37570835740882],[-111.1390250303609,40.37492968807867],[-111.1378328228327,40.37430677650094],[-111.1370731205272,40.37376892830508],[-111.1353107080512,40.37308810508248],[-111.1334110581816,40.37208668510386],[-111.1325426319352,40.37193813057244],[-111.1315989608364,40.37186082799357],[-111.130413503272,40.37162072372917],[-111.129866631712,40.37145647037175],[-111.1290084359772,40.37110517032261],[-111.1280844723457,40.37085213724928],[-111.1273265507332,40.37057278735595],[-111.1264757616685,40.37038993275198],[-111.12624112607,40.37026496091372],[-111.1261596126282,40.37013711890021],[-111.1262252217738,40.36994785363487],[-111.1271207068302,40.36947298769424],[-111.1283480935438,40.36948874963721],[-111.1298210240686,40.36917358468627],[-111.1313137845627,40.36876558344068],[-111.1315211055621,40.36877345616652],[-111.1331542992876,40.36910943329745],[-111.1336304372141,40.36924852710349],[-111.133838941395,40.36925819615053],[-111.1341189623203,40.36909930942716],[-111.1343352318721,40.36886752137291],[-111.13440674742,40.3686989657907],[-111.1344016672928,40.368513381669],[-111.1341432760529,40.36769834676151],[-111.1340098667653,40.36694623100129],[-111.1336206961448,40.36610521939568],[-111.1335079531972,40.36567470845692],[-111.13358887218,40.36549713320316],[-111.1340289587252,40.36528670899855],[-111.1341004927007,40.36512896455709],[-111.134026057096,40.36501102992441],[-111.1333939827549,40.36462076005225],[-111.1332781397624,40.36440827575041],[-111.1332778381264,40.3642551191663],[-111.1333796738971,40.3639342731252],[-111.133562734692,40.36359261197209],[-111.1336990065957,40.36341497264346],[-111.1339447804842,40.36322189069023],[-111.1347260171475,40.36281646872584],[-111.1349639206831,40.36281348858772],[-111.1354105412936,40.36293639305581],[-111.1355436201704,40.36293173255709],[-111.1364142103188,40.36245502147648],[-111.136776430731,40.36219242497297],[-111.1374188013353,40.36185471815887],[-111.137573925546,40.36168786289892],[-111.1376371134836,40.36148598085065],[-111.1376618290559,40.36089854925444],[-111.1379689007932,40.35958733932312],[-111.1381623329483,40.35915106126669],[-111.1386318733588,40.35839822791817],[-111.1386643780353,40.35816845332348],[-111.1386294483294,40.35778920615391],[-111.1385908919278,40.35736401616119],[-111.1386413436011,40.35727206142971],[-111.1388498490015,40.35672585122336],[-111.1388844634683,40.35637715195708],[-111.138720213738,40.35610617083455],[-111.1381762008046,40.35555996088898],[-111.1379979584463,40.35547035151667],[-111.1378166517675,40.35537930404014],[-111.1371449567258,40.35516207870035],[-111.1362306606926,40.35435322796608],[-111.1356068697359,40.3539395356272],[-111.135079959229,40.35368068585341],[-111.1341960674359,40.35333575960708],[-111.1340015170081,40.35321165753396],[-111.132679079348,40.35321678575664],[-111.1324623198517,40.35317559165338],[-111.132338499331,40.35308744275059],[-111.132309976394,40.35295413849639],[-111.1323673579806,40.3527901045072],[-111.1326997849513,40.35236538794118],[-111.1330970506951,40.35197933557605],[-111.1337816073734,40.35157673324151],[-111.1339777768738,40.35133145454534],[-111.1340445004354,40.35113047092665],[-111.1342434929856,40.35052842209128],[-111.1345117995248,40.34984701083334],[-111.1345056523035,40.34971638379996],[-111.1344277415441,40.34961917442906],[-111.1334398217365,40.34904012235944],[-111.1331005043564,40.34894411428288],[-111.1324856631717,40.34885652945081],[-111.132178102475,40.34874066192338],[-111.1318230386048,40.34841763483352],[-111.1316256262432,40.34802325421249],[-111.1316097109829,40.34771065110117],[-111.1318607986413,40.34724909114394],[-111.1319669394584,40.34673003681029],[-111.1325073669856,40.34550596149852],[-111.1327574519113,40.34514079967003],[-111.1328334831293,40.34488394843025],[-111.132695300726,40.34466968660118],[-111.132468867017,40.34448435533922],[-111.1316937101429,40.34428163113594],[-111.1312315721969,40.34398304883609],[-111.1310543739493,40.34368234033738],[-111.1311170762843,40.34322820237321],[-111.1323791121693,40.34193753907121],[-111.1336203248065,40.34085860358813],[-111.1346424110689,40.33973125981344],[-111.1348340275038,40.3395832845931],[-111.1350563892007,40.33950284268407],[-111.1352930190557,40.3394926559655],[-111.13604338903,40.33968637612116],[-111.1365700524775,40.33987495017417],[-111.1367312609353,40.33982971338479],[-111.1368617593495,40.33973586265482],[-111.1370767012213,40.33948064581111],[-111.1371814904357,40.33890122550519],[-111.1375370752441,40.33833321917641],[-111.1375764003388,40.33798631544449],[-111.137488209608,40.33746027878084],[-111.1375583990823,40.33723856721478],[-111.1377851714077,40.33701666919259],[-111.1384862838406,40.33673744538712],[-111.1389058826236,40.33639458986181],[-111.1390820310638,40.33617635375704],[-111.139250762695,40.3357869500731],[-111.1394421168208,40.33552184685828],[-111.140181727432,40.33508310210837],[-111.14149514582,40.33487519056488],[-111.1434520994669,40.33390878759776],[-111.1443957311747,40.33365715561115],[-111.144873228385,40.33343673218661],[-111.1451256782793,40.33312829840379],[-111.1452384789901,40.33247858776179],[-111.145446536934,40.33233237600825],[-111.1457771251551,40.3322319568619],[-111.1458088910982,40.33222290754573],[-111.1459910362759,40.33207132189806],[-111.1461210133724,40.33174862552533],[-111.146120747172,40.33162519870574],[-111.146120912064,40.33115581490981],[-111.1460625448162,40.33083876187692],[-111.145889013797,40.33061555063805],[-111.1457121983835,40.33050676116608],[-111.145110222336,40.33030931362238],[-111.1448318809571,40.33006551084942],[-111.1441674862059,40.32819240936799],[-111.143997882023,40.32704123361334],[-111.1440037674165,40.32648715499676],[-111.1440861907682,40.32594469309952],[-111.1443368406123,40.32535517300519],[-111.1447354304522,40.32514295664862],[-111.145952346311,40.32504052365248],[-111.1469888580736,40.32479866319304],[-111.1476910264313,40.32453920218817],[-111.1478812370607,40.32431913245235],[-111.1478736043797,40.32405787271092],[-111.1476894851482,40.3238319746508],[-111.1470951667946,40.32334172534379],[-111.1470218594816,40.32319046238418],[-111.1470874277671,40.32303001358867],[-111.147214369823,40.32294606567503],[-111.1474120318871,40.32290617307315],[-111.1479382855265,40.32295234962717],[-111.1481465762808,40.32292865890891],[-111.1484641017324,40.32279851799848],[-111.1487013935768,40.32258108920882],[-111.1492119993777,40.32193626708695],[-111.1495098172752,40.3208790920047],[-111.1498436914788,40.32069577127755],[-111.1506968687824,40.32061718307713],[-111.1509142908085,40.32046914715503],[-111.150935136278,40.32031596188099],[-111.1507104734087,40.31985407772732],[-111.1508026721734,40.3195007930232],[-111.1513284755216,40.31882891352237],[-111.1517704511115,40.31857066851865],[-111.1518926992987,40.31849933459381],[-111.1520171799856,40.31837394179469],[-111.1520733381208,40.31822341264481],[-111.1520267262333,40.31790724739613],[-111.1515302393958,40.31694480424199],[-111.151510934679,40.31673311087562],[-111.151589511289,40.31660777860851],[-111.1518670545121,40.31650921318317],[-111.152605145006,40.3165686042624],[-111.1531912130815,40.31654170271081],[-111.1534945121691,40.31638363786163],[-111.1536998528444,40.3161067795708],[-111.1537336085672,40.31594096350015],[-111.1536814285201,40.31576715322878],[-111.1532035896892,40.3152479500334],[-111.1530166205813,40.31479953399048],[-111.1530243455448,40.31352921129677],[-111.1532238316625,40.31326857821864],[-111.1536551533439,40.31300223151894],[-111.1542407228301,40.31276991303825],[-111.1549618944593,40.31265272921079],[-111.1551545360098,40.31249120435659],[-111.1550740622926,40.31229671113582],[-111.1543338159391,40.31178777396788],[-111.1540198021409,40.31136385382906],[-111.1537961615053,40.3108298990784],[-111.1537885015793,40.31056593636951],[-111.1538611110275,40.31040907776398],[-111.1544191774391,40.30999570763748],[-111.1551091998609,40.3091361968285],[-111.1553865236365,40.30895744023046],[-111.1557228197058,40.30883626322735],[-111.1562181645303,40.30879235071721],[-111.1586067870076,40.30914857247406],[-111.1591485425141,40.30932351015443],[-111.1593203351617,40.30931246252904],[-111.1594401986917,40.3092384210165],[-111.1594621771635,40.30907622304264],[-111.1593359746,40.30895657301905],[-111.1591668462587,40.30859823503384],[-111.1591737833543,40.30804415249267],[-111.1590942667524,40.30775866649484],[-111.158970330088,40.30760027285945],[-111.1581750738874,40.30721035842697],[-111.1571529263647,40.30640812006595],[-111.1569362456267,40.30634264615059],[-111.1563158912679,40.30626150115925],[-111.1561049650515,40.30613925918973],[-111.1560446486184,40.30600870540648],[-111.1560700566992,40.30579965488675],[-111.1562340289048,40.30546248495499],[-111.1567247419844,40.30495279456564],[-111.1570807035028,40.30469464519676],[-111.1584981800494,40.30396926334639],[-111.1595765773653,40.30318036602249],[-111.1597690579624,40.302966579375],[-111.1600686211657,40.30275354523235],[-111.1609783924054,40.30232614186231],[-111.1615149021889,40.30180105132546],[-111.1617040682012,40.30168186397668],[-111.162179262403,40.30160011490687],[-111.163004541724,40.30177013234876],[-111.1633446093698,40.30176965273522],[-111.1643829473297,40.30148258646356],[-111.1645756637258,40.30137420056494],[-111.1646715448392,40.30112360482969],[-111.1646885824756,40.30038661751332],[-111.1645706346114,40.30027146593029],[-111.1640570492361,40.30004335834817],[-111.1637278066333,40.29965011701535],[-111.1633163208879,40.299306542156],[-111.163281688028,40.29909487175929],[-111.1635047014727,40.29886571980143],[-111.164215772432,40.29853226840788],[-111.1650670497924,40.29827789480915],[-111.1651903538675,40.29817771523945],[-111.1654964001928,40.29774392897513],[-111.1657503067175,40.29764266098183],[-111.166039877495,40.29769089618605],[-111.1664665308299,40.29798038363561],[-111.1669011427801,40.29815543949559],[-111.1680995534423,40.2983915509141],[-111.1683466110366,40.29837587583916],[-111.1692442508737,40.29784661940234],[-111.1694409715573,40.29746433576119],[-111.1701827389587,40.29672087798443],[-111.170346834073,40.29646927607153],[-111.1703735409022,40.29632779019176],[-111.1702841530816,40.29587295035186],[-111.1702503159613,40.29504864587778],[-111.1700417573436,40.29492822745718],[-111.1693463210412,40.29489951659964],[-111.1691967307003,40.29483396728648],[-111.1691152476985,40.29471426222593],[-111.1691759783683,40.29453308575684],[-111.1698498607779,40.29347350118757],[-111.1698737338707,40.29314012057246],[-111.1696659257584,40.29284672099588],[-111.1690639972689,40.29256200598719],[-111.1688647127509,40.2923821101844],[-111.1684837297498,40.29152227343353],[-111.1684530125008,40.29099707346344],[-111.1682497176325,40.29062077869209],[-111.1680293441684,40.29047334568866],[-111.1675490973447,40.29038034493301],[-111.1672981370692,40.29023295481704],[-111.1671174484511,40.28995572811003],[-111.1670353695145,40.28959006720693],[-111.1668726921758,40.28945966642249],[-111.1666444285958,40.28945008512105],[-111.1649545581356,40.28975972528867],[-111.1647262500592,40.28973212157607],[-111.1646814557541,40.2896961479567],[-111.1646235910905,40.28960703777643],[-111.164664298509,40.28892857607062],[-111.1646114367349,40.28799167913385],[-111.1647407751959,40.28699235823896],[-111.1650877035919,40.28597380714753],[-111.1652177785022,40.28576460453159],[-111.165961619344,40.28494008521933],[-111.1661432266042,40.28463891219922],[-111.1667528958547,40.28236227206355],[-111.1667748970547,40.28221989251306],[-111.1668767735408,40.28155125129026],[-111.1660976262125,40.27706210641698],[-111.1654896987145,40.27184024598993],[-111.1652134869808,40.27046941386198],[-111.1651616409406,40.26994694405961],[-111.1653478708131,40.26866103994555],[-111.1657771896161,40.2672279343614],[-111.1671884490562,40.26385459284524],[-111.1672441072703,40.2635328773377],[-111.1672176864441,40.26331038367154],[-111.1669861219715,40.26287916840636],[-111.1661724170126,40.26196318398639],[-111.1642892135097,40.25839545085351],[-111.1626632640943,40.25610665815515],[-111.162497640582,40.25569065661539],[-111.161934293086,40.25318773373999],[-111.1613025321489,40.25156692324727],[-111.1609965243015,40.25094840315749],[-111.1607712959529,40.25067573123572],[-111.1604580301132,40.25046534586605],[-111.1600532014167,40.25031815215672],[-111.1592108145262,40.25010398923624],[-111.1587315864947,40.24981634644886],[-111.158349370215,40.24927810739485],[-111.1571496322022,40.24706162569464],[-111.1570964377908,40.24693826895581],[-111.15700161764,40.24660955404121],[-111.1567016598281,40.24399903193557],[-111.1567525035085,40.2436142609403],[-111.156859422744,40.24332941845883],[-111.1569686778965,40.24303826610358],[-111.1549039498362,40.24242840744117],[-111.1528005042661,40.24183748276638],[-111.1514558294802,40.24144103379709],[-111.1492700122507,40.24078798756715],[-111.1462372581789,40.23989452059218],[-111.1435186126156,40.23906635370849],[-111.141963942277,40.23860311437525],[-111.1403718876708,40.23812962870939],[-111.1372735429364,40.2372396096242],[-111.136774779904,40.23708433696958],[-111.1362936420513,40.23692363574878],[-111.1358571461027,40.23674666315578],[-111.1354288096672,40.23653364164036],[-111.1350509933134,40.23630434261737],[-111.1346860518539,40.23604529624548],[-111.1343622329606,40.23577358777439],[-111.1339982612109,40.23540732583563],[-111.1337189790899,40.23506438944128],[-111.1335398210816,40.23482314347426],[-111.1329195846712,40.23385264040493],[-111.1324988424072,40.23329994348145],[-111.1322184693424,40.2329921413846],[-111.1319240521385,40.23271498668457],[-111.1316120378897,40.23245496916284],[-111.1312824456967,40.23222199903923],[-111.1309364334937,40.23200706541901],[-111.1305728118239,40.23180296194814],[-111.1297339724738,40.23143091444778],[-111.1293140336071,40.23127912485661],[-111.1288859228811,40.23115617304322],[-111.128449656815,40.2310710683403],[-111.1280087340151,40.23100939168488],[-111.1275466804128,40.23096215173967],[-111.1270634957572,40.23092934825238],[-111.1265932787355,40.23091634933333],[-111.1257351720653,40.23091368090471],[-111.1251779782226,40.23090527540643],[-111.1247195049311,40.23088594956525],[-111.1242621826765,40.23085310651177],[-111.1238001294204,40.23080404971875],[-111.1233474528562,40.23073966503959],[-111.1228970955274,40.23065725724526],[-111.1225090377695,40.23057388082982],[-111.1222459618465,40.23050604760588],[-111.1219904130198,40.23044018792704],[-111.1215482038496,40.23031091719617],[-111.1211059626595,40.23016272497863],[-111.1206189918297,40.22997853992098],[-111.1177358324508,40.22876973847632],[-111.1161278205474,40.22807943761051],[-111.11107347943,40.22593294226473],[-111.1097514118571,40.22536120241115],[-111.1093197388541,40.22517061057477],[-111.1088303940302,40.22492961843841],[-111.1080245869508,40.22450602814252],[-111.1072316052453,40.2240103447072],[-111.1069691582653,40.223793459748],[-111.1065726083198,40.2235037211662],[-111.1060287528991,40.2229636534345],[-111.1056708313755,40.22256666382494],[-111.105470645642,40.22232269019082],[-111.1052209442727,40.22197965721601],[-111.1049393574938,40.22153664763415],[-111.1047425243886,40.22117644766993],[-111.1046258012517,40.22093780263344],[-111.1043495335039,40.22027928050014],[-111.1042282726784,40.21991531755096],[-111.1041853773123,40.21961020580524],[-111.1041227987005,40.21942178423119],[-111.1040847970626,40.21916522900672],[-111.104023061274,40.21875895786365],[-111.1038066818424,40.21713384526866],[-111.1037308247817,40.21671317134681],[-111.103384234132,40.21546702202097],[-111.1028891364963,40.21423722051825],[-111.1023580134896,40.21279599624375],[-111.1022987267597,40.21236647712821],[-111.1022569015399,40.21190432824189],[-111.1022738557585,40.21145654254087],[-111.102350734942,40.21100419909843],[-111.1024769685079,40.2105518118891],[-111.1026466975361,40.2101110982631],[-111.1028575737647,40.20968386201338],[-111.1035302191996,40.20845436995608],[-111.1037211467726,40.20805237638893],[-111.1038932529589,40.20763868705215],[-111.1040371966741,40.20725205117854],[-111.1042861186685,40.20635898785138],[-111.1044705064966,40.20553085037203],[-111.1048727721693,40.20350335312049],[-111.1049484849348,40.20307353210724],[-111.1050136037517,40.20263200829252],[-111.1050434944553,40.20220493155598],[-111.1050275662499,40.20178150015284],[-111.1049716823315,40.20135360020981],[-111.1048652882377,40.20093385451195],[-111.1047248383965,40.20052495088419],[-111.1045385631141,40.20011338559958],[-111.1043029784555,40.19972528909561],[-111.1040204087305,40.19934354095554],[-111.1036885034204,40.19896724199243],[-111.1034543339088,40.1987314028211],[-111.1028520906075,40.19828056390107],[-111.1025239184243,40.19803489585265],[-111.1019712399257,40.19772185363237],[-111.1015526786741,40.19752491365057],[-111.1012540735749,40.19740444798982],[-111.1006369372389,40.19719326300247],[-111.100116252061,40.19705406730024],[-111.0995991358682,40.19694369656374],[-111.0975519700391,40.1965958712956],[-111.0965847868574,40.19642009613663],[-111.0956105391196,40.19622990353166],[-111.0951251682763,40.19612669416481],[-111.0936502231861,40.19578553583847],[-111.0926618096238,40.19553316432124],[-111.0921634819626,40.19539841965131],[-111.0910057860376,40.19506147933618],[-111.0900126147076,40.19474962621366],[-111.0871659202388,40.19382022232985],[-111.0817125472385,40.19206284227313],[-111.0750842672024,40.18993568195089],[-111.073625816006,40.18942127483476],[-111.067550359553,40.18748703366285],[-111.0588940607101,40.18471259616027],[-111.057228189546,40.18423214324669],[-111.0556385344912,40.18384244564411],[-111.0550716483543,40.18370865506796],[-111.0528427596619,40.18330859009662],[-111.0505495545519,40.18294680073186],[-111.0499377751735,40.18292003766059],[-111.0486426195707,40.18277977026037],[-111.0455678419053,40.18258758685141],[-111.0443060902725,40.18249149451491],[-111.0425018771273,40.18237252445518],[-111.0369350148676,40.18195909526374],[-111.0350617444674,40.18180966917065],[-111.0337422717938,40.1817977181683],[-111.0325435902773,40.18186599306468],[-111.0315621137258,40.18197113557744],[-111.0301543386055,40.18229855632631],[-111.0293900891697,40.18250858454063],[-111.0278426011569,40.18306170096645],[-111.0279276082961,40.18210964462619],[-111.0280559365278,40.18196429004811],[-111.0284163895684,40.18157949563387],[-111.0285842717163,40.1813650277185],[-111.0286558780763,40.18125599481571],[-111.0287098641058,40.18114516433268],[-111.0287462298865,40.18103253629399],[-111.0287638008839,40.18091811100787],[-111.0287661014226,40.18080278855943],[-111.0287531327209,40.18068927180574],[-111.0287237210008,40.18057936293744],[-111.0286731697886,40.18047756786637],[-111.0286014791611,40.18038388656525],[-111.0285098241651,40.18029921965817],[-111.0284017290347,40.18022446718594],[-111.0282818910779,40.18015692509883],[-111.0281514852686,40.18009749402724],[-111.02800816238,40.18004617450399],[-111.027654445937,40.17993976696238],[-111.0266642572569,40.17964196418809],[-111.0265326866172,40.17960145155551],[-111.0232998731232,40.17865254333422],[-111.0229592061062,40.17853728945963],[-111.0227970896412,40.17846344338228],[-111.0226431910631,40.17837608118189],[-111.0224986856003,40.17827700456741],[-111.0223659230209,40.17816801502473],[-111.0222519501546,40.1780473093345],[-111.0221591169737,40.17791758995968],[-111.022085074557,40.1777797583512],[-111.0220627379861,40.17771849782859],[-111.022032172524,40.17763561600287],[-111.0219957133892,40.17748786669367],[-111.0219803955705,40.17733741049985],[-111.0219649787721,40.17687972942461],[-111.0219469182429,40.17550668062919],[-111.0219527444256,40.17536252704181],[-111.0220008096893,40.17508322247348],[-111.0220442237262,40.17494987316037],[-111.0221123032583,40.17481922197975],[-111.0227849983564,40.17391813838324],[-111.0229681326135,40.17365862766007],[-111.0230479549136,40.17353067643048],[-111.0231172055929,40.17340002439401],[-111.0232228196604,40.17313602392808],[-111.0232920237165,40.17287112972988],[-111.0233119445694,40.17273868556727],[-111.0233177713296,40.17260534328369],[-111.0233095050042,40.17247380574153],[-111.0232883198372,40.17234317174812],[-111.0229825495749,40.17113415311556],[-111.0229319584724,40.17086748084736],[-111.0229283905745,40.17073504135398],[-111.0229436131409,40.17060079622836],[-111.0230116354954,40.17031878419319],[-111.0237987681584,40.16770135366972],[-111.0239031868971,40.16741032394113],[-111.0239771240877,40.16727066074206],[-111.0240698526658,40.16713549835956],[-111.024619214468,40.16644705373197],[-111.025045300337,40.16587485627725],[-111.0252236986279,40.16559281878791],[-111.0252976298042,40.16544955088505],[-111.0254114371687,40.16516842813299],[-111.0254513138428,40.16503147427202],[-111.0254712272048,40.16489632669624],[-111.0254711777118,40.16476388637063],[-111.0254076226104,40.16438640030921],[-111.0254087519396,40.16426567212507],[-111.0254368921941,40.16414854182742],[-111.0254849965982,40.16403320903821],[-111.0257337748392,40.16355835082465],[-111.02604940962,40.16288526692713],[-111.0263568675625,40.16234011957224],[-111.0265762366008,40.16176345816962],[-111.0268085930496,40.16137509292965],[-111.026873127415,40.16124534042036],[-111.0269751831552,40.1609759310728],[-111.0270138803228,40.1608398778048],[-111.027037310391,40.16070022426495],[-111.0270419520756,40.16056057510597],[-111.0269748540932,40.16014434937554],[-111.0269736238635,40.16000289966264],[-111.0271247568995,40.15913254135819],[-111.0272865716945,40.15855589175764],[-111.0273580838769,40.1582666681153],[-111.0273791620971,40.15812251022121],[-111.0273860894688,40.15782879701273],[-111.0273447557662,40.15724048263861],[-111.0273270862691,40.15709993769487],[-111.0272918070017,40.15696750549951],[-111.0272306993461,40.1568449898817],[-111.0270685701297,40.15662068986475],[-111.0269980720998,40.15650448300303],[-111.0269487069914,40.1563810635323],[-111.0269239983541,40.15625313352795],[-111.0269274704075,40.15612519696626],[-111.0269532520462,40.15599725521132],[-111.0269978209397,40.1558702100255],[-111.02705765586,40.15574766603429],[-111.027335751695,40.15528360832133],[-111.0273838448293,40.15516376978884],[-111.0274119764923,40.15504303500439],[-111.0274166246386,40.15492230577261],[-111.027400038889,40.15455562050725],[-111.027417601724,40.15443218534001],[-111.0274516038277,40.1543114491407],[-111.0275501371909,40.15407357327112],[-111.0275876613439,40.15395283618641],[-111.0276122685966,40.15382939929847],[-111.0276216114467,40.15370506508805],[-111.0276156896122,40.15357893260243],[-111.027598026709,40.15345370386881],[-111.0275651010991,40.15333118163313],[-111.0274698989317,40.15309154983064],[-111.0274334520406,40.15297083029802],[-111.0274169644899,40.15284740315817],[-111.0273991468363,40.15233566403882],[-111.0272544156537,40.15155096492295],[-111.0272226671314,40.15143204609936],[-111.0271697894299,40.15132484466173],[-111.0269747668903,40.15102036685335],[-111.0269289337974,40.15091136174327],[-111.0269042328724,40.15079784692125],[-111.0268900498839,40.15055999759979],[-111.0269072741927,40.14957885145644],[-111.0268883987028,40.14935001274549],[-111.026856656813,40.14924370717393],[-111.0268131817486,40.1491563244083],[-111.0267661948402,40.14909507019337],[-111.0264667281858,40.14889242366267],[-111.0263140834804,40.14885101441738],[-111.0261520502359,40.14881951761988],[-111.0259395398747,40.14880785297026],[-111.0258244858829,40.14881959112636],[-111.0257023918696,40.14884304317392],[-111.02482544707,40.14907027567899],[-111.0237641771605,40.14932727108828],[-111.0235822118065,40.14937415805267],[-111.0232358961065,40.14948144194574],[-111.023073894181,40.14954273941606],[-111.0229201135473,40.14961304460282],[-111.0227745532674,40.14968965466751],[-111.0226372145248,40.14977617346877],[-111.0225069229097,40.14987170030668],[-111.0222756975335,40.15008346990535],[-111.0218954294031,40.1505078931432],[-111.021790961444,40.15059080088192],[-111.0216735721425,40.15065479084952],[-111.0215479576681,40.15069896117677],[-111.0214141183971,40.15072421279415],[-111.0213002316756,40.15072693666689],[-111.021267357194,40.15072784366542],[-111.0211381993576,40.15070534338958],[-111.0210090355001,40.15066302191922],[-111.0208904328786,40.15060177830512],[-111.0207906107786,40.15052341301768],[-111.020715440773,40.1504315288824],[-111.0206696205393,40.15033062989299],[-111.0206519772395,40.15022522107777],[-111.0206589884823,40.15011530307778],[-111.0207082331572,40.14989455982057],[-111.0208701145263,40.14942963692786],[-111.0209686618673,40.14918545975372],[-111.0211411300958,40.1487971158686],[-111.0215095107315,40.14792221855164],[-111.0219060712099,40.14708605577438],[-111.0219928708499,40.14684097889401],[-111.0220151390658,40.14672204827436],[-111.0220209716896,40.1466058236468],[-111.0220056738657,40.14649590973622],[-111.0219633767325,40.14639591147797],[-111.0218999505029,40.14630582773309],[-111.0218153946567,40.14622385655228],[-111.0217132307256,40.1461481953142],[-111.0215958067773,40.14607884353471],[-111.0209687800034,40.14575101018134],[-111.0208584023932,40.14568435924623],[-111.0207656335135,40.1456122993032],[-111.0206916462466,40.14553122635409],[-111.0206411387667,40.1454483472589],[-111.0206199802068,40.1453609581303],[-111.0206305201027,40.1452744643121],[-111.0206621928502,40.14519066959656],[-111.0207138249204,40.14511137609194],[-111.0207865905291,40.14503748451868],[-111.0208781424532,40.14497169813367],[-111.0209884828888,40.14492122455449],[-111.0213418142154,40.14478601631502],[-111.0215765801465,40.14468056075204],[-111.0216880895771,40.14461747287638],[-111.0217937256728,40.14454447546181],[-111.0218946621082,40.14446066734429],[-111.0231375201196,40.14328647751537],[-111.0233241179756,40.1431008427286],[-111.0234813616802,40.14290350113524],[-111.0235458933117,40.1427980759356],[-111.0235951629479,40.14269175285033],[-111.0236315185751,40.14258453141973],[-111.0236514390077,40.14247821429137],[-111.0236502272546,40.14236919860033],[-111.0235937627501,40.14203765749789],[-111.0235137354573,40.14146106047733],[-111.0234866967032,40.14135024808932],[-111.0234443974971,40.14124124069968],[-111.0232517704527,40.14094306230923],[-111.0232012586664,40.14084666988936],[-111.0231789209623,40.1407493708523],[-111.0231835842143,40.14065386832442],[-111.0232199443105,40.14056106231971],[-111.0232774355195,40.14047005397398],[-111.0233478387758,40.14037634012059],[-111.0236693638808,40.1400041789897],[-111.023808995823,40.13982125578145],[-111.023858269833,40.13973475361766],[-111.0238840661902,40.13965005819286],[-111.0238840368558,40.1395662690483],[-111.023858182555,40.13948518810118],[-111.0238111996209,40.13940861628613],[-111.023694929321,40.13925367524378],[-111.023649117194,40.13916719257488],[-111.0236244341023,40.13907710174387],[-111.0236244029034,40.13898700588036],[-111.0236466757098,40.13889690546377],[-111.0236889058974,40.1388104047962],[-111.0237534392991,40.13872209762241],[-111.0240538295399,40.13836435499177],[-111.0241911096505,40.13818233271844],[-111.0242497688797,40.13808411593804],[-111.0242978601382,40.13797779271405],[-111.0243682150136,40.13775974588398],[-111.0243869577309,40.1376498249526],[-111.0243892658629,40.13753900651916],[-111.0243680515421,40.13730205878085],[-111.0242503032448,40.13628490073043],[-111.0242326564552,40.13617498740943],[-111.0241903544789,40.13605246580753],[-111.0241492491394,40.13599391203966],[-111.0240905387548,40.13594256959323],[-111.0240177451936,40.13589933867051],[-111.0239308700365,40.13586872404081],[-111.0238322584218,40.13584351751658],[-111.0237266066476,40.13582642098347],[-111.0231291029634,40.13577338525155],[-111.0228966681837,40.13573108635189],[-111.0227910110996,40.13569687074075],[-111.0226994353981,40.13564823692646],[-111.0226254623223,40.13558428329505],[-111.0225761357868,40.13550771138464],[-111.0225585005342,40.13542392560993],[-111.0225690373365,40.13534013434516],[-111.0225901424819,40.13526805348814],[-111.0226112526584,40.13521128893345],[-111.0227250525087,40.13502566904306],[-111.0229503384666,40.13476074257366],[-111.0230594553667,40.13461656740019],[-111.0230922982765,40.13454538506455],[-111.0231028385587,40.1344742071696],[-111.0230910756731,40.1344012318026],[-111.0230652261024,40.13432555636132],[-111.0230452633129,40.13430213538972],[-111.0230276378304,40.13424808132884],[-111.0228843456778,40.13398953436257],[-111.0227422134036,40.13368593900307],[-111.022665843034,40.13346611984299],[-111.0225647840762,40.13312737876784],[-111.0223321861694,40.13255801734027],[-111.0222945867527,40.13244089982024],[-111.0222687246963,40.13232197811003],[-111.0222557737208,40.1322012519919],[-111.0222580827833,40.1320832258176],[-111.0222709555257,40.1319642966503],[-111.0223822461366,40.13129936682464],[-111.0223775185812,40.13120026214751],[-111.0223469703653,40.13110746917268],[-111.0222964697947,40.13101918483067],[-111.0221684761596,40.1308534327656],[-111.0220217054119,40.13069489180589],[-111.0218796245739,40.13051833056937],[-111.0217680535807,40.13031563558141],[-111.0216858242712,40.13010482634813],[-111.0215142929475,40.1295823014583],[-111.0213334102133,40.12917419994122],[-111.0213099052757,40.12907690056136],[-111.0213098757372,40.12898229973927],[-111.0213450573198,40.12888589051156],[-111.0213966748533,40.12880209168068],[-111.0214741166494,40.12872639668351],[-111.0215773857829,40.12866871603146],[-111.0216970933824,40.12863175429609],[-111.0218297192404,40.12861821497133],[-111.0224365303528,40.12861449517533],[-111.0227639880889,40.12858560055059],[-111.0230984808364,40.12853598150937],[-111.0238977292582,40.12838535898396],[-111.0240256472914,40.12833758162134],[-111.0240232798852,40.12828082160898],[-111.0241218529355,40.12822764445966],[-111.0242932000538,40.12818616447031],[-111.0246558773192,40.12818788975542],[-111.0251559073232,40.12826706674769],[-111.0253789220052,40.12829224498714],[-111.0255913879619,40.12835616642397],[-111.0258378743068,40.12837322994753],[-111.0259540312133,40.12826598969353],[-111.0258718300408,40.12815699187746],[-111.0249445070946,40.12790582734598],[-111.0236087453106,40.12766194703343],[-111.0233129635524,40.12763587909082],[-111.0228082720041,40.12763597957291],[-111.0224092224434,40.12766308627943],[-111.0221627623375,40.12771629036794],[-111.0219057217429,40.12771724022622],[-111.0209772811026,40.12758136706297],[-111.0198657873872,40.12758336494976],[-111.0195699911204,40.12750052693834],[-111.0190300192545,40.12724834796452],[-111.0183362325978,40.12675293155083],[-111.0179370540652,40.1262763858657],[-111.0177961044232,40.12586106471129],[-111.0177959963702,40.12544662276347],[-111.017866359828,40.12523128229066],[-111.0178662914399,40.12497000364645],[-111.0180537977506,40.12391675118651],[-111.0181487852445,40.12362662687315],[-111.018264922054,40.12342929813251],[-111.0183470155438,40.12320404486952],[-111.0183235116027,40.12308692363615],[-111.0182765136115,40.12288871959542],[-111.0181473601202,40.12268061785523],[-111.0177834713,40.12242029648416],[-111.0173022471473,40.12224918671542],[-111.0169395906622,40.12220329128987],[-111.0166344548044,40.12221234512386],[-111.0162812075898,40.12224933472731],[-111.0159889956958,40.12232055137441],[-111.0156932731282,40.12243861774669],[-111.0148143494142,40.12295318236341],[-111.0141572280777,40.12346591144726],[-111.0136995432613,40.12361912987036],[-111.0131726067154,40.12374532554367],[-111.0127137576005,40.12397061708141],[-111.0123851583255,40.12407786704482],[-111.0121504320587,40.12408780247423],[-111.0119274355169,40.12405989585699],[-111.011270145144,40.12374462529392],[-111.0110940781644,40.12361039908457],[-111.0107196624973,40.12343835076039],[-111.0104368014785,40.12333116221234],[-111.0095682921318,40.12315194592784],[-111.0094509196053,40.1230789777058],[-111.0093896435492,40.12298492233845],[-111.0093089074156,40.12305105940671],[-111.009028426886,40.12316640463752],[-111.0086505357806,40.12329256803527],[-111.008336022755,40.12344755641099],[-111.0080637646926,40.12365029193425],[-111.0080004058346,40.12379805394714],[-111.0076425085689,40.12434766434632],[-111.0074852847126,40.12475400800859],[-111.0073773312356,40.12496213690606],[-111.0072705315705,40.1249900734454],[-111.0071625638327,40.12507206761194],[-111.0071273622033,40.12514955241878],[-111.0070909884248,40.12524235362029],[-111.0069841960379,40.12534687156626],[-111.0067623848078,40.12545680194717],[-111.0066532367881,40.12548473805196],[-111.0064314167689,40.12551177940195],[-111.0062260279701,40.12553972040604],[-111.00608284321,40.125566756836],[-111.005967824515,40.12557306954292],[-111.005896228484,40.12554514342315],[-111.0057894211887,40.12550100172891],[-111.0056814403678,40.12545685999336],[-111.00557462798,40.12534694795915],[-111.0055311930712,40.12523072609027],[-111.0054595910947,40.12512171322038],[-111.0053809491844,40.12503522465376],[-111.0052459730644,40.12496225301012],[-111.005059348441,40.12478116816357],[-111.0047729723122,40.12471000439871],[-111.0046086597063,40.12468838798718],[-111.00445138617,40.12462172302444],[-111.0042154741615,40.12448478577835],[-111.0040722879169,40.12446316783458],[-111.003929102644,40.12445686605047],[-111.0038211234684,40.12439109950848],[-111.0036427246817,40.12430371203551],[-111.0033927354982,40.12424335523468],[-111.0031204498226,40.12423255135236],[-111.0026838604909,40.12438031988793],[-111.0023047772875,40.12450646258171],[-111.0020477497968,40.12455061449317],[-111.0018188876573,40.12452358947898],[-111.0014750069341,40.12443530018467],[-111.0013318221875,40.1244407076823],[-111.0012672709333,40.12440286804342],[-111.0011029605256,40.1244028697209],[-111.0010243266637,40.12442989927099],[-111.0009093089737,40.12440287139867],[-111.0007309145765,40.12438034863276],[-111.000580688433,40.12443530810054],[-111.0001875170914,40.12450107954705],[-110.9996640705129,40.12446323883803],[-110.9992356898636,40.12442449547058],[-110.9988777289638,40.12435331662783],[-110.9986136616631,40.12421546672663],[-110.9983202564458,40.12399562834182],[-110.9981195693626,40.1238091263104],[-110.9979975138321,40.1237217310353],[-110.9978332087301,40.12360640505188],[-110.9976900287618,40.12351360328522],[-110.9975398108232,40.12332620026929],[-110.997332088494,40.12307843134052],[-110.9970034817761,40.1229027358599],[-110.9967957584917,40.12274416111581],[-110.9965598703329,40.12256756593541],[-110.9963310191004,40.12250178873235],[-110.9959941901896,40.12253511313177],[-110.9955869387924,40.12265042136371],[-110.9952207630145,40.12276032409705],[-110.994978984874,40.12293600130302],[-110.9947442480632,40.12310086678445],[-110.9945059910538,40.12324320758901],[-110.9943205481229,40.12336392743546],[-110.994149186164,40.12350717172333],[-110.9939343991514,40.1236495125258],[-110.9937407391574,40.12376482523788],[-110.9935552980518,40.12383689194987],[-110.9932255063277,40.12383687312084],[-110.992832350942,40.12371612066077],[-110.9925753395196,40.12358366318014],[-110.9924251353713,40.12339715449481],[-110.9923453551188,40.1231610974212],[-110.992360636245,40.12294666966395],[-110.9924392906979,40.1227493643165],[-110.992582495911,40.12252953903049],[-110.9928113800746,40.12224935450193],[-110.9931048122131,40.12195295606507],[-110.9933266415414,40.12176647005667],[-110.9936130278788,40.1214691689395],[-110.9939557512346,40.12109078351849],[-110.9941705306892,40.12094213588205],[-110.9943489308001,40.12076105145712],[-110.9944134918162,40.12059077285294],[-110.9943923804794,40.12043130162873],[-110.99427738092,40.12029975560377],[-110.9941271727541,40.12018983076051],[-110.9938983372363,40.12006368429277],[-110.9935908709036,40.11996456189438],[-110.9932259011812,40.11986002955747],[-110.9928116480311,40.11970594012432],[-110.992488926681,40.11962393211941],[-110.9921814548789,40.11960769445243],[-110.9918458209404,40.11956442513677],[-110.9915876427297,40.1195193585783],[-110.9913376670924,40.1195742988127],[-110.991101770175,40.11965716940367],[-110.9908506119838,40.11977247292985],[-110.9905654149844,40.11992020776145],[-110.9903072024901,40.12011299223234],[-110.9900278570722,40.12035442623085],[-110.989720342937,40.12060126281752],[-110.9894985049105,40.12080486022482],[-110.9893200884347,40.12100756025171],[-110.9892050316931,40.12129315437748],[-110.9891627317199,40.12161209078032],[-110.9891122214472,40.12189769080724],[-110.9889549365235,40.12203462203919],[-110.9886685439836,40.1222328058621],[-110.9882964781252,40.12241926784523],[-110.9879678311238,40.12262195044978],[-110.9875593588588,40.12291922449475],[-110.987237737714,40.12318227016394],[-110.9870804334466,40.12338586994277],[-110.986917266473,40.12355613327701],[-110.9867658594891,40.12360026316612],[-110.9865933410819,40.12357231352536],[-110.9864219930408,40.12356148202609],[-110.9861860876846,40.12358848295674],[-110.9860135392598,40.12370829007076],[-110.9859137268244,40.12396775476213],[-110.9858421165719,40.12405604021161],[-110.9857282322473,40.12425333669638],[-110.9856202039151,40.12450559240951],[-110.9854992749529,40.12470919450527],[-110.9853126277923,40.12487945259664],[-110.9851565139854,40.12496142013243],[-110.9850837184032,40.12509385202908],[-110.9849193724874,40.1252469940896],[-110.984697528476,40.12534607067826],[-110.984526158917,40.1254118180456],[-110.9843829619178,40.12545594590185],[-110.984274984845,40.12545593128873],[-110.9841822756359,40.12541177158102],[-110.9840672848441,40.12529102706327],[-110.9838454797662,40.12521982042405],[-110.9835027578264,40.12527473071615],[-110.9832445416293,40.12531884072207],[-110.9830297562028,40.12534043250395],[-110.9827656920736,40.12530165218713],[-110.9825720490255,40.12525837708387],[-110.982420665399,40.12518627733211],[-110.9822786853947,40.12506012116824],[-110.9823350465872,40.12496102408173],[-110.9822153666193,40.12483487123509],[-110.9819220230302,40.12457174521592],[-110.9816568421376,40.12433475077549],[-110.9813999127041,40.12397252345877],[-110.9811993280317,40.12358237491672],[-110.9809564813279,40.12324177192306],[-110.9807769597337,40.12308857886057],[-110.9805915790425,40.12290655377499],[-110.9804120560458,40.12276417167276],[-110.9801480065183,40.12271457383842],[-110.9798111654751,40.12275866270389],[-110.97951067316,40.12291267429605],[-110.9792172080553,40.12310993250284],[-110.9790176363884,40.12329098970928],[-110.9788450638484,40.1234504284344],[-110.9786231861026,40.12364769817307],[-110.9782804030578,40.12390621021845],[-110.9780362175185,40.12412059289013],[-110.977894143063,40.12431787631758],[-110.9777145198891,40.12448812351484],[-110.9776076568021,40.12467460181783],[-110.977528976837,40.12481243359906],[-110.9773352750635,40.12496015343822],[-110.9770781486274,40.12524570742438],[-110.9769125936544,40.1254492916844],[-110.976891454589,40.12548802878303],[-110.9768197680259,40.1257619065361],[-110.9765261958015,40.12621232776589],[-110.9761046669484,40.12672308624474],[-110.9758968256284,40.12700324191601],[-110.9757465445838,40.12714015654415],[-110.9754953523367,40.12720136897874],[-110.9752242231834,40.12721752857711],[-110.9749237475705,40.12724449271595],[-110.9746725869748,40.12721740923936],[-110.9741726475289,40.12707404608803],[-110.9737935790566,40.12698566678739],[-110.9735565208974,40.12691533797195],[-110.9732995154727,40.12683239062451],[-110.9730565796079,40.12678818728624],[-110.9729063695368,40.12673319364242],[-110.9725273528426,40.12652498243987],[-110.9721553989145,40.12627172365402],[-110.9718116404721,40.12595900712132],[-110.9715688115335,40.12566793743392],[-110.9714609125077,40.12548051104807],[-110.9714046294831,40.12535436264929],[-110.9713108240203,40.12514621749306],[-110.9712463517688,40.12495880164094],[-110.9711901578132,40.12462363021422],[-110.9711269084428,40.12432179253859],[-110.9710965169451,40.12403077455074],[-110.9710754704841,40.12384427035895],[-110.9710966959055,40.12360822385528],[-110.9711402086797,40.12339921172849],[-110.9711543550537,40.12325055666435],[-110.9711544037971,40.12313523364751],[-110.9710617547523,40.12297664136405],[-110.9709607953529,40.12304238625859],[-110.9708035134012,40.1230810880428],[-110.9705957988421,40.12304229415712],[-110.9704033154213,40.12306386819199],[-110.9701885472107,40.12305300156972],[-110.9697953302763,40.1231736284748],[-110.9693305255926,40.12328342357152],[-110.9689654827309,40.12338243204499],[-110.9686719880402,40.12357335677662],[-110.9681918544105,40.12382729691913],[-110.9678420621533,40.12393081083489],[-110.9673842699126,40.12408474714253],[-110.9670614845304,40.12415583170279],[-110.9667539847976,40.12416745632567],[-110.966432453109,40.12407366362726],[-110.9660464129891,40.12389786368462],[-110.9657531249372,40.12365631975766],[-110.9655021119051,40.12337064058413],[-110.9652381291701,40.12320658671731],[-110.9648943594718,40.1230073705991],[-110.9646233271494,40.12286403529148],[-110.9644086004327,40.12277657626029],[-110.9641786115829,40.12269992364465],[-110.9639720665367,40.12267823650264],[-110.9638218351075,40.12269440697004],[-110.963699738295,40.1227709504668],[-110.9636715220793,40.12286374062366],[-110.9636785254348,40.12293581971627],[-110.9636854909327,40.12307907472859],[-110.9637205918554,40.12328180198995],[-110.963735735057,40.12349623548],[-110.9636136074113,40.12362773749194],[-110.9634198991827,40.12373759371825],[-110.963227426105,40.12373212699511],[-110.9628624470159,40.12369326920085],[-110.9624904052546,40.12369314929509],[-110.9622321874784,40.12372640093079],[-110.9618178609475,40.12378662945773],[-110.9614317508469,40.12375857171907],[-110.9611019970612,40.12369269127122],[-110.9608720625647,40.12352233216663],[-110.9604872641235,40.12325912086945],[-110.9601293724626,40.12314908094691],[-110.9596435667451,40.12302277811098],[-110.9593502858055,40.12281365254249],[-110.958964274321,40.12263242320113],[-110.9588704149814,40.12258283703692],[-110.9586709769541,40.12245663145969],[-110.9584339440945,40.12239618222183],[-110.9582837218926,40.12239612820668],[-110.9580912231419,40.12243930484604],[-110.9578329400648,40.12258246392931],[-110.957633367495,40.12267609105895],[-110.9573035780871,40.12268137570893],[-110.9571686331859,40.12264799031353],[-110.9568600139447,40.12258210559111],[-110.9566745657549,40.12260906519831],[-110.9564597345097,40.12270268459542],[-110.9562378823435,40.12276296537507],[-110.9560888329559,40.12276290895604],[-110.9557943192247,40.12266369117766],[-110.9553789847992,40.12247162715193],[-110.95511380651,40.12238323047272],[-110.9549002272272,40.12235611865731],[-110.9546431808458,40.1223947596045],[-110.9544565478598,40.12243793249951],[-110.9542710248661,40.12257570646173],[-110.954206358217,40.12275136834644],[-110.9541627685924,40.12299821446629],[-110.9540335519293,40.12317385067464],[-110.9538844572082,40.12323956156315],[-110.9534325622579,40.12331145762491],[-110.953060515187,40.12332211895844],[-110.9528246355086,40.1232940933174],[-110.9526815024476,40.1232228589945],[-110.9524387077207,40.12301373655141],[-110.9521959252094,40.12278929725678],[-110.9520305185819,40.1226847173625],[-110.9517594566334,40.12262333940625],[-110.951602242729,40.12255209787543],[-110.9514157356639,40.12241507367424],[-110.9512092193876,40.12236002821646],[-110.950950953918,40.12245902485851],[-110.9506644936199,40.12259584928653],[-110.9502922781069,40.12284255349158],[-110.9500128321891,40.1230127148714],[-110.9497486944008,40.12311170628573],[-110.9494834555776,40.12311159089138],[-110.9490398388268,40.12309427827304],[-110.9486396578614,40.12306166688754],[-110.9483533267629,40.12301829341398],[-110.9479870943794,40.12310011697337],[-110.9476466670309,40.1231999702641],[-110.9472862974781,40.12328629906024],[-110.9471008561794,40.12329702603679],[-110.9467863412043,40.12327525888031],[-110.9465363370153,40.12330307352977],[-110.9461783205887,40.1233794893908],[-110.9459130414697,40.12342891866017],[-110.9455256786273,40.12351072455871],[-110.9451687713644,40.12366462046742],[-110.9448048337974,40.12380229462311],[-110.944382204824,40.12394985003073],[-110.9438386980063,40.12408653380429],[-110.9434372355513,40.12418003836119],[-110.9428867148176,40.12427887387585],[-110.9424935125118,40.1243165196537],[-110.9420780334711,40.12432712412899],[-110.9415628223323,40.12430524223875],[-110.9410475407052,40.12436534546487],[-110.9405111372659,40.1244200297843],[-110.9400099233538,40.12449635291388],[-110.9396589201366,40.12458987049254],[-110.9393161707632,40.12463924424845],[-110.9389300498614,40.12462822974836],[-110.9385650750398,40.12459470115864],[-110.9381859564176,40.12462783497493],[-110.9379218255783,40.12469346383561],[-110.9377562612113,40.12478076817138],[-110.9376270936644,40.1248527755433],[-110.9370765491562,40.1249623949421],[-110.9365823953285,40.12501077728029],[-110.9364755104917,40.1250990128588],[-110.9363674727216,40.12516472368429],[-110.9361385528972,40.12522496204803],[-110.9358532918982,40.12529057452952],[-110.9355950084091,40.12537331956784],[-110.9353519930103,40.12544436006336],[-110.9349869108853,40.12552073735077],[-110.9348002190819,40.12560352078086],[-110.9345854011327,40.125642140951],[-110.9345220231518,40.12564210513479],[-110.93432127939,40.12569064333891],[-110.9341345602287,40.12580045449807],[-110.9339771726515,40.1259201926468],[-110.9338773137109,40.12602014230603],[-110.9336976402342,40.12612455101298],[-110.9336201137368,40.12619027672704],[-110.9335120820257,40.12624517335168],[-110.9332901179833,40.12638739747906],[-110.9331691531562,40.12646481034538],[-110.9302917216883,40.12718838729931],[-110.930092239138,40.12714411999163],[-110.929731938878,40.12712137792488],[-110.9295112560013,40.12714917358704],[-110.9293116042176,40.12726887963218],[-110.9291611656062,40.12746699899935],[-110.9290836098098,40.12755524565167],[-110.9289967157676,40.12759393370507],[-110.9288887644964,40.12756593769691],[-110.9287526370178,40.12754513194009],[-110.9286235037527,40.12757027931375],[-110.9284308894994,40.12769179008913],[-110.9281007319661,40.12802133706482],[-110.9278081996314,40.12828513644125],[-110.9275497908082,40.12846606807788],[-110.9273783939429,40.1284983952924],[-110.927214073807,40.12849829213277],[-110.9270543775839,40.12845476536934],[-110.9269923062089,40.1284377882024],[-110.9267552923384,40.12836646268208],[-110.9264408907151,40.12822391168557],[-110.9262049865946,40.12821295008018],[-110.9264057619921,40.12814730774357],[-110.9267075417008,40.12802046372517],[-110.9270351764759,40.12786120063835],[-110.9273651216429,40.12773527360204],[-110.9275154311201,40.12766419191025],[-110.9276728235443,40.12755437315003],[-110.9278443465079,40.12740041591908],[-110.927908992134,40.12731306301918],[-110.9280734604091,40.12716991257572],[-110.9281311041786,40.1270438138996],[-110.928166546293,40.12682400153216],[-110.9281737097926,40.12670868303067],[-110.9282818383698,40.12656639828003],[-110.9283676732032,40.12641779291349],[-110.9283748646877,40.12627544559128],[-110.9283681800995,40.12593487834678],[-110.9283402314762,40.12572583818521],[-110.9283404386607,40.12552852792381],[-110.9283898081887,40.12545648160531],[-110.9284122977483,40.12527540240385],[-110.9284617236828,40.12514929844111],[-110.9284689035016,40.12501776260384],[-110.9283903262555,40.12496275543555],[-110.9283482250956,40.12481947662835],[-110.928498722517,40.12456189484598],[-110.9285845882911,40.1243808546939],[-110.9287139536249,40.12412776438322],[-110.9289138037112,40.12380984801326],[-110.929142926252,40.12355591742594],[-110.9294155541752,40.12322182736359],[-110.9294814475063,40.12305699162865],[-110.929580224158,40.12287055278421],[-110.9296237781055,40.12274444470138],[-110.9297306792307,40.1226454038876],[-110.9298750903017,40.12259053278909],[-110.9301029457512,40.12242038887098],[-110.9303038346839,40.12222319943729],[-110.9304825533675,40.12189896080437],[-110.9306833509136,40.12178916388486],[-110.9309768675293,40.12167401614399],[-110.931235104474,40.12162912169752],[-110.9314418105274,40.12147698178259],[-110.9317494076348,40.12136184041147],[-110.9319854200612,40.1212412504343],[-110.9321723817763,40.12087827263509],[-110.9322874636512,40.12080716402357],[-110.9324799482172,40.12079015813651],[-110.9327158809979,40.12074704929761],[-110.9329095114176,40.12075797316736],[-110.9335681585369,40.12048355959795],[-110.9339826013512,40.12030810909051],[-110.9342116385691,40.12011092884428],[-110.9344628987229,40.11999034245087],[-110.9347412818215,40.11973192366936],[-110.9349420343755,40.11965545487728],[-110.9350712360449,40.11954020429341],[-110.9352568202582,40.11937002643394],[-110.9354224897529,40.11916109581558],[-110.9355798804534,40.11901883151668],[-110.935894593889,40.1188045772473],[-110.9361952581781,40.11855247397919],[-110.9364678022414,40.11824990063258],[-110.936682834869,40.11795360193366],[-110.9368826147491,40.11765188873663],[-110.9370330649721,40.11739339454537],[-110.9371342859491,40.11707000416814],[-110.9372202154911,40.11678444580406],[-110.93723439955,40.11667363515369],[-110.9373061194902,40.11652591621215],[-110.9376221195899,40.11616930582478],[-110.9378641565302,40.11584508953516],[-110.9380438562549,40.11567490393991],[-110.9382516887423,40.11553806866804],[-110.9385733392311,40.11541210499041],[-110.9388374488596,40.1153293562351],[-110.9390523638645,40.1151429703286],[-110.939324734308,40.11500616706258],[-110.9394398140203,40.11491793298144],[-110.9395466152472,40.11490177145544],[-110.9396967922644,40.11493428439299],[-110.9398187708898,40.11500642483115],[-110.9400041622926,40.11502814411421],[-110.9401473992142,40.11494623064964],[-110.9402765650529,40.11485169627783],[-110.9405054550758,40.11478153901656],[-110.9405912100417,40.11467707139609],[-110.9409211140533,40.11449614670151],[-110.9409775125049,40.11441328691027],[-110.9409987058815,40.1143313101234],[-110.9411207943673,40.11427641354373],[-110.9412922203101,40.1141611773666],[-110.9414354353195,40.11410088538555],[-110.941585611478,40.11413339587793],[-110.9418002947901,40.1142055809597],[-110.9419152580423,40.11424888487373],[-110.9420431938721,40.11421651431587],[-110.9421007542668,40.11414536706754],[-110.9421372341224,40.11402465632037],[-110.9421654629616,40.11394718764168],[-110.9422007088757,40.11389765229648],[-110.9422652677127,40.11387606139576],[-110.9423368672918,40.11385447396459],[-110.9425164542903,40.11379870355945],[-110.9426444026162,40.11375011501453],[-110.9427806903343,40.11355197065672],[-110.9429814616185,40.11342052913095],[-110.943158754046,40.11329988728513],[-110.9434463234915,40.11321173372232],[-110.9437538809479,40.11307493716791],[-110.9440262248655,40.11294893433267],[-110.944126022533,40.1128823112805],[-110.9442986934702,40.11266886628538],[-110.9444267909476,40.11243287557572],[-110.9446205334194,40.11227890373877],[-110.9448776266415,40.11214208003593],[-110.9449727147692,40.11209257229701],[-110.9452215622063,40.11199358434828],[-110.945451634039,40.11189458702156],[-110.9457439140987,40.11177399528535],[-110.9460302996462,40.11168673569001],[-110.9463238036333,40.11149947179886],[-110.9465810025872,40.11121939123153],[-110.9468745275905,40.11100059223303],[-110.9470248784792,40.11080244923316],[-110.9470613178017,40.11072047825648],[-110.9471036631664,40.11058805603216],[-110.9471894619998,40.11040700160333],[-110.947283401847,40.11031965097694],[-110.9476566663078,40.11016034979662],[-110.9477482632464,40.11006669098825],[-110.9478914804736,40.10998476786344],[-110.9481062834166,40.10989116413556],[-110.948304690993,40.10975430645654],[-110.9484280510968,40.1095507437613],[-110.9485208935856,40.10935887988958],[-110.9486360257705,40.10917243160411],[-110.9487933544243,40.10904546544193],[-110.9490867857397,40.10893027149623],[-110.9493943246377,40.10877724250814],[-110.9496302956427,40.10861156810891],[-110.9497735274418,40.10850261373923],[-110.9498381919613,40.10832695389475],[-110.9500249264302,40.10809638797301],[-110.9502104462046,40.10792077999288],[-110.950388881015,40.10780553323209],[-110.9505955357853,40.10760740958826],[-110.9507118366053,40.10741555389829],[-110.9507260358145,40.10725068360094],[-110.9507050540357,40.10705876941966],[-110.9507122209233,40.10688308455651],[-110.9507193838724,40.10671280546807],[-110.9507476038448,40.10662992881115],[-110.950719558769,40.1064704463026],[-110.9507913576116,40.10615784240505],[-110.9509123493704,40.10596508749416],[-110.9511130788263,40.1058390374584],[-110.9512915298061,40.10569135457227],[-110.9514206537384,40.10560942109144],[-110.9515780041392,40.10543289806094],[-110.9516637769706,40.10526265170903],[-110.9517003052554,40.10504283174545],[-110.9516793252355,40.10484551188372],[-110.9516290286442,40.10462565567099],[-110.9516937006431,40.10442747057291],[-110.951829896457,40.10429598654264],[-110.9520153278293,40.10422488735197],[-110.9521867215088,40.10409341747431],[-110.9523733792884,40.10394483529907],[-110.9526386805047,40.10374763293941],[-110.9528746449063,40.10355492285338],[-110.9530742052283,40.10340724574762],[-110.9532174662836,40.10323161567609],[-110.9533184701019,40.10308299732635],[-110.9533901114423,40.10297851432238],[-110.9536037782508,40.10278669471356],[-110.9537552239162,40.10264890773826],[-110.9539841557231,40.10243547036546],[-110.9542342277953,40.1021878042397],[-110.9543634114055,40.10200135557621],[-110.9544128350711,40.1017815397116],[-110.954427096902,40.10150765211693],[-110.9543779707714,40.10128239164294],[-110.954299433081,40.10117784879185],[-110.9542490643605,40.10105709965336],[-110.9541847462405,40.10074353854431],[-110.9541848858405,40.1005354157646],[-110.9543070716646,40.10028229295374],[-110.9544503193848,40.10011206704392],[-110.9546792847478,40.09983195682155],[-110.9549293007688,40.09965096045585],[-110.955037287422,40.09957442041682],[-110.9553506375272,40.09942047664745],[-110.9556874896494,40.09920617637321],[-110.9559457590787,40.09895400472218],[-110.9561957685311,40.09877300559185],[-110.9563965131075,40.0985748690457],[-110.9567545272469,40.09827858578363],[-110.9569400410926,40.09804260205783],[-110.9572475861121,40.09777332742338],[-110.9575268731571,40.09766351243003],[-110.9577698279166,40.09749331885516],[-110.9578919505801,40.09731226931835],[-110.9580339928015,40.0971699683698],[-110.9581572238964,40.09709252994528],[-110.958328537292,40.09704393958462],[-110.9585292241095,40.09692238130663],[-110.9587217236025,40.09675847439331],[-110.9590421773876,40.09646126960731],[-110.9593520399212,40.09621451426275],[-110.9596301797259,40.09604432908417],[-110.9599164948129,40.095934510744],[-110.9601171587149,40.09584178057604],[-110.9602380387466,40.09576433910971],[-110.9604891758986,40.09562207251081],[-110.9607168272758,40.09551763795054],[-110.960925676165,40.09546815549351],[-110.9611040413855,40.09538622766925],[-110.9613539716203,40.09529801671068],[-110.9615909657283,40.0952647598186],[-110.9618842484114,40.09527116346069],[-110.9622057085623,40.09523793307562],[-110.9624626544038,40.09518846352886],[-110.9626914651152,40.09510114380022],[-110.9629285087373,40.0949741837693],[-110.9631068556719,40.09491928181467],[-110.9632570436171,40.0948706774146],[-110.9634717577503,40.09481488546237],[-110.9637509758552,40.09479335000892],[-110.9640008392636,40.09482135786965],[-110.9643011336746,40.09487640971289],[-110.9645299358479,40.09479899696635],[-110.9648232645958,40.09471259372564],[-110.9649804767429,40.09468921625907],[-110.9652021625386,40.09476136032037],[-110.9653593436033,40.09479924799062],[-110.9655094773748,40.09485425169504],[-110.9657171254797,40.09484890754864],[-110.9658884283295,40.09479940501817],[-110.9661465563908,40.09472289867572],[-110.966468057446,40.09459685701211],[-110.966733257984,40.09444827415567],[-110.9669115978739,40.09439877212937],[-110.9671403582249,40.09439883725425],[-110.9674477075549,40.09442144818235],[-110.9677128609995,40.09436656349418],[-110.9679557068274,40.0943495125869],[-110.968277126231,40.09438834258806],[-110.968491776165,40.09445957746485],[-110.9687850235287,40.09453713991125],[-110.9691217003116,40.09456425912549],[-110.9695217362096,40.09456977087571],[-110.9697728229417,40.09448784880192],[-110.9700016176207,40.09441042523945],[-110.9702585162772,40.09444923301373],[-110.9705588020688,40.09453219857091],[-110.9708379867969,40.09458092134392],[-110.9712380274863,40.09457561558063],[-110.9716392412474,40.09457030872304],[-110.9718375256094,40.09450999240767],[-110.9719818337743,40.09447849360859],[-110.9722680672368,40.09450469049925],[-110.9725331798281,40.09454259422906],[-110.9728405033009,40.09463636712648],[-110.9730551498928,40.09473011768407],[-110.9732193479286,40.09483466777587],[-110.9734692262282,40.09483472528315],[-110.9736628109456,40.09479062215021],[-110.973805960927,40.09471947833003],[-110.9740347453095,40.09465916514865],[-110.9742846521353,40.09458173785936],[-110.9745416317689,40.09441151212247],[-110.9746707596146,40.09418629901399],[-110.9747635174792,40.09396738459395],[-110.9749430677048,40.09379714105126],[-110.9750006349742,40.09356650625281],[-110.974993682682,40.09333045170967],[-110.9749855840504,40.09302141867337],[-110.9750572412373,40.09275384725529],[-110.9752156979075,40.09251152143338],[-110.9754304460665,40.09231335467269],[-110.9756369437533,40.0922205987951],[-110.9763469396065,40.09142708495666],[-110.9760680481363,40.09023180587928],[-110.9762280852739,40.08912851538273],[-110.976906951275,40.08765755445638],[-110.9777053829301,40.08633986672605],[-110.9787034395474,40.08459316950264],[-110.9803795228489,40.08364339556184],[-110.9817762005082,40.08257102200625],[-110.9829734093337,40.08162113386251],[-110.984728993994,40.08122297071898],[-110.9862853866572,40.07913913664141],[-110.9872433224468,40.07696322765668],[-110.9879617059067,40.07549229326813],[-110.9875230322267,40.07445018643944],[-110.9872040371321,40.07380658959769],[-110.9860076010958,40.07193694050206],[-110.9866463091613,40.06997560566765],[-110.9872847607125,40.06856593039171],[-110.9886810936697,40.06776916750343],[-110.9902368845314,40.06691122536552],[-110.991114601756,40.06614511111946],[-110.991553470143,40.06467403981809],[-110.9924710699112,40.0633869767715],[-110.99239146966,40.06216102086124],[-110.9921523858521,40.06007696919431],[-110.9923519619651,40.05894302029543],[-110.9921925741615,40.05725747248073],[-110.9922725010836,40.05551049389663],[-110.9921681899368,40.05517802830758],[-110.9921712440292,40.05512820477362],[-110.9922298863051,40.05495702407767],[-110.9921947384012,40.0547317787528],[-110.9922076856462,40.05429030339441],[-110.9923578096903,40.0538299167212],[-110.9925818002462,40.05331727819069],[-110.9926885476967,40.0527866123963],[-110.9929101850213,40.05229829924023],[-110.9931446971576,40.05199378473198],[-110.9932150719842,40.05168475537189],[-110.9931564854596,40.05135139214968],[-110.993179984412,40.05083874022228],[-110.9932163390094,40.05073062565972],[-110.9935903731946,40.05025493347022],[-110.9938131609119,40.04984770597305],[-110.9938847065775,40.04949723141069],[-110.9941192282472,40.04891972003927],[-110.9944111676645,40.04862331444635],[-110.9945518664449,40.04840528572489],[-110.994669131409,40.04800976408683],[-110.9945871079138,40.04750521542866],[-110.9946340369984,40.04704572136848],[-110.994867374811,40.04642586244412],[-110.9950444188919,40.0460717876927],[-110.995432527005,40.04492846852701],[-110.996158247846,40.04353288692266],[-110.9964161739068,40.04297339055331],[-110.9965099601646,40.04284815807279],[-110.9966166483855,40.0425688593801],[-110.9966154877363,40.04233460616324],[-110.9964877383809,40.04185708622521],[-110.9963225243469,40.04054976785751],[-110.9961596215374,40.03994520893163],[-110.9960412458557,40.03966590294512],[-110.9960576710779,40.03941363071981],[-110.9960325869159,40.0394024577823],[-110.9963099720416,40.03855645206586],[-110.9963496185278,40.03804956510956],[-110.996287509383,40.03776305324718],[-110.996096461841,40.03751077409535],[-110.9959300420154,40.03707109276793],[-110.9956534304846,40.03683142346178],[-110.9949315177608,40.03511053226534],[-110.9946924331194,40.0347681510736],[-110.9943853611186,40.03452126944504],[-110.9941204731324,40.03443476269895],[-110.993759466168,40.03442933796056],[-110.9932718566622,40.03458247641614],[-110.9930046015127,40.03473202243321],[-110.9924606730985,40.03537348245978],[-110.9916424626444,40.03596266385947],[-110.9912087680043,40.03601849219415],[-110.9909063438171,40.03613018972],[-110.9907117712688,40.03612116453476],[-110.9903789353317,40.03577065817515],[-110.989642897414,40.03539669014499],[-110.9889350074053,40.03496595868626],[-110.9882435167245,40.03464604446211],[-110.9875450279366,40.03417205860728],[-110.987596619332,40.03406665005826],[-110.987681013149,40.03405044151143],[-110.9886631966805,40.03424695435478],[-110.9895399148211,40.03432452068702],[-110.9896969814058,40.03429029771065],[-110.9900978921419,40.03392633874071],[-110.9903581062727,40.03385968853249],[-110.9906956676247,40.03386872588778],[-110.9908938202863,40.03334977994262],[-110.9909912322324,40.03236952645981],[-110.9906901152262,40.03160367355215],[-110.9905320290413,40.03058375641675],[-110.9905812691892,40.03047744530535],[-110.990839145811,40.03026033084993],[-110.9912798517235,40.03008467460191],[-110.9914533204796,40.03001531240007],[-110.9916830606566,40.0298261242181],[-110.9916760829645,40.0293783387526],[-110.9918683162081,40.02918734552954],[-110.9923816736434,40.02904322429092],[-110.9928153159629,40.02905586566094],[-110.9932466043779,40.02917031554304],[-110.9948381524745,40.02975693265491],[-110.9957546616588,40.02995158063892],[-110.9958906167133,40.02994978359174],[-110.9959890720194,40.02986149142148],[-110.9959375108856,40.0297281452124],[-110.995332780194,40.02925240719622],[-110.9951570003015,40.02893976135436],[-110.9952930018799,40.02823250084646],[-110.9957477820538,40.02749642100021],[-110.9957477900586,40.0273675814149],[-110.9953446694687,40.02676571382365],[-110.9954185439791,40.02616296364236],[-110.9954044823881,40.02613413184288],[-110.9954150376934,40.02601970826679],[-110.9952814461452,40.02585031934595],[-110.9950376922627,40.02567371778741],[-110.9934814118175,40.02491682043471],[-110.9932681334055,40.02476904808589],[-110.993195493567,40.02456542314051],[-110.9932424143815,40.02412484832794],[-110.9927081263285,40.02309139563117],[-110.9924433053484,40.02281748170539],[-110.9918620837081,40.02246065549306],[-110.9916429633412,40.02226062301855],[-110.9915246152278,40.02215429914215],[-110.9913312871567,40.02188489272426],[-110.991142647438,40.02162089219208],[-110.9910466011076,40.02125328616991],[-110.9910489587572,40.02114697105504],[-110.991058431633,40.0203973587892],[-110.9916304262161,40.01936668349461],[-110.9917007786913,40.01902161420915],[-110.9916773817793,40.01869365673553],[-110.9915450662312,40.01787105465239],[-110.9908036509911,40.01529420162441],[-110.9902671561667,40.01404179822126],[-110.9899286078492,40.01344081678959],[-110.9903060847671,40.01219930075254],[-110.990552204228,40.01177946508904],[-110.9907842567909,40.0113848551557],[-110.9908756736376,40.01120736959953],[-110.9909366178992,40.01108934617854],[-110.9913737795286,40.01016407438377],[-110.9916386614831,40.00950277531511],[-110.9917301013399,40.00909553939294],[-110.9921097522761,40.00883248000229],[-110.992162950878,40.00878833564088],[-110.9924732356117,40.00853103659837],[-110.9924964365713,40.00851175715126],[-110.9925550343867,40.00837481211102],[-110.9926253871088,40.00787927808758],[-110.9927473594289,40.00673684408501],[-110.9926864974661,40.00614940169299],[-110.9923866219612,40.00562050741841],[-110.9916556924114,40.00435097679262],[-110.9915948158375,40.00397616481597],[-110.9916838940555,40.00366263027208],[-110.9918221617155,40.00348064218579],[-110.9920119726589,40.00334190452832],[-110.9929059245272,40.00291940313661],[-110.9952034341808,40.00185546363387],[-110.9955994309328,40.0016284323627],[-110.9959884010099,40.0013131034278],[-110.9960739382908,40.0010482181751],[-110.9962391435143,40.00069594037379],[-110.9962836784281,40.00038330164137],[-110.9960903929471,40.00011570411033],[-110.9951977421742,39.99949129110112],[-110.994936514522,39.99924981720302],[-110.9923606508262,39.99686748300522],[-110.9920115905123,39.9965701357633],[-110.9905872888671,39.99520774547739],[-110.9887893749896,39.99378223313069],[-110.9879507762383,39.99305055204887],[-110.9877786602867,39.99260725111831],[-110.9877050041418,39.99181978539765],[-110.9879276463149,39.99135850617092],[-110.9883295234524,39.99077831506806],[-110.9885521678205,39.99025847073413],[-110.9887724469557,39.98985575335508],[-110.988622632975,39.98914756686285],[-110.9881916683174,39.98866009241715],[-110.9880558217916,39.98850781250664],[-110.9872711659834,39.98782658639929],[-110.9860837818122,39.98625333459253],[-110.9830463773552,39.98264719680891],[-110.982764192701,39.98233451404168],[-110.9820170635649,39.98193886890546],[-110.9815814886898,39.98151714034368],[-110.9815054782033,39.9810819533006],[-110.9815653248854,39.98065039179775],[-110.9817507262781,39.97931786652136],[-110.9819020928254,39.97823040292663],[-110.9821576209818,39.97738712165899],[-110.9823240396358,39.97692674435779],[-110.9824131299176,39.9765942948083],[-110.9823710195725,39.9754893214738],[-110.9823069854611,39.97448516472026],[-110.9825601356946,39.97416886746696],[-110.9830896787518,39.97328237719938],[-110.9832700562188,39.97314004781436],[-110.9837643000281,39.97289144635308],[-110.9839657716154,39.97267343611811],[-110.9840103079177,39.97251667093862],[-110.983949543482,39.97196165594953],[-110.984026913133,39.97161208453792],[-110.9840901591097,39.97156704399577],[-110.9846592684366,39.9716121699624],[-110.985375901679,39.97178164774635],[-110.9857904620396,39.97170781856045],[-110.9862026943087,39.97156010685813],[-110.9872145560655,39.9710556713733],[-110.987380859304,39.97095477928936],[-110.9876033958641,39.9707151413108],[-110.9877346263179,39.97028448444442],[-110.9876573914841,39.96999796299774],[-110.9874888048266,39.96979252032019],[-110.9871539400831,39.96957624725748],[-110.9870602823437,39.96946091073936],[-110.9870298624491,39.96932395759321],[-110.987079067754,39.96919782516267],[-110.9875217648041,39.96884648943276],[-110.9877536739113,39.96853927818929],[-110.98789200059,39.96768065366505],[-110.9882809274642,39.96669861943403],[-110.988388740501,39.96618957340431],[-110.9884730586273,39.96612561183818],[-110.9885128696545,39.9661301207193],[-110.9886276190273,39.96614364682109],[-110.9887189350753,39.96624636811188],[-110.9887585984348,39.96715276347029],[-110.9889856879683,39.96762129772623],[-110.9890231272744,39.96781771610249],[-110.9889106437058,39.96825738626073],[-110.9889176264562,39.96852407858555],[-110.9889948339677,39.96900341010603],[-110.9893062030456,39.96972602936614],[-110.9894676970592,39.97039998098534],[-110.989540209973,39.97098742975223],[-110.9893691618083,39.97150097557108],[-110.9893995853865,39.97165054183985],[-110.9895553135906,39.97177308991372],[-110.9899663444568,39.9717803341079],[-110.990170097437,39.97182540080958],[-110.9909195309689,39.97202908451533],[-110.9914792566098,39.9722651850253],[-110.991608071177,39.97226339245589],[-110.991687709286,39.97220213123413],[-110.9917767352094,39.97197689139785],[-110.9920086254604,39.97175886930307],[-110.9931305354817,39.97113545972534],[-110.9933998788065,39.97104537688924],[-110.994363641343,39.97087333965752],[-110.9965054295144,39.97086711716658],[-110.9975874408893,39.97106896538499],[-110.9980347644546,39.97126899248948],[-110.9984282226076,39.97150505653566],[-110.9985242434268,39.97166092817615],[-110.9986998854753,39.97231054030235],[-110.9990043456498,39.97301871727033],[-110.9991308180254,39.97311962856596],[-110.9994001614203,39.97301151212688],[-110.9998802960009,39.97124558352336],[-111.0002011547827,39.97080229883777],[-111.0008030526963,39.97049596135253],[-111.0016766182335,39.97019141909152],[-111.0021368124377,39.96985624508503],[-111.0031122346892,39.96942735410015],[-111.0037328374459,39.96901288259978],[-111.0047234273386,39.96810285133625],[-111.0051027805587,39.96755683810466],[-111.0056929172442,39.96723425783627],[-111.0059622162493,39.96699998806761],[-111.0060640782886,39.96688015170743],[-111.0065967989552,39.96625033368505],[-111.0069082210302,39.96578180298879],[-111.008065011571,39.96503931601543],[-111.0093997502309,39.96426616959323],[-111.0101185566902,39.96339755855706],[-111.0109017781874,39.96275057950698],[-111.0116475370738,39.96222072708139],[-111.0124225233227,39.96151066940569],[-111.0130803943883,39.96072313489299],[-111.0134152263213,39.96057443385993],[-111.0140661146381,39.96009232890653],[-111.0147451320819,39.95978951303458],[-111.0152321679861,39.95966331194211],[-111.0157168237449,39.95937673348794],[-111.0166909044798,39.95920721185315],[-111.017163882899,39.95908100465576],[-111.0181613778131,39.95893309087216],[-111.018805253359,39.95867350402795],[-111.019013645634,39.95863202464727],[-111.0197512482682,39.95861207963391],[-111.0199268514688,39.95855078248145],[-111.0200766766362,39.95842101452674],[-111.0201679521863,39.95826062302005],[-111.0201866346672,39.95808943225539],[-111.0197695007497,39.95694344864481],[-111.0196171348651,39.95636684274733],[-111.0191860776698,39.95559927373419],[-111.0188393195902,39.95481727355062],[-111.0188346015333,39.95468933409952],[-111.019000713445,39.95420817967538],[-111.0189304268398,39.9540532213142],[-111.0184198783975,39.9536406512279],[-111.0181154058894,39.95331904660636],[-111.0180333703422,39.95299380283519],[-111.0183258398295,39.9522135015597],[-111.0184545705497,39.95204229344991],[-111.0191708758987,39.95147004990636],[-111.0193019416971,39.95128892957992],[-111.0194890953216,39.95074109755213],[-111.0197078910905,39.95032300209003],[-111.0197640213158,39.95010855735554],[-111.0197276728398,39.94990674219158],[-111.019777671796,39.94872824098529],[-111.0194660349138,39.94785613689719],[-111.0194683128304,39.94763269135689],[-111.0195899745034,39.94734255254384],[-111.0205005129876,39.94667386155609],[-111.0212213361106,39.94580517869812],[-111.021565412103,39.94556004624695],[-111.0217994242589,39.94523024054996],[-111.0233814899416,39.94359553818141],[-111.0236178166265,39.94323329262418],[-111.0236271450364,39.94312877597115],[-111.0234279893407,39.94264949007684],[-111.0232521469303,39.94187467459555],[-111.0232614525287,39.941701682752],[-111.0236193250814,39.94081143273607],[-111.023790146151,39.94060236822072],[-111.0248176129959,39.93996064820368],[-111.025166311003,39.93966685038404],[-111.0253906929107,39.93871715814942],[-111.0255474129284,39.93838736139947],[-111.0259802643842,39.93780702764308],[-111.0263043477925,39.93746277635785],[-111.0266331425411,39.9372032161416],[-111.0269115615462,39.93683014191557],[-111.0273468824075,39.93662641627247],[-111.027742342104,39.9362641242374],[-111.028238467768,39.9359360439945],[-111.0286667708129,39.93576655270927],[-111.0291664039101,39.93544837849617],[-111.0296438615138,39.93528517814708],[-111.0307822625066,39.93437668306955],[-111.0312280661047,39.93412068253036],[-111.0321556044806,39.9328806657652],[-111.0324009586437,39.93198321052147],[-111.032724825402,39.93130917828294],[-111.0330371427634,39.93096851508345],[-111.0342654315254,39.92983831564064],[-111.0349159505662,39.92949033893515],[-111.0357561488534,39.92932790445663],[-111.0364769271504,39.92908080831938],[-111.0373990259915,39.92889671233919],[-111.0385082331032,39.92847288329784],[-111.0390183037657,39.92816096971745],[-111.0401543243935,39.92759836314085],[-111.0409555620582,39.92692233914644],[-111.041196551596,39.92677989708316],[-111.0417463928478,39.92647876918034],[-111.0426099242694,39.92628564283653],[-111.0435695154484,39.92625645452301],[-111.044519805627,39.92632276697524],[-111.0455449212562,39.92627912126975],[-111.0461954402871,39.92606622986575],[-111.0465439861506,39.92578678300239],[-111.0469137202127,39.92569293084927],[-111.0476997986667,39.92522229235619],[-111.0481724848547,39.92509415608965],[-111.0489892408593,39.9249983087601],[-111.0498060911983,39.92503580245743],[-111.0503257476713,39.92513468721754],[-111.0505410538189,39.92511116778424],[-111.0511563562009,39.92478654083939],[-111.0517647440527,39.92461147838793],[-111.0523658301693,39.92407241521136],[-111.0530959290278,39.92392071652637],[-111.0541421622538,39.92399771808643],[-111.0549708612689,39.92422978418114],[-111.0557642398761,39.92419156369657],[-111.0559515190067,39.92424553301282],[-111.0560616167253,39.92436441079829],[-111.0562036762779,39.92493016505286],[-111.0561423611624,39.92579604802911],[-111.0561753003773,39.9260068641758],[-111.0562831190854,39.9261969211731],[-111.056465795605,39.9263391890705],[-111.0566858810293,39.92643278483867],[-111.0569269884398,39.92647411234582],[-111.0574114061781,39.92639098227614],[-111.0576149266702,39.92626654446467],[-111.0579656733644,39.9258753392021],[-111.0582134012403,39.92544454097062],[-111.0585724041436,39.92513802292133],[-111.0588052024097,39.92504600391491],[-111.0596441773406,39.92495007026656],[-111.0607224299856,39.92508258716781],[-111.0615565484173,39.92518513076175],[-111.061606871003,39.92518780701312],[-111.06169462822,39.92517604746044],[-111.0621287728161,39.92516139979448],[-111.0630764340684,39.924910412408],[-111.063661280362,39.92461907237703],[-111.0645559554463,39.92403473487227],[-111.064995797617,39.92386600364017],[-111.0650460980548,39.92384615360798],[-111.0652847942216,39.92381718771916],[-111.0660279036877,39.92384199475119],[-111.0662854114475,39.92390491729049],[-111.0665687534165,39.9240597256276],[-111.0683156243222,39.92497141459579],[-111.0695914669453,39.92525627037981],[-111.0711342435035,39.92564546372377],[-111.0729255110147,39.92672391938707],[-111.0752774465034,39.92805894731325],[-111.075512937806,39.92819259142841],[-111.0760163504423,39.9283632706781],[-111.0765363071826,39.92846519117347],[-111.0766949166131,39.9284963507769],[-111.0774291649318,39.92850198954967],[-111.078277978022,39.92850141964874],[-111.0806583489672,39.92849663482982],[-111.08193161939,39.9284894352142],[-111.0826964071046,39.92849042399403],[-111.0829594919182,39.92849284894498],[-111.0833433619342,39.92850428655986],[-111.083631294404,39.92853741593036],[-111.0840808213314,39.92864701178902],[-111.0844707000004,39.92878548109285],[-111.0848430902579,39.92897621937487],[-111.0850538903769,39.92909409480143],[-111.0851604638018,39.92915528398643],[-111.0854767101537,39.92936768522991],[-111.0869248436407,39.930658629962],[-111.0873255025421,39.93097818072001],[-111.0876417065221,39.93114552647143],[-111.0880550941296,39.93134703524922],[-111.0893643339035,39.93196050938386],[-111.0903761261742,39.93242283444057],[-111.0909991245331,39.9326998523251],[-111.0915834361142,39.9329246399524],[-111.0921396022025,39.93310439746303],[-111.0928057753453,39.93327595538811],[-111.0934286013397,39.93341330677333],[-111.0940419952782,39.93349840500724],[-111.0957755634294,39.93366907523193],[-111.0979807272859,39.93378526255147],[-111.0996240934465,39.93388747613324],[-111.1018538981717,39.93403690525297],[-111.1033193838542,39.93414372752147],[-111.1038273307399,39.93414237280451],[-111.1043364014745,39.93411038117728],[-111.1047166770383,39.93404426606778],[-111.1051097778639,39.93394660342015],[-111.1054642203737,39.93382644984609],[-111.1062104214702,39.93350051116973],[-111.1066759963768,39.93334871736581],[-111.1071428070252,39.93324016809294],[-111.1075909918395,39.93319650554239],[-111.1080708256812,39.93318434643428],[-111.1088016711849,39.93322519861736],[-111.1094567302229,39.93329927421053],[-111.1114971318693,39.93356942925639],[-111.1148089125698,39.93403471238537],[-111.1171607650773,39.93435401337429],[-111.1180328903131,39.93446034670517],[-111.1184273700334,39.93449328110731],[-111.1190161323406,39.93452421292852],[-111.1194948044892,39.93451290872593],[-111.119832991591,39.93448012405617],[-111.1204519398202,39.93437136389402],[-111.1222851950388,39.93394958348236],[-111.1226350625513,39.93390596643508],[-111.1230704078516,39.93388478239508],[-111.1250775923599,39.93387092170346],[-111.1260467100682,39.93389239700449],[-111.1264387865327,39.93389106913332],[-111.1275360807461,39.93398564265465],[-111.1282849908744,39.93416294226917],[-111.1298879522481,39.93453236566912],[-111.1302849632431,39.93466256382935],[-111.130824930641,39.93487999546141],[-111.131579506135,39.93531702280867],[-111.1322602285433,39.93568835720408],[-111.132815509247,39.93594900956975],[-111.1331551659441,39.93607025364769],[-111.1335884347675,39.93617967604219],[-111.1339865255145,39.9362548998549],[-111.1363456433207,39.93661344665381],[-111.137208405515,39.93669081501627],[-111.1377865742437,39.93667841652287],[-111.1382020077987,39.936643684485],[-111.1390970975817,39.93650025775106],[-111.1403198360236,39.93632399241443],[-111.1461654120741,39.93544371156764],[-111.1470873926044,39.93530199121473],[-111.147232453378,39.9352693714674],[-111.1482983752286,39.93512115168618],[-111.1491219551796,39.93494350136434],[-111.1497840142193,39.93476515296643],[-111.1505756892606,39.93445238501441],[-111.1513846945174,39.93404048010593],[-111.1520603408938,39.93366208113372],[-111.1525783738788,39.93346138078762],[-111.1530696840067,39.93334991143516],[-111.1536477026543,39.93328427563432],[-111.1542388106429,39.93331502549481],[-111.1549308270752,39.93345916231727],[-111.1554799565492,39.93355753619491],[-111.1559049663066,39.93362904472169],[-111.1563533475956,39.93368430235338],[-111.1567571771199,39.93370538086516],[-111.1571199674299,39.9336931769537],[-111.1575529017428,39.93364663899106],[-111.1580735431844,39.93356934620928],[-111.1593146136748,39.93326671690701],[-111.1596608904048,39.93320046832299],[-111.15996381042,39.93311175377225],[-111.1605287548013,39.93296411159714],[-111.1611204904418,39.93276327101742],[-111.1620027275516,39.93237281393492],[-111.1630700938431,39.93197794535018],[-111.1637198791446,39.93178394745183],[-111.1644440630304,39.93162560973686],[-111.1656142769527,39.9314737491079],[-111.1685120779924,39.93124784018838],[-111.1692550295645,39.93116098378515],[-111.1697007676044,39.93109591146376],[-111.1701929495463,39.93102374154215],[-111.1744961806557,39.93029592234516],[-111.1748003557824,39.93025311763684],[-111.1764825462546,39.92996765845672],[-111.1792981586504,39.92945337815006],[-111.1803660951763,39.92924179105476],[-111.1815277416322,39.92906518608724],[-111.1827316324413,39.92893355244776],[-111.1839052332299,39.92885511280318],[-111.1848683241343,39.92883105653689],[-111.1861440020085,39.92885063942404],[-111.1871342466947,39.92891391683435],[-111.1887203590066,39.92904379179636],[-111.1961256005207,39.92971445356168],[-111.1966665093626,39.92979282453995],[-111.1971232449837,39.92990196979487],[-111.1976504158551,39.93008577540441],[-111.1981344566691,39.93032821668668],[-111.1987067752065,39.93074349481382],[-111.1989931927437,39.93103942940036],[-111.1992786305301,39.93140023623562],[-111.1994808855057,39.93172965082867],[-111.1997238900174,39.93238785621195],[-111.1997672668387,39.93281575170524],[-111.1997833145068,39.93310223883679],[-111.1997562131689,39.93344195869525],[-111.1996414302022,39.93381516615227],[-111.1995299033691,39.93410097186882],[-111.1993867751739,39.93438683181125],[-111.1992165021385,39.93459525309843],[-111.1985068423737,39.93567225175264],[-111.1983521898072,39.93602300131371],[-111.1982806693284,39.93638532137591],[-111.1982815221625,39.93668084441941],[-111.1983470452191,39.9370789696114],[-111.1984477368744,39.9374959553238],[-111.1994249446618,39.94027923553334],[-111.1996839812148,39.94080496709832],[-111.1998686744047,39.94112269785015],[-111.2004253452372,39.94175693382805],[-111.2006824612199,39.94202137969136],[-111.2010110073344,39.94229471103795],[-111.2048710906772,39.94532878948167],[-111.2053226337655,39.94561991078065],[-111.2056204837282,39.94579417456541],[-111.2060718735608,39.9460321349112],[-111.2065372187544,39.94623853405697],[-111.206934471556,39.94637837978917],[-111.2072157095317,39.94647608514197],[-111.2074851062801,39.94652876161769],[-111.2077651069194,39.9466039431567],[-111.2082699881655,39.94672016570001],[-111.211532262285,39.94741702985786],[-111.2135297981975,39.94794404972382],[-111.2141766893818,39.94817080631511],[-111.2165127009328,39.94910709809884],[-111.2179098401656,39.94965318170056],[-111.223373310857,39.95175181417692],[-111.2262768313185,39.95295368582675],[-111.2280316384595,39.95363319529111],[-111.2291074586733,39.95396263723391],[-111.2299112318209,39.95415836203658],[-111.2306586755281,39.95431274797472],[-111.2313884797026,39.95444283766708],[-111.2328232207215,39.95461745951125],[-111.2334251223295,39.95465949651749],[-111.2340787442579,39.95465925983095],[-111.2357607310628,39.95465585156993],[-111.2376680789197,39.95471844989986],[-111.2379448885462,39.95476581455853],[-111.2389770914915,39.95495677275313],[-111.2396283251473,39.95517716117176],[-111.2401030400429,39.95540502942259],[-111.2406923863712,39.95573636126099],[-111.2418374181096,39.95627745301891],[-111.2423306367585,39.95646950435617],[-111.2427491953649,39.95660449734648],[-111.2430562641217,39.9566968356978],[-111.2433537903453,39.95673918855841],[-111.2439766821676,39.95681653541875],[-111.2446274139409,39.95688661230304],[-111.2455010252267,39.95691341695159],[-111.2473414543032,39.95700248670764],[-111.2480848403346,39.95698657263254],[-111.2487072993247,39.95694235203369],[-111.2492273935951,39.9568553711857],[-111.2498495122678,39.95671816347011],[-111.2503693950677,39.95657405546437],[-111.2515946765408,39.95617803250472],[-111.2534418230014,39.95561620888274],[-111.254889909319,39.95516965906082],[-111.2597722483565,39.95367841208428],[-111.2604593539287,39.95352667609362],[-111.2608678932962,39.95345421925484],[-111.2612859064575,39.95341039098012],[-111.2618620107195,39.95340909115732],[-111.2622711019935,39.95345105334867],[-111.2627546082713,39.95354294028404],[-111.2640894816931,39.9538831828579],[-111.2651126257915,39.95413834944758],[-111.2657079036977,39.95427997310991],[-111.2663771921706,39.95433564983437],[-111.2668465618708,39.95434168821375],[-111.2674689284515,39.95428304143123],[-111.2678867749927,39.95419630282184],[-111.2684806329908,39.95397319647115],[-111.2688978550868,39.95375770478569],[-111.2695003980058,39.95336293524525],[-111.2703901091943,39.95276017628387],[-111.2709091847969,39.95243001450964],[-111.2713637023742,39.95223587022195],[-111.2719111976591,39.95204862390801],[-111.272561149195,39.95189690332605],[-111.2730996711687,39.95180977204647],[-111.2735271170934,39.95178732088759],[-111.2740752594703,39.95176458288463],[-111.2797249130259,39.95174397143662],[-111.2806773451125,39.95173446163614],[-111.2813557225572,39.95175435087447],[-111.2828660710932,39.95182212385273],[-111.2864537115622,39.95200639625544],[-111.2883589742483,39.95210898046195],[-111.2889075618503,39.95216482728894],[-111.2892980514532,39.95223539181106],[-111.2897260372078,39.95234154035483],[-111.2903960817456,39.95257592221459],[-111.2920515666511,39.95315316974042],[-111.2969929627384,39.95476401201774],[-111.2978307006958,39.95510513828768],[-111.2983894388621,39.95536120311701],[-111.299069413839,39.95573849544166],[-111.3012970491618,39.95724169705704],[-111.3016326998425,39.95750544348252],[-111.3020990468751,39.95788327348242],[-111.3024348522072,39.95815413492533],[-111.3030882118882,39.95880320982848],[-111.3033779243777,39.95916005280997],[-111.3035556191129,39.95941699893536],[-111.3037425964582,39.95968112833033],[-111.3040512169378,39.96010225030978],[-111.304668806532,39.9610732414283],[-111.3053328226758,39.96200121996315],[-111.3057905863237,39.96254348694536],[-111.3062013213443,39.96293577237297],[-111.3064573619523,39.96316502688829],[-111.3068982781523,39.96357561007586],[-111.3078449697423,39.96449570729756],[-111.3082328563961,39.96482713955142],[-111.3086379578494,39.9650801390864],[-111.3094479056736,39.96552757062302],[-111.3097610828202,39.96564746599196],[-111.310204386965,39.96580124974538],[-111.3106604100278,39.96591895837844],[-111.3111302936789,39.96599428179644],[-111.3116985353313,39.96606933888416],[-111.3121259689875,39.96607900061153],[-111.3126527870241,39.96605685834616],[-111.3131221188572,39.96601054242658],[-111.3136639026291,39.96593249417649],[-111.3161381648923,39.96544374694831],[-111.3169338229556,39.96532084261649],[-111.3175447342234,39.96525430000257],[-111.3181571200572,39.96525352190829],[-111.3187850288665,39.96531756869378],[-111.3194378842238,39.9654581269186],[-111.3198658188271,39.9655758767255],[-111.3204371736465,39.96581486133598],[-111.3209501467729,39.9660882421278],[-111.321520857828,39.96643804407365],[-111.3223934722264,39.96699332907474],[-111.3234334984964,39.96753822965667],[-111.3239591939154,39.96777281926166],[-111.3281478377675,39.96951254833032],[-111.3330267030858,39.97155107243884],[-111.3348267343322,39.97230541505139],[-111.3372136098676,39.97332020961066],[-111.3381534177181,39.97368417143984],[-111.3405285184995,39.97466649639027],[-111.3435099047824,39.9758010451494],[-111.3469484270169,39.97722696837506],[-111.3477676651602,39.97758130189864],[-111.3492194082402,39.9781823964991],[-111.3502511443767,39.97863427889638],[-111.3517033193313,39.97931102328906],[-111.3546247892716,39.98078783907896],[-111.3562054405047,39.98160468648111],[-111.356797400367,39.98192721871404],[-111.3575163047896,39.9823358505121],[-111.3582628375826,39.98287503451649],[-111.3593263057608,39.98377001959619],[-111.359648573876,39.98402760131352],[-111.3599859000638,39.98425270008557],[-111.3602654740641,39.98440860194344],[-111.3610275472282,39.98477653346232],[-111.3635746219399,39.98580740146837],[-111.3645582627656,39.98620614871397],[-111.3651885356499,39.98645013202535],[-111.3654950213537,39.98659692659777],[-111.3657299892694,39.98673043134831],[-111.3659498614541,39.98688830971803],[-111.3662439912183,39.98713334803294],[-111.3670076934869,39.98779405302538],[-111.3673581201495,39.98805152390081],[-111.3675484139279,39.98815273125738],[-111.3696600163117,39.98897311469729],[-111.3705131384629,39.98926410981438],[-111.3709294732251,39.98935918292706],[-111.3711956085669,39.98940428084597],[-111.3715038430202,39.98943662952379],[-111.3717826192058,39.98943663664153],[-111.3723994385833,39.98934996450642],[-111.3729294769288,39.98924464778438],[-111.3732676847961,39.98918859941629],[-111.3736071713892,39.98915236747153],[-111.3739011045463,39.98913970693668],[-111.3742537944635,39.98916199412164],[-111.374592905846,39.98920729907377],[-111.374916511527,39.98933013735429],[-111.3751665221034,39.98942483213393],[-111.3753569544169,39.9895485506424],[-111.3756377659355,39.98970621315134],[-111.376597094145,39.99034729979302],[-111.3768250536016,39.99047810175325],[-111.3772067601087,39.99066336269221],[-111.3775062374066,39.99080564325158],[-111.3778922952848,39.99092962121655],[-111.3783931354095,39.991051421268],[-111.3788515105221,39.99111929926053],[-111.379220605839,39.99114061670535],[-111.3802550803662,39.99117056370665],[-111.3835789824522,39.99130647072916],[-111.385293034905,39.9913692599224],[-111.3859435895465,39.99144908454467],[-111.3863422209088,39.99151442887828],[-111.3874668761911,39.9917476319117],[-111.3878668247392,39.99183819397543],[-111.3882244119615,39.99189465938787],[-111.3886240917232,39.99193746789964],[-111.3890410917404,39.99193606897566],[-111.3898083892807,39.99186240381325],[-111.3916833318879,39.9916658864815],[-111.39205347122,39.9916637340916],[-111.3930188490399,39.99169380084803],[-111.3938007708483,39.99172024842014],[-111.394794746051,39.9917731781529],[-111.3951879299295,39.99184679959546],[-111.3957109387456,39.99194700587815],[-111.3967649711684,39.992317128134],[-111.3973780102654,39.99258982618469],[-111.398486510762,39.99305723174187],[-111.3993087388419,39.99344452526309],[-111.4001482103626,39.99377409082182],[-111.4005660999542,39.99392311058428],[-111.4009407028602,39.9940812883553],[-111.4012544059635,39.99424147771203],[-111.4014941811499,39.99437939789073],[-111.4017507474196,39.99458393169166],[-111.4021547013891,39.99495193147943],[-111.4028770193888,39.99567290767158],[-111.4033877702604,39.99607206599723],[-111.4037168492594,39.99625471952277],[-111.4039553535327,39.9963737184535],[-111.4041949397591,39.99647739650754],[-111.4045693682333,39.99660222690766],[-111.4049577168353,39.99670358205709],[-111.4053914859468,39.9967597281964],[-111.4061989416909,39.99681456366294],[-111.4076988870378,39.99691579260273],[-111.410152921058,39.9970840861097],[-111.4140848844884,39.99734976815769],[-111.4156084517597,39.99745963985967],[-111.416340880042,39.99750296095438],[-111.4169513369712,39.99752329087936],[-111.4174011698182,39.99752167174825],[-111.417863817076,39.99750829197617],[-111.4185792804386,39.9974588594991],[-111.4206445254906,39.99726037541754],[-111.4220437741537,39.99715528024608],[-111.4235727020736,39.99699383378929],[-111.4250873588087,39.99679908338009],[-111.4267154272802,39.99657055955905],[-111.4280143893953,39.99635494139318],[-111.4301153210435,39.99606605915425],[-111.4310485971511,39.99600853340141],[-111.4323992233466,39.99600170050753],[-111.4327577605278,39.99601387699796],[-111.433751185838,39.9960209751911],[-111.4344844779856,39.99601642665507],[-111.4354165780238,39.99595887014332],[-111.4364644853332,39.99587564274801],[-111.4378003661535,39.99579825598884],[-111.4387351485639,39.99575805150688],[-111.4393195665779,39.99575637837219],[-111.4401464704051,39.9958457713771],[-111.4431221650332,39.99630086819973],[-111.4443006887599,39.99645339656786],[-111.4452945587511,39.99647372854412],[-111.4463185579316,39.99640753236581],[-111.4469202429451,39.99634034353382],[-111.4474199549655,39.99626453551232],[-111.4479791841805,39.99615425821543],[-111.4486878685144,39.99596951969161],[-111.4493027185072,39.99576712110414],[-111.449785580691,39.99562379499046],[-111.4506623497544,39.99534919533598],[-111.4512272037464,39.99520554437887],[-111.4517699591789,39.99508630316619],[-111.4525668093011,39.99495165190493],[-111.4530501588764,39.99488399229198],[-111.4534775668881,39.99485979641184],[-111.4538662114258,39.9948195331849],[-111.454237535379,39.99481717753935],[-111.4551072073255,39.99488944792598],[-111.4562306746158,39.99507693896292],[-111.4567960837748,39.99519454177226],[-111.4574071011421,39.99530024914552],[-111.4579746462726,39.99538630360281],[-111.4585407020529,39.99542460943984],[-111.4587142075014,39.99544464532482],[-111.4594136888397,39.99546530020823],[-111.4601105073181,39.99543820971265],[-111.4607789271029,39.99536888206151],[-111.4629994100836,39.99511496762683],[-111.4634501643191,39.99507892902164],[-111.4638132161822,39.9950657640594],[-111.4644670106589,39.99508657126747],[-111.4648760519928,39.99511826746625],[-111.4655454546059,39.99519486649169],[-111.4680071735853,39.99544803730443],[-111.4688932789372,39.99552193978842],[-111.4707524261821,39.99570541037512],[-111.471013945503,39.99574759471643],[-111.4714784397664,39.9958358036967],[-111.4722504573339,39.99601195478255],[-111.4724980770705,39.99607671679355],[-111.4729043903298,39.99622101770592],[-111.473326076691,39.99638597684432],[-111.4746527665424,39.99698240284706],[-111.4758751657103,39.99757113303619],[-111.4763407551155,39.99781428571897],[-111.4772149431258,39.99819000015069],[-111.4784634405554,39.9988191392568],[-111.4794036200018,39.99924682117098],[-111.4800971028168,39.99957550936391],[-111.4806331541231,39.99983907518889],[-111.4813414983802,40.00011363576249],[-111.4824394765108,40.00048567796732],[-111.4829148588198,40.00061614144366],[-111.4833911158038,40.00070425350739],[-111.4840841686689,40.00080136902067],[-111.4843541583359,40.00084465906119],[-111.4848044070414,40.00089908744961],[-111.4857675524336,40.00100362202631],[-111.4863048461591,40.00105785990751],[-111.4869661483068,40.00113707189708],[-111.4871667036306,40.00116866413642],[-111.4875791867471,40.00124945882884],[-111.4881347426227,40.00140001565305],[-111.488955518242,40.001712347353],[-111.4894923858255,40.00201749358164],[-111.4900325862137,40.00236208587873],[-111.4904143923641,40.00267310895788],[-111.4907534986237,40.00297593251342],[-111.4910594010851,40.00332061084581],[-111.4913051040627,40.00366752569985],[-111.4915485636143,40.00406066948602],[-111.4917402066466,40.0045305252773],[-111.4918740405985,40.00496044264146],[-111.4919504094687,40.00539853232674],[-111.4919745137566,40.00583495175798],[-111.4919389537515,40.00670796591611],[-111.4918110399917,40.00930763664122],[-111.4916914765594,40.01232108740926],[-111.4916896173925,40.01287843695565],[-111.4917885929237,40.01328165268264],[-111.4919164870813,40.01363248914564],[-111.4922670199836,40.01431033388389],[-111.4925048400889,40.01463006957859],[-111.4939686655397,40.0161347696048],[-111.4949404579269,40.01699916021129],[-111.4953664403342,40.01740908422097],[-111.4955990307397,40.01769892344297],[-111.4958753670475,40.01810696267762],[-111.4967970875468,40.01981576181321],[-111.4972275546041,40.02051667322796],[-111.497495998291,40.02085158336616],[-111.4976865997308,40.02111745241545],[-111.4986528104065,40.0221647320161],[-111.4989852564803,40.02259666801741],[-111.4991762165905,40.02291028442758],[-111.4997525915278,40.02432863101895],[-111.4999285937686,40.02483962313494],[-111.5000766581926,40.02521558993367],[-111.5003255604479,40.0257587016748],[-111.5005745981768,40.02615945893218],[-111.5007807052097,40.0264585915187],[-111.501041967071,40.02676739592666],[-111.5013620916806,40.02711198387144],[-111.5018148795318,40.02748753043695],[-111.5021389395042,40.02772848758585],[-111.5024826273709,40.02792881505508],[-111.5029038180457,40.02814952747399],[-111.5033824437465,40.02837088983245],[-111.5040205249478,40.02860056644742],[-111.5045853779404,40.02875307501971],[-111.5052003619234,40.02886932349154],[-111.5053376741837,40.02889485288703],[-111.505858438335,40.02896438798941],[-111.5079615216097,40.02925494065727],[-111.5087841463035,40.02939611750957],[-111.5092980173009,40.02953062730541],[-111.5098330512632,40.02970531504373],[-111.5103892758396,40.02990801721593],[-111.5108983030836,40.03011497916764],[-111.511376521774,40.0303864040494],[-111.5118155546421,40.03065196352895],[-111.5122520638855,40.03095573358006],[-111.5127522670122,40.03135985839744],[-111.514211057607,40.03258628016383],[-111.5148113375617,40.03307842693413],[-111.515420906391,40.03341763481328],[-111.5156731650395,40.03356138825711],[-111.5160979144128,40.03368419131412],[-111.5165491923112,40.03384309349505],[-111.5170469810173,40.0339213298783],[-111.5177176565261,40.03403095638758],[-111.5198019106862,40.03422272157267],[-111.5213680373953,40.03440479878967],[-111.5221851081403,40.0344976132854],[-111.5228375289562,40.03460936461219],[-111.5235823039604,40.03482718945477],[-111.5249985226729,40.03525126421606],[-111.5340316774989,40.03799568736634],[-111.5349655119721,40.0382930236797],[-111.5356005061923,40.03850731351669],[-111.5361987230183,40.03870978718527],[-111.53669483412,40.03891056841066],[-111.5382590301828,40.03949867198494],[-111.539424624139,40.03997193542579],[-111.5414412026109,40.04083953121196],[-111.5429710440148,40.04151926957346],[-111.5436333086895,40.04180987944623],[-111.5443921993291,40.04216309923648],[-111.5447360465193,40.04235879491816],[-111.5452602523843,40.04268067726251],[-111.5455421792551,40.04285774159821],[-111.5460534505349,40.04330590661957],[-111.5467133429476,40.04401482862308],[-111.5473361605146,40.04465950280846],[-111.5475213740368,40.04490801519793],[-111.5478558814842,40.04550107169065],[-111.5480323738144,40.04587503893243],[-111.5481353554418,40.04629169906549],[-111.5482378981008,40.04665340223007],[-111.5482553068788,40.0470704670684],[-111.5482434410111,40.04734531779883],[-111.5482166747039,40.04766258440969],[-111.5481340139513,40.04802696565529],[-111.5480358312193,40.04835628257931],[-111.5477139219897,40.04914885257321],[-111.5475337418413,40.04963352267404],[-111.5474370794799,40.05000697913196],[-111.5473952485393,40.05034684072977],[-111.5473837391464,40.05066673780848],[-111.5474887905184,40.05131232365923],[-111.5475853319701,40.05159747339895],[-111.5477241453198,40.05193467919258],[-111.5479103263911,40.05231598828652],[-111.5482227868291,40.05275697416118],[-111.5485344573066,40.05311354247862],[-111.5489824374222,40.05349360999251],[-111.5494405007544,40.05382930045497],[-111.5497980722217,40.05401671671196],[-111.5505648205522,40.05433481018345],[-111.5512103171719,40.05453292640689],[-111.5520912215626,40.05471379023588],[-111.5528565453343,40.0548387985537],[-111.5590833867644,40.05581466459701],[-111.5599173935917,40.05601975084286],[-111.5604321231551,40.05622241167415],[-111.560994332359,40.05648124066708],[-111.5616313258152,40.05690854506867],[-111.5619582664307,40.05720058389377],[-111.5624013359684,40.05761278727569],[-111.5627179811169,40.05792100113644],[-111.5630446338773,40.05817690957708],[-111.563471028765,40.05845638775859],[-111.5640439187014,40.05872713266209],[-111.5644376206056,40.05886603588894],[-111.5654615766095,40.05923512286876],[-111.5664489786268,40.05962050672455],[-111.5669373908227,40.05981119419138],[-111.5673474667747,40.06001433613581],[-111.5678631996815,40.06034570644727],[-111.5682482045112,40.06067771570255],[-111.568543835038,40.06097790779657],[-111.5688613933105,40.0613907019355],[-111.5690902292954,40.06183609539406],[-111.5693140266569,40.06230971326105],[-111.5694923996075,40.06266480704005],[-111.5697227347382,40.06297946205909],[-111.5699657855033,40.06324378031888],[-111.5702611665769,40.06351180471734],[-111.5706351444146,40.06378349557625],[-111.5724031197844,40.06484079282982],[-111.5727349833235,40.06508052052707],[-111.5730141657217,40.06528834347864],[-111.5733042398241,40.06553629476915],[-111.5736158967521,40.06586864872066],[-111.5739177958424,40.0662815060745],[-111.5742001947713,40.06687140821814],[-111.5747943556792,40.06845956066747],[-111.5749890010376,40.06887574008432],[-111.5753034194504,40.06944989367248],[-111.5756015521589,40.0698997945566],[-111.5758089508742,40.07015824083627],[-111.5760308101377,40.07046256386624],[-111.5765660940726,40.07108156445169],[-111.5771425988713,40.07172017827497],[-111.5774691274296,40.07205821347162],[-111.5802028955818,40.07497447903232],[-111.5842489567856,40.07935983961205],[-111.5853258422309,40.08047880117655],[-111.5859522699596,40.08117567989804],[-111.5862077594607,40.08142575500471],[-111.5864201934521,40.08157874387508],[-111.5866761244126,40.08174322454047],[-111.5870743356376,40.08194932874463],[-111.5874627869685,40.08211133405314],[-111.5877517902192,40.08216572754939],[-111.5880937818805,40.08224417722844],[-111.5892592390517,40.08246799924115],[-111.5895130903473,40.08252617097709],[-111.5897200274638,40.08258458099595],[-111.590048244563,40.08269733146329],[-111.5904367460073,40.08286383129415],[-111.5906240575228,40.08295837808798],[-111.5908020410837,40.08305927886483],[-111.5910756980635,40.08323717371298],[-111.5913590824773,40.08345466044771],[-111.5916428898298,40.08372079610481],[-111.5918893308019,40.08400604212084],[-111.5919783353222,40.0841254148533],[-111.5921341383474,40.08437328320565],[-111.5922510182282,40.08459612349681],[-111.5923564978074,40.08485686222861],[-111.5927936942428,40.08617272834555],[-111.5934392881643,40.08798125021325],[-111.5935859173796,40.08825168737378],[-111.5937405628351,40.0884995592893],[-111.5939555007325,40.08880117933881],[-111.5941451970461,40.08903265370761],[-111.5943228749431,40.08923085396818],[-111.5945406076973,40.08944866944461],[-111.594801883468,40.08968247816415],[-111.5950806617268,40.08990538487097],[-111.5954695880678,40.09016835791349],[-111.5956436331928,40.09029891283176],[-111.5959030751618,40.09045614702948],[-111.5962626479812,40.09066151697786],[-111.597548515056,40.0913549349486],[-111.6123697743084,40.09928973629189],[-111.6225335973234,40.1047367886579],[-111.6317682106173,40.10964023271778],[-111.6319901373292,40.10978407553161],[-111.6322819335199,40.10999690995084],[-111.6324675309966,40.11014545492593],[-111.6327586077119,40.1104069435541],[-111.6329777288751,40.11062738083692],[-111.6331543939796,40.11082462500159],[-111.6333870931258,40.11111706354828],[-111.6335131645882,40.11129926760505],[-111.6336310232659,40.11148151644854],[-111.6337383892798,40.11167103020696],[-111.6340088294234,40.11223624981996],[-111.6340780558935,40.11236200431908],[-111.6342282265792,40.11261164711043],[-111.6343757000529,40.11282346442893],[-111.6356248591075,40.11512152393102],[-111.6357602170122,40.11535439806701],[-111.6360567842412,40.11592433419079],[-111.6363219708534,40.11642560912043],[-111.6365044129248,40.1167363362155],[-111.6366818688023,40.11701555707352],[-111.6369091154073,40.11734856098945],[-111.6371978885961,40.11773528308979],[-111.6374306289028,40.11802771284632],[-111.6377758691854,40.1184285378828],[-111.6380354779733,40.11870730412942],[-111.6385850692478,40.1192493511624],[-111.6390821414733,40.11969618441682],[-111.6400219686774,40.12042707226298],[-111.6436112212517,40.12321724943463],[-111.6456677639122,40.12479499001728],[-111.6496309213275,40.12768118592717],[-111.6492269385161,40.12802671353239],[-111.6485700782165,40.12868718696467],[-111.6484713800926,40.12879945752454],[-111.6481918603912,40.1291514920774],[-111.6479763928248,40.12945091244856],[-111.6477172905615,40.12985238385003],[-111.6476344477885,40.1299042013323],[-111.6474726540229,40.13029431653415],[-111.6473298451612,40.13058251800008],[-111.6471484116226,40.13100607764585],[-111.6469975516447,40.1314357728242],[-111.64688400047,40.13183913182995],[-111.6468287269137,40.13207548946569],[-111.646749578522,40.13251739698401],[-111.6467061910202,40.13289333538016],[-111.6466856370886,40.13320157499633],[-111.646684432454,40.13339645715926],[-111.6466833549699,40.13357998663903],[-111.6466913623013,40.13368174924216],[-111.6466817461806,40.14455418369802],[-111.6466560217503,40.14852687619767],[-111.6466000885716,40.15698978162131],[-111.6465730346019,40.16129266962039],[-111.6465459365796,40.16539284211638],[-111.6464932719849,40.17358127747793],[-111.6464666175872,40.18240616193872],[-111.6464165465939,40.18777371220228],[-111.6464130272498,40.18814546025747],[-111.6464173915312,40.18885267478883],[-111.6464359124499,40.18919492902391],[-111.6464715378923,40.18960646018582],[-111.6465537358,40.19022134387983],[-111.6466280938331,40.19062905482608],[-111.6467433345451,40.19113564079867],[-111.6467367140963,40.19118072482747],[-111.6469925247542,40.19201536847277],[-111.6471531831974,40.19247935585323],[-111.6473734809087,40.19303760822931],[-111.6476530774833,40.19365408951489],[-111.6478984737291,40.19413291759067],[-111.6482771731687,40.19479208766629],[-111.6485515014745,40.1952239033315],[-111.6488707418012,40.19568339571776],[-111.651182212264,40.1985624331601],[-111.6521820844159,40.19979109135539],[-111.6567729469955,40.20543384253731],[-111.6588373862895,40.20797356762368],[-111.6589489185273,40.20810888428798],[-111.6598040851743,40.20914558709782],[-111.6600843825768,40.20947652512428],[-111.660203492461,40.20961720294703],[-111.6617140294217,40.21148432934305],[-111.6623614843571,40.21232480438465],[-111.6625447280626,40.21255799930972],[-111.6626314657728,40.21265570494069],[-111.6627862984602,40.21286743961695],[-111.6639693233888,40.21429972606123],[-111.6656821127797,40.21637348436234],[-111.6659969324955,40.2167194348018],[-111.6663849597432,40.21710009942281],[-111.6668130089558,40.21748683870451],[-111.6672572680782,40.21784825670947],[-111.6709493235842,40.22077027112889],[-111.6739157709822,40.22314321857363],[-111.6743117042801,40.22348326790098],[-111.6753612496587,40.22442673398545],[-111.6767470201672,40.22578751987977],[-111.6767511749989,40.22579163988538],[-111.6795540336405,40.22868973984129],[-111.6799028507303,40.22901382939171],[-111.6823489837075,40.23151375980166],[-111.6832923369534,40.23247597698574],[-111.6840173234142,40.23321784746867],[-111.6843597499093,40.23356826824622],[-111.684600863499,40.23381495925559],[-111.6846225991987,40.23383717382428],[-111.6848126393395,40.23403146189902],[-111.6848613365693,40.23408117553205],[-111.6874491944368,40.23669115125173],[-111.6895293496376,40.2388222749273],[-111.6908241222353,40.24014865368782],[-111.691591011678,40.24087923385466],[-111.6937076184672,40.24276663076821],[-111.6940545004308,40.24311771608971],[-111.6943161620128,40.24341255297582],[-111.6945822642784,40.243796554794],[-111.6947858772367,40.24416291251814],[-111.6949572749197,40.24459793408052],[-111.6950282274038,40.24489094124712],[-111.6951051974385,40.24526643749298],[-111.6951288932525,40.24551405119108],[-111.6951409933499,40.24589236951123],[-111.6951436912984,40.24742033195469],[-111.695149621692,40.24995371288308],[-111.6951841080348,40.25033640108674],[-111.6952434696693,40.25073695841647],[-111.6953447531828,40.25109762287677],[-111.6955315864582,40.2515451632953],[-111.695717066111,40.25186027480309],[-111.6958783586293,40.25210976355294],[-111.6961130852307,40.25241106429385],[-111.6964152300444,40.25275069882301],[-111.6969529844624,40.25324747743367],[-111.7054700611783,40.26075556345096],[-111.7092642230438,40.26417571682721],[-111.7098920179347,40.26483044520559],[-111.7115162336242,40.26674665218979],[-111.7127250935804,40.2680761884309],[-111.7132831172443,40.26868808304526],[-111.7148507950371,40.27057846313021],[-111.7159062976735,40.27185215390831],[-111.7171731500657,40.2733101156796],[-111.718408065349,40.274968266885],[-111.7187105087007,40.27531594784377],[-111.7211134422935,40.27807314459271],[-111.7211634650617,40.27813139295974],[-111.7219520436529,40.27907118527597],[-111.724006216163,40.28151913563797],[-111.7240896407591,40.28162041805536],[-111.7245941496235,40.28248845357901],[-111.7246888169987,40.28265092798729],[-111.7250224989474,40.28349390447698],[-111.7253087885798,40.28441465642913],[-111.725374998387,40.28521606367802],[-111.7254189749748,40.28602842126006],[-111.7254436613787,40.28987791247422],[-111.7254438154968,40.28989232627867],[-111.7254959361788,40.29345713155596],[-111.7255486531279,40.29705490463644],[-111.7255507699775,40.29716480385246],[-111.7256114222073,40.30062360275167],[-111.7256788113712,40.30449119523282],[-111.7256808460388,40.3045713644315],[-111.7257313702187,40.30747795817825],[-111.7258395493094,40.31158115092657],[-111.7258460909003,40.31182940338133],[-111.7258456037501,40.31188283098109],[-111.7258449960122,40.31195797150345],[-111.7258468671946,40.31213273819542],[-111.7258958740524,40.31685225722244],[-111.7259868652679,40.31875442686168],[-111.7260241318795,40.3190469915524],[-111.7261105613837,40.31975367018705],[-111.7263265439049,40.3205775556129],[-111.7266190518279,40.32129284964936],[-111.7271063861853,40.32217448917945],[-111.7276554654109,40.32299537660106],[-111.7282732553856,40.32374645802423],[-111.7292412511016,40.32455298752198],[-111.7299735116927,40.32510964059857],[-111.7309108981925,40.32569382237778],[-111.7315185767104,40.32609142987995],[-111.7318640304459,40.32631753720439],[-111.7318668748007,40.32631932104309],[-111.7322238191519,40.32654103017403],[-111.7333169469066,40.32722006384459],[-111.7357412980309,40.32879568860605],[-111.7376811983889,40.33004398626925],[-111.7380919723615,40.33030830746837],[-111.7381798182942,40.33036486500635],[-111.7384759474764,40.33055450967726],[-111.7387663878877,40.33074049615516],[-111.743131602177,40.33353555480189],[-111.7431767722512,40.33356445426774],[-111.7514865388615,40.33893968046468],[-111.759839177023,40.3442715866268],[-111.7599427082796,40.3443376641383],[-111.7629347674046,40.34623691209705],[-111.7686122114198,40.34984171303658],[-111.7686485100192,40.34986516580658],[-111.7743527149439,40.35355301776917],[-111.7757170713276,40.35443667836326],[-111.7771704297161,40.35537648201417],[-111.7771732764795,40.35537826470734],[-111.7805213261238,40.35752871567513],[-111.785541662213,40.36075277819239],[-111.7899503936482,40.36358367798071],[-111.7952146850205,40.36695393779793],[-111.8006466112519,40.37043090312697],[-111.8020113828788,40.37129172354177],[-111.8028109853388,40.37167266492651],[-111.80363835063,40.3720101642269],[-111.8050680631262,40.37248220560343],[-111.8071490858977,40.37304428041467],[-111.8104727260722,40.37398770838335],[-111.8111049370639,40.37415534912886],[-111.8138749191054,40.37489264949068],[-111.8149624043318,40.37520481274023],[-111.8157758618471,40.37545493474585],[-111.8162289646875,40.37561570255441],[-111.8167048517504,40.37580964121992],[-111.8173682290243,40.37611666801126],[-111.8179621387472,40.37642598416414],[-111.8185210332585,40.37676167137543],[-111.8186848799718,40.37686771940982],[-111.8221669719927,40.37893645117892],[-111.8257700796946,40.38107682564826],[-111.8278396467269,40.38230347607754],[-111.8282704333952,40.38255985203156],[-111.8293364774034,40.38322158396326],[-111.829970616361,40.38363145057951],[-111.8306210509649,40.38412047625902],[-111.8315700190992,40.38502987613747],[-111.8320589843561,40.38560744237657],[-111.8324835089554,40.38621339845736],[-111.8328518381723,40.38684768569788],[-111.8332609813698,40.38773393080863],[-111.8333420571568,40.3879646987814],[-111.8334624493889,40.38830725580098],[-111.8336156584803,40.38863570216837],[-111.8338811789938,40.38920514110588],[-111.8346641767526,40.39088147958618],[-111.83477250024,40.39106628380798],[-111.8350793903675,40.39158749295895],[-111.8354564978075,40.39216495084809],[-111.8355628902496,40.39228850678501],[-111.8360171075729,40.39281225221055],[-111.8366602228969,40.39346075560264],[-111.8371679281006,40.39392555060638],[-111.8377491073285,40.39432854959783],[-111.8390256272163,40.3951219986084],[-111.8401343374093,40.39568421979101],[-111.8470185575112,40.39949156891392],[-111.8493811697665,40.40107162641148],[-111.8543977141945,40.40442926182694],[-111.8544798454155,40.40448451074561],[-111.86440904942,40.41116925739334],[-111.8658567553278,40.41211968436512],[-111.8669162611117,40.41275768966156],[-111.8683829958876,40.41356929348324],[-111.8687490914586,40.41377185807942],[-111.869155531107,40.41398610017432],[-111.8699927451051,40.41442736986176],[-111.8709222965044,40.41494469446121],[-111.8718416272048,40.41549091733091],[-111.8726357194186,40.41601285298286],[-111.8736766075797,40.41675093577885],[-111.8756411762618,40.41827300546328],[-111.8761232064262,40.41863151461611],[-111.8790978939696,40.42095487153843],[-111.8820398046548,40.42337029197277],[-111.8832412932472,40.42438363701815],[-111.885362445349,40.42630614168075],[-111.8860633950872,40.42698905629157],[-111.8873341518014,40.42815047474389],[-111.8893350723198,40.4301458990318],[-111.8903054345982,40.43111968559975],[-111.8906028094629,40.43141811396458],[-111.8909182286207,40.43173469065936],[-111.894646005703,40.43547515652241],[-111.8955488303932,40.43634113287253],[-111.8962942302197,40.437070485815],[-111.8969851159962,40.43777773446472],[-111.8976879495437,40.43849569680671],[-111.8982933721366,40.43906936780466],[-111.8992256609128,40.4398386900156],[-111.9000657717184,40.44050241683195],[-111.9026241792789,40.44224731870827],[-111.9035538142593,40.44289950991462],[-111.9105245154326,40.44776368713112],[-111.9113637433223,40.44852103003554],[-111.9119542528308,40.44919744714409],[-111.9122636811442,40.44958058726055],[-111.9124275278037,40.44983694912026],[-111.9128370556628,40.45055803275244],[-111.9129525615733,40.45081477555453],[-111.9131454684615,40.45138802064341],[-111.9132346975875,40.45170713221415],[-111.913270819692,40.45211044620964],[-111.9133212998322,40.45252896187122],[-111.914131806075,40.45707745987572],[-111.9141847835712,40.45741847843831],[-111.9142443470629,40.45789728111689],[-111.9142759627267,40.45840243061486],[-111.914297420866,40.45920225155486],[-111.914246043029,40.46002336899081],[-111.9142190077633,40.46029114721683],[-111.9141427003401,40.46083949194728],[-111.9140389250669,40.46136282887826],[-111.9138515998663,40.46216159770965],[-111.913707026414,40.46263390607807],[-111.9134458283568,40.46337830378466],[-111.9132058090085,40.46394505823565],[-111.9130832255978,40.46421269002212],[-111.912726129615,40.46493171768687],[-111.9126191276152,40.4651307583016],[-111.9124736067944,40.46535983226246],[-111.9123169368707,40.46563674117777],[-111.9121598513222,40.46588302291193],[-111.9117619518568,40.46646453339543],[-111.9062866943124,40.47429127577845],[-111.9059627960984,40.47476858330853],[-111.905794771852,40.47499422145624],[-111.9055971060731,40.47529666711527],[-111.9054197636015,40.4755313866],[-111.9052533871173,40.4757921456725],[-111.9045937733477,40.47674774723245],[-111.9044524235415,40.47693984174232],[-111.9043404546052,40.47712359818976],[-111.9041734054182,40.47733481208616],[-111.9040292151571,40.47757917978919],[-111.9038353344164,40.47781312525981],[-111.903696114128,40.4780763723123],[-111.9035515220405,40.4782910132412],[-111.9033624286443,40.47853032580068],[-111.9029218553264,40.47919592115348],[-111.9027965402894,40.47935275369272],[-111.9026333938383,40.47959186234608],[-111.9019038883857,40.48053177801975],[-111.9017006147011,40.48077029757646],[-111.9014929944145,40.48103677818802],[-111.9012918241416,40.48125636196947],[-111.9010805050824,40.48151115913505],[-111.9008548714767,40.48175435595063],[-111.9004865401538,40.48217884172943],[-111.8999967651019,40.482697964391],[-111.898996168888,40.48369033179397],[-111.8987611010852,40.48391729180284],[-111.8984663565227,40.48420813773942],[-111.8947386877047,40.48788646045759],[-111.8928090270183,40.48980946191111],[-111.89226099228,40.49039296445541],[-111.8918507537261,40.49095738332036],[-111.8916971109069,40.49120631266604],[-111.8914004291234,40.49179237578738],[-111.8911966198114,40.49235249713002],[-111.8911136815362,40.4926837619143],[-111.8910012322969,40.49328191643477],[-111.8909610663892,40.49372456114556],[-111.8909310195246,40.49778688634796],[-111.8909624211648,40.50069560240799],[-111.8909802865116,40.50409720518004],[-111.8909774697566,40.50424109813648],[-111.890976320643,40.50429696182822],[-111.890975775886,40.50432714565508],[-111.8909742095605,40.50440499414131],[-111.8909734859988,40.50443950359115],[-111.8909726539611,40.50448365333973],[-111.8909690218367,40.50467295714335],[-111.8909605492048,40.5102756194167],[-111.8909269334339,40.51237313494494],[-111.8909285481822,40.51543792617355],[-111.8909882902623,40.51888063812701],[-111.8909761910266,40.52224642619145],[-111.8909751607128,40.52368424105942],[-111.8909652918342,40.52445457072316],[-111.8909611562205,40.52616600657787],[-111.8909698287806,40.52682088018507],[-111.8909722518925,40.52744066755606],[-111.8909715582292,40.52769138803964],[-111.8909972364511,40.52847135275697],[-111.8910471684093,40.52903221634255],[-111.8911931344686,40.52997971777292],[-111.8915717711932,40.5316452270015],[-111.8921451976755,40.5340191238764],[-111.8937490789355,40.54075134074825],[-111.8942498455823,40.5428530892537],[-111.8945844027595,40.54431830016879],[-111.8945934282735,40.54435759865711],[-111.8953159179284,40.5473019266207],[-111.8954800027259,40.54797045740727],[-111.8963324410556,40.55158447259569],[-111.896922610647,40.55421315492107],[-111.8975720114788,40.55685128238299],[-111.8977897949717,40.55776938453241],[-111.8980913669914,40.55868142950909],[-111.8981342727602,40.55886037023092],[-111.8981597423446,40.5589631423164],[-111.8981732417846,40.55901871148353],[-111.8982401235162,40.55929467023326],[-111.8986465288702,40.56133199264826],[-111.8988382974667,40.56242236157409],[-111.8990078600418,40.56353001940172],[-111.8993807884314,40.5659747935057],[-111.899572285435,40.56739578331814],[-111.8998024663262,40.56941104807081],[-111.8998230696973,40.56969682501531],[-111.8999243413263,40.57110103912055],[-111.9000126719616,40.57319668399509],[-111.9000190716626,40.57446776652682],[-111.9000069994953,40.57612366551959],[-111.8999710583383,40.57776173256092],[-111.8999433867065,40.58072221550197],[-111.8999128800845,40.58232510490677],[-111.899867357169,40.58554067130972],[-111.8999456520644,40.58618058101992],[-111.8999858716011,40.58671268270551],[-111.9001026190284,40.58740003874113],[-111.9001534456486,40.58762143717528],[-111.9002215988793,40.58791882416239],[-111.9002403022134,40.58800056758927],[-111.9002552410419,40.58806594449604],[-111.9003189963477,40.58834372668623],[-111.9005356308052,40.5892884930981],[-111.9010923184895,40.59061653962841],[-111.9016221210522,40.5917889423675],[-111.902290458143,40.59333141886084],[-111.9025951791351,40.59446053106451],[-111.9027568360523,40.59514482983199],[-111.90332569068,40.59780875873201],[-111.9035317812584,40.59871972757085],[-111.9037982127266,40.60042479042412],[-111.9048789607644,40.60593820331048],[-111.9049291017459,40.60619410748956],[-111.9054818327938,40.60913831649845],[-111.9058643994453,40.61085777547908],[-111.9058723403559,40.6109205937482],[-111.9059676276604,40.61167405256097],[-111.9060380304126,40.61251040603477],[-111.906028791941,40.61322666795968],[-111.9058987403008,40.61410062838301],[-111.9057129673834,40.61513808245248],[-111.9055366158318,40.61591060735641],[-111.9054393226179,40.61632216542402],[-111.9053377889089,40.61668240722635],[-111.9052362324712,40.6169534633022],[-111.9050026626159,40.61751653376208],[-111.9047269280228,40.61828443072127],[-111.9044934723903,40.61911956079451],[-111.9040988163698,40.6202751292779],[-111.9039633529125,40.62067148975885],[-111.9039514116102,40.62070653683384],[-111.9039473161976,40.62071846032282],[-111.9039321899586,40.62076281124607],[-111.9039311648897,40.62076570204103],[-111.9039226339781,40.62079063271839],[-111.9039101234204,40.62082730580315],[-111.9039058012793,40.62083995175794],[-111.9038890831278,40.6208889996383],[-111.9037871709183,40.62118717313403],[-111.9037640171049,40.62124996452285],[-111.9031426734041,40.62293088641753],[-111.9029832649088,40.62347265241823],[-111.9027370530992,40.62476822037053],[-111.9027111791136,40.62512966969656],[-111.9026998254379,40.62560361367294],[-111.9027015790157,40.62599727813885],[-111.9027205518731,40.62661602429665],[-111.9027988507433,40.62733790610278],[-111.9029055852983,40.62788840107973],[-111.902975505071,40.62816351908349],[-111.9030415995146,40.62841794704958],[-111.9033731985229,40.62950990435599],[-111.904243609234,40.63162462821735],[-111.9045266536548,40.63218274917857],[-111.9045467627684,40.63226213798626],[-111.9047027624244,40.63287773770367],[-111.9047682088921,40.63317090668265],[-111.9048094249605,40.63342102398552],[-111.9048274804123,40.63370735730344],[-111.9048837125391,40.63401861565158],[-111.9049016928773,40.63438692813983],[-111.9048752994538,40.63472676067514],[-111.9048637013802,40.6348749535864],[-111.9048412330491,40.63516394660803],[-111.9047457618296,40.63597547208445],[-111.9047018070803,40.63607446103684],[-111.9046459198919,40.63620056936267],[-111.9046444605745,40.6362063463228],[-111.9046049722849,40.63636466716304],[-111.9045213952578,40.63669972244561],[-111.9043333822343,40.63722639848277],[-111.9040919134412,40.6377354754383],[-111.90380291237,40.63849085960621],[-111.903653930712,40.6388433622829],[-111.9035204488302,40.63929303671185],[-111.9032633058518,40.63995628204492],[-111.9031044382457,40.64062866768337],[-111.9028478569232,40.64194863667588],[-111.9027427005284,40.64292148982233],[-111.9024473437124,40.64601736047018],[-111.9024025115248,40.64664020666613],[-111.9020706819884,40.64992824307532],[-111.9018609113856,40.65182979876348],[-111.9017741295752,40.65276376892952],[-111.9016995257865,40.6533724328996],[-111.9016405022026,40.65403142332475],[-111.9015822903808,40.65468049783981],[-111.9015732488623,40.65478209547391],[-111.9015664613411,40.65485782079575],[-111.9015195645918,40.65538095657357],[-111.9012148226287,40.65822645191276],[-111.9011812365611,40.66012572766808],[-111.9011776397367,40.6607374397876],[-111.9011655433556,40.66212395774612],[-111.9012195589877,40.6673232070918],[-111.9012378240021,40.66907532530023],[-111.9012378846401,40.66907982912107],[-111.9012548310153,40.67077781549563],[-111.9012286734967,40.67138339661147],[-111.9013328873212,40.67405263692695],[-111.9013406446391,40.67425085522436],[-111.9013523512612,40.67439967566295],[-111.9013591983526,40.67448637483351],[-111.9013639068768,40.67454606495876],[-111.9013851684582,40.67481570592716],[-111.9014547648481,40.67569584120859],[-111.9015837310312,40.6768371217627],[-111.9016217744511,40.67755300644581],[-111.9019090271239,40.6799902844304],[-111.9021596457708,40.68181526428312],[-111.9022503703999,40.68319016354531],[-111.902285503037,40.68360158044183],[-111.9026092820779,40.68584758704706],[-111.9027070224047,40.68670632968735],[-111.9030442856106,40.68966831854816],[-111.9031111567107,40.69041370384705],[-111.9031312108472,40.69075947546695],[-111.9031234149549,40.69105862045782],[-111.9030831821985,40.69158503473011],[-111.9030403584426,40.69191958703968],[-111.9029291809943,40.69245106039769],[-111.9028001208612,40.69288538110157],[-111.9027243740707,40.69306073933837],[-111.9024022811033,40.69392537585459],[-111.9023329111373,40.69413491645114],[-111.9022112458617,40.69441603325533],[-111.9019855497257,40.69505740389079],[-111.9018225851756,40.69569918484024],[-111.9017277962324,40.69613053384744],[-111.9016541265935,40.69654820497741],[-111.9016005965792,40.69740623660697],[-111.9016034584924,40.69788186540941],[-111.9016331890771,40.69833115954356],[-111.9016663477756,40.69859575172764],[-111.9017199181421,40.69888180495351],[-111.9018306697498,40.69928272078079],[-111.9018635068214,40.69943560945792],[-111.901993724525,40.6997614219429],[-111.9020117325094,40.69980650411024],[-111.9020464218731,40.69990361537808],[-111.9020567561102,40.69993263221207],[-111.9020849273603,40.70001159714714],[-111.9020870183708,40.70001743635854],[-111.902197857044,40.70032799540633],[-111.9029799136415,40.70251951356647],[-111.9032373224045,40.70326070396914],[-111.9034175374067,40.70389529628635],[-111.903506820317,40.70428286532788],[-111.9035331437234,40.704566428099],[-111.9035119894108,40.70519088500053],[-111.9035395562639,40.70591675689312],[-111.9035961802644,40.70739101004238],[-111.9037067118978,40.7096125484325],[-111.9037482226702,40.71023110911243],[-111.903854371379,40.71151489345527],[-111.9038673129834,40.71177153500617],[-111.9039746599258,40.71265334932363],[-111.9040218188557,40.71304142739979],[-111.9041401330726,40.7149611169113],[-111.904282252281,40.71697701026964],[-111.9043064504132,40.71784650257813],[-111.9043106451051,40.71799898383366],[-111.9043163645804,40.71820289174391],[-111.9043214059,40.71838293240327],[-111.9043208132111,40.71850536272228],[-111.9039637487592,40.71827988391805],[-111.9038728707944,40.71822249068497],[-111.9037671433228,40.71817016833003],[-111.9036344780283,40.7181045439969],[-111.9031612314633,40.71795510316418],[-111.902833293708,40.71786938521477],[-111.9024678504978,40.71781188596328],[-111.9020141415456,40.71779381195132],[-111.900514176402,40.71789200548356],[-111.8996977656609,40.71792314528043],[-111.8993284346107,40.71793728407532],[-111.8968836195654,40.71812206309517],[-111.8945950527359,40.71812811173102],[-111.8939820935451,40.71812745559393],[-111.8935400001207,40.71811916767211],[-111.892929522919,40.71815361994517],[-111.8911287542946,40.71815942869124],[-111.888645942115,40.71816920102764],[-111.8882542995729,40.71817077414851],[-111.8880221311537,40.71817165967615],[-111.8878716376277,40.71817101566923],[-111.8840519881158,40.718154389817],[-111.8826043471742,40.71814709072083],[-111.8820674905492,40.7181443480036],[-111.878578317993,40.71814753639458],[-111.8768429294305,40.71815532712694],[-111.8753180551823,40.71818131432638],[-111.8741976588515,40.71824565796865],[-111.8739538151024,40.71826822407412],[-111.8731889328401,40.71833887415684],[-111.8716372299364,40.71855959979982],[-111.8711432185605,40.7186376495229],[-111.8708628329107,40.71868192516811],[-111.8703670461909,40.71876016513671],[-111.8681832072778,40.71908290124527],[-111.8671617170711,40.71919778125734],[-111.8663941415686,40.71926300146073],[-111.8653708062882,40.71929986565781],[-111.8634899352726,40.71936764221032],[-111.8577202944128,40.71955569681],[-111.8572218601609,40.71955849865318],[-111.8537030479709,40.71956475869051],[-111.853640778115,40.71956548947782],[-111.8507274388945,40.71955069383555],[-111.8496998216107,40.71955916388163],[-111.8488189966554,40.71956564455364],[-111.8479224720231,40.71954791080037],[-111.8464883950819,40.71943592047832],[-111.8455515840575,40.71932207244399],[-111.8446263532184,40.71918741243472],[-111.8429097642163,40.71882970982866],[-111.8421219051281,40.71865871301264],[-111.8418578611024,40.71860136292207],[-111.8358808690001,40.71726289074553],[-111.8356502299087,40.71718708725655],[-111.8346186198012,40.71677835647282],[-111.8339018221813,40.71642535753133],[-111.833055660018,40.71600860646465],[-111.8320306820776,40.71555926607458],[-111.8314753636999,40.71536507957702],[-111.8308622311115,40.71518662107361],[-111.8287608255447,40.71462067661221],[-111.8283023849324,40.7145041535215],[-111.8270392228797,40.71412854581079],[-111.8246173764092,40.71349365354232],[-111.8224249645349,40.71290274917912],[-111.8221751626077,40.71283543310773],[-111.8213046745449,40.71261641618945],[-111.8205516984417,40.71248943556968],[-111.8204056357391,40.71247254674775],[-111.8192906193769,40.71243163969684],[-111.8189127546331,40.71254062190789],[-111.8183659436225,40.71271701361504],[-111.8180660358399,40.71285021386417],[-111.8177685953966,40.71300132287098],[-111.8174746561522,40.71317745008725],[-111.8171760153808,40.71335649257327],[-111.8163397921196,40.71390652586062],[-111.8157150566609,40.71422804329995],[-111.8152047698735,40.71442082774189],[-111.8146948184269,40.71454424172943],[-111.8141011631509,40.7145997788551],[-111.8134096325859,40.714590240253],[-111.813029306239,40.71456679487505],[-111.8124726447239,40.71454909380151],[-111.8122083995615,40.71453023374252],[-111.8115711289251,40.71450408692917],[-111.8106366965513,40.71447822213581],[-111.8091533790331,40.71439223794522],[-111.8083096893504,40.71433148568153],[-111.807128555109,40.71417038973894],[-111.8069125775373,40.71412865865405],[-111.8066423417542,40.7140546052876],[-111.8064373199253,40.71399847315136],[-111.8060597041266,40.71389498989685],[-111.8052620633856,40.71362669701303],[-111.804989668363,40.7135204942843],[-111.8046135887807,40.71335735893116],[-111.8042466346029,40.71316533138775],[-111.803881050509,40.71298860766953],[-111.8027985108114,40.71255652393253],[-111.8023429873183,40.71238222248238],[-111.8012364716174,40.71202235911372],[-111.7993950522981,40.71138831141003],[-111.7991693704327,40.71132591329671],[-111.7989351980012,40.71124645724127],[-111.7986322274917,40.71115576558251],[-111.7982700370609,40.71106278010127],[-111.7979804338363,40.71100082167808],[-111.7974079752626,40.71094622195244],[-111.7969202845643,40.71095139156434],[-111.7964485945433,40.71100779751767],[-111.7953579326669,40.7112792683588],[-111.7948482241178,40.71142421362523],[-111.7943324552638,40.71155748721594],[-111.7937964423563,40.71168098829984],[-111.7932493243721,40.71176672725369],[-111.7927467614089,40.71181612339517],[-111.7909855780059,40.7118525281235],[-111.7904438091343,40.71189047175603],[-111.7898866886787,40.71203193618622],[-111.789787539944,40.71205711788647],[-111.7891540041006,40.71224432456729],[-111.7885767301261,40.71248429394962],[-111.7881203059435,40.71273244396551],[-111.7877078808957,40.71299740820058],[-111.7871412856568,40.71334089597826],[-111.7855795390521,40.71433346814025],[-111.7851625385706,40.71461376894502],[-111.7849990552051,40.71480676314944],[-111.7847635997758,40.71502096612924],[-111.7845724739266,40.7152799101239],[-111.7844405392259,40.71553845156215],[-111.7843240042304,40.71579778906061],[-111.784228503017,40.71603356128274],[-111.7841265004022,40.7163207263583],[-111.7840465252656,40.71666899990078],[-111.7839076829551,40.71704559968492],[-111.7837541781952,40.71738356204938],[-111.7835713914967,40.71774874863703],[-111.7833581605968,40.71804207309169],[-111.7830564412819,40.7183621222749],[-111.7827034839384,40.71865459158724],[-111.7822990352206,40.71889786175136],[-111.7817174491399,40.71918106703238],[-111.7814323210218,40.71930100969473],[-111.781134021307,40.71940842881381],[-111.7808296115343,40.71949967309848],[-111.7800930515428,40.71969383289198],[-111.7796813008864,40.71982003203477],[-111.7792755838733,40.71995609838417],[-111.7786802594583,40.72017992466115],[-111.7782926120247,40.72034289131675],[-111.777912192185,40.72051661822453],[-111.7775389788498,40.72069930388687],[-111.7771753607834,40.72089273400007],[-111.7765057647518,40.72134946974941],[-111.7761867419792,40.72161106172458],[-111.775897966367,40.72182650588498],[-111.7753626249334,40.72222197515076],[-111.7750319627232,40.72250165920185],[-111.7748230531061,40.72266161221599],[-111.7745903897027,40.72281541827039],[-111.7743723298015,40.72300335837397],[-111.7728567849772,40.7241359811273],[-111.7726675622892,40.72426877275493],[-111.7722941642678,40.72453071788569],[-111.7719648778435,40.72472660439449],[-111.7717000239728,40.72486260278858],[-111.7709924595646,40.72511416537525],[-111.7700824932427,40.72537338014496],[-111.76918353908,40.72566404427835],[-111.7687419717713,40.72587958771141],[-111.7679907963584,40.72635663602418],[-111.7678265928963,40.72649375750517],[-111.767497651886,40.72682475715484],[-111.7670718371021,40.72727891590878],[-111.7663575203235,40.72787462138215],[-111.7659644145309,40.72808442726576],[-111.7656027809632,40.72825078204457],[-111.7651289875832,40.72844670657764],[-111.7648388161829,40.72854592199795],[-111.763415963152,40.72890307136243],[-111.762947420649,40.72904129753011],[-111.7625144506017,40.7291837910749],[-111.7622611539456,40.72929807093448],[-111.761427261893,40.7296526560583],[-111.7610972237873,40.7298291481117],[-111.760418687694,40.73024621165805],[-111.7600239085676,40.7305199689778],[-111.7595320009125,40.73089616066272],[-111.7591397361464,40.73118341121269],[-111.7585771561816,40.73148979697561],[-111.7582189664074,40.73164979999341],[-111.757816951205,40.73180918879385],[-111.7575101555972,40.73190669322832],[-111.7570399359289,40.7320043679884],[-111.7563448480637,40.7321143248337],[-111.7552021773782,40.73222990944531],[-111.7544929961836,40.7323507576067],[-111.7537610948985,40.73255733093705],[-111.7531712991412,40.73276387327702],[-111.7526493999357,40.73290060410888],[-111.7520595646344,40.73299903852866],[-111.7512443902391,40.73306830777879],[-111.7500413108723,40.7331851353504],[-111.7494673687257,40.73332849596201],[-111.7489682193471,40.73348848464565],[-111.7484592376737,40.73372240497253],[-111.7481240254605,40.73392817123977],[-111.7477184151754,40.73419294812197],[-111.747454855009,40.73445229948709],[-111.747177001749,40.73470453593841],[-111.7468956083936,40.73506399625118],[-111.746663834099,40.73530692472101],[-111.7463141835978,40.7357055618521],[-111.7460313122483,40.73593350490471],[-111.7455767282983,40.73626885735485],[-111.7441418537532,40.73716545832056],[-111.7436801057532,40.73760354678322],[-111.7433760401143,40.73795053253787],[-111.7432099691497,40.73824618117428],[-111.7427360358178,40.73943205269752],[-111.742628063535,40.73970210264959],[-111.7422915409779,40.74022045642889],[-111.7420654004213,40.74054711865412],[-111.7415624647182,40.74101248887823],[-111.7411466965065,40.74132865639812],[-111.7406802932675,40.7415649714363],[-111.74028895475,40.74173504086004],[-111.7399478916125,40.7418462311901],[-111.7395417089659,40.74195963949632],[-111.7390132093739,40.74204410148089],[-111.7359545026921,40.7423176864992],[-111.7344495176289,40.74246330209089],[-111.7342173467013,40.74246117585945],[-111.7335422642703,40.74257266993962],[-111.7329388139289,40.74273595469258],[-111.7318644933025,40.74316437137887],[-111.7313458627028,40.74350277629789],[-111.7298036398327,40.74447104623103],[-111.7275739276361,40.74561569439197],[-111.7269316952491,40.7459197252782],[-111.7264582005675,40.74616503602913],[-111.7258325297989,40.74646805569365],[-111.724105615262,40.74724012392307],[-111.7230053997161,40.74769564613764],[-111.7220889489602,40.7480581212914],[-111.7215391815957,40.74837325468186],[-111.7203796155699,40.74925973045699],[-111.7198152583612,40.74976142315886],[-111.7192348049061,40.75030915686494],[-111.7187162472993,40.75077542546727],[-111.7180438737036,40.75114896015292],[-111.7171127045714,40.7515817537917],[-111.7163014861193,40.7517351618666],[-111.7159085931314,40.7517716519145],[-111.7156069603418,40.75177937812323],[-111.71504756808,40.75176572908362],[-111.7145596582285,40.75170154738166],[-111.7142260650984,40.75163397642208],[-111.7139100697465,40.75155035055248],[-111.7136345044655,40.75145890666568],[-111.7135546165982,40.75143237504176],[-111.7133102558628,40.75133443147649],[-111.7129775179458,40.75116919919529],[-111.7124606386258,40.75085411994103],[-111.7119872956753,40.75050003310708],[-111.7111859311359,40.74991050128741],[-111.7106700439595,40.74956450853856],[-111.7104449854792,40.74943157698567],[-111.7101065000533,40.74925898472208],[-111.7098481164399,40.74913328368303],[-111.7095479004098,40.74901693786518],[-111.7092306329629,40.74890105638777],[-111.7088479538536,40.74879386364754],[-111.7081938974737,40.74860842950034],[-111.7076816667675,40.74853788171026],[-111.7070306327903,40.7484918744839],[-111.7063385265917,40.74849349983111],[-111.7056352502647,40.74854779914725],[-111.7051348897879,40.7486250875624],[-111.7039978800931,40.74878490348465],[-111.7031960685626,40.74886393181298],[-111.7022504749362,40.74886635615325],[-111.7017567037981,40.74882737976954],[-111.7012885482182,40.74876860702483],[-111.7004925234263,40.74860921563255],[-111.6998333635374,40.74838655977137],[-111.6993024271897,40.74819159024688],[-111.698793235413,40.74794621898928],[-111.6982365585954,40.74762257832695],[-111.6975562692527,40.74715590588761],[-111.6971066341621,40.74681611801859],[-111.6963036448016,40.74628108365609],[-111.69594016612,40.74606932319035],[-111.6955201603611,40.74585474923902],[-111.6949508865897,40.74561494786776],[-111.6938114218861,40.74519407784121],[-111.6925689005282,40.74470255739374],[-111.6920845335391,40.74448178080191],[-111.6907254791553,40.74382914567997],[-111.6900811372827,40.74353121382612],[-111.6893398472324,40.74322683075786],[-111.6884788163917,40.74296829004339],[-111.6879591645198,40.74282653126428],[-111.687332204448,40.74268468854587],[-111.686363340606,40.74253505683894],[-111.6858208708297,40.74250035554569],[-111.6850359019751,40.74246105553481],[-111.6841717982208,40.74247798221386],[-111.6830071237597,40.74257965023131],[-111.6818811206304,40.74271062607333],[-111.6810990184499,40.74276659278384],[-111.6802517825263,40.74274231160061],[-111.679601156416,40.74267083300108],[-111.6787323136513,40.74246667708132],[-111.6780311390246,40.74224576477955],[-111.6775368612426,40.74202228255402],[-111.6767587307888,40.7415932662715],[-111.6758805007733,40.74091583453976],[-111.6748850114536,40.74015413105874],[-111.6736708364624,40.73954954345867],[-111.6729315284035,40.73928900471849],[-111.6727245004852,40.73924201580125],[-111.6717658152289,40.73902463778634],[-111.6711006633551,40.73895283532359],[-111.6700048990591,40.73893037400568],[-111.6688777435877,40.73908465191793],[-111.6680750600907,40.73935325154234],[-111.6672845462449,40.73965510688591],[-111.6665121585935,40.73999378722072],[-111.6655378552216,40.74051379797422],[-111.6645952186182,40.74088497699219],[-111.6638809340822,40.74123321453135],[-111.6607054211084,40.74265767161793],[-111.6582496134323,40.74345004273898],[-111.657366859292,40.74365596464073],[-111.6559018232811,40.7439102330738],[-111.653058511518,40.74421012572503],[-111.6514078822254,40.74450502476346],[-111.6498451464541,40.74494804648437],[-111.6487252565269,40.74537774851013],[-111.6467845508639,40.74605707501154],[-111.6455878514204,40.74638718207483],[-111.6436527086583,40.74678986226716],[-111.6420250896046,40.74702504241228],[-111.6382218905979,40.7476722303403],[-111.6367007556056,40.7480229568657],[-111.6350542951142,40.74864911381911],[-111.6329447904223,40.74979037410102],[-111.632431669115,40.75014361956983],[-111.6292462046848,40.75163392877013],[-111.6277108889897,40.75225487056548],[-111.6235049089057,40.75349292268214],[-111.6235014829204,40.75349393213089],[-111.6223994167418,40.75368356495041],[-111.621244240596,40.75379338716801],[-111.6200799566616,40.75381586385763],[-111.6189184068617,40.75375003037713],[-111.6177726427429,40.75359761864573],[-111.6166509606277,40.75335858479131],[-111.6155664197284,40.75303556241012],[-111.6145460979425,40.75264849741461],[-111.611101112404,40.75104227759817],[-111.6098697378605,40.75058845391068],[-111.6085871156622,40.75022857623831],[-111.6072639263332,40.74996528926887],[-111.6059132268367,40.74980212650553],[-111.6045468726313,40.74974082661399],[-111.6031802479183,40.74978040779696],[-111.601825199702,40.74992170913452],[-111.6004959279173,40.7501637563015],[-111.5992030551717,40.75050289161386],[-111.5979595900636,40.75093724717882],[-111.5928066489038,40.75307003011108],[-111.5875850053863,40.75510654105012],[-111.5863101109527,40.75548778058794],[-111.5849929426949,40.75577823394719],[-111.5836464889465,40.75597242887094],[-111.5822814168454,40.75607031051545],[-111.5809107473595,40.75607001096463],[-111.5795463483806,40.75597327212396],[-111.5782000641668,40.75577913400708],[-111.5768825775519,40.75548934554146],[-111.5756081401925,40.75510744003383],[-111.5743850798533,40.75463698086142],[-111.5732252694434,40.7540806132278],[-111.5721406117259,40.75344458599616],[-111.5720820186166,40.75340848186877],[-111.5711080878061,40.75280738964152],[-111.5701614481175,40.75209859205617],[-111.5693090385802,40.75132446015295],[-111.5685580193281,40.75049126671819],[-111.5685580193281,40.75049126671819]]]}}],"metadata":{"hunt_code":"EA1300","boundary_id":"845","member_boundary_ids":[],"source_boundary_ids":["845"],"boundary_source_file":"processed_data/boundaries/EA1300.geojson","boundary_geometry_type":"single_geojson_path","geometry_status":"mapped"}}
