"timestamp_utc","status","local_path","bucket","object_key","size_bytes","sha256","wrangler_output"
"2026-06-05T19:29:24.5430869Z","UPLOADED","..\..\R2_OFFLOAD_TEMP\hq_20260605T192909Z\draw_reality_engine_predictive_with_harvest_features.csv","uoga-data","pipeline/R2_OFFLOAD/uploaded/harvest_quality_20260605_unzipped/draw_reality_engine_predictive_with_harvest_features.csv","44613917","fd3863b0e85fe10e5c66633096309df467ee797b3323c3d7443f5bf77f26b8cd","?? wrangler 4.95.0 (update available 4.98.0) ????????????????????????????????????????????? Resource location: remote   Creating object ""pipeline/R2_OFFLOAD/uploaded/harvest_quality_20260605_unzipped/draw_reality_engine_predictive_with_harvest_features.csv"" in bucket ""uoga-data"". Upload complete."
"2026-06-05T19:29:26.7252399Z","UPLOADED","..\..\R2_OFFLOAD_TEMP\hq_20260605T192909Z\harvest_average_age_global_merge_database.csv","uoga-data","pipeline/R2_OFFLOAD/uploaded/harvest_quality_20260605_unzipped/harvest_average_age_global_merge_database.csv","333544","ba39c681b4ce2d9d4c6ac19feb7ea51389509d96b65fdf35d6a8c44fa519a6ce","?? wrangler 4.95.0 (update available 4.98.0) ????????????????????????????????????????????? Resource location: remote   Creating object ""pipeline/R2_OFFLOAD/uploaded/harvest_quality_20260605_unzipped/harvest_average_age_global_merge_database.csv"" in bucket ""uoga-data"". Upload complete."
"2026-06-05T19:29:28.6541718Z","UPLOADED","..\..\R2_OFFLOAD_TEMP\hq_20260605T192909Z\harvest_average_age_global_merge_database_summary.json","uoga-data","pipeline/R2_OFFLOAD/uploaded/harvest_quality_20260605_unzipped/harvest_average_age_global_merge_database_summary.json","1619","bbbea4c66da313392a94a04365d37a37138b0f088a87d6262099a9fcd96538aa","?? wrangler 4.95.0 (update available 4.98.0) ????????????????????????????????????????????? Resource location: remote   Creating object ""pipeline/R2_OFFLOAD/uploaded/harvest_quality_20260605_unzipped/harvest_average_age_global_merge_database_summary.json"" in bucket ""uoga-data"". Upload complete."
"2026-06-05T19:29:30.9269600Z","UPLOADED","..\..\R2_OFFLOAD_TEMP\hq_20260605T192909Z\harvest_feature_model_by_hunt_code_2026.csv","uoga-data","pipeline/R2_OFFLOAD/uploaded/harvest_quality_20260605_unzipped/harvest_feature_model_by_hunt_code_2026.csv","462884","cffef02febb1cb1edec55aa1abe26f85b12b37e4cad8010563460b32c8c8fea9","?? wrangler 4.95.0 (update available 4.98.0) ????????????????????????????????????????????? Resource location: remote   Creating object ""pipeline/R2_OFFLOAD/uploaded/harvest_quality_20260605_unzipped/harvest_feature_model_by_hunt_code_2026.csv"" in bucket ""uoga-data"". Upload complete."
"2026-06-05T19:29:33.0040887Z","UPLOADED","..\..\R2_OFFLOAD_TEMP\hq_20260605T192909Z\harvest_feature_model_by_species_year.csv","uoga-data","pipeline/R2_OFFLOAD/uploaded/harvest_quality_20260605_unzipped/harvest_feature_model_by_species_year.csv","3517","92da6515a7140b416d4bc3afbf2ad885292b49dcc7d93c89d5f1b59b3d33a164","?? wrangler 4.95.0 (update available 4.98.0) ????????????????????????????????????????????? Resource location: remote   Creating object ""pipeline/R2_OFFLOAD/uploaded/harvest_quality_20260605_unzipped/harvest_feature_model_by_species_year.csv"" in bucket ""uoga-data"". Upload complete."
"2026-06-05T19:29:35.3013324Z","UPLOADED","..\..\R2_OFFLOAD_TEMP\hq_20260605T192909Z\harvest_quality_features_all_years_by_hunt_code.csv","uoga-data","pipeline/R2_OFFLOAD/uploaded/harvest_quality_20260605_unzipped/harvest_quality_features_all_years_by_hunt_code.csv","2087901","439f9afe436881e03170a56556b9c10f823b22a1d62d334da93dd3810b99cc98","?? wrangler 4.95.0 (update available 4.98.0) ????????????????????????????????????????????? Resource location: remote   Creating object ""pipeline/R2_OFFLOAD/uploaded/harvest_quality_20260605_unzipped/harvest_quality_features_all_years_by_hunt_code.csv"" in bucket ""uoga-data"". Upload complete."
"2026-06-05T19:29:37.2693799Z","UPLOADED","..\..\R2_OFFLOAD_TEMP\hq_20260605T192909Z\harvest_results_2021_for_2022_complete_database.csv","uoga-data","pipeline/R2_OFFLOAD/uploaded/harvest_quality_20260605_unzipped/harvest_results_2021_for_2022_complete_database.csv","209831","042f79e91534abd7076fb176dac9c036074c9a15fb1dda7f2cbb3096368aae09","?? wrangler 4.95.0 (update available 4.98.0) ????????????????????????????????????????????? Resource location: remote   Creating object ""pipeline/R2_OFFLOAD/uploaded/harvest_quality_20260605_unzipped/harvest_results_2021_for_2022_complete_database.csv"" in bucket ""uoga-data"". Upload complete."
"2026-06-05T19:29:39.2519287Z","UPLOADED","..\..\R2_OFFLOAD_TEMP\hq_20260605T192909Z\harvest_results_2022_for_2023_complete_database.csv","uoga-data","pipeline/R2_OFFLOAD/uploaded/harvest_quality_20260605_unzipped/harvest_results_2022_for_2023_complete_database.csv","420070","3562de5691eeac1e2a6099f8e2a0eab2272064ee3c0e79f77ea1f44b2e86d93a","?? wrangler 4.95.0 (update available 4.98.0) ????????????????????????????????????????????? Resource location: remote   Creating object ""pipeline/R2_OFFLOAD/uploaded/harvest_quality_20260605_unzipped/harvest_results_2022_for_2023_complete_database.csv"" in bucket ""uoga-data"". Upload complete."
"2026-06-05T19:29:41.3153656Z","UPLOADED","..\..\R2_OFFLOAD_TEMP\hq_20260605T192909Z\harvest_results_2023_for_2024_complete_database.csv","uoga-data","pipeline/R2_OFFLOAD/uploaded/harvest_quality_20260605_unzipped/harvest_results_2023_for_2024_complete_database.csv","601040","bee152deda01e8578230ab93a62396e4c20f533af22915c8855cc294ea02e03a","?? wrangler 4.95.0 (update available 4.98.0) ????????????????????????????????????????????? Resource location: remote   Creating object ""pipeline/R2_OFFLOAD/uploaded/harvest_quality_20260605_unzipped/harvest_results_2023_for_2024_complete_database.csv"" in bucket ""uoga-data"". Upload complete."
"2026-06-05T19:29:43.4850634Z","UPLOADED","..\..\R2_OFFLOAD_TEMP\hq_20260605T192909Z\harvest_results_2024_complete_database.csv","uoga-data","pipeline/R2_OFFLOAD/uploaded/harvest_quality_20260605_unzipped/harvest_results_2024_complete_database.csv","1063005","96e532c8f0bb7857d8c0e4eae938e54af9f145c2fd512f08cf7a495ebd201925","?? wrangler 4.95.0 (update available 4.98.0) ????????????????????????????????????????????? Resource location: remote   Creating object ""pipeline/R2_OFFLOAD/uploaded/harvest_quality_20260605_unzipped/harvest_results_2024_complete_database.csv"" in bucket ""uoga-data"". Upload complete."
"2026-06-05T19:29:47.4537975Z","UPLOADED","..\..\R2_OFFLOAD_TEMP\hq_20260605T192909Z\harvest_results_all_years_long.csv","uoga-data","pipeline/R2_OFFLOAD/uploaded/harvest_quality_20260605_unzipped/harvest_results_all_years_long.csv","24881298","25cfc6827b33eee0272d0aa42844f4c8d9370f8ce7083aebcd8890f845c9d18b","?? wrangler 4.95.0 (update available 4.98.0) ????????????????????????????????????????????? Resource location: remote   Creating object ""pipeline/R2_OFFLOAD/uploaded/harvest_quality_20260605_unzipped/harvest_results_all_years_long.csv"" in bucket ""uoga-data"". Upload complete."
"2026-06-05T19:29:51.5765340Z","UPLOADED","..\..\R2_OFFLOAD_TEMP\hq_20260605T192909Z\ml_draw_predictions_with_harvest_features.csv","uoga-data","pipeline/R2_OFFLOAD/uploaded/harvest_quality_20260605_unzipped/ml_draw_predictions_with_harvest_features.csv","50079380","2c9143baa79d04d999eeb804971732cd0170e343e6b6c4eff56bbfce57faf42e","?? wrangler 4.95.0 (update available 4.98.0) ????????????????????????????????????????????? Resource location: remote   Creating object ""pipeline/R2_OFFLOAD/uploaded/harvest_quality_20260605_unzipped/ml_draw_predictions_with_harvest_features.csv"" in bucket ""uoga-data"". Upload complete."
"2026-06-05T19:29:53.6921446Z","UPLOADED","..\..\R2_OFFLOAD_TEMP\hq_20260605T192909Z\raw_packages\2021_for_2022_harvest_results_2021_for_2022_database\harvest_quality_features_by_hunt_code_2021_for_2022.csv","uoga-data","pipeline/R2_OFFLOAD/uploaded/harvest_quality_20260605_unzipped/raw_packages/2021_for_2022_harvest_results_2021_for_2022_database/harvest_quality_features_by_hunt_code_2021_for_2022.csv","184092","e543331799ad7be13f403010d3f7eac542bf0b9682f1b5c97a9d31b6592b6a7c","?? wrangler 4.95.0 (update available 4.98.0) ????????????????????????????????????????????? Resource location: remote   Creating object ""pipeline/R2_OFFLOAD/uploaded/harvest_quality_20260605_unzipped/raw_packages/2021_for_2022_harvest_results_2021_for_2022_database/harvest_quality_features_by_hunt_code_2021_for_2022.csv"" in bucket ""uoga-data"". Upload complete."
"2026-06-05T19:29:55.6742866Z","UPLOADED","..\..\R2_OFFLOAD_TEMP\hq_20260605T192909Z\raw_packages\2021_for_2022_harvest_results_2021_for_2022_database\harvest_results_2021_for_2022_all_long.csv","uoga-data","pipeline/R2_OFFLOAD/uploaded/harvest_quality_20260605_unzipped/raw_packages/2021_for_2022_harvest_results_2021_for_2022_database/harvest_results_2021_for_2022_all_long.csv","450975","3d6dcc8735782bd6a494f47f67dff39779fb33c880af8d62a8ff9b04c1ad6444","?? wrangler 4.95.0 (update available 4.98.0) ????????????????????????????????????????????? Resource location: remote   Creating object ""pipeline/R2_OFFLOAD/uploaded/harvest_quality_20260605_unzipped/raw_packages/2021_for_2022_harvest_results_2021_for_2022_database/harvest_results_2021_for_2022_all_long.csv"" in bucket ""uoga-data"". Upload complete."
"2026-06-05T19:29:57.7319879Z","UPLOADED","..\..\R2_OFFLOAD_TEMP\hq_20260605T192909Z\raw_packages\2021_for_2022_harvest_results_2021_for_2022_database\harvest_results_2021_for_2022_antlerless_deer.csv","uoga-data","pipeline/R2_OFFLOAD/uploaded/harvest_quality_20260605_unzipped/raw_packages/2021_for_2022_harvest_results_2021_for_2022_database/harvest_results_2021_for_2022_antlerless_deer.csv","12807","3d2100374c1a57b8c4cd62393c9164d0049581cb4c2f53159a0bc2aa46448c79","?? wrangler 4.95.0 (update available 4.98.0) ????????????????????????????????????????????? Resource location: remote   Creating object ""pipeline/R2_OFFLOAD/uploaded/harvest_quality_20260605_unzipped/raw_packages/2021_for_2022_harvest_results_2021_for_2022_database/harvest_results_2021_for_2022_antlerless_deer.csv"" in bucket ""uoga-data"". Upload complete."
"2026-06-05T19:29:59.6111852Z","UPLOADED","..\..\R2_OFFLOAD_TEMP\hq_20260605T192909Z\raw_packages\2021_for_2022_harvest_results_2021_for_2022_database\harvest_results_2021_for_2022_antlerless_elk.csv","uoga-data","pipeline/R2_OFFLOAD/uploaded/harvest_quality_20260605_unzipped/raw_packages/2021_for_2022_harvest_results_2021_for_2022_database/harvest_results_2021_for_2022_antlerless_elk.csv","84939","f0a0ee8192fc7798287b842312120c85d2d48eada78f923183dc492f5825cdc9","?? wrangler 4.95.0 (update available 4.98.0) ????????????????????????????????????????????? Resource location: remote   Creating object ""pipeline/R2_OFFLOAD/uploaded/harvest_quality_20260605_unzipped/raw_packages/2021_for_2022_harvest_results_2021_for_2022_database/harvest_results_2021_for_2022_antlerless_elk.csv"" in bucket ""uoga-data"". Upload complete."
"2026-06-05T19:30:03.1466094Z","UPLOADED","..\..\R2_OFFLOAD_TEMP\hq_20260605T192909Z\raw_packages\2021_for_2022_harvest_results_2021_for_2022_database\harvest_results_2021_for_2022_bison.csv","uoga-data","pipeline/R2_OFFLOAD/uploaded/harvest_quality_20260605_unzipped/raw_packages/2021_for_2022_harvest_results_2021_for_2022_database/harvest_results_2021_for_2022_bison.csv","6386","3a33aa3f332745a0d33aa313111b12fbbefe3ec75a44b0177cea7d08a0450dfc","?? wrangler 4.95.0 (update available 4.98.0) ????????????????????????????????????????????? Resource location: remote   Creating object ""pipeline/R2_OFFLOAD/uploaded/harvest_quality_20260605_unzipped/raw_packages/2021_for_2022_harvest_results_2021_for_2022_database/harvest_results_2021_for_2022_bison.csv"" in bucket ""uoga-data"". Upload complete."
"2026-06-05T19:30:06.2354087Z","UPLOADED","..\..\R2_OFFLOAD_TEMP\hq_20260605T192909Z\raw_packages\2021_for_2022_harvest_results_2021_for_2022_database\harvest_results_2021_for_2022_black_bear.csv","uoga-data","pipeline/R2_OFFLOAD/uploaded/harvest_quality_20260605_unzipped/raw_packages/2021_for_2022_harvest_results_2021_for_2022_database/harvest_results_2021_for_2022_black_bear.csv","58639","91c533826d195f0485ec1f9e3ffcea6bcdf797011c07db7dcd4f0dc68e21d638","?? wrangler 4.95.0 (update available 4.98.0) ????????????????????????????????????????????? Resource location: remote   Creating object ""pipeline/R2_OFFLOAD/uploaded/harvest_quality_20260605_unzipped/raw_packages/2021_for_2022_harvest_results_2021_for_2022_database/harvest_results_2021_for_2022_black_bear.csv"" in bucket ""uoga-data"". Upload complete."
"2026-06-05T19:30:08.3808451Z","UPLOADED","..\..\R2_OFFLOAD_TEMP\hq_20260605T192909Z\raw_packages\2021_for_2022_harvest_results_2021_for_2022_database\harvest_results_2021_for_2022_database_report.json","uoga-data","pipeline/R2_OFFLOAD/uploaded/harvest_quality_20260605_unzipped/raw_packages/2021_for_2022_harvest_results_2021_for_2022_database/harvest_results_2021_for_2022_database_report.json","2056","ebc5f623985f4dce5ba87d92beafe16d3a6a151b950ead0f08afe631beb845c3","?? wrangler 4.95.0 (update available 4.98.0) ????????????????????????????????????????????? Resource location: remote   Creating object ""pipeline/R2_OFFLOAD/uploaded/harvest_quality_20260605_unzipped/raw_packages/2021_for_2022_harvest_results_2021_for_2022_database/harvest_results_2021_for_2022_database_report.json"" in bucket ""uoga-data"". Upload complete."
"2026-06-05T19:30:10.8196268Z","UPLOADED","..\..\R2_OFFLOAD_TEMP\hq_20260605T192909Z\raw_packages\2021_for_2022_harvest_results_2021_for_2022_database\harvest_results_2021_for_2022_database_report.md","uoga-data","pipeline/R2_OFFLOAD/uploaded/harvest_quality_20260605_unzipped/raw_packages/2021_for_2022_harvest_results_2021_for_2022_database/harvest_results_2021_for_2022_database_report.md","561","302ffab6040acb64b2d4131a401d74cf58f5052aed6fafc170a4e9b8f93f5b05","?? wrangler 4.95.0 (update available 4.98.0) ????????????????????????????????????????????? Resource location: remote   Creating object ""pipeline/R2_OFFLOAD/uploaded/harvest_quality_20260605_unzipped/raw_packages/2021_for_2022_harvest_results_2021_for_2022_database/harvest_results_2021_for_2022_database_report.md"" in bucket ""uoga-data"". Upload complete."
"2026-06-05T19:30:12.7735049Z","UPLOADED","..\..\R2_OFFLOAD_TEMP\hq_20260605T192909Z\raw_packages\2021_for_2022_harvest_results_2021_for_2022_database\harvest_results_2021_for_2022_deer.csv","uoga-data","pipeline/R2_OFFLOAD/uploaded/harvest_quality_20260605_unzipped/raw_packages/2021_for_2022_harvest_results_2021_for_2022_database/harvest_results_2021_for_2022_deer.csv","142779","f77b1f3dcb7bdc6b7c2f843d6681a872abbeb6b4a1c0401ecff4a7cfe6b559dc","?? wrangler 4.95.0 (update available 4.98.0) ????????????????????????????????????????????? Resource location: remote   Creating object ""pipeline/R2_OFFLOAD/uploaded/harvest_quality_20260605_unzipped/raw_packages/2021_for_2022_harvest_results_2021_for_2022_database/harvest_results_2021_for_2022_deer.csv"" in bucket ""uoga-data"". Upload complete."
"2026-06-05T19:30:15.1847726Z","UPLOADED","..\..\R2_OFFLOAD_TEMP\hq_20260605T192909Z\raw_packages\2021_for_2022_harvest_results_2021_for_2022_database\harvest_results_2021_for_2022_desert_bighorn_sheep.csv","uoga-data","pipeline/R2_OFFLOAD/uploaded/harvest_quality_20260605_unzipped/raw_packages/2021_for_2022_harvest_results_2021_for_2022_database/harvest_results_2021_for_2022_desert_bighorn_sheep.csv","9638","2d2f98bd6cd8b8d8be2fb56d62f06d640c7cd69945cf2183fbde74515c31c13b","?? wrangler 4.95.0 (update available 4.98.0) ????????????????????????????????????????????? Resource location: remote   Creating object ""pipeline/R2_OFFLOAD/uploaded/harvest_quality_20260605_unzipped/raw_packages/2021_for_2022_harvest_results_2021_for_2022_database/harvest_results_2021_for_2022_desert_bighorn_sheep.csv"" in bucket ""uoga-data"". Upload complete."
"2026-06-05T19:30:17.9499116Z","UPLOADED","..\..\R2_OFFLOAD_TEMP\hq_20260605T192909Z\raw_packages\2021_for_2022_harvest_results_2021_for_2022_database\harvest_results_2021_for_2022_elk.csv","uoga-data","pipeline/R2_OFFLOAD/uploaded/harvest_quality_20260605_unzipped/raw_packages/2021_for_2022_harvest_results_2021_for_2022_database/harvest_results_2021_for_2022_elk.csv","71537","03b404bd61d1f3f27da1e3cd30bed9c5043a0193d8c8d7b274067aa354063fb4","?? wrangler 4.95.0 (update available 4.98.0) ????????????????????????????????????????????? Resource location: remote   Creating object ""pipeline/R2_OFFLOAD/uploaded/harvest_quality_20260605_unzipped/raw_packages/2021_for_2022_harvest_results_2021_for_2022_database/harvest_results_2021_for_2022_elk.csv"" in bucket ""uoga-data"". Upload complete."
"2026-06-05T19:30:19.9180197Z","UPLOADED","..\..\R2_OFFLOAD_TEMP\hq_20260605T192909Z\raw_packages\2021_for_2022_harvest_results_2021_for_2022_database\harvest_results_2021_for_2022_hunt_code_keyed.csv","uoga-data","pipeline/R2_OFFLOAD/uploaded/harvest_quality_20260605_unzipped/raw_packages/2021_for_2022_harvest_results_2021_for_2022_database/harvest_results_2021_for_2022_hunt_code_keyed.csv","170333","c448f82475f9967e2fb3c9187d458c5c8c976b5018adbaec0615bd3c2164d910","?? wrangler 4.95.0 (update available 4.98.0) ????????????????????????????????????????????? Resource location: remote   Creating object ""pipeline/R2_OFFLOAD/uploaded/harvest_quality_20260605_unzipped/raw_packages/2021_for_2022_harvest_results_2021_for_2022_database/harvest_results_2021_for_2022_hunt_code_keyed.csv"" in bucket ""uoga-data"". Upload complete."
"2026-06-05T19:30:21.9650351Z","UPLOADED","..\..\R2_OFFLOAD_TEMP\hq_20260605T192909Z\raw_packages\2021_for_2022_harvest_results_2021_for_2022_database\harvest_results_2021_for_2022_moose.csv","uoga-data","pipeline/R2_OFFLOAD/uploaded/harvest_quality_20260605_unzipped/raw_packages/2021_for_2022_harvest_results_2021_for_2022_database/harvest_results_2021_for_2022_moose.csv","15337","2a86fbbc6376e4e4b0ae850cfd51a1a77f8b8b223802ae8f02066f4ce35e86b7","?? wrangler 4.95.0 (update available 4.98.0) ????????????????????????????????????????????? Resource location: remote   Creating object ""pipeline/R2_OFFLOAD/uploaded/harvest_quality_20260605_unzipped/raw_packages/2021_for_2022_harvest_results_2021_for_2022_database/harvest_results_2021_for_2022_moose.csv"" in bucket ""uoga-data"". Upload complete."
"2026-06-05T19:30:23.9173205Z","UPLOADED","..\..\R2_OFFLOAD_TEMP\hq_20260605T192909Z\raw_packages\2021_for_2022_harvest_results_2021_for_2022_database\harvest_results_2021_for_2022_mountain_goat.csv","uoga-data","pipeline/R2_OFFLOAD/uploaded/harvest_quality_20260605_unzipped/raw_packages/2021_for_2022_harvest_results_2021_for_2022_database/harvest_results_2021_for_2022_mountain_goat.csv","8182","e349f9a0c47b20c730f85b8f6920e268f23f8f0786980287fa2bdf5d4ba6867f","?? wrangler 4.95.0 (update available 4.98.0) ????????????????????????????????????????????? Resource location: remote   Creating object ""pipeline/R2_OFFLOAD/uploaded/harvest_quality_20260605_unzipped/raw_packages/2021_for_2022_harvest_results_2021_for_2022_database/harvest_results_2021_for_2022_mountain_goat.csv"" in bucket ""uoga-data"". Upload complete."
"2026-06-05T19:30:25.9158371Z","UPLOADED","..\..\R2_OFFLOAD_TEMP\hq_20260605T192909Z\raw_packages\2021_for_2022_harvest_results_2021_for_2022_database\harvest_results_2021_for_2022_pronghorn.csv","uoga-data","pipeline/R2_OFFLOAD/uploaded/harvest_quality_20260605_unzipped/raw_packages/2021_for_2022_harvest_results_2021_for_2022_database/harvest_results_2021_for_2022_pronghorn.csv","36438","dafbaf64ef440ce3a77b67375d3140b84214eae9d6ab81cc2f329b1d44d28807","?? wrangler 4.95.0 (update available 4.98.0) ????????????????????????????????????????????? Resource location: remote   Creating object ""pipeline/R2_OFFLOAD/uploaded/harvest_quality_20260605_unzipped/raw_packages/2021_for_2022_harvest_results_2021_for_2022_database/harvest_results_2021_for_2022_pronghorn.csv"" in bucket ""uoga-data"". Upload complete."
"2026-06-05T19:30:27.9836512Z","UPLOADED","..\..\R2_OFFLOAD_TEMP\hq_20260605T192909Z\raw_packages\2021_for_2022_harvest_results_2021_for_2022_database\harvest_results_2021_for_2022_rocky_mountain_bighorn_sheep.csv","uoga-data","pipeline/R2_OFFLOAD/uploaded/harvest_quality_20260605_unzipped/raw_packages/2021_for_2022_harvest_results_2021_for_2022_database/harvest_results_2021_for_2022_rocky_mountain_bighorn_sheep.csv","8863","a9a07e5956508d148bfeceb91046ca400f7185f44a0ec8f248a6195be182562b","?? wrangler 4.95.0 (update available 4.98.0) ????????????????????????????????????????????? Resource location: remote   Creating object ""pipeline/R2_OFFLOAD/uploaded/harvest_quality_20260605_unzipped/raw_packages/2021_for_2022_harvest_results_2021_for_2022_database/harvest_results_2021_for_2022_rocky_mountain_bighorn_sheep.csv"" in bucket ""uoga-data"". Upload complete."
"2026-06-05T19:30:29.8525934Z","UPLOADED","..\..\R2_OFFLOAD_TEMP\hq_20260605T192909Z\raw_packages\2021_for_2022_harvest_results_2021_for_2022_database\harvest_results_2021_for_2022_summary.csv","uoga-data","pipeline/R2_OFFLOAD/uploaded/harvest_quality_20260605_unzipped/raw_packages/2021_for_2022_harvest_results_2021_for_2022_database/harvest_results_2021_for_2022_summary.csv","599","b655f493a9df413828894036f641de5a37d959ea1357e07c45594504b12f25d9","?? wrangler 4.95.0 (update available 4.98.0) ????????????????????????????????????????????? Resource location: remote   Creating object ""pipeline/R2_OFFLOAD/uploaded/harvest_quality_20260605_unzipped/raw_packages/2021_for_2022_harvest_results_2021_for_2022_database/harvest_results_2021_for_2022_summary.csv"" in bucket ""uoga-data"". Upload complete."
"2026-06-05T19:30:32.2301889Z","UPLOADED","..\..\R2_OFFLOAD_TEMP\hq_20260605T192909Z\raw_packages\2021_for_2022_harvest_results_2021_for_2022_database\utah_harvest_results_2021_for_2022.sqlite","uoga-data","pipeline/R2_OFFLOAD/uploaded/harvest_quality_20260605_unzipped/raw_packages/2021_for_2022_harvest_results_2021_for_2022_database/utah_harvest_results_2021_for_2022.sqlite","819200","79b48733b280dff47f5da824b127ec2744bcddeb31612294b646e7c03e0012df","?? wrangler 4.95.0 (update available 4.98.0) ????????????????????????????????????????????? Resource location: remote   Creating object ""pipeline/R2_OFFLOAD/uploaded/harvest_quality_20260605_unzipped/raw_packages/2021_for_2022_harvest_results_2021_for_2022_database/utah_harvest_results_2021_for_2022.sqlite"" in bucket ""uoga-data"". Upload complete."
"2026-06-05T19:30:34.1559209Z","UPLOADED","..\..\R2_OFFLOAD_TEMP\hq_20260605T192909Z\raw_packages\2022_for_2023_harvest_results_2022_for_2023_database\harvest_quality_features_by_hunt_code_2022_for_2023.csv","uoga-data","pipeline/R2_OFFLOAD/uploaded/harvest_quality_20260605_unzipped/raw_packages/2022_for_2023_harvest_results_2022_for_2023_database/harvest_quality_features_by_hunt_code_2022_for_2023.csv","108717","0157cb8f915a9c2d4fffcd88f0a3b5c074aea4621a7de4ae6ed758d3811acd33","?? wrangler 4.95.0 (update available 4.98.0) ????????????????????????????????????????????? Resource location: remote   Creating object ""pipeline/R2_OFFLOAD/uploaded/harvest_quality_20260605_unzipped/raw_packages/2022_for_2023_harvest_results_2022_for_2023_database/harvest_quality_features_by_hunt_code_2022_for_2023.csv"" in bucket ""uoga-data"". Upload complete."
"2026-06-05T19:30:36.2908643Z","UPLOADED","..\..\R2_OFFLOAD_TEMP\hq_20260605T192909Z\raw_packages\2022_for_2023_harvest_results_2022_for_2023_database\harvest_results_2022_for_2023_all_long.csv","uoga-data","pipeline/R2_OFFLOAD/uploaded/harvest_quality_20260605_unzipped/raw_packages/2022_for_2023_harvest_results_2022_for_2023_database/harvest_results_2022_for_2023_all_long.csv","352426","e401bd49cf376a4b73ec2580336dc5567c10ea37720e0b90c88899abc3eecb04","?? wrangler 4.95.0 (update available 4.98.0) ????????????????????????????????????????????? Resource location: remote   Creating object ""pipeline/R2_OFFLOAD/uploaded/harvest_quality_20260605_unzipped/raw_packages/2022_for_2023_harvest_results_2022_for_2023_database/harvest_results_2022_for_2023_all_long.csv"" in bucket ""uoga-data"". Upload complete."
"2026-06-05T19:30:38.1524471Z","UPLOADED","..\..\R2_OFFLOAD_TEMP\hq_20260605T192909Z\raw_packages\2022_for_2023_harvest_results_2022_for_2023_database\harvest_results_2022_for_2023_antlerless.csv","uoga-data","pipeline/R2_OFFLOAD/uploaded/harvest_quality_20260605_unzipped/raw_packages/2022_for_2023_harvest_results_2022_for_2023_database/harvest_results_2022_for_2023_antlerless.csv","81011","302a943ce66b01eb3c65c370b535d8f2d431240d92d33aba04149205ba8cb65a","?? wrangler 4.95.0 (update available 4.98.0) ????????????????????????????????????????????? Resource location: remote   Creating object ""pipeline/R2_OFFLOAD/uploaded/harvest_quality_20260605_unzipped/raw_packages/2022_for_2023_harvest_results_2022_for_2023_database/harvest_results_2022_for_2023_antlerless.csv"" in bucket ""uoga-data"". Upload complete."
"2026-06-05T19:30:40.1866099Z","UPLOADED","..\..\R2_OFFLOAD_TEMP\hq_20260605T192909Z\raw_packages\2022_for_2023_harvest_results_2022_for_2023_database\harvest_results_2022_for_2023_black_bear.csv","uoga-data","pipeline/R2_OFFLOAD/uploaded/harvest_quality_20260605_unzipped/raw_packages/2022_for_2023_harvest_results_2022_for_2023_database/harvest_results_2022_for_2023_black_bear.csv","41285","713b544c9abd9b76448a4b322d3eab2aaf5cd38c7ad5f7dcf5b32377481abea2","?? wrangler 4.95.0 (update available 4.98.0) ????????????????????????????????????????????? Resource location: remote   Creating object ""pipeline/R2_OFFLOAD/uploaded/harvest_quality_20260605_unzipped/raw_packages/2022_for_2023_harvest_results_2022_for_2023_database/harvest_results_2022_for_2023_black_bear.csv"" in bucket ""uoga-data"". Upload complete."
"2026-06-05T19:30:42.2131445Z","UPLOADED","..\..\R2_OFFLOAD_TEMP\hq_20260605T192909Z\raw_packages\2022_for_2023_harvest_results_2022_for_2023_database\harvest_results_2022_for_2023_cougar.csv","uoga-data","pipeline/R2_OFFLOAD/uploaded/harvest_quality_20260605_unzipped/raw_packages/2022_for_2023_harvest_results_2022_for_2023_database/harvest_results_2022_for_2023_cougar.csv","16892","6c2978fb7c2fb7cd0c9a8c7d8187bc1561abd2c5755f5384b42a767b8f292a80","?? wrangler 4.95.0 (update available 4.98.0) ????????????????????????????????????????????? Resource location: remote   Creating object ""pipeline/R2_OFFLOAD/uploaded/harvest_quality_20260605_unzipped/raw_packages/2022_for_2023_harvest_results_2022_for_2023_database/harvest_results_2022_for_2023_cougar.csv"" in bucket ""uoga-data"". Upload complete."
"2026-06-05T19:30:44.7649887Z","UPLOADED","..\..\R2_OFFLOAD_TEMP\hq_20260605T192909Z\raw_packages\2022_for_2023_harvest_results_2022_for_2023_database\harvest_results_2022_for_2023_database_report.json","uoga-data","pipeline/R2_OFFLOAD/uploaded/harvest_quality_20260605_unzipped/raw_packages/2022_for_2023_harvest_results_2022_for_2023_database/harvest_results_2022_for_2023_database_report.json","3012","a7d8b101cf67da66ca4df4cf79cc985282847b5e620a2427de04fe30e3678476","?? wrangler 4.95.0 (update available 4.98.0) ????????????????????????????????????????????? Resource location: remote   Creating object ""pipeline/R2_OFFLOAD/uploaded/harvest_quality_20260605_unzipped/raw_packages/2022_for_2023_harvest_results_2022_for_2023_database/harvest_results_2022_for_2023_database_report.json"" in bucket ""uoga-data"". Upload complete."
"2026-06-05T19:30:47.5891007Z","UPLOADED","..\..\R2_OFFLOAD_TEMP\hq_20260605T192909Z\raw_packages\2022_for_2023_harvest_results_2022_for_2023_database\harvest_results_2022_for_2023_database_report.md","uoga-data","pipeline/R2_OFFLOAD/uploaded/harvest_quality_20260605_unzipped/raw_packages/2022_for_2023_harvest_results_2022_for_2023_database/harvest_results_2022_for_2023_database_report.md","1306","44a3326270bb2117de669384f2623e2cea8195ab11a45949903f77c5391907d3","?? wrangler 4.95.0 (update available 4.98.0) ????????????????????????????????????????????? Resource location: remote   Creating object ""pipeline/R2_OFFLOAD/uploaded/harvest_quality_20260605_unzipped/raw_packages/2022_for_2023_harvest_results_2022_for_2023_database/harvest_results_2022_for_2023_database_report.md"" in bucket ""uoga-data"". Upload complete."
"2026-06-05T19:30:49.7586542Z","UPLOADED","..\..\R2_OFFLOAD_TEMP\hq_20260605T192909Z\raw_packages\2022_for_2023_harvest_results_2022_for_2023_database\harvest_results_2022_for_2023_hunt_code_keyed.csv","uoga-data","pipeline/R2_OFFLOAD/uploaded/harvest_quality_20260605_unzipped/raw_packages/2022_for_2023_harvest_results_2022_for_2023_database/harvest_results_2022_for_2023_hunt_code_keyed.csv","321266","91a31fa6563003e87518c622f9e7ef7587927c52122fad6b8b5c7c7f65351ca1","?? wrangler 4.95.0 (update available 4.98.0) ????????????????????????????????????????????? Resource location: remote   Creating object ""pipeline/R2_OFFLOAD/uploaded/harvest_quality_20260605_unzipped/raw_packages/2022_for_2023_harvest_results_2022_for_2023_database/harvest_results_2022_for_2023_hunt_code_keyed.csv"" in bucket ""uoga-data"". Upload complete."
"2026-06-05T19:30:51.9835958Z","UPLOADED","..\..\R2_OFFLOAD_TEMP\hq_20260605T192909Z\raw_packages\2022_for_2023_harvest_results_2022_for_2023_database\harvest_results_2022_for_2023_le_oial_all.csv","uoga-data","pipeline/R2_OFFLOAD/uploaded/harvest_quality_20260605_unzipped/raw_packages/2022_for_2023_harvest_results_2022_for_2023_database/harvest_results_2022_for_2023_le_oial_all.csv","214711","f06b2c93b5db04ddf55496a1ff4e015bdbcb9a108aa904fb986e2d0155f8c451","?? wrangler 4.95.0 (update available 4.98.0) ????????????????????????????????????????????? Resource location: remote   Creating object ""pipeline/R2_OFFLOAD/uploaded/harvest_quality_20260605_unzipped/raw_packages/2022_for_2023_harvest_results_2022_for_2023_database/harvest_results_2022_for_2023_le_oial_all.csv"" in bucket ""uoga-data"". Upload complete."
"2026-06-05T19:30:54.0390800Z","UPLOADED","..\..\R2_OFFLOAD_TEMP\hq_20260605T192909Z\raw_packages\2022_for_2023_harvest_results_2022_for_2023_database\harvest_results_2022_for_2023_summary.csv","uoga-data","pipeline/R2_OFFLOAD/uploaded/harvest_quality_20260605_unzipped/raw_packages/2022_for_2023_harvest_results_2022_for_2023_database/harvest_results_2022_for_2023_summary.csv","899","eb245512aed707f42145b437e2c5cf66a78c85ba5c9087ba98f367d145d3cf14","?? wrangler 4.95.0 (update available 4.98.0) ????????????????????????????????????????????? Resource location: remote   Creating object ""pipeline/R2_OFFLOAD/uploaded/harvest_quality_20260605_unzipped/raw_packages/2022_for_2023_harvest_results_2022_for_2023_database/harvest_results_2022_for_2023_summary.csv"" in bucket ""uoga-data"". Upload complete."
"2026-06-05T19:30:56.7074040Z","UPLOADED","..\..\R2_OFFLOAD_TEMP\hq_20260605T192909Z\raw_packages\2022_for_2023_harvest_results_2022_for_2023_database\utah_harvest_results_2022_for_2023.sqlite","uoga-data","pipeline/R2_OFFLOAD/uploaded/harvest_quality_20260605_unzipped/raw_packages/2022_for_2023_harvest_results_2022_for_2023_database/utah_harvest_results_2022_for_2023.sqlite","856064","acadf46402b353a6b5d486ed3c282ba3d9f58c9f86eaed6c8c58375299a781ba","?? wrangler 4.95.0 (update available 4.98.0) ????????????????????????????????????????????? Resource location: remote   Creating object ""pipeline/R2_OFFLOAD/uploaded/harvest_quality_20260605_unzipped/raw_packages/2022_for_2023_harvest_results_2022_for_2023_database/utah_harvest_results_2022_for_2023.sqlite"" in bucket ""uoga-data"". Upload complete."
"2026-06-05T19:30:59.1833035Z","UPLOADED","..\..\R2_OFFLOAD_TEMP\hq_20260605T192909Z\raw_packages\2023_for_2024_harvest_results_2023_all_species_database\harvest_location_hunt_code_crosswalk_2023_bighorn_sheep.csv","uoga-data","pipeline/R2_OFFLOAD/uploaded/harvest_quality_20260605_unzipped/raw_packages/2023_for_2024_harvest_results_2023_all_species_database/harvest_location_hunt_code_crosswalk_2023_bighorn_sheep.csv","37450","566626ec5b1990b1cb1bc21149312c20673be2a582da6f2a822396fbbef39144","?? wrangler 4.95.0 (update available 4.98.0) ????????????????????????????????????????????? Resource location: remote   Creating object ""pipeline/R2_OFFLOAD/uploaded/harvest_quality_20260605_unzipped/raw_packages/2023_for_2024_harvest_results_2023_all_species_database/harvest_location_hunt_code_crosswalk_2023_bighorn_sheep.csv"" in bucket ""uoga-data"". Upload complete."
"2026-06-05T19:31:01.3861038Z","UPLOADED","..\..\R2_OFFLOAD_TEMP\hq_20260605T192909Z\raw_packages\2023_for_2024_harvest_results_2023_all_species_database\harvest_quality_features_bighorn_by_hunt_code_2023.csv","uoga-data","pipeline/R2_OFFLOAD/uploaded/harvest_quality_20260605_unzipped/raw_packages/2023_for_2024_harvest_results_2023_all_species_database/harvest_quality_features_bighorn_by_hunt_code_2023.csv","4620","9d36e7a5bbf137ee56ad130213ecedac1b9fe2b26dee2dca90a069b64f2a6b3a","?? wrangler 4.95.0 (update available 4.98.0) ????????????????????????????????????????????? Resource location: remote   Creating object ""pipeline/R2_OFFLOAD/uploaded/harvest_quality_20260605_unzipped/raw_packages/2023_for_2024_harvest_results_2023_all_species_database/harvest_quality_features_bighorn_by_hunt_code_2023.csv"" in bucket ""uoga-data"". Upload complete."
"2026-06-05T19:31:03.7263568Z","UPLOADED","..\..\R2_OFFLOAD_TEMP\hq_20260605T192909Z\raw_packages\2023_for_2024_harvest_results_2023_all_species_database\harvest_quality_features_by_hunt_code_all_species_2023.csv","uoga-data","pipeline/R2_OFFLOAD/uploaded/harvest_quality_20260605_unzipped/raw_packages/2023_for_2024_harvest_results_2023_all_species_database/harvest_quality_features_by_hunt_code_all_species_2023.csv","143003","d48dfa58d96509fe094b8585948613f106fc1cdea09d4e30bd27934b40b425b0","?? wrangler 4.95.0 (update available 4.98.0) ????????????????????????????????????????????? Resource location: remote   Creating object ""pipeline/R2_OFFLOAD/uploaded/harvest_quality_20260605_unzipped/raw_packages/2023_for_2024_harvest_results_2023_all_species_database/harvest_quality_features_by_hunt_code_all_species_2023.csv"" in bucket ""uoga-data"". Upload complete."
"2026-06-05T19:31:05.7929151Z","UPLOADED","..\..\R2_OFFLOAD_TEMP\hq_20260605T192909Z\raw_packages\2023_for_2024_harvest_results_2023_all_species_database\harvest_results_2023_all_species_database_report.json","uoga-data","pipeline/R2_OFFLOAD/uploaded/harvest_quality_20260605_unzipped/raw_packages/2023_for_2024_harvest_results_2023_all_species_database/harvest_results_2023_all_species_database_report.json","8501","d6280a6f46571330001e8d8a9040f976e50b795dd61af0e495d693efcd703355","?? wrangler 4.95.0 (update available 4.98.0) ????????????????????????????????????????????? Resource location: remote   Creating object ""pipeline/R2_OFFLOAD/uploaded/harvest_quality_20260605_unzipped/raw_packages/2023_for_2024_harvest_results_2023_all_species_database/harvest_results_2023_all_species_database_report.json"" in bucket ""uoga-data"". Upload complete."
"2026-06-05T19:31:07.6737974Z","UPLOADED","..\..\R2_OFFLOAD_TEMP\hq_20260605T192909Z\raw_packages\2023_for_2024_harvest_results_2023_all_species_database\harvest_results_2023_all_species_database_report.md","uoga-data","pipeline/R2_OFFLOAD/uploaded/harvest_quality_20260605_unzipped/raw_packages/2023_for_2024_harvest_results_2023_all_species_database/harvest_results_2023_all_species_database_report.md","2062","61dd96293f156c6ddc204a6b1214485b70190e7c17402ec7052061e577f07590","?? wrangler 4.95.0 (update available 4.98.0) ????????????????????????????????????????????? Resource location: remote   Creating object ""pipeline/R2_OFFLOAD/uploaded/harvest_quality_20260605_unzipped/raw_packages/2023_for_2024_harvest_results_2023_all_species_database/harvest_results_2023_all_species_database_report.md"" in bucket ""uoga-data"". Upload complete."
"2026-06-05T19:31:09.7692249Z","UPLOADED","..\..\R2_OFFLOAD_TEMP\hq_20260605T192909Z\raw_packages\2023_for_2024_harvest_results_2023_all_species_database\harvest_results_2023_all_species_hunt_success_long.csv","uoga-data","pipeline/R2_OFFLOAD/uploaded/harvest_quality_20260605_unzipped/raw_packages/2023_for_2024_harvest_results_2023_all_species_database/harvest_results_2023_all_species_hunt_success_long.csv","318185","292f6861e4b172698ee132bafa1d1a4bf33266bda528338411d4dd5c54cda23e","?? wrangler 4.95.0 (update available 4.98.0) ????????????????????????????????????????????? Resource location: remote   Creating object ""pipeline/R2_OFFLOAD/uploaded/harvest_quality_20260605_unzipped/raw_packages/2023_for_2024_harvest_results_2023_all_species_database/harvest_results_2023_all_species_hunt_success_long.csv"" in bucket ""uoga-data"". Upload complete."
"2026-06-05T19:31:11.6854511Z","UPLOADED","..\..\R2_OFFLOAD_TEMP\hq_20260605T192909Z\raw_packages\2023_for_2024_harvest_results_2023_all_species_database\harvest_results_2023_bighorn_sheep_hunt_success_aggregate.csv","uoga-data","pipeline/R2_OFFLOAD/uploaded/harvest_quality_20260605_unzipped/raw_packages/2023_for_2024_harvest_results_2023_all_species_database/harvest_results_2023_bighorn_sheep_hunt_success_aggregate.csv","11312","1b47d908fcadca97b5be71c60b83d1c02327032a38c0696c2439db545edb2c2c","?? wrangler 4.95.0 (update available 4.98.0) ????????????????????????????????????????????? Resource location: remote   Creating object ""pipeline/R2_OFFLOAD/uploaded/harvest_quality_20260605_unzipped/raw_packages/2023_for_2024_harvest_results_2023_all_species_database/harvest_results_2023_bighorn_sheep_hunt_success_aggregate.csv"" in bucket ""uoga-data"". Upload complete."
"2026-06-05T19:31:13.5888737Z","UPLOADED","..\..\R2_OFFLOAD_TEMP\hq_20260605T192909Z\raw_packages\2023_for_2024_harvest_results_2023_all_species_database\harvest_results_2023_bighorn_sheep_measurements_crosswalked.csv","uoga-data","pipeline/R2_OFFLOAD/uploaded/harvest_quality_20260605_unzipped/raw_packages/2023_for_2024_harvest_results_2023_all_species_database/harvest_results_2023_bighorn_sheep_measurements_crosswalked.csv","94048","4146cbcba31c5d2c43e12e78d31f3176cd324013e088c91b0e2bf0d54055a48c","?? wrangler 4.95.0 (update available 4.98.0) ????????????????????????????????????????????? Resource location: remote   Creating object ""pipeline/R2_OFFLOAD/uploaded/harvest_quality_20260605_unzipped/raw_packages/2023_for_2024_harvest_results_2023_all_species_database/harvest_results_2023_bighorn_sheep_measurements_crosswalked.csv"" in bucket ""uoga-data"". Upload complete."
"2026-06-05T19:31:15.6022341Z","UPLOADED","..\..\R2_OFFLOAD_TEMP\hq_20260605T192909Z\raw_packages\2023_for_2024_harvest_results_2023_all_species_database\harvest_results_2023_BISON_hunt_success.csv","uoga-data","pipeline/R2_OFFLOAD/uploaded/harvest_quality_20260605_unzipped/raw_packages/2023_for_2024_harvest_results_2023_all_species_database/harvest_results_2023_BISON_hunt_success.csv","10015","cc2486b04f11e50bdeef3b816d396bc6b09685e2a7e13b35e86014d1763e0ef3","?? wrangler 4.95.0 (update available 4.98.0) ????????????????????????????????????????????? Resource location: remote   Creating object ""pipeline/R2_OFFLOAD/uploaded/harvest_quality_20260605_unzipped/raw_packages/2023_for_2024_harvest_results_2023_all_species_database/harvest_results_2023_BISON_hunt_success.csv"" in bucket ""uoga-data"". Upload complete."
"2026-06-05T19:31:17.6708073Z","UPLOADED","..\..\R2_OFFLOAD_TEMP\hq_20260605T192909Z\raw_packages\2023_for_2024_harvest_results_2023_all_species_database\harvest_results_2023_DEER_hunt_success.csv","uoga-data","pipeline/R2_OFFLOAD/uploaded/harvest_quality_20260605_unzipped/raw_packages/2023_for_2024_harvest_results_2023_all_species_database/harvest_results_2023_DEER_hunt_success.csv","101969","39e76e3c1c7dc29e249b14438b973ccb3e520bc605fbe5f3bce374900b0cd772","?? wrangler 4.95.0 (update available 4.98.0) ????????????????????????????????????????????? Resource location: remote   Creating object ""pipeline/R2_OFFLOAD/uploaded/harvest_quality_20260605_unzipped/raw_packages/2023_for_2024_harvest_results_2023_all_species_database/harvest_results_2023_DEER_hunt_success.csv"" in bucket ""uoga-data"". Upload complete."
"2026-06-05T19:31:20.1544990Z","UPLOADED","..\..\R2_OFFLOAD_TEMP\hq_20260605T192909Z\raw_packages\2023_for_2024_harvest_results_2023_all_species_database\harvest_results_2023_DESERT_BIGHORN_SHEEP_hunt_success.csv","uoga-data","pipeline/R2_OFFLOAD/uploaded/harvest_quality_20260605_unzipped/raw_packages/2023_for_2024_harvest_results_2023_all_species_database/harvest_results_2023_DESERT_BIGHORN_SHEEP_hunt_success.csv","9401","6f83adcf68394cb0b914c290ccf03035d6947d95b0711d7884dbaebceddeb334","?? wrangler 4.95.0 (update available 4.98.0) ????????????????????????????????????????????? Resource location: remote   Creating object ""pipeline/R2_OFFLOAD/uploaded/harvest_quality_20260605_unzipped/raw_packages/2023_for_2024_harvest_results_2023_all_species_database/harvest_results_2023_DESERT_BIGHORN_SHEEP_hunt_success.csv"" in bucket ""uoga-data"". Upload complete."
"2026-06-05T19:31:22.8785451Z","UPLOADED","..\..\R2_OFFLOAD_TEMP\hq_20260605T192909Z\raw_packages\2023_for_2024_harvest_results_2023_all_species_database\harvest_results_2023_ELK_hunt_success.csv","uoga-data","pipeline/R2_OFFLOAD/uploaded/harvest_quality_20260605_unzipped/raw_packages/2023_for_2024_harvest_results_2023_all_species_database/harvest_results_2023_ELK_hunt_success.csv","113707","8791bb62046ba95a2aa7d8cf26cf0466f64e4fd41e272bb57bc270f1bd947593","?? wrangler 4.95.0 (update available 4.98.0) ????????????????????????????????????????????? Resource location: remote   Creating object ""pipeline/R2_OFFLOAD/uploaded/harvest_quality_20260605_unzipped/raw_packages/2023_for_2024_harvest_results_2023_all_species_database/harvest_results_2023_ELK_hunt_success.csv"" in bucket ""uoga-data"". Upload complete."
"2026-06-05T19:31:24.8959088Z","UPLOADED","..\..\R2_OFFLOAD_TEMP\hq_20260605T192909Z\raw_packages\2023_for_2024_harvest_results_2023_all_species_database\harvest_results_2023_MOOSE_hunt_success.csv","uoga-data","pipeline/R2_OFFLOAD/uploaded/harvest_quality_20260605_unzipped/raw_packages/2023_for_2024_harvest_results_2023_all_species_database/harvest_results_2023_MOOSE_hunt_success.csv","19217","04abdecc7403296de45fb793f32d170042d8d7db48623f621b31498050303cf9","?? wrangler 4.95.0 (update available 4.98.0) ????????????????????????????????????????????? Resource location: remote   Creating object ""pipeline/R2_OFFLOAD/uploaded/harvest_quality_20260605_unzipped/raw_packages/2023_for_2024_harvest_results_2023_all_species_database/harvest_results_2023_MOOSE_hunt_success.csv"" in bucket ""uoga-data"". Upload complete."
"2026-06-05T19:31:27.0364293Z","UPLOADED","..\..\R2_OFFLOAD_TEMP\hq_20260605T192909Z\raw_packages\2023_for_2024_harvest_results_2023_all_species_database\harvest_results_2023_MOUNTAIN_GOAT_hunt_success.csv","uoga-data","pipeline/R2_OFFLOAD/uploaded/harvest_quality_20260605_unzipped/raw_packages/2023_for_2024_harvest_results_2023_all_species_database/harvest_results_2023_MOUNTAIN_GOAT_hunt_success.csv","9871","6513c7701901748db6cbd976829bd4d4951ada8c158127a6645d30b04170d148","?? wrangler 4.95.0 (update available 4.98.0) ????????????????????????????????????????????? Resource location: remote   Creating object ""pipeline/R2_OFFLOAD/uploaded/harvest_quality_20260605_unzipped/raw_packages/2023_for_2024_harvest_results_2023_all_species_database/harvest_results_2023_MOUNTAIN_GOAT_hunt_success.csv"" in bucket ""uoga-data"". Upload complete."
"2026-06-05T19:31:29.4151324Z","UPLOADED","..\..\R2_OFFLOAD_TEMP\hq_20260605T192909Z\raw_packages\2023_for_2024_harvest_results_2023_all_species_database\harvest_results_2023_PRONGHORN_hunt_success.csv","uoga-data","pipeline/R2_OFFLOAD/uploaded/harvest_quality_20260605_unzipped/raw_packages/2023_for_2024_harvest_results_2023_all_species_database/harvest_results_2023_PRONGHORN_hunt_success.csv","48609","c416a3500b4de7277775ca996abcde80dbcc498fb9f91307e69bd2d8c4b4d8c6","?? wrangler 4.95.0 (update available 4.98.0) ????????????????????????????????????????????? Resource location: remote   Creating object ""pipeline/R2_OFFLOAD/uploaded/harvest_quality_20260605_unzipped/raw_packages/2023_for_2024_harvest_results_2023_all_species_database/harvest_results_2023_PRONGHORN_hunt_success.csv"" in bucket ""uoga-data"". Upload complete."
"2026-06-05T19:31:31.3018907Z","UPLOADED","..\..\R2_OFFLOAD_TEMP\hq_20260605T192909Z\raw_packages\2023_for_2024_harvest_results_2023_all_species_database\harvest_results_2023_ROCKY_MOUNTAIN_BIGHORN_SHEEP_hunt_success.csv","uoga-data","pipeline/R2_OFFLOAD/uploaded/harvest_quality_20260605_unzipped/raw_packages/2023_for_2024_harvest_results_2023_all_species_database/harvest_results_2023_ROCKY_MOUNTAIN_BIGHORN_SHEEP_hunt_success.csv","8623","a2fb127282deaf3c24e8ba235dff1b7feb8a63fb485af88456f6aa745f3b07a2","?? wrangler 4.95.0 (update available 4.98.0) ????????????????????????????????????????????? Resource location: remote   Creating object ""pipeline/R2_OFFLOAD/uploaded/harvest_quality_20260605_unzipped/raw_packages/2023_for_2024_harvest_results_2023_all_species_database/harvest_results_2023_ROCKY_MOUNTAIN_BIGHORN_SHEEP_hunt_success.csv"" in bucket ""uoga-data"". Upload complete."
"2026-06-05T19:31:33.2035382Z","UPLOADED","..\..\R2_OFFLOAD_TEMP\hq_20260605T192909Z\raw_packages\2023_for_2024_harvest_results_2023_all_species_database\harvest_results_2023_species_summary.csv","uoga-data","pipeline/R2_OFFLOAD/uploaded/harvest_quality_20260605_unzipped/raw_packages/2023_for_2024_harvest_results_2023_all_species_database/harvest_results_2023_species_summary.csv","1353","b57d08b02d908cb4a2de6fd1158a04814c5c505d88141a649ec42bcf42cd5131","?? wrangler 4.95.0 (update available 4.98.0) ????????????????????????????????????????????? Resource location: remote   Creating object ""pipeline/R2_OFFLOAD/uploaded/harvest_quality_20260605_unzipped/raw_packages/2023_for_2024_harvest_results_2023_all_species_database/harvest_results_2023_species_summary.csv"" in bucket ""uoga-data"". Upload complete."
"2026-06-05T19:31:35.4785821Z","UPLOADED","..\..\R2_OFFLOAD_TEMP\hq_20260605T192909Z\raw_packages\2023_for_2024_harvest_results_2023_all_species_database\utah_harvest_results_2023_all_species.sqlite","uoga-data","pipeline/R2_OFFLOAD/uploaded/harvest_quality_20260605_unzipped/raw_packages/2023_for_2024_harvest_results_2023_all_species_database/utah_harvest_results_2023_all_species.sqlite","1089536","44ee5adc7333bf36d9ecb729bc9305cdf5eed5108f5baa8d2b98585e2a04576c","?? wrangler 4.95.0 (update available 4.98.0) ????????????????????????????????????????????? Resource location: remote   Creating object ""pipeline/R2_OFFLOAD/uploaded/harvest_quality_20260605_unzipped/raw_packages/2023_for_2024_harvest_results_2023_all_species_database/utah_harvest_results_2023_all_species.sqlite"" in bucket ""uoga-data"". Upload complete."
"2026-06-05T19:31:39.4909582Z","UPLOADED","..\..\R2_OFFLOAD_TEMP\hq_20260605T192909Z\raw_packages\2023_for_2025_turkey_harvest_results_2023_24_for_2025_database\turkey_harvest_reports_2023_24_for_2025_database\turkey_harvest_results_2023_24_for_2025_all_long.csv","uoga-data","pipeline/R2_OFFLOAD/uploaded/harvest_quality_20260605_unzipped/raw_packages/2023_for_2025_turkey_harvest_results_2023_24_for_2025_database/turkey_harvest_reports_2023_24_for_2025_database/turkey_harvest_results_2023_24_for_2025_all_long.csv","49039","ade198c8fa56e6b0f27b2d4b19b7ac1cc7bfc2088a6bc892db115413810ebcee","?? wrangler 4.95.0 (update available 4.98.0) ????????????????????????????????????????????? Resource location: remote   Creating object ""pipeline/R2_OFFLOAD/uploaded/harvest_quality_20260605_unzipped/raw_packages/2023_for_2025_turkey_harvest_results_2023_24_for_2025_database/turkey_harvest_reports_2023_24_for_2025_database/turkey_harvest_results_2023_24_for_2025_all_long.csv"" in bucket ""uoga-data"". Upload complete."
"2026-06-05T19:31:41.3668323Z","UPLOADED","..\..\R2_OFFLOAD_TEMP\hq_20260605T192909Z\raw_packages\2023_for_2025_turkey_harvest_results_2023_24_for_2025_database\turkey_harvest_reports_2023_24_for_2025_database\turkey_harvest_results_2023_24_for_2025_report.json","uoga-data","pipeline/R2_OFFLOAD/uploaded/harvest_quality_20260605_unzipped/raw_packages/2023_for_2025_turkey_harvest_results_2023_24_for_2025_database/turkey_harvest_reports_2023_24_for_2025_database/turkey_harvest_results_2023_24_for_2025_report.json","3125","c5ce9d6d1a5401c1b70cb45062a0d4b0751c722ece9aeb4d95024f602563650b","?? wrangler 4.95.0 (update available 4.98.0) ????????????????????????????????????????????? Resource location: remote   Creating object ""pipeline/R2_OFFLOAD/uploaded/harvest_quality_20260605_unzipped/raw_packages/2023_for_2025_turkey_harvest_results_2023_24_for_2025_database/turkey_harvest_reports_2023_24_for_2025_database/turkey_harvest_results_2023_24_for_2025_report.json"" in bucket ""uoga-data"". Upload complete."
"2026-06-05T19:31:43.9605635Z","UPLOADED","..\..\R2_OFFLOAD_TEMP\hq_20260605T192909Z\raw_packages\2023_for_2025_turkey_harvest_results_2023_24_for_2025_database\turkey_harvest_reports_2023_24_for_2025_database\turkey_harvest_results_2023_24_for_2025_report.md","uoga-data","pipeline/R2_OFFLOAD/uploaded/harvest_quality_20260605_unzipped/raw_packages/2023_for_2025_turkey_harvest_results_2023_24_for_2025_database/turkey_harvest_reports_2023_24_for_2025_database/turkey_harvest_results_2023_24_for_2025_report.md","2459","64d901ebc1592053b87cfaa50aec00a6fdf44b64f93a428cb68d92ba8d35f028","?? wrangler 4.95.0 (update available 4.98.0) ????????????????????????????????????????????? Resource location: remote   Creating object ""pipeline/R2_OFFLOAD/uploaded/harvest_quality_20260605_unzipped/raw_packages/2023_for_2025_turkey_harvest_results_2023_24_for_2025_database/turkey_harvest_reports_2023_24_for_2025_database/turkey_harvest_results_2023_24_for_2025_report.md"" in bucket ""uoga-data"". Upload complete."
"2026-06-05T19:31:45.9446617Z","UPLOADED","..\..\R2_OFFLOAD_TEMP\hq_20260605T192909Z\raw_packages\2023_for_2025_turkey_harvest_results_2023_24_for_2025_database\turkey_harvest_reports_2023_24_for_2025_database\turkey_harvest_results_2023_24_for_2025_summary.csv","uoga-data","pipeline/R2_OFFLOAD/uploaded/harvest_quality_20260605_unzipped/raw_packages/2023_for_2025_turkey_harvest_results_2023_24_for_2025_database/turkey_harvest_reports_2023_24_for_2025_database/turkey_harvest_results_2023_24_for_2025_summary.csv","751","5f25f56d0b941dcfaf46def5b1ca64889e48f38b361b2d3fc7a60858434b9d09","?? wrangler 4.95.0 (update available 4.98.0) ????????????????????????????????????????????? Resource location: remote   Creating object ""pipeline/R2_OFFLOAD/uploaded/harvest_quality_20260605_unzipped/raw_packages/2023_for_2025_turkey_harvest_results_2023_24_for_2025_database/turkey_harvest_reports_2023_24_for_2025_database/turkey_harvest_results_2023_24_for_2025_summary.csv"" in bucket ""uoga-data"". Upload complete."
"2026-06-05T19:31:47.7699652Z","UPLOADED","..\..\R2_OFFLOAD_TEMP\hq_20260605T192909Z\raw_packages\2023_for_2025_turkey_harvest_results_2023_24_for_2025_database\turkey_harvest_reports_2023_24_for_2025_database\turkey_hunt_code_keyed_2024_for_2025.csv","uoga-data","pipeline/R2_OFFLOAD/uploaded/harvest_quality_20260605_unzipped/raw_packages/2023_for_2025_turkey_harvest_results_2023_24_for_2025_database/turkey_harvest_reports_2023_24_for_2025_database/turkey_hunt_code_keyed_2024_for_2025.csv","2555","5dfc71474a29c7840fb82f6aed45fde7fdbd1ccead4e2589509af0eb68a94d6b","?? wrangler 4.95.0 (update available 4.98.0) ????????????????????????????????????????????? Resource location: remote   Creating object ""pipeline/R2_OFFLOAD/uploaded/harvest_quality_20260605_unzipped/raw_packages/2023_for_2025_turkey_harvest_results_2023_24_for_2025_database/turkey_harvest_reports_2023_24_for_2025_database/turkey_hunt_code_keyed_2024_for_2025.csv"" in bucket ""uoga-data"". Upload complete."
"2026-06-05T19:31:49.8061721Z","UPLOADED","..\..\R2_OFFLOAD_TEMP\hq_20260605T192909Z\raw_packages\2023_for_2025_turkey_harvest_results_2023_24_for_2025_database\turkey_harvest_reports_2023_24_for_2025_database\turkey_quality_features_2023_24_for_2025.csv","uoga-data","pipeline/R2_OFFLOAD/uploaded/harvest_quality_20260605_unzipped/raw_packages/2023_for_2025_turkey_harvest_results_2023_24_for_2025_database/turkey_harvest_reports_2023_24_for_2025_database/turkey_quality_features_2023_24_for_2025.csv","35834","7bce1bea3a675c6fe10f68a31c97e48810799c3cb91a51cbf860035106ed36be","?? wrangler 4.95.0 (update available 4.98.0) ????????????????????????????????????????????? Resource location: remote   Creating object ""pipeline/R2_OFFLOAD/uploaded/harvest_quality_20260605_unzipped/raw_packages/2023_for_2025_turkey_harvest_results_2023_24_for_2025_database/turkey_harvest_reports_2023_24_for_2025_database/turkey_quality_features_2023_24_for_2025.csv"" in bucket ""uoga-data"". Upload complete."
"2026-06-05T19:31:51.9084260Z","UPLOADED","..\..\R2_OFFLOAD_TEMP\hq_20260605T192909Z\raw_packages\2023_for_2025_turkey_harvest_results_2023_24_for_2025_database\turkey_harvest_reports_2023_24_for_2025_database\utah_turkey_harvest_2023_24_for_2025.sqlite","uoga-data","pipeline/R2_OFFLOAD/uploaded/harvest_quality_20260605_unzipped/raw_packages/2023_for_2025_turkey_harvest_results_2023_24_for_2025_database/turkey_harvest_reports_2023_24_for_2025_database/utah_turkey_harvest_2023_24_for_2025.sqlite","106496","c3280162aaa829dca0ecc44d19517dfbc7a1fe4c6db5e5903adc01f9361d867a","?? wrangler 4.95.0 (update available 4.98.0) ????????????????????????????????????????????? Resource location: remote   Creating object ""pipeline/R2_OFFLOAD/uploaded/harvest_quality_20260605_unzipped/raw_packages/2023_for_2025_turkey_harvest_results_2023_24_for_2025_database/turkey_harvest_reports_2023_24_for_2025_database/utah_turkey_harvest_2023_24_for_2025.sqlite"" in bucket ""uoga-data"". Upload complete."
"2026-06-05T19:31:53.9914068Z","UPLOADED","..\..\R2_OFFLOAD_TEMP\hq_20260605T192909Z\raw_packages\2024_for_2025_harvest_results_2024_for_2025_black_bear_supplement\black_bear_harvest_objective_2024.csv","uoga-data","pipeline/R2_OFFLOAD/uploaded/harvest_quality_20260605_unzipped/raw_packages/2024_for_2025_harvest_results_2024_for_2025_black_bear_supplement/black_bear_harvest_objective_2024.csv","5809","9b64fa0e600e114d5907bf989df52e653d6e79983eb2dd68410dc4aeffa77181","?? wrangler 4.95.0 (update available 4.98.0) ????????????????????????????????????????????? Resource location: remote   Creating object ""pipeline/R2_OFFLOAD/uploaded/harvest_quality_20260605_unzipped/raw_packages/2024_for_2025_harvest_results_2024_for_2025_black_bear_supplement/black_bear_harvest_objective_2024.csv"" in bucket ""uoga-data"". Upload complete."
"2026-06-05T19:31:55.9276218Z","UPLOADED","..\..\R2_OFFLOAD_TEMP\hq_20260605T192909Z\raw_packages\2024_for_2025_harvest_results_2024_for_2025_black_bear_supplement\black_bear_hunt_code_harvest_2024.csv","uoga-data","pipeline/R2_OFFLOAD/uploaded/harvest_quality_20260605_unzipped/raw_packages/2024_for_2025_harvest_results_2024_for_2025_black_bear_supplement/black_bear_hunt_code_harvest_2024.csv","24311","199cea6bd8732e1facd68c3c18d8f83cc758969e6afff3e7c484cf9313deaff0","?? wrangler 4.95.0 (update available 4.98.0) ????????????????????????????????????????????? Resource location: remote   Creating object ""pipeline/R2_OFFLOAD/uploaded/harvest_quality_20260605_unzipped/raw_packages/2024_for_2025_harvest_results_2024_for_2025_black_bear_supplement/black_bear_hunt_code_harvest_2024.csv"" in bucket ""uoga-data"". Upload complete."
"2026-06-05T19:31:58.4280522Z","UPLOADED","..\..\R2_OFFLOAD_TEMP\hq_20260605T192909Z\raw_packages\2024_for_2025_harvest_results_2024_for_2025_black_bear_supplement\black_bear_pursuit_by_unit_2024.csv","uoga-data","pipeline/R2_OFFLOAD/uploaded/harvest_quality_20260605_unzipped/raw_packages/2024_for_2025_harvest_results_2024_for_2025_black_bear_supplement/black_bear_pursuit_by_unit_2024.csv","12549","a049acd805d4de910f0a947da20ede1c64c346a37a0ab46bd3b0c891e8bda76d","?? wrangler 4.95.0 (update available 4.98.0) ????????????????????????????????????????????? Resource location: remote   Creating object ""pipeline/R2_OFFLOAD/uploaded/harvest_quality_20260605_unzipped/raw_packages/2024_for_2025_harvest_results_2024_for_2025_black_bear_supplement/black_bear_pursuit_by_unit_2024.csv"" in bucket ""uoga-data"". Upload complete."
"2026-06-05T19:32:00.7155041Z","UPLOADED","..\..\R2_OFFLOAD_TEMP\hq_20260605T192909Z\raw_packages\2024_for_2025_harvest_results_2024_for_2025_black_bear_supplement\black_bear_restricted_pursuit_annual.csv","uoga-data","pipeline/R2_OFFLOAD/uploaded/harvest_quality_20260605_unzipped/raw_packages/2024_for_2025_harvest_results_2024_for_2025_black_bear_supplement/black_bear_restricted_pursuit_annual.csv","4362","39f463a24b5fb3a49e8390e4b46fdca416345dc6a0a9459740cb3dd98007ff96","?? wrangler 4.95.0 (update available 4.98.0) ????????????????????????????????????????????? Resource location: remote   Creating object ""pipeline/R2_OFFLOAD/uploaded/harvest_quality_20260605_unzipped/raw_packages/2024_for_2025_harvest_results_2024_for_2025_black_bear_supplement/black_bear_restricted_pursuit_annual.csv"" in bucket ""uoga-data"". Upload complete."
"2026-06-05T19:32:02.8013591Z","UPLOADED","..\..\R2_OFFLOAD_TEMP\hq_20260605T192909Z\raw_packages\2024_for_2025_harvest_results_2024_for_2025_black_bear_supplement\black_bear_restricted_pursuit_by_unit_season_2024.csv","uoga-data","pipeline/R2_OFFLOAD/uploaded/harvest_quality_20260605_unzipped/raw_packages/2024_for_2025_harvest_results_2024_for_2025_black_bear_supplement/black_bear_restricted_pursuit_by_unit_season_2024.csv","2850","50a50e4a36b3cc29b41dd17b5a2e447542ea3611f33aada94d92ac78fcd10500","?? wrangler 4.95.0 (update available 4.98.0) ????????????????????????????????????????????? Resource location: remote   Creating object ""pipeline/R2_OFFLOAD/uploaded/harvest_quality_20260605_unzipped/raw_packages/2024_for_2025_harvest_results_2024_for_2025_black_bear_supplement/black_bear_restricted_pursuit_by_unit_season_2024.csv"" in bucket ""uoga-data"". Upload complete."
"2026-06-05T19:32:04.7099127Z","UPLOADED","..\..\R2_OFFLOAD_TEMP\hq_20260605T192909Z\raw_packages\2024_for_2025_harvest_results_2024_for_2025_black_bear_supplement\black_bear_statewide_harvest_mortality_2001_2024.csv","uoga-data","pipeline/R2_OFFLOAD/uploaded/harvest_quality_20260605_unzipped/raw_packages/2024_for_2025_harvest_results_2024_for_2025_black_bear_supplement/black_bear_statewide_harvest_mortality_2001_2024.csv","6390","7fbadc44048853ff0a0685597105587f8e1259445faaa1f580874c8f6034356b","?? wrangler 4.95.0 (update available 4.98.0) ????????????????????????????????????????????? Resource location: remote   Creating object ""pipeline/R2_OFFLOAD/uploaded/harvest_quality_20260605_unzipped/raw_packages/2024_for_2025_harvest_results_2024_for_2025_black_bear_supplement/black_bear_statewide_harvest_mortality_2001_2024.csv"" in bucket ""uoga-data"". Upload complete."
"2026-06-05T19:32:06.5024377Z","UPLOADED","..\..\R2_OFFLOAD_TEMP\hq_20260605T192909Z\raw_packages\2024_for_2025_harvest_results_2024_for_2025_black_bear_supplement\black_bear_statewide_history_1967_2000.csv","uoga-data","pipeline/R2_OFFLOAD/uploaded/harvest_quality_20260605_unzipped/raw_packages/2024_for_2025_harvest_results_2024_for_2025_black_bear_supplement/black_bear_statewide_history_1967_2000.csv","7932","9d7174148a71a57277d3f37e70984877678c354770ac3507edc3275181d52dd1","?? wrangler 4.95.0 (update available 4.98.0) ????????????????????????????????????????????? Resource location: remote   Creating object ""pipeline/R2_OFFLOAD/uploaded/harvest_quality_20260605_unzipped/raw_packages/2024_for_2025_harvest_results_2024_for_2025_black_bear_supplement/black_bear_statewide_history_1967_2000.csv"" in bucket ""uoga-data"". Upload complete."
"2026-06-05T19:32:08.4003549Z","UPLOADED","..\..\R2_OFFLOAD_TEMP\hq_20260605T192909Z\raw_packages\2024_for_2025_harvest_results_2024_for_2025_black_bear_supplement\black_bear_statewide_pursuit_2002_2024.csv","uoga-data","pipeline/R2_OFFLOAD/uploaded/harvest_quality_20260605_unzipped/raw_packages/2024_for_2025_harvest_results_2024_for_2025_black_bear_supplement/black_bear_statewide_pursuit_2002_2024.csv","5408","71d9571131b2a3ab6324e8972c1846133ac3c8875f83f83696ef8be4ab05c4e3","?? wrangler 4.95.0 (update available 4.98.0) ????????????????????????????????????????????? Resource location: remote   Creating object ""pipeline/R2_OFFLOAD/uploaded/harvest_quality_20260605_unzipped/raw_packages/2024_for_2025_harvest_results_2024_for_2025_black_bear_supplement/black_bear_statewide_pursuit_2002_2024.csv"" in bucket ""uoga-data"". Upload complete."
"2026-06-05T19:32:10.2880940Z","UPLOADED","..\..\R2_OFFLOAD_TEMP\hq_20260605T192909Z\raw_packages\2024_for_2025_harvest_results_2024_for_2025_black_bear_supplement\black_bear_supplement_report.json","uoga-data","pipeline/R2_OFFLOAD/uploaded/harvest_quality_20260605_unzipped/raw_packages/2024_for_2025_harvest_results_2024_for_2025_black_bear_supplement/black_bear_supplement_report.json","3125","21d1ef9a5197f5f167e403c5ce6b35d00d9a807b7f26d61d9b115e3c7dc10824","?? wrangler 4.95.0 (update available 4.98.0) ????????????????????????????????????????????? Resource location: remote   Creating object ""pipeline/R2_OFFLOAD/uploaded/harvest_quality_20260605_unzipped/raw_packages/2024_for_2025_harvest_results_2024_for_2025_black_bear_supplement/black_bear_supplement_report.json"" in bucket ""uoga-data"". Upload complete."
"2026-06-05T19:32:12.2511909Z","UPLOADED","..\..\R2_OFFLOAD_TEMP\hq_20260605T192909Z\raw_packages\2024_for_2025_harvest_results_2024_for_2025_black_bear_supplement\black_bear_supplement_report.md","uoga-data","pipeline/R2_OFFLOAD/uploaded/harvest_quality_20260605_unzipped/raw_packages/2024_for_2025_harvest_results_2024_for_2025_black_bear_supplement/black_bear_supplement_report.md","1557","39a3bfaa438379c45da100763176b36c7ccea8e66730ca9b4a54e2c0a2daf877","?? wrangler 4.95.0 (update available 4.98.0) ????????????????????????????????????????????? Resource location: remote   Creating object ""pipeline/R2_OFFLOAD/uploaded/harvest_quality_20260605_unzipped/raw_packages/2024_for_2025_harvest_results_2024_for_2025_black_bear_supplement/black_bear_supplement_report.md"" in bucket ""uoga-data"". Upload complete."
"2026-06-05T19:32:14.1000601Z","UPLOADED","..\..\R2_OFFLOAD_TEMP\hq_20260605T192909Z\raw_packages\2024_for_2025_harvest_results_2024_for_2025_black_bear_supplement\black_bear_supplement_summary.csv","uoga-data","pipeline/R2_OFFLOAD/uploaded/harvest_quality_20260605_unzipped/raw_packages/2024_for_2025_harvest_results_2024_for_2025_black_bear_supplement/black_bear_supplement_summary.csv","634","57dfd50e2bb7d10f4cf13f195dbc1e975b75ecfffc4d2b7f5d1084e1b4b09bba","?? wrangler 4.95.0 (update available 4.98.0) ????????????????????????????????????????????? Resource location: remote   Creating object ""pipeline/R2_OFFLOAD/uploaded/harvest_quality_20260605_unzipped/raw_packages/2024_for_2025_harvest_results_2024_for_2025_black_bear_supplement/black_bear_supplement_summary.csv"" in bucket ""uoga-data"". Upload complete."
"2026-06-05T19:32:15.9095644Z","UPLOADED","..\..\R2_OFFLOAD_TEMP\hq_20260605T192909Z\raw_packages\2024_for_2025_harvest_results_2024_for_2025_black_bear_supplement\black_bear_unit_harvest_2024.csv","uoga-data","pipeline/R2_OFFLOAD/uploaded/harvest_quality_20260605_unzipped/raw_packages/2024_for_2025_harvest_results_2024_for_2025_black_bear_supplement/black_bear_unit_harvest_2024.csv","5811","9418e49b4b9a08192c56b3c410a1231287463d476cb072b9628550a7a0e89ff9","?? wrangler 4.95.0 (update available 4.98.0) ????????????????????????????????????????????? Resource location: remote   Creating object ""pipeline/R2_OFFLOAD/uploaded/harvest_quality_20260605_unzipped/raw_packages/2024_for_2025_harvest_results_2024_for_2025_black_bear_supplement/black_bear_unit_harvest_2024.csv"" in bucket ""uoga-data"". Upload complete."
"2026-06-05T19:32:17.8769236Z","UPLOADED","..\..\R2_OFFLOAD_TEMP\hq_20260605T192909Z\raw_packages\2024_for_2025_harvest_results_2024_for_2025_black_bear_supplement\black_bear_unit_mortality_history_1990_2024.csv","uoga-data","pipeline/R2_OFFLOAD/uploaded/harvest_quality_20260605_unzipped/raw_packages/2024_for_2025_harvest_results_2024_for_2025_black_bear_supplement/black_bear_unit_mortality_history_1990_2024.csv","176340","5351b7138621ce02b916c33c224d6d2ad5af2835bf0f5c7b9ea089fb3438d333","?? wrangler 4.95.0 (update available 4.98.0) ????????????????????????????????????????????? Resource location: remote   Creating object ""pipeline/R2_OFFLOAD/uploaded/harvest_quality_20260605_unzipped/raw_packages/2024_for_2025_harvest_results_2024_for_2025_black_bear_supplement/black_bear_unit_mortality_history_1990_2024.csv"" in bucket ""uoga-data"". Upload complete."
"2026-06-05T19:32:19.8573109Z","UPLOADED","..\..\R2_OFFLOAD_TEMP\hq_20260605T192909Z\raw_packages\2024_for_2025_harvest_results_2024_for_2025_black_bear_supplement\harvest_quality_features_black_bear_2024_for_2025.csv","uoga-data","pipeline/R2_OFFLOAD/uploaded/harvest_quality_20260605_unzipped/raw_packages/2024_for_2025_harvest_results_2024_for_2025_black_bear_supplement/harvest_quality_features_black_bear_2024_for_2025.csv","5597","1550dad5b39dd1273ff13786bed05f225317ed9041e89a7e7ef64af2af8199b9","?? wrangler 4.95.0 (update available 4.98.0) ????????????????????????????????????????????? Resource location: remote   Creating object ""pipeline/R2_OFFLOAD/uploaded/harvest_quality_20260605_unzipped/raw_packages/2024_for_2025_harvest_results_2024_for_2025_black_bear_supplement/harvest_quality_features_black_bear_2024_for_2025.csv"" in bucket ""uoga-data"". Upload complete."
"2026-06-05T19:32:21.9073751Z","UPLOADED","..\..\R2_OFFLOAD_TEMP\hq_20260605T192909Z\raw_packages\2024_for_2025_harvest_results_2024_for_2025_black_bear_supplement\harvest_results_2024_for_2025_all_long_enhanced_v3.csv","uoga-data","pipeline/R2_OFFLOAD/uploaded/harvest_quality_20260605_unzipped/raw_packages/2024_for_2025_harvest_results_2024_for_2025_black_bear_supplement/harvest_results_2024_for_2025_all_long_enhanced_v3.csv","2002586","5ac1b151fcb1328ffbf45175c6d975cb91c3e7856392365593709b0466307dff","?? wrangler 4.95.0 (update available 4.98.0) ????????????????????????????????????????????? Resource location: remote   Creating object ""pipeline/R2_OFFLOAD/uploaded/harvest_quality_20260605_unzipped/raw_packages/2024_for_2025_harvest_results_2024_for_2025_black_bear_supplement/harvest_results_2024_for_2025_all_long_enhanced_v3.csv"" in bucket ""uoga-data"". Upload complete."
"2026-06-05T19:32:23.8550301Z","UPLOADED","..\..\R2_OFFLOAD_TEMP\hq_20260605T192909Z\raw_packages\2024_for_2025_harvest_results_2024_for_2025_black_bear_supplement\harvest_results_2024_for_2025_black_bear_supplement_long.csv","uoga-data","pipeline/R2_OFFLOAD/uploaded/harvest_quality_20260605_unzipped/raw_packages/2024_for_2025_harvest_results_2024_for_2025_black_bear_supplement/harvest_results_2024_for_2025_black_bear_supplement_long.csv","425410","1cf6872717f30078cf396a67cb5b3fe4daa878dab1714adfa3869d42f39288ad","?? wrangler 4.95.0 (update available 4.98.0) ????????????????????????????????????????????? Resource location: remote   Creating object ""pipeline/R2_OFFLOAD/uploaded/harvest_quality_20260605_unzipped/raw_packages/2024_for_2025_harvest_results_2024_for_2025_black_bear_supplement/harvest_results_2024_for_2025_black_bear_supplement_long.csv"" in bucket ""uoga-data"". Upload complete."
"2026-06-05T19:32:26.1756823Z","UPLOADED","..\..\R2_OFFLOAD_TEMP\hq_20260605T192909Z\raw_packages\2024_for_2025_harvest_results_2024_for_2025_black_bear_supplement\utah_harvest_results_2024_for_2025_black_bear_supplement.sqlite","uoga-data","pipeline/R2_OFFLOAD/uploaded/harvest_quality_20260605_unzipped/raw_packages/2024_for_2025_harvest_results_2024_for_2025_black_bear_supplement/utah_harvest_results_2024_for_2025_black_bear_supplement.sqlite","2723840","2d2416d7609b7788316a378238706723bfbf8c13f6c2c7947bcc253cb62c674b","?? wrangler 4.95.0 (update available 4.98.0) ????????????????????????????????????????????? Resource location: remote   Creating object ""pipeline/R2_OFFLOAD/uploaded/harvest_quality_20260605_unzipped/raw_packages/2024_for_2025_harvest_results_2024_for_2025_black_bear_supplement/utah_harvest_results_2024_for_2025_black_bear_supplement.sqlite"" in bucket ""uoga-data"". Upload complete."
"2026-06-05T19:32:28.2998841Z","UPLOADED","..\..\R2_OFFLOAD_TEMP\hq_20260605T192909Z\raw_packages\2024_for_2025_harvest_results_2024_for_2025_database\harvest_quality_features_by_hunt_code_2024_for_2025.csv","uoga-data","pipeline/R2_OFFLOAD/uploaded/harvest_quality_20260605_unzipped/raw_packages/2024_for_2025_harvest_results_2024_for_2025_database/harvest_quality_features_by_hunt_code_2024_for_2025.csv","137886","5dced714435a44cba48d6f66c382aa93dd3d5975d4b5a1e37b9b9c52035920c5","?? wrangler 4.95.0 (update available 4.98.0) ????????????????????????????????????????????? Resource location: remote   Creating object ""pipeline/R2_OFFLOAD/uploaded/harvest_quality_20260605_unzipped/raw_packages/2024_for_2025_harvest_results_2024_for_2025_database/harvest_quality_features_by_hunt_code_2024_for_2025.csv"" in bucket ""uoga-data"". Upload complete."
"2026-06-05T19:32:30.3655369Z","UPLOADED","..\..\R2_OFFLOAD_TEMP\hq_20260605T192909Z\raw_packages\2024_for_2025_harvest_results_2024_for_2025_database\harvest_results_2024_for_2025_all_long.csv","uoga-data","pipeline/R2_OFFLOAD/uploaded/harvest_quality_20260605_unzipped/raw_packages/2024_for_2025_harvest_results_2024_for_2025_database/harvest_results_2024_for_2025_all_long.csv","995021","3cb7c40624b8167ae67883c7db9cbbd4995887d7b6440ebd2e8cb7833f62e008","?? wrangler 4.95.0 (update available 4.98.0) ????????????????????????????????????????????? Resource location: remote   Creating object ""pipeline/R2_OFFLOAD/uploaded/harvest_quality_20260605_unzipped/raw_packages/2024_for_2025_harvest_results_2024_for_2025_database/harvest_results_2024_for_2025_all_long.csv"" in bucket ""uoga-data"". Upload complete."
"2026-06-05T19:32:32.2821924Z","UPLOADED","..\..\R2_OFFLOAD_TEMP\hq_20260605T192909Z\raw_packages\2024_for_2025_harvest_results_2024_for_2025_database\harvest_results_2024_for_2025_database_report.json","uoga-data","pipeline/R2_OFFLOAD/uploaded/harvest_quality_20260605_unzipped/raw_packages/2024_for_2025_harvest_results_2024_for_2025_database/harvest_results_2024_for_2025_database_report.json","5159","1a844fe8fbde4ce2f7a779957f4d73309f0683e3c03c33f933f1c07018420232","?? wrangler 4.95.0 (update available 4.98.0) ????????????????????????????????????????????? Resource location: remote   Creating object ""pipeline/R2_OFFLOAD/uploaded/harvest_quality_20260605_unzipped/raw_packages/2024_for_2025_harvest_results_2024_for_2025_database/harvest_results_2024_for_2025_database_report.json"" in bucket ""uoga-data"". Upload complete."
"2026-06-05T19:32:34.1622684Z","UPLOADED","..\..\R2_OFFLOAD_TEMP\hq_20260605T192909Z\raw_packages\2024_for_2025_harvest_results_2024_for_2025_database\harvest_results_2024_for_2025_database_report.md","uoga-data","pipeline/R2_OFFLOAD/uploaded/harvest_quality_20260605_unzipped/raw_packages/2024_for_2025_harvest_results_2024_for_2025_database/harvest_results_2024_for_2025_database_report.md","3050","7d66a6419af5c22b4201c79b7edfb87584a4cbdbd92e3ee0f8147c9c570b98c1","?? wrangler 4.95.0 (update available 4.98.0) ????????????????????????????????????????????? Resource location: remote   Creating object ""pipeline/R2_OFFLOAD/uploaded/harvest_quality_20260605_unzipped/raw_packages/2024_for_2025_harvest_results_2024_for_2025_database/harvest_results_2024_for_2025_database_report.md"" in bucket ""uoga-data"". Upload complete."
"2026-06-05T19:32:36.1168731Z","UPLOADED","..\..\R2_OFFLOAD_TEMP\hq_20260605T192909Z\raw_packages\2024_for_2025_harvest_results_2024_for_2025_database\harvest_results_2024_for_2025_hunt_code_keyed.csv","uoga-data","pipeline/R2_OFFLOAD/uploaded/harvest_quality_20260605_unzipped/raw_packages/2024_for_2025_harvest_results_2024_for_2025_database/harvest_results_2024_for_2025_hunt_code_keyed.csv","390319","624cdf383da10cf482f487c450bfaf88c9fc373cc188fefb7fbbcc73c8a8030a","?? wrangler 4.95.0 (update available 4.98.0) ????????????????????????????????????????????? Resource location: remote   Creating object ""pipeline/R2_OFFLOAD/uploaded/harvest_quality_20260605_unzipped/raw_packages/2024_for_2025_harvest_results_2024_for_2025_database/harvest_results_2024_for_2025_hunt_code_keyed.csv"" in bucket ""uoga-data"". Upload complete."
"2026-06-05T19:32:38.2032134Z","UPLOADED","..\..\R2_OFFLOAD_TEMP\hq_20260605T192909Z\raw_packages\2024_for_2025_harvest_results_2024_for_2025_database\harvest_results_2024_for_2025_source_inventory.csv","uoga-data","pipeline/R2_OFFLOAD/uploaded/harvest_quality_20260605_unzipped/raw_packages/2024_for_2025_harvest_results_2024_for_2025_database/harvest_results_2024_for_2025_source_inventory.csv","5048","e5b80f4a5fe5c13becbe2eb104bbb1d5dd2ea54a905d829117f9e6e8b458f52e","?? wrangler 4.95.0 (update available 4.98.0) ????????????????????????????????????????????? Resource location: remote   Creating object ""pipeline/R2_OFFLOAD/uploaded/harvest_quality_20260605_unzipped/raw_packages/2024_for_2025_harvest_results_2024_for_2025_database/harvest_results_2024_for_2025_source_inventory.csv"" in bucket ""uoga-data"". Upload complete."
"2026-06-05T19:32:40.0976093Z","UPLOADED","..\..\R2_OFFLOAD_TEMP\hq_20260605T192909Z\raw_packages\2024_for_2025_harvest_results_2024_for_2025_database\harvest_results_2024_for_2025_summary.csv","uoga-data","pipeline/R2_OFFLOAD/uploaded/harvest_quality_20260605_unzipped/raw_packages/2024_for_2025_harvest_results_2024_for_2025_database/harvest_results_2024_for_2025_summary.csv","496","0bfb8a4f423846326ea52ae70ed43510d74be49f74c89263d07043ffaf19e4e3","?? wrangler 4.95.0 (update available 4.98.0) ????????????????????????????????????????????? Resource location: remote   Creating object ""pipeline/R2_OFFLOAD/uploaded/harvest_quality_20260605_unzipped/raw_packages/2024_for_2025_harvest_results_2024_for_2025_database/harvest_results_2024_for_2025_summary.csv"" in bucket ""uoga-data"". Upload complete."
"2026-06-05T19:32:42.3160638Z","UPLOADED","..\..\R2_OFFLOAD_TEMP\hq_20260605T192909Z\raw_packages\2024_for_2025_harvest_results_2024_for_2025_database\harvest_unit_trend_rows_2024_for_2025.csv","uoga-data","pipeline/R2_OFFLOAD/uploaded/harvest_quality_20260605_unzipped/raw_packages/2024_for_2025_harvest_results_2024_for_2025_database/harvest_unit_trend_rows_2024_for_2025.csv","332849","ce69db7d0624521479a7dfcfb6b22c3f4097e85fdc022793d990839b036b58f3","?? wrangler 4.95.0 (update available 4.98.0) ????????????????????????????????????????????? Resource location: remote   Creating object ""pipeline/R2_OFFLOAD/uploaded/harvest_quality_20260605_unzipped/raw_packages/2024_for_2025_harvest_results_2024_for_2025_database/harvest_unit_trend_rows_2024_for_2025.csv"" in bucket ""uoga-data"". Upload complete."
"2026-06-05T19:32:44.5539037Z","UPLOADED","..\..\R2_OFFLOAD_TEMP\hq_20260605T192909Z\raw_packages\2024_for_2025_harvest_results_2024_for_2025_database\utah_harvest_results_2024_for_2025.sqlite","uoga-data","pipeline/R2_OFFLOAD/uploaded/harvest_quality_20260605_unzipped/raw_packages/2024_for_2025_harvest_results_2024_for_2025_database/utah_harvest_results_2024_for_2025.sqlite","1884160","29ddbb3121e60e47a01d52c39ac36ab9c088fb3377afb2bf1d6ba1fc4df7538a","?? wrangler 4.95.0 (update available 4.98.0) ????????????????????????????????????????????? Resource location: remote   Creating object ""pipeline/R2_OFFLOAD/uploaded/harvest_quality_20260605_unzipped/raw_packages/2024_for_2025_harvest_results_2024_for_2025_database/utah_harvest_results_2024_for_2025.sqlite"" in bucket ""uoga-data"". Upload complete."
"2026-06-05T19:32:46.5094763Z","UPLOADED","..\..\R2_OFFLOAD_TEMP\hq_20260605T192909Z\raw_packages\2024_for_2025_harvest_results_2024_for_2025_database\species\harvest_results_2024_for_2025_ANTLERLESS_DEER.csv","uoga-data","pipeline/R2_OFFLOAD/uploaded/harvest_quality_20260605_unzipped/raw_packages/2024_for_2025_harvest_results_2024_for_2025_database/species/harvest_results_2024_for_2025_ANTLERLESS_DEER.csv","18137","30866c5a5999db54ee0b4090ce75c96f7cffe77fe0007ba0a25d33c64293e689","?? wrangler 4.95.0 (update available 4.98.0) ????????????????????????????????????????????? Resource location: remote   Creating object ""pipeline/R2_OFFLOAD/uploaded/harvest_quality_20260605_unzipped/raw_packages/2024_for_2025_harvest_results_2024_for_2025_database/species/harvest_results_2024_for_2025_ANTLERLESS_DEER.csv"" in bucket ""uoga-data"". Upload complete."
"2026-06-05T19:32:48.4178110Z","UPLOADED","..\..\R2_OFFLOAD_TEMP\hq_20260605T192909Z\raw_packages\2024_for_2025_harvest_results_2024_for_2025_database\species\harvest_results_2024_for_2025_ANTLERLESS_ELK.csv","uoga-data","pipeline/R2_OFFLOAD/uploaded/harvest_quality_20260605_unzipped/raw_packages/2024_for_2025_harvest_results_2024_for_2025_database/species/harvest_results_2024_for_2025_ANTLERLESS_ELK.csv","320430","2d32991b070e7e3dd90f7a2cd2698d610568f12581221003ce7305f023485beb","?? wrangler 4.95.0 (update available 4.98.0) ????????????????????????????????????????????? Resource location: remote   Creating object ""pipeline/R2_OFFLOAD/uploaded/harvest_quality_20260605_unzipped/raw_packages/2024_for_2025_harvest_results_2024_for_2025_database/species/harvest_results_2024_for_2025_ANTLERLESS_ELK.csv"" in bucket ""uoga-data"". Upload complete."
"2026-06-05T19:32:50.4542126Z","UPLOADED","..\..\R2_OFFLOAD_TEMP\hq_20260605T192909Z\raw_packages\2024_for_2025_harvest_results_2024_for_2025_database\species\harvest_results_2024_for_2025_BISON.csv","uoga-data","pipeline/R2_OFFLOAD/uploaded/harvest_quality_20260605_unzipped/raw_packages/2024_for_2025_harvest_results_2024_for_2025_database/species/harvest_results_2024_for_2025_BISON.csv","6448","77adea997c1029d32fab4d0dfb7161c4c233bef43975c232cea342e008762ed4","?? wrangler 4.95.0 (update available 4.98.0) ????????????????????????????????????????????? Resource location: remote   Creating object ""pipeline/R2_OFFLOAD/uploaded/harvest_quality_20260605_unzipped/raw_packages/2024_for_2025_harvest_results_2024_for_2025_database/species/harvest_results_2024_for_2025_BISON.csv"" in bucket ""uoga-data"". Upload complete."
"2026-06-05T19:32:52.3291216Z","UPLOADED","..\..\R2_OFFLOAD_TEMP\hq_20260605T192909Z\raw_packages\2024_for_2025_harvest_results_2024_for_2025_database\species\harvest_results_2024_for_2025_BLACK_BEAR.csv","uoga-data","pipeline/R2_OFFLOAD/uploaded/harvest_quality_20260605_unzipped/raw_packages/2024_for_2025_harvest_results_2024_for_2025_database/species/harvest_results_2024_for_2025_BLACK_BEAR.csv","29012","f283316fcf2d8cdf816c0230b987f48a4791c60758ab5185e7153564c05c6497","?? wrangler 4.95.0 (update available 4.98.0) ????????????????????????????????????????????? Resource location: remote   Creating object ""pipeline/R2_OFFLOAD/uploaded/harvest_quality_20260605_unzipped/raw_packages/2024_for_2025_harvest_results_2024_for_2025_database/species/harvest_results_2024_for_2025_BLACK_BEAR.csv"" in bucket ""uoga-data"". Upload complete."
"2026-06-05T19:32:54.2442531Z","UPLOADED","..\..\R2_OFFLOAD_TEMP\hq_20260605T192909Z\raw_packages\2024_for_2025_harvest_results_2024_for_2025_database\species\harvest_results_2024_for_2025_DESERT_BIGHORN_SHEEP.csv","uoga-data","pipeline/R2_OFFLOAD/uploaded/harvest_quality_20260605_unzipped/raw_packages/2024_for_2025_harvest_results_2024_for_2025_database/species/harvest_results_2024_for_2025_DESERT_BIGHORN_SHEEP.csv","7600","3f944034ea18f09e2f19c0808070c8401ebc32ffe7384fdd0dccd853374263c2","?? wrangler 4.95.0 (update available 4.98.0) ????????????????????????????????????????????? Resource location: remote   Creating object ""pipeline/R2_OFFLOAD/uploaded/harvest_quality_20260605_unzipped/raw_packages/2024_for_2025_harvest_results_2024_for_2025_database/species/harvest_results_2024_for_2025_DESERT_BIGHORN_SHEEP.csv"" in bucket ""uoga-data"". Upload complete."
"2026-06-05T19:32:56.6558035Z","UPLOADED","..\..\R2_OFFLOAD_TEMP\hq_20260605T192909Z\raw_packages\2024_for_2025_harvest_results_2024_for_2025_database\species\harvest_results_2024_for_2025_ELK.csv","uoga-data","pipeline/R2_OFFLOAD/uploaded/harvest_quality_20260605_unzipped/raw_packages/2024_for_2025_harvest_results_2024_for_2025_database/species/harvest_results_2024_for_2025_ELK.csv","303793","9f98b3ec4a2586357a506d377d004b6e8dc59cca9a1e635ad3681ec93b84a1f3","?? wrangler 4.95.0 (update available 4.98.0) ????????????????????????????????????????????? Resource location: remote   Creating object ""pipeline/R2_OFFLOAD/uploaded/harvest_quality_20260605_unzipped/raw_packages/2024_for_2025_harvest_results_2024_for_2025_database/species/harvest_results_2024_for_2025_ELK.csv"" in bucket ""uoga-data"". Upload complete."
"2026-06-05T19:32:58.8145521Z","UPLOADED","..\..\R2_OFFLOAD_TEMP\hq_20260605T192909Z\raw_packages\2024_for_2025_harvest_results_2024_for_2025_database\species\harvest_results_2024_for_2025_MOOSE.csv","uoga-data","pipeline/R2_OFFLOAD/uploaded/harvest_quality_20260605_unzipped/raw_packages/2024_for_2025_harvest_results_2024_for_2025_database/species/harvest_results_2024_for_2025_MOOSE.csv","11876","392900e54085134ba6b136d0a0dcb1ea34cb015b1878f27ceb4707783aa7542e","?? wrangler 4.95.0 (update available 4.98.0) ????????????????????????????????????????????? Resource location: remote   Creating object ""pipeline/R2_OFFLOAD/uploaded/harvest_quality_20260605_unzipped/raw_packages/2024_for_2025_harvest_results_2024_for_2025_database/species/harvest_results_2024_for_2025_MOOSE.csv"" in bucket ""uoga-data"". Upload complete."
"2026-06-05T19:33:01.0225801Z","UPLOADED","..\..\R2_OFFLOAD_TEMP\hq_20260605T192909Z\raw_packages\2024_for_2025_harvest_results_2024_for_2025_database\species\harvest_results_2024_for_2025_MOUNTAIN_GOAT.csv","uoga-data","pipeline/R2_OFFLOAD/uploaded/harvest_quality_20260605_unzipped/raw_packages/2024_for_2025_harvest_results_2024_for_2025_database/species/harvest_results_2024_for_2025_MOUNTAIN_GOAT.csv","6386","0a8b2c19c4fa8a609db64affe3b1981ffc25a8ea8df69033b2b5c1b9c8d593dd","?? wrangler 4.95.0 (update available 4.98.0) ????????????????????????????????????????????? Resource location: remote   Creating object ""pipeline/R2_OFFLOAD/uploaded/harvest_quality_20260605_unzipped/raw_packages/2024_for_2025_harvest_results_2024_for_2025_database/species/harvest_results_2024_for_2025_MOUNTAIN_GOAT.csv"" in bucket ""uoga-data"". Upload complete."
"2026-06-05T19:33:03.4117668Z","UPLOADED","..\..\R2_OFFLOAD_TEMP\hq_20260605T192909Z\raw_packages\2024_for_2025_harvest_results_2024_for_2025_database\species\harvest_results_2024_for_2025_MULE_DEER.csv","uoga-data","pipeline/R2_OFFLOAD/uploaded/harvest_quality_20260605_unzipped/raw_packages/2024_for_2025_harvest_results_2024_for_2025_database/species/harvest_results_2024_for_2025_MULE_DEER.csv","228189","8a3656fa7b35a4c644ab578153f58235841d091c2aeb18a5adc22cc3f1e78e62","?? wrangler 4.95.0 (update available 4.98.0) ????????????????????????????????????????????? Resource location: remote   Creating object ""pipeline/R2_OFFLOAD/uploaded/harvest_quality_20260605_unzipped/raw_packages/2024_for_2025_harvest_results_2024_for_2025_database/species/harvest_results_2024_for_2025_MULE_DEER.csv"" in bucket ""uoga-data"". Upload complete."
"2026-06-05T19:33:05.9307974Z","UPLOADED","..\..\R2_OFFLOAD_TEMP\hq_20260605T192909Z\raw_packages\2024_for_2025_harvest_results_2024_for_2025_database\species\harvest_results_2024_for_2025_PRONGHORN.csv","uoga-data","pipeline/R2_OFFLOAD/uploaded/harvest_quality_20260605_unzipped/raw_packages/2024_for_2025_harvest_results_2024_for_2025_database/species/harvest_results_2024_for_2025_PRONGHORN.csv","60629","2c5baeda940eb86b606ab223681c78f3d357ffa8d937aed44b1e01c6a087b1ab","?? wrangler 4.95.0 (update available 4.98.0) ????????????????????????????????????????????? Resource location: remote   Creating object ""pipeline/R2_OFFLOAD/uploaded/harvest_quality_20260605_unzipped/raw_packages/2024_for_2025_harvest_results_2024_for_2025_database/species/harvest_results_2024_for_2025_PRONGHORN.csv"" in bucket ""uoga-data"". Upload complete."
"2026-06-05T19:33:08.1675560Z","UPLOADED","..\..\R2_OFFLOAD_TEMP\hq_20260605T192909Z\raw_packages\2024_for_2025_harvest_results_2024_for_2025_database\species\harvest_results_2024_for_2025_ROCKY_MOUNTAIN_BIGHORN_SHEEP.csv","uoga-data","pipeline/R2_OFFLOAD/uploaded/harvest_quality_20260605_unzipped/raw_packages/2024_for_2025_harvest_results_2024_for_2025_database/species/harvest_results_2024_for_2025_ROCKY_MOUNTAIN_BIGHORN_SHEEP.csv","7711","372e4a89e0b90f2f7a1962d25fa69207e972b172c91092b2dd93d740809570cf","?? wrangler 4.95.0 (update available 4.98.0) ????????????????????????????????????????????? Resource location: remote   Creating object ""pipeline/R2_OFFLOAD/uploaded/harvest_quality_20260605_unzipped/raw_packages/2024_for_2025_harvest_results_2024_for_2025_database/species/harvest_results_2024_for_2025_ROCKY_MOUNTAIN_BIGHORN_SHEEP.csv"" in bucket ""uoga-data"". Upload complete."
"2026-06-05T19:33:10.5808048Z","UPLOADED","..\..\R2_OFFLOAD_TEMP\hq_20260605T192909Z\raw_packages\2024_for_2025_harvest_results_2024_for_2025_elk_age_supplement\big_game_oil_hunt_number_harvest_supplement_2024.csv","uoga-data","pipeline/R2_OFFLOAD/uploaded/harvest_quality_20260605_unzipped/raw_packages/2024_for_2025_harvest_results_2024_for_2025_elk_age_supplement/big_game_oil_hunt_number_harvest_supplement_2024.csv","83556","21f251f387ba618eccafe0044491b5bf3748dcc701dd3966e9de4a5eae5a4442","?? wrangler 4.95.0 (update available 4.98.0) ????????????????????????????????????????????? Resource location: remote   Creating object ""pipeline/R2_OFFLOAD/uploaded/harvest_quality_20260605_unzipped/raw_packages/2024_for_2025_harvest_results_2024_for_2025_elk_age_supplement/big_game_oil_hunt_number_harvest_supplement_2024.csv"" in bucket ""uoga-data"". Upload complete."
"2026-06-05T19:33:12.7102449Z","UPLOADED","..\..\R2_OFFLOAD_TEMP\hq_20260605T192909Z\raw_packages\2024_for_2025_harvest_results_2024_for_2025_elk_age_supplement\elk_average_age_limited_entry_units_2015_2024.csv","uoga-data","pipeline/R2_OFFLOAD/uploaded/harvest_quality_20260605_unzipped/raw_packages/2024_for_2025_harvest_results_2024_for_2025_elk_age_supplement/elk_average_age_limited_entry_units_2015_2024.csv","6880","8f896e7360372b6498d1f8f4c720be02bf98340eadbae3ebba17f1bbc7ff5e50","?? wrangler 4.95.0 (update available 4.98.0) ????????????????????????????????????????????? Resource location: remote   Creating object ""pipeline/R2_OFFLOAD/uploaded/harvest_quality_20260605_unzipped/raw_packages/2024_for_2025_harvest_results_2024_for_2025_elk_age_supplement/elk_average_age_limited_entry_units_2015_2024.csv"" in bucket ""uoga-data"". Upload complete."
"2026-06-05T19:33:14.7111778Z","UPLOADED","..\..\R2_OFFLOAD_TEMP\hq_20260605T192909Z\raw_packages\2024_for_2025_harvest_results_2024_for_2025_elk_age_supplement\elk_general_season_harvest_additional_2024.csv","uoga-data","pipeline/R2_OFFLOAD/uploaded/harvest_quality_20260605_unzipped/raw_packages/2024_for_2025_harvest_results_2024_for_2025_elk_age_supplement/elk_general_season_harvest_additional_2024.csv","25598","fc4c1246b117db46669e7612116d5dfc0c7dfa0a10167b4b21a3e77dd1e0e603","?? wrangler 4.95.0 (update available 4.98.0) ????????????????????????????????????????????? Resource location: remote   Creating object ""pipeline/R2_OFFLOAD/uploaded/harvest_quality_20260605_unzipped/raw_packages/2024_for_2025_harvest_results_2024_for_2025_elk_age_supplement/elk_general_season_harvest_additional_2024.csv"" in bucket ""uoga-data"". Upload complete."
"2026-06-05T19:33:17.1837487Z","UPLOADED","..\..\R2_OFFLOAD_TEMP\hq_20260605T192909Z\raw_packages\2024_for_2025_harvest_results_2024_for_2025_elk_age_supplement\harvest_quality_features_elk_age_2024_for_2025.csv","uoga-data","pipeline/R2_OFFLOAD/uploaded/harvest_quality_20260605_unzipped/raw_packages/2024_for_2025_harvest_results_2024_for_2025_elk_age_supplement/harvest_quality_features_elk_age_2024_for_2025.csv","6641","cf54ecfd3119a809c84cc7414c4847343e242cc59c9e1c5fac3bb764fe5b324a","?? wrangler 4.95.0 (update available 4.98.0) ????????????????????????????????????????????? Resource location: remote   Creating object ""pipeline/R2_OFFLOAD/uploaded/harvest_quality_20260605_unzipped/raw_packages/2024_for_2025_harvest_results_2024_for_2025_elk_age_supplement/harvest_quality_features_elk_age_2024_for_2025.csv"" in bucket ""uoga-data"". Upload complete."
"2026-06-05T19:33:19.3396771Z","UPLOADED","..\..\R2_OFFLOAD_TEMP\hq_20260605T192909Z\raw_packages\2024_for_2025_harvest_results_2024_for_2025_elk_age_supplement\harvest_results_2024_for_2025_all_long_enhanced.csv","uoga-data","pipeline/R2_OFFLOAD/uploaded/harvest_quality_20260605_unzipped/raw_packages/2024_for_2025_harvest_results_2024_for_2025_elk_age_supplement/harvest_results_2024_for_2025_all_long_enhanced.csv","1047050","0b5c985b5cf5af28969ea5a23f0b49194f9a034d2db850813ff2a6def0ba86cb","?? wrangler 4.95.0 (update available 4.98.0) ????????????????????????????????????????????? Resource location: remote   Creating object ""pipeline/R2_OFFLOAD/uploaded/harvest_quality_20260605_unzipped/raw_packages/2024_for_2025_harvest_results_2024_for_2025_elk_age_supplement/harvest_results_2024_for_2025_all_long_enhanced.csv"" in bucket ""uoga-data"". Upload complete."
"2026-06-05T19:33:21.2792058Z","UPLOADED","..\..\R2_OFFLOAD_TEMP\hq_20260605T192909Z\raw_packages\2024_for_2025_harvest_results_2024_for_2025_elk_age_supplement\harvest_results_2024_for_2025_elk_age_supplement_report.json","uoga-data","pipeline/R2_OFFLOAD/uploaded/harvest_quality_20260605_unzipped/raw_packages/2024_for_2025_harvest_results_2024_for_2025_elk_age_supplement/harvest_results_2024_for_2025_elk_age_supplement_report.json","1075","965d0bf4d5fedabc8497afc74d5276619f366f890ef29d7fcf109a1ea01b2b23","?? wrangler 4.95.0 (update available 4.98.0) ????????????????????????????????????????????? Resource location: remote   Creating object ""pipeline/R2_OFFLOAD/uploaded/harvest_quality_20260605_unzipped/raw_packages/2024_for_2025_harvest_results_2024_for_2025_elk_age_supplement/harvest_results_2024_for_2025_elk_age_supplement_report.json"" in bucket ""uoga-data"". Upload complete."
"2026-06-05T19:33:23.1388105Z","UPLOADED","..\..\R2_OFFLOAD_TEMP\hq_20260605T192909Z\raw_packages\2024_for_2025_harvest_results_2024_for_2025_elk_age_supplement\harvest_results_2024_for_2025_elk_age_supplement_report.md","uoga-data","pipeline/R2_OFFLOAD/uploaded/harvest_quality_20260605_unzipped/raw_packages/2024_for_2025_harvest_results_2024_for_2025_elk_age_supplement/harvest_results_2024_for_2025_elk_age_supplement_report.md","651","4224c28c639bc05126fe30dbfda54b22c37ae4be67f80a8a86bb6a606dfbb4c2","?? wrangler 4.95.0 (update available 4.98.0) ????????????????????????????????????????????? Resource location: remote   Creating object ""pipeline/R2_OFFLOAD/uploaded/harvest_quality_20260605_unzipped/raw_packages/2024_for_2025_harvest_results_2024_for_2025_elk_age_supplement/harvest_results_2024_for_2025_elk_age_supplement_report.md"" in bucket ""uoga-data"". Upload complete."
"2026-06-05T19:33:25.4239132Z","UPLOADED","..\..\R2_OFFLOAD_TEMP\hq_20260605T192909Z\raw_packages\2024_for_2025_harvest_results_2024_for_2025_elk_age_supplement\utah_harvest_results_2024_for_2025_elk_age_supplement.sqlite","uoga-data","pipeline/R2_OFFLOAD/uploaded/harvest_quality_20260605_unzipped/raw_packages/2024_for_2025_harvest_results_2024_for_2025_elk_age_supplement/utah_harvest_results_2024_for_2025_elk_age_supplement.sqlite","1277952","e4a3e2e6ff4b83d05fb251a3efaf171592c3b435f9c2e202f4fe45b85ae5d6a3","?? wrangler 4.95.0 (update available 4.98.0) ????????????????????????????????????????????? Resource location: remote   Creating object ""pipeline/R2_OFFLOAD/uploaded/harvest_quality_20260605_unzipped/raw_packages/2024_for_2025_harvest_results_2024_for_2025_elk_age_supplement/utah_harvest_results_2024_for_2025_elk_age_supplement.sqlite"" in bucket ""uoga-data"". Upload complete."
"2026-06-05T19:33:27.4948156Z","UPLOADED","..\..\R2_OFFLOAD_TEMP\hq_20260605T192909Z\raw_packages\2024_for_2025_harvest_results_2024_for_2025_extra_oil_supplement\bison_oial_hunt_harvest_2024.csv","uoga-data","pipeline/R2_OFFLOAD/uploaded/harvest_quality_20260605_unzipped/raw_packages/2024_for_2025_harvest_results_2024_for_2025_extra_oil_supplement/bison_oial_hunt_harvest_2024.csv","4658","648803d7e34f86804be26ba85824605352134ab32f90468eedeb952f1181be62","?? wrangler 4.95.0 (update available 4.98.0) ????????????????????????????????????????????? Resource location: remote   Creating object ""pipeline/R2_OFFLOAD/uploaded/harvest_quality_20260605_unzipped/raw_packages/2024_for_2025_harvest_results_2024_for_2025_extra_oil_supplement/bison_oial_hunt_harvest_2024.csv"" in bucket ""uoga-data"". Upload complete."
"2026-06-05T19:33:29.6072798Z","UPLOADED","..\..\R2_OFFLOAD_TEMP\hq_20260605T192909Z\raw_packages\2024_for_2025_harvest_results_2024_for_2025_extra_oil_supplement\bison_statewide_1950_2024.csv","uoga-data","pipeline/R2_OFFLOAD/uploaded/harvest_quality_20260605_unzipped/raw_packages/2024_for_2025_harvest_results_2024_for_2025_extra_oil_supplement/bison_statewide_1950_2024.csv","12422","319703ce647ec0ec4328532aa32e30d765cb041845c3f7b2fc1ae1a5d5822675","?? wrangler 4.95.0 (update available 4.98.0) ????????????????????????????????????????????? Resource location: remote   Creating object ""pipeline/R2_OFFLOAD/uploaded/harvest_quality_20260605_unzipped/raw_packages/2024_for_2025_harvest_results_2024_for_2025_extra_oil_supplement/bison_statewide_1950_2024.csv"" in bucket ""uoga-data"". Upload complete."
"2026-06-05T19:33:31.4754172Z","UPLOADED","..\..\R2_OFFLOAD_TEMP\hq_20260605T192909Z\raw_packages\2024_for_2025_harvest_results_2024_for_2025_extra_oil_supplement\desert_bighorn_hunt_harvest_2024.csv","uoga-data","pipeline/R2_OFFLOAD/uploaded/harvest_quality_20260605_unzipped/raw_packages/2024_for_2025_harvest_results_2024_for_2025_extra_oil_supplement/desert_bighorn_hunt_harvest_2024.csv","5835","567e79d460983df3f504e326fc1117d9e34285719ccea555115df479bb0756da","?? wrangler 4.95.0 (update available 4.98.0) ????????????????????????????????????????????? Resource location: remote   Creating object ""pipeline/R2_OFFLOAD/uploaded/harvest_quality_20260605_unzipped/raw_packages/2024_for_2025_harvest_results_2024_for_2025_extra_oil_supplement/desert_bighorn_hunt_harvest_2024.csv"" in bucket ""uoga-data"". Upload complete."
"2026-06-05T19:33:33.6246036Z","UPLOADED","..\..\R2_OFFLOAD_TEMP\hq_20260605T192909Z\raw_packages\2024_for_2025_harvest_results_2024_for_2025_extra_oil_supplement\desert_bighorn_ram_harvest_by_unit_2015_2024.csv","uoga-data","pipeline/R2_OFFLOAD/uploaded/harvest_quality_20260605_unzipped/raw_packages/2024_for_2025_harvest_results_2024_for_2025_extra_oil_supplement/desert_bighorn_ram_harvest_by_unit_2015_2024.csv","43804","34d37a4e6fb5167b5389c55dcf0d9abaf64f49fe8ce4adb20a1f664e03bf3814","?? wrangler 4.95.0 (update available 4.98.0) ????????????????????????????????????????????? Resource location: remote   Creating object ""pipeline/R2_OFFLOAD/uploaded/harvest_quality_20260605_unzipped/raw_packages/2024_for_2025_harvest_results_2024_for_2025_extra_oil_supplement/desert_bighorn_ram_harvest_by_unit_2015_2024.csv"" in bucket ""uoga-data"". Upload complete."
"2026-06-05T19:33:35.5067451Z","UPLOADED","..\..\R2_OFFLOAD_TEMP\hq_20260605T192909Z\raw_packages\2024_for_2025_harvest_results_2024_for_2025_extra_oil_supplement\desert_bighorn_statewide_1967_2024.csv","uoga-data","pipeline/R2_OFFLOAD/uploaded/harvest_quality_20260605_unzipped/raw_packages/2024_for_2025_harvest_results_2024_for_2025_extra_oil_supplement/desert_bighorn_statewide_1967_2024.csv","11221","0e1c0d3ba59a77379d4668d10eae54b678b416d0102e8d79e4d5062f4c650707","?? wrangler 4.95.0 (update available 4.98.0) ????????????????????????????????????????????? Resource location: remote   Creating object ""pipeline/R2_OFFLOAD/uploaded/harvest_quality_20260605_unzipped/raw_packages/2024_for_2025_harvest_results_2024_for_2025_extra_oil_supplement/desert_bighorn_statewide_1967_2024.csv"" in bucket ""uoga-data"". Upload complete."
"2026-06-05T19:33:38.6936818Z","UPLOADED","..\..\R2_OFFLOAD_TEMP\hq_20260605T192909Z\raw_packages\2024_for_2025_harvest_results_2024_for_2025_extra_oil_supplement\desert_bighorn_trend_count_by_unit_2015_2024.csv","uoga-data","pipeline/R2_OFFLOAD/uploaded/harvest_quality_20260605_unzipped/raw_packages/2024_for_2025_harvest_results_2024_for_2025_extra_oil_supplement/desert_bighorn_trend_count_by_unit_2015_2024.csv","33077","3497435d7508913f95ca0293206a3ea5ea75aad0b3e96c63e0d35aa83e2994c6","?? wrangler 4.95.0 (update available 4.98.0) ????????????????????????????????????????????? Resource location: remote   Creating object ""pipeline/R2_OFFLOAD/uploaded/harvest_quality_20260605_unzipped/raw_packages/2024_for_2025_harvest_results_2024_for_2025_extra_oil_supplement/desert_bighorn_trend_count_by_unit_2015_2024.csv"" in bucket ""uoga-data"". Upload complete."
"2026-06-05T19:33:40.7939531Z","UPLOADED","..\..\R2_OFFLOAD_TEMP\hq_20260605T192909Z\raw_packages\2024_for_2025_harvest_results_2024_for_2025_extra_oil_supplement\harvest_quality_features_extra_oil_2024_for_2025.csv","uoga-data","pipeline/R2_OFFLOAD/uploaded/harvest_quality_20260605_unzipped/raw_packages/2024_for_2025_harvest_results_2024_for_2025_extra_oil_supplement/harvest_quality_features_extra_oil_2024_for_2025.csv","3527","23b9348cfbb1c1836fc0222771b0b21dd77e896d57862c980f9291548a1db1fb","?? wrangler 4.95.0 (update available 4.98.0) ????????????????????????????????????????????? Resource location: remote   Creating object ""pipeline/R2_OFFLOAD/uploaded/harvest_quality_20260605_unzipped/raw_packages/2024_for_2025_harvest_results_2024_for_2025_extra_oil_supplement/harvest_quality_features_extra_oil_2024_for_2025.csv"" in bucket ""uoga-data"". Upload complete."
"2026-06-05T19:33:42.9677392Z","UPLOADED","..\..\R2_OFFLOAD_TEMP\hq_20260605T192909Z\raw_packages\2024_for_2025_harvest_results_2024_for_2025_extra_oil_supplement\harvest_results_2024_for_2025_all_long_enhanced_v2.csv","uoga-data","pipeline/R2_OFFLOAD/uploaded/harvest_quality_20260605_unzipped/raw_packages/2024_for_2025_harvest_results_2024_for_2025_extra_oil_supplement/harvest_results_2024_for_2025_all_long_enhanced_v2.csv","1407512","b2825c015c9a2329dcf34f8e1fb63b444239b3a3ed541e31e61ac0c31920a1e4","?? wrangler 4.95.0 (update available 4.98.0) ????????????????????????????????????????????? Resource location: remote   Creating object ""pipeline/R2_OFFLOAD/uploaded/harvest_quality_20260605_unzipped/raw_packages/2024_for_2025_harvest_results_2024_for_2025_extra_oil_supplement/harvest_results_2024_for_2025_all_long_enhanced_v2.csv"" in bucket ""uoga-data"". Upload complete."
"2026-06-05T19:33:45.0304928Z","UPLOADED","..\..\R2_OFFLOAD_TEMP\hq_20260605T192909Z\raw_packages\2024_for_2025_harvest_results_2024_for_2025_extra_oil_supplement\harvest_results_2024_for_2025_extra_goat_bison_desert_sheep_long.csv","uoga-data","pipeline/R2_OFFLOAD/uploaded/harvest_quality_20260605_unzipped/raw_packages/2024_for_2025_harvest_results_2024_for_2025_extra_oil_supplement/harvest_results_2024_for_2025_extra_goat_bison_desert_sheep_long.csv","326299","5adef9727b52b161efae1f79b88c072c86f1ada13e8e9166448af3750a71afac","?? wrangler 4.95.0 (update available 4.98.0) ????????????????????????????????????????????? Resource location: remote   Creating object ""pipeline/R2_OFFLOAD/uploaded/harvest_quality_20260605_unzipped/raw_packages/2024_for_2025_harvest_results_2024_for_2025_extra_oil_supplement/harvest_results_2024_for_2025_extra_goat_bison_desert_sheep_long.csv"" in bucket ""uoga-data"". Upload complete."
"2026-06-05T19:33:46.9424756Z","UPLOADED","..\..\R2_OFFLOAD_TEMP\hq_20260605T192909Z\raw_packages\2024_for_2025_harvest_results_2024_for_2025_extra_oil_supplement\harvest_results_2024_for_2025_extra_oil_supplement_report.json","uoga-data","pipeline/R2_OFFLOAD/uploaded/harvest_quality_20260605_unzipped/raw_packages/2024_for_2025_harvest_results_2024_for_2025_extra_oil_supplement/harvest_results_2024_for_2025_extra_oil_supplement_report.json","1298","18f46cc1497a1b47a6c1080f118b37dd82829b20dd6810cbf0e58efa176af555","?? wrangler 4.95.0 (update available 4.98.0) ????????????????????????????????????????????? Resource location: remote   Creating object ""pipeline/R2_OFFLOAD/uploaded/harvest_quality_20260605_unzipped/raw_packages/2024_for_2025_harvest_results_2024_for_2025_extra_oil_supplement/harvest_results_2024_for_2025_extra_oil_supplement_report.json"" in bucket ""uoga-data"". Upload complete."
"2026-06-05T19:33:48.9036367Z","UPLOADED","..\..\R2_OFFLOAD_TEMP\hq_20260605T192909Z\raw_packages\2024_for_2025_harvest_results_2024_for_2025_extra_oil_supplement\harvest_results_2024_for_2025_extra_oil_supplement_report.md","uoga-data","pipeline/R2_OFFLOAD/uploaded/harvest_quality_20260605_unzipped/raw_packages/2024_for_2025_harvest_results_2024_for_2025_extra_oil_supplement/harvest_results_2024_for_2025_extra_oil_supplement_report.md","1068","157eb242fd865ff125e61d78e6ca27782ed35c28487fbb3b2c711fa7c235115a","?? wrangler 4.95.0 (update available 4.98.0) ????????????????????????????????????????????? Resource location: remote   Creating object ""pipeline/R2_OFFLOAD/uploaded/harvest_quality_20260605_unzipped/raw_packages/2024_for_2025_harvest_results_2024_for_2025_extra_oil_supplement/harvest_results_2024_for_2025_extra_oil_supplement_report.md"" in bucket ""uoga-data"". Upload complete."
"2026-06-05T19:33:51.6434225Z","UPLOADED","..\..\R2_OFFLOAD_TEMP\hq_20260605T192909Z\raw_packages\2024_for_2025_harvest_results_2024_for_2025_extra_oil_supplement\mountain_goat_billy_harvest_by_unit_2015_2024.csv","uoga-data","pipeline/R2_OFFLOAD/uploaded/harvest_quality_20260605_unzipped/raw_packages/2024_for_2025_harvest_results_2024_for_2025_extra_oil_supplement/mountain_goat_billy_harvest_by_unit_2015_2024.csv","34944","0683e49245b7e28ccf81306b08ff436c70a0787933b15367361a77c8c636eb47","?? wrangler 4.95.0 (update available 4.98.0) ????????????????????????????????????????????? Resource location: remote   Creating object ""pipeline/R2_OFFLOAD/uploaded/harvest_quality_20260605_unzipped/raw_packages/2024_for_2025_harvest_results_2024_for_2025_extra_oil_supplement/mountain_goat_billy_harvest_by_unit_2015_2024.csv"" in bucket ""uoga-data"". Upload complete."
"2026-06-05T19:33:53.7224238Z","UPLOADED","..\..\R2_OFFLOAD_TEMP\hq_20260605T192909Z\raw_packages\2024_for_2025_harvest_results_2024_for_2025_extra_oil_supplement\mountain_goat_hunt_harvest_2024.csv","uoga-data","pipeline/R2_OFFLOAD/uploaded/harvest_quality_20260605_unzipped/raw_packages/2024_for_2025_harvest_results_2024_for_2025_extra_oil_supplement/mountain_goat_hunt_harvest_2024.csv","4768","5c59dfd8d7583afcbed3d9e9641a31683ccbf9d64d721505c0bdd0571fd5eab2","?? wrangler 4.95.0 (update available 4.98.0) ????????????????????????????????????????????? Resource location: remote   Creating object ""pipeline/R2_OFFLOAD/uploaded/harvest_quality_20260605_unzipped/raw_packages/2024_for_2025_harvest_results_2024_for_2025_extra_oil_supplement/mountain_goat_hunt_harvest_2024.csv"" in bucket ""uoga-data"". Upload complete."
"2026-06-05T19:33:55.6283058Z","UPLOADED","..\..\R2_OFFLOAD_TEMP\hq_20260605T192909Z\raw_packages\2024_for_2025_harvest_results_2024_for_2025_extra_oil_supplement\mountain_goat_nanny_harvest_by_unit_2015_2024.csv","uoga-data","pipeline/R2_OFFLOAD/uploaded/harvest_quality_20260605_unzipped/raw_packages/2024_for_2025_harvest_results_2024_for_2025_extra_oil_supplement/mountain_goat_nanny_harvest_by_unit_2015_2024.csv","34750","15bd06a79a9eb6598e620ccc5b93370674ceefc7259b3d1da84be953184f5551","?? wrangler 4.95.0 (update available 4.98.0) ????????????????????????????????????????????? Resource location: remote   Creating object ""pipeline/R2_OFFLOAD/uploaded/harvest_quality_20260605_unzipped/raw_packages/2024_for_2025_harvest_results_2024_for_2025_extra_oil_supplement/mountain_goat_nanny_harvest_by_unit_2015_2024.csv"" in bucket ""uoga-data"". Upload complete."
"2026-06-05T19:33:58.0309961Z","UPLOADED","..\..\R2_OFFLOAD_TEMP\hq_20260605T192909Z\raw_packages\2024_for_2025_harvest_results_2024_for_2025_extra_oil_supplement\utah_harvest_results_2024_for_2025_extra_oil_supplement.sqlite","uoga-data","pipeline/R2_OFFLOAD/uploaded/harvest_quality_20260605_unzipped/raw_packages/2024_for_2025_harvest_results_2024_for_2025_extra_oil_supplement/utah_harvest_results_2024_for_2025_extra_oil_supplement.sqlite","1990656","364e4347c84015e0acce0c29e040c7de3838609380b33d790f754872d3fd9dd1","?? wrangler 4.95.0 (update available 4.98.0) ????????????????????????????????????????????? Resource location: remote   Creating object ""pipeline/R2_OFFLOAD/uploaded/harvest_quality_20260605_unzipped/raw_packages/2024_for_2025_harvest_results_2024_for_2025_extra_oil_supplement/utah_harvest_results_2024_for_2025_extra_oil_supplement.sqlite"" in bucket ""uoga-data"". Upload complete."
"2026-06-05T19:34:00.0992466Z","UPLOADED","..\..\R2_OFFLOAD_TEMP\hq_20260605T192909Z\raw_packages\2024_for_2025_turkey_harvest_results_2023_24_for_2025_database\turkey_harvest_results_2023_24_for_2025_all_long.csv","uoga-data","pipeline/R2_OFFLOAD/uploaded/harvest_quality_20260605_unzipped/raw_packages/2024_for_2025_turkey_harvest_results_2023_24_for_2025_database/turkey_harvest_results_2023_24_for_2025_all_long.csv","49039","ade198c8fa56e6b0f27b2d4b19b7ac1cc7bfc2088a6bc892db115413810ebcee","?? wrangler 4.95.0 (update available 4.98.0) ????????????????????????????????????????????? Resource location: remote   Creating object ""pipeline/R2_OFFLOAD/uploaded/harvest_quality_20260605_unzipped/raw_packages/2024_for_2025_turkey_harvest_results_2023_24_for_2025_database/turkey_harvest_results_2023_24_for_2025_all_long.csv"" in bucket ""uoga-data"". Upload complete."
"2026-06-05T19:34:02.3704104Z","UPLOADED","..\..\R2_OFFLOAD_TEMP\hq_20260605T192909Z\raw_packages\2024_for_2025_turkey_harvest_results_2023_24_for_2025_database\turkey_harvest_results_2023_24_for_2025_report.json","uoga-data","pipeline/R2_OFFLOAD/uploaded/harvest_quality_20260605_unzipped/raw_packages/2024_for_2025_turkey_harvest_results_2023_24_for_2025_database/turkey_harvest_results_2023_24_for_2025_report.json","3125","c5ce9d6d1a5401c1b70cb45062a0d4b0751c722ece9aeb4d95024f602563650b","?? wrangler 4.95.0 (update available 4.98.0) ????????????????????????????????????????????? Resource location: remote   Creating object ""pipeline/R2_OFFLOAD/uploaded/harvest_quality_20260605_unzipped/raw_packages/2024_for_2025_turkey_harvest_results_2023_24_for_2025_database/turkey_harvest_results_2023_24_for_2025_report.json"" in bucket ""uoga-data"". Upload complete."
"2026-06-05T19:34:04.2712339Z","UPLOADED","..\..\R2_OFFLOAD_TEMP\hq_20260605T192909Z\raw_packages\2024_for_2025_turkey_harvest_results_2023_24_for_2025_database\turkey_harvest_results_2023_24_for_2025_report.md","uoga-data","pipeline/R2_OFFLOAD/uploaded/harvest_quality_20260605_unzipped/raw_packages/2024_for_2025_turkey_harvest_results_2023_24_for_2025_database/turkey_harvest_results_2023_24_for_2025_report.md","2459","64d901ebc1592053b87cfaa50aec00a6fdf44b64f93a428cb68d92ba8d35f028","?? wrangler 4.95.0 (update available 4.98.0) ????????????????????????????????????????????? Resource location: remote   Creating object ""pipeline/R2_OFFLOAD/uploaded/harvest_quality_20260605_unzipped/raw_packages/2024_for_2025_turkey_harvest_results_2023_24_for_2025_database/turkey_harvest_results_2023_24_for_2025_report.md"" in bucket ""uoga-data"". Upload complete."
"2026-06-05T19:34:06.6904066Z","UPLOADED","..\..\R2_OFFLOAD_TEMP\hq_20260605T192909Z\raw_packages\2024_for_2025_turkey_harvest_results_2023_24_for_2025_database\turkey_harvest_results_2023_24_for_2025_summary.csv","uoga-data","pipeline/R2_OFFLOAD/uploaded/harvest_quality_20260605_unzipped/raw_packages/2024_for_2025_turkey_harvest_results_2023_24_for_2025_database/turkey_harvest_results_2023_24_for_2025_summary.csv","751","5f25f56d0b941dcfaf46def5b1ca64889e48f38b361b2d3fc7a60858434b9d09","?? wrangler 4.95.0 (update available 4.98.0) ????????????????????????????????????????????? Resource location: remote   Creating object ""pipeline/R2_OFFLOAD/uploaded/harvest_quality_20260605_unzipped/raw_packages/2024_for_2025_turkey_harvest_results_2023_24_for_2025_database/turkey_harvest_results_2023_24_for_2025_summary.csv"" in bucket ""uoga-data"". Upload complete."
"2026-06-05T19:34:08.4970521Z","UPLOADED","..\..\R2_OFFLOAD_TEMP\hq_20260605T192909Z\raw_packages\2024_for_2025_turkey_harvest_results_2023_24_for_2025_database\turkey_hunt_code_keyed_2024_for_2025.csv","uoga-data","pipeline/R2_OFFLOAD/uploaded/harvest_quality_20260605_unzipped/raw_packages/2024_for_2025_turkey_harvest_results_2023_24_for_2025_database/turkey_hunt_code_keyed_2024_for_2025.csv","2555","5dfc71474a29c7840fb82f6aed45fde7fdbd1ccead4e2589509af0eb68a94d6b","?? wrangler 4.95.0 (update available 4.98.0) ????????????????????????????????????????????? Resource location: remote   Creating object ""pipeline/R2_OFFLOAD/uploaded/harvest_quality_20260605_unzipped/raw_packages/2024_for_2025_turkey_harvest_results_2023_24_for_2025_database/turkey_hunt_code_keyed_2024_for_2025.csv"" in bucket ""uoga-data"". Upload complete."
"2026-06-05T19:34:10.4086548Z","UPLOADED","..\..\R2_OFFLOAD_TEMP\hq_20260605T192909Z\raw_packages\2024_for_2025_turkey_harvest_results_2023_24_for_2025_database\turkey_quality_features_2023_24_for_2025.csv","uoga-data","pipeline/R2_OFFLOAD/uploaded/harvest_quality_20260605_unzipped/raw_packages/2024_for_2025_turkey_harvest_results_2023_24_for_2025_database/turkey_quality_features_2023_24_for_2025.csv","35834","7bce1bea3a675c6fe10f68a31c97e48810799c3cb91a51cbf860035106ed36be","?? wrangler 4.95.0 (update available 4.98.0) ????????????????????????????????????????????? Resource location: remote   Creating object ""pipeline/R2_OFFLOAD/uploaded/harvest_quality_20260605_unzipped/raw_packages/2024_for_2025_turkey_harvest_results_2023_24_for_2025_database/turkey_quality_features_2023_24_for_2025.csv"" in bucket ""uoga-data"". Upload complete."
"2026-06-05T19:34:12.5034255Z","UPLOADED","..\..\R2_OFFLOAD_TEMP\hq_20260605T192909Z\raw_packages\2024_for_2025_turkey_harvest_results_2023_24_for_2025_database\utah_turkey_harvest_2023_24_for_2025.sqlite","uoga-data","pipeline/R2_OFFLOAD/uploaded/harvest_quality_20260605_unzipped/raw_packages/2024_for_2025_turkey_harvest_results_2023_24_for_2025_database/utah_turkey_harvest_2023_24_for_2025.sqlite","106496","c3280162aaa829dca0ecc44d19517dfbc7a1fe4c6db5e5903adc01f9361d867a","?? wrangler 4.95.0 (update available 4.98.0) ????????????????????????????????????????????? Resource location: remote   Creating object ""pipeline/R2_OFFLOAD/uploaded/harvest_quality_20260605_unzipped/raw_packages/2024_for_2025_turkey_harvest_results_2023_24_for_2025_database/utah_turkey_harvest_2023_24_for_2025.sqlite"" in bucket ""uoga-data"". Upload complete."
"2026-06-05T19:34:14.3112529Z","UPLOADED","..\..\R2_OFFLOAD_TEMP\hq_20260605T192909Z\raw_packages\2024_for_2026_turkey_harvest_results_2024_25_for_2026_database\turkey_harvest_results_2024_25_for_2026_database\turkey_fall_management_2024_by_region_area.csv","uoga-data","pipeline/R2_OFFLOAD/uploaded/harvest_quality_20260605_unzipped/raw_packages/2024_for_2026_turkey_harvest_results_2024_25_for_2026_database/turkey_harvest_results_2024_25_for_2026_database/turkey_fall_management_2024_by_region_area.csv","4521","0f9b7225895939218ce634da5a57e01380ac4ea5ab617f350e03cbc964718662","?? wrangler 4.95.0 (update available 4.98.0) ????????????????????????????????????????????? Resource location: remote   Creating object ""pipeline/R2_OFFLOAD/uploaded/harvest_quality_20260605_unzipped/raw_packages/2024_for_2026_turkey_harvest_results_2024_25_for_2026_database/turkey_harvest_results_2024_25_for_2026_database/turkey_fall_management_2024_by_region_area.csv"" in bucket ""uoga-data"". Upload complete."
"2026-06-05T19:34:16.3971528Z","UPLOADED","..\..\R2_OFFLOAD_TEMP\hq_20260605T192909Z\raw_packages\2024_for_2026_turkey_harvest_results_2024_25_for_2026_database\turkey_harvest_results_2024_25_for_2026_database\turkey_fall_management_statewide_history_2014_2024.csv","uoga-data","pipeline/R2_OFFLOAD/uploaded/harvest_quality_20260605_unzipped/raw_packages/2024_for_2026_turkey_harvest_results_2024_25_for_2026_database/turkey_harvest_results_2024_25_for_2026_database/turkey_fall_management_statewide_history_2014_2024.csv","2853","7ff8b6b12f55eb54ea1c9b2c8c663dcde483d746831f73bfc4e32e33bc5bd33b","?? wrangler 4.95.0 (update available 4.98.0) ????????????????????????????????????????????? Resource location: remote   Creating object ""pipeline/R2_OFFLOAD/uploaded/harvest_quality_20260605_unzipped/raw_packages/2024_for_2026_turkey_harvest_results_2024_25_for_2026_database/turkey_harvest_results_2024_25_for_2026_database/turkey_fall_management_statewide_history_2014_2024.csv"" in bucket ""uoga-data"". Upload complete."
"2026-06-05T19:34:18.2229596Z","UPLOADED","..\..\R2_OFFLOAD_TEMP\hq_20260605T192909Z\raw_packages\2024_for_2026_turkey_harvest_results_2024_25_for_2026_database\turkey_harvest_results_2024_25_for_2026_database\turkey_general_season_statewide_history_2010_2025.csv","uoga-data","pipeline/R2_OFFLOAD/uploaded/harvest_quality_20260605_unzipped/raw_packages/2024_for_2026_turkey_harvest_results_2024_25_for_2026_database/turkey_harvest_results_2024_25_for_2026_database/turkey_general_season_statewide_history_2010_2025.csv","4214","6842c37d5bd5022262606d28b5f372e743111d7ac078b6afb7957b3e79dbc936","?? wrangler 4.95.0 (update available 4.98.0) ????????????????????????????????????????????? Resource location: remote   Creating object ""pipeline/R2_OFFLOAD/uploaded/harvest_quality_20260605_unzipped/raw_packages/2024_for_2026_turkey_harvest_results_2024_25_for_2026_database/turkey_harvest_results_2024_25_for_2026_database/turkey_general_season_statewide_history_2010_2025.csv"" in bucket ""uoga-data"". Upload complete."
"2026-06-05T19:34:20.0518228Z","UPLOADED","..\..\R2_OFFLOAD_TEMP\hq_20260605T192909Z\raw_packages\2024_for_2026_turkey_harvest_results_2024_25_for_2026_database\turkey_harvest_results_2024_25_for_2026_database\turkey_harvest_results_2024_25_for_2026_all_long.csv","uoga-data","pipeline/R2_OFFLOAD/uploaded/harvest_quality_20260605_unzipped/raw_packages/2024_for_2026_turkey_harvest_results_2024_25_for_2026_database/turkey_harvest_results_2024_25_for_2026_database/turkey_harvest_results_2024_25_for_2026_all_long.csv","43632","83067f1f314cf9761075205f63e315344d26cb7b3c7a8ec6f71ae3198c73e496","?? wrangler 4.95.0 (update available 4.98.0) ????????????????????????????????????????????? Resource location: remote   Creating object ""pipeline/R2_OFFLOAD/uploaded/harvest_quality_20260605_unzipped/raw_packages/2024_for_2026_turkey_harvest_results_2024_25_for_2026_database/turkey_harvest_results_2024_25_for_2026_database/turkey_harvest_results_2024_25_for_2026_all_long.csv"" in bucket ""uoga-data"". Upload complete."
"2026-06-05T19:34:22.6971031Z","UPLOADED","..\..\R2_OFFLOAD_TEMP\hq_20260605T192909Z\raw_packages\2024_for_2026_turkey_harvest_results_2024_25_for_2026_database\turkey_harvest_results_2024_25_for_2026_database\turkey_harvest_results_2024_25_for_2026_report.json","uoga-data","pipeline/R2_OFFLOAD/uploaded/harvest_quality_20260605_unzipped/raw_packages/2024_for_2026_turkey_harvest_results_2024_25_for_2026_database/turkey_harvest_results_2024_25_for_2026_database/turkey_harvest_results_2024_25_for_2026_report.json","1579","1e510449ac7e02e0ae38bc37ccb7c467bac9fe24436df20de0841e4dc5d9238b","?? wrangler 4.95.0 (update available 4.98.0) ????????????????????????????????????????????? Resource location: remote   Creating object ""pipeline/R2_OFFLOAD/uploaded/harvest_quality_20260605_unzipped/raw_packages/2024_for_2026_turkey_harvest_results_2024_25_for_2026_database/turkey_harvest_results_2024_25_for_2026_database/turkey_harvest_results_2024_25_for_2026_report.json"" in bucket ""uoga-data"". Upload complete."
"2026-06-05T19:34:25.2170573Z","UPLOADED","..\..\R2_OFFLOAD_TEMP\hq_20260605T192909Z\raw_packages\2024_for_2026_turkey_harvest_results_2024_25_for_2026_database\turkey_harvest_results_2024_25_for_2026_database\turkey_harvest_results_2024_25_for_2026_report.md","uoga-data","pipeline/R2_OFFLOAD/uploaded/harvest_quality_20260605_unzipped/raw_packages/2024_for_2026_turkey_harvest_results_2024_25_for_2026_database/turkey_harvest_results_2024_25_for_2026_database/turkey_harvest_results_2024_25_for_2026_report.md","1457","ddb66581b386f8195a3997e86f1a056377c75c7765c27f9357b38857b9269c60","?? wrangler 4.95.0 (update available 4.98.0) ????????????????????????????????????????????? Resource location: remote   Creating object ""pipeline/R2_OFFLOAD/uploaded/harvest_quality_20260605_unzipped/raw_packages/2024_for_2026_turkey_harvest_results_2024_25_for_2026_database/turkey_harvest_results_2024_25_for_2026_database/turkey_harvest_results_2024_25_for_2026_report.md"" in bucket ""uoga-data"". Upload complete."
"2026-06-05T19:34:27.0472728Z","UPLOADED","..\..\R2_OFFLOAD_TEMP\hq_20260605T192909Z\raw_packages\2024_for_2026_turkey_harvest_results_2024_25_for_2026_database\turkey_harvest_results_2024_25_for_2026_database\turkey_harvest_results_2024_25_for_2026_summary.csv","uoga-data","pipeline/R2_OFFLOAD/uploaded/harvest_quality_20260605_unzipped/raw_packages/2024_for_2026_turkey_harvest_results_2024_25_for_2026_database/turkey_harvest_results_2024_25_for_2026_database/turkey_harvest_results_2024_25_for_2026_summary.csv","418","efee69613c330f63b6319c97c09382179cbfd78a6bfaeefedbbc2cf779f0c2c6","?? wrangler 4.95.0 (update available 4.98.0) ????????????????????????????????????????????? Resource location: remote   Creating object ""pipeline/R2_OFFLOAD/uploaded/harvest_quality_20260605_unzipped/raw_packages/2024_for_2026_turkey_harvest_results_2024_25_for_2026_database/turkey_harvest_results_2024_25_for_2026_database/turkey_harvest_results_2024_25_for_2026_summary.csv"" in bucket ""uoga-data"". Upload complete."
"2026-06-05T19:34:28.9081688Z","UPLOADED","..\..\R2_OFFLOAD_TEMP\hq_20260605T192909Z\raw_packages\2024_for_2026_turkey_harvest_results_2024_25_for_2026_database\turkey_harvest_results_2024_25_for_2026_database\turkey_hunt_code_keyed_2025_for_2026.csv","uoga-data","pipeline/R2_OFFLOAD/uploaded/harvest_quality_20260605_unzipped/raw_packages/2024_for_2026_turkey_harvest_results_2024_25_for_2026_database/turkey_harvest_results_2024_25_for_2026_database/turkey_hunt_code_keyed_2025_for_2026.csv","1578","09b285a3f93d7f0a7e8eafbe50c180b94fb93f89133e3fa1390314ecf5b98fc0","?? wrangler 4.95.0 (update available 4.98.0) ????????????????????????????????????????????? Resource location: remote   Creating object ""pipeline/R2_OFFLOAD/uploaded/harvest_quality_20260605_unzipped/raw_packages/2024_for_2026_turkey_harvest_results_2024_25_for_2026_database/turkey_harvest_results_2024_25_for_2026_database/turkey_hunt_code_keyed_2025_for_2026.csv"" in bucket ""uoga-data"". Upload complete."
"2026-06-05T19:34:30.9477134Z","UPLOADED","..\..\R2_OFFLOAD_TEMP\hq_20260605T192909Z\raw_packages\2024_for_2026_turkey_harvest_results_2024_25_for_2026_database\turkey_harvest_results_2024_25_for_2026_database\turkey_limited_entry_cwmu_statewide_history_1991_2025.csv","uoga-data","pipeline/R2_OFFLOAD/uploaded/harvest_quality_20260605_unzipped/raw_packages/2024_for_2026_turkey_harvest_results_2024_25_for_2026_database/turkey_harvest_results_2024_25_for_2026_database/turkey_limited_entry_cwmu_statewide_history_1991_2025.csv","9156","38ebf2cd4b99cb87c67d226d49fae6965e81698ef2c3e1681b7ddf160ec2cc38","?? wrangler 4.95.0 (update available 4.98.0) ????????????????????????????????????????????? Resource location: remote   Creating object ""pipeline/R2_OFFLOAD/uploaded/harvest_quality_20260605_unzipped/raw_packages/2024_for_2026_turkey_harvest_results_2024_25_for_2026_database/turkey_harvest_results_2024_25_for_2026_database/turkey_limited_entry_cwmu_statewide_history_1991_2025.csv"" in bucket ""uoga-data"". Upload complete."
"2026-06-05T19:34:32.8697147Z","UPLOADED","..\..\R2_OFFLOAD_TEMP\hq_20260605T192909Z\raw_packages\2024_for_2026_turkey_harvest_results_2024_25_for_2026_database\turkey_harvest_results_2024_25_for_2026_database\turkey_quality_features_2024_25_for_2026.csv","uoga-data","pipeline/R2_OFFLOAD/uploaded/harvest_quality_20260605_unzipped/raw_packages/2024_for_2026_turkey_harvest_results_2024_25_for_2026_database/turkey_harvest_results_2024_25_for_2026_database/turkey_quality_features_2024_25_for_2026.csv","26136","28dae3796c5002e922eca709b01329af5c4132e7f5b4c42b84bbeeb4681cb3b8","?? wrangler 4.95.0 (update available 4.98.0) ????????????????????????????????????????????? Resource location: remote   Creating object ""pipeline/R2_OFFLOAD/uploaded/harvest_quality_20260605_unzipped/raw_packages/2024_for_2026_turkey_harvest_results_2024_25_for_2026_database/turkey_harvest_results_2024_25_for_2026_database/turkey_quality_features_2024_25_for_2026.csv"" in bucket ""uoga-data"". Upload complete."
"2026-06-05T19:34:34.7468545Z","UPLOADED","..\..\R2_OFFLOAD_TEMP\hq_20260605T192909Z\raw_packages\2024_for_2026_turkey_harvest_results_2024_25_for_2026_database\turkey_harvest_results_2024_25_for_2026_database\turkey_spring_general_season_2025_by_region_county.csv","uoga-data","pipeline/R2_OFFLOAD/uploaded/harvest_quality_20260605_unzipped/raw_packages/2024_for_2026_turkey_harvest_results_2024_25_for_2026_database/turkey_harvest_results_2024_25_for_2026_database/turkey_spring_general_season_2025_by_region_county.csv","10432","cb78b05b25adbf4acaa24902f53ad0320a979f7ab967cebf5864f8f0e236afba","?? wrangler 4.95.0 (update available 4.98.0) ????????????????????????????????????????????? Resource location: remote   Creating object ""pipeline/R2_OFFLOAD/uploaded/harvest_quality_20260605_unzipped/raw_packages/2024_for_2026_turkey_harvest_results_2024_25_for_2026_database/turkey_harvest_results_2024_25_for_2026_database/turkey_spring_general_season_2025_by_region_county.csv"" in bucket ""uoga-data"". Upload complete."
"2026-06-05T19:34:37.1214131Z","UPLOADED","..\..\R2_OFFLOAD_TEMP\hq_20260605T192909Z\raw_packages\2024_for_2026_turkey_harvest_results_2024_25_for_2026_database\turkey_harvest_results_2024_25_for_2026_database\turkey_spring_limited_entry_cwmu_2025_by_hunt.csv","uoga-data","pipeline/R2_OFFLOAD/uploaded/harvest_quality_20260605_unzipped/raw_packages/2024_for_2026_turkey_harvest_results_2024_25_for_2026_database/turkey_harvest_results_2024_25_for_2026_database/turkey_spring_limited_entry_cwmu_2025_by_hunt.csv","2259","28b4941842bc235d7643de8a423d3310b51e60be5f56a644072a5f4450cd94f5","?? wrangler 4.95.0 (update available 4.98.0) ????????????????????????????????????????????? Resource location: remote   Creating object ""pipeline/R2_OFFLOAD/uploaded/harvest_quality_20260605_unzipped/raw_packages/2024_for_2026_turkey_harvest_results_2024_25_for_2026_database/turkey_harvest_results_2024_25_for_2026_database/turkey_spring_limited_entry_cwmu_2025_by_hunt.csv"" in bucket ""uoga-data"". Upload complete."
"2026-06-05T19:34:40.2306759Z","UPLOADED","..\..\R2_OFFLOAD_TEMP\hq_20260605T192909Z\raw_packages\2024_for_2026_turkey_harvest_results_2024_25_for_2026_database\turkey_harvest_results_2024_25_for_2026_database\turkey_youth_general_season_2025_by_region_county.csv","uoga-data","pipeline/R2_OFFLOAD/uploaded/harvest_quality_20260605_unzipped/raw_packages/2024_for_2026_turkey_harvest_results_2024_25_for_2026_database/turkey_harvest_results_2024_25_for_2026_database/turkey_youth_general_season_2025_by_region_county.csv","10461","98ed91be361f41bc8146c70a3d357cea9abe642c8252daec3e48716ac1fab3cb","?? wrangler 4.95.0 (update available 4.98.0) ????????????????????????????????????????????? Resource location: remote   Creating object ""pipeline/R2_OFFLOAD/uploaded/harvest_quality_20260605_unzipped/raw_packages/2024_for_2026_turkey_harvest_results_2024_25_for_2026_database/turkey_harvest_results_2024_25_for_2026_database/turkey_youth_general_season_2025_by_region_county.csv"" in bucket ""uoga-data"". Upload complete."
"2026-06-05T19:34:42.1461692Z","UPLOADED","..\..\R2_OFFLOAD_TEMP\hq_20260605T192909Z\raw_packages\2024_for_2026_turkey_harvest_results_2024_25_for_2026_database\turkey_harvest_results_2024_25_for_2026_database\utah_turkey_harvest_2024_25_for_2026.sqlite","uoga-data","pipeline/R2_OFFLOAD/uploaded/harvest_quality_20260605_unzipped/raw_packages/2024_for_2026_turkey_harvest_results_2024_25_for_2026_database/turkey_harvest_results_2024_25_for_2026_database/utah_turkey_harvest_2024_25_for_2026.sqlite","176128","22a4b1bc6a95f2651b7415ee30546261815b8e144393032a744c6ddd0911c4ea","?? wrangler 4.95.0 (update available 4.98.0) ????????????????????????????????????????????? Resource location: remote   Creating object ""pipeline/R2_OFFLOAD/uploaded/harvest_quality_20260605_unzipped/raw_packages/2024_for_2026_turkey_harvest_results_2024_25_for_2026_database/turkey_harvest_results_2024_25_for_2026_database/utah_turkey_harvest_2024_25_for_2026.sqlite"" in bucket ""uoga-data"". Upload complete."
"2026-06-05T19:34:44.1782608Z","UPLOADED","..\..\R2_OFFLOAD_TEMP\hq_20260605T192909Z\raw_packages\2025_for_2026_harvest_results_2025_for_2026_database\harvest_quality_features_by_hunt_code_2025_for_2026.csv","uoga-data","pipeline/R2_OFFLOAD/uploaded/harvest_quality_20260605_unzipped/raw_packages/2025_for_2026_harvest_results_2025_for_2026_database/harvest_quality_features_by_hunt_code_2025_for_2026.csv","313722","e2929f372a836a8c3fc939cf35c0620ff10ad5d2712e3670575677d367e0aae0","?? wrangler 4.95.0 (update available 4.98.0) ????????????????????????????????????????????? Resource location: remote   Creating object ""pipeline/R2_OFFLOAD/uploaded/harvest_quality_20260605_unzipped/raw_packages/2025_for_2026_harvest_results_2025_for_2026_database/harvest_quality_features_by_hunt_code_2025_for_2026.csv"" in bucket ""uoga-data"". Upload complete."
"2026-06-05T19:34:46.4423022Z","UPLOADED","..\..\R2_OFFLOAD_TEMP\hq_20260605T192909Z\raw_packages\2025_for_2026_harvest_results_2025_for_2026_database\harvest_results_2025_for_2026_all_long.csv","uoga-data","pipeline/R2_OFFLOAD/uploaded/harvest_quality_20260605_unzipped/raw_packages/2025_for_2026_harvest_results_2025_for_2026_database/harvest_results_2025_for_2026_all_long.csv","458510","037c928942011540418d0a300eafcb45919eacac2c72df2822a0865a0e275277","?? wrangler 4.95.0 (update available 4.98.0) ????????????????????????????????????????????? Resource location: remote   Creating object ""pipeline/R2_OFFLOAD/uploaded/harvest_quality_20260605_unzipped/raw_packages/2025_for_2026_harvest_results_2025_for_2026_database/harvest_results_2025_for_2026_all_long.csv"" in bucket ""uoga-data"". Upload complete."
"2026-06-05T19:34:48.2722406Z","UPLOADED","..\..\R2_OFFLOAD_TEMP\hq_20260605T192909Z\raw_packages\2025_for_2026_harvest_results_2025_for_2026_database\harvest_results_2025_for_2026_BISON_hunt_success.csv","uoga-data","pipeline/R2_OFFLOAD/uploaded/harvest_quality_20260605_unzipped/raw_packages/2025_for_2026_harvest_results_2025_for_2026_database/harvest_results_2025_for_2026_BISON_hunt_success.csv","7685","c5bdada7f16afe3e3ef60c110f2cfdb03b1493ebb7b90203709eaa46630d64ae","?? wrangler 4.95.0 (update available 4.98.0) ????????????????????????????????????????????? Resource location: remote   Creating object ""pipeline/R2_OFFLOAD/uploaded/harvest_quality_20260605_unzipped/raw_packages/2025_for_2026_harvest_results_2025_for_2026_database/harvest_results_2025_for_2026_BISON_hunt_success.csv"" in bucket ""uoga-data"". Upload complete."
"2026-06-05T19:34:50.0898930Z","UPLOADED","..\..\R2_OFFLOAD_TEMP\hq_20260605T192909Z\raw_packages\2025_for_2026_harvest_results_2025_for_2026_database\harvest_results_2025_for_2026_database_report.json","uoga-data","pipeline/R2_OFFLOAD/uploaded/harvest_quality_20260605_unzipped/raw_packages/2025_for_2026_harvest_results_2025_for_2026_database/harvest_results_2025_for_2026_database_report.json","2511","a339d4f627992b629600859ba792f32e1d60cba47bc67a48671f267abffad6fc","?? wrangler 4.95.0 (update available 4.98.0) ????????????????????????????????????????????? Resource location: remote   Creating object ""pipeline/R2_OFFLOAD/uploaded/harvest_quality_20260605_unzipped/raw_packages/2025_for_2026_harvest_results_2025_for_2026_database/harvest_results_2025_for_2026_database_report.json"" in bucket ""uoga-data"". Upload complete."
"2026-06-05T19:34:51.9116723Z","UPLOADED","..\..\R2_OFFLOAD_TEMP\hq_20260605T192909Z\raw_packages\2025_for_2026_harvest_results_2025_for_2026_database\harvest_results_2025_for_2026_database_report.md","uoga-data","pipeline/R2_OFFLOAD/uploaded/harvest_quality_20260605_unzipped/raw_packages/2025_for_2026_harvest_results_2025_for_2026_database/harvest_results_2025_for_2026_database_report.md","1006","c72e5bb801ad11b291ccaadd1521dcba6bb9630935d9c1a48a48f7dc38500c69","?? wrangler 4.95.0 (update available 4.98.0) ????????????????????????????????????????????? Resource location: remote   Creating object ""pipeline/R2_OFFLOAD/uploaded/harvest_quality_20260605_unzipped/raw_packages/2025_for_2026_harvest_results_2025_for_2026_database/harvest_results_2025_for_2026_database_report.md"" in bucket ""uoga-data"". Upload complete."
"2026-06-05T19:34:53.8275397Z","UPLOADED","..\..\R2_OFFLOAD_TEMP\hq_20260605T192909Z\raw_packages\2025_for_2026_harvest_results_2025_for_2026_database\harvest_results_2025_for_2026_DEER_hunt_success.csv","uoga-data","pipeline/R2_OFFLOAD/uploaded/harvest_quality_20260605_unzipped/raw_packages/2025_for_2026_harvest_results_2025_for_2026_database/harvest_results_2025_for_2026_DEER_hunt_success.csv","170444","9b2183a7fb69783950c81ad0afa2bcf16ce8be80b275c0ac4579a773f85e58c4","?? wrangler 4.95.0 (update available 4.98.0) ????????????????????????????????????????????? Resource location: remote   Creating object ""pipeline/R2_OFFLOAD/uploaded/harvest_quality_20260605_unzipped/raw_packages/2025_for_2026_harvest_results_2025_for_2026_database/harvest_results_2025_for_2026_DEER_hunt_success.csv"" in bucket ""uoga-data"". Upload complete."
"2026-06-05T19:34:56.1584568Z","UPLOADED","..\..\R2_OFFLOAD_TEMP\hq_20260605T192909Z\raw_packages\2025_for_2026_harvest_results_2025_for_2026_database\harvest_results_2025_for_2026_DESERT_BIGHORN_SHEEP_hunt_success.csv","uoga-data","pipeline/R2_OFFLOAD/uploaded/harvest_quality_20260605_unzipped/raw_packages/2025_for_2026_harvest_results_2025_for_2026_database/harvest_results_2025_for_2026_DESERT_BIGHORN_SHEEP_hunt_success.csv","10857","d86820b030b0d129e73a1a2f592d87d63f2e834119e4962001d75f147c1a7721","?? wrangler 4.95.0 (update available 4.98.0) ????????????????????????????????????????????? Resource location: remote   Creating object ""pipeline/R2_OFFLOAD/uploaded/harvest_quality_20260605_unzipped/raw_packages/2025_for_2026_harvest_results_2025_for_2026_database/harvest_results_2025_for_2026_DESERT_BIGHORN_SHEEP_hunt_success.csv"" in bucket ""uoga-data"". Upload complete."
"2026-06-05T19:34:58.0912218Z","UPLOADED","..\..\R2_OFFLOAD_TEMP\hq_20260605T192909Z\raw_packages\2025_for_2026_harvest_results_2025_for_2026_database\harvest_results_2025_for_2026_ELK_hunt_success.csv","uoga-data","pipeline/R2_OFFLOAD/uploaded/harvest_quality_20260605_unzipped/raw_packages/2025_for_2026_harvest_results_2025_for_2026_database/harvest_results_2025_for_2026_ELK_hunt_success.csv","186507","4e2c1735eac2701bb8474e095cf73681e7209d71d255378b3ab944e5316523c4","?? wrangler 4.95.0 (update available 4.98.0) ????????????????????????????????????????????? Resource location: remote   Creating object ""pipeline/R2_OFFLOAD/uploaded/harvest_quality_20260605_unzipped/raw_packages/2025_for_2026_harvest_results_2025_for_2026_database/harvest_results_2025_for_2026_ELK_hunt_success.csv"" in bucket ""uoga-data"". Upload complete."
"2026-06-05T19:35:00.1039441Z","UPLOADED","..\..\R2_OFFLOAD_TEMP\hq_20260605T192909Z\raw_packages\2025_for_2026_harvest_results_2025_for_2026_database\harvest_results_2025_for_2026_hunt_code_keyed.csv","uoga-data","pipeline/R2_OFFLOAD/uploaded/harvest_quality_20260605_unzipped/raw_packages/2025_for_2026_harvest_results_2025_for_2026_database/harvest_results_2025_for_2026_hunt_code_keyed.csv","458510","037c928942011540418d0a300eafcb45919eacac2c72df2822a0865a0e275277","?? wrangler 4.95.0 (update available 4.98.0) ????????????????????????????????????????????? Resource location: remote   Creating object ""pipeline/R2_OFFLOAD/uploaded/harvest_quality_20260605_unzipped/raw_packages/2025_for_2026_harvest_results_2025_for_2026_database/harvest_results_2025_for_2026_hunt_code_keyed.csv"" in bucket ""uoga-data"". Upload complete."
"2026-06-05T19:35:03.8333547Z","UPLOADED","..\..\R2_OFFLOAD_TEMP\hq_20260605T192909Z\raw_packages\2025_for_2026_harvest_results_2025_for_2026_database\harvest_results_2025_for_2026_MOOSE_hunt_success.csv","uoga-data","pipeline/R2_OFFLOAD/uploaded/harvest_quality_20260605_unzipped/raw_packages/2025_for_2026_harvest_results_2025_for_2026_database/harvest_results_2025_for_2026_MOOSE_hunt_success.csv","17926","c5c54171bd2c450498221d727bd8189fca1131190092550c72b5b0635e8e3413","?? wrangler 4.95.0 (update available 4.98.0) ????????????????????????????????????????????? Resource location: remote   Creating object ""pipeline/R2_OFFLOAD/uploaded/harvest_quality_20260605_unzipped/raw_packages/2025_for_2026_harvest_results_2025_for_2026_database/harvest_results_2025_for_2026_MOOSE_hunt_success.csv"" in bucket ""uoga-data"". Upload complete."
"2026-06-05T19:35:05.8539885Z","UPLOADED","..\..\R2_OFFLOAD_TEMP\hq_20260605T192909Z\raw_packages\2025_for_2026_harvest_results_2025_for_2026_database\harvest_results_2025_for_2026_MOUNTAIN_GOAT_hunt_success.csv","uoga-data","pipeline/R2_OFFLOAD/uploaded/harvest_quality_20260605_unzipped/raw_packages/2025_for_2026_harvest_results_2025_for_2026_database/harvest_results_2025_for_2026_MOUNTAIN_GOAT_hunt_success.csv","7802","5712bc17897827ea74610560adcae74701d859e8cb90dc238599474e6379b73b","?? wrangler 4.95.0 (update available 4.98.0) ????????????????????????????????????????????? Resource location: remote   Creating object ""pipeline/R2_OFFLOAD/uploaded/harvest_quality_20260605_unzipped/raw_packages/2025_for_2026_harvest_results_2025_for_2026_database/harvest_results_2025_for_2026_MOUNTAIN_GOAT_hunt_success.csv"" in bucket ""uoga-data"". Upload complete."
"2026-06-05T19:35:08.3453665Z","UPLOADED","..\..\R2_OFFLOAD_TEMP\hq_20260605T192909Z\raw_packages\2025_for_2026_harvest_results_2025_for_2026_database\harvest_results_2025_for_2026_PRONGHORN_hunt_success.csv","uoga-data","pipeline/R2_OFFLOAD/uploaded/harvest_quality_20260605_unzipped/raw_packages/2025_for_2026_harvest_results_2025_for_2026_database/harvest_results_2025_for_2026_PRONGHORN_hunt_success.csv","50440","38751d0436d8f12a5b5edd969e9c0dfaca7f7277f1e1921aa6cdfa1d1bf32941","?? wrangler 4.95.0 (update available 4.98.0) ????????????????????????????????????????????? Resource location: remote   Creating object ""pipeline/R2_OFFLOAD/uploaded/harvest_quality_20260605_unzipped/raw_packages/2025_for_2026_harvest_results_2025_for_2026_database/harvest_results_2025_for_2026_PRONGHORN_hunt_success.csv"" in bucket ""uoga-data"". Upload complete."
"2026-06-05T19:35:10.3840544Z","UPLOADED","..\..\R2_OFFLOAD_TEMP\hq_20260605T192909Z\raw_packages\2025_for_2026_harvest_results_2025_for_2026_database\harvest_results_2025_for_2026_ROCKY_MOUNTAIN_BIGHORN_SHEEP_hunt_success.csv","uoga-data","pipeline/R2_OFFLOAD/uploaded/harvest_quality_20260605_unzipped/raw_packages/2025_for_2026_harvest_results_2025_for_2026_database/harvest_results_2025_for_2026_ROCKY_MOUNTAIN_BIGHORN_SHEEP_hunt_success.csv","9425","71d762f98e44c93e8730e52873f2dee0e5e13de7e1618b50ea43b6bf6875d917","?? wrangler 4.95.0 (update available 4.98.0) ????????????????????????????????????????????? Resource location: remote   Creating object ""pipeline/R2_OFFLOAD/uploaded/harvest_quality_20260605_unzipped/raw_packages/2025_for_2026_harvest_results_2025_for_2026_database/harvest_results_2025_for_2026_ROCKY_MOUNTAIN_BIGHORN_SHEEP_hunt_success.csv"" in bucket ""uoga-data"". Upload complete."
"2026-06-05T19:35:12.6486115Z","UPLOADED","..\..\R2_OFFLOAD_TEMP\hq_20260605T192909Z\raw_packages\2025_for_2026_harvest_results_2025_for_2026_database\harvest_results_2025_for_2026_source_inventory.csv","uoga-data","pipeline/R2_OFFLOAD/uploaded/harvest_quality_20260605_unzipped/raw_packages/2025_for_2026_harvest_results_2025_for_2026_database/harvest_results_2025_for_2026_source_inventory.csv","487","dc85add8f89be9180fd53a2fac300da79285141d8b31965941ae26c3b5917bc8","?? wrangler 4.95.0 (update available 4.98.0) ????????????????????????????????????????????? Resource location: remote   Creating object ""pipeline/R2_OFFLOAD/uploaded/harvest_quality_20260605_unzipped/raw_packages/2025_for_2026_harvest_results_2025_for_2026_database/harvest_results_2025_for_2026_source_inventory.csv"" in bucket ""uoga-data"". Upload complete."
"2026-06-05T19:35:14.7607221Z","UPLOADED","..\..\R2_OFFLOAD_TEMP\hq_20260605T192909Z\raw_packages\2025_for_2026_harvest_results_2025_for_2026_database\harvest_results_2025_for_2026_summary.csv","uoga-data","pipeline/R2_OFFLOAD/uploaded/harvest_quality_20260605_unzipped/raw_packages/2025_for_2026_harvest_results_2025_for_2026_database/harvest_results_2025_for_2026_summary.csv","2083","8b7ee0341f0c68d662cfbd711748407b4af04d93935630b9f56fbd2d6e64bba0","?? wrangler 4.95.0 (update available 4.98.0) ????????????????????????????????????????????? Resource location: remote   Creating object ""pipeline/R2_OFFLOAD/uploaded/harvest_quality_20260605_unzipped/raw_packages/2025_for_2026_harvest_results_2025_for_2026_database/harvest_results_2025_for_2026_summary.csv"" in bucket ""uoga-data"". Upload complete."
"2026-06-05T19:35:17.1158214Z","UPLOADED","..\..\R2_OFFLOAD_TEMP\hq_20260605T192909Z\raw_packages\2025_for_2026_harvest_results_2025_for_2026_database\utah_harvest_results_2025_for_2026.sqlite","uoga-data","pipeline/R2_OFFLOAD/uploaded/harvest_quality_20260605_unzipped/raw_packages/2025_for_2026_harvest_results_2025_for_2026_database/utah_harvest_results_2025_for_2026.sqlite","1351680","d5d7042242001b526ebfb8a524dd3af5924cdab6c1082b3b6c158c2e2b390d7c","?? wrangler 4.95.0 (update available 4.98.0) ????????????????????????????????????????????? Resource location: remote   Creating object ""pipeline/R2_OFFLOAD/uploaded/harvest_quality_20260605_unzipped/raw_packages/2025_for_2026_harvest_results_2025_for_2026_database/utah_harvest_results_2025_for_2026.sqlite"" in bucket ""uoga-data"". Upload complete."
"2026-06-05T19:35:19.0609142Z","UPLOADED","..\..\R2_OFFLOAD_TEMP\hq_20260605T192909Z\raw_packages\2025_for_2026_turkey_harvest_results_2024_25_for_2026_database\turkey_fall_management_2024_by_region_area.csv","uoga-data","pipeline/R2_OFFLOAD/uploaded/harvest_quality_20260605_unzipped/raw_packages/2025_for_2026_turkey_harvest_results_2024_25_for_2026_database/turkey_fall_management_2024_by_region_area.csv","4521","0f9b7225895939218ce634da5a57e01380ac4ea5ab617f350e03cbc964718662","?? wrangler 4.95.0 (update available 4.98.0) ????????????????????????????????????????????? Resource location: remote   Creating object ""pipeline/R2_OFFLOAD/uploaded/harvest_quality_20260605_unzipped/raw_packages/2025_for_2026_turkey_harvest_results_2024_25_for_2026_database/turkey_fall_management_2024_by_region_area.csv"" in bucket ""uoga-data"". Upload complete."
"2026-06-05T19:35:20.8622629Z","UPLOADED","..\..\R2_OFFLOAD_TEMP\hq_20260605T192909Z\raw_packages\2025_for_2026_turkey_harvest_results_2024_25_for_2026_database\turkey_fall_management_statewide_history_2014_2024.csv","uoga-data","pipeline/R2_OFFLOAD/uploaded/harvest_quality_20260605_unzipped/raw_packages/2025_for_2026_turkey_harvest_results_2024_25_for_2026_database/turkey_fall_management_statewide_history_2014_2024.csv","2853","7ff8b6b12f55eb54ea1c9b2c8c663dcde483d746831f73bfc4e32e33bc5bd33b","?? wrangler 4.95.0 (update available 4.98.0) ????????????????????????????????????????????? Resource location: remote   Creating object ""pipeline/R2_OFFLOAD/uploaded/harvest_quality_20260605_unzipped/raw_packages/2025_for_2026_turkey_harvest_results_2024_25_for_2026_database/turkey_fall_management_statewide_history_2014_2024.csv"" in bucket ""uoga-data"". Upload complete."
"2026-06-05T19:35:22.7997335Z","UPLOADED","..\..\R2_OFFLOAD_TEMP\hq_20260605T192909Z\raw_packages\2025_for_2026_turkey_harvest_results_2024_25_for_2026_database\turkey_general_season_statewide_history_2010_2025.csv","uoga-data","pipeline/R2_OFFLOAD/uploaded/harvest_quality_20260605_unzipped/raw_packages/2025_for_2026_turkey_harvest_results_2024_25_for_2026_database/turkey_general_season_statewide_history_2010_2025.csv","4214","6842c37d5bd5022262606d28b5f372e743111d7ac078b6afb7957b3e79dbc936","?? wrangler 4.95.0 (update available 4.98.0) ????????????????????????????????????????????? Resource location: remote   Creating object ""pipeline/R2_OFFLOAD/uploaded/harvest_quality_20260605_unzipped/raw_packages/2025_for_2026_turkey_harvest_results_2024_25_for_2026_database/turkey_general_season_statewide_history_2010_2025.csv"" in bucket ""uoga-data"". Upload complete."
"2026-06-05T19:35:24.7463679Z","UPLOADED","..\..\R2_OFFLOAD_TEMP\hq_20260605T192909Z\raw_packages\2025_for_2026_turkey_harvest_results_2024_25_for_2026_database\turkey_harvest_results_2024_25_for_2026_all_long.csv","uoga-data","pipeline/R2_OFFLOAD/uploaded/harvest_quality_20260605_unzipped/raw_packages/2025_for_2026_turkey_harvest_results_2024_25_for_2026_database/turkey_harvest_results_2024_25_for_2026_all_long.csv","43632","83067f1f314cf9761075205f63e315344d26cb7b3c7a8ec6f71ae3198c73e496","?? wrangler 4.95.0 (update available 4.98.0) ????????????????????????????????????????????? Resource location: remote   Creating object ""pipeline/R2_OFFLOAD/uploaded/harvest_quality_20260605_unzipped/raw_packages/2025_for_2026_turkey_harvest_results_2024_25_for_2026_database/turkey_harvest_results_2024_25_for_2026_all_long.csv"" in bucket ""uoga-data"". Upload complete."
"2026-06-05T19:35:26.6917407Z","UPLOADED","..\..\R2_OFFLOAD_TEMP\hq_20260605T192909Z\raw_packages\2025_for_2026_turkey_harvest_results_2024_25_for_2026_database\turkey_harvest_results_2024_25_for_2026_report.json","uoga-data","pipeline/R2_OFFLOAD/uploaded/harvest_quality_20260605_unzipped/raw_packages/2025_for_2026_turkey_harvest_results_2024_25_for_2026_database/turkey_harvest_results_2024_25_for_2026_report.json","1579","1e510449ac7e02e0ae38bc37ccb7c467bac9fe24436df20de0841e4dc5d9238b","?? wrangler 4.95.0 (update available 4.98.0) ????????????????????????????????????????????? Resource location: remote   Creating object ""pipeline/R2_OFFLOAD/uploaded/harvest_quality_20260605_unzipped/raw_packages/2025_for_2026_turkey_harvest_results_2024_25_for_2026_database/turkey_harvest_results_2024_25_for_2026_report.json"" in bucket ""uoga-data"". Upload complete."
"2026-06-05T19:35:28.8074114Z","UPLOADED","..\..\R2_OFFLOAD_TEMP\hq_20260605T192909Z\raw_packages\2025_for_2026_turkey_harvest_results_2024_25_for_2026_database\turkey_harvest_results_2024_25_for_2026_report.md","uoga-data","pipeline/R2_OFFLOAD/uploaded/harvest_quality_20260605_unzipped/raw_packages/2025_for_2026_turkey_harvest_results_2024_25_for_2026_database/turkey_harvest_results_2024_25_for_2026_report.md","1457","ddb66581b386f8195a3997e86f1a056377c75c7765c27f9357b38857b9269c60","?? wrangler 4.95.0 (update available 4.98.0) ????????????????????????????????????????????? Resource location: remote   Creating object ""pipeline/R2_OFFLOAD/uploaded/harvest_quality_20260605_unzipped/raw_packages/2025_for_2026_turkey_harvest_results_2024_25_for_2026_database/turkey_harvest_results_2024_25_for_2026_report.md"" in bucket ""uoga-data"". Upload complete."
"2026-06-05T19:35:30.7217892Z","UPLOADED","..\..\R2_OFFLOAD_TEMP\hq_20260605T192909Z\raw_packages\2025_for_2026_turkey_harvest_results_2024_25_for_2026_database\turkey_harvest_results_2024_25_for_2026_summary.csv","uoga-data","pipeline/R2_OFFLOAD/uploaded/harvest_quality_20260605_unzipped/raw_packages/2025_for_2026_turkey_harvest_results_2024_25_for_2026_database/turkey_harvest_results_2024_25_for_2026_summary.csv","418","efee69613c330f63b6319c97c09382179cbfd78a6bfaeefedbbc2cf779f0c2c6","?? wrangler 4.95.0 (update available 4.98.0) ????????????????????????????????????????????? Resource location: remote   Creating object ""pipeline/R2_OFFLOAD/uploaded/harvest_quality_20260605_unzipped/raw_packages/2025_for_2026_turkey_harvest_results_2024_25_for_2026_database/turkey_harvest_results_2024_25_for_2026_summary.csv"" in bucket ""uoga-data"". Upload complete."
"2026-06-05T19:35:32.5643468Z","UPLOADED","..\..\R2_OFFLOAD_TEMP\hq_20260605T192909Z\raw_packages\2025_for_2026_turkey_harvest_results_2024_25_for_2026_database\turkey_hunt_code_keyed_2025_for_2026.csv","uoga-data","pipeline/R2_OFFLOAD/uploaded/harvest_quality_20260605_unzipped/raw_packages/2025_for_2026_turkey_harvest_results_2024_25_for_2026_database/turkey_hunt_code_keyed_2025_for_2026.csv","1578","09b285a3f93d7f0a7e8eafbe50c180b94fb93f89133e3fa1390314ecf5b98fc0","?? wrangler 4.95.0 (update available 4.98.0) ????????????????????????????????????????????? Resource location: remote   Creating object ""pipeline/R2_OFFLOAD/uploaded/harvest_quality_20260605_unzipped/raw_packages/2025_for_2026_turkey_harvest_results_2024_25_for_2026_database/turkey_hunt_code_keyed_2025_for_2026.csv"" in bucket ""uoga-data"". Upload complete."
"2026-06-05T19:35:34.7710280Z","UPLOADED","..\..\R2_OFFLOAD_TEMP\hq_20260605T192909Z\raw_packages\2025_for_2026_turkey_harvest_results_2024_25_for_2026_database\turkey_limited_entry_cwmu_statewide_history_1991_2025.csv","uoga-data","pipeline/R2_OFFLOAD/uploaded/harvest_quality_20260605_unzipped/raw_packages/2025_for_2026_turkey_harvest_results_2024_25_for_2026_database/turkey_limited_entry_cwmu_statewide_history_1991_2025.csv","9156","38ebf2cd4b99cb87c67d226d49fae6965e81698ef2c3e1681b7ddf160ec2cc38","?? wrangler 4.95.0 (update available 4.98.0) ????????????????????????????????????????????? Resource location: remote   Creating object ""pipeline/R2_OFFLOAD/uploaded/harvest_quality_20260605_unzipped/raw_packages/2025_for_2026_turkey_harvest_results_2024_25_for_2026_database/turkey_limited_entry_cwmu_statewide_history_1991_2025.csv"" in bucket ""uoga-data"". Upload complete."
"2026-06-05T19:35:36.6203643Z","UPLOADED","..\..\R2_OFFLOAD_TEMP\hq_20260605T192909Z\raw_packages\2025_for_2026_turkey_harvest_results_2024_25_for_2026_database\turkey_quality_features_2024_25_for_2026.csv","uoga-data","pipeline/R2_OFFLOAD/uploaded/harvest_quality_20260605_unzipped/raw_packages/2025_for_2026_turkey_harvest_results_2024_25_for_2026_database/turkey_quality_features_2024_25_for_2026.csv","26136","28dae3796c5002e922eca709b01329af5c4132e7f5b4c42b84bbeeb4681cb3b8","?? wrangler 4.95.0 (update available 4.98.0) ????????????????????????????????????????????? Resource location: remote   Creating object ""pipeline/R2_OFFLOAD/uploaded/harvest_quality_20260605_unzipped/raw_packages/2025_for_2026_turkey_harvest_results_2024_25_for_2026_database/turkey_quality_features_2024_25_for_2026.csv"" in bucket ""uoga-data"". Upload complete."
"2026-06-05T19:35:39.3132889Z","UPLOADED","..\..\R2_OFFLOAD_TEMP\hq_20260605T192909Z\raw_packages\2025_for_2026_turkey_harvest_results_2024_25_for_2026_database\turkey_spring_general_season_2025_by_region_county.csv","uoga-data","pipeline/R2_OFFLOAD/uploaded/harvest_quality_20260605_unzipped/raw_packages/2025_for_2026_turkey_harvest_results_2024_25_for_2026_database/turkey_spring_general_season_2025_by_region_county.csv","10432","cb78b05b25adbf4acaa24902f53ad0320a979f7ab967cebf5864f8f0e236afba","?? wrangler 4.95.0 (update available 4.98.0) ????????????????????????????????????????????? Resource location: remote   Creating object ""pipeline/R2_OFFLOAD/uploaded/harvest_quality_20260605_unzipped/raw_packages/2025_for_2026_turkey_harvest_results_2024_25_for_2026_database/turkey_spring_general_season_2025_by_region_county.csv"" in bucket ""uoga-data"". Upload complete."
"2026-06-05T19:35:41.2158397Z","UPLOADED","..\..\R2_OFFLOAD_TEMP\hq_20260605T192909Z\raw_packages\2025_for_2026_turkey_harvest_results_2024_25_for_2026_database\turkey_spring_limited_entry_cwmu_2025_by_hunt.csv","uoga-data","pipeline/R2_OFFLOAD/uploaded/harvest_quality_20260605_unzipped/raw_packages/2025_for_2026_turkey_harvest_results_2024_25_for_2026_database/turkey_spring_limited_entry_cwmu_2025_by_hunt.csv","2259","28b4941842bc235d7643de8a423d3310b51e60be5f56a644072a5f4450cd94f5","?? wrangler 4.95.0 (update available 4.98.0) ????????????????????????????????????????????? Resource location: remote   Creating object ""pipeline/R2_OFFLOAD/uploaded/harvest_quality_20260605_unzipped/raw_packages/2025_for_2026_turkey_harvest_results_2024_25_for_2026_database/turkey_spring_limited_entry_cwmu_2025_by_hunt.csv"" in bucket ""uoga-data"". Upload complete."
"2026-06-05T19:35:43.1801160Z","UPLOADED","..\..\R2_OFFLOAD_TEMP\hq_20260605T192909Z\raw_packages\2025_for_2026_turkey_harvest_results_2024_25_for_2026_database\turkey_youth_general_season_2025_by_region_county.csv","uoga-data","pipeline/R2_OFFLOAD/uploaded/harvest_quality_20260605_unzipped/raw_packages/2025_for_2026_turkey_harvest_results_2024_25_for_2026_database/turkey_youth_general_season_2025_by_region_county.csv","10461","98ed91be361f41bc8146c70a3d357cea9abe642c8252daec3e48716ac1fab3cb","?? wrangler 4.95.0 (update available 4.98.0) ????????????????????????????????????????????? Resource location: remote   Creating object ""pipeline/R2_OFFLOAD/uploaded/harvest_quality_20260605_unzipped/raw_packages/2025_for_2026_turkey_harvest_results_2024_25_for_2026_database/turkey_youth_general_season_2025_by_region_county.csv"" in bucket ""uoga-data"". Upload complete."
"2026-06-05T19:35:45.2891568Z","UPLOADED","..\..\R2_OFFLOAD_TEMP\hq_20260605T192909Z\raw_packages\2025_for_2026_turkey_harvest_results_2024_25_for_2026_database\utah_turkey_harvest_2024_25_for_2026.sqlite","uoga-data","pipeline/R2_OFFLOAD/uploaded/harvest_quality_20260605_unzipped/raw_packages/2025_for_2026_turkey_harvest_results_2024_25_for_2026_database/utah_turkey_harvest_2024_25_for_2026.sqlite","176128","22a4b1bc6a95f2651b7415ee30546261815b8e144393032a744c6ddd0911c4ea","?? wrangler 4.95.0 (update available 4.98.0) ????????????????????????????????????????????? Resource location: remote   Creating object ""pipeline/R2_OFFLOAD/uploaded/harvest_quality_20260605_unzipped/raw_packages/2025_for_2026_turkey_harvest_results_2024_25_for_2026_database/utah_turkey_harvest_2024_25_for_2026.sqlite"" in bucket ""uoga-data"". Upload complete."
"2026-06-05T19:35:47.1900664Z","UPLOADED","..\..\R2_OFFLOAD_TEMP\hq_20260605T192909Z\raw_packages\2026_for_2026_conservation_overlay_truth_2026_species_corrected\conservation_boundary_components_2026_species_corrected.csv","uoga-data","pipeline/R2_OFFLOAD/uploaded/harvest_quality_20260605_unzipped/raw_packages/2026_for_2026_conservation_overlay_truth_2026_species_corrected/conservation_boundary_components_2026_species_corrected.csv","1683","b7c41d4fea2ecfec0560a82cf8a8dea5b06f36d559ec44b293ebc82bb7068e8c","?? wrangler 4.95.0 (update available 4.98.0) ????????????????????????????????????????????? Resource location: remote   Creating object ""pipeline/R2_OFFLOAD/uploaded/harvest_quality_20260605_unzipped/raw_packages/2026_for_2026_conservation_overlay_truth_2026_species_corrected/conservation_boundary_components_2026_species_corrected.csv"" in bucket ""uoga-data"". Upload complete."
"2026-06-05T19:35:49.1195577Z","UPLOADED","..\..\R2_OFFLOAD_TEMP\hq_20260605T192909Z\raw_packages\2026_for_2026_conservation_overlay_truth_2026_species_corrected\conservation_overlay_species_correction_report.json","uoga-data","pipeline/R2_OFFLOAD/uploaded/harvest_quality_20260605_unzipped/raw_packages/2026_for_2026_conservation_overlay_truth_2026_species_corrected/conservation_overlay_species_correction_report.json","3077","c752cf16193b06d892b475879004e04a8367db5ea4449e6e6969e40ffe2eec06","?? wrangler 4.95.0 (update available 4.98.0) ????????????????????????????????????????????? Resource location: remote   Creating object ""pipeline/R2_OFFLOAD/uploaded/harvest_quality_20260605_unzipped/raw_packages/2026_for_2026_conservation_overlay_truth_2026_species_corrected/conservation_overlay_species_correction_report.json"" in bucket ""uoga-data"". Upload complete."
"2026-06-05T19:35:51.1782739Z","UPLOADED","..\..\R2_OFFLOAD_TEMP\hq_20260605T192909Z\raw_packages\2026_for_2026_conservation_overlay_truth_2026_species_corrected\conservation_overlay_truth_2026_species_corrected.sqlite","uoga-data","pipeline/R2_OFFLOAD/uploaded/harvest_quality_20260605_unzipped/raw_packages/2026_for_2026_conservation_overlay_truth_2026_species_corrected/conservation_overlay_truth_2026_species_corrected.sqlite","1003520","c1a05c1eb6cd9524ecc33e2e84a5aac67cd784a5f53118b555f18ab797cba001","?? wrangler 4.95.0 (update available 4.98.0) ????????????????????????????????????????????? Resource location: remote   Creating object ""pipeline/R2_OFFLOAD/uploaded/harvest_quality_20260605_unzipped/raw_packages/2026_for_2026_conservation_overlay_truth_2026_species_corrected/conservation_overlay_truth_2026_species_corrected.sqlite"" in bucket ""uoga-data"". Upload complete."
"2026-06-05T19:35:53.1702328Z","UPLOADED","..\..\R2_OFFLOAD_TEMP\hq_20260605T192909Z\raw_packages\2026_for_2026_conservation_overlay_truth_2026_species_corrected\conservation_permit_overlay_2026_resolved_species_corrected.csv","uoga-data","pipeline/R2_OFFLOAD/uploaded/harvest_quality_20260605_unzipped/raw_packages/2026_for_2026_conservation_overlay_truth_2026_species_corrected/conservation_permit_overlay_2026_resolved_species_corrected.csv","158135","363d3a9f65af294f4ab7452ece42a87f74cc3d2f65a3cd9c91d5600f8793ea05","?? wrangler 4.95.0 (update available 4.98.0) ????????????????????????????????????????????? Resource location: remote   Creating object ""pipeline/R2_OFFLOAD/uploaded/harvest_quality_20260605_unzipped/raw_packages/2026_for_2026_conservation_overlay_truth_2026_species_corrected/conservation_permit_overlay_2026_resolved_species_corrected.csv"" in bucket ""uoga-data"". Upload complete."
"2026-06-05T19:35:55.1715967Z","UPLOADED","..\..\R2_OFFLOAD_TEMP\hq_20260605T192909Z\raw_packages\2026_for_2026_conservation_overlay_truth_2026_species_corrected\conservation_permit_overlay_grouped_2025_2027_species_corrected.csv","uoga-data","pipeline/R2_OFFLOAD/uploaded/harvest_quality_20260605_unzipped/raw_packages/2026_for_2026_conservation_overlay_truth_2026_species_corrected/conservation_permit_overlay_grouped_2025_2027_species_corrected.csv","472853","20080e23611614be5e7c653eeadca6e4d422afb2f084fd7ea1261500f50658b6","?? wrangler 4.95.0 (update available 4.98.0) ????????????????????????????????????????????? Resource location: remote   Creating object ""pipeline/R2_OFFLOAD/uploaded/harvest_quality_20260605_unzipped/raw_packages/2026_for_2026_conservation_overlay_truth_2026_species_corrected/conservation_permit_overlay_grouped_2025_2027_species_corrected.csv"" in bucket ""uoga-data"". Upload complete."
"2026-06-05T19:35:57.2917836Z","UPLOADED","..\..\R2_OFFLOAD_TEMP\hq_20260605T192909Z\raw_packages\2026_for_2026_conservation_overlay_truth_2026_species_corrected\conservation_permit_raw_336_rows_expanded_2025_2027_species_corrected.csv","uoga-data","pipeline/R2_OFFLOAD/uploaded/harvest_quality_20260605_unzipped/raw_packages/2026_for_2026_conservation_overlay_truth_2026_species_corrected/conservation_permit_raw_336_rows_expanded_2025_2027_species_corrected.csv","234808","6dff0f1b82e85a327a3f817c32c0a0702fb9159e64bdcfb427231ea269588f9b","?? wrangler 4.95.0 (update available 4.98.0) ????????????????????????????????????????????? Resource location: remote   Creating object ""pipeline/R2_OFFLOAD/uploaded/harvest_quality_20260605_unzipped/raw_packages/2026_for_2026_conservation_overlay_truth_2026_species_corrected/conservation_permit_raw_336_rows_expanded_2025_2027_species_corrected.csv"" in bucket ""uoga-data"". Upload complete."
"2026-06-05T19:35:59.5369400Z","UPLOADED","..\..\R2_OFFLOAD_TEMP\hq_20260605T192909Z\raw_packages\2026_for_2026_conservation_overlay_truth_2026_species_corrected\conservation_source_compare_2026_species_corrected.csv","uoga-data","pipeline/R2_OFFLOAD/uploaded/harvest_quality_20260605_unzipped/raw_packages/2026_for_2026_conservation_overlay_truth_2026_species_corrected/conservation_source_compare_2026_species_corrected.csv","49429","e17c08985c985c8f5a69405273b5d2e35d8339c0ba17c6063a11f876b45da45d","?? wrangler 4.95.0 (update available 4.98.0) ????????????????????????????????????????????? Resource location: remote   Creating object ""pipeline/R2_OFFLOAD/uploaded/harvest_quality_20260605_unzipped/raw_packages/2026_for_2026_conservation_overlay_truth_2026_species_corrected/conservation_source_compare_2026_species_corrected.csv"" in bucket ""uoga-data"". Upload complete."
"2026-06-05T19:36:01.5269085Z","UPLOADED","..\..\R2_OFFLOAD_TEMP\hq_20260605T192909Z\raw_packages\2026_for_2026_conservation_overlay_truth_2026_species_corrected\conservation_species_reconciliation_2026_species_corrected.csv","uoga-data","pipeline/R2_OFFLOAD/uploaded/harvest_quality_20260605_unzipped/raw_packages/2026_for_2026_conservation_overlay_truth_2026_species_corrected/conservation_species_reconciliation_2026_species_corrected.csv","499","c32edb7716cd5df1dfac88f041f15fceb13a7de37009d5420bd7c63952c1c6eb","?? wrangler 4.95.0 (update available 4.98.0) ????????????????????????????????????????????? Resource location: remote   Creating object ""pipeline/R2_OFFLOAD/uploaded/harvest_quality_20260605_unzipped/raw_packages/2026_for_2026_conservation_overlay_truth_2026_species_corrected/conservation_species_reconciliation_2026_species_corrected.csv"" in bucket ""uoga-data"". Upload complete."
"2026-06-05T19:36:03.6853266Z","UPLOADED","..\..\R2_OFFLOAD_TEMP\hq_20260605T192909Z\raw_packages\2026_for_2026_conservation_overlay_truth_2026_species_corrected\conservation_summary_by_species_2026_species_corrected.csv","uoga-data","pipeline/R2_OFFLOAD/uploaded/harvest_quality_20260605_unzipped/raw_packages/2026_for_2026_conservation_overlay_truth_2026_species_corrected/conservation_summary_by_species_2026_species_corrected.csv","338","c8cb19dcc7efd415d7efce9272e95593f45cbc3d7e5778c8b05a92baff506eb2","?? wrangler 4.95.0 (update available 4.98.0) ????????????????????????????????????????????? Resource location: remote   Creating object ""pipeline/R2_OFFLOAD/uploaded/harvest_quality_20260605_unzipped/raw_packages/2026_for_2026_conservation_overlay_truth_2026_species_corrected/conservation_summary_by_species_2026_species_corrected.csv"" in bucket ""uoga-data"". Upload complete."
"2026-06-05T19:36:05.9547638Z","UPLOADED","..\..\R2_OFFLOAD_TEMP\hq_20260605T192909Z\raw_packages\2026_for_2026_conservation_overlay_truth_2026_species_corrected\README_conservation_overlay_species_corrected.md","uoga-data","pipeline/R2_OFFLOAD/uploaded/harvest_quality_20260605_unzipped/raw_packages/2026_for_2026_conservation_overlay_truth_2026_species_corrected/README_conservation_overlay_species_corrected.md","614","368b5cc9999720b7de086305a88a07735f6d00fb2aa1d43bab4ebe747d51d986","?? wrangler 4.95.0 (update available 4.98.0) ????????????????????????????????????????????? Resource location: remote   Creating object ""pipeline/R2_OFFLOAD/uploaded/harvest_quality_20260605_unzipped/raw_packages/2026_for_2026_conservation_overlay_truth_2026_species_corrected/README_conservation_overlay_species_corrected.md"" in bucket ""uoga-data"". Upload complete."
"2026-06-05T19:36:07.8660639Z","UPLOADED","..\..\R2_OFFLOAD_TEMP\hq_20260605T192909Z\raw_packages\unknown_for_unknown_expo_hunt_code_reconciliation_user_corrected\expo_2025_antlerless_elk_boundary_components.csv","uoga-data","pipeline/R2_OFFLOAD/uploaded/harvest_quality_20260605_unzipped/raw_packages/unknown_for_unknown_expo_hunt_code_reconciliation_user_corrected/expo_2025_antlerless_elk_boundary_components.csv","4052","eea68092e13a222d9e035cdda3062fab3b1647e5c737e5626ccb84dff96f5c5a","?? wrangler 4.95.0 (update available 4.98.0) ????????????????????????????????????????????? Resource location: remote   Creating object ""pipeline/R2_OFFLOAD/uploaded/harvest_quality_20260605_unzipped/raw_packages/unknown_for_unknown_expo_hunt_code_reconciliation_user_corrected/expo_2025_antlerless_elk_boundary_components.csv"" in bucket ""uoga-data"". Upload complete."
"2026-06-05T19:36:09.8468319Z","UPLOADED","..\..\R2_OFFLOAD_TEMP\hq_20260605T192909Z\raw_packages\unknown_for_unknown_expo_hunt_code_reconciliation_user_corrected\expo_2025_hunt_code_reconciliation_user_corrected.csv","uoga-data","pipeline/R2_OFFLOAD/uploaded/harvest_quality_20260605_unzipped/raw_packages/unknown_for_unknown_expo_hunt_code_reconciliation_user_corrected/expo_2025_hunt_code_reconciliation_user_corrected.csv","51560","d936fb04dd916f24638ca203d4f2a2f110cc6dcca2b1283ca3addbf4cac15830","?? wrangler 4.95.0 (update available 4.98.0) ????????????????????????????????????????????? Resource location: remote   Creating object ""pipeline/R2_OFFLOAD/uploaded/harvest_quality_20260605_unzipped/raw_packages/unknown_for_unknown_expo_hunt_code_reconciliation_user_corrected/expo_2025_hunt_code_reconciliation_user_corrected.csv"" in bucket ""uoga-data"". Upload complete."
"2026-06-05T19:36:11.7617298Z","UPLOADED","..\..\R2_OFFLOAD_TEMP\hq_20260605T192909Z\raw_packages\unknown_for_unknown_expo_hunt_code_reconciliation_user_corrected\expo_2025_remaining_review_and_discrepancies.csv","uoga-data","pipeline/R2_OFFLOAD/uploaded/harvest_quality_20260605_unzipped/raw_packages/unknown_for_unknown_expo_hunt_code_reconciliation_user_corrected/expo_2025_remaining_review_and_discrepancies.csv","40370","06e1aaed8e9bf8286b59f360095db8492af72820aaf9064df6c7ff684a0c097c","?? wrangler 4.95.0 (update available 4.98.0) ????????????????????????????????????????????? Resource location: remote   Creating object ""pipeline/R2_OFFLOAD/uploaded/harvest_quality_20260605_unzipped/raw_packages/unknown_for_unknown_expo_hunt_code_reconciliation_user_corrected/expo_2025_remaining_review_and_discrepancies.csv"" in bucket ""uoga-data"". Upload complete."
"2026-06-05T19:36:13.9538472Z","UPLOADED","..\..\R2_OFFLOAD_TEMP\hq_20260605T192909Z\raw_packages\unknown_for_unknown_expo_hunt_code_reconciliation_user_corrected\expo_2025_unresolved_mapping_after_user_rules.csv","uoga-data","pipeline/R2_OFFLOAD/uploaded/harvest_quality_20260605_unzipped/raw_packages/unknown_for_unknown_expo_hunt_code_reconciliation_user_corrected/expo_2025_unresolved_mapping_after_user_rules.csv","460","b036c85d63d8d4408b670ed67121733d8c140ef7441e194bb6e759be4a4907fb","?? wrangler 4.95.0 (update available 4.98.0) ????????????????????????????????????????????? Resource location: remote   Creating object ""pipeline/R2_OFFLOAD/uploaded/harvest_quality_20260605_unzipped/raw_packages/unknown_for_unknown_expo_hunt_code_reconciliation_user_corrected/expo_2025_unresolved_mapping_after_user_rules.csv"" in bucket ""uoga-data"". Upload complete."
"2026-06-05T19:36:15.9377711Z","UPLOADED","..\..\R2_OFFLOAD_TEMP\hq_20260605T192909Z\raw_packages\unknown_for_unknown_expo_hunt_code_reconciliation_user_corrected\expo_2025_user_corrected_summary.json","uoga-data","pipeline/R2_OFFLOAD/uploaded/harvest_quality_20260605_unzipped/raw_packages/unknown_for_unknown_expo_hunt_code_reconciliation_user_corrected/expo_2025_user_corrected_summary.json","737","b64bca7ddb31c8ebb3da816bfb9c72a99c47e56894c01909566f6a9578eae16d","?? wrangler 4.95.0 (update available 4.98.0) ????????????????????????????????????????????? Resource location: remote   Creating object ""pipeline/R2_OFFLOAD/uploaded/harvest_quality_20260605_unzipped/raw_packages/unknown_for_unknown_expo_hunt_code_reconciliation_user_corrected/expo_2025_user_corrected_summary.json"" in bucket ""uoga-data"". Upload complete."
"2026-06-05T19:36:17.8939371Z","UPLOADED","..\..\R2_OFFLOAD_TEMP\hq_20260605T192909Z\raw_packages\unknown_for_unknown_expo_hunt_code_reconciliation_user_corrected\expo_2025_user_resolved_rows.csv","uoga-data","pipeline/R2_OFFLOAD/uploaded/harvest_quality_20260605_unzipped/raw_packages/unknown_for_unknown_expo_hunt_code_reconciliation_user_corrected/expo_2025_user_resolved_rows.csv","3412","f9383fa3431ee8a7bcd38d1901ab7d976ff2a78cc0fcf1a49a0f97a449e7bdb9","?? wrangler 4.95.0 (update available 4.98.0) ????????????????????????????????????????????? Resource location: remote   Creating object ""pipeline/R2_OFFLOAD/uploaded/harvest_quality_20260605_unzipped/raw_packages/unknown_for_unknown_expo_hunt_code_reconciliation_user_corrected/expo_2025_user_resolved_rows.csv"" in bucket ""uoga-data"". Upload complete."
"2026-06-05T19:36:19.7218473Z","UPLOADED","..\..\R2_OFFLOAD_TEMP\hq_20260605T192909Z\raw_packages\unknown_for_unknown_expo_hunt_code_reconciliation_user_corrected\README_user_corrected_expo_reconciliation.md","uoga-data","pipeline/R2_OFFLOAD/uploaded/harvest_quality_20260605_unzipped/raw_packages/unknown_for_unknown_expo_hunt_code_reconciliation_user_corrected/README_user_corrected_expo_reconciliation.md","886","e0f11c4fc74f3baac55fb19c9a746ac0bfb48ef86967cf4c0968ec517dead7b3","?? wrangler 4.95.0 (update available 4.98.0) ????????????????????????????????????????????? Resource location: remote   Creating object ""pipeline/R2_OFFLOAD/uploaded/harvest_quality_20260605_unzipped/raw_packages/unknown_for_unknown_expo_hunt_code_reconciliation_user_corrected/README_user_corrected_expo_reconciliation.md"" in bucket ""uoga-data"". Upload complete."
"2026-06-05T19:36:21.7404691Z","UPLOADED","..\..\R2_OFFLOAD_TEMP\hq_20260605T192909Z\raw_packages\unknown_for_unknown_full_joined_harvest_backcheck_conservation_annual_per_row_corrected\conservation_permit_area_condition_summary_annual_per_row.csv","uoga-data","pipeline/R2_OFFLOAD/uploaded/harvest_quality_20260605_unzipped/raw_packages/unknown_for_unknown_full_joined_harvest_backcheck_conservation_annual_per_row_corrected/conservation_permit_area_condition_summary_annual_per_row.csv","18357","06b1d6efc15ffeb217c38d56e876f246d8f7d86d4e4b785bc6f29f4d3540d834","?? wrangler 4.95.0 (update available 4.98.0) ????????????????????????????????????????????? Resource location: remote   Creating object ""pipeline/R2_OFFLOAD/uploaded/harvest_quality_20260605_unzipped/raw_packages/unknown_for_unknown_full_joined_harvest_backcheck_conservation_annual_per_row_corrected/conservation_permit_area_condition_summary_annual_per_row.csv"" in bucket ""uoga-data"". Upload complete."
"2026-06-05T19:36:23.8713966Z","UPLOADED","..\..\R2_OFFLOAD_TEMP\hq_20260605T192909Z\raw_packages\unknown_for_unknown_full_joined_harvest_backcheck_conservation_annual_per_row_corrected\conservation_permit_hunt_code_join_candidates_annual_per_row.csv","uoga-data","pipeline/R2_OFFLOAD/uploaded/harvest_quality_20260605_unzipped/raw_packages/unknown_for_unknown_full_joined_harvest_backcheck_conservation_annual_per_row_corrected/conservation_permit_hunt_code_join_candidates_annual_per_row.csv","125260","30b98c474ddcc96bd0ad7d4bb48cac426d97d9389776b45dd795ad54cea6304b","?? wrangler 4.95.0 (update available 4.98.0) ????????????????????????????????????????????? Resource location: remote   Creating object ""pipeline/R2_OFFLOAD/uploaded/harvest_quality_20260605_unzipped/raw_packages/unknown_for_unknown_full_joined_harvest_backcheck_conservation_annual_per_row_corrected/conservation_permit_hunt_code_join_candidates_annual_per_row.csv"" in bucket ""uoga-data"". Upload complete."
"2026-06-05T19:36:26.3531968Z","UPLOADED","..\..\R2_OFFLOAD_TEMP\hq_20260605T192909Z\raw_packages\unknown_for_unknown_full_joined_harvest_backcheck_conservation_annual_per_row_corrected\conservation_permit_manual_review_queue_annual_per_row.csv","uoga-data","pipeline/R2_OFFLOAD/uploaded/harvest_quality_20260605_unzipped/raw_packages/unknown_for_unknown_full_joined_harvest_backcheck_conservation_annual_per_row_corrected/conservation_permit_manual_review_queue_annual_per_row.csv","88779","7ca55bdefe57c699a121139ea1ab1a1545856bfea5f6c171040df6021f252295","?? wrangler 4.95.0 (update available 4.98.0) ????????????????????????????????????????????? Resource location: remote   Creating object ""pipeline/R2_OFFLOAD/uploaded/harvest_quality_20260605_unzipped/raw_packages/unknown_for_unknown_full_joined_harvest_backcheck_conservation_annual_per_row_corrected/conservation_permit_manual_review_queue_annual_per_row.csv"" in bucket ""uoga-data"". Upload complete."
"2026-06-05T19:36:28.2348401Z","UPLOADED","..\..\R2_OFFLOAD_TEMP\hq_20260605T192909Z\raw_packages\unknown_for_unknown_full_joined_harvest_backcheck_conservation_annual_per_row_corrected\full_joined_backcheck_conservation_annual_per_row_summary.json","uoga-data","pipeline/R2_OFFLOAD/uploaded/harvest_quality_20260605_unzipped/raw_packages/unknown_for_unknown_full_joined_harvest_backcheck_conservation_annual_per_row_corrected/full_joined_backcheck_conservation_annual_per_row_summary.json","1283","a262ae60fe871fa839e6b49928fc86209f2d3488c377cd6e7c054c1c3ddb1da2","?? wrangler 4.95.0 (update available 4.98.0) ????????????????????????????????????????????? Resource location: remote   Creating object ""pipeline/R2_OFFLOAD/uploaded/harvest_quality_20260605_unzipped/raw_packages/unknown_for_unknown_full_joined_harvest_backcheck_conservation_annual_per_row_corrected/full_joined_backcheck_conservation_annual_per_row_summary.json"" in bucket ""uoga-data"". Upload complete."
"2026-06-05T19:36:30.5244864Z","UPLOADED","..\..\R2_OFFLOAD_TEMP\hq_20260605T192909Z\raw_packages\unknown_for_unknown_full_joined_harvest_backcheck_conservation_annual_per_row_corrected\full_joined_hunt_code_backcheck_2021_2026_conservation_annual_per_row.csv","uoga-data","pipeline/R2_OFFLOAD/uploaded/harvest_quality_20260605_unzipped/raw_packages/unknown_for_unknown_full_joined_harvest_backcheck_conservation_annual_per_row_corrected/full_joined_hunt_code_backcheck_2021_2026_conservation_annual_per_row.csv","1819671","7dae94b7579716b1b285f2f6eb50afe3998e22129d3659f910931aad40e5cdc5","?? wrangler 4.95.0 (update available 4.98.0) ????????????????????????????????????????????? Resource location: remote   Creating object ""pipeline/R2_OFFLOAD/uploaded/harvest_quality_20260605_unzipped/raw_packages/unknown_for_unknown_full_joined_harvest_backcheck_conservation_annual_per_row_corrected/full_joined_hunt_code_backcheck_2021_2026_conservation_annual_per_row.csv"" in bucket ""uoga-data"". Upload complete."
"2026-06-05T19:36:32.7330815Z","UPLOADED","..\..\R2_OFFLOAD_TEMP\hq_20260605T192909Z\raw_packages\unknown_for_unknown_full_joined_harvest_backcheck_conservation_annual_per_row_corrected\full_joined_hunt_code_backcheck_2021_2026_conservation_annual_per_row_corrected.xlsx","uoga-data","pipeline/R2_OFFLOAD/uploaded/harvest_quality_20260605_unzipped/raw_packages/unknown_for_unknown_full_joined_harvest_backcheck_conservation_annual_per_row_corrected/full_joined_hunt_code_backcheck_2021_2026_conservation_annual_per_row_corrected.xlsx","341380","3dc71935694e1b60c049066261ff82856bb69c4dbc70e4fc1dd15e4fdfd7ec35","?? wrangler 4.95.0 (update available 4.98.0) ????????????????????????????????????????????? Resource location: remote   Creating object ""pipeline/R2_OFFLOAD/uploaded/harvest_quality_20260605_unzipped/raw_packages/unknown_for_unknown_full_joined_harvest_backcheck_conservation_annual_per_row_corrected/full_joined_hunt_code_backcheck_2021_2026_conservation_annual_per_row_corrected.xlsx"" in bucket ""uoga-data"". Upload complete."
"2026-06-05T19:36:34.6186814Z","UPLOADED","..\..\R2_OFFLOAD_TEMP\hq_20260605T192909Z\raw_packages\unknown_for_unknown_full_joined_harvest_backcheck_conservation_annual_per_row_corrected\official_2025_2027_conservation_permits_each_row_per_year.csv","uoga-data","pipeline/R2_OFFLOAD/uploaded/harvest_quality_20260605_unzipped/raw_packages/unknown_for_unknown_full_joined_harvest_backcheck_conservation_annual_per_row_corrected/official_2025_2027_conservation_permits_each_row_per_year.csv","78856","26869c59f3aa85428d44662cb55f930ec6ee911c7f44051b50f6e6d72fa1ed80","?? wrangler 4.95.0 (update available 4.98.0) ????????????????????????????????????????????? Resource location: remote   Creating object ""pipeline/R2_OFFLOAD/uploaded/harvest_quality_20260605_unzipped/raw_packages/unknown_for_unknown_full_joined_harvest_backcheck_conservation_annual_per_row_corrected/official_2025_2027_conservation_permits_each_row_per_year.csv"" in bucket ""uoga-data"". Upload complete."
"2026-06-05T19:36:36.8274159Z","UPLOADED","..\..\R2_OFFLOAD_TEMP\hq_20260605T192909Z\raw_packages\unknown_for_unknown_full_joined_harvest_backcheck_conservation_annual_per_row_corrected\official_2025_2027_conservation_permit_year_expanded.csv","uoga-data","pipeline/R2_OFFLOAD/uploaded/harvest_quality_20260605_unzipped/raw_packages/unknown_for_unknown_full_joined_harvest_backcheck_conservation_annual_per_row_corrected/official_2025_2027_conservation_permit_year_expanded.csv","245023","1de8a022a6bbb6157ad0ca86b1a55873bd722a8c11fdfcf6714291bd7eddc529","?? wrangler 4.95.0 (update available 4.98.0) ????????????????????????????????????????????? Resource location: remote   Creating object ""pipeline/R2_OFFLOAD/uploaded/harvest_quality_20260605_unzipped/raw_packages/unknown_for_unknown_full_joined_harvest_backcheck_conservation_annual_per_row_corrected/official_2025_2027_conservation_permit_year_expanded.csv"" in bucket ""uoga-data"". Upload complete."
"2026-06-05T19:36:38.7845406Z","UPLOADED","..\..\R2_OFFLOAD_TEMP\hq_20260605T192909Z\raw_packages\unknown_for_unknown_full_joined_harvest_backcheck_conservation_annual_per_row_corrected\official_2026_conservation_permits_one_year_rows.csv","uoga-data","pipeline/R2_OFFLOAD/uploaded/harvest_quality_20260605_unzipped/raw_packages/unknown_for_unknown_full_joined_harvest_backcheck_conservation_annual_per_row_corrected/official_2026_conservation_permits_one_year_rows.csv","81907","479baf4e5676fb9a07992d474fc09527a920872e0a27bec72e80768cbddc86b5","?? wrangler 4.95.0 (update available 4.98.0) ????????????????????????????????????????????? Resource location: remote   Creating object ""pipeline/R2_OFFLOAD/uploaded/harvest_quality_20260605_unzipped/raw_packages/unknown_for_unknown_full_joined_harvest_backcheck_conservation_annual_per_row_corrected/official_2026_conservation_permits_one_year_rows.csv"" in bucket ""uoga-data"". Upload complete."
"2026-06-05T19:36:41.0244851Z","UPLOADED","..\..\R2_OFFLOAD_TEMP\hq_20260605T192909Z\raw_packages\unknown_for_unknown_full_joined_harvest_backcheck_conservation_annual_per_row_corrected\permit_class_summary_2026_conservation_annual_per_row.csv","uoga-data","pipeline/R2_OFFLOAD/uploaded/harvest_quality_20260605_unzipped/raw_packages/unknown_for_unknown_full_joined_harvest_backcheck_conservation_annual_per_row_corrected/permit_class_summary_2026_conservation_annual_per_row.csv","880","543ec8f77f763384019cfb6d8fcab97d0295e4222fd9fdb1f8d6b05050f68a1b","?? wrangler 4.95.0 (update available 4.98.0) ????????????????????????????????????????????? Resource location: remote   Creating object ""pipeline/R2_OFFLOAD/uploaded/harvest_quality_20260605_unzipped/raw_packages/unknown_for_unknown_full_joined_harvest_backcheck_conservation_annual_per_row_corrected/permit_class_summary_2026_conservation_annual_per_row.csv"" in bucket ""uoga-data"". Upload complete."
"2026-06-05T19:36:42.7944803Z","UPLOADED","..\..\R2_OFFLOAD_TEMP\hq_20260605T192909Z\raw_packages\unknown_for_unknown_full_joined_harvest_backcheck_conservation_annual_per_row_corrected\README_conservation_annual_per_row_correction.md","uoga-data","pipeline/R2_OFFLOAD/uploaded/harvest_quality_20260605_unzipped/raw_packages/unknown_for_unknown_full_joined_harvest_backcheck_conservation_annual_per_row_corrected/README_conservation_annual_per_row_correction.md","1130","f55d76026275e610986bc222a4ec6e50832e4c6edf38a54e77528674c769eb7e","?? wrangler 4.95.0 (update available 4.98.0) ????????????????????????????????????????????? Resource location: remote   Creating object ""pipeline/R2_OFFLOAD/uploaded/harvest_quality_20260605_unzipped/raw_packages/unknown_for_unknown_full_joined_harvest_backcheck_conservation_annual_per_row_corrected/README_conservation_annual_per_row_correction.md"" in bucket ""uoga-data"". Upload complete."
"2026-06-05T19:36:44.6511411Z","UPLOADED","..\..\R2_OFFLOAD_TEMP\hq_20260605T192909Z\raw_packages\unknown_for_unknown_full_joined_harvest_backcheck_conservation_annual_per_row_corrected\species_conservation_summary_2025_2027_annual_per_row.csv","uoga-data","pipeline/R2_OFFLOAD/uploaded/harvest_quality_20260605_unzipped/raw_packages/unknown_for_unknown_full_joined_harvest_backcheck_conservation_annual_per_row_corrected/species_conservation_summary_2025_2027_annual_per_row.csv","2865","fd69448b1aba9a2bd391e4fceb495486b492a044d7413c83a4031b111d3d902c","?? wrangler 4.95.0 (update available 4.98.0) ????????????????????????????????????????????? Resource location: remote   Creating object ""pipeline/R2_OFFLOAD/uploaded/harvest_quality_20260605_unzipped/raw_packages/unknown_for_unknown_full_joined_harvest_backcheck_conservation_annual_per_row_corrected/species_conservation_summary_2025_2027_annual_per_row.csv"" in bucket ""uoga-data"". Upload complete."
"2026-06-05T19:36:46.5832276Z","UPLOADED","..\..\R2_OFFLOAD_TEMP\hq_20260605T192909Z\raw_packages\unknown_for_unknown_full_joined_harvest_backcheck_conservation_annual_per_row_corrected\statewide_conservation_boundary_map_to_sportsman_codes_annual_per_row.csv","uoga-data","pipeline/R2_OFFLOAD/uploaded/harvest_quality_20260605_unzipped/raw_packages/unknown_for_unknown_full_joined_harvest_backcheck_conservation_annual_per_row_corrected/statewide_conservation_boundary_map_to_sportsman_codes_annual_per_row.csv","2771","266d83038daf22204399bb6456b306caa8fcbe1ee7d6146467ceeb53089e9dc7","?? wrangler 4.95.0 (update available 4.98.0) ????????????????????????????????????????????? Resource location: remote   Creating object ""pipeline/R2_OFFLOAD/uploaded/harvest_quality_20260605_unzipped/raw_packages/unknown_for_unknown_full_joined_harvest_backcheck_conservation_annual_per_row_corrected/statewide_conservation_boundary_map_to_sportsman_codes_annual_per_row.csv"" in bucket ""uoga-data"". Upload complete."
"2026-06-05T19:36:48.5420858Z","UPLOADED","..\..\R2_OFFLOAD_TEMP\hq_20260605T192909Z\raw_packages\unknown_for_unknown_hunt_code_year_backcheck_outputs\crosscheck_source_inventory.csv","uoga-data","pipeline/R2_OFFLOAD/uploaded/harvest_quality_20260605_unzipped/raw_packages/unknown_for_unknown_hunt_code_year_backcheck_outputs/crosscheck_source_inventory.csv","1237","241e88fbae54ec712e76f65e781581260305f84afbc6efc63a23ba93c6954be3","?? wrangler 4.95.0 (update available 4.98.0) ????????????????????????????????????????????? Resource location: remote   Creating object ""pipeline/R2_OFFLOAD/uploaded/harvest_quality_20260605_unzipped/raw_packages/unknown_for_unknown_hunt_code_year_backcheck_outputs/crosscheck_source_inventory.csv"" in bucket ""uoga-data"". Upload complete."
"2026-06-05T19:36:50.7023398Z","UPLOADED","..\..\R2_OFFLOAD_TEMP\hq_20260605T192909Z\raw_packages\unknown_for_unknown_hunt_code_year_backcheck_outputs\harvest_cross_year_normalized_ledger_2021_2026.csv","uoga-data","pipeline/R2_OFFLOAD/uploaded/harvest_quality_20260605_unzipped/raw_packages/unknown_for_unknown_hunt_code_year_backcheck_outputs/harvest_cross_year_normalized_ledger_2021_2026.csv","1675378","4716e9d87d0de8c27cbe373d66bc35bd730d9fd176b21f26d88001c20dd09ea4","?? wrangler 4.95.0 (update available 4.98.0) ????????????????????????????????????????????? Resource location: remote   Creating object ""pipeline/R2_OFFLOAD/uploaded/harvest_quality_20260605_unzipped/raw_packages/unknown_for_unknown_hunt_code_year_backcheck_outputs/harvest_cross_year_normalized_ledger_2021_2026.csv"" in bucket ""uoga-data"". Upload complete."
"2026-06-05T19:36:52.7235007Z","UPLOADED","..\..\R2_OFFLOAD_TEMP\hq_20260605T192909Z\raw_packages\unknown_for_unknown_hunt_code_year_backcheck_outputs\hunt_code_backward_crosscheck_2026_from_harvest_history.csv","uoga-data","pipeline/R2_OFFLOAD/uploaded/harvest_quality_20260605_unzipped/raw_packages/unknown_for_unknown_hunt_code_year_backcheck_outputs/hunt_code_backward_crosscheck_2026_from_harvest_history.csv","501488","21317c13ee37fa9c9890712489131780693a81231191da31c19897e8c17541a1","?? wrangler 4.95.0 (update available 4.98.0) ????????????????????????????????????????????? Resource location: remote   Creating object ""pipeline/R2_OFFLOAD/uploaded/harvest_quality_20260605_unzipped/raw_packages/unknown_for_unknown_hunt_code_year_backcheck_outputs/hunt_code_backward_crosscheck_2026_from_harvest_history.csv"" in bucket ""uoga-data"". Upload complete."
"2026-06-05T19:36:54.8139914Z","UPLOADED","..\..\R2_OFFLOAD_TEMP\hq_20260605T192909Z\raw_packages\unknown_for_unknown_hunt_code_year_backcheck_outputs\hunt_code_backward_crosscheck_summary.json","uoga-data","pipeline/R2_OFFLOAD/uploaded/harvest_quality_20260605_unzipped/raw_packages/unknown_for_unknown_hunt_code_year_backcheck_outputs/hunt_code_backward_crosscheck_summary.json","21150","a8363898ad31092eaa44f0dfa9a0855b40d5e8427aa2a49bc926b7860315314e","?? wrangler 4.95.0 (update available 4.98.0) ????????????????????????????????????????????? Resource location: remote   Creating object ""pipeline/R2_OFFLOAD/uploaded/harvest_quality_20260605_unzipped/raw_packages/unknown_for_unknown_hunt_code_year_backcheck_outputs/hunt_code_backward_crosscheck_summary.json"" in bucket ""uoga-data"". Upload complete."
"2026-06-05T19:36:56.8274388Z","UPLOADED","..\..\R2_OFFLOAD_TEMP\hq_20260605T192909Z\raw_packages\unknown_for_unknown_hunt_code_year_backcheck_outputs\hunt_code_manual_review_queue_2026_from_harvest_history.csv","uoga-data","pipeline/R2_OFFLOAD/uploaded/harvest_quality_20260605_unzipped/raw_packages/unknown_for_unknown_hunt_code_year_backcheck_outputs/hunt_code_manual_review_queue_2026_from_harvest_history.csv","92709","4e8e4051b2886f8771ab2e62dcabefde876a49624366f7a05825c2e78c94f9ea","?? wrangler 4.95.0 (update available 4.98.0) ????????????????????????????????????????????? Resource location: remote   Creating object ""pipeline/R2_OFFLOAD/uploaded/harvest_quality_20260605_unzipped/raw_packages/unknown_for_unknown_hunt_code_year_backcheck_outputs/hunt_code_manual_review_queue_2026_from_harvest_history.csv"" in bucket ""uoga-data"". Upload complete."
"2026-06-05T19:36:58.9891817Z","UPLOADED","..\..\R2_OFFLOAD_TEMP\hq_20260605T192909Z\raw_packages\unknown_for_unknown_hunt_code_year_backcheck_outputs\hunt_code_year_presence_ledger_2021_2026.csv","uoga-data","pipeline/R2_OFFLOAD/uploaded/harvest_quality_20260605_unzipped/raw_packages/unknown_for_unknown_hunt_code_year_backcheck_outputs/hunt_code_year_presence_ledger_2021_2026.csv","806849","c746b774a1734276d8f8036980fabe052c9285189fc4067520b2a850061df429","?? wrangler 4.95.0 (update available 4.98.0) ????????????????????????????????????????????? Resource location: remote   Creating object ""pipeline/R2_OFFLOAD/uploaded/harvest_quality_20260605_unzipped/raw_packages/unknown_for_unknown_hunt_code_year_backcheck_outputs/hunt_code_year_presence_ledger_2021_2026.csv"" in bucket ""uoga-data"". Upload complete."
"2026-06-05T19:37:00.8988477Z","UPLOADED","..\..\R2_OFFLOAD_TEMP\hq_20260605T192909Z\raw_packages\unknown_for_unknown_hunt_code_year_backcheck_outputs\README_hunt_code_backcheck.md","uoga-data","pipeline/R2_OFFLOAD/uploaded/harvest_quality_20260605_unzipped/raw_packages/unknown_for_unknown_hunt_code_year_backcheck_outputs/README_hunt_code_backcheck.md","921","2691640e0947af26a4de4dadb2965721e057cd9e99400dc3ae7a7a1c970df01f","?? wrangler 4.95.0 (update available 4.98.0) ????????????????????????????????????????????? Resource location: remote   Creating object ""pipeline/R2_OFFLOAD/uploaded/harvest_quality_20260605_unzipped/raw_packages/unknown_for_unknown_hunt_code_year_backcheck_outputs/README_hunt_code_backcheck.md"" in bucket ""uoga-data"". Upload complete."
"2026-06-05T19:37:02.9713498Z","UPLOADED","..\..\R2_OFFLOAD_TEMP\hq_20260605T192909Z\raw_packages\unknown_for_unknown_hunt_code_year_backcheck_outputs\species_year_comparison_2021_2026.csv","uoga-data","pipeline/R2_OFFLOAD/uploaded/harvest_quality_20260605_unzipped/raw_packages/unknown_for_unknown_hunt_code_year_backcheck_outputs/species_year_comparison_2021_2026.csv","16632","0fe9fd66cd3ed06964069628e3a45e53a61d0296628da7a6cb599ea37f2d30ce","?? wrangler 4.95.0 (update available 4.98.0) ????????????????????????????????????????????? Resource location: remote   Creating object ""pipeline/R2_OFFLOAD/uploaded/harvest_quality_20260605_unzipped/raw_packages/unknown_for_unknown_hunt_code_year_backcheck_outputs/species_year_comparison_2021_2026.csv"" in bucket ""uoga-data"". Upload complete."
"2026-06-05T19:37:05.0234506Z","UPLOADED","..\..\R2_OFFLOAD_TEMP\hq_20260605T192909Z\raw_packages\unknown_for_unknown_hunt_code_year_backcheck_outputs\species_year_over_year_comparison_2021_2026.csv","uoga-data","pipeline/R2_OFFLOAD/uploaded/harvest_quality_20260605_unzipped/raw_packages/unknown_for_unknown_hunt_code_year_backcheck_outputs/species_year_over_year_comparison_2021_2026.csv","11202","46dd886c36ba564c6bb23cd80da4663f80bc7002fff93816ec12b015ab83d68c","?? wrangler 4.95.0 (update available 4.98.0) ????????????????????????????????????????????? Resource location: remote   Creating object ""pipeline/R2_OFFLOAD/uploaded/harvest_quality_20260605_unzipped/raw_packages/unknown_for_unknown_hunt_code_year_backcheck_outputs/species_year_over_year_comparison_2021_2026.csv"" in bucket ""uoga-data"". Upload complete."
"2026-06-05T19:37:07.3032634Z","UPLOADED","..\..\R2_OFFLOAD_TEMP\hq_20260605T192909Z\source_package_bundles\HUNTS_harvest_truth_and_overlay_packages_for_codex\conservation_overlay_truth_2026_species_corrected.zip","uoga-data","pipeline/R2_OFFLOAD/uploaded/harvest_quality_20260605_unzipped/source_package_bundles/HUNTS_harvest_truth_and_overlay_packages_for_codex/conservation_overlay_truth_2026_species_corrected.zip","119796","ab0b45ad87143cb054b7201c15703da1fa13f9527dcdacc5cf2cf2c436f285e5","?? wrangler 4.95.0 (update available 4.98.0) ????????????????????????????????????????????? Resource location: remote   Creating object ""pipeline/R2_OFFLOAD/uploaded/harvest_quality_20260605_unzipped/source_package_bundles/HUNTS_harvest_truth_and_overlay_packages_for_codex/conservation_overlay_truth_2026_species_corrected.zip"" in bucket ""uoga-data"". Upload complete."
"2026-06-05T19:37:09.2666192Z","UPLOADED","..\..\R2_OFFLOAD_TEMP\hq_20260605T192909Z\source_package_bundles\HUNTS_harvest_truth_and_overlay_packages_for_codex\expo_hunt_code_reconciliation_user_corrected.zip","uoga-data","pipeline/R2_OFFLOAD/uploaded/harvest_quality_20260605_unzipped/source_package_bundles/HUNTS_harvest_truth_and_overlay_packages_for_codex/expo_hunt_code_reconciliation_user_corrected.zip","13713","796c3d882f791549a516b09fa4dfd7922fab6bdcf4579fa1d86780b18d5fa6b2","?? wrangler 4.95.0 (update available 4.98.0) ????????????????????????????????????????????? Resource location: remote   Creating object ""pipeline/R2_OFFLOAD/uploaded/harvest_quality_20260605_unzipped/source_package_bundles/HUNTS_harvest_truth_and_overlay_packages_for_codex/expo_hunt_code_reconciliation_user_corrected.zip"" in bucket ""uoga-data"". Upload complete."
"2026-06-05T19:37:11.3747589Z","UPLOADED","..\..\R2_OFFLOAD_TEMP\hq_20260605T192909Z\source_package_bundles\HUNTS_harvest_truth_and_overlay_packages_for_codex\full_joined_harvest_backcheck_conservation_annual_per_row_corrected.zip","uoga-data","pipeline/R2_OFFLOAD/uploaded/harvest_quality_20260605_unzipped/source_package_bundles/HUNTS_harvest_truth_and_overlay_packages_for_codex/full_joined_harvest_backcheck_conservation_annual_per_row_corrected.zip","370304","f199ea20404562baafe5e36853dcc67f3f800ca05791472575bec9e014bded85","?? wrangler 4.95.0 (update available 4.98.0) ????????????????????????????????????????????? Resource location: remote   Creating object ""pipeline/R2_OFFLOAD/uploaded/harvest_quality_20260605_unzipped/source_package_bundles/HUNTS_harvest_truth_and_overlay_packages_for_codex/full_joined_harvest_backcheck_conservation_annual_per_row_corrected.zip"" in bucket ""uoga-data"". Upload complete."
"2026-06-05T19:37:13.3314525Z","UPLOADED","..\..\R2_OFFLOAD_TEMP\hq_20260605T192909Z\source_package_bundles\HUNTS_harvest_truth_and_overlay_packages_for_codex\harvest_results_2021_for_2022_database.zip","uoga-data","pipeline/R2_OFFLOAD/uploaded/harvest_quality_20260605_unzipped/source_package_bundles/HUNTS_harvest_truth_and_overlay_packages_for_codex/harvest_results_2021_for_2022_database.zip","283307","0e7a04ffa60f2773508f168ec469eeb0e7f1f41f77e6be292068ec11260a9518","?? wrangler 4.95.0 (update available 4.98.0) ????????????????????????????????????????????? Resource location: remote   Creating object ""pipeline/R2_OFFLOAD/uploaded/harvest_quality_20260605_unzipped/source_package_bundles/HUNTS_harvest_truth_and_overlay_packages_for_codex/harvest_results_2021_for_2022_database.zip"" in bucket ""uoga-data"". Upload complete."
"2026-06-05T19:37:15.3878508Z","UPLOADED","..\..\R2_OFFLOAD_TEMP\hq_20260605T192909Z\source_package_bundles\HUNTS_harvest_truth_and_overlay_packages_for_codex\harvest_results_2022_for_2023_database.zip","uoga-data","pipeline/R2_OFFLOAD/uploaded/harvest_quality_20260605_unzipped/source_package_bundles/HUNTS_harvest_truth_and_overlay_packages_for_codex/harvest_results_2022_for_2023_database.zip","253458","f71fb23a127652b3aed7d058bcc445282d7362329bde99eff464c66985f3d9d0","?? wrangler 4.95.0 (update available 4.98.0) ????????????????????????????????????????????? Resource location: remote   Creating object ""pipeline/R2_OFFLOAD/uploaded/harvest_quality_20260605_unzipped/source_package_bundles/HUNTS_harvest_truth_and_overlay_packages_for_codex/harvest_results_2022_for_2023_database.zip"" in bucket ""uoga-data"". Upload complete."
"2026-06-05T19:37:17.3403564Z","UPLOADED","..\..\R2_OFFLOAD_TEMP\hq_20260605T192909Z\source_package_bundles\HUNTS_harvest_truth_and_overlay_packages_for_codex\harvest_results_2023_all_species_database.zip","uoga-data","pipeline/R2_OFFLOAD/uploaded/harvest_quality_20260605_unzipped/source_package_bundles/HUNTS_harvest_truth_and_overlay_packages_for_codex/harvest_results_2023_all_species_database.zip","187725","199d04c0194391e96aeaca66104e1a204415364b6192b6ce54aea4a8eb60fb0e","?? wrangler 4.95.0 (update available 4.98.0) ????????????????????????????????????????????? Resource location: remote   Creating object ""pipeline/R2_OFFLOAD/uploaded/harvest_quality_20260605_unzipped/source_package_bundles/HUNTS_harvest_truth_and_overlay_packages_for_codex/harvest_results_2023_all_species_database.zip"" in bucket ""uoga-data"". Upload complete."
"2026-06-05T19:37:19.6578830Z","UPLOADED","..\..\R2_OFFLOAD_TEMP\hq_20260605T192909Z\source_package_bundles\HUNTS_harvest_truth_and_overlay_packages_for_codex\harvest_results_2024_for_2025_black_bear_supplement.zip","uoga-data","pipeline/R2_OFFLOAD/uploaded/harvest_quality_20260605_unzipped/source_package_bundles/HUNTS_harvest_truth_and_overlay_packages_for_codex/harvest_results_2024_for_2025_black_bear_supplement.zip","624204","7abc2efbada2d0ae432ccf78d735e9f6007790fd250edd73f4e309a91b35a98a","?? wrangler 4.95.0 (update available 4.98.0) ????????????????????????????????????????????? Resource location: remote   Creating object ""pipeline/R2_OFFLOAD/uploaded/harvest_quality_20260605_unzipped/source_package_bundles/HUNTS_harvest_truth_and_overlay_packages_for_codex/harvest_results_2024_for_2025_black_bear_supplement.zip"" in bucket ""uoga-data"". Upload complete."
"2026-06-05T19:37:21.9168327Z","UPLOADED","..\..\R2_OFFLOAD_TEMP\hq_20260605T192909Z\source_package_bundles\HUNTS_harvest_truth_and_overlay_packages_for_codex\harvest_results_2024_for_2025_database.zip","uoga-data","pipeline/R2_OFFLOAD/uploaded/harvest_quality_20260605_unzipped/source_package_bundles/HUNTS_harvest_truth_and_overlay_packages_for_codex/harvest_results_2024_for_2025_database.zip","795963","296054c47069bc2f897af98d8d48e89421fba329d6e095b99ff54b7b005638b4","?? wrangler 4.95.0 (update available 4.98.0) ????????????????????????????????????????????? Resource location: remote   Creating object ""pipeline/R2_OFFLOAD/uploaded/harvest_quality_20260605_unzipped/source_package_bundles/HUNTS_harvest_truth_and_overlay_packages_for_codex/harvest_results_2024_for_2025_database.zip"" in bucket ""uoga-data"". Upload complete."
"2026-06-05T19:37:24.0790993Z","UPLOADED","..\..\R2_OFFLOAD_TEMP\hq_20260605T192909Z\source_package_bundles\HUNTS_harvest_truth_and_overlay_packages_for_codex\harvest_results_2024_for_2025_elk_age_supplement.zip","uoga-data","pipeline/R2_OFFLOAD/uploaded/harvest_quality_20260605_unzipped/source_package_bundles/HUNTS_harvest_truth_and_overlay_packages_for_codex/harvest_results_2024_for_2025_elk_age_supplement.zip","383179","7867fbd2278f3009f66b596c00283139b5159e997dd58577eb883ebe931900ab","?? wrangler 4.95.0 (update available 4.98.0) ????????????????????????????????????????????? Resource location: remote   Creating object ""pipeline/R2_OFFLOAD/uploaded/harvest_quality_20260605_unzipped/source_package_bundles/HUNTS_harvest_truth_and_overlay_packages_for_codex/harvest_results_2024_for_2025_elk_age_supplement.zip"" in bucket ""uoga-data"". Upload complete."
"2026-06-05T19:37:26.1984008Z","UPLOADED","..\..\R2_OFFLOAD_TEMP\hq_20260605T192909Z\source_package_bundles\HUNTS_harvest_truth_and_overlay_packages_for_codex\harvest_results_2024_for_2025_extra_oil_supplement.zip","uoga-data","pipeline/R2_OFFLOAD/uploaded/harvest_quality_20260605_unzipped/source_package_bundles/HUNTS_harvest_truth_and_overlay_packages_for_codex/harvest_results_2024_for_2025_extra_oil_supplement.zip","440751","993ab3d452b380576e483c7befce77649928f86f8484259376b285c2b824b28e","?? wrangler 4.95.0 (update available 4.98.0) ????????????????????????????????????????????? Resource location: remote   Creating object ""pipeline/R2_OFFLOAD/uploaded/harvest_quality_20260605_unzipped/source_package_bundles/HUNTS_harvest_truth_and_overlay_packages_for_codex/harvest_results_2024_for_2025_extra_oil_supplement.zip"" in bucket ""uoga-data"". Upload complete."
"2026-06-05T19:37:28.4369635Z","UPLOADED","..\..\R2_OFFLOAD_TEMP\hq_20260605T192909Z\source_package_bundles\HUNTS_harvest_truth_and_overlay_packages_for_codex\harvest_results_2025_for_2026_database.zip","uoga-data","pipeline/R2_OFFLOAD/uploaded/harvest_quality_20260605_unzipped/source_package_bundles/HUNTS_harvest_truth_and_overlay_packages_for_codex/harvest_results_2025_for_2026_database.zip","268944","0cb91d01faec5555798fe020402180adca85a264ccfeb1e0b6d882df00b3f5d7","?? wrangler 4.95.0 (update available 4.98.0) ????????????????????????????????????????????? Resource location: remote   Creating object ""pipeline/R2_OFFLOAD/uploaded/harvest_quality_20260605_unzipped/source_package_bundles/HUNTS_harvest_truth_and_overlay_packages_for_codex/harvest_results_2025_for_2026_database.zip"" in bucket ""uoga-data"". Upload complete."
"2026-06-05T19:37:30.4048839Z","UPLOADED","..\..\R2_OFFLOAD_TEMP\hq_20260605T192909Z\source_package_bundles\HUNTS_harvest_truth_and_overlay_packages_for_codex\hunt_code_year_backcheck_outputs.zip","uoga-data","pipeline/R2_OFFLOAD/uploaded/harvest_quality_20260605_unzipped/source_package_bundles/HUNTS_harvest_truth_and_overlay_packages_for_codex/hunt_code_year_backcheck_outputs.zip","257525","fa37eaa8741e453c3177523ee8154fe4873245333ff9170a553a9af1988d6cdb","?? wrangler 4.95.0 (update available 4.98.0) ????????????????????????????????????????????? Resource location: remote   Creating object ""pipeline/R2_OFFLOAD/uploaded/harvest_quality_20260605_unzipped/source_package_bundles/HUNTS_harvest_truth_and_overlay_packages_for_codex/hunt_code_year_backcheck_outputs.zip"" in bucket ""uoga-data"". Upload complete."
"2026-06-05T19:37:32.4137972Z","UPLOADED","..\..\R2_OFFLOAD_TEMP\hq_20260605T192909Z\source_package_bundles\HUNTS_harvest_truth_and_overlay_packages_for_codex\turkey_harvest_results_2023_24_for_2025_database.zip","uoga-data","pipeline/R2_OFFLOAD/uploaded/harvest_quality_20260605_unzipped/source_package_bundles/HUNTS_harvest_truth_and_overlay_packages_for_codex/turkey_harvest_results_2023_24_for_2025_database.zip","22612","237764be4747a5911ba22acc08799509cbdd207d4f9ba327812aa014d73503f6","?? wrangler 4.95.0 (update available 4.98.0) ????????????????????????????????????????????? Resource location: remote   Creating object ""pipeline/R2_OFFLOAD/uploaded/harvest_quality_20260605_unzipped/source_package_bundles/HUNTS_harvest_truth_and_overlay_packages_for_codex/turkey_harvest_results_2023_24_for_2025_database.zip"" in bucket ""uoga-data"". Upload complete."
"2026-06-05T19:37:34.7975575Z","UPLOADED","..\..\R2_OFFLOAD_TEMP\hq_20260605T192909Z\source_package_bundles\HUNTS_harvest_truth_and_overlay_packages_for_codex\turkey_harvest_results_2024_25_for_2026_database.zip","uoga-data","pipeline/R2_OFFLOAD/uploaded/harvest_quality_20260605_unzipped/source_package_bundles/HUNTS_harvest_truth_and_overlay_packages_for_codex/turkey_harvest_results_2024_25_for_2026_database.zip","32453","3e7775a814b7bc8cb0e33c37918a50ab27e850e1f86270ca4ee36a4dece71d74","?? wrangler 4.95.0 (update available 4.98.0) ????????????????????????????????????????????? Resource location: remote   Creating object ""pipeline/R2_OFFLOAD/uploaded/harvest_quality_20260605_unzipped/source_package_bundles/HUNTS_harvest_truth_and_overlay_packages_for_codex/turkey_harvest_results_2024_25_for_2026_database.zip"" in bucket ""uoga-data"". Upload complete."
